Current(mA),Voltage(mV),dI(mA),dV(mV),Power(W),RawCapacity(mAh),T(C),SOC
0,4195.6,0,0,0,0,8.3,1
0,4194.8,0,-0.8,0,0,8.3,1
0,4194.2,0,-0.6,0,0,8.3,1
0,4193.7,0,-0.5,0,0,8.3,1
0,4193.3,0,-0.4,0,0,8.3,1
0,4193,0,-0.3,0,0,8.3,1
0,4192.6,0,-0.4,0,0,8.3,1
0,4192.3,0,-0.3,0,0,8.3,1
0,4192.1,0,-0.2,0,0,8.3,1
0,4191.8,0,-0.3,0,0,8.3,1
0,4191.5,0,-0.3,0,0,8.3,1
0,4191.3,0,-0.2,0,0,8.3,1
0,4191,0,-0.3,0,0,8.3,1
0,4190.8,0,-0.2,0,0,8.3,1
0,4190.5,0,-0.3,0,0,8.3,1
0,4190.3,0,-0.2,0,0,8.3,1
0,4190.1,0,-0.2,0,0,8.3,1
0,4189.9,0,-0.2,0,0,8.3,1
0,4189.7,0,-0.2,0,0,8.3,1
0,4189.4,0,-0.3,0,0,8.3,1
0,4189.3,0,-0.1,0,0,8.3,1
0,4189.1,0,-0.2,0,0,8.3,1
0,4188.9,0,-0.2,0,0,8.3,1
0,4188.7,0,-0.2,0,0,8.3,1
0,4188.5,0,-0.2,0,0,8.3,1
0,4188.3,0,-0.2,0,0,8.3,1
0,4188.1,0,-0.2,0,0,8.3,1
0,4188,0,-0.1,0,0,8.3,1
0,4187.8,0,-0.2,0,0,8.3,1
0,4187.6,0,-0.2,0,0,8.3,1
0,4187.5,0,-0.1,0,0,8.3,1
0,4187.3,0,-0.2,0,0,8.3,1
0,4187.1,0,-0.2,0,0,8.3,1
0,4187,0,-0.1,0,0,8.3,1
0,4186.8,0,-0.2,0,0,8.3,1
0,4186.6,0,-0.2,0,0,8.3,1
0,4186.5,0,-0.1,0,0,8.3,1
0,4186.4,0,-0.1,0,0,8.3,1
0,4186.2,0,-0.2,0,0,8.3,1
0,4186.1,0,-0.1,0,0,8.3,1
0,4185.9,0,-0.2,0,0,8.3,1
0,4185.7,0,-0.2,0,0,8.3,1
0,4185.6,0,-0.1,0,0,8.3,1
0,4185.5,0,-0.1,0,0,8.3,1
0,4185.3,0,-0.2,0,0,8.3,1
0,4185.2,0,-0.1,0,0,8.3,1
0,4185,0,-0.2,0,0,8.3,1
0,4184.9,0,-0.1,0,0,8.3,1
0,4184.8,0,-0.1,0,0,8.3,1
0,4184.6,0,-0.2,0,0,8.3,1
0,4184.5,0,-0.1,0,0,8.3,1
0,4184.3,0,-0.2,0,0,8.3,1
0,4184.2,0,-0.1,0,0,8.3,1
0,4184.1,0,-0.1,0,0,8.3,1
0,4183.9,0,-0.2,0,0,8.3,1
0,4183.8,0,-0.1,0,0,8.3,1
0,4183.7,0,-0.1,0,0,8.3,1
0,4183.6,0,-0.1,0,0,8.3,1
0,4183.4,0,-0.2,0,0,8.3,1
0,4183.3,0,-0.1,0,0,8.3,1
0,4183.2,0,-0.1,0,0,8.3,1
0,4183.1,0,-0.1,0,0,8.3,1
0,4183,0,-0.1,0,0,8.3,1
0,4182.8,0,-0.2,0,0,8.3,1
0,4182.7,0,-0.1,0,0,8.3,1
0,4182.6,0,-0.1,0,0,8.3,1
0,4182.5,0,-0.1,0,0,8.3,1
0,4182.4,0,-0.1,0,0,8.3,1
0,4182.3,0,-0.1,0,0,8.3,1
0,4182.1,0,-0.2,0,0,8.3,1
0,4182,0,-0.1,0,0,8.3,1
0,4181.9,0,-0.1,0,0,8.3,1
0,4181.8,0,-0.1,0,0,8.3,1
0,4181.7,0,-0.1,0,0,8.3,1
0,4181.6,0,-0.1,0,0,8.3,1
0,4181.5,0,-0.1,0,0,8.3,1
0,4181.4,0,-0.1,0,0,8.3,1
0,4181.3,0,-0.1,0,0,8.3,1
0,4181.2,0,-0.1,0,0,8.3,1
0,4181.1,0,-0.1,0,0,8.3,1
0,4180.9,0,-0.2,0,0,8.3,1
0,4180.9,0,0,0,0,8.3,1
0,4180.7,0,-0.2,0,0,8.3,1
0,4180.7,0,0,0,0,8.3,1
0,4180.5,0,-0.2,0,0,8.3,1
0,4180.4,0,-0.1,0,0,8.3,1
0,4180.3,0,-0.1,0,0,8.3,1
0,4180.2,0,-0.1,0,0,8.3,1
0,4180.1,0,-0.1,0,0,8.3,1
0,4180,0,-0.1,0,0,8.3,1
0,4179.9,0,-0.1,0,0,8.3,1
0,4179.8,0,-0.1,0,0,8.3,1
0,4179.7,0,-0.1,0,0,8.3,1
0,4179.6,0,-0.1,0,0,8.3,1
0,4179.6,0,0,0,0,8.3,1
0,4179.5,0,-0.1,0,0,8.3,1
0,4179.4,0,-0.1,0,0,8.3,1
0,4179.2,0,-0.2,0,0,8.3,1
0,4179.1,0,-0.1,0,0,8.3,1
0,4179.1,0,0,0,0,8.3,1
0,4179,0,-0.1,0,0,8.3,1
0,4178.9,0,-0.1,0,0,8.3,1
0,4178.8,0,-0.1,0,0,8.3,1
0,4178.7,0,-0.1,0,0,8.3,1
0,4178.6,0,-0.1,0,0,8.3,1
0,4178.5,0,-0.1,0,0,8.3,1
0,4178.4,0,-0.1,0,0,8.3,1
0,4178.3,0,-0.1,0,0,8.3,1
0,4178.2,0,-0.1,0,0,8.3,1
0,4178.1,0,-0.1,0,0,8.3,1
0,4178.1,0,0,0,0,8.3,1
0,4178,0,-0.1,0,0,8.3,1
0,4177.9,0,-0.1,0,0,8.3,1
0,4177.8,0,-0.1,0,0,8.3,1
0,4177.7,0,-0.1,0,0,8.3,1
0,4177.6,0,-0.1,0,0,8.3,1
0,4177.5,0,-0.1,0,0,8.3,1
0,4177.5,0,0,0,0,8.3,1
0,4177.4,0,-0.1,0,0,8.3,1
0,4177.3,0,-0.1,0,0,8.3,1
0,4177.2,0,-0.1,0,0,8.3,1
0,4177.1,0,-0.1,0,0,8.3,1
0,4177,0,-0.1,0,0,8.3,1
0,4176.9,0,-0.1,0,0,8.3,1
0,4176.9,0,0,0,0,8.3,1
0,4176.8,0,-0.1,0,0,8.3,1
0,4176.7,0,-0.1,0,0,8.3,1
0,4176.6,0,-0.1,0,0,8.3,1
0,4176.6,0,0,0,0,8.3,1
0,4176.4,0,-0.2,0,0,8.3,1
0,4176.4,0,0,0,0,8.3,1
0,4176.3,0,-0.1,0,0,8.3,1
0,4176.2,0,-0.1,0,0,8.3,1
0,4176.1,0,-0.1,0,0,8.3,1
0,4176.1,0,0,0,0,8.3,1
0,4175.9,0,-0.2,0,0,8.3,1
0,4175.9,0,0,0,0,8.3,1
0,4175.8,0,-0.1,0,0,8.3,1
0,4175.7,0,-0.1,0,0,8.3,1
0,4175.7,0,0,0,0,8.3,1
0,4175.6,0,-0.1,0,0,8.3,1
0,4175.5,0,-0.1,0,0,8.3,1
0,4175.4,0,-0.1,0,0,8.3,1
0,4175.4,0,0,0,0,8.3,1
0,4175.3,0,-0.1,0,0,8.3,1
0,4175.2,0,-0.1,0,0,8.3,1
0,4175.1,0,-0.1,0,0,8.3,1
0,4175,0,-0.1,0,0,8.3,1
0,4175,0,0,0,0,8.3,1
0,4174.9,0,-0.1,0,0,8.3,1
0,4174.9,0,0,0,0,8.3,1
0,4174.8,0,-0.1,0,0,8.3,1
0,4174.7,0,-0.1,0,0,8.3,1
0,4174.6,0,-0.1,0,0,8.3,1
0,4174.5,0,-0.1,0,0,8.3,1
0,4174.5,0,0,0,0,8.3,1
0,4174.4,0,-0.1,0,0,8.3,1
0,4174.3,0,-0.1,0,0,8.3,1
0,4174.3,0,0,0,0,8.3,1
0,4174.2,0,-0.1,0,0,8.3,1
0,4174.1,0,-0.1,0,0,8.3,1
0,4174,0,-0.1,0,0,8.3,1
0,4174,0,0,0,0,8.3,1
0,4173.9,0,-0.1,0,0,8.3,1
0,4173.8,0,-0.1,0,0,8.3,1
0,4173.8,0,0,0,0,8.3,1
0,4173.7,0,-0.1,0,0,8.3,1
0,4173.6,0,-0.1,0,0,8.3,1
0,4173.5,0,-0.1,0,0,8.3,1
0,4173.5,0,0,0,0,8.3,1
0,4173.4,0,-0.1,0,0,8.3,1
0,4173.4,0,0,0,0,8.3,1
0,4173.3,0,-0.1,0,0,8.3,1
0,4173.2,0,-0.1,0,0,8.3,1
0,4173.1,0,-0.1,0,0,8.3,1
0,4173.1,0,0,0,0,8.3,1
0,4173,0,-0.1,0,0,8.3,1
0,4173,0,0,0,0,8.3,1
0,4172.9,0,-0.1,0,0,8.3,1
0,4172.8,0,-0.1,0,0,8.3,1
0,4172.7,0,-0.1,0,0,8.3,1
0,4172.7,0,0,0,0,8.3,1
0,4172.6,0,-0.1,0,0,8.3,1
0,4172.6,0,0,0,0,8.3,1
0,4172.5,0,-0.1,0,0,8.3,1
0,4172.4,0,-0.1,0,0,8.3,1
0,4172.4,0,0,0,0,8.3,1
0,4172.3,0,-0.1,0,0,8.3,1
0,4172.2,0,-0.1,0,0,8.3,1
0,4172.2,0,0,0,0,8.3,1
0,4172.1,0,-0.1,0,0,8.3,1
0,4172,0,-0.1,0,0,8.3,1
0,4172,0,0,0,0,8.3,1
0,4171.9,0,-0.1,0,0,8.3,1
0,4171.9,0,0,0,0,8.3,1
0,4171.8,0,-0.1,0,0,8.3,1
0,4171.7,0,-0.1,0,0,8.3,1
0,4171.7,0,0,0,0,8.3,1
0,4171.6,0,-0.1,0,0,8.3,1
0,4171.5,0,-0.1,0,0,8.3,1
0,4171.5,0,0,0,0,8.3,1
0,4171.4,0,-0.1,0,0,8.3,1
0,4171.4,0,0,0,0,8.3,1
0,4171.3,0,-0.1,0,0,8.3,1
0,4171.2,0,-0.1,0,0,8.3,1
0,4171.2,0,0,0,0,8.3,1
0,4171.1,0,-0.1,0,0,8.3,1
0,4171,0,-0.1,0,0,8.3,1
0,4171,0,0,0,0,8.3,1
0,4170.9,0,-0.1,0,0,8.3,1
0,4170.9,0,0,0,0,8.3,1
0,4170.8,0,-0.1,0,0,8.3,1
0,4170.8,0,0,0,0,8.3,1
0,4170.7,0,-0.1,0,0,8.3,1
0,4170.6,0,-0.1,0,0,8.3,1
0,4170.6,0,0,0,0,8.3,1
0,4170.5,0,-0.1,0,0,8.3,1
0,4170.5,0,0,0,0,8.3,1
0,4170.4,0,-0.1,0,0,8.3,1
0,4170.3,0,-0.1,0,0,8.3,1
0,4170.3,0,0,0,0,8.3,1
0,4170.2,0,-0.1,0,0,8.3,1
0,4170.2,0,0,0,0,8.3,1
0,4170.1,0,-0.1,0,0,8.3,1
0,4170,0,-0.1,0,0,8.3,1
0,4170,0,0,0,0,8.3,1
0,4169.9,0,-0.1,0,0,8.3,1
0,4169.9,0,0,0,0,8.3,1
0,4169.8,0,-0.1,0,0,8.3,1
0,4169.8,0,0,0,0,8.3,1
0,4169.7,0,-0.1,0,0,8.3,1
0,4169.7,0,0,0,0,8.3,1
0,4169.6,0,-0.1,0,0,8.3,1
0,4169.5,0,-0.1,0,0,8.3,1
0,4169.5,0,0,0,0,8.3,1
0,4169.4,0,-0.1,0,0,8.3,1
0,4169.4,0,0,0,0,8.3,1
0,4169.3,0,-0.1,0,0,8.3,1
0,4169.2,0,-0.1,0,0,8.3,1
0,4169.2,0,0,0,0,8.3,1
0,4169.1,0,-0.1,0,0,8.3,1
0,4169.1,0,0,0,0,8.3,1
0,4169.1,0,0,0,0,8.3,1
0,4169,0,-0.1,0,0,8.3,1
0,4168.9,0,-0.1,0,0,8.3,1
0,4168.9,0,0,0,0,8.3,1
0,4168.8,0,-0.1,0,0,8.3,1
0,4168.7,0,-0.1,0,0,8.3,1
0,4168.7,0,0,0,0,8.3,1
0,4168.6,0,-0.1,0,0,8.3,1
0,4168.6,0,0,0,0,8.3,1
0,4168.6,0,0,0,0,8.3,1
0,4168.5,0,-0.1,0,0,8.3,1
0,4168.4,0,-0.1,0,0,8.3,1
0,4168.4,0,0,0,0,8.3,1
0,4168.4,0,0,0,0,8.3,1
0,4168.3,0,-0.1,0,0,8.3,1
0,4168.3,0,0,0,0,8.3,1
0,4168.2,0,-0.1,0,0,8.3,1
0,4168.1,0,-0.1,0,0,8.3,1
0,4168.1,0,0,0,0,8.3,1
0,4168,0,-0.1,0,0,8.3,1
0,4168,0,0,0,0,8.3,1
0,4167.9,0,-0.1,0,0,8.3,1
0,4167.9,0,0,0,0,8.3,1
0,4167.8,0,-0.1,0,0,8.3,1
0,4167.8,0,0,0,0,8.3,1
0,4167.7,0,-0.1,0,0,8.3,1
0,4167.7,0,0,0,0,8.3,1
0,4167.6,0,-0.1,0,0,8.3,1
0,4167.6,0,0,0,0,8.3,1
0,4167.5,0,-0.1,0,0,8.3,1
0,4167.5,0,0,0,0,8.3,1
0,4167.4,0,-0.1,0,0,8.3,1
0,4167.4,0,0,0,0,8.3,1
0,4167.3,0,-0.1,0,0,8.3,1
0,4167.3,0,0,0,0,8.3,1
0,4167.2,0,-0.1,0,0,8.3,1
0,4167.2,0,0,0,0,8.3,1
0,4167.2,0,0,0,0,8.3,1
0,4167.1,0,-0.1,0,0,8.3,1
0,4167,0,-0.1,0,0,8.3,1
0,4167,0,0,0,0,8.3,1
0,4167,0,0,0,0,8.3,1
0,4166.9,0,-0.1,0,0,8.3,1
0,4166.9,0,0,0,0,8.3,1
0,4166.8,0,-0.1,0,0,8.3,1
0,4166.8,0,0,0,0,8.3,1
0,4166.7,0,-0.1,0,0,8.3,1
0,4166.7,0,0,0,0,8.3,1
0,4166.6,0,-0.1,0,0,8.3,1
0,4166.6,0,0,0,0,8.3,1
0,4166.5,0,-0.1,0,0,8.3,1
0,4166.5,0,0,0,0,8.3,1
0,4166.4,0,-0.1,0,0,8.3,1
0,4166.4,0,0,0,0,8.3,1
0,4166.3,0,-0.1,0,0,8.3,1
0,4166.3,0,0,0,0,8.3,1
0,4166.3,0,0,0,0,8.3,1
0,4166.2,0,-0.1,0,0,8.3,1
0,4166.1,0,-0.1,0,0,8.3,1
-2,4166.2,-2,0.1,-0.0083324,0,8.3,1
684,4111.3,686,-54.9,2.8121292,0.2,8.3,0.99983226
690.1,4106.1,6.1,-5.2,2.8336196,0.4,8.3,0.99966451
692.1,4102.3,2,-3.8,2.8392018,0.6,8.3,0.99949677
690.1,4099.2,-2,-3.1,2.8288579,0.8,8.3,0.99932903
687.1,4096.8,-3,-2.4,2.8149113,1,8.3,0.99916128
687,4094.3,-0.1,-2.5,2.8127841,1.1,8.3,0.99907741
689.1,4091.9,2.1,-2.4,2.8197283,1.3,8.3,0.99890967
688.1,4089.8,-1,-2.1,2.8141914,1.5,8.3,0.99874193
683.1,4088.2,-5,-1.6,2.7926494,1.7,8.3,0.99857418
686.1,4086.1,3,-2.1,2.8034732,1.9,8.3,0.99840644
687,4084.3,0.9,-1.8,2.8059141,2.1,8.3,0.9982387
689.1,4082.4,2.1,-1.9,2.8131818,2.3,8.3,0.99807096
691.1,4080.6,2,-1.8,2.8201027,2.5,8.3,0.99790321
693.1,4078.9,2,-1.7,2.8270856,2.7,8.3,0.99773547
685.1,4077.9,-8,-1,2.7937693,2.9,8.3,0.99756773
690,4076.1,4.9,-1.8,2.812509,3.1,8.3,0.99739998
687.1,4075,-2.9,-1.1,2.7999325,3.2,8.3,0.99731611
690.1,4073.4,3,-1.6,2.8110533,3.4,8.3,0.99714837
685.1,4072.4,-5,-1,2.7900012,3.6,8.3,0.99698063
748.1,4066.4,63,-6,3.0420738,3.8,8.3,0.99681288
807.1,4060.3,59,-6.1,3.2770681,4.1,8.3,0.99656127
864.1,4054.3,57,-6,3.5033206,4.3,8.3,0.99639353
861.1,4052.7,-3,-1.6,3.48978,4.5,8.3,0.99622578
871.1,4050.3,10,-2.4,3.5282163,4.8,8.3,0.99597417
856.2,4049.7,-14.9,-0.6,3.4673531,5,8.3,0.99580642
862.1,4047.8,5.9,-1.9,3.4896084,5.3,8.3,0.99555481
857.1,4046.7,-5,-1.1,3.4684266,5.5,8.3,0.99538707
859.1,4045.1,2,-1.6,3.4751454,5.7,8.3,0.99521932
862.1,4043.6,3,-1.5,3.4859876,6,8.3,0.99496771
863.1,4042.2,1,-1.4,3.4888228,6.2,8.3,0.99479997
862.1,4040.9,-1,-1.3,3.4836599,6.5,8.3,0.99454835
858.1,4040,-4,-0.9,3.466724,6.7,8.3,0.99438061
860.1,4038.7,2,-1.3,3.4736859,6.9,8.3,0.99421287
858.1,4037.7,-2,-1,3.4647504,7.2,8.3,0.99396125
865.1,4036,7,-1.7,3.4915436,7.4,8.3,0.99379351
803.1,4039.5,-62,3.5,3.2441225,7.6,8.3,0.99362577
749.1,4042.7,-54,3.2,3.0283866,7.8,8.3,0.99345802
752.1,4041.8,3,-0.9,3.0398378,8.1,8.3,0.99320641
749.1,4041.3,-3,-0.5,3.0273378,8.3,8.3,0.99303866
758.1,4039.9,9,-1.4,3.0626482,8.5,8.3,0.99287092
751.1,4039.6,-7,-0.3,3.0341436,8.7,8.3,0.99270318
745.1,4039.3,-6,-0.3,3.0096824,8.9,8.3,0.99253544
754.1,4038,9,-1.3,3.0450558,9.1,8.3,0.99236769
752.1,4037.3,-2,-0.7,3.0364533,9.3,8.3,0.99219995
754.1,4036.4,2,-0.9,3.0438492,9.5,8.3,0.99203221
751.1,4035.9,-3,-0.5,3.0313645,9.7,8.3,0.99186446
753,4035.1,1.9,-0.8,3.0384303,9.9,8.3,0.99169672
753.1,4034.3,0.1,-0.8,3.0382313,10.1,8.3,0.99152898
749.3,4033.9,-3.8,-0.4,3.0226013,10.4,8.3,0.99127736
747.9,4033.3,-1.4,-0.6,3.0165051,10.6,8.3,0.99110962
740.1,4033.2,-7.8,-0.1,2.9849713,10.8,8.3,0.99094188
740.1,4032.7,0,-0.5,2.9846013,11,8.3,0.99077413
730.1,4032.7,-10,0,2.9442743,11.2,8.3,0.99060639
734.1,4031.8,4,-0.9,2.9597444,11.4,8.3,0.99043865
737.1,4031,3,-0.8,2.9712501,11.6,8.3,0.9902709
733.1,4030.7,-4,-0.3,2.9549062,11.8,8.3,0.99010316
737.1,4029.8,4,-0.9,2.9703656,12,8.3,0.98993542
738.1,4029.1,1,-0.7,2.9738787,12.2,8.3,0.98976768
738.1,4028.5,0,-0.6,2.9734358,12.4,8.3,0.98959993
734.1,4028.2,-4,-0.3,2.9571016,12.6,8.3,0.98943219
737.1,4027.4,3,-0.8,2.9685965,12.8,8.3,0.98926445
737,4026.8,-0.1,-0.6,2.9677516,13,8.3,0.9890967
735.1,4026.3,-1.9,-0.5,2.9597331,13.2,8.3,0.98892896
732.1,4026,-3,-0.3,2.9474346,13.4,8.3,0.98876122
735.1,4025.3,3,-0.7,2.958998,13.6,8.3,0.98859347
742,4024.2,6.9,-1.1,2.9859564,13.8,8.3,0.98842573
757.1,4022.5,15.1,-1.7,3.0454348,14,8.3,0.98825799
769.1,4021,12,-1.5,3.0925511,14.3,8.3,0.98800637
768.1,4020.5,-1,-0.5,3.0881461,14.5,8.3,0.98783863
763.1,4020.2,-5,-0.3,3.0678146,14.7,8.3,0.98767089
771.1,4019,8,-1.2,3.0990509,14.9,8.3,0.98750315
765.1,4018.9,-6,-0.1,3.0748604,15.1,8.3,0.9873354
764.1,4018.4,-1,-0.5,3.0704594,15.3,8.3,0.98716766
761.1,4018.1,-3,-0.3,3.0581759,15.5,8.3,0.98699992
769.1,4016.9,8,-1.2,3.0893978,15.7,8.3,0.98683217
768.1,4016.5,-1,-0.4,3.0850737,16,8.3,0.98658056
776.1,4015.3,8,-1.2,3.1162743,16.2,8.3,0.98641282
768.2,4015.3,-7.9,0,3.0845535,16.4,8.3,0.98624507
721.1,4018.3,-47.1,3,2.8975961,16.6,8.3,0.98607733
668.1,4021.8,-53,3.5,2.6869646,16.8,8.3,0.98590959
627.1,4024.7,-41,2.9,2.5238894,16.9,8.3,0.98582572
586.1,4027.7,-41,3,2.360635,17.1,8.3,0.98565797
531.1,4031.7,-55,4,2.1412359,17.3,8.3,0.98549023
492.1,4034.7,-39,3,1.9854759,17.4,8.3,0.98540636
444.1,4038.5,-48,3.8,1.7934979,17.5,8.3,0.98532249
441.1,4039,-3,0.5,1.7816029,17.6,8.3,0.98523861
442.1,4039.2,1,0.2,1.7857303,17.8,8.3,0.98507087
439.1,4039.6,-3,0.4,1.7737884,17.9,8.3,0.984987
445.1,4039.2,6,-0.4,1.7978479,18,8.3,0.98490313
442.1,4039.5,-3,0.3,1.785863,18.1,8.3,0.98481926
446.1,4039.3,4,-0.2,1.8019317,18.3,8.3,0.98465151
522.1,4033.7,76,-5.6,2.1059948,18.4,8.3,0.98456764
601,4027.6,78.9,-6.1,2.4205876,18.6,8.3,0.9843999
686,4020.8,85,-6.8,2.7582688,18.8,8.3,0.98423216
762.1,4014.5,76.1,-6.3,3.0594504,19,8.3,0.98406441
763.1,4013.5,1,-1,3.0627018,19.2,8.3,0.98389667
770,4012.2,6.9,-1.3,3.089394,19.4,8.3,0.98372893
758.1,4012.3,-11.9,0.1,3.0417246,19.6,8.3,0.98356118
763.1,4011.3,5,-1,3.061023,19.8,8.3,0.98339344
757.1,4011.2,-6,-0.1,3.0368795,20,8.3,0.9832257
769.1,4009.8,12,-1.4,3.0839372,20.2,8.3,0.98305796
761.1,4009.7,-8,-0.1,3.0517827,20.5,8.3,0.98280634
764.1,4009,3,-0.7,3.0632769,20.7,8.3,0.9826386
760.1,4008.8,-4,-0.2,3.0470889,20.9,8.3,0.98247085
757.1,4008.5,-3,-0.3,3.0348353,21.1,8.3,0.98230311
51,4059.9,-706.1,51.4,0.2070549,21.1,8.3,0.98230311
53,4061.9,2,2,0.2152807,21.1,8.3,0.98230311
51,4063.6,-2,1.7,0.2072436,21.1,8.3,0.98230311
48,4065.1,-3,1.5,0.1951248,21.1,8.3,0.98230311
51,4066,3,0.9,0.207366,21.2,8.4,0.98221924
52,4066.9,1,0.9,0.2114788,21.2,8.4,0.98221924
47,4068.1,-5,1.2,0.1912007,21.2,8.4,0.98221924
52,4068.6,5,0.5,0.2115672,21.2,8.4,0.98221924
45,4069.8,-7,1.2,0.183141,21.2,8.3,0.98221924
43,4070.6,-2,0.8,0.1750358,21.2,8.3,0.98221924
37,4071.8,-6,1.2,0.1506566,21.2,8.3,0.98221924
42,4072.1,5,0.3,0.1710282,21.2,8.3,0.98221924
33,4073.4,-9,1.3,0.1344222,21.3,8.3,0.98213537
30,4074.2,-3,0.8,0.122226,21.3,8.3,0.98213537
22,4075.4,-8,1.2,0.0896588,21.3,8.3,0.98213537
28,4075.5,6,0.1,0.114114,21.3,8.3,0.98213537
21,4076.6,-7,1.1,0.0856086,21.3,8.3,0.98213537
24,4076.9,3,0.3,0.0978456,21.3,8.4,0.98213537
22,4077.6,-2,0.7,0.0897072,21.3,8.4,0.98213537
17,4078.4,-5,0.8,0.0693328,21.3,8.4,0.98213537
23,4078.5,6,0.1,0.0938055,21.3,8.4,0.98213537
26,4078.7,3,0.2,0.1060462,21.3,8.4,0.98213537
26,4079.2,0,0.5,0.1060592,21.3,8.4,0.98213537
23,4079.8,-3,0.6,0.0938354,21.3,8.3,0.98213537
28,4079.8,5,0,0.1142344,21.3,8.3,0.98213537
21,4080.7,-7,0.9,0.0856947,21.3,8.4,0.98213537
22,4081.1,1,0.4,0.0897842,21.3,8.4,0.98213537
26,4081.2,4,0.1,0.1061112,21.4,8.4,0.9820515
17,4082.2,-9,1,0.0693974,21.4,8.4,0.9820515
24,4082.1,7,-0.1,0.0979704,21.4,8.4,0.9820515
33,4081.8,9,-0.3,0.1346994,21.4,8.3,0.9820515
27,4082.5,-6,0.7,0.1102275,21.4,8.4,0.9820515
27,4082.9,0,0.4,0.1102383,21.4,8.4,0.9820515
26,4083.3,-1,0.4,0.1061658,21.4,8.3,0.9820515
29,4083.4,3,0.1,0.1184186,21.4,8.3,0.9820515
28,4083.7,-1,0.3,0.1143436,21.4,8.3,0.9820515
24,4084.3,-4,0.6,0.0980232,21.4,8.3,0.9820515
32,4084,8,-0.3,0.130688,21.4,8.3,0.9820515
24,4084.9,-8,0.9,0.0980376,21.4,8.4,0.9820515
31,4084.7,7,-0.2,0.1266257,21.4,8.4,0.9820515
26,4085.3,-5,0.6,0.1062178,21.5,8.4,0.98196763
23,4085.8,-3,0.5,0.0939734,21.5,8.4,0.98196763
23,4086.1,0,0.3,0.0939803,21.5,8.4,0.98196763
25,4086.2,2,0.1,0.102155,21.5,8.4,0.98196763
20,4086.8,-5,0.6,0.081736,21.5,8.4,0.98196763
23,4086.9,3,0.1,0.0939987,21.5,8.4,0.98196763
26,4086.9,3,0,0.1062594,21.5,8.4,0.98196763
22,4087.5,-4,0.6,0.089925,21.5,8.4,0.98196763
22,4087.7,0,0.2,0.0899294,21.5,8.4,0.98196763
24,4087.8,2,0.1,0.0981072,21.5,8.4,0.98196763
26,4087.9,2,0.1,0.1062854,21.5,8.4,0.98196763
27,4088,1,0.1,0.110376,21.5,8.4,0.98196763
24,4088.5,-3,0.5,0.098124,21.5,8.4,0.98196763
25,4088.6,1,0.1,0.102215,21.5,8.4,0.98196763
28,4088.6,3,0,0.1144808,21.5,8.4,0.98196763
23,4089.1,-5,0.5,0.0940493,21.6,8.4,0.98188375
26,4089.2,3,0.1,0.1063192,21.6,8.4,0.98188375
30,4089,4,-0.2,0.12267,21.6,8.4,0.98188375
26,4089.5,-4,0.5,0.106327,21.6,8.4,0.98188375
24,4089.9,-2,0.4,0.0981576,21.6,8.4,0.98188375
24,4090.1,0,0.2,0.0981624,21.6,8.4,0.98188375
26,4090.1,2,0,0.1063426,21.6,8.4,0.98188375
22,4090.6,-4,0.5,0.0899932,21.6,8.4,0.98188375
27,4090.4,5,-0.2,0.1104408,21.6,8.4,0.98188375
25,4090.7,-2,0.3,0.1022675,21.6,8.4,0.98188375
25,4090.9,0,0.2,0.1022725,21.6,8.4,0.98188375
28,4090.9,3,0,0.1145452,21.6,8.4,0.98188375
23,4091.4,-5,0.5,0.0941022,21.6,8.4,0.98188375
24,4091.5,1,0.1,0.098196,21.6,8.4,0.98188375
28,4091.3,4,-0.2,0.1145564,21.6,8.4,0.98188375
28,4091.5,0,0.2,0.114562,21.7,8.4,0.98179988
26,4091.8,-2,0.3,0.1063868,21.7,8.4,0.98179988
21,4092.3,-5,0.5,0.0859383,21.7,8.4,0.98179988
20,4092.6,-1,0.3,0.081852,21.7,8.4,0.98179988
26,4092.3,6,-0.3,0.1063998,21.7,8.4,0.98179988
20,4092.9,-6,0.6,0.081858,21.7,8.4,0.98179988
19,4093.1,-1,0.2,0.0777689,21.7,8.4,0.98179988
26,4092.8,7,-0.3,0.1064128,21.7,8.4,0.98179988
25,4093,-1,0.2,0.102325,21.7,8.4,0.98179988
25,4093.1,0,0.1,0.1023275,21.7,8.4,0.98179988
17,4093.8,-8,0.7,0.0695946,21.7,8.4,0.98179988
27,4093.3,10,-0.5,0.1105191,21.7,8.4,0.98179988
24,4093.6,-3,0.3,0.0982464,21.7,8.4,0.98179988
25,4093.7,1,0.1,0.1023425,21.7,8.4,0.98179988
26,4093.7,1,0,0.1064362,21.7,8.4,0.98179988
25,4093.9,-1,0.2,0.1023475,21.8,8.4,0.98171601
23,4094.2,-2,0.3,0.0941666,21.8,8.4,0.98171601
23,4094.3,0,0.1,0.0941689,21.8,8.4,0.98171601
25,4094.3,2,0,0.1023575,21.8,8.4,0.98171601
20,4094.8,-5,0.5,0.081896,21.8,8.4,0.98171601
29,4094.2,9,-0.6,0.1187318,21.8,8.4,0.98171601
28,4094.4,-1,0.2,0.1146432,21.8,8.4,0.98171601
29,4094.4,1,0,0.1187376,21.8,8.4,0.98171601
350,4070.6,321,-23.8,1.42471,21.9,8.4,0.98163214
676.1,4045.1,326.1,-25.5,2.7348921,22.1,8.4,0.9814644
997,4019.1,320.9,-26,4.0070427,22.4,8.4,0.98121278
1319,3992.5,322,-26.6,5.2661075,22.7,8.4,0.98096117
1641,3965.3,322,-27.2,6.5070573,23.2,8.4,0.98054181
1644,3961,3,-4.3,6.511884,23.6,8.4,0.98020632
1640.1,3957.8,-3.9,-3.2,6.4911878,24.1,8.4,0.97978697
1639.1,3954.8,-1,-3,6.4823127,24.6,8.4,0.97936761
1643.1,3951.7,4,-3.1,6.4930383,25,8.4,0.97903212
1648.1,3948.7,5,-3,6.5078525,25.5,8.4,0.97861277
1644.1,3946.5,-4,-2.2,6.4884406,25.9,8.4,0.97827728
1644,3944.2,-0.1,-2.3,6.4842648,26.4,8.4,0.97785792
1642,3942.2,-2,-2,6.4730924,26.8,8.4,0.97752244
1646.1,3939.9,4.1,-2.3,6.4854694,27.3,8.4,0.97710308
1619.1,3939.8,-27,-0.1,6.3789302,27.7,8.4,0.97676759
1594.2,3939.8,-24.9,0,6.2808292,28.2,8.4,0.97634823
1582.1,3938.9,-12.1,-0.9,6.2317337,28.6,8.4,0.97601275
1575.1,3937.8,-7,-1.1,6.2024288,29.1,8.4,0.97559339
1568.1,3936.8,-7,-1,6.1732961,29.5,8.4,0.9752579
1524.1,3938.4,-44,1.6,6.0025154,29.9,8.4,0.97492242
1474.1,3940.7,-50,2.3,5.8089859,30.3,8.4,0.97458693
1421.1,3943.3,-53,2.6,5.6038236,30.7,8.4,0.97425145
1368.1,3946.1,-53,2.8,5.3986594,31.1,8.4,0.97391596
1317.1,3948.9,-51,2.8,5.2010962,31.5,8.4,0.97358047
1262.1,3952,-55,3.1,4.9878192,31.8,8.4,0.97332886
1260.1,3951.5,-2,-0.5,4.9792851,32.2,8.4,0.97299337
1265.1,3950.4,5,-1.1,4.997651,32.5,8.4,0.97274176
544.1,4001.8,-721,51.4,2.1773794,32.7,8.4,0.97257402
542.1,4003.5,-2,1.7,2.1702974,32.8,8.4,0.97249015
549.1,4004,7,0.5,2.1985964,33,8.4,0.9723224
544.1,4005.1,-5,1.1,2.1791749,33.1,8.4,0.97223853
548.1,4005.3,4,0.2,2.1953049,33.3,8.4,0.97207079
547.1,4005.9,-1,0.6,2.1916279,33.4,8.4,0.97198692
545.1,4006.3,-2,0.4,2.1838341,33.6,8.4,0.97181917
546,4006.6,0.9,0.3,2.1876036,33.7,8.4,0.9717353
540.1,4007.2,-5.9,0.6,2.1642887,33.9,8.4,0.97156756
552.1,4006.6,12,-0.6,2.2120439,34,8.4,0.97148369
547.1,4007.1,-5,0.5,2.1922844,34.2,8.4,0.97131594
540.2,4007.8,-6.9,0.7,2.1650136,34.3,8.4,0.97123207
545.1,4007.6,4.9,-0.2,2.1845428,34.5,8.4,0.97106433
546.1,4007.6,1,0,2.1885504,34.6,8.4,0.97098046
545.1,4007.7,-1,0.1,2.1845973,34.8,8.4,0.97081271
543.1,4007.9,-2,0.2,2.1766905,35,8.4,0.97064497
545.1,4007.8,2,-0.1,2.1846518,35.1,8.4,0.9705611
546.1,4007.8,1,0,2.1886596,35.3,8.4,0.97039336
543.2,4008,-2.9,0.2,2.1771456,35.4,8.4,0.97030949
326.2,4023.8,-217,15.8,1.3125636,35.5,8.4,0.97022561
324.1,4024.6,-2.1,0.8,1.3043729,35.6,8.4,0.97014174
320.1,4025.5,-4,0.9,1.2885625,35.7,8.4,0.97005787
321.1,4025.9,1,0.4,1.2927165,35.8,8.4,0.969974
322.1,4026.2,1,0.3,1.296839,35.9,8.4,0.96989013
322.1,4026.6,0,0.4,1.2969679,35.9,8.4,0.96989013
320.1,4027,-2,0.4,1.2890427,36,8.4,0.96980626
318.1,4027.5,-2,0.5,1.2811477,36.1,8.4,0.96972239
318.1,4027.8,0,0.3,1.2812432,36.2,8.4,0.96963851
323.1,4027.8,5,0,1.3013822,36.3,8.4,0.96955464
317.1,4028.4,-6,0.6,1.2774056,36.4,8.4,0.96947077
321.1,4028.4,4,0,1.2935192,36.5,8.4,0.9693869
320.1,4028.7,-1,0.3,1.2895869,36.6,8.4,0.96930303
326.1,4028.4,6,-0.3,1.3136612,36.7,8.4,0.96921916
317.1,4029.3,-9,0.9,1.277691,36.7,8.4,0.96921916
320.1,4029.2,3,-0.1,1.2897469,36.8,8.4,0.96913528
667.1,4004.2,347,-25,2.6712018,37,8.4,0.96896754
1011.1,3978.3,344,-25.9,4.0224591,37.3,8.4,0.96871593
1361.1,3951.1,350,-27.2,5.3778422,37.7,8.4,0.96838044
1704.9,3923.8,343.8,-27.3,6.6896866,38.2,8.4,0.96796108
2051,3896,346.1,-27.8,7.990696,38.7,8.4,0.96754173
2051,3892.3,0,-3.7,7.9831073,39.3,8.4,0.9670385
2054,3889.1,3,-3.2,7.9882114,39.9,8.4,0.96653527
1756.1,3907.5,-297.9,18.4,6.8619608,40.3,8.4,0.96619978
1471.2,3926.2,-284.9,18.7,5.7762254,40.8,8.4,0.96578042
1179.1,3946.2,-292.1,20,4.6529644,41.1,8.4,0.96552881
889.2,3967,-289.9,20.8,3.5274564,41.3,8.4,0.96536107
603.1,3988.1,-286.1,21.1,2.4052231,41.5,8.4,0.96519332
312.1,4010.2,-291,22.1,1.2515834,41.6,8.4,0.96510945
21,4032.8,-291.1,22.6,0.0846888,41.6,8.4,0.96510945
13,4035.6,-8,2.8,0.0524628,41.6,8.4,0.96510945
19,4036.9,6,1.3,0.0767011,41.6,8.4,0.96510945
21,4038.3,2,1.4,0.0848043,41.6,8.4,0.96510945
22,4039.6,1,1.3,0.0888712,41.6,8.4,0.96510945
18,4041,-4,1.4,0.072738,41.6,8.4,0.96510945
18,4042.1,0,1.1,0.0727578,41.6,8.4,0.96510945
20,4043,2,0.9,0.08086,41.6,8.4,0.96510945
10,4044.7,-10,1.7,0.040447,41.6,8.4,0.96510945
17,4045,7,0.3,0.068765,41.6,8.4,0.96510945
16,4046,-1,1,0.064736,41.6,8.4,0.96510945
22,4046.3,6,0.3,0.0890186,41.6,8.4,0.96510945
18,4047.3,-4,1,0.0728514,41.7,8.4,0.96502558
17,4048,-1,0.7,0.068816,41.7,8.4,0.96502558
18,4048.7,1,0.7,0.0728766,41.7,8.4,0.96502558
19,4049.3,1,0.6,0.0769367,41.7,8.4,0.96502558
19,4049.9,0,0.6,0.0769481,41.7,8.4,0.96502558
21,4050.3,2,0.4,0.0850563,41.7,8.4,0.96502558
23,4050.8,2,0.5,0.0931684,41.7,8.4,0.96502558
20,4051.5,-3,0.7,0.08103,41.7,8.4,0.96502558
19,4052.1,-1,0.6,0.0769899,41.7,8.4,0.96502558
23,4052.3,4,0.2,0.0932029,41.7,8.4,0.96502558
19,4053.1,-4,0.8,0.0770089,41.7,8.4,0.96502558
18,4053.7,-1,0.6,0.0729666,41.7,8.4,0.96502558
18,4054.2,0,0.5,0.0729756,41.7,8.4,0.96502558
24,4054.2,6,0,0.0973008,41.7,8.4,0.96502558
17,4055.1,-7,0.9,0.0689367,41.7,8.4,0.96502558
16,4055.7,-1,0.6,0.0648912,41.7,8.4,0.96502558
17,4056,1,0.3,0.068952,41.7,8.4,0.96502558
20,4056.2,3,0.2,0.081124,41.7,8.4,0.96502558
18,4056.8,-2,0.6,0.0730224,41.7,8.4,0.96502558
21,4056.9,3,0.1,0.0851949,41.8,8.4,0.96494171
15,4057.8,-6,0.9,0.060867,41.8,8.4,0.96494171
29,4057.1,14,-0.7,0.1176559,41.8,8.4,0.96494171
22,4058,-7,0.9,0.089276,41.8,8.4,0.96494171
18,4058.6,-4,0.6,0.0730548,41.8,8.4,0.96494171
23,4058.6,5,0,0.0933478,41.8,8.4,0.96494171
15,4059.5,-8,0.9,0.0608925,41.8,8.4,0.96494171
16,4059.8,1,0.3,0.0649568,41.8,8.4,0.96494171
19,4060,3,0.2,0.07714,41.8,8.4,0.96494171
17,4060.4,-2,0.4,0.0690268,41.8,8.4,0.96494171
19,4060.6,2,0.2,0.0771514,41.8,8.4,0.96494171
13,4061.3,-6,0.7,0.0527969,41.8,8.4,0.96494171
18,4061.3,5,0,0.0731034,41.8,8.4,0.96494171
20,4061.5,2,0.2,0.08123,41.8,8.4,0.96494171
18,4061.9,-2,0.4,0.0731142,41.8,8.4,0.96494171
19,4062.1,1,0.2,0.0771799,41.8,8.4,0.96494171
19,4062.4,0,0.3,0.0771856,41.8,8.4,0.96494171
19,4062.7,0,0.3,0.0771913,41.8,8.4,0.96494171
13,4063.4,-6,0.7,0.0528242,41.8,8.4,0.96494171
17,4063.4,4,0,0.0690778,41.8,8.4,0.96494171
24,4063.2,7,-0.2,0.0975168,41.9,8.4,0.96485784
18,4063.8,-6,0.6,0.0731484,41.9,8.4,0.96485784
20,4063.9,2,0.1,0.081278,41.9,8.4,0.96485784
18,4064.3,-2,0.4,0.0731574,41.9,8.4,0.96485784
19,4064.5,1,0.2,0.0772255,41.9,8.4,0.96485784
21,4064.5,2,0,0.0853545,41.9,8.4,0.96485784
14,4065.3,-7,0.8,0.0569142,41.9,8.4,0.96485784
15,4065.5,1,0.2,0.0609825,41.9,8.4,0.96485784
22,4065.2,7,-0.3,0.0894344,41.9,8.4,0.96485784
22,4065.4,0,0.2,0.0894388,41.9,8.4,0.96485784
15,4066.2,-7,0.8,0.060993,41.9,8.4,0.96485784
16,4066.3,1,0.1,0.0650608,41.9,8.4,0.96485784
13,4066.7,-3,0.4,0.0528671,41.9,8.4,0.96485784
24,4066.1,11,-0.6,0.0975864,41.9,8.4,0.96485784
15,4067,-9,0.9,0.061005,41.9,8.4,0.96485784
24,4066.5,9,-0.5,0.097596,41.9,8.4,0.96485784
16,4067.3,-8,0.8,0.0650768,41.9,8.4,0.96485784
17,4067.4,1,0.1,0.0691458,41.9,8.4,0.96485784
23,4067.2,6,-0.2,0.0935456,41.9,8.4,0.96485784
17,4067.8,-6,0.6,0.0691526,42,8.4,0.96477397
18,4068,1,0.2,0.073224,42,8.4,0.96477397
19,4068.1,1,0.1,0.0772939,42,8.4,0.96477397
20,4068.2,1,0.1,0.081364,42,8.4,0.96477397
16,4068.6,-4,0.4,0.0650976,42,8.4,0.96477397
21,4068.4,5,-0.2,0.0854364,42,8.4,0.96477397
97,4063.1,76,-5.3,0.3941207,42,8.4,0.96477397
185.2,4056.5,88.2,-6.6,0.7512638,42.1,8.4,0.96469009
263.1,4050.5,77.9,-6,1.0656866,42.1,8.4,0.96469009
346.1,4043.9,83,-6.6,1.3995938,42.2,8.4,0.96460622
419,4037.9,72.9,-6,1.6918801,42.3,8.4,0.96452235
509.1,4030.5,90.1,-7.4,2.0519275,42.5,8.4,0.96435461
508.1,4029.6,-1,-0.9,2.0474398,42.6,8.4,0.96427074
505.1,4028.9,-3,-0.7,2.0349974,42.8,8.4,0.96410299
500.1,4028.6,-5,-0.3,2.0147029,42.9,8.4,0.96401912
504,4027.6,3.9,-1,2.0299104,43,8.4,0.96393525
500.1,4027.3,-3.9,-0.3,2.0140527,43.2,8.4,0.96376751
499.1,4026.8,-1,-0.5,2.0097759,43.3,8.4,0.96368364
510.1,4025.4,11,-1.4,2.0533565,43.5,8.4,0.96351589
939,3993.8,428.9,-31.6,3.7501782,43.7,8.4,0.96334815
1372.1,3960.5,433.1,-33.3,5.4342021,44.1,8.4,0.96301266
1795,3927.3,422.9,-33.2,7.0495035,44.6,8.4,0.96259331
1796,3923.4,1,-3.9,7.0464264,45.1,8.4,0.96217395
1804.1,3919.7,8.1,-3.7,7.0715308,45.6,8.4,0.96175459
1797,3917.4,-7.1,-2.3,7.0395678,46.1,8.4,0.96133523
2511,3864.5,714,-52.9,9.7037595,46.8,8.4,0.96074813
2508.1,3860.3,-2.9,-4.2,9.6820184,47.5,8.4,0.96016103
2512,3856.5,3.9,-3.8,9.687528,48.2,8.4,0.95957393
2506.1,3853.5,-5.9,-3,9.6572563,48.9,8.4,0.95898683
2513.1,3850,7,-3.5,9.675435,49.6,8.4,0.95839973
2509.1,3847.4,-4,-2.6,9.6535113,50.3,8.4,0.95781263
2511,3844.6,1.9,-2.8,9.6537906,51,8.4,0.95722553
2511.1,3842.1,0.1,-2.5,9.6478973,51.7,8.4,0.95663843
2515.1,3839.4,4,-2.7,9.6564749,52.4,8.4,0.95605133
2510.1,3837.4,-5,-2,9.6322577,53.1,8.4,0.95546423
2517.1,3834.7,7,-2.7,9.6523234,53.8,8.4,0.95487713
2511.1,3833,-6,-1.7,9.6250463,54.5,8.4,0.95429003
2515.1,3830.6,4,-2.4,9.6343421,55.2,8.4,0.95370293
2516.1,3828.6,1,-2,9.6331405,55.9,8.4,0.95311583
2511.1,3826.9,-5,-1.7,9.6097286,56.6,8.4,0.95252873
2519.1,3824.5,8,-2.4,9.6342979,57.3,8.4,0.95194163
2513.1,3823,-6,-1.5,9.6075813,58,8.4,0.95135452
2515.1,3821.1,2,-1.9,9.6104486,58.7,8.5,0.95076742
2507.1,3819.9,-8,-1.2,9.5768713,59.4,8.5,0.95018032
2508.1,3818.1,1,-1.8,9.5761766,60.1,8.5,0.94959322
1347.2,3898,-1160.9,79.9,5.2513856,60.4,8.5,0.94934161
183.3,3982,-1163.9,84,0.7299006,60.5,8.5,0.94925774
175.1,3986.6,-8.2,4.6,0.69805366,60.5,8.5,0.94925774
178.9,3989.3,3.8,2.7,0.71368577,60.6,8.5,0.94917387
177.1,3991.9,-1.8,2.6,0.70696549,60.6,8.5,0.94917387
178.1,3993.8,1,1.9,0.71129578,60.7,8.5,0.94908999
181.1,3995.3,3,1.5,0.72354883,60.7,8.5,0.94908999
319.1,3987,138,-8.3,1.2722517,60.8,8.5,0.94900612
459.1,3978.2,140,-8.8,1.8263916,60.9,8.5,0.94892225
601.1,3968.7,142,-9.5,2.3855856,61.1,8.5,0.94875451
742.1,3958.9,141,-9.8,2.9378997,61.3,8.5,0.94858677
878.9,3949.1,136.8,-9.8,3.470864,61.6,8.5,0.94833515
884.1,3948.4,5.2,-0.7,3.4907804,61.8,8.5,0.94816741
885.1,3948,1,-0.4,3.4943748,62.1,8.5,0.94791579
881.1,3948.1,-4,0.1,3.4786709,62.3,8.5,0.94774805
1110,3931.7,228.9,-16.4,4.364187,62.6,8.5,0.94749644
1341,3914.6,231,-17.1,5.2494786,63,8.5,0.94716095
1330.1,3914,-10.9,-0.6,5.2060114,63.4,8.5,0.94682546
1340.1,3912.3,10,-1.7,5.2428732,63.7,8.5,0.94657385
1334.1,3911.8,-6,-0.5,5.2187324,64.1,8.5,0.94623836
1333.1,3911.1,-1,-0.7,5.2138874,64.5,8.5,0.94590288
1340.1,3909.8,7,-1.3,5.239523,64.8,8.5,0.94565126
1334.2,3909.5,-5.9,-0.3,5.2160549,65.2,8.5,0.94531578
1331.1,3909.1,-3.1,-0.4,5.203403,65.6,8.5,0.94498029
1332.1,3908.4,1,-0.7,5.2063796,65.9,8.5,0.94472868
1337.1,3907.4,5,-1,5.2245845,66.3,8.5,0.94439319
1336.1,3906.9,-1,-0.5,5.2200091,66.7,8.5,0.9440577
1343.1,3905.8,7,-1.1,5.24588,67.1,8.5,0.94372222
1343.1,3905.3,0,-0.5,5.2452084,67.4,8.5,0.9434706
1341.1,3904.8,-2,-0.5,5.2367273,67.8,8.5,0.94313512
1341.1,3904.3,0,-0.5,5.2360567,68.2,8.5,0.94279963
1347.1,3903.4,6,-0.9,5.2582701,68.6,8.5,0.94246414
1338.1,3903.5,-9,0.1,5.2232734,68.9,8.5,0.94221253
1348,3902.3,9.9,-1.2,5.2603004,69.3,8.6,0.94187704
1344.1,3902.1,-3.9,-0.2,5.2448126,69.7,8.6,0.94154156
1346,3901.5,1.9,-0.6,5.251419,70,8.6,0.94128994
1348.1,3900.9,2.1,-0.6,5.2588033,70.4,8.6,0.94095446
1342,3900.8,-6.1,-0.1,5.2348736,70.8,8.6,0.94061897
1344.1,3900.2,2.1,-0.6,5.2422588,71.2,8.6,0.94028349
1341.2,3900,-2.9,-0.2,5.23068,71.5,8.6,0.94003187
1344.1,3899.4,2.9,-0.6,5.2411835,71.9,8.6,0.93969639
1347,3898.7,2.9,-0.7,5.2515489,72.3,8.6,0.9393609
1344.1,3898.5,-2.9,-0.2,5.2399739,72.7,8.6,0.93902541
1346.1,3897.9,2,-0.6,5.2469632,73,8.6,0.9387738
1080.1,3916.3,-266,18.4,4.2299956,73.3,8.6,0.93852218
820.1,3935.1,-260,18.8,3.2271755,73.6,8.6,0.93827057
553.2,3954.9,-266.9,19.8,2.1878507,73.7,8.6,0.9381867
291.1,3974.8,-262.1,19.9,1.1570643,73.8,8.6,0.93810283
295.1,3976.4,4,1.6,1.1734356,73.9,8.6,0.93801895
292.2,3978.1,-2.9,1.7,1.1624008,74,8.6,0.93793508
294.1,3979.2,1.9,1.1,1.1702827,74,8.6,0.93793508
292.1,3980.5,-2,1.3,1.1627041,74.1,8.6,0.93785121
293,3981.5,0.9,1,1.1665795,74.2,8.6,0.93776734
289.1,3982.7,-3.9,1.2,1.1513986,74.3,8.6,0.93768347
290.1,3983.5,1,0.8,1.1556134,74.4,8.6,0.9375996
290.1,3984.3,0,0.8,1.1558454,74.4,8.6,0.9375996
293.1,3984.8,3,0.5,1.1679449,74.5,8.6,0.93751573
290.2,3985.8,-2.9,1,1.1566792,74.6,8.6,0.93743185
292.1,3986.3,1.9,0.5,1.1643982,74.7,8.6,0.93734798
1340.1,3913.1,1048,-73.2,5.2439453,75.1,8.6,0.9370125
1338.1,3910.9,-2,-2.2,5.2331753,75.4,8.6,0.93676088
1336.1,3909.2,-2,-1.7,5.2230821,75.8,8.6,0.9364254
1340.1,3907.6,4,-1.6,5.2365748,76.2,8.6,0.93608991
1335.1,3906.7,-5,-0.9,5.2158352,76.5,8.6,0.9358383
1341.1,3905.3,6,-1.4,5.2373978,76.9,8.6,0.93550281
1332.1,3905,-9,-0.3,5.2018505,77.3,8.6,0.93516732
1337.1,3903.8,5,-1.2,5.219771,77.7,8.6,0.93483184
1338.1,3902.9,1,-0.9,5.2224705,78,8.6,0.93458022
1278.2,3906.4,-59.9,3.5,4.9931605,78.4,8.6,0.93424474
1209.1,3910.7,-69.1,4.3,4.7284274,78.7,8.6,0.93399312
1152.1,3914.4,-57,3.7,4.5097802,79,8.6,0.93374151
1088.1,3918.7,-64,4.3,4.2639375,79.3,8.6,0.93348989
1029.1,3922.7,-59,4,4.0368506,79.6,8.6,0.93323828
971.1,3926.8,-58,4.1,3.8133155,79.9,8.6,0.93298666
967.1,3927.3,-4,0.5,3.7980918,80.2,8.6,0.93273505
965.1,3927.4,-2,0.1,3.7903337,80.4,8.6,0.93256731
969.1,3927.2,4,-0.2,3.8058495,80.7,8.6,0.93231569
969.1,3927.2,0,0,3.8058495,81,8.6,0.93206408
971.2,3927,2.1,-0.2,3.8139024,81.2,8.6,0.93189633
970.1,3927,-1.1,0,3.8095827,81.5,8.6,0.93164472
969.2,3927,-0.9,0,3.8060484,81.8,8.6,0.93139311
966.1,3927.2,-3.1,0.2,3.7940679,82.1,8.6,0.93114149
968.1,3926.9,2,-0.3,3.8016319,82.3,8.6,0.93097375
967.1,3926.9,-1,0,3.797705,82.6,8.6,0.93072213
966.1,3926.9,-1,0,3.7937781,82.9,8.6,0.93047052
971.1,3926.5,5,-0.4,3.8130241,83.1,8.6,0.93030278
963.1,3926.9,-8,0.4,3.7819974,83.4,8.6,0.93005116
792.1,3938.9,-171,12,3.1200027,83.6,8.6,0.92988342
618.1,3951.6,-174,12.7,2.442484,83.8,8.6,0.92971568
441.1,3964.9,-177,13.3,1.7489174,83.9,8.6,0.9296318
440.1,3966.1,-1,1.2,1.7454806,84,8.6,0.92954793
441.1,3966.9,1,0.8,1.7497996,84.2,8.6,0.92938019
446.1,3967.3,5,0.4,1.7698125,84.3,8.6,0.92929632
449.1,3967.8,3,0.5,1.781939,84.4,8.6,0.92921245
444.1,3968.8,-5,1,1.7625441,84.5,8.6,0.92912858
437.1,3969.9,-7,1.1,1.7352433,84.7,8.6,0.92896083
438.1,3970.3,1,0.4,1.7393884,84.8,8.6,0.92887696
443.1,3970.5,5,0.2,1.7593285,84.9,8.6,0.92879309
443.1,3970.9,0,0.4,1.7595058,85,8.6,0.92870922
437.1,3971.8,-6,0.9,1.7360738,85.1,8.6,0.92862535
440.1,3972,3,0.2,1.7480772,85.3,8.6,0.9284576
437.1,3972.6,-3,0.6,1.7364235,85.4,8.6,0.92837373
447.1,3972.3,10,-0.3,1.7760153,85.5,8.6,0.92828986
190.1,3990.7,-257,18.4,0.75863207,85.6,8.6,0.92820599
191.1,3991.7,1,1,0.76281387,85.6,8.6,0.92820599
192.1,3992.5,1,0.8,0.76695925,85.7,8.6,0.92812212
189.1,3993.5,-3,1,0.75517085,85.7,8.6,0.92812212
192.1,3994,3,0.5,0.7672474,85.8,8.6,0.92803825
160.1,3996.9,-32,2.9,0.63990369,85.8,8.6,0.92803825
134.1,3999.5,-26,2.6,0.53633295,85.9,8.6,0.92795437
120.1,4001.2,-14,1.7,0.48054412,85.9,8.6,0.92795437
99,4003.4,-21.1,2.2,0.3963366,85.9,8.6,0.92795437
72,4006,-27,2.6,0.288432,85.9,8.6,0.92795437
51,4008.3,-21,2.3,0.2044233,86,8.6,0.9278705
23,4011,-28,2.7,0.092253,86,8.6,0.9278705
27,4011.6,4,0.6,0.1083132,86,8.6,0.9278705
30,4012,3,0.4,0.12036,86,8.6,0.9278705
29,4012.8,-1,0.8,0.1163712,86,8.6,0.9278705
26,4013.7,-3,0.9,0.1043562,86,8.6,0.9278705
31,4014,5,0.3,0.124434,86,8.6,0.9278705
27,4014.9,-4,0.9,0.1084023,86,8.6,0.9278705
31,4015.2,4,0.3,0.1244712,86,8.6,0.9278705
28,4016,-3,0.8,0.112448,86,8.6,0.9278705
32,4016.3,4,0.3,0.1285216,86,8.6,0.9278705
31,4016.9,-1,0.6,0.1245239,86,8.6,0.9278705
32,4017.4,1,0.5,0.1285568,86,8.6,0.9278705
36,4017.6,4,0.2,0.1446336,86.1,8.6,0.92778663
28,4018.7,-8,1.1,0.1125236,86.1,8.6,0.92778663
33,4018.8,5,0.1,0.1326204,86.1,8.6,0.92778663
27,4019.7,-6,0.9,0.1085319,86.1,8.6,0.92778663
32,4019.8,5,0.1,0.1286336,86.1,8.6,0.92778663
28,4020.5,-4,0.7,0.112574,86.1,8.6,0.92778663
30,4020.8,2,0.3,0.120624,86.1,8.6,0.92778663
33,4021.1,3,0.3,0.1326963,86.1,8.6,0.92778663
30,4021.7,-3,0.6,0.120651,86.1,8.6,0.92778663
33,4021.9,3,0.2,0.1327227,86.1,8.6,0.92778663
30,4022.5,-3,0.6,0.120675,86.1,8.6,0.92778663
30,4023,0,0.5,0.12069,86.1,8.6,0.92778663
27,4023.6,-3,0.6,0.1086372,86.2,8.6,0.92770276
26,4024.1,-1,0.5,0.1046266,86.2,8.6,0.92770276
26,4024.4,0,0.3,0.1046344,86.2,8.6,0.92770276
32,4024.4,6,0,0.1287808,86.2,8.6,0.92770276
28,4025,-4,0.6,0.1127,86.2,8.6,0.92770276
29,4025.3,1,0.3,0.1167337,86.2,8.6,0.92770276
22,4026.2,-7,0.9,0.0885764,86.2,8.6,0.92770276
35,4025.6,13,-0.6,0.140896,86.2,8.6,0.92770276
26,4026.6,-9,1,0.1046916,86.2,8.6,0.92770276
26,4026.9,0,0.3,0.1046994,86.2,8.6,0.92770276
30,4027,4,0.1,0.12081,86.2,8.6,0.92770276
28,4027.4,-2,0.4,0.1127672,86.2,8.6,0.92770276
29,4027.7,1,0.3,0.1168033,86.3,8.6,0.92761889
31,4027.9,2,0.2,0.1248649,86.3,8.6,0.92761889
32,4028.1,1,0.2,0.1288992,86.3,8.6,0.92761889
28,4028.7,-4,0.6,0.1128036,86.3,8.6,0.92761889
27,4029,-1,0.3,0.108783,86.3,8.6,0.92761889
24,4029.6,-3,0.6,0.0967104,86.3,8.6,0.92761889
29,4029.5,5,-0.1,0.1168555,86.3,8.6,0.92761889
35,4029.4,6,-0.1,0.141029,86.3,8.6,0.92761889
25,4030.3,-10,0.9,0.1007575,86.3,8.6,0.92761889
29,4030.4,4,0.1,0.1168816,86.3,8.6,0.92761889
31,4030.5,2,0.1,0.1249455,86.3,8.6,0.92761889
32,4030.7,1,0.2,0.1289824,86.3,8.6,0.92761889
28,4031.2,-4,0.5,0.1128736,86.3,8.6,0.92761889
28,4031.5,0,0.3,0.112882,86.4,8.6,0.92753502
30,4031.6,2,0.1,0.120948,86.4,8.6,0.92753502
28,4032,-2,0.4,0.112896,86.4,8.6,0.92753502
33,4031.9,5,-0.1,0.1330527,86.4,8.6,0.92753502
33,4032.1,0,0.2,0.1330593,86.4,8.6,0.92753502
28,4032.7,-5,0.6,0.1129156,86.4,8.6,0.92753502
29,4032.8,1,0.1,0.1169512,86.4,8.6,0.92753502
34,4032.7,5,-0.1,0.1371118,86.4,8.6,0.92753502
29,4033.3,-5,0.6,0.1169657,86.4,8.6,0.92753502
29,4033.5,0,0.2,0.1169715,86.4,8.6,0.92753502
29,4033.7,0,0.2,0.1169773,86.4,8.6,0.92753502
26,4034.2,-3,0.5,0.1048892,86.4,8.6,0.92753502
32,4033.9,6,-0.3,0.1290848,86.5,8.6,0.92745114
31,4034.3,-1,0.4,0.1250633,86.5,8.6,0.92745114
28,4034.7,-3,0.4,0.1129716,86.5,8.6,0.92745114
30,4034.7,2,0,0.121041,86.5,8.6,0.92745114
27,4035.2,-3,0.5,0.1089504,86.5,8.6,0.92745114
31,4035.1,4,-0.1,0.1250881,86.5,8.6,0.92745114
32,4035.2,1,0.1,0.1291264,86.5,8.6,0.92745114
33,4035.3,1,0.1,0.1331649,86.5,8.6,0.92745114
869.1,3976.3,836.1,-59,3.4558023,86.8,8.6,0.92719953
868.1,3974,-1,-2.3,3.4498294,87,8.6,0.92703179
872.1,3971.9,4,-2.1,3.463894,87.2,8.6,0.92686404
869.1,3970.6,-3,-1.3,3.4508485,87.5,8.6,0.92661243
869.2,3969.4,0.1,-1.2,3.4502025,87.7,8.6,0.92644469
872.1,3968,2.9,-1.4,3.4604928,88,8.6,0.92619307
874.1,3966.8,2,-1.2,3.4673799,88.2,8.6,0.92602533
877.1,3965.6,3,-1.2,3.4782278,88.5,8.6,0.92577371
871.1,3965.1,-6,-0.5,3.4539986,88.7,8.6,0.92560597
870.1,3964.3,-1,-0.8,3.4493374,88.9,8.6,0.92543823
405.1,3996.4,-465,32.1,1.6189416,89,8.6,0.92535436
403.1,3997.2,-2,0.8,1.6112713,89.2,8.6,0.92518661
411.1,3996.9,8,-0.3,1.6431256,89.3,8.6,0.92510274
409.1,3997.2,-2,0.3,1.6352545,89.4,8.6,0.92501887
412.1,3997.1,3,-0.1,1.6472049,89.5,8.6,0.924935
408.3,3997.4,-3.8,0.3,1.6321384,89.6,8.6,0.92485113
411.1,3997.2,2.8,-0.2,1.6432489,89.7,8.6,0.92476726
409.1,3997.4,-2,0.2,1.6353363,89.8,8.6,0.92468339
409.1,3997.4,0,0,1.6353363,90,8.6,0.92451564
1883,3893.4,1473.9,-104,7.3312722,90.5,8.6,0.92409628
1882,3889.3,-1,-4.1,7.3196626,91,8.6,0.92367693
1885,3885.9,3,-3.4,7.3249215,91.5,8.6,0.92325757
1882.1,3883.4,-2.9,-2.5,7.3089471,92,8.6,0.92283821
1890,3880.4,7.9,-3,7.333956,92.6,8.6,0.92233498
1885,3878.5,-5,-1.9,7.3109725,93.1,8.6,0.92191563
1888,3876.3,3,-2.2,7.3184544,93.6,8.6,0.92149627
1881.1,3874.9,-6.9,-1.4,7.2890744,94.1,8.6,0.92107691
1885.1,3872.8,4,-2.1,7.3006153,94.7,8.6,0.92057368
1886.9,3871,1.8,-1.8,7.3041899,95.2,8.6,0.92015432
1883.1,3869.7,-3.8,-1.3,7.2870321,95.7,8.6,0.91973497
1883.1,3868.1,0,-1.6,7.2840191,96.2,8.6,0.91931561
1777.1,3874,-106,5.9,6.8844854,96.7,8.6,0.91889625
1670.1,3880.4,-107,6.4,6.480656,97.2,8.6,0.91847689
1572.1,3886.3,-98,5.9,6.1096522,97.6,8.6,0.91814141
1459.2,3893.5,-112.9,7.2,5.6813952,98,8.6,0.91780592
1351.1,3900.7,-108.1,7.2,5.2702358,98.4,8.6,0.91747044
1245.3,3907.8,-105.8,7.1,4.8663833,98.8,8.6,0.91713495
1250.1,3907.4,4.8,-0.4,4.8846407,99.1,8.6,0.91688333
1284.1,3904.7,34,-2.7,5.0140253,99.5,8.6,0.91654785
1322.1,3901.6,38,-3.1,5.1583054,99.8,8.6,0.91629623
1361,3898.4,38.9,-3.2,5.3057224,100.2,8.6,0.91596075
1402.1,3894.9,41.1,-3.5,5.4610393,100.6,8.6,0.91562526
1444.1,3891.2,42,-3.7,5.6192819,101,8.6,0.91528978
1437.2,3890.9,-6.9,-0.3,5.5920015,101.4,8.6,0.91495429
1440.1,3890,2.9,-0.9,5.601989,101.8,8.6,0.9146188
1442.1,3889.2,2,-0.8,5.6086153,102.2,8.6,0.91428332
1440.1,3888.6,-2,-0.6,5.5999729,102.6,8.6,0.91394783
1442.1,3887.8,2,-0.8,5.6065964,103,8.6,0.91361235
1342.1,3894.2,-100,6.4,5.2264058,103.4,8.6,0.91327686
1257.1,3899.8,-85,5.6,4.9024386,103.7,8.6,0.91302525
1168.1,3905.9,-89,6.1,4.5624818,104,8.6,0.91277363
1068.2,3912.9,-99.9,7,4.1797598,104.3,8.6,0.91252202
972.1,3919.9,-96.1,7,3.8105348,104.6,8.6,0.9122704
977.1,3919.8,5,-0.1,3.8300366,104.9,8.6,0.91201879
973.1,3920.3,-4,0.5,3.8148439,105.2,8.6,0.91176717
971.1,3920.6,-2,0.3,3.8072947,105.4,8.6,0.91159943
973.1,3920.5,2,-0.1,3.8150385,105.7,8.6,0.91134782
977.1,3920.2,4,-0.3,3.8304274,106,8.6,0.9110962
2601,3806.8,1623.9,-113.4,9.9014868,106.7,8.6,0.9105091
2604.1,3802.2,3.1,-4.6,9.901309,107.4,8.6,0.909922
2602.1,3799.1,-2,-3.1,9.8856381,108.1,8.6,0.9093349
2601.1,3796.3,-1,-2.8,9.8745559,108.9,8.6,0.90866393
2602.1,3793.8,1,-2.5,9.871847,109.6,8.6,0.90807683
2602.1,3791.5,0,-2.3,9.8658621,110.3,8.6,0.90748973
2607.1,3789,5,-2.5,9.8783019,111,8.6,0.90690263
2601.1,3787.3,-6,-1.7,9.851146,111.7,8.6,0.90631552
2608.1,3784.9,7,-2.4,9.8713977,112.5,8.6,0.90564455
2604.1,3783.3,-4,-1.6,9.8520915,113.2,8.6,0.90505745
2605,3781.4,0.9,-1.9,9.850547,113.9,8.6,0.90447035
2602.1,3779.9,-2.9,-1.5,9.8356778,114.6,8.6,0.90388325
2601.1,3778.2,-1,-1.7,9.827476,115.4,8.6,0.90321228
2604.1,3776.4,3,-1.8,9.8341232,116.1,8.6,0.90262518
-311,3979.5,-2915.1,203.1,-1.2376245,116,8.6,0.90270905
-315.1,3986.3,-4.1,6.8,-1.2560831,115.9,8.6,0.90279292
719.1,3918.4,1034.2,-67.9,2.8177214,116.1,8.6,0.90262518
719.1,3919.1,0,0.7,2.8182248,116.3,8.6,0.90245744
723,3919.8,3.9,0.7,2.8340154,116.5,8.6,0.90228969
714.1,3921.4,-8.9,1.6,2.8002717,116.7,8.6,0.90212195
721.1,3921.8,7,0.4,2.82801,116.9,8.6,0.90195421
717.1,3922.8,-4,1,2.8130399,117.1,8.6,0.90178646
716.1,3923.6,-1,0.8,2.80969,117.3,8.6,0.90161872
720.1,3923.9,4,0.3,2.8256004,117.5,8.6,0.90145098
716.1,3924.8,-4,0.9,2.8105493,117.7,8.6,0.90128323
713.1,3925.6,-3,0.8,2.7993454,117.9,8.6,0.90111549
722.1,3925.5,9,-0.1,2.8346035,118.1,8.6,0.90094775
721.1,3926.1,-1,0.6,2.8311107,118.3,8.6,0.90078001
717.1,3926.7,-4,0.6,2.8158366,118.5,8.7,0.90061226
717.1,3927.2,0,0.5,2.8161951,118.7,8.7,0.90044452
714.1,3927.8,-3,0.6,2.804842,118.9,8.7,0.90027678
715.1,3928.1,1,0.3,2.8089843,119.1,8.7,0.90010903
722.1,3928,7,-0.1,2.8364088,119.3,8.7,0.89994129
711.1,3929.1,-11,1.1,2.793983,119.5,8.7,0.89977355
264.1,3960.8,-447,31.7,1.0460473,119.6,8.7,0.89968968
-188.1,3993.9,-452.2,33.1,-0.75125259,119.5,8.7,0.89977355
-190.9,3996.6,-2.8,2.7,-0.76295094,119.5,8.7,0.89977355
-190,3998.6,0.9,2,-0.759734,119.4,8.7,0.89985742
-190,4000.4,0,1.8,-0.760076,119.4,8.7,0.89985742
-187.1,4001.8,2.9,1.4,-0.74873678,119.3,8.7,0.89994129
129,3981.2,316.1,-20.6,0.5135748,119.4,8.7,0.89985742
447,3959.7,318,-21.5,1.7699859,119.5,8.7,0.89977355
772.1,3936.7,325.1,-23,3.0395261,119.7,8.7,0.8996058
769.1,3936,-3,-0.7,3.0271776,119.9,8.7,0.89943806
766.1,3935.6,-3,-0.4,3.0150632,120.1,8.7,0.89927032
764.1,3935.4,-2,-0.2,3.0070391,120.3,8.7,0.89910257
766,3934.9,1.9,-0.5,3.0141334,120.5,8.7,0.89893483
769.1,3934.5,3.1,-0.4,3.0260239,120.8,8.7,0.89868322
767.2,3934.5,-1.9,0,3.0185484,121,8.7,0.89851547
770.1,3934.1,2.9,-0.4,3.0296504,121.2,8.7,0.89834773
771.1,3933.9,1,-0.2,3.0334303,121.4,8.7,0.89817999
767.1,3934,-4,0.1,3.0177714,121.6,8.7,0.89801225
768.1,3933.9,1,-0.1,3.0216286,121.8,8.7,0.8978445
769.1,3933.8,1,-0.1,3.0254856,122,8.7,0.89767676
767.1,3933.8,-2,0,3.017618,122.2,8.7,0.89750902
766.1,3933.8,-1,0,3.0136842,122.5,8.7,0.8972574
1182,3904.7,415.9,-29.1,4.6153554,122.8,8.7,0.89700579
1597,3874.5,415,-30.2,6.1875765,123.2,8.7,0.8966703
2013,3843.4,416,-31.1,7.7367642,123.8,8.7,0.89616707
2013,3840.4,0,-3,7.7307252,124.4,8.7,0.89566384
2013,3838,0,-2.4,7.725894,124.9,8.7,0.89524449
1716.1,3856.5,-296.9,18.5,6.6181396,125.4,8.7,0.89482513
1420.2,3876,-295.9,19.5,5.5046952,125.8,8.7,0.89448964
1116.2,3896.9,-304,20.9,4.3497198,126.1,8.7,0.89423803
825.2,3917.7,-291,20.8,3.232886,126.3,8.7,0.89407028
834.1,3918,8.9,0.3,3.2680038,126.6,8.7,0.89381867
821.1,3919.6,-13,1.6,3.2183836,126.8,8.7,0.89365093
832.1,3919.3,11,-0.3,3.2612495,127,8.7,0.89348318
824.1,3920.2,-8,0.9,3.2306368,127.2,8.7,0.89331544
828.1,3920.3,4,0.1,3.2464004,127.5,8.7,0.89306383
830.1,3920.4,2,0.1,3.254324,127.7,8.7,0.89289608
828.1,3920.7,-2,0.3,3.2467317,127.9,8.7,0.89272834
827.1,3921,-1,0.3,3.2430591,128.2,8.7,0.89247673
830.1,3920.9,3,-0.1,3.2547391,128.4,8.7,0.89230898
824.1,3921.5,-6,0.6,3.2317082,128.6,8.7,0.89214124
825.1,3921.5,1,0,3.2356296,128.9,8.7,0.89188963
827.1,3921.5,2,0,3.2434726,129.1,8.7,0.89172188
826.1,3921.6,-1,0.1,3.2396338,129.3,8.7,0.89155414
826.1,3921.7,0,0.1,3.2397164,129.5,8.7,0.8913864
1471,3876.7,644.9,-45,5.7026257,129.9,8.7,0.89105091
1472.1,3874.7,1.1,-2,5.7039459,130.4,8.7,0.89063155
1466.1,3873.7,-6,-1,5.6792316,130.8,8.7,0.89029607
1470.1,3872.3,4,-1.4,5.6926682,131.2,8.7,0.88996058
1474.1,3870.9,4,-1.4,5.7060937,131.6,8.7,0.88962509
1473.1,3870.1,-1,-0.8,5.7010443,132,8.7,0.88928961
619.2,3929,-853.9,58.9,2.4328368,132.2,8.7,0.88912187
-237,3990.7,-856.2,61.7,-0.9457959,132.1,8.7,0.88920574
-232,3994,5,3.3,-0.926608,132,8.7,0.88928961
-233,3996.8,-1,2.8,-0.9312544,132,8.7,0.88928961
-237,3999.5,-4,2.7,-0.9478815,131.9,8.7,0.88937348
-303.1,4006.1,-66.1,6.6,-1.2142489,131.8,8.7,0.88945735
-366,4012.6,-62.9,6.5,-1.4686116,131.7,8.7,0.88954122
-434,4019.3,-68,6.7,-1.7443762,131.6,8.7,0.88962509
-498,4025.7,-64,6.4,-2.0047986,131.5,8.7,0.88970897
-564,4032.2,-66,6.5,-2.2741608,131.3,8.7,0.88987671
-629,4038.7,-65,6.5,-2.5403423,131.1,8.7,0.89004445
-691,4045,-62,6.3,-2.795095,130.9,8.7,0.89021219
-690,4046.9,1,1.9,-2.792361,130.7,8.7,0.89037994
-693,4049,-3,2.1,-2.805957,130.6,8.7,0.89046381
-155.1,4013.5,537.9,-35.5,-0.62249385,130.5,8.7,0.89054768
379.1,3976.5,534.2,-37,1.5074912,130.6,8.7,0.89046381
913.1,3938.3,534,-38.2,3.5960617,130.9,8.7,0.89021219
1453,3898.6,539.9,-39.7,5.6646658,131.3,8.7,0.88987671
1983,3858.9,530,-39.7,7.6521987,131.8,8.7,0.88945735
1990.1,3854.3,7.1,-4.6,7.6704424,132.4,8.7,0.88895412
1988.1,3851.3,-2,-3,7.6567695,132.9,8.7,0.88853476
1979.1,3849,-9,-2.3,7.6175559,133.5,8.7,0.88803154
1989.1,3845.8,10,-3.2,7.6496808,134,8.7,0.88761218
1211.2,3897.5,-777.9,51.7,4.720652,134.4,8.7,0.88727669
1215.1,3897.2,3.9,-0.3,4.7354877,134.7,8.7,0.88702508
1207.2,3897.4,-7.9,0.2,4.7049413,135,8.7,0.88677346
1214.1,3896.5,6.9,-0.9,4.7307406,135.4,8.7,0.88643798
1210.2,3896.2,-3.9,-0.3,4.7151812,135.7,8.7,0.88618636
1208.1,3895.8,-2.1,-0.4,4.706516,136,8.7,0.88593475
1214.1,3894.9,6,-0.9,4.7287981,136.4,8.7,0.88559926
1214.1,3894.3,0,-0.6,4.7280696,136.7,8.7,0.88534765
1211.1,3894,-3,-0.3,4.7160234,137.1,8.7,0.88501216
975.1,3909.9,-236,15.9,3.8125435,137.3,8.7,0.88484442
973.1,3910.2,-2,0.3,3.8050156,137.6,8.7,0.8845928
975.1,3910.1,2,-0.1,3.8127385,137.9,8.7,0.88434119
968.1,3910.6,-7,0.5,3.7858519,138.1,8.7,0.88417345
976,3910,7.9,-0.6,3.81616,138.4,8.7,0.88392183
971.1,3910.2,-4.9,0.2,3.7971952,138.7,8.7,0.88367022
973,3909.9,1.9,-0.3,3.8043327,138.9,8.7,0.88350247
972.1,3909.9,-0.9,0,3.8008138,139.2,8.7,0.88325086
974.1,3909.6,2,-0.3,3.8083414,139.5,8.7,0.88299925
980.1,3909,6,-0.6,3.8312109,139.8,8.7,0.88274763
971.1,3909.5,-9,0.5,3.7965154,140,8.7,0.88257989
975,3909,3.9,-0.5,3.811275,140.3,8.7,0.88232827
832.1,3918.8,-142.9,9.8,3.2608335,140.5,8.7,0.88216053
833.1,3919,1,0.2,3.2649189,140.8,8.7,0.88190892
825.1,3919.7,-8,0.7,3.2341445,141,8.7,0.88174117
832.1,3919.4,7,-0.3,3.2613327,141.2,8.7,0.88157343
838.1,3919,6,-0.4,3.2845139,141.5,8.7,0.88132181
833.1,3919.4,-5,0.4,3.2652521,141.7,8.7,0.88115407
834.1,3919.3,1,-0.1,3.2690881,141.9,8.7,0.88098633
835.1,3919.3,1,0,3.2730074,142.2,8.7,0.88073471
829.1,3919.7,-6,0.4,3.2498233,142.4,8.7,0.88056697
830.1,3919.6,1,-0.1,3.25366,142.6,8.7,0.88039923
833.1,3919.5,3,-0.1,3.2653354,142.8,8.7,0.88023149
829.1,3919.7,-4,0.2,3.2498233,143.1,8.7,0.87997987
833.1,3919.4,4,-0.3,3.2652521,143.3,8.7,0.87981213
830.1,3919.6,-3,0.2,3.25366,143.5,8.7,0.87964438
828.1,3919.7,-2,0.1,3.2459036,143.8,8.7,0.87939277
833.1,3919.3,5,-0.4,3.2651688,144,8.7,0.87922503
835.1,3919.2,2,-0.1,3.2729239,144.2,8.7,0.87905728
1560,3868.5,724.9,-50.7,6.03486,144.7,8.7,0.87863793
1568.1,3865.8,8.1,-2.7,6.061961,145.1,8.7,0.87830244
1562.1,3864.5,-6,-1.3,6.0367355,145.5,8.7,0.87796695
1563.1,3863,1,-1.5,6.0382553,146,8.7,0.8775476
1563.1,3861.8,0,-1.2,6.0363796,146.4,8.7,0.87721211
1561.1,3860.7,-2,-1.1,6.0269388,146.8,8.7,0.87687663
1567.1,3859.3,6,-1.4,6.047909,147.3,8.7,0.87645727
1563.2,3858.5,-3.9,-0.8,6.0316072,147.7,8.7,0.87612178
1562.1,3857.6,-1.1,-0.9,6.025957,148.1,8.7,0.8757863
962.1,3898.6,-600,41,3.7508431,148.4,8.7,0.87553468
354.2,3942.1,-607.9,43.5,1.3962918,148.5,8.7,0.87545081
-255,3987.1,-609.2,45,-1.0167105,148.4,8.7,0.87553468
-255,3990.7,0,3.6,-1.0176285,148.4,8.7,0.87553468
-253.1,3993.3,1.9,2.6,-1.0107042,148.3,8.7,0.87561855
-252,3995.6,1.1,2.3,-1.0068912,148.2,8.7,0.87570242
-256,3997.9,-4,2.3,-1.0234624,148.2,8.7,0.87570242
-250,3999.5,6,1.6,-0.999875,148.1,8.7,0.8757863
-251,4001.3,-1,1.8,-1.0043263,148,8.7,0.87587017
-254,4003.1,-3,1.8,-1.0167874,147.9,8.7,0.87595404
-255,4004.7,-1,1.6,-1.0211985,147.9,8.7,0.87595404
-254,4006.1,1,1.4,-1.0175494,147.8,8.7,0.87603791
-253,4007.4,1,1.3,-1.0138722,147.7,8.7,0.87612178
-252.1,4008.6,0.9,1.2,-1.0105681,147.7,8.7,0.87612178
-251,4009.7,1.1,1.1,-1.0064347,147.6,8.7,0.87620565
-252.1,4011,-1.1,1.3,-1.0111731,147.5,8.7,0.87628952
-257,4012.5,-4.9,1.5,-1.0312125,147.5,8.7,0.87628952
-255.1,4013.5,1.9,1,-1.0238438,147.4,8.7,0.8763734
341,3972.9,596.1,-40.6,1.3547589,147.5,8.7,0.87628952
944,3930.3,603,-42.6,3.7102032,147.7,8.7,0.87612178
947.1,3927.8,3.1,-2.5,3.7200194,148,8.7,0.87587017
950.1,3926.1,3,-1.7,3.7301876,148.3,8.7,0.87561855
943.1,3925.3,-7,-0.8,3.7019504,148.5,8.7,0.87545081
1218,3905.1,274.9,-20.2,4.7564118,148.9,8.7,0.87511532
1493,3884.2,275,-20.9,5.7991106,149.3,8.7,0.87477984
1765,3863.1,272,-21.1,6.8183715,149.8,8.7,0.87436048
2037,3841.5,272,-21.6,7.8251355,150.3,8.7,0.87394112
2311,3819.6,274,-21.9,8.8270956,151,8.7,0.87335402
2313,3815.9,2,-3.7,8.8261767,151.6,8.7,0.87285079
2313.1,3812.9,0.1,-3,8.819619,152.3,8.7,0.87226369
2310.1,3810.4,-3,-2.5,8.802405,152.9,8.7,0.87176046
2315.1,3807.5,5,-2.9,8.8147433,153.5,8.7,0.87125723
2308.1,3805.7,-7,-1.8,8.7839362,154.2,8.7,0.87067013
2308.1,3803.4,0,-2.3,8.7786275,154.8,8.7,0.8701669
2311.1,3801.1,3,-2.3,8.7847222,155.5,8.7,0.8695798
2305.1,3799.6,-6,-1.5,8.758458,156.1,8.7,0.86907657
2317.1,3796.8,12,-2.8,8.7975653,156.8,8.7,0.86848947
2310.1,3795.5,-7,-1.3,8.7679845,157.4,8.7,0.86798625
2211.1,3800.5,-99,5,8.4032855,158,8.7,0.86748302
2113.2,3805.8,-97.9,5.3,8.0424166,158.6,8.7,0.86697979
1999.1,3812.6,-114.1,6.8,7.6217687,159.2,8.7,0.86647656
1899.2,3818.6,-99.9,6,7.2522851,159.7,8.7,0.8660572
1792.1,3825.3,-107.1,6.7,6.8553201,160.2,8.7,0.86563784
1692.1,3831.8,-100,6.5,6.4837888,160.6,8.7,0.86530236
1698.1,3831,6,-0.8,6.5054211,161.1,8.7,0.864883
1689.1,3831.2,-9,0.2,6.4712799,161.6,8.7,0.86446364
1694.1,3830.3,5,-0.9,6.4889112,162.1,8.7,0.86404428
1694.1,3829.7,0,-0.6,6.4878948,162.5,8.7,0.8637088
1695.1,3829.1,1,-0.6,6.4907074,163,8.7,0.86328944
1695.1,3828.5,0,-0.6,6.4896904,163.5,8.7,0.86287008
1696,3827.8,0.9,-0.7,6.4919488,163.9,8.7,0.8625346
1688.1,3827.7,-7.9,-0.1,6.4615404,164.4,8.7,0.86211524
1698.1,3826.4,10,-1.3,6.4976098,164.9,8.7,0.86169588
1686.1,3826.6,-12,0.2,6.4520303,165.4,8.7,0.86127652
1414.1,3845,-272,18.4,5.4372145,165.7,8.8,0.86102491
1135.2,3864.7,-278.9,19.7,4.3872074,166.1,8.8,0.86068942
863.1,3884.7,-272.1,20,3.3528846,166.3,8.8,0.86052168
582.2,3905.8,-280.9,21.1,2.2739568,166.5,8.8,0.86035394
587.1,3907.4,4.9,1.6,2.2940345,166.6,8.8,0.86027007
587.1,3909,0,1.6,2.2949739,166.8,8.8,0.86010232
579.2,3910.8,-7.9,1.8,2.2651354,166.9,8.8,0.86001845
583.1,3911.8,3.9,1,2.2809706,167.1,8.8,0.85985071
582.1,3912.9,-1,1.1,2.2776991,167.3,8.8,0.85968297
584.1,3913.7,2,0.8,2.2859922,167.4,8.8,0.85959909
586,3914.5,1.9,0.8,2.293897,167.6,8.8,0.85943135
576.1,3916,-9.9,1.5,2.2560076,167.8,8.8,0.85926361
582,3916.3,5.9,0.3,2.2792866,167.9,8.8,0.85917974
583.1,3916.9,1.1,0.6,2.2839444,168.1,8.8,0.85901199
586.1,3917.4,3,0.5,2.2959881,168.2,8.8,0.85892812
576.1,3918.8,-10,1.4,2.2576207,168.4,8.8,0.85876038
576.1,3919.4,0,0.6,2.2579663,168.6,8.8,0.85859264
578.9,3919.7,2.8,0.3,2.2691143,168.7,8.8,0.85850876
581.1,3920.2,2.2,0.5,2.2780282,168.9,8.8,0.85834102
580.1,3920.7,-1,0.5,2.2743981,169,8.8,0.85825715
187.2,3948.6,-392.9,27.9,0.73917792,169.1,8.8,0.85817328
183.1,3950.5,-4.1,1.9,0.72333655,169.1,8.8,0.85817328
176.1,3952.4,-7,1.9,0.69601764,169.2,8.8,0.85808941
187.1,3952.9,11,0.5,0.73958759,169.3,8.8,0.85800554
182.1,3954.4,-5,1.5,0.72009624,169.3,8.8,0.85800554
196.1,3954.4,14,0,0.77545784,169.4,8.8,0.85792166
206.1,3954.7,10,0.3,0.81506367,169.4,8.8,0.85792166
210.1,3955.3,4,0.6,0.83100853,169.5,8.8,0.85783779
208.1,3956.3,-2,1,0.82330603,169.5,8.8,0.85783779
209.2,3957,1.1,0.7,0.8278044,169.6,8.8,0.85775392
207.1,3958,-2.1,1,0.8197018,169.6,8.8,0.85775392
206.2,3958.8,-0.9,0.8,0.81630456,169.7,8.8,0.85767005
210.1,3959.2,3.9,0.4,0.83182792,169.8,8.8,0.85758618
204.1,3960.3,-6,1.1,0.80829723,169.8,8.8,0.85758618
203.1,3961.1,-1,0.8,0.80449941,169.9,8.8,0.85750231
204.1,3961.7,1,0.6,0.80858297,169.9,8.8,0.85750231
1493,3872.9,1288.9,-88.8,5.7822397,170.3,8.8,0.85716682
1489.1,3869.8,-3.9,-3.1,5.7625192,170.8,8.8,0.85674746
980.2,3902.6,-508.9,32.8,3.8253285,171,8.8,0.85657972
460.1,3938.4,-520.1,35.8,1.8120578,171.2,8.8,0.85641198
-46,3974.8,-506.1,36.4,-0.1828408,171.1,8.8,0.85649585
-41,3976.7,5,1.9,-0.1630447,171.1,8.8,0.85649585
-51,3979.2,-10,2.5,-0.2029392,171.1,8.8,0.85649585
20,3975.6,71,-3.6,0.079512,171.1,8.8,0.85649585
22,3976.5,2,0.9,0.087483,171.1,8.8,0.85649585
25,3977.3,3,0.8,0.0994325,171.1,8.8,0.85649585
21,3978.6,-4,1.3,0.0835506,171.1,8.8,0.85649585
23,3979.4,2,0.8,0.0915262,171.2,8.8,0.85641198
22,3980.3,-1,0.9,0.0875666,171.2,8.8,0.85641198
19,3981.3,-3,1,0.0756447,171.2,8.8,0.85641198
24,3981.8,5,0.5,0.0955632,171.2,8.8,0.85641198
23,3982.6,-1,0.8,0.0915998,171.2,8.8,0.85641198
22,3983.4,-1,0.8,0.0876348,171.2,8.8,0.85641198
22,3984.1,0,0.7,0.0876502,171.2,8.8,0.85641198
24,3984.7,2,0.6,0.0956328,171.2,8.8,0.85641198
21,3985.5,-3,0.8,0.0836955,171.2,8.8,0.85641198
21,3986.2,0,0.7,0.0837102,171.2,8.8,0.85641198
21,3986.8,0,0.6,0.0837228,171.2,8.8,0.85641198
25,3987.2,4,0.4,0.09968,171.2,8.8,0.85641198
-121,3998,-146,10.8,-0.483758,171.2,8.8,0.85641198
-267,4009.1,-146,11.1,-1.0704297,171.1,8.8,0.85649585
-412,4020.4,-145,11.3,-1.6564048,171,8.8,0.85657972
-557,4031.9,-145,11.5,-2.2457683,170.8,8.8,0.85674746
-701,4043.6,-144,11.7,-2.8345636,170.6,8.8,0.85691521
-841,4055.2,-140,11.6,-3.4104232,170.4,8.8,0.85708295
-995,4068,-154,12.8,-4.04766,170.1,8.8,0.85733456
-987,4069.8,8,1.8,-4.0168926,169.9,8.8,0.85750231
-988,4071.9,-1,2.1,-4.0230372,169.6,8.8,0.85775392
-988,4073.8,0,1.9,-4.0249144,169.3,8.8,0.85800554
-838,4065.4,150,-8.4,-3.4068052,169.1,8.8,0.85817328
-685,4056.2,153,-9.2,-2.778497,168.9,8.8,0.85834102
-528,4046.4,157,-9.8,-2.1364992,168.7,8.8,0.85850876
-385.1,4037.2,142.9,-9.2,-1.5547257,168.6,8.8,0.85859264
-233,4026.9,152.1,-10.3,-0.9382677,168.6,8.8,0.85859264
-229,4026.7,4,-0.2,-0.9221143,168.5,8.8,0.85867651
-231.9,4027.1,-2.9,0.4,-0.93388449,168.4,8.8,0.85876038
-4,4011.6,227.9,-15.5,-0.0160464,168.4,8.8,0.85876038
221.1,3995.5,225.1,-16.1,0.88340505,168.5,8.8,0.85867651
445,3979.2,223.9,-16.3,1.770744,168.6,8.8,0.85859264
445.1,3977.9,0.1,-1.3,1.7705633,168.8,8.8,0.85842489
442.1,3977.1,-3,-0.8,1.7582759,168.9,8.8,0.85834102
445,3976.2,2.9,-0.9,1.769409,169,8.8,0.85825715
445.1,3975.5,0.1,-0.7,1.769495,169.1,8.8,0.85817328
597.1,3964.3,152,-11.2,2.3670835,169.3,8.8,0.85800554
754.1,3952.5,157,-11.8,2.9805803,169.5,8.8,0.85783779
913.1,3940.1,159,-12.4,3.5977053,169.8,8.7,0.85758618
1058,3928.5,144.9,-11.6,4.156353,170,8.7,0.85741843
1222,3915.4,164,-13.1,4.7846188,170.4,8.7,0.85708295
1221.1,3913.4,-0.9,-2,4.7786527,170.7,8.7,0.85683133
1219.1,3911.7,-2,-1.7,4.7687535,171.1,8.7,0.85649585
1219.1,3910.1,0,-1.6,4.7668029,171.4,8.7,0.85624423
1217.1,3908.8,-2,-1.3,4.7574005,171.7,8.7,0.85599262
1219.1,3907.2,2,-1.6,4.7632675,172.1,8.7,0.85565713
1219.1,3905.9,0,-1.3,4.7616827,172.4,8.7,0.85540552
1219.1,3904.7,0,-1.2,4.7602198,172.8,8.7,0.85507003
867.2,3927.9,-351.9,23.2,3.4062749,173,8.7,0.85490229
513.1,3952.4,-354.1,24.5,2.0279764,173.1,8.7,0.85481842
160.1,3977.7,-353,25.3,0.63682977,173.2,8.7,0.85473455
-193,4003.9,-353.1,26.2,-0.7727527,173.1,8.7,0.85481842
-547,4030.8,-354,26.9,-2.2048476,173,8.7,0.85490229
-544,4033.4,3,2.6,-2.1941696,172.8,8.7,0.85507003
-541,4035.5,3,2.1,-2.1832055,172.7,8.7,0.8551539
-545,4037.8,-4,2.3,-2.200601,172.5,8.7,0.85532165
-547.9,4039.8,-2.9,2,-2.2134064,172.4,8.7,0.85540552
-550,4041.6,-2.1,1.8,-2.22288,172.2,8.7,0.85557326
-547,4043,3,1.4,-2.211521,172.1,8.7,0.85565713
347,3982.2,894,-60.8,1.3818234,172.2,8.7,0.85557326
1230.1,3919.4,883.1,-62.8,4.8212539,172.5,8.7,0.85532165
1232.1,3915.8,2,-3.6,4.8246572,172.8,8.7,0.85507003
1226.1,3913.6,-6,-2.2,4.798465,173.2,8.7,0.85473455
1226.1,3911.3,0,-2.3,4.7956449,173.5,8.7,0.85448293
1055.1,3921.3,-171,10,4.1373636,173.8,8.7,0.85423132
884.1,3932,-171,10.7,3.4762812,174.1,8.7,0.8539797
704.1,3943.8,-180,11.8,2.7768296,174.3,8.7,0.85381196
533.1,3955.5,-171,11.7,2.108677,174.4,8.7,0.85372809
530.1,3956,-3,0.5,2.0970756,174.6,8.7,0.85356035
490.1,3958.9,-40,2.9,1.9402569,174.7,8.7,0.85347647
439.1,3962.5,-51,3.6,1.7399337,174.8,8.7,0.8533926
396.1,3965.7,-43,3.2,1.5708138,174.9,8.7,0.85330873
353.1,3969,-43,3.3,1.4014539,175,8.7,0.85322486
300.1,3973.1,-53,4.1,1.1923273,175.1,8.7,0.85314099
306.1,3973.1,6,0,1.2161659,175.2,8.7,0.85305712
303.1,3973.6,-3,0.5,1.2043982,175.3,8.7,0.85297324
303.1,3973.9,0,0.3,1.2044891,175.4,8.7,0.85288937
304.1,3974.1,1,0.2,1.2085238,175.4,8.7,0.85288937
296.1,3974.8,-8,0.7,1.1769383,175.5,8.7,0.8528055
303.1,3974.6,7,-0.2,1.2047013,175.6,8.7,0.85272163
305,3974.6,1.9,0,1.212253,175.7,8.7,0.85263776
304.1,3974.8,-0.9,0.2,1.2087367,175.8,8.7,0.85255389
304.1,3975,0,0.2,1.2087975,175.9,8.7,0.85247002
298.1,3975.6,-6,0.6,1.1851264,175.9,8.7,0.85247002
2410.9,3828.8,2112.8,-146.8,9.2308539,176.6,8.7,0.85188292
2409.1,3823,-1.8,-5.8,9.2099893,177.3,8.7,0.85129581
2407.1,3818.5,-2,-4.5,9.1915113,178,8.7,0.85070871
2407.1,3814.6,0,-3.9,9.1821237,178.6,8.7,0.85020549
2409.1,3811,2,-3.6,9.1810801,179.3,8.7,0.84961838
1910.1,3842.1,-499,31.1,7.3387952,179.8,8.7,0.84919903
1400.2,3875.9,-509.9,33.8,5.4270352,180.2,8.7,0.84886354
893.2,3911,-507,35.1,3.4933052,180.5,8.7,0.84861193
894.1,3911.8,0.9,0.8,3.4975404,180.7,8.7,0.84844418
895.1,3912.1,1,0.3,3.5017207,181,8.7,0.84819257
893.1,3912.4,-2,0.3,3.4941644,181.2,8.7,0.84802483
896.2,3912.2,3.1,-0.2,3.5061136,181.5,8.7,0.84777321
897,3912.1,0.8,-0.1,3.5091537,181.7,8.7,0.84760547
892.1,3912.3,-4.9,0.2,3.4901628,182,8.7,0.84735385
890.1,3912.3,-2,0,3.4823382,182.2,8.7,0.84718611
894.1,3911.9,4,-0.4,3.4976298,182.4,8.7,0.84701837
902.1,3911.2,8,-0.7,3.5282935,182.7,8.7,0.84676675
896.1,3911.3,-6,0.1,3.5049159,182.9,8.7,0.84659901
896.1,3911.1,0,-0.2,3.5047367,183.2,8.7,0.8463474
902.1,3910.5,6,-0.6,3.527662,183.4,8.7,0.84617965
899.3,3910.4,-2.8,-0.1,3.5166227,183.7,8.7,0.84592804
900.1,3910.1,0.8,-0.3,3.519481,183.9,8.7,0.8457603
898.2,3910,-1.9,-0.1,3.511962,184.2,8.7,0.84550868
830.1,3914.5,-68.1,4.5,3.2494264,184.4,8.7,0.84534094
763.1,3919.1,-67,4.6,2.9906652,184.6,8.7,0.84517319
687.1,3924.5,-76,5.4,2.696524,184.8,8.7,0.84500545
620.1,3929.5,-67,5,2.4366829,185,8.7,0.84483771
628.1,3929.3,8,-0.2,2.4679933,185.2,8.7,0.84466997
626.1,3929.7,-2,0.4,2.4603852,185.4,8.7,0.84450222
619.1,3930.4,-7,0.7,2.4333106,185.5,8.7,0.84441835
627.1,3930.1,8,-0.3,2.4645657,185.7,8.7,0.84425061
624.1,3930.4,-3,0.3,2.4529626,185.9,8.7,0.84408287
625.1,3930.4,1,0,2.456893,186,8.7,0.84399899
622.1,3930.8,-3,0.4,2.4453507,186.2,8.7,0.84383125
449.1,3943,-173,12.2,1.7708013,186.3,8.7,0.84374738
275.1,3955.8,-174,12.8,1.0882406,186.4,8.7,0.84366351
101.2,3969.1,-173.9,13.3,0.40167292,186.4,8.7,0.84366351
-83,3983.4,-184.2,14.3,-0.3306222,186.4,8.7,0.84366351
-82,3985.1,1,1.7,-0.3267782,186.4,8.7,0.84366351
-74,3985.9,8,0.8,-0.2949566,186.4,8.7,0.84366351
-76,3987.4,-2,1.5,-0.3030424,186.4,8.7,0.84366351
-77,3988.6,-1,1.2,-0.3071222,186.3,8.7,0.84374738
-75,3989.6,2,1,-0.29922,186.3,8.7,0.84374738
-80,3991,-5,1.4,-0.31928,186.3,8.7,0.84374738
-75,3991.6,5,0.6,-0.29937,186.3,8.7,0.84374738
-78,3992.7,-3,1.1,-0.3114306,186.3,8.7,0.84374738
-79,3993.7,-1,1,-0.3155023,186.2,8.7,0.84383125
-79,3994.6,0,0.9,-0.3155734,186.2,8.7,0.84383125
-77,3995.3,2,0.7,-0.3076381,186.2,8.7,0.84383125
-82,3996.4,-5,1.1,-0.3277048,186.2,8.7,0.84383125
-75,3996.7,7,0.3,-0.2997525,186.1,8.7,0.84391512
-73,3997.3,2,0.6,-0.2918029,186.1,8.7,0.84391512
-107.1,4000.3,-34.1,3,-0.42843213,186.1,8.7,0.84391512
-150.1,4004.1,-43,3.8,-0.60101541,186.1,8.7,0.84391512
-188.1,4007.6,-38,3.5,-0.75382956,186,8.7,0.84399899
-223.1,4011,-35,3.4,-0.8948541,185.9,8.7,0.84408287
-222,4011.9,1.1,0.9,-0.8906418,185.9,8.7,0.84408287
-229,4013.2,-7,1.3,-0.9190228,185.8,8.7,0.84416674
-230.1,4014.1,-1.1,0.9,-0.92364441,185.7,8.7,0.84425061
-232,4015.1,-1.9,1,-0.9315032,185.7,8.7,0.84425061
-226.1,4015.5,5.9,0.4,-0.90790455,185.6,8.7,0.84433448
-225,4016.2,1.1,0.7,-0.903645,185.6,8.7,0.84433448
-227,4017.1,-2,0.9,-0.9118817,185.5,8.7,0.84441835
115.1,3993.7,342.1,-23.4,0.45967487,185.5,8.7,0.84441835
126.2,3992.6,11.1,-1.1,0.50386612,185.6,8.7,0.84433448
119.1,3992.9,-7.1,0.3,0.47555439,185.6,8.7,0.84433448
120.1,3992.9,1,0,0.47954729,185.6,8.7,0.84433448
116.1,3993.2,-4,0.3,0.46361052,185.7,8.7,0.84425061
113.2,3993.5,-2.9,0.3,0.4520642,185.7,8.7,0.84425061
118.1,3993.2,4.9,-0.3,0.47159692,185.7,8.7,0.84425061
118.1,3993.4,0,0.2,0.47162054,185.8,8.7,0.84416674
119.1,3993.4,1,0,0.47561394,185.8,8.7,0.84416674
118.1,3993.7,-1,0.3,0.47165597,185.8,8.7,0.84416674
116.1,3993.9,-2,0.2,0.46369179,185.9,8.7,0.84408287
114.2,3994.2,-1.9,0.3,0.45613764,185.9,8.7,0.84408287
122.1,3993.8,7.9,-0.4,0.48764298,185.9,8.7,0.84408287
114.2,3994.5,-7.9,0.7,0.4561719,186,8.7,0.84399899
114.1,3994.7,-0.1,0.2,0.45579527,186,8.7,0.84399899
117.1,3994.6,3,-0.1,0.46776766,186,8.7,0.84399899
126.1,3994.1,9,-0.5,0.50365601,186.1,8.7,0.84391512
121.1,3994.6,-5,0.5,0.48374606,186.1,8.7,0.84391512
118.1,3995,-3,0.4,0.4718095,186.1,8.7,0.84391512
122.1,3994.9,4,-0.1,0.48777729,186.2,8.7,0.84383125
493.1,3968.9,371,-26,1.9570646,186.3,8.7,0.84374738
882,3940.6,388.9,-28.3,3.4756092,186.5,8.7,0.84357964
1258.1,3912.3,376.1,-28.3,4.9220646,186.9,8.7,0.84324415
1262.1,3909.3,4,-3,4.9339275,187.2,8.7,0.84299254
1258.1,3907.3,-4,-2,4.9157741,187.6,8.7,0.84265705
1261.1,3905.2,3,-2.1,4.9248477,187.9,8.7,0.84240543
1264.1,3903.1,3,-2.1,4.9339087,188.3,8.7,0.84206995
1260.1,3901.7,-4,-1.4,4.9165322,188.6,8.7,0.84181833
1260.1,3900.3,0,-1.4,4.914768,189,8.7,0.84148285
1263.1,3898.6,3,-1.7,4.9243217,189.3,8.7,0.84123123
1253.2,3897.9,-9.9,-0.7,4.8848483,189.7,8.7,0.84089575
1258.1,3896.3,4.9,-1.6,4.901935,190,8.7,0.84064413
1259.1,3895,1,-1.3,4.9041945,190.4,8.7,0.84030865
1258.1,3893.9,-1,-1.1,4.8989156,190.7,8.7,0.84005703
1256.1,3892.8,-2,-1.1,4.8897461,191.1,8.7,0.83972155
2114,3832.1,857.9,-60.7,8.1010594,191.7,8.7,0.83921832
2112,3828.6,-2,-3.5,8.0860032,192.3,8.7,0.83871509
2113.1,3825.7,1.1,-2.9,8.0840867,192.8,8.7,0.83829573
1701.1,3851.7,-412,26,6.5521269,193.3,8.7,0.83787637
1293.2,3878.9,-407.9,27.2,5.0161935,193.7,8.7,0.83754089
887.2,3907.2,-406,28.3,3.4664678,193.9,8.7,0.83737314
477.2,3936.8,-410,29.6,1.878641,194.1,8.7,0.8372054
67,3967.2,-410.2,30.4,0.2658024,194.1,8.7,0.8372054
-343.1,3998.5,-410.1,31.3,-1.3718854,194,8.7,0.83728927
-343,4001.6,0.1,3.1,-1.3725488,193.9,8.7,0.83737314
-352,4004.7,-9,3.1,-1.4096544,193.8,8.7,0.83745702
-347.1,4006.6,4.9,1.9,-1.3906909,193.7,8.7,0.83754089
-346,4008.4,1.1,1.8,-1.3869064,193.6,8.7,0.83762476
-344,4010.1,2,1.7,-1.3794744,193.5,8.7,0.83770863
130.1,3978.3,474.1,-31.8,0.51757683,193.5,8.7,0.83770863
135.1,3978,5,-0.3,0.5374278,193.6,8.7,0.83762476
135.1,3978.3,0,0.3,0.53746833,193.6,8.7,0.83762476
134.1,3978.8,-1,0.5,0.53355708,193.6,8.7,0.83762476
134.1,3979.2,0,0.4,0.53361072,193.7,8.7,0.83754089
131.1,3979.8,-3,0.6,0.52175178,193.7,8.7,0.83754089
132,3980.2,0.9,0.4,0.5253864,193.8,8.7,0.83745702
130.2,3980.7,-1.8,0.5,0.51828714,193.8,8.7,0.83745702
134.1,3980.9,3.9,0.2,0.53383869,193.8,8.7,0.83745702
134.1,3981.2,0,0.3,0.53387892,193.9,8.7,0.83737314
138.1,3981.4,4,0.2,0.54983134,193.9,8.7,0.83737314
377,3964.9,238.9,-16.5,1.4947673,194,8.7,0.83728927
609.1,3948.2,232.1,-16.7,2.4048486,194.2,8.7,0.83712153
606.1,3947.5,-3,-0.7,2.3925797,194.3,8.7,0.83703766
613.1,3946.2,7,-1.3,2.4194152,194.5,8.7,0.83686992
618.1,3945.3,5,-0.9,2.4385899,194.7,8.7,0.83670217
612.1,3945.2,-6,-0.1,2.4148569,194.9,8.7,0.83653443
606.1,3945.1,-6,-0.1,2.3911251,195,8.7,0.83645056
608.1,3944.6,2,-0.5,2.3987113,195.2,8.7,0.83628281
612,3943.9,3.9,-0.7,2.4136668,195.4,8.7,0.83611507
610.1,3943.7,-1.9,-0.2,2.4060514,195.5,8.7,0.8360312
609.1,3943.4,-1,-0.3,2.4019249,195.7,8.7,0.83586346
612.1,3942.9,3,-0.5,2.4134491,195.9,8.7,0.83569571
611.1,3942.6,-1,-0.3,2.4093229,196,8.7,0.83561184
611.1,3942.4,0,-0.2,2.4092006,196.2,8.7,0.8354441
610.1,3942.1,-1,-0.3,2.4050752,196.4,8.7,0.83527636
613.1,3941.6,3,-0.5,2.416595,196.6,8.7,0.83510861
630.1,3940.2,17,-1.4,2.48272,196.7,8.7,0.83502474
642.1,3939,12,-1.2,2.5292319,196.9,8.7,0.834857
663.1,3937.2,21,-1.8,2.6107573,197.1,8.7,0.83468926
683.1,3935.4,20,-1.8,2.6882717,197.3,8.7,0.83452151
693.1,3934.3,10,-1.1,2.7268633,197.5,8.7,0.83435377
715,3932.4,21.9,-1.9,2.811666,197.7,8.7,0.83418603
718.1,3931.8,3.1,-0.6,2.8234256,197.9,8.7,0.83401828
719.1,3931.3,1,-0.5,2.8269978,198.1,8.7,0.83385054
715.1,3931.1,-4,-0.2,2.8111296,198.3,8.7,0.8336828
720.1,3930.4,5,-0.7,2.830281,198.5,8.6,0.83351505
719.2,3930.1,-0.9,-0.3,2.8265279,198.7,8.6,0.83334731
719.1,3929.8,-0.1,-0.3,2.8259192,198.9,8.6,0.83317957
713.2,3929.9,-5.9,0.1,2.8028047,199.1,8.6,0.83301183
715.1,3929.4,1.9,-0.5,2.8099139,199.3,8.6,0.83284408
720.1,3928.8,5,-0.6,2.8291289,199.5,8.6,0.83267634
716.1,3928.8,-4,0,2.8134137,199.7,8.6,0.8325086
719.1,3928.2,3,-0.6,2.8247686,199.9,8.6,0.83234085
1051.1,3904.6,332,-23.6,4.1041251,200.2,8.6,0.83208924
1389,3879.5,337.9,-25.1,5.3886255,200.5,8.6,0.83183762
1718,3854.4,329,-25.1,6.6218592,201,8.6,0.83141827
2060,3827.8,342,-26.6,7.885268,201.6,8.6,0.83091504
2056.3,3824.8,-3.7,-3,7.8649362,202.2,8.6,0.83041181
2056.1,3822.2,-0.2,-2.6,7.8588254,202.7,8.6,0.82999245
2057,3819.6,0.9,-2.6,7.8569172,203.3,8.6,0.82948922
2054.1,3817.5,-2.9,-2.1,7.8415267,203.9,8.6,0.82898599
2052,3815.5,-2.1,-2,7.829406,204.4,8.6,0.82856664
2056.1,3813.3,4.1,-2.2,7.8405261,205,8.6,0.82806341
2053.1,3811.5,-3,-1.8,7.8253907,205.6,8.6,0.82756018
2051.1,3809.8,-2,-1.7,7.8142808,206.2,8.6,0.82705695
2057,3807.6,5.9,-2.2,7.8322332,206.7,8.6,0.82663759
2053.1,3806.1,-3.9,-1.5,7.8143039,207.3,8.6,0.82613436
2057.1,3804.1,4,-2,7.8254141,207.9,8.6,0.82563113
2054,3802.7,-3.1,-1.4,7.8107458,208.4,8.6,0.82521178
2059.1,3800.7,5.1,-2,7.8260214,209,8.6,0.82470855
2053.2,3799.6,-5.9,-1.1,7.8013387,209.6,8.6,0.82420532
2056.1,3797.8,2.9,-1.8,7.8086566,210.2,8.6,0.82370209
2095.1,3793.6,39,-4.2,7.9479714,210.7,8.6,0.82328273
2131,3789.5,35.9,-4.1,8.0754245,211.3,8.6,0.8227795
2177,3784.7,46,-4.8,8.2392919,211.9,8.6,0.82227627
2220.1,3780,43.1,-4.7,8.391978,212.6,8.7,0.82168917
2214.1,3778.6,-6,-1.4,8.3661983,213.2,8.7,0.82118594
2215,3776.9,0.9,-1.7,8.3658335,213.8,8.7,0.82068271
2213.1,3775.5,-1.9,-1.4,8.3555591,214.4,8.7,0.82017949
2212,3773.9,-1.1,-1.6,8.3478668,215,8.7,0.81967626
2209.1,3772.6,-2.9,-1.3,8.3340507,215.6,8.7,0.81917303
2211.1,3771,2,-1.6,8.3380581,216.2,8.7,0.8186698
1446.2,3823.2,-764.9,52.2,5.5291118,216.6,8.7,0.81833431
1447.1,3824,0.9,0.8,5.5337104,217,8.7,0.81799883
1449,3824.3,1.9,0.3,5.5414107,217.4,8.7,0.81766334
1444.1,3824.7,-4.9,0.4,5.5232493,217.8,8.7,0.81732785
1451.1,3824.3,7,-0.4,5.5494417,218.2,8.7,0.81699237
1449.1,3824.3,-2,0,5.5417931,218.7,8.7,0.81657301
1445.1,3824.5,-4,0.2,5.526785,219.1,8.7,0.81623752
1452,3823.7,6.9,-0.8,5.5520124,219.5,8.7,0.81590204
1451.1,3823.5,-0.9,-0.2,5.5482809,219.9,8.7,0.81556655
1451.1,3823.3,0,-0.2,5.5479906,220.3,8.7,0.81523107
1449,3823.1,-2.1,-0.2,5.5396719,220.7,8.7,0.81489558
1452.1,3822.7,3.1,-0.4,5.5509427,221.1,8.7,0.81456009
1444.2,3822.9,-7.9,0.2,5.5210322,221.5,8.7,0.81422461
1456,3821.7,11.8,-1.2,5.5643952,221.9,8.7,0.81388912
1447.1,3821.9,-8.9,0.2,5.5306715,222.3,8.7,0.81355364
1340.1,3829.1,-107,7.2,5.1313769,222.6,8.7,0.81330202
1231.1,3836.8,-109,7.7,4.7234845,223,8.7,0.81296654
1109.2,3845.7,-121.9,8.9,4.2656504,223.3,8.7,0.81271492
1119.2,3845.5,10,-0.2,4.3038836,223.6,8.7,0.81246331
1123.2,3845.6,4,0.1,4.3193779,223.9,8.7,0.81221169
1121.2,3845.9,-2,0.3,4.3120231,224.2,8.7,0.81196008
1119.1,3846.3,-2.1,0.4,4.3043943,224.5,8.7,0.81170846
1120.1,3846.4,1,0.1,4.3083526,224.9,8.7,0.81137298
1117.2,3846.7,-2.9,0.3,4.2975332,225.2,8.7,0.81112136
1120.2,3846.6,3,-0.1,4.3089613,225.5,8.7,0.81086975
1112.1,3847.2,-8.1,0.6,4.2784711,225.8,8.7,0.81061813
1117.1,3847,5,-0.2,4.2974837,226.1,8.7,0.81036652
1118.1,3846.9,1,-0.1,4.3012189,226.4,8.8,0.8101149
1119.1,3846.9,1,0,4.3050658,226.7,8.8,0.80986329
1122.2,3846.7,3.1,-0.2,4.3167667,227,8.8,0.80961167
1116.2,3847.1,-6,0.4,4.294133,227.3,8.8,0.80936006
1125.1,3846.4,8.9,-0.7,4.3275846,227.7,8.8,0.80902457
1000.1,3855.2,-125,8.8,3.8555855,227.9,8.8,0.80885683
872.2,3864.6,-127.9,9.4,3.3707041,228.2,8.8,0.80860522
757.1,3873.4,-115.1,8.8,2.9325511,228.4,8.8,0.80843747
754.1,3874.6,-3,1.2,2.9218359,228.6,8.8,0.80826973
757.1,3875.1,3,0.5,2.9338382,228.8,8.8,0.80810199
752.1,3876.1,-5,1,2.9152148,229,8.8,0.80793424
750.1,3876.8,-2,0.7,2.9079877,229.2,8.8,0.8077665
751.1,3877.3,1,0.5,2.91224,229.4,8.8,0.80759876
757.1,3877.4,6,0.1,2.9355795,229.6,8.8,0.80743102
751.1,3878.3,-6,0.9,2.9129911,229.8,8.8,0.80726327
754,3878.5,2.9,0.2,2.924389,230.1,8.8,0.80701166
756.1,3878.8,2.1,0.3,2.9327607,230.3,8.8,0.80684392
749.1,3879.6,-7,0.8,2.9062084,230.5,8.8,0.80667617
753.1,3879.7,4,0.1,2.9218021,230.7,8.8,0.80650843
755.2,3879.9,2.1,0.2,2.9301005,230.9,8.8,0.80634069
756.1,3880.2,0.9,0.3,2.9338192,231.1,8.8,0.80617294
754.2,3880.7,-1.9,0.5,2.9268239,231.3,8.8,0.8060052
751.1,3881.1,-3.1,0.4,2.9150942,231.5,8.8,0.80583746
760.1,3880.8,9,-0.3,2.9497961,231.7,8.8,0.80566971
1569,3824.2,808.9,-56.6,6.0001698,232.2,8.8,0.80525036
2380.9,3765.1,811.9,-59.1,8.9643266,232.8,8.8,0.80474713
2387.1,3760.2,6.2,-4.9,8.9759734,233.5,8.8,0.80416003
1128.3,3844.8,-1258.8,84.6,4.3380878,233.8,8.8,0.80390841
1122.2,3846.1,-6.1,1.3,4.3160934,234.1,8.8,0.8036568
1127.1,3846.1,4.9,0,4.3349393,234.4,8.8,0.80340518
1130.1,3846,3,-0.1,4.3463646,234.7,8.8,0.80315357
1120.2,3846.7,-9.9,0.7,4.3090733,235.1,8.8,0.80281808
1125.1,3846.3,4.9,-0.4,4.3274721,235.4,8.8,0.80256647
1126.1,3846.2,1,-0.1,4.3312058,235.7,8.8,0.80231485
1128.1,3845.9,2,-0.3,4.3385598,236,8.8,0.80206324
1127.1,3845.8,-1,-0.1,4.3346012,236.3,8.8,0.80181162
1125.2,3845.9,-1.9,0.1,4.3274067,236.6,8.8,0.80156001
1123.2,3845.9,-2,0,4.3197149,236.9,8.8,0.8013084
1124.1,3845.6,0.9,-0.3,4.322839,237.2,8.8,0.80105678
1122.1,3845.7,-2,0.1,4.31526,237.6,8.8,0.80072129
1128.2,3845.1,6.1,-0.6,4.3380418,237.9,8.8,0.80046968
1124.1,3845.2,-4.1,0.1,4.3223893,238.2,8.8,0.80021807
1121.1,3845.2,-3,0,4.3108537,238.5,8.8,0.79996645
1121.1,3845.1,0,-0.1,4.3107416,238.8,8.8,0.79971484
1126.2,3844.6,5.1,-0.5,4.3297885,239.1,8.8,0.79946322
1228.1,3837.3,101.9,-7.3,4.7125881,239.5,8.8,0.79912774
1329.1,3829.6,101,-7.7,5.0899214,239.8,8.8,0.79887612
1434,3821.5,104.9,-8.1,5.480031,240.2,8.8,0.79854064
1543,3812.9,109,-8.6,5.8833047,240.7,8.8,0.79812128
1643,3804.7,100,-8.2,6.2511221,241.1,8.8,0.79778579
1743,3796.3,100,-8.4,6.6169509,241.6,8.8,0.79736643
1746.1,3794.6,3.1,-1.7,6.6257511,242.1,8.8,0.79694708
1743.1,3793.4,-3,-1.2,6.6122755,242.6,8.8,0.79652772
1749.1,3791.8,6,-1.6,6.6322374,243,8.8,0.79619223
1744.1,3790.9,-5,-0.9,6.6117087,243.5,8.8,0.79577288
1745,3789.8,0.9,-1.1,6.613201,244,8.8,0.79535352
1743,3788.8,-2,-1,6.6038784,244.5,8.8,0.79493416
1741.1,3788,-1.9,-0.8,6.5952868,245,8.8,0.7945148
1743,3786.9,1.9,-1.1,6.6005667,245.5,8.8,0.79409545
1742,3786,-1,-0.9,6.595212,246,8.8,0.79367609
1494.1,3802.5,-247.9,16.5,5.6813152,246.4,8.8,0.7933406
1255.1,3819.2,-239,16.7,4.7934779,246.7,8.8,0.79308899
997.2,3837.8,-257.9,18.6,3.8270542,247,8.8,0.79283737
763.2,3855.4,-234,17.6,2.9424413,247.2,8.8,0.79266963
507.1,3875,-256.1,19.6,1.9650125,247.3,8.8,0.79258576
263.2,3894.3,-243.9,19.3,1.0249798,247.4,8.8,0.79250189
263.1,3896.8,-0.1,2.5,1.0252481,247.5,8.8,0.79241802
260.1,3899.1,-3,2.3,1.0141559,247.6,8.8,0.79233414
265.1,3900.6,5,1.5,1.0340491,247.6,8.8,0.79233414
264.1,3902.4,-1,1.8,1.0306238,247.7,8.8,0.79225027
268.1,3903.7,4,1.3,1.046582,247.8,8.8,0.7921664
260.2,3905.7,-7.9,2,1.0162631,247.9,8.8,0.79208253
264.1,3906.8,3.9,1.1,1.0317859,247.9,8.8,0.79208253
259.1,3908.4,-5,1.6,1.0126664,248,8.8,0.79199866
264.1,3909.3,5,0.9,1.0324461,248.1,8.8,0.79191479
260.1,3910.7,-4,1.4,1.0171731,248.2,8.8,0.79183092
262.1,3911.7,2,1,1.0252566,248.2,8.8,0.79183092
261.1,3912.8,-1,1.1,1.0216321,248.3,8.8,0.79174704
-27,3934.1,-288.1,21.3,-0.1062207,248.3,8.8,0.79174704
-310,3955.6,-283,21.5,-1.226236,248.2,8.8,0.79183092
-588.9,3977.6,-278.9,22,-2.3424086,248,8.8,0.79199866
-884,4001.2,-295.1,23.6,-3.5370608,247.8,8.8,0.7921664
-881.1,4004.5,2.9,3.3,-3.528365,247.5,8.8,0.79241802
-882,4007.8,-0.9,3.3,-3.5348796,247.3,8.8,0.79258576
-880,4010.5,2,2.7,-3.52924,247.1,8.8,0.7927535
-879.1,4013.2,0.9,2.7,-3.5280041,246.8,8.8,0.79300512
-886,4016.1,-6.9,2.9,-3.5582646,246.6,8.8,0.79317286
-878.1,4018,7.9,1.9,-3.5282058,246.3,8.8,0.79342447
-885.9,4020.9,-7.8,2.9,-3.5621153,246.1,8.8,0.79359222
-885,4023,0.9,2.1,-3.560355,245.8,8.8,0.79384383
-877,4024.6,8,1.6,-3.5295742,245.6,8.8,0.79401157
-882,4027,-5,2.4,-3.551814,245.3,8.8,0.79426319
-838,4025.9,44,-1.1,-3.3737042,245.1,8.8,0.79443093
-795,4024.8,43,-1.1,-3.199716,244.9,8.8,0.79459867
-756.1,4023.7,38.9,-1.1,-3.0423196,244.7,8.8,0.79476642
-715,4022.4,41.1,-1.3,-2.876016,244.5,8.8,0.79493416
-673.1,4020.9,41.9,-1.5,-2.7064678,244.3,8.8,0.7951019
-627.1,4019,46,-1.9,-2.5203149,244.1,8.8,0.79526965
-637,4020.9,-9.9,1.9,-2.5613133,243.9,8.8,0.79543739
-632,4021.8,5,0.9,-2.5417776,243.8,8.8,0.79552126
-629.1,4022.7,2.9,0.9,-2.5306806,243.6,8.8,0.795689
-629.1,4023.9,0,1.2,-2.5314355,243.4,8.8,0.79585675
-629.1,4025.1,0,1.2,-2.5321904,243.2,8.8,0.79602449
-631,4026.4,-1.9,1.3,-2.5406584,243.1,8.8,0.79610836
-629,4027.4,2,1,-2.5332346,242.9,8.8,0.79627611
-626,4028.3,3,0.9,-2.5217158,242.7,8.8,0.79644385
-633,4029.8,-7,1.5,-2.5508634,242.5,8.8,0.79661159
147.1,3976.9,780.1,-52.9,0.58500199,242.6,8.8,0.79652772
932,3921.3,784.9,-55.6,3.6546516,242.8,8.8,0.79635998
1709,3864.6,777,-56.7,6.6046014,243.3,8.8,0.79594062
1708.1,3859.7,-0.9,-4.9,6.5927536,243.8,8.8,0.79552126
1708,3855.9,-0.1,-3.8,6.5858772,244.3,8.8,0.7951019
1710.9,3852.3,2.9,-3.6,6.5909001,244.7,8.8,0.79476642
1718.1,3848.8,7.2,-3.5,6.6126233,245.2,8.8,0.79434706
1732.1,3845,14,-3.8,6.6599245,245.7,8.8,0.7939277
1744.1,3841.6,12,-3.4,6.7001346,246.2,8.8,0.79350835
1751,3838.6,6.9,-3,6.7213886,246.7,8.8,0.79308899
1762,3835.5,11,-3.1,6.758151,247.2,8.8,0.79266963
1770.1,3832.6,8.1,-2.9,6.7840853,247.7,8.8,0.79225027
1859,3824.3,88.9,-8.3,7.1093737,248.2,8.8,0.79183092
1956,3815.3,97,-9,7.4627268,248.7,8.8,0.79141156
2058,3805.8,102,-9.5,7.8323364,249.3,8.8,0.79090833
2143,3797.3,85,-8.5,8.1376139,249.9,8.8,0.7904051
2149.1,3794.2,6.1,-3.1,8.1541152,250.5,8.8,0.78990187
2153,3791.3,3.9,-2.9,8.1626689,251.1,8.8,0.78939864
2150,3789.1,-3,-2.2,8.146565,251.7,8.8,0.78889541
2150,3786.7,0,-2.4,8.141405,252.3,8.8,0.78839218
2151.1,3784.5,1.1,-2.2,8.1408379,252.9,8.8,0.78788895
2150,3782.3,-1.1,-2.2,8.131945,253.5,8.8,0.78738573
1821.1,3802.9,-328.9,20.6,6.9254612,254,8.8,0.78696637
1490.2,3824.8,-330.9,21.9,5.699717,254.4,8.8,0.78663088
1160.2,3847.5,-330,22.7,4.4638695,254.7,8.8,0.78637927
836.2,3870.6,-324,23.1,3.2365957,254.9,8.8,0.78621152
836.1,3871.9,-0.1,1.3,3.2372956,255.2,8.8,0.78595991
831.1,3873.1,-5,1.2,3.2189334,255.4,8.8,0.78579217
832.1,3873.7,1,0.6,3.2233058,255.6,8.8,0.78562442
829.2,3874.3,-2.9,0.6,3.2125696,255.9,8.8,0.78537281
830.1,3874.6,0.9,0.3,3.2163055,256.1,8.9,0.78520507
835.1,3874.6,5,0,3.2356785,256.3,8.9,0.78503732
832.1,3875,-3,0.4,3.2243875,256.6,8.9,0.78478571
836.1,3875,4,0,3.2398875,256.8,8.9,0.78461797
834.1,3875.2,-2,0.2,3.2323043,257,8.9,0.78445022
835.1,3875.3,1,0.1,3.236263,257.3,8.9,0.78419861
838.1,3875.1,3,-0.2,3.2477213,257.5,8.9,0.78403086
830.1,3875.8,-8,0.7,3.2173016,257.7,8.9,0.78386312
836.9,3875.3,6.8,-0.5,3.2432386,257.9,8.9,0.78369538
834.1,3875.5,-2.8,0.2,3.2325546,258.2,8.9,0.78344376
834.1,3875.6,0,0.1,3.232638,258.4,8.9,0.78327602
837.1,3875.4,3,-0.2,3.2440973,258.6,8.9,0.78310828
1465,3831.6,627.9,-43.8,5.613294,259.1,8.9,0.78268892
1461.1,3829.9,-3.9,-1.7,5.5958669,259.5,8.9,0.78235343
1461.1,3828.3,0,-1.6,5.5935291,259.9,8.9,0.78201795
1460.1,3827,-1,-1.3,5.5878027,260.3,8.9,0.78168246
1459.1,3825.8,-1,-1.2,5.5822248,260.7,8.9,0.78134698
1461.1,3824.5,2,-1.3,5.5879769,261.1,8.9,0.78101149
1461.1,3823.5,0,-1,5.5865159,261.5,8.9,0.780676
868.2,3863.8,-592.9,40.3,3.3545512,261.7,8.9,0.78050826
274.2,3906.2,-594,42.4,1.07108,261.8,8.9,0.78042439
-320,3950.2,-594.2,44,-1.264064,261.7,8.9,0.78050826
-328.2,3954.5,-8.2,4.3,-1.2978669,261.6,8.9,0.78059213
-330,3957.7,-1.8,3.2,-1.306041,261.5,8.9,0.780676
-325.1,3960.1,4.9,2.4,-1.2874285,261.4,8.9,0.78075988
-331.1,3962.9,-6,2.8,-1.3121162,261.4,8.9,0.78075988
-322.1,3964.5,9,1.6,-1.2769655,261.3,8.9,0.78084375
-325.1,3966.7,-3,2.2,-1.2895742,261.2,8.9,0.78092762
-321.1,3968.3,4,1.6,-1.2742211,261.1,8.9,0.78101149
-324,3970.3,-2.9,2,-1.2863772,261,8.9,0.78109536
-322,3971.9,2,1.6,-1.2789518,260.9,8.9,0.78117923
-322.1,3973.5,-0.1,1.6,-1.2798643,260.8,8.9,0.7812631
-324,3975.1,-1.9,1.6,-1.2879324,260.7,8.9,0.78134698
-201,3968.1,123,-7,-0.7975881,260.7,8.9,0.78134698
-79,3960.7,122,-7.4,-0.3128953,260.6,8.9,0.78143085
-75,3961.1,4,0.4,-0.2970825,260.6,8.9,0.78143085
-76,3962,-1,0.9,-0.301112,260.6,8.9,0.78143085
-71,3962.4,5,0.4,-0.2813304,260.6,8.9,0.78143085
-77,3963.6,-6,1.2,-0.3051972,260.6,8.9,0.78143085
-69,3963.9,8,0.3,-0.2735091,260.5,8.9,0.78151472
-76,3965.1,-7,1.2,-0.3013476,260.5,8.9,0.78151472
-70,3965.5,6,0.4,-0.277585,260.5,8.9,0.78151472
-73,3966.4,-3,0.9,-0.2895472,260.5,8.9,0.78151472
-73,3967.2,0,0.8,-0.2896056,260.5,8.9,0.78151472
-28,3964.8,45,-2.4,-0.1110144,260.5,8.9,0.78151472
17,3962.1,45,-2.7,0.0673557,260.5,8.9,0.78151472
60,3959.5,43,-2.6,0.23757,260.5,8.9,0.78151472
109.1,3956.5,49.1,-3,0.43165415,260.5,8.9,0.78151472
155.1,3953.6,46,-2.9,0.61320336,260.5,8.9,0.78151472
197.1,3950.8,42,-2.8,0.77870268,260.6,8.9,0.78143085
248.1,3947.3,51,-3.5,0.97932513,260.7,8.9,0.78134698
245.1,3947.5,-3,0.2,0.96753225,260.7,8.9,0.78134698
125.1,3955.9,-120,8.4,0.49488309,260.8,8.9,0.7812631
5,3964.7,-120.1,8.8,0.0198235,260.8,8.9,0.7812631
-110.1,3973.6,-115.1,8.9,-0.43749336,260.7,8.9,0.78134698
-231,3983.1,-120.9,9.5,-0.9200961,260.7,8.9,0.78134698
-350,3992.6,-119,9.5,-1.39741,260.6,8.9,0.78143085
-346,3993.7,4,1.1,-1.3818202,260.5,8.9,0.78151472
-348,3995.2,-2,1.5,-1.3903296,260.4,8.9,0.78159859
-344.1,3996.1,3.9,0.9,-1.375058,260.3,8.9,0.78168246
-342,3997,2.1,0.9,-1.366974,260.2,8.8,0.78176633
-343,3998.1,-1,1.1,-1.3713483,260.1,8.8,0.78185021
-337.1,3998.7,5.9,0.6,-1.3479618,260,8.8,0.78193408
-336,3999.5,1.1,0.8,-1.343832,259.9,8.8,0.78201795
-337.1,4000.6,-1.1,1.1,-1.3486023,259.8,8.8,0.78210182
-330,4001,7.1,0.4,-1.32033,259.7,8.8,0.78218569
-325,4001.5,5,0.5,-1.3004875,259.6,8.8,0.78226956
-332,4002.8,-7,1.3,-1.3289296,259.6,8.8,0.78226956
-328.1,4003.3,3.9,0.5,-1.3134827,259.5,8.8,0.78235343
-328.1,4004.1,0,0.8,-1.3137452,259.4,8.8,0.78243731
-330,4005,-1.9,0.9,-1.32165,259.3,8.8,0.78252118
-326.1,4005.5,3.9,0.5,-1.3061935,259.2,8.8,0.78260505
-335,4006.8,-8.9,1.3,-1.342278,259.1,8.8,0.78268892
-50,3987.8,285,-19,-0.19939,259.1,8.8,0.78268892
230.1,3968,280.1,-19.8,0.9130368,259.1,8.8,0.78268892
509,3947.8,278.9,-20.2,2.0094302,259.3,8.8,0.78252118
781.1,3927.4,272.1,-20.4,3.0676921,259.5,8.8,0.78235343
1059.1,3906.1,278,-21.3,4.1369505,259.8,8.8,0.78210182
1062.1,3903.4,3,-2.7,4.1458011,260.1,8.8,0.78185021
1058.1,3901.5,-4,-1.9,4.1281771,260.4,8.8,0.78159859
1061.1,3899.6,3,-1.9,4.1378656,260.7,8.8,0.78134698
1058.1,3898.1,-3,-1.5,4.1245796,261,8.8,0.78109536
1054.1,3896.8,-4,-1.3,4.1076169,261.3,8.8,0.78084375
1059.1,3895.1,5,-1.7,4.1253004,261.6,8.8,0.78059213
1064.1,3893.4,5,-1.7,4.1429669,261.9,8.8,0.78034052
1061.1,3892.3,-3,-1.1,4.1301195,262.2,8.8,0.7800889
1063.1,3890.9,2,-1.4,4.1364158,262.4,8.8,0.77992116
1060.2,3890,-2.9,-0.9,4.124178,262.7,8.8,0.77966955
1233.1,3876.8,172.9,-13.2,4.7804821,263.1,8.8,0.77933406
1405,3863.2,171.9,-13.6,5.427796,263.5,8.8,0.77899857
1583.1,3848.9,178.1,-14.3,6.0931936,263.9,8.8,0.77866309
1760.1,3834.3,177,-14.6,6.7487514,264.4,8.8,0.77824373
1929,3820,168.9,-14.3,7.36878,264.9,8.8,0.77782437
2102,3805.2,173,-14.8,7.9985304,265.5,8.8,0.77732114
2280,3789.8,178,-15.4,8.640744,266.2,8.8,0.77673404
2276.1,3786.8,-3.9,-3,8.6191355,266.8,8.8,0.77623081
2280.1,3783.4,4,-3.4,8.6265303,267.4,8.8,0.77572759
2275,3780.9,-5.1,-2.5,8.6015475,268.1,8.8,0.77514048
2280,3777.9,5,-3,8.613612,268.7,8.8,0.77463726
2277.1,3775.5,-2.9,-2.4,8.597191,269.3,8.8,0.77413403
1268.1,3843.1,-1009,67.6,4.8734351,269.7,8.8,0.77379854
243.2,3915.3,-1024.9,72.2,0.95220096,269.7,8.8,0.77379854
246.1,3918.5,2.9,3.2,0.96434285,269.8,8.8,0.77371467
246.1,3920.9,0,2.4,0.96493349,269.9,8.8,0.7736308
247.1,3922.7,1,1.8,0.96929917,269.9,8.8,0.7736308
244.1,3924.5,-3,1.8,0.95797045,270,8.8,0.77354693
247.1,3925.6,3,1.1,0.97001576,270.1,8.8,0.77346305
246.1,3926.8,-1,1.2,0.96638548,270.1,8.8,0.77346305
244.1,3928,-2,1.2,0.9588248,270.2,8.8,0.77337918
239.1,3929.3,-5,1.3,0.93949563,270.3,8.8,0.77329531
241,3930.1,1.9,0.8,0.9471541,270.3,8.8,0.77329531
240.1,3931.1,-0.9,1,0.94385711,270.4,8.8,0.77321144
244.1,3931.5,4,0.4,0.95967915,270.5,8.8,0.77312757
241.1,3932.5,-3,1,0.94812575,270.6,8.8,0.7730437
245.1,3932.8,4,0.3,0.96392928,270.6,8.8,0.7730437
246.1,3933.5,1,0.7,0.96803435,270.7,8.8,0.77295983
-16,3952.5,-262.1,19,-0.06324,270.7,8.8,0.77295983
-276,3972,-260,19.5,-1.096272,270.6,8.8,0.7730437
-535.9,3992.1,-259.9,20.1,-2.1393664,270.5,8.8,0.77312757
-528,3994.1,7.9,2,-2.1088848,270.3,8.8,0.77329531
-451,3990.9,77,-3.2,-1.7998959,270.2,8.8,0.77337918
-377,3987.4,74,-3.5,-1.5032498,270.1,8.8,0.77346305
-297.1,3983.3,79.9,-4.1,-1.1834384,270,8.8,0.77354693
-217,3978.8,80.1,-4.5,-0.8633996,269.9,8.8,0.7736308
-137.1,3974.1,79.9,-4.7,-0.54484911,269.9,8.8,0.7736308
-58,3969.3,79.1,-4.8,-0.2302194,269.9,8.8,0.7736308
18,3964.4,76,-4.9,0.0713592,269.9,8.8,0.7736308
22,3964.4,4,0,0.0872168,269.9,8.8,0.7736308
20,3964.9,-2,0.5,0.079298,269.9,8.8,0.7736308
19,3965.4,-1,0.5,0.0753426,269.9,8.8,0.7736308
21,3965.7,2,0.3,0.0832797,269.9,8.8,0.7736308
16,3966.5,-5,0.8,0.063464,269.9,8.8,0.7736308
17,3966.9,1,0.4,0.0674373,269.9,8.8,0.7736308
18,3967.3,1,0.4,0.0714114,269.9,8.8,0.7736308
21,3967.5,3,0.2,0.0833175,269.9,8.8,0.7736308
19,3968.1,-2,0.6,0.0753939,269.9,8.8,0.7736308
19,3968.5,0,0.4,0.0754015,269.9,8.8,0.7736308
20,3968.9,1,0.4,0.079378,269.9,8.8,0.7736308
14,3969.8,-6,0.9,0.0555772,270,8.8,0.77354693
20,3969.8,6,0,0.079396,270,8.8,0.77354693
21,3970.1,1,0.3,0.0833721,270,8.8,0.77354693
21,3970.5,0,0.4,0.0833805,270,8.8,0.77354693
16,3971.2,-5,0.7,0.0635392,270,8.8,0.77354693
19,3971.4,3,0.2,0.0754566,270,8.8,0.77354693
18,3971.9,-1,0.5,0.0714942,270,8.8,0.77354693
17,3972.3,-1,0.4,0.0675291,270,8.8,0.77354693
20,3972.5,3,0.2,0.07945,270,8.8,0.77354693
22,3972.8,2,0.3,0.0874016,270,8.8,0.77354693
18,3973.4,-4,0.6,0.0715212,270,8.8,0.77354693
19,3973.7,1,0.3,0.0755003,270,8.8,0.77354693
18,3974.1,-1,0.4,0.0715338,270,8.8,0.77354693
15,3974.7,-3,0.6,0.0596205,270,8.8,0.77354693
24,3974.4,9,-0.3,0.0953856,270,8.8,0.77354693
21,3974.9,-3,0.5,0.0834729,270,8.8,0.77354693
22,3975.2,1,0.3,0.0874544,270,8.8,0.77354693
21,3975.5,-1,0.3,0.0834855,270,8.8,0.77354693
19,3976,-2,0.5,0.075544,270,8.8,0.77354693
17,3976.5,-2,0.5,0.0676005,270.1,8.8,0.77346305
24,3976.3,7,-0.2,0.0954312,270.1,8.8,0.77346305
26,3976.5,2,0.2,0.103389,270.1,8.8,0.77346305
25,3976.8,-1,0.3,0.09942,270.1,8.8,0.77346305
20,3977.4,-5,0.6,0.079548,270.1,8.8,0.77346305
21,3977.6,1,0.2,0.0835296,270.1,8.8,0.77346305
22,3977.9,1,0.3,0.0875138,270.1,8.8,0.77346305
20,3978.3,-2,0.4,0.079566,270.1,8.8,0.77346305
23,3978.3,3,0,0.0915009,270.1,8.8,0.77346305
19,3978.9,-4,0.6,0.0755991,270.1,8.8,0.77346305
23,3978.9,4,0,0.0915147,270.1,8.8,0.77346305
25,3979,2,0.1,0.099475,270.1,8.8,0.77346305
21,3979.6,-4,0.6,0.0835716,270.1,8.8,0.77346305
22,3979.8,1,0.2,0.0875556,270.1,8.7,0.77346305
16,3980.4,-6,0.6,0.0636864,270.1,8.7,0.77346305
16,3980.7,0,0.3,0.0636912,270.1,8.7,0.77346305
27,3980.1,11,-0.6,0.1074627,270.2,8.7,0.77337918
20,3980.9,-7,0.8,0.079618,270.2,8.7,0.77337918
27,3980.6,7,-0.3,0.1074762,270.2,8.7,0.77337918
21,3981.3,-6,0.7,0.0836073,270.2,8.7,0.77337918
21,3981.5,0,0.2,0.0836115,270.2,8.7,0.77337918
20,3981.8,-1,0.3,0.079636,270.2,8.7,0.77337918
24,3981.8,4,0,0.0955632,270.2,8.7,0.77337918
24,3982,0,0.2,0.095568,270.2,8.7,0.77337918
20,3982.4,-4,0.4,0.079648,270.2,8.7,0.77337918
17,3982.9,-3,0.5,0.0677093,270.2,8.7,0.77337918
19,3983,2,0.1,0.075677,270.2,8.7,0.77337918
16,3983.4,-3,0.4,0.0637344,270.2,8.7,0.77337918
24,3983.1,8,-0.3,0.0955944,270.2,8.7,0.77337918
25,3983.2,1,0.1,0.09958,270.2,8.7,0.77337918
26,3983.3,1,0.1,0.1035658,270.2,8.7,0.77337918
19,3984,-7,0.7,0.075696,270.2,8.7,0.77337918
24,3983.9,5,-0.1,0.0956136,270.2,8.7,0.77337918
19,3984.4,-5,0.5,0.0757036,270.3,8.7,0.77329531
19,3984.6,0,0.2,0.0757074,270.3,8.7,0.77329531
27,3984.2,8,-0.4,0.1075734,270.3,8.7,0.77329531
18,3985,-9,0.8,0.07173,270.3,8.7,0.77329531
20,3985.1,2,0.1,0.079702,270.3,8.7,0.77329531
26,3984.8,6,-0.3,0.1036048,270.3,8.7,0.77329531
19,3985.5,-7,0.7,0.0757245,270.3,8.7,0.77329531
90,3980.7,71,-4.8,0.358263,270.3,8.7,0.77329531
157.1,3976,67.1,-4.7,0.6246296,270.4,8.7,0.77321144
222.1,3971.2,65,-4.8,0.88200352,270.4,8.7,0.77321144
286,3966.3,63.9,-4.9,1.1343618,270.5,8.7,0.77312757
353.1,3961.1,67.1,-5.2,1.3986644,270.6,8.7,0.7730437
426.1,3955.4,73,-5.7,1.6853959,270.7,8.7,0.77295983
419.1,3955.1,-7,-0.3,1.6575824,270.8,8.7,0.77287595
420.1,3954.5,1,-0.6,1.6612854,270.9,8.7,0.77279208
424.1,3953.7,4,-0.8,1.6767642,271.1,8.7,0.77262434
424.1,3953.1,0,-0.6,1.6765097,271.2,8.7,0.77254047
420.1,3953,-4,-0.1,1.6606553,271.3,8.7,0.7724566
427.1,3952.1,7,-0.9,1.6879419,271.4,8.7,0.77237272
418.1,3952.3,-9,0.2,1.6524566,271.5,8.7,0.77228885
418,3951.9,-0.1,-0.4,1.6518942,271.7,8.7,0.77212111
367.1,3955.2,-50.9,3.3,1.4519539,271.8,8.7,0.77203724
315.1,3958.7,-52,3.5,1.2473864,271.8,8.7,0.77203724
313.1,3958.8,-2,0.1,1.2395003,271.9,8.7,0.77195337
315.1,3958.6,2,-0.2,1.2473549,272,8.7,0.7718695
311.1,3958.8,-4,0.2,1.2315827,272.1,8.7,0.77178562
307.1,3959,-4,0.2,1.2158089,272.2,8.7,0.77170175
313.1,3958.5,6,-0.5,1.2394063,272.3,8.7,0.77161788
305.1,3958.9,-8,0.4,1.2078604,272.4,8.7,0.77153401
316.1,3958.1,11,-0.8,1.2511554,272.4,8.7,0.77153401
312,3958.2,-4.1,0.1,1.2349584,272.5,8.7,0.77145014
315.1,3957.9,3.1,-0.3,1.2471343,272.6,8.7,0.77136627
314.1,3957.9,-1,0,1.2431764,272.7,8.7,0.7712824
312.1,3957.9,-2,0,1.2352606,272.8,8.7,0.77119852
1250,3891.6,937.9,-66.3,4.8645,273.1,8.7,0.77094691
1244,3888.9,-6,-2.7,4.8377916,273.5,8.7,0.77061142
1250.1,3886.1,6.1,-2.8,4.8580136,273.8,8.7,0.77035981
1246.1,3884.3,-4,-1.8,4.8402262,274.2,8.7,0.77002432
1248.1,3882.2,2,-2.1,4.8453738,274.5,8.7,0.76977271
1244.1,3880.8,-4,-1.4,4.8281033,274.9,8.7,0.76943722
1247.1,3879,3,-1.8,4.8375009,275.2,8.7,0.76918561
1241.1,3877.9,-6,-1.1,4.8128617,275.6,8.7,0.76885012
1243.1,3876.3,2,-1.6,4.8186285,275.9,8.7,0.76859851
1243.1,3874.9,0,-1.4,4.8168882,276.3,8.7,0.76826302
1244.1,3873.5,1,-1.4,4.8190213,276.6,8.7,0.76801141
1242.1,3872.3,-2,-1.2,4.8097838,276.9,8.7,0.76775979
1242.1,3871.1,0,-1.2,4.8082933,277.3,8.7,0.76742431
1245.1,3869.7,3,-1.4,4.8181635,277.6,8.7,0.76717269
1243.1,3868.7,-2,-1,4.809181,278,8.7,0.76683721
1246.1,3867.3,3,-1.4,4.8190425,278.3,8.7,0.76658559
1241.1,3866.6,-5,-0.7,4.7988373,278.7,8.7,0.7662501
703.1,3903.5,-538,36.9,2.7445508,278.9,8.7,0.76608236
152.2,3943.2,-550.9,39.7,0.60015504,278.9,8.7,0.76608236
-389,3983.7,-541.2,40.5,-1.5496593,278.8,8.7,0.76616623
-391.1,3987,-2.1,3.3,-1.5593157,278.7,8.7,0.7662501
-396,3989.9,-4.9,2.9,-1.5800004,278.6,8.7,0.76633398
-396,3992.1,0,2.2,-1.5808716,278.5,8.7,0.76641785
-392,3993.8,4,1.7,-1.5655696,278.4,8.7,0.76650172
-392.1,3995.5,-0.1,1.7,-1.5666355,278.3,8.7,0.76658559
-395.1,3997.4,-3,1.9,-1.5793727,278.1,8.7,0.76675333
-391,3998.6,4.1,1.2,-1.5634526,278,8.7,0.76683721
-391.1,4000,-0.1,1.4,-1.5644,277.9,8.7,0.76692108
-390,4001.3,1.1,1.3,-1.560507,277.8,8.7,0.76700495
-395,4002.9,-5,1.6,-1.5811455,277.7,8.7,0.76708882
128,3967,523,-35.9,0.507776,277.7,8.7,0.76708882
663,3928.7,535,-38.3,2.6047281,277.9,8.7,0.76692108
659.1,3927,-3.9,-1.7,2.5882857,278.1,8.7,0.76675333
660,3925.7,0.9,-1.3,2.590962,278.3,8.7,0.76658559
660,3924.5,0,-1.2,2.59017,278.5,8.7,0.76641785
662.1,3923.4,2.1,-1.1,2.5976831,278.7,8.7,0.7662501
330.2,3946.1,-331.9,22.7,1.3030022,278.8,8.7,0.76616623
1,3969.8,-329.2,23.7,0.0039698,278.8,8.7,0.76616623
-330,3994.6,-331,24.8,-1.318218,278.7,8.7,0.7662501
-332.1,3996.7,-2.1,2.1,-1.3273041,278.6,8.7,0.76633398
-334,3998.4,-1.9,1.7,-1.3354656,278.5,8.7,0.76641785
-332,3999.7,2,1.3,-1.3279004,278.4,8.7,0.76650172
-329.1,4000.7,2.9,1,-1.3166304,278.3,8.7,0.76658559
-331.1,4001.9,-2,1.2,-1.3250291,278.2,8.7,0.76666946
-220.1,3995.1,111,-6.8,-0.87932151,278.1,8.7,0.76675333
-225,3996.2,-4.9,1.1,-0.899145,278.1,8.7,0.76675333
-220,3996.5,5,0.3,-0.87923,278,8.7,0.76683721
-226.1,3997.6,-6.1,1.1,-0.90385736,278,8.7,0.76683721
-223.1,3998,3,0.4,-0.8919538,277.9,8.7,0.76692108
-286,4003.2,-62.9,5.2,-1.1449152,277.8,8.7,0.76700495
-356,4009,-70,5.8,-1.427204,277.7,8.6,0.76708882
-418.9,4014.4,-62.9,5.4,-1.6816322,277.6,8.6,0.76717269
-484,4020.1,-65.1,5.7,-1.9457284,277.5,8.6,0.76725656
-554,4026.2,-70,6.1,-2.2305148,277.3,8.6,0.76742431
-614,4031.7,-60,5.5,-2.4754638,277.1,8.6,0.76759205
-617,4033.3,-3,1.6,-2.4885461,277,8.6,0.76767592
-613,4034.2,4,0.9,-2.4729646,276.8,8.6,0.76784366
-619,4035.8,-6,1.6,-2.4981602,276.6,8.6,0.76801141
-617.1,4036.8,1.9,1,-2.4911093,276.5,8.6,0.76809528
-617,4037.9,0.1,1.1,-2.4913843,276.3,8.6,0.76826302
-617,4038.9,0,1,-2.4920013,276.1,8.6,0.76843076
-615,4039.8,2,0.9,-2.484477,275.9,8.6,0.76859851
-617,4040.8,-2,1,-2.4931736,275.8,8.6,0.76868238
-618,4041.8,-1,1,-2.4978324,275.6,8.6,0.76885012
-623,4043.1,-5,1.3,-2.5188513,275.4,8.6,0.76901786
-391.1,4027.6,231.9,-15.5,-1.5751944,275.3,8.6,0.76910174
-160.1,4011.4,231,-16.2,-0.64222514,275.3,8.6,0.76910174
70,3994.6,230.1,-16.8,0.279622,275.3,8.6,0.76910174
304.1,3977.1,234.1,-17.5,1.2094361,275.4,8.6,0.76901786
528.1,3960,224,-17.1,2.091276,275.5,8.6,0.76893399
536,3957.7,7.9,-2.3,2.1213272,275.7,8.6,0.76876625
533.1,3956.5,-2.9,-1.2,2.1092102,275.8,8.6,0.76868238
535.1,3955.1,2,-1.4,2.116374,276,8.6,0.76851464
531.2,3954.3,-3.9,-0.8,2.1005242,276.1,8.6,0.76843076
536.1,3952.9,4.9,-1.4,2.1191497,276.3,8.6,0.76826302
319.1,3967.4,-217,14.5,1.2659973,276.4,8.6,0.76817915
110.1,3982.1,-209,14.7,0.43842921,276.4,8.6,0.76817915
118.1,3981.9,8,-0.2,0.47026239,276.4,8.6,0.76817915
112.1,3982.6,-6,0.7,0.44644946,276.4,8.6,0.76817915
108.1,3983,-4,0.4,0.4305623,276.5,8.6,0.76809528
114.2,3982.6,6.1,-0.4,0.45481292,276.5,8.6,0.76809528
119.1,3982.4,4.9,-0.2,0.47430384,276.5,8.6,0.76809528
115.1,3982.7,-4,0.3,0.45840877,276.6,8.6,0.76801141
115.1,3982.7,0,0,0.45840877,276.6,8.6,0.76801141
114.2,3982.8,-0.9,0.1,0.45483576,276.6,8.6,0.76801141
116.1,3982.7,1.9,-0.1,0.46239147,276.7,8.6,0.76792754
112.1,3983,-4,0.3,0.4464943,276.7,8.6,0.76792754
95,3984.3,-17.1,1.3,0.3785085,276.7,8.6,0.76792754
74,3985.8,-21,1.5,0.2949492,276.7,8.6,0.76792754
47,3987.9,-27,2.1,0.1874313,276.8,8.6,0.76784366
53,3987.6,6,-0.3,0.2113428,276.8,8.6,0.76784366
50,3988,-3,0.4,0.1994,276.8,8.6,0.76784366
54,3987.9,4,-0.1,0.2153466,276.8,8.6,0.76784366
45,3988.6,-9,0.7,0.179487,276.8,8.6,0.76784366
49,3988.5,4,-0.1,0.1954365,276.8,8.6,0.76784366
52,3988.4,3,-0.1,0.2073968,276.8,8.6,0.76784366
57,3988.1,5,-0.3,0.2273217,276.9,8.6,0.76775979
47,3989,-10,0.9,0.187483,276.9,8.6,0.76775979
48,3989,1,0,0.191472,276.9,8.6,0.76775979
1779,3866.2,1731,-122.8,6.8779698,277.4,8.6,0.76734043
1782.1,3860.8,3.1,-5.4,6.8803317,277.9,8.6,0.76692108
1781,3856.7,-1.1,-4.1,6.8687827,278.4,8.6,0.76650172
1781.1,3853.3,0.1,-3.4,6.8631126,278.9,8.6,0.76608236
1776.1,3850.6,-5,-2.7,6.8390507,279.4,8.6,0.765663
1780,3847.4,3.9,-3.2,6.848372,279.9,8.6,0.76524365
1774.1,3845.2,-5.9,-2.2,6.8217693,280.3,8.6,0.76490816
1779.1,3842.3,5,-2.9,6.8358359,280.8,8.6,0.7644888
1776.1,3840.1,-3,-2.2,6.8204016,281.3,8.6,0.76406945
1776,3837.8,-0.1,-2.3,6.8159328,281.8,8.6,0.76365009
1773.2,3835.9,-2.8,-1.9,6.8018179,282.3,8.6,0.76323073
1779.1,3833.4,5.9,-2.5,6.8200019,282.8,8.6,0.76281137
1778.1,3831.5,-1,-1.9,6.8127902,283.3,8.6,0.76239202
1778,3829.5,-0.1,-2,6.808851,283.8,8.6,0.76197266
1781,3827.3,3,-2.2,6.8164213,284.3,8.6,0.7615533
1778,3825.7,-3,-1.6,6.8020946,284.8,8.6,0.76113394
1776.1,3824.1,-1.9,-1.6,6.791984,285.3,8.6,0.76071459
1784,3821.7,7.9,-2.4,6.8179128,285.8,8.6,0.76029523
1780,3820.3,-4,-1.4,6.800134,286.3,8.6,0.75987587
1776.1,3818.9,-3.9,-1.4,6.7827483,286.8,8.6,0.75945651
1761.2,3818.4,-14.9,-0.5,6.7249661,287.3,8.6,0.75903716
1742,3818.2,-19.2,-0.2,6.6513044,287.7,8.6,0.75870167
1725.1,3817.9,-16.9,-0.3,6.5862593,288.2,8.6,0.75828231
1707.1,3817.8,-18,-0.1,6.5173664,288.7,8.6,0.75786295
1708.1,3816.4,1,-1.4,6.5187928,289.2,8.6,0.7574436
1705,3815.4,-3.1,-1,6.505257,289.6,8.6,0.75710811
1710.1,3813.6,5.1,-1.8,6.5216374,290.1,8.6,0.75668875
1711.1,3812.3,1,-1.3,6.5232265,290.6,8.6,0.7562694
1711,3811,-0.1,-1.3,6.520621,291.1,8.6,0.75585004
1709.1,3809.9,-1.9,-1.1,6.5115001,291.5,8.6,0.75551455
1708,3808.7,-1.1,-1.2,6.5052596,292,8.6,0.75509519
1706.1,3807.7,-1.9,-1,6.496317,292.5,8.6,0.75467584
1710.1,3806.1,4,-1.6,6.5088116,293,8.6,0.75425648
1375.2,3828.6,-334.9,22.5,5.2650907,293.3,8.6,0.75400486
1054.1,3851.2,-321.1,22.6,4.0595499,293.6,8.6,0.75375325
714.2,3876,-339.9,24.8,2.7682392,293.8,8.6,0.75358551
388.1,3900.5,-326.1,24.5,1.513784,293.9,8.6,0.75350164
50,3926.6,-338.1,26.1,0.19633,294,8.6,0.75341776
-272,3952.2,-322,25.6,-1.0749984,293.9,8.6,0.75350164
-275,3955.6,-3,3.4,-1.08779,293.8,8.6,0.75358551
-275,3958.2,0,2.6,-1.088505,293.7,8.6,0.75366938
-274,3960.5,1,2.3,-1.085177,293.7,8.6,0.75366938
-273.1,3962.6,0.9,2.1,-1.0821861,293.6,8.6,0.75375325
-15,3946.2,258.1,-16.4,-0.059193,293.6,8.6,0.75375325
-15,3947.3,0,1.1,-0.0592095,293.6,8.6,0.75375325
-11,3948,4,0.7,-0.043428,293.6,8.7,0.75375325
-12,3949.1,-1,1.1,-0.0473892,293.6,8.7,0.75375325
-13,3950.2,-1,1.1,-0.0513526,293.6,8.7,0.75375325
-15,3951.3,-2,1.1,-0.0592695,293.6,8.7,0.75375325
-13,3952.1,2,0.8,-0.0513773,293.6,8.7,0.75375325
-19,3953.5,-6,1.4,-0.0751165,293.6,8.7,0.75375325
-16,3954.2,3,0.7,-0.0632672,293.5,8.7,0.75383712
-14,3954.9,2,0.7,-0.0553686,293.5,8.7,0.75383712
-17,3955.9,-3,1,-0.0672503,293.5,8.7,0.75383712
368.1,3929.4,385.1,-26.5,1.4464121,293.6,8.7,0.75375325
365.1,3929.1,-3,-0.3,1.4345144,293.7,8.7,0.75366938
368.1,3928.7,3,-0.4,1.4461545,293.8,8.7,0.75358551
374.1,3928.2,6,-0.5,1.4695396,293.9,8.7,0.75350164
366.1,3928.7,-8,0.5,1.4382971,294,8.7,0.75341776
366,3928.7,-0.1,0,1.4379042,294.2,8.7,0.75325002
369,3928.6,3,-0.1,1.4496534,294.3,8.7,0.75316615
417.1,3925.2,48.1,-3.4,1.6372009,294.4,8.7,0.75308228
463.1,3921.9,46,-3.3,1.8162319,294.5,8.7,0.75299841
518.1,3917.8,55,-4.1,2.0298122,294.6,8.7,0.75291453
567,3913.9,48.9,-3.9,2.2191813,294.8,8.7,0.75274679
621.1,3909.7,54.1,-4.2,2.4283147,295,8.7,0.75257905
671.1,3905.7,50,-4,2.6211153,295.2,8.7,0.75241131
668.1,3905.3,-3,-0.4,2.6091309,295.3,8.7,0.75232743
666.1,3904.9,-2,-0.4,2.6010539,295.5,8.7,0.75215969
669.1,3904.3,3,-0.6,2.6123671,295.7,8.7,0.75199195
670.1,3903.8,1,-0.5,2.6159364,295.9,8.7,0.75182421
671.1,3903.3,1,-0.5,2.6195046,296.1,8.7,0.75165646
667.1,3903.2,-4,-0.1,2.6038247,296.3,8.7,0.75148872
664.1,3903.1,-3,-0.1,2.5920487,296.5,8.7,0.75132098
666.1,3902.7,2,-0.4,2.5995885,296.6,8.7,0.7512371
1055,3874.8,388.9,-27.9,4.087914,296.9,8.7,0.75098549
1054.1,3873.3,-0.9,-1.5,4.0828455,297.2,8.7,0.75073388
1052.1,3872.2,-2,-1.1,4.0739416,297.5,8.7,0.75048226
1047.1,3871.5,-5,-0.7,4.0538476,297.8,8.7,0.75023065
1051.1,3870.2,4,-1.3,4.0679672,298.1,8.7,0.74997903
1052.1,3869.2,1,-1,4.0707853,298.4,8.7,0.74972742
1048.2,3868.6,-3.9,-0.6,4.0550665,298.7,8.7,0.7494758
1050.1,3867.6,1.9,-1,4.0613668,299,8.7,0.74922419
1051.1,3866.7,1,-0.9,4.0642884,299.3,8.7,0.74897257
1046.2,3866.3,-4.9,-0.4,4.0449231,299.6,8.7,0.74872096
1053.1,3865,6.9,-1.3,4.0702315,299.9,8.7,0.74846934
1057.1,3864.1,4,-0.9,4.0847401,300.1,8.7,0.7483016
1052.1,3863.7,-5,-0.4,4.0649988,300.4,8.7,0.74804999
1053.1,3863,1,-0.7,4.0681253,300.7,8.7,0.74779837
1050.1,3862.6,-3,-0.4,4.0561163,301,8.7,0.74754676
1593,3823.5,542.9,-39.1,6.0908355,301.5,8.7,0.7471274
1588.1,3821.6,-4.9,-1.9,6.069083,301.9,8.7,0.74679191
1592.1,3819.4,4,-2.2,6.0808667,302.3,8.7,0.74645643
1594.1,3817.6,2,-1.8,6.0856362,302.8,8.7,0.74603707
1593,3816.1,-1.1,-1.5,6.0790473,303.2,8.7,0.74570159
1591.1,3814.7,-1.9,-1.4,6.0695692,303.7,8.7,0.74528223
1591.1,3813.4,0,-1.3,6.0675007,304.1,8.7,0.74494674
1586.1,3812.4,-5,-1,6.0468476,304.6,8.7,0.74452738
1465.1,3819.7,-121,7.3,5.5962425,305,8.7,0.7441919
1330.1,3828.4,-135,8.7,5.0921548,305.3,8.7,0.74394028
1199.1,3837.2,-131,8.8,4.6011865,305.7,8.7,0.7436048
1060.2,3846.9,-138.9,9.7,4.0784834,306,8.7,0.74335318
927.1,3856.5,-133.1,9.6,3.5753611,306.2,8.7,0.74318544
798.1,3866.1,-129,9.6,3.0855344,306.4,8.7,0.7430177
661.1,3876.4,-137,10.3,2.562688,306.6,8.7,0.74284995
662.1,3877.3,1,0.9,2.5671603,306.8,8.7,0.74268221
666.1,3877.6,4,0.3,2.5828694,307,8.7,0.74251447
665.1,3878.2,-1,0.6,2.5793908,307.2,8.7,0.74234672
902.1,3861.8,237,-16.4,3.4837298,307.4,8.7,0.74217898
1128.1,3845.3,226,-16.5,4.3378829,307.7,8.7,0.74192737
1365,3827.5,236.9,-17.8,5.2245375,308.1,8.7,0.74159188
1587.1,3810.3,222.1,-17.2,6.0473271,308.6,8.7,0.74117252
1593.1,3807.9,6,-2.4,6.0663655,309,8.7,0.74083704
1592.1,3806.3,-1,-1.6,6.0600102,309.4,8.7,0.74050155
1115.1,3838.6,-477,32.3,4.2804229,309.8,8.7,0.74016607
1114.1,3838.8,-1,0.2,4.2768071,310.1,8.7,0.73991445
1120,3838.3,5.9,-0.5,4.298896,310.4,8.7,0.73966284
1119.1,3838.1,-0.9,-0.2,4.2952177,310.7,8.7,0.73941122
1116.2,3838,-2.9,-0.1,4.2839756,311,8.7,0.73915961
1112.1,3838,-4.1,0,4.2682398,311.3,8.7,0.73890799
1117.1,3837.3,5,-0.7,4.2866478,311.6,8.7,0.73865638
1116.1,3837,-1,-0.3,4.2824757,311.9,8.7,0.73840476
912.1,3851.2,-204,14.2,3.5126795,312.2,8.7,0.73815315
713.1,3865.7,-199,14.5,2.7566307,312.4,8.7,0.73798541
714.1,3866.4,1,0.7,2.7609962,312.6,8.7,0.73781766
712.1,3867.1,-2,0.7,2.7537619,312.8,8.7,0.73764992
716.1,3867.3,4,0.2,2.7693735,313,8.7,0.73748218
711.1,3868.1,-5,0.8,2.7506059,313.2,8.7,0.73731443
713.1,3868.2,2,0.1,2.7584134,313.4,8.7,0.73714669
716.1,3868.4,3,0.2,2.7701612,313.6,8.7,0.73697895
713.1,3868.8,-3,0.4,2.7588413,313.8,8.7,0.73681121
716,3868.8,2.9,0,2.7700608,314,8.7,0.73664346
715.1,3869.1,-0.9,0.3,2.7667934,314.2,8.7,0.73647572
710.1,3869.6,-5,0.5,2.747803,314.4,8.7,0.73630798
714.1,3869.5,4,-0.1,2.7632099,314.6,8.7,0.73614023
691.1,3871.3,-23,1.8,2.6754554,314.8,8.7,0.73597249
671.3,3872.9,-19.8,1.6,2.5998778,314.9,8.7,0.73588862
647.1,3874.9,-24.2,2,2.5074478,315.1,8.7,0.73572088
619.1,3877.2,-28,2.3,2.4003745,315.3,8.7,0.73555313
600.3,3878.9,-18.8,1.7,2.3285037,315.5,8.7,0.73538539
593.1,3879.7,-7.2,0.8,2.3010501,315.6,8.7,0.73530152
600.1,3879.5,7,-0.2,2.328088,315.8,8.7,0.73513378
597.1,3880,-3,0.5,2.316748,316,8.7,0.73496603
602.1,3880,5,0,2.336148,316.1,8.7,0.73488216
-1218.9,4009.4,-1821,129.4,-4.8870577,315.8,8.7,0.73513378
-1221.9,4015.6,-3,6.2,-4.9066616,315.4,8.7,0.73546926
-1217,4020,4.9,4.4,-4.89234,315.1,8.7,0.73572088
-1219,4024.2,-2,4.2,-4.9054998,314.8,8.7,0.73597249
-1221,4027.9,-2,3.7,-4.9180659,314.4,8.7,0.73630798
-854.1,4005.6,366.9,-22.3,-3.421183,314.2,8.7,0.73647572
-486,3981.7,368.1,-23.9,-1.9351062,314.1,8.7,0.73655959
-119.2,3956.7,366.8,-25,-0.47163864,314,8.7,0.73664346
248,3930.8,367.2,-25.9,0.9748384,314.1,8.7,0.73655959
246.1,3930.1,-1.9,-0.7,0.96719761,314.2,8.7,0.73647572
244.1,3929.8,-2,-0.3,0.95926418,314.2,8.7,0.73647572
248,3929.4,3.9,-0.4,0.9744912,314.3,8.7,0.73639185
240.1,3929.8,-7.9,0.4,0.94354498,314.4,8.7,0.73630798
943,3880.1,702.9,-49.7,3.6589343,314.6,8.7,0.73614023
1652,3827.9,709,-52.2,6.3236908,315.1,8.7,0.73572088
1639,3824.8,-13,-3.1,6.2688472,315.5,8.7,0.73538539
1648,3821,9,-3.8,6.297008,316,8.7,0.73496603
1648.1,3818.2,0.1,-2.8,6.2927754,316.5,8.7,0.73454667
1646.1,3815.9,-2,-2.3,6.281353,316.9,8.7,0.73421119
1646.1,3813.6,0,-2.3,6.277567,317.4,8.7,0.73379183
1269.2,3838.1,-376.9,24.5,4.8713165,317.7,8.7,0.73354022
1270.1,3837.1,0.9,-1,4.8735007,318.1,8.7,0.73320473
1270.1,3836.2,0,-0.9,4.8723576,318.4,8.7,0.73295312
1269.1,3835.3,-1,-0.9,4.8673792,318.8,8.7,0.73261763
1270.1,3834.3,1,-1,4.8699444,319.1,8.7,0.73236602
1270.1,3833.3,0,-1,4.8686743,319.5,8.7,0.73203053
1273.1,3832.2,3,-1.1,4.8787738,319.8,8.7,0.73177891
1263.1,3832,-10,-0.2,4.8401992,320.2,8.7,0.73144343
1270.1,3830.6,7,-1.4,4.8652451,320.5,8.7,0.73119181
1268.1,3829.9,-2,-0.7,4.8566962,320.9,8.7,0.73085633
1269,3829,0.9,-0.9,4.859001,321.2,8.7,0.73060471
1274.1,3827.9,5.1,-1.1,4.8771274,321.6,8.7,0.73026923
1275.1,3827,1,-0.9,4.8798077,322,8.7,0.72993374
1027.2,3843.8,-247.9,16.8,3.9483514,322.2,8.7,0.729766
781.2,3861.2,-246,17.4,3.0163694,322.5,8.7,0.72951438
530.1,3879.7,-251.1,18.5,2.056629,322.6,8.7,0.72943051
286.1,3898.3,-244,18.6,1.1153036,322.7,8.7,0.72934664
36,3917.7,-250.1,19.4,0.1410372,322.7,8.7,0.72934664
-200.9,3936.8,-236.9,19.1,-0.79090312,322.6,8.7,0.72943051
-442.9,3956.5,-242,19.7,-1.7523339,322.5,8.7,0.72951438
-436,3958.9,6.9,2.4,-1.7260804,322.4,8.7,0.72959826
-442,3961.8,-6,2.9,-1.7511156,322.3,8.7,0.72968213
-444,3964.3,-2,2.5,-1.7601492,322.1,8.7,0.72984987
-445,3966.5,-1,2.2,-1.7650925,322,8.7,0.72993374
-445,3968.5,0,2,-1.7659825,321.9,8.7,0.73001761
-439,3969.9,6,1.4,-1.7427861,321.8,8.7,0.73010148
-450,3972.4,-11,2.5,-1.78758,321.7,8.7,0.73018536
317.1,3919.8,767.1,-52.6,1.2429686,321.7,8.7,0.73018536
1085,3864.5,767.9,-55.3,4.1929825,322,8.7,0.72993374
1852.8,3807.7,767.8,-56.8,7.0549066,322.6,8.7,0.72943051
1845,3803.5,-7.8,-4.2,7.0174575,323.1,8.7,0.72901115
1847.1,3799.8,2.1,-3.7,7.0186106,323.6,8.7,0.7285918
1846.1,3796.7,-1,-3.1,7.0090879,324.1,8.7,0.72817244
1847,3793.8,0.9,-2.9,7.0071486,324.6,8.7,0.72775308
1496.1,3815.9,-350.9,22.1,5.708968,325,8.7,0.7274176
1152.2,3838.9,-343.9,23,4.4231806,325.3,8.7,0.72716598
803.3,3863.4,-348.9,24.5,3.1034692,325.6,8.7,0.72691437
451.1,3889,-352.2,25.6,1.7543279,325.7,8.7,0.7268305
112.3,3914.4,-338.8,25.4,0.43958712,325.7,8.7,0.7268305
-247,3942.1,-359.3,27.7,-0.9736987,325.7,8.7,0.7268305
-247,3944.9,0,2.8,-0.9743903,325.6,8.7,0.72691437
-242,3946.9,5,2,-0.9551498,325.5,8.7,0.72699824
-245,3949.1,-3,2.2,-0.9675295,325.5,8.7,0.72699824
-244.1,3950.9,0.9,1.8,-0.96441469,325.4,8.7,0.72708211
2,3935,246.1,-15.9,0.00787,325.4,8.7,0.72708211
250.9,3918.2,248.9,-16.8,0.98307638,325.5,8.7,0.72699824
504.1,3900.3,253.2,-17.9,1.9661412,325.6,8.7,0.72691437
508,3899.4,3.9,-0.9,1.9808952,325.7,8.7,0.7268305
508.1,3899.1,0.1,-0.3,1.9811327,325.9,8.7,0.72666275
501.2,3899.3,-6.9,0.2,1.9543292,326,8.7,0.72657888
502.1,3899.1,0.9,-0.2,1.9577381,326.2,8.7,0.72641114
500.1,3899.1,-2,0,1.9499399,326.3,8.7,0.72632727
509.1,3898.4,9,-0.7,1.9846754,326.4,8.7,0.7262434
508.1,3898.4,-1,0,1.980777,326.6,8.7,0.72607565
509.1,3898.3,1,-0.1,1.9846245,326.7,8.7,0.72599178
504,3898.6,-5.1,0.3,1.9648944,326.9,8.7,0.72582404
498.1,3899,-5.9,0.4,1.9420919,327,8.7,0.72574017
508.1,3898.3,10,-0.7,1.9807262,327.1,8.7,0.72565629
505.1,3898.5,-3,0.2,1.9691323,327.3,8.7,0.72548855
504.1,3898.5,-1,0,1.9652338,327.4,8.7,0.72540468
560.1,3894.6,56,-3.9,2.1813655,327.6,8.7,0.72523694
560.1,3894.4,0,-0.2,2.1812534,327.7,8.7,0.72515307
557.1,3894.5,-3,0.1,2.1696259,327.9,8.7,0.72498532
561.1,3894.1,4,-0.4,2.1849795,328,8.7,0.72490145
560.1,3894,-1,-0.1,2.1810294,328.2,8.7,0.72473371
563.1,3893.7,3,-0.3,2.1925425,328.4,8.7,0.72456596
561.1,3893.8,-2,0.1,2.1848112,328.5,8.7,0.72448209
562,3893.6,0.9,-0.2,2.1882032,328.7,8.7,0.72431435
557.1,3893.9,-4.9,0.3,2.1692917,328.8,8.7,0.72423048
564.1,3893.3,7,-0.6,2.1962105,329,8.7,0.72406274
559.1,3893.6,-5,0.3,2.1769118,329.1,8.7,0.72397886
561.1,3893.4,2,-0.2,2.1845867,329.3,8.7,0.72381112
1553,3823.1,991.9,-70.3,5.9372743,329.7,8.7,0.72347564
1559.1,3819.4,6.1,-3.7,5.9548265,330.2,8.7,0.72305628
1555.1,3817.1,-4,-2.3,5.9359722,330.6,8.7,0.72272079
1560,3814.6,4.9,-2.5,5.950776,331,8.7,0.72238531
1556.1,3812.9,-3.9,-1.7,5.9332537,331.4,8.7,0.72204982
1558,3811,1.9,-1.9,5.937538,331.9,8.7,0.72163046
1560.1,3809.2,2.1,-1.8,5.9427329,332.3,8.7,0.72129498
1559.1,3807.8,-1,-1.4,5.936741,332.7,8.7,0.72095949
1558.1,3806.3,-1,-1.5,5.930596,333.2,8.7,0.72054013
1556,3805.1,-2.1,-1.2,5.9207356,333.6,8.7,0.72020465
1162.2,3831.6,-393.8,26.5,4.4530855,333.9,8.7,0.71995303
768.2,3859.5,-394,27.9,2.9648679,334.2,8.7,0.71970142
372.1,3888.6,-396.1,29.1,1.4469481,334.3,8.7,0.71961755
-17,3918.1,-389.1,29.5,-0.0666077,334.2,8.7,0.71970142
-17,3920.7,0,2.6,-0.0666519,334.2,8.7,0.71970142
-21,3923.1,-4,2.4,-0.0823851,334.2,8.7,0.71970142
-20,3924.9,1,1.8,-0.078498,334.2,8.7,0.71970142
-22,3926.6,-2,1.7,-0.0863852,334.2,8.7,0.71970142
-15,3927.6,7,1,-0.058914,334.2,8.7,0.71970142
-14,3928.9,1,1.3,-0.0550046,334.2,8.7,0.71970142
-19,3930.4,-5,1.5,-0.0746776,334.2,8.7,0.71970142
-15,3931.4,4,1,-0.058971,334.2,8.7,0.71970142
-11,3932.1,4,0.7,-0.0432531,334.2,8.7,0.71970142
-15,3933.5,-4,1.4,-0.0590025,334.2,8.7,0.71970142
-12,3934.2,3,0.7,-0.0472104,334.2,8.7,0.71970142
-16,3935.5,-4,1.3,-0.062968,334.2,8.7,0.71970142
-19,3936.6,-3,1.1,-0.0747954,334.2,8.7,0.71970142
-20,3937.6,-1,1,-0.078752,334.2,8.7,0.71970142
112,3929,132,-8.6,0.440048,334.2,8.7,0.71970142
242.1,3920.1,130.1,-8.9,0.94905621,334.3,8.7,0.71961755
370.1,3911.1,128,-9,1.4474981,334.4,8.7,0.71953367
503,3901.4,132.9,-9.7,1.9624042,334.5,8.7,0.7194498
630.1,3891.9,127.1,-9.5,2.4522862,334.7,8.7,0.71928206
764.1,3881.6,134,-10.3,2.9659306,334.9,8.7,0.71911432
886.1,3871.9,122,-9.7,3.4308906,335.2,8.7,0.7188627
888.1,3870.4,2,-1.5,3.4373022,335.4,8.7,0.71869496
889,3869.3,0.9,-1.1,3.4398077,335.7,8.7,0.71844334
888.1,3868.4,-0.9,-0.9,3.435526,335.9,8.7,0.7182756
892.1,3867.3,4,-1.1,3.4500183,336.1,8.7,0.71810786
890.1,3866.7,-2,-0.6,3.4417497,336.4,8.7,0.71785624
891.1,3865.8,1,-0.9,3.4448144,336.6,8.7,0.7176885
890.1,3865.2,-1,-0.6,3.4404145,336.9,8.7,0.71743689
892.1,3864.4,2,-0.8,3.4474312,337.1,8.7,0.71726914
887,3864.1,-5.1,-0.3,3.4274567,337.4,8.7,0.71701753
896.1,3862.9,9.1,-1.2,3.4615447,337.6,8.7,0.71684979
895.1,3862.4,-1,-0.5,3.4572342,337.9,8.7,0.71659817
891.1,3862.1,-4,-0.3,3.4415173,338.1,8.7,0.71643043
892.1,3861.6,1,-0.5,3.4449334,338.4,8.7,0.71617881
1014.1,3852.4,122,-9.2,3.9067188,338.7,8.7,0.7159272
1127.1,3843.5,113,-8.9,4.3320089,339,8.7,0.71567559
1243.1,3834.1,116,-9.4,4.7661697,339.3,8.7,0.71542397
1242.1,3832.9,-1,-1.2,4.7608451,339.7,8.7,0.71508848
1235.1,3832.2,-7,-0.7,4.7331502,340,8.7,0.71483687
1236.1,3831,1,-1.2,4.7354991,340.3,8.7,0.71458526
1239.1,3829.8,3,-1.2,4.7455052,340.7,8.7,0.71424977
1241,3828.7,1.9,-1.1,4.7514167,341,8.7,0.71399815
1246.1,3827.4,5.1,-1.3,4.7693231,341.4,8.7,0.71366267
1238.1,3827.1,-8,-0.3,4.7383325,341.7,8.7,0.71341105
1239.1,3826.2,1,-0.9,4.7410444,342.1,8.7,0.71307557
1242.1,3825.1,3,-1.1,4.7511567,342.4,8.7,0.71282395
1238.1,3824.7,-4,-0.4,4.7353611,342.8,8.7,0.71248847
1240,3823.8,1.9,-0.9,4.741512,343.1,8.7,0.71223685
1237.1,3823.2,-2.9,-0.6,4.7296807,343.4,8.7,0.71198524
1237.1,3822.5,0,-0.7,4.7288147,343.8,8.7,0.71164975
1237.1,3821.8,0,-0.7,4.7279488,344.1,8.7,0.71139814
1235.1,3821.2,-2,-0.6,4.7195641,344.5,8.7,0.71106265
1239.1,3820.3,4,-0.9,4.7337337,344.8,8.7,0.71081104
966.1,3839,-273,18.7,3.7088579,345.1,8.7,0.71055942
699.1,3858.2,-267,19.2,2.6972676,345.3,8.7,0.71039168
413.1,3879.3,-286,21.1,1.6025388,345.4,8.7,0.71030781
417.1,3880.6,4,1.3,1.6185983,345.5,8.7,0.71022394
422,3881.4,4.9,0.8,1.6379508,345.6,8.7,0.71014007
417.2,3882.7,-4.8,1.3,1.6198624,345.7,8.7,0.71005619
415.1,3883.7,-2.1,1,1.6121239,345.9,8.7,0.70988845
420.1,3884,5,0.3,1.6316684,346,8.7,0.70980458
897,3850.8,476.9,-33.2,3.4541676,346.2,8.7,0.70963684
1088.1,3836.3,191.1,-14.5,4.174278,346.5,8.7,0.70938522
1261.1,3822.8,173,-13.5,4.8209331,346.9,8.7,0.70904974
1443.1,3808.4,182,-14.4,5.495902,347.3,8.7,0.70871425
1625,3793.7,181.9,-14.7,6.1647625,347.7,8.7,0.70837876
1803,3779.1,178,-14.6,6.8137173,348.2,8.7,0.70795941
1987,3763.9,184,-15.2,7.4788693,348.8,8.7,0.70745618
2171,3748.4,184,-15.5,8.1377764,349.4,8.7,0.70695295
2164,3746.1,-7,-2.3,8.1065604,350,8.7,0.70644972
2165.1,3743.6,1.1,-2.5,8.1052684,350.6,8.7,0.70594649
2169.1,3741,4,-2.6,8.1146031,351.2,8.7,0.70544326
2169.1,3738.9,0,-2.1,8.110048,351.8,8.7,0.70494003
2172,3736.7,2.9,-2.2,8.1161124,352.4,8.7,0.7044368
2167,3735.1,-5,-1.6,8.0939617,353,8.7,0.70393357
2175,3732.7,8,-2.4,8.1186225,353.6,8.7,0.70343034
2165.1,3731.6,-9.9,-1.1,8.0792872,354.2,8.7,0.70292712
2172.1,3729.4,7,-2.2,8.1006297,354.8,8.7,0.70242389
2230,3723.6,57.9,-5.8,8.303628,355.4,8.7,0.70192066
2288.1,3717.8,58.1,-5.8,8.5066982,356.1,8.7,0.70133356
2354,3711.3,65.9,-6.5,8.7364002,356.7,8.7,0.70083033
2412.1,3705.2,58.1,-6.1,8.9373129,357.4,8.7,0.70024323
2474,3698.9,61.9,-6.3,9.1510786,358.1,8.7,0.69965613
2531.1,3692.8,57.1,-6.1,9.3468461,358.8,8.7,0.69906903
2541.1,3689.9,10,-2.9,9.3764049,359.5,8.7,0.69848193
2540.1,3688,-1,-1.9,9.3678888,360.2,8.7,0.69789483
2531.1,3686.7,-9,-1.3,9.3314064,360.9,8.7,0.69730772
2533,3684.7,1.9,-2,9.3333451,361.6,8.7,0.69672062
2538.1,3682.5,5.1,-2.2,9.3465532,362.3,8.7,0.69613352
2537.1,3680.8,-1,-1.7,9.3385577,363,8.7,0.69554642
2537,3679,-0.1,-1.8,9.333623,363.7,8.7,0.69495932
2537.1,3677.4,0.1,-1.6,9.3299315,364.4,8.7,0.69437222
2533.1,3676,-4,-1.4,9.3116756,365.1,8.7,0.69378512
2533.1,3674.4,0,-1.6,9.3076226,365.8,8.7,0.69319802
2537,3672.6,3.9,-1.8,9.3173862,366.5,8.7,0.69261092
2533,3671.3,-4,-1.3,9.2994029,367.2,8.7,0.69202382
1612.3,3734.7,-920.7,63.4,6.0214568,367.7,8.7,0.69160446
686.2,3801.4,-926.1,66.7,2.6085207,367.9,8.7,0.69143672
692.1,3804.4,5.9,3,2.6330252,368.1,8.7,0.69126898
682.1,3807.6,-10,3.2,2.597164,368.3,8.8,0.69110123
689.1,3809.2,7,1.6,2.6249197,368.4,8.8,0.69101736
693.1,3810.6,4,1.4,2.6411269,368.6,8.8,0.69084962
693.1,3812.2,0,1.6,2.6422358,368.8,8.8,0.69068188
693.1,3813.5,0,1.3,2.6431369,369,8.8,0.69051413
692.1,3814.9,-1,1.4,2.6402923,369.2,8.8,0.69034639
683.1,3816.6,-9,1.7,2.6071195,369.4,8.8,0.69017865
691.1,3817.2,8,0.6,2.6380669,369.6,8.8,0.6900109
691,3818.1,-0.1,0.9,2.6383071,369.8,8.8,0.68984316
686.1,3819.4,-4.9,1.3,2.6204903,370,8.8,0.68967542
693.1,3819.8,7,0.4,2.6475034,370.2,8.8,0.68950767
686.1,3821.1,-7,1.3,2.6216567,370.4,8.8,0.68933993
694,3821.3,7.9,0.2,2.6519822,370.6,8.8,0.68917219
810.1,3813.9,116.1,-7.4,3.0896404,370.8,8.8,0.68900445
927.1,3806,117,-7.9,3.5285426,371,8.8,0.6888367
1051.1,3797.3,124,-8.7,3.991342,371.3,8.8,0.68858509
1162,3789.3,110.9,-8,4.4031666,371.7,8.8,0.6882496
1279.1,3780.6,117.1,-8.7,4.8357655,372,8.8,0.68799799
1397.1,3771.6,118,-9,5.2693024,372.4,8.8,0.6876625
1518.1,3762.2,121,-9.4,5.7113958,372.8,8.8,0.68732702
1514.1,3761.3,-4,-0.9,5.6949843,373.2,8.8,0.68699153
1518.1,3760.1,4,-1.2,5.7082078,373.7,8.8,0.68657217
1517.1,3759.3,-1,-0.8,5.703234,374.1,8.8,0.68623669
1517.1,3758.5,0,-0.8,5.7020203,374.5,8.8,0.6859012
1519.1,3757.7,2,-0.8,5.7083221,374.9,8.8,0.68556571
1511.2,3757.6,-7.9,-0.1,5.6784851,375.3,8.8,0.68523023
1515.1,3756.6,3.9,-1,5.6916247,375.8,8.8,0.68481087
1515.1,3756,0,-0.6,5.6907156,376.2,8.8,0.68447538
1512.1,3755.7,-3,-0.3,5.678994,376.6,8.8,0.6841399
1210.2,3776.3,-301.9,20.6,4.5700783,376.9,8.8,0.68388828
907.2,3798,-303,21.7,3.4455456,377.2,8.9,0.68363667
615.1,3819.6,-292.1,21.6,2.349436,377.4,8.9,0.68346893
610.1,3821.7,-5,2.1,2.3316192,377.5,8.9,0.68338505
609,3823.1,-1.1,1.4,2.3282679,377.7,8.9,0.68321731
614.1,3824,5.1,0.9,2.3483184,377.9,8.9,0.68304957
608.1,3825.4,-6,1.4,2.3262257,378,8.9,0.6829657
605.3,3826.5,-2.8,1.1,2.3161804,378.2,8.9,0.68279795
614.1,3826.8,8.8,0.3,2.3500379,378.4,8.9,0.68263021
791.1,3815.2,177,-11.6,3.0182047,378.6,8.9,0.68246247
969,3803,177.9,-12.2,3.685107,378.9,8.9,0.68221085
1157.1,3789.6,188.1,-13.4,4.3849462,379.2,8.9,0.68195924
1347.1,3775.7,190,-13.9,5.0862455,379.6,8.9,0.68162375
1533.1,3761.5,186,-14.2,5.7667556,380,8.9,0.68128827
1525,3760.7,-8.1,-0.8,5.7350675,380.4,8.9,0.68095278
1530.1,3759.2,5.1,-1.5,5.7519519,380.8,8.9,0.68061729
1533.1,3758,3,-1.2,5.7613898,381.3,8.9,0.68019794
1528.1,3757.4,-5,-0.6,5.7416829,381.7,8.9,0.67986245
1525.1,3756.9,-3,-0.5,5.7296482,382.1,8.9,0.67952696
1529.1,3755.8,4,-1.1,5.7429938,382.5,8.9,0.67919148
1534,3754.8,4.9,-1,5.7598632,383,8.9,0.67877212
1527.1,3754.5,-6.9,-0.3,5.733497,383.4,8.9,0.67843664
1530.1,3753.7,3,-0.8,5.7435364,383.8,8.9,0.67810115
1372.1,3764.1,-158,10.4,5.1647216,384.2,8.9,0.67776566
1226.1,3774.2,-146,10.1,4.6275466,384.5,8.9,0.67751405
1072.2,3785.2,-153.9,11,4.0584914,384.8,8.9,0.67726243
934.1,3795.4,-138.1,10.2,3.5452831,385.1,8.9,0.67701082
931.1,3796.4,-3,1,3.534828,385.4,8.9,0.6767592
935.1,3796.7,4,0.3,3.5502942,385.6,8.9,0.67659146
927.2,3797.7,-7.9,1,3.5212274,385.9,8.9,0.67633985
934.1,3797.7,6.9,0,3.5474316,386.1,8.9,0.6761721
1405,3765.2,470.9,-32.5,5.290106,386.5,8.9,0.67583662
1409.1,3763.8,4.1,-1.4,5.3035706,386.9,8.9,0.67550113
1403.1,3763.4,-6,-0.4,5.2804265,387.3,8.9,0.67516565
1408.1,3762.5,5,-0.9,5.2979762,387.7,8.9,0.67483016
1406.1,3762,-2,-0.5,5.2897482,388.1,8.9,0.67449467
1404.1,3761.7,-2,-0.3,5.281803,388.5,8.9,0.67415919
1611,3746.7,206.9,-15,6.0359337,388.9,8.9,0.6738237
1611.1,3745.7,0.1,-1,6.0346973,389.4,8.9,0.67340434
1615.1,3744.5,4,-1.2,6.0477419,389.8,8.9,0.67306886
1612.1,3743.8,-3,-0.7,6.03538,390.3,8.9,0.6726495
1611.1,3743.2,-1,-0.6,6.0306695,390.7,8.9,0.67231401
1616.1,3742.1,5,-1.1,6.0476078,391.2,8.9,0.67189466
1612.1,3741.7,-4,-0.4,6.0319946,391.6,8.9,0.67155917
1609.1,3741.3,-3,-0.4,6.0201258,392.1,8.9,0.67113981
1617.1,3740.1,8,-1.2,6.0481157,392.5,8.9,0.67080433
1609,3740.1,-8.1,0,6.0178209,393,8.9,0.67038497
1615.1,3739,6.1,-1.1,6.0388589,393.4,8.9,0.67004948
1614,3738.5,-1.1,-0.5,6.033939,393.8,8.9,0.669714
1615.1,3737.9,1.1,-0.6,6.0370823,394.3,8.9,0.66929464
1618.1,3737.1,3,-0.8,6.0470015,394.7,8.9,0.66895915
1610.1,3737.2,-8,0.1,6.0172657,395.2,8.9,0.6685398
1615.1,3736.3,5,-0.9,6.0344981,395.6,8.9,0.66820431
1523.1,3742.3,-92,6,5.6998971,396.1,8.9,0.66778495
1426.1,3748.8,-97,6.5,5.3461637,396.5,8.9,0.66744947
1334.1,3755.2,-92,6.4,5.0098123,396.8,8.9,0.66719785
1240.1,3761.9,-94,6.7,4.6651322,397.2,8.9,0.66686237
1147.2,3768.8,-92.9,6.9,4.3235674,397.5,8.9,0.66661075
1056.1,3775.6,-91.1,6.8,3.9874112,397.8,8.9,0.66635914
958.3,3783.1,-97.8,7.5,3.6253447,398.1,8.9,0.66610752
960.1,3783.8,1.8,0.7,3.6328264,398.3,8.9,0.66593978
966.1,3784,6,0.2,3.6557224,398.6,8.9,0.66568817
963.1,3784.7,-3,0.7,3.6450446,398.9,8.9,0.66543655
955.1,3785.8,-8,1.1,3.6158176,399.1,8.9,0.66526881
960.1,3785.9,5,0.1,3.6348426,399.4,8.9,0.66501719
959.1,3786.3,-1,0.4,3.6314403,399.7,8.9,0.66476558
962.1,3786.5,3,0.2,3.6429916,399.9,8.9,0.66459784
959,3787.1,-3.1,0.6,3.6318289,400.2,8.9,0.66434622
958.1,3787.4,-0.9,0.3,3.6287079,400.5,8.9,0.66409461
960.1,3787.6,2,0.2,3.6364748,400.7,8.9,0.66392686
963.1,3787.7,3,0.1,3.6479339,401,8.9,0.66367525
957.1,3788.4,-6,0.7,3.6258776,401.3,8.9,0.66342363
960.1,3788.4,3,0,3.6372428,401.5,8.9,0.66325589
636.2,3811.2,-323.9,22.8,2.4246854,401.7,8.9,0.66308815
308.1,3835.2,-328.1,24,1.1816251,401.8,8.9,0.66300428
-24,3860.3,-332.1,25.1,-0.0926472,401.8,8.9,0.66300428
-24,3862.7,0,2.4,-0.0927048,401.8,8.9,0.66300428
-24,3864.8,0,2.1,-0.0927552,401.8,8.9,0.66300428
-27,3867,-3,2.2,-0.104409,401.8,8.9,0.66300428
-22,3868.4,5,1.4,-0.0851048,401.8,8.9,0.66300428
-26,3870.3,-4,1.9,-0.1006278,401.7,8.9,0.66308815
-19,3871.4,7,1.1,-0.0735566,401.7,8.9,0.66308815
-23,3873.1,-4,1.7,-0.0890813,401.7,8.9,0.66308815
-23,3874.6,0,1.5,-0.0891158,401.7,8.9,0.66308815
-28,3876.2,-5,1.6,-0.1085336,401.7,8.9,0.66308815
-16,3876.7,12,0.5,-0.0620272,401.7,8.9,0.66308815
-26,3878.7,-10,2,-0.1008462,401.7,8.9,0.66308815
-23,3879.7,3,1,-0.0892331,401.7,8.9,0.66308815
-29,3881.3,-6,1.6,-0.1125577,401.7,8.9,0.66308815
-25,3882.2,4,0.9,-0.097055,401.7,8.9,0.66308815
-25,3883.4,0,1.2,-0.097085,401.7,8.9,0.66308815
-23,3884.4,2,1,-0.0893412,401.7,8.9,0.66308815
-25,3885.5,-2,1.1,-0.0971375,401.7,8.9,0.66308815
305,3863.7,330,-21.8,1.1784285,401.7,8.9,0.66308815
638.1,3840.7,333.1,-23,2.4507507,401.9,8.9,0.66292041
971.1,3817,333,-23.7,3.7066887,402.2,8.9,0.66266879
968.1,3815.8,-3,-1.2,3.694076,402.5,8.9,0.66241718
972.1,3814.4,4,-1.4,3.7079782,402.7,8.9,0.66224943
971.1,3813.6,-1,-0.8,3.703387,403,8.9,0.66199782
970.1,3812.9,-1,-0.7,3.6988943,403.3,8.9,0.6617462
977.1,3811.8,7,-1.1,3.7245098,403.5,8.9,0.66157846
973.1,3811.5,-4,-0.3,3.7089706,403.8,8.9,0.66132685
978.1,3810.6,5,-0.9,3.7271479,404.1,8.9,0.66107523
1146,3798.5,167.9,-12.1,4.353081,404.4,8.9,0.66082362
1317.1,3785.7,171.1,-12.8,4.9861455,404.8,8.9,0.66048813
1497,3771.9,179.9,-13.8,5.6465343,405.2,8.9,0.66015265
1672,3758.2,175,-13.7,6.2837104,405.7,8.9,0.65973329
1850,3744,178,-14.2,6.9264,406.2,8.9,0.65931393
2020.9,3730,170.9,-14,7.537957,406.7,8.9,0.65889457
2194,3715.7,173.1,-14.3,8.1522458,407.3,8.9,0.65839134
2198.1,3712.8,4.1,-2.9,8.1611057,407.9,8.9,0.65788812
2193.1,3710.9,-5,-1.9,8.1383748,408.6,8.9,0.65730101
2195.1,3708.5,2,-2.4,8.1405284,409.2,8.9,0.65679779
2194.1,3706.6,-1,-1.9,8.1326511,409.8,8.9,0.65629456
2194,3704.7,-0.1,-1.9,8.1281118,410.4,8.9,0.65579133
2200.1,3702.6,6.1,-2.1,8.1460903,411,8.9,0.6552881
2199.1,3700.9,-1,-1.7,8.1386492,411.6,8.9,0.65478487
2197,3699.4,-2.1,-1.5,8.1275818,412.2,8.9,0.65428164
2197,3697.9,0,-1.5,8.1242863,412.8,8.9,0.65377841
2197.1,3696.4,0.1,-1.5,8.1213604,413.4,8.9,0.65327518
1177.2,3765.7,-1019.9,69.3,4.432982,413.8,8.9,0.6529397
152.2,3838.1,-1025,72.4,0.58415882,413.8,8.9,0.6529397
165,3840.8,12.8,2.7,0.633732,413.9,8.9,0.65285582
154,3844.4,-11,3.6,0.5920376,413.9,8.9,0.65285582
154.1,3846.6,0.1,2.2,0.59276106,413.9,8.9,0.65285582
248.1,3842.1,94,-4.5,0.95322501,414,8.9,0.65277195
339.1,3837.4,91,-4.7,1.3012623,414.1,8.9,0.65268808
434.1,3832,95,-5.4,1.6634712,414.2,8.9,0.65260421
523.1,3826.7,89,-5.3,2.0017468,414.4,8.9,0.65243647
614.1,3821.1,91,-5.6,2.3465375,414.5,8.9,0.6523526
706.1,3815.1,92,-6,2.6938421,414.7,8.9,0.65218485
797.1,3809,91,-6.1,3.0361539,415,8.9,0.65193324
797.1,3809,0,0,3.0361539,415.2,8.9,0.6517655
801.1,3808.7,4,-0.3,3.0511496,415.4,8.9,0.65159775
798.1,3809.1,-3,0.4,3.0400427,415.6,8.9,0.65143001
797.1,3809.3,-1,0.2,3.036393,415.8,8.9,0.65126227
793.3,3809.7,-3.8,0.4,3.022235,416.1,8.9,0.65101065
801.1,3809.2,7.8,-0.5,3.0515501,416.3,8.9,0.65084291
793.1,3809.9,-8,0.7,3.0216317,416.5,8.9,0.65067517
422.1,3835.7,-371,25.8,1.619049,416.6,8.9,0.65059129
371.1,3840.4,-51,4.7,1.4251724,416.7,8.9,0.65050742
309.1,3845.8,-62,5.4,1.1887368,416.8,8.9,0.65042355
248.1,3851.2,-61,5.4,0.95548272,416.9,8.9,0.65033968
199.1,3855.7,-49,4.5,0.76766987,416.9,8.9,0.65033968
140.1,3861,-59,5.3,0.5409261,417,8.9,0.65025581
78,3866.5,-62.1,5.5,0.301587,417,8.9,0.65025581
26,3871.4,-52,4.9,0.1006564,417,8.9,0.65025581
24,3872.9,-2,1.5,0.0929496,417,8.9,0.65025581
34,3873.5,10,0.6,0.131699,417,8.9,0.65025581
27,3875.1,-7,1.6,0.1046277,417,8.9,0.65025581
23,3876.6,-4,1.5,0.0891618,417,8.9,0.65025581
26,3877.4,3,0.8,0.1008124,417,8.9,0.65025581
20,3878.9,-6,1.5,0.077578,417,8.9,0.65025581
22,3879.7,2,0.8,0.0853534,417.1,8.9,0.65017194
26,3880.4,4,0.7,0.1008904,417.1,8.9,0.65017194
26,3881.4,0,1,0.1009164,417.1,8.9,0.65017194
23,3882.5,-3,1.1,0.0892975,417.1,8.9,0.65017194
25,3883.3,2,0.8,0.0970825,417.1,8.9,0.65017194
17,3884.7,-8,1.4,0.0660399,417.1,8.9,0.65017194
23,3885.1,6,0.4,0.0893573,417.1,8.9,0.65017194
25,3885.8,2,0.7,0.097145,417.1,8.9,0.65017194
25,3886.6,0,0.8,0.097165,417.1,8.9,0.65017194
21,3887.7,-4,1.1,0.0816417,417.1,8.9,0.65017194
21,3888.4,0,0.7,0.0816564,417.1,8.9,0.65017194
18,3889.4,-3,1,0.0700092,417.1,8.9,0.65017194
27,3889.6,9,0.2,0.1050192,417.1,8.9,0.65017194
30,3890.1,3,0.5,0.116703,417.1,8.9,0.65017194
22,3891.3,-8,1.2,0.0856086,417.1,8.9,0.65017194
26,3891.7,4,0.4,0.1011842,417.2,8.9,0.65008807
23,3892.6,-3,0.9,0.0895298,417.2,8.9,0.65008807
21,3893.4,-2,0.8,0.0817614,417.2,8.9,0.65008807
19,3894.2,-2,0.8,0.0739898,417.2,8.9,0.65008807
20,3894.8,1,0.6,0.077896,417.2,8.9,0.65008807
21,3895.4,1,0.6,0.0818034,417.2,8.9,0.65008807
22,3895.9,1,0.5,0.0857098,417.2,8.9,0.65008807
18,3896.8,-4,0.9,0.0701424,417.2,8.9,0.65008807
26,3896.9,8,0.1,0.1013194,417.2,8.9,0.65008807
26,3897.5,0,0.6,0.101335,417.2,8.9,0.65008807
20,3898.5,-6,1,0.07797,417.2,8.9,0.65008807
29,3898.5,9,0,0.1130565,417.2,8.9,0.65008807
24,3899.4,-5,0.9,0.0935856,417.2,8.9,0.65008807
24,3899.9,0,0.5,0.0935976,417.2,8.9,0.65008807
28,3900.2,4,0.3,0.1092056,417.2,8.9,0.65008807
27,3900.8,-1,0.6,0.1053216,417.2,8.9,0.65008807
23,3901.6,-4,0.8,0.0897368,417.3,8.9,0.65000419
22,3902.2,-1,0.6,0.0858484,417.3,8.9,0.65000419
24,3902.6,2,0.4,0.0936624,417.3,8.9,0.65000419
28,3902.8,4,0.2,0.1092784,417.3,8.9,0.65000419
19,3903.9,-9,1.1,0.0741741,417.3,8.9,0.65000419
17,3904.6,-2,0.7,0.0663782,417.3,8.9,0.65000419
19,3905,2,0.4,0.074195,417.3,8.9,0.65000419
24,3905.1,5,0.1,0.0937224,417.3,8.9,0.65000419
24,3905.6,0,0.5,0.0937344,417.3,8.9,0.65000419
26,3905.9,2,0.3,0.1015534,417.3,8.9,0.65000419
26,3906.3,0,0.4,0.1015638,417.3,8.9,0.65000419
26,3906.8,0,0.5,0.1015768,417.3,8.9,0.65000419
24,3907.4,-2,0.6,0.0937776,417.3,8.9,0.65000419
22,3908,-2,0.6,0.085976,417.3,8.9,0.65000419
22,3908.4,0,0.4,0.0859848,417.3,8.9,0.65000419
23,3908.8,1,0.4,0.0899024,417.4,8.9,0.64992032
20,3909.5,-3,0.7,0.07819,417.4,8.9,0.64992032
25,3909.5,5,0,0.0977375,417.4,8.9,0.64992032
25,3910,0,0.5,0.09775,417.4,8.9,0.64992032
19,3910.8,-6,0.8,0.0743052,417.4,8.9,0.64992032
19,3911.2,0,0.4,0.0743128,417.4,8.9,0.64992032
28,3911,9,-0.2,0.109508,417.4,8.9,0.64992032
28,3911.4,0,0.4,0.1095192,417.4,8.9,0.64992032
17,3912.5,-11,1.1,0.0665125,417.4,8.9,0.64992032
23,3912.5,6,0,0.0899875,417.4,8.9,0.64992032
19,3913.2,-4,0.7,0.0743508,417.4,8.9,0.64992032
20,3913.5,1,0.3,0.07827,417.4,8.9,0.64992032
23,3913.7,3,0.2,0.0900151,417.4,8.9,0.64992032
24,3913.9,1,0.2,0.0939336,417.4,8.9,0.64992032
26,3914.1,2,0.2,0.1017666,417.4,8.9,0.64992032
22,3914.8,-4,0.7,0.0861256,417.4,8.9,0.64992032
20,3915.3,-2,0.5,0.078306,417.5,8.9,0.64983645
25,3915.3,5,0,0.0978825,417.5,8.9,0.64983645
24,3915.8,-1,0.5,0.0939792,417.5,8.9,0.64983645
19,3916.4,-5,0.6,0.0744116,417.5,8.9,0.64983645
25,3916.4,6,0,0.09791,417.5,8.9,0.64983645
21,3917,-4,0.6,0.082257,417.5,8.9,0.64983645
25,3917.1,4,0.1,0.0979275,417.5,8.9,0.64983645
25,3917.4,0,0.3,0.097935,417.5,8.8,0.64983645
20,3918,-5,0.6,0.07836,417.5,8.8,0.64983645
25,3918,5,0,0.09795,417.5,8.8,0.64983645
21,3918.6,-4,0.6,0.0822906,417.5,8.8,0.64983645
24,3918.8,3,0.2,0.0940512,417.5,8.8,0.64983645
27,3918.9,3,0.1,0.1058103,417.5,8.8,0.64983645
30,3919,3,0.1,0.11757,417.5,8.8,0.64983645
19,3920,-11,1,0.07448,417.5,8.8,0.64983645
27,3919.8,8,-0.2,0.1058346,417.6,8.8,0.64975258
19,3920.6,-8,0.8,0.0744914,417.6,8.8,0.64975258
22,3920.7,3,0.1,0.0862554,417.6,8.8,0.64975258
23,3921,1,0.3,0.090183,417.6,8.8,0.64975258
31,3920.7,8,-0.3,0.1215417,417.6,8.8,0.64975258
21,3921.7,-10,1,0.0823557,417.6,8.8,0.64975258
24,3921.7,3,0,0.0941208,417.6,8.8,0.64975258
19,3922.3,-5,0.6,0.0745237,417.6,8.8,0.64975258
24,3922.3,5,0,0.0941352,417.6,8.8,0.64975258
28,3922.3,4,0,0.1098244,417.6,8.8,0.64975258
20,3923.1,-8,0.8,0.078462,417.6,8.8,0.64975258
25,3923.1,5,0,0.0980775,417.6,8.8,0.64975258
28,3923.2,3,0.1,0.1098496,417.6,8.8,0.64975258
20,3923.9,-8,0.7,0.078478,417.6,8.8,0.64975258
29,3923.6,9,-0.3,0.1137844,417.6,8.8,0.64975258
22,3924.3,-7,0.7,0.0863346,417.6,8.8,0.64975258
22,3924.6,0,0.3,0.0863412,417.7,8.8,0.64966871
21,3924.9,-1,0.3,0.0824229,417.7,8.8,0.64966871
20,3925.2,-1,0.3,0.078504,417.7,8.8,0.64966871
27,3925,7,-0.2,0.105975,417.7,8.8,0.64966871
20,3925.8,-7,0.8,0.078516,417.7,8.8,0.64966871
21,3925.9,1,0.1,0.0824439,417.7,8.8,0.64966871
22,3926.1,1,0.2,0.0863742,417.7,8.8,0.64966871
22,3926.4,0,0.3,0.0863808,417.7,8.8,0.64966871
24,3926.4,2,0,0.0942336,417.7,8.8,0.64966871
21,3926.9,-3,0.5,0.0824649,417.7,8.8,0.64966871
20,3927.2,-1,0.3,0.078544,417.7,8.8,0.64966871
26,3927,6,-0.2,0.102102,417.7,8.8,0.64966871
28,3927.1,2,0.1,0.1099588,417.7,8.8,0.64966871
21,3927.9,-7,0.8,0.0824859,417.7,8.8,0.64966871
28,3927.6,7,-0.3,0.1099728,417.7,8.8,0.64966871
21,3928.3,-7,0.7,0.0824943,417.8,8.8,0.64958484
19,3928.7,-2,0.4,0.0746453,417.8,8.8,0.64958484
25,3928.5,6,-0.2,0.0982125,417.8,8.8,0.64958484
20,3929,-5,0.5,0.07858,417.8,8.8,0.64958484
227.1,3914.8,207.1,-14.2,0.88905108,417.8,8.8,0.64958484
429.1,3900.3,202,-14.5,1.6736187,418,8.8,0.64941709
651.1,3883.8,222,-16.5,2.5287422,418.1,8.8,0.64933322
846,3868.8,194.9,-15,3.2730048,418.4,8.8,0.64908161
1058.1,3852.3,212.1,-16.5,4.0761186,418.7,8.8,0.64882999
1260.1,3836,202,-16.3,4.8337436,419,8.8,0.64857838
1260,3833.7,-0.1,-2.3,4.830462,419.4,8.8,0.64824289
1257.1,3831.8,-2.9,-1.9,4.8169558,419.7,8.8,0.64799128
1263.1,3829.5,6,-2.3,4.8370414,420.1,8.8,0.64765579
1258.1,3828.1,-5,-1.4,4.8161326,420.4,8.8,0.64740418
1259.1,3826.3,1,-1.8,4.8176943,420.8,8.8,0.64706869
1257.1,3824.9,-2,-1.4,4.8082818,421.1,8.8,0.64681708
1262.1,3823.1,5,-1.8,4.8251345,421.5,8.8,0.64648159
1261.1,3821.8,-1,-1.3,4.819672,421.8,8.8,0.64622998
1261.1,3820.4,0,-1.4,4.8179064,422.2,8.8,0.64589449
1260.1,3819.1,-1,-1.3,4.8124479,422.5,8.8,0.64564288
1261.1,3817.8,1,-1.3,4.8146276,422.9,8.8,0.64530739
1259.1,3816.6,-2,-1.2,4.8054811,423.2,8.8,0.64505577
1262.1,3815.2,3,-1.4,4.8151639,423.6,8.8,0.64472029
1255.1,3814.6,-7,-0.6,4.7877045,423.9,8.8,0.64446867
848.1,3841.9,-407,27.3,3.2583154,424.1,8.8,0.64430093
848.1,3842,0,0.1,3.2584002,424.4,8.8,0.64404932
848.1,3841.9,0,-0.1,3.2583154,424.6,8.8,0.64388157
850.1,3841.5,2,-0.4,3.2656592,424.9,8.8,0.64362996
847.1,3841.5,-3,0,3.2541346,425.1,8.8,0.64346222
851.1,3840.8,4,-0.7,3.2689049,425.3,8.8,0.64329447
849.1,3840.6,-2,-0.2,3.2610535,425.6,8.8,0.64304286
851.1,3840.1,2,-0.5,3.2683091,425.8,8.8,0.64287512
846.1,3840.2,-5,0.1,3.2491932,426,8.8,0.64270737
854.1,3839.1,8,-1.1,3.2789753,426.3,8.8,0.64245576
820.1,3841.2,-34,2.1,3.1501681,426.5,8.8,0.64228801
797.1,3842.5,-23,1.3,3.0628567,426.7,8.8,0.64212027
761.1,3844.8,-36,2.3,2.9262773,426.9,8.8,0.64195253
734.1,3846.5,-27,1.7,2.8237156,427.1,8.8,0.64178479
707.1,3848.3,-27,1.8,2.7211329,427.3,8.8,0.64161704
679.1,3850.2,-28,1.9,2.6146708,427.5,8.8,0.6414493
680.1,3850.1,1,-0.1,2.618453,427.7,8.8,0.64128156
679.1,3850.1,-1,0,2.6146029,427.9,8.8,0.64111381
681.1,3849.9,2,-0.2,2.6221669,428.1,8.8,0.64094607
249.1,3880.1,-432,30.2,0.96653291,428.2,8.8,0.6408622
-181,3911.6,-430.1,31.5,-0.7079996,428.1,8.8,0.64094607
-187,3914.2,-6,2.6,-0.7319554,428.1,8.8,0.64094607
-180,3915.5,7,1.3,-0.70479,428,8.8,0.64102994
-188.1,3917.6,-8.1,2.1,-0.73690056,427.9,8.8,0.64111381
-183.1,3918.7,5,1.1,-0.71751397,427.9,8.8,0.64111381
-183.1,3919.9,0,1.2,-0.71773369,427.8,8.8,0.64119769
-185,3921.3,-1.9,1.4,-0.7254405,427.8,8.8,0.64119769
-182,3922.2,3,0.9,-0.7138404,427.7,8.8,0.64128156
-180,3923.1,2,0.9,-0.706158,427.7,8.8,0.64128156
-182,3924.3,-2,1.2,-0.7142226,427.6,8.8,0.64136543
-183.1,3925.3,-1.1,1,-0.71872243,427.6,8.8,0.64136543
1180,3830.6,1363.1,-94.7,4.520108,427.9,8.8,0.64111381
1187.1,3826.8,7.1,-3.8,4.5427943,428.3,8.8,0.64077833
1188.1,3824.3,1,-2.5,4.5436508,428.6,8.8,0.64052671
1189.1,3822.3,1,-2,4.5450969,428.9,8.8,0.6402751
1187.1,3820.7,-2,-1.6,4.535553,429.2,8.8,0.64002348
1184.1,3819.3,-3,-1.4,4.5224331,429.6,8.8,0.639688
814.2,3843.9,-369.9,24.6,3.1297034,429.8,8.8,0.63952025
454.2,3868.9,-360,25,1.7572544,429.9,8.8,0.63943638
450.1,3869.9,-4.1,1,1.741842,430,8.8,0.63935251
449.1,3870.5,-1,0.6,1.7382415,430.2,8.8,0.63918477
448.1,3870.8,-1,0.3,1.7345055,430.3,8.8,0.6391009
446.1,3871.2,-2,0.4,1.7269423,430.4,8.8,0.63901703
447.1,3871.3,1,0.1,1.7308582,430.5,8.8,0.63893315
450.1,3871.3,3,0,1.7424721,430.7,8.8,0.63876541
450,3871.4,-0.1,0.1,1.74213,430.8,8.8,0.63868154
542.1,3865,92.1,-6.4,2.0952165,430.9,8.8,0.63859767
629.1,3858.7,87,-6.3,2.4275082,431.1,8.8,0.63842993
720.1,3851.9,91,-6.8,2.7737532,431.3,8.7,0.63826218
816.1,3844.5,96,-7.4,3.1374964,431.5,8.7,0.63809444
817.1,3843.7,1,-0.8,3.1406873,431.8,8.7,0.63784282
820.1,3842.8,3,-0.9,3.1514803,432,8.7,0.63767508
825.1,3841.8,5,-1,3.1698692,432.2,8.7,0.63750734
821.1,3841.5,-4,-0.3,3.1542557,432.5,8.7,0.63725572
822.1,3840.9,1,-0.6,3.1576039,432.7,8.7,0.63708798
824.1,3840.3,2,-0.6,3.1647912,432.9,8.7,0.63692024
820.1,3840,-4,-0.3,3.149184,433.1,8.7,0.6367525
819.1,3839.7,-1,-0.3,3.1450983,433.4,8.7,0.63650088
823.1,3838.9,4,-0.8,3.1597986,433.6,8.7,0.63633314
822.1,3838.6,-1,-0.3,3.1557131,433.8,8.7,0.63616539
815.1,3838.6,-7,0,3.1288429,434.1,8.7,0.63591378
818.1,3838,3,-0.6,3.1398678,434.3,8.7,0.63574604
1311.1,3803,493,-35,4.9861133,434.6,8.7,0.63549442
1800,3766.9,488.9,-36.1,6.78042,435.1,8.7,0.63507507
1800.1,3764,0.1,-2.9,6.7755764,435.6,8.7,0.63465571
1798,3761.7,-2.1,-2.3,6.7635366,436.1,8.7,0.63423635
1801.1,3759.4,3.1,-2.3,6.7710553,436.6,8.7,0.63381699
1800.1,3757.4,-1,-2,6.7636957,437.1,8.7,0.63339763
1800,3755.6,-0.1,-1.8,6.76008,437.6,8.7,0.63297828
1798.1,3754,-1.9,-1.6,6.7500674,438.1,8.7,0.63255892
-353.1,3903.8,-2151.2,149.8,-1.3784318,438,8.7,0.63264279
-348,3908.1,5.1,4.3,-1.3600188,438,8.7,0.63264279
-350,3911.5,-2,3.4,-1.369025,437.9,8.7,0.63272666
-348.1,3914,1.9,2.5,-1.3624634,437.8,8.7,0.63281053
-347,3916.4,1.1,2.4,-1.3589908,437.7,8.7,0.63289441
-348.1,3918.6,-1.1,2.2,-1.3640647,437.6,8.7,0.63297828
-346,3920.3,2.1,1.7,-1.3564238,437.5,8.7,0.63306215
-348,3922.3,-2,2,-1.3649604,437.4,8.7,0.63314602
-351,3924.1,-3,1.8,-1.3773591,437.3,8.7,0.63322989
-349.1,3925.6,1.9,1.5,-1.370427,437.2,8.7,0.63331376
-346,3926.8,3.1,1.2,-1.3586728,437.1,8.7,0.63339763
-349,3928.4,-3,1.6,-1.3710116,437,8.7,0.63348151
-350.1,3929.9,-1.1,1.5,-1.375858,436.9,8.7,0.63356538
-346,3930.9,4.1,1,-1.3600914,436.8,8.7,0.63364925
-345.1,3932.1,0.9,1.2,-1.3569677,436.7,8.7,0.63373312
-345,3933.3,0.1,1.2,-1.3569885,436.6,8.7,0.63381699
-292,3930.7,53,-2.6,-1.1477644,436.5,8.7,0.63390086
-235,3927.7,57,-3,-0.9230095,436.5,8.7,0.63390086
-178.1,3924.5,56.9,-3.2,-0.69895345,436.4,8.7,0.63398474
-131.1,3921.8,47,-2.7,-0.51414798,436.4,8.7,0.63398474
-77,3918.5,54.1,-3.3,-0.3017245,436.3,8.7,0.63406861
-21,3915.1,56,-3.4,-0.0822171,436.3,8.7,0.63406861
42,3910.8,63,-4.3,0.1642536,436.4,8.7,0.63398474
35,3911.5,-7,0.7,0.1369025,436.4,8.7,0.63398474
37,3911.6,2,0.1,0.1447292,436.4,8.7,0.63398474
40,3911.7,3,0.1,0.156468,436.4,8.7,0.63398474
38,3912.1,-2,0.4,0.1486598,436.4,8.7,0.63398474
38,3912.4,0,0.3,0.1486712,436.4,8.7,0.63398474
34,3913,-4,0.6,0.133042,436.4,8.7,0.63398474
30,3913.6,-4,0.6,0.117408,436.4,8.7,0.63398474
40,3913.3,10,-0.3,0.156532,436.4,8.7,0.63398474
36,3913.9,-4,0.6,0.1409004,436.4,8.7,0.63398474
41,3913.9,5,0,0.1604699,436.5,8.7,0.63390086
36,3914.6,-5,0.7,0.1409256,436.5,8.7,0.63390086
37,3914.8,1,0.2,0.1448476,436.5,8.7,0.63390086
36,3915.2,-1,0.4,0.1409472,436.5,8.7,0.63390086
36,3915.6,0,0.4,0.1409616,436.5,8.7,0.63390086
43,3915.4,7,-0.2,0.1683622,436.5,8.7,0.63390086
39,3916,-4,0.6,0.152724,436.5,8.7,0.63390086
34,3916.6,-5,0.6,0.1331644,436.5,8.7,0.63390086
39,3916.6,5,0,0.1527474,436.5,8.7,0.63390086
34,3917.3,-5,0.7,0.1331882,436.5,8.7,0.63390086
39,3917.2,5,-0.1,0.1527708,436.6,8.7,0.63381699
34,3917.9,-5,0.7,0.1332086,436.6,8.7,0.63381699
37,3918,3,0.1,0.144966,436.6,8.7,0.63381699
33,3918.6,-4,0.6,0.1293138,436.6,8.7,0.63381699
42,3918.2,9,-0.4,0.1645644,436.6,8.7,0.63381699
43,3918.4,1,0.2,0.1684912,436.6,8.7,0.63381699
41,3918.8,-2,0.4,0.1606708,436.6,8.7,0.63381699
36,3919.5,-5,0.7,0.141102,436.6,8.7,0.63381699
34,3919.9,-2,0.4,0.1332766,436.6,8.7,0.63381699
36,3920.1,2,0.2,0.1411236,436.7,8.7,0.63373312
34,3920.4,-2,0.3,0.1332936,436.7,8.7,0.63373312
38,3920.4,4,0,0.1489752,436.7,8.7,0.63373312
37,3920.8,-1,0.4,0.1450696,436.7,8.7,0.63373312
38,3921,1,0.2,0.148998,436.7,8.7,0.63373312
34,3921.5,-4,0.5,0.133331,436.7,8.7,0.63373312
37,3921.6,3,0.1,0.1450992,436.7,8.7,0.63373312
37,3921.8,0,0.2,0.1451066,436.7,8.7,0.63373312
42,3921.7,5,-0.1,0.1647114,436.7,8.7,0.63373312
41,3922,-1,0.3,0.160802,436.7,8.7,0.63373312
42,3922.2,1,0.2,0.1647324,436.8,8.7,0.63364925
38,3922.7,-4,0.5,0.1490626,436.8,8.7,0.63364925
38,3923,0,0.3,0.149074,436.8,8.7,0.63364925
30,3923.8,-8,0.8,0.117714,436.8,8.7,0.63364925
37,3923.5,7,-0.3,0.1451695,436.8,8.7,0.63364925
42,3923.4,5,-0.1,0.1647828,436.8,8.7,0.63364925
35,3924.1,-7,0.7,0.1373435,436.8,8.7,0.63364925
42,3923.9,7,-0.2,0.1648038,436.8,8.7,0.63364925
34,3924.6,-8,0.7,0.1334364,436.8,8.7,0.63364925
37,3924.6,3,0,0.1452102,436.8,8.7,0.63364925
39,3924.7,2,0.1,0.1530633,436.9,8.7,0.63356538
37,3925,-2,0.3,0.145225,436.9,8.7,0.63356538
39,3925.1,2,0.1,0.1530789,436.9,8.7,0.63356538
34,3925.7,-5,0.6,0.1334738,436.9,8.7,0.63356538
36,3925.8,2,0.1,0.1413288,436.9,8.7,0.63356538
36,3926,0,0.2,0.141336,436.9,8.7,0.63356538
33,3926.4,-3,0.4,0.1295712,436.9,8.7,0.63356538
39,3926.2,6,-0.2,0.1531218,436.9,8.7,0.63356538
35,3926.7,-4,0.5,0.1374345,436.9,8.7,0.63356538
34,3927,-1,0.3,0.133518,436.9,8.7,0.63356538
32,3927.3,-2,0.3,0.1256736,437,8.7,0.63348151
37,3927.2,5,-0.1,0.1453064,437,8.7,0.63348151
41,3927.1,4,-0.1,0.1610111,437,8.7,0.63348151
34,3927.8,-7,0.7,0.1335452,437,8.7,0.63348151
33,3928,-1,0.2,0.129624,437,8.7,0.63348151
36,3928,3,0,0.141408,437,8.7,0.63348151
38,3928,2,0,0.149264,437,8.7,0.63348151
31,3928.7,-7,0.7,0.1217897,437,8.7,0.63348151
35,3928.6,4,-0.1,0.137501,437,8.7,0.63348151
39,3928.5,4,-0.1,0.1532115,437,8.7,0.63348151
38,3928.7,-1,0.2,0.1492906,437.1,8.7,0.63339763
42,3928.6,4,-0.1,0.1650012,437.1,8.7,0.63339763
36,3929.2,-6,0.6,0.1414512,437.1,8.7,0.63339763
38,3929.3,2,0.1,0.1493134,437.1,8.7,0.63339763
38,3929.4,0,0.1,0.1493172,437.1,8.7,0.63339763
41,3929.4,3,0,0.1611054,437.1,8.7,0.63339763
41,3929.5,0,0.1,0.1611095,437.1,8.7,0.63339763
34,3930.2,-7,0.7,0.1336268,437.1,8.7,0.63339763
37,3930.2,3,0,0.1454174,437.1,8.7,0.63339763
35,3930.5,-2,0.3,0.1375675,437.2,8.7,0.63331376
39,3930.3,4,-0.2,0.1532817,437.2,8.7,0.63331376
40,3930.5,1,0.2,0.15722,437.2,8.7,0.63331376
31,3931.2,-9,0.7,0.1218672,437.2,8.7,0.63331376
46,3930.3,15,-0.9,0.1807938,437.2,8.7,0.63331376
37,3931.1,-9,0.8,0.1454507,437.2,8.7,0.63331376
40,3931.1,3,0,0.157244,437.2,8.7,0.63331376
36,3931.5,-4,0.4,0.141534,437.2,8.7,0.63331376
35,3931.7,-1,0.2,0.1376095,437.2,8.7,0.63331376
41,3931.5,6,-0.2,0.1611915,437.2,8.7,0.63331376
39,3931.8,-2,0.3,0.1533402,437.3,8.7,0.63322989
299,3913.4,260,-18.4,1.1701066,437.3,8.7,0.63322989
563.1,3893.9,264.1,-19.5,2.1926551,437.5,8.7,0.63306215
832.1,3873.5,269,-20.4,3.2231393,437.7,8.7,0.63289441
826.1,3872,-6,-1.5,3.1986592,438,8.7,0.63264279
826.1,3870.5,0,-1.5,3.19742,438.2,8.7,0.63247505
827.1,3869.1,1,-1.4,3.2001326,438.4,8.7,0.63230731
828.1,3867.7,1,-1.4,3.2028424,438.6,8.7,0.63213956
825.1,3866.9,-3,-0.8,3.1905792,438.9,8.7,0.63188795
828.1,3865.5,3,-1.4,3.2010205,439.1,8.7,0.6317202
828.1,3864.5,0,-1,3.2001924,439.3,8.7,0.63155246
828.1,3863.5,0,-1,3.1993643,439.6,8.7,0.63130085
829.1,3862.5,1,-1,3.2023987,439.8,8.7,0.6311331
830.1,3861.5,1,-1,3.2054311,440,8.7,0.63096536
829.1,3860.7,-1,-0.8,3.2009064,440.3,8.7,0.63071375
825.1,3860.2,-4,-0.5,3.185051,440.5,8.7,0.630546
826.1,3859.3,1,-0.9,3.1881677,440.7,8.7,0.63037826
822.1,3858.8,-4,-0.5,3.1723195,440.9,8.7,0.63021052
830.1,3857.5,8,-1.3,3.2021107,441.2,8.7,0.6299589
828.1,3856.8,-2,-0.7,3.1938161,441.4,8.7,0.62979116
823.1,3856.5,-5,-0.3,3.1742852,441.6,8.6,0.62962342
921.1,3848.8,98,-7.7,3.5451297,441.9,8.6,0.6293718
1011.1,3841.5,90,-7.3,3.8841407,442.2,8.6,0.62912019
1103.1,3833.8,92,-7.7,4.2290648,442.5,8.6,0.62886857
1206,3825.1,102.9,-8.7,4.6130706,442.8,8.6,0.62861696
1289.1,3817.7,83.1,-7.4,4.9213971,443.2,8.6,0.62828147
1386.1,3809.2,97,-8.5,5.2799321,443.6,8.6,0.62794599
1385.1,3807.5,-1,-1.7,5.2737682,443.9,8.6,0.62769437
1382.1,3806.1,-3,-1.4,5.2604108,444.3,8.6,0.62735889
1383.1,3804.5,1,-1.6,5.2620039,444.7,8.6,0.6270234
1381.1,3803.2,-2,-1.3,5.2525995,445.1,8.6,0.62668791
1385.1,3801.6,4,-1.6,5.2655962,445.5,8.6,0.62635243
1381.1,3800.5,-4,-1.1,5.2488706,445.9,8.6,0.62601694
1381.1,3799.2,0,-1.3,5.2470751,446.2,8.6,0.62576533
1385.1,3797.7,4,-1.5,5.2601943,446.6,8.6,0.62542984
1379.1,3797,-6,-0.7,5.2364427,447,8.6,0.62509436
1385.1,3795.4,6,-1.6,5.2570085,447.4,8.6,0.62475887
1380.1,3794.6,-5,-0.8,5.2369275,447.8,8.6,0.62442338
1386.1,3793.1,6,-1.5,5.2576159,448.2,8.6,0.6240879
1381.1,3792.3,-5,-0.8,5.2375455,448.6,8.6,0.62375241
1367.2,3792.3,-13.9,0,5.1848326,448.9,8.6,0.6235008
1362.1,3791.7,-5.1,-0.6,5.1646746,449.3,8.6,0.62316531
1343.1,3792.1,-19,0.4,5.0931695,449.7,8.6,0.62282982
1326.1,3792.4,-17,0.3,5.0291016,450.1,8.6,0.62249434
1321.1,3791.9,-5,-0.5,5.0094791,450.4,8.6,0.62224272
1305.1,3792.2,-16,0.3,4.9492002,450.8,8.6,0.62190724
1297.1,3792.1,-8,-0.1,4.9187329,451.1,8.6,0.62165562
1298,3791.2,0.9,-0.9,4.9209776,451.5,8.6,0.62132014
1297,3790.6,-1,-0.6,4.9164082,451.9,8.6,0.62098465
1297.1,3789.8,0.1,-0.8,4.9157496,452.2,8.6,0.62073304
1300,3788.9,2.9,-0.9,4.92557,452.6,8.6,0.62039755
1296.1,3788.4,-3.9,-0.5,4.9101452,452.9,8.6,0.62014594
1296.1,3787.7,0,-0.7,4.909238,453.3,8.6,0.61981045
1298,3786.9,1.9,-0.8,4.9153962,453.7,8.6,0.61947496
1291.1,3786.7,-6.9,-0.2,4.8890084,454,8.6,0.61922335
1295.1,3785.7,4,-1,4.9028601,454.4,8.6,0.61888786
1297,3785,1.9,-0.7,4.909145,454.7,8.6,0.61863625
1292.1,3784.6,-4.9,-0.4,4.8900817,455.1,8.6,0.61830076
1297.1,3783.6,5,-1,4.9077076,455.5,8.6,0.61796528
1137.1,3794.3,-160,10.7,4.3144985,455.8,8.6,0.61771366
978.1,3805.5,-159,11.2,3.7221595,456,8.6,0.61754592
820.1,3816.9,-158,11.4,3.1302397,456.3,8.6,0.61729431
662.1,3828.7,-158,11.8,2.5349823,456.5,8.6,0.61712656
508.1,3840.4,-154,11.7,1.9513072,456.6,8.6,0.61704269
346.1,3853,-162,12.6,1.3335233,456.7,8.6,0.61695882
187.2,3865.7,-158.9,12.7,0.72365904,456.7,8.6,0.61695882
194.1,3866.7,6.9,1,0.75052647,456.8,8.6,0.61687495
185.1,3868.7,-9,2,0.71609637,456.9,8.6,0.61679108
188,3869.6,2.9,0.9,0.7274848,456.9,8.7,0.61679108
188.1,3870.7,0.1,1.1,0.72807867,457,8.7,0.6167072
187.1,3871.7,-1,1,0.72439507,457,8.7,0.6167072
189.1,3872.5,2,0.8,0.73228975,457.1,8.7,0.61662333
189,3873.3,-0.1,0.8,0.7320537,457.1,8.7,0.61662333
188.1,3874.2,-0.9,0.9,0.72873702,457.2,8.7,0.61653946
190.1,3874.8,2,0.6,0.73659948,457.2,8.7,0.61653946
189.1,3875.6,-1,0.8,0.73287596,457.3,8.7,0.61645559
194.1,3875.9,5,0.3,0.75231219,457.3,8.7,0.61645559
322.1,3867.5,128,-8.4,1.2457217,457.4,8.7,0.61637172
321.1,3867.8,-1,0.3,1.2419506,457.5,8.7,0.61628785
320.1,3868.2,-1,0.4,1.2382108,457.6,8.7,0.61620398
316.1,3868.8,-4,0.6,1.2229277,457.7,8.7,0.6161201
316.1,3869.2,0,0.4,1.2230541,457.8,8.7,0.61603623
321.1,3869.1,5,-0.1,1.242368,457.9,8.7,0.61595236
322.1,3869.4,1,0.3,1.2463337,457.9,8.7,0.61595236
324.1,3869.5,2,0.1,1.2541049,458,8.7,0.61586849
320.1,3870.1,-4,0.6,1.238819,458.1,8.7,0.61578462
318.1,3870.6,-2,0.5,1.2312379,458.2,8.7,0.61570075
7,3893,-311.1,22.4,0.027251,458.2,8.7,0.61570075
-317,3917.4,-324,24.4,-1.2418158,458.1,8.7,0.61578462
-311,3918.9,6,1.5,-1.2187779,458,8.7,0.61586849
-312,3920.6,-1,1.7,-1.2232272,458,8.7,0.61586849
-318.1,3922.6,-6.1,2,-1.2477791,457.9,8.6,0.61595236
-312.1,3923.6,6,1,-1.2245556,457.8,8.6,0.61603623
-313.9,3925,-1.8,1.4,-1.2320575,457.7,8.6,0.6161201
-54,3907.7,259.9,-17.3,-0.2110158,457.7,8.6,0.6161201
200.1,3890,254.1,-17.7,0.778389,457.7,8.6,0.6161201
448,3872.1,247.9,-17.9,1.7347008,457.9,8.6,0.61595236
710.1,3852.7,262.1,-19.4,2.7358023,458.1,8.6,0.61578462
710.1,3851.4,0,-1.3,2.7348791,458.3,8.6,0.61561687
706.1,3850.6,-4,-0.8,2.7189087,458.5,8.6,0.61544913
707,3849.7,0.9,-0.9,2.7217379,458.6,8.6,0.61536526
706.1,3849.1,-0.9,-0.6,2.7178495,458.8,8.6,0.61519752
710.1,3848.1,4,-1,2.7325358,459,8.6,0.61502977
707.1,3847.7,-3,-0.4,2.7207087,459.2,8.6,0.61486203
704.1,3847.4,-3,-0.3,2.7089543,459.4,8.6,0.61469429
703.1,3847,-1,-0.4,2.7048257,459.6,8.6,0.61452655
705.1,3846.4,2,-0.6,2.7120966,459.8,8.6,0.6143588
709.1,3845.6,4,-0.8,2.726915,460,8.6,0.61419106
286.3,3875.3,-422.8,29.7,1.1094984,460.1,8.6,0.61410719
-115.1,3904.9,-401.4,29.6,-0.44945399,460.1,8.6,0.61410719
-530,3936.2,-414.9,31.3,-2.086186,459.9,8.6,0.61427493
-533,3939.1,-3,2.9,-2.0995403,459.8,8.6,0.6143588
-533,3941.3,0,2.2,-2.1007129,459.6,8.6,0.61452655
-533,3943.3,0,2,-2.1017789,459.5,8.6,0.61461042
-530.1,3944.8,2.9,1.5,-2.0911385,459.3,8.6,0.61477816
-534,3946.8,-3.9,2,-2.1075912,459.2,8.6,0.61486203
-535,3948.4,-1,1.6,-2.112394,459,8.6,0.61502977
-528.1,3949.3,6.9,0.9,-2.0856253,458.9,8.6,0.61511365
-530.1,3950.9,-2,1.6,-2.0943721,458.7,8.6,0.61528139
-532,3952.3,-1.9,1.4,-2.1026236,458.6,8.6,0.61536526
-536,3954,-4,1.7,-2.119344,458.4,8.6,0.615533
-531,3954.8,5,0.8,-2.0999988,458.3,8.6,0.61561687
-530,3956,1,1.2,-2.09668,458.1,8.6,0.61578462
939.1,3852.6,1469.1,-103.4,3.6179767,458.4,8.6,0.615533
940.1,3849.3,1,-3.3,3.6187269,458.7,8.6,0.61528139
929.2,3847.7,-10.9,-1.6,3.5752828,458.9,8.6,0.61511365
925.1,3846,-4.1,-1.7,3.5579346,459.2,8.6,0.61486203
922.1,3844.6,-3,-1.4,3.5451057,459.4,8.6,0.61469429
922.1,3843.2,0,-1.4,3.5438147,459.7,8.6,0.61444267
915.1,3842.4,-7,-0.8,3.5161802,460,8.6,0.61419106
908.2,3841.7,-6.9,-0.7,3.4890319,460.2,8.6,0.61402332
910.1,3840.5,1.9,-1.2,3.495239,460.5,8.6,0.6137717
914.1,3839.2,4,-1.3,3.5094127,460.7,8.6,0.61360396
912.1,3838.3,-2,-0.9,3.5009134,461,8.6,0.61335234
909.1,3837.6,-3,-0.7,3.4887622,461.2,8.6,0.6131846
829.2,3842.4,-79.9,4.8,3.1861181,461.4,8.6,0.61301686
745,3847.8,-84.2,5.4,2.866611,461.7,8.6,0.61276524
661.1,3853.4,-83.9,5.6,2.5474827,461.8,8.6,0.61268137
584.1,3858.7,-77,5.3,2.2538667,462,8.6,0.61251363
494.1,3865.1,-90,6.4,1.9097459,462.1,8.6,0.61242976
409.1,3871.4,-85,6.3,1.5837897,462.3,8.6,0.61226201
330.1,3877.3,-79,5.9,1.2798967,462.3,8.6,0.61226201
326.1,3878.1,-4,0.8,1.2646484,462.4,8.6,0.61217814
328.1,3878.3,2,0.2,1.2724702,462.5,8.6,0.61209427
332,3878.3,3.9,0,1.2875956,462.6,8.6,0.6120104
330.1,3878.7,-1.9,0.4,1.2803589,462.7,8.6,0.61192653
327.1,3879.2,-3,0.5,1.2688863,462.8,8.6,0.61184266
328.1,3879.3,1,0.1,1.2727983,462.9,8.6,0.61175879
334,3879,5.9,-0.3,1.295586,463,8.6,0.61167491
2466.9,3728.2,2132.9,-150.8,9.1970966,463.7,8.6,0.61108781
2474,3721.5,7.1,-6.7,9.206991,464.4,8.6,0.61050071
2470,3717.1,-4,-4.4,9.181237,465,8.6,0.60999748
2465.1,3713.4,-4.9,-3.7,9.1539023,465.7,8.6,0.60941038
2472.1,3709.4,7,-4,9.1700077,466.4,8.6,0.60882328
2469,3706.3,-3.1,-3.1,9.1508547,467.1,8.6,0.60823618
2470,3703.2,1,-3.1,9.146904,467.8,8.6,0.60764908
2468.1,3700.5,-1.9,-2.7,9.133204,468.5,8.6,0.60706198
2464.1,3698.1,-4,-2.4,9.1124882,469.2,8.6,0.60647488
2465,3695.4,0.9,-2.7,9.109161,469.8,8.6,0.60597165
1926.1,3730.9,-538.9,35.5,7.1860865,470.4,8.6,0.60546842
1390.2,3767.9,-535.9,37,5.2381346,470.8,8.6,0.60513294
848.3,3806.7,-541.9,38.8,3.2292236,471,8.6,0.60496519
306.2,3846.6,-542.1,39.9,1.1778289,471.1,8.6,0.60488132
306.1,3849.1,-0.1,2.5,1.1782095,471.2,8.6,0.60479745
301.1,3851.3,-5,2.2,1.1596264,471.2,8.6,0.60479745
368.1,3848.1,67,-3.2,1.4164856,471.4,8.6,0.60462971
419.1,3845.6,51,-2.5,1.611691,471.5,8.6,0.60454584
482.1,3842,63,-3.6,1.8522282,471.6,8.6,0.60446196
485.1,3842.4,3,0.4,1.8639482,471.7,8.6,0.60437809
484.1,3843.1,-1,0.7,1.8604447,471.9,8.6,0.60421035
489,3843.2,4.9,0.1,1.8793248,472,8.7,0.60412648
481.1,3844.3,-7.9,1.1,1.8494927,472.1,8.7,0.60404261
486.1,3844.4,5,0.1,1.8687628,472.3,8.7,0.60387486
491.1,3844.4,5,0,1.8879848,472.4,8.7,0.60379099
493.1,3844.6,2,0.2,1.8957723,472.5,8.7,0.60370712
487.1,3845.4,-6,0.8,1.8730943,472.7,8.7,0.60353938
483.1,3846.1,-4,0.7,1.8580509,472.8,8.7,0.60345551
484.1,3846.3,1,0.2,1.8619938,473,8.7,0.60328776
487.1,3846.4,3,0.1,1.8735814,473.1,8.7,0.60320389
479.1,3847.2,-8,0.8,1.8431935,473.2,8.7,0.60312002
481.9,3847.3,2.8,0.1,1.8540139,473.4,8.7,0.60295228
483,3847.5,1.1,0.2,1.8583425,473.5,8.7,0.60286841
490.1,3847.2,7.1,-0.3,1.8855127,473.6,8.7,0.60278453
596,3839.9,105.9,-7.3,2.2885804,473.8,8.7,0.60261679
712.1,3831.6,116.1,-8.3,2.7284824,474,8.7,0.60244905
829.1,3822.9,117,-8.7,3.1695664,474.2,8.7,0.60228131
939.1,3814.5,110,-8.4,3.582197,474.5,8.7,0.60202969
1057,3805.3,117.9,-9.2,4.0222021,474.8,8.7,0.60177808
1053.1,3804.5,-3.9,-0.8,4.0065189,475.1,8.7,0.60152646
1052.1,3803.7,-1,-0.8,4.0018728,475.4,8.7,0.60127485
1055,3802.7,2.9,-1,4.0118485,475.7,8.7,0.60102323
1055.1,3802,0.1,-0.7,4.0114902,475.9,8.7,0.60085549
1051.2,3801.6,-3.9,-0.4,3.9962419,476.2,8.7,0.60060387
1056.1,3800.6,4.9,-1,4.0138137,476.5,8.7,0.60035226
787.2,3819.2,-268.9,18.6,3.0064742,476.7,8.7,0.60018452
516.1,3838.6,-271.1,19.4,1.9811015,476.9,8.7,0.60001677
249.1,3858.4,-267,19.8,0.96112744,477,8.7,0.5999329
-22,3879.2,-271.1,20.8,-0.0853424,477,8.7,0.5999329
-294,3900.3,-272,21.1,-1.1466882,476.9,8.7,0.60001677
-293,3902.5,1,2.2,-1.1434325,476.8,8.7,0.60010065
-291,3904.4,2,1.9,-1.1361804,476.7,8.7,0.60018452
1192,3800.9,1483,-103.5,4.5306728,477,8.7,0.5999329
1192.1,3798.2,0.1,-2.7,4.5278342,477.4,8.7,0.59959742
1194.1,3796.1,2,-2.1,4.532923,477.7,8.7,0.5993458
1195.1,3794.5,1,-1.6,4.534807,478,8.7,0.59909419
1190.1,3793.6,-5,-0.9,4.5147634,478.4,8.7,0.5987587
1185.1,3792.8,-5,-0.8,4.4948473,478.7,8.7,0.59850709
1191.1,3791.3,6,-1.5,4.5158174,479,8.7,0.59825547
1197.1,3790,6,-1.3,4.537009,479.4,8.7,0.59791999
1189.1,3789.6,-8,-0.4,4.5062134,479.7,8.7,0.59766837
1193.1,3788.5,4,-1.1,4.5200594,480,8.7,0.59741676
1189.1,3788,-4,-0.5,4.5043108,480.4,8.7,0.59708127
940.1,3804.9,-249,16.9,3.5769865,480.6,8.7,0.59691353
704.2,3821.6,-235.9,16.7,2.6911707,480.8,8.7,0.59674579
462.1,3839.4,-242.1,17.8,1.7741867,480.9,8.7,0.59666191
217.1,3857.8,-245,18.4,0.83752838,481,8.7,0.59657804
-33,3877.2,-250.1,19.4,-0.1279476,481,8.7,0.59657804
-273,3896.1,-240,18.9,-1.0636353,480.9,8.7,0.59666191
-520,3915.8,-247,19.7,-2.036216,480.8,8.7,0.59674579
-516,3918.2,4,2.4,-2.0217912,480.6,8.7,0.59691353
-513,3920.2,3,2,-2.0110626,480.5,8.7,0.5969974
-513,3922.3,0,2.1,-2.0121399,480.3,8.7,0.59716514
2280.9,3726.8,2793.9,-195.5,8.5004581,481,8.7,0.59657804
2281,3720.4,0.1,-6.4,8.4862324,481.6,8.7,0.59607481
2285.1,3715.5,4.1,-4.9,8.490289,482.2,8.7,0.59557158
2278.1,3712.2,-7,-3.3,8.4567628,482.9,8.7,0.59498448
2283.1,3708.5,5,-3.7,8.4668763,483.5,8.7,0.59448125
2282.1,3705.7,-1,-2.8,8.456778,484.1,8.7,0.59397803
2282.1,3703,0,-2.7,8.4506163,484.8,8.7,0.59339093
2283,3700.5,0.9,-2.5,8.4482415,485.4,8.7,0.5928877
2279.1,3698.4,-3.9,-2.1,8.4290234,486,8.7,0.59238447
2279.1,3696.2,0,-2.2,8.4240094,486.7,8.7,0.59179737
2282,3694,2.9,-2.2,8.429708,487.3,8.7,0.59129414
2280.1,3692.2,-1.9,-1.8,8.4185852,487.9,8.7,0.59079091
2287.1,3689.8,7,-2.4,8.4389416,488.6,8.7,0.59020381
2279,3688.6,-8.1,-1.2,8.4063194,489.2,8.7,0.58970058
2281,3686.8,2,-1.8,8.4095908,489.8,8.7,0.58919735
2283.1,3684.9,2.1,-1.9,8.4129952,490.5,8.7,0.58861025
2288.1,3683,5,-1.9,8.4270723,491.1,8.7,0.58810702
1475.1,3738.7,-813,55.7,5.5149564,491.5,8.7,0.58777153
1479.1,3739,4,0.3,5.5303549,491.9,8.7,0.58743605
1472.2,3739.6,-6.9,0.6,5.5054391,492.3,8.7,0.58710056
1480.1,3739,7.9,-0.6,5.5340939,492.8,8.7,0.5866812
1476.1,3739.1,-4,0.1,5.5192855,493.2,8.7,0.58634572
1479.1,3738.6,3,-0.5,5.5297633,493.6,8.7,0.58601023
2142.9,3691.5,663.8,-47.1,7.9105153,494.2,8.7,0.585507
2145,3689.3,2.1,-2.2,7.9135485,494.8,8.7,0.58500377
2142.1,3687.8,-2.9,-1.5,7.8996364,495.4,8.7,0.58450055
2145,3686,2.9,-1.8,7.90647,496,8.7,0.58399732
2148,3684.4,3,-1.6,7.9140912,496.6,8.7,0.58349409
1840.1,3704.8,-307.9,20.4,6.8172025,497.1,8.7,0.58307473
1538.3,3725.6,-301.8,20.8,5.7310905,497.5,8.7,0.58273924
1239.1,3747,-299.2,21.4,4.6429077,497.8,8.7,0.58248763
933.2,3769.4,-305.9,22.4,3.5176041,498.1,8.7,0.58223601
627.1,3792.3,-306.1,22.9,2.3781513,498.3,8.7,0.58206827
331.1,3815.1,-296,22.8,1.2631796,498.4,8.7,0.5819844
23,3839,-308.1,23.9,0.088297,498.4,8.7,0.5819844
25,3841.5,2,2.5,0.0960375,498.4,8.7,0.5819844
27,3843.6,2,2.1,0.1037772,498.4,8.7,0.5819844
25,3845.7,-2,2.1,0.0961425,498.4,8.7,0.5819844
23,3847.6,-2,1.9,0.0884948,498.4,8.7,0.5819844
18,3849.6,-5,2,0.0692928,498.4,8.7,0.5819844
30,3850.3,12,0.7,0.115509,498.4,8.7,0.5819844
21,3852.4,-9,2.1,0.0809004,498.4,8.7,0.5819844
19,3853.9,-2,1.5,0.0732241,498.4,8.7,0.5819844
21,3855.1,2,1.2,0.0809571,498.4,8.7,0.5819844
21,3856.3,0,1.2,0.0809823,498.4,8.8,0.5819844
30,3856.9,9,0.6,0.115707,498.4,8.8,0.5819844
27,3858.2,-3,1.3,0.1041714,498.5,8.8,0.58190053
25,3859.5,-2,1.3,0.0964875,498.5,8.8,0.58190053
28,3860.3,3,0.8,0.1080884,498.5,8.8,0.58190053
22,3861.7,-6,1.4,0.0849574,498.5,8.8,0.58190053
22,3862.8,0,1.1,0.0849816,498.5,8.8,0.58190053
15,3864.2,-7,1.4,0.057963,498.5,8.8,0.58190053
26,3864.4,11,0.2,0.1004744,498.5,8.8,0.58190053
28,3865.2,2,0.8,0.1082256,498.5,8.8,0.58190053
28,3866,0,0.8,0.108248,498.5,8.8,0.58190053
28,3866.9,0,0.9,0.1082732,498.5,8.8,0.58190053
29,3867.7,1,0.8,0.1121633,498.5,8.8,0.58190053
24,3868.8,-5,1.1,0.0928512,498.5,8.8,0.58190053
28,3869.4,4,0.6,0.1083432,498.5,8.8,0.58190053
23,3870.4,-5,1,0.0890192,498.5,8.8,0.58190053
19,3871.5,-4,1.1,0.0735585,498.5,8.8,0.58190053
26,3871.8,7,0.3,0.1006668,498.6,8.8,0.58181666
26,3872.4,0,0.6,0.1006824,498.6,8.8,0.58181666
31,3872.8,5,0.4,0.1200568,498.6,8.8,0.58181666
26,3873.8,-5,1,0.1007188,498.6,8.8,0.58181666
26,3874.5,0,0.7,0.100737,498.6,8.8,0.58181666
27,3875.1,1,0.6,0.1046277,498.6,8.8,0.58181666
33,3875.4,6,0.3,0.1278882,498.6,8.8,0.58181666
20,3876.9,-13,1.5,0.077538,498.6,8.8,0.58181666
23,3877.3,3,0.4,0.0891779,498.6,8.8,0.58181666
22,3878.1,-1,0.8,0.0853182,498.6,8.8,0.58181666
24,3878.5,2,0.4,0.093084,498.6,8.8,0.58181666
26,3879,2,0.5,0.100854,498.6,8.8,0.58181666
26,3879.6,0,0.6,0.1008696,498.6,8.8,0.58181666
32,3879.7,6,0.1,0.1241504,498.6,8.8,0.58181666
33,3880.2,1,0.5,0.1280466,498.7,8.8,0.58173279
26,3881.2,-7,1,0.1009112,498.7,8.8,0.58173279
26,3881.7,0,0.5,0.1009242,498.7,8.8,0.58173279
30,3882,4,0.3,0.11646,498.7,8.7,0.58173279
26,3882.8,-4,0.8,0.1009528,498.7,8.7,0.58173279
29,3883.1,3,0.3,0.1126099,498.7,8.7,0.58173279
24,3883.9,-5,0.8,0.0932136,498.7,8.7,0.58173279
26,3884.3,2,0.4,0.1009918,498.7,8.7,0.58173279
24,3885,-2,0.7,0.09324,498.7,8.7,0.58173279
29,3885.1,5,0.1,0.1126679,498.7,8.7,0.58173279
29,3885.6,0,0.5,0.1126824,498.7,8.7,0.58173279
23,3886.4,-6,0.8,0.0893872,498.7,8.7,0.58173279
27,3886.6,4,0.2,0.1049382,498.7,8.7,0.58173279
28,3887,1,0.4,0.108836,498.8,8.7,0.58164891
17,3888.2,-11,1.2,0.0660994,498.8,8.7,0.58164891
27,3888,10,-0.2,0.104976,498.8,8.7,0.58164891
28,3888.4,1,0.4,0.1088752,498.8,8.7,0.58164891
26,3888.9,-2,0.5,0.1011114,498.8,8.7,0.58164891
24,3889.5,-2,0.6,0.093348,498.8,8.7,0.58164891
25,3889.8,1,0.3,0.097245,498.8,8.7,0.58164891
25,3890.2,0,0.4,0.097255,498.8,8.7,0.58164891
25,3890.6,0,0.4,0.097265,498.8,8.7,0.58164891
25,3891,0,0.4,0.097275,498.8,8.7,0.58164891
27,3891.3,2,0.3,0.1050651,498.8,8.7,0.58164891
24,3891.8,-3,0.5,0.0934032,498.8,8.7,0.58164891
21,3892.5,-3,0.7,0.0817425,498.8,8.7,0.58164891
27,3892.4,6,-0.1,0.1050948,498.8,8.7,0.58164891
22,3893.1,-5,0.7,0.0856482,498.9,8.7,0.58156504
30,3892.9,8,-0.2,0.116787,498.9,8.7,0.58156504
22,3893.8,-8,0.9,0.0856636,498.9,8.7,0.58156504
25,3894,3,0.2,0.09735,498.9,8.7,0.58156504
22,3894.6,-3,0.6,0.0856812,498.9,8.7,0.58156504
857.1,3836.2,835.1,-58.4,3.288007,499.1,8.7,0.5813973
1699,3775.2,841.9,-61,6.4140648,499.6,8.7,0.58097794
2526,3713.9,827,-61.3,9.3813114,500.3,8.7,0.58039084
2526.1,3708.4,0.1,-5.5,9.3677892,501,8.7,0.57980374
2528.1,3703.8,2,-4.6,9.3635768,501.7,8.7,0.57921664
2528.1,3699.9,0,-3.9,9.3537172,502.4,8.7,0.57862954
2145.1,3722.9,-383,23,7.9859928,503,8.7,0.57812631
1750.1,3748.1,-395,25.2,6.5595498,503.5,8.7,0.57770695
1363.2,3773.9,-386.9,25.8,5.1445805,503.9,8.7,0.57737147
977.2,3800.5,-386,26.6,3.7138486,504.1,8.7,0.57720372
591.2,3828.1,-386,27.6,2.2631727,504.3,8.7,0.57703598
200.2,3856.6,-391,28.5,0.77209132,504.3,8.7,0.57703598
-185,3885.6,-385.2,29,-0.718836,504.3,8.7,0.57703598
-179,3887.6,6,2,-0.6958804,504.2,8.7,0.57711985
-234,3893.5,-55,5.9,-0.911079,504.2,8.7,0.57711985
-281,3898.5,-47,5,-1.0954785,504.1,8.7,0.57720372
-341,3904.5,-60,6,-1.3314345,504,8.7,0.5772876
-337,3906,4,1.5,-1.316322,503.9,8.7,0.57737147
-337,3907.5,0,1.5,-1.3168275,503.8,8.7,0.57745534
-340.1,3909.2,-3.1,1.7,-1.3295189,503.7,8.7,0.57753921
-337.1,3910.4,3,1.2,-1.3181958,503.6,8.7,0.57762308
-333,3911.3,4.1,0.9,-1.3024629,503.5,8.7,0.57770695
-337,3912.8,-4,1.5,-1.3186136,503.4,8.7,0.57779082
-334.1,3913.8,2.9,1,-1.3076006,503.4,8.7,0.57779082
1006,3820.8,1340.1,-93,3.8437248,503.6,8.7,0.57762308
1003.1,3818.2,-2.9,-2.6,3.8300364,503.9,8.7,0.57737147
1009.1,3815.9,6,-2.3,3.8506247,504.2,8.7,0.57711985
1006.3,3814.5,-2.8,-1.4,3.8385313,504.5,8.7,0.57686824
1001,3813.5,-5.3,-1,3.8173135,504.8,8.7,0.57661662
1000.1,3812.3,-0.9,-1.2,3.8126812,505,8.7,0.57644888
1005.1,3810.9,5,-1.4,3.8303356,505.3,8.7,0.57619727
1001.1,3810.2,-4,-0.7,3.8143912,505.6,8.7,0.57594565
1002.1,3809.2,1,-1,3.8171993,505.9,8.7,0.57569404
1005.1,3808.1,3,-1.1,3.8275213,506.1,8.7,0.57552629
1006.1,3807.2,1,-0.9,3.8304239,506.4,8.7,0.57527468
1002.1,3806.6,-4,-0.6,3.8145939,506.7,8.7,0.57502306
1005.1,3805.6,3,-1,3.8250086,507,8.7,0.57477145
1005.1,3804.9,0,-0.7,3.824305,507.3,8.7,0.57451984
1006.1,3804.2,1,-0.7,3.8274056,507.5,8.7,0.57435209
1003.1,3803.7,-3,-0.5,3.8154915,507.8,8.7,0.57410048
1008.1,3802.7,5,-1,3.8335019,508.1,8.7,0.57384886
1002.1,3802.4,-6,-0.3,3.810385,508.4,8.7,0.57359725
1004,3801.7,1.9,-0.7,3.8169068,508.7,8.7,0.57334563
1069.1,3796.5,65.1,-5.2,4.0588381,509,8.7,0.57309402
1134.1,3791.2,65,-5.3,4.2995999,509.3,8.7,0.57284241
1203.1,3785.5,69,-5.7,4.554335,509.6,8.7,0.57259079
1199.1,3784.8,-4,-0.7,4.5383537,509.9,8.7,0.57233918
1198.1,3784,-1,-0.8,4.5336104,510.3,8.7,0.57200369
1194.1,3783.4,-4,-0.6,4.5177579,510.6,8.7,0.57175208
1201,3782.1,6.9,-1.3,4.5423021,510.9,8.7,0.57150046
1194.1,3781.8,-6.9,-0.3,4.5158474,511.3,8.7,0.57116498
1201.1,3780.6,7,-1.2,4.5408787,511.6,8.7,0.57091336
1206.1,3779.5,5,-1.1,4.5584549,511.9,8.7,0.57066175
1198.1,3779.4,-8,-0.1,4.5280991,512.3,8.7,0.57032626
1204.1,3778.2,6,-1.2,4.5493306,512.6,8.7,0.57007465
1200,3777.8,-4.1,-0.4,4.53336,512.9,8.7,0.56982303
1201.1,3777.1,1.1,-0.7,4.5366748,513.3,8.7,0.56948755
1161.1,3779.3,-40,2.2,4.3881452,513.6,8.7,0.56923593
1129.1,3781,-32,1.7,4.2691271,513.9,8.7,0.56898432
1086.1,3783.6,-43,2.6,4.109368,514.2,8.7,0.5687327
1088.1,3783.1,2,-0.5,4.1163911,514.5,8.7,0.56848109
1094.1,3782.3,6,-0.8,4.1382144,514.8,8.7,0.56822947
1093.1,3782,-1,-0.3,4.1341042,515.1,8.7,0.56797786
1091.1,3781.7,-2,-0.3,4.1262129,515.4,8.7,0.56772624
1088.1,3781.5,-3,-0.2,4.1146502,515.7,8.7,0.56747463
1094.1,3780.7,6,-0.8,4.1364639,516,8.7,0.56722301
1089.1,3780.7,-5,0,4.1175604,516.3,8.7,0.5669714
1086.1,3780.5,-3,-0.2,4.1060011,516.6,8.7,0.56671979
1092.1,3779.7,6,-0.8,4.1278104,516.9,8.7,0.56646817
1085.1,3779.8,-7,0.1,4.101461,517.2,8.7,0.56621656
1088.1,3779.2,3,-0.6,4.1121475,517.5,8.7,0.56596494
1090.1,3778.7,2,-0.5,4.1191609,517.8,8.7,0.56571333
1095.1,3778,5,-0.7,4.1372878,518.1,8.7,0.56546171
882.2,3792.6,-212.9,14.6,3.3458317,518.4,8.7,0.5652101
675.1,3807.5,-207.1,14.9,2.5704433,518.6,8.7,0.56504236
678,3807.9,2.9,0.4,2.5817562,518.8,8.7,0.56487461
679.1,3808.3,1.1,0.4,2.5862165,519,8.7,0.56470687
684.1,3808.3,5,0,2.605258,519.1,8.7,0.564623
680.1,3808.8,-4,0.5,2.5903649,519.3,8.7,0.56445525
676.3,3809.3,-3.8,0.5,2.5762296,519.5,8.7,0.56428751
682,3809.2,5.7,-0.1,2.5978744,519.7,8.7,0.56411977
681.1,3809.4,-0.9,0.2,2.5945823,519.9,8.7,0.56395203
680.1,3809.6,-1,0.2,2.590909,520.1,8.7,0.56378428
681.1,3809.7,1,0.1,2.5947867,520.3,8.7,0.56361654
680.1,3809.9,-1,0.2,2.591113,520.5,8.7,0.5634488
676.1,3810.3,-4,0.4,2.5761438,520.7,8.7,0.56328105
678.1,3810.3,2,0,2.5837644,520.8,8.7,0.56319718
678,3810.4,-0.1,0.1,2.5834512,521,8.7,0.56302944
677.1,3810.5,-0.9,0.1,2.5800896,521.2,8.7,0.5628617
681.1,3810.4,4,-0.1,2.5952634,521.4,8.7,0.56269395
684.1,3810.2,3,-0.2,2.6065578,521.6,8.7,0.56252621
681.1,3810.5,-3,0.3,2.5953316,521.8,8.7,0.56235847
623.1,3814.6,-58,4.1,2.3768773,522,8.7,0.56219072
576.1,3818.2,-47,3.6,2.199665,522.1,8.7,0.56210685
528.1,3821.9,-48,3.7,2.0183454,522.3,8.7,0.56193911
480.1,3825.7,-48,3.8,1.8367186,522.4,8.7,0.56185524
426.1,3829.9,-54,4.2,1.6319204,522.5,8.7,0.56177137
371.1,3834.3,-55,4.4,1.4229087,522.6,8.7,0.56168749
326.1,3838.1,-45,3.8,1.2516044,522.7,8.7,0.56160362
325.1,3838.9,-1,0.8,1.2480264,522.8,8.7,0.56151975
332.1,3838.9,7,0,1.2748987,522.9,8.7,0.56143588
328.1,3839.7,-4,0.8,1.2598056,523,8.7,0.56135201
-85,3869.5,-413.1,29.8,-0.3289075,523,8.7,0.56135201
-84,3871,1,1.5,-0.325164,522.9,8.7,0.56143588
-82,3872.2,2,1.2,-0.3175204,522.9,8.7,0.56143588
-87,3873.7,-5,1.5,-0.3370119,522.9,8.7,0.56143588
-87,3874.8,0,1.1,-0.3371076,522.9,8.7,0.56143588
-82,3875.5,5,0.7,-0.317791,522.8,8.7,0.56151975
-79,3876.3,3,0.8,-0.3062277,522.8,8.7,0.56151975
-82,3877.4,-3,1.1,-0.3179468,522.8,8.7,0.56151975
-84,3878.4,-2,1,-0.3257856,522.8,8.7,0.56151975
338.1,3849.4,422.1,-29,1.3014821,522.9,8.7,0.56143588
761,3819.3,422.9,-30.1,2.9064873,523.1,8.7,0.56126814
1176.1,3788.8,415.1,-30.5,4.4560077,523.4,8.7,0.56101652
1175,3786.8,-1.1,-2,4.44949,523.7,8.7,0.56076491
1176.1,3785.1,1.1,-1.7,4.4516561,524.1,8.7,0.56042942
1172.1,3784,-4,-1.1,4.4352264,524.4,8.7,0.56017781
1172.1,3782.8,0,-1.2,4.4338199,524.7,8.7,0.55992619
1169.1,3781.9,-3,-0.9,4.4214193,525,8.7,0.55967458
1170.1,3780.8,1,-1.1,4.4239141,525.4,8.7,0.55933909
1173.1,3779.6,3,-1.2,4.4338488,525.7,8.7,0.55908748
1172.1,3778.8,-1,-0.8,4.4291315,526,8.7,0.55883586
1173.1,3777.8,1,-1,4.4317372,526.3,8.7,0.55858425
1170.1,3777.2,-3,-0.6,4.4197017,526.7,8.7,0.55824876
1169.1,3776.6,-1,-0.6,4.4152231,527,8.7,0.55799715
1176.2,3775.3,7.1,-1.3,4.4405079,527.3,8.7,0.55774553
1082.1,3781.2,-94.1,5.9,4.0916365,527.6,8.7,0.55749392
990.2,3787.3,-91.9,6.1,3.7501845,527.9,8.7,0.5572423
892.1,3794,-98.1,6.7,3.3846274,528.1,8.7,0.55707456
800.1,3800.5,-92,6.5,3.04078,528.4,8.7,0.55682295
701.1,3807.6,-99,7.1,2.6695084,528.6,8.7,0.5566552
608.1,3814.5,-93,6.9,2.3195974,528.7,8.7,0.55657133
606.1,3815.1,-2,0.6,2.3123321,528.9,8.7,0.55640359
611.1,3815.1,5,0,2.3314076,529.1,8.7,0.55623585
615,3815.1,3.9,0,2.3462865,529.2,8.7,0.55615198
613.1,3815.4,-1.9,0.3,2.3392217,529.4,8.7,0.55598423
607.1,3816,-6,0.6,2.3166936,529.6,8.7,0.55581649
607.1,3816.2,0,0.2,2.316815,529.7,8.7,0.55573262
2321.9,3695.8,1714.8,-120.4,8.581278,530.4,8.7,0.55514552
2321.1,3691.4,-0.8,-4.4,8.5681085,531,8.7,0.55464229
2324.1,3687.8,3,-3.6,8.570816,531.7,8.7,0.55405519
1990.1,3708.3,-334,20.5,7.3798878,532.2,8.7,0.55363583
1664.1,3729.5,-326,21.2,6.2062609,532.7,8.7,0.55321647
1340.2,3751.4,-323.9,21.9,5.0276263,533.1,8.7,0.55288099
1010.2,3774.6,-330,23.2,3.8131009,533.3,8.7,0.55271324
684.2,3798.1,-326,23.5,2.59866,533.5,8.7,0.5525455
352.1,3822.7,-332.1,24.6,1.3459727,533.6,8.7,0.55246163
31,3847,-321.1,24.3,0.119257,533.6,8.7,0.55246163
28,3849.3,-3,2.3,0.1077804,533.6,8.7,0.55246163
29,3850.9,1,1.6,0.1116761,533.7,8.7,0.55237776
26,3852.6,-3,1.7,0.1001676,533.7,8.7,0.55237776
27,3853.9,1,1.3,0.1040553,533.7,8.7,0.55237776
25,3855.3,-2,1.4,0.0963825,533.7,8.7,0.55237776
28,3856.2,3,0.9,0.1079736,533.7,8.7,0.55237776
22,3857.7,-6,1.5,0.0848694,533.7,8.7,0.55237776
23,3858.7,1,1,0.0887501,533.7,8.7,0.55237776
29,3859.2,6,0.5,0.1119168,533.7,8.7,0.55237776
24,3860.5,-5,1.3,0.092652,533.7,8.7,0.55237776
24,3861.3,0,0.8,0.0926712,533.7,8.7,0.55237776
25,3862.1,1,0.8,0.0965525,533.7,8.7,0.55237776
25,3862.9,0,0.8,0.0965725,533.7,8.7,0.55237776
25,3863.6,0,0.7,0.09659,533.7,8.7,0.55237776
27,3864.2,2,0.6,0.1043334,533.7,8.7,0.55237776
25,3865.1,-2,0.9,0.0966275,533.8,8.7,0.55229389
25,3865.8,0,0.7,0.096645,533.8,8.7,0.55229389
24,3866.6,-1,0.8,0.0927984,533.8,8.7,0.55229389
23,3867.3,-1,0.7,0.0889479,533.8,8.7,0.55229389
24,3867.9,1,0.6,0.0928296,533.8,8.7,0.55229389
25,3868.4,1,0.5,0.09671,533.8,8.7,0.55229389
28,3868.8,3,0.4,0.1083264,533.8,8.7,0.55229389
30,3869.3,2,0.5,0.116079,533.8,8.7,0.55229389
32,3869.7,2,0.4,0.1238304,533.8,8.7,0.55229389
27,3870.6,-5,0.9,0.1045062,533.8,8.7,0.55229389
24,3871.3,-3,0.7,0.0929112,533.8,8.7,0.55229389
26,3871.8,2,0.5,0.1006668,533.8,8.7,0.55229389
22,3872.6,-4,0.8,0.0851972,533.8,8.7,0.55229389
22,3873.1,0,0.5,0.0852082,533.8,8.7,0.55229389
21,3873.7,-1,0.6,0.0813477,533.9,8.7,0.55221001
30,3873.6,9,-0.1,0.116208,533.9,8.7,0.55221001
26,3874.3,-4,0.7,0.1007318,533.9,8.7,0.55221001
22,3875.1,-4,0.8,0.0852522,533.9,8.7,0.55221001
26,3875.3,4,0.2,0.1007578,533.9,8.7,0.55221001
24,3875.9,-2,0.6,0.0930216,533.9,8.7,0.55221001
27,3876.1,3,0.2,0.1046547,533.9,8.7,0.55221001
25,3876.7,-2,0.6,0.0969175,533.9,8.7,0.55221001
22,3877.3,-3,0.6,0.0853006,533.9,8.7,0.55221001
24,3877.7,2,0.4,0.0930648,533.9,8.7,0.55221001
32,3877.5,8,-0.2,0.12408,533.9,8.7,0.55221001
28,3878.2,-4,0.7,0.1085896,533.9,8.7,0.55221001
20,3879.2,-8,1,0.077584,533.9,8.7,0.55221001
27,3879.1,7,-0.1,0.1047357,533.9,8.7,0.55221001
27,3879.5,0,0.4,0.1047465,534,8.7,0.55212614
23,3880.1,-4,0.6,0.0892423,534,8.7,0.55212614
20,3880.7,-3,0.6,0.077614,534,8.7,0.55212614
24,3880.8,4,0.1,0.0931392,534,8.7,0.55212614
25,3881.2,1,0.4,0.09703,534,8.7,0.55212614
25,3881.5,0,0.3,0.0970375,534,8.7,0.55212614
30,3881.5,5,0,0.116445,534,8.7,0.55212614
24,3882.3,-6,0.8,0.0931752,534,8.7,0.55212614
28,3882.4,4,0.1,0.1087072,534,8.7,0.55212614
27,3882.8,-1,0.4,0.1048356,534,8.7,0.55212614
27,3883.1,0,0.3,0.1048437,534,8.7,0.55212614
26,3883.5,-1,0.4,0.100971,534,8.7,0.55212614
24,3884,-2,0.5,0.093216,534,8.7,0.55212614
24,3884.3,0,0.3,0.0932232,534,8.7,0.55212614
24,3884.6,0,0.3,0.0932304,534.1,8.7,0.55204227
25,3884.9,1,0.3,0.0971225,534.1,8.7,0.55204227
20,3885.6,-5,0.7,0.077712,534.1,8.7,0.55204227
18,3886,-2,0.4,0.069948,534.1,8.7,0.55204227
22,3886,4,0,0.085492,534.1,8.7,0.55204227
28,3885.9,6,-0.1,0.1088052,534.1,8.7,0.55204227
21,3886.7,-7,0.8,0.0816207,534.1,8.7,0.55204227
24,3886.8,3,0.1,0.0932832,534.1,8.7,0.55204227
23,3887.1,-1,0.3,0.0894033,534.1,8.7,0.55204227
27,3887.1,4,0,0.1049517,534.1,8.7,0.55204227
28,3887.3,1,0.2,0.1088444,534.1,8.7,0.55204227
28,3887.6,0,0.3,0.1088528,534.1,8.7,0.55204227
24,3888.1,-4,0.5,0.0933144,534.1,8.7,0.55204227
27,3888.2,3,0.1,0.1049814,534.1,8.7,0.55204227
22,3888.8,-5,0.6,0.0855536,534.1,8.7,0.55204227
25,3888.9,3,0.1,0.0972225,534.2,8.7,0.5519584
26,3889.1,1,0.2,0.1011166,534.2,8.7,0.5519584
29,3889.1,3,0,0.1127839,534.2,8.7,0.5519584
26,3889.6,-3,0.5,0.1011296,534.2,8.7,0.5519584
24,3890,-2,0.4,0.09336,534.2,8.7,0.5519584
22,3890.3,-2,0.3,0.0855866,534.2,8.7,0.5519584
28,3890.1,6,-0.2,0.1089228,534.2,8.7,0.5519584
29,3890.3,1,0.2,0.1128187,534.2,8.7,0.5519584
32,3890.3,3,0,0.1244896,534.2,8.7,0.5519584
25,3891.1,-7,0.8,0.0972775,534.2,8.7,0.5519584
26,3891.2,1,0.1,0.1011712,534.2,8.7,0.5519584
29,3891.2,3,0,0.1128448,534.2,8.7,0.5519584
29,3891.4,0,0.2,0.1128506,534.2,8.7,0.5519584
26,3891.9,-3,0.5,0.1011894,534.2,8.7,0.5519584
25,3892.2,-1,0.3,0.097305,534.3,8.7,0.55187453
24,3892.5,-1,0.3,0.09342,534.3,8.7,0.55187453
25,3892.6,1,0.1,0.097315,534.3,8.7,0.55187453
22,3893,-3,0.4,0.085646,534.3,8.7,0.55187453
29,3892.7,7,-0.3,0.1128883,534.3,8.7,0.55187453
20,3893.6,-9,0.9,0.077872,534.3,8.7,0.55187453
30,3893.1,10,-0.5,0.116793,534.3,8.7,0.55187453
31,3893.2,1,0.1,0.1206892,534.3,8.7,0.55187453
21,3894.1,-10,0.9,0.0817761,534.3,8.7,0.55187453
22,3894.2,1,0.1,0.0856724,534.3,8.7,0.55187453
29,3894,7,-0.2,0.112926,534.3,8.7,0.55187453
28,3894.2,-1,0.2,0.1090376,534.3,8.7,0.55187453
28,3894.4,0,0.2,0.1090432,534.3,8.7,0.55187453
20,3895.2,-8,0.8,0.077904,534.3,8.7,0.55187453
28,3894.8,8,-0.4,0.1090544,534.4,8.6,0.55179066
23,3895.4,-5,0.6,0.0895942,534.4,8.6,0.55179066
27,3895.3,4,-0.1,0.1051731,534.4,8.6,0.55179066
30,3895.2,3,-0.1,0.116856,534.4,8.6,0.55179066
23,3895.8,-7,0.6,0.0896034,534.4,8.6,0.55179066
28,3895.7,5,-0.1,0.1090796,534.4,8.6,0.55179066
25,3896.1,-3,0.4,0.0974025,534.4,8.6,0.55179066
29,3896,4,-0.1,0.112984,534.4,8.6,0.55179066
26,3896.3,-3,0.3,0.1013038,534.4,8.6,0.55179066
27,3896.5,1,0.2,0.1052055,534.4,8.6,0.55179066
30,3896.4,3,-0.1,0.116892,534.4,8.6,0.55179066
23,3897,-7,0.6,0.089631,534.4,8.6,0.55179066
23,3897.2,0,0.2,0.0896356,534.4,8.6,0.55179066
27,3897.1,4,-0.1,0.1052217,534.4,8.6,0.55179066
20,3897.8,-7,0.7,0.077956,534.5,8.6,0.55170679
27,3897.4,7,-0.4,0.1052298,534.5,8.6,0.55170679
25,3897.7,-2,0.3,0.0974425,534.5,8.6,0.55170679
22,3898.1,-3,0.4,0.0857582,534.5,8.6,0.55170679
29,3897.8,7,-0.3,0.1130362,534.5,8.6,0.55170679
22,3898.4,-7,0.6,0.0857648,534.5,8.6,0.55170679
26,3898.3,4,-0.1,0.1013558,534.5,8.6,0.55170679
25,3898.5,-1,0.2,0.0974625,534.5,8.6,0.55170679
21,3898.9,-4,0.4,0.0818769,534.5,8.6,0.55170679
26,3898.8,5,-0.1,0.1013688,534.5,8.6,0.55170679
28,3898.8,2,0,0.1091664,534.5,8.6,0.55170679
27,3899,-1,0.2,0.105273,534.5,8.6,0.55170679
27,3899.1,0,0.1,0.1052757,534.5,8.6,0.55170679
26,3899.4,-1,0.3,0.1013844,534.5,8.6,0.55170679
27,3899.4,1,0,0.1052838,534.6,8.6,0.55162291
25,3899.7,-2,0.3,0.0974925,534.6,8.6,0.55162291
26,3899.8,1,0.1,0.1013948,534.6,8.6,0.55162291
28,3899.7,2,-0.1,0.1091916,534.6,8.6,0.55162291
24,3900.2,-4,0.5,0.0936048,534.6,8.6,0.55162291
23,3900.4,-1,0.2,0.0897092,534.6,8.6,0.55162291
25,3900.4,2,0,0.09751,534.6,8.6,0.55162291
27,3900.3,2,-0.1,0.1053081,534.6,8.6,0.55162291
19,3901.1,-8,0.8,0.0741209,534.6,8.6,0.55162291
26,3900.7,7,-0.4,0.1014182,534.6,8.6,0.55162291
28,3900.7,2,0,0.1092196,534.6,8.6,0.55162291
29,3900.8,1,0.1,0.1131232,534.6,8.6,0.55162291
27,3901,-2,0.2,0.105327,534.6,8.6,0.55162291
28,3901.1,1,0.1,0.1092308,534.6,8.6,0.55162291
1675.9,3784.3,1647.9,-116.8,6.3421084,535.1,8.6,0.55120356
1677,3779.7,1.1,-4.6,6.3385569,535.6,8.6,0.5507842
1676.1,3776.2,-0.9,-3.5,6.3292888,536,8.6,0.55044871
1674.1,3773.4,-2,-2.8,6.3170489,536.5,8.6,0.55002936
1677.1,3770.5,3,-2.9,6.3235056,537,8.6,0.54961
1680,3767.9,2.9,-2.6,6.330072,537.4,8.6,0.54927451
1653,3767.5,-27,-0.4,6.2276775,537.9,8.6,0.54885515
1621.1,3767.7,-31.9,0.2,6.1078185,538.4,8.6,0.5484358
1600.1,3767.3,-21,-0.4,6.0280567,538.8,8.6,0.54810031
1574.1,3767.4,-26,0.1,5.9302643,539.2,8.6,0.54776482
1546.1,3767.7,-28,0.3,5.825241,539.7,8.6,0.54734547
1517.1,3768.2,-29,0.5,5.7167362,540.1,8.6,0.54700998
1497,3768.2,-20.1,0,5.6409954,540.5,8.6,0.54667449
1497,3766.9,0,-1.3,5.6390493,540.9,8.6,0.54633901
1148.2,3790.2,-348.8,23.3,4.3519076,541.2,8.6,0.54608739
1145.1,3790.1,-3.1,-0.1,4.3400435,541.6,8.6,0.54575191
1147.1,3789.4,2,-0.7,4.3468207,541.9,8.6,0.54550029
1142.1,3789.1,-5,-0.3,4.3275311,542.2,8.6,0.54524868
1150.1,3787.9,8,-1.2,4.3564638,542.5,8.6,0.54499706
1150.2,3787.2,0.1,-0.7,4.3560374,542.8,8.6,0.54474545
1158.1,3786,7.9,-1.2,4.3845666,543.1,8.6,0.54449384
1147.2,3786,-10.9,0,4.3432992,543.5,8.6,0.54415835
1145.1,3785.5,-2.1,-0.5,4.334776,543.8,8.6,0.54390673
1184.1,3782.1,39,-3.4,4.4783846,544.1,8.6,0.54365512
1225.1,3778.4,41,-3.7,4.6289178,544.5,8.6,0.54331963
1262.1,3774.9,37,-3.5,4.7643013,544.8,8.6,0.54306802
1297.1,3771.6,35,-3.3,4.8921424,545.2,8.6,0.54273253
1342.1,3767.4,45,-4.2,5.0562275,545.5,8.6,0.54248092
1379.1,3763.8,37,-3.6,5.1906566,545.9,8.6,0.54214543
1380.1,3762.7,1,-1.1,5.1929023,546.3,8.6,0.54180995
1371.2,3762.3,-8.9,-0.4,5.1588658,546.7,8.6,0.54147446
1379.1,3760.8,7.9,-1.5,5.1865193,547.1,8.6,0.54113898
1374,3760.3,-5.1,-0.5,5.1666522,547.5,8.6,0.54080349
1372.1,3759.5,-1.9,-0.8,5.15841,547.8,8.6,0.54055187
-553,3895.6,-1925.1,136.1,-2.1542668,547.7,8.6,0.54063575
-556,3900,-3,4.4,-2.1684,547.5,8.6,0.54080349
-554,3903.1,2,3.1,-2.1623174,547.4,8.6,0.54088736
-547,3905.2,7,2.1,-2.1361444,547.2,8.6,0.5410551
-552,3907.9,-5,2.7,-2.1571608,547.1,8.6,0.54113898
-554,3910.1,-2,2.2,-2.1661954,546.9,8.6,0.54130672
-554,3912.1,0,2,-2.1673034,546.8,8.6,0.54139059
1629.9,3759,2183.9,-153.1,6.1267941,547.2,8.6,0.5410551
1625.1,3755.1,-4.8,-3.9,6.102413,547.7,8.6,0.54063575
1627,3751.9,1.9,-3.2,6.1043413,548.1,8.6,0.54030026
1627,3749.5,0,-2.4,6.1004365,548.6,8.6,0.5398809
1631.1,3747.1,4.1,-2.4,6.1118948,549,8.6,0.53954542
1623.1,3745.8,-8,-1.3,6.079808,549.5,8.6,0.53912606
1624.1,3744,1,-1.8,6.0806304,549.9,8.6,0.53879057
1634,3741.6,9.9,-2.4,6.1137744,550.4,8.6,0.53837122
1629.1,3740.5,-4.9,-1.1,6.0936486,550.8,8.6,0.53803573
1628.1,3739.2,-1,-1.3,6.0877915,551.3,8.6,0.53761637
1630.1,3737.7,2,-1.5,6.0928248,551.7,8.6,0.53728089
1625.1,3736.8,-5,-0.9,6.0726737,552.2,8.6,0.53686153
1623.1,3735.7,-2,-1.1,6.0634147,552.6,8.6,0.53652604
1627.1,3734.2,4,-1.5,6.0759168,553.1,8.6,0.53610668
1631.1,3732.8,4,-1.4,6.0885701,553.5,8.6,0.5357712
1628.1,3732,-3,-0.8,6.0760692,554,8.6,0.53535184
1625.1,3731.1,-3,-0.9,6.0634106,554.4,8.6,0.53501635
1623.1,3730.2,-2,-0.9,6.0544876,554.9,8.6,0.534597
1624.1,3729.2,1,-1,6.0565937,555.3,8.6,0.53426151
1424.1,3742.4,-200,13.2,5.3295518,555.7,8.6,0.53392603
1424.1,3741.9,0,-0.5,5.3288398,556.1,8.6,0.53359054
1416.1,3742,-8,0.1,5.2990462,556.5,8.6,0.53325505
1420.1,3741.2,4,-0.8,5.3128781,556.9,8.6,0.53291957
1426.1,3740.2,6,-1,5.3338992,557.3,8.6,0.53258408
1426.1,3739.6,0,-0.6,5.3330436,557.7,8.6,0.5322486
1420.1,3739.4,-6,-0.2,5.3103219,558.1,8.6,0.53191311
1308.2,3746.8,-111.9,7.4,4.9015638,558.5,8.6,0.53157762
1191.1,3754.8,-117.1,8,4.4723423,558.8,8.6,0.53132601
1076.1,3762.9,-115,8.1,4.0492567,559.1,8.7,0.53107439
958.1,3771.5,-118,8.6,3.6134742,559.4,8.7,0.53082278
842.1,3780.1,-116,8.6,3.1832222,559.6,8.7,0.53065504
725.1,3789,-117,8.9,2.7474039,559.8,8.7,0.53048729
724.1,3789.7,-1,0.7,2.7441218,560,8.7,0.53031955
723,3790.3,-1.1,0.6,2.7403869,560.2,8.7,0.53015181
719.1,3791.1,-3.9,0.8,2.72618,560.4,8.7,0.52998406
724.1,3791,5,-0.1,2.7450631,560.6,8.7,0.52981632
722.1,3791.5,-2,0.5,2.7378422,560.8,8.7,0.52964858
728.1,3791.4,6,-0.1,2.7605183,561,8.7,0.52948084
724.1,3791.9,-4,0.5,2.7457148,561.2,8.7,0.52931309
723.1,3792.2,-1,0.3,2.7421398,561.4,8.7,0.52914535
839.1,3784.2,116,-8,3.1753222,561.6,8.7,0.52897761
958.1,3775.6,119,-8.6,3.6174024,561.9,8.7,0.52872599
954,3775.5,-4.1,-0.1,3.601827,562.2,8.7,0.52847438
957,3775.1,3,-0.4,3.6127707,562.4,8.7,0.52830663
959.1,3774.7,2.1,-0.4,3.6203148,562.7,8.7,0.52805502
954.1,3774.8,-5,0.1,3.6015367,563,8.7,0.52780341
960.1,3774.2,6,-0.6,3.6236094,563.2,8.7,0.52763566
950.1,3774.7,-10,0.5,3.5863425,563.5,8.7,0.52738405
957,3774.1,6.9,-0.6,3.6118137,563.8,8.7,0.52713243
955.1,3774,-1.9,-0.1,3.6045474,564,8.7,0.52696469
953.2,3774,-1.9,0,3.5973768,564.3,8.7,0.52671308
961.1,3773.3,7.9,-0.7,3.6265186,564.6,8.7,0.52646146
958.2,3773.3,-2.9,0,3.6155761,564.8,8.7,0.52629372
950.1,3773.7,-8.1,0.4,3.5853924,565.1,8.7,0.5260421
954,3773.3,3.9,-0.4,3.5997282,565.4,8.7,0.52579049
956.9,3773,2.9,-0.3,3.6103837,565.6,8.7,0.52562275
960.1,3772.6,3.2,-0.4,3.6220733,565.9,8.7,0.52537113
976.1,3771.3,16,-1.3,3.6811659,566.2,8.7,0.52511952
987.1,3770.3,11,-1,3.7216631,566.4,8.7,0.52495177
1003.1,3769,16,-1.3,3.7806839,566.7,8.7,0.52470016
1020,3767.5,16.9,-1.5,3.84285,567,8.7,0.52444854
1038.1,3765.9,18.1,-1.6,3.9093808,567.3,8.7,0.52419693
1049.2,3764.9,11.1,-1,3.9501331,567.6,8.7,0.52394532
1066.1,3763.4,16.9,-1.5,4.0121607,567.9,8.7,0.5236937
1065.1,3763.1,-1,-0.3,4.0080778,568.2,8.7,0.52344209
1066.1,3762.8,1,-0.3,4.0115211,568.5,8.7,0.52319047
1067.1,3762.4,1,-0.4,4.014857,568.8,8.7,0.52293886
1068.1,3762,1,-0.4,4.0181922,569.1,8.7,0.52268724
1070.1,3761.6,2,-0.4,4.0252882,569.4,8.7,0.52243563
1066.1,3761.6,-4,0,4.0102418,569.7,8.7,0.52218401
1069.1,3761.2,3,-0.4,4.0210989,570,8.7,0.5219324
1066.1,3761.1,-3,-0.1,4.0097087,570.3,8.7,0.52168079
1065.1,3760.9,-1,-0.2,4.0057346,570.5,8.7,0.52151304
1071.1,3760.3,6,-0.6,4.0276573,570.8,8.7,0.52126143
1067.1,3760.3,-4,0,4.0126161,571.1,8.7,0.52100981
1065.1,3760.2,-2,-0.1,4.004989,571.4,8.7,0.5207582
1067.1,3759.9,2,-0.3,4.0121893,571.7,8.7,0.52050658
693.2,3786.3,-373.9,26.4,2.6246632,571.9,8.7,0.52033884
323.2,3813.4,-370,27.1,1.2324909,572,8.7,0.52025497
-57,3842,-380.2,28.6,-0.218994,572,8.7,0.52025497
-425,3870.2,-368,28.2,-1.644835,571.9,8.7,0.52033884
-434,3873.5,-9,3.3,-1.681099,571.8,8.7,0.52042271
595,3802.8,1029,-70.7,2.262666,571.9,8.7,0.52033884
593.1,3802.3,-1.9,-0.5,2.2551441,572.1,8.7,0.5201711
586.1,3802.6,-7,0.3,2.2287039,572.3,8.7,0.52000335
571.1,3803.6,-15,1,2.172236,572.4,8.7,0.51991948
568,3804,-3.1,0.4,2.160672,572.6,8.7,0.51975174
557.1,3804.9,-10.9,0.9,2.1197098,572.7,8.7,0.51966787
559.1,3804.9,2,0,2.1273196,572.9,8.7,0.51950013
553.1,3805.5,-6,0.6,2.1048221,573,8.7,0.51941625
2048.9,3699.8,1495.8,-105.7,7.5805202,573.6,8.7,0.51891303
2049,3696.1,0.1,-3.7,7.5733089,574.2,8.7,0.5184098
2051,3693.1,2,-3,7.5745481,574.7,8.7,0.51799044
2055,3690.3,4,-2.8,7.5835665,575.3,8.7,0.51748721
2058,3688,3,-2.3,7.589904,575.9,8.7,0.51698398
2057.9,3686.1,-0.1,-1.9,7.5856252,576.5,8.7,0.51648075
2049,3684.9,-8.9,-1.2,7.5503601,577,8.7,0.51606139
2057,3682.7,8,-2.2,7.5753139,577.6,8.7,0.51555816
2051,3681.5,-6,-1.2,7.5507565,578.2,8.7,0.51505494
2049,3680.2,-2,-1.3,7.5407298,578.7,8.7,0.51463558
2050,3678.7,1,-1.5,7.541335,579.3,8.7,0.51413235
2051,3677.3,1,-1.4,7.5421423,579.9,8.7,0.51362912
2046,3676.4,-5,-0.9,7.5219144,580.4,8.7,0.51320976
2054,3674.5,8,-1.9,7.547423,581,8.7,0.51270653
2050,3673.6,-4,-0.9,7.53088,581.6,8.7,0.5122033
2039.1,3673.2,-10.9,-0.4,7.4900221,582.1,8.7,0.51178395
2046,3671.5,6.9,-1.7,7.511889,582.7,8.7,0.51128072
2032,3671.4,-14,-0.1,7.4602848,583.3,8.7,0.51077749
2033,3670.2,1,-1.2,7.4615166,583.8,8.7,0.51035813
2028.1,3669.5,-4.9,-0.7,7.4421129,584.4,8.7,0.5098549
2035,3668,6.9,-1.5,7.46438,585,8.7,0.50935167
2031.1,3667.2,-3.9,-0.8,7.4484499,585.5,8.7,0.50893232
-122.1,3819.6,-2153.2,152.4,-0.46637316,585.5,8.7,0.50893232
-123.1,3824.2,-1,4.6,-0.47075902,585.5,8.7,0.50893232
-118,3827.2,5.1,3,-0.4516096,585.4,8.7,0.50901619
-124,3830.3,-6,3.1,-0.4749572,585.4,8.7,0.50901619
-120.1,3832.4,3.9,2.1,-0.46027124,585.4,8.7,0.50901619
-122.1,3834.6,-2,2.2,-0.46820466,585.3,8.7,0.50910006
-122.1,3836.5,0,1.9,-0.46843665,585.3,8.7,0.50910006
-119,3838,3.1,1.5,-0.456722,585.3,8.7,0.50910006
-125.1,3840.1,-6.1,2.1,-0.48039651,585.2,8.7,0.50918393
-120.1,3841.3,5,1.2,-0.46134013,585.2,8.7,0.50918393
-121.1,3842.8,-1,1.5,-0.46536308,585.2,8.7,0.50918393
-126,3844.6,-4.9,1.8,-0.4844196,585.1,8.7,0.5092678
-165,3848.7,-39,4.1,-0.6350355,585.1,8.7,0.5092678
-202,3852.6,-37,3.9,-0.7782252,585,8.7,0.50935167
-246,3857.1,-44,4.5,-0.9488466,585,8.7,0.50935167
-247.1,3858.6,-1.1,1.5,-0.95346006,584.9,8.7,0.50943554
-248,3860,-0.9,1.4,-0.95728,584.8,8.7,0.50951942
96,3837,344,-23,0.368352,584.9,8.7,0.50943554
434.1,3813.6,338.1,-23.4,1.6554838,585,8.7,0.50935167
780,3788.9,345.9,-24.7,2.955342,585.2,8.7,0.50918393
1120.1,3764,340.1,-24.9,4.2160564,585.5,8.7,0.50893232
1459,3738.6,338.9,-25.4,5.4546174,585.9,8.7,0.50859683
1452.1,3736.9,-6.9,-1.7,5.4263525,586.3,8.7,0.50826134
1456,3735,3.9,-1.9,5.43816,586.7,8.7,0.50792586
1462.1,3733,6.1,-2,5.4580193,587.1,8.7,0.50759037
1459.1,3731.9,-3,-1.1,5.4452153,587.5,8.7,0.50725489
1456.1,3730.9,-3,-1,5.4325635,587.9,8.7,0.5069194
1451,3730.1,-5.1,-0.8,5.4123751,588.3,8.7,0.50658391
2460,3658.4,1009,-71.7,8.999664,589,8.7,0.50599681
2461,3654.6,1,-3.8,8.9939706,589.7,8.7,0.50540971
2460,3651.7,-1,-2.9,8.983182,590.4,8.7,0.50482261
2462,3649,2,-2.7,8.983838,591.1,8.7,0.50423551
2460.1,3646.6,-1.9,-2.4,8.9710007,591.7,8.7,0.50373228
2464,3644.1,3.9,-2.5,8.9790624,592.4,8.7,0.50314518
2460,3642.3,-4,-1.8,8.960058,593.1,8.7,0.50255808
2460.1,3640.3,0.1,-2,8.955502,593.8,8.7,0.50197098
2462,3638.3,1.9,-2,8.9574946,594.5,8.7,0.50138388
2459.1,3636.7,-2.9,-1.6,8.943009,595.2,8.7,0.50079678
2113.1,3659.2,-346,22.5,7.7322555,595.8,8.7,0.50029355
1773.1,3682.4,-340,23.2,6.5292634,596.2,8.7,0.49995806
1418.2,3707.5,-354.9,25.1,5.2579765,596.6,8.7,0.49962258
1076.2,3732.3,-342,24.8,4.0167013,596.9,8.7,0.49937096
718.2,3758.8,-358,26.5,2.6995702,597.1,8.7,0.49920322
381.3,3784.4,-336.9,25.6,1.4429917,597.2,8.7,0.49911935
30,3811.4,-351.3,27,0.114342,597.3,8.8,0.49903548
34,3813.7,4,2.3,0.1296658,597.3,8.8,0.49903548
35,3815.8,1,2.1,0.133553,597.3,8.8,0.49903548
33,3817.9,-2,2.1,0.1259907,597.3,8.8,0.49903548
34,3819.6,1,1.7,0.1298664,597.3,8.8,0.49903548
34,3821.2,0,1.6,0.1299208,597.3,8.8,0.49903548
37,3822.5,3,1.3,0.1414325,597.3,8.8,0.49903548
32,3824.2,-5,1.7,0.1223744,597.3,8.8,0.49903548
35,3825.3,3,1.1,0.1338855,597.3,8.8,0.49903548
30,3826.8,-5,1.5,0.114804,597.3,8.8,0.49903548
36,3827.6,6,0.8,0.1377936,597.3,8.8,0.49903548
33,3829,-3,1.4,0.126357,597.4,8.8,0.49895161
36,3829.8,3,0.8,0.1378728,597.4,8.8,0.49895161
33,3831,-3,1.2,0.126423,597.4,8.8,0.49895161
33,3832.1,0,1.1,0.1264593,597.4,8.8,0.49895161
29,3833.3,-4,1.2,0.1111657,597.4,8.8,0.49895161
38,3833.6,9,0.3,0.1456768,597.4,8.8,0.49895161
34,3834.8,-4,1.2,0.1303832,597.4,8.8,0.49895161
31,3835.9,-3,1.1,0.1189129,597.4,8.8,0.49895161
36,3836.4,5,0.5,0.1381104,597.4,8.8,0.49895161
28,3837.7,-8,1.3,0.1074556,597.4,8.8,0.49895161
36,3838,8,0.3,0.138168,597.5,8.8,0.49886773
35,3838.8,-1,0.8,0.134358,597.5,8.8,0.49886773
29,3840,-6,1.2,0.11136,597.5,8.8,0.49886773
35,3840.3,6,0.3,0.1344105,597.5,8.8,0.49886773
29,3841.5,-6,1.2,0.1114035,597.5,8.8,0.49886773
31,3842,2,0.5,0.119102,597.5,8.8,0.49886773
34,3842.5,3,0.5,0.130645,597.5,8.8,0.49886773
37,3843,3,0.5,0.142191,597.5,8.8,0.49886773
33,3843.9,-4,0.9,0.1268487,597.5,8.8,0.49886773
30,3844.7,-3,0.8,0.115341,597.5,8.8,0.49886773
35,3845,5,0.3,0.134575,597.5,8.8,0.49886773
35,3845.6,0,0.6,0.134596,597.6,8.8,0.49878386
37,3846.1,2,0.5,0.1423057,597.6,8.8,0.49878386
33,3846.9,-4,0.8,0.1269477,597.6,8.8,0.49878386
34,3847.5,1,0.6,0.130815,597.6,8.8,0.49878386
28,3848.5,-6,1,0.107758,597.6,8.8,0.49878386
32,3848.8,4,0.3,0.1231616,597.6,8.8,0.49878386
32,3849.3,0,0.5,0.1231776,597.6,8.8,0.49878386
39,3849.4,7,0.1,0.1501266,597.6,8.8,0.49878386
28,3850.6,-11,1.2,0.1078168,597.6,8.8,0.49878386
36,3850.6,8,0,0.1386216,597.6,8.8,0.49878386
38,3850.9,2,0.3,0.1463342,597.6,8.8,0.49878386
32,3851.9,-6,1,0.1232608,597.7,8.8,0.49869999
34,3852.2,2,0.3,0.1309748,597.7,8.8,0.49869999
41,3852.2,7,0,0.1579402,597.7,8.8,0.49869999
33,3853.2,-8,1,0.1271556,597.7,8.8,0.49869999
37,3853.4,4,0.2,0.1425758,597.7,8.8,0.49869999
30,3854.3,-7,0.9,0.115629,597.7,8.8,0.49869999
38,3854.2,8,-0.1,0.1464596,597.7,8.8,0.49869999
32,3855.1,-6,0.9,0.1233632,597.7,8.8,0.49869999
35,3855.3,3,0.2,0.1349355,597.7,8.8,0.49869999
32,3855.9,-3,0.6,0.1233888,597.7,8.8,0.49869999
28,3856.6,-4,0.7,0.1079848,597.7,8.8,0.49869999
32,3856.8,4,0.2,0.1234176,597.8,8.8,0.49861612
33,3857.1,1,0.3,0.1272843,597.8,8.8,0.49861612
35,3857.3,2,0.2,0.1350055,597.8,8.8,0.49861612
32,3858,-3,0.7,0.123456,597.8,8.8,0.49861612
33,3858.3,1,0.3,0.1273239,597.8,8.8,0.49861612
29,3858.9,-4,0.6,0.1119081,597.8,8.8,0.49861612
35,3858.9,6,0,0.1350615,597.8,8.8,0.49861612
37,3859.1,2,0.2,0.1427867,597.8,8.8,0.49861612
34,3859.7,-3,0.6,0.1312298,597.8,8.7,0.49861612
40,3859.6,6,-0.1,0.154384,597.8,8.7,0.49861612
35,3860.3,-5,0.7,0.1351105,597.9,8.7,0.49853225
30,3861,-5,0.7,0.11583,597.9,8.7,0.49853225
31,3861.3,1,0.3,0.1197003,597.9,8.7,0.49853225
32,3861.6,1,0.3,0.1235712,597.9,8.7,0.49853225
35,3861.7,3,0.1,0.1351595,597.9,8.7,0.49853225
32,3862.2,-3,0.5,0.1235904,597.9,8.7,0.49853225
37,3862.2,5,0,0.1429014,597.9,8.7,0.49853225
35,3862.6,-2,0.4,0.135191,597.9,8.7,0.49853225
38,3862.7,3,0.1,0.1467826,597.9,8.7,0.49853225
35,3863.2,-3,0.5,0.135212,597.9,8.7,0.49853225
37,3863.4,2,0.2,0.1429458,597.9,8.7,0.49853225
31,3864.1,-6,0.7,0.1197871,598,8.7,0.49844838
32,3864.3,1,0.2,0.1236576,598,8.7,0.49844838
41,3864,9,-0.3,0.158424,598,8.7,0.49844838
30,3865,-11,1,0.11595,598,8.7,0.49844838
33,3865.1,3,0.1,0.1275483,598,8.7,0.49844838
34,3865.3,1,0.2,0.1314202,598,8.7,0.49844838
36,3865.4,2,0.1,0.1391544,598,8.7,0.49844838
32,3866,-4,0.6,0.123712,598,8.7,0.49844838
33,3866.2,1,0.2,0.1275846,598,8.7,0.49844838
29,3866.7,-4,0.5,0.1121343,598,8.7,0.49844838
152.1,3858.4,123.1,-8.3,0.58686264,598.1,8.7,0.49836451
278.1,3849.5,126,-8.9,1.070546,598.2,8.7,0.49828063
394,3841.1,115.9,-8.4,1.5133934,598.3,8.7,0.49819676
515.1,3832.1,121.1,-9,1.9739147,598.4,8.7,0.49811289
642,3822.5,126.9,-9.6,2.454045,598.6,8.7,0.49794515
633.1,3822.2,-8.9,-0.3,2.4198348,598.8,8.7,0.49777741
639.1,3821.1,6,-1.1,2.442065,598.9,8.7,0.49769353
637.2,3820.6,-1.9,-0.5,2.4344863,599.1,8.7,0.49752579
633.1,3820.3,-4.1,-0.3,2.4186319,599.3,8.7,0.49735805
638.1,3819.4,5,-0.9,2.4371591,599.5,8.7,0.4971903
632.2,3819.4,-5.9,0,2.4146247,599.6,8.7,0.49710643
641.1,3818.2,8.9,-1.2,2.447848,599.8,8.7,0.49693869
641.1,3817.8,0,-0.4,2.4475916,600,8.7,0.49677095
637.1,3817.6,-4,-0.2,2.432193,600.2,8.7,0.4966032
808.1,3805.2,171,-12.4,3.0749821,600.4,8.7,0.49643546
977.1,3792.5,169,-12.7,3.7056517,600.7,8.7,0.49618385
977.2,3791.4,0.1,-1.1,3.7049561,600.9,8.7,0.4960161
973.2,3790.7,-4,-0.7,3.6891092,601.2,8.7,0.49576449
980.1,3789.3,6.9,-1.4,3.7138929,601.5,8.7,0.49551287
980.2,3788.4,0.1,-0.9,3.7133897,601.8,8.7,0.49526126
981.1,3787.5,0.9,-0.9,3.7159162,602,8.7,0.49509352
980.1,3786.8,-1,-0.7,3.7114427,602.3,8.7,0.4948419
978.2,3786.2,-1.9,-0.6,3.7036608,602.6,8.7,0.49459029
978.1,3785.5,-0.1,-0.7,3.7025975,602.9,8.7,0.49433867
973.1,3785.2,-5,-0.3,3.6833781,603.1,8.7,0.49417093
981.1,3784,8,-1.2,3.7124824,603.4,8.7,0.49391932
977.2,3783.6,-3.9,-0.4,3.6973339,603.7,8.7,0.4936677
974.1,3783.2,-3.1,-0.4,3.6852151,603.9,8.7,0.49349996
975.1,3782.6,1,-0.6,3.6884133,604.2,8.7,0.49324834
853.1,3790.5,-122,7.9,3.2336756,604.4,8.7,0.4930806
730.1,3798.9,-123,8.4,2.7735769,604.6,8.7,0.49291286
611.1,3807.3,-119,8.4,2.326641,604.8,8.7,0.49274511
489.3,3816.1,-121.8,8.8,1.8672177,605,8.7,0.49257737
364.2,3825.4,-125.1,9.3,1.3932107,605.1,8.7,0.4924935
248.1,3834.1,-116.1,8.7,0.95124021,605.1,8.7,0.4924935
242.1,3835.3,-6,1.2,0.92852613,605.2,8.7,0.49240963
244.1,3835.8,2,0.5,0.93631878,605.3,8.7,0.49232576
243.2,3836.4,-0.9,0.6,0.93301248,605.3,8.7,0.49232576
246.2,3836.6,3,0.2,0.94457092,605.4,8.7,0.49224189
241.1,3837.4,-5.1,0.8,0.92519714,605.5,8.7,0.49215801
247.1,3837.4,6,0,0.94822154,605.5,8.7,0.49215801
244.1,3837.9,-3,0.5,0.93683139,605.6,8.7,0.49207414
245.1,3838.3,1,0.4,0.94076733,605.7,8.7,0.49199027
244.1,3838.6,-1,0.3,0.93700226,605.7,8.7,0.49199027
247,3838.8,2.9,0.2,0.9481836,605.8,8.7,0.4919064
245.1,3839.2,-1.9,0.4,0.94098792,605.9,8.7,0.49182253
246.1,3839.4,1,0.2,0.94487634,605.9,8.7,0.49182253
244.1,3839.8,-2,0.4,0.93729518,606,8.7,0.49173866
242.1,3840.2,-2,0.4,0.92971242,606.1,8.7,0.49165478
42,3854.6,-200.1,14.4,0.1618932,606.1,8.7,0.49165478
38,3855.6,-4,1,0.1465128,606.1,8.7,0.49165478
39,3856.1,1,0.5,0.1503879,606.1,8.7,0.49165478
42,3856.5,3,0.4,0.161973,606.1,8.7,0.49165478
33,3857.6,-9,1.1,0.1273008,606.1,8.7,0.49165478
45,3857.3,12,-0.3,0.1735785,606.1,8.7,0.49165478
40,3858.2,-5,0.9,0.154328,606.2,8.7,0.49157091
40,3858.6,0,0.4,0.154344,606.2,8.7,0.49157091
39,3859.1,-1,0.5,0.1505049,606.2,8.7,0.49157091
39,3859.6,0,0.5,0.1505244,606.2,8.7,0.49157091
268.1,3843.8,229.1,-15.8,1.0305228,606.3,8.7,0.49148704
500.1,3827.3,232,-16.5,1.9140327,606.4,8.7,0.49140317
726.1,3810.6,226,-16.7,2.7668767,606.6,8.7,0.49123543
951.1,3793.7,225,-16.9,3.6081881,606.9,8.7,0.49098381
1186.1,3775.7,235,-18,4.4783578,607.2,8.7,0.4907322
1411,3758.1,224.9,-17.6,5.3026791,607.6,8.7,0.49039671
1408,3756.2,-3,-1.9,5.2887296,608,8.7,0.49006123
1411.1,3754.2,3.1,-2,5.2975516,608.4,8.7,0.48972574
1411.1,3752.6,0,-1.6,5.2952939,608.8,8.7,0.48939025
1412.1,3751,1,-1.6,5.2967871,609.2,8.7,0.48905477
1414.9,3749.4,2.8,-1.6,5.3050261,609.5,8.7,0.48880315
1414.1,3748.2,-0.8,-1.2,5.3003296,609.9,8.7,0.48846767
1419.1,3746.6,5,-1.6,5.3168001,610.3,8.7,0.48813218
1668.1,3727.9,249,-18.7,6.21851,610.8,8.7,0.48771282
1936,3707.3,267.9,-20.6,7.1773328,611.3,8.7,0.48729347
1936,3705,0,-2.3,7.17288,611.9,8.7,0.48679024
1933.1,3703.2,-2.9,-1.8,7.1586559,612.4,8.7,0.48637088
1939,3700.9,5.9,-2.3,7.1760451,612.9,8.7,0.48595152
1938.1,3699.2,-0.9,-1.7,7.1694195,613.5,8.7,0.48544829
1762.1,3709.9,-176,10.7,6.5372148,614,8.7,0.48502894
1579.1,3721.6,-183,11.7,5.8767786,614.4,8.7,0.48469345
1409.2,3732.8,-169.9,11.2,5.2602618,614.8,8.7,0.48435796
1407.1,3732.5,-2.1,-0.3,5.2520007,615.2,8.7,0.48402248
1409.2,3731.8,2.1,-0.7,5.2588526,615.6,8.7,0.48368699
1411.1,3731.1,1.9,-0.7,5.2649552,616,8.7,0.48335151
1412.2,3730.3,1.1,-0.8,5.2679297,616.4,8.7,0.48301602
1285.1,3738.7,-127.1,8.4,4.8046034,616.7,8.7,0.4827644
1160.2,3747.2,-124.9,8.5,4.3475014,617.1,8.7,0.48242892
1037.2,3755.8,-123,8.6,3.8955158,617.3,8.7,0.48226118
911.2,3764.8,-126,9,3.4304858,617.6,8.7,0.48200956
786.1,3774,-125.1,9.2,2.9667414,617.8,8.7,0.48184182
673.1,3782.5,-113,8.5,2.5460008,618,8.7,0.48167408
541.1,3792.5,-132,10,2.0521217,618.1,8.7,0.4815902
539,3793.4,-2.1,0.9,2.0446426,618.3,8.7,0.48142246
542.1,3793.9,3.1,0.5,2.0566732,618.4,8.7,0.48133859
542.1,3794.4,0,0.5,2.0569442,618.6,8.7,0.48117085
540.1,3795.1,-2,0.7,2.0497335,618.7,8.7,0.48108697
537.1,3795.7,-3,0.6,2.0386705,618.9,8.7,0.48091923
542.1,3795.8,5,0.1,2.0577032,619,8.7,0.48083536
540.1,3796.2,-2,0.4,2.0503276,619.2,8.7,0.48066762
537.1,3796.8,-3,0.6,2.0392613,619.3,8.7,0.48058375
542.1,3796.8,5,0,2.0582453,619.5,8.7,0.480416
684.1,3787,142,-9.8,2.5906867,619.7,8.7,0.48024826
821.1,3777.1,137,-9.9,3.1013768,619.9,8.7,0.48008052
955.1,3767.2,134,-9.9,3.5980527,620.2,8.7,0.4798289
1096,3756.6,140.9,-10.6,4.1172336,620.5,8.7,0.47957729
1236.1,3745.9,140.1,-10.7,4.630307,620.8,8.7,0.47932567
1371.1,3735.2,135,-10.7,5.1213327,621.2,8.7,0.47899019
1506,3724.4,134.9,-10.8,5.6089464,621.6,8.7,0.4786547
1505.1,3723,-0.9,-1.4,5.6034873,622,8.7,0.47831921
1511.1,3721.3,6,-1.7,5.6232564,622.5,8.7,0.47789986
1504.1,3720.7,-7,-0.6,5.5963049,622.9,8.7,0.47756437
1510.1,3719.2,6,-1.5,5.6163639,623.3,8.7,0.47722889
1509.1,3718.3,-1,-0.9,5.6112865,623.7,8.7,0.4768934
1475,3719.7,-34.1,1.4,5.4865575,624.1,8.7,0.47655791
1440.1,3721.4,-34.9,1.7,5.3591881,624.5,8.7,0.47622243
1403.1,3723.2,-37,1.8,5.2240219,624.9,8.7,0.47588694
1367.1,3725.2,-36,2,5.0927209,625.3,8.7,0.47555146
1371.1,3724.4,4,-0.8,5.1065248,625.7,8.7,0.47521597
1371.1,3723.8,0,-0.6,5.1057022,626.1,8.7,0.47488048
1374.1,3723,3,-0.8,5.1157743,626.4,8.7,0.47462887
494.2,3785,-879.9,62,1.870547,626.6,8.7,0.47446113
-375.1,3848.4,-869.3,63.4,-1.4435348,626.5,8.7,0.474545
-380,3852.2,-4.9,3.8,-1.463836,626.4,8.7,0.47462887
-376,3854.5,4,2.3,-1.449292,626.3,8.7,0.47471274
-378.9,3857,-2.9,2.5,-1.4614173,626.2,8.7,0.47479661
-380,3859.2,-1.1,2.2,-1.466496,626.1,8.7,0.47488048
-381,3861.1,-1,1.9,-1.4710791,626,8.7,0.47496435
-381,3862.8,0,1.7,-1.4717268,625.8,8.7,0.4751321
-386,3864.8,-5,2,-1.4918128,625.7,8.7,0.47521597
-380,3865.8,6,1,-1.469004,625.6,8.7,0.47529984
-385,3867.6,-5,1.8,-1.489026,625.5,8.7,0.47538371
-382,3868.8,3,1.2,-1.4778816,625.4,8.7,0.47546758
-383,3870.2,-1,1.4,-1.4822866,625.3,8.7,0.47555146
245,3827,628,-43.2,0.937615,625.4,8.7,0.47546758
247.1,3826.5,2.1,-0.5,0.94552815,625.5,8.7,0.47538371
242.1,3826.8,-5,0.3,0.92646828,625.5,8.7,0.47538371
245.1,3826.7,3,-0.1,0.93792417,625.6,8.7,0.47529984
245.1,3826.8,0,0.1,0.93794868,625.7,8.7,0.47521597
246.1,3827,1,0.2,0.9418247,625.7,8.7,0.47521597
242.1,3827.5,-4,0.5,0.92663775,625.8,8.7,0.4751321
247.1,3827.4,5,-0.1,0.94575054,625.9,8.7,0.47504823
242.1,3828,-5,0.6,0.9267588,625.9,8.7,0.47504823
100,3838.3,-142.1,10.3,0.38383,626,8.7,0.47496435
94,3839.3,-6,1,0.3608942,626,8.7,0.47496435
98,3839.6,4,0.3,0.3762808,626,8.7,0.47496435
95,3840.3,-3,0.7,0.3648285,626,8.7,0.47496435
98,3840.6,3,0.3,0.3763788,626.1,8.7,0.47488048
95,3841.2,-3,0.6,0.364914,626.1,8.7,0.47488048
81,3842.7,-14,1.5,0.3112587,626.1,8.7,0.47488048
68,3844.1,-13,1.4,0.2613988,626.1,8.7,0.47488048
58,3845.3,-10,1.2,0.2230274,626.1,8.7,0.47488048
50,3846.4,-8,1.1,0.19232,626.2,8.7,0.47479661
44,3847.3,-6,0.9,0.1692812,626.2,8.7,0.47479661
31,3848.7,-13,1.4,0.1193097,626.2,8.7,0.47479661
31,3849.2,0,0.5,0.1193252,626.2,8.7,0.47479661
33,3849.6,2,0.4,0.1270368,626.2,8.7,0.47479661
35,3849.9,2,0.3,0.1347465,626.2,8.7,0.47479661
35,3850.3,0,0.4,0.1347605,626.2,8.7,0.47479661
38,3850.5,3,0.2,0.146319,626.2,8.7,0.47479661
30,3851.5,-8,1,0.115545,626.2,8.7,0.47479661
33,3851.7,3,0.2,0.1271061,626.2,8.7,0.47479661
36,3851.9,3,0.2,0.1386684,626.3,8.7,0.47471274
30,3852.7,-6,0.8,0.115581,626.3,8.7,0.47471274
34,3852.9,4,0.2,0.1309986,626.3,8.7,0.47471274
32,3853.4,-2,0.5,0.1233088,626.3,8.7,0.47471274
35,3853.6,3,0.2,0.134876,626.3,8.7,0.47471274
36,3853.9,1,0.3,0.1387404,626.3,8.7,0.47471274
34,3854.3,-2,0.4,0.1310462,626.3,8.7,0.47471274
30,3855,-4,0.7,0.11565,626.3,8.7,0.47471274
37,3854.9,7,-0.1,0.1426313,626.3,8.7,0.47471274
29,3855.7,-8,0.8,0.1118153,626.3,8.7,0.47471274
31,3855.9,2,0.2,0.1195329,626.3,8.7,0.47471274
32,3856.2,1,0.3,0.1233984,626.4,8.7,0.47462887
37,3856.2,5,0,0.1426794,626.4,8.7,0.47462887
33,3856.8,-4,0.6,0.1272744,626.4,8.7,0.47462887
30,3857.3,-3,0.5,0.115719,626.4,8.7,0.47462887
30,3857.7,0,0.4,0.115731,626.4,8.7,0.47462887
31,3857.9,1,0.2,0.1195949,626.4,8.7,0.47462887
35,3857.9,4,0,0.1350265,626.4,8.7,0.47462887
36,3858.1,1,0.2,0.1388916,626.4,8.7,0.47462887
31,3858.8,-5,0.7,0.1196228,626.4,8.7,0.47462887
34,3858.9,3,0.1,0.1312026,626.4,8.7,0.47462887
31,3859.4,-3,0.5,0.1196414,626.4,8.7,0.47462887
35,3859.4,4,0,0.135079,626.5,8.7,0.474545
33,3859.8,-2,0.4,0.1273734,626.5,8.7,0.474545
36,3859.9,3,0.1,0.1389564,626.5,8.7,0.474545
35,3860.2,-1,0.3,0.135107,626.5,8.7,0.474545
32,3860.7,-3,0.5,0.1235424,626.5,8.7,0.474545
32,3860.9,0,0.2,0.1235488,626.5,8.7,0.474545
32,3861.2,0,0.3,0.1235584,626.5,8.7,0.474545
33,3861.4,1,0.2,0.1274262,626.5,8.7,0.474545
33,3861.6,0,0.2,0.1274328,626.5,8.7,0.474545
36,3861.7,3,0.1,0.1390212,626.5,8.7,0.474545
30,3862.3,-6,0.6,0.115869,626.5,8.7,0.474545
39,3861.9,9,-0.4,0.1506141,626.6,8.7,0.47446113
38,3862.2,-1,0.3,0.1467636,626.6,8.7,0.47446113
29,3863.1,-9,0.9,0.1120299,626.6,8.7,0.47446113
32,3863.1,3,0,0.1236192,626.6,8.7,0.47446113
32,3863.3,0,0.2,0.1236256,626.6,8.7,0.47446113
37,3863.2,5,-0.1,0.1429384,626.6,8.7,0.47446113
28,3864.1,-9,0.9,0.1081948,626.6,8.7,0.47446113
29,3864.2,1,0.1,0.1120618,626.6,8.7,0.47446113
32,3864.2,3,0,0.1236544,626.6,8.7,0.47446113
37,3864.1,5,-0.1,0.1429717,626.6,8.7,0.47446113
34,3864.5,-3,0.4,0.131393,626.6,8.7,0.47446113
32,3864.8,-2,0.3,0.1236736,626.7,8.7,0.47437725
37,3864.7,5,-0.1,0.1429939,626.7,8.7,0.47437725
34,3865.1,-3,0.4,0.1314134,626.7,8.7,0.47437725
37,3865.1,3,0,0.1430087,626.7,8.7,0.47437725
29,3865.8,-8,0.7,0.1121082,626.7,8.6,0.47437725
37,3865.5,8,-0.3,0.1430235,626.7,8.6,0.47437725
37,3865.7,0,0.2,0.1430309,626.7,8.6,0.47437725
36,3865.9,-1,0.2,0.1391724,626.7,8.6,0.47437725
36,3866,0,0.1,0.139176,626.7,8.6,0.47437725
26,3867,-10,1,0.100542,626.7,8.6,0.47437725
33,3866.7,7,-0.3,0.1276011,626.8,8.6,0.47429338
27,3867.3,-6,0.6,0.1044171,626.8,8.6,0.47429338
35,3866.8,8,-0.5,0.135338,626.8,8.6,0.47429338
33,3867.2,-2,0.4,0.1276176,626.8,8.6,0.47429338
34,3867.3,1,0.1,0.1314882,626.8,8.6,0.47429338
29,3867.8,-5,0.5,0.1121662,626.8,8.6,0.47429338
33,3867.7,4,-0.1,0.1276341,626.8,8.6,0.47429338
30,3868.1,-3,0.4,0.116043,626.8,8.6,0.47429338
30,3868.3,0,0.2,0.116049,626.8,8.6,0.47429338
26,3868.7,-4,0.4,0.1005862,626.8,8.6,0.47429338
22,3869.2,-4,0.5,0.0851224,626.8,8.6,0.47429338
18,3869.7,-4,0.5,0.0696546,626.8,8.6,0.47429338
17,3869.9,-1,0.2,0.0657883,626.8,8.6,0.47429338
16,3870.2,-1,0.3,0.0619232,626.9,8.6,0.47420951
12,3870.6,-4,0.4,0.0464472,626.9,8.6,0.47420951
21,3870.2,9,-0.4,0.0812742,626.9,8.6,0.47420951
14,3870.8,-7,0.6,0.0541912,626.9,8.6,0.47420951
16,3870.8,2,0,0.0619328,626.9,8.6,0.47420951
15,3871.1,-1,0.3,0.0580665,626.9,8.6,0.47420951
17,3871.1,2,0,0.0658087,626.9,8.6,0.47420951
12,3871.6,-5,0.5,0.0464592,626.9,8.6,0.47420951
11,3871.9,-1,0.3,0.0425909,626.9,8.6,0.47420951
15,3871.8,4,-0.1,0.058077,626.9,8.6,0.47420951
22,3871.4,7,-0.4,0.0851708,626.9,8.6,0.47420951
15,3872,-7,0.6,0.05808,626.9,8.6,0.47420951
10,3872.6,-5,0.6,0.038726,626.9,8.6,0.47420951
18,3872.1,8,-0.5,0.0696978,626.9,8.6,0.47420951
19,3872.2,1,0.1,0.0735718,626.9,8.6,0.47420951
14,3872.7,-5,0.5,0.0542178,626.9,8.6,0.47420951
11,3873.1,-3,0.4,0.0426041,626.9,8.6,0.47420951
16,3872.9,5,-0.2,0.0619664,626.9,8.6,0.47420951
14,3873.2,-2,0.3,0.0542248,626.9,8.6,0.47420951
14,3873.3,0,0.1,0.0542262,626.9,8.6,0.47420951
14,3873.4,0,0.1,0.0542276,626.9,8.6,0.47420951
14,3873.6,0,0.2,0.0542304,626.9,8.6,0.47420951
19,3873.4,5,-0.2,0.0735946,626.9,8.6,0.47420951
16,3873.7,-3,0.3,0.0619792,626.9,8.6,0.47420951
16,3873.9,0,0.2,0.0619824,627,8.6,0.47412564
17,3873.9,1,0,0.0658563,627,8.6,0.47412564
12,3874.4,-5,0.5,0.0464928,627,8.6,0.47412564
21,3873.9,9,-0.5,0.0813519,627,8.6,0.47412564
10,3874.8,-11,0.9,0.038748,627,8.6,0.47412564
15,3874.6,5,-0.2,0.058119,627,8.6,0.47412564
15,3874.7,0,0.1,0.0581205,627,8.6,0.47412564
13,3875,-2,0.3,0.050375,627,8.6,0.47412564
14,3875,1,0,0.05425,627,8.6,0.47412564
10,3875.4,-4,0.4,0.038754,627,8.6,0.47412564
12,3875.4,2,0,0.0465048,627,8.6,0.47412564
13,3875.5,1,0.1,0.0503815,627,8.6,0.47412564
14,3875.5,1,0,0.054257,627,8.6,0.47412564
18,3875.3,4,-0.2,0.0697554,627,8.6,0.47412564
24,3875,6,-0.3,0.093,627,8.6,0.47412564
15,3875.8,-9,0.8,0.058137,627,8.6,0.47412564
15,3875.9,0,0.1,0.0581385,627,8.6,0.47412564
15,3876,0,0.1,0.05814,627,8.6,0.47412564
14,3876.2,-1,0.2,0.0542668,627,8.6,0.47412564
13,3876.4,-1,0.2,0.0503932,627,8.6,0.47412564
15,3876.3,2,-0.1,0.0581445,627,8.6,0.47412564
12,3876.6,-3,0.3,0.0465192,627,8.6,0.47412564
16,3876.5,4,-0.1,0.062024,627,8.6,0.47412564
9,3877.1,-7,0.6,0.0348939,627,8.6,0.47412564
17,3876.7,8,-0.4,0.0659039,627,8.6,0.47412564
14,3877,-3,0.3,0.054278,627.1,8.6,0.47404177
11,3877.3,-3,0.3,0.0426503,627.1,8.6,0.47404177
13,3877.2,2,-0.1,0.0504036,627.1,8.6,0.47404177
10,3877.6,-3,0.4,0.038776,627.1,8.6,0.47404177
17,3877.2,7,-0.4,0.0659124,627.1,8.6,0.47404177
13,3877.6,-4,0.4,0.0504088,627.1,8.6,0.47404177
16,3877.4,3,-0.2,0.0620384,627.1,8.6,0.47404177
12,3877.8,-4,0.4,0.0465336,627.1,8.6,0.47404177
14,3877.8,2,0,0.0542892,627.1,8.6,0.47404177
20,3877.4,6,-0.4,0.077548,627.1,8.6,0.47404177
18,3877.7,-2,0.3,0.0697986,627.1,8.6,0.47404177
15,3878,-3,0.3,0.05817,627.1,8.6,0.47404177
13,3878.3,-2,0.3,0.0504179,627.1,8.6,0.47404177
16,3878.1,3,-0.2,0.0620496,627.1,8.6,0.47404177
12,3878.5,-4,0.4,0.046542,627.1,8.6,0.47404177
18,3878.2,6,-0.3,0.0698076,627.1,8.6,0.47404177
15,3878.5,-3,0.3,0.0581775,627.1,8.6,0.47404177
18,3878.3,3,-0.2,0.0698094,627.1,8.6,0.47404177
14,3878.7,-4,0.4,0.0543018,627.1,8.6,0.47404177
16,3878.7,2,0,0.0620592,627.1,8.6,0.47404177
12,3879,-4,0.3,0.046548,627.1,8.6,0.47404177
16,3878.9,4,-0.1,0.0620624,627.1,8.6,0.47404177
17,3878.9,1,0,0.0659413,627.1,8.6,0.47404177
10,3879.5,-7,0.6,0.038795,627.1,8.6,0.47404177
15,3879.2,5,-0.3,0.058188,627.1,8.6,0.47404177
13,3879.4,-2,0.2,0.0504322,627.2,8.6,0.4739579
16,3879.3,3,-0.1,0.0620688,627.2,8.6,0.4739579
10,3879.8,-6,0.5,0.038798,627.2,8.6,0.4739579
16,3879.5,6,-0.3,0.062072,627.2,8.6,0.4739579
18,3879.4,2,-0.1,0.0698292,627.2,8.6,0.4739579
15,3879.7,-3,0.3,0.0581955,627.2,8.6,0.4739579
19,3879.5,4,-0.2,0.0737105,627.2,8.6,0.4739579
22,3879.4,3,-0.1,0.0853468,627.2,8.6,0.4739579
17,3879.8,-5,0.4,0.0659566,627.2,8.6,0.4739579
13,3880.2,-4,0.4,0.0504426,627.2,8.6,0.4739579
17,3880,4,-0.2,0.06596,627.2,8.6,0.4739579
13,3880.3,-4,0.3,0.0504439,627.2,8.6,0.4739579
16,3880.2,3,-0.1,0.0620832,627.2,8.6,0.4739579
18,3880.1,2,-0.1,0.0698418,627.2,8.6,0.4739579
15,3880.4,-3,0.3,0.058206,627.2,8.6,0.4739579
18,3880.3,3,-0.1,0.0698454,627.2,8.6,0.4739579
16,3880.5,-2,0.2,0.062088,627.2,8.6,0.4739579
11,3880.9,-5,0.4,0.0426899,627.2,8.6,0.4739579
13,3880.9,2,0,0.0504517,627.2,8.6,0.4739579
19,3880.5,6,-0.4,0.0737295,627.2,8.6,0.4739579
16,3880.8,-3,0.3,0.0620928,627.2,8.6,0.4739579
9,3881.4,-7,0.6,0.0349326,627.2,8.6,0.4739579
12,3881.3,3,-0.1,0.0465756,627.2,8.6,0.4739579
16,3881.1,4,-0.2,0.0620976,627.3,8.6,0.47387402
16,3881.2,0,0.1,0.0620992,627.3,8.6,0.47387402
16,3881.2,0,0,0.0620992,627.3,8.6,0.47387402
16,3881.3,0,0.1,0.0621008,627.3,8.6,0.47387402
16,3881.3,0,0,0.0621008,627.3,8.6,0.47387402
15,3881.5,-1,0.2,0.0582225,627.3,8.6,0.47387402
12,3881.7,-3,0.2,0.0465804,627.3,8.6,0.47387402
13,3881.8,1,0.1,0.0504634,627.3,8.6,0.47387402
14,3881.8,1,0,0.0543452,627.3,8.6,0.47387402
16,3881.7,2,-0.1,0.0621072,627.3,8.6,0.47387402
10,3882.2,-6,0.5,0.038822,627.3,8.6,0.47387402
17,3881.8,7,-0.4,0.0659906,627.3,8.6,0.47387402
16,3881.9,-1,0.1,0.0621104,627.3,8.6,0.47387402
14,3882.1,-2,0.2,0.0543494,627.3,8.6,0.47387402
11,3882.4,-3,0.3,0.0427064,627.3,8.6,0.47387402
15,3882.2,4,-0.2,0.058233,627.3,8.6,0.47387402
17,3882.1,2,-0.1,0.0659957,627.3,8.6,0.47387402
14,3882.4,-3,0.3,0.0543536,627.3,8.6,0.47387402
16,3882.3,2,-0.1,0.0621168,627.3,8.6,0.47387402
15,3882.5,-1,0.2,0.0582375,627.3,8.6,0.47387402
16,3882.4,1,-0.1,0.0621184,627.3,8.6,0.47387402
18,3882.4,2,0,0.0698832,627.3,8.6,0.47387402
18,3882.4,0,0,0.0698832,627.3,8.6,0.47387402
15,3882.7,-3,0.3,0.0582405,627.3,8.6,0.47387402
17,3882.6,2,-0.1,0.0660042,627.4,8.6,0.47379015
19,3882.5,2,-0.1,0.0737675,627.4,8.6,0.47379015
9,3883.3,-10,0.8,0.0349497,627.4,8.5,0.47379015
17,3882.8,8,-0.5,0.0660076,627.4,8.5,0.47379015
15,3883,-2,0.2,0.058245,627.4,8.5,0.47379015
20,3882.7,5,-0.3,0.077654,627.4,8.5,0.47379015
12,3883.3,-8,0.6,0.0465996,627.4,8.5,0.47379015
15,3883.2,3,-0.1,0.058248,627.4,8.5,0.47379015
16,3883.2,1,0,0.0621312,627.4,8.5,0.47379015
18,3883.1,2,-0.1,0.0698958,627.4,8.5,0.47379015
13,3883.5,-5,0.4,0.0504855,627.4,8.5,0.47379015
10,3883.8,-3,0.3,0.038838,627.4,8.5,0.47379015
17,3883.4,7,-0.4,0.0660178,627.4,8.5,0.47379015
14,3883.6,-3,0.2,0.0543704,627.4,8.5,0.47379015
17,3883.5,3,-0.1,0.0660195,627.4,8.5,0.47379015
15,3883.6,-2,0.1,0.058254,627.4,8.5,0.47379015
16,3883.7,1,0.1,0.0621392,627.4,8.5,0.47379015
-41,3887.9,-57,4.2,-0.1594039,627.4,8.5,0.47379015
-46,3888.5,-5,0.6,-0.178871,627.4,8.5,0.47379015
-44,3888.5,2,0,-0.171094,627.4,8.5,0.47379015
-45,3888.8,-1,0.3,-0.174996,627.4,8.5,0.47379015
-46,3889,-1,0.2,-0.178894,627.4,8.5,0.47379015
-47,3889.2,-1,0.2,-0.1827924,627.3,8.5,0.47387402
92,3879.2,139,-10,0.3568864,627.4,8.5,0.47379015
234.1,3868.8,142.1,-10.4,0.90568608,627.4,8.5,0.47379015
368,3858.7,133.9,-10.1,1.4200016,627.5,8.5,0.47370628
508.9,3847.8,140.9,-10.9,1.9581454,627.7,8.5,0.47353854
506.1,3847.1,-2.8,-0.7,1.9470173,627.8,8.5,0.47345467
509.1,3846,3,-1.1,1.9579986,628,8.5,0.47328692
508,3845.4,-1.1,-0.6,1.9534632,628.1,8.5,0.47320305
510.1,3844.5,2.1,-0.9,1.9610794,628.2,8.5,0.47311918
509.1,3844,-1,-0.5,1.9569804,628.4,8.5,0.47295144
509.1,3843.4,0,-0.6,1.9566749,628.5,8.5,0.47286757
319.1,3856.5,-190,13.1,1.2306092,628.6,8.5,0.4727837
128.1,3870.2,-191,13.7,0.49577262,628.7,8.5,0.47269982
132.1,3870.2,4,0,0.51125342,628.7,8.5,0.47269982
130.1,3870.6,-2,0.4,0.50356506,628.7,8.5,0.47269982
122.1,3871.4,-8,0.8,0.47269794,628.8,8.5,0.47261595
125.1,3871.3,3,-0.1,0.48429963,628.8,8.5,0.47261595
130.1,3871,5,-0.3,0.5036171,628.8,8.5,0.47261595
130.1,3871.1,0,0.1,0.50363011,628.9,8.5,0.47253208
129.1,3871.2,-1,0.1,0.49977192,628.9,8.5,0.47253208
131.1,3871.1,2,-0.1,0.50750121,628.9,8.5,0.47253208
128.1,3871.4,-3,0.3,0.49592634,629,8.5,0.47244821
129.1,3871.3,1,-0.1,0.49978483,629,8.5,0.47244821
124.1,3871.7,-5,0.4,0.48047797,629,8.5,0.47244821
126,3871.6,1.9,-0.1,0.4878216,629.1,8.5,0.47236434
132.1,3871.2,6.1,-0.4,0.51138552,629.1,8.5,0.47236434
127.1,3871.6,-5,0.4,0.49208036,629.2,8.5,0.47228047
127.1,3871.6,0,0,0.49208036,629.2,8.5,0.47228047
122.1,3872,-5,0.4,0.4727712,629.2,8.5,0.47228047
134.1,3871.2,12,-0.8,0.51912792,629.3,8.5,0.47219659
127.1,3871.7,-7,0.5,0.49209307,629.3,8.5,0.47219659
1621.9,3764.6,1494.8,-107.1,6.1058047,629.7,8.5,0.47186111
1629,3760.2,7.1,-4.4,6.1253658,630.2,8.5,0.47144175
1625,3757.5,-4,-2.7,6.1059375,630.6,8.5,0.47110627
1624.1,3755,-0.9,-2.5,6.0984955,631.1,8.5,0.47068691
1625.1,3752.6,1,-2.4,6.0983503,631.5,8.5,0.47035142
1624.1,3750.5,-1,-2.1,6.0911871,632,8.5,0.46993206
1630.1,3748.1,6,-2.4,6.1097778,632.5,8.5,0.46951271
1628.1,3746.4,-2,-1.7,6.0995138,632.9,8.5,0.46917722
1630.1,3744.5,2,-1.9,6.1039095,633.4,8.5,0.46875786
1621.1,3743.4,-9,-1.1,6.0684257,633.8,8.5,0.46842238
1620.1,3741.8,-1,-1.6,6.0620902,634.3,8.5,0.46800302
1628,3739.7,7.9,-2.1,6.0882316,634.7,8.5,0.46766753
1626.1,3738.3,-1.9,-1.4,6.0788496,635.2,8.5,0.46724818
1625.1,3736.8,-1,-1.5,6.0726737,635.6,8.5,0.46691269
1627,3735.3,1.9,-1.5,6.0773331,636.1,8.5,0.46649333
1629.1,3733.7,2.1,-1.6,6.0825707,636.5,8.5,0.46615785
1635,3731.9,5.9,-1.8,6.1016565,637,8.5,0.46573849
1625.1,3731.3,-9.9,-0.6,6.0637356,637.4,8.5,0.465403
1624.1,3730.1,-1,-1.2,6.0580554,637.9,8.5,0.46498365
1684.1,3724.5,60,-5.6,6.2724304,638.3,8.5,0.46464816
1733,3719.6,48.9,-4.9,6.4460668,638.8,8.5,0.4642288
1738.1,3717.8,5.1,-1.8,6.4619082,639.3,8.5,0.46380944
1740,3716.3,1.9,-1.5,6.466362,639.8,8.5,0.46339009
1736.1,3715.2,-3.9,-1.1,6.4499587,640.3,8.5,0.46297073
1731.1,3714.3,-5,-0.9,6.4298247,640.8,8.5,0.46255137
1735,3712.8,3.9,-1.5,6.441708,641.2,8.5,0.46221589
1733,3711.7,-2,-1.1,6.4323761,641.7,8.5,0.46179653
1740,3709.9,7,-1.8,6.455226,642.2,8.5,0.46137717
1732,3709.3,-8,-0.6,6.4245076,642.7,8.5,0.46095781
1736,3707.8,4,-1.5,6.4367408,643.2,8.5,0.46053846
1734.1,3706.9,-1.9,-0.9,6.4281353,643.6,8.5,0.46020297
1815,3699.9,80.9,-7,6.7153185,644.1,8.5,0.45978361
1904,3692.3,89,-7.6,7.0301392,644.7,8.5,0.45928038
1990,3684.7,86,-7.6,7.332553,645.2,8.6,0.45886102
2084,3676.5,94,-8.2,7.661826,645.8,8.6,0.4583578
2080,3675,-4,-1.5,7.644,646.4,8.6,0.45785457
2076.2,3673.7,-3.8,-1.3,7.6273359,647,8.6,0.45735134
2082,3671.8,5.8,-1.9,7.6446876,647.5,8.6,0.45693198
2081,3670.4,-1,-1.4,7.6381024,648.1,8.6,0.45642875
2078,3669.2,-3,-1.2,7.6245976,648.7,8.6,0.45592552
2080,3667.7,2,-1.5,7.628816,649.3,8.6,0.45542229
2078,3666.5,-2,-1.2,7.618987,649.9,8.6,0.45491906
2075,3665.4,-3,-1.1,7.605705,650.4,8.6,0.45449971
2076,3664,1,-1.4,7.606464,651,8.6,0.45399648
1891.1,3676,-184.9,12,6.9516836,651.5,8.6,0.45357712
1709.1,3688.3,-182,12.3,6.3036735,652,8.6,0.45315776
1519.1,3701.5,-190,13.2,5.6229486,652.4,8.6,0.45282228
1332.1,3714.9,-187,13.4,4.9486183,652.8,8.6,0.45248679
1143.1,3728.7,-189,13.8,4.262277,653.1,8.6,0.45223518
953.1,3743,-190,14.3,3.5674533,653.4,8.6,0.45198356
955.1,3743.7,2,0.7,3.5756079,653.6,8.6,0.45181582
954.1,3744.3,-1,0.6,3.5724366,653.9,8.6,0.4515642
953.1,3744.9,-1,0.6,3.5692642,654.2,8.6,0.45131259
954.1,3745.2,1,0.3,3.5732953,654.4,8.6,0.45114485
953.1,3745.6,-1,0.4,3.5699314,654.7,8.6,0.45089323
948.1,3746.2,-5,0.6,3.5517722,655,8.6,0.45064162
952.1,3746.1,4,-0.1,3.5666618,655.2,8.6,0.45047387
956,3746,3.9,-0.1,3.581176,655.5,8.6,0.45022226
954.1,3746.3,-1.9,0.3,3.5743448,655.8,8.6,0.44997064
954,3746.5,-0.1,0.2,3.574161,656,8.6,0.4498029
947.1,3747,-6.9,0.5,3.5487837,656.3,8.6,0.44955129
584.1,3773.2,-363,26.2,2.2039261,656.5,8.6,0.44938354
589.1,3773.9,5,0.7,2.2232045,656.6,8.6,0.44929967
589.1,3774.7,0,0.8,2.2236758,656.8,8.6,0.44913193
589.1,3775.3,0,0.6,2.2240292,656.9,8.6,0.44904806
583.1,3776.3,-6,1,2.2019605,657.1,8.6,0.44888032
592.1,3776.2,9,-0.1,2.235888,657.3,8.6,0.44871257
587.1,3777.1,-5,0.9,2.2175354,657.4,8.6,0.4486287
592.1,3777.2,5,0.1,2.2364801,657.6,8.6,0.44846096
586.1,3778.1,-6,0.9,2.2143444,657.8,8.6,0.44829321
583,3778.7,-3.1,0.6,2.2029821,657.9,8.6,0.44820934
588.1,3778.7,5.1,0,2.2222535,658.1,8.6,0.4480416
588.1,3779.1,0,0.4,2.2224887,658.3,8.6,0.44787386
640.1,3775.7,52,-3.4,2.4168256,658.4,8.6,0.44778999
692.2,3772.1,52.1,-3.6,2.6110476,658.6,8.6,0.44762224
743.1,3768.6,50.9,-3.5,2.8004467,658.8,8.6,0.4474545
798.1,3764.6,55,-4,3.0045273,659,8.6,0.44728676
845.1,3761.1,47,-3.5,3.1785056,659.3,8.6,0.44703514
904.1,3756.7,59,-4.4,3.3964325,659.5,8.6,0.4468674
956.1,3752.6,52,-4.1,3.5878609,659.8,8.6,0.44661578
951.1,3752.6,-5,0,3.5690979,660.1,8.6,0.44636417
954.1,3752.1,3,-0.5,3.5798786,660.3,8.6,0.44619643
952.2,3751.9,-1.9,-0.2,3.5725592,660.6,8.6,0.44594481
642.2,3774,-310,22.1,2.4236628,660.8,8.6,0.44577707
455.1,3788,-187.1,14,1.7239188,660.9,8.6,0.4456932
264.1,3802.6,-191,14.6,1.0042667,661,8.6,0.44560933
77,3817.1,-187.1,14.5,0.2939167,661,8.6,0.44560933
80,3818.4,3,1.3,0.305472,661,8.6,0.44560933
73,3820.1,-7,1.7,0.2788673,661,8.6,0.44560933
83,3820.5,10,0.4,0.3171015,661.1,8.6,0.44552546
80,3821.8,-3,1.3,0.305744,661.1,8.6,0.44552546
1549.1,3717.7,1469.1,-104.1,5.7590891,661.5,8.6,0.44518997
1544.1,3715.1,-5,-2.6,5.7364859,661.9,8.6,0.44485448
1551.2,3712.5,7.1,-2.6,5.75883,662.4,8.6,0.44443513
1547.1,3711,-4.1,-1.5,5.7412881,662.8,8.6,0.44409964
1546.1,3709.6,-1,-1.4,5.7354126,663.2,8.6,0.44376415
1550.1,3707.9,4,-1.7,5.7476158,663.7,8.6,0.4433448
1543.1,3707.2,-7,-0.7,5.7205803,664.1,8.6,0.44300931
1543.1,3706,0,-1.2,5.7187286,664.5,8.6,0.44267382
1544.1,3704.9,1,-1.1,5.7207361,664.9,8.6,0.44233834
1540.1,3704.2,-4,-0.7,5.7048384,665.4,8.6,0.44191898
1542,3703.1,1.9,-1.1,5.7101802,665.8,8.6,0.44158349
1548.2,3701.8,6.2,-1.3,5.7311268,666.2,8.6,0.44124801
1546.1,3701,-2.1,-0.8,5.7221161,666.7,8.6,0.44082865
1525.1,3701.6,-21,0.6,5.6453102,667.1,8.6,0.44049316
1504.3,3702.4,-20.8,0.8,5.5695203,667.5,8.6,0.44015768
1486.2,3702.9,-18.1,0.5,5.50325,667.9,8.6,0.43982219
1484.1,3702.4,-2.1,-0.5,5.4947318,668.3,8.6,0.43948671
1485.1,3701.7,1,-0.7,5.4973947,668.7,8.6,0.43915122
1483.1,3701.2,-2,-0.5,5.4892497,669.2,8.6,0.43873186
1483.1,3700.6,0,-0.6,5.4883599,669.6,8.7,0.43839638
1492.1,3699.3,9,-1.3,5.5197255,670,8.7,0.43806089
1482.1,3699.4,-10,0.1,5.4828807,670.4,8.7,0.4377254
1479.1,3699.1,-3,-0.3,5.4713388,670.8,8.7,0.43738992
1488.1,3697.8,9,-1.3,5.5026962,671.2,8.7,0.43705443
1128.2,3723.1,-359.9,25.3,4.2004014,671.5,8.7,0.43680282
761.1,3749.8,-367.1,26.7,2.8539728,671.7,8.7,0.43663508
406.1,3776.4,-355,26.6,1.533596,671.9,8.7,0.43646733
396.1,3778.8,-10,2.4,1.4967827,672,8.7,0.43638346
402.1,3779.8,6,1,1.5198576,672.1,8.7,0.43629959
401.1,3781,-1,1.2,1.5165591,672.2,8.7,0.43621572
400.1,3782.1,-1,1.1,1.5132182,672.3,8.7,0.43613185
400.1,3783,0,0.9,1.5135783,672.4,8.7,0.43604797
401.1,3783.8,1,0.8,1.5176822,672.5,8.7,0.4359641
399,3784.7,-2.1,0.9,1.5100953,672.6,8.7,0.43588023
393.1,3785.9,-5.9,1.2,1.4882373,672.7,8.7,0.43579636
403,3785.9,9.9,0,1.5257177,672.9,8.7,0.43562862
400,3786.7,-3,0.8,1.51468,673,8.7,0.43554475
395.1,3787.7,-4.9,1,1.4965203,673.1,8.7,0.43546087
402.1,3787.8,7,0.1,1.5230744,673.2,8.7,0.435377
398.1,3788.6,-4,0.8,1.5082417,673.3,8.7,0.43529313
401.2,3789,3.1,0.4,1.5201468,673.4,8.7,0.43520926
400.1,3789.5,-1.1,0.5,1.516179,673.5,8.7,0.43512539
284.1,3798.3,-116,8.8,1.079097,673.6,8.7,0.43504152
171.3,3807.2,-112.8,8.9,0.65217336,673.6,8.7,0.43504152
60,3816.1,-111.3,8.9,0.228966,673.7,8.7,0.43495764
-61,3826,-121,9.9,-0.233386,673.6,8.7,0.43504152
-173.1,3835.3,-112.1,9.3,-0.66389043,673.6,8.7,0.43504152
-176.1,3837,-3,1.7,-0.6756957,673.5,8.7,0.43512539
-172,3838,4.1,1,-0.660136,673.5,8.7,0.43512539
-169,3839,3,1,-0.648791,673.5,8.7,0.43512539
-176.1,3840.6,-7.1,1.6,-0.67632966,673.4,8.7,0.43520926
-173.1,3841.5,3,0.9,-0.66496365,673.4,8.7,0.43520926
30,3828,203.1,-13.5,0.11484,673.4,8.7,0.43520926
240.1,3813.5,210.1,-14.5,0.91562135,673.4,8.7,0.43520926
449.1,3798.7,209,-14.8,1.7059962,673.6,8.7,0.43504152
654.1,3783.8,205,-14.9,2.4749836,673.7,8.7,0.43495764
859.1,3768.4,205,-15.4,3.2374324,674,8.7,0.43470603
1070.1,3752.4,211,-16,4.0154432,674.3,8.7,0.43445442
1272.1,3736.6,202,-15.8,4.7533289,674.6,8.7,0.4342028
1272.1,3734.9,0,-1.7,4.7511663,675,8.7,0.43386732
1276.1,3733.4,4,-1.5,4.7641917,675.3,8.7,0.4336157
1274.1,3732.3,-2,-1.1,4.7553234,675.7,8.7,0.43328021
1275.1,3731,1,-1.3,4.7573981,676,8.7,0.4330286
1267.1,3730.6,-8,-0.4,4.7270433,676.4,8.7,0.43269311
1271.1,3729.4,4,-1.2,4.7404403,676.7,8.7,0.4324415
1274.1,3728.2,3,-1.2,4.7500996,677.1,8.7,0.43210601
1146.2,3736.5,-127.9,8.3,4.2827763,677.4,8.7,0.4318544
1020.2,3745.1,-126,8.6,3.820751,677.7,8.7,0.43160278
904.1,3753.1,-116.1,8,3.3931777,678,8.7,0.43135117
781.1,3761.9,-123,8.8,2.9384201,678.2,8.7,0.43118343
653.1,3771.3,-128,9.4,2.463036,678.4,8.7,0.43101568
534.1,3780.3,-119,9,2.0190582,678.5,8.7,0.43093181
403.1,3790.3,-131,10,1.5278699,678.6,8.7,0.43084794
409,3790.7,5.9,0.4,1.5503963,678.7,8.7,0.43076407
401.1,3791.9,-7.9,1.2,1.5209311,678.8,8.7,0.4306802
400.1,3792.6,-1,0.7,1.5174193,678.9,8.7,0.43059633
483,3787.2,82.9,-5.4,1.8292176,679.1,8.7,0.43042858
566,3781.6,83,-5.6,2.1403856,679.2,8.7,0.43034471
640.1,3776.3,74.1,-5.3,2.4172096,679.4,8.7,0.43017697
730.1,3769.8,90,-6.5,2.752331,679.6,8.7,0.43000923
809.1,3763.9,79,-5.9,3.0453715,679.8,8.7,0.42984148
809.2,3763.5,0.1,-0.4,3.0454242,680.1,8.7,0.42958987
809.1,3763.2,-0.1,-0.3,3.0448051,680.3,8.7,0.42942213
807.1,3763.1,-2,-0.1,3.037198,680.5,8.7,0.42925438
807.1,3762.8,0,-0.3,3.0369559,680.7,8.7,0.42908664
809.1,3762.5,2,-0.3,3.0442388,681,8.7,0.42883502
807.1,3762.4,-2,-0.1,3.036633,681.2,8.7,0.42866728
807.1,3762.2,0,-0.2,3.0364716,681.4,8.7,0.42849954
806.1,3762.1,-1,-0.1,3.0326288,681.6,8.7,0.4283318
808.1,3761.9,2,-0.2,3.0399914,681.9,8.7,0.42808018
809.1,3761.6,1,-0.3,3.0435106,682.1,8.7,0.42791244
804.1,3761.8,-5,0.2,3.0248634,682.3,8.7,0.4277447
819.1,3760.6,15,-1.2,3.0803075,682.5,8.7,0.42757695
833,3759.4,13.9,-1.2,3.1315802,682.8,8.7,0.42732534
841.1,3758.6,8.1,-0.8,3.1613585,683,8.7,0.42715759
859,3757.1,17.9,-1.5,3.2273489,683.2,8.7,0.42698985
861,3756.7,2,-0.4,3.2345187,683.5,8.7,0.42673824
858.1,3756.7,-2.9,0,3.2236243,683.7,8.7,0.42657049
861,3756.3,2.9,-0.4,3.2341743,684,8.7,0.42631888
867.1,3755.7,6.1,-0.6,3.2565675,684.2,8.7,0.42615114
859.2,3756,-7.9,0.3,3.2271552,684.4,8.7,0.42598339
862.1,3755.6,2.9,-0.4,3.2377028,684.7,8.7,0.42573178
865.1,3755.2,3,-0.4,3.2486235,684.9,8.7,0.42556404
856.1,3755.6,-9,0.4,3.2151692,685.2,8.7,0.42531242
858.1,3755.3,2,-0.3,3.2224229,685.4,8.7,0.42514468
857.2,3755.2,-0.9,-0.1,3.2189574,685.6,8.7,0.42497694
859.1,3754.9,1.9,-0.3,3.2258346,685.9,8.7,0.42472532
861.1,3754.6,2,-0.3,3.2330861,686.1,8.7,0.42455758
753.2,3762.2,-107.9,7.6,2.833689,686.3,8.7,0.42438983
648.1,3769.8,-105.1,7.6,2.4432074,686.5,8.7,0.42422209
550.2,3777.1,-97.9,7.3,2.0781604,686.7,8.7,0.42405435
447.2,3785,-103,7.9,1.692652,686.8,8.7,0.42397048
342.1,3793.2,-105.1,8.2,1.2976537,686.9,8.7,0.42388661
230.1,3802,-112,8.8,0.8748402,686.9,8.7,0.42388661
233,3802.7,2.9,0.7,0.8860291,687,8.7,0.42380273
2522,3640.6,2289,-162.1,9.1815932,687.7,8.7,0.42321563
2522,3635.3,0,-5.3,9.1682266,688.4,8.7,0.42262853
2525,3631.3,3,-4,9.1690325,689.1,8.7,0.42204143
2527.1,3627.8,2.1,-3.5,9.1678134,689.8,8.7,0.42145433
2525.1,3625.1,-2,-2.7,9.15374,690.5,8.7,0.42086723
2521,3622.7,-4.1,-2.4,9.1328267,691.2,8.7,0.42028013
2522,3620.2,1,-2.5,9.1301444,691.9,8.7,0.41969303
2524,3617.8,2,-2.4,9.1313272,692.6,8.7,0.41910593
2527.1,3615.4,3.1,-2.4,9.1364773,693.3,8.7,0.41851883
2522.1,3613.7,-5,-1.7,9.1141128,694,8.7,0.41793173
1525.2,3682.8,-996.9,69.1,5.6170066,694.4,8.7,0.41759624
1518.1,3683.9,-7.1,1.1,5.5925286,694.9,8.7,0.41717689
1523.1,3683.6,5,-0.3,5.6104912,695.3,8.7,0.4168414
1517.1,3683.9,-6,0.3,5.5888447,695.7,8.7,0.41650591
1522.1,3683.3,5,-0.6,5.6063509,696.1,8.7,0.41617043
1522.1,3682.9,0,-0.4,5.6057421,696.5,8.7,0.41583494
1513.1,3683.2,-9,0.3,5.5730499,697,8.7,0.41541558
1520.1,3682.3,7,-0.9,5.5974642,697.4,8.7,0.4150801
1513.1,3682.4,-7,0.1,5.5718394,697.8,8.7,0.41474461
1171.2,3706.5,-341.9,24.1,4.3410528,698.1,8.7,0.414493
829.2,3731.4,-342,24.9,3.0940769,698.4,8.7,0.41424138
491.1,3756.8,-338.1,25.4,1.8449645,698.5,8.7,0.41415751
486,3758.8,-5.1,2,1.8267768,698.6,8.7,0.41407364
484.1,3760.4,-1.9,1.6,1.8204096,698.8,8.7,0.4139059
488,3761.2,3.9,0.8,1.8354656,698.9,8.7,0.41382202
478.1,3763,-9.9,1.8,1.7990903,699,8.7,0.41373815
579.1,3756.7,101,-6.3,2.175505,699.2,8.7,0.41357041
578.1,3757.4,-1,0.7,2.1721529,699.4,8.7,0.41340267
572.1,3758.4,-6,1,2.1501806,699.5,8.7,0.4133188
576.1,3758.6,4,0.2,2.1653295,699.7,8.7,0.41315105
576.1,3759.2,0,0.6,2.1656751,699.8,8.7,0.41306718
578.1,3759.6,2,0.4,2.1734248,700,8.7,0.41289944
577.1,3760.1,-1,0.5,2.1699537,700.2,8.7,0.4127317
575.1,3760.7,-2,0.6,2.1627786,700.3,8.7,0.41264782
571.1,3761.5,-4,0.8,2.1481926,700.5,8.7,0.41248008
577.1,3761.5,6,0,2.1707616,700.6,8.7,0.41239621
584.1,3761.3,7,-0.2,2.1969753,700.8,8.7,0.41222847
575.1,3762.4,-9,1.1,2.1637562,701,8.7,0.41206072
549,3764.6,-26.1,2.2,2.0667654,701.1,8.7,0.41197685
525.1,3766.7,-23.9,2.1,1.9778942,701.3,8.7,0.41180911
500.1,3769,-25,2.3,1.8848769,701.4,8.7,0.41172524
471.1,3771.5,-29,2.5,1.7767537,701.5,8.7,0.41164137
447.1,3773.7,-24,2.2,1.6872213,701.7,8.7,0.41147362
428.1,3775.6,-19,1.9,1.6163344,701.8,8.7,0.41138975
401.1,3778.1,-27,2.5,1.5153959,701.9,8.7,0.41130588
397.1,3779,-4,0.9,1.5006409,702,8.7,0.41122201
398,3779.5,0.9,0.5,1.504241,702.1,8.7,0.41113814
395.1,3780.2,-2.9,0.7,1.493557,702.2,8.7,0.41105426
398.1,3780.5,3,0.3,1.505017,702.3,8.7,0.41097039
394.1,3781.2,-4,0.7,1.4901709,702.4,8.7,0.41088652
392.1,3781.8,-2,0.6,1.4828438,702.5,8.7,0.41080265
394.1,3782.2,2,0.4,1.490565,702.7,8.7,0.41063491
395.1,3782.5,1,0.3,1.4944658,702.8,8.7,0.41055104
397,3782.8,1.9,0.3,1.5017716,702.9,8.7,0.41046716
-427.9,3841.8,-824.9,59,-1.6439062,702.8,8.7,0.41055104
-437,3845,-9.1,3.2,-1.680265,702.6,8.7,0.41071878
-437,3847,0,2,-1.681139,702.5,8.7,0.41080265
-436,3848.7,1,1.7,-1.6780332,702.4,8.7,0.41088652
-433,3850.1,3,1.4,-1.6670933,702.3,8.7,0.41097039
-434,3851.7,-1,1.6,-1.6716378,702.2,8.7,0.41105426
-409.1,3851.4,24.9,-0.3,-1.5756077,702,8.7,0.41122201
-385.1,3851,24,-0.4,-1.4830201,701.9,8.7,0.41130588
-360,3850.4,25.1,-0.6,-1.386144,701.8,8.7,0.41138975
-335,3849.8,25,-0.6,-1.289683,701.7,8.7,0.41147362
-311,3849.1,24,-0.7,-1.1970701,701.7,8.7,0.41147362
-290,3848.6,21,-0.5,-1.116094,701.6,8.7,0.41155749
-263,3847.6,27,-1,-1.0119188,701.5,8.7,0.41164137
-264.1,3848.5,-1.1,0.9,-1.0163889,701.4,8.7,0.41172524
-266.1,3849.5,-2,1,-1.024352,701.4,8.7,0.41172524
-260.1,3849.9,6,0.4,-1.001359,701.3,8.7,0.41180911
-257.1,3850.5,3,0.6,-0.98996355,701.2,8.7,0.41189298
-266,3851.9,-8.9,1.4,-1.0246054,701.1,8.7,0.41197685
-263,3852.5,3,0.6,-1.0132075,701.1,8.7,0.41197685
-267,3853.5,-4,1,-1.0288845,701,8.7,0.41206072
633,3790.6,900,-62.9,2.3994498,701.2,8.7,0.41189298
638.1,3788.6,5.1,-2,2.4175057,701.3,8.7,0.41180911
635.1,3787.8,-3,-0.8,2.4056318,701.5,8.7,0.41164137
635.1,3787,0,-0.8,2.4051237,701.7,8.7,0.41147362
637.1,3786.2,2,-0.8,2.412188,701.9,8.7,0.41130588
631.1,3786,-6,-0.2,2.3893446,702,8.7,0.41122201
637.1,3785.1,6,-0.9,2.4114872,702.2,8.7,0.41105426
638.1,3784.6,1,-0.5,2.4149533,702.4,8.7,0.41088652
637.1,3784.2,-1,-0.4,2.4109138,702.6,8.7,0.41071878
640.1,3783.6,3,-0.6,2.4218824,702.8,8.7,0.41055104
635.2,3783.6,-4.9,0,2.4033427,702.9,8.7,0.41046716
2358,3661.6,1722.8,-122,8.6340528,703.6,8.7,0.40988006
2354.1,3657.2,-3.9,-4.4,8.6094145,704.2,8.7,0.40937683
2358.1,3653.1,4,-4.1,8.6143751,704.9,8.7,0.40878973
2354.1,3650.1,-4,-3,8.5927004,705.5,8.7,0.40828651
2359,3646.8,4.9,-3.3,8.6028012,706.2,8.7,0.4076994
2355,3644.3,-4,-2.5,8.5823265,706.9,8.7,0.4071123
2351.1,3642,-3.9,-2.3,8.5627062,707.5,8.7,0.40660907
2350.1,3639.7,-1,-2.3,8.553659,708.2,8.7,0.40602197
2359,3636.7,8.9,-3,8.5789753,708.8,8.7,0.40551875
2357.1,3634.6,-1.9,-2.1,8.5671157,709.5,8.7,0.40493164
2357.1,3632.5,0,-2.1,8.5621658,710.1,8.7,0.40442842
2355.2,3630.5,-1.9,-2,8.5505536,710.8,8.7,0.40384132
2355.1,3628.5,-0.1,-2,8.5454804,711.4,8.7,0.40333809
2357.9,3626.4,2.8,-2.1,8.5506886,712.1,8.7,0.40275099
2360.1,3624.5,2.2,-1.9,8.5541825,712.7,8.7,0.40224776
2353.1,3623.1,-7,-1.4,8.5255166,713.4,8.7,0.40166066
2356,3621.2,2.9,-1.9,8.5315472,714.1,8.7,0.40107356
2356.1,3619.5,0.1,-1.7,8.527904,714.7,8.7,0.40057033
76,3780.1,-2280.1,160.6,0.2872876,714.7,8.7,0.40057033
75,3784.4,-1,4.3,0.28383,714.8,8.7,0.40048645
84,3786.7,9,2.3,0.3180828,714.8,8.7,0.40048645
80,3789.3,-4,2.6,0.303144,714.8,8.7,0.40048645
83,3791.1,3,1.8,0.3146613,714.8,8.7,0.40048645
80,3793,-3,1.9,0.30344,714.8,8.7,0.40048645
72,3795.2,-8,2.2,0.2732544,714.9,8.7,0.40040258
74,3796.4,2,1.2,0.2809336,714.9,8.7,0.40040258
81,3797.3,7,0.9,0.3075813,714.9,8.7,0.40040258
80,3798.6,-1,1.3,0.303888,714.9,8.7,0.40040258
80,3799.7,0,1.1,0.303976,714.9,8.7,0.40040258
79,3800.9,-1,1.2,0.3002711,715,8.7,0.40031871
81,3801.7,2,0.8,0.3079377,715,8.7,0.40031871
80,3802.8,-1,1.1,0.304224,715,8.7,0.40031871
77,3803.9,-3,1.1,0.2929003,715,8.8,0.40031871
81,3804.5,4,0.6,0.3081645,715.1,8.8,0.40023484
1277.1,3720.8,1196.1,-83.7,4.7518337,715.4,8.8,0.39998323
2476.9,3633.9,1199.8,-86.9,9.0008069,716.1,8.8,0.39939613
2472.1,3629.5,-4.8,-4.4,8.972487,716.8,8.8,0.39880902
2471,3625.6,-1.1,-3.9,8.9588576,717.5,8.8,0.39822192
2472,3622.4,1,-3.2,8.9545728,718.2,8.8,0.39763482
2473,3619.3,1,-3.1,8.9505289,718.8,8.8,0.39713159
2124.9,3641.1,-348.1,21.8,7.7369734,719.4,8.8,0.39662837
1775.1,3664.3,-349.8,23.2,6.5044989,719.9,8.8,0.39620901
1419.1,3688.8,-356,24.5,5.2347761,720.3,8.8,0.39587352
1071.2,3713.5,-347.9,24.7,3.9779012,720.6,8.8,0.39562191
725.2,3738.8,-346,25.3,2.7113778,720.8,8.8,0.39545416
367.2,3765.5,-358,26.7,1.3826916,720.9,8.8,0.39537029
17,3792.1,-350.2,26.6,0.0644657,720.9,8.8,0.39537029
15,3794.6,-2,2.5,0.056919,720.9,8.8,0.39537029
18,3796.3,3,1.7,0.0683334,720.9,8.8,0.39537029
20,3797.8,2,1.5,0.075956,720.9,8.8,0.39537029
20,3799.3,0,1.5,0.075986,721,8.8,0.39528642
19,3800.7,-1,1.4,0.0722133,721,8.8,0.39528642
19,3802,0,1.3,0.072238,721,8.8,0.39528642
21,3803,2,1,0.079863,721,8.8,0.39528642
14,3804.6,-7,1.6,0.0532644,721,8.8,0.39528642
19,3805.3,5,0.7,0.0723007,721,8.8,0.39528642
17,3806.5,-2,1.2,0.0647105,721,8.8,0.39528642
18,3807.4,1,0.9,0.0685332,721,8.8,0.39528642
25,3807.8,7,0.4,0.095195,721,8.8,0.39528642
21,3808.9,-4,1.1,0.0799869,721,8.8,0.39528642
24,3809.6,3,0.7,0.0914304,721,8.8,0.39528642
14,3811.1,-10,1.5,0.0533554,721,8.8,0.39528642
16,3811.7,2,0.6,0.0609872,721,8.8,0.39528642
16,3812.5,0,0.8,0.061,721,8.8,0.39528642
18,3813.2,2,0.7,0.0686376,721,8.8,0.39528642
15,3814,-3,0.8,0.05721,721,8.8,0.39528642
21,3814.4,6,0.4,0.0801024,721,8.8,0.39528642
22,3815,1,0.6,0.08393,721,8.8,0.39528642
24,3815.5,2,0.5,0.091572,721,8.8,0.39528642
14,3816.8,-10,1.3,0.0534352,721.1,8.8,0.39520255
18,3817.2,4,0.4,0.0687096,721.1,8.8,0.39520255
14,3818.1,-4,0.9,0.0534534,721.1,8.8,0.39520255
18,3818.5,4,0.4,0.068733,721.1,8.8,0.39520255
17,3819.2,-1,0.7,0.0649264,721.1,8.8,0.39520255
21,3819.5,4,0.3,0.0802095,721.1,8.8,0.39520255
16,3820.4,-5,0.9,0.0611264,721.1,8.8,0.39520255
22,3820.5,6,0.1,0.084051,721.1,8.8,0.39520255
15,3821.6,-7,1.1,0.057324,721.1,8.8,0.39520255
21,3821.7,6,0.1,0.0802557,721.1,8.8,0.39520255
20,3822.3,-1,0.6,0.076446,721.1,8.8,0.39520255
15,3823.1,-5,0.8,0.0573465,721.1,8.8,0.39520255
16,3823.6,1,0.5,0.0611776,721.1,8.8,0.39520255
17,3824,1,0.4,0.065008,721.1,8.8,0.39520255
23,3824.1,6,0.1,0.0879543,721.1,8.8,0.39520255
21,3824.7,-2,0.6,0.0803187,721.1,8.8,0.39520255
19,3825.3,-2,0.6,0.0726807,721.1,8.8,0.39520255
20,3825.7,1,0.4,0.076514,721.1,8.8,0.39520255
20,3826.2,0,0.5,0.076524,721.1,8.8,0.39520255
14,3827,-6,0.8,0.053578,721.1,8.8,0.39520255
15,3827.4,1,0.4,0.057411,721.2,8.8,0.39511868
20,3827.5,5,0.1,0.07655,721.2,8.8,0.39511868
20,3828,0,0.5,0.07656,721.2,8.8,0.39511868
21,3828.3,1,0.3,0.0803943,721.2,8.8,0.39511868
19,3828.9,-2,0.6,0.0727491,721.2,8.8,0.39511868
20,3829.2,1,0.3,0.076584,721.2,8.8,0.39511868
13,3830.1,-7,0.9,0.0497913,721.2,8.8,0.39511868
18,3830.1,5,0,0.0689418,721.2,8.8,0.39511868
20,3830.4,2,0.3,0.076608,721.2,8.8,0.39511868
17,3831,-3,0.6,0.065127,721.2,8.8,0.39511868
20,3831.1,3,0.1,0.076622,721.2,8.8,0.39511868
25,3831.1,5,0,0.0957775,721.2,8.8,0.39511868
23,3831.6,-2,0.5,0.0881268,721.2,8.7,0.39511868
19,3832.3,-4,0.7,0.0728137,721.2,8.7,0.39511868
22,3832.4,3,0.1,0.0843128,721.2,8.7,0.39511868
20,3832.9,-2,0.5,0.076658,721.2,8.7,0.39511868
19,3833.3,-1,0.4,0.0728327,721.2,8.7,0.39511868
22,3833.4,3,0.1,0.0843348,721.2,8.7,0.39511868
20,3833.9,-2,0.5,0.076678,721.3,8.7,0.39503481
15,3834.6,-5,0.7,0.057519,721.3,8.7,0.39503481
24,3834.2,9,-0.4,0.0920208,721.3,8.7,0.39503481
19,3834.9,-5,0.7,0.0728631,721.3,8.7,0.39503481
17,3835.4,-2,0.5,0.0652018,721.3,8.7,0.39503481
16,3835.7,-1,0.3,0.0613712,721.3,8.7,0.39503481
19,3835.9,3,0.2,0.0728821,721.3,8.7,0.39503481
24,3835.8,5,-0.1,0.0920592,721.3,8.7,0.39503481
9,3837.1,-15,1.3,0.0345339,721.3,8.7,0.39503481
19,3836.8,10,-0.3,0.0728992,721.3,8.7,0.39503481
18,3837.1,-1,0.3,0.0690678,721.3,8.7,0.39503481
19,3837.3,1,0.2,0.0729087,721.3,8.7,0.39503481
14,3837.9,-5,0.6,0.0537306,721.3,8.7,0.39503481
18,3838,4,0.1,0.069084,721.3,8.7,0.39503481
15,3838.4,-3,0.4,0.057576,721.3,8.7,0.39503481
24,3838.1,9,-0.3,0.0921144,721.3,8.7,0.39503481
18,3838.7,-6,0.6,0.0690966,721.3,8.7,0.39503481
18,3839,0,0.3,0.069102,721.3,8.7,0.39503481
16,3839.4,-2,0.4,0.0614304,721.3,8.7,0.39503481
18,3839.5,2,0.1,0.069111,721.3,8.7,0.39503481
24,3839.4,6,-0.1,0.0921456,721.4,8.7,0.39495094
16,3840.1,-8,0.7,0.0614416,721.4,8.7,0.39495094
15,3840.5,-1,0.4,0.0576075,721.4,8.7,0.39495094
19,3840.4,4,-0.1,0.0729676,721.4,8.7,0.39495094
18,3840.7,-1,0.3,0.0691326,721.4,8.7,0.39495094
21,3840.8,3,0.1,0.0806568,721.4,8.7,0.39495094
17,3841.3,-4,0.5,0.0653021,721.4,8.7,0.39495094
21,3841.2,4,-0.1,0.0806652,721.4,8.7,0.39495094
20,3841.5,-1,0.3,0.07683,721.4,8.7,0.39495094
18,3841.9,-2,0.4,0.0691542,721.4,8.7,0.39495094
23,3841.7,5,-0.2,0.0883591,721.4,8.7,0.39495094
19,3842.2,-4,0.5,0.0730018,721.4,8.7,0.39495094
20,3842.4,1,0.2,0.076848,721.4,8.7,0.39495094
18,3842.8,-2,0.4,0.0691704,721.4,8.7,0.39495094
12,3843.4,-6,0.6,0.0461208,721.4,8.7,0.39495094
23,3842.8,11,-0.6,0.0883844,721.4,8.7,0.39495094
24,3843,1,0.2,0.092232,721.4,8.7,0.39495094
25,3843.1,1,0.1,0.0960775,721.4,8.7,0.39495094
19,3843.7,-6,0.6,0.0730303,721.4,8.7,0.39495094
19,3843.9,0,0.2,0.0730341,721.5,8.7,0.39486706
15,3844.4,-4,0.5,0.057666,721.5,8.7,0.39486706
23,3844,8,-0.4,0.088412,721.5,8.7,0.39486706
18,3844.6,-5,0.6,0.0692028,721.5,8.7,0.39486706
23,3844.4,5,-0.2,0.0884212,721.5,8.7,0.39486706
18,3844.9,-5,0.5,0.0692082,721.5,8.7,0.39486706
17,3845.2,-1,0.3,0.0653684,721.5,8.7,0.39486706
19,3845.2,2,0,0.0730588,721.5,8.7,0.39486706
19,3845.4,0,0.2,0.0730626,721.5,8.7,0.39486706
19,3845.6,0,0.2,0.0730664,721.5,8.7,0.39486706
20,3845.7,1,0.1,0.076914,721.5,8.7,0.39486706
397.1,3819.2,377.1,-26.5,1.5166043,721.6,8.7,0.39478319
788,3790.6,390.9,-28.6,2.9869928,721.8,8.7,0.39461545
1169.1,3762.1,381.1,-28.5,4.3982711,722.2,8.7,0.39427996
1551,3732.8,381.9,-29.3,5.7895728,722.6,8.7,0.39394448
1939,3702.7,388,-30.1,7.1795353,723.1,8.7,0.39352512
2313,3673.1,374,-29.6,8.4958803,723.8,8.7,0.39293802
2316,3669.1,3,-4,8.4976356,724.4,8.7,0.39243479
2315,3665.8,-1,-3.3,8.486327,725.1,8.7,0.39184769
2323,3662.2,8,-3.6,8.5072906,725.7,8.7,0.39134446
2315,3659.8,-8,-2.4,8.472437,726.3,8.7,0.39084123
2320.1,3656.8,5.1,-3,8.4841417,727,8.7,0.39025413
2317.1,3654.3,-3,-2.5,8.4673785,727.6,8.7,0.3897509
2320.1,3651.7,3,-2.6,8.4723092,728.3,8.7,0.3891638
2319.1,3649.3,-1,-2.4,8.4630916,728.9,8.7,0.38866057
1588.2,3698.5,-730.9,49.2,5.8739577,729.4,8.7,0.38824121
855.2,3750.1,-733,51.6,3.2070855,729.6,8.7,0.38807347
852.1,3751.5,-3.1,1.4,3.1966531,729.8,8.7,0.38790573
852.1,3752.1,0,0.6,3.1971644,730.1,8.7,0.38765411
853.1,3752.3,1,0.2,3.2010871,730.3,8.7,0.38748637
850.3,3752.7,-2.8,0.4,3.1909208,730.6,8.7,0.38723476
855.1,3752.4,4.8,-0.3,3.2086772,730.8,8.7,0.38706701
851.1,3752.7,-4,0.3,3.193923,731,8.7,0.38689927
851.1,3752.7,0,0,3.193923,731.3,8.7,0.38664766
850.2,3752.6,-0.9,-0.1,3.1904605,731.5,8.7,0.38647991
856.1,3752.1,5.9,-0.5,3.2121728,731.7,8.7,0.38631217
853.1,3752.1,-3,0,3.2009165,732,8.7,0.38606056
855.1,3751.8,2,-0.3,3.2081642,732.2,8.7,0.38589281
856.1,3751.5,1,-0.3,3.2116592,732.4,8.7,0.38572507
793.1,3755.8,-63,4.3,2.978725,732.7,8.7,0.38547345
728.1,3760.4,-65,4.6,2.7379472,732.9,8.7,0.38530571
668.1,3764.7,-60,4.3,2.5151961,733.1,8.7,0.38513797
604.1,3769.5,-64,4.8,2.2771549,733.2,8.7,0.3850541
605.1,3769.7,1,0.2,2.2810455,733.4,8.7,0.38488635
611.1,3769.4,6,-0.3,2.3034803,733.6,8.7,0.38471861
605.2,3770,-5.9,0.6,2.281604,733.7,8.7,0.38463474
726.1,3761.5,120.9,-8.5,2.7312251,733.9,8.7,0.384467
845,3752.7,118.9,-8.8,3.1710315,734.2,8.7,0.38421538
968.1,3743.5,123.1,-9.2,3.6240824,734.4,8.7,0.38404764
1096.9,3733.7,128.8,-9.8,4.0954955,734.7,8.7,0.38379602
1090.1,3733.2,-6.8,-0.5,4.0695613,735,8.7,0.38354441
1090.1,3732.5,0,-0.7,4.0687983,735.3,8.7,0.3832928
1091.1,3731.7,1,-0.8,4.0716579,735.6,8.7,0.38304118
1093.1,3730.9,2,-0.8,4.0782468,736,8.7,0.38270569
1086.1,3730.8,-7,-0.1,4.0520219,736.3,8.7,0.38245408
1094.1,3729.6,8,-1.2,4.0805554,736.6,8.7,0.38220247
1094.2,3729,0.1,-0.6,4.0802718,736.9,8.7,0.38195085
1086.1,3729.1,-8.1,0.1,4.0501755,737.2,8.7,0.38169924
1088,3728.3,1.9,-0.8,4.0563904,737.5,8.7,0.38144762
1091.1,3727.6,3.1,-0.7,4.0671844,737.8,8.7,0.38119601
1089.1,3727.3,-2,-0.3,4.0594024,738.1,8.7,0.38094439
1092.1,3726.6,3,-0.7,4.0698199,738.4,8.7,0.38069278
1091.1,3726.1,-1,-0.5,4.0655477,738.7,8.7,0.38044116
1093.1,3725.5,2,-0.6,4.072344,739,8.7,0.38018955
1088.1,3725.4,-5,-0.1,4.0536077,739.3,8.7,0.37993794
1271.1,3711.9,183,-13.5,4.7181961,739.6,8.7,0.37968632
1272.1,3710.9,1,-1,4.7206359,740,8.7,0.37935083
1274.1,3710,2,-0.9,4.726911,740.3,8.7,0.37909922
1272.1,3709.4,-2,-0.6,4.7187277,740.7,8.7,0.37876373
1274.1,3708.5,2,-0.9,4.7249998,741.1,8.7,0.37842825
1271.1,3708.1,-3,-0.4,4.7133659,741.4,8.7,0.37817663
1273.1,3707.3,2,-0.8,4.7197636,741.8,8.7,0.37784115
1278.1,3706.2,5,-1.1,4.7368942,742.1,8.7,0.37758953
1277.1,3705.7,-1,-0.5,4.7325495,742.5,8.7,0.37725405
1276.1,3705.2,-1,-0.5,4.7282057,742.8,8.7,0.37700243
1270.1,3705,-6,-0.2,4.7057205,743.2,8.7,0.37666695
649.1,3748.8,-621,43.8,2.4333461,743.4,8.7,0.3764992
649.1,3749.9,0,1.1,2.4340601,743.5,8.7,0.37641533
648.1,3750.7,-1,0.8,2.4308287,743.7,8.7,0.37624759
642.1,3751.6,-6,0.9,2.4089024,743.9,8.7,0.37607985
646.1,3751.8,4,0.2,2.424038,744.1,8.7,0.3759121
645.1,3752.2,-1,0.4,2.4205442,744.3,8.7,0.37574436
649.1,3752.2,4,0,2.435553,744.4,8.7,0.37566049
642.1,3753,-7,0.8,2.4098013,744.6,8.7,0.37549275
547.1,3760.1,-95,7.1,2.0571507,744.8,8.7,0.375325
456.1,3767.1,-91,7,1.7181743,744.9,8.7,0.37524113
358.1,3774.7,-98,7.6,1.3517201,745,8.7,0.37515726
268.1,3781.9,-90,7.2,1.0139274,745.1,8.7,0.37507339
165.1,3790.2,-103,8.3,0.62576202,745.1,8.7,0.37507339
76,3797.6,-89.1,7.4,0.2886176,745.1,8.7,0.37507339
74,3798.8,-2,1.2,0.2811112,745.2,8.7,0.37498952
77,3799.7,3,0.9,0.2925769,745.2,8.7,0.37498952
74,3800.8,-3,1.1,0.2812592,745.2,8.7,0.37498952
74,3801.7,0,0.9,0.2813258,745.2,8.7,0.37498952
74,3802.5,0,0.8,0.281385,745.2,8.7,0.37498952
269.1,3789.4,195.1,-13.1,1.0197275,745.3,8.7,0.37490564
465,3775.7,195.9,-13.7,1.7557005,745.4,8.7,0.37482177
466.1,3775.4,1.1,-0.3,1.7597139,745.6,8.7,0.37465403
465.1,3775.5,-1,0.1,1.7559851,745.7,8.7,0.37457016
465.1,3775.5,0,0,1.7559851,745.8,8.7,0.37448629
465.1,3775.5,0,0,1.7559851,746,8.7,0.37431854
470,3775.2,4.9,-0.3,1.774344,746.1,8.7,0.37423467
461.1,3775.9,-8.9,0.7,1.7410675,746.2,8.7,0.3741508
467,3775.6,5.9,-0.3,1.7632052,746.3,8.7,0.37406693
521.1,3771.9,54.1,-3.7,1.9655371,746.5,8.7,0.37389919
573.1,3768.1,52,-3.8,2.1594981,746.6,8.7,0.37381531
631,3763.8,57.9,-4.3,2.3749578,746.8,8.7,0.37364757
627.1,3763.9,-3.9,0.1,2.3603417,747,8.7,0.37347983
624.1,3763.9,-3,0,2.34905,747.2,8.7,0.37331209
625.1,3763.7,1,-0.2,2.3526889,747.3,8.7,0.37322821
624.1,3763.6,-1,-0.1,2.3488628,747.5,8.7,0.37306047
622.1,3763.7,-2,0.1,2.3413978,747.7,8.7,0.37289273
623,3763.5,0.9,-0.2,2.3446605,747.9,8.7,0.37272499
627,3763.1,4,-0.4,2.3594637,748,8.7,0.37264111
621,3763.5,-6,0.4,2.3371335,748.2,8.7,0.37247337
580.1,3766.4,-40.9,2.9,2.1848886,748.4,8.7,0.37230563
513.1,3771.1,-67,4.7,1.9349514,748.5,8.7,0.37222176
466.2,3774.7,-46.9,3.6,1.7597651,748.6,8.7,0.37213788
413.1,3778.8,-53.1,4.1,1.5610223,748.8,8.7,0.37197014
412.1,3779.2,-1,0.4,1.5574083,748.9,8.7,0.37188627
416.1,3779.2,4,0,1.5725251,749,8.7,0.3718024
411.1,3779.8,-5,0.6,1.5538758,749.1,8.7,0.37171853
413.1,3779.9,2,0.1,1.5614767,749.2,8.7,0.37163466
408.1,3780.5,-5,0.6,1.5428221,749.3,8.7,0.37155078
412.1,3780.5,4,0,1.5579441,749.4,8.7,0.37146691
415.1,3780.4,3,-0.1,1.569244,749.6,8.7,0.37129917
418.1,3780.4,3,0,1.5805852,749.7,8.7,0.3712153
410,3781.1,-8.1,0.7,1.550251,749.8,8.7,0.37113143
407,3781.5,-3,0.4,1.5390705,749.9,8.7,0.37104756
414.1,3781.2,7.1,-0.3,1.5657949,750,8.7,0.37096368
410,3781.6,-4.1,0.4,1.550456,750.1,8.7,0.37087981
411.1,3781.7,1.1,0.1,1.5546569,750.2,8.7,0.37079594
490.1,3776.2,79,-5.5,1.8507156,750.4,8.7,0.3706282
573,3770.2,82.9,-6,2.1603246,750.5,8.7,0.37054433
652.1,3764.3,79.1,-5.9,2.4547,750.7,8.7,0.37037658
731.1,3758.3,79,-6,2.7476931,750.9,8.7,0.37020884
805.1,3752.6,74,-5.7,3.0212183,751.1,8.7,0.3700411
891.1,3745.8,86,-6.8,3.3378824,751.4,8.7,0.36978948
967.1,3739.6,76,-6.2,3.6165672,751.7,8.7,0.36953787
963,3739,-4.1,-0.6,3.600657,751.9,8.7,0.36937012
965.9,3738.1,2.9,-0.9,3.6106308,752.2,8.7,0.36911851
963,3737.6,-2.9,-0.5,3.5993088,752.5,8.7,0.3688669
964.1,3737,1.1,-0.6,3.6028417,752.7,8.7,0.36869915
970.2,3735.9,6.1,-1.1,3.6245702,753,8.7,0.36844754
962.1,3736,-8.1,0.1,3.5944056,753.3,8.7,0.36819592
973,3734.7,10.9,-1.3,3.6338631,753.5,8.7,0.36802818
959.1,3735.2,-13.9,0.5,3.5824303,753.8,8.7,0.36777657
969,3734,9.9,-1.2,3.618246,754.1,8.7,0.36752495
967.1,3733.6,-1.9,-0.4,3.6107646,754.3,8.7,0.36735721
967.2,3733.1,0.1,-0.5,3.6106543,754.6,8.7,0.36710559
964.1,3732.9,-3.1,-0.2,3.5988889,754.9,8.7,0.36685398
967,3732.3,2.9,-0.6,3.6091341,755.2,8.7,0.36660237
414.3,3771.5,-552.7,39.2,1.5625324,755.3,8.7,0.36651849
-139,3812.3,-553.3,40.8,-0.5299097,755.2,8.7,0.36660237
-136,3814.2,3,1.9,-0.5187312,755.2,8.7,0.36660237
-132.1,3815.5,3.9,1.3,-0.50402755,755.2,8.7,0.36660237
-141.1,3817.6,-9,2.1,-0.53866336,755.1,8.7,0.36668624
-138.1,3818.7,3,1.1,-0.52736247,755.1,8.7,0.36668624
-136.1,3819.8,2,1.1,-0.51987478,755,8.7,0.36677011
-140.1,3821.1,-4,1.3,-0.53533611,755,8.7,0.36677011
-133.1,3821.7,7,0.6,-0.50866827,755,8.7,0.36677011
-137,3822.9,-3.9,1.2,-0.5237373,754.9,8.7,0.36685398
-141,3824.1,-4,1.2,-0.5391981,754.9,8.7,0.36685398
-141,3824.9,0,0.8,-0.5393109,754.8,8.7,0.36693785
-137,3825.5,4,0.6,-0.5240935,754.8,8.7,0.36693785
-138.1,3826.4,-1.1,0.9,-0.52842584,754.8,8.7,0.36693785
-131.1,3826.7,7,0.3,-0.50168037,754.7,8.7,0.36702172
-132.1,3827.5,-1,0.8,-0.50561275,754.7,8.7,0.36702172
1704.9,3697.2,1837,-130.3,6.3033563,755.2,8.7,0.36660237
1701,3693.3,-3.9,-3.9,6.2823033,755.6,8.7,0.36626688
1696,3690.6,-5,-2.7,6.2592576,756.1,8.7,0.36584752
1700,3687.7,4,-2.9,6.26909,756.6,8.7,0.36542816
1700.1,3685.5,0.1,-2.2,6.2657185,757.1,8.7,0.36500881
1700,3683.4,-0.1,-2.1,6.26178,757.5,8.7,0.36467332
1697.1,3681.8,-2.9,-1.6,6.2483828,758,8.7,0.36425396
1696.1,3680.1,-1,-1.7,6.2418176,758.5,8.7,0.36383461
1698.1,3678.3,2,-1.8,6.2461212,758.9,8.7,0.36349912
1705.1,3676.2,7,-2.1,6.2682886,759.4,8.7,0.36307976
1701.1,3675.1,-4,-1.1,6.2517126,759.9,8.7,0.3626604
1700.1,3673.7,-1,-1.4,6.2456574,760.4,8.7,0.36224105
1705,3672,4.9,-1.7,6.26076,760.8,8.7,0.36190556
1699,3671.1,-6,-0.9,6.2371989,761.3,8.7,0.3614862
1696,3670.1,-3,-1,6.2244896,761.8,8.7,0.36106685
1701,3668.5,5,-1.6,6.2401185,762.3,8.7,0.36064749
1699,3667.5,-2,-1,6.2310825,762.7,8.7,0.360312
1696,3666.6,-3,-0.9,6.2185536,763.2,8.7,0.35989264
1597.3,3672.6,-98.7,6,5.866244,763.6,8.7,0.35955716
1497,3678.9,-100.3,6.3,5.5073133,764.1,8.7,0.3591378
1390.1,3686,-106.9,7.1,5.1239086,764.4,8.7,0.35888619
1296.1,3692.3,-94,6.3,4.78559,764.8,8.7,0.3585507
1189.1,3699.7,-107,7.4,4.3993133,765.1,8.7,0.35829909
1089.3,3706.9,-99.8,7.2,4.0379262,765.4,8.7,0.35804747
1090.1,3706.9,0.8,0,4.0408917,765.7,8.7,0.35779586
1089.1,3706.9,-1,0,4.0371848,766,8.7,0.35754424
1089.1,3706.8,0,-0.1,4.0370759,766.3,8.7,0.35729263
1089.1,3706.7,0,-0.1,4.036967,766.6,8.7,0.35704101
1097.1,3705.9,8,-0.8,4.0657429,766.9,8.7,0.3567894
1088.2,3706.4,-8.9,0.5,4.0333045,767.3,8.7,0.35645391
1096.1,3705.6,7.9,-0.8,4.0617082,767.6,8.7,0.3562023
1089.1,3705.9,-7,0.3,4.0360957,767.9,8.7,0.35595068
1094.1,3705.4,5,-0.5,4.0540781,768.2,8.7,0.35569907
1092.1,3705.2,-2,-0.2,4.0464489,768.5,8.7,0.35544745
1095.1,3704.8,3,-0.4,4.0571265,768.8,8.7,0.35519584
1086.1,3705.2,-9,0.4,4.0242177,769.1,8.7,0.35494423
1090.1,3704.7,4,-0.5,4.0384935,769.4,8.7,0.35469261
995.1,3711.3,-95,6.6,3.6931146,769.7,8.7,0.354441
918.1,3716.8,-77,5.5,3.4123941,769.9,8.7,0.35427325
834.1,3723,-84,6.2,3.1053543,770.1,8.7,0.35410551
827.1,3723.8,-7,0.8,3.079955,770.4,8.7,0.3538539
833.1,3723.6,6,-0.2,3.1021312,770.6,8.7,0.35368615
830.2,3723.9,-2.9,0.3,3.0915818,770.8,8.7,0.35351841
827.1,3724.3,-3.1,0.4,3.0803685,771.1,8.7,0.3532668
827.1,3724.4,0,0.1,3.0804512,771.3,8.7,0.35309905
833.1,3724,6,-0.4,3.1024644,771.5,8.7,0.35293131
828.1,3724.5,-5,0.5,3.0842584,771.8,8.7,0.35267969
820.1,3725.1,-8,0.6,3.0549545,772,8.7,0.35251195
834.1,3724.2,14,-0.9,3.1063552,772.2,8.7,0.35234421
824.1,3724.8,-10,0.6,3.0696077,772.4,8.7,0.35217647
829.1,3724.5,5,-0.3,3.0879829,772.7,8.7,0.35192485
831.1,3724.4,2,-0.1,3.0953488,772.9,8.7,0.35175711
-353.9,3809.5,-1185,85.1,-1.348182,772.8,8.7,0.35184098
-355.9,3812.7,-2,3.2,-1.3569399,772.7,8.7,0.35192485
-361.1,3815.5,-5.2,2.8,-1.377777,772.6,8.7,0.35200872
-356,3817.2,5.1,1.7,-1.3589232,772.5,8.7,0.35209259
-355,3818.9,1,1.7,-1.3557095,772.4,8.7,0.35217647
-352,3820.4,3,1.5,-1.3447808,772.3,8.7,0.35226034
120.1,3788.2,472.1,-32.2,0.45496282,772.3,8.7,0.35226034
593,3754.7,472.9,-33.5,2.2265371,772.5,8.7,0.35209259
1069.1,3719.9,476.1,-34.8,3.9769451,772.8,8.7,0.35184098
1540.9,3684.5,471.8,-35.4,5.677446,773.2,8.7,0.35150549
2020,3647.8,479.1,-36.7,7.368556,773.8,8.7,0.35100226
2492.9,3611,472.9,-36.8,9.0018619,774.5,8.7,0.35041516
2494.1,3607,1.2,-4,8.9962187,775.2,8.7,0.34982806
2491.2,3603.8,-2.9,-3.2,8.9777866,775.9,8.7,0.34924096
-637,3824.6,-3128.2,220.8,-2.4362702,775.7,8.7,0.34940871
-636.9,3829.9,0.1,5.3,-2.4392633,775.5,8.7,0.34957645
-641,3833.9,-4.1,4,-2.4575299,775.3,8.7,0.34974419
-638.1,3836.7,2.9,2.8,-2.4481983,775.2,8.7,0.34982806
-635.1,3839.1,3,2.4,-2.4382124,775,8.7,0.34999581
-605,3839.3,30.1,0.2,-2.3227765,774.8,8.7,0.35016355
-555.1,3837.8,49.9,-1.5,-2.1303628,774.7,8.7,0.35024742
-522,3837.2,33.1,-0.6,-2.0030184,774.5,8.7,0.35041516
-480,3835.9,42,-1.3,-1.841232,774.4,8.7,0.35049904
-442,3834.7,38,-1.2,-1.6949374,774.3,8.7,0.35058291
-398,3832.9,44,-1.8,-1.5254942,774.2,8.7,0.35066678
-356,3831.1,42,-1.8,-1.3638716,774.1,8.7,0.35075065
-361.9,3832.6,-5.9,1.5,-1.3870179,774,8.7,0.35083452
995,3737.2,1356.9,-95.4,3.718514,774.2,8.7,0.35066678
991.1,3734.9,-3.9,-2.3,3.7016594,774.5,8.7,0.35041516
990.1,3733.3,-1,-1.6,3.6963403,774.8,8.7,0.35016355
986.1,3732.2,-4,-1.1,3.6803224,775.1,8.7,0.34991193
992.1,3730.6,6,-1.6,3.7011283,775.3,8.7,0.34974419
991.1,3729.7,-1,-0.9,3.6965057,775.6,8.7,0.34949258
990.1,3728.8,-1,-0.9,3.6918849,775.9,8.7,0.34924096
992.1,3727.8,2,-1,3.6983504,776.2,8.7,0.34898935
988.1,3727.4,-4,-0.4,3.6830439,776.4,8.7,0.34882161
1064.1,3721.2,76,-6.2,3.9597289,776.7,8.7,0.34856999
1129.2,3715.7,65.1,-5.5,4.1957684,777,8.7,0.34831838
1201.1,3709.6,71.9,-6.1,4.4556006,777.4,8.7,0.34798289
1266.1,3703.9,65,-5.7,4.6895078,777.7,8.7,0.34773128
1336.1,3697.7,70,-6.2,4.940497,778.1,8.7,0.34739579
1398.1,3692.1,62,-5.6,5.161925,778.5,8.7,0.3470603
1475.1,3685.3,77,-6.8,5.436186,778.9,8.7,0.34672482
1473.1,3684.1,-2,-1.2,5.4270477,779.3,8.7,0.34638933
1472.1,3682.9,-1,-1.2,5.4215971,779.7,8.7,0.34605385
1472.1,3681.7,0,-1.2,5.4198306,780.1,8.7,0.34571836
-13,3786.9,-1485.1,105.2,-0.0492297,780.1,8.7,0.34571836
-1,3788.8,12,1.9,-0.0037888,780.1,8.7,0.34571836
-8,3791.3,-7,2.5,-0.0303304,780.1,8.7,0.34571836
-1,3792.4,7,1.1,-0.0037924,780.1,8.7,0.34571836
-6,3794.1,-5,1.7,-0.0227646,780.1,8.7,0.34571836
-200,3809.2,-194,15.1,-0.76184,780.1,8.7,0.34571836
-399,3824.9,-199,15.7,-1.5261351,779.9,8.7,0.3458861
-607.9,3841.7,-208.9,16.8,-2.3353694,779.8,8.7,0.34596997
-598.1,3843.2,9.8,1.5,-2.2986179,779.6,8.7,0.34613772
-605.1,3845.6,-7,2.4,-2.3269726,779.4,8.7,0.34630546
-600,3847.1,5.1,1.5,-2.30826,779.3,8.7,0.34638933
561.9,3766.1,1161.9,-81,2.1161716,779.4,8.7,0.34630546
1737,3681.3,1175.1,-84.8,6.3944181,779.9,8.7,0.3458861
1737,3677.2,0,-4.1,6.3872964,780.4,8.7,0.34546674
1733.1,3674.5,-3.9,-2.7,6.368276,780.9,8.7,0.34504739
1734.1,3671.9,1,-2.6,6.3674418,781.4,8.7,0.34462803
1739.1,3669.3,5,-2.6,6.3812796,781.8,8.7,0.34429254
1736.1,3667.4,-3,-1.9,6.3669731,782.3,8.7,0.34387319
1741,3665.1,4.9,-2.3,6.3809391,782.8,8.7,0.34345383
1733,3664,-8,-1.1,6.349712,783.3,8.7,0.34303447
1736.1,3662.1,3.1,-1.9,6.3577718,783.8,8.7,0.34261511
1003.1,3712.8,-733,50.7,3.7243097,784,8.7,0.34244737
276.2,3765.3,-726.9,52.5,1.0399759,784.1,8.7,0.3423635
277.1,3767.2,0.9,1.9,1.0438911,784.2,8.7,0.34227963
273.1,3768.8,-4,1.6,1.0292593,784.3,8.7,0.34219576
274.1,3769.9,1,1.1,1.0333296,784.4,8.7,0.34211188
269.1,3771.2,-5,1.3,1.0148299,784.4,8.7,0.34211188
277.1,3771.4,8,0.2,1.0450549,784.5,8.7,0.34202801
275.1,3772.3,-2,0.9,1.0377597,784.6,8.7,0.34194414
272.1,3773.1,-3,0.8,1.0266605,784.7,8.7,0.34186027
274,3773.7,1.9,0.6,1.0339938,784.7,8.7,0.34186027
274,3774.2,0,0.5,1.0341308,784.8,8.7,0.3417764
275.2,3774.7,1.2,0.5,1.0387974,784.9,8.7,0.34169253
280.1,3774.9,4.9,0.2,1.0573495,785,8.7,0.34160866
274,3775.7,-6.1,0.8,1.0345418,785,8.7,0.34160866
266.1,3776.8,-7.9,1.1,1.0050065,785.1,8.7,0.34152478
272.1,3776.8,6,0,1.0276673,785.2,8.7,0.34144091
271.1,3777.3,-1,0.5,1.024026,785.3,8.7,0.34135704
385.1,3769.6,114,-7.7,1.451673,785.4,8.7,0.34127317
503.1,3761.3,118,-8.3,1.89231,785.5,8.7,0.3411893
610.1,3753.5,107,-7.8,2.2900103,785.7,8.7,0.34102155
611,3753,0.9,-0.5,2.293083,785.9,8.7,0.34085381
613.1,3752.6,2.1,-0.4,2.3007191,786,8.7,0.34076994
609.2,3752.7,-3.9,0.1,2.2861448,786.2,8.7,0.3406022
612.1,3752.3,2.9,-0.4,2.2967828,786.4,8.7,0.34043445
610.1,3752.3,-2,0,2.2892782,786.5,8.7,0.34035058
605.1,3752.5,-5,0.2,2.2706377,786.7,8.7,0.34018284
609,3752.1,3.9,-0.4,2.2850289,786.9,8.7,0.3400151
612.1,3751.8,3.1,-0.3,2.2964768,787,8.7,0.33993123
610.1,3751.9,-2,0.1,2.2890342,787.2,8.7,0.33976348
608,3751.9,-2.1,0,2.2811552,787.4,8.7,0.33959574
611.1,3751.6,3.1,-0.3,2.2926028,787.5,8.7,0.33951187
607.1,3751.9,-4,0.3,2.2777785,787.7,8.7,0.33934412
614.1,3751.2,7,-0.7,2.3036119,787.9,8.7,0.33917638
610.1,3751.5,-4,0.3,2.2887902,788.1,8.7,0.33900864
1006,3723.1,395.9,-28.4,3.7454386,788.3,8.7,0.3388409
1403.1,3693.6,397.1,-29.5,5.1824902,788.7,8.7,0.33850541
1796,3663.8,392.9,-29.8,6.5801848,789.2,8.7,0.33808605
2190,3633.2,394,-30.6,7.956708,789.8,8.7,0.33758282
2194,3629.7,4,-3.5,7.9635618,790.4,8.7,0.33707959
2190.1,3627.3,-3.9,-2.4,7.9441497,791,8.7,0.33657637
2193.1,3624.7,3,-2.6,7.9493296,791.7,8.7,0.33598926
2183.1,3623.2,-10,-1.5,7.9098079,792.3,8.7,0.33548604
2189,3620.8,5.9,-2.4,7.9259312,792.9,8.7,0.33498281
2186.2,3619,-2.8,-1.8,7.9118578,793.5,8.7,0.33447958
2188,3617,1.8,-2,7.913996,794.1,8.7,0.33397635
2186.1,3615.3,-1.9,-1.7,7.9034073,794.7,8.7,0.33347312
2186,3613.6,-0.1,-1.7,7.8993296,795.3,8.7,0.33296989
2186.1,3611.9,0.1,-1.7,7.8959746,795.9,8.7,0.33246666
2187.1,3610.2,1,-1.7,7.8958684,796.5,8.7,0.33196343
2193.1,3608.2,6,-2,7.9131434,797.1,8.8,0.3314602
2188.1,3607,-5,-1.2,7.8924767,797.7,8.8,0.33095697
165.2,3750.5,-2022.9,143.5,0.6195826,797.8,8.8,0.3308731
167.1,3754.1,1.9,3.6,0.62731011,797.8,8.8,0.3308731
165.1,3756.8,-2,2.7,0.62024768,797.9,8.8,0.33078923
165.1,3758.9,0,2.1,0.62059439,797.9,8.8,0.33078923
166.1,3760.5,1,1.6,0.62461905,798,8.8,0.33070536
170.1,3761.7,4,1.2,0.63986517,798,8.8,0.33070536
595,3732.7,424.9,-29,2.2209565,798.2,8.8,0.33053762
1021.1,3702.4,426.1,-30.3,3.7805206,798.5,8.8,0.330286
1445,3671.3,423.9,-31.1,5.3050285,798.9,8.8,0.32995052
1876,3638.7,431,-32.6,6.8262012,799.4,8.8,0.32953116
2302.9,3605.8,426.9,-32.9,8.3037968,800,8.8,0.32902793
2300,3602.9,-2.9,-2.9,8.28667,800.7,8.8,0.32844083
2302,3600.1,2,-2.8,8.2874302,801.3,8.8,0.3279376
2299,3598,-3,-2.1,8.271802,801.9,8.8,0.32743437
2299,3595.9,0,-2.1,8.2669741,802.6,8.8,0.32684727
2306,3593.4,7,-2.5,8.2863804,803.2,8.8,0.32634404
2300,3592,-6,-1.4,8.2616,803.9,8.8,0.32575694
2309,3589.6,9,-2.4,8.2883864,804.5,8.8,0.32525371
2302,3588.3,-7,-1.3,8.2602666,805.1,8.8,0.32475048
2306,3586.4,4,-1.9,8.2702384,805.8,8.8,0.32416338
2298.1,3585.3,-7.9,-1.1,8.2393779,806.4,8.8,0.32366015
2304.1,3583.3,6,-2,8.2562815,807.1,8.8,0.32307305
2303,3581.8,-1.1,-1.5,8.2488854,807.7,8.8,0.32256982
2304,3580.2,1,-1.6,8.2487808,808.3,8.8,0.32206659
1475.2,3638.2,-828.8,58,5.3670726,808.7,8.8,0.32173111
655.3,3698.1,-819.9,59.9,2.4233649,808.9,8.8,0.32156336
659,3700.3,3.7,2.2,2.4384977,809.1,8.8,0.32139562
657.2,3702.2,-1.8,1.9,2.4330858,809.3,8.8,0.32122788
655.2,3703.8,-2,1.6,2.4267298,809.5,8.8,0.32106014
586.1,3709.9,-69.1,6.1,2.1743724,809.6,8.8,0.32097626
532.1,3715.1,-54,5.2,1.9768047,809.8,8.8,0.32080852
468.1,3720.8,-64,5.7,1.7417065,809.9,8.8,0.32072465
407.1,3726.4,-61,5.6,1.5170174,810,8.8,0.32064078
342.1,3732.3,-65,5.9,1.2768198,810.1,8.8,0.32055691
340,3733.8,-2.1,1.5,1.269492,810.2,8.8,0.32047304
341.2,3734.9,1.2,1.1,1.2743479,810.3,8.8,0.32038916
341.2,3736,0,1.1,1.2747232,810.4,8.8,0.32030529
337.1,3737.3,-4.1,1.3,1.2598438,810.5,8.8,0.32022142
341.1,3738,4,0.7,1.2750318,810.6,8.9,0.32013755
344,3738.7,2.9,0.7,1.2861128,810.7,8.9,0.32005368
341.1,3739.7,-2.9,1,1.2756117,810.8,8.9,0.31996981
341.1,3740.6,0,0.9,1.2759187,810.9,8.9,0.31988593
342.1,3741.2,1,0.6,1.2798645,811,8.9,0.31980206
339.2,3742.2,-2.9,1,1.2693542,811.1,8.9,0.31971819
338.1,3743,-1.1,0.8,1.2655083,811.2,8.9,0.31963432
337.1,3743.7,-1,0.7,1.2620013,811.3,8.9,0.31955045
334.1,3744.6,-3,0.9,1.2510709,811.4,8.9,0.31946658
914.1,3704,580,-40.6,3.3858264,811.6,8.9,0.31929883
1480,3662.8,565.9,-41.2,5.420944,812,8.9,0.31896335
1476.1,3661,-3.9,-1.8,5.4040021,812.4,8.9,0.31862786
1484,3658.7,7.9,-2.3,5.4295108,812.8,8.9,0.31829238
1478,3657.7,-6,-1,5.4060806,813.3,8.9,0.31787302
1477.1,3656.5,-0.9,-1.2,5.4010162,813.7,8.9,0.31753753
1472.1,3655.7,-5,-0.8,5.381556,814.1,8.9,0.31720205
1483.1,3653.9,11,-1.8,5.4190991,814.5,8.9,0.31686656
1481.1,3653,-2,-0.9,5.4104583,814.9,8.9,0.31653107
1480.1,3652.2,-1,-0.8,5.4056212,815.3,8.9,0.31619559
1483,3651.1,2.9,-1.1,5.4145813,815.7,8.9,0.3158601
1481.1,3650.5,-1.9,-0.6,5.4067556,816.1,8.9,0.31552462
1483.1,3649.5,2,-1,5.4125735,816.5,8.9,0.31518913
1483.1,3648.8,0,-0.7,5.4115353,817,8.9,0.31476977
1479.1,3648.3,-4,-0.5,5.3962005,817.4,8.9,0.31443429
1478,3647.7,-1.1,-0.6,5.3913006,817.8,8.9,0.3140988
1479.1,3646.9,1.1,-0.8,5.3941298,818.2,8.9,0.31376331
1093.1,3673.9,-386,27,4.0159401,818.5,8.9,0.3135117
713.2,3701.5,-379.9,27.6,2.6399098,818.7,8.9,0.31334396
318.1,3730.9,-395.1,29.4,1.1867993,818.8,8.9,0.31326009
-64,3760.1,-382.1,29.2,-0.2406464,818.8,8.9,0.31326009
-453.9,3790.4,-389.9,30.3,-1.7204626,818.6,8.9,0.31342783
-456,3793.6,-2.1,3.2,-1.7298816,818.5,8.9,0.3135117
-456,3796.1,0,2.5,-1.7310216,818.4,8.9,0.31359557
416,3736.7,872,-59.4,1.5544672,818.5,8.9,0.3135117
410,3736.9,-6,0.2,1.532129,818.6,8.9,0.31342783
410.1,3737.2,0.1,0.3,1.5326257,818.7,8.9,0.31334396
415.1,3737.1,5,-0.1,1.5512702,818.8,8.9,0.31326009
411.1,3737.8,-4,0.7,1.5366096,818.9,8.9,0.31317621
413,3738.1,1.9,0.3,1.5438353,819.1,8.9,0.31300847
413.1,3738.5,0.1,0.4,1.5443744,819.2,8.9,0.3129246
841.1,3708.6,428,-29.9,3.1193035,819.4,8.9,0.31275686
1267,3677.5,425.9,-31.1,4.6593925,819.8,8.9,0.31242137
1271.1,3675.6,4.1,-1.9,4.6720552,820.1,8.9,0.31216976
1208.1,3678.8,-63,3.2,4.4443583,820.5,8.9,0.31183427
1148.1,3682.1,-60,3.3,4.227419,820.8,8.9,0.31158266
1079.1,3686.3,-69,4.2,3.9778863,821.1,8.9,0.31133104
1022.1,3689.9,-57,3.6,3.7714468,821.4,8.9,0.31107943
956.2,3694.3,-65.9,4.4,3.5324897,821.6,8.9,0.31091168
893.1,3698.6,-63.1,4.3,3.3032197,821.9,8.9,0.31066007
825.1,3703.5,-68,4.9,3.0557578,822.1,8.9,0.31049233
830.1,3703.2,5,-0.3,3.0740263,822.3,8.9,0.31032458
830.1,3703.3,0,0.1,3.0741093,822.6,8.9,0.31007297
831.1,3703.2,1,-0.1,3.0777295,822.8,8.9,0.30990523
835.1,3702.9,4,-0.3,3.0922918,823,8.9,0.30973748
833.1,3703.1,-2,0.2,3.0850526,823.3,8.9,0.30948587
831.1,3703.2,-2,0.1,3.0777295,823.5,8.9,0.30931812
386.1,3734.9,-445,31.7,1.4420449,823.6,8.9,0.30923425
385.1,3736.1,-1,1.2,1.4387721,823.7,8.9,0.30915038
393.1,3736.4,8,0.3,1.4687788,823.8,8.9,0.30906651
392.1,3737.3,-1,0.9,1.4653953,823.9,8.9,0.30898264
396.1,3737.7,4,0.4,1.480503,824,8.9,0.30889877
391.1,3738.6,-5,0.9,1.4621665,824.1,8.9,0.3088149
391,3739.2,-0.1,0.6,1.4620272,824.2,8.9,0.30873102
393.1,3739.6,2.1,0.4,1.4700368,824.4,8.9,0.30856328
394,3740.1,0.9,0.5,1.4735994,824.5,8.9,0.30847941
392.1,3740.7,-1.9,0.6,1.4667285,824.6,8.9,0.30839554
387.1,3741.5,-5,0.8,1.4483346,824.7,8.9,0.30831167
388.1,3741.9,1,0.4,1.4522314,824.8,8.9,0.3082278
393.1,3742,5,0.1,1.4709802,824.9,8.9,0.30814392
389.1,3742.7,-4,0.7,1.4562846,825,8.9,0.30806005
650,3724.5,260.9,-18.2,2.420925,825.2,8.9,0.30789231
912.1,3705.6,262.1,-18.9,3.3798778,825.4,8.9,0.30772457
913.2,3704.6,1.1,-1,3.3830407,825.7,8.9,0.30747295
910.2,3704.2,-3,-0.4,3.3715628,825.9,8.9,0.30730521
914.1,3703.3,3.9,-0.9,3.3851865,826.2,8.9,0.30705359
917,3702.7,2.9,-0.6,3.3953759,826.5,8.9,0.30680198
913.1,3702.5,-3.9,-0.2,3.3807528,826.7,8.9,0.30663424
915.1,3701.9,2,-0.6,3.3876087,827,8.9,0.30638262
913.2,3701.7,-1.9,-0.2,3.3803924,827.2,8.9,0.30621488
909.1,3701.7,-4.1,0,3.3652155,827.5,8.9,0.30596326
919,3700.7,9.9,-1,3.4009433,827.7,8.9,0.30579552
908.1,3701.1,-10.9,0.4,3.3609689,828,8.9,0.30554391
912.1,3700.6,4,-0.5,3.3753173,828.2,8.9,0.30537616
915.1,3700.1,3,-0.5,3.3859615,828.5,8.9,0.30512455
920.1,3699.4,5,-0.7,3.4038179,828.7,8.9,0.30495681
913.1,3699.7,-7,0.3,3.3781961,829,8.9,0.30470519
916,3699.2,2.9,-0.5,3.3884672,829.2,8.9,0.30453745
922.1,3698.5,6.1,-0.7,3.4103869,829.5,8.9,0.30428583
914.1,3698.8,-8,0.3,3.3810731,829.8,8.9,0.30403422
572.1,3723,-342,24.2,2.1299283,829.9,8.9,0.30395035
229.1,3748.1,-343,25.1,0.85868971,830,8.9,0.30386648
-106.1,3773.5,-335.2,25.4,-0.40036835,829.9,8.9,0.30395035
-443.9,3799.4,-337.8,25.9,-1.6865537,829.8,8.9,0.30403422
-450,3802.4,-6.1,3,-1.71108,829.7,8.9,0.30411809
-449,3804.4,1,2,-1.7081756,829.6,8.9,0.30420196
-175.1,3786.9,273.9,-17.5,-0.66308619,829.5,8.9,0.30428583
-167.1,3787.4,8,0.5,-0.63287454,829.5,8.9,0.30428583
-168,3788.6,-0.9,1.2,-0.6364848,829.4,8.9,0.30436971
-171,3789.9,-3,1.3,-0.6480729,829.4,8.9,0.30436971
-170,3790.8,1,0.9,-0.644436,829.3,8.9,0.30445358
-168,3791.7,2,0.9,-0.6370056,829.3,8.9,0.30445358
-171,3792.8,-3,1.1,-0.6485688,829.2,8.9,0.30453745
-168.1,3793.6,2.9,0.8,-0.63770416,829.2,8.9,0.30453745
-168,3794.5,0.1,0.9,-0.637476,829.2,8.9,0.30453745
-171,3795.6,-3,1.1,-0.6490476,829.1,8.9,0.30462132
-162,3795.8,9,0.2,-0.6149196,829.1,8.9,0.30462132
382.1,3758.1,544.1,-37.7,1.43597,829.2,8.9,0.30453745
940.1,3717.9,558,-40.2,3.4951978,829.4,8.9,0.30436971
1500,3676.5,559.9,-41.4,5.51475,829.8,8.9,0.30403422
1494.1,3674,-5.9,-2.5,5.4893234,830.3,8.9,0.30361486
1496.1,3671.6,2,-2.4,5.4930808,830.7,8.9,0.30327938
1499,3669.4,2.9,-2.2,5.5004306,831.1,8.9,0.30294389
1495.1,3667.8,-3.9,-1.6,5.4837278,831.5,8.9,0.3026084
1496.1,3666.1,1,-1.7,5.4848522,831.9,8.9,0.30227292
1666.1,3652.5,170,-13.6,6.0854302,832.4,8.9,0.30185356
1837,3638.5,170.9,-14,6.6839245,832.9,8.9,0.3014342
1836.1,3636.4,-0.9,-2.1,6.676794,833.4,8.9,0.30101485
1840,3634.1,3.9,-2.3,6.686744,833.9,8.9,0.30059549
1839.1,3632.4,-0.9,-1.7,6.6803468,834.4,8.8,0.30017613
1840,3630.6,0.9,-1.8,6.680304,834.9,8.8,0.29975677
1451.1,3656.6,-388.9,26,5.3060923,835.3,8.9,0.29942129
1060.1,3683.9,-391,27.3,3.9053024,835.6,8.9,0.29916967
674.1,3711.8,-386,27.9,2.5021244,835.8,8.9,0.29900193
284.2,3740.7,-389.9,28.9,1.0631069,835.9,8.9,0.29891806
282.1,3742.6,-2.1,1.9,1.0557875,836,8.9,0.29883419
289.1,3743.4,7,0.8,1.0822169,836.1,8.9,0.29875031
285.3,3744.8,-3.8,1.4,1.0683914,836.1,8.9,0.29875031
283,3745.9,-2.3,1.1,1.0600897,836.2,8.9,0.29866644
285.1,3746.6,2.1,0.7,1.0681557,836.3,8.9,0.29858257
216.1,3752.3,-69,5.7,0.81087203,836.4,8.9,0.2984987
148.1,3758,-68,5.7,0.5565598,836.4,8.9,0.2984987
142.2,3759.4,-5.9,1.4,0.53458668,836.4,8.9,0.2984987
139.1,3760.5,-3.1,1.1,0.52308555,836.5,8.9,0.29841483
148.1,3760.7,9,0.2,0.55695967,836.5,8.9,0.29841483
143.1,3761.9,-5,1.2,0.53832789,836.6,8.9,0.29833096
143.1,3762.6,0,0.7,0.53842806,836.6,8.9,0.29833096
149.1,3762.9,6,0.3,0.56104839,836.6,8.9,0.29833096
145.1,3763.8,-4,0.9,0.54612738,836.7,8.9,0.29824709
142.1,3764.6,-3,0.8,0.53494966,836.7,8.9,0.29824709
143,3765.2,0.9,0.6,0.5384236,836.8,8.9,0.29816321
146.1,3765.6,3.1,0.4,0.55015416,836.8,8.9,0.29816321
141.1,3766.5,-5,0.9,0.53145315,836.8,8.9,0.29816321
143.1,3766.9,2,0.4,0.53904339,836.9,8.9,0.29807934
143.1,3767.5,0,0.6,0.53912925,836.9,8.9,0.29807934
146.1,3767.8,3,0.3,0.55047558,837,8.9,0.29799547
-25,3780.5,-171.1,12.7,-0.0945125,837,8.9,0.29799547
-27,3781.6,-2,1.1,-0.1021032,836.9,8.9,0.29807934
-26,3782.4,1,0.8,-0.0983424,836.9,8.9,0.29807934
-20,3782.7,6,0.3,-0.075654,836.9,8.9,0.29807934
-26,3783.9,-6,1.2,-0.0983814,836.9,8.9,0.29807934
287,3762.3,313,-21.6,1.0797801,837,8.9,0.29799547
613,3739,326,-23.3,2.292007,837.2,8.9,0.29782773
920,3716.3,307,-22.7,3.418996,837.4,8.8,0.29765998
1236,3692.4,316,-23.9,4.5638064,837.8,8.8,0.2973245
1558,3667.6,322,-24.8,5.7141208,838.2,8.8,0.29698901
1553.1,3665.5,-4.9,-2.1,5.692888,838.6,8.8,0.29665353
1557.1,3663.1,4,-2.4,5.703813,839.1,8.8,0.29623417
1553.1,3661.5,-4,-1.6,5.6866756,839.5,8.8,0.29589868
1558,3659.4,4.9,-2.1,5.7013452,839.9,8.8,0.2955632
1555.1,3658,-2.9,-1.4,5.6885558,840.4,8.8,0.29514384
1554.1,3656.6,-1,-1.4,5.6827221,840.8,8.8,0.29480835
879.1,3703.2,-675,46.6,3.2554831,841,8.8,0.29464061
195.1,3752.4,-684,49.2,0.73209324,841.1,8.8,0.29455674
-483,3802.7,-678.1,50.3,-1.8367041,841,8.8,0.29464061
-1161,3853.6,-678,50.9,-4.4740296,840.6,8.8,0.2949761
-1157,3857.6,4,4,-4.4632432,840.3,8.8,0.29522771
-1158.9,3861.1,-1.9,3.5,-4.4746288,840,8.8,0.29547933
-1162.9,3864.5,-4,3.4,-4.4940271,839.7,8.8,0.29573094
-1164.1,3867.4,-1.2,2.9,-4.5020403,839.3,8.8,0.29606643
-1158.1,3869.5,6,2.1,-4.4812679,839,8.8,0.29631804
-1163,3872.2,-4.9,2.7,-4.5033686,838.7,8.8,0.29656966
-1161.1,3874.3,1.9,2.1,-4.4984497,838.4,8.8,0.29682127
-1160,3876.5,1.1,2.2,-4.49674,838.1,8.8,0.29707288
-1161,3878.7,-1,2.2,-4.5031707,837.7,8.8,0.29740837
-1001,3869.5,160,-9.2,-3.8733695,837.5,8.8,0.29757611
-849,3860.3,152,-9.2,-3.2773947,837.2,8.8,0.29782773
-691,3850.4,158,-9.9,-2.6606264,837,8.8,0.29799547
-533,3840.2,158,-10.2,-2.0468266,836.9,8.8,0.29807934
-380,3830,153,-10.2,-1.4554,836.8,8.8,0.29816321
-224.1,3819.3,155.9,-10.7,-0.85590513,836.7,8.8,0.29824709
-60,3807.8,164.1,-11.5,-0.228468,836.7,8.8,0.29824709
-65,3807.9,-5,0.1,-0.2475135,836.7,8.8,0.29824709
1447.9,3701.1,1512.9,-106.8,5.3588227,837.1,8.8,0.2979116
1456.1,3696.6,8.2,-4.5,5.3826193,837.5,8.8,0.29757611
1450.2,3693.9,-5.9,-2.7,5.3568938,837.9,8.8,0.29724063
1453.1,3691.2,2.9,-2.7,5.3636827,838.3,8.8,0.29690514
1451.1,3689,-2,-2.2,5.3531079,838.7,8.8,0.29656966
1445.1,3687.4,-6,-1.6,5.3286617,839.1,8.8,0.29623417
1452,3685,6.9,-2.4,5.35062,839.5,8.8,0.29589868
1448.2,3683.4,-3.8,-1.6,5.3342999,839.9,8.8,0.2955632
1456,3681.2,7.8,-2.2,5.3598272,840.3,8.8,0.29522771
1455.1,3679.6,-0.9,-1.6,5.354186,840.7,8.8,0.29489223
1456,3678,0.9,-1.6,5.355168,841.1,8.8,0.29455674
1454.1,3676.6,-1.9,-1.4,5.3461441,841.5,8.8,0.29422125
1454.1,3675.2,0,-1.4,5.3441083,841.9,8.8,0.29388577
1457.1,3673.6,3,-1.6,5.3528026,842.3,8.8,0.29355028
1449,3672.8,-8.1,-0.8,5.3218872,842.7,8.8,0.29321479
1456,3671,7,-1.8,5.344976,843.1,8.8,0.29287931
1453,3669.9,-3,-1.1,5.3323647,843.5,8.8,0.29254382
1456,3668.5,3,-1.4,5.341336,843.9,8.8,0.29220834
1455.1,3667.4,-0.9,-1.1,5.3364337,844.3,8.8,0.29187285
1451.1,3666.5,-4,-0.9,5.3204582,844.8,8.8,0.29145349
1568.9,3657,117.8,-9.5,5.7374673,845.2,8.8,0.29111801
1695,3646.7,126.1,-10.3,6.1811565,845.7,8.8,0.29069865
1818,3636.3,123,-10.4,6.6107934,846.2,8.8,0.29027929
1944,3625.6,126,-10.7,7.0481664,846.7,8.8,0.28985993
1943.1,3623.6,-0.9,-2,7.0410172,847.2,8.8,0.28944058
1937.1,3622.3,-6,-1.3,7.0167573,847.8,8.8,0.28893735
1938,3620.5,0.9,-1.8,7.016529,848.3,8.8,0.28851799
1937,3618.9,-1,-1.6,7.0098093,848.9,8.8,0.28801476
1942,3617,5,-1.9,7.024214,849.4,8.8,0.2875954
1933.1,3616.2,-8.9,-0.8,6.9904762,849.9,8.8,0.28717605
1940.1,3614.2,7,-2,7.0119094,850.5,8.8,0.28667282
1449.2,3647.7,-490.9,33.5,5.2862468,850.9,8.8,0.28633733
961.2,3682.5,-488,34.8,3.539619,851.1,8.8,0.28616959
471.1,3718.4,-490.1,35.9,1.7517382,851.3,8.8,0.28600185
-15,3755,-486.1,36.6,-0.056325,851.3,8.8,0.28600185
-10,3757.2,5,2.2,-0.037572,851.3,8.8,0.28600185
-11,3759.4,-1,2.2,-0.0413534,851.3,8.8,0.28600185
-8,3760.9,3,1.5,-0.0300872,851.3,8.8,0.28600185
-12,3762.7,-4,1.8,-0.0451524,851.3,8.8,0.28600185
-14,3764.2,-2,1.5,-0.0526988,851.3,8.8,0.28600185
-12,3765.4,2,1.2,-0.0451848,851.3,8.8,0.28600185
-9,3766.4,3,1,-0.0338976,851.2,8.8,0.28608572
620,3722.7,629,-43.7,2.308074,851.4,8.8,0.28591797
1256,3676.9,636,-45.8,4.6181864,851.8,8.8,0.28558249
1257,3674.7,1,-2.2,4.6190979,852.1,8.9,0.28533087
1255.1,3673.2,-1.9,-1.5,4.6102333,852.5,8.9,0.28499539
1255.1,3672,0,-1.2,4.6087272,852.8,8.9,0.28474377
1256.1,3670.7,1,-1.3,4.6107663,853.2,8.9,0.28440829
1255.1,3669.8,-1,-0.9,4.605966,853.5,8.9,0.28415667
1278.9,3667.2,23.8,-2.6,4.6899821,853.9,8.9,0.28382119
1293.1,3665.2,14.2,-2,4.7394701,854.2,8.9,0.28356957
1305.1,3663.5,12,-1.7,4.7812338,854.6,8.9,0.28323409
1323,3661.4,17.9,-2.1,4.8440322,855,8.9,0.2828986
1347,3658.8,24,-2.6,4.9284036,855.3,8.9,0.28264698
1358,3657.1,11,-1.7,4.9663418,855.7,8.9,0.2823115
1357.1,3656.3,-0.9,-0.8,4.9619647,856.1,8.9,0.28197601
1054.2,3677.2,-302.9,20.9,3.8765042,856.4,8.9,0.2817244
748.1,3699.1,-306.1,21.9,2.7672967,856.6,8.9,0.28155666
748.1,3699.8,0,0.7,2.7678204,856.8,8.9,0.28138891
745.2,3700.4,-2.9,0.6,2.7575381,857,8.9,0.28122117
751.1,3700.3,5.9,-0.1,2.7792953,857.2,8.9,0.28105343
745.1,3701,-6,0.7,2.7576151,857.4,8.9,0.28088568
749.1,3700.9,4,-0.1,2.7723442,857.6,8.9,0.28071794
746.2,3701.3,-2.9,0.4,2.7619101,857.8,8.9,0.2805502
749.1,3701.2,2.9,-0.1,2.7725689,858,8.9,0.28038245
754,3700.9,4.9,-0.3,2.7904786,858.2,8.9,0.28021471
953,3686.7,199,-14.2,3.5134251,858.5,8.9,0.2799631
1169.1,3670.8,216.1,-15.9,4.2915323,858.8,8.9,0.27971148
1374,3655.3,204.9,-15.5,5.0223822,859.2,8.9,0.279376
1578,3639.4,204,-15.9,5.7429732,859.7,8.9,0.27895664
1792.9,3622.5,214.9,-16.9,6.4947802,860.2,8.9,0.27853728
2001,3605.8,208.1,-16.7,7.2152058,860.7,8.9,0.27811792
2205.1,3589,204.1,-16.8,7.9141039,861.3,8.9,0.27761469
2203.1,3586.7,-2,-2.3,7.9018588,861.9,8.9,0.27711147
1920.1,3604.6,-283,17.9,6.9211925,862.5,8.9,0.27660824
1922.1,3603.1,2,-1.5,6.9255185,863,8.9,0.27618888
1736.1,3615.1,-186,12,6.2761751,863.5,8.9,0.27576952
1550.1,3627.6,-186,12.5,5.6231428,863.9,8.9,0.27543404
1364.2,3640.5,-185.9,12.9,4.9663701,864.3,8.9,0.27509855
1175.2,3654,-189,13.5,4.2941808,864.6,8.9,0.27484693
999.2,3666.8,-176,12.8,3.6638666,864.9,8.9,0.27459532
997.1,3667.5,-2.1,0.7,3.6568642,865.2,8.9,0.27434371
990.1,3668.4,-7,0.9,3.6320828,865.5,8.9,0.27409209
995.1,3668.3,5,-0.1,3.6503253,865.7,8.9,0.27392435
995.1,3668.4,0,0.1,3.6504248,866,8.9,0.27367273
1169.2,3656,174.1,-12.4,4.2745952,866.3,8.9,0.27342112
1336.1,3643.6,166.9,-12.4,4.868214,866.7,8.9,0.27308563
1503,3630.9,166.9,-12.7,5.4572427,867.1,8.9,0.27275015
1667,3618,164,-12.9,6.031206,867.6,8.9,0.27233079
1840,3604.3,173,-13.7,6.631912,868.1,8.9,0.27191143
1841,3602.5,1,-1.8,6.6322025,868.6,8.9,0.27149207
1840.1,3601.2,-0.9,-1.3,6.6265681,869.1,8.9,0.27107272
1843,3599.6,2.9,-1.6,6.6340628,869.6,8.9,0.27065336
1843,3598.3,0,-1.3,6.6316669,870.1,8.9,0.270234
1844,3597.1,1,-1.2,6.6330524,870.7,8.9,0.26973077
1843.1,3596,-0.9,-1.1,6.6277876,871.2,8.9,0.26931141
1847.1,3594.6,4,-1.4,6.6395857,871.7,8.9,0.26889206
1838.1,3594.1,-9,-0.5,6.6063152,872.2,8.9,0.2684727
1842.1,3592.7,4,-1.4,6.6181127,872.7,8.9,0.26805334
1850,3591.1,7.9,-1.6,6.643535,873.2,8.9,0.26763398
-416.1,3753.4,-2266.1,162.3,-1.5617897,873.1,8.9,0.26771786
-411.1,3758.2,5,4.8,-1.544996,873,8.9,0.26780173
-414.1,3762.1,-3,3.9,-1.5578856,872.9,8.9,0.2678856
-416,3765.4,-1.9,3.3,-1.5664064,872.8,8.9,0.26796947
-409.1,3767.6,6.9,2.2,-1.5413252,872.6,8.9,0.26813721
-411,3770.2,-1.9,2.6,-1.5495522,872.5,8.9,0.26822109
-413,3772.6,-2,2.4,-1.5580838,872.4,8.9,0.26830496
573,3704.6,986,-68,2.1227358,872.6,8.9,0.26813721
1564,3633.3,991,-71.3,5.6824812,873,8.9,0.26780173
1561.1,3630.4,-2.9,-2.9,5.6674174,873.4,8.9,0.26746624
1561.1,3628.2,0,-2.2,5.663983,873.9,8.9,0.26704688
1560,3626.4,-1.1,-1.8,5.657184,874.3,8.9,0.2667114
1724,3613.1,164,-13.3,6.2289844,874.8,8.9,0.26629204
1879,3600.1,155,-13,6.7645879,875.3,8.9,0.26587268
2035,3586.9,156,-13.2,7.2993415,875.9,8.9,0.26536945
2195.9,3573.2,160.9,-13.7,7.8463899,876.5,8.9,0.26486622
2344.1,3560.2,148.2,-13,8.3454648,877.1,8.9,0.264363
2344.1,3557.7,0,-2.5,8.3396046,877.8,8.9,0.2637759
2349.1,3554.9,5,-2.8,8.3508156,878.4,8.9,0.26327267
2348,3552.9,-1.1,-2,8.3422092,879.1,8.9,0.26268557
2352,3550.5,4,-2.4,8.350776,879.7,8.9,0.26218234
2351,3548.6,-1,-1.9,8.3427586,880.4,8.9,0.26159524
2353,3546.6,2,-2,8.3451498,881,8.9,0.26109201
2352,3544.8,-1,-1.8,8.3373696,881.7,8.9,0.26050491
2353,3542.9,1,-1.9,8.3364437,882.4,8.9,0.25991781
1985.1,3567.7,-367.9,24.8,7.0822413,882.9,9,0.25949845
1622.1,3593.3,-363,25.6,5.8286919,883.4,9,0.25907909
1248.2,3620.6,-373.9,27.3,4.5192329,883.7,9,0.25882748
888.2,3647.6,-360,27,3.2397983,884,9,0.25857586
523.2,3675.6,-365,28,1.9230739,884.1,9,0.25849199
157.2,3704.1,-366,28.5,0.58228452,884.1,9,0.25849199
-208,3733.1,-365.2,29,-0.7764848,884.1,9,0.25849199
-203,3736,5,2.9,-0.758408,884,9,0.25857586
-208.1,3739.1,-5.1,3.1,-0.77810671,884,9,0.25857586
-209.1,3741.6,-1,2.5,-0.78236856,883.9,9,0.25865973
-212,3744.1,-2.9,2.5,-0.7937492,883.9,9,0.25865973
-208.1,3745.8,3.9,1.7,-0.77950098,883.8,9,0.2587436
-208.1,3747.7,0,1.9,-0.77989637,883.7,9,0.25882748
-211.1,3749.7,-3,2,-0.79156167,883.7,9,0.25882748
-207.1,3751.2,4,1.5,-0.77687352,883.6,9,0.25891135
-209.1,3752.9,-2,1.7,-0.78473139,883.6,9,0.25891135
-156,3750.7,53.1,-2.2,-0.5851092,883.5,9,0.25899522
-86,3747.2,70,-3.5,-0.3222592,883.5,9,0.25899522
-30,3744.3,56,-2.9,-0.112329,883.5,9,0.25899522
28,3741.1,58,-3.2,0.1047508,883.5,9,0.25899522
93,3737.3,65,-3.8,0.3475689,883.5,9,0.25899522
156.1,3733.6,63.1,-3.7,0.58281496,883.6,9,0.25891135
148.1,3734.7,-8,1.1,0.55310907,883.6,9,0.25891135
153,3735.1,4.9,0.4,0.5714703,883.6,9,0.25891135
151,3735.8,-2,0.7,0.5641058,883.7,9,0.25882748
371,3720.9,220,-14.9,1.3804539,883.8,9,0.2587436
587,3705.7,216,-15.2,2.1752459,884,9,0.25857586
823,3688.6,236,-17.1,3.0357178,884.2,9,0.25840812
1033,3672.8,210,-15.8,3.7940024,884.5,9,0.2581565
1258.1,3655.6,225.1,-17.2,4.5991104,884.8,9,0.25790489
1478,3638.4,219.9,-17.2,5.3775552,885.2,9,0.2575694
1483.1,3636,5.1,-2.4,5.3925516,885.6,9,0.25723392
1474.1,3634.9,-9,-1.1,5.3582061,886.1,9,0.25681456
1484.1,3632.7,10,-2.2,5.3912901,886.5,9,0.25647907
1476.1,3631.9,-8,-0.8,5.3610476,886.9,9,0.25614359
1480.1,3630.2,4,-1.7,5.373059,887.3,9,0.2558081
1477.1,3629.2,-3,-1,5.3606913,887.7,9,0.25547262
1478.1,3628,1,-1.2,5.3625468,888.1,9,0.25513713
1480.1,3626.7,2,-1.3,5.3678787,888.5,9,0.25480164
1480.1,3625.7,0,-1,5.3663986,888.9,9,0.25446616
1479.1,3624.8,-1,-0.9,5.3614417,889.3,9,0.25413067
1481.1,3623.7,2,-1.1,5.3670621,889.7,9,0.25379519
1478.1,3623,-3,-0.7,5.3551563,890.2,9,0.25337583
1679,3607.7,200.9,-15.3,6.0573283,890.6,9,0.25304034
1872,3592.5,193,-15.2,6.72516,891.1,9,0.25262098
2063,3577.1,191,-15.4,7.3795573,891.7,9,0.25211776
2069,3574.5,6,-2.6,7.3956405,892.3,9,0.25161453
2068,3572.7,-1,-1.8,7.3883436,892.9,9,0.2511113
2064.1,3571.2,-3.9,-1.5,7.3713139,893.4,9,0.25069194
2069.1,3569.2,5,-2,7.3850317,894,9,0.25018871
-544.9,3754.9,-2614,185.7,-2.046045,893.9,9,0.25027258
-556,3761.2,-11.1,6.3,-2.0912272,893.7,9,0.25044033
-545,3764.6,11,3.4,-2.051707,893.6,9,0.2505242
-547.9,3768.2,-2.9,3.6,-2.0645968,893.4,9,0.25069194
-550.1,3771.2,-2.2,3,-2.0745371,893.3,9,0.25077581
-547.1,3773.7,3,2.5,-2.0645913,893.1,9,0.25094355
-552,3776.4,-4.9,2.7,-2.0845728,892.9,9,0.2511113
-553,3778.8,-1,2.4,-2.0896764,892.8,9,0.25119517
-543,3780.1,10,1.3,-2.0525943,892.6,9,0.25136291
-546,3782.3,-3,2.2,-2.0651358,892.5,9,0.25144678
-552,3784.6,-6,2.3,-2.0890992,892.3,9,0.25161453
-553,3786.5,-1,1.9,-2.0939345,892.2,9,0.2516984
-545,3787.6,8,1.1,-2.064242,892,9,0.25186614
-545,3789.3,0,1.7,-2.0651685,891.9,9,0.25195001
-552.9,3791.5,-7.9,2.2,-2.0963204,891.7,9,0.25211776
-547,3792.6,5.9,1.1,-2.0745522,891.6,9,0.25220163
-548,3794.2,-1,1.6,-2.0792216,891.4,9,0.25236937
-553.1,3795.9,-5.1,1.7,-2.0995123,891.3,9,0.25245324
-547,3796.9,6.1,1,-2.0769043,891.1,9,0.25262098
-540,3797.8,7,0.9,-2.050812,891,9,0.25270486
-81,3767,459,-30.8,-0.305127,890.9,9,0.25278873
-83,3767.2,-2,0.2,-0.3126776,890.9,9,0.25278873
-83,3767.6,0,0.4,-0.3127108,890.9,9,0.25278873
-86,3768.2,-3,0.6,-0.3240652,890.9,9,0.25278873
-89,3769,-3,0.8,-0.335441,890.9,9,0.25278873
-85,3769.2,4,0.2,-0.320382,890.8,9,0.2528726
-84,3769.6,1,0.4,-0.3166464,890.8,9,0.2528726
-88,3770.5,-4,0.9,-0.331804,890.8,9,0.2528726
-89,3771.1,-1,0.6,-0.3356279,890.8,9,0.2528726
-87,3771.5,2,0.4,-0.3281205,890.7,9,0.25295647
116.1,3757.7,203.1,-13.8,0.43626897,890.8,9,0.2528726
319.1,3743.4,203,-14.3,1.1945189,890.9,9,0.25278873
516.1,3729.2,197,-14.2,1.9246401,891,9,0.25270486
721,3714,204.9,-15.2,2.677794,891.2,9,0.25253711
915,3699.3,194,-14.7,3.3848595,891.5,9,0.2522855
914.1,3697.9,-0.9,-1.4,3.3802504,891.7,9,0.25211776
903.1,3697.5,-11,-0.4,3.3392122,892,9,0.25186614
888.1,3697.5,-15,0,3.2837497,892.2,9,0.2516984
888.1,3696.6,0,-0.9,3.2829505,892.4,9,0.25153066
886.1,3696,-2,-0.6,3.2750256,892.7,9,0.25127904
886.1,3695.2,0,-0.8,3.2743167,892.9,9,0.2511113
664.1,3710.1,-222,14.9,2.4638774,893.1,9,0.25094355
448.1,3725.3,-216,15.2,1.6693069,893.3,9,0.25077581
226.1,3741.3,-222,16,0.84590793,893.3,9,0.25077581
5,3757.7,-221.1,16.4,0.0187885,893.3,9,0.25077581
-217,3774.7,-222,17,-0.8191099,893.3,9,0.25077581
-226.1,3776.9,-9.1,2.2,-0.85395709,893.2,9,0.25085968
-222,3778,4.1,1.1,-0.838716,893.1,9,0.25094355
-222,3779.2,0,1.2,-0.8389824,893.1,9,0.25094355
-225,3780.5,-3,1.3,-0.8506125,893,9,0.25102743
-226,3781.6,-1,1.1,-0.8546416,892.9,9,0.2511113
-220.1,3782.1,5.9,0.5,-0.83244021,892.9,9,0.2511113
-224,3783.2,-3.9,1.1,-0.8474368,892.8,9,0.25119517
-218.1,3783.6,5.9,0.4,-0.82520316,892.8,9,0.25119517
-52,3772.8,166.1,-10.8,-0.1961856,892.7,9,0.25127904
124.1,3760.6,176.1,-12.2,0.46669046,892.8,9,0.25119517
295,3748.5,170.9,-12.1,1.1058075,892.9,9,0.2511113
467,3736.1,172,-12.4,1.7447587,893,9,0.25102743
639.1,3723.2,172.1,-12.9,2.3794971,893.2,9,0.25085968
813.1,3710,174,-13.2,3.016601,893.4,9,0.25069194
805,3709.3,-8.1,-0.7,2.9859865,893.6,9,0.2505242
809.1,3708.1,4.1,-1.2,3.0002237,893.8,9,0.25035645
553.1,3725.3,-256,17.2,2.0604634,894,9,0.25018871
552,3725.2,-1.1,-0.1,2.0563104,894.1,9,0.25010484
552,3725,0,-0.2,2.0562,894.3,9,0.2499371
550.1,3724.9,-1.9,-0.1,2.0490675,894.5,9,0.24976935
551.1,3724.6,1,-0.3,2.0526271,894.6,9,0.24968548
550.1,3724.4,-1,-0.2,2.0487924,894.8,9,0.24951774
1050.9,3688.8,500.8,-35.6,3.8765599,895.1,9,0.24926612
1047,3687.5,-3.9,-1.3,3.8608125,895.3,9,0.24909838
1050.1,3686,3.1,-1.5,3.8706686,895.6,9,0.24884677
1047.1,3685.1,-3,-0.9,3.8586682,895.9,9,0.24859515
1048.1,3684,1,-1.1,3.8612004,896.2,9,0.24834354
1051.1,3682.8,3,-1.2,3.8709911,896.5,9,0.24809192
1042.2,3682.5,-8.9,-0.3,3.8379015,896.8,9,0.24784031
1052.1,3680.9,9.9,-1.6,3.8726749,897.1,9,0.24758869
1048.1,3680.3,-4,-0.6,3.8573224,897.4,8.9,0.24733708
1048,3679.5,-0.1,-0.8,3.856116,897.7,8.9,0.24708547
1045.1,3678.9,-2.9,-0.6,3.8448184,898,8.9,0.24683385
1049.1,3677.9,4,-1,3.8584849,898.3,8.9,0.24658224
1053.2,3676.9,4.1,-1,3.8725111,898.5,8.9,0.24641449
1956,3612.1,902.8,-64.8,7.0652676,899.1,8.9,0.24591126
1950.1,3609.3,-5.9,-2.8,7.0384959,899.6,8.9,0.24549191
1948,3606.9,-2.1,-2.4,7.0262412,900.2,8.9,0.24498868
1947,3604.6,-1,-2.3,7.0181562,900.7,8.9,0.24456932
1949,3602.3,2,-2.3,7.0208827,901.3,8.9,0.24406609
1951.9,3600,2.9,-2.3,7.02684,901.8,8.9,0.24364673
1955,3597.8,3.1,-2.2,7.033699,902.3,8.9,0.24322738
1860,3602.7,-95,4.9,6.701022,902.9,8.9,0.24272415
1777.1,3607,-82.9,4.3,6.4099997,903.4,8.9,0.24230479
1693.1,3611.7,-84,4.7,6.1149693,903.8,8.9,0.2419693
1597.1,3617.4,-96,5.7,5.7773495,904.3,8.9,0.24154995
1524.2,3621.8,-72.9,4.4,5.5203476,904.7,8.9,0.24121446
1521.1,3621.2,-3.1,-0.6,5.5082073,905.1,8.9,0.24087897
1520.1,3620.5,-1,-0.7,5.503522,905.5,8.9,0.24054349
1520.1,3619.7,0,-0.8,5.502306,906,8.9,0.24012413
1304.1,3634.3,-216,14.6,4.7394906,906.3,8.9,0.23987252
1091.1,3649.3,-213,15,3.9817512,906.6,8.9,0.2396209
878.1,3664.8,-213,15.5,3.2180609,906.9,8.9,0.23936929
664.1,3680.7,-214,15.9,2.4443529,907,8.9,0.23928541
450.1,3697,-214,16.3,1.6640197,907.2,8.9,0.23911767
242.1,3713.1,-208,16.1,0.89894151,907.2,8.9,0.23911767
18,3730.7,-224.1,17.6,0.0671526,907.2,8.9,0.23911767
22,3732.4,4,1.7,0.0821128,907.3,8.9,0.2390338
24,3733.9,2,1.5,0.0896136,907.3,8.9,0.2390338
27,3735.1,3,1.2,0.1008477,907.3,8.9,0.2390338
21,3736.8,-6,1.7,0.0784728,907.3,8.9,0.2390338
27,3737.6,6,0.8,0.1009152,907.3,8.9,0.2390338
24,3738.9,-3,1.3,0.0897336,907.3,8.9,0.2390338
20,3740.2,-4,1.3,0.074804,907.3,8.9,0.2390338
21,3741.2,1,1,0.0785652,907.3,8.9,0.2390338
20,3742.2,-1,1,0.074844,907.3,8.9,0.2390338
22,3743,2,0.8,0.082346,907.3,8.9,0.2390338
21,3744,-1,1,0.078624,907.3,8.9,0.2390338
23,3744.6,2,0.6,0.0861258,907.3,8.9,0.2390338
24,3745.3,1,0.7,0.0898872,907.3,8.9,0.2390338
24,3746.1,0,0.8,0.0899064,907.3,8.9,0.2390338
22,3747,-2,0.9,0.082434,907.3,8.9,0.2390338
22,3747.8,0,0.8,0.0824516,907.3,8.9,0.2390338
22,3748.5,0,0.7,0.082467,907.4,8.9,0.23894993
26,3748.8,4,0.3,0.0974688,907.4,8.9,0.23894993
23,3749.8,-3,1,0.0862454,907.4,8.9,0.23894993
22,3750.5,-1,0.7,0.082511,907.4,8.9,0.23894993
24,3751,2,0.5,0.090024,907.4,8.9,0.23894993
25,3751.5,1,0.5,0.0937875,907.4,8.9,0.23894993
29,3751.9,4,0.4,0.1088051,907.4,8.9,0.23894993
22,3752.9,-7,1,0.0825638,907.4,8.9,0.23894993
23,3753.4,1,0.5,0.0863282,907.4,8.9,0.23894993
23,3754,0,0.6,0.086342,907.4,8.9,0.23894993
17,3754.9,-6,0.9,0.0638333,907.4,8.9,0.23894993
19,3755.4,2,0.5,0.0713526,907.4,8.9,0.23894993
25,3755.5,6,0.1,0.0938875,907.4,8.9,0.23894993
23,3756.2,-2,0.7,0.0863926,907.4,8.9,0.23894993
27,3756.3,4,0.1,0.1014201,907.4,8.9,0.23894993
24,3757.1,-3,0.8,0.0901704,907.5,8.9,0.23886606
25,3757.5,1,0.4,0.0939375,907.5,8.9,0.23886606
29,3757.6,4,0.1,0.1089704,907.5,8.9,0.23886606
25,3758.4,-4,0.8,0.09396,907.5,8.9,0.23886606
24,3758.9,-1,0.5,0.0902136,907.5,8.9,0.23886606
25,3759.3,1,0.4,0.0939825,907.5,8.9,0.23886606
18,3760.2,-7,0.9,0.0676836,907.5,8.9,0.23886606
29,3759.9,11,-0.3,0.1090371,907.5,8.9,0.23886606
22,3760.8,-7,0.9,0.0827376,907.5,8.9,0.23886606
28,3760.8,6,0,0.1053024,907.5,8.9,0.23886606
25,3761.4,-3,0.6,0.094035,907.5,8.9,0.23886606
27,3761.7,2,0.3,0.1015659,907.5,8.9,0.23886606
26,3762.1,-1,0.4,0.0978146,907.5,8.9,0.23886606
24,3762.6,-2,0.5,0.0903024,907.5,8.9,0.23886606
19,3763.4,-5,0.8,0.0715046,907.5,8.9,0.23886606
22,3763.6,3,0.2,0.0827992,907.6,8.9,0.23878219
29,3763.4,7,-0.2,0.1091386,907.6,8.9,0.23878219
20,3764.4,-9,1,0.075288,907.6,8.9,0.23878219
24,3764.5,4,0.1,0.090348,907.6,8.9,0.23878219
22,3765,-2,0.5,0.08283,907.6,8.9,0.23878219
24,3765.2,2,0.2,0.0903648,907.6,8.9,0.23878219
29,3765.2,5,0,0.1091908,907.6,8.9,0.23878219
24,3765.9,-5,0.7,0.0903816,907.6,8.9,0.23878219
22,3766.4,-2,0.5,0.0828608,907.6,8.9,0.23878219
27,3766.4,5,0,0.1016928,907.6,8.9,0.23878219
23,3766.9,-4,0.5,0.0866387,907.6,8.9,0.23878219
25,3767.1,2,0.2,0.0941775,907.6,8.9,0.23878219
20,3767.8,-5,0.7,0.075356,907.6,8.9,0.23878219
19,3768.2,-1,0.4,0.0715958,907.6,8.9,0.23878219
23,3768.2,4,0,0.0866686,907.6,8.9,0.23878219
23,3768.5,0,0.3,0.0866755,907.7,8.9,0.23869831
23,3768.8,0,0.3,0.0866824,907.7,8.9,0.23869831
22,3769.1,-1,0.3,0.0829202,907.7,8.9,0.23869831
25,3769.2,3,0.1,0.09423,907.7,8.9,0.23869831
25,3769.5,0,0.3,0.0942375,907.7,8.9,0.23869831
22,3770,-3,0.5,0.08294,907.7,8.9,0.23869831
20,3770.4,-2,0.4,0.075408,907.7,8.9,0.23869831
25,3770.3,5,-0.1,0.0942575,907.7,8.9,0.23869831
21,3770.9,-4,0.6,0.0791889,907.7,8.9,0.23869831
18,3771.3,-3,0.4,0.0678834,907.7,8.9,0.23869831
25,3771.1,7,-0.2,0.0942775,907.7,8.9,0.23869831
25,3771.3,0,0.2,0.0942825,907.7,8.9,0.23869831
25,3771.6,0,0.3,0.09429,907.7,8.9,0.23869831
25,3771.9,0,0.3,0.0942975,907.7,8.9,0.23869831
27,3772,2,0.1,0.101844,907.7,8.9,0.23869831
22,3772.5,-5,0.5,0.082995,907.7,8.9,0.23869831
27,3772.5,5,0,0.1018575,907.8,8.9,0.23861444
23,3773,-4,0.5,0.086779,907.8,8.9,0.23861444
24,3773.1,1,0.1,0.0905544,907.8,8.9,0.23861444
34,3772.6,10,-0.5,0.1282684,907.8,8.9,0.23861444
21,3773.7,-13,1.1,0.0792477,907.8,8.9,0.23861444
23,3773.9,2,0.2,0.0867997,907.8,8.9,0.23861444
24,3774,1,0.1,0.090576,907.8,8.8,0.23861444
25,3774.2,1,0.2,0.094355,907.8,8.8,0.23861444
25,3774.3,0,0.1,0.0943575,907.8,8.8,0.23861444
24,3774.6,-1,0.3,0.0905904,907.8,8.8,0.23861444
22,3775,-2,0.4,0.08305,907.8,8.8,0.23861444
25,3775,3,0,0.094375,907.8,8.8,0.23861444
20,3775.5,-5,0.5,0.07551,907.8,8.8,0.23861444
24,3775.5,4,0,0.090612,907.8,8.8,0.23861444
26,3775.5,2,0,0.098163,907.9,8.8,0.23853057
24,3775.9,-2,0.4,0.0906216,907.9,8.8,0.23853057
20,3776.3,-4,0.4,0.075526,907.9,8.8,0.23853057
22,3776.4,2,0.1,0.0830808,907.9,8.8,0.23853057
24,3776.5,2,0.1,0.090636,907.9,8.8,0.23853057
17,3777.1,-7,0.6,0.0642107,907.9,8.8,0.23853057
23,3776.9,6,-0.2,0.0868687,907.9,8.8,0.23853057
24,3777,1,0.1,0.090648,907.9,8.8,0.23853057
22,3777.3,-2,0.3,0.0831006,907.9,8.8,0.23853057
24,3777.4,2,0.1,0.0906576,907.9,8.8,0.23853057
20,3777.8,-4,0.4,0.075556,907.9,8.8,0.23853057
21,3778,1,0.2,0.079338,907.9,8.8,0.23853057
19,3778.3,-2,0.3,0.0717877,907.9,8.8,0.23853057
29,3777.7,10,-0.6,0.1095533,907.9,8.8,0.23853057
23,3778.4,-6,0.7,0.0869032,907.9,8.8,0.23853057
23,3778.5,0,0.1,0.0869055,907.9,8.8,0.23853057
22,3778.7,-1,0.2,0.0831314,908,8.8,0.2384467
27,3778.6,5,-0.1,0.1020222,908,8.8,0.2384467
20,3779.2,-7,0.6,0.075584,908,8.8,0.2384467
24,3779.1,4,-0.1,0.0906984,908,8.8,0.2384467
17,3779.7,-7,0.6,0.0642549,908,8.8,0.2384467
18,3779.8,1,0.1,0.0680364,908,8.8,0.2384467
22,3779.7,4,-0.1,0.0831534,908,8.8,0.2384467
24,3779.8,2,0.1,0.0907152,908,8.8,0.2384467
23,3780,-1,0.2,0.08694,908,8.8,0.2384467
22,3780.1,-1,0.1,0.0831622,908,8.8,0.2384467
24,3780.2,2,0.1,0.0907248,908,8.8,0.2384467
18,3780.8,-6,0.6,0.0680544,908,8.8,0.2384467
24,3780.5,6,-0.3,0.090732,908,8.8,0.2384467
25,3780.6,1,0.1,0.094515,908,8.8,0.2384467
21,3781,-4,0.4,0.079401,908,8.8,0.2384467
26,3780.8,5,-0.2,0.0983008,908,8.8,0.2384467
18,3781.5,-8,0.7,0.068067,908,8.8,0.2384467
29,3780.9,11,-0.6,0.1096461,908.1,8.8,0.23836283
24,3781.3,-5,0.4,0.0907512,908.1,8.8,0.23836283
22,3781.6,-2,0.3,0.0831952,908.1,8.8,0.23836283
23,3781.7,1,0.1,0.0869791,908.1,8.8,0.23836283
21,3782,-2,0.3,0.079422,908.1,8.8,0.23836283
22,3782,1,0,0.083204,908.1,8.8,0.23836283
21,3782.3,-1,0.3,0.0794283,908.1,8.8,0.23836283
21,3782.4,0,0.1,0.0794304,908.1,8.8,0.23836283
26,3782.2,5,-0.2,0.0983372,908.1,8.8,0.23836283
21,3782.7,-5,0.5,0.0794367,908.1,8.8,0.23836283
20,3782.8,-1,0.1,0.075656,908.1,8.8,0.23836283
25,3782.6,5,-0.2,0.094565,908.1,8.8,0.23836283
28,3782.5,3,-0.1,0.10591,908.1,8.8,0.23836283
18,3783.4,-10,0.9,0.0681012,908.1,8.8,0.23836283
24,3783.1,6,-0.3,0.0907944,908.1,8.8,0.23836283
23,3783.3,-1,0.2,0.0870159,908.2,8.8,0.23827896
23,3783.4,0,0.1,0.0870182,908.2,8.8,0.23827896
18,3783.9,-5,0.5,0.0681102,908.2,8.8,0.23827896
26,3783.5,8,-0.4,0.098371,908.2,8.8,0.23827896
22,3783.8,-4,0.3,0.0832436,908.2,8.8,0.23827896
26,3783.7,4,-0.1,0.0983762,908.2,8.8,0.23827896
23,3784,-3,0.3,0.087032,908.2,8.7,0.23827896
24,3784.1,1,0.1,0.0908184,908.2,8.7,0.23827896
22,3784.3,-2,0.2,0.0832546,908.2,8.7,0.23827896
25,3784.2,3,-0.1,0.094605,908.2,8.7,0.23827896
22,3784.6,-3,0.4,0.0832612,908.2,8.7,0.23827896
15,3785.2,-7,0.6,0.056778,908.2,8.7,0.23827896
25,3784.6,10,-0.6,0.094615,908.2,8.7,0.23827896
18,3785.2,-7,0.6,0.0681336,908.2,8.7,0.23827896
18,3785.3,0,0.1,0.0681354,908.2,8.7,0.23827896
21,3785.2,3,-0.1,0.0794892,908.2,8.7,0.23827896
19,3785.5,-2,0.3,0.0719245,908.2,8.7,0.23827896
27,3785,8,-0.5,0.102195,908.3,8.7,0.23819509
21,3785.6,-6,0.6,0.0794976,908.3,8.7,0.23819509
25,3785.4,4,-0.2,0.094635,908.3,8.7,0.23819509
24,3785.5,-1,0.1,0.090852,908.3,8.7,0.23819509
24,3785.6,0,0.1,0.0908544,908.3,8.7,0.23819509
20,3786,-4,0.4,0.07572,908.3,8.7,0.23819509
22,3786,2,0,0.083292,908.3,8.7,0.23819509
21,3786.2,-1,0.2,0.0795102,908.3,8.7,0.23819509
21,3786.3,0,0.1,0.0795123,908.3,8.7,0.23819509
19,3786.5,-2,0.2,0.0719435,908.3,8.7,0.23819509
23,3786.4,4,-0.1,0.0870872,908.3,8.7,0.23819509
21,3786.6,-2,0.2,0.0795186,908.3,8.7,0.23819509
23,3786.6,2,0,0.0870918,908.3,8.7,0.23819509
21,3786.8,-2,0.2,0.0795228,908.3,8.7,0.23819509
17,3787.2,-4,0.4,0.0643824,908.3,8.7,0.23819509
21,3787,4,-0.2,0.079527,908.3,8.7,0.23819509
23,3787,2,0,0.087101,908.4,8.7,0.23811121
20,3787.3,-3,0.3,0.075746,908.4,8.7,0.23811121
32,3786.5,12,-0.8,0.121168,908.4,8.7,0.23811121
23,3787.3,-9,0.8,0.0871079,908.4,8.7,0.23811121
21,3787.5,-2,0.2,0.0795375,908.4,8.7,0.23811121
17,3787.9,-4,0.4,0.0643943,908.4,8.7,0.23811121
24,3787.5,7,-0.4,0.0909,908.4,8.7,0.23811121
21,3787.8,-3,0.3,0.0795438,908.4,8.7,0.23811121
17,3788.2,-4,0.4,0.0643994,908.4,8.7,0.23811121
18,3788.2,1,0,0.0681876,908.4,8.7,0.23811121
14,3788.6,-4,0.4,0.0530404,908.4,8.7,0.23811121
16,3788.6,2,0,0.0606176,908.4,8.7,0.23811121
21,3788.3,5,-0.3,0.0795543,908.4,8.7,0.23811121
22,3788.3,1,0,0.0833426,908.4,8.7,0.23811121
26,3788.1,4,-0.2,0.0984906,908.4,8.7,0.23811121
17,3788.8,-9,0.7,0.0644096,908.4,8.7,0.23811121
23,3788.5,6,-0.3,0.0871355,908.4,8.7,0.23811121
23,3788.6,0,0.1,0.0871378,908.4,8.7,0.23811121
21,3788.9,-2,0.3,0.0795669,908.5,8.7,0.23802734
27,3788.5,6,-0.4,0.1022895,908.5,8.7,0.23802734
22,3789,-5,0.5,0.083358,908.5,8.7,0.23802734
20,3789.2,-2,0.2,0.075784,908.5,8.7,0.23802734
23,3789,3,-0.2,0.087147,908.5,8.7,0.23802734
25,3789,2,0,0.094725,908.5,8.7,0.23802734
22,3789.3,-3,0.3,0.0833646,908.5,8.7,0.23802734
21,3789.4,-1,0.1,0.0795774,908.5,8.7,0.23802734
23,3789.4,2,0,0.0871562,908.5,8.7,0.23802734
18,3789.8,-5,0.4,0.0682164,908.5,8.7,0.23802734
25,3789.4,7,-0.4,0.094735,908.5,8.7,0.23802734
21,3789.8,-4,0.4,0.0795858,908.5,8.7,0.23802734
24,3789.7,3,-0.1,0.0909528,908.5,8.7,0.23802734
19,3790.1,-5,0.4,0.0720119,908.5,8.7,0.23802734
23,3789.9,4,-0.2,0.0871677,908.5,8.7,0.23802734
21,3790.1,-2,0.2,0.0795921,908.5,8.7,0.23802734
22,3790.1,1,0,0.0833822,908.6,8.7,0.23794347
21,3790.2,-1,0.1,0.0795942,908.6,8.7,0.23794347
19,3790.5,-2,0.3,0.0720195,908.6,8.7,0.23794347
20,3790.5,1,0,0.07581,908.6,8.7,0.23794347
30,3789.8,10,-0.7,0.113694,908.6,8.7,0.23794347
23,3790.4,-7,0.6,0.0871792,908.6,8.7,0.23794347
24,3790.4,1,0,0.0909696,908.6,8.7,0.23794347
24,3790.5,0,0.1,0.090972,908.6,8.7,0.23794347
13,3791.3,-11,0.8,0.0492869,908.6,8.7,0.23794347
19,3791,6,-0.3,0.072029,908.6,8.7,0.23794347
24,3790.8,5,-0.2,0.0909792,908.6,8.7,0.23794347
24,3790.8,0,0,0.0909792,908.6,8.7,0.23794347
23,3791,-1,0.2,0.087193,908.6,8.7,0.23794347
23,3791,0,0,0.087193,908.6,8.7,0.23794347
19,3791.4,-4,0.4,0.0720366,908.6,8.7,0.23794347
27,3790.9,8,-0.5,0.1023543,908.6,8.7,0.23794347
24,3791.2,-3,0.3,0.0909888,908.7,8.7,0.2378596
24,3791.2,0,0,0.0909888,908.7,8.7,0.2378596
23,3791.4,-1,0.2,0.0872022,908.7,8.7,0.2378596
21,3791.6,-2,0.2,0.0796236,908.7,8.7,0.2378596
20,3791.7,-1,0.1,0.075834,908.7,8.7,0.2378596
22,3791.7,2,0,0.0834174,908.7,8.7,0.2378596
25,3791.5,3,-0.2,0.0947875,908.7,8.7,0.2378596
28,3791.4,3,-0.1,0.1061592,908.7,8.6,0.2378596
23,3791.8,-5,0.4,0.0872114,908.7,8.6,0.2378596
27,3791.6,4,-0.2,0.1023732,908.7,8.6,0.2378596
24,3791.9,-3,0.3,0.0910056,908.7,8.6,0.2378596
29,3791.6,5,-0.3,0.1099564,908.7,8.6,0.2378596
-91,3800.5,-120,8.9,-0.3458455,908.7,8.6,0.2378596
-98,3801.4,-7,0.9,-0.3725372,908.7,8.6,0.2378596
-92,3801.3,6,-0.1,-0.3497196,908.6,8.6,0.23794347
-96,3801.8,-4,0.5,-0.3649728,908.6,8.6,0.23794347
-93,3801.8,3,0,-0.3535674,908.6,8.6,0.23794347
1132.1,3713.1,1225.1,-88.7,4.2036005,908.9,8.6,0.23769186
2356,3621.9,1223.9,-91.2,8.5331964,909.6,8.6,0.23710476
2358,3616.2,2,-5.7,8.5269996,910.2,8.6,0.23660153
2357,3611.7,-1,-4.5,8.5127769,910.9,8.6,0.23601443
2355.1,3607.9,-1.9,-3.8,8.4969653,911.5,8.6,0.2355112
2357.1,3604.1,2,-3.8,8.4952241,912.2,8.6,0.2349241
2356,3600.8,-1.1,-3.3,8.4834848,912.8,8.6,0.23442087
2355.1,3597.7,-0.9,-3.1,8.4729433,913.5,8.6,0.23383377
2354.1,3594.7,-1,-3,8.4622833,914.1,8.6,0.23333054
2357.1,3591.5,3,-3.2,8.4655246,914.8,8.6,0.23274344
2362.1,3588.3,5,-3.2,8.4759234,915.5,8.6,0.23215634
2359.2,3585.8,-2.9,-2.5,8.4596194,916.1,8.6,0.23165311
2359,3583.2,-0.2,-2.6,8.4527688,916.8,8.6,0.23106601
2356,3580.8,-3,-2.4,8.4363648,917.4,8.6,0.23056278
2354,3578.5,-2,-2.3,8.423789,918.1,8.6,0.22997568
2356.1,3576,2.1,-2.5,8.4254136,918.7,8.6,0.22947245
2353.1,3573.9,-3,-2.1,8.4097441,919.4,8.6,0.22888535
1278.3,3649.3,-1074.8,75.4,4.6649002,919.7,8.6,0.22863373
1281.1,3649.7,2.8,0.4,4.6756307,920.1,8.6,0.22829825
1278.1,3650,-3,0.3,4.665065,920.5,8.6,0.22796276
1284.1,3649.3,6,-0.7,4.6860661,920.8,8.6,0.22771115
1273.1,3649.7,-11,0.4,4.6464331,921.2,8.6,0.22737566
1275.1,3649.1,2,-0.6,4.6529674,921.5,8.6,0.22712405
1279.1,3648.3,4,-0.8,4.6665405,921.9,8.6,0.22678856
1275.1,3648,-4,-0.3,4.6515648,922.2,8.6,0.22653695
1276,3647.4,0.9,-0.6,4.6540824,922.6,8.7,0.22620146
1280.1,3646.5,4.1,-0.9,4.6678847,922.9,8.7,0.22594984
1279,3645.9,-1.1,-0.6,4.6631061,923.3,8.7,0.22561436
1143.1,3655.2,-135.9,9.3,4.1782591,923.6,8.7,0.22536274
1012.1,3664.5,-131,9.3,3.7088404,923.9,8.7,0.22511113
880.1,3674.1,-132,9.6,3.2335754,924.1,8.7,0.22494339
751.1,3683.8,-129,9.7,2.7669022,924.3,8.7,0.22477564
616.2,3694.1,-134.9,10.3,2.2763044,924.5,8.7,0.2246079
483.1,3704.4,-133.1,10.3,1.7895956,924.6,8.7,0.22452403
487.1,3705,4,0.6,1.8047055,924.8,8.7,0.22435629
488,3705.5,0.9,0.5,1.808284,924.9,8.7,0.22427241
485.1,3706.3,-2.9,0.8,1.7979261,925.1,8.7,0.22410467
484.1,3706.9,-1,0.6,1.7945103,925.2,8.7,0.2240208
484.1,3707.3,0,0.4,1.7947039,925.3,8.7,0.22393693
488.1,3707.4,4,0.1,1.8095819,925.5,8.7,0.22376919
488.1,3707.7,0,0.3,1.8097284,925.6,8.7,0.22368531
486,3708.1,-2.1,0.4,1.8021366,925.7,8.7,0.22360144
488.9,3708.2,2.9,0.1,1.812939,925.9,8.7,0.2234337
488.1,3708.5,-0.8,0.3,1.8101188,926,8.7,0.22334983
484.1,3709,-4,0.5,1.7955269,926.1,8.7,0.22326596
488.1,3709,4,0,1.8103629,926.3,8.7,0.22309821
484.1,3709.5,-4,0.5,1.7957689,926.4,8.7,0.22301434
-303,3767,-787.1,57.5,-1.141401,926.3,8.7,0.22309821
-301,3769.2,2,2.2,-1.1345292,926.2,8.7,0.22318209
-298,3770.8,3,1.6,-1.1236984,926.2,8.7,0.22318209
-306.1,3773,-8.1,2.2,-1.1549153,926.1,8.7,0.22326596
-304,3774.2,2.1,1.2,-1.1473568,926,8.7,0.22334983
114.1,3745.1,418.1,-29.1,0.42731591,926,8.7,0.22334983
534.1,3714.8,420,-30.3,1.9840747,926.2,8.7,0.22318209
946,3684,411.9,-30.8,3.485064,926.4,8.7,0.22301434
1369,3651.6,423,-32.4,4.9990404,926.8,8.7,0.22267886
1363.1,3649.6,-5.9,-2,4.9747698,927.2,8.7,0.22234337
1368.1,3647.3,5,-2.3,4.9898711,927.6,8.7,0.22200788
1176.1,3659.5,-192,12.2,4.3039379,927.9,8.7,0.22175627
982.1,3672.6,-194,13.1,3.6068605,928.2,8.7,0.22150465
790.1,3686.1,-192,13.5,2.9123876,928.4,8.7,0.22133691
595.1,3700.4,-195,14.3,2.202108,928.6,8.7,0.22116917
404.1,3714.7,-191,14.3,1.5011103,928.7,8.7,0.2210853
218.1,3728.9,-186,14.2,0.81327309,928.7,8.7,0.2210853
25,3744,-193.1,15.1,0.0936,928.7,8.7,0.2210853
25,3745.3,0,1.3,0.0936325,928.7,8.7,0.2210853
24,3746.5,-1,1.2,0.089916,928.7,8.7,0.2210853
26,3747.4,2,0.9,0.0974324,928.8,8.7,0.22100143
22,3748.5,-4,1.1,0.082467,928.8,8.7,0.22100143
21,3749.4,-1,0.9,0.0787374,928.8,8.7,0.22100143
28,3749.7,7,0.3,0.1049916,928.8,8.7,0.22100143
22,3750.8,-6,1.1,0.0825176,928.8,8.7,0.22100143
24,3751.3,2,0.5,0.0900312,928.8,8.7,0.22100143
24,3752,0,0.7,0.090048,928.8,8.7,0.22100143
24,3752.6,0,0.6,0.0900624,928.8,8.7,0.22100143
18,3753.6,-6,1,0.0675648,928.8,8.7,0.22100143
27,3753.5,9,-0.1,0.1013445,928.8,8.7,0.22100143
17,3754.8,-10,1.3,0.0638316,928.8,8.7,0.22100143
24,3754.8,7,0,0.0901152,928.8,8.7,0.22100143
23,3755.4,-1,0.6,0.0863742,928.8,8.7,0.22100143
25,3755.8,2,0.4,0.093895,928.8,8.7,0.22100143
26,3756.2,1,0.4,0.0976612,928.8,8.7,0.22100143
25,3756.7,-1,0.5,0.0939175,928.8,8.7,0.22100143
24,3757.3,-1,0.6,0.0901752,928.9,8.7,0.22091755
18,3758.1,-6,0.8,0.0676458,928.9,8.7,0.22091755
19,3758.6,1,0.5,0.0714134,928.9,8.7,0.22091755
23,3758.7,4,0.1,0.0864501,928.9,8.7,0.22091755
25,3759,2,0.3,0.093975,928.9,8.7,0.22091755
25,3759.4,0,0.4,0.093985,928.9,8.7,0.22091755
21,3760.1,-4,0.7,0.0789621,928.9,8.7,0.22091755
27,3760,6,-0.1,0.10152,928.9,8.7,0.22091755
21,3760.8,-6,0.8,0.0789768,928.9,8.7,0.22091755
23,3761.1,2,0.3,0.0865053,928.9,8.7,0.22091755
26,3761.2,3,0.1,0.0977912,928.9,8.7,0.22091755
23,3761.8,-3,0.6,0.0865214,928.9,8.7,0.22091755
25,3762,2,0.2,0.09405,928.9,8.7,0.22091755
24,3762.5,-1,0.5,0.0903,928.9,8.7,0.22091755
25,3762.7,1,0.2,0.0940675,928.9,8.7,0.22091755
23,3763.2,-2,0.5,0.0865536,929,8.7,0.22083368
22,3763.6,-1,0.4,0.0827992,929,8.7,0.22083368
23,3763.9,1,0.3,0.0865697,929,8.7,0.22083368
25,3764,2,0.1,0.0941,929,8.7,0.22083368
30,3764,5,0,0.11292,929,8.7,0.22083368
32,3764.1,2,0.1,0.1204512,929,8.7,0.22083368
28,3764.7,-4,0.6,0.1054116,929,8.7,0.22083368
23,3765.3,-5,0.6,0.0866019,929,8.7,0.22083368
27,3765.4,4,0.1,0.1016658,929,8.7,0.22083368
23,3765.9,-4,0.5,0.0866157,929,8.7,0.22083368
22,3766.3,-1,0.4,0.0828586,929,8.7,0.22083368
21,3766.7,-1,0.4,0.0791007,929,8.7,0.22083368
20,3767,-1,0.3,0.07534,929,8.7,0.22083368
26,3766.9,6,-0.1,0.0979394,929,8.7,0.22083368
26,3767.1,0,0.2,0.0979446,929,8.7,0.22083368
28,3767.2,2,0.1,0.1054816,929.1,8.7,0.22074981
28,3767.5,0,0.3,0.10549,929.1,8.7,0.22074981
22,3768.1,-6,0.6,0.0828982,929.1,8.7,0.22074981
24,3768.3,2,0.2,0.0904392,929.1,8.7,0.22074981
24,3768.5,0,0.2,0.090444,929.1,8.7,0.22074981
26,3768.6,2,0.1,0.0979836,929.1,8.7,0.22074981
27,3768.8,1,0.2,0.1017576,929.1,8.7,0.22074981
16,3769.8,-11,1,0.0603168,929.1,8.7,0.22074981
27,3769.3,11,-0.5,0.1017711,929.1,8.7,0.22074981
27,3769.5,0,0.2,0.1017765,929.1,8.7,0.22074981
21,3770.1,-6,0.6,0.0791721,929.1,8.7,0.22074981
29,3769.8,8,-0.3,0.1093242,929.1,8.7,0.22074981
17,3770.9,-12,1.1,0.0641053,929.1,8.7,0.22074981
21,3770.8,4,-0.1,0.0791868,929.1,8.7,0.22074981
21,3771,0,0.2,0.079191,929.1,8.7,0.22074981
22,3771.2,1,0.2,0.0829664,929.2,8.7,0.22066594
22,3771.4,0,0.2,0.0829708,929.2,8.7,0.22066594
24,3771.5,2,0.1,0.090516,929.2,8.7,0.22066594
24,3771.7,0,0.2,0.0905208,929.2,8.7,0.22066594
26,3771.7,2,0,0.0980642,929.2,8.7,0.22066594
21,3772.2,-5,0.5,0.0792162,929.2,8.7,0.22066594
26,3772.1,5,-0.1,0.0980746,929.2,8.7,0.22066594
18,3772.9,-8,0.8,0.0679122,929.2,8.7,0.22066594
205.1,3759.5,187.1,-13.4,0.77107345,929.3,8.7,0.22058207
374.1,3746.9,169,-12.6,1.4017153,929.4,8.7,0.2204982
548,3733.5,173.9,-13.4,2.045958,929.5,8.7,0.22041433
732,3719.1,184,-14.4,2.7223812,929.7,8.7,0.22024658
906.1,3705.1,174.1,-14,3.3571911,930,8.7,0.21999497
905.1,3703.6,-1,-1.5,3.3521284,930.2,8.7,0.21982722
903.1,3702.3,-2,-1.3,3.3435471,930.5,8.7,0.21957561
910.1,3700.7,7,-1.6,3.3680071,930.7,8.7,0.21940787
908.1,3699.6,-2,-1.1,3.3596068,931,8.7,0.21915625
909.1,3698.6,1,-1,3.3623973,931.2,8.7,0.21898851
906.1,3697.7,-3,-0.9,3.350486,931.5,8.7,0.2187369
908.1,3696.6,2,-1.1,3.3568825,931.7,8.7,0.21856915
906.1,3695.8,-2,-0.8,3.3487644,932,8.7,0.21831754
926.9,3693.4,20.8,-2.4,3.4234125,932.2,8.7,0.21814979
961.1,3690,34.2,-3.4,3.546459,932.5,8.7,0.21789818
985,3687.3,23.9,-2.7,3.6319905,932.8,8.7,0.21764657
1008.1,3684.6,23.1,-2.7,3.7144453,933.1,8.7,0.21739495
1035,3681.6,26.9,-3,3.810456,933.3,8.7,0.21722721
1033.1,3680.8,-1.9,-0.8,3.8026345,933.6,8.7,0.21697559
1030.2,3680,-2.9,-0.8,3.791136,933.9,8.7,0.21672398
1032.2,3679,2,-1,3.7974638,934.2,8.7,0.21647236
1039.1,3677.6,6.9,-1.4,3.8213942,934.5,8.7,0.21622075
1023.1,3677.9,-16,0.3,3.7628595,934.8,8.7,0.21596914
1034.1,3676.3,11,-1.6,3.8016618,935.1,8.7,0.21571752
1031.1,3675.6,-3,-0.7,3.7899112,935.4,8.7,0.21546591
1034.1,3674.6,3,-1,3.7999039,935.6,8.7,0.21529816
1035.1,3673.7,1,-0.9,3.8026469,935.9,8.7,0.21504655
1037.1,3672.9,2,-0.8,3.8091646,936.2,8.7,0.21479493
1034.1,3672.3,-3,-0.6,3.7975254,936.5,8.7,0.21454332
940.1,3678.5,-94,6.2,3.4581579,936.8,8.7,0.21429171
929.1,3678.8,-11,0.3,3.4179731,937,8.7,0.21412396
933.1,3678.1,4,-0.7,3.4320351,937.3,8.7,0.21387235
935,3677.4,1.9,-0.7,3.438369,937.5,8.7,0.2137046
936.1,3676.9,1.1,-0.5,3.4419461,937.8,8.7,0.21345299
934.1,3676.5,-2,-0.4,3.4342187,938.1,8.7,0.21320138
941.1,3675.4,7,-1.1,3.4589189,938.3,8.7,0.21303363
938.1,3675.1,-3,-0.3,3.4476113,938.6,8.7,0.21278202
938,3674.7,-0.1,-0.4,3.4468686,938.8,8.7,0.21261427
938,3674.2,0,-0.5,3.4463996,939.1,8.7,0.21236266
933.1,3674.1,-4.9,-0.1,3.4283027,939.4,8.7,0.21211105
938,3673.2,4.9,-0.9,3.4454616,939.6,8.7,0.2119433
933.1,3673.1,-4.9,-0.1,3.4273696,939.9,8.7,0.21169169
930.1,3672.9,-3,-0.2,3.4161643,940.1,8.7,0.21152395
935.1,3672.1,5,-0.8,3.4337807,940.4,8.7,0.21127233
939.1,3671.3,4,-0.8,3.4477178,940.7,8.7,0.21102072
932.1,3671.4,-7,0.1,3.4221119,940.9,8.7,0.21085297
935,3670.7,2.9,-0.7,3.4321045,941.2,8.7,0.21060136
935.1,3670.3,0.1,-0.4,3.4320975,941.4,8.7,0.21043362
473.3,3703.8,-461.8,33.5,1.7530085,941.6,8.7,0.21026587
472.1,3704.7,-1.2,0.9,1.7489889,941.7,8.7,0.210182
474.1,3705.1,2,0.4,1.7565879,941.8,8.7,0.21009813
469.1,3705.9,-5,0.8,1.7384377,942,8.7,0.20993039
470.1,3706.1,1,0.2,1.7422376,942.1,8.7,0.20984652
476,3706,5.9,-0.1,1.764056,942.2,8.7,0.20976264
477.1,3706.1,1.1,0.1,1.7681803,942.4,8.7,0.2095949
463,3707.3,-14.1,1.2,1.7164799,942.5,8.7,0.20951103
442.2,3709.1,-20.8,1.8,1.640164,942.6,8.7,0.20942716
429.1,3710.2,-13.1,1.1,1.5920468,942.7,8.7,0.20934329
413,3711.7,-16.1,1.5,1.5329321,942.8,8.7,0.20925941
419,3711.5,6,-0.2,1.5551185,943,8.7,0.20909167
418.1,3711.7,-0.9,0.2,1.5518618,943.1,8.7,0.2090078
419.1,3711.9,1,0.2,1.5556573,943.2,8.7,0.20892393
417.1,3712.1,-2,0.2,1.5483169,943.3,8.7,0.20884006
414.2,3712.5,-2.9,0.4,1.5377175,943.4,8.7,0.20875619
416.1,3712.5,1.9,0,1.5447713,943.5,8.7,0.20867231
417.1,3712.6,1,0.1,1.5485255,943.7,8.7,0.20850457
415.1,3712.9,-2,0.3,1.5412248,943.8,8.7,0.2084207
415.1,3713,0,0.1,1.5412663,943.9,8.7,0.20833683
414.1,3713.2,-1,0.2,1.5376361,944,8.7,0.20825296
415,3713.2,0.9,0,1.540978,944.1,8.7,0.20816908
415.1,3713.3,0.1,0.1,1.5413908,944.2,8.7,0.20808521
420.1,3713.1,5,-0.2,1.5598733,944.4,8.7,0.20791747
417.1,3713.4,-3,0.3,1.5488591,944.5,8.7,0.2078336
416,3713.5,-1.1,0.1,1.544816,944.6,8.7,0.20774973
508,3706.8,92,-6.7,1.8830544,944.7,8.7,0.20766586
601.1,3699.8,93.1,-7,2.2239498,944.9,8.7,0.20749811
693,3692.7,91.9,-7.1,2.5590411,945.1,8.7,0.20733037
695.1,3692,2.1,-0.7,2.5663092,945.3,8.7,0.20716263
695.1,3691.5,0,-0.5,2.5659617,945.5,8.7,0.20699488
694.1,3691.2,-1,-0.3,2.5620619,945.7,8.7,0.20682714
694.1,3690.9,0,-0.3,2.5618537,945.9,8.7,0.2066594
692,3690.7,-2.1,-0.2,2.5539644,946,8.7,0.20657553
689.2,3690.6,-2.8,-0.1,2.5435615,946.2,8.7,0.20640778
691.1,3690.2,1.9,-0.4,2.5502972,946.4,8.7,0.20624004
690.1,3689.9,-1,-0.3,2.5464,946.6,8.7,0.2060723
690.1,3689.7,0,-0.2,2.546262,946.8,8.7,0.20590455
693.1,3689.2,3,-0.5,2.5569845,947,8.7,0.20573681
695.1,3688.8,2,-0.4,2.5640849,947.2,8.7,0.20556907
789,3681.7,93.9,-7.1,2.9048613,947.4,8.7,0.20540133
885.1,3674.1,96.1,-7.6,3.2519459,947.7,8.7,0.20514971
883.1,3673.6,-2,-0.5,3.2441562,947.9,8.7,0.20498197
886.1,3672.8,3,-0.8,3.2544681,948.2,8.7,0.20473035
885.1,3672.3,-1,-0.5,3.2503527,948.4,8.7,0.20456261
497,3700.3,-388.1,28,1.8390491,948.5,8.7,0.20447874
108.2,3729.5,-388.8,29.2,0.4035319,948.6,8.7,0.20439487
-284.9,3760,-393.1,30.5,-1.071224,948.5,8.7,0.20447874
-277,3761.5,7.9,1.5,-1.0419355,948.4,8.7,0.20456261
-278.1,3763.3,-1.1,1.8,-1.0465737,948.3,8.7,0.20464648
-282,3765.1,-3.9,1.8,-1.0617582,948.3,8.7,0.20464648
-280.9,3766.3,1.1,1.2,-1.0579537,948.2,8.7,0.20473035
-282.1,3767.7,-1.2,1.4,-1.0628682,948.1,8.7,0.20481422
-280.1,3768.7,2,1,-1.0556129,948,8.7,0.2048981
-284.9,3770.2,-4.8,1.5,-1.07413,947.9,8.7,0.20498197
-281.1,3770.9,3.8,0.7,-1.06,947.9,8.7,0.20498197
-283.9,3772.1,-2.8,1.2,-1.0708992,947.8,8.7,0.20506584
-135.1,3762.1,148.8,-10,-0.50825971,947.8,8.7,0.20506584
11,3751.8,146.1,-10.3,0.0412698,947.8,8.7,0.20506584
157,3741.3,146,-10.5,0.5873841,947.8,8.7,0.20506584
303.2,3730.5,146.2,-10.8,1.1310876,947.9,8.7,0.20498197
447.1,3719.5,143.9,-11,1.6629885,948,8.7,0.2048981
450.1,3718.6,3,-0.9,1.6737419,948.1,8.7,0.20481422
443,3718.6,-7.1,0,1.6473398,948.3,8.7,0.20464648
453,3717.5,10,-1.1,1.6840275,948.4,8.7,0.20456261
446.1,3717.6,-6.9,0.1,1.6584214,948.5,8.7,0.20447874
447.1,3717.3,1,-0.3,1.6620048,948.6,8.7,0.20439487
449.1,3716.9,2,-0.4,1.6692598,948.8,8.7,0.20422712
449.1,3716.6,0,-0.3,1.6691251,948.9,8.7,0.20414325
446.1,3716.6,-3,0,1.6579753,949,8.7,0.20405938
456,3715.7,9.9,-0.9,1.6943592,949.1,8.7,0.20397551
596.1,3705.2,140.1,-10.5,2.2086697,949.3,8.7,0.20380777
751,3693.2,154.9,-12,2.7735932,949.5,8.7,0.20364002
901.1,3681.2,150.1,-12,3.3171293,949.8,8.7,0.20338841
1051.1,3669,150,-12.2,3.8564859,950,8.7,0.20322067
1201,3656.6,149.9,-12.4,4.3915766,950.4,8.7,0.20288518
1356,3643.6,155,-13,4.9407216,950.8,8.7,0.20254969
1356.1,3641.7,0.1,-1.9,4.9385094,951.1,8.7,0.20229808
1352.1,3640.3,-4,-1.4,4.9220496,951.5,8.7,0.20196259
1352.1,3638.9,0,-1.4,4.9201567,951.9,8.7,0.20162711
1351,3637.7,-1.1,-1.2,4.9145327,952.3,8.7,0.20129162
1351,3636.4,0,-1.3,4.9127764,952.6,8.7,0.20104001
1352.1,3635.1,1.1,-1.3,4.9150187,953,8.7,0.20070452
1352.1,3634,0,-1.1,4.9135314,953.4,8.7,0.20036903
1354,3632.8,1.9,-1.2,4.9188112,953.8,8.7,0.20003355
1354.1,3631.7,0.1,-1.1,4.917685,954.1,8.7,0.19978193
1350.2,3630.9,-3.9,-0.8,4.9024412,954.5,8.7,0.19944645
1349.1,3630.1,-1.1,-0.8,4.8973679,954.9,8.7,0.19911096
1337,3630,-12.1,-0.1,4.85331,955.3,8.7,0.19877548
1318.1,3630.5,-18.9,0.5,4.7853621,955.6,8.7,0.19852386
1304.1,3630.7,-14,0.2,4.7347959,956,8.7,0.19818838
1304,3629.8,-0.1,-0.9,4.7332592,956.3,8.7,0.19793676
1304.1,3629.1,0.1,-0.7,4.7327093,956.7,8.7,0.19760127
-782.9,3782.2,-2087,153.1,-2.9610844,956.5,8.7,0.19776902
-782,3787.1,0.9,4.9,-2.9615122,956.3,8.7,0.19793676
-781.1,3790.6,0.9,3.5,-2.9608377,956.1,8.7,0.1981045
-782,3793.6,-0.9,3,-2.9665952,955.8,8.7,0.19835612
-778,3795.9,4,2.3,-2.9532102,955.6,8.7,0.19852386
-782,3798.6,-4,2.7,-2.9705052,955.4,8.7,0.1986916
-778.1,3800.5,3.9,1.9,-2.9571691,955.2,8.7,0.19885935
-786,3803.1,-7.9,2.6,-2.9892366,955,8.7,0.19902709
-782.9,3804.8,3.1,1.7,-2.9787779,954.8,8.7,0.19919483
-785.9,3806.8,-3,2,-2.9917641,954.5,8.7,0.19944645
-788,3808.7,-2.1,1.9,-3.0012556,954.3,8.7,0.19961419
-783,3810,5,1.3,-2.98323,954.1,8.7,0.19978193
-787,3811.9,-4,1.9,-2.9999653,953.9,8.7,0.19994968
-783,3813.1,4,1.2,-2.9856573,953.7,8.7,0.20011742
-786,3814.8,-3,1.7,-2.9984328,953.4,8.7,0.20036903
-785,3816.1,1,1.3,-2.9956385,953.2,8.7,0.20053678
-777,3817,8,0.9,-2.965809,953,8.7,0.20070452
-777.1,3818.3,-0.1,1.3,-2.9672009,952.8,8.7,0.20087226
-786,3820.3,-8.9,2,-3.0027558,952.6,8.7,0.20104001
-500,3800.8,286,-19.5,-1.9004,952.4,8.7,0.20120775
-218.1,3780.7,281.9,-20.1,-0.82457067,952.4,8.7,0.20120775
52,3760.8,270.1,-19.9,0.1955616,952.4,8.7,0.20120775
343.1,3738.9,291.1,-21.9,1.2828166,952.5,8.7,0.20112388
621,3717.5,277.9,-21.4,2.3085675,952.7,8.7,0.20095614
899,3695.6,278,-21.9,3.3223444,952.9,8.7,0.20078839
896.1,3693.7,-2.9,-1.9,3.3099246,953.2,8.7,0.20053678
898.1,3692,2,-1.7,3.3157852,953.4,8.7,0.20036903
896.1,3690.6,-2,-1.4,3.3071467,953.7,8.7,0.20011742
1467,3647.6,570.9,-43,5.3510292,954.1,8.7,0.19978193
2039.9,3603.1,572.9,-44.5,7.3499637,954.6,8.7,0.19936258
2039.1,3599.2,-0.8,-3.9,7.3391287,955.2,8.7,0.19885935
2036,3596,-3.1,-3.2,7.321456,955.8,8.7,0.19835612
2037.1,3592.8,1.1,-3.2,7.3188929,956.3,8.7,0.19793676
2037.1,3590,0,-2.8,7.313189,956.9,8.7,0.19743353
2037,3587.3,-0.1,-2.7,7.3073301,957.5,8.7,0.1969303
2038.1,3584.8,1.1,-2.5,7.3061809,958,8.7,0.19651095
2040,3582.2,1.9,-2.6,7.307688,958.6,8.7,0.19600772
591.2,3686.1,-1448.8,103.9,2.1792223,958.8,8.7,0.19583997
596,3687.5,4.8,1.4,2.19775,958.9,8.7,0.1957561
594.1,3688.6,-1.9,1.1,2.1913973,959.1,8.7,0.19558836
596.1,3689,2,0.4,2.1990129,959.3,8.7,0.19542062
599,3689.2,2.9,0.2,2.2098308,959.4,8.7,0.19533674
596.1,3689.7,-2.9,0.5,2.1994302,959.6,8.7,0.195169
594,3690,-2.1,0.3,2.19186,959.8,8.7,0.19500126
599.1,3689.7,5.1,-0.3,2.2104993,959.9,8.7,0.19491739
595.1,3690.1,-4,0.4,2.1959785,960.1,8.7,0.19474964
594.1,3690.2,-1,0.1,2.1923478,960.2,8.7,0.19466577
598.1,3689.9,4,-0.3,2.2069292,960.4,8.7,0.19449803
600,3689.8,1.9,-0.1,2.21388,960.6,8.7,0.19433029
591.2,3690.4,-8.8,0.6,2.1817645,960.7,8.7,0.19424641
594.1,3690.1,2.9,-0.3,2.1922884,960.9,8.7,0.19407867
563.1,3692.4,-31,2.3,2.0791904,961.1,8.7,0.19391093
534.1,3694.6,-29,2.2,1.9732859,961.2,8.7,0.19382706
505,3696.8,-29.1,2.2,1.866884,961.4,8.7,0.19365931
470.1,3699.5,-34.9,2.7,1.739135,961.5,8.7,0.19357544
446.1,3701.4,-24,1.9,1.6511945,961.6,8.7,0.19349157
421.1,3703.5,-25,2.1,1.5595438,961.7,8.7,0.1934077
421.2,3703.7,0.1,0.2,1.5599984,961.8,8.7,0.19332383
418.1,3704.1,-3.1,0.4,1.5486842,962,8.7,0.19315608
494.1,3698.7,76,-5.4,1.8275277,962.1,8.7,0.19307221
575,3692.7,80.9,-6,2.1233025,962.3,8.7,0.19290447
654.1,3686.6,79.1,-6.1,2.4114051,962.4,8.7,0.1928206
724.1,3681.1,70,-5.5,2.6654845,962.6,8.7,0.19265286
729.1,3680.2,5,-0.9,2.6832338,962.8,8.7,0.19248511
722.1,3680.3,-7,0.1,2.6575446,963,8.7,0.19231737
727.1,3679.6,5,-0.7,2.6754372,963.2,8.7,0.19214963
726,3679.3,-1.1,-0.3,2.6711718,963.4,8.7,0.19198188
723.1,3679.2,-2.9,-0.1,2.6604295,963.6,8.7,0.19181414
726.1,3678.7,3,-0.5,2.6711041,963.8,8.7,0.1916464
724.2,3678.5,-1.9,-0.2,2.6639697,964.1,8.7,0.19139478
731.1,3677.7,6.9,-0.8,2.6887665,964.3,8.7,0.19122704
642.1,3684,-89,6.3,2.3654964,964.4,8.7,0.19114317
559.1,3690,-83,6,2.063079,964.6,8.7,0.19097543
471.1,3696.7,-88,6.7,1.7415154,964.7,8.7,0.19089155
381.1,3703.6,-90,6.9,1.411442,964.8,8.7,0.19080768
295.1,3710.4,-86,6.8,1.094939,964.9,8.7,0.19072381
298.1,3710.7,3,0.3,1.1061597,965,8.7,0.19063994
298.1,3711.2,0,0.5,1.1063087,965.1,8.7,0.19055607
298.1,3711.6,0,0.4,1.106428,965.2,8.7,0.1904722
301.1,3711.7,3,0.1,1.1175929,965.2,8.7,0.1904722
297,3712.4,-4.1,0.7,1.1025828,965.3,8.7,0.19038833
298,3712.6,1,0.2,1.1063548,965.4,8.7,0.19030445
301.1,3712.6,3.1,0,1.1178639,965.5,8.7,0.19022058
299.1,3713.1,-2,0.5,1.1105882,965.6,8.7,0.19013671
298.1,3713.4,-1,0.3,1.1069645,965.7,8.7,0.19005284
302,3713.3,3.9,-0.1,1.1214166,965.7,8.7,0.19005284
296,3714,-6,0.7,1.099344,965.8,8.7,0.18996897
447.1,3703.1,151.1,-10.9,1.655656,965.9,8.7,0.1898851
586.1,3692.6,139,-10.5,2.1642329,966.1,8.7,0.18971735
731.1,3681.5,145,-11.1,2.6915446,966.3,8.7,0.18954961
882.1,3669.5,151,-12,3.236866,966.6,8.7,0.189298
1022,3658.2,139.9,-11.3,3.7386804,966.8,8.7,0.18913025
1171.1,3646,149.1,-12.2,4.2698306,967.2,8.7,0.18879477
1313.1,3634.1,142,-11.9,4.7719367,967.5,8.7,0.18854315
1312.1,3632.6,-1,-1.5,4.7663345,967.9,8.7,0.18820767
1310.1,3631.3,-2,-1.3,4.7573661,968.3,8.7,0.18787218
1314,3629.8,3.9,-1.5,4.7695572,968.6,8.7,0.18762057
1424.1,3620.5,110.1,-9.3,5.155954,969,8.7,0.18728508
1524.1,3611.8,100,-8.7,5.5047444,969.4,8.7,0.18694959
1631,3602.4,106.9,-9.4,5.8755144,969.9,8.7,0.18653024
1737,3592.9,106,-9.5,6.2408673,970.4,8.7,0.18611088
1845.1,3583.1,108.1,-9.8,6.6111778,970.9,8.7,0.18569152
1956,3573,110.9,-10.1,6.988788,971.4,8.7,0.18527216
1953,3571.1,-3,-1.9,6.9743583,972,8.7,0.18476893
1954.1,3569.1,1.1,-2,6.9743783,972.5,8.7,0.18434958
1954,3567.3,-0.1,-1.8,6.9705042,973.1,8.7,0.18384635
1953.1,3565.5,-0.9,-1.8,6.9637781,973.6,8.7,0.18342699
1950,3564.1,-3.1,-1.4,6.949995,974.1,8.7,0.18300763
1952.1,3562.2,2.1,-1.9,6.9537706,974.7,8.7,0.1825044
1958,3560.2,5.9,-2,6.9708716,975.2,8.7,0.18208505
1951,3559.1,-7,-1.1,6.9438041,975.8,8.7,0.18158182
2313.1,3530.9,362.1,-28.2,8.1673248,976.4,8.7,0.18107859
2318.1,3528,5,-2.9,8.1782568,977.1,8.7,0.18049149
2318,3525.7,-0.1,-2.3,8.1725726,977.7,8.7,0.17998826
2314,3523.7,-4,-2,8.1538418,978.3,8.7,0.17948503
2315.1,3521.6,1.1,-2.1,8.1528562,979,8.7,0.17889793
2312.2,3519.7,-2.9,-1.9,8.1382503,979.6,8.7,0.1783947
2316,3517.5,3.8,-2.2,8.14653,980.3,8.7,0.1778076
2321.1,3515.1,5.1,-2.4,8.1588986,980.9,8.7,0.17730437
2321.1,3513.1,0,-2,8.1542564,981.6,8.7,0.17671727
2319.1,3511.4,-2,-1.7,8.1432877,982.2,8.7,0.17621404
2319,3509.5,-0.1,-1.9,8.1385305,982.9,8.7,0.17562694
2311.1,3508.2,-7.9,-1.3,8.107801,983.5,8.8,0.17512371
2316.1,3506,5,-2.2,8.1202466,984.1,8.8,0.17462048
2314.2,3504.3,-1.9,-1.7,8.1096511,984.8,8.8,0.17403338
2316,3502.4,1.8,-1.9,8.1115584,985.4,8.8,0.17353015
2325.1,3499.9,9.1,-2.5,8.1376175,986.1,8.8,0.17294305
2319.1,3498.4,-6,-1.5,8.1131394,986.7,8.8,0.17243982
2324,3496.3,4.9,-2.1,8.1254012,987.4,8.8,0.17185272
2325.1,3494.4,1.1,-1.9,8.1248294,988,8.8,0.17134949
2327.1,3492.4,2,-2,8.127164,988.7,8.8,0.17076239
2319.1,3491.3,-8,-1.1,8.0966738,989.3,8.8,0.17025916
2319,3489.4,-0.1,-1.9,8.0919186,989.9,8.8,0.16975593
1942.1,3516.4,-376.9,27,6.8292004,990.5,8.8,0.1692527
1566,3544.5,-376.1,28.1,5.550687,990.9,8.8,0.16891722
1191.1,3573.6,-374.9,29.1,4.256515,991.2,8.8,0.1686656
817.2,3603.4,-373.9,29.8,2.9446985,991.5,8.8,0.16841399
433.2,3634.7,-384,31.3,1.574552,991.6,8.8,0.16833012
427.1,3638,-6.1,3.3,1.5537898,991.7,8.8,0.16824625
430,3640.1,2.9,2.1,1.565243,991.8,8.8,0.16816238
432.1,3641.9,2.1,1.8,1.573665,992,8.8,0.16799463
435.1,3643.4,3,1.5,1.5852433,992.1,8.8,0.16791076
432,3645.1,-3.1,1.7,1.5746832,992.2,8.9,0.16782689
427.1,3646.9,-4.9,1.8,1.557591,992.3,8.9,0.16774302
434.1,3647.7,7,0.8,1.5834666,992.4,8.9,0.16765915
435.1,3648.8,1,1.1,1.5875929,992.6,8.9,0.1674914
432,3650.1,-3.1,1.3,1.5768432,992.7,8.9,0.16740753
431.1,3651.3,-0.9,1.2,1.5740754,992.8,8.9,0.16732366
566.1,3642.2,135,-9.1,2.0618494,992.9,8.9,0.16723979
700.1,3632.8,134,-9.4,2.5433233,993.1,8.9,0.16707205
839.1,3622.6,139,-10.2,3.0397237,993.4,8.9,0.16682043
970.1,3612.7,131,-9.9,3.5046803,993.6,8.9,0.16665269
961.2,3612.8,-8.9,0.1,3.4726234,993.9,8.9,0.16640107
965.1,3612.3,3.9,-0.5,3.4862307,994.2,8.9,0.16614946
964.1,3612.1,-1,-0.2,3.4824256,994.4,8.9,0.16598172
965,3611.8,0.9,-0.3,3.485387,994.7,8.9,0.1657301
970.1,3611.3,5.1,-0.5,3.5033221,995,8.9,0.16547849
965.1,3611.5,-5,0.2,3.4854586,995.3,8.9,0.16522687
967.1,3611.3,2,-0.2,3.4924882,995.5,8.9,0.16505913
964.1,3611.3,-3,0,3.4816543,995.8,8.9,0.16480751
1239,3590.8,274.9,-20.5,4.4490012,996.1,8.9,0.1645559
1514,3569.4,275,-21.4,5.4040716,996.6,8.9,0.16413654
1800,3546.3,286,-23.1,6.38334,997.1,8.9,0.16371719
2072,3523.7,272,-22.6,7.3011064,997.6,8.9,0.16329783
2348,3500.2,276,-23.5,8.2184696,998.3,8.9,0.16271073
2347,3496.7,-1,-3.5,8.2067549,998.9,8.9,0.1622075
2350,3493.3,3,-3.4,8.209255,999.6,8.9,0.1616204
2348.1,3490.5,-1.9,-2.8,8.1960431,1000.2,8.9,0.16111717
2351.1,3487.6,3,-2.9,8.1996964,1000.9,8.9,0.16053007
2345.1,3485.3,-6,-2.3,8.173377,1001.5,8.9,0.16002684
1943.1,3513.2,-402,27.9,6.8264989,1002.1,8.9,0.15952361
1528.1,3543.8,-415,30.6,5.4152808,1002.5,8.9,0.15918812
1118.1,3575.2,-410,31.4,3.9974311,1002.8,8.9,0.15893651
707.2,3607.6,-410.9,32.4,2.5512947,1003,8.9,0.15876877
704.1,3610,-3.1,2.4,2.541801,1003.2,8.9,0.15860102
712.1,3611.2,8,1.2,2.5715355,1003.4,8.9,0.15843328
703.1,3613.2,-9,2,2.5404409,1003.6,8.9,0.15826554
706.1,3614.1,3,0.9,2.551916,1003.8,8.9,0.15809779
705.1,3615.2,-1,1.1,2.5490775,1004,8.9,0.15793005
715.1,3615.4,10,0.2,2.5853725,1004.2,8.9,0.15776231
674.1,3619.2,-41,3.8,2.4397027,1004.4,8.9,0.15759457
651.1,3621.8,-23,2.6,2.358154,1004.6,8.9,0.15742682
622.1,3624.8,-29,3,2.2549881,1004.7,9,0.15734295
593.1,3627.8,-29,3,2.1516482,1004.9,9,0.15717521
561,3631.1,-32.1,3.3,2.0370471,1005.1,9,0.15700746
564.1,3631.7,3.1,0.6,2.048642,1005.2,9,0.15692359
560.1,3632.8,-4,1.1,2.0347313,1005.4,9,0.15675585
559.1,3633.7,-1,0.9,2.0316017,1005.5,9,0.15667198
788.1,3617.4,229,-16.3,2.8508729,1005.7,9,0.15650424
1019.1,3600,231,-17.4,3.66876,1006,9,0.15625262
1242,3582.7,222.9,-17.3,4.4497134,1006.4,9,0.15591713
1466.1,3564.7,224.1,-18,5.2262067,1006.8,9,0.15558165
1689,3546.2,222.9,-18.5,5.9895318,1007.2,9,0.15524616
1913,3527.1,224,-19.1,6.7473423,1007.8,9,0.15474293
2142,3507.2,229,-19.9,7.5124224,1008.4,9,0.1542397
2142.1,3503.8,0.1,-3.4,7.50549,1009,9,0.15373648
2142,3500.9,-0.1,-2.9,7.4989278,1009.6,9,0.15323325
2144,3498,2,-2.9,7.499712,1010.2,9,0.15273002
2143,3495.5,-1,-2.5,7.4908565,1010.8,9,0.15222679
2147,3492.7,4,-2.8,7.4988269,1011.4,9,0.15172356
2143,3490.6,-4,-2.1,7.4803558,1011.9,9,0.1513042
2142,3488.3,-1,-2.3,7.4719386,1012.5,9,0.15080097
2145,3485.9,3,-2.4,7.4772555,1013.1,9,0.15029774
2145,3483.6,0,-2.3,7.472322,1013.7,9,0.14979451
2145,3481.4,0,-2.2,7.467603,1014.3,9,0.14929129
2104,3482.3,-41,0.9,7.3267592,1014.9,9,0.14878806
2063.1,3483.5,-40.9,1.2,7.1868088,1015.5,9,0.14828483
2018,3485.2,-45.1,1.7,7.0331336,1016,9,0.14786547
1980.1,3486.5,-37.9,1.3,6.9036186,1016.6,9,0.14736224
1983,3484.7,2.9,-1.8,6.9101601,1017.1,9,0.14694288
1980,3483.4,-3,-1.3,6.897132,1017.7,9,0.14643965
1979,3481.8,-1,-1.6,6.8904822,1018.2,9,0.1460203
1979.1,3480.2,0.1,-1.6,6.8876638,1018.8,9,0.14551707
1985,3478.1,5.9,-2.1,6.9040285,1019.3,9,0.14509771
1982.1,3476.7,-2.9,-1.4,6.8911671,1019.9,9,0.14459448
1980.1,3475.2,-2,-1.5,6.8812435,1020.4,9,0.14417512
1975,3474,-5.1,-1.2,6.86115,1021,9,0.14367189
1986,3471.4,11,-2.6,6.8942004,1021.5,9,0.14325254
1987,3469.6,1,-1.8,6.8940952,1022.1,9,0.14274931
1985,3468.1,-2,-1.5,6.8841785,1022.7,9,0.14224608
1980,3466.8,-5,-1.3,6.864264,1023.2,9,0.14182672
1606.2,3495,-373.8,28.2,5.613669,1023.6,9.1,0.14149124
1229.1,3525,-377.1,30,4.3325775,1024,9.1,0.14115575
857.1,3555.9,-372,30.9,3.0477619,1024.2,9.1,0.14098801
483.1,3587.8,-374,31.9,1.7332662,1024.4,9.1,0.14082026
485.1,3591.1,2,3.3,1.7420426,1024.5,9.1,0.14073639
484.1,3594,-1,2.9,1.7398554,1024.6,9.1,0.14065252
483,3596.5,-1.1,2.5,1.7371095,1024.8,9.1,0.14048478
487.1,3598.3,4.1,1.8,1.7527319,1024.9,9.1,0.14040091
488.1,3600.2,1,1.9,1.7572576,1025,9.1,0.14031703
484.1,3602.3,-4,2.1,1.7438734,1025.2,9.1,0.14014929
486,3603.7,1.9,1.4,1.7513982,1025.3,9.1,0.14006542
486,3605.2,0,1.5,1.7521272,1025.4,9.1,0.13998155
483.1,3606.9,-2.9,1.7,1.7424934,1025.6,9.1,0.13981381
483.1,3608.2,0,1.3,1.7431214,1025.7,9.1,0.13972993
481,3609.6,-2.1,1.4,1.7362176,1025.8,9.1,0.13964606
1524,3531.5,1043,-78.1,5.382006,1026.3,9.1,0.1392267
2564.9,3448.4,1040.9,-83.1,8.8448012,1027,9.1,0.1386396
2571,3440.7,6.1,-7.7,8.8460397,1027.7,9.1,0.1380525
2572,3434.4,1,-6.3,8.8332768,1028.4,9.1,0.1374654
2564.1,3429.5,-7.9,-4.9,8.7935809,1029.1,9.1,0.1368783
2566.1,3424.1,2,-5.4,8.786583,1029.8,9.1,0.1362912
2569,3419,2.9,-5.1,8.783411,1030.5,9.1,0.1357041
2564.1,3414.5,-4.9,-4.5,8.7551194,1031.3,9.1,0.13503313
2569,3409.5,4.9,-5,8.7590055,1032,9.1,0.13444603
2567.1,3405,-1.9,-4.5,8.7409755,1032.7,9.1,0.13385893
2567.1,3400.5,0,-4.5,8.7294235,1033.4,9.1,0.13327183
2567.1,3395.8,0,-4.7,8.7173582,1034.1,9.1,0.13268473
2566.1,3391.5,-1,-4.3,8.7029281,1034.8,9.1,0.13209763
2568,3386.8,1.9,-4.7,8.6973024,1035.5,9.1,0.13151053
2570,3382,2,-4.8,8.69174,1036.3,9.1,0.13083955
2566.1,3377.8,-3.9,-4.2,8.6677726,1037,9.1,0.13025245
2569,3373,2.9,-4.8,8.665237,1037.7,9.1,0.12966535
1651.1,3447.7,-917.9,74.7,5.6924975,1038.1,9.1,0.12932987
720.2,3528,-930.9,80.3,2.5408656,1038.3,9.2,0.12916212
727.1,3533.3,6.9,5.3,2.5690624,1038.5,9.2,0.12899438
724.1,3537.7,-3,4.4,2.5616486,1038.7,9.2,0.12882664
728.1,3540.7,4,3,2.5779837,1038.9,9.2,0.12865889
727.1,3543.5,-1,2.8,2.5764788,1039.1,9.2,0.12849115
729.1,3545.7,2,2.2,2.5851699,1039.3,9.2,0.12832341
727.1,3548,-2,2.3,2.5797508,1039.5,9.2,0.12815567
726,3549.9,-1.1,1.9,2.5772274,1039.8,9.2,0.12790405
601.1,3561.6,-124.9,11.7,2.1408778,1039.9,9.2,0.12782018
474.2,3573.7,-126.9,12.1,1.6946485,1040,9.2,0.12773631
332.1,3587.3,-142.1,13.6,1.1913423,1040.1,9.2,0.12765244
207.2,3599.8,-124.9,12.5,0.74587856,1040.2,9.2,0.12756856
87,3612.1,-120.2,12.3,0.3142527,1040.2,9.2,0.12756856
-53,3626,-140,13.9,-0.192178,1040.2,9.2,0.12756856
-179.1,3639,-126.1,13,-0.6517449,1040.2,9.2,0.12756856
-179,3642.5,0.1,3.5,-0.6520075,1040.1,9.2,0.12765244
-177.1,3645.5,1.9,3,-0.64561805,1040.1,9.2,0.12765244
59,3630.5,236.1,-15,0.2141995,1040.1,9.2,0.12765244
288.1,3615.1,229.1,-15.4,1.0415103,1040.2,9.2,0.12756856
518.1,3598.6,230,-16.5,1.8644347,1040.3,9.2,0.12748469
750,3581.3,231.9,-17.3,2.685975,1040.5,9.2,0.12731695
981.1,3563.1,231.1,-18.2,3.4957574,1040.8,9.2,0.12706534
1215,3544,233.9,-19.1,4.30596,1041.1,9.2,0.12681372
1214.1,3542.1,-0.9,-1.9,4.3004636,1041.5,9.2,0.12647824
1217.1,3540.3,3,-1.8,4.3088991,1041.8,9.2,0.12622662
1217.1,3538.9,0,-1.4,4.3071952,1042.1,9.2,0.12597501
1208.1,3538.4,-9,-0.5,4.274741,1042.5,9.2,0.12563952
1215.1,3536.7,7,-1.7,4.2974442,1042.8,9.2,0.12538791
1211.2,3536,-3.9,-0.7,4.2828032,1043.1,9.3,0.12513629
1207.1,3535.3,-4.1,-0.7,4.2674606,1043.5,9.3,0.12480081
1211.1,3534.1,4,-1.2,4.2801485,1043.8,9.3,0.12454919
1097.1,3542.2,-114,8.1,3.8861476,1044.1,9.3,0.12429758
982.1,3550.8,-115,8.6,3.4872407,1044.4,9.3,0.12404596
860.1,3560.4,-122,9.6,3.0623,1044.6,9.3,0.12387822
741.1,3570.1,-119,9.7,2.6458011,1044.8,9.3,0.12371048
617.1,3580.6,-124,10.5,2.2095883,1045,9.3,0.12354273
494.2,3591.3,-122.9,10.7,1.7748205,1045.1,9.3,0.12345886
381.1,3601.6,-113.1,10.3,1.3725698,1045.3,9.3,0.12329112
380.1,3603.4,-1,1.8,1.3696523,1045.4,9.3,0.12320725
379.1,3605.1,-1,1.7,1.3666934,1045.5,9.3,0.12312337
376,3606.7,-3.1,1.6,1.3561192,1045.6,9.3,0.1230395
381.1,3607.7,5.1,1,1.3748945,1045.7,9.3,0.12295563
381,3608.9,-0.1,1.2,1.3749909,1045.8,9.3,0.12287176
-215.1,3654.9,-596.1,46,-0.78616899,1045.7,9.3,0.12295563
-208.1,3657.8,7,2.9,-0.76118818,1045.7,9.3,0.12295563
-227.1,3662.1,-19,4.3,-0.83166291,1045.6,9.3,0.1230395
-239,3665.6,-11.9,3.5,-0.8760784,1045.5,9.3,0.12312337
-253,3669,-14,3.4,-0.928257,1045.5,9.3,0.12312337
-274,3672.9,-21,3.9,-1.0063746,1045.4,9.3,0.12320725
-288,3676.2,-14,3.3,-1.0587456,1045.3,9.3,0.12329112
-299.1,3679.2,-11.1,3,-1.1004487,1045.2,9.3,0.12337499
-320,3682.9,-20.9,3.7,-1.178528,1045.1,9.3,0.12345886
-317,3684.8,3,1.9,-1.1680816,1045,9.3,0.12354273
-315.1,3686.6,1.9,1.8,-1.1616477,1045,9.3,0.12354273
-309,3688,6.1,1.4,-1.139592,1044.9,9.3,0.1236266
-315.9,3690.3,-6.9,2.3,-1.1657658,1044.8,9.3,0.12371048
-316,3692.1,-0.1,1.8,-1.1667036,1044.7,9.3,0.12379435
-312,3693.5,4,1.4,-1.152372,1044.6,9.3,0.12387822
-314,3695.3,-2,1.8,-1.1603242,1044.5,9.3,0.12396209
-321,3697.4,-7,2.1,-1.1868654,1044.4,9.3,0.12404596
-322.1,3699.1,-1.1,1.7,-1.1914801,1044.3,9.3,0.12412983
-318.1,3700.3,4,1.2,-1.1770654,1044.3,9.3,0.12412983
-318,3701.8,0.1,1.5,-1.1771724,1044.2,9.3,0.1242137
273.1,3660.3,591.1,-41.5,0.99962793,1044.2,9.3,0.1242137
869.1,3616.2,596,-44.1,3.1428394,1044.5,9.2,0.12396209
1463.9,3570.1,594.8,-46.1,5.2262694,1044.9,9.2,0.1236266
2047,3523,583.1,-47.1,7.211581,1045.5,9.2,0.12312337
2048,3517,1,-6,7.202816,1046,9.2,0.12270402
2051.9,3511.5,3.9,-5.5,7.2052468,1046.6,9.2,0.12220079
2046,3507.3,-5.9,-4.2,7.1759358,1047.2,9.2,0.12169756
2046,3502.9,0,-4.4,7.1669334,1047.7,9.2,0.1212782
2046.9,3498.7,0.9,-4.2,7.161489,1048.3,9.2,0.12077497
2049,3494.5,2.1,-4.2,7.1602305,1048.9,9.2,0.12027174
-380,3673.7,-2429,179.2,-1.396006,1048.8,9.2,0.12035562
-381,3679.7,-1,6,-1.4019657,1048.7,9.2,0.12043949
-376,3683.7,5,4,-1.3850712,1048.6,9.2,0.12052336
-378.1,3687.2,-2.1,3.5,-1.3941303,1048.5,9.2,0.12060723
-382,3690.5,-3.9,3.3,-1.409771,1048.3,9.2,0.12077497
-383,3693.2,-1,2.7,-1.4144956,1048.2,9.2,0.12085884
-374,3695,9,1.8,-1.38193,1048.1,9.2,0.12094272
-379,3697.6,-5,2.6,-1.4013904,1048,9.2,0.12102659
-379,3699.7,0,2.1,-1.4021863,1047.9,9.2,0.12111046
114.1,3665.7,493.1,-34,0.41825637,1048,9.2,0.12102659
605,3629.9,490.9,-35.8,2.1960895,1048.1,9.2,0.12094272
607,3628.3,2,-1.6,2.2023781,1048.3,9.2,0.12077497
613.1,3627,6.1,-1.3,2.2237137,1048.5,9.2,0.12060723
608.1,3626.7,-5,-0.3,2.2053963,1048.6,9.2,0.12052336
607.1,3626.1,-1,-0.6,2.2014053,1048.8,9.2,0.12035562
606.1,3625.7,-1,-0.4,2.1975368,1049,9.2,0.12018787
603,3625.6,-3.1,-0.1,2.1862368,1049.1,9.2,0.120104
605,3625,2,-0.6,2.193125,1049.3,9.2,0.11993626
607,3624.5,2,-0.5,2.2000715,1049.5,9.2,0.11976851
611.1,3623.9,4.1,-0.6,2.2145653,1049.6,9.2,0.11968464
609,3623.8,-2.1,-0.1,2.2068942,1049.8,9.2,0.1195169
608.1,3623.6,-0.9,-0.2,2.2035112,1050,9.2,0.11934916
609,3623.3,0.9,-0.3,2.2065897,1050.1,9.2,0.11926529
609.1,3623,0.1,-0.3,2.2067693,1050.3,9.2,0.11909754
611.1,3622.7,2,-0.3,2.213832,1050.5,9.2,0.1189298
611.1,3622.4,0,-0.3,2.2136486,1050.7,9.2,0.11876206
1540,3553.3,928.9,-69.1,5.472082,1051.1,9.2,0.11842657
2473.9,3479.8,933.9,-73.5,8.6086772,1051.8,9.2,0.11783947
2465.1,3473.3,-8.8,-6.5,8.5620318,1052.5,9.2,0.11725237
2476,3466.2,10.9,-7.1,8.5823112,1053.1,9.2,0.11674914
2463.2,3461.2,-12.8,-5,8.5256278,1053.8,9.2,0.11616204
2468.1,3455.4,4.9,-5.8,8.5282727,1054.5,9.2,0.11557494
2468,3450,-0.1,-5.4,8.5146,1055.2,9.2,0.11498784
2468.1,3444.8,0.1,-5.2,8.5021109,1055.9,9.2,0.11440074
2474,3439.2,5.9,-5.6,8.5085808,1056.6,9.2,0.11381364
2470,3434.4,-4,-4.8,8.482968,1057.3,9.2,0.11322654
1960.1,3469.5,-509.9,35.1,6.800567,1057.8,9.2,0.11280718
1459.2,3506.9,-500.9,37.4,5.1172685,1058.2,9.2,0.11247169
948.2,3546.9,-511,40,3.3631706,1058.5,9.2,0.11222008
442.2,3587.9,-506,41,1.5865694,1058.6,9.2,0.11213621
440,3591.3,-2.2,3.4,1.580172,1058.7,9.2,0.11205234
435.1,3594.2,-4.9,2.9,1.5638364,1058.8,9.2,0.11196846
437.1,3596,2,1.8,1.5718116,1059,9.2,0.11180072
435,3597.8,-2.1,1.8,1.565043,1059.1,9.2,0.11171685
437.1,3599.2,2.1,1.4,1.5732103,1059.2,9.2,0.11163298
439,3600.4,1.9,1.2,1.5805756,1059.3,9.2,0.11154911
437.1,3601.7,-1.9,1.3,1.5743031,1059.4,9.2,0.11146524
439.1,3602.6,2,0.9,1.5819017,1059.6,9.2,0.11129749
438.1,3603.7,-1,1.1,1.578781,1059.7,9.2,0.11121362
444.1,3604.1,6,0.4,1.6005808,1059.8,9.2,0.11112975
440,3605.2,-4.1,1.1,1.586288,1059.9,9.2,0.11104588
436.1,3606.3,-3.9,1.1,1.5727074,1060.1,9.2,0.11087813
439,3606.9,2.9,0.6,1.5834291,1060.2,9.2,0.11079426
774,3582.2,335,-24.7,2.7726228,1060.4,9.2,0.11062652
1108.1,3556.1,334.1,-26.1,3.9405144,1060.7,9.2,0.11037491
1439,3528.8,330.9,-27.3,5.0779432,1061.1,9.2,0.11003942
1440.1,3525.6,1.1,-3.2,5.0772166,1061.5,9.2,0.10970393
1443,3522.7,2.9,-2.9,5.0832561,1061.9,9.2,0.10936845
1440.1,3520.5,-2.9,-2.2,5.069872,1062.3,9.2,0.10903296
1442.1,3518,2,-2.5,5.0733078,1062.7,9.2,0.10869748
1444,3515.8,1.9,-2.2,5.0768152,1063.1,9.2,0.10836199
1444.1,3513.7,0.1,-2.1,5.0741342,1063.5,9.2,0.1080265
1441.1,3511.9,-3,-1.8,5.0609991,1063.9,9.2,0.10769102
1441,3510,-0.1,-1.9,5.05791,1064.3,9.2,0.10735553
2003,3463.9,562,-46.1,6.9381917,1064.9,9.2,0.1068523
2008,3458.4,5,-5.5,6.9444672,1065.4,9.2,0.10643294
2000.1,3454.6,-7.9,-3.8,6.9095455,1066,9.2,0.10592972
2004,3450.1,3.9,-4.5,6.9140004,1066.5,9.2,0.10551036
2003,3446.1,-1,-4,6.9025383,1067.1,9.2,0.10500713
2006.9,3441.8,3.9,-4.3,6.9073484,1067.6,9.2,0.10458777
2005,3438.1,-1.9,-3.7,6.8933905,1068.2,9.2,0.10408454
1337.2,3489.1,-667.8,51,4.6656245,1068.6,9.2,0.10374906
664.1,3544,-673.1,54.9,2.3535704,1068.8,9.2,0.10358131
-7,3600.7,-671.1,56.7,-0.0252049,1068.8,9.2,0.10358131
-4,3605.7,3,5,-0.0144228,1068.8,9.2,0.10358131
-10,3610.3,-6,4.6,-0.036103,1068.8,9.2,0.10358131
-3,3613.2,7,2.9,-0.0108396,1068.8,9.2,0.10358131
516,3576,519,-37.2,1.845216,1068.9,9.2,0.10349744
1046,3535,530,-41,3.69761,1069.2,9.2,0.10324583
1574.1,3491.3,528.1,-43.7,5.4956553,1069.6,9.2,0.10291034
2093.9,3445.5,519.8,-45.8,7.2145325,1070.2,9.2,0.10240711
2106,3437.5,12.1,-8,7.239375,1070.8,9.2,0.10190388
2099,3431.9,-7,-5.6,7.2035581,1071.4,9.2,0.10140065
2105,3425.9,6,-6,7.2115195,1072,9.2,0.10089743
2100,3420.9,-5,-5,7.18389,1072.5,9.2,0.10047807
1755.1,3444.6,-344.9,23.7,6.0456175,1073,9.2,0.10005871
1407.3,3471.2,-347.8,26.6,4.8850198,1073.4,9.2,0.099723224
1066.1,3499.3,-341.2,28.1,3.7306037,1073.7,9.2,0.099471609
720.2,3528.9,-345.9,29.6,2.5415138,1073.9,9.2,0.099303866
378.2,3559.1,-342,30.2,1.3460516,1074,9.2,0.099219995
380.1,3562.5,1.9,3.4,1.3541063,1074.1,9.2,0.099136123
380.1,3565.3,0,2.8,1.3551705,1074.2,9.2,0.099052252
378.1,3567.7,-2,2.4,1.3489474,1074.3,9.2,0.09896838
329,3573.7,-49.1,6,1.1757473,1074.4,9.2,0.098884509
284.1,3579.3,-44.9,5.6,1.0168791,1074.5,9.2,0.098800637
233,3585.4,-51.1,6.1,0.8353982,1074.6,9.2,0.098716766
177.2,3591.8,-55.8,6.4,0.63646696,1074.6,9.2,0.098716766
133.1,3597.4,-44.1,5.6,0.47881394,1074.7,9.2,0.098632894
79,3603.8,-54.1,6.4,0.2847002,1074.7,9.3,0.098632894
31,3609.7,-48,5.9,0.1119007,1074.7,9.3,0.098632894
34,3611.7,3,2,0.1227978,1074.7,9.3,0.098632894
29,3614.2,-5,2.5,0.1048118,1074.7,9.3,0.098632894
33,3615.8,4,1.6,0.1193214,1074.7,9.3,0.098632894
30,3617.8,-3,2,0.108534,1074.7,9.3,0.098632894
31,3619.5,1,1.7,0.1122045,1074.7,9.3,0.098632894
33,3621,2,1.5,0.119493,1074.7,9.3,0.098632894
33,3622.6,0,1.6,0.1195458,1074.8,9.3,0.098549023
29,3624.4,-4,1.8,0.1051076,1074.8,9.3,0.098549023
34,3625.6,5,1.2,0.1232704,1074.8,9.3,0.098549023
34,3626.9,0,1.3,0.1233146,1074.8,9.3,0.098549023
36,3628.1,2,1.2,0.1306116,1074.8,9.3,0.098549023
34,3629.6,-2,1.5,0.1234064,1074.8,9.3,0.098549023
29,3631.3,-5,1.7,0.1053077,1074.8,9.3,0.098549023
34,3632.2,5,0.9,0.1234948,1074.8,9.3,0.098549023
35,3633.3,1,1.1,0.1271655,1074.8,9.2,0.098549023
32,3634.7,-3,1.4,0.1163104,1074.8,9.2,0.098549023
26,3636.3,-6,1.6,0.0945438,1074.8,9.2,0.098549023
35,3636.7,9,0.4,0.1272845,1074.8,9.2,0.098549023
33,3638,-2,1.3,0.120054,1074.9,9.2,0.098465151
38,3638.7,5,0.7,0.1382706,1074.9,9.2,0.098465151
29,3640.4,-9,1.7,0.1055716,1074.9,9.2,0.098465151
29,3641.5,0,1.1,0.1056035,1074.9,9.2,0.098465151
29,3642.4,0,0.9,0.1056296,1074.9,9.2,0.098465151
42,3642.5,13,0.1,0.152985,1074.9,9.2,0.098465151
30,3644.3,-12,1.8,0.109329,1074.9,9.2,0.098465151
37,3644.7,7,0.4,0.1348539,1074.9,9.2,0.098465151
35,3645.8,-2,1.1,0.127603,1074.9,9.2,0.098465151
31,3646.9,-4,1.1,0.1130539,1074.9,9.2,0.098465151
34,3647.6,3,0.7,0.1240184,1075,9.2,0.09838128
33,3648.5,-1,0.9,0.1204005,1075,9.2,0.09838128
28,3649.8,-5,1.3,0.1021944,1075,9.2,0.09838128
24,3650.9,-4,1.1,0.0876216,1075,9.2,0.09838128
34,3651,10,0.1,0.124134,1075,9.2,0.09838128
30,3652.1,-4,1.1,0.109563,1075,9.2,0.09838128
34,3652.6,4,0.5,0.1241884,1075,9.2,0.09838128
30,3653.6,-4,1,0.109608,1075,9.2,0.09838128
31,3654.3,1,0.7,0.1132833,1075,9.2,0.09838128
28,3655.3,-3,1,0.1023484,1075,9.2,0.09838128
30,3655.8,2,0.5,0.109674,1075,9.2,0.09838128
27,3656.8,-3,1,0.0987336,1075,9.2,0.09838128
33,3657,6,0.2,0.120681,1075.1,9.2,0.098297408
31,3657.9,-2,0.9,0.1133949,1075.1,9.2,0.098297408
41,3657.8,10,-0.1,0.1499698,1075.1,9.2,0.098297408
33,3659,-8,1.2,0.120747,1075.1,9.2,0.098297408
34,3659.6,1,0.6,0.1244264,1075.1,9.2,0.098297408
27,3660.8,-7,1.2,0.0988416,1075.1,9.2,0.098297408
34,3660.9,7,0.1,0.1244706,1075.1,9.2,0.098297408
35,3661.4,1,0.5,0.128149,1075.1,9.2,0.098297408
33,3662.2,-2,0.8,0.1208526,1075.1,9.2,0.098297408
32,3662.8,-1,0.6,0.1172096,1075.1,9.2,0.098297408
35,3663.2,3,0.4,0.128212,1075.1,9.2,0.098297408
32,3664,-3,0.8,0.117248,1075.2,9.2,0.098213537
28,3664.9,-4,0.9,0.1026172,1075.2,9.2,0.098213537
30,3665.3,2,0.4,0.109959,1075.2,9.2,0.098213537
33,3665.7,3,0.4,0.1209681,1075.2,9.2,0.098213537
37,3665.9,4,0.2,0.1356383,1075.2,9.2,0.098213537
35,3666.6,-2,0.7,0.128331,1075.2,9.2,0.098213537
33,3667.2,-2,0.6,0.1210176,1075.2,9.2,0.098213537
25,3668.4,-8,1.2,0.09171,1075.2,9.2,0.098213537
29,3668.6,4,0.2,0.1063894,1075.2,9.2,0.098213537
34,3668.7,5,0.1,0.1247358,1075.2,9.2,0.098213537
34,3669.2,0,0.5,0.1247528,1075.2,9.1,0.098213537
30,3670,-4,0.8,0.1101,1075.3,9.1,0.098129665
27,3670.7,-3,0.7,0.0991089,1075.3,9.1,0.098129665
28,3671.2,1,0.5,0.1027936,1075.3,9.1,0.098129665
30,3671.5,2,0.3,0.110145,1075.3,9.1,0.098129665
32,3671.8,2,0.3,0.1174976,1075.3,9.1,0.098129665
37,3671.9,5,0.1,0.1358603,1075.3,9.1,0.098129665
30,3672.8,-7,0.9,0.110184,1075.3,9.1,0.098129665
31,3673.2,1,0.4,0.1138692,1075.3,9.1,0.098129665
35,3673.3,4,0.1,0.1285655,1075.3,9.1,0.098129665
32,3674,-3,0.7,0.117568,1075.3,9.1,0.098129665
30,3674.6,-2,0.6,0.110238,1075.3,9.1,0.098129665
32,3674.8,2,0.2,0.1175936,1075.3,9.1,0.098129665
33,3675.2,1,0.4,0.1212816,1075.4,9.1,0.098045794
32,3675.7,-1,0.5,0.1176224,1075.4,9.1,0.098045794
36,3675.8,4,0.1,0.1323288,1075.4,9.1,0.098045794
30,3676.6,-6,0.8,0.110298,1075.4,9.1,0.098045794
32,3676.9,2,0.3,0.1176608,1075.4,9.1,0.098045794
32,3677.3,0,0.4,0.1176736,1075.4,9.1,0.098045794
31,3677.7,-1,0.4,0.1140087,1075.4,9.1,0.098045794
32,3678,1,0.3,0.117696,1075.4,9.1,0.098045794
32,3678.4,0,0.4,0.1177088,1075.4,9.1,0.098045794
32,3678.7,0,0.3,0.1177184,1075.4,9.1,0.098045794
32,3679.1,0,0.4,0.1177312,1075.4,9.1,0.098045794
35,3679.2,3,0.1,0.128772,1075.5,9.1,0.097961922
34,3679.7,-1,0.5,0.1251098,1075.5,9.1,0.097961922
1276,3587.4,1242,-92.3,4.5775224,1075.8,9.1,0.097710308
2533.9,3488.9,1257.9,-98.5,8.8405237,1076.5,9.1,0.097123207
2525,3480.6,-8.9,-8.3,8.788515,1077.2,9.1,0.096536107
2520.1,3473.3,-4.9,-7.3,8.7530633,1077.9,9.1,0.095949006
2522.1,3466.1,2,-7.2,8.7418508,1078.6,9.1,0.095361906
2530,3458.7,7.9,-7.4,8.750511,1079.3,9.1,0.094774805
2524.1,3452.6,-5.9,-6.1,8.7147077,1080,9.1,0.094187704
2531,3445.8,6.9,-6.8,8.7213198,1080.7,9.1,0.093600604
2534,3439.2,3,-6.6,8.7149328,1081.4,9.1,0.093013503
2528.1,3433.3,-5.9,-5.9,8.6797257,1082.1,9.1,0.092426403
2529,3427.2,0.9,-6.1,8.6673888,1082.8,9.1,0.091839302
2530.1,3420.8,1.1,-6.4,8.6549661,1083.5,9.1,0.091252202
2524,3415,-6.1,-5.8,8.61946,1084.2,9.1,0.090665101
2526,3408.7,2,-6.3,8.6103762,1084.9,9.1,0.090078001
1534.2,3483.1,-991.8,74.4,5.343772,1085.4,9.1,0.089658643
544.2,3562.5,-990,79.4,1.9387125,1085.5,9.1,0.089574771
-446.9,3644.2,-991.1,81.7,-1.628593,1085.4,9.1,0.089658643
-448.1,3650.8,-1.2,6.6,-1.6359235,1085.3,9.1,0.089742514
-449,3656,-0.9,5.2,-1.641544,1085.1,9.1,0.089910257
-449,3660.3,0,4.3,-1.6434747,1085,9.1,0.089994129
1653,3501.7,2102,-158.6,5.7883101,1085.5,9.1,0.089574771
1650,3495.3,-3,-6.4,5.767245,1085.9,9.1,0.089239285
1655,3490,5,-5.3,5.77595,1086.4,9.1,0.088819928
1649,3486.2,-6,-3.8,5.7487438,1086.9,9.1,0.08840057
1655,3481.8,6,-4.4,5.762379,1087.3,9.1,0.088065084
1655,3478.1,0,-3.7,5.7562555,1087.8,9.1,0.087645727
1655,3474.7,0,-3.4,5.7506285,1088.2,9.1,0.087310241
1646.1,3472,-8.9,-2.7,5.7152592,1088.7,9.1,0.086890883
1648,3468.6,1.9,-3.4,5.7162528,1089.2,9.1,0.086471526
1651,3465.1,3,-3.5,5.7208801,1089.6,9.1,0.08613604
1650.1,3462,-0.9,-3.1,5.7126462,1090.1,9.1,0.085716682
1658,3458.2,7.9,-3.8,5.7336956,1090.5,9.1,0.085381196
1652,3455.5,-6,-2.7,5.708486,1091,9.1,0.084961838
1650,3452.5,-2,-3,5.696625,1091.4,9.1,0.084626352
1651,3449.3,1,-3.2,5.6947943,1091.9,9.1,0.084206995
1651,3446.2,0,-3.1,5.6896762,1092.4,9.1,0.083787637
1652,3443.1,1,-3.1,5.6880012,1092.8,9.1,0.083452151
1651.1,3440,-0.9,-3.1,5.679784,1093.3,9.1,0.083032794
1654,3436.6,2.9,-3.4,5.6841364,1093.7,9.1,0.082697308
-163,3586.1,-1817,149.5,-0.5845343,1093.7,9.1,0.082697308
-164.1,3593.7,-1.1,7.6,-0.58972617,1093.7,9.1,0.082697308
-166,3599.1,-1.9,5.4,-0.5974506,1093.6,9.1,0.082781179
-170,3603.7,-4,4.6,-0.612629,1093.6,9.1,0.082781179
-162,3606.8,8,3.1,-0.5843016,1093.5,9.1,0.082865051
-162,3610,0,3.2,-0.58482,1093.5,9.1,0.082865051
-165,3613.1,-3,3.1,-0.5961615,1093.4,9.1,0.082948922
-162.1,3615.5,2.9,2.4,-0.58607255,1093.4,9.1,0.082948922
-166.1,3618.4,-4,2.9,-0.60101624,1093.3,9.1,0.083032794
-161,3620.3,5.1,1.9,-0.5828683,1093.3,9.1,0.083032794
21,3608.2,182,-12.1,0.0757722,1093.3,9.1,0.083032794
212.9,3594.5,191.9,-13.7,0.76526905,1093.4,9.1,0.082948922
398.2,3580.5,185.3,-14,1.4257551,1093.5,9.1,0.082865051
591,3565.1,192.8,-15.4,2.1069741,1093.6,9.1,0.082781179
781.1,3549.1,190.1,-16,2.772202,1093.8,9.1,0.082613436
962.1,3533.1,181,-16,3.3991955,1094.1,9.1,0.082361822
961.1,3531,-1,-2.1,3.3936441,1094.4,9.1,0.082110207
964.9,3528.8,3.8,-2.2,3.4049391,1094.6,9.1,0.081942464
966.1,3526.9,1.2,-1.9,3.4073381,1094.9,9.1,0.08169085
968.1,3525.2,2,-1.7,3.4127461,1095.2,9.1,0.081439235
947.1,3525.4,-21,0.2,3.3389063,1095.4,9.1,0.081271492
948.1,3523.9,1,-1.5,3.3410096,1095.7,9.1,0.081019878
948.1,3522.6,0,-1.3,3.3397771,1096,9.1,0.080768263
953,3521,4.9,-1.6,3.355513,1096.2,9.1,0.08060052
951.1,3519.9,-1.9,-1.1,3.3477769,1096.5,9.1,0.080348905
950.1,3518.8,-1,-1.1,3.3432119,1096.8,9.1,0.080097291
953,3517.4,2.9,-1.4,3.3520822,1097,9.1,0.079929548
948.2,3516.6,-4.8,-0.8,3.3344401,1097.3,9.1,0.079677933
441.2,3556.6,-507,40,1.5691719,1097.4,9.1,0.079594062
438,3558.5,-3.2,1.9,1.558623,1097.5,9.1,0.07951019
443.1,3559.3,5.1,0.8,1.5771258,1097.7,9.1,0.079342447
436.1,3560.7,-7,1.4,1.5528213,1097.8,9.1,0.079258576
438,3561.3,1.9,0.6,1.5598494,1097.9,9.1,0.079174704
443,3561.6,5,0.3,1.5777888,1098,9.1,0.079090833
435.1,3562.7,-7.9,1.1,1.5501308,1098.1,9.1,0.079006961
431,3563.6,-4.1,0.9,1.5359116,1098.3,9.2,0.078839218
416,3565.3,-15,1.7,1.4831648,1098.4,9.2,0.078755347
412.1,3566.2,-3.9,0.9,1.469631,1098.5,9.2,0.078671475
419,3566.1,6.9,-0.1,1.4941959,1098.6,9.2,0.078587604
410,3567.2,-9,1.1,1.462552,1098.7,9.2,0.078503732
416.1,3567.2,6.1,0,1.4843119,1098.8,9.2,0.078419861
413.1,3567.8,-3,0.6,1.4738582,1099,9.2,0.078252118
385,3570.4,-28.1,2.6,1.374604,1099.1,9.2,0.078168246
337.1,3574.7,-47.9,4.3,1.2050314,1099.2,9.2,0.078084375
305.1,3578,-32,3.3,1.0916478,1099.2,9.2,0.078084375
269.1,3581.6,-36,3.6,0.96380856,1099.3,9.2,0.078000503
227.1,3585.8,-42,4.2,0.81433518,1099.4,9.2,0.077916632
185.1,3590.1,-42,4.3,0.66452751,1099.4,9.2,0.077916632
191,3590.7,5.9,0.6,0.6858237,1099.5,9.2,0.07783276
195.1,3591.3,4.1,0.6,0.70066263,1099.5,9.2,0.07783276
198.1,3592,3,0.7,0.7115752,1099.6,9.2,0.077748889
188,3593.5,-10.1,1.5,0.675578,1099.6,9.2,0.077748889
187.1,3594.5,-0.9,1,0.67253095,1099.7,9.2,0.077665017
191.1,3594.9,4,0.4,0.68698539,1099.8,9.2,0.077581146
199,3595,7.9,0.1,0.715405,1099.8,9.2,0.077581146
184.1,3596.9,-14.9,1.9,0.66218929,1099.9,9.1,0.077497274
123.1,3602.4,-61,5.5,0.44345544,1099.9,9.1,0.077497274
122.1,3603.5,-1,1.1,0.43998735,1099.9,9.1,0.077497274
123.1,3604.3,1,0.8,0.44368933,1100,9.1,0.077413403
124.1,3605.1,1,0.8,0.44739291,1100,9.1,0.077413403
125.1,3605.8,1,0.7,0.45108558,1100,9.1,0.077413403
128,3606.4,2.9,0.6,0.4616192,1100.1,9.1,0.077329531
125.1,3607.3,-2.9,0.9,0.45127323,1100.1,9.1,0.077329531
127.1,3607.9,2,0.6,0.45856409,1100.1,9.1,0.077329531
126.1,3608.6,-1,0.7,0.45504446,1100.2,9.1,0.07724566
123.1,3609.5,-3,0.9,0.44432945,1100.2,9.1,0.07724566
126,3610,2.9,0.5,0.45486,1100.2,9.1,0.07724566
124.1,3610.8,-1.9,0.8,0.44810028,1100.3,9.1,0.077161788
124.1,3611.4,0,0.6,0.44817474,1100.3,9.1,0.077161788
117.1,3612.6,-7,1.2,0.42303546,1100.3,9.1,0.077161788
933.1,3549.2,816,-63.4,3.3117585,1100.6,9.1,0.076910174
932.1,3546,-1,-3.2,3.3052266,1100.9,9.1,0.076658559
931.1,3543.4,-1,-2.6,3.2992597,1101.1,9.1,0.076490816
929.1,3541.4,-2,-2,3.2903147,1101.4,9.1,0.076239202
926,3539.5,-3.1,-1.9,3.277577,1101.6,9.1,0.076071459
938.1,3536.6,12.1,-2.9,3.3176845,1101.9,9.1,0.075819844
932.1,3535.2,-6,-1.4,3.2951599,1102.2,9.1,0.075568229
938.1,3533,6,-2.2,3.3143073,1102.4,9.1,0.075400486
938,3531.2,-0.1,-1.8,3.3122656,1102.7,9.1,0.075148872
932.1,3530.1,-5.9,-1.1,3.2904062,1102.9,9.1,0.074981129
930.1,3528.7,-2,-1.4,3.2820439,1103.2,9.1,0.074729514
933.1,3526.9,3,-1.8,3.2909504,1103.5,9.1,0.0744779
936.1,3525.1,3,-1.8,3.2998461,1103.7,9.1,0.074310157
936.1,3523.6,0,-1.5,3.298442,1104,9.1,0.074058542
806.1,3532.7,-130,9.1,2.8477095,1104.2,9.1,0.073890799
672.1,3542.9,-134,10.2,2.3811831,1104.4,9.1,0.073723056
548.1,3552.8,-124,9.9,1.9472897,1104.5,9.1,0.073639185
415.1,3563.9,-133,11.1,1.4793749,1104.6,9.1,0.073555313
417.1,3564.6,2,0.7,1.4867947,1104.8,9.1,0.07338757
413.1,3565.5,-4,0.9,1.4729081,1104.9,9.1,0.073303699
414.1,3565.9,1,0.4,1.4766392,1105,9.1,0.073219827
413.1,3566.3,-1,0.4,1.4732385,1105.1,9.1,0.073135956
418.1,3566.2,5,-0.1,1.4910282,1105.2,9.1,0.073052084
189,3584.9,-229.1,18.7,0.6775461,1105.3,9.1,0.072968213
-31,3604,-220,19.1,-0.111724,1105.3,9.1,0.072968213
-253,3623.8,-222,19.8,-0.9168214,1105.2,9.1,0.073052084
-472.9,3644,-219.9,20.2,-1.7232476,1105.1,9.1,0.073135956
-696,3664.8,-223.1,20.8,-2.5507008,1104.9,9.1,0.073303699
-923,3686.3,-227,21.5,-3.4024549,1104.6,9.1,0.073555313
-917,3690.2,6,3.9,-3.3839134,1104.4,9.1,0.073723056
-914,3693.8,3,3.6,-3.3761332,1104.1,9.1,0.073974671
-920,3697.8,-6,4,-3.401976,1103.9,9.1,0.074142414
-917.1,3701,2.9,3.2,-3.3941871,1103.6,9.1,0.074394028
-921,3704.4,-3.9,3.4,-3.4117524,1103.3,9.1,0.074645643
-921.9,3707.5,-0.9,3.1,-3.4179443,1103.1,9.1,0.074813386
-753,3697.5,168.9,-10,-2.7842175,1102.9,9.1,0.074981129
-600.1,3688,152.9,-9.5,-2.2131688,1102.7,9.1,0.075148872
-438,3677.2,162.1,-10.8,-1.6106136,1102.6,9.1,0.075232743
-282,3666.2,156,-11,-1.0338684,1102.5,9.1,0.075316615
-122.2,3654.5,159.8,-11.7,-0.4465799,1102.5,9.1,0.075316615
-116.1,3654.1,6.1,-0.4,-0.42424101,1102.4,9.1,0.075400486
-121.1,3654.8,-5,0.7,-0.44259628,1102.4,9.1,0.075400486
-116.1,3654.8,5,0,-0.42432228,1102.4,9.1,0.075400486
-122,3655.7,-5.9,0.9,-0.4459954,1102.3,9.1,0.075484358
-120.1,3656.1,1.9,0.4,-0.43909761,1102.3,9.1,0.075484358
-122.1,3656.8,-2,0.7,-0.44649528,1102.3,9.1,0.075484358
-122,3657.3,0.1,0.5,-0.4461906,1102.2,9.1,0.075568229
-120.1,3657.7,1.9,0.4,-0.43928977,1102.2,9.1,0.075568229
-121,3658.4,-0.9,0.7,-0.4426664,1102.2,9.1,0.075568229
-127,3659.4,-6,1,-0.4647438,1102.1,9.1,0.075652101
-124,3659.8,3,0.4,-0.4538152,1102.1,9.1,0.075652101
-129,3660.8,-5,1,-0.4722432,1102.1,9.1,0.075652101
-137.1,3662,-8.1,1.2,-0.5020602,1102,9,0.075735972
-132.1,3662.3,5,0.3,-0.48378983,1102,9,0.075735972
-132,3662.9,0.1,0.6,-0.4835028,1102,9,0.075735972
-130,3663.4,2,0.5,-0.476242,1101.9,9,0.075819844
-131,3664.1,-1,0.7,-0.4799971,1101.9,9,0.075819844
-132.1,3664.8,-1.1,0.7,-0.48412008,1101.9,9,0.075819844
-127,3665,5.1,0.2,-0.465455,1101.8,9,0.075903716
-135.1,3666.1,-8.1,1.1,-0.49529011,1101.8,9,0.075903716
-131,3666.4,4.1,0.3,-0.4802984,1101.7,9,0.075987587
1959.9,3505.6,2090.9,-160.8,6.8706254,1102.3,9,0.075484358
1968.9,3496.1,9,-9.5,6.8834713,1102.8,9,0.075065
1963,3489.4,-5.9,-6.7,6.8496922,1103.4,9,0.074561771
1963,3482.8,0,-6.6,6.8367364,1103.9,9,0.074142414
1963.1,3476.6,0.1,-6.2,6.8249135,1104.5,9,0.073639185
1964,3470.7,0.9,-5.9,6.8164548,1105,9,0.073219827
1967,3464.6,3,-6.1,6.8148682,1105.6,9,0.072716598
1962.1,3459.4,-4.9,-5.2,6.7876887,1106.1,9,0.072297241
1963,3453.8,0.9,-5.6,6.7798094,1106.7,9,0.071794012
1969,3447.9,6,-5.9,6.7889151,1107.2,9,0.071374654
1966,3442.7,-3,-5.2,6.7683482,1107.7,9,0.070955296
1965.1,3437.3,-0.9,-5.4,6.7546382,1108.3,9,0.070452067
1963,3432.2,-2.1,-5.1,6.7374086,1108.8,9,0.07003271
1965.1,3426.6,2.1,-5.6,6.7336117,1109.4,9,0.069529481
1964,3421.2,-1.1,-5.4,6.7192368,1109.9,9,0.069110123
1963,3415.9,-1,-5.3,6.7054117,1110.5,9,0.068606894
1965.1,3410.4,2.1,-5.5,6.701777,1111,9,0.068187537
1965,3405,-0.1,-5.4,6.690825,1111.6,9,0.067684308
1325.2,3455.1,-639.8,50.1,4.5786985,1111.9,9,0.067432693
687.1,3509.3,-638.1,54.2,2.41124,1112.1,9,0.06726495
36,3566.5,-651.1,57.2,0.128394,1112.1,9,0.06726495
41,3571,5,4.5,0.146411,1112.1,9,0.06726495
35,3575.2,-6,4.2,0.125132,1112.2,9,0.067181079
44,3577.3,9,2.1,0.1574012,1112.2,9,0.067181079
32,3580.7,-12,3.4,0.1145824,1112.2,9,0.067181079
-112.1,3594.8,-144.1,14.1,-0.40297708,1112.1,9,0.06726495
-259,3609.3,-146.9,14.5,-0.9348087,1112.1,9,0.06726495
-405,3624.1,-146,14.8,-1.4677605,1112,9,0.067348822
-551,3639,-146,14.9,-2.005089,1111.8,9,0.067516565
-548,3642.5,3,3.5,-1.99609,1111.7,9,0.067600436
-547.1,3645.6,0.9,3.1,-1.9945078,1111.5,9,0.067768179
-550.9,3648.9,-3.8,3.3,-2.010179,1111.3,9,0.067935922
-554,3651.9,-3.1,3,-2.0231526,1111.2,9,0.068019794
-555.9,3654.8,-1.9,2.9,-2.0317033,1111,9,0.068187537
-551.1,3656.9,4.8,2.1,-2.0153176,1110.9,9,0.068271408
-555,3659.6,-3.9,2.7,-2.031078,1110.7,9,0.068439151
-551.9,3661.7,3.1,2.1,-2.0208922,1110.6,9,0.068523023
-547.1,3663.5,4.8,1.8,-2.0043008,1110.4,9,0.068690766
-554.9,3666.3,-7.8,2.8,-2.0344299,1110.3,9,0.068774637
953,3550.1,1507.9,-116.2,3.3832453,1110.5,9,0.068606894
955.2,3544.9,2.2,-5.2,3.3860885,1110.8,9,0.06835528
959,3540.9,3.8,-4,3.3957231,1111.1,9,0.068103665
956.1,3537.9,-2.9,-3,3.3825862,1111.3,9,0.067935922
956.1,3535,0,-2.9,3.3798135,1111.6,9,0.067684308
852.1,3540.8,-104,5.8,3.0171157,1111.8,9,0.067516565
756.2,3546.6,-95.9,5.8,2.6819389,1112,9,0.067348822
651.1,3553.8,-105.1,7.2,2.3138792,1112.2,9,0.067181079
551.1,3561,-100,7.2,1.9624671,1112.4,9,0.067013336
454,3568.4,-97.1,7.4,1.6200536,1112.5,9,0.066929464
349.1,3576.8,-104.9,8.4,1.2486609,1112.6,9,0.066845593
353,3576.9,3.9,0.1,1.2626457,1112.7,9,0.066761721
353.1,3577,0.1,0.1,1.2630387,1112.8,9,0.06667785
353.1,3577.1,0,0.1,1.263074,1112.9,9,0.066593978
352.1,3577.3,-1,0.2,1.2595673,1113,9,0.066510107
351.1,3577.4,-1,0.1,1.2560251,1113.1,9,0.066426235
388.1,3574.4,37,-3,1.3872246,1113.2,9,0.066342363
421.1,3571.5,33,-2.9,1.5039586,1113.3,9,0.066258492
461.1,3568,40,-3.5,1.6452048,1113.4,9,0.06617462
497.1,3564.6,36,-3.4,1.7719627,1113.6,9,0.066006877
524,3561.8,26.9,-2.8,1.8663832,1113.7,9,0.065923006
565.1,3557.7,41.1,-4.1,2.0104563,1113.9,9,0.065755263
564,3557,-1.1,-0.7,2.006148,1114,9,0.065671391
563.1,3556.3,-0.9,-0.7,2.0025525,1114.2,9,0.065503648
565,3555.3,1.9,-1,2.0087445,1114.4,9,0.065335905
567.1,3554.4,2.1,-0.9,2.0157002,1114.5,9,0.065252034
572.1,3553.4,5,-1,2.0329001,1114.7,9,0.065084291
562,3553.4,-10.1,0,1.9970108,1114.8,9,0.065000419
565.1,3552.5,3.1,-0.9,2.0075178,1115,9,0.064832676
563.1,3552,-2,-0.5,2.0001312,1115.1,9,0.064748805
562.1,3551.5,-1,-0.5,1.9962982,1115.3,9,0.064581062
564,3550.7,1.9,-0.8,2.0025948,1115.5,9,0.064413319
764,3533.7,200,-17,2.6997468,1115.7,9,0.064245576
955,3516.2,191,-17.5,3.357971,1115.9,9,0.064077833
1164.1,3496.4,209.1,-19.8,4.0701592,1116.3,9,0.063742347
1356,3476.8,191.9,-19.6,4.7145408,1116.6,9,0.063490732
1547,3456.3,191,-20.5,5.3468961,1117.1,9,0.063071375
1751.9,3433.6,204.9,-22.7,6.0153238,1117.6,9,0.062652017
1950.9,3410.3,199,-23.3,6.6531543,1118.1,9,0.06223266
1953,3402.6,2.1,-7.7,6.6452778,1118.6,9,0.061813302
1677,3419.7,-276,17.1,5.7348369,1119.1,9,0.061393944
1398.2,3439.5,-278.8,19.8,4.8091089,1119.5,9,0.061058458
1118.1,3461.4,-280.1,21.9,3.8701913,1119.8,9,0.060806844
845.2,3484.3,-272.9,22.9,2.9449304,1120,9,0.060639101
568.1,3508.7,-277.1,24.4,1.9932925,1120.2,9,0.060471358
290.2,3534.1,-277.9,25.4,1.0255958,1120.3,9,0.060387486
11,3560.3,-279.2,26.2,0.0391633,1120.3,9,0.060387486
13,3563.5,2,3.2,0.0463255,1120.3,9,0.060387486
8,3566.6,-5,3.1,0.0285328,1120.3,9,0.060387486
17,3568.2,9,1.6,0.0606594,1120.3,9,0.060387486
11,3570.6,-6,2.4,0.0392766,1120.3,9,0.060387486
13,3572.3,2,1.7,0.0464399,1120.3,9,0.060387486
15,3573.8,2,1.5,0.053607,1120.3,9,0.060387486
11,3575.6,-4,1.8,0.0393316,1120.3,9,0.060387486
8,3577.3,-3,1.7,0.0286184,1120.3,9,0.060387486
15,3578.1,7,0.8,0.0536715,1120.3,9,0.060387486
11,3579.7,-4,1.6,0.0393767,1120.3,9,0.060387486
9,3581.1,-2,1.4,0.0322299,1120.3,9,0.060387486
10,3582.1,1,1,0.035821,1120.3,9,0.060387486
13,3583,3,0.9,0.046579,1120.3,9,0.060387486
16,3583.9,3,0.9,0.0573424,1120.3,9,0.060387486
8,3585.5,-8,1.6,0.028684,1120.3,9,0.060387486
11,3586.3,3,0.8,0.0394493,1120.3,9,0.060387486
12,3587.1,1,0.8,0.0430452,1120.3,9,0.060387486
21,3587.4,9,0.3,0.0753354,1120.3,9,0.060387486
13,3588.8,-8,1.4,0.0466544,1120.3,9,0.060387486
11,3589.9,-2,1.1,0.0394889,1120.3,9,0.060387486
14,3590.5,3,0.6,0.050267,1120.3,9,0.060387486
13,3591.4,-1,0.9,0.0466882,1120.4,9,0.060303615
16,3592,3,0.6,0.057472,1120.4,9,0.060303615
15,3592.8,-1,0.8,0.053892,1120.4,9,0.060303615
15,3593.5,0,0.7,0.0539025,1120.4,9,0.060303615
14,3594.4,-1,0.9,0.0503216,1120.4,9,0.060303615
12,3595.2,-2,0.8,0.0431424,1120.4,9,0.060303615
10,3596.1,-2,0.9,0.035961,1120.4,9,0.060303615
13,3596.6,3,0.5,0.0467558,1120.4,9,0.060303615
16,3597.1,3,0.5,0.0575536,1120.4,9,0.060303615
10,3598.1,-6,1,0.035981,1120.4,9,0.060303615
16,3598.4,6,0.3,0.0575744,1120.4,9,0.060303615
20,3598.6,4,0.2,0.071972,1120.4,9,0.060303615
14,3599.8,-6,1.2,0.0503972,1120.4,9,0.060303615
9,3600.7,-5,0.9,0.0324063,1120.4,9,0.060303615
11,3601.2,2,0.5,0.0396132,1120.4,9,0.060303615
20,3601.1,9,-0.1,0.072022,1120.4,9,0.060303615
7,3602.7,-13,1.6,0.0252189,1120.4,9,0.060303615
18,3602.4,11,-0.3,0.0648432,1120.4,9,0.060303615
16,3603.1,-2,0.7,0.0576496,1120.4,9,0.060303615
11,3604,-5,0.9,0.039644,1120.4,9,0.060303615
17,3604.1,6,0.1,0.0612697,1120.4,9,0.060303615
15,3604.8,-2,0.7,0.054072,1120.4,9,0.060303615
7,3606,-8,1.2,0.025242,1120.4,9,0.060303615
7,3606.5,0,0.5,0.0252455,1120.4,9,0.060303615
17,3606.2,10,-0.3,0.0613054,1120.4,9,0.060303615
11,3607.2,-6,1,0.0396792,1120.4,9,0.060303615
16,3607.3,5,0.1,0.0577168,1120.5,9,0.060219743
10,3608.2,-6,0.9,0.036082,1120.5,9,0.060219743
10,3608.7,0,0.5,0.036087,1120.5,9,0.060219743
11,3609.2,1,0.5,0.0397012,1120.5,9,0.060219743
12,3609.5,1,0.3,0.043314,1120.5,9,0.060219743
10,3610.2,-2,0.7,0.036102,1120.5,9,0.060219743
16,3610.1,6,-0.1,0.0577616,1120.5,9,0.060219743
18,3610.4,2,0.3,0.0649872,1120.5,9,0.060219743
13,3611.2,-5,0.8,0.0469456,1120.5,9,0.060219743
13,3611.6,0,0.4,0.0469508,1120.5,9,0.060219743
19,3611.6,6,0,0.0686204,1120.5,9,0.060219743
14,3612.4,-5,0.8,0.0505736,1120.5,8.9,0.060219743
6,3613.4,-8,1,0.0216804,1120.5,8.9,0.060219743
12,3613.4,6,0,0.0433608,1120.5,8.9,0.060219743
15,3613.6,3,0.2,0.054204,1120.5,8.9,0.060219743
14,3614,-1,0.4,0.050596,1120.5,8.9,0.060219743
5,3615.1,-9,1.1,0.0180755,1120.5,8.9,0.060219743
7,3615.4,2,0.3,0.0253078,1120.5,8.9,0.060219743
14,3615.2,7,-0.2,0.0506128,1120.5,8.9,0.060219743
10,3615.9,-4,0.7,0.036159,1120.5,8.9,0.060219743
13,3616.1,3,0.2,0.0470093,1120.5,8.9,0.060219743
8,3616.8,-5,0.7,0.0289344,1120.5,8.9,0.060219743
12,3616.9,4,0.1,0.0434028,1120.5,8.9,0.060219743
8,3617.6,-4,0.7,0.0289408,1120.5,8.9,0.060219743
13,3617.5,5,-0.1,0.0470275,1120.5,8.9,0.060219743
18,3617.5,5,0,0.065115,1120.5,8.9,0.060219743
12,3618.3,-6,0.8,0.0434196,1120.5,8.9,0.060219743
13,3618.5,1,0.2,0.0470405,1120.5,8.9,0.060219743
9,3619.2,-4,0.7,0.0325728,1120.5,8.9,0.060219743
12,3619.3,3,0.1,0.0434316,1120.5,8.9,0.060219743
7,3620,-5,0.7,0.02534,1120.5,8.9,0.060219743
12,3620,5,0,0.04344,1120.6,8.9,0.060135872
14,3620.1,2,0.1,0.0506814,1120.6,8.9,0.060135872
8,3620.9,-6,0.8,0.0289672,1120.6,8.9,0.060135872
9,3621.2,1,0.3,0.0325908,1120.6,8.9,0.060135872
11,3621.4,2,0.2,0.0398354,1120.6,8.9,0.060135872
13,3621.5,2,0.1,0.0470795,1120.6,8.9,0.060135872
16,3621.6,3,0.1,0.0579456,1120.6,8.9,0.060135872
10,3622.3,-6,0.7,0.036223,1120.6,8.9,0.060135872
14,3622.3,4,0,0.0507122,1120.6,8.9,0.060135872
12,3622.7,-2,0.4,0.0434724,1120.6,8.9,0.060135872
18,3622.6,6,-0.1,0.0652068,1120.6,8.9,0.060135872
13,3623.2,-5,0.6,0.0471016,1120.6,8.9,0.060135872
301.1,3600.4,288.1,-22.8,1.0840804,1120.7,8.9,0.060052
588.1,3576.1,287,-24.3,2.1031044,1120.8,8.9,0.059968129
879,3550.3,290.9,-25.8,3.1207137,1121.1,8.9,0.059716514
1167,3523.6,288,-26.7,4.1120412,1121.4,8.9,0.0594649
1458,3495.5,291,-28.1,5.096439,1121.8,8.9,0.059129414
1739.9,3466.8,281.9,-28.7,6.0318853,1122.3,8.9,0.058710056
1739.1,3460.3,-0.8,-6.5,6.0178077,1122.8,8.9,0.058290699
1731,3454.8,-8.1,-5.5,5.9802588,1123.3,8.9,0.057871341
1743.1,3448,12.1,-6.8,6.0102088,1123.7,8.9,0.057535855
1739,3442.8,-4.1,-5.2,5.9870292,1124.2,8.9,0.057116498
1250.1,3478.8,-488.9,36,4.3488479,1124.6,8.9,0.056781011
763.2,3517.8,-486.9,39,2.684785,1124.8,8.9,0.056613268
761,3518.2,-2.2,0.4,2.6773502,1125,8.9,0.056445525
762.1,3517.6,1.1,-0.6,2.680763,1125.2,8.9,0.056277782
763,3516.8,0.9,-0.8,2.6833184,1125.4,8.9,0.056110039
768.1,3515.4,5.1,-1.4,2.7001787,1125.6,8.9,0.055942296
768.1,3514.4,0,-1,2.6994106,1125.8,8.9,0.055774553
760,3514,-8.1,-0.4,2.67064,1126.1,8.9,0.055522939
764.1,3512.4,4.1,-1.6,2.6838248,1126.3,8.9,0.055355196
763.1,3511.3,-1,-1.1,2.679473,1126.5,8.9,0.055187453
770,3509.5,6.9,-1.8,2.702315,1126.7,8.9,0.05501971
760.1,3509.1,-9.9,-0.4,2.6672669,1126.9,8.9,0.054851967
714.1,3511.8,-46,2.7,2.5077764,1127.1,8.9,0.054684224
661.1,3515.4,-53,3.6,2.3240309,1127.3,8.9,0.054516481
603.1,3519.7,-58,4.3,2.1227311,1127.5,8.9,0.054348738
547,3524.1,-56.1,4.4,1.9276827,1127.6,8.9,0.054264866
497.1,3528.1,-49.9,4,1.7538185,1127.7,8.9,0.054180995
435.1,3533.4,-62,5.3,1.5373823,1127.9,8.9,0.054013252
386,3537.7,-49.1,4.3,1.3655522,1128,8.9,0.05392938
387.1,3538,1.1,0.3,1.3695598,1128.1,8.9,0.053845509
383.1,3538.5,-4,0.5,1.3555993,1128.2,8.9,0.053761637
389.1,3538.1,6,-0.4,1.3766747,1128.3,8.9,0.053677766
382.2,3538.7,-6.9,0.6,1.3524911,1128.4,8.9,0.053593894
384.1,3538.6,1.9,-0.1,1.3591763,1128.5,8.9,0.053510023
386.1,3538.4,2,-0.2,1.3661762,1128.6,8.9,0.053426151
-527.8,3615.4,-913.9,77,-1.9082081,1128.5,8.9,0.053510023
-530,3620.3,-2.2,4.9,-1.918759,1128.3,8.9,0.053677766
-530.9,3624,-0.9,3.7,-1.9239816,1128.2,8.9,0.053761637
-529,3627,1.9,3,-1.918683,1128,8.9,0.05392938
-537.1,3630.5,-8.1,3.5,-1.9499416,1127.9,8.9,0.054013252
-535.9,3633.1,1.2,2.6,-1.9469783,1127.7,8.9,0.054180995
-530,3635.2,5.9,2.1,-1.926656,1127.6,8.9,0.054264866
-529,3637.4,1,2.2,-1.9241846,1127.4,8.9,0.054432609
-534.1,3640.1,-5.1,2.7,-1.9441774,1127.3,8.9,0.054516481
-531.9,3642.1,2.2,2,-1.937233,1127.1,8.9,0.054684224
-528,3643.8,3.9,1.7,-1.9239264,1127,8.9,0.054768095
-532.1,3646.1,-4.1,2.3,-1.9400898,1126.8,8.9,0.054935838
-531,3648,1.1,1.9,-1.937088,1126.7,8.9,0.05501971
-531,3649.9,0,1.9,-1.9380969,1126.6,8.9,0.055103581
-530.2,3651.7,0.8,1.8,-1.9361313,1126.4,8.9,0.055271324
-533.1,3653.7,-2.9,2,-1.9477875,1126.3,8.9,0.055355196
-532.9,3655.4,0.2,1.7,-1.9479627,1126.1,8.9,0.055522939
-528,3656.8,4.9,1.4,-1.9307904,1126,8.9,0.05560681
-532,3658.7,-4,1.9,-1.9464284,1125.8,8.9,0.055774553
-531.1,3660.3,0.9,1.6,-1.9439853,1125.7,8.9,0.055858425
-195,3634.8,336.1,-25.5,-0.708786,1125.6,8.9,0.055942296
141,3607.5,336,-27.3,0.5086575,1125.7,8.9,0.055858425
477,3579,336,-28.5,1.707183,1125.8,8.8,0.055774553
482.1,3576.2,5.1,-2.8,1.724086,1125.9,8.8,0.055690682
480.1,3574.3,-2,-1.9,1.7160214,1126.1,8.8,0.055522939
477.2,3572.9,-2.9,-1.4,1.7049879,1126.2,8.8,0.055439067
475.1,3571.5,-2.1,-1.4,1.6968197,1126.3,8.8,0.055355196
479.1,3569.8,4,-1.7,1.7102912,1126.4,8.8,0.055271324
482,3568.3,2.9,-1.5,1.7199206,1126.6,8.8,0.055103581
476.1,3567.5,-5.9,-0.8,1.6984868,1126.7,8.8,0.05501971
484.1,3565.7,8,-1.8,1.7261554,1126.8,8.8,0.054935838
481.1,3564.8,-3,-0.9,1.7150253,1127,8.8,0.054768095
295.1,3579.1,-186,14.3,1.0561924,1127.1,8.8,0.054684224
113.3,3594,-181.8,14.9,0.4072002,1127.1,8.8,0.054684224
110.1,3594.8,-3.2,0.8,0.39578748,1127.1,8.8,0.054684224
111.2,3595.2,1.1,0.4,0.39978624,1127.2,8.8,0.054600352
113.1,3595.4,1.9,0.2,0.40663974,1127.2,8.8,0.054600352
108.1,3596,-5,0.6,0.3887276,1127.2,8.8,0.054600352
107.2,3596.3,-0.9,0.3,0.38552336,1127.2,8.8,0.054600352
106.1,3596.6,-1.1,0.3,0.38159926,1127.3,8.8,0.054516481
110.1,3596.5,4,-0.1,0.39597465,1127.3,8.8,0.054516481
109,3596.7,-1.1,0.2,0.3920403,1127.3,8.8,0.054516481
100,3597.6,-9,0.9,0.35976,1127.4,8.8,0.054432609
109.2,3597.1,9.2,-0.5,0.39280332,1127.4,8.8,0.054432609
105.1,3597.6,-4.1,0.5,0.37810776,1127.4,8.8,0.054432609
109.2,3597.4,4.1,-0.2,0.39283608,1127.5,8.8,0.054348738
110,3597.4,0.8,0,0.395714,1127.5,8.8,0.054348738
115.1,3597.1,5.1,-0.3,0.41402621,1127.5,8.8,0.054348738
107.1,3597.8,-8,0.7,0.38532438,1127.5,8.8,0.054348738
109,3597.8,1.9,0,0.3921602,1127.6,8.8,0.054264866
107.2,3598.1,-1.8,0.3,0.38571632,1127.6,8.8,0.054264866
102.1,3598.6,-5.1,0.5,0.36741706,1127.6,8.8,0.054264866
46,3603.3,-56.1,4.7,0.1657518,1127.6,8.8,0.054264866
-11,3608.6,-57,5.3,-0.0396946,1127.6,8.8,0.054264866
-70,3614,-59,5.4,-0.25298,1127.6,8.8,0.054264866
-76,3615.3,-6,1.3,-0.2747628,1127.6,8.8,0.054264866
-67,3615.3,9,0,-0.2422251,1127.6,8.8,0.054264866
-68,3616,-1,0.7,-0.245888,1127.6,8.8,0.054264866
-75,3617.2,-7,1.2,-0.27129,1127.5,8.8,0.054348738
-63,3616.8,12,-0.4,-0.2278584,1127.5,8.8,0.054348738
-71,3618,-8,1.2,-0.256878,1127.5,8.8,0.054348738
146,3600.6,217,-17.4,0.5256876,1127.6,8.8,0.054264866
361.1,3582.5,215.1,-18.1,1.2936408,1127.7,8.8,0.054180995
579,3563,217.9,-19.5,2.062977,1127.8,8.8,0.054097123
793,3543.2,214,-19.8,2.8097576,1128,8.8,0.05392938
1008.2,3522.3,215.2,-20.9,3.5511829,1128.3,8.8,0.053677766
1010,3518.4,1.8,-3.9,3.553584,1128.6,8.8,0.053426151
1010,3515,0,-3.4,3.55015,1128.9,8.8,0.053174537
1010.1,3511.9,0.1,-3.1,3.5473702,1129.2,8.8,0.052922922
1006,3509.2,-4.1,-2.7,3.5302552,1129.4,8.8,0.052755179
1009.1,3506.2,3.1,-3,3.5381064,1129.7,8.8,0.052503565
1011.1,3503.2,2,-3,3.5420855,1130,8.8,0.05225195
1008.1,3500.8,-3,-2.4,3.5291565,1130.3,8.8,0.052000335
992.1,3499.5,-16,-1.3,3.4718539,1130.6,8.8,0.051748721
966.1,3499.2,-26,-0.3,3.3805771,1130.8,8.8,0.051580978
944.1,3498.8,-22,-0.4,3.3032171,1131.1,8.8,0.051329363
931.2,3497.8,-12.9,-1,3.2571514,1131.3,8.8,0.05116162
905,3497.9,-26.2,0.1,3.1655995,1131.6,8.8,0.050910006
883.1,3497.8,-21.9,-0.1,3.0889072,1131.8,8.8,0.050742263
870.1,3497.1,-13,-0.7,3.0428267,1132.1,8.8,0.050490648
865,3495.7,-5.1,-1.4,3.0237805,1132.3,8.8,0.050322905
867.1,3493.8,2.1,-1.9,3.029474,1132.6,8.8,0.050071291
865,3492.1,-2.1,-1.7,3.0206665,1132.8,8.8,0.049903548
866,3490.8,1,-1.3,3.0230328,1133,8.8,0.049735805
749.5,3516.8,-116.5,26,2.6358416,1133,8.8,0.049735805
750,3509.9,0.5,-6.9,2.632425,1133.2,8.8,0.049568062
750.1,3506.8,0.1,-3.1,2.6304507,1133.4,8.8,0.049400319
750.1,3504.4,0,-2.4,2.6286504,1133.6,8.8,0.049232576
750.1,3502.3,0,-2.1,2.6270752,1133.8,8.8,0.049064833
750.1,3500.4,0,-1.9,2.62565,1134,8.8,0.04889709
750.1,3498.6,0,-1.8,2.6242999,1134.3,8.8,0.048645475
750.1,3496.9,0,-1.7,2.6230247,1134.5,8.8,0.048477732
750.1,3495.2,0,-1.7,2.6217495,1134.7,8.8,0.048309989
750.1,3493.6,0,-1.6,2.6205494,1134.9,8.8,0.048142246
750.1,3492,0,-1.6,2.6193492,1135.1,8.8,0.047974503
750.1,3490.5,0,-1.5,2.618224,1135.3,8.8,0.04780676
750.1,3489,0,-1.5,2.6170989,1135.5,8.8,0.047639017
750.1,3487.4,0,-1.6,2.6158987,1135.7,8.8,0.047471274
750.1,3485.9,0,-1.5,2.6147736,1135.9,8.8,0.047303531
750.1,3484.4,0,-1.5,2.6136484,1136.1,8.8,0.047135788
750,3483,-0.1,-1.4,2.61225,1136.3,8.8,0.046968045
750.1,3481.5,0.1,-1.5,2.6114732,1136.5,8.8,0.046800302
750.1,3480,0,-1.5,2.610348,1136.8,8.8,0.046548687
750.1,3478.5,0,-1.5,2.6092229,1137,8.8,0.046380944
750.1,3477.1,0,-1.4,2.6081727,1137.2,8.8,0.046213201
750.1,3475.7,0,-1.4,2.6071226,1137.4,8.8,0.046045458
750.1,3474.2,0,-1.5,2.6059974,1137.6,8.8,0.045877715
750.1,3472.8,0,-1.4,2.6049473,1137.8,8.8,0.045709972
750.1,3471.4,0,-1.4,2.6038971,1138,8.8,0.045542229
750.1,3470,0,-1.4,2.602847,1138.2,8.8,0.045374486
750.1,3468.5,0,-1.5,2.6017219,1138.4,8.8,0.045206743
750.1,3467.1,0,-1.4,2.6006717,1138.6,8.8,0.045039
750.1,3465.7,0,-1.4,2.5996216,1138.8,8.8,0.044871257
750.1,3464.3,0,-1.4,2.5985714,1139,8.8,0.044703514
750.1,3462.9,0,-1.4,2.5975213,1139.3,8.8,0.0444519
750.1,3461.5,0,-1.4,2.5964712,1139.5,8.8,0.044284157
750.1,3460,0,-1.5,2.595346,1139.7,8.8,0.044116414
750.1,3458.6,0,-1.4,2.5942959,1139.9,8.8,0.043948671
750.1,3457.2,0,-1.4,2.5932457,1140.1,8.8,0.043780928
750.1,3455.8,0,-1.4,2.5921956,1140.3,8.8,0.043613185
750.1,3454.4,0,-1.4,2.5911454,1140.5,8.8,0.043445442
750.1,3452.9,0,-1.5,2.5900203,1140.7,8.8,0.043277699
750.1,3451.5,0,-1.4,2.5889701,1140.9,8.8,0.043109956
750.1,3450.1,0,-1.4,2.58792,1141.1,8.8,0.042942213
750.1,3448.7,0,-1.4,2.5868699,1141.3,8.8,0.04277447
750.1,3447.3,0,-1.4,2.5858197,1141.5,8.8,0.042606726
750,3445.8,-0.1,-1.5,2.58435,1141.8,8.8,0.042355112
750.1,3444.4,0.1,-1.4,2.5836444,1142,8.8,0.042187369
750.1,3443,0,-1.4,2.5825943,1142.2,8.8,0.042019626
750.1,3441.6,0,-1.4,2.5815442,1142.4,8.8,0.041851883
750.1,3440.2,0,-1.4,2.580494,1142.6,8.8,0.04168414
750,3438.8,-0.1,-1.4,2.5791,1142.8,8.8,0.041516397
750,3437.4,0,-1.4,2.57805,1143,8.8,0.041348654
750.1,3435.9,0.1,-1.5,2.5772686,1143.2,8.8,0.041180911
750.1,3434.5,0,-1.4,2.5762184,1143.4,8.8,0.041013168
750.1,3433,0,-1.5,2.5750933,1143.6,8.8,0.040845425
750.1,3431.6,0,-1.4,2.5740432,1143.8,8.8,0.040677682
750.1,3430.1,0,-1.5,2.572918,1144,8.8,0.040509939
750.1,3428.7,0,-1.4,2.5718679,1144.3,8.8,0.040258324
750.1,3427.2,0,-1.5,2.5707427,1144.5,8.8,0.040090581
750.1,3425.8,0,-1.4,2.5696926,1144.7,8.8,0.039922838
750.1,3424.3,0,-1.5,2.5685674,1144.9,8.8,0.039755095
750.1,3422.9,0,-1.4,2.5675173,1145.1,8.8,0.039587352
750.1,3421.4,0,-1.5,2.5663921,1145.3,8.8,0.039419609
750.1,3419.9,0,-1.5,2.565267,1145.5,8.8,0.039251866
750.1,3418.5,0,-1.4,2.5642168,1145.7,8.8,0.039084123
750.1,3417,0,-1.5,2.5630917,1145.9,8.8,0.03891638
750.1,3415.5,0,-1.5,2.5619666,1146.1,8.8,0.038748637
750.1,3414,0,-1.5,2.5608414,1146.3,8.8,0.038580894
750.1,3412.5,0,-1.5,2.5597163,1146.5,8.8,0.038413151
750.1,3411,0,-1.5,2.5585911,1146.8,8.8,0.038161537
750.1,3409.5,0,-1.5,2.557466,1147,8.8,0.037993794
750.1,3408,0,-1.5,2.5563408,1147.2,8.8,0.03782605
750.1,3406.5,0,-1.5,2.5552157,1147.4,8.8,0.037658307
750.1,3405,0,-1.5,2.5540905,1147.6,8.8,0.037490564
750,3403.5,-0.1,-1.5,2.552625,1147.8,8.8,0.037322821
750.1,3402,0.1,-1.5,2.5518402,1148,8.8,0.037155078
750.1,3400.5,0,-1.5,2.550715,1148.2,8.8,0.036987335
750.1,3398.9,0,-1.6,2.5495149,1148.4,8.8,0.036819592
750.1,3397.4,0,-1.5,2.5483897,1148.6,8.8,0.036651849
750.1,3395.8,0,-1.6,2.5471896,1148.8,8.8,0.036484106
750.1,3394.3,0,-1.5,2.5460644,1149,8.8,0.036316363
750.1,3392.7,0,-1.6,2.5448643,1149.3,8.8,0.036064749
750.1,3391.1,0,-1.6,2.5436641,1149.5,8.8,0.035897006
750.1,3389.6,0,-1.5,2.542539,1149.7,8.8,0.035729263
750.1,3388,0,-1.6,2.5413388,1149.9,8.8,0.03556152
750,3386.4,-0.1,-1.6,2.5398,1150.1,8.8,0.035393777
750,3384.9,0,-1.5,2.538675,1150.3,8.8,0.035226034
750,3383.3,0,-1.6,2.537475,1150.5,8.8,0.035058291
750.1,3381.7,0.1,-1.6,2.5366132,1150.7,8.8,0.034890548
750.1,3380.1,0,-1.6,2.535413,1150.9,8.8,0.034722805
750.1,3378.5,0,-1.6,2.5342128,1151.1,8.8,0.034555062
750.1,3376.8,0,-1.7,2.5329377,1151.3,8.8,0.034387319
750.1,3375.2,0,-1.6,2.5317375,1151.5,8.8,0.034219576
750.1,3373.5,0,-1.7,2.5304624,1151.8,8.8,0.033967961
750.1,3371.9,0,-1.6,2.5292622,1152,8.8,0.033800218
750.1,3370.3,0,-1.6,2.528062,1152.2,8.8,0.033632475
750.1,3368.6,0,-1.7,2.5267869,1152.4,8.8,0.033464732
750.1,3366.9,0,-1.7,2.5255117,1152.6,8.9,0.033296989
750.1,3365.3,0,-1.6,2.5243115,1152.8,8.9,0.033129246
750.1,3363.6,0,-1.7,2.5230364,1153,8.9,0.032961503
750.1,3361.9,0,-1.7,2.5217612,1153.2,8.9,0.03279376
750.1,3360.2,0,-1.7,2.520486,1153.4,8.9,0.032626017
750.1,3358.5,0,-1.7,2.5192108,1153.6,8.9,0.032458274
750.1,3356.8,0,-1.7,2.5179357,1153.8,8.9,0.032290531
750.1,3355.1,0,-1.7,2.5166605,1154,8.9,0.032122788
750.1,3353.3,0,-1.8,2.5153103,1154.3,8.9,0.031871173
750.1,3351.6,0,-1.7,2.5140352,1154.5,8.9,0.03170343
750.1,3349.9,0,-1.7,2.51276,1154.7,8.9,0.031535687
750.1,3348.1,0,-1.8,2.5114098,1154.9,8.9,0.031367944
750.1,3346.3,0,-1.8,2.5100596,1155.1,8.9,0.031200201
750.1,3344.6,0,-1.7,2.5087845,1155.3,8.9,0.031032458
750.1,3342.8,0,-1.8,2.5074343,1155.5,8.9,0.030864715
750.1,3341,0,-1.8,2.5060841,1155.7,8.9,0.030696972
750.1,3339.2,0,-1.8,2.5047339,1155.9,8.9,0.030529229
750.1,3337.4,0,-1.8,2.5033837,1156.1,8.9,0.030361486
750.1,3335.5,0,-1.9,2.5019585,1156.3,8.9,0.030193743
750.1,3333.7,0,-1.8,2.5006084,1156.5,8.9,0.030026
750.1,3331.9,0,-1.8,2.4992582,1156.8,8.9,0.029774386
750.1,3330,0,-1.9,2.497833,1157,8.9,0.029606643
750.1,3328.2,0,-1.8,2.4964828,1157.2,8.9,0.0294389
750.1,3326.3,0,-1.9,2.4950576,1157.4,8.9,0.029271157
750.1,3324.4,0,-1.9,2.4936324,1157.6,8.9,0.029103414
750.1,3322.5,0,-1.9,2.4922072,1157.8,8.9,0.028935671
750.1,3320.6,0,-1.9,2.4907821,1158,8.9,0.028767928
750.1,3318.7,0,-1.9,2.4893569,1158.2,8.9,0.028600185
750.1,3316.7,0,-2,2.4878567,1158.4,8.9,0.028432441
750.1,3314.8,0,-1.9,2.4864315,1158.6,8.9,0.028264698
750.1,3312.9,0,-1.9,2.4850063,1158.8,8.9,0.028096955
750.1,3310.8,0,-2.1,2.4834311,1159,8.9,0.027929212
750.1,3308.9,0,-1.9,2.4820059,1159.3,8.9,0.027677598
750.1,3306.9,0,-2,2.4805057,1159.5,8.9,0.027509855
750.1,3304.9,0,-2,2.4790055,1159.7,8.9,0.027342112
750.1,3302.9,0,-2,2.4775053,1159.9,8.9,0.027174369
750.1,3300.9,0,-2,2.4760051,1160.1,8.9,0.027006626
750.1,3298.9,0,-2,2.4745049,1160.3,8.9,0.026838883
750.1,3296.8,0,-2.1,2.4729297,1160.5,8.9,0.02667114
750.1,3294.8,0,-2,2.4714295,1160.7,8.9,0.026503397
750.1,3292.7,0,-2.1,2.4698543,1160.9,8.9,0.026335654
750.1,3290.6,0,-2.1,2.4682791,1161.1,8.9,0.026167911
750.1,3288.5,0,-2.1,2.4667039,1161.3,8.9,0.026000168
750.1,3286.4,0,-2.1,2.4651286,1161.5,8.9,0.025832425
750.1,3284.2,0,-2.2,2.4634784,1161.8,8.9,0.02558081
750.1,3282.1,0,-2.1,2.4619032,1162,8.9,0.025413067
750.1,3279.9,0,-2.2,2.460253,1162.2,8.9,0.025245324
750.1,3277.8,0,-2.1,2.4586778,1162.4,8.9,0.025077581
750.1,3275.6,0,-2.2,2.4570276,1162.6,8.9,0.024909838
750.1,3273.4,0,-2.2,2.4553773,1162.8,8.9,0.024742095
750.1,3271.3,0,-2.1,2.4538021,1163,8.9,0.024574352
750,3269,-0.1,-2.3,2.45175,1163.2,8.9,0.024406609
750,3266.8,0,-2.2,2.4501,1163.4,8.9,0.024238866
750.1,3264.5,0.1,-2.3,2.4487014,1163.6,8.9,0.024071123
750.1,3262.2,0,-2.3,2.4469762,1163.8,8.9,0.02390338
750.1,3259.9,0,-2.3,2.445251,1164,8.9,0.023735637
750.1,3257.7,0,-2.2,2.4436008,1164.3,8.9,0.023484022
750.1,3255.3,0,-2.4,2.4418005,1164.5,8.9,0.023316279
750,3253,-0.1,-2.3,2.43975,1164.7,8.9,0.023148536
750,3250.7,0,-2.3,2.438025,1164.9,8.9,0.022980793
750,3248.3,0,-2.4,2.436225,1165.1,8.9,0.02281305
750.1,3246,0.1,-2.3,2.4348246,1165.3,8.9,0.022645307
750.1,3243.6,0,-2.4,2.4330244,1165.5,8.9,0.022477564
750.1,3241.2,0,-2.4,2.4312241,1165.7,8.9,0.022309821
750.1,3238.8,0,-2.4,2.4294239,1165.9,8.9,0.022142078
750.1,3236.3,0,-2.5,2.4275486,1166.1,8.9,0.021974335
750.1,3233.9,0,-2.4,2.4257484,1166.3,8.9,0.021806592
750.1,3231.4,0,-2.5,2.4238731,1166.5,8.9,0.021638849
750,3228.9,-0.1,-2.5,2.421675,1166.8,8.9,0.021387235
750,3226.4,0,-2.5,2.4198,1167,8.9,0.021219492
750.1,3223.9,0.1,-2.5,2.4182474,1167.2,8.9,0.021051749
750.1,3221.4,0,-2.5,2.4163721,1167.4,8.9,0.020884006
750.1,3218.8,0,-2.6,2.4144219,1167.6,8.9,0.020716263
750.1,3216.3,0,-2.5,2.4125466,1167.8,8.9,0.02054852
750.1,3213.7,0,-2.6,2.4105964,1168,8.9,0.020380777
750.1,3211.1,0,-2.6,2.4086461,1168.2,8.9,0.020213034
750.1,3208.5,0,-2.6,2.4066958,1168.4,8.9,0.020045291
750.1,3205.8,0,-2.7,2.4046706,1168.6,8.9,0.019877548
750.1,3203.2,0,-2.6,2.4027203,1168.8,8.9,0.019709805
750.1,3200.5,0,-2.7,2.400695,1169,8.9,0.019542062
750.1,3197.8,0,-2.7,2.3986698,1169.3,8.9,0.019290447
750.1,3195.1,0,-2.7,2.3966445,1169.5,8.9,0.019122704
750.1,3192.4,0,-2.7,2.3946192,1169.7,8.9,0.018954961
750.2,3189.6,0.1,-2.8,2.3928379,1169.9,8.9,0.018787218
750.2,3186.9,0,-2.7,2.3908124,1170.1,8.9,0.018619475
750.2,3184.2,0,-2.7,2.3887868,1170.3,8.9,0.018451732
750.2,3181.3,0,-2.9,2.3866113,1170.5,8.9,0.018283989
750.1,3178.5,-0.1,-2.8,2.3841929,1170.7,8.9,0.018116246
750.1,3175.7,0,-2.8,2.3820926,1170.9,8.9,0.017948503
750.1,3172.8,0,-2.9,2.3799173,1171.1,8.9,0.01778076
750.1,3169.9,0,-2.9,2.377742,1171.3,8.9,0.017613017
750.1,3167,0,-2.9,2.3755667,1171.5,8.9,0.017445274
750.1,3164.1,0,-2.9,2.3733914,1171.8,8.9,0.017193659
750.1,3161.2,0,-2.9,2.3712161,1172,8.9,0.017025916
750.1,3158.2,0,-3,2.3689658,1172.2,8.9,0.016858173
750.1,3155.3,0,-2.9,2.3667905,1172.4,9,0.01669043
750.1,3152.4,0,-2.9,2.3646152,1172.6,9,0.016522687
750,3149.3,-0.1,-3.1,2.361975,1172.8,9,0.016354944
750.1,3146.3,0.1,-3,2.3600396,1173,9,0.016187201
750.1,3143.3,0,-3,2.3577893,1173.2,9,0.016019458
750.1,3140.2,0,-3.1,2.355464,1173.4,9,0.015851715
750.1,3137.1,0,-3.1,2.3531387,1173.6,9,0.015683972
750.1,3134,0,-3.1,2.3508134,1173.8,9,0.015516229
750.1,3130.9,0,-3.1,2.3484881,1174,9,0.015348486
750.1,3127.7,0,-3.2,2.3460878,1174.3,9,0.015096872
750.1,3124.5,0,-3.2,2.3436875,1174.5,9,0.014929129
750.1,3121.3,0,-3.2,2.3412871,1174.7,9,0.014761386
750.1,3118.1,0,-3.2,2.3388868,1174.9,9,0.014593643
750.1,3114.9,0,-3.2,2.3364865,1175.1,9,0.0144259
750.1,3111.6,0,-3.3,2.3340112,1175.3,9,0.014258157
750.1,3108.4,0,-3.2,2.3316108,1175.5,9,0.014090413
750.1,3105,0,-3.4,2.3290605,1175.7,9,0.01392267
750.1,3101.7,0,-3.3,2.3265852,1175.9,9,0.013754927
750.1,3098.3,0,-3.4,2.3240348,1176.1,9,0.013587184
750.1,3094.9,0,-3.4,2.3214845,1176.3,9,0.013419441
750.1,3091.5,0,-3.4,2.3189342,1176.5,9,0.013251698
750.1,3088.1,0,-3.4,2.3163838,1176.8,9,0.013000084
750.1,3084.6,0,-3.5,2.3137585,1177,9,0.012832341
750.1,3081.2,0,-3.4,2.3112081,1177.2,9,0.012664598
750.1,3077.8,0,-3.4,2.3086578,1177.4,9,0.012496855
750.1,3074.2,0,-3.6,2.3059574,1177.6,9,0.012329112
750.1,3070.7,0,-3.5,2.3033321,1177.8,9,0.012161369
750.1,3067.1,0,-3.6,2.3006317,1178,9,0.011993626
750.1,3063.5,0,-3.6,2.2979313,1178.2,9,0.011825883
750.1,3059.8,0,-3.7,2.295156,1178.4,9,0.01165814
750.1,3056.2,0,-3.6,2.2924556,1178.6,9,0.011490397
750.1,3052.6,0,-3.6,2.2897553,1178.8,9,0.011322654
750.1,3048.8,0,-3.8,2.2869049,1179,9,0.011154911
750.1,3045.2,0,-3.6,2.2842045,1179.3,9,0.010903296
750.1,3041.4,0,-3.8,2.2813541,1179.5,9,0.010735553
750.1,3037.6,0,-3.8,2.2785038,1179.7,9,0.01056781
750.1,3033.9,0,-3.7,2.2757284,1179.9,9,0.010400067
750.1,3030,0,-3.9,2.272803,1180.1,9,0.010232324
750.1,3026.2,0,-3.8,2.2699526,1180.3,9,0.010064581
750.1,3022.3,0,-3.9,2.2670272,1180.5,9,0.009896838
750.1,3018.4,0,-3.9,2.2641018,1180.7,9,0.009729095
750,3014.4,-0.1,-4,2.2608,1180.9,9,0.009561352
750.1,3010.5,0.1,-3.9,2.258176,1181.1,9,0.009393609
750.1,3006.5,0,-4,2.2551756,1181.3,9,0.009225866
750.1,3002.5,0,-4,2.2521753,1181.5,9,0.009058123
750.1,2998.4,0,-4.1,2.2490998,1181.8,9,0.0088065084
750.1,2994.4,0,-4,2.2460994,1182,9,0.0086387654
750.1,2990.3,0,-4.1,2.243024,1182.2,9,0.0084710224
750,2986.2,-0.1,-4.1,2.23965,1182.4,9,0.0083032794
750,2982,0,-4.2,2.2365,1182.6,9,0.0081355364
750,2977.9,0,-4.1,2.233425,1182.8,9,0.0079677933
750.1,2973.6,0.1,-4.3,2.2304974,1183,9,0.0078000503
750.1,2969.4,0,-4.2,2.2273469,1183.2,9,0.0076323073
750.1,2965.1,0,-4.3,2.2241215,1183.4,9,0.0074645643
750.1,2960.8,0,-4.3,2.2208961,1183.6,9,0.0072968213
750.1,2956.5,0,-4.3,2.2176707,1183.8,9,0.0071290783
750.1,2952.1,0,-4.4,2.2143702,1184,9,0.0069613352
750,2947.8,-0.1,-4.3,2.21085,1184.3,9,0.0067097207
750,2943.4,0,-4.4,2.20755,1184.5,9,0.0065419777
750,2939,0,-4.4,2.20425,1184.7,9,0.0063742347
750,2934.5,0,-4.5,2.200875,1184.9,9,0.0062064917
750,2930,0,-4.5,2.1975,1185.1,9,0.0060387486
750.1,2925.4,0.1,-4.6,2.1943425,1185.3,9.1,0.0058710056
750.1,2920.8,0,-4.6,2.1908921,1185.5,9.1,0.0057032626
750.1,2916.2,0,-4.6,2.1874416,1185.7,9.1,0.0055355196
750.1,2911.6,0,-4.6,2.1839912,1185.9,9.1,0.0053677766
750.1,2906.9,0,-4.7,2.1804657,1186.1,9.1,0.0052000335
750.1,2902.1,0,-4.8,2.1768652,1186.3,9.1,0.0050322905
750,2897.5,-0.1,-4.6,2.173125,1186.5,9.1,0.0048645475
750,2892.7,0,-4.8,2.169525,1186.8,9.1,0.004612933
750,2887.9,0,-4.8,2.165925,1187,9.1,0.00444519
750,2883,0,-4.9,2.16225,1187.2,9.1,0.004277447
750.1,2878.1,0.1,-4.9,2.1588628,1187.4,9.1,0.0041097039
750.1,2873.2,0,-4.9,2.1551873,1187.6,9.1,0.0039419609
750.1,2868.2,0,-5,2.1514368,1187.8,9.1,0.0037742179
750.1,2863.2,0,-5,2.1476863,1188,9.1,0.0036064749
750.1,2858.1,0,-5.1,2.1438608,1188.2,9.1,0.0034387319
750.1,2853,0,-5.1,2.1400353,1188.4,9.1,0.0032709888
750,2847.9,-0.1,-5.1,2.135925,1188.6,9.1,0.0031032458
750,2842.7,0,-5.2,2.132025,1188.8,9.1,0.0029355028
750,2837.6,0,-5.1,2.1282,1189,9.1,0.0027677598
750.1,2832.3,0.1,-5.3,2.1245082,1189.3,9.1,0.0025161453
750.1,2827,0,-5.3,2.1205327,1189.5,9.1,0.0023484022
750.1,2821.6,0,-5.4,2.1164822,1189.7,9.1,0.0021806592
750.1,2816.2,0,-5.4,2.1124316,1189.9,9.1,0.0020129162
750.1,2810.7,0,-5.5,2.1083061,1190.1,9.1,0.0018451732
750.1,2805.2,0,-5.5,2.1041805,1190.3,9.1,0.0016774302
750.1,2799.7,0,-5.5,2.100055,1190.5,9.1,0.0015096872
750.1,2794.1,0,-5.6,2.0958544,1190.7,9.1,0.0013419441
750,2788.3,-0.1,-5.8,2.091225,1190.9,9.1,0.0011742011
750,2782.6,0,-5.7,2.08695,1191.1,9.1,0.0010064581
750,2776.8,0,-5.8,2.0826,1191.3,9.1,0.00083871509
750.1,2771.1,0.1,-5.7,2.0786021,1191.5,9.1,0.00067097207
750.1,2765.2,0,-5.9,2.0741765,1191.8,9.1,0.00041935754
750.1,2759.2,0,-6,2.0696759,1192,9.1,0.00025161453
750.1,2753.2,0,-6,2.0651753,1192.2,9.1,8.3871509e-05
750.1,2749.5,0,-3.7,2.0623999,1192.3,9.1,0
