Current(mA),Voltage(mV),dI(mA),dV(mV),Power(W),RawCapacity(mAh),T(C),SOC
0,4196.8,0,0,0,0,16.9,1
0,4196.1,0,-0.7,0,0,16.9,1
0,4195.6,0,-0.5,0,0,16.9,1
0,4195.1,0,-0.5,0,0,16.9,1
0,4194.8,0,-0.3,0,0,16.9,1
0,4194.5,0,-0.3,0,0,16.9,1
0,4194.2,0,-0.3,0,0,16.9,1
0,4193.9,0,-0.3,0,0,16.9,1
0,4193.6,0,-0.3,0,0,16.9,1
0,4193.4,0,-0.2,0,0,16.9,1
0,4193.1,0,-0.3,0,0,16.9,1
0,4192.9,0,-0.2,0,0,16.9,1
0,4192.7,0,-0.2,0,0,16.9,1
0,4192.5,0,-0.2,0,0,16.9,1
0,4192.3,0,-0.2,0,0,16.9,1
0,4192.1,0,-0.2,0,0,16.9,1
0,4191.9,0,-0.2,0,0,16.9,1
0,4191.7,0,-0.2,0,0,16.9,1
0,4191.5,0,-0.2,0,0,16.9,1
0,4191.3,0,-0.2,0,0,16.9,1
0,4191.2,0,-0.1,0,0,16.9,1
0,4191,0,-0.2,0,0,16.9,1
0,4190.8,0,-0.2,0,0,16.9,1
0,4190.6,0,-0.2,0,0,16.9,1
0,4190.4,0,-0.2,0,0,16.9,1
0,4190.3,0,-0.1,0,0,16.9,1
0,4190.1,0,-0.2,0,0,16.9,1
0,4190,0,-0.1,0,0,16.9,1
0,4189.8,0,-0.2,0,0,16.9,1
0,4189.6,0,-0.2,0,0,16.9,1
0,4189.5,0,-0.1,0,0,16.9,1
0,4189.3,0,-0.2,0,0,16.9,1
0,4189.2,0,-0.1,0,0,16.9,1
0,4189.1,0,-0.1,0,0,16.9,1
0,4188.9,0,-0.2,0,0,16.9,1
0,4188.8,0,-0.1,0,0,16.9,1
0,4188.7,0,-0.1,0,0,16.9,1
0,4188.5,0,-0.2,0,0,16.9,1
0,4188.4,0,-0.1,0,0,16.9,1
0,4188.3,0,-0.1,0,0,16.9,1
0,4188.1,0,-0.2,0,0,16.9,1
0,4188,0,-0.1,0,0,16.9,1
0,4187.9,0,-0.1,0,0,16.9,1
0,4187.7,0,-0.2,0,0,16.9,1
0,4187.6,0,-0.1,0,0,16.9,1
0,4187.5,0,-0.1,0,0,16.9,1
0,4187.3,0,-0.2,0,0,16.9,1
0,4187.2,0,-0.1,0,0,16.9,1
0,4187.1,0,-0.1,0,0,16.9,1
0,4187,0,-0.1,0,0,16.9,1
0,4186.8,0,-0.2,0,0,16.9,1
0,4186.7,0,-0.1,0,0,16.9,1
0,4186.6,0,-0.1,0,0,16.9,1
0,4186.5,0,-0.1,0,0,16.9,1
0,4186.4,0,-0.1,0,0,16.9,1
0,4186.2,0,-0.2,0,0,16.9,1
0,4186.1,0,-0.1,0,0,16.9,1
0,4186,0,-0.1,0,0,16.9,1
0,4185.9,0,-0.1,0,0,16.9,1
0,4185.8,0,-0.1,0,0,16.9,1
0,4185.7,0,-0.1,0,0,16.9,1
0,4185.6,0,-0.1,0,0,16.9,1
0,4185.5,0,-0.1,0,0,16.9,1
0,4185.4,0,-0.1,0,0,16.9,1
0,4185.3,0,-0.1,0,0,16.9,1
0,4185.2,0,-0.1,0,0,16.9,1
0,4185.1,0,-0.1,0,0,16.9,1
0,4185,0,-0.1,0,0,16.9,1
0,4184.9,0,-0.1,0,0,16.9,1
0,4184.7,0,-0.2,0,0,16.9,1
0,4184.7,0,0,0,0,16.9,1
0,4184.6,0,-0.1,0,0,16.9,1
0,4184.5,0,-0.1,0,0,16.9,1
0,4184.4,0,-0.1,0,0,16.9,1
0,4184.3,0,-0.1,0,0,16.9,1
0,4184.2,0,-0.1,0,0,16.8,1
0,4184.1,0,-0.1,0,0,16.8,1
0,4184,0,-0.1,0,0,16.8,1
0,4183.9,0,-0.1,0,0,16.8,1
0,4183.7,0,-0.2,0,0,16.8,1
0,4183.6,0,-0.1,0,0,16.8,1
0,4183.6,0,0,0,0,16.8,1
0,4183.5,0,-0.1,0,0,16.8,1
0,4183.4,0,-0.1,0,0,16.8,1
0,4183.3,0,-0.1,0,0,16.8,1
0,4183.2,0,-0.1,0,0,16.8,1
0,4183.1,0,-0.1,0,0,16.8,1
0,4183,0,-0.1,0,0,16.8,1
0,4182.9,0,-0.1,0,0,16.8,1
0,4182.8,0,-0.1,0,0,16.8,1
0,4182.7,0,-0.1,0,0,16.8,1
0,4182.6,0,-0.1,0,0,16.8,1
0,4182.6,0,0,0,0,16.8,1
0,4182.5,0,-0.1,0,0,16.8,1
0,4182.4,0,-0.1,0,0,16.8,1
0,4182.3,0,-0.1,0,0,16.8,1
0,4182.2,0,-0.1,0,0,16.8,1
0,4182.2,0,0,0,0,16.8,1
0,4182,0,-0.2,0,0,16.8,1
0,4182,0,0,0,0,16.8,1
0,4181.9,0,-0.1,0,0,16.8,1
0,4181.8,0,-0.1,0,0,16.8,1
0,4181.7,0,-0.1,0,0,16.8,1
0,4181.7,0,0,0,0,16.8,1
0,4181.6,0,-0.1,0,0,16.8,1
0,4181.5,0,-0.1,0,0,16.8,1
0,4181.4,0,-0.1,0,0,16.8,1
0,4181.4,0,0,0,0,16.8,1
0,4181.3,0,-0.1,0,0,16.8,1
0,4181.2,0,-0.1,0,0,16.8,1
0,4181.1,0,-0.1,0,0,16.8,1
0,4181,0,-0.1,0,0,16.8,1
0,4180.9,0,-0.1,0,0,16.8,1
0,4180.9,0,0,0,0,16.8,1
0,4180.8,0,-0.1,0,0,16.8,1
0,4180.7,0,-0.1,0,0,16.8,1
0,4180.6,0,-0.1,0,0,16.8,1
0,4180.5,0,-0.1,0,0,16.8,1
0,4180.5,0,0,0,0,16.8,1
0,4180.4,0,-0.1,0,0,16.8,1
0,4180.3,0,-0.1,0,0,16.8,1
0,4180.3,0,0,0,0,16.8,1
0,4180.2,0,-0.1,0,0,16.8,1
0,4180.1,0,-0.1,0,0,16.8,1
0,4180,0,-0.1,0,0,16.8,1
0,4180,0,0,0,0,16.8,1
0,4179.9,0,-0.1,0,0,16.8,1
0,4179.8,0,-0.1,0,0,16.8,1
0,4179.7,0,-0.1,0,0,16.8,1
0,4179.7,0,0,0,0,16.8,1
0,4179.6,0,-0.1,0,0,16.8,1
0,4179.5,0,-0.1,0,0,16.8,1
0,4179.4,0,-0.1,0,0,16.8,1
0,4179.4,0,0,0,0,16.8,1
0,4179.3,0,-0.1,0,0,16.8,1
0,4179.2,0,-0.1,0,0,16.8,1
0,4179.2,0,0,0,0,16.8,1
0,4179,0,-0.2,0,0,16.8,1
0,4179,0,0,0,0,16.8,1
0,4178.9,0,-0.1,0,0,16.8,1
0,4178.9,0,0,0,0,16.8,1
0,4178.8,0,-0.1,0,0,16.8,1
0,4178.7,0,-0.1,0,0,16.8,1
0,4178.7,0,0,0,0,16.8,1
0,4178.6,0,-0.1,0,0,16.8,1
0,4178.5,0,-0.1,0,0,16.8,1
0,4178.5,0,0,0,0,16.8,1
0,4178.4,0,-0.1,0,0,16.8,1
0,4178.3,0,-0.1,0,0,16.8,1
0,4178.3,0,0,0,0,16.8,1
0,4178.2,0,-0.1,0,0,16.8,1
0,4178.1,0,-0.1,0,0,16.8,1
0,4178,0,-0.1,0,0,16.8,1
0,4178,0,0,0,0,16.8,1
0,4177.9,0,-0.1,0,0,16.8,1
0,4177.8,0,-0.1,0,0,16.8,1
0,4177.8,0,0,0,0,16.8,1
0,4177.7,0,-0.1,0,0,16.8,1
0,4177.6,0,-0.1,0,0,16.8,1
0,4177.6,0,0,0,0,16.8,1
0,4177.5,0,-0.1,0,0,16.8,1
0,4177.5,0,0,0,0,16.8,1
0,4177.4,0,-0.1,0,0,16.8,1
0,4177.3,0,-0.1,0,0,16.8,1
0,4177.3,0,0,0,0,16.8,1
0,4177.2,0,-0.1,0,0,16.8,1
0,4177.1,0,-0.1,0,0,16.8,1
0,4177.1,0,0,0,0,16.8,1
0,4177,0,-0.1,0,0,16.8,1
0,4176.9,0,-0.1,0,0,16.8,1
0,4176.9,0,0,0,0,16.8,1
0,4176.8,0,-0.1,0,0,16.8,1
0,4176.7,0,-0.1,0,0,16.8,1
0,4176.7,0,0,0,0,16.8,1
0,4176.6,0,-0.1,0,0,16.8,1
0,4176.6,0,0,0,0,16.8,1
0,4176.5,0,-0.1,0,0,16.8,1
0,4176.5,0,0,0,0,16.8,1
0,4176.4,0,-0.1,0,0,16.8,1
0,4176.3,0,-0.1,0,0,16.8,1
0,4176.3,0,0,0,0,16.8,1
0,4176.2,0,-0.1,0,0,16.8,1
0,4176.2,0,0,0,0,16.8,1
0,4176.1,0,-0.1,0,0,16.8,1
0,4176,0,-0.1,0,0,16.8,1
0,4176,0,0,0,0,16.8,1
0,4175.9,0,-0.1,0,0,16.8,1
0,4175.9,0,0,0,0,16.8,1
0,4175.8,0,-0.1,0,0,16.8,1
0,4175.7,0,-0.1,0,0,16.8,1
0,4175.7,0,0,0,0,16.8,1
0,4175.6,0,-0.1,0,0,16.8,1
0,4175.6,0,0,0,0,16.8,1
0,4175.5,0,-0.1,0,0,16.8,1
0,4175.5,0,0,0,0,16.8,1
0,4175.4,0,-0.1,0,0,16.8,1
0,4175.3,0,-0.1,0,0,16.8,1
0,4175.3,0,0,0,0,16.8,1
0,4175.2,0,-0.1,0,0,16.8,1
0,4175.2,0,0,0,0,16.8,1
0,4175.1,0,-0.1,0,0,16.8,1
0,4175.1,0,0,0,0,16.8,1
0,4175,0,-0.1,0,0,16.8,1
0,4175,0,0,0,0,16.8,1
0,4174.9,0,-0.1,0,0,16.8,1
0,4174.8,0,-0.1,0,0,16.8,1
0,4174.8,0,0,0,0,16.8,1
0,4174.7,0,-0.1,0,0,16.8,1
0,4174.7,0,0,0,0,16.8,1
0,4174.6,0,-0.1,0,0,16.8,1
0,4174.6,0,0,0,0,16.8,1
0,4174.5,0,-0.1,0,0,16.8,1
0,4174.5,0,0,0,0,16.8,1
0,4174.4,0,-0.1,0,0,16.8,1
0,4174.4,0,0,0,0,16.8,1
0,4174.3,0,-0.1,0,0,16.8,1
0,4174.2,0,-0.1,0,0,16.8,1
0,4174.2,0,0,0,0,16.8,1
0,4174.1,0,-0.1,0,0,16.8,1
0,4174.1,0,0,0,0,16.8,1
0,4174,0,-0.1,0,0,16.8,1
0,4174,0,0,0,0,16.8,1
0,4174,0,0,0,0,16.8,1
0,4173.9,0,-0.1,0,0,16.8,1
0,4173.8,0,-0.1,0,0,16.8,1
0,4173.7,0,-0.1,0,0,16.8,1
0,4173.7,0,0,0,0,16.8,1
0,4173.7,0,0,0,0,16.8,1
0,4173.6,0,-0.1,0,0,16.8,1
0,4173.6,0,0,0,0,16.8,1
0,4173.5,0,-0.1,0,0,16.8,1
0,4173.5,0,0,0,0,16.8,1
0,4173.4,0,-0.1,0,0,16.8,1
0,4173.4,0,0,0,0,16.8,1
0,4173.3,0,-0.1,0,0,16.8,1
0,4173.3,0,0,0,0,16.8,1
0,4173.2,0,-0.1,0,0,16.8,1
0,4173.2,0,0,0,0,16.8,1
0,4173.1,0,-0.1,0,0,16.8,1
0,4173.1,0,0,0,0,16.8,1
0,4173,0,-0.1,0,0,16.8,1
0,4173,0,0,0,0,16.8,1
0,4172.9,0,-0.1,0,0,16.8,1
0,4172.9,0,0,0,0,16.8,1
0,4172.8,0,-0.1,0,0,16.8,1
0,4172.7,0,-0.1,0,0,16.8,1
0,4172.7,0,0,0,0,16.8,1
0,4172.7,0,0,0,0,16.8,1
0,4172.6,0,-0.1,0,0,16.8,1
0,4172.5,0,-0.1,0,0,16.8,1
0,4172.5,0,0,0,0,16.8,1
0,4172.4,0,-0.1,0,0,16.8,1
0,4172.4,0,0,0,0,16.8,1
0,4172.3,0,-0.1,0,0,16.8,1
0,4172.3,0,0,0,0,16.8,1
0,4172.2,0,-0.1,0,0,16.8,1
0,4172.2,0,0,0,0,16.8,1
0,4172.1,0,-0.1,0,0,16.8,1
0,4172.1,0,0,0,0,16.8,1
0,4172.1,0,0,0,0,16.8,1
0,4172,0,-0.1,0,0,16.8,1
0,4172,0,0,0,0,16.8,1
0,4171.9,0,-0.1,0,0,16.8,1
0,4171.8,0,-0.1,0,0,16.8,1
0,4171.8,0,0,0,0,16.8,1
0,4171.8,0,0,0,0,16.8,1
0,4171.7,0,-0.1,0,0,16.8,1
0,4171.7,0,0,0,0,16.8,1
0,4171.6,0,-0.1,0,0,16.8,1
0,4171.6,0,0,0,0,16.8,1
0,4171.5,0,-0.1,0,0,16.8,1
0,4171.5,0,0,0,0,16.8,1
0,4171.4,0,-0.1,0,0,16.8,1
0,4171.4,0,0,0,0,16.8,1
0,4171.4,0,0,0,0,16.8,1
0,4171.3,0,-0.1,0,0,16.8,1
0,4171.3,0,0,0,0,16.8,1
0,4171.2,0,-0.1,0,0,16.8,1
0,4171.2,0,0,0,0,16.8,1
0,4171.1,0,-0.1,0,0,16.8,1
0,4171.1,0,0,0,0,16.8,1
0,4171,0,-0.1,0,0,16.8,1
0,4171,0,0,0,0,16.8,1
0,4170.9,0,-0.1,0,0,16.8,1
0,4170.9,0,0,0,0,16.8,1
0,4170.9,0,0,0,0,16.8,1
0,4170.8,0,-0.1,0,0,16.8,1
0,4170.8,0,0,0,0,16.8,1
0,4170.7,0,-0.1,0,0,16.8,1
0,4170.7,0,0,0,0,16.8,1
0,4170.6,0,-0.1,0,0,16.8,1
0,4170.6,0,0,0,0,16.8,1
0,4170.5,0,-0.1,0,0,16.8,1
0,4170.5,0,0,0,0,16.8,1
0,4170.4,0,-0.1,0,0,16.8,1
0,4170.4,0,0,0,0,16.8,1
0,4170.4,0,0,0,0,16.8,1
0,4170.3,0,-0.1,0,0,16.8,1
0,4170.3,0,0,0,0,16.8,1
0,4170.2,0,-0.1,0,0,16.8,1
0,4170.2,0,0,0,0,16.8,1
1135.9,4104.4,1135.9,-65.8,4.662188,0.3,16.8,0.99978126
2266.9,4034,1131,-70.4,9.1446746,0.9,16.8,0.99934378
2269.1,4023.7,2.2,-10.3,9.1301777,1.6,16.8,0.99883339
2268.8,4015.9,-0.3,-7.8,9.1112739,2.2,16.8,0.99839592
2283,4008.8,14.2,-7.1,9.1520904,2.8,16.8,0.99795844
2267.2,4004,-15.8,-4.8,9.0778688,3.5,16.8,0.99744805
2263.9,3999.3,-3.3,-4.7,9.0540153,4.1,16.8,0.99701057
2269,3994.6,5.1,-4.7,9.0637474,4.7,16.8,0.9965731
2271,3990.4,2,-4.2,9.0621984,5.4,16.8,0.99606271
2278.9,3986.2,7.9,-4.2,9.0841512,6,16.8,0.99562523
2259,3983.6,-19.9,-2.6,8.9989524,6.6,16.8,0.99518775
2277,3979.4,18,-4.2,9.0610938,7.3,16.8,0.99467736
2271,3976.6,-6,-2.8,9.0308586,7.9,16.8,0.99423988
2276,3973.3,5,-3.3,9.0432308,8.5,16.8,0.99380241
2265.9,3971,-10.1,-2.3,8.9978889,9.1,16.8,0.99336493
2269.9,3968.1,4,-2.9,9.0071902,9.8,16.8,0.99285454
2265.9,3965.7,-4,-2.4,8.9858796,10.4,16.8,0.99241706
2262,3963.5,-3.9,-2.2,8.965437,11,16.8,0.99197958
2274,3960.5,12,-3,9.006177,11.7,16.8,0.99146919
2277,3958.1,3,-2.4,9.0125937,12.3,16.8,0.99103172
2269,3956.2,-8,-1.9,8.9766178,12.9,16.8,0.99059424
2267,3954.2,-2,-2,8.9641714,13.6,16.8,0.99008385
2261,3952.4,-6,-1.8,8.9363764,14.2,16.8,0.98964637
2272,3950,11,-2.4,8.9744,14.8,16.8,0.9892089
2265,3948.4,-7,-1.6,8.943126,15.4,16.8,0.98877142
2268,3946.4,3,-2,8.9504352,16.1,16.8,0.98826103
2273.9,3944.3,5.9,-2.1,8.9689438,16.7,16.8,0.98782355
2281,3942.1,7.1,-2.2,8.9919301,17.3,16.8,0.98738607
2259.2,3941.5,-21.8,-0.6,8.9046368,18,16.8,0.98687568
2272.9,3939.2,13.7,-2.3,8.9534077,18.6,16.9,0.98643821
2266.1,3938,-6.8,-1.2,8.9239018,19.2,16.9,0.98600073
2272.1,3936.1,6,-1.9,8.9432128,19.9,16.9,0.98549034
2267,3934.8,-5.1,-1.3,8.9201916,20.5,16.9,0.98505286
2282.1,3932.6,15.1,-2.2,8.9745865,21.1,16.9,0.98461538
2274.9,3931.4,-7.2,-1.2,8.9435419,21.8,16.9,0.98410499
2267,3930.4,-7.9,-1,8.9102168,22.4,16.9,0.98366752
2265,3929.2,-2,-1.2,8.899638,23,16.9,0.98323004
2266.9,3927.7,1.9,-1.5,8.9037031,23.6,16.9,0.98279256
2278.1,3925.9,11.2,-1.8,8.9435928,24.3,16.9,0.98228217
2275,3924.7,-3.1,-1.2,8.9286925,24.9,16.9,0.9818447
2278.8,3923.3,3.8,-1.4,8.940416,25.5,16.9,0.98140722
2263.1,3922.8,-15.7,-0.5,8.8776887,26.2,16.9,0.98089683
2269.1,3921.3,6,-1.5,8.8978218,26.8,16.9,0.98045935
2271.9,3920,2.8,-1.3,8.905848,27.4,16.9,0.98002187
2267.9,3919.1,-4,-0.9,8.8881269,28.1,16.9,0.97951148
2270.9,3917.8,3,-1.3,8.896932,28.7,16.9,0.97907401
2255,3917.5,-15.9,-0.3,8.8339625,29.3,16.9,0.97863653
2269.1,3915.8,14.1,-1.7,8.8853418,30,16.9,0.97812614
2281,3914.2,11.9,-1.6,8.9282902,30.6,16.9,0.97768866
2278.9,3913.2,-2.1,-1,8.9177915,31.2,16.9,0.97725118
2271.9,3912.6,-7,-0.6,8.8890359,31.8,16.9,0.97681371
2287.9,3910.8,16,-1.8,8.9475193,32.5,16.9,0.97630332
2264.9,3910.9,-23,0.1,8.8577974,33.1,16.9,0.97586584
2270.9,3909.6,6,-1.3,8.8783106,33.7,16.9,0.97542836
2281.9,3908.3,11,-1.3,8.9183498,34.4,16.9,0.97491797
2273,3907.7,-8.9,-0.6,8.8822021,35,16.9,0.9744805
2273.2,3906.9,0.2,-0.8,8.8811651,35.6,16.9,0.97404302
2273.1,3906,-0.1,-0.9,8.8787286,36.3,16.9,0.97353263
2276,3905,2.9,-1,8.88778,36.9,16.9,0.97309515
2278.9,3904,2.9,-1,8.8968256,37.5,16.9,0.97265767
2268.9,3903.7,-10,-0.3,8.8571049,38.2,16.9,0.97214728
2273.9,3902.6,5,-1.1,8.8741221,38.8,16.9,0.97170981
2266.9,3902.2,-7,-0.4,8.8458972,39.4,16.9,0.97127233
2270.8,3901.2,3.9,-1,8.858845,40.1,16.9,0.97076194
2274.8,3900.3,4,-0.9,8.8724024,40.7,16.9,0.97032446
2272.1,3899.7,-2.7,-0.6,8.8605084,41.3,16.9,0.96988699
2273,3898.9,0.9,-0.8,8.8621997,42,16.9,0.96937659
2269,3898.4,-4,-0.5,8.8454696,42.6,16.9,0.96893912
2267.1,3897.8,-1.9,-0.6,8.8367024,43.2,16.9,0.96850164
2265.1,3897.2,-2,-0.6,8.8275477,43.8,16.9,0.96806416
2269,3896.3,3.9,-0.9,8.8407047,44.5,16.9,0.96755377
2277.9,3895.2,8.9,-1.1,8.8728761,45.1,16.9,0.9671163
2265.9,3895.1,-12,-0.1,8.8259071,45.7,17,0.96667882
2282.9,3893.7,17,-1.4,8.8889277,46.4,17,0.96616843
2260.9,3894.1,-22,0.4,8.8041707,47,17,0.96573095
2266.9,3893.2,6,-0.9,8.8254951,47.6,17,0.96529347
2269.9,3892.5,3,-0.7,8.8355857,48.3,17,0.96478308
2282,3891.3,12.1,-1.2,8.8799466,48.9,17,0.96434561
2279,3890.8,-3,-0.5,8.8671332,49.5,17,0.96390813
2263.1,3891,-15.9,0.2,8.8057221,50.2,17,0.96339774
2274.1,3889.9,11,-1.1,8.8460216,50.8,17,0.96296026
2277,3889.1,2.9,-0.8,8.8554807,51.4,17,0.96252279
1539,3925,-738,35.9,6.040575,51.8,17,0.96223113
795.2,3962.8,-743.8,37.8,3.1512186,52.1,17,0.9620124
786.1,3965.6,-9.1,2.8,3.1173582,52.3,17,0.96186657
803.2,3966.6,17.1,1,3.1859731,52.5,17,0.96172074
815.1,3967.4,11.9,0.8,3.2338277,52.7,17,0.96157492
795.9,3969.6,-19.2,2.2,3.1594046,53,17,0.96135618
810,3970.1,14.1,0.5,3.215781,53.2,17,0.96121035
820.1,3970.6,10.1,0.5,3.2562891,53.4,17,0.96106453
809.2,3972,-10.9,1.4,3.2141424,53.6,17,0.9609187
797,3973.4,-12.2,1.4,3.1667998,53.9,17,0.96069996
801.1,3974,4.1,0.6,3.1835714,54.1,17,0.96055414
808,3974.4,6.9,0.4,3.2113152,54.3,17,0.96040831
811,3975,3,0.6,3.223725,54.5,17,0.96026249
817.9,3975.3,6.9,0.3,3.2513979,54.8,17,0.96004375
813.1,3976.1,-4.8,0.8,3.2329669,55,17,0.95989792
814,3976.6,0.9,0.5,3.2369524,55.2,17,0.9597521
807,3977.5,-7,0.9,3.2098425,55.4,17,0.95960627
802.1,3978.2,-4.9,0.7,3.1909142,55.7,17,0.95938753
794.9,3979.1,-7.2,0.9,3.1629866,55.9,17,0.95924171
817,3978.5,22.1,-0.6,3.2504345,56.1,17,0.95909588
810.1,3979.3,-6.9,0.8,3.2236309,56.3,17,0.95895005
818,3979.4,7.9,0.1,3.2551492,56.6,17,0.95873132
804.1,3980.4,-13.9,1,3.2006396,56.8,17,0.95858549
818,3980.1,13.9,-0.3,3.2557218,57,17,0.95843966
822,3980.2,4,0.1,3.2717244,57.2,17,0.95829384
798,3981.8,-24,1.6,3.1774764,57.5,17,0.9580751
810,3981.6,12,-0.2,3.225096,57.7,17,0.95792927
803.1,3982.2,-6.9,0.6,3.1981048,57.9,17,0.95778345
806,3982.4,2.9,0.2,3.2098144,58.1,17,0.95763762
816.1,3982.2,10.1,-0.2,3.2498734,58.4,17,0.95741888
810,3982.8,-6.1,0.6,3.226068,58.6,17,0.95727306
811,3983,1,0.2,3.230213,58.8,17,0.95712723
807.2,3983.5,-3.8,0.5,3.2154812,59,17,0.95698141
804.9,3983.8,-2.3,0.3,3.2065606,59.2,17,0.95683558
806.1,3984,1.2,0.2,3.2115024,59.5,17,0.95661684
812,3984,5.9,0,3.235008,59.7,17,0.95647102
817,3984,5,0,3.254928,59.9,17,0.95632519
803.1,3984.8,-13.9,0.8,3.2001929,60.1,17,0.95617937
816.1,3984.4,13,-0.4,3.2516688,60.4,17,0.95596063
805,3985.1,-11.1,0.7,3.2080055,60.6,17,0.9558148
800.1,3985.6,-4.9,0.5,3.1888786,60.8,17,0.95566898
790,3986.2,-10.1,0.6,3.149098,61,17,0.95552315
803,3985.8,13,-0.4,3.2005974,61.3,17,0.95530441
810.1,3985.7,7.1,-0.1,3.2288156,61.5,17,0.95515859
822.9,3985.1,12.8,-0.6,3.2793388,61.7,17,0.95501276
809,3985.9,-13.9,0.8,3.2245931,61.9,17,0.95486693
809.1,3986.1,0.1,0.2,3.2251535,62.2,17,0.9546482
807,3986.4,-2.1,0.3,3.2170248,62.4,17.1,0.95450237
802,3986.7,-5,0.3,3.1973334,62.6,17.1,0.95435654
808.2,3986.5,6.2,-0.2,3.2218893,62.8,17.1,0.95421072
811.9,3986.5,3.7,0,3.2366393,63.1,17.1,0.95399198
805,3986.9,-6.9,0.4,3.2094545,63.3,17.1,0.95384615
795.2,3987.5,-9.8,0.6,3.17086,63.5,17.1,0.95370033
797,3987.6,1.8,0.1,3.1781172,63.7,17.1,0.9535545
809.1,3987.1,12.1,-0.5,3.2259626,64,17.1,0.95333576
815.2,3986.9,6.1,-0.2,3.2501209,64.2,17.1,0.95318994
803,3987.6,-12.2,0.7,3.2020428,64.4,17.1,0.95304411
795,3988,-8,0.4,3.17046,64.6,17.1,0.95289829
799.1,3987.9,4.1,-0.1,3.1867309,64.8,17.1,0.95275246
802.9,3987.9,3.8,0,3.2018849,65.1,17.1,0.95253372
797,3988.2,-5.9,0.3,3.1785954,65.3,17.1,0.9523879
810.2,3987.7,13.2,-0.5,3.2308345,65.5,17.1,0.95224207
802,3988.1,-8.2,0.4,3.1984562,65.7,17.1,0.95209624
799,3988.3,-3,0.2,3.1866517,66,17.1,0.95187751
806.1,3988,7.1,-0.3,3.2147268,66.2,17.1,0.95173168
804.1,3988.2,-2,0.2,3.2069116,66.4,17.1,0.95158585
806.1,3988.2,2,0,3.214888,66.6,17.1,0.95144003
819,3987.6,12.9,-0.6,3.2658444,66.9,17.1,0.95122129
801.1,3988.4,-17.9,0.8,3.1951072,67.1,17.1,0.95107546
810.2,3988,9.1,-0.4,3.2310776,67.3,17.1,0.95092964
799,3988.6,-11.2,0.6,3.1868914,67.5,17.1,0.95078381
808,3988.2,9,-0.4,3.2224656,67.8,17.1,0.95056507
805,3988.4,-3,0.2,3.210662,68,17.1,0.95041925
808.1,3988.3,3.1,-0.1,3.2229452,68.2,17.1,0.95027342
813.1,3988.1,5,-0.2,3.2427241,68.4,17.1,0.9501276
810,3988.2,-3.1,0.1,3.230442,68.7,17.1,0.94990886
802,3988.6,-8,0.4,3.1988572,68.9,17.1,0.94976303
806.2,3988.5,4.2,-0.1,3.2155287,69.1,17.1,0.94961721
807,3988.4,0.8,-0.1,3.2186388,69.3,17,0.94947138
799.9,3988.8,-7.1,0.4,3.1906411,69.5,17.1,0.94932556
812,3988.2,12.1,-0.6,3.2384184,69.8,17.1,0.94910682
806.1,3988.5,-5.9,0.3,3.2151299,70,17.1,0.94896099
800.1,3988.8,-6,0.3,3.1914389,70.2,17,0.94881517
811,3988.3,10.9,-0.5,3.2345113,70.4,17,0.94866934
802,3988.7,-9,0.4,3.1989374,70.7,17,0.9484506
815.1,3988.1,13.1,-0.6,3.2507003,70.9,17,0.94830478
808.2,3988.4,-6.9,0.3,3.2234249,71.1,17,0.94815895
804.9,3988.6,-3.3,0.2,3.2104241,71.3,17,0.94801312
805,3988.6,0.1,0,3.210823,71.6,17,0.94779439
821.1,3987.8,16.1,-0.8,3.2743826,71.8,17,0.94764856
814,3988.1,-7.1,0.3,3.2463134,72,17,0.94750273
803,3988.6,-11,0.5,3.2028458,72.2,17,0.94735691
801.2,3988.7,-1.8,0.1,3.1957464,72.5,17,0.94713817
800.9,3988.7,-0.3,0,3.1945498,72.7,17,0.94699234
801,3988.7,0.1,0,3.1949487,72.9,17,0.94684652
805.1,3988.5,4.1,-0.2,3.2111414,73.1,17,0.94670069
808,3988.4,2.9,-0.1,3.2226272,73.4,17,0.94648195
804,3988.5,-4,0.1,3.206754,73.6,17,0.94633613
820.2,3987.7,16.2,-0.8,3.2707115,73.8,17,0.9461903
820.9,3987.6,0.7,-0.1,3.2734208,74,17,0.94604448
804.1,3988.4,-16.8,0.8,3.2070724,74.3,17,0.94582574
806.1,3988.3,2,-0.1,3.2149686,74.5,17,0.94567991
827,3987.3,20.9,-1,3.2974971,74.7,17,0.94553409
811.2,3987.9,-15.8,0.6,3.2349845,74.9,17,0.94538826
810,3988,-1.2,0.1,3.23028,75.2,17,0.94516952
817.1,3987.6,7.1,-0.4,3.258268,75.4,17,0.9450237
809.1,3988,-8,0.4,3.2266908,75.6,17,0.94487787
814,3987.7,4.9,-0.3,3.2459878,75.8,17,0.94473205
802,3988.2,-12,0.5,3.1985364,76.1,17,0.94451331
805.1,3988.1,3.1,-0.1,3.2108193,76.3,17,0.94436748
800,3988.3,-5.1,0.2,3.19064,76.5,17,0.94422166
791.1,3988.7,-8.9,0.4,3.1554606,76.7,17,0.94407583
403.1,4007.7,-388,19,1.6155039,76.8,17,0.94400292
0,4028.2,-403.1,20.5,0,76.8,17,0.94400292
0,4029.7,0,1.5,0,76.8,17,0.94400292
0,4031,0,1.3,0,76.8,17,0.94400292
0,4032.1,0,1.1,0,76.8,17,0.94400292
0,4033.1,0,1,0,76.8,17,0.94400292
0,4034,0,0.9,0,76.8,17,0.94400292
0,4034.7,0,0.7,0,76.8,17,0.94400292
0,4035.5,0,0.8,0,76.8,17,0.94400292
0,4036.2,0,0.7,0,76.8,17,0.94400292
0,4036.9,0,0.7,0,76.8,17,0.94400292
0,4037.6,0,0.7,0,76.8,17,0.94400292
0,4038.2,0,0.6,0,76.8,17,0.94400292
0,4038.8,0,0.6,0,76.8,17,0.94400292
0,4039.4,0,0.6,0,76.8,17,0.94400292
0,4039.9,0,0.5,0,76.8,17,0.94400292
0,4040.5,0,0.6,0,76.8,17,0.94400292
0,4041,0,0.5,0,76.8,17,0.94400292
0,4041.5,0,0.5,0,76.8,17,0.94400292
0,4042,0,0.5,0,76.8,17,0.94400292
0,4042.4,0,0.4,0,76.8,17,0.94400292
0,4042.9,0,0.5,0,76.8,17,0.94400292
0,4043.4,0,0.5,0,76.8,17,0.94400292
0,4043.8,0,0.4,0,76.8,17,0.94400292
0,4044.2,0,0.4,0,76.8,17,0.94400292
0,4044.6,0,0.4,0,76.8,17,0.94400292
0,4045,0,0.4,0,76.8,17,0.94400292
0,4045.4,0,0.4,0,76.8,17,0.94400292
0,4045.8,0,0.4,0,76.8,17,0.94400292
0,4046.2,0,0.4,0,76.8,17,0.94400292
0,4046.5,0,0.3,0,76.8,17,0.94400292
0,4046.9,0,0.4,0,76.8,17,0.94400292
0,4047.2,0,0.3,0,76.8,17,0.94400292
0,4047.5,0,0.3,0,76.8,17,0.94400292
0,4047.8,0,0.3,0,76.8,17,0.94400292
0,4048.2,0,0.4,0,76.8,17,0.94400292
0,4048.5,0,0.3,0,76.8,17,0.94400292
0,4048.8,0,0.3,0,76.8,17,0.94400292
0,4049.1,0,0.3,0,76.8,17,0.94400292
0,4049.4,0,0.3,0,76.8,17,0.94400292
0,4049.6,0,0.2,0,76.8,17,0.94400292
0,4050,0,0.4,0,76.8,17,0.94400292
0,4050.2,0,0.2,0,76.8,17,0.94400292
0,4050.5,0,0.3,0,76.8,17,0.94400292
0,4050.8,0,0.3,0,76.8,17,0.94400292
0,4051,0,0.2,0,76.8,17,0.94400292
0,4051.3,0,0.3,0,76.8,17,0.94400292
0,4051.5,0,0.2,0,76.8,17,0.94400292
0,4051.8,0,0.3,0,76.8,17,0.94400292
0,4052,0,0.2,0,76.8,17,0.94400292
0,4052.3,0,0.3,0,76.8,17,0.94400292
0,4052.5,0,0.2,0,76.8,17,0.94400292
0,4052.7,0,0.2,0,76.8,17,0.94400292
0,4053,0,0.3,0,76.8,17,0.94400292
0,4053.2,0,0.2,0,76.8,17,0.94400292
0,4053.4,0,0.2,0,76.8,17,0.94400292
0,4053.6,0,0.2,0,76.8,17,0.94400292
0,4053.8,0,0.2,0,76.8,17,0.94400292
0,4054,0,0.2,0,76.8,17,0.94400292
0,4054.2,0,0.2,0,76.8,17,0.94400292
0,4054.4,0,0.2,0,76.8,17,0.94400292
0,4054.6,0,0.2,0,76.8,17,0.94400292
0,4054.8,0,0.2,0,76.8,17,0.94400292
0,4055,0,0.2,0,76.8,17,0.94400292
0,4055.1,0,0.1,0,76.8,17,0.94400292
0,4055.4,0,0.3,0,76.8,17,0.94400292
0,4055.5,0,0.1,0,76.8,17,0.94400292
0,4055.7,0,0.2,0,76.8,17,0.94400292
0,4055.8,0,0.1,0,76.8,17,0.94400292
0,4056,0,0.2,0,76.8,17,0.94400292
0,4056.2,0,0.2,0,76.8,17,0.94400292
0,4056.3,0,0.1,0,76.8,17,0.94400292
0,4056.5,0,0.2,0,76.8,17,0.94400292
0,4056.7,0,0.2,0,76.8,17,0.94400292
0,4056.8,0,0.1,0,76.8,17,0.94400292
0,4057,0,0.2,0,76.8,17,0.94400292
0,4057.1,0,0.1,0,76.8,17,0.94400292
0,4057.3,0,0.2,0,76.8,17,0.94400292
0,4057.4,0,0.1,0,76.8,17,0.94400292
0,4057.6,0,0.2,0,76.8,17,0.94400292
0,4057.7,0,0.1,0,76.8,17,0.94400292
0,4057.8,0,0.1,0,76.8,17,0.94400292
0,4058,0,0.2,0,76.8,17,0.94400292
0,4058.1,0,0.1,0,76.8,17,0.94400292
0,4058.2,0,0.1,0,76.8,17,0.94400292
0,4058.3,0,0.1,0,76.8,17,0.94400292
0,4058.5,0,0.2,0,76.8,17,0.94400292
0,4058.6,0,0.1,0,76.8,17,0.94400292
0,4058.8,0,0.2,0,76.8,17,0.94400292
0,4058.8,0,0,0,76.8,17,0.94400292
0,4059,0,0.2,0,76.8,17,0.94400292
0,4059.1,0,0.1,0,76.8,17,0.94400292
0,4059.2,0,0.1,0,76.8,17,0.94400292
0,4059.3,0,0.1,0,76.8,17,0.94400292
0,4059.5,0,0.2,0,76.8,17,0.94400292
0,4059.6,0,0.1,0,76.8,17,0.94400292
0,4059.7,0,0.1,0,76.8,17,0.94400292
0,4059.8,0,0.1,0,76.8,17,0.94400292
0,4059.9,0,0.1,0,76.8,17,0.94400292
0,4060,0,0.1,0,76.8,17,0.94400292
0,4060.1,0,0.1,0,76.8,17,0.94400292
0,4060.2,0,0.1,0,76.8,17,0.94400292
0,4060.3,0,0.1,0,76.8,17,0.94400292
0,4060.4,0,0.1,0,76.8,17,0.94400292
0,4060.5,0,0.1,0,76.8,17,0.94400292
0,4060.6,0,0.1,0,76.8,17,0.94400292
0,4060.7,0,0.1,0,76.8,17,0.94400292
0,4060.8,0,0.1,0,76.8,17,0.94400292
0,4060.9,0,0.1,0,76.8,17,0.94400292
0,4061,0,0.1,0,76.8,17,0.94400292
0,4061.1,0,0.1,0,76.8,17,0.94400292
0,4061.2,0,0.1,0,76.8,17,0.94400292
0,4061.3,0,0.1,0,76.8,17,0.94400292
0,4061.4,0,0.1,0,76.8,17,0.94400292
0,4061.4,0,0,0,76.8,17,0.94400292
0,4061.5,0,0.1,0,76.8,17,0.94400292
0,4061.6,0,0.1,0,76.8,17,0.94400292
0,4061.7,0,0.1,0,76.8,17,0.94400292
0,4061.8,0,0.1,0,76.8,17,0.94400292
0,4061.9,0,0.1,0,76.8,17,0.94400292
0,4062,0,0.1,0,76.8,17,0.94400292
0,4062.1,0,0.1,0,76.8,17,0.94400292
0,4062.1,0,0,0,76.8,17,0.94400292
0,4062.2,0,0.1,0,76.8,17,0.94400292
0,4062.3,0,0.1,0,76.8,17,0.94400292
0,4062.4,0,0.1,0,76.8,17,0.94400292
0,4062.4,0,0,0,76.8,17,0.94400292
0,4062.5,0,0.1,0,76.8,17,0.94400292
0,4062.6,0,0.1,0,76.8,17,0.94400292
0,4062.7,0,0.1,0,76.8,17,0.94400292
0,4062.7,0,0,0,76.8,17,0.94400292
0,4062.9,0,0.2,0,76.8,17,0.94400292
0,4062.9,0,0,0,76.8,17,0.94400292
0,4063,0,0.1,0,76.8,17,0.94400292
0,4063.1,0,0.1,0,76.8,17,0.94400292
0,4063.1,0,0,0,76.8,17,0.94400292
0,4063.2,0,0.1,0,76.8,17,0.94400292
0,4063.3,0,0.1,0,76.8,17,0.94400292
0,4063.3,0,0,0,76.8,17,0.94400292
0,4063.4,0,0.1,0,76.8,17,0.94400292
0,4063.4,0,0,0,76.8,17,0.94400292
0,4063.5,0,0.1,0,76.8,17,0.94400292
0,4063.6,0,0.1,0,76.8,17,0.94400292
0,4063.7,0,0.1,0,76.8,17,0.94400292
0,4063.7,0,0,0,76.8,17,0.94400292
0,4063.7,0,0,0,76.8,17,0.94400292
0,4063.8,0,0.1,0,76.8,17,0.94400292
0,4063.9,0,0.1,0,76.8,17,0.94400292
0,4064,0,0.1,0,76.8,17,0.94400292
0,4064,0,0,0,76.8,17,0.94400292
0,4064.1,0,0.1,0,76.8,17,0.94400292
0,4064.2,0,0.1,0,76.8,17,0.94400292
0,4064.2,0,0,0,76.8,17,0.94400292
0,4064.3,0,0.1,0,76.8,17,0.94400292
0,4064.3,0,0,0,76.8,17,0.94400292
0,4064.3,0,0,0,76.8,17,0.94400292
0,4064.4,0,0.1,0,76.8,17,0.94400292
0,4064.5,0,0.1,0,76.8,17,0.94400292
0,4064.5,0,0,0,76.8,17,0.94400292
0,4064.6,0,0.1,0,76.8,17,0.94400292
0,4064.6,0,0,0,76.8,17,0.94400292
0,4064.7,0,0.1,0,76.8,17,0.94400292
0,4064.7,0,0,0,76.8,17,0.94400292
0,4064.8,0,0.1,0,76.8,17,0.94400292
0,4064.9,0,0.1,0,76.8,17,0.94400292
0,4064.9,0,0,0,76.8,17,0.94400292
0,4064.9,0,0,0,76.8,17,0.94400292
0,4065.1,0,0.2,0,76.8,17,0.94400292
0,4065.1,0,0,0,76.8,17,0.94400292
0,4065.1,0,0,0,76.8,17,0.94400292
0,4065.2,0,0.1,0,76.8,17,0.94400292
0,4065.3,0,0.1,0,76.8,17,0.94400292
0,4065.3,0,0,0,76.8,17,0.94400292
0,4065.3,0,0,0,76.8,17,0.94400292
0,4065.3,0,0,0,76.8,17,0.94400292
0,4065.4,0,0.1,0,76.8,17,0.94400292
0,4065.5,0,0.1,0,76.8,17,0.94400292
0,4065.5,0,0,0,76.8,17,0.94400292
0,4065.5,0,0,0,76.8,17,0.94400292
0,4065.6,0,0.1,0,76.8,16.9,0.94400292
0,4065.6,0,0,0,76.8,16.9,0.94400292
0,4065.7,0,0.1,0,76.8,16.9,0.94400292
0,4065.7,0,0,0,76.8,16.9,0.94400292
0,4065.8,0,0.1,0,76.8,16.9,0.94400292
0,4065.9,0,0.1,0,76.8,16.9,0.94400292
0,4065.9,0,0,0,76.8,16.9,0.94400292
0,4065.9,0,0,0,76.8,16.9,0.94400292
0,4066,0,0.1,0,76.8,16.9,0.94400292
0,4066,0,0,0,76.8,16.9,0.94400292
0,4066.1,0,0.1,0,76.8,16.9,0.94400292
0,4066.1,0,0,0,76.8,16.9,0.94400292
0,4066.1,0,0,0,76.8,16.9,0.94400292
0,4066.2,0,0.1,0,76.8,16.9,0.94400292
0,4066.2,0,0,0,76.8,16.9,0.94400292
0,4066.3,0,0.1,0,76.8,16.9,0.94400292
0,4066.3,0,0,0,76.8,16.9,0.94400292
0,4066.4,0,0.1,0,76.8,16.9,0.94400292
0,4066.4,0,0,0,76.8,16.9,0.94400292
0,4066.4,0,0,0,76.8,16.9,0.94400292
0,4066.5,0,0.1,0,76.8,16.9,0.94400292
0,4066.5,0,0,0,76.8,16.9,0.94400292
0,4066.6,0,0.1,0,76.8,16.9,0.94400292
0,4066.6,0,0,0,76.8,16.9,0.94400292
0,4066.6,0,0,0,76.8,16.9,0.94400292
0,4066.6,0,0,0,76.8,16.9,0.94400292
0,4066.7,0,0.1,0,76.8,16.9,0.94400292
0,4066.8,0,0.1,0,76.8,16.9,0.94400292
0,4066.8,0,0,0,76.8,16.9,0.94400292
0,4066.8,0,0,0,76.8,16.9,0.94400292
0,4066.8,0,0,0,76.8,16.9,0.94400292
0,4066.9,0,0.1,0,76.8,16.9,0.94400292
0,4066.9,0,0,0,76.8,16.9,0.94400292
0,4067,0,0.1,0,76.8,16.9,0.94400292
0,4067,0,0,0,76.8,16.9,0.94400292
0,4067,0,0,0,76.8,16.9,0.94400292
0,4067.1,0,0.1,0,76.8,16.9,0.94400292
0,4067.1,0,0,0,76.8,16.9,0.94400292
0,4067.1,0,0,0,76.8,16.9,0.94400292
0,4067.2,0,0.1,0,76.8,16.9,0.94400292
0,4067.2,0,0,0,76.8,16.9,0.94400292
0,4067.3,0,0.1,0,76.8,16.9,0.94400292
0,4067.3,0,0,0,76.8,16.9,0.94400292
0,4067.3,0,0,0,76.8,16.9,0.94400292
0,4067.4,0,0.1,0,76.8,16.9,0.94400292
0,4067.4,0,0,0,76.8,16.9,0.94400292
0,4067.5,0,0.1,0,76.8,16.9,0.94400292
0,4067.5,0,0,0,76.8,16.9,0.94400292
0,4067.5,0,0,0,76.8,16.9,0.94400292
0,4067.5,0,0,0,76.8,16.9,0.94400292
0,4067.6,0,0.1,0,76.8,16.9,0.94400292
0,4067.6,0,0,0,76.8,16.9,0.94400292
0,4067.7,0,0.1,0,76.8,16.9,0.94400292
0,4067.7,0,0,0,76.8,16.9,0.94400292
0,4067.7,0,0,0,76.8,16.9,0.94400292
0,4067.8,0,0.1,0,76.8,16.9,0.94400292
0,4067.8,0,0,0,76.8,16.9,0.94400292
0,4067.8,0,0,0,76.8,16.9,0.94400292
0,4067.8,0,0,0,76.8,16.9,0.94400292
0,4067.8,0,0,0,76.8,16.9,0.94400292
0,4067.9,0,0.1,0,76.8,16.9,0.94400292
0,4067.9,0,0,0,76.8,16.9,0.94400292
0,4068,0,0.1,0,76.8,16.9,0.94400292
0,4068,0,0,0,76.8,16.9,0.94400292
0,4068,0,0,0,76.8,16.9,0.94400292
0,4068.1,0,0.1,0,76.8,16.9,0.94400292
0,4068.1,0,0,0,76.8,16.9,0.94400292
0,4068.1,0,0,0,76.8,16.9,0.94400292
0,4068.1,0,0,0,76.8,16.9,0.94400292
0,4068.2,0,0.1,0,76.8,16.9,0.94400292
0,4068.2,0,0,0,76.8,16.9,0.94400292
0,4068.2,0,0,0,76.8,16.9,0.94400292
0,4068.3,0,0.1,0,76.8,16.9,0.94400292
0,4068.3,0,0,0,76.8,16.9,0.94400292
0,4068.3,0,0,0,76.8,16.9,0.94400292
0,4068.3,0,0,0,76.8,16.9,0.94400292
0,4068.3,0,0,0,76.8,16.9,0.94400292
0,4068.4,0,0.1,0,76.8,16.9,0.94400292
0,4068.4,0,0,0,76.8,16.9,0.94400292
0,4068.4,0,0,0,76.8,16.9,0.94400292
0,4068.5,0,0.1,0,76.8,16.9,0.94400292
0,4068.5,0,0,0,76.8,16.9,0.94400292
0,4068.5,0,0,0,76.8,16.9,0.94400292
0,4068.6,0,0.1,0,76.8,16.9,0.94400292
0,4068.6,0,0,0,76.8,16.9,0.94400292
0,4068.7,0,0.1,0,76.8,16.9,0.94400292
0,4068.7,0,0,0,76.8,16.9,0.94400292
0,4068.7,0,0,0,76.8,16.9,0.94400292
0,4068.7,0,0,0,76.8,16.9,0.94400292
0,4068.7,0,0,0,76.8,16.9,0.94400292
0,4068.7,0,0,0,76.8,16.9,0.94400292
0,4068.8,0,0.1,0,76.8,16.9,0.94400292
0,4068.8,0,0,0,76.8,16.9,0.94400292
0,4068.8,0,0,0,76.8,16.9,0.94400292
0,4068.9,0,0.1,0,76.8,16.9,0.94400292
0,4068.9,0,0,0,76.8,16.9,0.94400292
0,4068.9,0,0,0,76.8,16.9,0.94400292
0,4069,0,0.1,0,76.8,16.9,0.94400292
0,4069,0,0,0,76.8,16.9,0.94400292
0,4069,0,0,0,76.8,16.9,0.94400292
0,4069,0,0,0,76.8,16.9,0.94400292
0,4069,0,0,0,76.8,16.9,0.94400292
0,4069,0,0,0,76.8,16.9,0.94400292
0,4069.1,0,0.1,0,76.8,16.9,0.94400292
0,4069.1,0,0,0,76.8,16.9,0.94400292
0,4069.2,0,0.1,0,76.8,16.9,0.94400292
0,4069.2,0,0,0,76.8,16.9,0.94400292
0,4069.2,0,0,0,76.8,16.9,0.94400292
0,4069.2,0,0,0,76.8,16.9,0.94400292
0,4069.2,0,0,0,76.8,16.9,0.94400292
0,4069.3,0,0.1,0,76.8,16.9,0.94400292
0,4069.3,0,0,0,76.8,16.9,0.94400292
0,4069.3,0,0,0,76.8,16.9,0.94400292
0,4069.3,0,0,0,76.8,16.9,0.94400292
0,4069.3,0,0,0,76.8,16.9,0.94400292
0,4069.4,0,0.1,0,76.8,16.9,0.94400292
0,4069.4,0,0,0,76.8,16.9,0.94400292
0,4069.4,0,0,0,76.8,16.9,0.94400292
0,4069.4,0,0,0,76.8,16.9,0.94400292
0,4069.5,0,0.1,0,76.8,16.9,0.94400292
0,4069.5,0,0,0,76.8,16.9,0.94400292
0,4069.5,0,0,0,76.8,16.9,0.94400292
0,4069.5,0,0,0,76.8,16.9,0.94400292
0,4069.5,0,0,0,76.8,16.9,0.94400292
0,4069.5,0,0,0,76.8,16.9,0.94400292
0,4069.6,0,0.1,0,76.8,16.9,0.94400292
0,4069.6,0,0,0,76.8,16.9,0.94400292
0,4069.6,0,0,0,76.8,16.9,0.94400292
0,4069.6,0,0,0,76.8,16.9,0.94400292
0,4069.7,0,0.1,0,76.8,16.9,0.94400292
0,4069.7,0,0,0,76.8,16.9,0.94400292
0,4069.7,0,0,0,76.8,16.9,0.94400292
0,4069.7,0,0,0,76.8,16.9,0.94400292
0,4069.7,0,0,0,76.8,16.9,0.94400292
0,4069.8,0,0.1,0,76.8,16.9,0.94400292
0,4069.8,0,0,0,76.8,16.9,0.94400292
0,4069.8,0,0,0,76.8,16.9,0.94400292
0,4069.9,0,0.1,0,76.8,16.9,0.94400292
0,4069.9,0,0,0,76.8,16.9,0.94400292
0,4069.9,0,0,0,76.8,16.9,0.94400292
0,4069.9,0,0,0,76.8,16.9,0.94400292
0,4069.9,0,0,0,76.8,16.9,0.94400292
0,4070,0,0.1,0,76.8,16.9,0.94400292
0,4070,0,0,0,76.8,16.9,0.94400292
0,4070,0,0,0,76.8,16.9,0.94400292
0,4070,0,0,0,76.8,16.9,0.94400292
0,4070,0,0,0,76.8,16.9,0.94400292
0,4070.1,0,0.1,0,76.8,16.9,0.94400292
0,4070.1,0,0,0,76.8,16.9,0.94400292
0,4070.1,0,0,0,76.8,16.9,0.94400292
0,4070.1,0,0,0,76.8,16.9,0.94400292
0,4070.1,0,0,0,76.8,16.9,0.94400292
0,4070.2,0,0.1,0,76.8,16.9,0.94400292
0,4070.2,0,0,0,76.8,16.9,0.94400292
0,4070.2,0,0,0,76.8,16.9,0.94400292
0,4070.2,0,0,0,76.8,16.9,0.94400292
0,4070.2,0,0,0,76.8,16.9,0.94400292
0,4070.3,0,0.1,0,76.8,16.9,0.94400292
0,4070.3,0,0,0,76.8,16.9,0.94400292
0,4070.3,0,0,0,76.8,16.9,0.94400292
0,4070.3,0,0,0,76.8,16.9,0.94400292
0,4070.3,0,0,0,76.8,16.9,0.94400292
0,4070.3,0,0,0,76.8,16.9,0.94400292
0,4070.3,0,0,0,76.8,16.9,0.94400292
0,4070.4,0,0.1,0,76.8,16.9,0.94400292
0,4070.4,0,0,0,76.8,16.9,0.94400292
0,4070.4,0,0,0,76.8,16.9,0.94400292
0,4070.4,0,0,0,76.8,16.9,0.94400292
0,4070.5,0,0.1,0,76.8,16.9,0.94400292
0,4070.5,0,0,0,76.8,16.9,0.94400292
0,4070.5,0,0,0,76.8,16.9,0.94400292
0,4070.6,0,0.1,0,76.8,16.9,0.94400292
0,4070.5,0,-0.1,0,76.8,16.9,0.94400292
0,4070.5,0,0,0,76.8,16.9,0.94400292
0,4070.6,0,0.1,0,76.8,16.9,0.94400292
0,4070.6,0,0,0,76.8,16.9,0.94400292
0,4070.6,0,0,0,76.8,16.9,0.94400292
0,4070.6,0,0,0,76.8,16.9,0.94400292
0,4070.6,0,0,0,76.8,16.9,0.94400292
0,4070.7,0,0.1,0,76.8,16.9,0.94400292
0,4070.7,0,0,0,76.8,16.9,0.94400292
0,4070.7,0,0,0,76.8,16.9,0.94400292
0,4070.7,0,0,0,76.8,16.9,0.94400292
0,4070.7,0,0,0,76.8,16.9,0.94400292
0,4070.7,0,0,0,76.8,16.9,0.94400292
0,4070.7,0,0,0,76.8,16.9,0.94400292
0,4070.8,0,0.1,0,76.8,16.9,0.94400292
0,4070.8,0,0,0,76.8,16.9,0.94400292
0,4070.8,0,0,0,76.8,16.9,0.94400292
0,4070.8,0,0,0,76.8,16.9,0.94400292
0,4070.8,0,0,0,76.8,16.9,0.94400292
0,4070.8,0,0,0,76.8,16.9,0.94400292
0,4070.9,0,0.1,0,76.8,16.9,0.94400292
0,4070.9,0,0,0,76.8,16.9,0.94400292
0,4070.9,0,0,0,76.8,16.9,0.94400292
0,4070.9,0,0,0,76.8,16.9,0.94400292
0,4070.9,0,0,0,76.8,16.9,0.94400292
0,4070.9,0,0,0,76.8,16.9,0.94400292
0,4071,0,0.1,0,76.8,16.9,0.94400292
0,4070.9,0,-0.1,0,76.8,16.9,0.94400292
0,4071,0,0.1,0,76.8,16.9,0.94400292
0,4071,0,0,0,76.8,16.9,0.94400292
0,4071,0,0,0,76.8,16.9,0.94400292
0,4071,0,0,0,76.8,16.9,0.94400292
0,4071.1,0,0.1,0,76.8,16.9,0.94400292
0,4071.1,0,0,0,76.8,16.9,0.94400292
0,4071.1,0,0,0,76.8,16.9,0.94400292
0,4071.1,0,0,0,76.8,16.9,0.94400292
0,4071.1,0,0,0,76.8,16.9,0.94400292
0,4071.1,0,0,0,76.8,16.9,0.94400292
0,4071.1,0,0,0,76.8,16.9,0.94400292
0,4071.2,0,0.1,0,76.8,16.9,0.94400292
0,4071.2,0,0,0,76.8,16.9,0.94400292
0,4071.2,0,0,0,76.8,16.9,0.94400292
0,4071.2,0,0,0,76.8,16.9,0.94400292
0,4071.3,0,0.1,0,76.8,16.9,0.94400292
0,4071.3,0,0,0,76.8,16.9,0.94400292
0,4071.3,0,0,0,76.8,16.9,0.94400292
0,4071.3,0,0,0,76.8,16.9,0.94400292
0,4071.3,0,0,0,76.8,16.9,0.94400292
0,4071.3,0,0,0,76.8,16.9,0.94400292
0,4071.3,0,0,0,76.8,16.9,0.94400292
0,4071.3,0,0,0,76.8,16.9,0.94400292
0,4071.4,0,0.1,0,76.8,16.9,0.94400292
0,4071.4,0,0,0,76.8,16.9,0.94400292
0,4071.4,0,0,0,76.8,16.9,0.94400292
0,4071.4,0,0,0,76.8,16.9,0.94400292
0,4071.4,0,0,0,76.8,16.9,0.94400292
0,4071.4,0,0,0,76.8,16.9,0.94400292
0,4071.4,0,0,0,76.8,16.9,0.94400292
0,4071.5,0,0.1,0,76.8,16.9,0.94400292
0,4071.5,0,0,0,76.8,16.9,0.94400292
0,4071.5,0,0,0,76.8,16.9,0.94400292
0,4071.5,0,0,0,76.8,16.9,0.94400292
0,4071.5,0,0,0,76.8,16.9,0.94400292
0,4071.5,0,0,0,76.8,16.9,0.94400292
0,4071.6,0,0.1,0,76.8,16.9,0.94400292
0,4071.6,0,0,0,76.8,16.9,0.94400292
0,4071.6,0,0,0,76.8,16.9,0.94400292
0,4071.6,0,0,0,76.8,16.9,0.94400292
0,4071.6,0,0,0,76.8,16.9,0.94400292
0,4071.6,0,0,0,76.8,16.9,0.94400292
0,4071.6,0,0,0,76.8,16.9,0.94400292
0,4071.6,0,0,0,76.8,16.9,0.94400292
0,4071.6,0,0,0,76.8,16.9,0.94400292
0,4071.7,0,0.1,0,76.8,16.9,0.94400292
0,4071.7,0,0,0,76.8,16.9,0.94400292
0,4071.7,0,0,0,76.8,16.9,0.94400292
0,4071.7,0,0,0,76.8,16.9,0.94400292
0,4071.7,0,0,0,76.8,16.9,0.94400292
0,4071.7,0,0,0,76.8,16.9,0.94400292
0,4071.7,0,0,0,76.8,16.9,0.94400292
0,4071.7,0,0,0,76.8,16.9,0.94400292
0,4071.8,0,0.1,0,76.8,16.9,0.94400292
0,4071.8,0,0,0,76.8,16.9,0.94400292
0,4071.8,0,0,0,76.8,16.9,0.94400292
0,4071.8,0,0,0,76.8,16.9,0.94400292
0,4071.8,0,0,0,76.8,16.9,0.94400292
0,4071.8,0,0,0,76.8,16.9,0.94400292
0,4071.9,0,0.1,0,76.8,16.9,0.94400292
0,4071.9,0,0,0,76.8,16.9,0.94400292
0,4071.9,0,0,0,76.8,16.9,0.94400292
0,4071.9,0,0,0,76.8,16.9,0.94400292
0,4071.9,0,0,0,76.8,16.9,0.94400292
0,4071.9,0,0,0,76.8,16.9,0.94400292
0,4071.9,0,0,0,76.8,16.9,0.94400292
0,4071.9,0,0,0,76.8,16.9,0.94400292
0,4071.9,0,0,0,76.8,16.9,0.94400292
0,4071.9,0,0,0,76.8,16.9,0.94400292
0,4072,0,0.1,0,76.8,16.9,0.94400292
0,4072,0,0,0,76.8,16.9,0.94400292
0,4072,0,0,0,76.8,16.9,0.94400292
0,4072,0,0,0,76.8,16.9,0.94400292
0,4072,0,0,0,76.8,16.9,0.94400292
0,4072,0,0,0,76.8,16.9,0.94400292
0,4072,0,0,0,76.8,16.9,0.94400292
0,4072,0,0,0,76.8,16.9,0.94400292
0,4072.1,0,0.1,0,76.8,16.9,0.94400292
0,4072.1,0,0,0,76.8,16.9,0.94400292
0,4072.1,0,0,0,76.8,16.9,0.94400292
0,4072.1,0,0,0,76.8,16.9,0.94400292
0,4072.1,0,0,0,76.8,16.9,0.94400292
0,4072.1,0,0,0,76.8,16.9,0.94400292
0,4072.1,0,0,0,76.8,16.9,0.94400292
0,4072.1,0,0,0,76.8,16.9,0.94400292
0,4072.2,0,0.1,0,76.8,16.9,0.94400292
0,4072.2,0,0,0,76.8,16.9,0.94400292
0,4072.2,0,0,0,76.8,16.9,0.94400292
0,4072.2,0,0,0,76.8,16.9,0.94400292
0,4072.2,0,0,0,76.8,16.9,0.94400292
0,4072.2,0,0,0,76.8,16.9,0.94400292
0,4072.2,0,0,0,76.8,16.9,0.94400292
0,4072.3,0,0.1,0,76.8,16.9,0.94400292
0,4072.2,0,-0.1,0,76.8,16.9,0.94400292
0,4072.3,0,0.1,0,76.8,16.9,0.94400292
0,4072.3,0,0,0,76.8,16.9,0.94400292
0,4072.3,0,0,0,76.8,16.9,0.94400292
0,4072.3,0,0,0,76.8,16.9,0.94400292
0,4072.3,0,0,0,76.8,16.9,0.94400292
0,4072.3,0,0,0,76.8,16.9,0.94400292
0,4072.4,0,0.1,0,76.8,16.9,0.94400292
0,4072.3,0,-0.1,0,76.8,16.9,0.94400292
0,4072.4,0,0.1,0,76.8,16.9,0.94400292
719,4035.9,719,-36.5,2.9018121,77,16.9,0.94385709
1438,3997.7,719,-38.2,5.7486926,77.4,16.9,0.94356544
1451,3993.7,13,-4,5.7948587,77.8,16.9,0.94327379
1438.1,3991.7,-12.9,-2,5.7404638,78.2,16.9,0.94298214
1428,3989.9,-10.1,-1.8,5.6975772,78.6,16.9,0.94269048
1438,3987.4,10,-2.5,5.7338812,79,16.9,0.94239883
1457,3984.6,19,-2.8,5.8055622,79.4,16.9,0.94210718
1431,3984.1,-26,-0.5,5.7012471,79.8,16.9,0.94181553
1449,3981.6,18,-2.5,5.7693384,80.2,16.9,0.94152388
1446.1,3980.2,-2.9,-1.4,5.7557672,80.6,16.9,0.94123223
1441.1,3979,-5,-1.2,5.7341369,81,16.9,0.94094058
1433.1,3978.1,-8,-0.9,5.7010151,81.4,16.9,0.94064892
1439.1,3976.5,6,-1.6,5.7225812,81.8,16.9,0.94035727
1436.1,3975.4,-3,-1.1,5.7090719,82.2,16.9,0.94006562
1452,3973.3,15.9,-2.1,5.7692316,82.6,16.9,0.93977397
1430.1,3973.3,-21.9,0,5.6822163,83,16.9,0.93948232
1443,3971.5,12.9,-1.8,5.7308745,83.4,16.9,0.93919067
1442,3970.5,-1,-1,5.725461,83.8,16.9,0.93889902
1439.1,3969.6,-2.9,-0.9,5.7126514,84.2,16.9,0.93860736
1439.1,3968.6,0,-1,5.7112123,84.6,16.9,0.93831571
1447,3967.2,7.9,-1.4,5.7405384,85,16.9,0.93802406
1428,3967.2,-19,0,5.6651616,85.4,16.9,0.93773241
1439.1,3965.8,11.1,-1.4,5.7071828,85.8,16.9,0.93744076
1434.1,3965.1,-5,-0.7,5.6863499,86.2,16.9,0.93714911
1427,3964.6,-7.1,-0.5,5.6574842,86.6,16.9,0.93685746
1436,3963.3,9,-1.3,5.6912988,87,16.9,0.9365658
1445.1,3962,9.1,-1.3,5.7254862,87.4,16.9,0.93627415
1442.1,3961.4,-3,-0.6,5.7127349,87.8,16.9,0.9359825
1442,3960.6,-0.1,-0.8,5.7111852,88.2,16.9,0.93569085
1441,3959.9,-1,-0.7,5.7062159,88.6,16.9,0.9353992
1438,3959.3,-3,-0.6,5.6934734,89,16.9,0.93510755
1443,3958.3,5,-1,5.7118269,89.4,16.9,0.9348159
1436,3957.9,-7,-0.4,5.6835444,89.8,16.9,0.93452424
1436.9,3957.2,0.9,-0.7,5.6861007,90.2,16.9,0.93423259
1444,3956.2,7.1,-1,5.7127528,90.6,16.9,0.93394094
1424.1,3956.5,-19.9,0.3,5.6344516,91,16.9,0.93364929
1434,3955.4,9.9,-1.1,5.6720436,91.4,16.9,0.93335764
1439,3954.5,5,-0.9,5.6905255,91.8,16.9,0.93306599
1434.1,3954.1,-4.9,-0.4,5.6705748,92.2,16.9,0.93277433
1441.1,3953.2,7,-0.9,5.6969565,92.6,16.9,0.93248268
1454,3951.9,12.9,-1.3,5.7460626,93,16.9,0.93219103
1437,3952.2,-17,0.3,5.6793114,93.4,16.9,0.93189938
1440.1,3951.5,3.1,-0.7,5.6905551,93.8,16.9,0.93160773
1451.1,3950.4,11,-1.1,5.7324254,94.2,16.9,0.93131608
1434,3950.7,-17.1,0.3,5.6653038,94.6,16.9,0.93102443
1439,3949.9,5,-0.8,5.6839061,95,16.9,0.93073277
1434.1,3949.6,-4.9,-0.3,5.6641214,95.4,16.9,0.93044112
1440,3948.9,5.9,-0.7,5.686416,95.8,16.9,0.93014947
1426,3949,-14,0.1,5.631274,96.2,16.9,0.92985782
1435.9,3948.1,9.9,-0.9,5.6690768,96.6,16.9,0.92956617
1446.1,3947.1,10.2,-1,5.7079013,97,16.9,0.92927452
1442,3946.8,-4.1,-0.3,5.6912856,97.4,16.9,0.92898287
1428,3947,-14,0.2,5.636316,97.8,16.9,0.92869121
1438,3946.1,10,-0.9,5.6744918,98.2,16.9,0.92839956
1445,3945.3,7,-0.8,5.7009585,98.6,16.9,0.92810791
1425.1,3945.8,-19.9,0.5,5.6231596,99,16.9,0.92781626
1441,3944.7,15.9,-1.1,5.6843127,99.4,16.9,0.92752461
1443,3944.1,2,-0.6,5.6913363,99.8,16.9,0.92723296
1442.1,3943.8,-0.9,-0.3,5.687354,100.2,16.9,0.92694131
1453,3942.8,10.9,-1,5.7288884,100.6,16.9,0.92664965
1438,3943.1,-15,0.3,5.6701778,101,16.9,0.926358
1441,3942.5,3,-0.6,5.6811425,101.4,16.9,0.92606635
1432.1,3942.6,-8.9,0.1,5.6461975,101.8,16.9,0.9257747
1423.1,3942.7,-9,0.1,5.6108564,102.2,16.9,0.92548305
1440,3941.5,16.9,-1.2,5.67576,102.6,16.9,0.9251914
1430,3941.7,-10,0.2,5.636631,103,16.9,0.92489974
1428,3941.4,-2,-0.3,5.6283192,103.4,16.9,0.92460809
1449,3940,21,-1.4,5.70906,103.8,16.9,0.92431644
1427.1,3940.7,-21.9,0.7,5.623773,104.2,16.9,0.92402479
1434,3940.1,6.9,-0.6,5.6501034,104.6,16.9,0.92373314
1423.1,3940.2,-10.9,0.1,5.6072986,105,16.9,0.92344149
1432,3939.5,8.9,-0.7,5.641364,105.4,16.9,0.92314984
1436.1,3939,4.1,-0.5,5.6567979,105.8,16.9,0.92285818
1448,3938.1,11.9,-0.9,5.7023688,106.2,16.9,0.92256653
1436,3938.3,-12,0.2,5.6553988,106.6,16.9,0.92227488
1445.1,3937.5,9.1,-0.8,5.6900813,107,16.9,0.92198323
1448,3937.1,2.9,-0.4,5.7009208,107.4,16.9,0.92169158
1427,3937.8,-21,0.7,5.6192406,107.8,16.9,0.92139993
1428,3937.5,1,-0.3,5.62275,108.2,16.9,0.92110828
1432.9,3936.9,4.9,-0.6,5.641184,108.6,16.9,0.92081662
1437,3936.4,4.1,-0.5,5.6566068,109,16.9,0.92052497
1431.1,3936.5,-5.9,0.1,5.6335252,109.4,16.9,0.92023332
1435.9,3936,4.8,-0.5,5.6517024,109.8,16.9,0.91994167
1436.1,3935.7,0.2,-0.3,5.6520588,110.2,16.9,0.91965002
1448.1,3934.8,12,-0.9,5.6979839,110.6,16.9,0.91935837
1441,3934.9,-7.1,0.1,5.6701909,111,16.9,0.91906672
1438,3934.7,-3,-0.2,5.6580986,111.4,16.9,0.91877506
1426.1,3935,-11.9,0.3,5.6117035,111.8,16.9,0.91848341
1444.9,3933.9,18.8,-1.1,5.6840921,112.2,16.9,0.91819176
1428,3934.5,-16.9,0.6,5.618466,112.6,16.9,0.91790011
1424,3934.4,-4,-0.1,5.6025856,113,16.9,0.91760846
1168.1,3946.8,-255.9,12.4,4.6102571,113.3,16.9,0.91738972
901,3960.3,-267.1,13.5,3.5682303,113.6,16.9,0.91717098
902.1,3961,1.1,0.7,3.5732181,113.8,16.9,0.91702515
895,3961.9,-7.1,0.9,3.5459005,114.1,16.9,0.91680642
896.1,3962.4,1.1,0.5,3.5507066,114.3,16.9,0.91666059
894,3962.9,-2.1,0.5,3.5428326,114.6,16.9,0.91644185
906.1,3962.7,12.1,-0.2,3.5906025,114.8,16.9,0.91629603
906,3962.9,-0.1,0.2,3.5903874,115.1,16.9,0.91607729
893.1,3963.8,-12.9,0.9,3.5400698,115.3,16.9,0.91593146
906.9,3963.4,13.8,-0.4,3.5944075,115.6,16.9,0.91571272
897.1,3964.1,-9.8,0.7,3.5561941,115.8,16.9,0.9155669
897,3964.3,-0.1,0.2,3.5559771,116.1,16.9,0.91534816
892.1,3964.8,-4.9,0.5,3.5369981,116.3,16.9,0.91520233
904.9,3964.3,12.8,-0.5,3.5872951,116.6,16.9,0.91498359
883.1,3965.6,-21.8,1.3,3.5020214,116.8,16.9,0.91483777
887,3965.5,3.9,-0.1,3.5173985,117.1,16.9,0.91461903
888,3965.6,1,0.1,3.5214528,117.3,16.9,0.9144732
906,3964.9,18,-0.7,3.5921994,117.5,16.9,0.91432738
891,3965.8,-15,0.9,3.5335278,117.8,16.9,0.91410864
904.1,3965.2,13.1,-0.6,3.5849373,118,16.9,0.91396281
904,3965.4,-0.1,0.2,3.5847216,118.3,16.9,0.91374408
909.1,3965.2,5.1,-0.2,3.6047633,118.6,16.9,0.91352534
906,3965.4,-3.1,0.2,3.5926524,118.8,16.9,0.91337951
905,3965.5,-1,0.1,3.5887775,119.1,16.9,0.91316077
900.1,3965.8,-4.9,0.3,3.5696166,119.3,16.9,0.91301495
890,3966.4,-10.1,0.6,3.530096,119.6,16.9,0.91279621
913.1,3965.3,23.1,-1.1,3.6207154,119.8,17,0.91265038
905,3965.8,-8.1,0.5,3.589049,120.1,17,0.91243164
901.1,3966,-3.9,0.2,3.5737626,120.3,17,0.91228582
896,3966.3,-5.1,0.3,3.5538048,120.6,17,0.91206708
896.1,3966.4,0.1,0.1,3.554291,120.8,17,0.91192125
898.1,3966.3,2,-0.1,3.562134,121.1,17,0.91170252
905,3966.1,6.9,-0.2,3.5893205,121.3,17,0.91155669
903.2,3966.2,-1.8,0.1,3.5822718,121.6,17,0.91133795
893,3966.7,-10.2,0.5,3.5422631,121.8,17,0.91119213
911.9,3965.8,18.9,-0.9,3.616413,122.1,17,0.91097339
896.2,3966.6,-15.7,0.8,3.5548669,122.3,17,0.91082756
895,3966.7,-1.2,0.1,3.5501965,122.6,17,0.91060882
905.1,3966.2,10.1,-0.5,3.5898076,122.8,17,0.910463
897,3966.6,-8.1,0.4,3.5580402,123.1,17,0.91024426
901.1,3966.4,4.1,-0.2,3.574123,123.3,17,0.91009843
893,3966.8,-8.1,0.4,3.5423524,123.6,17,0.90987969
900.1,3966.5,7.1,-0.3,3.5702467,123.8,17,0.90973387
902.9,3966.4,2.8,-0.1,3.5812626,124.1,17,0.90951513
894.2,3966.8,-8.7,0.4,3.5471126,124.3,17,0.9093693
886,3967.2,-8.2,0.4,3.5149392,124.5,17,0.90922348
904.1,3966.4,18.1,-0.8,3.5860222,124.8,17,0.90900474
893.1,3966.9,-11,0.5,3.5428384,125,17,0.90885891
897,3966.7,3.9,-0.2,3.5581299,125.3,17,0.90864017
905.1,3966.3,8.1,-0.4,3.5898981,125.5,17,0.90849435
901,3966.6,-4.1,0.3,3.5739066,125.8,17,0.90827561
894.1,3966.9,-6.9,0.3,3.5468053,126,17,0.90812978
901.1,3966.5,7,-0.4,3.5742131,126.3,17,0.90791105
901,3966.5,-0.1,0,3.5738165,126.5,17,0.90776522
896.2,3966.7,-4.8,0.2,3.5549565,126.8,17,0.90754648
898,3966.6,1.8,-0.1,3.5620068,127,17,0.90740066
899.1,3966.6,1.1,0,3.5663701,127.3,17,0.90718192
906,3966.2,6.9,-0.4,3.5933772,127.5,17,0.90703609
899.1,3966.5,-6.9,0.3,3.5662801,127.8,17,0.90681735
886,3967.2,-13.1,0.7,3.5149392,128,17,0.90667153
898.1,3966.6,12.1,-0.6,3.5624035,128.3,17,0.90645279
891,3967,-7.1,0.4,3.534597,128.5,17,0.90630696
900,3966.5,9,-0.5,3.56985,128.8,17,0.90608822
901.1,3966.4,1.1,-0.1,3.574123,129,17,0.9059424
900,3966.4,-1.1,0,3.56976,129.3,17,0.90572366
890.1,3966.9,-9.9,0.5,3.5309377,129.5,17,0.90557783
880,3967.4,-10.1,0.5,3.491312,129.8,17,0.9053591
895.1,3966.6,15.1,-0.8,3.5505037,130,17,0.90521327
888,3967,-7.1,0.4,3.522696,130.3,17,0.90499453
913,3965.7,25,-1.3,3.6206841,130.5,17,0.90484871
899.1,3966.3,-13.9,0.6,3.5661003,130.8,17,0.90462997
904,3966,4.9,-0.3,3.585264,131,17,0.90448414
890,3966.7,-14,0.7,3.530363,131.3,17,0.9042654
904.1,3966,14.1,-0.7,3.5856606,131.5,17,0.90411958
895.1,3966.4,-9,0.4,3.5503246,131.8,17,0.90390084
903.9,3965.9,8.8,-0.5,3.584777,132,17,0.90375501
909.1,3965.6,5.2,-0.3,3.605127,132.3,17,0.90353627
894.1,3966.3,-15,0.7,3.5462688,132.5,17,0.90339045
902,3965.9,7.9,-0.4,3.5772418,132.8,17,0.90317171
899.1,3966,-2.9,0.1,3.5658306,133,17,0.90302588
906,3965.7,6.9,-0.3,3.5929242,133.3,17,0.90280715
893.1,3966.2,-12.9,0.5,3.5422132,133.5,17,0.90266132
890.1,3966.3,-3,0.1,3.5304036,133.8,17,0.90244258
889.1,3966.4,-1,0.1,3.5265262,134,17,0.90229676
887,3966.5,-2.1,0.1,3.5182855,134.3,17,0.90207802
892.1,3966.2,5.1,-0.3,3.538247,134.5,17,0.90193219
898,3965.9,5.9,-0.3,3.5613782,134.8,17,0.90171345
899.1,3965.7,1.1,-0.2,3.5655609,135,17,0.90156763
898.1,3965.8,-1,0.1,3.561685,135.3,17,0.90134889
899,3965.7,0.9,-0.1,3.5651643,135.5,17,0.90120306
907.1,3965.3,8.1,-0.4,3.5969236,135.8,17,0.90098432
897,3965.7,-10.1,0.4,3.5572329,136,17,0.9008385
903.1,3965.3,6.1,-0.4,3.5810624,136.3,17,0.90061976
889.1,3966,-14,0.7,3.5261706,136.5,17,0.90047393
899.1,3965.5,10,-0.5,3.5653811,136.8,17,0.9002552
891,3965.8,-8.1,0.3,3.5335278,137,17,0.90010937
891.1,3965.8,0.1,0,3.5339244,137.3,17,0.89989063
901,3965.3,9.9,-0.5,3.5727353,137.5,17,0.8997448
913.1,3964.6,12.1,-0.7,3.6200763,137.8,17,0.89952607
898,3965.3,-15.1,0.7,3.5608394,138,17,0.89938024
904,3964.9,6,-0.4,3.5842696,138.3,17,0.8991615
896.2,3965.2,-7.8,0.3,3.5536122,138.5,17,0.89901568
904,3964.8,7.8,-0.4,3.5841792,138.8,17,0.89879694
908.1,3964.6,4.1,-0.2,3.6002533,139,17,0.89865111
904.1,3964.7,-4,0.1,3.5844853,139.3,17,0.89843237
897.1,3965.1,-7,0.4,3.5570912,139.5,17,0.89828655
902.1,3964.8,5,-0.3,3.5766461,139.8,17,0.89806781
909,3964.4,6.9,-0.4,3.6036396,140,17,0.89792198
897.1,3964.9,-11.9,0.5,3.5569118,140.3,17,0.89770324
884.1,3965.5,-13,0.6,3.5058985,140.5,17,0.89755742
884,3965.5,-0.1,0,3.505502,140.8,17,0.89733868
904.1,3964.5,20.1,-1,3.5843045,141,17,0.89719285
901,3964.6,-3.1,0.1,3.5721046,141.3,17,0.89697412
881,3965.5,-20,0.9,3.4936055,141.5,17,0.89682829
891,3965,10,-0.5,3.532815,141.8,17,0.89660955
882,3965.4,-9,0.4,3.4974828,142,17,0.89646373
889.1,3965,7.1,-0.4,3.5252815,142.2,17,0.8963179
893,3964.8,3.9,-0.2,3.5405664,142.5,17,0.89609916
916,3963.6,23,-1.2,3.6306576,142.8,17,0.89588042
891.1,3964.7,-24.9,1.1,3.5329442,143,17,0.8957346
904,3964.1,12.9,-0.6,3.5835464,143.2,17,0.89558877
905.1,3963.9,1.1,-0.2,3.5877259,143.5,17,0.89537003
912,3963.5,6.9,-0.4,3.614712,143.8,17,0.89515129
901.1,3964,-10.9,0.5,3.5719604,144,17,0.89500547
891,3964.4,-10.1,0.4,3.5322804,144.3,17,0.89478673
1283,3945.2,392,-19.2,5.0616916,144.6,17,0.89456799
1670.9,3925.4,387.9,-19.8,6.5589509,145.1,17,0.89420343
1680,3923.4,9.1,-2,6.591312,145.5,17,0.89391178
1673,3922.5,-7,-0.9,6.5623425,146,17,0.89354721
1660,3922,-13,-0.5,6.51052,146.5,17,0.89318265
1669,3920.7,9,-1.3,6.5436483,146.9,17,0.892891
1668,3919.9,-1,-0.8,6.5383932,147.4,17,0.89252643
1670,3919,2,-0.9,6.54473,147.9,17,0.89216187
1665,3918.4,-5,-0.6,6.524136,148.3,17,0.89187022
1682.1,3916.9,17.1,-1.5,6.5886175,148.8,17,0.89150565
1668,3916.9,-14.1,0,6.5333892,149.2,17,0.891214
1673.1,3916,5.1,-0.9,6.5518596,149.7,17,0.89084943
1683.9,3914.8,10.8,-1.2,6.5921317,150.2,17,0.89048487
1654,3915.6,-29.9,0.8,6.4764024,150.6,17,0.89019322
1673.8,3914.1,19.8,-1.5,6.5514206,151.1,17,0.88982865
1657.1,3914.4,-16.7,0.3,6.4865522,151.6,17,0.88946409
1675.9,3913,18.8,-1.4,6.5577967,152,17,0.88917244
1669,3912.7,-6.9,-0.3,6.5302963,152.5,17,0.88880787
1675.9,3911.9,6.9,-0.8,6.5559532,153,17,0.88844331
1676,3911.4,0.1,-0.5,6.5555064,153.4,17,0.88815166
1660,3911.6,-16,0.2,6.493256,153.9,17,0.88778709
1668.9,3910.8,8.9,-0.8,6.5267341,154.4,17,0.88742253
1669,3910.3,0.1,-0.5,6.5262907,154.8,17,0.88713088
1672.2,3909.7,3.2,-0.6,6.5378003,155.3,17,0.88676631
1675.9,3909.1,3.7,-0.6,6.5512607,155.7,17,0.88647466
1673,3908.7,-2.9,-0.4,6.5392551,156.2,17,0.8861101
1685,3907.7,12,-1,6.5844745,156.7,17,0.88574553
1670,3908,-15,0.3,6.52636,157.1,17,0.88545388
1680.1,3907.1,10.1,-0.9,6.5643187,157.6,17,0.88508932
1675,3906.9,-5.1,-0.2,6.5440575,158.1,17,0.88472475
1680,3906.3,5,-0.6,6.562584,158.5,17,0.8844331
1664,3906.7,-16,0.4,6.5007488,159,17,0.88406854
1672,3905.9,8,-0.8,6.5306648,159.5,17,0.88370397
1680,3905.2,8,-0.7,6.560736,159.9,17,0.88341232
1677.9,3904.9,-2.1,-0.3,6.5520317,160.4,17,0.88304776
1673,3904.7,-4.9,-0.2,6.5325631,160.9,17,0.88268319
1665.1,3904.8,-7.9,0.1,6.5018825,161.3,17,0.88239154
1668,3904.3,2.9,-0.5,6.5123724,161.8,17,0.88202698
1681,3903.3,13,-1,6.5614473,162.3,17,0.88166241
1676.9,3903.2,-4.1,-0.1,6.5452761,162.7,17,0.88137076
1668.1,3903.3,-8.8,0.1,6.5110947,163.2,17,0.8810062
1673,3902.7,4.9,-0.6,6.5292171,163.7,17,0.88064163
1662,3902.9,-11,0.2,6.4866198,164.1,17,0.88034998
1675.9,3901.9,13.9,-1,6.5391942,164.6,17,0.87998542
1687,3901.1,11.1,-0.8,6.5811557,165,17,0.87969377
1668.1,3901.7,-18.9,0.6,6.5084258,165.5,17,0.8793292
1669,3901.3,0.9,-0.4,6.5112697,166,17,0.87896464
1672,3900.9,3,-0.4,6.5223048,166.4,17,0.87867299
1668,3900.8,-4,-0.1,6.5065344,166.9,17,0.87830842
1667.9,3900.5,-0.1,-0.3,6.5056439,167.4,17,0.87794386
1663,3900.4,-4.9,-0.1,6.4863652,167.8,17,0.87765221
1662.1,3900.2,-0.9,-0.2,6.4825224,168.3,17,0.87728764
1674,3899.4,11.9,-0.8,6.5275956,168.8,17,0.87692308
1675.9,3899,1.9,-0.4,6.5343341,169.2,17,0.87663143
1664,3899.3,-11.9,0.3,6.4884352,169.7,17,0.87626686
1683.9,3898,19.9,-1.3,6.5638422,170.1,17,0.87597521
1665,3898.7,-18.9,0.7,6.4913355,170.6,17,0.87561065
1667.9,3898.3,2.9,-0.4,6.5019746,171.1,17,0.87524608
1685.1,3897.2,17.2,-1.1,6.5671717,171.5,17,0.87495443
1667,3897.8,-18.1,0.6,6.4976326,172,17,0.87458987
1678,3897,11,-0.8,6.539166,172.5,17,0.8742253
1674,3896.9,-4,-0.1,6.5234106,172.9,17,0.87393365
1676.9,3896.6,2.9,-0.3,6.5342085,173.4,17,0.87356908
1660.1,3897.1,-16.8,0.5,6.4695757,173.9,17,0.87320452
1676,3896.1,15.9,-1,6.5298636,174.3,17,0.87291287
1666.1,3896.4,-9.9,0.3,6.491792,174.8,17,0.8725483
1677,3895.6,10.9,-0.8,6.5329212,175.3,17,0.87218374
1671,3895.6,-6,0,6.5095476,175.7,17,0.87189209
1671.9,3895.3,0.9,-0.3,6.5125521,176.2,17,0.87152752
1666.1,3895.4,-5.8,0.1,6.4901259,176.6,17,0.87123587
1677,3894.6,10.9,-0.8,6.5312442,177.1,17,0.87087131
1669,3894.7,-8,0.1,6.5002543,177.6,17,0.87050674
1672.9,3894.3,3.9,-0.4,6.5147745,178,17,0.87021509
1664.1,3894.6,-8.8,0.3,6.4810039,178.5,17,0.86985053
1674,3893.8,9.9,-0.8,6.5182212,179,17,0.86948596
1681,3893.3,7,-0.5,6.5446373,179.4,17,0.86919431
835.1,3934.5,-845.9,41.2,3.2857009,179.7,17,0.86897557
0,3977,-835.1,42.5,0,179.7,17.1,0.86897557
0,3980.1,0,3.1,0,179.7,17.1,0.86897557
0,3982.6,0,2.5,0,179.7,17.1,0.86897557
0,3984.8,0,2.2,0,179.7,17.1,0.86897557
0,3986.6,0,1.8,0,179.7,17.1,0.86897557
0,3988.3,0,1.7,0,179.7,17.1,0.86897557
0,3989.9,0,1.6,0,179.7,17.1,0.86897557
0,3991.3,0,1.4,0,179.7,17.1,0.86897557
0,3992.7,0,1.4,0,179.7,17.1,0.86897557
0,3993.9,0,1.2,0,179.7,17.1,0.86897557
0,3995.2,0,1.3,0,179.7,17.1,0.86897557
0,3996.3,0,1.1,0,179.7,17.1,0.86897557
0,3997.4,0,1.1,0,179.7,17.1,0.86897557
0,3998.4,0,1,0,179.7,17.1,0.86897557
0,3999.4,0,1,0,179.7,17.1,0.86897557
0,4000.4,0,1,0,179.7,17.1,0.86897557
0,4001.3,0,0.9,0,179.7,17.1,0.86897557
0,4002.2,0,0.9,0,179.7,17.1,0.86897557
0,4003,0,0.8,0,179.7,17.1,0.86897557
0,4003.8,0,0.8,0,179.7,17.1,0.86897557
0,4004.6,0,0.8,0,179.7,17.1,0.86897557
0,4005.4,0,0.8,0,179.7,17.1,0.86897557
0,4006.1,0,0.7,0,179.7,17.1,0.86897557
0,4006.8,0,0.7,0,179.7,17.1,0.86897557
0,4007.5,0,0.7,0,179.7,17.1,0.86897557
0,4008.2,0,0.7,0,179.7,17.1,0.86897557
0,4008.9,0,0.7,0,179.7,17.1,0.86897557
0,4009.5,0,0.6,0,179.7,17.1,0.86897557
0,4010.1,0,0.6,0,179.7,17.1,0.86897557
0,4010.7,0,0.6,0,179.7,17.1,0.86897557
0,4011.3,0,0.6,0,179.7,17.1,0.86897557
0,4011.9,0,0.6,0,179.7,17.1,0.86897557
0,4012.4,0,0.5,0,179.7,17.1,0.86897557
0,4013,0,0.6,0,179.7,17.1,0.86897557
0,4013.5,0,0.5,0,179.7,17.1,0.86897557
0,4014,0,0.5,0,179.7,17.1,0.86897557
0,4014.5,0,0.5,0,179.7,17.1,0.86897557
0,4015,0,0.5,0,179.7,17.1,0.86897557
0,4015.5,0,0.5,0,179.7,17.1,0.86897557
0,4015.9,0,0.4,0,179.7,17.1,0.86897557
0,4016.4,0,0.5,0,179.7,17.1,0.86897557
0,4016.8,0,0.4,0,179.7,17.1,0.86897557
0,4017.2,0,0.4,0,179.7,17.1,0.86897557
0,4017.6,0,0.4,0,179.7,17.1,0.86897557
0,4018.1,0,0.5,0,179.7,17.1,0.86897557
0,4018.5,0,0.4,0,179.7,17.1,0.86897557
0,4018.9,0,0.4,0,179.7,17.1,0.86897557
0,4019.2,0,0.3,0,179.7,17.1,0.86897557
0,4019.6,0,0.4,0,179.7,17.1,0.86897557
0,4020,0,0.4,0,179.7,17.1,0.86897557
0,4020.3,0,0.3,0,179.7,17.1,0.86897557
0,4020.7,0,0.4,0,179.7,17.1,0.86897557
0,4021,0,0.3,0,179.7,17.1,0.86897557
0,4021.4,0,0.4,0,179.7,17.1,0.86897557
0,4021.6,0,0.2,0,179.7,17.1,0.86897557
0,4022,0,0.4,0,179.7,17.1,0.86897557
0,4022.3,0,0.3,0,179.7,17.1,0.86897557
0,4022.6,0,0.3,0,179.7,17.1,0.86897557
0,4022.9,0,0.3,0,179.7,17.1,0.86897557
0,4023.2,0,0.3,0,179.7,17.1,0.86897557
0,4023.5,0,0.3,0,179.7,17.1,0.86897557
437,4002.6,437,-20.9,1.7491362,179.8,17.1,0.86890266
874,3980.7,437,-21.9,3.4791318,180,17.1,0.86875684
861,3979.8,-13,-0.9,3.4266078,180.3,17.1,0.8685381
879.1,3977.8,18.1,-2,3.496884,180.5,17.1,0.86839227
876.1,3977,-3,-0.8,3.4842497,180.8,17.1,0.86817353
875.1,3976.3,-1,-0.7,3.4796601,181,17.1,0.86802771
864.1,3976.1,-11,-0.2,3.435748,181.2,17.1,0.86788188
866,3975.2,1.9,-0.9,3.4425232,181.5,17.1,0.86766314
872.1,3974.3,6.1,-0.9,3.465987,181.7,17.1,0.86751732
879.1,3973.4,7,-0.9,3.4930159,182,17.1,0.86729858
866.1,3973.4,-13,0,3.4413617,182.2,17.1,0.86715275
867.1,3972.8,1,-0.6,3.4448149,182.5,17.1,0.86693401
878.1,3971.8,11,-1,3.4876376,182.7,17.1,0.86678819
861,3972.2,-17.1,0.4,3.4200642,182.9,17.1,0.86664236
882.2,3970.7,21.2,-1.5,3.5029515,183.2,17.1,0.86642362
876.1,3970.5,-6.1,-0.2,3.478555,183.4,17.1,0.8662778
871,3970.4,-5.1,-0.1,3.4582184,183.7,17.1,0.86605906
871.2,3970,0.2,-0.4,3.458664,183.9,17.1,0.86591323
865.1,3969.9,-6.1,-0.1,3.4343605,184.1,17.1,0.86576741
875,3969.1,9.9,-0.8,3.4729625,184.4,17.1,0.86554867
894.1,3967.8,19.1,-1.3,3.54761,184.6,17.1,0.86540284
873.2,3968.4,-20.9,0.6,3.4652069,184.9,17.1,0.8651841
866,3968.4,-7.2,0,3.4366344,185.1,17.1,0.86503828
857,3968.5,-9,0.1,3.4010045,185.4,17,0.86481954
885.1,3966.9,28.1,-1.6,3.5111032,185.6,17,0.86467371
876.1,3967,-9,0.1,3.4754887,185.8,17,0.86452789
890,3966,13.9,-1,3.52974,186.1,17,0.86430915
875.1,3966.4,-14.9,0.4,3.4709966,186.3,17,0.86416332
882.1,3965.8,7,-0.6,3.4982322,186.6,17,0.86394459
874.1,3965.9,-8,0.1,3.4665932,186.8,17,0.86379876
861,3966.3,-13.1,0.4,3.4149843,187.1,17,0.86358002
859.1,3966.1,-1.9,-0.2,3.4072765,187.3,17,0.8634342
871,3965.3,11.9,-0.8,3.4537763,187.5,17,0.86328837
879,3964.7,8,-0.6,3.4849713,187.8,17,0.86306963
871.2,3964.8,-7.8,0.1,3.4541338,188,17,0.86292381
888.9,3963.7,17.7,-1.1,3.5233329,188.3,17,0.86270507
870,3964.4,-18.9,0.7,3.449028,188.5,17,0.86255924
855.2,3964.9,-14.8,0.5,3.3907825,188.8,17,0.8623405
868.9,3964,13.7,-0.9,3.4443196,189,17,0.86219468
873.1,3963.6,4.2,-0.4,3.4606192,189.2,17,0.86204885
892.1,3962.5,19,-1.1,3.5349462,189.5,17,0.86183011
870,3963.3,-22.1,0.8,3.448071,189.7,17,0.86168429
860.1,3963.6,-9.9,0.3,3.4090924,190,17,0.86146555
873.1,3962.8,13,-0.8,3.4599207,190.2,17,0.86131972
870.1,3962.8,-3,0,3.4480323,190.5,17,0.86110098
871.1,3962.5,1,-0.3,3.4517337,190.7,17,0.86095516
862,3962.8,-9.1,0.3,3.4159336,190.9,17,0.86080933
879.2,3961.8,17.2,-1,3.4832146,191.2,17,0.86059059
869,3962.1,-10.2,0.3,3.4430649,191.4,17,0.86044477
878,3961.5,9,-0.6,3.478197,191.7,17,0.86022603
870,3961.7,-8,0.2,3.446679,191.9,17,0.8600802
872.1,3961.4,2.1,-0.3,3.4547369,192.2,17,0.85986147
872.1,3961.2,0,-0.2,3.4545625,192.4,17,0.85971564
871,3961.1,-1.1,-0.1,3.4501181,192.6,17,0.85956981
879.2,3960.6,8.2,-0.5,3.4821595,192.9,17,0.85935108
873,3960.7,-6.2,0.1,3.4576911,193.1,17,0.85920525
870,3960.7,-3,0,3.445809,193.4,17,0.85898651
868.1,3960.7,-1.9,0,3.4382837,193.6,17,0.85884069
872,3960.3,3.9,-0.4,3.4533816,193.8,17,0.85869486
882.1,3959.7,10.1,-0.6,3.4928514,194.1,17,0.85847612
878.2,3959.7,-3.9,0,3.4774085,194.3,17,0.8583303
855.1,3960.7,-23.1,1,3.3867946,194.6,17,0.85811156
879.1,3959.4,24,-1.3,3.4807085,194.8,17,0.85796573
870,3959.7,-9.1,0.3,3.444939,195.1,17,0.85774699
874.1,3959.4,4.1,-0.3,3.4609115,195.3,17,0.85760117
880.1,3958.9,6,-0.5,3.4842279,195.5,17,0.85745534
877,3959,-3.1,0.1,3.472043,195.8,17,0.8572366
882.2,3958.6,5.2,-0.4,3.4922769,196,17,0.85709078
889,3958.1,6.8,-0.5,3.5187509,196.3,17,0.85687204
878.2,3958.5,-10.8,0.4,3.4763547,196.5,17,0.85672621
886,3958,7.8,-0.5,3.506788,196.8,17,0.85650747
877.1,3958.3,-8.9,0.3,3.4718249,197,17,0.85636165
871.1,3958.4,-6,0.1,3.4481622,197.3,17,0.85614291
882,3957.8,10.9,-0.6,3.4907796,197.5,17,0.85599708
870.1,3958.2,-11.9,0.4,3.4440298,197.7,17,0.85585126
872,3958.1,1.9,-0.1,3.4514632,198,17,0.85563252
886.1,3957.3,14.1,-0.8,3.5065635,198.2,17,0.85548669
884,3957.2,-2.1,-0.1,3.4981648,198.5,17,0.85526795
878.1,3957.4,-5.9,0.2,3.4749929,198.7,17,0.85512213
885,3956.9,6.9,-0.5,3.5018565,199,17,0.85490339
880.1,3957,-4.9,0.1,3.4825557,199.2,17,0.85475756
874,3957.2,-6.1,0.2,3.4585928,199.5,17,0.85453883
872.1,3957.2,-1.9,0,3.4510741,199.7,17,0.854393
1014.1,3950.3,142,-6.9,4.0059992,200,17,0.85417426
1156.9,3942.9,142.8,-7.4,4.561541,200.3,17,0.85395552
1150,3942.5,-6.9,-0.4,4.533875,200.6,17,0.85373678
1160.1,3941.5,10.1,-1,4.5725342,200.9,17,0.85351805
1140,3942,-20.1,0.5,4.49388,201.3,17.1,0.85322639
1145.1,3941.4,5.1,-0.6,4.5132971,201.6,17.1,0.85300766
1154.1,3940.5,9,-0.9,4.547731,201.9,17.1,0.85278892
1157,3939.9,2.9,-0.6,4.5584643,202.2,17.1,0.85257018
1158,3939.5,1,-0.4,4.561941,202.5,17.1,0.85235144
1158,3939.2,0,-0.3,4.5615936,202.9,17.1,0.85205979
1159,3938.7,1,-0.5,4.5649533,203.2,17.1,0.85184105
1152.1,3938.7,-6.9,0,4.5377763,203.5,17.1,0.85162231
1155.1,3938.3,3,-0.4,4.5491303,203.8,17.1,0.85140357
1161,3937.7,5.9,-0.6,4.5716697,204.1,17.1,0.85118483
1145.1,3938.1,-15.9,0.4,4.5095183,204.5,17.1,0.85089318
1159,3937.2,13.9,-0.9,4.5632148,204.8,17,0.85067444
1147.1,3937.5,-11.9,0.3,4.5167063,205.1,17.1,0.85045571
1135.1,3937.8,-12,0.3,4.4697968,205.4,17.1,0.85023697
1148,3936.9,12.9,-0.9,4.5195612,205.7,17.1,0.85001823
1160.2,3936.1,12.2,-0.8,4.5666632,206.1,17.1,0.84972658
1148.9,3936.3,-11.3,0.2,4.5224151,206.4,17.1,0.84950784
1154,3935.8,5.1,-0.5,4.5419132,206.7,17.1,0.8492891
1153,3935.6,-1,-0.2,4.5377468,207,17.1,0.84907036
1153.1,3935.4,0.1,-0.2,4.5379097,207.3,17.1,0.84885162
1157,3934.9,3.9,-0.5,4.5526793,207.7,17.1,0.84855997
1168.1,3934.1,11.1,-0.8,4.5954222,208,17.1,0.84834123
1146.1,3934.9,-22,0.8,4.5097889,208.3,17.1,0.84812249
1164,3933.8,17.9,-1.1,4.5789432,208.6,17.1,0.84790376
1165.1,3933.5,1.1,-0.3,4.5829209,209,17.1,0.8476121
1163.1,3933.4,-2,-0.1,4.5749375,209.3,17.1,0.84739336
1159,3933.4,-4.1,0,4.5588106,209.6,17.1,0.84717463
1157.2,3933.2,-1.8,-0.2,4.551499,209.9,17.1,0.84695589
1162.1,3932.8,4.9,-0.4,4.5703069,210.2,17.1,0.84673715
1154,3933,-8.1,0.2,4.538682,210.6,17.1,0.8464455
1156.1,3932.7,2.1,-0.3,4.5465945,210.9,17.1,0.84622676
1145.2,3933,-10.9,0.3,4.5040716,211.2,17.1,0.84600802
1167,3931.7,21.8,-1.3,4.5882939,211.5,17.1,0.84578928
1150,3932.3,-17,0.6,4.522145,211.8,17.1,0.84557054
1143.2,3932.5,-6.8,0.2,4.495634,212.2,17.1,0.84527889
1151,3932,7.8,-0.5,4.525732,212.5,17.1,0.84506015
1160,3931.4,9,-0.6,4.560424,212.8,17.1,0.84484141
1163.2,3931,3.2,-0.4,4.5725392,213.1,17.1,0.84462268
1156.1,3931.2,-7.1,0.2,4.5448603,213.5,17.1,0.84433102
1152,3931.2,-4.1,0,4.5287424,213.8,17.1,0.84411229
1161.2,3930.6,9.2,-0.6,4.5642127,214.1,17.1,0.84389355
1153,3930.8,-8.2,0.2,4.5322124,214.4,17.1,0.84367481
1146,3931,-7,0.2,4.504926,214.7,17.1,0.84345607
1170.2,3929.6,24.2,-1.4,4.5984179,215.1,17.1,0.84316442
1163,3929.8,-7.2,0.2,4.5703574,215.4,17.1,0.84294568
1160.1,3929.7,-2.9,-0.1,4.558845,215.7,17.1,0.84272694
1176.1,3928.8,16,-0.9,4.6206617,216,17.1,0.8425082
1162,3929.2,-14.1,0.4,4.5657304,216.4,17.1,0.84221655
1161.2,3929.1,-0.8,-0.1,4.5624709,216.7,17.1,0.84199781
1151,3929.5,-10.2,0.4,4.5228545,217,17.1,0.84177907
1145.2,3929.6,-5.8,0.1,4.5001779,217.3,17.1,0.84156034
1167,3928.4,21.8,-1.2,4.5844428,217.6,17.1,0.8413416
1169.1,3928.1,2.1,-0.3,4.5923417,218,17.1,0.84104995
1159,3928.4,-10.1,0.3,4.5530156,218.3,17.1,0.84083121
1161.1,3928.2,2.1,-0.2,4.561033,218.6,17.1,0.84061247
1154,3928.4,-7.1,0.2,4.5333736,218.9,17.1,0.84039373
1151.1,3928.4,-2.9,0,4.5219812,219.2,17.1,0.84017499
1149.1,3928.4,-2,0,4.5141244,219.6,17.1,0.83988334
577.1,3956.2,-572,27.8,2.283123,219.7,17.1,0.83981043
0,3985.5,-577.1,29.3,0,219.7,17.1,0.83981043
0,3987.8,0,2.3,0,219.7,17.1,0.83981043
0,3989.6,0,1.8,0,219.7,17.1,0.83981043
0,3991.2,0,1.6,0,219.7,17.1,0.83981043
0,3992.5,0,1.3,0,219.7,17.1,0.83981043
0,3993.8,0,1.3,0,219.7,17.1,0.83981043
0,3995,0,1.2,0,219.7,17.1,0.83981043
0,3996.1,0,1.1,0,219.7,17.1,0.83981043
0,3997.1,0,1,0,219.7,17.1,0.83981043
0,3998.1,0,1,0,219.7,17.1,0.83981043
0,3999,0,0.9,0,219.7,17.1,0.83981043
0,3999.9,0,0.9,0,219.7,17.1,0.83981043
0,4000.7,0,0.8,0,219.7,17.1,0.83981043
0,4001.5,0,0.8,0,219.7,17.1,0.83981043
0,4002.3,0,0.8,0,219.7,17.1,0.83981043
0,4003,0,0.7,0,219.7,17.1,0.83981043
0,4003.7,0,0.7,0,219.7,17.1,0.83981043
0,4004.4,0,0.7,0,219.7,17.1,0.83981043
0,4005,0,0.6,0,219.7,17.1,0.83981043
0,4005.7,0,0.7,0,219.7,17.1,0.83981043
0,4006.3,0,0.6,0,219.7,17.1,0.83981043
0,4006.9,0,0.6,0,219.7,17.1,0.83981043
0,4007.5,0,0.6,0,219.7,17.1,0.83981043
0,4008,0,0.5,0,219.7,17.1,0.83981043
0,4008.6,0,0.6,0,219.7,17.1,0.83981043
0,4009.1,0,0.5,0,219.7,17.1,0.83981043
0,4009.6,0,0.5,0,219.7,17.1,0.83981043
0,4010.1,0,0.5,0,219.7,17.1,0.83981043
0,4010.6,0,0.5,0,219.7,17.1,0.83981043
0,4011.1,0,0.5,0,219.7,17.1,0.83981043
0,4011.5,0,0.4,0,219.7,17.1,0.83981043
0,4012,0,0.5,0,219.7,17.1,0.83981043
0,4012.4,0,0.4,0,219.7,17.1,0.83981043
0,4012.9,0,0.5,0,219.7,17.1,0.83981043
0,4013.3,0,0.4,0,219.7,17.1,0.83981043
0,4013.7,0,0.4,0,219.7,17.1,0.83981043
0,4014.1,0,0.4,0,219.7,17.1,0.83981043
0,4014.5,0,0.4,0,219.7,17.1,0.83981043
0,4014.8,0,0.3,0,219.7,17.1,0.83981043
0,4015.2,0,0.4,0,219.7,17.1,0.83981043
0,4015.6,0,0.4,0,219.7,17.1,0.83981043
0,4015.9,0,0.3,0,219.7,17.1,0.83981043
0,4016.3,0,0.4,0,219.7,17.1,0.83981043
0,4016.6,0,0.3,0,219.7,17.1,0.83981043
0,4016.9,0,0.3,0,219.7,17.1,0.83981043
0,4017.3,0,0.4,0,219.7,17.1,0.83981043
0,4017.6,0,0.3,0,219.7,17.1,0.83981043
0,4017.9,0,0.3,0,219.7,17.1,0.83981043
0,4018.2,0,0.3,0,219.7,17.1,0.83981043
0,4018.5,0,0.3,0,219.7,17.1,0.83981043
0,4018.7,0,0.2,0,219.7,17.1,0.83981043
0,4019,0,0.3,0,219.7,17.1,0.83981043
0,4019.3,0,0.3,0,219.7,17.1,0.83981043
0,4019.5,0,0.2,0,219.7,17.1,0.83981043
0,4019.8,0,0.3,0,219.7,17.1,0.83981043
0,4020.1,0,0.3,0,219.7,17.1,0.83981043
0,4020.4,0,0.3,0,219.7,17.1,0.83981043
0,4020.6,0,0.2,0,219.7,17.1,0.83981043
0,4020.9,0,0.3,0,219.7,17.1,0.83981043
0,4021.1,0,0.2,0,219.7,17.1,0.83981043
0,4021.3,0,0.2,0,219.7,17.1,0.83981043
0,4021.6,0,0.3,0,219.7,17.1,0.83981043
0,4021.8,0,0.2,0,219.7,17.1,0.83981043
0,4022,0,0.2,0,219.7,17.1,0.83981043
0,4022.2,0,0.2,0,219.7,17.1,0.83981043
0,4022.4,0,0.2,0,219.7,17.1,0.83981043
0,4022.7,0,0.3,0,219.7,17.1,0.83981043
0,4022.9,0,0.2,0,219.7,17.1,0.83981043
0,4023,0,0.1,0,219.7,17.1,0.83981043
0,4023.2,0,0.2,0,219.7,17.1,0.83981043
0,4023.5,0,0.3,0,219.7,17.1,0.83981043
0,4023.6,0,0.1,0,219.7,17.1,0.83981043
0,4023.8,0,0.2,0,219.7,17.1,0.83981043
0,4024,0,0.2,0,219.7,17.1,0.83981043
0,4024.2,0,0.2,0,219.7,17.1,0.83981043
0,4024.4,0,0.2,0,219.7,17.1,0.83981043
0,4024.5,0,0.1,0,219.7,17,0.83981043
0,4024.7,0,0.2,0,219.7,17,0.83981043
0,4024.9,0,0.2,0,219.7,17,0.83981043
0,4025,0,0.1,0,219.7,17,0.83981043
0,4025.2,0,0.2,0,219.7,17,0.83981043
0,4025.4,0,0.2,0,219.7,17,0.83981043
0,4025.5,0,0.1,0,219.7,17,0.83981043
0,4025.7,0,0.2,0,219.7,17,0.83981043
0,4025.8,0,0.1,0,219.7,17,0.83981043
0,4026,0,0.2,0,219.7,17,0.83981043
0,4026.1,0,0.1,0,219.7,17,0.83981043
0,4026.2,0,0.1,0,219.7,17,0.83981043
0,4026.4,0,0.2,0,219.7,17,0.83981043
0,4026.5,0,0.1,0,219.7,17,0.83981043
0,4026.6,0,0.1,0,219.7,17,0.83981043
0,4026.8,0,0.2,0,219.7,17,0.83981043
0,4026.9,0,0.1,0,219.7,17,0.83981043
0,4027.1,0,0.2,0,219.7,17,0.83981043
0,4027.2,0,0.1,0,219.7,17,0.83981043
0,4027.3,0,0.1,0,219.7,17,0.83981043
0,4027.4,0,0.1,0,219.7,17,0.83981043
1142,3971.9,1142,-55.5,4.5359098,220,17,0.83959169
2282.9,3913.8,1140.9,-58.1,8.934814,220.7,17,0.8390813
2286,3909.1,3.1,-4.7,8.9362026,221.3,17,0.83864382
2283.1,3905.6,-2.9,-3.5,8.9168754,221.9,17,0.83820634
2282.1,3902.5,-1,-3.1,8.9058952,222.6,17,0.83769595
2289,3899.3,6.9,-3.2,8.9254977,223.2,17,0.83725848
2281,3897.1,-8,-2.2,8.8892851,223.8,17,0.836821
2290,3894.2,9,-2.9,8.917718,224.5,17,0.83631061
2284,3892.3,-6,-1.9,8.8900132,225.1,17,0.83587313
2283,3890.2,-1,-2.1,8.8813266,225.8,17,0.83536274
2277,3888.5,-6,-1.7,8.8541145,226.4,17,0.83492526
2277,3886.5,0,-2,8.8495605,227,17,0.83448779
2279,3884.7,2,-1.8,8.8532313,227.7,17,0.8339774
2298,3882,19,-2.7,8.920836,228.3,17,0.83353992
2289,3880.7,-9,-1.3,8.8829223,228.9,17,0.83310244
2294,3878.8,5,-1.9,8.8979672,229.6,17,0.83259205
2281,3877.9,-13,-0.9,8.8454899,230.2,17,0.83215458
2281,3876.3,0,-1.6,8.8418403,230.8,17,0.8317171
2285,3874.7,4,-1.6,8.8536895,231.5,17,0.83120671
2291,3872.9,6,-1.8,8.8728139,232.1,17,0.83076923
2281.1,3872.1,-9.9,-0.8,8.8326473,232.7,17,0.83033175
2277.1,3870.9,-4,-1.2,8.8144264,233.4,17,0.82982136
2290,3869,12.9,-1.9,8.86001,234,17,0.82938389
2296.1,3867.3,6.1,-1.7,8.8797075,234.6,17,0.82894641
2290,3866.4,-6.1,-0.9,8.854056,235.3,17,0.82843602
2303.1,3864.6,13.1,-1.8,8.9005603,235.9,17,0.82799854
2279.1,3864.5,-24,-0.1,8.807582,236.6,17,0.82748815
2272.1,3863.7,-7,-0.8,8.7787128,237.2,17,0.82705067
2281.1,3862.2,9,-1.5,8.8100644,237.8,17.1,0.8266132
2274.1,3861.3,-7,-0.9,8.7809823,238.4,17.1,0.82617572
2282,3859.9,7.9,-1.4,8.8082918,239.1,17.1,0.82566533
2281,3858.9,-1,-1,8.8021509,239.7,17.1,0.82522785
2275,3858.1,-6,-0.8,8.7771775,240.3,17.1,0.82479038
2276,3857.1,1,-1,8.7787596,241,17.1,0.82427999
2294,3855.2,18,-1.9,8.8438288,241.6,17.1,0.82384251
2281,3854.8,-13,-0.4,8.7927988,242.3,17.1,0.82333212
2294,3853.2,13,-1.6,8.8392408,242.9,17.1,0.82289464
2283,3852.8,-11,-0.4,8.7959424,243.5,17.1,0.82245716
2280,3852,-3,-0.8,8.78256,244.2,17.1,0.82194677
2287.1,3850.7,7.1,-1.3,8.806936,244.8,17.1,0.8215093
2278.1,3850.3,-9,-0.4,8.7713684,245.4,17.1,0.82107182
2280.1,3849.3,2,-1,8.7767889,246.1,17.1,0.82056143
2285,3848.2,4.9,-1.1,8.793137,246.7,17.1,0.82012395
2282.1,3847.5,-2.9,-0.7,8.7803797,247.3,17.1,0.81968647
2286.1,3846.4,4,-1.1,8.793255,248,17.1,0.81917608
2288,3845.4,1.9,-1,8.7982752,248.6,17.1,0.81873861
2268.1,3845.6,-19.9,0.2,8.7222054,249.2,17.1,0.81830113
2264.2,3845,-3.9,-0.6,8.705849,249.9,17.1,0.81779074
2307.1,3842.1,42.9,-2.9,8.8641089,250.5,17.1,0.81735326
2274,3842.9,-33.1,0.8,8.7387546,251.1,17.1,0.81691579
2282,3841.7,8,-1.2,8.7667594,251.8,17.1,0.8164054
2284,3840.9,2,-0.8,8.7726156,252.4,17.1,0.81596792
2277,3840.5,-7,-0.4,8.7448185,253,17.1,0.81553044
2284,3839.4,7,-1.1,8.7691896,253.7,17.1,0.81502005
2281.1,3838.8,-2.9,-0.6,8.7566867,254.3,17.1,0.81458257
2279,3838.2,-2.1,-0.6,8.7472578,254.9,17.1,0.8141451
2276,3837.6,-3,-0.6,8.7343776,255.6,17.1,0.81363471
2273.1,3837,-2.9,-0.6,8.7218847,256.2,17.1,0.81319723
2281.1,3836,8,-1,8.7502996,256.8,17.1,0.81275975
2283.1,3835.2,2,-0.8,8.7561451,257.5,17.1,0.81224936
2273.1,3835,-10,-0.2,8.7173385,258.1,17.1,0.81181188
2275,3834.2,1.9,-0.8,8.722805,258.7,17.1,0.81137441
2279,3833.4,4,-0.8,8.7363186,259.4,17.1,0.81086402
2273.1,3833,-5.9,-0.4,8.7127923,260,17.1,0.81042654
2278,3832.1,4.9,-0.9,8.7295238,260.6,17.2,0.80998906
2287,3831,9,-1.1,8.761497,261.3,17.2,0.80947867
2280,3830.7,-7,-0.3,8.733996,261.9,17.2,0.8090412
2283,3829.9,3,-0.8,8.7436617,262.5,17.2,0.80860372
2285,3829.2,2,-0.7,8.749722,263.2,17.2,0.80809333
2274,3829.1,-11,-0.1,8.7073734,263.8,17.2,0.80765585
2278,3828.3,4,-0.8,8.7208674,264.4,17.2,0.80721837
2282,3827.5,4,-0.8,8.734355,265.1,17.2,0.80670798
1142.1,3883,-1139.9,55.5,4.4347743,265.4,17.2,0.80648925
0,3941.3,-1142.1,58.3,0,265.4,17.2,0.80648925
0,3945.8,0,4.5,0,265.4,17.2,0.80648925
0,3949.3,0,3.5,0,265.4,17.2,0.80648925
0,3952.3,0,3,0,265.4,17.2,0.80648925
0,3954.9,0,2.6,0,265.4,17.2,0.80648925
0,3957.3,0,2.4,0,265.4,17.2,0.80648925
0,3959.5,0,2.2,0,265.4,17.2,0.80648925
0,3961.5,0,2,0,265.4,17.2,0.80648925
0,3963.4,0,1.9,0,265.4,17.2,0.80648925
0,3965.1,0,1.7,0,265.4,17.2,0.80648925
0,3966.8,0,1.7,0,265.4,17.2,0.80648925
0,3968.3,0,1.5,0,265.4,17.2,0.80648925
0,3969.8,0,1.5,0,265.4,17.2,0.80648925
0,3971.2,0,1.4,0,265.4,17.2,0.80648925
0,3972.6,0,1.4,0,265.4,17.2,0.80648925
0,3973.9,0,1.3,0,265.4,17.2,0.80648925
0,3975.1,0,1.2,0,265.4,17.2,0.80648925
0,3976.3,0,1.2,0,265.4,17.2,0.80648925
0,3977.4,0,1.1,0,265.4,17.2,0.80648925
0,3978.5,0,1.1,0,265.4,17.2,0.80648925
0,3979.6,0,1.1,0,265.4,17.2,0.80648925
0,3980.6,0,1,0,265.4,17.2,0.80648925
0,3981.6,0,1,0,265.4,17.2,0.80648925
0,3982.5,0,0.9,0,265.4,17.2,0.80648925
0,3983.5,0,1,0,265.4,17.2,0.80648925
0,3984.4,0,0.9,0,265.4,17.2,0.80648925
0,3985.3,0,0.9,0,265.4,17.2,0.80648925
0,3986.1,0,0.8,0,265.4,17.2,0.80648925
0,3986.9,0,0.8,0,265.4,17.2,0.80648925
0,3987.7,0,0.8,0,265.4,17.2,0.80648925
0,3988.5,0,0.8,0,265.4,17.2,0.80648925
0,3989.2,0,0.7,0,265.4,17.2,0.80648925
0,3990,0,0.8,0,265.4,17.2,0.80648925
0,3990.7,0,0.7,0,265.4,17.2,0.80648925
0,3991.3,0,0.6,0,265.4,17.2,0.80648925
0,3992,0,0.7,0,265.4,17.2,0.80648925
0,3992.7,0,0.7,0,265.4,17.2,0.80648925
0,3993.3,0,0.6,0,265.4,17.2,0.80648925
0,3994,0,0.7,0,265.4,17.2,0.80648925
0,3994.5,0,0.5,0,265.4,17.2,0.80648925
0,3995.1,0,0.6,0,265.4,17.2,0.80648925
0,3995.7,0,0.6,0,265.4,17.2,0.80648925
0,3996.3,0,0.6,0,265.4,17.2,0.80648925
0,3996.8,0,0.5,0,265.4,17.2,0.80648925
0,3997.4,0,0.6,0,265.4,17.2,0.80648925
0,3997.9,0,0.5,0,265.4,17.2,0.80648925
0,3998.4,0,0.5,0,265.4,17.2,0.80648925
0,3998.9,0,0.5,0,265.4,17.2,0.80648925
0,3999.4,0,0.5,0,265.4,17.2,0.80648925
0,3999.9,0,0.5,0,265.4,17.2,0.80648925
0,4000.3,0,0.4,0,265.4,17.2,0.80648925
0,4000.8,0,0.5,0,265.4,17.2,0.80648925
0,4001.3,0,0.5,0,265.4,17.2,0.80648925
0,4001.7,0,0.4,0,265.4,17.2,0.80648925
0,4002.1,0,0.4,0,265.4,17.2,0.80648925
0,4002.5,0,0.4,0,265.4,17.2,0.80648925
0,4003,0,0.5,0,265.4,17.2,0.80648925
0,4003.4,0,0.4,0,265.4,17.2,0.80648925
0,4003.8,0,0.4,0,265.4,17.2,0.80648925
0,4004.1,0,0.3,0,265.4,17.2,0.80648925
0,4004.5,0,0.4,0,265.4,17.2,0.80648925
0,4004.9,0,0.4,0,265.4,17.2,0.80648925
0,4005.3,0,0.4,0,265.4,17.2,0.80648925
0,4005.7,0,0.4,0,265.4,17.2,0.80648925
0,4006,0,0.3,0,265.4,17.2,0.80648925
0,4006.3,0,0.3,0,265.4,17.2,0.80648925
0,4006.7,0,0.4,0,265.4,17.2,0.80648925
0,4006.9,0,0.2,0,265.4,17.2,0.80648925
0,4007.3,0,0.4,0,265.4,17.2,0.80648925
0,4007.6,0,0.3,0,265.4,17.2,0.80648925
0,4008,0,0.4,0,265.4,17.2,0.80648925
0,4008.3,0,0.3,0,265.4,17.2,0.80648925
0,4008.5,0,0.2,0,265.4,17.2,0.80648925
0,4008.8,0,0.3,0,265.4,17.2,0.80648925
0,4009.1,0,0.3,0,265.4,17.2,0.80648925
0,4009.4,0,0.3,0,265.4,17.2,0.80648925
0,4009.7,0,0.3,0,265.4,17.2,0.80648925
0,4010,0,0.3,0,265.4,17.2,0.80648925
0,4010.2,0,0.2,0,265.4,17.2,0.80648925
0,4010.5,0,0.3,0,265.4,17.2,0.80648925
0,4010.8,0,0.3,0,265.4,17.2,0.80648925
0,4011,0,0.2,0,265.4,17.2,0.80648925
0,4011.3,0,0.3,0,265.4,17.2,0.80648925
0,4011.5,0,0.2,0,265.4,17.2,0.80648925
0,4011.8,0,0.3,0,265.4,17.2,0.80648925
0,4012,0,0.2,0,265.4,17.2,0.80648925
0,4012.2,0,0.2,0,265.4,17.2,0.80648925
0,4012.5,0,0.3,0,265.4,17.2,0.80648925
0,4012.7,0,0.2,0,265.4,17.2,0.80648925
0,4012.9,0,0.2,0,265.4,17.2,0.80648925
0,4013.2,0,0.3,0,265.4,17.2,0.80648925
0,4013.4,0,0.2,0,265.4,17.2,0.80648925
0,4013.6,0,0.2,0,265.4,17.2,0.80648925
0,4013.8,0,0.2,0,265.4,17.2,0.80648925
0,4014,0,0.2,0,265.4,17.2,0.80648925
0,4014.2,0,0.2,0,265.4,17.2,0.80648925
0,4014.4,0,0.2,0,265.4,17.2,0.80648925
0,4014.6,0,0.2,0,265.4,17.2,0.80648925
0,4014.8,0,0.2,0,265.4,17.2,0.80648925
0,4015,0,0.2,0,265.4,17.2,0.80648925
0,4015.2,0,0.2,0,265.4,17.2,0.80648925
0,4015.4,0,0.2,0,265.4,17.2,0.80648925
0,4015.5,0,0.1,0,265.4,17.2,0.80648925
0,4015.7,0,0.2,0,265.4,17.2,0.80648925
0,4015.9,0,0.2,0,265.4,17.2,0.80648925
0,4016.1,0,0.2,0,265.4,17.2,0.80648925
0,4016.3,0,0.2,0,265.4,17.2,0.80648925
0,4016.4,0,0.1,0,265.4,17.2,0.80648925
0,4016.6,0,0.2,0,265.4,17.2,0.80648925
0,4016.7,0,0.1,0,265.4,17.2,0.80648925
0,4016.9,0,0.2,0,265.4,17.2,0.80648925
1029.9,3967.3,1029.9,-49.6,4.0859223,265.7,17.2,0.80627051
2064.8,3915.2,1034.9,-52.1,8.084105,266.2,17.2,0.80590594
2059.9,3911.3,-4.9,-3.9,8.0568869,266.8,17.2,0.80546847
2062,3907.9,2.1,-3.4,8.0580898,267.4,17.2,0.80503099
2052.9,3905.4,-9.1,-2.5,8.0173957,267.9,17.2,0.80466642
2049.1,3903,-3.8,-2.4,7.9976373,268.5,17.2,0.80422895
2059.9,3900.1,10.8,-2.9,8.033816,269.1,17.2,0.80379147
2071,3897.4,11.1,-2.7,8.0715154,269.7,17.2,0.80335399
2061.9,3895.7,-9.1,-1.7,8.0325438,270.2,17.2,0.80298943
2060,3893.9,-1.9,-1.8,8.021434,270.8,17.2,0.80255195
2066.9,3891.7,6.9,-2.2,8.0437547,271.4,17.2,0.80211447
2055.9,3890.4,-11,-1.3,7.9982734,272,17.2,0.801677
2049.9,3889,-6,-1.4,7.9720611,272.5,17.2,0.80131243
2052,3887.2,2.1,-1.8,7.9765344,273.1,17.2,0.80087495
2048.9,3885.9,-3.1,-1.3,7.9618205,273.7,17.2,0.80043748
2068,3883.4,19.1,-2.5,8.0308712,274.2,17.2,0.80007291
2059,3882.4,-9,-1,7.9938616,274.8,17.2,0.79963544
2068.1,3880.5,9.1,-1.9,8.0252621,275.4,17.2,0.79919796
2063,3879.4,-5.1,-1.1,8.0032022,276,17.2,0.79876048
2066,3877.9,3,-1.5,8.0117414,276.5,17.2,0.79839592
2061.9,3876.7,-4.1,-1.2,7.9933677,277.1,17.2,0.79795844
2055.1,3875.8,-6.8,-0.9,7.9651566,277.7,17.2,0.79752096
2059.9,3874.4,4.8,-1.4,7.9808766,278.2,17.2,0.7971564
2062,3873,2.1,-1.4,7.986126,278.8,17.2,0.79671892
2066.9,3871.7,4.9,-1.3,8.0024167,279.4,17.2,0.79628144
2057.1,3870.9,-9.8,-0.8,7.9628284,280,17.2,0.79584397
2061.9,3869.6,4.8,-1.3,7.9787282,280.5,17.2,0.7954794
2078,3867.7,16.1,-1.9,8.0370806,281.1,17.2,0.79504192
2058.9,3867.5,-19.1,-0.2,7.9627957,281.7,17.2,0.79460445
2054,3866.7,-4.9,-0.8,7.9422018,282.3,17.2,0.79416697
2063,3865.3,9,-1.4,7.9741139,282.8,17.2,0.79380241
2052,3864.8,-11,-0.5,7.9305696,283.4,17.2,0.79336493
2060,3863.4,8,-1.4,7.958604,284,17.2,0.79292745
2064.9,3862.2,4.9,-1.2,7.9750568,284.5,17.2,0.79256289
2052,3861.9,-12.9,-0.3,7.9246188,285.1,17.2,0.79212541
2059,3860.6,7,-1.3,7.9489754,285.7,17.2,0.79168793
2057.9,3859.7,-1.1,-0.9,7.9428766,286.3,17.2,0.79125046
2068,3858.3,10.1,-1.4,7.9789644,286.8,17.2,0.79088589
2059.9,3857.8,-8.1,-0.5,7.9466822,287.4,17.2,0.79044841
2051,3857.4,-8.9,-0.4,7.9115274,288,17.2,0.79001094
2066.8,3855.7,15.8,-1.7,7.9689608,288.6,17.2,0.78957346
2051,3855.7,-15.8,0,7.9080407,289.1,17.2,0.7892089
2061.9,3854.3,10.9,-1.4,7.9471812,289.7,17.2,0.78877142
2061,3853.5,-0.9,-0.8,7.9420635,290.3,17.2,0.78833394
2065.9,3852.5,4.9,-1,7.9588798,290.8,17.2,0.78796938
2068.9,3851.6,3,-0.9,7.9685752,291.4,17.2,0.7875319
2067.9,3850.8,-1,-0.8,7.9630693,292,17.2,0.78709442
2054.9,3850.6,-13,-0.2,7.9125979,292.6,17.2,0.78665694
2051,3850.1,-3.9,-0.5,7.8965551,293.1,17.2,0.78629238
2066,3848.6,15,-1.5,7.9512076,293.7,17.2,0.7858549
2061.9,3848,-4.1,-0.6,7.9341912,294.3,17.2,0.78541743
2072,3846.8,10.1,-1.2,7.9705696,294.9,17.2,0.78497995
2059.9,3846.7,-12.1,-0.1,7.9238173,295.4,17.2,0.78461538
2079,3845,19.1,-1.7,7.993755,296,17.2,0.78417791
2055.2,3845.5,-23.8,0.5,7.9032716,296.6,17.2,0.78374043
2054.9,3844.8,-0.3,-0.7,7.9006795,297.1,17.2,0.78337587
2053.9,3844.2,-1,-0.6,7.8956024,297.7,17.2,0.78293839
2052.1,3843.6,-1.8,-0.6,7.8874516,298.3,17.2,0.78250091
2071.9,3842,19.8,-1.6,7.9602398,298.9,17.2,0.78206343
2067,3841.6,-4.9,-0.4,7.9405872,299.4,17.2,0.78169887
2055.1,3841.5,-11.9,-0.1,7.8946666,300,17.2,0.78126139
2059.9,3840.6,4.8,-0.9,7.9112519,300.6,17.2,0.78082392
2055.1,3840.2,-4.8,-0.4,7.891995,301.1,17.2,0.78045935
2067.9,3839,12.8,-1.2,7.9386681,301.7,17.2,0.78002187
2056.9,3838.9,-11,-0.1,7.8962334,302.3,17.2,0.7795844
2063,3838,6.1,-0.9,7.917794,302.9,17.2,0.77914692
2053,3837.9,-10,-0.1,7.8792087,303.4,17.2,0.77878236
2064.9,3836.7,11.9,-1.2,7.9224018,304,17.2,0.77834488
2050.1,3836.9,-14.8,0.2,7.8660287,304.6,17.2,0.7779074
2054.9,3836.1,4.8,-0.8,7.8828019,305.2,17.2,0.77746992
2046.9,3836,-8,-0.1,7.8519084,305.7,17.3,0.77710536
2062,3834.7,15.1,-1.3,7.9071514,306.3,17.3,0.77666788
2053,3834.5,-9,-0.2,7.8722285,306.9,17.3,0.7762304
2061.9,3833.6,8.9,-0.9,7.9044998,307.4,17.3,0.77586584
2049.9,3833.6,-12,0,7.8584966,308,17.3,0.77542836
2048.1,3833.2,-1.8,-0.4,7.8507769,308.6,17.3,0.77499089
2061.9,3831.9,13.8,-1.3,7.9009946,309.1,17.3,0.77462632
2067.9,3831.1,6,-0.8,7.9223317,309.7,17.3,0.77418884
2057.9,3831.1,-10,0,7.8840207,310.3,17.3,0.77375137
2049.9,3831,-8,-0.1,7.8531669,310.9,17.3,0.77331389
2056,3830.2,6.1,-0.8,7.8748912,311.4,17.3,0.77294933
2058.9,3829.5,2.9,-0.7,7.8845575,312,17.3,0.77251185
2069,3828.5,10.1,-1,7.9211665,312.6,17.3,0.77207437
2069.9,3828,0.9,-0.5,7.9235772,313.2,17.3,0.77163689
2060.9,3827.9,-9,-0.1,7.8889191,313.7,17.3,0.77127233
2058.9,3827.5,-2,-0.4,7.8804397,314.3,17.3,0.77083485
2058,3827.1,-0.9,-0.4,7.8761718,314.9,17.3,0.77039738
2058.9,3826.5,0.9,-0.6,7.8783808,315.4,17.3,0.77003281
2061.9,3825.9,3,-0.6,7.8886232,316,17.3,0.76959533
2052.9,3825.9,-9,0,7.8541901,316.6,17.3,0.76915786
2047,3825.7,-5.9,-0.2,7.8312079,317.2,17.3,0.76872038
2058,3824.8,11,-0.9,7.8714384,317.7,17.3,0.76835581
2056,3824.4,-2,-0.4,7.8629664,318.3,17.3,0.76791834
2059.1,3823.8,3.1,-0.6,7.8735866,318.9,17.3,0.76748086
2059.9,3823.3,0.8,-0.5,7.8756157,319.4,17.3,0.7671163
2054,3823.2,-5.9,-0.1,7.8528528,320,17.3,0.76667882
2074.9,3821.7,20.9,-1.5,7.9296453,320.6,17.3,0.76624134
2062.9,3821.8,-12,0.1,7.8839912,321.2,17.3,0.76580386
2053,3821.9,-9.9,0.1,7.8463607,321.7,17.3,0.7654393
2039.9,3822.1,-13.1,0.2,7.7967018,322.3,17.3,0.76500182
2059.9,3820.7,20,-1.4,7.8702599,322.9,17.3,0.76456435
1030.3,3870.7,-1029.6,50,3.9879822,323.2,17.3,0.76434561
0,3923.3,-1030.3,52.6,0,323.2,17.3,0.76434561
0,3927.7,0,4.4,0,323.2,17.3,0.76434561
0,3931.2,0,3.5,0,323.2,17.3,0.76434561
0,3934.3,0,3.1,0,323.2,17.3,0.76434561
0,3936.9,0,2.6,0,323.2,17.3,0.76434561
0,3939.4,0,2.5,0,323.2,17.4,0.76434561
0,3941.6,0,2.2,0,323.2,17.4,0.76434561
0,3943.8,0,2.2,0,323.2,17.4,0.76434561
0,3945.7,0,1.9,0,323.2,17.4,0.76434561
0,3947.5,0,1.8,0,323.2,17.4,0.76434561
0,3949.3,0,1.8,0,323.2,17.4,0.76434561
0,3951,0,1.7,0,323.2,17.4,0.76434561
0,3952.6,0,1.6,0,323.2,17.4,0.76434561
0,3954.1,0,1.5,0,323.2,17.4,0.76434561
0,3955.5,0,1.4,0,323.2,17.4,0.76434561
0,3956.9,0,1.4,0,323.2,17.4,0.76434561
0,3958.3,0,1.4,0,323.2,17.4,0.76434561
0,3959.5,0,1.2,0,323.2,17.4,0.76434561
0,3960.7,0,1.2,0,323.2,17.4,0.76434561
0,3962,0,1.3,0,323.2,17.4,0.76434561
0,3963.1,0,1.1,0,323.2,17.4,0.76434561
0,3964.2,0,1.1,0,323.2,17.4,0.76434561
0,3965.3,0,1.1,0,323.2,17.4,0.76434561
0,3966.3,0,1,0,323.2,17.4,0.76434561
0,3967.3,0,1,0,323.2,17.4,0.76434561
0,3968.3,0,1,0,323.2,17.4,0.76434561
0,3969.2,0,0.9,0,323.2,17.4,0.76434561
0,3970.1,0,0.9,0,323.2,17.4,0.76434561
0,3971,0,0.9,0,323.2,17.4,0.76434561
0,3971.9,0,0.9,0,323.2,17.4,0.76434561
0,3972.8,0,0.9,0,323.2,17.4,0.76434561
0,3973.5,0,0.7,0,323.2,17.4,0.76434561
0,3974.4,0,0.9,0,323.2,17.4,0.76434561
0,3975.1,0,0.7,0,323.2,17.4,0.76434561
0,3975.9,0,0.8,0,323.2,17.4,0.76434561
0,3976.6,0,0.7,0,323.2,17.4,0.76434561
0,3977.3,0,0.7,0,323.2,17.4,0.76434561
0,3978,0,0.7,0,323.2,17.4,0.76434561
0,3978.7,0,0.7,0,323.2,17.4,0.76434561
0,3979.3,0,0.6,0,323.2,17.4,0.76434561
0,3980,0,0.7,0,323.2,17.4,0.76434561
0,3980.6,0,0.6,0,323.2,17.4,0.76434561
0,3981.2,0,0.6,0,323.2,17.4,0.76434561
0,3981.8,0,0.6,0,323.2,17.4,0.76434561
0,3982.4,0,0.6,0,323.2,17.4,0.76434561
0,3983,0,0.6,0,323.2,17.4,0.76434561
0,3983.6,0,0.6,0,323.2,17.4,0.76434561
0,3984.1,0,0.5,0,323.2,17.4,0.76434561
0,3984.6,0,0.5,0,323.2,17.4,0.76434561
0,3985.1,0,0.5,0,323.2,17.4,0.76434561
0,3985.7,0,0.6,0,323.2,17.4,0.76434561
0,3986.2,0,0.5,0,323.2,17.4,0.76434561
0,3986.6,0,0.4,0,323.2,17.4,0.76434561
0,3987.1,0,0.5,0,323.2,17.4,0.76434561
0,3987.6,0,0.5,0,323.2,17.4,0.76434561
0,3988.1,0,0.5,0,323.2,17.4,0.76434561
0,3988.5,0,0.4,0,323.2,17.4,0.76434561
0,3989,0,0.5,0,323.2,17.3,0.76434561
0,3989.4,0,0.4,0,323.2,17.3,0.76434561
0,3989.8,0,0.4,0,323.2,17.3,0.76434561
0,3990.2,0,0.4,0,323.2,17.3,0.76434561
0,3990.6,0,0.4,0,323.2,17.3,0.76434561
0,3991,0,0.4,0,323.2,17.3,0.76434561
0,3991.4,0,0.4,0,323.2,17.3,0.76434561
0,3991.8,0,0.4,0,323.2,17.3,0.76434561
0,3992.2,0,0.4,0,323.2,17.3,0.76434561
0,3992.5,0,0.3,0,323.2,17.3,0.76434561
0,3992.9,0,0.4,0,323.2,17.3,0.76434561
0,3993.3,0,0.4,0,323.2,17.3,0.76434561
0,3993.6,0,0.3,0,323.2,17.3,0.76434561
0,3994,0,0.4,0,323.2,17.3,0.76434561
0,3994.3,0,0.3,0,323.2,17.3,0.76434561
0,3994.6,0,0.3,0,323.2,17.3,0.76434561
0,3994.9,0,0.3,0,323.2,17.3,0.76434561
0,3995.2,0,0.3,0,323.2,17.3,0.76434561
0,3995.5,0,0.3,0,323.2,17.3,0.76434561
0,3995.9,0,0.4,0,323.2,17.3,0.76434561
0,3996.2,0,0.3,0,323.2,17.3,0.76434561
0,3996.4,0,0.2,0,323.2,17.3,0.76434561
0,3996.7,0,0.3,0,323.2,17.3,0.76434561
0,3997,0,0.3,0,323.2,17.3,0.76434561
0,3997.3,0,0.3,0,323.2,17.3,0.76434561
0,3997.6,0,0.3,0,323.2,17.3,0.76434561
0,3997.8,0,0.2,0,323.2,17.3,0.76434561
0,3998.1,0,0.3,0,323.2,17.3,0.76434561
0,3998.4,0,0.3,0,323.2,17.3,0.76434561
0,3998.6,0,0.2,0,323.2,17.3,0.76434561
0,3998.9,0,0.3,0,323.2,17.3,0.76434561
0,3999.1,0,0.2,0,323.2,17.3,0.76434561
0,3999.4,0,0.3,0,323.2,17.3,0.76434561
0,3999.6,0,0.2,0,323.2,17.3,0.76434561
0,3999.8,0,0.2,0,323.2,17.3,0.76434561
0,4000.1,0,0.3,0,323.2,17.3,0.76434561
0,4000.3,0,0.2,0,323.2,17.3,0.76434561
0,4000.6,0,0.3,0,323.2,17.3,0.76434561
0,4000.8,0,0.2,0,323.2,17.3,0.76434561
0,4001,0,0.2,0,323.2,17.3,0.76434561
0,4001.2,0,0.2,0,323.2,17.3,0.76434561
0,4001.4,0,0.2,0,323.2,17.3,0.76434561
0,4001.6,0,0.2,0,323.2,17.3,0.76434561
0,4001.8,0,0.2,0,323.2,17.3,0.76434561
0,4002.1,0,0.3,0,323.2,17.3,0.76434561
0,4002.2,0,0.1,0,323.2,17.3,0.76434561
0,4002.4,0,0.2,0,323.2,17.3,0.76434561
0,4002.6,0,0.2,0,323.2,17.3,0.76434561
0,4002.8,0,0.2,0,323.2,17.3,0.76434561
0,4003,0,0.2,0,323.2,17.3,0.76434561
0,4003.2,0,0.2,0,323.2,17.3,0.76434561
0,4003.4,0,0.2,0,323.2,17.3,0.76434561
0,4003.6,0,0.2,0,323.2,17.3,0.76434561
0,4003.7,0,0.1,0,323.2,17.3,0.76434561
0,4003.9,0,0.2,0,323.2,17.3,0.76434561
0,4004.1,0,0.2,0,323.2,17.3,0.76434561
0,4004.3,0,0.2,0,323.2,17.3,0.76434561
0,4004.5,0,0.2,0,323.2,17.3,0.76434561
0,4004.7,0,0.2,0,323.2,17.3,0.76434561
0,4004.8,0,0.1,0,323.2,17.3,0.76434561
0,4004.9,0,0.1,0,323.2,17.3,0.76434561
0,4005.1,0,0.2,0,323.2,17.3,0.76434561
0,4005.3,0,0.2,0,323.2,17.3,0.76434561
0,4005.4,0,0.1,0,323.2,17.3,0.76434561
0,4005.6,0,0.2,0,323.2,17.3,0.76434561
0,4005.8,0,0.2,0,323.2,17.3,0.76434561
0,4005.9,0,0.1,0,323.2,17.3,0.76434561
0,4006.1,0,0.2,0,323.2,17.2,0.76434561
0,4006.2,0,0.1,0,323.2,17.2,0.76434561
0,4006.3,0,0.1,0,323.2,17.2,0.76434561
0,4006.5,0,0.2,0,323.2,17.2,0.76434561
0,4006.7,0,0.2,0,323.2,17.2,0.76434561
0,4006.8,0,0.1,0,323.2,17.2,0.76434561
0,4006.9,0,0.1,0,323.2,17.2,0.76434561
0,4007.1,0,0.2,0,323.2,17.2,0.76434561
0,4007.2,0,0.1,0,323.2,17.2,0.76434561
0,4007.4,0,0.2,0,323.2,17.2,0.76434561
0,4007.5,0,0.1,0,323.2,17.2,0.76434561
0,4007.7,0,0.2,0,323.2,17.2,0.76434561
0,4007.8,0,0.1,0,323.2,17.2,0.76434561
0,4007.9,0,0.1,0,323.2,17.2,0.76434561
0,4008,0,0.1,0,323.2,17.2,0.76434561
0,4008.2,0,0.2,0,323.2,17.2,0.76434561
0,4008.3,0,0.1,0,323.2,17.2,0.76434561
0,4008.4,0,0.1,0,323.2,17.2,0.76434561
0,4008.5,0,0.1,0,323.2,17.2,0.76434561
0,4008.7,0,0.2,0,323.2,17.2,0.76434561
0,4008.8,0,0.1,0,323.2,17.2,0.76434561
0,4008.9,0,0.1,0,323.2,17.2,0.76434561
0,4009,0,0.1,0,323.2,17.2,0.76434561
0,4009.1,0,0.1,0,323.2,17.2,0.76434561
0,4009.3,0,0.2,0,323.2,17.2,0.76434561
0,4009.4,0,0.1,0,323.2,17.2,0.76434561
0,4009.5,0,0.1,0,323.2,17.2,0.76434561
0,4009.6,0,0.1,0,323.2,17.2,0.76434561
0,4009.8,0,0.2,0,323.2,17.2,0.76434561
0,4009.9,0,0.1,0,323.2,17.2,0.76434561
0,4010,0,0.1,0,323.2,17.2,0.76434561
0,4010.1,0,0.1,0,323.2,17.2,0.76434561
0,4010.2,0,0.1,0,323.2,17.2,0.76434561
0,4010.3,0,0.1,0,323.2,17.2,0.76434561
0,4010.4,0,0.1,0,323.2,17.2,0.76434561
0,4010.5,0,0.1,0,323.2,17.2,0.76434561
0,4010.6,0,0.1,0,323.2,17.2,0.76434561
0,4010.7,0,0.1,0,323.2,17.2,0.76434561
0,4010.8,0,0.1,0,323.2,17.2,0.76434561
0,4010.9,0,0.1,0,323.2,17.2,0.76434561
0,4011,0,0.1,0,323.2,17.2,0.76434561
0,4011.1,0,0.1,0,323.2,17.2,0.76434561
0,4011.2,0,0.1,0,323.2,17.2,0.76434561
0,4011.3,0,0.1,0,323.2,17.2,0.76434561
0,4011.4,0,0.1,0,323.2,17.2,0.76434561
0,4011.5,0,0.1,0,323.2,17.2,0.76434561
0,4011.6,0,0.1,0,323.2,17.2,0.76434561
0,4011.7,0,0.1,0,323.2,17.2,0.76434561
0,4011.8,0,0.1,0,323.2,17.2,0.76434561
0,4011.9,0,0.1,0,323.2,17.2,0.76434561
0,4012,0,0.1,0,323.2,17.2,0.76434561
0,4012.1,0,0.1,0,323.2,17.2,0.76434561
0,4012.2,0,0.1,0,323.2,17.2,0.76434561
0,4012.3,0,0.1,0,323.2,17.2,0.76434561
0,4012.4,0,0.1,0,323.2,17.2,0.76434561
0,4012.4,0,0,0,323.2,17.2,0.76434561
0,4012.5,0,0.1,0,323.2,17.2,0.76434561
0,4012.7,0,0.2,0,323.2,17.2,0.76434561
0,4012.7,0,0,0,323.2,17.2,0.76434561
0,4012.8,0,0.1,0,323.2,17.2,0.76434561
0,4012.9,0,0.1,0,323.2,17.2,0.76434561
0,4013,0,0.1,0,323.2,17.2,0.76434561
0,4013.1,0,0.1,0,323.2,17.2,0.76434561
0,4013.2,0,0.1,0,323.2,17.2,0.76434561
0,4013.2,0,0,0,323.2,17.2,0.76434561
0,4013.3,0,0.1,0,323.2,17.2,0.76434561
0,4013.4,0,0.1,0,323.2,17.2,0.76434561
0,4013.5,0,0.1,0,323.2,17.2,0.76434561
0,4013.6,0,0.1,0,323.2,17.2,0.76434561
0,4013.7,0,0.1,0,323.2,17.2,0.76434561
0,4013.8,0,0.1,0,323.2,17.2,0.76434561
0,4013.9,0,0.1,0,323.2,17.2,0.76434561
0,4013.9,0,0,0,323.2,17.2,0.76434561
0,4014,0,0.1,0,323.2,17.2,0.76434561
0,4014.1,0,0.1,0,323.2,17.2,0.76434561
0,4014.2,0,0.1,0,323.2,17.2,0.76434561
0,4014.3,0,0.1,0,323.2,17.2,0.76434561
0,4014.3,0,0,0,323.2,17.2,0.76434561
0,4014.4,0,0.1,0,323.2,17.2,0.76434561
0,4014.4,0,0,0,323.2,17.2,0.76434561
0,4014.5,0,0.1,0,323.2,17.2,0.76434561
0,4014.6,0,0.1,0,323.2,17.2,0.76434561
0,4014.7,0,0.1,0,323.2,17.2,0.76434561
0,4014.8,0,0.1,0,323.2,17.2,0.76434561
0,4014.8,0,0,0,323.2,17.1,0.76434561
0,4014.9,0,0.1,0,323.2,17.1,0.76434561
0,4015,0,0.1,0,323.2,17.1,0.76434561
0,4015,0,0,0,323.2,17.1,0.76434561
0,4015.1,0,0.1,0,323.2,17.1,0.76434561
0,4015.2,0,0.1,0,323.2,17.1,0.76434561
0,4015.3,0,0.1,0,323.2,17.1,0.76434561
0,4015.4,0,0.1,0,323.2,17.1,0.76434561
0,4015.4,0,0,0,323.2,17.1,0.76434561
0,4015.5,0,0.1,0,323.2,17.1,0.76434561
0,4015.6,0,0.1,0,323.2,17.1,0.76434561
0,4015.6,0,0,0,323.2,17.1,0.76434561
0,4015.7,0,0.1,0,323.2,17.1,0.76434561
0,4015.8,0,0.1,0,323.2,17.1,0.76434561
0,4015.8,0,0,0,323.2,17.1,0.76434561
0,4015.9,0,0.1,0,323.2,17.1,0.76434561
0,4016,0,0.1,0,323.2,17.1,0.76434561
0,4016,0,0,0,323.2,17.1,0.76434561
0,4016.1,0,0.1,0,323.2,17.1,0.76434561
0,4016.2,0,0.1,0,323.2,17.1,0.76434561
0,4016.2,0,0,0,323.2,17.1,0.76434561
0,4016.3,0,0.1,0,323.2,17.1,0.76434561
0,4016.4,0,0.1,0,323.2,17.1,0.76434561
0,4016.4,0,0,0,323.2,17.1,0.76434561
0,4016.5,0,0.1,0,323.2,17.1,0.76434561
0,4016.6,0,0.1,0,323.2,17.1,0.76434561
0,4016.6,0,0,0,323.2,17.1,0.76434561
0,4016.7,0,0.1,0,323.2,17.1,0.76434561
0,4016.8,0,0.1,0,323.2,17.1,0.76434561
0,4016.8,0,0,0,323.2,17.1,0.76434561
0,4016.9,0,0.1,0,323.2,17.1,0.76434561
0,4017,0,0.1,0,323.2,17.1,0.76434561
0,4017,0,0,0,323.2,17.1,0.76434561
0,4017.1,0,0.1,0,323.2,17.1,0.76434561
0,4017.1,0,0,0,323.2,17.1,0.76434561
0,4017.2,0,0.1,0,323.2,17.1,0.76434561
0,4017.3,0,0.1,0,323.2,17.1,0.76434561
0,4017.3,0,0,0,323.2,17.1,0.76434561
0,4017.4,0,0.1,0,323.2,17.1,0.76434561
0,4017.5,0,0.1,0,323.2,17.1,0.76434561
0,4017.5,0,0,0,323.2,17.1,0.76434561
0,4017.6,0,0.1,0,323.2,17.1,0.76434561
0,4017.6,0,0,0,323.2,17.1,0.76434561
0,4017.7,0,0.1,0,323.2,17.1,0.76434561
0,4017.7,0,0,0,323.2,17.1,0.76434561
0,4017.8,0,0.1,0,323.2,17.1,0.76434561
0,4017.9,0,0.1,0,323.2,17.1,0.76434561
0,4017.9,0,0,0,323.2,17.1,0.76434561
0,4017.9,0,0,0,323.2,17.1,0.76434561
0,4018,0,0.1,0,323.2,17.1,0.76434561
0,4018.1,0,0.1,0,323.2,17.1,0.76434561
0,4018.1,0,0,0,323.2,17.1,0.76434561
0,4018.2,0,0.1,0,323.2,17.1,0.76434561
0,4018.2,0,0,0,323.2,17.1,0.76434561
0,4018.3,0,0.1,0,323.2,17.1,0.76434561
0,4018.3,0,0,0,323.2,17.1,0.76434561
0,4018.4,0,0.1,0,323.2,17.1,0.76434561
0,4018.4,0,0,0,323.2,17.1,0.76434561
0,4018.5,0,0.1,0,323.2,17.1,0.76434561
0,4018.6,0,0.1,0,323.2,17.1,0.76434561
0,4018.6,0,0,0,323.2,17.1,0.76434561
0,4018.7,0,0.1,0,323.2,17.1,0.76434561
0,4018.7,0,0,0,323.2,17.1,0.76434561
0,4018.8,0,0.1,0,323.2,17.1,0.76434561
0,4018.8,0,0,0,323.2,17.1,0.76434561
0,4018.9,0,0.1,0,323.2,17.1,0.76434561
0,4018.9,0,0,0,323.2,17.1,0.76434561
0,4019,0,0.1,0,323.2,17.1,0.76434561
0,4019,0,0,0,323.2,17.1,0.76434561
0,4019.1,0,0.1,0,323.2,17.1,0.76434561
0,4019.1,0,0,0,323.2,17.1,0.76434561
0,4019.2,0,0.1,0,323.2,17.1,0.76434561
0,4019.3,0,0.1,0,323.2,17.1,0.76434561
0,4019.3,0,0,0,323.2,17.1,0.76434561
0,4019.4,0,0.1,0,323.2,17.1,0.76434561
0,4019.4,0,0,0,323.2,17.1,0.76434561
0,4019.5,0,0.1,0,323.2,17.1,0.76434561
0,4019.5,0,0,0,323.2,17.1,0.76434561
0,4019.6,0,0.1,0,323.2,17.1,0.76434561
0,4019.6,0,0,0,323.2,17.1,0.76434561
0,4019.6,0,0,0,323.2,17.1,0.76434561
0,4019.7,0,0.1,0,323.2,17.1,0.76434561
0,4019.7,0,0,0,323.2,17.1,0.76434561
0,4019.8,0,0.1,0,323.2,17.1,0.76434561
0,4019.8,0,0,0,323.2,17.1,0.76434561
0,4019.9,0,0.1,0,323.2,17.1,0.76434561
0,4019.9,0,0,0,323.2,17.1,0.76434561
0,4020,0,0.1,0,323.2,17.1,0.76434561
0,4020,0,0,0,323.2,17.1,0.76434561
0,4020.1,0,0.1,0,323.2,17.1,0.76434561
0,4020.1,0,0,0,323.2,17.1,0.76434561
0,4020.2,0,0.1,0,323.2,17.1,0.76434561
0,4020.2,0,0,0,323.2,17.1,0.76434561
0,4020.2,0,0,0,323.2,17.1,0.76434561
0,4020.3,0,0.1,0,323.2,17.1,0.76434561
0,4020.3,0,0,0,323.2,17.1,0.76434561
0,4020.4,0,0.1,0,323.2,17.1,0.76434561
0,4020.4,0,0,0,323.2,17.1,0.76434561
0,4020.5,0,0.1,0,323.2,17.1,0.76434561
0,4020.5,0,0,0,323.2,17.1,0.76434561
0,4020.6,0,0.1,0,323.2,17.1,0.76434561
0,4020.6,0,0,0,323.2,17.1,0.76434561
0,4020.7,0,0.1,0,323.2,17.1,0.76434561
0,4020.7,0,0,0,323.2,17.1,0.76434561
0,4020.7,0,0,0,323.2,17.1,0.76434561
0,4020.8,0,0.1,0,323.2,17.1,0.76434561
0,4020.8,0,0,0,323.2,17.1,0.76434561
0,4020.8,0,0,0,323.2,17.1,0.76434561
0,4020.9,0,0.1,0,323.2,17.1,0.76434561
0,4021,0,0.1,0,323.2,17.1,0.76434561
0,4021,0,0,0,323.2,17.1,0.76434561
0,4021,0,0,0,323.2,17.1,0.76434561
0,4021.1,0,0.1,0,323.2,17.1,0.76434561
0,4021.1,0,0,0,323.2,17.1,0.76434561
0,4021.2,0,0.1,0,323.2,17.1,0.76434561
0,4021.2,0,0,0,323.2,17.1,0.76434561
0,4021.2,0,0,0,323.2,17.1,0.76434561
0,4021.3,0,0.1,0,323.2,17.1,0.76434561
0,4021.4,0,0.1,0,323.2,17.1,0.76434561
0,4021.4,0,0,0,323.2,17.1,0.76434561
0,4021.4,0,0,0,323.2,17.1,0.76434561
0,4021.4,0,0,0,323.2,17.1,0.76434561
0,4021.5,0,0.1,0,323.2,17.1,0.76434561
0,4021.5,0,0,0,323.2,17.1,0.76434561
0,4021.6,0,0.1,0,323.2,17.1,0.76434561
0,4021.6,0,0,0,323.2,17.1,0.76434561
0,4021.7,0,0.1,0,323.2,17,0.76434561
0,4021.7,0,0,0,323.2,17,0.76434561
0,4021.7,0,0,0,323.2,17,0.76434561
0,4021.8,0,0.1,0,323.2,17,0.76434561
0,4021.8,0,0,0,323.2,17,0.76434561
0,4021.9,0,0.1,0,323.2,17,0.76434561
0,4021.9,0,0,0,323.2,17,0.76434561
0,4021.9,0,0,0,323.2,17,0.76434561
0,4022,0,0.1,0,323.2,17,0.76434561
0,4022.1,0,0.1,0,323.2,17,0.76434561
0,4022,0,-0.1,0,323.2,17,0.76434561
0,4022.1,0,0.1,0,323.2,17,0.76434561
0,4022.1,0,0,0,323.2,17,0.76434561
0,4022.2,0,0.1,0,323.2,17,0.76434561
0,4022.2,0,0,0,323.2,17,0.76434561
0,4022.3,0,0.1,0,323.2,17,0.76434561
0,4022.2,0,-0.1,0,323.2,17,0.76434561
0,4022.3,0,0.1,0,323.2,17,0.76434561
0,4022.3,0,0,0,323.2,17,0.76434561
0,4022.4,0,0.1,0,323.2,17,0.76434561
0,4022.4,0,0,0,323.2,17,0.76434561
0,4022.4,0,0,0,323.2,17,0.76434561
0,4022.5,0,0.1,0,323.2,17,0.76434561
0,4022.5,0,0,0,323.2,17,0.76434561
0,4022.6,0,0.1,0,323.2,17,0.76434561
0,4022.6,0,0,0,323.2,17,0.76434561
0,4022.6,0,0,0,323.2,17,0.76434561
0,4022.7,0,0.1,0,323.2,17,0.76434561
0,4022.7,0,0,0,323.2,17,0.76434561
0,4022.7,0,0,0,323.2,17,0.76434561
0,4022.8,0,0.1,0,323.2,17,0.76434561
0,4022.8,0,0,0,323.2,17,0.76434561
0,4022.9,0,0.1,0,323.2,17,0.76434561
0,4022.9,0,0,0,323.2,17,0.76434561
0,4022.9,0,0,0,323.2,17,0.76434561
0,4022.9,0,0,0,323.2,17,0.76434561
0,4023,0,0.1,0,323.2,17,0.76434561
0,4023,0,0,0,323.2,17,0.76434561
0,4023,0,0,0,323.2,17,0.76434561
0,4023.1,0,0.1,0,323.2,17,0.76434561
0,4023.1,0,0,0,323.2,17,0.76434561
0,4023.1,0,0,0,323.2,17,0.76434561
0,4023.2,0,0.1,0,323.2,17,0.76434561
0,4023.2,0,0,0,323.2,17,0.76434561
0,4023.2,0,0,0,323.2,17,0.76434561
0,4023.3,0,0.1,0,323.2,17,0.76434561
0,4023.3,0,0,0,323.2,17,0.76434561
0,4023.3,0,0,0,323.2,17,0.76434561
0,4023.4,0,0.1,0,323.2,17,0.76434561
0,4023.4,0,0,0,323.2,17,0.76434561
0,4023.4,0,0,0,323.2,17,0.76434561
0,4023.5,0,0.1,0,323.2,17,0.76434561
0,4023.5,0,0,0,323.2,17,0.76434561
0,4023.6,0,0.1,0,323.2,17,0.76434561
0,4023.6,0,0,0,323.2,17,0.76434561
0,4023.6,0,0,0,323.2,17,0.76434561
0,4023.7,0,0.1,0,323.2,17,0.76434561
0,4023.7,0,0,0,323.2,17,0.76434561
0,4023.7,0,0,0,323.2,17,0.76434561
0,4023.7,0,0,0,323.2,17,0.76434561
0,4023.8,0,0.1,0,323.2,17,0.76434561
0,4023.8,0,0,0,323.2,17,0.76434561
0,4023.8,0,0,0,323.2,17,0.76434561
0,4023.8,0,0,0,323.2,17,0.76434561
0,4023.9,0,0.1,0,323.2,17,0.76434561
0,4023.9,0,0,0,323.2,17,0.76434561
0,4023.9,0,0,0,323.2,17,0.76434561
0,4024,0,0.1,0,323.2,17,0.76434561
0,4024,0,0,0,323.2,17,0.76434561
0,4024,0,0,0,323.2,17,0.76434561
0,4024.1,0,0.1,0,323.2,17,0.76434561
0,4024.1,0,0,0,323.2,17,0.76434561
0,4024.1,0,0,0,323.2,17,0.76434561
0,4024.2,0,0.1,0,323.2,17,0.76434561
0,4024.2,0,0,0,323.2,17,0.76434561
0,4024.2,0,0,0,323.2,17,0.76434561
0,4024.3,0,0.1,0,323.2,17,0.76434561
0,4024.3,0,0,0,323.2,17,0.76434561
0,4024.3,0,0,0,323.2,17,0.76434561
0,4024.4,0,0.1,0,323.2,17,0.76434561
0,4024.4,0,0,0,323.2,17,0.76434561
0,4024.4,0,0,0,323.2,17,0.76434561
0,4024.4,0,0,0,323.2,17,0.76434561
0,4024.5,0,0.1,0,323.2,17,0.76434561
0,4024.5,0,0,0,323.2,17,0.76434561
0,4024.5,0,0,0,323.2,17,0.76434561
0,4024.5,0,0,0,323.2,17,0.76434561
0,4024.6,0,0.1,0,323.2,17,0.76434561
0,4024.6,0,0,0,323.2,17,0.76434561
0,4024.6,0,0,0,323.2,17,0.76434561
0,4024.7,0,0.1,0,323.2,17,0.76434561
0,4024.7,0,0,0,323.2,17,0.76434561
0,4024.7,0,0,0,323.2,17,0.76434561
0,4024.8,0,0.1,0,323.2,17,0.76434561
0,4024.8,0,0,0,323.2,17,0.76434561
0,4024.8,0,0,0,323.2,17,0.76434561
0,4024.8,0,0,0,323.2,17,0.76434561
0,4024.9,0,0.1,0,323.2,17,0.76434561
0,4024.9,0,0,0,323.2,17,0.76434561
0,4024.9,0,0,0,323.2,17,0.76434561
0,4024.9,0,0,0,323.2,17,0.76434561
0,4025,0,0.1,0,323.2,17,0.76434561
0,4025,0,0,0,323.2,17,0.76434561
0,4025,0,0,0,323.2,17,0.76434561
0,4025,0,0,0,323.2,17,0.76434561
0,4025.1,0,0.1,0,323.2,17,0.76434561
0,4025.1,0,0,0,323.2,17,0.76434561
0,4025.1,0,0,0,323.2,17,0.76434561
0,4025.2,0,0.1,0,323.2,17,0.76434561
0,4025.2,0,0,0,323.2,17,0.76434561
0,4025.2,0,0,0,323.2,17,0.76434561
0,4025.2,0,0,0,323.2,17,0.76434561
0,4025.2,0,0,0,323.2,17,0.76434561
0,4025.3,0,0.1,0,323.2,17,0.76434561
0,4025.3,0,0,0,323.2,17,0.76434561
0,4025.3,0,0,0,323.2,17,0.76434561
0,4025.3,0,0,0,323.2,17,0.76434561
0,4025.3,0,0,0,323.2,17,0.76434561
0,4025.4,0,0.1,0,323.2,17,0.76434561
0,4025.4,0,0,0,323.2,17,0.76434561
0,4025.5,0,0.1,0,323.2,17,0.76434561
0,4025.5,0,0,0,323.2,17,0.76434561
0,4025.5,0,0,0,323.2,17,0.76434561
0,4025.5,0,0,0,323.2,17,0.76434561
0,4025.6,0,0.1,0,323.2,17,0.76434561
0,4025.6,0,0,0,323.2,17,0.76434561
0,4025.6,0,0,0,323.2,17,0.76434561
0,4025.7,0,0.1,0,323.2,17,0.76434561
0,4025.7,0,0,0,323.2,17,0.76434561
0,4025.7,0,0,0,323.2,17,0.76434561
0,4025.7,0,0,0,323.2,17,0.76434561
0,4025.7,0,0,0,323.2,17,0.76434561
0,4025.7,0,0,0,323.2,17,0.76434561
0,4025.8,0,0.1,0,323.2,17,0.76434561
0,4025.8,0,0,0,323.2,17,0.76434561
0,4025.8,0,0,0,323.2,17,0.76434561
0,4025.9,0,0.1,0,323.2,17,0.76434561
0,4025.9,0,0,0,323.2,17,0.76434561
0,4025.9,0,0,0,323.2,17,0.76434561
0,4025.9,0,0,0,323.2,17,0.76434561
0,4025.9,0,0,0,323.2,17,0.76434561
0,4026,0,0.1,0,323.2,17,0.76434561
0,4026,0,0,0,323.2,17,0.76434561
0,4026,0,0,0,323.2,17,0.76434561
0,4026,0,0,0,323.2,17,0.76434561
0,4026.1,0,0.1,0,323.2,17,0.76434561
0,4026.1,0,0,0,323.2,17,0.76434561
0,4026.1,0,0,0,323.2,17,0.76434561
0,4026.2,0,0.1,0,323.2,17,0.76434561
0,4026.2,0,0,0,323.2,17,0.76434561
0,4026.2,0,0,0,323.2,17,0.76434561
0,4026.2,0,0,0,323.2,17,0.76434561
0,4026.3,0,0.1,0,323.2,17,0.76434561
0,4026.3,0,0,0,323.2,17,0.76434561
0,4026.3,0,0,0,323.2,17,0.76434561
0,4026.3,0,0,0,323.2,17,0.76434561
0,4026.3,0,0,0,323.2,17,0.76434561
0,4026.3,0,0,0,323.2,17,0.76434561
0,4026.4,0,0.1,0,323.2,17,0.76434561
0,4026.4,0,0,0,323.2,17,0.76434561
0,4026.4,0,0,0,323.2,17,0.76434561
0,4026.5,0,0.1,0,323.2,17,0.76434561
0,4026.4,0,-0.1,0,323.2,17,0.76434561
0,4026.5,0,0.1,0,323.2,17,0.76434561
0,4026.5,0,0,0,323.2,17,0.76434561
0,4026.5,0,0,0,323.2,17,0.76434561
0,4026.5,0,0,0,323.2,17,0.76434561
0,4026.6,0,0.1,0,323.2,17,0.76434561
0,4026.6,0,0,0,323.2,17,0.76434561
0,4026.6,0,0,0,323.2,17,0.76434561
0,4026.7,0,0.1,0,323.2,17,0.76434561
0,4026.6,0,-0.1,0,323.2,17,0.76434561
0,4026.7,0,0.1,0,323.2,17,0.76434561
0,4026.7,0,0,0,323.2,16.9,0.76434561
0,4026.7,0,0,0,323.2,17,0.76434561
0,4026.7,0,0,0,323.2,16.9,0.76434561
0,4026.8,0,0.1,0,323.2,16.9,0.76434561
0,4026.8,0,0,0,323.2,16.9,0.76434561
0,4026.8,0,0,0,323.2,16.9,0.76434561
0,4026.8,0,0,0,323.2,16.9,0.76434561
0,4026.9,0,0.1,0,323.2,16.9,0.76434561
0,4026.9,0,0,0,323.2,16.9,0.76434561
0,4026.9,0,0,0,323.2,16.9,0.76434561
0,4026.9,0,0,0,323.2,16.9,0.76434561
0,4027,0,0.1,0,323.2,16.9,0.76434561
0,4027,0,0,0,323.2,16.9,0.76434561
0,4027,0,0,0,323.2,16.9,0.76434561
0,4027,0,0,0,323.2,16.9,0.76434561
0,4027,0,0,0,323.2,16.9,0.76434561
0,4027,0,0,0,323.2,16.9,0.76434561
0,4027,0,0,0,323.2,16.9,0.76434561
0,4027.1,0,0.1,0,323.2,16.9,0.76434561
0,4027.1,0,0,0,323.2,16.9,0.76434561
0,4027.1,0,0,0,323.2,16.9,0.76434561
0,4027.1,0,0,0,323.2,16.9,0.76434561
0,4027.2,0,0.1,0,323.2,16.9,0.76434561
0,4027.2,0,0,0,323.2,16.9,0.76434561
0,4027.2,0,0,0,323.2,16.9,0.76434561
0,4027.2,0,0,0,323.2,16.9,0.76434561
0,4027.2,0,0,0,323.2,16.9,0.76434561
0,4027.2,0,0,0,323.2,16.9,0.76434561
0,4027.3,0,0.1,0,323.2,16.9,0.76434561
0,4027.3,0,0,0,323.2,16.9,0.76434561
0,4027.3,0,0,0,323.2,16.9,0.76434561
0,4027.4,0,0.1,0,323.2,16.9,0.76434561
0,4027.4,0,0,0,323.2,16.9,0.76434561
0,4027.4,0,0,0,323.2,16.9,0.76434561
0,4027.4,0,0,0,323.2,16.9,0.76434561
0,4027.4,0,0,0,323.2,16.9,0.76434561
0,4027.4,0,0,0,323.2,16.9,0.76434561
0,4027.5,0,0.1,0,323.2,16.9,0.76434561
0,4027.5,0,0,0,323.2,16.9,0.76434561
0,4027.5,0,0,0,323.2,16.9,0.76434561
0,4027.5,0,0,0,323.2,16.9,0.76434561
0,4027.6,0,0.1,0,323.2,16.9,0.76434561
0,4027.6,0,0,0,323.2,16.9,0.76434561
0,4027.6,0,0,0,323.2,16.9,0.76434561
0,4027.6,0,0,0,323.2,16.9,0.76434561
0,4027.6,0,0,0,323.2,16.9,0.76434561
0,4027.6,0,0,0,323.2,16.9,0.76434561
0,4027.6,0,0,0,323.2,16.9,0.76434561
0,4027.7,0,0.1,0,323.2,16.9,0.76434561
0,4027.7,0,0,0,323.2,16.9,0.76434561
0,4027.7,0,0,0,323.2,16.9,0.76434561
0,4027.7,0,0,0,323.2,16.9,0.76434561
0,4027.7,0,0,0,323.2,16.9,0.76434561
0,4027.8,0,0.1,0,323.2,16.9,0.76434561
0,4027.8,0,0,0,323.2,16.9,0.76434561
0,4027.8,0,0,0,323.2,16.9,0.76434561
0,4027.8,0,0,0,323.2,16.9,0.76434561
0,4027.8,0,0,0,323.2,16.9,0.76434561
0,4027.9,0,0.1,0,323.2,16.9,0.76434561
0,4027.9,0,0,0,323.2,16.9,0.76434561
0,4027.9,0,0,0,323.2,16.9,0.76434561
0,4027.9,0,0,0,323.2,16.9,0.76434561
0,4028,0,0.1,0,323.2,16.9,0.76434561
1004,3978.5,1004,-49.5,3.994414,323.4,16.9,0.76419978
2009.8,3926.6,1005.8,-51.9,7.8916807,324,16.9,0.7637623
2005.9,3922.4,-3.9,-4.2,7.8679422,324.6,16.9,0.76332483
2012,3918.6,6.1,-3.8,7.8842232,325.1,16.9,0.76296026
2013.9,3915.5,1.9,-3.1,7.8854255,325.7,16.9,0.76252279
2003.9,3913.2,-10,-2.3,7.8416615,326.2,16.9,0.76215822
2000,3910.9,-3.9,-2.3,7.8218,326.8,16.9,0.76172074
2015.1,3907.7,15.1,-3.2,7.8744063,327.3,16.9,0.76135618
1999,3906.3,-16.1,-1.4,7.8086937,327.9,16.9,0.7609187
2013.9,3903.4,14.9,-2.9,7.8610573,328.5,16.9,0.76048122
2007.9,3901.7,-6,-1.7,7.8342234,329,16.9,0.76011666
2022,3899.1,14.1,-2.6,7.8839802,329.6,16.9,0.75967918
2003,3898.1,-19,-1,7.8078943,330.1,16.9,0.75931462
2010.9,3895.9,7.9,-2.2,7.8342653,330.7,16.9,0.75887714
2004.9,3894.5,-6,-1.4,7.8080831,331.2,16.9,0.75851258
2010,3892.6,5.1,-1.9,7.824126,331.8,16.9,0.7580751
2013.1,3890.8,3.1,-1.8,7.8325695,332.4,16.9,0.75763762
2006,3889.6,-7.1,-1.2,7.8025376,332.9,16.9,0.75727306
2001.9,3888.3,-4.1,-1.3,7.7839878,333.5,16.9,0.75683558
2009,3886.5,7.1,-1.8,7.8079785,334,16.9,0.75647102
2011,3885,2,-1.5,7.812735,334.6,16.9,0.75603354
2007.1,3883.8,-3.9,-1.2,7.795175,335.2,17,0.75559606
2012,3882.2,4.9,-1.6,7.8109864,335.7,17,0.7552315
2012.9,3880.8,0.9,-1.4,7.8116623,336.3,17,0.75479402
2010.9,3879.7,-2,-1.1,7.8016887,336.8,17,0.75442946
2004.9,3878.7,-6,-1,7.7764056,337.4,17,0.75399198
2003,3877.6,-1.9,-1.1,7.7668328,337.9,17,0.75362742
2008.1,3876.1,5.1,-1.5,7.7835964,338.5,17,0.75318994
1998.9,3875.4,-9.2,-0.7,7.7465371,339.1,17,0.75275246
2020.9,3873.2,22,-2.2,7.8273499,339.6,17,0.7523879
2016,3872.3,-4.9,-0.9,7.8065568,340.2,17,0.75195042
2001.1,3871.9,-14.9,-0.4,7.7480591,340.7,17,0.75158585
1993.1,3871.3,-8,-0.6,7.715888,341.3,17,0.75114838
2012,3869.3,18.9,-2,7.7850316,341.8,17,0.75078381
2009,3868.4,-3,-0.9,7.7716156,342.4,17,0.75034634
2000.9,3867.8,-8.1,-0.6,7.739081,343,17,0.74990886
2001.9,3866.7,1,-1.1,7.7407467,343.5,17,0.74954429
2009,3865.4,7.1,-1.3,7.7655886,344.1,17,0.74910682
2011.9,3864.3,2.9,-1.1,7.7745852,344.6,17,0.74874225
2008,3863.6,-3.9,-0.7,7.7581088,345.2,17,0.74830478
2007,3862.7,-1,-0.9,7.7524389,345.7,17,0.74794021
2012,3861.5,5,-1.2,7.769338,346.3,17,0.74750273
1991.1,3861.6,-20.9,0.1,7.6888318,346.9,17,0.74706526
2004.9,3860.1,13.8,-1.5,7.7391145,347.4,17,0.74670069
2013.9,3858.8,9,-1.3,7.7712373,348,17,0.74626322
2003.9,3858.4,-10,-0.4,7.7318478,348.5,17,0.74589865
2009.9,3857.3,6,-1.1,7.7527873,349.1,17,0.74546117
2002.9,3856.8,-7,-0.5,7.7247847,349.6,17,0.74509661
2000.9,3856.1,-2,-0.7,7.7156705,350.2,17,0.74465913
1999.9,3855.3,-1,-0.8,7.7102145,350.8,17,0.74422166
2020.9,3853.5,21,-1.8,7.7875382,351.3,17,0.74385709
2003,3853.5,-17.9,0,7.7185605,351.9,17,0.74341961
2000,3852.9,-3,-0.6,7.7058,352.4,17,0.74305505
2009.1,3851.7,9.1,-1.2,7.7384505,353,17,0.74261757
2005,3851.1,-4.1,-0.6,7.7214555,353.5,17,0.74225301
2002,3850.5,-3,-0.6,7.708701,354.1,17,0.74181553
2000,3849.9,-2,-0.6,7.6998,354.7,17,0.74137805
2005.9,3848.9,5.9,-1,7.7205085,355.2,17,0.74101349
2019.9,3847.5,14,-1.4,7.7715652,355.8,17,0.74057601
2022.9,3846.5,3,-1,7.7810848,356.3,17,0.74021145
2017.9,3846.1,-5,-0.4,7.7610452,356.9,17,0.73977397
1992.9,3846.6,-25,0.5,7.6658891,357.5,17,0.73933649
2009,3845.1,16.1,-1.5,7.7248059,358,17,0.73897193
2013.9,3844.2,4.9,-0.9,7.7418344,358.6,17.1,0.73853445
2009,3843.7,-4.9,-0.5,7.7219933,359.1,17.1,0.73816989
2004,3843.3,-5,-0.4,7.7019732,359.7,17.1,0.73773241
2025.9,3841.6,21.9,-1.7,7.7826974,360.2,17.1,0.73736785
2013,3841.5,-12.9,-0.1,7.7329395,360.8,17.1,0.73693037
2008.1,3841.1,-4.9,-0.4,7.7133129,361.4,17.1,0.73649289
2006,3840.6,-2.1,-0.5,7.7042436,361.9,17.1,0.73612833
2009.9,3839.7,3.9,-0.9,7.717413,362.5,17.1,0.73569085
2013,3839,3.1,-0.7,7.727907,363,17.1,0.73532629
2013.9,3838.3,0.9,-0.7,7.7299524,363.6,17.1,0.73488881
2017,3837.5,3.1,-0.8,7.7402375,364.2,17.1,0.73445133
2005,3837.5,-12,0,7.6941875,364.7,17.1,0.73408677
2008,3836.7,3,-0.8,7.7040936,365.3,17.1,0.73364929
2004,3836.3,-4,-0.4,7.6879452,365.8,17.1,0.73328472
2013,3835.3,9,-1,7.7204589,366.4,17.1,0.73284725
2002,3835.2,-11,-0.1,7.6780704,366.9,17.1,0.73248268
2008,3834.4,6,-0.8,7.6994752,367.5,17.1,0.73204521
2007,3833.8,-1,-0.6,7.6944366,368.1,17.1,0.73160773
2001,3833.5,-6,-0.3,7.6708335,368.6,17.1,0.73124316
2007.1,3832.7,6.1,-0.8,7.6926122,369.2,17.1,0.73080569
2000,3832.4,-7.1,-0.3,7.6648,369.7,17.1,0.73044112
2016.1,3831.1,16.1,-1.3,7.7238807,370.3,17.1,0.73000365
2001.1,3831.3,-15,0.2,7.6668144,370.8,17.1,0.72963908
2008.1,3830.4,7,-0.9,7.6918262,371.4,17.1,0.7292016
2006,3829.9,-2.1,-0.5,7.6827794,372,17.1,0.72876413
2021,3828.6,15,-1.3,7.7376006,372.5,17.1,0.72839956
1004.2,3878.4,-1016.8,49.8,3.8946893,372.8,17.1,0.72818082
0,3930,-1004.2,51.6,0,372.8,17.1,0.72818082
0,3934,0,4,0,372.8,17.1,0.72818082
0,3937.1,0,3.1,0,372.8,17.1,0.72818082
0,3939.8,0,2.7,0,372.8,17.1,0.72818082
0,3942.2,0,2.4,0,372.8,17.1,0.72818082
0,3944.4,0,2.2,0,372.8,17.2,0.72818082
0,3946.4,0,2,0,372.8,17.2,0.72818082
0,3948.2,0,1.8,0,372.8,17.2,0.72818082
0,3949.9,0,1.7,0,372.8,17.2,0.72818082
0,3951.5,0,1.6,0,372.8,17.2,0.72818082
0,3953,0,1.5,0,372.8,17.2,0.72818082
0,3954.4,0,1.4,0,372.8,17.2,0.72818082
0,3955.8,0,1.4,0,372.8,17.2,0.72818082
0,3957.1,0,1.3,0,372.8,17.2,0.72818082
0,3958.3,0,1.2,0,372.8,17.2,0.72818082
0,3959.5,0,1.2,0,372.8,17.2,0.72818082
0,3960.7,0,1.2,0,372.8,17.2,0.72818082
0,3961.8,0,1.1,0,372.8,17.2,0.72818082
0,3962.8,0,1,0,372.8,17.2,0.72818082
0,3963.9,0,1.1,0,372.8,17.2,0.72818082
0,3964.8,0,0.9,0,372.8,17.2,0.72818082
0,3965.8,0,1,0,372.8,17.2,0.72818082
0,3966.7,0,0.9,0,372.8,17.2,0.72818082
0,3967.6,0,0.9,0,372.8,17.2,0.72818082
0,3968.4,0,0.8,0,372.8,17.2,0.72818082
0,3969.3,0,0.9,0,372.8,17.2,0.72818082
0,3970.1,0,0.8,0,372.8,17.2,0.72818082
0,3970.9,0,0.8,0,372.8,17.2,0.72818082
0,3971.6,0,0.7,0,372.8,17.2,0.72818082
0,3972.4,0,0.8,0,372.8,17.2,0.72818082
0,3973.1,0,0.7,0,372.8,17.2,0.72818082
0,3973.8,0,0.7,0,372.8,17.2,0.72818082
0,3974.5,0,0.7,0,372.8,17.2,0.72818082
0,3975.2,0,0.7,0,372.8,17.2,0.72818082
0,3975.8,0,0.6,0,372.8,17.2,0.72818082
0,3976.5,0,0.7,0,372.8,17.2,0.72818082
0,3977,0,0.5,0,372.8,17.2,0.72818082
0,3977.6,0,0.6,0,372.8,17.2,0.72818082
0,3978.2,0,0.6,0,372.8,17.2,0.72818082
0,3978.8,0,0.6,0,372.8,17.2,0.72818082
0,3979.4,0,0.6,0,372.8,17.2,0.72818082
0,3979.9,0,0.5,0,372.8,17.2,0.72818082
0,3980.4,0,0.5,0,372.8,17.2,0.72818082
0,3980.9,0,0.5,0,372.8,17.2,0.72818082
0,3981.4,0,0.5,0,372.8,17.2,0.72818082
0,3981.9,0,0.5,0,372.8,17.2,0.72818082
0,3982.4,0,0.5,0,372.8,17.2,0.72818082
0,3982.8,0,0.4,0,372.8,17.2,0.72818082
0,3983.3,0,0.5,0,372.8,17.2,0.72818082
0,3983.7,0,0.4,0,372.8,17.2,0.72818082
0,3984.2,0,0.5,0,372.8,17.2,0.72818082
0,3984.6,0,0.4,0,372.8,17.2,0.72818082
0,3985,0,0.4,0,372.8,17.2,0.72818082
0,3985.4,0,0.4,0,372.8,17.2,0.72818082
0,3985.8,0,0.4,0,372.8,17.2,0.72818082
0,3986.2,0,0.4,0,372.8,17.2,0.72818082
0,3986.6,0,0.4,0,372.8,17.2,0.72818082
0,3987,0,0.4,0,372.8,17.2,0.72818082
0,3987.3,0,0.3,0,372.8,17.2,0.72818082
0,3987.7,0,0.4,0,372.8,17.2,0.72818082
0,3988,0,0.3,0,372.8,17.2,0.72818082
0,3988.4,0,0.4,0,372.8,17.2,0.72818082
0,3988.7,0,0.3,0,372.8,17.2,0.72818082
0,3989.1,0,0.4,0,372.8,17.2,0.72818082
0,3989.4,0,0.3,0,372.8,17.2,0.72818082
0,3989.7,0,0.3,0,372.8,17.2,0.72818082
0,3990,0,0.3,0,372.8,17.2,0.72818082
0,3990.3,0,0.3,0,372.8,17.2,0.72818082
0,3990.6,0,0.3,0,372.8,17.2,0.72818082
0,3991,0,0.4,0,372.8,17.2,0.72818082
0,3991.2,0,0.2,0,372.8,17.2,0.72818082
0,3991.5,0,0.3,0,372.8,17.2,0.72818082
0,3991.8,0,0.3,0,372.8,17.2,0.72818082
0,3992.1,0,0.3,0,372.8,17.2,0.72818082
0,3992.3,0,0.2,0,372.8,17.2,0.72818082
0,3992.6,0,0.3,0,372.8,17.2,0.72818082
0,3992.9,0,0.3,0,372.8,17.2,0.72818082
0,3993.1,0,0.2,0,372.8,17.2,0.72818082
0,3993.3,0,0.2,0,372.8,17.2,0.72818082
0,3993.6,0,0.3,0,372.8,17.2,0.72818082
0,3993.8,0,0.2,0,372.8,17.2,0.72818082
0,3994.1,0,0.3,0,372.8,17.2,0.72818082
0,3994.3,0,0.2,0,372.8,17.2,0.72818082
0,3994.5,0,0.2,0,372.8,17.2,0.72818082
0,3994.7,0,0.2,0,372.8,17.2,0.72818082
0,3995,0,0.3,0,372.8,17.2,0.72818082
0,3995.1,0,0.1,0,372.8,17.2,0.72818082
0,3995.4,0,0.3,0,372.8,17.2,0.72818082
0,3995.6,0,0.2,0,372.8,17.2,0.72818082
0,3995.8,0,0.2,0,372.8,17.2,0.72818082
0,3996,0,0.2,0,372.8,17.2,0.72818082
0,3996.3,0,0.3,0,372.8,17.2,0.72818082
0,3996.4,0,0.1,0,372.8,17.2,0.72818082
0,3996.6,0,0.2,0,372.8,17.2,0.72818082
0,3996.8,0,0.2,0,372.8,17.2,0.72818082
0,3997,0,0.2,0,372.8,17.2,0.72818082
0,3997.2,0,0.2,0,372.8,17.2,0.72818082
0,3997.3,0,0.1,0,372.8,17.1,0.72818082
0,3997.5,0,0.2,0,372.8,17.1,0.72818082
0,3997.7,0,0.2,0,372.8,17.1,0.72818082
0,3997.9,0,0.2,0,372.8,17.1,0.72818082
0,3998,0,0.1,0,372.8,17.1,0.72818082
0,3998.2,0,0.2,0,372.8,17.1,0.72818082
0,3998.4,0,0.2,0,372.8,17.1,0.72818082
0,3998.6,0,0.2,0,372.8,17.1,0.72818082
0,3998.7,0,0.1,0,372.8,17.1,0.72818082
0,3998.9,0,0.2,0,372.8,17.1,0.72818082
0,3999.1,0,0.2,0,372.8,17.1,0.72818082
0,3999.2,0,0.1,0,372.8,17.1,0.72818082
0,3999.3,0,0.1,0,372.8,17.1,0.72818082
0,3999.5,0,0.2,0,372.8,17.1,0.72818082
0,3999.6,0,0.1,0,372.8,17.1,0.72818082
0,3999.8,0,0.2,0,372.8,17.1,0.72818082
0,3999.9,0,0.1,0,372.8,17.1,0.72818082
0,4000.1,0,0.2,0,372.8,17.1,0.72818082
0,4000.2,0,0.1,0,372.8,17.1,0.72818082
0,4000.4,0,0.2,0,372.8,17.1,0.72818082
0,4000.5,0,0.1,0,372.8,17.1,0.72818082
0,4000.6,0,0.1,0,372.8,17.1,0.72818082
0,4000.8,0,0.2,0,372.8,17.1,0.72818082
0,4000.9,0,0.1,0,372.8,17.1,0.72818082
0,4001.1,0,0.2,0,372.8,17.1,0.72818082
0,4001.2,0,0.1,0,372.8,17.1,0.72818082
0,4001.3,0,0.1,0,372.8,17.1,0.72818082
0,4001.4,0,0.1,0,372.8,17.1,0.72818082
0,4001.5,0,0.1,0,372.8,17.1,0.72818082
0,4001.6,0,0.1,0,372.8,17.1,0.72818082
0,4001.8,0,0.2,0,372.8,17.1,0.72818082
0,4001.9,0,0.1,0,372.8,17.1,0.72818082
0,4002,0,0.1,0,372.8,17.1,0.72818082
0,4002.2,0,0.2,0,372.8,17.1,0.72818082
0,4002.3,0,0.1,0,372.8,17.1,0.72818082
0,4002.4,0,0.1,0,372.8,17.1,0.72818082
0,4002.5,0,0.1,0,372.8,17.1,0.72818082
0,4002.6,0,0.1,0,372.8,17.1,0.72818082
0,4002.7,0,0.1,0,372.8,17.1,0.72818082
0,4002.8,0,0.1,0,372.8,17.1,0.72818082
0,4003,0,0.2,0,372.8,17.1,0.72818082
0,4003,0,0,0,372.8,17.1,0.72818082
0,4003.2,0,0.2,0,372.8,17.1,0.72818082
0,4003.3,0,0.1,0,372.8,17.1,0.72818082
0,4003.4,0,0.1,0,372.8,17.1,0.72818082
0,4003.5,0,0.1,0,372.8,17.1,0.72818082
0,4003.6,0,0.1,0,372.8,17.1,0.72818082
0,4003.7,0,0.1,0,372.8,17.1,0.72818082
0,4003.8,0,0.1,0,372.8,17.1,0.72818082
0,4003.9,0,0.1,0,372.8,17.1,0.72818082
0,4004,0,0.1,0,372.8,17.1,0.72818082
0,4004.1,0,0.1,0,372.8,17.1,0.72818082
0,4004.2,0,0.1,0,372.8,17.1,0.72818082
0,4004.3,0,0.1,0,372.8,17.1,0.72818082
0,4004.3,0,0,0,372.8,17.1,0.72818082
0,4004.4,0,0.1,0,372.8,17.1,0.72818082
0,4004.5,0,0.1,0,372.8,17.1,0.72818082
0,4004.6,0,0.1,0,372.8,17.1,0.72818082
0,4004.8,0,0.2,0,372.8,17.1,0.72818082
0,4004.8,0,0,0,372.8,17.1,0.72818082
0,4004.9,0,0.1,0,372.8,17.1,0.72818082
0,4005,0,0.1,0,372.8,17.1,0.72818082
0,4005.1,0,0.1,0,372.8,17.1,0.72818082
0,4005.2,0,0.1,0,372.8,17.1,0.72818082
0,4005.2,0,0,0,372.8,17.1,0.72818082
0,4005.4,0,0.2,0,372.8,17.1,0.72818082
0,4005.5,0,0.1,0,372.8,17.1,0.72818082
0,4005.5,0,0,0,372.8,17.1,0.72818082
0,4005.6,0,0.1,0,372.8,17.1,0.72818082
0,4005.7,0,0.1,0,372.8,17.1,0.72818082
0,4005.7,0,0,0,372.8,17.1,0.72818082
0,4005.9,0,0.2,0,372.8,17.1,0.72818082
0,4005.9,0,0,0,372.8,17.1,0.72818082
0,4006,0,0.1,0,372.8,17.1,0.72818082
0,4006.1,0,0.1,0,372.8,17.1,0.72818082
0,4006.2,0,0.1,0,372.8,17.1,0.72818082
0,4006.3,0,0.1,0,372.8,17.1,0.72818082
0,4006.4,0,0.1,0,372.8,17.1,0.72818082
0,4006.5,0,0.1,0,372.8,17.1,0.72818082
0,4006.5,0,0,0,372.8,17.1,0.72818082
0,4006.6,0,0.1,0,372.8,17.1,0.72818082
0,4006.7,0,0.1,0,372.8,17.1,0.72818082
0,4006.8,0,0.1,0,372.8,17.1,0.72818082
0,4006.8,0,0,0,372.8,17.1,0.72818082
0,4006.9,0,0.1,0,372.8,17.1,0.72818082
0,4007,0,0.1,0,372.8,17.1,0.72818082
0,4007,0,0,0,372.8,17.1,0.72818082
0,4007.1,0,0.1,0,372.8,17.1,0.72818082
0,4007.2,0,0.1,0,372.8,17.1,0.72818082
0,4007.2,0,0,0,372.8,17.1,0.72818082
0,4007.3,0,0.1,0,372.8,17.1,0.72818082
0,4007.4,0,0.1,0,372.8,17.1,0.72818082
0,4007.5,0,0.1,0,372.8,17.1,0.72818082
0,4007.5,0,0,0,372.8,17.1,0.72818082
0,4007.6,0,0.1,0,372.8,17.1,0.72818082
0,4007.7,0,0.1,0,372.8,17.1,0.72818082
0,4007.7,0,0,0,372.8,17.1,0.72818082
0,4007.8,0,0.1,0,372.8,17.1,0.72818082
0,4007.9,0,0.1,0,372.8,17.1,0.72818082
0,4008,0,0.1,0,372.8,17.1,0.72818082
0,4008,0,0,0,372.8,17.1,0.72818082
0,4008.1,0,0.1,0,372.8,17.1,0.72818082
0,4008.1,0,0,0,372.8,17.1,0.72818082
0,4008.2,0,0.1,0,372.8,17.1,0.72818082
0,4008.3,0,0.1,0,372.8,17.1,0.72818082
0,4008.3,0,0,0,372.8,17.1,0.72818082
0,4008.4,0,0.1,0,372.8,17.1,0.72818082
0,4008.5,0,0.1,0,372.8,17.1,0.72818082
0,4008.5,0,0,0,372.8,17.1,0.72818082
0,4008.6,0,0.1,0,372.8,17.1,0.72818082
0,4008.7,0,0.1,0,372.8,17.1,0.72818082
0,4008.7,0,0,0,372.8,17.1,0.72818082
0,4008.8,0,0.1,0,372.8,17.1,0.72818082
0,4008.8,0,0,0,372.8,17.1,0.72818082
0,4008.9,0,0.1,0,372.8,17,0.72818082
0,4009,0,0.1,0,372.8,17,0.72818082
0,4009,0,0,0,372.8,17,0.72818082
0,4009.1,0,0.1,0,372.8,17,0.72818082
0,4009.1,0,0,0,372.8,17,0.72818082
0,4009.2,0,0.1,0,372.8,17,0.72818082
0,4009.3,0,0.1,0,372.8,17,0.72818082
0,4009.3,0,0,0,372.8,17,0.72818082
0,4009.4,0,0.1,0,372.8,17,0.72818082
0,4009.4,0,0,0,372.8,17,0.72818082
0,4009.5,0,0.1,0,372.8,17,0.72818082
0,4009.5,0,0,0,372.8,17,0.72818082
0,4009.6,0,0.1,0,372.8,17,0.72818082
0,4009.6,0,0,0,372.8,17,0.72818082
0,4009.7,0,0.1,0,372.8,17,0.72818082
0,4009.8,0,0.1,0,372.8,17,0.72818082
0,4009.8,0,0,0,372.8,17,0.72818082
0,4009.9,0,0.1,0,372.8,17,0.72818082
0,4010,0,0.1,0,372.8,17,0.72818082
0,4010,0,0,0,372.8,17,0.72818082
0,4010.1,0,0.1,0,372.8,17,0.72818082
0,4010.1,0,0,0,372.8,17,0.72818082
0,4010.1,0,0,0,372.8,17,0.72818082
0,4010.2,0,0.1,0,372.8,17,0.72818082
0,4010.3,0,0.1,0,372.8,17,0.72818082
0,4010.3,0,0,0,372.8,17,0.72818082
0,4010.4,0,0.1,0,372.8,17,0.72818082
0,4010.4,0,0,0,372.8,17,0.72818082
0,4010.5,0,0.1,0,372.8,17,0.72818082
0,4010.5,0,0,0,372.8,17,0.72818082
0,4010.6,0,0.1,0,372.8,17,0.72818082
0,4010.6,0,0,0,372.8,17,0.72818082
0,4010.7,0,0.1,0,372.8,17,0.72818082
0,4010.7,0,0,0,372.8,17,0.72818082
0,4010.8,0,0.1,0,372.8,17,0.72818082
0,4010.9,0,0.1,0,372.8,17,0.72818082
0,4010.9,0,0,0,372.8,17,0.72818082
0,4011,0,0.1,0,372.8,17,0.72818082
0,4011,0,0,0,372.8,17,0.72818082
0,4011,0,0,0,372.8,17,0.72818082
0,4011.1,0,0.1,0,372.8,17,0.72818082
0,4011.2,0,0.1,0,372.8,17,0.72818082
0,4011.2,0,0,0,372.8,17,0.72818082
0,4011.3,0,0.1,0,372.8,17,0.72818082
0,4011.3,0,0,0,372.8,17,0.72818082
0,4011.4,0,0.1,0,372.8,17,0.72818082
0,4011.4,0,0,0,372.8,17,0.72818082
0,4011.5,0,0.1,0,372.8,17,0.72818082
0,4011.5,0,0,0,372.8,17,0.72818082
0,4011.5,0,0,0,372.8,17,0.72818082
0,4011.6,0,0.1,0,372.8,17,0.72818082
0,4011.6,0,0,0,372.8,17,0.72818082
0,4011.7,0,0.1,0,372.8,17,0.72818082
0,4011.7,0,0,0,372.8,17,0.72818082
0,4011.8,0,0.1,0,372.8,17,0.72818082
0,4011.8,0,0,0,372.8,17,0.72818082
0,4011.9,0,0.1,0,372.8,17,0.72818082
0,4011.9,0,0,0,372.8,17,0.72818082
0,4012,0,0.1,0,372.8,17,0.72818082
0,4012,0,0,0,372.8,17,0.72818082
0,4012,0,0,0,372.8,17,0.72818082
0,4012.1,0,0.1,0,372.8,17,0.72818082
0,4012.2,0,0.1,0,372.8,17,0.72818082
0,4012.2,0,0,0,372.8,17,0.72818082
0,4012.2,0,0,0,372.8,17,0.72818082
0,4012.3,0,0.1,0,372.8,17,0.72818082
0,4012.4,0,0.1,0,372.8,17,0.72818082
0,4012.4,0,0,0,372.8,17,0.72818082
0,4012.4,0,0,0,372.8,17,0.72818082
0,4012.5,0,0.1,0,372.8,17,0.72818082
0,4012.5,0,0,0,372.8,17,0.72818082
0,4012.6,0,0.1,0,372.8,17,0.72818082
0,4012.6,0,0,0,372.8,17,0.72818082
0,4012.6,0,0,0,372.8,17,0.72818082
0,4012.7,0,0.1,0,372.8,17,0.72818082
0,4012.8,0,0.1,0,372.8,17,0.72818082
0,4012.8,0,0,0,372.8,17,0.72818082
0,4012.8,0,0,0,372.8,17,0.72818082
0,4012.9,0,0.1,0,372.8,17,0.72818082
0,4012.9,0,0,0,372.8,17,0.72818082
0,4013,0,0.1,0,372.8,17,0.72818082
0,4013,0,0,0,372.8,17,0.72818082
0,4013,0,0,0,372.8,17,0.72818082
0,4013.1,0,0.1,0,372.8,17,0.72818082
0,4013.1,0,0,0,372.8,17,0.72818082
0,4013.2,0,0.1,0,372.8,17,0.72818082
0,4013.2,0,0,0,372.8,17,0.72818082
0,4013.3,0,0.1,0,372.8,17,0.72818082
0,4013.3,0,0,0,372.8,17,0.72818082
0,4013.3,0,0,0,372.8,17,0.72818082
0,4013.3,0,0,0,372.8,17,0.72818082
0,4013.4,0,0.1,0,372.8,17,0.72818082
0,4013.4,0,0,0,372.8,17,0.72818082
0,4013.5,0,0.1,0,372.8,17,0.72818082
0,4013.5,0,0,0,372.8,17,0.72818082
0,4013.5,0,0,0,372.8,17,0.72818082
0,4013.6,0,0.1,0,372.8,17,0.72818082
0,4013.6,0,0,0,372.8,17,0.72818082
0,4013.7,0,0.1,0,372.8,17,0.72818082
0,4013.7,0,0,0,372.8,17,0.72818082
0,4013.7,0,0,0,372.8,17,0.72818082
0,4013.8,0,0.1,0,372.8,17,0.72818082
0,4013.8,0,0,0,372.8,17,0.72818082
0,4013.9,0,0.1,0,372.8,17,0.72818082
0,4013.9,0,0,0,372.8,17,0.72818082
0,4013.9,0,0,0,372.8,17,0.72818082
0,4014,0,0.1,0,372.8,17,0.72818082
0,4014,0,0,0,372.8,17,0.72818082
0,4014.1,0,0.1,0,372.8,17,0.72818082
0,4014.1,0,0,0,372.8,17,0.72818082
0,4014.1,0,0,0,372.8,17,0.72818082
0,4014.2,0,0.1,0,372.8,17,0.72818082
0,4014.2,0,0,0,372.8,17,0.72818082
0,4014.3,0,0.1,0,372.8,17,0.72818082
0,4014.3,0,0,0,372.8,17,0.72818082
0,4014.3,0,0,0,372.8,17,0.72818082
0,4014.4,0,0.1,0,372.8,17,0.72818082
0,4014.4,0,0,0,372.8,17,0.72818082
0,4014.4,0,0,0,372.8,17,0.72818082
0,4014.5,0,0.1,0,372.8,17,0.72818082
0,4014.5,0,0,0,372.8,17,0.72818082
0,4014.5,0,0,0,372.8,17,0.72818082
0,4014.6,0,0.1,0,372.8,17,0.72818082
0,4014.6,0,0,0,372.8,17,0.72818082
0,4014.6,0,0,0,372.8,17,0.72818082
0,4014.7,0,0.1,0,372.8,17,0.72818082
0,4014.7,0,0,0,372.8,17,0.72818082
0,4014.8,0,0.1,0,372.8,17,0.72818082
0,4014.8,0,0,0,372.8,17,0.72818082
0,4014.8,0,0,0,372.8,17,0.72818082
0,4014.9,0,0.1,0,372.8,17,0.72818082
0,4014.9,0,0,0,372.8,17,0.72818082
0,4014.9,0,0,0,372.8,17,0.72818082
0,4015,0,0.1,0,372.8,17,0.72818082
0,4015,0,0,0,372.8,17,0.72818082
0,4015,0,0,0,372.8,17,0.72818082
0,4015.1,0,0.1,0,372.8,17,0.72818082
0,4015.1,0,0,0,372.8,17,0.72818082
0,4015.2,0,0.1,0,372.8,17,0.72818082
0,4015.2,0,0,0,372.8,17,0.72818082
0,4015.2,0,0,0,372.8,17,0.72818082
0,4015.3,0,0.1,0,372.8,17,0.72818082
0,4015.3,0,0,0,372.8,17,0.72818082
0,4015.3,0,0,0,372.8,17,0.72818082
0,4015.3,0,0,0,372.8,17,0.72818082
0,4015.4,0,0.1,0,372.8,17,0.72818082
0,4015.4,0,0,0,372.8,17,0.72818082
0,4015.4,0,0,0,372.8,17,0.72818082
0,4015.5,0,0.1,0,372.8,17,0.72818082
0,4015.5,0,0,0,372.8,17,0.72818082
0,4015.6,0,0.1,0,372.8,17,0.72818082
0,4015.6,0,0,0,372.8,17,0.72818082
0,4015.6,0,0,0,372.8,17,0.72818082
0,4015.7,0,0.1,0,372.8,17,0.72818082
0,4015.7,0,0,0,372.8,17,0.72818082
0,4015.7,0,0,0,372.8,17,0.72818082
0,4015.8,0,0.1,0,372.8,17,0.72818082
0,4015.8,0,0,0,372.8,17,0.72818082
0,4015.8,0,0,0,372.8,17,0.72818082
0,4015.8,0,0,0,372.8,17,0.72818082
0,4015.9,0,0.1,0,372.8,17,0.72818082
0,4015.9,0,0,0,372.8,17,0.72818082
0,4015.9,0,0,0,372.8,17,0.72818082
0,4015.9,0,0,0,372.8,17,0.72818082
0,4016,0,0.1,0,372.8,17,0.72818082
0,4016,0,0,0,372.8,17,0.72818082
0,4016.1,0,0.1,0,372.8,17,0.72818082
0,4016.1,0,0,0,372.8,17,0.72818082
0,4016.1,0,0,0,372.8,17,0.72818082
0,4016.1,0,0,0,372.8,17,0.72818082
0,4016.2,0,0.1,0,372.8,17,0.72818082
0,4016.2,0,0,0,372.8,17,0.72818082
0,4016.2,0,0,0,372.8,17,0.72818082
0,4016.3,0,0.1,0,372.8,17,0.72818082
0,4016.3,0,0,0,372.8,17,0.72818082
0,4016.3,0,0,0,372.8,17,0.72818082
0,4016.3,0,0,0,372.8,17,0.72818082
0,4016.4,0,0.1,0,372.8,17,0.72818082
0,4016.4,0,0,0,372.8,17,0.72818082
0,4016.4,0,0,0,372.8,17,0.72818082
0,4016.5,0,0.1,0,372.8,17,0.72818082
0,4016.5,0,0,0,372.8,17,0.72818082
0,4016.5,0,0,0,372.8,17,0.72818082
0,4016.5,0,0,0,372.8,16.9,0.72818082
0,4016.6,0,0.1,0,372.8,16.9,0.72818082
0,4016.6,0,0,0,372.8,16.9,0.72818082
0,4016.6,0,0,0,372.8,16.9,0.72818082
0,4016.7,0,0.1,0,372.8,16.9,0.72818082
0,4016.7,0,0,0,372.8,16.9,0.72818082
0,4016.7,0,0,0,372.8,16.9,0.72818082
0,4016.8,0,0.1,0,372.8,16.9,0.72818082
0,4016.8,0,0,0,372.8,16.9,0.72818082
0,4016.8,0,0,0,372.8,16.9,0.72818082
0,4016.8,0,0,0,372.8,16.9,0.72818082
0,4016.8,0,0,0,372.8,16.9,0.72818082
0,4016.9,0,0.1,0,372.8,16.9,0.72818082
0,4016.9,0,0,0,372.8,16.9,0.72818082
0,4017,0,0.1,0,372.8,16.9,0.72818082
0,4017,0,0,0,372.8,16.9,0.72818082
0,4017,0,0,0,372.8,16.9,0.72818082
0,4017,0,0,0,372.8,16.9,0.72818082
0,4017,0,0,0,372.8,16.9,0.72818082
0,4017.1,0,0.1,0,372.8,16.9,0.72818082
0,4017.1,0,0,0,372.8,16.9,0.72818082
0,4017.2,0,0.1,0,372.8,16.9,0.72818082
0,4017.2,0,0,0,372.8,16.9,0.72818082
0,4017.2,0,0,0,372.8,16.9,0.72818082
0,4017.3,0,0.1,0,372.8,16.9,0.72818082
0,4017.2,0,-0.1,0,372.8,16.9,0.72818082
0,4017.3,0,0.1,0,372.8,16.9,0.72818082
0,4017.3,0,0,0,372.8,16.9,0.72818082
0,4017.3,0,0,0,372.8,16.9,0.72818082
0,4017.4,0,0.1,0,372.8,16.9,0.72818082
0,4017.4,0,0,0,372.8,16.9,0.72818082
0,4017.4,0,0,0,372.8,16.9,0.72818082
0,4017.4,0,0,0,372.8,16.9,0.72818082
0,4017.5,0,0.1,0,372.8,16.9,0.72818082
0,4017.5,0,0,0,372.8,16.9,0.72818082
0,4017.5,0,0,0,372.8,16.9,0.72818082
0,4017.6,0,0.1,0,372.8,16.9,0.72818082
0,4017.6,0,0,0,372.8,16.9,0.72818082
0,4017.6,0,0,0,372.8,16.9,0.72818082
0,4017.6,0,0,0,372.8,16.9,0.72818082
0,4017.7,0,0.1,0,372.8,16.9,0.72818082
0,4017.7,0,0,0,372.8,16.9,0.72818082
0,4017.7,0,0,0,372.8,16.9,0.72818082
0,4017.7,0,0,0,372.8,16.9,0.72818082
0,4017.8,0,0.1,0,372.8,16.9,0.72818082
0,4017.8,0,0,0,372.8,16.9,0.72818082
0,4017.8,0,0,0,372.8,16.9,0.72818082
0,4017.8,0,0,0,372.8,16.9,0.72818082
0,4017.9,0,0.1,0,372.8,16.9,0.72818082
0,4017.9,0,0,0,372.8,16.9,0.72818082
0,4017.9,0,0,0,372.8,16.9,0.72818082
0,4017.9,0,0,0,372.8,16.9,0.72818082
0,4018,0,0.1,0,372.8,16.9,0.72818082
0,4018,0,0,0,372.8,16.9,0.72818082
0,4018,0,0,0,372.8,16.9,0.72818082
0,4018,0,0,0,372.8,16.9,0.72818082
0,4018.1,0,0.1,0,372.8,16.9,0.72818082
0,4018.1,0,0,0,372.8,16.9,0.72818082
0,4018.1,0,0,0,372.8,16.9,0.72818082
0,4018.1,0,0,0,372.8,16.9,0.72818082
0,4018.2,0,0.1,0,372.8,16.9,0.72818082
0,4018.2,0,0,0,372.8,16.9,0.72818082
0,4018.2,0,0,0,372.8,16.9,0.72818082
0,4018.3,0,0.1,0,372.8,16.9,0.72818082
0,4018.3,0,0,0,372.8,16.9,0.72818082
0,4018.3,0,0,0,372.8,16.9,0.72818082
0,4018.3,0,0,0,372.8,16.9,0.72818082
0,4018.4,0,0.1,0,372.8,16.9,0.72818082
0,4018.4,0,0,0,372.8,16.9,0.72818082
0,4018.4,0,0,0,372.8,16.9,0.72818082
0,4018.4,0,0,0,372.8,16.9,0.72818082
0,4018.4,0,0,0,372.8,16.9,0.72818082
0,4018.5,0,0.1,0,372.8,16.9,0.72818082
0,4018.5,0,0,0,372.8,16.9,0.72818082
0,4018.5,0,0,0,372.8,16.9,0.72818082
0,4018.5,0,0,0,372.8,16.9,0.72818082
0,4018.5,0,0,0,372.8,16.9,0.72818082
0,4018.6,0,0.1,0,372.8,16.9,0.72818082
0,4018.6,0,0,0,372.8,16.9,0.72818082
0,4018.6,0,0,0,372.8,16.9,0.72818082
0,4018.6,0,0,0,372.8,16.9,0.72818082
0,4018.7,0,0.1,0,372.8,16.9,0.72818082
0,4018.7,0,0,0,372.8,16.9,0.72818082
0,4018.7,0,0,0,372.8,16.9,0.72818082
0,4018.8,0,0.1,0,372.8,16.9,0.72818082
0,4018.7,0,-0.1,0,372.8,16.9,0.72818082
0,4018.8,0,0.1,0,372.8,16.9,0.72818082
0,4018.8,0,0,0,372.8,16.9,0.72818082
0,4018.8,0,0,0,372.8,16.9,0.72818082
597.9,3989.3,597.9,-29.5,2.3852025,373,16.9,0.728035
1186,3958.8,588.1,-30.5,4.6951368,373.3,16.9,0.72781626
1193.1,3955.9,7.1,-2.9,4.7197843,373.6,16.9,0.72759752
1200,3953.5,6.9,-2.4,4.7442,374,16.9,0.72730587
1192,3951.9,-8,-1.6,4.7106648,374.3,16.9,0.72708713
1194.1,3950.1,2.1,-1.8,4.7168144,374.6,16.9,0.72686839
1203,3948.1,8.9,-2,4.7495643,375,16.9,0.72657674
1193,3947.1,-10,-1,4.7088903,375.3,16.9,0.726358
1185.1,3946.2,-7.9,-0.9,4.6766416,375.6,16.9,0.72613926
1183.1,3945,-2,-1.2,4.6673295,375.9,16.9,0.72592052
1202,3942.8,18.9,-2.2,4.7392456,376.3,16.9,0.72562887
1187.1,3942.3,-14.9,-0.5,4.6799043,376.6,16.9,0.72541013
1192.1,3940.9,5,-1.4,4.6979469,376.9,16.9,0.7251914
1195,3939.6,2.9,-1.3,4.707822,377.3,16.9,0.72489974
1186.1,3939,-8.9,-0.6,4.6720479,377.6,16.9,0.72468101
1180.1,3938.2,-6,-0.8,4.6474698,377.9,16.9,0.72446227
1185,3937.1,4.9,-1.1,4.6654635,378.3,16.9,0.72417062
1202,3935.3,17,-1.8,4.7302306,378.6,16.9,0.72395188
1183.1,3935.2,-18.9,-0.1,4.6557351,378.9,16.9,0.72373314
1200,3933.5,16.9,-1.7,4.7202,379.3,16.9,0.72344149
1196.1,3932.8,-3.9,-0.7,4.7040221,379.6,16.9,0.72322275
1183.1,3932.6,-13,-0.2,4.6526591,379.9,16.9,0.72300401
1205.1,3930.7,22,-1.9,4.7368866,380.3,16.9,0.72271236
1208.1,3929.7,3,-1,4.7474706,380.6,16.9,0.72249362
1199.1,3929.3,-9,-0.4,4.7116236,380.9,16.9,0.72227488
1205.1,3928.2,6,-1.1,4.7338738,381.3,16.9,0.72198323
1192.2,3928,-12.9,-0.2,4.6829616,381.6,16.9,0.72176449
1184.1,3927.7,-8.1,-0.3,4.6507896,381.9,16.9,0.72154575
1204,3926,19.9,-1.7,4.726904,382.2,16.9,0.72132701
1186.2,3926.1,-17.8,0.1,4.6571398,382.6,16.9,0.72103536
1188,3925.4,1.8,-0.7,4.6633752,382.9,16.9,0.72081662
1196,3924.3,8,-1.1,4.6934628,383.2,16.9,0.72059789
1200.1,3923.5,4.1,-0.8,4.7085923,383.6,16.9,0.72030623
1190,3923.3,-10.1,-0.2,4.668727,383.9,16.9,0.7200875
1201.2,3922.1,11.2,-1.2,4.7112265,384.2,16.9,0.71986876
1202.1,3921.4,0.9,-0.7,4.7139149,384.6,16.9,0.71957711
1207,3920.6,4.9,-0.8,4.7321642,384.9,16.9,0.71935837
1190.2,3920.8,-16.8,0.2,4.6665362,385.2,16.9,0.71913963
1199.2,3919.8,9,-1,4.7006242,385.6,16.9,0.71884798
1202,3919,2.8,-0.8,4.710638,385.9,16.9,0.71862924
1203,3918.4,1,-0.6,4.7138352,386.2,16.9,0.7184105
1190,3918.5,-13,0.1,4.663015,386.6,16.9,0.71811885
1182.2,3918.4,-7.8,-0.1,4.6323325,386.9,16.9,0.71790011
1192.1,3917.4,9.9,-1,4.6699325,387.2,16.9,0.71768137
1191,3916.9,-1.1,-0.5,4.6650279,387.6,16.9,0.71738972
1190,3916.4,-1,-0.5,4.660516,387.9,16.9,0.71717098
1200.2,3915.4,10.2,-1,4.6992631,388.2,16.9,0.71695224
1205.1,3914.6,4.9,-0.8,4.7174845,388.6,16.9,0.71666059
1187.1,3915,-18,0.4,4.6474965,388.9,16.9,0.71644185
1204.9,3913.7,17.8,-1.3,4.7156171,389.2,16.9,0.71622311
1190.1,3913.9,-14.8,0.2,4.6579324,389.6,16.9,0.71593146
1194.1,3913.3,4,-0.6,4.6728715,389.9,16.9,0.71571272
1196,3912.7,1.9,-0.6,4.6795892,390.2,16.9,0.71549398
1194,3912.4,-2,-0.3,4.6714056,390.6,16.9,0.71520233
1198,3911.7,4,-0.7,4.6862166,390.9,16.9,0.71498359
1198.1,3911.3,0.1,-0.4,4.6861285,391.2,16.9,0.71476486
1190.1,3911.2,-8,-0.1,4.6547191,391.5,16.9,0.71454612
1182.1,3911.2,-8,0,4.6234295,391.9,16.9,0.71425447
1184.1,3910.7,2,-0.5,4.6306599,392.2,16.9,0.71403573
1195.1,3909.7,11,-1,4.6724825,392.5,16.9,0.71381699
1190.1,3909.6,-5,-0.1,4.652815,392.9,16.9,0.71352534
1202.1,3908.6,12,-1,4.6985281,393.2,16.9,0.7133066
1184.2,3909.1,-17.9,0.5,4.6291562,393.5,16.9,0.71308786
1194,3908.2,9.8,-0.9,4.6663908,393.9,16.9,0.71279621
1212.9,3906.9,18.9,-1.3,4.738679,394.2,16.9,0.71257747
1196.1,3907.3,-16.8,0.4,4.6735215,394.5,16.9,0.71235873
1190.1,3907.2,-6,-0.1,4.6499587,394.9,16.9,0.71206708
1186.1,3907.1,-4,-0.1,4.6342113,395.2,17,0.71184834
1201.1,3906,15,-1.1,4.6914966,395.5,17,0.7116296
1208,3905.2,6.9,-0.8,4.7174816,395.9,17,0.71133795
1204.1,3905,-3.9,-0.2,4.7020105,396.2,17,0.71111921
1196.1,3905.1,-8,0.1,4.6708901,396.5,17,0.71090047
1196,3904.7,-0.1,-0.4,4.6700212,396.9,17,0.71060882
1192.1,3904.6,-3.9,-0.1,4.6546737,397.2,17,0.71039008
1200.1,3903.9,8,-0.7,4.6850704,397.5,17,0.71017135
1194.1,3903.8,-6,-0.1,4.6615276,397.9,17,0.70987969
1199.1,3903.2,5,-0.6,4.6803271,398.2,17,0.70966096
1216,3902.1,16.9,-1.1,4.7449536,398.5,17,0.70944222
1200.1,3902.5,-15.9,0.4,4.6833902,398.9,17,0.70915057
1188,3902.7,-12.1,0.2,4.6364076,399.2,17,0.70893183
1203,3901.7,15,-1,4.6937451,399.5,17,0.70871309
1197.1,3901.6,-5.9,-0.1,4.6706054,399.9,17,0.70842144
1205.1,3900.9,8,-0.7,4.7009746,400.2,17,0.7082027
1193.1,3901.2,-12,0.3,4.6545217,400.5,17,0.70798396
1192.1,3901,-1,-0.2,4.6503821,400.9,17,0.70769231
1182.2,3901.2,-9.9,0.2,4.6119986,401.2,17,0.70747357
1196.1,3900.2,13.9,-1,4.6650292,401.5,17,0.70725483
1186.1,3900.4,-10,0.2,4.6262644,401.8,17,0.70703609
1188.1,3900,2,-0.4,4.63359,402.2,17,0.70674444
1208.1,3898.7,20,-1.3,4.7100195,402.5,17,0.7065257
1203.1,3898.7,-5,0,4.690526,402.8,17,0.70630696
1188.1,3899.1,-15,0.4,4.6325207,403.2,17,0.70601531
1193.1,3898.6,5,-0.5,4.6514197,403.5,17,0.70579657
1209,3897.5,15.9,-1.1,4.7120775,403.8,17,0.70557783
1193.1,3898,-15.9,0.5,4.6507038,404.2,17,0.70528618
1200.1,3897.4,7,-0.6,4.6772697,404.5,17,0.70506744
1193.1,3897.4,-7,0,4.6499879,404.8,17,0.70484871
1203,3896.7,9.9,-0.7,4.6877301,405.2,17,0.70455705
1201.1,3896.5,-1.9,-0.2,4.6800862,405.5,17,0.70433832
1185.1,3897,-16,0.5,4.6183347,405.8,17,0.70411958
1192,3896.4,6.9,-0.6,4.6445088,406.2,17,0.70382793
1197,3895.9,5,-0.5,4.6633923,406.5,17,0.70360919
1194.1,3895.8,-2.9,-0.1,4.6519748,406.8,17,0.70339045
1201.1,3895.2,7,-0.6,4.6785247,407.2,17,0.7030988
1198.1,3895.1,-3,-0.1,4.6667193,407.5,17,0.70288006
1192.1,3895.1,-6,0,4.6433487,407.8,17,0.70266132
1199.2,3894.5,7.1,-0.6,4.6702844,408.2,17,0.70236967
1187.1,3894.8,-12.1,0.3,4.6235171,408.5,17,0.70215093
1187,3894.6,-0.1,-0.2,4.6228902,408.8,17,0.70193219
1186.1,3894.4,-0.9,-0.2,4.6191478,409.1,17,0.70171345
1200.1,3893.5,14,-0.9,4.6725893,409.5,17,0.7014218
1191.1,3893.7,-9,0.2,4.6377861,409.8,17,0.70120306
1193,3893.3,1.9,-0.4,4.6447069,410.1,17,0.70098432
1192.1,3893.1,-0.9,-0.2,4.6409645,410.5,17,0.70069267
1204.1,3892.3,12,-0.8,4.6867184,410.8,17,0.70047393
1202.1,3892.1,-2,-0.2,4.6786934,411.1,17,0.7002552
1182.1,3892.8,-20,0.7,4.6016789,411.5,17,0.69996354
1213,3891.1,30.9,-1.7,4.7199043,411.8,17,0.6997448
1198.1,3891.6,-14.9,0.5,4.662526,412.1,17,0.69952607
1205.1,3891,7,-0.6,4.6890441,412.5,17,0.69923441
1202.3,3890.9,-2.8,-0.1,4.6780291,412.8,17,0.69901568
1209.1,3890.3,6.8,-0.6,4.7037617,413.1,17,0.69879694
1185.2,3891.2,-23.9,0.9,4.6118502,413.5,17,0.69850529
1200.1,3890.3,14.9,-0.9,4.668749,413.8,17,0.69828655
1189.1,3890.6,-11,0.3,4.6263125,414.1,17,0.69806781
1189.1,3890.4,0,-0.2,4.6260746,414.5,17,0.69777616
1196,3889.8,6.9,-0.6,4.6522008,414.8,17,0.69755742
1190.1,3889.9,-5.9,0.1,4.62937,415.1,17,0.69733868
1188.1,3889.7,-2,-0.2,4.6213526,415.5,17,0.69704703
1199.1,3889,11,-0.7,4.6632999,415.8,17,0.69682829
1191.1,3889.1,-8,0.1,4.632307,416.1,17,0.69660955
1184.1,3889.3,-7,0.2,4.6053201,416.5,17,0.6963179
1199.1,3888.3,15,-1,4.6624605,416.8,17,0.69609916
1207.1,3887.7,8,-0.6,4.6928427,417.1,17,0.69588042
1192.1,3888.2,-15,0.5,4.6351232,417.5,17,0.69558877
1210.1,3887.1,18,-1.1,4.7037797,417.8,17,0.69537003
1197.1,3887.5,-13,0.4,4.6537263,418.1,17,0.69515129
1193.1,3887.5,-4,0,4.6381763,418.5,17,0.69485964
1199.1,3887,6,-0.5,4.6609017,418.8,17,0.6946409
1195.1,3887,-4,0,4.6453537,419.1,17,0.69442217
1472,3873,276.9,-14,5.701056,419.5,17,0.69413051
1741,3858.9,269,-14.1,6.7183449,420,17,0.69376595
1751,3857.1,10,-1.8,6.7537821,420.5,17,0.69340139
1748,3856.1,-3,-1,6.7404628,421,17,0.69303682
1758,3854.5,10,-1.6,6.776211,421.5,17,0.69267226
1767,3853.1,9,-1.4,6.8084277,422,17,0.69230769
1759,3852.5,-8,-0.6,6.7765475,422.5,17,0.69194313
1755,3851.8,-4,-0.7,6.759909,422.9,17,0.69165148
1735,3852,-20,0.2,6.68322,423.4,17,0.69128691
1749,3850.6,14,-1.4,6.7346994,423.9,17,0.69092235
1734,3850.5,-15,-0.1,6.676767,424.4,17.1,0.69055778
1760,3848.5,26,-2,6.77336,424.9,17.1,0.69019322
1749.1,3848.3,-10.9,-0.2,6.7310615,425.4,17.1,0.68982865
1759.1,3847.1,10,-1.2,6.7674336,425.9,17.1,0.68946409
1735.1,3847.5,-24,0.4,6.6757973,426.3,17.1,0.68917244
1736,3846.8,0.9,-0.7,6.6780448,426.8,17.1,0.68880787
1759.9,3845,23.9,-1.8,6.7668155,427.3,17.1,0.68844331
1746.1,3845,-13.8,0,6.7137545,427.8,17.1,0.68807875
1742,3844.6,-4.1,-0.4,6.6972932,428.3,17.1,0.68771418
1749,3843.6,7,-1,6.7224564,428.8,17.1,0.68734962
1748.1,3843,-0.9,-0.6,6.7179483,429.2,17.1,0.68705797
1743,3842.7,-5.1,-0.3,6.6978261,429.7,17.1,0.6866934
1743,3842.1,0,-0.6,6.6967803,430.2,17.1,0.68632884
1745,3841.4,2,-0.7,6.703243,430.7,17.1,0.68596427
1748,3840.7,3,-0.7,6.7135436,431.2,17.1,0.68559971
1753,3839.8,5,-0.9,6.7311694,431.7,17.1,0.68523514
1749.1,3839.5,-3.9,-0.3,6.7156695,432.2,17.1,0.68487058
1752,3838.7,2.9,-0.8,6.7254024,432.6,17.1,0.68457893
1745,3838.5,-7,-0.2,6.6981825,433.1,17.1,0.68421436
1744,3838.1,-1,-0.4,6.6936464,433.6,17.1,0.6838498
1733,3838,-11,-0.1,6.651254,434.1,17.1,0.68348524
1746.1,3836.9,13.1,-1.1,6.6996111,434.6,17.1,0.68312067
1747,3836.3,0.9,-0.6,6.7020161,435.1,17.1,0.68275611
1751,3835.7,4,-0.6,6.7163107,435.6,17.1,0.68239154
1753,3835,2,-0.7,6.722755,436,17.1,0.68209989
1758,3834.3,5,-0.7,6.7406994,436.5,17.1,0.68173533
1742,3834.5,-16,0.2,6.679699,437,17.1,0.68137076
1762,3833.1,20,-1.4,6.7539222,437.5,17.1,0.6810062
1768,3832.3,6,-0.8,6.7755064,438,17.1,0.68064163
1757,3832.3,-11,0,6.7333511,438.5,17.1,0.68027707
1742,3832.5,-15,0.2,6.676215,439,17.1,0.6799125
1759,3831.3,17,-1.2,6.7392567,439.5,17.1,0.67954794
1745,3831.4,-14,0.1,6.685793,439.9,17.1,0.67925629
1750,3830.8,5,-0.6,6.7039,440.4,17.1,0.67889172
1768,3829.4,18,-1.4,6.7703792,440.9,17.1,0.67852716
1753,3829.7,-15,0.3,6.7134641,441.4,17.1,0.6781626
1753,3829.2,0,-0.5,6.7125876,441.9,17.1,0.67779803
1753,3828.8,0,-0.4,6.7118864,442.4,17.1,0.67743347
1742,3828.9,-11,0.1,6.6699438,442.9,17.1,0.6770689
1756,3827.8,14,-1.1,6.7216168,443.3,17.1,0.67677725
1759,3827.2,3,-0.6,6.7320448,443.8,17.1,0.67641269
1740,3827.7,-19,0.5,6.660198,444.3,17.1,0.67604812
1758.1,3826.4,18.1,-1.3,6.7271938,444.8,17.1,0.67568356
1757.1,3826,-1,-0.4,6.7226646,445.3,17.1,0.67531899
1750.1,3825.9,-7,-0.1,6.6957076,445.8,17.1,0.67495443
1747,3825.6,-3.1,-0.3,6.6833232,446.3,17.1,0.67458987
1751,3825.1,4,-0.5,6.6977501,446.8,17.1,0.6742253
1751,3824.7,0,-0.4,6.6970497,447.2,17.1,0.67393365
1743.9,3824.6,-7.1,-0.1,6.6697199,447.7,17.2,0.67356908
1741.9,3824.3,-2,-0.3,6.6615482,448.2,17.2,0.67320452
1741.9,3823.9,0,-0.4,6.6608514,448.7,17.2,0.67283996
1751,3823.2,9.1,-0.7,6.6944232,449.2,17.2,0.67247539
1748,3822.9,-3,-0.3,6.6824292,449.7,17.2,0.67211083
1736,3823.1,-12,0.2,6.6369016,450.1,17.2,0.67181918
1742,3822.5,6,-0.6,6.658795,450.6,17.2,0.67145461
1745,3821.9,3,-0.6,6.6692155,451.1,17.2,0.67109005
1744.1,3821.6,-0.9,-0.3,6.6652526,451.6,17.2,0.67072548
1755.1,3820.7,11,-0.9,6.7057106,452.1,17.2,0.67036092
1760.1,3820.1,5,-0.6,6.723758,452.6,17.2,0.66999635
1749.1,3820.2,-11,0.1,6.6819118,453.1,17.2,0.66963179
1740,3820.3,-9.1,0.1,6.647322,453.5,17.2,0.66934014
1742.1,3819.9,2.1,-0.4,6.6546478,454,17.2,0.66897557
1746.1,3819.3,4,-0.6,6.6688797,454.5,17.2,0.66861101
1751.1,3818.7,5,-0.6,6.6869256,455,17.2,0.66824645
1746,3818.6,-5.1,-0.1,6.6672756,455.5,17.2,0.66788188
1753.9,3817.9,7.9,-0.7,6.6962148,456,17.2,0.66751732
1748,3817.8,-5.9,-0.1,6.6735144,456.5,17.2,0.66715275
1753.1,3817.2,5.1,-0.6,6.6919333,456.9,17.2,0.6668611
1746.1,3817.2,-7,0,6.6652129,457.4,17.2,0.66649654
1735,3817.4,-11.1,0.2,6.623189,457.9,17.2,0.66613197
1748.9,3816.5,13.9,-0.9,6.6746768,458.4,17.2,0.66576741
1736.9,3816.7,-12,0.2,6.6292262,458.9,17.2,0.66540284
1749.1,3815.7,12.2,-1,6.6740409,459.4,17.2,0.66503828
1737,3816,-12.1,0.3,6.628392,459.8,17.2,0.66474663
1214.1,3841.5,-522.9,25.5,4.6639652,460.2,17.2,0.66445498
688.1,3868.5,-526,27,2.6619149,460.4,17.2,0.66430915
684.1,3870.7,-4,2.2,2.6479459,460.6,17.2,0.66416332
683,3872.5,-1.1,1.8,2.6449175,460.8,17.2,0.6640175
680.3,3874.1,-2.7,1.6,2.6355502,460.9,17.2,0.66394459
682.1,3875.3,1.8,1.2,2.6433421,461.1,17.2,0.66379876
685,3876.3,2.9,1,2.6552655,461.3,17.2,0.66365293
696.1,3876.8,11.1,0.5,2.6986405,461.5,17.2,0.66350711
675.1,3878.8,-21,2,2.6185779,461.7,17.2,0.66336128
679,3879.5,3.9,0.7,2.6341805,461.9,17.2,0.66321546
683.1,3880.2,4.1,0.7,2.6505646,462.1,17.2,0.66306963
673,3881.5,-10.1,1.3,2.6122495,462.3,17.2,0.66292381
681,3881.9,8,0.4,2.6435739,462.5,17.2,0.66277798
693.1,3882,12.1,0.1,2.6906142,462.7,17.2,0.66263215
685.1,3883.1,-8,1.1,2.6603118,462.8,17.2,0.66255924
689,3883.5,3.9,0.4,2.6757315,463,17.2,0.66241342
686.1,3884.3,-2.9,0.8,2.6650182,463.2,17.2,0.66226759
675,3885.4,-11.1,1.1,2.622645,463.4,17.2,0.66212176
677.1,3886,2.1,0.6,2.6312106,463.6,17.2,0.66197594
679.1,3886.4,2,0.4,2.6392542,463.8,17.2,0.66183011
674,3887.2,-5.1,0.8,2.6199728,464,17.2,0.66168429
685.1,3887.2,11.1,0,2.6631207,464.2,17.2,0.66153846
681.3,3887.9,-3.8,0.7,2.6488263,464.4,17.2,0.66139264
687,3888.1,5.7,0.2,2.6711247,464.5,17.2,0.66131972
680,3888.9,-7,0.8,2.644452,464.7,17.2,0.6611739
684.1,3889.1,4.1,0.2,2.6605333,464.9,17.3,0.66102807
674.1,3890,-10,0.9,2.622249,465.1,17.3,0.66088225
686,3889.9,11.9,-0.1,2.6684714,465.3,17.3,0.66073642
668.1,3891.1,-17.9,1.2,2.5996439,465.5,17.3,0.66059059
683.2,3890.8,15.1,-0.3,2.6581946,465.7,17.3,0.66044477
693,3890.8,9.8,0,2.6963244,465.9,17.3,0.66029894
684,3891.5,-9,0.7,2.661786,466.1,17.3,0.66015312
675.2,3892.3,-8.8,0.8,2.628081,466.2,17.3,0.6600802
674.1,3892.7,-1.1,0.4,2.6240691,466.4,17.3,0.65993438
677.1,3892.9,3,0.2,2.6358826,466.6,17.3,0.65978855
683,3892.9,5.9,0,2.6588507,466.8,17.3,0.65964273
670.1,3893.9,-12.9,1,2.6093024,467,17.3,0.6594969
683.1,3893.6,13,-0.3,2.6597182,467.2,17.3,0.65935108
663,3894.8,-20.1,1.2,2.5822524,467.4,17.3,0.65920525
674,3894.6,11,-0.2,2.6249604,467.6,17.3,0.65905942
674.1,3894.9,0.1,0.3,2.6255521,467.7,17.3,0.65898651
674,3895.2,-0.1,0.3,2.6253648,467.9,17.3,0.65884069
671,3895.6,-3,0.4,2.6139476,468.1,17.3,0.65869486
685,3895.2,14,-0.4,2.668212,468.3,17.3,0.65854903
667,3896.3,-18,1.1,2.5988321,468.5,17.3,0.65840321
682.2,3895.8,15.2,-0.5,2.6577148,468.7,17.3,0.65825738
683,3896,0.8,0.2,2.660968,468.9,17.3,0.65811156
672.1,3896.7,-10.9,0.7,2.6189721,469.1,17.3,0.65796573
664.1,3897.3,-8,0.6,2.5881969,469.2,17.3,0.65789282
695,3896.1,30.9,-1.2,2.7077895,469.4,17.3,0.65774699
666.1,3897.6,-28.9,1.5,2.5961914,469.6,17.3,0.65760117
681.1,3897.2,15,-0.4,2.6543829,469.8,17.3,0.65745534
686,3897.1,4.9,-0.1,2.6734106,470,17.3,0.65730952
660,3898.5,-26,1.4,2.57301,470.2,17.3,0.65716369
693.1,3897.1,33.1,-1.4,2.70108,470.4,17.3,0.65701786
673.1,3898.2,-20,1.1,2.6238784,470.6,17.3,0.65687204
671.1,3898.5,-2,0.3,2.6162834,470.8,17.3,0.65672621
678,3898.4,6.9,-0.1,2.6431152,470.9,17.3,0.6566533
684.1,3898.2,6.1,-0.2,2.6667586,471.1,17.3,0.65650747
685.2,3898.3,1.1,0.1,2.6711152,471.3,17.3,0.65636165
679.1,3898.7,-6.1,0.4,2.6476072,471.5,17.3,0.65621582
672.1,3899.2,-7,0.5,2.6206523,471.7,17.3,0.65607
684.1,3898.8,12,-0.4,2.6671691,471.9,17.3,0.65592417
685,3898.8,0.9,0,2.670678,472.1,17.3,0.65577834
671,3899.7,-14,0.9,2.6166987,472.3,17.3,0.65563252
680.1,3899.4,9.1,-0.3,2.6519819,472.5,17.3,0.65548669
678.2,3899.6,-1.9,0.2,2.6447087,472.6,17.3,0.65541378
677.1,3899.8,-1.1,0.2,2.6405546,472.8,17.3,0.65526795
677.1,3899.9,0,0.1,2.6406223,473,17.3,0.65512213
1624.9,3853.7,947.8,-46.2,6.2618771,473.5,17.3,0.65475756
2568.9,3805.4,944,-48.3,9.7756921,474.2,17.3,0.65424717
2581,3800.6,12.1,-4.8,9.8093486,474.9,17.3,0.65373678
2564.2,3798.1,-16.8,-2.5,9.739088,475.6,17.3,0.65322639
2580.1,3794.3,15.9,-3.8,9.7896734,476.3,17.3,0.652716
2582.1,3791.5,2,-2.8,9.7900322,477,17.3,0.65220561
2574.1,3789.5,-8,-2,9.7545519,477.8,17.3,0.65162231
2572.1,3787.3,-2,-2.2,9.7413143,478.5,17.3,0.65111192
2555.1,3786,-17,-1.3,9.6736086,479.2,17.3,0.65060153
2563.1,3783.6,8,-2.4,9.6977452,479.9,17.3,0.65009114
2559.1,3781.8,-4,-1.8,9.6780044,480.6,17.3,0.64958075
2556.1,3780.2,-3,-1.6,9.6625692,481.3,17.3,0.64907036
2572.2,3777.7,16.1,-2.5,9.7169999,482,17.3,0.64855997
2570.1,3776.1,-2.1,-1.6,9.7049546,482.7,17.3,0.64804958
2569.1,3774.4,-1,-1.7,9.696811,483.5,17.3,0.64746628
2565,3773,-4.1,-1.4,9.677745,484.2,17.3,0.64695589
2570,3771.2,5,-1.8,9.691984,484.9,17.3,0.6464455
2579,3769.3,9,-1.9,9.7210247,485.6,17.3,0.64593511
2587.1,3767.4,8.1,-1.9,9.7466405,486.3,17.3,0.64542472
2574.2,3766.5,-12.9,-0.9,9.6957243,487,17.3,0.64491433
2565.1,3765.6,-9.1,-0.9,9.6591406,487.7,17.3,0.64440394
2567,3764.2,1.9,-1.4,9.6627014,488.5,17.3,0.64382063
2566,3762.9,-1,-1.3,9.6556014,489.2,17.3,0.64331024
2562.2,3761.8,-3.8,-1.1,9.638484,489.9,17.3,0.64279985
2570.1,3760.2,7.9,-1.6,9.66409,490.6,17.3,0.64228946
2569.1,3759,-1,-1.2,9.6572469,491.3,17.3,0.64177907
2567.1,3757.9,-2,-1.1,9.6469051,492,17.3,0.64126868
2581.1,3756,14,-1.9,9.6946116,492.7,17.3,0.64075829
2566.1,3755.6,-15,-0.4,9.6372452,493.5,17.3,0.64017499
2572,3754.1,5.9,-1.5,9.6555452,494.2,17.3,0.6396646
2574,3753,2,-1.1,9.660222,494.9,17.3,0.63915421
2575,3751.8,1,-1.2,9.660885,495.6,17.3,0.63864382
2585,3750.2,10,-1.6,9.694267,496.3,17.3,0.63813343
2576,3749.6,-9,-0.6,9.6589696,497,17.3,0.63762304
2573,3748.7,-3,-0.9,9.6454051,497.7,17.3,0.63711265
2573,3747.7,0,-1,9.6428321,498.5,17.3,0.63652935
2569,3746.9,-4,-0.8,9.6257861,499.2,17.3,0.63601896
2584,3745.2,15,-1.7,9.6775968,499.9,17.3,0.63550857
2576,3744.6,-8,-0.6,9.6460896,500.6,17.3,0.63499818
2569.1,3744,-6.9,-0.6,9.6187104,501.3,17.3,0.63448779
2569.1,3743.1,0,-0.9,9.6163982,502,17.3,0.6339774
2561.1,3742.6,-8,-0.5,9.5851729,502.8,17.3,0.63339409
2569.1,3741.4,8,-1.2,9.6120307,503.5,17.3,0.6328837
2585.2,3739.7,16.1,-1.7,9.6678724,504.2,17.3,0.63237331
2565.2,3739.8,-20,0.1,9.593335,504.9,17.3,0.63186292
2576.2,3738.4,11,-1.4,9.6308661,505.6,17.4,0.63135253
2575.1,3737.7,-1.1,-0.7,9.6249513,506.3,17.4,0.63084214
2579.1,3736.7,4,-1,9.637323,507,17.4,0.63033175
2581.1,3735.8,2,-0.9,9.6424734,507.8,17.4,0.62974845
2581.1,3735,0,-0.8,9.6404085,508.5,17.4,0.62923806
2565.1,3735,-16,0,9.5806485,509.2,17.4,0.62872767
2574,3733.8,8.9,-1.2,9.6108012,509.9,17.4,0.62821728
2565,3733.5,-9,-0.3,9.5764275,510.6,17.4,0.62770689
2566,3732.7,1,-0.8,9.5781082,511.3,17.4,0.6271965
2570,3731.9,4,-0.8,9.590983,512,17.4,0.62668611
2574,3730.9,4,-1,9.6033366,512.8,17.4,0.62610281
2565.1,3730.7,-8.9,-0.2,9.5696186,513.5,17.4,0.62559242
2570.1,3729.8,5,-0.9,9.585959,514.2,17.4,0.62508203
2564.1,3729.4,-6,-0.4,9.5625545,514.9,17.4,0.62457164
2571.1,3728.4,7,-1,9.5860892,515.6,17.4,0.62406125
2565.1,3728,-6,-0.4,9.5626928,516.3,17.4,0.62355086
2577.1,3726.8,12,-1.2,9.6043363,517,17.4,0.62304047
2566.1,3726.7,-11,-0.1,9.5630849,517.8,17.4,0.62245716
2563.2,3726.3,-2.9,-0.4,9.5512522,518.5,17.4,0.62194677
2566.2,3725.6,3,-0.7,9.5606347,519.2,17.4,0.62143638
2569.2,3724.8,3,-0.8,9.5697562,519.9,17.4,0.62092599
2570.1,3724.2,0.9,-0.6,9.5715664,520.6,17.4,0.6204156
2575.1,3723.4,5,-0.8,9.5881273,521.3,17.4,0.61990521
2576.1,3722.7,1,-0.7,9.5900475,522,17.4,0.61939482
2576.1,3722.1,0,-0.6,9.5885018,522.8,17.4,0.61881152
2564.1,3722.2,-12,0.1,9.544093,523.5,17.4,0.61830113
2570.1,3721.3,6,-0.9,9.5641131,524.2,17.4,0.61779074
2583,3720.2,12.9,-1.1,9.6092766,524.9,17.4,0.61728035
2568,3720.4,-15,0.2,9.5539872,525.6,17.4,0.61676996
2577.1,3719.4,9.1,-1,9.5852657,526.3,17.4,0.61625957
2559.1,3719.8,-18,0.4,9.5193402,527,17.4,0.61574918
2563,3719.1,3.9,-0.7,9.5320533,527.7,17.5,0.61523879
2574,3718.1,11,-1,9.5703894,528.5,17.5,0.61465549
2576.1,3717.4,2.1,-0.7,9.5763941,529.2,17.5,0.6141451
2577,3716.9,0.9,-0.5,9.5784513,529.9,17.5,0.61363471
2582,3716.2,5,-0.7,9.5952284,530.6,17.5,0.61312432
2579,3715.8,-3,-0.4,9.5830482,531.3,17.5,0.61261393
2575.1,3715.5,-3.9,-0.3,9.5677841,532,17.5,0.61210354
2563.2,3715.6,-11.9,0.1,9.5238259,532.8,17.5,0.61152023
2575,3714.6,11.8,-1,9.565095,533.5,17.5,0.61100984
2572,3714.3,-3,-0.3,9.5531796,534.2,17.5,0.61049945
2581,3713.4,9,-0.9,9.5842854,534.9,17.5,0.60998906
2560.1,3714,-20.9,0.6,9.5082114,535.6,17.5,0.60947867
2582.2,3712.5,22.1,-1.5,9.5864175,536.3,17.5,0.60896828
2564,3712.9,-18.2,0.4,9.5198756,537,17.5,0.60845789
2577,3711.9,13,-1,9.5655663,537.8,17.5,0.60787459
2564.1,3712.1,-12.9,0.2,9.5181956,538.5,17.5,0.6073642
2580.1,3710.9,16,-1.2,9.5744931,539.2,17.5,0.60685381
2572.1,3710.9,-8,0,9.5448059,539.9,17.5,0.60634342
2572,3710.5,-0.1,-0.4,9.543406,540.6,17.5,0.60583303
2570,3710.2,-2,-0.3,9.535214,541.3,17.5,0.60532264
2567.1,3710,-2.9,-0.2,9.523941,542,17.5,0.60481225
2573.1,3709.3,6,-0.7,9.5443998,542.8,17.5,0.60422895
2574.2,3708.9,1.1,-0.4,9.5474504,543.5,17.5,0.60371856
2571.2,3708.6,-3,-0.3,9.5355523,544.2,17.6,0.60320817
2570,3708.3,-1.2,-0.3,9.530331,544.9,17.6,0.60269778
2575,3707.6,5,-0.7,9.54707,545.6,17.6,0.60218739
2582,3706.9,7,-0.7,9.5712158,546.3,17.6,0.601677
2561.1,3707.6,-20.9,0.7,9.4955344,547,17.6,0.60116661
2584.1,3706.1,23,-1.5,9.576933,547.8,17.6,0.6005833
2571.1,3706.4,-13,0.3,9.529525,548.5,17.6,0.60007291
2579,3705.6,7.9,-0.8,9.5567424,549.2,17.6,0.59956252
2576,3705.4,-3,-0.2,9.5451104,549.9,17.6,0.59905213
2570,3705.3,-6,-0.1,9.522621,550.6,17.6,0.59854174
2567.2,3705.2,-2.8,-0.1,9.5119894,551.3,17.6,0.59803135
2568.2,3704.8,1,-0.4,9.5146674,552,17.6,0.59752096
2567.1,3704.5,-1.1,-0.3,9.5098219,552.8,17.6,0.59693766
2565.1,3704.3,-2,-0.2,9.5018999,553.5,17.6,0.59642727
2570.1,3703.7,5,-0.6,9.5188794,554.2,17.6,0.59591688
2582,3702.8,11.9,-0.9,9.5606296,554.9,17.6,0.59540649
2575,3702.8,-7,0,9.53471,555.6,17.6,0.5948961
2564.1,3703,-10.9,0.2,9.4948623,556.3,17.6,0.59438571
2577.1,3702.1,13,-0.9,9.5406819,557,17.6,0.59387532
2568.1,3702.2,-9,0.1,9.5076198,557.8,17.6,0.59329202
1286.2,3763.9,-1281.9,61.7,4.8411282,558.1,17.6,0.59307328
0,3828.2,-1286.2,64.3,0,558.1,17.6,0.59307328
0,3832.7,0,4.5,0,558.1,17.6,0.59307328
0,3836.4,0,3.7,0,558.1,17.6,0.59307328
0,3839.6,0,3.2,0,558.1,17.6,0.59307328
0,3842.5,0,2.9,0,558.1,17.6,0.59307328
0,3845.2,0,2.7,0,558.1,17.7,0.59307328
0,3847.7,0,2.5,0,558.1,17.7,0.59307328
0,3850,0,2.3,0,558.1,17.7,0.59307328
0,3852.2,0,2.2,0,558.1,17.7,0.59307328
0,3854.2,0,2,0,558.1,17.7,0.59307328
0,3856.2,0,2,0,558.1,17.7,0.59307328
0,3858.1,0,1.9,0,558.1,17.7,0.59307328
0,3859.8,0,1.7,0,558.1,17.7,0.59307328
0,3861.6,0,1.8,0,558.1,17.7,0.59307328
0,3863.2,0,1.6,0,558.1,17.7,0.59307328
0,3864.8,0,1.6,0,558.1,17.7,0.59307328
0,3866.3,0,1.5,0,558.1,17.7,0.59307328
0,3867.8,0,1.5,0,558.1,17.7,0.59307328
0,3869.3,0,1.5,0,558.1,17.7,0.59307328
0,3870.7,0,1.4,0,558.1,17.7,0.59307328
0,3872,0,1.3,0,558.1,17.7,0.59307328
0,3873.4,0,1.4,0,558.1,17.7,0.59307328
0,3874.6,0,1.2,0,558.1,17.7,0.59307328
0,3875.9,0,1.3,0,558.1,17.7,0.59307328
0,3877.1,0,1.2,0,558.1,17.7,0.59307328
0,3878.3,0,1.2,0,558.1,17.7,0.59307328
0,3879.4,0,1.1,0,558.1,17.7,0.59307328
0,3880.6,0,1.2,0,558.1,17.7,0.59307328
0,3881.7,0,1.1,0,558.1,17.7,0.59307328
0,3882.8,0,1.1,0,558.1,17.7,0.59307328
0,3883.8,0,1,0,558.1,17.7,0.59307328
0,3884.8,0,1,0,558.1,17.7,0.59307328
0,3885.8,0,1,0,558.1,17.7,0.59307328
0,3886.8,0,1,0,558.1,17.7,0.59307328
0,3887.8,0,1,0,558.1,17.7,0.59307328
0,3888.7,0,0.9,0,558.1,17.7,0.59307328
0,3889.7,0,1,0,558.1,17.7,0.59307328
0,3890.6,0,0.9,0,558.1,17.7,0.59307328
0,3891.4,0,0.8,0,558.1,17.7,0.59307328
0,3892.3,0,0.9,0,558.1,17.7,0.59307328
0,3893.2,0,0.9,0,558.1,17.7,0.59307328
0,3894,0,0.8,0,558.1,17.7,0.59307328
0,3894.8,0,0.8,0,558.1,17.7,0.59307328
0,3895.6,0,0.8,0,558.1,17.7,0.59307328
0,3896.4,0,0.8,0,558.1,17.7,0.59307328
0,3897.2,0,0.8,0,558.1,17.7,0.59307328
0,3898,0,0.8,0,558.1,17.7,0.59307328
0,3898.7,0,0.7,0,558.1,17.7,0.59307328
0,3899.5,0,0.8,0,558.1,17.7,0.59307328
0,3900.1,0,0.6,0,558.1,17.7,0.59307328
0,3900.9,0,0.8,0,558.1,17.7,0.59307328
0,3901.6,0,0.7,0,558.1,17.7,0.59307328
0,3902.3,0,0.7,0,558.1,17.7,0.59307328
0,3902.9,0,0.6,0,558.1,17.7,0.59307328
0,3903.6,0,0.7,0,558.1,17.7,0.59307328
0,3904.2,0,0.6,0,558.1,17.7,0.59307328
0,3904.9,0,0.7,0,558.1,17.7,0.59307328
0,3905.5,0,0.6,0,558.1,17.7,0.59307328
0,3906.1,0,0.6,0,558.1,17.7,0.59307328
0,3906.8,0,0.7,0,558.1,17.7,0.59307328
0,3907.4,0,0.6,0,558.1,17.7,0.59307328
0,3907.9,0,0.5,0,558.1,17.7,0.59307328
0,3908.6,0,0.7,0,558.1,17.7,0.59307328
0,3909.1,0,0.5,0,558.1,17.7,0.59307328
0,3909.6,0,0.5,0,558.1,17.7,0.59307328
0,3910.2,0,0.6,0,558.1,17.7,0.59307328
0,3910.8,0,0.6,0,558.1,17.7,0.59307328
0,3911.3,0,0.5,0,558.1,17.7,0.59307328
0,3911.8,0,0.5,0,558.1,17.7,0.59307328
0,3912.3,0,0.5,0,558.1,17.7,0.59307328
0,3912.9,0,0.6,0,558.1,17.7,0.59307328
0,3913.4,0,0.5,0,558.1,17.7,0.59307328
0,3913.9,0,0.5,0,558.1,17.7,0.59307328
0,3914.4,0,0.5,0,558.1,17.7,0.59307328
0,3914.9,0,0.5,0,558.1,17.7,0.59307328
0,3915.4,0,0.5,0,558.1,17.7,0.59307328
0,3915.8,0,0.4,0,558.1,17.7,0.59307328
0,3916.3,0,0.5,0,558.1,17.7,0.59307328
0,3916.7,0,0.4,0,558.1,17.7,0.59307328
0,3917.2,0,0.5,0,558.1,17.7,0.59307328
0,3917.6,0,0.4,0,558.1,17.7,0.59307328
0,3918.1,0,0.5,0,558.1,17.7,0.59307328
0,3918.5,0,0.4,0,558.1,17.7,0.59307328
0,3919,0,0.5,0,558.1,17.7,0.59307328
0,3919.3,0,0.3,0,558.1,17.7,0.59307328
0,3919.8,0,0.5,0,558.1,17.7,0.59307328
966,3874.9,966,-44.9,3.7431534,558.4,17.7,0.59285454
1941.8,3827.1,975.8,-47.8,7.4314628,558.9,17.7,0.59248997
1923.1,3824.4,-18.7,-2.7,7.3547036,559.5,17.7,0.5920525
1931.9,3821,8.8,-3.4,7.3817899,560,17.7,0.59168793
1938,3818.2,6.1,-2.8,7.3996716,560.5,17.7,0.59132337
1933,3816.1,-5,-2.1,7.3765213,561.1,17.7,0.59088589
1934.9,3813.9,1.9,-2.2,7.3795151,561.6,17.7,0.59052133
1941,3811.7,6.1,-2.2,7.3985097,562.1,17.7,0.59015676
1923,3810.7,-18,-1,7.3279761,562.7,17.7,0.58971929
1935.9,3808.3,12.9,-2.4,7.372488,563.2,17.7,0.58935472
1931,3807,-4.9,-1.3,7.351317,563.8,17.6,0.58891724
1933,3805.2,2,-1.8,7.3554516,564.3,17.6,0.58855268
1937.9,3803.5,4.9,-1.7,7.3708026,564.8,17.6,0.58818812
1927.1,3802.5,-10.8,-1,7.3277978,565.4,17.6,0.58775064
1930.9,3801,3.8,-1.5,7.3393509,565.9,17.6,0.58738607
1927,3799.8,-3.9,-1.2,7.3222146,566.4,17.6,0.58702151
1926,3798.6,-1,-1.2,7.3161036,567,17.6,0.58658403
1919.9,3797.6,-6.1,-1,7.2910122,567.5,17.6,0.58621947
1919,3796.4,-0.9,-1.2,7.2852916,568,17.6,0.5858549
1931.9,3794.7,12.9,-1.7,7.3309809,568.6,17.6,0.58541743
1950,3792.7,18.1,-2,7.395765,569.1,17.6,0.58505286
1924,3792.7,-26,0,7.2971548,569.7,17.6,0.58461538
1939.9,3790.9,15.9,-1.8,7.3539669,570.2,17.6,0.58425082
1925.1,3790.5,-14.8,-0.4,7.2970916,570.7,17.6,0.58388626
1930.9,3789.3,5.8,-1.2,7.3167594,571.3,17.6,0.58344878
1923,3788.6,-7.9,-0.7,7.2854778,571.8,17.6,0.58308421
1941,3786.8,18,-1.8,7.3501788,572.3,17.6,0.58271965
1922.1,3786.8,-18.9,0,7.2786083,572.9,17.6,0.58228217
1925.1,3785.7,3,-1.1,7.2878511,573.4,17.6,0.58191761
1939.9,3784.1,14.8,-1.6,7.3407756,573.9,17.6,0.58155304
1924.1,3783.9,-15.8,-0.2,7.280602,574.5,17.6,0.58111557
1933.9,3782.6,9.8,-1.3,7.3151701,575,17.6,0.580751
1937,3781.6,3.1,-1,7.3249592,575.6,17.6,0.58031353
1933.9,3780.9,-3.1,-0.7,7.3118825,576.1,17.6,0.57994896
1940,3779.8,6.1,-1.1,7.332812,576.6,17.6,0.5795844
1932.9,3779.3,-7.1,-0.5,7.305009,577.2,17.6,0.57914692
1932,3778.6,-0.9,-0.7,7.3002552,577.7,17.6,0.57878236
1937.9,3777.7,5.9,-0.9,7.3208048,578.2,17.6,0.57841779
1932.1,3777.2,-5.8,-0.5,7.2979281,578.8,17.6,0.57798031
1940.9,3776,8.8,-1.2,7.3288384,579.3,17.6,0.57761575
1933,3775.7,-7.9,-0.3,7.2984281,579.9,17.6,0.57717827
1934.9,3774.9,1.9,-0.8,7.304054,580.4,17.6,0.57681371
1928.9,3774.5,-6,-0.4,7.2806331,580.9,17.6,0.57644914
1932.9,3773.7,4,-0.8,7.2941847,581.5,17.6,0.57601167
1930,3773.2,-2.9,-0.5,7.282276,582,17.6,0.5756471
1928,3772.6,-2,-0.6,7.2735728,582.5,17.6,0.57528254
1929.9,3771.9,1.9,-0.7,7.2793898,583.1,17.6,0.57484506
1930.1,3771.3,0.2,-0.6,7.2789861,583.6,17.6,0.5744805
1932.8,3770.6,2.7,-0.7,7.2878157,584.1,17.6,0.57411593
1943,3769.5,10.2,-1.1,7.3241385,584.7,17.6,0.57367845
1938.9,3769.1,-4.1,-0.4,7.307908,585.2,17.6,0.57331389
1926,3769.2,-12.9,0.1,7.2594792,585.8,17.6,0.57287641
1934,3768.2,8,-1,7.2876988,586.3,17.6,0.57251185
1925,3768.1,-9,-0.1,7.2535925,586.8,17.6,0.57214728
1922.9,3767.7,-2.1,-0.4,7.2449103,587.4,17.6,0.57170981
1940.1,3766.3,17.2,-1.4,7.3069986,587.9,17.6,0.57134524
1936.9,3766,-3.2,-0.3,7.2943654,588.4,17.6,0.57098068
1922.9,3766.1,-14,0.1,7.2418337,589,17.6,0.5705432
1938,3764.9,15.1,-1.2,7.2963762,589.5,17.6,0.57017864
1913.1,3765.6,-24.9,0.7,7.2039694,590,17.6,0.56981407
1939,3763.9,25.9,-1.7,7.2982021,590.6,17.6,0.56937659
1920,3764.3,-19,0.4,7.227456,591.1,17.6,0.56901203
1932.8,3763.3,12.8,-1,7.2737062,591.7,17.6,0.56857455
1953,3761.8,20.2,-1.5,7.3467954,592.2,17.6,0.56820999
1941.9,3761.9,-11.1,0.1,7.3052336,592.7,17.6,0.56784542
1920.2,3762.5,-21.7,0.6,7.2247525,593.3,17.6,0.56740795
1934.9,3761.3,14.7,-1.2,7.2777394,593.8,17.6,0.56704338
1941.9,3760.6,7,-0.7,7.3027091,594.3,17.6,0.56667882
1925,3761,-16.9,0.4,7.239925,594.9,17.6,0.56624134
1935.9,3760.1,10.9,-0.9,7.2791776,595.4,17.6,0.56587678
1926.1,3760.1,-9.8,0,7.2423286,596,17.6,0.5654393
1935.9,3759.2,9.8,-0.9,7.2774353,596.5,17.6,0.56507474
1924.1,3759.4,-11.8,0.2,7.2334615,597,17.6,0.56471017
1933.9,3758.5,9.8,-0.9,7.2685632,597.6,17.6,0.56427269
1930.9,3758.3,-3,-0.2,7.2569015,598.1,17.6,0.56390813
1938.9,3757.5,8,-0.8,7.2854167,598.6,17.6,0.56354357
1944.9,3756.8,6,-0.7,7.3066003,599.2,17.6,0.56310609
1924,3757.4,-20.9,0.6,7.2292376,599.7,17.6,0.56274152
1924.9,3757.1,0.9,-0.3,7.2320418,600.2,17.6,0.56237696
1926.9,3756.6,2,-0.5,7.2385925,600.8,17.6,0.56193948
1922,3756.5,-4.9,-0.1,7.219993,601.3,17.6,0.56157492
1928.9,3755.8,6.9,-0.7,7.2445626,601.9,17.6,0.56113744
1927.9,3755.5,-1,-0.3,7.2402285,602.4,17.6,0.56077288
1935.1,3754.8,7.2,-0.7,7.2659135,602.9,17.6,0.56040831
1931,3754.7,-4.1,-0.1,7.2503257,603.5,17.6,0.55997083
1931.9,3754.3,0.9,-0.4,7.2529322,604,17.6,0.55960627
1933.1,3753.9,1.2,-0.4,7.2566641,604.5,17.6,0.55924171
1937.9,3753.3,4.8,-0.6,7.2735201,605.1,17.6,0.55880423
1924.9,3753.6,-13,0.3,7.2253046,605.6,17.6,0.55843966
1928,3753.1,3.1,-0.5,7.2359768,606.1,17.6,0.5580751
1921,3753.2,-7,0.1,7.2098972,606.7,17.6,0.55763762
1940,3752,19,-1.2,7.27888,607.2,17.6,0.55727306
1932.9,3752,-7.1,0,7.2522408,607.8,17.6,0.55683558
1933.1,3751.7,0.2,-0.3,7.2524113,608.3,17.6,0.55647102
1935.9,3751.2,2.8,-0.5,7.2619481,608.8,17.6,0.55610645
1916.9,3751.8,-19,0.6,7.1918254,609.4,17.6,0.55566898
1922,3751.3,5.1,-0.5,7.2099986,609.9,17.6,0.55530441
1936,3750.4,14,-0.9,7.2607744,610.4,17.6,0.55493985
1931.9,3750.2,-4.1,-0.2,7.2450114,611,17.6,0.55450237
1937.9,3749.7,6,-0.5,7.2665436,611.5,17.6,0.55413781
1945,3749,7.1,-0.7,7.291805,612,17.6,0.55377324
1939,3749,-6,0,7.269311,612.6,17.6,0.55333576
1927.1,3749.3,-11.9,0.3,7.225276,613.1,17.6,0.5529712
1926.9,3749.1,-0.2,-0.2,7.2241408,613.7,17.6,0.55253372
1927.9,3748.7,1,-0.4,7.2271187,614.2,17.6,0.55216916
1927,3748.5,-0.9,-0.2,7.2233595,614.7,17.6,0.55180459
1936.9,3747.8,9.9,-0.7,7.2591138,615.3,17.6,0.55136712
1925,3748.1,-11.9,0.3,7.2150925,615.8,17.7,0.55100255
1933,3747.4,8,-0.7,7.2437242,616.3,17.7,0.55063799
1932,3747.2,-1,-0.2,7.2395904,616.9,17.7,0.55020051
1941.9,3746.5,9.9,-0.7,7.2753284,617.4,17.7,0.54983595
1918.9,3747.3,-23,0.8,7.190694,617.9,17.7,0.54947138
1929,3746.6,10.1,-0.7,7.2271914,618.5,17.7,0.5490339
1935,3746,6,-0.6,7.24851,619,17.7,0.54866934
1933.9,3745.9,-1.1,-0.1,7.244196,619.6,17.7,0.54823186
1950,3744.8,16.1,-1.1,7.30236,620.1,17.7,0.5478673
1925,3745.8,-25,1,7.210665,620.6,17.7,0.54750273
1935.9,3745,10.9,-0.8,7.2499455,621.2,17.7,0.54706526
1925.9,3745.2,-10,0.2,7.2128807,621.7,17.7,0.54670069
1926,3745,0.1,-0.2,7.21287,622.2,17.7,0.54633613
1932.9,3744.5,6.9,-0.5,7.237744,622.8,17.7,0.54589865
1942,3743.8,9.1,-0.7,7.2704596,623.3,17.7,0.54553409
1930,3744.1,-12,0.3,7.226113,623.9,17.7,0.54509661
1937.9,3743.5,7.9,-0.6,7.2545287,624.4,17.7,0.54473205
1911,3744.5,-26.9,1,7.1557395,624.9,17.7,0.54436748
1925,3743.7,14,-0.8,7.2066225,625.5,17.7,0.54393
1938.8,3742.8,13.8,-0.9,7.2565406,626,17.7,0.54356544
1937,3742.6,-1.8,-0.2,7.2494162,626.5,17.7,0.54320087
1928.9,3742.8,-8.1,0.2,7.2194869,627.1,17.7,0.5427634
1909.1,3743.5,-19.8,0.7,7.1467159,627.6,17.7,0.54239883
1946,3741.6,36.9,-1.9,7.2811536,628.1,17.7,0.54203427
1929.9,3742.1,-16.1,0.5,7.2218788,628.7,17.7,0.54159679
1940,3741.4,10.1,-0.7,7.258316,629.2,17.7,0.54123223
1935.9,3741.3,-4.1,-0.1,7.2427827,629.8,17.7,0.54079475
1933.9,3741.2,-2,-0.1,7.2351067,630.3,17.7,0.54043019
1946.1,3740.4,12.2,-0.8,7.2791924,630.8,17.7,0.54006562
1932.9,3740.8,-13.2,0.4,7.2305923,631.4,17.7,0.53962814
1931,3740.7,-1.9,-0.1,7.2232917,631.9,17.7,0.53926358
1939.9,3740.1,8.9,-0.6,7.25542,632.4,17.7,0.53889902
1933.9,3740.1,-6,0,7.2329794,633,17.7,0.53846154
1939,3739.7,5.1,-0.4,7.2512783,633.5,17.7,0.53809697
1927,3740.1,-12,0.4,7.2071727,634.1,17.7,0.5376595
1932.9,3739.6,5.9,-0.5,7.2282728,634.6,17.7,0.53729493
1923,3739.8,-9.9,0.2,7.1916354,635.1,17.7,0.53693037
1910,3740.3,-13,0.5,7.143973,635.7,17.7,0.53649289
1929.9,3739.2,19.9,-1.1,7.2162821,636.2,17.7,0.53612833
1914,3739.7,-15.9,0.5,7.1577858,636.7,17.7,0.53576376
1929.9,3738.8,15.9,-0.9,7.2155101,637.3,17.7,0.53532629
966.3,3784.4,-963.6,45.6,3.6568657,637.5,17.7,0.53518046
0,3831.8,-966.3,47.4,0,637.5,17.7,0.53518046
0,3835.1,0,3.3,0,637.5,17.7,0.53518046
0,3837.7,0,2.6,0,637.5,17.7,0.53518046
0,3840,0,2.3,0,637.5,17.7,0.53518046
0,3842,0,2,0,637.5,17.7,0.53518046
0,3844,0,2,0,637.5,17.7,0.53518046
0,3845.7,0,1.7,0,637.5,17.7,0.53518046
0,3847.4,0,1.7,0,637.5,17.7,0.53518046
0,3848.9,0,1.5,0,637.5,17.7,0.53518046
0,3850.5,0,1.6,0,637.5,17.7,0.53518046
0,3851.9,0,1.4,0,637.5,17.7,0.53518046
0,3853.2,0,1.3,0,637.5,17.7,0.53518046
0,3854.6,0,1.4,0,637.5,17.7,0.53518046
0,3855.8,0,1.2,0,637.5,17.7,0.53518046
0,3857,0,1.2,0,637.5,17.7,0.53518046
0,3858.2,0,1.2,0,637.5,17.7,0.53518046
0,3859.3,0,1.1,0,637.5,17.7,0.53518046
0,3860.4,0,1.1,0,637.5,17.7,0.53518046
0,3861.4,0,1,0,637.5,17.7,0.53518046
0,3862.5,0,1.1,0,637.5,17.7,0.53518046
0,3863.5,0,1,0,637.5,17.7,0.53518046
0,3864.5,0,1,0,637.5,17.7,0.53518046
0,3865.4,0,0.9,0,637.5,17.7,0.53518046
0,3866.3,0,0.9,0,637.5,17.7,0.53518046
0,3867.3,0,1,0,637.5,17.7,0.53518046
0,3868.1,0,0.8,0,637.5,17.7,0.53518046
0,3869,0,0.9,0,637.5,17.7,0.53518046
0,3869.8,0,0.8,0,637.5,17.7,0.53518046
0,3870.6,0,0.8,0,637.5,17.7,0.53518046
0,3871.4,0,0.8,0,637.5,17.7,0.53518046
0,3872.1,0,0.7,0,637.5,17.7,0.53518046
0,3872.9,0,0.8,0,637.5,17.7,0.53518046
0,3873.6,0,0.7,0,637.5,17.7,0.53518046
0,3874.3,0,0.7,0,637.5,17.7,0.53518046
0,3875,0,0.7,0,637.5,17.7,0.53518046
0,3875.7,0,0.7,0,637.5,17.7,0.53518046
0,3876.4,0,0.7,0,637.5,17.7,0.53518046
0,3877.1,0,0.7,0,637.5,17.7,0.53518046
0,3877.7,0,0.6,0,637.5,17.7,0.53518046
0,3878.3,0,0.6,0,637.5,17.7,0.53518046
0,3879,0,0.7,0,637.5,17.7,0.53518046
0,3879.6,0,0.6,0,637.5,17.7,0.53518046
0,3880.1,0,0.5,0,637.5,17.7,0.53518046
0,3880.8,0,0.7,0,637.5,17.7,0.53518046
0,3881.3,0,0.5,0,637.5,17.7,0.53518046
0,3881.9,0,0.6,0,637.5,17.7,0.53518046
0,3882.4,0,0.5,0,637.5,17.7,0.53518046
0,3883,0,0.6,0,637.5,17.7,0.53518046
0,3883.5,0,0.5,0,637.5,17.6,0.53518046
0,3884,0,0.5,0,637.5,17.6,0.53518046
0,3884.5,0,0.5,0,637.5,17.6,0.53518046
0,3885,0,0.5,0,637.5,17.6,0.53518046
0,3885.5,0,0.5,0,637.5,17.6,0.53518046
0,3886,0,0.5,0,637.5,17.6,0.53518046
0,3886.5,0,0.5,0,637.5,17.6,0.53518046
0,3886.9,0,0.4,0,637.5,17.6,0.53518046
0,3887.4,0,0.5,0,637.5,17.6,0.53518046
0,3887.9,0,0.5,0,637.5,17.6,0.53518046
0,3888.3,0,0.4,0,637.5,17.6,0.53518046
0,3888.7,0,0.4,0,637.5,17.6,0.53518046
0,3889.1,0,0.4,0,637.5,17.6,0.53518046
0,3889.6,0,0.5,0,637.5,17.6,0.53518046
0,3890,0,0.4,0,637.5,17.6,0.53518046
0,3890.4,0,0.4,0,637.5,17.6,0.53518046
0,3890.8,0,0.4,0,637.5,17.6,0.53518046
0,3891.2,0,0.4,0,637.5,17.6,0.53518046
0,3891.6,0,0.4,0,637.5,17.6,0.53518046
0,3892,0,0.4,0,637.5,17.6,0.53518046
0,3892.3,0,0.3,0,637.5,17.6,0.53518046
0,3892.7,0,0.4,0,637.5,17.6,0.53518046
0,3893.1,0,0.4,0,637.5,17.6,0.53518046
0,3893.5,0,0.4,0,637.5,17.6,0.53518046
0,3893.8,0,0.3,0,637.5,17.6,0.53518046
0,3894.2,0,0.4,0,637.5,17.6,0.53518046
0,3894.5,0,0.3,0,637.5,17.6,0.53518046
0,3894.9,0,0.4,0,637.5,17.6,0.53518046
0,3895.2,0,0.3,0,637.5,17.6,0.53518046
0,3895.5,0,0.3,0,637.5,17.6,0.53518046
0,3895.9,0,0.4,0,637.5,17.6,0.53518046
0,3896.2,0,0.3,0,637.5,17.6,0.53518046
0,3896.5,0,0.3,0,637.5,17.6,0.53518046
0,3896.8,0,0.3,0,637.5,17.6,0.53518046
0,3897.1,0,0.3,0,637.5,17.6,0.53518046
0,3897.4,0,0.3,0,637.5,17.6,0.53518046
0,3897.8,0,0.4,0,637.5,17.6,0.53518046
0,3898.1,0,0.3,0,637.5,17.6,0.53518046
0,3898.3,0,0.2,0,637.5,17.6,0.53518046
0,3898.6,0,0.3,0,637.5,17.6,0.53518046
0,3898.9,0,0.3,0,637.5,17.6,0.53518046
0,3899.2,0,0.3,0,637.5,17.6,0.53518046
0,3899.5,0,0.3,0,637.5,17.6,0.53518046
0,3899.8,0,0.3,0,637.5,17.6,0.53518046
0,3900.1,0,0.3,0,637.5,17.6,0.53518046
0,3900.3,0,0.2,0,637.5,17.6,0.53518046
0,3900.6,0,0.3,0,637.5,17.6,0.53518046
0,3900.9,0,0.3,0,637.5,17.6,0.53518046
0,3901.1,0,0.2,0,637.5,17.6,0.53518046
0,3901.4,0,0.3,0,637.5,17.6,0.53518046
0,3901.7,0,0.3,0,637.5,17.6,0.53518046
0,3902,0,0.3,0,637.5,17.6,0.53518046
0,3902.1,0,0.1,0,637.5,17.6,0.53518046
0,3902.4,0,0.3,0,637.5,17.6,0.53518046
0,3902.6,0,0.2,0,637.5,17.6,0.53518046
0,3902.9,0,0.3,0,637.5,17.6,0.53518046
0,3903.1,0,0.2,0,637.5,17.6,0.53518046
0,3903.4,0,0.3,0,637.5,17.6,0.53518046
0,3903.6,0,0.2,0,637.5,17.6,0.53518046
0,3903.8,0,0.2,0,637.5,17.6,0.53518046
0,3904.1,0,0.3,0,637.5,17.6,0.53518046
0,3904.3,0,0.2,0,637.5,17.6,0.53518046
0,3904.5,0,0.2,0,637.5,17.6,0.53518046
0,3904.8,0,0.3,0,637.5,17.6,0.53518046
0,3905,0,0.2,0,637.5,17.6,0.53518046
0,3905.2,0,0.2,0,637.5,17.6,0.53518046
0,3905.4,0,0.2,0,637.5,17.6,0.53518046
0,3905.6,0,0.2,0,637.5,17.6,0.53518046
0,3905.9,0,0.3,0,637.5,17.6,0.53518046
0,3906.1,0,0.2,0,637.5,17.6,0.53518046
0,3906.3,0,0.2,0,637.5,17.6,0.53518046
0,3906.5,0,0.2,0,637.5,17.5,0.53518046
0,3906.7,0,0.2,0,637.5,17.5,0.53518046
0,3906.9,0,0.2,0,637.5,17.5,0.53518046
0,3907.1,0,0.2,0,637.5,17.5,0.53518046
0,3907.3,0,0.2,0,637.5,17.5,0.53518046
0,3907.5,0,0.2,0,637.5,17.5,0.53518046
0,3907.7,0,0.2,0,637.5,17.5,0.53518046
0,3907.9,0,0.2,0,637.5,17.5,0.53518046
0,3908.1,0,0.2,0,637.5,17.5,0.53518046
0,3908.2,0,0.1,0,637.5,17.5,0.53518046
0,3908.5,0,0.3,0,637.5,17.5,0.53518046
0,3908.6,0,0.1,0,637.5,17.5,0.53518046
0,3908.8,0,0.2,0,637.5,17.5,0.53518046
0,3909,0,0.2,0,637.5,17.5,0.53518046
0,3909.2,0,0.2,0,637.5,17.5,0.53518046
0,3909.4,0,0.2,0,637.5,17.5,0.53518046
0,3909.6,0,0.2,0,637.5,17.5,0.53518046
0,3909.7,0,0.1,0,637.5,17.5,0.53518046
0,3909.9,0,0.2,0,637.5,17.5,0.53518046
0,3910.1,0,0.2,0,637.5,17.5,0.53518046
0,3910.3,0,0.2,0,637.5,17.5,0.53518046
0,3910.5,0,0.2,0,637.5,17.5,0.53518046
0,3910.6,0,0.1,0,637.5,17.5,0.53518046
0,3910.8,0,0.2,0,637.5,17.5,0.53518046
0,3910.9,0,0.1,0,637.5,17.5,0.53518046
0,3911.1,0,0.2,0,637.5,17.5,0.53518046
0,3911.3,0,0.2,0,637.5,17.5,0.53518046
0,3911.4,0,0.1,0,637.5,17.5,0.53518046
0,3911.6,0,0.2,0,637.5,17.5,0.53518046
0,3911.8,0,0.2,0,637.5,17.5,0.53518046
0,3911.9,0,0.1,0,637.5,17.5,0.53518046
0,3912.1,0,0.2,0,637.5,17.5,0.53518046
0,3912.2,0,0.1,0,637.5,17.5,0.53518046
0,3912.4,0,0.2,0,637.5,17.5,0.53518046
0,3912.5,0,0.1,0,637.5,17.5,0.53518046
0,3912.7,0,0.2,0,637.5,17.5,0.53518046
0,3912.9,0,0.2,0,637.5,17.5,0.53518046
0,3913,0,0.1,0,637.5,17.5,0.53518046
0,3913.2,0,0.2,0,637.5,17.5,0.53518046
0,3913.3,0,0.1,0,637.5,17.5,0.53518046
0,3913.5,0,0.2,0,637.5,17.5,0.53518046
0,3913.6,0,0.1,0,637.5,17.5,0.53518046
0,3913.8,0,0.2,0,637.5,17.5,0.53518046
0,3913.9,0,0.1,0,637.5,17.5,0.53518046
0,3914.1,0,0.2,0,637.5,17.5,0.53518046
0,3914.2,0,0.1,0,637.5,17.5,0.53518046
0,3914.3,0,0.1,0,637.5,17.5,0.53518046
0,3914.5,0,0.2,0,637.5,17.5,0.53518046
0,3914.6,0,0.1,0,637.5,17.5,0.53518046
0,3914.7,0,0.1,0,637.5,17.5,0.53518046
0,3914.9,0,0.2,0,637.5,17.5,0.53518046
0,3915,0,0.1,0,637.5,17.5,0.53518046
0,3915.2,0,0.2,0,637.5,17.5,0.53518046
0,3915.3,0,0.1,0,637.5,17.5,0.53518046
0,3915.5,0,0.2,0,637.5,17.5,0.53518046
0,3915.6,0,0.1,0,637.5,17.5,0.53518046
0,3915.7,0,0.1,0,637.5,17.5,0.53518046
0,3915.9,0,0.2,0,637.5,17.5,0.53518046
0,3916,0,0.1,0,637.5,17.5,0.53518046
0,3916.1,0,0.1,0,637.5,17.5,0.53518046
0,3916.2,0,0.1,0,637.5,17.5,0.53518046
0,3916.4,0,0.2,0,637.5,17.5,0.53518046
0,3916.5,0,0.1,0,637.5,17.4,0.53518046
0,3916.7,0,0.2,0,637.5,17.4,0.53518046
0,3916.8,0,0.1,0,637.5,17.4,0.53518046
0,3916.9,0,0.1,0,637.5,17.4,0.53518046
0,3917,0,0.1,0,637.5,17.4,0.53518046
0,3917.2,0,0.2,0,637.5,17.4,0.53518046
0,3917.2,0,0,0,637.5,17.4,0.53518046
0,3917.4,0,0.2,0,637.5,17.4,0.53518046
0,3917.5,0,0.1,0,637.5,17.4,0.53518046
0,3917.7,0,0.2,0,637.5,17.4,0.53518046
0,3917.8,0,0.1,0,637.5,17.4,0.53518046
0,3917.9,0,0.1,0,637.5,17.4,0.53518046
0,3918,0,0.1,0,637.5,17.4,0.53518046
0,3918.2,0,0.2,0,637.5,17.4,0.53518046
0,3918.2,0,0,0,637.5,17.4,0.53518046
0,3918.3,0,0.1,0,637.5,17.4,0.53518046
0,3918.5,0,0.2,0,637.5,17.4,0.53518046
0,3918.6,0,0.1,0,637.5,17.4,0.53518046
0,3918.7,0,0.1,0,637.5,17.4,0.53518046
0,3918.8,0,0.1,0,637.5,17.4,0.53518046
0,3919,0,0.2,0,637.5,17.4,0.53518046
0,3919.1,0,0.1,0,637.5,17.4,0.53518046
0,3919.2,0,0.1,0,637.5,17.4,0.53518046
0,3919.3,0,0.1,0,637.5,17.4,0.53518046
0,3919.4,0,0.1,0,637.5,17.4,0.53518046
0,3919.5,0,0.1,0,637.5,17.4,0.53518046
0,3919.6,0,0.1,0,637.5,17.4,0.53518046
0,3919.8,0,0.2,0,637.5,17.4,0.53518046
0,3919.9,0,0.1,0,637.5,17.4,0.53518046
0,3920,0,0.1,0,637.5,17.4,0.53518046
0,3920.1,0,0.1,0,637.5,17.4,0.53518046
0,3920.2,0,0.1,0,637.5,17.4,0.53518046
0,3920.3,0,0.1,0,637.5,17.4,0.53518046
0,3920.4,0,0.1,0,637.5,17.4,0.53518046
0,3920.5,0,0.1,0,637.5,17.4,0.53518046
0,3920.6,0,0.1,0,637.5,17.4,0.53518046
0,3920.8,0,0.2,0,637.5,17.4,0.53518046
0,3920.8,0,0,0,637.5,17.4,0.53518046
0,3921,0,0.2,0,637.5,17.4,0.53518046
0,3921,0,0,0,637.5,17.4,0.53518046
0,3921.2,0,0.2,0,637.5,17.4,0.53518046
0,3921.3,0,0.1,0,637.5,17.4,0.53518046
0,3921.3,0,0,0,637.5,17.4,0.53518046
0,3921.5,0,0.2,0,637.5,17.4,0.53518046
0,3921.6,0,0.1,0,637.5,17.4,0.53518046
0,3921.7,0,0.1,0,637.5,17.4,0.53518046
0,3921.8,0,0.1,0,637.5,17.4,0.53518046
0,3921.9,0,0.1,0,637.5,17.4,0.53518046
0,3921.9,0,0,0,637.5,17.4,0.53518046
0,3922.1,0,0.2,0,637.5,17.4,0.53518046
0,3922.2,0,0.1,0,637.5,17.4,0.53518046
0,3922.2,0,0,0,637.5,17.4,0.53518046
0,3922.3,0,0.1,0,637.5,17.4,0.53518046
0,3922.5,0,0.2,0,637.5,17.4,0.53518046
0,3922.6,0,0.1,0,637.5,17.4,0.53518046
0,3922.6,0,0,0,637.5,17.4,0.53518046
0,3922.8,0,0.2,0,637.5,17.4,0.53518046
0,3922.8,0,0,0,637.5,17.4,0.53518046
0,3922.9,0,0.1,0,637.5,17.4,0.53518046
0,3923.1,0,0.2,0,637.5,17.4,0.53518046
0,3923.1,0,0,0,637.5,17.4,0.53518046
0,3923.2,0,0.1,0,637.5,17.4,0.53518046
0,3923.3,0,0.1,0,637.5,17.4,0.53518046
0,3923.4,0,0.1,0,637.5,17.4,0.53518046
0,3923.5,0,0.1,0,637.5,17.4,0.53518046
0,3923.6,0,0.1,0,637.5,17.4,0.53518046
0,3923.7,0,0.1,0,637.5,17.4,0.53518046
0,3923.8,0,0.1,0,637.5,17.4,0.53518046
0,3923.9,0,0.1,0,637.5,17.4,0.53518046
0,3924,0,0.1,0,637.5,17.4,0.53518046
0,3924.1,0,0.1,0,637.5,17.4,0.53518046
0,3924.1,0,0,0,637.5,17.4,0.53518046
0,3924.3,0,0.2,0,637.5,17.4,0.53518046
0,3924.3,0,0,0,637.5,17.4,0.53518046
0,3924.4,0,0.1,0,637.5,17.4,0.53518046
0,3924.5,0,0.1,0,637.5,17.4,0.53518046
0,3924.6,0,0.1,0,637.5,17.4,0.53518046
0,3924.7,0,0.1,0,637.5,17.4,0.53518046
0,3924.8,0,0.1,0,637.5,17.4,0.53518046
0,3924.9,0,0.1,0,637.5,17.4,0.53518046
0,3924.9,0,0,0,637.5,17.4,0.53518046
0,3925.1,0,0.2,0,637.5,17.4,0.53518046
0,3925.1,0,0,0,637.5,17.4,0.53518046
0,3925.2,0,0.1,0,637.5,17.4,0.53518046
0,3925.3,0,0.1,0,637.5,17.3,0.53518046
0,3925.4,0,0.1,0,637.5,17.3,0.53518046
0,3925.5,0,0.1,0,637.5,17.3,0.53518046
0,3925.6,0,0.1,0,637.5,17.3,0.53518046
0,3925.6,0,0,0,637.5,17.3,0.53518046
0,3925.7,0,0.1,0,637.5,17.3,0.53518046
0,3925.8,0,0.1,0,637.5,17.3,0.53518046
0,3925.9,0,0.1,0,637.5,17.3,0.53518046
0,3926,0,0.1,0,637.5,17.3,0.53518046
454,3904.1,454,-21.9,1.7724614,637.7,17.3,0.53503463
911.1,3881.1,457.1,-23,3.5360702,637.9,17.3,0.53488881
919.2,3878.9,8.1,-2.2,3.5654849,638.2,17.3,0.53467007
905.1,3878.1,-14.1,-0.8,3.5100683,638.4,17.3,0.53452424
912.1,3876.4,7,-1.7,3.5356644,638.7,17.3,0.5343055
913.1,3875.2,1,-1.2,3.5384451,638.9,17.3,0.53415968
900.2,3874.7,-12.9,-0.5,3.4880049,639.2,17.3,0.53394094
909.1,3873.3,8.9,-1.4,3.521217,639.4,17.3,0.53379511
923.2,3871.7,14.1,-1.6,3.5743534,639.7,17.3,0.53357638
908.1,3871.5,-15.1,-0.2,3.5157092,639.9,17.3,0.53343055
902.1,3870.9,-6,-0.6,3.4919389,640.2,17.3,0.53321181
915.1,3869.4,13,-1.5,3.5408879,640.4,17.3,0.53306599
906.1,3869,-9,-0.4,3.5057009,640.7,17.3,0.53284725
914.1,3867.9,8,-1.1,3.5356474,640.9,17.3,0.53270142
912.1,3867.2,-2,-0.7,3.5272731,641.2,17.3,0.53248268
908,3866.7,-4.1,-0.5,3.5109636,641.4,17.3,0.53233686
919,3865.4,11,-1.3,3.5523026,641.7,17.3,0.53211812
905,3865.4,-14,0,3.498187,642,17.3,0.53189938
899,3865,-6,-0.4,3.474635,642.2,17.3,0.53175355
924,3863.2,25,-1.8,3.5695968,642.5,17.3,0.53153482
899,3863.7,-25,0.5,3.4734663,642.7,17.3,0.53138899
908.1,3862.7,9.1,-1,3.5077179,643,17.3,0.53117025
908.1,3862.1,0,-0.6,3.507173,643.2,17.3,0.53102443
907.1,3861.6,-1,-0.5,3.5028574,643.5,17.3,0.53080569
913,3860.7,5.9,-0.9,3.5248191,643.7,17.3,0.53065986
908,3860.4,-5,-0.3,3.5052432,644,17.3,0.53044112
910,3859.8,2,-0.6,3.512418,644.2,17.3,0.5302953
901.1,3859.6,-8.9,-0.2,3.4778856,644.5,17.3,0.53007656
911,3858.6,9.9,-1,3.5151846,644.7,17.3,0.52993073
914,3858,3,-0.6,3.526212,645,17.3,0.52971199
907.1,3857.8,-6.9,-0.2,3.4994104,645.2,17.3,0.52956617
910.1,3857.2,3,-0.6,3.5104377,645.5,17.3,0.52934743
908,3856.8,-2.1,-0.4,3.5019744,645.7,17.3,0.5292016
914.1,3856,6.1,-0.8,3.5247696,646,17.3,0.52898287
908,3855.8,-6.1,-0.2,3.5010664,646.2,17.3,0.52883704
911.1,3855.2,3.1,-0.6,3.5124727,646.5,17.3,0.5286183
891.1,3855.7,-20,0.5,3.4358143,646.7,17.3,0.52847248
898.2,3855,7.1,-0.7,3.462561,647,17.3,0.52825374
908,3854.1,9.8,-0.9,3.4995228,647.3,17.3,0.528035
910.1,3853.6,2.1,-0.5,3.5071614,647.5,17.3,0.52788917
924.2,3852.4,14.1,-1.2,3.5603881,647.8,17.3,0.52767043
916.1,3852.4,-8.1,0,3.5291836,648,17.3,0.52752461
923.1,3851.6,7,-0.8,3.555412,648.3,17.3,0.52730587
901,3852.2,-22.1,0.6,3.4708322,648.5,17.3,0.52716004
903,3851.8,2,-0.4,3.4781754,648.8,17.3,0.52694131
912,3851,9,-0.8,3.512112,649,17.3,0.52679548
904,3851,-8,0,3.481304,649.3,17.3,0.52657674
914.1,3850.1,10.1,-0.9,3.5193764,649.5,17.3,0.52643092
905,3850.2,-9.1,0.1,3.484431,649.8,17.3,0.52621218
906.2,3849.8,1.2,-0.4,3.4886888,650,17.3,0.52606635
908,3849.4,1.8,-0.4,3.4952552,650.3,17.3,0.52584761
912.2,3848.8,4.2,-0.6,3.5108754,650.5,17.3,0.52570179
919,3848.1,6.8,-0.7,3.5364039,650.8,17.3,0.52548305
905.2,3848.4,-13.8,0.3,3.4835717,651,17.3,0.52533722
915.1,3847.6,9.9,-0.8,3.5209388,651.3,17.3,0.52511848
913.1,3847.3,-2,-0.3,3.5129696,651.6,17.3,0.52489974
911,3847.1,-2.1,-0.2,3.5047081,651.8,17.3,0.52475392
908.2,3847,-2.8,-0.1,3.4938454,652.1,17.3,0.52453518
910.9,3846.5,2.7,-0.5,3.5037768,652.3,17.3,0.52438935
915.1,3846,4.2,-0.5,3.5194746,652.6,17.3,0.52417062
905.1,3846.1,-10,0.1,3.4811051,652.8,17.3,0.52402479
909,3845.6,3.9,-0.5,3.4956504,653.1,17.3,0.52380605
913,3845.2,4,-0.4,3.5106676,653.3,17.3,0.52366023
901.2,3845.4,-11.8,0.2,3.4654745,653.6,17.3,0.52344149
906.9,3844.9,5.7,-0.5,3.4869398,653.8,17.3,0.52329566
902.1,3844.8,-4.8,-0.1,3.4683941,654.1,17.3,0.52307692
899.1,3844.7,-3,-0.1,3.4567698,654.3,17.3,0.5229311
925,3843.2,25.9,-1.5,3.55496,654.6,17.3,0.52271236
907.2,3843.7,-17.8,0.5,3.4870046,654.8,17.3,0.52256653
922,3842.8,14.8,-0.9,3.5430616,655.1,17.3,0.52234779
903.1,3843.4,-18.9,0.6,3.4709745,655.3,17.3,0.52220197
909,3842.8,5.9,-0.6,3.4931052,655.6,17.3,0.52198323
931.1,3841.5,22.1,-1.3,3.5768207,655.9,17.3,0.52176449
901.2,3842.6,-29.9,1.1,3.4629511,656.1,17.3,0.52161867
897,3842.6,-4.2,0,3.4468122,656.4,17.2,0.52139993
914,3841.5,17,-1.1,3.511131,656.6,17.2,0.5212541
901.1,3841.9,-12.9,0.4,3.4619361,656.9,17.2,0.52103536
901,3841.6,-0.1,-0.3,3.4612816,657.1,17.2,0.52088954
911.2,3841,10.2,-0.6,3.4999192,657.4,17.2,0.5206708
904.9,3841,-6.3,0,3.4757209,657.6,17.2,0.52052497
909,3840.6,4.1,-0.4,3.4911054,657.9,17.2,0.52030623
913,3840.1,4,-0.5,3.5060113,658.1,17.2,0.52016041
904,3840.3,-9,0.2,3.4716312,658.4,17.2,0.51994167
907,3839.9,3,-0.4,3.4827893,658.6,17.2,0.51979584
899.2,3840.1,-7.8,0.2,3.4530179,658.9,17.2,0.51957711
900,3839.9,0.8,-0.2,3.45591,659.1,17.2,0.51943128
905.1,3839.4,5.1,-0.5,3.4750409,659.4,17.2,0.51921254
902.1,3839.3,-3,-0.1,3.4634325,659.6,17.2,0.51906672
901,3839.2,-1.1,-0.1,3.4591192,659.9,17.2,0.51884798
906,3838.7,5,-0.5,3.4778622,660.1,17.2,0.51870215
915.2,3838.1,9.2,-0.6,3.5126291,660.4,17.2,0.51848341
904.9,3838.3,-10.3,0.2,3.4732777,660.6,17.2,0.51833759
920.1,3837.4,15.2,-0.9,3.5307917,660.9,17.2,0.51811885
1010.1,3832.8,90,-4.6,3.8715113,661.2,17.2,0.51790011
1117,3827.2,106.9,-5.6,4.2749824,661.5,17.2,0.51768137
1112,3826.8,-5,-0.4,4.2554016,661.8,17.2,0.51746263
1118.1,3826,6.1,-0.8,4.2778506,662.1,17.2,0.51724389
1114.2,3825.7,-3.9,-0.3,4.2625949,662.4,17.2,0.51702515
1102.9,3825.7,-11.3,0,4.2193645,662.7,17.2,0.51680642
1124,3824.3,21.1,-1.4,4.2985132,663,17.2,0.51658768
1116.2,3824.3,-7.8,0,4.2686837,663.3,17.2,0.51636894
1106.1,3824.3,-10.1,0,4.2300582,663.6,17.2,0.5161502
1103,3824.1,-3.1,-0.2,4.2179823,663.9,17.2,0.51593146
1115.1,3823.1,12.1,-1,4.2631388,664.3,17.2,0.51563981
1127.2,3822.2,12.1,-0.9,4.3083838,664.6,17.2,0.51542107
1107.2,3822.7,-20,0.5,4.2324934,664.9,17.2,0.51520233
1108.9,3822.3,1.7,-0.4,4.2385485,665.2,17.2,0.51498359
1109,3822,0.1,-0.3,4.238598,665.5,17.2,0.51476486
1106.1,3821.8,-2.9,-0.2,4.227293,665.8,17.2,0.51454612
1100.1,3821.8,-6,0,4.2043622,666.1,17.2,0.51432738
1109,3821,8.9,-0.8,4.237489,666.4,17.2,0.51410864
1106.2,3820.9,-2.8,-0.1,4.2266796,666.7,17.2,0.5138899
1108.2,3820.5,2,-0.4,4.2338781,667,17.2,0.51367116
1108.9,3820.1,0.7,-0.4,4.2361089,667.3,17.2,0.51345242
1100,3820.2,-8.9,0.1,4.20222,667.6,17.2,0.51323369
1108.1,3819.5,8.1,-0.7,4.232388,668,17.2,0.51294203
1103.1,3819.5,-5,0,4.2132904,668.3,17.2,0.5127233
1096,3819.6,-7.1,0.1,4.1862816,668.6,17.2,0.51250456
1105,3818.9,9,-0.7,4.2198845,668.9,17.2,0.51228582
1110.2,3818.3,5.2,-0.6,4.2390767,669.2,17.2,0.51206708
1116,3817.7,5.8,-0.6,4.2605532,669.5,17.2,0.51184834
1107,3817.9,-9,0.2,4.2264153,669.8,17.2,0.5116296
1098.1,3818.1,-8.9,0.2,4.1926556,670.1,17.2,0.51141086
1104,3817.5,5.9,-0.6,4.21452,670.4,17.2,0.51119213
1112.1,3816.9,8.1,-0.6,4.2447745,670.7,17.2,0.51097339
1101,3817.2,-11.1,0.3,4.2027372,671,17.2,0.51075465
1126,3815.7,25,-1.5,4.2964782,671.3,17.2,0.51053591
1122.1,3815.6,-3.9,-0.1,4.2814848,671.6,17.2,0.51031717
1107.1,3816,-15,0.4,4.2246936,672,17.2,0.51002552
1113.1,3815.5,6,-0.5,4.247033,672.3,17.2,0.50980678
1103,3815.8,-10.1,0.3,4.2088274,672.6,17.2,0.50958804
1118.1,3814.8,15.1,-1,4.2653279,672.9,17.2,0.5093693
1122,3814.3,3.9,-0.5,4.2796446,673.2,17.2,0.50915057
1107.1,3814.8,-14.9,0.5,4.2233651,673.5,17.2,0.50893183
1116.1,3814.1,9,-0.7,4.256917,673.8,17.2,0.50871309
1108,3814.3,-8.1,0.2,4.2262444,674.1,17.2,0.50849435
1111.2,3813.9,3.2,-0.4,4.2380057,674.4,17.2,0.50827561
1105.1,3814,-6.1,0.1,4.2148514,674.7,17.2,0.50805687
1117,3813.2,11.9,-0.8,4.2593444,675,17.2,0.50783813
1121.1,3812.8,4.1,-0.4,4.2745301,675.4,17.2,0.50754648
1106.1,3813.3,-15,0.5,4.2178911,675.7,17.2,0.50732774
1110,3812.9,3.9,-0.4,4.232319,676,17.2,0.507109
1116,3812.4,6,-0.5,4.2546384,676.3,17.2,0.50689027
1128.1,3811.6,12.1,-0.8,4.299866,676.6,17.2,0.50667153
1112.2,3812.1,-15.9,0.5,4.2398176,676.9,17.2,0.50645279
1116.1,3811.7,3.9,-0.4,4.2542384,677.2,17.2,0.50623405
1114.1,3811.6,-2,-0.1,4.2465036,677.5,17.2,0.50601531
1109.1,3811.6,-5,0,4.2274456,677.8,17.2,0.50579657
1113.1,3811.3,4,-0.3,4.242358,678.1,17.2,0.50557783
1110,3811.2,-3.1,-0.1,4.230432,678.4,17.2,0.5053591
1115.1,3810.8,5.1,-0.4,4.2494231,678.8,17.2,0.50506744
1128.1,3810,13,-0.8,4.298061,679.1,17.2,0.50484871
1103,3810.9,-25.1,0.9,4.2034227,679.4,17.2,0.50462997
1112.1,3810.3,9.1,-0.6,4.2374346,679.7,17.2,0.50441123
1108.1,3810.3,-4,0,4.2221934,680,17.2,0.50419249
1130.1,3809.1,22,-1.2,4.3046639,680.3,17.2,0.50397375
1105.2,3810.1,-24.9,1,4.2109225,680.6,17.2,0.50375501
1099.1,3810.2,-6.1,0.1,4.1877908,680.9,17.2,0.50353627
1105.1,3809.8,6,-0.4,4.21021,681.2,17.2,0.50331754
1119,3808.9,13.9,-0.9,4.2621591,681.5,17.2,0.5030988
1124.1,3808.5,5.1,-0.4,4.2811348,681.8,17.2,0.50288006
1111.2,3809,-12.9,0.5,4.2325608,682.2,17.2,0.50258841
1106,3809,-5.2,0,4.212754,682.5,17.2,0.50236967
1103,3809,-3,0,4.201327,682.8,17.2,0.50215093
1115.2,3808.2,12.2,-0.8,4.2469046,683.1,17.2,0.50193219
1122,3807.7,6.8,-0.5,4.2722394,683.4,17.2,0.50171345
1107.1,3808.2,-14.9,0.5,4.2160582,683.7,17.2,0.50149471
1114.1,3807.7,7,-0.5,4.2421586,684,17.2,0.50127598
1109,3807.8,-5.1,0.1,4.2228502,684.3,17.2,0.50105724
1124.1,3806.9,15.1,-0.9,4.2793363,684.6,17.2,0.5008385
1102.1,3807.8,-22,0.9,4.1965764,684.9,17.2,0.50061976
1118,3806.9,15.9,-0.9,4.2561142,685.2,17.2,0.50040102
1114.1,3806.9,-3.9,0,4.2412673,685.6,17.2,0.50010937
1101.1,3807.4,-13,0.5,4.1923281,685.9,17.2,0.49989063
1109,3806.8,7.9,-0.6,4.2217412,686.2,17.2,0.49967189
1099.1,3807.2,-9.9,0.4,4.1844935,686.5,17.2,0.49945315
1114,3806.3,14.9,-0.9,4.2402182,686.8,17.2,0.49923441
1101.1,3806.8,-12.9,0.5,4.1916675,687.1,17.2,0.49901568
1119.1,3805.8,18,-1,4.2590708,687.4,17.2,0.49879694
1119,3805.6,-0.1,-0.2,4.2584664,687.7,17.2,0.4985782
1100.3,3806.3,-18.7,0.7,4.1880719,688,17.2,0.49835946
1111,3805.7,10.7,-0.6,4.2281327,688.3,17.2,0.49814072
1118.1,3805.1,7.1,-0.6,4.2544823,688.6,17.2,0.49792198
1115.2,3805.2,-2.9,0.1,4.243559,688.9,17.2,0.49770324
1089.1,3806.3,-26.1,1.1,4.1454413,689.3,17.2,0.49741159
1111,3805.1,21.9,-1.2,4.2274661,689.6,17.2,0.49719285
1123.1,3804.3,12.1,-0.8,4.2726093,689.9,17.2,0.49697412
1115.1,3804.6,-8,0.3,4.2425095,690.2,17.2,0.49675538
1129,3803.8,13.9,-0.8,4.2944902,690.5,17.2,0.49653664
1122,3803.9,-7,0.1,4.2679758,690.8,17.2,0.4963179
1108.1,3804.4,-13.9,0.5,4.2156556,691.1,17.2,0.49609916
1101,3804.7,-7.1,0.3,4.1889747,691.4,17.2,0.49588042
1110,3804.1,9,-0.6,4.222551,691.7,17.2,0.49566168
1107.1,3804.1,-2.9,0,4.2115191,692,17.2,0.49544295
1109.1,3803.9,2,-0.2,4.2189055,692.3,17.2,0.49522421
1116.1,3803.4,7,-0.5,4.2449747,692.7,17.2,0.49493256
1114.1,3803.3,-2,-0.1,4.2372565,693,17.2,0.49471382
1112.2,3803.3,-1.9,0,4.2300303,693.3,17.2,0.49449508
1119.1,3802.8,6.9,-0.5,4.2557135,693.6,17.2,0.49427634
1107,3803.3,-12.1,0.5,4.2102531,693.9,17.2,0.4940576
1103.1,3803.3,-3.9,0,4.1954202,694.2,17.2,0.49383886
1108,3803,4.9,-0.3,4.213724,694.5,17.2,0.49362012
1113.1,3802.6,5.1,-0.4,4.2326741,694.8,17.2,0.49340139
1114.1,3802.4,1,-0.2,4.2362538,695.1,17.2,0.49318265
1112.1,3802.4,-2,0,4.228649,695.4,17.2,0.49296391
555.1,3829.4,-557,27,2.1256999,695.6,17.2,0.49281808
0,3857.4,-555.1,28,0,695.6,17.2,0.49281808
0,3859.3,0,1.9,0,695.6,17.2,0.49281808
0,3860.8,0,1.5,0,695.6,17.2,0.49281808
0,3862.2,0,1.4,0,695.6,17.2,0.49281808
0,3863.4,0,1.2,0,695.6,17.2,0.49281808
0,3864.5,0,1.1,0,695.6,17.2,0.49281808
0,3865.6,0,1.1,0,695.6,17.2,0.49281808
0,3866.5,0,0.9,0,695.6,17.2,0.49281808
0,3867.5,0,1,0,695.6,17.2,0.49281808
0,3868.4,0,0.9,0,695.6,17.2,0.49281808
0,3869.2,0,0.8,0,695.6,17.2,0.49281808
0,3870,0,0.8,0,695.6,17.2,0.49281808
0,3870.8,0,0.8,0,695.6,17.2,0.49281808
0,3871.6,0,0.8,0,695.6,17.2,0.49281808
0,3872.3,0,0.7,0,695.6,17.2,0.49281808
0,3873,0,0.7,0,695.6,17.2,0.49281808
0,3873.7,0,0.7,0,695.6,17.2,0.49281808
0,3874.4,0,0.7,0,695.6,17.2,0.49281808
0,3875,0,0.6,0,695.6,17.2,0.49281808
0,3875.7,0,0.7,0,695.6,17.2,0.49281808
0,3876.3,0,0.6,0,695.6,17.2,0.49281808
0,3876.9,0,0.6,0,695.6,17.2,0.49281808
0,3877.4,0,0.5,0,695.6,17.2,0.49281808
0,3878,0,0.6,0,695.6,17.2,0.49281808
0,3878.5,0,0.5,0,695.6,17.2,0.49281808
0,3879.1,0,0.6,0,695.6,17.2,0.49281808
0,3879.6,0,0.5,0,695.6,17.2,0.49281808
0,3880.1,0,0.5,0,695.6,17.2,0.49281808
0,3880.6,0,0.5,0,695.6,17.2,0.49281808
0,3881.1,0,0.5,0,695.6,17.2,0.49281808
0,3881.6,0,0.5,0,695.6,17.2,0.49281808
0,3882.1,0,0.5,0,695.6,17.2,0.49281808
0,3882.5,0,0.4,0,695.6,17.2,0.49281808
0,3882.9,0,0.4,0,695.6,17.2,0.49281808
0,3883.3,0,0.4,0,695.6,17.2,0.49281808
0,3883.8,0,0.5,0,695.6,17.2,0.49281808
0,3884.2,0,0.4,0,695.6,17.2,0.49281808
0,3884.6,0,0.4,0,695.6,17.2,0.49281808
0,3885,0,0.4,0,695.6,17.2,0.49281808
0,3885.4,0,0.4,0,695.6,17.2,0.49281808
0,3885.8,0,0.4,0,695.6,17.2,0.49281808
0,3886.2,0,0.4,0,695.6,17.2,0.49281808
0,3886.5,0,0.3,0,695.6,17.2,0.49281808
0,3886.9,0,0.4,0,695.6,17.2,0.49281808
0,3887.2,0,0.3,0,695.6,17.2,0.49281808
0,3887.6,0,0.4,0,695.6,17.2,0.49281808
0,3887.9,0,0.3,0,695.6,17.2,0.49281808
0,3888.3,0,0.4,0,695.6,17.2,0.49281808
0,3888.6,0,0.3,0,695.6,17.2,0.49281808
0,3888.9,0,0.3,0,695.6,17.2,0.49281808
0,3889.2,0,0.3,0,695.6,17.2,0.49281808
0,3889.5,0,0.3,0,695.6,17.2,0.49281808
0,3889.8,0,0.3,0,695.6,17.2,0.49281808
0,3890.2,0,0.4,0,695.6,17.2,0.49281808
0,3890.4,0,0.2,0,695.6,17.2,0.49281808
0,3890.7,0,0.3,0,695.6,17.2,0.49281808
0,3891,0,0.3,0,695.6,17.2,0.49281808
0,3891.2,0,0.2,0,695.6,17.2,0.49281808
0,3891.5,0,0.3,0,695.6,17.2,0.49281808
0,3891.8,0,0.3,0,695.6,17.2,0.49281808
0,3892.1,0,0.3,0,695.6,17.2,0.49281808
0,3892.4,0,0.3,0,695.6,17.2,0.49281808
0,3892.6,0,0.2,0,695.6,17.2,0.49281808
0,3892.8,0,0.2,0,695.6,17.2,0.49281808
0,3893.1,0,0.3,0,695.6,17.2,0.49281808
0,3893.4,0,0.3,0,695.6,17.2,0.49281808
0,3893.6,0,0.2,0,695.6,17.2,0.49281808
0,3893.8,0,0.2,0,695.6,17.2,0.49281808
0,3894,0,0.2,0,695.6,17.2,0.49281808
0,3894.3,0,0.3,0,695.6,17.2,0.49281808
0,3894.5,0,0.2,0,695.6,17.2,0.49281808
0,3894.7,0,0.2,0,695.6,17.2,0.49281808
0,3895,0,0.3,0,695.6,17.2,0.49281808
0,3895.1,0,0.1,0,695.6,17.2,0.49281808
0,3895.4,0,0.3,0,695.6,17.2,0.49281808
0,3895.6,0,0.2,0,695.6,17.2,0.49281808
0,3895.8,0,0.2,0,695.6,17.2,0.49281808
0,3896,0,0.2,0,695.6,17.2,0.49281808
0,3896.2,0,0.2,0,695.6,17.2,0.49281808
0,3896.4,0,0.2,0,695.6,17.2,0.49281808
0,3896.6,0,0.2,0,695.6,17.2,0.49281808
0,3896.8,0,0.2,0,695.6,17.2,0.49281808
0,3897,0,0.2,0,695.6,17.2,0.49281808
0,3897.2,0,0.2,0,695.6,17.2,0.49281808
0,3897.4,0,0.2,0,695.6,17.2,0.49281808
0,3897.5,0,0.1,0,695.6,17.2,0.49281808
0,3897.7,0,0.2,0,695.6,17.2,0.49281808
0,3897.9,0,0.2,0,695.6,17.2,0.49281808
0,3898.1,0,0.2,0,695.6,17.2,0.49281808
0,3898.2,0,0.1,0,695.6,17.2,0.49281808
281.9,3884.7,281.9,-13.5,1.0950969,695.7,17.2,0.49274517
567.1,3870.3,285.2,-14.4,2.1948471,695.8,17.2,0.49267226
567,3869.4,-0.1,-0.9,2.1939498,696,17.1,0.49252643
558.2,3869.1,-8.8,-0.3,2.1597316,696.1,17.1,0.49245352
572,3867.8,13.8,-1.3,2.2123816,696.3,17.1,0.49230769
568.2,3867.4,-3.8,-0.4,2.1974567,696.5,17.1,0.49216187
569,3866.8,0.8,-0.6,2.2002092,696.6,17.1,0.49208895
571.1,3866.2,2.1,-0.6,2.2079868,696.8,17.1,0.49194313
563,3866.2,-8.1,0,2.1766706,696.9,17.1,0.49187022
563.1,3865.8,0.1,-0.4,2.176832,697.1,17.1,0.49172439
575,3864.8,11.9,-1,2.22226,697.2,17.1,0.49165148
561.1,3865.1,-13.9,0.3,2.1687076,697.4,17.1,0.49150565
572.1,3864.2,11,-0.9,2.2107088,697.6,17.1,0.49135983
550,3864.9,-22.1,0.7,2.125695,697.7,17.1,0.49128691
554.1,3864.4,4.1,-0.5,2.141264,697.9,17.1,0.49114109
560.9,3863.8,6.8,-0.6,2.1672054,698,17.1,0.49106817
574.2,3862.8,13.3,-1,2.2180198,698.2,17.1,0.49092235
578,3862.3,3.8,-0.5,2.2324094,698.3,17.1,0.49084943
559.2,3862.9,-18.8,0.6,2.1601337,698.5,17.1,0.49070361
566,3862.3,6.8,-0.6,2.1860618,698.7,17.1,0.49055778
559.2,3862.4,-6.8,0.1,2.1598541,698.8,17.1,0.49048487
567,3861.7,7.8,-0.7,2.1895839,699,17.1,0.49033904
563.2,3861.7,-3.8,0,2.1749094,699.1,17.1,0.49026613
570.1,3861.1,6.9,-0.6,2.2012131,699.3,17.1,0.49012031
570.1,3860.8,0,-0.3,2.2010421,699.4,17.1,0.49004739
567.1,3860.7,-3,-0.1,2.189403,699.6,17.1,0.48990157
565,3860.5,-2.1,-0.2,2.1811825,699.8,17.1,0.48975574
583.1,3859.4,18.1,-1.1,2.2504161,699.9,17.1,0.48968283
557.2,3860.4,-25.9,1,2.1510149,700.1,17.1,0.489537
560.2,3860.1,3,-0.3,2.162428,700.2,17.1,0.48946409
557,3860,-3.2,-0.1,2.15002,700.4,17.1,0.48931826
565.2,3859.4,8.2,-0.6,2.1813329,700.5,17.1,0.48924535
571,3859,5.8,-0.4,2.203489,700.7,17.1,0.48909953
568.2,3858.9,-2.8,-0.1,2.192627,700.9,17.1,0.4889537
566,3858.8,-2.2,-0.1,2.1840808,701,17.1,0.48888079
568.1,3858.5,2.1,-0.3,2.1920138,701.2,17.1,0.48873496
565,3858.4,-3.1,-0.1,2.179996,701.3,17.1,0.48866205
550.1,3859,-14.9,0.6,2.1228359,701.5,17.1,0.48851622
564,3858.1,13.9,-0.9,2.1759684,701.6,17.1,0.48844331
552,3858.6,-12,0.5,2.1299472,701.8,17.1,0.48829748
576,3857.2,24,-1.4,2.2217472,701.9,17.1,0.48822457
566.2,3857.5,-9.8,0.3,2.1841165,702.1,17.1,0.48807875
565,3857.4,-1.2,-0.1,2.179431,702.3,17.1,0.48793292
576,3856.7,11,-0.7,2.2214592,702.4,17.1,0.48786001
550.1,3857.8,-25.9,1.1,2.1221758,702.6,17.1,0.48771418
564.2,3856.9,14.1,-0.9,2.176063,702.7,17.1,0.48764127
547.1,3857.6,-17.1,0.7,2.110493,702.9,17.1,0.48749544
558.9,3856.9,11.8,-0.7,2.1556214,703,17.1,0.48742253
551.1,3857.1,-7.8,0.2,2.1256478,703.2,17.1,0.4872767
561,3856.5,9.9,-0.6,2.1634965,703.3,17.1,0.48720379
566.2,3856.1,5.2,-0.4,2.1833238,703.5,17.1,0.48705797
567,3855.9,0.8,-0.2,2.1862953,703.7,17.1,0.48691214
563,3856,-4,0.1,2.170928,703.8,17.1,0.48683923
562.1,3855.9,-0.9,-0.1,2.1674014,704,17.1,0.4866934
570.1,3855.4,8,-0.5,2.1979635,704.1,17.1,0.48662049
561.1,3855.7,-9,0.3,2.1634333,704.3,17.1,0.48647466
562,3855.5,0.9,-0.2,2.166791,704.4,17.1,0.48640175
572.1,3854.9,10.1,-0.6,2.2053883,704.6,17.1,0.48625592
556.1,3855.5,-16,0.6,2.1440436,704.8,17.1,0.4861101
582,3854.1,25.9,-1.4,2.2430862,704.9,17.1,0.48603719
569.1,3854.6,-12.9,0.5,2.1936529,705.1,17.1,0.48589136
558.2,3855,-10.9,0.4,2.151861,705.2,17.1,0.48581845
571,3854.3,12.8,-0.7,2.2008053,705.4,17.1,0.48567262
559,3854.7,-12,0.4,2.1547773,705.5,17.1,0.48559971
576.1,3853.8,17.1,-0.9,2.2201742,705.7,17.1,0.48545388
571,3853.9,-5.1,0.1,2.2005769,705.9,17.1,0.48530806
569.1,3853.8,-1.9,-0.1,2.1931976,706,17.1,0.48523514
561.2,3854.1,-7.9,0.3,2.1629209,706.2,17.1,0.48508932
564.9,3853.9,3.7,-0.2,2.1770681,706.3,17.1,0.48501641
572.1,3853.4,7.2,-0.5,2.2045301,706.5,17.1,0.48487058
563.1,3853.7,-9,0.3,2.1700185,706.7,17.1,0.48472475
558,3853.9,-5.1,0.2,2.1504762,706.8,17.1,0.48465184
576,3852.9,18,-1,2.2192704,707,17.1,0.48450602
576.1,3852.7,0.1,-0.2,2.2195405,707.1,17.1,0.4844331
568.1,3853,-8,0.3,2.1888893,707.3,17.1,0.48428728
557,3853.4,-11.1,0.4,2.1463438,707.4,17.1,0.48421436
550.1,3853.7,-6.9,0.3,2.1199204,707.6,17.1,0.48406854
567.1,3852.8,17,-0.9,2.1849229,707.7,17.1,0.48399563
571.1,3852.5,4,-0.3,2.2001628,707.9,17.1,0.4838498
556.1,3853.1,-15,0.6,2.1427089,708.1,17.1,0.48370397
566.1,3852.5,10,-0.6,2.1809003,708.2,17.1,0.48363106
573.1,3852.1,7,-0.4,2.2076385,708.4,17.1,0.48348524
565,3852.4,-8.1,0.3,2.176606,708.5,17.1,0.48341232
571.1,3852,6.1,-0.4,2.1998772,708.7,17.1,0.4832665
568,3852,-3.1,0,2.187936,708.9,17.1,0.48312067
566.2,3852,-1.8,0,2.1810024,709,17.1,0.48304776
568,3851.8,1.8,-0.2,2.1878224,709.2,17.1,0.48290193
561.2,3852.1,-6.8,0.3,2.1617985,709.3,17.1,0.48282902
569,3851.6,7.8,-0.5,2.1915604,709.5,17.1,0.48268319
558.1,3852.1,-10.9,0.5,2.149857,709.6,17.1,0.48261028
583,3850.8,24.9,-1.3,2.2450164,709.8,17.1,0.48246445
571.1,3851.2,-11.9,0.4,2.1994203,710,17.1,0.48231863
563.1,3851.5,-8,0.3,2.1687797,710.1,17.1,0.48224572
558,3851.7,-5.1,0.2,2.1492486,710.3,17.1,0.48209989
554.1,3851.8,-3.9,0.1,2.1342824,710.4,17.1,0.48202698
562,3851.4,7.9,-0.4,2.1644868,710.6,17.1,0.48188115
556.1,3851.6,-5.9,0.2,2.1418748,710.7,17.1,0.48180824
559,3851.4,2.9,-0.2,2.1529326,710.9,17.1,0.48166241
568.1,3850.8,9.1,-0.6,2.1876395,711,17.1,0.4815895
568.1,3850.7,0,-0.1,2.1875827,711.2,17.1,0.48144367
570.1,3850.6,2,-0.1,2.1952271,711.4,17.1,0.48129785
570.1,3850.5,0,-0.1,2.1951701,711.5,17.1,0.48122494
570,3850.4,-0.1,-0.1,2.194728,711.7,17.1,0.48107911
556.2,3851,-13.8,0.6,2.1419262,711.8,17.1,0.4810062
569,3850.3,12.8,-0.7,2.1908207,712,17.1,0.48086037
567.1,3850.3,-1.9,0,2.1835051,712.1,17.1,0.48078746
562.1,3850.5,-5,0.2,2.164366,712.3,17.1,0.48064163
564.9,3850.3,2.8,-0.2,2.1750345,712.5,17.1,0.48049581
562,3850.4,-2.9,0.1,2.1639248,712.6,17.1,0.48042289
584,3849.2,22,-1.2,2.2479328,712.8,17.1,0.48027707
561.1,3850.2,-22.9,1,2.1603472,712.9,17.1,0.48020416
569,3849.8,7.9,-0.4,2.1905362,713.1,17.1,0.48005833
559.1,3850.2,-9.9,0.4,2.1526468,713.2,17.1,0.47998542
556,3850.2,-3.1,0,2.1407112,713.4,17.1,0.47983959
558.2,3850.1,2.2,-0.1,2.1491258,713.6,17.1,0.47969377
549,3850.5,-9.2,0.4,2.1139245,713.7,17.1,0.47962085
574.1,3849.2,25.1,-1.3,2.2098257,713.9,17.1,0.47947503
574.1,3849.1,0,-0.1,2.2097683,714,17.1,0.47940211
550,3850.2,-24.1,1.1,2.11761,714.2,17.1,0.47925629
555.2,3849.9,5.2,-0.3,2.1374645,714.3,17.1,0.47918338
569,3849.2,13.8,-0.7,2.1901948,714.5,17.1,0.47903755
557,3849.7,-12,0.5,2.1442829,714.6,17.1,0.47896464
560.1,3849.5,3.1,-0.2,2.156105,714.8,17.1,0.47881881
575,3848.7,14.9,-0.8,2.2130025,715,17.1,0.47867299
584.1,3848.1,9.1,-0.6,2.2476752,715.1,17.1,0.47860007
568,3848.8,-16.1,0.7,2.1861184,715.3,17.1,0.47845425
565.1,3848.9,-2.9,0.1,2.1750134,715.4,17.1,0.47838133
555.1,3849.4,-10,0.5,2.1368019,715.6,17.1,0.47823551
556,3849.3,0.9,-0.1,2.1402108,715.8,17.1,0.47808968
571,3848.5,15,-0.8,2.1974935,715.9,17.1,0.47801677
570,3848.5,-1,0,2.193645,716.1,17.1,0.47787094
562.1,3848.8,-7.9,0.3,2.1634105,716.2,17.1,0.47779803
563,3848.7,0.9,-0.1,2.1668181,716.4,17.1,0.47765221
566,3848.4,3,-0.3,2.1781944,716.5,17.1,0.47757929
557.1,3848.8,-8.9,0.4,2.1441665,716.7,17.1,0.47743347
562,3848.5,4.9,-0.3,2.162857,716.8,17.1,0.47736055
572.1,3848,10.1,-0.5,2.2014408,717,17.1,0.47721473
571.1,3848,-1,0,2.1975928,717.2,17.1,0.4770689
573,3847.8,1.9,-0.2,2.2047894,717.3,17.1,0.47699599
556.1,3848.5,-16.9,0.7,2.1401509,717.5,17.1,0.47685016
577.1,3847.5,21,-1,2.2203922,717.6,17.1,0.47677725
555,3848.5,-22.1,1,2.1359175,717.8,17.1,0.47663143
561,3848.1,6,-0.4,2.1587841,717.9,17.1,0.47655851
572,3847.6,11,-0.5,2.2008272,718.1,17.1,0.47641269
564.1,3847.8,-7.9,0.2,2.170544,718.3,17.1,0.47626686
565,3847.7,0.9,-0.1,2.1739505,718.4,17.1,0.47619395
559,3848,-6,0.3,2.151032,718.6,17.1,0.47604812
1120,3820.4,561,-27.6,4.278848,718.9,17.1,0.47582938
1667,3792.5,547,-27.9,6.3220975,719.4,17.1,0.47546482
1678,3789.8,11,-2.7,6.3592844,719.8,17.1,0.47517317
1668.1,3788.6,-9.9,-1.2,6.3197637,720.3,17.1,0.4748086
1680,3786.5,11.9,-2.1,6.36132,720.7,17.1,0.47451695
1672,3785.5,-8,-1,6.329356,721.2,17.1,0.47415239
1685,3783.6,13,-1.9,6.375366,721.7,17.1,0.47378782
1689.1,3782.2,4.1,-1.4,6.388514,722.1,17,0.47349617
1673,3781.8,-16.1,-0.4,6.3269514,722.6,17,0.47313161
1681,3780.3,8,-1.5,6.3546843,723.1,17,0.47276704
1682,3779.2,1,-1.1,6.3566144,723.5,17,0.47247539
1680,3778.3,-2,-0.9,6.347544,724,17,0.47211083
1665,3778.1,-15,-0.2,6.2905365,724.5,17,0.47174626
1676,3776.7,11,-1.4,6.3297492,724.9,17,0.47145461
1684,3775.3,8,-1.4,6.3576052,725.4,17,0.47109005
1685,3774.4,1,-0.9,6.359864,725.9,17,0.47072548
1683,3773.6,-2,-0.8,6.3509688,726.3,17,0.47043383
1689.1,3772.5,6.1,-1.1,6.3721298,726.8,17,0.47006927
1686.1,3771.9,-3,-0.6,6.3598006,727.3,17,0.4697047
1681.1,3771.3,-5,-0.6,6.3399324,727.8,17,0.46934014
1674,3770.9,-7.1,-0.4,6.3124866,728.2,17,0.46904849
1672,3770.2,-2,-0.7,6.3037744,728.7,17,0.46868392
1680.1,3769.2,8.1,-1,6.3326329,729.1,17,0.46839227
1682.1,3768.4,2,-0.8,6.3388256,729.6,17,0.46802771
1673.1,3768.1,-9,-0.3,6.3044081,730.1,17,0.46766314
1681,3767.1,7.9,-1,6.3324951,730.5,17,0.46737149
1672,3766.8,-9,-0.3,6.2980896,731,17.1,0.46700693
1655.9,3767,-16.1,0.2,6.2377753,731.5,17.1,0.46664236
1668.9,3765.8,13,-1.2,6.2847436,731.9,17.1,0.46635071
1677.9,3764.7,9,-1.1,6.3167901,732.4,17.1,0.46598615
1665.1,3764.8,-12.8,0.1,6.2687685,732.9,17.1,0.46562158
1678,3763.6,12.9,-1.2,6.3153208,733.3,17.1,0.46532993
1685,3762.6,7,-1,6.339981,733.8,17.1,0.46496537
1669.9,3762.8,-15.1,0.2,6.2834997,734.3,17.1,0.4646008
1678,3761.9,8.1,-0.9,6.3124682,734.7,17.1,0.46430915
1669.2,3761.8,-8.8,-0.1,6.2791966,735.2,17.1,0.46394459
1659,3761.7,-10.2,-0.1,6.2406603,735.7,17.1,0.46358002
1690.9,3759.7,31.9,-2,6.3572767,736.1,17.1,0.46328837
1671,3760.1,-19.9,0.4,6.2831271,736.6,17.1,0.46292381
1680,3759.2,9,-0.9,6.315456,737.1,17.1,0.46255924
1675.9,3758.8,-4.1,-0.4,6.2993729,737.5,17.1,0.46226759
1686,3757.9,10.1,-0.9,6.3358194,738,17.1,0.46190303
1675.1,3757.9,-10.9,0,6.2948583,738.5,17.1,0.46153846
1663,3758.1,-12.1,0.2,6.2497203,738.9,17.1,0.46124681
1678.9,3756.9,15.9,-1.2,6.3074594,739.4,17.1,0.46088225
1677.1,3756.5,-1.8,-0.4,6.3000261,739.8,17.1,0.46059059
1685.1,3755.6,8,-0.9,6.3285616,740.3,17.1,0.46022603
1682,3755.3,-3.1,-0.3,6.3164146,740.8,17.1,0.45986147
1692.1,3754.4,10.1,-0.9,6.3528202,741.3,17.1,0.4594969
1679,3754.6,-13.1,0.2,6.3039734,741.7,17.1,0.45920525
1685,3753.9,6,-0.7,6.3253215,742.2,17.1,0.45884069
1677.9,3753.8,-7.1,-0.1,6.298501,742.7,17.1,0.45847612
1665.1,3754,-12.8,0.2,6.2507854,743.1,17.1,0.45818447
1665,3753.6,-0.1,-0.4,6.249744,743.6,17.1,0.45781991
1676,3752.8,11,-0.8,6.2896928,744,17.1,0.45752825
1678.1,3752.3,2.1,-0.5,6.2967346,744.5,17.1,0.45716369
1677,3751.9,-1.1,-0.4,6.2919363,745,17.1,0.45679913
1675.9,3751.6,-1.1,-0.3,6.2873064,745.4,17.1,0.45650747
1679.1,3751.1,3.2,-0.5,6.298472,745.9,17.1,0.45614291
1681,3750.6,1.9,-0.5,6.3047586,746.4,17.1,0.45577834
1672,3750.6,-9,0,6.2710032,746.8,17.1,0.45548669
1678.1,3750,6.1,-0.6,6.292875,747.3,17.1,0.45512213
1685,3749.3,6.9,-0.7,6.3175705,747.8,17.1,0.45475756
1683,3749.1,-2,-0.2,6.3097353,748.2,17.1,0.45446591
1672.9,3749.2,-10.1,0.1,6.2720367,748.7,17.1,0.45410135
1672,3748.9,-0.9,-0.3,6.2681608,749.2,17.1,0.45373678
1653,3749.6,-19,0.7,6.1980888,749.6,17.1,0.45344513
1669,3748.5,16,-1.1,6.2562465,750.1,17.1,0.45308057
1671,3748.1,2,-0.4,6.2630751,750.6,17.1,0.452716
1666,3748,-5,-0.1,6.244168,751,17.1,0.45242435
1668,3747.6,2,-0.4,6.2509968,751.5,17.1,0.45205979
1667.9,3747.3,-0.1,-0.3,6.2501217,751.9,17.1,0.45176814
1671.1,3746.8,3.2,-0.5,6.2612775,752.4,17.1,0.45140357
1690,3745.6,18.9,-1.2,6.330064,752.9,17.1,0.45103901
1671,3746.2,-19,0.6,6.2599002,753.3,17.1,0.45074736
1670.1,3746,-0.9,-0.2,6.2561946,753.8,17.1,0.45038279
1667.9,3745.8,-2.2,-0.2,6.2476198,754.3,17.1,0.45001823
1678.1,3745,10.2,-0.8,6.2844845,754.7,17.1,0.44972658
1670,3745.1,-8.1,0.1,6.254317,755.2,17.1,0.44936201
1676,3744.5,6,-0.6,6.275782,755.7,17.1,0.44899745
1685.1,3743.8,9.1,-0.7,6.3086774,756.1,17.1,0.4487058
1672.9,3744.1,-12.2,0.3,6.2635049,756.6,17.1,0.44834123
1686.1,3743.2,13.2,-0.9,6.3114095,757.1,17.1,0.44797667
1687.9,3742.8,1.8,-0.4,6.3174721,757.5,17.1,0.44768502
1674,3743.2,-13.9,0.4,6.2661168,758,17.1,0.44732045
1679.1,3742.7,5.1,-0.5,6.2843676,758.5,17.1,0.44695589
1679.9,3742.3,0.8,-0.4,6.2866898,758.9,17.1,0.44666424
1664.1,3742.9,-15.8,0.6,6.2285599,759.4,17.1,0.44629967
1674.9,3742.1,10.8,-0.8,6.2676433,759.9,17.1,0.44593511
1675,3741.8,0.1,-0.3,6.267515,760.3,17.1,0.44564346
1691,3740.8,16,-1,6.3256928,760.8,17.1,0.44527889
1658,3742.1,-33,1.3,6.2044018,761.3,17.1,0.44491433
1663.1,3741.7,5.1,-0.4,6.2228213,761.7,17.1,0.44462268
1675.9,3740.8,12.8,-0.9,6.2692067,762.2,17.1,0.44425811
1675.1,3740.6,-0.8,-0.2,6.2658791,762.6,17.1,0.44396646
1680.1,3740.1,5,-0.5,6.283742,763.1,17.1,0.4436019
1691.9,3739.2,11.8,-0.9,6.3263525,763.6,17.1,0.44323733
1673.1,3739.9,-18.8,0.7,6.2572267,764,17.1,0.44294568
1687,3739,13.9,-0.9,6.307693,764.5,17.1,0.44258112
1681,3739,-6,0,6.285259,765,17.1,0.44221655
1673,3739.2,-8,0.2,6.2556816,765.4,17.1,0.4419249
1660.9,3739.6,-12.1,0.4,6.2111016,765.9,17.1,0.44156034
1665.1,3739.1,4.2,-0.5,6.2259754,766.4,17.1,0.44119577
1677,3738.3,11.9,-0.8,6.2691291,766.8,17.1,0.44090412
1681.9,3737.8,4.9,-0.5,6.2866058,767.3,17.1,0.44053956
1673.1,3738.1,-8.8,0.3,6.2542151,767.8,17.1,0.44017499
1688,3737.1,14.9,-1,6.3082248,768.2,17.1,0.43988334
1687,3736.9,-1,-0.2,6.3041503,768.7,17.1,0.43951878
1677,3737.2,-10,0.3,6.2672844,769.2,17.1,0.43915421
1672.9,3737.1,-4.1,-0.1,6.2517946,769.6,17.1,0.43886256
1687,3736.2,14.1,-0.9,6.3029694,770.1,17.1,0.43849799
1676,3736.6,-11,0.4,6.2625416,770.6,17.1,0.43813343
1675,3736.4,-1,-0.2,6.25847,771,17.1,0.43784178
1683,3735.8,8,-0.6,6.2873514,771.5,17.1,0.43747721
1677,3735.8,-6,0,6.2649366,772,17.1,0.43711265
1679.9,3735.5,2.9,-0.3,6.2752665,772.4,17.1,0.436821
1676,3735.5,-3.9,0,6.260698,772.9,17.1,0.43645643
1686,3734.8,10,-0.7,6.2968728,773.4,17.1,0.43609187
1674.9,3735.1,-11.1,0.3,6.255919,773.8,17.1,0.43580022
1662,3735.5,-12.9,0.4,6.208401,774.3,17.1,0.43543565
1669.9,3735,7.9,-0.5,6.2370765,774.8,17.1,0.43507109
1688,3733.9,18.1,-1.1,6.3028232,775.2,17.1,0.43477944
1674.9,3734.3,-13.1,0.4,6.2545791,775.7,17.1,0.43441487
839.2,3775.3,-835.7,41,3.1682318,775.9,17.1,0.43426905
0,3818,-839.2,42.7,0,775.9,17.1,0.43426905
0,3820.7,0,2.7,0,775.9,17.1,0.43426905
0,3822.8,0,2.1,0,775.9,17.1,0.43426905
0,3824.7,0,1.9,0,775.9,17.1,0.43426905
0,3826.4,0,1.7,0,775.9,17.1,0.43426905
0,3828.1,0,1.7,0,775.9,17.1,0.43426905
0,3829.5,0,1.4,0,775.9,17.1,0.43426905
0,3830.9,0,1.4,0,775.9,17.1,0.43426905
0,3832.2,0,1.3,0,775.9,17.1,0.43426905
0,3833.4,0,1.2,0,775.9,17.2,0.43426905
0,3834.6,0,1.2,0,775.9,17.2,0.43426905
0,3835.7,0,1.1,0,775.9,17.1,0.43426905
0,3836.8,0,1.1,0,775.9,17.1,0.43426905
0,3837.8,0,1,0,775.9,17.2,0.43426905
0,3838.8,0,1,0,775.9,17.2,0.43426905
0,3839.8,0,1,0,775.9,17.2,0.43426905
0,3840.7,0,0.9,0,775.9,17.2,0.43426905
0,3841.7,0,1,0,775.9,17.2,0.43426905
0,3842.5,0,0.8,0,775.9,17.2,0.43426905
0,3843.4,0,0.9,0,775.9,17.2,0.43426905
0,3844.2,0,0.8,0,775.9,17.2,0.43426905
0,3845,0,0.8,0,775.9,17.2,0.43426905
0,3845.7,0,0.7,0,775.9,17.2,0.43426905
0,3846.5,0,0.8,0,775.9,17.2,0.43426905
0,3847.2,0,0.7,0,775.9,17.2,0.43426905
0,3847.9,0,0.7,0,775.9,17.2,0.43426905
0,3848.6,0,0.7,0,775.9,17.1,0.43426905
0,3849.3,0,0.7,0,775.9,17.1,0.43426905
0,3850,0,0.7,0,775.9,17.2,0.43426905
0,3850.6,0,0.6,0,775.9,17.2,0.43426905
0,3851.2,0,0.6,0,775.9,17.2,0.43426905
0,3851.9,0,0.7,0,775.9,17.2,0.43426905
0,3852.5,0,0.6,0,775.9,17.1,0.43426905
0,3853.1,0,0.6,0,775.9,17.1,0.43426905
0,3853.6,0,0.5,0,775.9,17.1,0.43426905
0,3854.1,0,0.5,0,775.9,17.1,0.43426905
0,3854.7,0,0.6,0,775.9,17.1,0.43426905
0,3855.2,0,0.5,0,775.9,17.1,0.43426905
0,3855.7,0,0.5,0,775.9,17.1,0.43426905
0,3856.2,0,0.5,0,775.9,17.1,0.43426905
0,3856.7,0,0.5,0,775.9,17.1,0.43426905
0,3857.2,0,0.5,0,775.9,17.1,0.43426905
0,3857.7,0,0.5,0,775.9,17.1,0.43426905
0,3858.2,0,0.5,0,775.9,17.1,0.43426905
0,3858.6,0,0.4,0,775.9,17.1,0.43426905
0,3859.1,0,0.5,0,775.9,17.1,0.43426905
0,3859.5,0,0.4,0,775.9,17.1,0.43426905
0,3859.9,0,0.4,0,775.9,17.1,0.43426905
0,3860.3,0,0.4,0,775.9,17.1,0.43426905
0,3860.8,0,0.5,0,775.9,17.1,0.43426905
0,3861.2,0,0.4,0,775.9,17.1,0.43426905
0,3861.5,0,0.3,0,775.9,17.1,0.43426905
0,3861.9,0,0.4,0,775.9,17.1,0.43426905
0,3862.3,0,0.4,0,775.9,17.1,0.43426905
0,3862.7,0,0.4,0,775.9,17.1,0.43426905
0,3863,0,0.3,0,775.9,17.1,0.43426905
0,3863.4,0,0.4,0,775.9,17.1,0.43426905
0,3863.7,0,0.3,0,775.9,17.1,0.43426905
0,3864.1,0,0.4,0,775.9,17.1,0.43426905
0,3864.4,0,0.3,0,775.9,17.1,0.43426905
0,3864.7,0,0.3,0,775.9,17.1,0.43426905
0,3865.1,0,0.4,0,775.9,17.1,0.43426905
0,3865.4,0,0.3,0,775.9,17.1,0.43426905
0,3865.7,0,0.3,0,775.9,17.1,0.43426905
0,3866,0,0.3,0,775.9,17.1,0.43426905
0,3866.3,0,0.3,0,775.9,17.1,0.43426905
0,3866.6,0,0.3,0,775.9,17.1,0.43426905
0,3866.9,0,0.3,0,775.9,17.1,0.43426905
928,3822.2,928,-44.7,3.5470016,776.2,17.1,0.43405031
1852.9,3775.9,924.9,-46.3,6.9963651,776.7,17.1,0.43368575
1845.9,3773.3,-7,-2.6,6.9651345,777.2,17.1,0.43332118
1847,3770.9,1.1,-2.4,6.9648523,777.7,17.1,0.43295662
1852.9,3768.6,5.9,-2.3,6.9828389,778.2,17.1,0.43259205
1861,3766.4,8.1,-2.2,7.0092704,778.8,17.1,0.43215458
1858.1,3764.8,-2.9,-1.6,6.9953749,779.3,17.1,0.43179001
1849,3763.7,-9.1,-1.1,6.9590813,779.8,17.1,0.43142545
1859,3761.7,10,-2,6.9930003,780.3,17.1,0.43106088
1854,3760.5,-5,-1.2,6.971967,780.8,17.1,0.43069632
1860,3758.8,6,-1.7,6.991368,781.3,17.1,0.43033175
1872,3756.9,12,-1.9,7.0329168,781.9,17.1,0.42989428
1843.3,3757,-28.7,0.1,6.9252781,782.4,17.1,0.42952971
1867,3754.7,23.7,-2.3,7.0100249,782.9,17.1,0.42916515
1841.9,3754.7,-25.1,0,6.9157819,783.4,17.1,0.42880058
1856,3752.9,14.1,-1.8,6.9653824,783.9,17.1,0.42843602
1839,3752.6,-17,-0.3,6.9010314,784.4,17.1,0.42807145
1849,3751.1,10,-1.5,6.9357839,784.9,17.1,0.42770689
1872.1,3748.9,23.1,-2.2,7.0183157,785.5,17.1,0.42726941
1856,3748.6,-16.1,-0.3,6.9574016,786,17.1,0.42690485
1861.9,3747.3,5.9,-1.3,6.9770979,786.5,17.1,0.42654028
1861,3746.4,-0.9,-0.9,6.9720504,787,17.1,0.42617572
1855.1,3745.7,-5.9,-0.7,6.9486481,787.5,17.1,0.42581116
1855,3744.9,-0.1,-0.8,6.9467895,788,17.1,0.42544659
1847,3744.3,-8,-0.6,6.9157221,788.6,17.1,0.42500911
1850.9,3743.3,3.9,-1,6.928474,789.1,17.1,0.42464455
1865,3741.7,14.1,-1.6,6.9782705,789.6,17.1,0.42427999
1850.1,3741.6,-14.9,-0.1,6.9223342,790.1,17.1,0.42391542
1859,3740.4,8.9,-1.2,6.9534036,790.6,17.1,0.42355086
1858,3739.6,-1,-0.8,6.9481768,791.1,17.1,0.42318629
1859,3738.8,1,-0.8,6.9504292,791.6,17.1,0.42282173
1854,3738.2,-5,-0.6,6.9306228,792.2,17.1,0.42238425
1857,3737.3,3,-0.9,6.9401661,792.7,17.1,0.42201969
1858,3736.5,1,-0.8,6.942417,793.2,17.1,0.42165512
1861,3735.7,3,-0.8,6.9521377,793.7,17.1,0.42129056
1856,3735.2,-5,-0.5,6.9325312,794.2,17.1,0.42092599
1865,3734.1,9,-1.1,6.9640965,794.7,17.1,0.42056143
1846.2,3734.3,-18.8,0.2,6.8942647,795.3,17.1,0.42012395
1854,3733.3,7.8,-1,6.9215382,795.8,17.1,0.41975939
1845,3733.1,-9,-0.2,6.8875695,796.3,17.1,0.41939482
1854.9,3732,9.9,-1.1,6.9224868,796.8,17.1,0.41903026
1852.9,3731.5,-2,-0.5,6.9140964,797.3,17.1,0.41866569
1851,3731,-1.9,-0.5,6.906081,797.8,17.1,0.41830113
1852,3730.3,1,-0.7,6.9085156,798.3,17.1,0.41793657
1857,3729.5,5,-0.8,6.9256815,798.9,17.1,0.41749909
1860.9,3728.7,3.9,-0.8,6.9387378,799.4,17.1,0.41713452
1858,3728.3,-2.9,-0.4,6.9271814,799.9,17.1,0.41676996
1861.1,3727.6,3.1,-0.7,6.9374364,800.4,17.1,0.4164054
1860,3727.1,-1.1,-0.5,6.932406,800.9,17.1,0.41604083
1847,3727.2,-13,0.1,6.8841384,801.4,17.1,0.41567627
1870.9,3725.5,23.9,-1.7,6.970038,802,17.1,0.41523879
1849.9,3726,-21,0.5,6.8927274,802.5,17.1,0.41487423
1845.1,3725.7,-4.8,-0.3,6.8742891,803,17.1,0.41450966
1853.9,3724.8,8.8,-0.9,6.9054067,803.5,17.2,0.4141451
1853.9,3724.3,0,-0.5,6.9044798,804,17.2,0.41378053
1853.9,3723.9,0,-0.4,6.9037382,804.5,17.2,0.41341597
1864,3723,10.1,-0.9,6.939672,805.1,17.2,0.41297849
1852,3723,-12,0,6.894996,805.6,17.2,0.41261393
1857,3722.4,5,-0.6,6.9124968,806.1,17.2,0.41224936
1843,3722.6,-14,0.2,6.8607518,806.6,17.2,0.4118848
1853.9,3721.7,10.9,-0.9,6.8996596,807.1,17.2,0.41152023
1842.1,3721.8,-11.8,0.1,6.8559278,807.6,17.2,0.41115567
1852.9,3720.9,10.8,-0.9,6.8944556,808.1,17.2,0.4107911
1853.9,3720.4,1,-0.5,6.8972496,808.6,17.2,0.41042654
1845,3720.4,-8.9,0,6.864138,809.2,17.2,0.40998906
1860.1,3719.3,15.1,-1.1,6.9182699,809.7,17.2,0.4096245
1853,3719.2,-7.1,-0.1,6.8916776,810.2,17.2,0.40925993
1856,3718.7,3,-0.5,6.9019072,810.7,17.2,0.40889537
1857,3718.2,1,-0.5,6.9046974,811.2,17.2,0.40853081
1847.1,3718.3,-9.9,0.1,6.8680719,811.7,17.2,0.40816624
1853,3717.6,5.9,-0.7,6.8887128,812.3,17.2,0.40772876
1865.9,3716.6,12.9,-1,6.9348039,812.8,17.2,0.4073642
1767.1,3721,-98.8,4.4,6.5753791,813.3,17.2,0.40699964
1682.2,3725.1,-84.9,4.1,6.2663632,813.7,17.2,0.40670798
1675,3725.4,-7.2,0.3,6.240045,814.2,17.2,0.40634342
1677,3725.1,2,-0.3,6.2469927,814.7,17.2,0.40597886
1678,3725,1,-0.1,6.25055,815.1,17.2,0.4056872
1674,3725,-4,0,6.23565,815.6,17.2,0.40532264
1680,3724.6,6,-0.4,6.257328,816.1,17.2,0.40495808
1691.9,3723.8,11.9,-0.8,6.3002972,816.5,17.2,0.40466642
1682.1,3724,-9.8,0.2,6.2641404,817,17.2,0.40430186
1682,3723.9,-0.1,-0.1,6.2635998,817.5,17.2,0.40393729
1679.9,3723.8,-2.1,-0.1,6.2556116,817.9,17.2,0.40364564
1675,3723.8,-4.9,0,6.237365,818.4,17.2,0.40328108
1667,3724.1,-8,0.3,6.2080747,818.9,17.2,0.40291651
1681,3723.2,14,-0.9,6.2586992,819.3,17.2,0.40262486
1657.9,3724.1,-23.1,0.9,6.1741854,819.8,17.2,0.4022603
1678.8,3723,20.9,-1.1,6.2501724,820.3,17.2,0.40189573
1685,3722.4,6.2,-0.6,6.272244,820.7,17.2,0.40160408
1676,3722.7,-9,0.3,6.2392452,821.2,17.2,0.40123952
1678.9,3722.4,2.9,-0.3,6.2495374,821.7,17.2,0.40087495
1667.1,3722.8,-11.8,0.4,6.2062799,822.1,17.2,0.4005833
1681,3721.9,13.9,-0.9,6.2565139,822.6,17.2,0.40021874
1688.1,3721.4,7.1,-0.5,6.2820953,823,17.2,0.39992709
1675.1,3721.8,-13,0.4,6.2343872,823.5,17.2,0.39956252
1680.9,3721.3,5.8,-0.5,6.2551332,824,17.2,0.39919796
1683.1,3721,2.2,-0.3,6.2628151,824.4,17.2,0.39890631
1675.1,3721.2,-8,0.2,6.2333821,824.9,17.2,0.39854174
1667.9,3721.3,-7.2,0.1,6.2067563,825.4,17.2,0.39817718
1681,3720.5,13.1,-0.8,6.2541605,825.8,17.2,0.39788553
1673,3720.7,-8,0.2,6.2247311,826.3,17.2,0.39752096
1675.9,3720.4,2.9,-0.3,6.2350184,826.8,17.2,0.3971564
1677.9,3720.2,2,-0.2,6.2421236,827.2,17.2,0.39686475
1682,3719.7,4.1,-0.5,6.2565354,827.7,17.2,0.39650018
1682,3719.6,0,-0.1,6.2563672,828.2,17.2,0.39613562
1674.9,3719.7,-7.1,0.1,6.2301255,828.6,17.2,0.39584397
1680.1,3719.3,5.2,-0.4,6.2487959,829.1,17.2,0.3954794
1666,3719.8,-14.1,0.5,6.1971868,829.6,17.2,0.39511484
1681.2,3718.8,15.2,-1,6.2520466,830,17.2,0.39482319
1679,3718.8,-2.2,0,6.2438652,830.5,17.2,0.39445862
1675.9,3718.7,-3.1,-0.1,6.2321693,831,17.2,0.39409406
1684.1,3718.1,8.2,-0.6,6.2616522,831.4,17.2,0.39380241
1686,3717.8,1.9,-0.3,6.2682108,831.9,17.2,0.39343784
1683.1,3717.8,-2.9,0,6.2574292,832.4,17.2,0.39307328
1684.1,3717.6,1,-0.2,6.2608102,832.8,17.2,0.39278163
1682,3717.5,-2.1,-0.1,6.252835,833.3,17.2,0.39241706
1684.8,3717.1,2.8,-0.4,6.2625701,833.8,17.2,0.3920525
1676.1,3717.4,-8.7,0.3,6.2307341,834.2,17.2,0.39176085
1681,3717,4.9,-0.4,6.248277,834.7,17.2,0.39139628
1681.2,3716.8,0.2,-0.2,6.2486842,835.2,17.2,0.39103172
1680,3716.7,-1.2,-0.1,6.244056,835.6,17.2,0.39074007
1682.1,3716.4,2.1,-0.3,6.2513564,836.1,17.2,0.3903755
1678,3716.4,-4.1,0,6.2361192,836.6,17.2,0.39001094
1679.9,3716.1,1.9,-0.3,6.2426764,837,17.2,0.38971929
1682,3715.8,2.1,-0.3,6.2499756,837.5,17.2,0.38935472
1677.9,3715.9,-4.1,0.1,6.2349086,838,17.3,0.38899016
1680.1,3715.6,2.2,-0.3,6.2425796,838.4,17.3,0.38869851
1684.9,3715.2,4.8,-0.4,6.2597405,838.9,17.3,0.38833394
1675.1,3715.5,-9.8,0.3,6.223834,839.4,17.3,0.38796938
1675.9,3715.3,0.8,-0.2,6.2264713,839.8,17.3,0.38767773
1677.1,3715,1.2,-0.3,6.2304265,840.3,17.3,0.38731316
1673,3715,-4.1,0,6.215195,840.8,17.3,0.3869486
1670.1,3715,-2.9,0,6.2044215,841.2,17.3,0.38665694
1690.1,3713.9,20,-1.1,6.2768624,841.7,17.3,0.38629238
1670,3714.7,-20.1,0.8,6.203549,842.2,17.3,0.38592782
1679.1,3714.1,9.1,-0.6,6.2363453,842.6,17.3,0.38563616
1686,3713.6,6.9,-0.5,6.2611296,843.1,17.3,0.3852716
1670,3714.2,-16,0.6,6.202714,843.6,17.3,0.38490704
1680,3713.5,10,-0.7,6.23868,844,17.3,0.38461538
1684,3713.1,4,-0.4,6.2528604,844.5,17.3,0.38425082
1673,3713.5,-11,0.4,6.2126855,845,17.3,0.38388626
1695.9,3712.2,22.9,-1.3,6.29552,845.4,17.3,0.3835946
1684.1,3712.6,-11.8,0.4,6.2523897,845.9,17.3,0.38323004
1676,3712.8,-8.1,0.2,6.2226528,846.4,17.3,0.38286548
1694,3711.7,18,-1.1,6.2876198,846.8,17.3,0.38257382
1688.1,3711.8,-5.9,0.1,6.2658896,847.3,17.3,0.38220926
1683.9,3711.9,-4.2,0.1,6.2504684,847.8,17.3,0.3818447
1685.1,3711.6,1.2,-0.3,6.2544172,848.2,17.3,0.38155304
1690,3711.2,4.9,-0.4,6.271928,848.7,17.3,0.38118848
1675,3711.8,-15,0.6,6.217265,849.2,17.3,0.38082392
1669,3711.9,-6,0.1,6.1951611,849.6,17.3,0.38053226
1679.9,3711.3,10.9,-0.6,6.2346129,850.1,17.3,0.3801677
1673.1,3711.4,-6.8,0.1,6.2095433,850.6,17.3,0.37980314
1681,3710.9,7.9,-0.5,6.2380229,851,17.3,0.37951148
1679,3710.8,-2,-0.1,6.2304332,851.5,17.3,0.37914692
1683,3710.4,4,-0.4,6.2446032,852,17.3,0.37878236
1672.1,3710.8,-10.9,0.4,6.2048287,852.4,17.3,0.3784907
1673,3710.6,0.9,-0.2,6.2078338,852.9,17.3,0.37812614
1674,3710.4,1,-0.2,6.2112096,853.4,17.3,0.37776157
1683.9,3709.8,9.9,-0.6,6.2469322,853.8,17.3,0.37746992
1678,3709.8,-5.9,0,6.2250444,854.3,17.3,0.37710536
1689,3709.1,11,-0.7,6.2646699,854.8,17.3,0.37674079
1686.9,3709,-2.1,-0.1,6.2567121,855.2,17.3,0.37644914
1668,3709.8,-18.9,0.8,6.1879464,855.7,17.3,0.37608458
1681,3709,13,-0.8,6.234829,856.2,17.3,0.37572001
1670.1,3709.4,-10.9,0.4,6.1950689,856.6,17.3,0.37542836
1691.9,3708.2,21.8,-1.2,6.2739036,857.1,17.3,0.3750638
1689,3708.2,-2.9,0,6.2631498,857.6,17.3,0.37469923
1689.1,3708,0.1,-0.2,6.2631828,858,17.3,0.37440758
1696.1,3707.4,7,-0.6,6.2881211,858.5,17.3,0.37404302
1674,3708.3,-22.1,0.9,6.2076942,859,17.3,0.37367845
1690.9,3707.4,16.9,-0.9,6.2688427,859.5,17.3,0.37331389
1674,3708,-16.9,0.6,6.207192,859.9,17.3,0.37302224
1679,3707.6,5,-0.4,6.2250604,860.4,17.3,0.37265767
1679.1,3707.4,0.1,-0.2,6.2250953,860.8,17.3,0.37236602
1690.1,3706.7,11,-0.7,6.2646937,861.3,17.3,0.37200146
1673.1,3707.4,-17,0.7,6.2028509,861.8,17.3,0.37163689
1687,3706.6,13.9,-0.8,6.2530342,862.3,17.3,0.37127233
1687.1,3706.4,0.1,-0.2,6.2530674,862.7,17.3,0.37098068
1675.1,3706.8,-12,0.4,6.2092607,863.2,17.3,0.37061611
1682.1,3706.3,7,-0.5,6.2343672,863.7,17.3,0.37025155
1676,3706.5,-6.1,0.2,6.212094,864.1,17.3,0.3699599
1658.1,3707.2,-17.9,0.7,6.1469083,864.6,17.3,0.36959533
1677,3706.1,18.9,-1.1,6.2151297,865,17.3,0.36930368
1679,3705.9,2,-0.2,6.2222061,865.5,17.3,0.36893912
1676.9,3705.8,-2.1,-0.1,6.214256,866,17.3,0.36857455
1673,3705.8,-3.9,0,6.1998034,866.4,17.3,0.3682829
1677,3705.5,4,-0.3,6.2141235,866.9,17.3,0.36791834
1679.1,3705.2,2.1,-0.3,6.2214013,867.4,17.3,0.36755377
1682,3704.9,2.9,-0.3,6.2316418,867.8,17.3,0.36726212
1674.9,3705.1,-7.1,0.2,6.205672,868.3,17.3,0.36689756
1684,3704.5,9.1,-0.6,6.238378,868.8,17.3,0.36653299
1691.1,3704,7.1,-0.5,6.2638344,869.2,17.3,0.36624134
1687.1,3704,-4,0,6.2490184,869.7,17.3,0.36587678
1683,3704,-4.1,0,6.233832,870.2,17.3,0.36551221
1688,3703.6,5,-0.4,6.2516768,870.6,17.3,0.36522056
1666,3704.5,-22,0.9,6.171697,871.1,17.3,0.364856
1680,3703.7,14,-0.8,6.222216,871.6,17.3,0.36449143
1682.1,3703.5,2.1,-0.2,6.2296574,872,17.3,0.36419978
1681,3703.3,-1.1,-0.2,6.2252473,872.5,17.3,0.36383522
1680,3703.2,-1,-0.1,6.221376,873,17.3,0.36347065
1677,3703.2,-3,0,6.2102664,873.4,17.3,0.363179
839.2,3744.2,-837.8,41,3.1421326,873.7,17.4,0.36296026
0,3786.7,-839.2,42.5,0,873.7,17.4,0.36296026
0,3789.6,0,2.9,0,873.7,17.4,0.36296026
0,3791.9,0,2.3,0,873.7,17.4,0.36296026
0,3793.9,0,2,0,873.7,17.4,0.36296026
0,3795.8,0,1.9,0,873.7,17.4,0.36296026
0,3797.4,0,1.6,0,873.7,17.4,0.36296026
0,3799,0,1.6,0,873.7,17.4,0.36296026
0,3800.5,0,1.5,0,873.7,17.4,0.36296026
0,3801.9,0,1.4,0,873.7,17.4,0.36296026
0,3803.3,0,1.4,0,873.7,17.4,0.36296026
0,3804.6,0,1.3,0,873.7,17.4,0.36296026
0,3805.8,0,1.2,0,873.7,17.4,0.36296026
0,3807,0,1.2,0,873.7,17.4,0.36296026
0,3808.2,0,1.2,0,873.7,17.4,0.36296026
0,3809.2,0,1,0,873.7,17.4,0.36296026
0,3810.3,0,1.1,0,873.7,17.4,0.36296026
0,3811.3,0,1,0,873.7,17.4,0.36296026
0,3812.3,0,1,0,873.7,17.4,0.36296026
0,3813.3,0,1,0,873.7,17.4,0.36296026
0,3814.3,0,1,0,873.7,17.4,0.36296026
0,3815.1,0,0.8,0,873.7,17.4,0.36296026
0,3816.1,0,1,0,873.7,17.4,0.36296026
0,3816.9,0,0.8,0,873.7,17.4,0.36296026
0,3817.7,0,0.8,0,873.7,17.4,0.36296026
0,3818.6,0,0.9,0,873.7,17.4,0.36296026
0,3819.4,0,0.8,0,873.7,17.4,0.36296026
0,3820.2,0,0.8,0,873.7,17.4,0.36296026
0,3820.9,0,0.7,0,873.7,17.4,0.36296026
0,3821.6,0,0.7,0,873.7,17.4,0.36296026
0,3822.4,0,0.8,0,873.7,17.4,0.36296026
0,3823.1,0,0.7,0,873.7,17.4,0.36296026
0,3823.7,0,0.6,0,873.7,17.4,0.36296026
0,3824.4,0,0.7,0,873.7,17.4,0.36296026
0,3825.1,0,0.7,0,873.7,17.4,0.36296026
0,3825.7,0,0.6,0,873.7,17.3,0.36296026
0,3826.3,0,0.6,0,873.7,17.3,0.36296026
0,3827,0,0.7,0,873.7,17.3,0.36296026
0,3827.6,0,0.6,0,873.7,17.3,0.36296026
0,3828.2,0,0.6,0,873.7,17.3,0.36296026
0,3828.7,0,0.5,0,873.7,17.3,0.36296026
0,3829.3,0,0.6,0,873.7,17.3,0.36296026
0,3829.8,0,0.5,0,873.7,17.3,0.36296026
0,3830.4,0,0.6,0,873.7,17.3,0.36296026
0,3830.9,0,0.5,0,873.7,17.3,0.36296026
0,3831.4,0,0.5,0,873.7,17.3,0.36296026
0,3831.9,0,0.5,0,873.7,17.3,0.36296026
0,3832.4,0,0.5,0,873.7,17.3,0.36296026
0,3832.9,0,0.5,0,873.7,17.3,0.36296026
0,3833.4,0,0.5,0,873.7,17.3,0.36296026
0,3833.8,0,0.4,0,873.7,17.3,0.36296026
0,3834.3,0,0.5,0,873.7,17.3,0.36296026
0,3834.8,0,0.5,0,873.7,17.3,0.36296026
0,3835.2,0,0.4,0,873.7,17.3,0.36296026
0,3835.6,0,0.4,0,873.7,17.3,0.36296026
0,3836.1,0,0.5,0,873.7,17.3,0.36296026
0,3836.5,0,0.4,0,873.7,17.3,0.36296026
0,3836.9,0,0.4,0,873.7,17.3,0.36296026
0,3837.3,0,0.4,0,873.7,17.3,0.36296026
0,3837.7,0,0.4,0,873.7,17.3,0.36296026
0,3838.1,0,0.4,0,873.7,17.3,0.36296026
0,3838.4,0,0.3,0,873.7,17.3,0.36296026
0,3838.8,0,0.4,0,873.7,17.3,0.36296026
0,3839.2,0,0.4,0,873.7,17.3,0.36296026
0,3839.5,0,0.3,0,873.7,17.3,0.36296026
0,3839.9,0,0.4,0,873.7,17.3,0.36296026
0,3840.2,0,0.3,0,873.7,17.3,0.36296026
0,3840.6,0,0.4,0,873.7,17.3,0.36296026
0,3840.9,0,0.3,0,873.7,17.3,0.36296026
0,3841.2,0,0.3,0,873.7,17.3,0.36296026
0,3841.6,0,0.4,0,873.7,17.3,0.36296026
0,3841.9,0,0.3,0,873.7,17.3,0.36296026
0,3842.2,0,0.3,0,873.7,17.3,0.36296026
0,3842.5,0,0.3,0,873.7,17.3,0.36296026
0,3842.8,0,0.3,0,873.7,17.3,0.36296026
0,3843.1,0,0.3,0,873.7,17.3,0.36296026
0,3843.4,0,0.3,0,873.7,17.3,0.36296026
0,3843.7,0,0.3,0,873.7,17.3,0.36296026
0,3844,0,0.3,0,873.7,17.3,0.36296026
0,3844.3,0,0.3,0,873.7,17.3,0.36296026
0,3844.6,0,0.3,0,873.7,17.3,0.36296026
0,3844.8,0,0.2,0,873.7,17.3,0.36296026
0,3845.1,0,0.3,0,873.7,17.3,0.36296026
0,3845.4,0,0.3,0,873.7,17.3,0.36296026
0,3845.6,0,0.2,0,873.7,17.3,0.36296026
0,3845.9,0,0.3,0,873.7,17.3,0.36296026
0,3846.2,0,0.3,0,873.7,17.3,0.36296026
0,3846.4,0,0.2,0,873.7,17.3,0.36296026
0,3846.6,0,0.2,0,873.7,17.3,0.36296026
0,3846.9,0,0.3,0,873.7,17.3,0.36296026
0,3847.1,0,0.2,0,873.7,17.3,0.36296026
0,3847.4,0,0.3,0,873.7,17.3,0.36296026
0,3847.6,0,0.2,0,873.7,17.3,0.36296026
0,3847.9,0,0.3,0,873.7,17.3,0.36296026
0,3848.1,0,0.2,0,873.7,17.3,0.36296026
0,3848.3,0,0.2,0,873.7,17.3,0.36296026
0,3848.5,0,0.2,0,873.7,17.3,0.36296026
0,3848.7,0,0.2,0,873.7,17.3,0.36296026
0,3848.9,0,0.2,0,873.7,17.3,0.36296026
0,3849.1,0,0.2,0,873.7,17.3,0.36296026
0,3849.4,0,0.3,0,873.7,17.3,0.36296026
0,3849.6,0,0.2,0,873.7,17.3,0.36296026
0,3849.8,0,0.2,0,873.7,17.2,0.36296026
0,3849.9,0,0.1,0,873.7,17.2,0.36296026
0,3850.1,0,0.2,0,873.7,17.2,0.36296026
0,3850.3,0,0.2,0,873.7,17.2,0.36296026
0,3850.5,0,0.2,0,873.7,17.2,0.36296026
0,3850.7,0,0.2,0,873.7,17.2,0.36296026
0,3850.9,0,0.2,0,873.7,17.2,0.36296026
0,3851.1,0,0.2,0,873.7,17.2,0.36296026
0,3851.3,0,0.2,0,873.7,17.2,0.36296026
0,3851.5,0,0.2,0,873.7,17.2,0.36296026
0,3851.7,0,0.2,0,873.7,17.2,0.36296026
0,3851.9,0,0.2,0,873.7,17.2,0.36296026
0,3852,0,0.1,0,873.7,17.2,0.36296026
0,3852.2,0,0.2,0,873.7,17.2,0.36296026
0,3852.4,0,0.2,0,873.7,17.2,0.36296026
0,3852.5,0,0.1,0,873.7,17.2,0.36296026
0,3852.7,0,0.2,0,873.7,17.2,0.36296026
0,3852.9,0,0.2,0,873.7,17.2,0.36296026
0,3853,0,0.1,0,873.7,17.2,0.36296026
0,3853.2,0,0.2,0,873.7,17.2,0.36296026
0,3853.3,0,0.1,0,873.7,17.2,0.36296026
0,3853.5,0,0.2,0,873.7,17.2,0.36296026
0,3853.7,0,0.2,0,873.7,17.2,0.36296026
0,3853.8,0,0.1,0,873.7,17.2,0.36296026
0,3854,0,0.2,0,873.7,17.2,0.36296026
0,3854.1,0,0.1,0,873.7,17.2,0.36296026
0,3854.3,0,0.2,0,873.7,17.2,0.36296026
0,3854.4,0,0.1,0,873.7,17.2,0.36296026
0,3854.6,0,0.2,0,873.7,17.2,0.36296026
0,3854.7,0,0.1,0,873.7,17.2,0.36296026
0,3854.8,0,0.1,0,873.7,17.2,0.36296026
0,3855,0,0.2,0,873.7,17.2,0.36296026
0,3855.1,0,0.1,0,873.7,17.2,0.36296026
0,3855.2,0,0.1,0,873.7,17.2,0.36296026
0,3855.4,0,0.2,0,873.7,17.2,0.36296026
0,3855.5,0,0.1,0,873.7,17.2,0.36296026
0,3855.7,0,0.2,0,873.7,17.2,0.36296026
0,3855.8,0,0.1,0,873.7,17.2,0.36296026
0,3855.9,0,0.1,0,873.7,17.2,0.36296026
0,3856.1,0,0.2,0,873.7,17.2,0.36296026
0,3856.2,0,0.1,0,873.7,17.2,0.36296026
0,3856.3,0,0.1,0,873.7,17.2,0.36296026
0,3856.4,0,0.1,0,873.7,17.2,0.36296026
0,3856.5,0,0.1,0,873.7,17.2,0.36296026
0,3856.7,0,0.2,0,873.7,17.2,0.36296026
0,3856.8,0,0.1,0,873.7,17.2,0.36296026
0,3856.9,0,0.1,0,873.7,17.2,0.36296026
0,3857,0,0.1,0,873.7,17.2,0.36296026
0,3857.1,0,0.1,0,873.7,17.2,0.36296026
0,3857.2,0,0.1,0,873.7,17.2,0.36296026
0,3857.4,0,0.2,0,873.7,17.2,0.36296026
0,3857.5,0,0.1,0,873.7,17.2,0.36296026
0,3857.6,0,0.1,0,873.7,17.2,0.36296026
0,3857.7,0,0.1,0,873.7,17.2,0.36296026
0,3857.8,0,0.1,0,873.7,17.2,0.36296026
0,3857.9,0,0.1,0,873.7,17.2,0.36296026
0,3858.1,0,0.2,0,873.7,17.2,0.36296026
0,3858.1,0,0,0,873.7,17.2,0.36296026
0,3858.3,0,0.2,0,873.7,17.2,0.36296026
0,3858.4,0,0.1,0,873.7,17.2,0.36296026
0,3858.4,0,0,0,873.7,17.2,0.36296026
0,3858.6,0,0.2,0,873.7,17.2,0.36296026
0,3858.7,0,0.1,0,873.7,17.2,0.36296026
0,3858.8,0,0.1,0,873.7,17.2,0.36296026
0,3858.9,0,0.1,0,873.7,17.2,0.36296026
0,3859,0,0.1,0,873.7,17.2,0.36296026
0,3859.1,0,0.1,0,873.7,17.2,0.36296026
0,3859.2,0,0.1,0,873.7,17.2,0.36296026
0,3859.3,0,0.1,0,873.7,17.2,0.36296026
0,3859.4,0,0.1,0,873.7,17.2,0.36296026
0,3859.5,0,0.1,0,873.7,17.2,0.36296026
0,3859.5,0,0,0,873.7,17.2,0.36296026
0,3859.7,0,0.2,0,873.7,17.2,0.36296026
0,3859.8,0,0.1,0,873.7,17.2,0.36296026
0,3859.9,0,0.1,0,873.7,17.2,0.36296026
0,3859.9,0,0,0,873.7,17.1,0.36296026
0,3860,0,0.1,0,873.7,17.1,0.36296026
0,3860.1,0,0.1,0,873.7,17.1,0.36296026
0,3860.2,0,0.1,0,873.7,17.1,0.36296026
0,3860.3,0,0.1,0,873.7,17.1,0.36296026
0,3860.4,0,0.1,0,873.7,17.1,0.36296026
0,3860.5,0,0.1,0,873.7,17.1,0.36296026
0,3860.5,0,0,0,873.7,17.1,0.36296026
0,3860.6,0,0.1,0,873.7,17.1,0.36296026
0,3860.7,0,0.1,0,873.7,17.1,0.36296026
0,3860.8,0,0.1,0,873.7,17.1,0.36296026
0,3860.9,0,0.1,0,873.7,17.1,0.36296026
0,3861,0,0.1,0,873.7,17.1,0.36296026
0,3861.1,0,0.1,0,873.7,17.1,0.36296026
0,3861.2,0,0.1,0,873.7,17.1,0.36296026
0,3861.2,0,0,0,873.7,17.1,0.36296026
0,3861.3,0,0.1,0,873.7,17.1,0.36296026
0,3861.4,0,0.1,0,873.7,17.1,0.36296026
0,3861.5,0,0.1,0,873.7,17.1,0.36296026
0,3861.6,0,0.1,0,873.7,17.1,0.36296026
0,3861.6,0,0,0,873.7,17.1,0.36296026
0,3861.7,0,0.1,0,873.7,17.1,0.36296026
0,3861.8,0,0.1,0,873.7,17.1,0.36296026
0,3861.8,0,0,0,873.7,17.1,0.36296026
0,3861.9,0,0.1,0,873.7,17.1,0.36296026
0,3862,0,0.1,0,873.7,17.1,0.36296026
0,3862.1,0,0.1,0,873.7,17.1,0.36296026
0,3862.2,0,0.1,0,873.7,17.1,0.36296026
0,3862.2,0,0,0,873.7,17.1,0.36296026
0,3862.3,0,0.1,0,873.7,17.1,0.36296026
0,3862.4,0,0.1,0,873.7,17.1,0.36296026
0,3862.5,0,0.1,0,873.7,17.1,0.36296026
0,3862.5,0,0,0,873.7,17.1,0.36296026
0,3862.6,0,0.1,0,873.7,17.1,0.36296026
0,3862.7,0,0.1,0,873.7,17.1,0.36296026
0,3862.7,0,0,0,873.7,17.1,0.36296026
0,3862.8,0,0.1,0,873.7,17.1,0.36296026
0,3862.9,0,0.1,0,873.7,17.1,0.36296026
0,3862.9,0,0,0,873.7,17.1,0.36296026
0,3863,0,0.1,0,873.7,17.1,0.36296026
0,3863.1,0,0.1,0,873.7,17.1,0.36296026
0,3863.2,0,0.1,0,873.7,17.1,0.36296026
0,3863.2,0,0,0,873.7,17.1,0.36296026
0,3863.3,0,0.1,0,873.7,17.1,0.36296026
0,3863.3,0,0,0,873.7,17.1,0.36296026
0,3863.4,0,0.1,0,873.7,17.1,0.36296026
0,3863.5,0,0.1,0,873.7,17.1,0.36296026
0,3863.6,0,0.1,0,873.7,17.1,0.36296026
0,3863.6,0,0,0,873.7,17.1,0.36296026
0,3863.7,0,0.1,0,873.7,17.1,0.36296026
0,3863.8,0,0.1,0,873.7,17.1,0.36296026
0,3863.8,0,0,0,873.7,17.1,0.36296026
0,3863.9,0,0.1,0,873.7,17.1,0.36296026
0,3863.9,0,0,0,873.7,17.1,0.36296026
0,3864,0,0.1,0,873.7,17.1,0.36296026
0,3864,0,0,0,873.7,17.1,0.36296026
0,3864.1,0,0.1,0,873.7,17.1,0.36296026
0,3864.2,0,0.1,0,873.7,17.1,0.36296026
0,3864.2,0,0,0,873.7,17.1,0.36296026
0,3864.3,0,0.1,0,873.7,17.1,0.36296026
0,3864.4,0,0.1,0,873.7,17.1,0.36296026
0,3864.4,0,0,0,873.7,17.1,0.36296026
0,3864.5,0,0.1,0,873.7,17.1,0.36296026
0,3864.5,0,0,0,873.7,17.1,0.36296026
0,3864.6,0,0.1,0,873.7,17.1,0.36296026
0,3864.7,0,0.1,0,873.7,17.1,0.36296026
0,3864.7,0,0,0,873.7,17.1,0.36296026
0,3864.8,0,0.1,0,873.7,17.1,0.36296026
0,3864.8,0,0,0,873.7,17.1,0.36296026
0,3864.9,0,0.1,0,873.7,17.1,0.36296026
0,3865,0,0.1,0,873.7,17.1,0.36296026
0,3865,0,0,0,873.7,17.1,0.36296026
0,3865,0,0,0,873.7,17.1,0.36296026
0,3865.1,0,0.1,0,873.7,17.1,0.36296026
0,3865.2,0,0.1,0,873.7,17.1,0.36296026
0,3865.2,0,0,0,873.7,17.1,0.36296026
0,3865.3,0,0.1,0,873.7,17.1,0.36296026
0,3865.3,0,0,0,873.7,17.1,0.36296026
0,3865.4,0,0.1,0,873.7,17.1,0.36296026
0,3865.5,0,0.1,0,873.7,17.1,0.36296026
0,3865.5,0,0,0,873.7,17.1,0.36296026
0,3865.6,0,0.1,0,873.7,17.1,0.36296026
0,3865.6,0,0,0,873.7,17.1,0.36296026
0,3865.7,0,0.1,0,873.7,17.1,0.36296026
0,3865.7,0,0,0,873.7,17.1,0.36296026
0,3865.8,0,0.1,0,873.7,17.1,0.36296026
0,3865.8,0,0,0,873.7,17.1,0.36296026
0,3865.9,0,0.1,0,873.7,17.1,0.36296026
0,3865.9,0,0,0,873.7,17.1,0.36296026
0,3866,0,0.1,0,873.7,17.1,0.36296026
0,3866,0,0,0,873.7,17.1,0.36296026
0,3866.1,0,0.1,0,873.7,17.1,0.36296026
0,3866.1,0,0,0,873.7,17.1,0.36296026
0,3866.2,0,0.1,0,873.7,17.1,0.36296026
0,3866.2,0,0,0,873.7,17,0.36296026
0,3866.3,0,0.1,0,873.7,17,0.36296026
0,3866.3,0,0,0,873.7,17,0.36296026
0,3866.4,0,0.1,0,873.7,17,0.36296026
0,3866.4,0,0,0,873.7,17,0.36296026
0,3866.5,0,0.1,0,873.7,17,0.36296026
0,3866.5,0,0,0,873.7,17,0.36296026
0,3866.6,0,0.1,0,873.7,17,0.36296026
0,3866.7,0,0.1,0,873.7,17,0.36296026
0,3866.7,0,0,0,873.7,17,0.36296026
0,3866.7,0,0,0,873.7,17,0.36296026
0,3866.8,0,0.1,0,873.7,17,0.36296026
0,3866.8,0,0,0,873.7,17,0.36296026
0,3866.8,0,0,0,873.7,17,0.36296026
0,3866.9,0,0.1,0,873.7,17,0.36296026
0,3866.9,0,0,0,873.7,17,0.36296026
0,3867,0,0.1,0,873.7,17,0.36296026
0,3867,0,0,0,873.7,17,0.36296026
0,3867.1,0,0.1,0,873.7,17,0.36296026
0,3867.2,0,0.1,0,873.7,17,0.36296026
0,3867.2,0,0,0,873.7,17,0.36296026
0,3867.2,0,0,0,873.7,17,0.36296026
0,3867.3,0,0.1,0,873.7,17,0.36296026
0,3867.3,0,0,0,873.7,17,0.36296026
0,3867.4,0,0.1,0,873.7,17,0.36296026
0,3867.4,0,0,0,873.7,17,0.36296026
0,3867.4,0,0,0,873.7,17,0.36296026
0,3867.5,0,0.1,0,873.7,17,0.36296026
0,3867.5,0,0,0,873.7,17,0.36296026
0,3867.6,0,0.1,0,873.7,17,0.36296026
0,3867.6,0,0,0,873.7,17,0.36296026
0,3867.7,0,0.1,0,873.7,17,0.36296026
0,3867.7,0,0,0,873.7,17,0.36296026
0,3867.7,0,0,0,873.7,17,0.36296026
921.9,3822.7,921.9,-45,3.5241471,873.9,17,0.36281444
1847.9,3775.9,926,-46.8,6.9774856,874.4,17,0.36244987
1841.9,3773.1,-6,-2.8,6.9496729,875,17,0.3620124
1853.9,3770,12,-3.1,6.989203,875.5,17,0.36164783
1843,3768.2,-10.9,-1.8,6.9447926,876,17,0.36128327
1855,3765.7,12,-2.5,6.9853735,876.5,17,0.3609187
1856,3763.7,1,-2,6.9854272,877,17,0.36055414
1848,3762.3,-8,-1.4,6.9527304,877.5,17,0.36018957
1831,3761.4,-17,-0.9,6.8871234,878,17,0.35982501
1835.1,3759.6,4.1,-1.8,6.899242,878.5,17,0.35946044
1844,3757.6,8.9,-2,6.9290144,879.1,17,0.35902297
1842.1,3756.2,-1.9,-1.4,6.919296,879.6,17,0.3586584
1839.1,3754.9,-3,-1.3,6.9056366,880.1,17,0.35829384
1834.1,3753.7,-5,-1.2,6.8846612,880.6,17,0.35792927
1842.1,3752,8,-1.7,6.9115592,881.1,17,0.35756471
1840,3750.7,-2.1,-1.3,6.901288,881.6,17,0.35720015
1838.1,3749.5,-1.9,-1.2,6.8919559,882.1,17,0.35683558
1844,3748,5.9,-1.5,6.911312,882.6,17,0.35647102
1847,3746.6,3,-1.4,6.9199702,883.2,17,0.35603354
1843,3745.6,-4,-1,6.9031408,883.7,17,0.35566898
1848.1,3744.1,5.1,-1.5,6.9194712,884.2,17,0.35530441
1851,3742.8,2.9,-1.3,6.9279228,884.7,17,0.35493985
1849.1,3741.8,-1.9,-1,6.9189624,885.2,17,0.35457528
1849.1,3740.7,0,-1.1,6.9169284,885.7,17,0.35421072
1845.1,3739.8,-4,-0.9,6.900305,886.2,17,0.35384615
1847.1,3738.7,2,-1.1,6.9057528,886.7,17,0.35348159
1843.1,3737.8,-4,-0.9,6.8891392,887.3,17,0.35304411
1842.1,3736.9,-1,-0.9,6.8837435,887.8,17,0.35267955
1846.1,3735.7,4,-1.2,6.8964758,888.3,17,0.35231498
1841.1,3734.9,-5,-0.8,6.8763244,888.8,17,0.35195042
1833.1,3734.3,-8,-0.6,6.8453453,889.3,17,0.35158585
1841.1,3733,8,-1.3,6.8728263,889.8,17,0.35122129
1840,3732.1,-1.1,-0.9,6.867064,890.3,17,0.35085673
1833,3731.6,-7,-0.5,6.8400228,890.8,17,0.35049216
1855,3729.6,22,-2,6.918408,891.3,17,0.3501276
1840,3729.5,-15,-0.1,6.86228,891.9,17,0.34969012
1848,3728.2,8,-1.3,6.8897136,892.4,17,0.34932556
1833,3728.1,-15,-0.1,6.8336073,892.9,17,0.34896099
1852,3726.3,19,-1.8,6.9011076,893.4,17,0.34859643
1856,3725.3,4,-1,6.9141568,893.9,17,0.34823186
1848.9,3724.8,-7.1,-0.5,6.8867827,894.4,17,0.3478673
1839,3724.5,-9.9,-0.3,6.8493555,894.9,17,0.34750273
1848,3723.2,9,-1.3,6.8804736,895.4,17,0.34713817
1848,3722.5,0,-0.7,6.87918,896,17,0.34670069
1841,3722,-7,-0.5,6.852202,896.5,17,0.34633613
1839,3721.4,-2,-0.6,6.8436546,897,17,0.34597156
1846.1,3720.3,7.1,-1.1,6.8680458,897.5,17,0.345607
1855.1,3719.1,9,-1.2,6.8993024,898,17,0.34524244
1838.1,3719.2,-17,0.1,6.8362615,898.5,17,0.34487787
1849.9,3718,11.8,-1.2,6.8779282,899,17,0.34451331
1836,3717.9,-13.9,-0.1,6.8260644,899.5,17.1,0.34414874
1832,3717.4,-4,-0.5,6.8102768,900.1,17.1,0.34371127
1845,3716.1,13,-1.3,6.8562045,900.6,17.1,0.3433467
1847,3715.3,2,-0.8,6.8621591,901.1,17.1,0.34298214
1846,3714.7,-1,-0.6,6.8573362,901.6,17.1,0.34261757
1848.9,3713.9,2.9,-0.8,6.8666297,902.1,17.1,0.34225301
1851.9,3713.1,3,-0.8,6.8762899,902.6,17.1,0.34188844
1847,3712.7,-4.9,-0.4,6.8573569,903.1,17.1,0.34152388
1841,3712.4,-6,-0.3,6.8345284,903.6,17.1,0.34115931
1862,3710.7,21,-1.7,6.9093234,904.2,17.1,0.34072184
1848,3710.7,-14,0,6.8573736,904.7,17.1,0.34035727
1845,3710.3,-3,-0.4,6.8455035,905.2,17.1,0.33999271
1839,3710,-6,-0.3,6.82269,905.7,17.1,0.33962814
1848,3709,9,-1,6.854232,906.2,17.1,0.33926358
1858,3707.9,10,-1.1,6.8892782,906.7,17.1,0.33889902
1836,3708.4,-22,0.5,6.8086224,907.2,17.1,0.33853445
1845,3707.4,9,-1,6.840153,907.8,17.1,0.33809697
1846,3706.8,1,-0.6,6.8427528,908.3,17.1,0.33773241
1855,3705.8,9,-1,6.874259,908.8,17.1,0.33736785
1830.9,3706.4,-24.1,0.6,6.7860478,909.3,17.1,0.33700328
1836,3705.6,5.1,-0.8,6.8034816,909.8,17.1,0.33663872
1838.9,3705,2.9,-0.6,6.8131245,910.3,17.1,0.33627415
1827.9,3705,-11,0,6.7723695,910.8,17.1,0.33590959
1844,3703.7,16.1,-1.3,6.8296228,911.3,17.1,0.33554502
1845,3703.1,1,-0.6,6.8322195,911.8,17.1,0.33518046
1851,3702.3,6,-0.8,6.8529573,912.4,17.1,0.33474298
1847,3702,-4,-0.3,6.837594,912.9,17.1,0.33437842
1854,3701.1,7,-0.9,6.8618394,913.4,17.1,0.33401385
1848,3700.9,-6,-0.2,6.8392632,913.9,17.1,0.33364929
1833.1,3701.2,-14.9,0.3,6.7846697,914.4,17.1,0.33328472
1846,3700.1,12.9,-1.1,6.8303846,914.9,17.1,0.33292016
1851,3699.4,5,-0.7,6.8475894,915.4,17.1,0.3325556
1863,3698.3,12,-1.1,6.8899329,916,17.1,0.33211812
1848.1,3698.5,-14.9,0.2,6.8351979,916.5,17.1,0.33175355
1842.1,3698.3,-6,-0.2,6.8126384,917,17.1,0.33138899
1848,3697.6,5.9,-0.7,6.8331648,917.5,17.1,0.33102443
1831.9,3698,-16.1,0.4,6.7743662,918,17.1,0.33065986
1856,3696.4,24.1,-1.6,6.8605184,918.5,17.1,0.3302953
1846,3696.4,-10,0,6.8235544,919,17.1,0.32993073
1844,3696,-2,-0.4,6.815424,919.5,17.1,0.32956617
1846.1,3695.5,2.1,-0.5,6.8222626,920.1,17.1,0.32912869
1848,3695,1.9,-0.5,6.82836,920.6,17.1,0.32876413
1835,3695.2,-13,0.2,6.780692,921.1,17.1,0.32839956
1830.9,3695.1,-4.1,-0.1,6.7653586,921.6,17.1,0.328035
1849.8,3693.7,18.9,-1.4,6.8326063,922.1,17.1,0.32767043
1833,3694.1,-16.8,0.4,6.7712853,922.6,17.1,0.32730587
1839.1,3693.4,6.1,-0.7,6.7925319,923.1,17.1,0.32694131
1835,3693.2,-4.1,-0.2,6.777022,923.6,17.2,0.32657674
1850,3692.1,15,-1.1,6.830385,924.1,17.2,0.32621218
1851.9,3691.6,1.9,-0.5,6.836474,924.7,17.2,0.3257747
1835,3692,-16.9,0.4,6.77482,925.2,17.2,0.32541013
1842.1,3691.3,7.1,-0.7,6.7997437,925.7,17.2,0.32504557
1828,3691.6,-14.1,0.3,6.7482448,926.2,17.2,0.32468101
1841,3690.7,13,-0.9,6.7945787,926.7,17.2,0.32431644
1843,3690.2,2,-0.5,6.8010386,927.2,17.2,0.32395188
1843.9,3689.8,0.9,-0.4,6.8036222,927.7,17.2,0.32358731
1844.1,3689.4,0.2,-0.4,6.8036225,928.2,17.2,0.32322275
1842,3689.2,-2.1,-0.2,6.7955064,928.7,17.2,0.32285818
1848,3688.5,6,-0.7,6.816348,929.3,17.2,0.32242071
1838,3688.6,-10,0.1,6.7796468,929.8,17.2,0.32205614
1850,3687.6,12,-1,6.82206,930.3,17.2,0.32169158
1850,3687.3,0,-0.3,6.821505,930.8,17.2,0.32132701
1851,3686.9,1,-0.4,6.8244519,931.3,17.2,0.32096245
1838.9,3687.1,-12.1,0.2,6.7802082,931.8,17.2,0.32059789
1845,3686.5,6.1,-0.6,6.8015925,932.3,17.2,0.32023332
1844.1,3686.2,-0.9,-0.3,6.7977214,932.8,17.2,0.31986876
1860,3685.1,15.9,-1.1,6.854286,933.4,17.2,0.31943128
1836,3685.9,-24,0.8,6.7673124,933.9,17.2,0.31906672
1850.1,3684.9,14.1,-1,6.8174335,934.4,17.2,0.31870215
1851,3684.5,0.9,-0.4,6.8200095,934.9,17.2,0.31833759
1847,3684.3,-4,-0.2,6.8049021,935.4,17.2,0.31797302
1852.9,3683.7,5.9,-0.6,6.8255277,935.9,17.2,0.31760846
1839.1,3684,-13.8,0.3,6.7752444,936.4,17.2,0.31724389
1845,3683.5,5.9,-0.5,6.7960575,937,17.2,0.31680642
1839,3683.5,-6,0,6.7739565,937.5,17.2,0.31644185
1847.9,3682.7,8.9,-0.8,6.8052613,938,17.2,0.31607729
1844,3682.6,-3.9,-0.1,6.7907144,938.5,17.2,0.31571272
2112.9,3669,268.9,-13.6,7.7522301,939.1,17.2,0.31527525
2367.9,3655.4,255,-13.6,8.6556217,939.7,17.2,0.31483777
2383.1,3653.5,15.2,-1.9,8.7066559,940.4,17.2,0.31432738
2366.1,3653.2,-17,-0.3,8.6438365,941.1,17.2,0.31381699
2368.9,3652.1,2.8,-1.1,8.6514597,941.7,17.2,0.31337951
2378,3650.7,9.1,-1.4,8.6813646,942.4,17.2,0.31286912
2386.1,3649.4,8.1,-1.3,8.7078333,943,17.2,0.31243164
2368,3649.4,-18.1,0,8.6417792,943.7,17.3,0.31192125
2383,3647.8,15,-1.6,8.6927074,944.4,17.3,0.31141086
2381,3647.1,-2,-0.7,8.6837451,945,17.3,0.31097339
2390.2,3645.9,9.2,-1.2,8.7144302,945.7,17.3,0.310463
2384.1,3645.3,-6.1,-0.6,8.6907597,946.3,17.3,0.31002552
2367.2,3645.5,-16.9,0.2,8.6296276,947,17.3,0.30951513
2391,3643.5,23.8,-2,8.7116085,947.7,17.3,0.30900474
2393.1,3642.6,2.1,-0.9,8.7171061,948.3,17.3,0.30856726
2369.1,3643.1,-24,0.5,8.6308682,949,17.3,0.30805687
2381,3641.8,11.9,-1.3,8.6711258,949.6,17.3,0.30761939
2383,3641,2,-0.8,8.676503,950.3,17.3,0.307109
2379,3640.5,-4,-0.5,8.6607495,951,17.3,0.30659861
2367,3640.5,-12,0,8.6170635,951.6,17.3,0.30616114
2374,3639.5,7,-1,8.640173,952.3,17.3,0.30565075
2403,3637.4,29,-2.1,8.7406722,953,17.3,0.30514036
2377,3638,-26,0.6,8.647526,953.6,17.3,0.30470288
2383,3637.1,6,-0.9,8.6672093,954.3,17.3,0.30419249
2369,3637.2,-14,0.1,8.6165268,954.9,17.3,0.30375501
2385,3635.8,16,-1.4,8.671383,955.6,17.3,0.30324462
2379.9,3635.4,-5.1,-0.4,8.6518885,956.3,17.3,0.30273423
2385,3634.5,5.1,-0.9,8.6682825,956.9,17.3,0.30229676
2384.2,3633.9,-0.8,-0.6,8.6639444,957.6,17.3,0.30178637
2378.1,3633.7,-6.1,-0.2,8.641302,958.2,17.3,0.30134889
2396,3632.2,17.9,-1.5,8.7027512,958.9,17.3,0.3008385
2379.1,3632.4,-16.9,0.2,8.6418428,959.6,17.3,0.30032811
2389.1,3631.4,10,-1,8.6757777,960.2,17.3,0.29989063
2379.1,3631.3,-10,-0.1,8.6392258,960.9,17.3,0.29938024
2378.1,3630.8,-1,-0.5,8.6344055,961.6,17.3,0.29886985
2388.1,3629.7,10,-1.1,8.6680866,962.2,17.3,0.29843237
2372.1,3630,-16,0.3,8.610723,962.9,17.4,0.29792198
2379,3629.1,6.9,-0.9,8.6336289,963.5,17.4,0.29748451
2373,3628.9,-6,-0.2,8.6113797,964.2,17.4,0.29697412
2378,3628.1,5,-0.8,8.6276218,964.9,17.4,0.29646373
2377,3627.6,-1,-0.5,8.6228052,965.5,17.4,0.29602625
2370,3627.5,-7,-0.1,8.597175,966.2,17.4,0.29551586
2372,3626.9,2,-0.6,8.6030068,966.8,17.4,0.29507838
2388,3625.6,16,-1.3,8.6579328,967.5,17.4,0.29456799
2398,3624.5,10,-1.1,8.691551,968.2,17.4,0.2940576
2379,3625,-19,0.5,8.623875,968.8,17.4,0.29362012
2385.1,3624.2,6.1,-0.8,8.6440794,969.5,17.4,0.29310973
2374.1,3624.2,-11,0,8.6042132,970.1,17.4,0.29267226
2377.1,3623.6,3,-0.6,8.6136596,970.8,17.4,0.29216187
2384.1,3622.8,7,-0.8,8.6371175,971.5,17.4,0.29165148
2376.1,3622.7,-8,-0.1,8.6078975,972.1,17.4,0.291214
2375,3622.3,-1.1,-0.4,8.6029625,972.8,17.4,0.29070361
2382,3621.4,7,-0.9,8.6261748,973.5,17.4,0.29019322
2383,3620.9,1,-0.5,8.6286047,974.1,17.4,0.28975574
2379,3620.7,-4,-0.2,8.6136453,974.8,17.4,0.28924535
2378,3620.3,-1,-0.4,8.6090734,975.4,17.4,0.28880787
2393,3619.1,15,-1.2,8.6605063,976.1,17.4,0.28829748
2382,3619.1,-11,0,8.6206962,976.8,17.4,0.28778709
2394,3618.1,12,-1,8.6617314,977.4,17.4,0.28734962
2385,3618.1,-9,0,8.6291685,978.1,17.4,0.28683923
2385,3617.6,0,-0.5,8.627976,978.8,17.4,0.28632884
2379,3617.5,-6,-0.1,8.6060325,979.4,17.4,0.28589136
2381,3617,2,-0.5,8.612077,980.1,17.5,0.28538097
2395.1,3615.8,14.1,-1.2,8.6602026,980.7,17.5,0.28494349
2374.1,3616.5,-21,0.7,8.5859326,981.4,17.5,0.2844331
2379.1,3615.7,5,-0.8,8.6021119,982.1,17.5,0.28392271
2387.2,3614.9,8.1,-0.8,8.6294893,982.7,17.5,0.28348524
2374.1,3615.1,-13.1,0.2,8.5826089,983.4,17.5,0.28297485
2377.1,3614.6,3,-0.5,8.5922657,984,17.5,0.28253737
2375,3614.3,-2.1,-0.3,8.5839625,984.7,17.5,0.28202698
2381,3613.6,6,-0.7,8.6039816,985.4,17.5,0.28151659
2374,3613.5,-7,-0.1,8.578449,986,17.5,0.28107911
2374,3613.2,0,-0.3,8.5777368,986.7,17.5,0.28056872
2386,3612.2,12,-1,8.6187092,987.3,17.5,0.28013124
2384,3611.9,-2,-0.3,8.6107696,988,17.5,0.27962085
2385,3611.4,1,-0.5,8.613189,988.7,17.5,0.27911046
2374,3611.5,-11,0.1,8.573701,989.3,17.5,0.27867299
2381,3610.8,7,-0.7,8.5973148,990,17.5,0.2781626
2386,3610.2,5,-0.6,8.6139372,990.7,17.5,0.27765221
2390,3609.5,4,-0.7,8.626705,991.3,17.5,0.27721473
2376,3609.8,-14,0.3,8.5768848,992,17.5,0.27670434
2369.1,3609.8,-6.9,0,8.5519772,992.6,17.6,0.27626686
2376.1,3609.1,7,-0.7,8.5755825,993.3,17.6,0.27575647
2381.1,3608.5,5,-0.6,8.5921993,994,17.6,0.27524608
2391.1,3607.6,10,-0.9,8.6261324,994.6,17.6,0.2748086
2391.1,3607.2,0,-0.4,8.6251759,995.3,17.6,0.27429821
2379,3607.4,-12.1,0.2,8.5820046,995.9,17.6,0.27386074
2389,3606.5,10,-0.9,8.6159285,996.6,17.6,0.27335035
2385,3606.3,-4,-0.2,8.6010255,997.3,17.6,0.27283996
2392,3605.6,7,-0.7,8.6245952,997.9,17.6,0.27240248
2389.1,3605.4,-2.9,-0.2,8.6136611,998.6,17.6,0.27189209
2380.1,3605.4,-9,0,8.5812125,999.3,17.6,0.2713817
2378.1,3605.2,-2,-0.2,8.5735261,999.9,17.6,0.27094422
2384,3604.5,5.9,-0.7,8.593128,1000.6,17.6,0.27043383
2388,3603.9,4,-0.6,8.6061132,1001.2,17.6,0.26999635
2387,3603.6,-1,-0.3,8.6017932,1001.9,17.6,0.26948596
2377.1,3603.7,-9.9,0.1,8.5663553,1002.6,17.6,0.26897557
2371,3603.7,-6.1,0,8.5443727,1003.2,17.6,0.2685381
2381,3602.9,10,-0.8,8.5785049,1003.9,17.6,0.26802771
2381,3602.5,0,-0.4,8.5775525,1004.6,17.6,0.26751732
2374,3602.5,-7,0,8.552335,1005.2,17.6,0.26707984
2384,3601.7,10,-0.8,8.5864528,1005.9,17.6,0.26656945
2377.1,3601.7,-6.9,0,8.5616011,1006.5,17.6,0.26613197
2375.1,3601.4,-2,-0.3,8.5536851,1007.2,17.7,0.26562158
2381.1,3600.8,6,-0.6,8.5738649,1007.9,17.7,0.26511119
2374.1,3600.8,-7,0,8.5486593,1008.5,17.7,0.26467371
2394,3599.4,19.9,-1.4,8.6169636,1009.2,17.7,0.26416332
2378.9,3599.8,-15.1,0.4,8.5635642,1009.8,17.7,0.26372585
2383,3599.2,4.1,-0.6,8.5768936,1010.5,17.7,0.26321546
2390.1,3598.6,7.1,-0.6,8.6010139,1011.2,17.7,0.26270507
2386.2,3598.4,-3.9,-0.2,8.5865021,1011.8,17.7,0.26226759
2389.1,3597.9,2.9,-0.5,8.5957429,1012.5,17.7,0.2617572
2387.1,3597.6,-2,-0.3,8.587831,1013.2,17.7,0.26124681
2384,3597.5,-3.1,-0.1,8.57644,1013.8,17.7,0.26080933
2375.9,3597.5,-8.1,0,8.5473003,1014.5,17.7,0.26029894
2374.2,3597.2,-1.7,-0.3,8.5404722,1015.1,17.7,0.25986147
2365,3597.4,-9.2,0.2,8.507851,1015.8,17.7,0.25935108
2372,3596.7,7,-0.7,8.5313724,1016.5,17.7,0.25884069
2374,3596.3,2,-0.4,8.5376162,1017.1,17.7,0.25840321
2377.1,3595.8,3.1,-0.5,8.5475762,1017.8,17.7,0.25789282
2379.1,3595.4,2,-0.4,8.5538161,1018.4,17.7,0.25745534
2380,3595,0.9,-0.4,8.5561,1019.1,17.7,0.25694495
2387,3594.3,7,-0.7,8.5795941,1019.8,17.7,0.25643456
2386,3594,-1,-0.3,8.575284,1020.4,17.7,0.25599708
2383.2,3593.7,-2.8,-0.3,8.5645058,1021.1,17.7,0.25548669
2382.1,3593.5,-1.1,-0.2,8.5600763,1021.7,17.8,0.25504922
2384.1,3593,2,-0.5,8.5660713,1022.4,17.8,0.25453883
2381,3592.9,-3.1,-0.1,8.5546949,1023.1,17.8,0.25402844
2388,3592.1,7,-0.8,8.5779348,1023.7,17.8,0.25359096
2386,3591.9,-2,-0.2,8.5702734,1024.4,17.8,0.25308057
2378,3591.9,-8,0,8.5415382,1025.1,17.8,0.25257018
2372,3591.9,-6,0,8.5199868,1025.7,17.8,0.2521327
2391,3590.6,19,-1.3,8.5851246,1026.4,17.8,0.25162231
2388.1,3590.4,-2.9,-0.2,8.5742342,1027,17.8,0.25118483
2381.1,3590.5,-7,0.1,8.5493396,1027.7,17.8,0.25067444
1191.2,3649.7,-1189.9,59.2,4.3475226,1028,17.8,0.25045571
0,3711.2,-1191.2,61.5,0,1028,17.8,0.25045571
0,3715.7,0,4.5,0,1028,17.8,0.25045571
0,3719.4,0,3.7,0,1028,17.8,0.25045571
0,3722.6,0,3.2,0,1028,17.8,0.25045571
0,3725.4,0,2.8,0,1028,17.8,0.25045571
0,3728,0,2.6,0,1028,17.8,0.25045571
0,3730.4,0,2.4,0,1028,17.8,0.25045571
0,3732.7,0,2.3,0,1028,17.8,0.25045571
0,3734.9,0,2.2,0,1028,17.8,0.25045571
0,3736.9,0,2,0,1028,17.8,0.25045571
0,3738.8,0,1.9,0,1028,17.8,0.25045571
0,3740.7,0,1.9,0,1028,17.8,0.25045571
0,3742.4,0,1.7,0,1028,17.8,0.25045571
0,3744.1,0,1.7,0,1028,17.8,0.25045571
0,3745.6,0,1.5,0,1028,17.8,0.25045571
0,3747.2,0,1.6,0,1028,17.8,0.25045571
0,3748.7,0,1.5,0,1028,17.8,0.25045571
0,3750.1,0,1.4,0,1028,17.8,0.25045571
0,3751.5,0,1.4,0,1028,17.9,0.25045571
0,3752.8,0,1.3,0,1028,17.9,0.25045571
0,3754.1,0,1.3,0,1028,17.9,0.25045571
0,3755.3,0,1.2,0,1028,17.9,0.25045571
0,3756.6,0,1.3,0,1028,17.9,0.25045571
0,3757.7,0,1.1,0,1028,17.8,0.25045571
0,3758.8,0,1.1,0,1028,17.8,0.25045571
0,3759.9,0,1.1,0,1028,17.8,0.25045571
0,3760.9,0,1,0,1028,17.8,0.25045571
0,3762,0,1.1,0,1028,17.9,0.25045571
0,3763,0,1,0,1028,17.8,0.25045571
0,3764,0,1,0,1028,17.8,0.25045571
0,3764.9,0,0.9,0,1028,17.8,0.25045571
0,3765.8,0,0.9,0,1028,17.8,0.25045571
0,3766.7,0,0.9,0,1028,17.8,0.25045571
0,3767.6,0,0.9,0,1028,17.8,0.25045571
0,3768.4,0,0.8,0,1028,17.8,0.25045571
0,3769.3,0,0.9,0,1028,17.8,0.25045571
0,3770,0,0.7,0,1028,17.8,0.25045571
0,3770.8,0,0.8,0,1028,17.8,0.25045571
0,3771.6,0,0.8,0,1028,17.8,0.25045571
0,3772.3,0,0.7,0,1028,17.8,0.25045571
0,3773.1,0,0.8,0,1028,17.8,0.25045571
0,3773.8,0,0.7,0,1028,17.8,0.25045571
0,3774.5,0,0.7,0,1028,17.8,0.25045571
0,3775.1,0,0.6,0,1028,17.8,0.25045571
0,3775.8,0,0.7,0,1028,17.8,0.25045571
0,3776.5,0,0.7,0,1028,17.8,0.25045571
0,3777.1,0,0.6,0,1028,17.8,0.25045571
0,3777.7,0,0.6,0,1028,17.8,0.25045571
0,3778.3,0,0.6,0,1028,17.8,0.25045571
0,3778.9,0,0.6,0,1028,17.8,0.25045571
0,3779.5,0,0.6,0,1028,17.8,0.25045571
0,3780.1,0,0.6,0,1028,17.8,0.25045571
0,3780.6,0,0.5,0,1028,17.8,0.25045571
0,3781.2,0,0.6,0,1028,17.8,0.25045571
0,3781.7,0,0.5,0,1028,17.8,0.25045571
0,3782.2,0,0.5,0,1028,17.8,0.25045571
0,3782.7,0,0.5,0,1028,17.8,0.25045571
0,3783.2,0,0.5,0,1028,17.8,0.25045571
0,3783.7,0,0.5,0,1028,17.8,0.25045571
0,3784.2,0,0.5,0,1028,17.8,0.25045571
0,3784.7,0,0.5,0,1028,17.8,0.25045571
0,3785.2,0,0.5,0,1028,17.8,0.25045571
0,3785.6,0,0.4,0,1028,17.8,0.25045571
0,3786.1,0,0.5,0,1028,17.8,0.25045571
0,3786.5,0,0.4,0,1028,17.8,0.25045571
0,3787,0,0.5,0,1028,17.8,0.25045571
0,3787.3,0,0.3,0,1028,17.8,0.25045571
0,3787.8,0,0.5,0,1028,17.8,0.25045571
0,3788.2,0,0.4,0,1028,17.8,0.25045571
0,3788.5,0,0.3,0,1028,17.8,0.25045571
0,3789,0,0.5,0,1028,17.8,0.25045571
0,3789.4,0,0.4,0,1028,17.8,0.25045571
0,3789.7,0,0.3,0,1028,17.8,0.25045571
0,3790.1,0,0.4,0,1028,17.8,0.25045571
0,3790.5,0,0.4,0,1028,17.8,0.25045571
0,3790.9,0,0.4,0,1028,17.7,0.25045571
0,3791.2,0,0.3,0,1028,17.7,0.25045571
0,3791.6,0,0.4,0,1028,17.7,0.25045571
0,3791.9,0,0.3,0,1028,17.7,0.25045571
0,3792.2,0,0.3,0,1028,17.7,0.25045571
0,3792.6,0,0.4,0,1028,17.7,0.25045571
0,3793,0,0.4,0,1028,17.7,0.25045571
0,3793.3,0,0.3,0,1028,17.7,0.25045571
0,3793.6,0,0.3,0,1028,17.7,0.25045571
0,3793.9,0,0.3,0,1028,17.7,0.25045571
0,3794.2,0,0.3,0,1028,17.7,0.25045571
0,3794.5,0,0.3,0,1028,17.7,0.25045571
0,3794.9,0,0.4,0,1028,17.7,0.25045571
0,3795.1,0,0.2,0,1028,17.7,0.25045571
0,3795.4,0,0.3,0,1028,17.7,0.25045571
0,3795.7,0,0.3,0,1028,17.7,0.25045571
0,3796.1,0,0.4,0,1028,17.7,0.25045571
0,3796.3,0,0.2,0,1028,17.7,0.25045571
0,3796.6,0,0.3,0,1028,17.7,0.25045571
0,3796.9,0,0.3,0,1028,17.7,0.25045571
0,3797.1,0,0.2,0,1028,17.7,0.25045571
0,3797.4,0,0.3,0,1028,17.7,0.25045571
0,3797.7,0,0.3,0,1028,17.7,0.25045571
0,3798,0,0.3,0,1028,17.7,0.25045571
0,3798.2,0,0.2,0,1028,17.7,0.25045571
0,3798.5,0,0.3,0,1028,17.7,0.25045571
0,3798.7,0,0.2,0,1028,17.7,0.25045571
0,3799,0,0.3,0,1028,17.7,0.25045571
0,3799.2,0,0.2,0,1028,17.7,0.25045571
0,3799.5,0,0.3,0,1028,17.7,0.25045571
0,3799.7,0,0.2,0,1028,17.7,0.25045571
0,3799.9,0,0.2,0,1028,17.7,0.25045571
0,3800.2,0,0.3,0,1028,17.7,0.25045571
0,3800.4,0,0.2,0,1028,17.7,0.25045571
0,3800.7,0,0.3,0,1028,17.7,0.25045571
0,3800.9,0,0.2,0,1028,17.7,0.25045571
0,3801.1,0,0.2,0,1028,17.6,0.25045571
0,3801.4,0,0.3,0,1028,17.6,0.25045571
0,3801.6,0,0.2,0,1028,17.6,0.25045571
0,3801.8,0,0.2,0,1028,17.6,0.25045571
0,3802,0,0.2,0,1028,17.6,0.25045571
0,3802.2,0,0.2,0,1028,17.6,0.25045571
0,3802.4,0,0.2,0,1028,17.6,0.25045571
0,3802.6,0,0.2,0,1028,17.6,0.25045571
0,3802.9,0,0.3,0,1028,17.6,0.25045571
0,3803,0,0.1,0,1028,17.6,0.25045571
0,3803.3,0,0.3,0,1028,17.6,0.25045571
0,3803.5,0,0.2,0,1028,17.6,0.25045571
0,3803.7,0,0.2,0,1028,17.6,0.25045571
0,3803.8,0,0.1,0,1028,17.6,0.25045571
0,3804,0,0.2,0,1028,17.6,0.25045571
0,3804.3,0,0.3,0,1028,17.6,0.25045571
0,3804.4,0,0.1,0,1028,17.6,0.25045571
0,3804.6,0,0.2,0,1028,17.6,0.25045571
0,3804.8,0,0.2,0,1028,17.6,0.25045571
0,3805,0,0.2,0,1028,17.6,0.25045571
0,3805.2,0,0.2,0,1028,17.6,0.25045571
0,3805.4,0,0.2,0,1028,17.6,0.25045571
496.9,3781.9,496.9,-23.5,1.8792261,1028.2,17.6,0.25030988
997.9,3757.3,501,-24.6,3.7494097,1028.4,17.6,0.25016405
991,3756.1,-6.9,-1.2,3.7222951,1028.7,17.6,0.24994532
995,3754.7,4,-1.4,3.7359265,1029,17.6,0.24972658
1004,3753.1,9,-1.6,3.7681124,1029.3,17.6,0.24950784
991,3752.7,-13,-0.4,3.7189257,1029.6,17.6,0.2492891
995,3751.7,4,-1,3.7329415,1029.8,17.6,0.24914327
1000,3750.6,5,-1.1,3.7506,1030.1,17.6,0.24892454
988,3750.3,-12,-0.3,3.7052964,1030.4,17.6,0.2487058
990,3749.5,2,-0.8,3.712005,1030.7,17.6,0.24848706
995,3748.5,5,-1,3.7297575,1030.9,17.6,0.24834123
984.2,3748.3,-10.8,-0.2,3.6890769,1031.2,17.6,0.24812249
994.1,3747.1,9.9,-1.2,3.7249921,1031.5,17.6,0.24790376
988.1,3746.8,-6,-0.3,3.7022131,1031.8,17.6,0.24768502
989,3746.1,0.9,-0.7,3.7048929,1032,17.6,0.24753919
1011,3744.4,22,-1.7,3.7855884,1032.3,17.6,0.24732045
988.2,3744.9,-22.8,0.5,3.7007102,1032.6,17.5,0.24710171
1005.2,3743.5,17,-1.4,3.7629662,1032.9,17.5,0.24688297
993.1,3743.5,-12.1,0,3.7176699,1033.1,17.5,0.24673715
989.1,3743.1,-4,-0.4,3.7023002,1033.4,17.5,0.24651841
991,3742.5,1.9,-0.6,3.7088175,1033.7,17.5,0.24629967
996.1,3741.7,5.1,-0.8,3.7271074,1034,17.5,0.24608093
989.1,3741.5,-7,-0.2,3.7007176,1034.2,17.5,0.24593511
992.1,3740.9,3,-0.6,3.7113469,1034.5,17.5,0.24571637
994.1,3740.3,2,-0.6,3.7182322,1034.8,17.5,0.24549763
983.1,3740.4,-11,0.1,3.6771872,1035.1,17.5,0.24527889
1000,3739.1,16.9,-1.3,3.7391,1035.3,17.5,0.24513307
1004.2,3738.4,4.2,-0.7,3.7541013,1035.6,17.5,0.24491433
989.2,3738.6,-15,0.2,3.6982231,1035.9,17.5,0.24469559
989.1,3738.2,-0.1,-0.4,3.6974536,1036.2,17.5,0.24447685
1010.1,3736.8,21,-1.4,3.7745417,1036.5,17.5,0.24425811
988.2,3737.4,-21.9,0.6,3.6932987,1036.7,17.5,0.24411229
994,3736.7,5.8,-0.7,3.7142798,1037,17.5,0.24389355
997.1,3736.1,3.1,-0.6,3.7252653,1037.3,17.5,0.24367481
998.1,3735.6,1,-0.5,3.7285024,1037.6,17.5,0.24345607
1014.1,3734.5,16,-1.1,3.7871565,1037.8,17.5,0.24331024
989.2,3735.2,-24.9,0.7,3.6948598,1038.1,17.5,0.24309151
991,3734.8,1.8,-0.4,3.7011868,1038.4,17.5,0.24287277
991.1,3734.4,0.1,-0.4,3.7011638,1038.7,17.5,0.24265403
994.2,3733.9,3.1,-0.5,3.7122434,1038.9,17.5,0.2425082
998.1,3733.3,3.9,-0.6,3.7262067,1039.2,17.5,0.24228946
991.1,3733.3,-7,0,3.7000736,1039.5,17.5,0.24207073
1000,3732.5,8.9,-0.8,3.7325,1039.8,17.5,0.24185199
997.1,3732.3,-2.9,-0.2,3.7214763,1040.1,17.5,0.24163325
984.2,3732.5,-12.9,0.2,3.6735265,1040.3,17.5,0.24148742
1002.1,3731.4,17.9,-1.1,3.7392359,1040.6,17.5,0.24126868
992.2,3731.5,-9.9,0.1,3.7023943,1040.9,17.5,0.24104995
1000,3730.8,7.8,-0.7,3.7308,1041.2,17.5,0.24083121
986,3731.1,-14,0.3,3.6788646,1041.4,17.5,0.24068538
991.2,3730.5,5.2,-0.6,3.6976716,1041.7,17.5,0.24046664
999,3729.9,7.8,-0.6,3.7261701,1042,17.5,0.2402479
992,3729.9,-7,0,3.7000608,1042.3,17.5,0.24002917
994.1,3729.5,2.1,-0.4,3.7074959,1042.5,17.5,0.23988334
987.2,3729.5,-6.9,0,3.6817624,1042.8,17.5,0.2396646
984.1,3729.4,-3.1,-0.1,3.6701025,1043.1,17.5,0.23944586
995,3728.6,10.9,-0.8,3.709957,1043.4,17.5,0.23922712
993,3728.3,-2,-0.3,3.7022019,1043.6,17.5,0.2390813
1001,3727.7,8,-0.6,3.7314277,1043.9,17.5,0.23886256
997,3727.6,-4,-0.1,3.7164172,1044.2,17.5,0.23864382
991,3727.6,-6,0,3.6940516,1044.5,17.5,0.23842508
998.2,3727,7.2,-0.6,3.7202914,1044.7,17.5,0.23827926
985,3727.3,-13.2,0.3,3.6713905,1045,17.5,0.23806052
990.1,3726.8,5.1,-0.5,3.6899047,1045.3,17.5,0.23784178
996,3726.3,5.9,-0.5,3.7113948,1045.6,17.5,0.23762304
993.2,3726.1,-2.8,-0.2,3.7007625,1045.8,17.5,0.23747721
995.9,3725.8,2.7,-0.3,3.7105242,1046.1,17.5,0.23725848
982.3,3726.2,-13.6,0.4,3.6602463,1046.4,17.5,0.23703974
981.1,3726,-1.2,-0.2,3.6555786,1046.7,17.5,0.236821
982.1,3725.7,1,-0.3,3.65901,1046.9,17.5,0.23667517
1010.1,3724.1,28,-1.6,3.7617134,1047.2,17.5,0.23645643
992,3724.7,-18.1,0.6,3.6949024,1047.5,17.5,0.2362377
1004.2,3723.9,12.2,-0.8,3.7395404,1047.8,17.5,0.23601896
997.1,3723.9,-7.1,0,3.7131007,1048.1,17.5,0.23580022
987.1,3724.2,-10,0.3,3.6761578,1048.3,17.5,0.23565439
1003.1,3723.2,16,-1,3.7347419,1048.6,17.5,0.23543565
1000,3723,-3.1,-0.2,3.723,1048.9,17.5,0.23521692
992.2,3723.2,-7.8,0.2,3.694159,1049.2,17.5,0.23499818
991.1,3723,-1.1,-0.2,3.6898653,1049.4,17.5,0.23485235
992.2,3722.7,1.1,-0.3,3.6936629,1049.7,17.5,0.23463361
1009.1,3721.7,16.9,-1,3.7555675,1050,17.5,0.23441487
993,3722.2,-16.1,0.5,3.6961446,1050.3,17.5,0.23419614
982.3,3722.6,-10.7,0.4,3.65671,1050.5,17.5,0.23405031
997,3721.6,14.7,-1,3.7104352,1050.8,17.5,0.23383157
984,3722,-13,0.4,3.662448,1051.1,17.5,0.23361283
1004.1,3720.9,20.1,-1.1,3.7361557,1051.4,17.5,0.23339409
1004.1,3720.7,0,-0.2,3.7359549,1051.6,17.5,0.23324827
988.1,3721.2,-16,0.5,3.6769177,1051.9,17.5,0.23302953
994,3720.7,5.9,-0.5,3.6983758,1052.2,17.5,0.23281079
999.1,3720.2,5.1,-0.5,3.7168518,1052.5,17.5,0.23259205
1005.2,3719.7,6.1,-0.5,3.7390424,1052.8,17.5,0.23237331
1009.1,3719.3,3.9,-0.4,3.7531456,1053,17.5,0.23222749
994.1,3719.8,-15,0.5,3.6978532,1053.3,17.5,0.23200875
993,3719.7,-1.1,-0.1,3.6936621,1053.6,17.5,0.23179001
993.1,3719.5,0.1,-0.2,3.6938354,1053.9,17.5,0.23157127
996.1,3719.1,3,-0.4,3.7045955,1054.1,17.5,0.23142545
999.1,3718.8,3,-0.3,3.7154531,1054.4,17.5,0.23120671
1002.2,3718.4,3.1,-0.4,3.7265805,1054.7,17.5,0.23098797
1005,3718.1,2.8,-0.3,3.7366905,1055,17.5,0.23076923
999,3718.2,-6,0.1,3.7144818,1055.2,17.5,0.23062341
1005.1,3717.7,6.1,-0.5,3.7366603,1055.5,17.5,0.23040467
990.1,3718.2,-15,0.5,3.6813898,1055.8,17.5,0.23018593
1001.1,3717.5,11,-0.7,3.7215893,1056.1,17.5,0.22996719
990.1,3717.9,-11,0.4,3.6810928,1056.4,17.5,0.22974845
1004.1,3717,14,-0.9,3.7322397,1056.6,17.5,0.22960262
988.1,3717.6,-16,0.6,3.6733606,1056.9,17.5,0.22938389
990,3717.3,1.9,-0.3,3.680127,1057.2,17.5,0.22916515
994,3717,4,-0.3,3.694698,1057.5,17.5,0.22894641
1001.1,3716.5,7.1,-0.5,3.7205882,1057.7,17.5,0.22880058
990.2,3716.7,-10.9,0.2,3.6802763,1058,17.5,0.22858184
993.1,3716.5,2.9,-0.2,3.6908561,1058.3,17.5,0.22836311
983.1,3716.8,-10,0.3,3.6539861,1058.6,17.5,0.22814437
995,3716.1,11.9,-0.7,3.6975195,1058.8,17.5,0.22799854
999,3715.7,4,-0.4,3.7119843,1059.1,17.5,0.2277798
981.1,3716.4,-17.9,0.7,3.64616,1059.4,17.5,0.22756106
990,3715.8,8.9,-0.6,3.678642,1059.7,17.5,0.22734233
996.1,3715.3,6.1,-0.5,3.7008103,1059.9,17.4,0.2271965
998,3715,1.9,-0.3,3.70757,1060.2,17.4,0.22697776
977,3715.9,-21,0.9,3.6304343,1060.5,17.4,0.22675902
993,3715,16,-0.9,3.688995,1060.8,17.4,0.22654028
998.2,3714.6,5.2,-0.4,3.7079137,1061,17.4,0.22639446
982.1,3715.2,-16.1,0.6,3.6486979,1061.3,17.4,0.22617572
1010,3713.7,27.9,-1.5,3.750837,1061.6,17.4,0.22595698
991.1,3714.4,-18.9,0.7,3.6813418,1061.9,17.4,0.22573824
989.1,3714.4,-2,0,3.673913,1062.1,17.4,0.22559242
994.1,3714,5,-0.4,3.6920874,1062.4,17.4,0.22537368
997,3713.7,2.9,-0.3,3.7025589,1062.7,17.4,0.22515494
988.1,3713.9,-8.9,0.2,3.6697046,1063,17.4,0.2249362
983.1,3714,-5,0.1,3.6512334,1063.2,17.4,0.22479038
999,3713.1,15.9,-0.9,3.7093869,1063.5,17.4,0.22457164
993,3713.3,-6,0.2,3.6873069,1063.8,17.4,0.2243529
996,3712.9,3,-0.4,3.6980484,1064.1,17.4,0.22413416
985.1,3713.3,-10.9,0.4,3.6579718,1064.4,17.4,0.22391542
999,3712.5,13.9,-0.8,3.7087875,1064.6,17.4,0.2237696
979,3713.3,-20,0.8,3.6353207,1064.9,17.4,0.22355086
1003,3712,24,-1.3,3.723136,1065.2,17.4,0.22333212
990.1,3712.5,-12.9,0.5,3.6757462,1065.5,17.4,0.22311338
990.2,3712.3,0.1,-0.2,3.6759195,1065.7,17.4,0.22296755
497.1,3736.2,-493.1,23.9,1.857265,1065.9,17.4,0.22282173
0,3761.3,-497.1,25.1,0,1065.9,17.4,0.22282173
0,3762.9,0,1.6,0,1065.9,17.4,0.22282173
0,3764.2,0,1.3,0,1065.9,17.4,0.22282173
0,3765.3,0,1.1,0,1065.9,17.4,0.22282173
0,3766.4,0,1.1,0,1065.9,17.4,0.22282173
0,3767.3,0,0.9,0,1065.9,17.4,0.22282173
0,3768.3,0,1,0,1065.9,17.4,0.22282173
0,3769.1,0,0.8,0,1065.9,17.4,0.22282173
0,3770,0,0.9,0,1065.9,17.4,0.22282173
0,3770.7,0,0.7,0,1065.9,17.4,0.22282173
0,3771.5,0,0.8,0,1065.9,17.4,0.22282173
0,3772.1,0,0.6,0,1065.9,17.4,0.22282173
0,3772.9,0,0.8,0,1065.9,17.4,0.22282173
0,3773.5,0,0.6,0,1065.9,17.4,0.22282173
0,3774.2,0,0.7,0,1065.9,17.4,0.22282173
0,3774.8,0,0.6,0,1065.9,17.4,0.22282173
0,3775.4,0,0.6,0,1065.9,17.4,0.22282173
0,3776.1,0,0.7,0,1065.9,17.4,0.22282173
0,3776.6,0,0.5,0,1065.9,17.4,0.22282173
0,3777.2,0,0.6,0,1065.9,17.4,0.22282173
0,3777.7,0,0.5,0,1065.9,17.4,0.22282173
0,3778.2,0,0.5,0,1065.9,17.4,0.22282173
0,3778.7,0,0.5,0,1065.9,17.4,0.22282173
0,3779.3,0,0.6,0,1065.9,17.4,0.22282173
0,3779.7,0,0.4,0,1065.9,17.4,0.22282173
0,3780.3,0,0.6,0,1065.9,17.4,0.22282173
0,3780.7,0,0.4,0,1065.9,17.4,0.22282173
0,3781.2,0,0.5,0,1065.9,17.4,0.22282173
0,3781.6,0,0.4,0,1065.9,17.4,0.22282173
0,3782.1,0,0.5,0,1065.9,17.4,0.22282173
0,3782.5,0,0.4,0,1065.9,17.4,0.22282173
0,3782.9,0,0.4,0,1065.9,17.4,0.22282173
0,3783.4,0,0.5,0,1065.9,17.4,0.22282173
0,3783.7,0,0.3,0,1065.9,17.4,0.22282173
0,3784.1,0,0.4,0,1065.9,17.4,0.22282173
0,3784.5,0,0.4,0,1065.9,17.4,0.22282173
0,3784.9,0,0.4,0,1065.9,17.4,0.22282173
0,3785.3,0,0.4,0,1065.9,17.4,0.22282173
0,3785.6,0,0.3,0,1065.9,17.4,0.22282173
0,3786,0,0.4,0,1065.9,17.4,0.22282173
0,3786.3,0,0.3,0,1065.9,17.4,0.22282173
0,3786.7,0,0.4,0,1065.9,17.4,0.22282173
0,3787,0,0.3,0,1065.9,17.4,0.22282173
0,3787.4,0,0.4,0,1065.9,17.4,0.22282173
0,3787.7,0,0.3,0,1065.9,17.4,0.22282173
0,3788,0,0.3,0,1065.9,17.4,0.22282173
0,3788.3,0,0.3,0,1065.9,17.4,0.22282173
0,3788.6,0,0.3,0,1065.9,17.4,0.22282173
0,3788.9,0,0.3,0,1065.9,17.4,0.22282173
0,3789.2,0,0.3,0,1065.9,17.4,0.22282173
0,3789.5,0,0.3,0,1065.9,17.4,0.22282173
0,3789.8,0,0.3,0,1065.9,17.4,0.22282173
0,3790,0,0.2,0,1065.9,17.4,0.22282173
0,3790.4,0,0.4,0,1065.9,17.4,0.22282173
0,3790.6,0,0.2,0,1065.9,17.4,0.22282173
0,3790.9,0,0.3,0,1065.9,17.4,0.22282173
0,3791.1,0,0.2,0,1065.9,17.4,0.22282173
0,3791.4,0,0.3,0,1065.9,17.4,0.22282173
0,3791.6,0,0.2,0,1065.9,17.4,0.22282173
0,3791.9,0,0.3,0,1065.9,17.4,0.22282173
0,3792.1,0,0.2,0,1065.9,17.4,0.22282173
0,3792.4,0,0.3,0,1065.9,17.4,0.22282173
0,3792.6,0,0.2,0,1065.9,17.4,0.22282173
0,3792.9,0,0.3,0,1065.9,17.4,0.22282173
0,3793.1,0,0.2,0,1065.9,17.4,0.22282173
0,3793.3,0,0.2,0,1065.9,17.4,0.22282173
0,3793.5,0,0.2,0,1065.9,17.4,0.22282173
0,3793.7,0,0.2,0,1065.9,17.4,0.22282173
0,3794,0,0.3,0,1065.9,17.4,0.22282173
0,3794.1,0,0.1,0,1065.9,17.4,0.22282173
0,3794.3,0,0.2,0,1065.9,17.4,0.22282173
0,3794.6,0,0.3,0,1065.9,17.4,0.22282173
0,3794.8,0,0.2,0,1065.9,17.4,0.22282173
0,3795,0,0.2,0,1065.9,17.4,0.22282173
0,3795.2,0,0.2,0,1065.9,17.4,0.22282173
0,3795.4,0,0.2,0,1065.9,17.4,0.22282173
0,3795.5,0,0.1,0,1065.9,17.4,0.22282173
0,3795.8,0,0.3,0,1065.9,17.4,0.22282173
0,3795.9,0,0.1,0,1065.9,17.3,0.22282173
0,3796.1,0,0.2,0,1065.9,17.3,0.22282173
0,3796.3,0,0.2,0,1065.9,17.3,0.22282173
0,3796.4,0,0.1,0,1065.9,17.3,0.22282173
0,3796.6,0,0.2,0,1065.9,17.3,0.22282173
0,3796.8,0,0.2,0,1065.9,17.3,0.22282173
0,3797,0,0.2,0,1065.9,17.3,0.22282173
0,3797.2,0,0.2,0,1065.9,17.3,0.22282173
0,3797.3,0,0.1,0,1065.9,17.3,0.22282173
0,3797.5,0,0.2,0,1065.9,17.3,0.22282173
0,3797.6,0,0.1,0,1065.9,17.3,0.22282173
0,3797.8,0,0.2,0,1065.9,17.3,0.22282173
0,3797.9,0,0.1,0,1065.9,17.3,0.22282173
0,3798.1,0,0.2,0,1065.9,17.3,0.22282173
0,3798.3,0,0.2,0,1065.9,17.3,0.22282173
0,3798.4,0,0.1,0,1065.9,17.3,0.22282173
0,3798.6,0,0.2,0,1065.9,17.3,0.22282173
0,3798.7,0,0.1,0,1065.9,17.3,0.22282173
0,3798.8,0,0.1,0,1065.9,17.3,0.22282173
0,3799,0,0.2,0,1065.9,17.3,0.22282173
0,3799.1,0,0.1,0,1065.9,17.3,0.22282173
0,3799.3,0,0.2,0,1065.9,17.3,0.22282173
0,3799.4,0,0.1,0,1065.9,17.3,0.22282173
0,3799.6,0,0.2,0,1065.9,17.3,0.22282173
0,3799.7,0,0.1,0,1065.9,17.3,0.22282173
0,3799.8,0,0.1,0,1065.9,17.3,0.22282173
0,3800,0,0.2,0,1065.9,17.3,0.22282173
0,3800.1,0,0.1,0,1065.9,17.3,0.22282173
0,3800.2,0,0.1,0,1065.9,17.3,0.22282173
0,3800.4,0,0.2,0,1065.9,17.3,0.22282173
0,3800.5,0,0.1,0,1065.9,17.3,0.22282173
0,3800.7,0,0.2,0,1065.9,17.3,0.22282173
0,3800.8,0,0.1,0,1065.9,17.3,0.22282173
0,3800.9,0,0.1,0,1065.9,17.3,0.22282173
0,3801,0,0.1,0,1065.9,17.3,0.22282173
0,3801.1,0,0.1,0,1065.9,17.3,0.22282173
0,3801.2,0,0.1,0,1065.9,17.3,0.22282173
0,3801.4,0,0.2,0,1065.9,17.3,0.22282173
0,3801.5,0,0.1,0,1065.9,17.3,0.22282173
0,3801.6,0,0.1,0,1065.9,17.3,0.22282173
0,3801.7,0,0.1,0,1065.9,17.3,0.22282173
0,3801.8,0,0.1,0,1065.9,17.3,0.22282173
0,3801.9,0,0.1,0,1065.9,17.3,0.22282173
0,3802.1,0,0.2,0,1065.9,17.3,0.22282173
0,3802.2,0,0.1,0,1065.9,17.3,0.22282173
0,3802.3,0,0.1,0,1065.9,17.3,0.22282173
0,3802.4,0,0.1,0,1065.9,17.3,0.22282173
0,3802.5,0,0.1,0,1065.9,17.3,0.22282173
0,3802.6,0,0.1,0,1065.9,17.3,0.22282173
0,3802.7,0,0.1,0,1065.9,17.3,0.22282173
0,3802.8,0,0.1,0,1065.9,17.3,0.22282173
0,3802.9,0,0.1,0,1065.9,17.3,0.22282173
0,3803,0,0.1,0,1065.9,17.3,0.22282173
0,3803.1,0,0.1,0,1065.9,17.3,0.22282173
0,3803.2,0,0.1,0,1065.9,17.3,0.22282173
0,3803.3,0,0.1,0,1065.9,17.3,0.22282173
0,3803.4,0,0.1,0,1065.9,17.3,0.22282173
0,3803.5,0,0.1,0,1065.9,17.3,0.22282173
0,3803.6,0,0.1,0,1065.9,17.3,0.22282173
0,3803.7,0,0.1,0,1065.9,17.3,0.22282173
0,3803.8,0,0.1,0,1065.9,17.3,0.22282173
0,3803.9,0,0.1,0,1065.9,17.3,0.22282173
0,3804,0,0.1,0,1065.9,17.3,0.22282173
0,3804.1,0,0.1,0,1065.9,17.2,0.22282173
0,3804.2,0,0.1,0,1065.9,17.2,0.22282173
0,3804.3,0,0.1,0,1065.9,17.2,0.22282173
0,3804.4,0,0.1,0,1065.9,17.2,0.22282173
0,3804.5,0,0.1,0,1065.9,17.2,0.22282173
0,3804.5,0,0,0,1065.9,17.2,0.22282173
0,3804.6,0,0.1,0,1065.9,17.2,0.22282173
0,3804.7,0,0.1,0,1065.9,17.2,0.22282173
0,3804.8,0,0.1,0,1065.9,17.2,0.22282173
0,3804.9,0,0.1,0,1065.9,17.2,0.22282173
0,3805,0,0.1,0,1065.9,17.2,0.22282173
0,3805.1,0,0.1,0,1065.9,17.2,0.22282173
0,3805.2,0,0.1,0,1065.9,17.2,0.22282173
0,3805.2,0,0,0,1065.9,17.2,0.22282173
0,3805.3,0,0.1,0,1065.9,17.2,0.22282173
0,3805.4,0,0.1,0,1065.9,17.2,0.22282173
0,3805.5,0,0.1,0,1065.9,17.2,0.22282173
0,3805.6,0,0.1,0,1065.9,17.2,0.22282173
0,3805.7,0,0.1,0,1065.9,17.2,0.22282173
0,3805.7,0,0,0,1065.9,17.2,0.22282173
0,3805.8,0,0.1,0,1065.9,17.2,0.22282173
0,3805.9,0,0.1,0,1065.9,17.2,0.22282173
0,3806,0,0.1,0,1065.9,17.2,0.22282173
0,3806,0,0,0,1065.9,17.2,0.22282173
0,3806.1,0,0.1,0,1065.9,17.2,0.22282173
0,3806.2,0,0.1,0,1065.9,17.2,0.22282173
0,3806.3,0,0.1,0,1065.9,17.2,0.22282173
0,3806.4,0,0.1,0,1065.9,17.2,0.22282173
0,3806.4,0,0,0,1065.9,17.2,0.22282173
0,3806.5,0,0.1,0,1065.9,17.2,0.22282173
0,3806.6,0,0.1,0,1065.9,17.2,0.22282173
0,3806.6,0,0,0,1065.9,17.2,0.22282173
0,3806.7,0,0.1,0,1065.9,17.2,0.22282173
0,3806.8,0,0.1,0,1065.9,17.2,0.22282173
0,3806.9,0,0.1,0,1065.9,17.2,0.22282173
0,3806.9,0,0,0,1065.9,17.2,0.22282173
0,3807,0,0.1,0,1065.9,17.2,0.22282173
0,3807.1,0,0.1,0,1065.9,17.2,0.22282173
0,3807.1,0,0,0,1065.9,17.2,0.22282173
0,3807.2,0,0.1,0,1065.9,17.2,0.22282173
0,3807.3,0,0.1,0,1065.9,17.2,0.22282173
1059.9,3755.4,1059.9,-51.9,3.9803485,1066.2,17.2,0.22260299
2117.8,3701.5,1057.9,-53.9,7.8390367,1066.8,17.2,0.22216551
2120.9,3697.6,3.1,-3.9,7.8422398,1067.3,17.2,0.22180095
2119.9,3694.5,-1,-3.1,7.8319705,1067.9,17.2,0.22136347
2118,3691.9,-1.9,-2.6,7.8194442,1068.5,17.2,0.22092599
2119,3689.3,1,-2.6,7.8176267,1069.1,17.2,0.22048852
2107.9,3687.5,-11.1,-1.8,7.7728812,1069.7,17.2,0.22005104
2123.9,3684.5,16,-3,7.8255095,1070.3,17.2,0.21961356
2090.9,3684,-33,-0.5,7.7028756,1070.9,17.2,0.21917608
2108.9,3681.2,18,-2.8,7.7632827,1071.4,17.2,0.21881152
2117,3678.8,8.1,-2.4,7.7880196,1072,17.2,0.21837404
2116,3676.9,-1,-1.9,7.7803204,1072.6,17.2,0.21793657
2100,3675.9,-16,-1,7.71939,1073.2,17.2,0.21749909
2122.9,3673,22.9,-2.9,7.7974117,1073.8,17.2,0.21706161
2115,3671.7,-7.9,-1.3,7.7656455,1074.4,17.2,0.21662413
2110,3670.3,-5,-1.4,7.744333,1075,17.2,0.21618666
2127,3667.8,17,-2.5,7.8014106,1075.6,17.2,0.21574918
2116,3666.8,-11,-1,7.7589488,1076.1,17.2,0.21538462
2109.9,3665.5,-6.1,-1.3,7.7338385,1076.7,17.2,0.21494714
2122.9,3663.3,13,-2.2,7.7768196,1077.3,17.2,0.21450966
2111,3662.5,-11.9,-0.8,7.7315375,1077.9,17.2,0.21407218
2110,3661.1,-1,-1.4,7.724921,1078.5,17.2,0.21363471
2125.9,3658.9,15.9,-2.2,7.7784555,1079.1,17.2,0.21319723
2121,3657.7,-4.9,-1.2,7.7579817,1079.7,17.2,0.21275975
2119,3656.5,-2,-1.2,7.7481235,1080.3,17.2,0.21232227
2118.9,3655.2,-0.1,-1.3,7.7450033,1080.9,17.2,0.2118848
2122.9,3653.7,4,-1.5,7.7564397,1081.4,17.2,0.21152023
2121.1,3652.5,-1.8,-1.2,7.7473178,1082,17.2,0.21108276
2122,3651.2,0.9,-1.3,7.7478464,1082.6,17.2,0.21064528
2116.9,3650.2,-5.1,-1,7.7271084,1083.2,17.2,0.2102078
2129.8,3648.5,12.9,-1.7,7.7705753,1083.8,17.2,0.20977032
2116.9,3647.9,-12.9,-0.6,7.7222395,1084.4,17.2,0.20933285
2125,3646.4,8.1,-1.5,7.7486,1085,17.2,0.20889537
2113,3645.8,-12,-0.6,7.7035754,1085.6,17.2,0.20845789
2112,3644.8,-1,-1,7.6978176,1086.2,17.2,0.20802042
2110,3643.9,-2,-0.9,7.688629,1086.7,17.2,0.20765585
2118.9,3642.3,8.9,-1.6,7.7176695,1087.3,17.2,0.20721837
2107,3641.9,-11.9,-0.4,7.6734833,1087.9,17.2,0.2067809
2133,3639.7,26,-2.2,7.7634801,1088.5,17.2,0.20634342
2109,3639.8,-24,0.1,7.6763382,1089.1,17.2,0.20590594
2112,3638.7,3,-1.1,7.6849344,1089.7,17.2,0.20546847
2113,3637.7,1,-1,7.6864601,1090.3,17.2,0.20503099
2118.9,3636.5,5.9,-1.2,7.7053798,1090.9,17.2,0.20459351
2117,3635.7,-1.9,-0.8,7.6967769,1091.4,17.2,0.20422895
2131,3634,14,-1.7,7.744054,1092,17.2,0.20379147
2123,3633.5,-8,-0.5,7.7139205,1092.6,17.2,0.20335399
2117.9,3632.9,-5.1,-0.6,7.6941189,1093.2,17.2,0.20291651
2109.9,3632.4,-8,-0.5,7.6640008,1093.8,17.2,0.20247904
2115,3631.3,5.1,-1.1,7.6801995,1094.4,17.2,0.20204156
2114.9,3630.5,-0.1,-0.8,7.6781445,1095,17.2,0.20160408
2123.8,3629.2,8.9,-1.3,7.707695,1095.6,17.3,0.20116661
2135.9,3627.8,12.1,-1.4,7.748618,1096.2,17.3,0.20072913
2113,3628.1,-22.9,0.3,7.6661753,1096.7,17.3,0.20036456
2115.9,3627.2,2.9,-0.9,7.6747925,1097.3,17.3,0.19992709
2118,3626.3,2.1,-0.9,7.6805034,1097.9,17.3,0.19948961
2118,3625.5,0,-0.8,7.678809,1098.5,17.3,0.19905213
2110.9,3625.1,-7.1,-0.4,7.6522236,1099.1,17.3,0.19861466
2118,3624,7.1,-1.1,7.675632,1099.7,17.3,0.19817718
2132,3622.6,14,-1.4,7.7233832,1100.3,17.3,0.1977397
2116.9,3622.6,-15.1,0,7.6686819,1100.9,17.3,0.19730222
2125.9,3621.4,9,-1.2,7.6987343,1101.5,17.3,0.19686475
2115,3621.3,-10.9,-0.1,7.6590495,1102,17.3,0.19650018
2122,3620.2,7,-1.1,7.6820644,1102.6,17.3,0.19606271
2119.9,3619.6,-2.1,-0.6,7.67319,1103.2,17.3,0.19562523
2114.9,3619.2,-5,-0.4,7.6542461,1103.8,17.3,0.19518775
2115,3618.5,0.1,-0.7,7.6531275,1104.4,17.3,0.19475027
2118.9,3617.7,3.9,-0.8,7.6655445,1105,17.3,0.1943128
2113.9,3617.3,-5,-0.4,7.6466105,1105.6,17.3,0.19387532
2127,3616,13.1,-1.3,7.691232,1106.2,17.3,0.19343784
2118.9,3615.7,-8.1,-0.3,7.6613067,1106.7,17.3,0.19307328
2102.9,3615.9,-16,0.2,7.6038761,1107.3,17.3,0.1926358
2121.9,3614.3,19,-1.6,7.6691832,1107.9,17.3,0.19219832
2096,3615,-25.9,0.7,7.57704,1108.5,17.3,0.19176085
2122.8,3613.1,26.8,-1.9,7.6698887,1109.1,17.3,0.19132337
2108.9,3613.1,-13.9,0,7.6196666,1109.7,17.3,0.19088589
2112.9,3612.3,4,-0.8,7.6324287,1110.3,17.3,0.19044841
2128.8,3610.9,15.9,-1.4,7.6868839,1110.9,17.3,0.19001094
2116,3611,-12.8,0.1,7.640876,1111.4,17.4,0.18964637
2123,3610,7,-1,7.66403,1112,17.4,0.1892089
2116.9,3609.7,-6.1,-0.3,7.6413739,1112.6,17.4,0.18877142
2123,3608.8,6.1,-0.9,7.6614824,1113.2,17.4,0.18833394
2115.9,3608.6,-7.1,-0.2,7.6354367,1113.8,17.4,0.18789646
2122,3607.8,6.1,-0.8,7.6557516,1114.4,17.4,0.18745899
2122.9,3607.1,0.9,-0.7,7.6575126,1115,17.4,0.18702151
2112.9,3607,-10,-0.1,7.6212303,1115.6,17.4,0.18658403
2116.9,3606.3,4,-0.7,7.6341765,1116.2,17.4,0.18614655
2114.9,3605.9,-2,-0.4,7.6261179,1116.7,17.4,0.18578199
2110.9,3605.5,-4,-0.4,7.61085,1117.3,17.4,0.18534451
2122,3604.4,11.1,-1.1,7.6485368,1117.9,17.4,0.18490704
2122.9,3603.8,0.9,-0.6,7.650507,1118.5,17.4,0.18446956
2119,3603.4,-3.9,-0.4,7.6356046,1119.1,17.4,0.18403208
2124.9,3602.6,5.9,-0.8,7.6551647,1119.7,17.4,0.1835946
2106,3603,-18.9,0.4,7.587918,1120.3,17.4,0.18315713
2119,3601.9,13,-1.1,7.6324261,1120.9,17.4,0.18271965
2116,3601.4,-3,-0.5,7.6205624,1121.4,17.4,0.18235509
2124.9,3600.5,8.9,-0.9,7.6507024,1122,17.4,0.18191761
2113.9,3600.5,-11,0,7.611097,1122.6,17.4,0.18148013
2121,3599.7,7.1,-0.8,7.6349637,1123.2,17.4,0.18104265
2126,3598.9,5,-0.8,7.6512614,1123.8,17.4,0.18060518
2119.9,3598.6,-6.1,-0.3,7.6286721,1124.4,17.4,0.1801677
2120.9,3598.1,1,-0.5,7.6312103,1125,17.4,0.17973022
2112,3598.1,-8.9,0,7.5991872,1125.6,17.4,0.17929275
2127,3596.8,15,-1.3,7.6503936,1126.2,17.4,0.17885527
2114.9,3596.9,-12.1,0.1,7.6070838,1126.7,17.4,0.1784907
2124,3595.9,9.1,-1,7.6376916,1127.3,17.4,0.17805323
2115,3595.9,-9,0,7.6053285,1127.9,17.4,0.17761575
1755,3613.6,-360,17.7,6.341868,1128.4,17.4,0.17725118
1393,3632.1,-362,18.5,5.0595153,1128.8,17.4,0.17695953
1399.1,3632.7,6.1,0.6,5.0825106,1129.2,17.5,0.17666788
1392.1,3633.8,-7,1.1,5.058613,1129.6,17.5,0.17637623
1401.9,3633.9,9.8,0.1,5.0943644,1130,17.5,0.17608458
1381,3635.4,-20.9,1.5,5.0204874,1130.3,17.5,0.17586584
1382.1,3635.8,1.1,0.4,5.0250392,1130.7,17.5,0.17557419
1391.1,3635.7,9,-0.1,5.0576223,1131.1,17.5,0.17528254
1405,3635.3,13.9,-0.4,5.1075965,1131.5,17.5,0.17499089
1393,3636.2,-12,0.9,5.0652266,1131.9,17.5,0.17469923
1380.1,3637.1,-12.9,0.9,5.0195617,1132.3,17.5,0.17440758
1391.1,3636.8,11,-0.3,5.0591525,1132.7,17.5,0.17411593
1386.1,3637.2,-5,0.4,5.0415229,1133.1,17.5,0.17382428
1385,3637.5,-1.1,0.3,5.0379375,1133.4,17.5,0.17360554
1396,3637.2,11,-0.3,5.0775312,1133.8,17.5,0.17331389
1389.1,3637.7,-6.9,0.5,5.0531291,1134.2,17.5,0.17302224
1380.1,3638.3,-9,0.6,5.0212178,1134.6,17.5,0.17273059
1403.1,3637.3,23,-1,5.1034956,1135,17.5,0.17243894
1393,3637.8,-10.1,0.5,5.0674554,1135.4,17.5,0.17214728
1391,3638,-2,0.2,5.060458,1135.8,17.5,0.17185563
1385,3638.5,-6,0.5,5.0393225,1136.1,17.5,0.17163689
1391,3638.2,6,-0.3,5.0607362,1136.5,17.5,0.17134524
1378.1,3639,-12.9,0.8,5.0149059,1136.9,17.5,0.17105359
1402,3637.9,23.9,-1.1,5.1003358,1137.3,17.5,0.17076194
1398,3638.1,-4,0.2,5.0860638,1137.7,17.5,0.17047029
1391,3638.5,-7,0.4,5.0611535,1138.1,17.5,0.17017864
1390,3638.5,-1,0,5.057515,1138.5,17.5,0.16988699
1395,3638.3,5,-0.2,5.0754285,1138.8,17.5,0.16966825
1378,3639.2,-17,0.9,5.0148176,1139.2,17.5,0.16937659
1387,3638.8,9,-0.4,5.0470156,1139.6,17.5,0.16908494
1394,3638.4,7,-0.4,5.0719296,1140,17.5,0.16879329
1391,3638.6,-3,0.2,5.0612926,1140.4,17.5,0.16850164
1405.1,3637.9,14.1,-0.7,5.1116133,1140.8,17.5,0.16820999
1384.9,3638.8,-20.2,0.9,5.0393741,1141.2,17.5,0.16791834
1389.1,3638.6,4.2,-0.2,5.0543793,1141.6,17.5,0.16762669
1395,3638.3,5.9,-0.3,5.0754285,1141.9,17.5,0.16740795
1393.1,3638.4,-1.9,0.1,5.068655,1142.3,17.5,0.1671163
1385.1,3638.7,-8,0.3,5.0399634,1142.7,17.5,0.16682464
1384.9,3638.7,-0.2,0,5.0392356,1143.1,17.5,0.16653299
1392.1,3638.4,7.2,-0.3,5.0650166,1143.5,17.6,0.16624134
1387,3638.6,-5.1,0.2,5.0467382,1143.9,17.6,0.16594969
1381.2,3638.8,-5.8,0.2,5.0259106,1144.3,17.6,0.16565804
1392,3638.2,10.8,-0.6,5.0643744,1144.6,17.6,0.1654393
1398,3637.9,6,-0.3,5.0857842,1145,17.6,0.16514765
1387,3638.3,-11,0.4,5.0463221,1145.4,17.6,0.164856
1388,3638.2,1,-0.1,5.0498216,1145.8,17.6,0.16456435
1383.1,3638.4,-4.9,0.2,5.032271,1146.2,17.6,0.16427269
1394,3637.8,10.9,-0.6,5.0710932,1146.6,17.6,0.16398104
1388.1,3638,-5.9,0.2,5.0499078,1147,17.6,0.16368939
1382,3638.2,-6.1,0.2,5.0279924,1147.3,17.6,0.16347065
1406.2,3636.9,24.2,-1.3,5.1142088,1147.7,17.6,0.163179
1384,3637.9,-22.2,1,5.0348536,1148.1,17.6,0.16288735
1402.1,3636.9,18.1,-1,5.0992975,1148.5,17.6,0.1625957
1394.1,3637.2,-8,0.3,5.0706205,1148.9,17.6,0.16230405
1405,3636.6,10.9,-0.6,5.109423,1149.3,17.6,0.1620124
1395,3636.9,-10,0.3,5.0734755,1149.7,17.6,0.16172074
1398.1,3636.6,3.1,-0.3,5.0843305,1150.1,17.6,0.16142909
1384.9,3637.2,-13.2,0.6,5.0371583,1150.4,17.6,0.16121035
1389,3636.9,4.1,-0.3,5.0516541,1150.8,17.6,0.1609187
1397,3636.3,8,-0.6,5.0799111,1151.2,17.6,0.16062705
1389.9,3636.6,-7.1,0.3,5.0545103,1151.6,17.6,0.1603354
1401.1,3635.9,11.2,-0.7,5.0942595,1152,17.6,0.16004375
1389,3636.4,-12.1,0.5,5.0509596,1152.4,17.6,0.1597521
1398,3635.8,9,-0.6,5.0828484,1152.8,17.6,0.15946044
1395,3635.8,-3,0,5.071941,1153.2,17.6,0.15916879
1391.9,3635.8,-3.1,0,5.06067,1153.5,17.6,0.15895005
1393.1,3635.6,1.2,-0.2,5.0647544,1153.9,17.6,0.1586584
1386,3635.8,-7.1,0.2,5.0392188,1154.3,17.6,0.15836675
1397,3635.2,11,-0.6,5.0783744,1154.7,17.6,0.1580751
1394,3635.2,-3,0,5.0674688,1155.1,17.6,0.15778345
1383,3635.6,-11,0.4,5.0280348,1155.5,17.6,0.1574918
1381,3635.5,-2,-0.1,5.0206255,1155.9,17.6,0.15720015
1399,3634.5,18,-1,5.0846655,1156.2,17.6,0.15698141
1379.1,3635.3,-19.9,0.8,5.0134422,1156.6,17.6,0.15668976
1396.1,3634.4,17,-0.9,5.0739858,1157,17.6,0.1563981
1397,3634.2,0.9,-0.2,5.0769774,1157.4,17.6,0.15610645
1404.1,3633.6,7.1,-0.6,5.1019378,1157.8,17.6,0.1558148
1378,3634.7,-26.1,1.1,5.0086166,1158.2,17.6,0.15552315
1394.9,3633.8,16.9,-0.9,5.0687876,1158.6,17.6,0.1552315
1373.1,3634.7,-21.8,0.9,4.9908066,1158.9,17.6,0.15501276
1387,3633.9,13.9,-0.8,5.0402193,1159.3,17.6,0.15472111
1394.8,3633.3,7.8,-0.6,5.0677268,1159.7,17.6,0.15442946
1399.1,3633,4.3,-0.3,5.0829303,1160.1,17.6,0.15413781
1400,3632.7,0.9,-0.3,5.08578,1160.5,17.6,0.15384615
1394.1,3632.8,-5.9,0.1,5.0644865,1160.9,17.6,0.1535545
1382,3633.3,-12.1,0.5,5.0212206,1161.3,17.6,0.15326285
1392,3632.6,10,-0.7,5.0565792,1161.6,17.6,0.15304411
1392.1,3632.5,0.1,-0.1,5.0568032,1162,17.6,0.15275246
1392,3632.3,-0.1,-0.2,5.0561616,1162.4,17.6,0.15246081
1391.9,3632.1,-0.1,-0.2,5.05552,1162.8,17.6,0.15216916
1375.1,3632.7,-16.8,0.6,4.9953258,1163.2,17.6,0.15187751
1389,3631.9,13.9,-0.8,5.0447091,1163.6,17.6,0.15158585
696.1,3666.1,-692.9,34.2,2.5519722,1163.8,17.6,0.15144003
0,3702,-696.1,35.9,0,1163.8,17.6,0.15144003
0,3704.6,0,2.6,0,1163.8,17.6,0.15144003
0,3706.7,0,2.1,0,1163.8,17.6,0.15144003
0,3708.6,0,1.9,0,1163.8,17.6,0.15144003
0,3710.3,0,1.7,0,1163.8,17.6,0.15144003
0,3711.8,0,1.5,0,1163.8,17.6,0.15144003
0,3713.3,0,1.5,0,1163.8,17.6,0.15144003
0,3714.7,0,1.4,0,1163.8,17.6,0.15144003
0,3716,0,1.3,0,1163.8,17.6,0.15144003
0,3717.2,0,1.2,0,1163.8,17.6,0.15144003
0,3718.4,0,1.2,0,1163.8,17.6,0.15144003
0,3719.5,0,1.1,0,1163.8,17.6,0.15144003
0,3720.6,0,1.1,0,1163.8,17.6,0.15144003
0,3721.7,0,1.1,0,1163.8,17.6,0.15144003
0,3722.7,0,1,0,1163.8,17.6,0.15144003
0,3723.6,0,0.9,0,1163.8,17.6,0.15144003
0,3724.6,0,1,0,1163.8,17.6,0.15144003
0,3725.5,0,0.9,0,1163.8,17.6,0.15144003
0,3726.4,0,0.9,0,1163.8,17.6,0.15144003
0,3727.2,0,0.8,0,1163.8,17.6,0.15144003
0,3728.1,0,0.9,0,1163.8,17.6,0.15144003
0,3728.8,0,0.7,0,1163.8,17.6,0.15144003
0,3729.6,0,0.8,0,1163.8,17.6,0.15144003
0,3730.4,0,0.8,0,1163.8,17.6,0.15144003
0,3731.1,0,0.7,0,1163.8,17.6,0.15144003
0,3731.8,0,0.7,0,1163.8,17.6,0.15144003
0,3732.5,0,0.7,0,1163.8,17.6,0.15144003
0,3733.2,0,0.7,0,1163.8,17.6,0.15144003
0,3733.8,0,0.6,0,1163.8,17.6,0.15144003
0,3734.5,0,0.7,0,1163.8,17.6,0.15144003
0,3735.1,0,0.6,0,1163.8,17.6,0.15144003
0,3735.7,0,0.6,0,1163.8,17.6,0.15144003
0,3736.3,0,0.6,0,1163.8,17.6,0.15144003
0,3736.9,0,0.6,0,1163.8,17.6,0.15144003
0,3737.4,0,0.5,0,1163.8,17.6,0.15144003
0,3738,0,0.6,0,1163.8,17.6,0.15144003
0,3738.5,0,0.5,0,1163.8,17.6,0.15144003
0,3739,0,0.5,0,1163.8,17.6,0.15144003
0,3739.6,0,0.6,0,1163.8,17.6,0.15144003
0,3740.1,0,0.5,0,1163.8,17.6,0.15144003
0,3740.5,0,0.4,0,1163.8,17.6,0.15144003
0,3741,0,0.5,0,1163.8,17.6,0.15144003
0,3741.4,0,0.4,0,1163.8,17.6,0.15144003
0,3741.9,0,0.5,0,1163.8,17.6,0.15144003
0,3742.4,0,0.5,0,1163.8,17.6,0.15144003
0,3742.8,0,0.4,0,1163.8,17.6,0.15144003
0,3743.2,0,0.4,0,1163.8,17.6,0.15144003
0,3743.6,0,0.4,0,1163.8,17.6,0.15144003
0,3744,0,0.4,0,1163.8,17.5,0.15144003
0,3744.4,0,0.4,0,1163.8,17.5,0.15144003
0,3744.9,0,0.5,0,1163.8,17.5,0.15144003
0,3745.2,0,0.3,0,1163.8,17.5,0.15144003
0,3745.6,0,0.4,0,1163.8,17.5,0.15144003
0,3745.9,0,0.3,0,1163.8,17.5,0.15144003
0,3746.3,0,0.4,0,1163.8,17.5,0.15144003
0,3746.6,0,0.3,0,1163.8,17.5,0.15144003
0,3747,0,0.4,0,1163.8,17.5,0.15144003
0,3747.3,0,0.3,0,1163.8,17.5,0.15144003
0,3747.7,0,0.4,0,1163.8,17.5,0.15144003
0,3748,0,0.3,0,1163.8,17.5,0.15144003
0,3748.3,0,0.3,0,1163.8,17.5,0.15144003
0,3748.6,0,0.3,0,1163.8,17.5,0.15144003
0,3748.9,0,0.3,0,1163.8,17.5,0.15144003
0,3749.2,0,0.3,0,1163.8,17.5,0.15144003
0,3749.5,0,0.3,0,1163.8,17.5,0.15144003
0,3749.8,0,0.3,0,1163.8,17.5,0.15144003
0,3750,0,0.2,0,1163.8,17.5,0.15144003
0,3750.3,0,0.3,0,1163.8,17.5,0.15144003
0,3750.6,0,0.3,0,1163.8,17.5,0.15144003
0,3750.9,0,0.3,0,1163.8,17.5,0.15144003
0,3751.1,0,0.2,0,1163.8,17.5,0.15144003
0,3751.3,0,0.2,0,1163.8,17.5,0.15144003
0,3751.6,0,0.3,0,1163.8,17.5,0.15144003
0,3751.8,0,0.2,0,1163.8,17.5,0.15144003
0,3752.1,0,0.3,0,1163.8,17.5,0.15144003
0,3752.3,0,0.2,0,1163.8,17.5,0.15144003
0,3752.6,0,0.3,0,1163.8,17.5,0.15144003
0,3752.8,0,0.2,0,1163.8,17.5,0.15144003
0,3753,0,0.2,0,1163.8,17.5,0.15144003
0,3753.2,0,0.2,0,1163.8,17.5,0.15144003
0,3753.5,0,0.3,0,1163.8,17.5,0.15144003
0,3753.6,0,0.1,0,1163.8,17.5,0.15144003
0,3753.8,0,0.2,0,1163.8,17.5,0.15144003
0,3754,0,0.2,0,1163.8,17.5,0.15144003
0,3754.3,0,0.3,0,1163.8,17.5,0.15144003
0,3754.4,0,0.1,0,1163.8,17.5,0.15144003
0,3754.6,0,0.2,0,1163.8,17.5,0.15144003
0,3754.8,0,0.2,0,1163.8,17.5,0.15144003
0,3755,0,0.2,0,1163.8,17.5,0.15144003
0,3755.2,0,0.2,0,1163.8,17.4,0.15144003
0,3755.4,0,0.2,0,1163.8,17.4,0.15144003
0,3755.6,0,0.2,0,1163.8,17.4,0.15144003
0,3755.7,0,0.1,0,1163.8,17.4,0.15144003
0,3755.9,0,0.2,0,1163.8,17.4,0.15144003
0,3756.1,0,0.2,0,1163.8,17.4,0.15144003
0,3756.3,0,0.2,0,1163.8,17.4,0.15144003
0,3756.4,0,0.1,0,1163.8,17.4,0.15144003
0,3756.6,0,0.2,0,1163.8,17.4,0.15144003
0,3756.7,0,0.1,0,1163.8,17.4,0.15144003
0,3756.9,0,0.2,0,1163.8,17.4,0.15144003
0,3757,0,0.1,0,1163.8,17.4,0.15144003
0,3757.2,0,0.2,0,1163.8,17.4,0.15144003
0,3757.4,0,0.2,0,1163.8,17.4,0.15144003
0,3757.5,0,0.1,0,1163.8,17.4,0.15144003
0,3757.6,0,0.1,0,1163.8,17.4,0.15144003
0,3757.8,0,0.2,0,1163.8,17.4,0.15144003
0,3757.9,0,0.1,0,1163.8,17.4,0.15144003
0,3758,0,0.1,0,1163.8,17.4,0.15144003
0,3758.2,0,0.2,0,1163.8,17.4,0.15144003
0,3758.3,0,0.1,0,1163.8,17.4,0.15144003
0,3758.4,0,0.1,0,1163.8,17.4,0.15144003
0,3758.6,0,0.2,0,1163.8,17.4,0.15144003
0,3758.7,0,0.1,0,1163.8,17.4,0.15144003
0,3758.8,0,0.1,0,1163.8,17.4,0.15144003
0,3759,0,0.2,0,1163.8,17.4,0.15144003
0,3759.1,0,0.1,0,1163.8,17.4,0.15144003
0,3759.2,0,0.1,0,1163.8,17.4,0.15144003
0,3759.3,0,0.1,0,1163.8,17.4,0.15144003
0,3759.5,0,0.2,0,1163.8,17.4,0.15144003
0,3759.6,0,0.1,0,1163.8,17.4,0.15144003
0,3759.7,0,0.1,0,1163.8,17.4,0.15144003
0,3759.8,0,0.1,0,1163.8,17.4,0.15144003
0,3759.9,0,0.1,0,1163.8,17.4,0.15144003
0,3760,0,0.1,0,1163.8,17.4,0.15144003
0,3760.2,0,0.2,0,1163.8,17.4,0.15144003
0,3760.3,0,0.1,0,1163.8,17.4,0.15144003
0,3760.4,0,0.1,0,1163.8,17.4,0.15144003
0,3760.5,0,0.1,0,1163.8,17.4,0.15144003
0,3760.6,0,0.1,0,1163.8,17.4,0.15144003
0,3760.7,0,0.1,0,1163.8,17.4,0.15144003
0,3760.8,0,0.1,0,1163.8,17.4,0.15144003
0,3760.8,0,0,0,1163.8,17.4,0.15144003
0,3761,0,0.2,0,1163.8,17.4,0.15144003
0,3761.1,0,0.1,0,1163.8,17.4,0.15144003
0,3761.2,0,0.1,0,1163.8,17.4,0.15144003
0,3761.2,0,0,0,1163.8,17.4,0.15144003
0,3761.4,0,0.2,0,1163.8,17.4,0.15144003
0,3761.4,0,0,0,1163.8,17.4,0.15144003
0,3761.5,0,0.1,0,1163.8,17.4,0.15144003
0,3761.6,0,0.1,0,1163.8,17.4,0.15144003
0,3761.7,0,0.1,0,1163.8,17.4,0.15144003
0,3761.8,0,0.1,0,1163.8,17.4,0.15144003
0,3761.9,0,0.1,0,1163.8,17.4,0.15144003
0,3762,0,0.1,0,1163.8,17.4,0.15144003
0,3762.1,0,0.1,0,1163.8,17.3,0.15144003
0,3762.2,0,0.1,0,1163.8,17.3,0.15144003
0,3762.3,0,0.1,0,1163.8,17.3,0.15144003
0,3762.3,0,0,0,1163.8,17.3,0.15144003
0,3762.4,0,0.1,0,1163.8,17.3,0.15144003
0,3762.5,0,0.1,0,1163.8,17.3,0.15144003
0,3762.6,0,0.1,0,1163.8,17.3,0.15144003
0,3762.7,0,0.1,0,1163.8,17.3,0.15144003
0,3762.7,0,0,0,1163.8,17.3,0.15144003
0,3762.8,0,0.1,0,1163.8,17.3,0.15144003
0,3762.9,0,0.1,0,1163.8,17.3,0.15144003
0,3763,0,0.1,0,1163.8,17.3,0.15144003
0,3763,0,0,0,1163.8,17.3,0.15144003
0,3763.1,0,0.1,0,1163.8,17.3,0.15144003
0,3763.2,0,0.1,0,1163.8,17.3,0.15144003
0,3763.3,0,0.1,0,1163.8,17.3,0.15144003
0,3763.3,0,0,0,1163.8,17.3,0.15144003
0,3763.4,0,0.1,0,1163.8,17.3,0.15144003
0,3763.5,0,0.1,0,1163.8,17.3,0.15144003
0,3763.5,0,0,0,1163.8,17.3,0.15144003
0,3763.6,0,0.1,0,1163.8,17.3,0.15144003
0,3763.7,0,0.1,0,1163.8,17.3,0.15144003
0,3763.8,0,0.1,0,1163.8,17.3,0.15144003
0,3763.8,0,0,0,1163.8,17.3,0.15144003
0,3763.9,0,0.1,0,1163.8,17.3,0.15144003
0,3764,0,0.1,0,1163.8,17.3,0.15144003
0,3764,0,0,0,1163.8,17.3,0.15144003
0,3764.1,0,0.1,0,1163.8,17.3,0.15144003
0,3764.2,0,0.1,0,1163.8,17.3,0.15144003
0,3764.2,0,0,0,1163.8,17.3,0.15144003
0,3764.3,0,0.1,0,1163.8,17.3,0.15144003
0,3764.4,0,0.1,0,1163.8,17.3,0.15144003
0,3764.4,0,0,0,1163.8,17.3,0.15144003
0,3764.5,0,0.1,0,1163.8,17.3,0.15144003
0,3764.6,0,0.1,0,1163.8,17.3,0.15144003
0,3764.6,0,0,0,1163.8,17.3,0.15144003
0,3764.7,0,0.1,0,1163.8,17.3,0.15144003
0,3764.7,0,0,0,1163.8,17.3,0.15144003
0,3764.8,0,0.1,0,1163.8,17.3,0.15144003
0,3764.9,0,0.1,0,1163.8,17.3,0.15144003
0,3764.9,0,0,0,1163.8,17.3,0.15144003
0,3765,0,0.1,0,1163.8,17.3,0.15144003
0,3765,0,0,0,1163.8,17.3,0.15144003
0,3765.1,0,0.1,0,1163.8,17.3,0.15144003
0,3765.1,0,0,0,1163.8,17.3,0.15144003
0,3765.2,0,0.1,0,1163.8,17.3,0.15144003
0,3765.2,0,0,0,1163.8,17.3,0.15144003
0,3765.3,0,0.1,0,1163.8,17.3,0.15144003
0,3765.4,0,0.1,0,1163.8,17.3,0.15144003
0,3765.4,0,0,0,1163.8,17.3,0.15144003
0,3765.5,0,0.1,0,1163.8,17.3,0.15144003
0,3765.5,0,0,0,1163.8,17.3,0.15144003
0,3765.6,0,0.1,0,1163.8,17.3,0.15144003
0,3765.6,0,0,0,1163.8,17.3,0.15144003
0,3765.7,0,0.1,0,1163.8,17.3,0.15144003
0,3765.7,0,0,0,1163.8,17.3,0.15144003
0,3765.8,0,0.1,0,1163.8,17.3,0.15144003
0,3765.8,0,0,0,1163.8,17.3,0.15144003
0,3765.9,0,0.1,0,1163.8,17.3,0.15144003
0,3765.9,0,0,0,1163.8,17.2,0.15144003
0,3766,0,0.1,0,1163.8,17.2,0.15144003
0,3766,0,0,0,1163.8,17.2,0.15144003
0,3766.1,0,0.1,0,1163.8,17.2,0.15144003
0,3766.1,0,0,0,1163.8,17.2,0.15144003
0,3766.2,0,0.1,0,1163.8,17.2,0.15144003
0,3766.2,0,0,0,1163.8,17.2,0.15144003
0,3766.3,0,0.1,0,1163.8,17.2,0.15144003
0,3766.3,0,0,0,1163.8,17.2,0.15144003
0,3766.3,0,0,0,1163.8,17.2,0.15144003
0,3766.4,0,0.1,0,1163.8,17.2,0.15144003
0,3766.5,0,0.1,0,1163.8,17.2,0.15144003
0,3766.5,0,0,0,1163.8,17.2,0.15144003
0,3766.6,0,0.1,0,1163.8,17.2,0.15144003
0,3766.6,0,0,0,1163.8,17.2,0.15144003
0,3766.7,0,0.1,0,1163.8,17.2,0.15144003
0,3766.7,0,0,0,1163.8,17.2,0.15144003
0,3766.7,0,0,0,1163.8,17.2,0.15144003
0,3766.8,0,0.1,0,1163.8,17.2,0.15144003
0,3766.8,0,0,0,1163.8,17.2,0.15144003
0,3766.9,0,0.1,0,1163.8,17.2,0.15144003
0,3766.9,0,0,0,1163.8,17.2,0.15144003
0,3767,0,0.1,0,1163.8,17.2,0.15144003
0,3767,0,0,0,1163.8,17.2,0.15144003
0,3767,0,0,0,1163.8,17.2,0.15144003
0,3767.1,0,0.1,0,1163.8,17.2,0.15144003
0,3767.1,0,0,0,1163.8,17.2,0.15144003
0,3767.2,0,0.1,0,1163.8,17.2,0.15144003
0,3767.2,0,0,0,1163.8,17.2,0.15144003
0,3767.2,0,0,0,1163.8,17.2,0.15144003
0,3767.2,0,0,0,1163.8,17.2,0.15144003
0,3767.3,0,0.1,0,1163.8,17.2,0.15144003
0,3767.4,0,0.1,0,1163.8,17.2,0.15144003
0,3767.4,0,0,0,1163.8,17.2,0.15144003
0,3767.5,0,0.1,0,1163.8,17.2,0.15144003
0,3767.5,0,0,0,1163.8,17.2,0.15144003
0,3767.5,0,0,0,1163.8,17.2,0.15144003
0,3767.6,0,0.1,0,1163.8,17.2,0.15144003
0,3767.6,0,0,0,1163.8,17.2,0.15144003
0,3767.6,0,0,0,1163.8,17.2,0.15144003
0,3767.7,0,0.1,0,1163.8,17.2,0.15144003
0,3767.7,0,0,0,1163.8,17.2,0.15144003
0,3767.8,0,0.1,0,1163.8,17.2,0.15144003
0,3767.8,0,0,0,1163.8,17.2,0.15144003
0,3767.8,0,0,0,1163.8,17.2,0.15144003
0,3767.9,0,0.1,0,1163.8,17.2,0.15144003
0,3767.9,0,0,0,1163.8,17.2,0.15144003
0,3767.9,0,0,0,1163.8,17.2,0.15144003
0,3768,0,0.1,0,1163.8,17.2,0.15144003
0,3768,0,0,0,1163.8,17.2,0.15144003
0,3768,0,0,0,1163.8,17.2,0.15144003
0,3768.1,0,0.1,0,1163.8,17.2,0.15144003
0,3768.2,0,0.1,0,1163.8,17.2,0.15144003
0,3768.2,0,0,0,1163.8,17.2,0.15144003
0,3768.2,0,0,0,1163.8,17.2,0.15144003
0,3768.2,0,0,0,1163.8,17.2,0.15144003
0,3768.3,0,0.1,0,1163.8,17.2,0.15144003
0,3768.3,0,0,0,1163.8,17.2,0.15144003
0,3768.4,0,0.1,0,1163.8,17.2,0.15144003
0,3768.4,0,0,0,1163.8,17.2,0.15144003
0,3768.4,0,0,0,1163.8,17.2,0.15144003
0,3768.5,0,0.1,0,1163.8,17.2,0.15144003
0,3768.5,0,0,0,1163.8,17.2,0.15144003
0,3768.5,0,0,0,1163.8,17.2,0.15144003
0,3768.6,0,0.1,0,1163.8,17.2,0.15144003
0,3768.6,0,0,0,1163.8,17.2,0.15144003
0,3768.6,0,0,0,1163.8,17.2,0.15144003
0,3768.6,0,0,0,1163.8,17.2,0.15144003
0,3768.7,0,0.1,0,1163.8,17.2,0.15144003
0,3768.7,0,0,0,1163.8,17.2,0.15144003
0,3768.8,0,0.1,0,1163.8,17.2,0.15144003
0,3768.8,0,0,0,1163.8,17.2,0.15144003
0,3768.8,0,0,0,1163.8,17.2,0.15144003
0,3768.8,0,0,0,1163.8,17.2,0.15144003
0,3768.9,0,0.1,0,1163.8,17.1,0.15144003
0,3768.9,0,0,0,1163.8,17.1,0.15144003
0,3769,0,0.1,0,1163.8,17.1,0.15144003
0,3769,0,0,0,1163.8,17.1,0.15144003
0,3769,0,0,0,1163.8,17.1,0.15144003
0,3769,0,0,0,1163.8,17.1,0.15144003
0,3769.1,0,0.1,0,1163.8,17.1,0.15144003
0,3769.1,0,0,0,1163.8,17.1,0.15144003
0,3769.1,0,0,0,1163.8,17.1,0.15144003
0,3769.1,0,0,0,1163.8,17.1,0.15144003
0,3769.2,0,0.1,0,1163.8,17.1,0.15144003
0,3769.2,0,0,0,1163.8,17.1,0.15144003
0,3769.3,0,0.1,0,1163.8,17.1,0.15144003
0,3769.3,0,0,0,1163.8,17.1,0.15144003
0,3769.3,0,0,0,1163.8,17.1,0.15144003
0,3769.3,0,0,0,1163.8,17.1,0.15144003
0,3769.4,0,0.1,0,1163.8,17.1,0.15144003
0,3769.4,0,0,0,1163.8,17.1,0.15144003
0,3769.4,0,0,0,1163.8,17.1,0.15144003
0,3769.4,0,0,0,1163.8,17.1,0.15144003
0,3769.5,0,0.1,0,1163.8,17.1,0.15144003
0,3769.5,0,0,0,1163.8,17.1,0.15144003
0,3769.5,0,0,0,1163.8,17.1,0.15144003
0,3769.6,0,0.1,0,1163.8,17.1,0.15144003
0,3769.6,0,0,0,1163.8,17.1,0.15144003
0,3769.6,0,0,0,1163.8,17.1,0.15144003
0,3769.6,0,0,0,1163.8,17.1,0.15144003
0,3769.7,0,0.1,0,1163.8,17.1,0.15144003
0,3769.7,0,0,0,1163.8,17.1,0.15144003
0,3769.7,0,0,0,1163.8,17.1,0.15144003
0,3769.8,0,0.1,0,1163.8,17.1,0.15144003
0,3769.8,0,0,0,1163.8,17.1,0.15144003
0,3769.8,0,0,0,1163.8,17.1,0.15144003
0,3769.9,0,0.1,0,1163.8,17.1,0.15144003
0,3769.9,0,0,0,1163.8,17.1,0.15144003
0,3769.9,0,0,0,1163.8,17.1,0.15144003
0,3770,0,0.1,0,1163.8,17.1,0.15144003
0,3770,0,0,0,1163.8,17.1,0.15144003
0,3770,0,0,0,1163.8,17.1,0.15144003
0,3770,0,0,0,1163.8,17.1,0.15144003
0,3770.1,0,0.1,0,1163.8,17.1,0.15144003
0,3770.1,0,0,0,1163.8,17.1,0.15144003
0,3770.1,0,0,0,1163.8,17.1,0.15144003
0,3770.1,0,0,0,1163.8,17.1,0.15144003
0,3770.2,0,0.1,0,1163.8,17.1,0.15144003
0,3770.2,0,0,0,1163.8,17.1,0.15144003
0,3770.2,0,0,0,1163.8,17.1,0.15144003
0,3770.3,0,0.1,0,1163.8,17.1,0.15144003
0,3770.3,0,0,0,1163.8,17.1,0.15144003
0,3770.3,0,0,0,1163.8,17.1,0.15144003
0,3770.3,0,0,0,1163.8,17.1,0.15144003
0,3770.4,0,0.1,0,1163.8,17.1,0.15144003
0,3770.4,0,0,0,1163.8,17.1,0.15144003
0,3770.4,0,0,0,1163.8,17.1,0.15144003
0,3770.4,0,0,0,1163.8,17.1,0.15144003
1369.9,3702.1,1369.9,-68.3,5.0715068,1164.2,17.1,0.15114838
2741.9,3631,1372,-71.1,9.9558389,1164.9,17.1,0.15063799
2732.1,3626.5,-9.8,-4.5,9.9079606,1165.7,17.1,0.15005468
2743,3621.8,10.9,-4.7,9.9345974,1166.4,17.1,0.14954429
2750,3617.8,7,-4,9.94895,1167.2,17.1,0.14896099
2747.2,3614.5,-2.8,-3.3,9.9297544,1168,17.1,0.14837769
2741,3611.6,-6.2,-2.9,9.8993956,1168.7,17.1,0.1478673
2745,3608.4,4,-3.2,9.905058,1169.5,17.1,0.147284
2736.3,3606.1,-8.7,-2.3,9.8673714,1170.2,17.1,0.14677361
2747,3602.8,10.7,-3.3,9.8968916,1171,17.1,0.1461903
2750,3600,3,-2.8,9.9,1171.8,17.1,0.145607
2748.2,3597.5,-1.8,-2.5,9.8866495,1172.5,17.1,0.14509661
2744.1,3595.2,-4.1,-2.3,9.8655883,1173.3,17.1,0.14451331
2738.1,3593.1,-6,-2.1,9.8382671,1174.1,17.1,0.14393
2742.9,3590.5,4.8,-2.6,9.8483825,1174.8,17.1,0.14341961
2735.2,3588.6,-7.7,-1.9,9.8155387,1175.6,17.1,0.14283631
2738.1,3586.2,2.9,-2.4,9.8193742,1176.3,17.1,0.14232592
2731.1,3584.4,-7,-1.8,9.7893548,1177.1,17.1,0.14174262
2736.2,3582,5.1,-2.4,9.8010684,1177.9,17.1,0.14115931
2735,3580,-1.2,-2,9.7913,1178.6,17.1,0.14064892
2740.2,3577.6,5.2,-2.4,9.8033395,1179.4,17.1,0.14006562
2744.1,3575.4,3.9,-2.2,9.8112551,1180.1,17.1,0.13955523
2743.1,3573.4,-1,-2,9.8021935,1180.9,17.1,0.13897193
2743.2,3571.4,0.1,-2,9.7970645,1181.7,17.1,0.13838863
2734.1,3569.9,-9.1,-1.5,9.7604636,1182.4,17.1,0.13787824
2732,3568.1,-2.1,-1.8,9.7480492,1183.2,17.1,0.13729493
2740.2,3565.8,8.2,-2.3,9.7710052,1183.9,17.1,0.13678454
2744,3563.8,3.8,-2,9.7790672,1184.7,17.1,0.13620124
2741.1,3562,-2.9,-1.8,9.7637982,1185.5,17.1,0.13561794
2748.1,3559.8,7,-2.2,9.7826864,1186.2,17.1,0.13510755
2738.1,3558.5,-10,-1.3,9.7435289,1187,17.1,0.13452424
2751.1,3556.1,13,-2.4,9.7831867,1187.8,17.2,0.13394094
2722.1,3555.7,-29,-0.4,9.678971,1188.5,17.2,0.13343055
2731,3553.6,8.9,-2.1,9.7048816,1189.3,17.2,0.13284725
2743.2,3551.2,12.2,-2.4,9.7416518,1190,17.2,0.13233686
2738.1,3549.7,-5.1,-1.5,9.7194336,1190.8,17.2,0.13175355
2732.1,3548.4,-6,-1.3,9.6945836,1191.6,17.2,0.13117025
2738.2,3546.4,6.1,-2,9.7107525,1192.3,17.2,0.13065986
2745.1,3544.4,6.9,-2,9.7297324,1193.1,17.2,0.13007656
2750.1,3542.4,5,-2,9.7419542,1193.8,17.2,0.12956617
2735.1,3541.5,-15,-0.9,9.6863567,1194.6,17.2,0.12898287
2734,3539.9,-1.1,-1.6,9.6780866,1195.4,17.2,0.12839956
2746.1,3537.7,12.1,-2.2,9.714878,1196.1,17.2,0.12788917
2747,3536,0.9,-1.7,9.713392,1196.9,17.2,0.12730587
2737.1,3534.9,-9.9,-1.1,9.6753748,1197.6,17.2,0.12679548
2741.1,3533.1,4,-1.8,9.6845804,1198.4,17.2,0.12621218
2730,3532.1,-11.1,-1,9.642633,1199.2,17.2,0.12562887
2737.2,3530.2,7.2,-1.9,9.6628634,1199.9,17.2,0.12511848
2750,3527.9,12.8,-2.3,9.701725,1200.7,17.2,0.12453518
2738.1,3527,-11.9,-0.9,9.6572787,1201.5,17.3,0.12395188
2735,3525.6,-3.1,-1.4,9.642516,1202.2,17.3,0.12344149
2734.1,3524.1,-0.9,-1.5,9.6352418,1203,17.3,0.12285818
2730.1,3522.8,-4,-1.3,9.6175963,1203.7,17.3,0.12234779
2739.1,3520.8,9,-2,9.6438233,1204.5,17.3,0.12176449
2738.2,3519.3,-0.9,-1.5,9.6365473,1205.2,17.3,0.1212541
2744.1,3517.5,5.9,-1.8,9.6523718,1206,17.3,0.1206708
2742,3516.1,-2.1,-1.4,9.6411462,1206.8,17.3,0.1200875
2729.3,3515.3,-12.7,-0.8,9.5943083,1207.5,17.3,0.11957711
2746,3512.9,16.7,-2.4,9.6464234,1208.3,17.3,0.1189938
2741.2,3511.6,-4.8,-1.3,9.6259979,1209.1,17.3,0.1184105
2738.1,3510.2,-3.1,-1.4,9.6112786,1209.8,17.3,0.11790011
2744,3508.4,5.9,-1.8,9.6270496,1210.6,17.3,0.11731681
2757.2,3506.2,13.2,-2.2,9.6672946,1211.3,17.3,0.11680642
2735.1,3505.9,-22.1,-0.3,9.5889871,1212.1,17.4,0.11622311
2734.1,3504.4,-1,-1.5,9.58138,1212.9,17.4,0.11563981
2744.1,3502.4,10,-2,9.6109358,1213.6,17.4,0.11512942
2747,3500.8,2.9,-1.6,9.6166976,1214.4,17.4,0.11454612
2743.1,3499.4,-3.9,-1.4,9.5992041,1215.2,17.4,0.11396281
2737.1,3498.3,-6,-1.1,9.5751969,1215.9,17.4,0.11345242
2732,3497,-5.1,-1.3,9.553804,1216.7,17.4,0.11286912
2740.1,3495.1,8.1,-1.9,9.5769235,1217.4,17.4,0.11235873
2737.1,3493.9,-3,-1.2,9.5631537,1218.2,17.4,0.11177543
2755,3491.4,17.9,-2.5,9.618807,1219,17.4,0.11119213
2736.2,3490.8,-18.8,-0.6,9.551527,1219.7,17.4,0.11068174
2751,3488.5,14.8,-2.3,9.5968635,1220.5,17.4,0.11009843
2749,3487.1,-2,-1.4,9.5860379,1221.2,17.4,0.10958804
2748.2,3485.6,-0.8,-1.5,9.5791259,1222,17.4,0.10900474
2742.1,3484.4,-6.1,-1.2,9.5545732,1222.8,17.4,0.10842144
2750,3482.4,7.9,-2,9.5766,1223.5,17.4,0.10791105
2745.1,3481.1,-4.9,-1.3,9.5559676,1224.3,17.5,0.10732774
2747.1,3479.5,2,-1.6,9.5585344,1225.1,17.5,0.10674444
2738.1,3478.4,-9,-1.1,9.524207,1225.8,17.5,0.10623405
2726.1,3477.6,-12,-0.8,9.4802854,1226.6,17.5,0.10565075
2732.1,3475.7,6,-1.9,9.49596,1227.3,17.5,0.10514036
2738.1,3473.9,6,-1.8,9.5118856,1228.1,17.5,0.10455705
2744.1,3472.1,6,-1.8,9.5277896,1228.9,17.5,0.10397375
2738,3470.8,-6.1,-1.3,9.5030504,1229.6,17.5,0.10346336
2733.1,3469.5,-4.9,-1.3,9.4824905,1230.4,17.5,0.10288006
2744.2,3467.3,11.1,-2.2,9.5149647,1231.1,17.5,0.10236967
2740.1,3465.9,-4.1,-1.4,9.4969126,1231.9,17.5,0.10178637
2740.1,3464.4,0,-1.5,9.4928024,1232.7,17.6,0.10120306
2756,3461.9,15.9,-2.5,9.5409964,1233.4,17.6,0.10069267
2739.3,3461.2,-16.7,-0.7,9.4812652,1234.2,17.6,0.10010937
2744,3459.3,4.7,-1.9,9.4923192,1235,17.6,0.099526066
2740,3457.8,-4,-1.5,9.474372,1235.7,17.6,0.099015676
2729.2,3456.8,-10.8,-1,9.4342986,1236.5,17.6,0.098432373
2744.1,3454.4,14.9,-2.4,9.479219,1237.2,17.6,0.097921983
2735.1,3453.2,-9,-1.2,9.4448473,1238,17.6,0.09733868
2734.1,3451.6,-1,-1.6,9.4370196,1238.8,17.6,0.096755377
2725,3450.5,-9.1,-1.1,9.4026125,1239.5,17.6,0.096244987
2744.1,3447.7,19.1,-2.8,9.4608336,1240.3,17.6,0.095661684
2739.2,3446.3,-4.9,-1.4,9.440105,1241,17.6,0.095151294
2746,3444.2,6.8,-2.1,9.4577732,1241.8,17.6,0.094567991
2749,3442.3,3,-1.9,9.4628827,1242.6,17.7,0.093984688
2754.2,3440.2,5.2,-2.1,9.4749988,1243.3,17.7,0.093474298
2738.1,3439.4,-16.1,-0.8,9.4174211,1244.1,17.7,0.092890995
2727,3438.2,-11.1,-1.2,9.3759714,1244.8,17.7,0.092380605
2732.1,3436.2,5.1,-2,9.388042,1245.6,17.7,0.091797302
2745.2,3433.7,13.1,-2.5,9.4261932,1246.4,17.7,0.091213999
2737.1,3432.3,-8.1,-1.4,9.3945483,1247.1,17.7,0.090703609
2746,3430,8.9,-2.3,9.41878,1247.9,17.7,0.090120306
2745,3428.1,-1,-1.9,9.4101345,1248.6,17.7,0.089609916
2728.2,3427.2,-16.8,-0.9,9.350087,1249.4,17.7,0.089026613
2751,3424.1,22.8,-3.1,9.4196991,1250.2,17.7,0.08844331
2746,3422.4,-5,-1.7,9.3979104,1250.9,17.8,0.08793292
2734.2,3421.2,-11.8,-1.2,9.354245,1251.7,17.8,0.087349617
2740.1,3419,5.9,-2.2,9.3684019,1252.5,17.8,0.086766314
2749,3416.4,8.9,-2.6,9.3916836,1253.2,17.8,0.086255924
2743.1,3414.8,-5.9,-1.6,9.3671379,1254,17.8,0.085672621
1370.2,3492.4,-1372.9,77.6,4.7852865,1254.4,17.8,0.08538097
0,3573,-1370.2,80.6,0,1254.4,17.8,0.08538097
0,3580.8,0,7.8,0,1254.4,17.8,0.08538097
0,3586.9,0,6.1,0,1254.4,17.8,0.08538097
0,3592.2,0,5.3,0,1254.4,17.8,0.08538097
0,3596.9,0,4.7,0,1254.4,17.8,0.08538097
0,3601.2,0,4.3,0,1254.4,17.9,0.08538097
0,3605.1,0,3.9,0,1254.4,17.9,0.08538097
0,3608.7,0,3.6,0,1254.4,17.9,0.08538097
0,3612.1,0,3.4,0,1254.4,17.9,0.08538097
0,3615.4,0,3.3,0,1254.4,17.9,0.08538097
0,3618.4,0,3,0,1254.4,17.9,0.08538097
0,3621.2,0,2.8,0,1254.4,17.9,0.08538097
0,3624,0,2.8,0,1254.4,17.9,0.08538097
0,3626.6,0,2.6,0,1254.4,17.9,0.08538097
0,3629.2,0,2.6,0,1254.4,17.9,0.08538097
0,3631.5,0,2.3,0,1254.4,17.9,0.08538097
0,3633.8,0,2.3,0,1254.4,17.9,0.08538097
0,3636,0,2.2,0,1254.4,17.9,0.08538097
0,3638.1,0,2.1,0,1254.4,17.9,0.08538097
0,3640.2,0,2.1,0,1254.4,17.9,0.08538097
0,3642.1,0,1.9,0,1254.4,17.9,0.08538097
0,3644,0,1.9,0,1254.4,17.9,0.08538097
0,3645.8,0,1.8,0,1254.4,17.9,0.08538097
0,3647.6,0,1.8,0,1254.4,17.9,0.08538097
0,3649.4,0,1.8,0,1254.4,17.9,0.08538097
0,3651,0,1.6,0,1254.4,17.9,0.08538097
0,3652.7,0,1.7,0,1254.4,17.9,0.08538097
0,3654.2,0,1.5,0,1254.4,17.9,0.08538097
0,3655.7,0,1.5,0,1254.4,17.9,0.08538097
0,3657.2,0,1.5,0,1254.4,17.9,0.08538097
0,3658.7,0,1.5,0,1254.4,17.9,0.08538097
0,3660.1,0,1.4,0,1254.4,17.9,0.08538097
0,3661.4,0,1.3,0,1254.4,17.9,0.08538097
0,3662.7,0,1.3,0,1254.4,17.9,0.08538097
0,3664,0,1.3,0,1254.4,17.9,0.08538097
0,3665.3,0,1.3,0,1254.4,17.9,0.08538097
0,3666.5,0,1.2,0,1254.4,17.9,0.08538097
0,3667.6,0,1.1,0,1254.4,17.9,0.08538097
0,3668.8,0,1.2,0,1254.4,17.9,0.08538097
0,3669.9,0,1.1,0,1254.4,17.9,0.08538097
0,3671,0,1.1,0,1254.4,17.9,0.08538097
0,3672.1,0,1.1,0,1254.4,17.9,0.08538097
0,3673.2,0,1.1,0,1254.4,17.9,0.08538097
0,3674.2,0,1,0,1254.4,17.9,0.08538097
0,3675.2,0,1,0,1254.4,17.9,0.08538097
0,3676.1,0,0.9,0,1254.4,17.9,0.08538097
0,3677.1,0,1,0,1254.4,17.9,0.08538097
0,3678,0,0.9,0,1254.4,17.9,0.08538097
0,3678.9,0,0.9,0,1254.4,17.9,0.08538097
0,3679.8,0,0.9,0,1254.4,17.9,0.08538097
0,3680.6,0,0.8,0,1254.4,17.9,0.08538097
0,3681.5,0,0.9,0,1254.4,17.9,0.08538097
0,3682.3,0,0.8,0,1254.4,17.9,0.08538097
0,3683.1,0,0.8,0,1254.4,17.9,0.08538097
0,3683.9,0,0.8,0,1254.4,17.9,0.08538097
0,3684.7,0,0.8,0,1254.4,17.9,0.08538097
0,3685.4,0,0.7,0,1254.4,17.9,0.08538097
0,3686.2,0,0.8,0,1254.4,17.9,0.08538097
0,3686.9,0,0.7,0,1254.4,17.9,0.08538097
0,3687.6,0,0.7,0,1254.4,17.9,0.08538097
0,3688.3,0,0.7,0,1254.4,17.9,0.08538097
0,3688.9,0,0.6,0,1254.4,17.9,0.08538097
0,3689.6,0,0.7,0,1254.4,17.9,0.08538097
0,3690.3,0,0.7,0,1254.4,17.9,0.08538097
0,3690.9,0,0.6,0,1254.4,17.9,0.08538097
0,3691.5,0,0.6,0,1254.4,17.9,0.08538097
0,3692.1,0,0.6,0,1254.4,17.9,0.08538097
0,3692.7,0,0.6,0,1254.4,17.9,0.08538097
0,3693.3,0,0.6,0,1254.4,17.9,0.08538097
0,3693.9,0,0.6,0,1254.4,17.9,0.08538097
0,3694.4,0,0.5,0,1254.4,17.9,0.08538097
0,3695,0,0.6,0,1254.4,17.9,0.08538097
0,3695.6,0,0.6,0,1254.4,17.9,0.08538097
0,3696.1,0,0.5,0,1254.4,17.9,0.08538097
0,3696.6,0,0.5,0,1254.4,17.9,0.08538097
0,3697.1,0,0.5,0,1254.4,17.8,0.08538097
0,3697.6,0,0.5,0,1254.4,17.8,0.08538097
0,3698.1,0,0.5,0,1254.4,17.8,0.08538097
0,3698.6,0,0.5,0,1254.4,17.8,0.08538097
0,3699.1,0,0.5,0,1254.4,17.8,0.08538097
0,3699.5,0,0.4,0,1254.4,17.8,0.08538097
0,3700,0,0.5,0,1254.4,17.8,0.08538097
0,3700.4,0,0.4,0,1254.4,17.8,0.08538097
0,3700.9,0,0.5,0,1254.4,17.8,0.08538097
0,3701.3,0,0.4,0,1254.4,17.8,0.08538097
0,3701.7,0,0.4,0,1254.4,17.8,0.08538097
0,3702.2,0,0.5,0,1254.4,17.8,0.08538097
0,3702.6,0,0.4,0,1254.4,17.8,0.08538097
0,3703,0,0.4,0,1254.4,17.8,0.08538097
0,3703.3,0,0.3,0,1254.4,17.8,0.08538097
0,3703.7,0,0.4,0,1254.4,17.8,0.08538097
0,3704.2,0,0.5,0,1254.4,17.8,0.08538097
0,3704.5,0,0.3,0,1254.4,17.8,0.08538097
0,3704.9,0,0.4,0,1254.4,17.8,0.08538097
0,3705.2,0,0.3,0,1254.4,17.8,0.08538097
0,3705.6,0,0.4,0,1254.4,17.8,0.08538097
0,3706,0,0.4,0,1254.4,17.8,0.08538097
0,3706.3,0,0.3,0,1254.4,17.8,0.08538097
0,3706.6,0,0.3,0,1254.4,17.8,0.08538097
0,3707,0,0.4,0,1254.4,17.8,0.08538097
0,3707.3,0,0.3,0,1254.4,17.8,0.08538097
0,3707.6,0,0.3,0,1254.4,17.8,0.08538097
0,3708,0,0.4,0,1254.4,17.8,0.08538097
0,3708.2,0,0.2,0,1254.4,17.8,0.08538097
0,3708.5,0,0.3,0,1254.4,17.8,0.08538097
0,3708.9,0,0.4,0,1254.4,17.8,0.08538097
0,3709.1,0,0.2,0,1254.4,17.8,0.08538097
0,3709.5,0,0.4,0,1254.4,17.7,0.08538097
0,3709.7,0,0.2,0,1254.4,17.7,0.08538097
0,3710.1,0,0.4,0,1254.4,17.7,0.08538097
0,3710.3,0,0.2,0,1254.4,17.7,0.08538097
0,3710.6,0,0.3,0,1254.4,17.7,0.08538097
0,3710.9,0,0.3,0,1254.4,17.7,0.08538097
0,3711.1,0,0.2,0,1254.4,17.7,0.08538097
0,3711.4,0,0.3,0,1254.4,17.7,0.08538097
0,3711.7,0,0.3,0,1254.4,17.7,0.08538097
0,3711.9,0,0.2,0,1254.4,17.7,0.08538097
0,3712.2,0,0.3,0,1254.4,17.7,0.08538097
0,3712.4,0,0.2,0,1254.4,17.7,0.08538097
0,3712.7,0,0.3,0,1254.4,17.7,0.08538097
0,3712.9,0,0.2,0,1254.4,17.7,0.08538097
0,3713.2,0,0.3,0,1254.4,17.7,0.08538097
0,3713.4,0,0.2,0,1254.4,17.7,0.08538097
0,3713.6,0,0.2,0,1254.4,17.7,0.08538097
0,3713.9,0,0.3,0,1254.4,17.7,0.08538097
0,3714,0,0.1,0,1254.4,17.7,0.08538097
0,3714.3,0,0.3,0,1254.4,17.7,0.08538097
0,3714.5,0,0.2,0,1254.4,17.7,0.08538097
0,3714.7,0,0.2,0,1254.4,17.7,0.08538097
0,3714.9,0,0.2,0,1254.4,17.7,0.08538097
0,3715.1,0,0.2,0,1254.4,17.7,0.08538097
0,3715.3,0,0.2,0,1254.4,17.7,0.08538097
0,3715.5,0,0.2,0,1254.4,17.7,0.08538097
0,3715.7,0,0.2,0,1254.4,17.7,0.08538097
0,3716,0,0.3,0,1254.4,17.7,0.08538097
0,3716.1,0,0.1,0,1254.4,17.7,0.08538097
0,3716.3,0,0.2,0,1254.4,17.7,0.08538097
0,3716.5,0,0.2,0,1254.4,17.7,0.08538097
0,3716.7,0,0.2,0,1254.4,17.6,0.08538097
0,3716.9,0,0.2,0,1254.4,17.6,0.08538097
0,3717.1,0,0.2,0,1254.4,17.6,0.08538097
0,3717.3,0,0.2,0,1254.4,17.6,0.08538097
0,3717.5,0,0.2,0,1254.4,17.6,0.08538097
0,3717.6,0,0.1,0,1254.4,17.6,0.08538097
0,3717.8,0,0.2,0,1254.4,17.6,0.08538097
0,3718,0,0.2,0,1254.4,17.6,0.08538097
0,3718.2,0,0.2,0,1254.4,17.6,0.08538097
0,3718.3,0,0.1,0,1254.4,17.6,0.08538097
0,3718.5,0,0.2,0,1254.4,17.6,0.08538097
0,3718.6,0,0.1,0,1254.4,17.6,0.08538097
0,3718.8,0,0.2,0,1254.4,17.6,0.08538097
0,3719,0,0.2,0,1254.4,17.6,0.08538097
0,3719.1,0,0.1,0,1254.4,17.6,0.08538097
0,3719.3,0,0.2,0,1254.4,17.6,0.08538097
0,3719.5,0,0.2,0,1254.4,17.6,0.08538097
0,3719.6,0,0.1,0,1254.4,17.6,0.08538097
0,3719.8,0,0.2,0,1254.4,17.6,0.08538097
0,3719.9,0,0.1,0,1254.4,17.6,0.08538097
0,3720,0,0.1,0,1254.4,17.6,0.08538097
0,3720.2,0,0.2,0,1254.4,17.6,0.08538097
0,3720.3,0,0.1,0,1254.4,17.6,0.08538097
0,3720.5,0,0.2,0,1254.4,17.6,0.08538097
0,3720.6,0,0.1,0,1254.4,17.6,0.08538097
0,3720.8,0,0.2,0,1254.4,17.6,0.08538097
0,3720.9,0,0.1,0,1254.4,17.6,0.08538097
0,3721.1,0,0.2,0,1254.4,17.6,0.08538097
0,3721.2,0,0.1,0,1254.4,17.6,0.08538097
0,3721.3,0,0.1,0,1254.4,17.6,0.08538097
0,3721.4,0,0.1,0,1254.4,17.6,0.08538097
0,3721.6,0,0.2,0,1254.4,17.6,0.08538097
0,3721.7,0,0.1,0,1254.4,17.6,0.08538097
0,3721.9,0,0.2,0,1254.4,17.6,0.08538097
0,3722,0,0.1,0,1254.4,17.6,0.08538097
0,3722.1,0,0.1,0,1254.4,17.5,0.08538097
0,3722.2,0,0.1,0,1254.4,17.5,0.08538097
0,3722.4,0,0.2,0,1254.4,17.5,0.08538097
0,3722.5,0,0.1,0,1254.4,17.5,0.08538097
0,3722.6,0,0.1,0,1254.4,17.5,0.08538097
0,3722.7,0,0.1,0,1254.4,17.5,0.08538097
0,3722.8,0,0.1,0,1254.4,17.5,0.08538097
0,3723,0,0.2,0,1254.4,17.5,0.08538097
0,3723,0,0,0,1254.4,17.5,0.08538097
0,3723.2,0,0.2,0,1254.4,17.5,0.08538097
0,3723.3,0,0.1,0,1254.4,17.5,0.08538097
0,3723.4,0,0.1,0,1254.4,17.5,0.08538097
0,3723.5,0,0.1,0,1254.4,17.5,0.08538097
0,3723.6,0,0.1,0,1254.4,17.5,0.08538097
0,3723.7,0,0.1,0,1254.4,17.5,0.08538097
0,3723.9,0,0.2,0,1254.4,17.5,0.08538097
0,3724,0,0.1,0,1254.4,17.5,0.08538097
0,3724,0,0,0,1254.4,17.5,0.08538097
0,3724.2,0,0.2,0,1254.4,17.5,0.08538097
0,3724.3,0,0.1,0,1254.4,17.5,0.08538097
0,3724.4,0,0.1,0,1254.4,17.5,0.08538097
0,3724.5,0,0.1,0,1254.4,17.5,0.08538097
0,3724.6,0,0.1,0,1254.4,17.5,0.08538097
0,3724.7,0,0.1,0,1254.4,17.5,0.08538097
0,3724.8,0,0.1,0,1254.4,17.5,0.08538097
0,3724.8,0,0,0,1254.4,17.5,0.08538097
0,3725,0,0.2,0,1254.4,17.5,0.08538097
0,3725.1,0,0.1,0,1254.4,17.5,0.08538097
0,3725.2,0,0.1,0,1254.4,17.5,0.08538097
0,3725.2,0,0,0,1254.4,17.5,0.08538097
0,3725.3,0,0.1,0,1254.4,17.5,0.08538097
0,3725.5,0,0.2,0,1254.4,17.5,0.08538097
0,3725.5,0,0,0,1254.4,17.5,0.08538097
0,3725.6,0,0.1,0,1254.4,17.5,0.08538097
0,3725.7,0,0.1,0,1254.4,17.4,0.08538097
0,3725.8,0,0.1,0,1254.4,17.4,0.08538097
0,3725.9,0,0.1,0,1254.4,17.4,0.08538097
0,3726,0,0.1,0,1254.4,17.4,0.08538097
0,3726.1,0,0.1,0,1254.4,17.4,0.08538097
0,3726.2,0,0.1,0,1254.4,17.4,0.08538097
0,3726.3,0,0.1,0,1254.4,17.4,0.08538097
0,3726.3,0,0,0,1254.4,17.4,0.08538097
0,3726.4,0,0.1,0,1254.4,17.4,0.08538097
0,3726.5,0,0.1,0,1254.4,17.4,0.08538097
0,3726.6,0,0.1,0,1254.4,17.4,0.08538097
0,3726.7,0,0.1,0,1254.4,17.4,0.08538097
0,3726.7,0,0,0,1254.4,17.4,0.08538097
0,3726.8,0,0.1,0,1254.4,17.4,0.08538097
0,3726.9,0,0.1,0,1254.4,17.4,0.08538097
0,3727,0,0.1,0,1254.4,17.4,0.08538097
0,3727.1,0,0.1,0,1254.4,17.4,0.08538097
0,3727.2,0,0.1,0,1254.4,17.4,0.08538097
0,3727.3,0,0.1,0,1254.4,17.4,0.08538097
0,3727.3,0,0,0,1254.4,17.4,0.08538097
0,3727.4,0,0.1,0,1254.4,17.4,0.08538097
0,3727.5,0,0.1,0,1254.4,17.4,0.08538097
0,3727.6,0,0.1,0,1254.4,17.4,0.08538097
0,3727.7,0,0.1,0,1254.4,17.4,0.08538097
1027.9,3676.3,1027.9,-51.4,3.7788688,1254.6,17.4,0.085235144
2059.8,3622.2,1031.9,-54.1,7.4610076,1255.2,17.4,0.084797667
2059.1,3617.6,-0.7,-4.6,7.4490002,1255.8,17.4,0.08436019
2066.9,3613.2,7.8,-4.4,7.4681231,1256.4,17.4,0.083922712
2063,3609.7,-3.9,-3.5,7.4468111,1256.9,17.4,0.083558148
2064,3606.2,1,-3.5,7.4431968,1257.5,17.4,0.083120671
2064.9,3602.8,0.9,-3.4,7.4394217,1258.1,17.4,0.082683194
2049.1,3600.5,-15.8,-2.3,7.3777846,1258.7,17.4,0.082245716
2063.9,3596.7,14.8,-3.8,7.4232291,1259.2,17.4,0.081881152
2064,3593.7,0.1,-3,7.4173968,1259.8,17.4,0.081443675
2052,3591.5,-12,-2.2,7.369758,1260.4,17.4,0.081006198
2059.9,3588.2,7.9,-3.3,7.3913332,1260.9,17.4,0.080641633
2051.1,3585.9,-8.8,-2.3,7.3550395,1261.5,17.4,0.080204156
2046.9,3583.4,-4.2,-2.5,7.3348615,1262.1,17.4,0.079766679
2045.9,3580.7,-1,-2.7,7.3257541,1262.6,17.4,0.079402114
2048,3578,2.1,-2.7,7.327744,1263.2,17.4,0.078964637
2043.9,3575.7,-4.1,-2.3,7.3083732,1263.8,17.4,0.07852716
2064,3572.1,20.1,-3.6,7.3728144,1264.4,17.4,0.078089683
2060,3569.7,-4,-2.4,7.353582,1264.9,17.4,0.077725118
2059.9,3567.2,-0.1,-2.5,7.3480753,1265.5,17.4,0.077287641
2059,3564.7,-0.9,-2.5,7.3397173,1266.1,17.4,0.076850164
2060.1,3562.2,1.1,-2.5,7.3384882,1266.6,17.4,0.0764856
2044,3560.6,-16.1,-1.6,7.2778664,1267.2,17.4,0.076048122
2067.9,3557,23.9,-3.6,7.3555203,1267.8,17.4,0.075610645
2058.1,3555,-9.8,-2,7.3165455,1268.4,17.4,0.075173168
2064.9,3552.3,6.8,-2.7,7.3351443,1268.9,17.4,0.074808604
2057.9,3550.3,-7,-2,7.3061624,1269.5,17.4,0.074371127
2059,3547.8,1.1,-2.5,7.3049202,1270.1,17.4,0.073933649
2060,3545.5,1,-2.3,7.30373,1270.7,17.4,0.073496172
2065.9,3542.8,5.9,-2.7,7.3190705,1271.2,17.4,0.073131608
2054.1,3541.1,-11.8,-1.7,7.2737735,1271.8,17.4,0.072694131
2044.9,3539.3,-9.2,-1.8,7.2375146,1272.4,17.4,0.072256653
2059,3536.3,14.1,-3,7.2812417,1272.9,17.4,0.071892089
2064.9,3533.7,5.9,-2.6,7.2967371,1273.5,17.4,0.071454612
2056,3531.9,-8.9,-1.8,7.2615864,1274.1,17.4,0.071017135
2057,3529.5,1,-2.4,7.2601815,1274.7,17.4,0.070579657
2060,3527,3,-2.5,7.26562,1275.2,17.4,0.070215093
2055,3525.1,-5,-1.9,7.2440805,1275.8,17.4,0.069777616
2053.9,3522.9,-1.1,-2.2,7.2356843,1276.4,17.4,0.069340139
2047,3521,-6.9,-1.9,7.207487,1276.9,17.4,0.068975574
2064.8,3517.8,17.8,-3.2,7.2635534,1277.5,17.4,0.068538097
2054.1,3516.2,-10.7,-1.6,7.2226264,1278.1,17.4,0.06810062
2050.9,3514.1,-3.2,-2.1,7.2070677,1278.6,17.4,0.067736055
2050,3511.9,-0.9,-2.2,7.199395,1279.2,17.4,0.067298578
2056.9,3509.3,6.9,-2.6,7.2182792,1279.8,17.4,0.066861101
2059,3506.9,2.1,-2.4,7.2207071,1280.4,17.4,0.066423624
2058,3504.7,-1,-2.2,7.2126726,1280.9,17.4,0.066059059
2055,3502.6,-3,-2.1,7.197843,1281.5,17.5,0.065621582
2061.9,3500,6.9,-2.6,7.21665,1282.1,17.5,0.065184105
2075.9,3497,14,-3,7.2594223,1282.7,17.5,0.064746628
2055,3495.8,-20.9,-1.2,7.183869,1283.2,17.5,0.064382063
2066.9,3492.9,11.9,-2.9,7.219475,1283.8,17.5,0.063944586
2060.1,3491,-6.8,-1.9,7.1918091,1284.4,17.5,0.063507109
2060.9,3488.7,0.8,-2.3,7.1898618,1284.9,17.5,0.063142545
2064.1,3486.3,3.2,-2.4,7.1960718,1285.5,17.5,0.062705067
2057.9,3484.3,-6.2,-2,7.170341,1286.1,17.5,0.06226759
2055.1,3482.2,-2.8,-2.1,7.1562692,1286.7,17.5,0.061830113
2045.9,3480.5,-9.2,-1.7,7.120755,1287.2,17.5,0.061465549
2048,3478.1,2.1,-2.4,7.1231488,1287.8,17.5,0.061028071
2067.9,3474.7,19.9,-3.4,7.1853321,1288.4,17.5,0.060590594
2060.1,3472.8,-7.8,-1.9,7.1543153,1288.9,17.5,0.06022603
2044,3471.4,-16.1,-1.4,7.0955416,1289.5,17.5,0.059788553
2054.9,3468.5,10.9,-2.9,7.1274207,1290.1,17.5,0.059351075
2051,3466.4,-3.9,-2.1,7.1095864,1290.6,17.5,0.058986511
2057.9,3463.7,6.9,-2.7,7.1279482,1291.2,17.5,0.058549034
2064,3461.1,6.1,-2.6,7.1437104,1291.8,17.5,0.058111557
2052.9,3459.3,-11.1,-1.8,7.101597,1292.4,17.5,0.057674079
2049,3457.2,-3.9,-2.1,7.0838028,1292.9,17.5,0.057309515
2052.9,3454.6,3.9,-2.6,7.0919483,1293.5,17.6,0.056872038
2059,3451.9,6.1,-2.7,7.1074621,1294.1,17.6,0.056434561
2057.9,3449.6,-1.1,-2.3,7.0989318,1294.6,17.6,0.056069996
2063,3446.9,5.1,-2.7,7.1109547,1295.2,17.6,0.055632519
2047,3445.3,-16,-1.6,7.0525291,1295.8,17.6,0.055195042
2062.1,3442.2,15.1,-3.1,7.0981606,1296.4,17.6,0.054757565
2061.9,3439.7,-0.2,-2.5,7.0923174,1296.9,17.6,0.054393
2053.1,3437.7,-8.8,-2,7.0579419,1297.5,17.6,0.053955523
2051,3435.4,-2.1,-2.3,7.0460054,1298.1,17.6,0.053518046
2058.1,3432.5,7.1,-2.9,7.0644283,1298.6,17.6,0.053153482
2052,3430.4,-6.1,-2.1,7.0391808,1299.2,17.6,0.052716004
2054.1,3427.8,2.1,-2.6,7.041044,1299.8,17.6,0.052278527
2064.9,3424.6,10.8,-3.2,7.0714565,1300.4,17.6,0.05184105
2063,3422.2,-1.9,-2.4,7.0599986,1300.9,17.6,0.051476486
2063.9,3419.6,0.9,-2.6,7.0577124,1301.5,17.6,0.051039008
2064,3416.9,0.1,-2.7,7.0524816,1302.1,17.6,0.050601531
2044.1,3415.4,-19.9,-1.5,6.9814191,1302.6,17.6,0.050236967
2060,3412,15.9,-3.4,7.02872,1303.2,17.6,0.04979949
2059,3409.4,-1,-2.6,7.0199546,1303.8,17.7,0.049362012
2057,3406.8,-2,-2.6,7.0077876,1304.4,17.7,0.048924535
2048.9,3404.7,-8.1,-2.1,6.9758898,1304.9,17.7,0.048559971
2058,3401.5,9.1,-3.2,7.000287,1305.5,17.7,0.048122494
2043.9,3399.6,-14.1,-1.9,6.9484424,1306.1,17.7,0.047685016
2053,3396.4,9.1,-3.2,6.9728092,1306.6,17.7,0.047320452
2050,3393.8,-3,-2.6,6.95729,1307.2,17.7,0.046882975
2058,3390.9,8,-2.9,6.9784722,1307.7,17.7,0.04651841
749.6,3488,-1308.4,97.1,2.6146048,1307.7,17.7,0.04651841
750,3485.8,0.4,-2.2,2.61435,1307.9,17.7,0.046372585
750,3485.6,0,-0.2,2.6142,1308.1,17.7,0.046226759
750,3485.7,0,0.1,2.614275,1308.3,17.7,0.046080933
750,3486,0,0.3,2.6145,1308.5,17.7,0.045935108
750.1,3486.3,0.1,0.3,2.6150736,1308.7,17.7,0.045789282
750.1,3486.5,0,0.2,2.6152236,1309,17.8,0.045570543
750.2,3486.8,0.1,0.3,2.6157974,1309.2,17.8,0.045424717
750.1,3487,-0.1,0.2,2.6155987,1309.4,17.8,0.045278892
750.1,3487.2,0,0.2,2.6157487,1309.6,17.8,0.045133066
750,3487.3,-0.1,0.1,2.615475,1309.8,17.8,0.04498724
750,3487.5,0,0.2,2.615625,1310,17.8,0.044841415
750,3487.6,0,0.1,2.6157,1310.2,17.8,0.044695589
750,3487.7,0,0.1,2.615775,1310.4,17.8,0.044549763
750.1,3487.7,0.1,0,2.6161238,1310.6,17.8,0.044403937
750.1,3487.7,0,0,2.6161238,1310.8,17.8,0.044258112
750.1,3487.7,0,0,2.6161238,1311,17.8,0.044112286
750.1,3487.7,0,0,2.6161238,1311.2,17.8,0.04396646
750.1,3487.6,0,-0.1,2.6160488,1311.5,17.8,0.043747721
750.1,3487.5,0,-0.1,2.6159737,1311.7,17.8,0.043601896
750.1,3487.4,0,-0.1,2.6158987,1311.9,17.8,0.04345607
750.1,3487.3,0,-0.1,2.6158237,1312.1,17.8,0.043310244
750,3487.2,-0.1,-0.1,2.6154,1312.3,17.8,0.043164419
750,3487,0,-0.2,2.61525,1312.5,17.8,0.043018593
750,3486.8,0,-0.2,2.6151,1312.7,17.8,0.042872767
750.1,3486.6,0.1,-0.2,2.6152987,1312.9,17.8,0.042726941
750.1,3486.4,0,-0.2,2.6151486,1313.1,17.8,0.042581116
750.1,3486.1,0,-0.3,2.6149236,1313.3,17.8,0.04243529
750.1,3485.9,0,-0.2,2.6147736,1313.5,17.8,0.042289464
750.1,3485.6,0,-0.3,2.6145486,1313.7,17.8,0.042143638
750.1,3485.3,0,-0.3,2.6143235,1314,17.8,0.0419249
750,3485,-0.1,-0.3,2.61375,1314.2,17.8,0.041779074
750,3484.7,0,-0.3,2.613525,1314.4,17.8,0.041633248
750.1,3484.3,0.1,-0.4,2.6135734,1314.6,17.8,0.041487423
750.1,3484,0,-0.3,2.6133484,1314.8,17.8,0.041341597
750.1,3483.6,0,-0.4,2.6130484,1315,17.8,0.041195771
750.1,3483.2,0,-0.4,2.6127483,1315.2,17.8,0.041049945
750.1,3482.8,0,-0.4,2.6124483,1315.4,17.8,0.04090412
750,3482.4,-0.1,-0.4,2.6118,1315.6,17.8,0.040758294
750,3481.9,0,-0.5,2.611425,1315.8,17.8,0.040612468
750,3481.5,0,-0.4,2.611125,1316,17.8,0.040466642
750.1,3481.1,0.1,-0.4,2.6111731,1316.2,17.8,0.040320817
750.1,3480.6,0,-0.5,2.6107981,1316.5,17.8,0.040102078
750.1,3480.1,0,-0.5,2.610423,1316.7,17.8,0.039956252
750.1,3479.6,0,-0.5,2.610048,1316.9,17.8,0.039810427
750.1,3479.1,0,-0.5,2.6096729,1317.1,17.8,0.039664601
750,3478.6,-0.1,-0.5,2.60895,1317.3,17.8,0.039518775
750,3478,0,-0.6,2.6085,1317.5,17.8,0.039372949
750.1,3477.5,0.1,-0.5,2.6084727,1317.7,17.8,0.039227124
750.1,3476.9,0,-0.6,2.6080227,1317.9,17.8,0.039081298
750.1,3476.4,0,-0.5,2.6076476,1318.1,17.8,0.038935472
750.1,3475.8,0,-0.6,2.6071976,1318.3,17.8,0.038789646
750.1,3475.3,0,-0.5,2.6068225,1318.5,17.8,0.038643821
750.1,3474.7,0,-0.6,2.6063725,1318.7,17.8,0.038497995
750.1,3474,0,-0.7,2.6058474,1319,17.8,0.038279256
750,3473.4,-0.1,-0.6,2.60505,1319.2,17.8,0.038133431
750,3472.8,0,-0.6,2.6046,1319.4,17.8,0.037987605
750,3472.2,0,-0.6,2.60415,1319.6,17.8,0.037841779
750.1,3471.5,0.1,-0.7,2.6039721,1319.8,17.8,0.037695953
750.1,3470.9,0,-0.6,2.6035221,1320,17.8,0.037550128
750.1,3470.2,0,-0.7,2.602997,1320.2,17.8,0.037404302
750.1,3469.5,0,-0.7,2.6024719,1320.4,17.8,0.037258476
750.1,3468.9,0,-0.6,2.6020219,1320.6,17.8,0.03711265
750.1,3468.1,0,-0.8,2.6014218,1320.8,17.8,0.036966825
750.1,3467.4,0,-0.7,2.6008967,1321,17.8,0.036820999
750.1,3466.8,0,-0.6,2.6004467,1321.2,17.8,0.036675173
750,3466,-0.1,-0.8,2.5995,1321.5,17.8,0.036456435
750,3465.3,0,-0.7,2.598975,1321.7,17.8,0.036310609
750.1,3464.5,0.1,-0.8,2.5987215,1321.9,17.8,0.036164783
750.1,3463.8,0,-0.7,2.5981964,1322.1,17.8,0.036018957
750,3463,-0.1,-0.8,2.59725,1322.3,17.8,0.035873132
750,3462.3,0,-0.7,2.596725,1322.5,17.8,0.035727306
750.1,3461.5,0.1,-0.8,2.5964712,1322.7,17.8,0.03558148
750.1,3460.8,0,-0.7,2.5959461,1322.9,17.8,0.035435654
750.1,3459.9,0,-0.9,2.595271,1323.1,17.8,0.035289829
750.1,3459.1,0,-0.8,2.5946709,1323.3,17.8,0.035144003
750.1,3458.3,0,-0.8,2.5940708,1323.5,17.8,0.034998177
750.1,3457.5,0,-0.8,2.5934707,1323.7,17.8,0.034852351
750.1,3456.7,0,-0.8,2.5928707,1324,17.8,0.034633613
750.1,3455.9,0,-0.8,2.5922706,1324.2,17.8,0.034487787
750.1,3455.1,0,-0.8,2.5916705,1324.4,17.8,0.034341961
750.1,3454.2,0,-0.9,2.5909954,1324.6,17.8,0.034196136
750.1,3453.4,0,-0.8,2.5903953,1324.8,17.8,0.03405031
750.1,3452.5,0,-0.9,2.5897203,1325,17.8,0.033904484
750.1,3451.6,0,-0.9,2.5890452,1325.2,17.8,0.033758658
750.1,3450.8,0,-0.8,2.5884451,1325.4,17.8,0.033612833
750.1,3449.9,0,-0.9,2.58777,1325.6,17.8,0.033467007
750.1,3449,0,-0.9,2.5870949,1325.8,17.8,0.033321181
750,3448.1,-0.1,-0.9,2.586075,1326,17.8,0.033175355
750.1,3447.2,0.1,-0.9,2.5857447,1326.2,17.8,0.03302953
750.1,3446.3,0,-0.9,2.5850696,1326.5,17.8,0.032810791
750.1,3445.4,0,-0.9,2.5843945,1326.7,17.8,0.032664965
750.1,3444.4,0,-1,2.5836444,1326.9,17.8,0.03251914
750.1,3443.5,0,-0.9,2.5829693,1327.1,17.8,0.032373314
750.1,3442.5,0,-1,2.5822193,1327.3,17.8,0.032227488
750.1,3441.6,0,-0.9,2.5815442,1327.5,17.8,0.032081662
750.1,3440.6,0,-1,2.5807941,1327.7,17.8,0.031935837
750.1,3439.7,0,-0.9,2.580119,1327.9,17.8,0.031790011
750.1,3438.7,0,-1,2.5793689,1328.1,17.8,0.031644185
750.1,3437.7,0,-1,2.5786188,1328.3,17.8,0.031498359
750.1,3436.7,0,-1,2.5778687,1328.5,17.8,0.031352534
750,3435.7,-0.1,-1,2.576775,1328.7,17.8,0.031206708
750,3434.7,0,-1,2.576025,1329,17.8,0.030987969
750.1,3433.7,0.1,-1,2.5756184,1329.2,17.8,0.030842144
750.1,3432.7,0,-1,2.5748683,1329.4,17.8,0.030696318
750,3431.6,-0.1,-1.1,2.5737,1329.6,17.8,0.030550492
750,3430.7,0,-0.9,2.573025,1329.8,17.8,0.030404666
750.1,3429.6,0.1,-1.1,2.572543,1330,17.8,0.030258841
750.1,3428.6,0,-1,2.5717929,1330.2,17.8,0.030113015
750.1,3427.5,0,-1.1,2.5709678,1330.4,17.8,0.029967189
750.1,3426.5,0,-1,2.5702177,1330.6,17.8,0.029821363
750.1,3425.4,0,-1.1,2.5693925,1330.8,17.8,0.029675538
750.1,3424.3,0,-1.1,2.5685674,1331,17.8,0.029529712
750.1,3423.3,0,-1,2.5678173,1331.2,17.8,0.029383886
750.1,3422.1,0,-1.2,2.5669172,1331.5,17.8,0.029165148
750.1,3421.1,0,-1,2.5661671,1331.7,17.8,0.029019322
750.1,3420,0,-1.1,2.565342,1331.9,17.8,0.028873496
750.1,3418.8,0,-1.2,2.5644419,1332.1,17.8,0.02872767
750.1,3417.7,0,-1.1,2.5636168,1332.3,17.8,0.028581845
750.1,3416.6,0,-1.1,2.5627917,1332.5,17.8,0.028436019
750,3415.5,-0.1,-1.1,2.561625,1332.7,17.8,0.028290193
750,3414.3,0,-1.2,2.560725,1332.9,17.8,0.028144367
750,3413.2,0,-1.1,2.5599,1333.1,17.8,0.027998542
750,3412,0,-1.2,2.559,1333.3,17.8,0.027852716
750,3410.8,0,-1.2,2.5581,1333.5,17.7,0.02770689
750,3409.7,0,-1.1,2.557275,1333.7,17.7,0.027561065
750,3408.5,0,-1.2,2.556375,1334,17.7,0.027342326
750,3407.3,0,-1.2,2.555475,1334.2,17.7,0.0271965
750,3406.1,0,-1.2,2.554575,1334.4,17.7,0.027050674
750,3404.9,0,-1.2,2.553675,1334.6,17.7,0.026904849
750,3403.7,0,-1.2,2.552775,1334.8,17.7,0.026759023
750,3402.5,0,-1.2,2.551875,1335,17.7,0.026613197
750,3401.2,0,-1.3,2.5509,1335.2,17.7,0.026467371
750,3400,0,-1.2,2.55,1335.4,17.7,0.026321546
750,3398.8,0,-1.2,2.5491,1335.6,17.7,0.02617572
750,3397.5,0,-1.3,2.548125,1335.8,17.7,0.026029894
750,3396.2,0,-1.3,2.54715,1336,17.7,0.025884069
750,3395,0,-1.2,2.54625,1336.2,17.7,0.025738243
750,3393.7,0,-1.3,2.545275,1336.5,17.7,0.025519504
750,3392.4,0,-1.3,2.5443,1336.7,17.7,0.025373678
750,3391.1,0,-1.3,2.543325,1336.9,17.7,0.025227853
750,3389.8,0,-1.3,2.54235,1337.1,17.7,0.025082027
750.1,3388.5,0.1,-1.3,2.5417138,1337.3,17.7,0.024936201
750.1,3387.2,0,-1.3,2.5407387,1337.5,17.7,0.024790376
750.1,3385.9,0,-1.3,2.5397636,1337.7,17.7,0.02464455
750.1,3384.5,0,-1.4,2.5387134,1337.9,17.7,0.024498724
750.2,3383.2,0.1,-1.3,2.5380766,1338.1,17.7,0.024352898
750.2,3381.8,0,-1.4,2.5370264,1338.3,17.7,0.024207073
750.2,3380.5,0,-1.3,2.5360511,1338.5,17.7,0.024061247
750.1,3379.1,-0.1,-1.4,2.5346629,1338.7,17.7,0.023915421
750.1,3377.7,0,-1.4,2.5336128,1339,17.7,0.023696682
750.1,3376.3,0,-1.4,2.5325626,1339.2,17.7,0.023550857
750.1,3374.9,0,-1.4,2.5315125,1339.4,17.7,0.023405031
750.1,3373.5,0,-1.4,2.5304624,1339.6,17.7,0.023259205
750.1,3372.1,0,-1.4,2.5294122,1339.8,17.7,0.02311338
750.1,3370.7,0,-1.4,2.5283621,1340,17.7,0.022967554
750.1,3369.2,0,-1.5,2.5272369,1340.2,17.7,0.022821728
750.1,3367.8,0,-1.4,2.5261868,1340.4,17.7,0.022675902
750.1,3366.3,0,-1.5,2.5250616,1340.6,17.7,0.022530077
750.1,3364.8,0,-1.5,2.5239365,1340.8,17.7,0.022384251
750.1,3363.3,0,-1.5,2.5228113,1341,17.7,0.022238425
750.1,3361.9,0,-1.4,2.5217612,1341.2,17.7,0.022092599
750.1,3360.4,0,-1.5,2.520636,1341.5,17.7,0.021873861
750.1,3358.8,0,-1.6,2.5194359,1341.7,17.7,0.021728035
750.1,3357.4,0,-1.4,2.5183857,1341.9,17.7,0.021582209
750,3355.8,-0.1,-1.6,2.51685,1342.1,17.7,0.021436384
750,3354.3,0,-1.5,2.515725,1342.3,17.7,0.021290558
750,3352.7,0,-1.6,2.514525,1342.5,17.7,0.021144732
750,3351.2,0,-1.5,2.5134,1342.7,17.7,0.020998906
750,3349.6,0,-1.6,2.5122,1342.9,17.7,0.020853081
750,3348,0,-1.6,2.511,1343.1,17.7,0.020707255
750,3346.5,0,-1.5,2.509875,1343.3,17.7,0.020561429
750.1,3344.8,0.1,-1.7,2.5089345,1343.5,17.7,0.020415603
750.1,3343.2,0,-1.6,2.5077343,1343.7,17.7,0.020269778
750.1,3341.5,0,-1.7,2.5064591,1344,17.7,0.020051039
750.1,3339.9,0,-1.6,2.505259,1344.2,17.7,0.019905213
750.1,3338.3,0,-1.6,2.5040588,1344.4,17.7,0.019759388
750.1,3336.6,0,-1.7,2.5027837,1344.6,17.7,0.019613562
750.1,3335,0,-1.6,2.5015835,1344.8,17.7,0.019467736
750.1,3333.3,0,-1.7,2.5003083,1345,17.7,0.01932191
750.1,3331.6,0,-1.7,2.4990332,1345.2,17.7,0.019176085
750.1,3329.9,0,-1.7,2.497758,1345.4,17.7,0.019030259
750.1,3328.1,0,-1.8,2.4964078,1345.6,17.7,0.018884433
750.1,3326.4,0,-1.7,2.4951326,1345.8,17.7,0.018738607
750.1,3324.6,0,-1.8,2.4937825,1346,17.7,0.018592782
750.1,3322.9,0,-1.7,2.4925073,1346.2,17.7,0.018446956
750.1,3321.1,0,-1.8,2.4911571,1346.5,17.7,0.018228217
750.1,3319.3,0,-1.8,2.4898069,1346.7,17.7,0.018082392
750.1,3317.5,0,-1.8,2.4884567,1346.9,17.7,0.017936566
750.1,3315.7,0,-1.8,2.4871066,1347.1,17.7,0.01779074
750.1,3313.9,0,-1.8,2.4857564,1347.3,17.7,0.017644914
750.1,3312,0,-1.9,2.4843312,1347.5,17.7,0.017499089
750.1,3310.2,0,-1.8,2.482981,1347.7,17.7,0.017353263
750.1,3308.3,0,-1.9,2.4815558,1347.9,17.7,0.017207437
750.1,3306.3,0,-2,2.4800556,1348.1,17.7,0.017061611
750.1,3304.4,0,-1.9,2.4786304,1348.3,17.7,0.016915786
750.1,3302.5,0,-1.9,2.4772052,1348.5,17.7,0.01676996
750.1,3300.6,0,-1.9,2.4757801,1348.7,17.7,0.016624134
750.1,3298.6,0,-2,2.4742799,1349,17.7,0.016405396
750.1,3296.7,0,-1.9,2.4728547,1349.2,17.7,0.01625957
750.1,3294.7,0,-2,2.4713545,1349.4,17.7,0.016113744
750.1,3292.6,0,-2.1,2.4697793,1349.6,17.7,0.015967918
750.1,3290.6,0,-2,2.4682791,1349.8,17.7,0.015822093
750.1,3288.6,0,-2,2.4667789,1350,17.7,0.015676267
750.1,3286.5,0,-2.1,2.4652037,1350.2,17.7,0.015530441
750.1,3284.5,0,-2,2.4637035,1350.4,17.7,0.015384615
750,3282.4,-0.1,-2.1,2.4618,1350.6,17.7,0.01523879
750,3280.3,0,-2.1,2.460225,1350.8,17.7,0.015092964
750,3278.1,0,-2.2,2.458575,1351,17.7,0.014947138
750,3276,0,-2.1,2.457,1351.2,17.7,0.014801312
750,3273.8,0,-2.2,2.45535,1351.5,17.7,0.014582574
750,3271.6,0,-2.2,2.4537,1351.7,17.7,0.014436748
750,3269.4,0,-2.2,2.45205,1351.9,17.7,0.014290922
750.1,3267.1,0.1,-2.3,2.4506517,1352.1,17.7,0.014145097
750.1,3264.9,0,-2.2,2.4490015,1352.3,17.7,0.013999271
750.1,3262.6,0,-2.3,2.4472763,1352.5,17.7,0.013853445
750.1,3260.3,0,-2.3,2.445551,1352.7,17.7,0.013707619
750.1,3258,0,-2.3,2.4438258,1352.9,17.7,0.013561794
750.1,3255.7,0,-2.3,2.4421006,1353.1,17.7,0.013415968
750.1,3253.3,0,-2.4,2.4403003,1353.3,17.7,0.013270142
750,3251,-0.1,-2.3,2.43825,1353.5,17.7,0.013124316
750,3248.6,0,-2.4,2.43645,1353.7,17.7,0.012978491
750,3246.2,0,-2.4,2.43465,1354,17.7,0.012759752
750.1,3243.7,0.1,-2.5,2.4330994,1354.2,17.7,0.012613926
750.1,3241.2,0,-2.5,2.4312241,1354.4,17.7,0.012468101
750.1,3238.7,0,-2.5,2.4293489,1354.6,17.7,0.012322275
750.2,3236.2,0.1,-2.5,2.4277972,1354.8,17.7,0.012176449
750.1,3233.6,-0.1,-2.6,2.4255234,1355,17.7,0.012030623
750.1,3231,0,-2.6,2.4235731,1355.2,17.7,0.011884798
750.1,3228.4,0,-2.6,2.4216228,1355.4,17.7,0.011738972
750,3225.7,-0.1,-2.7,2.419275,1355.6,17.7,0.011593146
750,3223,0,-2.7,2.41725,1355.8,17.7,0.01144732
750,3220.4,0,-2.6,2.4153,1356,17.7,0.011301495
750.1,3217.6,0.1,-2.8,2.4135218,1356.2,17.7,0.011155669
750.1,3214.9,0,-2.7,2.4114965,1356.5,17.7,0.01093693
750.1,3212.1,0,-2.8,2.4093962,1356.7,17.7,0.010791105
750,3209.2,-0.1,-2.9,2.4069,1356.9,17.7,0.010645279
750,3206.3,0,-2.9,2.404725,1357.1,17.7,0.010499453
750,3203.4,0,-2.9,2.40255,1357.3,17.7,0.010353627
750,3200.5,0,-2.9,2.400375,1357.5,17.7,0.010207802
750,3197.4,0,-3.1,2.39805,1357.7,17.7,0.010061976
750.1,3194.4,0.1,-3,2.3961194,1357.9,17.7,0.0099161502
750.1,3191.3,0,-3.1,2.3937941,1358.1,17.7,0.0097703245
750,3188.2,-0.1,-3.1,2.39115,1358.3,17.7,0.0096244987
750.1,3185.1,0.1,-3.1,2.3891435,1358.5,17.7,0.009478673
750.1,3181.9,0,-3.2,2.3867432,1358.7,17.7,0.0093328472
750.1,3178.6,0,-3.3,2.3842679,1359,17.7,0.0091141086
750,3175.3,-0.1,-3.3,2.381475,1359.2,17.7,0.0089682829
750.1,3171.8,0.1,-3.5,2.3791672,1359.4,17.7,0.0088224572
750.1,3168.4,0,-3.4,2.3766168,1359.6,17.7,0.0086766314
750.1,3164.9,0,-3.5,2.3739915,1359.8,17.7,0.0085308057
750,3161.4,-0.1,-3.5,2.37105,1360,17.7,0.0083849799
750,3157.7,0,-3.7,2.368275,1360.2,17.7,0.0082391542
750.1,3154,0.1,-3.7,2.3658154,1360.4,17.7,0.0080933285
750.1,3150.2,0,-3.8,2.362965,1360.6,17.7,0.0079475027
750,3146.3,-0.1,-3.9,2.359725,1360.8,17.7,0.007801677
750,3142.5,0,-3.8,2.356875,1361,17.7,0.0076558513
750.1,3138.5,0.1,-4,2.3541888,1361.2,17.7,0.0075100255
750.1,3134.4,0,-4.1,2.3511134,1361.5,17.7,0.0072912869
750,3130.2,-0.1,-4.2,2.34765,1361.7,17.7,0.0071454612
750,3125.9,0,-4.3,2.344425,1361.9,17.7,0.0069996354
750.1,3121.6,0.1,-4.3,2.3415122,1362.1,17.7,0.0068538097
750.1,3117.1,0,-4.5,2.3381367,1362.3,17.7,0.006707984
750.1,3112.5,0,-4.6,2.3346862,1362.5,17.7,0.0065621582
750.1,3107.9,0,-4.6,2.3312358,1362.7,17.7,0.0064163325
750,3103,-0.1,-4.9,2.32725,1362.9,17.7,0.0062705067
750,3098.2,0,-4.8,2.32365,1363.1,17.7,0.006124681
750.1,3093.2,0.1,-5,2.3202093,1363.3,17.7,0.0059788553
750.1,3088,0,-5.2,2.3163088,1363.5,17.7,0.0058330295
750.1,3082.7,0,-5.3,2.3123333,1363.7,17.7,0.0056872038
750.1,3077.4,0,-5.3,2.3083577,1364,17.7,0.0054684652
750.1,3071.9,0,-5.5,2.3042322,1364.2,17.7,0.0053226394
750.1,3066.3,0,-5.6,2.3000316,1364.4,17.7,0.0051768137
750.1,3060.5,0,-5.8,2.2956811,1364.6,17.7,0.005030988
750.1,3054.5,0,-6,2.2911805,1364.8,17.7,0.0048851622
750.1,3048.5,0,-6,2.2866799,1365,17.7,0.0047393365
750.1,3042.2,0,-6.3,2.2819542,1365.2,17.7,0.0045935108
750.1,3035.7,0,-6.5,2.2770786,1365.4,17.7,0.004447685
750.1,3029.1,0,-6.6,2.2721279,1365.6,17.7,0.0043018593
750,3022.4,-0.1,-6.7,2.2668,1365.8,17.7,0.0041560335
750,3015.4,0,-7,2.26155,1366,17.7,0.0040102078
750.1,3008.2,0.1,-7.2,2.2564508,1366.2,17.7,0.0038643821
750.1,3000.8,0,-7.4,2.2509001,1366.5,17.7,0.0036456435
750.1,2993.3,0,-7.5,2.2452743,1366.7,17.7,0.0034998177
750.1,2985.4,0,-7.9,2.2393485,1366.9,17.7,0.003353992
750.1,2977.4,0,-8,2.2333477,1367.1,17.7,0.0032081662
750.1,2969,0,-8.4,2.2270469,1367.3,17.7,0.0030623405
750.1,2960.4,0,-8.6,2.220596,1367.5,17.7,0.0029165148
750.1,2951.6,0,-8.8,2.2139952,1367.7,17.7,0.002770689
750,2942.5,-0.1,-9.1,2.206875,1367.9,17.7,0.0026248633
750,2933.1,0,-9.4,2.199825,1368.1,17.7,0.0024790376
750,2923.5,0,-9.6,2.192625,1368.3,17.7,0.0023332118
750,2913.6,0,-9.9,2.1852,1368.5,17.7,0.0021873861
750,2903.5,0,-10.1,2.177625,1368.7,17.7,0.0020415603
750.1,2893,0.1,-10.5,2.1700393,1369,17.7,0.0018228217
750.1,2882.4,0,-10.6,2.1620882,1369.2,17.7,0.001676996
750.1,2871.5,0,-10.9,2.1539122,1369.4,17.7,0.0015311703
750,2860.6,-0.1,-10.9,2.14545,1369.6,17.7,0.0013853445
750,2849.2,0,-11.4,2.1369,1369.8,17.7,0.0012395188
750,2837.6,0,-11.6,2.1282,1370,17.7,0.001093693
750.1,2825.8,0.1,-11.8,2.1196326,1370.2,17.7,0.0009478673
750.1,2813.8,0,-12,2.1106314,1370.4,17.7,0.00080204156
750.1,2801.4,0,-12.4,2.1013301,1370.6,17.7,0.00065621582
750.1,2789,0,-12.4,2.0920289,1370.8,17.7,0.00051039008
750.1,2776.3,0,-12.7,2.0825026,1371,17.7,0.00036456435
750,2763.4,-0.1,-12.9,2.07255,1371.2,17.7,0.00021873861
750,2750.3,0,-13.1,2.062725,1371.5,17.7,0
750,2748.9,0,-1.4,2.061675,1371.5,17.7,0
