Current(mA),Voltage(mV),dI(mA),dV(mV),Power(W),RawCapacity(mAh),T(C),SOC
0,4196,0,0,0,0,13.9,1
0,4195.4,0,-0.6,0,0,13.9,1
0,4194.9,0,-0.5,0,0,13.9,1
0,4194.5,0,-0.4,0,0,13.9,1
0,4194.1,0,-0.4,0,0,13.9,1
0,4193.8,0,-0.3,0,0,13.9,1
0,4193.5,0,-0.3,0,0,13.9,1
0,4193.2,0,-0.3,0,0,13.9,1
0,4193,0,-0.2,0,0,13.9,1
0,4192.7,0,-0.3,0,0,13.9,1
0,4192.5,0,-0.2,0,0,13.9,1
0,4192.3,0,-0.2,0,0,13.9,1
0,4192.1,0,-0.2,0,0,13.9,1
0,4191.9,0,-0.2,0,0,13.9,1
0,4191.6,0,-0.3,0,0,13.9,1
0,4191.4,0,-0.2,0,0,13.9,1
0,4191.3,0,-0.1,0,0,13.9,1
0,4191,0,-0.3,0,0,13.9,1
0,4190.9,0,-0.1,0,0,13.9,1
0,4190.7,0,-0.2,0,0,13.9,1
0,4190.5,0,-0.2,0,0,13.9,1
0,4190.3,0,-0.2,0,0,13.9,1
0,4190.1,0,-0.2,0,0,13.9,1
0,4190,0,-0.1,0,0,13.9,1
0,4189.8,0,-0.2,0,0,13.9,1
0,4189.6,0,-0.2,0,0,13.9,1
0,4189.5,0,-0.1,0,0,13.9,1
0,4189.3,0,-0.2,0,0,13.9,1
0,4189.1,0,-0.2,0,0,13.9,1
0,4189,0,-0.1,0,0,13.9,1
0,4188.9,0,-0.1,0,0,13.9,1
0,4188.7,0,-0.2,0,0,13.9,1
0,4188.5,0,-0.2,0,0,13.9,1
0,4188.4,0,-0.1,0,0,13.9,1
0,4188.2,0,-0.2,0,0,13.9,1
0,4188.1,0,-0.1,0,0,13.9,1
0,4187.9,0,-0.2,0,0,13.9,1
0,4187.8,0,-0.1,0,0,13.9,1
0,4187.7,0,-0.1,0,0,13.9,1
0,4187.6,0,-0.1,0,0,13.9,1
0,4187.4,0,-0.2,0,0,13.9,1
0,4187.2,0,-0.2,0,0,13.9,1
0,4187.1,0,-0.1,0,0,13.9,1
0,4187,0,-0.1,0,0,13.9,1
0,4186.9,0,-0.1,0,0,13.9,1
0,4186.8,0,-0.1,0,0,13.9,1
0,4186.6,0,-0.2,0,0,13.9,1
0,4186.5,0,-0.1,0,0,13.9,1
0,4186.4,0,-0.1,0,0,13.9,1
0,4186.3,0,-0.1,0,0,13.9,1
0,4186.1,0,-0.2,0,0,13.9,1
0,4186,0,-0.1,0,0,13.9,1
0,4185.9,0,-0.1,0,0,13.9,1
0,4185.8,0,-0.1,0,0,13.9,1
0,4185.7,0,-0.1,0,0,13.9,1
0,4185.5,0,-0.2,0,0,13.9,1
0,4185.5,0,0,0,0,13.9,1
0,4185.3,0,-0.2,0,0,13.9,1
0,4185.2,0,-0.1,0,0,13.9,1
0,4185.1,0,-0.1,0,0,13.9,1
0,4185,0,-0.1,0,0,13.9,1
0,4184.9,0,-0.1,0,0,13.9,1
0,4184.8,0,-0.1,0,0,13.9,1
0,4184.7,0,-0.1,0,0,13.9,1
0,4184.5,0,-0.2,0,0,13.9,1
0,4184.4,0,-0.1,0,0,13.9,1
0,4184.4,0,0,0,0,13.9,1
0,4184.2,0,-0.2,0,0,13.9,1
0,4184.2,0,0,0,0,13.9,1
0,4184.1,0,-0.1,0,0,13.9,1
0,4184,0,-0.1,0,0,13.9,1
0,4183.8,0,-0.2,0,0,13.9,1
0,4183.7,0,-0.1,0,0,13.9,1
0,4183.6,0,-0.1,0,0,13.9,1
0,4183.5,0,-0.1,0,0,13.9,1
0,4183.4,0,-0.1,0,0,13.9,1
0,4183.3,0,-0.1,0,0,13.9,1
0,4183.2,0,-0.1,0,0,13.9,1
0,4183.2,0,0,0,0,13.9,1
0,4183,0,-0.2,0,0,13.9,1
0,4182.9,0,-0.1,0,0,13.9,1
0,4182.8,0,-0.1,0,0,13.9,1
0,4182.8,0,0,0,0,13.9,1
0,4182.7,0,-0.1,0,0,13.9,1
0,4182.6,0,-0.1,0,0,13.9,1
0,4182.5,0,-0.1,0,0,13.9,1
0,4182.4,0,-0.1,0,0,13.9,1
0,4182.3,0,-0.1,0,0,13.9,1
0,4182.2,0,-0.1,0,0,13.9,1
0,4182.1,0,-0.1,0,0,13.9,1
0,4182,0,-0.1,0,0,13.9,1
0,4182,0,0,0,0,13.9,1
0,4181.9,0,-0.1,0,0,13.9,1
0,4181.8,0,-0.1,0,0,13.9,1
0,4181.7,0,-0.1,0,0,13.9,1
0,4181.6,0,-0.1,0,0,13.9,1
0,4181.5,0,-0.1,0,0,13.9,1
0,4181.4,0,-0.1,0,0,13.9,1
0,4181.3,0,-0.1,0,0,13.9,1
0,4181.2,0,-0.1,0,0,13.9,1
0,4181.1,0,-0.1,0,0,13.9,1
0,4181.1,0,0,0,0,13.9,1
0,4181,0,-0.1,0,0,13.9,1
0,4180.9,0,-0.1,0,0,13.9,1
0,4180.8,0,-0.1,0,0,13.9,1
0,4180.8,0,0,0,0,13.9,1
0,4180.7,0,-0.1,0,0,13.9,1
0,4180.6,0,-0.1,0,0,13.9,1
0,4180.5,0,-0.1,0,0,13.9,1
0,4180.4,0,-0.1,0,0,13.9,1
0,4180.4,0,0,0,0,13.9,1
0,4180.2,0,-0.2,0,0,13.9,1
0,4180.1,0,-0.1,0,0,13.9,1
0,4180.1,0,0,0,0,13.9,1
0,4180,0,-0.1,0,0,13.9,1
0,4179.9,0,-0.1,0,0,13.9,1
0,4179.8,0,-0.1,0,0,13.9,1
0,4179.8,0,0,0,0,13.9,1
0,4179.7,0,-0.1,0,0,13.9,1
0,4179.7,0,0,0,0,13.9,1
0,4179.5,0,-0.2,0,0,13.9,1
0,4179.5,0,0,0,0,13.9,1
0,4179.4,0,-0.1,0,0,13.9,1
0,4179.3,0,-0.1,0,0,13.9,1
0,4179.3,0,0,0,0,13.9,1
0,4179.2,0,-0.1,0,0,13.9,1
0,4179.1,0,-0.1,0,0,13.9,1
0,4179,0,-0.1,0,0,13.9,1
0,4179,0,0,0,0,13.9,1
0,4178.9,0,-0.1,0,0,13.9,1
0,4178.8,0,-0.1,0,0,13.9,1
0,4178.7,0,-0.1,0,0,13.9,1
0,4178.6,0,-0.1,0,0,13.9,1
0,4178.6,0,0,0,0,13.9,1
0,4178.5,0,-0.1,0,0,13.9,1
0,4178.5,0,0,0,0,13.9,1
0,4178.4,0,-0.1,0,0,13.9,1
0,4178.3,0,-0.1,0,0,13.9,1
0,4178.2,0,-0.1,0,0,13.9,1
0,4178.2,0,0,0,0,13.9,1
0,4178.1,0,-0.1,0,0,13.9,1
0,4178,0,-0.1,0,0,13.9,1
0,4177.9,0,-0.1,0,0,13.9,1
0,4177.9,0,0,0,0,13.9,1
0,4177.8,0,-0.1,0,0,13.9,1
0,4177.8,0,0,0,0,13.9,1
0,4177.7,0,-0.1,0,0,13.9,1
0,4177.6,0,-0.1,0,0,13.9,1
0,4177.5,0,-0.1,0,0,13.9,1
0,4177.5,0,0,0,0,13.9,1
0,4177.4,0,-0.1,0,0,13.9,1
0,4177.3,0,-0.1,0,0,13.9,1
0,4177.2,0,-0.1,0,0,13.9,1
0,4177.2,0,0,0,0,13.9,1
0,4177.1,0,-0.1,0,0,13.9,1
0,4177.1,0,0,0,0,13.9,1
0,4177,0,-0.1,0,0,13.9,1
0,4176.9,0,-0.1,0,0,13.9,1
0,4176.9,0,0,0,0,13.9,1
0,4176.8,0,-0.1,0,0,13.9,1
0,4176.7,0,-0.1,0,0,13.9,1
0,4176.7,0,0,0,0,13.9,1
0,4176.6,0,-0.1,0,0,13.9,1
0,4176.6,0,0,0,0,13.9,1
0,4176.5,0,-0.1,0,0,13.9,1
0,4176.4,0,-0.1,0,0,13.9,1
0,4176.3,0,-0.1,0,0,13.9,1
0,4176.3,0,0,0,0,13.9,1
0,4176.2,0,-0.1,0,0,13.9,1
0,4176.2,0,0,0,0,13.9,1
0,4176.1,0,-0.1,0,0,13.9,1
0,4176,0,-0.1,0,0,13.9,1
0,4176,0,0,0,0,13.9,1
0,4176,0,0,0,0,13.9,1
0,4175.8,0,-0.2,0,0,13.9,1
0,4175.8,0,0,0,0,13.9,1
0,4175.7,0,-0.1,0,0,13.9,1
0,4175.7,0,0,0,0,13.9,1
0,4175.6,0,-0.1,0,0,13.9,1
0,4175.6,0,0,0,0,13.9,1
0,4175.5,0,-0.1,0,0,13.9,1
0,4175.5,0,0,0,0,13.9,1
0,4175.4,0,-0.1,0,0,13.9,1
0,4175.3,0,-0.1,0,0,13.9,1
0,4175.3,0,0,0,0,13.9,1
0,4175.2,0,-0.1,0,0,13.9,1
0,4175.1,0,-0.1,0,0,13.9,1
0,4175.1,0,0,0,0,13.9,1
0,4175.1,0,0,0,0,13.9,1
0,4175,0,-0.1,0,0,13.9,1
0,4174.9,0,-0.1,0,0,13.9,1
0,4174.9,0,0,0,0,13.9,1
0,4174.8,0,-0.1,0,0,13.9,1
0,4174.7,0,-0.1,0,0,13.9,1
0,4174.7,0,0,0,0,13.9,1
0,4174.6,0,-0.1,0,0,13.9,1
0,4174.6,0,0,0,0,13.9,1
0,4174.5,0,-0.1,0,0,13.9,1
0,4174.5,0,0,0,0,13.9,1
0,4174.4,0,-0.1,0,0,13.9,1
0,4174.3,0,-0.1,0,0,13.9,1
0,4174.3,0,0,0,0,13.9,1
0,4174.2,0,-0.1,0,0,13.9,1
0,4174.2,0,0,0,0,13.9,1
0,4174.1,0,-0.1,0,0,13.9,1
0,4174.1,0,0,0,0,13.9,1
0,4174,0,-0.1,0,0,13.9,1
0,4174,0,0,0,0,13.9,1
0,4173.9,0,-0.1,0,0,13.9,1
0,4173.9,0,0,0,0,13.9,1
0,4173.8,0,-0.1,0,0,13.9,1
0,4173.7,0,-0.1,0,0,13.9,1
0,4173.7,0,0,0,0,13.9,1
0,4173.6,0,-0.1,0,0,13.9,1
0,4173.6,0,0,0,0,13.9,1
0,4173.5,0,-0.1,0,0,13.9,1
0,4173.4,0,-0.1,0,0,13.9,1
0,4173.4,0,0,0,0,13.9,1
0,4173.4,0,0,0,0,13.9,1
0,4173.3,0,-0.1,0,0,13.9,1
0,4173.3,0,0,0,0,13.9,1
0,4173.2,0,-0.1,0,0,13.9,1
0,4173.2,0,0,0,0,13.9,1
0,4173.1,0,-0.1,0,0,13.9,1
0,4173.1,0,0,0,0,13.9,1
0,4173,0,-0.1,0,0,13.9,1
0,4172.9,0,-0.1,0,0,13.9,1
0,4172.9,0,0,0,0,13.9,1
0,4172.8,0,-0.1,0,0,13.9,1
0,4172.8,0,0,0,0,13.9,1
0,4172.7,0,-0.1,0,0,13.9,1
0,4172.7,0,0,0,0,13.9,1
0,4172.7,0,0,0,0,13.9,1
0,4172.6,0,-0.1,0,0,13.9,1
0,4172.6,0,0,0,0,13.9,1
0,4172.5,0,-0.1,0,0,13.9,1
0,4172.4,0,-0.1,0,0,13.9,1
0,4172.4,0,0,0,0,13.9,1
0,4172.3,0,-0.1,0,0,13.9,1
0,4172.3,0,0,0,0,13.9,1
0,4172.2,0,-0.1,0,0,13.9,1
0,4172.2,0,0,0,0,13.9,1
0,4172.1,0,-0.1,0,0,13.9,1
0,4172.1,0,0,0,0,13.9,1
0,4172,0,-0.1,0,0,13.9,1
0,4172,0,0,0,0,13.9,1
0,4171.9,0,-0.1,0,0,13.9,1
0,4171.9,0,0,0,0,13.9,1
0,4171.9,0,0,0,0,13.9,1
0,4171.8,0,-0.1,0,0,13.9,1
0,4171.7,0,-0.1,0,0,13.9,1
0,4171.7,0,0,0,0,13.9,1
0,4171.6,0,-0.1,0,0,13.9,1
0,4171.6,0,0,0,0,13.9,1
0,4171.6,0,0,0,0,13.9,1
0,4171.5,0,-0.1,0,0,13.9,1
0,4171.4,0,-0.1,0,0,13.9,1
0,4171.4,0,0,0,0,13.9,1
0,4171.4,0,0,0,0,13.9,1
0,4171.3,0,-0.1,0,0,13.9,1
0,4171.2,0,-0.1,0,0,13.9,1
0,4171.2,0,0,0,0,13.9,1
0,4171.2,0,0,0,0,13.9,1
0,4171.1,0,-0.1,0,0,13.9,1
0,4171.1,0,0,0,0,13.9,1
0,4171,0,-0.1,0,0,13.9,1
0,4171,0,0,0,0,13.9,1
0,4170.9,0,-0.1,0,0,13.9,1
0,4170.9,0,0,0,0,13.9,1
0,4170.8,0,-0.1,0,0,13.9,1
0,4170.8,0,0,0,0,13.9,1
0,4170.8,0,0,0,0,13.9,1
0,4170.7,0,-0.1,0,0,13.9,1
0,4170.6,0,-0.1,0,0,13.9,1
0,4170.6,0,0,0,0,13.9,1
0,4170.6,0,0,0,0,13.9,1
0,4170.5,0,-0.1,0,0,13.9,1
0,4170.5,0,0,0,0,13.9,1
0,4170.4,0,-0.1,0,0,13.9,1
0,4170.4,0,0,0,0,13.9,1
0,4170.4,0,0,0,0,13.9,1
0,4170.3,0,-0.1,0,0,13.9,1
0,4170.3,0,0,0,0,13.9,1
0,4170.2,0,-0.1,0,0,13.9,1
0,4170.1,0,-0.1,0,0,13.9,1
0,4170.2,0,0.1,0,0,13.9,1
0,4170.1,0,-0.1,0,0,13.9,1
0,4170,0,-0.1,0,0,13.9,1
0,4170,0,0,0,0,13.9,1
0,4169.9,0,-0.1,0,0,13.9,1
0,4169.9,0,0,0,0,13.9,1
0,4169.8,0,-0.1,0,0,13.9,1
0,4169.8,0,0,0,0,13.9,1
0,4169.8,0,0,0,0,13.9,1
0,4169.7,0,-0.1,0,0,13.9,1
0,4169.7,0,0,0,0,13.9,1
0,4169.6,0,-0.1,0,0,13.9,1
0,4169.6,0,0,0,0,13.9,1
0,4169.5,0,-0.1,0,0,13.9,1
0,4169.5,0,0,0,0,13.9,1
0,4169.4,0,-0.1,0,0,13.9,1
0,4169.4,0,0,0,0,13.9,1
42,4166.6,42,-2.8,0.1749972,0,13.9,1
88,4163.4,46,-3.2,0.3663792,0,13.9,1
132.2,4160.1,44.2,-3.3,0.54996522,0.1,13.9,0.99991839
178.1,4156.4,45.9,-3.7,0.74025484,0.1,13.9,0.99991839
224.9,4152.4,46.8,-4,0.93387476,0.2,13.9,0.99983677
267.2,4148.7,42.3,-3.7,1.1085326,0.3,13.9,0.99975516
317,4144.3,49.8,-4.4,1.3137431,0.3,13.9,0.99975516
360,4140.2,43,-4.1,1.490472,0.4,13.9,0.99967355
403.1,4136,43.1,-4.2,1.6672216,0.6,13.9,0.99951032
445,4131.8,41.9,-4.2,1.838651,0.7,13.9,0.99942871
490,4127.3,45,-4.5,2.022377,0.8,13.9,0.9993471
535,4122.8,45,-4.5,2.205698,1,13.9,0.99918387
580,4118.1,45,-4.7,2.388498,1.1,13.9,0.99910226
583.1,4116,3.1,-2.1,2.4000396,1.3,13.9,0.99893904
577.9,4114.6,-5.2,-1.4,2.3778273,1.4,13.9,0.99885742
582.1,4112.8,4.2,-1.8,2.3940609,1.6,13.9,0.9986942
678.9,4105.2,96.8,-7.6,2.7870203,1.8,13.9,0.99853097
780,4097.1,101.1,-8.1,3.195738,2,13.9,0.99836775
885,4088.4,105,-8.7,3.618234,2.3,13.9,0.99812291
983,4079.9,98,-8.5,4.0105417,2.5,13.9,0.99795968
1091,4070.7,108,-9.2,4.4411337,2.8,13.9,0.99771485
1184.1,4062.1,93.1,-8.6,4.8099326,3.2,13.9,0.99738839
1280.8,4053.2,96.7,-8.9,5.1913386,3.5,13.9,0.99714356
1384.1,4043.9,103.3,-9.3,5.597162,3.9,13.9,0.99681711
1484,4034.8,99.9,-9.1,5.9876432,4.3,13.9,0.99649066
1583.8,4025.5,99.8,-9.3,6.3755869,4.8,13.9,0.99608259
1691.1,4015.7,107.3,-9.8,6.7909503,5.2,13.9,0.99575614
1789.9,4006.5,98.8,-9.2,7.1712343,5.7,13.9,0.99534808
1783.1,4003.4,-6.8,-3.1,7.1384625,6.2,13.9,0.99494001
1786,4000,2.9,-3.4,7.144,6.7,13.9,0.99453195
1788,3996.9,2,-3.1,7.1464572,7.2,13.9,0.99412389
1787,3994.2,-1,-2.7,7.1376354,7.7,13.9,0.99371582
1788,3991.5,1,-2.7,7.136802,8.2,13.9,0.99330776
1793.1,3988.7,5.1,-2.8,7.152138,8.7,13.9,0.9928997
1787,3986.7,-6.1,-2,7.1242329,9.2,13.9,0.99249163
1789.9,3984.2,2.9,-2.5,7.1313196,9.7,13.9,0.99208357
1790.1,3982,0.2,-2.2,7.1281782,10.2,13.9,0.99167551
1785.1,3980.2,-5,-1.8,7.105055,10.7,13.9,0.99126744
1793,3977.7,7.9,-2.5,7.1320161,11.2,13.9,0.99085938
1787,3976,-6,-1.7,7.105112,11.7,13.9,0.99045132
1789,3974,2,-2,7.109486,12.2,13.9,0.99004325
1788,3972.2,-1,-1.8,7.1022936,12.7,13.9,0.98963519
1789,3970.4,1,-1.8,7.1030456,13.2,13.9,0.98922713
1788.1,3968.6,-0.9,-1.8,7.0962537,13.7,13.9,0.98881906
1451.1,3986.4,-337,17.8,5.784665,14.1,13.9,0.98849261
1120,4004.9,-331.1,18.5,4.485488,14.4,13.9,0.98824778
1120,4005.2,0,0.3,4.485824,14.7,13.9,0.98800294
1122,4005,2,-0.2,4.49361,15,13.9,0.9877581
1114.9,4005.1,-7.1,0.1,4.465286,15.3,13.9,0.98751326
1114,4004.8,-0.9,-0.3,4.4613472,15.6,13.9,0.98726842
1117,4004.3,3,-0.5,4.4728031,15.9,13.9,0.98702359
1116,4003.9,-1,-0.4,4.4683524,16.2,13.9,0.98677875
1113,4003.6,-3,-0.3,4.4560068,16.6,13.9,0.9864523
1117.1,4002.9,4.1,-0.7,4.4716396,16.9,13.9,0.98620746
1114,4002.5,-3.1,-0.4,4.458785,17.2,13.9,0.98596262
1118,4001.8,4,-0.7,4.4740124,17.5,13.9,0.98571778
1118,4001.2,0,-0.6,4.4733416,17.8,13.9,0.98547295
1118,4000.7,0,-0.5,4.4727826,18.1,13.9,0.98522811
1118,4000.1,0,-0.6,4.4721118,18.4,13.9,0.98498327
1114.9,3999.8,-3.1,-0.3,4.459377,18.7,13.9,0.98473843
1114.9,3999.2,0,-0.6,4.4587081,19,13.9,0.98449359
1118,3998.5,3.1,-0.7,4.470323,19.3,13.9,0.98424876
1117,3998,-1,-0.5,4.465766,19.7,13.9,0.9839223
1118,3997.4,1,-0.6,4.4690932,19.9,13.9,0.98375908
1074,3999.4,-44,2,4.2953556,20.2,13.9,0.98351424
1039,4000.9,-35,1.5,4.1569351,20.5,13.9,0.9832694
997.1,4003,-41.9,2.1,3.9913913,20.8,13.9,0.98302457
955,4005.2,-42.1,2.2,3.824966,21.1,13.9,0.98277973
915,4007.4,-40,2.2,3.666771,21.3,13.9,0.9826165
868.1,4010,-46.9,2.6,3.481081,21.6,13.9,0.98237166
828,4012.3,-40.1,2.3,3.3221844,21.8,13.9,0.98220844
787.1,4014.7,-40.9,2.4,3.1599704,22,13.9,0.98204521
745,4017.2,-42.1,2.5,2.992814,22.2,13.9,0.98188199
704,4019.8,-41,2.6,2.8299392,22.4,13.9,0.98171876
667.1,4022.1,-36.9,2.3,2.6831429,22.6,13.9,0.98155554
672,4022.1,4.9,0,2.7028512,22.8,13.9,0.98139231
666,4022.6,-6,0.5,2.6790516,23,13.9,0.98122909
669.1,4022.6,3.1,0,2.6915217,23.2,13.9,0.98106586
665,4022.9,-4.1,0.3,2.6752285,23.3,13.9,0.98098425
666.1,4023,1.1,0.1,2.6797203,23.5,13.9,0.98082102
669.1,4022.9,3,-0.1,2.6917224,23.7,13.9,0.9806578
670,4022.8,0.9,-0.1,2.695276,23.9,13.9,0.98049457
668.1,4023,-1.9,0.2,2.6877663,24.1,13.9,0.98033135
667.1,4023,-1,0,2.6837433,24.3,13.9,0.98016812
664,4023.2,-3.1,0.2,2.6714048,24.5,13.9,0.9800049
665.1,4023.2,1.1,0,2.6758303,24.6,13.9,0.97992328
666.1,4023.1,1,-0.1,2.6797869,24.8,13.9,0.97976006
662,4023.3,-4.1,0.2,2.6634246,25,13.9,0.97959683
666,4023,4,-0.3,2.679318,25.2,13.9,0.97943361
672,4022.7,6,-0.3,2.7032544,25.4,13.9,0.97927038
671.1,4022.6,-0.9,-0.1,2.6995669,25.6,13.9,0.97910716
669.1,4022.6,-2,0,2.6915217,25.8,13.9,0.97894393
670,4022.5,0.9,-0.1,2.695075,25.9,13.9,0.97886232
669,4022.5,-1,0,2.6910525,26.1,13.9,0.97869909
669.1,4022.5,0.1,0,2.6914548,26.3,13.9,0.97853587
670,4022.3,0.9,-0.2,2.694941,26.5,13.9,0.97837264
664,4022.6,-6,0.3,2.6710064,26.7,13.9,0.97820942
663.1,4022.5,-0.9,-0.1,2.6673197,26.9,13.9,0.97804619
669,4022.2,5.9,-0.3,2.6908518,27.1,13.9,0.97788297
669.1,4022.1,0.1,-0.1,2.6911871,27.2,13.9,0.97780135
822,4013.2,152.9,-8.9,3.2988504,27.5,13.9,0.97755652
976,4003.7,154,-9.5,3.9076112,27.7,13.9,0.97739329
1128,3994.1,152,-9.6,4.5053448,28.1,13.9,0.97706684
1281,3984.1,153,-10,5.1036321,28.4,13.9,0.976822
1435.9,3973.8,154.9,-10.3,5.7059794,28.8,13.9,0.97649555
1590,3963.3,154.1,-10.5,6.301647,29.2,13.9,0.9761691
1746.9,3952.5,156.9,-10.8,6.9046223,29.7,13.9,0.97576104
1747.1,3950.4,0.2,-2.1,6.9017438,30.2,13.9,0.97535297
1740.1,3949,-7,-1.4,6.8716549,30.7,13.9,0.97494491
1738,3947.4,-2.1,-1.6,6.8605812,31.2,13.9,0.97453685
1743.1,3945.6,5.1,-1.8,6.8775754,31.7,13.9,0.97412878
1745.1,3944,2,-1.6,6.8826744,32.2,13.9,0.97372072
1743,3942.7,-2.1,-1.3,6.8721261,32.6,13.9,0.97339427
1740.2,3941.5,-2.8,-1.2,6.8589983,33.1,13.9,0.97298621
1745,3940,4.8,-1.5,6.8753,33.6,13.9,0.97257814
1741.1,3939.1,-3.9,-0.9,6.858367,34.1,13.9,0.97217008
1743,3937.7,1.9,-1.4,6.8634111,34.6,13.9,0.97176202
1743.1,3936.6,0.1,-1.1,6.8618875,35.1,13.9,0.97135395
1742,3935.6,-1.1,-1,6.8558152,35.5,13.9,0.9710275
1739,3934.7,-3,-0.9,6.8424433,36,13.9,0.97061944
1747.1,3933.2,8.1,-1.5,6.8716937,36.5,13.9,0.97021138
1740,3932.5,-7.1,-0.7,6.84255,37,13.9,0.96980331
1740.1,3931.6,0.1,-0.9,6.8413772,37.5,13.9,0.96939525
1741,3930.5,0.9,-1.1,6.8430005,38,13.9,0.96898719
1747.1,3929.3,6.1,-1.2,6.86488,38.4,13.9,0.96866074
1737,3928.9,-10.1,-0.4,6.8244993,38.9,13.9,0.96825267
1744.1,3927.6,7.1,-1.3,6.8501272,39.4,13.9,0.96784461
1741.1,3926.9,-3,-0.7,6.8371256,39.9,13.9,0.96743655
1740.1,3926.1,-1,-0.8,6.8318066,40.4,13.9,0.96702848
1743,3925.1,2.9,-1,6.8414493,40.8,13.9,0.96670203
1740.1,3924.4,-2.9,-0.7,6.8288484,41.3,13.9,0.96629397
1743,3923.4,2.9,-1,6.8384862,41.8,13.9,0.96588591
1681.1,3926.1,-61.9,2.7,6.6001667,42.3,13.9,0.96547784
1626.1,3928.6,-55,2.5,6.3882965,42.7,13.9,0.96515139
1630,3927.8,3.9,-0.8,6.402314,43.2,13.9,0.96474333
1620,3927.9,-10,0.1,6.363198,43.6,13.9,0.96441688
1626.1,3927,6.1,-0.9,6.3856947,44.1,13.9,0.96400881
1626,3926.4,-0.1,-0.6,6.3843264,44.5,13.9,0.96368236
1627.1,3925.8,1.1,-0.6,6.3876692,45,13.9,0.9632743
1628.1,3925.2,1,-0.6,6.3906181,45.4,13.9,0.96294785
1621,3925,-7.1,-0.2,6.362425,45.9,13.9,0.96253979
1623,3924.4,2,-0.6,6.3693012,46.3,13.9,0.96221334
1628.1,3923.5,5.1,-0.9,6.3878504,46.8,13.9,0.96180527
1626.1,3923,-2,-0.5,6.3791903,47.2,13.9,0.96147882
1629,3922.3,2.9,-0.7,6.3894267,47.7,14,0.96107076
1630.1,3921.7,1.1,-0.6,6.3927632,48.2,14,0.96066269
1629,3921.3,-1.1,-0.4,6.3877977,48.6,14,0.96033624
1627.1,3920.8,-1.9,-0.5,6.3795337,49.1,14,0.95992818
1629.1,3920.3,2,-0.5,6.3865607,49.5,14,0.95960173
1629.1,3919.7,0,-0.6,6.3855833,50,14,0.95919367
1624,3919.4,-5.1,-0.3,6.3651056,50.4,14,0.95886722
1879,3904.7,255,-14.7,7.3369313,50.9,14,0.95845915
1881.1,3903.4,2.1,-1.3,7.3426857,51.5,14,0.95796948
1833.2,3905.1,-47.9,1.7,7.1588293,52,14,0.95756141
1798,3906.3,-35.2,1.2,7.0235274,52.5,14,0.95715335
1760.1,3907.8,-37.9,1.5,6.8781188,53,14,0.95674529
1703,3910.5,-57.1,2.7,6.6595815,53.4,14,0.95641884
1673,3911.7,-30,1.2,6.5442741,53.9,14,0.95601077
1628.1,3913.9,-44.9,2.2,6.3722206,54.3,14,0.95568432
1587,3915.9,-41.1,2,6.2145333,54.8,14,0.95527626
1543,3918.1,-44,2.2,6.0456283,55.2,14,0.95494981
1507,3919.9,-36,1.8,5.9072893,55.6,14,0.95462336
1461,3922.4,-46,2.5,5.7306264,56,14,0.95429691
1416.1,3924.8,-44.9,2.4,5.5579093,56.4,14,0.95397046
1420,3924.6,3.9,-0.2,5.572932,56.8,14,0.95364401
1421,3924.5,1,-0.1,5.5767145,57.2,14,0.95331755
1424,3924.2,3,-0.3,5.5880608,57.6,14,0.9529911
1416.1,3924.5,-7.9,0.3,5.5574844,58,14,0.95266465
1416,3924.4,-0.1,-0.1,5.5569504,58.4,14,0.9523382
1414,3924.3,-2,-0.1,5.5489602,58.8,14,0.95201175
1417,3924,3,-0.3,5.560308,59.2,14,0.9516853
1419,3923.7,2,-0.3,5.5677303,59.6,14,0.95135885
1420,3923.5,1,-0.2,5.57137,60,14,0.9510324
1414.1,3923.6,-5.9,0.1,5.5483628,60.4,14,0.95070595
817.2,3957.1,-596.9,33.5,3.2337421,60.6,14,0.95054272
208.2,3992.6,-609,35.5,0.83125932,60.7,14,0.95046111
-395.1,4029.1,-603.3,36.5,-1.5918974,60.6,14,0.95054272
-395.1,4032.6,0,3.5,-1.5932803,60.5,14,0.95062434
-393.2,4035.3,1.9,2.7,-1.58668,60.4,14,0.95070595
-390.2,4037.6,3,2.3,-1.5754715,60.3,14,0.95078756
-391.1,4039.9,-0.9,2.3,-1.5800049,60.2,14,0.95086917
-398,4042.3,-6.9,2.4,-1.6088354,60.1,14,0.95095079
-390.1,4043.8,7.9,1.5,-1.5774864,60,14,0.9510324
-394.1,4045.7,-4,1.9,-1.5944104,59.8,14,0.95119563
-391.1,4047.3,3,1.6,-1.582899,59.7,14,0.95127724
-388.1,4048.7,3,1.4,-1.5713005,59.6,14,0.95135885
-392,4050.5,-3.9,1.8,-1.587796,59.5,14,0.95144046
-393.1,4052,-1.1,1.5,-1.5928412,59.4,14,0.95152208
-394.1,4053.5,-1,1.5,-1.5974843,59.3,14,0.95160369
-392.1,4054.7,2,1.2,-1.5898479,59.2,14,0.9516853
-396.1,4056.3,-4,1.6,-1.6067004,59.1,14,0.95176691
-395.1,4057.5,1,1.2,-1.6031183,59,14,0.95184853
-393,4058.6,2.1,1.1,-1.5950298,58.9,14,0.95193014
-388.1,4059.6,4.9,1,-1.5755308,58.8,14,0.95201175
-393.1,4061,-5,1.4,-1.5963791,58.6,14,0.95217498
-392.1,4062.1,1,1.1,-1.5927494,58.5,14,0.95225659
-391.1,4063.1,1,1,-1.5890784,58.4,14,0.9523382
-392.1,4064.3,-1,1.2,-1.593612,58.3,14,0.95241982
-388.1,4065.1,4,0.8,-1.5776653,58.2,14,0.95250143
-396.1,4066.6,-8,1.5,-1.6107803,58.1,14,0.95258304
-390.2,4067.2,5.9,0.6,-1.5870214,58,14,0.95266465
-396.1,4068.5,-5.9,1.3,-1.6115329,57.9,14,0.95274627
-392.1,4069.3,4,0.8,-1.5955725,57.8,14,0.95282788
-393.1,4070.3,-1,1,-1.6000349,57.7,14,0.95290949
-390,4071.1,3.1,0.8,-1.587729,57.6,14,0.9529911
-392.1,4072.1,-2.1,1,-1.5966704,57.4,14,0.95315433
-391.2,4072.9,0.9,0.8,-1.5933185,57.3,14,0.95323594
-394.1,4074,-2.9,1.1,-1.6055634,57.2,14,0.95331755
-395.1,4074.9,-1,0.9,-1.609993,57.1,14,0.95339917
-394.1,4075.7,1,0.8,-1.6062334,57,14,0.95348078
-474,4081,-79.9,5.3,-1.934394,56.9,14,0.95356239
-551.9,4086.4,-77.9,5.4,-2.2552842,56.7,14,0.95372562
-632.1,4092,-80.2,5.6,-2.5865532,56.5,14,0.95388884
-720.1,4098.3,-88,6.3,-2.9511858,56.3,14,0.95405207
-790.1,4103.6,-70,5.3,-3.2422544,56.1,14,0.95421529
-885.1,4110.4,-95,6.8,-3.638115,55.9,14,0.95437852
-885,4112.1,0.1,1.7,-3.6392085,55.6,14,0.95462336
-874,4113,11,0.9,-3.594762,55.4,14,0.95478658
-878.1,4114.6,-4.1,1.6,-3.6130303,55.2,14,0.95494981
-872.1,4115.7,6,1.1,-3.589302,54.9,14,0.95519465
-879.1,4117.3,-7,1.6,-3.6195184,54.7,14,0.95535787
-873.1,4118.3,6,1,-3.5956877,54.4,14,0.95560271
-876.1,4119.7,-3,1.4,-3.6092692,54.2,14,0.95576593
-874.1,4120.8,2,1.1,-3.6019913,53.9,14,0.95601077
-878.1,4122.2,-4,1.4,-3.6197038,53.7,14,0.956174
-878,4123.4,0.1,1.2,-3.6203452,53.4,14,0.95641884
-880.1,4124.6,-2.1,1.2,-3.6300605,53.2,14,0.95658206
-873.1,4125.3,7,0.7,-3.6017994,53,14,0.95674529
-879.1,4126.8,-6,1.5,-3.6278699,52.7,14,0.95699012
-879.1,4127.9,0,1.1,-3.6288369,52.5,14,0.95715335
-875.1,4128.7,4,0.8,-3.6130254,52.2,14,0.95739819
-877.1,4129.9,-2,1.2,-3.6223353,52,14,0.95756141
-879.1,4131,-2,1.1,-3.6315621,51.7,14,0.95780625
-879.1,4132,0,1,-3.6324412,51.5,14,0.95796948
-877.2,4132.9,1.9,0.9,-3.6253799,51.3,14,0.9581327
-423.3,4108.3,453.9,-24.6,-1.7390434,51.1,14,0.95829593
16,4083.1,439.3,-25.2,0.0653296,51.1,14,0.95829593
467,4056.4,451,-26.7,1.8943388,51.2,14,0.95821431
913.9,4029,446.9,-27.4,3.6821031,51.5,14,0.95796948
1368.9,4000.6,455,-28.4,5.4764213,51.9,14,0.95764303
1812,3972.1,443.1,-28.5,7.1974452,52.4,14,0.95723496
1809,3968.1,-3,-4,7.1782929,52.9,14,0.9568269
1812.9,3964.4,3.9,-3.7,7.1870608,53.4,14,0.95641884
1812,3961.3,-0.9,-3.1,7.1778756,53.9,14,0.95601077
1811.1,3958.5,-0.9,-2.8,7.1692393,54.4,14,0.95560271
1813,3955.7,1.9,-2.8,7.1716841,54.9,14,0.95519465
1808,3953.5,-5,-2.2,7.147928,55.4,14,0.95478658
1806,3951.4,-2,-2.1,7.1362284,55.9,14,0.95437852
1816.9,3948.6,10.9,-2.8,7.1742113,56.4,14,0.95397046
1814,3946.7,-2.9,-1.9,7.1593138,56.9,14,0.95356239
1812.1,3944.9,-1.9,-1.8,7.1485533,57.4,14,0.95315433
1808,3943.2,-4.1,-1.7,7.1293056,57.9,14,0.95274627
1812,3941.2,4,-2,7.1414544,58.4,14,0.9523382
1812.9,3939.4,0.9,-1.8,7.1417383,58.9,14,0.95193014
1813,3937.7,0.1,-1.7,7.1390501,59.4,14,0.95152208
1808,3936.4,-5,-1.3,7.1170112,59.9,14,0.95111401
1811,3934.7,3,-1.7,7.1257417,60.4,14,0.95070595
1805.1,3933.6,-5.9,-1.1,7.1005414,60.9,14,0.95029789
1814.1,3931.6,9,-2,7.1323156,61.4,14,0.94988982
1814,3930.2,-0.1,-1.4,7.1293828,61.9,14,0.94948176
1812.1,3929,-1.9,-1.2,7.1197409,62.4,14,0.9490737
1812,3927.7,-0.1,-1.3,7.1169924,63,14,0.94858402
1813,3926.3,1,-1.4,7.1183819,63.5,14,0.94817596
1808,3925.3,-5,-1,7.0969424,64,14,0.94776789
1808.1,3924.1,0.1,-1.2,7.0951652,64.5,14,0.94735983
1802,3923.3,-6.1,-0.8,7.0697866,65,14,0.94695177
1796.1,3922.5,-5.9,-0.8,7.0452022,65.5,14,0.9465437
1796.1,3921.5,0,-1,7.0434062,66,14,0.94613564
1786,3920.9,-10.1,-0.6,7.0027274,66.5,14,0.94572758
1785,3919.9,-1,-1,6.9970215,66.9,14,0.94540113
1781,3919.2,-4,-0.7,6.9800952,67.4,14,0.94499306
1787,3917.9,6,-1.3,7.0012873,67.9,14,0.944585
1792.1,3916.6,5.1,-1.3,7.0189389,68.4,14,0.94417694
1794.1,3915.6,2,-1,7.024978,68.9,14,0.94376887
1793.1,3914.7,-1,-0.9,7.0194486,69.4,14,0.94336081
1789,3914,-4.1,-0.7,7.002146,69.9,14,0.94295275
1789.1,3913.1,0.1,-0.9,7.0009272,70.4,14,0.94254468
1790.1,3912.1,1,-1,7.0030502,70.9,14,0.94213662
1791,3911.2,0.9,-0.9,7.0049592,71.4,14,0.94172856
1787,3910.6,-4,-0.6,6.9882422,71.9,14,0.94132049
1786,3909.9,-1,-0.7,6.9830814,72.4,14,0.94091243
1786,3909.1,0,-0.8,6.9816526,72.9,14,0.94050437
1783,3908.4,-3,-0.7,6.9686772,73.4,14,0.9400963
1791,3907.2,8,-1.2,6.9977952,73.9,14,0.93968824
1796.1,3906.2,5.1,-1,7.0159258,74.4,14,0.93928018
1805,3904.9,8.9,-1.3,7.0483445,74.9,14,0.93887211
1813,3903.7,8,-1.2,7.0774081,75.4,14,0.93846405
1822.1,3902.5,9.1,-1.2,7.1107452,75.9,14,0.93805599
1832.9,3901,10.8,-1.5,7.1501429,76.4,14,0.93764792
1837,3900,4.1,-1,7.1643,76.9,14,0.93723986
1850.1,3898.6,13.1,-1.4,7.2127999,77.4,14,0.9368318
1854.1,3897.6,4,-1,7.2265402,78,14,0.93634212
1863,3896.4,8.9,-1.2,7.2589932,78.5,14,0.93593406
1875,3894.9,12,-1.5,7.3029375,79,14,0.93552599
1882,3893.8,7,-1.1,7.3281316,79.5,14,0.93511793
1879,3893.2,-3,-0.6,7.3153228,80,14,0.93470987
1881,3892.4,2,-0.8,7.3216044,80.6,14,0.93422019
1881.1,3891.7,0.1,-0.7,7.3206769,81.1,14,0.93381213
1879.1,3891.1,-2,-0.6,7.311766,81.6,14,0.93340406
1885.1,3890.1,6,-1,7.3332275,82.1,14,0.932996
1880.1,3889.7,-5,-0.4,7.313025,82.6,14,0.93258794
1889,3888.5,8.9,-1.2,7.3453765,83.1,14,0.93217987
1883,3888.2,-6,-0.3,7.3214806,83.7,14,0.9316902
1881,3887.7,-2,-0.5,7.3127637,84.2,14,0.93128213
1883,3887,2,-0.7,7.319221,84.7,14,0.93087407
1887,3886.1,4,-0.9,7.3330707,85.2,14.1,0.93046601
1885,3885.6,-2,-0.5,7.324356,85.8,14.1,0.92997633
1884,3885.1,-1,-0.5,7.3195284,86.3,14.1,0.92956827
1883,3884.6,-1,-0.5,7.3147018,86.8,14.1,0.92916021
1876,3884.4,-7,-0.2,7.2871344,87.3,14.1,0.92875214
1892,3883,16,-1.4,7.346636,87.9,14.1,0.92826247
1880,3883,-12,0,7.30004,88.4,14.1,0.9278544
1882,3882.4,2,-0.6,7.3066768,88.9,14.1,0.92744634
1881.1,3881.9,-0.9,-0.5,7.3022421,89.4,14.1,0.92703828
1880,3881.4,-1.1,-0.5,7.297032,89.9,14.1,0.92663021
1882.2,3880.8,2.2,-0.6,7.3044418,90.5,14.1,0.92614054
1878,3880.5,-4.2,-0.3,7.287579,91,14.1,0.92573247
1883,3879.7,5,-0.8,7.3054751,91.5,14.1,0.92532441
1881.1,3879.3,-1.9,-0.4,7.2973512,92,14.1,0.92491635
1881,3878.8,-0.1,-0.5,7.2960228,92.6,14.1,0.92442667
1879,3878.4,-2,-0.4,7.2875136,93.1,14.1,0.92401861
1884.1,3877.7,5.1,-0.7,7.3059746,93.6,14.1,0.92361054
1886,3877.1,1.9,-0.6,7.3122106,94.1,14.1,0.92320248
1870,3877.5,-16,0.4,7.250925,94.6,14.1,0.92279442
1856,3877.8,-14,0.3,7.1971968,95.2,14.1,0.92230474
1841.1,3878.3,-14.9,0.5,7.1403381,95.7,14.1,0.92189668
1829,3878.5,-12.1,0.2,7.0937765,96.2,14.1,0.92148862
1833.1,3877.9,4.1,-0.6,7.1085785,96.7,14.1,0.92108055
1829,3877.8,-4.1,-0.1,7.0924962,97.2,14.1,0.92067249
1835,3877.1,6,-0.7,7.1144785,97.7,14.1,0.92026443
1833,3876.8,-2,-0.3,7.1061744,98.2,14.1,0.91985636
1834,3876.4,1,-0.4,7.1093176,98.7,14.1,0.9194483
1831.1,3876.2,-2.9,-0.2,7.0977098,99.2,14.1,0.91904024
1829,3875.9,-2.1,-0.3,7.0890211,99.7,14.1,0.91863217
1833,3875.3,4,-0.6,7.1034249,100.3,14.1,0.9181425
1834.1,3874.9,1.1,-0.4,7.1069541,100.8,14.1,0.91773443
1835,3874.5,0.9,-0.4,7.1097075,101.3,14.1,0.91732637
1830,3874.4,-5,-0.1,7.090152,101.8,14.1,0.91691831
1829,3874,-1,-0.4,7.085546,102.3,14.1,0.91651024
1833.1,3873.5,4.1,-0.5,7.1005128,102.8,14.1,0.91610218
1829,3873.4,-4.1,-0.1,7.0844486,103.3,14.1,0.91569412
1834,3872.7,5,-0.7,7.1025318,103.8,14.1,0.91528605
1830.1,3872.6,-3.9,-0.1,7.0872453,104.3,14.1,0.91487799
1827.1,3872.4,-3,-0.2,7.075262,104.8,14.1,0.91446993
1835,3871.6,7.9,-0.8,7.104386,105.3,14.1,0.91406186
1833.2,3871.4,-1.8,-0.2,7.0970505,105.8,14.1,0.9136538
1831,3871.1,-2.2,-0.3,7.0879841,106.4,14.1,0.91316412
1829.1,3870.9,-1.9,-0.2,7.0802632,106.9,14.1,0.91275606
1836.1,3870.2,7,-0.7,7.1060742,107.4,14.1,0.912348
1833,3870,-3.1,-0.2,7.09371,107.9,14.1,0.91193993
1827.1,3870,-5.9,0,7.070877,108.4,14.1,0.91153187
1835,3869.3,7.9,-0.7,7.1001655,108.9,14.1,0.91112381
1677.1,3877.7,-157.9,8.4,6.5032907,109.4,14.1,0.91071574
1519.1,3886.6,-158,8.9,5.9041341,109.8,14.1,0.91038929
1356,3896,-163.1,9.4,5.282976,110.2,14.1,0.91006284
1200.1,3905.3,-155.9,9.3,4.6867505,110.5,14.1,0.909818
1038,3915.2,-162.1,9.9,4.0639776,110.8,14.1,0.90957317
881.1,3925,-156.9,9.8,3.4583175,111,14.1,0.90940994
720.1,3935.2,-161,10.2,2.8337375,111.2,14.1,0.90924672
568.1,3945.1,-152,9.9,2.2412113,111.4,14.1,0.90908349
408.1,3955.6,-160,10.5,1.6142804,111.5,14.1,0.90900188
246.1,3966.3,-162,10.7,0.97610643,111.6,14.1,0.90892026
89,3976.9,-157.1,10.6,0.3539441,111.6,14.1,0.90892026
-63,3987.5,-152,10.6,-0.2512125,111.6,14.1,0.90892026
-67,3989.8,-4,2.3,-0.2673166,111.6,14.1,0.90892026
-70,3991.9,-3,2.1,-0.279433,111.6,14.1,0.90892026
-74,3993.8,-4,1.9,-0.2955412,111.6,14.1,0.90892026
-64,3994.9,10,1.1,-0.2556736,111.6,14.1,0.90892026
-62,3996.3,2,1.4,-0.2477706,111.5,14.1,0.90900188
-68,3998,-6,1.7,-0.271864,111.5,14.1,0.90900188
-67,3999.3,1,1.3,-0.2679531,111.5,14.1,0.90900188
-63,4000.3,4,1,-0.2520189,111.5,14.1,0.90900188
-70,4001.9,-7,1.6,-0.280133,111.5,14.1,0.90900188
-71,4003.2,-1,1.3,-0.2842272,111.4,14.1,0.90908349
-67,4004.1,4,0.9,-0.2682747,111.4,14.1,0.90908349
-65,4005,2,0.9,-0.260325,111.4,14.1,0.90908349
137.1,3994.9,202.1,-10.1,0.54770079,111.4,14.1,0.90908349
340.1,3984.2,203,-10.7,1.3550264,111.5,14.1,0.90900188
541,3973.3,200.9,-10.9,2.1495553,111.7,14.1,0.90883865
749,3961.6,208,-11.7,2.9672384,111.9,14.1,0.90867543
946,3950.1,197,-11.5,3.7367946,112.2,14.1,0.90843059
1156.9,3937.6,210.9,-12.5,4.5554094,112.5,14.1,0.90818575
1351,3925.8,194.1,-11.8,5.3037558,112.9,14.1,0.9078593
1564.9,3912.6,213.9,-13.2,6.1228277,113.3,14.1,0.90753285
1563,3911.1,-1.9,-1.5,6.1130493,113.7,14.1,0.9072064
1559,3910,-4,-1.1,6.09569,114.2,14.1,0.90679834
1561.9,3908.6,2.9,-1.4,6.1048423,114.6,14.1,0.90647188
1565,3907.4,3.1,-1.2,6.115081,115,14.1,0.90614543
1559,3906.7,-6,-0.7,6.0905453,115.5,14.1,0.90573737
1560,3905.8,1,-0.9,6.093048,115.9,14.1,0.90541092
1561,3904.9,1,-0.9,6.0955489,116.3,14.1,0.90508447
1558,3904.3,-3,-0.6,6.0828994,116.8,14.1,0.90467641
1563,3903.3,5,-1,6.1008579,117.2,14.1,0.90434996
1561,3902.7,-2,-0.6,6.0921147,117.6,14.1,0.9040235
1555.1,3902.3,-5.9,-0.4,6.0684667,118.1,14.1,0.90361544
1556,3901.7,0.9,-0.6,6.0710452,118.5,14.1,0.90328899
1559,3900.9,3,-0.8,6.0815031,118.9,14.1,0.90296254
1560,3900.2,1,-0.7,6.084312,119.4,14.1,0.90255448
1560,3899.7,0,-0.5,6.083532,119.8,14.1,0.90222803
404.2,3963,-1155.8,63.3,1.6018446,119.9,14.1,0.90214641
406.1,3965.3,1.9,2.3,1.6103083,120,14.1,0.9020648
401.9,3967.1,-4.2,1.8,1.5943775,120.1,14.1,0.90198319
398,3968.7,-3.9,1.6,1.5795426,120.2,14.1,0.90190158
398,3969.9,0,1.2,1.5800202,120.3,14.1,0.90181996
400.1,3970.8,2.1,0.9,1.5887171,120.5,14.1,0.90165674
400,3971.7,-0.1,0.9,1.58868,120.6,14.1,0.90157512
401,3972.6,1,0.9,1.5930126,120.7,14.1,0.90149351
399,3973.4,-2,0.8,1.5853866,120.8,14.1,0.9014119
399,3974.1,0,0.7,1.5856659,120.9,14.1,0.90133029
397,3974.9,-2,0.8,1.5780353,121,14.1,0.90124867
403.1,3975.3,6.1,0.4,1.6024434,121.1,14.1,0.90116706
538.1,3968.4,135,-6.9,2.135396,121.3,14.1,0.90100384
671,3961.4,132.9,-7,2.6580994,121.5,14.1,0.90084061
805,3953.9,134,-7.5,3.1828895,121.7,14.1,0.90067739
939,3946.2,134,-7.7,3.7054818,121.9,14.1,0.90051416
937,3945.8,-2,-0.4,3.6972146,122.2,14.1,0.90026932
938,3945.4,1,-0.4,3.7007852,122.5,14.1,0.90002448
939,3945,1,-0.4,3.704355,122.7,14.1,0.89986126
853.1,3949.5,-85.9,4.5,3.3693184,123,14.1,0.89961642
758.1,3954.8,-95,5.3,2.9981339,123.2,14.1,0.8994532
666,3960.1,-92.1,5.3,2.6374266,123.4,14.1,0.89928997
578.1,3965.3,-87.9,5.2,2.2923399,123.5,14.1,0.89920836
486,3971,-92.1,5.7,1.929906,123.7,14.1,0.89904513
400,3976.4,-86,5.4,1.59056,123.8,14.1,0.89896352
307.1,3982.3,-92.9,5.9,1.2229643,123.9,14.1,0.89888191
217.1,3988.1,-90,5.8,0.86581651,123.9,14.1,0.89888191
128.1,3994,-89,5.9,0.5116314,123.9,14.1,0.89888191
44,3999.7,-84.1,5.7,0.1759868,124,14.1,0.89880029
-47,4006,-91,6.3,-0.188282,124,14.1,0.89880029
-135.2,4012,-88.2,6,-0.5424224,123.9,14.1,0.89888191
-229.1,4018.5,-93.9,6.5,-0.92063835,123.9,14.1,0.89888191
-319.1,4024.9,-90,6.4,-1.2843456,123.8,14.1,0.89896352
-312.1,4025.9,7,1,-1.2564834,123.7,14.1,0.89904513
-320.1,4027.6,-8,1.7,-1.2892348,123.6,14.1,0.89912674
-313.1,4028.4,7,0.8,-1.261292,123.5,14.1,0.89920836
-313.1,4029.6,0,1.2,-1.2616678,123.4,14.1,0.89928997
-319.1,4031,-6,1.4,-1.2862921,123.3,14.1,0.89937158
-315.1,4031.8,4,0.8,-1.2704202,123.2,14.1,0.8994532
-323.1,4033.2,-8,1.4,-1.3031269,123.1,14.1,0.89953481
-316.1,4033.8,7,0.6,-1.2750842,123.1,14.1,0.89953481
-319.1,4034.9,-3,1.1,-1.2875366,123,14.1,0.89961642
-315.1,4035.5,4,0.6,-1.2715861,122.9,14.1,0.89969803
-313.1,4036.2,2,0.7,-1.2637342,122.8,14.1,0.89977965
-320,4037.5,-6.9,1.3,-1.292,122.7,14.1,0.89986126
-317.1,4038.1,2.9,0.6,-1.2804815,122.6,14.1,0.89994287
-315.1,4038.8,2,0.7,-1.2726259,122.5,14.1,0.90002448
-318.1,4039.6,-3,0.8,-1.2849968,122.4,14.1,0.9001061
-319.1,4040.4,-1,0.8,-1.2892916,122.4,14.1,0.9001061
-314.1,4040.9,5,0.5,-1.2692467,122.3,14.1,0.90018771
-314.1,4041.6,0,0.7,-1.2694666,122.2,14.1,0.90026932
-317.1,4042.4,-3,0.8,-1.281845,122.1,14.1,0.90035093
-313.1,4042.9,4,0.5,-1.265832,122,14.1,0.90043255
-316.1,4043.7,-3,0.8,-1.2782136,121.9,14.1,0.90051416
-318.1,4044.4,-2,0.7,-1.2865236,121.8,14.1,0.90059577
-315.1,4044.9,3,0.5,-1.274548,121.7,14.1,0.90067739
-320,4045.8,-4.9,0.9,-1.294656,121.7,14.1,0.90067739
-317.1,4046.2,2.9,0.4,-1.28305,121.6,14.1,0.900759
-315.1,4046.7,2,0.5,-1.2751152,121.5,14.1,0.90084061
-319.1,4047.5,-4,0.8,-1.2915573,121.4,14.1,0.90092222
-324.1,4048.3,-5,0.8,-1.312054,121.3,14.1,0.90100384
-319.1,4048.6,5,0.3,-1.2919083,121.2,14.1,0.90108545
-319.1,4049.1,0,0.5,-1.2920678,121.1,14.1,0.90116706
-315.1,4049.4,4,0.3,-1.2759659,121,14.1,0.90124867
-317.1,4050.1,-2,0.7,-1.2842867,120.9,14.1,0.90133029
-318.1,4050.6,-1,0.5,-1.2884959,120.9,14.1,0.90133029
-317.1,4051.1,1,0.5,-1.2846038,120.8,14.1,0.9014119
-314.1,4051.4,3,0.3,-1.2725447,120.7,14.1,0.90149351
-312.1,4051.8,2,0.4,-1.2645668,120.6,14.1,0.90157512
-317.1,4052.5,-5,0.7,-1.2850477,120.5,14.1,0.90165674
-314.1,4052.8,3,0.3,-1.2729845,120.4,14.1,0.90173835
-316.1,4053.4,-2,0.6,-1.2812797,120.3,14.1,0.90181996
-317.1,4053.8,-1,0.4,-1.28546,120.2,14.1,0.90190158
-309.1,4053.9,8,0.1,-1.2530605,120.2,14.1,0.90190158
-315,4054.6,-5.9,0.7,-1.277199,120.1,14.1,0.90198319
-317.1,4055.2,-2.1,0.6,-1.2859039,120,14.1,0.9020648
-318.1,4055.7,-1,0.5,-1.2901182,119.9,14.1,0.90214641
-316.1,4056,2,0.3,-1.2821016,119.8,14.1,0.90222803
-315.1,4056.3,1,0.3,-1.2781401,119.7,14.1,0.90230964
-320.1,4057,-5,0.7,-1.2986457,119.6,14.1,0.90239125
-321.1,4057.4,-1,0.4,-1.3028311,119.5,14.1,0.90247286
-319,4057.7,2.1,0.3,-1.2944063,119.5,14.1,0.90247286
-315.1,4057.8,3.9,0.1,-1.2786128,119.4,14.1,0.90255448
-318.1,4058.4,-3,0.6,-1.290977,119.3,14.1,0.90263609
-311.1,4058.4,7,0,-1.2625682,119.2,14.1,0.9027177
-322,4059.4,-10.9,1,-1.3071268,119.1,14.1,0.90279931
-320.1,4059.6,1.9,0.2,-1.299478,119,14.1,0.90288093
-319.1,4059.9,1,0.3,-1.2955141,118.9,14.1,0.90296254
-318.1,4060.2,1,0.3,-1.2915496,118.8,14.1,0.90304415
-322.1,4060.8,-4,0.6,-1.3079837,118.7,14.1,0.90312577
-319.1,4060.9,3,0.1,-1.2958332,118.7,14.1,0.90312577
-319.1,4061.3,0,0.4,-1.2959608,118.6,14.1,0.90320738
-318.1,4061.5,1,0.2,-1.2919631,118.5,14.1,0.90328899
-317.1,4061.8,1,0.3,-1.2879968,118.4,14.1,0.9033706
-314,4061.9,3.1,0.1,-1.2754366,118.3,14.1,0.90345222
-323.1,4062.7,-9.1,0.8,-1.3126584,118.2,14.1,0.90353383
-320.1,4062.9,3,0.2,-1.3005343,118.1,14.1,0.90361544
-316.1,4063,4,0.1,-1.2843143,118,14.1,0.90369705
-314.1,4063.2,2,0.2,-1.2762511,118,14.1,0.90369705
-321.1,4063.8,-7,0.6,-1.3048862,117.9,14.1,0.90377867
-315.1,4063.8,6,0,-1.2805034,117.8,14.1,0.90386028
-312,4063.9,3.1,0.1,-1.2679368,117.7,14.1,0.90394189
-321.1,4064.7,-9.1,0.8,-1.3051752,117.6,14.1,0.9040235
-313.1,4064.6,8,-0.1,-1.2726263,117.5,14.1,0.90410512
-320,4065.2,-6.9,0.6,-1.300864,117.4,14.1,0.90418673
-312.1,4065,7.9,-0.2,-1.2686865,117.3,14.1,0.90426834
-316.1,4065.5,-4,0.5,-1.2851046,117.3,14.1,0.90426834
-321.1,4066.1,-5,0.6,-1.3056247,117.2,14.1,0.90434996
-314,4065.9,7.1,-0.2,-1.2766926,117.1,14.1,0.90443157
-319.1,4066.5,-5.1,0.6,-1.2976201,117,14.1,0.90451318
-326.2,4067.2,-7.1,0.7,-1.3267206,116.9,14.1,0.90459479
-318.1,4067,8.1,-0.2,-1.2937127,116.8,14.1,0.90467641
-317,4067.2,1.1,0.2,-1.2893024,116.7,14.1,0.90475802
-319.1,4067.5,-2.1,0.3,-1.2979393,116.6,14.1,0.90483963
-315.1,4067.5,4,0,-1.2816692,116.5,14.1,0.90492124
-315.1,4067.8,0,0.3,-1.2817638,116.5,14.1,0.90492124
-315.1,4068,0,0.2,-1.2818268,116.4,14.1,0.90500286
-320.1,4068.6,-5,0.6,-1.3023589,116.3,14.1,0.90508447
-316.1,4068.5,4,-0.1,-1.2860529,116.2,14.1,0.90516608
-315.1,4068.7,1,0.2,-1.2820474,116.1,14.1,0.90524769
-316.1,4069,-1,0.3,-1.2862109,116,14.1,0.90532931
-322,4069.6,-5.9,0.6,-1.3104112,115.9,14.1,0.90541092
-315.1,4069.4,6.9,-0.2,-1.2822679,115.8,14.1,0.90549253
-318.1,4069.8,-3,0.4,-1.2946034,115.8,14.1,0.90549253
-318.1,4070,0,0.2,-1.294667,115.7,14.1,0.90557415
-313.1,4070,5,0,-1.274317,115.6,14.1,0.90565576
-322.1,4070.6,-9,0.6,-1.3111403,115.5,14.1,0.90573737
-310.1,4070.2,12,-0.4,-1.262169,115.4,14.1,0.90581898
-316,4070.7,-5.9,0.5,-1.2863412,115.3,14.1,0.9059006
-315.1,4070.9,0.9,0.2,-1.2827406,115.2,14.1,0.90598221
-315.1,4071.1,0,0.2,-1.2828036,115.1,14.1,0.90606382
-321.1,4071.6,-6,0.5,-1.3073908,115,14.1,0.90614543
-317.1,4071.6,4,0,-1.2911044,115,14.1,0.90614543
-320.1,4072,-3,0.4,-1.3034472,114.9,14.1,0.90622705
-318,4072.1,2.1,0.1,-1.2949278,114.8,14.1,0.90630866
-317.1,4072.2,0.9,0.1,-1.2912946,114.7,14.1,0.90639027
-317.1,4072.4,0,0.2,-1.291358,114.6,14.1,0.90647188
-308.1,4072.1,9,-0.3,-1.254614,114.5,14.1,0.9065535
-317,4072.7,-8.9,0.6,-1.2910459,114.4,14.1,0.90663511
-313.2,4072.7,3.8,0,-1.2755696,114.3,14.1,0.90671672
-316.1,4073.1,-2.9,0.4,-1.2875069,114.3,14.1,0.90671672
-314.1,4073.2,2,0.1,-1.2793921,114.2,14.1,0.90679834
-323.1,4073.9,-9,0.7,-1.3162771,114.1,14.1,0.90687995
-319.1,4073.8,4,-0.1,-1.2999496,114,14.1,0.90696156
-317.1,4073.9,2,0.1,-1.2918337,113.9,14.1,0.90704317
-320.1,4074.3,-3,0.4,-1.3041834,113.8,14.1,0.90712479
-309.1,4073.8,11,-0.5,-1.2592116,113.7,14.1,0.9072064
-318.1,4074.5,-9,0.7,-1.2960984,113.6,14.1,0.90728801
-317.1,4074.6,1,0.1,-1.2920557,113.6,14.1,0.90728801
-321.1,4075,-4,0.4,-1.3084825,113.5,14.1,0.90736962
-320,4075.1,1.1,0.1,-1.304032,113.4,14.1,0.90745124
-313.1,4074.9,6.9,-0.2,-1.2758512,113.3,14.1,0.90753285
-322.1,4075.6,-9,0.7,-1.3127508,113.2,14.1,0.90761446
-318.1,4075.5,4,-0.1,-1.2964165,113.1,14.1,0.90769607
-321.1,4075.9,-3,0.4,-1.3087715,113,14.1,0.90777769
-315.1,4075.7,6,-0.2,-1.2842531,112.9,14.1,0.9078593
-315.1,4075.9,0,0.2,-1.2843161,112.8,14.1,0.90794091
-309.1,4075.7,6,-0.2,-1.2597989,112.8,14.1,0.90794091
-321.1,4076.5,-12,0.8,-1.3089641,112.7,14.1,0.90802253
-314.1,4076.3,7,-0.2,-1.2803658,112.6,14.1,0.90810414
-319.1,4076.7,-5,0.4,-1.300875,112.5,14.1,0.90818575
-323.1,4077.1,-4,0.4,-1.317311,112.4,14.1,0.90826736
15,4058.3,338.1,-18.8,0.0608745,112.4,14.1,0.90826736
343,4039.4,328,-18.9,1.3855142,112.5,14.1,0.90818575
671.1,4019.8,328.1,-19.6,2.6976878,112.7,14.1,0.90802253
1003.9,3999.4,332.8,-20.4,4.0149977,113,14.1,0.90777769
1334,3978.7,330.1,-20.7,5.3075858,113.3,14.1,0.90753285
1329,3976.1,-5,-2.6,5.2842369,113.7,14.1,0.9072064
1331,3973.7,2,-2.4,5.2889947,114.1,14.1,0.90687995
1328,3971.8,-3,-1.9,5.2745504,114.4,14.1,0.90663511
1333.1,3969.5,5.1,-2.3,5.2917404,114.8,14.1,0.90630866
1324.1,3968.2,-9,-1.3,5.2542936,115.2,14.1,0.90598221
1333,3966,8.9,-2.2,5.286678,115.5,14.1,0.90573737
1331,3964.5,-2,-1.5,5.2767495,115.9,14.1,0.90541092
1200.9,3970.2,-130.1,5.7,4.7678132,116.2,14.1,0.90516608
1064.1,3976.6,-136.8,6.4,4.2315001,116.5,14.1,0.90492124
923.1,3983.7,-141,7.1,3.6773535,116.8,14.1,0.90467641
787.1,3990.7,-136,7,3.14108,117,14.1,0.90451318
649,3998.1,-138.1,7.4,2.5947669,117.2,14.1,0.90434996
649,3998.1,0,0,2.5947669,117.4,14.1,0.90418673
651,3997.8,2,-0.3,2.6025678,117.6,14.1,0.9040235
650,3997.6,-1,-0.2,2.59844,117.7,14.1,0.90394189
650,3997.3,0,-0.3,2.598245,117.9,14.1,0.90377867
642.1,3997.5,-7.9,0.2,2.5667948,118.1,14.1,0.90361544
653.9,3996.5,11.8,-1,2.6133114,118.3,14.1,0.90345222
653.2,3996.2,-0.7,-0.3,2.6103178,118.5,14.1,0.90328899
658,3995.5,4.8,-0.7,2.629039,118.6,14.1,0.90320738
651,3995.6,-7,0.1,2.6011356,118.8,14.1,0.90304415
648,3995.4,-3,-0.2,2.5890192,119,14.1,0.90288093
643,3995.3,-5,-0.1,2.5689779,119.2,14.1,0.9027177
647.9,3994.7,4.9,-0.6,2.5881661,119.4,14.1,0.90255448
652,3994.2,4.1,-0.5,2.6042184,119.5,14.1,0.90247286
649,3994,-3,-0.2,2.592106,119.7,14.1,0.90230964
647,3993.8,-2,-0.2,2.5839886,119.9,14.1,0.90214641
652,3993.2,5,-0.6,2.6035664,120.1,14,0.90198319
650,3992.9,-2,-0.3,2.595385,120.3,14,0.90181996
648,3992.7,-2,-0.2,2.5872696,120.4,14,0.90173835
646.1,3992.5,-1.9,-0.2,2.5795543,120.6,14,0.90157512
650,3992,3.9,-0.5,2.5948,120.8,14,0.9014119
651,3991.6,1,-0.4,2.5985316,121,14,0.90124867
650,3991.4,-1,-0.2,2.59441,121.2,14,0.90108545
657,3990.7,7,-0.7,2.6218899,121.3,14,0.90100384
648,3990.9,-9,0.2,2.5861032,121.5,14,0.90084061
653,3990.3,5,-0.6,2.6056659,121.7,14,0.90067739
653,3990,0,-0.3,2.60547,121.9,14,0.90051416
951,3973.1,298,-16.9,3.7784181,122.2,14,0.90026932
1247,3955.6,296,-17.5,4.9326332,122.5,14,0.90002448
1542,3937.7,295,-17.9,6.0719334,122.9,14,0.89969803
1841,3919,299,-18.7,7.214879,123.4,14,0.89928997
1838,3916.8,-3,-2.2,7.1990784,123.9,14,0.89888191
1843,3914.4,5,-2.4,7.2142392,124.5,14,0.89839223
1843,3912.5,0,-1.9,7.2107375,125,14,0.89798417
1844.1,3910.8,1.1,-1.7,7.2119063,125.5,14,0.8975761
1841,3909.3,-3.1,-1.5,7.1970213,126,14,0.89716804
1842,3907.7,1,-1.6,7.1979834,126.5,14,0.89675998
1839,3906.5,-3,-1.2,7.1840535,127,14,0.89635191
1843,3904.9,4,-1.6,7.1967307,127.5,14,0.89594385
1839.1,3903.8,-3.9,-1.1,7.1794786,128,14,0.89553579
1844,3902.3,4.9,-1.5,7.1958412,128.6,14,0.89504611
1841,3901.2,-3,-1.1,7.1821092,129.1,14,0.89463805
1843,3899.9,2,-1.3,7.1875157,129.6,14,0.89422998
1836,3899.2,-7,-0.7,7.1589312,130.1,14,0.89382192
1846.1,3897.5,10.1,-1.7,7.1951748,130.6,14,0.89341386
1845,3896.5,-1.1,-1,7.1890425,131.1,14,0.89300579
1843,3895.5,-2,-1,7.1794065,131.6,14,0.89259773
1841,3894.6,-2,-0.9,7.1699586,132.1,14,0.89218967
1836.1,3893.9,-4.9,-0.7,7.1495898,132.6,14,0.8917816
1840.1,3892.7,4,-1.2,7.1629573,133.1,14,0.89137354
1846,3891.5,5.9,-1.2,7.183709,133.6,14,0.89096548
1845,3890.6,-1,-0.9,7.178157,134.1,14,0.89055741
1843,3889.7,-2,-0.9,7.1687171,134.7,14,0.89006774
1843.1,3888.9,0.1,-0.8,7.1676316,135.2,14,0.88965968
1845,3887.9,1.9,-1,7.1731755,135.7,14,0.88925161
1846,3887,1,-0.9,7.175402,136.2,14,0.88884355
1842,3886.4,-4,-0.6,7.1587488,136.7,14,0.88843549
1835.1,3885.9,-6.9,-0.5,7.1310151,137.2,14,0.88802742
1843,3884.7,7.9,-1.2,7.1595021,137.7,14,0.88761936
1842.1,3883.9,-0.9,-0.8,7.1545322,138.2,14,0.8872113
1658.1,3893.3,-184,9.4,6.4554807,138.7,14,0.88680323
1655.1,3893.2,-3,-0.1,6.4436353,139.2,14,0.88639517
1659.1,3892.5,4,-0.7,6.4580468,139.6,14,0.88606872
1663,3891.8,3.9,-0.7,6.4720634,140.1,14,0.88566065
1664.1,3891.3,1.1,-0.5,6.4755123,140.5,14,0.8853342
1660.1,3891,-4,-0.3,6.4594491,141,14,0.88492614
1653,3890.9,-7.1,-0.1,6.4316577,141.5,14,0.88451808
1658,3890.1,5,-0.8,6.4497858,141.9,14,0.88419163
1656.1,3889.7,-1.9,-0.4,6.4417322,142.4,14,0.88378356
1657,3889.2,0.9,-0.5,6.4444044,142.8,14,0.88345711
1658.1,3888.7,1.1,-0.5,6.4478535,143.3,14,0.88304905
1660.1,3888,2,-0.7,6.4544688,143.8,14,0.88264099
1654.1,3887.9,-6,-0.1,6.4309754,144.2,14,0.88231454
1664.8,3886.8,10.7,-1.1,6.4707446,144.7,14.1,0.88190647
1661.1,3886.5,-3.7,-0.3,6.4558651,145.1,14.1,0.88158002
1658.1,3886.2,-3,-0.3,6.4437082,145.6,14.1,0.88117196
1656.1,3885.9,-2,-0.3,6.435439,146.1,14.1,0.88076389
1659,3885.2,2.9,-0.7,6.4455468,146.5,14.1,0.88043744
1661.1,3884.7,2.1,-0.5,6.4528752,147,14.1,0.88002938
1657,3884.4,-4.1,-0.3,6.4364508,147.5,14.1,0.87962132
1666,3883.5,9,-0.9,6.469911,147.9,14.1,0.87929487
1665,3883,-1,-0.5,6.465195,148.4,14.1,0.8788868
1657.1,3883,-7.9,0,6.4345193,148.8,14.1,0.87856035
1651,3882.9,-6.1,-0.1,6.4106679,149.3,14.1,0.87815229
1659.1,3882.1,8.1,-0.8,6.4407921,149.8,14.1,0.87774423
1661.9,3881.5,2.8,-0.6,6.4506648,150.2,14.1,0.87741778
1655.1,3881.4,-6.8,-0.1,6.4241051,150.7,14.1,0.87700971
1665.1,3880.4,10,-1,6.461254,151.1,14.1,0.87668326
1668,3879.8,2.9,-0.6,6.4715064,151.6,14.1,0.8762752
1671.9,3879.2,3.9,-0.6,6.4856345,152.1,14.1,0.87586713
1679,3878.4,7.1,-0.8,6.5118336,152.5,14.1,0.87554068
1681.1,3877.8,2.1,-0.6,6.5189696,153,14.1,0.87513262
1692,3876.8,10.9,-1,6.5595456,153.5,14.1,0.87472456
1699,3876,7,-0.8,6.585324,153.9,14.1,0.87439811
1690.1,3876,-8.9,0,6.5508276,154.4,14.1,0.87399004
1693.1,3875.3,3,-0.7,6.5612704,154.9,14.1,0.87358198
1692,3874.9,-1.1,-0.4,6.5563308,155.4,14.1,0.87317392
1695,3874.3,3,-0.6,6.5669385,155.8,14.1,0.87284747
1691,3874.2,-4,-0.1,6.5512722,156.3,14.1,0.8724394
1691.1,3873.7,0.1,-0.5,6.5508141,156.8,14.1,0.87203134
1691,3873.4,-0.1,-0.3,6.5499194,157.2,14.1,0.87170489
1695,3872.8,4,-0.6,6.564396,157.7,14.1,0.87129683
1693,3872.4,-2,-0.4,6.5559732,158.2,14.1,0.87088876
1695.1,3871.9,2.1,-0.5,6.5632577,158.6,14.1,0.87056231
1697,3871.4,1.9,-0.5,6.5697658,159.1,14.1,0.87015425
1694,3871.2,-3,-0.2,6.5578128,159.6,14.1,0.86974618
1694.1,3870.8,0.1,-0.4,6.5575223,160.1,14.1,0.86933812
1696,3870.3,1.9,-0.5,6.5640288,160.5,14.1,0.86901167
1695,3870,-1,-0.3,6.55965,161,14.1,0.86860361
1695.1,3869.6,0.1,-0.4,6.559359,161.5,14.1,0.86819554
1689,3869.5,-6.1,-0.1,6.5355855,161.9,14.1,0.86786909
1689,3869.2,0,-0.3,6.5350788,162.4,14.1,0.86746103
1688.1,3868.9,-0.9,-0.3,6.5310901,162.9,14.1,0.86705297
1696,3868.1,7.9,-0.8,6.5602976,163.4,14.1,0.8666449
1697,3867.7,1,-0.4,6.5634869,163.8,14.1,0.86631845
1696,3867.4,-1,-0.3,6.5591104,164.3,14.1,0.86591039
94,3956.6,-1602,89.2,0.3719204,164.4,14.1,0.86582878
88,3960.6,-6,4,0.3485328,164.4,14.1,0.86582878
89,3963.4,1,2.8,0.3527426,164.4,14.1,0.86582878
87,3965.8,-2,2.4,0.3450246,164.4,14.1,0.86582878
91,3967.6,4,1.8,0.3610516,164.5,14.1,0.86574716
88,3969.6,-3,2,0.3493248,164.5,14.1,0.86574716
85,3971.4,-3,1.8,0.337569,164.5,14.1,0.86574716
89,3972.7,4,1.3,0.3535703,164.5,14.1,0.86574716
89,3974.1,0,1.4,0.3536949,164.6,14.1,0.86566555
86,3975.5,-3,1.4,0.341893,164.6,14.1,0.86566555
229.1,3968.9,143.1,-6.6,0.90927499,164.6,14.1,0.86566555
373,3961.8,143.9,-7.1,1.4777514,164.7,14.1,0.86558394
514,3954.4,141,-7.4,2.0325616,164.9,14.1,0.86542071
658,3946.6,144,-7.8,2.5968628,165.1,14.1,0.86525749
798,3938.8,140,-7.8,3.1431624,165.3,14.1,0.86509426
940.9,3930.6,142.9,-8.2,3.6983015,165.6,14.1,0.86484942
1088,3921.9,147.1,-8.7,4.2670272,165.9,14.1,0.86460459
1222.9,3913.6,134.9,-8.3,4.7859414,166.2,14.1,0.86435975
1371,3904.6,148.1,-9,5.3532066,166.6,14.1,0.8640333
1520.1,3895.1,149.1,-9.5,5.9209415,167,14.1,0.86370685
1514.1,3894.1,-6,-1,5.8960568,167.4,14.1,0.8633804
1510,3893.3,-4.1,-0.8,5.878883,167.8,14.1,0.86305395
1514.2,3892.1,4.2,-1.2,5.8934178,168.3,14.1,0.86264588
1512.1,3891.4,-2.1,-0.7,5.8841859,168.7,14.1,0.86231943
1509,3890.8,-3.1,-0.6,5.8712172,169.1,14.1,0.86199298
1507,3890.2,-2,-0.6,5.8625314,169.5,14.1,0.86166653
1512.1,3889.2,5.1,-1,5.8808593,169.9,14.1,0.86134008
1509.1,3888.7,-3,-0.5,5.8684372,170.4,14.1,0.86093202
1518,3887.6,8.9,-1.1,5.9013768,170.8,14.1,0.86060557
1507,3887.6,-11,0,5.8586132,171.2,14.1,0.86027912
1510,3886.9,3,-0.7,5.869219,171.6,14.1,0.85995266
1511,3886.3,1,-0.6,5.8721993,172,14.1,0.85962621
1507.1,3886,-3.9,-0.3,5.8565906,172.5,14.1,0.85921815
906,3918.9,-601.1,32.9,3.5505234,172.7,14.1,0.85905493
901,3920.3,-5,1.4,3.5321903,173,14.1,0.85881009
902,3921,1,0.7,3.536742,173.2,14.1,0.85864686
901,3921.6,-1,0.6,3.5333616,173.5,14.1,0.85840202
899,3922.2,-2,0.6,3.5260578,173.7,14.1,0.8582388
900,3922.6,1,0.4,3.53034,174,14.1,0.85799396
902,3922.8,2,0.2,3.5383656,174.2,14.1,0.85783074
907,3922.8,5,0,3.5579796,174.5,14.1,0.8575859
900.1,3923.5,-6.9,0.7,3.5315424,174.7,14.1,0.85742267
903.1,3923.5,3,0,3.5433129,175,14.1,0.85717783
904,3923.7,0.9,0.2,3.5470248,175.2,14.1,0.85701461
908,3923.7,4,0,3.5627196,175.5,14.1,0.85676977
903,3924.2,-5,0.5,3.5435526,175.7,14.1,0.85660655
902,3924.4,-1,0.2,3.5398088,176,14.1,0.85636171
901,3924.6,-1,0.2,3.5360646,176.2,14.1,0.85619848
900,3924.8,-1,0.2,3.53232,176.5,14.1,0.85595364
903,3924.8,3,0,3.5440944,176.7,14.1,0.85579042
901,3925,-2,0.2,3.536425,177,14.1,0.85554558
904,3925,3,0,3.5482,177.2,14.1,0.85538236
903,3925.1,-1,0.1,3.5443653,177.5,14.1,0.85513752
903,3925.3,0,0.2,3.5445459,177.7,14.1,0.85497429
899,3925.6,-4,0.3,3.5291144,178,14.1,0.85472945
898.1,3925.7,-0.9,0.1,3.5256712,178.2,14.1,0.85456623
898,3925.8,-0.1,0.1,3.5253684,178.5,14.1,0.85432139
905,3925.5,7,-0.3,3.5525775,178.7,14.1,0.85415817
903.1,3925.7,-1.9,0.2,3.5452997,179,14.1,0.85391333
899.1,3926,-4,0.3,3.5298666,179.2,14.1,0.8537501
905,3925.8,5.9,-0.2,3.552849,179.5,14.1,0.85350526
904,3925.9,-1,0.1,3.5490136,179.7,14.1,0.85334204
900.1,3926.1,-3.9,0.2,3.5338826,180,14.1,0.8530972
905,3925.9,4.9,-0.2,3.5529395,180.2,14.1,0.85293398
902,3926.1,-3,0.2,3.5413422,180.5,14.1,0.85268914
905,3926,3,-0.1,3.55303,180.7,14.1,0.85252591
900.9,3926.3,-4.1,0.3,3.5372037,181,14.1,0.85228107
899.1,3926.4,-1.8,0.1,3.5302262,181.2,14.1,0.85211785
900,3926.4,0.9,0,3.53376,181.5,14.1,0.85187301
901,3926.4,1,0,3.5376864,181.7,14.1,0.85170979
900,3926.5,-1,0.1,3.53385,182,14.1,0.85146495
901,3926.5,1,0,3.5377765,182.2,14.1,0.85130172
906,3926.2,5,-0.3,3.5571372,182.5,14.1,0.85105688
886,3927.3,-20,1.1,3.4795878,182.7,14.1,0.85089366
858.9,3928.9,-27.1,1.6,3.3745322,182.9,14.1,0.85073043
842,3929.9,-16.9,1,3.3089758,183.2,14.1,0.8504856
833,3930.6,-9,0.7,3.2741898,183.4,14.1,0.85032237
811.1,3931.9,-21.9,1.3,3.1891641,183.6,14.1,0.85015914
797,3932.9,-14.1,1,3.1345213,183.9,14.1,0.84991431
771,3934.6,-26,1.7,3.0335766,184.1,14.1,0.84975108
756.1,3935.6,-14.9,1,2.9757072,184.3,14.1,0.84958786
739,3936.8,-17.1,1.2,2.9092952,184.5,14.1,0.84942463
721,3938.1,-18,1.3,2.8393701,184.7,14.1,0.84926141
696,3939.7,-25,1.6,2.7420312,184.9,14.1,0.84909818
674,3941.2,-22,1.5,2.6563688,185.1,14.1,0.84893495
660,3942.4,-14,1.2,2.601984,185.3,14.1,0.84877173
639,3943.8,-21,1.4,2.5200882,185.4,14.1,0.84869012
644.1,3943.9,5.1,0.1,2.540266,185.6,14.1,0.84852689
644.1,3944.2,0,0.3,2.5404592,185.8,14.1,0.84836367
641,3944.7,-3.1,0.5,2.5285527,186,14.1,0.84820044
639,3945.1,-2,0.4,2.5209189,186.1,14.1,0.84811883
644.1,3945.1,5.1,0,2.5410389,186.3,14.1,0.8479556
645,3945.2,0.9,0.1,2.544654,186.5,14.1,0.84779238
645.1,3945.5,0.1,0.3,2.5452421,186.7,14.1,0.84762915
646,3945.6,0.9,0.1,2.5488576,186.9,14.1,0.84746593
637.1,3946.3,-8.9,0.7,2.5141877,187,14.1,0.84738431
643,3946.2,5.9,-0.1,2.5374066,187.2,14.1,0.84722109
642.9,3946.3,-0.1,0.1,2.5370763,187.4,14.1,0.84705786
645,3946.4,2.1,0.1,2.545428,187.6,14.1,0.84689464
645,3946.6,0,0.2,2.545557,187.8,14.1,0.84673141
644.1,3946.8,-0.9,0.2,2.5421339,187.9,14.1,0.8466498
643,3947,-1.1,0.2,2.537921,188.1,14.1,0.84648657
649,3946.8,6,-0.2,2.5614732,188.3,14.1,0.84632335
639.1,3947.6,-9.9,0.8,2.5229112,188.5,14.1,0.84616012
647,3947.3,7.9,-0.3,2.5539031,188.6,14.1,0.84607851
649,3947.3,2,0,2.5617977,188.8,14.1,0.84591529
647,3947.5,-2,0.2,2.5540325,189,14.1,0.84575206
649,3947.5,2,0,2.5619275,189.2,14.1,0.84558884
641,3948.1,-8,0.6,2.5307321,189.4,14.1,0.84542561
723,3943.6,82,-4.5,2.8512228,189.6,14.1,0.84526238
804,3939.1,81,-4.5,3.1670364,189.8,14.1,0.84509916
894,3933.8,90,-5.3,3.5168172,190,14.1,0.84493593
970,3929.1,76,-4.7,3.811227,190.3,14.1,0.8446911
1049,3924.2,79,-4.9,4.1164858,190.6,14.1,0.84444626
1132,3918.9,83,-5.3,4.4361948,190.9,14.1,0.84420142
1218.9,3913.3,86.9,-5.6,4.7699214,191.3,14.1,0.84387497
1294.1,3908.2,75.2,-5.1,5.0576016,191.6,14.1,0.84363013
1374.1,3902.8,80,-5.4,5.3628375,192,14.1,0.84330368
1452,3897.4,77.9,-5.4,5.6590248,192.4,14.1,0.84297723
1538,3891.5,86,-5.9,5.985127,192.8,14.1,0.84265078
1529,3890.7,-9,-0.8,5.9488803,193.2,14.1,0.84232433
1530,3889.6,1,-1.1,5.951088,193.7,14.1,0.84191627
1540,3888.1,10,-1.5,5.987674,194.1,14.1,0.84158981
1534.1,3887.4,-5.9,-0.7,5.9636603,194.5,14.1,0.84126336
1537,3886.4,2.9,-1,5.9733968,195,14.1,0.8408553
1539.1,3885.4,2.1,-1,5.9800191,195.4,14.1,0.84052885
1580,3882.4,40.9,-3,6.134192,195.8,14.1,0.8402024
1635.9,3878.4,55.9,-4,6.3446746,196.3,14.1,0.83979434
1632.1,3877.7,-3.8,-0.7,6.3287942,196.7,14.1,0.83946789
1634,3876.7,1.9,-1,6.3345278,197.2,14.1,0.83905982
1633.1,3875.9,-0.9,-0.8,6.3297323,197.6,14.1,0.83873337
1633,3875.1,-0.1,-0.8,6.3280383,198.1,14.1,0.83832531
1627.1,3874.6,-5.9,-0.5,6.3043617,198.5,14.1,0.83799886
1635.1,3873.5,8,-1.1,6.3335599,199,14.1,0.83759079
1634,3872.7,-1.1,-0.8,6.3279918,199.4,14.1,0.83726434
1634.1,3872.1,0.1,-0.6,6.3273986,199.9,14.1,0.83685628
1633,3871.4,-1.1,-0.7,6.3219962,200.3,14.1,0.83652983
1633.1,3870.8,0.1,-0.6,6.3214035,200.8,14.1,0.83612177
1495,3877.8,-138.1,7,5.797311,201.2,14.1,0.83579532
1353.1,3885.4,-141.9,7.6,5.2573347,201.6,14.1,0.83546886
1212.1,3893.2,-141,7.8,4.7189477,201.9,14.1,0.83522403
1067,3901.6,-145.1,8.4,4.1630072,202.2,14.1,0.83497919
934.2,3909.5,-132.8,7.9,3.6522549,202.5,14.1,0.83473435
787.1,3918.4,-147.1,8.9,3.0841726,202.7,14.1,0.83457113
657,3926.6,-130.1,8.2,2.5797762,202.9,14.1,0.8344079
512,3935.8,-145,9.2,2.0151296,203,14.1,0.83432629
373.1,3944.8,-138.9,9,1.4718049,203.1,14.1,0.83424467
372,3946.3,-1.1,1.5,1.4680236,203.2,14.1,0.83416306
375,3947.3,3,1,1.4802375,203.3,14.1,0.83408145
375.1,3948.4,0.1,1.1,1.4810448,203.4,14.1,0.83399984
370,3949.7,-5.1,1.3,1.461389,203.5,14.1,0.83391822
373,3950.4,3,0.7,1.4734992,203.6,14.1,0.83383661
376,3951.1,3,0.7,1.4856136,203.7,14.1,0.833755
373.1,3952.1,-2.9,1,1.4745285,203.8,14.1,0.83367339
369,3953,-4.1,0.9,1.458657,204,14.1,0.83351016
371.1,3953.6,2.1,0.6,1.467181,204.1,14.1,0.83342855
375.9,3954,4.8,0.4,1.4863086,204.2,14.1,0.83334694
376,3954.6,0.1,0.6,1.4869296,204.3,14.1,0.83326532
372,3955.5,-4,0.9,1.471446,204.4,14.1,0.83318371
380.1,3955.6,8.1,0.1,1.5035236,204.5,14.1,0.8331021
371,3956.7,-9.1,1.1,1.4679357,204.6,14.1,0.83302048
372.1,3957.2,1.1,0.5,1.4724741,204.7,14.1,0.83293887
873.9,3929.7,501.8,-27.5,3.4341648,204.9,14.1,0.83277565
1362,3901.8,488.1,-27.9,5.3142516,205.3,14.1,0.8324492
1864.9,3871.9,502.9,-29.9,7.2207063,205.8,14.1,0.83204113
1858,3869.5,-6.9,-2.4,7.189531,206.3,14.1,0.83163307
1862,3867,4,-2.5,7.200354,206.9,14.1,0.83114339
1859,3865.3,-3,-1.7,7.1855927,207.4,14.1,0.83073533
1863.1,3863.3,4.1,-2,7.1977142,207.9,14.1,0.83032727
1862.1,3861.7,-1,-1.6,7.1908716,208.4,14.1,0.8299192
1859,3860.5,-3.1,-1.2,7.1766695,208.9,14.1,0.82951114
1862,3858.9,3,-1.6,7.1852718,209.4,14.1,0.82910308
1862.1,3857.7,0.1,-1.2,7.1834232,210,14.1,0.8286134
1861,3856.5,-1.1,-1.2,7.1769465,210.5,14.1,0.82820534
1859.1,3855.5,-1.9,-1,7.1677601,211,14.1,0.82779727
1862,3854.3,2.9,-1.2,7.1767066,211.5,14.1,0.82738921
1862.1,3853.2,0.1,-1.1,7.1750437,212,14.1,0.82698115
1716,3860.3,-146.1,7.1,6.6242748,212.5,14.1,0.82657308
1573,3867.7,-143,7.4,6.0838921,212.9,14.1,0.82624663
1429.1,3875.4,-143.9,7.7,5.5383341,213.3,14.1,0.82592018
1288.1,3883.3,-141,7.9,5.0020787,213.7,14.1,0.82559373
1150.1,3891.2,-138,7.9,4.4752691,214,14.1,0.82534889
1002,3899.9,-148.1,8.7,3.9076998,214.3,14.1,0.82510406
859,3908.6,-143,8.7,3.3574874,214.5,14.1,0.82494083
717.1,3917.3,-141.9,8.7,2.8090958,214.7,14.1,0.82477761
582,3925.9,-135.1,8.6,2.2848738,214.9,14.1,0.82461438
576,3927.5,-6,1.6,2.26224,215,14.1,0.82453277
577.1,3928.5,1.1,1,2.2671374,215.2,14.1,0.82436954
577.1,3929.4,0,0.9,2.2676567,215.4,14.1,0.82420632
580,3930,2.9,0.6,2.2794,215.5,14.1,0.8241247
581.1,3930.7,1.1,0.7,2.2841298,215.7,14.1,0.82396148
578.1,3931.5,-3,0.8,2.2728002,215.8,14.1,0.82387987
578.1,3932.2,0,0.7,2.2732048,216,14.1,0.82371664
579,3932.7,0.9,0.5,2.2770333,216.2,14.1,0.82355342
578.1,3933.3,-0.9,0.6,2.2738407,216.4,14.1,0.82339019
571,3934.2,-7.1,0.9,2.2464282,216.5,14.1,0.82330858
571,3934.8,0,0.6,2.2467708,216.7,14.1,0.82314535
577,3934.8,6,0,2.2703796,216.8,14.1,0.82306374
575,3935.4,-2,0.6,2.262855,217,14.1,0.82290051
576.1,3935.8,1.1,0.4,2.2674144,217.2,14.1,0.82273729
576.1,3936.2,0,0.4,2.2676448,217.3,14.1,0.82265568
582,3936.2,5.9,0,2.2908684,217.5,14.1,0.82249245
1766,3870.7,1184,-65.5,6.8356562,218,14.1,0.82208439
1761.1,3868,-4.9,-2.7,6.8119348,218.5,14.1,0.82167632
1760.1,3865.9,-1,-2.1,6.8043706,218.9,14.1,0.82134987
1761.9,3864,1.8,-1.9,6.8079816,219.4,14.1,0.82094181
1759,3862.5,-2.9,-1.5,6.7941375,219.9,14.1,0.82053375
1765.1,3860.8,6.1,-1.7,6.8146981,220.4,14.1,0.82012568
1761,3859.7,-4.1,-1.1,6.7969317,220.9,14.1,0.81971762
1759,3858.6,-2,-1.1,6.7872774,221.4,14.1,0.81930956
1762,3857.3,3,-1.3,6.7965626,221.9,14.1,0.81890149
1759.1,3856.4,-2.9,-0.9,6.7837932,222.4,14.1,0.81849343
284.2,3937.7,-1474.9,81.3,1.1190943,222.5,14.1,0.81841182
295.1,3940.2,10.9,2.5,1.162753,222.5,14.1,0.81841182
290,3942.6,-5.1,2.4,1.143354,222.6,14.1,0.8183302
291,3944.2,1,1.6,1.1477622,222.7,14.1,0.81824859
288,3945.9,-3,1.7,1.1364192,222.8,14.1,0.81816698
288.1,3947.1,0.1,1.2,1.1371595,222.9,14.1,0.81808537
291.1,3948.2,3,1.1,1.149321,222.9,14.1,0.81808537
287,3949.4,-4.1,1.2,1.1334778,223,14.1,0.81800375
284.2,3950.6,-2.8,1.2,1.1227605,223.1,14.1,0.81792214
285.1,3951.5,0.9,0.9,1.1265726,223.2,14.1,0.81784053
290.1,3952.1,5,0.6,1.1465042,223.3,14.1,0.81775892
289,3952.9,-1.1,0.8,1.1423881,223.3,14.1,0.81775892
292,3953.5,3,0.6,1.154422,223.4,14.1,0.8176773
289.1,3954.4,-2.9,0.9,1.143217,223.5,14.1,0.81759569
289.1,3955.1,0,0.7,1.1434194,223.6,14.1,0.81751408
286,3956,-3.1,0.9,1.131416,223.7,14.1,0.81743247
292,3956.3,6,0.3,1.1552396,223.7,14.1,0.81743247
287.1,3957.2,-4.9,0.9,1.1361121,223.8,14.1,0.81735085
290,3957.6,2.9,0.4,1.147704,223.9,14.1,0.81726924
286,3958.4,-4,0.8,1.1321024,224,14.1,0.81718763
285.1,3959,-0.9,0.6,1.1287109,224.1,14.1,0.81710601
292,3959.2,6.9,0.2,1.1560864,224.1,14.1,0.81710601
288.1,3960,-3.9,0.8,1.140876,224.2,14.1,0.8170244
283,3960.8,-5.1,0.8,1.1209064,224.3,14.1,0.81694279
287,3961,4,0.2,1.136807,224.4,14.1,0.81686118
290.1,3961.3,3.1,0.3,1.1491731,224.5,14.1,0.81677956
287,3962,-3.1,0.7,1.137094,224.5,14.1,0.81677956
291.1,3962.2,4.1,0.2,1.1533964,224.6,14.1,0.81669795
286,3963,-5.1,0.8,1.133418,224.7,14.1,0.81661634
282,3963.6,-4,0.6,1.1177352,224.8,14.1,0.81653473
289,3963.6,7,0,1.1454804,224.9,14.1,0.81645311
286.1,3964.2,-2.9,0.6,1.1341576,224.9,14.1,0.81645311
289,3964.4,2.9,0.2,1.1457116,225,14.1,0.8163715
288,3964.9,-1,0.5,1.1418912,225.1,14.1,0.81628989
286,3965.4,-2,0.5,1.1341044,225.2,14.1,0.81620828
288,3965.7,2,0.3,1.1421216,225.3,14.1,0.81612666
291.1,3965.8,3.1,0.1,1.1544444,225.3,14.1,0.81612666
287,3966.3,-4.1,0.5,1.1383281,225.4,14.1,0.81604505
1072.9,3923,785.9,-43.3,4.2089867,225.7,14.1,0.81580021
1852.9,3877.9,780,-45.1,7.1853609,226.2,14.1,0.81539215
1859,3874,6.1,-3.9,7.201766,226.7,14.1,0.81498409
1851.1,3871.7,-7.9,-2.3,7.1669039,227.3,14.1,0.81449441
1851.1,3869.4,0,-2.3,7.1626463,227.7,14.1,0.81416796
1853.1,3867.1,2,-2.3,7.166123,228.3,14.1,0.81367828
1857,3865,3.9,-2.1,7.177305,228.8,14.1,0.81327022
1856,3863.2,-1,-1.8,7.1700992,229.3,14.1,0.81286216
1857,3861.4,1,-1.8,7.1706198,229.8,14.1,0.81245409
1858.1,3859.9,1.1,-1.5,7.1720802,230.3,14.1,0.81204603
1857.1,3858.4,-1,-1.5,7.1654346,230.8,14.1,0.81163797
1853.1,3857.2,-4,-1.2,7.1477773,231.3,14.1,0.8112299
1856,3855.7,2.9,-1.5,7.1561792,231.9,14.1,0.81074023
1613.1,3867.9,-242.9,12.2,6.2393095,232.3,14.1,0.81041378
1375,3880.5,-238.1,12.6,5.3356875,232.7,14.1,0.81008733
1138,3893.7,-237,13.2,4.4310306,233,14.1,0.80984249
894,3907.7,-244,14,3.4934838,233.3,14.1,0.80959765
654.1,3921.9,-239.9,14.2,2.5653148,233.4,14.1,0.80951604
413.1,3936.5,-241,14.6,1.6261682,233.6,14.1,0.80935281
171.1,3951.5,-242,15,0.67610165,233.6,14.1,0.80935281
-73,3967.1,-244.1,15.6,-0.2895983,233.6,14.1,0.80935281
-68,3969.1,5,2,-0.2698988,233.6,14.1,0.80935281
-65,3970.8,3,1.7,-0.258102,233.6,14.1,0.80935281
-71,3972.8,-6,2,-0.2820688,233.6,14.1,0.80935281
-65,3973.9,6,1.1,-0.2583035,233.6,14.1,0.80935281
-65,3975.3,0,1.4,-0.2583945,233.5,14.1,0.80943442
-73,3977.1,-8,1.8,-0.2903283,233.5,14.1,0.80943442
-63,3977.7,10,0.6,-0.2505951,233.5,14.1,0.80943442
-62,3978.8,1,1.1,-0.2466856,233.5,14.1,0.80943442
-71,3980.4,-9,1.6,-0.2826084,233.5,14.1,0.80943442
-65,3981.1,6,0.7,-0.2587715,233.4,14.1,0.80951604
-70,3982.4,-5,1.3,-0.278768,233.4,14.1,0.80951604
-66,3983.1,4,0.7,-0.2628846,233.4,14.1,0.80951604
-64,3983.9,2,0.8,-0.2549696,233.4,14.1,0.80951604
1863.9,3877.7,1927.9,-106.2,7.227645,233.9,14.1,0.80910797
1872.1,3872.7,8.2,-5,7.2500817,234.4,14.1,0.80869991
1870,3869.6,-2.1,-3.1,7.236152,234.9,14.1,0.80829185
1869,3866.9,-1,-2.7,7.2272361,235.4,14.1,0.80788378
1871.1,3864.4,2.1,-2.5,7.2306788,235.9,14.1,0.80747572
1869,3862.4,-2.1,-2,7.2188256,236.5,14.1,0.80698604
1860.1,3860.9,-8.9,-1.5,7.1816601,237,14.1,0.80657798
1871,3858.5,10.9,-2.4,7.2192535,237.5,14.1,0.80616992
1873,3856.7,2,-1.8,7.2235991,238,14.1,0.80576185
1874,3855.1,1,-1.6,7.2244574,238.5,14.1,0.80535379
1868,3853.9,-6,-1.2,7.1990852,239,14.1,0.80494573
1871,3852.3,3,-1.6,7.2076533,239.6,14.1,0.80445605
1867,3851.2,-4,-1.1,7.1901904,240.1,14.1,0.80404799
1869,3849.8,2,-1.4,7.1952762,240.6,14.1,0.80363992
1873.1,3848.5,4.1,-1.3,7.2086254,241.1,14.1,0.80323186
1871,3847.3,-2.1,-1.2,7.1982983,241.6,14.1,0.8028238
1877.1,3845.9,6.1,-1.4,7.2191389,242.2,14.1,0.80233412
1868,3845.2,-9.1,-0.7,7.1828336,242.7,14.1,0.80192606
1871,3844,3,-1.2,7.192124,243.2,14.1,0.801518
1868.2,3843.1,-2.8,-0.9,7.1796794,243.7,14.1,0.80110993
1871.1,3841.9,2.9,-1.2,7.1885791,244.2,14.1,0.80070187
1870,3840.9,-1.1,-1,7.182483,244.8,14.1,0.80021219
1872,3839.9,2,-1,7.1882928,245.3,14.1,0.79980413
1868.1,3839.1,-3.9,-0.8,7.1718227,245.8,14.1,0.79939607
1864.1,3838.4,-4,-0.7,7.1551614,246.3,14.1,0.798988
1654.2,3849.2,-209.9,10.8,6.3673466,246.8,14.1,0.79857994
1441.1,3860.7,-213.1,11.5,5.5636548,247.2,14.1,0.79825349
1222.1,3873.1,-219,12.4,4.7333155,247.5,14.1,0.79800865
1010,3885.5,-212.1,12.4,3.924355,247.8,14.1,0.79776381
799.1,3898.2,-210.9,12.7,3.1150516,248,14.1,0.79760059
582.2,3911.5,-216.9,13.3,2.2772753,248.2,14.1,0.79743736
367.1,3925.1,-215.1,13.6,1.4409042,248.3,14.1,0.79735575
157.2,3938.7,-209.9,13.6,0.61916364,248.3,14.1,0.79735575
-63,3953.2,-220.2,14.5,-0.2490516,248.4,14.1,0.79727414
-282.1,3967.7,-219.1,14.5,-1.1192882,248.3,14.1,0.79735575
-492,3982.1,-209.9,14.4,-1.9591932,248.2,14.2,0.79743736
-488.1,3984.7,3.9,2.6,-1.9449321,248,14.2,0.79760059
-493,3987.5,-4.9,2.8,-1.9658375,247.9,14.2,0.7976822
-494,3989.9,-1,2.4,-1.9710106,247.7,14.2,0.79784543
-494.1,3992,-0.1,2.1,-1.9724472,247.6,14.2,0.79792704
-491.1,3993.9,3,1.9,-1.9614043,247.5,14.2,0.79800865
-485.1,3995.4,6,1.5,-1.9381685,247.3,14.2,0.79817188
-491,3997.5,-5.9,2.1,-1.9627725,247.2,14.2,0.79825349
-494.1,3999.3,-3.1,1.8,-1.9760541,247.1,14.2,0.7983351
-491.2,4000.8,2.9,1.5,-1.965193,246.9,14.2,0.79849833
-493.1,4002.5,-1.9,1.7,-1.9736328,246.8,14.2,0.79857994
-484.1,4003.4,9,0.9,-1.9380459,246.7,14.2,0.79866155
-488.1,4005.1,-4,1.7,-1.9548893,246.5,14.2,0.79882478
-497.1,4006.9,-9,1.8,-1.99183,246.4,14.2,0.79890639
-491.1,4008,6,1.1,-1.9683288,246.2,14.2,0.79906962
-485,4008.9,6.1,0.9,-1.9443165,246.1,14.2,0.79915123
-490.1,4010.4,-5.1,1.5,-1.965497,246,14.2,0.79923284
-488.1,4011.5,2,1.1,-1.9580131,245.8,14.2,0.79939607
-487.1,4012.7,1,1.2,-1.9545862,245.7,14.2,0.79947768
1825.9,3885.7,2313,-127,7.0948996,246.2,14.2,0.79906962
1830,3880.3,4.1,-5.4,7.100949,246.7,14.2,0.79866155
1830,3876.6,0,-3.7,7.094178,247.2,14.2,0.79825349
1833,3873.3,3,-3.3,7.0997589,247.7,14.2,0.79784543
1830.1,3870.9,-2.9,-2.4,7.0841341,248.2,14.2,0.79743736
1827.1,3868.6,-3,-2.3,7.0683191,248.7,14.2,0.7970293
1827.1,3866.4,0,-2.2,7.0642994,249.2,14.2,0.79662124
1833,3864.1,5.9,-2.3,7.0828953,249.7,14.2,0.79621317
1832,3862.2,-1,-1.9,7.0755504,250.2,14.2,0.79580511
1830,3860.5,-2,-1.7,7.064715,250.7,14.2,0.79539705
1829,3858.9,-1,-1.6,7.0579281,251.2,14.2,0.79498898
1831,3857.1,2,-1.8,7.0623501,251.7,14.2,0.79458092
1827.1,3855.8,-3.9,-1.3,7.0449322,252.3,14.2,0.79409124
1829.1,3854.2,2,-1.6,7.0497172,252.8,14.2,0.79368318
1830,3852.7,0.9,-1.5,7.050441,253.3,14.2,0.79327512
1831.1,3851.3,1.1,-1.4,7.0521154,253.8,14.2,0.79286705
1832,3849.9,0.9,-1.4,7.0530168,254.3,14.2,0.79245899
1832.1,3848.6,0.1,-1.3,7.0510201,254.8,14.2,0.79205093
1835.9,3847.1,3.8,-1.5,7.0628909,255.3,14.2,0.79164286
1826,3846.4,-9.9,-0.7,7.0235264,255.8,14.2,0.7912348
1828,3845.2,2,-1.2,7.0290256,256.3,14.2,0.79082674
1833.1,3843.8,5.1,-1.4,7.0460698,256.8,14.2,0.79041867
1828.1,3843,-5,-0.8,7.0253883,257.3,14.2,0.79001061
1831,3841.8,2.9,-1.2,7.0343358,257.8,14.2,0.78960255
1828,3840.9,-3,-0.9,7.0211652,258.4,14.2,0.78911287
1834.1,3839.6,6.1,-1.3,7.0422104,258.9,14.2,0.78870481
1830.1,3838.8,-4,-0.8,7.0253879,259.4,14.2,0.78829674
1836.1,3837.5,6,-1.3,7.0460338,259.9,14.2,0.78788868
1832,3836.8,-4.1,-0.7,7.0290176,260.4,14.2,0.78748062
1834,3835.7,2,-1.1,7.0346738,260.9,14.2,0.78707255
1828.1,3835.2,-5.9,-0.5,7.0111291,261.4,14.2,0.78666449
1833,3834,4.9,-1.2,7.027722,261.9,14.2,0.78625643
1828.1,3833.4,-4.9,-0.6,7.0078385,262.4,14.2,0.78584836
1831,3832.4,2.9,-1,7.0171244,262.9,14.2,0.7854403
1832,3831.5,1,-0.9,7.019308,263.4,14.2,0.78503224
1831.1,3830.7,-0.9,-0.8,7.0143948,264,14.2,0.78454256
1829.1,3830,-2,-0.7,7.005453,264.5,14.2,0.7841345
1832,3829,2.9,-1,7.014728,265,14.2,0.78372643
1832,3828.2,0,-0.8,7.0132624,265.5,14.2,0.78331837
1827,3827.7,-5,-0.5,6.9932079,266,14.2,0.78291031
1644.1,3837.2,-182.9,9.5,6.3087405,266.4,14.2,0.78258386
1447.1,3848,-197,10.8,5.5684408,266.8,14.2,0.78225741
1253,3859,-194.1,11,4.835327,267.2,14.2,0.78193096
1064,3870.1,-189,11.1,4.1177864,267.5,14.2,0.78168612
876.1,3881.5,-187.9,11.4,3.4005821,267.7,14.2,0.78152289
681.1,3893.6,-195,12.1,2.651931,267.9,14.2,0.78135967
497,3905.4,-184.1,11.8,1.9409838,268.1,14.2,0.78119644
295.1,3918.3,-201.9,12.9,1.1562903,268.1,14.2,0.78119644
104.2,3931,-190.9,12.7,0.4096102,268.2,14.2,0.78111483
102.1,3933.4,-2.1,2.4,0.40160014,268.2,14.2,0.78111483
107.2,3935.1,5.1,1.7,0.42184272,268.2,14.2,0.78111483
105.1,3936.9,-2.1,1.8,0.41376819,268.3,14.2,0.78103322
104.1,3938.5,-1,1.6,0.40999785,268.3,14.2,0.78103322
107,3939.9,2.9,1.4,0.4215693,268.3,14.2,0.78103322
107.1,3941.3,0.1,1.4,0.42211323,268.3,14.2,0.78103322
113.1,3942.2,6,0.9,0.44586282,268.4,14.2,0.7809516
-708,3989,-821.1,46.8,-2.824212,268.3,14.2,0.78103322
-699.1,3992,8.9,3,-2.7908072,268.1,14.2,0.78119644
-705.1,3995.1,-6,3.1,-2.816945,267.9,14.2,0.78135967
-705,3997.6,0.1,2.5,-2.818308,267.7,14.2,0.78152289
-710.1,4000.2,-5.1,2.6,-2.840542,267.5,14.2,0.78168612
-700.2,4001.8,9.9,1.6,-2.8020604,267.3,14.2,0.78184934
-704,4004.1,-3.8,2.3,-2.8188864,267.1,14.2,0.78201257
-708.1,4006.3,-4.1,2.2,-2.836861,266.9,14.2,0.78217579
-702.1,4007.8,6,1.5,-2.8138764,266.7,14.2,0.78233902
-703.1,4009.6,-1,1.8,-2.8191498,266.5,14.2,0.78250224
-701.1,4011.2,2,1.6,-2.8122523,266.3,14.2,0.78266547
-708.1,4013.3,-7,2.1,-2.8418177,266.1,14.2,0.7828287
-705.1,4014.7,3,1.4,-2.830765,265.9,14.2,0.78299192
-709.1,4016.5,-4,1.8,-2.8481001,265.7,14.2,0.78315515
-702,4017.6,7.1,1.1,-2.8203552,265.5,14.2,0.78331837
-710.1,4019.4,-8.1,1.8,-2.8541759,265.3,14.2,0.7834816
-703.1,4020.5,7,1.1,-2.8268135,265.1,14.2,0.78364482
-705,4022,-1.9,1.5,-2.83551,264.9,14.2,0.78380805
-700.1,4023,4.9,1,-2.8165023,264.7,14.2,0.78397127
-704,4024.5,-3.9,1.5,-2.833248,264.5,14.2,0.7841345
-544.1,4017,159.9,-7.5,-2.1856497,264.4,14.2,0.78421611
-379.1,4008.8,165,-8.2,-1.5197361,264.3,14.2,0.78429772
-217.2,4000.2,161.9,-8.6,-0.86884344,264.2,14.2,0.78437934
-56,3991.5,161.2,-8.7,-0.223524,264.2,14.2,0.78437934
112.1,3982.1,168.1,-9.4,0.44639341,264.2,14.2,0.78437934
276,3972.7,163.9,-9.4,1.0964652,264.3,14.2,0.78429772
434.1,3963.3,158.1,-9.4,1.7204685,264.4,14.2,0.78421611
596,3953.4,161.9,-9.9,2.3562264,264.6,14.2,0.78405289
758,3943.5,162,-9.9,2.989173,264.8,14.2,0.78388966
928,3932.8,170,-10.7,3.6496384,265,14.2,0.78372643
1088,3922.4,160,-10.4,4.2675712,265.3,14.2,0.7834816
1255,3911.4,167,-11,4.908807,265.7,14.2,0.78315515
1417,3900.5,162,-10.9,5.5270085,266.1,14.2,0.7828287
1411,3898.7,-6,-1.8,5.5010657,266.5,14.2,0.78250224
1410,3896.9,-1,-1.8,5.494629,266.9,14.2,0.78217579
1415,3895,5,-1.9,5.511425,267.3,14.2,0.78184934
1412,3893.5,-3,-1.5,5.497622,267.7,14.2,0.78152289
1418,3891.8,6,-1.7,5.5185724,268,14.2,0.78127805
1417,3890.4,-1,-1.4,5.5126968,268.4,14.2,0.7809516
1411,3889.4,-6,-1,5.4879434,268.8,14.2,0.78062515
1413,3888,2,-1.4,5.493744,269.2,14.2,0.7802987
1414,3886.8,1,-1.2,5.4959352,269.6,14.2,0.77997225
1409,3885.9,-5,-0.9,5.4752331,270,14.2,0.7796458
1416,3884.3,7,-1.6,5.5001688,270.4,14.2,0.77931935
1412,3883.4,-4,-0.9,5.4833608,270.8,14.2,0.7789929
1458,3879.9,46,-3.5,5.6568942,271.2,14.2,0.77866645
1497.9,3876.5,39.9,-3.4,5.8066094,271.6,14.2,0.77834
1552,3872.3,54.1,-4.2,6.0098096,272,14.2,0.77801355
1595,3868.6,43,-3.7,6.170417,272.5,14.2,0.77760548
1634,3865.2,39,-3.4,6.3157368,272.9,14.2,0.77727903
1679,3861.4,45,-3.8,6.4832906,273.4,14.2,0.77687097
1722,3857.6,43,-3.8,6.6427872,273.9,14.2,0.77646291
1767.1,3853.7,45.1,-3.9,6.8098733,274.4,14.2,0.77605484
1805.1,3850.2,38,-3.5,6.949996,274.9,14.2,0.77564678
1854,3846,48.9,-4.2,7.130484,275.4,14.2,0.77523872
1900.9,3841.8,46.9,-4.2,7.3028776,275.9,14.2,0.77483065
1894.1,3840.7,-6.8,-1.1,7.2746699,276.5,14.2,0.77434098
1897,3839.1,2.9,-1.6,7.2827727,277,14.2,0.77393291
1895,3837.8,-2,-1.3,7.272631,277.5,14.2,0.77352485
1896,3836.4,1,-1.4,7.2738144,278,14.2,0.77311679
1904,3834.7,8,-1.7,7.3012688,278.6,14.2,0.77262711
1896.1,3833.9,-7.9,-0.8,7.2694578,279.1,14.2,0.77221905
1892,3832.9,-4.1,-1,7.2518468,279.6,14.2,0.77181099
1895.1,3831.6,3.1,-1.3,7.2612652,280.1,14.2,0.77140292
1898,3830.2,2.9,-1.4,7.2697196,280.7,14.2,0.77091325
1897.9,3829.1,-0.1,-1.1,7.2672489,281.2,14.2,0.77050518
1895.1,3828.2,-2.8,-0.9,7.2548218,281.7,14.2,0.77009712
1898,3826.9,2.9,-1.3,7.2634562,282.2,14.2,0.76968906
855.1,3884.1,-1042.9,57.2,3.3212939,282.5,14.2,0.76944422
852,3886.1,-3.1,2,3.3109572,282.7,14.2,0.76928099
854,3887.2,2,1.1,3.3196688,283,14.2,0.76903615
854,3888.1,0,0.9,3.3204374,283.2,14.2,0.76887293
851,3889,-3,0.9,3.309539,283.4,14.2,0.7687097
850,3889.6,-1,0.6,3.30616,283.7,14.2,0.76846487
856,3889.8,6,0.2,3.3296688,283.9,14.2,0.76830164
855,3890.3,-1,0.5,3.3262065,284.1,14.2,0.76813842
861,3890.4,6,0.1,3.3496344,284.4,14.2,0.76789358
852,3891.2,-9,0.8,3.3153024,284.6,14.2,0.76773035
854,3891.3,2,0.1,3.3231702,284.9,14.2,0.76748551
851.9,3891.8,-2.1,0.5,3.3154244,285.1,14.2,0.76732229
860,3891.6,8.1,-0.2,3.346776,285.3,14.2,0.76715906
856,3892,-4,0.4,3.331552,285.6,14.2,0.76691423
855,3892.2,-1,0.2,3.327831,285.8,14.2,0.766751
696.1,3901.3,-158.9,9.1,2.7156949,286,14.2,0.76658777
547,3910.2,-149.1,8.9,2.1388794,286.2,14.2,0.76642455
388.1,3920,-158.9,9.8,1.521352,286.3,14.2,0.76634294
237.1,3929.6,-151,9.6,0.93170816,286.3,14.2,0.76634294
81,3939.8,-156.1,10.2,0.3191238,286.3,14.2,0.76634294
-73,3950.1,-154,10.3,-0.2883573,286.3,14.2,0.76634294
-233.1,3960.9,-160.1,10.8,-0.92328579,286.3,14.2,0.76634294
-232.1,3963,1,2.1,-0.9198123,286.2,14.2,0.76642455
-233.1,3964.9,-1,1.9,-0.92421819,286.1,14.2,0.76650616
-236.1,3966.7,-3,1.8,-0.93653787,286.1,14.2,0.76650616
-228.1,3967.8,8,1.1,-0.90505518,286,14.2,0.76658777
-227.1,3969.3,1,1.5,-0.90142803,286,14.2,0.76658777
-229.2,3970.8,-2.1,1.5,-0.91010736,285.9,14.2,0.76666939
-233.1,3972.3,-3.9,1.5,-0.92594313,285.8,14.2,0.766751
-233.1,3973.6,0,1.3,-0.92624616,285.8,14.2,0.766751
-230,3974.7,3.1,1.1,-0.914181,285.7,14.2,0.76683261
-234,3976,-4,1.3,-0.930384,285.6,14.2,0.76691423
-228.1,3976.9,5.9,0.9,-0.90713089,285.6,14.2,0.76691423
-230.1,3978.1,-2,1.2,-0.91536081,285.5,14.2,0.76699584
-231.1,3979.2,-1,1.1,-0.91959312,285.4,14.2,0.76707745
-226.1,3979.9,5,0.7,-0.89985539,285.4,14.2,0.76707745
-227.1,3981,-1,1.1,-0.9040851,285.3,14.2,0.76715906
-225.1,3981.9,2,0.9,-0.89632569,285.2,14.2,0.76724068
-228.1,3983,-3,1.1,-0.9085223,285.2,14.2,0.76724068
-234.1,3984.2,-6,1.2,-0.93270122,285.1,14.2,0.76732229
-228.1,3984.8,6,0.6,-0.90893288,285.1,14.2,0.76732229
-229.1,3985.7,-1,0.9,-0.91312387,285,14.2,0.7674039
-229.1,3986.6,0,0.9,-0.91333006,284.9,14.2,0.76748551
-226,3987.2,3.1,0.6,-0.9011072,284.9,14.2,0.76748551
-230.2,3988.2,-4.2,1,-0.91808364,284.8,14.2,0.76756713
-230.1,3989,0.1,0.8,-0.9178689,284.7,14.2,0.76764874
-229.1,3989.7,1,0.7,-0.91404027,284.7,14.2,0.76764874
-229.2,3990.5,-0.1,0.8,-0.9146226,284.6,14.2,0.76773035
-224.1,3991,5.1,0.5,-0.8943831,284.5,14.2,0.76781196
-229.1,3992,-5,1,-0.9145672,284.5,14.2,0.76781196
-53,3982.9,176.1,-9.1,-0.2110937,284.5,14.2,0.76781196
120.1,3973.5,173.1,-9.4,0.47721735,284.5,14.2,0.76781196
287,3964,166.9,-9.5,1.137668,284.6,14.2,0.76773035
460,3954,173,-10,1.81884,284.7,14.2,0.76764874
631,3943.8,171,-10.2,2.4885378,284.9,14.2,0.76748551
806,3933,175,-10.8,3.169998,285.1,14.2,0.76732229
981,3922,175,-11,3.847482,285.4,14.2,0.76707745
1152,3910.9,171,-11.1,4.5053568,285.7,14.2,0.76683261
1322,3899.7,170,-11.2,5.1554034,286.1,14.2,0.76650616
1496,3888.1,174,-11.6,5.8165976,286.5,14.2,0.76617971
1670,3876.2,174,-11.9,6.473254,286.9,14.2,0.76585326
1842,3864.3,172,-11.9,7.1180406,287.5,14.2,0.76536358
1845,3861.5,3,-2.8,7.1244675,288,14.2,0.76495552
1841,3859.4,-4,-2.1,7.1051554,288.5,14.2,0.76454746
1842.1,3857.2,1.1,-2.2,7.1053481,289,14.2,0.76413939
1842,3855.2,-0.1,-2,7.1012784,289.5,14.2,0.76373133
1844,3853.2,2,-2,7.1053008,290,14.2,0.76332327
1842,3851.5,-2,-1.7,7.094463,290.5,14.2,0.7629152
1844,3849.7,2,-1.8,7.0988468,291,14.2,0.76250714
1846.8,3847.8,2.8,-1.9,7.106117,291.5,14.2,0.76209908
1843,3846.5,-3.8,-1.3,7.0890995,292.1,14.2,0.7616094
1844,3844.8,1,-1.7,7.0898112,292.6,14.2,0.76120134
1800.1,3845.8,-43.9,1,6.9228246,293.1,14.2,0.76079328
1745.1,3847.5,-55,1.7,6.7142723,293.6,14.2,0.76038521
1698,3849,-47.1,1.5,6.535602,294,14.2,0.76005876
1652.1,3850.5,-45.9,1.5,6.361411,294.5,14.2,0.7596507
1600.1,3852.5,-52,2,6.1643853,294.9,14.2,0.75932425
1552.2,3854.4,-47.9,1.9,5.9827997,295.4,14.2,0.75891618
1504,3856.3,-48.2,1.9,5.7998752,295.8,14.2,0.75858973
1461,3858.1,-43,1.8,5.6366841,296.2,14.2,0.75826328
1461,3857.5,0,-0.6,5.6358075,296.6,14.2,0.75793683
1460,3857,-1,-0.5,5.63122,297,14.2,0.75761038
1460,3856.5,0,-0.5,5.63049,297.4,14.2,0.75728393
1458,3855.9,-2,-0.6,5.6219022,297.8,14.2,0.75695748
1453,3855.6,-5,-0.3,5.6021868,298.2,14.2,0.75663103
1453.9,3854.9,0.9,-0.7,5.6046391,298.6,14.2,0.75630458
1457.1,3854.2,3.2,-0.7,5.6159548,299,14.2,0.75597813
1457,3853.6,-0.1,-0.6,5.6146952,299.4,14.2,0.75565168
1459,3852.9,2,-0.7,5.6213811,299.8,14.2,0.75532523
1455.1,3852.5,-3.9,-0.4,5.6057727,300.2,14.2,0.75499878
1457,3851.9,1.9,-0.6,5.6122183,300.6,14.2,0.75467233
1462,3851,5,-0.9,5.630162,301,14.2,0.75434587
1451.9,3850.9,-10.1,-0.1,5.5911217,301.4,14.2,0.75401942
1456.1,3850.2,4.2,-0.7,5.6062762,301.9,14.2,0.75361136
1458.1,3849.5,2,-0.7,5.6129559,302.3,14.2,0.75328491
1455.1,3849.2,-3,-0.3,5.6009709,302.7,14.2,0.75295846
1458,3848.5,2.9,-0.7,5.611113,303.1,14.2,0.75263201
1459.1,3847.9,1.1,-0.6,5.6144709,303.5,14.2,0.75230556
1457,3847.5,-2.1,-0.4,5.6058075,303.9,14.2,0.75197911
1463,3846.6,6,-0.9,5.6275758,304.3,14.2,0.75165266
1457.1,3846.4,-5.9,-0.2,5.6045894,304.7,14.2,0.75132621
1453,3846.1,-4.1,-0.3,5.5883833,305.1,14.2,0.75099976
1456.1,3845.5,3.1,-0.6,5.5994325,305.5,14.2,0.7506733
1455,3845,-1.1,-0.5,5.594475,305.9,14.2,0.75034685
1453.9,3844.6,-1.1,-0.4,5.5896639,306.3,14.2,0.7500204
1457,3844,3.1,-0.6,5.600708,306.7,14.2,0.74969395
1459,3843.4,2,-0.6,5.6075206,307.1,14.2,0.7493675
1457.1,3843,-1.9,-0.4,5.5996353,307.5,14.2,0.74904105
1506,3839.8,48.9,-3.2,5.7827388,307.9,14.2,0.7487146
1545.1,3837.1,39.1,-2.7,5.9287032,308.4,14.2,0.74830654
1591,3833.8,45.9,-3.3,6.0995758,308.8,14.2,0.74798009
1641.9,3830.1,50.9,-3.7,6.2886412,309.3,14.2,0.74757202
1682.1,3827.1,40.2,-3,6.4375649,309.7,14.2,0.74724557
1737,3823.2,54.9,-3.9,6.6408984,310.2,14.2,0.74683751
1779.1,3819.9,42.1,-3.3,6.7959841,310.7,14.2,0.74642945
1819,3816.6,39.9,-3.3,6.9423954,311.2,14.2,0.74602138
1828,3815.1,9,-1.5,6.9740028,311.7,14.2,0.74561332
1826.1,3814.3,-1.9,-0.8,6.9652932,312.2,14.2,0.74520526
1823.1,3813.4,-3,-0.9,6.9522095,312.7,14.2,0.74479719
1822.1,3812.6,-1,-0.8,6.9469385,313.2,14.2,0.74438913
1273,3842.5,-549.1,29.9,4.8915025,313.6,14.2,0.74406268
720,3874.2,-553,31.7,2.789424,313.8,14.2,0.74389945
720.1,3876.1,0.1,1.9,2.7911796,314,14.2,0.74373623
719.1,3877.5,-1,1.4,2.7883102,314.2,14.2,0.743573
717,3878.8,-2.1,1.3,2.7810996,314.4,14.2,0.74340978
714.9,3879.9,-2.1,1.1,2.7737405,314.6,14.2,0.74324655
715,3880.8,0.1,0.9,2.774772,314.7,14.2,0.74316494
718.1,3881.4,3.1,0.6,2.7872333,314.9,14.2,0.74300171
716,3882.3,-2.1,0.9,2.7797268,315.1,14.2,0.74283849
721,3882.6,5,0.3,2.7993546,315.3,14.2,0.74267526
721.1,3883.2,0.1,0.6,2.8001755,315.5,14.2,0.74251204
671,3886.6,-50.1,3.4,2.6079086,315.7,14.2,0.74234881
612,3890.5,-59,3.9,2.380986,315.9,14.2,0.74218559
563.1,3894,-48.9,3.5,2.1927114,316.1,14.2,0.74202236
512,3897.7,-51.1,3.7,1.9956224,316.2,14.2,0.74194075
464.1,3901.3,-47.9,3.6,1.8105933,316.3,14.2,0.74185914
410.1,3905.2,-54,3.9,1.6015225,316.4,14.2,0.74177752
352,3909.5,-58.1,4.3,1.376144,316.5,14.2,0.74169591
307.1,3913.1,-44.9,3.6,1.201713,316.6,14.2,0.7416143
259.1,3916.9,-48,3.8,1.0148688,316.7,14.2,0.74153269
203.2,3921.2,-55.9,4.3,0.79678784,316.8,14.2,0.74145107
152.1,3925.1,-51.1,3.9,0.59700771,316.8,14.2,0.74145107
102.1,3929.2,-50,4.1,0.40117132,316.8,14.2,0.74145107
45,3933.6,-57.1,4.4,0.177012,316.9,14.2,0.74136946
54,3934.5,9,0.9,0.212463,316.9,14.2,0.74136946
48,3936,-6,1.5,0.188928,316.9,14.2,0.74136946
50,3937,2,1,0.19685,316.9,14.2,0.74136946
53,3938,3,1,0.208714,316.9,14.2,0.74136946
50,3939.2,-3,1.2,0.19696,317,14.2,0.74128785
47,3940.4,-3,1.2,0.1851988,317,14.2,0.74128785
46,3941.4,-1,1,0.1813044,317,14.2,0.74128785
45,3942.4,-1,1,0.177408,317,14.2,0.74128785
43,3943.4,-2,1,0.1695662,317,14.2,0.74128785
49,3944,6,0.6,0.193256,317,14.2,0.74128785
43,3945.2,-6,1.2,0.1696436,317,14.2,0.74128785
47,3945.8,4,0.6,0.1854526,317,14.2,0.74128785
45,3946.7,-2,0.9,0.1776015,317.1,14.2,0.74120624
48,3947.3,3,0.6,0.1894704,317.1,14.2,0.74120624
52,3947.8,4,0.5,0.2052856,317.1,14.2,0.74120624
51,3948.6,-1,0.8,0.2013786,317.1,14.2,0.74120624
47,3949.5,-4,0.9,0.1856265,317.1,14.2,0.74120624
48,3950.1,1,0.6,0.1896048,317.1,14.2,0.74120624
5,3953.2,-43,3.1,0.019766,317.1,14.2,0.74120624
-30,3956.1,-35,2.9,-0.118683,317.1,14.2,0.74120624
-79,3959.6,-49,3.5,-0.3128084,317.1,14.2,0.74120624
-118,3962.7,-39,3.1,-0.4675986,317.1,14.2,0.74120624
-160.1,3966,-42.1,3.3,-0.6349566,317,14.2,0.74128785
-207.1,3969.6,-47,3.6,-0.82210416,317,14.2,0.74128785
-247.1,3972.9,-40,3.3,-0.98170359,316.9,14.2,0.74136946
-289.1,3976.3,-42,3.4,-1.1495483,316.8,14.2,0.74145107
-333,3980,-43.9,3.7,-1.32534,316.7,14.2,0.74153269
-370.1,3983.2,-37.1,3.2,-1.4741823,316.6,14.2,0.7416143
-419.1,3987.1,-49,3.9,-1.6709936,316.5,14.2,0.74169591
-459.1,3990.6,-40,3.5,-1.8320845,316.4,14.2,0.74177752
-456,3991.7,3.1,1.1,-1.8202152,316.3,14.2,0.74185914
-457.1,3992.9,-1.1,1.2,-1.8251546,316.1,14.2,0.74202236
-464.1,3994.4,-7,1.5,-1.853801,316,14.2,0.74210397
-450.1,3994.7,14,0.3,-1.7980145,315.9,14.2,0.74218559
103.1,3965,553.2,-29.7,0.4087915,315.9,14.2,0.74218559
109.1,3964.2,6,-0.8,0.43249422,315.9,14.2,0.74218559
104.1,3964.3,-5,0.1,0.41268363,316,14.2,0.74210397
103.1,3964.3,-1,0,0.40871933,316,14.2,0.74210397
1799,3870.1,1695.9,-94.2,6.9623099,316.5,14.2,0.74169591
1797,3865.7,-2,-4.4,6.9466629,317,14.2,0.74128785
1800,3862.1,3,-3.6,6.95178,317.5,14.2,0.74087978
1797.1,3859.2,-2.9,-2.9,6.9353683,318,14.2,0.74047172
1798.1,3856.6,1,-2.6,6.9345525,318.5,14.2,0.74006366
1795,3854.3,-3.1,-2.3,6.9184685,319,14.2,0.73965559
1796.1,3852,1.1,-2.3,6.9185772,319.5,14.2,0.73924753
1801.1,3849.6,5,-2.4,6.9335146,320,14.2,0.73883947
1797.1,3847.9,-4,-1.7,6.9150611,320.5,14.2,0.7384314
1804.1,3845.6,7,-2.3,6.937847,321,14.2,0.73802334
1794.1,3844.4,-10,-1.2,6.897238,321.5,14.2,0.73761528
1801,3842.2,6.9,-2.2,6.9198022,322,14.2,0.73720721
1801.1,3840.7,0.1,-1.5,6.9174848,322.5,14.2,0.73679915
1798.1,3839.2,-3,-1.5,6.9032655,323,14.2,0.73639109
1797.1,3837.7,-1,-1.5,6.8967307,323.5,14.2,0.73598302
1802,3835.9,4.9,-1.8,6.9122918,324,14.2,0.73557496
1690,3840.7,-112,4.8,6.490783,324.4,14.2,0.73524851
1575.1,3846,-114.9,5.3,6.0578346,324.9,14.2,0.73484045
1464.2,3851.4,-110.9,5.4,5.6392199,325.3,14.2,0.734514
1355.1,3856.9,-109.1,5.5,5.2264852,325.7,14.2,0.73418755
1240.1,3863,-115,6.1,4.7905063,326,14.2,0.73394271
1136,3868.6,-104.1,5.6,4.3947296,326.3,14.2,0.73369787
1138,3868.6,2,0,4.4024668,326.6,14.2,0.73345303
1136.1,3868.6,-1.9,0,4.3951165,327,14.2,0.73312658
1132.1,3868.6,-4,0,4.3796421,327.3,14.2,0.73288174
1132,3868.4,-0.1,-0.2,4.3790288,327.6,14.2,0.73263691
1131.1,3868.2,-0.9,-0.2,4.375321,327.9,14.2,0.73239207
1171,3865.8,39.9,-2.4,4.5268518,328.2,14.2,0.73214723
1195,3864,24,-1.8,4.61748,328.6,14.2,0.73182078
1228,3861.8,33,-2.2,4.7422904,328.9,14.2,0.73157594
1265,3859.2,37,-2.6,4.881888,329.3,14.2,0.73124949
1289.1,3857.3,24.1,-1.9,4.9724454,329.6,14.2,0.73100465
1317,3855.2,27.9,-2.1,5.0772984,330,14.2,0.7306782
1358.9,3852.2,41.9,-3,5.2347546,330.4,14.2,0.73035175
1384,3850.1,25.1,-2.1,5.3285384,330.7,14.2,0.73010691
1417,3847.5,33,-2.6,5.4519075,331.1,14.2,0.72978046
1452,3844.8,35,-2.7,5.5826496,331.5,14.2,0.72945401
1484,3842.2,32,-2.6,5.7018248,331.9,14.2,0.72912756
1514,3839.7,30,-2.5,5.8133058,332.4,14.2,0.7287195
1517.1,3838.7,3.1,-1,5.8236918,332.8,14.2,0.72839305
1516.1,3837.9,-1,-0.8,5.8186402,333.2,14.2,0.7280666
1521,3836.9,4.9,-1,5.8359249,333.6,14.2,0.72774015
528.2,3891.7,-992.8,54.8,2.0555959,333.8,14.2,0.72757692
-452.1,3948.7,-980.3,57,-1.7852073,333.7,14.2,0.72765853
-455.1,3953,-3,4.3,-1.7990103,333.5,14.2,0.72782176
-451.2,3956.1,3.9,3.1,-1.7849923,333.4,14.2,0.72790337
-454.1,3959,-2.9,2.9,-1.7977819,333.3,14.2,0.72798498
-447.1,3961.1,7,2.1,-1.7710078,333.2,14.2,0.7280666
-449,3963.5,-1.9,2.4,-1.7796115,333,14.2,0.72822982
-449.1,3965.5,-0.1,2,-1.7809061,332.9,14.2,0.72831143
-453.1,3967.8,-4,2.3,-1.7978102,332.8,14.2,0.72839305
-454.1,3969.7,-1,1.9,-1.8026408,332.7,14.2,0.72847466
-449.1,3971.1,5,1.4,-1.783421,332.5,14.2,0.72863788
-455.1,3973.2,-6,2.1,-1.8082033,332.4,14.2,0.7287195
-454.1,3974.6,1,1.4,-1.8048659,332.3,14.2,0.72880111
-457.1,3976.4,-3,1.8,-1.8176124,332.2,14.2,0.72888272
-457.1,3977.8,0,1.4,-1.8182524,332,14.2,0.72904595
-454.1,3979.1,3,1.3,-1.8069093,331.9,14.2,0.72912756
-451.1,3980.3,3,1.2,-1.7955133,331.8,14.2,0.72920917
-453.1,3981.7,-2,1.4,-1.8041083,331.7,14.2,0.72929079
-451.1,3982.9,2,1.2,-1.7966862,331.5,14.2,0.72945401
-454.1,3984.3,-3,1.4,-1.8092706,331.4,14.2,0.72953562
-454.1,3985.4,0,1.1,-1.8097701,331.3,14.2,0.72961724
-445,3986.2,9.1,0.8,-1.773859,331.2,14.2,0.72969885
-449.1,3987.4,-4.1,1.2,-1.7907413,331,14.2,0.72986207
-455.1,3988.9,-6,1.5,-1.8153484,330.9,14.2,0.72994369
-454.1,3989.9,1,1,-1.8118136,330.8,14.2,0.7300253
-454.1,3990.9,0,1,-1.8122677,330.7,14.2,0.73010691
-458.1,3992.2,-4,1.3,-1.8288268,330.5,14.2,0.73027014
-456.1,3993.1,2,0.9,-1.8212529,330.4,14.2,0.73035175
-451,3993.8,5.1,0.7,-1.8012038,330.3,14.2,0.73043336
-453.1,3994.8,-2.1,1,-1.8100439,330.1,14.2,0.73059659
-450.1,3995.6,3,0.8,-1.7984196,330,14.2,0.7306782
-451,3996.6,-0.9,1,-1.8024666,329.9,14.2,0.73075981
-447.1,3997.2,3.9,0.6,-1.7871481,329.8,14.2,0.73084143
-446.1,3998,1,0.8,-1.7835078,329.6,14.2,0.73100465
-450.1,3999.1,-4,1.1,-1.7999949,329.5,14.2,0.73108626
1426.9,3895.5,1877,-103.6,5.558489,329.9,14.2,0.73075981
1430,3891.1,3.1,-4.4,5.564273,330.3,14.2,0.73043336
1422,3888.4,-8,-2.7,5.5293048,330.7,14.2,0.73010691
1429,3885.3,7,-3.1,5.5520937,331.1,14.2,0.72978046
1423.9,3883.3,-5.1,-2,5.5294309,331.5,14.2,0.72945401
1428.1,3881.1,4.2,-2.2,5.5425989,331.8,14.2,0.72920917
1423.1,3879.4,-5,-1.7,5.5207741,332.2,14.2,0.72888272
1424.9,3877.5,1.8,-1.9,5.5250497,332.6,14.2,0.72855627
1423,3876,-1.9,-1.5,5.515548,333,14.2,0.72822982
1420,3874.6,-3,-1.4,5.501932,333.4,14.2,0.72790337
1424.9,3872.9,4.9,-1.7,5.5184952,333.8,14.2,0.72757692
1429.1,3871.2,4.2,-1.7,5.5323319,334.2,14.2,0.72725047
1427.1,3869.9,-2,-1.3,5.5227343,334.6,14.2,0.72692402
1425.9,3868.7,-1.2,-1.2,5.5163793,335,14.2,0.72659757
1430,3867.2,4.1,-1.5,5.530096,335.4,14.2,0.72627112
1425,3866.2,-5,-1,5.509335,335.8,14.2,0.72594467
1431.1,3864.7,6.1,-1.5,5.5307722,336.2,14.2,0.72561822
-556,3974.5,-1987.1,109.8,-2.209822,336.1,14.2,0.72569983
-550.1,3978.6,5.9,4.1,-2.1886279,336,14.2,0.72578144
-552.1,3981.8,-2,3.2,-2.1983518,335.8,14.2,0.72594467
-554.1,3984.6,-2,2.8,-2.2078669,335.6,14.2,0.72610789
-554.1,3986.8,0,2.2,-2.2090859,335.5,14.2,0.7261895
-559,3989.1,-4.9,2.3,-2.2299069,335.3,14.2,0.72635273
-557.1,3990.8,1.9,1.7,-2.2232747,335.2,14.2,0.72643434
-554.9,3992.4,2.2,1.6,-2.2153828,335,14.2,0.72659757
-555.1,3994,-0.2,1.6,-2.2170694,334.9,14.2,0.72667918
-557.1,3995.6,-2,1.6,-2.2259488,334.7,14.1,0.72684241
-553.1,3996.9,4,1.3,-2.2106854,334.6,14.1,0.72692402
-556,3998.4,-2.9,1.5,-2.2231104,334.4,14.2,0.72708724
-550,3999.3,6,0.9,-2.199615,334.3,14.2,0.72716886
-560.2,4001.1,-10.2,1.8,-2.2414162,334.1,14.2,0.72733208
-556.1,4002.1,4.1,1,-2.2255678,333.9,14.1,0.72749531
-553.1,4003.1,3,1,-2.2141146,333.8,14.1,0.72757692
-557.1,4004.4,-4,1.3,-2.2308512,333.6,14.1,0.72774015
-551.1,4005.2,6,0.8,-2.2072657,333.5,14.1,0.72782176
-551.1,4006.2,0,1,-2.2078168,333.3,14.1,0.72798498
-555.1,4007.4,-4,1.2,-2.2245077,333.2,14.1,0.7280666
903,3927.1,1458.1,-80.3,3.5461713,333.4,14.1,0.72790337
909,3923.8,6,-3.3,3.5667342,333.6,14.1,0.72774015
901,3922.1,-8,-1.7,3.5338121,333.9,14.1,0.72749531
900,3920.5,-1,-1.6,3.52845,334.1,14.1,0.72733208
906,3918.7,6,-1.8,3.5503422,334.4,14.1,0.72708724
903,3917.6,-3,-1.1,3.5375928,334.6,14.1,0.72692402
899.1,3916.6,-3.9,-1,3.5214151,334.9,14.1,0.72667918
901,3915.4,1.9,-1.2,3.5277754,335.1,14.1,0.72651596
907,3914,6,-1.4,3.549998,335.4,14.1,0.72627112
907,3913.1,0,-0.9,3.5491817,335.6,14.1,0.72610789
909.1,3912.1,2.1,-1,3.5564901,335.9,14.1,0.72586305
908,3911.3,-1.1,-0.8,3.5514604,336.2,14.1,0.72561822
901,3910.8,-7,-0.5,3.5236308,336.4,14.1,0.72545499
904.1,3909.8,3.1,-1,3.5348502,336.7,14.1,0.72521015
905,3909.1,0.9,-0.7,3.5377355,336.9,14.1,0.72504693
905.1,3908.3,0.1,-0.8,3.5374023,337.2,14.1,0.72480209
902.2,3907.8,-2.9,-0.5,3.5256172,337.4,14.1,0.72463886
907,3906.8,4.8,-1,3.5434676,337.7,14.1,0.72439403
-321.1,3975,-1228.1,68.2,-1.2763725,337.6,14.1,0.72447564
-323.1,3977.8,-2,2.8,-1.2852272,337.5,14.1,0.72455725
-326.1,3979.9,-3,2.1,-1.2978454,337.4,14.1,0.72463886
-322.1,3981.4,4,1.5,-1.2824089,337.3,14.1,0.72472048
-325.1,3983,-3,1.6,-1.2948733,337.2,14.1,0.72480209
-321.1,3984.1,4,1.1,-1.2792945,337.2,14.1,0.72480209
-325,3985.6,-3.9,1.5,-1.29532,337.1,14.1,0.7248837
-51,3971.3,274,-14.3,-0.2025363,337,14.1,0.72496531
-44,3971.2,7,-0.1,-0.1747328,337,14.1,0.72496531
-50,3972,-6,0.8,-0.1986,337,14.1,0.72496531
-49,3972.4,1,0.4,-0.1946476,337,14.1,0.72496531
-46,3972.6,3,0.2,-0.1827396,337,14.1,0.72496531
-44,3973,2,0.4,-0.174812,337,14.1,0.72496531
-49,3973.7,-5,0.7,-0.1947113,337,14.1,0.72496531
-46,3973.9,3,0.2,-0.1827994,337,14.1,0.72496531
-44,3974.3,2,0.4,-0.1748692,336.9,14.1,0.72504693
-50,3975,-6,0.7,-0.19875,336.9,14.1,0.72504693
-46,3975.2,4,0.2,-0.1828592,336.9,14.1,0.72504693
-47,3975.7,-1,0.5,-0.1868579,336.9,14.1,0.72504693
-47,3976,0,0.3,-0.186872,336.9,14.1,0.72504693
-44,3976.2,3,0.2,-0.1749528,336.9,14.1,0.72504693
-47,3976.7,-3,0.5,-0.1869049,336.9,14.1,0.72504693
-42,3976.9,5,0.2,-0.1670298,336.9,14.1,0.72504693
-49,3977.6,-7,0.7,-0.1949024,336.8,14.1,0.72512854
-51,3978.1,-2,0.5,-0.2028831,336.8,14.1,0.72512854
-53,3978.5,-2,0.4,-0.2108605,336.8,14.1,0.72512854
-46,3978.5,7,0,-0.183011,336.8,14.1,0.72512854
-46,3978.8,0,0.3,-0.1830248,336.8,14.1,0.72512854
-45,3979,1,0.2,-0.179055,336.8,14.1,0.72512854
-48,3979.5,-3,0.5,-0.191016,336.8,14.1,0.72512854
-48,3979.8,0,0.3,-0.1910304,336.7,14.1,0.72521015
-44,3979.9,4,0.1,-0.1751156,336.7,14.1,0.72521015
-43,3980.1,1,0.2,-0.1711443,336.7,14.1,0.72521015
-45,3980.4,-2,0.3,-0.179118,336.7,14.1,0.72521015
-46,3980.8,-1,0.4,-0.1831168,336.7,14.1,0.72521015
-45,3981,1,0.2,-0.179145,336.7,14.1,0.72521015
-49,3981.5,-4,0.5,-0.1950935,336.7,14.1,0.72521015
-47,3981.7,2,0.2,-0.1871399,336.7,14.1,0.72521015
139.2,3971.4,186.2,-10.3,0.55281888,336.7,14.1,0.72521015
322.1,3961,182.9,-10.4,1.2758381,336.8,14.1,0.72512854
512,3949.7,189.9,-11.3,2.0222464,336.9,14.1,0.72504693
703,3938,191,-11.7,2.768414,337.1,14.1,0.7248837
890.1,3926.2,187.1,-11.8,3.4947106,337.4,14.1,0.72463886
1071,3914.5,180.9,-11.7,4.1924295,337.7,14.1,0.72439403
1252,3902.5,181,-12,4.88593,338,14.1,0.72414919
1442,3889.8,190,-12.7,5.6090916,338.4,14.1,0.72382274
1443,3887.4,1,-2.4,5.6095182,338.8,14.1,0.72349629
1441.1,3885.4,-1.9,-2,5.5992499,339.2,14.1,0.72316984
1445,3883.4,3.9,-2,5.611513,339.6,14.1,0.72284339
1443,3881.7,-2,-1.7,5.6012931,340,14.1,0.72251693
1439.1,3880.3,-3.9,-1.4,5.5841397,340.4,14.1,0.72219048
1461,3877.5,21.9,-2.8,5.6650275,340.8,14.1,0.72186403
1479,3874.9,18,-2.6,5.7309771,341.2,14.1,0.72153758
1494,3872.6,15,-2.3,5.7856644,341.6,14.1,0.72121113
1515,3870,21,-2.6,5.86305,342.1,14.1,0.72080307
1530,3867.6,15,-2.4,5.917428,342.5,14.1,0.72047662
1545.1,3865.4,15.1,-2.2,5.9724295,342.9,14.1,0.72015017
1563,3862.9,17.9,-2.5,6.0377127,343.4,14.1,0.7197421
1578,3860.6,15,-2.3,6.0920268,343.8,14.1,0.71941565
1594,3858.3,16,-2.3,6.1501302,344.2,14.1,0.7190892
1611.1,3856,17.1,-2.3,6.2124016,344.7,14.1,0.71868114
1628,3853.6,16.9,-2.4,6.2736608,345.1,14.1,0.71835469
1643,3851.5,15,-2.1,6.3280145,345.6,14.1,0.71794663
1661.1,3849.1,18.1,-2.4,6.39374,346.1,14.1,0.71753856
1659,3847.8,-2.1,-1.3,6.3835002,346.5,14.1,0.71721211
1666,3846.1,7,-1.7,6.4076026,347,14.1,0.71680405
1664.1,3845,-1.9,-1.1,6.3984645,347.4,14.1,0.7164776
1660.1,3844,-4,-1,6.3814244,347.9,14.1,0.71606953
1662,3842.7,1.9,-1.3,6.3865674,348.4,14.1,0.71566147
1660.1,3841.7,-1.9,-1,6.3776062,348.8,14.1,0.71533502
1660,3840.5,-0.1,-1.2,6.37523,349.3,14.1,0.71492696
1665,3839.2,5,-1.3,6.392268,349.7,14.1,0.71460051
1663.1,3838.2,-1.9,-1,6.3833104,350.2,14.1,0.71419244
1661.1,3837.2,-2,-1,6.3739729,350.7,14.1,0.71378438
1452,3847.9,-209.1,10.7,5.5871508,351.1,14.1,0.71345793
1247,3859,-205,11.1,4.812173,351.4,14.1,0.71321309
1039.1,3870.7,-207.9,11.7,4.0220444,351.7,14.1,0.71296825
834.1,3882.6,-205,11.9,3.2384767,351.9,14.1,0.71280503
623,3895.2,-211.1,12.6,2.4267096,352.1,14.1,0.7126418
413.1,3908.2,-209.9,13,1.6144774,352.2,14.1,0.71256019
203.1,3921.4,-210,13.2,0.79643634,352.3,14.1,0.71247858
-11,3935.2,-214.1,13.8,-0.0432872,352.3,14.1,0.71247858
-11,3937.2,0,2,-0.0433092,352.3,14.1,0.71247858
1,3938.1,12,0.9,0.0039381,352.3,14.1,0.71247858
-2,3939.9,-3,1.8,-0.0078798,352.3,14.1,0.71247858
-8,3941.5,-6,1.6,-0.031532,352.3,14.1,0.71247858
-1,3942.4,7,0.9,-0.0039424,352.3,14.1,0.71247858
-5,3943.8,-4,1.4,-0.019719,352.3,14.1,0.71247858
1,3944.4,6,0.6,0.0039444,352.3,14.1,0.71247858
-6,3945.9,-7,1.5,-0.0236754,352.3,14.1,0.71247858
-2,3946.7,4,0.8,-0.0078934,352.3,14.1,0.71247858
-1,3947.5,1,0.8,-0.0039475,352.3,14.1,0.71247858
-1,3948.4,0,0.9,-0.0039484,352.3,14.1,0.71247858
-8,3949.6,-7,1.2,-0.0315968,352.3,14.1,0.71247858
-8,3950.5,0,0.9,-0.031604,352.3,14.1,0.71247858
-2,3950.9,6,0.4,-0.0079018,352.3,14.1,0.71247858
-6,3951.9,-4,1,-0.0237114,352.3,14.1,0.71247858
-7,3952.7,-1,0.8,-0.0276689,352.3,14.1,0.71247858
-2,3953.2,5,0.5,-0.0079064,352.3,14.1,0.71247858
-1,3953.8,1,0.6,-0.0039538,352.3,14.1,0.71247858
-3,3954.5,-2,0.7,-0.0118635,352.3,14.1,0.71247858
0,3955,3,0.5,0,352.3,14.1,0.71247858
-2,3955.7,-2,0.7,-0.0079114,352.3,14.1,0.71247858
-5,3956.5,-3,0.8,-0.0197825,352.3,14.1,0.71247858
64,3953.1,69,-3.4,0.2529984,352.3,14.1,0.71247858
131.1,3949.8,67.1,-3.3,0.51781878,352.3,14.1,0.71247858
194,3946.5,62.9,-3.3,0.765621,352.4,14.1,0.71239696
261.1,3942.8,67.1,-3.7,1.0294651,352.4,14.1,0.71239696
327.1,3939.1,66,-3.7,1.2884796,352.5,14.1,0.71231535
391,3935.4,63.9,-3.7,1.5387414,352.6,14.1,0.71223374
463,3931.1,72,-4.3,1.8200993,352.8,14.1,0.71207051
528.1,3927.1,65.1,-4,2.0739015,352.9,14.1,0.7119889
595,3922.9,66.9,-4.2,2.3341255,353.1,14.1,0.71182568
662,3918.6,67,-4.3,2.5941132,353.3,14.1,0.71166245
728.1,3914.2,66.1,-4.4,2.849929,353.5,14.1,0.71149922
787,3910.2,58.9,-4,3.0773274,353.7,14.1,0.711336
861,3905.3,74,-4.9,3.3624633,353.9,14.1,0.71117277
858,3904.5,-3,-0.8,3.350061,354.2,14.1,0.71092794
859,3903.7,1,-0.8,3.3532783,354.4,14.1,0.71076471
861,3902.9,2,-0.8,3.3603969,354.6,14.1,0.71060149
856.9,3902.5,-4.1,-0.4,3.3440522,354.9,14.1,0.71035665
863,3901.5,6.1,-1,3.3669945,355.1,14.1,0.71019342
860,3901,-3,-0.5,3.35486,355.4,14.1,0.70994858
719,3908.4,-141,7.4,2.8101396,355.6,14.1,0.70978536
578.1,3916.3,-140.9,7.9,2.264013,355.7,14.1,0.70970375
434.2,3924.5,-143.9,8.2,1.7040179,355.8,14.1,0.70962213
296.1,3932.7,-138.1,8.2,1.1644725,355.9,14.1,0.70954052
155.1,3941.4,-141,8.7,0.61131114,356,14.1,0.70945891
3,3950.9,-152.1,9.5,0.0118527,356,14.1,0.70945891
-136.1,3960,-139.1,9.1,-0.538956,355.9,14.1,0.70954052
-278.1,3969.4,-142,9.4,-1.1038901,355.9,14.1,0.70954052
-417.1,3978.8,-139,9.4,-1.6595575,355.7,14.1,0.70970375
-565.1,3988.8,-148,10,-2.2540709,355.6,14.1,0.70978536
-708.1,3998.8,-143,10,-2.8315503,355.4,14.1,0.70994858
-708.1,4000.9,0,2.1,-2.8330373,355.2,14.1,0.71011181
-711.1,4002.9,-3,2,-2.8464622,355,14.1,0.71027503
-706.2,4004.3,4.9,1.4,-2.8278367,354.8,14.1,0.71043826
-706.1,4005.9,0.1,1.6,-2.828566,354.6,14.1,0.71060149
-705,4007.3,1.1,1.4,-2.8251465,354.4,14.1,0.71076471
-711.1,4009.1,-6.1,1.8,-2.850871,354.2,14.1,0.71092794
-706.1,4010.1,5,1,-2.8315316,354,14.1,0.71109116
-704.1,4011.3,2,1.2,-2.8243563,353.8,14.1,0.71125439
-637.1,4008.9,67,-2.4,-2.5540702,353.6,14.1,0.71141761
-558.1,4005.4,79,-3.5,-2.2354137,353.5,14.1,0.71149922
-476.1,4001.6,82,-3.8,-1.9051618,353.3,14.1,0.71166245
-402.1,3998.1,74,-3.5,-1.607636,353.2,14.1,0.71174406
-405.1,3998.8,-3,0.7,-1.6199139,353.1,14.1,0.71182568
-408,3999.6,-2.9,0.8,-1.6318368,353,14.1,0.71190729
-405,4000,3,0.4,-1.62,352.9,14.1,0.7119889
-405.1,4000.6,-0.1,0.6,-1.6206431,352.8,14.1,0.71207051
-406.1,4001.2,-1,0.6,-1.6248873,352.7,14.1,0.71215213
-405.1,4001.8,1,0.6,-1.6211292,352.6,14.1,0.71223374
-400,4002.1,5.1,0.3,-1.60084,352.4,14.1,0.71239696
-407.1,4003,-7.1,0.9,-1.6296213,352.3,14.1,0.71247858
-227.3,3993.5,179.8,-9.5,-0.90772255,352.3,14.1,0.71247858
-54,3983.9,173.3,-9.6,-0.2151306,352.3,14.1,0.71247858
123,3973.6,177,-10.3,0.4887528,352.3,14.1,0.71247858
294,3963.4,171,-10.2,1.1652396,352.4,14.1,0.71239696
472,3952.6,178,-10.8,1.8656272,352.5,14.1,0.71231535
651,3941.4,179,-11.2,2.5658514,352.7,14.1,0.71215213
826.9,3930.2,175.9,-11.2,3.2498824,352.9,14.1,0.7119889
1003,3918.6,176.1,-11.6,3.9303558,353.2,14.1,0.71174406
1184,3906.6,181,-12,4.6254144,353.5,14.1,0.71149922
1356.9,3894.7,172.9,-11.9,5.2847184,353.9,14.1,0.71117277
1530,3882.8,173.1,-11.9,5.940684,354.3,14.1,0.71084632
1706,3870.4,176,-12.4,6.6029024,354.8,14.1,0.71043826
1705,3867.8,-1,-2.6,6.594599,355.3,14.1,0.7100302
1705.9,3865.4,0.9,-2.4,6.5939859,355.7,14.1,0.70970375
1702.1,3863.4,-3.8,-2,6.5758931,356.2,14.1,0.70929568
1706,3861,3.9,-2.4,6.586866,356.7,14.1,0.70888762
1702,3859.3,-4,-1.7,6.5685286,357.2,14.1,0.70847956
1703,3857.4,1,-1.9,6.5691522,357.6,14.1,0.70815311
1709.1,3855.2,6.1,-2.2,6.5889223,358.1,14.1,0.70774504
1700,3854,-9.1,-1.2,6.5518,358.6,14.1,0.70733698
1702,3852.2,2,-1.8,6.5564444,359.1,14.1,0.70692892
1703,3850.5,1,-1.7,6.5574015,359.5,14.1,0.70660246
1669,3850.9,-34,0.4,6.4271521,360,14.1,0.7061944
1636.1,3851.3,-32.9,0.4,6.3011119,360.4,14.1,0.70586795
1595,3852.3,-41.1,1,6.1444185,360.9,14.1,0.70545989
1563,3852.9,-32,0.6,6.0220827,361.3,14.1,0.70513344
1526,3853.9,-37,1,5.8810514,361.7,14.1,0.70480699
1520,3853.2,-6,-0.7,5.856864,362.2,14.1,0.70439892
1528,3851.7,8,-1.5,5.8853976,362.6,14.1,0.70407247
1528,3850.7,0,-1,5.8838696,363,14.1,0.70374602
1527,3849.7,-1,-1,5.8784919,363.4,14.1,0.70341957
1530,3848.6,3,-1.1,5.888358,363.9,14.1,0.70301151
1528.1,3847.7,-1.9,-0.9,5.8796704,364.3,14.1,0.70268506
1525,3846.9,-3.1,-0.8,5.8665225,364.7,14.1,0.70235861
1524,3846,-1,-0.9,5.861304,365.1,14.1,0.70203216
1525.1,3845,1.1,-1,5.8640095,365.6,14.1,0.70162409
1534,3843.6,8.9,-1.4,5.8960824,366,14.1,0.70129764
1528,3843,-6,-0.6,5.872104,366.4,14.1,0.70097119
1526.1,3842.3,-1.9,-0.7,5.863734,366.8,14.1,0.70064474
1523.1,3841.6,-3,-0.7,5.851141,367.3,14.1,0.70023668
1530,3840.3,6.9,-1.3,5.875659,367.7,14.1,0.69991023
1526.1,3839.7,-3.9,-0.6,5.8597662,368.1,14.1,0.69958378
1525,3839,-1.1,-0.7,5.854475,368.5,14.1,0.69925732
1528,3838,3,-1,5.864464,369,14.1,0.69884926
1529.1,3837.2,1.1,-0.8,5.8674625,369.4,14.1,0.69852281
1529,3836.3,-0.1,-0.9,5.8657027,369.8,14.1,0.69819636
1522.1,3835.9,-6.9,-0.4,5.8386234,370.2,14.1,0.69786991
1525,3835,2.9,-0.9,5.848375,370.6,14.1,0.69754346
1521.1,3834.5,-3.9,-0.5,5.8326579,371.1,14.1,0.6971354
1525.1,3833.6,4,-0.9,5.8466234,371.5,14.1,0.69680894
1527,3832.8,1.9,-0.8,5.8526856,371.9,14.1,0.69648249
1530,3831.9,3,-0.9,5.862807,372.3,14.1,0.69615604
1533,3831,3,-0.9,5.872923,372.8,14.1,0.69574798
1524.1,3830.8,-8.9,-0.2,5.8385223,373.2,14.1,0.69542153
1422,3835.9,-102.1,5.1,5.4546498,373.6,14.1,0.69509508
1315,3841.5,-107,5.6,5.0515725,374,14.1,0.69476863
1205.1,3847.6,-109.9,6.1,4.6367428,374.3,14.1,0.69452379
1096.1,3853.8,-109,6.2,4.2241502,374.6,14.1,0.69427895
994,3859.8,-102.1,6,3.8366412,374.9,14.1,0.69403411
884,3866.4,-110,6.6,3.4178976,375.1,14.1,0.69387089
775,3873.1,-109,6.7,3.0016525,375.3,14.1,0.69370766
670.1,3879.8,-104.9,6.7,2.599854,375.5,14.1,0.69354444
559,3886.9,-111.1,7.1,2.1727771,375.7,14.1,0.69338121
452.1,3893.9,-106.9,7,1.7604322,375.8,14.1,0.6932996
350.1,3900.8,-102,6.9,1.3656701,375.9,14.1,0.69321799
240.1,3908.3,-110,7.5,0.93838283,376,14.1,0.69313637
137.1,3915.5,-103,7.2,0.53681505,376,14.1,0.69313637
28,3923.2,-109.1,7.7,0.1098496,376,14.1,0.69313637
33,3924.4,5,1.2,0.1295052,376,14.1,0.69313637
27,3926.2,-6,1.8,0.1060074,376,14.1,0.69313637
28,3927.5,1,1.3,0.10997,376,14.1,0.69313637
20,3929.2,-8,1.7,0.078584,376,14.1,0.69313637
20,3930.4,0,1.2,0.078608,376,14.1,0.69313637
24,3931.2,4,0.8,0.0943488,376.1,14.1,0.69305476
29,3932,5,0.8,0.114028,376.1,14.1,0.69305476
23,3933.3,-6,1.3,0.0904659,376.1,14.1,0.69305476
28,3934,5,0.7,0.110152,376.1,14.1,0.69305476
24,3935.1,-4,1.1,0.0944424,376.1,14.1,0.69305476
23,3936,-1,0.9,0.090528,376.1,14.1,0.69305476
25,3936.8,2,0.8,0.09842,376.1,14.1,0.69305476
26,3937.5,1,0.7,0.102375,376.1,14.1,0.69305476
29,3938.1,3,0.6,0.1142049,376.1,14.1,0.69305476
31,3938.8,2,0.7,0.1221028,376.1,14.1,0.69305476
31,3939.5,0,0.7,0.1221245,376.1,14.1,0.69305476
27,3940.4,-4,0.9,0.1063908,376.1,14.1,0.69305476
26,3941.2,-1,0.8,0.1024712,376.1,14.1,0.69305476
25,3941.9,-1,0.7,0.0985475,376.1,14.1,0.69305476
28,3942.4,3,0.5,0.1103872,376.2,14.1,0.69297315
29,3943,1,0.6,0.114347,376.2,14.1,0.69297315
30,3943.6,1,0.6,0.118308,376.2,14.1,0.69297315
23,3944.6,-7,1,0.0907258,376.2,14.1,0.69297315
26,3945,3,0.4,0.10257,376.2,14.1,0.69297315
23,3945.8,-3,0.8,0.0907534,376.2,14.1,0.69297315
33,3945.8,10,0,0.1302114,376.2,14.1,0.69297315
26,3946.7,-7,0.9,0.1026142,376.2,14.1,0.69297315
25,3947.3,-1,0.6,0.0986825,376.2,14.1,0.69297315
26,3947.8,1,0.5,0.1026428,376.2,14.1,0.69297315
24,3948.4,-2,0.6,0.0947616,376.2,14.1,0.69297315
28,3948.7,4,0.3,0.1105636,376.2,14.1,0.69297315
20,3949.7,-8,1,0.078994,376.2,14.1,0.69297315
30,3949.6,10,-0.1,0.118488,376.3,14.1,0.69289154
28,3950.2,-2,0.6,0.1106056,376.3,14.1,0.69289154
30,3950.5,2,0.3,0.118515,376.3,14.1,0.69289154
25,3951.3,-5,0.8,0.0987825,376.3,14.1,0.69289154
26,3951.6,1,0.3,0.1027416,376.3,14.1,0.69289154
26,3952.1,0,0.5,0.1027546,376.3,14.1,0.69289154
30,3952.3,4,0.2,0.118569,376.3,14.1,0.69289154
28,3952.8,-2,0.5,0.1106784,376.3,14.1,0.69289154
33,3952.9,5,0.1,0.1304457,376.3,14.1,0.69289154
23,3953.9,-10,1,0.0909397,376.3,14.1,0.69289154
25,3954.2,2,0.3,0.098855,376.3,14.1,0.69289154
29,3954.4,4,0.2,0.1146776,376.3,14.1,0.69289154
29,3954.8,0,0.4,0.1146892,376.3,14.1,0.69289154
26,3955.2,-3,0.4,0.1028352,376.4,14.1,0.69280992
29,3955.4,3,0.2,0.1147066,376.4,14.1,0.69280992
23,3956.1,-6,0.7,0.0909903,376.4,14.1,0.69280992
27,3956.3,4,0.2,0.1068201,376.4,14.1,0.69280992
18,3957.1,-9,0.8,0.0712278,376.4,14.1,0.69280992
23,3957.3,5,0.2,0.0910179,376.4,14.1,0.69280992
22,3957.6,-1,0.3,0.0870672,376.4,14.1,0.69280992
26,3957.7,4,0.1,0.1029002,376.4,14.1,0.69280992
31,3957.8,5,0.1,0.1226918,376.4,14.1,0.69280992
25,3958.4,-6,0.6,0.09896,376.4,14.1,0.69280992
25,3958.7,0,0.3,0.0989675,376.4,14.1,0.69280992
29,3958.8,4,0.1,0.1148052,376.4,14.1,0.69280992
26,3959.3,-3,0.5,0.1029418,376.4,14.1,0.69280992
32,3959.2,6,-0.1,0.1266944,376.4,14.1,0.69280992
29,3959.7,-3,0.5,0.1148313,376.5,14.1,0.69272831
28,3960,-1,0.3,0.11088,376.5,14.1,0.69272831
22,3960.6,-6,0.6,0.0871332,376.5,14.1,0.69272831
31,3960.4,9,-0.2,0.1227724,376.5,14.1,0.69272831
22,3961.2,-9,0.8,0.0871464,376.5,14.1,0.69272831
29,3961.1,7,-0.1,0.1148719,376.5,14.1,0.69272831
28,3961.4,-1,0.3,0.1109192,376.5,14.1,0.69272831
28,3961.6,0,0.2,0.1109248,376.5,14.1,0.69272831
28,3961.9,0,0.3,0.1109332,376.5,14.1,0.69272831
24,3962.4,-4,0.5,0.0950976,376.5,14.1,0.69272831
26,3962.5,2,0.1,0.103025,376.5,14.1,0.69272831
22,3963,-4,0.5,0.087186,376.5,14.1,0.69272831
22,3963.3,0,0.3,0.0871926,376.5,14.1,0.69272831
27,3963.2,5,-0.1,0.1070064,376.5,14.1,0.69272831
23,3963.7,-4,0.5,0.0911651,376.6,14.1,0.6926467
31,3963.5,8,-0.2,0.1228685,376.6,14.1,0.6926467
22,3964.2,-9,0.7,0.0872124,376.6,14.1,0.6926467
28,3964.1,6,-0.1,0.1109948,376.6,14.1,0.6926467
29,3964.2,1,0.1,0.1149618,376.6,14.1,0.6926467
25,3964.7,-4,0.5,0.0991175,376.6,14.1,0.6926467
23,3965,-2,0.3,0.091195,376.6,14.1,0.6926467
24,3965.2,1,0.2,0.0951648,376.6,14.1,0.6926467
28,3965.1,4,-0.1,0.1110228,376.6,14.1,0.6926467
24,3965.6,-4,0.5,0.0951744,376.6,14.1,0.6926467
27,3965.6,3,0,0.1070712,376.6,14.1,0.6926467
26,3965.8,-1,0.2,0.1031108,376.6,14.1,0.6926467
32,3965.7,6,-0.1,0.1269024,376.6,14.1,0.6926467
22,3966.5,-10,0.8,0.087263,376.6,14.1,0.6926467
24,3966.6,2,0.1,0.0951984,376.7,14.1,0.69256509
27,3966.6,3,0,0.1070982,376.7,14.1,0.69256509
27,3966.8,0,0.2,0.1071036,376.7,14.1,0.69256509
21,3967.3,-6,0.5,0.0833133,376.7,14.1,0.69256509
33,3966.8,12,-0.5,0.1309044,376.7,14,0.69256509
33,3967,0,0.2,0.130911,376.7,14,0.69256509
28,3967.4,-5,0.4,0.1110872,376.7,14,0.69256509
34,3967.3,6,-0.1,0.1348882,376.7,14,0.69256509
25,3967.9,-9,0.6,0.0991975,376.7,14,0.69256509
23,3968.2,-2,0.3,0.0912686,376.7,14,0.69256509
23,3968.4,0,0.2,0.0912732,376.7,14,0.69256509
25,3968.4,2,0,0.09921,376.7,14,0.69256509
27,3968.5,2,0.1,0.1071495,376.7,14,0.69256509
30,3968.5,3,0,0.119055,376.8,14,0.69248347
30,3968.6,0,0.1,0.119058,376.8,14,0.69248347
21,3969.3,-9,0.7,0.0833553,376.8,14,0.69248347
22,3969.4,1,0.1,0.0873268,376.8,14,0.69248347
23,3969.5,1,0.1,0.0912985,376.8,14,0.69248347
23,3969.7,0,0.2,0.0913031,376.8,14,0.69248347
29,3969.5,6,-0.2,0.1151155,376.8,14,0.69248347
1758,3872.1,1729,-97.4,6.8071518,377.2,14,0.69215702
1758,3867.5,0,-4.6,6.799065,377.7,14,0.69174896
1754,3864.3,-4,-3.2,6.7779822,378.2,14,0.6913409
1754.1,3861.2,0.1,-3.1,6.7729309,378.7,14,0.69093283
1753,3858.6,-1.1,-2.6,6.7641258,379.2,14,0.69052477
1754.1,3856.2,1.1,-2.4,6.7641604,379.7,14,0.69011671
1752,3854,-2.1,-2.2,6.752208,380.2,14,0.68970864
1757,3851.5,5,-2.5,6.7670855,380.6,14,0.68938219
1756,3849.6,-1,-1.9,6.7598976,381.1,14,0.68897413
1758,3847.5,2,-2.1,6.763905,381.6,14,0.68856607
1752,3846,-6,-1.5,6.738192,382.1,14,0.688158
1750.1,3844.3,-1.9,-1.7,6.7279094,382.6,14,0.68774994
1755,3842.3,4.9,-2,6.7432365,383.1,14,0.68734188
1755,3840.6,0,-1.7,6.740253,383.6,14,0.68693381
1752,3839.2,-3,-1.4,6.7262784,384.1,14,0.68652575
1758,3837.2,6,-2,6.7457976,384.5,14,0.6861993
1761,3835.5,3,-1.7,6.7543155,385,14,0.68579123
1755,3834.4,-6,-1.1,6.729372,385.5,14,0.68538317
1754.1,3833,-0.9,-1.4,6.7234653,386,14,0.68497511
1753.1,3831.7,-1,-1.3,6.7173533,386.5,14,0.68456704
1754,3830.3,0.9,-1.4,6.7183462,387,14,0.68415898
1757.1,3828.8,3.1,-1.5,6.7275845,387.5,14,0.68375092
1756.1,3827.6,-1,-1.2,6.7216484,388,14,0.68334285
1751,3826.6,-5.1,-1,6.7003766,388.4,14,0.6830164
1754.1,3825.2,3.1,-1.4,6.7097833,388.9,14,0.68260834
1756,3823.9,1.9,-1.3,6.7147684,389.4,14,0.68220028
1751,3822.9,-5,-1,6.6938979,389.9,14,0.68179221
1754.1,3821.6,3.1,-1.3,6.7034686,390.4,14,0.68138415
1747.1,3820.9,-7,-0.7,6.6754944,390.9,14,0.68097609
1738,3820.3,-9.1,-0.6,6.6396814,391.4,14,0.68056802
1728,3819.8,-10,-0.5,6.6006144,391.8,14,0.68024157
1718.1,3819.4,-9.9,-0.4,6.5621111,392.3,14,0.67983351
1707.1,3819,-11,-0.4,6.5194149,392.8,14,0.67942545
1699.1,3818.5,-8,-0.5,6.4880134,393.3,14,0.67901738
1694,3817.9,-5.1,-0.6,6.4675226,393.7,14,0.67869093
1695.1,3817,1.1,-0.9,6.4701967,394.2,14,0.67828287
1696,3816,0.9,-1,6.471936,394.7,14.1,0.67787481
1696,3815.1,0,-0.9,6.4704096,395.1,14.1,0.67754836
1700,3814,4,-1.1,6.4838,395.6,14.1,0.67714029
1765.1,3809.5,65.1,-4.5,6.7241484,396.1,14.1,0.67673223
1833,3804.6,67.9,-4.9,6.9738318,396.6,14.1,0.67632417
1838.9,3803.1,5.9,-1.5,6.9935206,397.1,14.1,0.6759161
1835.1,3802.3,-3.8,-0.8,6.9776007,397.6,14.1,0.67550804
1835,3801.2,-0.1,-1.1,6.975202,398.2,14.1,0.67501836
1832.1,3800.3,-2.9,-0.9,6.9625296,398.7,14.1,0.6746103
1836.1,3799.1,4,-1.2,6.9755275,399.2,14.1,0.67420224
1840,3797.9,3.9,-1.2,6.988136,399.7,14.1,0.67379417
1836.1,3797.2,-3.9,-0.7,6.9720389,400.2,14.1,0.67338611
1836,3796.3,-0.1,-0.9,6.9700068,400.7,14.1,0.67297805
1835.1,3795.5,-0.9,-0.8,6.965122,401.2,14.1,0.67256998
1840,3794.3,4.9,-1.2,6.981512,401.7,14.1,0.67216192
1835,3793.7,-5,-0.6,6.9614395,402.2,14.1,0.67175386
1838,3792.6,3,-1.1,6.9707988,402.7,14.1,0.67134579
1836.1,3791.9,-1.9,-0.7,6.9623076,403.3,14.1,0.67085612
1833,3791.2,-3.1,-0.7,6.9492696,403.8,14.1,0.67044805
1835.1,3790.3,2.1,-0.9,6.9555795,404.3,14.1,0.67003999
1832,3789.6,-3.1,-0.7,6.9425472,404.8,14.1,0.66963193
1841.1,3788.4,9.1,-1.2,6.9748232,405.3,14.1,0.66922386
1836.1,3787.8,-5,-0.6,6.9547796,405.8,14.1,0.6688158
1839,3786.8,2.9,-1,6.9639252,406.3,14.1,0.66840774
1834,3786.3,-5,-0.5,6.9440742,406.8,14.1,0.66799967
1835,3785.6,1,-0.7,6.946576,407.3,14.1,0.66759161
1837.1,3784.7,2.1,-0.9,6.9528724,407.8,14.1,0.66718355
1839,3783.8,1.9,-0.9,6.9584082,408.3,14.1,0.66677548
1841,3783,2,-0.8,6.964503,408.9,14.1,0.66628581
1854.1,3781.5,13.1,-1.5,7.0112792,409.4,14.1,0.66587774
1873,3779.7,18.9,-1.8,7.0793781,409.9,14.1,0.66546968
1888,3778.1,15,-1.6,7.1330528,410.4,14.1,0.66506162
1887.1,3777.3,-0.9,-0.8,7.1281428,410.9,14.1,0.66465355
1883.1,3776.8,-4,-0.5,7.1120921,411.5,14.1,0.66416388
1886.1,3775.9,3,-0.9,7.121725,412,14.1,0.66375581
1885,3775.2,-1.1,-0.7,7.116252,412.5,14.1,0.66334775
1882,3774.6,-3,-0.6,7.1037972,413,14.1,0.66293969
1885,3773.7,3,-0.9,7.1134245,413.6,14.1,0.66245001
1884.1,3773.1,-0.9,-0.6,7.1088977,414.1,14.1,0.66204195
1884.1,3772.4,0,-0.7,7.1075788,414.6,14.1,0.66163389
1888.1,3771.5,4,-0.9,7.1209691,415.1,14.1,0.66122582
1885,3771,-3.1,-0.5,7.108335,415.7,14.1,0.66073615
1886.1,3770.3,1.1,-0.7,7.1111628,416.2,14.1,0.66032808
1888,3769.5,1.9,-0.8,7.116816,416.7,14.1,0.65992002
1885.1,3769,-2.9,-0.5,7.1049419,417.2,14.1,0.65951196
1886,3768.3,0.9,-0.7,7.1070138,417.8,14.1,0.65902228
1880.1,3768,-5.9,-0.3,7.0842168,418.3,14.1,0.65861422
1887,3767,6.9,-1,7.108329,418.8,14.1,0.65820615
1887.1,3766.4,0.1,-0.6,7.1075734,419.3,14.1,0.65779809
1885.1,3765.9,-2,-0.5,7.0990981,419.8,14.1,0.65739003
1887,3765.2,1.9,-0.7,7.1049324,420.4,14.1,0.65690035
1884.1,3764.7,-2.9,-0.5,7.0930713,420.9,14.1,0.65649229
1881,3764.3,-3.1,-0.4,7.0806483,421.4,14.1,0.65608422
1841.1,3766,-39.9,1.7,6.9335826,421.9,14.1,0.65567616
1795.1,3768.2,-46,2.2,6.7642958,422.4,14.1,0.6552681
1753,3770.2,-42.1,2,6.6091606,422.9,14.1,0.65486003
1712.1,3772.2,-40.9,2,6.4583836,423.4,14.1,0.65445197
1661.1,3774.9,-51,2.7,6.2704864,423.9,14.1,0.65404391
1613,3777.5,-48.1,2.6,6.0931075,424.3,14.1,0.65371746
1620.1,3777.1,7.1,-0.4,6.1192797,424.7,14.1,0.65339101
1618,3777,-2.1,-0.1,6.111186,425.2,14.1,0.65298294
1623,3776.6,5,-0.4,6.1294218,425.6,14.1,0.65265649
1618.1,3776.7,-4.9,0.1,6.1110783,426.1,14.1,0.65224843
1622,3776.3,3.9,-0.4,6.1251586,426.5,14.1,0.65192198
1623,3776.1,1,-0.2,6.1286103,427,14.1,0.65151391
1625.1,3775.7,2.1,-0.4,6.1358901,427.5,14.1,0.65110585
1620,3775.8,-5.1,0.1,6.116796,427.9,14.1,0.6507794
1615.1,3775.9,-4.9,0.1,6.0984561,428.4,14.1,0.65037134
1620.1,3775.4,5,-0.5,6.1165255,428.8,14.1,0.65004489
1618,3775.3,-2.1,-0.1,6.1084354,429.2,14.1,0.64971844
1624.1,3774.7,6.1,-0.6,6.1304903,429.7,14.2,0.64931037
1665,3772.1,40.9,-2.6,6.2805465,430.2,14.2,0.64890231
1699.1,3769.8,34.1,-2.3,6.4052672,430.6,14.2,0.64857586
1747,3766.7,47.9,-3.1,6.5804249,431.1,14.2,0.6481678
1786.1,3764,39.1,-2.7,6.7228804,431.6,14.2,0.64775973
1830,3760.9,43.9,-3.1,6.882447,432.1,14.2,0.64735167
1878.1,3757.5,48.1,-3.4,7.0569608,432.6,14.2,0.64694361
1874,3757.1,-4.1,-0.4,7.0408054,433.2,14.2,0.64645393
1883,3756,9,-1.1,7.072548,433.7,14.2,0.64604587
1875.1,3755.8,-7.9,-0.2,7.0425006,434.2,14.2,0.6456378
1873.1,3755.3,-2,-0.5,7.0340524,434.7,14.2,0.64522974
1881.1,3754.3,8,-1,7.0622137,435.3,14.2,0.64474006
1878.1,3754,-3,-0.3,7.0503874,435.8,14.2,0.644332
1880.1,3753.3,2,-0.7,7.0565793,436.3,14.2,0.64392394
1872,3753.3,-8.1,0,7.0261776,436.8,14.2,0.64351587
1881,3752.2,9,-1.1,7.0578882,437.3,14.2,0.64310781
1874,3752.2,-7,0,7.0316228,437.9,14.2,0.64261813
1875,3751.6,1,-0.6,7.03425,438.4,14.2,0.64221007
1874,3751.2,-1,-0.4,7.0297488,438.9,14.2,0.64180201
1869,3751,-5,-0.2,7.010619,439.4,14.2,0.64139394
1874,3750.3,5,-0.7,7.0280622,439.9,14.2,0.64098588
1876,3749.7,2,-0.6,7.0344372,440.5,14.2,0.64049621
1870.1,3749.6,-5.9,-0.1,7.012127,441,14.2,0.64008814
1872,3749.1,1.9,-0.5,7.0183152,441.5,14.2,0.63968008
1875,3748.5,3,-0.6,7.0284375,442,14.2,0.63927202
1879,3747.9,4,-0.6,7.0423041,442.5,14.2,0.63886395
1441.2,3772.1,-437.8,24.2,5.4363505,442.9,14.2,0.6385375
1441.1,3772.8,-0.1,0.7,5.4369821,443.3,14.2,0.63821105
1451.1,3772.7,10,-0.1,5.474565,443.7,14.2,0.6378846
1444.1,3773.4,-7,0.7,5.4491669,444.1,14.2,0.63755815
1445,3773.6,0.9,0.2,5.452852,444.6,14.2,0.63715009
1450,3773.6,5,0,5.47172,445,14.2,0.63682364
1448,3773.8,-2,0.2,5.4644624,445.4,14.2,0.63649718
1448,3773.9,0,0.1,5.4646072,445.8,14.2,0.63617073
1449,3774,1,0.1,5.468526,446.2,14.2,0.63584428
1450.1,3774,1.1,0,5.4726774,446.6,14.2,0.63551783
1452,3774,1.9,0,5.479848,447,14.2,0.63519138
1453.1,3773.9,1.1,-0.1,5.4838541,447.4,14.2,0.63486493
1324.1,3781.2,-129,7.3,5.0066869,447.7,14.2,0.63462009
1191,3789.1,-133.1,7.9,4.5128181,448.1,14.2,0.63429364
1062,3797,-129,7.9,4.032414,448.4,14.2,0.6340488
937.1,3804.8,-124.9,7.8,3.5654781,448.6,14.2,0.63388558
806.1,3813.1,-131,8.3,3.0737399,448.8,14.2,0.63372235
681,3821.3,-125.1,8.2,2.6023053,449,14.2,0.63355913
555,3829.7,-126,8.4,2.1254835,449.2,14.2,0.6333959
419.1,3838.8,-135.9,9.1,1.6088411,449.3,14.2,0.63331429
291.2,3847.7,-127.9,8.9,1.1204502,449.4,14.2,0.63323268
165.2,3856.5,-126,8.8,0.6370938,449.4,14.2,0.63323268
35,3865.7,-130.2,9.2,0.1352995,449.5,14.2,0.63315107
-89,3874.8,-124,9.1,-0.3448572,449.5,14.2,0.63315107
-221.1,3884.3,-132.1,9.5,-0.85881873,449.4,14.2,0.63323268
-220.1,3886.5,1,2.2,-0.85541865,449.4,14.2,0.63323268
-223.1,3888.8,-3,2.3,-0.86759128,449.3,14.2,0.63331429
-223.1,3890.7,0,1.9,-0.86801517,449.2,14.2,0.6333959
-222.2,3892.5,0.9,1.8,-0.8649135,449.2,14.2,0.6333959
-222.2,3894.3,0,1.8,-0.86531346,449.1,14.2,0.63347752
-223.2,3896,-1,1.7,-0.8695872,449,14.2,0.63355913
-225.2,3897.7,-2,1.7,-0.87776204,449,14.2,0.63355913
-223.1,3899.2,2.1,1.5,-0.86991152,448.9,14.2,0.63364074
-221.2,3900.6,1.9,1.4,-0.86281272,448.9,14.2,0.63364074
-224.2,3902.2,-3,1.6,-0.87487324,448.8,14.2,0.63372235
-220.1,3903.4,4.1,1.2,-0.85913834,448.7,14.2,0.63380397
-222.2,3904.9,-2.1,1.5,-0.86766878,448.7,14.2,0.63380397
-222.1,3906.3,0.1,1.4,-0.86758923,448.6,14.2,0.63388558
-225.1,3907.7,-3,1.4,-0.87962327,448.6,14.2,0.63388558
-221.1,3908.8,4,1.1,-0.86423568,448.5,14.2,0.63396719
-218.2,3909.9,2.9,1.1,-0.85314018,448.4,14.2,0.6340488
-219,3911.1,-0.8,1.2,-0.8565309,448.4,14.2,0.6340488
-220.2,3912.4,-1.2,1.3,-0.86151048,448.3,14.2,0.63413042
-226,3913.8,-5.8,1.4,-0.8845188,448.2,14.2,0.63421203
-222.1,3914.8,3.9,1,-0.86947708,448.2,14.2,0.63421203
-221.1,3915.8,1,1,-0.86578338,448.1,14.2,0.63429364
-223.2,3917,-2.1,1.2,-0.8742744,448.1,14.2,0.63429364
-417,3928.9,-193.8,11.9,-1.6383513,447.9,14.2,0.63445687
-418.1,3930.4,-1.1,1.5,-1.6433002,447.8,14.2,0.63453848
-412,3931.5,6.1,1.1,-1.619778,447.7,14.2,0.63462009
-418.1,3933.1,-6.1,1.6,-1.6444291,447.6,14.2,0.63470171
-416.2,3934.3,1.9,1.2,-1.6374557,447.5,14.2,0.63478332
-416.1,3935.5,0.1,1.2,-1.6375616,447.4,14.2,0.63486493
-420,3937,-3.9,1.5,-1.65354,447.2,14.2,0.63502816
-413,3937.8,7,0.8,-1.6263114,447.1,14.2,0.63510977
-419.1,3939.2,-6.1,1.4,-1.6509187,447,14.2,0.63519138
1692.9,3823.4,2112,-115.8,6.4726339,447.4,14.2,0.63486493
1700.1,3818.5,7.2,-4.9,6.4918318,447.9,14.2,0.63445687
1693.1,3815.6,-7,-2.9,6.4601924,448.4,14.2,0.6340488
1699,3812.6,5.9,-3,6.4776074,448.8,14.2,0.63372235
1700.1,3810.2,1.1,-2.4,6.477721,449.3,14.2,0.63331429
1699,3808.1,-1.1,-2.1,6.4699619,449.8,14.2,0.63290623
1691.1,3806.6,-7.9,-1.5,6.4373413,450.3,14.2,0.63249816
1697,3804.5,5.9,-2.1,6.4562365,450.7,14.2,0.63217171
1694.1,3803,-2.9,-1.5,6.4426623,451.2,14.2,0.63176365
1700,3801.1,5.9,-1.9,6.46187,451.7,14.2,0.63135559
1693.1,3799.9,-6.9,-1.2,6.4336107,452.1,14.2,0.63102914
1698,3798.2,4.9,-1.7,6.4493436,452.6,14.2,0.63062107
1694.1,3797.1,-3.9,-1.1,6.4326671,453.1,14.2,0.63021301
1694,3795.8,-0.1,-1.3,6.4300852,453.6,14.2,0.62980495
1695.1,3794.5,1.1,-1.3,6.432057,454,14.2,0.6294785
1696.1,3793.2,1,-1.3,6.4336465,454.5,14.2,0.62907043
1698,3791.9,1.9,-1.3,6.4386462,455,14.2,0.62866237
1700.1,3790.7,2.1,-1.2,6.4445691,455.4,14.2,0.62833592
1651,3792.3,-49.1,1.6,6.2610873,455.9,14.2,0.62792785
1604.1,3793.9,-46.9,1.6,6.085795,456.4,14.2,0.62751979
1555,3795.9,-49.1,2,5.9026245,456.8,14.2,0.62719334
1512.1,3797.6,-42.9,1.7,5.742351,457.2,14.2,0.62686689
1459,3799.9,-53.1,2.3,5.5440541,457.6,14.2,0.62654044
1411.1,3802.1,-47.9,2.2,5.3651433,458,14.2,0.62621399
1371.1,3803.9,-40,1.8,5.2155273,458.4,14.2,0.62588754
1317.1,3806.5,-54,2.6,5.0135412,458.7,14.2,0.6256427
1273.9,3808.6,-43.2,2.1,4.8517755,459.1,14.2,0.62531625
1228,3811,-45.9,2.4,4.679908,459.4,14.2,0.62507141
1181,3813.6,-47,2.6,4.5038616,459.8,14.2,0.62474496
1188.1,3813.1,7.1,-0.5,4.5303441,460.1,14.2,0.62450012
1180,3813.4,-8.1,0.3,4.499812,460.4,14.2,0.62425528
1182.1,3813.1,2.1,-0.3,4.5074655,460.8,14.2,0.62392883
1179,3813.2,-3.1,0.1,4.4957628,461.1,14.2,0.623684
1180.1,3813,1.1,-0.2,4.4997213,461.4,14.2,0.62343916
1180,3812.8,-0.1,-0.2,4.499104,461.7,14.2,0.62319432
1181.1,3812.5,1.1,-0.3,4.5029438,462.1,14.2,0.62286787
1179,3812.4,-2.1,-0.1,4.4948196,462.4,14.2,0.62262303
1179.1,3812.2,0.1,-0.2,4.494965,462.7,14.2,0.62237819
1178,3812.1,-1.1,-0.1,4.4906538,463,14.2,0.62213336
1183,3811.6,5,-0.5,4.5091228,463.4,14.2,0.6218069
1181,3811.6,-2,0,4.5014996,463.7,14.2,0.62156207
1182,3811.3,1,-0.3,4.5049566,464,14.2,0.62131723
1182,3811.1,0,-0.2,4.5047202,464.4,14.2,0.62099078
1181.1,3810.9,-0.9,-0.2,4.501054,464.7,14.2,0.62074594
1178,3810.9,-3.1,0,4.4892402,465,14.2,0.6205011
1183,3810.4,5,-0.5,4.5077032,465.3,14.2,0.62025626
1178,3810.5,-5,0.1,4.488769,465.7,14.2,0.61992981
1178.1,3810.3,0.1,-0.2,4.4889144,466,14.2,0.61968498
1181,3810,2.9,-0.3,4.49961,466.3,14.2,0.61944014
1184.1,3809.5,3.1,-0.5,4.5108289,466.7,14.2,0.61911369
1183,3809.4,-1.1,-0.1,4.5065202,467,14.2,0.61886885
1178.1,3809.5,-4.9,0.1,4.4879719,467.3,14.2,0.61862401
1293.9,3802.8,115.8,-6.7,4.9204429,467.7,14.2,0.61829756
1409.1,3795.9,115.2,-6.9,5.3488027,468.1,14.2,0.61797111
1408,3795.3,-1.1,-0.6,5.3437824,468.5,14.2,0.61764466
1411,3794.5,3,-0.8,5.3540395,468.8,14.2,0.61739982
1416,3793.7,5,-0.8,5.3718792,469.2,14.2,0.61707337
1413.1,3793.3,-2.9,-0.4,5.3603122,469.6,14.2,0.61674692
1409,3793.1,-4.1,-0.2,5.3444779,470,14.2,0.61642047
1411,3792.5,2,-0.6,5.3512175,470.4,14.2,0.61609402
1413,3791.9,2,-0.6,5.3579547,470.8,14.2,0.61576757
1414,3791.4,1,-0.5,5.3610396,471.2,14.2,0.61544112
1409,3791.2,-5,-0.2,5.3418008,471.6,14.2,0.61511467
1415,3790.4,6,-0.8,5.363416,472,14.2,0.61478822
1416,3790,1,-0.4,5.36664,472.4,14.2,0.61446176
1407,3790.2,-9,0.2,5.3328114,472.8,14.2,0.61413531
1408.1,3789.7,1.1,-0.5,5.3362766,473.2,14.2,0.61380886
1409.9,3789.2,1.8,-0.5,5.3423931,473.6,14.2,0.61348241
1415.1,3788.6,5.2,-0.6,5.3612479,474,14.2,0.61315596
1409,3788.5,-6.1,-0.1,5.3379965,474.3,14.2,0.61291112
1405.1,3788.4,-3.9,-0.1,5.3230808,474.7,14.2,0.61258467
1414.9,3787.5,9.8,-0.9,5.3589338,475.1,14.2,0.61225822
1408.1,3787.5,-6.8,0,5.3331788,475.5,14.2,0.61193177
1408,3787.2,-0.1,-0.3,5.3323776,475.9,14.2,0.61160532
1414,3786.5,6,-0.7,5.354111,476.3,14.2,0.61127887
-328.1,3883.4,-1742.1,96.9,-1.2741435,476.3,14.2,0.61127887
-336,3887.9,-7.9,4.5,-1.3063344,476.2,14.2,0.61136048
-325.1,3890.3,10.9,2.4,-1.2647365,476.1,14.2,0.6114421
-328,3893,-2.9,2.7,-1.276904,476,14.2,0.61152371
-335.2,3895.8,-7.2,2.8,-1.3058722,475.9,14.2,0.61160532
-330.1,3897.6,5.1,1.8,-1.2865978,475.8,14.2,0.61168693
-333.1,3899.7,-3,2.1,-1.2989901,475.7,14.2,0.61176855
-330.1,3901.4,3,1.7,-1.2878521,475.6,14.2,0.61185016
-327.3,3903,2.8,1.6,-1.2774519,475.5,14.2,0.61193177
-335.1,3905.1,-7.8,2.1,-1.308599,475.4,14.2,0.61201338
-336.1,3906.8,-1,1.7,-1.3130755,475.3,14.2,0.612095
-331.1,3908,5,1.2,-1.2939388,475.2,14.2,0.61217661
-335.1,3909.7,-4,1.7,-1.3101405,475.2,14.2,0.61217661
-333.1,3911.1,2,1.4,-1.3027874,475.1,14.2,0.61225822
-329.1,3912.1,4,1,-1.2874721,475,14.2,0.61233984
-328.1,3913.4,1,1.3,-1.2839865,474.9,14.2,0.61242145
-332.1,3914.9,-4,1.5,-1.3001383,474.8,14.2,0.61250306
-329.2,3916,2.9,1.1,-1.2891472,474.7,14.2,0.61258467
-331.1,3917.4,-1.9,1.4,-1.2970511,474.6,14.2,0.61266629
-331.1,3918.5,0,1.1,-1.2974154,474.5,14.2,0.6127479
-327.1,3919.5,4,1,-1.2820685,474.4,14.2,0.61282951
-331.1,3920.8,-4,1.3,-1.2981769,474.3,14.2,0.61291112
-329.2,3921.9,1.9,1.1,-1.2910895,474.2,14.2,0.61299274
-329.1,3922.8,0.1,0.9,-1.2909935,474.1,14.2,0.61307435
-328.2,3923.9,0.9,1.1,-1.287824,474.1,14.2,0.61307435
-337,3925.4,-8.8,1.5,-1.3228598,474,14.2,0.61315596
-332.2,3926.2,4.8,0.8,-1.3042836,473.9,14.2,0.61323757
-333.1,3927.1,-0.9,0.9,-1.308117,473.8,14.2,0.61331919
-333.1,3928.1,0,1,-1.3084501,473.7,14.2,0.6134008
-330.2,3928.9,2.9,0.8,-1.2973228,473.6,14.2,0.61348241
-329,3929.8,1.2,0.9,-1.2929042,473.5,14.2,0.61356403
-340.1,3931.3,-11.1,1.5,-1.3370351,473.4,14.2,0.61364564
-332,3931.8,8.1,0.5,-1.3053576,473.3,14.2,0.61372725
-333.2,3932.7,-1.2,0.9,-1.3103756,473.2,14.2,0.61380886
-336.1,3933.7,-2.9,1,-1.3221166,473.1,14.2,0.61389048
-340.1,3934.8,-4,1.1,-1.3382255,473,14.2,0.61397209
-353.1,3936.4,-13,1.6,-1.3899428,472.9,14.2,0.6140537
-356,3937.4,-2.9,1,-1.4017144,472.8,14.2,0.61413531
-363.1,3938.7,-7.1,1.3,-1.430142,472.7,14.2,0.61421693
-369,3939.9,-5.9,1.2,-1.4538231,472.6,14.2,0.61429854
-376.1,3941.1,-7.1,1.2,-1.4822477,472.5,14.2,0.61438015
-379.1,3942.1,-3,1,-1.4944501,472.4,14.2,0.61446176
-388.1,3943.4,-9,1.3,-1.5304335,472.3,14.2,0.61454338
-379.2,3943.7,8.9,0.3,-1.495451,472.2,14.2,0.61462499
-383,3944.7,-3.8,1,-1.5108201,472.1,14.2,0.6147066
-385.1,3945.7,-2.1,1,-1.5194891,472,14.2,0.61478822
-378.2,3946,6.9,0.3,-1.4923772,471.9,14.2,0.61486983
-377,3946.7,1.2,0.7,-1.4879059,471.8,14.2,0.61495144
-384.1,3947.8,-7.1,1.1,-1.51635,471.7,14.2,0.61503305
-383.1,3948.5,1,0.7,-1.5126704,471.6,14.2,0.61511467
-380.1,3949.1,3,0.6,-1.5010529,471.5,14.2,0.61519628
-383.1,3950,-3,0.9,-1.513245,471.4,14.2,0.61527789
-383,3950.6,0.1,0.6,-1.5130798,471.3,14.2,0.6153595
-381.1,3951.2,1.9,0.6,-1.5058023,471.2,14.2,0.61544112
-383,3952,-1.9,0.8,-1.513616,471,14.2,0.61560434
-386.2,3952.9,-3.2,0.9,-1.52661,470.9,14.2,0.61568595
-387.1,3953.5,-0.9,0.6,-1.5303999,470.8,14.2,0.61576757
-381.1,3953.9,6,0.4,-1.5068313,470.7,14.2,0.61584918
-381.1,3954.5,0,0.6,-1.50706,470.6,14.2,0.61593079
-384.1,3955.3,-3,0.8,-1.5192307,470.5,14.2,0.61601241
-384.1,3955.9,0,0.6,-1.5194612,470.4,14.2,0.61609402
-383,3956.5,1.1,0.6,-1.5153395,470.3,14.2,0.61617563
-384.1,3957.1,-1.1,0.6,-1.5199221,470.2,14.2,0.61625724
-191.1,3947,193,-10.1,-0.7542717,470.1,14.2,0.61633886
1,3936.3,192.1,-10.7,0.0039363,470.1,14.2,0.61633886
190,3925.5,189,-10.8,0.745845,470.2,14.2,0.61625724
387,3913.8,197,-11.7,1.5146406,470.3,14.2,0.61617563
576.9,3902.3,189.9,-11.5,2.2512369,470.4,14.2,0.61609402
768,3890.4,191.1,-11.9,2.9878272,470.7,14.2,0.61584918
958,3878.3,190,-12.1,3.7154114,470.9,14.2,0.61568595
1154.9,3865.5,196.9,-12.8,4.4642659,471.2,14.2,0.61544112
1343.1,3853,188.2,-12.5,5.1749643,471.6,14.2,0.61511467
1528.9,3840.4,185.8,-12.6,5.8715876,472,14.2,0.61478822
1721,3827.3,192.1,-13.1,6.5867833,472.5,14.2,0.61438015
1730,3824.1,9,-3.2,6.615693,473,14.2,0.61397209
1727,3821.8,-3,-2.3,6.6002486,473.5,14.2,0.61356403
1725,3819.7,-2,-2.1,6.5889825,474,14.2,0.61315596
1732,3817.2,7,-2.5,6.6113904,474.4,14.2,0.61282951
1728,3815.5,-4,-1.7,6.593184,474.9,14.2,0.61242145
1724,3813.8,-4,-1.7,6.5749912,475.4,14.2,0.61201338
1725,3811.9,1,-1.9,6.5755275,475.9,14.2,0.61160532
1728,3810.1,3,-1.8,6.5838528,476.4,14.2,0.61119726
1728,3808.3,0,-1.8,6.5807424,476.8,14.2,0.61087081
1734.9,3806.3,6.9,-2,6.6035499,477.3,14.2,0.61046274
1728,3805.2,-6.9,-1.1,6.5753856,477.8,14.2,0.61005468
1732.1,3803.4,4.1,-1.8,6.5878691,478.3,14.2,0.60964662
1723,3802.5,-9.1,-0.9,6.5517075,478.8,14.2,0.60923855
1594.1,3808.2,-128.9,5.7,6.0706516,479.2,14.2,0.6089121
1463.1,3814.4,-131,6.2,5.5808486,479.6,14.2,0.60858565
1328.1,3821.2,-135,6.8,5.0749357,480,14.2,0.6082592
1200,3827.8,-128.1,6.6,4.59336,480.3,14.2,0.60801436
1072.2,3834.7,-127.8,6.9,4.1115653,480.6,14.2,0.60776953
938,3842.1,-134.2,7.4,3.6038898,480.9,14.2,0.60752469
941,3842.1,3,0,3.6154161,481.1,14.2,0.60736146
940,3842.2,-1,0.1,3.611668,481.4,14.2,0.60711662
937,3842.2,-3,0,3.6001414,481.7,14.2,0.60687179
945,3841.7,8,-0.5,3.6304065,481.9,14.2,0.60670856
942,3841.7,-3,0,3.6188814,482.2,14.2,0.60646372
943,3841.4,1,-0.3,3.6224402,482.4,14.2,0.6063005
939,3841.5,-4,0.1,3.6071685,482.7,14.2,0.60605566
940,3841.2,1,-0.3,3.610728,483,14.2,0.60581082
938.9,3841.1,-1.1,-0.1,3.6064088,483.2,14.2,0.6056476
937.2,3841,-1.7,-0.1,3.5997852,483.5,14.2,0.60540276
941.9,3840.5,4.7,-0.5,3.617367,483.7,14.2,0.60523953
940,3840.3,-1.9,-0.2,3.609882,484,14.2,0.6049947
936,3840.4,-4,0.1,3.5946144,484.3,14.2,0.60474986
934.1,3840.2,-1.9,-0.2,3.5871308,484.5,14.2,0.60458663
944,3839.4,9.9,-0.8,3.6243936,484.8,14.2,0.60434179
939,3839.4,-5,0,3.6051966,485,14.2,0.60417857
939,3839.2,0,-0.2,3.6050088,485.3,14.2,0.60393373
938,3839,-1,-0.2,3.600982,485.6,14.2,0.60368889
940,3838.7,2,-0.3,3.608378,485.8,14.2,0.60352567
941.9,3838.3,1.9,-0.4,3.6152948,486.1,14.2,0.60328083
938,3838.3,-3.9,0,3.6003254,486.4,14.2,0.60303599
940.9,3838,2.9,-0.3,3.6111742,486.6,14.2,0.60287277
937,3838,-3.9,0,3.596206,486.9,14.2,0.60262793
943,3837.4,6,-0.6,3.6186682,487.1,14.2,0.6024647
682.1,3851.7,-260.9,14.3,2.6272446,487.3,14.2,0.60230148
881,3841.1,198.9,-10.6,3.3840091,487.6,14.2,0.60205664
1073,3830.1,192,-11,4.1096973,487.9,14.2,0.6018118
1264,3818.7,191,-11.4,4.8268368,488.2,14.2,0.60156696
1459,3806.8,195,-11.9,5.5541212,488.6,14.2,0.60124051
1650,3794.8,191,-12,6.26142,489.1,14.2,0.60083245
1842.8,3782.3,192.8,-12.5,6.9700224,489.6,14.2,0.60042439
1839,3780.7,-3.8,-1.6,6.9527073,490.1,14.2,0.60001632
1843.9,3778.8,4.9,-1.9,6.9677293,490.6,14.2,0.59960826
1837,3777.6,-6.9,-1.2,6.9394512,491.1,14.2,0.5992002
1844,3775.8,7,-1.8,6.9625752,491.6,14.2,0.59879213
1844,3774.5,0,-1.3,6.960178,492.1,14.2,0.59838407
1844,3773.2,0,-1.3,6.9577808,492.6,14.2,0.59797601
1841.9,3772.1,-2.1,-1.1,6.947831,493.1,14.2,0.59756794
1845,3770.8,3.1,-1.3,6.957126,493.6,14.2,0.59715988
1826,3770.7,-19,-0.1,6.8852982,494.2,14.2,0.5966702
1803.1,3771,-22.9,0.3,6.7994901,494.7,14.2,0.59626214
1794.1,3770.5,-9,-0.5,6.7646541,495.1,14.2,0.59593569
1792,3769.7,-2.1,-0.8,6.7553024,495.6,14.2,0.59552763
1798.1,3768.4,6.1,-1.3,6.77596,496.1,14.2,0.59511956
1793,3767.8,-5.1,-0.6,6.7556654,496.6,14.2,0.5947115
1791,3767.1,-2,-0.7,6.7468761,497.1,14.2,0.59430344
1790,3766.3,-1,-0.8,6.741677,497.6,14.2,0.59389537
1790,3765.4,0,-0.9,6.740066,498.1,14.2,0.59348731
1783,3765,-7,-0.4,6.712995,498.6,14.2,0.59307925
1788.9,3763.8,5.9,-1.2,6.7330618,499.1,14.2,0.59267118
1795,3762.7,6.1,-1.1,6.7540465,499.6,14.2,0.59226312
1791,3762.1,-4,-0.6,6.7379211,500.1,14.2,0.59185506
1792.1,3761.3,1.1,-0.8,6.7406257,500.6,14.2,0.59144699
1792.1,3760.6,0,-0.7,6.7393713,501.1,14.2,0.59103893
1795,3759.7,2.9,-0.9,6.7486615,501.6,14.2,0.59063087
1794,3759,-1,-0.7,6.743646,502.1,14.2,0.5902228
1799.1,3758,5.1,-1,6.7610178,502.6,14.2,0.58981474
1795,3757.5,-4.1,-0.5,6.7447125,503.1,14.2,0.58940668
1791.1,3757.1,-3.9,-0.4,6.7293418,503.6,14.2,0.58899861
1794,3756.2,2.9,-0.9,6.7386228,504.1,14.2,0.58859055
1787,3755.9,-7,-0.3,6.7117933,504.6,14.2,0.58818249
1793,3755,6,-0.9,6.732715,505.1,14.2,0.58777442
1792,3754.4,-1,-0.6,6.7278848,505.6,14.2,0.58736636
1791,3753.8,-1,-0.6,6.7230558,506.1,14.2,0.5869583
1796,3752.9,5,-0.9,6.7402084,506.6,14.2,0.58655023
1789.1,3752.7,-6.9,-0.2,6.7139556,507.1,14.2,0.58614217
1791,3752,1.9,-0.7,6.719832,507.6,14.2,0.58573411
1800,3750.9,9,-1.1,6.75162,508.1,14.2,0.58532604
1787,3751,-13,0.1,6.703037,508.6,14.2,0.58491798
1788,3750.4,1,-0.6,6.7057152,509.1,14.2,0.58450992
1793.1,3749.6,5.1,-0.8,6.7234078,509.6,14.2,0.58410185
1790,3749.2,-3.1,-0.4,6.711068,510.1,14.2,0.58369379
1789.1,3748.7,-0.9,-0.5,6.7067992,510.6,14.2,0.58328573
1794,3747.9,4.9,-0.8,6.7237326,511.1,14.2,0.58287766
1785,3747.8,-9,-0.1,6.689823,511.6,14.2,0.5824696
1213,3779.4,-572,31.6,4.5844122,511.9,14.2,0.58222476
1214,3780.2,1,0.8,4.5891628,512.2,14.2,0.58197992
1208,3781.1,-6,0.9,4.5675688,512.6,14.2,0.58165347
1216,3781.1,8,0,4.5978176,512.9,14.2,0.58140863
1214,3781.6,-2,0.5,4.5908624,513.3,14.2,0.58108218
1211,3782,-3,0.4,4.580002,513.6,14.2,0.58083735
1216.1,3781.9,5.1,-0.1,4.5991686,513.9,14.2,0.58059251
1210,3782.4,-6.1,0.5,4.576704,514.3,14.2,0.58026606
1212,3782.5,2,0.1,4.58439,514.6,14.2,0.58002122
1209,3782.8,-3,0.3,4.5734052,514.9,14.2,0.57977638
1208.1,3782.9,-0.9,0.1,4.5701215,515.3,14.2,0.57944993
1209,3783,0.9,0.1,4.573647,515.6,14.2,0.57920509
1212,3782.9,3,-0.1,4.5848748,516,14.2,0.57887864
1215,3782.8,3,-0.1,4.596102,516.3,14.2,0.5786338
1209.1,3783.2,-5.9,0.4,4.5742671,516.6,14.2,0.57838897
1208,3783.3,-1.1,0.1,4.5702264,517,14.2,0.57806252
1210,3783.2,2,-0.1,4.577672,517.3,14.2,0.57781768
1208,3783.4,-2,0.2,4.5703472,517.6,14.2,0.57757284
1207,3783.4,-1,0,4.5665638,518,14.2,0.57724639
1215,3783,8,-0.4,4.596345,518.3,14.2,0.57700155
1210,3783.3,-5,0.3,4.577793,518.7,14.2,0.5766751
1210,3783.3,0,0,4.577793,519,14.2,0.57643026
1217.9,3782.8,7.9,-0.5,4.6070721,519.3,14.2,0.57618542
1214,3783,-3.9,0.2,4.592562,519.7,14.2,0.57585897
1209.1,3783.3,-4.9,0.3,4.574388,520,14.2,0.57561414
1212,3783.2,2.9,-0.1,4.5852384,520.3,14.2,0.5753693
1210,3783.2,-2,0,4.577672,520.7,14.2,0.57504285
1204.9,3783.5,-5.1,0.3,4.5587392,521,14.2,0.57479801
1210,3783.2,5.1,-0.3,4.577672,521.3,14.2,0.57455317
1247.9,3781,37.9,-2.2,4.7183099,521.7,14.2,0.57422672
1287.1,3778.7,39.2,-2.3,4.8635648,522.1,14.2,0.57390027
1329.9,3776.1,42.8,-2.6,5.0218354,522.4,14.2,0.57365543
1370.9,3773.5,41,-2.6,5.1730911,522.8,14.2,0.57332898
1410,3771,39.1,-2.5,5.31711,523.2,14.2,0.57300253
1455,3768.1,45,-2.9,5.4825855,523.6,14.2,0.57267608
1489,3765.8,34,-2.3,5.6072762,524,14.2,0.57234963
1531.9,3762.9,42.9,-2.9,5.7643865,524.4,14.2,0.57202318
1569,3760.3,37.1,-2.6,5.8999107,524.9,14.2,0.57161511
1611,3757.4,42,-2.9,6.0531714,525.3,14.2,0.57128866
1655,3754.3,44,-3.1,6.2133665,525.8,14.2,0.5708806
1687.9,3751.8,32.9,-2.5,6.3326632,526.2,14.2,0.57055415
1731.9,3748.6,44,-3.2,6.4922003,526.7,14.2,0.57014609
1765,3746.1,33.1,-2.5,6.6118665,527.2,14.2,0.56973802
1770,3745.1,5,-1,6.628827,527.7,14.2,0.56932996
1769,3744.4,-1,-0.7,6.6238436,528.2,14.2,0.5689219
1771,3743.7,2,-0.7,6.6300927,528.7,14.2,0.56851383
1772,3743,1,-0.7,6.632596,529.2,14.2,0.56810577
1772,3742.4,0,-0.6,6.6315328,529.7,14.2,0.56769771
1043.1,3782.7,-728.9,40.3,3.9457344,530,14.2,0.56745287
302.1,3825.4,-741,42.7,1.1556533,530.1,14.2,0.56737126
-429,3868.7,-731.1,43.3,-1.6596723,530,14.2,0.56745287
-425.1,3872.2,3.9,3.5,-1.6460722,529.9,14.2,0.56753448
-427.1,3875.3,-2,3.1,-1.6551406,529.7,14.2,0.56769771
-430.1,3878,-3,2.7,-1.6679278,529.6,14.2,0.56777932
-433.1,3880.6,-3,2.6,-1.6806879,529.5,14.2,0.56786093
-429.2,3882.6,3.9,2,-1.6664119,529.4,14.2,0.56794254
-431.1,3884.7,-1.9,2.1,-1.6746942,529.3,14.2,0.56802416
-426.1,3886.4,5,1.7,-1.655995,529.1,14.2,0.56818738
-430.1,3888.4,-4,2,-1.6724008,529,14.2,0.568269
-427.1,3890,3,1.6,-1.661419,528.9,14.2,0.56835061
-430.1,3891.9,-3,1.9,-1.6739062,528.8,14.2,0.56843222
-429.1,3893.4,1,1.5,-1.6706579,528.7,14.2,0.56851383
-427.1,3894.9,2,1.5,-1.6635118,528.6,14.2,0.56859545
-426,3896.3,1.1,1.4,-1.6598238,528.4,14.2,0.56875867
-425.1,3897.7,0.9,1.4,-1.6569123,528.3,14.2,0.56884028
-433.1,3899.6,-8,1.9,-1.6889168,528.2,14.2,0.5689219
-425.1,3900.5,8,0.9,-1.6581025,528.1,14.2,0.56900351
-429.1,3902,-4,1.5,-1.6743482,528,14.2,0.56908512
-431.9,3903.5,-2.8,1.5,-1.6859217,527.8,14.2,0.56924835
-425.1,3904.4,6.8,0.9,-1.6597604,527.7,14.2,0.56932996
-427.1,3905.8,-2,1.4,-1.6681672,527.6,14.2,0.56941157
-425.2,3906.9,1.9,1.1,-1.6612139,527.5,14.2,0.56949319
-426,3908.1,-0.8,1.2,-1.6648506,527.4,14.2,0.5695748
-427,3909.3,-1,1.2,-1.6692711,527.2,14.2,0.56973802
-427.1,3910.4,-0.1,1.1,-1.6701318,527.1,14.2,0.56981964
-431.1,3911.7,-4,1.3,-1.6863339,527,14.2,0.56990125
-427.1,3912.7,4,1,-1.6711142,526.9,14.2,0.56998286
-429.1,3913.8,-2,1.1,-1.6794116,526.8,14.2,0.57006447
-426,3914.7,3.1,0.9,-1.6676622,526.7,14.2,0.57014609
-431.1,3916,-5.1,1.3,-1.6881876,526.5,14.2,0.57030931
-424.1,3916.6,7,0.6,-1.6610301,526.4,14.2,0.57039092
-422.1,3917.5,2,0.9,-1.6535767,526.3,14.2,0.57047254
-273.1,3910.2,149,-7.3,-1.0678756,526.2,14.2,0.57055415
-126.2,3902.6,146.9,-7.6,-0.49250812,526.2,14.2,0.57055415
26,3894.4,152.2,-8.2,0.1012544,526.2,14.2,0.57055415
179.1,3885.9,153.1,-8.5,0.69596469,526.2,14.2,0.57055415
326.1,3877.6,147,-8.3,1.2644854,526.3,14.2,0.57047254
482.9,3868.5,156.8,-9.1,1.8680987,526.4,14.2,0.57039092
628.9,3859.7,146,-8.8,2.4273653,526.6,14.2,0.5702277
628,3858.9,-0.9,-0.8,2.4233892,526.8,14.2,0.57006447
626,3858.3,-2,-0.6,2.4152958,527,14.2,0.56990125
627.9,3857.6,1.9,-0.7,2.422187,527.1,14.2,0.56981964
634.1,3856.8,6.2,-0.8,2.4455969,527.3,14.2,0.56965641
628,3856.7,-6.1,-0.1,2.4220076,527.5,14.2,0.56949319
633,3856,5,-0.7,2.440848,527.7,14.2,0.56932996
627.9,3855.9,-5.1,-0.1,2.4211196,527.8,14.2,0.56924835
623,3855.8,-4.9,-0.1,2.4021634,528,14.2,0.56908512
627,3855.3,4,-0.5,2.4172731,528.2,14.2,0.5689219
627,3855.1,0,-0.2,2.4171477,528.4,14.2,0.56875867
629,3854.7,2,-0.4,2.4246063,528.5,14.2,0.56867706
544,3859.1,-85,4.4,2.0993504,528.7,14.2,0.56851383
457.1,3863.9,-86.9,4.8,1.7661887,528.8,14.2,0.56843222
455,3864.1,-2.1,0.2,1.7581655,528.9,14.2,0.56835061
451,3864.4,-4,0.3,1.7428444,529.1,14.2,0.56818738
453.1,3864.4,2.1,0,1.7509596,529.2,14.2,0.56810577
454,3864.4,0.9,0,1.7544376,529.3,14.2,0.56802416
458,3864.2,4,-0.2,1.7698036,529.5,14.2,0.56786093
456.1,3864.3,-1.9,0.1,1.7625072,529.6,14.2,0.56777932
456,3864.3,-0.1,0,1.7621208,529.7,14.2,0.56769771
457,3864.3,1,0,1.7659851,529.8,14.2,0.56761609
451,3864.7,-6,0.4,1.7429797,530,14.2,0.56745287
455,3864.5,4,-0.2,1.7583475,530.1,14.2,0.56737126
450.1,3864.7,-4.9,0.2,1.7395015,530.2,14.2,0.56728964
457,3864.4,6.9,-0.3,1.7660308,530.3,14.2,0.56720803
457,3864.4,0,0,1.7660308,530.5,14.2,0.56704481
452,3864.7,-5,0.3,1.7468444,530.6,14.2,0.56696319
460,3864.3,8,-0.4,1.777578,530.7,14.2,0.56688158
458.1,3864.4,-1.9,0.1,1.7702816,530.8,14.2,0.56679997
450,3864.8,-8.1,0.4,1.73916,531,14.2,0.56663674
450.1,3864.9,0.1,0.1,1.7395915,531.1,14.2,0.56655513
454,3864.7,3.9,-0.2,1.7545738,531.2,14.2,0.56647352
455,3864.6,1,-0.1,1.758393,531.3,14.2,0.5663919
450,3864.9,-5,0.3,1.739205,531.5,14.2,0.56622868
457,3864.5,7,-0.4,1.7660765,531.6,14.2,0.56614707
454,3864.7,-3,0.2,1.7545738,531.7,14.2,0.56606545
451,3864.9,-3,0.2,1.7430699,531.9,14.2,0.56590223
458,3864.5,7,-0.4,1.769941,532,14.2,0.56582062
456,3864.7,-2,0.2,1.7623032,532.1,14.2,0.565739
454,3864.8,-2,0.1,1.7546192,532.2,14.2,0.56565739
451,3865,-3,0.2,1.743115,532.4,14.2,0.56549416
454,3864.8,3,-0.2,1.7546192,532.5,14.2,0.56541255
453,3864.9,-1,0.1,1.7507997,532.6,14.2,0.56533094
457,3864.7,4,-0.2,1.7661679,532.7,14.2,0.56524933
453,3864.9,-4,0.2,1.7507997,532.9,14.2,0.5650861
456.1,3864.8,3.1,-0.1,1.7627353,533,14.2,0.56500449
455.9,3864.8,-0.2,0,1.7619623,533.1,14.2,0.56492288
452.1,3865,-3.8,0.2,1.7473665,533.2,14.2,0.56484126
451,3865.1,-1.1,0.1,1.7431601,533.4,14.2,0.56467804
453,3865,2,-0.1,1.750845,533.5,14.2,0.56459643
1506.9,3806.3,1053.9,-58.7,5.7357135,533.9,14.2,0.56426997
1508,3803.7,1.1,-2.6,5.7359796,534.3,14.2,0.56394352
1508,3801.7,0,-2,5.7329636,534.7,14.2,0.56361707
1509,3799.9,1,-1.8,5.7340491,535.2,14.2,0.56320901
1501.9,3798.7,-7.1,-1.2,5.7052675,535.6,14.2,0.56288256
1512.1,3796.7,10.2,-2,5.7409901,536,14.2,0.56255611
1507,3795.7,-5.1,-1,5.7201199,536.4,14.2,0.56222966
1507.9,3794.3,0.9,-1.4,5.721425,536.8,14.2,0.56190321
1508,3793.1,0.1,-1.2,5.7199948,537.2,14.2,0.56157676
1513.1,3791.7,5.1,-1.4,5.7372213,537.6,14.2,0.56125031
1507,3790.9,-6.1,-0.8,5.7128863,538.1,14.2,0.56084224
1512,3789.6,5,-1.3,5.7298752,538.5,14.2,0.56051579
1509,3788.8,-3,-0.8,5.7172992,538.9,14.2,0.56018934
1507,3787.8,-2,-1,5.7082146,539.3,14.2,0.55986289
1558,3784.1,51,-3.7,5.8956278,539.8,14.2,0.55945483
1603,3780.5,45,-3.6,6.0601415,540.2,14.2,0.55912838
1652.1,3776.7,49.1,-3.8,6.2394861,540.7,14.2,0.55872031
1703.9,3772.6,51.8,-4.1,6.4281331,541.1,14.2,0.55839386
1749,3768.9,45.1,-3.7,6.5918061,541.6,14.2,0.5579858
1804,3764.5,55,-4.4,6.791158,542.1,14.2,0.55757774
1843,3761.1,39,-3.4,6.9317073,542.6,14.2,0.55716967
1894.9,3756.9,51.9,-4.2,7.1189498,543.2,14.2,0.55668
1897,3755.5,2.1,-1.4,7.1241835,543.7,14.2,0.55627193
1894,3754.4,-3,-1.1,7.1108336,544.2,14.2,0.55586387
1898.1,3752.9,4.1,-1.5,7.1233795,544.7,14.2,0.55545581
1898.1,3751.8,0,-1.1,7.1212916,545.3,14.2,0.55496613
1896,3750.7,-2.1,-1.1,7.1113272,545.8,14.2,0.55455807
1897,3749.6,1,-1.1,7.1129912,546.3,14.2,0.55415
1894,3748.7,-3,-0.9,7.1000378,546.8,14.2,0.55374194
1088,3792.8,-806,44.1,4.1265664,547.1,14.2,0.5534971
280.1,3838.9,-807.9,46.1,1.0752759,547.2,14.2,0.55341549
282.1,3841.2,2,2.3,1.0836025,547.3,14.2,0.55333388
275,3843.4,-7.1,2.2,1.056935,547.4,14.2,0.55325226
277,3844.7,2,1.3,1.0649819,547.5,14.2,0.55317065
271.1,3846.4,-5.9,1.7,1.042759,547.5,14.2,0.55317065
273,3847.4,1.9,1,1.0503402,547.6,14.2,0.55308904
281,3848.1,8,0.7,1.0813161,547.7,14.2,0.55300743
280.1,3849,-0.9,0.9,1.0781049,547.8,14.2,0.55292581
276.1,3850.1,-4,1.1,1.0630126,547.8,14.2,0.55292581
278,3850.8,1.9,0.7,1.0705224,547.9,14.2,0.5528442
280.1,3851.5,2.1,0.7,1.0788051,548,14.2,0.55276259
276.1,3852.4,-4,0.9,1.0636476,548.1,14.2,0.55268098
279,3853,2.9,0.6,1.074987,548.1,14.2,0.55268098
279,3853.7,0,0.7,1.0751823,548.2,14.2,0.55259936
348,3850.4,69,-3.3,1.3399392,548.3,14.2,0.55251775
420,3846.9,72,-3.5,1.615698,548.4,14.2,0.55243614
487,3843.4,67,-3.5,1.8717358,548.6,14.2,0.55227291
561,3839.5,74,-3.9,2.1539595,548.7,14.2,0.5521913
635,3835.4,74,-4.1,2.435479,548.9,14.2,0.55202807
711,3831,76,-4.4,2.723841,549.1,14.2,0.55186485
780,3827,69,-4,2.98506,549.3,14.2,0.55170162
856.9,3822.4,76.9,-4.6,3.2754146,549.6,14.2,0.55145679
921.1,3818.4,64.2,-4,3.5171282,549.8,14.2,0.55129356
993.9,3813.8,72.8,-4.6,3.7905358,550.1,14.2,0.55104872
1068,3809.1,74.1,-4.7,4.0681188,550.4,14.2,0.55080388
1065.1,3808.6,-2.9,-0.5,4.0565399,550.7,14.2,0.55055905
1070,3807.8,4.9,-0.8,4.074346,551,14.2,0.55031421
1130,3803.9,60,-3.9,4.298407,551.3,14.2,0.55006937
1191,3799.8,61,-4.1,4.5255618,551.6,14.2,0.54982453
1255,3795.6,64,-4.2,4.763478,552,14.2,0.54949808
1253.9,3794.8,-1.1,-0.8,4.7582997,552.3,14.2,0.54925324
1254.9,3794.1,1,-0.7,4.7612161,552.7,14.2,0.54892679
1251,3793.6,-3.9,-0.5,4.7457936,553,14.2,0.54868196
1251,3793,0,-0.6,4.745043,553.4,14.2,0.5483555
1253,3792.3,2,-0.7,4.7517519,553.7,14.2,0.54811067
1255.9,3791.6,2.9,-0.7,4.7618704,554.1,14.2,0.54778422
1249,3791.5,-6.9,-0.1,4.7355835,554.4,14.2,0.54753938
1250,3790.9,1,-0.6,4.738625,554.8,14.2,0.54721293
1250.9,3790.3,0.9,-0.6,4.7412863,555.1,14.2,0.54696809
1252,3789.8,1.1,-0.5,4.7448296,555.5,14.2,0.54664164
590.2,3826.4,-661.8,36.6,2.2583413,555.6,14.2,0.54656003
-81,3865.2,-671.2,38.8,-0.3130812,555.6,14.2,0.54656003
-83,3867.7,-2,2.5,-0.3210191,555.6,14.2,0.54656003
-88,3869.8,-5,2.1,-0.3405424,555.6,14.2,0.54656003
-77,3870.7,11,0.9,-0.2980439,555.6,14.2,0.54656003
-82,3872.4,-5,1.7,-0.3175368,555.5,14.2,0.54664164
-82,3873.7,0,1.3,-0.3176434,555.5,14.2,0.54664164
-84,3875,-2,1.3,-0.3255,555.5,14.2,0.54664164
-82,3876.1,2,1.1,-0.3178402,555.5,14.2,0.54664164
-84,3877.3,-2,1.2,-0.3256932,555.5,14.2,0.54664164
-78,3877.9,6,0.6,-0.3024762,555.4,14.2,0.54672325
-83,3879.2,-5,1.3,-0.3219736,555.4,14.2,0.54672325
-79,3879.9,4,0.7,-0.3065121,555.4,14.2,0.54672325
-83,3881,-4,1.1,-0.322123,555.4,14.2,0.54672325
-81,3881.7,2,0.7,-0.3144177,555.3,14.2,0.54680486
-85,3882.8,-4,1.1,-0.330038,555.3,14.2,0.54680486
-84,3883.5,1,0.7,-0.326214,555.3,14.2,0.54680486
-83,3884.3,1,0.8,-0.3223969,555.3,14.2,0.54680486
-83,3885.1,0,0.8,-0.3224633,555.2,14.2,0.54688648
-82,3885.8,1,0.7,-0.3186356,555.2,14.1,0.54688648
170.1,3872.3,252.1,-13.5,0.65867823,555.3,14.2,0.54680486
409.9,3859,239.8,-13.3,1.5818041,555.4,14.1,0.54672325
409.1,3858.7,-0.8,-0.3,1.5785942,555.5,14.1,0.54664164
399.1,3859.1,-10,0.4,1.5401668,555.6,14.1,0.54656003
412,3858.3,12.9,-0.8,1.5896196,555.7,14.1,0.54647841
408.1,3858.4,-3.9,0.1,1.574613,555.8,14.1,0.5463968
407.1,3858.4,-1,0,1.5707546,555.9,14.1,0.54631519
409,3858.4,1.9,0,1.5780856,556.1,14.1,0.54615196
408.2,3858.4,-0.8,0,1.5749989,556.2,14.1,0.54607035
415,3858.1,6.8,-0.3,1.6011115,556.3,14.1,0.54598874
409,3858.5,-6,0.4,1.5781265,556.4,14.1,0.54590712
409.1,3858.5,0.1,0,1.5785124,556.5,14.1,0.54582551
450.1,3856.3,41,-2.2,1.7357206,556.6,14.1,0.5457439
501,3853.4,50.9,-2.9,1.9305534,556.8,14.1,0.54558067
549,3850.6,48,-2.8,2.1139794,556.9,14.1,0.54549906
593,3847.9,44,-2.7,2.2818047,557.1,14.1,0.54533584
641,3845,48,-2.9,2.464645,557.3,14.1,0.54517261
689,3841.9,48,-3.1,2.6470691,557.5,14.1,0.54500939
728.1,3839.3,39.1,-2.6,2.7953943,557.7,14.1,0.54484616
780,3836,51.9,-3.3,2.99208,557.9,14.1,0.54468293
820,3833.2,40,-2.8,3.143224,558.1,14.1,0.54451971
871,3829.9,51,-3.3,3.3358429,558.4,14.1,0.54427487
914,3826.8,43,-3.1,3.4976952,558.6,14.1,0.54411165
961,3823.6,47,-3.2,3.6744796,558.9,14.1,0.54386681
959,3823,-2,-0.6,3.666257,559.1,14.1,0.54370358
961,3822.3,2,-0.7,3.6732303,559.4,14.1,0.54345874
960,3821.8,-1,-0.5,3.668928,559.7,14.1,0.54321391
962,3821.1,2,-0.7,3.6758982,559.9,14.1,0.54305068
963,3820.5,1,-0.6,3.6791415,560.2,14.1,0.54280584
960,3820.2,-3,-0.3,3.667392,560.5,14.1,0.54256101
956,3819.9,-4,-0.3,3.6518244,560.7,14.1,0.54239778
959,3819.3,3,-0.6,3.6627087,561,14.1,0.54215294
960,3818.9,1,-0.4,3.666144,561.3,14.1,0.5419081
958,3818.6,-2,-0.3,3.6582188,561.5,14.1,0.54174488
960,3818,2,-0.6,3.66528,561.8,14.1,0.54150004
961.9,3817.5,1.9,-0.5,3.6720532,562.1,14.1,0.5412552
1044,3812.5,82.1,-5,3.98025,562.4,14.1,0.54101036
1042.1,3812.1,-1.9,-0.4,3.9725894,562.7,14.1,0.54076553
1041,3811.6,-1.1,-0.5,3.9678756,562.9,14.1,0.5406023
1045,3810.9,4,-0.7,3.9823905,563.2,14.1,0.54035746
1044,3810.5,-1,-0.4,3.978162,563.5,14.1,0.54011263
1040.1,3810.2,-3.9,-0.3,3.962989,563.8,14.1,0.53986779
1039.9,3809.8,-0.2,-0.4,3.961811,564.1,14.1,0.53962295
1041,3809.4,1.1,-0.4,3.9655854,564.4,14.1,0.53937811
1045,3808.7,4,-0.7,3.9800915,564.7,14.1,0.53913327
1043,3808.4,-2,-0.3,3.9721612,565,14.1,0.53888844
1041,3808.1,-2,-0.3,3.9642321,565.3,14.1,0.5386436
1049.9,3807.2,8.9,-0.9,3.9971793,565.6,14.1,0.53839876
1046,3807.1,-3.9,-0.1,3.9822266,565.8,14.1,0.53823553
1045,3806.8,-1,-0.3,3.978106,566.1,14.1,0.5379907
1045,3806.4,0,-0.4,3.977688,566.4,14.1,0.53774586
1045,3806.1,0,-0.3,3.9773745,566.7,14.1,0.53750102
1041,3805.9,-4,-0.2,3.9619419,567,14.1,0.53725618
1038,3805.8,-3,-0.1,3.9504204,567.3,14.1,0.53701134
1044,3805.1,6,-0.7,3.9725244,567.6,14.1,0.53676651
1040.9,3805,-3.1,-0.1,3.9606245,567.9,14.1,0.53652167
1043,3804.5,2.1,-0.5,3.9680935,568.2,14.1,0.53627683
1047,3804,4,-0.5,3.982788,568.4,14.1,0.5361136
1036,3804.4,-11,0.4,3.9413584,568.7,14.1,0.53586877
1046,3803.5,10,-0.9,3.978461,569,14.1,0.53562393
1046,3803.2,0,-0.3,3.9781472,569.3,14.1,0.53537909
1041,3803.1,-5,-0.1,3.9590271,569.6,14.1,0.53513425
1045,3802.6,4,-0.5,3.973717,569.9,14.1,0.53488941
1043,3802.5,-2,-0.1,3.9660075,570.2,14.1,0.53464458
1042.1,3802.2,-0.9,-0.3,3.9622726,570.5,14.1,0.53439974
1042,3801.9,-0.1,-0.3,3.9615798,570.7,14.1,0.53423651
1045,3801.6,3,-0.3,3.972672,571,14.1,0.53399168
1049,3801.1,4,-0.5,3.9873539,571.3,14.1,0.53374684
1047,3800.9,-2,-0.2,3.9795423,571.6,14.1,0.533502
1042.1,3800.9,-4.9,0,3.9609179,571.9,14.1,0.53325716
1047.9,3800.3,5.8,-0.6,3.9823344,572.2,14.1,0.53301232
1099,3797.2,51.1,-3.1,4.1731228,572.5,14.1,0.53276749
1167.9,3793,68.9,-4.2,4.4298447,572.8,14.1,0.53252265
1222,3789.4,54.1,-3.6,4.6306468,573.2,14.1,0.5321962
1283,3785.4,61,-4,4.8566682,573.5,14.1,0.53195136
1338.9,3781.6,55.9,-3.8,5.0631842,573.9,14.1,0.53162491
1403,3777.3,64.1,-4.3,5.2995519,574.3,14.1,0.53129846
1461,3773.3,58,-4,5.5127913,574.7,14.1,0.53097201
1523,3768.9,62,-4.4,5.7400347,575.1,14.1,0.53064556
1580,3764.8,57,-4.1,5.948384,575.5,14.1,0.53031911
1643,3760.3,63,-4.5,6.1781729,576,14.1,0.52991104
1697.1,3756.2,54.1,-4.1,6.374647,576.5,14.1,0.52950298
1755.9,3751.8,58.8,-4.4,6.5877856,577,14.1,0.52909492
1759,3750.6,3.1,-1.2,6.5973054,577.5,14.1,0.52868685
1761,3749.4,2,-1.2,6.6026934,577.9,14.1,0.5283604
1756,3748.7,-5,-0.7,6.5827172,578.4,14.1,0.52795234
1758,3747.7,2,-1,6.5884566,578.9,14.1,0.52754427
1614,3754.9,-144,7.2,6.0604086,579.4,14.1,0.52713621
1470.1,3762.5,-143.9,7.6,5.5312513,579.8,14.1,0.52680976
1329.1,3770.2,-141,7.7,5.0109728,580.1,14.1,0.52656492
1328,3770.2,-1.1,0,5.0068256,580.5,14.1,0.52623847
1330,3770,2,-0.2,5.0141,580.9,14.1,0.52591202
1329,3769.8,-1,-0.2,5.0100642,581.3,14.1,0.52558557
1326,3769.9,-3,0.1,4.9988874,581.6,14.1,0.52534073
1323.1,3769.8,-2.9,-0.1,4.9878224,582,14.1,0.52501428
1333,3768.9,9.9,-0.9,5.0239437,582.4,14.1,0.52468783
1329,3768.9,-4,0,5.0088681,582.7,14.1,0.52444299
1194,3776.2,-135,7.3,4.5087828,583.1,14.1,0.52411654
1059,3783.9,-135,7.7,4.0071501,583.4,14.1,0.5238717
929,3791.6,-130,7.7,3.5223964,583.6,14.1,0.52370848
794.1,3799.6,-134.9,8,3.0172624,583.8,14.1,0.52354525
798,3800.1,3.9,0.5,3.0324798,584.1,14.1,0.52330042
797.1,3800.6,-0.9,0.5,3.0294583,584.3,14.1,0.52313719
795,3801.2,-2.1,0.6,3.021954,584.5,14.1,0.52297397
790.1,3801.9,-4.9,0.7,3.0038812,584.7,14.1,0.52281074
788,3802.3,-2.1,0.4,2.9962124,584.9,14.1,0.52264751
796,3802.2,8,-0.1,3.0265512,585.2,14.1,0.52240268
792.9,3802.6,-3.1,0.4,3.0150815,585.4,14.1,0.52223945
795,3802.8,2.1,0.2,3.023226,585.6,14.1,0.52207623
794,3803.1,-1,0.3,3.0196614,585.8,14.1,0.521913
797.9,3803.1,3.9,0,3.0344935,586,14.1,0.52174978
793.1,3803.6,-4.8,0.5,3.0166352,586.3,14.1,0.52150494
798,3803.5,4.9,-0.1,3.035193,586.5,14.1,0.52134171
868,3799.7,70,-3.8,3.2981396,586.7,14.1,0.52117849
943.9,3795.5,75.9,-4.2,3.5825724,587,14.1,0.52093365
1021,3791,77.1,-4.5,3.870611,587.3,14.1,0.52068881
1093.1,3786.7,72.1,-4.3,4.1392418,587.6,14.1,0.52044397
1163,3782.4,69.9,-4.3,4.3989312,587.9,14.1,0.52019913
1243,3777.4,80,-5,4.6953082,588.2,14.1,0.5199543
1311.9,3772.9,68.9,-4.5,4.9496675,588.6,14.1,0.51962785
1391,3767.9,79.1,-5,5.2411489,589,14.1,0.5193014
1461,3763.2,70,-4.7,5.4980352,589.4,14.1,0.51897494
1535,3758.2,74,-5,5.768837,589.8,14.1,0.51864849
1527.1,3757.7,-7.9,-0.5,5.7383837,590.2,14.1,0.51832204
1451,3761.2,-76.1,3.5,5.4575012,590.6,14.1,0.51799559
1367,3765.5,-84,4.3,5.1474385,591,14.1,0.51766914
1273.1,3770.4,-93.9,4.9,4.8000962,591.4,14.1,0.51734269
1189.1,3775,-84,4.6,4.4888525,591.7,14.1,0.51709785
1101,3779.9,-88.1,4.9,4.1616699,592,14.1,0.51685302
1023.1,3784.4,-77.9,4.5,3.8718196,592.3,14.1,0.51660818
1019,3784.9,-4.1,0.5,3.8568131,592.6,14.1,0.51636334
1022,3784.9,3,0,3.8681678,592.9,14.1,0.5161185
1016,3785.3,-6,0.4,3.8458648,593.1,14.1,0.51595528
1019.8,3785.2,3.8,-0.1,3.860147,593.4,14.1,0.51571044
1019.9,3785.2,0.1,0,3.8605255,593.7,14.1,0.5154656
1018,3785.3,-1.9,0.1,3.8534354,594,14.1,0.51522076
1023,3785.1,5,-0.2,3.8721573,594.3,14.1,0.51497592
1019.9,3785.2,-3.1,0.1,3.8605255,594.6,14.1,0.51473109
1018.1,3785.3,-1.8,0.1,3.8538139,594.8,14.1,0.51456786
1021,3785.2,2.9,-0.1,3.8646892,595.1,14.1,0.51432302
1014,3785.5,-7,0.3,3.838497,595.4,14.1,0.51407818
1017.9,3785.3,3.9,-0.2,3.8530569,595.7,14.1,0.51383335
962,3788.4,-55.9,3.1,3.6444408,596,14.1,0.51358851
919.1,3790.9,-42.9,2.5,3.4842162,596.2,14.1,0.51342528
868,3794,-51.1,3.1,3.293192,596.5,14.1,0.51318045
818.1,3797.1,-49.9,3.1,3.1064075,596.7,14.1,0.51301722
809.1,3797.9,-9,0.8,3.0728809,596.9,14.1,0.51285399
815.9,3797.8,6.8,-0.1,3.098625,597.1,14.1,0.51269077
811,3798.3,-4.9,0.5,3.0804213,597.4,14.1,0.51244593
817,3798.2,6,-0.1,3.1031294,597.6,14.1,0.51228271
813.1,3798.6,-3.9,0.4,3.0886417,597.8,14.1,0.51211948
819,3798.4,5.9,-0.2,3.1108896,598,14.1,0.51195626
820,3798.5,1,0.1,3.11477,598.3,14.1,0.51171142
814,3799,-6,0.5,3.092386,598.5,14.1,0.51154819
823,3798.6,9,-0.4,3.1262478,598.7,14.1,0.51138497
815,3799.2,-8,0.6,3.096348,598.9,14.1,0.51122174
820,3799,5,-0.2,3.11518,599.2,14.1,0.5109769
816.1,3799.4,-3.9,0.4,3.1006903,599.4,14.1,0.51081368
811.1,3799.7,-5,0.3,3.0819367,599.6,14.1,0.51065045
811,3799.9,-0.1,0.2,3.0817189,599.8,14.1,0.51048723
809,3800.1,-2,0.2,3.0742809,600.1,14.1,0.51024239
818.1,3799.7,9.1,-0.4,3.1085346,600.3,14.1,0.51007916
817,3799.8,-1.1,0.1,3.1044366,600.5,14.1,0.50991594
817,3799.9,0,0.1,3.1045183,600.8,14.1,0.5096711
817.1,3800,0.1,0.1,3.10498,601,14.1,0.50950788
816,3800.1,-1.1,0.1,3.1008816,601.2,14.1,0.50934465
815,3800.2,-1,0.1,3.097163,601.4,14.1,0.50918142
817,3800.2,2,0,3.1047634,601.7,14.1,0.50893659
814,3800.5,-3,0.3,3.093607,601.9,14.1,0.50877336
816,3800.4,2,-0.1,3.1011264,602.1,14.1,0.50861014
821.1,3800.2,5.1,-0.2,3.1203442,602.3,14.1,0.50844691
819,3800.4,-2.1,0.2,3.1125276,602.6,14.1,0.50820207
814,3800.7,-5,0.3,3.0937698,602.8,14.1,0.50803885
981,3791.3,167,-9.4,3.7192653,603.1,14.1,0.50779401
1158,3781.1,177,-10.2,4.3785138,603.4,14.1,0.50754917
1326.9,3770.9,168.9,-10.2,5.0036072,603.8,14.1,0.50722272
1498,3760.3,171.1,-10.6,5.6329294,604.2,14.1,0.50689627
1664,3749.9,166,-10.4,6.2398336,604.6,14.1,0.50656982
1666,3748.4,2,-1.5,6.2448344,605.1,14.1,0.50616176
1667.1,3747.2,1.1,-1.2,6.2469571,605.6,14.1,0.50575369
1674,3745.8,6.9,-1.4,6.2704692,606,14.1,0.50542724
1672.1,3745,-1.9,-0.8,6.2620145,606.5,14.1,0.50501918
1667,3744.3,-5.1,-0.7,6.2417481,607,14.1,0.50461112
1601.1,3747.2,-65.9,2.9,5.9996419,607.4,14.1,0.50428466
1529.1,3750.6,-72,3.4,5.7350425,607.8,14.1,0.50395821
1460,3754,-69.1,3.4,5.48084,608.2,14.1,0.50363176
1399.1,3757,-60.9,3,5.2564187,608.6,14.1,0.50330531
1330,3760.7,-69.1,3.7,5.001731,609,14.1,0.50297886
1261,3764.4,-69,3.7,4.7469084,609.3,14.1,0.50273402
1192.1,3768.3,-68.9,3.9,4.4921904,609.7,14.1,0.50240757
1124.1,3772.2,-68,3.9,4.24033,610,14.1,0.50216274
1059.9,3775.9,-64.2,3.7,4.0020764,610.3,14.1,0.5019179
985,3780.3,-74.9,4.4,3.7235955,610.5,14.1,0.50175467
915,3784.5,-70,4.2,3.4628175,610.8,14.1,0.50150983
850.1,3788.6,-64.9,4.1,3.2206889,611,14.1,0.50134661
850.1,3789,0,0.4,3.2210289,611.3,14.1,0.50110177
852,3789.3,1.9,0.3,3.2284836,611.5,14.1,0.50093855
855,3789.4,3,0.1,3.239937,611.7,14.1,0.50077532
854,3789.7,-1,0.3,3.2364038,612,14.1,0.50053048
855,3789.8,1,0.1,3.240279,612.2,14.1,0.50036726
854,3790.1,-1,0.3,3.2367454,612.5,14.1,0.50012242
849,3790.6,-5,0.5,3.2182194,612.7,14.1,0.49995919
853,3790.5,4,-0.1,3.2332965,612.9,14.1,0.49979597
859,3790.4,6,-0.1,3.2559536,613.2,14.1,0.49955113
856.9,3790.6,-2.1,0.2,3.2481651,613.4,14.1,0.49938791
851,3791.1,-5.9,0.5,3.2262261,613.6,14.1,0.49922468
852,3791.2,1,0.1,3.2301024,613.9,14.1,0.49897984
850,3791.4,-2,0.2,3.22269,614.1,14.1,0.49881662
849,3791.6,-1,0.2,3.2190684,614.4,14.1,0.49857178
857.9,3791.2,8.9,-0.4,3.2524705,614.6,14.1,0.49840855
846,3792,-11.9,0.8,3.208032,614.8,14.1,0.49824533
851,3791.8,5,-0.2,3.2268218,615.1,14.1,0.49800049
855,3791.6,4,-0.2,3.241818,615.3,14.1,0.49783726
850,3792,-5,0.4,3.2232,615.5,14.1,0.49767404
859,3791.6,9,-0.4,3.2569844,615.8,14.1,0.4974292
848,3792.3,-11,0.7,3.2158704,616,14.1,0.49726598
846,3792.5,-2,0.2,3.208455,616.2,14.1,0.49710275
848,3792.4,2,-0.1,3.2159552,616.5,14.1,0.49685791
858,3791.9,10,-0.5,3.2534502,616.7,14.1,0.49669469
852.1,3792.3,-5.9,0.4,3.2314188,617,14.1,0.49644985
852,3792.4,-0.1,0.1,3.2311248,617.2,14.1,0.49628662
851,3792.5,-1,0.1,3.2274175,617.4,14.1,0.4961234
847.1,3792.8,-3.9,0.3,3.2128809,617.7,14.1,0.49587856
957,3786.6,109.9,-6.2,3.6237762,617.9,14.1,0.49571534
1068.9,3780.1,111.9,-6.5,4.0405489,618.2,14.1,0.4954705
1177,3773.6,108.1,-6.5,4.4415272,618.6,14.1,0.49514405
1273,3767.7,96,-5.9,4.7962821,618.9,14.1,0.49489921
1393,3760.3,120,-7.4,5.2380979,619.3,14.1,0.49457276
1498,3753.5,105,-6.8,5.622743,619.7,14.1,0.49424631
1606,3746.5,108,-7,6.016879,620.2,14.1,0.49383824
1713.1,3739.3,107.1,-7.2,6.4057948,620.6,14.1,0.49351179
1813.9,3732.5,100.8,-6.8,6.7703818,621.1,14.1,0.49310373
1818,3731,4.1,-1.5,6.782958,621.6,14.1,0.49269567
1822,3729.6,4,-1.4,6.7953312,622.1,14.1,0.4922876
1818,3728.8,-4,-0.8,6.7789584,622.7,14.1,0.49179793
1822.1,3727.6,4.1,-1.2,6.79206,623.2,14.1,0.49138986
1823,3726.6,0.9,-1,6.7935918,623.7,14.1,0.4909818
1816,3726.2,-7,-0.4,6.7667792,624.2,14.1,0.49057374
1820,3725.1,4,-1.1,6.779682,624.7,14.1,0.49016567
1827,3723.9,7,-1.2,6.8035653,625.2,14.1,0.48975761
1821.1,3723.4,-5.9,-0.5,6.7806837,625.7,14.1,0.48934955
1821,3722.6,-0.1,-0.8,6.7788546,626.2,14.1,0.48894148
1821.1,3721.9,0.1,-0.7,6.7779521,626.7,14.1,0.48853342
1822.1,3721,1,-0.9,6.7800341,627.2,14.1,0.48812536
1816.9,3720.7,-5.2,-0.3,6.7601398,627.7,14.1,0.48771729
1826.1,3719.5,9.2,-1.2,6.792179,628.2,14.1,0.48730923
1819,3719.2,-7.1,-0.3,6.7652248,628.7,14.1,0.48690117
970.1,3766.5,-848.9,47.3,3.6538817,629,14.1,0.48665633
118.2,3816,-851.9,49.5,0.4510512,629,14.1,0.48665633
-727,3866.3,-845.2,50.3,-2.8108001,628.9,14.1,0.48673794
-724.1,3870.1,2.9,3.8,-2.8023394,628.7,14.1,0.48690117
-730,3873.6,-5.9,3.5,-2.827728,628.5,14.1,0.48706439
-723.1,3876,6.9,2.4,-2.8027356,628.3,14.1,0.48722762
-726.1,3878.7,-3,2.7,-2.8163241,628.1,14.1,0.48739084
-725,3880.9,1.1,2.2,-2.8136525,627.9,14.1,0.48755407
-727.1,3883.2,-2.1,2.3,-2.8234747,627.7,14.1,0.48771729
-724.1,3885,3,1.8,-2.8131285,627.5,14.1,0.48788052
-729.1,3887.2,-5,2.2,-2.8341575,627.3,14.1,0.48804374
-230.2,3861.2,498.9,-26,-0.88884824,627.2,14.1,0.48812536
273,3833.6,503.2,-27.6,1.0465728,627.3,14.1,0.48804374
770,3805.6,497,-28,2.930312,627.5,14.1,0.48788052
1272,3776.3,502,-29.3,4.8034536,627.8,14.1,0.48763568
1769,3746.7,497,-29.6,6.6279123,628.3,14.1,0.48722762
1774,3743.9,5,-2.8,6.6416786,628.8,14.1,0.48681955
1771,3742.1,-3,-1.8,6.6272591,629.3,14.1,0.48641149
1777.1,3739.9,6.1,-2.2,6.6461763,629.8,14.1,0.48600343
1765.1,3739,-12,-0.9,6.5997089,630.3,14.1,0.48559536
1770,3737.3,4.9,-1.7,6.615021,630.8,14.1,0.4851873
1766.1,3736.2,-3.9,-1.1,6.5985028,631.3,14.1,0.48477924
1769,3734.8,2.9,-1.4,6.6068612,631.8,14.1,0.48437117
1770,3733.6,1,-1.2,6.608472,632.3,14.1,0.48396311
1770,3732.5,0,-1.1,6.606525,632.7,14.1,0.48363666
1768.1,3731.6,-1.9,-0.9,6.597842,633.2,14.1,0.4832286
1772.1,3730.3,4,-1.3,6.6104646,633.7,14.1,0.48282053
1769,3729.5,-3.1,-0.8,6.5974855,634.2,14.1,0.48241247
1766.1,3728.8,-2.9,-0.7,6.5854337,634.7,14.1,0.48200441
1768.1,3727.7,2,-1.1,6.5909464,635.2,14.1,0.48159634
1769,3726.8,0.9,-0.9,6.5927092,635.7,14.1,0.48118828
1771,3725.8,2,-1,6.5983918,636.2,14.1,0.48078022
1772,3725.1,1,-0.7,6.6008772,636.7,14.1,0.48037215
1771,3724.3,-1,-0.8,6.5957353,637.2,14.1,0.47996409
1767.1,3723.7,-3.9,-0.6,6.5801503,637.7,14.1,0.47955603
1768.1,3723,1,-0.7,6.5826363,638.2,14.1,0.47914796
1770.1,3722.2,2,-0.8,6.5886662,638.6,14.2,0.47882151
1769,3721.6,-1.1,-0.6,6.5835104,639.1,14.2,0.47841345
1771.1,3720.7,2.1,-0.9,6.5897318,639.6,14.1,0.47800539
1766,3720.4,-5.1,-0.3,6.5702264,640.1,14.2,0.47759732
1778,3719.1,12,-1.3,6.6125598,640.6,14.2,0.47718926
1769.1,3718.9,-8.9,-0.2,6.579106,641.1,14.2,0.4767812
1774.1,3718,5,-0.9,6.5961038,641.6,14.2,0.47637313
1774,3717.4,-0.1,-0.6,6.5946676,642.1,14.2,0.47596507
1770.1,3717.1,-3.9,-0.3,6.5796387,642.6,14.2,0.47555701
1773.1,3716.3,3,-0.8,6.5893715,643.1,14.2,0.47514894
1703.1,3719.7,-70,3.4,6.3350211,643.5,14.2,0.47482249
1645,3722.6,-58.1,2.9,6.123677,644,14.2,0.47441443
1578,3726,-67,3.4,5.879628,644.4,14.2,0.47408798
1518.1,3729.2,-59.9,3.2,5.6612985,644.9,14.2,0.47367992
1455.1,3732.7,-63,3.5,5.4314518,645.3,14.2,0.47335346
1387,3736.5,-68.1,3.8,5.1825255,645.7,14.2,0.47302701
1326,3740,-61,3.5,4.95924,646,14.2,0.47278218
1267.1,3743.4,-58.9,3.4,4.7432621,646.4,14.2,0.47245573
1205.1,3747.2,-62,3.8,4.5157507,646.7,14.2,0.47221089
1141,3751,-64.1,3.8,4.279891,647,14.2,0.47196605
1074,3755.2,-67,4.2,4.0330848,647.3,14.2,0.47172121
1008,3759.3,-66,4.1,3.7893744,647.6,14.2,0.47147637
951.1,3763,-56.9,3.7,3.5789893,647.9,14.2,0.47123154
941,3764.1,-10.1,1.1,3.5420181,648.1,14.2,0.47106831
952,3764,11,-0.1,3.583328,648.4,14.2,0.47082347
950,3764.4,-2,0.4,3.57618,648.7,14.2,0.47057863
947.1,3765,-2.9,0.6,3.5658315,648.9,14.2,0.47041541
948.1,3765.2,1,0.2,3.5697861,649.2,14.2,0.47017057
951.1,3765.4,3,0.2,3.5812719,649.4,14.2,0.47000735
823,3772.9,-128.1,7.5,3.1050967,649.7,14.2,0.46976251
703.1,3780.2,-119.9,7.3,2.6578586,649.9,14.2,0.46959928
575.1,3788.2,-128,8,2.1785938,650,14.2,0.46951767
444.1,3796.4,-131,8.2,1.6859812,650.2,14.2,0.46935444
324.2,3804.3,-119.9,7.9,1.2333541,650.2,14.2,0.46935444
202,3812.3,-122.2,8,0.7700846,650.3,14.2,0.46927283
74,3820.9,-128,8.6,0.2827466,650.3,14.2,0.46927283
71,3822.5,-3,1.6,0.2713975,650.3,14.2,0.46927283
73,3823.7,2,1.2,0.2791301,650.4,14.2,0.46919122
74,3824.9,1,1.2,0.2830426,650.4,14.2,0.46919122
75,3825.9,1,1,0.2869425,650.4,14.2,0.46919122
70,3827.3,-5,1.4,0.267911,650.4,14.2,0.46919122
285.1,3816.3,215.1,-11,1.0880271,650.5,14.2,0.46910961
288.1,3816.6,3,0.3,1.0995625,650.6,14.2,0.46902799
289,3817.1,0.9,0.5,1.1031419,650.7,14.2,0.46894638
292.1,3817.6,3.1,0.5,1.115121,650.7,14.2,0.46894638
285,3818.5,-7.1,0.9,1.0882725,650.8,14.2,0.46886477
283,3819.2,-2,0.7,1.0808336,650.9,14.2,0.46878316
295.1,3819.1,12.1,-0.1,1.1270164,651,14.2,0.46870154
285.1,3820.3,-10,1.2,1.0891675,651.1,14.2,0.46861993
284,3820.8,-1.1,0.5,1.0851072,651.1,14.2,0.46861993
290.1,3821.1,6.1,0.3,1.1085011,651.2,14.2,0.46853832
288,3821.7,-2.1,0.6,1.1006496,651.3,14.2,0.4684567
287.1,3822.3,-0.9,0.6,1.0973823,651.4,14.2,0.46837509
289,3822.6,1.9,0.3,1.1047314,651.5,14.2,0.46829348
289.1,3823.2,0.1,0.6,1.1052871,651.5,14.2,0.46829348
289.1,3823.6,0,0.4,1.1054028,651.6,14.2,0.46821187
293.1,3823.9,4,0.3,1.1207851,651.7,14.2,0.46813025
328,3822.4,34.9,-1.5,1.2537472,651.8,14.2,0.46804864
363.9,3820.7,35.9,-1.7,1.3903527,651.9,14.2,0.46796703
416.1,3818.1,52.2,-2.6,1.5887114,652,14.2,0.46788542
454,3816.1,37.9,-2,1.7325094,652.1,14.2,0.4678038
487,3814.5,33,-1.6,1.8576615,652.3,14.2,0.46764058
529.1,3812.2,42.1,-2.3,2.017035,652.4,14.2,0.46755897
574,3809.7,44.9,-2.5,2.1867678,652.6,14.2,0.46739574
608,3807.8,34,-1.9,2.3151424,652.7,14.2,0.46731413
649,3805.5,41,-2.3,2.4697695,652.9,14.2,0.4671509
696.1,3802.7,47.1,-2.8,2.6470595,653.1,14.2,0.46698768
731,3800.6,34.9,-2.1,2.7782386,653.3,14.2,0.46682445
771,3798.1,40,-2.5,2.9283351,653.5,14.2,0.46666123
768,3798.1,-3,0,2.9169408,653.8,14.2,0.46641639
772.9,3797.5,4.9,-0.6,2.9350878,654,14.2,0.46625316
773,3797.4,0.1,-0.1,2.9353902,654.2,14.2,0.46608994
773,3797.2,0,-0.2,2.9352356,654.4,14.2,0.46592671
779,3796.7,6,-0.5,2.9576293,654.6,14.2,0.46576349
779,3796.6,0,-0.1,2.9575514,654.8,14.2,0.46560026
770.1,3797,-8.9,0.4,2.9240697,655,14.2,0.46543704
777.1,3796.4,7,-0.6,2.9501824,655.3,14.2,0.4651922
770,3796.7,-7.1,0.3,2.923459,655.5,14.2,0.46502897
769,3796.7,-1,0,2.9196623,655.7,14.2,0.46486575
771,3796.5,2,-0.2,2.9271015,655.9,14.2,0.46470252
775,3796.2,4,-0.3,2.942055,656.1,14.2,0.4645393
772,3796.3,-3,0.1,2.9307436,656.3,14.2,0.46437607
775,3796,3,-0.3,2.9419,656.5,14.2,0.46421285
768,3796.3,-7,0.3,2.9155584,656.8,14.2,0.46396801
769,3796.2,1,-0.1,2.9192778,657,14.2,0.46380478
768,3796.2,-1,0,2.9154816,657.2,14.2,0.46364156
771,3795.9,3,-0.3,2.9266389,657.4,14.2,0.46347833
774,3795.7,3,-0.2,2.9378718,657.6,14.2,0.46331511
635.2,3803.4,-138.8,7.7,2.4159197,657.8,14.2,0.46315188
497.1,3811.4,-138.1,8,1.8946469,657.9,14.2,0.46307027
364.1,3819.4,-133,8,1.3906435,658,14.2,0.46298866
229.1,3827.6,-135,8.2,0.87690316,658.1,14.2,0.46290704
92,3836.1,-137.1,8.5,0.3529212,658.1,14.2,0.46290704
-44,3844.9,-136,8.8,-0.1691756,658.1,14.2,0.46290704
-191.3,3854.3,-147.3,9.4,-0.73732759,658.1,14.2,0.46290704
-328.1,3863.3,-136.8,9,-1.2675487,658,14.2,0.46298866
-327.2,3864.7,0.9,1.4,-1.2645298,657.9,14.2,0.46307027
-322.1,3865.7,5.1,1,-1.245142,657.8,14.2,0.46315188
-323.1,3867,-1,1.3,-1.2494277,657.7,14.2,0.46323349
-324.1,3868.1,-1,1.1,-1.2536512,657.6,14.2,0.46331511
-326,3869.3,-1.9,1.2,-1.2613918,657.5,14.2,0.46339672
-319.2,3870,6.8,0.7,-1.235304,657.4,14.2,0.46347833
-323.1,3871.1,-3.9,1.1,-1.2507524,657.3,14.2,0.46355994
-324.1,3872.2,-1,1.1,-1.25498,657.3,14.2,0.46355994
-322.1,3872.9,2,0.7,-1.2474611,657.2,14.2,0.46364156
-326.1,3874,-4,1.1,-1.2633114,657.1,14.2,0.46372317
-322.1,3874.7,4,0.7,-1.2480409,657,14.2,0.46380478
-324.1,3875.6,-2,0.9,-1.256082,656.9,14.2,0.4638864
-324.1,3876.4,0,0.8,-1.2563412,656.8,14.2,0.46396801
-319.1,3876.9,5,0.5,-1.2371188,656.7,14.2,0.46404962
-318.1,3877.6,1,0.7,-1.2334646,656.6,14.2,0.46413123
-126.2,3867.6,191.9,-10,-0.48809112,656.6,14.2,0.46413123
68,3857,194.2,-10.6,0.262276,656.6,14.2,0.46413123
260.1,3846.2,192.1,-10.8,1.0003966,656.7,14.2,0.46404962
454.8,3834.9,194.7,-11.3,1.7441125,656.8,14.2,0.46396801
657,3823.1,202.2,-11.8,2.5117767,657,14.2,0.46380478
848,3811.5,191,-11.6,3.232152,657.2,14.2,0.46364156
1041,3799.6,193,-11.9,3.9553836,657.5,14.1,0.46339672
1237,3787.3,196,-12.3,4.6848901,657.9,14.1,0.46307027
1243.1,3785.4,6.1,-1.9,4.7056307,658.2,14.1,0.46282543
1240.1,3784.2,-3,-1.2,4.6927864,658.5,14.1,0.46258059
1237,3783.2,-3.1,-1,4.6798184,658.9,14.1,0.46225414
1239,3782,2,-1.2,4.685898,659.2,14.1,0.4620093
1248,3780.4,9,-1.6,4.7179392,659.6,14.1,0.46168285
1239,3780,-9,-0.4,4.68342,659.9,14.1,0.46143802
1239,3779,0,-1,4.682181,660.3,14.1,0.46111156
1237,3778.3,-2,-0.7,4.6737571,660.6,14.1,0.46086673
1237,3777.5,0,-0.8,4.6727675,660.9,14.1,0.46062189
1237,3776.6,0,-0.9,4.6716542,661.3,14.1,0.46029544
1244,3775.4,7,-1.2,4.6965976,661.6,14.1,0.4600506
1242,3774.8,-2,-0.6,4.6883016,662,14.1,0.45972415
1239.1,3774.2,-2.9,-0.6,4.6766112,662.3,14.1,0.45947931
1239,3773.5,-0.1,-0.7,4.6753665,662.7,14.1,0.45915286
1235.1,3773.1,-3.9,-0.4,4.6601558,663,14.1,0.45890802
1245,3771.8,9.9,-1.3,4.695891,663.4,14.1,0.45858157
1240,3771.5,-5,-0.3,4.67666,663.7,14.1,0.45833673
1152.1,3775.7,-87.9,4.2,4.349984,664,14.1,0.4580919
1064,3780.2,-88.1,4.5,4.0221328,664.3,14.1,0.45784706
984,3784.5,-80,4.3,3.723948,664.6,14.1,0.45760222
898.1,3789.2,-85.9,4.7,3.4030805,664.8,14.1,0.45743899
814.1,3793.9,-84,4.7,3.088614,665.1,14.1,0.45719416
819,3793.7,4.9,-0.2,3.1070403,665.3,14.1,0.45703093
814,3794,-5,0.3,3.088316,665.5,14.1,0.45686771
812.1,3794.1,-1.9,0.1,3.0811886,665.7,14.1,0.45670448
814,3794,1.9,-0.1,3.088316,666,14.1,0.45645964
815.9,3793.8,1.9,-0.2,3.0953614,666.2,14.1,0.45629642
812.2,3794,-3.7,0.2,3.0814868,666.4,14.1,0.45613319
817.1,3793.7,4.9,-0.3,3.0998323,666.7,14.1,0.45588835
816,3793.6,-1.1,-0.1,3.0955776,666.9,14.1,0.45572513
815,3793.5,-1,-0.1,3.0917025,667.1,14.1,0.4555619
819,3793.3,4,-0.2,3.1067127,667.3,14.1,0.45539868
816.2,3793.3,-2.8,0,3.0960915,667.6,14.1,0.45515384
812,3793.4,-4.2,0.1,3.0802408,667.8,14.1,0.45499061
818,3793,6,-0.4,3.102674,668,14.1,0.45482739
821,3792.7,3,-0.3,3.1138067,668.2,14.1,0.45466416
815,3793,-6,0.3,3.091295,668.5,14.1,0.45441933
807.1,3793.3,-7.9,0.3,3.0615724,668.7,14.1,0.4542561
818,3792.6,10.9,-0.7,3.1023468,668.9,14.1,0.45409288
815,3792.7,-3,0.1,3.0910505,669.1,14.1,0.45392965
816.1,3792.5,1.1,-0.2,3.0950593,669.4,14.1,0.45368481
818,3792.3,1.9,-0.2,3.1021014,669.6,14.1,0.45352159
816.1,3792.3,-1.9,0,3.094896,669.8,14.1,0.45335836
817.1,3792.1,1,-0.2,3.0985249,670.1,14.1,0.45311352
807,3792.6,-10.1,0.5,3.0606282,670.3,14.1,0.4529503
814,3792.1,7,-0.5,3.0867694,670.5,14.1,0.45278707
1079,3777.1,265,-15,4.0754909,670.8,14.1,0.45254223
1338.9,3761.7,259.9,-15.4,5.0365401,671.2,14.1,0.45221578
1603.9,3745.7,265,-16,6.0077282,671.6,14.1,0.45188933
1870,3729.2,266.1,-16.5,6.973604,672.1,14.1,0.45148127
1868,3727.4,-2,-1.8,6.9627832,672.7,14.1,0.45099159
1870,3725.7,2,-1.7,6.967059,673.2,14.1,0.45058353
1866,3724.4,-4,-1.3,6.9497304,673.7,14.1,0.45017547
1872.9,3722.7,6.9,-1.7,6.9722448,674.2,14.1,0.4497674
1876,3721.2,3.1,-1.5,6.9809712,674.7,14.1,0.44935934
1869,3720.4,-7,-0.8,6.9534276,675.2,14.1,0.44895128
1873,3719,4,-1.4,6.965687,675.7,14.1,0.44854321
1741,3725.3,-132,6.3,6.4857473,676.2,14.1,0.44813515
1616.1,3731.5,-124.9,6.2,6.0304772,676.7,14.1,0.44772709
1481,3738.6,-135.1,7.1,5.5368666,677.1,14.1,0.44740064
1477,3738.5,-4,-0.1,5.5217645,677.5,14.1,0.44707419
1476,3738.2,-1,-0.3,5.5175832,677.9,14.1,0.44674774
1373,3743.6,-103,5.4,5.1399628,678.3,14.1,0.44642128
1268,3749.3,-105,5.7,4.7541124,678.6,14.1,0.44617645
1166,3755,-102,5.7,4.37833,679,14.1,0.44585
1064.1,3760.9,-101.9,5.9,4.0019737,679.3,14.1,0.44560516
958.1,3767.1,-106,6.2,3.6092585,679.5,14.1,0.44544193
851,3773.5,-107.1,6.4,3.2112485,679.8,14.1,0.44519709
744.1,3780.1,-106.9,6.6,2.8127724,680,14.1,0.44503387
643,3786.4,-101.1,6.3,2.4346552,680.1,14.1,0.44495226
537,3793.1,-106,6.7,2.0368947,680.3,14.1,0.44478903
438.2,3799.6,-98.8,6.5,1.6649847,680.4,14.1,0.44470742
324.1,3806.9,-114.1,7.3,1.2338163,680.5,14.1,0.44462581
229.1,3813.3,-95,6.4,0.87362703,680.6,14.1,0.44454419
120,3820.6,-109.1,7.3,0.458472,680.6,14.1,0.44454419
16,3827.7,-104,7.1,0.0612432,680.7,14.1,0.44446258
13,3829.2,-3,1.5,0.0497796,680.7,14.1,0.44446258
16,3830.2,3,1,0.0612832,680.7,14.1,0.44446258
15,3831.3,-1,1.1,0.0574695,680.7,14.2,0.44446258
13,3832.5,-2,1.2,0.0498225,680.7,14.2,0.44446258
12,3833.5,-1,1,0.046002,680.7,14.2,0.44446258
16,3834.2,4,0.7,0.0613472,680.7,14.2,0.44446258
15,3835.1,-1,0.9,0.0575265,680.7,14.2,0.44446258
13,3836.1,-2,1,0.0498693,680.7,14.2,0.44446258
11,3837,-2,0.9,0.042207,680.7,14.1,0.44446258
16,3837.5,5,0.5,0.0614,680.7,14.2,0.44446258
15,3838.3,-1,0.8,0.0575745,680.7,14.1,0.44446258
14,3839,-1,0.7,0.053746,680.7,14.1,0.44446258
17,3839.6,3,0.6,0.0652732,680.7,14.1,0.44446258
13,3840.5,-4,0.9,0.0499265,680.7,14.1,0.44446258
19,3840.9,6,0.4,0.0729771,680.7,14.1,0.44446258
11,3841.9,-8,1,0.0422609,680.7,14.1,0.44446258
13,3842.5,2,0.6,0.0499525,680.7,14.1,0.44446258
14,3843.1,1,0.6,0.0538034,680.7,14.1,0.44446258
15,3843.6,1,0.5,0.057654,680.7,14.1,0.44446258
18,3844,3,0.4,0.069192,680.7,14.1,0.44446258
18,3844.6,0,0.6,0.0692028,680.7,14.1,0.44446258
18,3845.1,0,0.5,0.0692118,680.7,14.1,0.44446258
8,3846.3,-10,1.2,0.0307704,680.7,14.1,0.44446258
16,3846.4,8,0.1,0.0615424,680.8,14.1,0.44438097
14,3847,-2,0.6,0.053858,680.8,14.1,0.44438097
14,3847.5,0,0.5,0.053865,680.8,14.1,0.44438097
15,3847.9,1,0.4,0.0577185,680.8,14.1,0.44438097
14,3848.5,-1,0.6,0.053879,680.8,14.1,0.44438097
11,3849.1,-3,0.6,0.0423401,680.8,14.1,0.44438097
17,3849.3,6,0.2,0.0654381,680.8,14.1,0.44438097
15,3849.8,-2,0.5,0.057747,680.8,14.1,0.44438097
17,3850.2,2,0.4,0.0654534,680.8,14.1,0.44438097
15,3850.7,-2,0.5,0.0577605,680.8,14.1,0.44438097
16,3851.1,1,0.4,0.0616176,680.8,14.1,0.44438097
13,3851.7,-3,0.6,0.0500721,680.8,14.1,0.44438097
11,3852.2,-2,0.5,0.0423742,680.8,14.1,0.44438097
21,3852,10,-0.2,0.080892,680.8,14.1,0.44438097
8,3853.2,-13,1.2,0.0308256,680.8,14.1,0.44438097
14,3853.3,6,0.1,0.0539462,680.8,14.1,0.44438097
15,3853.6,1,0.3,0.057804,680.8,14.1,0.44438097
17,3853.9,2,0.3,0.0655163,680.8,14.1,0.44438097
12,3854.5,-5,0.6,0.046254,680.8,14.1,0.44438097
10,3855,-2,0.5,0.03855,680.8,14.1,0.44438097
23,3854.6,13,-0.4,0.0886558,680.8,14.1,0.44438097
21,3855.1,-2,0.5,0.0809571,680.8,14.1,0.44438097
14,3855.8,-7,0.7,0.0539812,680.8,14.1,0.44438097
17,3856,3,0.2,0.065552,680.8,14.1,0.44438097
12,3856.6,-5,0.6,0.0462792,680.8,14.1,0.44438097
14,3856.8,2,0.2,0.0539952,680.9,14.1,0.44429936
15,3857.1,1,0.3,0.0578565,680.9,14.1,0.44429936
9,3857.7,-6,0.6,0.0347193,680.9,14.1,0.44429936
14,3857.8,5,0.1,0.0540092,680.9,14.1,0.44429936
23,3857.6,9,-0.2,0.0887248,680.9,14.1,0.44429936
13,3858.5,-10,0.9,0.0501605,680.9,14.1,0.44429936
13,3858.8,0,0.3,0.0501644,680.9,14.1,0.44429936
13,3859,0,0.2,0.050167,680.9,14.1,0.44429936
16,3859.2,3,0.2,0.0617472,680.9,14.1,0.44429936
14,3859.5,-2,0.3,0.054033,680.9,14.1,0.44429936
10,3860.1,-4,0.6,0.038601,680.9,14.1,0.44429936
16,3860,6,-0.1,0.06176,680.9,14.1,0.44429936
14,3860.4,-2,0.4,0.0540456,680.9,14.1,0.44429936
16,3860.5,2,0.1,0.061768,680.9,14.1,0.44429936
14,3860.9,-2,0.4,0.0540526,680.9,14.1,0.44429936
10,3861.4,-4,0.5,0.038614,680.9,14.1,0.44429936
3,3862.1,-7,0.7,0.0115863,680.9,14.1,0.44429936
3,3862.3,0,0.2,0.0115869,680.9,14.1,0.44429936
-8,3863.3,-11,1,-0.0309064,680.9,14.1,0.44429936
-10,3863.7,-2,0.4,-0.038637,680.9,14.1,0.44429936
-12,3864.1,-2,0.4,-0.0463692,680.9,14.1,0.44429936
-23,3865,-11,0.9,-0.088895,680.9,14.1,0.44429936
-25,3865.4,-2,0.4,-0.096635,680.9,14.1,0.44429936
-27,3865.8,-2,0.4,-0.1043766,680.9,14.1,0.44429936
-28,3866.1,-1,0.3,-0.1082508,680.9,14.1,0.44429936
-38,3866.9,-10,0.8,-0.1469422,680.9,14.1,0.44429936
-38,3867.3,0,0.4,-0.1469574,680.9,14.1,0.44429936
-46,3868,-8,0.7,-0.177928,680.8,14.1,0.44438097
-54,3868.7,-8,0.7,-0.2089098,680.8,14.1,0.44438097
-45,3868.5,9,-0.2,-0.1740825,680.8,14.1,0.44438097
-48,3868.9,-3,0.4,-0.1857072,680.8,14.1,0.44438097
-49,3869.3,-1,0.4,-0.1895957,680.8,14.1,0.44438097
-49,3869.6,0,0.3,-0.1896104,680.8,14.1,0.44438097
-49,3869.8,0,0.2,-0.1896202,680.8,14.1,0.44438097
-45,3869.8,4,0,-0.174141,680.7,14.1,0.44446258
-52,3870.4,-7,0.6,-0.2012608,680.7,14.1,0.44446258
-46,3870.4,6,0,-0.1780384,680.7,14.1,0.44446258
-49,3870.8,-3,0.4,-0.1896692,680.7,14.1,0.44446258
-54,3871.3,-5,0.5,-0.2090502,680.7,14.1,0.44446258
-45,3871,9,-0.3,-0.174195,680.7,14.1,0.44446258
157.1,3859.8,202.1,-11.2,0.60637458,680.7,14.1,0.44446258
348,3848.8,190.9,-11,1.3393824,680.8,14.1,0.44438097
557,3836.5,209,-12.3,2.1369305,681,14.1,0.44421774
754,3824.5,197,-12,2.883673,681.2,14.1,0.44405452
954,3812.2,200,-12.3,3.6368388,681.4,14.1,0.44389129
1156,3799.4,202,-12.8,4.3921064,681.8,14.1,0.44356484
1354.9,3786.6,198.9,-12.8,5.1304643,682.1,14.1,0.44332
1560,3773.2,205.1,-13.4,5.886192,682.6,14.1,0.44291194
1561.1,3771.1,1.1,-2.1,5.8870642,683,14.1,0.44258549
1554,3769.7,-7.1,-1.4,5.8581138,683.4,14.1,0.44225904
1557,3767.9,3,-1.8,5.8666203,683.9,14.1,0.44185098
1558,3766.3,1,-1.6,5.8678954,684.3,14.1,0.44152452
1556,3764.9,-2,-1.4,5.8581844,684.7,14.1,0.44119807
1557,3763.5,1,-1.4,5.8597695,685.2,14.1,0.44079001
1560,3762,3,-1.5,5.86872,685.6,14.1,0.44046356
1548,3761.3,-12,-0.7,5.8224924,686,14.1,0.44013711
1557.1,3759.6,9.1,-1.7,5.8540732,686.5,14.1,0.43972905
1555,3758.5,-2.1,-1.1,5.8444675,686.9,14.1,0.4394026
1554.9,3757.4,-0.1,-1.1,5.8423813,687.3,14.1,0.43907614
1555,3756.2,0.1,-1.2,5.840891,687.8,14.1,0.43866808
1552,3755.2,-3,-1,5.8280704,688.2,14.1,0.43834163
1555,3754,3,-1.2,5.83747,688.6,14.1,0.43801518
1559,3752.7,4,-1.3,5.8504593,689.1,14.1,0.43760712
1529,3753.4,-30,0.7,5.7389486,689.5,14.1,0.43728067
1510,3753.5,-19,0.1,5.667785,689.9,14.1,0.43695422
1488,3753.9,-22,0.4,5.5858032,690.3,14.1,0.43662776
1463,3754.5,-25,0.6,5.4928335,690.7,14.1,0.43630131
1449.1,3754.5,-13.9,0,5.440646,691.1,14.1,0.43597486
1425,3755,-24.1,0.5,5.350875,691.5,14.1,0.43564841
1397,3755.9,-28,0.9,5.2469923,691.9,14.1,0.43532196
1373.1,3756.6,-23.9,0.7,5.1581875,692.3,14.1,0.43499551
1357,3756.9,-16.1,0.3,5.0981133,692.7,14.1,0.43466906
1354,3756.5,-3,-0.4,5.086301,693,14.1,0.43442422
1352.1,3756,-1.9,-0.5,5.0784876,693.4,14.1,0.43409777
1352,3755.5,-0.1,-0.5,5.077436,693.8,14.1,0.43377132
1354,3754.8,2,-0.7,5.0839992,694.2,14.1,0.43344487
1354,3754.1,0,-0.7,5.0830514,694.5,14.1,0.43320003
1357.1,3753.4,3.1,-0.7,5.0937391,694.9,14.1,0.43287358
1355.1,3752.9,-2,-0.5,5.0855548,695.3,14.1,0.43254713
1354,3752.5,-1.1,-0.4,5.080885,695.7,14.1,0.43222068
1356,3751.8,2,-0.7,5.0874408,696.1,14.1,0.43189423
1353,3751.4,-3,-0.4,5.0756442,696.4,14.1,0.43164939
1359,3750.5,6,-0.9,5.0969295,696.8,14.1,0.43132294
1359.9,3749.9,0.9,-0.6,5.099489,697.2,14.1,0.43099649
1354.1,3749.7,-5.8,-0.2,5.0774688,697.6,14.1,0.43067004
1354.1,3749.2,0,-0.5,5.0767917,697.9,14.1,0.4304252
1351,3748.8,-3.1,-0.4,5.0646288,698.3,14.1,0.43009875
1359,3747.8,8,-1,5.0932602,698.7,14.1,0.4297723
1352,3747.8,-7,0,5.0670256,699.1,14.1,0.42944585
1353,3747.2,1,-0.6,5.0699616,699.4,14.1,0.42920101
1353,3746.8,0,-0.4,5.0694204,699.8,14.1,0.42887456
1352.1,3746.3,-0.9,-0.5,5.0653722,700.2,14.1,0.42854811
1348,3746,-4.1,-0.3,5.049608,700.6,14.1,0.42822166
1349.1,3745.6,1.1,-0.4,5.053189,700.9,14.1,0.42797682
1353,3744.9,3.9,-0.7,5.0668497,701.3,14.1,0.42765037
1353,3744.4,0,-0.5,5.0661732,701.7,14.1,0.42732392
1351.1,3744.1,-1.9,-0.3,5.0586535,702.1,14.1,0.42699747
1352,3743.6,0.9,-0.5,5.0613472,702.4,14.1,0.42675263
1353.2,3743.1,1.2,-0.5,5.0651629,702.8,14.1,0.42642618
1348.1,3743,-5.1,-0.1,5.0459383,703.2,14.1,0.42609973
1354,3742.2,5.9,-0.8,5.0669388,703.6,14.1,0.42577328
1361,3741.4,7,-0.8,5.0920454,703.9,14.1,0.42552844
1463,3735.2,102,-6.2,5.4645976,704.3,14.1,0.42520199
1579.9,3727.9,116.9,-7.3,5.8897092,704.8,14.1,0.42479393
1577.9,3727.2,-2,-0.7,5.8811489,705.2,14.1,0.42446748
1584,3726.1,6.1,-1.1,5.9021424,705.6,14.1,0.42414103
1576,3725.9,-8,-0.2,5.8720184,706.1,14.1,0.42373296
1579.9,3725,3.9,-0.9,5.8851275,706.5,14.1,0.42340651
1578,3724.4,-1.9,-0.6,5.8771032,707,14.1,0.42299845
1573,3724.1,-5,-0.3,5.8580093,707.4,14.1,0.422672
1578,3723.2,5,-0.9,5.8752096,707.8,14.1,0.42234555
1585.1,3722.3,7.1,-0.9,5.9002177,708.3,14.1,0.42193748
1575.1,3722.3,-10,0,5.8629947,708.7,14.1,0.42161103
1584,3721.2,8.9,-1.1,5.8943808,709.1,14.1,0.42128458
1576,3721.1,-8,-0.1,5.8644536,709.6,14.1,0.42087652
1583,3720.1,7,-1,5.8889183,710,14.1,0.42055007
1582,3719.7,-1,-0.4,5.8845654,710.5,14.1,0.42014201
1578.1,3719.4,-3.9,-0.3,5.8695851,710.9,14.1,0.41981556
1581,3718.7,2.9,-0.7,5.8792647,711.3,14.1,0.4194891
1580,3718.3,-1,-0.4,5.874914,711.8,14.1,0.41908104
1576.1,3718,-3.9,-0.3,5.8599398,712.2,14.1,0.41875459
1581,3717.2,4.9,-0.8,5.8768932,712.7,14.1,0.41834653
1576.1,3717,-4.9,-0.2,5.8583637,713.1,14.1,0.41802008
1581,3716.3,4.9,-0.7,5.8754703,713.5,14.1,0.41769363
1581,3715.8,0,-0.5,5.8746798,714,14.1,0.41728556
1574.1,3715.7,-6.9,-0.1,5.8488834,714.4,14.1,0.41695911
1577.1,3715.1,3,-0.6,5.8590842,714.8,14.1,0.41663266
1573.2,3714.9,-3.9,-0.2,5.8442807,715.3,14.1,0.4162246
1584,3713.9,10.8,-1,5.8828176,715.7,14.1,0.41589815
-146.1,3812.2,-1730.1,98.3,-0.55696242,715.7,14.1,0.41589815
-150.2,3815.9,-4.1,3.7,-0.57314818,715.7,14.1,0.41589815
-153.2,3818.6,-3,2.7,-0.58500952,715.6,14.1,0.41597976
-153.1,3820.7,0.1,2.1,-0.58494917,715.6,14.1,0.41597976
-151.2,3822.5,1.9,1.8,-0.577962,715.6,14.1,0.41597976
-152.1,3824.3,-0.9,1.8,-0.58167603,715.5,14.1,0.41606137
-150.2,3825.8,1.9,1.5,-0.57463516,715.5,14.1,0.41606137
-150.1,3827.3,0.1,1.5,-0.57447773,715.4,14.1,0.41614299
-153.2,3828.8,-3.1,1.5,-0.58657216,715.4,14.1,0.41614299
-157.1,3830.4,-3.9,1.6,-0.60175584,715.3,14.1,0.4162246
-157.1,3831.6,0,1.2,-0.60194436,715.3,14.1,0.4162246
-148.1,3832.4,9,0.8,-0.56757844,715.3,14.1,0.4162246
-170.1,3834.7,-22,2.3,-0.65228247,715.2,14.1,0.41630621
-179.1,3836.4,-9,1.7,-0.68709924,715.2,14.1,0.41630621
-199.2,3838.6,-20.1,2.2,-0.76464912,715.1,14.1,0.41638782
-214,3840.6,-14.8,2,-0.8218884,715,14.1,0.41646944
-226.1,3842.4,-12.1,1.8,-0.86876664,715,14.1,0.41646944
-245.1,3844.6,-19,2.2,-0.94231146,714.9,14.1,0.41655105
-258,3846.3,-12.9,1.7,-0.9923454,714.8,14.1,0.41663266
-277.1,3848.5,-19.1,2.2,-1.0664194,714.8,14.1,0.41663266
-289,3850.2,-11.9,1.7,-1.1127078,714.7,14.1,0.41671427
-303.1,3852.1,-14.1,1.9,-1.1675715,714.6,14.1,0.41679589
-322.1,3854.2,-19,2.1,-1.2414378,714.5,14.1,0.4168775
-333.1,3855.9,-11,1.7,-1.2844003,714.4,14.1,0.41695911
-348.1,3857.7,-15,1.8,-1.3428654,714.3,14.1,0.41704072
-367,3859.8,-18.9,2.1,-1.4165466,714.2,14.1,0.41712234
-367,3860.8,0,1,-1.4169136,714.1,14.1,0.41720395
-369.1,3861.9,-2.1,1.1,-1.4254273,714,14.1,0.41728556
-364.1,3862.6,5,0.7,-1.4063727,713.9,14.1,0.41736718
-363.1,3863.5,1,0.9,-1.4028368,713.8,14.1,0.41744879
-368,3864.6,-4.9,1.1,-1.4221728,713.7,14.1,0.4175304
-368.1,3865.5,-0.1,0.9,-1.4228905,713.6,14.1,0.41761201
-364.3,3866.1,3.8,0.6,-1.4084202,713.5,14.1,0.41769363
-366.1,3867.1,-1.8,1,-1.4157453,713.4,14.1,0.41777524
-362.1,3867.7,4,0.6,-1.4004942,713.3,14.1,0.41785685
-373.1,3869.1,-11,1.4,-1.4435612,713.2,14.1,0.41793846
-366.1,3869.5,7,0.4,-1.4166239,713.1,14.1,0.41802008
-370.1,3870.5,-4,1,-1.432472,713,14.1,0.41810169
-363.1,3870.8,7,0.3,-1.4054875,712.9,14.1,0.4181833
-367.1,3871.8,-4,1,-1.4213378,712.8,14.1,0.41826491
-370.1,3872.6,-3,0.8,-1.4332493,712.7,14.1,0.41834653
-369.2,3873.3,0.9,0.7,-1.4300224,712.6,14.1,0.41842814
-365.1,3873.8,4.1,0.5,-1.4143244,712.5,14.1,0.41850975
-369,3874.7,-3.9,0.9,-1.4297643,712.4,14.1,0.41859137
-365.1,3875.1,3.9,0.4,-1.414799,712.3,14.1,0.41867298
-370.1,3876.1,-5,1,-1.4345446,712.2,14.1,0.41875459
-366.1,3876.5,4,0.4,-1.4191866,712.1,14.1,0.4188362
-374.1,3877.6,-8,1.1,-1.4506102,712,14.1,0.41891782
-365.1,3877.7,9,0.1,-1.4157483,711.9,14.1,0.41899943
-368.1,3878.5,-3,0.8,-1.4276758,711.8,14.1,0.41908104
-364.1,3878.8,4,0.3,-1.4122711,711.7,14.1,0.41916265
-367.1,3879.6,-3,0.8,-1.4242012,711.6,14.1,0.41924427
-363.1,3880,4,0.4,-1.408828,711.5,14.1,0.41932588
-363.1,3880.5,0,0.5,-1.4090095,711.4,14.1,0.41940749
-360.1,3880.9,3,0.4,-1.3975121,711.3,14.1,0.4194891
-371,3882.1,-10.9,1.2,-1.4402591,711.2,14.1,0.41957072
-364.1,3882.2,6.9,0.1,-1.413509,711.1,14.1,0.41965233
-364.1,3882.8,0,0.6,-1.4137275,711,14.1,0.41973394
-367.1,3883.4,-3,0.6,-1.4255961,710.9,14.1,0.41981556
-367,3884,0.1,0.6,-1.425428,710.8,14.1,0.41989717
-366.1,3884.4,0.9,0.4,-1.4220788,710.7,14.1,0.41997878
-368.1,3885,-2,0.6,-1.4300685,710.6,14.1,0.42006039
-371.1,3885.7,-3,0.7,-1.4419833,710.5,14.1,0.42014201
-368.1,3886,3,0.3,-1.4304366,710.4,14.1,0.42022362
-372.1,3886.7,-4,0.7,-1.4462411,710.3,14.1,0.42030523
-363.1,3886.7,9,0,-1.4112608,710.2,14.1,0.42038684
-368.1,3887.4,-5,0.7,-1.4309519,710.1,14.1,0.42046846
-364.1,3887.7,4,0.3,-1.4155116,710,14.1,0.42055007
-369.1,3888.4,-5,0.7,-1.4352084,709.8,14.1,0.42071329
-364.1,3888.6,5,0.2,-1.4158393,709.7,14.1,0.42079491
-368.1,3889.2,-4,0.6,-1.4316145,709.6,14.1,0.42087652
-369.1,3889.7,-1,0.5,-1.4356883,709.5,14.1,0.42095813
-367.1,3890,2,0.3,-1.428019,709.4,14.1,0.42103975
1853.9,3765.5,2221,-124.5,6.9808604,709.9,14.1,0.42063168
1851,3761.1,-2.9,-4.4,6.9617961,710.4,14.1,0.42022362
1853,3757.8,2,-3.3,6.9632034,710.9,14.1,0.41981556
1853,3754.9,0,-2.9,6.9578297,711.4,14.1,0.41940749
1855,3752.2,2,-2.7,6.960331,712,14.1,0.41891782
1855,3749.9,0,-2.3,6.9560645,712.5,14.1,0.41850975
1849.1,3748.1,-5.9,-1.8,6.9306117,713,14.1,0.41810169
1849,3746.1,-0.1,-2,6.9265389,713.5,14.1,0.41769363
1856,3743.8,7,-2.3,6.9484928,714,14.1,0.41728556
1859.1,3741.8,3.1,-2,6.9563804,714.5,14.1,0.4168775
1852.1,3740.4,-7,-1.4,6.9275948,715,14.1,0.41646944
1854,3738.6,1.9,-1.8,6.9313644,715.6,14.1,0.41597976
1612,3750.6,-242,12,6.0459672,716,14.1,0.41565331
1611,3749.6,-1,-1,6.0406056,716.5,14.1,0.41524525
1611,3748.5,0,-1.1,6.0388335,716.9,14.1,0.4149188
1611,3747.3,0,-1.2,6.0369003,717.3,14.1,0.41459234
1611,3746.1,0,-1.2,6.0349671,717.8,14.1,0.41418428
1607.1,3745.2,-3.9,-0.9,6.0189109,718.2,14.1,0.41385783
1608,3744.1,0.9,-1.1,6.0205128,718.7,14.1,0.41344977
1612,3742.8,4,-1.3,6.0333936,719.1,14.1,0.41312332
1608.1,3741.9,-3.9,-0.9,6.0173494,719.6,14.1,0.41271525
1610.1,3740.8,2,-1.1,6.0230621,720,14.1,0.4123888
1603,3740.1,-7.1,-0.7,5.9953803,720.5,14.1,0.41198074
1605.1,3739,2.1,-1.1,6.0014689,720.9,14.1,0.41165429
1612,3737.6,6.9,-1.4,6.0250112,721.4,14.1,0.41124623
1607.1,3736.9,-4.9,-0.7,6.005572,721.8,14.1,0.41091977
1609.9,3735.8,2.8,-1.1,6.0142644,722.3,14.1,0.41051171
1608.1,3734.9,-1.8,-0.9,6.0060927,722.7,14.1,0.41018526
1615,3733.6,6.9,-1.3,6.029764,723.2,14.1,0.4097772
1609,3733,-6,-0.6,6.006397,723.6,14.1,0.40945075
1607.1,3732.2,-1.9,-0.8,5.9980186,724.1,14.1,0.40904268
1614,3731,6.9,-1.2,6.021834,724.5,14.1,0.40871623
1612.1,3730.2,-1.9,-0.8,6.0134554,724.9,14.1,0.40838978
1607,3729.7,-5.1,-0.5,5.9936279,725.4,14.1,0.40798172
1611,3728.6,4,-1.1,6.0067746,725.8,14.1,0.40765527
1611.9,3727.7,0.9,-0.9,6.0086796,726.3,14.1,0.4072472
1607.1,3727.2,-4.8,-0.5,5.9899831,726.7,14.1,0.40692075
1609.1,3726.3,2,-0.9,5.9959893,727.2,14.1,0.40651269
1611.9,3725.3,2.8,-1,6.0048111,727.6,14.1,0.40618624
1602,3725.1,-9.9,-0.2,5.9676102,728.1,14.1,0.40577818
1607,3724.1,5,-1,5.9846287,728.5,14.1,0.40545173
1611,3723.1,4,-1,5.9979141,729,14.1,0.40504366
1610,3722.5,-1,-0.6,5.993225,729.4,14.1,0.40471721
1609.1,3721.8,-0.9,-0.7,5.9887484,729.9,14.1,0.40430915
1607.1,3721.2,-2,-0.6,5.9803405,730.3,14.1,0.4039827
1609,3720.4,1.9,-0.8,5.9861236,730.8,14.1,0.40357463
1583.1,3721.2,-25.9,0.8,5.8910317,731.2,14.1,0.40324818
1563.9,3721.7,-19.2,0.5,5.8203666,731.6,14.1,0.40292173
1540,3722.5,-23.9,0.8,5.73265,732.1,14.1,0.40251367
1515,3723.4,-25,0.9,5.640951,732.5,14.1,0.40218722
1517.1,3722.7,2.1,-0.7,5.6477082,732.9,14.1,0.40186077
1520,3722.1,2.9,-0.6,5.657592,733.3,14.1,0.40153432
1521,3721.5,1,-0.6,5.6604015,733.7,14.1,0.40120787
1515.1,3721.3,-5.9,-0.2,5.6381416,734.2,14.1,0.4007998
1518,3720.7,2.9,-0.6,5.6480226,734.6,14.1,0.40047335
1515,3720.4,-3,-0.3,5.636406,735,14.1,0.4001469
1514,3719.9,-1,-0.5,5.6319286,735.4,14.1,0.39982045
1517.1,3719.3,3.1,-0.6,5.64255,735.9,14.1,0.39941239
1521,3718.6,3.9,-0.7,5.6559906,736.3,14.1,0.39908594
1519.1,3718.2,-1.9,-0.4,5.6483176,736.7,14.1,0.39875949
1520,3717.8,0.9,-0.4,5.651056,737.1,14.1,0.39843304
1515.1,3717.6,-4.9,-0.2,5.6325358,737.5,14.1,0.39810659
1519,3716.9,3.9,-0.7,5.6459711,738,14.1,0.39769852
1519,3716.4,0,-0.5,5.6452116,738.4,14.1,0.39737207
1517,3716.1,-2,-0.3,5.6373237,738.8,14.1,0.39704562
1516,3715.7,-1,-0.4,5.6330012,739.2,14.1,0.39671917
1514.1,3715.4,-1.9,-0.3,5.6254871,739.7,14.1,0.39631111
1513.1,3715.1,-1,-0.3,5.6213178,740.1,14.1,0.39598466
1518,3714.4,4.9,-0.7,5.6384592,740.5,14.1,0.39565821
1515.1,3714.1,-2.9,-0.3,5.6272329,740.9,14.1,0.39533176
1515,3713.7,-0.1,-0.4,5.6262555,741.3,14.1,0.3950053
1515,3713.3,0,-0.4,5.6256495,741.8,14.1,0.39459724
1514,3713,-1,-0.3,5.621482,742.2,14.1,0.39427079
1518,3712.4,4,-0.6,5.6354232,742.6,14.1,0.39394434
1517,3712,-1,-0.4,5.631104,743,14.1,0.39361789
1513,3711.9,-4,-0.1,5.6161047,743.4,14.1,0.39329144
1517,3711.2,4,-0.7,5.6298904,743.9,14.1,0.39288338
1522,3710.6,5,-0.6,5.6475332,744.3,14.1,0.39255692
1514,3710.7,-8,0.1,5.6179998,744.7,14.1,0.39223047
955.1,3742.2,-558.9,31.5,3.5741752,745,14.1,0.39198564
385.1,3775.6,-570,33.4,1.4539836,745.1,14.1,0.39190402
392,3777.1,6.9,1.5,1.4806232,745.2,14.1,0.39182241
383.1,3779,-8.9,1.9,1.4477349,745.3,14.1,0.3917408
390,3779.9,6.9,0.9,1.474161,745.4,14.1,0.39165919
388.1,3781.1,-1.9,1.2,1.4674449,745.5,14.1,0.39157757
390.1,3782.1,2,1,1.4753972,745.6,14.1,0.39149596
390,3783,-0.1,0.9,1.47537,745.7,14.1,0.39141435
388.1,3783.9,-1.9,0.9,1.4685316,745.8,14.1,0.39133273
386,3784.8,-2.1,0.9,1.4609328,745.9,14.1,0.39125112
1873.9,3701,1487.9,-83.8,6.9353039,746.5,14.1,0.39076145
1874,3698.3,0.1,-2.7,6.9306142,747,14.1,0.39035338
1874,3696.4,0,-1.9,6.9270536,747.5,14.1,0.38994532
1870,3695,-4,-1.4,6.90965,748,14.1,0.38953726
1874,3693.3,4,-1.7,6.9212442,748.5,14.1,0.38912919
1871,3692.2,-3,-1.1,6.9081062,749.1,14.1,0.38863952
1879,3690.7,8,-1.5,6.9348253,749.6,14.1,0.38823145
1876.2,3689.8,-2.8,-0.9,6.9228028,750.1,14.1,0.38782339
1869.1,3689.2,-7.1,-0.6,6.8954837,750.6,14.1,0.38741533
1876,3687.8,6.9,-1.4,6.9183128,751.1,14.1,0.38700726
1873,3687.1,-3,-0.7,6.9059383,751.7,14.1,0.38651759
1874,3686.2,1,-0.9,6.9079388,752.2,14.1,0.38610952
1877,3685.2,3,-1,6.9171204,752.7,14.1,0.38570146
1873,3684.6,-4,-0.6,6.9012558,753.2,14.1,0.3852934
1872.1,3683.8,-0.9,-0.8,6.896442,753.8,14.1,0.38480372
1873,3683,0.9,-0.8,6.898259,754.3,14.1,0.38439566
1870,3682.4,-3,-0.6,6.886088,754.8,14.1,0.38398759
1874,3681.5,4,-0.9,6.899131,755.3,14.1,0.38357953
1877.1,3680.6,3.1,-0.9,6.9088543,755.8,14.1,0.38317147
1875,3679.9,-2.1,-0.7,6.8998125,756.4,14.1,0.38268179
1869,3679.6,-6,-0.3,6.8771724,756.9,14.1,0.38227373
1876,3678.6,7,-1,6.9010536,757.4,14.1,0.38186567
1877,3677.9,1,-0.7,6.9034183,757.9,14.1,0.3814576
1878,3677.1,1,-0.8,6.9055938,758.4,14.1,0.38104954
1246,3712.5,-632,35.4,4.625775,758.8,14.1,0.38072309
1249,3713.2,3,0.7,4.6377868,759.1,14.1,0.38047825
1247,3713.7,-2,0.5,4.6309839,759.5,14.1,0.3801518
1245,3714.2,-2,0.5,4.624179,759.8,14.1,0.37990696
1246,3714.4,1,0.2,4.6281424,760.2,14.1,0.37958051
1241.2,3714.9,-4.8,0.5,4.6109339,760.5,14.1,0.37933567
1249,3714.5,7.8,-0.4,4.6394105,760.9,14.1,0.37900922
1244.1,3714.9,-4.9,0.4,4.6217071,761.2,14.1,0.37876438
1245,3714.9,0.9,0,4.6250505,761.6,14.1,0.37843793
1252,3714.6,7,-0.3,4.6506792,761.9,14.1,0.3781931
1064,3725.4,-188,10.8,3.9638256,762.2,14.2,0.37794826
872.1,3736.8,-191.9,11.4,3.2588633,762.4,14.2,0.37778503
681.1,3748.5,-191,11.7,2.5531034,762.6,14.2,0.37762181
492.1,3760.3,-189,11.8,1.8504436,762.8,14.2,0.37745858
484,3762.1,-8.1,1.8,1.8208564,762.9,14.2,0.37737697
489,3762.9,5,0.8,1.8400581,763,14.2,0.37729536
485.9,3764.1,-3.1,1.2,1.8289762,763.2,14.2,0.37713213
485,3765.1,-0.9,1,1.8260735,763.3,14.2,0.37705052
486,3765.9,1,0.8,1.8302274,763.4,14.2,0.37696891
483.1,3766.8,-2.9,0.9,1.8197411,763.6,14.2,0.37680568
483.1,3767.6,0,0.8,1.8201276,763.7,14.2,0.37672407
488,3768.1,4.9,0.5,1.8388328,763.8,14.2,0.37664245
480,3769.2,-8,1.1,1.809216,764,14.2,0.37647923
489,3769.3,9,0.1,1.8431877,764.1,14.2,0.37639762
489,3770,0,0.7,1.84353,764.3,14.2,0.37623439
491.1,3770.5,2.1,0.5,1.8516926,764.4,14.2,0.37615278
490,3771.1,-1.1,0.6,1.847839,764.5,14.2,0.37607117
488,3771.8,-2,0.7,1.8406384,764.7,14.2,0.37590794
487,3772.4,-1,0.6,1.8371588,764.8,14.2,0.37582633
489,3772.8,2,0.4,1.8448992,764.9,14.2,0.37574472
491.1,3773.2,2.1,0.4,1.8530185,765.1,14.2,0.37558149
485,3774,-6.1,0.8,1.83039,765.2,14.2,0.37549988
489,3774.3,4,0.3,1.8456327,765.3,14.2,0.37541826
484.1,3775,-4.9,0.7,1.8274775,765.5,14.2,0.37525504
486,3775.3,1.9,0.3,1.8347958,765.6,14.2,0.37517343
485,3775.8,-1,0.5,1.831263,765.7,14.2,0.37509181
635,3767.8,150,-8,2.392553,765.9,14.2,0.37492859
783,3759.5,148,-8.3,2.9436885,766.1,14.2,0.37476536
929.9,3751,146.9,-8.5,3.4880549,766.4,14.2,0.37452053
1078.9,3742.1,149,-8.9,4.0373517,766.7,14.2,0.37427569
1226,3733.1,147.1,-9,4.5767806,767,14.2,0.37403085
1375,3723.8,149,-9.3,5.120225,767.4,14.2,0.3737044
1370,3723,-5,-0.8,5.10051,767.8,14.2,0.37337795
1373.1,3722,3.1,-1,5.1106782,768.2,14.2,0.3730515
1372,3721.3,-1.1,-0.7,5.1056236,768.6,14.2,0.37272505
1373.1,3720.5,1.1,-0.8,5.1086186,768.9,14.2,0.37248021
1368.9,3720,-4.2,-0.5,5.092308,769.3,14.2,0.37215376
1380,3718.7,11.1,-1.3,5.131806,769.7,14.2,0.37182731
1379,3718.2,-1,-0.5,5.1273978,770.1,14.2,0.37150086
1378,3717.7,-1,-0.5,5.1229906,770.5,14.2,0.37117441
1375,3717.3,-3,-0.4,5.1112875,770.9,14.2,0.37084796
1370.1,3717,-4.9,-0.3,5.0926617,771.2,14.2,0.37060312
1371.1,3716.5,1,-0.5,5.0956931,771.6,14.2,0.37027667
1371,3716,-0.1,-0.5,5.094636,772,14.2,0.36995022
1373,3715.4,2,-0.6,5.1012442,772.4,14.2,0.36962377
1366,3715.4,-7,0,5.0752364,772.8,14.2,0.36929731
1375,3714.4,9,-1,5.1073,773.1,14.2,0.36905248
1379.1,3713.7,4.1,-0.7,5.1215637,773.5,14.2,0.36872603
1535.9,3704.3,156.8,-9.4,5.6894344,774,14.2,0.36831796
1679.9,3695.4,144,-8.9,6.2079025,774.4,14.2,0.36799151
1684.1,3694.2,4.2,-1.2,6.2214022,774.9,14.2,0.36758345
1691,3692.9,6.9,-1.3,6.2446939,775.4,14.2,0.36717539
1687.1,3692.3,-3.9,-0.6,6.2292793,775.8,14.2,0.36684893
1687,3691.5,-0.1,-0.8,6.2275605,776.3,14.2,0.36644087
1689,3690.6,2,-0.9,6.2334234,776.8,14.2,0.36603281
1688.1,3690,-0.9,-0.6,6.229089,777.2,14.2,0.36570636
1683.1,3689.6,-5,-0.4,6.2099658,777.7,14.2,0.36529829
1683,3688.9,-0.1,-0.7,6.2084187,778.2,14.2,0.36489023
1686.9,3688,3.9,-0.9,6.2212872,778.6,14.2,0.36456378
1690,3687.3,3.1,-0.7,6.231537,779.1,14.2,0.36415572
1679,3687.2,-11,-0.1,6.1908088,779.6,14.2,0.36374765
1688.1,3686.2,9.1,-1,6.2226742,780,14.2,0.3634212
1688,3685.6,-0.1,-0.6,6.2212928,780.5,14.2,0.36301314
1685,3685.2,-3,-0.4,6.209562,781,14.2,0.36260508
1688,3684.4,3,-0.8,6.2192672,781.4,14.2,0.36227863
1683,3684.1,-5,-0.3,6.2003403,781.9,14.2,0.36187056
1686.1,3683.4,3.1,-0.7,6.2105807,782.4,14.2,0.3614625
1685,3683,-1.1,-0.4,6.205855,782.8,14.2,0.36113605
1692,3682,7,-1,6.229944,783.3,14.2,0.36072798
1687.1,3681.8,-4.9,-0.2,6.2115648,783.8,14.2,0.36031992
1684,3681.4,-3.1,-0.4,6.1994776,784.2,14.2,0.35999347
1681,3681.1,-3,-0.3,6.1879291,784.7,14.2,0.35958541
1687.1,3680.3,6.1,-0.8,6.2090341,785.2,14.2,0.35917734
1683,3680,-4.1,-0.3,6.19344,785.6,14.2,0.35885089
1679,3679.7,-4,-0.3,6.1782163,786.1,14.2,0.35844283
1686,3678.9,7,-0.8,6.2026254,786.6,14.2,0.35803477
1690,3678.1,4,-0.8,6.215989,787,14.2,0.35770832
1390.1,3694.8,-299.9,16.7,5.1361415,787.4,14.2,0.35738187
1088,3712.3,-302.1,17.5,4.0389824,787.7,14.2,0.35713703
793,3729.9,-295,17.6,2.9578107,788,14.2,0.35689219
493.1,3748.2,-299.9,18.3,1.8482374,788.1,14.2,0.35681058
193.1,3766.9,-300,18.7,0.72738839,788.1,14.2,0.35681058
-108.1,3786.1,-301.2,19.2,-0.40927741,788.2,14.2,0.35672896
-406.1,3805.4,-298,19.3,-1.5453729,788.1,14.2,0.35681058
-700,3824.7,-293.9,19.3,-2.67729,787.9,14.2,0.3569738
-701.1,3827.8,-1.1,3.1,-2.6836706,787.7,14.2,0.35713703
-700,3830.4,1.1,2.6,-2.68128,787.5,14.2,0.35730025
-704,3833,-4,2.6,-2.698432,787.3,14.2,0.35746348
-701.1,3835.1,2.9,2.1,-2.6887886,787.1,14.2,0.3576267
-707.1,3837.6,-6,2.5,-2.713567,786.9,14.2,0.35778993
-702,3839.3,5.1,1.7,-2.6951886,786.7,14.2,0.35795315
-701.1,3841.1,0.9,1.8,-2.6929952,786.5,14.2,0.35811638
-704.1,3843.1,-3,2,-2.7059267,786.3,14.2,0.3582796
-699.1,3844.6,5,1.5,-2.6877599,786.1,14.2,0.35844283
-707.1,3846.8,-8,2.2,-2.7200723,785.9,14.2,0.35860606
-705.1,3848.3,2,1.5,-2.7134363,785.7,14.2,0.35876928
-707.1,3850,-2,1.7,-2.722335,785.5,14.2,0.35893251
-708.1,3851.6,-1,1.6,-2.727318,785.3,14.2,0.35909573
-700.1,3852.7,8,1.1,-2.6972753,785.1,14.2,0.35925896
-705,3854.4,-4.9,1.7,-2.717352,784.9,14.2,0.35942218
-705,3855.8,0,1.4,-2.718339,784.7,14.2,0.35958541
-701.1,3857,3.9,1.2,-2.7041427,784.5,14.2,0.35974863
-704.1,3858.5,-3,1.5,-2.7167698,784.3,14.2,0.35991186
-704.1,3859.8,0,1.3,-2.7176852,784.1,14.2,0.36007508
-700.1,3860.9,4,1.1,-2.7030161,784,14.2,0.3601567
-702,3862.3,-1.9,1.4,-2.7113346,783.8,14.2,0.36031992
-705,3863.7,-3,1.4,-2.7239085,783.6,14.2,0.36048315
-705,3864.9,0,1.2,-2.7247545,783.4,14.2,0.36064637
-701,3865.9,4,1,-2.7099959,783.2,14.2,0.3608096
-703.1,3867.2,-2.1,1.3,-2.7190283,783,14.2,0.36097282
1631,3737.8,2334.1,-129.4,6.0963518,783.4,14.2,0.36064637
1632,3733.6,1,-4.2,6.0932352,783.8,14.2,0.36031992
1634.1,3730.5,2.1,-3.1,6.0960101,784.3,14.2,0.35991186
1633,3728.1,-1.1,-2.4,6.0879873,784.7,14.2,0.35958541
1506,3733.1,-127,5,5.6220486,785.2,14.2,0.35917734
1373.1,3738.9,-132.9,5.8,5.1338836,785.5,14.2,0.35893251
1248,3744.7,-125.1,5.8,4.6733856,785.9,14.2,0.35860606
1118.2,3751,-129.8,6.3,4.1943682,786.2,14.2,0.35836122
994,3757.4,-124.2,6.4,3.7348556,786.5,14.2,0.35811638
860,3764.5,-134,7.1,3.23747,786.7,14.2,0.35795315
745,3770.8,-115,6.3,2.809246,786.9,14.2,0.35778993
619.1,3777.9,-125.9,7.1,2.3388979,787.1,14.2,0.3576267
611.1,3778.5,-8,0.6,2.3090414,787.3,14.2,0.35746348
609,3778.7,-2.1,0.2,2.3012283,787.4,14.2,0.35738187
605,3779.1,-4,0.4,2.2863555,787.6,14.2,0.35721864
614,3778.6,9,-0.5,2.3200604,787.8,14.2,0.35705542
613.1,3778.6,-0.9,0,2.3166597,787.9,14.2,0.3569738
615,3778.5,1.9,-0.1,2.3237775,788.1,14.2,0.35681058
611.1,3778.8,-3.9,0.3,2.3092247,788.3,14.2,0.35664735
614,3778.6,2.9,-0.2,2.3200604,788.5,14.2,0.35648413
610,3778.7,-4,0.1,2.305007,788.6,14.2,0.35640251
610.1,3778.7,0.1,0,2.3053849,788.8,14.2,0.35623929
609.1,3778.7,-1,0,2.3016062,789,14.2,0.35607606
612,3778.6,2.9,-0.1,2.3125032,789.1,14.2,0.35599445
617.1,3778.2,5.1,-0.4,2.3315272,789.3,14.2,0.35583123
613.1,3778.4,-4,0.2,2.316537,789.5,14.2,0.355668
611,3778.5,-2.1,0.1,2.3086635,789.6,14.2,0.35558639
610.1,3778.5,-0.9,0,2.3052629,789.8,14.2,0.35542316
616,3778.1,5.9,-0.4,2.3273096,790,14.2,0.35525994
610.1,3778.4,-5.9,0.3,2.3052018,790.2,14.2,0.35509671
615.9,3778,5.8,-0.4,2.3268702,790.3,14.2,0.3550151
607,3778.5,-8.9,0.5,2.2935495,790.5,14.2,0.35485187
612.1,3778.2,5.1,-0.3,2.3126362,790.7,14.2,0.35468865
611,3778.2,-1.1,0,2.3084802,790.8,14.2,0.35460704
616.1,3777.9,5.1,-0.3,2.3275642,791,14.2,0.35444381
610.1,3778.2,-6,0.3,2.3050798,791.2,14.2,0.35428058
1179,3746,568.9,-32.2,4.416534,791.5,14.2,0.35403575
1743,3712.9,564,-33.1,6.4715847,792,14.2,0.35362768
1738.1,3710.9,-4.9,-2,6.4499153,792.5,14.2,0.35321962
1740.1,3708.9,2,-2,6.4538569,793,14.2,0.35281156
1740.1,3707.2,0,-1.7,6.4508987,793.4,14.2,0.35248511
1740.1,3705.6,0,-1.6,6.4481146,793.9,14.2,0.35207704
1739,3704.3,-1.1,-1.3,6.4417777,794.4,14.2,0.35166898
1741,3702.8,2,-1.5,6.4465748,794.9,14.2,0.35126092
1738,3701.6,-3,-1.2,6.4333808,795.4,14.2,0.35085285
1735.1,3700.5,-2.9,-1.1,6.4207376,795.8,14.2,0.3505264
1743,3698.9,7.9,-1.6,6.4471827,796.3,14.2,0.35011834
1741.1,3697.8,-1.9,-1.1,6.4382396,796.8,14.2,0.34971028
1738,3696.8,-3.1,-1,6.4250384,797.3,14.2,0.34930221
1739,3695.7,1,-1.1,6.4268223,797.8,14.2,0.34889415
1740.1,3694.5,1.1,-1.2,6.4287995,798.3,14.2,0.34848609
1732,3693.9,-8.1,-0.6,6.3978348,798.7,14.2,0.34815963
1744.1,3692.2,12.1,-1.7,6.439566,799.2,14.2,0.34775157
1739.1,3691.5,-5,-0.7,6.4198877,799.7,14.2,0.34734351
1738,3690.6,-1.1,-0.9,6.4142628,800.2,14.2,0.34693544
1745.1,3689.3,7.1,-1.3,6.4381974,800.7,14.2,0.34652738
1741,3688.5,-4.1,-0.8,6.4216785,801.2,14.2,0.34611932
1737,3687.8,-4,-0.7,6.4057086,801.6,14.2,0.34579287
1742,3686.7,5,-1.1,6.4222314,802.1,14.2,0.3453848
1734.9,3686.2,-7.1,-0.5,6.3951884,802.6,14.2,0.34497674
1744,3684.9,9.1,-1.3,6.4264656,803.1,14.2,0.34456868
1740.1,3684.3,-3.9,-0.6,6.4110504,803.6,14.2,0.34416061
1739,3683.5,-1.1,-0.8,6.4056065,804.1,14.2,0.34375255
1740,3682.7,1,-0.8,6.407898,804.5,14.2,0.3434261
1744.1,3681.7,4.1,-1,6.421253,805,14.2,0.34301804
1740,3681.1,-4.1,-0.6,6.405114,805.5,14.2,0.34260997
1736.1,3680.6,-3.9,-0.5,6.3898897,806,14.2,0.34220191
1739.1,3679.7,3,-0.9,6.3993663,806.5,14.2,0.34179385
1721,3680,-18.1,0.3,6.33328,807,14.2,0.34138578
1708.1,3680.1,-12.9,0.1,6.2859788,807.4,14.2,0.34105933
1690.1,3680.5,-18,0.4,6.220413,807.9,14.2,0.34065127
1671.1,3680.9,-19,0.4,6.151152,808.4,14.2,0.34024321
1658,3681.1,-13.1,0.2,6.1032638,808.8,14.2,0.33991676
1643,3681.5,-15,0.4,6.0487045,809.3,14.2,0.33950869
1620,3682.2,-23,0.7,5.965164,809.7,14.2,0.33918224
1611.1,3682.3,-8.9,0.1,5.9325535,810.2,14.2,0.33877418
1589.1,3683.1,-22,0.8,5.8528142,810.6,14.2,0.33844773
1574.1,3683.6,-15,0.5,5.7983548,811.1,14.2,0.33803966
1557.1,3684.1,-17,0.5,5.7365121,811.5,14.2,0.33771321
1546.1,3684.4,-11,0.3,5.6964508,811.9,14.2,0.33738676
1531,3684.9,-15.1,0.5,5.6415819,812.3,14.2,0.33706031
1510,3685.8,-21,0.9,5.565558,812.8,14.2,0.33665225
1507,3685.6,-3,-0.2,5.5541992,813.2,14.2,0.3363258
1511,3685.1,4,-0.5,5.5681861,813.6,14.2,0.33599935
1512.2,3684.7,1.2,-0.4,5.5720033,814,14.2,0.3356729
1514.1,3684.2,1.9,-0.5,5.5782472,814.4,14.2,0.33534645
1507.1,3684.3,-7,0.1,5.5526085,814.9,14.2,0.33493838
1512.1,3683.7,5,-0.6,5.5701228,815.3,14.2,0.33461193
1514.1,3683.2,2,-0.5,5.5767331,815.7,14.2,0.33428548
1510,3683.1,-4.1,-0.1,5.561481,816.1,14.2,0.33395903
1508,3682.9,-2,-0.2,5.5538132,816.5,14.2,0.33363258
1513,3682.3,5,-0.6,5.5713199,817,14.2,0.33322452
1511,3682.1,-2,-0.2,5.5636531,817.4,14.2,0.33289807
1509,3681.9,-2,-0.2,5.5559871,817.8,14.2,0.33257162
1511.1,3681.5,2.1,-0.4,5.5631147,818.2,14.2,0.33224516
1511.1,3681.1,0,-0.4,5.5625102,818.6,14.2,0.33191871
1503,3681.2,-8.1,0.1,5.5328436,819.1,14.2,0.33151065
1507,3680.7,4,-0.5,5.5468149,819.5,14.2,0.3311842
1511,3680.1,4,-0.6,5.5606311,819.9,14.2,0.33085775
1513,3679.7,2,-0.4,5.5673861,820.3,14.2,0.3305313
1434.1,3683.9,-78.9,4.2,5.283081,820.7,14.2,0.33020485
1356.1,3688.2,-78,4.3,5.001568,821.1,14.2,0.3298784
1283,3692.4,-73.1,4.2,4.7373492,821.4,14.2,0.32963356
1211.1,3696.6,-71.9,4.2,4.4769523,821.8,14.2,0.32930711
1134,3701.2,-77.1,4.6,4.1971608,822.1,14.2,0.32906227
1053,3706.1,-81,4.9,3.9025233,822.4,14.2,0.32881743
983,3710.5,-70,4.4,3.6474215,822.7,14.2,0.32857259
903,3715.6,-80,5.1,3.3551868,822.9,14.2,0.32840937
904,3716.1,1,0.5,3.3593544,823.2,14.2,0.32816453
907,3716.4,3,0.3,3.3707748,823.4,14.2,0.32800131
908,3716.8,1,0.4,3.3748544,823.7,14.2,0.32775647
902,3717.5,-6,0.7,3.353185,823.9,14.2,0.32759324
899.2,3718,-2.8,0.5,3.3432256,824.2,14.2,0.3273484
902,3718.2,2.8,0.2,3.3538164,824.4,14.2,0.32718518
904,3718.4,2,0.2,3.3614336,824.7,14.2,0.32694034
903,3718.7,-1,0.3,3.3579861,824.9,14.2,0.32677712
899.1,3719.2,-3.9,0.5,3.3439327,825.2,14.2,0.32653228
904,3719.1,4.9,-0.1,3.3620664,825.4,14.2,0.32636905
900,3719.6,-4,0.5,3.34764,825.7,14.2,0.32612421
900.1,3719.9,0.1,0.3,3.348282,825.9,14.2,0.32596099
931,3718.3,30.9,-1.6,3.4617373,826.2,14.2,0.32571615
962,3716.7,31,-1.6,3.5754654,826.4,14.2,0.32555293
989.1,3715.3,27.1,-1.4,3.6748032,826.7,14.2,0.32530809
988,3715.3,-1.1,0,3.6707164,827,14.2,0.32506325
992,3715.1,4,-0.2,3.6853792,827.3,14.2,0.32481841
992.9,3715.1,0.9,0,3.6887228,827.6,14.2,0.32457357
995.1,3715,2.2,-0.1,3.6967965,827.8,14.3,0.32441035
991,3715.3,-4.1,0.3,3.6818623,828.1,14.3,0.32416551
996,3715,5,-0.3,3.70014,828.4,14.3,0.32392067
987,3715.6,-9,0.6,3.6672972,828.7,14.3,0.32367583
989,3715.5,2,-0.1,3.6746295,828.9,14.3,0.32351261
957.1,3717.4,-31.9,1.9,3.5579235,829.2,14.3,0.32326777
917,3719.8,-40.1,2.4,3.4110566,829.5,14.3,0.32302293
880.2,3722,-36.8,2.2,3.2761044,829.7,14.3,0.32285971
838,3724.7,-42.2,2.7,3.1212986,829.9,14.3,0.32269648
800,3727.1,-38,2.4,2.98168,830.2,14.3,0.32245164
767.1,3729.4,-32.9,2.3,2.8608227,830.4,14.3,0.32228842
727,3732,-40.1,2.6,2.713164,830.6,14.3,0.32212519
690.1,3734.5,-36.9,2.5,2.5771785,830.8,14.3,0.32196197
654,3737,-36.1,2.5,2.443998,831,14.3,0.32179874
609.1,3740,-44.9,3,2.278034,831.1,14.3,0.32171713
614.1,3740.3,5,0.3,2.2969182,831.3,14.3,0.32155391
617.9,3740.6,3.8,0.3,2.3113167,831.5,14.3,0.32139068
617.1,3741.1,-0.8,0.5,2.3086328,831.6,14.3,0.32130907
611.1,3741.8,-6,0.7,2.286614,831.8,14.3,0.32114584
614.1,3742.1,3,0.3,2.2980236,832,14.3,0.32098262
614,3742.4,-0.1,0.3,2.2978336,832.2,14.3,0.32081939
611,3743,-3,0.6,2.286973,832.3,14.3,0.32073778
613,3743.2,2,0.2,2.2945816,832.5,14.3,0.32057455
612.1,3743.6,-0.9,0.4,2.2914576,832.7,14.3,0.32041133
580,3745.8,-32.1,2.2,2.172564,832.8,14.3,0.32032972
539.1,3748.5,-40.9,2.7,2.0208164,833,14.3,0.32016649
506.1,3750.8,-33,2.3,1.8982799,833.1,14.3,0.32008488
469.1,3753.4,-37,2.6,1.7607199,833.2,14.3,0.32000326
434.1,3755.9,-35,2.5,1.6304362,833.4,14.3,0.31984004
402,3758.3,-32.1,2.4,1.5108366,833.5,14.3,0.31975843
366,3760.9,-36,2.6,1.3764894,833.6,14.2,0.31967681
328.1,3763.7,-37.9,2.8,1.23487,833.7,14.2,0.3195952
291,3766.5,-37.1,2.8,1.0960515,833.7,14.2,0.3195952
253.1,3769.4,-37.9,2.9,0.95403514,833.8,14.2,0.31951359
219.1,3772,-34,2.6,0.8264452,833.9,14.2,0.31943198
178.1,3775.1,-41,3.1,0.67234531,833.9,14.2,0.31943198
142.1,3778,-36,2.9,0.5368538,834,14.2,0.31935036
147.1,3778.5,5,0.5,0.55581735,834,14.2,0.31935036
147.1,3779.2,0,0.7,0.55592032,834.1,14.2,0.31926875
145,3780,-2.1,0.8,0.5481,834.1,14.2,0.31926875
147.1,3780.6,2.1,0.6,0.55612626,834.1,14.2,0.31926875
148.1,3781.3,1,0.7,0.56001053,834.2,14.2,0.31918714
154.1,3781.5,6,0.2,0.58272915,834.2,14.2,0.31918714
149.1,3782.4,-5,0.9,0.56395584,834.3,14.2,0.31910553
153,3782.8,3.9,0.4,0.5787684,834.3,14.2,0.31910553
145.1,3783.9,-7.9,1.1,0.54904389,834.3,14.2,0.31910553
386,3770.9,240.9,-13,1.4555674,834.4,14.2,0.31902391
629,3757.2,243,-13.7,2.3632788,834.6,14.2,0.31886069
867,3743.3,238,-13.9,3.2454411,834.9,14.2,0.31861585
1107,3728.9,240,-14.4,4.1278923,835.2,14.2,0.31837101
1346,3714.2,239,-14.7,4.9993132,835.5,14.2,0.31812617
1353,3712.3,7,-1.9,5.0227419,835.9,14.2,0.31779972
1352.1,3711.1,-0.9,-1.2,5.0177783,836.3,14.2,0.31747327
1354.1,3709.8,2,-1.3,5.0234402,836.7,14.2,0.31714682
1349,3709,-5.1,-0.8,5.003441,837,14.2,0.31690198
1349.1,3708.1,0.1,-0.9,5.0025977,837.4,14.2,0.31657553
1349.1,3707.3,0,-0.8,5.0015184,837.8,14.2,0.31624908
1352,3706.2,2.9,-1.1,5.0107824,838.2,14.2,0.31592263
1349.1,3705.6,-2.9,-0.6,4.999225,838.5,14.2,0.31567779
1353,3704.5,3.9,-1.1,5.0121885,838.9,14.2,0.31535134
1351,3703.9,-2,-0.6,5.0039689,839.3,14.2,0.31502489
1355.1,3703,4.1,-0.9,5.0179353,839.7,14.2,0.31469844
1348,3702.7,-7.1,-0.3,4.9912396,840,14.2,0.3144536
1353,3701.8,5,-0.9,5.0085354,840.4,14.2,0.31412715
1351,3701.2,-2,-0.6,5.0003212,840.8,14.2,0.3138007
1352,3700.5,1,-0.7,5.003076,841.2,14.2,0.31347425
1349.1,3700.1,-2.9,-0.4,4.9918049,841.5,14.2,0.31322941
1350,3699.4,0.9,-0.7,4.99419,841.9,14.2,0.31290296
1356,3698.5,6,-0.9,5.015166,842.3,14.2,0.31257651
1351,3698.3,-5,-0.2,4.9964033,842.7,14.2,0.31225006
1346.1,3698,-4.9,-0.3,4.9778778,843,14.2,0.31200522
1351,3697.2,4.9,-0.8,4.9949172,843.4,14.2,0.31167877
1353.9,3696.5,2.9,-0.7,5.0046913,843.8,14.2,0.31135232
1352,3696.1,-1.9,-0.4,4.9971272,844.2,14.2,0.31102587
1348,3695.8,-4,-0.3,4.9819384,844.5,14.2,0.31078103
1354,3695,6,-0.8,5.00303,844.9,14.2,0.31045458
1352,3694.6,-2,-0.4,4.9950992,845.3,14.2,0.31012813
1391,3691.9,39,-2.7,5.1354329,845.7,14.2,0.30980168
1433,3689,42,-2.9,5.286337,846.1,14.2,0.30947523
1472,3686.2,39,-2.8,5.4260864,846.5,14.2,0.30914878
1518,3682.9,46,-3.3,5.5906422,846.9,14.2,0.30882233
1557,3680,39,-2.9,5.72976,847.3,14.2,0.30849588
1599.1,3676.8,42.1,-3.2,5.8795709,847.8,14.2,0.30808782
1638,3673.8,38.9,-3,6.0176844,848.2,14.2,0.30776136
1678,3670.7,40,-3.1,6.1594346,848.7,14.2,0.3073533
1722,3667.3,44,-3.4,6.3150906,849.2,14.2,0.30694524
1753,3664.6,31,-2.7,6.4240438,849.7,14.2,0.30653717
1801.1,3660.9,48.1,-3.7,6.593647,850.2,14.2,0.30612911
1843,3657.6,41.9,-3.3,6.7409568,850.7,14.2,0.30572105
1886,3654.1,43,-3.5,6.8916326,851.2,14.2,0.30531298
1886,3653.1,0,-1,6.8897466,851.7,14.2,0.30490492
1886,3652.1,0,-1,6.8878606,852.3,14.2,0.30441525
1883,3651.3,-3,-0.8,6.8753979,852.8,14.2,0.30400718
1883,3650.3,0,-1,6.8735149,853.3,14.2,0.30359912
1883,3649.5,0,-0.8,6.8720085,853.8,14.2,0.30319106
1871,3649.3,-12,-0.2,6.8278403,854.3,14.2,0.30278299
1885.1,3647.7,14.1,-1.6,6.8762793,854.9,14.2,0.30229332
1886.1,3646.7,1,-1,6.8780409,855.4,14.2,0.30188525
1885.1,3646,-1,-0.7,6.8730746,855.9,14.2,0.30147719
1884,3645.2,-1.1,-0.8,6.8675568,856.4,14.2,0.30106913
1879,3644.7,-5,-0.5,6.8483913,857,14.2,0.30057945
1884,3643.7,5,-1,6.8647308,857.5,14.2,0.30017139
1886,3642.8,2,-0.9,6.8703208,858,14.2,0.29976332
1880.2,3642.4,-5.8,-0.4,6.8484405,858.5,14.2,0.29935526
1882.1,3641.5,1.9,-0.9,6.8536672,859.1,14.2,0.29886558
1883,3640.7,0.9,-0.8,6.8554381,859.6,14.2,0.29845752
1878.1,3640.3,-4.9,-0.4,6.8368474,860.1,14.2,0.29804946
1886,3639.2,7.9,-1.1,6.8635312,860.6,14.2,0.29764139
1886,3638.4,0,-0.8,6.8620224,861.1,14.2,0.29723333
1847.9,3639.9,-38.1,1.5,6.7261712,861.7,14.2,0.29674365
1809.1,3641.6,-38.8,1.7,6.5880186,862.2,14.2,0.29633559
1780,3642.7,-29.1,1.1,6.484006,862.7,14.3,0.29592753
1749.1,3644,-30.9,1.3,6.3737204,863.1,14.3,0.29560108
1707,3646,-42.1,2,6.223722,863.6,14.3,0.29519301
1672.1,3647.7,-34.9,1.7,6.0993192,864.1,14.3,0.29478495
1632,3649.7,-40.1,2,5.9563104,864.5,14.3,0.2944585
1601.1,3651.2,-30.9,1.5,5.8459363,865,14.3,0.29405044
1570,3652.8,-31.1,1.6,5.734896,865.4,14.3,0.29372399
1532,3654.8,-38,2,5.5991536,865.8,14.3,0.29339754
1498,3656.6,-34,1.8,5.4775868,866.3,14.3,0.29298947
1495.1,3656.7,-2.9,0.1,5.4671322,866.7,14.3,0.29266302
1496,3656.5,0.9,-0.2,5.470124,867.1,14.3,0.29233657
1500,3656.2,4,-0.3,5.4843,867.5,14.3,0.29201012
1501,3656,1,-0.2,5.487656,867.9,14.3,0.29168367
1497,3656,-4,0,5.473032,868.3,14.3,0.29135722
1496.1,3655.9,-0.9,-0.1,5.469592,868.7,14.3,0.29103077
1499,3655.5,2.9,-0.4,5.4795945,869.2,14.3,0.2906227
1503,3655.1,4,-0.4,5.4936153,869.6,14.3,0.29029625
1492.1,3655.5,-10.9,0.4,5.4543716,870,14.3,0.2899698
1498,3655,5.9,-0.5,5.47519,870.4,14.3,0.28964335
1505,3654.4,7,-0.6,5.499872,870.8,14.3,0.2893169
1495.1,3654.7,-9.9,0.3,5.464142,871.2,14.3,0.28899045
1500,3654.2,4.9,-0.5,5.4813,871.7,14.3,0.28858239
1494.1,3654.4,-5.9,0.2,5.460039,872.1,14.3,0.28825594
1502,3653.7,7.9,-0.7,5.4878574,872.5,14.3,0.28792949
1500,3653.6,-2,-0.1,5.4804,872.9,14.3,0.28760304
1498.9,3653.4,-1.1,-0.2,5.4760813,873.3,14.3,0.28727659
1496,3653.4,-2.9,0,5.4654864,873.7,14.3,0.28695013
1493.1,3653.3,-2.9,-0.1,5.4547422,874.2,14.3,0.28654207
1499,3652.8,5.9,-0.5,5.4755472,874.6,14.3,0.28621562
1499,3652.6,0,-0.2,5.4752474,875,14.3,0.28588917
1496.1,3652.5,-2.9,-0.1,5.4645052,875.4,14.3,0.28556272
1500,3652,3.9,-0.5,5.478,875.8,14.3,0.28523627
1399.1,3657.6,-100.9,5.6,5.1173482,876.2,14.3,0.28490982
1309,3662.8,-90.1,5.2,4.7946052,876.6,14.3,0.28458337
1205,3669,-104,6.2,4.421145,876.9,14.3,0.28433853
1111.1,3674.7,-93.9,5.7,4.0829592,877.2,14.3,0.28409369
1018,3680.5,-93.1,5.8,3.746749,877.5,14.3,0.28384885
926.1,3686.3,-91.9,5.8,3.4138824,877.8,14.3,0.28360402
829,3692.6,-97.1,6.3,3.0611654,878,14.3,0.28344079
734.1,3698.9,-94.9,6.3,2.7153625,878.2,14.3,0.28327756
640.1,3705.2,-94,6.3,2.3716985,878.4,14.3,0.28311434
541,3711.9,-99.1,6.7,2.0081379,878.5,14.3,0.28303273
444,3718.6,-97,6.7,1.6510584,878.6,14.3,0.28295111
440,3720,-4,1.4,1.6368,878.8,14.3,0.28278789
426,3721.9,-14,1.9,1.5855294,878.9,14.3,0.28270628
408.1,3724,-17.9,2.1,1.5197644,879,14.3,0.28262466
388,3726.1,-20.1,2.1,1.4457268,879.1,14.3,0.28254305
364.1,3728.5,-23.9,2.4,1.3575468,879.2,14.3,0.28246144
351.1,3730.3,-13,1.8,1.3097083,879.3,14.3,0.28237983
328,3732.5,-23.1,2.2,1.22426,879.4,14.3,0.28229821
308.1,3734.6,-19.9,2.1,1.1506303,879.5,14.3,0.2822166
290.1,3736.6,-18,2,1.0839877,879.6,14.3,0.28213499
277,3738.3,-13.1,1.7,1.0355091,879.6,14.3,0.28213499
259,3740.3,-18,2,0.9687377,879.7,14.3,0.28205337
238.1,3742.4,-20.9,2.1,0.89106544,879.8,14.3,0.28197176
234,3743.5,-4.1,1.1,0.875979,879.8,14.3,0.28197176
232,3744.6,-2,1.1,0.8687472,879.9,14.3,0.28189015
233,3745.3,1,0.7,0.8726549,880,14.3,0.28180854
238.1,3745.9,5.1,0.6,0.89189879,880,14.3,0.28180854
238,3746.7,-0.1,0.8,0.8917146,880.1,14.3,0.28172692
235.1,3747.5,-2.9,0.8,0.88103725,880.2,14.3,0.28164531
237.1,3748.2,2,0.7,0.88869822,880.2,14.3,0.28164531
238,3748.9,0.9,0.7,0.8922382,880.3,14.3,0.2815637
235.1,3749.7,-2.9,0.8,0.88155447,880.4,14.3,0.28148209
237,3750.3,1.9,0.6,0.8888211,880.4,14.3,0.28148209
234.1,3751.2,-2.9,0.9,0.87815592,880.5,14.3,0.28140047
238.1,3751.6,4,0.4,0.89325596,880.6,14.3,0.28131886
234,3752.4,-4.1,0.8,0.8780616,880.6,14.3,0.28131886
235.1,3753,1.1,0.6,0.8823303,880.7,14.3,0.28123725
234.1,3753.6,-1,0.6,0.87871776,880.8,14.3,0.28115564
238,3754,3.9,0.4,0.893452,880.9,14.3,0.28107402
240.1,3754.4,2.1,0.4,0.90143144,880.9,14.3,0.28107402
235,3755.3,-5.1,0.9,0.8824955,881,14.3,0.28099241
231.1,3756.1,-3.9,0.8,0.86803471,881.1,14.3,0.2809108
142.1,3761.6,-89,5.5,0.53452336,881.1,14.3,0.2809108
61,3766.9,-81.1,5.3,0.2297809,881.1,14.3,0.2809108
-29,3772.9,-90,6,-0.1094141,881.1,14.3,0.2809108
-114.2,3778.7,-85.2,5.8,-0.43152754,881.1,14.3,0.2809108
-199.1,3784.6,-84.9,5.9,-0.75351386,881,14.3,0.28099241
-286,3790.7,-86.9,6.1,-1.0841402,880.9,14.3,0.28107402
-374.1,3796.9,-88.1,6.2,-1.4204203,880.8,14.3,0.28115564
-464.1,3803.4,-90,6.5,-1.7651579,880.7,14.3,0.28123725
-555,3809.9,-90.9,6.5,-2.1144945,880.6,14.3,0.28131886
-636.1,3816,-81.1,6.1,-2.4273576,880.4,14.3,0.28148209
-636.1,3817.6,0,1.6,-2.4283754,880.2,14.3,0.28164531
-635,3819,1.1,1.4,-2.425065,880,14.3,0.28180854
-636.1,3820.5,-1.1,1.5,-2.43022,879.9,14.3,0.28189015
-634.1,3821.8,2,1.3,-2.4234034,879.7,14.3,0.28205337
-635.1,3823.1,-1,1.3,-2.4280508,879.5,14.3,0.2822166
-368.2,3809.4,266.9,-13.7,-1.4026211,879.4,14.3,0.28229821
-98,3794.9,270.2,-14.5,-0.3719002,879.4,14.3,0.28229821
166,3780.1,264,-14.8,0.6274966,879.4,14.3,0.28229821
437,3764.6,271,-15.5,1.6451302,879.5,14.3,0.2822166
706,3748.8,269,-15.8,2.6466528,879.7,14.3,0.28205337
976.1,3732.5,270.1,-16.3,3.6432932,880,14.3,0.28180854
1246.9,3715.8,270.8,-16.7,4.633231,880.3,14.3,0.2815637
1515,3698.9,268.1,-16.9,5.6038335,880.8,14.3,0.28115564
1515,3696.8,0,-2.1,5.600652,881.2,14.3,0.28082918
1512,3695.1,-3,-1.7,5.5869912,881.6,14.3,0.28050273
1515.1,3693.3,3.1,-1.8,5.5957188,882,14.3,0.28017628
1516,3691.7,0.9,-1.6,5.5966172,882.4,14.3,0.27984983
1517.1,3690.2,1.1,-1.5,5.5984024,882.9,14.3,0.27944177
1514,3689,-3.1,-1.2,5.585146,883.3,14.3,0.27911532
1518,3687.5,4,-1.5,5.597625,883.7,14.3,0.27878887
1517,3686.3,-1,-1.2,5.5921171,884.1,14.3,0.27846242
1517,3685.1,0,-1.2,5.5902967,884.6,14.3,0.27805435
1516.1,3684,-0.9,-1.1,5.5853124,885,14.3,0.2777279
1516,3682.9,-0.1,-1.1,5.5832764,885.4,14.3,0.27740145
1513,3682,-3,-0.9,5.570866,885.8,14.3,0.277075
1512.1,3681,-0.9,-1,5.5660401,886.2,14.3,0.27674855
1511,3680.1,-1.1,-0.9,5.5606311,886.7,14.3,0.27634049
1511.1,3679,0.1,-1.1,5.5593369,887.1,14.3,0.27601404
1517,3677.8,5.9,-1.2,5.5792226,887.5,14.3,0.27568759
1514.1,3677,-2.9,-0.8,5.5673457,887.9,14.3,0.27536114
1511.1,3676.2,-3,-0.8,5.5551058,888.3,14.3,0.27503469
1521,3674.8,9.9,-1.4,5.5893708,888.8,14.3,0.27462662
1511.1,3674.5,-9.9,-0.3,5.552537,889.2,14.3,0.27430017
1532,3672.4,20.9,-2.1,5.6261168,889.6,14.3,0.27397372
1555,3670.3,23,-2.1,5.7073165,890,14.3,0.27364727
1572.1,3668.4,17.1,-1.9,5.7670916,890.5,14.3,0.27323921
1592,3666.4,19.9,-2,5.8369088,890.9,14.3,0.27291276
1613,3664.3,21,-2.1,5.9105159,891.4,14.3,0.27250469
1636,3662,23,-2.3,5.991032,891.8,14.3,0.27217824
1656,3660,20,-2,6.06096,892.3,14.3,0.27177018
1677,3657.8,21,-2.2,6.1341306,892.7,14.3,0.27144373
1694.9,3655.8,17.9,-2,6.1962154,893.2,14.3,0.27103566
1714,3653.8,19.1,-2,6.2626132,893.7,14.3,0.2706276
1719.1,3652.6,5.1,-1.2,6.2791847,894.2,14.3,0.27021954
1716,3651.8,-3.1,-0.8,6.2664888,894.6,14.3,0.26989309
1714,3651,-2,-0.8,6.257814,895.1,14.3,0.26948502
1723,3649.7,9,-1.3,6.2884331,895.6,14.3,0.26907696
1714,3649.3,-9,-0.4,6.2549002,896.1,14.3,0.2686689
1718.1,3648.3,4.1,-1,6.2681442,896.6,14.3,0.26826083
1718.1,3647.5,0,-0.8,6.2667697,897,14.3,0.26793438
1721,3646.5,2.9,-1,6.2756265,897.5,14.3,0.26752632
1714.1,3646.1,-6.9,-0.4,6.24978,898,14.3,0.26711826
502.2,3714.6,-1211.9,68.5,1.8654721,898.1,14.3,0.26703664
500,3716.7,-2.2,2.1,1.85835,898.3,14.3,0.26687342
500.1,3718.2,0.1,1.5,1.8594718,898.4,14.3,0.26679181
502.1,3719.3,2,1.1,1.8674605,898.5,14.3,0.26671019
539.9,3718.1,37.8,-1.2,2.0074022,898.7,14.3,0.26654697
577.1,3716.8,37.2,-1.3,2.1449653,898.9,14.3,0.26638374
616,3715.2,38.9,-1.6,2.2885632,899,14.3,0.26630213
656.9,3713.4,40.9,-1.8,2.4393325,899.2,14.3,0.2661389
701,3711.2,44.1,-2.2,2.6015512,899.4,14.3,0.26597568
735,3709.6,34,-1.6,2.726556,899.6,14.3,0.26581245
774.9,3707.4,39.9,-2.2,2.8728643,899.8,14.3,0.26564923
824,3704.8,49.1,-2.6,3.0527552,900,14.3,0.265486
865,3702.5,41,-2.3,3.2026625,900.3,14.3,0.26524117
901,3700.4,36,-2.1,3.3340604,900.5,14.3,0.26507794
949,3697.6,48,-2.8,3.5090224,900.8,14.3,0.2648331
983.1,3695.4,34.1,-2.2,3.6329477,901.1,14.3,0.26458826
1020,3693.1,36.9,-2.3,3.766962,901.3,14.3,0.26442504
1022.9,3692.7,2.9,-0.4,3.7772628,901.6,14.3,0.2641802
1020,3692.6,-2.9,-0.1,3.766452,901.9,14.3,0.26393536
1016.1,3692.6,-3.9,0,3.7520509,902.2,14.3,0.26369052
1022,3692.1,5.9,-0.5,3.7733262,902.5,14.3,0.26344569
1018.9,3692.1,-3.1,0,3.7618807,902.8,14.3,0.26320085
1022,3691.8,3.1,-0.3,3.7730196,903,14.3,0.26303762
1020.9,3691.7,-1.1,-0.1,3.7688565,903.3,14.3,0.26279279
1022,3691.5,1.1,-0.2,3.772713,903.6,14.3,0.26254795
1024.9,3691.1,2.9,-0.4,3.7830084,903.9,14.3,0.26230311
1021,3691.2,-3.9,0.1,3.7687152,904.2,14.3,0.26205827
1022.9,3691,1.9,-0.2,3.7755239,904.5,14.3,0.26181343
1023,3690.8,0.1,-0.2,3.7756884,904.7,14.3,0.26165021
1023,3690.7,0,-0.1,3.7755861,905,14.3,0.26140537
1024.9,3690.4,1.9,-0.3,3.782291,905.3,14.3,0.26116053
1015,3690.8,-9.9,0.4,3.746162,905.6,14.3,0.26091569
1022,3690.4,7,-0.4,3.7715888,905.9,14.3,0.26067086
1023,3690.1,1,-0.3,3.7749723,906.2,14.3,0.26042602
1024,3689.9,1,-0.2,3.7784576,906.4,14.3,0.26026279
1018,3690.2,-6,0.3,3.7566236,906.7,14.3,0.26001795
1024,3689.7,6,-0.5,3.7782528,907,14.3,0.25977312
1024,3689.6,0,-0.1,3.7781504,907.3,14.3,0.25952828
1021,3689.5,-3,-0.1,3.7669795,907.6,14.3,0.25928344
1025.9,3689.1,4.9,-0.4,3.7846477,907.9,14.3,0.2590386
1019.1,3689.4,-6.8,0.3,3.7598675,908.1,14.3,0.25887538
1161.9,3681.2,142.8,-8.2,4.2771863,908.5,14.3,0.25854893
1291.9,3673.3,130,-7.9,4.7455363,908.8,14.3,0.25830409
1434.1,3664.5,142.2,-8.8,5.2552594,909.2,14.3,0.25797764
1432,3663.8,-2.1,-0.7,5.2465616,909.6,14.3,0.25765119
1438,3662.6,6,-1.2,5.2668188,910,14.3,0.25732474
1434.1,3662.1,-3.9,-0.5,5.2518176,910.4,14.3,0.25699829
1428.1,3661.8,-6,-0.3,5.2294166,910.8,14.3,0.25667184
1432.9,3660.9,4.8,-0.9,5.2457036,911.2,14.3,0.25634538
1423,3660.9,-9.9,0,5.2094607,911.6,14.3,0.25601893
1434.1,3659.7,11.1,-1.2,5.2483758,912,14.3,0.25569248
1435,3659.1,0.9,-0.6,5.2508085,912.4,14.3,0.25536603
1437.1,3658.5,2.1,-0.6,5.2576304,912.8,14.3,0.25503958
1425,3658.6,-12.1,0.1,5.213505,913.2,14.3,0.25471313
1431.9,3657.8,6.9,-0.8,5.2376038,913.6,14.3,0.25438668
1430.1,3657.4,-1.8,-0.4,5.2304477,914,14.3,0.25406023
1433.1,3656.7,3,-0.7,5.2404168,914.4,14.3,0.25373378
1437,3656,3.9,-0.7,5.253672,914.8,14.3,0.25340733
1427,3656.1,-10,0.1,5.2172547,915.2,14.3,0.25308088
1436,3655.2,9,-0.9,5.2488672,915.6,14.3,0.25275443
1426,3655.2,-10,0,5.2123152,916,14.3,0.25242798
1435.9,3654.3,9.9,-0.9,5.2472094,916.4,14.3,0.25210153
1432,3654.1,-3.9,-0.2,5.2326712,916.8,14.3,0.25177508
1435.1,3653.5,3.1,-0.6,5.2431379,917.2,14.3,0.25144862
1431,3653.2,-4.1,-0.3,5.2277292,917.6,14.3,0.25112217
1435.1,3652.6,4.1,-0.6,5.2418463,918,14.3,0.25079572
1574,3644.2,138.9,-8.4,5.7359708,918.4,14.3,0.25046927
1720,3635.1,146,-9.1,6.252372,918.9,14.3,0.25006121
1715.1,3634.4,-4.9,-0.7,6.2333594,919.4,14.3,0.24965315
1719,3633.3,3.9,-1.1,6.2456427,919.8,14.3,0.2493267
1718,3632.5,-1,-0.8,6.240635,920.3,14.3,0.24891863
1550.1,3641.4,-167.9,8.9,5.6445341,920.8,14.3,0.24851057
1379,3650.8,-171.1,9.4,5.0344532,921.1,14.3,0.24826573
1214.1,3660.3,-164.9,9.5,4.4439702,921.5,14.3,0.24793928
1047.1,3670.1,-167,9.8,3.8429617,921.8,14.3,0.24769444
881,3680.2,-166.1,10.1,3.2422562,922,14.3,0.24753122
706.1,3691,-174.9,10.8,2.6062151,922.2,14.3,0.24736799
539,3701.5,-167.1,10.5,1.9951085,922.4,14.3,0.24720477
369.1,3712.5,-169.9,11,1.3702837,922.5,14.3,0.24712315
196.2,3723.8,-172.9,11.3,0.73060956,922.5,14.3,0.24712315
199.1,3725.2,2.9,1.4,0.74168732,922.6,14.3,0.24704154
205.1,3726.2,6,1,0.76424362,922.6,14.3,0.24704154
199.1,3727.8,-6,1.6,0.74220498,922.7,14.3,0.24695993
207.1,3728.5,8,0.7,0.77217235,922.8,14.3,0.24687832
201.1,3729.9,-6,1.4,0.75008289,922.8,14.3,0.24687832
200.1,3730.9,-1,1,0.74655309,922.9,14.3,0.2467967
203,3731.8,2.9,0.9,0.7575554,922.9,14.3,0.2467967
199.1,3732.9,-3.9,1.1,0.74322039,923,14.3,0.24671509
198.1,3733.9,-1,1,0.73968559,923,14.3,0.24671509
199,3734.6,0.9,0.7,0.7431854,923.1,14.3,0.24663348
202,3735.3,3,0.7,0.7545306,923.1,14.3,0.24663348
201.1,3736.1,-0.9,0.8,0.75132971,923.2,14.3,0.24655186
199.1,3737,-2,0.9,0.7440367,923.3,14.3,0.24647025
196,3737.9,-3.1,0.9,0.7326284,923.3,14.3,0.24647025
203,3738.2,7,0.3,0.7588546,923.4,14.3,0.24638864
207.1,3738.6,4.1,0.4,0.77426406,923.4,14.3,0.24638864
201,3739.7,-6.1,1.1,0.7516797,923.5,14.3,0.24630703
202,3740.2,1,0.5,0.7555204,923.5,14.3,0.24630703
201.1,3741,-0.9,0.8,0.7523151,923.6,14.3,0.24622541
199.1,3741.7,-2,0.7,0.74497247,923.6,14.3,0.24622541
205,3742,5.9,0.3,0.76711,923.7,14.3,0.2461438
200,3742.7,-5,0.7,0.74854,923.8,14.3,0.24606219
201.1,3743.3,1.1,0.6,0.75277763,923.8,14.3,0.24606219
202.1,3743.8,1,0.5,0.75662198,923.9,14.3,0.24598058
204,3744.2,1.9,0.4,0.7638168,923.9,14.3,0.24598058
200.1,3744.9,-3.9,0.7,0.74935449,924,14.3,0.24589896
378.1,3735.4,178,-9.5,1.4123547,924.1,14.3,0.24581735
555,3725.4,176.9,-10,2.067597,924.2,14.3,0.24573574
739,3714.8,184,-10.6,2.7452372,924.4,14.3,0.24557251
914.9,3704.2,175.9,-10.6,3.3889726,924.7,14.3,0.24532767
1099,3692.9,184.1,-11.3,4.0584971,925,14.3,0.24508284
1096,3692,-3,-0.9,4.046432,925.3,14.3,0.244838
1096,3691.1,0,-0.9,4.0454456,925.6,14.3,0.24459316
1097.1,3690.2,1.1,-0.9,4.0485184,925.9,14.3,0.24434832
1099,3689.4,1.9,-0.8,4.0546506,926.2,14.3,0.24410348
1098.1,3688.7,-0.9,-0.7,4.0505615,926.5,14.3,0.24385865
1096,3688.2,-2.1,-0.5,4.0422672,926.8,14.3,0.24361381
1099.9,3687.4,3.9,-0.8,4.0557713,927.1,14.3,0.24336897
1102,3686.7,2.1,-0.7,4.0627434,927.4,14.3,0.24312413
1098,3686.3,-4,-0.4,4.0475574,927.8,14.3,0.24279768
1098,3685.8,0,-0.5,4.0470084,928.1,14.3,0.24255284
1099,3685.3,1,-0.5,4.0501447,928.4,14.3,0.24230801
1099,3684.8,0,-0.5,4.0495952,928.7,14.3,0.24206317
1094,3684.6,-5,-0.2,4.0309524,929,14.3,0.24181833
1091,3684.3,-3,-0.3,4.0195713,929.3,14.3,0.24157349
1097.1,3683.5,6.1,-0.8,4.0411678,929.6,14.3,0.24132865
1096,3683.1,-1.1,-0.4,4.0366776,929.9,14.3,0.24108382
1093.1,3682.9,-2.9,-0.2,4.025778,930.2,14.3,0.24083898
1093,3682.5,-0.1,-0.4,4.0249725,930.5,14.3,0.24059414
1092.1,3682.1,-0.9,-0.4,4.0212214,930.8,14.3,0.2403493
1096,3681.5,3.9,-0.6,4.034924,931.1,14.3,0.24010446
1100,3680.9,4,-0.6,4.04899,931.4,14.3,0.23985963
784.1,3698.6,-315.9,17.7,2.9000723,931.6,14.3,0.2396964
469.1,3717,-315,18.4,1.7436447,931.8,14.3,0.23953318
148.1,3736.3,-321,19.3,0.55334603,931.8,14.3,0.23953318
-158,3755.3,-306.1,19,-0.5933374,931.8,14.3,0.23953318
-467,3774.8,-309,19.5,-1.7628316,931.6,14.3,0.2396964
-470.1,3777.3,-3.1,2.5,-1.7757087,931.5,14.3,0.23977801
-472,3779.4,-1.9,2.1,-1.7838768,931.4,14.3,0.23985963
-468.1,3781,3.9,1.6,-1.7698861,931.2,14.3,0.24002285
-467,3782.6,1.1,1.6,-1.7664742,931.1,14.3,0.24010446
-475.1,3784.6,-8.1,2,-1.7980635,931,14.3,0.24018608
-475.1,3786.1,0,1.5,-1.7987761,930.9,14.3,0.24026769
-475.1,3787.5,0,1.4,-1.7994413,930.7,14.3,0.24043091
-472.2,3788.7,2.9,1.2,-1.7890241,930.6,14.3,0.24051253
-480,3790.4,-7.8,1.7,-1.819392,930.5,14.3,0.24059414
-473.2,3791.3,6.8,0.9,-1.7940432,930.3,14.3,0.24075737
-476.1,3792.6,-2.9,1.3,-1.8056569,930.2,14.3,0.24083898
-249.2,3780.9,226.9,-11.7,-0.94220028,930.1,14.3,0.24092059
-21,3768.6,228.2,-12.3,-0.0791406,930.1,14.3,0.24092059
198.9,3756.3,219.9,-12.3,0.74712807,930.2,14.3,0.24083898
423,3743.4,224.1,-12.9,1.5834582,930.3,14.3,0.24075737
655,3729.7,232,-13.7,2.4429535,930.5,14.3,0.24059414
877.9,3716.1,222.9,-13.6,3.2623642,930.7,14.3,0.24043091
1095.9,3702.5,218,-13.6,4.0575698,931,14.3,0.24018608
1317,3688.5,221.1,-14,4.8577545,931.4,14.3,0.23985963
1542.9,3673.9,225.9,-14.6,5.6684603,931.8,14.3,0.23953318
1771.1,3658.9,228.2,-15,6.4802778,932.3,14.3,0.23912511
1779,3656.1,7.9,-2.8,6.5042019,932.8,14.3,0.23871705
1775,3654.3,-4,-1.8,6.4863825,933.3,14.3,0.23830899
1772.1,3652.5,-2.9,-1.8,6.4725952,933.8,14.3,0.23790092
1766,3651.1,-6.1,-1.4,6.4478426,934.3,14.3,0.23749286
1775.1,3648.9,9.1,-2.2,6.4771624,934.8,14.3,0.2370848
1775.1,3647.4,0,-1.5,6.4744997,935.3,14.3,0.23667673
1765,3646.4,-10.1,-1,6.435896,935.7,14.3,0.23635028
1774.1,3644.5,9.1,-1.9,6.4657075,936.2,14.3,0.23594222
1771.1,3643.2,-3,-1.3,6.4524715,936.7,14.3,0.23553415
1767,3642.2,-4.1,-1,6.4357674,937.2,14.3,0.23512609
1772.1,3640.7,5.1,-1.5,6.4516845,937.7,14.3,0.23471803
1777,3639.1,4.9,-1.6,6.4666807,938.2,14.3,0.23430996
1773,3638.2,-4,-0.9,6.4505286,938.7,14.3,0.2339019
1770.1,3637.2,-2.9,-1,6.4382077,939.2,14.3,0.23349384
1774,3635.8,3.9,-1.4,6.4499092,939.7,14.3,0.23308577
1777,3634.6,3,-1.2,6.4586842,940.2,14.3,0.23267771
1773.1,3633.8,-3.9,-0.8,6.4430908,940.7,14.3,0.23226965
1768.1,3633,-5,-0.8,6.4235073,941.2,14.3,0.23186158
1775,3631.7,6.9,-1.3,6.4462675,941.7,14.3,0.23145352
1774.1,3630.7,-0.9,-1,6.4412249,942.1,14.3,0.23112707
1773.1,3629.8,-1,-0.9,6.4359984,942.6,14.3,0.23071901
1779,3628.6,5.9,-1.2,6.4552794,943.1,14.3,0.23031094
1775,3627.8,-4,-0.8,6.439345,943.6,14.3,0.22990288
1769.1,3627.3,-5.9,-0.5,6.4170564,944.1,14.3,0.22949482
1766,3626.5,-3.1,-0.8,6.404399,944.6,14.3,0.22908675
1771,3625.4,5,-1.1,6.4205834,945.1,14.3,0.22867869
1773.1,3624.5,2.1,-0.9,6.4266009,945.6,14.3,0.22827063
1772.1,3623.6,-1,-0.9,6.4213816,946.1,14.3,0.22786256
1700,3627,-72.1,3.4,6.1659,946.6,14.3,0.2274545
1620.1,3630.9,-79.9,3.9,5.8824211,947,14.3,0.22712805
1547.2,3634.6,-72.9,3.7,5.6234531,947.4,14.3,0.2268016
1472,3638.6,-75.2,4,5.3560192,947.8,14.3,0.22647515
1471.9,3638.4,-0.1,-0.2,5.355361,948.3,14.3,0.22606709
1472,3638,0.1,-0.4,5.355136,948.7,14.3,0.22574063
1471,3637.7,-1,-0.3,5.3510567,949.1,14.3,0.22541418
1474,3637.2,3,-0.5,5.3612328,949.5,14.3,0.22508773
1472.9,3636.9,-1.1,-0.3,5.35679,949.9,14.3,0.22476128
1473,3636.5,0.1,-0.4,5.3565645,950.3,14.3,0.22443483
1469.1,3636.3,-3.9,-0.2,5.3420883,950.7,14.3,0.22410838
1465,3636.1,-4.1,-0.2,5.3268865,951.1,14.3,0.22378193
1472,3635.4,7,-0.7,5.3513088,951.5,14.3,0.22345548
1471.1,3635,-0.9,-0.4,5.3474485,951.9,14.3,0.22312903
1469,3634.8,-2.1,-0.2,5.3395212,952.3,14.3,0.22280258
1472,3634.2,3,-0.6,5.3495424,952.7,14.3,0.22247613
1466.1,3634.1,-5.9,-0.1,5.327954,953.2,14.3,0.22206806
1470,3633.5,3.9,-0.6,5.341245,953.6,14.3,0.22174161
1474,3632.9,4,-0.6,5.3548946,954,14.3,0.22141516
1473,3632.5,-1,-0.4,5.3506725,954.4,14.3,0.22108871
1468,3632.5,-5,0,5.33251,954.8,14.3,0.22076226
1466,3632.2,-2,-0.3,5.3248052,955.2,14.3,0.22043581
1470,3631.6,4,-0.6,5.338452,955.6,14.3,0.22010936
1472.1,3631,2.1,-0.6,5.3451951,956,14.3,0.21978291
1475,3630.5,2.9,-0.5,5.3549875,956.4,14.3,0.21945646
1465.1,3630.7,-9.9,0.2,5.3193386,956.8,14.3,0.21913001
1472,3629.9,6.9,-0.8,5.3432128,957.2,14.3,0.21880356
1474,3629.4,2,-0.5,5.3497356,957.6,14.3,0.21847711
1470,3629.3,-4,-0.1,5.335071,958,14.3,0.21815066
1469,3629,-1,-0.3,5.331001,958.4,14.3,0.21782421
-943.1,3767.6,-2412.1,138.6,-3.5532236,958.2,14.3,0.21798743
-948,3773.3,-4.9,5.7,-3.5770884,958,14.3,0.21815066
-814,3769.8,134,-3.5,-3.0686172,957.7,14.3,0.21839549
-694.1,3766.2,119.9,-3.6,-2.6141194,957.6,14.3,0.21847711
-564.1,3761.4,130,-4.8,-2.1218057,957.4,14.3,0.21864033
-439,3756.5,125.1,-4.9,-1.6491035,957.3,14.3,0.21872195
-310.1,3750.9,128.9,-5.6,-1.1631541,957.2,14.3,0.21880356
-181.3,3745,128.8,-5.9,-0.6789685,957.1,14.3,0.21888517
-49,3738.6,132.3,-6.4,-0.1831914,957.1,14.3,0.21888517
71,3732.5,120,-6.1,0.2650075,957.1,14.3,0.21888517
200.1,3725.8,129.1,-6.7,0.74553258,957.2,14.3,0.21880356
328,3719,127.9,-6.8,1.219832,957.3,14.3,0.21872195
464.1,3711.4,136.1,-7.6,1.7224607,957.4,14.3,0.21864033
587.9,3704.2,123.8,-7.2,2.1776992,957.6,14.3,0.21847711
717.9,3696.6,130,-7.6,2.6537891,957.8,14.3,0.21831388
711,3696.6,-6.9,0,2.6282826,957.9,14.3,0.21823227
714.9,3696.1,3.9,-0.5,2.6423419,958.1,14.3,0.21806904
708.1,3696.3,-6.8,0.2,2.61735,958.3,14.3,0.21790582
712,3695.9,3.9,-0.4,2.6314808,958.5,14.3,0.21774259
711,3695.9,-1,0,2.6277849,958.7,14.3,0.21757937
718,3695.3,7,-0.6,2.6532254,958.9,14.3,0.21741614
714.9,3695.4,-3.1,0.1,2.6418415,959.1,14.3,0.21725292
707,3695.8,-7.9,0.4,2.6129306,959.3,14.3,0.21708969
711,3695.5,4,-0.3,2.6275005,959.5,14.3,0.21692647
717.9,3695.1,6.9,-0.4,2.6527123,959.7,14.3,0.21676324
713,3695.3,-4.9,0.2,2.6347489,959.9,14.3,0.21660002
710,3695.4,-3,0.1,2.623734,960.1,14.3,0.21643679
715.9,3695,5.9,-0.4,2.6452505,960.3,14.3,0.21627357
715,3695,-0.9,0,2.641925,960.5,14.3,0.21611034
714.9,3695,-0.1,0,2.6415555,960.7,14.3,0.21594711
713,3695,-1.9,0,2.634535,960.9,14.3,0.21578389
713,3695.1,0,0.1,2.6346063,961.1,14.3,0.21562066
710,3695.2,-3,0.1,2.623592,961.3,14.3,0.21545744
713,3695,3,-0.2,2.634535,961.5,14.3,0.21529421
714,3694.9,1,-0.1,2.6381586,961.7,14.3,0.21513099
712.9,3695,-1.1,0.1,2.6341655,961.9,14.3,0.21496776
705.1,3695.4,-7.8,0.4,2.6056265,962.1,14.3,0.21480454
720,3694.5,14.9,-0.9,2.66004,962.3,14.3,0.21464131
716,3694.7,-4,0.2,2.6454052,962.5,14.3,0.21447809
716,3694.6,0,-0.1,2.6453336,962.7,14.3,0.21431486
716.9,3694.5,0.9,-0.1,2.6485871,962.9,14.3,0.21415164
711.1,3694.9,-5.8,0.4,2.6274434,963.1,14.3,0.21398841
839,3687.5,127.9,-7.4,3.0938125,963.3,14.3,0.21382519
970.9,3679.7,131.9,-7.8,3.5726207,963.6,14.3,0.21358035
1098,3671.8,127.1,-7.9,4.0316364,963.9,14.3,0.21333551
1229.9,3663.5,131.9,-8.3,4.5057386,964.3,14.3,0.21300906
1360,3655.1,130.1,-8.4,4.970936,964.6,14.3,0.21276422
1490,3646.5,130,-8.6,5.433285,965,14.3,0.21243777
1623.9,3637.5,133.9,-9,5.9069363,965.5,14.3,0.21202971
1618.1,3636.3,-5.8,-1.2,5.883897,965.9,14.3,0.21170326
1613,3635.3,-5.1,-1,5.8637389,966.4,14.3,0.21129519
1620,3633.7,7,-1.6,5.886594,966.8,14.3,0.21096874
1620,3632.5,0,-1.2,5.88465,967.3,14.3,0.21056068
1618,3631.7,-2,-0.8,5.8760906,967.7,14.3,0.21023423
1614.1,3630.9,-3.9,-0.8,5.8606357,968.2,14.3,0.20982617
1619.9,3629.6,5.8,-1.3,5.879589,968.6,14.3,0.20949971
1620.1,3628.6,0.2,-1,5.8786949,969.1,14.3,0.20909165
1620,3627.7,-0.1,-0.9,5.876874,969.5,14.3,0.2087652
1618,3627,-2,-0.7,5.868486,970,14.3,0.20835714
1619,3626.1,1,-0.9,5.8706559,970.4,14.3,0.20803069
1621.9,3625,2.9,-1.1,5.8793875,970.9,14.3,0.20762262
1618,3624.5,-3.9,-0.5,5.864441,971.3,14.3,0.20729617
1622,3623.5,4,-1,5.877317,971.8,14.3,0.20688811
1489,3630.4,-133,6.9,5.4056656,972.2,14.3,0.20656166
1368.1,3636.9,-120.9,6.5,4.9756429,972.6,14.3,0.20623521
1236,3644.3,-132.1,7.4,4.5043548,972.9,14.3,0.20599037
1111,3651.5,-125,7.2,4.0568165,973.2,14.3,0.20574553
978.1,3659.4,-132.9,7.9,3.5792591,973.5,14.3,0.20550069
846,3667.4,-132.1,8,3.1026204,973.7,14.3,0.20533747
722.2,3675.2,-123.8,7.8,2.6542294,973.9,14.3,0.20517424
595,3683.2,-127.2,8,2.191504,974.1,14.3,0.20501102
466.1,3691.5,-128.9,8.3,1.7206082,974.2,14.3,0.20492941
336.1,3700.1,-130,8.6,1.2436036,974.3,14.3,0.20484779
211,3708.4,-125.1,8.3,0.7824724,974.4,14.3,0.20476618
210.1,3709.8,-0.9,1.4,0.77942898,974.4,14.3,0.20476618
204.1,3711.4,-6,1.6,0.75749674,974.5,14.3,0.20468457
208,3712.2,3.9,0.8,0.7721376,974.6,14.3,0.20460295
210.1,3713.1,2.1,0.9,0.78012231,974.6,14.3,0.20460295
206.1,3714.2,-4,1.1,0.76549662,974.7,14.3,0.20452134
545.9,3695.6,339.8,-18.6,2.017428,974.8,14.3,0.20443973
872,3676.9,326.1,-18.7,3.2062568,975.1,14.3,0.20419489
1197,3657.5,325,-19.4,4.3780275,975.4,14.3,0.20395005
1534.9,3636.8,337.9,-20.7,5.5821243,975.8,14.3,0.2036236
1866,3616.1,331.1,-20.7,6.7476426,976.3,14.3,0.20321554
1865.1,3613.8,-0.9,-2.3,6.7400984,976.9,14.3,0.20272586
1871.9,3611.5,6.8,-2.3,6.7603668,977.4,14.3,0.2023178
1868.1,3610.1,-3.8,-1.4,6.7440278,977.9,14.3,0.20190974
1870.1,3608.5,2,-1.6,6.7482558,978.4,14.3,0.20150167
1865.1,3607.4,-5,-1.1,6.7281617,978.9,14.3,0.20109361
1864.1,3606.2,-1,-1.2,6.7223174,979.5,14.3,0.20060393
1871,3604.5,6.9,-1.7,6.7440195,980,14.3,0.20019587
1863,3603.7,-8,-0.8,6.7136931,980.5,14.3,0.19978781
1866.1,3602.4,3.1,-1.3,6.7224386,981,14.3,0.19937974
1869,3601.1,2.9,-1.3,6.7304559,981.5,14.3,0.19897168
1871,3599.9,2,-1.2,6.7354129,982,14.3,0.19856362
1872,3598.7,1,-1.2,6.7367664,982.6,14.3,0.19807394
1863,3598.2,-9,-0.5,6.7034466,983.1,14.3,0.19766588
1865.1,3597.1,2.1,-1.1,6.7089512,983.6,14.3,0.19725781
1864,3596.1,-1.1,-1,6.7031304,984.1,14.3,0.19684975
1868,3595,4,-1.1,6.71546,984.6,14.3,0.19644169
1862.1,3594.3,-5.9,-0.7,6.692946,985.2,14.3,0.19595201
1862.1,3593.4,0,-0.9,6.6912701,985.7,14.3,0.19554395
1868.9,3592,6.8,-1.4,6.7130888,986.2,14.3,0.19513589
1869,3591.1,0.1,-0.9,6.7117659,986.7,14.3,0.19472782
1867,3590.3,-2,-0.8,6.7030901,987.2,14.3,0.19431976
1870,3589.3,3,-1,6.711991,987.7,14.3,0.1939117
1867.1,3588.5,-2.9,-0.8,6.7000883,988.3,14.3,0.19342202
1870,3587.5,2.9,-1,6.708625,988.8,14.3,0.19301396
1864,3586.9,-6,-0.6,6.6859816,989.3,14.3,0.19260589
1864.1,3586.1,0.1,-0.8,6.684849,989.8,14.3,0.19219783
1868,3585,3.9,-1.1,6.69678,990.3,14.3,0.19178977
1561,3602.1,-307,17.1,5.6228781,990.8,14.3,0.1913817
1253.1,3620.1,-307.9,18,4.5363473,991.1,14.3,0.19113686
943.1,3638.7,-310,18.6,3.431658,991.4,14.3,0.19089203
635.1,3657.8,-308,19.1,2.3230688,991.6,14.3,0.1907288
336.1,3676.8,-299,19,1.2357725,991.7,14.3,0.19064719
31,3696.6,-305.1,19.8,0.1145946,991.7,14.3,0.19064719
-276.1,3716.9,-307.1,20.3,-1.0262361,991.6,14.3,0.1907288
-279.1,3720,-3,3.1,-1.038252,991.5,14.3,0.19081041
-281.1,3722.6,-2,2.6,-1.0464229,991.5,14.3,0.19081041
-273.1,3724.4,8,1.8,-1.0171336,991.4,14.3,0.19089203
-276.1,3726.6,-3,2.2,-1.0289143,991.3,14.3,0.19097364
-280,3728.7,-3.9,2.1,-1.044036,991.2,14.3,0.19105525
-277.2,3730.4,2.8,1.7,-1.0340669,991.1,14.3,0.19113686
-273.2,3731.8,4,1.4,-1.0195278,991.1,14.3,0.19113686
-279.1,3733.8,-5.9,2,-1.0421036,991,14.4,0.19121848
-281.1,3735.5,-2,1.7,-1.0500491,990.9,14.4,0.19130009
-280.1,3736.9,1,1.4,-1.0467057,990.8,14.4,0.1913817
-276.1,3738.1,4,1.2,-1.0320894,990.8,14.4,0.1913817
-274.1,3739.4,2,1.3,-1.0249695,990.7,14.4,0.19146332
-286.1,3741.4,-12,2,-1.0704145,990.6,14.4,0.19154493
-279.1,3742.3,7,0.9,-1.0444759,990.5,14.4,0.19162654
-276,3743.4,3.1,1.1,-1.0331784,990.4,14.4,0.19170815
-277.2,3744.6,-1.2,1.2,-1.0380031,990.4,14.4,0.19170815
-322.1,3748.4,-44.9,3.8,-1.2073596,990.3,14.4,0.19178977
-370,3752.3,-47.9,3.9,-1.388351,990.2,14.4,0.19187138
-418.1,3756.4,-48.1,4.1,-1.5705508,990.1,14.4,0.19195299
-467.1,3760.5,-49,4.1,-1.7565295,989.9,14.4,0.19211622
-509,3764.3,-41.9,3.8,-1.9160287,989.8,14.4,0.19219783
-558.1,3768.4,-49.1,4.1,-2.103144,989.6,14.4,0.19236105
-610,3772.8,-51.9,4.4,-2.301408,989.5,14.4,0.19244267
-659.1,3777.1,-49.1,4.3,-2.4894866,989.3,14.4,0.19260589
-657.1,3778.5,2,1.4,-2.4828524,989.1,14.4,0.19276912
-652.9,3779.7,4.2,1.2,-2.4677661,988.9,14.4,0.19293234
-657.1,3781.2,-4.2,1.5,-2.4846265,988.7,14.4,0.19309557
-658.1,3782.6,-1,1.4,-2.4893291,988.6,14.3,0.19317718
-656,3783.8,2.1,1.2,-2.4821728,988.4,14.3,0.19334041
-657.1,3785.1,-1.1,1.3,-2.4871892,988.2,14.3,0.19350363
-659,3786.4,-1.9,1.3,-2.4952376,988,14.3,0.19366686
-655.1,3787.3,3.9,0.9,-2.4810602,987.8,14.3,0.19383008
-654,3788.4,1.1,1.1,-2.4776136,987.6,14.3,0.19399331
-651.1,3789.4,2.9,1,-2.4672783,987.5,14.3,0.19407492
-652.1,3790.4,-1,1,-2.4717198,987.3,14.3,0.19423815
-19,3755.7,633.1,-34.7,-0.0713583,987.3,14.3,0.19423815
619.9,3719.1,638.9,-36.6,2.3054701,987.4,14.3,0.19415653
1259,3681.3,639.1,-37.8,4.6347567,987.8,14.3,0.19383008
1262,3678.4,3,-2.9,4.6421408,988.1,14.3,0.19358524
1263.1,3676.2,1.1,-2.2,4.6434082,988.5,14.3,0.19325879
1258,3674.6,-5.1,-1.6,4.6226468,988.8,14.3,0.19301396
1260,3672.8,2,-1.8,4.627728,989.2,14.3,0.19268751
1263,3671.1,3,-1.7,4.6365993,989.5,14.3,0.19244267
1262,3669.7,-1,-1.4,4.6311614,989.9,14.3,0.19211622
1259,3668.5,-3,-1.2,4.6186415,990.2,14.3,0.19187138
1259.1,3667.2,0.1,-1.3,4.6173715,990.6,14.3,0.19154493
1265,3665.7,5.9,-1.5,4.6371105,990.9,14.3,0.19130009
1259,3664.8,-6,-0.9,4.6139832,991.3,14.3,0.19097364
1261.1,3663.6,2.1,-1.2,4.620166,991.6,14.3,0.1907288
1263.1,3662.3,2,-1.3,4.6258511,992,14.3,0.19040235
1258,3661.6,-5.1,-0.7,4.6062928,992.3,14.3,0.19015751
1259,3660.5,1,-1.1,4.6085695,992.7,14.3,0.18983106
1257,3659.6,-2,-0.9,4.6001172,993,14.3,0.18958622
1259,3658.5,2,-1.1,4.6060515,993.4,14.3,0.18925977
1259,3657.5,0,-1,4.6047925,993.7,14.3,0.18901494
1259,3656.6,0,-0.9,4.6036594,994.1,14.3,0.18868848
1439,3645.4,180,-11.2,5.2457306,994.5,14.3,0.18836203
1433,3644.4,-6,-1,5.2224252,994.9,14.3,0.18803558
1437,3643,4,-1.4,5.234991,995.3,14.3,0.18770913
1431,3642.2,-6,-0.8,5.2119882,995.7,14.3,0.18738268
1435.1,3640.9,4.1,-1.3,5.2250556,996.1,14.3,0.18705623
1440,3639.6,4.9,-1.3,5.241024,996.5,14.3,0.18672978
1436.1,3638.8,-3.9,-0.8,5.2256807,996.9,14.3,0.18640333
1439.1,3637.6,3,-1.2,5.2348702,997.3,14.3,0.18607688
1432,3637.1,-7.1,-0.5,5.2083272,997.7,14.3,0.18575043
1441.1,3635.6,9.1,-1.5,5.2392632,998.1,14.3,0.18542398
1436.1,3635,-5,-0.6,5.2202235,998.5,14.3,0.18509753
1513,3629.7,76.9,-5.3,5.4917361,998.9,14.3,0.18477108
1589,3624.2,76,-5.5,5.7588538,999.3,14.3,0.18444463
1666,3618.6,77,-5.6,6.0285876,999.8,14.3,0.18403656
1747,3612.7,81,-5.9,6.3113869,1000.3,14.3,0.1836285
1829,3606.5,82,-6.2,6.5962885,1000.8,14.3,0.18322044
1905.1,3600.7,76.1,-5.8,6.8596936,1001.3,14.3,0.18281237
1904,3599.1,-1.1,-1.6,6.8526864,1001.8,14.3,0.18240431
1903,3597.7,-1,-1.4,6.8464231,1002.4,14.3,0.18191463
1907.1,3596.1,4.1,-1.6,6.8581223,1002.9,14.3,0.18150657
1898.1,3595.3,-9,-0.8,6.8242389,1003.4,14.3,0.18109851
1899,3593.9,0.9,-1.4,6.8248161,1004,14.3,0.18060883
1896,3592.9,-3,-1,6.8121384,1004.5,14.3,0.18020077
1901.1,3591.4,5.1,-1.5,6.8276105,1005,14.3,0.1797927
1903,3590.1,1.9,-1.3,6.8319603,1005.5,14.3,0.17938464
1897,3589.2,-6,-0.9,6.8087124,1006.1,14.3,0.17889496
1901,3587.8,4,-1.4,6.8204078,1006.6,14.3,0.1784869
1905.1,3586.5,4.1,-1.3,6.8326411,1007.1,14.3,0.17807884
1894.1,3586,-11,-0.5,6.7922426,1007.6,14.3,0.17767077
1902,3584.4,7.9,-1.6,6.8175288,1008.2,14.3,0.1771811
1903.1,3583.3,1.1,-1.1,6.8193782,1008.7,14.3,0.17677304
1906.1,3582.1,3,-1.2,6.8278408,1009.2,14.3,0.17636497
1904,3581.1,-2.1,-1,6.8184144,1009.8,14.3,0.1758753
1892.1,3580.7,-11.9,-0.4,6.7750425,1010.3,14.3,0.17546723
1882.1,3580.3,-10,-0.4,6.7384826,1010.8,14.3,0.17505917
1876,3579.7,-6.1,-0.6,6.7155172,1011.3,14.3,0.17465111
1866.1,3579.3,-9.9,-0.4,6.6793317,1011.9,14.3,0.17416143
1866,3578.4,-0.1,-0.9,6.6772944,1012.4,14.3,0.17375337
1867.1,3577.4,1.1,-1,6.6793635,1012.9,14.3,0.1733453
1859.1,3576.9,-8,-0.5,6.6498148,1013.4,14.3,0.17293724
1866,3575.6,6.9,-1.3,6.6720696,1013.9,14.3,0.17252918
1866,3574.7,0,-0.9,6.6703902,1014.4,14.3,0.17212111
1862.1,3574,-3.9,-0.7,6.6551454,1014.9,14.3,0.17171305
1862.1,3573.1,0,-0.9,6.6534695,1015.4,14.3,0.17130499
1867,3572,4.9,-1.1,6.668924,1016,14.3,0.17081531
1867.1,3571.1,0.1,-0.9,6.6676008,1016.5,14.3,0.17040725
1863.1,3570.4,-4,-0.7,6.6520122,1017,14.3,0.16999918
1870,3569.1,6.9,-1.3,6.674217,1017.5,14.3,0.16959112
1862,3568.7,-8,-0.4,6.6449194,1018,14.3,0.16918306
1863.1,3567.8,1.1,-0.9,6.6471682,1018.5,14.3,0.16877499
1576.1,3583.9,-287,16.1,5.6485848,1019,14.4,0.16836693
1280,3601.3,-296.1,17.4,4.609664,1019.3,14.4,0.16812209
989,3619.1,-291,17.8,3.5792899,1019.6,14.4,0.16787725
692.1,3637.7,-296.9,18.6,2.5176522,1019.8,14.4,0.16771403
400.1,3656.5,-292,18.8,1.4629656,1019.9,14.4,0.16763242
103.1,3676,-297,19.5,0.3789956,1019.9,14.4,0.16763242
-185.2,3695.4,-288.3,19.4,-0.68438808,1020,14.4,0.1675508
-188.1,3698.5,-2.9,3.1,-0.69568785,1019.9,14.4,0.16763242
-184.1,3700.9,4,2.4,-0.68133569,1019.9,14.4,0.16763242
-192.1,3703.6,-8,2.7,-0.71146156,1019.8,14.4,0.16771403
-187.2,3705.5,4.9,1.9,-0.6936696,1019.7,14.4,0.16779564
-191.2,3707.6,-4,2.1,-0.70889312,1019.7,14.4,0.16779564
-11,3699.1,180.2,-8.5,-0.0406901,1019.7,14.4,0.16779564
165.1,3690.1,176.1,-9,0.60923551,1019.7,14.4,0.16779564
341,3680.8,175.9,-9.3,1.2551528,1019.8,14.4,0.16771403
512,3671.4,171,-9.4,1.8797568,1020,14.4,0.1675508
692,3661,180,-10.4,2.533412,1020.2,14.4,0.16738758
684,3661.2,-8,0.2,2.5042608,1020.3,14.4,0.16730597
688,3660.9,4,-0.3,2.5186992,1020.5,14.4,0.16714274
687,3660.9,-1,0,2.5150383,1020.7,14.4,0.16697952
690.1,3660.8,3.1,-0.1,2.5263181,1020.9,14.4,0.16681629
696.1,3660.5,6,-0.3,2.5480741,1021.1,14.4,0.16665306
779,3655.8,82.9,-4.7,2.8478682,1021.3,14.4,0.16648984
867,3650.5,88,-5.3,3.1649835,1021.6,14.4,0.166245
953.1,3645.2,86.1,-5.3,3.4742401,1021.8,14.4,0.16608178
1044.9,3639.4,91.8,-5.8,3.8028091,1022.1,14.4,0.16583694
1139.9,3633.3,95,-6.1,4.1415987,1022.4,14.4,0.1655921
1226,3627.5,86.1,-5.8,4.447315,1022.8,14.4,0.16526565
1318,3621.3,92,-6.2,4.7728734,1023.1,14.4,0.16502081
1403,3615.4,85,-5.9,5.0724062,1023.5,14.4,0.16469436
1495,3608.8,92,-6.6,5.395156,1024,14.4,0.1642863
1584,3602.5,89,-6.3,5.70636,1024.4,14.4,0.16395985
1676.9,3595.7,92.9,-6.8,6.0296293,1024.9,14.4,0.16355178
1765.1,3589.1,88.2,-6.6,6.3351204,1025.3,14.4,0.16322533
1852.1,3582.4,87,-6.7,6.634963,1025.9,14.4,0.16273566
1851,3580.8,-1.1,-1.6,6.6280608,1026.4,14.4,0.16232759
1855.9,3578.9,4.9,-1.9,6.6420805,1026.9,14.4,0.16191953
1854.1,3577.6,-1.8,-1.3,6.6332282,1027.4,14.4,0.16151147
1852.1,3576.3,-2,-1.3,6.6236652,1027.9,14.4,0.1611034
1849,3575.2,-3.1,-1.1,6.6105448,1028.4,14.4,0.16069534
1858.1,3573.3,9.1,-1.9,6.6395487,1029,14.4,0.16020566
1857,3572.1,-1.1,-1.2,6.6333897,1029.5,14.4,0.1597976
1854,3571.1,-3,-1,6.6208194,1030,14.4,0.15938954
1852.1,3570,-1.9,-1.1,6.611997,1030.5,14.4,0.15898147
1848.1,3569,-4,-1,6.5958689,1031,14.4,0.15857341
1851,3567.7,2.9,-1.3,6.6038127,1031.5,14.4,0.15816535
1436,3591,-415,23.3,5.156676,1031.9,14.4,0.1578389
1434.1,3591.2,-1.9,0.2,5.1501399,1032.3,14.4,0.15751245
1432.1,3591.2,-2,0,5.1429575,1032.7,14.4,0.157186
1427,3591.3,-5.1,0.1,5.1247851,1033.1,14.4,0.15685954
1436.1,3590.5,9.1,-0.8,5.1563171,1033.5,14.4,0.15653309
1433,3590.3,-3.1,-0.2,5.1448999,1033.9,14.4,0.15620664
1434,3589.9,1,-0.4,5.1479166,1034.3,14.4,0.15588019
1436.9,3589.3,2.9,-0.6,5.1574652,1034.7,14.4,0.15555374
1434.9,3589,-2,-0.3,5.1498561,1035.1,14.4,0.15522729
1434.1,3588.7,-0.8,-0.3,5.1465547,1035.5,14.4,0.15490084
1431.9,3588.4,-2.2,-0.3,5.13823,1035.9,14.4,0.15457439
1431,3588,-0.9,-0.4,5.134428,1036.3,14.4,0.15424794
1436,3587.4,5,-0.6,5.1515064,1036.7,14.4,0.15392149
1437.1,3586.8,1.1,-0.6,5.1545903,1037.1,14.4,0.15359504
1327.9,3592.9,-109.2,6.1,4.7710119,1037.5,14.4,0.15326859
1238,3598,-89.9,5.1,4.454324,1037.8,14.4,0.15302375
1128,3604.6,-110,6.6,4.0659888,1038.1,14.4,0.15277891
1031,3610.6,-97,6,3.7225286,1038.4,14.4,0.15253407
927.1,3617.3,-103.9,6.7,3.3535988,1038.7,14.4,0.15228924
830,3623.7,-97.1,6.4,3.007671,1038.9,14.4,0.15212601
733,3630.2,-97,6.5,2.6609366,1039.1,14.4,0.15196278
628,3637.3,-105,7.1,2.2842244,1039.3,14.4,0.15179956
529.1,3644.2,-98.9,6.9,1.9281462,1039.4,14.4,0.15171795
528,3645.6,-1.1,1.4,1.9248768,1039.6,14.4,0.15155472
532.1,3646.3,4.1,0.7,1.9401962,1039.7,14.4,0.15147311
528.9,3647.5,-3.2,1.2,1.9291628,1039.9,14.4,0.15130988
529.9,3648.4,1,0.9,1.9332872,1040,14.4,0.15122827
526.2,3649.4,-3.7,1,1.9203143,1040.2,14.4,0.15106505
530,3650,3.8,0.6,1.9345,1040.3,14.4,0.15098343
527.1,3650.9,-2.9,0.9,1.9243894,1040.4,14.4,0.15090182
521,3652,-6.1,1.1,1.902692,1040.6,14.4,0.15073859
524.1,3652.5,3.1,0.5,1.9142752,1040.7,14.4,0.15065698
528.9,3652.8,4.8,0.3,1.9319659,1040.9,14.4,0.15049376
524,3653.8,-4.9,1,1.9145912,1041,14.4,0.15041214
525.2,3654.3,1.2,0.5,1.9192384,1041.2,14.4,0.15024892
663,3646.8,137.8,-7.5,2.4178284,1041.4,14.4,0.15008569
800.1,3639,137.1,-7.8,2.9115639,1041.6,14.4,0.14992247
926,3631.5,125.9,-7.5,3.362769,1041.8,14.4,0.14975924
1055,3623.5,129,-8,3.8227925,1042.1,14.4,0.1495144
1194.8,3614.7,139.8,-8.8,4.3188436,1042.5,14.4,0.14918795
1326.1,3606.1,131.3,-8.6,4.7820492,1042.8,14.4,0.14894312
1461.9,3596.9,135.8,-9.2,5.2583081,1043.2,14.4,0.14861667
1594,3587.8,132.1,-9.1,5.7189532,1043.7,14.4,0.1482086
1729,3578.3,135,-9.5,6.1868807,1044.2,14.4,0.14780054
1865.9,3568.4,136.9,-9.9,6.6582776,1044.7,14.4,0.14739248
1867,3566.3,1.1,-2.1,6.6582821,1045.2,14.4,0.14698441
1865,3564.7,-2,-1.6,6.6481655,1045.7,14.4,0.14657635
1864.1,3563,-0.9,-1.7,6.6417883,1046.2,14.4,0.14616829
1861,3561.5,-3.1,-1.5,6.6279515,1046.7,14.4,0.14576022
1863.2,3559.9,2.2,-1.6,6.6328057,1047.3,14.4,0.14527055
1866,3558.2,2.8,-1.7,6.6396012,1047.8,14.4,0.14486248
1864.1,3556.8,-1.9,-1.4,6.6302309,1048.3,14.4,0.14445442
1863,3555.4,-1.1,-1.4,6.6237102,1048.8,14.4,0.14404636
1864,3554,1,-1.4,6.624656,1049.3,14.4,0.14363829
1832,3554.5,-32,0.5,6.511844,1049.8,14.4,0.14323023
1809.1,3554.6,-22.9,0.1,6.4306269,1050.3,14.4,0.14282217
1773.1,3555.6,-36,1,6.3044344,1050.8,14.4,0.1424141
1774,3554.5,0.9,-1.1,6.305683,1051.3,14.4,0.14200604
1779,3553.1,5,-1.4,6.3209649,1051.8,14.4,0.14159798
1774,3552.3,-5,-0.8,6.3017802,1052.3,14.4,0.14118991
1778.1,3551,4.1,-1.3,6.3140331,1052.8,14.4,0.14078185
1773,3550.3,-5.1,-0.7,6.2946819,1053.3,14.4,0.14037379
1693.1,3554,-79.9,3.7,6.0172774,1053.8,14.4,0.13996572
1613.1,3558,-80,4,5.7394098,1054.2,14.4,0.13963927
1534,3562.2,-79.1,4.2,5.4644148,1054.7,14.4,0.13923121
1450.1,3566.9,-83.9,4.7,5.1723617,1055.1,14.4,0.13890476
1371,3571.4,-79.1,4.5,4.8963894,1055.4,14.4,0.13865992
1372.1,3571.3,1.1,-0.1,4.9001807,1055.8,14.4,0.13833347
1373.9,3571.1,1.8,-0.2,4.9063343,1056.2,14.4,0.13800702
1368,3571.3,-5.9,0.2,4.8855384,1056.6,14.4,0.13768057
1369,3571,1,-0.3,4.888699,1057,14.4,0.13735412
1370,3570.7,1,-0.3,4.891859,1057.3,14.4,0.13710928
1371.2,3570.4,1.2,-0.3,4.8957325,1057.7,14.4,0.13678283
1372.9,3569.9,1.7,-0.5,4.9011157,1058.1,14.4,0.13645638
1367,3570,-5.9,0.1,4.88019,1058.5,14.5,0.13612993
1373.1,3569.4,6.1,-0.6,4.9011431,1058.9,14.5,0.13580348
1372,3569.1,-1.1,-0.3,4.8968052,1059.2,14.5,0.13555864
1373.1,3568.7,1.1,-0.4,4.900182,1059.6,14.5,0.13523219
1371.1,3568.4,-2,-0.3,4.8926332,1060,14.5,0.13490574
1373,3567.9,1.9,-0.5,4.8987267,1060.4,14.5,0.13457929
1368,3567.9,-5,0,4.8808872,1060.8,14.5,0.13425284
1368,3567.5,0,-0.4,4.88034,1061.1,14.5,0.134008
1374,3566.8,6,-0.7,4.9007832,1061.5,14.5,0.13368155
1373,3566.5,-1,-0.3,4.8968045,1061.9,14.5,0.1333551
1375.1,3566,2.1,-0.5,4.9036066,1062.3,14.5,0.13302865
1374.9,3565.6,-0.2,-0.4,4.9023434,1062.7,14.5,0.1327022
1373.1,3565.4,-1.8,-0.2,4.8956507,1063.1,14.5,0.13237574
1371,3565.1,-2.1,-0.3,4.8877521,1063.4,14.5,0.13213091
1367.1,3564.9,-3.9,-0.2,4.8735748,1063.8,14.5,0.13180446
1361.1,3564.9,-6,0,4.8521854,1064.2,14.5,0.13147801
1368,3564.1,6.9,-0.8,4.8756888,1064.6,14.5,0.13115155
1370.2,3563.6,2.2,-0.5,4.8828447,1064.9,14.5,0.13090672
1369,3563.2,-1.2,-0.4,4.8780208,1065.3,14.5,0.13058027
1369,3562.8,0,-0.4,4.8774732,1065.7,14.5,0.13025382
-900.2,3698.3,-2269.2,135.5,-3.3292097,1065.5,14.5,0.13041704
-898,3705,2.2,6.7,-3.32709,1065.3,14.5,0.13058027
-897.1,3710.1,0.9,5.1,-3.3283307,1065,14.5,0.1308251
-900,3714.8,-2.9,4.7,-3.34332,1064.8,14.5,0.13098833
-900.1,3718.9,-0.1,4.1,-3.3473819,1064.5,14.5,0.13123317
-902,3722.7,-1.9,3.8,-3.3578754,1064.3,14.5,0.13139639
-898.1,3725.8,3.9,3.1,-3.346141,1064,14.5,0.13164123
-901.1,3729.3,-3,3.5,-3.3604722,1063.8,14.5,0.13180446
-903,3732.5,-1.9,3.2,-3.3704475,1063.5,14.5,0.13204929
-902.1,3735.3,0.9,2.8,-3.3696141,1063.3,14.5,0.13221252
-906.1,3738.2,-4,2.9,-3.387183,1063,14.5,0.13245736
-897,3740.4,9.1,2.2,-3.3551388,1062.8,14.5,0.13262058
-898.1,3743,-1.1,2.6,-3.3615883,1062.5,14.5,0.13286542
-900.2,3745.6,-2.1,2.6,-3.3717891,1062.3,14.5,0.13302865
-901,3748.1,-0.8,2.5,-3.3770381,1062,14.5,0.13327348
-898.2,3750.1,2.8,2,-3.3683398,1061.8,14.5,0.13343671
-905,3752.7,-6.8,2.6,-3.3961935,1061.5,14.5,0.13368155
-900,3754.6,5,1.9,-3.37914,1061.3,14.5,0.13384477
-896.2,3756.5,3.8,1.9,-3.3665753,1061,14.5,0.13408961
-901,3758.8,-4.8,2.3,-3.3866788,1060.8,14.5,0.13425284
-896.2,3760.4,4.8,1.6,-3.3700705,1060.5,14.5,0.13449767
-896,3762.3,0.2,1.9,-3.3710208,1060.3,14.5,0.1346609
-898.1,3764.2,-2.1,1.9,-3.380628,1060,14.5,0.13490574
-904,3766.4,-5.9,2.2,-3.4048256,1059.8,14.5,0.13506896
-902.1,3768,1.9,1.6,-3.3991128,1059.5,14.5,0.1353138
-898.3,3769.5,3.8,1.5,-3.3861419,1059.3,14.5,0.13547703
-903,3771.4,-4.7,1.9,-3.4055742,1059,14.5,0.13572186
-901.2,3772.9,1.8,1.5,-3.4001375,1058.8,14.5,0.13588509
-895,3774.1,6.2,1.2,-3.3778195,1058.5,14.5,0.13612993
-904.2,3776.2,-9.2,2.1,-3.41444,1058.3,14.5,0.13629315
-906,3777.7,-1.8,1.5,-3.4225962,1058,14.5,0.13653799
-896.1,3778.6,9.9,0.9,-3.3860035,1057.8,14.5,0.13670122
-899,3780.2,-2.9,1.6,-3.3983998,1057.5,14.5,0.13694605
-904,3781.9,-5,1.7,-3.4188376,1057.3,14.5,0.13710928
-899.1,3782.9,4.9,1,-3.4012054,1057,14.5,0.13735412
-904,3784.5,-4.9,1.6,-3.421188,1056.8,14.5,0.13751734
-901.2,3785.6,2.8,1.1,-3.4115827,1056.5,14.5,0.13776218
-579.1,3768.7,322.1,-16.9,-2.1824542,1056.3,14.4,0.13792541
-255.1,3750.8,324,-17.9,-0.95682908,1056.3,14.4,0.13792541
67,3732.3,322.1,-18.5,0.2500641,1056.3,14.4,0.13792541
70,3731.4,3,-0.9,0.261198,1056.3,14.4,0.13792541
66,3731.2,-4,-0.2,0.2462592,1056.3,14.4,0.13792541
67,3730.8,1,-0.4,0.2499636,1056.3,14.4,0.13792541
74,3730.1,7,-0.7,0.2760274,1056.3,14.4,0.13792541
68,3730.3,-6,0.2,0.2536604,1056.4,14.4,0.13784379
66,3730.3,-2,0,0.2461998,1056.4,14.4,0.13784379
67,3730.2,1,-0.1,0.2499234,1056.4,14.4,0.13784379
70,3729.9,3,-0.3,0.261093,1056.4,14.4,0.13784379
510.1,3704.9,440.1,-25,1.8898695,1056.5,14.4,0.13776218
942.9,3679.1,432.8,-25.8,3.4690234,1056.8,14.4,0.13751734
1389,3651.6,446.1,-27.5,5.0720724,1057.2,14.4,0.13719089
1827.9,3623.6,438.9,-28,6.6235784,1057.7,14.4,0.13678283
1834,3619.6,6.1,-4,6.6383464,1058.2,14.4,0.13637477
1831.1,3616.6,-2.9,-3,6.6223563,1058.7,14.4,0.1359667
1831,3613.6,-0.1,-3,6.6165016,1059.2,14.4,0.13555864
1832.1,3610.7,1.1,-2.9,6.6151635,1059.7,14.4,0.13515058
1829,3608.2,-3.1,-2.5,6.5993978,1060.2,14.4,0.13474251
1834.1,3605.3,5.1,-2.9,6.6124807,1060.8,14.4,0.13425284
1834,3602.8,-0.1,-2.5,6.6075352,1061.3,14.4,0.13384477
1834.1,3600.3,0.1,-2.5,6.6033102,1061.8,14.4,0.13343671
1833,3598,-1.1,-2.3,6.595134,1062.3,14.4,0.13302865
1834,3595.6,1,-2.4,6.5943304,1062.8,14.4,0.13262058
1833,3593.3,-1,-2.3,6.5865189,1063.3,14.4,0.13221252
1831.1,3591.2,-1.9,-2.1,6.5758463,1063.8,14.4,0.13180446
1829,3589.1,-2.1,-2.1,6.5644639,1064.3,14.4,0.13139639
1829.1,3586.9,0.1,-2.2,6.5607988,1064.8,14.4,0.13098833
1832.8,3584.6,3.7,-2.3,6.5698549,1065.3,14.4,0.13058027
-195.1,3700.5,-2027.9,115.9,-0.72196755,1065.3,14.4,0.13058027
-193,3704.2,2.1,3.7,-0.7149106,1065.2,14.4,0.13066188
-25,3697.1,168,-7.1,-0.0924275,1065.2,14.4,0.13066188
144.2,3688.9,169.2,-8.2,0.53193938,1065.3,14.4,0.13058027
323,3679.6,178.8,-9.3,1.1885108,1065.4,14.4,0.13049865
495,3670,172,-9.6,1.81665,1065.5,14.4,0.13041704
664,3660.1,169,-9.9,2.4303064,1065.7,14.4,0.13025382
837,3649.7,173,-10.4,3.0547989,1065.9,14.4,0.13009059
1007.1,3639,170.1,-10.7,3.6648369,1066.2,14.4,0.12984575
1006,3637.9,-1.1,-1.1,3.6597274,1066.5,14.4,0.12960091
1005.1,3637,-0.9,-0.9,3.6555487,1066.8,14.4,0.12935608
1008,3635.9,2.9,-1.1,3.6649872,1067,14.4,0.12919285
1004,3635.4,-4,-0.5,3.6499416,1067.3,14.4,0.12894801
1008.1,3634.3,4.1,-1.1,3.6637378,1067.6,14.4,0.12870317
1009,3633.5,0.9,-0.8,3.6662015,1067.9,14.4,0.12845834
1000.1,3633.3,-8.9,-0.2,3.6336633,1068.1,14.4,0.12829511
1007,3632.2,6.9,-1.1,3.6576254,1068.4,14.4,0.12805027
1006,3631.6,-1,-0.6,3.6533896,1068.7,14.4,0.12780544
1011,3630.6,5,-1,3.6705366,1069,14.4,0.1275606
1010,3630,-1,-0.6,3.6663,1069.3,14.4,0.12731576
1013.1,3629.2,3.1,-0.8,3.6767425,1069.6,14.4,0.12707092
1003,3629.2,-10.1,0,3.6400876,1069.8,14.4,0.1269077
1003.1,3628.5,0.1,-0.7,3.6397484,1070.1,14.4,0.12666286
1007,3627.7,3.9,-0.8,3.6530939,1070.4,14.4,0.12641802
1008.1,3627,1.1,-0.7,3.6563787,1070.7,14.4,0.12617318
1010,3626.4,1.9,-0.6,3.662664,1070.9,14.4,0.12600996
1004.2,3626.1,-5.8,-0.3,3.6413296,1071.2,14.4,0.12576512
1002,3625.7,-2.2,-0.4,3.6329514,1071.5,14.4,0.12552028
1009.1,3624.7,7.1,-1,3.6576848,1071.8,14.4,0.12527544
907.9,3630.1,-101.2,5.4,3.2957678,1072,14.4,0.12511222
812.1,3635.5,-95.8,5.4,2.9523895,1072.3,14.4,0.12486738
714.9,3641.2,-97.2,5.7,2.6030939,1072.5,14.4,0.12470415
620,3646.9,-94.9,5.7,2.261078,1072.6,14.4,0.12462254
518,3653.3,-102,6.4,1.8924094,1072.8,14.4,0.12445932
418.1,3659.6,-99.9,6.3,1.5300788,1072.9,14.4,0.1243777
426.9,3659.9,8.8,0.3,1.5624113,1073,14.4,0.12429609
420,3660.9,-6.9,1,1.537578,1073.1,14.4,0.12421448
423,3661.2,3,0.3,1.5486876,1073.2,14.4,0.12413287
422.1,3661.7,-0.9,0.5,1.5456036,1073.4,14.4,0.12396964
420,3662.3,-2.1,0.6,1.538166,1073.5,14.4,0.12388803
427.1,3662.3,7.1,0,1.5641683,1073.6,14.4,0.12380641
417,3663.3,-10.1,1,1.5275961,1073.7,14.4,0.1237248
417,3663.6,0,0.3,1.5277212,1073.8,14.4,0.12364319
417,3663.9,0,0.3,1.5278463,1073.9,14.4,0.12356158
421.9,3664,4.9,0.1,1.5458416,1074.1,14.4,0.12339835
428,3663.9,6.1,-0.1,1.5681492,1074.2,14.4,0.12331674
420,3664.7,-8,0.8,1.539174,1074.3,14.4,0.12323513
419.1,3665,-0.9,0.3,1.5360015,1074.4,14.4,0.12315351
424.9,3664.9,5.8,-0.1,1.557216,1074.5,14.4,0.1230719
420.1,3665.4,-4.8,0.5,1.5398345,1074.7,14.4,0.12290868
416,3665.9,-4.1,0.5,1.5250144,1074.8,14.4,0.12282706
424.2,3665.7,8.2,-0.2,1.5549899,1074.9,14.4,0.12274545
422.1,3666,-2.1,0.3,1.5474186,1075,14.4,0.12266384
419.1,3666.4,-3,0.4,1.5365882,1075.1,14.4,0.12258222
416,3666.8,-3.1,0.4,1.5253888,1075.2,14.4,0.12250061
421.1,3666.6,5.1,-0.2,1.5440053,1075.4,14.4,0.12233739
420,3666.9,-1.1,0.3,1.540098,1075.5,14.4,0.12225577
422.1,3667,2.1,0.1,1.5478407,1075.6,14.4,0.12217416
426,3666.9,3.9,-0.1,1.5620994,1075.7,14.4,0.12209255
422.1,3667.3,-3.9,0.4,1.5479673,1075.8,14.4,0.12201094
419.2,3667.6,-2.9,0.3,1.5374579,1075.9,14.4,0.12192932
418,3667.9,-1.2,0.3,1.5331822,1076.1,14.4,0.1217661
1887,3582,1469,-85.9,6.759234,1076.6,14.4,0.12135803
1895.9,3577.3,8.9,-4.7,6.7822031,1077.1,14.4,0.12094997
1891,3574.2,-4.9,-3.1,6.7588122,1077.6,14.4,0.12054191
1884,3571.6,-7,-2.6,6.7288944,1078.1,14.3,0.12013384
1897,3568.1,13,-3.5,6.7686857,1078.6,14.3,0.11972578
1888,3566.1,-9,-2,6.7327968,1079.2,14.3,0.11923611
1886.1,3563.8,-1.9,-2.3,6.7216832,1079.7,14.3,0.11882804
1889.1,3561.3,3,-2.5,6.7276518,1080.2,14.3,0.11841998
1889,3559,-0.1,-2.3,6.722951,1080.7,14.3,0.11801192
1891,3556.7,2,-2.3,6.7257197,1081.3,14.3,0.11752224
1891,3554.6,0,-2.1,6.7217486,1081.8,14.3,0.11711418
1844,3555.3,-47,0.7,6.5559732,1082.3,14.3,0.11670611
1791.2,3556.5,-52.8,1.2,6.3704028,1082.8,14.3,0.11629805
1730,3558.4,-61.2,1.9,6.156032,1083.3,14.3,0.11588999
1684.2,3559.7,-45.8,1.3,5.9952467,1083.7,14.3,0.11556354
1633,3561.3,-51.2,1.6,5.8156029,1084.2,14.3,0.11515547
1581.1,3563.2,-51.9,1.9,5.6337755,1084.6,14.3,0.11482902
1525,3565.4,-56.1,2.2,5.437235,1085.1,14.3,0.11442096
1471,3567.7,-54,2.3,5.2480867,1085.5,14.4,0.11409451
1423.1,3569.6,-47.9,1.9,5.0798978,1085.9,14.4,0.11376806
1371,3572.1,-52.1,2.5,4.8973491,1086.2,14.4,0.11352322
1317.1,3574.6,-53.9,2.5,4.7081057,1086.6,14.4,0.11319677
1262,3577.4,-55.1,2.8,4.5146788,1087,14.4,0.11287032
1267,3576.7,5,-0.7,4.5316789,1087.3,14.4,0.11262548
1264.1,3576.3,-2.9,-0.4,4.5208008,1087.7,14.4,0.11229903
1268,3575.6,3.9,-0.7,4.5338608,1088,14.4,0.11205419
1266.1,3575.1,-1.9,-0.5,4.5264341,1088.4,14.4,0.11172774
1262,3574.8,-4.1,-0.3,4.5113976,1088.7,14.4,0.1114829
1264,3574.1,2,-0.7,4.5176624,1089.1,14.4,0.11115645
1267,3573.3,3,-0.8,4.5273711,1089.4,14.4,0.11091161
1270,3572.5,3,-0.8,4.537075,1089.8,14.4,0.11058516
1263.9,3572.3,-6.1,-0.2,4.51503,1090.1,14.4,0.11034032
1266.9,3571.5,3,-0.8,4.5247333,1090.5,14.4,0.11001387
1263.9,3571,-3,-0.5,4.5133869,1090.8,14.4,0.10976904
1265.1,3570.3,1.2,-0.7,4.5167865,1091.2,14.4,0.10944259
1259,3570.1,-6.1,-0.2,4.4947559,1091.5,14.4,0.10919775
1268.1,3568.9,9.1,-1.2,4.5257221,1091.9,14.4,0.1088713
1265.9,3568.4,-2.2,-0.5,4.5172376,1092.2,14.4,0.10862646
1269.1,3567.5,3.2,-0.9,4.5275142,1092.6,14.4,0.10830001
1197.9,3571.2,-71.2,3.7,4.2779405,1092.9,14.4,0.10805517
1126.1,3575.1,-71.8,3.9,4.0259201,1093.2,14.4,0.10781033
1057,3579.1,-69.1,4,3.7831087,1093.5,14.4,0.10756549
988,3583.3,-69,4.2,3.5403004,1093.8,14.4,0.10732066
916.1,3587.8,-71.9,4.5,3.2867836,1094,14.4,0.10715743
853.9,3591.8,-62.2,4,3.067038,1094.3,14.4,0.10691259
786.1,3596.3,-67.8,4.5,2.8270514,1094.5,14.4,0.10674937
718,3601,-68.1,4.7,2.585518,1094.7,14.4,0.10658614
645.1,3606,-72.9,5,2.3262306,1094.9,14.4,0.10642292
574,3611.1,-71.1,5.1,2.0727714,1095,14.4,0.1063413
507.1,3616.1,-66.9,5,1.8337243,1095.2,14.4,0.10617808
440,3621.1,-67.1,5,1.593284,1095.3,14.4,0.10609647
370.1,3626.4,-69.9,5.3,1.3421306,1095.4,14.4,0.10601485
297,3632,-73.1,5.6,1.078704,1095.5,14.4,0.10593324
300.1,3633.2,3.1,1.2,1.0903233,1095.6,14.4,0.10585163
304,3634.1,3.9,0.9,1.1047664,1095.7,14.4,0.10577002
303.1,3635.2,-0.9,1.1,1.1018291,1095.7,14.4,0.10577002
305,3636.2,1.9,1,1.109041,1095.8,14.4,0.1056884
303.1,3637.2,-1.9,1,1.1024353,1095.9,14.4,0.10560679
302,3638.2,-1.1,1,1.0987364,1096,14.4,0.10552518
304,3638.9,2,0.7,1.1062256,1096.1,14.4,0.10544356
301.1,3640,-2.9,1.1,1.096004,1096.2,14.4,0.10536195
1588.9,3563.6,1287.8,-76.4,5.662204,1096.6,14.4,0.1050355
1586.9,3560.1,-2,-3.5,5.6495227,1097,14.4,0.10470905
1580.1,3557.7,-6.8,-2.4,5.6215218,1097.5,14.4,0.10430099
1591,3554.6,10.9,-3.1,5.6553686,1097.9,14.4,0.10397454
1587.1,3552.7,-3.9,-1.9,5.6384902,1098.4,14.4,0.10356647
1586.9,3550.6,-0.2,-2.1,5.6344471,1098.8,14.4,0.10324002
1589,3548.6,2.1,-2,5.6387254,1099.3,14.4,0.10283196
1586.9,3546.8,-2.1,-1.8,5.6284169,1099.7,14.4,0.10250551
1589.1,3544.9,2.2,-1.9,5.6332006,1100.1,14.4,0.10217906
1586.9,3543.3,-2.2,-1.6,5.6228628,1100.6,14.4,0.10177099
1593,3541.2,6.1,-2.1,5.6411316,1101,14.4,0.10144454
1590.1,3539.7,-2.9,-1.5,5.628477,1101.5,14.4,0.10103648
1584,3538.4,-6.1,-1.3,5.6048256,1101.9,14.4,0.10071003
1586.1,3536.7,2.1,-1.7,5.6095599,1102.3,14.4,0.10038358
340,3611.4,-1246.1,74.7,1.227876,1102.4,14.4,0.10030197
338.1,3614.6,-1.9,3.2,1.2220963,1102.5,14.4,0.10022035
332.9,3617,-5.2,2.4,1.2040993,1102.6,14.4,0.10013874
331.1,3618.9,-1.8,1.9,1.1982178,1102.7,14.4,0.10005713
336,3620.1,4.9,1.2,1.2163536,1102.8,14.4,0.099975516
471.9,3613.2,135.9,-6.9,1.7050691,1102.9,14.4,0.099893904
624,3604.7,152.1,-8.5,2.2493328,1103.1,14.4,0.099730678
766,3596.4,142,-8.3,2.7548424,1103.3,14.4,0.099567453
910,3587.4,144,-9,3.264534,1103.6,14.4,0.099322615
1053.1,3578.1,143.1,-9.3,3.7680971,1103.9,14.4,0.099077777
1197.9,3568.3,144.8,-9.8,4.2744666,1104.2,14.4,0.098832939
1347.1,3557.9,149.2,-10.4,4.7928471,1104.6,14.4,0.098506488
1485.9,3547.7,138.8,-10.2,5.2715274,1105,14.4,0.098180038
1632,3536.7,146.1,-11,5.7718944,1105.4,14.4,0.097853587
1629.3,3534.5,-2.7,-2.2,5.7587608,1105.9,14.4,0.097445524
1629.1,3532.3,-0.2,-2.2,5.7544699,1106.4,14.4,0.09703746
1630,3530.1,0.9,-2.2,5.754063,1106.8,14.4,0.09671101
1630,3528.2,0,-1.9,5.750966,1107.3,14.4,0.096302946
1625.1,3526.6,-4.9,-1.6,5.7310777,1107.7,14.4,0.095976496
1629.1,3524.4,4,-2.2,5.7416,1108.2,14.4,0.095568432
1634,3522.4,4.9,-2,5.7556016,1108.6,14.4,0.095241982
1627.1,3521,-6.9,-1.4,5.7290191,1109.1,14.4,0.094833918
1627.9,3519.2,0.8,-1.8,5.7289057,1109.5,14.4,0.094507468
1633,3517.1,5.1,-2.1,5.7434243,1110,14.4,0.094099404
1635,3515.3,2,-1.8,5.7475155,1110.4,14.4,0.093772954
1631,3513.8,-4,-1.5,5.7310078,1110.9,14.4,0.09336489
1635.2,3511.9,4.2,-1.9,5.7426589,1111.3,14.4,0.09303844
1632,3510.4,-3.2,-1.5,5.7289728,1111.8,14.4,0.092630376
1632.1,3508.7,0.1,-1.7,5.7265493,1112.2,14.4,0.092303926
1625,3507.5,-7.1,-1.2,5.6996875,1112.7,14.4,0.091895862
1632,3505.4,7,-2.1,5.7208128,1113.1,14.4,0.091569412
1629.1,3504,-2.9,-1.4,5.7083664,1113.6,14.4,0.091161348
1629,3502.4,-0.1,-1.6,5.7054096,1114.1,14.4,0.090753285
1554.1,3505.5,-74.9,3.1,5.4478976,1114.5,14.4,0.090426834
1473.9,3509.3,-80.2,3.8,5.1723573,1114.9,14.4,0.090100384
1400,3513,-73.9,3.7,4.9182,1115.3,14.4,0.089773933
1314.1,3517.7,-85.9,4.7,4.6226096,1115.6,14.4,0.089529095
1237,3522.2,-77.1,4.5,4.3569614,1116,14.4,0.089202644
1152,3527.3,-85,5.1,4.0634496,1116.3,14.4,0.088957806
1077.9,3532,-74.1,4.7,3.8071428,1116.6,14.4,0.088712968
1086.1,3531.7,8.2,-0.3,3.8357794,1116.9,14.4,0.08846813
1077.9,3532.2,-8.2,0.5,3.8073584,1117.2,14.4,0.088223292
1075.1,3532.4,-2.8,0.2,3.7976832,1117.5,14.4,0.087978454
1080,3531.9,4.9,-0.5,3.814452,1117.8,14.4,0.087733616
1075.9,3532,-4.1,0.1,3.8000788,1118.1,14.4,0.087488778
1078.1,3531.7,2.2,-0.3,3.8075258,1118.4,14.4,0.08724394
1081,3531.3,2.9,-0.4,3.8173353,1118.7,14.4,0.086999102
1079.1,3531.2,-1.9,-0.1,3.8105179,1119,14.4,0.086754264
1083.9,3530.6,4.8,-0.6,3.8268173,1119.3,14.4,0.086509426
1082,3530.4,-1.9,-0.2,3.8198928,1119.6,14.4,0.086264588
1077.9,3530.3,-4.1,-0.1,3.8053104,1119.9,14.4,0.08601975
1084,3529.6,6.1,-0.7,3.8260864,1120.2,14.4,0.085774912
1075.9,3529.7,-8.1,0.1,3.7976042,1120.5,14.4,0.085530074
1084,3528.9,8.1,-0.8,3.8253276,1120.8,14.4,0.085285236
1076.9,3528.9,-7.1,0,3.8002724,1121.1,14.4,0.085040398
1077.1,3528.5,0.2,-0.4,3.8005473,1121.4,14.5,0.08479556
1083,3527.8,5.9,-0.7,3.8206074,1121.7,14.5,0.084550722
1073.1,3528,-9.9,0.2,3.7858968,1122,14.5,0.084305884
1081,3527.1,7.9,-0.9,3.8127951,1122.3,14.5,0.084061046
1083,3526.5,2,-0.6,3.8191995,1122.6,14.5,0.083816208
1081,3526.1,-2,-0.4,3.8117141,1122.9,14.5,0.08357137
1074,3526.1,-7,0,3.7870314,1123.2,14.5,0.083326532
1120,3522.8,46,-3.3,3.945536,1123.5,14.5,0.083081694
1163.9,3519.3,43.9,-3.5,4.0961133,1123.9,14.5,0.082755244
1205.1,3515.8,41.2,-3.5,4.2368906,1124.2,14.5,0.082510406
1245,3512.3,39.9,-3.5,4.3728135,1124.5,14.5,0.082265568
1290,3508.3,45,-4,4.525707,1124.9,14.5,0.081939117
1330,3504.5,40,-3.8,4.660985,1125.3,14.5,0.081612666
1365,3500.8,35,-3.7,4.778592,1125.6,14.5,0.081367828
1409,3496.5,44,-4.3,4.9265685,1126,14.5,0.081041378
1449,3492.3,40,-4.2,5.0603427,1126.4,14.5,0.080714927
1499,3487.2,50,-5.1,5.2273128,1126.9,14.5,0.080306864
1538,3482.8,39,-4.4,5.3565464,1127.3,14.5,0.079980413
1575,3478.3,37,-4.5,5.4783225,1127.7,14.5,0.079653962
1620,3473.2,45,-5.1,5.626584,1128.2,14.5,0.079245899
1656.9,3468.4,36.9,-4.8,5.746792,1128.6,14.5,0.078919448
1663,3465.6,6.1,-2.8,5.7632928,1129.1,14.5,0.078511385
1375,3482.2,-288,16.6,4.788025,1129.5,14.5,0.078184934
1093.1,3500,-281.9,17.8,3.82585,1129.8,14.5,0.077940096
1092,3500.5,-1.1,0.5,3.822546,1130.1,14.5,0.077695258
1099,3500.2,7,-0.3,3.8467198,1130.4,14.5,0.07745042
1092,3500.5,-7,0.3,3.822546,1130.7,14.5,0.077205582
1092.1,3500.3,0.1,-0.2,3.8226776,1131,14.5,0.076960744
1094,3499.9,1.9,-0.4,3.8288906,1131.3,14.5,0.076715906
1101.1,3499.1,7.1,-0.8,3.852859,1131.6,14.5,0.076471068
1094,3499.2,-7.1,0.1,3.8281248,1131.9,14.5,0.07622623
1096.1,3498.7,2.1,-0.5,3.8349251,1132.2,14.5,0.075981392
1096,3498.2,-0.1,-0.5,3.8340272,1132.5,14.5,0.075736554
1097.1,3497.6,1.1,-0.6,3.837217,1132.8,14.5,0.075491716
1097,3497.2,-0.1,-0.4,3.8364284,1133.1,14.5,0.075246878
1096.1,3496.7,-0.9,-0.5,3.8327329,1133.4,14.5,0.07500204
1099,3496,2.9,-0.7,3.842104,1133.7,14.5,0.074757202
1096,3495.6,-3,-0.4,3.8311776,1134,14.5,0.074512364
1093,3495.2,-3,-0.4,3.8202536,1134.3,14.5,0.074267526
1101.1,3494.1,8.1,-1.1,3.8473535,1134.6,14.5,0.074022688
960,3502.8,-141.1,8.7,3.362688,1134.9,14.5,0.07377785
816.2,3512.4,-143.8,9.6,2.8668209,1135.1,14.5,0.073614625
674,3522.4,-142.2,10,2.3740976,1135.3,14.5,0.0734514
535.1,3532.6,-138.9,10.2,1.8902943,1135.5,14.5,0.073288174
394,3543.3,-141.1,10.7,1.3960602,1135.6,14.5,0.073206562
249.2,3554.7,-144.8,11.4,0.88583124,1135.7,14.5,0.073124949
115,3565.7,-134.2,11,0.4100555,1135.7,14.5,0.073124949
-30,3577.7,-145,12,-0.107331,1135.7,14.5,0.073124949
-172.1,3589.6,-142.1,11.9,-0.61777016,1135.7,14.5,0.073124949
-307,3601.4,-134.9,11.8,-1.1056298,1135.6,14.5,0.073206562
-448.1,3613.7,-141.1,12.3,-1.619299,1135.5,14.5,0.073288174
-591.1,3626.2,-143,12.5,-2.1434468,1135.3,14.5,0.0734514
-595,3630.3,-3.9,4.1,-2.1600285,1135.1,14.5,0.073614625
-595,3633.8,0,3.5,-2.162111,1135,14.5,0.073696238
-597.2,3637.3,-2.2,3.5,-2.1721956,1134.8,14.5,0.073859463
-596,3640.3,1.2,3,-2.1696188,1134.6,14.5,0.074022688
-594.2,3643.1,1.8,2.8,-2.16473,1134.5,14.5,0.074104301
-594,3646,0.2,2.9,-2.165724,1134.3,14.5,0.074267526
-597.1,3648.8,-3.1,2.8,-2.1786985,1134.1,14.5,0.074430752
-592,3651.1,5.1,2.3,-2.1614512,1134,14.5,0.074512364
-591.1,3653.6,0.9,2.5,-2.159643,1133.8,14.5,0.07467559
-594.2,3656.3,-3.1,2.7,-2.1725735,1133.6,14.5,0.074838815
-595.1,3658.7,-0.9,2.4,-2.1772924,1133.5,14.5,0.074920428
-593.3,3660.9,1.8,2.2,-2.172012,1133.3,14.5,0.075083653
-589.1,3662.9,4.2,2,-2.1578144,1133.1,14.5,0.075246878
-599,3665.8,-9.9,2.9,-2.1958142,1133,14.5,0.075328491
-587.1,3667.2,11.9,1.4,-2.1530131,1132.8,14.5,0.075491716
-596.1,3669.8,-9,2.6,-2.1875678,1132.7,14.5,0.075573329
-593.2,3671.6,2.9,1.8,-2.1779931,1132.5,14.5,0.075736554
-592.1,3673.6,1.1,2,-2.1751386,1132.3,14.5,0.07589978
-601.2,3676.1,-9.1,2.5,-2.2100713,1132.2,14.5,0.075981392
-595.1,3677.6,6.1,1.5,-2.1885398,1132,14.5,0.076144618
-597.2,3679.6,-2.1,2,-2.1974571,1131.8,14.5,0.076307843
-592.1,3681.1,5.1,1.5,-2.1795793,1131.7,14.5,0.076389456
-590.2,3682.8,1.9,1.7,-2.1735886,1131.5,14.5,0.076552681
-101.1,3655.2,489.1,-27.6,-0.36954072,1131.5,14.5,0.076552681
391.9,3625.4,493,-29.8,1.4207943,1131.6,14.5,0.076471068
886,3594.1,494.1,-31.3,3.1843726,1131.8,14.5,0.076307843
1377.9,3561.4,491.9,-32.7,4.9072531,1132.2,14.5,0.075981392
1871.9,3526.9,494,-34.5,6.6020041,1132.7,14.5,0.075573329
1871.9,3521.4,0,-5.5,6.5917087,1133.2,14.5,0.075165266
1871,3516.3,-0.9,-5.1,6.5789973,1133.7,14.5,0.074757202
1878,3511.2,7,-5.1,6.5940336,1134.3,14.5,0.074267526
1873,3507,-5,-4.2,6.568611,1134.8,14.5,0.073859463
1872,3502.8,-1,-4.2,6.5572416,1135.3,14.5,0.0734514
1879,3498.2,7,-4.6,6.5731178,1135.8,14.5,0.073043336
1870,3494.7,-9,-3.5,6.535089,1136.4,14.5,0.07255366
1877,3490.2,7,-4.5,6.5511054,1136.9,14.5,0.072145597
1874,3486.5,-3,-3.7,6.533701,1137.4,14.5,0.071737534
1879,3482.4,5,-4.1,6.5434296,1137.9,14.4,0.07132947
1874,3478.8,-5,-3.6,6.5192712,1138.4,14.4,0.070921407
1876,3474.9,2,-3.9,6.5189124,1139,14.4,0.070431731
1873,3471.4,-3,-3.5,6.5019322,1139.5,14.4,0.070023668
1865,3468.2,-8,-3.2,6.468193,1140,14.4,0.069615604
1872,3464.1,7,-4.1,6.4847952,1140.5,14.4,0.069207541
1869.1,3460.6,-2.9,-3.5,6.4682075,1141,14.4,0.068799478
1875,3456.6,5.9,-4,6.481125,1141.6,14.4,0.068309802
1871.1,3453.1,-3.9,-3.5,6.4610954,1142.1,14.4,0.067901738
1872.9,3449.4,1.8,-3.7,6.4603813,1142.6,14.4,0.067493675
1875.1,3445.6,2.2,-3.8,6.4608446,1143.1,14.4,0.067085612
1877.9,3441.7,2.8,-3.9,6.4631684,1143.6,14.4,0.066677548
1873.1,3438.3,-4.8,-3.4,6.4402797,1144.2,14.4,0.066187872
1872.9,3434.7,-0.2,-3.6,6.4328496,1144.7,14.4,0.065779809
1877.1,3430.8,4.2,-3.9,6.4399547,1145.2,14.4,0.065371746
1871.9,3427.4,-5.2,-3.4,6.4157501,1145.7,14.5,0.064963682
1876,3423.5,4.1,-3.9,6.422486,1146.2,14.5,0.064555619
1878,3419.7,2,-3.8,6.4221966,1146.8,14.5,0.064065943
1789.1,3422,-88.9,2.3,6.1223002,1147.3,14.5,0.06365788
1705,3424.7,-84.1,2.7,5.8391135,1147.7,14.5,0.063331429
1618,3428,-87,3.3,5.546504,1148.2,14.5,0.062923366
1541.1,3431.1,-76.9,3.1,5.2876682,1148.6,14.5,0.062596915
1450.9,3435.5,-90.2,4.4,4.984567,1149,14.5,0.062270464
1366.1,3439.9,-84.8,4.4,4.6992474,1149.4,14.5,0.061944014
1281.9,3444.5,-84.2,4.6,4.4155046,1149.7,14.5,0.061699176
1198.1,3449.6,-83.8,5.1,4.1329658,1150.1,14.5,0.061372725
1115,3454.8,-83.1,5.2,3.852102,1150.4,14.5,0.061127887
1027.1,3460.6,-87.9,5.8,3.5543823,1150.7,14.5,0.060883049
945.1,3466.4,-82,5.8,3.2760946,1150.9,14.5,0.060719824
862,3472.4,-83.1,6,2.9932088,1151.2,14.5,0.060474986
784,3478.3,-78,5.9,2.7269872,1151.4,14.5,0.06031176
694.1,3485.3,-89.9,7,2.4191467,1151.6,14.5,0.060148535
692,3486.5,-2.1,1.2,2.412658,1151.8,14.5,0.05998531
696.1,3487.1,4.1,0.6,2.4273703,1152,14.5,0.059822084
696.9,3487.6,0.8,0.5,2.4305084,1152.2,14.5,0.059658859
697,3488.1,0.1,0.5,2.4312057,1152.4,14.5,0.059495634
690,3489,-7,0.9,2.40741,1152.6,14.5,0.059332408
695,3489.1,5,0.1,2.4249245,1152.7,14.5,0.059250796
694.1,3489.4,-0.9,0.3,2.4219925,1152.9,14.5,0.05908757
694,3489.7,-0.1,0.3,2.4218518,1153.1,14.5,0.058924345
697,3489.7,3,0,2.4323209,1153.3,14.5,0.05876112
677.1,3491.2,-19.9,1.5,2.3638915,1153.5,14.5,0.058597894
650,3493.2,-27.1,2,2.27058,1153.7,14.5,0.058434669
619.1,3495.6,-30.9,2.4,2.164126,1153.9,14.5,0.058271444
592,3497.8,-27.1,2.2,2.0706976,1154,14.5,0.058189831
569.1,3499.8,-22.9,2,1.9917362,1154.2,14.5,0.058026606
541,3502.2,-28.1,2.4,1.8946902,1154.3,14.5,0.057944993
514.1,3504.6,-26.9,2.4,1.8017149,1154.5,14.5,0.057781768
484.1,3507.3,-30,2.7,1.6978839,1154.6,14.5,0.057700155
464.1,3509.4,-20,2.1,1.6287125,1154.7,14.5,0.057618542
436,3512,-28.1,2.6,1.531232,1154.9,14.5,0.057455317
416.1,3514.1,-19.9,2.1,1.462217,1155,14.5,0.057373704
386,3516.9,-30.1,2.8,1.3575234,1155.1,14.5,0.057292092
358.1,3519.7,-27.9,2.8,1.2604046,1155.2,14.5,0.057210479
330,3522.5,-28.1,2.8,1.162425,1155.3,14.5,0.057128866
335.1,3523.1,5.1,0.6,1.1805908,1155.4,14.5,0.057047254
331,3524.3,-4.1,1.2,1.1665433,1155.5,14.5,0.056965641
329.1,3525.3,-1.9,1,1.1601762,1155.6,14.5,0.056884028
336,3525.6,6.9,0.3,1.1846016,1155.6,14.5,0.056884028
336.1,3526.3,0.1,0.7,1.1851894,1155.7,14.5,0.056802416
328,3527.5,-8.1,1.2,1.15702,1155.8,14.5,0.056720803
334.1,3527.9,6.1,0.4,1.1786714,1155.9,14.5,0.05663919
331,3528.7,-3.1,0.8,1.1679997,1156,14.5,0.056557578
332.1,3529.2,1.1,0.5,1.1720473,1156.1,14.5,0.056475965
335,3529.6,2.9,0.4,1.182416,1156.2,14.5,0.056394352
334.2,3530.2,-0.8,0.6,1.1797928,1156.3,14.5,0.05631274
335,3530.7,0.8,0.5,1.1827845,1156.4,14.5,0.056231127
341,3530.8,6,0.1,1.2040028,1156.5,14.5,0.056149514
331.1,3531.9,-9.9,1.1,1.1694121,1156.6,14.5,0.056067902
334.9,3532.1,3.8,0.2,1.1829003,1156.7,14.5,0.055986289
382.1,3529.5,47.2,-2.6,1.348622,1156.8,14.5,0.055904676
423.9,3527,41.8,-2.5,1.4950953,1156.9,14.5,0.055823064
474,3523.7,50.1,-3.3,1.6702338,1157,14.5,0.055741451
517.1,3520.7,43.1,-3,1.820554,1157.2,14.5,0.055578226
564.9,3517.2,47.8,-3.5,1.9868663,1157.3,14.5,0.055496613
610.1,3513.7,45.2,-3.5,2.1437084,1157.5,14.5,0.055333388
662,3509.6,51.9,-4.1,2.3233552,1157.7,14.5,0.055170162
706.1,3505.8,44.1,-3.8,2.4754454,1157.9,14.5,0.055006937
704,3505,-2.1,-0.8,2.46752,1158.1,14.5,0.054843712
708.1,3503.7,4.1,-1.3,2.48097,1158.3,14.5,0.054680486
701,3503.3,-7.1,-0.4,2.4558133,1158.5,14.5,0.054517261
705.1,3502.3,4.1,-1,2.4694717,1158.7,14.5,0.054354036
709.9,3501.1,4.8,-1.2,2.4854309,1158.9,14.5,0.05419081
705.1,3500.7,-4.8,-0.4,2.4683436,1159,14.5,0.054109198
706.9,3499.8,1.8,-0.9,2.4740086,1159.2,14.5,0.053945972
706.1,3499,-0.8,-0.8,2.4706439,1159.4,14.5,0.053782747
710.9,3498,4.8,-1,2.4867282,1159.6,14.5,0.053619522
709.1,3497.4,-1.8,-0.6,2.4800063,1159.8,14.5,0.053456296
706,3496.9,-3.1,-0.5,2.4688114,1160,14.5,0.053293071
703.1,3496.3,-2.9,-0.6,2.4582485,1160.2,14.5,0.053129846
707.9,3495.3,4.8,-1,2.4743229,1160.4,14.5,0.05296662
707.1,3494.7,-0.8,-0.6,2.4711024,1160.6,14.5,0.052803395
707.9,3493.8,0.8,-0.9,2.473261,1160.8,14.5,0.05264017
705.2,3493.3,-2.7,-0.5,2.4634752,1161,14.5,0.052476944
708.9,3492.4,3.7,-0.9,2.4757624,1161.2,14.5,0.052313719
705,3492,-3.9,-0.4,2.46186,1161.4,14.5,0.052150494
711,3490.8,6,-1.2,2.4819588,1161.6,14.5,0.051987268
710,3490.2,-1,-0.6,2.478042,1161.8,14.5,0.051824043
707.9,3489.5,-2.1,-0.7,2.4702171,1162,14.5,0.051660818
706,3489,-1.9,-0.5,2.463234,1162.2,14.5,0.051497592
706.1,3488.3,0.1,-0.7,2.4630886,1162.4,14.5,0.051334367
705.9,3487.6,-0.2,-0.7,2.4618968,1162.6,14.5,0.051171142
705.1,3486.9,-0.8,-0.7,2.4586132,1162.8,14.5,0.051007916
704,3486.3,-1.1,-0.6,2.4543552,1163,14.5,0.050844691
708.1,3485.4,4.1,-0.9,2.4680117,1163.2,14.5,0.050681466
704,3484.9,-4.1,-0.5,2.4533696,1163.4,14.5,0.05051824
704.1,3484.2,0.1,-0.7,2.4532252,1163.6,14.5,0.050355015
706,3483.3,1.9,-0.9,2.4592098,1163.8,14.5,0.05019179
707.1,3482.5,1.1,-0.8,2.4624757,1164,14.5,0.050028564
899.9,3468.7,192.8,-13.8,3.1214831,1164.2,14.5,0.049865339
1090.1,3453.8,190.2,-14.9,3.7649874,1164.5,14.5,0.049620501
1286,3437.4,195.9,-16.4,4.4204964,1164.9,14.5,0.04929405
1471,3420.7,185,-16.7,5.0318497,1165.3,14.5,0.0489676
1661,3402.6,190,-18.1,5.6517186,1165.7,14.5,0.048641149
1658,3396.9,-3,-5.7,5.6320602,1166.2,14.5,0.048233086
1662,3391.3,4,-5.6,5.6363406,1166.6,14.5,0.047906635
1659,3386.5,-3,-4.8,5.6182035,1167.1,14.5,0.047498572
1663.1,3381.1,4.1,-5.4,5.6231074,1167.6,14.5,0.047090508
1664,3376.1,0.9,-5,5.6178304,1168,14.5,0.046764058
1665,3371,1,-5.1,5.612715,1168.5,14.5,0.046355994
1662.1,3366.4,-2.9,-4.6,5.5952934,1169,14.5,0.045947931
1660.9,3361.7,-1.2,-4.7,5.5834475,1169.4,14.5,0.04562148
1657,3357.2,-3.9,-4.5,5.5628804,1169.9,14.5,0.045213417
1662,3352,5,-5.2,5.571024,1170.3,14.5,0.044886966
1663.1,3347.1,1.1,-4.9,5.566562,1170.8,14.5,0.044478903
1659,3342.5,-4.1,-4.6,5.5452075,1171.3,14.5,0.04407084
1657.2,3337.9,-1.8,-4.6,5.5315679,1171.7,14.5,0.043744389
579.1,3416.7,-1078.1,78.8,1.978611,1171.9,14.5,0.043581164
-510,3501.6,-1089.1,84.9,-1.785816,1171.8,14.5,0.043662776
-513.2,3511.4,-3.2,9.8,-1.8020505,1171.6,14.5,0.043826002
-513.1,3518.4,0.1,7,-1.805291,1171.5,14.5,0.043907614
-509.1,3523.7,4,5.3,-1.7939157,1171.4,14.5,0.043989227
-505.1,3528.5,4,4.8,-1.7822454,1171.2,14.5,0.044152452
-509.1,3533.2,-4,4.7,-1.7987521,1171.1,14.5,0.044234065
-503.1,3536.8,6,3.6,-1.7793641,1170.9,14.5,0.04439729
-513,3541.2,-9.9,4.4,-1.8166356,1170.8,14.5,0.044478903
-513.2,3544.8,-0.2,3.6,-1.8191914,1170.6,14.5,0.044642128
-508,3547.9,5.2,3.1,-1.8023332,1170.5,14.5,0.044723741
-511.1,3551.3,-3.1,3.4,-1.8150694,1170.4,14.5,0.044805354
-508,3554.1,3.1,2.8,-1.8054828,1170.2,14.5,0.044968579
-511.1,3557.2,-3.1,3.1,-1.8180849,1170.1,14.5,0.045050192
-509,3559.9,2.1,2.7,-1.8119891,1169.9,14.5,0.045213417
-507.1,3562.4,1.9,2.5,-1.806493,1169.8,14.5,0.04529503
-506.1,3564.9,1,2.5,-1.8041959,1169.7,14.5,0.045376642
-513.1,3567.9,-7,3,-1.8306895,1169.5,14.5,0.045539868
-507.1,3570,6,2.1,-1.810347,1169.4,14.5,0.04562148
-506.1,3572.3,1,2.3,-1.807941,1169.2,14.5,0.045784706
-193.2,3554.1,312.9,-18.2,-0.68665212,1169.2,14.5,0.045784706
116.1,3534.5,309.3,-19.6,0.41035545,1169.2,14.5,0.045784706
436,3512.8,319.9,-21.7,1.5315808,1169.3,14.5,0.045703093
743,3490.6,307,-22.2,2.5935158,1169.5,14.5,0.045539868
744.9,3487.3,1.9,-3.3,2.5976898,1169.7,14.5,0.045376642
745,3484.8,0.1,-2.5,2.596176,1169.9,14.5,0.045213417
745.1,3482.5,0.1,-2.3,2.5948107,1170.1,14.5,0.045050192
745.8,3480.4,0.7,-2.1,2.5956823,1170.4,14.5,0.044805354
743.1,3478.7,-2.7,-1.7,2.585022,1170.6,14.5,0.044642128
743,3476.9,-0.1,-1.8,2.5833367,1170.8,14.5,0.044478903
746,3475,3,-1.9,2.59235,1171,14.5,0.044315678
748.1,3473.2,2.1,-1.8,2.5983009,1171.2,14.5,0.044152452
745.9,3471.7,-2.2,-1.5,2.589541,1171.4,14.5,0.043989227
946.1,3456.4,200.2,-15.3,3.2701,1171.7,14.5,0.043744389
1132.9,3440.8,186.8,-15.6,3.8980823,1172,14.5,0.043499551
1328.1,3423.5,195.2,-17.3,4.5467504,1172.3,14.5,0.043254713
1328.1,3423.5,0,0,4.5467504,1172.3,14.5,0.043254713
749.6,3475.7,-578.5,52.2,2.6053847,1172.3,14.5,0.043254713
749.9,3470.8,0.3,-4.9,2.6027529,1172.5,14.5,0.043091488
749.9,3467.8,0,-3,2.6005032,1172.7,14.5,0.042928262
750,3465.7,0.1,-2.1,2.599275,1172.9,14.5,0.042765037
750.1,3463.7,0.1,-2,2.5981214,1173.1,14.5,0.042601812
750,3461.9,-0.1,-1.8,2.596425,1173.3,14.5,0.042438586
750,3460.3,0,-1.6,2.595225,1173.5,14.5,0.042275361
750,3458.7,0,-1.6,2.594025,1173.8,14.5,0.042030523
750,3457.2,0,-1.5,2.5929,1174,14.5,0.041867298
750,3455.7,0,-1.5,2.591775,1174.2,14.5,0.041704072
750,3454.3,0,-1.4,2.590725,1174.4,14.5,0.041540847
750.1,3452.8,0.1,-1.5,2.5899453,1174.6,14.5,0.041377622
750,3451.4,-0.1,-1.4,2.58855,1174.8,14.5,0.041214396
750,3450,0,-1.4,2.5875,1175,14.5,0.041051171
750.1,3448.6,0.1,-1.4,2.5867949,1175.2,14.5,0.040887946
750,3447.2,-0.1,-1.4,2.5854,1175.4,14.5,0.04072472
750,3445.9,0,-1.3,2.584425,1175.6,14.5,0.040561495
750.1,3444.5,0.1,-1.4,2.5837195,1175.8,14.5,0.04039827
750,3443.2,-0.1,-1.3,2.5824,1176.1,14.5,0.040153432
750,3441.9,0,-1.3,2.581425,1176.3,14.5,0.039990206
750,3440.5,0,-1.4,2.580375,1176.5,14.4,0.039826981
750,3439.2,0,-1.3,2.5794,1176.7,14.4,0.039663756
750,3437.9,0,-1.3,2.578425,1176.9,14.4,0.03950053
750.1,3436.6,0.1,-1.3,2.5777937,1177.1,14.4,0.039337305
750,3435.3,-0.1,-1.3,2.576475,1177.3,14.4,0.03917408
750,3434,0,-1.3,2.5755,1177.5,14.4,0.039010854
750.1,3432.7,0.1,-1.3,2.5748683,1177.7,14.4,0.038847629
750,3431.4,-0.1,-1.3,2.57355,1177.9,14.4,0.038684404
750,3430.1,0,-1.3,2.572575,1178.1,14.4,0.038521178
750.1,3428.7,0.1,-1.4,2.5718679,1178.3,14.4,0.038357953
750,3427.5,-0.1,-1.2,2.570625,1178.6,14.4,0.038113115
750,3426.2,0,-1.3,2.56965,1178.8,14.4,0.03794989
750.1,3424.9,0.1,-1.3,2.5690175,1179,14.4,0.037786664
750,3423.6,-0.1,-1.3,2.5677,1179.2,14.4,0.037623439
750,3422.3,0,-1.3,2.566725,1179.4,14.4,0.037460214
750.1,3421,0.1,-1.3,2.5660921,1179.6,14.4,0.037296988
750.1,3419.7,0,-1.3,2.565117,1179.8,14.4,0.037133763
750,3418.4,-0.1,-1.3,2.5638,1180,14.4,0.036970538
750.1,3417,0.1,-1.4,2.5630917,1180.2,14.4,0.036807312
750,3415.8,-0.1,-1.2,2.56185,1180.4,14.4,0.036644087
750,3414.4,0,-1.4,2.5608,1180.6,14.4,0.036480862
750,3413.1,0,-1.3,2.559825,1180.8,14.4,0.036317636
750.1,3411.8,0.1,-1.3,2.5591912,1181.1,14.4,0.036072798
750,3410.4,-0.1,-1.4,2.5578,1181.3,14.4,0.035909573
750,3409.1,0,-1.3,2.556825,1181.5,14.4,0.035746348
750.1,3407.8,0.1,-1.3,2.5561908,1181.7,14.4,0.035583123
750,3406.4,-0.1,-1.4,2.5548,1181.9,14.4,0.035419897
750,3405.1,0,-1.3,2.553825,1182.1,14.4,0.035256672
750.1,3403.8,0.1,-1.3,2.5531904,1182.3,14.4,0.035093447
750,3402.4,-0.1,-1.4,2.5518,1182.5,14.5,0.034930221
750,3401.1,0,-1.3,2.550825,1182.7,14.5,0.034766996
750.1,3399.7,0.1,-1.4,2.550115,1182.9,14.5,0.034603771
750.1,3398.4,0,-1.3,2.5491398,1183.1,14.5,0.034440545
750,3397.1,-0.1,-1.3,2.547825,1183.3,14.5,0.03427732
750,3395.6,0,-1.5,2.5467,1183.6,14.4,0.034032482
750,3394.3,0,-1.3,2.545725,1183.8,14.4,0.033869257
750.1,3392.9,0.1,-1.4,2.5450143,1184,14.4,0.033706031
750,3391.5,-0.1,-1.4,2.543625,1184.2,14.4,0.033542806
750,3390.2,0,-1.3,2.54265,1184.4,14.4,0.033379581
750.1,3388.8,0.1,-1.4,2.5419389,1184.6,14.4,0.033216355
750.1,3387.4,0,-1.4,2.5408887,1184.8,14.4,0.03305313
750,3386,-0.1,-1.4,2.5395,1185,14.4,0.032889905
750,3384.6,0,-1.4,2.53845,1185.2,14.4,0.032726679
750.1,3383.1,0.1,-1.5,2.5376633,1185.4,14.4,0.032563454
750,3381.8,-0.1,-1.3,2.53635,1185.6,14.4,0.032400229
750,3380.4,0,-1.4,2.5353,1185.8,14.4,0.032237003
750.1,3378.9,0.1,-1.5,2.5345129,1186.1,14.4,0.031992165
750,3377.5,-0.1,-1.4,2.533125,1186.3,14.4,0.03182894
750,3376,0,-1.5,2.532,1186.5,14.4,0.031665715
750,3374.6,0,-1.4,2.53095,1186.7,14.4,0.031502489
750.1,3373.1,0.1,-1.5,2.5301623,1186.9,14.4,0.031339264
750,3371.7,-0.1,-1.4,2.528775,1187.1,14.4,0.031176039
750,3370.2,0,-1.5,2.52765,1187.3,14.4,0.031012813
750,3368.8,0,-1.4,2.5266,1187.5,14.4,0.030849588
750.1,3367.3,0.1,-1.5,2.5258117,1187.7,14.4,0.030686363
750,3365.8,-0.1,-1.5,2.52435,1187.9,14.4,0.030523137
750,3364.3,0,-1.5,2.523225,1188.1,14.4,0.030359912
750,3362.8,0,-1.5,2.5221,1188.3,14.4,0.030196687
750,3361.3,0,-1.5,2.520975,1188.6,14.4,0.029951849
750,3359.8,0,-1.5,2.51985,1188.8,14.4,0.029788623
750,3358.3,0,-1.5,2.518725,1189,14.4,0.029625398
750,3356.7,0,-1.6,2.517525,1189.2,14.4,0.029462173
750.1,3355.2,0.1,-1.5,2.5167355,1189.4,14.4,0.029298947
750,3353.6,-0.1,-1.6,2.5152,1189.6,14.4,0.029135722
750,3352.1,0,-1.5,2.514075,1189.8,14.4,0.028972497
750,3350.5,0,-1.6,2.512875,1190,14.4,0.028809271
750,3348.9,0,-1.6,2.511675,1190.2,14.4,0.028646046
750,3347.4,0,-1.5,2.51055,1190.4,14.4,0.028482821
750,3345.8,0,-1.6,2.50935,1190.6,14.4,0.028319595
750.1,3344.2,0.1,-1.6,2.5084844,1190.8,14.4,0.02815637
750,3342.6,-0.1,-1.6,2.50695,1191.1,14.4,0.027911532
750,3341,0,-1.6,2.50575,1191.3,14.4,0.027748307
750,3339.3,0,-1.7,2.504475,1191.5,14.4,0.027585081
750,3337.7,0,-1.6,2.503275,1191.7,14.4,0.027421856
750,3336.1,0,-1.6,2.502075,1191.9,14.4,0.027258631
750,3334.5,0,-1.6,2.500875,1192.1,14.4,0.027095405
750,3332.8,0,-1.7,2.4996,1192.3,14.4,0.02693218
750.1,3331.1,0.1,-1.7,2.4986581,1192.5,14.4,0.026768955
750,3329.5,-0.1,-1.6,2.497125,1192.7,14.4,0.026605729
750,3327.8,0,-1.7,2.49585,1192.9,14.4,0.026442504
750.1,3326.1,0.1,-1.7,2.4949076,1193.1,14.4,0.026279279
750,3324.4,-0.1,-1.7,2.4933,1193.3,14.4,0.026116053
750,3322.7,0,-1.7,2.492025,1193.6,14.4,0.025871215
750,3320.9,0,-1.8,2.490675,1193.8,14.4,0.02570799
750.1,3319.2,0.1,-1.7,2.4897319,1194,14.4,0.025544765
750,3317.4,-0.1,-1.8,2.48805,1194.2,14.4,0.025381539
750,3315.7,0,-1.7,2.486775,1194.4,14.4,0.025218314
750,3313.9,0,-1.8,2.485425,1194.6,14.4,0.025055089
750.1,3312.2,0.1,-1.7,2.4844812,1194.8,14.4,0.024891863
750,3310.3,-0.1,-1.9,2.482725,1195,14.4,0.024728638
750,3308.6,0,-1.7,2.48145,1195.2,14.4,0.024565413
750,3306.7,0,-1.9,2.480025,1195.4,14.4,0.024402187
750.1,3304.9,0.1,-1.8,2.4790055,1195.6,14.4,0.024238962
750,3303.1,-0.1,-1.8,2.477325,1195.8,14.4,0.024075737
750,3301.2,0,-1.9,2.4759,1196.1,14.4,0.023830899
750,3299.4,0,-1.8,2.47455,1196.3,14.4,0.023667673
750.1,3297.5,0.1,-1.9,2.4734547,1196.5,14.4,0.023504448
750,3295.6,-0.1,-1.9,2.4717,1196.7,14.4,0.023341223
750,3293.7,0,-1.9,2.470275,1196.9,14.4,0.023177997
750.1,3291.8,0.1,-1.9,2.4691792,1197.1,14.4,0.023014772
750.1,3289.9,0,-1.9,2.467754,1197.3,14.4,0.022851547
750,3287.9,-0.1,-2,2.465925,1197.5,14.5,0.022688321
750,3286,0,-1.9,2.4645,1197.7,14.4,0.022525096
750.1,3284,0.1,-2,2.4633284,1197.9,14.5,0.022361871
750,3282,-0.1,-2,2.4615,1198.1,14.4,0.022198645
750,3280.1,0,-1.9,2.460075,1198.3,14.4,0.02203542
750.1,3278.1,0.1,-2,2.4589028,1198.6,14.5,0.021790582
750.1,3276.1,0,-2,2.4574026,1198.8,14.5,0.021627357
750,3274,-0.1,-2.1,2.4555,1199,14.5,0.021464131
750.1,3271.9,0.1,-2.1,2.4542522,1199.2,14.4,0.021300906
750,3269.9,-0.1,-2,2.452425,1199.4,14.4,0.021137681
750,3267.8,0,-2.1,2.45085,1199.6,14.4,0.020974455
750.1,3265.7,0.1,-2.1,2.4496016,1199.8,14.4,0.02081123
750,3263.6,-0.1,-2.1,2.4477,1200,14.4,0.020648005
750.1,3261.5,0.1,-2.1,2.4464511,1200.2,14.4,0.020484779
750.1,3259.3,0,-2.2,2.4448009,1200.4,14.4,0.020321554
750,3257.2,-0.1,-2.1,2.4429,1200.6,14.4,0.020158329
750.1,3255,0.1,-2.2,2.4415755,1200.8,14.4,0.019995103
750,3252.8,-0.1,-2.2,2.4396,1201.1,14.4,0.019750265
750,3250.6,0,-2.2,2.43795,1201.3,14.4,0.01958704
750,3248.4,0,-2.2,2.4363,1201.5,14.4,0.019423815
750,3246.2,0,-2.2,2.43465,1201.7,14.4,0.019260589
750.1,3243.9,0.1,-2.3,2.4332494,1201.9,14.4,0.019097364
750,3241.6,-0.1,-2.3,2.4312,1202.1,14.4,0.018934139
750,3239.4,0,-2.2,2.42955,1202.3,14.4,0.018770913
750,3237,0,-2.4,2.42775,1202.5,14.4,0.018607688
750,3234.8,0,-2.2,2.4261,1202.7,14.4,0.018444463
750,3232.4,0,-2.4,2.4243,1202.9,14.4,0.018281237
750,3230,0,-2.4,2.4225,1203.1,14.4,0.018118012
750.1,3227.7,0.1,-2.3,2.4210978,1203.3,14.4,0.017954787
750,3225.2,-0.1,-2.5,2.4189,1203.6,14.4,0.017709949
750,3222.8,0,-2.4,2.4171,1203.8,14.4,0.017546723
750,3220.3,0,-2.5,2.415225,1204,14.4,0.017383498
750,3217.9,0,-2.4,2.413425,1204.2,14.4,0.017220273
750.1,3215.4,0.1,-2.5,2.4118715,1204.4,14.4,0.017057047
750,3212.9,-0.1,-2.5,2.409675,1204.6,14.4,0.016893822
750,3210.4,0,-2.5,2.4078,1204.8,14.4,0.016730597
750.1,3207.8,0.1,-2.6,2.4061708,1205,14.4,0.016567371
750,3205.3,-0.1,-2.5,2.403975,1205.2,14.4,0.016404146
750,3202.7,0,-2.6,2.402025,1205.4,14.4,0.016240921
750.1,3200,0.1,-2.7,2.40032,1205.6,14.4,0.016077695
750,3197.5,-0.1,-2.5,2.398125,1205.8,14.4,0.01591447
750,3194.8,0,-2.7,2.3961,1206.1,14.4,0.015669632
750.1,3192.1,0.1,-2.7,2.3943942,1206.3,14.4,0.015506407
750,3189.4,-0.1,-2.7,2.39205,1206.5,14.4,0.015343181
750.1,3186.6,0.1,-2.8,2.3902687,1206.7,14.4,0.015179956
750.1,3183.9,0,-2.7,2.3882434,1206.9,14.4,0.015016731
750,3181.1,-0.1,-2.8,2.385825,1207.1,14.4,0.014853505
750,3178.3,0,-2.8,2.383725,1207.3,14.4,0.01469028
750,3175.4,0,-2.9,2.38155,1207.5,14.4,0.014527055
750.1,3172.6,0.1,-2.8,2.3797673,1207.7,14.4,0.014363829
750,3169.7,-0.1,-2.9,2.377275,1207.9,14.4,0.014200604
750,3166.8,0,-2.9,2.3751,1208.1,14.4,0.014037379
750.1,3163.8,0.1,-3,2.3731664,1208.3,14.4,0.013874153
750,3160.9,-0.1,-2.9,2.370675,1208.6,14.4,0.013629315
750.1,3157.8,0.1,-3.1,2.3686658,1208.8,14.4,0.01346609
750,3154.8,-0.1,-3,2.3661,1209,14.5,0.013302865
750,3151.7,0,-3.1,2.363775,1209.2,14.5,0.013139639
750,3148.6,0,-3.1,2.36145,1209.4,14.5,0.012976414
750,3145.4,0,-3.2,2.35905,1209.6,14.5,0.012813189
750,3142.2,0,-3.2,2.35665,1209.8,14.5,0.012649963
750.1,3139.1,0.1,-3.1,2.3546389,1210,14.5,0.012486738
750,3135.8,-0.1,-3.3,2.35185,1210.2,14.5,0.012323513
750,3132.5,0,-3.3,2.349375,1210.4,14.5,0.012160287
750.1,3129.2,0.1,-3.3,2.3472129,1210.6,14.5,0.011997062
750,3125.8,-0.1,-3.4,2.34435,1210.8,14.5,0.011833837
750,3122.4,0,-3.4,2.3418,1211.1,14.5,0.011588999
750,3118.9,0,-3.5,2.339175,1211.3,14.5,0.011425773
750,3115.6,0,-3.3,2.3367,1211.5,14.5,0.011262548
750,3112,0,-3.6,2.334,1211.7,14.5,0.011099323
750.1,3108.4,0.1,-3.6,2.3316108,1211.9,14.5,0.010936097
750,3104.8,-0.1,-3.6,2.3286,1212.1,14.5,0.010772872
750.1,3101.1,0.1,-3.7,2.3261351,1212.3,14.5,0.010609647
750,3097.4,-0.1,-3.7,2.32305,1212.5,14.5,0.010446421
750,3093.7,0,-3.7,2.320275,1212.7,14.5,0.010283196
750.1,3089.8,0.1,-3.9,2.317659,1212.9,14.5,0.010119971
750,3086,-0.1,-3.8,2.3145,1213.1,14.5,0.0099567453
750,3082.1,0,-3.9,2.311575,1213.3,14.5,0.00979352
750.1,3078,0.1,-4.1,2.3088078,1213.6,14.5,0.009548682
750,3074.1,-0.1,-3.9,2.305575,1213.8,14.5,0.0093854566
750.1,3070,0.1,-4.1,2.302807,1214,14.5,0.0092222313
750,3065.9,-0.1,-4.1,2.299425,1214.2,14.5,0.009059006
750,3061.7,0,-4.2,2.296275,1214.4,14.5,0.0088957806
750,3057.5,0,-4.2,2.293125,1214.6,14.5,0.0087325553
750,3053.1,0,-4.4,2.289825,1214.8,14.5,0.00856933
750,3048.8,0,-4.3,2.2866,1215,14.5,0.0084061046
750,3044.3,0,-4.5,2.283225,1215.2,14.5,0.0082428793
750,3040,0,-4.3,2.28,1215.4,14.5,0.008079654
750,3035.4,0,-4.6,2.27655,1215.6,14.5,0.0079164286
750,3030.8,0,-4.6,2.2731,1215.8,14.5,0.0077532033
750.1,3026.2,0.1,-4.6,2.2699526,1216.1,14.5,0.0075083653
750,3021.4,-0.1,-4.8,2.26605,1216.3,14.5,0.00734514
750,3016.7,0,-4.7,2.262525,1216.5,14.5,0.0071819146
750.1,3011.8,0.1,-4.9,2.2591512,1216.7,14.5,0.0070186893
750,3007,-0.1,-4.8,2.25525,1216.9,14.5,0.006855464
750,3002,0,-5,2.2515,1217.1,14.5,0.0066922386
750,2997,0,-5,2.24775,1217.3,14.5,0.0065290133
750.1,2991.9,0.1,-5.1,2.2442242,1217.5,14.5,0.006365788
750,2986.7,-0.1,-5.2,2.240025,1217.7,14.5,0.0062025626
750,2981.5,0,-5.2,2.236125,1217.9,14.5,0.0060393373
750.1,2976.3,0.1,-5.2,2.2325226,1218.1,14.5,0.005876112
750,2970.9,-0.1,-5.4,2.228175,1218.3,14.5,0.0057128866
750,2965.4,0,-5.5,2.22405,1218.6,14.5,0.0054680486
750.1,2959.9,0.1,-5.5,2.220221,1218.8,14.5,0.0053048233
750,2954.3,-0.1,-5.6,2.215725,1219,14.5,0.005141598
750,2948.8,0,-5.5,2.2116,1219.2,14.5,0.0049783726
750,2943.1,0,-5.7,2.207325,1219.4,14.5,0.0048151473
750.1,2937.3,0.1,-5.8,2.2032687,1219.6,14.5,0.004651922
750,2931.4,-0.1,-5.9,2.19855,1219.8,14.5,0.0044886966
750.1,2925.4,0.1,-6,2.1943425,1220,14.5,0.0043254713
750,2919.4,-0.1,-6,2.18955,1220.2,14.5,0.004162246
750,2913.4,0,-6,2.18505,1220.4,14.5,0.0039990206
750.1,2907.3,0.1,-6.1,2.1807657,1220.6,14.5,0.0038357953
750.1,2901.1,0,-6.2,2.1761151,1220.8,14.5,0.00367257
750,2894.7,-0.1,-6.4,2.171025,1221.1,14.5,0.003427732
750.1,2888.4,0.1,-6.3,2.1665888,1221.3,14.5,0.0032645067
750,2882,-0.1,-6.4,2.1615,1221.5,14.5,0.0031012813
750,2875.6,0,-6.4,2.1567,1221.7,14.5,0.002938056
750,2869,0,-6.6,2.15175,1221.9,14.5,0.0027748307
750.1,2862.3,0.1,-6.7,2.1470112,1222.1,14.5,0.0026116053
750,2855.6,-0.1,-6.7,2.1417,1222.3,14.5,0.00244838
750,2848.8,0,-6.8,2.1366,1222.5,14.5,0.0022851547
750,2841.9,0,-6.9,2.131425,1222.7,14.5,0.0021219293
750,2835,0,-6.9,2.12625,1222.9,14.5,0.001958704
750,2828.1,0,-6.9,2.121075,1223.1,14.5,0.0017954787
750,2821,0,-7.1,2.11575,1223.3,14.5,0.0016322533
750,2813.7,0,-7.3,2.110275,1223.6,14.5,0.0013874153
750,2806.4,0,-7.3,2.1048,1223.8,14.5,0.00122419
750,2799.1,0,-7.3,2.099325,1224,14.5,0.0010609647
750,2791.7,0,-7.4,2.093775,1224.2,14.5,0.00089773933
750,2784.2,0,-7.5,2.08815,1224.4,14.5,0.000734514
750,2776.5,0,-7.7,2.082375,1224.6,14.5,0.00057128866
750,2768.7,0,-7.8,2.076525,1224.8,14.5,0.00040806333
750,2760.8,0,-7.9,2.0706,1225,14.5,0.000244838
750,2752.8,0,-8,2.0646,1225.2,14.5,8.1612666e-05
750,2749.7,0,-3.1,2.062275,1225.3,14.5,0
