Current(mA),Voltage(mV),dI(mA),dV(mV),Power(W),RawCapacity(mAh),T(C),SOC
0,4196.6,0,0,0,0,19.5,1
0,4196,0,-0.6,0,0,19.5,1
0,4195.6,0,-0.4,0,0,19.5,1
0,4195.2,0,-0.4,0,0,19.5,1
0,4194.9,0,-0.3,0,0,19.5,1
0,4194.6,0,-0.3,0,0,19.5,1
0,4194.4,0,-0.2,0,0,19.5,1
0,4194.2,0,-0.2,0,0,19.5,1
0,4194,0,-0.2,0,0,19.5,1
0,4193.7,0,-0.3,0,0,19.5,1
0,4193.5,0,-0.2,0,0,19.5,1
0,4193.4,0,-0.1,0,0,19.5,1
0,4193.1,0,-0.3,0,0,19.5,1
0,4193,0,-0.1,0,0,19.5,1
0,4192.8,0,-0.2,0,0,19.5,1
0,4192.6,0,-0.2,0,0,19.5,1
0,4192.4,0,-0.2,0,0,19.5,1
0,4192.2,0,-0.2,0,0,19.5,1
0,4192.1,0,-0.1,0,0,19.5,1
0,4191.9,0,-0.2,0,0,19.5,1
0,4191.8,0,-0.1,0,0,19.5,1
0,4191.7,0,-0.1,0,0,19.5,1
0,4191.4,0,-0.3,0,0,19.5,1
0,4191.3,0,-0.1,0,0,19.5,1
0,4191.2,0,-0.1,0,0,19.5,1
0,4191,0,-0.2,0,0,19.5,1
0,4190.9,0,-0.1,0,0,19.5,1
0,4190.7,0,-0.2,0,0,19.5,1
0,4190.6,0,-0.1,0,0,19.5,1
0,4190.5,0,-0.1,0,0,19.5,1
0,4190.3,0,-0.2,0,0,19.5,1
0,4190.2,0,-0.1,0,0,19.5,1
0,4190.1,0,-0.1,0,0,19.5,1
0,4190,0,-0.1,0,0,19.5,1
0,4189.9,0,-0.1,0,0,19.5,1
0,4189.7,0,-0.2,0,0,19.5,1
0,4189.6,0,-0.1,0,0,19.5,1
0,4189.5,0,-0.1,0,0,19.5,1
0,4189.4,0,-0.1,0,0,19.5,1
0,4189.2,0,-0.2,0,0,19.5,1
0,4189.1,0,-0.1,0,0,19.5,1
0,4189,0,-0.1,0,0,19.5,1
0,4188.8,0,-0.2,0,0,19.5,1
0,4188.7,0,-0.1,0,0,19.5,1
0,4188.6,0,-0.1,0,0,19.5,1
0,4188.6,0,0,0,0,19.5,1
0,4188.4,0,-0.2,0,0,19.5,1
0,4188.3,0,-0.1,0,0,19.5,1
0,4188.2,0,-0.1,0,0,19.5,1
0,4188.1,0,-0.1,0,0,19.5,1
0,4188,0,-0.1,0,0,19.5,1
0,4187.9,0,-0.1,0,0,19.5,1
0,4187.8,0,-0.1,0,0,19.5,1
0,4187.7,0,-0.1,0,0,19.5,1
0,4187.6,0,-0.1,0,0,19.5,1
0,4187.5,0,-0.1,0,0,19.5,1
0,4187.4,0,-0.1,0,0,19.5,1
0,4187.3,0,-0.1,0,0,19.5,1
0,4187.1,0,-0.2,0,0,19.5,1
0,4187.1,0,0,0,0,19.5,1
0,4187,0,-0.1,0,0,19.5,1
0,4186.9,0,-0.1,0,0,19.5,1
0,4186.7,0,-0.2,0,0,19.5,1
0,4186.6,0,-0.1,0,0,19.5,1
0,4186.6,0,0,0,0,19.5,1
0,4186.5,0,-0.1,0,0,19.5,1
0,4186.4,0,-0.1,0,0,19.5,1
0,4186.3,0,-0.1,0,0,19.5,1
0,4186.2,0,-0.1,0,0,19.5,1
0,4186.1,0,-0.1,0,0,19.5,1
0,4186,0,-0.1,0,0,19.5,1
0,4185.9,0,-0.1,0,0,19.5,1
0,4185.8,0,-0.1,0,0,19.5,1
0,4185.7,0,-0.1,0,0,19.5,1
0,4185.7,0,0,0,0,19.5,1
0,4185.6,0,-0.1,0,0,19.5,1
0,4185.5,0,-0.1,0,0,19.5,1
0,4185.4,0,-0.1,0,0,19.5,1
0,4185.3,0,-0.1,0,0,19.5,1
0,4185.3,0,0,0,0,19.5,1
0,4185.1,0,-0.2,0,0,19.5,1
0,4185.1,0,0,0,0,19.5,1
0,4185,0,-0.1,0,0,19.5,1
0,4184.9,0,-0.1,0,0,19.5,1
0,4184.8,0,-0.1,0,0,19.5,1
0,4184.7,0,-0.1,0,0,19.5,1
0,4184.6,0,-0.1,0,0,19.5,1
0,4184.6,0,0,0,0,19.5,1
0,4184.5,0,-0.1,0,0,19.5,1
0,4184.4,0,-0.1,0,0,19.5,1
0,4184.3,0,-0.1,0,0,19.5,1
0,4184.3,0,0,0,0,19.5,1
0,4184.1,0,-0.2,0,0,19.5,1
0,4184.1,0,0,0,0,19.5,1
0,4184,0,-0.1,0,0,19.5,1
0,4184,0,0,0,0,19.5,1
0,4183.8,0,-0.2,0,0,19.5,1
0,4183.8,0,0,0,0,19.5,1
0,4183.7,0,-0.1,0,0,19.5,1
0,4183.6,0,-0.1,0,0,19.5,1
0,4183.6,0,0,0,0,19.5,1
0,4183.5,0,-0.1,0,0,19.5,1
0,4183.4,0,-0.1,0,0,19.5,1
0,4183.3,0,-0.1,0,0,19.5,1
0,4183.3,0,0,0,0,19.5,1
0,4183.1,0,-0.2,0,0,19.5,1
0,4183.1,0,0,0,0,19.5,1
0,4183,0,-0.1,0,0,19.5,1
0,4183,0,0,0,0,19.5,1
0,4182.9,0,-0.1,0,0,19.5,1
0,4182.8,0,-0.1,0,0,19.5,1
0,4182.7,0,-0.1,0,0,19.5,1
0,4182.7,0,0,0,0,19.5,1
0,4182.5,0,-0.2,0,0,19.5,1
0,4182.5,0,0,0,0,19.5,1
0,4182.5,0,0,0,0,19.5,1
0,4182.4,0,-0.1,0,0,19.5,1
0,4182.3,0,-0.1,0,0,19.5,1
0,4182.2,0,-0.1,0,0,19.5,1
0,4182.2,0,0,0,0,19.5,1
0,4182.1,0,-0.1,0,0,19.5,1
0,4182,0,-0.1,0,0,19.5,1
0,4182,0,0,0,0,19.5,1
0,4181.9,0,-0.1,0,0,19.5,1
0,4181.8,0,-0.1,0,0,19.5,1
0,4181.7,0,-0.1,0,0,19.5,1
0,4181.7,0,0,0,0,19.5,1
0,4181.6,0,-0.1,0,0,19.5,1
0,4181.5,0,-0.1,0,0,19.5,1
0,4181.5,0,0,0,0,19.5,1
0,4181.4,0,-0.1,0,0,19.5,1
0,4181.4,0,0,0,0,19.5,1
0,4181.3,0,-0.1,0,0,19.5,1
0,4181.2,0,-0.1,0,0,19.5,1
0,4181.2,0,0,0,0,19.5,1
0,4181.1,0,-0.1,0,0,19.5,1
0,4181,0,-0.1,0,0,19.5,1
0,4181,0,0,0,0,19.5,1
0,4180.9,0,-0.1,0,0,19.5,1
0,4180.8,0,-0.1,0,0,19.5,1
0,4180.8,0,0,0,0,19.5,1
0,4180.7,0,-0.1,0,0,19.5,1
0,4180.6,0,-0.1,0,0,19.5,1
0,4180.6,0,0,0,0,19.5,1
0,4180.6,0,0,0,0,19.5,1
0,4180.5,0,-0.1,0,0,19.5,1
0,4180.4,0,-0.1,0,0,19.5,1
0,4180.4,0,0,0,0,19.5,1
0,4180.3,0,-0.1,0,0,19.5,1
0,4180.2,0,-0.1,0,0,19.5,1
0,4180.2,0,0,0,0,19.5,1
0,4180.1,0,-0.1,0,0,19.5,1
0,4180.1,0,0,0,0,19.5,1
0,4180,0,-0.1,0,0,19.5,1
0,4179.9,0,-0.1,0,0,19.5,1
0,4179.9,0,0,0,0,19.5,1
0,4179.8,0,-0.1,0,0,19.5,1
0,4179.7,0,-0.1,0,0,19.5,1
0,4179.7,0,0,0,0,19.5,1
0,4179.6,0,-0.1,0,0,19.5,1
0,4179.6,0,0,0,0,19.5,1
0,4179.5,0,-0.1,0,0,19.5,1
0,4179.5,0,0,0,0,19.5,1
0,4179.4,0,-0.1,0,0,19.5,1
0,4179.4,0,0,0,0,19.5,1
0,4179.3,0,-0.1,0,0,19.5,1
0,4179.2,0,-0.1,0,0,19.5,1
0,4179.2,0,0,0,0,19.5,1
0,4179.1,0,-0.1,0,0,19.5,1
0,4179.1,0,0,0,0,19.5,1
0,4179,0,-0.1,0,0,19.5,1
0,4178.9,0,-0.1,0,0,19.5,1
0,4178.9,0,0,0,0,19.5,1
0,4178.8,0,-0.1,0,0,19.5,1
0,4178.8,0,0,0,0,19.5,1
0,4178.7,0,-0.1,0,0,19.5,1
0,4178.7,0,0,0,0,19.5,1
0,4178.6,0,-0.1,0,0,19.5,1
0,4178.6,0,0,0,0,19.5,1
0,4178.5,0,-0.1,0,0,19.5,1
0,4178.5,0,0,0,0,19.5,1
0,4178.4,0,-0.1,0,0,19.5,1
0,4178.4,0,0,0,0,19.5,1
0,4178.3,0,-0.1,0,0,19.5,1
0,4178.2,0,-0.1,0,0,19.5,1
0,4178.2,0,0,0,0,19.5,1
0,4178.1,0,-0.1,0,0,19.5,1
0,4178.1,0,0,0,0,19.5,1
0,4178,0,-0.1,0,0,19.5,1
0,4177.9,0,-0.1,0,0,19.5,1
0,4177.9,0,0,0,0,19.5,1
0,4177.9,0,0,0,0,19.5,1
0,4177.8,0,-0.1,0,0,19.5,1
0,4177.7,0,-0.1,0,0,19.5,1
0,4177.7,0,0,0,0,19.5,1
0,4177.6,0,-0.1,0,0,19.5,1
0,4177.6,0,0,0,0,19.5,1
0,4177.5,0,-0.1,0,0,19.5,1
0,4177.5,0,0,0,0,19.5,1
0,4177.4,0,-0.1,0,0,19.5,1
0,4177.4,0,0,0,0,19.5,1
0,4177.3,0,-0.1,0,0,19.5,1
0,4177.3,0,0,0,0,19.5,1
0,4177.2,0,-0.1,0,0,19.5,1
0,4177.2,0,0,0,0,19.5,1
0,4177.1,0,-0.1,0,0,19.5,1
0,4177,0,-0.1,0,0,19.5,1
0,4177,0,0,0,0,19.5,1
0,4177,0,0,0,0,19.5,1
0,4176.9,0,-0.1,0,0,19.5,1
0,4176.9,0,0,0,0,19.5,1
0,4176.9,0,0,0,0,19.5,1
0,4176.8,0,-0.1,0,0,19.5,1
0,4176.7,0,-0.1,0,0,19.5,1
0,4176.6,0,-0.1,0,0,19.5,1
0,4176.6,0,0,0,0,19.5,1
0,4176.6,0,0,0,0,19.5,1
0,4176.5,0,-0.1,0,0,19.5,1
0,4176.5,0,0,0,0,19.5,1
0,4176.4,0,-0.1,0,0,19.5,1
0,4176.4,0,0,0,0,19.5,1
0,4176.3,0,-0.1,0,0,19.5,1
0,4176.3,0,0,0,0,19.5,1
0,4176.2,0,-0.1,0,0,19.5,1
0,4176.2,0,0,0,0,19.5,1
0,4176.1,0,-0.1,0,0,19.5,1
0,4176.1,0,0,0,0,19.5,1
0,4176,0,-0.1,0,0,19.5,1
0,4176,0,0,0,0,19.5,1
0,4176,0,0,0,0,19.5,1
0,4175.9,0,-0.1,0,0,19.5,1
0,4175.8,0,-0.1,0,0,19.5,1
0,4175.8,0,0,0,0,19.5,1
0,4175.7,0,-0.1,0,0,19.5,1
0,4175.8,0,0.1,0,0,19.5,1
0,4175.7,0,-0.1,0,0,19.5,1
0,4175.6,0,-0.1,0,0,19.5,1
0,4175.6,0,0,0,0,19.5,1
0,4175.5,0,-0.1,0,0,19.5,1
0,4175.4,0,-0.1,0,0,19.5,1
0,4175.4,0,0,0,0,19.5,1
0,4175.4,0,0,0,0,19.5,1
0,4175.4,0,0,0,0,19.5,1
0,4175.3,0,-0.1,0,0,19.5,1
0,4175.2,0,-0.1,0,0,19.5,1
0,4175.2,0,0,0,0,19.5,1
0,4175.2,0,0,0,0,19.5,1
0,4175.1,0,-0.1,0,0,19.5,1
0,4175,0,-0.1,0,0,19.5,1
0,4175,0,0,0,0,19.5,1
0,4174.9,0,-0.1,0,0,19.5,1
0,4174.9,0,0,0,0,19.5,1
0,4174.9,0,0,0,0,19.5,1
0,4174.8,0,-0.1,0,0,19.5,1
0,4174.8,0,0,0,0,19.5,1
0,4174.7,0,-0.1,0,0,19.5,1
0,4174.7,0,0,0,0,19.5,1
0,4174.7,0,0,0,0,19.5,1
0,4174.6,0,-0.1,0,0,19.5,1
0,4174.5,0,-0.1,0,0,19.5,1
0,4174.5,0,0,0,0,19.5,1
0,4174.5,0,0,0,0,19.5,1
0,4174.4,0,-0.1,0,0,19.5,1
0,4174.4,0,0,0,0,19.5,1
0,4174.4,0,0,0,0,19.5,1
0,4174.3,0,-0.1,0,0,19.5,1
0,4174.3,0,0,0,0,19.5,1
0,4174.2,0,-0.1,0,0,19.5,1
0,4174.2,0,0,0,0,19.5,1
0,4174.1,0,-0.1,0,0,19.5,1
0,4174.1,0,0,0,0,19.5,1
0,4174,0,-0.1,0,0,19.5,1
0,4174,0,0,0,0,19.5,1
0,4174,0,0,0,0,19.5,1
0,4173.9,0,-0.1,0,0,19.5,1
0,4173.9,0,0,0,0,19.5,1
0,4173.8,0,-0.1,0,0,19.5,1
0,4173.8,0,0,0,0,19.5,1
0,4173.7,0,-0.1,0,0,19.5,1
0,4173.7,0,0,0,0,19.5,1
0,4173.6,0,-0.1,0,0,19.5,1
0,4173.6,0,0,0,0,19.5,1
0,4173.6,0,0,0,0,19.5,1
0,4173.5,0,-0.1,0,0,19.5,1
0,4173.5,0,0,0,0,19.5,1
0,4173.5,0,0,0,0,19.5,1
0,4173.4,0,-0.1,0,0,19.5,1
0,4173.4,0,0,0,0,19.5,1
0,4173.3,0,-0.1,0,0,19.5,1
0,4173.3,0,0,0,0,19.5,1
0,4173.3,0,0,0,0,19.5,1
0,4173.2,0,-0.1,0,0,19.5,1
0,4173.1,0,-0.1,0,0,19.5,1
0,4173.1,0,0,0,0,19.5,1
0,4173.1,0,0,0,0,19.5,1
0,4173.1,0,0,0,0,19.5,1
0,4173,0,-0.1,0,0,19.5,1
0,4173,0,0,0,0,19.5,1
0,4172.9,0,-0.1,0,0,19.5,1
0,4172.9,0,0,0,0,19.5,1
0,4172.9,0,0,0,0,19.5,1
4,4172,4,-0.9,0.016688,0,19.5,1
2735.8,4028.3,2731.8,-143.7,11.020623,0.7,19.5,0.99947257
2735,4015.2,-0.8,-13.1,10.981572,1.4,19.5,0.99894515
2742,4005.4,7,-9.8,10.982807,2.2,19.5,0.99834237
2740,3998,-2,-7.4,10.95452,3,19.5,0.9977396
2741,3991.4,1,-6.6,10.940427,3.7,19.5,0.99721218
2738.9,3985.7,-2.1,-5.7,10.916434,4.5,19.5,0.9966094
2743,3980.3,4.1,-5.4,10.917963,5.3,19.5,0.99600663
1258.1,4048.9,-1484.9,68.6,5.0939211,5.6,19.5,0.99578059
1256,4049.6,-2.1,0.7,5.0862976,6,19.5,0.9954792
1252,4049.4,-4,-0.2,5.0698488,6.3,19.5,0.99525316
1253,4048.6,1,-0.8,5.0728958,6.6,19.5,0.99502712
1249,4047.9,-4,-0.7,5.0558271,7,19.5,0.99472574
1252.9,4046.7,3.9,-1.2,5.0701104,7.3,19.5,0.9944997
1254,4045.5,1.1,-1.2,5.073057,7.7,19.5,0.99419831
1256,4044.3,2,-1.2,5.0796408,8,19.5,0.99397227
1254.9,4043.2,-1.1,-1.1,5.0738117,8.4,19.5,0.99367089
1255,4042,0.1,-1.2,5.07271,8.7,19.5,0.99344485
697.1,4068.4,-557.9,26.4,2.8360816,8.9,19.5,0.99329415
696,4069.2,-1.1,0.8,2.8321632,9.1,19.5,0.99314346
697,4069.5,1,0.3,2.8364415,9.3,19.5,0.99299277
699.1,4069.4,2.1,-0.1,2.8449175,9.5,19.5,0.99284207
699,4069.5,-0.1,0.1,2.8445805,9.7,19.5,0.99269138
700.9,4069.3,1.9,-0.2,2.8521724,9.9,19.5,0.99254069
-551,4131.7,-1251.9,62.4,-2.2765667,9.8,19.5,0.99261603
-546.9,4135.8,4.1,4.1,-2.261869,9.7,19.5,0.99269138
-539,4138.7,7.9,2.9,-2.2307593,9.5,19.5,0.99284207
-549.1,4142.1,-10.1,3.4,-2.2744271,9.4,19.5,0.99291742
428.9,4095.2,978,-46.9,1.7564313,9.5,19.5,0.99284207
1407.9,4045,979,-50.2,5.6949555,9.9,19.5,0.99254069
1409,4040.8,1.1,-4.2,5.6934872,10.3,19.5,0.9922393
-709.9,4143.4,-2118.9,102.6,-2.9413997,10.1,19.5,0.99238999
-713.9,4148.7,-4,5.3,-2.9617569,9.9,19.5,0.99254069
-1119.9,4172.7,-406,24,-4.6730067,9.6,19.5,0.99276673
-1115,4177.3,4.9,4.6,-4.6576895,9.3,19.5,0.99299277
-1117.9,4181.5,-2.9,4.2,-4.6744988,9,19.5,0.99321881
-1117.9,4185.2,0,3.7,-4.6786351,8.7,19.5,0.99344485
-1120,4188.8,-2.1,3.6,-4.691456,8.3,19.5,0.99374623
-1121,4192.2,-1,3.4,-4.6994562,8,19.5,0.99397227
249,4125,1370,-67.2,1.027125,8.1,19.5,0.99389693
1623.7,4052.8,1374.7,-72.2,6.5805314,8.5,19.5,0.99359554
1624,4046.1,0.3,-6.7,6.5708664,9,19.5,0.99321881
1630.9,4040.7,6.9,-5.4,6.5899776,9.4,19.5,0.99291742
1623.9,4036.9,-7,-3.8,6.5555219,9.9,19.6,0.99254069
1627,4033.3,3.1,-3.6,6.5621791,10.3,19.6,0.9922393
1635.9,4029.8,8.9,-3.5,6.5923498,10.8,19.6,0.99186257
1626,4027.4,-9.9,-2.4,6.5485524,11.2,19.6,0.99156118
1627,4024.8,1,-2.6,6.5483496,11.7,19.6,0.99118445
644,4070.7,-983,45.9,2.6215308,11.9,19.6,0.99103376
648.9,4071.5,4.9,0.8,2.6419964,12,19.6,0.99095841
648,4071.8,-0.9,0.3,2.6385264,12.2,19.6,0.99080772
640.1,4072.3,-7.9,0.5,2.6066792,12.4,19.6,0.99065702
652,4071.6,11.9,-0.7,2.6546832,12.6,19.6,0.99050633
644,4071.8,-8,0.2,2.6222392,12.8,19.6,0.99035564
645.9,4071.4,1.9,-0.4,2.6297173,12.9,19.6,0.99028029
646.1,4071.1,0.2,-0.3,2.6303377,13.1,19.6,0.9901296
646.1,4070.8,0,-0.3,2.6301439,13.3,19.6,0.9899789
285,4088.3,-361.1,17.5,1.1651655,13.4,19.6,0.98990356
-90,4108.3,-375,20,-0.369747,13.4,19.6,0.98990356
-85,4110,5,1.7,-0.34935,13.3,19.6,0.9899789
-85,4111.4,0,1.4,-0.349469,13.3,19.6,0.9899789
-85,4112.7,0,1.3,-0.3495795,13.3,19.6,0.9899789
-91,4114,-6,1.3,-0.374374,13.3,19.6,0.9899789
-88,4114.9,3,0.9,-0.3621112,13.2,19.6,0.99005425
-85,4115.6,3,0.7,-0.349826,13.2,19.6,0.99005425
-87,4116.5,-2,0.9,-0.3581355,13.2,19.6,0.99005425
-91,4117.5,-4,1,-0.3746925,13.2,19.6,0.99005425
-753,4151.2,-662,33.7,-3.1258536,13,19.6,0.99020494
-756,4154.5,-3,3.3,-3.140802,12.8,19.6,0.99035564
-754,4157,2,2.5,-3.134378,12.6,19.6,0.99050633
2138.7,4014.9,2892.7,-142.1,8.5866666,13.1,19.6,0.9901296
2134.9,4007.1,-3.8,-7.8,8.5547578,13.7,19.6,0.98967752
2131.9,4001.6,-3,-5.5,8.531011,14.3,19.6,0.98922544
2137.9,3996.9,6,-4.7,8.5449725,14.9,19.6,0.98877336
2136.8,3993,-1.1,-3.9,8.5322424,15.4,19.6,0.98839662
2136.8,3989.6,0,-3.4,8.5249773,16,19.6,0.98794454
2134.9,3986.6,-1.9,-3,8.5109923,16.6,19.6,0.98749247
724.1,4052.3,-1410.8,65.7,2.9342704,16.8,19.6,0.98734177
-685.8,4123.2,-1409.9,70.9,-2.8276906,16.7,19.6,0.98741712
-687,4128.4,-1.2,5.2,-2.8362108,16.5,19.6,0.98756781
-684,4132.2,3,3.8,-2.8264248,16.3,19.6,0.98771851
-687,4135.6,-3,3.4,-2.8411572,16.2,19.6,0.98779385
-681.9,4138.1,5.1,2.5,-2.8217704,16,19.6,0.98794454
-687,4140.9,-5.1,2.8,-2.8447983,15.8,19.6,0.98809524
2999.8,3961.9,3686.8,-179,11.884908,16.5,19.6,0.98756781
2999.9,3952.2,0.1,-9.7,11.856205,17.3,19.6,0.98696504
1519.1,4017.1,-1480.8,64.9,6.1023766,17.8,19.6,0.98658831
24,4088.6,-1495.1,71.5,0.0981264,17.8,19.6,0.98658831
22,4091.7,-2,3.1,0.0900174,17.9,19.6,0.98651296
22,4093.7,0,2,0.0900614,17.9,19.6,0.98651296
24,4095,2,1.3,0.09828,17.9,19.6,0.98651296
22,4096.3,-2,1.3,0.0901186,17.9,19.6,0.98651296
25,4097.1,3,0.8,0.1024275,17.9,19.6,0.98651296
21,4098.2,-4,1.1,0.0860622,17.9,19.6,0.98651296
20,4099,-1,0.8,0.08198,17.9,19.6,0.98651296
23,4099.6,3,0.6,0.0942908,17.9,19.6,0.98651296
18,4100.5,-5,0.9,0.073809,17.9,19.6,0.98651296
30,4100.4,12,-0.1,0.123012,17.9,19.6,0.98651296
19,4101.5,-11,1.1,0.0779285,17.9,19.6,0.98651296
17,4102.1,-2,0.6,0.0697357,17.9,19.6,0.98651296
18,4102.6,1,0.5,0.0738468,17.9,19.6,0.98651296
22,4102.9,4,0.3,0.0902638,17.9,19.6,0.98651296
20,4103.4,-2,0.5,0.082068,17.9,19.6,0.98651296
23,4103.7,3,0.3,0.0943851,17.9,19.6,0.98651296
16,4104.5,-7,0.8,0.065672,17.9,19.6,0.98651296
24,4104.4,8,-0.1,0.0985056,18,19.6,0.98643761
18,4105.1,-6,0.7,0.0738918,18,19.6,0.98643761
23,4105.2,5,0.1,0.0944196,18,19.6,0.98643761
20,4105.7,-3,0.5,0.082114,18,19.6,0.98643761
22,4105.9,2,0.2,0.0903298,18,19.6,0.98643761
24,4106.1,2,0.2,0.0985464,18,19.6,0.98643761
20,4106.6,-4,0.5,0.082132,18,19.6,0.98643761
25,4106.7,5,0.1,0.1026675,18,19.6,0.98643761
22,4107.1,-3,0.4,0.0903562,18,19.6,0.98643761
18,4107.6,-4,0.5,0.0739368,18,19.6,0.98643761
16,4108,-2,0.4,0.065728,18,19.6,0.98643761
22,4107.9,6,-0.1,0.0903738,18,19.6,0.98643761
24,4108.1,2,0.2,0.0985944,18,19.6,0.98643761
25,4108.3,1,0.2,0.1027075,18,19.6,0.98643761
23,4108.5,-2,0.2,0.0944955,18,19.6,0.98643761
20,4109,-3,0.5,0.08218,18,19.6,0.98643761
22,4109,2,0,0.090398,18.1,19.6,0.98636227
14,4109.7,-8,0.7,0.0575358,18.1,19.6,0.98636227
22,4109.5,8,-0.2,0.090409,18.1,19.6,0.98636227
21,4109.8,-1,0.3,0.0863058,18.1,19.6,0.98636227
20,4110,-1,0.2,0.0822,18.1,19.6,0.98636227
24,4110,4,0,0.09864,18.1,19.6,0.98636227
24,4110.2,0,0.2,0.0986448,18.1,19.6,0.98636227
20,4110.6,-4,0.4,0.082212,18.1,19.6,0.98636227
19,4110.9,-1,0.3,0.0781071,18.1,19.6,0.98636227
25,4110.7,6,-0.2,0.1027675,18.1,19.6,0.98636227
24,4110.9,-1,0.2,0.0986616,18.1,19.6,0.98636227
22,4111.2,-2,0.3,0.0904464,18.1,19.6,0.98636227
24,4111.3,2,0.1,0.0986712,18.1,19.6,0.98636227
23,4111.4,-1,0.1,0.0945622,18.1,19.6,0.98636227
18,4111.8,-5,0.4,0.0740124,18.1,19.6,0.98636227
23,4111.8,5,0,0.0945714,18.1,19.6,0.98636227
20,4112,-3,0.2,0.08224,18.1,19.6,0.98636227
22,4112.1,2,0.1,0.0904662,18.2,19.6,0.98628692
18,4112.4,-4,0.3,0.0740232,18.2,19.6,0.98628692
25,4112.2,7,-0.2,0.102805,18.2,19.6,0.98628692
19,4112.7,-6,0.5,0.0781413,18.2,19.6,0.98628692
21,4112.7,2,0,0.0863667,18.2,19.6,0.98628692
23,4112.7,2,0,0.0945921,18.2,19.6,0.98628692
24,4112.8,1,0.1,0.0987072,18.2,19.6,0.98628692
24,4112.9,0,0.1,0.0987096,18.2,19.6,0.98628692
20,4113.2,-4,0.3,0.082264,18.2,19.6,0.98628692
25,4113.1,5,-0.1,0.1028275,18.2,19.6,0.98628692
19,4113.5,-6,0.4,0.0781565,18.2,19.6,0.98628692
26,4113.3,7,-0.2,0.1069458,18.2,19.6,0.98628692
23,4113.5,-3,0.2,0.0946105,18.2,19.6,0.98628692
20,4113.8,-3,0.3,0.082276,18.2,19.6,0.98628692
19,4114,-1,0.2,0.078166,18.2,19.6,0.98628692
21,4113.9,2,-0.1,0.0863919,18.2,19.6,0.98628692
20,4114.1,-1,0.2,0.082282,18.2,19.6,0.98628692
21,4114.1,1,0,0.0863961,18.3,19.6,0.98621157
21,4114.2,0,0.1,0.0863982,18.3,19.6,0.98621157
21,4114.3,0,0.1,0.0864003,18.3,19.6,0.98621157
21,4114.4,0,0.1,0.0864024,18.3,19.6,0.98621157
18,4114.7,-3,0.3,0.0740646,18.3,19.6,0.98621157
23,4114.5,5,-0.2,0.0946335,18.3,19.5,0.98621157
23,4114.6,0,0.1,0.0946358,18.3,19.5,0.98621157
22,4114.8,-1,0.2,0.0905256,18.3,19.5,0.98621157
20,4114.9,-2,0.1,0.082298,18.3,19.5,0.98621157
21,4115,1,0.1,0.086415,18.3,19.5,0.98621157
23,4114.9,2,-0.1,0.0946427,18.3,19.5,0.98621157
22,4115.1,-1,0.2,0.0905322,18.3,19.5,0.98621157
19,4115.3,-3,0.2,0.0781907,18.3,19.5,0.98621157
23,4115.2,4,-0.1,0.0946496,18.3,19.5,0.98621157
26,4115.1,3,-0.1,0.1069926,18.3,19.5,0.98621157
23,4115.3,-3,0.2,0.0946519,18.3,19.5,0.98621157
23,4115.3,0,0,0.0946519,18.4,19.5,0.98613623
19,4115.6,-4,0.3,0.0781964,18.4,19.5,0.98613623
21,4115.6,2,0,0.0864276,18.4,19.5,0.98613623
22,4115.6,1,0,0.0905432,18.4,19.5,0.98613623
21,4115.7,-1,0.1,0.0864297,18.4,19.5,0.98613623
21,4115.8,0,0.1,0.0864318,18.4,19.5,0.98613623
21,4115.9,0,0.1,0.0864339,18.4,19.5,0.98613623
19,4116,-2,0.1,0.078204,18.4,19.5,0.98613623
20,4116,1,0,0.08232,18.4,19.5,0.98613623
19,4116.2,-1,0.2,0.0782078,18.4,19.5,0.98613623
23,4116,4,-0.2,0.094668,18.4,19.5,0.98613623
21,4116.1,-2,0.1,0.0864381,18.4,19.5,0.98613623
21,4116.2,0,0.1,0.0864402,18.4,19.5,0.98613623
20,4116.3,-1,0.1,0.082326,18.4,19.5,0.98613623
22,4116.3,2,0,0.0905586,18.4,19.5,0.98613623
23,4116.3,1,0,0.0946749,18.4,19.5,0.98613623
18,4116.6,-5,0.3,0.0740988,18.4,19.5,0.98613623
23,4116.4,5,-0.2,0.0946772,18.5,19.5,0.98606088
25,4116.3,2,-0.1,0.1029075,18.5,19.5,0.98606088
14,4116.9,-11,0.6,0.0576366,18.5,19.5,0.98606088
24,4116.5,10,-0.4,0.098796,18.5,19.5,0.98606088
24,4116.6,0,0.1,0.0987984,18.5,19.5,0.98606088
20,4116.8,-4,0.2,0.082336,18.5,19.5,0.98606088
25,4116.6,5,-0.2,0.102915,18.5,19.5,0.98606088
19,4116.9,-6,0.3,0.0782211,18.5,19.5,0.98606088
24,4116.7,5,-0.2,0.0988008,18.5,19.5,0.98606088
24,4116.7,0,0,0.0988008,18.5,19.5,0.98606088
21,4116.9,-3,0.2,0.0864549,18.5,19.5,0.98606088
22,4116.9,1,0,0.0905718,18.5,19.5,0.98606088
21,4117,-1,0.1,0.086457,18.5,19.5,0.98606088
17,4117.3,-4,0.3,0.0699941,18.5,19.5,0.98606088
24,4116.9,7,-0.4,0.0988056,18.5,19.5,0.98606088
21,4117.1,-3,0.2,0.0864591,18.5,19.5,0.98606088
18,4117.3,-3,0.2,0.0741114,18.5,19.5,0.98606088
20,4117.2,2,-0.1,0.082344,18.6,19.5,0.98598553
23,4117.1,3,-0.1,0.0946933,18.6,19.5,0.98598553
22,4117.2,-1,0.1,0.0905784,18.6,19.5,0.98598553
19,4117.4,-3,0.2,0.0782306,18.6,19.5,0.98598553
268,4105.1,249,-12.3,1.1001668,18.6,19.5,0.98598553
521.1,4091.7,253.1,-13.4,2.1321849,18.8,19.5,0.98583484
519.9,4090.3,-1.2,-1.4,2.126547,18.9,19.5,0.98575949
516.9,4089.2,-3,-1.1,2.1137075,19.1,19.5,0.9856088
517.9,4088.1,1,-1.1,2.117227,19.2,19.5,0.98553345
518,4087.2,0.1,-0.9,2.1171696,19.4,19.5,0.98538276
525.1,4086,7.1,-1.2,2.1455586,19.5,19.5,0.98530741
519.1,4085.4,-6,-0.6,2.1207311,19.6,19.5,0.98523207
1343.9,4044.1,824.8,-41.3,5.434866,20,19.5,0.98493068
2159.8,4000.8,815.9,-43.3,8.6409278,20.6,19.5,0.9844786
2156.8,3995.8,-3,-5,8.6181414,21.2,19.5,0.98402652
2160.9,3991.5,4.1,-4.3,8.6252323,21.8,19.5,0.98357444
2167.9,3987.7,7,-3.8,8.6449348,22.4,19.5,0.98312236
2161,3984.8,-6.9,-2.9,8.6111528,23,19.5,0.98267028
2160.9,3981.8,-0.1,-3,8.6042716,23.6,19.5,0.9822182
2158.9,3979.2,-2,-2.6,8.5906949,24.2,19.5,0.98176612
2162.9,3976.5,4,-2.7,8.6007719,24.8,19.5,0.98131404
1142.1,4023.1,-1020.8,46.6,4.5947825,25.1,19.5,0.981088
128.1,4072.7,-1014,49.6,0.52171287,25.2,19.5,0.98101266
134.1,4075.3,6,2.6,0.54649773,25.2,19.5,0.98101266
125.2,4077.6,-8.9,2.3,0.51051552,25.2,19.5,0.98101266
128.1,4079,2.9,1.4,0.5225199,25.3,19.5,0.98093731
130.1,4080.1,2,1.1,0.53082101,25.3,19.5,0.98093731
125.1,4081.3,-5,1.2,0.51057063,25.4,19.5,0.98086197
2022.8,3990.1,1897.7,-91.2,8.0711743,25.9,19.5,0.98048523
2028.9,3985.1,6.1,-5,8.0853694,26.5,19.5,0.98003315
2022.9,3981.9,-6,-3.2,8.0549855,27,19.5,0.97965642
2024.9,3979,2,-2.9,8.0570771,27.6,19.5,0.97920434
2022.9,3976.5,-2,-2.5,8.0440619,28.2,19.5,0.97875226
1086,4019.3,-936.9,42.8,4.3649598,28.5,19.5,0.97852622
1084.1,4019.8,-1.9,0.5,4.3578652,28.8,19.5,0.97830018
1081.1,4019.8,-3,0,4.3458058,29.1,19.5,0.97807414
1082.1,4019.6,1,-0.2,4.3496092,29.4,19.5,0.9778481
103.2,4066.4,-978.9,46.8,0.41965248,29.4,19.5,0.9778481
-880.9,4116.7,-984.1,50.3,-3.626401,29.2,19.5,0.97799879
-877.9,4121.1,3,4.4,-3.6179137,28.9,19.5,0.97822483
-877.9,4124.7,0,3.6,-3.6210741,28.7,19.5,0.97837553
-874.9,4127.5,3,2.8,-3.6111498,28.5,19.5,0.97852622
-522.9,4113.2,352,-14.3,-2.1507923,28.3,19.5,0.97867691
-525,4114.8,-2.1,1.6,-2.16027,28.2,19.5,0.97875226
-529,4116.4,-4,1.6,-2.1775756,28,19.5,0.97890295
2958.9,3948.6,3487.9,-167.8,11.683513,28.7,19.5,0.97837553
2954,3940.3,-4.9,-8.3,11.639646,29.6,19.5,0.97769741
940.2,4030.9,-2013.8,90.6,3.7898522,29.8,19.5,0.97754671
-1058.9,4128.3,-1999.1,97.4,-4.3714569,29.6,19.5,0.97769741
-1064,4134.3,-5.1,6,-4.3988952,29.3,19.6,0.97792345
-1060.9,4138.3,3.1,4,-4.3903225,29,19.6,0.97814949
-1064,4141.8,-3.1,3.5,-4.4068752,28.7,19.6,0.97837553
-1063,4144.8,1,3,-4.4059224,28.5,19.6,0.97852622
-1060,4147.2,3,2.4,-4.396032,28.2,19.6,0.97875226
-1059,4149.7,1,2.5,-4.3945323,27.9,19.6,0.9789783
-1067,4152.3,-8,2.6,-4.4305041,27.6,19.6,0.97920434
-224.2,4113.4,842.8,-38.9,-0.92222428,27.5,19.6,0.97927969
-221.1,4112.7,3.1,-0.7,-0.90931797,27.4,19.6,0.97935503
-223,4112.7,-1.9,0,-0.9171321,27.4,19.6,0.97935503
-219.1,4112.7,3.9,0,-0.90109257,27.3,19.6,0.97943038
-224,4113.2,-4.9,0.5,-0.9213568,27.3,19.6,0.97943038
1901.8,4009.5,2125.8,-103.7,7.6252671,27.7,19.6,0.97912899
1907.9,4003.3,6.1,-6.2,7.6378961,28.2,19.6,0.97875226
1304,4028,-603.9,24.7,5.252512,28.6,19.6,0.97845087
706,4055.1,-598,27.1,2.8629006,28.8,19.6,0.97830018
705,4054.9,-1,-0.2,2.8587045,29,19.6,0.97814949
698.9,4054.7,-6.1,-0.2,2.8338298,29.2,19.6,0.97799879
-614.9,4118.5,-1313.8,63.8,-2.5324657,29.1,19.6,0.97807414
-608,4121.5,6.9,3,-2.505872,28.9,19.6,0.97822483
-609,4124,-1,2.5,-2.511516,28.7,19.6,0.97837553
-612,4126.2,-3,2.2,-2.5252344,28.6,19.6,0.97845087
-617,4128.2,-5,2,-2.5470994,28.4,19.6,0.97860157
-617,4129.8,0,1.6,-2.5480866,28.2,19.6,0.97875226
1049,4049.7,1666,-80.1,4.2481353,28.5,19.6,0.97852622
1045,4046.1,-4,-3.6,4.2281745,28.8,19.6,0.97830018
1048,4043.4,3,-2.7,4.2374832,29.1,19.6,0.97807414
1046,4041.4,-2,-2,4.2273044,29.3,19.6,0.97792345
1039.1,4039.9,-6.9,-1.5,4.1978601,29.6,19.6,0.97769741
1637.9,4009.6,598.8,-30.3,6.5673238,30.1,19.6,0.97732068
1637,4006.4,-0.9,-3.2,6.5584768,30.5,19.6,0.97701929
1645.9,4003.4,8.9,-3,6.5891961,31,19.6,0.97664256
1641.9,4001.4,-4,-2,6.5698987,31.5,19.6,0.97626582
1643.9,3999.2,2,-2.2,6.5742849,31.9,19.6,0.97596444
1647.9,3997.2,4,-2,6.5869859,32.4,19.6,0.9755877
1640.8,3995.7,-7.1,-1.5,6.5561446,32.8,19.6,0.97528632
1646,3993.7,5.2,-2,6.5736302,33.3,19.6,0.97490958
1641,3992.4,-5,-1.3,6.5515284,33.7,19.6,0.9746082
-475.1,4092.9,-2116.1,100.5,-1.9445368,33.7,19.6,0.9746082
-472,4097.2,3.1,4.3,-1.9338784,33.5,19.6,0.97475889
-477,4100.5,-5,3.3,-1.9559385,33.4,19.6,0.97483424
-474,4102.8,3,2.3,-1.9447272,33.3,19.6,0.97490958
-477,4105,-3,2.2,-1.958085,33.1,19.6,0.97506028
-469,4106.5,8,1.5,-1.9259485,33,19.6,0.97513562
-473,4108.3,-4,1.8,-1.9432259,32.9,19.6,0.97521097
-468,4109.6,5,1.3,-1.9232928,32.7,19.6,0.97536166
-475,4111.3,-7,1.7,-1.9528675,32.6,19.6,0.97543701
-473,4112.5,2,1.2,-1.9452125,32.5,19.6,0.97551236
350,4073.4,823,-39.1,1.42569,32.5,19.6,0.97551236
1175,4032.3,825,-41.1,4.7379525,32.9,19.6,0.97521097
1175,4029.1,0,-3.2,4.7341925,33.2,19.6,0.97498493
1178,4026.7,3,-2.4,4.7434526,33.5,19.6,0.97475889
1180,4024.7,2,-2,4.749146,33.9,19.6,0.9744575
1176.9,4023.2,-3.1,-1.5,4.7349041,34.2,19.6,0.97423146
1175,4021.8,-1.9,-1.4,4.725615,34.5,19.6,0.97400542
1177,4020.4,2,-1.4,4.7320108,34.8,19.6,0.97377939
1274,4014.5,97,-5.9,5.114473,35.2,19.6,0.973478
1385.9,4007.7,111.9,-6.8,5.5542714,35.6,19.6,0.97317661
1385.9,4006.1,0,-1.6,5.552054,36,19.6,0.97287523
1383.9,4004.8,-2,-1.3,5.5422427,36.3,19.6,0.97264919
687.1,4036.8,-696.8,32,2.7736853,36.5,19.6,0.97249849
-6,4071.3,-693.1,34.5,-0.0244278,36.5,19.6,0.97249849
-5,4073.4,1,2.1,-0.020367,36.5,19.6,0.97249849
4,4074,9,0.6,0.016296,36.5,19.6,0.97249849
-2,4076,-6,2,-0.008152,36.5,19.6,0.97249849
-4,4077.1,-2,1.1,-0.0163084,36.5,19.6,0.97249849
-5,4078.1,-1,1,-0.0203905,36.5,19.6,0.97249849
-2,4078.7,3,0.6,-0.0081574,36.5,19.6,0.97249849
563,4051.7,565,-27,2.2811071,36.7,19.6,0.9723478
1121,4023.9,558,-27.8,4.5107919,37,19.6,0.97212176
1125,4021.6,4,-2.3,4.5243,37.3,19.6,0.97189572
1125,4020,0,-1.6,4.5225,37.6,19.6,0.97166968
1127.9,4018.5,2.9,-1.5,4.5324662,37.9,19.6,0.97144364
1130.9,4017.1,3,-1.4,4.5429384,38.2,19.6,0.9712176
1125.9,4016.2,-5,-0.9,4.5218396,38.6,19.6,0.97091621
1121,4015.5,-4.9,-0.7,4.5013755,38.9,19.6,0.97069017
1126,4014.3,5,-1.2,4.5201018,39.2,19.6,0.97046414
-687.9,4101,-1813.9,86.7,-2.8210779,39,19.6,0.97061483
-684.9,4105,3,4,-2.8115145,38.8,19.6,0.97076552
-689.9,4108.2,-5,3.2,-2.8342472,38.6,19.6,0.97091621
-686.9,4110.5,3,2.3,-2.8235024,38.4,19.6,0.97106691
-333,4095.6,353.9,-14.9,-1.3638348,38.4,19.6,0.97106691
23,4078.8,356,-16.8,0.0938124,38.3,19.6,0.97114225
21,4078.9,-2,0.1,0.0856569,38.3,19.6,0.97114225
20,4079.1,-1,0.2,0.081582,38.4,19.6,0.97106691
14,4079.7,-6,0.6,0.0571158,38.4,19.6,0.97106691
20,4079.8,6,0.1,0.081596,38.4,19.6,0.97106691
16,4080.3,-4,0.5,0.0652848,38.4,19.6,0.97106691
22,4080.3,6,0,0.0897666,38.4,19.6,0.97106691
26,4080.5,4,0.2,0.106093,38.4,19.6,0.97106691
30,4080.6,4,0.1,0.122418,38.4,19.6,0.97106691
20,4081.3,-10,0.7,0.081626,38.4,19.6,0.97106691
21,4081.6,1,0.3,0.0857136,38.4,19.6,0.97106691
29,4081.5,8,-0.1,0.1183635,38.4,19.6,0.97106691
19,4082.2,-10,0.7,0.0775618,38.4,19.6,0.97106691
21,4082.5,2,0.3,0.0857325,38.4,19.6,0.97106691
18,4082.9,-3,0.4,0.0734922,38.4,19.6,0.97106691
22,4083,4,0.1,0.089826,38.4,19.6,0.97106691
20,4083.3,-2,0.3,0.081666,38.4,19.6,0.97106691
23,4083.5,3,0.2,0.0939205,38.4,19.6,0.97106691
17,4083.9,-6,0.4,0.0694263,38.4,19.6,0.97106691
23,4083.9,6,0,0.0939297,38.5,19.6,0.97099156
20,4084.3,-3,0.4,0.081686,38.5,19.6,0.97099156
24,4084.4,4,0.1,0.0980256,38.5,19.6,0.97099156
24,4084.6,0,0.2,0.0980304,38.5,19.6,0.97099156
22,4084.9,-2,0.3,0.0898678,38.5,19.6,0.97099156
21,4085.1,-1,0.2,0.0857871,38.5,19.6,0.97099156
23,4085.2,2,0.1,0.0939596,38.5,19.6,0.97099156
24,4085.4,1,0.2,0.0980496,38.5,19.6,0.97099156
24,4085.6,0,0.2,0.0980544,38.5,19.6,0.97099156
17,4086.1,-7,0.5,0.0694637,38.5,19.6,0.97099156
21,4086,4,-0.1,0.085806,38.5,19.6,0.97099156
21,4086.2,0,0.2,0.0858102,38.5,19.6,0.97099156
21,4086.4,0,0.2,0.0858144,38.5,19.6,0.97099156
23,4086.5,2,0.1,0.0939895,38.5,19.6,0.97099156
21,4086.8,-2,0.3,0.0858228,38.5,19.6,0.97099156
18,4087,-3,0.2,0.073566,38.5,19.6,0.97099156
26,4086.9,8,-0.1,0.1062594,38.5,19.6,0.97099156
23,4087.1,-3,0.2,0.0940033,38.6,19.6,0.97091621
19,4087.5,-4,0.4,0.0776625,38.6,19.6,0.97091621
19,4087.7,0,0.2,0.0776663,38.6,19.6,0.97091621
24,4087.5,5,-0.2,0.0981,38.6,19.6,0.97091621
21,4087.8,-3,0.3,0.0858438,38.6,19.6,0.97091621
19,4088,-2,0.2,0.077672,38.6,19.6,0.97091621
17,4088.3,-2,0.3,0.0695011,38.6,19.6,0.97091621
22,4088.2,5,-0.1,0.0899404,38.6,19.6,0.97091621
20,4088.4,-2,0.2,0.081768,38.6,19.6,0.97091621
20,4088.5,0,0.1,0.08177,38.6,19.6,0.97091621
22,4088.6,2,0.1,0.0899492,38.6,19.6,0.97091621
20,4088.8,-2,0.2,0.081776,38.6,19.6,0.97091621
22,4088.8,2,0,0.0899536,38.6,19.6,0.97091621
12,4089.4,-10,0.6,0.0490728,38.6,19.6,0.97091621
20,4089.2,8,-0.2,0.081784,38.6,19.6,0.97091621
17,4089.4,-3,0.2,0.0695198,38.6,19.6,0.97091621
25,4089.2,8,-0.2,0.10223,38.6,19.6,0.97091621
19,4089.6,-6,0.4,0.0777024,38.6,19.6,0.97091621
22,4089.5,3,-0.1,0.089969,38.7,19.6,0.97084087
18,4089.8,-4,0.3,0.0736164,38.7,19.6,0.97084087
25,4089.5,7,-0.3,0.1022375,38.7,19.6,0.97084087
18,4090,-7,0.5,0.07362,38.7,19.6,0.97084087
18,4090.1,0,0.1,0.0736218,38.7,19.6,0.97084087
19,4090.2,1,0.1,0.0777138,38.7,19.6,0.97084087
21,4090.1,2,-0.1,0.0858921,38.7,19.6,0.97084087
20,4090.3,-1,0.2,0.081806,38.7,19.6,0.97084087
24,4090.2,4,-0.1,0.0981648,38.7,19.6,0.97084087
22,4090.4,-2,0.2,0.0899888,38.7,19.6,0.97084087
21,4090.5,-1,0.1,0.0859005,38.7,19.6,0.97084087
17,4090.8,-4,0.3,0.0695436,38.7,19.6,0.97084087
14,4091,-3,0.2,0.057274,38.7,19.6,0.97084087
19,4090.9,5,-0.1,0.0777271,38.7,19.6,0.97084087
23,4090.8,4,-0.1,0.0940884,38.7,19.6,0.97084087
21,4091,-2,0.2,0.085911,38.7,19.6,0.97084087
24,4090.9,3,-0.1,0.0981816,38.7,19.6,0.97084087
20,4091.1,-4,0.2,0.081822,38.8,19.6,0.97076552
21,4091.1,1,0,0.0859131,38.8,19.6,0.97076552
22,4091.2,1,0.1,0.0900064,38.8,19.6,0.97076552
32,4090.7,10,-0.5,0.1309024,38.8,19.6,0.97076552
22,4091.3,-10,0.6,0.0900086,38.8,19.6,0.97076552
18,4091.6,-4,0.3,0.0736488,38.8,19.6,0.97076552
18,4091.6,0,0,0.0736488,38.8,19.6,0.97076552
23,4091.5,5,-0.1,0.0941045,38.8,19.6,0.97076552
20,4091.7,-3,0.2,0.081834,38.8,19.6,0.97076552
19,4091.8,-1,0.1,0.0777442,38.8,19.6,0.97076552
19,4091.9,0,0.1,0.0777461,38.8,19.6,0.97076552
24,4091.7,5,-0.2,0.0982008,38.8,19.6,0.97076552
25,4091.7,1,0,0.1022925,38.8,19.6,0.97076552
21,4092,-4,0.3,0.085932,38.8,19.6,0.97076552
20,4092.1,-1,0.1,0.081842,38.8,19.6,0.97076552
25,4091.8,5,-0.3,0.102295,38.8,19.6,0.97076552
19,4092.2,-6,0.4,0.0777518,38.8,19.6,0.97076552
23,4092.1,4,-0.1,0.0941183,38.9,19.6,0.97069017
18,4092.4,-5,0.3,0.0736632,38.9,19.6,0.97069017
22,4092.2,4,-0.2,0.0900284,38.9,19.6,0.97069017
18,4092.5,-4,0.3,0.073665,38.9,19.6,0.97069017
13,4092.8,-5,0.3,0.0532064,38.9,19.6,0.97069017
25,4092.3,12,-0.5,0.1023075,38.9,19.6,0.97069017
18,4092.7,-7,0.4,0.0736686,38.9,19.6,0.97069017
25,4092.4,7,-0.3,0.10231,38.9,19.6,0.97069017
19,4092.7,-6,0.3,0.0777613,38.9,19.6,0.97069017
22,4092.6,3,-0.1,0.0900372,38.9,19.6,0.97069017
24,4092.6,2,0,0.0982224,38.9,19.6,0.97069017
22,4092.7,-2,0.1,0.0900394,38.9,19.6,0.97069017
18,4092.9,-4,0.2,0.0736722,38.9,19.6,0.97069017
20,4092.9,2,0,0.081858,38.9,19.6,0.97069017
21,4092.9,1,0,0.0859509,38.9,19.6,0.97069017
17,4093.2,-4,0.3,0.0695844,38.9,19.6,0.97069017
19,4093.1,2,-0.1,0.0777689,38.9,19.6,0.97069017
18,4093.2,-1,0.1,0.0736776,38.9,19.6,0.97069017
23,4092.9,5,-0.3,0.0941367,39,19.6,0.97061483
25,4092.9,2,0,0.1023225,39,19.6,0.97061483
24,4093,-1,0.1,0.098232,39,19.6,0.97061483
25,4093,1,0,0.102325,39,19.6,0.97061483
24,4093.1,-1,0.1,0.0982344,39,19.6,0.97061483
20,4093.3,-4,0.2,0.081866,39,19.6,0.97061483
15,4093.6,-5,0.3,0.061404,39,19.6,0.97061483
24,4093.2,9,-0.4,0.0982368,39,19.6,0.97061483
25,4093.2,1,0,0.10233,39,19.6,0.97061483
73,4090.9,48,-2.3,0.2986357,39,19.6,0.97061483
77,4090.6,4,-0.3,0.3149762,39,19.6,0.97061483
1039,4043.9,962,-46.7,4.2016121,39.3,19.6,0.97038879
1992.8,3994.9,953.8,-49,7.9610367,39.9,19.6,0.96993671
1994.9,3990.1,2.1,-4.8,7.9598505,40.4,19.6,0.96955998
1991,3986.6,-3.9,-3.5,7.9373206,41,19.6,0.9691079
1985,3983.7,-6,-2.9,7.9076445,41.5,19.6,0.96873116
1993.9,3980.4,8.9,-3.3,7.9365196,42.1,19.6,0.96827908
1994.8,3977.7,0.9,-2.7,7.934716,42.6,19.6,0.96790235
1668,3990.9,-326.8,13.2,6.6568212,43.1,19.6,0.96752562
1671,3989.3,3,-1.6,6.6661203,43.6,19.6,0.96714888
1669,3987.9,-2,-1.4,6.6558051,44,19.6,0.9668475
1509,3994,-160,6.1,6.026946,44.4,19.6,0.96654611
1502.1,3993.3,-6.9,-0.7,5.9983359,44.9,19.6,0.96616938
1411,3996.5,-91.1,3.2,5.6390615,45.2,19.6,0.96594334
1412,3995.6,1,-0.9,5.6417872,45.6,19.6,0.96564195
1416.9,3994.5,4.9,-1.1,5.6598071,46,19.6,0.96534057
1407,3993.9,-9.9,-0.6,5.6194173,46.4,19.6,0.96503918
1414.9,3992.7,7.9,-1.2,5.6492712,46.8,19.6,0.96473779
1413.9,3991.8,-1,-0.9,5.644006,47.2,19.6,0.96443641
1415.9,3990.8,2,-1,5.6505737,47.6,19.6,0.96413502
1413,3990.1,-2.9,-0.7,5.6380113,48,19.6,0.96383363
1417,3989,4,-1.1,5.652413,48.4,19.6,0.96353225
1413,3988.3,-4,-0.7,5.6354679,48.8,19.6,0.96323086
124.2,4048.9,-1288.8,60.6,0.50287338,48.8,19.6,0.96323086
-1160.9,4113.2,-1285.1,64.3,-4.7750139,48.6,19.6,0.96338156
-1161,4118.2,-0.1,5,-4.7812302,48.2,19.6,0.96368294
-1160,4122.3,1,4.1,-4.781868,47.9,19.6,0.96390898
-1160.9,4125.7,-0.9,3.4,-4.7895251,47.6,19.6,0.96413502
-1170.9,4129.1,-10,3.4,-4.8347632,47.3,19.6,0.96436106
-1163,4131.6,7.9,2.5,-4.8050508,46.9,19.6,0.96466245
-1172,4134.5,-9,2.9,-4.845634,46.6,19.6,0.96488849
-1167.9,4136.7,4.1,2.2,-4.8312519,46.3,19.6,0.96511453
-1166,4138.9,1.9,2.2,-4.8259574,46,19.6,0.96534057
436,4063.4,1602,-75.5,1.7716424,46,19.6,0.96534057
434,4061,-2,-2.4,1.762474,46.2,19.6,0.96518987
436,4059.5,2,-1.5,1.769942,46.3,19.6,0.96511453
437,4058.3,1,-1.2,1.7734771,46.4,19.6,0.96503918
440,4057.4,3,-0.9,1.785256,46.5,19.6,0.96496383
439,4056.8,-1,-0.6,1.7809352,46.6,19.6,0.96488849
436,4056.4,-3,-0.4,1.7685904,46.8,19.6,0.96473779
442.1,4055.6,6.1,-0.8,1.7929808,46.9,19.6,0.96466245
439,4055.3,-3.1,-0.3,1.7802767,47,19.6,0.9645871
438,4055,-1,-0.3,1.77609,47.1,19.6,0.96451175
-8,4076.6,-446,21.6,-0.0326128,47.1,19.6,0.96451175
-470.9,4099.8,-462.9,23.2,-1.9305958,47,19.6,0.9645871
-465.9,4101.4,5,1.6,-1.9108423,46.9,19.6,0.96466245
765.9,4043.2,1231.8,-58.2,3.0966869,47.1,19.6,0.96451175
766,4041,0.1,-2.2,3.095406,47.3,19.6,0.96436106
767,4039.5,1,-1.5,3.0982965,47.5,19.6,0.96421037
775,4038,8,-1.5,3.12945,47.7,19.6,0.96405967
91,4069.8,-684,31.8,0.3703518,47.8,19.6,0.96398433
-574.9,4103.3,-665.9,33.5,-2.3589872,47.6,19.6,0.96413502
-574,4105.7,0.9,2.4,-2.3566718,47.5,19.6,0.96421037
-580.9,4107.9,-6.9,2.2,-2.3862791,47.3,19.6,0.96436106
-574.9,4109.2,6,1.3,-2.3623791,47.1,19.6,0.96451175
-422,4103.2,152.9,-6,-1.7315504,47,19.6,0.9645871
-277,4097.1,145,-6.1,-1.1348967,46.9,19.6,0.96466245
-272.9,4097.3,4.1,0.2,-1.1181532,46.9,19.6,0.96466245
-274,4097.8,-1.1,0.5,-1.1227972,46.8,19.6,0.96473779
-277.1,4098.5,-3.1,0.7,-1.1356943,46.7,19.6,0.96481314
-270,4098.7,7.1,0.2,-1.106649,46.6,19.6,0.96488849
-269,4099.2,1,0.5,-1.1026848,46.6,19.6,0.96488849
-269,4099.6,0,0.4,-1.1027924,46.5,19.6,0.96496383
-274,4100.3,-5,0.7,-1.1234822,46.4,19.6,0.96503918
-274,4100.7,0,0.4,-1.1235918,46.3,19.6,0.96511453
1069.9,4035.9,1343.9,-64.8,4.3180094,46.6,19.6,0.96488849
1067.1,4032.8,-2.8,-3.1,4.3034009,46.9,19.6,0.96466245
1067,4030.4,-0.1,-2.4,4.3004368,47.2,19.6,0.96443641
1123.9,4025.7,56.9,-4.7,4.5244842,47.5,19.6,0.96421037
1125,4023.8,1.1,-1.9,4.526775,47.8,19.6,0.96398433
1126,4022.1,1,-1.7,4.5288846,48.1,19.6,0.96375829
1130.9,4020.4,4.9,-1.7,4.5466704,48.4,19.6,0.96353225
1128,4019.2,-2.9,-1.2,4.5336576,48.8,19.6,0.96323086
1130,4017.8,2,-1.4,4.540114,49.1,19.6,0.96300482
1127,4016.7,-3,-1.1,4.5268209,49.4,19.6,0.96277878
1126,4015.6,-1,-1.1,4.5215656,49.7,19.6,0.96255274
1126,4014.6,0,-1,4.5204396,50,19.6,0.9623267
1123.1,4013.7,-2.9,-0.9,4.5077865,50.3,19.6,0.96210066
114.2,4060.9,-1008.9,47.2,0.46375478,50.3,19.6,0.96210066
117.1,4062.4,2.9,1.5,0.47570704,50.4,19.6,0.96202532
118,4063.5,0.9,1.1,0.479493,50.4,19.6,0.96202532
113,4064.6,-5,1.1,0.4592998,50.4,19.6,0.96202532
-179.9,4079.9,-292.9,15.3,-0.73397401,50.4,19.6,0.96202532
-179,4081.2,0.9,1.3,-0.7305348,50.4,19.6,0.96202532
-187,4082.7,-8,1.5,-0.7634649,50.3,19.6,0.96210066
-72,4078.1,115,-4.6,-0.2936232,50.3,19.6,0.96210066
32,4073.1,104,-5,0.1303392,50.3,19.6,0.96210066
36,4073.2,4,0.1,0.1466352,50.3,19.6,0.96210066
33,4073.6,-3,0.4,0.1344288,50.3,19.6,0.96210066
30,4074,-3,0.4,0.12222,50.3,19.6,0.96210066
27,4074.5,-3,0.5,0.1100115,50.3,19.6,0.96210066
30,4074.6,3,0.1,0.122238,50.4,19.6,0.96202532
32,4074.8,2,0.2,0.1303936,50.4,19.6,0.96202532
31,4075.1,-1,0.3,0.1263281,50.4,19.6,0.96202532
37,4075.1,6,0,0.1507787,50.4,19.6,0.96202532
37,4075.4,0,0.3,0.1507898,50.4,19.6,0.96202532
29,4075.9,-8,0.5,0.1182011,50.4,19.6,0.96202532
27,4076.3,-2,0.4,0.1100601,50.4,19.6,0.96202532
33,4076.2,6,-0.1,0.1345146,50.4,19.6,0.96202532
34,4076.4,1,0.2,0.1385976,50.4,19.6,0.96202532
30,4076.8,-4,0.4,0.122304,50.4,19.6,0.96202532
30,4077,0,0.2,0.12231,50.4,19.6,0.96202532
34,4077,4,0,0.138618,50.5,19.6,0.96194997
34,4077.1,0,0.1,0.1386214,50.5,19.6,0.96194997
31,4077.5,-3,0.4,0.1264025,50.5,19.6,0.96194997
34,4077.5,3,0,0.138635,50.5,19.6,0.96194997
38,4077.5,4,0,0.154945,50.5,19.6,0.96194997
32,4077.9,-6,0.4,0.1304928,50.5,19.6,0.96194997
30,4078.1,-2,0.2,0.122343,50.5,19.6,0.96194997
33,4078.1,3,0,0.1345773,50.5,19.6,0.96194997
39,4078,6,-0.1,0.159042,50.5,19.6,0.96194997
32,4078.5,-7,0.5,0.130512,50.5,19.6,0.96194997
30,4078.7,-2,0.2,0.122361,50.5,19.6,0.96194997
32,4078.8,2,0.1,0.1305216,50.6,19.6,0.96187462
37,4078.6,5,-0.2,0.1509082,50.6,19.6,0.96187462
33,4078.9,-4,0.3,0.1346037,50.6,19.6,0.96187462
34,4079.1,1,0.2,0.1386894,50.6,19.6,0.96187462
33,4079.2,-1,0.1,0.1346136,50.6,19.6,0.96187462
28,4079.6,-5,0.4,0.1142288,50.6,19.6,0.96187462
31,4079.5,3,-0.1,0.1264645,50.6,19.6,0.96187462
34,4079.5,3,0,0.138703,50.6,19.6,0.96187462
32,4079.7,-2,0.2,0.1305504,50.6,19.6,0.96187462
33,4079.7,1,0,0.1346301,50.6,19.6,0.96187462
34,4079.8,1,0.1,0.1387132,50.6,19.6,0.96187462
35,4079.8,1,0,0.142793,50.7,19.6,0.96179928
29,4080.3,-6,0.5,0.1183287,50.7,19.6,0.96179928
26,4080.5,-3,0.2,0.106093,50.7,19.6,0.96179928
28,4080.5,2,0,0.114254,50.7,19.6,0.96179928
32,4080.4,4,-0.1,0.1305728,50.7,19.6,0.96179928
31,4080.6,-1,0.2,0.1264986,50.7,19.6,0.96179928
31,4080.7,0,0.1,0.1265017,50.7,19.6,0.96179928
32,4080.6,1,-0.1,0.1305792,50.7,19.6,0.96179928
36,4080.6,4,0,0.1469016,50.7,19.6,0.96179928
35,4080.7,-1,0.1,0.1428245,50.7,19.6,0.96179928
29,4081,-6,0.3,0.118349,50.7,19.6,0.96179928
27,4081.3,-2,0.3,0.1101951,50.7,19.6,0.96179928
31,4081.1,4,-0.2,0.1265141,50.8,19.6,0.96172393
33,4081.1,2,0,0.1346763,50.8,19.6,0.96172393
34,4081.1,1,0,0.1387574,50.8,19.6,0.96172393
33,4081.3,-1,0.2,0.1346829,50.8,19.6,0.96172393
35,4081.2,2,-0.1,0.142842,50.8,19.6,0.96172393
30,4081.5,-5,0.3,0.122445,50.8,19.6,0.96172393
31,4081.6,1,0.1,0.1265296,50.8,19.6,0.96172393
36,4081.4,5,-0.2,0.1469304,50.8,19.6,0.96172393
30,4081.7,-6,0.3,0.122451,50.8,19.6,0.96172393
31,4081.7,1,0,0.1265327,50.8,19.6,0.96172393
28,4082,-3,0.3,0.114296,50.8,19.6,0.96172393
27,4082.1,-1,0.1,0.1102167,50.9,19.6,0.96164858
37,4081.7,10,-0.4,0.1510229,50.9,19.6,0.96164858
35,4081.8,-2,0.1,0.142863,50.9,19.6,0.96164858
34,4081.9,-1,0.1,0.1387846,50.9,19.6,0.96164858
33,4082,-1,0.1,0.134706,50.9,19.6,0.96164858
30,4082.2,-3,0.2,0.122466,50.9,19.6,0.96164858
30,4082.3,0,0.1,0.122469,50.9,19.6,0.96164858
34,4082.2,4,-0.1,0.1387948,50.9,19.6,0.96164858
31,4082.3,-3,0.1,0.1265513,50.9,19.6,0.96164858
34,4082.2,3,-0.1,0.1387948,50.9,19.6,0.96164858
30,4082.5,-4,0.3,0.122475,50.9,19.6,0.96164858
32,4082.4,2,-0.1,0.1306368,51,19.6,0.96157324
32,4082.5,0,0.1,0.13064,51,19.6,0.96157324
29,4082.7,-3,0.2,0.1183983,51,19.6,0.96157324
31,4082.7,2,0,0.1265637,51,19.6,0.96157324
33,4082.6,2,-0.1,0.1347258,51,19.6,0.96157324
35,4082.5,2,-0.1,0.1428875,51,19.6,0.96157324
29,4082.8,-6,0.3,0.1184012,51,19.6,0.96157324
25,4083.1,-4,0.3,0.1020775,51,19.6,0.96157324
21,4083.3,-4,0.2,0.0857493,51,19.6,0.96157324
30,4083,9,-0.3,0.12249,51,19.6,0.96157324
20,4083.5,-10,0.5,0.08167,51,19.6,0.96157324
19,4083.6,-1,0.1,0.0775884,51,19.6,0.96157324
26,4083.3,7,-0.3,0.1061658,51,19.6,0.96157324
25,4083.4,-1,0.1,0.102085,51.1,19.6,0.96149789
21,4083.7,-4,0.3,0.0857577,51.1,19.6,0.96149789
28,4083.4,7,-0.3,0.1143352,51.1,19.6,0.96149789
23,4083.6,-5,0.2,0.0939228,51.1,19.6,0.96149789
23,4083.7,0,0.1,0.0939251,51.1,19.6,0.96149789
26,4083.7,3,0,0.1061762,51.1,19.6,0.96149789
23,4083.8,-3,0.1,0.0939274,51.1,19.6,0.96149789
24,4083.8,1,0,0.0980112,51.1,19.6,0.96149789
24,4083.8,0,0,0.0980112,51.1,19.6,0.96149789
23,4084,-1,0.2,0.093932,51.1,19.6,0.96149789
25,4083.9,2,-0.1,0.1020975,51.1,19.6,0.96149789
27,4083.9,2,0,0.1102653,51.1,19.6,0.96149789
23,4084.1,-4,0.2,0.0939343,51.1,19.6,0.96149789
19,4084.3,-4,0.2,0.0776017,51.1,19.6,0.96149789
28,4083.9,9,-0.4,0.1143492,51.1,19.6,0.96149789
25,4084.1,-3,0.2,0.1021025,51.2,19.6,0.96142254
22,4084.3,-3,0.2,0.0898546,51.2,19.6,0.96142254
28,4084.1,6,-0.2,0.1143548,51.2,19.6,0.96142254
24,4084.3,-4,0.2,0.0980232,51.2,19.6,0.96142254
26,4084.2,2,-0.1,0.1061892,51.2,19.6,0.96142254
15,4084.7,-11,0.5,0.0612705,51.2,19.6,0.96142254
24,4084.4,9,-0.3,0.0980256,51.2,19.6,0.96142254
17,4084.7,-7,0.3,0.0694399,51.2,19.6,0.96142254
23,4084.5,6,-0.2,0.0939435,51.2,19.6,0.96142254
25,4084.5,2,0,0.1021125,51.2,19.6,0.96142254
21,4084.7,-4,0.2,0.0857787,51.2,19.6,0.96142254
20,4084.7,-1,0,0.081694,51.2,19.6,0.96142254
22,4084.7,2,0,0.0898634,51.2,19.6,0.96142254
24,4084.6,2,-0.1,0.0980304,51.2,19.6,0.96142254
26,4084.6,2,0,0.1061996,51.2,19.6,0.96142254
19,4084.9,-7,0.3,0.0776131,51.2,19.6,0.96142254
23,4084.8,4,-0.1,0.0939504,51.3,19.6,0.9613472
24,4084.8,1,0,0.0980352,51.3,19.6,0.9613472
20,4084.9,-4,0.1,0.081698,51.3,19.6,0.9613472
20,4085,0,0.1,0.0817,51.3,19.6,0.9613472
20,4085,0,0,0.0817,51.3,19.6,0.9613472
24,4084.9,4,-0.1,0.0980376,51.3,19.6,0.9613472
23,4085,-1,0.1,0.093955,51.3,19.6,0.9613472
22,4085,-1,0,0.08987,51.3,19.6,0.9613472
22,4085.1,0,0.1,0.0898722,51.3,19.6,0.9613472
21,4085.1,-1,0,0.0857871,51.3,19.6,0.9613472
28,4084.8,7,-0.3,0.1143744,51.3,19.6,0.9613472
20,4085.2,-8,0.4,0.081704,51.3,19.6,0.9613472
23,4085.1,3,-0.1,0.0939573,51.3,19.6,0.9613472
28,4084.9,5,-0.2,0.1143772,51.3,19.6,0.9613472
23,4085.2,-5,0.3,0.0939596,51.3,19.6,0.9613472
22,4085.2,-1,0,0.0898744,51.3,19.6,0.9613472
21,4085.3,-1,0.1,0.0857913,51.4,19.6,0.96127185
26,4085.1,5,-0.2,0.1062126,51.4,19.6,0.96127185
18,4085.5,-8,0.4,0.073539,51.4,19.6,0.96127185
19,4085.5,1,0,0.0776245,51.4,19.6,0.96127185
19,4085.5,0,0,0.0776245,51.4,19.6,0.96127185
27,4085.2,8,-0.3,0.1103004,51.4,19.6,0.96127185
25,4085.3,-2,0.1,0.1021325,51.4,19.6,0.96127185
19,4085.6,-6,0.3,0.0776264,51.4,19.6,0.96127185
17,4085.7,-2,0.1,0.0694569,51.4,19.6,0.96127185
20,4085.6,3,-0.1,0.081712,51.4,19.6,0.96127185
27,4085.2,7,-0.4,0.1103004,51.4,19.6,0.96127185
21,4085.6,-6,0.4,0.0857976,51.4,19.6,0.96127185
26,4085.3,5,-0.3,0.1062178,51.4,19.6,0.96127185
21,4085.6,-5,0.3,0.0857976,51.4,19.6,0.96127185
15,4085.9,-6,0.3,0.0612885,51.4,19.6,0.96127185
27,4085.3,12,-0.6,0.1103031,51.4,19.6,0.96127185
22,4085.6,-5,0.3,0.0898832,51.4,19.6,0.96127185
19,4085.8,-3,0.2,0.0776302,51.5,19.6,0.9611965
25,4085.5,6,-0.3,0.1021375,51.5,19.6,0.9611965
25,4085.5,0,0,0.1021375,51.5,19.6,0.9611965
31,4085.2,6,-0.3,0.1266412,51.5,19.6,0.9611965
24,4085.6,-7,0.4,0.0980544,51.5,19.6,0.9611965
23,4085.7,-1,0.1,0.0939711,51.5,19.6,0.9611965
27,4085.5,4,-0.2,0.1103085,51.5,19.6,0.9611965
18,4085.9,-9,0.4,0.0735462,51.5,19.6,0.9611965
20,4085.9,2,0,0.081718,51.5,19.6,0.9611965
19,4086,-1,0.1,0.077634,51.5,19.6,0.9611965
20,4085.9,1,-0.1,0.081718,51.5,19.6,0.9611965
24,4085.7,4,-0.2,0.0980568,51.5,19.6,0.9611965
25,4085.7,1,0,0.1021425,51.5,19.6,0.9611965
24,4085.7,-1,0,0.0980568,51.5,19.6,0.9611965
26,4085.7,2,0,0.1062282,51.5,19.6,0.9611965
20,4086,-6,0.3,0.08172,51.6,19.6,0.96112116
24,4085.8,4,-0.2,0.0980592,51.6,19.6,0.96112116
23,4085.9,-1,0.1,0.0939757,51.6,19.6,0.96112116
29,4085.6,6,-0.3,0.1184824,51.6,19.6,0.96112116
19,4086.1,-10,0.5,0.0776359,51.6,19.6,0.96112116
22,4086,3,-0.1,0.089892,51.6,19.6,0.96112116
25,4085.8,3,-0.2,0.102145,51.6,19.6,0.96112116
25,4085.8,0,0,0.102145,51.6,19.6,0.96112116
22,4086,-3,0.2,0.089892,51.6,19.6,0.96112116
28,4085.7,6,-0.3,0.1143996,51.6,19.6,0.96112116
24,4085.9,-4,0.2,0.0980616,51.6,19.6,0.96112116
28,4085.7,4,-0.2,0.1143996,51.6,19.6,0.96112116
20,4086.1,-8,0.4,0.081722,51.6,19.6,0.96112116
27,4085.8,7,-0.3,0.1103166,51.6,19.6,0.96112116
21,4086.1,-6,0.3,0.0858081,51.6,19.6,0.96112116
21,4086.2,0,0.1,0.0858102,51.7,19.6,0.96104581
17,4086.4,-4,0.2,0.0694688,51.7,19.6,0.96104581
25,4086.1,8,-0.3,0.1021525,51.7,19.6,0.96104581
23,4086.1,-2,0,0.0939803,51.7,19.6,0.96104581
21,4086.2,-2,0.1,0.0858102,51.7,19.6,0.96104581
21,4086.3,0,0.1,0.0858123,51.7,19.6,0.96104581
21,4086.2,0,-0.1,0.0858102,51.7,19.6,0.96104581
18,4086.5,-3,0.3,0.073557,51.7,19.6,0.96104581
27,4086,9,-0.5,0.110322,51.7,19.6,0.96104581
24,4086.2,-3,0.2,0.0980688,51.7,19.6,0.96104581
18,4086.4,-6,0.2,0.0735552,51.7,19.6,0.96104581
24,4086.2,6,-0.2,0.0980688,51.7,19.6,0.96104581
23,4086.3,-1,0.1,0.0939849,51.7,19.6,0.96104581
24,4086.2,1,-0.1,0.0980688,51.7,19.6,0.96104581
29,4086,5,-0.2,0.118494,51.7,19.6,0.96104581
23,4086.3,-6,0.3,0.0939849,51.7,19.6,0.96104581
25,4086.2,2,-0.1,0.102155,51.8,19.6,0.96097046
23,4086.3,-2,0.1,0.0939849,51.8,19.6,0.96097046
20,4086.4,-3,0.1,0.081728,51.8,19.6,0.96097046
24,4086.3,4,-0.1,0.0980712,51.8,19.6,0.96097046
27,4086.1,3,-0.2,0.1103247,51.8,19.6,0.96097046
18,4086.6,-9,0.5,0.0735588,51.8,19.6,0.96097046
21,4086.5,3,-0.1,0.0858165,51.8,19.6,0.96097046
16,4086.7,-5,0.2,0.0653872,51.8,19.6,0.96097046
23,4086.4,7,-0.3,0.0939872,51.8,19.6,0.96097046
23,4086.4,0,0,0.0939872,51.8,19.6,0.96097046
23,4086.4,0,0,0.0939872,51.8,19.6,0.96097046
25,4086.4,2,0,0.10216,51.8,19.6,0.96097046
21,4086.5,-4,0.1,0.0858165,51.8,19.6,0.96097046
20,4086.6,-1,0.1,0.081732,51.8,19.6,0.96097046
26,4086.3,6,-0.3,0.1062438,51.8,19.6,0.96097046
22,4086.5,-4,0.2,0.089903,51.8,19.5,0.96097046
16,4086.8,-6,0.3,0.0653888,51.8,19.5,0.96097046
20,4086.6,4,-0.2,0.081732,51.9,19.5,0.96089512
20,4086.7,0,0.1,0.081734,51.9,19.5,0.96089512
28,4086.3,8,-0.4,0.1144164,51.9,19.5,0.96089512
18,4086.8,-10,0.5,0.0735624,51.9,19.5,0.96089512
21,4086.6,3,-0.2,0.0858186,51.9,19.5,0.96089512
27,4086.4,6,-0.2,0.1103328,51.9,19.5,0.96089512
25,4086.4,-2,0,0.10216,51.9,19.5,0.96089512
27,4086.3,2,-0.1,0.1103301,51.9,19.5,0.96089512
19,4086.8,-8,0.5,0.0776492,51.9,19.5,0.96089512
25,4086.5,6,-0.3,0.1021625,51.9,19.5,0.96089512
24,4086.6,-1,0.1,0.0980784,51.9,19.5,0.96089512
18,4086.8,-6,0.2,0.0735624,51.9,19.5,0.96089512
21,4086.7,3,-0.1,0.0858207,51.9,19.5,0.96089512
21,4086.7,0,0,0.0858207,51.9,19.5,0.96089512
22,4086.7,1,0,0.0899074,51.9,19.5,0.96089512
25,4086.5,3,-0.2,0.1021625,51.9,19.5,0.96089512
205,4077.9,180,-8.6,0.8359695,52,19.5,0.96081977
381,4068.8,176,-9.1,1.5502128,52.1,19.5,0.96074442
379.1,4068,-1.9,-0.8,1.5421788,52.2,19.5,0.96066908
1520.9,4012.3,1141.8,-55.7,6.1023071,52.6,19.6,0.96036769
1513,4008.9,-7.9,-3.4,6.0654657,53.1,19.6,0.95999096
1515,4006,2,-2.9,6.06909,53.5,19.6,0.95968957
1518.9,4003.3,3.9,-2.7,6.0806124,53.9,19.6,0.95938819
1514,4001.4,-4.9,-1.9,6.0581196,54.3,19.6,0.9590868
1520.9,3999,6.9,-2.4,6.0820791,54.7,19.6,0.95878541
1517.9,3997.4,-3,-1.6,6.0676535,55.2,19.6,0.95840868
1515.9,3995.7,-2,-1.7,6.0570816,55.6,19.5,0.95810729
1517,3994.1,1.1,-1.6,6.0590497,56,19.5,0.95780591
655.1,4033.8,-861.9,39.7,2.6425424,56.2,19.5,0.95765521
-217.1,4076.9,-872.2,43.1,-0.88509499,56.1,19.5,0.95773056
-217,4079.5,0.1,2.6,-0.8852515,56.1,19.5,0.95773056
-218,4081.4,-1,1.9,-0.8897452,56,19.5,0.95780591
-216,4082.8,2,1.4,-0.8818848,56,19.5,0.95780591
-216.1,4084.1,-0.1,1.3,-0.88257401,55.9,19.5,0.95788125
-215.1,4085.1,1,1,-0.87870501,55.8,19.5,0.9579566
632,4044.8,847.1,-40.3,2.5563136,56,19.5,0.95780591
630.1,4043.4,-1.9,-1.4,2.5477463,56.2,19.5,0.95765521
628,4042.5,-2.1,-0.9,2.53869,56.3,19.5,0.95757987
629,4041.8,1,-0.7,2.5422922,56.5,19.5,0.95742917
628,4041.1,-1,-0.7,2.5378108,56.7,19.5,0.95727848
629.1,4040.5,1.1,-0.6,2.5418785,56.9,19.5,0.95712779
633.1,4039.8,4,-0.7,2.5575974,57,19.5,0.95705244
635,4039.2,1.9,-0.6,2.564892,57.2,19.5,0.95690175
628,4039.1,-7,-0.1,2.5365548,57.4,19.5,0.95675105
627,4038.7,-1,-0.4,2.5322649,57.6,19.5,0.95660036
16,4067.6,-611,28.9,0.0650816,57.6,19.5,0.95660036
20,4068.7,4,1.1,0.081374,57.6,19.5,0.95660036
849.9,4029.7,829.9,-39,3.424842,57.8,19.5,0.95644967
843,4028.5,-6.9,-1.2,3.3960255,58,19.5,0.95629898
837,4027.6,-6,-0.9,3.3711012,58.3,19.5,0.95607294
839,4026.6,2,-1,3.3783174,58.5,19.5,0.95592224
841,4025.8,2,-0.8,3.3856978,58.7,19.5,0.95577155
396,4046.3,-445,20.5,1.6023348,58.8,19.5,0.9556962
-44,4068.5,-440,22.2,-0.179014,58.9,19.5,0.95562086
-44,4070,0,1.5,-0.17908,58.8,19.5,0.9556962
-47,4071.1,-3,1.1,-0.1913417,58.8,19.5,0.9556962
-48,4072,-1,0.9,-0.195456,58.8,19.5,0.9556962
-93,4074.9,-45,2.9,-0.3789657,58.8,19.5,0.9556962
-94,4075.7,-1,0.8,-0.3831158,58.8,19.5,0.9556962
-94,4076.4,0,0.7,-0.3831816,58.7,19.5,0.95577155
-95,4077.1,-1,0.7,-0.3873245,58.7,19.5,0.95577155
-96,4077.7,-1,0.6,-0.3914592,58.7,19.5,0.95577155
-195.1,4082.9,-99.1,5.2,-0.79657379,58.6,19.5,0.9558469
-304.9,4088.9,-109.8,6,-1.2467056,58.6,19.5,0.9558469
-304.9,4090,0,1.1,-1.247041,58.5,19.5,0.95592224
-307.9,4090.9,-3,0.9,-1.2595881,58.4,19.5,0.95599759
-309,4091.8,-1.1,0.9,-1.2643662,58.3,19.5,0.95607294
-308,4092.4,1,0.6,-1.2604592,58.2,19.5,0.95614828
-310,4093.1,-2,0.7,-1.268861,58.1,19.5,0.95622363
147,4071.3,457,-21.8,0.5984811,58.2,19.5,0.95614828
138.1,4071,-8.9,-0.3,0.5622051,58.2,19.5,0.95614828
138.1,4070.7,0,-0.3,0.56216367,58.2,19.5,0.95614828
143,4070.2,4.9,-0.5,0.5820386,58.3,19.5,0.95607294
143,4070,0,-0.2,0.58201,58.3,19.5,0.95607294
136.2,4070.3,-6.8,0.3,0.55437486,58.4,19.5,0.95599759
138.1,4070.1,1.9,-0.2,0.56208081,58.4,19.5,0.95599759
10,4076.2,-128.1,6.1,0.040762,58.4,19.5,0.95599759
-130.9,4083.8,-140.9,7.6,-0.53456942,58.4,19.5,0.95599759
-135,4084.7,-4.1,0.9,-0.5514345,58.3,19.5,0.95607294
-130.1,4085,4.9,0.3,-0.5314585,58.3,19.5,0.95607294
-127,4085.2,3.1,0.2,-0.5188204,58.3,19.5,0.95607294
-126.1,4085.5,0.9,0.3,-0.51518155,58.2,19.5,0.95614828
-54,4082.4,72.1,-3.1,-0.2204496,58.2,19.5,0.95614828
25,4078.1,79,-4.3,0.1019525,58.2,19.5,0.95614828
30,4077.8,5,-0.3,0.122334,58.2,19.5,0.95614828
20,4078.3,-10,0.5,0.081566,58.2,19.5,0.95614828
33,4077.7,13,-0.6,0.1345641,58.2,19.5,0.95614828
25,4078.1,-8,0.4,0.1019525,58.2,19.5,0.95614828
32,4077.8,7,-0.3,0.1304896,58.2,19.5,0.95614828
28,4078,-4,0.2,0.114184,58.3,19.5,0.95607294
28,4078.1,0,0.1,0.1141868,58.3,19.5,0.95607294
27,4078.2,-1,0.1,0.1101114,58.3,19.5,0.95607294
26,4078.3,-1,0.1,0.1060358,58.3,19.5,0.95607294
28,4078.3,2,0,0.1141924,58.3,19.5,0.95607294
29,4078.2,1,-0.1,0.1182678,58.3,19.5,0.95607294
27,4078.4,-2,0.2,0.1101168,58.3,19.5,0.95607294
28,4078.5,1,0.1,0.114198,58.3,19.5,0.95607294
32,4078.4,4,-0.1,0.1305088,58.3,19.5,0.95607294
30,4078.5,-2,0.1,0.122355,58.3,19.5,0.95607294
24,4078.8,-6,0.3,0.0978912,58.3,19.5,0.95607294
30,4078.6,6,-0.2,0.122358,58.3,19.5,0.95607294
27,4078.8,-3,0.2,0.1101276,58.3,19.5,0.95607294
25,4078.9,-2,0.1,0.1019725,58.4,19.5,0.95599759
28,4078.9,3,0,0.1142092,58.4,19.5,0.95599759
32,4078.7,4,-0.2,0.1305184,58.4,19.5,0.95599759
27,4079,-5,0.3,0.110133,58.4,19.5,0.95599759
25,4079.2,-2,0.2,0.10198,58.4,19.5,0.95599759
31,4078.9,6,-0.3,0.1264459,58.4,19.5,0.95599759
28,4079.1,-3,0.2,0.1142148,58.4,19.5,0.95599759
31,4079,3,-0.1,0.126449,58.4,19.5,0.95599759
21,4079.6,-10,0.6,0.0856716,58.4,19.5,0.95599759
29,4079.2,8,-0.4,0.1182968,58.4,19.5,0.95599759
24,4079.5,-5,0.3,0.097908,58.4,19.5,0.95599759
25,4079.5,1,0,0.1019875,58.4,19.5,0.95599759
24,4079.6,-1,0.1,0.0979104,58.4,19.5,0.95599759
29,4079.5,5,-0.1,0.1183055,58.5,19.5,0.95592224
29,4079.5,0,0,0.1183055,58.5,19.5,0.95592224
29,4079.5,0,0,0.1183055,58.5,19.5,0.95592224
30,4079.5,1,0,0.122385,58.5,19.5,0.95592224
30,4079.5,0,0,0.122385,58.5,19.5,0.95592224
26,4079.8,-4,0.3,0.1060748,58.5,19.5,0.95592224
26,4079.8,0,0,0.1060748,58.5,19.5,0.95592224
29,4079.8,3,0,0.1183142,58.5,19.5,0.95592224
27,4079.8,-2,0,0.1101546,58.5,19.5,0.95592224
34,4079.6,7,-0.2,0.1387064,58.5,19.5,0.95592224
34,4079.6,0,0,0.1387064,58.5,19.5,0.95592224
24,4080.1,-10,0.5,0.0979224,58.5,19.5,0.95592224
27,4080,3,-0.1,0.11016,58.6,19.5,0.9558469
31,4079.8,4,-0.2,0.1264738,58.6,19.5,0.9558469
22,4080.3,-9,0.5,0.0897666,58.6,19.5,0.9558469
32,4079.9,10,-0.4,0.1305568,58.6,19.5,0.9558469
31,4080,-1,0.1,0.12648,58.6,19.5,0.9558469
25,4080.3,-6,0.3,0.1020075,58.6,19.5,0.9558469
25,4080.2,0,-0.1,0.102005,58.6,19.5,0.9558469
26,4080.3,1,0.1,0.1060878,58.6,19.5,0.9558469
29,4080.2,3,-0.1,0.1183258,58.6,19.5,0.9558469
29,4080.1,0,-0.1,0.1183229,58.6,19.5,0.9558469
25,4080.4,-4,0.3,0.10201,58.6,19.5,0.9558469
31,4080.2,6,-0.2,0.1264862,58.6,19.5,0.9558469
32,4080.1,1,-0.1,0.1305632,58.6,19.5,0.9558469
27,4080.4,-5,0.3,0.1101708,58.7,19.5,0.95577155
29,4080.3,2,-0.1,0.1183287,58.7,19.5,0.95577155
29,4080.4,0,0.1,0.1183316,58.7,19.5,0.95577155
28,4080.4,-1,0,0.1142512,58.7,19.5,0.95577155
35,4080.1,7,-0.3,0.1428035,58.7,19.5,0.95577155
29,4080.4,-6,0.3,0.1183316,58.7,19.5,0.95577155
22,4080.8,-7,0.4,0.0897776,58.7,19.5,0.95577155
30,4080.4,8,-0.4,0.122412,58.7,19.5,0.95577155
26,4080.6,-4,0.2,0.1060956,58.7,19.5,0.95577155
27,4080.6,1,0,0.1101762,58.7,19.5,0.95577155
28,4080.6,1,0,0.1142568,58.7,19.5,0.95577155
22,4080.9,-6,0.3,0.0897798,58.7,19.5,0.95577155
26,4080.8,4,-0.1,0.1061008,58.7,19.5,0.95577155
24,4080.9,-2,0.1,0.0979416,58.7,19.5,0.95577155
30,4080.6,6,-0.3,0.122418,58.8,19.5,0.9556962
32,4080.6,2,0,0.1305792,58.8,19.5,0.9556962
28,4080.8,-4,0.2,0.1142624,58.8,19.5,0.9556962
28,4080.8,0,0,0.1142624,58.8,19.5,0.9556962
26,4080.9,-2,0.1,0.1061034,58.8,19.5,0.9556962
28,4080.8,2,-0.1,0.1142624,58.8,19.5,0.9556962
30,4080.8,2,0,0.122424,58.8,19.5,0.9556962
28,4080.9,-2,0.1,0.1142652,58.8,19.5,0.9556962
30,4080.8,2,-0.1,0.122424,58.8,19.5,0.9556962
29,4080.9,-1,0.1,0.1183461,58.8,19.5,0.9556962
23,4081.1,-6,0.2,0.0938653,58.8,19.5,0.9556962
29,4080.9,6,-0.2,0.1183461,58.8,19.5,0.9556962
26,4081.1,-3,0.2,0.1061086,58.9,19.5,0.95562086
34,4080.7,8,-0.4,0.1387438,58.9,19.5,0.95562086
26,4081.1,-8,0.4,0.1061086,58.9,19.5,0.95562086
26,4081.1,0,0,0.1061086,58.9,19.5,0.95562086
31,4080.9,5,-0.2,0.1265079,58.9,19.5,0.95562086
27,4081.1,-4,0.2,0.1101897,58.9,19.5,0.95562086
26,4081.2,-1,0.1,0.1061112,58.9,19.5,0.95562086
30,4081,4,-0.2,0.12243,58.9,19.5,0.95562086
28,4081.1,-2,0.1,0.1142708,58.9,19.5,0.95562086
29,4081.1,1,0,0.1183519,58.9,19.5,0.95562086
29,4081.1,0,0,0.1183519,58.9,19.5,0.95562086
31,4081,2,-0.1,0.126511,58.9,19.5,0.95562086
29,4081.1,-2,0.1,0.1183519,58.9,19.5,0.95562086
32,4080.9,3,-0.2,0.1305888,59,19.5,0.95554551
31,4081,-1,0.1,0.126511,59,19.5,0.95554551
31,4081,0,0,0.126511,59,19.5,0.95554551
24,4081.4,-7,0.4,0.0979536,59,19.5,0.95554551
27,4081.3,3,-0.1,0.1101951,59,19.5,0.95554551
28,4081.3,1,0,0.1142764,59,19.5,0.95554551
22,4081.5,-6,0.2,0.089793,59,19.5,0.95554551
27,4081.3,5,-0.2,0.1101951,59,19.5,0.95554551
30,4081.2,3,-0.1,0.122436,59,19.5,0.95554551
33,4081.1,3,-0.1,0.1346763,59,19.5,0.95554551
29,4081.3,-4,0.2,0.1183577,59,19.5,0.95554551
25,4081.5,-4,0.2,0.1020375,59,19.5,0.95554551
29,4081.3,4,-0.2,0.1183577,59.1,19.5,0.95547016
23,4081.6,-6,0.3,0.0938768,59.1,19.5,0.95547016
28,4081.4,5,-0.2,0.1142792,59.1,19.5,0.95547016
29,4081.3,1,-0.1,0.1183577,59.1,19.5,0.95547016
30,4081.3,1,0,0.122439,59.1,19.5,0.95547016
30,4081.3,0,0,0.122439,59.1,19.5,0.95547016
28,4081.4,-2,0.1,0.1142792,59.1,19.5,0.95547016
26,4081.5,-2,0.1,0.106119,59.1,19.5,0.95547016
27,4081.5,1,0,0.1102005,59.1,19.5,0.95547016
30,4081.4,3,-0.1,0.122442,59.1,19.5,0.95547016
29,4081.4,-1,0,0.1183606,59.1,19.5,0.95547016
28,4081.5,-1,0.1,0.114282,59.1,19.5,0.95547016
32,4081.3,4,-0.2,0.1306016,59.1,19.5,0.95547016
25,4081.6,-7,0.3,0.10204,59.2,19.5,0.95539482
29,4081.5,4,-0.1,0.1183635,59.2,19.5,0.95539482
31,4081.4,2,-0.1,0.1265234,59.2,19.5,0.95539482
29,4081.5,-2,0.1,0.1183635,59.2,19.5,0.95539482
28,4081.5,-1,0,0.114282,59.2,19.5,0.95539482
27,4081.6,-1,0.1,0.1102032,59.2,19.5,0.95539482
28,4081.6,1,0,0.1142848,59.2,19.5,0.95539482
32,4081.4,4,-0.2,0.1306048,59.2,19.5,0.95539482
30,4081.5,-2,0.1,0.122445,59.2,19.5,0.95539482
30,4081.5,0,0,0.122445,59.2,19.5,0.95539482
28,4081.6,-2,0.1,0.1142848,59.2,19.5,0.95539482
22,4081.9,-6,0.3,0.0898018,59.2,19.5,0.95539482
29,4081.6,7,-0.3,0.1183664,59.2,19.5,0.95539482
27,4081.7,-2,0.1,0.1102059,59.3,19.5,0.95531947
26,4081.7,-1,0,0.1061242,59.3,19.5,0.95531947
23,4081.9,-3,0.2,0.0938837,59.3,19.5,0.95531947
30,4081.6,7,-0.3,0.122448,59.3,19.5,0.95531947
35,4081.3,5,-0.3,0.1428455,59.3,19.5,0.95531947
27,4081.7,-8,0.4,0.1102059,59.3,19.5,0.95531947
25,4081.8,-2,0.1,0.102045,59.3,19.5,0.95531947
28,4081.7,3,-0.1,0.1142876,59.3,19.5,0.95531947
28,4081.7,0,0,0.1142876,59.3,19.5,0.95531947
25,4081.9,-3,0.2,0.1020475,59.3,19.5,0.95531947
31,4081.6,6,-0.3,0.1265296,59.3,19.5,0.95531947
31,4081.6,0,0,0.1265296,59.3,19.5,0.95531947
26,4081.8,-5,0.2,0.1061268,59.3,19.5,0.95531947
32,4081.6,6,-0.2,0.1306112,59.4,19.5,0.95524412
28,4081.7,-4,0.1,0.1142876,59.4,19.5,0.95524412
31,4081.6,3,-0.1,0.1265296,59.4,19.5,0.95524412
29,4081.7,-2,0.1,0.1183693,59.4,19.5,0.95524412
27,4081.8,-2,0.1,0.1102086,59.4,19.5,0.95524412
22,4082.1,-5,0.3,0.0898062,59.4,19.5,0.95524412
31,4081.6,9,-0.5,0.1265296,59.4,19.5,0.95524412
30,4081.7,-1,0.1,0.122451,59.4,19.5,0.95524412
27,4081.8,-3,0.1,0.1102086,59.4,19.5,0.95524412
30,4081.7,3,-0.1,0.122451,59.4,19.5,0.95524412
29,4081.8,-1,0.1,0.1183722,59.4,19.5,0.95524412
24,4082,-5,0.2,0.097968,59.4,19.5,0.95524412
28,4081.9,4,-0.1,0.1142932,59.4,19.5,0.95524412
27,4081.9,-1,0,0.1102113,59.5,19.5,0.95516878
26,4081.9,-1,0,0.1061294,59.5,19.5,0.95516878
32,4081.7,6,-0.2,0.1306144,59.5,19.5,0.95516878
30,4081.7,-2,0,0.122451,59.5,19.5,0.95516878
31,4081.7,1,0,0.1265327,59.5,19.5,0.95516878
29,4081.8,-2,0.1,0.1183722,59.5,19.5,0.95516878
30,4081.7,1,-0.1,0.122451,59.5,19.5,0.95516878
27,4081.9,-3,0.2,0.1102113,59.5,19.5,0.95516878
28,4081.9,1,0,0.1142932,59.5,19.5,0.95516878
26,4082,-2,0.1,0.106132,59.5,19.5,0.95516878
22,4082.2,-4,0.2,0.0898084,59.5,19.5,0.95516878
25,4082.1,3,-0.1,0.1020525,59.5,19.5,0.95516878
26,4082,1,-0.1,0.106132,59.5,19.5,0.95516878
32,4081.7,6,-0.3,0.1306144,59.6,19.5,0.95509343
28,4081.9,-4,0.2,0.1142932,59.6,19.5,0.95509343
29,4081.9,1,0,0.1183751,59.6,19.5,0.95509343
26,4082,-3,0.1,0.106132,59.6,19.5,0.95509343
28,4081.9,2,-0.1,0.1142932,59.6,19.5,0.95509343
30,4081.9,2,0,0.122457,59.6,19.5,0.95509343
30,4081.9,0,0,0.122457,59.6,19.5,0.95509343
29,4081.9,-1,0,0.1183751,59.6,19.5,0.95509343
31,4081.8,2,-0.1,0.1265358,59.6,19.5,0.95509343
24,4082.2,-7,0.4,0.0979728,59.6,19.5,0.95509343
32,4081.8,8,-0.4,0.1306176,59.6,19.5,0.95509343
23,4082.2,-9,0.4,0.0938906,59.6,19.5,0.95509343
20,4082.4,-3,0.2,0.081648,59.6,19.5,0.95509343
30,4081.9,10,-0.5,0.122457,59.7,19.5,0.95501808
38,4081.5,8,-0.4,0.155097,59.7,19.5,0.95501808
43,4081.3,5,-0.2,0.1754959,59.7,19.5,0.95501808
38,4081.4,-5,0.1,0.1550932,59.7,19.5,0.95501808
46,4081,8,-0.4,0.187726,59.7,19.5,0.95501808
43,4081.2,-3,0.2,0.1754916,59.7,19.5,0.95501808
46,4081,3,-0.2,0.187726,59.7,19.5,0.95501808
42,4081.2,-4,0.2,0.1714104,59.7,19.5,0.95501808
40,4081.3,-2,0.1,0.163252,59.8,19.5,0.95494274
43,4081.2,3,-0.1,0.1754916,59.8,19.5,0.95494274
48,4080.9,5,-0.3,0.1958832,59.8,19.5,0.95494274
34,4081.5,-14,0.6,0.138771,59.8,19.5,0.95494274
43,4081.1,9,-0.4,0.1754873,59.8,19.5,0.95494274
45,4081,2,-0.1,0.183645,59.8,19.5,0.95494274
40,4081.2,-5,0.2,0.163248,59.8,19.5,0.95494274
45,4080.9,5,-0.3,0.1836405,59.8,19.5,0.95494274
43,4081.1,-2,0.2,0.1754873,59.8,19.5,0.95494274
41,4081.1,-2,0,0.1673251,59.9,19.5,0.95486739
44,4081,3,-0.1,0.179564,59.9,19.5,0.95486739
38,4081.3,-6,0.3,0.1550894,59.9,19.5,0.95486739
46,4080.8,8,-0.5,0.1877168,59.9,19.5,0.95486739
47,4080.8,1,0,0.1917976,59.9,19.5,0.95486739
45,4080.9,-2,0.1,0.1836405,59.9,19.5,0.95486739
40,4081.1,-5,0.2,0.163244,59.9,19.5,0.95486739
42,4081,2,-0.1,0.171402,59.9,19.5,0.95486739
44,4080.9,2,-0.1,0.1795596,60,19.5,0.95479204
43,4081,-1,0.1,0.175483,60,19.5,0.95479204
42,4081,-1,0,0.171402,60,19.5,0.95479204
42,4081,0,0,0.171402,60,19.5,0.95479204
45,4080.8,3,-0.2,0.183636,60,19.5,0.95479204
49,4080.6,4,-0.2,0.1999494,60,19.5,0.95479204
39,4081.1,-10,0.5,0.1591629,60,19.5,0.95479204
44,4080.9,5,-0.2,0.1795596,60,19.5,0.95479204
43,4080.9,-1,0,0.1754787,60.1,19.5,0.9547167
41,4080.9,-2,0,0.1673169,60.1,19.5,0.9547167
39,4081.1,-2,0.2,0.1591629,60.1,19.5,0.9547167
39,4081.1,0,0,0.1591629,60.1,19.5,0.9547167
41,4081,2,-0.1,0.167321,60.1,19.5,0.9547167
43,4080.9,2,-0.1,0.1754787,60.1,19.5,0.9547167
41,4081,-2,0.1,0.167321,60.1,19.5,0.9547167
44,4080.8,3,-0.2,0.1795552,60.1,19.5,0.9547167
45,4080.8,1,0,0.183636,60.1,19.5,0.9547167
43,4080.8,-2,0,0.1754744,60.2,19.5,0.95464135
46,4080.6,3,-0.2,0.1877076,60.2,19.5,0.95464135
45,4080.7,-1,0.1,0.1836315,60.2,19.5,0.95464135
42,4080.9,-3,0.2,0.1713978,60.2,19.5,0.95464135
40,4081,-2,0.1,0.16324,60.2,19.5,0.95464135
41,4081,1,0,0.167321,60.2,19.5,0.95464135
46,4080.7,5,-0.3,0.1877122,60.2,19.5,0.95464135
40,4081,-6,0.3,0.16324,60.2,19.5,0.95464135
43,4080.8,3,-0.2,0.1754744,60.2,19.5,0.95464135
45,4080.7,2,-0.1,0.1836315,60.3,19.5,0.954566
41,4080.9,-4,0.2,0.1673169,60.3,19.5,0.954566
45,4080.7,4,-0.2,0.1836315,60.3,19.5,0.954566
37,4081.1,-8,0.4,0.1510007,60.3,19.5,0.954566
40,4081,3,-0.1,0.16324,60.3,19.5,0.954566
44,4080.8,4,-0.2,0.1795552,60.3,19.5,0.954566
41,4080.9,-3,0.1,0.1673169,60.3,19.5,0.954566
44,4080.7,3,-0.2,0.1795508,60.3,19.5,0.954566
40,4080.9,-4,0.2,0.163236,60.4,19.5,0.95449066
40,4081,0,0.1,0.16324,60.4,19.5,0.95449066
47,4080.6,7,-0.4,0.1917882,60.4,19.5,0.95449066
45,4080.6,-2,0,0.183627,60.4,19.5,0.95449066
49,4080.5,4,-0.1,0.1999445,60.4,19.5,0.95449066
45,4080.7,-4,0.2,0.1836315,60.4,19.5,0.95449066
37,4081,-8,0.3,0.150997,60.4,19.5,0.95449066
46,4080.6,9,-0.4,0.1877076,60.4,19.5,0.95449066
41,4080.8,-5,0.2,0.1673128,60.5,19.5,0.95441531
50,4080.4,9,-0.4,0.20402,60.5,19.5,0.95441531
42,4080.8,-8,0.4,0.1713936,60.5,19.5,0.95441531
40,4080.8,-2,0,0.163232,60.5,19.5,0.95441531
46,4080.5,6,-0.3,0.187703,60.5,19.5,0.95441531
41,4080.8,-5,0.3,0.1673128,60.5,19.5,0.95441531
45,4080.6,4,-0.2,0.183627,60.5,19.5,0.95441531
47,4080.5,2,-0.1,0.1917835,60.5,19.5,0.95441531
42,4080.7,-5,0.2,0.1713894,60.5,19.5,0.95441531
48,4080.4,6,-0.3,0.1958592,60.6,19.5,0.95433996
42,4080.7,-6,0.3,0.1713894,60.6,19.5,0.95433996
41,4080.8,-1,0.1,0.1673128,60.6,19.5,0.95433996
41,4080.8,0,0,0.1673128,60.6,19.5,0.95433996
47,4080.5,6,-0.3,0.1917835,60.6,19.5,0.95433996
44,4080.6,-3,0.1,0.1795464,60.6,19.5,0.95433996
45,4080.6,1,0,0.183627,60.6,19.5,0.95433996
42,4080.7,-3,0.1,0.1713894,60.6,19.5,0.95433996
46,4080.5,4,-0.2,0.187703,60.7,19.5,0.95426462
43,4080.6,-3,0.1,0.1754658,60.7,19.5,0.95426462
42,4080.6,-1,0,0.1713852,60.7,19.5,0.95426462
37,4080.9,-5,0.3,0.1509933,60.7,19.5,0.95426462
42,4080.7,5,-0.2,0.1713894,60.7,19.5,0.95426462
37,4080.9,-5,0.2,0.1509933,60.7,19.5,0.95426462
40,4080.9,3,0,0.163236,60.7,19.5,0.95426462
42,4080.7,2,-0.2,0.1713894,60.7,19.5,0.95426462
48,4080.4,6,-0.3,0.1958592,60.8,19.5,0.95418927
50,4080.3,2,-0.1,0.204015,60.8,19.5,0.95418927
40,4080.8,-10,0.5,0.163232,60.8,19.5,0.95418927
40,4080.8,0,0,0.163232,60.8,19.5,0.95418927
38,4080.8,-2,0,0.1550704,60.8,19.5,0.95418927
45,4080.6,7,-0.2,0.183627,60.8,19.5,0.95418927
43,4080.6,-2,0,0.1754658,60.8,19.5,0.95418927
41,4080.7,-2,0.1,0.1673087,60.8,19.5,0.95418927
43,4080.6,2,-0.1,0.1754658,60.8,19.5,0.95418927
45,4080.5,2,-0.1,0.1836225,60.9,19.5,0.95411392
39,4080.8,-6,0.3,0.1591512,60.9,19.5,0.95411392
45,4080.5,6,-0.3,0.1836225,60.9,19.5,0.95411392
44,4080.5,-1,0,0.179542,60.9,19.5,0.95411392
38,4080.8,-6,0.3,0.1550704,60.9,19.5,0.95411392
44,4080.5,6,-0.3,0.179542,60.9,19.5,0.95411392
43,4080.6,-1,0.1,0.1754658,60.9,19.5,0.95411392
40,4080.7,-3,0.1,0.163228,60.9,19.5,0.95411392
43,4080.6,3,-0.1,0.1754658,61,19.5,0.95403858
42,4080.7,-1,0.1,0.1713894,61,19.5,0.95403858
41,4080.7,-1,0,0.1673087,61,19.5,0.95403858
48,4080.3,7,-0.4,0.1958544,61,19.5,0.95403858
50,4080.2,2,-0.1,0.20401,61,19.5,0.95403858
43,4080.5,-7,0.3,0.1754615,61,19.5,0.95403858
43,4080.6,0,0.1,0.1754658,61,19.5,0.95403858
40,4080.7,-3,0.1,0.163228,61,19.5,0.95403858
42,4080.6,2,-0.1,0.1713852,61,19.5,0.95403858
40,4080.7,-2,0.1,0.163228,61.1,19.5,0.95396323
46,4080.4,6,-0.3,0.1876984,61.1,19.5,0.95396323
41,4080.6,-5,0.2,0.1673046,61.1,19.5,0.95396323
42,4080.6,1,0,0.1713852,61.1,19.5,0.95396323
42,4080.6,0,0,0.1713852,61.1,19.5,0.95396323
44,4080.5,2,-0.1,0.179542,61.1,19.5,0.95396323
40,4080.7,-4,0.2,0.163228,61.1,19.5,0.95396323
41,4080.6,1,-0.1,0.1673046,61.1,19.5,0.95396323
43,4080.5,2,-0.1,0.1754615,61.2,19.5,0.95388788
38,4080.7,-5,0.2,0.1550666,61.2,19.5,0.95388788
37,4080.8,-1,0.1,0.1509896,61.2,19.5,0.95388788
45,4080.5,8,-0.3,0.1836225,61.2,19.5,0.95388788
43,4080.5,-2,0,0.1754615,61.2,19.5,0.95388788
40,4080.7,-3,0.2,0.163228,61.2,19.5,0.95388788
37,4080.8,-3,0.1,0.1509896,61.2,19.5,0.95388788
45,4080.4,8,-0.4,0.183618,61.2,19.5,0.95388788
35,4080.9,-10,0.5,0.1428315,61.2,19.5,0.95388788
39,4080.7,4,-0.2,0.1591473,61.3,19.5,0.95381254
40,4080.7,1,0,0.163228,61.3,19.5,0.95381254
40,4080.7,0,0,0.163228,61.3,19.5,0.95381254
39,4080.7,-1,0,0.1591473,61.3,19.5,0.95381254
40,4080.7,1,0,0.163228,61.3,19.5,0.95381254
46,4080.4,6,-0.3,0.1876984,61.3,19.5,0.95381254
36,4080.8,-10,0.4,0.1469088,61.3,19.5,0.95381254
36,4080.9,0,0.1,0.1469124,61.3,19.5,0.95381254
40,4080.7,4,-0.2,0.163228,61.3,19.5,0.95381254
41,4080.6,1,-0.1,0.1673046,61.4,19.5,0.95373719
38,4080.8,-3,0.2,0.1550704,61.4,19.5,0.95373719
39,4080.7,1,-0.1,0.1591473,61.4,19.5,0.95373719
44,4080.5,5,-0.2,0.179542,61.4,19.5,0.95373719
35,4080.9,-9,0.4,0.1428315,61.4,19.5,0.95373719
42,4080.6,7,-0.3,0.1713852,61.4,19.5,0.95373719
39,4080.7,-3,0.1,0.1591473,61.4,19.5,0.95373719
43,4080.5,4,-0.2,0.1754615,61.4,19.5,0.95373719
42,4080.6,-1,0.1,0.1713852,61.4,19.5,0.95373719
40,4080.6,-2,0,0.163224,61.5,19.5,0.95366184
39,4080.7,-1,0.1,0.1591473,61.5,19.5,0.95366184
42,4080.6,3,-0.1,0.1713852,61.5,19.5,0.95366184
39,4080.7,-3,0.1,0.1591473,61.5,19.5,0.95366184
39,4080.7,0,0,0.1591473,61.5,19.5,0.95366184
42,4080.5,3,-0.2,0.171381,61.5,19.5,0.95366184
35,4080.9,-7,0.4,0.1428315,61.5,19.5,0.95366184
44,4080.5,9,-0.4,0.179542,61.5,19.5,0.95366184
41,4080.6,-3,0.1,0.1673046,61.5,19.5,0.95366184
43,4080.5,2,-0.1,0.1754615,61.6,19.5,0.9535865
38,4080.7,-5,0.2,0.1550666,61.6,19.5,0.9535865
44,4080.4,6,-0.3,0.1795376,61.6,19.5,0.9535865
39,4080.7,-5,0.3,0.1591473,61.6,19.5,0.9535865
36,4080.8,-3,0.1,0.1469088,61.6,19.5,0.9535865
43,4080.5,7,-0.3,0.1754615,61.6,19.5,0.9535865
41,4080.5,-2,0,0.1673005,61.6,19.5,0.9535865
42,4080.5,1,0,0.171381,61.6,19.5,0.9535865
45,4080.3,3,-0.2,0.1836135,61.6,19.5,0.9535865
41,4080.5,-4,0.2,0.1673005,61.7,19.5,0.95351115
42,4080.5,1,0,0.171381,61.7,19.5,0.95351115
41,4080.5,-1,0,0.1673005,61.7,19.5,0.95351115
36,4080.8,-5,0.3,0.1469088,61.7,19.5,0.95351115
42,4080.5,6,-0.3,0.171381,61.7,19.5,0.95351115
44,4080.4,2,-0.1,0.1795376,61.7,19.5,0.95351115
36,4080.8,-8,0.4,0.1469088,61.7,19.5,0.95351115
38,4080.6,2,-0.2,0.1550628,61.7,19.5,0.95351115
37,4080.7,-1,0.1,0.1509859,61.7,19.5,0.95351115
41,4080.5,4,-0.2,0.1673005,61.8,19.5,0.9534358
41,4080.6,0,0.1,0.1673046,61.8,19.5,0.9534358
45,4080.3,4,-0.3,0.1836135,61.8,19.5,0.9534358
36,4080.7,-9,0.4,0.1469052,61.8,19.5,0.9534358
45,4080.3,9,-0.4,0.1836135,61.8,19.5,0.9534358
45,4080.3,0,0,0.1836135,61.8,19.5,0.9534358
39,4080.6,-6,0.3,0.1591434,61.8,19.5,0.9534358
37,4080.7,-2,0.1,0.1509859,61.8,19.5,0.9534358
39,4080.6,2,-0.1,0.1591434,61.8,19.5,0.9534358
45,4080.3,6,-0.3,0.1836135,61.9,19.5,0.95336046
37,4080.7,-8,0.4,0.1509859,61.9,19.5,0.95336046
40,4080.5,3,-0.2,0.16322,61.9,19.5,0.95336046
37,4080.7,-3,0.2,0.1509859,61.9,19.5,0.95336046
39,4080.6,2,-0.1,0.1591434,61.9,19.5,0.95336046
39,4080.6,0,0,0.1591434,61.9,19.5,0.95336046
38,4080.7,-1,0.1,0.1550666,61.9,19.5,0.95336046
38,4080.6,0,-0.1,0.1550628,61.9,19.5,0.95336046
40,4080.5,2,-0.1,0.16322,61.9,19.5,0.95336046
39,4080.6,-1,0.1,0.1591434,62,19.5,0.95328511
35,4080.8,-4,0.2,0.142828,62,19.5,0.95328511
38,4080.6,3,-0.2,0.1550628,62,19.5,0.95328511
38,4080.6,0,0,0.1550628,62,19.5,0.95328511
37,4080.7,-1,0.1,0.1509859,62,19.5,0.95328511
38,4080.6,1,-0.1,0.1550628,62,19.5,0.95328511
43,4080.4,5,-0.2,0.1754572,62,19.5,0.95328511
38,4080.6,-5,0.2,0.1550628,62,19.5,0.95328511
34,4080.8,-4,0.2,0.1387472,62,19.5,0.95328511
34,4080.8,0,0,0.1387472,62,19.5,0.95328511
42,4080.4,8,-0.4,0.1713768,62.1,19.5,0.95320976
42,4080.4,0,0,0.1713768,62.1,19.5,0.95320976
41,4080.4,-1,0,0.1672964,62.1,19.5,0.95320976
40,4080.5,-1,0.1,0.16322,62.1,19.5,0.95320976
40,4080.5,0,0,0.16322,62.1,19.5,0.95320976
42,4080.4,2,-0.1,0.1713768,62.1,19.5,0.95320976
35,4080.7,-7,0.3,0.1428245,62.1,19.5,0.95320976
36,4080.7,1,0,0.1469052,62.1,19.5,0.95320976
40,4080.5,4,-0.2,0.16322,62.1,19.5,0.95320976
37,4080.6,-3,0.1,0.1509822,62.2,19.5,0.95313442
45,4080.3,8,-0.3,0.1836135,62.2,19.5,0.95313442
38,4080.6,-7,0.3,0.1550628,62.2,19.5,0.95313442
40,4080.5,2,-0.1,0.16322,62.2,19.5,0.95313442
35,4080.7,-5,0.2,0.1428245,62.2,19.5,0.95313442
42,4080.4,7,-0.3,0.1713768,62.2,19.5,0.95313442
39,4080.5,-3,0.1,0.1591395,62.2,19.5,0.95313442
44,4080.3,5,-0.2,0.1795332,62.2,19.5,0.95313442
39,4080.5,-5,0.2,0.1591395,62.2,19.5,0.95313442
38,4080.6,-1,0.1,0.1550628,62.3,19.5,0.95305907
35,4080.7,-3,0.1,0.1428245,62.3,19.5,0.95305907
43,4080.3,8,-0.4,0.1754529,62.3,19.5,0.95305907
36,4080.7,-7,0.4,0.1469052,62.3,19.5,0.95305907
37,4080.6,1,-0.1,0.1509822,62.3,19.5,0.95305907
39,4080.5,2,-0.1,0.1591395,62.3,19.5,0.95305907
43,4080.3,4,-0.2,0.1754529,62.3,19.5,0.95305907
42,4080.3,-1,0,0.1713726,62.3,19.5,0.95305907
42,4080.3,0,0,0.1713726,62.3,19.5,0.95305907
43,4080.3,1,0,0.1754529,62.4,19.5,0.95298373
36,4080.6,-7,0.3,0.1469016,62.4,19.5,0.95298373
664,4050.2,628,-30.4,2.6893328,62.5,19.5,0.95290838
657,4048.9,-7,-1.3,2.6601273,62.7,19.5,0.95275769
659,4047.5,2,-1.4,2.6673025,62.9,19.5,0.95260699
661.1,4046.3,2.1,-1.2,2.6750089,63.1,19.5,0.9524563
1075,4025.4,413.9,-20.9,4.327305,63.4,19.5,0.95223026
1075,4023.4,0,-2,4.325155,63.7,19.5,0.95200422
1070,4022,-5,-1.4,4.30354,64,19.5,0.95177818
1074,4020.4,4,-1.6,4.3179096,64.3,19.5,0.95155214
-1091.9,4123.8,-2165.9,103.4,-4.5027772,64,19.5,0.95177818
-1095,4128.6,-3.1,4.8,-4.520817,63.7,19.5,0.95200422
-1100,4132.2,-5,3.6,-4.54542,63.4,19.5,0.95223026
-1098,4134.8,2,2.6,-4.5400104,63.1,19.5,0.9524563
-1097.9,4137.1,0.1,2.3,-4.5421221,62.8,19.5,0.95268234
-1095,4139.1,2.9,2,-4.5323145,62.5,19.5,0.95290838
-1095.9,4141.1,-0.9,2,-4.5382315,62.2,19.5,0.95313442
-542,4116,553.9,-25.1,-2.230872,62,19.5,0.95328511
-546.9,4116.3,-4.9,0.3,-2.2512045,61.9,19.5,0.95336046
-548,4116.8,-1.1,0.5,-2.2560064,61.7,19.5,0.95351115
-541.9,4117,6.1,0.2,-2.2310023,61.6,19.5,0.9535865
-546.9,4117.8,-5,0.8,-2.2520248,61.4,19.5,0.95373719
-548.9,4118.4,-2,0.6,-2.2605898,61.3,19.5,0.95381254
-544,4118.7,4.9,0.3,-2.2405728,61.1,19.5,0.95396323
-546,4119.3,-2,0.6,-2.2491378,61,19.5,0.95403858
-541,4119.6,5,0.3,-2.2287036,60.8,19.5,0.95418927
1663.9,4013,2204.9,-106.6,6.6772307,61.2,19.5,0.95388788
1661,4007.6,-2.9,-5.4,6.6566236,61.7,19.5,0.95351115
1660.1,4003.6,-0.9,-4,6.6463764,62.1,19.5,0.95320976
1664,4000.1,3.9,-3.5,6.6561664,62.6,19.5,0.95283303
1665,3997.1,1,-3,6.6551715,63.1,19.5,0.9524563
1663.9,3994.5,-1.1,-2.6,6.6464485,63.5,19.5,0.95215491
1665.9,3992,2,-2.5,6.6502728,64,19.5,0.95177818
1666,3989.8,0.1,-2.2,6.6470068,64.5,19.5,0.95140145
-388,4086.7,-2054,96.9,-1.5856396,64.4,19.5,0.95147679
-391,4090.4,-3,3.7,-1.5993464,64.3,19.5,0.95155214
-387,4092.5,4,2.1,-1.5837975,64.2,19.5,0.95162749
-387,4094.2,0,1.7,-1.5844554,64.1,19.5,0.95170283
-389,4095.8,-2,1.6,-1.5932662,64,19.5,0.95177818
-391.9,4097.1,-2.9,1.3,-1.6056535,63.9,19.5,0.95185353
1163.9,4022.8,1555.8,-74.3,4.6821369,64.1,19.5,0.95170283
1162,4019.5,-1.9,-3.3,4.670659,64.5,19.5,0.95140145
1160,4017.4,-2,-2.1,4.660184,64.8,19.5,0.95117541
1159,4015.5,-1,-1.9,4.6539645,65.1,19.5,0.95094937
1160,4013.8,1,-1.7,4.656008,65.4,19.5,0.95072333
1609.9,3990.8,449.9,-23,6.4247889,65.9,19.5,0.95034659
1616.9,3988,7,-2.8,6.4481972,66.3,19.5,0.95004521
1612,3986.1,-4.9,-1.9,6.4255932,66.8,19.5,0.94966847
1976.9,3966.9,364.9,-19.2,7.8421646,67.3,19.5,0.94929174
2338.9,3947.2,362,-19.7,9.2321061,68,19.5,0.94876432
2339,3944,0.1,-3.2,9.225016,68.6,19.5,0.94831224
2334,3941.5,-5,-2.5,9.199461,69.3,19.5,0.94778481
2340,3938.9,6,-2.6,9.217026,69.9,19.5,0.94733273
2337.9,3936.6,-2.1,-2.3,9.2033771,70.6,19.5,0.9468053
2338.9,3934.5,1,-2.1,9.202402,71.2,19.5,0.94635322
2527.8,3923.5,188.9,-11,9.9178233,71.9,19.5,0.9458258
2524.9,3921.4,-2.9,-2.1,9.9011429,72.6,19.5,0.94529837
2526,3919.2,1.1,-2.2,9.8998992,73.3,19.5,0.94477095
1640.1,3959,-885.9,39.8,6.4931559,73.8,19.5,0.94439421
735.2,4002,-904.9,43,2.9422704,74,19.5,0.94424352
740,4003.5,4.8,1.5,2.96259,74.2,19.5,0.94409283
744,4004.5,4,1,2.979348,74.4,19.5,0.94394213
742.1,4005.3,-1.9,0.8,2.9723331,74.6,19.5,0.94379144
748.9,4005.5,6.8,0.2,2.9997189,74.8,19.5,0.94364075
742,4006.3,-6.9,0.8,2.9726746,75,19.5,0.94349005
744,4006.5,2,0.2,2.980836,75.2,19.5,0.94333936
742.1,4006.9,-1.9,0.4,2.9735205,75.4,19.5,0.94318867
233.2,4031.3,-508.9,24.4,0.94009916,75.5,19.5,0.94311332
231.1,4032.8,-2.1,1.5,0.93198008,75.6,19.5,0.94303797
230,4033.9,-1.1,1.1,0.927797,75.6,19.5,0.94303797
233.1,4034.7,3.1,0.8,0.94048857,75.7,19.5,0.94296263
238.1,4035.2,5,0.5,0.96078112,75.8,19.5,0.94288728
621.1,4017.6,383,-17.6,2.4953314,75.9,19.5,0.94281193
1028,3998,406.9,-19.6,4.109944,76.2,19.5,0.9425859
1027,3996.8,-1,-1.2,4.1047136,76.5,19.5,0.94235986
1029,3995.9,2,-0.9,4.1117811,76.8,19.5,0.94213382
1023.9,3995.5,-5.1,-0.4,4.0909924,77.1,19.5,0.94190778
1027,3994.9,3.1,-0.6,4.1027623,77.4,19.5,0.94168174
2633.8,3918.1,1606.8,-76.8,10.319492,78.1,19.5,0.94115431
2626,3914.2,-7.8,-3.9,10.278689,78.8,19.5,0.94062688
2626,3911.1,0,-3.1,10.270549,79.5,19.5,0.94009946
2628,3908.3,2,-2.8,10.271012,80.3,19.5,0.93949668
1738,3947.9,-890,39.6,6.8614502,80.8,19.5,0.93911995
845.2,3989.9,-892.8,42,3.3722635,81,19.5,0.93896926
849,3991.1,3.8,1.2,3.3884439,81.2,19.5,0.93881857
1050,3982.4,201,-8.7,4.18152,81.5,19.5,0.93859253
1240.9,3973.5,190.9,-8.9,4.9307161,81.9,19.5,0.93829114
1245.9,3972.9,5,-0.6,4.9498361,82.2,19.5,0.9380651
1239,3972.9,-6.9,0,4.9224231,82.6,19.5,0.93776371
2853.9,3896.2,1614.9,-76.7,11.119365,83.3,19.5,0.93723629
2858.9,3892.2,5,-4,11.127411,84.1,19.5,0.93663351
2850,3889.8,-8.9,-2.4,11.08593,84.9,19.5,0.93603074
1478,3951.8,-1372,62,5.8407604,85.3,19.6,0.93572936
475.1,3999.8,-1002.9,48,1.900305,85.5,19.6,0.93557866
472,4002.3,-3.1,2.5,1.8890856,85.6,19.6,0.93550332
477,4003.7,5,1.4,1.9097649,85.7,19.6,0.93542797
-460.9,4049.9,-937.9,46.2,-1.8665989,85.7,19.6,0.93542797
-456,4052.9,4.9,3,-1.8481224,85.5,19.6,0.93557866
-459,4055.7,-3,2.8,-1.8615663,85.4,19.6,0.93565401
-463,4058,-4,2.3,-1.878854,85.3,19.6,0.93572936
729,4003,1192,-55,2.918187,85.4,19.6,0.93565401
1911.8,3946.1,1182.8,-56.9,7.544154,86,19.6,0.93520193
1918.9,3942.5,7.1,-3.6,7.5652633,86.5,19.6,0.9348252
1920.9,3940.1,2,-2.4,7.5685381,87,19.6,0.93444846
1918.9,3938.2,-2,-1.9,7.557012,87.6,19.6,0.93399638
767.1,3991,-1151.8,52.8,3.0614961,87.8,19.6,0.93384569
-381.9,4047,-1149,56,-1.5455493,87.7,19.6,0.93392104
-388.9,4050.6,-7,3.6,-1.5752783,87.6,19.6,0.93399638
-387.9,4053.1,1,2.5,-1.5721975,87.5,19.6,0.93407173
-391,4055.3,-3.1,2.2,-1.5856223,87.4,19.6,0.93414708
-388,4057,3,1.7,-1.574116,87.3,19.6,0.93422242
-389,4058.7,-1,1.7,-1.5788343,87.2,19.6,0.93429777
-389,4060.1,0,1.4,-1.5793789,87.1,19.6,0.93437312
-393,4061.7,-4,1.6,-1.5962481,87,19.6,0.93444846
2699.9,3916.5,3092.9,-145.2,10.574158,87.6,19.6,0.93399638
2699,3910.4,-0.9,-6.1,10.55417,88.4,19.6,0.93339361
2699,3906.2,0,-4.2,10.542834,89.1,19.6,0.93286618
2897.9,3893.3,198.9,-12.9,11.282394,89.9,19.6,0.93226341
2899,3890,1.1,-3.3,11.27711,90.7,19.6,0.93166064
950.2,3978.7,-1948.8,88.7,3.7805607,91,19.6,0.9314346
-988.9,4072,-1939.1,93.3,-4.0268008,90.8,19.6,0.93158529
-993,4077.6,-4.1,5.6,-4.0490568,90.5,19.6,0.93181133
-995.9,4081.5,-2.9,3.9,-4.0647659,90.3,19.6,0.93196203
-993.9,4084.7,2,3.2,-4.0597833,90,19.6,0.93218807
1644.9,3962.6,2638.8,-122.1,6.5180807,90.4,19.6,0.93188668
1641.9,3959,-3,-3.6,6.5002821,90.8,19.6,0.93158529
1647,3956.4,5.1,-2.6,6.5161908,91.3,19.6,0.93120856
1640,3954.9,-7,-1.5,6.486036,91.7,19.6,0.93090717
1646.9,3952.9,6.9,-2,6.510031,92.2,19.6,0.93053044
1645,3951.7,-1.9,-1.2,6.5005465,92.7,19.6,0.93015371
-157,4035.9,-1802,84.2,-0.6336363,92.7,19.6,0.93015371
-148.2,4038.5,8.8,2.6,-0.5985057,92.6,19.6,0.93022905
1437.8,3965.4,1586,-73.1,5.7014521,93,19.6,0.92992767
1435.9,3963.4,-1.9,-2,5.6910461,93.4,19.6,0.92962628
1437.9,3961.9,2,-1.5,5.696816,93.8,19.6,0.92932489
1434,3961,-3.9,-0.9,5.680074,94.2,19.6,0.92902351
1437,3960,3,-1,5.69052,94.6,19.6,0.92872212
1432,3959.4,-5,-0.6,5.6698608,95,19.6,0.92842074
1463,3957.1,31,-2.3,5.7892373,95.4,19.6,0.92811935
1468.9,3956.1,5.9,-1,5.8111153,95.8,19.6,0.92781796
1471,3955.2,2.1,-0.9,5.8180992,96.2,19.6,0.92751658
329.2,4008.3,-1141.8,53.1,1.3195324,96.3,19.6,0.92744123
-806.8,4064.2,-1136,55.9,-3.2789966,96.1,19.6,0.92759192
-810,4068.3,-3.2,4.1,-3.295323,95.9,19.6,0.92774262
-811,4071.4,-1,3.1,-3.3019054,95.7,19.6,0.92789331
-811,4074,0,2.6,-3.304014,95.5,19.6,0.928044
-813,4076.4,-2,2.4,-3.3141132,95.2,19.6,0.92827004
-736,4074.8,77,-1.6,-2.9990528,95,19.6,0.92842074
-667,4073.3,69,-1.5,-2.7168911,94.8,19.6,0.92857143
-666,4074.7,1,1.4,-2.7137502,94.6,19.6,0.92872212
-663.9,4076.1,2.1,1.4,-2.7061228,94.5,19.6,0.92879747
-666,4077.5,-2.1,1.4,-2.715615,94.3,19.6,0.92894816
-664,4078.7,2,1.2,-2.7082568,94.1,19.6,0.92909885
-296.1,4062.6,367.9,-16.1,-1.2029359,94,19.6,0.9291742
73,4044.9,369.1,-17.7,0.2952777,94,19.6,0.9291742
69,4044.8,-4,-0.1,0.2790912,94,19.6,0.9291742
69,4044.6,0,-0.2,0.2790774,94,19.6,0.9291742
69,4044.7,0,0.1,0.2790843,94.1,19.6,0.92909885
72,4044.6,3,-0.1,0.2912112,94.1,19.6,0.92909885
76,4044.5,4,-0.1,0.307382,94.1,19.6,0.92909885
73,4044.9,-3,0.4,0.2952777,94.1,19.6,0.92909885
71,4045.1,-2,0.2,0.2872021,94.1,19.6,0.92909885
1767.9,3965.5,1696.9,-79.6,7.0106075,94.6,19.6,0.92872212
1774.9,3961.2,7,-4.3,7.0307339,95.1,19.6,0.92834539
1773,3958.5,-1.9,-2.7,7.0184205,95.6,19.6,0.92796866
1774.1,3956.1,1.1,-2.4,7.018517,96.1,19.6,0.92759192
1768,3954.4,-6.1,-1.7,6.9913792,96.6,19.6,0.92721519
1229.1,3977.9,-538.9,23.5,4.8892369,96.9,19.6,0.92698915
1234,3977.2,4.9,-0.7,4.9078648,97.2,19.6,0.92676311
1234,3976.6,0,-0.6,4.9071244,97.6,19.6,0.92646172
1228.1,3976.2,-5.9,-0.4,4.8831712,97.9,19.6,0.92623568
1231,3975.4,2.9,-0.8,4.8937174,98.3,19.6,0.9259343
1227,3974.9,-4,-0.5,4.8772023,98.6,19.6,0.92570826
1227,3974.3,0,-0.6,4.8764661,99,19.6,0.92540687
1230.9,3973.5,3.9,-0.8,4.8909812,99.3,19.6,0.92518083
743.1,3995.8,-487.8,22.3,2.969279,99.5,19.6,0.92503014
748.9,3996,5.8,0.2,2.9926044,99.7,19.6,0.92487945
741.1,3996.7,-7.8,0.7,2.9619544,99.9,19.6,0.92472875
745.1,3996.6,4,-0.1,2.9778667,100.1,19.6,0.92457806
740,3997,-5.1,0.4,2.95778,100.3,19.6,0.92442737
745,3996.8,5,-0.2,2.977616,100.5,19.6,0.92427667
739,3997.1,-6,0.3,2.9538569,100.7,19.6,0.92412598
1157,3977.4,418,-19.7,4.6018518,101.1,19.6,0.92382459
1152,3976.7,-5,-0.7,4.5811584,101.4,19.6,0.92359855
603.1,4001.7,-548.9,25,2.4134253,101.5,19.6,0.92352321
43,4028.6,-560.1,26.9,0.1732298,101.6,19.6,0.92344786
43,4030.3,0,1.7,0.1733029,101.6,19.6,0.92344786
38,4031.8,-5,1.5,0.1532084,101.6,19.6,0.92344786
42,4032.7,4,0.9,0.1693734,101.6,19.6,0.92344786
43,4033.6,1,0.9,0.1734448,101.7,19.6,0.92337251
42,4034.4,-1,0.8,0.1694448,101.7,19.6,0.92337251
41,4035.2,-1,0.8,0.1654432,101.7,19.6,0.92337251
43,4035.8,2,0.6,0.1735394,101.7,19.6,0.92337251
36,4036.7,-7,0.9,0.1453212,101.7,19.6,0.92337251
42,4037,6,0.3,0.169554,101.7,19.6,0.92337251
40,4037.7,-2,0.7,0.161508,101.7,19.6,0.92337251
33,4038.6,-7,0.9,0.1332738,101.7,19.6,0.92337251
38,4038.8,5,0.2,0.1534744,101.7,19.6,0.92337251
39,4039.2,1,0.4,0.1575288,101.8,19.6,0.92329717
43,4039.5,4,0.3,0.1736985,101.8,19.6,0.92329717
40,4040.1,-3,0.6,0.161604,101.8,19.6,0.92329717
38,4040.6,-2,0.5,0.1535428,101.8,19.6,0.92329717
39,4041,1,0.4,0.157599,101.8,19.6,0.92329717
43,4041.2,4,0.2,0.1737716,101.8,19.6,0.92329717
47,4041.4,4,0.2,0.1899458,101.8,19.6,0.92329717
41,4042,-6,0.6,0.165722,101.8,19.6,0.92329717
40,4042.3,-1,0.3,0.161692,101.8,19.6,0.92329717
40,4042.7,0,0.4,0.161708,101.9,19.6,0.92322182
45,4042.8,5,0.1,0.181926,101.9,19.6,0.92322182
39,4043.4,-6,0.6,0.1576926,101.9,19.6,0.92322182
44,4043.5,5,0.1,0.177914,101.9,19.6,0.92322182
41,4043.9,-3,0.4,0.1657999,101.9,19.6,0.92322182
42,4044.1,1,0.2,0.1698522,101.9,19.6,0.92322182
40,4044.5,-2,0.4,0.16178,101.9,19.6,0.92322182
38,4044.9,-2,0.4,0.1537062,101.9,19.6,0.92322182
42,4045,4,0.1,0.16989,101.9,19.6,0.92322182
41,4045.2,-1,0.2,0.1658532,102,19.6,0.92314647
42,4045.4,1,0.2,0.1699068,102,19.6,0.92314647
47,4045.5,5,0.1,0.1901385,102,19.6,0.92314647
40,4046,-7,0.5,0.16184,102,19.6,0.92314647
39,4046.3,-1,0.3,0.1578057,102,19.6,0.92314647
41,4046.4,2,0.1,0.1659024,102,19.6,0.92314647
38,4046.8,-3,0.4,0.1537784,102,19.6,0.92314647
40,4046.9,2,0.1,0.161876,102,19.6,0.92314647
38,4047.2,-2,0.3,0.1537936,102.1,19.6,0.92307113
39,4047.4,1,0.2,0.1578486,102.1,19.6,0.92307113
41,4047.5,2,0.1,0.1659475,102.1,19.6,0.92307113
43,4047.6,2,0.1,0.1740468,102.1,19.6,0.92307113
43,4047.8,0,0.2,0.1740554,102.1,19.6,0.92307113
39,4048.1,-4,0.3,0.1578759,102.1,19.6,0.92307113
42,4048.1,3,0,0.1700202,102.1,19.6,0.92307113
42,4048.4,0,0.3,0.1700328,102.1,19.6,0.92307113
41,4048.5,-1,0.1,0.1659885,102.1,19.6,0.92307113
38,4048.9,-3,0.4,0.1538582,102.2,19.6,0.92299578
38,4049,0,0.1,0.153862,102.2,19.6,0.92299578
44,4048.9,6,-0.1,0.1781516,102.2,19.6,0.92299578
39,4049.3,-5,0.4,0.1579227,102.2,19.6,0.92299578
40,4049.4,1,0.1,0.161976,102.2,19.6,0.92299578
44,4049.4,4,0,0.1781736,102.2,19.6,0.92299578
42,4049.6,-2,0.2,0.1700832,102.2,19.6,0.92299578
41,4049.8,-1,0.2,0.1660418,102.2,19.6,0.92299578
43,4049.9,2,0.1,0.1741457,102.2,19.6,0.92299578
43,4050,0,0.1,0.17415,102.3,19.6,0.92292043
42,4050.2,-1,0.2,0.1701084,102.3,19.6,0.92292043
41,4050.3,-1,0.1,0.1660623,102.3,19.6,0.92292043
40,4050.5,-1,0.2,0.16202,102.3,19.6,0.92292043
37,4050.8,-3,0.3,0.1498796,102.3,19.6,0.92292043
40,4050.8,3,0,0.162032,102.3,19.6,0.92292043
40,4050.9,0,0.1,0.162036,102.3,19.6,0.92292043
42,4050.9,2,0,0.1701378,102.3,19.6,0.92292043
38,4051.2,-4,0.3,0.1539456,102.3,19.6,0.92292043
43,4051.1,5,-0.1,0.1741973,102.4,19.6,0.92284509
41,4051.3,-2,0.2,0.1661033,102.4,19.6,0.92284509
40,4051.5,-1,0.2,0.16206,102.4,19.6,0.92284509
42,4051.4,2,-0.1,0.1701588,102.4,19.6,0.92284509
43,4051.5,1,0.1,0.1742145,102.4,19.6,0.92284509
39,4051.8,-4,0.3,0.1580202,102.4,19.6,0.92284509
35,4052.1,-4,0.3,0.1418235,102.4,19.6,0.92284509
38,4052.1,3,0,0.1539798,102.4,19.6,0.92284509
41,4052,3,-0.1,0.166132,102.4,19.6,0.92284509
43,4052,2,0,0.174236,102.5,19.6,0.92276974
35,4052.5,-8,0.5,0.1418375,102.5,19.6,0.92276974
44,4052.2,9,-0.3,0.1782968,102.5,19.6,0.92276974
38,4052.5,-6,0.3,0.153995,102.5,19.6,0.92276974
44,4052.3,6,-0.2,0.1783012,102.5,19.6,0.92276974
41,4052.5,-3,0.2,0.1661525,102.5,19.6,0.92276974
43,4052.6,2,0.1,0.1742618,102.5,19.6,0.92276974
39,4052.8,-4,0.2,0.1580592,102.5,19.6,0.92276974
42,4052.8,3,0,0.1702176,102.5,19.6,0.92276974
41,4052.9,-1,0.1,0.1661689,102.6,19.6,0.92269439
37,4053.1,-4,0.2,0.1499647,102.6,19.6,0.92269439
42,4053,5,-0.1,0.170226,102.6,19.6,0.92269439
37,4053.3,-5,0.3,0.1499721,102.6,19.6,0.92269439
41,4053.3,4,0,0.1661853,102.6,19.6,0.92269439
42,4053.3,1,0,0.1702386,102.6,19.6,0.92269439
40,4053.4,-2,0.1,0.162136,102.6,19.6,0.92269439
37,4053.6,-3,0.2,0.1499832,102.6,19.6,0.92269439
44,4053.4,7,-0.2,0.1783496,102.6,19.6,0.92269439
40,4053.7,-4,0.3,0.162148,102.7,19.6,0.92261905
39,4053.7,-1,0,0.1580943,102.7,19.6,0.92261905
42,4053.6,3,-0.1,0.1702512,102.7,19.6,0.92261905
42,4053.7,0,0.1,0.1702554,102.7,19.6,0.92261905
41,4053.8,-1,0.1,0.1662058,102.7,19.6,0.92261905
42,4053.9,1,0.1,0.1702638,102.7,19.6,0.92261905
38,4054.1,-4,0.2,0.1540558,102.7,19.6,0.92261905
43,4053.9,5,-0.2,0.1743177,102.7,19.6,0.92261905
46,4053.9,3,0,0.1864794,102.8,19.6,0.9225437
42,4054.1,-4,0.2,0.1702722,102.8,19.6,0.9225437
40,4054.3,-2,0.2,0.162172,102.8,19.6,0.9225437
41,4054.3,1,0,0.1662263,102.8,19.6,0.9225437
35,4054.5,-6,0.2,0.1419075,102.8,19.6,0.9225437
41,4054.4,6,-0.1,0.1662304,102.8,19.6,0.9225437
44,4054.3,3,-0.1,0.1783892,102.8,19.6,0.9225437
34,4054.8,-10,0.5,0.1378632,102.8,19.6,0.9225437
46,4054.3,12,-0.5,0.1864978,102.8,19.6,0.9225437
37,4054.8,-9,0.5,0.1500276,102.9,19.6,0.92246835
43,4054.6,6,-0.2,0.1743478,102.9,19.6,0.92246835
42,4054.6,-1,0,0.1702932,102.9,19.6,0.92246835
40,4054.8,-2,0.2,0.162192,102.9,19.6,0.92246835
36,4055,-4,0.2,0.14598,102.9,19.6,0.92246835
42,4054.8,6,-0.2,0.1703016,102.9,19.6,0.92246835
45,4054.7,3,-0.1,0.1824615,102.9,19.6,0.92246835
38,4055,-7,0.3,0.15409,102.9,19.6,0.92246835
40,4055,2,0,0.1622,102.9,19.6,0.92246835
41,4055,1,0,0.166255,103,19.6,0.92239301
42,4055,1,0,0.17031,103,19.6,0.92239301
42,4055.1,0,0.1,0.1703142,103,19.6,0.92239301
41,4055.2,-1,0.1,0.1662632,103,19.6,0.92239301
42,4055.2,1,0,0.1703184,103,19.6,0.92239301
44,4055.1,2,-0.1,0.1784244,103,19.6,0.92239301
44,4055.1,0,0,0.1784244,103,19.6,0.92239301
39,4055.4,-5,0.3,0.1581606,103,19.6,0.92239301
47,4055.1,8,-0.3,0.1905897,103,19.6,0.92239301
41,4055.4,-6,0.3,0.1662714,103.1,19.6,0.92231766
40,4055.5,-1,0.1,0.16222,103.1,19.6,0.92231766
38,4055.6,-2,0.1,0.1541128,103.1,19.6,0.92231766
44,4055.4,6,-0.2,0.1784376,103.1,19.6,0.92231766
39,4055.7,-5,0.3,0.1581723,103.1,19.6,0.92231766
46,4055.4,7,-0.3,0.1865484,103.1,19.6,0.92231766
39,4055.7,-7,0.3,0.1581723,103.1,19.6,0.92231766
45,4055.5,6,-0.2,0.1824975,103.1,19.6,0.92231766
42,4055.7,-3,0.2,0.1703394,103.2,19.6,0.92224231
39,4055.8,-3,0.1,0.1581762,103.2,19.6,0.92224231
39,4055.8,0,0,0.1581762,103.2,19.6,0.92224231
40,4055.9,1,0.1,0.162236,103.2,19.6,0.92224231
37,4056.1,-3,0.2,0.1500757,103.2,19.6,0.92224231
36,4056.2,-1,0.1,0.1460232,103.2,19.6,0.92224231
45,4055.8,9,-0.4,0.182511,103.2,19.6,0.92224231
39,4056,-6,0.2,0.158184,103.2,19.6,0.92224231
49,4055.6,10,-0.4,0.1987244,103.2,19.6,0.92224231
32,4056.4,-17,0.8,0.1298048,103.3,19.6,0.92216697
23,4056.9,-9,0.5,0.0933087,103.3,19.6,0.92216697
17,4057.3,-6,0.4,0.0689741,103.3,19.6,0.92216697
24,4057,7,-0.3,0.097368,103.3,19.6,0.92216697
20,4057.3,-4,0.3,0.081146,103.3,19.6,0.92216697
19,4057.4,-1,0.1,0.0770906,103.3,19.6,0.92216697
19,4057.4,0,0,0.0770906,103.3,19.6,0.92216697
20,4057.5,1,0.1,0.08115,103.3,19.6,0.92216697
26,4057.2,6,-0.3,0.1054872,103.3,19.6,0.92216697
18,4057.7,-8,0.5,0.0730386,103.3,19.6,0.92216697
28,4057.2,10,-0.5,0.1136016,103.3,19.6,0.92216697
23,4057.5,-5,0.3,0.0933225,103.3,19.6,0.92216697
22,4057.6,-1,0.1,0.0892672,103.3,19.6,0.92216697
24,4057.5,2,-0.1,0.09738,103.3,19.6,0.92216697
19,4057.8,-5,0.3,0.0770982,103.3,19.6,0.92216697
20,4057.9,1,0.1,0.081158,103.3,19.6,0.92216697
16,4058.1,-4,0.2,0.0649296,103.3,19.6,0.92216697
24,4057.8,8,-0.3,0.0973872,103.4,19.6,0.92209162
16,4058.1,-8,0.3,0.0649296,103.4,19.6,0.92209162
17,4058.2,1,0.1,0.0689894,103.4,19.6,0.92209162
21,4058,4,-0.2,0.085218,103.4,19.6,0.92209162
22,4058,1,0,0.089276,103.4,19.6,0.92209162
22,4058.1,0,0.1,0.0892782,103.4,19.6,0.92209162
18,4058.3,-4,0.2,0.0730494,103.4,19.6,0.92209162
20,4058.2,2,-0.1,0.081164,103.4,19.6,0.92209162
27,4057.9,7,-0.3,0.1095633,103.4,19.6,0.92209162
21,4058.2,-6,0.3,0.0852222,103.4,19.6,0.92209162
20,4058.3,-1,0.1,0.081166,103.4,19.6,0.92209162
21,4058.3,1,0,0.0852243,103.4,19.6,0.92209162
23,4058.2,2,-0.1,0.0933386,103.4,19.6,0.92209162
21,4058.4,-2,0.2,0.0852264,103.4,19.6,0.92209162
18,4058.5,-3,0.1,0.073053,103.4,19.6,0.92209162
19,4058.5,1,0,0.0771115,103.4,19.6,0.92209162
23,4058.4,4,-0.1,0.0933432,103.4,19.6,0.92209162
15,4058.8,-8,0.4,0.060882,103.4,19.6,0.92209162
22,4058.5,7,-0.3,0.089287,103.5,19.6,0.92201627
18,4058.7,-4,0.2,0.0730566,103.5,19.6,0.92201627
22,4058.5,4,-0.2,0.089287,103.5,19.6,0.92201627
20,4058.7,-2,0.2,0.081174,103.5,19.6,0.92201627
25,4058.4,5,-0.3,0.10146,103.5,19.6,0.92201627
19,4058.8,-6,0.4,0.0771172,103.5,19.6,0.92201627
22,4058.6,3,-0.2,0.0892892,103.5,19.6,0.92201627
29,4058.3,7,-0.3,0.1176907,103.5,19.6,0.92201627
22,4058.7,-7,0.4,0.0892914,103.5,19.6,0.92201627
22,4058.7,0,0,0.0892914,103.5,19.6,0.92201627
22,4058.8,0,0.1,0.0892936,103.5,19.6,0.92201627
24,4058.7,2,-0.1,0.0974088,103.5,19.6,0.92201627
19,4058.9,-5,0.2,0.0771191,103.5,19.6,0.92201627
19,4059,0,0.1,0.077121,103.5,19.6,0.92201627
16,4059.1,-3,0.1,0.0649456,103.5,19.6,0.92201627
19,4059,3,-0.1,0.077121,103.5,19.6,0.92201627
18,4059.1,-1,0.1,0.0730638,103.5,19.6,0.92201627
19,4059.1,1,0,0.0771229,103.6,19.6,0.92194093
24,4058.9,5,-0.2,0.0974136,103.6,19.6,0.92194093
21,4059,-3,0.1,0.085239,103.6,19.6,0.92194093
23,4059,2,0,0.093357,103.6,19.6,0.92194093
23,4059,0,0,0.093357,103.6,19.6,0.92194093
20,4059.2,-3,0.2,0.081184,103.6,19.6,0.92194093
22,4059.1,2,-0.1,0.0893002,103.6,19.6,0.92194093
24,4059.1,2,0,0.0974184,103.6,19.6,0.92194093
22,4059.1,-2,0,0.0893002,103.6,19.6,0.92194093
26,4059,4,-0.1,0.105534,103.6,19.6,0.92194093
22,4059.2,-4,0.2,0.0893024,103.6,19.6,0.92194093
20,4059.3,-2,0.1,0.081186,103.6,19.6,0.92194093
22,4059.3,2,0,0.0893046,103.6,19.6,0.92194093
21,4059.3,-1,0,0.0852453,103.6,19.6,0.92194093
16,4059.6,-5,0.3,0.0649536,103.6,19.6,0.92194093
17,4059.6,1,0,0.0690132,103.6,19.6,0.92194093
20,4059.5,3,-0.1,0.08119,103.6,19.6,0.92194093
20,4059.5,0,0,0.08119,103.7,19.6,0.92186558
19,4059.6,-1,0.1,0.0771324,103.7,19.6,0.92186558
23,4059.4,4,-0.2,0.0933662,103.7,19.6,0.92186558
21,4059.5,-2,0.1,0.0852495,103.7,19.6,0.92186558
18,4059.7,-3,0.2,0.0730746,103.7,19.6,0.92186558
26,4059.3,8,-0.4,0.1055418,103.7,19.6,0.92186558
21,4059.6,-5,0.3,0.0852516,103.7,19.6,0.92186558
23,4059.4,2,-0.2,0.0933662,103.7,19.6,0.92186558
20,4059.7,-3,0.3,0.081194,103.7,19.6,0.92186558
19,4059.7,-1,0,0.0771343,103.7,19.6,0.92186558
20,4059.7,1,0,0.081194,103.7,19.6,0.92186558
22,4059.6,2,-0.1,0.0893112,103.7,19.6,0.92186558
27,4059.4,5,-0.2,0.1096038,103.7,19.6,0.92186558
20,4059.8,-7,0.4,0.081196,103.7,19.6,0.92186558
18,4059.9,-2,0.1,0.0730782,103.7,19.6,0.92186558
19,4059.8,1,-0.1,0.0771362,103.7,19.6,0.92186558
27,4059.5,8,-0.3,0.1096065,103.7,19.6,0.92186558
27,4059.5,0,0,0.1096065,103.8,19.6,0.92179024
21,4059.7,-6,0.2,0.0852537,103.8,19.6,0.92179024
16,4060,-5,0.3,0.06496,103.8,19.6,0.92179024
22,4059.8,6,-0.2,0.0893156,103.8,19.6,0.92179024
20,4059.9,-2,0.1,0.081198,103.8,19.6,0.92179024
20,4059.9,0,0,0.081198,103.8,19.6,0.92179024
22,4059.8,2,-0.1,0.0893156,103.8,19.6,0.92179024
22,4059.8,0,0,0.0893156,103.8,19.6,0.92179024
24,4059.8,2,0,0.0974352,103.8,19.6,0.92179024
665,4029.4,641,-30.4,2.679551,104,19.6,0.92163954
672.9,4027.4,7.9,-2,2.7100375,104.2,19.6,0.92148885
668.9,4026.4,-4,-1,2.693259,104.3,19.6,0.9214135
643.1,4026.6,-25.8,0.2,2.5895065,104.5,19.6,0.92126281
644.1,4025.7,1,-0.9,2.5929534,104.7,19.6,0.92111212
159.1,4048,-485,22.3,0.6440368,104.7,19.6,0.92111212
160.1,4048.5,1,0.5,0.64816485,104.8,19.6,0.92103677
155,4048.9,-5.1,0.4,0.6275795,104.8,19.6,0.92103677
158.1,4048.9,3.1,0,0.64013109,104.9,19.6,0.92096142
153.2,4049.3,-4.9,0.4,0.62035276,104.9,19.6,0.92096142
160,4049,6.8,-0.3,0.64784,105,19.6,0.92088608
159,4049.1,-1,0.1,0.6438069,105,19.6,0.92088608
154.2,4049.3,-4.8,0.2,0.62440206,105,19.6,0.92088608
-1384.8,4122.8,-1539,73.5,-5.7092534,104.7,19.6,0.92111212
-1382,4126.4,2.8,3.6,-5.7026848,104.3,19.6,0.9214135
-1383,4129.4,-1,3,-5.7109602,104,19.5,0.92163954
-1383,4131.7,0,2.3,-5.7141411,103.6,19.5,0.92194093
-1385,4133.9,-2,2.2,-5.7254515,103.2,19.5,0.92224231
-1381,4135.7,4,1.8,-5.7114017,102.8,19.5,0.9225437
-1384.9,4137.7,-3.9,2,-5.7303007,102.4,19.5,0.92284509
-1383,4139.2,1.9,1.5,-5.7245136,102,19.5,0.92314647
200,4065.1,1583,-74.1,0.81302,102,19.5,0.92314647
198,4062.9,-2,-2.2,0.8044542,102.1,19.5,0.92307113
200.1,4061.3,2.1,-1.6,0.81266613,102.2,19.5,0.92299578
203,4060.1,2.9,-1.2,0.8242003,102.2,19.5,0.92299578
199.1,4059.4,-3.9,-0.7,0.80822654,102.3,19.5,0.92292043
195.1,4058.8,-4,-0.6,0.79187188,102.3,19.5,0.92292043
202.1,4057.8,7,-1,0.82008138,102.4,19.5,0.92284509
199.1,4057.4,-3,-0.4,0.80782834,102.4,19.5,0.92284509
194,4057.2,-5.1,-0.2,0.7870968,102.5,19.5,0.92276974
202.1,4056.4,8.1,-0.8,0.81979844,102.5,19.5,0.92276974
1506.9,3994.1,1304.8,-62.3,6.0187093,103,19.5,0.92239301
2808.9,3929.2,1302,-64.9,11.03673,103.7,19.5,0.92186558
2814,3923.1,5.1,-6.1,11.039603,104.5,19.5,0.92126281
2839,3917.4,25,-5.7,11.121499,105.3,19.5,0.92066004
2867,3911.9,28,-5.5,11.215417,106.1,19.5,0.92005726
2868,3908.3,1,-3.6,11.209004,106.9,19.5,0.91945449
2866.1,3905.1,-1.9,-3.2,11.192407,107.7,19.5,0.91885172
2870,3901.8,3.9,-3.3,11.198166,108.5,19.5,0.91824895
2866,3899.2,-4,-2.6,11.175107,109.3,19.5,0.91764617
2870,3896.3,4,-2.9,11.182381,110.1,19.5,0.9170434
2865.1,3894,-4.9,-2.3,11.156699,110.9,19.5,0.91644063
2866.1,3891.6,1,-2.4,11.153715,111.7,19.5,0.91583785
2363,3912.8,-503.1,21.2,9.2459464,112.3,19.5,0.91538577
1861,3935,-502,22.2,7.323035,112.9,19.5,0.91493369
1859.9,3934.9,-1.1,-0.1,7.3185205,113.4,19.6,0.91455696
1857.9,3934.4,-2,-0.5,7.3097218,113.9,19.6,0.91418023
1860.9,3933.6,3,-0.8,7.3200362,114.4,19.6,0.9138035
1860.9,3932.7,0,-0.9,7.3183614,114.9,19.6,0.91342676
1854.9,3932.3,-6,-0.4,7.2940233,115.4,19.6,0.91305003
977,3972.7,-877.9,40.4,3.8813279,115.7,19.6,0.91282399
969,3974.2,-8,1.5,3.8509998,116,19.6,0.91259795
972.1,3974.7,3.1,0.5,3.8638059,116.2,19.6,0.91244726
973.9,3975,1.8,0.3,3.8712525,116.5,19.6,0.91222122
973,3975.4,-0.9,0.4,3.8680642,116.8,19.6,0.91199518
979.1,3975.3,6.1,-0.1,3.8922162,117.1,19.6,0.91176914
979,3975.5,-0.1,0.2,3.8920145,117.3,19.6,0.91161844
970.1,3975.9,-8.9,0.4,3.8570206,117.6,19.6,0.91139241
978,3975.6,7.9,-0.3,3.8881368,117.9,19.6,0.91116637
1435.9,3954.2,457.9,-21.4,5.6778358,118.3,19.6,0.91086498
1893.8,3931.5,457.9,-22.7,7.4454747,118.8,19.6,0.91048825
1897.9,3929.6,4.1,-1.9,7.4579878,119.3,19.6,0.91011151
1895.9,3928.3,-2,-1.3,7.447664,119.9,19.6,0.90965943
1893,3927.1,-2.9,-1.2,7.4340003,120.4,19.6,0.9092827
1897.9,3925.8,4.9,-1.3,7.4507758,120.9,19.6,0.90890597
1896.9,3924.7,-1,-1.1,7.4447634,121.4,19.6,0.90852923
1898.9,3923.7,2,-1,7.4507139,122,19.6,0.90807715
1853,3924.9,-45.9,1.2,7.2728397,122.5,19.6,0.90770042
1846.9,3924.4,-6.1,-0.5,7.2479744,123,19.6,0.90732369
1851.9,3923.4,5,-1,7.2657445,123.5,19.6,0.90694696
1848.9,3922.8,-3,-0.6,7.2528649,124,19.6,0.90657022
1848,3922.1,-0.9,-0.7,7.2480408,124.5,19.6,0.90619349
54,4005.5,-1794,83.4,0.216297,124.5,19.6,0.90619349
51,4008.9,-3,3.4,0.2044539,124.6,19.6,0.90611814
54,4011.1,3,2.2,0.2165994,124.6,19.6,0.90611814
51,4013,-3,1.9,0.204663,124.6,19.6,0.90611814
53,4014.5,2,1.5,0.2127685,124.6,19.6,0.90611814
50,4016,-3,1.5,0.2008,124.6,19.6,0.90611814
56,4016.9,6,0.9,0.2249464,124.6,19.6,0.90611814
51,4018.3,-5,1.4,0.2049333,124.7,19.6,0.9060428
54,4019.2,3,0.9,0.2170368,124.7,19.6,0.9060428
52,4020.3,-2,1.1,0.2090556,124.7,19.6,0.9060428
-53,4026.6,-105,6.3,-0.2134098,124.7,19.6,0.9060428
-51,4027.7,2,1.1,-0.2054127,124.7,19.6,0.9060428
-45,4028.4,6,0.7,-0.181278,124.6,19.6,0.90611814
-53,4029.7,-8,1.3,-0.2135741,124.6,19.6,0.90611814
1179.9,3972.1,1232.9,-57.6,4.6866808,124.9,19.6,0.9058921
1173.1,3970.5,-6.8,-1.6,4.6577936,125.2,19.6,0.90566606
1182,3968.7,8.9,-1.8,4.6910034,125.6,19.6,0.90536468
1179,3967.8,-3,-0.9,4.6780362,125.9,19.6,0.90513864
1175,3967.1,-4,-0.7,4.6613425,126.2,19.6,0.9049126
1176,3966.4,1,-0.7,4.6644864,126.6,19.6,0.90461121
1176.1,3965.7,0.1,-0.7,4.6640598,126.9,19.6,0.90438517
1176.9,3965,0.8,-0.7,4.6664085,127.2,19.6,0.90415913
1177,3964.4,0.1,-0.6,4.6660988,127.5,19.6,0.90393309
825,3980.5,-352,16.1,3.2839125,127.8,19.6,0.90370705
476.1,3997.2,-348.9,16.7,1.9030669,127.9,19.6,0.90363171
473.1,3998.2,-3,1,1.8915484,128,19.6,0.90355636
474,3998.8,0.9,0.6,1.8954312,128.2,19.6,0.90340567
476,3999.3,2,0.5,1.9036668,128.3,19.6,0.90333032
476,3999.7,0,0.4,1.9038572,128.4,19.6,0.90325497
472,4000.3,-4,0.6,1.8881416,128.6,19.6,0.90310428
476,4000.5,4,0.2,1.904238,128.7,19.6,0.90302893
472.1,4001,-3.9,0.5,1.8888721,128.8,19.6,0.90295359
1523,3952,1050.9,-49,6.018896,129.2,19.6,0.9026522
1513,3950.4,-10,-1.6,5.9769552,129.7,19.6,0.90227547
1508,3949.1,-5,-1.3,5.9552428,130.1,19.6,0.90197408
1513.9,3947.6,5.9,-1.5,5.9762716,130.5,19.6,0.90167269
1515.9,3946.4,2,-1.2,5.9823478,130.9,19.6,0.90137131
1508,3945.8,-7.9,-0.6,5.9502664,131.3,19.6,0.90106992
1038.1,3966.9,-469.9,21.1,4.1180389,131.6,19.6,0.90084388
563.2,3989.4,-474.9,22.5,2.2468301,131.8,19.6,0.90069319
562.1,3990.5,-1.1,1.1,2.24306,131.9,19.6,0.90061784
562.1,3991.3,0,0.8,2.2435097,132.1,19.6,0.90046715
560,3991.9,-2.1,0.6,2.235464,132.3,19.6,0.90031646
556,3992.6,-4,0.7,2.2198856,132.4,19.6,0.90024111
686.9,3986.8,130.9,-5.8,2.7385329,132.6,19.6,0.90009042
693,3986.6,6.1,-0.2,2.7627138,132.8,19.6,0.89993972
689,3986.9,-4,0.3,2.7469741,133,19.6,0.89978903
689,3987,0,0.1,2.747043,133.2,19.6,0.89963834
693,3986.8,4,-0.2,2.7628524,133.4,19.6,0.89948764
690,3987.1,-3,0.3,2.751099,133.6,19.6,0.89933695
-193.9,4029.2,-883.9,42.1,-0.78126188,133.5,19.6,0.8994123
-193.9,4031.3,0,2.1,-0.78166907,133.5,19.6,0.8994123
-193,4032.8,0.9,1.5,-0.7783304,133.4,19.6,0.89948764
-200,4034.4,-7,1.6,-0.80688,133.4,19.6,0.89948764
-196.1,4035.4,3.9,1,-0.79134194,133.3,19.6,0.89956299
700,3993.9,896.1,-41.5,2.79573,133.5,19.6,0.8994123
700,3992.9,0,-1,2.79503,133.7,19.6,0.8992616
696,3992.4,-4,-0.5,2.7787104,133.9,19.6,0.89911091
276.1,4011.8,-419.9,19.4,1.107658,134,19.6,0.89903556
287.9,4011.8,11.8,0,1.1549972,134,19.6,0.89903556
279,4012.7,-8.9,0.9,1.1195433,134.1,19.6,0.89896022
281,4013,2,0.3,1.127653,134.2,19.6,0.89888487
285,4013.2,4,0.2,1.143762,134.3,19.6,0.89880952
-646.9,4057.7,-931.9,44.5,-2.6249261,134.1,19.6,0.89896022
-644,4060,2.9,2.3,-2.61464,134,19.6,0.89903556
-310,4046.2,334,-13.8,-1.254322,133.9,19.6,0.89911091
-314.9,4047.2,-4.9,1,-1.2744633,133.8,19.6,0.89918626
-513.9,4057.5,-199,10.3,-2.0851493,133.6,19.6,0.89933695
-514.9,4058.8,-1,1.3,-2.0898761,133.5,19.6,0.8994123
-514.9,4059.9,0,1.1,-2.0904425,133.4,19.6,0.89948764
-515,4061.1,-0.1,1.2,-2.0914665,133.2,19.6,0.89963834
-512,4061.9,3,0.8,-2.0796928,133.1,19.6,0.89971368
468.1,4016.3,980.1,-45.6,1.88003,133.2,19.6,0.89963834
469,4015,0.9,-1.3,1.883035,133.3,19.6,0.89956299
1494.9,3966,1025.9,-49,5.9287734,133.7,19.6,0.8992616
1490,3963.3,-4.9,-2.7,5.905317,134.1,19.6,0.89896022
1488.1,3961.2,-1.9,-2.1,5.8946617,134.5,19.6,0.89865883
1496,3959,7.9,-2.2,5.922664,135,19.6,0.8982821
1488.9,3957.6,-7.1,-1.4,5.8924706,135.4,19.6,0.89798071
1495.9,3955.9,7,-1.7,5.9176308,135.8,19.6,0.89767932
1499.9,3954.4,4,-1.5,5.9312046,136.2,19.6,0.89737794
1486.2,3953.8,-13.7,-0.6,5.8761376,136.6,19.6,0.89707655
1498,3952.1,11.8,-1.7,5.9202458,137,19.6,0.89677517
1983.8,3928.3,485.8,-23.8,7.7929615,137.6,19.6,0.89632309
2471.9,3903.6,488.1,-24.7,9.6493088,138.3,19.6,0.89579566
2472,3900.8,0.1,-2.8,9.6427776,139,19.6,0.89526823
2476.9,3898.3,4.9,-2.5,9.6556993,139.6,19.6,0.89481615
2472,3896.4,-4.9,-1.9,9.6319008,140.3,19.6,0.89428873
2472,3894.5,0,-1.9,9.627204,141,19.6,0.8937613
1509.1,3937.6,-962.9,43.1,5.9422322,141.4,19.6,0.89345992
546.1,3982.8,-963,45.2,2.1750071,141.6,19.6,0.89330922
556.9,3984.3,10.8,1.5,2.2188567,141.7,19.6,0.89323388
549.2,3986,-7.7,1.7,2.1891112,141.9,19.6,0.89308318
556.9,3986.6,7.7,0.6,2.2201375,142,19.6,0.89300784
548,3987.9,-8.9,1.3,2.1853692,142.2,19.6,0.89285714
545,3988.7,-3,0.8,2.1738415,142.3,19.6,0.8927818
555,3988.8,10,0.1,2.213784,142.5,19.6,0.8926311
553,3989.3,-2,0.5,2.2060829,142.7,19.6,0.89248041
1441.9,3948.2,888.9,-41.1,5.6929096,143.1,19.6,0.89217902
1438.9,3946.7,-3,-1.5,5.6789066,143.5,19.6,0.89187764
1337,3950.4,-101.9,3.7,5.2816848,143.8,19.6,0.8916516
1340,3949.5,3,-0.9,5.29233,144.2,19.6,0.89135021
1336,3949,-4,-0.5,5.275864,144.6,19.6,0.89104882
1340,3948.2,4,-0.8,5.290588,144.9,19.6,0.89082278
1345,3947.5,5,-0.7,5.3093875,145.3,19.6,0.8905214
1341.9,3947.1,-3.1,-0.4,5.2966135,145.7,19.6,0.89022001
1345.9,3946.4,4,-0.7,5.3114598,146.1,19.6,0.88991863
101.1,4004.2,-1244.8,57.8,0.40482462,146.1,19.6,0.88991863
105,4006.3,3.9,2.1,0.4206615,146.1,19.6,0.88991863
99,4008.2,-6,1.9,0.3968118,146.2,19.6,0.88984328
101.2,4009.4,2.2,1.2,0.40575128,146.2,19.6,0.88984328
107,4010.2,5.8,0.8,0.4290914,146.2,19.6,0.88984328
100,4011.6,-7,1.4,0.40116,146.2,19.6,0.88984328
103,4012.4,3,0.8,0.4132772,146.3,19.6,0.88976793
288.1,4004.6,185.1,-7.8,1.1537253,146.4,19.6,0.88969259
282.1,4005.2,-6,0.6,1.1298669,146.4,19.6,0.88969259
285.1,4005.5,3,0.3,1.1419681,146.5,19.6,0.88961724
279,4006.2,-6.1,0.7,1.1177298,146.6,19.6,0.88954189
287,4006.2,8,0,1.1497794,146.7,19.6,0.88946655
285,4006.7,-2,0.5,1.1419095,146.7,19.6,0.88946655
286.1,4007.1,1.1,0.4,1.1464313,146.8,19.6,0.8893912
287.1,4007.4,1,0.3,1.1505245,146.9,19.6,0.88931585
2827.8,3888.9,2540.7,-118.5,10.997031,147.7,19.6,0.88871308
2831,3883.6,3.2,-5.3,10.994472,148.5,19.6,0.88811031
-844.9,4051.9,-3675.9,168.3,-3.4234503,148.3,19.6,0.888261
-851.9,4057.1,-7,5.2,-3.4562435,148,19.6,0.88848704
-851.9,4060.4,0,3.3,-3.4590548,147.8,19.6,0.88863773
-847.9,4062.7,4,2.3,-3.4447633,147.6,19.6,0.88878843
552.9,3999,1400.8,-63.7,2.2110471,147.7,19.6,0.88871308
1966.8,3931.7,1413.9,-67.3,7.7328676,148.2,19.6,0.88833635
1962,3928.3,-4.8,-3.4,7.7073246,148.8,19.6,0.88788427
1963,3925.5,1,-2.8,7.7057565,149.3,19.6,0.88750753
1970.8,3923,7.8,-2.5,7.7314484,149.9,19.6,0.88705546
1954.9,3921.8,-15.9,-1.2,7.6667268,150.4,19.6,0.88667872
-320.9,4027,-2275.8,105.2,-1.2922643,150.3,19.6,0.88675407
-325,4030.7,-4.1,3.7,-1.3099775,150.2,19.6,0.88682942
-509.9,4041.6,-184.9,10.9,-2.0608118,150.1,19.6,0.88690476
-701.9,4052.9,-192,11.3,-2.8447305,149.9,19.6,0.88705546
-690.9,4054.7,11,1.8,-2.8013922,149.7,19.6,0.88720615
-1138.9,4077.6,-448,22.9,-4.6439786,149.4,19.6,0.88743219
-1137,4080.2,1.9,2.6,-4.6391874,149.1,19.6,0.88765823
-1135,4082.5,2,2.3,-4.6336375,148.8,19.6,0.88788427
2604.7,3909.6,3739.7,-172.9,10.183335,149.4,19.6,0.88743219
2601.9,3903.3,-2.8,-6.3,10.155996,150.1,19.6,0.88690476
2595.1,3899.2,-6.8,-4.1,10.118814,150.9,19.6,0.88630199
2606,3895.2,10.9,-4,10.150891,151.6,19.6,0.88577456
2604,3892.2,-2,-3,10.135289,152.3,19.6,0.88524714
2603.9,3889.6,-0.1,-2.6,10.128129,153,19.6,0.88471971
2598,3887.5,-5.9,-2.1,10.099725,153.8,19.6,0.88411694
2604,3885,6,-2.5,10.11654,154.5,19.6,0.88358951
534.1,3979.2,-2069.9,94.2,2.1252907,154.6,19.6,0.88351417
535,3981.7,0.9,2.5,2.1302095,154.8,19.6,0.88336347
-375,4026.1,-910,44.4,-1.5097875,154.7,19.6,0.88343882
-374,4029.2,1,3.1,-1.5069208,154.6,19.6,0.88351417
-373,4031.5,1,2.3,-1.5037495,154.5,19.6,0.88358951
-372,4033.4,1,1.9,-1.5004248,154.4,19.6,0.88366486
-380,4035.5,-8,2.1,-1.53349,154.3,19.6,0.8837402
-380,4037.1,0,1.6,-1.534098,154.2,19.6,0.88381555
-379,4038.5,1,1.4,-1.5305915,154.1,19.6,0.8838909
-371,4039.5,8,1,-1.4986545,154,19.6,0.88396624
-371.9,4040.7,-0.9,1.2,-1.5027363,153.9,19.6,0.88404159
2763.8,3895.3,3135.7,-145.4,10.76583,154.6,19.6,0.88351417
2762,3889.4,-1.8,-5.9,10.742523,155.4,19.6,0.88291139
2769,3885,7,-4.4,10.757565,156.1,19.6,0.88238397
2759.9,3882,-9.1,-3,10.713932,156.9,19.6,0.88178119
2763,3878.8,3.1,-3.2,10.717124,157.7,19.6,0.88117842
2764,3876.2,1,-2.6,10.713817,158.4,19.6,0.88065099
2764,3874,0,-2.2,10.707736,159.2,19.6,0.88004822
2767.9,3871.6,3.9,-2.4,10.716202,160,19.6,0.87944545
2767,3869.7,-0.9,-1.9,10.70746,160.7,19.6,0.87891802
1974.2,3904.6,-792.8,34.9,7.7084613,161.3,19.6,0.87846594
1199.1,3940.6,-775.1,36,4.7251735,161.6,19.6,0.8782399
1197.1,3941.7,-2,1.1,4.7186091,162,19.6,0.87793852
1198,3942.3,0.9,0.6,4.7228754,162.3,19.6,0.87771248
1197.9,3942.7,-0.1,0.4,4.7229603,162.6,19.6,0.87748644
1195,3943,-2.9,0.3,4.711885,163,19.6,0.87718505
1197.1,3943,2.1,0,4.7201653,163.3,19.6,0.87695901
604.2,3970.8,-592.9,27.8,2.3991574,163.5,19.6,0.87680832
21,3999.2,-583.2,28.4,0.0839832,163.5,19.6,0.87680832
18,4001.6,-3,2.4,0.0720288,163.5,19.6,0.87680832
17,4003.4,-1,1.8,0.0680578,163.5,19.6,0.87680832
22,4004.7,5,1.3,0.0881034,163.6,19.6,0.87673297
25,4005.9,3,1.2,0.1001475,163.6,19.6,0.87673297
14,4007.6,-11,1.7,0.0561064,163.6,19.6,0.87673297
13,4008.8,-1,1.2,0.0521144,163.6,19.6,0.87673297
21,4009.5,8,0.7,0.0841995,163.6,19.6,0.87673297
21,4010.4,0,0.9,0.0842184,163.6,19.6,0.87673297
16,4011.5,-5,1.1,0.064184,163.6,19.6,0.87673297
22,4012.1,6,0.6,0.0882662,163.6,19.6,0.87673297
20,4013,-2,0.9,0.08026,163.6,19.6,0.87673297
21,4013.7,1,0.7,0.0842877,163.6,19.6,0.87673297
19,4014.5,-2,0.8,0.0762755,163.6,19.6,0.87673297
23,4015.1,4,0.6,0.0923473,163.6,19.6,0.87673297
17,4016,-6,0.9,0.068272,163.6,19.6,0.87673297
14,4016.8,-3,0.8,0.0562352,163.6,19.6,0.87673297
16,4017.3,2,0.5,0.0642768,163.6,19.6,0.87673297
23,4017.6,7,0.3,0.0924048,163.6,19.6,0.87673297
21,4018.2,-2,0.6,0.0843822,163.6,19.6,0.87673297
17,4019,-4,0.8,0.068323,163.6,19.6,0.87673297
23,4019.2,6,0.2,0.0924416,163.6,19.6,0.87673297
17,4020,-6,0.8,0.06834,163.7,19.6,0.87665763
18,4020.5,1,0.5,0.072369,163.7,19.6,0.87665763
14,4021.2,-4,0.7,0.0562968,163.7,19.6,0.87665763
25,4021.1,11,-0.1,0.1005275,163.7,19.6,0.87665763
18,4021.9,-7,0.8,0.0723942,163.7,19.6,0.87665763
23,4022.1,5,0.2,0.0925083,163.7,19.6,0.87665763
13,4023,-10,0.9,0.052299,163.7,19.6,0.87665763
21,4023,8,0,0.084483,163.7,19.6,0.87665763
18,4023.5,-3,0.5,0.072423,163.7,19.6,0.87665763
19,4024,1,0.5,0.076456,163.7,19.6,0.87665763
18,4024.3,-1,0.3,0.0724374,163.7,19.6,0.87665763
16,4024.8,-2,0.5,0.0643968,163.7,19.6,0.87665763
17,4025.1,1,0.3,0.0684267,163.7,19.6,0.87665763
20,4025.3,3,0.2,0.080506,163.7,19.6,0.87665763
19,4025.8,-1,0.5,0.0764902,163.7,19.6,0.87665763
21,4026,2,0.2,0.084546,163.7,19.6,0.87665763
17,4026.5,-4,0.5,0.0684505,163.7,19.6,0.87665763
16,4026.9,-1,0.4,0.0644304,163.7,19.6,0.87665763
25,4026.7,9,-0.2,0.1006675,163.7,19.6,0.87665763
20,4027.3,-5,0.6,0.080546,163.8,19.6,0.87658228
21,4027.5,1,0.2,0.0845775,163.8,19.6,0.87658228
20,4027.9,-1,0.4,0.080558,163.8,19.6,0.87658228
24,4027.9,4,0,0.0966696,163.8,19.6,0.87658228
19,4028.5,-5,0.6,0.0765415,163.8,19.6,0.87658228
13,4028.9,-6,0.4,0.0523757,163.8,19.6,0.87658228
21,4028.8,8,-0.1,0.0846048,163.8,19.6,0.87658228
22,4029.1,1,0.3,0.0886402,163.8,19.6,0.87658228
20,4029.4,-2,0.3,0.080588,163.8,19.6,0.87658228
19,4029.7,-1,0.3,0.0765643,163.8,19.6,0.87658228
18,4029.9,-1,0.2,0.0725382,163.8,19.6,0.87658228
23,4029.9,5,0,0.0926877,163.8,19.6,0.87658228
20,4030.3,-3,0.4,0.080606,163.8,19.6,0.87658228
21,4030.5,1,0.2,0.0846405,163.8,19.6,0.87658228
17,4030.9,-4,0.4,0.0685253,163.8,19.6,0.87658228
19,4031,2,0.1,0.076589,163.8,19.6,0.87658228
23,4031.1,4,0.1,0.0927153,163.8,19.6,0.87658228
20,4031.4,-3,0.3,0.080628,163.8,19.6,0.87658228
21,4031.5,1,0.1,0.0846615,163.9,19.6,0.87650693
24,4031.5,3,0,0.096756,163.9,19.6,0.87650693
17,4032,-7,0.5,0.068544,163.9,19.6,0.87650693
16,4032.3,-1,0.3,0.0645168,163.9,19.6,0.87650693
18,4032.4,2,0.1,0.0725832,163.9,19.6,0.87650693
19,4032.5,1,0.1,0.0766175,163.9,19.6,0.87650693
18,4032.7,-1,0.2,0.0725886,163.9,19.6,0.87650693
17,4032.9,-1,0.2,0.0685593,163.9,19.6,0.87650693
16,4033.2,-1,0.3,0.0645312,163.9,19.6,0.87650693
19,4033.2,3,0,0.0766308,163.9,19.6,0.87650693
18,4033.4,-1,0.2,0.0726012,163.9,19.6,0.87650693
25,4033.2,7,-0.2,0.10083,163.9,19.6,0.87650693
21,4033.5,-4,0.3,0.0847035,163.9,19.6,0.87650693
19,4033.8,-2,0.3,0.0766422,163.9,19.6,0.87650693
15,4034.2,-4,0.4,0.060513,163.9,19.6,0.87650693
20,4034,5,-0.2,0.08068,163.9,19.6,0.87650693
21,4034.1,1,0.1,0.0847161,163.9,19.6,0.87650693
20,4034.3,-1,0.2,0.080686,163.9,19.6,0.87650693
19,4034.5,-1,0.2,0.0766555,163.9,19.6,0.87650693
19,4034.6,0,0.1,0.0766574,164,19.6,0.87643159
19,4034.7,0,0.1,0.0766593,164,19.6,0.87643159
25,4034.6,6,-0.1,0.100865,164,19.6,0.87643159
26,4034.7,1,0.1,0.1049022,164,19.6,0.87643159
1045,3987.2,1019,-47.5,4.166624,164.2,19.6,0.87628089
1042.1,3985.2,-2.9,-2,4.1529769,164.5,19.6,0.87605485
1048,3983.2,5.9,-2,4.1743936,164.8,19.6,0.87582881
1045,3982,-3,-1.2,4.16119,165.1,19.6,0.87560277
1042,3980.8,-3,-1.2,4.1479936,165.4,19.6,0.87537673
1043,3979.8,1,-1,4.1509314,165.7,19.6,0.87515069
1044.1,3978.7,1.1,-1.1,4.1541607,166,19.6,0.87492465
1295,3966.1,250.9,-12.6,5.1360995,166.3,19.6,0.87469861
1542,3953.1,247,-13,6.0956802,166.8,19.6,0.87432188
1542,3951.3,0,-1.8,6.0929046,167.2,19.6,0.87402049
-620,4051.1,-2162,99.8,-2.511682,167.1,19.6,0.87409584
-622,4054.7,-2,3.6,-2.5220234,166.9,19.6,0.87424653
-621,4057.1,1,2.4,-2.5194591,166.7,19.6,0.87439723
-618,4058.9,3,1.8,-2.5084002,166.5,19.6,0.87454792
-616,4060.4,2,1.5,-2.5012064,166.4,19.6,0.87462327
-788.1,4069.8,-172.1,9.4,-3.2074094,166.2,19.6,0.87477396
-964,4079.7,-175.9,9.9,-3.9328308,165.9,19.6,0.875
-961,4081.3,3,1.6,-3.9221293,165.6,19.6,0.87522604
475.9,4015.3,1436.9,-66,1.9108813,165.7,19.6,0.87515069
477,4013.6,1.1,-1.7,1.9144872,165.9,19.6,0.875
473.1,4012.6,-3.9,-1,1.8983611,166,19.6,0.87492465
474.9,4011.7,1.8,-0.9,1.9051563,166.1,19.6,0.87484931
476,4011,1.1,-0.7,1.909236,166.3,19.6,0.87469861
474.1,4010.5,-1.9,-0.5,1.9013781,166.4,19.6,0.87462327
479.1,4009.8,5,-0.7,1.9210952,166.5,19.6,0.87454792
474,4009.6,-5.1,-0.2,1.9005504,166.6,19.6,0.87447257
477,4009.2,3,-0.4,1.9123884,166.8,19.6,0.87432188
474,4008.9,-3,-0.3,1.9002186,166.9,19.6,0.87424653
-230.9,4042.2,-704.9,33.3,-0.93334398,166.9,19.6,0.87424653
-239,4044,-8.1,1.8,-0.966516,166.8,19.6,0.87432188
-237.1,4044.8,1.9,0.8,-0.95902208,166.7,19.6,0.87439723
-234,4045.5,3.1,0.7,-0.946647,166.7,19.6,0.87439723
-235,4046.1,-1,0.6,-0.9508335,166.6,19.6,0.87447257
-239.9,4047,-4.9,0.9,-0.9708753,166.5,19.6,0.87454792
-237,4047.5,2.9,0.5,-0.9592575,166.5,19.6,0.87454792
-232,4047.7,5,0.2,-0.9390664,166.4,19.6,0.87462327
-74,4040.8,158,-6.9,-0.2990192,166.4,19.6,0.87462327
-74,4040.9,0,0.1,-0.2990266,166.4,19.6,0.87462327
1695.8,3957.9,1769.8,-83,6.7118068,166.8,19.6,0.87432188
1697,3953.8,1.2,-4.1,6.7095986,167.3,19.6,0.87394515
1698,3951,1,-2.8,6.708798,167.7,19.6,0.87364376
1692,3948.9,-6,-2.1,6.6815388,168.2,19.6,0.87326703
1692.9,3946.7,0.9,-2.2,6.6813684,168.7,19.6,0.8728903
1699.9,3944.5,7,-2.2,6.7052556,169.1,19.6,0.87258891
1692.9,3943.1,-7,-1.4,6.675274,169.6,19.6,0.87221218
1690,3941.7,-2.9,-1.4,6.661473,170.1,19.6,0.87183544
403.1,4000.2,-1286.9,58.5,1.6124806,170.2,19.6,0.8717601
-886.9,4062.4,-1290,62.2,-3.6029426,170,19.6,0.87191079
-880.9,4065.9,6,3.5,-3.5816513,169.8,19.6,0.87206148
-885,4068.9,-4.1,3,-3.6009765,169.5,19.6,0.87228752
-886,4071.3,-1,2.4,-3.6071718,169.3,19.6,0.87243822
-893,4073.6,-7,2.3,-3.6377248,169,19.6,0.87266426
-901.9,4075.9,-8.9,2.3,-3.6760542,168.8,19.6,0.87281495
-907.9,4077.7,-6,1.8,-3.7021438,168.5,19.6,0.87304099
-897.9,4078.9,10,1.2,-3.6624443,168.3,19.6,0.87319168
-904.9,4080.5,-7,1.6,-3.6924444,168,19.6,0.87341772
-898.9,4081.5,6,1,-3.6688604,167.8,19.6,0.87356841
-906.9,4083.1,-8,1.6,-3.7029634,167.5,19.6,0.87379445
-903.9,4084.1,3,1,-3.691618,167.3,19.6,0.87394515
-901,4085.1,2.9,1,-3.6806751,167,19.6,0.87417119
1828.8,3958.3,2729.8,-126.8,7.238939,167.5,19.6,0.87379445
1826.1,3953.2,-2.7,-5.1,7.2189385,168,19.6,0.87341772
1823,3949.7,-3.1,-3.5,7.2003031,168.5,19.6,0.87304099
1820.9,3946.8,-2.1,-2.9,7.1867281,169,19.6,0.87266426
1820.9,3944.1,0,-2.7,7.1818117,169.5,19.6,0.87228752
1826.9,3941.6,6,-2.5,7.200909,170,19.6,0.87191079
1817,3940,-9.9,-1.6,7.15898,170.5,19.6,0.87153406
1822,3937.8,5,-2.2,7.1746716,171,19.6,0.87115732
1823.9,3936,1.9,-1.8,7.1788704,171.5,19.6,0.87078059
-223.9,4030.3,-2047.8,94.3,-0.90238417,171.5,19.6,0.87078059
-220,4033.1,3.9,2.8,-0.887282,171.4,19.6,0.87085594
-343.9,4040.8,-123.9,7.7,-1.3896311,171.3,19.6,0.87093128
-343,4042.6,0.9,1.8,-1.3866118,171.3,19.6,0.87093128
-348,4044.2,-5,1.6,-1.4073816,171.2,19.6,0.87100663
-338,4045,10,0.8,-1.36721,171.1,19.6,0.87108198
-336,4046,2,1,-1.359456,171,19.6,0.87115732
-340,4047.2,-4,1.2,-1.376048,170.9,19.6,0.87123267
-337,4048,3,0.8,-1.364176,170.8,19.6,0.87130802
1302.8,3971.7,1639.8,-76.3,5.1743308,171.1,19.6,0.87108198
2959.8,3891.5,1657,-80.2,11.518062,171.9,19.6,0.8704792
2955,3886,-4.8,-5.5,11.48313,172.7,19.6,0.86987643
2958,3881.5,3,-4.5,11.481477,173.6,19.6,0.86919831
2957,3878,-1,-3.5,11.467246,174.4,19.6,0.86859554
2955,3874.8,-2,-3.2,11.450034,175.2,19.6,0.86799277
2955,3871.8,0,-3,11.441169,176,19.6,0.86738999
2953,3869.2,-2,-2.6,11.425748,176.8,19.6,0.86678722
2954,3866.7,1,-2.5,11.422232,177.7,19.6,0.8661091
2957.1,3864.1,3.1,-2.6,11.42653,178.5,19.6,0.86550633
2168,3898.4,-789.1,34.3,8.4517312,179.1,19.6,0.86505425
1375.1,3934.7,-792.9,36.3,5.410606,179.5,19.6,0.86475286
1384.9,3935,9.8,0.3,5.4495815,179.9,19.6,0.86445148
1374,3935.8,-10.9,0.8,5.4077892,180.2,19.6,0.86422544
1377,3935.7,3,-0.1,5.4194589,180.6,19.6,0.86392405
1375,3935.7,-2,0,5.4115875,181,19.6,0.86362266
1376.9,3935.5,1.9,-0.2,5.41879,181.4,19.6,0.86332128
1379,3935.2,2.1,-0.3,5.4266408,181.8,19.6,0.86301989
1007.1,3952.3,-371.9,17.1,3.9803613,182,19.6,0.8628692
631.1,3970.3,-376,18,2.5056563,182.2,19.6,0.86271851
636.9,3971.2,5.8,0.9,2.5292573,182.4,19.6,0.86256781
637,3972,0.1,0.8,2.530164,182.6,19.6,0.86241712
641,3972.5,4,0.5,2.5463725,182.8,19.6,0.86226643
635.1,3973.4,-5.9,0.9,2.5235063,182.9,19.6,0.86219108
641,3973.6,5.9,0.2,2.5470776,183.1,19.6,0.86204039
639,3974.1,-2,0.5,2.5394499,183.3,19.6,0.86188969
-775.9,4040.9,-1414.9,66.8,-3.1353343,183.1,19.6,0.86204039
-771.9,4044.1,4,3.2,-3.1216408,182.9,19.6,0.86219108
-770.9,4046.8,1,2.7,-3.1196781,182.7,19.6,0.86234177
-769,4048.9,1.9,2.1,-3.1136041,182.5,19.6,0.86249247
-776,4051.3,-7,2.4,-3.1438088,182.3,19.6,0.86264316
-774,4053.1,2,1.8,-3.1370994,182.1,19.6,0.86279385
-769.9,4054.7,4.1,1.6,-3.1217135,181.8,19.6,0.86301989
-773,4056.5,-3.1,1.8,-3.1356745,181.6,19.6,0.86317058
-773,4058,0,1.5,-3.136834,181.4,19.6,0.86332128
313,4008.3,1086,-49.7,1.2545979,181.5,19.6,0.86324593
311.1,4007.4,-1.9,-0.9,1.2467021,181.6,19.6,0.86317058
314,4006.8,2.9,-0.6,1.2581352,181.6,19.6,0.86317058
2059.8,3925.2,1745.8,-81.6,8.085127,182.2,19.6,0.86271851
2059,3921.2,-0.8,-4,8.0737508,182.8,19.6,0.86226643
2063,3918,4,-3.2,8.082834,183.4,19.6,0.86181435
2065.9,3915.4,2.9,-2.6,8.0888249,183.9,19.6,0.86143761
1213,3952.8,-852.9,37.4,4.7947464,184.3,19.7,0.86113623
364.1,3992.2,-848.9,39.4,1.45356,184.4,19.7,0.86106088
364,3993.6,-0.1,1.4,1.4536704,184.5,19.7,0.86098553
367,3994.4,3,0.8,1.4659448,184.6,19.7,0.86091019
362,3995.3,-5,0.9,1.4462986,184.7,19.7,0.86083484
368,3995.7,6,0.4,1.4704176,184.8,19.7,0.86075949
365,3996.2,-3,0.5,1.458613,184.9,19.7,0.86068415
369.1,3996.4,4.1,0.2,1.4750712,185,19.7,0.8606088
369.1,3996.8,0,0.4,1.4752189,185.1,19.7,0.86053345
369,3997.1,-0.1,0.3,1.4749299,185.2,19.7,0.86045811
1285,3954.7,916,-42.4,5.0817895,185.5,19.7,0.86023207
1294,3952.5,9,-2.2,5.114535,185.9,19.7,0.85993068
1282.9,3951.6,-11.1,-0.9,5.0695076,186.3,19.7,0.85962929
1286,3950.4,3.1,-1.2,5.0802144,186.6,19.7,0.85940325
1286,3949.4,0,-1,5.0789284,187,19.7,0.85910187
612.1,3980,-673.9,30.6,2.436158,187.1,19.7,0.85902652
600.1,3981.2,-12,1.2,2.3891181,187.3,19.7,0.85887583
606.1,3981.4,6,0.2,2.4131265,187.5,19.7,0.85872514
602.1,3981.8,-4,0.4,2.3974418,187.6,19.7,0.85864979
598,3982.2,-4.1,0.4,2.3813556,187.8,19.7,0.8584991
606.9,3982,8.9,-0.2,2.4166758,188,19.7,0.8583484
488,3987.6,-118.9,5.6,1.9459488,188.1,19.7,0.85827306
365,3993.8,-123,6.2,1.457737,188.2,19.7,0.85819771
368,3994.2,3,0.4,1.4698656,188.3,19.7,0.85812236
1215,3955.1,847,-39.1,4.8054465,188.7,19.7,0.85782098
2063.9,3914.1,848.9,-41,8.078311,189.2,19.7,0.85744424
2067.9,3911,4,-3.1,8.0875569,189.8,19.7,0.85699216
2060.9,3909.1,-7,-1.9,8.0562642,190.4,19.7,0.85654008
2062.9,3907,2,-2.1,8.0597503,191,19.7,0.856088
890.1,3959.9,-1172.8,52.9,3.524707,191.2,19.7,0.85593731
888,3960.9,-2.1,1,3.5172792,191.4,19.7,0.85578662
894,3961,6,0.1,3.541134,191.7,19.7,0.85556058
891.1,3961.4,-2.9,0.4,3.5300035,191.9,19.7,0.85540989
891.1,3961.5,0,0.1,3.5300926,192.2,19.7,0.85518385
888.1,3961.7,-3,0.2,3.5183858,192.4,19.7,0.85503315
2365.9,3892.9,1477.8,-68.8,9.2102121,193.1,19.7,0.85450573
2362.9,3889.9,-3,-3,9.1914447,193.7,19.7,0.85405365
2363.9,3887.5,1,-2.4,9.1896613,194.4,19.7,0.85352622
2365,3885.5,1.1,-2,9.1892075,195.1,19.7,0.85299879
2367,3883.5,2,-2,9.1922445,195.7,19.7,0.85254671
2363,3882.1,-4,-1.4,9.1734023,196.4,19.7,0.85201929
2373,3880.1,10,-2,9.2074773,197,19.7,0.85156721
2365.1,3879,-7.9,-1.1,9.1742229,197.7,19.7,0.85103978
-452,4009.3,-2817.1,130.3,-1.8122036,197.6,19.7,0.85111513
-451,4014,1,4.7,-1.810314,197.5,19.7,0.85119048
-454.9,4017.4,-3.9,3.4,-1.8275153,197.4,19.7,0.85126582
-450,4020,4.9,2.6,-1.809,197.2,19.7,0.85141652
-454,4022.4,-4,2.4,-1.8261696,197.1,19.7,0.85149186
-453.9,4024.4,0.1,2,-1.8266752,197,19.7,0.85156721
753.9,3969.5,1207.8,-54.9,2.9926061,197.2,19.7,0.85141652
753,3968.6,-0.9,-0.9,2.9883558,197.4,19.7,0.85126582
753,3968.1,0,-0.5,2.9879793,197.6,19.7,0.85111513
748.1,3968.1,-4.9,0,2.9685356,197.8,19.7,0.85096444
753,3967.8,4.9,-0.3,2.9877534,198,19.7,0.85081374
748.1,3967.9,-4.9,0.1,2.968386,198.2,19.7,0.85066305
754.1,3967.5,6,-0.4,2.9918917,198.4,19.7,0.85051236
750,3967.6,-4.1,0.1,2.9757,198.6,19.7,0.85036166
750,3967.6,0,0,2.9757,198.8,19.7,0.85021097
755,3967.3,5,-0.3,2.9953115,199,19.7,0.85006028
2803.9,3872,2048.9,-95.3,10.856701,199.8,19.7,0.8494575
2812,3867.1,8.1,-4.9,10.874285,200.6,19.7,0.84885473
2805.9,3863.9,-6.1,-3.2,10.841717,201.4,19.7,0.84825196
2807,3861,1.1,-2.9,10.837827,202.2,19.7,0.84764919
2804,3858.7,-3,-2.3,10.819795,202.9,19.7,0.84712176
2803,3856.5,-1,-2.2,10.809769,203.7,19.7,0.84651899
1356.1,3921.7,-1446.9,65.2,5.3182174,204.1,19.7,0.8462176
1356,3922.8,-0.1,1.1,5.3193168,204.5,19.7,0.84591621
1351.1,3923.4,-4.9,0.6,5.3009057,204.8,19.7,0.84569017
1354,3923.5,2.9,0.1,5.312419,205.2,19.7,0.84538879
1355,3923.5,1,0,5.3163425,205.6,19.7,0.8450874
1354.9,3923.5,-0.1,0,5.3159501,206,19.7,0.84478602
-269,3999.6,-1623.9,76.1,-1.0758924,205.9,19.7,0.84486136
-264.9,4003,4.1,3.4,-1.0603947,205.9,19.7,0.84486136
-266,4005.5,-1.1,2.5,-1.065463,205.8,19.7,0.84493671
945.9,3950.8,1211.9,-54.7,3.7370617,206,19.7,0.84478602
2160.8,3893.4,1214.9,-57.4,8.4128587,206.6,19.7,0.84433394
2159.8,3890.4,-1,-3,8.4024859,207.2,19.7,0.84388186
2161.9,3888,2.1,-2.4,8.4054672,207.8,19.7,0.84342978
843.1,3947.6,-1318.8,59.6,3.3282216,208,19.7,0.84327908
843,3948.8,-0.1,1.2,3.3288384,208.3,19.7,0.84305304
846,3949.5,3,0.7,3.341277,208.5,19.7,0.84290235
836,3950.5,-10,1,3.302618,208.7,19.7,0.84275166
840.1,3950.7,4.1,0.2,3.3189831,209,19.7,0.84252562
835.1,3951.3,-5,0.6,3.2997306,209.2,19.7,0.84237492
1094,3939.5,258.9,-11.8,4.309813,209.5,19.7,0.84214888
1346,3927.5,252,-12,5.286415,209.9,19.7,0.8418475
1351.9,3926.4,5.9,-1.1,5.3081002,210.3,19.7,0.84154611
1347,3926.1,-4.9,-0.3,5.2884567,210.6,19.7,0.84132007
1350,3925.5,3,-0.6,5.299425,211,19.7,0.84101869
1346,3925.2,-4,-0.3,5.2833192,211.4,19.7,0.8407173
2695.8,3861.9,1349.8,-63.3,10.41091,212.1,19.7,0.84018987
2695.9,3858.7,0.1,-3.2,10.402669,212.9,19.7,0.8395871
2695,3856.3,-0.9,-2.4,10.392728,213.6,19.7,0.83905967
2697.9,3854,2.9,-2.3,10.397707,214.4,19.7,0.8384569
2695,3852.3,-2.9,-1.7,10.381949,215.1,19.7,0.83792948
2697,3850.4,2,-1.9,10.384529,215.9,19.7,0.8373267
2698,3848.7,1,-1.7,10.383793,216.6,19.7,0.83679928
2692.9,3847.3,-5.1,-1.4,10.360394,217.4,19.7,0.8361965
2696,3845.7,3.1,-1.6,10.368007,218.1,19.7,0.83566908
1336.1,3907.7,-1359.9,62,5.221078,218.5,19.7,0.83536769
1339,3909.1,2.9,1.4,5.2342849,218.9,19.7,0.83506631
1339,3909.8,0,0.7,5.2352222,219.2,19.7,0.83484027
1337,3910.5,-2,0.7,5.2283385,219.6,19.7,0.83453888
1345.1,3910.5,8.1,0,5.2600136,220,19.7,0.83423749
1341.1,3911,-4,0.5,5.2450421,220.4,19.7,0.83393611
1996.9,3880.6,655.8,-30.4,7.7491701,220.9,19.7,0.83355937
2652.9,3848.7,656,-31.9,10.210216,221.7,19.7,0.8329566
2648,3846.5,-4.9,-2.2,10.185532,222.4,19.7,0.83242917
2646,3844.8,-2,-1.7,10.173341,223.1,19.7,0.83190175
2654.9,3842.7,8.9,-2.1,10.201984,223.9,19.7,0.83129898
2656.9,3841.1,2,-1.6,10.205419,224.6,19.7,0.83077155
2653,3839.9,-3.9,-1.2,10.187255,225.3,19.7,0.83024412
2654.9,3838.5,1.9,-1.4,10.190834,226.1,19.7,0.82964135
2712.9,3834.5,58,-4,10.402615,226.8,19.7,0.82911392
2773,3830.4,60.1,-4.1,10.621699,227.6,19.7,0.82851115
2771,3829.1,-2,-1.3,10.610436,228.4,19.7,0.82790838
2779,3827.4,8,-1.7,10.636345,229.1,19.7,0.82738095
2770.1,3826.5,-8.9,-0.9,10.599788,229.9,19.7,0.82677818
2773,3825.1,2.9,-1.4,10.607002,230.7,19.7,0.82617541
1193.2,3898,-1579.8,72.9,4.6510936,231,19.7,0.82594937
1197.9,3900.1,4.7,2.1,4.6719298,231.3,19.7,0.82572333
1197.1,3901.7,-0.8,1.6,4.6707251,231.7,19.7,0.82542194
1194.1,3903.1,-3,1.4,4.6606917,232,19.7,0.8251959
1201,3903.8,6.9,0.7,4.6884638,232.3,19.7,0.82496986
1198.9,3904.6,-2.1,0.8,4.6812249,232.7,19.7,0.82466847
1193,3905.6,-5.9,1,4.6593808,233,19.7,0.82444244
-424.8,3982.3,-1617.8,76.7,-1.691681,232.9,19.7,0.82451778
-425,3986.5,-0.2,4.2,-1.6942625,232.8,19.7,0.82459313
-426,3989.8,-1,3.3,-1.6996548,232.7,19.7,0.82466847
-424.9,3992.6,1.1,2.8,-1.6964557,232.6,19.7,0.82474382
-429,3995.3,-4.1,2.7,-1.7139837,232.4,19.7,0.82489451
-426.9,3997.5,2.1,2.2,-1.7065328,232.3,19.7,0.82496986
-431,3999.7,-4.1,2.2,-1.7238707,232.2,19.7,0.82504521
115.1,3975.8,546.1,-23.9,0.45761458,232.2,19.7,0.82504521
644,3951.9,528.9,-23.9,2.5450236,232.4,19.7,0.82489451
653,3951.2,9,-0.7,2.5801336,232.6,19.7,0.82474382
655.1,3951.1,2.1,-0.1,2.5883656,232.8,19.8,0.82459313
646.1,3951.7,-9,0.6,2.5531934,232.9,19.8,0.82451778
647.1,3951.8,1,0.1,2.5572098,233.1,19.8,0.82436709
647.1,3952.1,0,0.3,2.5574039,233.3,19.8,0.8242164
646.1,3952.4,-1,0.3,2.5536456,233.5,19.8,0.8240657
-411,4002.3,-1057.1,49.9,-1.6449453,233.4,19.8,0.82414105
-411.1,4004.9,-0.1,2.6,-1.6464144,233.3,19.8,0.8242164
-478,4010,-66.9,5.1,-1.91678,233.1,19.8,0.82436709
-476,4011.8,2,1.8,-1.9096168,233,19.8,0.82444244
-474,4013.4,2,1.6,-1.9023516,232.9,19.8,0.82451778
-478.9,4015.2,-4.9,1.8,-1.9228793,232.7,19.8,0.82466847
-613.9,4022.9,-135,7.7,-2.4696583,232.6,19.8,0.82474382
-307,4010.5,306.9,-12.4,-1.2312235,232.5,19.8,0.82481917
12,3996.1,319,-14.4,0.0479532,232.5,19.8,0.82481917
7,3996.6,-5,0.5,0.0279762,232.5,19.8,0.82481917
10,3997,3,0.4,0.03997,232.5,19.8,0.82481917
9,3997.6,-1,0.6,0.0359784,232.5,19.8,0.82481917
-393,4017.2,-402,19.6,-1.5787596,232.4,19.8,0.82489451
-388,4018.4,5,1.2,-1.5591392,232.3,19.8,0.82496986
-395.9,4019.9,-7.9,1.5,-1.5914784,232.2,19.8,0.82504521
-836,4041.3,-440.1,21.4,-3.3785268,231.9,19.8,0.82527125
-834,4043.1,2,1.8,-3.3719454,231.7,19.8,0.82542194
227,3995.3,1061,-47.8,0.9069331,231.8,19.8,0.82534659
231,3994.5,4,-0.8,0.9227295,231.8,19.8,0.82534659
235.1,3994,4.1,-0.5,0.9389894,231.9,19.8,0.82527125
232,3994.1,-3.1,0.1,0.9266312,231.9,19.8,0.82527125
233,3994,1,-0.1,0.930602,232,19.8,0.8251959
237.1,3993.9,4.1,-0.1,0.94695369,232.1,19.8,0.82512055
899.9,3963.3,662.8,-30.6,3.5665737,232.3,19.8,0.82496986
906,3961.7,6.1,-1.6,3.5893002,232.6,19.8,0.82474382
901.9,3960.8,-4.1,-0.9,3.5722455,232.8,19.8,0.82459313
900,3960.1,-1.9,-0.7,3.56409,233.1,19.8,0.82436709
901,3959.3,1,-0.8,3.5673293,233.3,19.8,0.8242164
901.1,3958.7,0.1,-0.6,3.5671846,233.6,19.8,0.82399036
899,3958.2,-2.1,-0.5,3.5584218,233.8,19.8,0.82383966
902,3957.5,3,-0.7,3.569665,234.1,19.8,0.82361362
906,3956.9,4,-0.6,3.5849514,234.3,19.7,0.82346293
904,3956.5,-2,-0.4,3.576676,234.6,19.7,0.82323689
1278,3938.7,374,-17.8,5.0336586,234.9,19.7,0.82301085
1284.1,3937.2,6.1,-1.5,5.0557585,235.3,19.7,0.82270946
1282.9,3936.1,-1.2,-1.1,5.0496227,235.7,19.7,0.82240808
1289,3934.9,6.1,-1.2,5.0720861,236,19.7,0.82218204
1285,3934.2,-4,-0.7,5.055447,236.4,19.7,0.82188065
1285,3933.4,0,-0.8,5.054419,236.7,19.7,0.82165461
-890,4033.9,-2175,100.5,-3.590171,236.5,19.7,0.8218053
-891,4038.2,-1,4.3,-3.5980362,236.3,19.7,0.821956
-889,4041.2,2,3,-3.5926268,236,19.7,0.82218204
-892.1,4043.9,-3.1,2.7,-3.6075632,235.8,19.7,0.82233273
-891.9,4046.1,0.2,2.2,-3.6087166,235.5,19.7,0.82255877
-886.9,4047.8,5,1.7,-3.5899938,235.3,19.7,0.82270946
-889.9,4049.8,-3,2,-3.603917,235,19.7,0.8229355
-887.9,4051.3,2,1.5,-3.5971493,234.8,19.7,0.8230862
-894.9,4053.1,-7,1.8,-3.6271192,234.5,19.7,0.82331224
164,4005.2,1058.9,-47.9,0.6568528,234.5,19.7,0.82331224
172,4003.9,8,-1.3,0.6886708,234.6,19.7,0.82323689
166.2,4003.8,-5.8,-0.1,0.66543156,234.6,19.7,0.82323689
165.1,4003.7,-1.1,-0.1,0.66101087,234.7,19.7,0.82316154
169.1,4003.4,4,-0.3,0.67697494,234.7,19.7,0.82316154
165.1,4003.5,-4,0.1,0.66097785,234.8,19.7,0.8230862
169.1,4003.4,4,-0.1,0.67697494,234.8,19.7,0.8230862
569,3984.9,399.9,-18.5,2.2674081,235,19.7,0.8229355
977,3965.2,408,-19.7,3.8740004,235.3,19.7,0.82270946
975,3963.8,-2,-1.4,3.864705,235.5,19.7,0.82255877
978,3962.4,3,-1.4,3.8752272,235.8,19.7,0.82233273
976,3961.4,-2,-1,3.8663264,236.1,19.7,0.82210669
978,3960.3,2,-1.1,3.8731734,236.3,19.7,0.821956
-484.9,4027.9,-1462.9,67.6,-1.9531287,236.2,19.7,0.82203134
-493.9,4030.9,-9,3,-1.9908615,236.1,19.7,0.82210669
397,3991,890.9,-39.9,1.584427,236.2,19.7,0.82203134
405,3990.1,8,-0.9,1.6159905,236.3,19.7,0.821956
400,3990,-5,-0.1,1.596,236.4,19.7,0.82188065
401,3989.9,1,-0.1,1.5999499,236.5,19.7,0.8218053
399.1,3989.9,-1.9,0,1.5923691,236.6,19.7,0.82172996
-548.9,4034.3,-948,44.4,-2.2144273,236.5,19.7,0.8218053
-550.9,4036.5,-2,2.2,-2.2237078,236.3,19.7,0.821956
-552,4038.1,-1.1,1.6,-2.2290312,236.2,19.7,0.82203134
-113.1,4019.1,438.9,-19,-0.45456021,236.2,19.7,0.82203134
328.1,3998.3,441.2,-20.8,1.3118422,236.2,19.7,0.82203134
330,3997.6,1.9,-0.7,1.319208,236.3,19.7,0.821956
335,3997,5,-0.6,1.338995,236.4,19.7,0.82188065
335,3996.7,0,-0.3,1.3388945,236.5,19.7,0.8218053
329,3996.8,-6,0.1,1.3149472,236.6,19.7,0.82172996
501,3988.8,172,-8,1.9983888,236.7,19.7,0.82165461
504,3988.1,3,-0.7,2.0100024,236.9,19.7,0.82150392
503.1,3987.8,-0.9,-0.3,2.0062622,237,19.7,0.82142857
502,3987.5,-1.1,-0.3,2.001725,237.1,19.7,0.82135322
504,3987.1,2,-0.4,2.0094984,237.3,19.7,0.82120253
502.1,3986.9,-1.9,-0.2,2.0018225,237.4,19.7,0.82112719
500,3986.8,-2.1,-0.1,1.9934,237.6,19.7,0.82097649
500,3986.5,0,-0.3,1.99325,237.7,19.7,0.82090115
499,3986.4,-1,-0.1,1.9892136,237.8,19.7,0.8208258
502.1,3986,3.1,-0.4,2.0013706,238,19.7,0.82067511
162.1,4001.6,-340,15.6,0.64865936,238,19.7,0.82067511
-174,4018.4,-336.1,16.8,-0.6992016,238,19.7,0.82067511
-170,4019.5,4,1.1,-0.683315,237.9,19.7,0.82075045
-174,4020.6,-4,1.1,-0.6995844,237.9,19.7,0.82075045
-168,4021.1,6,0.5,-0.6755448,237.9,19.7,0.82075045
492.9,3990.6,660.9,-30.5,1.9669667,238,19.7,0.82067511
1144,3959.6,651.1,-31,4.5297824,238.3,19.7,0.82044907
1146,3957.4,2,-2.2,4.5351804,238.6,19.7,0.82022303
1146,3955.7,0,-1.7,4.5332322,238.9,19.7,0.81999699
193.1,3998.7,-952.9,43,0.77214897,239,19.7,0.81992164
194,3999.6,0.9,0.9,0.7759224,239,19.7,0.81992164
187.1,4000.5,-6.9,0.9,0.74849355,239.1,19.7,0.81984629
191,4000.8,3.9,0.3,0.7641528,239.1,19.7,0.81984629
192,4001.2,1,0.4,0.7682304,239.2,19.7,0.81977095
197,4001.3,5,0.1,0.7882561,239.2,19.7,0.81977095
196.1,4001.6,-0.9,0.3,0.78471376,239.3,19.7,0.8196956
-448.9,4032.2,-645,30.6,-1.8100546,239.2,19.7,0.81977095
-452.8,4034.2,-3.9,2,-1.8266858,239.1,19.7,0.81984629
94,4009.6,546.8,-24.6,0.3769024,239.1,19.7,0.81984629
87,4009.8,-7,0.2,0.3488526,239.1,19.7,0.81984629
86,4010,-1,0.2,0.34486,239.1,19.7,0.81984629
86,4010.1,0,0.1,0.3448686,239.2,19.7,0.81977095
84,4010.4,-2,0.3,0.3368736,239.2,19.7,0.81977095
-522,4039.2,-606,28.8,-2.1084624,239.1,19.7,0.81984629
-521,4040.7,1,1.5,-2.1052047,238.9,19.7,0.81999699
-513.9,4041.5,7.1,0.8,-2.0769268,238.8,19.7,0.82007233
-257,4030.7,256.9,-10.8,-1.0358899,238.7,19.7,0.82014768
8,4018.2,265,-12.5,0.0321456,238.7,19.7,0.82014768
7,4018.1,-1,-0.1,0.0281267,238.7,19.7,0.82014768
9,4018,2,-0.1,0.036162,238.7,19.7,0.82014768
8,4018.1,-1,0.1,0.0321448,238.7,19.7,0.82014768
9,4018.2,1,0.1,0.0361638,238.7,19.7,0.82014768
6,4018.5,-3,0.3,0.024111,238.7,19.7,0.82014768
-1138,4072.1,-1144,53.6,-4.6340498,238.4,19.7,0.82037372
-1146.8,4075.1,-8.8,3,-4.6733247,238.1,19.7,0.82059976
-1140,4076.8,6.8,1.7,-4.647552,237.8,19.7,0.8208258
-1136,4078.4,4,1.6,-4.6330624,237.5,19.7,0.82105184
-1140,4080.1,-4,1.7,-4.651314,237.1,19.7,0.82135322
-1139,4081.7,1,1.6,-4.6490563,236.8,19.7,0.82157926
-1144,4083.2,-5,1.5,-4.6711808,236.5,19.7,0.8218053
-1139.9,4084.3,4.1,1.1,-4.6556936,236.2,19.7,0.82203134
70,4029,1209.9,-55.3,0.28203,236.2,19.7,0.82203134
1282.9,3971.3,1212.9,-57.7,5.0947808,236.5,19.7,0.8218053
1283,3967.6,0.1,-3.7,5.0904308,236.9,19.7,0.82150392
-814.8,4062.9,-2097.8,95.3,-3.3104509,236.7,19.7,0.82165461
-820,4065.7,-5.2,2.8,-3.333874,236.5,19.7,0.8218053
-820,4067.4,0,1.7,-3.335268,236.2,19.7,0.82203134
-815.9,4068.5,4.1,1.1,-3.3194891,236,19.7,0.82218204
-818,4069.7,-2.1,1.2,-3.3290146,235.8,19.7,0.82233273
-850,4072.2,-32,2.5,-3.46137,235.5,19.7,0.82255877
-852,4073.3,-2,1.1,-3.4704516,235.3,19.7,0.82270946
-851.9,4074.2,0.1,0.9,-3.470811,235.1,19.7,0.82286016
-852.9,4075.1,-1,0.9,-3.4756528,234.8,19.7,0.8230862
-848,4075.6,4.9,0.5,-3.4561088,234.6,19.7,0.82323689
-851,4076.6,-3,1,-3.4691866,234.4,19.7,0.82338758
997,3991.1,1848,-85.5,3.9791267,234.6,19.7,0.82323689
2851.8,3901.9,1854.8,-89.2,11.127438,235.4,19.7,0.82263412
2859.9,3894.8,8.1,-7.1,11.138739,236.2,19.7,0.82203134
2854,3889.9,-5.9,-4.9,11.101775,237,19.7,0.82142857
2852,3885.6,-2,-4.3,11.081731,237.8,19.7,0.8208258
2857.9,3881.3,5.9,-4.3,11.092367,238.6,19.7,0.82022303
2856,3877.9,-1.9,-3.4,11.075282,239.3,19.7,0.8196956
2848.2,3874.9,-7.8,-3,11.03649,240.1,19.7,0.81909283
2851,3871.7,2.8,-3.2,11.038217,240.9,19.7,0.81849005
780.2,3964.3,-2070.8,92.6,3.0929469,241.1,19.7,0.81833936
-1296.9,4062.5,-2077.1,98.2,-5.2686562,240.8,19.7,0.8185654
-1301,4068.3,-4.1,5.8,-5.2928583,240.5,19.7,0.81879144
-1294.9,4072,6.1,3.7,-5.2728328,240.1,19.7,0.81909283
-1293.9,4075.3,1,3.3,-5.2730307,239.8,19.7,0.81931887
92,4013.6,1385.9,-61.7,0.3692512,239.8,19.7,0.81931887
1469.9,3949.2,1377.9,-64.4,5.8049291,240.1,19.7,0.81909283
1471.9,3945.8,2,-3.4,5.807823,240.5,19.7,0.81879144
1472,3943.4,0.1,-2.4,5.8046848,240.9,19.7,0.81849005
1469,3941.5,-3,-1.9,5.7900635,241.4,19.7,0.81811332
1468,3939.8,-1,-1.7,5.7836264,241.8,19.7,0.81781193
1476,3937.9,8,-1.9,5.8123404,242.2,19.7,0.81751055
1472.1,3936.6,-3.9,-1.3,5.7950689,242.6,19.7,0.81720916
1470,3935.5,-2.1,-1.1,5.785185,243,19.7,0.81690778
-1178.9,4057.5,-2648.9,122,-4.7833868,242.7,19.7,0.81713382
-1178,4062.4,0.9,4.9,-4.7855072,242.4,19.7,0.81735986
-1177,4065.9,1,3.5,-4.7855643,242.1,19.7,0.8175859
-1176.9,4068.9,0.1,3,-4.7886884,241.8,19.7,0.81781193
-1175,4071.4,1.9,2.5,-4.783895,241.4,19.7,0.81811332
-309,4033.6,866,-37.8,-1.2463824,241.3,19.7,0.81818867
559,3992.9,868,-40.7,2.2320311,241.4,19.7,0.81811332
563,3991.1,4,-1.8,2.2469893,241.6,19.7,0.81796263
557.1,3990.4,-5.9,-0.7,2.2230518,241.8,19.7,0.81781193
563,3989.3,5.9,-1.1,2.2459759,241.9,19.7,0.81773659
1332.9,3952.9,769.9,-36.4,5.2688204,242.3,19.7,0.8174352
1332,3950.6,-0.9,-2.3,5.2621992,242.7,19.7,0.81713382
1340,3948.4,8,-2.2,5.290856,243,19.7,0.81690778
1335.9,3946.9,-4.1,-1.5,5.2726637,243.4,19.7,0.81660639
1333,3945.6,-2.9,-1.3,5.2594848,243.8,19.7,0.816305
1334.9,3944.2,1.9,-1.4,5.2651126,244.1,19.7,0.81607896
1614,3930,279.1,-14.2,6.34302,244.6,19.7,0.81570223
1895.9,3915.3,281.9,-14.7,7.4230173,245.1,19.7,0.8153255
1901.9,3912.8,6,-2.5,7.4417543,245.6,19.7,0.81494876
2016.9,3905.6,115,-7.2,7.8772046,246.2,19.7,0.81449668
2016,3903.6,-0.9,-2,7.8696576,246.8,19.7,0.81404461
2020,3901.7,4,-1.9,7.881434,247.3,19.7,0.81366787
2016,3900.1,-4,-1.6,7.8626016,247.9,19.7,0.81321579
1784,3909.3,-232,9.2,6.9741912,248.4,19.7,0.81283906
1787.9,3908.1,3.9,-1.2,6.987292,248.9,19.7,0.81246233
1787,3907,-0.9,-1.1,6.981809,249.4,19.7,0.81208559
1786.9,3906,-0.1,-1,6.9796314,249.9,19.7,0.81170886
1785.9,3905,-1,-1,6.9739395,250.4,19.7,0.81133213
1789.9,3903.8,4,-1.2,6.9874116,250.9,19.7,0.81095539
1196.1,3930.3,-593.8,26.5,4.7010318,251.2,19.7,0.81072936
605.1,3958.1,-591,27.8,2.3950463,251.4,19.7,0.81057866
609,3959.2,3.9,1.1,2.4111528,251.5,19.7,0.81050332
606.1,3960.2,-2.9,1,2.4002772,251.7,19.7,0.81035262
606,3960.9,-0.1,0.7,2.4003054,251.9,19.7,0.81020193
601,3961.7,-5,0.8,2.3809817,252,19.7,0.81012658
601,3962.3,0,0.6,2.3813423,252.2,19.7,0.80997589
605,3962.4,4,0.1,2.397252,252.4,19.7,0.8098252
606.1,3962.8,1.1,0.4,2.4018531,252.5,19.7,0.80974985
-54,3994.3,-660.1,31.5,-0.2156922,252.5,19.7,0.80974985
-55,3996.1,-1,1.8,-0.2197855,252.5,19.7,0.80974985
-54,3997.5,1,1.4,-0.215865,252.5,19.7,0.80974985
-51,3998.6,3,1.1,-0.2039286,252.5,19.7,0.80974985
-51,3999.7,0,1.1,-0.2039847,252.5,19.7,0.80974985
1304.9,3937.2,1355.9,-62.5,5.1376523,252.8,19.7,0.80952381
1302,3935,-2.9,-2.2,5.12337,253.2,19.7,0.80922242
1305.1,3933.4,3.1,-1.6,5.1334803,253.5,19.7,0.80899638
1306,3932.1,0.9,-1.3,5.1353226,253.9,19.7,0.808695
1306,3931,0,-1.1,5.133886,254.2,19.7,0.80846896
1305.9,3930,-0.1,-1,5.132187,254.6,19.7,0.80816757
1307,3929.2,1.1,-0.8,5.1354644,255,19.7,0.80786618
1305,3928.4,-2,-0.8,5.126562,255.3,19.7,0.80764014
1306,3927.6,1,-0.8,5.1294456,255.7,19.7,0.80733876
1144,3934.5,-162,6.9,4.501068,256,19.7,0.80711272
1148,3933.9,4,-0.6,4.5161172,256.3,19.7,0.80688668
1155.1,3933.2,7.1,-0.7,4.5432393,256.7,19.7,0.80658529
1143.1,3933.4,-12,0.2,4.4962695,257,19.7,0.80635925
1635.9,3910.2,492.8,-23.2,6.3966962,257.4,19.7,0.80605787
1636,3908.8,0.1,-1.4,6.3947968,257.9,19.7,0.80568113
1628,3908,-8,-0.8,6.362224,258.3,19.7,0.80537975
1625,3907.1,-3,-0.9,6.3490375,258.8,19.7,0.80500301
1627,3906.1,2,-1,6.3552247,259.2,19.7,0.80470163
1627.9,3905.2,0.9,-0.9,6.3572751,259.7,19.7,0.80432489
293.1,3966.4,-1334.8,61.2,1.1625518,259.8,19.7,0.80424955
299,3968.3,5.9,1.9,1.1865217,259.9,19.7,0.8041742
295.1,3969.9,-3.9,1.6,1.1715175,259.9,19.7,0.8041742
291.9,3971.3,-3.2,1.4,1.1592225,260,19.7,0.80409885
290.1,3972.4,-1.8,1.1,1.1523932,260.1,19.7,0.80402351
300.1,3972.8,10,0.4,1.1922373,260.2,19.7,0.80394816
298.1,3973.7,-2,0.9,1.18456,260.3,19.7,0.80387281
295.1,3974.6,-3,0.9,1.1729045,260.3,19.7,0.80387281
292.1,3975.4,-3,0.8,1.1612143,260.4,19.7,0.80379747
1652.9,3912.7,1360.8,-62.7,6.4673018,260.9,19.7,0.80342074
1654,3910,1.1,-2.7,6.46714,261.3,19.7,0.80311935
1654,3908.1,0,-1.9,6.4639974,261.8,19.7,0.80274262
1645,3907,-9,-1.1,6.427015,262.3,19.7,0.80236588
1651.8,3905.3,6.8,-1.7,6.4507745,262.7,19.7,0.8020645
-79,3985.4,-1730.8,80.1,-0.3148466,262.7,19.7,0.8020645
-82,3988.4,-3,3,-0.3270488,262.7,19.7,0.8020645
139.9,3979.4,221.9,-9,0.55671806,262.7,19.7,0.8020645
362.1,3970.2,222.2,-9.2,1.4376094,262.8,19.7,0.80198915
357,3971,-5.1,0.8,1.417647,262.9,19.7,0.8019138
355,3971.6,-2,0.6,1.409918,263,19.7,0.80183846
355,3972.1,0,0.5,1.4100955,263.1,19.7,0.80176311
359.1,3972.4,4.1,0.3,1.4264888,263.2,19.7,0.80168776
1496.9,3919.9,1137.8,-52.5,5.8676983,263.7,19.7,0.80131103
1494.9,3917.7,-2,-2.2,5.8565697,264.1,19.7,0.80100964
1497,3916,2.1,-1.7,5.862252,264.5,19.7,0.80070826
1494.1,3914.8,-2.9,-1.2,5.8491027,264.9,19.7,0.80040687
1496,3913.6,1.9,-1.2,5.8547456,265.3,19.7,0.80010549
1503,3912.2,7,-1.4,5.8800366,265.7,19.7,0.7998041
1402,3915.9,-101,3.7,5.4900918,266.1,19.7,0.79950271
1300.1,3920,-101.9,4.1,5.096392,266.5,19.7,0.79920133
1295,3919.8,-5.1,-0.2,5.076141,266.9,19.7,0.79889994
789.1,3942.9,-505.9,23.1,3.1113424,267.1,19.7,0.79874925
785.2,3943.8,-3.9,0.9,3.0966718,267.3,19.7,0.79859855
787.1,3944.1,1.9,0.3,3.1044011,267.5,19.7,0.79844786
785,3944.5,-2.1,0.4,3.0964325,267.7,19.7,0.79829717
786,3944.7,1,0.2,3.1005342,267.9,19.7,0.79814647
952,3937.1,166,-7.6,3.7481192,268.2,19.7,0.79792043
1115,3929.2,163,-7.9,4.381058,268.5,19.7,0.79769439
1115,3928.7,0,-0.5,4.3805005,268.8,19.7,0.79746835
1122,3927.9,7,-0.8,4.4071038,269.1,19.7,0.79724231
1119,3927.7,-3,-0.2,4.3950963,269.4,19.7,0.79701627
1114.1,3927.5,-4.9,-0.2,4.3756278,269.8,19.7,0.79671489
-775.9,4015.8,-1890,88.3,-3.1158592,269.6,19.7,0.79686558
-783,4020.3,-7.1,4.5,-3.1478949,269.4,19.7,0.79701627
-777,4023,6,2.7,-3.125871,269.1,19.7,0.79724231
-780.9,4025.7,-3.9,2.7,-3.1436691,268.9,19.7,0.79739301
-775.9,4027.8,5,2.1,-3.12517,268.7,19.7,0.7975437
75,3989.7,850.9,-38.1,0.2992275,268.7,19.7,0.7975437
78,3989.6,3,-0.1,0.3111888,268.7,19.7,0.7975437
79,3989.9,1,0.3,0.3152021,268.7,19.7,0.7975437
77,3990.4,-2,0.5,0.3072608,268.8,19.7,0.79746835
1468.9,3926,1391.9,-64.4,5.7669014,269.1,19.7,0.79724231
2857.9,3858.7,1389,-67.3,11.027779,269.9,19.7,0.79663954
2855,3853.7,-2.9,-5,11.002313,270.7,19.7,0.79603677
2855,3849.6,0,-4.1,10.990608,271.5,19.7,0.795434
2862,3846,7,-3.6,11.007252,272.3,19.7,0.79483122
2859,3843,-3,-3,10.987137,273.1,19.7,0.79422845
2856,3840.5,-3,-2.5,10.968468,273.9,19.7,0.79362568
2859.9,3837.8,3.9,-2.7,10.975724,274.7,19.7,0.79302291
2861,3835.4,1.1,-2.4,10.973079,275.5,19.7,0.79242013
2859,3833.2,-2,-2.2,10.959119,276.3,19.7,0.79181736
1605.2,3889.4,-1253.8,56.2,6.2432649,276.7,19.7,0.79151597
1607.1,3889.9,1.9,0.5,6.2514583,277.2,19.7,0.79113924
1600,3890.3,-7.1,0.4,6.22448,277.6,19.7,0.79083785
1608.9,3889.8,8.9,-0.5,6.2582992,278.1,19.7,0.79046112
901.2,3922.6,-707.7,32.8,3.5350471,278.3,19.7,0.79031043
201.1,3956.5,-700.1,33.9,0.79565215,278.4,19.7,0.79023508
197.1,3959.2,-4,2.7,0.78035832,278.4,19.7,0.79023508
194,3961.2,-3.1,2,0.7684728,278.5,19.7,0.79015973
194.1,3962.8,0.1,1.6,0.76917948,278.5,19.7,0.79015973
197.1,3964.1,3,1.3,0.78132411,278.6,19.7,0.79008439
-588.9,4002.4,-786,38.3,-2.3570134,278.5,19.7,0.79015973
-592,4005.5,-3.1,3.1,-2.371256,278.3,19.7,0.79031043
-585.1,4007.6,6.9,2.1,-2.3448468,278.2,19.7,0.79038577
-585.1,4009.7,0,2.1,-2.3460755,278,19.7,0.79053647
-4,3984.7,581.1,-25,-0.0159388,278,19.7,0.79053647
-1,3985.1,3,0.4,-0.0039851,278,19.7,0.79053647
3,3985,4,-0.1,0.011955,278,19.7,0.79053647
0,3986.5,-3,1.5,0,278,19.7,0.79053647
0,3987.3,0,0.8,0,278,19.7,0.79053647
5,3987.2,5,-0.1,0.019936,278,19.7,0.79053647
4,3987.9,-1,0.7,0.0159516,278,19.7,0.79053647
849.9,3949.3,845.9,-38.6,3.3565101,278.2,19.7,0.79038577
853,3947.8,3.1,-1.5,3.3674734,278.4,19.7,0.79023508
773,3950.7,-80,2.9,3.0538911,278.6,19.7,0.79008439
771,3950.3,-2,-0.4,3.0456813,278.9,19.7,0.78985835
775,3949.7,4,-0.6,3.0610175,279.1,19.7,0.78970766
772,3949.5,-3,-0.2,3.049014,279.3,19.7,0.78955696
485,3962.6,-287,13.1,1.921861,279.4,19.7,0.78948162
485.1,3963,0.1,0.4,1.9224513,279.6,19.7,0.78933092
492,3962.9,6.9,-0.1,1.9497468,279.7,19.7,0.78925558
489,3963.3,-3,0.4,1.9380537,279.8,19.7,0.78918023
487,3963.5,-2,0.2,1.9302245,280,19.7,0.78902954
2527.7,3868.8,2040.7,-94.7,9.7791658,280.7,19.7,0.78850211
2529.9,3864.1,2.2,-4.7,9.7757866,281.4,19.7,0.78797468
2529,3860.7,-0.9,-3.4,9.7637103,282.1,19.7,0.78744726
2530.9,3857.6,1.9,-3.1,9.7631998,282.8,19.7,0.78691983
1194.2,3917.1,-1336.7,59.5,4.6778008,283.1,19.7,0.78669379
1198,3917.5,3.8,0.4,4.693165,283.4,19.7,0.78646775
1197.9,3917.6,-0.1,0.1,4.692893,283.8,19.7,0.78616637
1202,3917.3,4.1,-0.3,4.7085946,284.1,19.7,0.78594033
1196,3917.4,-6,0.1,4.6852104,284.4,19.7,0.78571429
1201,3916.9,5,-0.5,4.7041969,284.8,19.7,0.7854129
1201,3916.6,0,-0.3,4.7038366,285.1,19.7,0.78518686
1202,3916.2,1,-0.4,4.7072724,285.4,19.7,0.78496082
1201,3916,-1,-0.2,4.703116,285.8,19.7,0.78465943
14,3971,-1187,55,0.055594,285.8,19.7,0.78465943
14,3973.5,0,2.5,0.055629,285.8,19.7,0.78465943
16,3975.1,2,1.6,0.0636016,285.8,19.7,0.78465943
18,3976.6,2,1.5,0.0715788,285.8,19.7,0.78465943
13,3978.2,-5,1.6,0.0517166,285.8,19.7,0.78465943
11,3979.4,-2,1.2,0.0437734,285.8,19.7,0.78465943
13,3980.4,2,1,0.0517452,285.8,19.7,0.78465943
1711.9,3902.4,1698.9,-78,6.6805186,286.3,19.7,0.7842827
1711.9,3899.3,0,-3.1,6.6752117,286.7,19.7,0.78398131
2633.9,3854.4,922,-44.9,10.152104,287.5,19.7,0.78337854
2633.9,3850.4,0,-4,10.141569,288.2,19.7,0.78285112
2628.9,3847.5,-5,-2.9,10.114693,288.9,19.7,0.78232369
2637,3844.6,8.1,-2.9,10.13821,289.7,19.7,0.78172092
2636.1,3842.2,-0.9,-2.4,10.128423,290.4,19.7,0.78119349
2050,3867.2,-586.1,25,7.92776,291,19.7,0.78074141
2056.8,3866.1,6.8,-1.1,7.9517945,291.5,19.7,0.78036468
2055,3865.2,-1.8,-0.9,7.942986,292.1,19.7,0.7799126
2052,3864.4,-3,-0.8,7.9297488,292.7,19.7,0.77946052
2051.9,3863.4,-0.1,-1,7.9273105,293.2,19.7,0.77908379
2271,3852.2,219.1,-11.2,8.7483462,293.9,19.7,0.77855636
2278,3850.4,7,-1.8,8.7712112,294.5,19.7,0.77810428
2279,3848.9,1,-1.5,8.7716431,295.1,19.7,0.7776522
2276.9,3847.8,-2.1,-1.1,8.7610558,295.8,19.7,0.77712477
2275.9,3846.6,-1,-1.2,8.7544769,296.4,19.7,0.77667269
2278.9,3845.3,3,-1.3,8.7630542,297,19.7,0.77622061
1364,3886.9,-914.9,41.6,5.3017316,297.4,19.7,0.77591923
1362,3887.9,-2,1,5.2953198,297.8,19.7,0.77561784
1362,3888.4,0,0.5,5.2960008,298.2,19.7,0.77531646
1360,3888.8,-2,0.4,5.288768,298.5,19.7,0.77509042
1362,3888.9,2,0.1,5.2966818,298.9,19.7,0.77478903
1363,3888.9,1,0,5.3005707,299.3,19.7,0.77448764
1365,3888.9,2,0,5.3083485,299.7,19.7,0.77418626
1365.9,3888.8,0.9,-0.1,5.3117119,300.1,19.7,0.77388487
1361,3889,-4.9,0.2,5.292929,300.4,19.7,0.77365883
1357.1,3889.2,-3.9,0.2,5.2780333,300.8,19.7,0.77335744
-890.9,3994.6,-2248,105.4,-3.5587891,300.6,19.7,0.77350814
-435,3978.6,455.9,-16,-1.730691,300.5,19.7,0.77358348
23,3959.6,458,-19,0.0910708,300.5,19.7,0.77358348
21,3961.2,-2,1.6,0.0831852,300.5,19.7,0.77358348
25,3962.5,4,1.3,0.0990625,300.5,19.7,0.77358348
24,3963.9,-1,1.4,0.0951336,300.5,19.7,0.77358348
25,3965.2,1,1.3,0.09913,300.5,19.8,0.77358348
23,3966.5,-2,1.3,0.0912295,300.5,19.8,0.77358348
22,3967.7,-1,1.2,0.0872894,300.5,19.8,0.77358348
22,3968.8,0,1.1,0.0873136,300.5,19.8,0.77358348
25,3969.7,3,0.9,0.0992425,300.6,19.8,0.77350814
23,3970.8,-2,1.1,0.0913284,300.6,19.8,0.77350814
24,3971.7,1,0.9,0.0953208,300.6,19.8,0.77350814
17,3973,-7,1.3,0.067541,300.6,19.8,0.77350814
27,3973.4,10,0.4,0.1072818,300.6,19.8,0.77350814
21,3974.6,-6,1.2,0.0834666,300.6,19.8,0.77350814
25,3975.2,4,0.6,0.09938,300.6,19.8,0.77350814
23,3976.1,-2,0.9,0.0914503,300.6,19.8,0.77350814
28,3976.6,5,0.5,0.1113448,300.6,19.8,0.77350814
25,3977.5,-3,0.9,0.0994375,300.6,19.8,0.77350814
23,3978.3,-2,0.8,0.0915009,300.6,19.8,0.77350814
18,3979.2,-5,0.9,0.0716256,300.6,19.8,0.77350814
29,3979.4,11,0.2,0.1154026,300.6,19.8,0.77350814
28,3980.1,-1,0.7,0.1114428,300.6,19.8,0.77350814
23,3981,-5,0.9,0.091563,300.6,19.8,0.77350814
25,3981.5,2,0.5,0.0995375,300.7,19.8,0.77343279
26,3982,1,0.5,0.103532,300.7,19.8,0.77343279
24,3982.7,-2,0.7,0.0955848,300.7,19.8,0.77343279
25,3983.2,1,0.5,0.09958,300.7,19.8,0.77343279
23,3983.9,-2,0.7,0.0916297,300.7,19.8,0.77343279
25,3984.3,2,0.4,0.0996075,300.7,19.7,0.77343279
20,3985.1,-5,0.8,0.079702,300.7,19.7,0.77343279
27,3985.2,7,0.1,0.1076004,300.7,19.7,0.77343279
21,3986,-6,0.8,0.083706,300.7,19.7,0.77343279
25,3986.3,4,0.3,0.0996575,300.7,19.7,0.77343279
26,3986.8,1,0.5,0.1036568,300.7,19.7,0.77343279
21,3987.4,-5,0.6,0.0837354,300.7,19.7,0.77343279
22,3987.8,1,0.4,0.0877316,300.7,19.7,0.77343279
23,3988.2,1,0.4,0.0917286,300.7,19.7,0.77343279
21,3988.7,-2,0.5,0.0837627,300.7,19.7,0.77343279
25,3988.9,4,0.2,0.0997225,300.7,19.7,0.77343279
30,3989.2,5,0.3,0.119676,300.8,19.7,0.77335744
22,3989.9,-8,0.7,0.0877778,300.8,19.7,0.77335744
28,3990,6,0.1,0.11172,300.8,19.7,0.77335744
26,3990.5,-2,0.5,0.103753,300.8,19.7,0.77335744
29,3990.7,3,0.2,0.1157303,300.8,19.7,0.77335744
25,3991.2,-4,0.5,0.09978,300.8,19.7,0.77335744
24,3991.7,-1,0.5,0.0958008,300.8,19.7,0.77335744
27,3991.9,3,0.2,0.1077813,300.8,19.7,0.77335744
26,3992.2,-1,0.3,0.1037972,300.8,19.7,0.77335744
23,3992.8,-3,0.6,0.0918344,300.8,19.7,0.77335744
23,3993.1,0,0.3,0.0918413,300.8,19.7,0.77335744
27,3993.2,4,0.1,0.1078164,300.8,19.7,0.77335744
27,3993.5,0,0.3,0.1078245,300.8,19.7,0.77335744
26,3993.8,-1,0.3,0.1038388,300.8,19.7,0.77335744
22,3994.4,-4,0.6,0.0878768,300.9,19.7,0.7732821
23,3994.6,1,0.2,0.0918758,300.9,19.7,0.7732821
27,3994.7,4,0.1,0.1078569,300.9,19.7,0.7732821
24,3995.2,-3,0.5,0.0958848,300.9,19.7,0.7732821
29,3995.2,5,0,0.1158608,300.9,19.7,0.7732821
25,3995.6,-4,0.4,0.09989,300.9,19.7,0.7732821
21,3996.1,-4,0.5,0.0839181,300.9,19.7,0.7732821
25,3996.2,4,0.1,0.099905,300.9,19.7,0.7732821
23,3996.5,-2,0.3,0.0919195,300.9,19.7,0.7732821
28,3996.5,5,0,0.111902,300.9,19.7,0.7732821
24,3997,-4,0.5,0.095928,300.9,19.7,0.7732821
24,3997.2,0,0.2,0.0959328,300.9,19.7,0.7732821
26,3997.3,2,0.1,0.1039298,300.9,19.7,0.7732821
26,3997.6,0,0.3,0.1039376,300.9,19.7,0.7732821
28,3997.7,2,0.1,0.1119356,301,19.7,0.77320675
21,3998.2,-7,0.5,0.0839622,301,19.7,0.77320675
21,3998.5,0,0.3,0.0839685,301,19.7,0.77320675
24,3998.6,3,0.1,0.0959664,301,19.7,0.77320675
23,3998.8,-1,0.2,0.0919724,301,19.7,0.77320675
27,3998.9,4,0.1,0.1079703,301,19.7,0.77320675
27,3999.1,0,0.2,0.1079757,301,19.7,0.77320675
26,3999.3,-1,0.2,0.1039818,301,19.7,0.77320675
22,3999.7,-4,0.4,0.0879934,301,19.7,0.77320675
24,3999.8,2,0.1,0.0959952,301,19.7,0.77320675
23,4000.1,-1,0.3,0.0920023,301,19.7,0.77320675
30,3999.9,7,-0.2,0.119997,301,19.7,0.77320675
24,4000.4,-6,0.5,0.0960096,301,19.7,0.77320675
21,4000.8,-3,0.4,0.0840168,301,19.7,0.77320675
23,4000.9,2,0.1,0.0920207,301,19.7,0.77320675
30,4000.7,7,-0.2,0.120021,301.1,19.7,0.7731314
23,4001.1,-7,0.4,0.0920253,301.1,19.7,0.7731314
22,4001.4,-1,0.3,0.0880308,301.1,19.7,0.7731314
26,4001.4,4,0,0.1040364,301.1,19.7,0.7731314
24,4001.6,-2,0.2,0.0960384,301.1,19.7,0.7731314
24,4001.8,0,0.2,0.0960432,301.1,19.7,0.7731314
26,4001.9,2,0.1,0.1040494,301.1,19.7,0.7731314
26,4002.1,0,0.2,0.1040546,301.1,19.7,0.7731314
21,4002.5,-5,0.4,0.0840525,301.1,19.7,0.7731314
23,4002.5,2,0,0.0920575,301.1,19.7,0.7731314
22,4002.7,-1,0.2,0.0880594,301.1,19.7,0.7731314
25,4002.7,3,0,0.1000675,301.1,19.7,0.7731314
21,4003.1,-4,0.4,0.0840651,301.1,19.7,0.7731314
22,4003.2,1,0.1,0.0880704,301.1,19.7,0.7731314
24,4003.2,2,0,0.0960768,301.1,19.7,0.7731314
30,4003.1,6,-0.1,0.120093,301.2,19.7,0.77305606
29,4003.3,-1,0.2,0.1160957,301.2,19.7,0.77305606
24,4003.7,-5,0.4,0.0960888,301.2,19.7,0.77305606
24,4003.8,0,0.1,0.0960912,301.2,19.7,0.77305606
25,4003.9,1,0.1,0.1000975,301.2,19.7,0.77305606
19,4004.3,-6,0.4,0.0760817,301.2,19.7,0.77305606
26,4004.1,7,-0.2,0.1041066,301.2,19.7,0.77305606
26,4004.3,0,0.2,0.1041118,301.2,19.7,0.77305606
22,4004.6,-4,0.3,0.0881012,301.2,19.7,0.77305606
27,4004.5,5,-0.1,0.1081215,301.2,19.7,0.77305606
26,4004.6,-1,0.1,0.1041196,301.2,19.7,0.77305606
23,4004.9,-3,0.3,0.0921127,301.2,19.7,0.77305606
27,4004.9,4,0,0.1081323,301.2,19.7,0.77305606
29,4004.9,2,0,0.1161421,301.2,19.7,0.77305606
24,4005.2,-5,0.3,0.0961248,301.3,19.7,0.77298071
25,4005.3,1,0.1,0.1001325,301.3,19.7,0.77298071
25,4005.4,0,0.1,0.100135,301.3,19.7,0.77298071
23,4005.6,-2,0.2,0.0921288,301.3,19.7,0.77298071
19,4005.9,-4,0.3,0.0761121,301.3,19.7,0.77298071
20,4006,1,0.1,0.08012,301.3,19.7,0.77298071
25,4005.9,5,-0.1,0.1001475,301.3,19.7,0.77298071
26,4005.9,1,0,0.1041534,301.3,19.7,0.77298071
31,4005.8,5,-0.1,0.1241798,301.3,19.7,0.77298071
24,4006.2,-7,0.4,0.0961488,301.3,19.7,0.77298071
25,4006.3,1,0.1,0.1001575,301.3,19.7,0.77298071
23,4006.5,-2,0.2,0.0921495,301.3,19.7,0.77298071
29,4006.3,6,-0.2,0.1161827,301.3,19.7,0.77298071
29,4006.4,0,0.1,0.1161856,301.3,19.7,0.77298071
27,4006.6,-2,0.2,0.1081782,301.4,19.7,0.77290536
28,4006.7,1,0.1,0.1121876,301.4,19.7,0.77290536
26,4006.9,-2,0.2,0.1041794,301.4,19.7,0.77290536
26,4006.9,0,0,0.1041794,301.4,19.7,0.77290536
22,4007.3,-4,0.4,0.0881606,301.4,19.7,0.77290536
25,4007.2,3,-0.1,0.10018,301.4,19.7,0.77290536
27,4007.2,2,0,0.1081944,301.4,19.7,0.77290536
28,4007.3,1,0.1,0.1122044,301.4,19.7,0.77290536
28,4007.3,0,0,0.1122044,301.4,19.7,0.77290536
31,4007.3,3,0,0.1242263,301.4,19.7,0.77290536
25,4007.6,-6,0.3,0.10019,301.4,19.7,0.77290536
34,4007.3,9,-0.3,0.1362482,301.4,19.7,0.77290536
25,4007.9,-9,0.6,0.1001975,301.4,19.7,0.77290536
27,4007.8,2,-0.1,0.1082106,301.4,19.7,0.77290536
25,4008,-2,0.2,0.1002,301.5,19.7,0.77283002
27,4008,2,0,0.108216,301.5,19.7,0.77283002
32,4007.8,5,-0.2,0.1282496,301.5,19.7,0.77283002
27,4008.1,-5,0.3,0.1082187,301.5,19.7,0.77283002
32,4008,5,-0.1,0.128256,301.5,19.7,0.77283002
27,4008.3,-5,0.3,0.1082241,301.5,19.7,0.77283002
28,4008.4,1,0.1,0.1122352,301.5,19.7,0.77283002
26,4008.5,-2,0.1,0.104221,301.5,19.7,0.77283002
34,4008.2,8,-0.3,0.1362788,301.5,19.7,0.77283002
27,4008.6,-7,0.4,0.1082322,301.5,19.7,0.77283002
27,4008.7,0,0.1,0.1082349,301.5,19.7,0.77283002
28,4008.7,1,0,0.1122436,301.5,19.7,0.77283002
29,4008.8,1,0.1,0.1162552,301.6,19.7,0.77275467
26,4008.9,-3,0.1,0.1042314,301.6,19.7,0.77275467
27,4009,1,0.1,0.108243,301.6,19.7,0.77275467
27,4009.1,0,0.1,0.1082457,301.6,19.7,0.77275467
28,4009.1,1,0,0.1122548,301.6,19.7,0.77275467
30,4009.1,2,0,0.120273,301.6,19.7,0.77275467
23,4009.5,-7,0.4,0.0922185,301.6,19.7,0.77275467
19,4009.7,-4,0.2,0.0761843,301.6,19.7,0.77275467
23,4009.7,4,0,0.0922231,301.6,19.7,0.77275467
30,4009.5,7,-0.2,0.120285,301.6,19.7,0.77275467
30,4009.5,0,0,0.120285,301.6,19.7,0.77275467
25,4009.8,-5,0.3,0.100245,301.6,19.7,0.77275467
27,4009.8,2,0,0.1082646,301.6,19.7,0.77275467
29,4009.7,2,-0.1,0.1162813,301.6,19.7,0.77275467
27,4009.9,-2,0.2,0.1082673,301.7,19.7,0.77267932
27,4009.9,0,0,0.1082673,301.7,19.7,0.77267932
33,4009.7,6,-0.2,0.1323201,301.7,19.7,0.77267932
24,4010.2,-9,0.5,0.0962448,301.7,19.7,0.77267932
27,4010.2,3,0,0.1082754,301.7,19.7,0.77267932
27,4010.2,0,0,0.1082754,301.7,19.7,0.77267932
33,4010,6,-0.2,0.13233,301.7,19.7,0.77267932
24,4010.5,-9,0.5,0.096252,301.7,19.7,0.77267932
31,4010.2,7,-0.3,0.1243162,301.7,19.7,0.77267932
28,4010.4,-3,0.2,0.1122912,301.7,19.7,0.77267932
28,4010.5,0,0.1,0.112294,301.7,19.7,0.77267932
28,4010.5,0,0,0.112294,301.7,19.7,0.77267932
26,4010.7,-2,0.2,0.1042782,301.7,19.7,0.77267932
25,4010.8,-1,0.1,0.10027,301.8,19.7,0.77260398
31,4010.6,6,-0.2,0.1243286,301.8,19.7,0.77260398
27,4010.9,-4,0.3,0.1082943,301.8,19.7,0.77260398
25,4011,-2,0.1,0.100275,301.8,19.7,0.77260398
28,4010.9,3,-0.1,0.1123052,301.8,19.7,0.77260398
26,4011,-2,0.1,0.104286,301.8,19.7,0.77260398
21,4011.4,-5,0.4,0.0842394,301.8,19.7,0.77260398
30,4011,9,-0.4,0.12033,301.8,19.7,0.77260398
23,4011.3,-7,0.3,0.0922599,301.8,19.7,0.77260398
26,4011.3,3,0,0.1042938,301.8,19.7,0.77260398
24,4011.5,-2,0.2,0.096276,301.8,19.7,0.77260398
27,4011.4,3,-0.1,0.1083078,301.8,19.7,0.77260398
30,4011.3,3,-0.1,0.120339,301.8,19.7,0.77260398
33,4011.2,3,-0.1,0.1323696,301.9,19.7,0.77252863
29,4011.4,-4,0.2,0.1163306,301.9,19.7,0.77252863
26,4011.6,-3,0.2,0.1043016,301.9,19.7,0.77252863
25,4011.7,-1,0.1,0.1002925,301.9,19.7,0.77252863
21,4012,-4,0.3,0.084252,301.9,19.7,0.77252863
31,4011.6,10,-0.4,0.1243596,301.9,19.6,0.77252863
29,4011.8,-2,0.2,0.1163422,301.9,19.6,0.77252863
26,4011.9,-3,0.1,0.1043094,301.9,19.6,0.77252863
25,4012,-1,0.1,0.1003,301.9,19.6,0.77252863
29,4011.9,4,-0.1,0.1163451,301.9,19.6,0.77252863
27,4012,-2,0.1,0.108324,301.9,19.6,0.77252863
23,4012.3,-4,0.3,0.0922829,301.9,19.6,0.77252863
29,4012.1,6,-0.2,0.1163509,301.9,19.6,0.77252863
32,4012,3,-0.1,0.128384,301.9,19.6,0.77252863
24,4012.4,-8,0.4,0.0962976,302,19.6,0.77245329
17,4012.7,-7,0.3,0.0682159,302,19.6,0.77245329
3,4013.5,-14,0.8,0.0120405,302,19.6,0.77245329
3,4013.6,0,0.1,0.0120408,302,19.6,0.77245329
9,4013.4,6,-0.2,0.0361206,302,19.6,0.77245329
5,4013.7,-4,0.3,0.0200685,302,19.6,0.77245329
870.9,3973.2,865.9,-40.5,3.4602599,302.2,19.6,0.77230259
1731.8,3930.8,860.9,-42.4,6.8073594,302.7,19.6,0.77192586
1738.9,3927,7.1,-3.8,6.8286603,303.1,19.6,0.77162447
-979.9,4051.9,-2718.8,124.9,-3.9704568,302.9,19.6,0.77177517
-987.9,4056.1,-8,4.2,-4.0070212,302.7,19.6,0.77192586
-986,4058.7,1.9,2.6,-4.0018782,302.4,19.6,0.7721519
-983,4060.7,3,2,-3.9916681,302.1,19.6,0.77237794
-989,4062.7,-6,2,-4.0180103,301.8,19.6,0.77260398
-983.1,4064,5.9,1.3,-3.9953184,301.6,19.6,0.77275467
-981,4065.3,2.1,1.3,-3.9880593,301.3,19.6,0.77298071
-988.9,4067,-7.9,1.7,-4.0218563,301,19.6,0.77320675
-984,4068.1,4.9,1.1,-4.0030104,300.7,19.6,0.77343279
-987,4069.3,-3,1.2,-4.0163991,300.5,19.6,0.77358348
-790.1,4061.2,196.9,-8.1,-3.2087541,300.2,19.6,0.77380952
-789.9,4061.9,0.2,0.7,-3.2084948,300,19.6,0.77396022
-787,4062.5,2.9,0.6,-3.1971875,299.8,19.6,0.77411091
-793,4063.4,-6,0.9,-3.2222762,299.6,19.6,0.7742616
-794,4064.2,-1,0.8,-3.2269748,299.4,19.6,0.7744123
-794.9,4065,-0.9,0.8,-3.2312685,299.1,19.6,0.77463834
-791,4065.4,3.9,0.4,-3.2157314,298.9,19.6,0.77478903
-788,4065.9,3,0.5,-3.2039292,298.7,19.6,0.77493972
-787,4066.5,1,0.6,-3.2003355,298.5,19.6,0.77509042
-56,4032.9,731,-33.6,-0.2258424,298.4,19.6,0.77516576
-54,4031.9,2,-1,-0.2177226,298.4,19.6,0.77516576
-60,4031.4,-6,-0.5,-0.241884,298.4,19.6,0.77516576
-54,4030.7,6,-0.7,-0.2176578,298.4,19.6,0.77516576
-94,4032.2,-40,1.5,-0.3790268,298.4,19.6,0.77516576
-126.2,4033.5,-32.2,1.3,-0.5090277,298.3,19.6,0.77524111
-128,4033.4,-1.8,-0.1,-0.5162752,298.3,19.6,0.77524111
-128,4033.4,0,0,-0.5162752,298.3,19.6,0.77524111
-124.1,4033.1,3.9,-0.3,-0.50050771,298.2,19.6,0.77531646
2827.9,3894.7,2952,-138.4,11.013822,298.9,19.6,0.77478903
2824,3887.9,-3.9,-6.8,10.97943,299.7,19.6,0.77418626
2828,3882.4,4,-5.5,10.979427,300.5,19.6,0.77358348
2830,3877.8,2,-4.6,10.974174,301.3,19.6,0.77298071
2829,3873.7,-1,-4.1,10.958697,302.1,19.6,0.77237794
2826,3870.2,-3,-3.5,10.937185,302.9,19.6,0.77177517
2826,3866.7,0,-3.5,10.927294,303.7,19.6,0.77117239
2834.1,3863.2,8.1,-3.5,10.948695,304.4,19.6,0.77064497
-9,3992.9,-2843.1,129.7,-0.0359361,304.5,19.6,0.77056962
-10,3996.4,-1,3.5,-0.039964,304.5,19.6,0.77056962
-17,3998.8,-7,2.4,-0.0679796,304.5,19.6,0.77056962
-9,4000,8,1.2,-0.036,304.5,19.6,0.77056962
2812.8,3869.2,2821.8,-130.8,10.883286,305.2,19.6,0.77004219
2811,3863.7,-1.8,-5.5,10.860861,306,19.6,0.76943942
2807.1,3860,-3.9,-3.7,10.835406,306.8,19.6,0.76883665
2805,3856.7,-2.1,-3.3,10.818043,307.5,19.6,0.76830922
2809,3853.5,4,-3.2,10.824482,308.3,19.6,0.76770645
2811,3850.6,2,-2.9,10.824037,309.1,19.6,0.76710368
2812,3847.9,1,-2.7,10.820295,309.9,19.6,0.7665009
2808,3845.6,-4,-2.3,10.798445,310.7,19.6,0.76589813
2138,3874.3,-670,28.7,8.2832534,311.3,19.6,0.76544605
2148.8,3872.9,10.8,-1.4,8.3220875,311.9,19.6,0.76499397
2136.9,3872.4,-11.9,-0.5,8.2749316,312.5,19.6,0.76454189
2141.9,3870.9,5,-1.5,8.2910807,313,19.6,0.76416516
2139.9,3869.8,-2,-1.1,8.280985,313.6,19.6,0.76371308
2139.9,3868.5,0,-1.3,8.2782031,314.2,19.6,0.763261
2139.9,3867.4,0,-1.1,8.2758493,314.8,19.6,0.76280892
895.2,3924.3,-1244.7,56.9,3.5130334,315.1,19.6,0.76258288
895,3925.8,-0.2,1.5,3.513591,315.3,19.6,0.76243219
897,3926.7,2,0.9,3.5222499,315.6,19.6,0.76220615
898.1,3927.3,1.1,0.6,3.5271081,315.8,19.6,0.76205546
894.1,3927.9,-4,0.6,3.5119354,316.1,19.7,0.76182942
897,3928.2,2.9,0.3,3.5235954,316.3,19.7,0.76167872
897,3928.4,0,0.2,3.5237748,316.6,19.7,0.76145268
898,3928.5,1,0.1,3.527793,316.8,19.7,0.76130199
532.1,3945.9,-365.9,17.4,2.0996134,317,19.7,0.7611513
528.1,3947,-4,1.1,2.0844107,317.1,19.7,0.76107595
533,3947.5,4.9,0.5,2.1040175,317.3,19.7,0.76092526
531.1,3948.2,-1.9,0.7,2.096889,317.4,19.7,0.76084991
788,3936.8,256.9,-11.4,3.1021984,317.6,19.7,0.76069922
779.9,3937,-8.1,0.2,3.0704663,317.8,19.7,0.76054852
777.2,3937.2,-2.7,0.2,3.0599918,318.1,19.7,0.76032248
784,3936.8,6.8,-0.4,3.0864512,318.3,19.7,0.76017179
782.1,3937,-1.9,0.2,3.0791277,318.5,19.7,0.7600211
783.1,3936.9,1,-0.1,3.0829864,318.7,19.7,0.7598704
781.1,3937.1,-2,0.2,3.0752688,318.9,19.7,0.75971971
783,3937,1.9,-0.1,3.082671,319.2,19.7,0.75949367
785,3936.9,2,-0.1,3.0904665,319.4,19.7,0.75934298
785,3936.9,0,0,3.0904665,319.6,19.7,0.75919228
208.2,3963.9,-576.8,27,0.82528398,319.6,19.7,0.75919228
203.1,3965.4,-5.1,1.5,0.80537274,319.7,19.7,0.75911694
204,3966.4,0.9,1,0.8091456,319.8,19.7,0.75904159
210,3967,6,0.6,0.83307,319.8,19.7,0.75904159
206,3968,-4,1,0.817408,319.9,19.7,0.75896624
204,3968.7,-2,0.7,0.8096148,319.9,19.7,0.75896624
203,3969.5,-1,0.8,0.8058085,320,19.7,0.7588909
213.9,3969.5,10.9,0,0.84907605,320,19.7,0.7588909
1345.9,3917.1,1132,-52.4,5.2720249,320.4,19.7,0.75858951
2480.8,3862,1134.9,-55.1,9.5808496,321.1,19.7,0.75806209
2476.9,3858.2,-3.9,-3.8,9.5563756,321.8,19.7,0.75753466
2479.9,3854.8,3,-3.4,9.5595185,322.5,19.7,0.75700723
2481,3852.1,1.1,-2.7,9.5570601,323.2,19.7,0.75647981
2477,3849.9,-4,-2.2,9.5362023,323.9,19.7,0.75595238
2473,3847.9,-4,-2,9.5158567,324.6,19.7,0.75542495
2470,3846,-3,-1.9,9.49962,325.2,19.7,0.75497288
2475,3843.9,5,-2.1,9.5136525,325.9,19.7,0.75444545
2474,3842.2,-1,-1.7,9.5056028,326.6,19.7,0.75391802
-957.9,4001.6,-3431.9,159.4,-3.8331326,326.5,19.7,0.75399337
-949.9,4007.3,8,5.7,-3.8065343,326.2,19.7,0.75421941
-955,4011.8,-5.1,4.5,-3.831269,325.9,19.7,0.75444545
-955,4015.3,0,3.5,-3.8346115,325.7,19.7,0.75459614
-954.1,4018.3,0.9,3,-3.83386,325.4,19.7,0.75482218
-952.9,4020.9,1.2,2.6,-3.8315156,325.1,19.7,0.75504822
-955,4023.5,-2.1,2.6,-3.8424425,324.9,19.7,0.75519892
-950,4025.6,5,2.1,-3.82432,324.6,19.7,0.75542495
-51,3985.8,899,-39.8,-0.2032758,324.6,19.7,0.75542495
850.1,3943.3,901.1,-42.5,3.3521993,324.8,19.7,0.75527426
847,3941.7,-3.1,-1.6,3.3386199,325,19.7,0.75512357
851.1,3940.3,4.1,-1.4,3.3535893,325.2,19.7,0.75497288
852,3939.4,0.9,-0.9,3.3563688,325.5,19.7,0.75474684
449.1,3957.5,-402.9,18.1,1.7773132,325.6,19.7,0.75467149
447.1,3957.9,-2,0.4,1.7695771,325.7,19.7,0.75459614
445.9,3958.1,-1.2,0.2,1.7649168,325.9,19.7,0.75444545
446,3958.3,0.1,0.2,1.7654018,326,19.7,0.7543701
443.1,3958.6,-2.9,0.3,1.7540557,326.1,19.7,0.75429476
447,3958.5,3.9,-0.1,1.7694495,326.2,19.7,0.75421941
453.9,3958.3,6.9,-0.2,1.7966724,326.3,19.7,0.75414406
451.1,3958.5,-2.8,0.2,1.7856793,326.5,19.7,0.75399337
1307.8,3918.6,856.7,-39.9,5.1247451,326.8,19.7,0.75376733
1302.9,3917,-4.9,-1.6,5.1034593,327.2,19.7,0.75346594
1306.1,3915.3,3.2,-1.7,5.1137733,327.6,19.7,0.75316456
1303,3914.2,-3.1,-1.1,5.1002026,327.9,19.7,0.75293852
1311,3912.8,8,-1.4,5.1296808,328.3,19.7,0.75263713
1307,3911.9,-4,-0.9,5.1128533,328.6,19.7,0.75241109
1308,3911,1,-0.9,5.115588,329,19.7,0.7521097
-598.8,3999.8,-1906.8,88.8,-2.3950802,328.9,19.7,0.75218505
-591,4003.1,7.8,3.3,-2.3658321,328.7,19.7,0.75233574
-594,4005.7,-3,2.6,-2.3793858,328.6,19.7,0.75241109
-600,4008.3,-6,2.6,-2.40498,328.4,19.7,0.75256178
-600.9,4010.2,-0.9,1.9,-2.4097292,328.2,19.7,0.75271248
-596,4011.7,4.9,1.5,-2.3909732,328.1,19.7,0.75278782
-597.9,4013.4,-1.9,1.7,-2.3996119,327.9,19.7,0.75293852
-23,3987.9,574.9,-25.5,-0.0917217,327.9,19.7,0.75293852
-21,3987.9,2,0,-0.0837459,327.9,19.7,0.75293852
-25,3988.4,-4,0.5,-0.09971,327.9,19.7,0.75293852
-768.9,4023.4,-743.9,35,-3.0935923,327.7,19.7,0.75308921
-764,4025.3,4.9,1.9,-3.0753292,327.5,19.7,0.7532399
-765.9,4027,-1.9,1.7,-3.0842793,327.2,19.7,0.75346594
-764,4028.5,1.9,1.5,-3.077774,327,19.7,0.75361664
-764,4029.8,0,1.3,-3.0787672,326.8,19.7,0.75376733
1917.8,3905.7,2681.8,-124.1,7.4903515,327.3,19.7,0.7533906
1920.9,3900.6,3.1,-5.1,7.4926625,327.8,19.7,0.75301386
1916,3897.3,-4.9,-3.3,7.4672268,328.3,19.7,0.75263713
1920.9,3894.1,4.9,-3.2,7.4801767,328.9,19.7,0.75218505
1920.9,3891.6,0,-2.5,7.4753744,329.4,19.7,0.75180832
1919.9,3889.3,-1,-2.3,7.4670671,329.9,19.7,0.75143159
1918,3887.3,-1.9,-2,7.4558414,330.5,19.7,0.75097951
1920.8,3885.2,2.8,-2.1,7.4626922,331,19.7,0.75060277
2397.8,3861.1,477,-24.1,9.2581456,331.7,19.7,0.75007535
2884,3835.8,486.2,-25.3,11.062447,332.5,19.7,0.74947257
2884,3832.3,0,-3.5,11.052353,333.3,19.7,0.7488698
2508.1,3846.8,-375.9,14.5,9.6481591,334,19.7,0.74834237
2141.9,3861.9,-366.2,15.1,8.2718036,334.6,19.7,0.7478903
2133.9,3861.1,-8,-0.8,8.2392013,335.2,19.7,0.74743822
2135.9,3859.8,2,-1.3,8.2441468,335.8,19.7,0.74698614
2140.9,3858.3,5,-1.5,8.2602345,336.3,19.7,0.7466094
2138.9,3857.1,-2,-1.2,8.2499512,336.9,19.7,0.74615732
2134,3856,-4.9,-1.1,8.228704,337.5,19.7,0.74570524
1496.1,3884.6,-637.9,28.6,5.8117501,337.9,19.7,0.74540386
1499,3884.7,2.9,0.1,5.8231653,338.4,19.7,0.74502712
1496.9,3884.7,-2.1,0,5.8150074,338.8,19.7,0.74472574
1498.9,3884.4,2,-0.3,5.8223272,339.2,19.7,0.74442435
1495,3884.2,-3.9,-0.2,5.806879,339.6,19.7,0.74412297
431.1,3933.7,-1063.9,49.5,1.6958181,339.7,19.7,0.74404762
-632.9,3986.1,-1064,52.4,-2.5228027,339.6,19.7,0.74412297
-632,3990,0.9,3.9,-2.52168,339.5,19.7,0.74419831
-629.9,3992.9,2.1,2.9,-2.5151277,339.3,19.7,0.74434901
-643.9,3996.3,-14,3.4,-2.5732176,339.1,19.7,0.7444997
-630,3998,13.9,1.7,-2.51874,338.9,19.7,0.74465039
-635,4000.3,-5,2.3,-2.5401905,338.7,19.7,0.74480108
1187,3916.8,1822,-83.5,4.6492416,339,19.7,0.74457505
1179.1,3914.7,-7.9,-2.1,4.6158228,339.4,19.7,0.74427366
1182,3913.1,2.9,-1.6,4.6252842,339.7,19.7,0.74404762
1184,3911.8,2,-1.3,4.6315712,340,19.7,0.74382158
1176,3911.2,-8,-0.6,4.5995712,340.3,19.7,0.74359554
1179,3910.1,3,-1.1,4.6100079,340.7,19.7,0.74329415
10,3964.1,-1169,54,0.039641,340.7,19.7,0.74329415
-1159.9,4021.2,-1169.9,57.1,-4.6641899,340.4,19.7,0.74352019
-1158,4025.4,1.9,4.2,-4.6614132,340.1,19.7,0.74374623
-1155,4028.4,3,3,-4.652802,339.8,19.7,0.74397227
-1160.9,4031.6,-5.9,3.2,-4.6802844,339.4,19.7,0.74427366
-1163,4034.2,-2.1,2.6,-4.6917746,339.1,19.7,0.7444997
-1160.9,4036.4,2.1,2.2,-4.6858568,338.8,19.7,0.74472574
-1157.1,4038.3,3.8,1.9,-4.6727169,338.5,19.7,0.74495178
1215,3929.5,2372.1,-108.8,4.7743425,338.8,19.7,0.74472574
1216,3926,1,-3.5,4.774016,339.1,19.7,0.7444997
1214,3923.7,-2,-2.3,4.7633718,339.4,19.7,0.74427366
1218,3921.7,4,-2,4.7766306,339.8,19.7,0.74397227
1219,3920.1,1,-1.6,4.7786019,340.1,19.7,0.74374623
1214.1,3919,-4.9,-1.1,4.7580579,340.4,19.7,0.74352019
1212,3917.8,-2.1,-1.2,4.7483736,340.8,19.7,0.74321881
1212,3916.7,0,-1.1,4.7470404,341.1,19.7,0.74299277
1217,3915.5,5,-1.2,4.7651635,341.5,19.7,0.74269138
770,3935.4,-447,19.9,3.030258,341.7,19.7,0.74254069
770,3935.5,0,0.1,3.030335,341.9,19.7,0.74238999
764,3935.7,-6,0.2,3.0068748,342.1,19.7,0.7422393
770,3935.4,6,-0.3,3.030258,342.3,19.7,0.74208861
766.1,3935.4,-3.9,0,3.0149099,342.5,19.7,0.74193791
767.1,3935.1,1,-0.3,3.0186152,342.7,19.7,0.74178722
-11,3971.9,-778.1,36.8,-0.0436909,342.8,19.7,0.74171187
-7,3973.5,4,1.6,-0.0278145,342.8,19.7,0.74171187
-15,3975,-8,1.5,-0.059625,342.8,19.7,0.74171187
-19,3976.3,-4,1.3,-0.0755497,342.8,19.7,0.74171187
-11,3976.9,8,0.6,-0.0437459,342.7,19.7,0.74178722
-7,3977.5,4,0.6,-0.0278425,342.7,19.7,0.74178722
-15,3978.6,-8,1.1,-0.059679,342.7,19.7,0.74178722
-15,3979.3,0,0.7,-0.0596895,342.7,19.7,0.74178722
-8,3979.7,7,0.4,-0.0318376,342.7,19.7,0.74178722
-59,3982.7,-51,3,-0.2349793,342.7,19.7,0.74178722
-108.9,3985.7,-49.9,3,-0.43404273,342.7,19.7,0.74178722
-108.1,3986.5,0.8,0.8,-0.43094065,342.7,19.7,0.74178722
-109,3987.3,-0.9,0.8,-0.4346157,342.6,19.7,0.74186257
-104,3987.7,5,0.4,-0.4147208,342.6,19.7,0.74186257
-110,3988.6,-6,0.9,-0.438746,342.6,19.7,0.74186257
-111,3989.2,-1,0.6,-0.4428012,342.5,19.7,0.74193791
-104,3989.5,7,0.3,-0.414908,342.5,19.7,0.74193791
-108,3990.2,-4,0.7,-0.4309416,342.5,19.7,0.74193791
-110,3990.9,-2,0.7,-0.438999,342.5,19.7,0.74193791
1959.8,3894.4,2069.8,-96.5,7.6322451,342.9,19.7,0.74163653
1961,3890,1.2,-4.4,7.62829,343.5,19.7,0.74118445
1963.9,3886.5,2.9,-3.5,7.6326974,344,19.7,0.74080772
1963,3883.9,-0.9,-2.6,7.6240957,344.6,19.7,0.74035564
1963.9,3881.3,0.9,-2.6,7.6224851,345.1,19.7,0.7399789
1958.9,3879.4,-5,-1.9,7.5993567,345.7,19.7,0.73952682
1715,3888.8,-243.9,9.4,6.669292,346.1,19.7,0.73922544
1717,3887.4,2,-1.4,6.6746658,346.6,19.7,0.7388487
1716,3886.1,-1,-1.3,6.6685476,347.1,19.7,0.73847197
1722.9,3884.5,6.9,-1.6,6.6926051,347.6,19.7,0.73809524
1716.9,3883.6,-6,-0.9,6.6677528,348,19.7,0.73779385
1715.9,3882.4,-1,-1.2,6.6618102,348.5,19.7,0.73741712
1721,3881,5.1,-1.4,6.679201,349,19.7,0.73704039
-230.9,3971.8,-1951.9,90.8,-0.91708862,349,19.7,0.73704039
-229.9,3975.2,1,3.4,-0.91389848,348.9,19.7,0.73711573
-223.9,3977.2,6,2,-0.89049508,348.9,19.7,0.73711573
261.9,3955.9,485.8,-21.3,1.0360502,348.9,19.7,0.73711573
761.9,3933,500,-22.9,2.9965527,349.1,19.7,0.73696504
767,3932.2,5.1,-0.8,3.0159974,349.4,19.7,0.736739
769.1,3931.8,2.1,-0.4,3.0239474,349.6,19.7,0.73658831
762,3931.8,-7.1,0,2.9960316,349.8,19.7,0.73643761
1426.9,3900.5,664.9,-31.3,5.5656235,350.2,19.7,0.73613623
1424,3899,-2.9,-1.5,5.552176,350.6,19.7,0.73583484
1423.1,3897.7,-0.9,-1.3,5.5468169,351,19.7,0.73553345
1426,3896.4,2.9,-1.3,5.5562664,351.4,19.7,0.73523207
1421,3895.6,-5,-0.8,5.5356476,351.8,19.7,0.73493068
1424,3894.6,3,-1,5.5459104,352.2,19.7,0.73462929
1428,3893.5,4,-1.1,5.559918,352.6,19.7,0.73432791
1417.9,3893.1,-10.1,-0.4,5.5200265,352.9,19.7,0.73410187
1420.9,3892.3,3,-0.8,5.5305691,353.3,19.7,0.73380048
1427.9,3891.2,7,-1.1,5.5562445,353.7,19.7,0.7334991
1403,3891.6,-24.9,0.4,5.4599148,354.1,19.7,0.73319771
1398,3891.3,-5,-0.3,5.4400374,354.5,19.7,0.73289632
1397,3890.7,-1,-0.6,5.4353079,354.9,19.7,0.73259494
1144,3901.9,-253,11.2,4.4637736,355.2,19.7,0.7323689
896.1,3913.6,-247.9,11.7,3.506977,355.5,19.7,0.73214286
893.1,3914.1,-3,0.5,3.4956827,355.7,19.7,0.73199216
1153,3902.3,259.9,-11.8,4.4993519,356,19.7,0.73176612
1422.9,3889.2,269.9,-13.1,5.5339427,356.4,19.7,0.73146474
1418.9,3888.4,-4,-0.8,5.5172508,356.8,19.7,0.73116335
1420,3887.6,1.1,-0.8,5.520392,357.2,19.7,0.73086197
1419,3886.9,-1,-0.7,5.5155111,357.6,19.7,0.73056058
727.2,3918.7,-691.8,31.8,2.8496786,357.8,19.7,0.73040989
39,3952,-688.2,33.3,0.154128,357.8,19.7,0.73040989
38,3954.2,-1,2.2,0.1502596,357.8,19.7,0.73040989
37,3956.1,-1,1.9,0.1463757,357.9,19.7,0.73033454
34,3957.6,-3,1.5,0.1345584,357.9,19.7,0.73033454
37,3958.8,3,1.2,0.1464756,357.9,19.7,0.73033454
38,3959.9,1,1.1,0.1504762,357.9,19.7,0.73033454
37,3960.9,-1,1,0.1465533,357.9,19.7,0.73033454
35,3962.1,-2,1.2,0.1386735,357.9,19.7,0.73033454
38,3962.8,3,0.7,0.1505864,357.9,19.7,0.73033454
33,3964,-5,1.2,0.130812,357.9,19.7,0.73033454
44,3964.3,11,0.3,0.1744292,357.9,19.7,0.73033454
34,3965.5,-10,1.2,0.134827,357.9,19.7,0.73033454
36,3966.1,2,0.6,0.1427796,358,19.7,0.73025919
34,3966.9,-2,0.8,0.1348746,358,19.7,0.73025919
36,3967.5,2,0.6,0.14283,358,19.7,0.73025919
33,3968.3,-3,0.8,0.1309539,358,19.7,0.73025919
34,3968.9,1,0.6,0.1349426,358,19.7,0.73025919
37,3969.4,3,0.5,0.1468678,358,19.7,0.73025919
40,3969.8,3,0.4,0.158792,358,19.7,0.73025919
43,3970.2,3,0.4,0.1707186,358,19.7,0.73025919
33,3971.2,-10,1,0.1310496,358,19.7,0.73025919
37,3971.6,4,0.4,0.1469492,358.1,19.7,0.73018385
46,3971.7,9,0.1,0.1826982,358.1,19.7,0.73018385
38,3972.5,-8,0.8,0.150955,358.1,19.7,0.73018385
36,3973.1,-2,0.6,0.1430316,358.1,19.7,0.73018385
40,3973.3,4,0.2,0.158932,358.1,19.7,0.73018385
38,3973.9,-2,0.6,0.1510082,358.1,19.7,0.73018385
39,3974.3,1,0.4,0.1549977,358.1,19.7,0.73018385
35,3974.9,-4,0.6,0.1391215,358.1,19.7,0.73018385
42,3975,7,0.1,0.16695,358.1,19.7,0.73018385
37,3975.6,-5,0.6,0.1470972,358.1,19.7,0.73018385
35,3976.1,-2,0.5,0.1391635,358.2,19.7,0.7301085
36,3976.5,1,0.4,0.143154,358.2,19.7,0.7301085
37,3976.8,1,0.3,0.1471416,358.2,19.7,0.7301085
36,3977.2,-1,0.4,0.1431792,358.2,19.7,0.7301085
34,3977.6,-2,0.4,0.1352384,358.2,19.7,0.7301085
37,3977.8,3,0.2,0.1471786,358.2,19.7,0.7301085
33,3978.4,-4,0.6,0.1312872,358.2,19.7,0.7301085
34,3978.7,1,0.3,0.1352758,358.2,19.7,0.7301085
31,3979.1,-3,0.4,0.1233521,358.2,19.7,0.7301085
40,3979.1,9,0,0.159164,358.2,19.7,0.7301085
37,3979.5,-3,0.4,0.1472415,358.3,19.7,0.73003315
38,3979.7,1,0.2,0.1512286,358.3,19.7,0.73003315
40,3980,2,0.3,0.1592,358.3,19.7,0.73003315
39,3980.3,-1,0.3,0.1552317,358.3,19.7,0.73003315
32,3980.9,-7,0.6,0.1273888,358.3,19.7,0.73003315
39,3980.8,7,-0.1,0.1552512,358.3,19.7,0.73003315
37,3981.2,-2,0.4,0.1473044,358.3,19.7,0.73003315
38,3981.4,1,0.2,0.1512932,358.3,19.7,0.73003315
35,3981.8,-3,0.4,0.139363,358.3,19.7,0.73003315
36,3982.1,1,0.3,0.1433556,358.3,19.7,0.73003315
31,3982.5,-5,0.4,0.1234575,358.4,19.7,0.72995781
35,3982.6,4,0.1,0.139391,358.4,19.7,0.72995781
35,3982.9,0,0.3,0.1394015,358.4,19.7,0.72995781
31,3983.3,-4,0.4,0.1234823,358.4,19.7,0.72995781
43,3982.9,12,-0.4,0.1712647,358.4,19.7,0.72995781
37,3983.5,-6,0.6,0.1473895,358.4,19.7,0.72995781
39,3983.5,2,0,0.1553565,358.4,19.7,0.72995781
35,3983.9,-4,0.4,0.1394365,358.4,19.7,0.72995781
38,3984,3,0.1,0.151392,358.4,19.7,0.72995781
36,3984.3,-2,0.3,0.1434348,358.4,19.7,0.72995781
34,3984.6,-2,0.3,0.1354764,358.5,19.7,0.72988246
33,3984.9,-1,0.3,0.1315017,358.5,19.7,0.72988246
41,3984.7,8,-0.2,0.1633727,358.5,19.7,0.72988246
34,3985.2,-7,0.5,0.1354968,358.5,19.7,0.72988246
34,3985.4,0,0.2,0.1355036,358.5,19.7,0.72988246
34,3985.6,0,0.2,0.1355104,358.5,19.7,0.72988246
37,3985.7,3,0.1,0.1474709,358.5,19.7,0.72988246
36,3985.9,-1,0.2,0.1434924,358.5,19.7,0.72988246
35,3986.1,-1,0.2,0.1395135,358.5,19.7,0.72988246
35,3986.3,0,0.2,0.1395205,358.5,19.7,0.72988246
39,3986.2,4,-0.1,0.1554618,358.6,19.7,0.72980711
39,3986.5,0,0.3,0.1554735,358.6,19.7,0.72980711
35,3986.8,-4,0.3,0.139538,358.6,19.7,0.72980711
36,3986.9,1,0.1,0.1435284,358.6,19.7,0.72980711
38,3987,2,0.1,0.151506,358.6,19.7,0.72980711
38,3987.1,0,0.1,0.1515098,358.6,19.7,0.72980711
34,3987.5,-4,0.4,0.135575,358.6,19.7,0.72980711
39,3987.3,5,-0.2,0.1555047,358.6,19.7,0.72980711
39,3987.6,0,0.3,0.1555164,358.6,19.7,0.72980711
36,3987.8,-3,0.2,0.1435608,358.7,19.7,0.72973177
39,3987.8,3,0,0.1555242,358.7,19.7,0.72973177
36,3988.1,-3,0.3,0.1435716,358.7,19.7,0.72973177
39,3988.1,3,0,0.1555359,358.7,19.7,0.72973177
39,3988.3,0,0.2,0.1555437,358.7,19.7,0.72973177
34,3988.6,-5,0.3,0.1356124,358.7,19.7,0.72973177
38,3988.6,4,0,0.1515668,358.7,19.7,0.72973177
42,3988.5,4,-0.1,0.167517,358.7,19.7,0.72973177
37,3988.8,-5,0.3,0.1475856,358.7,19.7,0.72973177
37,3989,0,0.2,0.147593,358.7,19.7,0.72973177
37,3989.1,0,0.1,0.1475967,358.8,19.7,0.72965642
33,3989.4,-4,0.3,0.1316502,358.8,19.7,0.72965642
38,3989.3,5,-0.1,0.1515934,358.8,19.7,0.72965642
36,3989.6,-2,0.3,0.1436256,358.8,19.7,0.72965642
36,3989.7,0,0.1,0.1436292,358.8,19.7,0.72965642
36,3989.8,0,0.1,0.1436328,358.8,19.7,0.72965642
37,3989.9,1,0.1,0.1476263,358.8,19.7,0.72965642
31,3990.3,-6,0.4,0.1236993,358.8,19.7,0.72965642
42,3989.9,11,-0.4,0.1675758,358.8,19.7,0.72965642
32,3990.4,-10,0.5,0.1276928,358.8,19.7,0.72965642
39,3990.3,7,-0.1,0.1556217,358.9,19.7,0.72958107
41,3990.2,2,-0.1,0.1635982,358.9,19.7,0.72958107
38,3990.5,-3,0.3,0.151639,358.9,19.7,0.72958107
35,3990.7,-3,0.2,0.1396745,358.9,19.7,0.72958107
41,3990.6,6,-0.1,0.1636146,358.9,19.7,0.72958107
40,3990.7,-1,0.1,0.159628,358.9,19.7,0.72958107
39,3990.8,-1,0.1,0.1556412,358.9,19.7,0.72958107
40,3990.9,1,0.1,0.159636,358.9,19.7,0.72958107
41,3990.9,1,0,0.1636269,358.9,19.7,0.72958107
33,3991.4,-8,0.5,0.1317162,359,19.7,0.72950573
41,3991.1,8,-0.3,0.1636351,359,19.7,0.72950573
39,3991.3,-2,0.2,0.1556607,359,19.7,0.72950573
36,3991.6,-3,0.3,0.1436976,359,19.7,0.72950573
37,3991.6,1,0,0.1476892,359,19.7,0.72950573
38,3991.7,1,0.1,0.1516846,359,19.7,0.72950573
31,3992.1,-7,0.4,0.1237551,359,19.7,0.72950573
37,3991.9,6,-0.2,0.1477003,359,19.7,0.72950573
34,3992.1,-3,0.2,0.1357314,359,19.7,0.72950573
35,3992.2,1,0.1,0.139727,359,19.7,0.72950573
36,3992.2,1,0,0.1437192,359.1,19.7,0.72943038
34,3992.4,-2,0.2,0.1357416,359.1,19.7,0.72943038
39,3992.3,5,-0.1,0.1556997,359.1,19.7,0.72943038
36,3992.4,-3,0.1,0.1437264,359.1,19.7,0.72943038
40,3992.4,4,0,0.159696,359.1,19.7,0.72943038
31,3992.9,-9,0.5,0.1237799,359.1,19.7,0.72943038
38,3992.6,7,-0.3,0.1517188,359.1,19.7,0.72943038
39,3992.7,1,0.1,0.1557153,359.1,19.7,0.72943038
36,3992.9,-3,0.2,0.1437444,359.1,19.7,0.72943038
33,3993.1,-3,0.2,0.1317723,359.1,19.7,0.72943038
34,3993.1,1,0,0.1357654,359.2,19.7,0.72935503
1178.9,3939.5,1144.9,-53.6,4.6442765,359.4,19.7,0.72920434
2314.9,3883.8,1136,-55.7,8.9906086,360.1,19.7,0.72867691
2315.9,3879.1,1,-4.7,8.9836077,360.7,19.7,0.72822483
2316.9,3875.3,1,-3.8,8.9786826,361.4,19.7,0.72769741
2313.9,3872.3,-3,-3,8.960115,362,19.7,0.72724533
2313.9,3869.3,0,-3,8.9531733,362.7,19.7,0.7267179
2308.9,3866.9,-5,-2.4,8.9282854,363.3,19.7,0.72626582
-337,3988.7,-2645.9,121.8,-1.3441919,363.3,19.7,0.72626582
-338.9,3992.7,-1.9,4,-1.353126,363.2,19.7,0.72634117
-332.9,3994.7,6,2,-1.3298356,363.1,19.7,0.72641652
-331.9,3996.6,1,1.9,-1.3264715,363,19.7,0.72649186
-334,3998.2,-2.1,1.6,-1.3353988,362.9,19.7,0.72656721
-222,3994.3,112,-3.9,-0.8867346,362.8,19.7,0.72664256
-114.1,3990.2,107.9,-4.1,-0.45528182,362.8,19.7,0.72664256
-110,3990.6,4.1,0.4,-0.438966,362.8,19.7,0.72664256
-111,3991.3,-1,0.7,-0.4430343,362.7,19.7,0.7267179
2658.9,3861.7,2769.9,-129.6,10.267874,363.4,19.7,0.72619048
2663,3855.5,4.1,-6.2,10.267196,364.1,19.7,0.72566305
2653.1,3851.6,-9.9,-3.9,10.21868,364.9,19.7,0.72506028
2659.9,3847.6,6.8,-4,10.234231,365.6,19.7,0.72453285
2661,3844.3,1.1,-3.3,10.229682,366.3,19.7,0.72400542
2660,3841.4,-1,-2.9,10.218124,367.1,19.7,0.72340265
2661,3838.6,1,-2.8,10.214515,367.8,19.7,0.72287523
2663,3836,2,-2.6,10.215268,368.6,19.7,0.72227245
808.2,3920.4,-1854.8,84.4,3.1684673,368.8,19.7,0.72212176
805,3922.4,-3.2,2,3.157532,369,19.7,0.72197107
805,3923.3,0,0.9,3.1582565,369.2,19.7,0.72182037
809.1,3923.7,4.1,0.4,3.1746657,369.5,19.7,0.72159433
802.1,3924.4,-7,0.7,3.1477612,369.7,19.7,0.72144364
807,3924.5,4.9,0.1,3.1670715,369.9,19.7,0.72129295
809,3924.6,2,0.1,3.1750014,370.1,19.7,0.72114225
807.1,3924.7,-1.9,0.1,3.1676254,370.3,19.7,0.72099156
2418.9,3849.2,1611.8,-75.5,9.3108299,371,19.7,0.72046414
2424.9,3845.3,6,-3.9,9.324468,371.7,19.7,0.71993671
2421,3842.7,-3.9,-2.6,9.3031767,372.4,19.7,0.71940928
2416.9,3840.5,-4.1,-2.2,9.2821045,373,19.7,0.7189572
2416.9,3838.4,0,-2.1,9.277029,373.7,19.7,0.71842978
2417.9,3836.5,1,-1.9,9.2762734,374.4,19.7,0.71790235
1381.2,3883.2,-1036.7,46.7,5.3634758,374.8,19.7,0.71760096
327.1,3933.3,-1054.1,50.1,1.2865824,374.9,19.7,0.71752562
330,3935.6,2.9,2.3,1.298748,374.9,19.7,0.71752562
326,3937.6,-4,2,1.2836576,375,19.7,0.71745027
333,3938.6,7,1,1.3115538,375.1,19.7,0.71737492
331.1,3939.9,-1.9,1.3,1.3045009,375.2,19.7,0.71729958
334,3940.8,2.9,0.9,1.3162272,375.3,19.7,0.71722423
326.1,3942,-7.9,1.2,1.2854862,375.4,19.7,0.71714888
326.1,3942.8,0,0.8,1.2857471,375.5,19.7,0.71707354
333.9,3943.2,7.8,0.4,1.3166345,375.6,19.7,0.71699819
856,3919.3,522.1,-23.9,3.3549208,375.8,19.7,0.7168475
1389.9,3893.6,533.9,-25.7,5.4117146,376.2,19.7,0.71654611
1384,3892.3,-5.9,-1.3,5.3869432,376.6,19.7,0.71624473
1389.9,3890.7,5.9,-1.6,5.4076839,377,19.7,0.71594334
1383,3890,-6.9,-0.7,5.37987,377.4,19.7,0.71564195
1388,3888.8,5,-1.2,5.3976544,377.8,19.7,0.71534057
1383.1,3888.2,-4.9,-0.6,5.3777694,378.1,19.7,0.71511453
1386,3887.4,2.9,-0.8,5.3879364,378.5,19.7,0.71481314
1389,3886.5,3,-0.9,5.3983485,378.9,19.7,0.71451175
1276,3891.1,-113,4.6,4.9650436,379.3,19.7,0.71421037
1153.1,3896.5,-122.9,5.4,4.4930541,379.6,19.7,0.71398433
1161.9,3895.9,8.8,-0.6,4.5266462,379.9,19.7,0.71375829
1157,3895.9,-4.9,0,4.5075563,380.2,19.7,0.71353225
1156.1,3895.7,-0.9,-0.2,4.5038188,380.5,19.7,0.71330621
1157,3895.4,0.9,-0.3,4.5069778,380.9,19.7,0.71300482
1160,3895,3,-0.4,4.5182,381.2,19.7,0.71277878
835.1,3910,-324.9,15,3.265241,381.4,19.7,0.71262809
843,3910.1,7.9,0.1,3.2962143,381.7,19.7,0.71240205
840,3910.5,-3,0.4,3.28482,381.9,19.7,0.71225136
840,3910.8,0,0.3,3.285072,382.1,19.7,0.71210066
834.1,3911.2,-5.9,0.4,3.2623319,382.4,19.7,0.71187462
837,3911.2,2.9,0,3.2736744,382.6,19.7,0.71172393
-41,3953.3,-878,42.1,-0.1620853,382.7,19.7,0.71164858
-42,3955.4,-1,2.1,-0.1661268,382.6,19.7,0.71172393
-41,3957,1,1.6,-0.162237,382.6,19.7,0.71172393
-38,3958.3,3,1.3,-0.1504154,382.6,19.7,0.71172393
-43,3959.8,-5,1.5,-0.1702714,382.6,19.7,0.71172393
-37,3960.7,6,0.9,-0.1465459,382.6,19.7,0.71172393
-34,3961.6,3,0.9,-0.1346944,382.6,19.7,0.71172393
-34,3962.6,0,1,-0.1347284,382.6,19.7,0.71172393
-40,3963.8,-6,1.2,-0.158552,382.6,19.7,0.71172393
-38,3964.6,2,0.8,-0.1506548,382.6,19.7,0.71172393
-228.1,3974.4,-190.1,9.8,-0.90656064,382.5,19.7,0.71179928
-236,3975.9,-7.9,1.5,-0.9383124,382.4,19.7,0.71187462
-234.9,3977,1.1,1.1,-0.9341973,382.4,19.7,0.71187462
-237,3978.1,-2.1,1.1,-0.9428097,382.3,19.7,0.71194997
470.8,3945.3,707.8,-32.8,1.8574472,382.4,19.7,0.71187462
1175,3911.6,704.2,-33.7,4.59613,382.7,19.7,0.71164858
1179,3909.3,4,-2.3,4.6090647,383.1,19.7,0.7113472
1177,3907.8,-2,-1.5,4.5994806,383.4,19.7,0.71112116
1178,3906.5,1,-1.3,4.601857,383.7,19.7,0.71089512
2270.8,3854.1,1092.8,-52.4,8.7518903,384.4,19.7,0.71036769
2266.9,3850.6,-3.9,-3.5,8.7289251,385,19.7,0.70991561
2270.9,3847.6,4,-3,8.7375148,385.6,19.7,0.70946353
2277.9,3844.8,7,-2.8,8.7580699,386.2,19.7,0.70901145
2270.9,3842.9,-7,-1.9,8.7268416,386.9,19.7,0.70848403
-691.8,3980.7,-2962.7,137.8,-2.7538483,386.7,19.7,0.70863472
-694.9,3985.7,-3.1,5,-2.7696629,386.5,19.7,0.70878541
-691,3989,3.9,3.3,-2.756399,386.3,19.7,0.70893611
-692,3991.9,-1,2.9,-2.7623948,386.1,19.7,0.7090868
-694,3994.4,-2,2.5,-2.7721136,385.9,19.7,0.70923749
-690,3996.3,4,1.9,-2.757447,385.8,19.7,0.70931284
-333,3981.6,357,-14.7,-1.3258728,385.7,19.7,0.70938819
21,3965.3,354,-16.3,0.0832713,385.6,19.7,0.70946353
24,3965.4,3,0.1,0.0951696,385.7,19.7,0.70938819
23,3965.8,-1,0.4,0.0912134,385.7,19.7,0.70938819
26,3966.1,3,0.3,0.1031186,385.7,19.7,0.70938819
21,3966.8,-5,0.7,0.0833028,385.7,19.7,0.70938819
27,3967,6,0.2,0.107109,385.7,19.7,0.70938819
22,3967.7,-5,0.7,0.0872894,385.7,19.7,0.70938819
24,3968,2,0.3,0.095232,385.7,19.7,0.70938819
23,3968.6,-1,0.6,0.0912778,385.7,19.7,0.70938819
22,3969.1,-1,0.5,0.0873202,385.7,19.7,0.70938819
21,3969.5,-1,0.4,0.0833595,385.7,19.7,0.70938819
24,3969.8,3,0.3,0.0952752,385.7,19.7,0.70938819
26,3970.1,2,0.3,0.1032226,385.7,19.7,0.70938819
26,3970.5,0,0.4,0.103233,385.7,19.7,0.70938819
17,3971.3,-9,0.8,0.0675121,385.7,19.7,0.70938819
22,3971.5,5,0.2,0.087373,385.7,19.7,0.70938819
22,3971.8,0,0.3,0.0873796,385.7,19.7,0.70938819
22,3972.2,0,0.4,0.0873884,385.8,19.7,0.70931284
23,3972.5,1,0.3,0.0913675,385.8,19.7,0.70931284
25,3972.8,2,0.3,0.09932,385.8,19.7,0.70931284
21,3973.3,-4,0.5,0.0834393,385.8,19.7,0.70931284
24,3973.5,3,0.2,0.095364,385.8,19.7,0.70931284
21,3974,-3,0.5,0.083454,385.8,19.7,0.70931284
20,3974.3,-1,0.3,0.079486,385.8,19.7,0.70931284
26,3974.4,6,0.1,0.1033344,385.8,19.7,0.70931284
26,3974.7,0,0.3,0.1033422,385.8,19.7,0.70931284
22,3975.1,-4,0.4,0.0874522,385.8,19.7,0.70931284
23,3975.3,1,0.2,0.0914319,385.8,19.7,0.70931284
29,3975.4,6,0.1,0.1152866,385.8,19.7,0.70931284
23,3975.9,-6,0.5,0.0914457,385.8,19.7,0.70931284
23,3976.2,0,0.3,0.0914526,385.8,19.7,0.70931284
26,3976.3,3,0.1,0.1033838,385.8,19.7,0.70931284
24,3976.7,-2,0.4,0.0954408,385.9,19.7,0.70923749
25,3976.9,1,0.2,0.0994225,385.9,19.7,0.70923749
28,3977,3,0.1,0.111356,385.9,19.7,0.70923749
22,3977.5,-6,0.5,0.087505,385.9,19.7,0.70923749
28,3977.5,6,0,0.11137,385.9,19.7,0.70923749
21,3978,-7,0.5,0.083538,385.9,19.7,0.70923749
22,3978.2,1,0.2,0.0875204,385.9,19.7,0.70923749
22,3978.5,0,0.3,0.087527,385.9,19.7,0.70923749
22,3978.6,0,0.1,0.0875292,385.9,19.7,0.70923749
21,3978.9,-1,0.3,0.0835569,385.9,19.7,0.70923749
26,3978.9,5,0,0.1034514,385.9,19.7,0.70923749
27,3979,1,0.1,0.107433,385.9,19.7,0.70923749
23,3979.4,-4,0.4,0.0915262,385.9,19.7,0.70923749
26,3979.5,3,0.1,0.103467,385.9,19.7,0.70923749
24,3979.8,-2,0.3,0.0955152,385.9,19.7,0.70923749
20,3980.2,-4,0.4,0.079604,386,19.7,0.70916215
28,3980,8,-0.2,0.11144,386,19.7,0.70916215
24,3980.4,-4,0.4,0.0955296,386,19.7,0.70916215
23,3980.6,-1,0.2,0.0915538,386,19.7,0.70916215
22,3980.8,-1,0.2,0.0875776,386,19.7,0.70916215
16,3981.3,-6,0.5,0.0637008,386,19.7,0.70916215
23,3981.1,7,-0.2,0.0915653,386,19.7,0.70916215
19,3981.5,-4,0.4,0.0756485,386,19.7,0.70916215
18,3981.7,-1,0.2,0.0716706,386,19.7,0.70916215
18,3981.9,0,0.2,0.0716742,386,19.7,0.70916215
20,3981.9,2,0,0.079638,386,19.7,0.70916215
26,3981.8,6,-0.1,0.1035268,386,19.7,0.70916215
18,3982.4,-8,0.6,0.0716832,386,19.7,0.70916215
19,3982.5,1,0.1,0.0756675,386,19.7,0.70916215
23,3982.5,4,0,0.0915975,386,19.7,0.70916215
24,3982.5,1,0,0.09558,386,19.7,0.70916215
24,3982.7,0,0.2,0.0955848,386,19.7,0.70916215
28,3982.7,4,0,0.1115156,386.1,19.7,0.7090868
25,3982.9,-3,0.2,0.0995725,386.1,19.7,0.7090868
23,3983.2,-2,0.3,0.0916136,386.1,19.7,0.7090868
25,3983.2,2,0,0.09958,386.1,19.7,0.7090868
26,3983.3,1,0.1,0.1035658,386.1,19.7,0.7090868
25,3983.4,-1,0.1,0.099585,386.1,19.7,0.7090868
26,3983.6,1,0.2,0.1035736,386.1,19.7,0.7090868
29,3983.5,3,-0.1,0.1155215,386.1,19.7,0.7090868
25,3983.8,-4,0.3,0.099595,386.1,19.7,0.7090868
20,3984.1,-5,0.3,0.079682,386.1,19.7,0.7090868
28,3984,8,-0.1,0.111552,386.1,19.7,0.7090868
29,3984,1,0,0.115536,386.1,19.7,0.7090868
19,3984.6,-10,0.6,0.0757074,386.1,19.7,0.7090868
20,3984.7,1,0.1,0.079694,386.1,19.7,0.7090868
24,3984.6,4,-0.1,0.0956304,386.2,19.7,0.70901145
19,3985,-5,0.4,0.075715,386.2,19.7,0.70901145
29,3984.6,10,-0.4,0.1155534,386.2,19.7,0.70901145
29,3984.7,0,0.1,0.1155563,386.2,19.7,0.70901145
28,3984.9,-1,0.2,0.1115772,386.2,19.7,0.70901145
28,3985,0,0.1,0.11158,386.2,19.7,0.70901145
21,3985.4,-7,0.4,0.0836934,386.2,19.7,0.70901145
28,3985.2,7,-0.2,0.1115856,386.2,19.7,0.70901145
25,3985.5,-3,0.3,0.0996375,386.2,19.7,0.70901145
35,3985.1,10,-0.4,0.1394785,386.2,19.7,0.70901145
27,3985.5,-8,0.4,0.1076085,386.2,19.7,0.70901145
26,3985.7,-1,0.2,0.1036282,386.2,19.7,0.70901145
25,3985.8,-1,0.1,0.099645,386.2,19.6,0.70901145
20,3986.1,-5,0.3,0.079722,386.2,19.6,0.70901145
28,3985.9,8,-0.2,0.1116052,386.3,19.7,0.70893611
24,3986.2,-4,0.3,0.0956688,386.3,19.7,0.70893611
33,3985.8,9,-0.4,0.1315314,386.3,19.6,0.70893611
33,3985.9,0,0.1,0.1315347,386.3,19.6,0.70893611
26,3986.3,-7,0.4,0.1036438,386.3,19.6,0.70893611
27,3986.3,1,0,0.1076301,386.3,19.6,0.70893611
28,3986.4,1,0.1,0.1116192,386.3,19.6,0.70893611
23,3986.7,-5,0.3,0.0916941,386.3,19.6,0.70893611
28,3986.6,5,-0.1,0.1116248,386.3,19.6,0.70893611
24,3986.8,-4,0.2,0.0956832,386.3,19.6,0.70893611
24,3987,0,0.2,0.095688,386.3,19.6,0.70893611
22,3987.1,-2,0.1,0.0877162,386.3,19.6,0.70893611
25,3987.1,3,0,0.0996775,386.3,19.6,0.70893611
22,3987.3,-3,0.2,0.0877206,386.3,19.6,0.70893611
25,3987.2,3,-0.1,0.09968,386.4,19.6,0.70886076
20,3987.5,-5,0.3,0.07975,386.4,19.6,0.70886076
25,3987.4,5,-0.1,0.099685,386.4,19.6,0.70886076
21,3987.7,-4,0.3,0.0837417,386.4,19.6,0.70886076
26,3987.5,5,-0.2,0.103675,386.4,19.6,0.70886076
21,3987.8,-5,0.3,0.0837438,386.4,19.6,0.70886076
25,3987.7,4,-0.1,0.0996925,386.4,19.6,0.70886076
27,3987.7,2,0,0.1076679,386.4,19.6,0.70886076
28,3987.8,1,0.1,0.1116584,386.4,19.6,0.70886076
25,3987.9,-3,0.1,0.0996975,386.4,19.6,0.70886076
26,3988,1,0.1,0.103688,386.4,19.7,0.70886076
26,3988,0,0,0.103688,386.4,19.7,0.70886076
23,3988.3,-3,0.3,0.0917309,386.4,19.7,0.70886076
27,3988.2,4,-0.1,0.1076814,386.4,19.7,0.70886076
24,3988.4,-3,0.2,0.0957216,386.5,19.7,0.70878541
25,3988.4,1,0,0.09971,386.5,19.7,0.70878541
23,3988.6,-2,0.2,0.0917378,386.5,19.7,0.70878541
30,3988.2,7,-0.4,0.119646,386.5,19.7,0.70878541
23,3988.6,-7,0.4,0.0917378,386.5,19.6,0.70878541
27,3988.6,4,0,0.1076922,386.5,19.7,0.70878541
25,3988.7,-2,0.1,0.0997175,386.5,19.7,0.70878541
21,3989,-4,0.3,0.083769,386.5,19.7,0.70878541
24,3988.9,3,-0.1,0.0957336,386.5,19.7,0.70878541
24,3989,0,0.1,0.095736,386.5,19.6,0.70878541
24,3989,0,0,0.095736,386.5,19.6,0.70878541
27,3989,3,0,0.107703,386.5,19.6,0.70878541
22,3989.3,-5,0.3,0.0877646,386.5,19.6,0.70878541
26,3989.1,4,-0.2,0.1037166,386.5,19.6,0.70878541
25,3989.3,-1,0.2,0.0997325,386.5,19.6,0.70878541
27,3989.2,2,-0.1,0.1077084,386.6,19.6,0.70871007
24,3989.5,-3,0.3,0.095748,386.6,19.6,0.70871007
24,3989.5,0,0,0.095748,386.6,19.6,0.70871007
25,3989.5,1,0,0.0997375,386.6,19.6,0.70871007
21,3989.8,-4,0.3,0.0837858,386.6,19.6,0.70871007
21,3989.8,0,0,0.0837858,386.6,19.6,0.70871007
24,3989.7,3,-0.1,0.0957528,386.6,19.6,0.70871007
28,3989.6,4,-0.1,0.1117088,386.6,19.6,0.70871007
26,3989.7,-2,0.1,0.1037322,386.6,19.6,0.70871007
26,3989.8,0,0.1,0.1037348,386.6,19.6,0.70871007
23,3990,-3,0.2,0.09177,386.6,19.6,0.70871007
24,3990,1,0,0.09576,386.6,19.6,0.70871007
22,3990.2,-2,0.2,0.0877844,386.6,19.6,0.70871007
24,3990.1,2,-0.1,0.0957624,386.6,19.6,0.70871007
20,3990.4,-4,0.3,0.079808,386.6,19.6,0.70871007
29,3990,9,-0.4,0.11571,386.7,19.6,0.70863472
27,3990.2,-2,0.2,0.1077354,386.7,19.6,0.70863472
29,3990.1,2,-0.1,0.1157129,386.7,19.6,0.70863472
18,3990.7,-11,0.6,0.0718326,386.7,19.6,0.70863472
28,3990.3,10,-0.4,0.1117284,386.7,19.6,0.70863472
25,3990.4,-3,0.1,0.09976,386.7,19.6,0.70863472
22,3990.7,-3,0.3,0.0877954,386.7,19.6,0.70863472
25,3990.6,3,-0.1,0.099765,386.7,19.6,0.70863472
26,3990.6,1,0,0.1037556,386.7,19.6,0.70863472
22,3990.8,-4,0.2,0.0877976,386.7,19.6,0.70863472
25,3990.7,3,-0.1,0.0997675,386.7,19.6,0.70863472
31,3990.5,6,-0.2,0.1237055,386.7,19.6,0.70863472
27,3990.7,-4,0.2,0.1077489,386.7,19.6,0.70863472
29,3990.7,2,0,0.1157303,386.7,19.6,0.70863472
20,3991.2,-9,0.5,0.079824,386.8,19.6,0.70855937
27,3990.9,7,-0.3,0.1077543,386.8,19.6,0.70855937
27,3990.9,0,0,0.1077543,386.8,19.6,0.70855937
24,3991.1,-3,0.2,0.0957864,386.8,19.6,0.70855937
23,3991.2,-1,0.1,0.0917976,386.8,19.6,0.70855937
25,3991.2,2,0,0.09978,386.8,19.6,0.70855937
29,3991.1,4,-0.1,0.1157419,386.8,19.6,0.70855937
24,3991.3,-5,0.2,0.0957912,386.8,19.6,0.70855937
26,3991.2,2,-0.1,0.1037712,386.8,19.6,0.70855937
26,3991.3,0,0.1,0.1037738,386.8,19.6,0.70855937
26,3991.4,0,0.1,0.1037764,386.8,19.6,0.70855937
25,3991.4,-1,0,0.099785,386.8,19.6,0.70855937
20,3991.7,-5,0.3,0.079834,386.8,19.6,0.70855937
22,3991.7,2,0,0.0878174,386.8,19.6,0.70855937
29,3991.4,7,-0.3,0.1157506,386.9,19.6,0.70848403
20,3991.8,-9,0.4,0.079836,386.9,19.6,0.70848403
23,3991.8,3,0,0.0918114,386.9,19.6,0.70848403
29,3991.5,6,-0.3,0.1157535,386.9,19.6,0.70848403
22,3991.9,-7,0.4,0.0878218,386.9,19.6,0.70848403
24,3991.8,2,-0.1,0.0958032,386.9,19.6,0.70848403
26,3991.8,2,0,0.1037868,386.9,19.6,0.70848403
22,3992,-4,0.2,0.087824,386.9,19.6,0.70848403
21,3992.1,-1,0.1,0.0838341,386.9,19.6,0.70848403
25,3992,4,-0.1,0.0998,386.9,19.6,0.70848403
28,3991.8,3,-0.2,0.1117704,386.9,19.6,0.70848403
30,3991.8,2,0,0.119754,386.9,19.6,0.70848403
21,3992.2,-9,0.4,0.0838362,386.9,19.6,0.70848403
26,3992.1,5,-0.1,0.1037946,386.9,19.6,0.70848403
21,3992.4,-5,0.3,0.0838404,386.9,19.6,0.70848403
29,3992,8,-0.4,0.115768,387,19.6,0.70840868
27,3992.2,-2,0.2,0.1077894,387,19.6,0.70840868
22,3992.4,-5,0.2,0.0878328,387,19.6,0.70840868
17,3992.7,-5,0.3,0.0678759,387,19.6,0.70840868
24,3992.5,7,-0.2,0.09582,387,19.6,0.70840868
27,3992.3,3,-0.2,0.1077921,387,19.6,0.70840868
23,3992.6,-4,0.3,0.0918298,387,19.6,0.70840868
28,3992.4,5,-0.2,0.1117872,387,19.6,0.70840868
28,3992.4,0,0,0.1117872,387,19.6,0.70840868
18,3992.9,-10,0.5,0.0718722,387,19.6,0.70840868
29,3992.5,11,-0.4,0.1157825,387,19.6,0.70840868
28,3992.5,-1,0,0.11179,387,19.6,0.70840868
29,3992.5,1,0,0.1157825,387,19.6,0.70840868
23,3992.8,-6,0.3,0.0918344,387,19.6,0.70840868
25,3992.7,2,-0.1,0.0998175,387,19.6,0.70840868
23,3992.9,-2,0.2,0.0918367,387.1,19.6,0.70833333
26,3992.8,3,-0.1,0.1038128,387.1,19.6,0.70833333
27,3992.7,1,-0.1,0.1078029,387.1,19.6,0.70833333
27,3992.8,0,0.1,0.1078056,387.1,19.6,0.70833333
-296,4008.6,-323,15.8,-1.1865456,387,19.6,0.70840868
-298.9,4009.5,-2.9,0.9,-1.1984396,386.9,19.6,0.70848403
-297,4010,1.9,0.5,-1.19097,386.8,19.6,0.70855937
-292,4010.2,5,0.2,-1.1709784,386.8,19.6,0.70855937
668.9,3964.9,960.9,-45.3,2.6521216,386.9,19.6,0.70848403
1633.8,3917.7,964.9,-47.2,6.4007383,387.4,19.6,0.70810729
1631,3914.3,-2.8,-3.4,6.3842233,387.8,19.6,0.70780591
1635,3911.3,4,-3,6.3949755,388.3,19.6,0.70742917
1631.9,3909,-3.1,-2.3,6.3790971,388.7,19.6,0.70712779
1636.9,3906.7,5,-2.3,6.3948772,389.2,19.6,0.70675105
1637.9,3904.5,1,-2.2,6.3951806,389.6,19.6,0.70644967
1636,3902.8,-1.9,-1.7,6.3849808,390.1,19.6,0.70607294
166.3,3970.1,-1469.7,67.3,0.66022763,390.1,19.6,0.70607294
165.1,3971.9,-1.2,1.8,0.65576069,390.2,19.6,0.70599759
168.1,3972.8,3,0.9,0.66782768,390.2,19.6,0.70599759
165.1,3973.5,-3,0.7,0.65602485,390.3,19.6,0.70592224
166.1,3974,1,0.5,0.6600814,390.3,19.6,0.70592224
166.1,3974.4,0,0.4,0.66014784,390.4,19.6,0.7058469
166.1,3974.8,0,0.4,0.66021428,390.4,19.6,0.7058469
164.1,3975.2,-2,0.4,0.65233032,390.5,19.6,0.70577155
173.1,3975,9,-0.2,0.6880725,390.5,19.6,0.70577155
173.1,3975.2,0,0.2,0.68810712,390.6,19.6,0.7056962
-38,3985.9,-211.1,10.7,-0.1514642,390.6,19.6,0.7056962
-236,3995.9,-198,10,-0.9430324,390.5,19.6,0.70577155
-237,3997,-1,1.1,-0.947289,390.4,19.6,0.7058469
-239.1,3997.9,-2.1,0.9,-0.95589789,390.4,19.6,0.7058469
-237,3998.5,2.1,0.6,-0.9476445,390.3,19.6,0.70592224
170,3979.4,407,-19.1,0.676498,390.3,19.6,0.70592224
180.1,3978.6,10.1,-0.8,0.71654586,390.4,19.6,0.7058469
173,3978.7,-7.1,0.1,0.6883151,390.4,19.6,0.7058469
169.1,3978.8,-3.9,0.1,0.67281508,390.5,19.6,0.70577155
162.1,3979.2,-7,0.4,0.64502832,390.5,19.6,0.70577155
165.1,3979,3,-0.2,0.6569329,390.6,19.6,0.7056962
167.1,3978.8,2,-0.2,0.66485748,390.6,19.6,0.7056962
169,3978.8,1.9,0,0.6724172,390.7,19.6,0.70562086
169,3978.7,0,-0.1,0.6724003,390.7,19.6,0.70562086
432,3966.4,263,-12.3,1.7134848,390.8,19.6,0.70554551
425,3966.1,-7,-0.3,1.6855925,391,19.6,0.70539482
-531.9,4011.3,-956.9,45.2,-2.1336105,390.8,19.6,0.70554551
-528.9,4012.9,3,1.6,-2.1224228,390.7,19.6,0.70562086
-525,4014.2,3.9,1.3,-2.107455,390.5,19.6,0.70577155
235.9,3978.9,760.9,-35.3,0.93862251,390.6,19.6,0.7056962
239.1,3978,3.2,-0.9,0.9511398,390.7,19.6,0.70562086
239,3977.6,-0.1,-0.4,0.9506464,390.7,19.6,0.70562086
232,3977.6,-7,0,0.9228032,390.8,19.6,0.70554551
236,3977.2,4,-0.4,0.9386192,390.8,19.6,0.70554551
237,3976.9,1,-0.3,0.9425253,390.9,19.6,0.70547016
238.1,3976.7,1.1,-0.2,0.94685227,391,19.6,0.70539482
232.2,3976.8,-5.9,0.1,0.92341296,391,19.6,0.70539482
269.1,3975,36.9,-1.8,1.0696725,391.1,19.6,0.70531947
312,3972.8,42.9,-2.2,1.2395136,391.2,19.6,0.70524412
308,3972.6,-4,-0.2,1.2235608,391.3,19.6,0.70516878
-254.9,3999.6,-562.9,27,-1.019498,391.2,19.6,0.70524412
-802,4026.5,-547.1,26.9,-3.229253,391,19.6,0.70539482
-807,4028.7,-5,2.2,-3.2511609,390.8,19.6,0.70554551
-809.9,4030.5,-2.9,1.8,-3.2643019,390.6,19.6,0.7056962
-803.1,4031.6,6.8,1.1,-3.237778,390.3,19.6,0.70592224
-811,4033.3,-7.9,1.7,-3.2710063,390.1,19.6,0.70607294
-800,4034,11,0.7,-3.2272,389.9,19.6,0.70622363
-810,4035.6,-10,1.6,-3.268836,389.7,19.6,0.70637432
-809.9,4036.6,0.1,1,-3.2692423,389.4,19.6,0.70660036
-805,4037.3,4.9,0.7,-3.2500265,389.2,19.6,0.70675105
-185,4009.1,620,-28.2,-0.7416835,389.2,19.6,0.70675105
-181,4008.4,4,-0.7,-0.7255204,389.1,19.6,0.7068264
-182.9,4008.3,-1.9,-0.1,-0.73311807,389.1,19.6,0.7068264
-181.9,4008.2,1,-0.1,-0.72909158,389,19.6,0.70690175
-185,4008.4,-3.1,0.2,-0.741554,389,19.6,0.70690175
-180.1,4008.2,4.9,-0.2,-0.72187682,388.9,19.6,0.70697709
-184,4008.5,-3.9,0.3,-0.737564,388.9,19.6,0.70697709
-183,4008.5,1,0,-0.7335555,388.8,19.6,0.70705244
-180,4008.4,3,-0.1,-0.721512,388.8,19.6,0.70705244
1374.9,3934.7,1554.9,-73.7,5.409819,389.1,19.6,0.7068264
1374,3931.3,-0.9,-3.4,5.4016062,389.5,19.6,0.70652502
1374,3928.7,0,-2.6,5.3980338,389.9,19.6,0.70622363
1375,3926.4,1,-2.3,5.3988,390.2,19.6,0.70599759
1378,3924.3,3,-2.1,5.4076854,390.6,19.6,0.7056962
1376,3922.5,-2,-1.8,5.39736,391,19.6,0.70539482
1372,3921,-4,-1.5,5.379612,391.4,19.6,0.70509343
1374.9,3919.2,2.9,-1.8,5.3885081,391.8,19.6,0.70479204
1370.1,3918,-4.8,-1.2,5.3680518,392.2,19.6,0.70449066
1374,3916.4,3.9,-1.6,5.3811336,392.5,19.6,0.70426462
1781.9,3895.8,407.9,-20.6,6.941926,393,19.6,0.70388788
1775.9,3893.9,-6,-1.9,6.915177,393.5,19.6,0.70351115
1469,3906.4,-306.9,12.5,5.7385016,393.9,19.6,0.70320976
1474,3905,5,-1.4,5.75597,394.3,19.6,0.70290838
1466.9,3904.2,-7.1,-0.8,5.727071,394.7,19.6,0.70260699
1471,3902.9,4.1,-1.3,5.7411659,395.2,19.6,0.70223026
1468,3901.9,-3,-1,5.7279892,395.6,19.6,0.70192887
1477,3900.3,9,-1.6,5.7607431,396,19.6,0.70162749
1468,3899.6,-9,-0.7,5.7246128,396.4,19.6,0.7013261
1474,3898.4,6,-1.2,5.7462416,396.8,19.6,0.70102471
1474,3897.3,0,-1.1,5.7446202,397.2,19.6,0.70072333
1469,3896.6,-5,-0.7,5.7241054,397.6,19.6,0.70042194
1085,3913.7,-384,17.1,4.2463645,397.9,19.6,0.7001959
1083.1,3913.7,-1.9,0,4.2389285,398.2,19.6,0.69996986
1078,3913.6,-5.1,-0.1,4.2188608,398.5,19.6,0.69974382
1080,3913.3,2,-0.3,4.226364,398.8,19.6,0.69951778
1085,3912.6,5,-0.7,4.245171,399.1,19.6,0.69929174
1085,3912.2,0,-0.4,4.244737,399.4,19.6,0.6990657
1080.2,3912,-4.8,-0.2,4.2257424,399.7,19.6,0.69883966
1088.1,3911.2,7.9,-0.8,4.2557767,400,19.6,0.69861362
1086,3910.9,-2.1,-0.3,4.2472374,400.3,19.6,0.69838758
1090,3910.3,4,-0.6,4.262227,400.6,19.6,0.69816154
2768,3830.9,1678,-79.4,10.603931,401.4,19.6,0.69755877
2768,3826.8,0,-4.1,10.592582,402.2,19.6,0.696956
2778,3823.1,10,-3.7,10.620572,402.9,19.6,0.69642857
2772,3820.5,-6,-2.6,10.590426,403.7,19.6,0.6958258
2770,3818,-2,-2.5,10.57586,404.5,19.6,0.69522303
2769,3815.7,-1,-2.3,10.565673,405.2,19.6,0.6946956
2772,3813.3,3,-2.4,10.570468,406,19.6,0.69409283
2766,3811.4,-6,-1.9,10.542332,406.8,19.6,0.69349005
2769.9,3809.1,3.9,-2.3,10.550826,407.5,19.6,0.69296263
879.2,3896.5,-1890.7,87.4,3.4258028,407.8,19.6,0.69273659
-1002.9,3988.2,-1882.1,91.7,-3.9997658,407.6,19.6,0.69288728
-999.9,3993.9,3,5.7,-3.9935006,407.3,19.6,0.69311332
-1006,3998.4,-6.1,4.5,-4.0223904,407,19.6,0.69333936
-1006,4002,0,3.6,-4.026012,406.7,19.6,0.6935654
-1004,4005,2,3,-4.02102,406.5,19.6,0.69371609
-1004,4007.9,0,2.9,-4.0239316,406.2,19.6,0.69394213
-1004,4010.4,0,2.5,-4.0264416,405.9,19.6,0.69416817
2568.8,3844.3,3572.8,-166.1,9.8752378,406.5,19.6,0.69371609
2567.9,3838.1,-0.9,-6.2,9.855857,407.2,19.6,0.69318867
1415.1,3888.1,-1152.8,50,5.5020503,407.6,19.6,0.69288728
253.3,3942,-1161.8,53.9,0.9985086,407.7,19.6,0.69281193
253,3943.6,-0.3,1.6,0.9977308,407.8,19.6,0.69273659
1357.9,3892.7,1104.9,-50.9,5.2858973,408.1,19.6,0.69251055
1353,3891.2,-4.9,-1.5,5.2647936,408.5,19.6,0.69220916
1358.9,3889.6,5.9,-1.6,5.2855774,408.9,19.6,0.69190778
1351,3889,-7.9,-0.6,5.254039,409.3,19.6,0.69160639
1353,3887.9,2,-1.1,5.2603287,409.6,19.6,0.69138035
1352,3887.2,-1,-0.7,5.2554944,410,19.6,0.69107896
1356,3886.2,4,-1,5.2696872,410.4,19.6,0.69077758
1356,3885.5,0,-0.7,5.268738,410.8,19.6,0.69047619
-1067,3999.6,-2423,114.1,-4.2675732,410.6,19.6,0.69062688
-1066.9,4004.5,0.1,4.9,-4.2724011,410.3,19.6,0.69085292
-1070.9,4008.4,-4,3.9,-4.2925956,410,19.6,0.69107896
-1068,4011.3,2.9,2.9,-4.2840684,409.7,19.6,0.691305
-1066,4013.9,2,2.6,-4.2788174,409.4,19.6,0.69153104
-1064.1,4016.2,1.9,2.3,-4.2736384,409.1,19.6,0.69175708
-1068,4018.7,-3.9,2.5,-4.2919716,408.8,19.6,0.69198312
-625.1,3999.9,442.9,-18.8,-2.5003375,408.6,19.6,0.69213382
-619.1,4000.7,6,0.8,-2.4768334,408.5,19.6,0.69220916
-622,4001.9,-2.9,1.2,-2.4891818,408.3,19.6,0.69235986
-623,4003,-1,1.1,-2.493869,408.1,19.6,0.69251055
-621,4004,2,1,-2.486484,407.9,19.6,0.69266124
-623.9,4005.1,-2.9,1.1,-2.4987819,407.8,19.6,0.69273659
-621,4006.1,2.9,1,-2.4877881,407.6,19.6,0.69288728
1507.8,3906.7,2128.8,-99.4,5.8905223,407.9,19.6,0.69266124
-249,3985.9,-1756.8,79.2,-0.9924891,407.9,19.6,0.69266124
-256,3987.4,-7,1.5,-1.0207744,407.8,19.7,0.69273659
-251,3988.1,5,0.7,-1.0010131,407.8,19.7,0.69273659
444,3955.5,695,-32.6,1.756242,407.9,19.7,0.69266124
445,3954.5,1,-1,1.7597525,408,19.7,0.6925859
1342.9,3911.7,897.9,-42.8,5.2530219,408.4,19.7,0.69228451
1340,3909.3,-2.9,-2.4,5.238462,408.8,19.7,0.69198312
1341,3907.2,1,-2.1,5.2395552,409.1,19.7,0.69175708
1340,3905.5,-1,-1.7,5.23337,409.5,19.7,0.6914557
1343,3903.8,3,-1.7,5.2428034,409.9,19.7,0.69115431
1345.9,3902.2,2.9,-1.6,5.251971,410.2,19.7,0.69092827
1339,3901.2,-6.9,-1,5.2237068,410.6,19.7,0.69062688
1342,3899.9,3,-1.3,5.2336658,411,19.7,0.6903255
1342.9,3898.6,0.9,-1.3,5.2354299,411.4,19.7,0.69002411
1221,3903.3,-121.9,4.7,4.7659293,411.7,19.7,0.68979807
1097,3908.3,-124,5,4.2874051,412,19.7,0.68957203
1102.1,3907.6,5.1,-0.7,4.306566,412.3,19.7,0.68934599
1101,3907,-1.1,-0.6,4.301607,412.6,19.7,0.68911995
484.1,3935.5,-616.9,28.5,1.9051756,412.8,19.7,0.68896926
484.1,3936.3,0,0.8,1.9055628,412.9,19.7,0.68889391
484,3936.8,-0.1,0.5,1.9054112,413,19.7,0.68881857
479.1,3937.5,-4.9,0.7,1.8864563,413.2,19.7,0.68866787
482,3937.7,2.9,0.2,1.8979714,413.3,19.7,0.68859253
-194,3970.3,-676,32.6,-0.7702382,413.3,19.7,0.68859253
-874.9,4004.1,-680.9,33.8,-3.5031871,413,19.7,0.68881857
-877.9,4007.1,-3,3,-3.5178331,412.8,19.7,0.68896926
-875,4009.4,2.9,2.3,-3.508225,412.5,19.7,0.6891953
-880,4011.7,-5,2.3,-3.530296,412.3,19.7,0.68934599
-879,4013.6,1,1.9,-3.5279544,412.1,19.7,0.68949668
-882,4015.4,-3,1.8,-3.5415828,411.8,19.7,0.68972272
-1025,4023.8,-143,8.4,-4.124395,411.5,19.7,0.68994876
-1156,4031.7,-131,7.9,-4.6606452,411.2,19.7,0.6901748
-1169.9,4034.3,-13.9,2.6,-4.7197276,410.9,19.7,0.69040084
-1167,4036.1,2.9,1.8,-4.7101287,410.6,19.7,0.69062688
-56,3985.7,1111,-50.4,-0.2231992,410.5,19.7,0.69070223
1050,3932.3,1106,-53.4,4.128915,410.8,19.7,0.69047619
1050,3929.5,0,-2.8,4.125975,411.1,19.7,0.69025015
1053.1,3927.2,3.1,-2.3,4.1357343,411.4,19.7,0.69002411
1048,3925.7,-5.1,-1.5,4.1141336,411.7,19.7,0.68979807
1053,3924,5,-1.7,4.131972,412,19.7,0.68957203
1045,3923,-8,-1,4.099535,412.3,19.7,0.68934599
1051,3921.5,6,-1.5,4.1214965,412.5,19.7,0.6891953
1050,3920.4,-1,-1.1,4.11642,412.8,19.7,0.68896926
-454.9,3990.7,-1504.9,70.3,-1.8153694,412.8,19.7,0.68896926
-461,3993.5,-6.1,2.8,-1.8410035,412.6,19.7,0.68911995
-644,4003.8,-183,10.3,-2.5784472,412.4,19.7,0.68927064
-831,4014.5,-187,10.7,-3.3360495,412.2,19.7,0.68942134
-830.9,4016.4,0.1,1.9,-3.3372268,412,19.7,0.68957203
-204.2,3988.7,626.7,-27.7,-0.81449254,411.9,19.7,0.68964738
439.9,3958,644.1,-30.7,1.7411242,412,19.7,0.68957203
434,3957.1,-5.9,-0.9,1.7173814,412.1,19.7,0.68949668
434.9,3956.3,0.9,-0.8,1.7205949,412.3,19.7,0.68934599
442.1,3955.4,7.2,-0.9,1.7486823,412.4,19.7,0.68927064
435,3955.3,-7.1,-0.1,1.7205555,412.5,19.7,0.6891953
1252.9,3916.4,817.9,-38.9,4.9068576,412.9,19.7,0.68889391
2069.8,3875.8,816.9,-40.6,8.0221308,413.4,19.7,0.68851718
2070.9,3872.1,1.1,-3.7,8.0187319,414,19.7,0.6880651
2070.9,3869.2,0,-2.9,8.0127263,414.6,19.7,0.68761302
2067,3866.7,-3.9,-2.5,7.9924689,415.2,19.7,0.68716094
2067.9,3864.3,0.9,-2.4,7.990986,415.7,19.7,0.68678421
2073.9,3861.8,6,-2.5,8.008987,416.3,19.7,0.68633213
-35,3959.5,-2108.9,97.7,-0.1385825,416.3,19.7,0.68633213
-27,3962.1,8,2.6,-0.1069767,416.3,19.7,0.68633213
-31,3964,-4,1.9,-0.122884,416.3,19.7,0.68633213
-35,3965.6,-4,1.6,-0.138796,416.3,19.7,0.68633213
-32,3966.6,3,1,-0.1269312,416.3,19.7,0.68633213
-33,3967.6,-1,1,-0.1309308,416.3,19.7,0.68633213
-30,3968.4,3,0.8,-0.119052,416.3,19.7,0.68633213
1443.9,3899.3,1473.9,-69.1,5.6301993,416.6,19.7,0.68610609
1439,3896.8,-4.9,-2.5,5.6074952,417,19.7,0.6858047
1448.1,3894.4,9.1,-2.4,5.6394806,417.4,19.7,0.68550332
1446,3892.8,-2.1,-1.6,5.6289888,417.8,19.7,0.68520193
1442,3891.5,-4,-1.3,5.611543,418.2,19.7,0.68490054
1446,3890,4,-1.5,5.62494,418.6,19.7,0.68459916
1443.1,3889,-2.9,-1,5.6122159,419,19.7,0.68429777
1441,3888,-2.1,-1,5.602608,419.4,19.7,0.68399638
1371,3890.2,-70,2.2,5.3334642,419.8,19.7,0.683695
1369.9,3889.5,-1.1,-0.7,5.328226,420.2,19.7,0.68339361
1367.9,3888.7,-2,-0.8,5.3193527,420.6,19.7,0.68309222
1373.9,3887.6,6,-1.1,5.3411736,421,19.7,0.68279084
1365,3887.3,-8.9,-0.3,5.3061645,421.3,19.7,0.6825648
1373.9,3886.1,8.9,-1.2,5.3391128,421.7,19.7,0.68226341
1365.1,3885.8,-8.8,-0.3,5.3045056,422.1,19.7,0.68196203
690.1,3916.8,-675,31,2.7029837,422.3,19.7,0.68181133
23,3949.2,-667.1,32.4,0.0908316,422.3,19.7,0.68181133
23,3951.2,0,2,0.0908776,422.3,19.7,0.68181133
22,3952.8,-1,1.6,0.0869616,422.3,19.7,0.68181133
21,3954.2,-1,1.4,0.0830382,422.3,19.7,0.68181133
16,3955.4,-5,1.2,0.0632864,422.4,19.7,0.68173599
22,3956.2,6,0.8,0.0870364,422.4,19.7,0.68173599
25,3957,3,0.8,0.098925,422.4,19.7,0.68173599
26,3957.7,1,0.7,0.1029002,422.4,19.7,0.68173599
27,3958.4,1,0.7,0.1068768,422.4,19.7,0.68173599
21,3959.3,-6,0.9,0.0831453,422.4,19.7,0.68173599
19,3960.2,-2,0.9,0.0752438,422.4,19.7,0.68173599
18,3960.9,-1,0.7,0.0712962,422.4,19.7,0.68173599
28,3961,10,0.1,0.110908,422.4,19.7,0.68173599
28,3961.6,0,0.6,0.1109248,422.4,19.7,0.68173599
18,3962.5,-10,0.9,0.071325,422.4,19.7,0.68173599
22,3962.9,4,0.4,0.0871838,422.4,19.7,0.68173599
20,3963.5,-2,0.6,0.07927,422.4,19.7,0.68173599
19,3964.1,-1,0.6,0.0753179,422.4,19.7,0.68173599
18,3964.6,-1,0.5,0.0713628,422.4,19.7,0.68173599
26,3964.6,8,0,0.1030796,422.4,19.7,0.68173599
27,3965,1,0.4,0.107055,422.5,19.7,0.68166064
17,3965.9,-10,0.9,0.0674203,422.5,19.7,0.68166064
22,3966.1,5,0.2,0.0872542,422.5,19.7,0.68166064
16,3966.7,-6,0.6,0.0634672,422.5,19.7,0.68166064
26,3966.6,10,-0.1,0.1031316,422.5,19.7,0.68166064
24,3967.1,-2,0.5,0.0952104,422.5,19.7,0.68166064
17,3967.8,-7,0.7,0.0674526,422.5,19.7,0.68166064
20,3968,3,0.2,0.07936,422.5,19.7,0.68166064
25,3968.1,5,0.1,0.0992025,422.5,19.7,0.68166064
26,3968.3,1,0.2,0.1031758,422.5,19.7,0.68166064
21,3968.9,-5,0.6,0.0833469,422.5,19.7,0.68166064
19,3969.3,-2,0.4,0.0754167,422.5,19.7,0.68166064
25,3969.4,6,0.1,0.099235,422.5,19.7,0.68166064
24,3969.7,-1,0.3,0.0952728,422.5,19.7,0.68166064
27,3969.8,3,0.1,0.1071846,422.5,19.7,0.68166064
23,3970.3,-4,0.5,0.0913169,422.5,19.7,0.68166064
26,3970.4,3,0.1,0.1032304,422.6,19.7,0.68158529
20,3971,-6,0.6,0.07942,422.6,19.7,0.68158529
22,3971.1,2,0.1,0.0873642,422.6,19.7,0.68158529
19,3971.5,-3,0.4,0.0754585,422.6,19.7,0.68158529
26,3971.4,7,-0.1,0.1032564,422.6,19.7,0.68158529
22,3971.9,-4,0.5,0.0873818,422.6,19.7,0.68158529
25,3972,3,0.1,0.0993,422.6,19.7,0.68158529
23,3972.3,-2,0.3,0.0913629,422.6,19.7,0.68158529
25,3972.4,2,0.1,0.09931,422.6,19.7,0.68158529
25,3972.6,0,0.2,0.099315,422.6,19.7,0.68158529
20,3973.1,-5,0.5,0.079462,422.6,19.7,0.68158529
18,3973.3,-2,0.2,0.0715194,422.6,19.7,0.68158529
20,3973.5,2,0.2,0.07947,422.6,19.7,0.68158529
23,3973.5,3,0,0.0913905,422.6,19.7,0.68158529
24,3973.7,1,0.2,0.0953688,422.6,19.7,0.68158529
25,3973.8,1,0.1,0.099345,422.6,19.7,0.68158529
18,3974.4,-7,0.6,0.0715392,422.7,19.7,0.68150995
25,3974.2,7,-0.2,0.099355,422.7,19.7,0.68150995
27,3974.4,2,0.2,0.1073088,422.7,19.7,0.68150995
22,3974.8,-5,0.4,0.0874456,422.7,19.7,0.68150995
23,3974.8,1,0,0.0914204,422.7,19.7,0.68150995
24,3975,1,0.2,0.0954,422.7,19.7,0.68150995
16,3975.5,-8,0.5,0.063608,422.7,19.7,0.68150995
23,3975.4,7,-0.1,0.0914342,422.7,19.7,0.68150995
19,3975.7,-4,0.3,0.0755383,422.7,19.7,0.68150995
26,3975.6,7,-0.1,0.1033656,422.7,19.7,0.68150995
12,3976.4,-14,0.8,0.0477168,422.7,19.7,0.68150995
20,3976.2,8,-0.2,0.079524,422.7,19.7,0.68150995
21,3976.2,1,0,0.0835002,422.7,19.7,0.68150995
26,3976.2,5,0,0.1033812,422.7,19.7,0.68150995
23,3976.5,-3,0.3,0.0914595,422.7,19.7,0.68150995
22,3976.6,-1,0.1,0.0874852,422.7,19.7,0.68150995
19,3976.9,-3,0.3,0.0755611,422.7,19.7,0.68150995
25,3976.8,6,-0.1,0.09942,422.8,19.7,0.6814346
25,3976.9,0,0.1,0.0994225,422.8,19.7,0.6814346
24,3977.1,-1,0.2,0.0954504,422.8,19.7,0.6814346
25,3977.1,1,0,0.0994275,422.8,19.7,0.6814346
22,3977.4,-3,0.3,0.0875028,422.8,19.7,0.6814346
23,3977.5,1,0.1,0.0914825,422.8,19.7,0.6814346
22,3977.6,-1,0.1,0.0875072,422.8,19.7,0.6814346
17,3978,-5,0.4,0.067626,422.8,19.7,0.6814346
25,3977.8,8,-0.2,0.099445,422.8,19.7,0.6814346
27,3977.8,2,0,0.1074006,422.8,19.7,0.6814346
20,3978.3,-7,0.5,0.079566,422.8,19.7,0.6814346
24,3978.2,4,-0.1,0.0954768,422.8,19.7,0.6814346
23,3978.3,-1,0.1,0.0915009,422.8,19.7,0.6814346
25,3978.3,2,0,0.0994575,422.8,19.7,0.6814346
18,3978.8,-7,0.5,0.0716184,422.8,19.7,0.6814346
26,3978.5,8,-0.3,0.103441,422.9,19.7,0.68135925
23,3978.7,-3,0.2,0.0915101,422.9,19.7,0.68135925
24,3978.8,1,0.1,0.0954912,422.9,19.7,0.68135925
21,3979,-3,0.2,0.083559,422.9,19.7,0.68135925
23,3979.1,2,0.1,0.0915193,422.9,19.7,0.68135925
19,3979.3,-4,0.2,0.0756067,422.9,19.7,0.68135925
22,3979.3,3,0,0.0875446,422.9,19.7,0.68135925
24,3979.3,2,0,0.0955032,422.9,19.7,0.68135925
20,3979.6,-4,0.3,0.079592,422.9,19.7,0.68135925
25,3979.4,5,-0.2,0.099485,422.9,19.7,0.68135925
26,3979.5,1,0.1,0.103467,422.9,19.7,0.68135925
21,3979.8,-5,0.3,0.0835758,422.9,19.6,0.68135925
25,3979.7,4,-0.1,0.0994925,422.9,19.6,0.68135925
21,3980,-4,0.3,0.08358,422.9,19.6,0.68135925
22,3980,1,0,0.08756,422.9,19.6,0.68135925
26,3980,4,0,0.10348,422.9,19.6,0.68135925
25,3980.1,-1,0.1,0.0995025,423,19.6,0.68128391
23,3980.3,-2,0.2,0.0915469,423,19.6,0.68128391
27,3980.1,4,-0.2,0.1074627,423,19.6,0.68128391
36,3979.8,9,-0.3,0.1432728,423,19.6,0.68128391
39,3979.7,3,-0.1,0.1552083,423,19.6,0.68128391
40,3979.7,1,0,0.159188,423,19.6,0.68128391
44,3979.6,4,-0.1,0.1751024,423,19.6,0.68128391
41,3979.7,-3,0.1,0.1631677,423,19.6,0.68128391
40,3979.9,-1,0.2,0.159196,423,19.6,0.68128391
33,3980.3,-7,0.4,0.1313499,423,19.6,0.68128391
32,3980.4,-1,0.1,0.1273728,423.1,19.6,0.68120856
41,3980,9,-0.4,0.16318,423.1,19.6,0.68120856
48,3979.8,7,-0.2,0.1910304,423.1,19.6,0.68120856
44,3979.9,-4,0.1,0.1751156,423.1,19.6,0.68120856
37,3980.4,-7,0.5,0.1472748,423.1,19.6,0.68120856
46,3980,9,-0.4,0.18308,423.1,19.6,0.68120856
34,3980.6,-12,0.6,0.1353404,423.1,19.6,0.68120856
37,3980.5,3,-0.1,0.1472785,423.1,19.6,0.68120856
38,3980.6,1,0.1,0.1512628,423.1,19.6,0.68120856
38,3980.6,0,0,0.1512628,423.2,19.6,0.68113321
42,3980.5,4,-0.1,0.167181,423.2,19.6,0.68113321
39,3980.6,-3,0.1,0.1552434,423.2,19.6,0.68113321
44,3980.5,5,-0.1,0.175142,423.2,19.6,0.68113321
40,3980.7,-4,0.2,0.159228,423.2,19.6,0.68113321
39,3980.8,-1,0.1,0.1552512,423.2,19.6,0.68113321
41,3980.8,2,0,0.1632128,423.2,19.6,0.68113321
39,3980.9,-2,0.1,0.1552551,423.2,19.6,0.68113321
44,3980.8,5,-0.1,0.1751552,423.2,19.6,0.68113321
37,3981.1,-7,0.3,0.1473007,423.3,19.6,0.68105787
35,3981.2,-2,0.1,0.139342,423.3,19.6,0.68105787
32,3981.5,-3,0.3,0.127408,423.3,19.6,0.68105787
39,3981.1,7,-0.4,0.1552629,423.3,19.6,0.68105787
38,3981.3,-1,0.2,0.1512894,423.3,19.6,0.68105787
42,3981.1,4,-0.2,0.1672062,423.3,19.6,0.68105787
40,3981.3,-2,0.2,0.159252,423.3,19.6,0.68105787
44,3981.1,4,-0.2,0.1751684,423.3,19.6,0.68105787
39,3981.4,-5,0.3,0.1552746,423.3,19.6,0.68105787
41,3981.3,2,-0.1,0.1632333,423.3,19.6,0.68105787
48,3981,7,-0.3,0.191088,423.4,19.6,0.68098252
37,3981.6,-11,0.6,0.1473192,423.4,19.6,0.68098252
46,3981.2,9,-0.4,0.1831352,423.4,19.6,0.68098252
40,3981.5,-6,0.3,0.15926,423.4,19.6,0.68098252
44,3981.4,4,-0.1,0.1751816,423.4,19.6,0.68098252
40,3981.6,-4,0.2,0.159264,423.4,19.6,0.68098252
43,3981.5,3,-0.1,0.1712045,423.4,19.6,0.68098252
38,3981.8,-5,0.3,0.1513084,423.4,19.6,0.68098252
39,3981.8,1,0,0.1552902,423.5,19.6,0.68090717
46,3981.6,7,-0.2,0.1831536,423.5,19.6,0.68090717
43,3981.7,-3,0.1,0.1712131,423.5,19.6,0.68090717
38,3982,-5,0.3,0.151316,423.5,19.6,0.68090717
38,3982,0,0,0.151316,423.5,19.6,0.68090717
41,3981.9,3,-0.1,0.1632579,423.5,19.6,0.68090717
37,3982.1,-4,0.2,0.1473377,423.5,19.6,0.68090717
42,3982,5,-0.1,0.167244,423.5,19.6,0.68090717
40,3982.1,-2,0.1,0.159284,423.5,19.6,0.68090717
39,3982.2,-1,0.1,0.1553058,423.6,19.6,0.68083183
38,3982.3,-1,0.1,0.1513274,423.6,19.6,0.68083183
39,3982.3,1,0,0.1553097,423.6,19.6,0.68083183
36,3982.5,-3,0.2,0.14337,423.6,19.6,0.68083183
42,3982.2,6,-0.3,0.1672524,423.6,19.6,0.68083183
37,3982.5,-5,0.3,0.1473525,423.6,19.6,0.68083183
39,3982.4,2,-0.1,0.1553136,423.6,19.6,0.68083183
37,3982.6,-2,0.2,0.1473562,423.6,19.6,0.68083183
35,3982.7,-2,0.1,0.1393945,423.6,19.6,0.68083183
39,3982.6,4,-0.1,0.1553214,423.7,19.6,0.68075648
35,3982.8,-4,0.2,0.139398,423.7,19.6,0.68075648
39,3982.7,4,-0.1,0.1553253,423.7,19.6,0.68075648
41,3982.6,2,-0.1,0.1632866,423.7,19.6,0.68075648
40,3982.7,-1,0.1,0.159308,423.7,19.6,0.68075648
36,3982.9,-4,0.2,0.1433844,423.7,19.6,0.68075648
39,3982.8,3,-0.1,0.1553292,423.7,19.6,0.68075648
37,3982.9,-2,0.1,0.1473673,423.7,19.6,0.68075648
37,3983,0,0.1,0.147371,423.7,19.6,0.68075648
38,3983,1,0,0.151354,423.7,19.6,0.68075648
36,3983.1,-2,0.1,0.1433916,423.8,19.6,0.68068113
43,3982.8,7,-0.3,0.1712604,423.8,19.6,0.68068113
36,3983.2,-7,0.4,0.1433952,423.8,19.6,0.68068113
42,3982.9,6,-0.3,0.1672818,423.8,19.6,0.68068113
40,3983.1,-2,0.2,0.159324,423.8,19.6,0.68068113
39,3983.1,-1,0,0.1553409,423.8,19.6,0.68068113
41,3983.1,2,0,0.1633071,423.8,19.6,0.68068113
33,3983.5,-8,0.4,0.1314555,423.8,19.6,0.68068113
23,3984,-10,0.5,0.091632,423.8,19.6,0.68068113
21,3984.2,-2,0.2,0.0836682,423.8,19.6,0.68068113
28,3983.9,7,-0.3,0.1115492,423.9,19.6,0.68060579
27,3984,-1,0.1,0.107568,423.9,19.6,0.68060579
21,3984.3,-6,0.3,0.0836703,423.9,19.6,0.68060579
19,3984.4,-2,0.1,0.0757036,423.9,19.6,0.68060579
16,3984.7,-3,0.3,0.0637552,423.9,19.6,0.68060579
21,3984.5,5,-0.2,0.0836745,423.9,19.6,0.68060579
24,3984.4,3,-0.1,0.0956256,423.9,19.6,0.68060579
24,3984.4,0,0,0.0956256,423.9,19.6,0.68060579
18,3984.7,-6,0.3,0.0717246,423.9,19.6,0.68060579
22,3984.6,4,-0.1,0.0876612,423.9,19.6,0.68060579
22,3984.7,0,0.1,0.0876634,423.9,19.6,0.68060579
21,3984.8,-1,0.1,0.0836808,423.9,19.6,0.68060579
22,3984.8,1,0,0.0876656,423.9,19.6,0.68060579
20,3984.9,-2,0.1,0.079698,423.9,19.6,0.68060579
19,3984.9,-1,0,0.0757131,423.9,19.6,0.68060579
22,3984.9,3,0,0.0876678,423.9,19.6,0.68060579
16,3985.2,-6,0.3,0.0637632,423.9,19.6,0.68060579
23,3985,7,-0.2,0.091655,424,19.6,0.68053044
17,3985.3,-6,0.3,0.0677501,424,19.6,0.68053044
24,3985,7,-0.3,0.09564,424,19.6,0.68053044
18,3985.3,-6,0.3,0.0717354,424,19.6,0.68053044
26,3985,8,-0.3,0.10361,424,19.6,0.68053044
18,3985.4,-8,0.4,0.0717372,424,19.6,0.68053044
23,3985.2,5,-0.2,0.0916596,424,19.6,0.68053044
17,3985.5,-6,0.3,0.0677535,424,19.6,0.68053044
20,3985.4,3,-0.1,0.079708,424,19.6,0.68053044
22,3985.3,2,-0.1,0.0876766,424,19.6,0.68053044
18,3985.6,-4,0.3,0.0717408,424,19.6,0.68053044
19,3985.6,1,0,0.0757264,424,19.6,0.68053044
16,3985.7,-3,0.1,0.0637712,424,19.6,0.68053044
23,3985.5,7,-0.2,0.0916665,424,19.6,0.68053044
21,3985.6,-2,0.1,0.0836976,424,19.6,0.68053044
26,3985.4,5,-0.2,0.1036204,424,19.6,0.68053044
16,3985.9,-10,0.5,0.0637744,424,19.6,0.68053044
18,3985.8,2,-0.1,0.0717444,424,19.6,0.68053044
17,3985.9,-1,0.1,0.0677603,424.1,19.6,0.68045509
22,3985.7,5,-0.2,0.0876854,424.1,19.6,0.68045509
18,3986,-4,0.3,0.071748,424.1,19.6,0.68045509
20,3985.9,2,-0.1,0.079718,424.1,19.6,0.68045509
19,3986,-1,0.1,0.075734,424.1,19.6,0.68045509
13,3986.3,-6,0.3,0.0518219,424.1,19.6,0.68045509
23,3985.9,10,-0.4,0.0916757,424.1,19.6,0.68045509
26,3985.8,3,-0.1,0.1036308,424.1,19.6,0.68045509
25,3985.8,-1,0,0.099645,424.1,19.6,0.68045509
22,3986,-3,0.2,0.087692,424.1,19.6,0.68045509
20,3986.1,-2,0.1,0.079722,424.1,19.6,0.68045509
23,3986,3,-0.1,0.091678,424.1,19.6,0.68045509
19,3986.2,-4,0.2,0.0757378,424.1,19.6,0.68045509
23,3986.1,4,-0.1,0.0916803,424.1,19.6,0.68045509
25,3986,2,-0.1,0.09965,424.1,19.6,0.68045509
17,3986.4,-8,0.4,0.0677688,424.1,19.6,0.68045509
24,3986.1,7,-0.3,0.0956664,424.1,19.6,0.68045509
24,3986.1,0,0,0.0956664,424.2,19.6,0.68037975
16,3986.6,-8,0.5,0.0637856,424.2,19.6,0.68037975
22,3986.3,6,-0.3,0.0876986,424.2,19.6,0.68037975
21,3986.4,-1,0.1,0.0837144,424.2,19.6,0.68037975
18,3986.6,-3,0.2,0.0717588,424.2,19.6,0.68037975
16,3986.7,-2,0.1,0.0637872,424.2,19.6,0.68037975
17,3986.7,1,0,0.0677739,424.2,19.6,0.68037975
19,3986.6,2,-0.1,0.0757454,424.2,19.6,0.68037975
20,3986.6,1,0,0.079732,424.2,19.6,0.68037975
21,3986.6,1,0,0.0837186,424.2,19.6,0.68037975
24,3986.5,3,-0.1,0.095676,424.2,19.6,0.68037975
22,3986.6,-2,0.1,0.0877052,424.2,19.6,0.68037975
20,3986.7,-2,0.1,0.079734,424.2,19.6,0.68037975
23,3986.6,3,-0.1,0.0916918,424.2,19.6,0.68037975
25,3986.5,2,-0.1,0.0996625,424.2,19.6,0.68037975
20,3986.8,-5,0.3,0.079736,424.2,19.6,0.68037975
22,3986.7,2,-0.1,0.0877074,424.2,19.6,0.68037975
20,3986.9,-2,0.2,0.079738,424.2,19.6,0.68037975
23,3986.7,3,-0.2,0.0916941,424.3,19.6,0.6803044
21,3986.8,-2,0.1,0.0837228,424.3,19.6,0.6803044
22,3986.8,1,0,0.0877096,424.3,19.6,0.6803044
22,3986.9,0,0.1,0.0877118,424.3,19.6,0.6803044
17,3987.1,-5,0.2,0.0677807,424.3,19.6,0.6803044
16,3987.2,-1,0.1,0.0637952,424.3,19.6,0.6803044
14,3987.4,-2,0.2,0.0558236,424.3,19.6,0.6803044
20,3987.1,6,-0.3,0.079742,424.3,19.6,0.6803044
17,3987.3,-3,0.2,0.0677841,424.3,19.6,0.6803044
17,3987.3,0,0,0.0677841,424.3,19.6,0.6803044
22,3987.1,5,-0.2,0.0877162,424.3,19.6,0.6803044
22,3987.1,0,0,0.0877162,424.3,19.6,0.6803044
19,3987.2,-3,0.1,0.0757568,424.3,19.6,0.6803044
26,3987,7,-0.2,0.103662,424.3,19.6,0.6803044
22,3987.2,-4,0.2,0.0877184,424.3,19.6,0.6803044
16,3987.5,-6,0.3,0.0638,424.3,19.6,0.6803044
22,3987.2,6,-0.3,0.0877184,424.3,19.6,0.6803044
19,3987.4,-3,0.2,0.0757606,424.3,19.6,0.6803044
20,3987.4,1,0,0.079748,424.4,19.6,0.68022905
20,3987.4,0,0,0.079748,424.4,19.6,0.68022905
18,3987.5,-2,0.1,0.071775,424.4,19.6,0.68022905
20,3987.5,2,0,0.07975,424.4,19.6,0.68022905
19,3987.5,-1,0,0.0757625,424.4,19.6,0.68022905
22,3987.4,3,-0.1,0.0877228,424.4,19.6,0.68022905
14,3987.8,-8,0.4,0.0558292,424.4,19.6,0.68022905
22,3987.4,8,-0.4,0.0877228,424.4,19.6,0.68022905
26,3987.3,4,-0.1,0.1036698,424.4,19.6,0.68022905
25,3987.3,-1,0,0.0996825,424.4,19.6,0.68022905
22,3987.5,-3,0.2,0.087725,424.4,19.6,0.68022905
15,3987.8,-7,0.3,0.059817,424.4,19.6,0.68022905
17,3987.8,2,0,0.0677926,424.4,19.6,0.68022905
21,3987.6,4,-0.2,0.0837396,424.4,19.6,0.68022905
19,3987.8,-2,0.2,0.0757682,424.4,19.6,0.68022905
16,3987.9,-3,0.1,0.0638064,424.4,19.6,0.68022905
21,3987.7,5,-0.2,0.0837417,424.4,19.6,0.68022905
19,3987.8,-2,0.1,0.0757682,424.4,19.6,0.68022905
16,3988,-3,0.2,0.063808,424.5,19.6,0.68015371
18,3988,2,0,0.071784,424.5,19.6,0.68015371
17,3988,-1,0,0.067796,424.5,19.6,0.68015371
18,3988,1,0,0.071784,424.5,19.6,0.68015371
18,3988,0,0,0.071784,424.5,19.6,0.68015371
21,3987.9,3,-0.1,0.0837459,424.5,19.6,0.68015371
21,3987.9,0,0,0.0837459,424.5,19.6,0.68015371
23,3987.9,2,0,0.0917217,424.5,19.6,0.68015371
20,3988,-3,0.1,0.07976,424.5,19.6,0.68015371
23,3987.9,3,-0.1,0.0917217,424.5,19.6,0.68015371
18,3988.1,-5,0.2,0.0717858,424.5,19.6,0.68015371
19,3988.1,1,0,0.0757739,424.5,19.6,0.68015371
21,3988.1,2,0,0.0837501,424.5,19.6,0.68015371
20,3988.1,-1,0,0.079762,424.5,19.6,0.68015371
21,3988.1,1,0,0.0837501,424.5,19.6,0.68015371
16,3988.3,-5,0.2,0.0638128,424.5,19.6,0.68015371
19,3988.3,3,0,0.0757777,424.5,19.6,0.68015371
16,3988.4,-3,0.1,0.0638144,424.5,19.6,0.68015371
20,3988.2,4,-0.2,0.079764,424.5,19.6,0.68015371
22,3988.2,2,0,0.0877404,424.6,19.6,0.68007836
12,3988.7,-10,0.5,0.0478644,424.6,19.6,0.68007836
1254,3930.1,1242,-58.6,4.9283454,424.9,19.6,0.67985232
1253,3927.3,-1,-2.8,4.9209069,425.2,19.6,0.67962628
1249,3925.4,-4,-1.9,4.9028246,425.6,19.6,0.67932489
1250.9,3923.4,1.9,-2,4.9077811,425.9,19.6,0.67909885
1252,3921.7,1.1,-1.7,4.9099684,426.3,19.6,0.67879747
-1099.9,4031.8,-2351.9,110.1,-4.4345768,426,19.6,0.67902351
-1097.9,4035.6,2,3.8,-4.4306852,425.7,19.6,0.67924955
-1097.1,4038.3,0.8,2.7,-4.4304189,425.4,19.6,0.67947559
-1098.9,4040.7,-1.8,2.4,-4.4403252,425.1,19.6,0.67970163
-1103.1,4042.8,-4.2,2.1,-4.4596127,424.8,19.6,0.67992767
-1100.9,4044.4,2.2,1.6,-4.45248,424.5,19.6,0.68015371
-1097,4045.7,3.9,1.3,-4.4381329,424.2,19.6,0.68037975
-1090,4046.8,7,1.1,-4.411012,423.9,19.6,0.68060579
-1096.9,4048.4,-6.9,1.6,-4.44069,423.6,19.6,0.68083183
-1104,4050,-7.1,1.6,-4.4712,423.3,19.6,0.68105787
-818,4037.7,286,-12.3,-3.3028386,423,19.6,0.68128391
-542,4025.3,276,-12.4,-2.1817126,422.9,19.6,0.68135925
-539,4025.1,3,-0.2,-2.1695289,422.7,19.6,0.68150995
-541,4025.4,-2,0.3,-2.1777414,422.6,19.6,0.68158529
-538,4025.6,3,0.2,-2.1657728,422.4,19.6,0.68173599
-539,4025.9,-1,0.3,-2.1699601,422.3,19.6,0.68181133
1429.8,3932.8,1968.8,-93.1,5.6231174,422.6,19.6,0.68158529
1428,3928.9,-1.8,-3.9,5.6104692,423,19.6,0.68128391
1433.1,3925.6,5.1,-3.3,5.6257774,423.4,19.6,0.68098252
1429,3923.3,-4.1,-2.3,5.6063957,423.8,19.6,0.68068113
1431.9,3920.9,2.9,-2.4,5.6143367,424.2,19.6,0.68037975
1431,3918.8,-0.9,-2.1,5.6078028,424.6,19.6,0.68007836
1432,3917,1,-1.8,5.609144,425,19.6,0.67977697
1433,3915.1,1,-1.9,5.6103383,425.4,19.6,0.67947559
1435.9,3913.4,2.9,-1.7,5.6192511,425.8,19.6,0.6791742
1430,3912.1,-5.9,-1.3,5.594303,426.2,19.6,0.67887281
772.2,3941.6,-657.8,29.5,3.0437035,426.4,19.6,0.67872212
108.1,3972.9,-664.1,31.3,0.42947049,426.4,19.6,0.67872212
108.1,3974.1,0,1.2,0.42960021,426.5,19.6,0.67864678
115.9,3974.4,7.8,0.3,0.46063296,426.5,19.6,0.67864678
108.1,3975.4,-7.8,1,0.42974074,426.5,19.6,0.67864678
109.1,3975.8,1,0.4,0.43375978,426.6,19.6,0.67857143
2003.8,3886.7,1894.7,-89.1,7.7881695,427.1,19.6,0.6781947
1997.9,3883.2,-5.9,-3.5,7.7582453,427.7,19.6,0.67774262
1999,3880.2,1.1,-3,7.7565198,428.2,19.6,0.67736588
2009,3877.1,10,-3.1,7.7890939,428.8,19.6,0.6769138
2003.9,3875.1,-5.1,-2,7.7653129,429.4,19.6,0.67646172
2004,3873,0.1,-2.1,7.761492,429.9,19.6,0.67608499
2002.9,3871.2,-1.1,-1.8,7.7536265,430.5,19.6,0.67563291
2007,3869,4.1,-2.2,7.765083,431,19.6,0.67525618
1994.9,3867.9,-12.1,-1.1,7.7160737,431.6,19.6,0.6748041
1997.9,3866.1,3,-1.8,7.7240812,432.1,19.6,0.67442737
1336,3895.7,-661.9,29.6,5.2046552,432.5,19.6,0.67412598
1343,3895.2,7,-0.5,5.2312536,432.9,19.6,0.67382459
1336,3895.2,-7,0,5.2039872,433.2,19.6,0.67359855
1337,3894.6,1,-0.6,5.2070802,433.6,19.6,0.67329717
1343,3893.7,6,-0.9,5.2292391,434,19.6,0.67299578
1344,3893.1,1,-0.6,5.2323264,434.4,19.6,0.67269439
1344,3892.4,0,-0.7,5.2313856,434.7,19.6,0.67246835
1338,3892.1,-6,-0.3,5.2076298,435.1,19.6,0.67216697
1340.9,3891.3,2.9,-0.8,5.2178442,435.5,19.6,0.67186558
1341,3890.7,0.1,-0.6,5.2174287,435.9,19.6,0.6715642
837.1,3913.9,-503.9,23.2,3.2763257,436.1,19.6,0.6714135
334.1,3938.2,-503,24.3,1.3157526,436.2,19.6,0.67133816
335,3939.6,0.9,1.4,1.319766,436.3,19.6,0.67126281
333.1,3940.7,-1.9,1.1,1.3126472,436.4,19.6,0.67118746
330,3941.6,-3.1,0.9,1.300728,436.5,19.6,0.67111212
336,3942,6,0.4,1.324512,436.6,19.6,0.67103677
329,3943,-7,1,1.297247,436.6,19.6,0.67103677
2547.8,3838.6,2218.8,-104.4,9.7799851,437.3,19.6,0.67050934
1296.1,3893.2,-1251.7,54.6,5.0459765,437.7,19.6,0.67020796
48,3951.6,-1248.1,58.4,0.1896768,437.8,19.6,0.67013261
45,3953.9,-3,2.3,0.1779255,437.8,19.6,0.67013261
44,3955.4,-1,1.5,0.1740376,437.8,19.6,0.67013261
44,3956.6,0,1.2,0.1740904,437.8,19.6,0.67013261
46,3957.5,2,0.9,0.182045,437.8,19.6,0.67013261
43,3958.5,-3,1,0.1702155,437.8,19.6,0.67013261
47,3959.1,4,0.6,0.1860777,437.8,19.6,0.67013261
46,3959.8,-1,0.7,0.1821508,437.8,19.6,0.67013261
46,3960.6,0,0.8,0.1821876,437.9,19.6,0.67005726
44,3961.3,-2,0.7,0.1742972,437.9,19.6,0.67005726
39,3962.1,-5,0.8,0.1545219,437.9,19.6,0.67005726
46,3962.3,7,0.2,0.1822658,437.9,19.6,0.67005726
40,3963.1,-6,0.8,0.158524,437.9,19.6,0.67005726
45,3963.4,5,0.3,0.178353,437.9,19.6,0.67005726
46,3963.9,1,0.5,0.1823394,437.9,19.6,0.67005726
43,3964.4,-3,0.5,0.1704692,437.9,19.6,0.67005726
44,3964.9,1,0.5,0.1744556,438,19.6,0.66998192
42,3965.3,-2,0.4,0.1665426,438,19.6,0.66998192
47,3965.5,5,0.2,0.1863785,438,19.6,0.66998192
47,3965.9,0,0.4,0.1863973,438,19.6,0.66998192
45,3966.4,-2,0.5,0.178488,438,19.6,0.66998192
39,3967,-6,0.6,0.154713,438,19.6,0.66998192
42,3967.3,3,0.3,0.1666266,438,19.6,0.66998192
42,3967.6,0,0.3,0.1666392,438,19.6,0.66998192
46,3967.7,4,0.1,0.1825142,438.1,19.6,0.66990657
47,3968,1,0.3,0.186496,438.1,19.6,0.66990657
44,3968.4,-3,0.4,0.1746096,438.1,19.6,0.66990657
43,3968.8,-1,0.4,0.1706584,438.1,19.6,0.66990657
41,3969.2,-2,0.4,0.1627372,438.1,19.6,0.66990657
41,3969.5,0,0.3,0.1627495,438.1,19.6,0.66990657
44,3969.6,3,0.1,0.1746624,438.1,19.6,0.66990657
43,3969.9,-1,0.3,0.1707057,438.1,19.6,0.66990657
43,3970.1,0,0.2,0.1707143,438.2,19.6,0.66983122
40,3970.5,-3,0.4,0.15882,438.2,19.6,0.66983122
37,3971,-3,0.5,0.146927,438.2,19.6,0.66983122
46,3970.8,9,-0.2,0.1826568,438.2,19.6,0.66983122
40,3971.3,-6,0.5,0.158852,438.2,19.6,0.66983122
41,3971.4,1,0.1,0.1628274,438.2,19.6,0.66983122
43,3971.6,2,0.2,0.1707788,438.2,19.6,0.66983122
47,3971.6,4,0,0.1866652,438.2,19.6,0.66983122
45,3971.9,-2,0.3,0.1787355,438.2,19.6,0.66983122
47,3972,2,0.1,0.186684,438.3,19.6,0.66975588
48,3972.1,1,0.1,0.1906608,438.3,19.6,0.66975588
45,3972.5,-3,0.4,0.1787625,438.3,19.6,0.66975588
39,3972.9,-6,0.4,0.1549431,438.3,19.6,0.66975588
47,3972.7,8,-0.2,0.1867169,438.3,19.6,0.66975588
37,3973.4,-10,0.7,0.1470158,438.3,19.6,0.66975588
49,3973,12,-0.4,0.194677,438.3,19.6,0.66975588
45,3973.3,-4,0.3,0.1787985,438.3,19.6,0.66975588
44,3973.6,-1,0.3,0.1748384,438.4,19.6,0.66968053
43,3973.8,-1,0.2,0.1708734,438.4,19.6,0.66968053
45,3973.8,2,0,0.178821,438.4,19.6,0.66968053
46,3973.9,1,0.1,0.1827994,438.4,19.6,0.66968053
45,3974.1,-1,0.2,0.1788345,438.4,19.6,0.66968053
46,3974.2,1,0.1,0.1828132,438.4,19.6,0.66968053
40,3974.7,-6,0.5,0.158988,438.4,19.6,0.66968053
42,3974.7,2,0,0.1669374,438.4,19.6,0.66968053
48,3974.6,6,-0.1,0.1907808,438.5,19.6,0.66960518
41,3975,-7,0.4,0.162975,438.5,19.6,0.66960518
40,3975.2,-1,0.2,0.159008,438.5,19.6,0.66960518
40,3975.3,0,0.1,0.159012,438.5,19.6,0.66960518
43,3975.3,3,0,0.1709379,438.5,19.6,0.66960518
47,3975.3,4,0,0.1868391,438.5,19.6,0.66960518
40,3975.7,-7,0.4,0.159028,438.5,19.6,0.66960518
45,3975.6,5,-0.1,0.178902,438.5,19.6,0.66960518
45,3975.7,0,0.1,0.1789065,438.6,19.6,0.66952984
45,3975.8,0,0.1,0.178911,438.6,19.6,0.66952984
42,3976.1,-3,0.3,0.1669962,438.6,19.6,0.66952984
38,3976.4,-4,0.3,0.1511032,438.6,19.6,0.66952984
40,3976.4,2,0,0.159056,438.6,19.6,0.66952984
39,3976.6,-1,0.2,0.1550874,438.6,19.6,0.66952984
37,3976.8,-2,0.2,0.1471416,438.6,19.6,0.66952984
36,3976.9,-1,0.1,0.1431684,438.6,19.6,0.66952984
42,3976.8,6,-0.1,0.1670256,438.6,19.6,0.66952984
38,3977.1,-4,0.3,0.1511298,438.6,19.6,0.66952984
44,3976.8,6,-0.3,0.1749792,438.7,19.6,0.66945449
48,3976.8,4,0,0.1908864,438.7,19.6,0.66945449
36,3977.4,-12,0.6,0.1431864,438.7,19.6,0.66945449
40,3977.3,4,-0.1,0.159092,438.7,19.6,0.66945449
34,3977.7,-6,0.4,0.1352418,438.7,19.6,0.66945449
41,3977.5,7,-0.2,0.1630775,438.7,19.6,0.66945449
43,3977.4,2,-0.1,0.1710282,438.7,19.6,0.66945449
37,3977.8,-6,0.4,0.1471786,438.7,19.6,0.66945449
37,3977.9,0,0.1,0.1471823,438.7,19.6,0.66945449
37,3978,0,0.1,0.147186,438.8,19.6,0.66937914
35,3978.1,-2,0.1,0.1392335,438.8,19.6,0.66937914
40,3978,5,-0.1,0.15912,438.8,19.6,0.66937914
45,3977.8,5,-0.2,0.179001,438.8,19.6,0.66937914
39,3978.2,-6,0.4,0.1551498,438.8,19.6,0.66937914
42,3978.1,3,-0.1,0.1670802,438.8,19.6,0.66937914
37,3978.5,-5,0.4,0.1472045,438.8,19.6,0.66937914
33,3978.7,-4,0.2,0.1312971,438.8,19.6,0.66937914
41,3978.5,8,-0.2,0.1631185,438.8,19.6,0.66937914
47,3978.2,6,-0.3,0.1869754,438.9,19.6,0.6693038
39,3978.7,-8,0.5,0.1551693,438.9,19.6,0.6693038
39,3978.8,0,0.1,0.1551732,438.9,19.6,0.6693038
41,3978.7,2,-0.1,0.1631267,438.9,19.6,0.6693038
45,3978.6,4,-0.1,0.179037,438.9,19.6,0.6693038
39,3978.9,-6,0.3,0.1551771,438.9,19.6,0.6693038
38,3979,-1,0.1,0.151202,438.9,19.6,0.6693038
42,3979,4,0,0.167118,438.9,19.6,0.6693038
40,3979.1,-2,0.1,0.159164,438.9,19.6,0.6693038
41,3979.1,1,0,0.1631431,439,19.6,0.66922845
42,3979.1,1,0,0.1671222,439,19.6,0.66922845
46,3979,4,-0.1,0.183034,439,19.6,0.66922845
38,3979.4,-8,0.4,0.1512172,439,19.6,0.66922845
44,3979.2,6,-0.2,0.1750848,439,19.6,0.66922845
42,3979.3,-2,0.1,0.1671306,439,19.6,0.66922845
31,3979.9,-11,0.6,0.1233769,439,19.6,0.66922845
40,3979.6,9,-0.3,0.159184,439,19.6,0.66922845
47,3979.3,7,-0.3,0.1870271,439.1,19.6,0.6691531
42,3979.5,-5,0.2,0.167139,439.1,19.6,0.6691531
39,3979.7,-3,0.2,0.1552083,439.1,19.6,0.6691531
39,3979.8,0,0.1,0.1552122,439.1,19.6,0.6691531
43,3979.6,4,-0.2,0.1711228,439.1,19.6,0.6691531
38,3979.9,-5,0.3,0.1512362,439.1,19.6,0.6691531
39,3980,1,0.1,0.15522,439.1,19.6,0.6691531
40,3979.9,1,-0.1,0.159196,439.1,19.6,0.6691531
34,3980.3,-6,0.4,0.1353302,439.1,19.6,0.6691531
39,3980.1,5,-0.2,0.1552239,439.2,19.6,0.66907776
35,3980.4,-4,0.3,0.139314,439.2,19.6,0.66907776
44,3980,9,-0.4,0.17512,439.2,19.6,0.66907776
41,3980.1,-3,0.1,0.1631841,439.2,19.6,0.66907776
40,3980.2,-1,0.1,0.159208,439.2,19.6,0.66907776
37,3980.4,-3,0.2,0.1472748,439.2,19.6,0.66907776
35,3980.6,-2,0.2,0.139321,439.2,19.6,0.66907776
39,3980.4,4,-0.2,0.1552356,439.2,19.6,0.66907776
39,3980.5,0,0.1,0.1552395,439.2,19.6,0.66907776
34,3980.7,-5,0.2,0.1353438,439.2,19.6,0.66907776
38,3980.6,4,-0.1,0.1512628,439.3,19.6,0.66900241
38,3980.7,0,0.1,0.1512666,439.3,19.6,0.66900241
33,3980.9,-5,0.2,0.1313697,439.3,19.6,0.66900241
15,3981.9,-18,1,0.0597285,439.3,19.6,0.66900241
22,3981.6,7,-0.3,0.0875952,439.3,19.6,0.66900241
24,3981.6,2,0,0.0955584,439.3,19.6,0.66900241
16,3982,-8,0.4,0.063712,439.3,19.6,0.66900241
23,3981.8,7,-0.2,0.0915814,439.3,19.6,0.66900241
22,3981.9,-1,0.1,0.0876018,439.3,19.6,0.66900241
23,3981.9,1,0,0.0915837,439.3,19.6,0.66900241
24,3981.9,1,0,0.0955656,439.3,19.6,0.66900241
22,3982,-2,0.1,0.087604,439.3,19.6,0.66900241
25,3981.9,3,-0.1,0.0995475,439.3,19.6,0.66900241
23,3982.1,-2,0.2,0.0915883,439.3,19.6,0.66900241
29,3981.9,6,-0.2,0.1154751,439.4,19.6,0.66892706
19,3982.4,-10,0.5,0.0756656,439.4,19.6,0.66892706
21,3982.3,2,-0.1,0.0836283,439.4,19.6,0.66892706
20,3982.4,-1,0.1,0.079648,439.4,19.6,0.66892706
26,3982.2,6,-0.2,0.1035372,439.4,19.6,0.66892706
23,3982.4,-3,0.2,0.0915952,439.4,19.6,0.66892706
22,3982.5,-1,0.1,0.087615,439.4,19.6,0.66892706
23,3982.5,1,0,0.0915975,439.4,19.6,0.66892706
27,3982.3,4,-0.2,0.1075221,439.4,19.6,0.66892706
27,3982.4,0,0.1,0.1075248,439.4,19.6,0.66892706
28,3982.3,1,-0.1,0.1115044,439.4,19.6,0.66892706
22,3982.7,-6,0.4,0.0876194,439.4,19.6,0.66892706
28,3982.4,6,-0.3,0.1115072,439.4,19.6,0.66892706
21,3982.8,-7,0.4,0.0836388,439.4,19.6,0.66892706
17,3983,-4,0.2,0.067711,439.4,19.6,0.66892706
26,3982.7,9,-0.3,0.1035502,439.4,19.6,0.66892706
25,3982.8,-1,0.1,0.09957,439.5,19.6,0.66885172
20,3983.1,-5,0.3,0.079662,439.5,19.6,0.66885172
23,3983,3,-0.1,0.091609,439.5,19.6,0.66885172
21,3983.1,-2,0.1,0.0836451,439.5,19.6,0.66885172
25,3982.9,4,-0.2,0.0995725,439.5,19.6,0.66885172
23,3983,-2,0.1,0.091609,439.5,19.6,0.66885172
27,3982.9,4,-0.1,0.1075383,439.5,19.6,0.66885172
21,3983.2,-6,0.3,0.0836472,439.5,19.6,0.66885172
20,3983.3,-1,0.1,0.079666,439.5,19.6,0.66885172
25,3983.1,5,-0.2,0.0995775,439.5,19.6,0.66885172
21,3983.3,-4,0.2,0.0836493,439.5,19.6,0.66885172
20,3983.4,-1,0.1,0.079668,439.5,19.6,0.66885172
23,3983.3,3,-0.1,0.0916159,439.5,19.6,0.66885172
23,3983.4,0,0.1,0.0916182,439.5,19.6,0.66885172
21,3983.5,-2,0.1,0.0836535,439.5,19.6,0.66885172
25,3983.3,4,-0.2,0.0995825,439.5,19.6,0.66885172
22,3983.5,-3,0.2,0.087637,439.6,19.6,0.66877637
23,3983.5,1,0,0.0916205,439.6,19.6,0.66877637
22,3983.6,-1,0.1,0.0876392,439.6,19.6,0.66877637
21,3983.6,-1,0,0.0836556,439.6,19.6,0.66877637
27,3983.4,6,-0.2,0.1075518,439.6,19.6,0.66877637
32,3983.2,5,-0.2,0.1274624,439.6,19.6,0.66877637
20,3983.7,-12,0.5,0.079674,439.6,19.6,0.66877637
28,3983.4,8,-0.3,0.1115352,439.6,19.6,0.66877637
25,3983.6,-3,0.2,0.09959,439.6,19.6,0.66877637
21,3983.8,-4,0.2,0.0836598,439.6,19.6,0.66877637
23,3983.8,2,0,0.0916274,439.6,19.6,0.66877637
22,3983.9,-1,0.1,0.0876458,439.6,19.6,0.66877637
24,3983.8,2,-0.1,0.0956112,439.6,19.6,0.66877637
22,3983.9,-2,0.1,0.0876458,439.6,19.6,0.66877637
19,3984.1,-3,0.2,0.0756979,439.6,19.6,0.66877637
24,3983.8,5,-0.3,0.0956112,439.7,19.6,0.66870102
19,3984.2,-5,0.4,0.0756998,439.7,19.6,0.66870102
28,3983.8,9,-0.4,0.1115464,439.7,19.6,0.66870102
40,3983.2,12,-0.6,0.159328,439.7,19.6,0.66870102
47,3982.9,7,-0.3,0.1871963,439.7,19.6,0.66870102
42,3983.1,-5,0.2,0.1672902,439.7,19.6,0.66870102
40,3983.2,-2,0.1,0.159328,439.7,19.6,0.66870102
39,3983.2,-1,0,0.1553448,439.7,19.6,0.66870102
43,3983.1,4,-0.1,0.1712733,439.7,19.6,0.66870102
37,3983.3,-6,0.2,0.1473821,439.7,19.6,0.66870102
40,3983.2,3,-0.1,0.159328,439.8,19.6,0.66862568
41,3983.2,1,0,0.1633112,439.8,19.6,0.66862568
42,3983.1,1,-0.1,0.1672902,439.8,19.6,0.66862568
38,3983.4,-4,0.3,0.1513692,439.8,19.6,0.66862568
39,3983.3,1,-0.1,0.1553487,439.8,19.6,0.66862568
41,3983.2,2,-0.1,0.1633112,439.8,19.6,0.66862568
39,3983.4,-2,0.2,0.1553526,439.8,19.6,0.66862568
43,3983.2,4,-0.2,0.1712776,439.8,19.6,0.66862568
44,3983.1,1,-0.1,0.1752564,439.8,19.6,0.66862568
38,3983.4,-6,0.3,0.1513692,439.9,19.6,0.66855033
41,3983.3,3,-0.1,0.1633153,439.9,19.6,0.66855033
41,3983.3,0,0,0.1633153,439.9,19.6,0.66855033
45,3983.1,4,-0.2,0.1792395,439.9,19.6,0.66855033
44,3983.2,-1,0.1,0.1752608,439.9,19.6,0.66855033
46,3983.1,2,-0.1,0.1832226,439.9,19.6,0.66855033
46,3983.1,0,0,0.1832226,439.9,19.6,0.66855033
40,3983.4,-6,0.3,0.159336,439.9,19.6,0.66855033
40,3983.4,0,0,0.159336,440,19.6,0.66847498
42,3983.3,2,-0.1,0.1672986,440,19.6,0.66847498
41,3983.3,-1,0,0.1633153,440,19.6,0.66847498
42,3983.3,1,0,0.1672986,440,19.6,0.66847498
40,3983.5,-2,0.2,0.15934,440,19.6,0.66847498
41,3983.4,1,-0.1,0.1633194,440,19.6,0.66847498
37,3983.6,-4,0.2,0.1473932,440,19.6,0.66847498
44,3983.3,7,-0.3,0.1752652,440,19.6,0.66847498
40,3983.5,-4,0.2,0.15934,440,19.6,0.66847498
40,3983.5,0,0,0.15934,440.1,19.6,0.66839964
43,3983.4,3,-0.1,0.1712862,440.1,19.6,0.66839964
39,3983.6,-4,0.2,0.1553604,440.1,19.6,0.66839964
40,3983.6,1,0,0.159344,440.1,19.6,0.66839964
35,3983.8,-5,0.2,0.139433,440.1,19.6,0.66839964
38,3983.7,3,-0.1,0.1513806,440.1,19.6,0.66839964
38,3983.7,0,0,0.1513806,440.1,19.6,0.66839964
40,3983.6,2,-0.1,0.159344,440.1,19.6,0.66839964
40,3983.7,0,0.1,0.159348,440.1,19.6,0.66839964
41,3983.7,1,0,0.1633317,440.2,19.6,0.66832429
39,3983.7,-2,0,0.1553643,440.2,19.6,0.66832429
42,3983.6,3,-0.1,0.1673112,440.2,19.6,0.66832429
43,3983.5,1,-0.1,0.1712905,440.2,19.6,0.66832429
43,3983.5,0,0,0.1712905,440.2,19.6,0.66832429
38,3983.8,-5,0.3,0.1513844,440.2,19.6,0.66832429
37,3983.9,-1,0.1,0.1474043,440.2,19.6,0.66832429
36,3983.9,-1,0,0.1434204,440.2,19.6,0.66832429
38,3983.8,2,-0.1,0.1513844,440.2,19.6,0.66832429
40,3983.8,2,0,0.159352,440.3,19.6,0.66824895
45,3983.6,5,-0.2,0.179262,440.3,19.6,0.66824895
40,3983.8,-5,0.2,0.159352,440.3,19.6,0.66824895
39,3983.8,-1,0,0.1553682,440.3,19.6,0.66824895
39,3983.9,0,0.1,0.1553721,440.3,19.6,0.66824895
46,3983.6,7,-0.3,0.1832456,440.3,19.6,0.66824895
34,3984.1,-12,0.5,0.1354594,440.3,19.6,0.66824895
44,3983.7,10,-0.4,0.1752828,440.3,19.6,0.66824895
43,3983.7,-1,0,0.1712991,440.3,19.6,0.66824895
46,3983.6,3,-0.1,0.1832456,440.4,19.6,0.6681736
41,3983.9,-5,0.3,0.1633399,440.4,19.6,0.6681736
43,3983.7,2,-0.2,0.1712991,440.4,19.6,0.6681736
37,3984.1,-6,0.4,0.1474117,440.4,19.6,0.6681736
40,3983.9,3,-0.2,0.159356,440.4,19.6,0.6681736
42,3983.9,2,0,0.1673238,440.4,19.6,0.6681736
39,3984,-3,0.1,0.155376,440.4,19.6,0.6681736
44,3983.8,5,-0.2,0.1752872,440.4,19.6,0.6681736
43,3983.8,-1,0,0.1713034,440.4,19.6,0.6681736
37,3984.1,-6,0.3,0.1474117,440.5,19.6,0.66809825
40,3984,3,-0.1,0.15936,440.5,19.6,0.66809825
42,3983.9,2,-0.1,0.1673238,440.5,19.6,0.66809825
44,3983.8,2,-0.1,0.1752872,440.5,19.6,0.66809825
41,3984,-3,0.2,0.163344,440.5,19.6,0.66809825
44,3983.9,3,-0.1,0.1752916,440.5,19.6,0.66809825
37,3984.2,-7,0.3,0.1474154,440.5,19.6,0.66809825
43,3983.9,6,-0.3,0.1713077,440.5,19.6,0.66809825
43,3984,0,0.1,0.171312,440.6,19.6,0.66802291
42,3984,-1,0,0.167328,440.6,19.6,0.66802291
47,3983.8,5,-0.2,0.1872386,440.6,19.6,0.66802291
38,3984.2,-9,0.4,0.1513996,440.6,19.6,0.66802291
36,3984.3,-2,0.1,0.1434348,440.6,19.6,0.66802291
42,3984.1,6,-0.2,0.1673322,440.6,19.6,0.66802291
49,3983.8,7,-0.3,0.1952062,440.6,19.6,0.66802291
40,3984.1,-9,0.3,0.159364,440.6,19.6,0.66802291
36,3984.4,-4,0.3,0.1434384,440.6,19.6,0.66802291
40,3984.2,4,-0.2,0.159368,440.7,19.6,0.66794756
36,3984.4,-4,0.2,0.1434384,440.7,19.6,0.66794756
45,3984,9,-0.4,0.17928,440.7,19.6,0.66794756
35,3984.5,-10,0.5,0.1394575,440.7,19.6,0.66794756
42,3984.1,7,-0.4,0.1673322,440.7,19.6,0.66794756
41,3984.2,-1,0.1,0.1633522,440.7,19.6,0.66794756
44,3984.1,3,-0.1,0.1753004,440.7,19.6,0.66794756
41,3984.2,-3,0.1,0.1633522,440.7,19.6,0.66794756
41,3984.3,0,0.1,0.1633563,440.7,19.6,0.66794756
43,3984.2,2,-0.1,0.1713206,440.8,19.6,0.66787221
46,3984,3,-0.2,0.183264,440.8,19.6,0.66787221
42,3984.2,-4,0.2,0.1673364,440.8,19.6,0.66787221
39,3984.4,-3,0.2,0.1553916,440.8,19.6,0.66787221
44,3984.1,5,-0.3,0.1753004,440.8,19.6,0.66787221
34,3984.6,-10,0.5,0.1354764,440.8,19.6,0.66787221
43,3984.2,9,-0.4,0.1713206,440.8,19.6,0.66787221
40,3984.4,-3,0.2,0.159376,440.8,19.6,0.66787221
36,3984.6,-4,0.2,0.1434456,440.8,19.6,0.66787221
45,3984.2,9,-0.4,0.179289,440.9,19.6,0.66779687
47,3984.1,2,-0.1,0.1872527,440.9,19.6,0.66779687
39,3984.5,-8,0.4,0.1553955,440.9,19.6,0.66779687
40,3984.5,1,0,0.15938,440.9,19.6,0.66779687
46,3984.1,6,-0.4,0.1832686,440.9,19.6,0.66779687
43,3984.3,-3,0.2,0.1713249,440.9,19.6,0.66779687
38,3984.5,-5,0.2,0.151411,440.9,19.6,0.66779687
38,3984.6,0,0.1,0.1514148,440.9,19.6,0.66779687
39,3984.6,1,0,0.1553994,441,19.6,0.66772152
40,3984.5,1,-0.1,0.15938,441,19.6,0.66772152
42,3984.4,2,-0.1,0.1673448,441,19.6,0.66772152
41,3984.5,-1,0.1,0.1633645,441,19.6,0.66772152
43,3984.3,2,-0.2,0.1713249,441,19.6,0.66772152
45,3984.3,2,0,0.1792935,441,19.6,0.66772152
38,3984.7,-7,0.4,0.1514186,441,19.6,0.66772152
45,3984.4,7,-0.3,0.179298,441,19.6,0.66772152
37,3984.7,-8,0.3,0.1474339,441,19.6,0.66772152
37,3984.8,0,0.1,0.1474376,441.1,19.6,0.66764617
45,3984.4,8,-0.4,0.179298,441.1,19.6,0.66764617
40,3984.6,-5,0.2,0.159384,441.1,19.6,0.66764617
44,3984.5,4,-0.1,0.175318,441.1,19.6,0.66764617
41,3984.6,-3,0.1,0.1633686,441.1,19.6,0.66764617
40,3984.6,-1,0,0.159384,441.1,19.6,0.66764617
36,3984.9,-4,0.3,0.1434564,441.1,19.6,0.66764617
40,3984.7,4,-0.2,0.159388,441.1,19.6,0.66764617
47,3984.3,7,-0.4,0.1872621,441.1,19.6,0.66764617
40,3984.7,-7,0.4,0.159388,441.2,19.6,0.66757083
39,3984.7,-1,0,0.1554033,441.2,19.6,0.66757083
39,3984.7,0,0,0.1554033,441.2,19.6,0.66757083
41,3984.7,2,0,0.1633727,441.2,19.6,0.66757083
35,3984.9,-6,0.2,0.1394715,441.2,19.5,0.66757083
37,3984.9,2,0,0.1474413,441.2,19.5,0.66757083
43,3984.6,6,-0.3,0.1713378,441.2,19.6,0.66757083
45,3984.5,2,-0.1,0.1793025,441.2,19.5,0.66757083
379.1,3968.7,334.1,-15.8,1.5045342,441.3,19.5,0.66749548
381.1,3967.9,2,-0.8,1.5121667,441.4,19.5,0.66742013
384,3967.1,2.9,-0.8,1.5233664,441.5,19.5,0.66734479
380.1,3966.8,-3.9,-0.3,1.5077807,441.6,19.5,0.66726944
377.1,3966.5,-3,-0.3,1.4957671,441.8,19.5,0.66711875
378.1,3966.1,1,-0.4,1.4995824,441.9,19.5,0.6670434
382,3965.5,3.9,-0.6,1.514821,442,19.5,0.66696805
375,3965.4,-7,-0.1,1.487025,442.1,19.5,0.66689271
970,3937,595,-28.4,3.81889,442.3,19.5,0.66674201
976,3935,6,-2,3.84056,442.6,19.5,0.66651597
974,3933.8,-2,-1.2,3.8315212,442.9,19.5,0.66628993
980,3932.3,6,-1.5,3.853654,443.2,19.5,0.66606389
344.1,3961.3,-635.9,29,1.3630833,443.2,19.5,0.66606389
334,3962.2,-10.1,0.9,1.3233748,443.3,19.5,0.66598855
337,3962.2,3,0,1.3352614,443.4,19.5,0.6659132
337.1,3962.3,0.1,0.1,1.3356913,443.5,19.5,0.66583785
339.1,3962.1,2,-0.2,1.3435481,443.6,19.5,0.66576251
-1170.9,4034.2,-1510,72.1,-4.7236448,443.3,19.5,0.66598855
-1169.9,4037.4,1,3.2,-4.7233543,443,19.5,0.66621459
-1170.9,4040.1,-1,2.7,-4.7305531,442.7,19.5,0.66644063
-1176.9,4042.4,-6,2.3,-4.7575006,442.4,19.5,0.66666667
-1169,4043.9,7.9,1.5,-4.7273191,442,19.5,0.66696805
-1168,4045.6,1,1.7,-4.7252608,441.7,19.5,0.66719409
-1170.9,4047.2,-2.9,1.6,-4.7388665,441.4,19.5,0.66742013
-1176,4049,-5.1,1.8,-4.761624,441.1,19.5,0.66764617
-1176,4050.3,0,1.3,-4.7631528,440.7,19.5,0.66794756
-200.1,4005.5,975.9,-44.8,-0.80150055,440.7,19.5,0.66794756
777.9,3957.8,978,-47.7,3.0787726,440.8,19.5,0.66787221
774,3955.4,-3.9,-2.4,3.0614796,441.1,19.5,0.66764617
771,3953.7,-3,-1.7,3.0483027,441.3,19.5,0.66749548
769,3952.2,-2,-1.5,3.0392418,441.5,19.5,0.66734479
774,3950.7,5,-1.5,3.0578418,441.7,19.5,0.66719409
1286.9,3925.2,512.9,-25.5,5.0513399,442.1,19.5,0.66689271
1288.1,3922.9,1.2,-2.3,5.0530875,442.4,19.5,0.66666667
1695.9,3901.8,407.8,-21.1,6.6170626,442.9,19.5,0.66628993
2102.8,3879.9,406.9,-21.9,8.1586537,443.5,19.5,0.66583785
2106.7,3876.7,3.9,-3.2,8.1670439,444.1,19.5,0.66538577
800.1,3935.7,-1306.6,59,3.1489536,444.3,19.5,0.66523508
-500.9,3998.2,-1301,62.5,-2.0026984,444.2,19.5,0.66531043
-503.9,4001.1,-3,2.9,-2.0161543,444,19.5,0.66546112
-500,4002.9,3.9,1.8,-2.00145,443.9,19.5,0.66553647
-497.1,4004.2,2.9,1.3,-1.9904878,443.8,19.5,0.66561181
-505,4005.9,-7.9,1.7,-2.0229795,443.6,19.5,0.66576251
-498.1,4006.7,6.9,0.8,-1.9957373,443.5,19.5,0.66583785
-499.9,4007.8,-1.8,1.1,-2.0034992,443.3,19.5,0.66598855
-502,4008.8,-2.1,1,-2.0124176,443.2,19.5,0.66606389
-504,4009.8,-2,1,-2.0209392,443.1,19.5,0.66613924
984,3939.7,1488,-70.1,3.8766648,443.3,19.5,0.66598855
983,3937.1,-1,-2.6,3.8701693,443.6,19.5,0.66576251
982,3935.3,-1,-1.8,3.8644646,443.8,19.5,0.66561181
988,3933.5,6,-1.8,3.886298,444.1,19.5,0.66538577
982.1,3932.4,-5.9,-1.1,3.86201,444.4,19.5,0.66515973
986.1,3931,4,-1.4,3.8763591,444.7,19.5,0.66493369
982.1,3930.1,-4,-0.9,3.8597512,444.9,19.5,0.664783
983,3929.1,0.9,-1,3.8623053,445.2,19.5,0.66455696
982,3928.2,-1,-0.9,3.8574924,445.5,19.5,0.66433092
982.9,3927.2,0.9,-1,3.8600449,445.7,19.5,0.66418023
939.1,3928.4,-43.8,1.2,3.6891604,446,19.5,0.66395419
946,3927.4,6.9,-1,3.7153204,446.3,19.5,0.66372815
941,3926.9,-5,-0.5,3.6952129,446.5,19.5,0.66357746
943,3926.2,2,-0.7,3.7024066,446.8,19.5,0.66335142
942.9,3925.4,-0.1,-0.8,3.7012597,447.1,19.5,0.66312538
-426.9,3990.3,-1369.8,64.9,-1.7034591,447,19.6,0.66320072
-428,3992.8,-1.1,2.5,-1.7089184,446.9,19.6,0.66327607
-430,3994.6,-2,1.8,-1.717678,446.7,19.6,0.66342676
-426.9,3995.9,3.1,1.3,-1.7058497,446.6,19.6,0.66350211
-431,3997.3,-4.1,1.4,-1.7228363,446.5,19.6,0.66357746
-435,3998.6,-4,1.3,-1.739391,446.4,19.6,0.6636528
-425.9,3999.2,9.1,0.6,-1.7032593,446.3,19.6,0.66372815
-432,4000.3,-6.1,1.1,-1.7281296,446.1,19.6,0.66387884
-424,4000.8,8,0.5,-1.6963392,446,19.6,0.66395419
-427,4001.7,-3,0.9,-1.7087259,445.9,19.6,0.66402954
995,3934.6,1422,-67.1,3.914927,446.1,19.6,0.66387884
2423.9,3864.6,1428.9,-70,9.3674039,446.8,19.6,0.66335142
2432.9,3859.2,9,-5.4,9.3890477,447.5,19.6,0.66282399
2422,3855.8,-10.9,-3.4,9.3387476,448.2,19.6,0.66229656
471.1,3944.8,-1950.9,89,1.8583953,448.3,19.6,0.66222122
478,3945.7,6.9,0.9,1.8860446,448.4,19.6,0.66214587
470,3946.7,-8,1,1.854949,448.6,19.6,0.66199518
476,3946.7,6,0,1.8786292,448.7,19.6,0.66191983
2062.8,3871.7,1586.8,-75,7.9865428,449.3,19.6,0.66146775
2067.9,3868,5.1,-3.7,7.9986372,449.8,19.6,0.66109102
2064,3865.7,-3.9,-2.3,7.9788048,450.4,19.6,0.66063894
2060,3863.6,-4,-2.1,7.959016,451,19.6,0.66018686
2064.9,3861.4,4.9,-2.2,7.9734049,451.6,19.6,0.65973478
2065.9,3859.4,1,-2,7.9731345,452.1,19.6,0.65935805
2068.9,3857.4,3,-2,7.9805749,452.7,19.6,0.65890597
2064.9,3855.9,-4,-1.5,7.9620479,453.3,19.6,0.65845389
2068.9,3854.1,4,-1.8,7.9737475,453.9,19.6,0.65800181
2062.9,3852.8,-6,-1.3,7.9479411,454.4,19.6,0.65762508
536,3923.7,-1526.9,70.9,2.1031032,454.6,19.6,0.65747438
539,3925.5,3,1.8,2.1158445,454.7,19.6,0.65739904
537,3926.7,-2,1.2,2.1086379,454.9,19.6,0.65724834
541,3927.5,4,0.8,2.1247775,455,19.6,0.657173
538.1,3928.2,-2.9,0.7,2.1137644,455.2,19.6,0.6570223
541,3928.5,2.9,0.3,2.1253185,455.3,19.6,0.65694696
-80,3959,-621,30.5,-0.31672,455.3,19.6,0.65694696
-702,3990.2,-622,31.2,-2.8011204,455.2,19.6,0.6570223
-697,3992.8,5,2.6,-2.7829816,455,19.6,0.657173
-706,3995.4,-9,2.6,-2.8207524,454.8,19.6,0.65732369
-703,3997.3,3,1.9,-2.8101019,454.6,19.6,0.65747438
-697,3998.7,6,1.4,-2.7870939,454.4,19.6,0.65762508
-703.9,4000.7,-6.9,2,-2.8160927,454.2,19.6,0.65777577
-700,4002,3.9,1.3,-2.8014,454,19.6,0.65792646
-700,4003.5,0,1.5,-2.80245,453.8,19.6,0.65807715
-703,4004.9,-3,1.4,-2.8154447,453.6,19.6,0.65822785
1625.8,3895.5,2328.8,-109.4,6.3333039,454,19.6,0.65792646
1619,3891.8,-6.8,-3.7,6.3008242,454.4,19.6,0.65762508
776.1,3928.8,-842.9,37,3.0491417,454.6,19.6,0.65747438
-74,3969.2,-850.1,40.4,-0.2937208,454.7,19.6,0.65739904
-73,3970.5,1,1.3,-0.2898465,454.7,19.6,0.65739904
-70,3971.2,3,0.7,-0.277984,454.6,19.6,0.65747438
-73,3972.1,-3,0.9,-0.2899633,454.6,19.6,0.65747438
-75,3972.9,-2,0.8,-0.2979675,454.6,19.6,0.65747438
-74,3973.4,1,0.5,-0.2940316,454.6,19.6,0.65747438
-76,3973.9,-2,0.5,-0.3020164,454.6,19.6,0.65747438
1517,3898.6,1593,-75.3,5.9141762,454.9,19.6,0.65724834
1520,3895.2,3,-3.4,5.920704,455.4,19.6,0.65687161
726.1,3930.4,-793.9,35.2,2.8538634,455.6,19.6,0.65672092
-71,3968.6,-797.1,38.2,-0.2817706,455.6,19.6,0.65672092
-67,3969.8,4,1.2,-0.2659766,455.6,19.6,0.65672092
-71,3971,-4,1.2,-0.281941,455.5,19.6,0.65679626
-68,3971.7,3,0.7,-0.2700756,455.5,19.6,0.65679626
-74,3972.6,-6,0.9,-0.2939724,455.5,19.6,0.65679626
-66,3972.9,8,0.3,-0.2622114,455.5,19.6,0.65679626
-68,3973.5,-2,0.6,-0.270198,455.5,19.6,0.65679626
-72,3974.1,-4,0.6,-0.2861352,455.4,19.6,0.65687161
-68,3974.5,4,0.4,-0.270266,455.4,19.6,0.65687161
1264,3911.4,1332,-63.1,4.9440096,455.7,19.6,0.65664557
2586.8,3846.1,1322.8,-65.3,9.9490915,456.5,19.6,0.6560428
2587,3841.2,0.2,-4.9,9.9371844,457.2,19.6,0.65551537
2575,3837.9,-12,-3.3,9.8825925,457.9,19.6,0.65498794
2587,3834,12,-3.9,9.918558,458.6,19.6,0.65446052
2582.9,3831.2,-4.1,-2.8,9.8956065,459.3,19.6,0.65393309
1598,3875,-984.9,43.8,6.19225,459.8,19.6,0.65355636
610.1,3921.5,-987.9,46.5,2.3925071,459.9,19.6,0.65348101
610,3923,-0.1,1.5,2.39303,460.1,19.6,0.65333032
605,3924.1,-5,1.1,2.3740805,460.3,19.6,0.65317963
-918.9,3997.4,-1523.9,73.3,-3.6732109,460.1,19.6,0.65333032
-923,4001.4,-4.1,4,-3.6932922,459.8,19.6,0.65355636
-922,4004.4,1,3,-3.6920568,459.6,19.6,0.65370705
735,3927.9,1657,-76.5,2.8870065,459.7,19.6,0.65363171
731,3926.6,-4,-1.3,2.8703446,459.9,19.6,0.65348101
478,3937.7,-253,11.1,1.8822206,460.1,19.6,0.65333032
228.1,3949.4,-249.9,11.7,0.90085814,460.1,19.6,0.65333032
221.1,3950.2,-7,0.8,0.87338922,460.2,19.6,0.65325497
-600,3990,-821.1,39.8,-2.394,460.1,19.6,0.65333032
-603,3992.5,-3,2.5,-2.4074775,459.9,19.6,0.65348101
-79,3969.4,524,-23.1,-0.3135826,459.9,19.6,0.65348101
-79,3969.7,0,0.3,-0.3136063,459.8,19.6,0.65355636
80,3962,159,-7.7,0.31696,459.9,19.6,0.65348101
70,3962.6,-10,0.6,0.277382,459.9,19.6,0.65348101
76,3962.6,6,0,0.3011576,459.9,19.6,0.65348101
69,3963.2,-7,0.6,0.2734608,459.9,19.6,0.65348101
76,3963.1,7,-0.1,0.3011956,459.9,19.6,0.65348101
72,3963.5,-4,0.4,0.285372,460,19.6,0.65340567
72,3963.8,0,0.3,0.2853936,460,19.6,0.65340567
77,3963.8,5,0,0.3052126,460,19.6,0.65340567
77,3964,0,0.2,0.305228,460,19.6,0.65340567
598,3939.6,521,-24.4,2.3558808,460.2,19.6,0.65325497
604,3938.4,6,-1.2,2.3787936,460.3,19.6,0.65317963
1273,3906.1,669,-32.3,4.9724653,460.7,19.6,0.65287824
1938.9,3872.4,665.9,-33.7,7.5081964,461.2,19.6,0.65250151
1940.9,3869.1,2,-3.3,7.5095362,461.8,19.6,0.65204943
1939.9,3866.5,-1,-2.6,7.5006233,462.3,19.6,0.65167269
1934.9,3864.4,-5,-2.1,7.4772276,462.8,19.6,0.65129596
1940.9,3862.1,6,-2.3,7.4959499,463.4,19.6,0.65084388
1943,3860.1,2.1,-2,7.5001743,463.9,19.6,0.65046715
1936,3858.6,-7,-1.5,7.4702496,464.5,19.6,0.65001507
1936.9,3857,0.9,-1.6,7.4706233,465,19.6,0.64963834
748.2,3911.7,-1188.7,54.7,2.9267339,465.2,19.6,0.64948764
-447.9,3970.1,-1196.1,58.4,-1.7782078,465.1,19.6,0.64956299
-444,3973.3,3.9,3.2,-1.7641452,465,19.6,0.64963834
-451.9,3976.2,-7.9,2.9,-1.7968448,464.9,19.6,0.64971368
-446,3977.9,5.9,1.7,-1.7741434,464.8,19.6,0.64978903
-446.9,3979.7,-0.9,1.8,-1.7785279,464.6,19.6,0.64993972
-450,3981.4,-3.1,1.7,-1.79163,464.5,19.6,0.65001507
-444,3982.5,6,1.1,-1.76823,464.4,19.6,0.65009042
-443,3983.7,1,1.2,-1.7647791,464.3,19.6,0.65016576
775.9,3926.7,1218.9,-57,3.0467265,464.4,19.6,0.65009042
778.1,3924.9,2.2,-1.8,3.0539647,464.7,19.6,0.64986438
777.1,3923.8,-1,-1.1,3.049185,464.9,19.6,0.64971368
779,3922.9,1.9,-0.9,3.0559391,465.1,19.6,0.64956299
785,3921.9,6,-1,3.0786915,465.3,19.6,0.6494123
785,3921.2,0,-0.7,3.078142,465.5,19.6,0.6492616
1424,3890.4,639,-30.8,5.5399296,465.9,19.6,0.64896022
1422,3888.5,-2,-1.9,5.529447,466.3,19.6,0.64865883
1418,3887.1,-4,-1.4,5.5119078,466.7,19.6,0.64835744
1422.9,3885.5,4.9,-1.6,5.528678,467.1,19.6,0.64805606
1418,3884.4,-4.9,-1.1,5.5080792,467.5,19.6,0.64775467
1420.9,3883,2.9,-1.4,5.5173547,467.9,19.6,0.64745329
-556.9,3976.3,-1977.8,93.3,-2.2144015,467.8,19.6,0.64752863
-560.9,3980,-4,3.7,-2.232382,467.6,19.6,0.64767932
-555.9,3982.2,5,2.2,-2.213705,467.5,19.6,0.64775467
-558,3984.4,-2.1,2.2,-2.2232952,467.3,19.6,0.64790536
-558,3986.2,0,1.8,-2.2242996,467.2,19.6,0.64798071
-558,3987.8,0,1.6,-2.2251924,467,19.6,0.6481314
70,3958.9,628,-28.9,0.277123,467,19.6,0.6481314
692.1,3929.4,622.1,-29.5,2.7195377,467.2,19.6,0.64798071
686.2,3928.3,-5.9,-1.1,2.6955995,467.4,19.6,0.64783002
420.1,3940,-266.1,11.7,1.655194,467.5,19.6,0.64775467
153.1,3952.6,-267,12.6,0.60514306,467.5,19.6,0.64775467
153.1,3953.1,0,0.5,0.60521961,467.6,19.6,0.64767932
154.1,3953.5,1,0.4,0.60923435,467.6,19.6,0.64767932
156.1,3953.7,2,0.2,0.61717257,467.7,19.6,0.64760398
148.1,3954.3,-8,0.6,0.58563183,467.7,19.6,0.64760398
145.1,3954.8,-3,0.5,0.57384148,467.7,19.6,0.64760398
148.1,3954.9,3,0.1,0.58572069,467.8,19.6,0.64752863
-952.9,4007.8,-1101,52.9,-3.8190326,467.6,19.6,0.64767932
-957,4010.7,-4.1,2.9,-3.8382399,467.3,19.6,0.64790536
-953.9,4012.7,3.1,2,-3.8277145,467,19.6,0.6481314
-952,4014.5,1.9,1.8,-3.821804,466.8,19.6,0.6482821
-954,4016.3,-2,1.8,-3.8315502,466.5,19.6,0.64850814
-955,4017.9,-1,1.6,-3.8370945,466.2,19.6,0.64873418
-950.1,4019.1,4.9,1.2,-3.8185469,466,19.6,0.64888487
-955,4020.7,-4.9,1.6,-3.8397685,465.7,19.6,0.64911091
-951,4021.8,4,1.1,-3.8247318,465.4,19.6,0.64933695
-954,4023.2,-3,1.4,-3.8381328,465.2,19.6,0.64948764
-663,4010.7,291,-12.5,-2.6590941,465,19.6,0.64963834
-370.1,3997.4,292.9,-13.3,-1.4794377,464.9,19.6,0.64971368
-369,3997.2,1.1,-0.2,-1.4749668,464.8,19.6,0.64978903
-375,3997.7,-6,0.5,-1.4991375,464.7,19.6,0.64986438
-370.1,3997.7,4.9,0,-1.4795488,464.6,19.6,0.64993972
-377,3998.3,-6.9,0.6,-1.5073591,464.5,19.6,0.65001507
-375,3998.6,2,0.3,-1.499475,464.4,19.6,0.65009042
-373,3998.7,2,0.1,-1.4915151,464.3,19.6,0.65016576
-373,3999.1,0,0.4,-1.4916643,464.2,19.6,0.65024111
-379,3999.7,-6,0.6,-1.5158863,464.1,19.6,0.65031646
315,3966.7,694,-33,1.2495105,464.1,19.6,0.65031646
315,3965.5,0,-1.2,1.2491325,464.2,19.6,0.65024111
1068.9,3929,753.9,-36.5,4.1997081,464.5,19.6,0.65001507
1063,3926.9,-5.9,-2.1,4.1742947,464.8,19.6,0.64978903
-835.8,4015.3,-1898.8,88.4,-3.3559877,464.6,19.6,0.64993972
-838.9,4018.1,-3.1,2.8,-3.3707841,464.4,19.6,0.65009042
-840,4020,-1.1,1.9,-3.3768,464.1,19.6,0.65031646
-839,4021.4,1,1.4,-3.3739546,463.9,19.6,0.65046715
-836.9,4022.6,2.1,1.2,-3.3665139,463.7,19.6,0.65061784
-839.9,4023.8,-3,1.2,-3.3795896,463.4,19.6,0.65084388
619,3955.4,1458.9,-68.4,2.4483926,463.6,19.6,0.65069319
620,3953.1,1,-2.3,2.450922,463.7,19.6,0.65061784
617,3951.7,-3,-1.4,2.4381989,463.9,19.6,0.65046715
617,3950.5,0,-1.2,2.4374585,464.1,19.6,0.65031646
620.9,3949.2,3.9,-1.3,2.4520583,464.2,19.6,0.65024111
613,3948.6,-7.9,-0.6,2.4204918,464.4,19.6,0.65009042
445,3955.7,-168,7.1,1.7602865,464.5,19.6,0.65001507
280.1,3963.1,-164.9,7.4,1.1100643,464.6,19.6,0.64993972
277.1,3963.1,-3,0,1.098175,464.7,19.6,0.64986438
278,3962.9,0.9,-0.2,1.1016862,464.8,19.6,0.64978903
276,3962.8,-2,-0.1,1.0937328,464.8,19.6,0.64978903
279.1,3962.5,3.1,-0.3,1.1059337,464.9,19.6,0.64971368
271,3962.7,-8.1,0.2,1.0738917,465,19.6,0.64963834
276,3962.3,5,-0.4,1.0935948,465.1,19.6,0.64956299
203.1,3965.5,-72.9,3.2,0.80539305,465.1,19.6,0.64956299
203,3965.5,-0.1,0,0.8049965,465.2,19.6,0.64948764
949.9,3930.1,746.9,-35.4,3.733202,465.5,19.6,0.6492616
954,3928.2,4.1,-1.9,3.7475028,465.7,19.6,0.64911091
953,3926.9,-1,-1.3,3.7423357,466,19.6,0.64888487
952.9,3925.6,-0.1,-1.3,3.7407042,466.2,19.6,0.64873418
955,3924.5,2.1,-1.1,3.7478975,466.5,19.6,0.64850814
-225,3979.8,-1180,55.3,-0.895455,466.5,19.6,0.64850814
-227.1,3981.7,-2.1,1.9,-0.90424407,466.4,19.6,0.64858348
15,3970.8,242.1,-10.9,0.059562,466.4,19.6,0.64858348
13,3971.2,-2,0.4,0.0516256,466.4,19.6,0.64858348
18,3971.4,5,0.2,0.0714852,466.4,19.6,0.64858348
16,3971.8,-2,0.4,0.0635488,466.4,19.6,0.64858348
15,3972.1,-1,0.3,0.0595815,466.4,19.6,0.64858348
10,3972.6,-5,0.5,0.039726,466.4,19.6,0.64858348
15,3972.6,5,0,0.059589,466.4,19.6,0.64858348
15,3972.9,0,0.3,0.0595935,466.4,19.6,0.64858348
15,3973,0,0.1,0.059595,466.4,19.6,0.64858348
16,3973.1,1,0.1,0.0635696,466.4,19.6,0.64858348
27,3972.8,11,-0.3,0.1072656,466.5,19.6,0.64850814
40,3972.3,13,-0.5,0.158892,466.5,19.6,0.64850814
36,3972.7,-4,0.4,0.1430172,466.5,19.6,0.64850814
40,3972.5,4,-0.2,0.1589,466.5,19.6,0.64850814
34,3973,-6,0.5,0.135082,466.5,19.6,0.64850814
598,3946.4,564,-26.6,2.3599472,466.6,19.6,0.64843279
606.1,3944.9,8.1,-1.5,2.3910039,466.8,19.6,0.6482821
602.1,3944.2,-4,-0.7,2.3748028,467,19.6,0.6481314
604,3943.3,1.9,-0.9,2.3817532,467.1,19.6,0.64805606
598,3942.9,-6,-0.4,2.3578542,467.3,19.6,0.64790536
604,3942,6,-0.9,2.380968,467.5,19.6,0.64775467
600,3941.6,-4,-0.4,2.36496,467.6,19.6,0.64767932
610,3940.6,10,-1,2.403766,467.8,19.6,0.64752863
599,3940.6,-11,0,2.3604194,468,19.6,0.64737794
604,3939.9,5,-0.7,2.3796996,468.2,19.6,0.64722725
124.1,3962.2,-479.9,22.3,0.49170902,468.2,19.6,0.64722725
-355.9,3986.1,-480,23.9,-1.418653,468.1,19.6,0.64730259
-358,3987.8,-2.1,1.7,-1.4276324,468,19.6,0.64737794
-351.9,3988.7,6.1,0.9,-1.4036235,467.9,19.6,0.64745329
-353.9,3989.7,-2,1,-1.4119548,467.8,19.6,0.64752863
-352,3990.5,1.9,0.8,-1.404656,467.7,19.6,0.64760398
-355,3991.4,-3,0.9,-1.416947,467.6,19.6,0.64767932
-352,3992,3,0.6,-1.405184,467.5,19.6,0.64775467
-356,3992.9,-4,0.9,-1.4214724,467.4,19.6,0.64783002
-493.9,4000,-137.9,7.1,-1.9756,467.3,19.6,0.64790536
-622,4007,-128.1,7,-2.492354,467.1,19.6,0.64805606
-624,4008.2,-2,1.2,-2.5011168,466.9,19.6,0.64820675
-630.9,4009.4,-6.9,1.2,-2.5295305,466.8,19.6,0.6482821
-628,4010.3,2.9,0.9,-2.5184684,466.6,19.6,0.64843279
-637.1,4011.5,-9.1,1.2,-2.5557266,466.4,19.6,0.64858348
2676.9,3855.3,3314,-156.2,10.320253,467.1,19.6,0.64805606
2676,3848.6,-0.9,-6.7,10.298854,467.8,19.6,0.64752863
2670,3843.9,-6,-4.7,10.263213,468.6,19.6,0.64692586
816.1,3927.3,-1853.9,83.4,3.2050695,468.8,19.6,0.64677517
817,3927.7,0.9,0.4,3.2089309,469,19.6,0.64662447
588,3938.3,-229,10.6,2.3157204,469.2,19.6,0.64647378
360.1,3949.2,-227.9,10.9,1.4221069,469.3,19.6,0.64639843
361.1,3949.5,1,0.3,1.4261644,469.4,19.6,0.64632309
358,3949.9,-3.1,0.4,1.4140642,469.5,19.6,0.64624774
362,3949.8,4,-0.1,1.4298276,469.6,19.6,0.64617239
358,3950.1,-4,0.3,1.4141358,469.7,19.6,0.64609705
356.1,3950.2,-1.9,0.1,1.4066662,469.8,19.6,0.6460217
360,3949.9,3.9,-0.3,1.421964,469.9,19.6,0.64594635
354.1,3950.2,-5.9,0.3,1.3987658,470,19.6,0.64587101
1613.9,3890.6,1259.8,-59.6,6.2790393,470.4,19.6,0.64556962
1616,3887.6,2.1,-3,6.2823616,470.9,19.6,0.64519289
1620,3885.1,4,-2.5,6.293862,471.3,19.6,0.6448915
1616,3883.5,-4,-1.6,6.275736,471.8,19.6,0.64451477
1610.9,3881.9,-5.1,-1.6,6.2533527,472.2,19.6,0.64421338
1613,3880.2,2.1,-1.7,6.2587626,472.7,19.6,0.64383665
-693.9,3988.5,-2306.9,108.3,-2.7676201,472.6,19.6,0.643912
-693,3992.3,0.9,3.8,-2.7666639,472.4,19.6,0.64406269
1057,3911.7,1750,-80.6,4.1346669,472.6,19.6,0.643912
1053,3909.9,-4,-1.8,4.1171247,472.9,19.6,0.64368596
1059,3908.4,6,-1.5,4.1389956,473.2,19.6,0.64345992
1055,3907.6,-4,-0.8,4.122518,473.5,19.6,0.64323388
1056,3906.7,1,-0.9,4.1254752,473.8,19.6,0.64300784
1062.1,3905.6,6.1,-1.1,4.1481378,474.1,19.6,0.6427818
1059,3905,-3.1,-0.6,4.135395,474.4,19.6,0.64255576
1404.9,3887.9,345.9,-17.1,5.4621107,474.8,19.6,0.64225437
1401,3886.6,-3.9,-1.3,5.4451266,475.2,19.6,0.64195298
1397.1,3885.6,-3.9,-1,5.4285718,475.6,19.6,0.6416516
1396.1,3884.6,-1,-1,5.4232901,475.9,19.6,0.64142556
1405.9,3883.1,9.8,-1.5,5.4592503,476.3,19.6,0.64112417
1398.1,3882.4,-7.8,-0.7,5.4279834,476.7,19.6,0.64082278
1400,3881.4,1.9,-1,5.43396,477.1,19.6,0.6405214
-289.9,3961.2,-1689.9,79.8,-1.1483519,477.1,19.6,0.6405214
-290.9,3964.3,-1,3.1,-1.1532149,477,19.6,0.64059675
-294,3966.6,-3.1,2.3,-1.1661804,476.9,19.6,0.64067209
-291.9,3968.3,2.1,1.7,-1.1583468,476.8,19.6,0.64074744
-292,3969.7,-0.1,1.4,-1.1591524,476.7,19.6,0.64082278
-286.9,3970.8,5.1,1.1,-1.1392225,476.7,19.6,0.64082278
-289,3972.1,-2.1,1.3,-1.1479369,476.6,19.6,0.64089813
-289,3973.2,0,1.1,-1.1482548,476.5,19.6,0.64097348
-291,3974.3,-2,1.1,-1.1565213,476.4,19.6,0.64104882
398.9,3941.9,689.9,-32.4,1.5724239,476.5,19.6,0.64097348
1093.1,3908.4,694.2,-33.5,4.272272,476.8,19.6,0.64074744
1098.9,3906.1,5.8,-2.3,4.2924133,477.1,19.6,0.6405214
1096,3904.7,-2.9,-1.4,4.2795512,477.4,19.6,0.64029536
325.1,3940,-770.9,35.3,1.280894,477.5,19.6,0.64022001
333,3940.2,7.9,0.2,1.3120866,477.6,19.6,0.64014467
886,3914.4,553,-25.8,3.4681584,477.9,19.6,0.63991863
882.1,3913.6,-3.9,-0.8,3.4521866,478.1,19.6,0.63976793
335.1,3938.7,-547,25.1,1.3198584,478.2,19.6,0.63969259
-209.9,3965.7,-545,27,-0.83240043,478.1,19.6,0.63976793
-204,3967.1,5.9,1.4,-0.8092884,478.1,19.6,0.63976793
-204,3968.4,0,1.3,-0.8095536,478,19.6,0.63984328
-909.9,4002.8,-705.9,34.4,-3.6421477,477.8,19.6,0.63999397
-906.9,4005.2,3,2.4,-3.6323159,477.5,19.6,0.64022001
-908,4007.3,-1.1,2.1,-3.6386284,477.3,19.6,0.64037071
-913,4009.4,-5,2.1,-3.6605822,477,19.6,0.64059675
-908,4010.8,5,1.4,-3.6418064,476.8,19.6,0.64074744
-905,4012.2,3,1.4,-3.631041,476.5,19.6,0.64097348
-905.9,4013.8,-0.9,1.6,-3.6361014,476.3,19.6,0.64112417
-910.9,4015.4,-5,1.6,-3.6576279,476,19.6,0.64135021
-908,4016.5,2.9,1.1,-3.646982,475.8,19.6,0.6415009
-909.9,4017.8,-1.9,1.3,-3.6557962,475.5,19.6,0.64172694
321.1,3960.3,1231,-57.5,1.2716523,475.6,19.6,0.6416516
319.1,3958.8,-2,-1.5,1.2632531,475.7,19.6,0.64157625
325,3957.5,5.9,-1.3,1.2861875,475.8,19.6,0.6415009
313,3957.2,-12,-0.3,1.2386036,475.9,19.6,0.64142556
-289,3985.7,-602,28.5,-1.1518673,475.8,19.6,0.6415009
-289.9,3986.7,-0.9,1,-1.1557443,475.7,19.6,0.64157625
-292.9,3987.4,-3,0.7,-1.1679095,475.6,19.6,0.6416516
-118,3979.7,174.9,-7.7,-0.4696046,475.6,19.6,0.6416516
46,3971.4,164,-8.3,0.1826844,475.6,19.6,0.6416516
42,3971.4,-4,0,0.1667988,475.6,19.6,0.6416516
46,3971.1,4,-0.3,0.1826706,475.6,19.6,0.6416516
46,3971,0,-0.1,0.182666,475.6,19.6,0.6416516
44,3971.1,-2,0.1,0.1747284,475.6,19.6,0.6416516
50,3970.8,6,-0.3,0.19854,475.7,19.6,0.64157625
44,3971.1,-6,0.3,0.1747284,475.7,19.6,0.64157625
46,3970.9,2,-0.2,0.1826614,475.7,19.6,0.64157625
42,3971.1,-4,0.2,0.1667862,475.7,19.6,0.64157625
48,3970.9,6,-0.2,0.1906032,475.7,19.6,0.64157625
45,3971.1,-3,0.2,0.1786995,475.7,19.6,0.64157625
44,3971.1,-1,0,0.1747284,475.7,19.6,0.64157625
39,3971.4,-5,0.3,0.1548846,475.7,19.6,0.64157625
50,3970.9,11,-0.5,0.198545,475.8,19.6,0.6415009
48,3971.1,-2,0.2,0.1906128,475.8,19.6,0.6415009
46,3971.2,-2,0.1,0.1826752,475.8,19.6,0.6415009
43,3971.4,-3,0.2,0.1707702,475.8,19.6,0.6415009
45,3971.3,2,-0.1,0.1787085,475.8,19.6,0.6415009
45,3971.4,0,0.1,0.178713,475.8,19.6,0.6415009
44,3971.4,-1,0,0.1747416,475.8,19.6,0.6415009
46,3971.4,2,0,0.1826844,475.8,19.6,0.6415009
44,3971.6,-2,0.2,0.1747504,475.9,19.6,0.64142556
45,3971.5,1,-0.1,0.1787175,475.9,19.6,0.64142556
45,3971.6,0,0.1,0.178722,475.9,19.6,0.64142556
38,3972,-7,0.4,0.150936,475.9,19.6,0.64142556
48,3971.5,10,-0.5,0.190632,475.9,19.6,0.64142556
47,3971.6,-1,0.1,0.1866652,475.9,19.6,0.64142556
45,3971.8,-2,0.2,0.178731,475.9,19.6,0.64142556
44,3971.9,-1,0.1,0.1747636,475.9,19.6,0.64142556
43,3972,-1,0.1,0.170796,476,19.6,0.64135021
40,3972.1,-3,0.1,0.158884,476,19.6,0.64135021
47,3971.9,7,-0.2,0.1866793,476,19.6,0.64135021
45,3972,-2,0.1,0.17874,476,19.6,0.64135021
42,3972.2,-3,0.2,0.1668324,476,19.6,0.64135021
41,3972.2,-1,0,0.1628602,476,19.6,0.64135021
46,3972.1,5,-0.1,0.1827166,476,19.6,0.64135021
46,3972.1,0,0,0.1827166,476,19.6,0.64135021
48,3972.1,2,0,0.1906608,476.1,19.6,0.64127486
53,3971.9,5,-0.2,0.2105107,476.1,19.6,0.64127486
47,3972.2,-6,0.3,0.1866934,476.1,19.6,0.64127486
46,3972.2,-1,0,0.1827212,476.1,19.6,0.64127486
44,3972.4,-2,0.2,0.1747856,476.1,19.6,0.64127486
43,3972.5,-1,0.1,0.1708175,476.1,19.6,0.64127486
45,3972.5,2,0,0.1787625,476.1,19.6,0.64127486
41,3972.7,-4,0.2,0.1628807,476.1,19.6,0.64127486
44,3972.6,3,-0.1,0.1747944,476.2,19.6,0.64119952
49,3972.4,5,-0.2,0.1946476,476.2,19.6,0.64119952
43,3972.7,-6,0.3,0.1708261,476.2,19.6,0.64119952
44,3972.7,1,0,0.1747988,476.2,19.6,0.64119952
45,3972.7,1,0,0.1787715,476.2,19.6,0.64119952
48,3972.6,3,-0.1,0.1906848,476.2,19.6,0.64119952
48,3972.6,0,0,0.1906848,476.2,19.6,0.64119952
41,3973,-7,0.4,0.162893,476.2,19.6,0.64119952
41,3973.1,0,0.1,0.1628971,476.3,19.6,0.64112417
45,3972.9,4,-0.2,0.1787805,476.3,19.6,0.64112417
50,3972.7,5,-0.2,0.198635,476.3,19.6,0.64112417
41,3973.1,-9,0.4,0.1628971,476.3,19.6,0.64112417
38,3973.3,-3,0.2,0.1509854,476.3,19.6,0.64112417
48,3972.9,10,-0.4,0.1906992,476.3,19.6,0.64112417
41,3973.3,-7,0.4,0.1629053,476.3,19.6,0.64112417
44,3973.1,3,-0.2,0.1748164,476.3,19.6,0.64112417
44,3973.2,0,0.1,0.1748208,476.4,19.6,0.64104882
48,3973,4,-0.2,0.190704,476.4,19.6,0.64104882
43,3973.3,-5,0.3,0.1708519,476.4,19.6,0.64104882
47,3973.1,4,-0.2,0.1867357,476.4,19.6,0.64104882
43,3973.4,-4,0.3,0.1708562,476.4,19.6,0.64104882
44,3973.3,1,-0.1,0.1748252,476.4,19.6,0.64104882
44,3973.4,0,0.1,0.1748296,476.4,19.6,0.64104882
44,3973.4,0,0,0.1748296,476.4,19.6,0.64104882
44,3973.5,0,0.1,0.174834,476.5,19.6,0.64097348
50,3973.2,6,-0.3,0.19866,476.5,19.6,0.64097348
45,3973.5,-5,0.3,0.1788075,476.5,19.6,0.64097348
34,3974.1,-11,0.6,0.1351194,476.5,19.6,0.64097348
47,3973.4,13,-0.7,0.1867498,476.5,19.6,0.64097348
45,3973.6,-2,0.2,0.178812,476.5,19.6,0.64097348
43,3973.7,-2,0.1,0.1708691,476.5,19.6,0.64097348
45,3973.6,2,-0.1,0.178812,476.5,19.6,0.64097348
44,3973.7,-1,0.1,0.1748428,476.6,19.6,0.64089813
46,3973.6,2,-0.1,0.1827856,476.6,19.6,0.64089813
45,3973.7,-1,0.1,0.1788165,476.6,19.6,0.64089813
44,3973.8,-1,0.1,0.1748472,476.6,19.6,0.64089813
42,3973.9,-2,0.1,0.1669038,476.6,19.6,0.64089813
45,3973.8,3,-0.1,0.178821,476.6,19.6,0.64089813
38,3974.2,-7,0.4,0.1510196,476.6,19.6,0.64089813
44,3973.9,6,-0.3,0.1748516,476.6,19.6,0.64089813
42,3974,-2,0.1,0.166908,476.6,19.6,0.64089813
39,3974.2,-3,0.2,0.1549938,476.7,19.6,0.64082278
47,3973.9,8,-0.3,0.1867733,476.7,19.6,0.64082278
40,3974.2,-7,0.3,0.158968,476.7,19.6,0.64082278
43,3974.1,3,-0.1,0.1708863,476.7,19.6,0.64082278
44,3974.1,1,0,0.1748604,476.7,19.6,0.64082278
46,3974.1,2,0,0.1828086,476.7,19.6,0.64082278
45,3974.1,-1,0,0.1788345,476.7,19.6,0.64082278
47,3974,2,-0.1,0.186778,476.7,19.6,0.64082278
50,3973.9,3,-0.1,0.198695,476.8,19.6,0.64074744
45,3974.2,-5,0.3,0.178839,476.8,19.6,0.64074744
43,3974.2,-2,0,0.1708906,476.8,19.6,0.64074744
46,3974.1,3,-0.1,0.1828086,476.8,19.6,0.64074744
47,3974.1,1,0,0.1867827,476.8,19.6,0.64074744
47,3974.2,0,0.1,0.1867874,476.8,19.6,0.64074744
42,3974.4,-5,0.2,0.1669248,476.8,19.6,0.64074744
46,3974.3,4,-0.1,0.1828178,476.8,19.6,0.64074744
48,3974.2,2,-0.1,0.1907616,476.9,19.6,0.64067209
46,3974.3,-2,0.1,0.1828178,476.9,19.6,0.64067209
44,3974.4,-2,0.1,0.1748736,476.9,19.6,0.64067209
39,3974.6,-5,0.2,0.1550094,476.9,19.6,0.64067209
44,3974.5,5,-0.1,0.174878,476.9,19.6,0.64067209
45,3974.4,1,-0.1,0.178848,476.9,19.6,0.64067209
43,3974.6,-2,0.2,0.1709078,476.9,19.6,0.64067209
46,3974.5,3,-0.1,0.182827,476.9,19.6,0.64067209
45,3974.5,-1,0,0.1788525,477,19.6,0.64059675
47,3974.4,2,-0.1,0.1867968,477,19.6,0.64059675
43,3974.6,-4,0.2,0.1709078,477,19.6,0.64059675
40,3974.8,-3,0.2,0.158992,477,19.6,0.64059675
46,3974.6,6,-0.2,0.1828316,477,19.6,0.64059675
43,3974.7,-3,0.1,0.1709121,477,19.6,0.64059675
43,3974.7,0,0,0.1709121,477,19.6,0.64059675
51,3974.4,8,-0.3,0.2026944,477,19.6,0.64059675
47,3974.6,-4,0.2,0.1868062,477.1,19.6,0.6405214
49,3974.5,2,-0.1,0.1947505,477.1,19.6,0.6405214
47,3974.6,-2,0.1,0.1868062,477.1,19.6,0.6405214
45,3974.7,-2,0.1,0.1788615,477.1,19.6,0.6405214
51,3974.5,6,-0.2,0.2026995,477.1,19.6,0.6405214
45,3974.7,-6,0.2,0.1788615,477.1,19.6,0.6405214
42,3974.9,-3,0.2,0.1669458,477.1,19.6,0.6405214
48,3974.7,6,-0.2,0.1907856,477.1,19.6,0.6405214
45,3974.8,-3,0.1,0.178866,477.2,19.6,0.64044605
48,3974.8,3,0,0.1907904,477.2,19.6,0.64044605
46,3974.8,-2,0,0.1828408,477.2,19.6,0.64044605
49,3974.7,3,-0.1,0.1947603,477.2,19.6,0.64044605
44,3975,-5,0.3,0.1749,477.2,19.6,0.64044605
48,3974.8,4,-0.2,0.1907904,477.2,19.6,0.64044605
44,3975,-4,0.2,0.1749,477.2,19.6,0.64044605
44,3975,0,0,0.1749,477.3,19.6,0.64037071
46,3974.9,2,-0.1,0.1828454,477.3,19.6,0.64037071
49,3974.8,3,-0.1,0.1947652,477.3,19.6,0.64037071
47,3974.9,-2,0.1,0.1868203,477.3,19.6,0.64037071
41,3975.2,-6,0.3,0.1629832,477.3,19.6,0.64037071
50,3974.8,9,-0.4,0.19874,477.3,19.6,0.64037071
49,3974.9,-1,0.1,0.1947701,477.3,19.6,0.64037071
42,3975.2,-7,0.3,0.1669584,477.3,19.6,0.64037071
46,3975,4,-0.2,0.18285,477.4,19.6,0.64029536
41,3975.3,-5,0.3,0.1629873,477.4,19.6,0.64029536
45,3975.2,4,-0.1,0.178884,477.4,19.6,0.64029536
40,3975.4,-5,0.2,0.159016,477.4,19.6,0.64029536
1487.8,3906.8,1447.8,-68.6,5.812537,477.8,19.6,0.63999397
2924.9,3835.6,1437.1,-71.2,11.218746,478.6,19.6,0.6393912
2928,3829.8,3.1,-5.8,11.213654,479.4,19.6,0.63878843
2930,3825,2,-4.8,11.20725,480.2,19.6,0.63818565
2928,3821.1,-2,-3.9,11.188181,481,19.6,0.63758288
2920,3817.7,-8,-3.4,11.147684,481.8,19.6,0.63698011
2928,3814,8,-3.7,11.167392,482.6,19.6,0.63637734
2937,3810.5,9,-3.5,11.191439,483.5,19.6,0.63569922
2930,3807.8,-7,-2.7,11.156854,484.3,19.6,0.63509644
2930,3804.9,0,-2.9,11.148357,485.1,19.6,0.63449367
217.1,3930.8,-2712.9,125.9,0.85337668,485.1,19.6,0.63449367
214.1,3934.4,-3,3.6,0.84235504,485.2,19.6,0.63441832
213.1,3936.7,-1,2.3,0.83891077,485.3,19.6,0.63434298
218,3938.1,4.9,1.4,0.8585058,485.3,19.6,0.63434298
214,3939.5,-4,1.4,0.843053,485.4,19.6,0.63426763
211.1,3940.7,-2.9,1.2,0.83188177,485.4,19.6,0.63426763
212,3941.5,0.9,0.8,0.835598,485.5,19.6,0.63419228
669.9,3920.6,457.9,-20.9,2.6264099,485.7,19.6,0.63404159
670,3920.2,0.1,-0.4,2.626534,485.9,19.6,0.6338909
667.1,3920.1,-2.9,-0.1,2.6150987,486.1,19.6,0.6337402
424.1,3931.5,-243,11.4,1.6673491,486.2,19.6,0.63366486
426,3931.8,1.9,0.3,1.6749468,486.3,19.6,0.63358951
422.1,3932.3,-3.9,0.5,1.6598238,486.4,19.6,0.63351417
427,3932.3,4.9,0,1.6790921,486.5,19.6,0.63343882
431,3932.4,4,0.1,1.6948644,486.6,19.6,0.63336347
2215.7,3847.8,1784.7,-84.6,8.5255705,487.3,19.6,0.63283605
2220.9,3843.6,5.2,-4.2,8.5362512,487.9,19.6,0.63238397
2218,3840.8,-2.9,-2.8,8.5188944,488.5,19.6,0.63193189
2217.9,3838.2,-0.1,-2.6,8.5127438,489.1,19.6,0.63147981
2217.9,3836,0,-2.2,8.5078644,489.7,19.6,0.63102773
2214.9,3834,-3,-2,8.4919266,490.3,19.6,0.63057565
2713,3808.4,498.1,-25.6,10.332189,491.1,19.6,0.62997288
2713.1,3805.6,0.1,-2.8,10.324973,491.9,19.6,0.6293701
2712,3803,-1.1,-2.6,10.313736,492.6,19.6,0.62884268
2716,3800.5,4,-2.5,10.322158,493.4,19.6,0.6282399
2714,3798.3,-2,-2.2,10.308586,494.1,19.6,0.62771248
2717,3796,3,-2.3,10.313732,494.9,19.6,0.6271097
2717.1,3793.9,0.1,-2.1,10.308406,495.6,19.6,0.62658228
2712,3792.1,-5.1,-1.8,10.284175,496.4,19.6,0.62597951
28,3917.9,-2684,125.8,0.1097012,496.4,19.6,0.62597951
34,3922,6,4.1,0.133348,496.4,19.6,0.62597951
36,3924.9,2,2.9,0.1412964,496.4,19.6,0.62597951
35,3927.3,-1,2.4,0.1374555,496.5,19.6,0.62590416
31,3929.5,-4,2.2,0.1218145,496.5,19.6,0.62590416
33,3931.1,2,1.6,0.1297263,496.5,19.6,0.62590416
37,3932.3,4,1.2,0.1454951,496.5,19.6,0.62590416
36,3933.8,-1,1.5,0.1416168,496.5,19.6,0.62590416
-931.9,3981.4,-967.9,47.6,-3.7102667,496.3,19.6,0.62605485
-928.9,3984.7,3,3.3,-3.7013878,496,19.6,0.62628089
-931.9,3987.5,-3,2.8,-3.7159512,495.7,19.6,0.62650693
-932,3990.1,-0.1,2.6,-3.7187732,495.5,19.6,0.62665763
-927.9,3992.1,4.1,2,-3.7042696,495.2,19.6,0.62688366
-929,3994.3,-1.1,2.2,-3.7107047,495,19.6,0.62703436
-929.9,3996.2,-0.9,1.9,-3.7160664,494.7,19.6,0.6272604
-929,3998.1,0.9,1.9,-3.7142349,494.5,19.6,0.62741109
-927.9,3999.7,1.1,1.6,-3.7113216,494.2,19.6,0.62763713
-929,4001.5,-1.1,1.8,-3.7173935,493.9,19.6,0.62786317
-665,3990.6,264,-10.9,-2.653749,493.8,19.6,0.62793852
-396.1,3978.9,268.9,-11.7,-1.5760423,493.6,19.6,0.62808921
-400,3979.4,-3.9,0.5,-1.59176,493.5,19.6,0.62816456
-397.9,3979.9,2.1,0.5,-1.5836022,493.4,19.6,0.6282399
-395,3980.3,2.9,0.4,-1.5722185,493.3,19.6,0.62831525
-399.1,3981.2,-4.1,0.9,-1.5888969,493.2,19.6,0.6283906
-395,3981.6,4.1,0.4,-1.572732,493.1,19.6,0.62846594
-257,3975.8,138,-5.8,-1.0217806,493,19.6,0.62854129
-107.1,3969,149.9,-6.8,-0.4250799,493,19.6,0.62854129
-115,3969.4,-7.9,0.4,-0.456481,493,19.6,0.62854129
612,3934.7,727,-34.7,2.4080364,493.1,19.6,0.62846594
1325.9,3899.5,713.9,-35.2,5.1703471,493.5,19.6,0.62816456
1328.9,3896.6,3,-2.9,5.1781917,493.8,19.6,0.62793852
747,3921.9,-581.9,25.3,2.9296593,494,19.6,0.62778782
162.1,3949.1,-584.9,27.2,0.64014911,494.1,19.6,0.62771248
156.1,3950.2,-6,1.1,0.61662622,494.1,19.6,0.62771248
153.1,3950.7,-3,0.5,0.60485217,494.2,19.6,0.62763713
64,3955.2,-89.1,4.5,0.2531328,494.2,19.6,0.62763713
-31,3960.9,-95,5.7,-0.1227879,494.2,19.6,0.62763713
-32,3961.5,-1,0.6,-0.126768,494.2,19.6,0.62763713
-34,3962.1,-2,0.6,-0.1347114,494.2,19.6,0.62763713
-31,3962.4,3,0.3,-0.1228344,494.2,19.6,0.62763713
-29,3962.7,2,0.3,-0.1149183,494.2,19.6,0.62763713
957.9,3915.9,986.9,-46.8,3.7510406,494.4,19.6,0.62748644
964.9,3913.6,7,-2.3,3.7762326,494.7,19.6,0.6272604
1709.9,3876.9,745,-36.7,6.6291113,495.2,19.6,0.62688366
1709,3873.9,-0.9,-3,6.6204951,495.6,19.6,0.62658228
1709,3871.5,0,-2.4,6.6163935,496.1,19.6,0.62620555
765.1,3914,-943.9,42.5,2.9946014,496.3,19.6,0.62605485
-188.1,3960,-953.2,46,-0.744876,496.3,19.6,0.62605485
-185,3962,3.1,2,-0.73297,496.2,19.6,0.6261302
1269.9,3894.2,1454.9,-67.8,4.9452446,496.6,19.6,0.62582881
1265.1,3892.1,-4.8,-2.1,4.9238957,496.9,19.6,0.62560277
1267,3890.4,1.9,-1.7,4.9291368,497.3,19.6,0.62530139
1271,3888.8,4,-1.6,4.9426648,497.6,19.6,0.62507535
1270,3887.6,-1,-1.2,4.937252,498,19.6,0.62477396
1267,3886.6,-3,-1,4.9243222,498.3,19.6,0.62454792
1272,3885.3,5,-1.3,4.9421016,498.7,19.6,0.62424653
1265,3884.6,-7,-0.7,4.914019,499,19.6,0.62402049
1267,3883.6,2,-1,4.9205212,499.4,19.6,0.62371911
470.1,3920.5,-796.9,36.9,1.8430271,499.5,19.6,0.62364376
471,3921.4,0.9,0.9,1.8469794,499.6,19.6,0.62356841
469,3922.1,-2,0.7,1.8394649,499.8,19.6,0.62341772
466.2,3922.6,-2.8,0.5,1.8287161,499.9,19.6,0.62334237
468,3922.9,1.8,0.3,1.8359172,500,19.6,0.62326703
1638.9,3867.7,1170.9,-55.2,6.3387735,500.5,19.6,0.6228903
1644,3864.9,5.1,-2.8,6.3538956,500.9,19.6,0.62258891
1641.9,3863,-2.1,-1.9,6.3426597,501.4,19.6,0.62221218
1643.9,3861.3,2,-1.7,6.3475911,501.8,19.6,0.62191079
1642.9,3859.9,-1,-1.4,6.3414297,502.3,19.6,0.62153406
1641,3858.5,-1.9,-1.4,6.3317985,502.8,19.6,0.62115732
1639,3857.4,-2,-1.1,6.3222786,503.2,19.6,0.62085594
1638.9,3856.2,-0.1,-1.2,6.3199262,503.7,19.6,0.6204792
934.1,3888.4,-704.8,32.2,3.6321544,503.9,19.6,0.62032851
930,3889.2,-4.1,0.8,3.616956,504.2,19.6,0.62010247
479,3910.8,-451,21.6,1.8732732,504.3,19.6,0.62002712
28,3933.3,-451,22.5,0.1101324,504.4,19.6,0.61995178
37,3934.7,9,1.4,0.1455839,504.4,19.6,0.61995178
38,3936.1,1,1.4,0.1495718,504.4,19.6,0.61995178
38,3937.4,0,1.3,0.1496212,504.4,19.6,0.61995178
37,3938.5,-1,1.1,0.1457245,504.4,19.6,0.61995178
38,3939.3,1,0.8,0.1496934,504.4,19.6,0.61995178
33,3940.5,-5,1.2,0.1300365,504.4,19.6,0.61995178
39,3941,6,0.5,0.153699,504.4,19.6,0.61995178
36,3941.9,-3,0.9,0.1419084,504.4,19.6,0.61995178
36,3942.5,0,0.6,0.14193,504.5,19.6,0.61987643
26,3943.7,-10,1.2,0.1025362,504.5,19.6,0.61987643
36,3943.9,10,0.2,0.1419804,504.5,19.6,0.61987643
38,3944.4,2,0.5,0.1498872,504.5,19.6,0.61987643
41,3944.8,3,0.4,0.1617368,504.5,19.6,0.61987643
39,3945.3,-2,0.5,0.1538667,504.5,19.6,0.61987643
29,3946.4,-10,1.1,0.1144456,504.5,19.6,0.61987643
34,3946.7,5,0.3,0.1341878,504.5,19.6,0.61987643
31,3947.3,-3,0.6,0.1223663,504.5,19.6,0.61987643
31,3947.8,0,0.5,0.1223818,504.5,19.6,0.61987643
31,3948.3,0,0.5,0.1223973,504.6,19.6,0.61980108
35,3948.5,4,0.2,0.1381975,504.6,19.6,0.61980108
40,3948.6,5,0.1,0.157944,504.6,19.6,0.61980108
40,3949,0,0.4,0.15796,504.6,19.6,0.61980108
40,3949.4,0,0.4,0.157976,504.6,19.6,0.61980108
32,3950.1,-8,0.7,0.1264032,504.6,19.6,0.61980108
36,3950.3,4,0.2,0.1422108,504.6,19.6,0.61980108
38,3950.6,2,0.3,0.1501228,504.6,19.6,0.61980108
33,3951.1,-5,0.5,0.1303863,504.6,19.6,0.61980108
36,3951.3,3,0.2,0.1422468,504.6,19.6,0.61980108
39,3951.5,3,0.2,0.1541085,504.7,19.6,0.61972574
39,3951.8,0,0.3,0.1541202,504.7,19.6,0.61972574
36,3952.3,-3,0.5,0.1422828,504.7,19.6,0.61972574
33,3952.7,-3,0.4,0.1304391,504.7,19.6,0.61972574
37,3952.8,4,0.1,0.1462536,504.7,19.6,0.61972574
39,3953,2,0.2,0.154167,504.7,19.6,0.61972574
36,3953.4,-3,0.4,0.1423224,504.7,19.6,0.61972574
33,3953.8,-3,0.4,0.1304754,504.7,19.6,0.61972574
37,3953.9,4,0.1,0.1462943,504.7,19.6,0.61972574
34,3954.2,-3,0.3,0.1344428,504.7,19.6,0.61972574
40,3954.2,6,0,0.158168,504.8,19.6,0.61965039
34,3954.7,-6,0.5,0.1344598,504.8,19.6,0.61965039
30,3955.2,-4,0.5,0.118656,504.8,19.6,0.61965039
35,3955.2,5,0,0.138432,504.8,19.6,0.61965039
40,3955.1,5,-0.1,0.158204,504.8,19.6,0.61965039
35,3955.6,-5,0.5,0.138446,504.8,19.6,0.61965039
35,3955.8,0,0.2,0.138453,504.8,19.6,0.61965039
40,3955.8,5,0,0.158232,504.8,19.6,0.61965039
39,3956.1,-1,0.3,0.1542879,504.8,19.6,0.61965039
35,3956.4,-4,0.3,0.138474,504.8,19.6,0.61965039
31,3956.8,-4,0.4,0.1226608,504.9,19.6,0.61957505
38,3956.7,7,-0.1,0.1503546,504.9,19.6,0.61957505
32,3957.1,-6,0.4,0.1266272,504.9,19.6,0.61957505
38,3957,6,-0.1,0.150366,504.9,19.6,0.61957505
37,3957.3,-1,0.3,0.1464201,504.9,19.6,0.61957505
38,3957.4,1,0.1,0.1503812,504.9,19.6,0.61957505
39,3957.5,1,0.1,0.1543425,504.9,19.6,0.61957505
34,3957.9,-5,0.4,0.1345686,504.9,19.6,0.61957505
40,3957.8,6,-0.1,0.158312,504.9,19.6,0.61957505
32,3958.3,-8,0.5,0.1266656,504.9,19.6,0.61957505
37,3958.2,5,-0.1,0.1464534,505,19.6,0.6194997
34,3958.5,-3,0.3,0.134589,505,19.6,0.6194997
34,3958.7,0,0.2,0.1345958,505,19.6,0.6194997
31,3959,-3,0.3,0.122729,505,19.6,0.6194997
41,3958.6,10,-0.4,0.1623026,505,19.6,0.6194997
36,3959,-5,0.4,0.142524,505,19.6,0.6194997
33,3959.3,-3,0.3,0.1306569,505,19.6,0.6194997
36,3959.3,3,0,0.1425348,505,19.6,0.6194997
41,3959.2,5,-0.1,0.1623272,505,19.6,0.6194997
35,3959.6,-6,0.4,0.138586,505,19.6,0.6194997
41,3959.5,6,-0.1,0.1623395,505.1,19.6,0.61942435
37,3959.8,-4,0.3,0.1465126,505.1,19.6,0.61942435
39,3959.8,2,0,0.1544322,505.1,19.6,0.61942435
32,3960.3,-7,0.5,0.1267296,505.1,19.6,0.61942435
35,3960.2,3,-0.1,0.138607,505.1,19.6,0.61942435
36,3960.3,1,0.1,0.1425708,505.1,19.6,0.61942435
29,3960.7,-7,0.4,0.1148603,505.1,19.6,0.61942435
40,3960.4,11,-0.3,0.158416,505.1,19.6,0.61942435
27,3961.1,-13,0.7,0.1069497,505.1,19.6,0.61942435
34,3960.9,7,-0.2,0.1346706,505.1,19.6,0.61942435
40,3960.7,6,-0.2,0.158428,505.2,19.6,0.61934901
36,3961,-4,0.3,0.142596,505.2,19.6,0.61934901
33,3961.2,-3,0.2,0.1307196,505.2,19.6,0.61934901
38,3961.1,5,-0.1,0.1505218,505.2,19.6,0.61934901
31,3961.6,-7,0.5,0.1228096,505.2,19.6,0.61934901
36,3961.4,5,-0.2,0.1426104,505.2,19.6,0.61934901
36,3961.6,0,0.2,0.1426176,505.2,19.6,0.61934901
35,3961.6,-1,0,0.138656,505.2,19.6,0.61934901
37,3961.7,2,0.1,0.1465829,505.2,19.6,0.61934901
35,3961.9,-2,0.2,0.1386665,505.2,19.6,0.61934901
38,3961.8,3,-0.1,0.1505484,505.2,19.6,0.61934901
34,3962.1,-4,0.3,0.1347114,505.3,19.6,0.61927366
40,3961.9,6,-0.2,0.158476,505.3,19.6,0.61927366
34,3962.2,-6,0.3,0.1347148,505.3,19.6,0.61927366
30,3962.5,-4,0.3,0.118875,505.3,19.6,0.61927366
34,3962.4,4,-0.1,0.1347216,505.3,19.6,0.61927366
35,3962.5,1,0.1,0.1386875,505.3,19.6,0.61927366
35,3962.5,0,0,0.1386875,505.3,19.6,0.61927366
38,3962.5,3,0,0.150575,505.3,19.6,0.61927366
34,3962.8,-4,0.3,0.1347352,505.3,19.6,0.61927366
36,3962.8,2,0,0.1426608,505.3,19.6,0.61927366
39,3962.7,3,-0.1,0.1545453,505.4,19.6,0.61919831
37,3962.9,-2,0.2,0.1466273,505.4,19.6,0.61919831
37,3962.9,0,0,0.1466273,505.4,19.6,0.61919831
41,3962.8,4,-0.1,0.1624748,505.4,19.6,0.61919831
36,3963.1,-5,0.3,0.1426716,505.4,19.6,0.61919831
39,3963.1,3,0,0.1545609,505.4,19.6,0.61919831
34,3963.3,-5,0.2,0.1347522,505.4,19.6,0.61919831
36,3963.3,2,0,0.1426788,505.4,19.6,0.61919831
38,3963.3,2,0,0.1506054,505.4,19.6,0.61919831
30,3963.8,-8,0.5,0.118914,505.4,19.6,0.61919831
34,3963.7,4,-0.1,0.1347658,505.5,19.6,0.61912297
38,3963.5,4,-0.2,0.150613,505.5,19.6,0.61912297
33,3963.8,-5,0.3,0.1308054,505.5,19.6,0.61912297
949,3920.4,916,-43.4,3.7204596,505.7,19.6,0.61897227
955.9,3918.1,6.9,-2.3,3.7453118,506,19.6,0.61874623
953.1,3916.6,-2.8,-1.5,3.7329115,506.2,19.6,0.61859554
958,3915,4.9,-1.6,3.75057,506.5,19.6,0.6183695
953,3914,-5,-1,3.730042,506.8,19.6,0.61814346
953,3912.8,0,-1.2,3.7288984,507,19.6,0.61799277
957,3911.6,4,-1.2,3.7434012,507.3,19.6,0.61776673
955,3910.8,-2,-0.8,3.734814,507.6,19.6,0.61754069
956,3909.8,1,-1,3.7377688,507.8,19.6,0.61738999
2656.8,3828.4,1700.8,-81.4,10.171293,508.6,19.6,0.61678722
2656,3823.5,-0.8,-4.9,10.155216,509.3,19.6,0.6162598
1474,3875.7,-1182,52.2,5.7127818,509.7,19.6,0.61595841
1476.9,3874.8,2.9,-0.9,5.7226921,510.1,19.6,0.61565702
1476,3873.9,-0.9,-0.9,5.7178764,510.5,19.6,0.61535564
1477,3872.8,1,-1.1,5.7201256,511,19.6,0.6149789
1470,3872.1,-7,-0.7,5.691987,511.4,19.6,0.61467752
1475.9,3870.7,5.9,-1.4,5.7127661,511.8,19.6,0.61437613
1471.9,3869.8,-4,-0.9,5.6959586,512.2,19.6,0.61407474
1314,3876.3,-157.9,6.5,5.0934582,512.5,19.6,0.6138487
1168,3882.6,-146,6.3,4.5348768,512.9,19.6,0.61354732
1166,3882.3,-2,-0.3,4.5267618,513.2,19.6,0.61332128
1163.1,3882,-2.9,-0.3,4.5151542,513.5,19.6,0.61309524
1166.1,3881.3,3,-0.7,4.5259839,513.8,19.6,0.6128692
1427.9,3868.4,261.8,-12.9,5.5236884,514.2,19.6,0.61256781
1686.9,3854.9,259,-13.5,6.5028308,514.7,19.6,0.61219108
1689,3853.2,2.1,-1.7,6.5080548,515.2,19.6,0.61181435
1690.9,3851.8,1.9,-1.4,6.5130086,515.6,19.6,0.61151296
1691.9,3850.4,1,-1.4,6.5144918,516.1,19.6,0.61113623
1695.9,3849,4,-1.4,6.5275191,516.6,19.6,0.61075949
1689,3848.2,-6.9,-0.8,6.4996098,517.1,19.6,0.61038276
1691,3847,2,-1.2,6.505277,517.5,19.6,0.61008137
1687.9,3846,-3.1,-1,6.4916634,518,19.6,0.60970464
1686.9,3845.1,-1,-0.9,6.4862992,518.5,19.6,0.60932791
641.1,3893.8,-1045.8,48.7,2.4963152,518.6,19.6,0.60925256
645.1,3895.1,4,1.3,2.512729,518.8,19.6,0.60910187
646,3896,0.9,0.9,2.516816,519,19.6,0.60895118
641.1,3896.9,-4.9,0.9,2.4983026,519.2,19.6,0.60880048
645,3897.3,3.9,0.4,2.5137585,519.4,19.6,0.60864979
867,3887.1,222,-10.2,3.3701157,519.6,19.6,0.6084991
868,3886.9,1,-0.2,3.3738292,519.8,19.6,0.6083484
871.9,3886.6,3.9,-0.3,3.3887265,520.1,19.6,0.60812236
870,3886.6,-1.9,0,3.381342,520.3,19.6,0.60797167
867,3886.7,-3,0.1,3.3697689,520.6,19.6,0.60774563
871,3886.4,4,-0.3,3.3850544,520.8,19.6,0.60759494
876,3886,5,-0.4,3.404136,521,19.6,0.60744424
866,3886.4,-10,0.4,3.3656224,521.3,19.6,0.6072182
-630.9,3958.1,-1496.9,71.7,-2.4971653,521.2,19.6,0.60729355
-629,3961.5,1.9,3.4,-2.4917835,521,19.6,0.60744424
-631,3964.2,-2,2.7,-2.5014102,520.8,19.6,0.60759494
-637,3966.7,-6,2.5,-2.5267879,520.6,19.6,0.60774563
-631,3968.4,6,1.7,-2.5040604,520.5,19.6,0.60782098
-715.9,3974.3,-84.9,5.9,-2.8452014,520.3,19.6,0.60797167
-717,3976.3,-1.1,2,-2.8510071,520.1,19.6,0.60812236
-717,3978,0,1.7,-2.852226,519.9,19.6,0.60827306
-718,3979.6,-1,1.6,-2.8573528,519.7,19.6,0.60842375
-712.9,3980.9,5.1,1.3,-2.8379836,519.5,19.6,0.60857444
-712.9,3982.3,0,1.4,-2.8389817,519.3,19.6,0.60872514
-715,3983.8,-2.1,1.5,-2.848417,519.1,19.6,0.60887583
-712,3985,3,1.2,-2.83732,518.9,19.6,0.60902652
-204.1,3962.2,507.9,-22.8,-0.80868502,518.8,19.6,0.60910187
-207,3962.4,-2.9,0.2,-0.8202168,518.8,19.6,0.60910187
-209.9,3962.8,-2.9,0.4,-0.83179172,518.7,19.6,0.60917722
2693.9,3825.1,2903.8,-137.7,10.304437,519.4,19.6,0.60864979
2690,3818.7,-3.9,-6.4,10.272303,520.1,19.6,0.60812236
1361.1,3876.8,-1328.9,58.1,5.2767125,520.5,19.6,0.60782098
34,3938.7,-1327.1,61.9,0.1339158,520.6,19.6,0.60774563
31,3940.6,-3,1.9,0.1221586,520.6,19.6,0.60774563
28,3942,-3,1.4,0.110376,520.6,19.6,0.60774563
34,3942.6,6,0.6,0.1340484,520.6,19.6,0.60774563
31,3943.5,-3,0.9,0.1222485,520.6,19.6,0.60774563
31,3944.1,0,0.6,0.1222671,520.6,19.6,0.60774563
29,3944.7,-2,0.6,0.1143963,520.6,19.6,0.60774563
30,3945.1,1,0.4,0.118353,520.6,19.6,0.60774563
26,3945.8,-4,0.7,0.1025908,520.6,19.6,0.60774563
28,3946.2,2,0.4,0.1104936,520.6,19.6,0.60774563
31,3946.4,3,0.2,0.1223384,520.6,19.6,0.60774563
30,3946.8,-1,0.4,0.118404,520.7,19.6,0.60767028
33,3947,3,0.2,0.130251,520.7,19.6,0.60767028
32,3947.4,-1,0.4,0.1263168,520.7,19.6,0.60767028
32,3947.8,0,0.4,0.1263296,520.7,19.6,0.60767028
30,3948.1,-2,0.3,0.118443,520.7,19.6,0.60767028
35,3948.2,5,0.1,0.138187,520.7,19.6,0.60767028
26,3948.9,-9,0.7,0.1026714,520.7,19.6,0.60767028
31,3949,5,0.1,0.122419,520.7,19.6,0.60767028
30,3949.3,-1,0.3,0.118479,520.7,19.6,0.60767028
31,3949.5,1,0.2,0.1224345,520.7,19.6,0.60767028
27,3950,-4,0.5,0.10665,520.7,19.6,0.60767028
25,3950.4,-2,0.4,0.09876,520.7,19.6,0.60767028
32,3950.3,7,-0.1,0.1264096,520.8,19.6,0.60759494
36,3950.3,4,0,0.1422108,520.8,19.6,0.60759494
34,3950.6,-2,0.3,0.1343204,520.8,19.6,0.60759494
22,3951.4,-12,0.8,0.0869308,520.8,19.6,0.60759494
30,3951.3,8,-0.1,0.118539,520.8,19.6,0.60759494
31,3951.5,1,0.2,0.1224965,520.8,19.6,0.60759494
29,3951.8,-2,0.3,0.1146022,520.8,19.6,0.60759494
32,3951.8,3,0,0.1264576,520.8,19.6,0.60759494
31,3952.1,-1,0.3,0.1225151,520.8,19.6,0.60759494
33,3952.2,2,0.1,0.1304226,520.8,19.6,0.60759494
28,3952.6,-5,0.4,0.1106728,520.8,19.6,0.60759494
31,3952.7,3,0.1,0.1225337,520.8,19.6,0.60759494
34,3952.7,3,0,0.1343918,520.9,19.6,0.60751959
25,3953.3,-9,0.6,0.0988325,520.9,19.6,0.60751959
34,3953,9,-0.3,0.134402,520.9,19.6,0.60751959
20,3953.9,-14,0.9,0.079078,520.9,19.6,0.60751959
29,3953.6,9,-0.3,0.1146544,520.9,19.6,0.60751959
32,3953.6,3,0,0.1265152,520.9,19.6,0.60751959
33,3953.8,1,0.2,0.1304754,520.9,19.6,0.60751959
32,3953.9,-1,0.1,0.1265248,520.9,19.6,0.60751959
38,3953.9,6,0,0.1502482,520.9,19.6,0.60751959
31,3954.3,-7,0.4,0.1225833,520.9,19.6,0.60751959
28,3954.6,-3,0.3,0.1107288,520.9,19.6,0.60751959
28,3954.8,0,0.2,0.1107344,520.9,19.6,0.60751959
31,3954.7,3,-0.1,0.1225957,521,19.6,0.60744424
36,3954.7,5,0,0.1423692,521,19.6,0.60744424
32,3954.9,-4,0.2,0.1265568,521,19.6,0.60744424
31,3955.2,-1,0.3,0.1226112,521,19.6,0.60744424
29,3955.4,-2,0.2,0.1147066,521,19.6,0.60744424
34,3955.3,5,-0.1,0.1344802,521,19.6,0.60744424
34,3955.4,0,0.1,0.1344836,521,19.6,0.60744424
34,3955.6,0,0.2,0.1344904,521,19.6,0.60744424
28,3955.9,-6,0.3,0.1107652,521,19.6,0.60744424
23,3956.3,-5,0.4,0.0909949,521,19.6,0.60744424
33,3956,10,-0.3,0.130548,521,19.6,0.60744424
33,3956,0,0,0.130548,521.1,19.6,0.6073689
29,3956.4,-4,0.4,0.1147356,521.1,19.6,0.6073689
32,3956.3,3,-0.1,0.1266016,521.1,19.6,0.6073689
32,3956.4,0,0.1,0.1266048,521.1,19.6,0.6073689
28,3956.7,-4,0.3,0.1107876,521.1,19.6,0.6073689
28,3956.9,0,0.2,0.1107932,521.1,19.6,0.6073689
34,3956.7,6,-0.2,0.1345278,521.1,19.6,0.6073689
27,3957,-7,0.3,0.106839,521.1,19.6,0.6073689
31,3957.1,4,0.1,0.1226701,521.1,19.6,0.6073689
34,3957,3,-0.1,0.134538,521.1,19.6,0.6073689
30,3957.3,-4,0.3,0.118719,521.1,19.6,0.6073689
28,3957.5,-2,0.2,0.11081,521.1,19.6,0.6073689
28,3957.6,0,0.1,0.1108128,521.2,19.6,0.60729355
31,3957.6,3,0,0.1226856,521.2,19.6,0.60729355
30,3957.7,-1,0.1,0.118731,521.2,19.6,0.60729355
26,3958,-4,0.3,0.102908,521.2,19.6,0.60729355
29,3957.9,3,-0.1,0.1147791,521.2,19.6,0.60729355
34,3957.7,5,-0.2,0.1345618,521.2,19.6,0.60729355
31,3958,-3,0.3,0.122698,521.2,19.6,0.60729355
32,3958,1,0,0.126656,521.2,19.6,0.60729355
33,3958,1,0,0.130614,521.2,19.6,0.60729355
32,3958.2,-1,0.2,0.1266624,521.2,19.6,0.60729355
32,3958.3,0,0.1,0.1266656,521.2,19.6,0.60729355
35,3958.3,3,0,0.1385405,521.2,19.6,0.60729355
33,3958.3,-2,0,0.1306239,521.3,19.6,0.6072182
33,3958.5,0,0.2,0.1306305,521.3,19.6,0.6072182
27,3958.8,-6,0.3,0.1068876,521.3,19.6,0.6072182
28,3958.9,1,0.1,0.1108492,521.3,19.6,0.6072182
29,3958.9,1,0,0.1148081,521.3,19.6,0.6072182
32,3958.8,3,-0.1,0.1266816,521.3,19.6,0.6072182
32,3958.9,0,0.1,0.1266848,521.3,19.6,0.6072182
30,3959.1,-2,0.2,0.118773,521.3,19.6,0.6072182
28,3959.2,-2,0.1,0.1108576,521.3,19.6,0.6072182
28,3959.3,0,0.1,0.1108604,521.3,19.6,0.6072182
32,3959.2,4,-0.1,0.1266944,521.3,19.6,0.6072182
30,3959.4,-2,0.2,0.118782,521.3,19.6,0.6072182
31,3959.4,1,0,0.1227414,521.4,19.6,0.60714286
33,3959.4,2,0,0.1306602,521.4,19.6,0.60714286
38,3959.1,5,-0.3,0.1504458,521.4,19.6,0.60714286
31,3959.6,-7,0.5,0.1227476,521.4,19.6,0.60714286
40,3959.2,9,-0.4,0.158368,521.4,19.6,0.60714286
35,3959.5,-5,0.3,0.1385825,521.4,19.6,0.60714286
38,3959.4,3,-0.1,0.1504572,521.4,19.6,0.60714286
26,3960.1,-12,0.7,0.1029626,521.4,19.6,0.60714286
35,3959.6,9,-0.5,0.138586,521.4,19.6,0.60714286
32,3959.9,-3,0.3,0.1267168,521.4,19.6,0.60714286
37,3959.7,5,-0.2,0.1465089,521.5,19.6,0.60706751
36,3959.8,-1,0.1,0.1425528,521.5,19.6,0.60706751
35,3959.9,-1,0.1,0.1385965,521.5,19.6,0.60706751
36,3959.9,1,0,0.1425564,521.5,19.6,0.60706751
35,3960,-1,0.1,0.1386,521.5,19.6,0.60706751
38,3959.9,3,-0.1,0.1504762,521.5,19.6,0.60706751
35,3960.1,-3,0.2,0.1386035,521.5,19.6,0.60706751
34,3960.2,-1,0.1,0.1346468,521.5,19.6,0.60706751
34,3960.2,0,0,0.1346468,521.5,19.6,0.60706751
36,3960.2,2,0,0.1425672,521.5,19.6,0.60706751
42,3960,6,-0.2,0.16632,521.6,19.6,0.60699216
32,3960.5,-10,0.5,0.126736,521.6,19.6,0.60699216
35,3960.4,3,-0.1,0.138614,521.6,19.6,0.60699216
34,3960.5,-1,0.1,0.134657,521.6,19.6,0.60699216
40,3960.3,6,-0.2,0.158412,521.6,19.6,0.60699216
32,3960.7,-8,0.4,0.1267424,521.6,19.6,0.60699216
34,3960.6,2,-0.1,0.1346604,521.6,19.6,0.60699216
36,3960.6,2,0,0.1425816,521.6,19.6,0.60699216
32,3960.8,-4,0.2,0.1267456,521.6,19.6,0.60699216
34,3960.8,2,0,0.1346672,521.6,19.6,0.60699216
36,3960.7,2,-0.1,0.1425852,521.6,19.6,0.60699216
39,3960.7,3,0,0.1544673,521.7,19.6,0.60691682
39,3960.7,0,0,0.1544673,521.7,19.6,0.60691682
36,3960.8,-3,0.1,0.1425888,521.7,19.6,0.60691682
37,3960.9,1,0.1,0.1465533,521.7,19.6,0.60691682
41,3960.7,4,-0.2,0.1623887,521.7,19.6,0.60691682
37,3960.9,-4,0.2,0.1465533,521.7,19.6,0.60691682
37,3961,0,0.1,0.146557,521.7,19.6,0.60691682
36,3961.1,-1,0.1,0.1425996,521.7,19.6,0.60691682
30,3961.4,-6,0.3,0.118842,521.7,19.6,0.60691682
32,3961.3,2,-0.1,0.1267616,521.7,19.6,0.60691682
35,3961.3,3,0,0.1386455,521.8,19.6,0.60684147
43,3961,8,-0.3,0.170323,521.8,19.6,0.60684147
35,3961.3,-8,0.3,0.1386455,521.8,19.6,0.60684147
39,3961.2,4,-0.1,0.1544868,521.8,19.6,0.60684147
35,3961.4,-4,0.2,0.138649,521.8,19.6,0.60684147
34,3961.5,-1,0.1,0.134691,521.8,19.6,0.60684147
36,3961.4,2,-0.1,0.1426104,521.8,19.6,0.60684147
37,3961.4,1,0,0.1465718,521.8,19.6,0.60684147
33,3961.7,-4,0.3,0.1307361,521.8,19.6,0.60684147
29,3961.9,-4,0.2,0.1148951,521.8,19.6,0.60684147
30,3961.9,1,0,0.118857,521.9,19.6,0.60676612
26,3962.2,-4,0.3,0.1030172,521.9,19.6,0.60676612
34,3961.8,8,-0.4,0.1347012,521.9,19.6,0.60676612
40,3961.6,6,-0.2,0.158464,521.9,19.6,0.60676612
35,3961.8,-5,0.2,0.138663,521.9,19.6,0.60676612
33,3961.9,-2,0.1,0.1307427,521.9,19.6,0.60676612
40,3961.7,7,-0.2,0.158468,521.9,19.6,0.60676612
37,3961.8,-3,0.1,0.1465866,521.9,19.6,0.60676612
36,3961.9,-1,0.1,0.1426284,521.9,19.6,0.60676612
39,3961.8,3,-0.1,0.1545102,521.9,19.6,0.60676612
36,3962,-3,0.2,0.142632,522,19.6,0.60669078
34,3962.1,-2,0.1,0.1347114,522,19.6,0.60669078
35,3962.1,1,0,0.1386735,522,19.6,0.60669078
35,3962.1,0,0,0.1386735,522,19.6,0.60669078
31,3962.4,-4,0.3,0.1228344,522,19.6,0.60669078
35,3962.2,4,-0.2,0.138677,522,19.6,0.60669078
34,3962.3,-1,0.1,0.1347182,522,19.6,0.60669078
40,3962.1,6,-0.2,0.158484,522,19.6,0.60669078
34,3962.3,-6,0.2,0.1347182,522,19.6,0.60669078
33,3962.4,-1,0.1,0.1307592,522,19.6,0.60669078
31,3962.6,-2,0.2,0.1228406,522.1,19.6,0.60661543
34,3962.4,3,-0.2,0.1347216,522.1,19.6,0.60661543
32,3962.6,-2,0.2,0.1268032,522.1,19.6,0.60661543
36,3962.4,4,-0.2,0.1426464,522.1,19.6,0.60661543
33,3962.6,-3,0.2,0.1307658,522.1,19.6,0.60661543
35,3962.5,2,-0.1,0.1386875,522.1,19.6,0.60661543
21,3963.3,-14,0.8,0.0832293,522.1,19.6,0.60661543
36,3962.6,15,-0.7,0.1426536,522.1,19.6,0.60661543
39,3962.5,3,-0.1,0.1545375,522.1,19.6,0.60661543
34,3962.7,-5,0.2,0.1347318,522.1,19.6,0.60661543
38,3962.6,4,-0.1,0.1505788,522.1,19.6,0.60661543
36,3962.7,-2,0.1,0.1426572,522.2,19.6,0.60654008
36,3962.7,0,0,0.1426572,522.2,19.6,0.60654008
37,3962.7,1,0,0.1466199,522.2,19.6,0.60654008
33,3962.9,-4,0.2,0.1307757,522.2,19.6,0.60654008
33,3963,0,0.1,0.130779,522.2,19.6,0.60654008
34,3962.9,1,-0.1,0.1347386,522.2,19.6,0.60654008
32,3963,-2,0.1,0.126816,522.2,19.6,0.60654008
35,3962.9,3,-0.1,0.1387015,522.2,19.6,0.60654008
33,3963.1,-2,0.2,0.1307823,522.2,19.6,0.60654008
34,3963,1,-0.1,0.134742,522.2,19.6,0.60654008
38,3962.9,4,-0.1,0.1505902,522.3,19.6,0.60646474
31,3963.2,-7,0.3,0.1228592,522.3,19.6,0.60646474
34,3963.2,3,0,0.1347488,522.3,19.6,0.60646474
36,3963.1,2,-0.1,0.1426716,522.3,19.6,0.60646474
38,3963,2,-0.1,0.150594,522.3,19.6,0.60646474
27,3963.5,-11,0.5,0.1070145,522.3,19.6,0.60646474
36,3963.2,9,-0.3,0.1426752,522.3,19.6,0.60646474
36,3963.2,0,0,0.1426752,522.3,19.6,0.60646474
34,3963.3,-2,0.1,0.1347522,522.3,19.6,0.60646474
42,3963,8,-0.3,0.166446,522.3,19.6,0.60646474
31,3963.5,-11,0.5,0.1228685,522.3,19.6,0.60646474
32,3963.5,1,0,0.126832,522.4,19.6,0.60638939
34,3963.5,2,0,0.134759,522.4,19.6,0.60638939
33,3963.5,-1,0,0.1307955,522.4,19.6,0.60638939
30,3963.7,-3,0.2,0.118911,522.4,19.6,0.60638939
34,3963.5,4,-0.2,0.134759,522.4,19.6,0.60638939
33,3963.6,-1,0.1,0.1307988,522.4,19.6,0.60638939
36,3963.5,3,-0.1,0.142686,522.4,19.6,0.60638939
34,3963.6,-2,0.1,0.1347624,522.4,19.6,0.60638939
33,3963.6,-1,0,0.1307988,522.4,19.6,0.60638939
37,3963.5,4,-0.1,0.1466495,522.4,19.6,0.60638939
32,3963.7,-5,0.2,0.1268384,522.4,19.6,0.60638939
38,3963.5,6,-0.2,0.150613,522.5,19.6,0.60631404
37,3963.5,-1,0,0.1466495,522.5,19.6,0.60631404
27,3964,-10,0.5,0.107028,522.5,19.6,0.60631404
34,3963.7,7,-0.3,0.1347658,522.5,19.6,0.60631404
37,3963.6,3,-0.1,0.1466532,522.5,19.6,0.60631404
37,3963.7,0,0.1,0.1466569,522.5,19.6,0.60631404
40,3963.5,3,-0.2,0.15854,522.5,19.6,0.60631404
31,3964,-9,0.5,0.122884,522.5,19.6,0.60631404
34,3963.9,3,-0.1,0.1347726,522.5,19.6,0.60631404
34,3963.9,0,0,0.1347726,522.5,19.6,0.60631404
39,3963.7,5,-0.2,0.1545843,522.6,19.6,0.6062387
37,3963.8,-2,0.1,0.1466606,522.6,19.6,0.6062387
50,3963.2,13,-0.6,0.19816,522.6,19.6,0.6062387
70,3962.2,20,-1,0.277354,522.6,19.6,0.6062387
68,3962.3,-2,0.1,0.2694364,522.6,19.6,0.6062387
73,3962,5,-0.3,0.289226,522.6,19.6,0.6062387
75,3961.8,2,-0.2,0.297135,522.7,19.6,0.60616335
75,3961.8,0,0,0.297135,522.7,19.6,0.60616335
71,3962,-4,0.2,0.281302,522.7,19.6,0.60616335
75,3961.8,4,-0.2,0.297135,522.7,19.6,0.60616335
357.1,3948.3,282.1,-13.5,1.4099379,522.8,19.6,0.606088
361.1,3947.5,4,-0.8,1.4254422,522.9,19.6,0.60601266
2669.9,3837.1,2308.8,-110.4,10.244673,523.7,19.6,0.60540989
2670.9,3831.3,1,-5.8,10.233019,524.4,19.6,0.60488246
2671.1,3826.7,0.2,-4.6,10.221498,525.1,19.6,0.60435503
2669,3822.9,-2.1,-3.8,10.20332,525.9,19.6,0.60375226
2670,3819.3,1,-3.6,10.197531,526.6,19.6,0.60322483
694.1,3909.8,-1975.9,90.5,2.7137922,526.8,19.6,0.60307414
693,3911.4,-1.1,1.6,2.7106002,527,19.6,0.60292345
685.1,3912.4,-7.9,1,2.6803852,527.2,19.6,0.60277275
689,3912.6,3.9,0.2,2.6957814,527.4,19.6,0.60262206
688,3912.8,-1,0.2,2.6920064,527.6,19.6,0.60247137
688,3912.7,0,-0.1,2.6919376,527.8,19.6,0.60232068
690,3912.6,2,-0.1,2.699694,528,19.6,0.60216998
688,3912.5,-2,-0.1,2.6918,528.2,19.6,0.60201929
691,3912.2,3,-0.3,2.7033302,528.3,19.6,0.60194394
1123,3891.5,432,-20.7,4.3701545,528.7,19.6,0.60164256
1121.9,3890.3,-1.1,-1.2,4.3645276,529,19.6,0.60141652
1124,3889.1,2.1,-1.2,4.3713484,529.3,19.6,0.60119048
1127,3888.1,3,-1,4.3818887,529.6,19.6,0.60096444
1123.1,3887.4,-3.9,-0.7,4.3659389,529.9,19.6,0.6007384
1129,3886.4,5.9,-1,4.3877456,530.2,19.6,0.60051236
1120.1,3886,-8.9,-0.4,4.3527086,530.5,19.6,0.60028632
1125.1,3885,5,-1,4.3710135,530.8,19.6,0.60006028
701,3904.5,-424.1,19.5,2.7370545,531,19.6,0.59990958
703,3904.7,2,0.2,2.7450041,531.2,19.6,0.59975889
692.1,3905.4,-10.9,0.7,2.7029273,531.4,19.6,0.5996082
693,3905.4,0.9,0,2.7064422,531.6,19.6,0.5994575
694.1,3905.3,1.1,-0.1,2.7106687,531.8,19.6,0.59930681
435.1,3917.5,-259,12.2,1.7045042,531.9,19.6,0.59923146
178.2,3930.4,-256.9,12.9,0.70039728,532,19.6,0.59915612
176.1,3931.4,-2.1,1,0.69231954,532,19.6,0.59915612
177.1,3932.1,1,0.7,0.69637491,532.1,19.6,0.59908077
176.1,3932.8,-1,0.7,0.69256608,532.1,19.6,0.59908077
172,3933.6,-4.1,0.8,0.6765792,532.2,19.6,0.59900542
174.1,3933.9,2.1,0.3,0.68489199,532.2,19.6,0.59900542
172.1,3934.5,-2,0.6,0.67712745,532.3,19.6,0.59893008
180,3934.5,7.9,0,0.70821,532.3,19.6,0.59893008
58,3940.7,-122,6.2,0.2285606,532.3,19.6,0.59893008
58,3941.4,0,0.7,0.2286012,532.4,19.6,0.59885473
64,3941.6,6,0.2,0.2522624,532.4,19.6,0.59885473
63,3942.2,-1,0.6,0.2483586,532.4,19.6,0.59885473
64,3942.6,1,0.4,0.2523264,532.4,19.6,0.59885473
57,3943.4,-7,0.8,0.2247738,532.4,19.6,0.59885473
65,3943.4,8,0,0.256321,532.4,19.6,0.59885473
40,3945,-25,1.6,0.1578,532.5,19.6,0.59877939
37,3945.5,-3,0.5,0.1459835,532.5,19.6,0.59877939
1346.9,3883.6,1309.9,-61.9,5.2308208,532.8,19.6,0.59855335
1347,3880.8,0.1,-2.8,5.2274376,533.2,19.6,0.59825196
2438.8,3826.7,1091.8,-54.1,9.332556,533.9,19.6,0.59772453
2436,3822.6,-2.8,-4.1,9.3118536,534.5,19.6,0.59727245
2440.9,3818.8,4.9,-3.8,9.3213089,535.2,19.6,0.59674503
2442,3815.8,1.1,-3,9.3181836,535.9,19.6,0.5962176
2442,3813,0,-2.8,9.311346,536.6,19.6,0.59569017
2445,3810.3,3,-2.7,9.3161835,537.3,19.6,0.59516275
1245.2,3865.1,-1199.8,54.8,4.8128225,537.6,19.6,0.59493671
46,3922.7,-1199.2,57.6,0.1804442,537.6,19.6,0.59493671
43,3925.7,-3,3,0.1688051,537.7,19.6,0.59486136
51,3927.3,8,1.6,0.2002923,537.7,19.6,0.59486136
47,3929,-4,1.7,0.184663,537.7,19.6,0.59486136
40,3930.6,-7,1.6,0.157224,537.7,19.6,0.59486136
49,3931.4,9,0.8,0.1926386,537.7,19.6,0.59486136
42,3932.7,-7,1.3,0.1651734,537.7,19.6,0.59486136
45,3933.4,3,0.7,0.177003,537.7,19.6,0.59486136
45,3934.2,0,0.8,0.177039,537.7,19.6,0.59486136
46,3934.9,1,0.7,0.1810054,537.8,19.6,0.59478602
49,3935.4,3,0.5,0.1928346,537.8,19.6,0.59478602
43,3936.4,-6,1,0.1692652,537.8,19.6,0.59478602
45,3936.9,2,0.5,0.1771605,537.8,19.6,0.59478602
47,3937.4,2,0.5,0.1850578,537.8,19.6,0.59478602
44,3938,-3,0.6,0.173272,537.8,19.6,0.59478602
44,3938.6,0,0.6,0.1732984,537.8,19.6,0.59478602
44,3939.1,0,0.5,0.1733204,537.8,19.6,0.59478602
40,3939.7,-4,0.6,0.157588,537.9,19.6,0.59471067
44,3940,4,0.3,0.17336,537.9,19.6,0.59471067
43,3940.4,-1,0.4,0.1694372,537.9,19.6,0.59471067
41,3940.9,-2,0.5,0.1615769,537.9,19.6,0.59471067
49,3940.9,8,0,0.1931041,537.9,19.6,0.59471067
45,3941.5,-4,0.6,0.1773675,537.9,19.6,0.59471067
45,3941.9,0,0.4,0.1773855,537.9,19.6,0.59471067
47,3942.1,2,0.2,0.1852787,537.9,19.6,0.59471067
45,3942.5,-2,0.4,0.1774125,538,19.6,0.59463532
49,3942.7,4,0.2,0.1931923,538,19.6,0.59463532
41,3943.4,-8,0.7,0.1616794,538,19.6,0.59463532
46,3943.5,5,0.1,0.181401,538,19.6,0.59463532
47,3943.7,1,0.2,0.1853539,538,19.6,0.59463532
48,3944,1,0.3,0.189312,538,19.6,0.59463532
49,3944.2,1,0.2,0.1932658,538,19.6,0.59463532
49,3944.5,0,0.3,0.1932805,538,19.6,0.59463532
45,3944.9,-4,0.4,0.1775205,538.1,19.6,0.59455998
44,3945.2,-1,0.3,0.1735888,538.1,19.6,0.59455998
43,3945.5,-1,0.3,0.1696565,538.1,19.6,0.59455998
44,3945.8,1,0.3,0.1736152,538.1,19.6,0.59455998
43,3946,-1,0.2,0.169678,538.1,19.6,0.59455998
43,3946.3,0,0.3,0.1696909,538.1,19.6,0.59455998
46,3946.4,3,0.1,0.1815344,538.1,19.6,0.59455998
44,3946.7,-2,0.3,0.1736548,538.1,19.6,0.59455998
48,3946.7,4,0,0.1894416,538.2,19.6,0.59448463
46,3947,-2,0.3,0.181562,538.2,19.6,0.59448463
46,3947.2,0,0.2,0.1815712,538.2,19.6,0.59448463
39,3947.7,-7,0.5,0.1539603,538.2,19.6,0.59448463
48,3947.5,9,-0.2,0.18948,538.2,19.6,0.59448463
43,3947.9,-5,0.4,0.1697597,538.2,19.6,0.59448463
44,3948.1,1,0.2,0.1737164,538.2,19.6,0.59448463
46,3948.1,2,0,0.1816126,538.2,19.6,0.59448463
38,3948.7,-8,0.6,0.1500506,538.3,19.6,0.59440928
39,3948.8,1,0.1,0.1540032,538.3,19.6,0.59440928
45,3948.7,6,-0.1,0.1776915,538.3,19.6,0.59440928
46,3948.9,1,0.2,0.1816494,538.3,19.6,0.59440928
45,3949,-1,0.1,0.177705,538.3,19.6,0.59440928
45,3949.2,0,0.2,0.177714,538.3,19.6,0.59440928
43,3949.5,-2,0.3,0.1698285,538.3,19.6,0.59440928
42,3949.6,-1,0.1,0.1658832,538.3,19.6,0.59440928
46,3949.7,4,0.1,0.1816862,538.4,19.6,0.59433394
45,3949.8,-1,0.1,0.177741,538.4,19.6,0.59433394
45,3950,0,0.2,0.17775,538.4,19.6,0.59433394
47,3950,2,0,0.18565,538.4,19.6,0.59433394
40,3950.5,-7,0.5,0.15802,538.4,19.6,0.59433394
40,3950.6,0,0.1,0.158024,538.4,19.6,0.59433394
44,3950.6,4,0,0.1738264,538.4,19.6,0.59433394
49,3950.4,5,-0.2,0.1935696,538.4,19.6,0.59433394
42,3950.9,-7,0.5,0.1659378,538.5,19.6,0.59425859
44,3951,2,0.1,0.173844,538.5,19.6,0.59425859
38,3951.3,-6,0.3,0.1501494,538.5,19.6,0.59425859
43,3951.3,5,0,0.1699059,538.5,19.6,0.59425859
43,3951.4,0,0.1,0.1699102,538.5,19.6,0.59425859
47,3951.3,4,-0.1,0.1857111,538.5,19.6,0.59425859
39,3951.8,-8,0.5,0.1541202,538.5,19.6,0.59425859
48,3951.5,9,-0.3,0.189672,538.5,19.6,0.59425859
44,3951.8,-4,0.3,0.1738792,538.5,19.6,0.59425859
47,3951.7,3,-0.1,0.1857299,538.6,19.6,0.59418324
43,3952,-4,0.3,0.169936,538.6,19.6,0.59418324
46,3952,3,0,0.181792,538.6,19.6,0.59418324
46,3952.1,0,0.1,0.1817966,538.6,19.6,0.59418324
46,3952.2,0,0.1,0.1818012,538.6,19.6,0.59418324
43,3952.4,-3,0.2,0.1699532,538.6,19.6,0.59418324
50,3952.1,7,-0.3,0.197605,538.6,19.6,0.59418324
48,3952.4,-2,0.3,0.1897152,538.7,19.6,0.5941079
44,3952.6,-4,0.2,0.1739144,538.7,19.6,0.5941079
43,3952.8,-1,0.2,0.1699704,538.7,19.6,0.5941079
44,3952.8,1,0,0.1739232,538.7,19.6,0.5941079
43,3953,-1,0.2,0.169979,538.7,19.6,0.5941079
49,3952.8,6,-0.2,0.1936872,538.7,19.6,0.5941079
42,3953.2,-7,0.4,0.1660344,538.7,19.6,0.5941079
40,3953.3,-2,0.1,0.158132,538.7,19.6,0.5941079
50,3952.9,10,-0.4,0.197645,538.7,19.6,0.5941079
46,3953.2,-4,0.3,0.1818472,538.8,19.6,0.59403255
44,3953.4,-2,0.2,0.1739496,538.8,19.6,0.59403255
41,3953.7,-3,0.3,0.1621017,538.8,19.6,0.59403255
49,3953.3,8,-0.4,0.1937117,538.8,19.6,0.59403255
42,3953.7,-7,0.4,0.1660554,538.8,19.6,0.59403255
43,3953.7,1,0,0.1700091,538.8,19.6,0.59403255
44,3953.8,1,0.1,0.1739672,538.8,19.6,0.59403255
43,3953.9,-1,0.1,0.1700177,538.8,19.6,0.59403255
50,3953.6,7,-0.3,0.19768,538.9,19.6,0.5939572
43,3954,-7,0.4,0.170022,538.9,19.6,0.5939572
52,3953.7,9,-0.3,0.2055924,538.9,19.6,0.5939572
48,3953.9,-4,0.2,0.1897872,538.9,19.6,0.5939572
49,3953.9,1,0,0.1937411,538.9,19.6,0.5939572
40,3954.4,-9,0.5,0.158176,538.9,19.6,0.5939572
51,3954,11,-0.4,0.201654,538.9,19.6,0.5939572
46,3954.2,-5,0.2,0.1818932,539,19.6,0.59388186
43,3954.5,-3,0.3,0.1700435,539,19.6,0.59388186
45,3954.4,2,-0.1,0.177948,539,19.6,0.59388186
48,3954.3,3,-0.1,0.1898064,539,19.6,0.59388186
42,3954.7,-6,0.4,0.1660974,539,19.6,0.59388186
43,3954.7,1,0,0.1700521,539,19.6,0.59388186
44,3954.7,1,0,0.1740068,539,19.6,0.59388186
46,3954.7,2,0,0.1819162,539,19.6,0.59388186
41,3955,-5,0.3,0.162155,539.1,19.6,0.59380651
52,3954.5,11,-0.5,0.205634,539.1,19.6,0.59380651
46,3954.9,-6,0.4,0.1819254,539.1,19.6,0.59380651
46,3954.9,0,0,0.1819254,539.1,19.6,0.59380651
44,3955,-2,0.1,0.17402,539.1,19.6,0.59380651
44,3955.1,0,0.1,0.1740244,539.1,19.6,0.59380651
52,3954.8,8,-0.3,0.2056496,539.1,19.6,0.59380651
50,3954.9,-2,0.1,0.197745,539.1,19.6,0.59380651
41,3955.4,-9,0.5,0.1621714,539.2,19.6,0.59373116
47,3955.2,6,-0.2,0.1858944,539.2,19.6,0.59373116
45,3955.3,-2,0.1,0.1779885,539.2,19.6,0.59373116
45,3955.3,0,0,0.1779885,539.2,19.6,0.59373116
51,3955.1,6,-0.2,0.2017101,539.2,19.6,0.59373116
49,3955.3,-2,0.2,0.1938097,539.2,19.6,0.59373116
44,3955.5,-5,0.2,0.174042,539.2,19.6,0.59373116
43,3955.6,-1,0.1,0.1700908,539.2,19.6,0.59373116
47,3955.5,4,-0.1,0.1859085,539.3,19.6,0.59365582
46,3955.6,-1,0.1,0.1819576,539.3,19.6,0.59365582
44,3955.7,-2,0.1,0.1740508,539.3,19.6,0.59365582
46,3955.7,2,0,0.1819622,539.3,19.6,0.59365582
49,3955.5,3,-0.2,0.1938195,539.3,19.6,0.59365582
46,3955.7,-3,0.2,0.1819622,539.3,19.6,0.59365582
50,3955.6,4,-0.1,0.19778,539.3,19.6,0.59365582
44,3955.9,-6,0.3,0.1740596,539.3,19.6,0.59365582
42,3956.1,-2,0.2,0.1661562,539.4,19.6,0.59358047
45,3956,3,-0.1,0.17802,539.4,19.6,0.59358047
43,3956.1,-2,0.1,0.1701123,539.4,19.6,0.59358047
44,3956.1,1,0,0.1740684,539.4,19.6,0.59358047
43,3956.2,-1,0.1,0.1701166,539.4,19.6,0.59358047
48,3956,5,-0.2,0.189888,539.4,19.6,0.59358047
43,3956.3,-5,0.3,0.1701209,539.4,19.6,0.59358047
45,3956.3,2,0,0.1780335,539.4,19.6,0.59358047
45,3956.2,0,-0.1,0.178029,539.5,19.6,0.59350512
42,3956.4,-3,0.2,0.1661688,539.5,19.6,0.59350512
40,3956.6,-2,0.2,0.158264,539.5,19.6,0.59350512
21,3957.5,-19,0.9,0.0831075,539.5,19.6,0.59350512
19,3957.7,-2,0.2,0.0751963,539.5,19.6,0.59350512
27,3957.4,8,-0.3,0.1068498,539.5,19.6,0.59350512
22,3957.7,-5,0.3,0.0870694,539.5,19.6,0.59350512
24,3957.7,2,0,0.0949848,539.5,19.6,0.59350512
24,3957.7,0,0,0.0949848,539.5,19.6,0.59350512
27,3957.7,3,0,0.1068579,539.5,19.6,0.59350512
24,3957.9,-3,0.2,0.0949896,539.5,19.6,0.59350512
22,3958,-2,0.1,0.087076,539.5,19.6,0.59350512
27,3957.8,5,-0.2,0.1068606,539.5,19.6,0.59350512
27,3957.8,0,0,0.1068606,539.6,19.6,0.59342978
24,3958.1,-3,0.3,0.0949944,539.6,19.6,0.59342978
26,3958,2,-0.1,0.102908,539.6,19.6,0.59342978
32,3957.8,6,-0.2,0.1266496,539.6,19.6,0.59342978
23,3958.3,-9,0.5,0.0910409,539.6,19.6,0.59342978
25,3958.3,2,0,0.0989575,539.6,19.6,0.59342978
25,3958.3,0,0,0.0989575,539.6,19.6,0.59342978
20,3958.6,-5,0.3,0.079172,539.6,19.6,0.59342978
21,3958.6,1,0,0.0831306,539.6,19.6,0.59342978
23,3958.5,2,-0.1,0.0910455,539.6,19.6,0.59342978
27,3958.4,4,-0.1,0.1068768,539.6,19.6,0.59342978
23,3958.6,-4,0.2,0.0910478,539.6,19.6,0.59342978
28,3958.5,5,-0.1,0.110838,539.6,19.6,0.59342978
23,3958.7,-5,0.2,0.0910501,539.6,19.6,0.59342978
27,3958.5,4,-0.2,0.1068795,539.7,19.6,0.59335443
27,3958.7,0,0.2,0.1068849,539.7,19.6,0.59335443
25,3958.7,-2,0,0.0989675,539.7,19.6,0.59335443
26,3958.7,1,0,0.1029262,539.7,19.6,0.59335443
22,3958.9,-4,0.2,0.0870958,539.7,19.6,0.59335443
22,3959,0,0.1,0.087098,539.7,19.6,0.59335443
23,3959,1,0,0.091057,539.7,19.6,0.59335443
27,3958.8,4,-0.2,0.1068876,539.7,19.6,0.59335443
34,3958.6,7,-0.2,0.1345924,539.7,19.6,0.59335443
26,3958.9,-8,0.3,0.1029314,539.7,19.6,0.59335443
32,3958.8,6,-0.1,0.1266816,539.7,19.6,0.59335443
25,3959.1,-7,0.3,0.0989775,539.7,19.6,0.59335443
25,3959.1,0,0,0.0989775,539.7,19.6,0.59335443
30,3958.9,5,-0.2,0.118767,539.7,19.6,0.59335443
23,3959.3,-7,0.4,0.0910639,539.8,19.6,0.59327908
21,3959.4,-2,0.1,0.0831474,539.8,19.6,0.59327908
28,3959.1,7,-0.3,0.1108548,539.8,19.6,0.59327908
23,3959.4,-5,0.3,0.0910662,539.8,19.6,0.59327908
20,3959.6,-3,0.2,0.079192,539.8,19.6,0.59327908
25,3959.4,5,-0.2,0.098985,539.8,19.6,0.59327908
24,3959.5,-1,0.1,0.095028,539.8,19.6,0.59327908
24,3959.5,0,0,0.095028,539.8,19.6,0.59327908
24,3959.6,0,0.1,0.0950304,539.8,19.6,0.59327908
24,3959.6,0,0,0.0950304,539.8,19.6,0.59327908
23,3959.7,-1,0.1,0.0910731,539.8,19.6,0.59327908
29,3959.4,6,-0.3,0.1148226,539.8,19.6,0.59327908
25,3959.6,-4,0.2,0.09899,539.8,19.6,0.59327908
26,3959.6,1,0,0.1029496,539.8,19.6,0.59327908
28,3959.5,2,-0.1,0.110866,539.8,19.6,0.59327908
28,3959.5,0,0,0.110866,539.9,19.6,0.59320374
29,3959.5,1,0,0.1148255,539.9,19.6,0.59320374
24,3959.8,-5,0.3,0.0950352,539.9,19.6,0.59320374
22,3959.9,-2,0.1,0.0871178,539.9,19.6,0.59320374
25,3959.8,3,-0.1,0.098995,539.9,19.6,0.59320374
31,3959.6,6,-0.2,0.1227476,539.9,19.6,0.59320374
31,3959.6,0,0,0.1227476,539.9,19.6,0.59320374
23,3960,-8,0.4,0.09108,539.9,19.6,0.59320374
29,3959.8,6,-0.2,0.1148342,539.9,19.6,0.59320374
23,3960,-6,0.2,0.09108,539.9,19.6,0.59320374
30,3959.8,7,-0.2,0.118794,539.9,19.6,0.59320374
28,3959.9,-2,0.1,0.1108772,539.9,19.6,0.59320374
22,3960.2,-6,0.3,0.0871244,539.9,19.6,0.59320374
23,3960.2,1,0,0.0910846,540,19.6,0.59312839
22,3960.2,-1,0,0.0871244,540,19.6,0.59312839
29,3960,7,-0.2,0.11484,540,19.6,0.59312839
33,3959.8,4,-0.2,0.1306734,540,19.6,0.59312839
30,3959.9,-3,0.1,0.118797,540,19.6,0.59312839
29,3960,-1,0.1,0.11484,540,19.6,0.59312839
30,3960,1,0,0.1188,540,19.6,0.59312839
25,3960.2,-5,0.2,0.099005,540,19.6,0.59312839
24,3960.3,-1,0.1,0.0950472,540,19.6,0.59312839
23,3960.4,-1,0.1,0.0910892,540,19.6,0.59312839
26,3960.3,3,-0.1,0.1029678,540,19.6,0.59312839
19,3960.7,-7,0.4,0.0752533,540,19.6,0.59312839
27,3960.3,8,-0.4,0.1069281,540,19.6,0.59312839
22,3960.6,-5,0.3,0.0871332,540,19.6,0.59312839
22,3960.6,0,0,0.0871332,540.1,19.6,0.59305304
26,3960.4,4,-0.2,0.1029704,540.1,19.6,0.59305304
29,3960.3,3,-0.1,0.1148487,540.1,19.6,0.59305304
28,3960.4,-1,0.1,0.1108912,540.1,19.6,0.59305304
31,3960.2,3,-0.2,0.1227662,540.1,19.6,0.59305304
24,3960.6,-7,0.4,0.0950544,540.1,19.6,0.59305304
22,3960.8,-2,0.2,0.0871376,540.1,19.6,0.59305304
24,3960.7,2,-0.1,0.0950568,540.1,19.6,0.59305304
19,3961,-5,0.3,0.075259,540.1,19.6,0.59305304
24,3960.7,5,-0.3,0.0950568,540.1,19.6,0.59305304
24,3960.8,0,0.1,0.0950592,540.1,19.6,0.59305304
27,3960.7,3,-0.1,0.1069389,540.1,19.6,0.59305304
30,3960.5,3,-0.2,0.118815,540.1,19.6,0.59305304
25,3960.8,-5,0.3,0.09902,540.1,19.6,0.59305304
22,3960.9,-3,0.1,0.0871398,540.2,19.6,0.5929777
22,3961,0,0.1,0.087142,540.2,19.6,0.5929777
23,3961,1,0,0.091103,540.2,19.6,0.5929777
28,3960.8,5,-0.2,0.1109024,540.2,19.6,0.5929777
24,3960.9,-4,0.1,0.0950616,540.2,19.6,0.5929777
25,3961,1,0.1,0.099025,540.2,19.6,0.5929777
30,3960.7,5,-0.3,0.118821,540.2,19.6,0.5929777
17,3961.4,-13,0.7,0.0673438,540.2,19.6,0.5929777
27,3960.9,10,-0.5,0.1069443,540.2,19.6,0.5929777
2614.8,3837.5,2587.8,-123.4,10.034295,540.9,19.6,0.59245027
2619.9,3831.3,5.1,-6.2,10.037623,541.6,19.6,0.59192285
2626,3826.3,6.1,-5,10.047864,542.3,19.6,0.59139542
2620,3822.6,-6,-3.7,10.015212,543,19.6,0.59086799
2617.9,3819.1,-2.1,-3.5,9.9980219,543.8,19.6,0.59026522
2618,3815.7,0.1,-3.4,9.9895026,544.5,19.6,0.58973779
2623,3812.4,5,-3.3,9.9999252,545.2,19.6,0.58921037
2613,3810,-10,-2.4,9.95553,546,19.6,0.58860759
2621.9,3806.8,8.9,-3.2,9.9810489,546.7,19.6,0.58808017
2622,3804.2,0.1,-2.6,9.9746124,547.4,19.6,0.58755274
2023.1,3830.2,-598.9,26,7.7488776,548,19.6,0.58710066
1435,3857.1,-588.1,26.9,5.5349385,548.4,19.6,0.58679928
1431,3857.4,-4,0.3,5.5199394,548.8,19.6,0.58649789
1433,3857,2,-0.4,5.527081,549.2,19.6,0.5861965
1439,3856.3,6,-0.7,5.5492157,549.6,19.6,0.58589512
1436,3855.9,-3,-0.4,5.5370724,550,19.6,0.58559373
460.1,3901.9,-975.9,46,1.7952642,550.1,19.6,0.58551838
468.1,3903.2,8,1.3,1.8270879,550.2,19.6,0.58544304
469,3904.2,0.9,1,1.8310698,550.4,19.6,0.58529234
465,3905.3,-4,1.1,1.8159645,550.5,19.6,0.585217
464,3906,-1,0.7,1.812384,550.6,19.6,0.58514165
466,3906.5,2,0.5,1.820429,550.7,19.6,0.58506631
2768.9,3797.1,2302.9,-109.4,10.51379,551.5,19.6,0.58446353
2772,3791.9,3.1,-5.2,10.511147,552.3,19.6,0.58386076
2770,3788.2,-2,-3.7,10.493314,553,19.6,0.58333333
2767,3785.1,-3,-3.1,10.473372,553.8,19.6,0.58273056
2770,3782.1,3,-3,10.476417,554.6,19.6,0.58212779
2769.1,3779.6,-0.9,-2.5,10.46609,555.4,19.6,0.58152502
2766,3777.3,-3.1,-2.3,10.448012,556.1,19.6,0.58099759
2771,3774.7,5,-2.6,10.459694,556.9,19.6,0.58039482
2768,3772.7,-3,-2,10.442834,557.7,19.6,0.57979204
2136.9,3800.7,-631.1,28,8.1217158,558.3,19.6,0.57933996
1507.1,3830.1,-629.8,29.4,5.7723437,558.7,19.6,0.57903858
1499,3831.1,-8.1,1,5.7428189,559.1,19.6,0.57873719
1507,3831,8,-0.1,5.773317,559.5,19.6,0.5784358
1502,3831.2,-5,0.2,5.7544624,559.9,19.6,0.57813442
1504.1,3830.9,2.1,-0.3,5.7620567,560.3,19.6,0.57783303
1504,3830.6,-0.1,-0.3,5.7612224,560.8,19.6,0.5774563
-52,3905.4,-1556,74.8,-0.2030808,560.8,19.6,0.5774563
-56,3908.9,-4,3.5,-0.2188984,560.8,19.6,0.5774563
-47,3911,9,2.1,-0.183817,560.8,19.6,0.5774563
-49,3913.2,-2,2.2,-0.1917468,560.8,19.6,0.5774563
738.9,3876.8,787.9,-36.4,2.8645675,561,19.6,0.57730561
744,3876.3,5.1,-0.5,2.8839672,561.2,19.6,0.57715491
1672.8,3831.9,928.8,-44.4,6.4100023,561.6,19.6,0.57685353
2600.8,3785.5,928,-46.4,9.8453284,562.4,19.6,0.57625075
2603,3781.7,2.2,-3.8,9.8437651,563.1,19.6,0.57572333
2601,3778.8,-2,-2.9,9.8286588,563.8,19.6,0.5751959
2605,3776,4,-2.8,9.83648,564.5,19.6,0.57466847
2603,3773.8,-2,-2.2,9.8232014,565.3,19.6,0.5740657
2895,3757.8,292,-16,10.878831,566.1,19.6,0.57346293
2899,3755,4,-2.8,10.885745,566.9,19.6,0.57286016
2892.1,3753,-6.9,-2,10.854051,567.7,19.6,0.57225738
2892,3750.8,-0.1,-2.2,10.847314,568.5,19.6,0.57165461
2896,3748.5,4,-2.3,10.855656,569.3,19.6,0.57105184
2901.1,3746.3,5.1,-2.2,10.868391,570.1,19.6,0.57044907
2900,3744.5,-1.1,-1.8,10.85905,570.9,19.6,0.56984629
599.1,3852.5,-2300.9,108,2.3080327,571,19.6,0.56977095
602,3855.8,2.9,3.3,2.3211916,571.2,19.6,0.56962025
601.1,3858.3,-0.9,2.5,2.3192241,571.4,19.6,0.56946956
607.1,3859.8,6,1.5,2.3432846,571.6,19.6,0.56931887
600,3861.6,-7.1,1.8,2.31696,571.7,19.6,0.56924352
601,3862.9,1,1.3,2.3216029,571.9,19.6,0.56909283
604,3863.9,3,1,2.3337956,572.1,19.6,0.56894213
597,3865.2,-7,1.3,2.3075244,572.2,19.6,0.56886679
599,3866,2,0.8,2.315734,572.4,19.6,0.56871609
600,3866.8,1,0.8,2.32008,572.6,19.6,0.5685654
365,3878.8,-235,12,1.415762,572.7,19.6,0.56849005
373.1,3879.6,8.1,0.8,1.4474788,572.8,19.6,0.56841471
370.1,3880.8,-3,1.2,1.4362841,572.9,19.6,0.56833936
374.1,3881.6,4,0.8,1.4521066,573,19.6,0.56826401
-678,3933.1,-1052.1,51.5,-2.6666418,572.8,19.6,0.56841471
-676,3936.2,2,3.1,-2.6608712,572.6,19.6,0.5685654
-678,3939,-2,2.8,-2.670642,572.4,19.6,0.56871609
-678.9,3941.5,-0.9,2.5,-2.6758843,572.2,19.6,0.56886679
-675.9,3943.5,3,2,-2.6654116,572,19.6,0.56901748
-678.9,3945.6,-3,2.1,-2.6786678,571.8,19.6,0.56916817
-674.9,3947.3,4,1.7,-2.6640328,571.6,19.6,0.56931887
-682.9,3949.5,-8,2.2,-2.6971135,571.4,19.6,0.56946956
-679,3951,3.9,1.5,-2.682729,571.2,19.6,0.56962025
423,3899.8,1102,-51.2,1.6496154,571.3,19.6,0.56954491
418.1,3899,-4.9,-0.8,1.6301719,571.4,19.6,0.56946956
423.1,3898.3,5,-0.7,1.6493707,571.6,19.6,0.56931887
419.1,3898.2,-4,-0.1,1.6337356,571.7,19.6,0.56924352
673,3886,253.9,-12.2,2.615278,571.9,19.6,0.56909283
672,3885.4,-1,-0.6,2.6109888,572.1,19.6,0.56894213
684,3884.3,12,-1.1,2.6568612,572.2,19.6,0.56886679
677,3884.2,-7,-0.1,2.6296034,572.4,19.6,0.56871609
675,3884,-2,-0.2,2.6217,572.6,19.6,0.5685654
675,3883.7,0,-0.3,2.6214975,572.8,19.6,0.56841471
680,3883.2,5,-0.5,2.640576,573,19.6,0.56826401
677.1,3883.1,-2.9,-0.1,2.629247,573.2,19.6,0.56811332
1508.9,3843.5,831.8,-39.6,5.7994572,573.6,19.6,0.56781193
2337.1,3802.1,828.2,-41.4,8.8858879,574.3,19.6,0.56728451
2337,3798.5,-0.1,-3.6,8.8770945,574.9,19.6,0.56683243
2340.9,3795.3,3.9,-3.2,8.8844178,575.6,19.6,0.566305
2333,3793.1,-7.9,-2.2,8.8493023,576.2,19.6,0.56585292
2419.9,3786.6,86.9,-6.5,9.1631933,576.9,19.6,0.5653255
2414,3784.6,-5.9,-2,9.1360244,577.5,19.6,0.56487342
2417.9,3782.3,3.9,-2.3,9.1452232,578.2,19.6,0.56434599
2416,3780.3,-1.9,-2,9.1332048,578.9,19.6,0.56381857
2422.9,3778.1,6.9,-2.2,9.1539585,579.6,19.6,0.56329114
-945,3936.5,-3367.9,158.4,-3.7199925,579.3,19.6,0.56351718
-938.1,3942.3,6.9,5.8,-3.6982716,579.1,19.6,0.56366787
-936.9,3946.5,1.2,4.2,-3.6974758,578.8,19.6,0.56389391
-939.9,3950.3,-3,3.8,-3.712887,578.6,19.6,0.56404461
-943,3953.5,-3.1,3.2,-3.7281505,578.3,19.7,0.56427064
-942.1,3956.2,0.9,2.7,-3.727136,578,19.7,0.56449668
-934.1,3958.4,8,2.2,-3.6975414,577.8,19.7,0.56464738
-942,3961,-7.9,2.6,-3.731262,577.5,19.7,0.56487342
-936.2,3963,5.8,2,-3.7101606,577.2,19.7,0.56509946
2480.7,3802.8,3416.9,-160.2,9.433606,577.8,19.7,0.56464738
2486.9,3796.3,6.2,-6.5,9.4410185,578.5,19.7,0.56411995
2486,3792,-0.9,-4.3,9.426912,579.2,19.7,0.56359253
2481,3788.7,-5,-3.3,9.3997647,579.9,19.7,0.5630651
-114,3909.1,-2595,120.4,-0.4456374,580,19.7,0.56298975
-116,3912.3,-2,3.2,-0.4538268,579.9,19.7,0.5630651
-112.1,3914.4,3.9,2.1,-0.43880424,579.9,19.7,0.5630651
-117,3916.2,-4.9,1.8,-0.4581954,579.9,19.7,0.5630651
-48,3914.3,69,-1.9,-0.1878864,579.8,19.7,0.56314045
14,3911.9,62,-2.4,0.0547666,579.8,19.7,0.56314045
17,3912.5,3,0.6,0.0665125,579.8,19.7,0.56314045
22,3913.1,5,0.6,0.0860882,579.9,19.7,0.5630651
21,3913.9,-1,0.8,0.0821919,579.9,19.7,0.5630651
19,3914.7,-2,0.8,0.0743793,579.9,19.7,0.5630651
20,3915.4,1,0.7,0.078308,579.9,19.7,0.5630651
19,3916,-1,0.6,0.074404,579.9,19.7,0.5630651
23,3916.5,4,0.5,0.0900795,579.9,19.7,0.5630651
17,3917.3,-6,0.8,0.0665941,579.9,19.7,0.5630651
24,3917.6,7,0.3,0.0940224,579.9,19.7,0.5630651
26,3918,2,0.4,0.101868,579.9,19.7,0.5630651
19,3918.8,-7,0.8,0.0744572,579.9,19.7,0.5630651
14,3919.6,-5,0.8,0.0548744,579.9,19.7,0.5630651
22,3919.7,8,0.1,0.0862334,579.9,19.7,0.5630651
19,3920.3,-3,0.6,0.0744857,579.9,19.7,0.5630651
17,3920.9,-2,0.6,0.0666553,579.9,19.7,0.5630651
20,3921.2,3,0.3,0.078424,579.9,19.7,0.5630651
20,3921.6,0,0.4,0.078432,579.9,19.7,0.5630651
20,3922,0,0.4,0.07844,579.9,19.7,0.5630651
20,3922.4,0,0.4,0.078448,579.9,19.7,0.5630651
16,3923,-4,0.6,0.062768,580,19.7,0.56298975
18,3923.4,2,0.4,0.0706212,580,19.7,0.56298975
18,3923.7,0,0.3,0.0706266,580,19.7,0.56298975
23,3923.9,5,0.2,0.0902497,580,19.7,0.56298975
21,3924.3,-2,0.4,0.0824103,580,19.7,0.56298975
16,3924.9,-5,0.6,0.0627984,580,19.7,0.56298975
24,3924.8,8,-0.1,0.0941952,580,19.7,0.56298975
16,3925.5,-8,0.7,0.062808,580,19.7,0.56298975
18,3925.8,2,0.3,0.0706644,580,19.7,0.56298975
20,3926,2,0.2,0.07852,580,19.7,0.56298975
15,3926.5,-5,0.5,0.0588975,580,19.7,0.56298975
23,3926.5,8,0,0.0903095,580,19.7,0.56298975
19,3927,-4,0.5,0.074613,580,19.7,0.56298975
21,3927.2,2,0.2,0.0824712,580,19.7,0.56298975
16,3927.7,-5,0.5,0.0628432,580,19.7,0.56298975
22,3927.6,6,-0.1,0.0864072,580,19.7,0.56298975
18,3928.2,-4,0.6,0.0707076,580,19.7,0.56298975
18,3928.4,0,0.2,0.0707112,580,19.7,0.56298975
24,3928.4,6,0,0.0942816,580,19.7,0.56298975
23,3928.7,-1,0.3,0.0903601,580.1,19.7,0.56291441
18,3929.1,-5,0.4,0.0707238,580.1,19.7,0.56291441
17,3929.4,-1,0.3,0.0667998,580.1,19.7,0.56291441
25,3929.3,8,-0.1,0.0982325,580.1,19.7,0.56291441
19,3929.8,-6,0.5,0.0746662,580.1,19.7,0.56291441
18,3930.1,-1,0.3,0.0707418,580.1,19.7,0.56291441
23,3930.1,5,0,0.0903923,580.1,19.7,0.56291441
18,3930.5,-5,0.4,0.070749,580.1,19.7,0.56291441
14,3931,-4,0.5,0.055034,580.1,19.7,0.56291441
19,3930.9,5,-0.1,0.0746871,580.1,19.7,0.56291441
18,3931.1,-1,0.2,0.0707598,580.1,19.7,0.56291441
19,3931.3,1,0.2,0.0746947,580.1,19.7,0.56291441
27,3931.2,8,-0.1,0.1061424,580.1,19.7,0.56291441
20,3931.7,-7,0.5,0.078634,580.1,19.7,0.56291441
15,3932.1,-5,0.4,0.0589815,580.1,19.7,0.56291441
21,3932,6,-0.1,0.082572,580.1,19.7,0.56291441
22,3932.1,1,0.1,0.0865062,580.1,19.7,0.56291441
19,3932.5,-3,0.4,0.0747175,580.1,19.7,0.56291441
23,3932.5,4,0,0.0904475,580.2,19.7,0.56283906
23,3932.7,0,0.2,0.0904521,580.2,19.7,0.56283906
23,3932.8,0,0.1,0.0904544,580.2,19.7,0.56283906
13,3933.5,-10,0.7,0.0511355,580.2,19.7,0.56283906
15,3933.5,2,0,0.0590025,580.2,19.7,0.56283906
15,3933.7,0,0.2,0.0590055,580.2,19.7,0.56283906
17,3933.7,2,0,0.0668729,580.2,19.7,0.56283906
13,3934.1,-4,0.4,0.0511433,580.2,19.7,0.56283906
15,3934.2,2,0.1,0.059013,580.2,19.7,0.56283906
11,3934.5,-4,0.3,0.0432795,580.2,19.7,0.56283906
14,3934.6,3,0.1,0.0550844,580.2,19.7,0.56283906
15,3934.7,1,0.1,0.0590205,580.2,19.7,0.56283906
19,3934.6,4,-0.1,0.0747574,580.2,19.7,0.56283906
14,3935.1,-5,0.5,0.0550914,580.2,19.7,0.56283906
13,3935.2,-1,0.1,0.0511576,580.2,19.7,0.56283906
11,3935.5,-2,0.3,0.0432905,580.2,19.7,0.56283906
12,3935.6,1,0.1,0.0472272,580.2,19.7,0.56283906
16,3935.5,4,-0.1,0.062968,580.2,19.7,0.56283906
19,3935.5,3,0,0.0747745,580.2,19.7,0.56283906
14,3935.9,-5,0.4,0.0551026,580.2,19.7,0.56283906
13,3936,-1,0.1,0.051168,580.2,19.7,0.56283906
11,3936.3,-2,0.3,0.0432993,580.2,19.7,0.56283906
13,3936.3,2,0,0.0511719,580.2,19.7,0.56283906
8,3936.7,-5,0.4,0.0314936,580.2,19.7,0.56283906
13,3936.6,5,-0.1,0.0511758,580.3,19.7,0.56276371
17,3936.5,4,-0.1,0.0669205,580.3,19.7,0.56276371
16,3936.7,-1,0.2,0.0629872,580.3,19.7,0.56276371
20,3936.6,4,-0.1,0.078732,580.3,19.7,0.56276371
15,3937,-5,0.4,0.059055,580.3,19.7,0.56276371
13,3937.1,-2,0.1,0.0511823,580.3,19.7,0.56276371
15,3937.2,2,0.1,0.059058,580.3,19.7,0.56276371
16,3937.3,1,0.1,0.0629968,580.3,19.7,0.56276371
17,3937.3,1,0,0.0669341,580.3,19.7,0.56276371
14,3937.6,-3,0.3,0.0551264,580.3,19.7,0.56276371
19,3937.5,5,-0.1,0.0748125,580.3,19.7,0.56276371
19,3937.5,0,0,0.0748125,580.3,19.7,0.56276371
17,3937.7,-2,0.2,0.0669409,580.3,19.7,0.56276371
19,3937.8,2,0.1,0.0748182,580.3,19.6,0.56276371
15,3938,-4,0.2,0.05907,580.3,19.6,0.56276371
16,3938.1,1,0.1,0.0630096,580.3,19.6,0.56276371
16,3938.2,0,0.1,0.0630112,580.3,19.6,0.56276371
13,3938.4,-3,0.2,0.0511992,580.3,19.6,0.56276371
17,3938.3,4,-0.1,0.0669511,580.3,19.6,0.56276371
11,3938.7,-6,0.4,0.0433257,580.3,19.6,0.56276371
17,3938.5,6,-0.2,0.0669545,580.3,19.6,0.56276371
18,3938.5,1,0,0.070893,580.3,19.6,0.56276371
19,3938.6,1,0.1,0.0748334,580.4,19.6,0.56268837
14,3938.9,-5,0.3,0.0551446,580.4,19.6,0.56268837
13,3939.1,-1,0.2,0.0512083,580.4,19.6,0.56268837
21,3938.8,8,-0.3,0.0827148,580.4,19.6,0.56268837
21,3938.8,0,0,0.0827148,580.4,19.6,0.56268837
17,3939.1,-4,0.3,0.0669647,580.4,19.6,0.56268837
21,3939.1,4,0,0.0827211,580.4,19.6,0.56268837
13,3939.5,-8,0.4,0.0512135,580.4,19.6,0.56268837
17,3939.4,4,-0.1,0.0669698,580.4,19.6,0.56268837
14,3939.6,-3,0.2,0.0551544,580.4,19.6,0.56268837
17,3939.5,3,-0.1,0.0669715,580.4,19.6,0.56268837
17,3939.6,0,0.1,0.0669732,580.4,19.6,0.56268837
15,3939.8,-2,0.2,0.059097,580.4,19.6,0.56268837
14,3939.9,-1,0.1,0.0551586,580.4,19.6,0.56268837
12,3940,-2,0.1,0.04728,580.4,19.6,0.56268837
21,3939.7,9,-0.3,0.0827337,580.4,19.6,0.56268837
12,3940.3,-9,0.6,0.0472836,580.4,19.6,0.56268837
17,3940.1,5,-0.2,0.0669817,580.4,19.6,0.56268837
16,3940.2,-1,0.1,0.0630432,580.4,19.6,0.56268837
14,3940.4,-2,0.2,0.0551656,580.4,19.6,0.56268837
19,3940.2,5,-0.2,0.0748638,580.4,19.6,0.56268837
14,3940.5,-5,0.3,0.055167,580.4,19.6,0.56268837
16,3940.5,2,0,0.063048,580.5,19.6,0.56261302
19,3940.4,3,-0.1,0.0748676,580.5,19.6,0.56261302
13,3940.7,-6,0.3,0.0512291,580.5,19.6,0.56261302
16,3940.7,3,0,0.0630512,580.5,19.6,0.56261302
14,3940.9,-2,0.2,0.0551726,580.5,19.6,0.56261302
13,3941,-1,0.1,0.051233,580.5,19.6,0.56261302
17,3940.9,4,-0.1,0.0669953,580.5,19.6,0.56261302
13,3941.1,-4,0.2,0.0512343,580.5,19.6,0.56261302
15,3941.1,2,0,0.0591165,580.5,19.6,0.56261302
15,3941.2,0,0.1,0.059118,580.5,19.6,0.56261302
19,3941,4,-0.2,0.074879,580.5,19.6,0.56261302
19,3941.1,0,0.1,0.0748809,580.5,19.6,0.56261302
16,3941.3,-3,0.2,0.0630608,580.5,19.6,0.56261302
18,3941.3,2,0,0.0709434,580.5,19.6,0.56261302
15,3941.4,-3,0.1,0.059121,580.5,19.6,0.56261302
15,3941.5,0,0.1,0.0591225,580.5,19.6,0.56261302
13,3941.7,-2,0.2,0.0512421,580.5,19.6,0.56261302
10,3941.9,-3,0.2,0.039419,580.5,19.6,0.56261302
15,3941.7,5,-0.2,0.0591255,580.5,19.6,0.56261302
15,3941.8,0,0.1,0.059127,580.5,19.6,0.56261302
19,3941.6,4,-0.2,0.0748904,580.5,19.6,0.56261302
13,3942,-6,0.4,0.051246,580.5,19.6,0.56261302
17,3941.9,4,-0.1,0.0670123,580.5,19.6,0.56261302
18,3941.8,1,-0.1,0.0709524,580.5,19.6,0.56261302
14,3942.1,-4,0.3,0.0551894,580.6,19.6,0.56253767
17,3942,3,-0.1,0.067014,580.6,19.6,0.56253767
17,3942.1,0,0.1,0.0670157,580.6,19.6,0.56253767
18,3942.1,1,0,0.0709578,580.6,19.6,0.56253767
10,3942.5,-8,0.4,0.039425,580.6,19.6,0.56253767
16,3942.3,6,-0.2,0.0630768,580.6,19.6,0.56253767
13,3942.5,-3,0.2,0.0512525,580.6,19.6,0.56253767
17,3942.3,4,-0.2,0.0670191,580.6,19.6,0.56253767
15,3942.5,-2,0.2,0.0591375,580.6,19.6,0.56253767
12,3942.7,-3,0.2,0.0473124,580.6,19.6,0.56253767
21,3942.3,9,-0.4,0.0827883,580.6,19.6,0.56253767
23,3942.3,2,0,0.0906729,580.6,19.6,0.56253767
16,3942.6,-7,0.3,0.0630816,580.6,19.6,0.56253767
11,3942.9,-5,0.3,0.0433719,580.6,19.6,0.56253767
21,3942.5,10,-0.4,0.0827925,580.6,19.6,0.56253767
19,3942.7,-2,0.2,0.0749113,580.6,19.6,0.56253767
21,3942.6,2,-0.1,0.0827946,580.6,19.6,0.56253767
19,3942.8,-2,0.2,0.0749132,580.6,19.6,0.56253767
17,3942.9,-2,0.1,0.0670293,580.6,19.6,0.56253767
18,3942.9,1,0,0.0709722,580.6,19.6,0.56253767
19,3942.9,1,0,0.0749151,580.6,19.6,0.56253767
12,3943.2,-7,0.3,0.0473184,580.7,19.6,0.56246233
19,3942.9,7,-0.3,0.0749151,580.7,19.6,0.56246233
13,3943.3,-6,0.4,0.0512629,580.7,19.6,0.56246233
16,3943.2,3,-0.1,0.0630912,580.7,19.6,0.56246233
15,3943.3,-1,0.1,0.0591495,580.7,19.6,0.56246233
18,3943.2,3,-0.1,0.0709776,580.7,19.6,0.56246233
20,3943.1,2,-0.1,0.078862,580.7,19.6,0.56246233
18,3943.3,-2,0.2,0.0709794,580.7,19.6,0.56246233
18,3943.3,0,0,0.0709794,580.7,19.6,0.56246233
15,3943.5,-3,0.2,0.0591525,580.7,19.6,0.56246233
12,3943.7,-3,0.2,0.0473244,580.7,19.6,0.56246233
19,3943.4,7,-0.3,0.0749246,580.7,19.6,0.56246233
14,3943.7,-5,0.3,0.0552118,580.7,19.6,0.56246233
17,3943.5,3,-0.2,0.0670395,580.7,19.6,0.56246233
17,3943.6,0,0.1,0.0670412,580.7,19.6,0.56246233
20,3943.5,3,-0.1,0.07887,580.7,19.6,0.56246233
16,3943.7,-4,0.2,0.0630992,580.7,19.6,0.56246233
16,3943.8,0,0.1,0.0631008,580.7,19.6,0.56246233
14,3943.9,-2,0.1,0.0552146,580.7,19.6,0.56246233
15,3943.9,1,0,0.0591585,580.7,19.6,0.56246233
15,3943.9,0,0,0.0591585,580.7,19.6,0.56246233
14,3944.1,-1,0.2,0.0552174,580.7,19.6,0.56246233
17,3944,3,-0.1,0.067048,580.8,19.6,0.56238698
14,3944.1,-3,0.1,0.0552174,580.8,19.6,0.56238698
17,3944,3,-0.1,0.067048,580.8,19.6,0.56238698
28,3943.5,11,-0.5,0.110418,580.8,19.6,0.56238698
38,3943.1,10,-0.4,0.1498378,580.8,19.6,0.56238698
41,3942.9,3,-0.2,0.1616589,580.8,19.6,0.56238698
41,3942.9,0,0,0.1616589,580.8,19.6,0.56238698
41,3942.9,0,0,0.1616589,580.8,19.6,0.56238698
40,3943,-1,0.1,0.15772,580.8,19.6,0.56238698
44,3942.8,4,-0.2,0.1734832,580.8,19.6,0.56238698
42,3942.9,-2,0.1,0.1656018,580.8,19.6,0.56238698
37,3943.2,-5,0.3,0.1458984,580.9,19.6,0.56231163
37,3943.1,0,-0.1,0.1458947,580.9,19.6,0.56231163
39,3943.1,2,0,0.1537809,580.9,19.6,0.56231163
43,3942.9,4,-0.2,0.1695447,580.9,19.6,0.56231163
42,3943,-1,0.1,0.165606,580.9,19.6,0.56231163
40,3943.1,-2,0.1,0.157724,580.9,19.6,0.56231163
38,3943.2,-2,0.1,0.1498416,580.9,19.6,0.56231163
35,3943.4,-3,0.2,0.138019,580.9,19.6,0.56231163
40,3943.2,5,-0.2,0.157728,580.9,19.6,0.56231163
38,3943.3,-2,0.1,0.1498454,581,19.6,0.56223629
41,3943.1,3,-0.2,0.1616671,581,19.6,0.56223629
42,3943.1,1,0,0.1656102,581,19.6,0.56223629
43,3943.1,1,0,0.1695533,581,19.6,0.56223629
42,3943.1,-1,0,0.1656102,581,19.6,0.56223629
44,3943.1,2,0,0.1734964,581,19.6,0.56223629
39,3943.3,-5,0.2,0.1537887,581,19.6,0.56223629
35,3943.5,-4,0.2,0.1380225,581,19.6,0.56223629
37,3943.5,2,0,0.1459095,581,19.6,0.56223629
44,3943.1,7,-0.4,0.1734964,581.1,19.6,0.56216094
43,3943.2,-1,0.1,0.1695576,581.1,19.6,0.56216094
37,3943.4,-6,0.2,0.1459058,581.1,19.6,0.56216094
35,3943.6,-2,0.2,0.138026,581.1,19.6,0.56216094
42,3943.3,7,-0.3,0.1656186,581.1,19.6,0.56216094
41,3943.3,-1,0,0.1616753,581.1,19.6,0.56216094
36,3943.6,-5,0.3,0.1419696,581.1,19.6,0.56216094
37,3943.6,1,0,0.1459132,581.1,19.6,0.56216094
38,3943.5,1,-0.1,0.149853,581.1,19.6,0.56216094
36,3943.7,-2,0.2,0.1419732,581.2,19.6,0.56208559
42,3943.4,6,-0.3,0.1656228,581.2,19.6,0.56208559
40,3943.5,-2,0.1,0.15774,581.2,19.6,0.56208559
39,3943.6,-1,0.1,0.1538004,581.2,19.6,0.56208559
44,3943.4,5,-0.2,0.1735096,581.2,19.6,0.56208559
43,3943.4,-1,0,0.1695662,581.2,19.6,0.56208559
39,3943.6,-4,0.2,0.1538004,581.2,19.6,0.56208559
42,3943.5,3,-0.1,0.165627,581.2,19.6,0.56208559
37,3943.7,-5,0.2,0.1459169,581.2,19.6,0.56208559
41,3943.6,4,-0.1,0.1616876,581.3,19.6,0.56201025
47,3943.3,6,-0.3,0.1853351,581.3,19.6,0.56201025
37,3943.8,-10,0.5,0.1459206,581.3,19.6,0.56201025
42,3943.6,5,-0.2,0.1656312,581.3,19.6,0.56201025
38,3943.8,-4,0.2,0.1498644,581.3,19.6,0.56201025
38,3943.8,0,0,0.1498644,581.3,19.6,0.56201025
39,3943.8,1,0,0.1538082,581.3,19.6,0.56201025
43,3943.6,4,-0.2,0.1695748,581.3,19.6,0.56201025
41,3943.7,-2,0.1,0.1616917,581.3,19.6,0.56201025
42,3943.7,1,0,0.1656354,581.4,19.6,0.5619349
41,3943.7,-1,0,0.1616917,581.4,19.6,0.5619349
44,3943.6,3,-0.1,0.1735184,581.4,19.6,0.5619349
37,3943.9,-7,0.3,0.1459243,581.4,19.6,0.5619349
42,3943.7,5,-0.2,0.1656354,581.4,19.6,0.5619349
38,3944,-4,0.3,0.149872,581.4,19.6,0.5619349
42,3943.8,4,-0.2,0.1656396,581.4,19.6,0.5619349
39,3944,-3,0.2,0.153816,581.4,19.6,0.5619349
40,3943.9,1,-0.1,0.157756,581.4,19.6,0.5619349
42,3943.8,2,-0.1,0.1656396,581.5,19.6,0.56185955
39,3944,-3,0.2,0.153816,581.5,19.6,0.56185955
43,3943.8,4,-0.2,0.1695834,581.5,19.6,0.56185955
38,3944.1,-5,0.3,0.1498758,581.5,19.6,0.56185955
43,3943.9,5,-0.2,0.1695877,581.5,19.6,0.56185955
46,3943.7,3,-0.2,0.1814102,581.5,19.6,0.56185955
35,3944.3,-11,0.6,0.1380505,581.5,19.6,0.56185955
38,3944.2,3,-0.1,0.1498796,581.5,19.6,0.56185955
44,3943.9,6,-0.3,0.1735316,581.5,19.6,0.56185955
43,3943.9,-1,0,0.1695877,581.6,19.6,0.56178421
44,3943.9,1,0,0.1735316,581.6,19.6,0.56178421
42,3944.1,-2,0.2,0.1656522,581.6,19.6,0.56178421
45,3943.9,3,-0.2,0.1774755,581.6,19.6,0.56178421
40,3944.1,-5,0.2,0.157764,581.6,19.6,0.56178421
45,3943.9,5,-0.2,0.1774755,581.6,19.6,0.56178421
37,3944.3,-8,0.4,0.1459391,581.6,19.6,0.56178421
41,3944.1,4,-0.2,0.1617081,581.6,19.6,0.56178421
38,3944.4,-3,0.3,0.1498872,581.7,19.6,0.56170886
37,3944.4,-1,0,0.1459428,581.7,19.6,0.56170886
41,3944.2,4,-0.2,0.1617122,581.7,19.6,0.56170886
38,3944.4,-3,0.2,0.1498872,581.7,19.6,0.56170886
38,3944.4,0,0,0.1498872,581.7,19.6,0.56170886
40,3944.3,2,-0.1,0.157772,581.7,19.6,0.56170886
40,3944.3,0,0,0.157772,581.7,19.6,0.56170886
44,3944.2,4,-0.1,0.1735448,581.7,19.6,0.56170886
39,3944.4,-5,0.2,0.1538316,581.7,19.6,0.56170886
41,3944.3,2,-0.1,0.1617163,581.8,19.6,0.56163351
41,3944.3,0,0,0.1617163,581.8,19.6,0.56163351
46,3944.1,5,-0.2,0.1814286,581.8,19.6,0.56163351
35,3944.6,-11,0.5,0.138061,581.8,19.6,0.56163351
38,3944.5,3,-0.1,0.149891,581.8,19.6,0.56163351
38,3944.6,0,0.1,0.1498948,581.8,19.6,0.56163351
40,3944.5,2,-0.1,0.15778,581.8,19.6,0.56163351
36,3944.7,-4,0.2,0.1420092,581.8,19.6,0.56163351
42,3944.5,6,-0.2,0.165669,581.8,19.6,0.56163351
41,3944.5,-1,0,0.1617245,581.9,19.6,0.56155817
42,3944.5,1,0,0.165669,581.9,19.6,0.56155817
42,3944.4,0,-0.1,0.1656648,581.9,19.6,0.56155817
39,3944.6,-3,0.2,0.1538394,581.9,19.6,0.56155817
37,3944.7,-2,0.1,0.1459539,581.9,19.6,0.56155817
48,3944.2,11,-0.5,0.1893216,581.9,19.6,0.56155817
42,3944.6,-6,0.4,0.1656732,581.9,19.6,0.56155817
40,3944.6,-2,0,0.157784,581.9,19.6,0.56155817
46,3944.4,6,-0.2,0.1814424,581.9,19.6,0.56155817
46,3944.4,0,0,0.1814424,582,19.6,0.56148282
36,3944.8,-10,0.4,0.1420128,582,19.6,0.56148282
35,3944.9,-1,0.1,0.1380715,582,19.6,0.56148282
42,3944.6,7,-0.3,0.1656732,582,19.6,0.56148282
41,3944.7,-1,0.1,0.1617327,582,19.6,0.56148282
37,3944.9,-4,0.2,0.1459613,582,19.6,0.56148282
40,3944.7,3,-0.2,0.157788,582,19.6,0.56148282
45,3944.5,5,-0.2,0.1775025,582,19.6,0.56148282
44,3944.6,-1,0.1,0.1735624,582,19.6,0.56148282
38,3944.9,-6,0.3,0.1499062,582.1,19.6,0.56140747
44,3944.6,6,-0.3,0.1735624,582.1,19.6,0.56140747
46,3944.5,2,-0.1,0.181447,582.1,19.6,0.56140747
43,3944.7,-3,0.2,0.1696221,582.1,19.6,0.56140747
49,3944.4,6,-0.3,0.1932756,582.1,19.6,0.56140747
50,3944.4,1,0,0.19722,582.1,19.6,0.56140747
46,3944.5,-4,0.1,0.181447,582.1,19.6,0.56140747
45,3944.6,-1,0.1,0.177507,582.1,19.6,0.56140747
48,3944.5,3,-0.1,0.189336,582.2,19.6,0.56133213
44,3944.7,-4,0.2,0.1735668,582.2,19.6,0.56133213
46,3944.6,2,-0.1,0.1814516,582.2,19.6,0.56133213
41,3944.8,-5,0.2,0.1617368,582.2,19.6,0.56133213
53,3944.3,12,-0.5,0.2090479,582.2,19.6,0.56133213
42,3944.8,-11,0.5,0.1656816,582.2,19.6,0.56133213
42,3944.8,0,0,0.1656816,582.2,19.6,0.56133213
42,3944.8,0,0,0.1656816,582.2,19.6,0.56133213
46,3944.7,4,-0.1,0.1814562,582.3,19.6,0.56125678
46,3944.6,0,-0.1,0.1814516,582.3,19.6,0.56125678
46,3944.7,0,0.1,0.1814562,582.3,19.6,0.56125678
42,3944.9,-4,0.2,0.1656858,582.3,19.6,0.56125678
39,3945,-3,0.1,0.153855,582.3,19.6,0.56125678
43,3944.9,4,-0.1,0.1696307,582.3,19.6,0.56125678
43,3944.8,0,-0.1,0.1696264,582.3,19.6,0.56125678
45,3944.8,2,0,0.177516,582.3,19.6,0.56125678
46,3944.8,1,0,0.1814608,582.4,19.6,0.56118143
46,3944.7,0,-0.1,0.1814562,582.4,19.6,0.56118143
44,3944.9,-2,0.2,0.1735756,582.4,19.6,0.56118143
48,3944.7,4,-0.2,0.1893456,582.4,19.6,0.56118143
48,3944.7,0,0,0.1893456,582.4,19.6,0.56118143
43,3945,-5,0.3,0.169635,582.4,19.6,0.56118143
39,3945.1,-4,0.1,0.1538589,582.4,19.6,0.56118143
44,3944.9,5,-0.2,0.1735756,582.4,19.6,0.56118143
47,3944.8,3,-0.1,0.1854056,582.5,19.6,0.56110609
43,3945,-4,0.2,0.169635,582.5,19.6,0.56110609
49,3944.7,6,-0.3,0.1932903,582.5,19.6,0.56110609
48,3944.7,-1,0,0.1893456,582.5,19.6,0.56110609
42,3945,-6,0.3,0.16569,582.5,19.6,0.56110609
41,3945.1,-1,0.1,0.1617491,582.5,19.6,0.56110609
41,3945.2,0,0.1,0.1617532,582.5,19.6,0.56110609
43,3945.1,2,-0.1,0.1696393,582.5,19.6,0.56110609
46,3944.9,3,-0.2,0.1814654,582.6,19.6,0.56103074
46,3944.9,0,0,0.1814654,582.6,19.6,0.56103074
43,3945.1,-3,0.2,0.1696393,582.6,19.6,0.56103074
44,3945,1,-0.1,0.17358,582.6,19.6,0.56103074
43,3945.1,-1,0.1,0.1696393,582.6,19.6,0.56103074
44,3945.1,1,0,0.1735844,582.6,19.6,0.56103074
46,3945,2,-0.1,0.18147,582.6,19.6,0.56103074
47,3944.9,1,-0.1,0.1854103,582.6,19.6,0.56103074
42,3945.2,-5,0.3,0.1656984,582.7,19.6,0.56095539
43,3945.2,1,0,0.1696436,582.7,19.6,0.56095539
48,3945,5,-0.2,0.18936,582.7,19.6,0.56095539
39,3945.3,-9,0.3,0.1538667,582.7,19.6,0.56095539
47,3945,8,-0.3,0.185415,582.7,19.6,0.56095539
43,3945.3,-4,0.3,0.1696479,582.7,19.6,0.56095539
45,3945.1,2,-0.2,0.1775295,582.7,19.6,0.56095539
45,3945.2,0,0.1,0.177534,582.7,19.6,0.56095539
42,3945.3,-3,0.1,0.1657026,582.7,19.6,0.56095539
50,3944.9,8,-0.4,0.197245,582.8,19.6,0.56088005
45,3945.1,-5,0.2,0.1775295,582.8,19.6,0.56088005
45,3945.1,0,0,0.1775295,582.8,19.6,0.56088005
41,3945.4,-4,0.3,0.1617614,582.8,19.6,0.56088005
46,3945.2,5,-0.2,0.1814792,582.8,19.6,0.56088005
49,3945,3,-0.2,0.193305,582.8,19.6,0.56088005
50,3945,1,0,0.19725,582.8,19.6,0.56088005
45,3945.2,-5,0.2,0.177534,582.9,19.6,0.5608047
53,3944.9,8,-0.3,0.2090797,582.9,19.6,0.5608047
48,3945.1,-5,0.2,0.1893648,582.9,19.6,0.5608047
45,3945.2,-3,0.1,0.177534,582.9,19.6,0.5608047
48,3945,3,-0.2,0.18936,582.9,19.6,0.5608047
37,3945.6,-11,0.6,0.1459872,582.9,19.6,0.5608047
50,3945,13,-0.6,0.19725,582.9,19.6,0.5608047
44,3945.3,-6,0.3,0.1735932,582.9,19.6,0.5608047
44,3945.3,0,0,0.1735932,583,19.6,0.56072936
49,3945.1,5,-0.2,0.1933099,583,19.6,0.56072936
40,3945.5,-9,0.4,0.15782,583,19.6,0.56072936
47,3945.2,7,-0.3,0.1854244,583,19.6,0.56072936
46,3945.3,-1,0.1,0.1814838,583,19.6,0.56072936
37,3945.7,-9,0.4,0.1459909,583,19.6,0.56072936
45,3945.4,8,-0.3,0.177543,583,19.6,0.56072936
42,3945.5,-3,0.1,0.165711,583,19.6,0.56072936
47,3945.3,5,-0.2,0.1854291,583.1,19.6,0.56065401
43,3945.5,-4,0.2,0.1696565,583.1,19.6,0.56065401
48,3945.2,5,-0.3,0.1893696,583.1,19.6,0.56065401
47,3945.3,-1,0.1,0.1854291,583.1,19.6,0.56065401
43,3945.5,-4,0.2,0.1696565,583.1,19.6,0.56065401
37,3945.8,-6,0.3,0.1459946,583.1,19.6,0.56065401
39,3945.7,2,-0.1,0.1538823,583.1,19.6,0.56065401
44,3945.5,5,-0.2,0.173602,583.1,19.6,0.56065401
47,3945.4,3,-0.1,0.1854338,583.1,19.6,0.56065401
50,3945.2,3,-0.2,0.19726,583.2,19.6,0.56057866
43,3945.6,-7,0.4,0.1696608,583.2,19.6,0.56057866
49,3945.3,6,-0.3,0.1933197,583.2,19.6,0.56057866
47,3945.3,-2,0,0.1854291,583.2,19.6,0.56057866
45,3945.5,-2,0.2,0.1775475,583.2,19.6,0.56057866
46,3945.4,1,-0.1,0.1814884,583.2,19.6,0.56057866
42,3945.6,-4,0.2,0.1657152,583.2,19.6,0.56057866
49,3945.3,7,-0.3,0.1933197,583.3,19.6,0.56050332
47,3945.4,-2,0.1,0.1854338,583.3,19.6,0.56050332
47,3945.4,0,0,0.1854338,583.3,19.6,0.56050332
43,3945.6,-4,0.2,0.1696608,583.3,19.6,0.56050332
47,3945.5,4,-0.1,0.1854385,583.3,19.6,0.56050332
50,3945.3,3,-0.2,0.197265,583.3,19.6,0.56050332
47,3945.5,-3,0.2,0.1854385,583.3,19.6,0.56050332
47,3945.4,0,-0.1,0.1854338,583.3,19.6,0.56050332
51,3945.3,4,-0.1,0.2012103,583.4,19.6,0.56042797
42,3945.7,-9,0.4,0.1657194,583.4,19.6,0.56042797
50,3945.3,8,-0.4,0.197265,583.4,19.6,0.56042797
45,3945.6,-5,0.3,0.177552,583.4,19.6,0.56042797
46,3945.6,1,0,0.1814976,583.4,19.6,0.56042797
40,3945.8,-6,0.2,0.157832,583.4,19.6,0.56042797
49,3945.4,9,-0.4,0.1933246,583.4,19.6,0.56042797
48,3945.5,-1,0.1,0.189384,583.4,19.6,0.56042797
42,3945.8,-6,0.3,0.1657236,583.5,19.6,0.56035262
48,3945.5,6,-0.3,0.189384,583.5,19.6,0.56035262
49,3945.5,1,0,0.1933295,583.5,19.6,0.56035262
46,3945.6,-3,0.1,0.1814976,583.5,19.6,0.56035262
37,3946.1,-9,0.5,0.1460057,583.5,19.6,0.56035262
45,3945.7,8,-0.4,0.1775565,583.5,19.6,0.56035262
47,3945.6,2,-0.1,0.1854432,583.5,19.6,0.56035262
37,3946.1,-10,0.5,0.1460057,583.5,19.6,0.56035262
45,3945.7,8,-0.4,0.1775565,583.6,19.6,0.56027728
48,3945.6,3,-0.1,0.1893888,583.6,19.6,0.56027728
47,3945.6,-1,0,0.1854432,583.6,19.6,0.56027728
47,3945.6,0,0,0.1854432,583.6,19.6,0.56027728
37,3946.1,-10,0.5,0.1460057,583.6,19.6,0.56027728
37,3946.1,0,0,0.1460057,583.6,19.6,0.56027728
28,3946.6,-9,0.5,0.1105048,583.6,19.6,0.56027728
26,3946.7,-2,0.1,0.1026142,583.6,19.6,0.56027728
26,3946.8,0,0.1,0.1026168,583.6,19.6,0.56027728
25,3946.8,-1,0,0.09867,583.6,19.6,0.56027728
27,3946.8,2,0,0.1065636,583.7,19.6,0.56020193
25,3947,-2,0.2,0.098675,583.7,19.6,0.56020193
24,3947,-1,0,0.094728,583.7,19.6,0.56020193
21,3947.2,-3,0.2,0.0828912,583.7,19.6,0.56020193
29,3946.8,8,-0.4,0.1144572,583.7,19.6,0.56020193
26,3947,-3,0.2,0.102622,583.7,19.6,0.56020193
32,3946.7,6,-0.3,0.1262944,583.7,19.6,0.56020193
26,3947,-6,0.3,0.102622,583.7,19.6,0.56020193
25,3947.1,-1,0.1,0.0986775,583.7,19.6,0.56020193
23,3947.3,-2,0.2,0.0907879,583.7,19.6,0.56020193
22,3947.3,-1,0,0.0868406,583.7,19.6,0.56020193
30,3946.9,8,-0.4,0.118407,583.7,19.6,0.56020193
23,3947.3,-7,0.4,0.0907879,583.7,19.6,0.56020193
24,3947.3,1,0,0.0947352,583.7,19.6,0.56020193
25,3947.3,1,0,0.0986825,583.8,19.6,0.56012658
24,3947.3,-1,0,0.0947352,583.8,19.6,0.56012658
23,3947.4,-1,0.1,0.0907902,583.8,19.6,0.56012658
27,3947.3,4,-0.1,0.1065771,583.8,19.6,0.56012658
26,3947.3,-1,0,0.1026298,583.8,19.6,0.56012658
26,3947.3,0,0,0.1026298,583.8,19.6,0.56012658
22,3947.6,-4,0.3,0.0868472,583.8,19.6,0.56012658
25,3947.4,3,-0.2,0.098685,583.8,19.6,0.56012658
22,3947.6,-3,0.2,0.0868472,583.8,19.6,0.56012658
23,3947.6,1,0,0.0907948,583.8,19.6,0.56012658
23,3947.6,0,0,0.0907948,583.8,19.6,0.56012658
26,3947.5,3,-0.1,0.102635,583.8,19.6,0.56012658
25,3947.5,-1,0,0.0986875,583.8,19.6,0.56012658
24,3947.6,-1,0.1,0.0947424,583.8,19.6,0.56012658
24,3947.7,0,0.1,0.0947448,583.8,19.5,0.56012658
25,3947.6,1,-0.1,0.09869,583.9,19.5,0.56005124
25,3947.6,0,0,0.09869,583.9,19.6,0.56005124
31,3947.3,6,-0.3,0.1223663,583.9,19.5,0.56005124
25,3947.6,-6,0.3,0.09869,583.9,19.5,0.56005124
25,3947.7,0,0.1,0.0986925,583.9,19.5,0.56005124
23,3947.8,-2,0.1,0.0907994,583.9,19.5,0.56005124
20,3947.9,-3,0.1,0.078958,583.9,19.5,0.56005124
23,3947.8,3,-0.1,0.0907994,583.9,19.5,0.56005124
26,3947.7,3,-0.1,0.1026402,583.9,19.5,0.56005124
26,3947.7,0,0,0.1026402,583.9,19.5,0.56005124
24,3947.8,-2,0.1,0.0947472,583.9,19.5,0.56005124
23,3947.9,-1,0.1,0.0908017,583.9,19.5,0.56005124
25,3947.9,2,0,0.0986975,583.9,19.5,0.56005124
24,3947.9,-1,0,0.0947496,583.9,19.5,0.56005124
22,3948,-2,0.1,0.086856,583.9,19.5,0.56005124
19,3948.2,-3,0.2,0.0750158,584,19.5,0.55997589
25,3947.9,6,-0.3,0.0986975,584,19.5,0.55997589
22,3948.1,-3,0.2,0.0868582,584,19.5,0.55997589
21,3948.2,-1,0.1,0.0829122,584,19.5,0.55997589
25,3947.9,4,-0.3,0.0986975,584,19.5,0.55997589
24,3948,-1,0.1,0.094752,584,19.5,0.55997589
21,3948.2,-3,0.2,0.0829122,584,19.5,0.55997589
31,3947.7,10,-0.5,0.1223787,584,19.5,0.55997589
21,3948.2,-10,0.5,0.0829122,584,19.5,0.55997589
25,3948,4,-0.2,0.0987,584,19.5,0.55997589
28,3947.9,3,-0.1,0.1105412,584,19.5,0.55997589
26,3948,-2,0.1,0.102648,584,19.5,0.55997589
30,3947.8,4,-0.2,0.118434,584,19.5,0.55997589
22,3948.2,-8,0.4,0.0868604,584,19.5,0.55997589
23,3948.2,1,0,0.0908086,584,19.5,0.55997589
27,3948,4,-0.2,0.106596,584.1,19.5,0.55990054
26,3948.1,-1,0.1,0.1026506,584.1,19.5,0.55990054
29,3947.9,3,-0.2,0.1144891,584.1,19.5,0.55990054
33,3947.7,4,-0.2,0.1302741,584.1,19.5,0.55990054
27,3948,-6,0.3,0.106596,584.1,19.5,0.55990054
24,3948.2,-3,0.2,0.0947568,584.1,19.5,0.55990054
26,3948.1,2,-0.1,0.1026506,584.1,19.5,0.55990054
22,3948.3,-4,0.2,0.0868626,584.1,19.5,0.55990054
24,3948.2,2,-0.1,0.0947568,584.1,19.5,0.55990054
25,3948.2,1,0,0.098705,584.1,19.5,0.55990054
29,3948,4,-0.2,0.114492,584.1,19.5,0.55990054
28,3948.1,-1,0.1,0.1105468,584.1,19.5,0.55990054
28,3948.1,0,0,0.1105468,584.1,19.5,0.55990054
25,3948.2,-3,0.1,0.098705,584.2,19.5,0.5598252
23,3948.4,-2,0.2,0.0908132,584.2,19.5,0.5598252
23,3948.4,0,0,0.0908132,584.2,19.5,0.5598252
21,3948.5,-2,0.1,0.0829185,584.2,19.5,0.5598252
27,3948.2,6,-0.3,0.1066014,584.2,19.5,0.5598252
24,3948.3,-3,0.1,0.0947592,584.2,19.5,0.5598252
29,3948.1,5,-0.2,0.1144949,584.2,19.5,0.5598252
26,3948.2,-3,0.1,0.1026532,584.2,19.5,0.5598252
24,3948.4,-2,0.2,0.0947616,584.2,19.5,0.5598252
19,3948.6,-5,0.2,0.0750234,584.2,19.5,0.5598252
20,3948.7,1,0.1,0.078974,584.2,19.5,0.5598252
27,3948.3,7,-0.4,0.1066041,584.2,19.5,0.5598252
29,3948.2,2,-0.1,0.1144978,584.2,19.5,0.5598252
28,3948.3,-1,0.1,0.1105524,584.2,19.5,0.5598252
23,3948.5,-5,0.2,0.0908155,584.2,19.5,0.5598252
29,3948.3,6,-0.2,0.1145007,584.3,19.5,0.55974985
24,3948.5,-5,0.2,0.094764,584.3,19.5,0.55974985
29,3948.3,5,-0.2,0.1145007,584.3,19.5,0.55974985
29,3948.3,0,0,0.1145007,584.3,19.5,0.55974985
23,3948.6,-6,0.3,0.0908178,584.3,19.5,0.55974985
30,3948.2,7,-0.4,0.118446,584.3,19.5,0.55974985
30,3948.2,0,0,0.118446,584.3,19.5,0.55974985
29,3948.3,-1,0.1,0.1145007,584.3,19.5,0.55974985
25,3948.5,-4,0.2,0.0987125,584.3,19.5,0.55974985
28,3948.4,3,-0.1,0.1105552,584.3,19.5,0.55974985
26,3948.5,-2,0.1,0.102661,584.3,19.5,0.55974985
22,3948.7,-4,0.2,0.0868714,584.3,19.5,0.55974985
24,3948.6,2,-0.1,0.0947664,584.3,19.5,0.55974985
27,3948.5,3,-0.1,0.1066095,584.4,19.5,0.5596745
24,3948.6,-3,0.1,0.0947664,584.4,19.5,0.5596745
25,3948.6,1,0,0.098715,584.4,19.5,0.5596745
18,3948.9,-7,0.3,0.0710802,584.4,19.5,0.5596745
23,3948.7,5,-0.2,0.0908201,584.4,19.5,0.5596745
22,3948.8,-1,0.1,0.0868736,584.4,19.5,0.5596745
21,3948.9,-1,0.1,0.0829269,584.4,19.5,0.5596745
28,3948.5,7,-0.4,0.110558,584.4,19.5,0.5596745
26,3948.6,-2,0.1,0.1026636,584.4,19.5,0.5596745
21,3948.9,-5,0.3,0.0829269,584.4,19.5,0.5596745
27,3948.6,6,-0.3,0.1066122,584.4,19.5,0.5596745
24,3948.7,-3,0.1,0.0947688,584.4,19.5,0.5596745
22,3948.8,-2,0.1,0.0868736,584.4,19.5,0.5596745
20,3949,-2,0.2,0.07898,584.4,19.5,0.5596745
27,3948.6,7,-0.4,0.1066122,584.4,19.5,0.5596745
26,3948.7,-1,0.1,0.1026662,584.5,19.5,0.55959916
27,3948.7,1,0,0.1066149,584.5,19.5,0.55959916
30,3948.5,3,-0.2,0.118455,584.5,19.5,0.55959916
25,3948.7,-5,0.2,0.0987175,584.5,19.5,0.55959916
28,3948.6,3,-0.1,0.1105608,584.5,19.5,0.55959916
22,3948.9,-6,0.3,0.0868758,584.5,19.5,0.55959916
29,3948.6,7,-0.3,0.1145094,584.5,19.5,0.55959916
25,3948.8,-4,0.2,0.09872,584.5,19.5,0.55959916
21,3949,-4,0.2,0.082929,584.5,19.5,0.55959916
24,3948.9,3,-0.1,0.0947736,584.5,19.5,0.55959916
25,3948.9,1,0,0.0987225,584.5,19.5,0.55959916
19,3949.1,-6,0.2,0.0750329,584.5,19.5,0.55959916
30,3948.6,11,-0.5,0.118458,584.5,19.5,0.55959916
18,3949.2,-12,0.6,0.0710856,584.5,19.5,0.55959916
32,3948.5,14,-0.7,0.126352,584.5,19.5,0.55959916
23,3949,-9,0.5,0.090827,584.6,19.5,0.55952381
22,3949,-1,0,0.086878,584.6,19.5,0.55952381
23,3949,1,0,0.090827,584.6,19.5,0.55952381
23,3949,0,0,0.090827,584.6,19.5,0.55952381
25,3949,2,0,0.098725,584.6,19.5,0.55952381
19,3949.3,-6,0.3,0.0750367,584.6,19.5,0.55952381
22,3949.2,3,-0.1,0.0868824,584.6,19.5,0.55952381
20,3949.3,-2,0.1,0.078986,584.6,19.5,0.55952381
26,3949,6,-0.3,0.102674,584.6,19.5,0.55952381
25,3949,-1,0,0.098725,584.6,19.5,0.55952381
25,3949,0,0,0.098725,584.6,19.5,0.55952381
20,3949.3,-5,0.3,0.078986,584.6,19.5,0.55952381
19,3949.4,-1,0.1,0.0750386,584.6,19.6,0.55952381
20,3949.3,1,-0.1,0.078986,584.6,19.5,0.55952381
17,3949.5,-3,0.2,0.0671415,584.6,19.5,0.55952381
14,3949.7,-3,0.2,0.0552958,584.6,19.5,0.55952381
16,3949.5,2,-0.2,0.063192,584.6,19.5,0.55952381
14,3949.7,-2,0.2,0.0552958,584.7,19.5,0.55944846
21,3949.4,7,-0.3,0.0829374,584.7,19.5,0.55944846
15,3949.7,-6,0.3,0.0592455,584.7,19.5,0.55944846
20,3949.5,5,-0.2,0.07899,584.7,19.5,0.55944846
18,3949.6,-2,0.1,0.0710928,584.7,19.5,0.55944846
10,3950,-8,0.4,0.0395,584.7,19.6,0.55944846
19,3949.5,9,-0.5,0.0750405,584.7,19.6,0.55944846
15,3949.8,-4,0.3,0.059247,584.7,19.5,0.55944846
15,3949.8,0,0,0.059247,584.7,19.5,0.55944846
13,3949.9,-2,0.1,0.0513487,584.7,19.5,0.55944846
17,3949.7,4,-0.2,0.0671449,584.7,19.5,0.55944846
15,3949.9,-2,0.2,0.0592485,584.7,19.5,0.55944846
16,3949.8,1,-0.1,0.0631968,584.7,19.5,0.55944846
12,3950,-4,0.2,0.0474,584.7,19.5,0.55944846
18,3949.8,6,-0.2,0.0710964,584.7,19.5,0.55944846
19,3949.7,1,-0.1,0.0750443,584.7,19.5,0.55944846
19,3949.7,0,0,0.0750443,584.7,19.5,0.55944846
14,3949.9,-5,0.2,0.0552986,584.7,19.5,0.55944846
14,3949.9,0,0,0.0552986,584.7,19.5,0.55944846
16,3949.9,2,0,0.0631984,584.7,19.5,0.55944846
17,3949.8,1,-0.1,0.0671466,584.7,19.5,0.55944846
19,3949.7,2,-0.1,0.0750443,584.7,19.5,0.55944846
17,3949.9,-2,0.2,0.0671483,584.8,19.5,0.55937312
22,3949.6,5,-0.3,0.0868912,584.8,19.5,0.55937312
15,3950,-7,0.4,0.05925,584.8,19.5,0.55937312
15,3950,0,0,0.05925,584.8,19.5,0.55937312
5,3950.5,-10,0.5,0.0197525,584.8,19.5,0.55937312
16,3950,11,-0.5,0.0632,584.8,19.5,0.55937312
20,3949.9,4,-0.1,0.078998,584.8,19.5,0.55937312
7,3950.5,-13,0.6,0.0276535,584.8,19.5,0.55937312
21,3949.8,14,-0.7,0.0829458,584.8,19.5,0.55937312
14,3950.1,-7,0.3,0.0553014,584.8,19.5,0.55937312
17,3950,3,-0.1,0.06715,584.8,19.5,0.55937312
10,3950.4,-7,0.4,0.039504,584.8,19.5,0.55937312
22,3949.8,12,-0.6,0.0868956,584.8,19.5,0.55937312
16,3950.1,-6,0.3,0.0632016,584.8,19.5,0.55937312
13,3950.3,-3,0.2,0.0513539,584.8,19.5,0.55937312
17,3950.1,4,-0.2,0.0671517,584.8,19.5,0.55937312
14,3950.2,-3,0.1,0.0553028,584.8,19.5,0.55937312
20,3950,6,-0.2,0.079,584.8,19.5,0.55937312
14,3950.3,-6,0.3,0.0553042,584.8,19.5,0.55937312
19,3950.1,5,-0.2,0.0750519,584.8,19.5,0.55937312
20,3950,1,-0.1,0.079,584.8,19.5,0.55937312
14,3950.3,-6,0.3,0.0553042,584.8,19.5,0.55937312
23,3949.8,9,-0.5,0.0908454,584.9,19.5,0.55929777
24,3949.8,1,0,0.0947952,584.9,19.5,0.55929777
12,3950.4,-12,0.6,0.0474048,584.9,19.5,0.55929777
14,3950.3,2,-0.1,0.0553042,584.9,19.5,0.55929777
18,3950.2,4,-0.1,0.0711036,584.9,19.5,0.55929777
14,3950.3,-4,0.1,0.0553042,584.9,19.5,0.55929777
23,3949.9,9,-0.4,0.0908477,584.9,19.5,0.55929777
17,3950.3,-6,0.4,0.0671551,584.9,19.5,0.55929777
18,3950.2,1,-0.1,0.0711036,584.9,19.5,0.55929777
15,3950.3,-3,0.1,0.0592545,584.9,19.5,0.55929777
14,3950.5,-1,0.2,0.055307,584.9,19.5,0.55929777
18,3950.3,4,-0.2,0.0711054,584.9,19.5,0.55929777
15,3950.4,-3,0.1,0.059256,584.9,19.5,0.55929777
13,3950.5,-2,0.1,0.0513565,584.9,19.5,0.55929777
19,3950.2,6,-0.3,0.0750538,584.9,19.5,0.55929777
18,3950.3,-1,0.1,0.0711054,584.9,19.5,0.55929777
15,3950.5,-3,0.2,0.0592575,584.9,19.5,0.55929777
19,3950.2,4,-0.3,0.0750538,584.9,19.5,0.55929777
18,3950.3,-1,0.1,0.0711054,584.9,19.5,0.55929777
17,3950.3,-1,0,0.0671551,584.9,19.5,0.55929777
20,3950.3,3,0,0.079006,584.9,19.5,0.55929777
14,3950.5,-6,0.2,0.055307,584.9,19.5,0.55929777
14,3950.6,0,0.1,0.0553084,585,19.5,0.55922242
19,3950.3,5,-0.3,0.0750557,585,19.5,0.55922242
16,3950.4,-3,0.1,0.0632064,585,19.5,0.55922242
10,3950.8,-6,0.4,0.039508,585,19.5,0.55922242
14,3950.6,4,-0.2,0.0553084,585,19.5,0.55922242
17,3950.5,3,-0.1,0.0671585,585,19.5,0.55922242
15,3950.6,-2,0.1,0.059259,585,19.5,0.55922242
18,3950.4,3,-0.2,0.0711072,585,19.5,0.55922242
18,3950.4,0,0,0.0711072,585,19.5,0.55922242
15,3950.6,-3,0.2,0.059259,585,19.5,0.55922242
14,3950.7,-1,0.1,0.0553098,585,19.5,0.55922242
19,3950.5,5,-0.2,0.0750595,585,19.5,0.55922242
16,3950.6,-3,0.1,0.0632096,585,19.5,0.55922242
20,3950.4,4,-0.2,0.079008,585,19.5,0.55922242
14,3950.7,-6,0.3,0.0553098,585,19.5,0.55922242
16,3950.6,2,-0.1,0.0632096,585,19.5,0.55922242
18,3950.6,2,0,0.0711108,585,19.5,0.55922242
15,3950.7,-3,0.1,0.0592605,585,19.5,0.55922242
12,3950.8,-3,0.1,0.0474096,585,19.5,0.55922242
14,3950.8,2,0,0.0553112,585,19.5,0.55922242
17,3950.6,3,-0.2,0.0671602,585,19.5,0.55922242
13,3950.8,-4,0.2,0.0513604,585,19.5,0.55922242
11,3950.9,-2,0.1,0.0434599,585,19.5,0.55922242
22,3950.4,11,-0.5,0.0869088,585.1,19.5,0.55914708
17,3950.6,-5,0.2,0.0671602,585.1,19.5,0.55914708
18,3950.6,1,0,0.0711108,585.1,19.5,0.55914708
13,3950.9,-5,0.3,0.0513617,585.1,19.5,0.55914708
12,3950.9,-1,0,0.0474108,585.1,19.5,0.55914708
10,3951,-2,0.1,0.03951,585.1,19.5,0.55914708
14,3950.9,4,-0.1,0.0553126,585.1,19.5,0.55914708
16,3950.8,2,-0.1,0.0632128,585.1,19.5,0.55914708
13,3950.9,-3,0.1,0.0513617,585.1,19.5,0.55914708
18,3950.7,5,-0.2,0.0711126,585.1,19.5,0.55914708
9,3951.2,-9,0.5,0.0355608,585.1,19.5,0.55914708
10,3951.1,1,-0.1,0.039511,585.1,19.5,0.55914708
18,3950.7,8,-0.4,0.0711126,585.1,19.5,0.55914708
18,3950.7,0,0,0.0711126,585.1,19.5,0.55914708
16,3950.9,-2,0.2,0.0632144,585.1,19.5,0.55914708
19,3950.7,3,-0.2,0.0750633,585.1,19.5,0.55914708
16,3950.9,-3,0.2,0.0632144,585.1,19.5,0.55914708
20,3950.6,4,-0.3,0.079012,585.1,19.5,0.55914708
15,3950.9,-5,0.3,0.0592635,585.1,19.5,0.55914708
17,3950.8,2,-0.1,0.0671636,585.1,19.5,0.55914708
19,3950.7,2,-0.1,0.0750633,585.1,19.5,0.55914708
796,3913.5,777,-37.2,3.115146,585.3,19.5,0.55899638
1574.8,3874.4,778.8,-39.1,6.1014051,585.8,19.5,0.55861965
1567.1,3871.4,-7.7,-3,6.0668709,586.2,19.5,0.55831826
1574,3868.5,6.9,-2.9,6.089019,586.6,19.5,0.55801688
1563.9,3866.6,-10.1,-1.9,6.0469757,587.1,19.5,0.55764014
1567,3864.4,3.1,-2.2,6.0555148,587.5,19.5,0.55733876
1565,3862.6,-2,-1.8,6.044969,588,19.5,0.55696203
648.1,3904.7,-916.9,42.1,2.5306361,588.1,19.5,0.55688668
656,3904.7,7.9,0,2.5614832,588.3,19.5,0.55673599
656.1,3904.7,0.1,0,2.5618737,588.5,19.5,0.55658529
651.1,3904.8,-5,0.1,2.5424153,588.7,19.5,0.5564346
648,3904.7,-3.1,-0.1,2.5302456,588.9,19.5,0.55628391
559,3908.7,-89,4,2.1849633,589,19.5,0.55620856
468,3913,-91,4.3,1.831284,589.1,19.5,0.55613321
471.1,3912.9,3.1,-0.1,1.8433672,589.3,19.5,0.55598252
472.1,3912.9,1,0,1.8472801,589.4,19.5,0.55590717
465,3913.2,-7.1,0.3,1.819638,589.5,19.5,0.55583183
468.1,3912.9,3.1,-0.3,1.8316285,589.7,19.5,0.55568113
467.1,3912.8,-1,-0.1,1.8276689,589.8,19.5,0.55560579
-262,3948.2,-729.1,35.4,-1.0344284,589.8,19.5,0.55560579
-261,3949.8,1,1.6,-1.0308978,589.7,19.5,0.55568113
-256,3950.8,5,1,-1.0114048,589.6,19.5,0.55575648
-256,3951.8,0,1,-1.0116608,589.5,19.5,0.55583183
-262,3952.9,-6,1.1,-1.0356598,589.5,19.5,0.55583183
-254,3953.4,8,0.5,-1.0041636,589.4,19.5,0.55590717
-261.9,3954.4,-7.9,1,-1.0356574,589.3,19.5,0.55598252
1152,3886.9,1413.9,-67.5,4.4777088,589.6,19.5,0.55575648
2571.9,3816.1,1419.9,-70.8,9.8146276,590.3,19.5,0.55522905
2569,3811,-2.9,-5.1,9.790459,591,19.5,0.55470163
2571.9,3806.6,2.9,-4.4,9.7901945,591.7,19.5,0.5541742
2579,3802.6,7.1,-4,9.8069054,592.5,19.5,0.55357143
2569,3799.7,-10,-2.9,9.7614293,593.2,19.5,0.553044
2570,3796.7,1,-3,9.757519,593.9,19.5,0.55251658
2568,3794,-2,-2.7,9.742992,594.6,19.5,0.55198915
2265,3805.8,-303,11.8,8.620137,595.2,19.5,0.55153707
1961.1,3818.5,-303.9,12.7,7.4884603,595.8,19.5,0.55108499
1960.9,3817.4,-0.2,-1.1,7.4855397,596.3,19.5,0.55070826
1958.9,3816.1,-2,-1.3,7.4753583,596.9,19.5,0.55025618
1959,3814.8,0.1,-1.3,7.4731932,597.4,19.5,0.54987945
1966,3813.1,7,-1.7,7.4965546,598,19.5,0.54942737
1963.1,3811.9,-2.9,-1.2,7.4831409,598.5,19.5,0.54905063
1963.9,3810.6,0.8,-1.3,7.4836373,599,19.5,0.5486739
1962.1,3809.4,-1.8,-1.2,7.4744237,599.6,19.5,0.54822182
2738.8,3771,776.7,-38.4,10.328015,600.4,19.5,0.54761905
2735,3768.2,-3.8,-2.8,10.306027,601.1,19.5,0.54709162
2734,3765.7,-1,-2.5,10.295424,601.9,19.5,0.54648885
2731,3763.5,-3,-2.2,10.278118,602.6,19.6,0.54596142
2738.9,3760.9,7.9,-2.6,10.300729,603.4,19.6,0.54535865
2737,3758.9,-1.9,-2,10.288109,604.2,19.6,0.54475588
2733,3757.1,-4,-1.8,10.268154,604.9,19.6,0.54422845
2739,3754.9,6,-2.2,10.284671,605.7,19.6,0.54362568
1316.1,3821.1,-1422.9,66.2,5.0289497,606,19.6,0.54339964
1320,3822.4,3.9,1.3,5.045568,606.4,19.6,0.54309825
1319.9,3823.1,-0.1,0.7,5.0461097,606.8,19.6,0.54279687
1328,3823.1,8.1,0,5.0770768,607.1,19.6,0.54257083
1313.9,3824,-14.1,0.9,5.0243536,607.5,19.6,0.54226944
484.1,3863.9,-829.8,39.9,1.870514,607.6,19.6,0.54219409
-350,3906.4,-834.1,42.5,-1.36724,607.6,19.6,0.54219409
-349.1,3909.8,0.9,3.4,-1.3649112,607.5,19.6,0.54226944
-652,3926.9,-302.9,17.1,-2.5603388,607.3,19.6,0.54242013
-656,3930.2,-4,3.3,-2.5782112,607.1,19.6,0.54257083
-653,3932.7,3,2.5,-2.5680531,606.9,19.6,0.54272152
-653.9,3935.1,-0.9,2.4,-2.5731619,606.8,19.6,0.54279687
-652.1,3937.2,1.8,2.1,-2.5674481,606.6,19.6,0.54294756
-651,3939.1,1.1,1.9,-2.5643541,606.4,19.6,0.54309825
-650.9,3941,0.1,1.9,-2.5651969,606.2,19.6,0.54324895
-647.9,3942.6,3,1.6,-2.5544105,606,19.6,0.54339964
-1204.9,3970.9,-557,28.3,-4.7845374,605.7,19.6,0.54362568
-1203,3973.8,1.9,2.9,-4.7804814,605.4,19.6,0.54385172
-1199.9,3976.1,3.1,2.3,-4.7709224,605,19.6,0.5441531
-1201,3978.5,-1.1,2.4,-4.7781785,604.7,19.6,0.54437914
-1203,3980.8,-2,2.3,-4.7889024,604.4,19.6,0.54460518
35,3923.1,1238,-57.7,0.1373085,604.4,19.6,0.54460518
32,3922.4,-3,-0.7,0.1255168,604.4,19.6,0.54460518
34,3922,2,-0.4,0.133348,604.4,19.6,0.54460518
32,3922,-2,0,0.125504,604.4,19.6,0.54460518
81,3919.6,49,-2.4,0.3174876,604.4,19.6,0.54460518
88,3919.3,7,-0.3,0.3448984,604.4,19.6,0.54460518
87,3919.4,-1,0.1,0.3409878,604.5,19.6,0.54452984
87,3919.6,0,0.2,0.3410052,604.5,19.6,0.54452984
83,3919.8,-4,0.2,0.3253434,604.5,19.6,0.54452984
80,3920.1,-3,0.3,0.313608,604.5,19.6,0.54452984
835.1,3884.3,755.1,-35.8,3.2437789,604.7,19.6,0.54437914
1584.9,3847,749.8,-37.3,6.0971103,605.2,19.6,0.54400241
1579.9,3844.3,-5,-2.7,6.0736096,605.6,19.6,0.54370102
1578.9,3842,-1,-2.3,6.0661338,606.1,19.6,0.54332429
1581,3839.9,2.1,-2.1,6.0708819,606.5,19.6,0.54302291
811.1,3874.8,-769.9,34.9,3.1428503,606.7,19.6,0.54287221
49,3911.2,-762.1,36.4,0.1916488,606.8,19.6,0.54279687
47,3913,-2,1.8,0.183911,606.8,19.6,0.54279687
44,3914.3,-3,1.3,0.1722292,606.8,19.6,0.54279687
50,3914.8,6,0.5,0.19574,606.8,19.6,0.54279687
42,3915.9,-8,1.1,0.1644678,606.8,19.6,0.54279687
47,3916.4,5,0.5,0.1840708,606.8,19.6,0.54279687
39,3917.3,-8,0.9,0.1527747,606.8,19.6,0.54279687
44,3917.7,5,0.4,0.1723788,606.8,19.6,0.54279687
48,3917.9,4,0.2,0.1880592,606.9,19.6,0.54272152
47,3918.4,-1,0.5,0.1841648,606.9,19.6,0.54272152
49,3918.8,2,0.4,0.1920212,606.9,19.6,0.54272152
44,3919.3,-5,0.5,0.1724492,606.9,19.6,0.54272152
44,3919.8,0,0.5,0.1724712,606.9,19.6,0.54272152
47,3920,3,0.2,0.18424,606.9,19.6,0.54272152
40,3920.6,-7,0.6,0.156824,606.9,19.6,0.54272152
46,3920.7,6,0.1,0.1803522,606.9,19.6,0.54272152
37,3921.5,-9,0.8,0.1450955,607,19.6,0.54264617
43,3921.5,6,0,0.1686245,607,19.6,0.54264617
47,3921.7,4,0.2,0.1843199,607,19.6,0.54264617
44,3922,-3,0.3,0.172568,607,19.6,0.54264617
46,3922.3,2,0.3,0.1804258,607,19.6,0.54264617
43,3922.7,-3,0.4,0.1686761,607,19.6,0.54264617
48,3922.7,5,0,0.1882896,607,19.6,0.54264617
44,3923.2,-4,0.5,0.1726208,607,19.6,0.54264617
42,3923.5,-2,0.3,0.164787,607.1,19.6,0.54257083
43,3923.7,1,0.2,0.1687191,607.1,19.6,0.54257083
43,3923.9,0,0.2,0.1687277,607.1,19.6,0.54257083
45,3924,2,0.1,0.17658,607.1,19.6,0.54257083
46,3924.2,1,0.2,0.1805132,607.1,19.6,0.54257083
48,3924.4,2,0.2,0.1883712,607.1,19.6,0.54257083
49,3924.5,1,0.1,0.1923005,607.1,19.6,0.54257083
44,3924.9,-5,0.4,0.1726956,607.1,19.6,0.54257083
48,3924.9,4,0,0.1883952,607.2,19.6,0.54249548
43,3925.3,-5,0.4,0.1687879,607.2,19.6,0.54249548
47,3925.4,4,0.1,0.1844938,607.2,19.6,0.54249548
48,3925.5,1,0.1,0.188424,607.2,19.6,0.54249548
40,3926.1,-8,0.6,0.157044,607.2,19.6,0.54249548
48,3925.9,8,-0.2,0.1884432,607.2,19.6,0.54249548
44,3926.2,-4,0.3,0.1727528,607.2,19.6,0.54249548
42,3926.5,-2,0.3,0.164913,607.2,19.6,0.54249548
42,3926.7,0,0.2,0.1649214,607.3,19.6,0.54242013
42,3926.8,0,0.1,0.1649256,607.3,19.6,0.54242013
45,3926.8,3,0,0.176706,607.3,19.6,0.54242013
45,3927,0,0.2,0.176715,607.3,19.6,0.54242013
47,3927.1,2,0.1,0.1845737,607.3,19.6,0.54242013
44,3927.3,-3,0.2,0.1728012,607.3,19.6,0.54242013
41,3927.6,-3,0.3,0.1610316,607.3,19.6,0.54242013
46,3927.5,5,-0.1,0.180665,607.3,19.6,0.54242013
48,3927.6,2,0.1,0.1885248,607.4,19.6,0.54234479
38,3928.2,-10,0.6,0.1492716,607.4,19.6,0.54234479
46,3928,8,-0.2,0.180688,607.4,19.6,0.54234479
43,3928.3,-3,0.3,0.1689169,607.4,19.6,0.54234479
45,3928.2,2,-0.1,0.176769,607.4,19.6,0.54234479
43,3928.5,-2,0.3,0.1689255,607.4,19.6,0.54234479
48,3928.4,5,-0.1,0.1885632,607.4,19.6,0.54234479
41,3928.8,-7,0.4,0.1610808,607.4,19.6,0.54234479
45,3928.7,4,-0.1,0.1767915,607.5,19.6,0.54226944
46,3928.8,1,0.1,0.1807248,607.5,19.6,0.54226944
46,3928.9,0,0.1,0.1807294,607.5,19.6,0.54226944
45,3929.1,-1,0.2,0.1768095,607.5,19.6,0.54226944
47,3929.1,2,0,0.1846677,607.5,19.6,0.54226944
46,3929.2,-1,0.1,0.1807432,607.5,19.6,0.54226944
48,3929.2,2,0,0.1886016,607.5,19.6,0.54226944
51,3929.2,3,0,0.2003892,607.5,19.6,0.54226944
43,3929.6,-8,0.4,0.1689728,607.6,19.6,0.54219409
44,3929.7,1,0.1,0.1729068,607.6,19.6,0.54219409
49,3929.6,5,-0.1,0.1925504,607.6,19.6,0.54219409
43,3929.9,-6,0.3,0.1689857,607.6,19.6,0.54219409
46,3929.9,3,0,0.1807754,607.6,19.6,0.54219409
45,3930,-1,0.1,0.17685,607.6,19.6,0.54219409
48,3930,3,0,0.18864,607.6,19.6,0.54219409
44,3930.3,-4,0.3,0.1729332,607.6,19.6,0.54219409
49,3930.1,5,-0.2,0.1925749,607.7,19.6,0.54211875
40,3930.6,-9,0.5,0.157224,607.7,19.6,0.54211875
41,3930.7,1,0.1,0.1611587,607.7,19.6,0.54211875
48,3930.4,7,-0.3,0.1886592,607.7,19.6,0.54211875
45,3930.6,-3,0.2,0.176877,607.7,19.6,0.54211875
42,3930.9,-3,0.3,0.1650978,607.7,19.6,0.54211875
49,3930.6,7,-0.3,0.1925994,607.7,19.6,0.54211875
46,3930.8,-3,0.2,0.1808168,607.7,19.6,0.54211875
47,3930.8,1,0,0.1847476,607.8,19.6,0.5420434
52,3930.7,5,-0.1,0.2043964,607.8,19.6,0.5420434
40,3931.3,-12,0.6,0.157252,607.8,19.6,0.5420434
44,3931.2,4,-0.1,0.1729728,607.8,19.6,0.5420434
51,3931,7,-0.2,0.200481,607.8,19.6,0.5420434
43,3931.4,-8,0.4,0.1690502,607.8,19.6,0.5420434
44,3931.4,1,0,0.1729816,607.8,19.6,0.5420434
51,3931.1,7,-0.3,0.2004861,607.9,19.6,0.54196805
48,3931.3,-3,0.2,0.1887024,607.9,19.6,0.54196805
43,3931.6,-5,0.3,0.1690588,607.9,19.6,0.54196805
46,3931.5,3,-0.1,0.180849,607.9,19.6,0.54196805
40,3931.9,-6,0.4,0.157276,607.9,19.6,0.54196805
48,3931.6,8,-0.3,0.1887168,607.9,19.6,0.54196805
43,3931.9,-5,0.3,0.1690717,607.9,19.6,0.54196805
50,3931.6,7,-0.3,0.19658,607.9,19.6,0.54196805
44,3931.9,-6,0.3,0.1730036,608,19.6,0.54189271
44,3932,0,0.1,0.173008,608,19.6,0.54189271
47,3931.9,3,-0.1,0.1847993,608,19.6,0.54189271
47,3932,0,0.1,0.184804,608,19.6,0.54189271
43,3932.2,-4,0.2,0.1690846,608,19.6,0.54189271
44,3932.2,1,0,0.1730168,608,19.6,0.54189271
49,3932,5,-0.2,0.192668,608,19.6,0.54189271
49,3932.1,0,0.1,0.1926729,608,19.6,0.54189271
47,3932.2,-2,0.1,0.1848134,608.1,19.6,0.54181736
46,3932.4,-1,0.2,0.1808904,608.1,19.6,0.54181736
48,3932.3,2,-0.1,0.1887504,608.1,19.6,0.54181736
45,3932.5,-3,0.2,0.1769625,608.1,19.6,0.54181736
40,3932.8,-5,0.3,0.157312,608.1,19.6,0.54181736
42,3932.7,2,-0.1,0.1651734,608.1,19.6,0.54181736
43,3932.8,1,0.1,0.1691104,608.1,19.6,0.54181736
39,3933,-4,0.2,0.153387,608.1,19.6,0.54181736
45,3932.8,6,-0.2,0.176976,608.1,19.6,0.54181736
46,3932.8,1,0,0.1809088,608.2,19.6,0.54174201
34,3933.4,-12,0.6,0.1337356,608.2,19.6,0.54174201
21,3934.1,-13,0.7,0.0826161,608.2,19.6,0.54174201
22,3934.1,1,0,0.0865502,608.2,19.6,0.54174201
16,3934.4,-6,0.3,0.0629504,608.2,19.6,0.54174201
19,3934.4,3,0,0.0747536,608.2,19.6,0.54174201
22,3934.3,3,-0.1,0.0865546,608.2,19.6,0.54174201
19,3934.6,-3,0.3,0.0747574,608.2,19.6,0.54174201
18,3934.7,-1,0.1,0.0708246,608.2,19.6,0.54174201
16,3934.8,-2,0.1,0.0629568,608.2,19.6,0.54174201
20,3934.7,4,-0.1,0.078694,608.2,19.6,0.54174201
21,3934.8,1,0.1,0.0826308,608.2,19.6,0.54174201
24,3934.7,3,-0.1,0.0944328,608.2,19.6,0.54174201
24,3934.8,0,0.1,0.0944352,608.2,19.6,0.54174201
22,3934.9,-2,0.1,0.0865678,608.2,19.6,0.54174201
24,3934.9,2,0,0.0944376,608.3,19.6,0.54166667
19,3935.1,-5,0.2,0.0747669,608.3,19.6,0.54166667
19,3935.2,0,0.1,0.0747688,608.3,19.6,0.54166667
19,3935.3,0,0.1,0.0747707,608.3,19.6,0.54166667
23,3935.1,4,-0.2,0.0905073,608.3,19.6,0.54166667
20,3935.3,-3,0.2,0.078706,608.3,19.6,0.54166667
24,3935.2,4,-0.1,0.0944448,608.3,19.6,0.54166667
20,3935.4,-4,0.2,0.078708,608.3,19.6,0.54166667
22,3935.4,2,0,0.0865788,608.3,19.6,0.54166667
19,3935.5,-3,0.1,0.0747745,608.3,19.6,0.54166667
23,3935.4,4,-0.1,0.0905142,608.3,19.6,0.54166667
21,3935.6,-2,0.2,0.0826476,608.3,19.6,0.54166667
19,3935.7,-2,0.1,0.0747783,608.3,19.6,0.54166667
19,3935.8,0,0.1,0.0747802,608.3,19.6,0.54166667
23,3935.6,4,-0.2,0.0905188,608.3,19.6,0.54166667
19,3935.9,-4,0.3,0.0747821,608.3,19.6,0.54166667
18,3935.9,-1,0,0.0708462,608.3,19.6,0.54166667
23,3935.7,5,-0.2,0.0905211,608.4,19.6,0.54159132
19,3936,-4,0.3,0.074784,608.4,19.6,0.54159132
21,3935.9,2,-0.1,0.0826539,608.4,19.6,0.54159132
21,3935.9,0,0,0.0826539,608.4,19.6,0.54159132
20,3936.1,-1,0.2,0.078722,608.4,19.6,0.54159132
23,3936,3,-0.1,0.090528,608.4,19.6,0.54159132
18,3936.2,-5,0.2,0.0708516,608.4,19.6,0.54159132
22,3936.1,4,-0.1,0.0865942,608.4,19.6,0.54159132
23,3936,1,-0.1,0.090528,608.4,19.6,0.54159132
21,3936.2,-2,0.2,0.0826602,608.4,19.6,0.54159132
17,3936.4,-4,0.2,0.0669188,608.4,19.6,0.54159132
18,3936.4,1,0,0.0708552,608.4,19.6,0.54159132
18,3936.5,0,0.1,0.070857,608.4,19.6,0.54159132
22,3936.3,4,-0.2,0.0865986,608.4,19.6,0.54159132
20,3936.4,-2,0.1,0.078728,608.4,19.6,0.54159132
23,3936.3,3,-0.1,0.0905349,608.4,19.6,0.54159132
25,3936.3,2,0,0.0984075,608.4,19.6,0.54159132
16,3936.8,-9,0.5,0.0629888,608.4,19.6,0.54159132
23,3936.5,7,-0.3,0.0905395,608.5,19.6,0.54151597
20,3936.6,-3,0.1,0.078732,608.5,19.6,0.54151597
17,3936.8,-3,0.2,0.0669256,608.5,19.6,0.54151597
21,3936.7,4,-0.1,0.0826707,608.5,19.6,0.54151597
19,3936.8,-2,0.1,0.0747992,608.5,19.6,0.54151597
24,3936.6,5,-0.2,0.0944784,608.5,19.6,0.54151597
21,3936.8,-3,0.2,0.0826728,608.5,19.6,0.54151597
20,3936.9,-1,0.1,0.078738,608.5,19.6,0.54151597
18,3936.9,-2,0,0.0708642,608.5,19.6,0.54151597
15,3937.2,-3,0.3,0.059058,608.5,19.6,0.54151597
20,3936.9,5,-0.3,0.078738,608.5,19.6,0.54151597
16,3937.2,-4,0.3,0.0629952,608.5,19.6,0.54151597
16,3937.2,0,0,0.0629952,608.5,19.6,0.54151597
17,3937.2,1,0,0.0669324,608.5,19.6,0.54151597
20,3937.1,3,-0.1,0.078742,608.5,19.6,0.54151597
26,3936.9,6,-0.2,0.1023594,608.5,19.6,0.54151597
21,3937.1,-5,0.2,0.0826791,608.5,19.6,0.54151597
22,3937.1,1,0,0.0866162,608.5,19.6,0.54151597
24,3937,2,-0.1,0.094488,608.6,19.6,0.54144063
18,3937.3,-6,0.3,0.0708714,608.6,19.6,0.54144063
19,3937.3,1,0,0.0748087,608.6,19.6,0.54144063
21,3937.2,2,-0.1,0.0826812,608.6,19.6,0.54144063
22,3937.2,1,0,0.0866184,608.6,19.6,0.54144063
23,3937.2,1,0,0.0905556,608.6,19.6,0.54144063
20,3937.3,-3,0.1,0.078746,608.6,19.6,0.54144063
18,3937.5,-2,0.2,0.070875,608.6,19.6,0.54144063
27,3937.1,9,-0.4,0.1063017,608.6,19.6,0.54144063
25,3937.2,-2,0.1,0.09843,608.6,19.6,0.54144063
19,3937.6,-6,0.4,0.0748144,608.6,19.6,0.54144063
22,3937.4,3,-0.2,0.0866228,608.6,19.6,0.54144063
18,3937.6,-4,0.2,0.0708768,608.6,19.6,0.54144063
21,3937.6,3,0,0.0826896,608.6,19.6,0.54144063
25,3937.3,4,-0.3,0.0984325,608.6,19.6,0.54144063
20,3937.6,-5,0.3,0.078752,608.6,19.6,0.54144063
20,3937.7,0,0.1,0.078754,608.6,19.6,0.54144063
23,3937.5,3,-0.2,0.0905625,608.7,19.6,0.54136528
23,3937.5,0,0,0.0905625,608.7,19.6,0.54136528
18,3937.7,-5,0.2,0.0708786,608.7,19.6,0.54136528
15,3938,-3,0.3,0.05907,608.7,19.6,0.54136528
20,3937.7,5,-0.3,0.078754,608.7,19.6,0.54136528
17,3938,-3,0.3,0.066946,608.7,19.6,0.54136528
21,3937.8,4,-0.2,0.0826938,608.7,19.6,0.54136528
20,3937.8,-1,0,0.078756,608.7,19.6,0.54136528
17,3938,-3,0.2,0.066946,608.7,19.6,0.54136528
22,3937.8,5,-0.2,0.0866316,608.7,19.6,0.54136528
23,3937.8,1,0,0.0905694,608.7,19.6,0.54136528
21,3937.9,-2,0.1,0.0826959,608.7,19.6,0.54136528
18,3938,-3,0.1,0.070884,608.7,19.6,0.54136528
18,3938.1,0,0.1,0.0708858,608.7,19.6,0.54136528
25,3937.7,7,-0.4,0.0984425,608.7,19.6,0.54136528
18,3938.1,-7,0.4,0.0708858,608.7,19.6,0.54136528
18,3938.2,0,0.1,0.0708876,608.7,19.6,0.54136528
21,3938,3,-0.2,0.082698,608.7,19.6,0.54136528
24,3937.9,3,-0.1,0.0945096,608.8,19.6,0.54128993
21,3938,-3,0.1,0.082698,608.8,19.6,0.54128993
18,3938.2,-3,0.2,0.0708876,608.8,19.6,0.54128993
20,3938.1,2,-0.1,0.078762,608.8,19.6,0.54128993
20,3938.2,0,0.1,0.078764,608.8,19.6,0.54128993
21,3938.1,1,-0.1,0.0827001,608.8,19.6,0.54128993
21,3938.2,0,0.1,0.0827022,608.8,19.6,0.54128993
17,3938.4,-4,0.2,0.0669528,608.8,19.6,0.54128993
24,3938,7,-0.4,0.094512,608.8,19.6,0.54128993
21,3938.2,-3,0.2,0.0827022,608.8,19.6,0.54128993
23,3938.1,2,-0.1,0.0905763,608.8,19.6,0.54128993
19,3938.3,-4,0.2,0.0748277,608.8,19.6,0.54128993
23,3938.2,4,-0.1,0.0905786,608.8,19.6,0.54128993
26,3938,3,-0.2,0.102388,608.8,19.6,0.54128993
22,3938.3,-4,0.3,0.0866426,608.8,19.6,0.54128993
17,3938.5,-5,0.2,0.0669545,608.8,19.6,0.54128993
17,3938.5,0,0,0.0669545,608.8,19.6,0.54128993
22,3938.3,5,-0.2,0.0866426,608.8,19.6,0.54128993
17,3938.5,-5,0.2,0.0669545,608.9,19.6,0.54121459
19,3938.5,2,0,0.0748315,608.9,19.6,0.54121459
26,3938.2,7,-0.3,0.1023932,608.9,19.6,0.54121459
24,3938.3,-2,0.1,0.0945192,608.9,19.6,0.54121459
17,3938.7,-7,0.4,0.0669579,608.9,19.6,0.54121459
21,3938.5,4,-0.2,0.0827085,608.9,19.6,0.54121459
18,3938.6,-3,0.1,0.0708948,608.9,19.6,0.54121459
18,3938.7,0,0.1,0.0708966,608.9,19.6,0.54121459
28,3938.2,10,-0.5,0.1102696,608.9,19.6,0.54121459
41,3937.6,13,-0.6,0.1614416,608.9,19.6,0.54121459
46,3937.3,5,-0.3,0.1811158,608.9,19.6,0.54121459
42,3937.5,-4,0.2,0.165375,608.9,19.6,0.54121459
46,3937.3,4,-0.2,0.1811158,609,19.6,0.54113924
47,3937.2,1,-0.1,0.1850484,609,19.6,0.54113924
46,3937.2,-1,0,0.1811112,609,19.6,0.54113924
40,3937.5,-6,0.3,0.1575,609,19.6,0.54113924
43,3937.4,3,-0.1,0.1693082,609,19.6,0.54113924
38,3937.6,-5,0.2,0.1496288,609,19.6,0.54113924
39,3937.5,1,-0.1,0.1535625,609,19.6,0.54113924
46,3937.2,7,-0.3,0.1811112,609,19.6,0.54113924
41,3937.5,-5,0.3,0.1614375,609,19.6,0.54113924
42,3937.4,1,-0.1,0.1653708,609.1,19.6,0.54106389
34,3937.8,-8,0.4,0.1338852,609.1,19.6,0.54106389
39,3937.5,5,-0.3,0.1535625,609.1,19.6,0.54106389
38,3937.6,-1,0.1,0.1496288,609.1,19.6,0.54106389
43,3937.4,5,-0.2,0.1693082,609.1,19.6,0.54106389
41,3937.4,-2,0,0.1614334,609.1,19.6,0.54106389
37,3937.7,-4,0.3,0.1456949,609.1,19.6,0.54106389
30,3938,-7,0.3,0.11814,609.1,19.6,0.54106389
43,3937.3,13,-0.7,0.1693039,609.1,19.6,0.54106389
45,3937.3,2,0,0.1771785,609.2,19.6,0.54098855
40,3937.5,-5,0.2,0.1575,609.2,19.6,0.54098855
41,3937.5,1,0,0.1614375,609.2,19.6,0.54098855
42,3937.4,1,-0.1,0.1653708,609.2,19.6,0.54098855
35,3937.8,-7,0.4,0.137823,609.2,19.6,0.54098855
43,3937.4,8,-0.4,0.1693082,609.2,19.6,0.54098855
39,3937.6,-4,0.2,0.1535664,609.2,19.6,0.54098855
43,3937.4,4,-0.2,0.1693082,609.2,19.6,0.54098855
39,3937.6,-4,0.2,0.1535664,609.2,19.6,0.54098855
35,3937.8,-4,0.2,0.137823,609.3,19.6,0.5409132
43,3937.4,8,-0.4,0.1693082,609.3,19.6,0.5409132
42,3937.5,-1,0.1,0.165375,609.3,19.6,0.5409132
41,3937.5,-1,0,0.1614375,609.3,19.6,0.5409132
43,3937.4,2,-0.1,0.1693082,609.3,19.6,0.5409132
43,3937.4,0,0,0.1693082,609.3,19.6,0.5409132
43,3937.4,0,0,0.1693082,609.3,19.6,0.5409132
38,3937.6,-5,0.2,0.1496288,609.3,19.6,0.5409132
39,3937.6,1,0,0.1535664,609.3,19.6,0.5409132
42,3937.5,3,-0.1,0.165375,609.4,19.6,0.54083785
38,3937.6,-4,0.1,0.1496288,609.4,19.6,0.54083785
45,3937.3,7,-0.3,0.1771785,609.4,19.6,0.54083785
38,3937.6,-7,0.3,0.1496288,609.4,19.6,0.54083785
36,3937.8,-2,0.2,0.1417608,609.4,19.6,0.54083785
42,3937.5,6,-0.3,0.165375,609.4,19.6,0.54083785
42,3937.5,0,0,0.165375,609.4,19.6,0.54083785
42,3937.5,0,0,0.165375,609.4,19.6,0.54083785
38,3937.7,-4,0.2,0.1496326,609.4,19.6,0.54083785
40,3937.6,2,-0.1,0.157504,609.5,19.6,0.54076251
42,3937.5,2,-0.1,0.165375,609.5,19.6,0.54076251
44,3937.4,2,-0.1,0.1732456,609.5,19.6,0.54076251
37,3937.7,-7,0.3,0.1456949,609.5,19.6,0.54076251
39,3937.7,2,0,0.1535703,609.5,19.6,0.54076251
41,3937.6,2,-0.1,0.1614416,609.5,19.6,0.54076251
40,3937.6,-1,0,0.157504,609.5,19.6,0.54076251
35,3937.9,-5,0.3,0.1378265,609.5,19.6,0.54076251
39,3937.7,4,-0.2,0.1535703,609.5,19.6,0.54076251
41,3937.6,2,-0.1,0.1614416,609.6,19.6,0.54068716
41,3937.6,0,0,0.1614416,609.6,19.6,0.54068716
41,3937.6,0,0,0.1614416,609.6,19.6,0.54068716
40,3937.6,-1,0,0.157504,609.6,19.6,0.54068716
42,3937.6,2,0,0.1653792,609.6,19.6,0.54068716
41,3937.6,-1,0,0.1614416,609.6,19.6,0.54068716
40,3937.7,-1,0.1,0.157508,609.6,19.6,0.54068716
42,3937.6,2,-0.1,0.1653792,609.6,19.6,0.54068716
40,3937.7,-2,0.1,0.157508,609.6,19.6,0.54068716
37,3937.8,-3,0.1,0.1456986,609.7,19.6,0.54061181
43,3937.5,6,-0.3,0.1693125,609.7,19.6,0.54061181
42,3937.6,-1,0.1,0.1653792,609.7,19.6,0.54061181
43,3937.6,1,0,0.1693168,609.7,19.6,0.54061181
33,3938,-10,0.4,0.129954,609.7,19.6,0.54061181
43,3937.6,10,-0.4,0.1693168,609.7,19.6,0.54061181
37,3937.8,-6,0.2,0.1456986,609.7,19.6,0.54061181
38,3937.8,1,0,0.1496364,609.7,19.6,0.54061181
39,3937.8,1,0,0.1535742,609.7,19.6,0.54061181
42,3937.6,3,-0.2,0.1653792,609.8,19.6,0.54053647
40,3937.8,-2,0.2,0.157512,609.8,19.6,0.54053647
39,3937.8,-1,0,0.1535742,609.8,19.6,0.54053647
39,3937.8,0,0,0.1535742,609.8,19.6,0.54053647
39,3937.8,0,0,0.1535742,609.8,19.6,0.54053647
38,3937.8,-1,0,0.1496364,609.8,19.6,0.54053647
42,3937.7,4,-0.1,0.1653834,609.8,19.6,0.54053647
45,3937.5,3,-0.2,0.1771875,609.8,19.6,0.54053647
37,3937.9,-8,0.4,0.1457023,609.8,19.6,0.54053647
35,3938,-2,0.1,0.13783,609.9,19.6,0.54046112
41,3937.8,6,-0.2,0.1614498,609.9,19.6,0.54046112
42,3937.7,1,-0.1,0.1653834,609.9,19.6,0.54046112
41,3937.7,-1,0,0.1614457,609.9,19.6,0.54046112
42,3937.8,1,0.1,0.1653876,609.9,19.6,0.54046112
41,3937.7,-1,-0.1,0.1614457,609.9,19.5,0.54046112
42,3937.7,1,0,0.1653834,609.9,19.5,0.54046112
38,3937.9,-4,0.2,0.1496402,609.9,19.5,0.54046112
41,3937.7,3,-0.2,0.1614457,609.9,19.5,0.54046112
37,3938,-4,0.3,0.145706,610,19.5,0.54038577
45,3937.6,8,-0.4,0.177192,610,19.5,0.54038577
42,3937.8,-3,0.2,0.1653876,610,19.5,0.54038577
43,3937.7,1,-0.1,0.1693211,610,19.5,0.54038577
43,3937.7,0,0,0.1693211,610,19.5,0.54038577
45,3937.6,2,-0.1,0.177192,610,19.5,0.54038577
41,3937.7,-4,0.1,0.1614457,610,19.5,0.54038577
41,3937.7,0,0,0.1614457,610,19.5,0.54038577
45,3937.6,4,-0.1,0.177192,610.1,19.5,0.54031043
41,3937.8,-4,0.2,0.1614498,610.1,19.5,0.54031043
39,3937.9,-2,0.1,0.1535781,610.1,19.5,0.54031043
38,3938,-1,0.1,0.149644,610.1,19.5,0.54031043
40,3937.8,2,-0.2,0.157512,610.1,19.5,0.54031043
38,3937.9,-2,0.1,0.1496402,610.1,19.5,0.54031043
41,3937.8,3,-0.1,0.1614498,610.1,19.5,0.54031043
37,3938,-4,0.2,0.145706,610.1,19.5,0.54031043
36,3938.1,-1,0.1,0.1417716,610.1,19.5,0.54031043
48,3937.5,12,-0.6,0.189,610.2,19.5,0.54023508
40,3937.9,-8,0.4,0.157516,610.2,19.5,0.54023508
41,3937.8,1,-0.1,0.1614498,610.2,19.5,0.54023508
40,3937.9,-1,0.1,0.157516,610.2,19.5,0.54023508
42,3937.8,2,-0.1,0.1653876,610.2,19.5,0.54023508
42,3937.8,0,0,0.1653876,610.2,19.5,0.54023508
38,3938,-4,0.2,0.149644,610.2,19.5,0.54023508
36,3938.1,-2,0.1,0.1417716,610.2,19.5,0.54023508
44,3937.7,8,-0.4,0.1732588,610.2,19.5,0.54023508
42,3937.8,-2,0.1,0.1653876,610.3,19.5,0.54015973
41,3937.9,-1,0.1,0.1614539,610.3,19.5,0.54015973
44,3937.7,3,-0.2,0.1732588,610.3,19.5,0.54015973
40,3937.9,-4,0.2,0.157516,610.3,19.5,0.54015973
43,3937.7,3,-0.2,0.1693211,610.3,19.5,0.54015973
44,3937.7,1,0,0.1732588,610.3,19.5,0.54015973
40,3937.9,-4,0.2,0.157516,610.3,19.5,0.54015973
38,3938,-2,0.1,0.149644,610.3,19.5,0.54015973
40,3938,2,0,0.15752,610.3,19.5,0.54015973
43,3937.8,3,-0.2,0.1693254,610.4,19.5,0.54008439
39,3938,-4,0.2,0.153582,610.4,19.5,0.54008439
41,3937.9,2,-0.1,0.1614539,610.4,19.5,0.54008439
44,3937.7,3,-0.2,0.1732588,610.4,19.5,0.54008439
43,3937.8,-1,0.1,0.1693254,610.4,19.5,0.54008439
40,3938,-3,0.2,0.15752,610.4,19.5,0.54008439
39,3938,-1,0,0.153582,610.4,19.5,0.54008439
47,3937.6,8,-0.4,0.1850672,610.4,19.5,0.54008439
42,3937.8,-5,0.2,0.1653876,610.5,19.5,0.54000904
39,3938,-3,0.2,0.153582,610.5,19.5,0.54000904
43,3937.8,4,-0.2,0.1693254,610.5,19.5,0.54000904
38,3938.1,-5,0.3,0.1496478,610.5,19.5,0.54000904
43,3937.8,5,-0.3,0.1693254,610.5,19.5,0.54000904
37,3938.1,-6,0.3,0.1457097,610.5,19.5,0.54000904
40,3938,3,-0.1,0.15752,610.5,19.5,0.54000904
44,3937.8,4,-0.2,0.1732632,610.5,19.5,0.54000904
41,3938,-3,0.2,0.161458,610.5,19.5,0.54000904
39,3938,-2,0,0.153582,610.6,19.5,0.53993369
39,3938,0,0,0.153582,610.6,19.5,0.53993369
40,3938,1,0,0.15752,610.6,19.5,0.53993369
31,3938.4,-9,0.4,0.1220904,610.6,19.5,0.53993369
24,3938.8,-7,0.4,0.0945312,610.6,19.5,0.53993369
28,3938.6,4,-0.2,0.1102808,610.6,19.5,0.53993369
27,3938.7,-1,0.1,0.1063449,610.6,19.5,0.53993369
28,3938.7,1,0,0.1102836,610.6,19.5,0.53993369
27,3938.7,-1,0,0.1063449,610.6,19.5,0.53993369
33,3938.5,6,-0.2,0.1299705,610.6,19.5,0.53993369
28,3938.8,-5,0.3,0.1102864,610.6,19.5,0.53993369
26,3938.8,-2,0,0.1024088,610.6,19.5,0.53993369
33,3938.6,7,-0.2,0.1299738,610.7,19.5,0.53985835
31,3938.6,-2,0,0.1220966,610.7,19.5,0.53985835
32,3938.6,1,0,0.1260352,610.7,19.5,0.53985835
31,3938.6,-1,0,0.1220966,610.7,19.5,0.53985835
27,3938.9,-4,0.3,0.1063503,610.7,19.5,0.53985835
27,3938.8,0,-0.1,0.1063476,610.7,19.5,0.53985835
29,3938.8,2,0,0.1142252,610.7,19.5,0.53985835
31,3938.7,2,-0.1,0.1220997,610.7,19.5,0.53985835
29,3938.8,-2,0.1,0.1142252,610.7,19.5,0.53985835
25,3939,-4,0.2,0.098475,610.7,19.5,0.53985835
27,3939,2,0,0.106353,610.7,19.5,0.53985835
23,3939.2,-4,0.2,0.0906016,610.7,19.5,0.53985835
24,3939.1,1,-0.1,0.0945384,610.7,19.5,0.53985835
24,3939.2,0,0.1,0.0945408,610.8,19.5,0.539783
30,3938.9,6,-0.3,0.118167,610.8,19.5,0.539783
27,3939,-3,0.1,0.106353,610.8,19.5,0.539783
22,3939.3,-5,0.3,0.0866646,610.8,19.5,0.539783
28,3939,6,-0.3,0.110292,610.8,19.5,0.539783
30,3938.9,2,-0.1,0.118167,610.8,19.5,0.539783
34,3938.6,4,-0.3,0.1339124,610.8,19.5,0.539783
33,3938.8,-1,0.2,0.1299804,610.8,19.5,0.539783
25,3939.2,-8,0.4,0.09848,610.8,19.5,0.539783
28,3939.1,3,-0.1,0.1102948,610.8,19.5,0.539783
24,3939.2,-4,0.1,0.0945408,610.8,19.5,0.539783
29,3939,5,-0.2,0.114231,610.8,19.5,0.539783
26,3939.2,-3,0.2,0.1024192,610.8,19.5,0.539783
29,3939,3,-0.2,0.114231,610.9,19.5,0.53970766
30,3939,1,0,0.11817,610.9,19.5,0.53970766
29,3939.1,-1,0.1,0.1142339,610.9,19.5,0.53970766
25,3939.3,-4,0.2,0.0984825,610.9,19.5,0.53970766
30,3939,5,-0.3,0.11817,610.9,19.5,0.53970766
26,3939.3,-4,0.3,0.1024218,610.9,19.5,0.53970766
23,3939.4,-3,0.1,0.0906062,610.9,19.5,0.53970766
24,3939.4,1,0,0.0945456,610.9,19.5,0.53970766
23,3939.4,-1,0,0.0906062,610.9,19.5,0.53970766
26,3939.3,3,-0.1,0.1024218,610.9,19.5,0.53970766
30,3939.2,4,-0.1,0.118176,610.9,19.5,0.53970766
30,3939.1,0,-0.1,0.118173,610.9,19.5,0.53970766
28,3939.2,-2,0.1,0.1102976,610.9,19.5,0.53970766
25,3939.4,-3,0.2,0.098485,611,19.5,0.53963231
25,3939.4,0,0,0.098485,611,19.5,0.53963231
28,3939.3,3,-0.1,0.1103004,611,19.5,0.53963231
25,3939.4,-3,0.1,0.098485,611,19.5,0.53963231
28,3939.3,3,-0.1,0.1103004,611,19.5,0.53963231
26,3939.4,-2,0.1,0.1024244,611,19.5,0.53963231
26,3939.4,0,0,0.1024244,611,19.5,0.53963231
26,3939.4,0,0,0.1024244,611,19.5,0.53963231
27,3939.4,1,0,0.1063638,611,19.5,0.53963231
30,3939.2,3,-0.2,0.118176,611,19.5,0.53963231
34,3939.1,4,-0.1,0.1339294,611,19.5,0.53963231
24,3939.5,-10,0.4,0.094548,611,19.5,0.53963231
29,3939.3,5,-0.2,0.1142397,611,19.5,0.53963231
21,3939.7,-8,0.4,0.0827337,611,19.5,0.53963231
27,3939.4,6,-0.3,0.1063638,611.1,19.5,0.53955696
28,3939.4,1,0,0.1103032,611.1,19.5,0.53955696
25,3939.5,-3,0.1,0.0984875,611.1,19.5,0.53955696
25,3939.5,0,0,0.0984875,611.1,19.5,0.53955696
25,3939.5,0,0,0.0984875,611.1,19.5,0.53955696
30,3939.3,5,-0.2,0.118179,611.1,19.5,0.53955696
28,3939.4,-2,0.1,0.1103032,611.1,19.5,0.53955696
28,3939.4,0,0,0.1103032,611.1,19.5,0.53955696
29,3939.3,1,-0.1,0.1142397,611.1,19.5,0.53955696
27,3939.5,-2,0.2,0.1063665,611.1,19.5,0.53955696
26,3939.5,-1,0,0.102427,611.1,19.5,0.53955696
28,3939.4,2,-0.1,0.1103032,611.1,19.5,0.53955696
26,3939.5,-2,0.1,0.102427,611.1,19.5,0.53955696
22,3939.7,-4,0.2,0.0866734,611.2,19.5,0.53948162
33,3939.3,11,-0.4,0.1299969,611.2,19.5,0.53948162
25,3939.6,-8,0.3,0.09849,611.2,19.5,0.53948162
25,3939.6,0,0,0.09849,611.2,19.5,0.53948162
26,3939.6,1,0,0.1024296,611.2,19.5,0.53948162
23,3939.7,-3,0.1,0.0906131,611.2,19.5,0.53948162
26,3939.6,3,-0.1,0.1024296,611.2,19.5,0.53948162
33,3939.3,7,-0.3,0.1299969,611.2,19.5,0.53948162
-433,3962.2,-466,22.9,-1.7156326,611.1,19.5,0.53955696
-437.9,3963.6,-4.9,1.4,-1.7356604,611,19.5,0.53963231
1305.9,3880.1,1743.8,-83.5,5.0670226,611.3,19.5,0.53940627
1307,3876.8,1.1,-3.3,5.0669776,611.7,19.5,0.53910488
1310,3874,3,-2.8,5.07494,612,19.5,0.53887884
1307,3872,-3,-2,5.060704,612.4,19.5,0.53857746
1305.1,3870.2,-1.9,-1.8,5.050998,612.7,19.5,0.53835142
1303.1,3868.6,-2,-1.6,5.0411727,613.1,19.5,0.53805003
1300.1,3867.1,-3,-1.5,5.0276167,613.5,19.5,0.53774864
757.1,3891.7,-543,24.6,2.9464061,613.7,19.5,0.53759795
762,3891.3,4.9,-0.4,2.9651706,613.9,19.5,0.53744726
758,3891.1,-4,-0.2,2.9494538,614.1,19.5,0.53729656
758,3890.7,0,-0.4,2.9491506,614.3,19.5,0.53714587
760,3890.1,2,-0.6,2.956476,614.5,19.5,0.53699518
758.1,3889.7,-1.9,-0.4,2.9487816,614.7,19.5,0.53684448
2999.9,3781.8,2241.8,-107.9,11.345022,615.6,19.5,0.53616637
3000,3776.2,0.1,-5.6,11.3286,616.4,19.5,0.53556359
3000,3771.7,0,-4.5,11.3151,617.2,19.5,0.53496082
3000,3767.8,0,-3.9,11.3034,618.1,19.5,0.5342827
3000,3764.2,0,-3.6,11.2926,618.9,19.5,0.53367993
3000,3761,0,-3.2,11.283,619.7,19.5,0.53307715
3000.1,3757.9,0.1,-3.1,11.274076,620.6,19.5,0.53239904
3000,3755,-0.1,-2.9,11.265,621.4,19.5,0.53179626
3000,3752.2,0,-2.8,11.2566,622.2,19.5,0.53119349
1922,3801.1,-1078,48.9,7.3057142,622.8,19.5,0.53074141
1926,3800.7,4,-0.4,7.3201482,623.3,19.5,0.53036468
1926.9,3800,0.9,-0.7,7.32222,623.8,19.5,0.52998794
1920,3799.6,-6.9,-0.4,7.295232,624.4,19.5,0.52953586
1924.9,3798.5,4.9,-1.1,7.3117327,624.9,19.5,0.52915913
1006,3841.5,-918.9,43,3.864549,625.2,19.5,0.52893309
1010,3842.4,4,0.9,3.880824,625.5,19.6,0.52870705
1005.1,3843.3,-4.9,0.9,3.8629008,625.7,19.6,0.52855636
1010.1,3843.5,5,0.2,3.8823193,626,19.6,0.52833032
1008,3843.9,-2.1,0.4,3.8746512,626.3,19.6,0.52810428
1004,3844.3,-4,0.4,3.8596772,626.6,19.6,0.52787824
1003,3844.4,-1,0.1,3.8559332,626.9,19.6,0.5276522
1001.1,3844.6,-1.9,0.2,3.8488291,627.1,19.6,0.52750151
1010,3844.1,8.9,-0.5,3.882541,627.4,19.6,0.52727547
772.1,3855.5,-237.9,11.4,2.9768315,627.6,19.6,0.52712477
531.1,3867.5,-241,12,2.0540293,627.8,19.6,0.52697408
540,3868,8.9,0.5,2.08872,627.9,19.6,0.52689873
533,3869,-7,1,2.062177,628.1,19.6,0.52674804
531,3869.7,-2,0.7,2.0548107,628.2,19.6,0.52667269
533.1,3870.1,2.1,0.4,2.0631503,628.4,19.6,0.526522
531,3870.7,-2.1,0.6,2.0553417,628.5,19.6,0.52644665
541.1,3870.6,10.1,-0.1,2.0943817,628.7,19.6,0.52629596
536.1,3871.2,-5,0.6,2.0753503,628.8,19.6,0.52622061
-731,3932.8,-1267.1,61.6,-2.8748768,628.7,19.6,0.52629596
-733,3936,-2,3.2,-2.885088,628.5,19.6,0.52644665
-837.9,3943.6,-104.9,7.6,-3.3043424,628.2,19.6,0.52667269
-940.9,3951,-103,7.4,-3.7174959,628,19.6,0.52682339
-946,3953.7,-5.1,2.7,-3.7402002,627.7,19.6,0.52704943
-941,3955.6,5,1.9,-3.7222196,627.5,19.6,0.52720012
-943,3957.7,-2,2.1,-3.7321111,627.2,19.6,0.52742616
-937,3959.3,6,1.6,-3.7098641,626.9,19.6,0.5276522
-941,3961.3,-4,2,-3.7275833,626.7,19.6,0.52780289
-940,3962.9,1,1.6,-3.725126,626.4,19.6,0.52802893
-947,3964.9,-7,2,-3.7547603,626.1,19.6,0.52825497
2596.8,3796.4,3543.8,-168.5,9.8584915,626.8,19.6,0.52772755
2599.9,3789.6,3.1,-6.8,9.852581,627.5,19.6,0.52720012
2601.9,3784.5,2,-5.1,9.8468905,628.2,19.6,0.52667269
2598,3780.8,-3.9,-3.7,9.8225184,628.9,19.6,0.52614527
2599.9,3777.2,1.9,-3.6,9.8203423,629.7,19.6,0.5255425
2600,3774.1,0.1,-3.1,9.81266,630.4,19.6,0.52501507
416.2,3875.5,-2183.8,101.4,1.6129831,630.5,19.6,0.52493972
417.1,3877.7,0.9,2.2,1.6173887,630.6,19.6,0.52486438
2500.8,3779.4,2083.7,-98.3,9.4515235,631.3,19.6,0.52433695
2501,3775.6,0.2,-3.8,9.4427756,632,19.6,0.52380952
2498.9,3772.8,-2.1,-2.8,9.4278499,632.7,19.6,0.5232821
2500.9,3770.2,2,-2.6,9.4288932,633.4,19.6,0.52275467
2498.9,3767.9,-2,-2.3,9.4156053,634.1,19.6,0.52222725
2496.9,3765.8,-2,-2.1,9.402826,634.8,19.6,0.52169982
2497.9,3763.8,1,-2,9.401596,635.5,19.6,0.52117239
2499,3761.8,1.1,-2,9.4007382,636.2,19.6,0.52064497
1076.2,3828,-1422.8,66.2,4.1196936,636.5,19.6,0.52041893
-333.9,3897.2,-1410.1,69.2,-1.3012751,636.5,19.6,0.52041893
-336,3901.2,-2.1,4,-1.3108032,636.4,19.6,0.52049427
-333,3904,3,2.8,-1.300032,636.3,19.6,0.52056962
886.9,3847.5,1219.9,-56.5,3.4123478,636.5,19.6,0.52041893
881,3847.1,-5.9,-0.4,3.3892951,636.7,19.6,0.52026823
884,3846.7,3,-0.4,3.4004828,637,19.6,0.52004219
883.1,3846.6,-0.9,-0.1,3.3969325,637.2,19.6,0.5198915
888,3846.2,4.9,-0.4,3.4154256,637.5,19.6,0.51966546
886.1,3846.2,-1.9,0,3.4081178,637.7,19.6,0.51951477
889.1,3846,3,-0.2,3.4194786,638,19.6,0.51928873
882,3846.2,-7.1,0.2,3.3923484,638.2,19.6,0.51913803
887,3845.9,5,-0.3,3.4113133,638.5,19.6,0.518912
-179,3897.3,-1066,51.4,-0.6976167,638.4,19.6,0.51898734
-179,3899.6,0,2.3,-0.6980284,638.4,19.6,0.51898734
-179,3901.4,0,1.8,-0.6983506,638.3,19.6,0.51906269
-176,3902.7,3,1.3,-0.6868752,638.3,19.6,0.51906269
241,3883.6,417,-19.1,0.9359476,638.3,19.6,0.51906269
244.1,3883.7,3.1,0.1,0.94801117,638.4,19.6,0.51898734
240.1,3884.2,-4,0.5,0.93259642,638.5,19.6,0.518912
-763.8,3933.2,-1003.9,49,-3.0041782,638.3,19.6,0.51906269
-764.9,3936,-1.1,2.8,-3.0106464,638.1,19.6,0.51921338
-764,3938.1,0.9,2.1,-3.0087084,637.9,19.6,0.51936407
248,3891.1,1012,-47,0.9649928,637.9,19.6,0.51936407
1250.9,3842.7,1002.9,-48.4,4.8068334,638.3,19.6,0.51906269
1258,3839.9,7.1,-2.8,4.8305942,638.6,19.6,0.51883665
1251.1,3838.6,-6.9,-1.3,4.8024725,638.9,19.6,0.51861061
1253.9,3837,2.8,-1.6,4.8112143,639.3,19.6,0.51830922
1514.9,3823.3,261,-13.7,5.7919172,639.7,19.6,0.51800784
1776.9,3809.2,262,-14.1,6.7685675,640.2,19.6,0.5176311
1773,3807.3,-3.9,-1.9,6.7503429,640.7,19.6,0.51725437
242.1,3878.6,-1530.9,71.3,0.93900906,640.8,19.6,0.51717902
242.1,3880.4,0,1.8,0.93944484,640.8,19.6,0.51717902
242.1,3881.6,0,1.2,0.93973536,640.9,19.6,0.51710368
241.1,3882.5,-1,0.9,0.93607075,641,19.6,0.51702833
240,3883.3,-1.1,0.8,0.931992,641,19.6,0.51702833
242,3883.9,2,0.6,0.9399038,641.1,19.6,0.51695298
237.2,3884.7,-4.8,0.8,0.92145084,641.2,19.6,0.51687764
245.1,3884.9,7.9,0.2,0.95218899,641.2,19.6,0.51687764
238,3885.6,-7.1,0.7,0.9247728,641.3,19.6,0.51680229
240,3886,2,0.4,0.93264,641.4,19.6,0.51672694
442.1,3876.8,202.1,-9.2,1.7139333,641.5,19.6,0.5166516
438.1,3876.9,-4,0.1,1.6984699,641.6,19.6,0.51657625
427.2,3877.4,-10.9,0.5,1.6564253,641.7,19.6,0.5165009
436.1,3877.1,8.9,-0.3,1.6908033,641.9,19.6,0.51635021
438,3877,1.9,-0.1,1.698126,642,19.6,0.51627486
434.1,3877.3,-3.9,0.3,1.6831359,642.1,19.6,0.51619952
773,3861.2,338.9,-16.1,2.9847076,642.3,19.6,0.51604882
775.1,3860.4,2.1,-0.8,2.992196,642.5,19.6,0.51589813
783.1,3859.5,8,-0.9,3.0223745,642.7,19.6,0.51574744
780,3859.2,-3.1,-0.3,3.010176,643,19.6,0.5155214
774.1,3859.1,-5.9,-0.1,2.9873293,643.2,19.6,0.51537071
778.1,3858.6,4,-0.5,3.0023767,643.4,19.6,0.51522001
776.1,3858.3,-2,-0.3,2.9944266,643.6,19.6,0.51506932
1068,3844.1,291.9,-14.2,4.1054988,643.9,19.6,0.51484328
1068,3843.1,0,-1,4.1044308,644.2,19.6,0.51461724
404,3874,-664,30.9,1.565096,644.3,19.6,0.51454189
-258,3907,-662,33,-1.008006,644.3,19.6,0.51454189
-258,3909,0,2,-1.008522,644.2,19.6,0.51461724
-250,3910.1,8,1.1,-0.977525,644.1,19.6,0.51469259
-255,3911.7,-5,1.6,-0.9974835,644,19.6,0.51476793
-253,3912.7,2,1,-0.9899131,644,19.6,0.51476793
-259,3914.1,-6,1.4,-1.0137519,643.9,19.6,0.51484328
975.9,3855.6,1234.9,-58.5,3.76268,644.1,19.6,0.51469259
2213.8,3794.7,1237.9,-60.9,8.4007069,644.8,19.6,0.51416516
2210,3790.7,-3.8,-4,8.377447,645.4,19.6,0.51371308
2215,3787.4,5,-3.3,8.389091,646,19.6,0.513261
2212,3784.9,-3,-2.5,8.3721988,646.6,19.6,0.51280892
2211.9,3782.5,-0.1,-2.4,8.3665118,647.2,19.6,0.51235684
2211.9,3780.4,0,-2.1,8.3618668,647.8,19.6,0.51190476
2210.9,3778.4,-1,-2,8.3536646,648.4,19.6,0.51145268
-117.1,3888.1,-2328,109.7,-0.45529651,648.4,19.6,0.51145268
-127.1,3891.9,-10,3.8,-0.49466049,648.4,19.6,0.51145268
-118.3,3893.7,8.8,1.8,-0.46062471,648.4,19.6,0.51145268
-118.1,3895.4,0.2,1.7,-0.46004674,648.3,19.6,0.51152803
-117,3896.9,1.1,1.5,-0.4559373,648.3,19.6,0.51152803
-122,3898.4,-5,1.5,-0.4756048,648.3,19.6,0.51152803
-117,3899.4,5,1,-0.4562298,648.2,19.6,0.51160338
-815.9,3933.8,-698.9,34.4,-3.2095874,648,19.6,0.51175407
-810.9,3936,5,2.2,-3.1917024,647.8,19.6,0.51190476
-808,3938,2.9,2,-3.181904,647.6,19.6,0.51205546
-814,3940.1,-6,2.1,-3.2072414,647.3,19.6,0.51228149
-814,3941.9,0,1.8,-3.2087066,647.1,19.6,0.51243219
-817,3943.7,-3,1.8,-3.2220029,646.9,19.6,0.51258288
-814.9,3945.1,2.1,1.4,-3.214862,646.7,19.6,0.51273357
-814,3946.6,0.9,1.5,-3.2125324,646.4,19.6,0.51295961
60,3905.6,874,-41,0.234336,646.4,19.6,0.51295961
57,3905.1,-3,-0.5,0.2225907,646.5,19.6,0.51288427
58,3904.8,1,-0.3,0.2264784,646.5,19.6,0.51288427
55,3904.9,-3,0.1,0.2147695,646.5,19.6,0.51288427
61,3904.6,6,-0.3,0.2381806,646.5,19.6,0.51288427
59,3904.8,-2,0.2,0.2303832,646.5,19.6,0.51288427
59,3904.9,0,0.1,0.2303891,646.5,19.6,0.51288427
62,3904.9,3,0,0.2421038,646.6,19.6,0.51280892
56,3905.3,-6,0.4,0.2186968,646.6,19.6,0.51280892
57,3905.4,1,0.1,0.2226078,646.6,19.6,0.51280892
719,3874,662,-31.4,2.785406,646.8,19.6,0.51265823
727,3872.3,8,-1.7,2.8151621,647,19.6,0.51250753
718.1,3871.7,-8.9,-0.6,2.7802678,647.2,19.6,0.51235684
722,3870.7,3.9,-1,2.7946454,647.4,19.6,0.51220615
717.1,3870.2,-4.9,-0.5,2.7753204,647.6,19.6,0.51205546
719,3869.5,1.9,-0.7,2.7821705,647.8,19.6,0.51190476
717,3869,-2,-0.5,2.774073,648,19.6,0.51175407
854.9,3861.8,137.9,-7.2,3.3014528,648.2,19.6,0.51160338
859.1,3860.8,4.2,-1,3.3168133,648.4,19.6,0.51145268
850.9,3860.5,-8.2,-0.3,3.2848995,648.7,19.6,0.51122664
855,3859.6,4.1,-0.9,3.299958,648.9,19.6,0.51107595
850,3859.2,-5,-0.4,3.28032,649.2,19.6,0.51084991
389.2,3880.6,-460.8,21.4,1.5103295,649.3,19.6,0.51077456
-78,3904,-467.2,23.4,-0.304512,649.3,19.6,0.51077456
-73,3905.1,5,1.1,-0.2850723,649.2,19.6,0.51084991
-79,3906.3,-6,1.2,-0.3085977,649.2,19.6,0.51084991
-72,3906.8,7,0.5,-0.2812896,649.2,19.6,0.51084991
-77,3907.7,-5,0.9,-0.3008929,649.2,19.6,0.51084991
-75,3908.2,2,0.5,-0.293115,649.2,19.6,0.51084991
-75,3908.8,0,0.6,-0.29316,649.1,19.6,0.51092526
1356,3840.6,1431,-68.2,5.2078536,649.5,19.6,0.51062387
1349.1,3838.2,-6.9,-2.4,5.1781156,649.9,19.6,0.51032248
1354,3836,4.9,-2.2,5.193944,650.2,19.6,0.51009644
1356.9,3834.1,2.9,-1.9,5.2024903,650.6,19.6,0.50979506
1359,3832.6,2.1,-1.5,5.2085034,651,19.6,0.50949367
1356,3831.4,-3,-1.2,5.1953784,651.4,19.6,0.50919228
1353,3830.3,-3,-1.1,5.1823959,651.7,19.6,0.50896624
-63,3897.3,-1416,67,-0.2455299,651.8,19.6,0.5088909
-67,3899.5,-4,2.2,-0.2612665,651.7,19.6,0.50896624
-59,3900.5,8,1,-0.2301295,651.7,19.6,0.50896624
-65,3901.8,-6,1.3,-0.253617,651.7,19.6,0.50896624
-57,3902.4,8,0.6,-0.2224368,651.7,19.6,0.50896624
-60,3903.4,-3,1,-0.234204,651.7,19.6,0.50896624
-66,3904.4,-6,1,-0.2576904,651.7,19.6,0.50896624
-58,3904.6,8,0.2,-0.2264668,651.6,19.6,0.50904159
-619.9,3932.1,-561.9,27.5,-2.4375088,651.5,19.6,0.50911694
-622,3934,-2.1,1.9,-2.446948,651.3,19.6,0.50926763
-626,3935.7,-4,1.7,-2.4637482,651.1,19.6,0.50941832
-625,3937,1,1.3,-2.460625,651,19.6,0.50949367
-619,3938,6,1,-2.437622,650.8,19.6,0.50964436
-624.9,3939.4,-5.9,1.4,-2.4617311,650.6,19.6,0.50979506
-621.9,3940.4,3,1,-2.4505348,650.4,19.6,0.50994575
-622,3941.4,-0.1,1,-2.4515508,650.3,19.6,0.5100211
-188,3921.7,434,-19.7,-0.7372796,650.2,19.6,0.51009644
242.9,3900.5,430.9,-21.2,0.94743145,650.3,19.6,0.5100211
239,3899.9,-3.9,-0.6,0.9320761,650.3,19.6,0.5100211
246,3899,7,-0.9,0.959154,650.4,19.6,0.50994575
241,3898.8,-5,-0.2,0.9396108,650.5,19.6,0.5098704
243,3898.5,2,-0.3,0.9473355,650.5,19.6,0.5098704
774,3872.9,531,-25.6,2.9976246,650.7,19.6,0.50971971
777.1,3871.4,3.1,-1.5,3.0084649,651,19.6,0.50949367
1480.9,3836.7,703.8,-34.7,5.681769,651.4,19.6,0.50919228
2189.8,3800.5,708.9,-36.2,8.3223349,652,19.6,0.5087402
2184.9,3797.1,-4.9,-3.4,8.2962838,652.6,19.6,0.50828813
-894.9,3941.4,-3079.8,144.3,-3.5271589,652.4,19.6,0.50843882
-899.9,3945.8,-5,4.4,-3.5508254,652.1,19.6,0.50866486
1944.8,3812.6,2844.7,-133.2,7.4147445,652.6,19.6,0.50828813
1941,3808.7,-3.8,-3.9,7.3926867,653.1,19.6,0.50791139
1945.8,3805.5,4.8,-3.2,7.4047419,653.7,19.6,0.50745931
1947.9,3802.9,2.1,-2.6,7.4076689,654.2,19.6,0.50708258
1947,3800.8,-0.9,-2.1,7.4001576,654.7,19.6,0.50670585
1949.9,3798.7,2.9,-2.1,7.4070851,655.3,19.6,0.50625377
1945.9,3797,-4,-1.7,7.3885823,655.8,19.6,0.50587703
1693.9,3807.2,-252,10.2,6.4490161,656.3,19.6,0.5055003
1455,3817.5,-238.9,10.3,5.5544625,656.7,19.6,0.50519892
1444.1,3817.4,-10.9,-0.1,5.5127073,657.1,19.6,0.50489753
1454,3816.2,9.9,-1.2,5.5487548,657.5,19.6,0.50459614
1451,3815.5,-3,-0.7,5.5362905,657.9,19.6,0.50429476
1448.9,3814.8,-2.1,-0.7,5.5272637,658.3,19.6,0.50399337
728.1,3848.4,-720.8,33.6,2.80202,658.5,19.6,0.50384268
733,3848.9,4.9,0.5,2.8212437,658.7,19.6,0.50369198
-1078.9,3936.1,-1811.9,87.2,-4.2466583,658.5,19.6,0.50384268
-1080,3940.4,-1.1,4.3,-4.255632,658.2,19.6,0.50406872
-1083,3943.9,-3,3.5,-4.2712437,657.9,19.6,0.50429476
-1087.9,3946.9,-4.9,3,-4.2938325,657.6,19.6,0.5045208
-1080.9,3949,7,2.1,-4.2684741,657.3,19.6,0.50474684
-1082,3951.4,-1.1,2.4,-4.2754148,657,19.6,0.50497288
-1086.9,3953.7,-4.9,2.3,-4.2972765,656.7,19.6,0.50519892
2610.9,3779,3697.8,-174.7,9.8665911,657.3,19.6,0.50474684
2620,3772.4,9.1,-6.6,9.883688,658,19.6,0.50421941
2621,3767.7,1,-4.7,9.8751417,658.8,19.6,0.50361664
2615.1,3764.3,-5.9,-3.4,9.8440209,659.5,19.6,0.50308921
2618.9,3760.9,3.8,-3.4,9.849421,660.2,19.6,0.50256178
2622,3757.8,3.1,-3.1,9.8529516,661,19.6,0.50195901
2621,3755.2,-1,-2.6,9.8423792,661.7,19.6,0.50143159
2616.9,3753,-4.1,-2.2,9.8212257,662.4,19.6,0.50090416
2623,3750.4,6.1,-2.6,9.8372992,663.1,19.6,0.50037673
-1012.8,3921.5,-3635.8,171.1,-3.9716952,663,19.6,0.50045208
-1015,3927.4,-2.2,5.9,-3.986311,662.7,19.6,0.50067812
1638.8,3804.6,2653.8,-122.8,6.2349785,663.1,19.6,0.50037673
1634,3802.4,-4.8,-2.2,6.2131216,663.5,19.6,0.50007535
1639,3800.5,5,-1.9,6.2290195,664,19.6,0.49969861
1634,3799.5,-5,-1,6.208383,664.4,19.6,0.49939723
1639.9,3798.1,5.9,-1.4,6.2285042,664.9,19.6,0.49902049
1634.9,3797.2,-5,-0.9,6.2080423,665.3,19.6,0.49871911
1638,3796.1,3.1,-1.1,6.2180118,665.8,19.6,0.49834237
187.1,3864.3,-1450.9,68.2,0.72301053,665.8,19.6,0.49834237
187,3866.4,-0.1,2.1,0.7230168,665.9,19.6,0.49826703
183.1,3868.2,-3.9,1.8,0.70826742,665.9,19.6,0.49826703
189.1,3869.1,6,0.9,0.73164681,666,19.6,0.49819168
189,3870.1,-0.1,1,0.7314489,666,19.6,0.49819168
190,3871,1,0.9,0.73549,666.1,19.6,0.49811634
192.1,3871.7,2.1,0.7,0.74375357,666.2,19.6,0.49804099
185.1,3872.8,-7,1.1,0.71685528,666.2,19.6,0.49804099
1217.9,3824.4,1032.8,-48.4,4.6577368,666.5,19.6,0.49781495
1213,3823,-4.9,-1.4,4.637299,666.9,19.6,0.49751356
1212,3822,-1,-1,4.632264,667.2,19.6,0.49728752
1404,3812,192,-10,5.352048,667.6,19.6,0.49698614
1591.9,3801.8,187.9,-10.2,6.0520854,668,19.6,0.49668475
1596,3800.3,4.1,-1.5,6.0652788,668.5,19.6,0.49630802
1592.9,3799.1,-3.1,-1.2,6.0515864,668.9,19.6,0.49600663
1590.9,3798.2,-2,-0.9,6.0425564,669.4,19.6,0.4956299
1595,3797,4.1,-1.2,6.056215,669.8,19.6,0.49532851
1589.9,3796.3,-5.1,-0.7,6.0357374,670.3,19.6,0.49495178
1590.9,3795.4,1,-0.9,6.0381019,670.7,19.6,0.49465039
1592.9,3794.4,2,-1,6.0440998,671.1,19.6,0.49434901
847.1,3829.1,-745.8,34.7,3.2436306,671.4,19.6,0.49412297
848,3829.8,0.9,0.7,3.2476704,671.6,19.6,0.49397227
849,3830.2,1,0.4,3.2518398,671.9,19.6,0.49374623
851,3830.4,2,0.2,3.2596704,672.1,19.6,0.49359554
2963.9,3730.2,2112.9,-100.2,11.05594,672.9,19.6,0.49299277
2955.1,3726.4,-8.8,-3.8,11.011885,673.7,19.6,0.49238999
2960.9,3723,5.8,-3.4,11.023431,674.6,19.6,0.49171187
2961,3720.3,0.1,-2.7,11.015808,675.4,19.6,0.4911091
2956.2,3718,-4.8,-2.3,10.991152,676.2,19.6,0.49050633
2962,3715.6,5.8,-2.4,11.005607,677,19.6,0.48990356
2958.1,3713.7,-3.9,-1.9,10.985496,677.8,19.6,0.48930078
74,3849,-2884.1,135.3,0.284826,677.9,19.6,0.48922544
75,3852.8,1,3.8,0.28896,677.9,19.6,0.48922544
68,3855.8,-7,3,0.2621944,677.9,19.6,0.48922544
1125.9,3807.6,1057.9,-48.2,4.2869768,678.2,19.6,0.4889994
1127,3807.2,1.1,-0.4,4.2907144,678.5,19.6,0.48877336
1127,3807,0,-0.2,4.290489,678.9,19.6,0.48847197
1128.1,3806.9,1.1,-0.1,4.2945639,679.2,19.6,0.48824593
1134,3806.6,5.9,-0.3,4.3166844,679.5,19.6,0.48801989
1131,3806.7,-3,0.1,4.3053777,679.8,19.6,0.48779385
2403.9,3746,1272.9,-60.7,9.0050094,680.5,19.6,0.48726643
2394,3743.9,-9.9,-2.1,8.9628966,681.1,19.6,0.48681435
2401.9,3741.4,7.9,-2.5,8.9864687,681.8,19.6,0.48628692
2391.9,3740.2,-10,-1.2,8.9461844,682.5,19.6,0.48575949
-1047.9,3903,-3439.8,162.8,-4.0899537,682.2,19.6,0.48598553
-1058.9,3908.8,-11,5.8,-4.1390283,681.9,19.6,0.48621157
-1060,3912.9,-1.1,4.1,-4.147674,681.6,19.6,0.48643761
-1051,3915.8,9,2.9,-4.1155058,681.4,19.6,0.48658831
-1057,3919,-6,3.2,-4.142383,681.1,19.6,0.48681435
-1054,3921.6,3,2.6,-4.1333664,680.8,19.6,0.48704039
706.9,3839.9,1760.9,-81.7,2.7144253,680.9,19.6,0.48696504
710,3838.5,3.1,-1.4,2.725335,681.1,19.6,0.48681435
708.1,3837.9,-1.9,-0.6,2.717617,681.3,19.6,0.48666365
707.1,3837.6,-1,-0.3,2.713567,681.5,19.6,0.48651296
707,3837.4,-0.1,-0.2,2.7130418,681.7,19.7,0.48636227
707.1,3837.2,0.1,-0.2,2.7132841,681.9,19.7,0.48621157
709.1,3837,2,-0.2,2.7208167,682.1,19.7,0.48606088
707.1,3837,-2,0,2.7131427,682.3,19.7,0.48591019
2294.8,3761.7,1587.7,-75.3,8.6323492,682.9,19.7,0.48545811
2295,3758.3,0.2,-3.4,8.6252985,683.6,19.7,0.48493068
2293,3755.9,-2,-2.4,8.6122787,684.2,19.7,0.4844786
2293,3753.7,0,-2.2,8.6072341,684.8,19.7,0.48402652
2299.9,3751.5,6.9,-2.2,8.6280749,685.5,19.7,0.4834991
2291.9,3750,-8,-1.5,8.594625,686.1,19.7,0.48304702
2126,3756.3,-165.9,6.3,7.9858938,686.7,19.7,0.48259494
1949,3763.5,-177,7.2,7.3350615,687.2,19.7,0.4822182
1949.9,3762.6,0.9,-0.9,7.3366937,687.8,19.7,0.48176612
-702,3888.2,-2651.9,125.6,-2.7295164,687.6,19.7,0.48191682
-701,3892.5,1,4.3,-2.7286425,687.4,19.7,0.48206751
-692,3895.4,9,2.9,-2.6956168,687.2,19.7,0.4822182
-703.8,3898.6,-11.8,3.2,-2.7438347,687,19.7,0.4823689
-692,3900.4,11.8,1.8,-2.6990768,686.9,19.7,0.48244424
-696,3902.7,-4,2.3,-2.7162792,686.7,19.7,0.48259494
-698.1,3904.8,-2.1,2.1,-2.7259409,686.5,19.7,0.48274563
-697,3906.6,1.1,1.8,-2.7229002,686.3,19.7,0.48289632
-699,3908.4,-2,1.8,-2.7319716,686.1,19.7,0.48304702
-700.9,3910.1,-1.9,1.7,-2.7405891,685.9,19.7,0.48319771
306,3863.3,1006.9,-46.8,1.1821698,685.9,19.7,0.48319771
304.1,3862.9,-1.9,-0.4,1.1747079,686,19.7,0.48312236
307,3862.5,2.9,-0.4,1.1857875,686.1,19.7,0.48304702
307.1,3862.5,0.1,0,1.1861737,686.2,19.7,0.48297167
302,3862.8,-5.1,0.3,1.1665656,686.3,19.7,0.48289632
298,3863.1,-4,0.3,1.1512038,686.4,19.7,0.48282098
305,3862.9,7,-0.2,1.1781845,686.5,19.7,0.48274563
304.1,3863.1,-0.9,0.2,1.1747687,686.5,19.7,0.48274563
306.1,3863.2,2,0.1,1.1825255,686.6,19.7,0.48267028
300,3863.6,-6.1,0.4,1.15908,686.7,19.7,0.48259494
2589.8,3755.5,2289.8,-108.1,9.7259939,687.4,19.7,0.48206751
2596,3750.6,6.2,-4.9,9.7365576,688.1,19.7,0.48154008
2591,3747.5,-5,-3.1,9.7097725,688.9,19.7,0.48093731
2592,3744.6,1,-2.9,9.7060032,689.6,19.7,0.48040989
2590,3742,-2,-2.6,9.69178,690.3,19.7,0.47988246
2595,3739.4,5,-2.6,9.703743,691,19.7,0.47935503
2591.9,3737.4,-3.1,-2,9.6869671,691.7,19.7,0.47882761
2597,3735,5.1,-2.4,9.699795,692.5,19.7,0.47822483
2591,3733.4,-6,-1.6,9.6732394,693.2,19.7,0.47769741
-699,3887.9,-3290,154.5,-2.7176421,693,19.7,0.4778481
-691.1,3892.2,7.9,4.3,-2.6898994,692.8,19.7,0.47799879
-689.9,3895.5,1.2,3.3,-2.6875055,692.6,19.7,0.47814949
-699.9,3898.8,-10,3.3,-2.7287701,692.4,19.7,0.47830018
-689.9,3900.7,10,1.9,-2.6910929,692.2,19.7,0.47845087
2369.8,3757.5,3059.7,-143.2,8.9045235,692.8,19.7,0.47799879
2372.9,3753.2,3.1,-4.3,8.9059683,693.5,19.7,0.47747137
2371.9,3750.2,-1,-3,8.8950994,694.1,19.7,0.47701929
1453.1,3791.2,-918.8,41,5.5089927,694.5,19.7,0.4767179
1459,3790.6,5.9,-0.6,5.5304854,694.9,19.7,0.47641652
1453,3790.4,-6,-0.2,5.5074512,695.4,19.7,0.47603978
1461.9,3789.4,8.9,-1,5.5397239,695.8,19.7,0.4757384
1461,3788.8,-0.9,-0.6,5.5354368,696.2,19.7,0.47543701
743.2,3822.3,-717.8,33.5,2.8407334,696.4,19.7,0.47528632
28,3857,-715.2,34.7,0.107996,696.4,19.7,0.47528632
27,3859,-1,2,0.104193,696.5,19.7,0.47521097
28,3860.5,1,1.5,0.108094,696.5,19.7,0.47521097
24,3862,-4,1.5,0.092688,696.5,19.7,0.47521097
24,3863.2,0,1.2,0.0927168,696.5,19.7,0.47521097
28,3864.1,4,0.9,0.1081948,696.5,19.7,0.47521097
22,3865.3,-6,1.2,0.0850366,696.5,19.7,0.47521097
28,3865.8,6,0.5,0.1082424,696.5,19.7,0.47521097
33,3866.5,5,0.7,0.1275945,696.5,19.7,0.47521097
31,3867.3,-2,0.8,0.1198863,696.5,19.7,0.47521097
26,3868.3,-5,1,0.1005758,696.5,19.7,0.47521097
20,3869.3,-6,1,0.077386,696.5,19.7,0.47521097
27,3869.7,7,0.4,0.1044819,696.5,19.7,0.47521097
26,3870.4,-1,0.7,0.1006304,696.5,19.7,0.47521097
24,3871.1,-2,0.7,0.0929064,696.5,19.7,0.47521097
29,3871.5,5,0.4,0.1122735,696.6,19.7,0.47513562
21,3872.5,-8,1,0.0813225,696.6,19.7,0.47513562
25,3872.8,4,0.3,0.09682,696.6,19.7,0.47513562
27,3873.2,2,0.4,0.1045764,696.6,19.7,0.47513562
27,3873.8,0,0.6,0.1045926,696.6,19.7,0.47513562
33,3874,6,0.2,0.127842,696.6,19.7,0.47513562
29,3874.7,-4,0.7,0.1123663,696.6,19.7,0.47513562
30,3875.1,1,0.4,0.116253,696.6,19.7,0.47513562
27,3875.7,-3,0.6,0.1046439,696.6,19.7,0.47513562
27,3876.2,0,0.5,0.1046574,696.6,19.7,0.47513562
28,3876.6,1,0.4,0.1085448,696.6,19.7,0.47513562
26,3877.1,-2,0.5,0.1008046,696.6,19.7,0.47513562
27,3877.5,1,0.4,0.1046925,696.6,19.7,0.47513562
25,3878,-2,0.5,0.09695,696.7,19.7,0.47506028
23,3878.4,-2,0.4,0.0892032,696.7,19.7,0.47506028
24,3878.8,1,0.4,0.0930912,696.7,19.7,0.47506028
30,3878.8,6,0,0.116364,696.7,19.7,0.47506028
28,3879.3,-2,0.5,0.1086204,696.7,19.7,0.47506028
31,3879.5,3,0.2,0.1202645,696.7,19.7,0.47506028
29,3879.9,-2,0.4,0.1125171,696.7,19.7,0.47506028
28,3880.3,-1,0.4,0.1086484,696.7,19.7,0.47506028
26,3880.8,-2,0.5,0.1009008,696.7,19.7,0.47506028
22,3881.3,-4,0.5,0.0853886,696.7,19.7,0.47506028
32,3881.1,10,-0.2,0.1241952,696.7,19.7,0.47506028
28,3881.7,-4,0.6,0.1086876,696.7,19.7,0.47506028
18,3882.4,-10,0.7,0.0698832,696.7,19.7,0.47506028
25,3882.4,7,0,0.09706,696.7,19.7,0.47506028
32,3882.3,7,-0.1,0.1242336,696.8,19.7,0.47498493
25,3882.9,-7,0.6,0.0970725,696.8,19.7,0.47498493
24,3883.3,-1,0.4,0.0931992,696.8,19.7,0.47498493
28,3883.4,4,0.1,0.1087352,696.8,19.7,0.47498493
25,3883.8,-3,0.4,0.097095,696.8,19.7,0.47498493
24,3884,-1,0.2,0.093216,696.8,19.7,0.47498493
31,3884,7,0,0.120404,696.8,19.7,0.47498493
24,3884.5,-7,0.5,0.093228,696.8,19.7,0.47498493
24,3884.8,0,0.3,0.0932352,696.8,19.7,0.47498493
30,3884.8,6,0,0.116544,696.8,19.7,0.47498493
24,3885.2,-6,0.4,0.0932448,696.8,19.7,0.47498493
28,3885.3,4,0.1,0.1087884,696.8,19.7,0.47498493
25,3885.7,-3,0.4,0.0971425,696.8,19.7,0.47498493
31,3885.6,6,-0.1,0.1204536,696.9,19.7,0.47490958
26,3886,-5,0.4,0.101036,696.9,19.7,0.47490958
26,3886.3,0,0.3,0.1010438,696.9,19.7,0.47490958
25,3886.5,-1,0.2,0.0971625,696.9,19.7,0.47490958
29,3886.5,4,0,0.1127085,696.9,19.7,0.47490958
27,3886.8,-2,0.3,0.1049436,696.9,19.7,0.47490958
26,3887,-1,0.2,0.101062,696.9,19.7,0.47490958
27,3887.2,1,0.2,0.1049544,696.9,19.7,0.47490958
29,3887.3,2,0.1,0.1127317,696.9,19.7,0.47490958
27,3887.6,-2,0.3,0.1049652,696.9,19.7,0.47490958
22,3888,-5,0.4,0.085536,696.9,19.7,0.47490958
33,3887.6,11,-0.4,0.1282908,696.9,19.7,0.47490958
25,3888.2,-8,0.6,0.097205,696.9,19.7,0.47490958
26,3888.3,1,0.1,0.1010958,696.9,19.7,0.47490958
22,3888.7,-4,0.4,0.0855514,697,19.7,0.47483424
24,3888.7,2,0,0.0933288,697,19.7,0.47483424
24,3888.9,0,0.2,0.0933336,697,19.7,0.47483424
28,3888.9,4,0,0.1088892,697,19.7,0.47483424
31,3888.9,3,0,0.1205559,697,19.7,0.47483424
26,3889.3,-5,0.4,0.1011218,697,19.7,0.47483424
32,3889.1,6,-0.2,0.1244512,697,19.7,0.47483424
31,3889.3,-1,0.2,0.1205683,697,19.7,0.47483424
19,3890,-12,0.7,0.07391,697,19.6,0.47483424
30,3889.7,11,-0.3,0.116691,697,19.6,0.47483424
27,3890,-3,0.3,0.10503,697,19.6,0.47483424
30,3890,3,0,0.1167,697,19.6,0.47483424
24,3890.4,-6,0.4,0.0933696,697,19.6,0.47483424
25,3890.5,1,0.1,0.0972625,697.1,19.6,0.47475889
21,3890.8,-4,0.3,0.0817068,697.1,19.6,0.47475889
26,3890.7,5,-0.1,0.1011582,697.1,19.6,0.47475889
28,3890.7,2,0,0.1089396,697.1,19.6,0.47475889
27,3890.9,-1,0.2,0.1050543,697.1,19.6,0.47475889
23,3891.2,-4,0.3,0.0894976,697.1,19.6,0.47475889
27,3891.2,4,0,0.1050624,697.1,19.6,0.47475889
23,3891.5,-4,0.3,0.0895045,697.1,19.6,0.47475889
25,3891.5,2,0,0.0972875,697.1,19.6,0.47475889
26,3891.6,1,0.1,0.1011816,697.1,19.6,0.47475889
23,3891.8,-3,0.2,0.0895114,697.1,19.6,0.47475889
28,3891.8,5,0,0.1089704,697.1,19.6,0.47475889
26,3891.9,-2,0.1,0.1011894,697.1,19.6,0.47475889
27,3892,1,0.1,0.105084,697.1,19.6,0.47475889
24,3892.3,-3,0.3,0.0934152,697.2,19.6,0.47468354
24,3892.3,0,0,0.0934152,697.2,19.6,0.47468354
29,3892.2,5,-0.1,0.1128738,697.2,19.6,0.47468354
29,3892.3,0,0.1,0.1128767,697.2,19.6,0.47468354
27,3892.6,-2,0.3,0.1051002,697.2,19.6,0.47468354
28,3892.5,1,-0.1,0.10899,697.2,19.6,0.47468354
27,3892.7,-1,0.2,0.1051029,697.2,19.6,0.47468354
30,3892.7,3,0,0.116781,697.2,19.6,0.47468354
33,3892.6,3,-0.1,0.1284558,697.2,19.6,0.47468354
26,3893,-7,0.4,0.101218,697.2,19.6,0.47468354
24,3893.2,-2,0.2,0.0934368,697.2,19.6,0.47468354
23,3893.4,-1,0.2,0.0895482,697.2,19.6,0.47468354
29,3893.2,6,-0.2,0.1129028,697.2,19.6,0.47468354
27,3893.4,-2,0.2,0.1051218,697.2,19.6,0.47468354
19,3893.8,-8,0.4,0.0739822,697.3,19.6,0.4746082
25,3893.6,6,-0.2,0.09734,697.3,19.6,0.4746082
28,3893.6,3,0,0.1090208,697.3,19.6,0.4746082
25,3893.8,-3,0.2,0.097345,697.3,19.6,0.4746082
28,3893.8,3,0,0.1090264,697.3,19.6,0.4746082
33,3893.6,5,-0.2,0.1284888,697.3,19.6,0.4746082
36,3893.5,3,-0.1,0.140166,697.3,19.6,0.4746082
30,3893.9,-6,0.4,0.116817,697.3,19.6,0.4746082
32,3893.9,2,0,0.1246048,697.3,19.6,0.4746082
34,3893.9,2,0,0.1323926,697.3,19.6,0.4746082
36,3893.8,2,-0.1,0.1401768,697.3,19.6,0.4746082
36,3893.9,0,0.1,0.1401804,697.4,19.6,0.47453285
32,3894.2,-4,0.3,0.1246144,697.4,19.6,0.47453285
32,3894.2,0,0,0.1246144,697.4,19.6,0.47453285
32,3894.3,0,0.1,0.1246176,697.4,19.6,0.47453285
34,3894.3,2,0,0.1324062,697.4,19.6,0.47453285
37,3894.2,3,-0.1,0.1440854,697.4,19.6,0.47453285
30,3894.6,-7,0.4,0.116838,697.4,19.6,0.47453285
26,3894.8,-4,0.2,0.1012648,697.4,19.6,0.47453285
30,3894.7,4,-0.1,0.116841,697.4,19.6,0.47453285
28,3894.9,-2,0.2,0.1090572,697.4,19.6,0.47453285
35,3894.6,7,-0.3,0.136311,697.4,19.6,0.47453285
35,3894.7,0,0.1,0.1363145,697.4,19.6,0.47453285
31,3895,-4,0.3,0.120745,697.5,19.6,0.4744575
33,3894.9,2,-0.1,0.1285317,697.5,19.6,0.4744575
31,3895.1,-2,0.2,0.1207481,697.5,19.6,0.4744575
31,3895.1,0,0,0.1207481,697.5,19.6,0.4744575
34,3895.1,3,0,0.1324334,697.5,19.6,0.4744575
31,3895.2,-3,0.1,0.1207512,697.5,19.6,0.4744575
38,3895,7,-0.2,0.14801,697.5,19.6,0.4744575
34,3895.3,-4,0.3,0.1324402,697.5,19.6,0.4744575
27,3895.6,-7,0.3,0.1051812,697.5,19.6,0.4744575
35,3895.3,8,-0.3,0.1363355,697.5,19.6,0.4744575
33,3895.5,-2,0.2,0.1285515,697.5,19.6,0.4744575
33,3895.5,0,0,0.1285515,697.6,19.6,0.47438216
32,3895.6,-1,0.1,0.1246592,697.6,19.6,0.47438216
32,3895.7,0,0.1,0.1246624,697.6,19.6,0.47438216
39,3895.4,7,-0.3,0.1519206,697.6,19.6,0.47438216
34,3895.7,-5,0.3,0.1324538,697.6,19.6,0.47438216
36,3895.7,2,0,0.1402452,697.6,19.6,0.47438216
32,3895.8,-4,0.1,0.1246656,697.6,19.6,0.47438216
36,3895.7,4,-0.1,0.1402452,697.6,19.6,0.47438216
33,3895.9,-3,0.2,0.1285647,697.6,19.6,0.47438216
30,3896.1,-3,0.2,0.116883,697.6,19.6,0.47438216
34,3896,4,-0.1,0.132464,697.6,19.6,0.47438216
34,3896,0,0,0.132464,697.7,19.6,0.47430681
34,3896.1,0,0.1,0.1324674,697.7,19.6,0.47430681
36,3896,2,-0.1,0.140256,697.7,19.6,0.47430681
32,3896.2,-4,0.2,0.1246784,697.7,19.6,0.47430681
33,3896.3,1,0.1,0.1285779,697.7,19.6,0.47430681
28,3896.5,-5,0.2,0.109102,697.7,19.6,0.47430681
32,3896.4,4,-0.1,0.1246848,697.7,19.6,0.47430681
33,3896.4,1,0,0.1285812,697.7,19.6,0.47430681
29,3896.7,-4,0.3,0.1130043,697.7,19.6,0.47430681
31,3896.6,2,-0.1,0.1207946,697.7,19.6,0.47430681
33,3896.6,2,0,0.1285878,697.7,19.6,0.47430681
32,3896.6,-1,0,0.1246912,697.8,19.6,0.47423146
36,3896.5,4,-0.1,0.140274,697.8,19.6,0.47423146
29,3896.9,-7,0.4,0.1130101,697.8,19.6,0.47423146
34,3896.7,5,-0.2,0.1324878,697.8,19.6,0.47423146
35,3896.7,1,0,0.1363845,697.8,19.6,0.47423146
33,3896.8,-2,0.1,0.1285944,697.8,19.6,0.47423146
32,3896.9,-1,0.1,0.1247008,697.8,19.6,0.47423146
30,3897.1,-2,0.2,0.116913,697.8,19.6,0.47423146
33,3896.9,3,-0.2,0.1285977,697.8,19.6,0.47423146
32,3897.1,-1,0.2,0.1247072,697.8,19.6,0.47423146
35,3896.9,3,-0.2,0.1363915,697.8,19.6,0.47423146
40,3896.7,5,-0.2,0.155868,697.9,19.6,0.47415612
36,3896.9,-4,0.2,0.1402884,697.9,19.6,0.47415612
33,3897.1,-3,0.2,0.1286043,697.9,19.6,0.47415612
33,3897.2,0,0.1,0.1286076,697.9,19.6,0.47415612
34,3897.1,1,-0.1,0.1325014,697.9,19.6,0.47415612
30,3897.4,-4,0.3,0.116922,697.9,19.6,0.47415612
32,3897.4,2,0,0.1247168,697.9,19.6,0.47415612
31,3897.5,-1,0.1,0.1208225,697.9,19.6,0.47415612
31,3897.5,0,0,0.1208225,697.9,19.6,0.47415612
38,3897.1,7,-0.4,0.1480898,697.9,19.6,0.47415612
33,3897.5,-5,0.4,0.1286175,698,19.6,0.47408077
41,3897.1,8,-0.4,0.1597811,698,19.6,0.47408077
29,3897.7,-12,0.6,0.1130333,698,19.6,0.47408077
31,3897.6,2,-0.1,0.1208256,698,19.6,0.47408077
32,3897.7,1,0.1,0.1247264,698,19.6,0.47408077
34,3897.6,2,-0.1,0.1325184,698,19.6,0.47408077
31,3897.8,-3,0.2,0.1208318,698,19.6,0.47408077
32,3897.8,1,0,0.1247296,698,19.6,0.47408077
32,3897.8,0,0,0.1247296,698,19.6,0.47408077
24,3898.2,-8,0.4,0.0935568,698,19.6,0.47408077
34,3897.8,10,-0.4,0.1325252,698,19.6,0.47408077
30,3898,-4,0.2,0.11694,698,19.6,0.47408077
26,3898.2,-4,0.2,0.1013532,698.1,19.6,0.47400542
34,3897.9,8,-0.3,0.1325286,698.1,19.6,0.47400542
30,3898.1,-4,0.2,0.116943,698.1,19.6,0.47400542
36,3897.9,6,-0.2,0.1403244,698.1,19.6,0.47400542
30,3898.2,-6,0.3,0.116946,698.1,19.6,0.47400542
30,3898.2,0,0,0.116946,698.1,19.6,0.47400542
35,3898,5,-0.2,0.13643,698.1,19.6,0.47400542
31,3898.2,-4,0.2,0.1208442,698.1,19.6,0.47400542
34,3898.1,3,-0.1,0.1325354,698.1,19.6,0.47400542
36,3898,2,-0.1,0.140328,698.1,19.6,0.47400542
33,3898.2,-3,0.2,0.1286406,698.1,19.6,0.47400542
33,3898.2,0,0,0.1286406,698.2,19.6,0.47393008
34,3898.2,1,0,0.1325388,698.2,19.6,0.47393008
30,3898.5,-4,0.3,0.116955,698.2,19.6,0.47393008
30,3898.4,0,-0.1,0.116952,698.2,19.6,0.47393008
34,3898.3,4,-0.1,0.1325422,698.2,19.6,0.47393008
31,3898.4,-3,0.1,0.1208504,698.2,19.6,0.47393008
33,3898.5,2,0.1,0.1286505,698.2,19.6,0.47393008
36,3898.3,3,-0.2,0.1403388,698.2,19.6,0.47393008
24,3898.9,-12,0.6,0.0935736,698.2,19.6,0.47393008
27,3898.8,3,-0.1,0.1052676,698.2,19.6,0.47393008
31,3898.6,4,-0.2,0.1208566,698.2,19.6,0.47393008
36,3898.4,5,-0.2,0.1403424,698.3,19.6,0.47385473
32,3898.6,-4,0.2,0.1247552,698.3,19.6,0.47385473
33,3898.6,1,0,0.1286538,698.3,19.6,0.47385473
35,3898.6,2,0,0.136451,698.3,19.6,0.47385473
32,3898.7,-3,0.1,0.1247584,698.3,19.6,0.47385473
38,3898.4,6,-0.3,0.1481392,698.3,19.6,0.47385473
34,3898.7,-4,0.3,0.1325558,698.3,19.6,0.47385473
33,3898.7,-1,0,0.1286571,698.3,19.6,0.47385473
33,3898.8,0,0.1,0.1286604,698.3,19.6,0.47385473
33,3898.8,0,0,0.1286604,698.3,19.6,0.47385473
34,3898.8,1,0,0.1325592,698.3,19.6,0.47385473
31,3898.9,-3,0.1,0.1208659,698.4,19.6,0.47377939
36,3898.7,5,-0.2,0.1403532,698.4,19.6,0.47377939
29,3899.1,-7,0.4,0.1130739,698.4,19.6,0.47377939
35,3898.8,6,-0.3,0.136458,698.4,19.6,0.47377939
30,3899.1,-5,0.3,0.116973,698.4,19.6,0.47377939
33,3899,3,-0.1,0.128667,698.4,19.6,0.47377939
32,3899.1,-1,0.1,0.1247712,698.4,19.6,0.47377939
33,3899,1,-0.1,0.128667,698.4,19.6,0.47377939
37,3898.9,4,-0.1,0.1442593,698.4,19.6,0.47377939
33,3899.1,-4,0.2,0.1286703,698.4,19.6,0.47377939
27,3899.4,-6,0.3,0.1052838,698.4,19.6,0.47377939
30,3899.3,3,-0.1,0.116979,698.5,19.6,0.47370404
32,3899.2,2,-0.1,0.1247744,698.5,19.6,0.47370404
31,3899.3,-1,0.1,0.1208783,698.5,19.6,0.47370404
30,3899.3,-1,0,0.116979,698.5,19.6,0.47370404
27,3899.5,-3,0.2,0.1052865,698.5,19.6,0.47370404
34,3899.2,7,-0.3,0.1325728,698.5,19.6,0.47370404
32,3899.3,-2,0.1,0.1247776,698.5,19.6,0.47370404
30,3899.4,-2,0.1,0.116982,698.5,19.6,0.47370404
36,3899.2,6,-0.2,0.1403712,698.5,19.6,0.47370404
27,3899.6,-9,0.4,0.1052892,698.5,19.6,0.47370404
33,3899.4,6,-0.2,0.1286802,698.5,19.6,0.47370404
36,3899.3,3,-0.1,0.1403748,698.6,19.6,0.47362869
32,3899.5,-4,0.2,0.124784,698.6,19.6,0.47362869
34,3899.3,2,-0.2,0.1325762,698.6,19.6,0.47362869
30,3899.6,-4,0.3,0.116988,698.6,19.6,0.47362869
28,3899.7,-2,0.1,0.1091916,698.6,19.6,0.47362869
26,3899.8,-2,0.1,0.1013948,698.6,19.6,0.47362869
21,3900.1,-5,0.3,0.0819021,698.6,19.6,0.47362869
26,3899.9,5,-0.2,0.1013974,698.6,19.6,0.47362869
21,3900.2,-5,0.3,0.0819042,698.6,19.6,0.47362869
23,3900.1,2,-0.1,0.0897023,698.6,19.6,0.47362869
22,3900.2,-1,0.1,0.0858044,698.6,19.6,0.47362869
22,3900.2,0,0,0.0858044,698.6,19.6,0.47362869
28,3900,6,-0.2,0.1092,698.6,19.6,0.47362869
23,3900.3,-5,0.3,0.0897069,698.6,19.6,0.47362869
26,3900.1,3,-0.2,0.1014026,698.7,19.6,0.47355335
23,3900.3,-3,0.2,0.0897069,698.7,19.6,0.47355335
23,3900.3,0,0,0.0897069,698.7,19.6,0.47355335
22,3900.3,-1,0,0.0858066,698.7,19.6,0.47355335
25,3900.3,3,0,0.0975075,698.7,19.6,0.47355335
25,3900.3,0,0,0.0975075,698.7,19.6,0.47355335
21,3900.5,-4,0.2,0.0819105,698.7,19.6,0.47355335
22,3900.5,1,0,0.085811,698.7,19.6,0.47355335
21,3900.6,-1,0.1,0.0819126,698.7,19.6,0.47355335
21,3900.6,0,0,0.0819126,698.7,19.6,0.47355335
26,3900.4,5,-0.2,0.1014104,698.7,19.6,0.47355335
30,3900.2,4,-0.2,0.117006,698.7,19.6,0.47355335
24,3900.5,-6,0.3,0.093612,698.7,19.6,0.47355335
25,3900.5,1,0,0.0975125,698.7,19.6,0.47355335
26,3900.5,1,0,0.101413,698.7,19.6,0.47355335
24,3900.6,-2,0.1,0.0936144,698.8,19.6,0.473478
24,3900.6,0,0,0.0936144,698.8,19.6,0.473478
24,3900.6,0,0,0.0936144,698.8,19.6,0.473478
25,3900.6,1,0,0.097515,698.8,19.6,0.473478
22,3900.8,-3,0.2,0.0858176,698.8,19.6,0.473478
24,3900.7,2,-0.1,0.0936168,698.8,19.6,0.473478
26,3900.6,2,-0.1,0.1014156,698.8,19.6,0.473478
22,3900.9,-4,0.3,0.0858198,698.8,19.6,0.473478
25,3900.7,3,-0.2,0.0975175,698.8,19.6,0.473478
18,3901.1,-7,0.4,0.0702198,698.8,19.6,0.473478
26,3900.7,8,-0.4,0.1014182,698.8,19.6,0.473478
20,3901,-6,0.3,0.07802,698.8,19.6,0.473478
17,3901.2,-3,0.2,0.0663204,698.8,19.6,0.473478
26,3900.8,9,-0.4,0.1014208,698.8,19.6,0.473478
25,3900.9,-1,0.1,0.0975225,698.8,19.6,0.473478
19,3901.1,-6,0.2,0.0741209,698.8,19.6,0.473478
20,3901.1,1,0,0.078022,698.9,19.6,0.47340265
21,3901.1,1,0,0.0819231,698.9,19.6,0.47340265
27,3900.9,6,-0.2,0.1053243,698.9,19.6,0.47340265
20,3901.3,-7,0.4,0.078026,698.9,19.6,0.47340265
23,3901.1,3,-0.2,0.0897253,698.9,19.6,0.47340265
24,3901,1,-0.1,0.093624,698.9,19.6,0.47340265
25,3901,1,0,0.097525,698.9,19.6,0.47340265
20,3901.2,-5,0.2,0.078024,698.9,19.6,0.47340265
22,3901.2,2,0,0.0858264,698.9,19.6,0.47340265
24,3901.1,2,-0.1,0.0936264,698.9,19.6,0.47340265
24,3901.2,0,0.1,0.0936288,698.9,19.6,0.47340265
27,3901,3,-0.2,0.105327,698.9,19.6,0.47340265
26,3901.1,-1,0.1,0.1014286,698.9,19.6,0.47340265
25,3901.2,-1,0.1,0.09753,698.9,19.6,0.47340265
22,3901.3,-3,0.1,0.0858286,698.9,19.6,0.47340265
20,3901.4,-2,0.1,0.078028,698.9,19.6,0.47340265
22,3901.3,2,-0.1,0.0858286,699,19.6,0.47332731
21,3901.4,-1,0.1,0.0819294,699,19.6,0.47332731
24,3901.3,3,-0.1,0.0936312,699,19.6,0.47332731
26,3901.2,2,-0.1,0.1014312,699,19.6,0.47332731
26,3901.2,0,0,0.1014312,699,19.6,0.47332731
19,3901.6,-7,0.4,0.0741304,699,19.6,0.47332731
18,3901.7,-1,0.1,0.0702306,699,19.6,0.47332731
26,3901.3,8,-0.4,0.1014338,699,19.6,0.47332731
17,3901.7,-9,0.4,0.0663289,699,19.6,0.47332731
20,3901.6,3,-0.1,0.078032,699,19.6,0.47332731
23,3901.5,3,-0.1,0.0897345,699,19.6,0.47332731
26,3901.4,3,-0.1,0.1014364,699,19.6,0.47332731
27,3901.3,1,-0.1,0.1053351,699,19.6,0.47332731
25,3901.5,-2,0.2,0.0975375,699,19.6,0.47332731
18,3901.8,-7,0.3,0.0702324,699,19.6,0.47332731
21,3901.7,3,-0.1,0.0819357,699,19.6,0.47332731
25,3901.5,4,-0.2,0.0975375,699.1,19.6,0.47325196
26,3901.5,1,0,0.101439,699.1,19.6,0.47325196
24,3901.6,-2,0.1,0.0936384,699.1,19.6,0.47325196
20,3901.9,-4,0.3,0.078038,699.1,19.6,0.47325196
25,3901.5,5,-0.4,0.0975375,699.1,19.6,0.47325196
20,3901.8,-5,0.3,0.078036,699.1,19.6,0.47325196
26,3901.5,6,-0.3,0.101439,699.1,19.6,0.47325196
25,3901.6,-1,0.1,0.09754,699.1,19.6,0.47325196
26,3901.5,1,-0.1,0.101439,699.1,19.6,0.47325196
26,3901.6,0,0.1,0.1014416,699.1,19.6,0.47325196
26,3901.6,0,0,0.1014416,699.1,19.6,0.47325196
26,3901.6,0,0,0.1014416,699.1,19.6,0.47325196
172,3894.7,146,-6.9,0.6698884,699.2,19.6,0.47317661
172,3894.4,0,-0.3,0.6698368,699.2,19.6,0.47317661
166.2,3894.4,-5.8,0,0.64724928,699.3,19.6,0.47310127
174.1,3893.8,7.9,-0.6,0.67791058,699.3,19.6,0.47310127
171,3893.8,-3.1,0,0.6658398,699.4,19.6,0.47302592
166.1,3893.9,-4.9,0.1,0.64677679,699.4,19.6,0.47302592
170,3893.6,3.9,-0.3,0.661912,699.5,19.6,0.47295057
167.1,3893.5,-2.9,-0.1,0.65060385,699.5,19.6,0.47295057
165.1,3893.5,-2,0,0.64281685,699.5,19.6,0.47295057
168.2,3893.3,3.1,-0.2,0.65485306,699.6,19.6,0.47287523
20,3900.2,-148.2,6.9,0.078004,699.6,19.6,0.47287523
-122.9,3907.9,-142.9,7.7,-0.48028091,699.6,19.6,0.47287523
-124,3908.4,-1.1,0.5,-0.4846416,699.5,19.6,0.47295057
-509.9,3927.1,-385.9,18.7,-2.0024283,699.4,19.6,0.47302592
-886.9,3946.2,-377,19.1,-3.4998848,699.2,19.6,0.47317661
-886,3947.9,0.9,1.7,-3.4978394,698.9,19.6,0.47340265
-888.9,3949.5,-2.9,1.6,-3.5107106,698.7,19.6,0.47355335
-886.9,3950.6,2,1.1,-3.5037871,698.4,19.6,0.47377939
-885.9,3951.7,1,1.1,-3.500811,698.2,19.6,0.47393008
-889.9,3953,-4,1.3,-3.5177747,697.9,19.6,0.47415612
-885.9,3953.8,4,0.8,-3.5026714,697.7,19.6,0.47430681
-886,3954.8,-0.1,1,-3.5039528,697.4,19.6,0.47453285
-888,3955.7,-2,0.9,-3.5126616,697.2,19.6,0.47468354
577.1,3885.9,1465.1,-69.8,2.2425529,697.3,19.6,0.4746082
2043.9,3813.6,1466.8,-72.3,7.794617,697.9,19.6,0.47415612
2037,3809.2,-6.9,-4.4,7.7593404,698.5,19.6,0.47370404
2038.9,3805.5,1.9,-3.7,7.7590339,699,19.6,0.47332731
2045.9,3802,7,-3.5,7.7785118,699.6,19.6,0.47287523
-460,3919.2,-2505.9,117.2,-1.802832,699.5,19.6,0.47295057
-458,3921.8,2,2.6,-1.7961844,699.4,19.6,0.47302592
-462,3923.7,-4,1.9,-1.8127494,699.2,19.6,0.47317661
-455.9,3924.7,6.1,1,-1.7892707,699.1,19.6,0.47325196
507.9,3879.2,963.8,-45.5,1.9702457,699.2,19.6,0.47317661
1470.9,3832.1,963,-47.1,5.6366359,699.6,19.6,0.47287523
1470,3829.3,-0.9,-2.8,5.629071,700,19.6,0.47257384
1475.1,3826.8,5.1,-2.5,5.6449127,700.5,19.6,0.47219711
1476,3824.8,0.9,-2,5.6454048,700.9,19.6,0.47189572
1470,3823.3,-6,-1.5,5.620251,701.3,19.6,0.47159433
1472,3821.7,2,-1.6,5.6255424,701.7,19.6,0.47129295
2926.8,3751.1,1454.8,-70.6,10.978719,702.5,19.6,0.47069017
2928,3746.6,1.2,-4.5,10.970045,703.3,19.6,0.4700874
2924,3743.2,-4,-3.4,10.945117,704.1,19.6,0.46948463
2930,3739.8,6,-3.4,10.957614,704.9,19.6,0.46888186
2425,3760.7,-505,20.9,9.1196975,705.6,19.6,0.46835443
1934.1,3782.2,-490.9,21.5,7.315153,706.1,19.6,0.4679777
1934.9,3781.2,0.8,-1,7.3162439,706.7,19.6,0.46752562
1930.9,3780.2,-4,-1,7.2991882,707.2,19.6,0.46714888
1931.9,3779,1,-1.2,7.3006501,707.8,19.6,0.46669681
-48,3872.6,-1979.9,93.6,-0.1858848,707.8,19.6,0.46669681
-50,3875.6,-2,3,-0.19378,707.7,19.6,0.46677215
-55,3877.7,-5,2.1,-0.2132735,707.7,19.6,0.46677215
-56,3879.2,-1,1.5,-0.2172352,707.7,19.6,0.46677215
-53,3880.4,3,1.2,-0.2056612,707.7,19.6,0.46677215
-814.9,3917.6,-761.9,37.2,-3.1924522,707.5,19.6,0.46692285
-817,3920.3,-2.1,2.7,-3.2028851,707.3,19.6,0.46707354
-815,3922.3,2,2,-3.1966745,707,19.6,0.46729958
-779,3922.5,36,0.2,-3.0556275,706.8,19.6,0.46745027
-779,3924.2,0,1.7,-3.0569518,706.6,19.6,0.46760096
-776.9,3925.5,2.1,1.3,-3.049721,706.4,19.6,0.46775166
-775,3926.9,1.9,1.4,-3.0433475,706.2,19.6,0.46790235
-775,3928.2,0,1.3,-3.044355,706,19.6,0.46805304
-780,3929.7,-5,1.5,-3.065166,705.7,19.6,0.46827908
-777,3930.8,3,1.1,-3.0542316,705.5,19.6,0.46842978
-781.1,3932.2,-4.1,1.4,-3.0714414,705.3,19.6,0.46858047
-781,3933.3,0.1,1.1,-3.0719073,705.1,19.6,0.46873116
-781,3934.4,0,1.1,-3.0727664,704.9,19.6,0.46888186
-700.1,3931.6,80.9,-2.8,-2.7525132,704.7,19.6,0.46903255
-700,3932.5,0.1,0.9,-2.75275,704.5,19.6,0.46918324
-700.9,3933.3,-0.9,0.8,-2.75685,704.3,19.6,0.46933394
-709.9,3934.6,-9,1.3,-2.7931725,704.1,19.6,0.46948463
-704,3935.2,5.9,0.6,-2.7703808,703.9,19.6,0.46963532
-770.9,3939.2,-66.9,4,-3.0367293,703.7,19.6,0.46978602
-829,3942.9,-58.1,3.7,-3.2686641,703.5,19.6,0.46993671
-824,3943.6,5,0.7,-3.2495264,703.2,19.6,0.47016275
-831,3944.8,-7,1.2,-3.2781288,703,19.6,0.47031344
-826.9,3945.6,4.1,0.8,-3.2626166,702.8,19.6,0.47046414
-834,3946.8,-7.1,1.2,-3.2916312,702.5,19.6,0.47069017
-831,3947.5,3,0.7,-3.2803725,702.3,19.6,0.47084087
-828.9,3948.3,2.1,0.8,-3.2727459,702.1,19.6,0.47099156
-832,3949.2,-3.1,0.9,-3.2857344,701.8,19.6,0.4712176
-829,3949.8,3,0.6,-3.2743842,701.6,19.6,0.47136829
231,3899.3,1060,-50.5,0.9007383,701.6,19.6,0.47136829
233,3897.7,2,-1.6,0.9081641,701.7,19.6,0.47129295
226.1,3897,-6.9,-0.7,0.8811117,701.8,19.6,0.4712176
226.1,3896.1,0,-0.9,0.88090821,701.8,19.6,0.4712176
224.1,3895.6,-2,-0.5,0.87300396,701.9,19.6,0.47114225
223.1,3895.1,-1,-0.5,0.86899681,702,19.6,0.47106691
223,3894.6,-0.1,-0.5,0.8684958,702,19.6,0.47106691
228.1,3893.9,5.1,-0.7,0.88819859,702.1,19.6,0.47099156
2727.9,3774.6,2499.8,-119.3,10.296731,702.8,19.6,0.47046414
2727,3769,-0.9,-5.6,10.278063,703.6,19.6,0.46986136
2727,3764.7,0,-4.3,10.266337,704.4,19.6,0.46925859
2729,3760.9,2,-3.8,10.263496,705.1,19.6,0.46873116
1445.1,3818.5,-1283.9,57.6,5.5181144,705.5,19.6,0.46842978
150.2,3879.5,-1294.9,61,0.5827009,705.6,19.6,0.46835443
153,3881,2.8,1.5,0.593793,705.6,19.6,0.46835443
155.1,3881.9,2.1,0.9,0.60208269,705.6,19.6,0.46835443
145,3883.1,-10.1,1.2,0.5630495,705.7,19.6,0.46827908
155.1,3883.2,10.1,0.1,0.60228432,705.7,19.6,0.46827908
154,3883.7,-1.1,0.5,0.5980898,705.8,19.6,0.46820374
124.1,3885.4,-29.9,1.7,0.48217814,705.8,19.6,0.46820374
94,3887.2,-30.1,1.8,0.3653968,705.8,19.6,0.46820374
96,3887.4,2,0.2,0.3731904,705.9,19.6,0.46812839
627.9,3862.4,531.9,-25,2.425201,706,19.6,0.46805304
1164.1,3836.1,536.2,-26.3,4.465604,706.3,19.6,0.467827
1160,3834.5,-4.1,-1.6,4.44802,706.7,19.6,0.46752562
1168,3832.7,8,-1.8,4.4765936,707,19.6,0.46729958
1166.1,3831.6,-1.9,-1.1,4.4680288,707.3,19.6,0.46707354
1160.9,3830.7,-5.2,-0.9,4.4470596,707.6,19.6,0.4668475
1161,3829.6,0.1,-1.1,4.4461656,708,19.6,0.46654611
1164,3828.5,3,-1.1,4.456374,708.3,19.6,0.46632007
1166,3827.5,2,-1,4.462865,708.6,19.6,0.46609403
2519.8,3762.3,1353.8,-65.2,9.4802435,709.3,19.6,0.46556661
2523,3758.6,3.2,-3.7,9.4829478,710,19.6,0.46503918
962.2,3829.8,-1560.8,71.2,3.6850336,710.3,19.6,0.46481314
-597,3905.1,-1559.2,75.3,-2.3313447,710.1,19.6,0.46496383
-598.9,3908.2,-1.9,3.1,-2.340621,710,19.6,0.46503918
-601,3910.7,-2.1,2.5,-2.3503307,709.8,19.6,0.46518987
899,3840.7,1500,-70,3.4527893,710,19.6,0.46503918
904,3839,5,-1.7,3.470456,710.3,19.6,0.46481314
-773.9,3918.5,-1677.9,79.5,-3.0325271,710.1,19.6,0.46496383
-769.9,3921,4,2.5,-3.0187779,709.9,19.6,0.46511453
-369,3903.9,400.9,-17.1,-1.4405391,709.8,19.6,0.46518987
41,3884.7,410,-19.2,0.1592727,709.8,19.6,0.46518987
39,3884.8,-2,0.1,0.1515072,709.8,19.6,0.46518987
40,3885,1,0.2,0.1554,709.8,19.6,0.46518987
37,3885.3,-3,0.3,0.1437561,709.8,19.6,0.46518987
42,3885.4,5,0.1,0.1631868,709.8,19.6,0.46518987
40,3885.7,-2,0.3,0.155428,709.8,19.6,0.46518987
36,3886.2,-4,0.5,0.1399032,709.8,19.6,0.46518987
40,3886.2,4,0,0.155448,709.8,19.6,0.46518987
42,3886.4,2,0.2,0.1632288,709.9,19.6,0.46511453
38,3886.8,-4,0.4,0.1476984,709.9,19.6,0.46511453
39,3887,1,0.2,0.151593,709.9,19.6,0.46511453
38,3887.3,-1,0.3,0.1477174,709.9,19.6,0.46511453
41,3887.4,3,0.1,0.1593834,709.9,19.6,0.46511453
43,3887.5,2,0.1,0.1671625,709.9,19.6,0.46511453
39,3887.8,-4,0.3,0.1516242,709.9,19.6,0.46511453
45,3887.8,6,0,0.174951,709.9,19.6,0.46511453
42,3888.1,-3,0.3,0.1633002,710,19.6,0.46503918
43,3888.2,1,0.1,0.1671926,710,19.6,0.46503918
41,3888.5,-2,0.3,0.1594285,710,19.6,0.46503918
40,3888.7,-1,0.2,0.155548,710,19.6,0.46503918
40,3888.9,0,0.2,0.155556,710,19.6,0.46503918
40,3889.1,0,0.2,0.155564,710,19.6,0.46503918
39,3889.3,-1,0.2,0.1516827,710,19.6,0.46503918
42,3889.3,3,0,0.1633506,710,19.6,0.46503918
41,3889.5,-1,0.2,0.1594695,710,19.6,0.46503918
44,3889.5,3,0,0.171138,710.1,19.6,0.46496383
35,3890,-9,0.5,0.13615,710.1,19.6,0.46496383
43,3889.8,8,-0.2,0.1672614,710.1,19.6,0.46496383
47,3889.8,4,0,0.1828206,710.1,19.6,0.46496383
37,3890.3,-10,0.5,0.1439411,710.1,19.6,0.46496383
36,3890.5,-1,0.2,0.140058,710.1,19.6,0.46496383
44,3890.2,8,-0.3,0.1711688,710.1,19.6,0.46496383
38,3890.6,-6,0.4,0.1478428,710.1,19.6,0.46496383
40,3890.7,2,0.1,0.155628,710.1,19.6,0.46496383
36,3891,-4,0.3,0.140076,710.2,19.6,0.46488849
42,3890.8,6,-0.2,0.1634136,710.2,19.6,0.46488849
47,3890.7,5,-0.1,0.1828629,710.2,19.6,0.46488849
43,3891,-4,0.3,0.167313,710.2,19.6,0.46488849
40,3891.3,-3,0.3,0.155652,710.2,19.6,0.46488849
41,3891.3,1,0,0.1595433,710.2,19.6,0.46488849
37,3891.6,-4,0.3,0.1439892,710.2,19.6,0.46488849
46,3891.3,9,-0.3,0.1789998,710.2,19.6,0.46488849
39,3891.7,-7,0.4,0.1517763,710.2,19.6,0.46488849
38,3891.8,-1,0.1,0.1478884,710.3,19.6,0.46481314
40,3891.8,2,0,0.155672,710.3,19.6,0.46481314
39,3891.9,-1,0.1,0.1517841,710.3,19.6,0.46481314
43,3891.8,4,-0.1,0.1673474,710.3,19.6,0.46481314
45,3891.8,2,0,0.175131,710.3,19.6,0.46481314
39,3892.2,-6,0.4,0.1517958,710.3,19.6,0.46481314
41,3892.2,2,0,0.1595802,710.3,19.6,0.46481314
42,3892.2,1,0,0.1634724,710.3,19.6,0.46481314
36,3892.6,-6,0.4,0.1401336,710.3,19.6,0.46481314
44,3892.3,8,-0.3,0.1712612,710.4,19.6,0.46473779
42,3892.5,-2,0.2,0.163485,710.4,19.6,0.46473779
41,3892.6,-1,0.1,0.1595966,710.4,19.6,0.46473779
40,3892.7,-1,0.1,0.155708,710.4,19.6,0.46473779
39,3892.8,-1,0.1,0.1518192,710.4,19.6,0.46473779
41,3892.8,2,0,0.1596048,710.4,19.6,0.46473779
39,3892.9,-2,0.1,0.1518231,710.4,19.6,0.46473779
41,3893,2,0.1,0.159613,710.4,19.6,0.46473779
38,3893.1,-3,0.1,0.1479378,710.4,19.6,0.46473779
39,3893.2,1,0.1,0.1518348,710.5,19.6,0.46466245
42,3893.1,3,-0.1,0.1635102,710.5,19.6,0.46466245
47,3892.9,5,-0.2,0.1829663,710.5,19.6,0.46466245
44,3893.1,-3,0.2,0.1712964,710.5,19.6,0.46466245
43,3893.2,-1,0.1,0.1674076,710.5,19.6,0.46466245
41,3893.3,-2,0.1,0.1596253,710.5,19.6,0.46466245
40,3893.4,-1,0.1,0.155736,710.5,19.6,0.46466245
38,3893.6,-2,0.2,0.1479568,710.5,19.6,0.46466245
41,3893.5,3,-0.1,0.1596335,710.6,19.6,0.4645871
39,3893.7,-2,0.2,0.1518543,710.6,19.6,0.4645871
38,3893.8,-1,0.1,0.1479644,710.6,19.6,0.4645871
41,3893.7,3,-0.1,0.1596417,710.6,19.6,0.4645871
38,3893.9,-3,0.2,0.1479682,710.6,19.6,0.4645871
45,3893.6,7,-0.3,0.175212,710.6,19.6,0.4645871
47,3893.5,2,-0.1,0.1829945,710.6,19.6,0.4645871
1304.9,3833.6,1257.9,-59.9,5.0024646,710.9,19.6,0.46436106
2574.9,3770.5,1270,-63.1,9.7086604,711.7,19.6,0.46375829
2572,3766.2,-2.9,-4.3,9.6866664,712.4,19.6,0.46323086
2571.9,3762.5,-0.1,-3.7,9.6767738,713.1,19.6,0.46270344
2576,3759.1,4.1,-3.4,9.6834416,713.8,19.6,0.46217601
621.1,3849.2,-1954.9,90.1,2.3907381,714,19.6,0.46202532
621,3850.3,-0.1,1.1,2.3910363,714.2,19.6,0.46187462
616,3851.1,-5,0.8,2.3722776,714.3,19.6,0.46179928
399.1,3861.7,-216.9,10.6,1.5412045,714.4,19.6,0.46172393
186.1,3872.3,-213,10.6,0.72063503,714.5,19.6,0.46164858
183.1,3873.2,-3,0.9,0.70918292,714.5,19.6,0.46164858
183.1,3873.8,0,0.6,0.70929278,714.6,19.6,0.46157324
184,3874.2,0.9,0.4,0.7128528,714.6,19.6,0.46157324
181,3874.8,-3,0.6,0.7013388,714.7,19.6,0.46149789
184.1,3874.9,3.1,0.1,0.71336909,714.7,19.6,0.46149789
182,3875.3,-2.1,0.4,0.7053046,714.8,19.6,0.46142254
187,3875.3,5,0,0.7246811,714.8,19.6,0.46142254
2635.8,3758.9,2448.8,-116.4,9.9077086,715.6,19.6,0.46081977
2635,3754.2,-0.8,-4.7,9.892317,716.3,19.6,0.46029234
2636,3750.5,1,-3.7,9.886318,717,19.6,0.45976492
2636,3747.5,0,-3,9.87841,717.8,19.6,0.45916215
2632,3744.9,-4,-2.6,9.8565768,718.5,19.6,0.45863472
2635,3742.3,3,-2.6,9.8609605,719.2,19.6,0.45810729
2631,3740.1,-4,-2.2,9.8402031,720,19.6,0.45750452
2633,3737.8,2,-2.3,9.8416274,720.7,19.6,0.45697709
21,3859.9,-2612,122.1,0.0810579,720.7,19.6,0.45697709
25,3862.9,4,3,0.0965725,720.7,19.6,0.45697709
21,3865.1,-4,2.2,0.0811671,720.8,19.6,0.45690175
505.9,3843.5,484.9,-21.6,1.9444267,720.9,19.6,0.4568264
502.1,3844,-3.8,0.5,1.9300724,721,19.6,0.45675105
503,3844.3,0.9,0.3,1.9336829,721.2,19.6,0.45660036
509,3844.3,6,0,1.9567487,721.3,19.6,0.45652502
501.2,3845,-7.8,0.7,1.927114,721.4,19.6,0.45644967
504.1,3845.1,2.9,0.1,1.9383149,721.6,19.6,0.45629898
509,3845.1,4.9,0,1.9571559,721.7,19.6,0.45622363
508,3845.3,-1,0.2,1.9534124,721.9,19.6,0.45607294
246.1,3857.9,-261.9,12.6,0.94942919,721.9,19.6,0.45607294
-16,3871.7,-262.1,13.8,-0.0619472,721.9,19.6,0.45607294
-6,3872.3,10,0.6,-0.0232338,721.9,19.6,0.45607294
-9,3873.3,-3,1,-0.0348597,721.9,19.6,0.45607294
-11,3874.2,-2,0.9,-0.0426162,721.9,19.6,0.45607294
-11,3874.9,0,0.7,-0.0426239,721.9,19.6,0.45607294
-14,3875.6,-3,0.7,-0.0542584,721.9,19.6,0.45607294
-15,3876.3,-1,0.7,-0.0581445,721.9,19.6,0.45607294
-10,3876.6,5,0.3,-0.038766,721.9,19.6,0.45607294
936.9,3831.5,946.9,-45.1,3.5897323,722.2,19.6,0.4558469
935.1,3830.1,-1.8,-1.4,3.5815265,722.4,19.6,0.4556962
939,3829,3.9,-1.1,3.595431,722.7,19.6,0.45547016
2049.8,3775.2,1110.8,-53.8,7.738405,723.2,19.6,0.45509343
2049.9,3772.3,0.1,-2.9,7.7328378,723.8,19.6,0.45464135
2049.9,3770,0,-2.3,7.728123,724.4,19.6,0.45418927
2050,3767.9,0.1,-2.1,7.724195,724.9,19.6,0.45381254
2054.9,3765.9,4.9,-2,7.7385479,725.5,19.6,0.45336046
2052.9,3764.3,-2,-1.6,7.7277315,726.1,19.6,0.45290838
2048,3762.9,-4.9,-1.4,7.7064192,726.7,19.6,0.4524563
2047.9,3761.4,-0.1,-1.5,7.7029711,727.2,19.6,0.45207957
2051.9,3759.8,4,-1.6,7.7147336,727.8,19.6,0.45162749
14,3855.6,-2037.9,95.8,0.0539784,727.8,19.6,0.45162749
12,3858.4,-2,2.8,0.0463008,727.8,19.6,0.45162749
10,3860.3,-2,1.9,0.038603,727.8,19.6,0.45162749
16,3861.4,6,1.1,0.0617824,727.8,19.6,0.45162749
1274.9,3802.6,1258.9,-58.8,4.8479347,728.2,19.6,0.4513261
1278,3801,3.1,-1.6,4.857678,728.5,19.6,0.45110006
1278,3800.1,0,-0.9,4.8565278,728.9,19.6,0.45079867
1281.8,3799.1,3.8,-1,4.8696864,729.2,19.6,0.45057263
-561.9,3886.8,-1843.7,87.7,-2.1839929,729.1,19.6,0.45064798
-559,3889.7,2.9,2.9,-2.1743423,729,19.6,0.45072333
-558,3891.8,1,2.1,-2.1716244,728.8,19.6,0.45087402
-930.9,3911.4,-372.9,19.6,-3.6411223,728.5,19.6,0.45110006
-931,3913.8,-0.1,2.4,-3.6437478,728.3,19.6,0.45125075
-935.1,3916,-4.1,2.2,-3.6618516,728,19.6,0.45147679
-932,3917.8,3.1,1.8,-3.6513896,727.8,19.6,0.45162749
-934,3919.6,-2,1.8,-3.6609064,727.5,19.6,0.45185353
-927.9,3921,6.1,1.4,-3.6382959,727.3,19.6,0.45200422
-927,3922.5,0.9,1.5,-3.6361575,727,19.6,0.45223026
301.9,3864.8,1228.9,-57.7,1.1667831,727.1,19.6,0.45215491
1536.9,3804.8,1235,-60,5.8475971,727.5,19.6,0.45185353
1532,3802.1,-4.9,-2.7,5.8248172,727.9,19.6,0.45155214
1527.9,3800,-4.1,-2.1,5.80602,728.3,19.6,0.45125075
1532,3798,4.1,-2,5.818536,728.8,19.6,0.45087402
1534,3796.2,2,-1.8,5.8233708,729.2,19.6,0.45057263
1536.9,3794.6,2.9,-1.6,5.8319207,729.6,19.6,0.45027125
1538.9,3793.2,2,-1.4,5.8373555,730,19.6,0.44996986
1370.1,3800,-168.8,6.8,5.20638,730.4,19.6,0.44966847
1211,3806.7,-159.1,6.7,4.6099137,730.8,19.6,0.44936709
1211,3806.1,0,-0.6,4.6091871,731.1,19.6,0.44914105
1209,3805.7,-2,-0.4,4.6010913,731.4,19.6,0.44891501
1212,3804.9,3,-0.8,4.6115388,731.8,19.6,0.44861362
619.1,3832.5,-592.9,27.6,2.3727007,731.9,19.6,0.44853828
615,3833.3,-4.1,0.8,2.3574795,732.1,19.6,0.44838758
617.1,3833.5,2.1,0.2,2.3656529,732.3,19.6,0.44823689
616,3833.8,-1.1,0.3,2.3616208,732.5,19.6,0.4480862
619,3833.8,3,0,2.3731222,732.6,19.6,0.44801085
618.9,3833.9,-0.1,0.1,2.3728007,732.8,19.6,0.44786016
617,3834.1,-1.9,0.2,2.3656397,733,19.6,0.44770946
1311.9,3801,694.9,-33.1,4.9865319,733.3,19.6,0.44748342
1306,3800,-5.9,-1,4.9628,733.7,19.6,0.44718204
1306,3799,0,-1,4.961494,734.1,19.6,0.44688065
1307,3798.1,1,-0.9,4.9641167,734.4,19.6,0.44665461
1304,3797.4,-3,-0.7,4.9518096,734.8,19.6,0.44635322
1306,3796.6,2,-0.8,4.9583596,735.1,19.6,0.44612719
1311.9,3795.7,5.9,-0.9,4.9795788,735.5,19.6,0.4458258
2020.9,3761.2,709,-34.5,7.6010091,736.1,19.6,0.44537372
2014.9,3759.5,-6,-1.7,7.5750165,736.6,19.6,0.44499699
2013.9,3757.9,-1,-1.6,7.5680348,737.2,19.6,0.44454491
2016.9,3756.3,3,-1.6,7.5760815,737.7,19.6,0.44416817
2016.9,3755,0,-1.3,7.5734595,738.3,19.6,0.44371609
2012.9,3753.9,-4,-1.1,7.5562253,738.9,19.6,0.44326401
2020.8,3752.3,7.9,-1.6,7.5826478,739.4,19.6,0.44288728
826.2,3808.2,-1194.6,55.9,3.1463348,739.7,19.6,0.44266124
822,3809.6,-4.2,1.4,3.1314912,739.9,19.6,0.44251055
2605.8,3725.1,1783.8,-84.5,9.7068656,740.6,19.6,0.44198312
2598.9,3722.5,-6.9,-2.6,9.6744052,741.3,19.6,0.4414557
2599.9,3720.3,1,-2.2,9.672408,742.1,19.6,0.44085292
2600.9,3718.4,1,-1.9,9.6711866,742.8,19.6,0.4403255
1298.1,3778.8,-1302.8,60.4,4.9052603,743.1,19.6,0.44009946
1294,3779.8,-4.1,1,4.8910612,743.5,19.6,0.43979807
1291.9,3780.2,-2.1,0.4,4.8836404,743.9,19.6,0.43949668
1296.9,3780.1,5,-0.1,4.9024117,744.2,19.6,0.43927064
1294,3780.3,-2.9,0.2,4.8917082,744.6,19.6,0.43896926
546.1,3816,-747.9,35.7,2.0839176,744.7,19.6,0.43889391
-211.9,3854.2,-758,38.2,-0.81670498,744.7,19.6,0.43889391
-213,3856.6,-1.1,2.4,-0.8214558,744.6,19.6,0.43896926
-490.9,3871.8,-277.9,15.2,-1.9006666,744.5,19.6,0.43904461
-776.9,3887.7,-286,15.9,-3.0203541,744.3,19.6,0.4391953
-774.9,3890,2,2.3,-3.014361,744.1,19.6,0.43934599
2584.8,3731.4,3359.7,-158.6,9.6449227,744.7,19.6,0.43889391
2586,3726.9,1.2,-4.5,9.6377634,745.4,19.6,0.43836649
2584,3723.8,-2,-3.1,9.6222992,746.1,19.6,0.43783906
2579.9,3721.3,-4.1,-2.5,9.6005819,746.9,19.6,0.43723629
2587,3718.7,7.1,-2.6,9.6202769,747.6,19.6,0.43670886
47,3838,-2540,119.3,0.180386,747.7,19.6,0.43663351
53,3840.6,6,2.6,0.2035518,747.7,19.6,0.43663351
1521.9,3772.6,1468.9,-68,5.7415199,748,19.6,0.43640747
2989.9,3701.2,1468,-71.4,11.066218,748.9,19.6,0.43572936
2993.1,3697.5,3.2,-3.7,11.066987,749.7,19.6,0.43512658
2988,3695,-5.1,-2.5,11.04066,750.5,19.6,0.43452381
2995,3692.3,7,-2.7,11.058438,751.4,19.6,0.43384569
1130.2,3779.2,-1864.8,86.9,4.2712518,751.7,19.6,0.43361965
-728,3869.9,-1858.2,90.7,-2.8172872,751.5,19.6,0.43377034
-731,3874.3,-3,4.4,-2.8321133,751.3,19.6,0.43392104
-728.9,3877.5,2.1,3.2,-2.8263098,751.1,19.6,0.43407173
-731,3880.3,-2.1,2.8,-2.8364993,750.9,19.6,0.43422242
-724.9,3882.4,6.1,2.1,-2.8143518,750.7,19.6,0.43437312
-733,3884.8,-8.1,2.4,-2.8475584,750.5,19.6,0.43452381
-734.1,3886.9,-1.1,2.1,-2.8533733,750.3,19.6,0.4346745
-726,3888.2,8.1,1.3,-2.8228332,750.1,19.6,0.4348252
1090.9,3803,1816.9,-85.2,4.1486927,750.4,19.6,0.43459916
2903.8,3714.9,1812.9,-88.1,10.787327,751.2,19.6,0.43399638
2906,3710.1,2.2,-4.8,10.781551,752,19.6,0.43339361
2910,3706.4,4,-3.7,10.785624,752.8,19.6,0.43279084
2910,3703.3,0,-3.1,10.776603,753.6,19.6,0.43218807
716.1,3805.2,-2193.9,101.9,2.7249037,753.8,19.6,0.43203737
723,3806.6,6.9,1.4,2.7521718,754,19.6,0.43188668
719,3807.7,-4,1.1,2.7377363,754.2,19.6,0.43173599
721,3808.3,2,0.6,2.7457843,754.4,19.6,0.43158529
721,3808.8,0,0.5,2.7461448,754.6,19.6,0.4314346
719,3809.3,-2,0.5,2.7388867,754.8,19.6,0.43128391
721,3809.6,2,0.3,2.7467216,755,19.6,0.43113321
716,3810.2,-5,0.6,2.7281032,755.2,19.6,0.43098252
717,3810.4,1,0.2,2.7320568,755.4,19.6,0.43083183
157.2,3837.2,-559.8,26.8,0.60320784,755.5,19.6,0.43075648
-397.9,3865.5,-555.1,28.3,-1.5380824,755.4,19.6,0.43083183
-397.9,3867.5,0,2,-1.5388783,755.3,19.6,0.43090717
-405.9,3869.7,-8,2.2,-1.5707112,755.2,19.6,0.43098252
-405,3871.2,0.9,1.5,-1.567836,755,19.6,0.43113321
-401,3872.4,4,1.2,-1.5528324,754.9,19.6,0.43120856
-435,3875.2,-34,2.8,-1.685712,754.8,19.6,0.43128391
-461.9,3877.7,-26.9,2.5,-1.7911096,754.7,19.6,0.43135925
-468,3879.3,-6.1,1.6,-1.8155124,754.6,19.6,0.4314346
-464.9,3880.3,3.1,1,-1.8039515,754.4,19.6,0.43158529
-458,3881.2,6.9,0.9,-1.7775896,754.3,19.6,0.43166064
-463.8,3882.5,-5.8,1.3,-1.8007035,754.2,19.6,0.43173599
-461.9,3883.3,1.9,0.8,-1.7936963,754,19.6,0.43188668
-466,3884.5,-4.1,1.2,-1.810177,753.9,19.6,0.43196203
-461,3885.2,5,0.7,-1.7910772,753.8,19.6,0.43203737
-564.9,3891.1,-103.9,5.9,-2.1980824,753.6,19.6,0.43218807
-561,3892,3.9,0.9,-2.183412,753.5,19.6,0.43226341
-562.9,3893.1,-1.9,1.1,-2.191426,753.3,19.6,0.4324141
-562,3894,0.9,0.9,-2.188428,753.2,19.6,0.43248945
-565,3895.1,-3,1.1,-2.2007315,753,19.6,0.43264014
-562,3895.8,3,0.7,-2.1894396,752.8,19.6,0.43279084
-559,3896.5,3,0.7,-2.1781435,752.7,19.6,0.43286618
-658.9,3902.1,-99.9,5.6,-2.5710937,752.5,19.6,0.43301688
-759,3907.9,-100.1,5.8,-2.9660961,752.3,19.6,0.43316757
-758,3908.9,1,1,-2.9629462,752.1,19.6,0.43331826
-754,3909.8,4,0.9,-2.9479892,751.9,19.6,0.43346896
-752.1,3910.7,1.9,0.9,-2.9412375,751.7,19.6,0.43361965
-755,3911.8,-2.9,1.1,-2.953409,751.5,19.6,0.43377034
-751.9,3912.5,3.1,0.7,-2.9418088,751.3,19.6,0.43392104
-760,3913.8,-8.1,1.3,-2.974488,751,19.6,0.43414708
-755.9,3914.5,4.1,0.7,-2.9589706,750.8,19.6,0.43429777
-74,3883,681.9,-31.5,-0.287342,750.8,19.6,0.43429777
622.9,3848.9,696.9,-34.1,2.3974798,751,19.6,0.43414708
621,3847.4,-1.9,-1.5,2.3892354,751.1,19.6,0.43407173
2562.8,3754.3,1941.8,-93.1,9.62152,751.8,19.6,0.4335443
2563,3749.6,0.2,-4.7,9.6102248,752.6,19.6,0.43294153
2564.9,3746,1.9,-3.6,9.6081154,753.3,19.6,0.4324141
2560,3743,-4.9,-3,9.58208,754,19.6,0.43188668
2564.9,3739.9,4.9,-3.1,9.5924695,754.7,19.6,0.43135925
1303.2,3797,-1261.7,57.1,4.9482504,755,19.6,0.43113321
29,3857.3,-1274.2,60.3,0.1118617,755.1,19.6,0.43105787
34,3859,5,1.7,0.131206,755.1,19.6,0.43105787
29,3860.5,-5,1.5,0.1119545,755.1,19.6,0.43105787
32,3861.4,3,0.9,0.1235648,755.1,19.6,0.43105787
27,3862.4,-5,1,0.1042848,755.1,19.6,0.43105787
27,3863.1,0,0.7,0.1043037,755.1,19.6,0.43105787
724,3830.7,697,-32.4,2.7734268,755.3,19.6,0.43090717
1403.9,3797.6,679.9,-33.1,5.3314506,755.7,19.6,0.43060579
1411.9,3795.4,8,-2.2,5.3587253,756.1,19.6,0.4303044
1409.1,3794.1,-2.8,-1.3,5.3462663,756.5,19.6,0.43000301
1415,3792.5,5.9,-1.6,5.3663875,756.9,19.6,0.42970163
1408,3791.8,-7,-0.7,5.3388544,757.3,19.6,0.42940024
1409,3790.6,1,-1.2,5.3409554,757.6,19.6,0.4291742
666.1,3824.8,-742.9,34.2,2.5476993,757.8,19.6,0.42902351
-82,3861.4,-748.1,36.6,-0.3166348,757.8,19.6,0.42902351
-85,3863.2,-3,1.8,-0.328372,757.8,19.6,0.42902351
-87,3864.5,-2,1.3,-0.3362115,757.8,19.6,0.42902351
-83,3865.2,4,0.7,-0.3208116,757.8,19.6,0.42902351
-86,3866.3,-3,1.1,-0.3325018,757.7,19.6,0.42909885
-80,3866.7,6,0.4,-0.309336,757.7,19.6,0.42909885
1302.9,3801.4,1382.9,-65.3,4.9528441,758,19.6,0.42887281
1303,3799.2,0.1,-2.2,4.9503576,758.4,19.6,0.42857143
1145.1,3805.3,-157.9,6.1,4.357449,758.7,19.6,0.42834539
1143.1,3804.5,-2,-0.8,4.3489239,759,19.6,0.42811935
1142.1,3803.8,-1,-0.7,4.34432,759.4,19.6,0.42781796
1144,3802.9,1.9,-0.9,4.3505176,759.7,19.6,0.42759192
1141,3802.3,-3,-0.6,4.3384243,760,19.6,0.42736588
595,3827.5,-546,25.2,2.2773625,760.2,19.6,0.42721519
43,3854.1,-552,26.6,0.1657263,760.2,19.6,0.42721519
44,3855.3,1,1.2,0.1696332,760.2,19.6,0.42721519
44,3856.2,0,0.9,0.1696728,760.2,19.6,0.42721519
40,3857.2,-4,1,0.154288,760.2,19.6,0.42721519
48,3857.5,8,0.3,0.18516,760.2,19.6,0.42721519
42,3858.4,-6,0.9,0.1620528,760.3,19.6,0.42713984
47,3858.7,5,0.3,0.1813589,760.3,19.6,0.42713984
43,3859.4,-4,0.7,0.1659542,760.3,19.6,0.42713984
43,3859.9,0,0.5,0.1659757,760.3,19.6,0.42713984
43,3860.3,0,0.4,0.1659929,760.3,19.6,0.42713984
51,3860.4,8,0.1,0.1968804,760.3,19.6,0.42713984
43,3861.1,-8,0.7,0.1660273,760.3,19.6,0.42713984
42,3861.6,-1,0.5,0.1621872,760.3,19.6,0.42713984
43,3861.9,1,0.3,0.1660617,760.4,19.6,0.4270645
47,3862.1,4,0.2,0.1815187,760.4,19.6,0.4270645
39,3862.8,-8,0.7,0.1506492,760.4,19.6,0.4270645
45,3862.8,6,0,0.173826,760.4,19.6,0.4270645
36,3863.6,-9,0.8,0.1390896,760.4,19.6,0.4270645
48,3863.4,12,-0.2,0.1854432,760.4,19.6,0.4270645
43,3863.9,-5,0.5,0.1661477,760.4,19.6,0.4270645
47,3864,4,0.1,0.181608,760.4,19.6,0.4270645
41,3864.6,-6,0.6,0.1584486,760.5,19.6,0.42698915
42,3864.8,1,0.2,0.1623216,760.5,19.6,0.42698915
45,3864.9,3,0.1,0.1739205,760.5,19.6,0.42698915
43,3865.3,-2,0.4,0.1662079,760.5,19.6,0.42698915
40,3865.7,-3,0.4,0.154628,760.5,19.6,0.42698915
44,3865.8,4,0.1,0.1700952,760.5,19.6,0.42698915
44,3866,0,0.2,0.170104,760.5,19.6,0.42698915
41,3866.4,-3,0.4,0.1585224,760.5,19.6,0.42698915
34,3867,-7,0.6,0.131478,760.5,19.6,0.42698915
42,3866.8,8,-0.2,0.1624056,760.6,19.6,0.4269138
43,3867,1,0.2,0.166281,760.6,19.6,0.4269138
41,3867.3,-2,0.3,0.1585593,760.6,19.6,0.4269138
37,3867.7,-4,0.4,0.1431049,760.6,19.6,0.4269138
47,3867.4,10,-0.3,0.1817678,760.6,19.6,0.4269138
38,3868,-9,0.6,0.146984,760.6,19.6,0.4269138
42,3868,4,0,0.162456,760.6,19.6,0.4269138
46,3868.1,4,0.1,0.1779326,760.6,19.6,0.4269138
46,3868.3,0,0.2,0.1779418,760.7,19.6,0.42683846
40,3868.7,-6,0.4,0.154748,760.7,19.6,0.42683846
45,3868.7,5,0,0.1740915,760.7,19.6,0.42683846
46,3868.8,1,0.1,0.1779648,760.7,19.6,0.42683846
41,3869.2,-5,0.4,0.1586372,760.7,19.6,0.42683846
41,3869.4,0,0.2,0.1586454,760.7,19.6,0.42683846
46,3869.2,5,-0.2,0.1779832,760.7,19.6,0.42683846
40,3869.7,-6,0.5,0.154788,760.7,19.6,0.42683846
41,3869.8,1,0.1,0.1586618,760.7,19.6,0.42683846
46,3869.8,5,0,0.1780108,760.8,19.6,0.42676311
42,3870.1,-4,0.3,0.1625442,760.8,19.6,0.42676311
41,3870.3,-1,0.2,0.1586823,760.8,19.6,0.42676311
47,3870.2,6,-0.1,0.1818994,760.8,19.6,0.42676311
42,3870.5,-5,0.3,0.162561,760.8,19.6,0.42676311
41,3870.8,-1,0.3,0.1587028,760.8,19.6,0.42676311
46,3870.6,5,-0.2,0.1780476,760.8,19.6,0.42676311
45,3870.8,-1,0.2,0.174186,760.8,19.6,0.42676311
42,3871.1,-3,0.3,0.1625862,760.9,19.6,0.42668776
44,3871.1,2,0,0.1703284,760.9,19.6,0.42668776
37,3871.6,-7,0.5,0.1432492,760.9,19.6,0.42668776
37,3871.7,0,0.1,0.1432529,760.9,19.6,0.42668776
44,3871.5,7,-0.2,0.170346,760.9,19.6,0.42668776
47,3871.5,3,0,0.1819605,760.9,19.6,0.42668776
45,3871.6,-2,0.1,0.174222,760.9,19.6,0.42668776
44,3871.9,-1,0.3,0.1703636,760.9,19.6,0.42668776
40,3872.1,-4,0.2,0.154884,761,19.6,0.42661242
41,3872.2,1,0.1,0.1587602,761,19.6,0.42661242
40,3872.4,-1,0.2,0.154896,761,19.6,0.42661242
41,3872.5,1,0.1,0.1587725,761,19.6,0.42661242
42,3872.6,1,0.1,0.1626492,761,19.6,0.42661242
42,3872.6,0,0,0.1626492,761,19.6,0.42661242
40,3872.8,-2,0.2,0.154912,761,19.6,0.42661242
39,3873,-1,0.2,0.151047,761,19.6,0.42661242
45,3872.8,6,-0.2,0.174276,761,19.6,0.42661242
39,3873.2,-6,0.4,0.1510548,761.1,19.6,0.42653707
45,3873,6,-0.2,0.174285,761.1,19.6,0.42653707
41,3873.3,-4,0.3,0.1588053,761.1,19.6,0.42653707
36,3873.6,-5,0.3,0.1394496,761.1,19.6,0.42653707
34,3873.8,-2,0.2,0.1317092,761.1,19.6,0.42653707
42,3873.5,8,-0.3,0.162687,761.1,19.6,0.42653707
47,3873.4,5,-0.1,0.1820498,761.1,19.6,0.42653707
40,3873.8,-7,0.4,0.154952,761.1,19.6,0.42653707
44,3873.7,4,-0.1,0.1704428,761.1,19.6,0.42653707
43,3873.8,-1,0.1,0.1665734,761.2,19.6,0.42646172
39,3874.1,-4,0.3,0.1510899,761.2,19.6,0.42646172
42,3874,3,-0.1,0.162708,761.2,19.6,0.42646172
38,3874.3,-4,0.3,0.1472234,761.2,19.6,0.42646172
44,3874.1,6,-0.2,0.1704604,761.2,19.6,0.42646172
47,3874,3,-0.1,0.182078,761.2,19.6,0.42646172
42,3874.4,-5,0.4,0.1627248,761.2,19.6,0.42646172
46,3874.3,4,-0.1,0.1782178,761.2,19.6,0.42646172
39,3874.7,-7,0.4,0.1511133,761.2,19.6,0.42646172
36,3874.9,-3,0.2,0.1394964,761.3,19.6,0.42638638
49,3874.3,13,-0.6,0.1898407,761.3,19.6,0.42638638
37,3875,-12,0.7,0.143375,761.3,19.6,0.42638638
43,3874.8,6,-0.2,0.1666164,761.3,19.6,0.42638638
44,3874.8,1,0,0.1704912,761.3,19.6,0.42638638
48,3874.7,4,-0.1,0.1859856,761.3,19.6,0.42638638
47,3874.8,-1,0.1,0.1821156,761.3,19.6,0.42638638
43,3875.1,-4,0.3,0.1666293,761.3,19.6,0.42638638
44,3875.1,1,0,0.1705044,761.4,19.6,0.42631103
41,3875.3,-3,0.2,0.1588873,761.4,19.6,0.42631103
43,3875.3,2,0,0.1666379,761.4,19.6,0.42631103
46,3875.2,3,-0.1,0.1782592,761.4,19.6,0.42631103
43,3875.4,-3,0.2,0.1666422,761.4,19.6,0.42631103
42,3875.5,-1,0.1,0.162771,761.4,19.6,0.42631103
42,3875.6,0,0.1,0.1627752,761.4,19.6,0.42631103
42,3875.7,0,0.1,0.1627794,761.4,19.6,0.42631103
42,3875.7,0,0,0.1627794,761.5,19.6,0.42623568
43,3875.8,1,0.1,0.1666594,761.5,19.6,0.42623568
44,3875.8,1,0,0.1705352,761.5,19.6,0.42623568
45,3875.7,1,-0.1,0.1744065,761.5,19.6,0.42623568
46,3875.8,1,0.1,0.1782868,761.5,19.6,0.42623568
39,3876.1,-7,0.3,0.1511679,761.5,19.6,0.42623568
43,3876,4,-0.1,0.166668,761.5,19.6,0.42623568
41,3876.2,-2,0.2,0.1589242,761.5,19.6,0.42623568
43,3876.1,2,-0.1,0.1666723,761.5,19.6,0.42623568
51,3875.8,8,-0.3,0.1976658,761.6,19.6,0.42616034
41,3876.3,-10,0.5,0.1589283,761.6,19.6,0.42616034
44,3876.2,3,-0.1,0.1705528,761.6,19.6,0.42616034
45,3876.2,1,0,0.174429,761.6,19.6,0.42616034
40,3876.6,-5,0.4,0.155064,761.6,19.6,0.42616034
48,3876.2,8,-0.4,0.1860576,761.6,19.6,0.42616034
45,3876.4,-3,0.2,0.174438,761.6,19.6,0.42616034
44,3876.5,-1,0.1,0.170566,761.6,19.6,0.42616034
44,3876.6,0,0.1,0.1705704,761.7,19.6,0.42608499
43,3876.7,-1,0.1,0.1666981,761.7,19.6,0.42608499
41,3876.8,-2,0.1,0.1589488,761.7,19.6,0.42608499
40,3876.9,-1,0.1,0.155076,761.7,19.6,0.42608499
40,3876.9,0,0,0.155076,761.7,19.6,0.42608499
43,3876.9,3,0,0.1667067,761.7,19.6,0.42608499
47,3876.7,4,-0.2,0.1822049,761.7,19.6,0.42608499
43,3877,-4,0.3,0.166711,761.7,19.6,0.42608499
40,3877.1,-3,0.1,0.155084,761.8,19.6,0.42600964
41,3877.1,1,0,0.1589611,761.8,19.6,0.42600964
38,3877.3,-3,0.2,0.1473374,761.8,19.6,0.42600964
42,3877.2,4,-0.1,0.1628424,761.8,19.6,0.42600964
42,3877.2,0,0,0.1628424,761.8,19.6,0.42600964
40,3877.4,-2,0.2,0.155096,761.8,19.6,0.42600964
527,3854.3,487,-23.1,2.0312161,761.9,19.6,0.4259343
525,3853.5,-2,-0.8,2.0230875,762.1,19.6,0.4257836
1050,3827.8,525,-25.7,4.01919,762.4,19.6,0.42555756
1575.9,3801.2,525.9,-26.6,5.9903111,762.8,19.6,0.42525618
1579.9,3798.7,4,-2.5,6.0015661,763.3,19.6,0.42487945
1582.9,3796.6,3,-2.1,6.0096381,763.7,19.6,0.42457806
-280.9,3884.1,-1863.8,87.5,-1.0910437,763.6,19.6,0.42465341
-281,3886.2,-0.1,2.1,-1.0920222,763.6,19.6,0.42465341
-100,3878.8,181,-7.4,-0.38788,763.5,19.6,0.42472875
-97,3879.3,3,0.5,-0.3762921,763.5,19.6,0.42472875
-94,3879.7,3,0.4,-0.3646918,763.5,19.6,0.42472875
-99,3880.5,-5,0.8,-0.3841695,763.4,19.6,0.4248041
-102.1,3881,-3.1,0.5,-0.3962501,763.4,19.6,0.4248041
-101,3881.4,1.1,0.4,-0.3920214,763.4,19.6,0.4248041
-99,3881.6,2,0.2,-0.3842784,763.4,19.6,0.4248041
-103.1,3882.2,-4.1,0.6,-0.40025482,763.3,19.6,0.42487945
-96,3882.2,7.1,0,-0.3726912,763.3,19.6,0.42487945
247.1,3865.5,343.1,-16.7,0.95516505,763.4,19.6,0.4248041
592.9,3848.6,345.8,-16.9,2.2818349,763.5,19.6,0.42472875
598,3847.4,5.1,-1.2,2.3007452,763.7,19.6,0.42457806
593,3847,-5,-0.4,2.281271,763.9,19.6,0.42442737
588.1,3846.5,-4.9,-0.5,2.2621266,764,19.6,0.42435202
586.9,3846.1,-1.2,-0.4,2.2572761,764.2,19.6,0.42420133
820,3834.4,233.1,-11.7,3.144208,764.4,19.6,0.42405063
817,3833.8,-3,-0.6,3.1322146,764.6,19.6,0.42389994
816,3833,-1,-0.8,3.127728,764.9,19.6,0.4236739
820.1,3832.1,4.1,-0.9,3.1427052,765.1,19.6,0.42352321
821.1,3831.4,1,-0.7,3.1459625,765.3,19.6,0.42337251
818,3831,-3.1,-0.4,3.133758,765.6,19.6,0.42314647
821.1,3830.2,3.1,-0.8,3.1449772,765.8,19.6,0.42299578
815,3829.9,-6.1,-0.3,3.1213685,766,19.6,0.42284509
820,3829.2,5,-0.7,3.139944,766.2,19.6,0.42269439
817,3828.8,-3,-0.4,3.1281296,766.5,19.6,0.42246835
811,3828.6,-6,-0.2,3.1049946,766.7,19.6,0.42231766
812,3828.1,1,-0.5,3.1084172,766.9,19.6,0.42216697
2759.9,3734.9,1947.9,-93.2,10.307951,767.7,19.6,0.4215642
2758.1,3730.9,-1.8,-4,10.290195,768.4,19.6,0.42103677
2760,3727.5,1.9,-3.4,10.2879,769.2,19.6,0.420434
2758,3724.7,-2,-2.8,10.272723,770,19.6,0.41983122
2764,3721.8,6,-2.9,10.287055,770.7,19.6,0.4193038
2766,3719.2,2,-2.6,10.287307,771.5,19.6,0.41870102
1989,3753.8,-777,34.6,7.4663082,772.1,19.6,0.41824895
1987.9,3753.2,-1.1,-0.6,7.4609863,772.6,19.6,0.41787221
1991.9,3752,4,-1.2,7.4736088,773.2,19.6,0.41742013
1984.9,3751.3,-7,-0.7,7.4459554,773.7,19.6,0.4170434
1986.9,3750,2,-1.3,7.450875,774.3,19.6,0.41659132
1991,3748.8,4.1,-1.2,7.4638608,774.8,19.6,0.41621459
1991,3747.7,0,-1.1,7.4616707,775.4,19.6,0.41576251
1993,3746.6,2,-1.1,7.4669738,775.9,19.6,0.41538577
1987.9,3745.8,-5.1,-0.8,7.4462758,776.5,19.6,0.41493369
1986.9,3744.8,-1,-1,7.4405431,777,19.6,0.41455696
1151.1,3783.8,-835.8,39,4.3555322,777.4,19.6,0.41425558
1152,3784.3,0.9,0.5,4.3595136,777.7,19.6,0.41402954
1150,3784.6,-2,0.3,4.35229,778,19.6,0.4138035
1149.1,3784.8,-0.9,0.2,4.3491137,778.3,19.6,0.41357746
1152.1,3784.7,3,-0.1,4.3603529,778.6,19.6,0.41335142
349.2,3823,-802.9,38.3,1.3349916,778.7,19.6,0.41327607
-445.9,3863.1,-795.1,40.1,-1.7225563,778.6,19.6,0.41335142
-447,3865.6,-1.1,2.5,-1.7279232,778.5,19.6,0.41342676
-446.9,3867.7,0.1,2.1,-1.7284751,778.4,19.6,0.41350211
-444,3869.4,2.9,1.7,-1.7180136,778.3,19.6,0.41357746
-449,3871.2,-5,1.8,-1.7381688,778.1,19.6,0.41372815
1095.9,3798.4,1544.9,-72.8,4.1626666,778.4,19.6,0.41350211
1084.1,3797.4,-11.8,-1,4.1167613,778.7,19.6,0.41327607
205.2,3838.4,-878.9,41,0.78763968,778.8,19.6,0.41320072
203.1,3839.4,-2.1,1,0.77978214,778.8,19.6,0.41320072
206,3839.9,2.9,0.5,0.7910194,778.9,19.6,0.41312538
204.1,3840.6,-1.9,0.7,0.78386646,778.9,19.6,0.41312538
209.1,3840.9,5,0.3,0.80313219,779,19.6,0.41305003
202.1,3841.7,-7,0.8,0.77640757,779,19.6,0.41305003
207,3842,4.9,0.3,0.795294,779.1,19.6,0.41297468
205,3842.4,-2,0.4,0.787692,779.2,19.6,0.41289934
203,3843,-2,0.6,0.780129,779.2,19.6,0.41289934
205,3843.3,2,0.3,0.7878765,779.3,19.6,0.41282399
-683.9,3886.7,-888.9,43.4,-2.6581141,779.1,19.6,0.41297468
-684.9,3888.7,-1,2,-2.6633706,778.9,19.6,0.41312538
-679.9,3890.2,5,1.5,-2.644947,778.7,19.6,0.41327607
-684.9,3891.8,-5,1.6,-2.6654938,778.6,19.6,0.41335142
-683,3893.1,1.9,1.3,-2.6589873,778.4,19.6,0.41350211
423,3841,1106,-52.1,1.624743,778.5,19.6,0.41342676
422.1,3840.2,-0.9,-0.8,1.6209484,778.6,19.6,0.41335142
417,3839.9,-5.1,-0.3,1.6012383,778.7,19.6,0.41327607
1146,3804.8,729,-35.1,4.3603008,779,19.6,0.41305003
1145,3803.3,-1,-1.5,4.3547785,779.3,19.6,0.41282399
1147,3801.9,2,-1.4,4.3607793,779.6,19.6,0.41259795
1146,3801,-1,-0.9,4.355946,780,19.6,0.41229656
2075.7,3755.7,929.7,-45.3,7.7957065,780.5,19.6,0.41191983
2068,3753.4,-7.7,-2.3,7.7620312,781.1,19.6,0.41146775
2072.9,3751,4.9,-2.4,7.7754479,781.7,19.6,0.41101567
2074.9,3749,2,-2,7.7788001,782.3,19.6,0.41056359
2072.9,3747.3,-2,-1.7,7.7677782,782.8,19.6,0.41018686
2075.9,3745.6,3,-1.7,7.775491,783.4,19.6,0.40973478
2066.1,3744.5,-9.8,-1.1,7.7365115,784,19.6,0.4092827
2066.9,3743,0.8,-1.5,7.7364067,784.6,19.6,0.40883062
1625,3762.8,-441.9,19.8,6.11455,785,19.6,0.40852923
1622.9,3762.3,-2.1,-0.5,6.1058367,785.5,19.6,0.4081525
1621,3761.8,-1.9,-0.5,6.0978778,785.9,19.6,0.40785112
1616,3761.4,-5,-0.4,6.0784224,786.4,19.6,0.40747438
-398,3857.5,-2014,96.1,-1.535285,786.3,19.6,0.40754973
-400,3860.8,-2,3.3,-1.54432,786.2,19.6,0.40762508
-400,3863,0,2.2,-1.5452,786.1,19.6,0.40770042
-404,3865.2,-4,2.2,-1.5615408,785.9,19.6,0.40785112
-393,3866.2,11,1,-1.5194166,785.8,19.6,0.40792646
-403.9,3868.2,-10.9,2,-1.562366,785.7,19.6,0.40800181
-398,3869.3,5.9,1.1,-1.5399814,785.6,19.6,0.40807715
-398,3870.5,0,1.2,-1.540459,785.5,19.6,0.4081525
-400.9,3871.8,-2.9,1.3,-1.5522046,785.4,19.6,0.40822785
-402.9,3873,-2,1.2,-1.5604317,785.3,19.6,0.40830319
704.9,3820.6,1107.8,-52.4,2.6931409,785.4,19.6,0.40822785
1811.9,3766.7,1107,-53.9,6.8248837,785.9,19.6,0.40785112
1809.9,3764,-2,-2.7,6.8124636,786.5,19.6,0.40739904
1816,3761.6,6.1,-2.4,6.8310656,787,19.6,0.4070223
183.2,3837.7,-1632.8,76.1,0.70306664,787,19.6,0.4070223
185.1,3839.1,1.9,1.4,0.71061741,787.1,19.6,0.40694696
188,3839.9,2.9,0.8,0.7219012,787.1,19.6,0.40694696
189,3840.5,1,0.6,0.7258545,787.2,19.6,0.40687161
331.1,3834.3,142.1,-6.2,1.2695367,787.3,19.6,0.40679626
333.1,3834.5,2,0.2,1.277272,787.3,19.6,0.40679626
332.1,3834.8,-1,0.3,1.2735371,787.4,19.6,0.40672092
329.1,3835.2,-3,0.4,1.2621643,787.5,19.6,0.40664557
169.1,3843.1,-160,7.9,0.64986821,787.6,19.6,0.40657022
15,3850.9,-154.1,7.8,0.0577635,787.6,19.6,0.40657022
18,3851.5,3,0.6,0.069327,787.6,19.6,0.40657022
12,3852.4,-6,0.9,0.0462288,787.6,19.6,0.40657022
17,3852.7,5,0.3,0.0654959,787.6,19.6,0.40657022
17,3853.3,0,0.6,0.0655061,787.6,19.6,0.40657022
21,3853.6,4,0.3,0.0809256,787.6,19.6,0.40657022
12,3854.5,-9,0.9,0.046254,787.6,19.6,0.40657022
18,3854.6,6,0.1,0.0693828,787.6,19.6,0.40657022
17,3855.2,-1,0.6,0.0655384,787.6,19.6,0.40657022
13,3855.7,-4,0.5,0.0501241,787.6,19.6,0.40657022
13,3856.2,0,0.5,0.0501306,787.6,19.6,0.40657022
14,3856.5,1,0.3,0.053991,787.6,19.6,0.40657022
19,3856.6,5,0.1,0.0732754,787.7,19.6,0.40649488
17,3857.1,-2,0.5,0.0655707,787.7,19.6,0.40649488
16,3857.5,-1,0.4,0.06172,787.7,19.6,0.40649488
21,3857.6,5,0.1,0.0810096,787.7,19.6,0.40649488
12,3858.3,-9,0.7,0.0462996,787.7,19.6,0.40649488
18,3858.4,6,0.1,0.0694512,787.7,19.6,0.40649488
14,3858.8,-4,0.4,0.0540232,787.7,19.6,0.40649488
18,3859,4,0.2,0.069462,787.7,19.6,0.40649488
16,3859.4,-2,0.4,0.0617504,787.7,19.6,0.40649488
17,3859.6,1,0.2,0.0656132,787.7,19.6,0.40649488
20,3859.7,3,0.1,0.077194,787.7,19.6,0.40649488
19,3860,-1,0.3,0.07334,787.7,19.6,0.40649488
11,3860.7,-8,0.7,0.0424677,787.7,19.6,0.40649488
19,3860.6,8,-0.1,0.0733514,787.7,19.6,0.40649488
18,3860.9,-1,0.3,0.0694962,787.7,19.6,0.40649488
18,3861.1,0,0.2,0.0694998,787.7,19.6,0.40649488
15,3861.5,-3,0.4,0.0579225,787.7,19.6,0.40649488
16,3861.8,1,0.3,0.0617888,787.7,19.6,0.40649488
21,3861.7,5,-0.1,0.0810957,787.7,19.6,0.40649488
12,3862.4,-9,0.7,0.0463488,787.7,19.6,0.40649488
15,3862.4,3,0,0.057936,787.7,19.6,0.40649488
15,3862.7,0,0.3,0.0579405,787.8,19.6,0.40641953
13,3863,-2,0.3,0.050219,787.8,19.6,0.40641953
17,3863,4,0,0.065671,787.8,19.6,0.40641953
14,3863.4,-3,0.4,0.0540876,787.8,19.6,0.40641953
17,3863.4,3,0,0.0656778,787.8,19.6,0.40641953
15,3863.7,-2,0.3,0.0579555,787.8,19.6,0.40641953
14,3864,-1,0.3,0.054096,787.8,19.6,0.40641953
14,3864.1,0,0.1,0.0540974,787.8,19.6,0.40641953
10,3864.5,-4,0.4,0.038645,787.8,19.6,0.40641953
22,3864.1,12,-0.4,0.0850102,787.8,19.6,0.40641953
18,3864.5,-4,0.4,0.069561,787.8,19.6,0.40641953
15,3864.8,-3,0.3,0.057972,787.8,19.6,0.40641953
16,3864.9,1,0.1,0.0618384,787.8,19.6,0.40641953
16,3865.1,0,0.2,0.0618416,787.8,19.6,0.40641953
23,3864.9,7,-0.2,0.0888927,787.8,19.6,0.40641953
19,3865.3,-4,0.4,0.0734407,787.8,19.6,0.40641953
17,3865.5,-2,0.2,0.0657135,787.8,19.6,0.40641953
19,3865.5,2,0,0.0734445,787.8,19.6,0.40641953
16,3865.9,-3,0.4,0.0618544,787.8,19.6,0.40641953
14,3866.2,-2,0.3,0.0541268,787.8,19.6,0.40641953
9,3866.5,-5,0.3,0.0347985,787.8,19.6,0.40641953
16,3866.3,7,-0.2,0.0618608,787.8,19.6,0.40641953
15,3866.5,-1,0.2,0.0579975,787.8,19.6,0.40641953
13,3866.8,-2,0.3,0.0502684,787.9,19.6,0.40634418
16,3866.7,3,-0.1,0.0618672,787.9,19.6,0.40634418
15,3866.9,-1,0.2,0.0580035,787.9,19.6,0.40634418
13,3867.1,-2,0.2,0.0502723,787.9,19.6,0.40634418
19,3867,6,-0.1,0.073473,787.9,19.6,0.40634418
14,3867.4,-5,0.4,0.0541436,787.9,19.6,0.40634418
13,3867.6,-1,0.2,0.0502788,787.9,19.6,0.40634418
17,3867.5,4,-0.1,0.0657475,787.9,19.6,0.40634418
13,3867.8,-4,0.3,0.0502814,787.9,19.6,0.40634418
14,3867.9,1,0.1,0.0541506,787.9,19.6,0.40634418
21,3867.7,7,-0.2,0.0812217,787.9,19.6,0.40634418
12,3868.2,-9,0.5,0.0464184,787.9,19.6,0.40634418
17,3868.1,5,-0.1,0.0657577,787.9,19.6,0.40634418
20,3868.1,3,0,0.077362,787.9,19.6,0.40634418
21,3868.1,1,0,0.0812301,787.9,19.6,0.40634418
18,3868.4,-3,0.3,0.0696312,787.9,19.6,0.40634418
10,3868.9,-8,0.5,0.038689,787.9,19.6,0.40634418
21,3868.5,11,-0.4,0.0812385,787.9,19.6,0.40634418
15,3868.9,-6,0.4,0.0580335,787.9,19.6,0.40634418
18,3868.8,3,-0.1,0.0696384,787.9,19.6,0.40634418
14,3869.1,-4,0.3,0.0541674,787.9,19.6,0.40634418
15,3869.2,1,0.1,0.058038,787.9,19.6,0.40634418
15,3869.3,0,0.1,0.0580395,787.9,19.6,0.40634418
16,3869.3,1,0,0.0619088,788,19.6,0.40626884
19,3869.3,3,0,0.0735167,788,19.6,0.40626884
14,3869.6,-5,0.3,0.0541744,788,19.6,0.40626884
15,3869.6,1,0,0.058044,788,19.6,0.40626884
18,3869.6,3,0,0.0696528,788,19.6,0.40626884
15,3869.8,-3,0.2,0.058047,788,19.6,0.40626884
11,3870.1,-4,0.3,0.0425711,788,19.6,0.40626884
21,3869.7,10,-0.4,0.0812637,788,19.6,0.40626884
16,3870,-5,0.3,0.06192,788,19.6,0.40626884
18,3870,2,0,0.06966,788,19.6,0.40626884
16,3870.2,-2,0.2,0.0619232,788,19.6,0.40626884
11,3870.5,-5,0.3,0.0425755,788,19.6,0.40626884
13,3870.5,2,0,0.0503165,788,19.6,0.40626884
17,3870.4,4,-0.1,0.0657968,788,19.6,0.40626884
16,3870.6,-1,0.2,0.0619296,788,19.6,0.40626884
15,3870.7,-1,0.1,0.0580605,788,19.6,0.40626884
16,3870.7,1,0,0.0619312,788,19.6,0.40626884
16,3870.8,0,0.1,0.0619328,788,19.6,0.40626884
13,3871,-3,0.2,0.050323,788,19.6,0.40626884
20,3870.8,7,-0.2,0.077416,788,19.6,0.40626884
16,3871,-4,0.2,0.061936,788,19.6,0.40626884
17,3871.1,1,0.1,0.0658087,788,19.6,0.40626884
23,3870.9,6,-0.2,0.0890307,788.1,19.6,0.40619349
20,3871,-3,0.1,0.07742,788.1,19.6,0.40619349
18,3871.2,-2,0.2,0.0696816,788.1,19.6,0.40619349
16,3871.4,-2,0.2,0.0619424,788.1,19.6,0.40619349
18,3871.3,2,-0.1,0.0696834,788.1,19.6,0.40619349
17,3871.5,-1,0.2,0.0658155,788.1,19.6,0.40619349
17,3871.5,0,0,0.0658155,788.1,19.6,0.40619349
18,3871.6,1,0.1,0.0696888,788.1,19.6,0.40619349
16,3871.7,-2,0.1,0.0619472,788.1,19.6,0.40619349
15,3871.9,-1,0.2,0.0580785,788.1,19.6,0.40619349
18,3871.8,3,-0.1,0.0696924,788.1,19.6,0.40619349
12,3872.1,-6,0.3,0.0464652,788.1,19.6,0.40619349
18,3871.9,6,-0.2,0.0696942,788.1,19.6,0.40619349
18,3872,0,0.1,0.069696,788.1,19.6,0.40619349
14,3872.2,-4,0.2,0.0542108,788.1,19.6,0.40619349
15,3872.2,1,0,0.058083,788.1,19.6,0.40619349
21,3872,6,-0.2,0.081312,788.1,19.6,0.40619349
19,3872.2,-2,0.2,0.0735718,788.1,19.6,0.40619349
17,3872.3,-2,0.1,0.0658291,788.1,19.6,0.40619349
21,3872.2,4,-0.1,0.0813162,788.1,19.6,0.40619349
21,3872.2,0,0,0.0813162,788.1,19.6,0.40619349
22,3872.2,1,0,0.0851884,788.2,19.6,0.40611814
18,3872.5,-4,0.3,0.069705,788.2,19.6,0.40611814
21,3872.4,3,-0.1,0.0813204,788.2,19.6,0.40611814
27,3872.2,6,-0.2,0.1045494,788.2,19.6,0.40611814
29,3872.1,2,-0.1,0.1122909,788.2,19.6,0.40611814
28,3872.2,-1,0.1,0.1084216,788.2,19.6,0.40611814
29,3872.2,1,0,0.1122938,788.2,19.6,0.40611814
22,3872.6,-7,0.4,0.0851972,788.2,19.6,0.40611814
28,3872.3,6,-0.3,0.1084244,788.2,19.6,0.40611814
26,3872.4,-2,0.1,0.1006824,788.2,19.6,0.40611814
26,3872.5,0,0.1,0.100685,788.2,19.6,0.40611814
26,3872.6,0,0.1,0.1006876,788.2,19.6,0.40611814
36,3872.1,10,-0.5,0.1393956,788.2,19.6,0.40611814
24,3872.7,-12,0.6,0.0929448,788.2,19.6,0.40611814
26,3872.7,2,0,0.1006902,788.3,19.6,0.4060428
24,3872.8,-2,0.1,0.0929472,788.3,19.6,0.4060428
26,3872.7,2,-0.1,0.1006902,788.3,19.6,0.4060428
25,3872.9,-1,0.2,0.0968225,788.3,19.6,0.4060428
29,3872.7,4,-0.2,0.1123083,788.3,19.6,0.4060428
32,3872.6,3,-0.1,0.1239232,788.3,19.6,0.4060428
23,3873,-9,0.4,0.089079,788.3,19.6,0.4060428
22,3873.2,-1,0.2,0.0852104,788.3,19.6,0.4060428
26,3873.1,4,-0.1,0.1007006,788.3,19.6,0.4060428
24,3873.1,-2,0,0.0929544,788.3,19.6,0.4060428
29,3873,5,-0.1,0.112317,788.3,19.6,0.4060428
27,3873.1,-2,0.1,0.1045737,788.3,19.6,0.4060428
28,3873.1,1,0,0.1084468,788.3,19.6,0.4060428
30,3873.1,2,0,0.116193,788.4,19.6,0.40596745
28,3873.1,-2,0,0.1084468,788.4,19.6,0.40596745
31,3873.1,3,0,0.1200661,788.4,19.6,0.40596745
25,3873.4,-6,0.3,0.096835,788.4,19.6,0.40596745
30,3873.2,5,-0.2,0.116196,788.4,19.6,0.40596745
30,3873.2,0,0,0.116196,788.4,19.6,0.40596745
34,3873.1,4,-0.1,0.1316854,788.4,19.6,0.40596745
25,3873.6,-9,0.5,0.09684,788.4,19.6,0.40596745
27,3873.5,2,-0.1,0.1045845,788.4,19.6,0.40596745
30,3873.4,3,-0.1,0.116202,788.4,19.6,0.40596745
19,3873.9,-11,0.5,0.0736041,788.4,19.6,0.40596745
24,3873.8,5,-0.1,0.0929712,788.4,19.6,0.40596745
26,3873.7,2,-0.1,0.1007162,788.4,19.6,0.40596745
26,3873.7,0,0,0.1007162,788.5,19.6,0.4058921
27,3873.8,1,0.1,0.1045926,788.5,19.6,0.4058921
27,3873.8,0,0,0.1045926,788.5,19.6,0.4058921
27,3873.8,0,0,0.1045926,788.5,19.6,0.4058921
29,3873.7,2,-0.1,0.1123373,788.5,19.6,0.4058921
18,3874.3,-11,0.6,0.0697374,788.5,19.6,0.4058921
26,3874,8,-0.3,0.100724,788.5,19.6,0.4058921
26,3874,0,0,0.100724,788.5,19.6,0.4058921
27,3874,1,0,0.104598,788.5,19.6,0.4058921
25,3874.1,-2,0.1,0.0968525,788.5,19.6,0.4058921
25,3874.2,0,0.1,0.096855,788.5,19.6,0.4058921
31,3873.9,6,-0.3,0.1200909,788.5,19.6,0.4058921
26,3874.1,-5,0.2,0.1007266,788.5,19.6,0.4058921
27,3874.2,1,0.1,0.1046034,788.5,19.6,0.4058921
33,3873.9,6,-0.3,0.1278387,788.6,19.6,0.40581676
26,3874.3,-7,0.4,0.1007318,788.6,19.6,0.40581676
28,3874.2,2,-0.1,0.1084776,788.6,19.6,0.40581676
26,3874.4,-2,0.2,0.1007344,788.6,19.6,0.40581676
33,3874,7,-0.4,0.127842,788.6,19.6,0.40581676
25,3874.4,-8,0.4,0.09686,788.6,19.6,0.40581676
28,3874.3,3,-0.1,0.1084804,788.6,19.6,0.40581676
29,3874.3,1,0,0.1123547,788.6,19.6,0.40581676
30,3874.3,1,0,0.116229,788.6,19.6,0.40581676
23,3874.6,-7,0.3,0.0891158,788.6,19.6,0.40581676
28,3874.5,5,-0.1,0.108486,788.6,19.6,0.40581676
26,3874.6,-2,0.1,0.1007396,788.6,19.6,0.40581676
22,3874.8,-4,0.2,0.0852456,788.6,19.6,0.40581676
30,3874.5,8,-0.3,0.116235,788.7,19.6,0.40574141
28,3874.5,-2,0,0.108486,788.7,19.6,0.40574141
31,3874.5,3,0,0.1201095,788.7,19.6,0.40574141
27,3874.7,-4,0.2,0.1046169,788.7,19.6,0.40574141
25,3874.8,-2,0.1,0.09687,788.7,19.6,0.40574141
26,3874.8,1,0,0.1007448,788.7,19.6,0.40574141
35,3874.4,9,-0.4,0.135604,788.7,19.6,0.40574141
24,3874.9,-11,0.5,0.0929976,788.7,19.6,0.40574141
27,3874.8,3,-0.1,0.1046196,788.7,19.6,0.40574141
28,3874.8,1,0,0.1084944,788.7,19.6,0.40574141
27,3874.9,-1,0.1,0.1046223,788.7,19.6,0.40574141
25,3875,-2,0.1,0.096875,788.7,19.6,0.40574141
25,3875,0,0,0.096875,788.7,19.6,0.40574141
21,3875.3,-4,0.3,0.0813813,788.8,19.6,0.40566606
27,3875,6,-0.3,0.104625,788.8,19.6,0.40566606
28,3875,1,0,0.1085,788.8,19.6,0.40566606
30,3874.9,2,-0.1,0.116247,788.8,19.6,0.40566606
25,3875.2,-5,0.3,0.09688,788.8,19.6,0.40566606
26,3875.2,1,0,0.1007552,788.8,19.6,0.40566606
28,3875.1,2,-0.1,0.1085028,788.8,19.6,0.40566606
28,3875.2,0,0.1,0.1085056,788.8,19.6,0.40566606
25,3875.3,-3,0.1,0.0968825,788.8,19.6,0.40566606
30,3875.1,5,-0.2,0.116253,788.8,19.6,0.40566606
26,3875.3,-4,0.2,0.1007578,788.8,19.6,0.40566606
25,3875.4,-1,0.1,0.096885,788.8,19.6,0.40566606
26,3875.4,1,0,0.1007604,788.8,19.6,0.40566606
24,3875.5,-2,0.1,0.093012,788.8,19.6,0.40566606
22,3875.6,-2,0.1,0.0852632,788.9,19.6,0.40559072
30,3875.3,8,-0.3,0.116259,788.9,19.6,0.40559072
28,3875.4,-2,0.1,0.1085112,788.9,19.6,0.40559072
24,3875.6,-4,0.2,0.0930144,788.9,19.6,0.40559072
27,3875.5,3,-0.1,0.1046385,788.9,19.6,0.40559072
28,3875.5,1,0,0.108514,788.9,19.6,0.40559072
26,3875.6,-2,0.1,0.1007656,788.9,19.6,0.40559072
28,3875.5,2,-0.1,0.108514,788.9,19.6,0.40559072
22,3875.8,-6,0.3,0.0852676,788.9,19.6,0.40559072
24,3875.7,2,-0.1,0.0930168,788.9,19.6,0.40559072
23,3875.9,-1,0.2,0.0891457,788.9,19.6,0.40559072
26,3875.7,3,-0.2,0.1007682,788.9,19.6,0.40559072
26,3875.8,0,0.1,0.1007708,788.9,19.6,0.40559072
14,3876.3,-12,0.5,0.0542682,788.9,19.6,0.40559072
20,3876.1,6,-0.2,0.077522,788.9,19.6,0.40559072
18,3876.3,-2,0.2,0.0697734,789,19.6,0.40551537
24,3876,6,-0.3,0.093024,789,19.6,0.40551537
16,3876.4,-8,0.4,0.0620224,789,19.6,0.40551537
19,3876.3,3,-0.1,0.0736497,789,19.6,0.40551537
14,3876.5,-5,0.2,0.054271,789,19.6,0.40551537
16,3876.5,2,0,0.062024,789,19.6,0.40551537
17,3876.4,1,-0.1,0.0658988,789,19.6,0.40551537
17,3876.5,0,0.1,0.0659005,789,19.6,0.40551537
17,3876.5,0,0,0.0659005,789,19.6,0.40551537
16,3876.6,-1,0.1,0.0620256,789,19.6,0.40551537
17,3876.6,1,0,0.0659022,789,19.6,0.40551537
17,3876.6,0,0,0.0659022,789,19.6,0.40551537
16,3876.7,-1,0.1,0.0620272,789,19.6,0.40551537
16,3876.7,0,0,0.0620272,789,19.6,0.40551537
16,3876.8,0,0.1,0.0620288,789,19.6,0.40551537
21,3876.6,5,-0.2,0.0814086,789,19.6,0.40551537
13,3876.9,-8,0.3,0.0503997,789,19.6,0.40551537
15,3876.9,2,0,0.0581535,789,19.6,0.40551537
21,3876.6,6,-0.3,0.0814086,789,19.6,0.40551537
17,3876.9,-4,0.3,0.0659073,789,19.6,0.40551537
18,3876.9,1,0,0.0697842,789,19.6,0.40551537
15,3877,-3,0.1,0.058155,789.1,19.6,0.40544002
21,3876.7,6,-0.3,0.0814107,789.1,19.6,0.40544002
10,3877.2,-11,0.5,0.038772,789.1,19.6,0.40544002
18,3876.9,8,-0.3,0.0697842,789.1,19.6,0.40544002
17,3877,-1,0.1,0.065909,789.1,19.6,0.40544002
23,3876.7,6,-0.3,0.0891641,789.1,19.6,0.40544002
14,3877.2,-9,0.5,0.0542808,789.1,19.6,0.40544002
19,3877,5,-0.2,0.073663,789.1,19.6,0.40544002
15,3877.2,-4,0.2,0.058158,789.1,19.6,0.40544002
19,3877.1,4,-0.1,0.0736649,789.1,19.6,0.40544002
23,3876.9,4,-0.2,0.0891687,789.1,19.6,0.40544002
18,3877.1,-5,0.2,0.0697878,789.1,19.6,0.40544002
18,3877.1,0,0,0.0697878,789.1,19.6,0.40544002
21,3877,3,-0.1,0.081417,789.1,19.6,0.40544002
14,3877.4,-7,0.4,0.0542836,789.1,19.6,0.40544002
20,3877.1,6,-0.3,0.077542,789.1,19.6,0.40544002
20,3877.1,0,0,0.077542,789.1,19.6,0.40544002
17,3877.3,-3,0.2,0.0659141,789.1,19.6,0.40544002
14,3877.5,-3,0.2,0.054285,789.1,19.6,0.40544002
19,3877.3,5,-0.2,0.0736687,789.1,19.6,0.40544002
12,3877.6,-7,0.3,0.0465312,789.2,19.6,0.40536468
23,3877.2,11,-0.4,0.0891756,789.2,19.6,0.40536468
17,3877.4,-6,0.2,0.0659158,789.2,19.6,0.40536468
14,3877.6,-3,0.2,0.0542864,789.2,19.6,0.40536468
14,3877.6,0,0,0.0542864,789.2,19.6,0.40536468
19,3877.4,5,-0.2,0.0736706,789.2,19.6,0.40536468
16,3877.6,-3,0.2,0.0620416,789.2,19.6,0.40536468
17,3877.6,1,0,0.0659192,789.2,19.6,0.40536468
20,3877.5,3,-0.1,0.07755,789.2,19.6,0.40536468
22,3877.3,2,-0.2,0.0853006,789.2,19.6,0.40536468
13,3877.8,-9,0.5,0.0504114,789.2,19.6,0.40536468
12,3877.9,-1,0.1,0.0465348,789.2,19.6,0.40536468
12,3877.9,0,0,0.0465348,789.2,19.6,0.40536468
13,3877.9,1,0,0.0504127,789.2,19.6,0.40536468
18,3877.7,5,-0.2,0.0697986,789.2,19.6,0.40536468
17,3877.8,-1,0.1,0.0659226,789.2,19.6,0.40536468
19,3877.6,2,-0.2,0.0736744,789.2,19.6,0.40536468
19,3877.7,0,0.1,0.0736763,789.2,19.6,0.40536468
16,3877.8,-3,0.1,0.0620448,789.2,19.6,0.40536468
16,3877.9,0,0.1,0.0620464,789.2,19.6,0.40536468
14,3878,-2,0.1,0.054292,789.2,19.6,0.40536468
14,3878,0,0,0.054292,789.2,19.5,0.40536468
15,3878,1,0,0.05817,789.3,19.5,0.40528933
17,3877.9,2,-0.1,0.0659243,789.3,19.5,0.40528933
17,3877.9,0,0,0.0659243,789.3,19.5,0.40528933
17,3877.9,0,0,0.0659243,789.3,19.5,0.40528933
14,3878.1,-3,0.2,0.0542934,789.3,19.5,0.40528933
19,3877.9,5,-0.2,0.0736801,789.3,19.5,0.40528933
12,3878.2,-7,0.3,0.0465384,789.3,19.5,0.40528933
15,3878.1,3,-0.1,0.0581715,789.3,19.5,0.40528933
19,3878,4,-0.1,0.073682,789.3,19.5,0.40528933
25,3877.7,6,-0.3,0.0969425,789.3,19.6,0.40528933
18,3878,-7,0.3,0.069804,789.3,19.6,0.40528933
23,3877.8,5,-0.2,0.0891894,789.3,19.6,0.40528933
16,3878.2,-7,0.4,0.0620512,789.3,19.6,0.40528933
18,3878,2,-0.2,0.069804,789.3,19.6,0.40528933
17,3878.2,-1,0.2,0.0659294,789.3,19.6,0.40528933
17,3878.2,0,0,0.0659294,789.3,19.6,0.40528933
21,3878,4,-0.2,0.081438,789.3,19.6,0.40528933
17,3878.2,-4,0.2,0.0659294,789.3,19.6,0.40528933
15,3878.3,-2,0.1,0.0581745,789.3,19.6,0.40528933
18,3878.2,3,-0.1,0.0698076,789.3,19.6,0.40528933
17,3878.2,-1,0,0.0659294,789.3,19.6,0.40528933
20,3878.2,3,0,0.077564,789.4,19.6,0.40521398
15,3878.4,-5,0.2,0.058176,789.4,19.6,0.40521398
19,3878.2,4,-0.2,0.0736858,789.4,19.6,0.40521398
18,3878.3,-1,0.1,0.0698094,789.4,19.6,0.40521398
16,3878.4,-2,0.1,0.0620544,789.4,19.5,0.40521398
15,3878.4,-1,0,0.058176,789.4,19.5,0.40521398
20,3878.2,5,-0.2,0.077564,789.4,19.5,0.40521398
22,3878.2,2,0,0.0853204,789.4,19.5,0.40521398
18,3878.4,-4,0.2,0.0698112,789.4,19.5,0.40521398
15,3878.5,-3,0.1,0.0581775,789.4,19.5,0.40521398
17,3878.5,2,0,0.0659345,789.4,19.5,0.40521398
20,3878.3,3,-0.2,0.077566,789.4,19.5,0.40521398
15,3878.6,-5,0.3,0.058179,789.4,19.5,0.40521398
18,3878.5,3,-0.1,0.069813,789.4,19.5,0.40521398
17,3878.5,-1,0,0.0659345,789.4,19.5,0.40521398
17,3878.5,0,0,0.0659345,789.4,19.5,0.40521398
17,3878.5,0,0,0.0659345,789.4,19.5,0.40521398
19,3878.4,2,-0.1,0.0736896,789.4,19.5,0.40521398
22,3878.4,3,0,0.0853248,789.4,19.5,0.40521398
16,3878.6,-6,0.2,0.0620576,789.4,19.5,0.40521398
18,3878.5,2,-0.1,0.069813,789.5,19.5,0.40513864
16,3878.7,-2,0.2,0.0620592,789.5,19.5,0.40513864
16,3878.7,0,0,0.0620592,789.5,19.5,0.40513864
21,3878.5,5,-0.2,0.0814485,789.5,19.5,0.40513864
26,3878.3,5,-0.2,0.1008358,789.5,19.5,0.40513864
27,3878.2,1,-0.1,0.1047114,789.5,19.5,0.40513864
32,3878,5,-0.2,0.124096,789.5,19.5,0.40513864
30,3878.1,-2,0.1,0.116343,789.5,19.5,0.40513864
31,3878,1,-0.1,0.120218,789.5,19.5,0.40513864
34,3877.9,3,-0.1,0.1318486,789.5,19.5,0.40513864
32,3878,-2,0.1,0.124096,789.5,19.5,0.40513864
26,3878.3,-6,0.3,0.1008358,789.5,19.5,0.40513864
30,3878.1,4,-0.2,0.116343,789.5,19.5,0.40513864
28,3878.1,-2,0,0.1085868,789.6,19.5,0.40506329
36,3877.8,8,-0.3,0.1396008,789.6,19.5,0.40506329
34,3877.9,-2,0.1,0.1318486,789.6,19.5,0.40506329
30,3878.1,-4,0.2,0.116343,789.6,19.5,0.40506329
32,3878,2,-0.1,0.124096,789.6,19.5,0.40506329
34,3877.9,2,-0.1,0.1318486,789.6,19.5,0.40506329
23,3878.4,-11,0.5,0.0892032,789.6,19.5,0.40506329
31,3878.1,8,-0.3,0.1202211,789.6,19.5,0.40506329
30,3878.1,-1,0,0.116343,789.6,19.5,0.40506329
31,3878.1,1,0,0.1202211,789.6,19.5,0.40506329
31,3878.1,0,0,0.1202211,789.6,19.5,0.40506329
35,3877.9,4,-0.2,0.1357265,789.6,19.5,0.40506329
29,3878.2,-6,0.3,0.1124678,789.7,19.5,0.40498794
37,3877.8,8,-0.4,0.1434786,789.7,19.5,0.40498794
34,3878,-3,0.2,0.131852,789.7,19.5,0.40498794
31,3878.1,-3,0.1,0.1202211,789.7,19.5,0.40498794
29,3878.2,-2,0.1,0.1124678,789.7,19.5,0.40498794
29,3878.2,0,0,0.1124678,789.7,19.5,0.40498794
32,3878.1,3,-0.1,0.1240992,789.7,19.5,0.40498794
32,3878.1,0,0,0.1240992,789.7,19.5,0.40498794
31,3878.1,-1,0,0.1202211,789.7,19.5,0.40498794
24,3878.4,-7,0.3,0.0930816,789.7,19.5,0.40498794
29,3878.2,5,-0.2,0.1124678,789.7,19.5,0.40498794
29,3878.2,0,0,0.1124678,789.7,19.5,0.40498794
30,3878.2,1,0,0.116346,789.8,19.5,0.4049126
33,3878.1,3,-0.1,0.1279773,789.8,19.5,0.4049126
27,3878.4,-6,0.3,0.1047168,789.8,19.5,0.4049126
30,3878.2,3,-0.2,0.116346,789.8,19.5,0.4049126
28,3878.3,-2,0.1,0.1085924,789.8,19.5,0.4049126
29,3878.3,1,0,0.1124707,789.8,19.5,0.4049126
26,3878.5,-3,0.2,0.100841,789.8,19.5,0.4049126
29,3878.3,3,-0.2,0.1124707,789.8,19.5,0.4049126
34,3878.1,5,-0.2,0.1318554,789.8,19.5,0.4049126
35,3878,1,-0.1,0.13573,789.8,19.5,0.4049126
32,3878.2,-3,0.2,0.1241024,789.8,19.5,0.4049126
29,3878.3,-3,0.1,0.1124707,789.8,19.5,0.4049126
30,3878.3,1,0,0.116349,789.9,19.5,0.40483725
38,3878,8,-0.3,0.147364,789.9,19.5,0.40483725
28,3878.4,-10,0.4,0.1085952,789.9,19.5,0.40483725
37,3878,9,-0.4,0.143486,789.9,19.5,0.40483725
33,3878.2,-4,0.2,0.1279806,789.9,19.5,0.40483725
31,3878.3,-2,0.1,0.1202273,789.9,19.5,0.40483725
30,3878.3,-1,0,0.116349,789.9,19.5,0.40483725
30,3878.3,0,0,0.116349,789.9,19.5,0.40483725
38,3878,8,-0.3,0.147364,789.9,19.5,0.40483725
34,3878.2,-4,0.2,0.1318588,789.9,19.5,0.40483725
36,3878,2,-0.2,0.139608,790,19.5,0.4047619
31,3878.3,-5,0.3,0.1202273,790,19.5,0.4047619
27,3878.5,-4,0.2,0.1047195,790,19.5,0.4047619
25,3878.6,-2,0.1,0.096965,790,19.5,0.4047619
31,3878.3,6,-0.3,0.1202273,790,19.5,0.4047619
38,3878,7,-0.3,0.147364,790,19.5,0.4047619
24,3878.7,-14,0.7,0.0930888,790,19.5,0.4047619
16,3879.1,-8,0.4,0.0620656,790,19.5,0.4047619
20,3878.9,4,-0.2,0.077578,790,19.5,0.4047619
20,3878.9,0,0,0.077578,790,19.5,0.4047619
23,3878.8,3,-0.1,0.0892124,790,19.5,0.4047619
24,3878.8,1,0,0.0930912,790,19.5,0.4047619
20,3879,-4,0.2,0.07758,790,19.5,0.4047619
15,3879.3,-5,0.3,0.0581895,790,19.5,0.4047619
17,3879.2,2,-0.1,0.0659464,790,19.5,0.4047619
16,3879.3,-1,0.1,0.0620688,790,19.5,0.4047619
18,3879.2,2,-0.1,0.0698256,790.1,19.5,0.40468656
19,3879.2,1,0,0.0737048,790.1,19.5,0.40468656
17,3879.3,-2,0.1,0.0659481,790.1,19.5,0.40468656
15,3879.4,-2,0.1,0.058191,790.1,19.5,0.40468656
16,3879.3,1,-0.1,0.0620688,790.1,19.5,0.40468656
17,3879.3,1,0,0.0659481,790.1,19.5,0.40468656
25,3879,8,-0.3,0.096975,790.1,19.5,0.40468656
23,3879.1,-2,0.1,0.0892193,790.1,19.5,0.40468656
14,3879.5,-9,0.4,0.054313,790.1,19.5,0.40468656
17,3879.4,3,-0.1,0.0659498,790.1,19.5,0.40468656
15,3879.5,-2,0.1,0.0581925,790.1,19.5,0.40468656
17,3879.4,2,-0.1,0.0659498,790.1,19.5,0.40468656
19,3879.3,2,-0.1,0.0737067,790.1,19.5,0.40468656
23,3879.2,4,-0.1,0.0892216,790.1,19.5,0.40468656
20,3879.4,-3,0.2,0.077588,790.1,19.5,0.40468656
15,3879.6,-5,0.2,0.058194,790.1,19.5,0.40468656
21,3879.3,6,-0.3,0.0814653,790.1,19.5,0.40468656
17,3879.6,-4,0.3,0.0659532,790.1,19.5,0.40468656
19,3879.5,2,-0.1,0.0737105,790.1,19.5,0.40468656
15,3879.7,-4,0.2,0.0581955,790.1,19.5,0.40468656
20,3879.5,5,-0.2,0.07759,790.2,19.5,0.40461121
17,3879.6,-3,0.1,0.0659532,790.2,19.5,0.40461121
19,3879.5,2,-0.1,0.0737105,790.2,19.5,0.40461121
15,3879.7,-4,0.2,0.0581955,790.2,19.5,0.40461121
16,3879.7,1,0,0.0620752,790.2,19.5,0.40461121
18,3879.6,2,-0.1,0.0698328,790.2,19.5,0.40461121
18,3879.6,0,0,0.0698328,790.2,19.5,0.40461121
17,3879.7,-1,0.1,0.0659549,790.2,19.5,0.40461121
18,3879.7,1,0,0.0698346,790.2,19.5,0.40461121
21,3879.5,3,-0.2,0.0814695,790.2,19.5,0.40461121
24,3879.4,3,-0.1,0.0931056,790.2,19.5,0.40461121
21,3879.5,-3,0.1,0.0814695,790.2,19.5,0.40461121
17,3879.7,-4,0.2,0.0659549,790.2,19.5,0.40461121
14,3879.9,-3,0.2,0.0543186,790.2,19.5,0.40461121
16,3879.8,2,-0.1,0.0620768,790.2,19.5,0.40461121
21,3879.6,5,-0.2,0.0814716,790.2,19.5,0.40461121
18,3879.7,-3,0.1,0.0698346,790.2,19.5,0.40461121
20,3879.6,2,-0.1,0.077592,790.2,19.5,0.40461121
17,3879.8,-3,0.2,0.0659566,790.2,19.5,0.40461121
18,3879.8,1,0,0.0698364,790.2,19.5,0.40461121
19,3879.7,1,-0.1,0.0737143,790.3,19.5,0.40453586
24,3879.5,5,-0.2,0.093108,790.3,19.5,0.40453586
18,3879.8,-6,0.3,0.0698364,790.3,19.5,0.40453586
21,3879.7,3,-0.1,0.0814737,790.3,19.5,0.40453586
18,3879.8,-3,0.1,0.0698364,790.3,19.5,0.40453586
22,3879.7,4,-0.1,0.0853534,790.3,19.5,0.40453586
23,3879.6,1,-0.1,0.0892308,790.3,19.5,0.40453586
17,3879.9,-6,0.3,0.0659583,790.3,19.5,0.40453586
20,3879.8,3,-0.1,0.077596,790.3,19.5,0.40453586
13,3880.2,-7,0.4,0.0504426,790.3,19.5,0.40453586
21,3879.8,8,-0.4,0.0814758,790.3,19.5,0.40453586
18,3879.9,-3,0.1,0.0698382,790.3,19.5,0.40453586
13,3880.1,-5,0.2,0.0504413,790.3,19.5,0.40453586
18,3879.9,5,-0.2,0.0698382,790.3,19.5,0.40453586
27,3879.5,9,-0.4,0.1047465,790.3,19.5,0.40453586
21,3879.8,-6,0.3,0.0814758,790.3,19.5,0.40453586
14,3880.1,-7,0.3,0.0543214,790.3,19.5,0.40453586
18,3880,4,-0.1,0.06984,790.3,19.5,0.40453586
18,3880,0,0,0.06984,790.3,19.5,0.40453586
21,3879.8,3,-0.2,0.0814758,790.4,19.5,0.40446052
23,3879.7,2,-0.1,0.0892331,790.4,19.5,0.40446052
20,3879.9,-3,0.2,0.077598,790.4,19.5,0.40446052
23,3879.8,3,-0.1,0.0892354,790.4,19.5,0.40446052
16,3880.1,-7,0.3,0.0620816,790.4,19.5,0.40446052
13,3880.3,-3,0.2,0.0504439,790.4,19.5,0.40446052
20,3879.9,7,-0.4,0.077598,790.4,19.5,0.40446052
21,3879.9,1,0,0.0814779,790.4,19.5,0.40446052
27,3879.6,6,-0.3,0.1047492,790.4,19.5,0.40446052
22,3879.8,-5,0.2,0.0853556,790.4,19.5,0.40446052
15,3880.2,-7,0.4,0.058203,790.4,19.5,0.40446052
24,3879.8,9,-0.4,0.0931152,790.4,19.5,0.40446052
19,3880,-5,0.2,0.07372,790.4,19.5,0.40446052
14,3880.3,-5,0.3,0.0543242,790.4,19.5,0.40446052
20,3880,6,-0.3,0.0776,790.4,19.5,0.40446052
16,3880.2,-4,0.2,0.0620832,790.4,19.5,0.40446052
24,3879.8,8,-0.4,0.0931152,790.4,19.5,0.40446052
17,3880.2,-7,0.4,0.0659634,790.4,19.5,0.40446052
19,3880.1,2,-0.1,0.0737219,790.5,19.5,0.40438517
19,3880.1,0,0,0.0737219,790.5,19.5,0.40438517
14,3880.4,-5,0.3,0.0543256,790.5,19.5,0.40438517
23,3879.9,9,-0.5,0.0892377,790.5,19.5,0.40438517
18,3880.2,-5,0.3,0.0698436,790.5,19.5,0.40438517
20,3880.1,2,-0.1,0.077602,790.5,19.5,0.40438517
20,3880.1,0,0,0.077602,790.5,19.5,0.40438517
16,3880.3,-4,0.2,0.0620848,790.5,19.5,0.40438517
20,3880.2,4,-0.1,0.077604,790.5,19.5,0.40438517
19,3880.2,-1,0,0.0737238,790.5,19.5,0.40438517
10,3880.6,-9,0.4,0.038806,790.5,19.5,0.40438517
19,3880.3,9,-0.3,0.0737257,790.5,19.5,0.40438517
17,3880.3,-2,0,0.0659651,790.5,19.5,0.40438517
16,3880.5,-1,0.2,0.062088,790.5,19.5,0.40438517
18,3880.3,2,-0.2,0.0698454,790.5,19.5,0.40438517
19,3880.3,1,0,0.0737257,790.5,19.5,0.40438517
19,3880.3,0,0,0.0737257,790.5,19.5,0.40438517
20,3880.2,1,-0.1,0.077604,790.5,19.5,0.40438517
14,3880.6,-6,0.4,0.0543284,790.5,19.5,0.40438517
16,3880.4,2,-0.2,0.0620864,790.5,19.5,0.40438517
18,3880.4,2,0,0.0698472,790.6,19.5,0.40430983
13,3880.6,-5,0.2,0.0504478,790.6,19.5,0.40430983
16,3880.5,3,-0.1,0.062088,790.6,19.5,0.40430983
22,3880.3,6,-0.2,0.0853666,790.6,19.5,0.40430983
21,3880.2,-1,-0.1,0.0814842,790.6,19.5,0.40430983
19,3880.4,-2,0.2,0.0737276,790.6,19.5,0.40430983
16,3880.5,-3,0.1,0.062088,790.6,19.5,0.40430983
17,3880.5,1,0,0.0659685,790.6,19.5,0.40430983
20,3880.3,3,-0.2,0.077606,790.6,19.5,0.40430983
19,3880.4,-1,0.1,0.0737276,790.6,19.5,0.40430983
18,3880.4,-1,0,0.0698472,790.6,19.5,0.40430983
19,3880.4,1,0,0.0737276,790.6,19.5,0.40430983
21,3880.4,2,0,0.0814884,790.6,19.5,0.40430983
19,3880.4,-2,0,0.0737276,790.6,19.5,0.40430983
22,3880.3,3,-0.1,0.0853666,790.6,19.5,0.40430983
19,3880.4,-3,0.1,0.0737276,790.6,19.5,0.40430983
24,3880.2,5,-0.2,0.0931248,790.6,19.5,0.40430983
19,3880.5,-5,0.3,0.0737295,790.6,19.5,0.40430983
24,3880.2,5,-0.3,0.0931248,790.6,19.5,0.40430983
21,3880.4,-3,0.2,0.0814884,790.7,19.5,0.40423448
15,3880.6,-6,0.2,0.058209,790.7,19.5,0.40423448
29,3880,14,-0.6,0.11252,790.7,19.5,0.40423448
38,3879.6,9,-0.4,0.1474248,790.7,19.5,0.40423448
42,3879.3,4,-0.3,0.1629306,790.7,19.5,0.40423448
41,3879.4,-1,0.1,0.1590554,790.7,19.5,0.40423448
37,3879.5,-4,0.1,0.1435415,790.7,19.5,0.40423448
40,3879.4,3,-0.1,0.155176,790.7,19.5,0.40423448
41,3879.4,1,0,0.1590554,790.7,19.5,0.40423448
41,3879.3,0,-0.1,0.1590513,790.7,19.5,0.40423448
39,3879.4,-2,0.1,0.1512966,790.8,19.5,0.40415913
41,3879.3,2,-0.1,0.1590513,790.8,19.5,0.40415913
42,3879.2,1,-0.1,0.1629264,790.8,19.5,0.40415913
36,3879.5,-6,0.3,0.139662,790.8,19.5,0.40415913
42,3879.2,6,-0.3,0.1629264,790.8,19.5,0.40415913
42,3879.2,0,0,0.1629264,790.8,19.5,0.40415913
37,3879.5,-5,0.3,0.1435415,790.8,19.5,0.40415913
42,3879.2,5,-0.3,0.1629264,790.8,19.5,0.40415913
40,3879.3,-2,0.1,0.155172,790.8,19.5,0.40415913
43,3879.2,3,-0.1,0.1668056,790.9,19.5,0.40408379
40,3879.3,-3,0.1,0.155172,790.9,19.5,0.40408379
41,3879.2,1,-0.1,0.1590472,790.9,19.5,0.40408379
41,3879.2,0,0,0.1590472,790.9,19.5,0.40408379
44,3879.1,3,-0.1,0.1706804,790.9,19.5,0.40408379
42,3879.2,-2,0.1,0.1629264,790.9,19.5,0.40408379
35,3879.5,-7,0.3,0.1357825,790.9,19.5,0.40408379
41,3879.2,6,-0.3,0.1590472,790.9,19.5,0.40408379
37,3879.4,-4,0.2,0.1435378,790.9,19.5,0.40408379
42,3879.1,5,-0.3,0.1629222,791,19.5,0.40400844
42,3879.1,0,0,0.1629222,791,19.5,0.40400844
37,3879.4,-5,0.3,0.1435378,791,19.5,0.40400844
40,3879.2,3,-0.2,0.155168,791,19.5,0.40400844
40,3879.2,0,0,0.155168,791,19.5,0.40400844
38,3879.3,-2,0.1,0.1474134,791,19.5,0.40400844
33,3879.5,-5,0.2,0.1280235,791,19.5,0.40400844
45,3879,12,-0.5,0.174555,791,19.5,0.40400844
40,3879.2,-5,0.2,0.155168,791,19.5,0.40400844
36,3879.4,-4,0.2,0.1396584,791.1,19.5,0.40393309
38,3879.3,2,-0.1,0.1474134,791.1,19.5,0.40393309
39,3879.3,1,0,0.1512927,791.1,19.5,0.40393309
40,3879.2,1,-0.1,0.155168,791.1,19.5,0.40393309
44,3879,4,-0.2,0.170676,791.1,19.5,0.40393309
38,3879.3,-6,0.3,0.1474134,791.1,19.5,0.40393309
44,3879,6,-0.3,0.170676,791.1,19.5,0.40393309
40,3879.2,-4,0.2,0.155168,791.1,19.5,0.40393309
38,3879.3,-2,0.1,0.1474134,791.1,19.5,0.40393309
41,3879.1,3,-0.2,0.1590431,791.2,19.5,0.40385775
42,3879.1,1,0,0.1629222,791.2,19.5,0.40385775
35,3879.4,-7,0.3,0.135779,791.2,19.5,0.40385775
43,3879,8,-0.4,0.166797,791.2,19.5,0.40385775
40,3879.2,-3,0.2,0.155168,791.2,19.5,0.40385775
45,3878.9,5,-0.3,0.1745505,791.2,19.5,0.40385775
41,3879.1,-4,0.2,0.1590431,791.2,19.5,0.40385775
40,3879.2,-1,0.1,0.155168,791.2,19.5,0.40385775
45,3878.9,5,-0.3,0.1745505,791.2,19.5,0.40385775
38,3879.3,-7,0.4,0.1474134,791.3,19.5,0.4037824
39,3879.2,1,-0.1,0.1512888,791.3,19.5,0.4037824
38,3879.3,-1,0.1,0.1474134,791.3,19.5,0.4037824
42,3879.1,4,-0.2,0.1629222,791.3,19.5,0.4037824
41,3879.1,-1,0,0.1590431,791.3,19.5,0.4037824
42,3879.1,1,0,0.1629222,791.3,19.5,0.4037824
40,3879.1,-2,0,0.155164,791.3,19.5,0.4037824
38,3879.3,-2,0.2,0.1474134,791.3,19.5,0.4037824
43,3879,5,-0.3,0.166797,791.3,19.5,0.4037824
41,3879.1,-2,0.1,0.1590431,791.4,19.5,0.40370705
42,3879.1,1,0,0.1629222,791.4,19.5,0.40370705
38,3879.3,-4,0.2,0.1474134,791.4,19.5,0.40370705
39,3879.2,1,-0.1,0.1512888,791.4,19.5,0.40370705
43,3879,4,-0.2,0.166797,791.4,19.5,0.40370705
38,3879.2,-5,0.2,0.1474096,791.4,19.5,0.40370705
46,3878.9,8,-0.3,0.1784294,791.4,19.5,0.40370705
41,3879.1,-5,0.2,0.1590431,791.4,19.5,0.40370705
41,3879.1,0,0,0.1590431,791.4,19.5,0.40370705
43,3879,2,-0.1,0.166797,791.5,19.5,0.40363171
37,3879.3,-6,0.3,0.1435341,791.5,19.5,0.40363171
35,3879.4,-2,0.1,0.135779,791.5,19.5,0.40363171
39,3879.2,4,-0.2,0.1512888,791.5,19.5,0.40363171
38,3879.3,-1,0.1,0.1474134,791.5,19.5,0.40363171
39,3879.2,1,-0.1,0.1512888,791.5,19.5,0.40363171
43,3879,4,-0.2,0.166797,791.5,19.5,0.40363171
39,3879.2,-4,0.2,0.1512888,791.5,19.5,0.40363171
38,3879.2,-1,0,0.1474096,791.5,19.5,0.40363171
43,3879,5,-0.2,0.166797,791.6,19.5,0.40355636
37,3879.3,-6,0.3,0.1435341,791.6,19.5,0.40355636
46,3878.9,9,-0.4,0.1784294,791.6,19.5,0.40355636
47,3878.8,1,-0.1,0.1823036,791.6,19.5,0.40355636
40,3879.1,-7,0.3,0.155164,791.6,19.5,0.40355636
35,3879.4,-5,0.3,0.135779,791.6,19.5,0.40355636
42,3879,7,-0.4,0.162918,791.6,19.5,0.40355636
38,3879.2,-4,0.2,0.1474096,791.6,19.5,0.40355636
38,3879.2,0,0,0.1474096,791.6,19.5,0.40355636
41,3879.1,3,-0.1,0.1590431,791.7,19.5,0.40348101
39,3879.1,-2,0,0.1512849,791.7,19.5,0.40348101
44,3879,5,-0.1,0.170676,791.7,19.5,0.40348101
34,3879.4,-10,0.4,0.1318996,791.7,19.5,0.40348101
40,3879.2,6,-0.2,0.155168,791.7,19.5,0.40348101
43,3879,3,-0.2,0.166797,791.7,19.5,0.40348101
39,3879.2,-4,0.2,0.1512888,791.7,19.5,0.40348101
39,3879.3,0,0.1,0.1512927,791.7,19.5,0.40348101
42,3879,3,-0.3,0.162918,791.7,19.5,0.40348101
39,3879.2,-3,0.2,0.1512888,791.8,19.5,0.40340567
43,3879,4,-0.2,0.166797,791.8,19.5,0.40340567
41,3879.1,-2,0.1,0.1590431,791.8,19.5,0.40340567
45,3878.9,4,-0.2,0.1745505,791.8,19.5,0.40340567
43,3879.1,-2,0.2,0.1668013,791.8,19.5,0.40340567
44,3879,1,-0.1,0.170676,791.8,19.5,0.40340567
40,3879.1,-4,0.1,0.155164,791.8,19.5,0.40340567
41,3879.1,1,0,0.1590431,791.8,19.5,0.40340567
39,3879.2,-2,0.1,0.1512888,791.9,19.5,0.40333032
38,3879.2,-1,0,0.1474096,791.9,19.5,0.40333032
656.1,3849.7,618.1,-29.5,2.5257882,792,19.5,0.40325497
1279,3818.6,622.9,-31.1,4.8839894,792.4,19.5,0.40295359
1278,3816.6,-1,-2,4.8776148,792.7,19.5,0.40272755
1285.1,3814.6,7.1,-2,4.9021425,793.1,19.5,0.40242616
1271.2,3813.7,-13.9,-0.9,4.8479754,793.4,19.5,0.40220012
552,3846.7,-719.2,33,2.1233784,793.6,19.5,0.40204943
-170,3882,-722,35.3,-0.65994,793.6,19.5,0.40204943
-174.9,3883.5,-4.9,1.5,-0.67922415,793.5,19.5,0.40212477
-177,3884.5,-2.1,1,-0.6875565,793.5,19.5,0.40212477
-174.1,3885,2.9,0.5,-0.6763785,793.4,19.5,0.40220012
-173,3885.6,1.1,0.6,-0.6722088,793.4,19.5,0.40220012
-174,3886.1,-1,0.5,-0.6761814,793.3,19.5,0.40227547
-178.9,3886.8,-4.9,0.7,-0.69534852,793.3,19.5,0.40227547
-176.8,3887.1,2.1,0.3,-0.68723928,793.2,19.5,0.40235081
793,3840.5,969.8,-46.6,3.0455165,793.4,19.5,0.40220012
792.1,3839,-0.9,-1.5,3.0408719,793.7,19.5,0.40197408
1486.9,3804.6,694.8,-34.4,5.6570597,794.1,19.5,0.40167269
1494,3802,7.1,-2.6,5.680188,794.5,19.5,0.40137131
1491.9,3800.3,-2.1,-1.7,5.6696676,794.9,19.5,0.40106992
1487.9,3798.7,-4,-1.6,5.6520857,795.3,19.5,0.40076854
1491,3797.1,3.1,-1.6,5.6614761,795.7,19.5,0.40046715
576.1,3839.4,-914.9,42.3,2.2118783,795.9,19.5,0.40031646
575,3839.9,-1.1,0.5,2.2079425,796,19.5,0.40024111
577,3839.9,2,0,2.2156223,796.2,19.5,0.40009042
574,3840,-3,0.1,2.20416,796.4,19.5,0.39993972
578.1,3839.7,4.1,-0.3,2.2197306,796.5,19.5,0.39986438
581.1,3839.4,3,-0.3,2.2310753,796.7,19.5,0.39971368
577.1,3839.4,-4,0,2.2157177,796.8,19.5,0.39963834
576,3839.3,-1.1,-0.1,2.2114368,797,19.5,0.39948764
574.1,3839.2,-1.9,-0.1,2.2040847,797.2,19.5,0.39933695
-282.9,3880.6,-857,41.4,-1.0978217,797.1,19.5,0.3994123
-281,3882,1.9,1.4,-1.090842,797,19.5,0.39948764
-289.9,3883.5,-8.9,1.5,-1.1258267,797,19.5,0.39948764
-291.9,3884.5,-2,1,-1.1338856,796.9,19.5,0.39956299
-286,3885,5.9,0.5,-1.11111,796.8,19.5,0.39963834
-969.9,3918.4,-683.9,33.4,-3.8004562,796.5,19.5,0.39986438
-963.9,3920.1,6,1.7,-3.7785844,796.3,19.5,0.40001507
-965.9,3921.8,-2,1.7,-3.7880666,796,19.5,0.40024111
-960,3923,5.9,1.2,-3.76608,795.7,19.5,0.40046715
-966,3924.6,-6,1.6,-3.7911636,795.5,19.5,0.40061784
-965,3925.8,1,1.2,-3.788397,795.2,19.5,0.40084388
-967,3927.1,-2,1.3,-3.7975057,794.9,19.5,0.40106992
-965,3928.1,2,1,-3.7906165,794.6,19.5,0.40129596
-964.1,3929.1,0.9,1,-3.7880453,794.4,19.5,0.40144665
-961.9,3930.1,2.2,1,-3.7803632,794.1,19.5,0.40167269
879.9,3842.3,1841.8,-87.8,3.3808398,794.3,19.5,0.401522
874,3839.9,-5.9,-2.4,3.3560726,794.6,19.5,0.40129596
868.1,3838.3,-5.9,-1.6,3.3320282,794.8,19.5,0.40114527
873,3836.7,4.9,-1.6,3.3494391,795.1,19.5,0.40091923
873,3835.4,0,-1.3,3.3483042,795.3,19.5,0.40076854
707,3842.2,-166,6.8,2.7164354,795.5,19.5,0.40061784
543.1,3849.4,-163.9,7.2,2.0906091,795.6,19.5,0.4005425
541.1,3849.1,-2,-0.3,2.082748,795.8,19.5,0.4003918
547.9,3848.4,6.8,-0.7,2.1085384,795.9,19.5,0.40031646
541.1,3848.2,-6.8,-0.2,2.082261,796.1,19.5,0.40016576
-316,3889.4,-857.1,41.2,-1.2290504,796,19.5,0.40024111
-310.1,3890.4,5.9,1,-1.206413,796,19.5,0.40024111
-315,3891.5,-4.9,1.1,-1.2258225,795.9,19.5,0.40031646
-317,3892.3,-2,0.8,-1.2338591,795.8,19.5,0.4003918
-319.1,3893,-2.1,0.7,-1.2422563,795.7,19.5,0.40046715
621,3848,940.1,-45,2.389608,795.8,19.5,0.4003918
628,3846.3,7,-1.7,2.4154764,796,19.5,0.40024111
625,3845.6,-3,-0.7,2.4035,796.2,19.5,0.40009042
322.1,3859.3,-302.9,13.7,1.2430805,796.3,19.5,0.40001507
19,3873.7,-303.1,14.4,0.0736003,796.3,19.5,0.40001507
21,3874,2,0.3,0.081354,796.3,19.5,0.40001507
26,3874,5,0,0.100724,796.3,19.5,0.40001507
26,3874.2,0,0.2,0.1007292,796.3,19.5,0.40001507
21,3874.7,-5,0.5,0.0813687,796.3,19.5,0.40001507
25,3874.5,4,-0.2,0.0968625,796.3,19.5,0.40001507
23,3874.8,-2,0.3,0.0891204,796.3,19.5,0.40001507
26,3874.8,3,0,0.1007448,796.3,19.5,0.40001507
28,3874.8,2,0,0.1084944,796.4,19.5,0.39993972
22,3875.2,-6,0.4,0.0852544,796.4,19.5,0.39993972
24,3875.2,2,0,0.0930048,796.4,19.5,0.39993972
24,3875.2,0,0,0.0930048,796.4,19.5,0.39993972
26,3875.3,2,0.1,0.1007578,796.4,19.5,0.39993972
21,3875.6,-5,0.3,0.0813876,796.4,19.5,0.39993972
21,3875.6,0,0,0.0813876,796.4,19.5,0.39993972
24,3875.6,3,0,0.0930144,796.4,19.5,0.39993972
22,3875.8,-2,0.2,0.0852676,796.4,19.5,0.39993972
22,3875.9,0,0.1,0.0852698,796.4,19.5,0.39993972
26,3875.7,4,-0.2,0.1007682,796.4,19.5,0.39993972
26,3875.8,0,0.1,0.1007708,796.4,19.5,0.39993972
23,3876,-3,0.2,0.089148,796.4,19.5,0.39993972
21,3876.1,-2,0.1,0.0813981,796.4,19.5,0.39993972
26,3876,5,-0.1,0.100776,796.4,19.5,0.39993972
17,3876.4,-9,0.4,0.0658988,796.4,19.5,0.39993972
21,3876.3,4,-0.1,0.0814023,796.5,19.5,0.39986438
17,3876.5,-4,0.2,0.0659005,796.5,19.5,0.39986438
22,3876.4,5,-0.1,0.0852808,796.5,19.5,0.39986438
23,3876.4,1,0,0.0891572,796.5,19.5,0.39986438
29,3876.2,6,-0.2,0.1124098,796.5,19.5,0.39986438
25,3876.4,-4,0.2,0.09691,796.5,19.5,0.39986438
23,3876.5,-2,0.1,0.0891595,796.5,19.5,0.39986438
24,3876.5,1,0,0.093036,796.5,19.5,0.39986438
20,3876.8,-4,0.3,0.077536,796.5,19.5,0.39986438
20,3876.8,0,0,0.077536,796.5,19.5,0.39986438
25,3876.6,5,-0.2,0.096915,796.5,19.5,0.39986438
26,3876.7,1,0.1,0.1007942,796.5,19.5,0.39986438
27,3876.6,1,-0.1,0.1046682,796.5,19.5,0.39986438
16,3877.2,-11,0.6,0.0620352,796.5,19.5,0.39986438
21,3877,5,-0.2,0.081417,796.5,19.5,0.39986438
20,3877.1,-1,0.1,0.077542,796.5,19.5,0.39986438
23,3877,3,-0.1,0.089171,796.6,19.5,0.39978903
21,3877.1,-2,0.1,0.0814191,796.6,19.5,0.39978903
20,3877.2,-1,0.1,0.077544,796.6,19.5,0.39978903
24,3877.1,4,-0.1,0.0930504,796.6,19.5,0.39978903
23,3877.1,-1,0,0.0891733,796.6,19.5,0.39978903
25,3877.1,2,0,0.0969275,796.6,19.5,0.39978903
28,3877,3,-0.1,0.108556,796.6,19.5,0.39978903
28,3877,0,0,0.108556,796.6,19.5,0.39978903
19,3877.5,-9,0.5,0.0736725,796.6,19.5,0.39978903
20,3877.4,1,-0.1,0.077548,796.6,19.5,0.39978903
26,3877.2,6,-0.2,0.1008072,796.6,19.5,0.39978903
21,3877.4,-5,0.2,0.0814254,796.6,19.5,0.39978903
19,3877.6,-2,0.2,0.0736744,796.6,19.5,0.39978903
21,3877.5,2,-0.1,0.0814275,796.6,19.5,0.39978903
22,3877.5,1,0,0.085305,796.6,19.5,0.39978903
22,3877.6,0,0.1,0.0853072,796.6,19.5,0.39978903
28,3877.2,6,-0.4,0.1085616,796.7,19.5,0.39971368
23,3877.5,-5,0.3,0.0891825,796.7,19.5,0.39971368
18,3877.8,-5,0.3,0.0698004,796.7,19.5,0.39971368
27,3877.4,9,-0.4,0.1046898,796.7,19.5,0.39971368
26,3877.4,-1,0,0.1008124,796.7,19.5,0.39971368
28,3877.4,2,0,0.1085672,796.7,19.5,0.39971368
27,3877.4,-1,0,0.1046898,796.7,19.5,0.39971368
26,3877.5,-1,0.1,0.100815,796.7,19.5,0.39971368
32,3877.3,6,-0.2,0.1240736,796.7,19.5,0.39971368
24,3877.7,-8,0.4,0.0930648,796.7,19.5,0.39971368
22,3877.8,-2,0.1,0.0853116,796.7,19.5,0.39971368
26,3877.6,4,-0.2,0.1008176,796.7,19.5,0.39971368
26,3877.6,0,0,0.1008176,796.7,19.5,0.39971368
26,3877.7,0,0.1,0.1008202,796.7,19.5,0.39971368
20,3878,-6,0.3,0.07756,796.8,19.5,0.39963834
27,3877.7,7,-0.3,0.1046979,796.8,19.5,0.39963834
28,3877.6,1,-0.1,0.1085728,796.8,19.5,0.39963834
18,3878.2,-10,0.6,0.0698076,796.8,19.5,0.39963834
23,3878,5,-0.2,0.089194,796.8,19.5,0.39963834
27,3877.8,4,-0.2,0.1047006,796.8,19.5,0.39963834
25,3877.9,-2,0.1,0.0969475,796.8,19.5,0.39963834
21,3878.1,-4,0.2,0.0814401,796.8,19.5,0.39963834
25,3877.9,4,-0.2,0.0969475,796.8,19.5,0.39963834
25,3877.9,0,0,0.0969475,796.8,19.5,0.39963834
26,3877.9,1,0,0.1008254,796.8,19.5,0.39963834
30,3877.7,4,-0.2,0.116331,796.8,19.5,0.39963834
22,3878.1,-8,0.4,0.0853182,796.8,19.5,0.39963834
25,3878,3,-0.1,0.09695,796.8,19.5,0.39963834
18,3878.3,-7,0.3,0.0698094,796.8,19.5,0.39963834
19,3878.3,1,0,0.0736877,796.9,19.5,0.39956299
19,3878.4,0,0.1,0.0736896,796.9,19.5,0.39956299
23,3878.2,4,-0.2,0.0891986,796.9,19.5,0.39956299
17,3878.5,-6,0.3,0.0659345,796.9,19.5,0.39956299
29,3877.9,12,-0.6,0.1124591,796.9,19.5,0.39956299
22,3878.3,-7,0.4,0.0853226,796.9,19.5,0.39956299
20,3878.4,-2,0.1,0.077568,796.9,19.5,0.39956299
21,3878.4,1,0,0.0814464,796.9,19.5,0.39956299
24,3878.2,3,-0.2,0.0930768,796.9,19.5,0.39956299
21,3878.4,-3,0.2,0.0814464,796.9,19.5,0.39956299
24,3878.3,3,-0.1,0.0930792,796.9,19.5,0.39956299
17,3878.6,-7,0.3,0.0659362,796.9,19.5,0.39956299
22,3878.4,5,-0.2,0.0853248,796.9,19.5,0.39956299
26,3878.3,4,-0.1,0.1008358,796.9,19.5,0.39956299
22,3878.4,-4,0.1,0.0853248,796.9,19.5,0.39956299
27,3878.2,5,-0.2,0.1047114,796.9,19.5,0.39956299
20,3878.5,-7,0.3,0.07757,796.9,19.5,0.39956299
18,3878.7,-2,0.2,0.0698166,797,19.5,0.39948764
23,3878.5,5,-0.2,0.0892055,797,19.5,0.39948764
25,3878.4,2,-0.1,0.09696,797,19.5,0.39948764
21,3878.6,-4,0.2,0.0814506,797,19.5,0.39948764
29,3878.2,8,-0.4,0.1124678,797,19.5,0.39948764
16,3878.8,-13,0.6,0.0620608,797,19.5,0.39948764
22,3878.6,6,-0.2,0.0853292,797,19.5,0.39948764
26,3878.4,4,-0.2,0.1008384,797,19.5,0.39948764
21,3878.6,-5,0.2,0.0814506,797,19.5,0.39948764
22,3878.6,1,0,0.0853292,797,19.5,0.39948764
18,3878.8,-4,0.2,0.0698184,797,19.5,0.39948764
28,3878.4,10,-0.4,0.1085952,797,19.5,0.39948764
25,3878.5,-3,0.1,0.0969625,797,19.5,0.39948764
20,3878.8,-5,0.3,0.077576,797,19.5,0.39948764
25,3878.6,5,-0.2,0.096965,797,19.5,0.39948764
28,3878.4,3,-0.2,0.1085952,797.1,19.5,0.3994123
23,3878.7,-5,0.3,0.0892101,797.1,19.5,0.3994123
20,3878.8,-3,0.1,0.077576,797.1,19.5,0.3994123
20,3878.9,0,0.1,0.077578,797.1,19.5,0.3994123
26,3878.6,6,-0.3,0.1008436,797.1,19.5,0.3994123
24,3878.7,-2,0.1,0.0930888,797.1,19.5,0.3994123
20,3878.9,-4,0.2,0.077578,797.1,19.5,0.3994123
23,3878.8,3,-0.1,0.0892124,797.1,19.5,0.3994123
25,3878.7,2,-0.1,0.0969675,797.1,19.5,0.3994123
26,3878.6,1,-0.1,0.1008436,797.1,19.5,0.3994123
20,3878.9,-6,0.3,0.077578,797.1,19.5,0.3994123
21,3878.9,1,0,0.0814569,797.1,19.5,0.3994123
24,3878.8,3,-0.1,0.0930912,797.1,19.5,0.3994123
22,3878.9,-2,0.1,0.0853358,797.1,19.5,0.3994123
21,3879,-1,0.1,0.081459,797.1,19.5,0.3994123
19,3879,-2,0,0.073701,797.1,19.5,0.3994123
24,3878.8,5,-0.2,0.0930912,797.2,19.5,0.39933695
22,3878.9,-2,0.1,0.0853358,797.2,19.5,0.39933695
20,3879.1,-2,0.2,0.077582,797.2,19.5,0.39933695
24,3878.8,4,-0.3,0.0930912,797.2,19.5,0.39933695
19,3879.1,-5,0.3,0.0737029,797.2,19.5,0.39933695
29,3878.7,10,-0.4,0.1124823,797.2,19.5,0.39933695
24,3878.9,-5,0.2,0.0930936,797.2,19.5,0.39933695
20,3879.1,-4,0.2,0.077582,797.2,19.5,0.39933695
22,3879,2,-0.1,0.085338,797.2,19.5,0.39933695
24,3878.9,2,-0.1,0.0930936,797.2,19.5,0.39933695
22,3879.1,-2,0.2,0.0853402,797.2,19.5,0.39933695
24,3878.9,2,-0.2,0.0930936,797.2,19.5,0.39933695
18,3879.2,-6,0.3,0.0698256,797.2,19.5,0.39933695
20,3879.2,2,0,0.077584,797.2,19.5,0.39933695
20,3879.2,0,0,0.077584,797.2,19.5,0.39933695
22,3879.1,2,-0.1,0.0853402,797.2,19.5,0.39933695
19,3879.2,-3,0.1,0.0737048,797.2,19.5,0.39933695
19,3879.3,0,0.1,0.0737067,797.3,19.5,0.3992616
23,3879.1,4,-0.2,0.0892193,797.3,19.5,0.3992616
24,3879,1,-0.1,0.093096,797.3,19.5,0.3992616
18,3879.3,-6,0.3,0.0698274,797.3,19.5,0.3992616
24,3879,6,-0.3,0.093096,797.3,19.5,0.3992616
22,3879.2,-2,0.2,0.0853424,797.3,19.5,0.3992616
23,3879.1,1,-0.1,0.0892193,797.3,19.5,0.3992616
19,3879.3,-4,0.2,0.0737067,797.3,19.5,0.3992616
23,3879.2,4,-0.1,0.0892216,797.3,19.5,0.3992616
21,3879.2,-2,0,0.0814632,797.3,19.5,0.3992616
20,3879.3,-1,0.1,0.077586,797.3,19.5,0.3992616
25,3879.1,5,-0.2,0.0969775,797.3,19.5,0.3992616
24,3879.2,-1,0.1,0.0931008,797.3,19.5,0.3992616
20,3879.3,-4,0.1,0.077586,797.3,19.5,0.3992616
27,3879,7,-0.3,0.104733,797.3,19.5,0.3992616
23,3879.2,-4,0.2,0.0892216,797.3,19.5,0.3992616
19,3879.4,-4,0.2,0.0737086,797.4,19.5,0.39918626
23,3879.2,4,-0.2,0.0892216,797.4,19.5,0.39918626
25,3879.1,2,-0.1,0.0969775,797.4,19.5,0.39918626
22,3879.3,-3,0.2,0.0853446,797.4,19.5,0.39918626
22,3879.3,0,0,0.0853446,797.4,19.5,0.39918626
26,3879.1,4,-0.2,0.1008566,797.4,19.5,0.39918626
22,3879.3,-4,0.2,0.0853446,797.4,19.5,0.39918626
20,3879.4,-2,0.1,0.077588,797.4,19.5,0.39918626
21,3879.4,1,0,0.0814674,797.4,19.5,0.39918626
24,3879.2,3,-0.2,0.0931008,797.4,19.5,0.39918626
23,3879.3,-1,0.1,0.0892239,797.4,19.5,0.39918626
19,3879.5,-4,0.2,0.0737105,797.4,19.5,0.39918626
23,3879.3,4,-0.2,0.0892239,797.4,19.5,0.39918626
19,3879.5,-4,0.2,0.0737105,797.4,19.5,0.39918626
22,3879.4,3,-0.1,0.0853468,797.4,19.5,0.39918626
28,3879.1,6,-0.3,0.1086148,797.4,19.5,0.39918626
22,3879.4,-6,0.3,0.0853468,797.5,19.5,0.39911091
22,3879.4,0,0,0.0853468,797.5,19.5,0.39911091
26,3879.2,4,-0.2,0.1008592,797.5,19.5,0.39911091
19,3879.6,-7,0.4,0.0737124,797.5,19.5,0.39911091
23,3879.4,4,-0.2,0.0892262,797.5,19.5,0.39911091
24,3879.3,1,-0.1,0.0931032,797.5,19.5,0.39911091
17,3879.6,-7,0.3,0.0659532,797.5,19.5,0.39911091
23,3879.4,6,-0.2,0.0892262,797.5,19.5,0.39911091
32,3879,9,-0.4,0.124128,797.5,19.5,0.39911091
40,3878.6,8,-0.4,0.155144,797.5,19.5,0.39911091
37,3878.7,-3,0.1,0.1435119,797.5,19.5,0.39911091
43,3878.4,6,-0.3,0.1667712,797.5,19.5,0.39911091
40,3878.5,-3,0.1,0.15514,797.5,19.5,0.39911091
42,3878.4,2,-0.1,0.1628928,797.6,19.5,0.39903556
42,3878.4,0,0,0.1628928,797.6,19.5,0.39903556
41,3878.5,-1,0.1,0.1590185,797.6,19.5,0.39903556
41,3878.4,0,-0.1,0.1590144,797.6,19.5,0.39903556
37,3878.6,-4,0.2,0.1435082,797.6,19.5,0.39903556
38,3878.5,1,-0.1,0.147383,797.6,19.5,0.39903556
41,3878.4,3,-0.1,0.1590144,797.6,19.5,0.39903556
48,3878.1,7,-0.3,0.1861488,797.6,19.5,0.39903556
40,3878.4,-8,0.3,0.155136,797.7,19.5,0.39896022
41,3878.4,1,0,0.1590144,797.7,19.5,0.39896022
43,3878.2,2,-0.2,0.1667626,797.7,19.5,0.39896022
43,3878.3,0,0.1,0.1667669,797.7,19.5,0.39896022
43,3878.3,0,0,0.1667669,797.7,19.5,0.39896022
42,3878.3,-1,0,0.1628886,797.7,19.5,0.39896022
40,3878.4,-2,0.1,0.155136,797.7,19.5,0.39896022
38,3878.5,-2,0.1,0.147383,797.7,19.5,0.39896022
43,3878.2,5,-0.3,0.1667626,797.7,19.5,0.39896022
38,3878.4,-5,0.2,0.1473792,797.8,19.5,0.39888487
37,3878.5,-1,0.1,0.1435045,797.8,19.5,0.39888487
42,3878.3,5,-0.2,0.1628886,797.8,19.5,0.39888487
37,3878.5,-5,0.2,0.1435045,797.8,19.5,0.39888487
37,3878.5,0,0,0.1435045,797.8,19.5,0.39888487
40,3878.4,3,-0.1,0.155136,797.8,19.5,0.39888487
41,3878.4,1,0,0.1590144,797.8,19.5,0.39888487
35,3878.7,-6,0.3,0.1357545,797.8,19.5,0.39888487
45,3878.2,10,-0.5,0.174519,797.8,19.5,0.39888487
35,3878.6,-10,0.4,0.135751,797.9,19.5,0.39880952
36,3878.6,1,0,0.1396296,797.9,19.5,0.39880952
46,3878.1,10,-0.5,0.1783926,797.9,19.5,0.39880952
43,3878.2,-3,0.1,0.1667626,797.9,19.5,0.39880952
38,3878.4,-5,0.2,0.1473792,797.9,19.5,0.39880952
40,3878.4,2,0,0.155136,797.9,19.5,0.39880952
40,3878.4,0,0,0.155136,797.9,19.5,0.39880952
40,3878.4,0,0,0.155136,797.9,19.5,0.39880952
38,3878.5,-2,0.1,0.147383,797.9,19.5,0.39880952
32,3878.8,-6,0.3,0.1241216,797.9,19.5,0.39880952
43,3878.2,11,-0.6,0.1667626,798,19.5,0.39873418
43,3878.2,0,0,0.1667626,798,19.5,0.39873418
42,3878.2,-1,0,0.1628844,798,19.5,0.39873418
42,3878.3,0,0.1,0.1628886,798,19.5,0.39873418
38,3878.4,-4,0.1,0.1473792,798,19.5,0.39873418
43,3878.2,5,-0.2,0.1667626,798,19.5,0.39873418
42,3878.3,-1,0.1,0.1628886,798,19.5,0.39873418
41,3878.3,-1,0,0.1590103,798,19.5,0.39873418
45,3878.1,4,-0.2,0.1745145,798.1,19.5,0.39865883
37,3878.4,-8,0.3,0.1435008,798.1,19.5,0.39865883
40,3878.3,3,-0.1,0.155132,798.1,19.5,0.39865883
40,3878.3,0,0,0.155132,798.1,19.5,0.39865883
39,3878.4,-1,0.1,0.1512576,798.1,19.5,0.39865883
47,3878,8,-0.4,0.182266,798.1,19.5,0.39865883
40,3878.4,-7,0.4,0.155136,798.1,19.5,0.39865883
41,3878.3,1,-0.1,0.1590103,798.1,19.5,0.39865883
42,3878.2,1,-0.1,0.1628844,798.1,19.5,0.39865883
39,3878.4,-3,0.2,0.1512576,798.2,19.5,0.39858348
39,3878.4,0,0,0.1512576,798.2,19.5,0.39858348
39,3878.4,0,0,0.1512576,798.2,19.5,0.39858348
35,3878.6,-4,0.2,0.135751,798.2,19.5,0.39858348
36,3878.6,1,0,0.1396296,798.2,19.5,0.39858348
37,3878.5,1,-0.1,0.1435045,798.2,19.5,0.39858348
42,3878.3,5,-0.2,0.1628886,798.2,19.5,0.39858348
42,3878.3,0,0,0.1628886,798.2,19.5,0.39858348
36,3878.5,-6,0.2,0.139626,798.2,19.5,0.39858348
37,3878.5,1,0,0.1435045,798.3,19.5,0.39850814
46,3878,9,-0.5,0.178388,798.3,19.5,0.39850814
43,3878.2,-3,0.2,0.1667626,798.3,19.5,0.39850814
41,3878.3,-2,0.1,0.1590103,798.3,19.5,0.39850814
39,3878.4,-2,0.1,0.1512576,798.3,19.5,0.39850814
39,3878.4,0,0,0.1512576,798.3,19.5,0.39850814
41,3878.3,2,-0.1,0.1590103,798.3,19.5,0.39850814
46,3878,5,-0.3,0.178388,798.3,19.5,0.39850814
39,3878.3,-7,0.3,0.1512537,798.3,19.5,0.39850814
44,3878.1,5,-0.2,0.1706364,798.4,19.5,0.39843279
38,3878.4,-6,0.3,0.1473792,798.4,19.5,0.39843279
42,3878.2,4,-0.2,0.1628844,798.4,19.5,0.39843279
43,3878.2,1,0,0.1667626,798.4,19.5,0.39843279
42,3878.2,-1,0,0.1628844,798.4,19.5,0.39843279
43,3878.2,1,0,0.1667626,798.4,19.5,0.39843279
44,3878.1,1,-0.1,0.1706364,798.4,19.5,0.39843279
42,3878.2,-2,0.1,0.1628844,798.4,19.5,0.39843279
42,3878.2,0,0,0.1628844,798.4,19.5,0.39843279
43,3878.2,1,0,0.1667626,798.5,19.5,0.39835744
33,3878.6,-10,0.4,0.1279938,798.5,19.5,0.39835744
36,3878.5,3,-0.1,0.139626,798.5,19.5,0.39835744
41,3878.3,5,-0.2,0.1590103,798.5,19.5,0.39835744
45,3878.1,4,-0.2,0.1745145,798.5,19.5,0.39835744
44,3878.1,-1,0,0.1706364,798.5,19.5,0.39835744
41,3878.3,-3,0.2,0.1590103,798.5,19.5,0.39835744
42,3878.2,1,-0.1,0.1628844,798.5,19.5,0.39835744
47,3878,5,-0.2,0.182266,798.6,19.5,0.3982821
45,3878.1,-2,0.1,0.1745145,798.6,19.5,0.3982821
41,3878.2,-4,0.1,0.1590062,798.6,19.5,0.3982821
42,3878.1,1,-0.1,0.1628802,798.6,19.5,0.3982821
41,3878.3,-1,0.2,0.1590103,798.6,19.5,0.3982821
40,3878.3,-1,0,0.155132,798.6,19.5,0.3982821
47,3878,7,-0.3,0.182266,798.6,19.5,0.3982821
42,3878.1,-5,0.1,0.1628802,798.6,19.5,0.3982821
36,3878.5,-6,0.4,0.139626,798.6,19.5,0.3982821
45,3878,9,-0.5,0.17451,798.7,19.5,0.39820675
39,3878.3,-6,0.3,0.1512537,798.7,19.5,0.39820675
45,3878,6,-0.3,0.17451,798.7,19.5,0.39820675
39,3878.3,-6,0.3,0.1512537,798.7,19.5,0.39820675
39,3878.3,0,0,0.1512537,798.7,19.5,0.39820675
41,3878.3,2,0,0.1590103,798.7,19.5,0.39820675
41,3878.2,0,-0.1,0.1590062,798.7,19.5,0.39820675
38,3878.4,-3,0.2,0.1473792,798.7,19.5,0.39820675
38,3878.4,0,0,0.1473792,798.7,19.5,0.39820675
39,3878.4,1,0,0.1512576,798.8,19.5,0.3981314
44,3878.1,5,-0.3,0.1706364,798.8,19.5,0.3981314
40,3878.3,-4,0.2,0.155132,798.8,19.5,0.3981314
38,3878.4,-2,0.1,0.1473792,798.8,19.5,0.3981314
38,3878.3,0,-0.1,0.1473754,798.8,19.5,0.3981314
40,3878.3,2,0,0.155132,798.8,19.5,0.3981314
40,3878.3,0,0,0.155132,798.8,19.5,0.3981314
39,3878.4,-1,0.1,0.1512576,798.8,19.5,0.3981314
42,3878.2,3,-0.2,0.1628844,798.8,19.5,0.3981314
37,3878.4,-5,0.2,0.1435008,798.9,19.5,0.39805606
42,3878.2,5,-0.2,0.1628844,798.9,19.5,0.39805606
44,3878.1,2,-0.1,0.1706364,798.9,19.5,0.39805606
41,3878.3,-3,0.2,0.1590103,798.9,19.5,0.39805606
43,3878.2,2,-0.1,0.1667626,798.9,19.5,0.39805606
40,3878.3,-3,0.1,0.155132,798.9,19.5,0.39805606
37,3878.4,-3,0.1,0.1435008,798.9,19.5,0.39805606
45,3878.1,8,-0.3,0.1745145,798.9,19.5,0.39805606
46,3878.1,1,0,0.1783926,799,19.5,0.39798071
41,3878.3,-5,0.2,0.1590103,799,19.5,0.39798071
39,3878.3,-2,0,0.1512537,799,19.5,0.39798071
39,3878.3,0,0,0.1512537,799,19.5,0.39798071
37,3878.5,-2,0.2,0.1435045,799,19.5,0.39798071
39,3878.4,2,-0.1,0.1512576,799,19.5,0.39798071
45,3878.1,6,-0.3,0.1745145,799,19.5,0.39798071
38,3878.4,-7,0.3,0.1473792,799,19.5,0.39798071
41,3878.3,3,-0.1,0.1590103,799,19.5,0.39798071
42,3878.3,1,0,0.1628886,799.1,19.5,0.39790536
43,3878.2,1,-0.1,0.1667626,799.1,19.5,0.39790536
38,3878.4,-5,0.2,0.1473792,799.1,19.5,0.39790536
37,3878.5,-1,0.1,0.1435045,799.1,19.5,0.39790536
41,3878.2,4,-0.3,0.1590062,799.1,19.5,0.39790536
40,3878.3,-1,0.1,0.155132,799.1,19.5,0.39790536
41,3878.3,1,0,0.1590103,799.1,19.5,0.39790536
40,3878.3,-1,0,0.155132,799.1,19.5,0.39790536
42,3878.2,2,-0.1,0.1628844,799.1,19.5,0.39790536
41,3878.3,-1,0.1,0.1590103,799.2,19.5,0.39783002
42,3878.2,1,-0.1,0.1628844,799.2,19.5,0.39783002
2777.9,3747.2,2735.9,-131,10.409347,799.9,19.5,0.39730259
2778,3742,0.1,-5.2,10.395276,800.6,19.5,0.39677517
2783,3737.8,5,-4.2,10.402297,801.4,19.5,0.39617239
2783,3734.4,0,-3.4,10.392835,802.2,19.5,0.39556962
2772.9,3731.7,-10.1,-2.7,10.347631,802.9,19.5,0.39504219
2785,3728.2,12.1,-3.5,10.383037,803.7,19.5,0.39443942
-410.9,3878.9,-3195.9,150.7,-1.59384,803.7,19.5,0.39443942
-404.9,3882.1,6,3.2,-1.5718623,803.6,19.5,0.39451477
-408.9,3884.6,-4,2.5,-1.5884129,803.5,19.5,0.39459011
-410,3886.3,-1.1,1.7,-1.593383,803.4,19.5,0.39466546
-412.9,3887.9,-2.9,1.6,-1.6053139,803.2,19.5,0.39481615
-409,3888.9,3.9,1,-1.5905601,803.1,19.5,0.3948915
-409,3890,0,1.1,-1.59101,803,19.5,0.39496685
-410.1,3890.9,-1.1,0.9,-1.5956581,802.9,19.5,0.39504219
-407,3891.7,3.1,0.8,-1.5839219,802.8,19.5,0.39511754
-407,3892.5,0,0.8,-1.5842475,802.7,19.5,0.39519289
2809.8,3738.9,3216.8,-153.6,10.505561,803.4,19.5,0.39466546
2813,3733.3,3.2,-5.6,10.501773,804.1,19.5,0.39413803
2808.1,3729.4,-4.9,-3.9,10.472528,804.9,19.5,0.39353526
2810,3725.8,1.9,-3.6,10.469498,805.7,19.5,0.39293249
2805.1,3723.1,-4.9,-2.7,10.443668,806.5,19.5,0.39232972
-44,3857.2,-2849.1,134.1,-0.1697168,806.6,19.5,0.39225437
-47,3860,-3,2.8,-0.18142,806.5,19.5,0.39232972
-54,3862.1,-7,2.1,-0.2085534,806.5,19.5,0.39232972
-49,3863.1,5,1,-0.1892919,806.5,19.5,0.39232972
-54,3864.3,-5,1.2,-0.2086722,806.5,19.5,0.39232972
115.1,3856.5,169.1,-7.8,0.44388315,806.5,19.5,0.39232972
287,3848.6,171.9,-7.9,1.1045482,806.6,19.5,0.39225437
294,3848.4,7,-0.2,1.1314296,806.7,19.5,0.39217902
1128.9,3808.6,834.9,-39.8,4.2995285,807,19.5,0.39195298
1125,3807.3,-3.9,-1.3,4.2832125,807.3,19.5,0.39172694
1121.1,3806.3,-3.9,-1,4.2672429,807.6,19.5,0.3915009
1125.1,3805.2,4,-1.1,4.2812305,807.9,19.5,0.39127486
1128,3804.2,2.9,-1,4.2911376,808.2,19.5,0.39104882
1128,3803.4,0,-0.8,4.2902352,808.6,19.5,0.39074744
1123.1,3802.9,-4.9,-0.5,4.271037,808.9,19.5,0.3905214
1122,3802.3,-1.1,-0.6,4.2661806,809.2,19.5,0.39029536
1127,3801.4,5,-0.9,4.2841778,809.5,19.5,0.39006932
-1395.9,3922,-2522.9,120.6,-5.4747198,809.2,19.5,0.39029536
-1392.1,3926,3.8,4,-5.4653846,808.8,19.5,0.39059675
-1386.1,3928.9,6,2.9,-5.4458483,808.4,19.5,0.39089813
-1386,3931.4,0.1,2.5,-5.4489204,808,19.5,0.39119952
-1388.9,3934,-2.9,2.6,-5.4639326,807.6,19.5,0.3915009
-1388,3936,0.9,2,-5.463168,807.2,19.5,0.39180229
-1391.1,3938.1,-3.1,2.1,-5.4782909,806.8,19.5,0.39210368
-1388,3939.9,3.1,1.8,-5.4685812,806.5,19.5,0.39232972
-182,3883.9,1206,-56,-0.7068698,806.4,19.5,0.39240506
-177,3883,5,-0.9,-0.687291,806.4,19.5,0.39240506
-176.1,3882.7,0.9,-0.3,-0.68374347,806.3,19.5,0.39248041
-171.1,3882.4,5,-0.3,-0.66427864,806.3,19.5,0.39248041
507,3849.4,678.1,-33,1.9516458,806.3,19.5,0.39248041
508,3848.2,1,-1.2,1.9548856,806.5,19.5,0.39232972
508,3847.3,0,-0.9,1.9544284,806.6,19.5,0.39225437
2953.9,3729.7,2445.9,-117.6,11.017161,807.4,19.5,0.3916516
2955,3724.5,1.1,-5.2,11.005897,808.3,19.6,0.39097348
2962.9,3720,7.9,-4.5,11.021988,809.1,19.6,0.39037071
2958,3716.7,-4.9,-3.3,10.993999,809.9,19.6,0.38976793
1478.1,3784.1,-1479.9,67.4,5.5932782,810.3,19.6,0.38946655
-5,3855.4,-1483.1,71.3,-0.019277,810.3,19.6,0.38946655
-9,3857.8,-4,2.4,-0.0347202,810.3,19.6,0.38946655
-4,3859,5,1.2,-0.015436,810.3,19.6,0.38946655
-11,3860.3,-7,1.3,-0.0424633,810.3,19.6,0.38946655
-5,3860.9,6,0.6,-0.0193045,810.3,19.6,0.38946655
-8,3861.7,-3,0.8,-0.0308936,810.3,19.6,0.38946655
-5,3862.2,3,0.5,-0.019311,810.3,19.6,0.38946655
240,3850.4,245,-11.8,0.924096,810.4,19.6,0.3893912
490,3838.5,250,-11.9,1.880865,810.5,19.6,0.38931585
484.1,3838.3,-5.9,-0.2,1.858121,810.7,19.6,0.38916516
488,3837.9,3.9,-0.4,1.8728952,810.8,19.6,0.38908981
495.1,3837.4,7.1,-0.5,1.8998967,810.9,19.6,0.38901447
484.2,3837.7,-10.9,0.3,1.8582143,811.1,19.6,0.38886377
492.1,3837.1,7.9,-0.6,1.8882369,811.2,19.6,0.38878843
488,3837.2,-4.1,0.1,1.8725536,811.3,19.6,0.38871308
489.1,3837,1.1,-0.2,1.8766767,811.5,19.6,0.38856239
86,3856.1,-403.1,19.1,0.3316246,811.5,19.6,0.38856239
94,3856.4,8,0.3,0.3625016,811.5,19.6,0.38856239
94,3856.8,0,0.4,0.3625392,811.6,19.6,0.38848704
88,3857.5,-6,0.7,0.33946,811.6,19.6,0.38848704
83,3858,-5,0.5,0.320214,811.6,19.6,0.38848704
-54,3865.6,-137,7.6,-0.2087424,811.6,19.6,0.38848704
-49,3865.9,5,0.3,-0.1894291,811.6,19.6,0.38848704
-53,3866.5,-4,0.6,-0.2049245,811.6,19.6,0.38848704
-1134,3918.6,-1081,52.1,-4.4436924,811.3,19.6,0.38871308
-1133.9,3921,0.1,2.4,-4.4460219,811,19.6,0.38893912
-1139,3923.3,-5.1,2.3,-4.4686387,810.6,19.6,0.38924051
-1141.1,3925.1,-2.1,1.8,-4.4789316,810.3,19.6,0.38946655
-1137,3926.5,4.1,1.4,-4.4644305,810,19.6,0.38969259
-1139,3928,-2,1.5,-4.473992,809.7,19.6,0.38991863
-1134,3929.2,5,1.2,-4.4557128,809.4,19.6,0.39014467
492,3852.2,1626,-77,1.8952824,809.5,19.6,0.39006932
2125.7,3772.1,1633.7,-80.1,8.018353,810.1,19.6,0.38961724
2125.9,3767.9,0.2,-4.2,8.0101786,810.7,19.6,0.38916516
2121.9,3764.7,-4,-3.2,7.9883169,811.2,19.6,0.38878843
2128.8,3761.6,6.9,-3.1,8.0076941,811.8,19.6,0.38833635
2123.9,3759.4,-4.9,-2.2,7.9845897,812.4,19.6,0.38788427
2121.9,3757.2,-2,-2.2,7.9724027,813,19.6,0.38743219
2117.9,3755.2,-4,-2,7.9531381,813.6,19.6,0.38698011
50,3852,-2067.9,96.8,0.1926,813.6,19.6,0.38698011
54,3853.9,4,1.9,0.2081106,813.6,19.6,0.38698011
48,3855.4,-6,1.5,0.1850592,813.7,19.6,0.38690476
52,3856.1,4,0.7,0.2005172,813.7,19.6,0.38690476
58,3856.6,6,0.5,0.2236828,813.7,19.6,0.38690476
52,3857.4,-6,0.8,0.2005848,813.7,19.6,0.38690476
48,3858.1,-4,0.7,0.1851888,813.7,19.6,0.38690476
50,3858.5,2,0.4,0.192925,813.7,19.6,0.38690476
71,3857.9,21,-0.6,0.2739109,813.7,19.6,0.38690476
100,3856.8,29,-1.1,0.38568,813.8,19.6,0.38682942
101.2,3857,1.2,0.2,0.3903284,813.8,19.6,0.38682942
98,3857.4,-3.2,0.4,0.3780252,813.8,19.6,0.38682942
-164,3870.8,-262,13.4,-0.6348112,813.8,19.6,0.38682942
-159.1,3871.3,4.9,0.5,-0.61592383,813.7,19.6,0.38690476
-160.9,3871.9,-1.8,0.6,-0.62298871,813.7,19.6,0.38690476
-159,3872.4,1.9,0.5,-0.6157116,813.7,19.6,0.38690476
-162.1,3873,-3.1,0.6,-0.6278133,813.6,19.6,0.38698011
-165.1,3873.7,-3,0.7,-0.63954787,813.6,19.6,0.38698011
207,3855.6,372.1,-18.1,0.7981092,813.6,19.6,0.38698011
576,3837.7,369,-17.9,2.2105152,813.8,19.6,0.38682942
571,3837.1,-5,-0.6,2.1909841,813.9,19.6,0.38675407
568,3836.6,-3,-0.5,2.1791888,814.1,19.6,0.38660338
571,3836,3,-0.6,2.190356,814.2,19.6,0.38652803
571,3835.4,0,-0.6,2.1900134,814.4,19.6,0.38637734
576.1,3834.8,5.1,-0.6,2.2092283,814.6,19.6,0.38622664
573.1,3834.5,-3,-0.3,2.197552,814.7,19.6,0.3861513
929,3817.2,355.9,-17.3,3.5461788,815,19.6,0.38592526
1290,3798.9,361,-18.3,4.900581,815.3,19.6,0.38569922
1288.1,3797.5,-1.9,-1.4,4.8915597,815.7,19.6,0.38539783
390.1,3839.1,-898,41.6,1.4976329,815.8,19.6,0.38532248
-515.9,3883.6,-906,44.5,-2.0035492,815.7,19.6,0.38539783
-522,3885.9,-6.1,2.3,-2.0284398,815.5,19.6,0.38554852
-515.1,3887.1,6.9,1.2,-2.0022452,815.4,19.6,0.38562387
1015.9,3814.5,1531,-72.6,3.8751505,815.6,19.6,0.38547318
1020,3812.5,4.1,-2,3.88875,815.9,19.6,0.38524714
1024,3810.9,4,-1.6,3.9023616,816.2,19.6,0.3850211
1017,3810.2,-7,-0.7,3.8749734,816.5,19.6,0.38479506
1014.9,3809.4,-2.1,-0.8,3.8661601,816.8,19.6,0.38456902
786.1,3819.5,-228.8,10.1,3.002509,817,19.6,0.38441832
790.9,3818.9,4.8,-0.6,3.020368,817.2,19.6,0.38426763
784.1,3818.9,-6.8,0,2.9943995,817.4,19.6,0.38411694
782.1,3818.6,-2,-0.3,2.9865271,817.6,19.6,0.38396624
785.9,3818,3.8,-0.6,3.0005662,817.9,19.6,0.3837402
788,3817.5,2.1,-0.5,3.00819,818.1,19.6,0.38358951
782,3817.4,-6,-0.1,2.9852068,818.3,19.6,0.38343882
502.1,3830.5,-279.9,13.1,1.923294,818.4,19.6,0.38336347
504,3830.6,1.9,0.1,1.9306224,818.6,19.6,0.38321278
505,3830.6,1,0,1.934453,818.7,19.6,0.38313743
509,3830.4,4,-0.2,1.9496736,818.9,19.6,0.38298674
1437.9,3785.9,928.9,-44.5,5.4437456,819.3,19.6,0.38268535
2370.9,3739.5,933,-46.4,8.8659805,819.9,19.6,0.38223327
2368.9,3736.4,-2,-3.1,8.851158,820.6,19.6,0.38170585
2374.1,3733.6,5.2,-2.8,8.8639398,821.2,19.6,0.38125377
2372,3731.4,-2.1,-2.2,8.8508808,821.9,19.6,0.38072634
2373.9,3729.2,1.9,-2.2,8.8527479,822.6,19.6,0.38019892
2366,3727.7,-7.9,-1.5,8.8197382,823.2,19.6,0.37974684
2365.9,3725.8,-0.1,-1.9,8.8148702,823.9,19.6,0.37921941
2365.9,3724,0,-1.8,8.8106116,824.5,19.6,0.37876733
2368,3722.3,2.1,-1.7,8.8144064,825.2,19.6,0.3782399
789.2,3796.4,-1578.8,74.1,2.9961189,825.4,19.6,0.37808921
-800,3874.5,-1589.2,78.1,-3.0996,825.2,19.6,0.3782399
-796.9,3878.2,3.1,3.7,-3.0905376,825,19.6,0.3783906
-794.9,3881,2,2.8,-3.0850069,824.8,19.6,0.37854129
494,3821,1288.9,-60,1.887574,824.9,19.6,0.37846594
491,3820.8,-3,-0.2,1.8760128,825,19.6,0.3783906
490.9,3820.8,-0.1,0,1.8756307,825.2,19.6,0.3782399
491,3820.9,0.1,0.1,1.8760619,825.3,19.6,0.37816456
492.1,3820.9,1.1,0,1.8802649,825.4,19.6,0.37808921
1599,3768,1106.9,-52.9,6.025032,825.9,19.6,0.37771248
1598.1,3766,-0.9,-2,6.0184446,826.3,19.6,0.37741109
1524,3768.1,-74.1,2.1,5.7425844,826.7,19.6,0.3771097
1527,3766.8,3,-1.3,5.7519036,827.2,19.6,0.37673297
1523.9,3765.9,-3.1,-0.9,5.738855,827.6,19.6,0.37643159
1524,3764.9,0.1,-1,5.7377076,828,19.6,0.3761302
1524.9,3763.9,0.9,-1,5.7395711,828.4,19.6,0.37582881
1524,3763.2,-0.9,-0.7,5.7351168,828.9,19.6,0.37545208
1523,3762.4,-1,-0.8,5.7301352,829.3,19.6,0.37515069
1525,3761.5,2,-0.9,5.7362875,829.7,19.6,0.37484931
1523,3760.9,-2,-0.6,5.7278507,830.1,19.6,0.37454792
1241,3773.7,-282,12.8,4.6831617,830.5,19.6,0.37424653
958,3787.1,-283,13.4,3.6280418,830.7,19.6,0.37409584
956.1,3787.5,-1.9,0.4,3.6212287,831,19.6,0.3738698
-414,3854,-1370.1,66.5,-1.595556,830.9,19.6,0.37394515
-419.9,3856.9,-5.9,2.9,-1.6195123,830.8,19.6,0.37402049
-191,3848,228.9,-8.9,-0.734968,830.7,19.6,0.37409584
29,3838,220,-10,0.111302,830.7,19.6,0.37409584
38,3838.4,9,0.4,0.1458592,830.8,19.6,0.37402049
33,3839.4,-5,1,0.1267002,830.8,19.6,0.37402049
24,3840.5,-9,1.1,0.092172,830.8,19.6,0.37402049
29,3841,5,0.5,0.111389,830.8,19.6,0.37402049
28,3841.6,-1,0.6,0.1075648,830.8,19.6,0.37402049
26,3842.3,-2,0.7,0.0998998,830.8,19.6,0.37402049
28,3842.9,2,0.6,0.1076012,830.8,19.6,0.37402049
22,3843.8,-6,0.9,0.0845636,830.8,19.6,0.37402049
30,3843.8,8,0,0.115314,830.8,19.6,0.37402049
28,3844.5,-2,0.7,0.107646,830.8,19.6,0.37402049
32,3844.8,4,0.3,0.1230336,830.8,19.6,0.37402049
29,3845.4,-3,0.6,0.1115166,830.8,19.6,0.37402049
30,3845.9,1,0.5,0.115377,830.8,19.6,0.37402049
31,3846.2,1,0.3,0.1192322,830.9,19.6,0.37394515
31,3846.7,0,0.5,0.1192477,830.9,19.6,0.37394515
30,3847.1,-1,0.4,0.115413,830.9,19.6,0.37394515
30,3847.5,0,0.4,0.115425,830.9,19.6,0.37394515
26,3848.1,-4,0.6,0.1000506,830.9,19.6,0.37394515
31,3848.2,5,0.1,0.1192942,830.9,19.6,0.37394515
24,3849,-7,0.8,0.092376,830.9,19.6,0.37394515
26,3849.2,2,0.2,0.1000792,830.9,19.6,0.37394515
30,3849.4,4,0.2,0.115482,830.9,19.6,0.37394515
27,3849.8,-3,0.4,0.1039446,830.9,19.6,0.37394515
28,3850.1,1,0.3,0.1078028,830.9,19.6,0.37394515
29,3850.4,1,0.3,0.1116616,830.9,19.6,0.37394515
28,3850.7,-1,0.3,0.1078196,831,19.6,0.3738698
27,3851.1,-1,0.4,0.1039797,831,19.6,0.3738698
28,3851.4,1,0.3,0.1078392,831,19.6,0.3738698
31,3851.5,3,0.1,0.1193965,831,19.6,0.3738698
29,3851.9,-2,0.4,0.1117051,831,19.6,0.3738698
29,3852.1,0,0.2,0.1117109,831,19.6,0.3738698
28,3852.5,-1,0.4,0.10787,831,19.6,0.3738698
33,3852.5,5,0,0.1271325,831,19.6,0.3738698
25,3853.1,-8,0.6,0.0963275,831,19.6,0.3738698
27,3853.3,2,0.2,0.1040391,831,19.6,0.3738698
26,3853.5,-1,0.2,0.100191,831,19.6,0.3738698
29,3853.7,3,0.2,0.1117573,831,19.6,0.3738698
25,3854,-4,0.3,0.09635,831,19.6,0.3738698
26,3854.2,1,0.2,0.1002092,831.1,19.6,0.37379445
25,3854.5,-1,0.3,0.0963625,831.1,19.6,0.37379445
23,3854.8,-2,0.3,0.0886604,831.1,19.6,0.37379445
22,3855.1,-1,0.3,0.0848122,831.1,19.6,0.37379445
30,3854.9,8,-0.2,0.115647,831.1,19.6,0.37379445
31,3855.1,1,0.2,0.1195081,831.1,19.6,0.37379445
30,3855.3,-1,0.2,0.115659,831.1,19.6,0.37379445
28,3855.5,-2,0.2,0.107954,831.1,19.6,0.37379445
26,3855.9,-2,0.4,0.1002534,831.1,19.6,0.37379445
31,3855.8,5,-0.1,0.1195298,831.1,19.6,0.37379445
25,3856.3,-6,0.5,0.0964075,831.1,19.6,0.37379445
27,3856.3,2,0,0.1041201,831.1,19.6,0.37379445
30,3856.4,3,0.1,0.115692,831.1,19.6,0.37379445
29,3856.6,-1,0.2,0.1118414,831.2,19.6,0.37371911
28,3856.8,-1,0.2,0.1079904,831.2,19.6,0.37371911
29,3856.9,1,0.1,0.1118501,831.2,19.6,0.37371911
30,3857,1,0.1,0.11571,831.2,19.6,0.37371911
32,3857.1,2,0.1,0.1234272,831.2,19.6,0.37371911
30,3857.3,-2,0.2,0.115719,831.2,19.6,0.37371911
28,3857.6,-2,0.3,0.1080128,831.2,19.6,0.37371911
27,3857.7,-1,0.1,0.1041579,831.2,19.6,0.37371911
28,3857.8,1,0.1,0.1080184,831.2,19.6,0.37371911
25,3858.2,-3,0.4,0.096455,831.2,19.6,0.37371911
34,3857.8,9,-0.4,0.1311652,831.2,19.6,0.37371911
47,3857.3,13,-0.5,0.1812931,831.2,19.6,0.37371911
40,3857.8,-7,0.5,0.154312,831.3,19.6,0.37364376
44,3857.7,4,-0.1,0.1697388,831.3,19.6,0.37364376
41,3858,-3,0.3,0.158178,831.3,19.6,0.37364376
45,3857.9,4,-0.1,0.1736055,831.3,19.6,0.37364376
43,3858,-2,0.1,0.165894,831.3,19.6,0.37364376
41,3858.3,-2,0.3,0.1581903,831.3,19.6,0.37364376
44,3858.3,3,0,0.1697652,831.3,19.6,0.37364376
43,3858.4,-1,0.1,0.1659112,831.3,19.6,0.37364376
41,3858.6,-2,0.2,0.1582026,831.4,19.6,0.37356841
40,3858.8,-1,0.2,0.154352,831.4,19.6,0.37356841
37,3859,-3,0.2,0.142783,831.4,19.6,0.37356841
43,3858.9,6,-0.1,0.1659327,831.4,19.6,0.37356841
49,3858.6,6,-0.3,0.1890714,831.4,19.6,0.37356841
41,3859.1,-8,0.5,0.1582231,831.4,19.6,0.37356841
36,3859.4,-5,0.3,0.1389384,831.4,19.6,0.37356841
46,3859,10,-0.4,0.177514,831.4,19.6,0.37356841
44,3859.3,-2,0.3,0.1698092,831.4,19.6,0.37356841
45,3859.3,1,0,0.1736685,831.5,19.6,0.37349307
37,3859.7,-8,0.4,0.1428089,831.5,19.6,0.37349307
42,3859.6,5,-0.1,0.1621032,831.5,19.6,0.37349307
40,3859.8,-2,0.2,0.154392,831.5,19.6,0.37349307
37,3860,-3,0.2,0.14282,831.5,19.6,0.37349307
45,3859.7,8,-0.3,0.1736865,831.5,19.6,0.37349307
45,3859.8,0,0.1,0.173691,831.5,19.6,0.37349307
42,3860,-3,0.2,0.16212,831.5,19.6,0.37349307
48,3859.8,6,-0.2,0.1852704,831.6,19.6,0.37341772
44,3860,-4,0.2,0.16984,831.6,19.6,0.37341772
39,3860.4,-5,0.4,0.1505556,831.6,19.6,0.37341772
43,3860.2,4,-0.2,0.1659886,831.6,19.6,0.37341772
49,3860.1,6,-0.1,0.1891449,831.6,19.6,0.37341772
41,3860.4,-8,0.3,0.1582764,831.6,19.6,0.37341772
39,3860.6,-2,0.2,0.1505634,831.6,19.6,0.37341772
46,3860.4,7,-0.2,0.1775784,831.6,19.6,0.37341772
49,3860.3,3,-0.1,0.1891547,831.6,19.6,0.37341772
41,3860.7,-8,0.4,0.1582887,831.7,19.6,0.37334237
37,3861,-4,0.3,0.142857,831.7,19.6,0.37334237
47,3860.6,10,-0.4,0.1814482,831.7,19.6,0.37334237
41,3861,-6,0.4,0.158301,831.7,19.6,0.37334237
43,3860.9,2,-0.1,0.1660187,831.7,19.6,0.37334237
46,3860.8,3,-0.1,0.1775968,831.7,19.6,0.37334237
37,3861.3,-9,0.5,0.1428681,831.7,19.6,0.37334237
43,3861.1,6,-0.2,0.1660273,831.7,19.6,0.37334237
41,3861.3,-2,0.2,0.1583133,831.8,19.6,0.37326703
41,3861.3,0,0,0.1583133,831.8,19.6,0.37326703
40,3861.4,-1,0.1,0.154456,831.8,19.6,0.37326703
43,3861.4,3,0,0.1660402,831.8,19.6,0.37326703
43,3861.4,0,0,0.1660402,831.8,19.6,0.37326703
44,3861.4,1,0,0.1699016,831.8,19.6,0.37326703
42,3861.6,-2,0.2,0.1621872,831.8,19.6,0.37326703
42,3861.7,0,0.1,0.1621914,831.8,19.6,0.37326703
42,3861.7,0,0,0.1621914,831.8,19.6,0.37326703
47,3861.5,5,-0.2,0.1814905,831.9,19.6,0.37319168
46,3861.6,-1,0.1,0.1776336,831.9,19.6,0.37319168
45,3861.7,-1,0.1,0.1737765,831.9,19.6,0.37319168
45,3861.7,0,0,0.1737765,831.9,19.6,0.37319168
37,3862.2,-8,0.5,0.1429014,831.9,19.6,0.37319168
43,3862,6,-0.2,0.166066,831.9,19.6,0.37319168
42,3862.1,-1,0.1,0.1622082,831.9,19.6,0.37319168
41,3862.2,-1,0.1,0.1583502,831.9,19.6,0.37319168
44,3862.1,3,-0.1,0.1699324,832,19.6,0.37311634
38,3862.4,-6,0.3,0.1467712,832,19.6,0.37311634
45,3862.1,7,-0.3,0.1737945,832,19.6,0.37311634
41,3862.3,-4,0.2,0.1583543,832,19.6,0.37311634
40,3862.5,-1,0.2,0.1545,832,19.6,0.37311634
44,3862.3,4,-0.2,0.1699412,832,19.6,0.37311634
41,3862.5,-3,0.2,0.1583625,832,19.6,0.37311634
44,3862.4,3,-0.1,0.1699456,832,19.6,0.37311634
47,3862.3,3,-0.1,0.1815281,832,19.6,0.37311634
45,3862.5,-2,0.2,0.1738125,832.1,19.6,0.37304099
36,3863,-9,0.5,0.139068,832.1,19.6,0.37304099
40,3862.8,4,-0.2,0.154512,832.1,19.6,0.37304099
45,3862.6,5,-0.2,0.173817,832.1,19.6,0.37304099
46,3862.5,1,-0.1,0.177675,832.1,19.6,0.37304099
42,3862.8,-4,0.3,0.1622376,832.1,19.6,0.37304099
43,3862.8,1,0,0.1661004,832.1,19.6,0.37304099
42,3862.9,-1,0.1,0.1622418,832.1,19.6,0.37304099
41,3863,-1,0.1,0.158383,832.2,19.6,0.37296564
41,3863,0,0,0.158383,832.2,19.6,0.37296564
36,3863.3,-5,0.3,0.1390788,832.2,19.6,0.37296564
46,3862.9,10,-0.4,0.1776934,832.2,19.6,0.37296564
44,3863,-2,0.1,0.169972,832.2,19.6,0.37296564
41,3863.1,-3,0.1,0.1583871,832.2,19.6,0.37296564
48,3862.9,7,-0.2,0.1854192,832.2,19.6,0.37296564
43,3863.2,-5,0.3,0.1661176,832.2,19.6,0.37296564
41,3863.3,-2,0.1,0.1583953,832.2,19.6,0.37296564
42,3863.3,1,0,0.1622586,832.3,19.6,0.3728903
38,3863.5,-4,0.2,0.146813,832.3,19.6,0.3728903
47,3863.1,9,-0.4,0.1815657,832.3,19.6,0.3728903
37,3863.6,-10,0.5,0.1429532,832.3,19.6,0.3728903
41,3863.5,4,-0.1,0.1584035,832.3,19.6,0.3728903
47,3863.2,6,-0.3,0.1815704,832.3,19.6,0.3728903
41,3863.5,-6,0.3,0.1584035,832.3,19.6,0.3728903
43,3863.4,2,-0.1,0.1661262,832.3,19.6,0.3728903
46,3863.4,3,0,0.1777164,832.4,19.6,0.37281495
43,3863.5,-3,0.1,0.1661305,832.4,19.6,0.37281495
44,3863.5,1,0,0.169994,832.4,19.6,0.37281495
45,3863.5,1,0,0.1738575,832.4,19.6,0.37281495
49,3863.4,4,-0.1,0.1893066,832.4,19.6,0.37281495
46,3863.5,-3,0.1,0.177721,832.4,19.6,0.37281495
43,3863.7,-3,0.2,0.1661391,832.4,19.6,0.37281495
46,3863.6,3,-0.1,0.1777256,832.4,19.6,0.37281495
47,3863.6,1,0,0.1815892,832.5,19.6,0.3727396
48,3863.5,1,-0.1,0.185448,832.5,19.6,0.3727396
45,3863.7,-3,0.2,0.1738665,832.5,19.6,0.3727396
47,3863.7,2,0,0.1815939,832.5,19.6,0.3727396
42,3863.9,-5,0.2,0.1622838,832.5,19.6,0.3727396
47,3863.7,5,-0.2,0.1815939,832.5,19.6,0.3727396
37,3864.2,-10,0.5,0.1429754,832.5,19.6,0.3727396
42,3864,5,-0.2,0.162288,832.5,19.6,0.3727396
41,3864.1,-1,0.1,0.1584281,832.6,19.6,0.37266426
46,3863.9,5,-0.2,0.1777394,832.6,19.6,0.37266426
44,3864,-2,0.1,0.170016,832.6,19.6,0.37266426
43,3864.1,-1,0.1,0.1661563,832.6,19.6,0.37266426
51,3863.7,8,-0.4,0.1970487,832.6,19.6,0.37266426
47,3863.9,-4,0.2,0.1816033,832.6,19.6,0.37266426
46,3864,-1,0.1,0.177744,832.6,19.6,0.37266426
47,3864,1,0,0.181608,832.6,19.6,0.37266426
46,3864.1,-1,0.1,0.1777486,832.7,19.6,0.37258891
46,3864.1,0,0,0.1777486,832.7,19.6,0.37258891
43,3864.3,-3,0.2,0.1661649,832.7,19.6,0.37258891
45,3864.2,2,-0.1,0.173889,832.7,19.6,0.37258891
45,3864.3,0,0.1,0.1738935,832.7,19.6,0.37258891
45,3864.3,0,0,0.1738935,832.7,19.6,0.37258891
42,3864.4,-3,0.1,0.1623048,832.7,19.6,0.37258891
44,3864.4,2,0,0.1700336,832.7,19.5,0.37258891
44,3864.4,0,0,0.1700336,832.8,19.5,0.37251356
45,3864.3,1,-0.1,0.1738935,832.8,19.5,0.37251356
47,3864.3,2,0,0.1816221,832.8,19.5,0.37251356
40,3864.6,-7,0.3,0.154584,832.8,19.5,0.37251356
49,3864.2,9,-0.4,0.1893458,832.8,19.5,0.37251356
42,3864.6,-7,0.4,0.1623132,832.8,19.5,0.37251356
44,3864.5,2,-0.1,0.170038,832.8,19.5,0.37251356
48,3864.3,4,-0.2,0.1854864,832.8,19.5,0.37251356
46,3864.5,-2,0.2,0.177767,832.9,19.5,0.37243822
44,3864.6,-2,0.1,0.1700424,832.9,19.5,0.37243822
45,3864.6,1,0,0.173907,832.9,19.5,0.37243822
41,3864.8,-4,0.2,0.1584568,832.9,19.5,0.37243822
44,3864.6,3,-0.2,0.1700424,832.9,19.5,0.37243822
44,3864.7,0,0.1,0.1700468,832.9,19.5,0.37243822
47,3864.6,3,-0.1,0.1816362,832.9,19.5,0.37243822
47,3864.6,0,0,0.1816362,832.9,19.5,0.37243822
43,3864.8,-4,0.2,0.1661864,833,19.5,0.37236287
46,3864.7,3,-0.1,0.1777762,833,19.5,0.37236287
42,3864.9,-4,0.2,0.1623258,833,19.5,0.37236287
43,3864.8,1,-0.1,0.1661864,833,19.5,0.37236287
45,3864.8,2,0,0.173916,833,19.5,0.37236287
43,3864.9,-2,0.1,0.1661907,833,19.5,0.37236287
40,3865.1,-3,0.2,0.154604,833,19.5,0.37236287
46,3864.8,6,-0.3,0.1777808,833,19.5,0.37236287
44,3864.9,-2,0.1,0.1700556,833,19.5,0.37236287
48,3864.8,4,-0.1,0.1855104,833.1,19.5,0.37228752
46,3864.9,-2,0.1,0.1777854,833.1,19.5,0.37228752
44,3864.9,-2,0,0.1700556,833.1,19.5,0.37228752
45,3865,1,0.1,0.173925,833.1,19.5,0.37228752
46,3864.9,1,-0.1,0.1777854,833.1,19.5,0.37228752
46,3864.9,0,0,0.1777854,833.1,19.5,0.37228752
48,3864.9,2,0,0.1855152,833.1,19.5,0.37228752
47,3864.9,-1,0,0.1816503,833.2,19.5,0.37221218
45,3865,-2,0.1,0.173925,833.2,19.5,0.37221218
53,3864.7,8,-0.3,0.2048291,833.2,19.5,0.37221218
37,3865.5,-16,0.8,0.1430235,833.2,19.5,0.37221218
42,3865.3,5,-0.2,0.1623426,833.2,19.5,0.37221218
43,3865.2,1,-0.1,0.1662036,833.2,19.5,0.37221218
45,3865.2,2,0,0.173934,833.2,19.5,0.37221218
48,3865,3,-0.2,0.18552,833.2,19.5,0.37221218
47,3865.1,-1,0.1,0.1816597,833.3,19.5,0.37213683
49,3865,2,-0.1,0.189385,833.3,19.5,0.37213683
46,3865.2,-3,0.2,0.1777992,833.3,19.5,0.37213683
42,3865.3,-4,0.1,0.1623426,833.3,19.5,0.37213683
45,3865.3,3,0,0.1739385,833.3,19.5,0.37213683
43,3865.4,-2,0.1,0.1662122,833.3,19.5,0.37213683
44,3865.4,1,0,0.1700776,833.3,19.5,0.37213683
47,3865.2,3,-0.2,0.1816644,833.3,19.5,0.37213683
42,3865.4,-5,0.2,0.1623468,833.4,19.5,0.37206148
47,3865.3,5,-0.1,0.1816691,833.4,19.5,0.37206148
41,3865.5,-6,0.2,0.1584855,833.4,19.5,0.37206148
44,3865.4,3,-0.1,0.1700776,833.4,19.5,0.37206148
47,3865.3,3,-0.1,0.1816691,833.4,19.5,0.37206148
41,3865.6,-6,0.3,0.1584896,833.4,19.5,0.37206148
44,3865.5,3,-0.1,0.170082,833.4,19.5,0.37206148
45,3865.5,1,0,0.1739475,833.4,19.5,0.37206148
42,3865.6,-3,0.1,0.1623552,833.4,19.5,0.37206148
41,3865.7,-1,0.1,0.1584937,833.5,19.5,0.37198614
50,3865.3,9,-0.4,0.193265,833.5,19.5,0.37198614
43,3865.6,-7,0.3,0.1662208,833.5,19.5,0.37198614
47,3865.4,4,-0.2,0.1816738,833.5,19.5,0.37198614
41,3865.7,-6,0.3,0.1584937,833.5,19.5,0.37198614
49,3865.4,8,-0.3,0.1894046,833.5,19.5,0.37198614
42,3865.7,-7,0.3,0.1623594,833.5,19.5,0.37198614
46,3865.5,4,-0.2,0.177813,833.5,19.5,0.37198614
46,3865.5,0,0,0.177813,833.6,19.5,0.37191079
46,3865.6,0,0.1,0.1778176,833.6,19.5,0.37191079
46,3865.6,0,0,0.1778176,833.6,19.5,0.37191079
48,3865.5,2,-0.1,0.185544,833.6,19.5,0.37191079
49,3865.5,1,0,0.1894095,833.6,19.5,0.37191079
43,3865.8,-6,0.3,0.1662294,833.6,19.5,0.37191079
47,3865.6,4,-0.2,0.1816832,833.6,19.5,0.37191079
45,3865.7,-2,0.1,0.1739565,833.7,19.5,0.37183544
48,3865.6,3,-0.1,0.1855488,833.7,19.5,0.37183544
45,3865.8,-3,0.2,0.173961,833.7,19.5,0.37183544
33,3866.4,-12,0.6,0.1275912,833.7,19.5,0.37183544
22,3866.9,-11,0.5,0.0850718,833.7,19.5,0.37183544
24,3866.9,2,0,0.0928056,833.7,19.5,0.37183544
25,3866.9,1,0,0.0966725,833.7,19.5,0.37183544
20,3867.1,-5,0.2,0.077342,833.7,19.5,0.37183544
19,3867.3,-1,0.2,0.0734787,833.7,19.5,0.37183544
17,3867.4,-2,0.1,0.0657458,833.7,19.5,0.37183544
19,3867.3,2,-0.1,0.0734787,833.7,19.5,0.37183544
18,3867.4,-1,0.1,0.0696132,833.7,19.5,0.37183544
21,3867.3,3,-0.1,0.0812133,833.7,19.5,0.37183544
22,3867.3,1,0,0.0850806,833.7,19.5,0.37183544
15,3867.7,-7,0.4,0.0580155,833.7,19.5,0.37183544
16,3867.6,1,-0.1,0.0618816,833.8,19.5,0.3717601
24,3867.3,8,-0.3,0.0928152,833.8,19.5,0.3717601
21,3867.5,-3,0.2,0.0812175,833.8,19.5,0.3717601
18,3867.7,-3,0.2,0.0696186,833.8,19.6,0.3717601
20,3867.5,2,-0.2,0.07735,833.8,19.5,0.3717601
18,3867.7,-2,0.2,0.0696186,833.8,19.5,0.3717601
19,3867.7,1,0,0.0734863,833.8,19.5,0.3717601
20,3867.7,1,0,0.077354,833.8,19.5,0.3717601
24,3867.5,4,-0.2,0.09282,833.8,19.5,0.3717601
15,3868,-9,0.5,0.05802,833.8,19.5,0.3717601
19,3867.8,4,-0.2,0.0734882,833.8,19.5,0.3717601
18,3867.9,-1,0.1,0.0696222,833.8,19.5,0.3717601
20,3867.8,2,-0.1,0.077356,833.8,19.5,0.3717601
16,3868,-4,0.2,0.061888,833.8,19.5,0.3717601
16,3868.1,0,0.1,0.0618896,833.8,19.5,0.3717601
20,3867.9,4,-0.2,0.077358,833.8,19.5,0.3717601
21,3867.9,1,0,0.0812259,833.8,19.5,0.3717601
20,3867.9,-1,0,0.077358,833.8,19.5,0.3717601
24,3867.8,4,-0.1,0.0928272,833.9,19.5,0.37168475
21,3867.9,-3,0.1,0.0812259,833.9,19.5,0.37168475
18,3868.1,-3,0.2,0.0696258,833.9,19.5,0.37168475
25,3867.8,7,-0.3,0.096695,833.9,19.5,0.37168475
18,3868.1,-7,0.3,0.0696258,833.9,19.5,0.37168475
16,3868.3,-2,0.2,0.0618928,833.9,19.5,0.37168475
21,3868.1,5,-0.2,0.0812301,833.9,19.5,0.37168475
20,3868.1,-1,0,0.077362,833.9,19.5,0.37168475
21,3868.1,1,0,0.0812301,833.9,19.5,0.37168475
22,3868.1,1,0,0.0850982,833.9,19.5,0.37168475
26,3867.9,4,-0.2,0.1005654,833.9,19.5,0.37168475
15,3868.4,-11,0.5,0.058026,833.9,19.5,0.37168475
17,3868.4,2,0,0.0657628,833.9,19.5,0.37168475
21,3868.2,4,-0.2,0.0812322,833.9,19.5,0.37168475
22,3868.2,1,0,0.0851004,833.9,19.5,0.37168475
17,3868.5,-5,0.3,0.0657645,833.9,19.5,0.37168475
25,3868.1,8,-0.4,0.0967025,833.9,19.5,0.37168475
22,3868.3,-3,0.2,0.0851026,833.9,19.5,0.37168475
18,3868.5,-4,0.2,0.069633,834,19.5,0.3716094
23,3868.3,5,-0.2,0.0889709,834,19.5,0.3716094
18,3868.5,-5,0.2,0.069633,834,19.5,0.3716094
22,3868.3,4,-0.2,0.0851026,834,19.5,0.3716094
16,3868.7,-6,0.4,0.0618992,834,19.5,0.3716094
23,3868.3,7,-0.4,0.0889709,834,19.5,0.3716094
21,3868.4,-2,0.1,0.0812364,834,19.5,0.3716094
19,3868.6,-2,0.2,0.0735034,834,19.5,0.3716094
17,3868.7,-2,0.1,0.0657679,834,19.5,0.3716094
20,3868.6,3,-0.1,0.077372,834,19.5,0.3716094
17,3868.7,-3,0.1,0.0657679,834,19.5,0.3716094
20,3868.6,3,-0.1,0.077372,834,19.5,0.3716094
23,3868.5,3,-0.1,0.0889755,834,19.5,0.3716094
17,3868.8,-6,0.3,0.0657696,834,19.5,0.3716094
17,3868.8,0,0,0.0657696,834,19.5,0.3716094
19,3868.7,2,-0.1,0.0735053,834,19.5,0.3716094
22,3868.6,3,-0.1,0.0851092,834,19.5,0.3716094
18,3868.8,-4,0.2,0.0696384,834,19.5,0.3716094
24,3868.5,6,-0.3,0.092844,834.1,19.5,0.37153406
25,3868.5,1,0,0.0967125,834.1,19.5,0.37153406
15,3869,-10,0.5,0.058035,834.1,19.5,0.37153406
19,3868.8,4,-0.2,0.0735072,834.1,19.5,0.37153406
21,3868.8,2,0,0.0812448,834.1,19.5,0.37153406
18,3869,-3,0.2,0.069642,834.1,19.5,0.37153406
21,3868.7,3,-0.3,0.0812427,834.1,19.5,0.37153406
20,3868.9,-1,0.2,0.077378,834.1,19.5,0.37153406
25,3868.6,5,-0.3,0.096715,834.1,19.5,0.37153406
23,3868.7,-2,0.1,0.0889801,834.1,19.5,0.37153406
20,3868.9,-3,0.2,0.077378,834.1,19.5,0.37153406
20,3868.9,0,0,0.077378,834.1,19.5,0.37153406
24,3868.8,4,-0.1,0.0928512,834.1,19.5,0.37153406
18,3869.1,-6,0.3,0.0696438,834.1,19.5,0.37153406
22,3868.9,4,-0.2,0.0851158,834.1,19.5,0.37153406
19,3869,-3,0.1,0.073511,834.1,19.5,0.37153406
20,3869,1,0,0.07738,834.1,19.5,0.37153406
24,3868.8,4,-0.2,0.0928512,834.1,19.5,0.37153406
19,3869.1,-5,0.3,0.0735129,834.2,19.5,0.37145871
19,3869.1,0,0,0.0735129,834.2,19.5,0.37145871
18,3869.1,-1,0,0.0696438,834.2,19.5,0.37145871
20,3869.1,2,0,0.077382,834.2,19.5,0.37145871
16,3869.3,-4,0.2,0.0619088,834.2,19.5,0.37145871
19,3869.2,3,-0.1,0.0735148,834.2,19.5,0.37145871
21,3869.1,2,-0.1,0.0812511,834.2,19.5,0.37145871
22,3869.1,1,0,0.0851202,834.2,19.5,0.37145871
17,3869.3,-5,0.2,0.0657781,834.2,19.5,0.37145871
23,3869,6,-0.3,0.088987,834.2,19.5,0.37145871
20,3869.2,-3,0.2,0.077384,834.2,19.5,0.37145871
14,3869.5,-6,0.3,0.054173,834.2,19.5,0.37145871
21,3869.2,7,-0.3,0.0812532,834.2,19.5,0.37145871
19,3869.3,-2,0.1,0.0735167,834.2,19.5,0.37145871
20,3869.3,1,0,0.077386,834.2,19.5,0.37145871
21,3869.2,1,-0.1,0.0812532,834.2,19.5,0.37145871
21,3869.2,0,0,0.0812532,834.2,19.5,0.37145871
25,3869.1,4,-0.1,0.0967275,834.2,19.5,0.37145871
19,3869.4,-6,0.3,0.0735186,834.3,19.5,0.37138336
25,3869.1,6,-0.3,0.0967275,834.3,19.5,0.37138336
35,3868.6,10,-0.5,0.135401,834.3,19.5,0.37138336
40,3868.3,5,-0.3,0.154732,834.3,19.5,0.37138336
50,3867.9,10,-0.4,0.193395,834.3,19.5,0.37138336
46,3868,-4,0.1,0.177928,834.3,19.5,0.37138336
48,3867.9,2,-0.1,0.1856592,834.3,19.5,0.37138336
39,3868.3,-9,0.4,0.1508637,834.3,19.5,0.37138336
49,3867.9,10,-0.4,0.1895271,834.3,19.5,0.37138336
45,3868,-4,0.1,0.17406,834.4,19.5,0.37130802
50,3867.8,5,-0.2,0.19339,834.4,19.5,0.37130802
45,3868,-5,0.2,0.17406,834.4,19.5,0.37130802
40,3868.2,-5,0.2,0.154728,834.4,19.5,0.37130802
45,3868,5,-0.2,0.17406,834.4,19.5,0.37130802
47,3867.9,2,-0.1,0.1817913,834.4,19.5,0.37130802
44,3868,-3,0.1,0.170192,834.4,19.5,0.37130802
45,3868,1,0,0.17406,834.4,19.5,0.37130802
38,3868.3,-7,0.3,0.1469954,834.5,19.5,0.37123267
45,3868,7,-0.3,0.17406,834.5,19.5,0.37123267
41,3868.2,-4,0.2,0.1585962,834.5,19.5,0.37123267
44,3868,3,-0.2,0.170192,834.5,19.5,0.37123267
43,3868.1,-1,0.1,0.1663283,834.5,19.5,0.37123267
52,3867.7,9,-0.4,0.2011204,834.5,19.5,0.37123267
42,3868.1,-10,0.4,0.1624602,834.5,19.5,0.37123267
45,3868,3,-0.1,0.17406,834.5,19.5,0.37123267
40,3868.2,-5,0.2,0.154728,834.6,19.5,0.37115732
50,3867.8,10,-0.4,0.19339,834.6,19.5,0.37115732
44,3868,-6,0.2,0.170192,834.6,19.5,0.37115732
46,3867.9,2,-0.1,0.1779234,834.6,19.5,0.37115732
49,3867.8,3,-0.1,0.1895222,834.6,19.5,0.37115732
48,3867.8,-1,0,0.1856544,834.6,19.5,0.37115732
45,3867.9,-3,0.1,0.1740555,834.6,19.5,0.37115732
43,3868,-2,0.1,0.166324,834.6,19.5,0.37115732
40,3868.2,-3,0.2,0.154728,834.7,19.5,0.37108198
45,3867.9,5,-0.3,0.1740555,834.7,19.5,0.37108198
42,3868.1,-3,0.2,0.1624602,834.7,19.5,0.37108198
43,3868,1,-0.1,0.166324,834.7,19.5,0.37108198
45,3867.9,2,-0.1,0.1740555,834.7,19.5,0.37108198
43,3868,-2,0.1,0.166324,834.7,19.5,0.37108198
49,3867.8,6,-0.2,0.1895222,834.7,19.5,0.37108198
42,3868.1,-7,0.3,0.1624602,834.7,19.5,0.37108198
45,3868,3,-0.1,0.17406,834.8,19.5,0.37100663
46,3867.9,1,-0.1,0.1779234,834.8,19.5,0.37100663
48,3867.8,2,-0.1,0.1856544,834.8,19.5,0.37100663
41,3868.1,-7,0.3,0.1585921,834.8,19.5,0.37100663
40,3868.2,-1,0.1,0.154728,834.8,19.5,0.37100663
42,3868.1,2,-0.1,0.1624602,834.8,19.5,0.37100663
51,3867.7,9,-0.4,0.1972527,834.8,19.5,0.37100663
47,3867.9,-4,0.2,0.1817913,834.8,19.5,0.37100663
43,3868.1,-4,0.2,0.1663283,834.9,19.5,0.37093128
49,3867.8,6,-0.3,0.1895222,834.9,19.5,0.37093128
46,3867.9,-3,0.1,0.1779234,834.9,19.5,0.37093128
43,3868.1,-3,0.2,0.1663283,834.9,19.5,0.37093128
49,3867.8,6,-0.3,0.1895222,834.9,19.5,0.37093128
47,3867.9,-2,0.1,0.1817913,834.9,19.5,0.37093128
42,3868.1,-5,0.2,0.1624602,834.9,19.5,0.37093128
40,3868.2,-2,0.1,0.154728,834.9,19.5,0.37093128
43,3868.1,3,-0.1,0.1663283,835,19.5,0.37085594
46,3867.9,3,-0.2,0.1779234,835,19.5,0.37085594
46,3867.9,0,0,0.1779234,835,19.5,0.37085594
44,3868,-2,0.1,0.170192,835,19.5,0.37085594
40,3868.2,-4,0.2,0.154728,835,19.5,0.37085594
43,3868.1,3,-0.1,0.1663283,835,19.5,0.37085594
44,3868.1,1,0,0.1701964,835,19.5,0.37085594
41,3868.2,-3,0.1,0.1585962,835,19.5,0.37085594
47,3867.9,6,-0.3,0.1817913,835.1,19.5,0.37078059
46,3868,-1,0.1,0.177928,835.1,19.5,0.37078059
47,3867.9,1,-0.1,0.1817913,835.1,19.5,0.37078059
42,3868.2,-5,0.3,0.1624644,835.1,19.5,0.37078059
44,3868.1,2,-0.1,0.1701964,835.1,19.5,0.37078059
46,3868,2,-0.1,0.177928,835.1,19.5,0.37078059
51,3867.8,5,-0.2,0.1972578,835.1,19.5,0.37078059
44,3868.1,-7,0.3,0.1701964,835.1,19.5,0.37078059
41,3868.2,-3,0.1,0.1585962,835.2,19.5,0.37070524
41,3868.2,0,0,0.1585962,835.2,19.5,0.37070524
44,3868.1,3,-0.1,0.1701964,835.2,19.5,0.37070524
42,3868.2,-2,0.1,0.1624644,835.2,19.5,0.37070524
48,3868,6,-0.2,0.185664,835.2,19.5,0.37070524
47,3867.9,-1,-0.1,0.1817913,835.2,19.5,0.37070524
44,3868.1,-3,0.2,0.1701964,835.2,19.5,0.37070524
45,3868.1,1,0,0.1740645,835.2,19.5,0.37070524
47,3868,2,-0.1,0.181796,835.2,19.5,0.37070524
47,3867.9,0,-0.1,0.1817913,835.3,19.5,0.3706299
49,3867.8,2,-0.1,0.1895222,835.3,19.5,0.3706299
45,3868.1,-4,0.3,0.1740645,835.3,19.5,0.3706299
43,3868.1,-2,0,0.1663283,835.3,19.5,0.3706299
47,3868,4,-0.1,0.181796,835.3,19.5,0.3706299
41,3868.2,-6,0.2,0.1585962,835.3,19.5,0.3706299
42,3868.2,1,0,0.1624644,835.3,19.5,0.3706299
49,3867.9,7,-0.3,0.1895271,835.4,19.5,0.37055455
53,3867.7,4,-0.2,0.2049881,835.4,19.5,0.37055455
48,3867.9,-5,0.2,0.1856592,835.4,19.5,0.37055455
45,3868.1,-3,0.2,0.1740645,835.4,19.5,0.37055455
48,3867.9,3,-0.2,0.1856592,835.4,19.5,0.37055455
50,3867.8,2,-0.1,0.19339,835.4,19.5,0.37055455
45,3868,-5,0.2,0.17406,835.4,19.5,0.37055455
41,3868.3,-4,0.3,0.1586003,835.4,19.5,0.37055455
44,3868.1,3,-0.2,0.1701964,835.5,19.5,0.3704792
48,3867.9,4,-0.2,0.1856592,835.5,19.5,0.3704792
47,3868,-1,0.1,0.181796,835.5,19.5,0.3704792
48,3867.9,1,-0.1,0.1856592,835.5,19.5,0.3704792
45,3868.1,-3,0.2,0.1740645,835.5,19.5,0.3704792
46,3868.1,1,0,0.1779326,835.5,19.5,0.3704792
47,3868,1,-0.1,0.181796,835.5,19.5,0.3704792
45,3868,-2,0,0.17406,835.5,19.5,0.3704792
46,3868.1,1,0.1,0.1779326,835.6,19.5,0.37040386
43,3868.2,-3,0.1,0.1663326,835.6,19.5,0.37040386
45,3868.1,2,-0.1,0.1740645,835.6,19.5,0.37040386
41,3868.3,-4,0.2,0.1586003,835.6,19.5,0.37040386
45,3868.1,4,-0.2,0.1740645,835.6,19.5,0.37040386
52,3867.8,7,-0.3,0.2011256,835.6,19.5,0.37040386
39,3868.4,-13,0.6,0.1508676,835.6,19.5,0.37040386
41,3868.3,2,-0.1,0.1586003,835.6,19.5,0.37040386
47,3868,6,-0.3,0.181796,835.7,19.5,0.37032851
46,3868.1,-1,0.1,0.1779326,835.7,19.5,0.37032851
47,3868,1,-0.1,0.181796,835.7,19.5,0.37032851
40,3868.4,-7,0.4,0.154736,835.7,19.5,0.37032851
44,3868.2,4,-0.2,0.1702008,835.7,19.5,0.37032851
47,3868.1,3,-0.1,0.1818007,835.7,19.5,0.37032851
40,3868.4,-7,0.3,0.154736,835.7,19.5,0.37032851
45,3868.1,5,-0.3,0.1740645,835.7,19.5,0.37032851
46,3868.1,1,0,0.1779326,835.8,19.5,0.37025316
54,3867.7,8,-0.4,0.2088558,835.8,19.5,0.37025316
40,3868.4,-14,0.7,0.154736,835.8,19.5,0.37025316
41,3868.4,1,0,0.1586044,835.8,19.5,0.37025316
42,3868.3,1,-0.1,0.1624686,835.8,19.5,0.37025316
52,3867.9,10,-0.4,0.2011308,835.8,19.5,0.37025316
51,3867.9,-1,0,0.1972629,835.8,19.5,0.37025316
47,3868.1,-4,0.2,0.1818007,835.8,19.5,0.37025316
41,3868.3,-6,0.2,0.1586003,835.9,19.5,0.37017782
46,3868.2,5,-0.1,0.1779372,835.9,19.5,0.37017782
44,3868.2,-2,0,0.1702008,835.9,19.5,0.37017782
44,3868.2,0,0,0.1702008,835.9,19.5,0.37017782
43,3868.3,-1,0.1,0.1663369,835.9,19.5,0.37017782
47,3868.1,4,-0.2,0.1818007,835.9,19.5,0.37017782
44,3868.2,-3,0.1,0.1702008,835.9,19.5,0.37017782
44,3868.2,0,0,0.1702008,835.9,19.5,0.37017782
43,3868.3,-1,0.1,0.1663369,836,19.5,0.37010247
38,3868.5,-5,0.2,0.147003,836,19.5,0.37010247
45,3868.2,7,-0.3,0.174069,836,19.5,0.37010247
49,3868,4,-0.2,0.189532,836,19.5,0.37010247
41,3868.4,-8,0.4,0.1586044,836,19.5,0.37010247
45,3868.2,4,-0.2,0.174069,836,19.5,0.37010247
44,3868.3,-1,0.1,0.1702052,836,19.5,0.37010247
44,3868.3,0,0,0.1702052,836,19.5,0.37010247
45,3868.2,1,-0.1,0.174069,836.1,19.5,0.37002712
39,3868.5,-6,0.3,0.1508715,836.1,19.5,0.37002712
45,3868.3,6,-0.2,0.1740735,836.1,19.5,0.37002712
45,3868.3,0,0,0.1740735,836.1,19.5,0.37002712
42,3868.4,-3,0.1,0.1624728,836.1,19.5,0.37002712
39,3868.5,-3,0.1,0.1508715,836.1,19.5,0.37002712
47,3868.2,8,-0.3,0.1818054,836.1,19.5,0.37002712
34,3868.8,-13,0.6,0.1315392,836.1,19.5,0.37002712
40,3868.5,6,-0.3,0.15474,836.1,19.5,0.37002712
42,3868.5,2,0,0.162477,836.2,19.5,0.36995178
37,3868.7,-5,0.2,0.1431419,836.2,19.5,0.36995178
43,3868.4,6,-0.3,0.1663412,836.2,19.5,0.36995178
40,3868.6,-3,0.2,0.154744,836.2,19.5,0.36995178
38,3868.7,-2,0.1,0.1470106,836.2,19.5,0.36995178
36,3868.8,-2,0.1,0.1392768,836.2,19.5,0.36995178
40,3868.6,4,-0.2,0.154744,836.2,19.5,0.36995178
37,3868.8,-3,0.2,0.1431456,836.2,19.5,0.36995178
37,3868.8,0,0,0.1431456,836.2,19.5,0.36995178
37,3868.8,0,0,0.1431456,836.3,19.5,0.36987643
38,3868.7,1,-0.1,0.1470106,836.3,19.5,0.36987643
42,3868.6,4,-0.1,0.1624812,836.3,19.5,0.36987643
38,3868.7,-4,0.1,0.1470106,836.3,19.5,0.36987643
35,3868.9,-3,0.2,0.1354115,836.3,19.5,0.36987643
35,3868.9,0,0,0.1354115,836.3,19.5,0.36987643
34,3869,-1,0.1,0.131546,836.3,19.5,0.36987643
37,3868.9,3,-0.1,0.1431493,836.3,19.5,0.36987643
36,3868.9,-1,0,0.1392804,836.3,19.5,0.36987643
41,3868.7,5,-0.2,0.1586167,836.3,19.5,0.36987643
38,3868.8,-3,0.1,0.1470144,836.4,19.5,0.36980108
40,3868.7,2,-0.1,0.154748,836.4,19.5,0.36980108
41,3868.7,1,0,0.1586167,836.4,19.5,0.36980108
37,3868.8,-4,0.1,0.1431456,836.4,19.5,0.36980108
37,3868.8,0,0,0.1431456,836.4,19.5,0.36980108
41,3868.7,4,-0.1,0.1586167,836.4,19.5,0.36980108
39,3868.8,-2,0.1,0.1508832,836.4,19.5,0.36980108
34,3869.1,-5,0.3,0.1315494,836.4,19.5,0.36980108
41,3868.7,7,-0.4,0.1586167,836.4,19.5,0.36980108
37,3869,-4,0.3,0.143153,836.5,19.5,0.36972574
44,3868.6,7,-0.4,0.1702184,836.5,19.5,0.36972574
32,3869.2,-12,0.6,0.1238144,836.5,19.5,0.36972574
35,3869,3,-0.2,0.135415,836.5,19.5,0.36972574
36,3869,1,0,0.139284,836.5,19.5,0.36972574
43,3868.6,7,-0.4,0.1663498,836.5,19.5,0.36972574
39,3868.8,-4,0.2,0.1508832,836.5,19.5,0.36972574
41,3868.7,2,-0.1,0.1586167,836.5,19.5,0.36972574
40,3868.7,-1,0,0.154748,836.5,19.5,0.36972574
37,3869,-3,0.3,0.143153,836.5,19.5,0.36972574
37,3869,0,0,0.143153,836.6,19.5,0.36965039
37,3869,0,0,0.143153,836.6,19.5,0.36965039
38,3868.9,1,-0.1,0.1470182,836.6,19.5,0.36965039
38,3868.9,0,0,0.1470182,836.6,19.5,0.36965039
36,3869,-2,0.1,0.139284,836.6,19.5,0.36965039
35,3869.1,-1,0.1,0.1354185,836.6,19.5,0.36965039
40,3868.9,5,-0.2,0.154756,836.6,19.5,0.36965039
36,3869,-4,0.1,0.139284,836.6,19.5,0.36965039
37,3869,1,0,0.143153,836.6,19.5,0.36965039
37,3869,0,0,0.143153,836.7,19.5,0.36957505
39,3868.9,2,-0.1,0.1508871,836.7,19.5,0.36957505
40,3868.9,1,0,0.154756,836.7,19.5,0.36957505
42,3868.7,2,-0.2,0.1624854,836.7,19.5,0.36957505
45,3868.7,3,0,0.1740915,836.7,19.5,0.36957505
36,3869.1,-9,0.4,0.1392876,836.7,19.5,0.36957505
43,3868.7,7,-0.4,0.1663541,836.7,19.5,0.36957505
35,3869.1,-8,0.4,0.1354185,836.7,19.5,0.36957505
42,3868.8,7,-0.3,0.1624896,836.7,19.5,0.36957505
38,3869,-4,0.2,0.147022,836.8,19.5,0.3694997
37,3869,-1,0,0.143153,836.8,19.5,0.3694997
40,3868.9,3,-0.1,0.154756,836.8,19.5,0.3694997
41,3868.9,1,0,0.1586249,836.8,19.5,0.3694997
34,3869.2,-7,0.3,0.1315528,836.8,19.5,0.3694997
39,3869,5,-0.2,0.150891,836.8,19.5,0.3694997
38,3869,-1,0,0.147022,836.8,19.5,0.3694997
37,3869,-1,0,0.143153,836.8,19.5,0.3694997
37,3869.1,0,0.1,0.1431567,836.8,19.5,0.3694997
37,3869.1,0,0,0.1431567,836.8,19.5,0.3694997
30,3869.4,-7,0.3,0.116082,836.9,19.5,0.36942435
39,3869,9,-0.4,0.150891,836.9,19.5,0.36942435
37,3869.1,-2,0.1,0.1431567,836.9,19.5,0.36942435
37,3869.1,0,0,0.1431567,836.9,19.5,0.36942435
40,3869,3,-0.1,0.15476,836.9,19.5,0.36942435
41,3868.9,1,-0.1,0.1586249,836.9,19.5,0.36942435
39,3869,-2,0.1,0.150891,836.9,19.5,0.36942435
35,3869.2,-4,0.2,0.135422,836.9,19.5,0.36942435
36,3869.2,1,0,0.1392912,836.9,19.5,0.36942435
37,3869.2,1,0,0.1431604,836.9,19.5,0.36942435
35,3869.2,-2,0,0.135422,837,19.5,0.36934901
37,3869.1,2,-0.1,0.1431567,837,19.5,0.36934901
39,3869,2,-0.1,0.150891,837,19.5,0.36934901
33,3869.3,-6,0.3,0.1276869,837,19.5,0.36934901
39,3869.1,6,-0.2,0.1508949,837,19.5,0.36934901
34,3869.3,-5,0.2,0.1315562,837,19.5,0.36934901
40,3869,6,-0.3,0.15476,837,19.5,0.36934901
36,3869.2,-4,0.2,0.1392912,837,19.5,0.36934901
39,3869.1,3,-0.1,0.1508949,837,19.5,0.36934901
36,3869.2,-3,0.1,0.1392912,837.1,19.5,0.36927366
41,3869,5,-0.2,0.158629,837.1,19.5,0.36927366
40,3869,-1,0,0.15476,837.1,19.5,0.36927366
38,3869.1,-2,0.1,0.1470258,837.1,19.5,0.36927366
37,3869.2,-1,0.1,0.1431604,837.1,19.5,0.36927366
42,3868.9,5,-0.3,0.1624938,837.1,19.5,0.36927366
39,3869.1,-3,0.2,0.1508949,837.1,19.5,0.36927366
42,3868.9,3,-0.2,0.1624938,837.1,19.5,0.36927366
39,3869.1,-3,0.2,0.1508949,837.1,19.5,0.36927366
36,3869.3,-3,0.2,0.1392948,837.2,19.5,0.36919831
33,3869.4,-3,0.1,0.1276902,837.2,19.5,0.36919831
34,3869.4,1,0,0.1315596,837.2,19.5,0.36919831
40,3869,6,-0.4,0.15476,837.2,19.5,0.36919831
39,3869.1,-1,0.1,0.1508949,837.2,19.5,0.36919831
37,3869.2,-2,0.1,0.1431604,837.2,19.5,0.36919831
36,3869.3,-1,0.1,0.1392948,837.2,19.5,0.36919831
43,3868.9,7,-0.4,0.1663627,837.2,19.5,0.36919831
34,3869.4,-9,0.5,0.1315596,837.2,19.5,0.36919831
36,3869.3,2,-0.1,0.1392948,837.2,19.5,0.36919831
42,3869,6,-0.3,0.162498,837.3,19.5,0.36912297
43,3868.9,1,-0.1,0.1663627,837.3,19.5,0.36912297
40,3869.1,-3,0.2,0.154764,837.3,19.5,0.36912297
39,3869.1,-1,0,0.1508949,837.3,19.5,0.36912297
37,3869.3,-2,0.2,0.1431641,837.3,19.5,0.36912297
34,3869.4,-3,0.1,0.1315596,837.3,19.5,0.36912297
39,3869.1,5,-0.3,0.1508949,837.3,19.5,0.36912297
40,3869.1,1,0,0.154764,837.3,19.5,0.36912297
39,3869.1,-1,0,0.1508949,837.3,19.5,0.36912297
38,3869.2,-1,0.1,0.1470296,837.4,19.5,0.36904762
36,3869.3,-2,0.1,0.1392948,837.4,19.5,0.36904762
39,3869.2,3,-0.1,0.1508988,837.4,19.5,0.36904762
35,3869.4,-4,0.2,0.135429,837.4,19.5,0.36904762
33,3869.5,-2,0.1,0.1276935,837.4,19.5,0.36904762
40,3869.1,7,-0.4,0.154764,837.4,19.5,0.36904762
42,3869.1,2,0,0.1625022,837.4,19.5,0.36904762
33,3869.5,-9,0.4,0.1276935,837.4,19.5,0.36904762
36,3869.4,3,-0.1,0.1392984,837.4,19.5,0.36904762
40,3869.1,4,-0.3,0.154764,837.4,19.5,0.36904762
39,3869.2,-1,0.1,0.1508988,837.5,19.5,0.36897227
40,3869.2,1,0,0.154768,837.5,19.5,0.36897227
36,3869.4,-4,0.2,0.1392984,837.5,19.5,0.36897227
39,3869.3,3,-0.1,0.1509027,837.5,19.5,0.36897227
36,3869.4,-3,0.1,0.1392984,837.5,19.5,0.36897227
38,3869.2,2,-0.2,0.1470296,837.5,19.5,0.36897227
38,3869.3,0,0.1,0.1470334,837.5,19.5,0.36897227
41,3869.2,3,-0.1,0.1586372,837.5,19.5,0.36897227
38,3869.3,-3,0.1,0.1470334,837.5,19.5,0.36897227
40,3869.2,2,-0.1,0.154768,837.6,19.5,0.36889693
35,3869.5,-5,0.3,0.1354325,837.6,19.5,0.36889693
46,3869,11,-0.5,0.177974,837.6,19.5,0.36889693
41,3869.2,-5,0.2,0.1586372,837.6,19.5,0.36889693
42,3869.1,1,-0.1,0.1625022,837.6,19.5,0.36889693
44,3869,2,-0.1,0.170236,837.6,19.5,0.36889693
42,3869.1,-2,0.1,0.1625022,837.6,19.5,0.36889693
42,3869.1,0,0,0.1625022,837.6,19.5,0.36889693
44,3869,2,-0.1,0.170236,837.6,19.5,0.36889693
47,3868.8,3,-0.2,0.1818336,837.7,19.5,0.36882158
48,3868.8,1,0,0.1857024,837.7,19.5,0.36882158
46,3868.9,-2,0.1,0.1779694,837.7,19.5,0.36882158
49,3868.7,3,-0.2,0.1895663,837.7,19.5,0.36882158
51,3868.6,2,-0.1,0.1972986,837.7,19.5,0.36882158
44,3868.9,-7,0.3,0.1702316,837.7,19.5,0.36882158
42,3869.1,-2,0.2,0.1625022,837.7,19.5,0.36882158
46,3868.8,4,-0.3,0.1779648,837.7,19.5,0.36882158
46,3868.9,0,0.1,0.1779694,837.8,19.5,0.36874623
42,3869,-4,0.1,0.162498,837.8,19.5,0.36874623
46,3868.9,4,-0.1,0.1779694,837.8,19.5,0.36874623
46,3868.8,0,-0.1,0.1779648,837.8,19.5,0.36874623
44,3869,-2,0.2,0.170236,837.8,19.5,0.36874623
45,3868.9,1,-0.1,0.1741005,837.8,19.5,0.36874623
51,3868.6,6,-0.3,0.1972986,837.8,19.5,0.36874623
42,3869,-9,0.4,0.162498,837.8,19.5,0.36874623
46,3868.9,4,-0.1,0.1779694,837.9,19.5,0.36867089
47,3868.8,1,-0.1,0.1818336,837.9,19.5,0.36867089
46,3868.9,-1,0.1,0.1779694,837.9,19.5,0.36867089
48,3868.8,2,-0.1,0.1857024,837.9,19.5,0.36867089
46,3868.8,-2,0,0.1779648,837.9,19.5,0.36867089
47,3868.8,1,0,0.1818336,837.9,19.5,0.36867089
43,3869,-4,0.2,0.166367,837.9,19.5,0.36867089
45,3868.9,2,-0.1,0.1741005,838,19.5,0.36859554
45,3868.9,0,0,0.1741005,838,19.5,0.36859554
38,3869.2,-7,0.3,0.1470296,838,19.5,0.36859554
46,3868.8,8,-0.4,0.1779648,838,19.5,0.36859554
44,3869,-2,0.2,0.170236,838,19.5,0.36859554
43,3869,-1,0,0.166367,838,19.5,0.36859554
42,3869,-1,0,0.162498,838,19.5,0.36859554
48,3868.7,6,-0.3,0.1856976,838,19.5,0.36859554
40,3869.2,-8,0.5,0.154768,838,19.5,0.36859554
42,3869.1,2,-0.1,0.1625022,838.1,19.5,0.36852019
45,3868.9,3,-0.2,0.1741005,838.1,19.5,0.36852019
48,3868.7,3,-0.2,0.1856976,838.1,19.5,0.36852019
38,3869.3,-10,0.6,0.1470334,838.1,19.5,0.36852019
39,3869.2,1,-0.1,0.1508988,838.1,19.5,0.36852019
46,3868.9,7,-0.3,0.1779694,838.1,19.5,0.36852019
48,3868.8,2,-0.1,0.1857024,838.1,19.5,0.36852019
42,3869.1,-6,0.3,0.1625022,838.1,19.5,0.36852019
48,3868.7,6,-0.4,0.1856976,838.2,19.5,0.36844485
43,3869,-5,0.3,0.166367,838.2,19.5,0.36844485
47,3868.9,4,-0.1,0.1818383,838.2,19.5,0.36844485
42,3869,-5,0.1,0.162498,838.2,19.5,0.36844485
49,3868.7,7,-0.3,0.1895663,838.2,19.5,0.36844485
43,3869,-6,0.3,0.166367,838.2,19.5,0.36844485
48,3868.8,5,-0.2,0.1857024,838.2,19.5,0.36844485
47,3868.8,-1,0,0.1818336,838.2,19.5,0.36844485
47,3868.8,0,0,0.1818336,838.3,19.5,0.3683695
42,3869,-5,0.2,0.162498,838.3,19.5,0.3683695
44,3868.9,2,-0.1,0.1702316,838.3,19.5,0.3683695
42,3869,-2,0.1,0.162498,838.3,19.5,0.3683695
42,3869.1,0,0.1,0.1625022,838.3,19.5,0.3683695
47,3868.8,5,-0.3,0.1818336,838.3,19.5,0.3683695
48,3868.8,1,0,0.1857024,838.3,19.5,0.3683695
40,3869.1,-8,0.3,0.154764,838.3,19.5,0.3683695
47,3868.8,7,-0.3,0.1818336,838.4,19.5,0.36829415
40,3869.1,-7,0.3,0.154764,838.4,19.5,0.36829415
43,3869,3,-0.1,0.166367,838.4,19.5,0.36829415
47,3868.8,4,-0.2,0.1818336,838.4,19.5,0.36829415
45,3868.9,-2,0.1,0.1741005,838.4,19.5,0.36829415
51,3868.6,6,-0.3,0.1972986,838.4,19.5,0.36829415
44,3869,-7,0.4,0.170236,838.4,19.5,0.36829415
51,3868.6,7,-0.4,0.1972986,838.4,19.5,0.36829415
44,3868.9,-7,0.3,0.1702316,838.5,19.5,0.36821881
43,3868.9,-1,0,0.1663627,838.5,19.5,0.36821881
45,3868.9,2,0,0.1741005,838.5,19.5,0.36821881
47,3868.8,2,-0.1,0.1818336,838.5,19.5,0.36821881
44,3868.9,-3,0.1,0.1702316,838.5,19.5,0.36821881
43,3869,-1,0.1,0.166367,838.5,19.5,0.36821881
37,3869.3,-6,0.3,0.1431641,838.5,19.5,0.36821881
43,3869,6,-0.3,0.166367,838.5,19.5,0.36821881
39,3869.2,-4,0.2,0.1508988,838.6,19.5,0.36814346
43,3869,4,-0.2,0.166367,838.6,19.5,0.36814346
45,3868.9,2,-0.1,0.1741005,838.6,19.5,0.36814346
44,3869,-1,0.1,0.170236,838.6,19.5,0.36814346
43,3869,-1,0,0.166367,838.6,19.5,0.36814346
44,3868.9,1,-0.1,0.1702316,838.6,19.5,0.36814346
44,3868.9,0,0,0.1702316,838.6,19.5,0.36814346
48,3868.7,4,-0.2,0.1856976,838.6,19.5,0.36814346
44,3868.9,-4,0.2,0.1702316,838.7,19.5,0.36806811
42,3869,-2,0.1,0.162498,838.7,19.5,0.36806811
38,3869.2,-4,0.2,0.1470296,838.7,19.5,0.36806811
40,3869.1,2,-0.1,0.154764,838.7,19.5,0.36806811
42,3869,2,-0.1,0.162498,838.7,19.5,0.36806811
44,3868.9,2,-0.1,0.1702316,838.7,19.5,0.36806811
43,3869,-1,0.1,0.166367,838.7,19.5,0.36806811
41,3869.1,-2,0.1,0.1586331,838.7,19.5,0.36806811
41,3869.1,0,0,0.1586331,838.7,19.5,0.36806811
48,3868.8,7,-0.3,0.1857024,838.8,19.5,0.36799277
50,3868.7,2,-0.1,0.193435,838.8,19.5,0.36799277
39,3869.2,-11,0.5,0.1508988,838.8,19.5,0.36799277
43,3869,4,-0.2,0.166367,838.8,19.5,0.36799277
45,3868.9,2,-0.1,0.1741005,838.8,19.5,0.36799277
48,3868.8,3,-0.1,0.1857024,838.8,19.5,0.36799277
48,3868.8,0,0,0.1857024,838.8,19.5,0.36799277
43,3869,-5,0.2,0.166367,838.8,19.5,0.36799277
46,3868.8,3,-0.2,0.1779648,838.9,19.5,0.36791742
46,3868.9,0,0.1,0.1779694,838.9,19.5,0.36791742
46,3868.9,0,0,0.1779694,838.9,19.5,0.36791742
37,3869.3,-9,0.4,0.1431641,838.9,19.5,0.36791742
43,3869,6,-0.3,0.166367,838.9,19.5,0.36791742
47,3868.8,4,-0.2,0.1818336,838.9,19.5,0.36791742
37,3869.3,-10,0.5,0.1431641,838.9,19.5,0.36791742
42,3869,5,-0.3,0.162498,838.9,19.5,0.36791742
46,3868.9,4,-0.1,0.1779694,839,19.5,0.36784207
45,3868.9,-1,0,0.1741005,839,19.5,0.36784207
44,3869,-1,0.1,0.170236,839,19.5,0.36784207
50,3868.7,6,-0.3,0.193435,839,19.5,0.36784207
44,3869,-6,0.3,0.170236,839,19.5,0.36784207
43,3869,-1,0,0.166367,839,19.5,0.36784207
45,3868.9,2,-0.1,0.1741005,839,19.5,0.36784207
40,3869.2,-5,0.3,0.154768,839,19.5,0.36784207
42,3869.1,2,-0.1,0.1625022,839.1,19.5,0.36776673
37,3869.3,-5,0.2,0.1431641,839.1,19.5,0.36776673
40,3869.2,3,-0.1,0.154768,839.1,19.5,0.36776673
40,3869.2,0,0,0.154768,839.1,19.5,0.36776673
39,3869.2,-1,0,0.1508988,839.1,19.5,0.36776673
44,3869,5,-0.2,0.170236,839.1,19.5,0.36776673
45,3869,1,0,0.174105,839.1,19.5,0.36776673
36,3869.4,-9,0.4,0.1392984,839.1,19.5,0.36776673
38,3869.3,2,-0.1,0.1470334,839.1,19.5,0.36776673
35,3869.5,-3,0.2,0.1354325,839.1,19.5,0.36776673
40,3869.2,5,-0.3,0.154768,839.2,19.5,0.36769138
37,3869.4,-3,0.2,0.1431678,839.2,19.5,0.36769138
45,3869,8,-0.4,0.174105,839.2,19.5,0.36769138
39,3869.3,-6,0.3,0.1509027,839.2,19.5,0.36769138
42,3869.1,3,-0.2,0.1625022,839.2,19.5,0.36769138
37,3869.4,-5,0.3,0.1431678,839.2,19.5,0.36769138
42,3869.1,5,-0.3,0.1625022,839.2,19.5,0.36769138
38,3869.3,-4,0.2,0.1470334,839.2,19.5,0.36769138
41,3869.2,3,-0.1,0.1586372,839.2,19.5,0.36769138
40,3869.2,-1,0,0.154768,839.3,19.5,0.36761603
39,3869.2,-1,0,0.1508988,839.3,19.5,0.36761603
38,3869.3,-1,0.1,0.1470334,839.3,19.5,0.36761603
41,3869.2,3,-0.1,0.1586372,839.3,19.5,0.36761603
33,3869.6,-8,0.4,0.1276968,839.3,19.5,0.36761603
39,3869.3,6,-0.3,0.1509027,839.3,19.5,0.36761603
40,3869.3,1,0,0.154772,839.3,19.5,0.36761603
44,3869.1,4,-0.2,0.1702404,839.3,19.5,0.36761603
33,3869.6,-11,0.5,0.1276968,839.3,19.5,0.36761603
44,3869.1,11,-0.5,0.1702404,839.4,19.5,0.36754069
38,3869.4,-6,0.3,0.1470372,839.4,19.5,0.36754069
38,3869.4,0,0,0.1470372,839.4,19.5,0.36754069
38,3869.4,0,0,0.1470372,839.4,19.5,0.36754069
38,3869.4,0,0,0.1470372,839.4,19.5,0.36754069
40,3869.3,2,-0.1,0.154772,839.4,19.5,0.36754069
42,3869.2,2,-0.1,0.1625064,839.4,19.5,0.36754069
40,3869.3,-2,0.1,0.154772,839.4,19.5,0.36754069
35,3869.5,-5,0.2,0.1354325,839.4,19.5,0.36754069
39,3869.3,4,-0.2,0.1509027,839.5,19.5,0.36746534
39,3869.3,0,0,0.1509027,839.5,19.5,0.36746534
37,3869.4,-2,0.1,0.1431678,839.5,19.5,0.36746534
43,3869.2,6,-0.2,0.1663756,839.5,19.5,0.36746534
37,3869.5,-6,0.3,0.1431715,839.5,19.5,0.36746534
39,3869.4,2,-0.1,0.1509066,839.5,19.5,0.36746534
40,3869.3,1,-0.1,0.154772,839.5,19.5,0.36746534
38,3869.4,-2,0.1,0.1470372,839.5,19.5,0.36746534
36,3869.5,-2,0.1,0.139302,839.5,19.5,0.36746534
41,3869.3,5,-0.2,0.1586413,839.6,19.5,0.36738999
36,3869.5,-5,0.2,0.139302,839.6,19.5,0.36738999
41,3869.3,5,-0.2,0.1586413,839.6,19.5,0.36738999
42,3869.2,1,-0.1,0.1625064,839.6,19.5,0.36738999
43,3869.2,1,0,0.1663756,839.6,19.5,0.36738999
38,3869.4,-5,0.2,0.1470372,839.6,19.5,0.36738999
34,3869.6,-4,0.2,0.1315664,839.6,19.5,0.36738999
40,3869.3,6,-0.3,0.154772,839.6,19.5,0.36738999
36,3869.5,-4,0.2,0.139302,839.6,19.5,0.36738999
43,3869.2,7,-0.3,0.1663756,839.6,19.5,0.36738999
37,3869.5,-6,0.3,0.1431715,839.7,19.5,0.36731465
40,3869.3,3,-0.2,0.154772,839.7,19.5,0.36731465
42,3869.3,2,0,0.1625106,839.7,19.5,0.36731465
43,3869.2,1,-0.1,0.1663756,839.7,19.5,0.36731465
33,3869.6,-10,0.4,0.1276968,839.7,19.5,0.36731465
40,3869.4,7,-0.2,0.154776,839.7,19.5,0.36731465
40,3869.3,0,-0.1,0.154772,839.7,19.5,0.36731465
41,3869.3,1,0,0.1586413,839.7,19.5,0.36731465
38,3869.4,-3,0.1,0.1470372,839.7,19.5,0.36731465
36,3869.6,-2,0.2,0.1393056,839.8,19.5,0.3672393
38,3869.5,2,-0.1,0.147041,839.8,19.5,0.3672393
41,3869.3,3,-0.2,0.1586413,839.8,19.5,0.3672393
42,3869.2,1,-0.1,0.1625064,839.8,19.5,0.3672393
40,3869.4,-2,0.2,0.154776,839.8,19.5,0.3672393
38,3869.5,-2,0.1,0.147041,839.8,19.5,0.3672393
36,3869.5,-2,0,0.139302,839.8,19.5,0.3672393
40,3869.4,4,-0.1,0.154776,839.8,19.5,0.3672393
43,3869.2,3,-0.2,0.1663756,839.8,19.5,0.3672393
36,3869.6,-7,0.4,0.1393056,839.9,19.5,0.36716395
36,3869.6,0,0,0.1393056,839.9,19.5,0.36716395
43,3869.3,7,-0.3,0.1663799,839.9,19.5,0.36716395
35,3869.6,-8,0.3,0.135436,839.9,19.5,0.36716395
41,3869.3,6,-0.3,0.1586413,839.9,19.5,0.36716395
37,3869.6,-4,0.3,0.1431752,839.9,19.5,0.36716395
41,3869.3,4,-0.3,0.1586413,839.9,19.5,0.36716395
33,3869.7,-8,0.4,0.1277001,839.9,19.5,0.36716395
39,3869.4,6,-0.3,0.1509066,839.9,19.5,0.36716395
43,3869.3,4,-0.1,0.1663799,840,19.5,0.36708861
39,3869.4,-4,0.1,0.1509066,840,19.5,0.36708861
37,3869.6,-2,0.2,0.1431752,840,19.5,0.36708861
40,3869.5,3,-0.1,0.15478,840,19.5,0.36708861
35,3869.6,-5,0.1,0.135436,840,19.5,0.36708861
39,3869.4,4,-0.2,0.1509066,840,19.5,0.36708861
41,3869.4,2,0,0.1586454,840,19.5,0.36708861
37,3869.6,-4,0.2,0.1431752,840,19.5,0.36708861
36,3869.6,-1,0,0.1393056,840,19.5,0.36708861
34,3869.7,-2,0.1,0.1315698,840,19.5,0.36708861
43,3869.3,9,-0.4,0.1663799,840.1,19.5,0.36701326
40,3869.4,-3,0.1,0.154776,840.1,19.5,0.36701326
41,3869.4,1,0,0.1586454,840.1,19.5,0.36701326
41,3869.4,0,0,0.1586454,840.1,19.5,0.36701326
41,3869.4,0,0,0.1586454,840.1,19.5,0.36701326
37,3869.6,-4,0.2,0.1431752,840.1,19.5,0.36701326
39,3869.4,2,-0.2,0.1509066,840.1,19.5,0.36701326
35,3869.6,-4,0.2,0.135436,840.1,19.5,0.36701326
42,3869.4,7,-0.2,0.1625148,840.1,19.5,0.36701326
33,3869.8,-9,0.4,0.1277034,840.2,19.5,0.36693791
40,3869.4,7,-0.4,0.154776,840.2,19.5,0.36693791
37,3869.6,-3,0.2,0.1431752,840.2,19.5,0.36693791
41,3869.4,4,-0.2,0.1586454,840.2,19.5,0.36693791
39,3869.5,-2,0.1,0.1509105,840.2,19.5,0.36693791
37,3869.5,-2,0,0.1431715,840.2,19.5,0.36693791
35,3869.7,-2,0.2,0.1354395,840.2,19.5,0.36693791
35,3869.7,0,0,0.1354395,840.2,19.5,0.36693791
40,3869.4,5,-0.3,0.154776,840.2,19.5,0.36693791
42,3869.4,2,0,0.1625148,840.3,19.5,0.36686257
44,3869.2,2,-0.2,0.1702448,840.3,19.5,0.36686257
36,3869.6,-8,0.4,0.1393056,840.3,19.5,0.36686257
35,3869.7,-1,0.1,0.1354395,840.3,19.5,0.36686257
39,3869.5,4,-0.2,0.1509105,840.3,19.5,0.36686257
34,3869.7,-5,0.2,0.1315698,840.3,19.5,0.36686257
39,3869.5,5,-0.2,0.1509105,840.3,19.5,0.36686257
38,3869.6,-1,0.1,0.1470448,840.3,19.5,0.36686257
38,3869.6,0,0,0.1470448,840.3,19.5,0.36686257
39,3869.5,1,-0.1,0.1509105,840.3,19.5,0.36686257
149.1,3864.2,110.1,-5.3,0.57615222,840.4,19.5,0.36678722
254.1,3858.9,105,-5.3,0.98054649,840.5,19.5,0.36671187
257.1,3858.4,3,-0.5,0.99199464,840.5,19.5,0.36671187
257.1,3858.1,0,-0.3,0.99191751,840.6,19.5,0.36663653
256.1,3857.9,-1,-0.2,0.98800819,840.7,19.5,0.36656118
258.1,3857.6,2,-0.3,0.99564656,840.7,19.5,0.36656118
255,3857.5,-3.1,-0.1,0.9836625,840.8,19.5,0.36648583
949,3824,694,-33.5,3.628976,841.1,19.5,0.3662598
1639.9,3789.2,690.9,-34.8,6.2139091,841.5,19.5,0.36595841
1639,3786.7,-0.9,-2.5,6.2064013,842,19.5,0.36558168
1637,3784.7,-2,-2,6.1955539,842.4,19.5,0.36528029
1634,3783.1,-3,-1.6,6.1815854,842.9,19.5,0.36490356
1630,3781.6,-4,-1.5,6.164008,843.3,19.5,0.36460217
1633,3779.8,3,-1.8,6.1724134,843.8,19.5,0.36422544
1635,3778.2,2,-1.6,6.177357,844.3,19.5,0.3638487
1105.1,3802.2,-529.9,24,4.2018112,844.6,19.5,0.36362266
1104.1,3802,-1,-0.2,4.1977882,844.9,19.5,0.36339662
1106,3801.3,1.9,-0.7,4.2042378,845.2,19.5,0.36317058
806,3815.1,-300,13.8,3.0749706,845.4,19.5,0.36301989
809.1,3814.9,3.1,-0.2,3.0866356,845.6,19.5,0.3628692
815.1,3814.4,6,-0.5,3.1091174,845.9,19.5,0.36264316
809.1,3814.5,-6,0.1,3.0863119,846.1,19.5,0.36249247
804.1,3814.4,-5,-0.1,3.067159,846.3,19.5,0.36234177
-87,3857.5,-891.1,43.1,-0.3356025,846.3,19.5,0.36234177
-83,3858.8,4,1.3,-0.3202804,846.3,19.5,0.36234177
407.1,3835.6,490.1,-23.2,1.5614728,846.4,19.5,0.36226643
893,3812.1,485.9,-23.5,3.4042053,846.6,19.5,0.36211573
892,3811.2,-1,-0.9,3.3995904,846.9,19.5,0.36188969
894,3810.3,2,-0.9,3.4064082,847.1,19.5,0.361739
892,3809.8,-2,-0.5,3.3983416,847.4,19.5,0.36151296
896.2,3809,4.2,-0.8,3.4136258,847.6,19.5,0.36136227
891.1,3808.8,-5.1,-0.2,3.3940217,847.8,19.5,0.36121157
896,3808,4.9,-0.8,3.411968,848.1,19.5,0.36098553
2320.8,3739,1424.8,-69,8.6774712,848.7,19.5,0.36053345
2328.9,3735.4,8.1,-3.6,8.6993731,849.4,19.5,0.36000603
2318,3733.4,-10.9,-2,8.6540212,850,19.5,0.35955395
2322,3730.9,4,-2.5,8.6631498,850.7,19.5,0.35902652
1952,3746.6,-370,15.7,7.3133632,851.2,19.5,0.35864979
1952,3745.4,0,-1.2,7.3110208,851.8,19.5,0.35819771
1950.1,3744.2,-1.9,-1.2,7.3015644,852.3,19.5,0.35782098
1949.9,3742.9,-0.2,-1.3,7.2982807,852.8,19.5,0.35744424
-793,3874.4,-2742.9,131.5,-3.0723992,852.7,19.5,0.35751959
-798.9,3878.6,-5.9,4.2,-3.0986135,852.4,19.5,0.35774563
-796.9,3881.5,2,2.9,-3.0931674,852.2,19.5,0.35789632
-794.1,3883.6,2.8,2.1,-3.0839668,852,19.5,0.35804702
-790,3885.5,4.1,1.9,-3.069545,851.8,19.5,0.35819771
588,3820.4,1378,-65.1,2.2463952,851.9,19.6,0.35812236
590.1,3819.3,2.1,-1.1,2.2537689,852.1,19.6,0.35797167
586.2,3819,-3.9,-0.3,2.2386978,852.2,19.6,0.35789632
591.1,3818.3,4.9,-0.7,2.2569971,852.4,19.6,0.35774563
358.2,3829.3,-232.9,11,1.3716553,852.5,19.6,0.35767028
125.1,3840.8,-233.1,11.5,0.48048408,852.5,19.6,0.35767028
129,3841.2,3.9,0.4,0.4955148,852.6,19.6,0.35759494
193,3838.6,64,-2.6,0.7408498,852.6,19.6,0.35759494
268,3835.3,75,-3.3,1.0278604,852.7,19.6,0.35751959
274,3835.1,6,-0.2,1.0508174,852.8,19.6,0.35744424
264,3835.8,-10,0.7,1.0126512,852.8,19.6,0.35744424
273,3835.5,9,-0.3,1.0470915,852.9,19.6,0.3573689
268.1,3835.9,-4.9,0.4,1.0284048,853,19.6,0.35729355
-251,3861.7,-519.1,25.8,-0.9692867,852.9,19.6,0.3573689
-250,3862.8,1,1.1,-0.9657,852.9,19.6,0.3573689
113.1,3845.5,363.1,-17.3,0.43492605,852.9,19.6,0.3573689
484,3827.8,370.9,-17.7,1.8526552,853,19.6,0.35729355
487.1,3827.1,3.1,-0.7,1.8641804,853.2,19.6,0.35714286
488,3826.7,0.9,-0.4,1.8674296,853.3,19.6,0.35706751
477.1,3827,-10.9,0.3,1.8258617,853.4,19.6,0.35699216
57,3847,-420.1,20,0.219279,853.4,19.6,0.35699216
-371,3868.9,-428,21.9,-1.4353619,853.4,19.6,0.35699216
-369,3870.1,2,1.2,-1.4280669,853.3,19.6,0.35706751
-368,3871.1,1,1,-1.4245648,853.2,19.6,0.35714286
-368.1,3871.9,-0.1,0.8,-1.4252464,853.1,19.6,0.3572182
-370.1,3872.9,-2,1,-1.4333603,852.9,19.6,0.3573689
-361.9,3873.2,8.2,0.3,-1.4017111,852.8,19.6,0.35744424
-709.9,3890.6,-348,17.4,-2.7619369,852.6,19.6,0.35759494
-710.9,3892,-1,1.4,-2.7668228,852.5,19.6,0.35767028
-710.9,3893.1,0,1.1,-2.7676048,852.3,19.6,0.35782098
-709.9,3894.2,1,1.1,-2.7644926,852.1,19.6,0.35797167
-707.1,3894.9,2.8,0.7,-2.7540838,851.9,19.6,0.35812236
-713.8,3896.2,-6.7,1.3,-2.7811076,851.7,19.6,0.35827306
-713,3897.1,0.8,0.9,-2.7786323,851.5,19.6,0.35842375
1013.9,3814.3,1726.9,-82.8,3.8673188,851.7,19.6,0.35827306
1016,3811.7,2.1,-2.6,3.8726872,852,19.6,0.35804702
1020,3809.8,4,-1.9,3.885996,852.3,19.6,0.35782098
1021,3808.3,1,-1.5,3.8882743,852.6,19.6,0.35759494
1024,3806.9,3,-1.4,3.8982656,852.8,19.6,0.35744424
1017.1,3806.1,-6.9,-0.8,3.8711843,853.1,19.6,0.3572182
1350.1,3789.1,333,-17,5.1156639,853.5,19.6,0.35691682
1678,3771.8,327.9,-17.3,6.3290804,854,19.6,0.35654008
1678,3769.8,0,-2,6.3257244,854.4,19.6,0.3562387
1676,3768.2,-2,-1.6,6.3155032,854.9,19.6,0.35586197
1679,3766.4,3,-1.8,6.3237856,855.4,19.6,0.35548523
1679,3764.9,0,-1.5,6.3212671,855.8,19.6,0.35518385
1673.9,3763.7,-5.1,-1.2,6.3000574,856.3,19.6,0.35480711
281.1,3829.3,-1392.8,65.6,1.0764162,856.4,19.6,0.35473177
280.1,3830.8,-1,1.5,1.0730071,856.5,19.6,0.35465642
279.1,3831.7,-1,0.9,1.0694275,856.5,19.6,0.35465642
272.1,3832.6,-7,0.9,1.0428505,856.6,19.6,0.35458107
280.1,3832.7,8,0.1,1.0735393,856.7,19.6,0.35450573
964,3800.1,683.9,-32.6,3.6632964,856.9,19.6,0.35435503
962,3799.2,-2,-0.9,3.6548304,857.2,19.6,0.35412899
959.1,3798.6,-2.9,-0.6,3.6432373,857.5,19.6,0.35390295
958,3798,-1.1,-0.6,3.638484,857.7,19.6,0.35375226
956,3797.6,-2,-0.4,3.6305056,858,19.6,0.35352622
961,3796.8,5,-0.8,3.6487248,858.3,19.6,0.35330018
956.1,3796.5,-4.9,-0.3,3.6298336,858.5,19.6,0.35314949
962.1,3795.8,6,-0.7,3.6519392,858.8,19.6,0.35292345
961,3795.4,-1.1,-0.4,3.6473794,859.1,19.6,0.35269741
957,3795.1,-4,-0.3,3.6319107,859.3,19.6,0.35254671
2358.7,3727.2,1401.7,-67.9,8.7913466,860,19.6,0.35201929
2362,3724,3.3,-3.2,8.796088,860.7,19.6,0.35149186
2357.9,3721.7,-4.1,-2.3,8.7753964,861.3,19.6,0.35103978
2357.9,3719.5,0,-2.2,8.7702091,862,19.6,0.35051236
2356.9,3717.7,-1,-1.8,8.7622471,862.6,19.6,0.35006028
2357.9,3715.8,1,-1.9,8.7614848,863.3,19.6,0.34953285
2359.9,3714,2,-1.8,8.7646686,863.9,19.6,0.34908077
2364,3712.2,4.1,-1.8,8.7756408,864.6,19.6,0.34855335
2357,3711,-7,-1.2,8.746827,865.2,19.6,0.34810127
1290.1,3760.9,-1066.9,49.9,4.8519371,865.6,19.6,0.34779988
213.2,3813.4,-1076.9,52.5,0.81301688,865.7,19.6,0.34772453
216.1,3815.4,2.9,2,0.82450794,865.7,19.6,0.34772453
214.1,3817.1,-2,1.7,0.81724111,865.8,19.6,0.34764919
218.1,3818.1,4,1,0.83272761,865.8,19.6,0.34764919
217.1,3819.2,-1,1.1,0.82914832,865.9,19.6,0.34757384
218,3820,0.9,0.8,0.83276,866,19.6,0.34749849
223,3820.6,5,0.6,0.8519938,866,19.6,0.34749849
215,3821.7,-8,1.1,0.8216655,866.1,19.6,0.34742315
217.1,3822.3,2.1,0.6,0.82982133,866.1,19.6,0.34742315
-1479.9,3904.9,-1697,82.6,-5.7788615,865.8,19.6,0.34764919
-1489,3909.2,-9.1,4.3,-5.8207988,865.4,19.6,0.34795057
-1482,3911.9,7,2.7,-5.7974358,865,19.6,0.34825196
-732.1,3878.6,749.9,-33.3,-2.8395231,864.8,19.6,0.34840265
14,3843.1,746.1,-35.5,0.0538034,864.7,19.6,0.348478
16,3842.7,2,-0.4,0.0614832,864.7,19.6,0.348478
15,3842.8,-1,0.1,0.057642,864.7,19.6,0.348478
16,3843,1,0.2,0.061488,864.8,19.6,0.34840265
20,3843,4,0,0.07686,864.8,19.6,0.34840265
19,3843.3,-1,0.3,0.0730227,864.8,19.6,0.34840265
19,3843.6,0,0.3,0.0730284,864.8,19.6,0.34840265
20,3843.9,1,0.3,0.076878,864.8,19.6,0.34840265
17,3844.3,-3,0.4,0.0653531,864.8,19.6,0.34840265
20,3844.5,3,0.2,0.07689,864.8,19.6,0.34840265
19,3844.8,-1,0.3,0.0730512,864.8,19.6,0.34840265
17,3845.2,-2,0.4,0.0653684,864.8,19.6,0.34840265
15,3845.7,-2,0.5,0.0576855,864.8,19.6,0.34840265
17,3845.9,2,0.2,0.0653803,864.8,19.6,0.34840265
19,3846,2,0.1,0.073074,864.8,19.6,0.34840265
11,3846.7,-8,0.7,0.0423137,864.8,19.6,0.34840265
11,3847,0,0.3,0.042317,864.8,19.6,0.34840265
12,3847.2,1,0.2,0.0461664,864.8,19.6,0.34840265
13,3847.5,1,0.3,0.0500175,864.8,19.6,0.34840265
16,3847.5,3,0,0.06156,864.8,19.6,0.34840265
16,3847.8,0,0.3,0.0615648,864.8,19.6,0.34840265
17,3848,1,0.2,0.065416,864.8,19.6,0.34840265
16,3848.3,-1,0.3,0.0615728,864.8,19.6,0.34840265
16,3848.6,0,0.3,0.0615776,864.8,19.6,0.34840265
13,3848.9,-3,0.3,0.0500357,864.8,19.6,0.34840265
10,3849.3,-3,0.4,0.038493,864.8,19.6,0.34840265
17,3849.2,7,-0.1,0.0654364,864.9,19.6,0.34832731
16,3849.4,-1,0.2,0.0615904,864.9,19.6,0.34832731
16,3849.6,0,0.2,0.0615936,864.9,19.6,0.34832731
19,3849.7,3,0.1,0.0731443,864.9,19.6,0.34832731
13,3850.2,-6,0.5,0.0500526,864.9,19.6,0.34832731
16,3850.2,3,0,0.0616032,864.9,19.6,0.34832731
13,3850.6,-3,0.4,0.0500578,864.9,19.6,0.34832731
20,3850.4,7,-0.2,0.077008,864.9,19.6,0.34832731
21,3850.6,1,0.2,0.0808626,864.9,19.6,0.34832731
17,3850.9,-4,0.3,0.0654653,864.9,19.6,0.34832731
17,3851.2,0,0.3,0.0654704,864.9,19.6,0.34832731
16,3851.3,-1,0.1,0.0616208,864.9,19.6,0.34832731
14,3851.6,-2,0.3,0.0539224,864.9,19.6,0.34832731
17,3851.6,3,0,0.0654772,864.9,19.6,0.34832731
18,3851.7,1,0.1,0.0693306,864.9,19.6,0.34832731
21,3851.7,3,0,0.0808857,864.9,19.6,0.34832731
13,3852.2,-8,0.5,0.0500786,864.9,19.6,0.34832731
11,3852.5,-2,0.3,0.0423775,864.9,19.6,0.34832731
14,3852.5,3,0,0.053935,864.9,19.6,0.34832731
17,3852.5,3,0,0.0654925,864.9,19.6,0.34832731
13,3852.8,-4,0.3,0.0500864,864.9,19.6,0.34832731
17,3852.8,4,0,0.0654976,864.9,19.6,0.34832731
17,3852.9,0,0.1,0.0654993,865,19.6,0.34825196
23,3852.7,6,-0.2,0.0886121,865,19.6,0.34825196
21,3852.9,-2,0.2,0.0809109,865,19.6,0.34825196
15,3853.4,-6,0.5,0.057801,865,19.6,0.34825196
12,3853.6,-3,0.2,0.0462432,865,19.6,0.34825196
20,3853.4,8,-0.2,0.077068,865,19.6,0.34825196
14,3853.8,-6,0.4,0.0539532,865,19.6,0.34825196
14,3853.9,0,0.1,0.0539546,865,19.6,0.34825196
15,3854,1,0.1,0.05781,865,19.6,0.34825196
18,3853.9,3,-0.1,0.0693702,865,19.6,0.34825196
17,3854.1,-1,0.2,0.0655197,865,19.6,0.34825196
14,3854.3,-3,0.2,0.0539602,865,19.6,0.34825196
13,3854.5,-1,0.2,0.0501085,865,19.6,0.34825196
16,3854.5,3,0,0.061672,865,19.6,0.34825196
17,3854.6,1,0.1,0.0655282,865,19.6,0.34825196
27,3854.2,10,-0.4,0.1040634,865,19.6,0.34825196
38,3853.7,11,-0.5,0.1464406,865,19.6,0.34825196
38,3853.8,0,0.1,0.1464444,865,19.6,0.34825196
45,3853.5,7,-0.3,0.1734075,865.1,19.6,0.34817661
46,3853.5,1,0,0.177261,865.1,19.6,0.34817661
37,3854.1,-9,0.6,0.1426017,865.1,19.6,0.34817661
35,3854.2,-2,0.1,0.134897,865.1,19.6,0.34817661
39,3854,4,-0.2,0.150306,865.1,19.6,0.34817661
38,3854.2,-1,0.2,0.1464596,865.1,19.6,0.34817661
41,3854.1,3,-0.1,0.1580181,865.1,19.6,0.34817661
38,3854.3,-3,0.2,0.1464634,865.1,19.6,0.34817661
38,3854.4,0,0.1,0.1464672,865.1,19.6,0.34817661
43,3854.2,5,-0.2,0.1657306,865.2,19.6,0.34810127
42,3854.3,-1,0.1,0.1618806,865.2,19.6,0.34810127
41,3854.4,-1,0.1,0.1580304,865.2,19.6,0.34810127
32,3854.9,-9,0.5,0.1233568,865.2,19.6,0.34810127
41,3854.6,9,-0.3,0.1580386,865.2,19.6,0.34810127
40,3854.7,-1,0.1,0.154188,865.2,19.6,0.34810127
38,3854.8,-2,0.1,0.1464824,865.2,19.6,0.34810127
41,3854.7,3,-0.1,0.1580427,865.2,19.6,0.34810127
41,3854.8,0,0.1,0.1580468,865.2,19.6,0.34810127
51,3854.4,10,-0.4,0.1965744,865.3,19.6,0.34802592
42,3854.8,-9,0.4,0.1619016,865.3,19.6,0.34802592
35,3855.2,-7,0.4,0.134932,865.3,19.6,0.34802592
35,3855.3,0,0.1,0.1349355,865.3,19.6,0.34802592
37,3855.2,2,-0.1,0.1426424,865.3,19.6,0.34802592
37,3855.3,0,0.1,0.1426461,865.3,19.6,0.34802592
43,3855.1,6,-0.2,0.1657693,865.3,19.6,0.34802592
39,3855.3,-4,0.2,0.1503567,865.3,19.6,0.34802592
39,3855.3,0,0,0.1503567,865.3,19.6,0.34802592
36,3855.5,-3,0.2,0.138798,865.4,19.6,0.34795057
37,3855.6,1,0.1,0.1426572,865.4,19.6,0.34795057
39,3855.5,2,-0.1,0.1503645,865.4,19.6,0.34795057
41,3855.5,2,0,0.1580755,865.4,19.6,0.34795057
42,3855.4,1,-0.1,0.1619268,865.4,19.6,0.34795057
36,3855.8,-6,0.4,0.1388088,865.4,19.6,0.34795057
37,3855.8,1,0,0.1426646,865.4,19.6,0.34795057
38,3855.8,1,0,0.1465204,865.4,19.6,0.34795057
38,3855.9,0,0.1,0.1465242,865.4,19.6,0.34795057
38,3855.9,0,0,0.1465242,865.4,19.6,0.34795057
40,3855.8,2,-0.1,0.154232,865.5,19.6,0.34787523
41,3855.8,1,0,0.1580878,865.5,19.6,0.34787523
43,3855.8,2,0,0.1657994,865.5,19.6,0.34787523
39,3856,-4,0.2,0.150384,865.5,19.6,0.34787523
38,3856.1,-1,0.1,0.1465318,865.5,19.6,0.34787523
41,3856,3,-0.1,0.158096,865.5,19.6,0.34787523
37,3856.3,-4,0.3,0.1426831,865.5,19.6,0.34787523
38,3856.3,1,0,0.1465394,865.5,19.6,0.34787523
40,3856.2,2,-0.1,0.154248,865.5,19.6,0.34787523
37,3856.4,-3,0.2,0.1426868,865.6,19.6,0.34779988
42,3856.1,5,-0.3,0.1619562,865.6,19.6,0.34779988
38,3856.4,-4,0.3,0.1465432,865.6,19.6,0.34779988
36,3856.6,-2,0.2,0.1388376,865.6,19.6,0.34779988
35,3856.6,-1,0,0.134981,865.6,19.6,0.34779988
42,3856.4,7,-0.2,0.1619688,865.6,19.6,0.34779988
43,3856.3,1,-0.1,0.1658209,865.6,19.6,0.34779988
34,3856.8,-9,0.5,0.1311312,865.6,19.6,0.34779988
35,3856.8,1,0,0.134988,865.6,19.6,0.34779988
37,3856.7,2,-0.1,0.1426979,865.7,19.6,0.34772453
40,3856.6,3,-0.1,0.154264,865.7,19.6,0.34772453
42,3856.5,2,-0.1,0.161973,865.7,19.6,0.34772453
38,3856.8,-4,0.3,0.1465584,865.7,19.6,0.34772453
32,3857.1,-6,0.3,0.1234272,865.7,19.6,0.34772453
37,3856.9,5,-0.2,0.1427053,865.7,19.6,0.34772453
38,3856.9,1,0,0.1465622,865.7,19.6,0.34772453
41,3856.8,3,-0.1,0.1581288,865.7,19.6,0.34772453
38,3857,-3,0.2,0.146566,865.7,19.6,0.34772453
41,3856.9,3,-0.1,0.1581329,865.7,19.6,0.34772453
37,3857.1,-4,0.2,0.1427127,865.8,19.6,0.34764919
37,3857.1,0,0,0.1427127,865.8,19.6,0.34764919
40,3857,3,-0.1,0.15428,865.8,19.6,0.34764919
44,3856.8,4,-0.2,0.1696992,865.8,19.6,0.34764919
37,3857.2,-7,0.4,0.1427164,865.8,19.6,0.34764919
41,3857,4,-0.2,0.158137,865.8,19.6,0.34764919
33,3857.4,-8,0.4,0.1272942,865.8,19.6,0.34764919
38,3857.2,5,-0.2,0.1465736,865.8,19.6,0.34764919
43,3857,5,-0.2,0.165851,865.8,19.6,0.34764919
37,3857.4,-6,0.4,0.1427238,865.9,19.6,0.34757384
39,3857.3,2,-0.1,0.1504347,865.9,19.6,0.34757384
45,3857,6,-0.3,0.173565,865.9,19.6,0.34757384
39,3857.3,-6,0.3,0.1504347,865.9,19.6,0.34757384
41,3857.3,2,0,0.1581493,865.9,19.6,0.34757384
38,3857.4,-3,0.1,0.1465812,865.9,19.6,0.34757384
39,3857.4,1,0,0.1504386,865.9,19.6,0.34757384
35,3857.6,-4,0.2,0.135016,865.9,19.6,0.34757384
36,3857.6,1,0,0.1388736,865.9,19.6,0.34757384
37,3857.6,1,0,0.1427312,866,19.6,0.34749849
40,3857.5,3,-0.1,0.1543,866,19.6,0.34749849
37,3857.7,-3,0.2,0.1427349,866,19.6,0.34749849
35,3857.8,-2,0.1,0.135023,866,19.6,0.34749849
39,3857.6,4,-0.2,0.1504464,866,19.6,0.34749849
36,3857.8,-3,0.2,0.1388808,866,19.6,0.34749849
41,3857.6,5,-0.2,0.1581616,866,19.6,0.34749849
44,3857.4,3,-0.2,0.1697256,866,19.6,0.34749849
38,3857.8,-6,0.4,0.1465964,866,19.6,0.34749849
39,3857.7,1,-0.1,0.1504503,866,19.6,0.34749849
37,3857.8,-2,0.1,0.1427386,866.1,19.6,0.34742315
42,3857.6,5,-0.2,0.1620192,866.1,19.6,0.34742315
39,3857.8,-3,0.2,0.1504542,866.1,19.6,0.34742315
40,3857.8,1,0,0.154312,866.1,19.6,0.34742315
37,3858,-3,0.2,0.142746,866.1,19.6,0.34742315
36,3858.1,-1,0.1,0.1388916,866.1,19.6,0.34742315
43,3857.7,7,-0.4,0.1658811,866.1,19.6,0.34742315
40,3857.9,-3,0.2,0.154316,866.1,19.6,0.34742315
36,3858.1,-4,0.2,0.1388916,866.1,19.6,0.34742315
43,3857.8,7,-0.3,0.1658854,866.2,19.6,0.3473478
41,3857.9,-2,0.1,0.1581739,866.2,19.6,0.3473478
41,3857.9,0,0,0.1581739,866.2,19.6,0.3473478
41,3858,0,0.1,0.158178,866.2,19.6,0.3473478
40,3858,-1,0,0.15432,866.2,19.6,0.3473478
42,3857.9,2,-0.1,0.1620318,866.2,19.6,0.3473478
39,3858.1,-3,0.2,0.1504659,866.2,19.6,0.3473478
33,3858.4,-6,0.3,0.1273272,866.2,19.6,0.3473478
38,3858.2,5,-0.2,0.1466116,866.2,19.6,0.3473478
38,3858.2,0,0,0.1466116,866.3,19.6,0.34727245
35,3858.3,-3,0.1,0.1350405,866.3,19.6,0.34727245
37,3858.3,2,0,0.1427571,866.3,19.6,0.34727245
41,3858.1,4,-0.2,0.1581821,866.3,19.6,0.34727245
46,3857.9,5,-0.2,0.1774634,866.3,19.6,0.34727245
41,3858.2,-5,0.3,0.1581862,866.3,19.6,0.34727245
46,3857.9,5,-0.3,0.1774634,866.3,19.6,0.34727245
41,3858.2,-5,0.3,0.1581862,866.3,19.6,0.34727245
38,3858.3,-3,0.1,0.1466154,866.3,19.6,0.34727245
45,3858,7,-0.3,0.17361,866.4,19.6,0.34719711
39,3858.3,-6,0.3,0.1504737,866.4,19.6,0.34719711
39,3858.4,0,0.1,0.1504776,866.4,19.6,0.34719711
35,3858.6,-4,0.2,0.135051,866.4,19.6,0.34719711
46,3858,11,-0.6,0.177468,866.4,19.6,0.34719711
40,3858.3,-6,0.3,0.154332,866.4,19.6,0.34719711
46,3858.1,6,-0.2,0.1774726,866.4,19.6,0.34719711
39,3858.4,-7,0.3,0.1504776,866.4,19.6,0.34719711
40,3858.4,1,0,0.154336,866.4,19.6,0.34719711
35,3858.7,-5,0.3,0.1350545,866.5,19.6,0.34712176
44,3858.3,9,-0.4,0.1697652,866.5,19.6,0.34712176
39,3858.5,-5,0.2,0.1504815,866.5,19.6,0.34712176
39,3858.5,0,0,0.1504815,866.5,19.6,0.34712176
37,3858.6,-2,0.1,0.1427682,866.5,19.6,0.34712176
38,3858.6,1,0,0.1466268,866.5,19.6,0.34712176
35,3858.8,-3,0.2,0.135058,866.5,19.6,0.34712176
41,3858.5,6,-0.3,0.1581985,866.5,19.6,0.34712176
40,3858.6,-1,0.1,0.154344,866.5,19.6,0.34712176
38,3858.7,-2,0.1,0.1466306,866.6,19.6,0.34704641
41,3858.5,3,-0.2,0.1581985,866.6,19.6,0.34704641
43,3858.5,2,0,0.1659155,866.6,19.6,0.34704641
42,3858.5,-1,0,0.162057,866.6,19.6,0.34704641
38,3858.7,-4,0.2,0.1466306,866.6,19.6,0.34704641
38,3858.8,0,0.1,0.1466344,866.6,19.6,0.34704641
44,3858.4,6,-0.4,0.1697696,866.6,19.6,0.34704641
38,3858.8,-6,0.4,0.1466344,866.6,19.6,0.34704641
37,3858.8,-1,0,0.1427756,866.6,19.6,0.34704641
42,3858.7,5,-0.1,0.1620654,866.7,19.6,0.34697107
46,3858.4,4,-0.3,0.1774864,866.7,19.6,0.34697107
38,3858.8,-8,0.4,0.1466344,866.7,19.6,0.34697107
41,3858.7,3,-0.1,0.1582067,866.7,19.6,0.34697107
41,3858.7,0,0,0.1582067,866.7,19.6,0.34697107
41,3858.7,0,0,0.1582067,866.7,19.6,0.34697107
41,3858.8,0,0.1,0.1582108,866.7,19.6,0.34697107
43,3858.6,2,-0.2,0.1659198,866.7,19.6,0.34697107
40,3858.8,-3,0.2,0.154352,866.7,19.6,0.34697107
39,3858.9,-1,0.1,0.1504971,866.8,19.6,0.34689572
40,3858.8,1,-0.1,0.154352,866.8,19.6,0.34689572
42,3858.8,2,0,0.1620696,866.8,19.6,0.34689572
42,3858.8,0,0,0.1620696,866.8,19.6,0.34689572
46,3858.6,4,-0.2,0.1774956,866.8,19.6,0.34689572
42,3858.8,-4,0.2,0.1620696,866.8,19.6,0.34689572
39,3859,-3,0.2,0.150501,866.8,19.6,0.34689572
42,3858.8,3,-0.2,0.1620696,866.8,19.6,0.34689572
41,3858.9,-1,0.1,0.1582149,866.9,19.6,0.34682037
42,3858.8,1,-0.1,0.1620696,866.9,19.6,0.34682037
37,3859.1,-5,0.3,0.1427867,866.9,19.6,0.34682037
38,3859.1,1,0,0.1466458,866.9,19.6,0.34682037
42,3858.9,4,-0.2,0.1620738,866.9,19.6,0.34682037
44,3858.8,2,-0.1,0.1697872,866.9,19.6,0.34682037
39,3859.1,-5,0.3,0.1505049,866.9,19.6,0.34682037
38,3859.1,-1,0,0.1466458,866.9,19.6,0.34682037
38,3859.2,0,0.1,0.1466496,866.9,19.6,0.34682037
40,3859.1,2,-0.1,0.154364,867,19.6,0.34674503
40,3859.1,0,0,0.154364,867,19.6,0.34674503
44,3858.9,4,-0.2,0.1697916,867,19.6,0.34674503
40,3859.1,-4,0.2,0.154364,867,19.6,0.34674503
40,3859.1,0,0,0.154364,867,19.6,0.34674503
41,3859.1,1,0,0.1582231,867,19.6,0.34674503
42,3859,1,-0.1,0.162078,867,19.6,0.34674503
44,3858.9,2,-0.1,0.1697916,867,19.6,0.34674503
43,3859,-1,0.1,0.165937,867,19.6,0.34674503
44,3858.9,1,-0.1,0.1697916,867.1,19.6,0.34666968
39,3859.2,-5,0.3,0.1505088,867.1,19.6,0.34666968
41,3859.1,2,-0.1,0.1582231,867.1,19.6,0.34666968
39,3859.3,-2,0.2,0.1505127,867.1,19.6,0.34666968
37,3859.3,-2,0,0.1427941,867.1,19.6,0.34666968
36,3859.4,-1,0.1,0.1389384,867.1,19.6,0.34666968
41,3859.2,5,-0.2,0.1582272,867.1,19.6,0.34666968
42,3859.1,1,-0.1,0.1620822,867.1,19.6,0.34666968
33,3859.6,-9,0.5,0.1273668,867.1,19.6,0.34666968
35,3859.6,2,0,0.135086,867.2,19.6,0.34659433
43,3859.1,8,-0.5,0.1659413,867.2,19.6,0.34659433
42,3859.3,-1,0.2,0.1620906,867.2,19.6,0.34659433
38,3859.4,-4,0.1,0.1466572,867.2,19.6,0.34659433
34,3859.6,-4,0.2,0.1312264,867.2,19.6,0.34659433
39,3859.4,5,-0.2,0.1505166,867.2,19.6,0.34659433
41,3859.3,2,-0.1,0.1582313,867.2,19.6,0.34659433
45,3859.1,4,-0.2,0.1736595,867.2,19.6,0.34659433
41,3859.3,-4,0.2,0.1582313,867.2,19.6,0.34659433
41,3859.3,0,0,0.1582313,867.3,19.6,0.34651899
36,3859.6,-5,0.3,0.1389456,867.3,19.6,0.34651899
41,3859.4,5,-0.2,0.1582354,867.3,19.6,0.34651899
42,3859.3,1,-0.1,0.1620906,867.3,19.6,0.34651899
44,3859.3,2,0,0.1698092,867.3,19.6,0.34651899
41,3859.4,-3,0.1,0.1582354,867.3,19.6,0.34651899
42,3859.4,1,0,0.1620948,867.3,19.6,0.34651899
32,3859.8,-10,0.4,0.1235136,867.3,19.6,0.34651899
22,3860.3,-10,0.5,0.0849266,867.3,19.6,0.34651899
25,3860.2,3,-0.1,0.096505,867.3,19.6,0.34651899
18,3860.6,-7,0.4,0.0694908,867.3,19.6,0.34651899
23,3860.4,5,-0.2,0.0887892,867.4,19.6,0.34644364
24,3860.4,1,0,0.0926496,867.4,19.6,0.34644364
23,3860.5,-1,0.1,0.0887915,867.4,19.6,0.34644364
22,3860.5,-1,0,0.084931,867.4,19.6,0.34644364
27,3860.3,5,-0.2,0.1042281,867.4,19.6,0.34644364
23,3860.5,-4,0.2,0.0887915,867.4,19.6,0.34644364
27,3860.4,4,-0.1,0.1042308,867.4,19.6,0.34644364
22,3860.6,-5,0.2,0.0849332,867.4,19.6,0.34644364
21,3860.7,-1,0.1,0.0810747,867.4,19.6,0.34644364
22,3860.6,1,-0.1,0.0849332,867.4,19.6,0.34644364
28,3860.4,6,-0.2,0.1080912,867.4,19.6,0.34644364
21,3860.7,-7,0.3,0.0810747,867.4,19.6,0.34644364
20,3860.9,-1,0.2,0.077218,867.4,19.6,0.34644364
22,3860.7,2,-0.2,0.0849354,867.4,19.6,0.34644364
26,3860.6,4,-0.1,0.1003756,867.4,19.6,0.34644364
19,3860.9,-7,0.3,0.0733571,867.5,19.6,0.34636829
20,3860.9,1,0,0.077218,867.5,19.6,0.34636829
24,3860.8,4,-0.1,0.0926592,867.5,19.6,0.34636829
22,3860.8,-2,0,0.0849376,867.5,19.6,0.34636829
24,3860.8,2,0,0.0926592,867.5,19.6,0.34636829
28,3860.6,4,-0.2,0.1080968,867.5,19.6,0.34636829
27,3860.7,-1,0.1,0.1042389,867.5,19.6,0.34636829
21,3860.9,-6,0.2,0.0810789,867.5,19.6,0.34636829
26,3860.7,5,-0.2,0.1003782,867.5,19.6,0.34636829
27,3860.7,1,0,0.1042389,867.5,19.6,0.34636829
25,3860.8,-2,0.1,0.09652,867.5,19.6,0.34636829
22,3861,-3,0.2,0.084942,867.5,19.6,0.34636829
22,3861,0,0,0.084942,867.5,19.6,0.34636829
20,3861.1,-2,0.1,0.077222,867.5,19.6,0.34636829
22,3861.1,2,0,0.0849442,867.5,19.6,0.34636829
23,3861,1,-0.1,0.088803,867.6,19.6,0.34629295
21,3861.1,-2,0.1,0.0810831,867.6,19.6,0.34629295
27,3860.8,6,-0.3,0.1042416,867.6,19.6,0.34629295
21,3861.1,-6,0.3,0.0810831,867.6,19.6,0.34629295
23,3861.1,2,0,0.0888053,867.6,19.6,0.34629295
23,3861.1,0,0,0.0888053,867.6,19.5,0.34629295
21,3861.2,-2,0.1,0.0810852,867.6,19.6,0.34629295
19,3861.3,-2,0.1,0.0733647,867.6,19.5,0.34629295
24,3861.1,5,-0.2,0.0926664,867.6,19.5,0.34629295
17,3861.4,-7,0.3,0.0656438,867.6,19.5,0.34629295
20,3861.3,3,-0.1,0.077226,867.6,19.6,0.34629295
20,3861.3,0,0,0.077226,867.6,19.5,0.34629295
19,3861.4,-1,0.1,0.0733666,867.6,19.5,0.34629295
20,3861.4,1,0,0.077228,867.6,19.5,0.34629295
23,3861.2,3,-0.2,0.0888076,867.6,19.5,0.34629295
21,3861.4,-2,0.2,0.0810894,867.6,19.5,0.34629295
22,3861.3,1,-0.1,0.0849486,867.6,19.5,0.34629295
24,3861.2,2,-0.1,0.0926688,867.7,19.5,0.3462176
22,3861.3,-2,0.1,0.0849486,867.7,19.5,0.3462176
26,3861.2,4,-0.1,0.1003912,867.7,19.5,0.3462176
21,3861.4,-5,0.2,0.0810894,867.7,19.5,0.3462176
24,3861.3,3,-0.1,0.0926712,867.7,19.5,0.3462176
26,3861.2,2,-0.1,0.1003912,867.7,19.5,0.3462176
20,3861.5,-6,0.3,0.07723,867.7,19.5,0.3462176
25,3861.3,5,-0.2,0.0965325,867.7,19.5,0.3462176
26,3861.2,1,-0.1,0.1003912,867.7,19.5,0.3462176
21,3861.5,-5,0.3,0.0810915,867.7,19.5,0.3462176
20,3861.6,-1,0.1,0.077232,867.7,19.5,0.3462176
23,3861.5,3,-0.1,0.0888145,867.7,19.5,0.3462176
24,3861.4,1,-0.1,0.0926736,867.7,19.6,0.3462176
24,3861.4,0,0,0.0926736,867.7,19.6,0.3462176
17,3861.7,-7,0.3,0.0656489,867.7,19.6,0.3462176
19,3861.7,2,0,0.0733723,867.7,19.6,0.3462176
22,3861.5,3,-0.2,0.084953,867.8,19.6,0.34614225
19,3861.7,-3,0.2,0.0733723,867.8,19.6,0.34614225
24,3861.5,5,-0.2,0.092676,867.8,19.6,0.34614225
21,3861.6,-3,0.1,0.0810936,867.8,19.6,0.34614225
20,3861.7,-1,0.1,0.077234,867.8,19.6,0.34614225
25,3861.5,5,-0.2,0.0965375,867.8,19.6,0.34614225
21,3861.7,-4,0.2,0.0810957,867.8,19.6,0.34614225
27,3861.4,6,-0.3,0.1042578,867.8,19.6,0.34614225
18,3861.8,-9,0.4,0.0695124,867.8,19.6,0.34614225
21,3861.7,3,-0.1,0.0810957,867.8,19.6,0.34614225
20,3861.8,-1,0.1,0.077236,867.8,19.6,0.34614225
20,3861.8,0,0,0.077236,867.8,19.6,0.34614225
21,3861.8,1,0,0.0810978,867.8,19.6,0.34614225
22,3861.7,1,-0.1,0.0849574,867.8,19.6,0.34614225
23,3861.7,1,0,0.0888191,867.8,19.6,0.34614225
25,3861.6,2,-0.1,0.09654,867.8,19.6,0.34614225
21,3861.8,-4,0.2,0.0810978,867.8,19.6,0.34614225
20,3861.8,-1,0,0.077236,867.9,19.6,0.34606691
22,3861.8,2,0,0.0849596,867.9,19.6,0.34606691
25,3861.6,3,-0.2,0.09654,867.9,19.6,0.34606691
26,3861.6,1,0,0.1004016,867.9,19.6,0.34606691
19,3861.9,-7,0.3,0.0733761,867.9,19.6,0.34606691
19,3862,0,0.1,0.073378,867.9,19.6,0.34606691
24,3861.7,5,-0.3,0.0926808,867.9,19.6,0.34606691
17,3862.1,-7,0.4,0.0656557,867.9,19.6,0.34606691
21,3861.9,4,-0.2,0.0810999,867.9,19.6,0.34606691
22,3861.9,1,0,0.0849618,867.9,19.6,0.34606691
25,3861.7,3,-0.2,0.0965425,867.9,19.6,0.34606691
22,3861.9,-3,0.2,0.0849618,867.9,19.6,0.34606691
21,3861.9,-1,0,0.0810999,867.9,19.6,0.34606691
22,3861.9,1,0,0.0849618,867.9,19.6,0.34606691
24,3861.8,2,-0.1,0.0926832,867.9,19.6,0.34606691
25,3861.8,1,0,0.096545,867.9,19.6,0.34606691
22,3861.9,-3,0.1,0.0849618,868,19.6,0.34599156
20,3862,-2,0.1,0.07724,868,19.6,0.34599156
22,3861.9,2,-0.1,0.0849618,868,19.6,0.34599156
21,3862,-1,0.1,0.081102,868,19.6,0.34599156
21,3862,0,0,0.081102,868,19.6,0.34599156
21,3862,0,0,0.081102,868,19.6,0.34599156
23,3862,2,0,0.088826,868,19.6,0.34599156
30,3861.7,7,-0.3,0.115851,868,19.6,0.34599156
25,3861.8,-5,0.1,0.096545,868,19.6,0.34599156
1024.9,3813.7,999.9,-48.1,3.9086611,868.3,19.6,0.34576552
1027,3811.8,2.1,-1.9,3.9147186,868.5,19.6,0.34561483
1033,3809.9,6,-1.9,3.9356267,868.8,19.6,0.34538879
1024.9,3809,-8.1,-0.9,3.9038441,869.1,19.6,0.34516275
1030,3807.7,5.1,-1.3,3.921931,869.4,19.6,0.34493671
1029,3806.6,-1,-1.1,3.9169914,869.7,19.6,0.34471067
1026,3805.8,-3,-0.8,3.9047508,870,19.6,0.34448463
1034,3804.4,8,-1.4,3.9337496,870.3,19.6,0.34425859
229.1,3842.2,-804.9,37.8,0.88024802,870.3,19.6,0.34425859
219.1,3843.4,-10,1.2,0.84208894,870.4,19.6,0.34418324
224.1,3843.5,5,0.1,0.86132835,870.4,19.6,0.34418324
220.1,3843.9,-4,0.4,0.84604239,870.5,19.6,0.3441079
227.1,3843.8,7,-0.1,0.87292698,870.6,19.6,0.34403255
223,3844.1,-4.1,0.3,0.8572343,870.6,19.6,0.34403255
1112,3801.4,889,-42.7,4.2271568,870.9,19.6,0.34380651
1105.1,3800.1,-6.9,-1.3,4.1994905,871.3,19.6,0.34350512
1106,3798.7,0.9,-1.4,4.2013622,871.6,19.6,0.34327908
1109.1,3797.5,3.1,-1.2,4.2118072,871.9,19.6,0.34305304
1108.1,3796.5,-1,-1,4.2069017,872.2,19.6,0.342827
1105,3795.7,-3.1,-0.8,4.1942485,872.5,19.6,0.34260096
1105,3794.9,0,-0.8,4.1933645,872.8,19.6,0.34237492
1107,3793.9,2,-1,4.1998473,873.1,19.6,0.34214888
1109,3793,2,-0.9,4.206437,873.4,19.6,0.34192285
1108,3792.2,-1,-0.8,4.2017576,873.7,19.6,0.34169681
2052.8,3746,944.8,-46.2,7.6897888,874.3,19.6,0.34124473
2046.9,3743.7,-5.9,-2.3,7.6629795,874.8,19.6,0.34086799
2052.9,3741.3,6,-2.4,7.6805148,875.4,19.6,0.34041591
2053.9,3739.4,1,-1.9,7.6803537,876,19.6,0.33996383
2846.9,3699.6,793,-39.8,10.532391,876.8,19.6,0.33936106
2851,3696.1,4.1,-3.5,10.537581,877.6,19.6,0.33875829
1378.1,3764.4,-1472.9,68.3,5.1877196,878,19.6,0.3384569
-93,3836.1,-1471.1,71.7,-0.3567573,878,19.6,0.3384569
-93,3838.7,0,2.6,-0.3569991,877.9,19.6,0.33853225
-89,3840.3,4,1.6,-0.3417867,877.9,19.6,0.33853225
-94,3842,-5,1.7,-0.361148,877.9,19.6,0.33853225
-91,3843.1,3,1.1,-0.3497221,877.9,19.6,0.33853225
-87,3843.9,4,0.8,-0.3344193,877.8,19.6,0.33860759
-95,3845.2,-8,1.3,-0.365294,877.8,19.6,0.33860759
-91,3845.8,4,0.6,-0.3499678,877.8,19.6,0.33860759
937,3796.5,1028,-49.3,3.5573205,878,19.6,0.3384569
939.1,3795,2.1,-1.5,3.5638845,878.3,19.6,0.33823086
1395,3772.2,455.9,-22.8,5.262219,878.7,19.6,0.33792948
1392,3770.7,-3,-1.5,5.2488144,879.1,19.6,0.33762809
1397,3769.2,5,-1.5,5.2655724,879.4,19.6,0.33740205
1397,3768,0,-1.2,5.263896,879.8,19.6,0.33710066
1402,3766.7,5,-1.3,5.2809134,880.2,19.6,0.33679928
1402,3765.7,0,-1,5.2795114,880.6,19.6,0.33649789
1400,3765,-2,-0.7,5.271,881,19.6,0.3361965
1399,3764.1,-1,-0.9,5.2659759,881.4,19.6,0.33589512
1398,3763.4,-1,-0.7,5.2612332,881.8,19.6,0.33559373
2324.9,3717.8,926.9,-45.6,8.6435132,882.4,19.6,0.33514165
2325.9,3715.4,1,-2.4,8.6416489,883.1,19.6,0.33461423
-89,3830.4,-2414.9,115,-0.3409056,883.1,19.6,0.33461423
-94,3833.4,-5,3,-0.3603396,883,19.6,0.33468957
-89,3834.9,5,1.5,-0.3413061,883,19.6,0.33468957
-86,3836.2,3,1.3,-0.3299132,883,19.6,0.33468957
-460,3855.4,-374,19.2,-1.773484,882.9,19.6,0.33476492
-462.9,3857.4,-2.9,2,-1.7855905,882.7,19.6,0.33491561
-460,3858.7,2.9,1.3,-1.775002,882.6,19.6,0.33499096
117,3831.6,577,-27.1,0.4482972,882.6,19.6,0.33499096
692,3804,575,-27.6,2.632368,882.8,19.6,0.33484027
686.1,3803.5,-5.9,-0.5,2.6095814,883,19.6,0.33468957
747,3800,60.9,-3.5,2.8386,883.2,19.6,0.33453888
750,3799.3,3,-0.7,2.849475,883.4,19.6,0.33438819
745,3799.1,-5,-0.2,2.8303295,883.6,19.6,0.33423749
655.1,3803.1,-89.9,4,2.4914108,883.8,19.6,0.3340868
569.1,3807.1,-86,4,2.1666206,884,19.6,0.33393611
568,3807.1,-1.1,0,2.1624328,884.1,19.6,0.33386076
569,3807.1,1,0,2.1662399,884.3,19.6,0.33371007
569,3807.1,0,0,2.1662399,884.5,19.6,0.33355937
563,3807.3,-6,0.2,2.1435099,884.6,19.6,0.33348403
565,3807.2,2,-0.1,2.151068,884.8,19.6,0.33333333
571,3806.8,6,-0.4,2.1736828,884.9,19.6,0.33325799
570,3806.8,-1,0,2.169876,885.1,19.6,0.33310729
566,3807,-4,0.2,2.154762,885.2,19.6,0.33303195
-456.9,3856.9,-1022.9,49.9,-1.7622176,885.1,19.6,0.33310729
-458,3858.8,-1.1,1.9,-1.7673304,885,19.6,0.33318264
2757.8,3704.9,3215.8,-153.9,10.217373,885.7,19.6,0.33265521
2758,3699.9,0.2,-5,10.204324,886.4,19.6,0.33212779
2754.9,3696.5,-3.1,-3.4,10.183488,887.2,19.6,0.33152502
2758,3693.3,3.1,-3.2,10.186121,888,19.6,0.33092224
2760.9,3690.5,2.9,-2.8,10.189101,888.7,19.6,0.33039482
2753.1,3688.6,-7.8,-1.9,10.155085,889.5,19.6,0.32979204
2757.1,3686.2,4,-2.4,10.163222,890.3,19.6,0.32918927
2756,3684.3,-1.1,-1.9,10.153931,891,19.6,0.32866184
2756.1,3682.3,0.1,-2,10.148787,891.8,19.6,0.32805907
2758,3680.4,1.9,-1.9,10.150543,892.6,19.6,0.3274563
2517,3690.1,-241,9.7,9.2879817,893.3,19.6,0.32692887
2514,3689,-3,-1.1,9.274146,894,19.6,0.32640145
1024.2,3759.5,-1489.8,70.5,3.8504799,894.3,19.6,0.32617541
1020,3761.2,-4.2,1.7,3.836424,894.5,19.6,0.32602471
1017,3762.2,-3,1,3.8261574,894.8,19.6,0.32579867
1019,3762.7,2,0.5,3.8341913,895.1,19.6,0.32557263
1020,3763,1,0.3,3.83826,895.4,19.6,0.32534659
1410.9,3744.4,390.9,-18.6,5.282974,895.8,19.6,0.32504521
1407.1,3744.1,-3.8,-0.3,5.2683231,896.2,19.6,0.32474382
1410.9,3743.5,3.8,-0.6,5.2817042,896.6,19.6,0.32444244
529,3785.7,-881.9,42.2,2.0026353,896.7,19.6,0.32436709
-347,3829.8,-876,44.1,-1.3289406,896.7,19.6,0.32436709
-346.9,3832.4,0.1,2.6,-1.3294596,896.6,19.6,0.32444244
1277,3755.7,1623.9,-76.7,4.7960289,896.9,19.6,0.3242164
1283,3754,6,-1.7,4.816382,897.3,19.6,0.32391501
1279,3753.4,-4,-0.6,4.8005986,897.6,19.6,0.32368897
1279.9,3752.6,0.9,-0.8,4.8029527,898,19.6,0.32338758
1277,3752.3,-2.9,-0.3,4.7916871,898.3,19.6,0.32316154
1276.9,3751.8,-0.1,-0.5,4.7906734,898.7,19.6,0.32286016
1278,3751.3,1.1,-0.5,4.7941614,899,19.6,0.32263412
1281.8,3750.7,3.8,-0.6,4.8076473,899.4,19.6,0.32233273
99,3807.4,-1182.8,56.7,0.3769326,899.5,19.6,0.32225738
-1078.9,3866.5,-1177.9,59.1,-4.1715668,899.2,19.6,0.32248342
-1079.9,3870.2,-1,3.7,-4.179429,898.9,19.6,0.32270946
-1077,3873,2.9,2.8,-4.171221,898.6,19.6,0.3229355
-1076.9,3875.5,0.1,2.5,-4.173526,898.3,19.6,0.32316154
-1080.9,3878,-4,2.5,-4.1917302,898,19.6,0.32338758
-1080,3880,0.9,2,-4.1904,897.7,19.6,0.32361362
-1078.1,3881.9,1.9,1.9,-4.1850764,897.4,19.6,0.32383966
1435,3762.7,2513.1,-119.2,5.3994745,897.7,19.6,0.32361362
1435.9,3759.5,0.9,-3.2,5.3982661,898.1,19.6,0.32331224
1439,3757.2,3.1,-2.3,5.4066108,898.5,19.6,0.32301085
1442,3755.5,3,-1.7,5.415431,898.9,19.6,0.32270946
2913.9,3683.4,1471.9,-72.1,10.733059,899.7,19.6,0.32210669
2912,3679.4,-1.9,-4,10.714413,900.5,19.6,0.32150392
2916,3675.8,4,-3.6,10.718633,901.4,19.6,0.3208258
2911,3673.3,-5,-2.5,10.692976,902.2,19.6,0.32022303
2911.9,3670.7,0.9,-2.6,10.688711,903,19.6,0.31962025
2914.9,3668.2,3,-2.5,10.692436,903.8,19.6,0.31901748
1404.1,3738.7,-1510.8,70.5,5.2495087,904.2,19.6,0.31871609
1409,3739.2,4.9,0.5,5.2685328,904.6,19.6,0.31841471
1405.9,3739.5,-3.1,0.3,5.257363,904.9,19.6,0.31818867
1405,3739.5,-0.9,0,5.2539975,905.3,19.6,0.31788728
1404.9,3739.4,-0.1,-0.1,5.2534831,905.7,19.6,0.3175859
1403.1,3739.3,-1.8,-0.1,5.2466118,906.1,19.6,0.31728451
1408,3738.8,4.9,-0.5,5.2642304,906.5,19.6,0.31698312
1413.1,3738.2,5.1,-0.6,5.2824504,906.9,19.7,0.31668174
1403,3738.4,-10.1,0.2,5.2449752,907.3,19.7,0.31638035
-959.9,3852.2,-2362.9,113.8,-3.6977268,907.1,19.7,0.31653104
-956,3856.3,3.9,4.1,-3.6866228,906.8,19.7,0.31675708
-961,3859.7,-5,3.4,-3.7091717,906.6,19.7,0.31690778
-961,3862.4,0,2.7,-3.7117664,906.3,19.7,0.31713382
-962,3864.8,-1,2.4,-3.7179376,906,19.7,0.31735986
2566.9,3697.5,3528.9,-167.3,9.4911127,906.6,19.7,0.31690778
2568.9,3692.5,2,-5,9.4856632,907.4,19.7,0.316305
2574,3688.8,5.1,-3.7,9.4949712,908.1,19.7,0.31577758
2567,3686.2,-7,-2.6,9.4624754,908.8,19.7,0.31525015
2568,3683.8,1,-2.4,9.4599984,909.5,19.7,0.31472272
2565,3681.8,-3,-2,9.443817,910.2,19.7,0.3141953
2571.9,3679.6,6.9,-2.2,9.4635632,910.9,19.7,0.31366787
2573.9,3677.8,2,-1.8,9.4662894,911.6,19.7,0.31314045
2572,3676.2,-1.9,-1.6,9.4551864,912.4,19.7,0.31253767
2566.9,3674.8,-5.1,-1.4,9.4328441,913.1,19.7,0.31201025
1575.1,3721.1,-991.8,46.3,5.8611046,913.5,19.7,0.31170886
577.1,3769.4,-998,48.3,2.1753207,913.7,19.7,0.31155817
576,3771.5,-1.1,2.1,2.172384,913.8,19.7,0.31148282
578.9,3772.6,2.9,1.1,2.1839581,914,19.7,0.31133213
577,3773.7,-1.9,1.1,2.1774249,914.1,19.7,0.31125678
578,3774.6,1,0.9,2.1817188,914.3,19.7,0.31110609
584.1,3775.1,6.1,0.5,2.2050359,914.5,19.7,0.31095539
1422.9,3735.5,838.8,-39.6,5.315243,914.9,19.7,0.31065401
2258.9,3694.3,836,-41.2,8.3450543,915.5,19.7,0.31020193
2255,3692.1,-3.9,-2.2,8.3256855,916.1,19.7,0.30974985
75,3795,-2180,102.9,0.284625,916.2,19.7,0.3096745
77,3797.5,2,2.5,0.2924075,916.2,19.7,0.3096745
879.1,3760.9,802.1,-36.6,3.3062072,916.4,19.7,0.30952381
1674.9,3722.6,795.8,-38.3,6.2349827,916.9,19.7,0.30914708
1674.9,3721.1,0,-1.5,6.2324704,917.4,19.7,0.30877034
1673.9,3720.1,-1,-1,6.2270754,917.8,19.7,0.30846896
1673.9,3719.1,0,-1,6.2254015,918.3,19.7,0.30809222
1671.9,3718.5,-2,-0.6,6.2169602,918.8,19.7,0.30771549
857,3756.9,-814.9,38.4,3.2196633,919,19.7,0.3075648
857,3757.8,0,0.9,3.2204346,919.3,19.7,0.30733876
859.9,3758.2,2.9,0.4,3.2316762,919.5,19.7,0.30718807
859,3758.6,-0.9,0.4,3.2286374,919.7,19.7,0.30703737
860,3758.9,1,0.3,3.232654,920,19.7,0.30681133
859,3759.3,-1,0.4,3.2292387,920.2,19.7,0.30666064
860.9,3759.4,1.9,0.1,3.2364675,920.4,19.7,0.30650995
1351,3736.1,490.1,-23.3,5.0474711,920.8,19.7,0.30620856
1350,3735.4,-1,-0.7,5.04279,921.2,19.7,0.30590717
1356,3734.5,6,-0.9,5.063982,921.6,19.7,0.30560579
1349,3734.4,-7,-0.1,5.0377056,921.9,19.7,0.30537975
1348,3734,-1,-0.4,5.033432,922.3,19.7,0.30507836
-728,3833.7,-2076,99.7,-2.7909336,922.2,19.7,0.30515371
-719,3836.9,9,3.2,-2.7587311,922,19.7,0.3053044
-725,3840,-6,3.1,-2.784,921.8,19.7,0.30545509
-731,3842.5,-6,2.5,-2.8088675,921.6,19.7,0.30560579
-727,3844.5,4,2,-2.7949515,921.4,19.7,0.30575648
-725.9,3846.3,1.1,1.8,-2.7920292,921.2,19.7,0.30590717
-723.9,3847.9,2,1.6,-2.7854948,921,19.7,0.30605787
-722,3849.5,1.9,1.6,-2.779339,920.8,19.7,0.30620856
1617.9,3738.9,2339.9,-110.6,6.0491663,921.1,19.7,0.30598252
1625,3735.4,7.1,-3.5,6.070025,921.6,19.7,0.30560579
1613,3733.9,-12,-1.5,6.0227807,922,19.7,0.3053044
1611,3732.2,-2,-1.7,6.0125742,922.5,19.7,0.30492767
1614.9,3730.5,3.9,-1.7,6.0243845,922.9,19.7,0.30462628
1619,3729.1,4.1,-1.4,6.0374129,923.4,19.7,0.30424955
1621.8,3727.7,2.8,-1.4,6.0455839,923.8,19.7,0.30394816
1619,3726.8,-2.8,-0.9,6.0336892,924.3,19.7,0.30357143
1881.9,3713.2,262.9,-13.6,6.9878711,924.8,19.7,0.3031947
2139.8,3699.5,257.9,-13.7,7.9161901,925.4,19.7,0.30274262
2142.8,3697.5,3,-2,7.923003,926,19.7,0.30229054
1955,3705,-187.8,7.5,7.243275,926.5,19.7,0.3019138
1953,3704.1,-2,-0.9,7.2341073,927.1,19.7,0.30146172
1571,3721.3,-382,17.2,5.8461623,927.5,19.7,0.30116034
1194.1,3739.1,-376.9,17.8,4.4648593,927.8,19.7,0.3009343
1188,3739.7,-6.1,0.6,4.4427636,928.2,19.7,0.30063291
1190,3739.7,2,0,4.450243,928.5,19.7,0.30040687
1188,3739.8,-2,0.1,4.4428824,928.8,19.7,0.30018083
1189,3739.7,1,-0.1,4.4465033,929.2,19.7,0.29987945
1186.1,3739.7,-2.9,0,4.4356582,929.5,19.7,0.29965341
2825.9,3661.2,1639.8,-78.5,10.346185,930.3,19.7,0.29905063
2824,3658.1,-1.9,-3.1,10.330474,931.1,19.7,0.29844786
2823,3655.7,-1,-2.4,10.320041,931.9,19.7,0.29784509
2830,3653.2,7,-2.5,10.338556,932.6,19.7,0.29731766
2826,3651.3,-4,-1.9,10.318574,933.4,19.7,0.29671489
2826,3649.5,0,-1.8,10.313487,934.2,19.7,0.29611212
2821,3647.9,-5,-1.6,10.290726,935,19.7,0.29550934
2824,3646.1,3,-1.8,10.296586,935.8,19.7,0.29490657
812.1,3741.1,-2011.9,95,3.0381473,936,19.8,0.29475588
809.1,3743.5,-3,2.4,3.0288659,936.2,19.8,0.29460518
811.9,3744.8,2.8,1.3,3.0404031,936.5,19.8,0.29437914
810,3746,-1.9,1.2,3.03426,936.7,19.8,0.29422845
811,3746.8,1,0.8,3.0386548,936.9,19.8,0.29407776
813,3747.4,2,0.6,3.0466362,937.1,19.8,0.29392706
810,3748.2,-3,0.8,3.036042,937.4,19.8,0.29370102
-377.9,3806.2,-1187.9,58,-1.438363,937.3,19.8,0.29377637
-379,3809.1,-1.1,2.9,-1.4436489,937.2,19.8,0.29385172
-379,3811.3,0,2.2,-1.4444827,937.1,19.8,0.29392706
-380.9,3813.4,-1.9,2.1,-1.4525241,937,19.8,0.29400241
-377,3815,3.9,1.6,-1.438255,936.9,19.8,0.29407776
1383.8,3732,1760.8,-83,5.1643416,937.2,19.8,0.29385172
1380,3730.3,-3.8,-1.7,5.147814,937.6,19.8,0.29355033
1380,3729,0,-1.3,5.14602,938,19.8,0.29324895
1382.9,3727.8,2.9,-1.2,5.1551746,938.4,19.8,0.29294756
1379.9,3727.2,-3,-0.6,5.1431633,938.8,19.8,0.29264617
1383,3726.3,3.1,-0.9,5.1534729,939.1,19.8,0.29242013
2422.8,3676.1,1039.8,-50.2,8.9064551,939.8,19.8,0.29189271
2417.9,3673.7,-4.9,-2.4,8.8826392,940.5,19.8,0.29136528
2425,3671.2,7.1,-2.5,8.90266,941.2,19.8,0.29083785
2426,3669.4,1,-1.8,8.9019644,941.8,19.8,0.29038577
2423,3667.9,-3,-1.5,8.8873217,942.5,19.8,0.28985835
2424,3666.4,1,-1.5,8.8873536,943.2,19.8,0.28933092
2428,3664.7,4,-1.7,8.8978916,943.9,19.8,0.2888035
2424,3663.6,-4,-1.1,8.8805664,944.5,19.8,0.28835142
2431,3662,7,-1.6,8.902322,945.2,19.8,0.28782399
2420.1,3661.2,-10.9,-0.8,8.8604701,945.9,19.8,0.28729656
2795,3642.1,374.9,-19.1,10.179669,946.6,19.8,0.28676914
2794,3640.3,-1,-1.8,10.170998,947.4,19.8,0.28616637
2795,3638.5,1,-1.8,10.169607,948.2,19.8,0.28556359
2794,3637,-1,-1.5,10.161778,949,19.8,0.28496082
2797,3635.3,3,-1.7,10.167934,949.8,19.8,0.28435805
2796,3633.9,-1,-1.4,10.160384,950.5,19.8,0.28383062
2794,3632.4,-2,-1.5,10.148926,951.3,19.8,0.28322785
2798.8,3630.9,4.8,-1.5,10.162163,952.1,19.8,0.28262508
2800,3629.4,1.2,-1.5,10.16232,952.9,19.8,0.2820223
1128.1,3708.7,-1671.9,79.3,4.1837845,953.2,19.8,0.28179626
1130.1,3710.5,2,1.8,4.1932361,953.5,19.8,0.28157022
1128,3711.9,-2.1,1.4,4.1870232,953.8,19.8,0.28134418
1127,3712.9,-1,1,4.1844383,954.1,19.8,0.28111814
1131,3713.5,4,0.6,4.1999685,954.4,19.8,0.2808921
1129,3714.3,-2,0.8,4.1934447,954.7,19.8,0.28066606
1131.1,3714.7,2.1,0.4,4.2016972,955.1,19.8,0.28036468
1127,3715.4,-4.1,0.7,4.1872558,955.4,19.8,0.28013864
1132,3715.5,5,0.1,4.205946,955.7,19.8,0.2799126
1246,3710.4,114,-5.1,4.6231584,956,19.8,0.27968656
1248,3710.5,2,0.1,4.630704,956.4,19.8,0.27938517
1247,3710.6,-1,0.1,4.6271182,956.7,19.8,0.27915913
1246,3710.8,-1,0.2,4.6236568,957.1,19.8,0.27885775
1245,3710.9,-1,0.1,4.6200705,957.4,19.8,0.27863171
1250.9,3710.8,5.9,-0.1,4.6418397,957.8,19.8,0.27833032
1248,3711,-2.9,0.2,4.631328,958.1,19.8,0.27810428
1244.9,3711.2,-3.1,0.2,4.6200729,958.5,19.8,0.27780289
1245,3711.3,0.1,0.1,4.6205685,958.8,19.8,0.27757685
592.1,3742.6,-652.9,31.3,2.2159935,959,19.9,0.27742616
599,3743.6,6.9,1,2.2424164,959.1,19.9,0.27735081
597.1,3744.8,-1.9,1.2,2.2360201,959.3,19.9,0.27720012
599.9,3745.5,2.8,0.7,2.2469254,959.5,19.9,0.27704943
598,3746.4,-1.9,0.9,2.2403472,959.6,19.9,0.27697408
599,3747.1,1,0.7,2.2445129,959.8,19.9,0.27682339
597,3747.9,-2,0.8,2.2374963,960,19.9,0.27667269
598,3748.5,1,0.6,2.241603,960.1,19.9,0.27659735
-592.9,3806.4,-1190.9,57.9,-2.2568146,960,19.9,0.27667269
-594.9,3809.4,-2,3,-2.2662121,959.9,19.9,0.27674804
-595.9,3811.9,-1,2.5,-2.2715112,959.7,19.9,0.27689873
-591.9,3813.7,4,1.8,-2.257329,959.5,19.9,0.27704943
-591,3815.6,0.9,1.9,-2.2550196,959.4,19.9,0.27712477
-592.9,3817.4,-1.9,1.8,-2.2633365,959.2,19.9,0.27727547
-592,3819.1,0.9,1.7,-2.2609072,959,19.9,0.27742616
-588.9,3820.6,3.1,1.5,-2.2499513,958.9,19.9,0.27750151
-590,3822.1,-1.1,1.5,-2.255039,958.7,19.9,0.2776522
632.9,3765.1,1222.9,-57,2.3829318,958.8,19.9,0.27757685
640,3763.7,7.1,-1.4,2.408768,959,19.9,0.27742616
600,3765.1,-40,1.4,2.25906,959.2,19.9,0.27727547
566,3766.5,-34,1.4,2.131839,959.3,19.9,0.27720012
568,3766.3,2,-0.2,2.1392584,959.5,19.9,0.27704943
567,3766.3,-1,0,2.1354921,959.7,19.9,0.27689873
566,3766.3,-1,0,2.1317258,959.8,19.9,0.27682339
571,3766.1,5,-0.2,2.1504431,960,19.9,0.27667269
569,3766.2,-2,0.1,2.1429678,960.1,19.9,0.27659735
149,3786.2,-420,20,0.5641438,960.2,19.9,0.276522
-260.9,3807.1,-409.9,20.9,-0.99327239,960.1,19.9,0.27659735
-260,3808.5,0.9,1.4,-0.99021,960.1,19.9,0.27659735
-272,3810.4,-12,1.9,-1.0364288,960,19.9,0.27667269
-265,3811.1,7,0.7,-1.0099415,959.9,19.9,0.27674804
-259,3811.9,6,0.8,-0.9872821,959.8,19.9,0.27682339
1185,3744,1444,-67.9,4.43664,960.1,19.9,0.27659735
2611.9,3674.4,1426.9,-69.6,9.5971654,960.9,19.9,0.27599458
2618.9,3669.9,7,-4.5,9.6111011,961.6,19.9,0.27546715
2613,3666.8,-5.9,-3.1,9.5813484,962.3,19.9,0.27493972
2607,3664.2,-6,-2.6,9.5525694,963,19.9,0.2744123
2610.9,3661.5,3.9,-2.7,9.5598104,963.8,19.9,0.27380952
2615,3658.9,4.1,-2.6,9.5680235,964.5,19.9,0.2732821
2614,3656.7,-1,-2.2,9.5586138,965.2,19.9,0.27275467
2616.9,3654.5,2.9,-2.2,9.563461,965.9,19.9,0.27222725
1595.1,3701.1,-1021.8,46.6,5.9036246,966.4,19.9,0.27185051
1595,3701.3,-0.1,0.2,5.9035735,966.8,19.9,0.27154913
1591.9,3701.1,-3.1,-0.2,5.8917811,967.3,19.9,0.27117239
1592.9,3700.8,1,-0.3,5.8950043,967.7,19.9,0.27087101
1590.9,3700.4,-2,-0.4,5.8869664,968.1,19.9,0.27056962
-791.9,3813.8,-2382.8,113.4,-3.0201482,968,19.9,0.27064497
-796.9,3818.2,-5,4.4,-3.0427236,967.8,19.9,0.27079566
531.9,3757.9,1328.8,-60.3,1.998827,967.9,19.9,0.27072031
529,3758,-2.9,0.1,1.987982,968,19.9,0.27064497
535.1,3758.1,6.1,0.1,2.0109593,968.2,19.9,0.27049427
527,3758.8,-8.1,0.7,1.9808876,968.3,19.9,0.27041893
1209,3726.8,682,-32,4.5057012,968.6,19.9,0.27019289
1210.1,3725.8,1.1,-1,4.5085906,969,19.9,0.2698915
1213.9,3724.9,3.8,-0.9,4.5216561,969.3,19.9,0.26966546
1208,3724.5,-5.9,-0.4,4.499196,969.7,19.9,0.26936407
1208.9,3724,0.9,-0.5,4.5019436,970,19.9,0.26913803
1214,3723.3,5.1,-0.7,4.5200862,970.3,19.9,0.268912
1213,3722.9,-1,-0.4,4.5158777,970.7,19.9,0.26861061
1216,3722.4,3,-0.5,4.5264384,971,19.9,0.26838457
1204.1,3722.6,-11.9,0.2,4.4823827,971.3,19.9,0.26815853
1005,3731.7,-199.1,9.1,3.7503585,971.6,19.9,0.26793249
1006.1,3731.7,1.1,0,3.7544634,971.9,19.9,0.26770645
1376,3714.2,369.9,-17.5,5.1107392,972.3,19.9,0.26740506
1754.8,3695.3,378.8,-18.9,6.4845124,972.8,19.9,0.26702833
1755,3694.1,0.2,-1.2,6.4831455,973.3,19.9,0.2666516
1750.9,3693.1,-4.1,-1,6.4662488,973.7,19.9,0.26635021
2559.8,3653.6,808.9,-39.5,9.3524853,974.5,19.9,0.26574744
2567.9,3650.9,8.1,-2.7,9.3751461,975.2,19.9,0.26522001
2563.2,3649,-4.7,-1.9,9.3531168,975.9,19.9,0.26469259
2564,3647.1,0.8,-1.9,9.3511644,976.6,19.9,0.26416516
2565.9,3645.3,1.9,-1.8,9.3534753,977.3,19.9,0.26363773
1119.2,3712.6,-1446.7,67.3,4.1551419,977.6,19.9,0.26341169
1120,3713.8,0.8,1.2,4.159456,977.9,19.9,0.26318565
1112.1,3714.9,-7.9,1.1,4.1313403,978.2,19.9,0.26295961
1117.1,3715.1,5,0.2,4.1501382,978.5,19.9,0.26273357
1118.1,3715.3,1,0.2,4.1540769,978.9,19.9,0.26243219
1122.1,3715.4,4,0.1,4.1690503,979.2,19.9,0.26220615
1120,3715.6,-2.1,0.2,4.161472,979.5,19.9,0.26198011
1121.9,3715.6,1.9,0,4.1685316,979.8,19.9,0.26175407
1122,3715.6,0.1,0,4.1689032,980.1,19.9,0.26152803
2139.8,3667.3,1017.8,-48.3,7.8472885,980.7,19.9,0.26107595
2139.9,3665.3,0.1,-2,7.8433755,981.3,19.9,0.26062387
2144.9,3663.5,5,-1.8,7.8578411,981.9,19.9,0.26017179
2138.8,3662.5,-6.1,-1,7.833355,982.5,19.9,0.25971971
2142.8,3661.1,4,-1.4,7.8450051,983.1,19.9,0.25926763
2132.9,3660.5,-9.9,-0.6,7.8074804,983.7,19.9,0.25881555
2125.9,3659.8,-7,-0.7,7.7803688,984.3,19.9,0.25836347
2129.9,3658.6,4,-1.2,7.7924521,984.8,19.9,0.25798674
2131.9,3657.5,2,-1.1,7.7974242,985.4,19.9,0.25753466
2135.9,3656.4,4,-1.1,7.8097048,986,19.9,0.25708258
2657.9,3630.6,522,-25.8,9.6497717,986.8,19.9,0.25647981
2655,3628.8,-2.9,-1.8,9.634464,987.5,19.9,0.25595238
2660.9,3626.9,5.9,-1.9,9.6508182,988.2,19.9,0.25542495
2652,3625.7,-8.9,-1.2,9.6153564,989,19.9,0.25482218
2657,3624,5,-1.7,9.628968,989.7,19.9,0.25429476
2654,3622.7,-3,-1.3,9.6146458,990.5,19.9,0.25369198
2654,3621.3,0,-1.4,9.6109302,991.2,19.9,0.25316456
2655,3620,1,-1.3,9.6111,991.9,19.9,0.25263713
-573.9,3774.2,-3228.9,154.2,-2.1660134,991.8,19.9,0.25271248
-580,3779.6,-6.1,5.4,-2.192168,991.6,19.9,0.25286317
90,3750.8,670,-28.8,0.337572,991.7,19.9,0.25278782
767,3720.4,677,-30.4,2.8535468,991.8,19.9,0.25271248
774.1,3720.4,7.1,0,2.8799616,992.1,19.9,0.25248644
768,3721.2,-6.1,0.8,2.8578816,992.3,19.9,0.25233574
771,3721.6,3,0.4,2.8693536,992.5,19.9,0.25218505
772,3722.1,1,0.5,2.8734612,992.7,19.9,0.25203436
772,3722.6,0,0.5,2.8738472,992.9,19.9,0.25188366
768,3723.2,-4,0.6,2.8594176,993.1,19.9,0.25173297
347,3743.8,-421,20.6,1.2990986,993.2,19.9,0.25165763
349,3744.9,2,1.1,1.3069701,993.3,19.9,0.25158228
349,3746,0,1.1,1.307354,993.4,19.9,0.25150693
1691.8,3683.1,1342.8,-62.9,6.2310686,993.9,19.9,0.2511302
2999.9,3618.9,1308.1,-64.2,10.856338,994.7,19.9,0.25052743
3000,3614.9,0.1,-4,10.8447,995.6,19.9,0.24984931
3000,3611.7,0,-3.2,10.8351,996.4,19.9,0.24924653
3000,3609.1,0,-2.6,10.8273,997.2,19.9,0.24864376
3000,3606.7,0,-2.4,10.8201,998.1,19.9,0.24796564
3000,3604.5,0,-2.2,10.8135,998.9,19.9,0.24736287
830.1,3706.3,-2169.9,101.8,3.0765996,999.1,19.9,0.24721218
830,3708.8,-0.1,2.5,3.078304,999.4,19.9,0.24698614
829.1,3710.3,-0.9,1.5,3.0762097,999.6,19.9,0.24683544
828,3711.4,-1.1,1.1,3.0730392,999.8,19.9,0.24668475
826,3712.5,-2,1.1,3.066525,1000,19.9,0.24653406
835,3712.8,9,0.3,3.100188,1000.3,19.9,0.24630802
825.1,3714,-9.9,1.2,3.0644214,1000.5,19.9,0.24615732
831,3714.3,5.9,0.3,3.0865833,1000.7,19.9,0.24600663
-699,3788.2,-1530,73.9,-2.6479518,1000.6,19.9,0.24608198
-704,3792,-5,3.8,-2.669568,1000.4,19.9,0.24623267
126.1,3754.9,830.1,-37.1,0.47349289,1000.4,19.9,0.24623267
125.1,3755.8,-1,0.9,0.46985058,1000.4,19.9,0.24623267
124.1,3756.9,-1,1.1,0.46623129,1000.5,19.9,0.24615732
472,3741.3,347.9,-15.6,1.7658936,1000.6,19.9,0.24608198
796,3726.2,324,-15.1,2.9660552,1000.8,19.9,0.24593128
802,3725.7,6,-0.5,2.9880114,1001,19.9,0.24578059
802,3725.6,0,-0.1,2.9879312,1001.3,19.9,0.24555455
808,3725.4,6,-0.2,3.0101232,1001.5,19.9,0.24540386
797,3725.8,-11,0.4,2.9694626,1001.7,19.9,0.24525316
806,3725.5,9,-0.3,3.002753,1001.9,19.9,0.24510247
2843.8,3628.8,2037.8,-96.7,10.319581,1002.7,19.9,0.2444997
2840,3624.8,-3.8,-4,10.294432,1003.5,19.9,0.24389693
2837,3621.8,-3,-3,10.275047,1004.3,19.9,0.24329415
2841,3619,4,-2.8,10.281579,1005.1,19.9,0.24269138
37,3750.1,-2804,131.1,0.1387537,1005.1,19.9,0.24269138
43,3753.1,6,3,0.1613833,1005.1,19.9,0.24269138
41,3755.4,-2,2.3,0.1539714,1005.1,19.9,0.24269138
45,3757.1,4,1.7,0.1690695,1005.1,19.9,0.24269138
40,3758.9,-5,1.8,0.150356,1005.2,19.9,0.24261603
41,3760.2,1,1.3,0.1541682,1005.2,19.9,0.24261603
36,3761.7,-5,1.5,0.1354212,1005.2,19.9,0.24261603
40,3762.7,4,1,0.150508,1005.2,19.9,0.24261603
43,3763.7,3,1,0.1618391,1005.2,19.9,0.24261603
90,3762.5,47,-1.2,0.338625,1005.2,19.9,0.24261603
146.2,3760.7,56.2,-1.8,0.54981434,1005.3,19.9,0.24254069
144.1,3761.5,-2.1,0.8,0.54203215,1005.3,19.9,0.24254069
140.1,3762.4,-4,0.9,0.52711224,1005.3,19.9,0.24254069
142.1,3763.1,2,0.7,0.53473651,1005.4,19.9,0.24246534
141.1,3763.8,-1,0.7,0.53107218,1005.4,19.9,0.24246534
145.1,3764.3,4,0.5,0.54619993,1005.5,19.9,0.24238999
176.1,3763.4,31,-0.9,0.66273474,1005.5,19.9,0.24238999
197,3763,20.9,-0.4,0.741311,1005.6,19.9,0.24231465
201,3763.4,4,0.4,0.7564434,1005.6,19.9,0.24231465
197.1,3764.1,-3.9,0.7,0.74190411,1005.7,19.9,0.2422393
-799.8,3812.1,-996.9,48,-3.0489176,1005.5,19.9,0.24238999
-800,3814.6,-0.2,2.5,-3.05168,1005.3,19.9,0.24254069
-287.1,3792.5,512.9,-22.1,-1.0888268,1005.2,19.9,0.24261603
-287,3793.3,0.1,0.8,-1.0886771,1005.1,19.9,0.24269138
-281,3793.9,6,0.6,-1.0660859,1005,19.9,0.24276673
-285,3795,-4,1.1,-1.081575,1004.9,19.9,0.24284207
-283,3795.7,2,0.7,-1.0741831,1004.9,19.9,0.24284207
-279,3796.4,4,0.7,-1.0591956,1004.8,19.9,0.24291742
109,3778.3,388,-18.1,0.4118347,1004.8,19.9,0.24291742
502,3759.8,393,-18.5,1.8874196,1004.9,19.9,0.24284207
498,3759.4,-4,-0.4,1.8721812,1005.1,19.9,0.24269138
2585.8,3660.5,2087.8,-98.9,9.4653209,1005.8,19.9,0.24216395
2583.9,3656.2,-1.9,-4.3,9.4472552,1006.5,19.9,0.24163653
2586.8,3652.4,2.9,-3.8,9.4480283,1007.2,19.9,0.2411091
2581.9,3649.6,-4.9,-2.8,9.4229022,1007.9,19.9,0.24058168
2583,3646.8,1.1,-2.8,9.4196844,1008.7,19.9,0.2399789
-333,3782.9,-2916,136.1,-1.2597057,1008.6,19.9,0.24005425
-329,3786.1,4,3.2,-1.2456269,1008.5,19.9,0.2401296
-329,3788.4,0,2.3,-1.2463836,1008.4,19.9,0.24020494
-141,3781.4,188,-7,-0.5331774,1008.3,19.9,0.24028029
35,3773.7,176,-7.7,0.1320795,1008.3,19.9,0.24028029
34,3774.5,-1,0.8,0.128333,1008.4,19.9,0.24020494
34,3775.3,0,0.8,0.1283602,1008.4,19.9,0.24020494
40,3775.7,6,0.4,0.151028,1008.4,19.9,0.24020494
35,3776.6,-5,0.9,0.132181,1008.4,19.9,0.24020494
35,3777.2,0,0.6,0.132202,1008.4,19.9,0.24020494
33,3777.9,-2,0.7,0.1246707,1008.4,19.9,0.24020494
31,3778.6,-2,0.7,0.1171366,1008.4,19.9,0.24020494
32,3779.2,1,0.6,0.1209344,1008.4,19.9,0.24020494
33,3779.7,1,0.5,0.1247301,1008.4,19.9,0.24020494
30,3780.3,-3,0.6,0.113409,1008.4,19.9,0.24020494
35,3780.6,5,0.3,0.132321,1008.5,19.9,0.2401296
34,3781.2,-1,0.6,0.1285608,1008.5,19.9,0.2401296
36,3781.5,2,0.3,0.136134,1008.5,19.9,0.2401296
34,3782.1,-2,0.6,0.1285914,1008.5,19.9,0.2401296
35,3782.5,1,0.4,0.1323875,1008.5,19.9,0.2401296
33,3783,-2,0.5,0.124839,1008.5,19.9,0.2401296
35,3783.3,2,0.3,0.1324155,1008.5,19.9,0.2401296
38,3783.6,3,0.3,0.1437768,1008.5,19.9,0.2401296
33,3784.3,-5,0.7,0.1248819,1008.5,19.9,0.2401296
39,3784.3,6,0,0.1475877,1008.5,19.9,0.2401296
29,3785.1,-10,0.8,0.1097679,1008.5,19.9,0.2401296
35,3785.2,6,0.1,0.132482,1008.6,19.9,0.24005425
36,3785.6,1,0.4,0.1362816,1008.6,19.9,0.24005425
33,3786,-3,0.4,0.124938,1008.6,19.9,0.24005425
28,3786.7,-5,0.7,0.1060276,1008.6,19.9,0.24005425
34,3786.7,6,0,0.1287478,1008.6,19.9,0.24005425
33,3787.1,-1,0.4,0.1249743,1008.6,19.9,0.24005425
37,3787.2,4,0.1,0.1401264,1008.6,19.9,0.24005425
33,3787.7,-4,0.5,0.1249941,1008.6,19.9,0.24005425
35,3787.9,2,0.2,0.1325765,1008.6,19.9,0.24005425
33,3788.3,-2,0.4,0.1250139,1008.6,19.9,0.24005425
32,3788.6,-1,0.3,0.1212352,1008.6,19.9,0.24005425
31,3789,-1,0.4,0.117459,1008.7,19.9,0.2399789
38,3788.9,7,-0.1,0.1439782,1008.7,19.9,0.2399789
37,3789.3,-1,0.4,0.1402041,1008.7,19.9,0.2399789
29,3789.9,-8,0.6,0.1099071,1008.7,19.9,0.2399789
34,3789.9,5,0,0.1288566,1008.7,19.9,0.2399789
31,3790.3,-3,0.4,0.1174993,1008.7,19.9,0.2399789
37,3790.3,6,0,0.1402411,1008.7,19.9,0.2399789
30,3790.9,-7,0.6,0.113727,1008.7,19.9,0.2399789
36,3790.9,6,0,0.1364724,1008.7,19.9,0.2399789
31,3791.3,-5,0.4,0.1175303,1008.7,19.9,0.2399789
30,3791.7,-1,0.4,0.113751,1008.8,19.9,0.23990356
35,3791.6,5,-0.1,0.132706,1008.8,19.9,0.23990356
33,3792,-2,0.4,0.125136,1008.8,19.9,0.23990356
32,3792.2,-1,0.2,0.1213504,1008.8,19.9,0.23990356
31,3792.5,-1,0.3,0.1175675,1008.8,19.9,0.23990356
32,3792.7,1,0.2,0.1213664,1008.8,19.9,0.23990356
33,3792.8,1,0.1,0.1251624,1008.8,19.9,0.23990356
32,3793.1,-1,0.3,0.1213792,1008.8,19.9,0.23990356
31,3793.3,-1,0.2,0.1175923,1008.8,19.9,0.23990356
36,3793.3,5,0,0.1365588,1008.8,19.9,0.23990356
34,3793.6,-2,0.3,0.1289824,1008.8,19.9,0.23990356
33,3793.8,-1,0.2,0.1251954,1008.9,19.9,0.23982821
33,3794,0,0.2,0.125202,1008.9,19.9,0.23982821
38,3793.9,5,-0.1,0.1441682,1008.9,19.9,0.23982821
34,3794.4,-4,0.5,0.1290096,1008.9,19.9,0.23982821
35,3794.5,1,0.1,0.1328075,1008.9,19.9,0.23982821
33,3794.8,-2,0.3,0.1252284,1008.9,19.9,0.23982821
31,3795,-2,0.2,0.117645,1008.9,19.9,0.23982821
37,3794.9,6,-0.1,0.1404113,1008.9,19.9,0.23982821
30,3795.4,-7,0.5,0.113862,1008.9,19.9,0.23982821
28,3795.7,-2,0.3,0.1062796,1008.9,19.9,0.23982821
34,3795.6,6,-0.1,0.1290504,1008.9,19.8,0.23982821
33,3795.8,-1,0.2,0.1252614,1009,19.8,0.23975286
34,3795.9,1,0.1,0.1290606,1009,19.8,0.23975286
35,3796.1,1,0.2,0.1328635,1009,19.8,0.23975286
29,3796.5,-6,0.4,0.1100985,1009,19.8,0.23975286
35,3796.4,6,-0.1,0.132874,1009,19.8,0.23975286
31,3796.7,-4,0.3,0.1176977,1009,19.8,0.23975286
30,3796.9,-1,0.2,0.113907,1009,19.8,0.23975286
29,3797.1,-1,0.2,0.1101159,1009,19.8,0.23975286
29,3797.2,0,0.1,0.1101188,1009,19.8,0.23975286
34,3797.1,5,-0.1,0.1291014,1009,19.8,0.23975286
31,3797.4,-3,0.3,0.1177194,1009,19.8,0.23975286
31,3797.5,0,0.1,0.1177225,1009,19.8,0.23975286
31,3797.7,0,0.2,0.1177287,1009.1,19.8,0.23967752
35,3797.7,4,0,0.1329195,1009.1,19.8,0.23967752
30,3798,-5,0.3,0.11394,1009.1,19.8,0.23967752
32,3798.1,2,0.1,0.1215392,1009.1,19.8,0.23967752
39,3797.9,7,-0.2,0.1481181,1009.1,19.8,0.23967752
39,3798,0,0.1,0.148122,1009.1,19.8,0.23967752
27,3798.7,-12,0.7,0.1025649,1009.1,19.8,0.23967752
17,3799.2,-10,0.5,0.0645864,1009.1,19.8,0.23967752
18,3799.4,1,0.2,0.0683892,1009.1,19.8,0.23967752
15,3799.6,-3,0.2,0.056994,1009.1,19.8,0.23967752
9,3800.1,-6,0.5,0.0342009,1009.1,19.8,0.23967752
23,3799.5,14,-0.6,0.0873885,1009.1,19.8,0.23967752
8,3800.4,-15,0.9,0.0304032,1009.1,19.8,0.23967752
16,3800.2,8,-0.2,0.0608032,1009.1,19.8,0.23967752
12,3800.5,-4,0.3,0.045606,1009.1,19.8,0.23967752
14,3800.5,2,0,0.053207,1009.2,19.8,0.23960217
15,3800.6,1,0.1,0.057009,1009.2,19.8,0.23960217
11,3800.9,-4,0.3,0.0418099,1009.2,19.8,0.23960217
15,3800.9,4,0,0.0570135,1009.2,19.8,0.23960217
14,3801,-1,0.1,0.053214,1009.2,19.8,0.23960217
16,3801.1,2,0.1,0.0608176,1009.2,19.8,0.23960217
17,3801.1,1,0,0.0646187,1009.2,19.8,0.23960217
12,3801.5,-5,0.4,0.045618,1009.2,19.8,0.23960217
16,3801.4,4,-0.1,0.0608224,1009.2,19.8,0.23960217
14,3801.6,-2,0.2,0.0532224,1009.2,19.8,0.23960217
13,3801.8,-1,0.2,0.0494234,1009.2,19.8,0.23960217
14,3801.8,1,0,0.0532252,1009.2,19.8,0.23960217
15,3801.9,1,0.1,0.0570285,1009.2,19.8,0.23960217
16,3801.9,1,0,0.0608304,1009.2,19.8,0.23960217
16,3802.1,0,0.2,0.0608336,1009.2,19.8,0.23960217
13,3802.3,-3,0.2,0.0494299,1009.2,19.8,0.23960217
10,3802.5,-3,0.2,0.038025,1009.2,19.8,0.23960217
16,3802.4,6,-0.1,0.0608384,1009.2,19.8,0.23960217
18,3802.4,2,0,0.0684432,1009.2,19.8,0.23960217
11,3802.8,-7,0.4,0.0418308,1009.2,19.8,0.23960217
19,3802.5,8,-0.3,0.0722475,1009.2,19.8,0.23960217
12,3803,-7,0.5,0.045636,1009.2,19.8,0.23960217
18,3802.8,6,-0.2,0.0684504,1009.2,19.8,0.23960217
15,3803,-3,0.2,0.057045,1009.2,19.8,0.23960217
19,3802.9,4,-0.1,0.0722551,1009.2,19.8,0.23960217
17,3803.1,-2,0.2,0.0646527,1009.3,19.8,0.23952682
14,3803.4,-3,0.3,0.0532476,1009.3,19.8,0.23952682
15,3803.4,1,0,0.057051,1009.3,19.8,0.23952682
20,3803.2,5,-0.2,0.076064,1009.3,19.8,0.23952682
22,3803.3,2,0.1,0.0836726,1009.3,19.8,0.23952682
18,3803.5,-4,0.2,0.068463,1009.3,19.8,0.23952682
15,3803.7,-3,0.2,0.0570555,1009.3,19.8,0.23952682
5,3804.3,-10,0.6,0.0190215,1009.3,19.8,0.23952682
11,3804.1,6,-0.2,0.0418451,1009.3,19.8,0.23952682
13,3804.1,2,0,0.0494533,1009.3,19.8,0.23952682
15,3804.1,2,0,0.0570615,1009.3,19.8,0.23952682
17,3804.1,2,0,0.0646697,1009.3,19.8,0.23952682
17,3804.1,0,0,0.0646697,1009.3,19.8,0.23952682
18,3804.2,1,0.1,0.0684756,1009.3,19.8,0.23952682
13,3804.5,-5,0.3,0.0494585,1009.3,19.8,0.23952682
19,3804.3,6,-0.2,0.0722817,1009.3,19.8,0.23952682
12,3804.7,-7,0.4,0.0456564,1009.3,19.8,0.23952682
22,3804.3,10,-0.4,0.0836946,1009.3,19.8,0.23952682
16,3804.7,-6,0.4,0.0608752,1009.3,19.8,0.23952682
18,3804.6,2,-0.1,0.0684828,1009.3,19.8,0.23952682
13,3805,-5,0.4,0.049465,1009.3,19.8,0.23952682
18,3804.8,5,-0.2,0.0684864,1009.3,19.8,0.23952682
10,3805.3,-8,0.5,0.038053,1009.3,19.8,0.23952682
16,3805,6,-0.3,0.06088,1009.4,19.8,0.23945148
14,3805.2,-2,0.2,0.0532728,1009.4,19.8,0.23945148
16,3805.1,2,-0.1,0.0608816,1009.4,19.8,0.23945148
16,3805.3,0,0.2,0.0608848,1009.4,19.8,0.23945148
11,3805.5,-5,0.2,0.0418605,1009.4,19.8,0.23945148
18,3805.3,7,-0.2,0.0684954,1009.4,19.8,0.23945148
11,3805.7,-7,0.4,0.0418627,1009.4,19.8,0.23945148
18,3805.4,7,-0.3,0.0684972,1009.4,19.8,0.23945148
11,3805.9,-7,0.5,0.0418649,1009.4,19.8,0.23945148
15,3805.7,4,-0.2,0.0570855,1009.4,19.8,0.23945148
18,3805.6,3,-0.1,0.0685008,1009.4,19.8,0.23945148
18,3805.7,0,0.1,0.0685026,1009.4,19.8,0.23945148
16,3805.9,-2,0.2,0.0608944,1009.4,19.7,0.23945148
17,3805.9,1,0,0.0647003,1009.4,19.7,0.23945148
16,3806,-1,0.1,0.060896,1009.4,19.7,0.23945148
17,3806,1,0,0.064702,1009.4,19.7,0.23945148
14,3806.2,-3,0.2,0.0532868,1009.4,19.7,0.23945148
19,3806,5,-0.2,0.072314,1009.4,19.7,0.23945148
17,3806.2,-2,0.2,0.0647054,1009.4,19.7,0.23945148
19,3806.2,2,0,0.0723178,1009.4,19.7,0.23945148
16,3806.3,-3,0.1,0.0609008,1009.4,19.7,0.23945148
12,3806.6,-4,0.3,0.0456792,1009.4,19.7,0.23945148
13,3806.6,1,0,0.0494858,1009.4,19.7,0.23945148
12,3806.8,-1,0.2,0.0456816,1009.5,19.7,0.23937613
20,3806.4,8,-0.4,0.076128,1009.5,19.7,0.23937613
11,3806.9,-9,0.5,0.0418759,1009.5,19.7,0.23937613
21,3806.5,10,-0.4,0.0799365,1009.5,19.7,0.23937613
10,3807.1,-11,0.6,0.038071,1009.5,19.7,0.23937613
14,3806.9,4,-0.2,0.0532966,1009.5,19.7,0.23937613
13,3807,-1,0.1,0.049491,1009.5,19.7,0.23937613
15,3807,2,0,0.057105,1009.5,19.7,0.23937613
21,3806.8,6,-0.2,0.0799428,1009.5,19.7,0.23937613
14,3807.2,-7,0.4,0.0533008,1009.5,19.7,0.23937613
13,3807.2,-1,0,0.0494936,1009.5,19.7,0.23937613
12,3807.4,-1,0.2,0.0456888,1009.5,19.7,0.23937613
16,3807.3,4,-0.1,0.0609168,1009.5,19.7,0.23937613
13,3807.5,-3,0.2,0.0494975,1009.5,19.7,0.23937613
14,3807.4,1,-0.1,0.0533036,1009.5,19.7,0.23937613
13,3807.5,-1,0.1,0.0494975,1009.5,19.7,0.23937613
11,3807.7,-2,0.2,0.0418847,1009.5,19.7,0.23937613
13,3807.6,2,-0.1,0.0494988,1009.5,19.7,0.23937613
17,3807.5,4,-0.1,0.0647275,1009.5,19.7,0.23937613
8,3808,-9,0.5,0.030464,1009.5,19.7,0.23937613
11,3808,3,0,0.041888,1009.5,19.7,0.23937613
15,3807.8,4,-0.2,0.057117,1009.5,19.7,0.23937613
16,3807.8,1,0,0.0609248,1009.5,19.7,0.23937613
12,3808,-4,0.2,0.045696,1009.5,19.7,0.23937613
17,3807.8,5,-0.2,0.0647326,1009.5,19.7,0.23937613
19,3807.8,2,0,0.0723482,1009.6,19.7,0.23930078
18,3807.9,-1,0.1,0.0685422,1009.6,19.7,0.23930078
13,3808.1,-5,0.2,0.0495053,1009.6,19.7,0.23930078
18,3808,5,-0.1,0.068544,1009.6,19.7,0.23930078
9,3808.4,-9,0.4,0.0342756,1009.6,19.7,0.23930078
11,3808.4,2,0,0.0418924,1009.6,19.7,0.23930078
21,3807.9,10,-0.5,0.0799659,1009.6,19.7,0.23930078
18,3808.2,-3,0.3,0.0685476,1009.6,19.7,0.23930078
19,3808.2,1,0,0.0723558,1009.6,19.7,0.23930078
19,3808.2,0,0,0.0723558,1009.6,19.7,0.23930078
19,3808.2,0,0,0.0723558,1009.6,19.7,0.23930078
19,3808.2,0,0,0.0723558,1009.6,19.7,0.23930078
14,3808.5,-5,0.3,0.053319,1009.6,19.7,0.23930078
13,3808.7,-1,0.2,0.0495131,1009.6,19.7,0.23930078
14,3808.6,1,-0.1,0.0533204,1009.6,19.7,0.23930078
17,3808.5,3,-0.1,0.0647445,1009.6,19.7,0.23930078
19,3808.5,2,0,0.0723615,1009.6,19.7,0.23930078
12,3808.8,-7,0.3,0.0457056,1009.6,19.7,0.23930078
13,3808.9,1,0.1,0.0495157,1009.6,19.7,0.23930078
14,3808.9,1,0,0.0533246,1009.6,19.7,0.23930078
15,3808.9,1,0,0.0571335,1009.6,19.7,0.23930078
22,3808.6,7,-0.3,0.0837892,1009.6,19.7,0.23930078
2494.9,3690.7,2472.9,-117.9,9.2079274,1010.3,19.7,0.23877336
2496,3685.7,1.1,-5,9.1995072,1011,19.7,0.23824593
2496,3681.8,0,-3.9,9.1897728,1011.7,19.7,0.23771851
2489.9,3678.9,-6.1,-2.9,9.1600931,1012.3,19.7,0.23726643
2496.9,3675.5,7,-3.4,9.177356,1013,19.7,0.236739
2494.9,3672.7,-2,-2.8,9.1630192,1013.7,19.7,0.23621157
2496,3670.1,1.1,-2.6,9.1605696,1014.4,19.7,0.23568415
2493,3667.6,-3,-2.5,9.1433268,1015.1,19.7,0.23515672
2491.9,3665.4,-1.1,-2.2,9.1338103,1015.8,19.7,0.23462929
2496.9,3662.8,5,-2.6,9.1456453,1016.5,19.7,0.23410187
1197.1,3722.7,-1299.8,59.9,4.4564442,1016.8,19.7,0.23387583
1188,3723.5,-9.1,0.8,4.423518,1017.2,19.7,0.23357444
1199.1,3723,11.1,-0.5,4.4642493,1017.5,19.7,0.2333484
1198.1,3722.7,-1,-0.3,4.4601669,1017.8,19.7,0.23312236
1188.1,3722.9,-10,0.2,4.4231775,1018.2,19.7,0.23282098
1188,3722.4,-0.1,-0.5,4.4222112,1018.5,19.7,0.23259494
1191.1,3721.8,3.1,-0.6,4.433036,1018.8,19.7,0.2323689
-365,3796.5,-1556.1,74.7,-1.3857225,1018.8,19.7,0.2323689
-370.1,3799.3,-5.1,2.8,-1.4061209,1018.7,19.7,0.23244424
-367.1,3801.1,3,1.8,-1.3953838,1018.6,19.7,0.23251959
-377,3803.2,-9.9,2.1,-1.4338064,1018.5,19.7,0.23259494
-370,3804.3,7,1.1,-1.407591,1018.4,19.7,0.23267028
-372,3805.6,-2,1.3,-1.4156832,1018.3,19.7,0.23274563
-370.1,3806.7,1.9,1.1,-1.4088597,1018.2,19.7,0.23282098
-228.1,3801,142,-5.7,-0.8670081,1018.1,19.7,0.23289632
-84,3794.9,144.1,-6.1,-0.3187716,1018.1,19.7,0.23289632
-81,3795.2,3,0.3,-0.3074112,1018.1,19.7,0.23289632
-87,3796,-6,0.8,-0.330252,1018,19.7,0.23297167
-85,3796.4,2,0.4,-0.322694,1018,19.7,0.23297167
-77,3796.5,8,0.1,-0.2923305,1018,19.7,0.23297167
-78,3797,-1,0.5,-0.296166,1018,19.7,0.23297167
528,3767.9,606,-29.1,1.9894512,1018.1,19.7,0.23289632
1146.9,3737.5,618.9,-30.4,4.2865388,1018.4,19.7,0.23267028
1144,3735.8,-2.9,-1.7,4.2737552,1018.7,19.7,0.23244424
1140.2,3734.6,-3.8,-1.2,4.2581909,1019.1,19.7,0.23214286
1145,3733.2,4.8,-1.4,4.274514,1019.4,19.7,0.23191682
1149,3731.9,4,-1.3,4.2879531,1019.7,19.7,0.23169078
1146.1,3731,-2.9,-0.9,4.2760991,1020,19.7,0.23146474
1145.1,3730.1,-1,-0.9,4.2713375,1020.3,19.7,0.2312387
1144.1,3729.3,-1,-0.8,4.2666921,1020.7,19.7,0.23093731
1145.1,3728.4,1,-0.9,4.2693908,1021,19.7,0.23071127
1214,3724.3,68.9,-4.1,4.5213002,1021.3,19.7,0.23048523
1283,3720.1,69,-4.2,4.7728883,1021.7,19.7,0.23018385
1293,3718.6,10,-1.5,4.8081498,1022,19.7,0.22995781
1279.9,3718.3,-13.1,-0.3,4.7590522,1022.4,19.7,0.22965642
1291.9,3716.9,12,-1.4,4.8018631,1022.7,19.7,0.22943038
1289,3716.2,-2.9,-0.7,4.7901818,1023.1,19.7,0.22912899
1283.9,3715.6,-5.1,-0.6,4.7704588,1023.5,19.7,0.22882761
804,3737.9,-479.9,22.3,3.0052716,1023.7,19.7,0.22867691
321.2,3761.3,-482.8,23.4,1.2081296,1023.8,19.7,0.22860157
324,3762.1,2.8,0.8,1.2189204,1023.9,19.7,0.22852622
319.1,3763,-4.9,0.9,1.2007733,1023.9,19.7,0.22852622
321,3763.5,1.9,0.5,1.2080835,1024,19.7,0.22845087
317.1,3764.1,-3.9,0.6,1.1935961,1024.1,19.7,0.22837553
322.1,3764.3,5,0.2,1.212481,1024.2,19.7,0.22830018
326.1,3764.4,4,0.1,1.2275708,1024.3,19.7,0.22822483
325.1,3764.7,-1,0.3,1.223904,1024.4,19.7,0.22814949
1145,3725.7,819.9,-39,4.2659265,1024.7,19.7,0.22792345
1148,3724.2,3,-1.5,4.2753816,1025,19.7,0.22769741
1146.1,3723.2,-1.9,-1,4.2671595,1025.3,19.7,0.22747137
1151,3722.1,4.9,-1.1,4.2841371,1025.7,19.7,0.22716998
1147,3721.5,-4,-0.6,4.2685605,1026,19.7,0.22694394
1153,3720.4,6,-1.1,4.2896212,1026.3,19.7,0.2267179
1146,3720.1,-7,-0.3,4.2632346,1026.6,19.7,0.22649186
1147,3719.5,1,-0.6,4.2662665,1026.9,19.7,0.22626582
1146.1,3718.8,-0.9,-0.7,4.2621167,1027.3,19.7,0.22596444
1147,3718.2,0.9,-0.6,4.2647754,1027.6,19.7,0.2257384
1258,3712.3,111,-5.9,4.6700734,1027.9,19.7,0.22551236
1354.9,3706.9,96.9,-5.4,5.0224788,1028.3,19.7,0.22521097
1357.9,3705.8,3,-1.1,5.0321058,1028.7,19.7,0.22490958
1352,3705.3,-5.9,-0.5,5.0095656,1029.1,19.7,0.2246082
1355.9,3704.3,3.9,-1,5.0226604,1029.4,19.7,0.22438216
1359.9,3703.4,4,-0.9,5.0362537,1029.8,19.7,0.22408077
1360,3702.7,0.1,-0.7,5.035672,1030.2,19.7,0.22377939
279.1,3753.9,-1080.9,51.2,1.0477135,1030.3,19.7,0.22370404
282,3755.2,2.9,1.3,1.0589664,1030.3,19.7,0.22370404
285,3756,3,0.8,1.07046,1030.4,19.7,0.22362869
-277,3784.4,-562,28.4,-1.0482788,1030.4,19.7,0.22362869
-272.1,3786,4.9,1.6,-1.0301706,1030.3,19.7,0.22370404
-281,3788,-8.9,2,-1.064428,1030.2,19.7,0.22377939
198,3765.6,479,-22.4,0.7455888,1030.3,19.7,0.22370404
202,3765.6,4,0,0.7606512,1030.3,19.7,0.22370404
203,3765.8,1,0.2,0.7644574,1030.4,19.7,0.22362869
203,3766.3,0,0.5,0.7645589,1030.4,19.7,0.22362869
205,3766.4,2,0.1,0.772112,1030.5,19.7,0.22355335
211,3766.6,6,0.2,0.7947526,1030.5,19.7,0.22355335
202,3767.2,-9,0.6,0.7609744,1030.6,19.7,0.223478
198,3767.9,-4,0.7,0.7460442,1030.7,19.7,0.22340265
48,3775.3,-150,7.4,0.1812144,1030.7,19.7,0.22340265
49,3775.9,1,0.6,0.1850191,1030.7,19.7,0.22340265
211,3768.6,162,-7.3,0.7951746,1030.7,19.7,0.22340265
372,3761.1,161,-7.5,1.3991292,1030.8,19.7,0.22332731
371,3761,-1,-0.1,1.395331,1030.9,19.7,0.22325196
371,3761,0,0,1.395331,1031,19.7,0.22317661
366,3761.2,-5,0.2,1.3765992,1031.1,19.7,0.22310127
373.1,3761,7.1,-0.2,1.4032291,1031.3,19.7,0.22295057
367.1,3761.3,-6,0.3,1.3807732,1031.4,19.7,0.22287523
374.1,3761,7,-0.3,1.4069901,1031.5,19.7,0.22279988
370.1,3761.2,-4,0.2,1.3920201,1031.6,19.7,0.22272453
-532.9,3805.2,-903,44,-2.0277911,1031.4,19.7,0.22287523
-532,3807,0.9,1.8,-2.025324,1031.3,19.7,0.22295057
-531,3808.5,1,1.5,-2.0223135,1031.1,19.7,0.22310127
-533,3809.9,-2,1.4,-2.0306767,1031,19.7,0.22317661
-531,3810.9,2,1,-2.0235879,1030.8,19.7,0.22332731
-535.1,3812.2,-4.1,1.3,-2.0399082,1030.7,19.7,0.22340265
-530,3813.1,5.1,0.9,-2.020943,1030.5,19.7,0.22355335
-865.9,3830.1,-335.9,17,-3.3164836,1030.3,19.7,0.22370404
-864,3831.6,1.9,1.5,-3.3105024,1030.1,19.7,0.22385473
-863.9,3833,0.1,1.4,-3.3113287,1029.8,19.7,0.22408077
-866.9,3834.5,-3,1.5,-3.324128,1029.6,19.7,0.22423146
-856.9,3835.2,10,0.7,-3.2863829,1029.3,19.7,0.2244575
-865,3836.8,-8.1,1.6,-3.318832,1029.1,19.7,0.2246082
-860.9,3837.8,4.1,1,-3.303962,1028.9,19.7,0.22475889
-868.9,3839.3,-8,1.5,-3.3359678,1028.6,19.7,0.22498493
-552.9,3825.3,316,-14,-2.1150084,1028.5,19.7,0.22506028
-250,3811.1,302.9,-14.2,-0.952775,1028.4,19.7,0.22513562
-250.9,3811.1,-0.9,0,-0.95620499,1028.3,19.7,0.22521097
-252.9,3811.3,-2,0.2,-0.96387777,1028.3,19.7,0.22521097
-249,3811.3,3.9,0,-0.9490137,1028.2,19.7,0.22528632
-244.9,3811.3,4.1,0,-0.93338737,1028.1,19.7,0.22536166
-249.9,3811.8,-5,0.5,-0.95256882,1028.1,19.7,0.22536166
1234.9,3740.3,1484.8,-71.5,4.6188965,1028.4,19.7,0.22513562
1233,3737.6,-1.9,-2.7,4.6084608,1028.7,19.7,0.22490958
1238,3735.3,5,-2.3,4.6243014,1029,19.7,0.22468354
1238.9,3733.4,0.9,-1.9,4.6253093,1029.4,19.7,0.22438216
1229.9,3732.2,-9,-1.2,4.5902328,1029.7,19.7,0.22415612
365.1,3772.2,-864.8,40,1.3772302,1029.8,19.7,0.22408077
369,3772.4,3.9,0.2,1.3920156,1029.9,19.7,0.22400542
361,3772.9,-8,0.5,1.3620169,1030,19.7,0.22393008
360,3772.9,-1,0,1.358244,1030.1,19.7,0.22385473
368,3772.4,8,-0.5,1.3882432,1030.2,19.7,0.22377939
362.1,3772.6,-5.9,0.2,1.3660585,1030.3,19.7,0.22370404
365.1,3772.4,3,-0.2,1.3773032,1030.4,19.7,0.22362869
370.1,3771.9,5,-0.5,1.3959802,1030.5,19.7,0.22355335
358.1,3772.4,-12,0.5,1.3508964,1030.6,19.7,0.223478
356,3772.4,-2.1,0,1.3429744,1030.7,19.7,0.22340265
1592.9,3712.9,1236.9,-59.5,5.9142784,1031.2,19.7,0.22302592
1598,3710.1,5.1,-2.8,5.9287398,1031.6,19.7,0.22272453
1596.9,3708,-1.1,-2.1,5.9213052,1032.1,19.7,0.2223478
1595.9,3706.2,-1,-1.8,5.9147246,1032.5,19.7,0.22204641
1592.9,3704.7,-3,-1.5,5.9012166,1032.9,19.7,0.22174503
1595.9,3703,3,-1.7,5.9096177,1033.4,19.7,0.22136829
1586.9,3702,-9,-1,5.8747038,1033.8,19.7,0.22106691
1591.9,3700.3,5,-1.7,5.8905076,1034.3,19.7,0.22069017
1594.9,3698.9,3,-1.4,5.8993756,1034.7,19.7,0.22038879
1631.9,3695.8,37,-3.1,6.031176,1035.2,19.7,0.22001206
1636,3694.4,4.1,-1.4,6.0440384,1035.6,19.7,0.21971067
1631.1,3693.3,-4.9,-1.1,6.0241416,1036.1,19.7,0.21933394
1635,3692,3.9,-1.3,6.03642,1036.5,19.7,0.21903255
1444.1,3700,-190.9,8,5.34317,1036.9,19.7,0.21873116
1438,3699.6,-6.1,-0.4,5.3200248,1037.3,19.7,0.21842978
1437.9,3698.7,-0.1,-0.9,5.3183607,1037.7,19.7,0.21812839
1440.9,3697.9,3,-0.8,5.3283041,1038.1,19.7,0.217827
1438,3697.2,-2.9,-0.7,5.3165736,1038.5,19.7,0.21752562
1436.9,3696.5,-1.1,-0.7,5.3115008,1038.9,19.7,0.21722423
1438.9,3695.6,2,-0.9,5.3175988,1039.3,19.7,0.21692285
115.2,3758.6,-1323.7,63,0.43299072,1039.4,19.7,0.2168475
114.1,3760.5,-1.1,1.9,0.42907305,1039.4,19.7,0.2168475
116.1,3761.8,2,1.3,0.43674498,1039.4,19.7,0.2168475
504,3744.2,387.9,-17.6,1.8870768,1039.6,19.7,0.21669681
896,3725.4,392,-18.8,3.3379584,1039.8,19.7,0.21654611
894,3724.9,-2,-0.5,3.3300606,1040.1,19.7,0.21632007
894,3724.4,0,-0.5,3.3296136,1040.3,19.7,0.21616938
895,3724,1,-0.4,3.33298,1040.6,19.7,0.21594334
661.1,3734.9,-233.9,10.9,2.4691424,1040.7,19.7,0.21586799
427,3746.4,-234.1,11.5,1.5997128,1040.9,19.7,0.2157173
436,3746.5,9,0.1,1.633474,1041,19.7,0.21564195
2436.8,3650.6,2000.8,-95.9,8.8957821,1041.7,19.7,0.21511453
2431.9,3647.2,-4.9,-3.4,8.8696257,1042.3,19.7,0.21466245
2436.9,3644.2,5,-3,8.880551,1043,19.7,0.21413502
2431,3642.1,-5.9,-2.1,8.8539451,1043.7,19.7,0.21360759
2436,3639.8,5,-2.3,8.8665528,1044.4,19.7,0.21308017
2438,3637.7,2,-2.1,8.8687126,1045,19.7,0.21262809
-408,3773.7,-2846,136,-1.5396696,1045,19.7,0.21262809
-404,3777.4,4,3.7,-1.5260696,1044.9,19.7,0.21270344
-409,3780.2,-5,2.8,-1.5461018,1044.8,19.7,0.21277878
-408,3782.4,1,2.2,-1.5432192,1044.6,19.7,0.21292948
-411,3784.3,-3,1.9,-1.5553473,1044.5,19.7,0.21300482
-410,3785.9,1,1.6,-1.552219,1044.4,19.7,0.21308017
-407,3787.2,3,1.3,-1.5413904,1044.3,19.7,0.21315552
-401.9,3788.3,5.1,1.1,-1.5225178,1044.2,19.7,0.21323086
741.9,3734,1143.8,-54.3,2.7702546,1044.4,19.7,0.21308017
742,3732.9,0.1,-1.1,2.7698118,1044.6,19.7,0.21292948
746,3732,4,-0.9,2.784072,1044.8,19.7,0.21277878
744,3731.5,-2,-0.5,2.776236,1045,19.7,0.21262809
743,3731.2,-1,-0.3,2.7722816,1045.2,19.7,0.2124774
2790.9,3632.1,2047.9,-99.1,10.136828,1046,19.7,0.21187462
2793,3627.6,2.1,-4.5,10.131887,1046.7,19.7,0.2113472
2793,3624.1,0,-3.5,10.122111,1047.5,19.7,0.21074442
1314.1,3692.5,-1478.9,68.4,4.8523143,1047.9,19.7,0.21044304
1310,3692.9,-4.1,0.4,4.837699,1048.2,19.7,0.210217
831,3715.8,-479,22.9,3.0878298,1048.5,19.7,0.20999096
353.2,3739.4,-477.8,23.6,1.3207561,1048.6,19.7,0.20991561
355,3740.6,1.8,1.2,1.327913,1048.7,19.7,0.20984027
354,3741.5,-1,0.9,1.324491,1048.8,19.7,0.20976492
2592.9,3634.4,2238.9,-107.1,9.4236358,1049.5,19.7,0.20923749
2589,3630.8,-3.9,-3.6,9.4001412,1050.2,19.7,0.20871007
2590.9,3627.9,1.9,-2.9,9.3995261,1050.9,19.7,0.20818264
2592.9,3625.3,2,-2.6,9.4000404,1051.6,19.7,0.20765521
2142.9,3645,-450,19.7,7.8108705,1052.2,19.7,0.20720313
1705,3664.9,-437.9,19.9,6.2486545,1052.7,19.7,0.2068264
1704.9,3664.5,-0.1,-0.4,6.247606,1053.2,19.7,0.20644967
1708.9,3663.7,4,-0.8,6.2608969,1053.7,19.7,0.20607294
1704.9,3663.3,-4,-0.4,6.2455602,1054.1,19.7,0.20577155
1704.9,3662.6,0,-0.7,6.2443667,1054.6,19.7,0.20539482
1702,3662.1,-2.9,-0.5,6.2328942,1055.1,19.7,0.20501808
1706.9,3661.2,4.9,-0.9,6.2493023,1055.6,19.7,0.20464135
1704,3660.6,-2.9,-0.6,6.2376624,1056,19.7,0.20433996
1707,3659.8,3,-0.8,6.2472786,1056.5,19.7,0.20396323
1120.1,3687.5,-586.9,27.7,4.1303688,1056.8,19.7,0.20373719
1121,3687.9,0.9,0.4,4.1341359,1057.1,19.7,0.20351115
1125,3687.9,4,0,4.1488875,1057.4,19.7,0.20328511
1122,3688.2,-3,0.3,4.1381604,1057.8,19.7,0.20298373
574.1,3714.7,-547.9,26.5,2.1326093,1057.9,19.7,0.20290838
35,3741.9,-539.1,27.2,0.1309665,1057.9,19.8,0.20290838
31,3744,-4,2.1,0.116064,1057.9,19.8,0.20290838
31,3745.5,0,1.5,0.1161105,1058,19.8,0.20283303
31,3746.8,0,1.3,0.1161508,1058,19.8,0.20283303
32,3748,1,1.2,0.119936,1058,19.8,0.20283303
30,3749.1,-2,1.1,0.112473,1058,19.8,0.20283303
32,3750.1,2,1,0.1200032,1058,19.8,0.20283303
27,3751.2,-5,1.1,0.1012824,1058,19.8,0.20283303
34,3751.8,7,0.6,0.1275612,1058,19.8,0.20283303
31,3752.8,-3,1,0.1163368,1058,19.8,0.20283303
37,3753.3,6,0.5,0.1388721,1058,19.8,0.20283303
31,3754.3,-6,1,0.1163833,1058,19.8,0.20283303
33,3755,2,0.7,0.123915,1058,19.8,0.20283303
36,3755.6,3,0.6,0.1352016,1058.1,19.8,0.20275769
34,3756.3,-2,0.7,0.1277142,1058.1,19.8,0.20275769
34,3756.9,0,0.6,0.1277346,1058.1,19.8,0.20275769
33,3757.7,-1,0.8,0.1240041,1058.1,19.8,0.20275769
35,3758.1,2,0.4,0.1315335,1058.1,19.8,0.20275769
25,3759.2,-10,1.1,0.09398,1058.1,19.8,0.20275769
32,3759.4,7,0.2,0.1203008,1058.1,19.8,0.20275769
31,3760,-1,0.6,0.11656,1058.1,19.8,0.20275769
32,3760.5,1,0.5,0.120336,1058.1,19.8,0.20275769
32,3761,0,0.5,0.120352,1058.1,19.8,0.20275769
31,3761.6,-1,0.6,0.1166096,1058.1,19.8,0.20275769
31,3762,0,0.4,0.116622,1058.2,19.8,0.20268234
32,3762.5,1,0.5,0.1204,1058.2,19.8,0.20268234
33,3762.9,1,0.4,0.1241757,1058.2,19.8,0.20268234
38,3763.1,5,0.2,0.1429978,1058.2,19.8,0.20268234
31,3763.8,-7,0.7,0.1166778,1058.2,19.8,0.20268234
33,3764.2,2,0.4,0.1242186,1058.2,19.8,0.20268234
35,3764.5,2,0.3,0.1317575,1058.2,19.8,0.20268234
34,3764.9,-1,0.4,0.1280066,1058.2,19.8,0.20268234
31,3765.5,-3,0.6,0.1167305,1058.2,19.8,0.20268234
33,3765.8,2,0.3,0.1242714,1058.2,19.8,0.20268234
27,3766.4,-6,0.6,0.1016928,1058.2,19.8,0.20268234
31,3766.6,4,0.2,0.1167646,1058.3,19.8,0.20260699
32,3766.9,1,0.3,0.1205408,1058.3,19.8,0.20260699
36,3767,4,0.1,0.135612,1058.3,19.8,0.20260699
27,3767.9,-9,0.9,0.1017333,1058.3,19.8,0.20260699
36,3767.7,9,-0.2,0.1356372,1058.3,19.8,0.20260699
37,3768,1,0.3,0.139416,1058.3,19.8,0.20260699
32,3768.5,-5,0.5,0.120592,1058.3,19.8,0.20260699
31,3768.9,-1,0.4,0.1168359,1058.3,19.8,0.20260699
30,3769.2,-1,0.3,0.113076,1058.3,19.8,0.20260699
37,3769.2,7,0,0.1394604,1058.3,19.8,0.20260699
31,3769.7,-6,0.5,0.1168607,1058.3,19.8,0.20260699
33,3769.9,2,0.2,0.1244067,1058.4,19.8,0.20253165
32,3770.2,-1,0.3,0.1206464,1058.4,19.7,0.20253165
29,3770.7,-3,0.5,0.1093503,1058.4,19.7,0.20253165
26,3771,-3,0.3,0.098046,1058.4,19.7,0.20253165
33,3771,7,0,0.124443,1058.4,19.7,0.20253165
29,3771.4,-4,0.4,0.1093706,1058.4,19.7,0.20253165
27,3771.8,-2,0.4,0.1018386,1058.4,19.7,0.20253165
30,3771.9,3,0.1,0.113157,1058.4,19.7,0.20253165
33,3772,3,0.1,0.124476,1058.4,19.7,0.20253165
31,3772.3,-2,0.3,0.1169413,1058.4,19.7,0.20253165
32,3772.5,1,0.2,0.12072,1058.4,19.7,0.20253165
32,3772.7,0,0.2,0.1207264,1058.4,19.7,0.20253165
34,3772.8,2,0.1,0.1282752,1058.5,19.7,0.2024563
30,3773.2,-4,0.4,0.113196,1058.5,19.7,0.2024563
29,3773.4,-1,0.2,0.1094286,1058.5,19.7,0.2024563
32,3773.5,3,0.1,0.120752,1058.5,19.7,0.2024563
31,3773.8,-1,0.3,0.1169878,1058.5,19.7,0.2024563
35,3773.8,4,0,0.132083,1058.5,19.7,0.2024563
30,3774.2,-5,0.4,0.113226,1058.5,19.7,0.2024563
34,3774.2,4,0,0.1283228,1058.5,19.7,0.2024563
31,3774.5,-3,0.3,0.1170095,1058.5,19.7,0.2024563
33,3774.6,2,0.1,0.1245618,1058.5,19.7,0.2024563
34,3774.7,1,0.1,0.1283398,1058.5,19.7,0.2024563
31,3775,-3,0.3,0.117025,1058.6,19.7,0.20238095
30,3775.3,-1,0.3,0.113259,1058.6,19.7,0.20238095
35,3775.2,5,-0.1,0.132132,1058.6,19.7,0.20238095
27,3775.8,-8,0.6,0.1019466,1058.6,19.7,0.20238095
37,3775.5,10,-0.3,0.1396935,1058.6,19.7,0.20238095
35,3775.7,-2,0.2,0.1321495,1058.6,19.7,0.20238095
32,3776,-3,0.3,0.120832,1058.6,19.7,0.20238095
33,3776.1,1,0.1,0.1246113,1058.6,19.7,0.20238095
29,3776.4,-4,0.3,0.1095156,1058.6,19.7,0.20238095
34,3776.4,5,0,0.1283976,1058.6,19.7,0.20238095
36,3776.4,2,0,0.1359504,1058.6,19.7,0.20238095
35,3776.6,-1,0.2,0.132181,1058.7,19.7,0.20230561
32,3776.9,-3,0.3,0.1208608,1058.7,19.7,0.20230561
33,3777,1,0.1,0.124641,1058.7,19.7,0.20230561
34,3777,1,0,0.128418,1058.7,19.7,0.20230561
32,3777.3,-2,0.3,0.1208736,1058.7,19.7,0.20230561
35,3777.3,3,0,0.1322055,1058.7,19.7,0.20230561
30,3777.6,-5,0.3,0.113328,1058.7,19.7,0.20230561
36,3777.5,6,-0.1,0.13599,1058.7,19.7,0.20230561
32,3777.8,-4,0.3,0.1208896,1058.7,19.7,0.20230561
34,3777.8,2,0,0.1284452,1058.7,19.7,0.20230561
31,3778.1,-3,0.3,0.1171211,1058.7,19.7,0.20230561
31,3778.2,0,0.1,0.1171242,1058.8,19.7,0.20223026
31,3778.4,0,0.2,0.1171304,1058.8,19.7,0.20223026
21,3778.9,-10,0.5,0.0793569,1058.8,19.7,0.20223026
21,3779.1,0,0.2,0.0793611,1058.8,19.7,0.20223026
21,3779.2,0,0.1,0.0793632,1058.8,19.7,0.20223026
23,3779.2,2,0,0.0869216,1058.8,19.7,0.20223026
25,3779.2,2,0,0.09448,1058.8,19.7,0.20223026
22,3779.5,-3,0.3,0.083149,1058.8,19.7,0.20223026
29,3779.3,7,-0.2,0.1095997,1058.8,19.7,0.20223026
25,3779.6,-4,0.3,0.09449,1058.8,19.7,0.20223026
21,3779.8,-4,0.2,0.0793758,1058.8,19.7,0.20223026
32,3779.5,11,-0.3,0.120944,1058.8,19.7,0.20223026
28,3779.7,-4,0.2,0.1058316,1058.8,19.7,0.20223026
23,3780.1,-5,0.4,0.0869423,1058.8,19.7,0.20223026
22,3780.2,-1,0.1,0.0831644,1058.8,19.7,0.20223026
27,3780,5,-0.2,0.10206,1058.9,19.7,0.20215491
25,3780.4,-2,0.4,0.09451,1058.9,19.7,0.20215491
20,3780.6,-5,0.2,0.075612,1058.9,19.7,0.20215491
25,3780.5,5,-0.1,0.0945125,1058.9,19.7,0.20215491
21,3780.8,-4,0.3,0.0793968,1058.9,19.7,0.20215491
27,3780.6,6,-0.2,0.1020762,1058.9,19.7,0.20215491
26,3780.7,-1,0.1,0.0982982,1058.9,19.7,0.20215491
27,3780.8,1,0.1,0.1020816,1058.9,19.7,0.20215491
24,3781,-3,0.2,0.090744,1058.9,19.7,0.20215491
22,3781.2,-2,0.2,0.0831864,1058.9,19.7,0.20215491
29,3780.9,7,-0.3,0.1096461,1058.9,19.7,0.20215491
25,3781.2,-4,0.3,0.09453,1058.9,19.7,0.20215491
25,3781.3,0,0.1,0.0945325,1058.9,19.7,0.20215491
24,3781.4,-1,0.1,0.0907536,1058.9,19.7,0.20215491
22,3781.6,-2,0.2,0.0831952,1059,19.7,0.20207957
26,3781.5,4,-0.1,0.098319,1059,19.7,0.20207957
25,3781.6,-1,0.1,0.09454,1059,19.7,0.20207957
23,3781.8,-2,0.2,0.0869814,1059,19.7,0.20207957
24,3781.8,1,0,0.0907632,1059,19.7,0.20207957
24,3781.9,0,0.1,0.0907656,1059,19.7,0.20207957
25,3782,1,0.1,0.09455,1059,19.7,0.20207957
25,3782,0,0,0.09455,1059,19.7,0.20207957
24,3782.2,-1,0.2,0.0907728,1059,19.7,0.20207957
22,3782.3,-2,0.1,0.0832106,1059,19.7,0.20207957
26,3782.2,4,-0.1,0.0983372,1059,19.7,0.20207957
23,3782.4,-3,0.2,0.0869952,1059,19.7,0.20207957
28,3782.2,5,-0.2,0.1059016,1059,19.7,0.20207957
20,3782.7,-8,0.5,0.075654,1059,19.7,0.20207957
24,3782.6,4,-0.1,0.0907824,1059,19.7,0.20207957
25,3782.6,1,0,0.094565,1059.1,19.7,0.20200422
25,3782.6,0,0,0.094565,1059.1,19.7,0.20200422
29,3782.6,4,0,0.1096954,1059.1,19.7,0.20200422
24,3782.8,-5,0.2,0.0907872,1059.1,19.7,0.20200422
25,3782.9,1,0.1,0.0945725,1059.1,19.7,0.20200422
26,3782.9,1,0,0.0983554,1059.1,19.7,0.20200422
24,3783.1,-2,0.2,0.0907944,1059.1,19.7,0.20200422
21,3783.2,-3,0.1,0.0794472,1059.1,19.7,0.20200422
24,3783.2,3,0,0.0907968,1059.1,19.7,0.20200422
25,3783.2,1,0,0.09458,1059.1,19.7,0.20200422
27,3783.2,2,0,0.1021464,1059.1,19.7,0.20200422
21,3783.5,-6,0.3,0.0794535,1059.1,19.7,0.20200422
28,3783.2,7,-0.3,0.1059296,1059.1,19.7,0.20200422
27,3783.4,-1,0.2,0.1021518,1059.1,19.7,0.20200422
26,3783.5,-1,0.1,0.098371,1059.2,19.7,0.20192887
20,3783.8,-6,0.3,0.075676,1059.2,19.7,0.20192887
17,3784,-3,0.2,0.064328,1059.2,19.7,0.20192887
17,3784.1,0,0.1,0.0643297,1059.2,19.7,0.20192887
25,3783.8,8,-0.3,0.094595,1059.2,19.7,0.20192887
22,3783.9,-3,0.1,0.0832458,1059.2,19.7,0.20192887
23,3784,1,0.1,0.087032,1059.2,19.7,0.20192887
26,3783.9,3,-0.1,0.0983814,1059.2,19.7,0.20192887
27,3783.9,1,0,0.1021653,1059.2,19.7,0.20192887
26,3784,-1,0.1,0.098384,1059.2,19.7,0.20192887
25,3784,-1,0,0.0946,1059.2,19.7,0.20192887
25,3784.1,0,0.1,0.0946025,1059.2,19.7,0.20192887
28,3784,3,-0.1,0.105952,1059.2,19.7,0.20192887
21,3784.4,-7,0.4,0.0794724,1059.2,19.7,0.20192887
22,3784.4,1,0,0.0832568,1059.2,19.7,0.20192887
22,3784.5,0,0.1,0.083259,1059.2,19.7,0.20192887
24,3784.4,2,-0.1,0.0908256,1059.3,19.7,0.20185353
27,3784.4,3,0,0.1021788,1059.3,19.7,0.20185353
24,3784.5,-3,0.1,0.090828,1059.3,19.7,0.20185353
16,3785,-8,0.5,0.06056,1059.3,19.7,0.20185353
25,3784.6,9,-0.4,0.094615,1059.3,19.7,0.20185353
25,3784.6,0,0,0.094615,1059.3,19.7,0.20185353
26,3784.6,1,0,0.0983996,1059.3,19.7,0.20185353
22,3784.8,-4,0.2,0.0832656,1059.3,19.7,0.20185353
24,3784.8,2,0,0.0908352,1059.3,19.7,0.20185353
22,3784.9,-2,0.1,0.0832678,1059.3,19.7,0.20185353
23,3785,1,0.1,0.087055,1059.3,19.7,0.20185353
26,3784.8,3,-0.2,0.0984048,1059.3,19.7,0.20185353
19,3785.2,-7,0.4,0.0719188,1059.3,19.7,0.20185353
32,3784.6,13,-0.6,0.1211072,1059.3,19.7,0.20185353
23,3785.2,-9,0.6,0.0870596,1059.3,19.7,0.20185353
20,3785.3,-3,0.1,0.075706,1059.4,19.7,0.20177818
28,3785,8,-0.3,0.10598,1059.4,19.7,0.20177818
21,3785.4,-7,0.4,0.0794934,1059.4,19.7,0.20177818
19,3785.5,-2,0.1,0.0719245,1059.4,19.7,0.20177818
25,3785.2,6,-0.3,0.09463,1059.4,19.7,0.20177818
31,3785,6,-0.2,0.117335,1059.4,19.7,0.20177818
25,3785.3,-6,0.3,0.0946325,1059.4,19.7,0.20177818
27,3785.2,2,-0.1,0.1022004,1059.4,19.7,0.20177818
31,3785.1,4,-0.1,0.1173381,1059.4,19.7,0.20177818
-900,3830.6,-931,45.5,-3.44754,1059.2,19.7,0.20192887
-898,3832.4,2,1.8,-3.4414952,1058.9,19.7,0.20215491
-183.3,3799.4,714.7,-33,-0.69643002,1058.9,19.7,0.20215491
-183.1,3799.3,0.2,-0.1,-0.69565183,1058.8,19.7,0.20223026
-189.1,3799.7,-6,0.4,-0.71852327,1058.8,19.7,0.20223026
2327.9,3677.9,2517,-121.8,8.5617834,1059.3,19.7,0.20185353
2325.9,3673,-2,-4.9,8.5430307,1060,19.7,0.2013261
2326.9,3669.1,1,-3.9,8.5376288,1060.6,19.7,0.20087402
2320,3666,-6.9,-3.1,8.50512,1061.3,19.7,0.20034659
2315.8,3663.2,-4.2,-2.8,8.4832386,1061.9,19.7,0.19989451
2325,3660,9.2,-3.2,8.5095,1062.6,19.7,0.19936709
2321.9,3657.5,-3.1,-2.5,8.4923493,1063.2,19.7,0.19891501
2319,3655.2,-2.9,-2.3,8.4764088,1063.9,19.7,0.19838758
1778.1,3679,-540.9,23.8,6.5416299,1064.3,19.7,0.1980862
1240.1,3703.8,-538,24.8,4.5930824,1064.7,19.7,0.19778481
1240.1,3703.6,0,-0.2,4.5928344,1065,19.7,0.19755877
1178,3706.1,-62.1,2.5,4.3657858,1065.4,19.7,0.19725738
1179,3705.5,1,-0.6,4.3687845,1065.7,19.7,0.19703134
1184.1,3704.7,5.1,-0.8,4.3867353,1066,19.7,0.1968053
1183,3704.2,-1.1,-0.5,4.3820686,1066.3,19.7,0.19657926
2860.9,3622.5,1677.9,-81.7,10.36361,1067.1,19.7,0.19597649
2863,3618.5,2.1,-4,10.359765,1067.9,19.7,0.19537372
2867,3615.1,4,-3.4,10.364492,1068.7,19.7,0.19477095
2865.1,3612.4,-1.9,-2.7,10.349887,1069.5,19.7,0.19416817
2865,3609.7,-0.1,-2.7,10.341791,1070.3,19.7,0.1935654
2860,3607.5,-5,-2.2,10.31745,1071.1,19.7,0.19296263
680.1,3710.8,-2179.9,103.3,2.5237151,1071.3,19.7,0.19281193
676,3713,-4.1,2.2,2.509988,1071.5,19.7,0.19266124
1184.9,3689.6,508.9,-23.4,4.371807,1071.8,19.7,0.1924352
1188,3689.1,3.1,-0.5,4.3826508,1072.2,19.7,0.19213382
1191,3688.8,3,-0.3,4.3933608,1072.5,19.7,0.19190778
1190,3688.6,-1,-0.2,4.389434,1072.8,19.7,0.19168174
1183,3688.6,-7,0,4.3636138,1073.1,19.7,0.1914557
1189,3688.1,6,-0.5,4.3851509,1073.5,19.7,0.19115431
1187.9,3687.8,-1.1,-0.3,4.3807376,1073.8,19.7,0.19092827
1184,3687.8,-3.9,0,4.3663552,1074.1,19.7,0.19070223
1186,3687.3,2,-0.5,4.3731378,1074.5,19.7,0.19040084
235.1,3733.1,-950.9,45.8,0.87765181,1074.5,19.7,0.19040084
-716.8,3781.4,-951.9,48.3,-2.7105075,1074.4,19.7,0.19047619
-714.9,3784.3,1.9,2.9,-2.7053961,1074.2,19.7,0.19062688
-723,3787.2,-8.1,2.9,-2.7381456,1074,19.7,0.19077758
-714.9,3789,8.1,1.8,-2.7087561,1073.8,19.7,0.19092827
-720.9,3791.1,-6,2.1,-2.733004,1073.6,19.7,0.19107896
-717.9,3792.8,3,1.7,-2.7228511,1073.4,19.7,0.19122966
-714.9,3794.3,3,1.5,-2.7125451,1073.2,19.7,0.19138035
-712.9,3795.8,2,1.5,-2.7060258,1073,19.7,0.19153104
-715.9,3797.3,-3,1.5,-2.7184871,1072.8,19.7,0.19168174
1374.8,3697.3,2090.7,-100,5.083048,1073.1,19.7,0.1914557
1376.9,3694.2,2.1,-3.1,5.086544,1073.5,19.7,0.19115431
1378.9,3692,2,-2.2,5.0908988,1073.9,19.7,0.19085292
2010.8,3659.7,631.9,-32.3,7.3589248,1074.5,19.7,0.19040084
2642.9,3626.3,632.1,-33.4,9.5839483,1075.2,19.7,0.18987342
2641.9,3622.7,-1,-3.6,9.5708111,1075.9,19.7,0.18934599
2647,3619.5,5.1,-3.2,9.5808165,1076.7,19.7,0.18874322
2647.9,3616.9,0.9,-2.6,9.5771895,1077.4,19.7,0.18821579
2646,3614.6,-1.9,-2.3,9.5642316,1078.1,19.7,0.18768837
2646,3612.4,0,-2.2,9.5584104,1078.9,19.7,0.18708559
1618,3660.1,-1028,47.7,5.9220418,1079.3,19.7,0.18678421
1620,3659.9,2,-0.2,5.929038,1079.8,19.7,0.18640747
1012.1,3689,-607.9,29.1,3.7336369,1080.1,19.7,0.18618143
1010,3689.7,-2.1,0.7,3.726597,1080.3,19.7,0.18603074
1009,3690.2,-1,0.5,3.7234118,1080.6,19.7,0.1858047
1008,3690.3,-1,0.1,3.7198224,1080.9,19.7,0.18557866
1009,3690.4,1,0.1,3.7236136,1081.2,19.7,0.18535262
1007,3690.5,-2,0.1,3.7163335,1081.5,19.7,0.18512658
1010.1,3690.3,3.1,-0.2,3.727572,1081.7,19.7,0.18497589
-496,3763.9,-1506.1,73.6,-1.8668944,1081.7,19.7,0.18497589
-494,3766.7,2,2.8,-1.8607498,1081.5,19.7,0.18512658
2726.8,3612.5,3220.8,-154.2,9.850565,1082.2,19.7,0.18459916
2726,3607.9,-0.8,-4.6,9.8351354,1082.9,19.7,0.18407173
2251,3627.6,-475,19.7,8.1657276,1083.6,19.7,0.1835443
1777,3648.9,-474,21.3,6.4840953,1084.1,19.7,0.18316757
1778,3648.1,1,-0.8,6.4863218,1084.6,19.7,0.18279084
1444,3663.5,-334,15.4,5.290094,1085,19.7,0.18248945
1449,3663,5,-0.5,5.307687,1085.4,19.7,0.18218807
1448.1,3662.7,-0.9,-0.3,5.3039559,1085.8,19.7,0.18188668
1444.9,3662.3,-3.2,-0.4,5.2916573,1086.2,19.7,0.18158529
1442,3662.1,-2.9,-0.2,5.2807482,1086.6,19.7,0.18128391
563.1,3704.3,-878.9,42.2,2.0858913,1086.7,19.7,0.18120856
564,3705.6,0.9,1.3,2.0899584,1086.9,19.7,0.18105787
562,3706.5,-2,0.9,2.083053,1087,19.7,0.18098252
561,3707.3,-1,0.8,2.0797953,1087.2,19.7,0.18083183
564,3707.7,3,0.4,2.0911428,1087.3,19.7,0.18075648
558,3708.5,-6,0.8,2.069343,1087.5,19.7,0.18060579
561.1,3708.8,3.1,0.3,2.0810077,1087.7,19.7,0.18045509
564.1,3709.1,3,0.3,2.0923033,1087.8,19.7,0.18037975
570.1,3709.1,6,0,2.1145579,1088,19.7,0.18022905
558,3710,-12.1,0.9,2.07018,1088.1,19.7,0.18015371
142.1,3730.5,-415.9,20.5,0.53010405,1088.2,19.7,0.18007836
145.1,3731.6,3,1.1,0.54145516,1088.2,19.7,0.18007836
142.1,3732.6,-3,1,0.53040246,1088.2,19.7,0.18007836
142.1,3733.4,0,0.8,0.53051614,1088.3,19.7,0.18000301
138.1,3734.3,-4,0.9,0.51570683,1088.3,19.7,0.18000301
140.1,3734.9,2,0.6,0.52325949,1088.4,19.7,0.17992767
144,3735.4,3.9,0.5,0.5378976,1088.4,19.7,0.17992767
140.1,3736.2,-3.9,0.8,0.52344162,1088.4,19.7,0.17992767
141,3736.7,0.9,0.5,0.5268747,1088.5,19.7,0.17985232
143.1,3737.2,2.1,0.5,0.53479332,1088.5,19.7,0.17985232
-534.9,3771.1,-678,33.9,-2.0171614,1088.5,19.7,0.17985232
-529,3772.7,5.9,1.6,-1.9957583,1088.3,19.7,0.18000301
-531,3774.4,-2,1.7,-2.0042064,1088.2,19.7,0.18007836
-525,3775.5,6,1.1,-1.9821375,1088,19.7,0.18022905
384,3732.3,909,-43.2,1.4332032,1088.1,19.7,0.18015371
389.1,3731.4,5.1,-0.9,1.4518877,1088.2,19.7,0.18007836
387.1,3731.2,-2,-0.2,1.4443475,1088.3,19.7,0.18000301
395.1,3730.7,8,-0.5,1.4739996,1088.4,19.7,0.17992767
390.1,3730.8,-5,0.1,1.4553851,1088.5,19.7,0.17985232
390.1,3730.7,0,-0.1,1.4553461,1088.6,19.7,0.17977697
1235,3689.9,844.9,-40.8,4.5570265,1089,19.7,0.17947559
1231,3688.3,-4,-1.6,4.5402973,1089.3,19.7,0.17924955
1236,3686.7,5,-1.6,4.5567612,1089.7,19.7,0.17894816
1237,3685.5,1,-1.2,4.5589635,1090,19.7,0.17872212
1229.9,3684.8,-7.1,-0.7,4.5319355,1090.4,19.7,0.17842074
1236,3683.7,6.1,-1.1,4.5530532,1090.7,19.7,0.1781947
1234.9,3682.8,-1.1,-0.9,4.5478897,1091,19.7,0.17796866
1227,3682.3,-7.9,-0.5,4.5181821,1091.4,19.7,0.17766727
2169.7,3636.1,942.7,-46.2,7.8892462,1092,19.7,0.17721519
2164.8,3633.7,-4.9,-2.4,7.8662338,1092.6,19.7,0.17676311
231.1,3725.2,-1933.7,91.5,0.86089372,1092.7,19.7,0.17668776
228,3727.3,-3.1,2.1,0.8498244,1092.7,19.7,0.17668776
224,3728.7,-4,1.4,0.8352288,1092.8,19.7,0.17661242
235,3729.1,11,0.4,0.8763385,1092.8,19.7,0.17661242
225,3730.3,-10,1.2,0.8393175,1092.9,19.7,0.17653707
228,3730.8,3,0.5,0.8506224,1093,19.7,0.17646172
2842.8,3605,2614.8,-125.8,10.248294,1093.8,19.7,0.17585895
2848,3600,5.2,-5,10.2528,1094.6,19.7,0.17525618
2842,3597,-6,-3,10.222674,1095.3,19.7,0.17472875
2846,3593.9,4,-3.1,10.228239,1096.1,19.8,0.17412598
2844,3591.3,-2,-2.6,10.213657,1096.9,19.8,0.17352321
2840,3589.1,-4,-2.2,10.193044,1097.7,19.8,0.17292043
828.1,3684.4,-2011.9,95.3,3.0510516,1097.9,19.8,0.17276974
825,3686.3,-3.1,1.9,3.0411975,1098.2,19.8,0.1725437
822,3687.4,-3,1.1,3.0310428,1098.4,19.8,0.17239301
1297.9,3665,475.9,-22.4,4.7568035,1098.8,19.8,0.17209162
1299.1,3664.4,1.2,-0.6,4.760422,1099.1,19.8,0.17186558
1298.1,3664.1,-1,-0.3,4.7563682,1099.5,19.8,0.1715642
1298,3663.7,-0.1,-0.4,4.7554826,1099.8,19.8,0.17133816
-1056.9,3778,-2354.9,114.3,-3.9929682,1099.6,19.8,0.17148885
-1056.9,3782.2,0,4.2,-3.9974072,1099.3,19.8,0.17171489
-729,3769.9,327.9,-12.3,-2.7482571,1099.1,19.8,0.17186558
-400,3756.2,329,-13.7,-1.50248,1099,19.8,0.17194093
-404.9,3757.7,-4.9,1.5,-1.5214927,1098.9,19.8,0.17201627
-402.9,3759,2,1.3,-1.5145011,1098.8,19.8,0.17209162
414.9,3720.2,817.8,-38.8,1.543511,1098.8,19.8,0.17209162
419,3719.6,4.1,-0.6,1.5585124,1098.9,19.8,0.17201627
412.1,3719.7,-6.9,0.1,1.5328884,1099.1,19.8,0.17186558
417.1,3719.5,5,-0.2,1.5514035,1099.2,19.8,0.17179024
417.1,3719.5,0,0,1.5514035,1099.3,19.8,0.17171489
420.1,3719.4,3,-0.1,1.5625199,1099.4,19.8,0.17163954
826.9,3699.8,406.8,-19.6,3.0593646,1099.6,19.8,0.17148885
830.1,3698.9,3.2,-0.9,3.0704569,1099.9,19.8,0.17126281
833,3698.2,2.9,-0.7,3.0806006,1100.1,19.8,0.17111212
833,3697.7,0,-0.5,3.0801841,1100.3,19.8,0.17096142
828,3697.5,-5,-0.2,3.06153,1100.6,19.8,0.17073538
833,3696.9,5,-0.6,3.0795177,1100.8,19.8,0.17058469
834,3696.5,1,-0.4,3.082881,1101,19.8,0.170434
1174.8,3679.7,340.8,-16.8,4.3229116,1101.4,19.8,0.17013261
1178,3678.6,3.2,-1.1,4.3333908,1101.7,19.8,0.16990657
1178,3677.7,0,-0.9,4.3323306,1102,19.8,0.16968053
1179,3677,1,-0.7,4.335183,1102.3,19.8,0.16945449
1175,3676.5,-4,-0.5,4.3198875,1102.7,19.8,0.1691531
1170,3676.2,-5,-0.3,4.301154,1103,19.8,0.16892706
1170,3675.6,0,-0.6,4.300452,1103.3,19.8,0.16870102
1177.9,3674.7,7.9,-0.9,4.3284291,1103.6,19.8,0.16847498
229.1,3720.1,-948.8,45.4,0.85227491,1103.7,19.8,0.16839964
227.9,3721.6,-1.2,1.5,0.84815264,1103.8,19.8,0.16832429
233,3722.2,5.1,0.6,0.8672726,1103.8,19.8,0.16832429
234,3723,1,0.8,0.871182,1103.9,19.8,0.16824895
132.1,3728.5,-101.9,5.5,0.49253485,1103.9,19.8,0.16824895
134.1,3729.3,2,0.8,0.50009913,1104,19.8,0.1681736
136.1,3729.9,2,0.6,0.50763939,1104,19.8,0.1681736
134,3730.6,-2.1,0.7,0.4999004,1104,19.8,0.1681736
133,3731.2,-1,0.6,0.4962496,1104.1,19.8,0.16809825
143,3731.2,10,0,0.5335616,1104.1,19.8,0.16809825
134,3732.2,-9,1,0.5001148,1104.2,19.8,0.16802291
138.1,3732.5,4.1,0.3,0.51545825,1104.2,19.8,0.16802291
534,3713.8,395.9,-18.7,1.9831692,1104.3,19.8,0.16794756
531,3713.6,-3,-0.2,1.9719216,1104.5,19.8,0.16779687
531.1,3713.3,0.1,-0.3,1.9721336,1104.6,19.8,0.16772152
536,3712.9,4.9,-0.4,1.9901144,1104.8,19.8,0.16757083
865,3696.9,329,-16,3.1978185,1105,19.8,0.16742013
1206,3679.7,341,-17.2,4.4377182,1105.4,19.8,0.16711875
1209,3678.2,3,-1.5,4.4469438,1105.7,19.8,0.16689271
1204.1,3677.4,-4.9,-0.8,4.4279573,1106,19.8,0.16666667
1205,3676.5,0.9,-0.9,4.4301825,1106.4,19.8,0.16636528
1203,3675.8,-2,-0.7,4.4219874,1106.7,19.8,0.16613924
1205,3675,2,-0.8,4.428375,1107,19.8,0.1659132
1201.9,3674.4,-3.1,-0.6,4.4162614,1107.4,19.8,0.16561181
1208,3673.5,6.1,-0.9,4.437588,1107.7,19.8,0.16538577
1207,3672.9,-1,-0.6,4.4331903,1108,19.8,0.16515973
2345.7,3617.3,1138.7,-55.6,8.4851006,1108.7,19.8,0.16463231
2340,3614.9,-5.7,-2.4,8.458866,1109.3,19.8,0.16418023
66,3722.7,-2274,107.8,0.2456982,1109.4,19.8,0.16410488
67,3725.1,1,2.4,0.2495817,1109.4,19.8,0.16410488
885.1,3687.2,818.1,-37.9,3.2635407,1109.6,19.8,0.16395419
1708.9,3646.8,823.8,-40.4,6.2320165,1110.1,19.8,0.16357746
1711,3644.9,2.1,-1.9,6.2364239,1110.6,19.8,0.16320072
1715,3643.3,4,-1.6,6.2482595,1111,19.8,0.16289934
1711,3642.2,-4,-1.1,6.2318042,1111.5,19.8,0.1625226
1715.9,3640.9,4.9,-1.3,6.2474203,1112,19.8,0.16214587
1712.9,3640,-3,-0.9,6.234956,1112.5,19.8,0.16176914
1714.9,3639,2,-1,6.2405211,1112.9,19.8,0.16146775
1712.9,3638.1,-2,-0.9,6.2317015,1113.4,19.8,0.16109102
-1423.8,3789.6,-3136.7,151.5,-5.3956325,1113.1,19.8,0.16131706
-1423.9,3795.1,-0.1,5.5,-5.4038429,1112.7,19.8,0.16161844
-1420.1,3798.9,3.8,3.8,-5.3948179,1112.3,19.8,0.16191983
-1421.1,3802.4,-1,3.5,-5.4035906,1111.9,19.8,0.16222122
-1420.1,3805.3,1,2.9,-5.4039065,1111.5,19.8,0.1625226
-1424,3808.3,-3.9,3,-5.4230192,1111.1,19.8,0.16282399
-1422.1,3810.7,1.9,2.4,-5.4191965,1110.7,19.8,0.16312538
-504,3769.1,918.1,-41.6,-1.8996264,1110.6,19.8,0.16320072
411,3724.8,915,-44.3,1.5308928,1110.6,19.8,0.16320072
405,3723.9,-6,-0.9,1.5081795,1110.8,19.8,0.16305003
413,3722.8,8,-1.1,1.5375164,1110.9,19.8,0.16297468
1765.9,3657.1,1352.9,-65.7,6.4580729,1111.4,19.8,0.16259795
1764.9,3653.9,-1,-3.2,6.4487681,1111.8,19.8,0.16229656
1761,3651.6,-3.9,-2.3,6.4304676,1112.3,19.8,0.16191983
1765.9,3649.1,4.9,-2.5,6.4439457,1112.8,19.8,0.1615431
1760.9,3647.4,-5,-1.7,6.4227067,1113.3,19.8,0.16116637
1769.8,3645.2,8.9,-2.2,6.451275,1113.8,19.8,0.16078963
1759,3644.2,-10.8,-1,6.4101478,1114.3,19.8,0.1604129
-295,3742.6,-2054,98.4,-1.104067,1114.2,19.8,0.16048825
-296,3745.5,-1,2.9,-1.108668,1114.2,19.8,0.16048825
-300,3747.5,-4,2,-1.12425,1114.1,19.8,0.16056359
-298,3749.1,2,1.6,-1.1172318,1114,19.8,0.16063894
-298.9,3750.4,-0.9,1.3,-1.1209946,1113.9,19.8,0.16071429
-295,3751.5,3.9,1.1,-1.1066925,1113.8,19.8,0.16078963
-293.9,3752.5,1.1,1,-1.1028597,1113.7,19.8,0.16086498
-293.9,3753.5,0,1,-1.1031536,1113.7,19.8,0.16086498
2397.9,3624,2691.8,-129.5,8.6899896,1114.3,19.8,0.1604129
2395,3619.4,-2.9,-4.6,8.668463,1114.9,19.8,0.15996082
2396.9,3615.7,1.9,-3.7,8.6664713,1115.6,19.8,0.15943339
2397,3613,0.1,-2.7,8.660361,1116.2,19.8,0.15898131
2390,3610.8,-7,-2.2,8.629812,1116.9,19.8,0.15845389
2403,3608.1,13,-2.7,8.6702643,1117.6,19.8,0.15792646
2396,3606.4,-7,-1.7,8.6409344,1118.2,19.8,0.15747438
2393,3604.6,-3,-1.8,8.6258078,1118.9,19.8,0.15694696
2553.9,3595,160.9,-9.6,9.1812705,1119.6,19.8,0.15641953
2703.9,3585.7,150,-9.3,9.6953742,1120.4,19.8,0.15581676
2704,3583.5,0.1,-2.2,9.689784,1121.1,19.8,0.15528933
1044.2,3662,-1659.8,78.5,3.8238604,1121.4,19.8,0.15506329
1040,3663.5,-4.2,1.5,3.81004,1121.7,19.8,0.15483725
1046,3663.9,6,0.4,3.8324394,1122,19.8,0.15461121
1045,3664.3,-1,0.4,3.8291935,1122.3,19.8,0.15438517
1045,3664.6,0,0.3,3.829507,1122.6,19.8,0.15415913
1044,3664.8,-1,0.2,3.8260512,1122.9,19.8,0.15393309
1037,3665.2,-7,0.4,3.8008124,1123.1,19.8,0.1537824
1043,3664.9,6,-0.3,3.8224907,1123.4,19.8,0.15355636
1042.1,3665,-0.9,0.1,3.8192965,1123.7,19.8,0.15333032
1751,3630.6,708.9,-34.4,6.3571806,1124.2,19.8,0.15295359
2466,3594.4,715,-36.2,8.8637904,1124.9,19.8,0.15242616
2463,3592,-3,-2.4,8.847096,1125.6,19.8,0.15189873
2464,3589.8,1,-2.2,8.8452672,1126.3,19.8,0.15137131
2466,3587.9,2,-1.9,8.8477614,1127,19.8,0.15084388
2464,3586.1,-2,-1.8,8.8361504,1127.6,19.8,0.1503918
1512.1,3631,-951.9,44.9,5.4904351,1128.1,19.8,0.15001507
1510,3631.4,-2.1,0.4,5.483414,1128.5,19.8,0.14971368
1512.1,3631.3,2.1,-0.1,5.4908887,1128.9,19.8,0.1494123
1508,3631.3,-4.1,0,5.4760004,1129.3,19.8,0.14911091
1509.9,3630.9,1.9,-0.4,5.4822959,1129.7,19.8,0.14880952
1513,3630.5,3.1,-0.4,5.4929465,1130.2,19.8,0.14843279
1509.9,3630.4,-3.1,-0.1,5.481541,1130.6,19.8,0.1481314
1506,3630.3,-3.9,-0.1,5.4672318,1131,19.8,0.14783002
1515,3629.5,9,-0.8,5.4986925,1131.4,19.8,0.14752863
1511,3629.4,-4,-0.1,5.4840234,1131.8,19.8,0.14722725
201.2,3692.8,-1309.8,63.4,0.74299136,1131.9,19.8,0.1471519
204.1,3695,2.9,2.2,0.7541495,1131.9,19.8,0.1471519
206.1,3696.7,2,1.7,0.76188987,1132,19.8,0.14707655
207.1,3698.1,1,1.4,0.76587651,1132.1,19.8,0.14700121
1421,3640.4,1213.9,-57.7,5.1730084,1132.5,19.8,0.14669982
1417,3639.1,-4,-1.3,5.1566047,1132.8,19.8,0.14647378
1415,3638.3,-2,-0.8,5.1481945,1133.2,19.8,0.14617239
1421,3637.2,6,-1.1,5.1684612,1133.6,19.8,0.14587101
1423,3636.5,2,-0.7,5.1747395,1134,19.8,0.14556962
1417,3636.2,-6,-0.3,5.1524954,1134.4,19.8,0.14526823
-291.9,3719.4,-1708.9,83.2,-1.0856929,1134.4,19.8,0.14526823
-290,3722.5,1.9,3.1,-1.079525,1134.3,19.8,0.14534358
-291,3724.9,-1,2.4,-1.0839459,1134.3,19.8,0.14534358
-295,3727.1,-4,2.2,-1.0994945,1134.2,19.8,0.14541893
-291,3728.6,4,1.5,-1.0850226,1134.1,19.8,0.14549427
-288,3730.1,3,1.5,-1.0742688,1134,19.8,0.14556962
-290.9,3731.8,-2.9,1.7,-1.0855806,1133.9,19.8,0.14564497
-295,3733.3,-4.1,1.5,-1.1013235,1133.9,19.8,0.14564497
-292,3734.4,3,1.1,-1.0904448,1133.8,19.8,0.14572031
-447,3743.1,-155,8.7,-1.6731657,1133.6,19.8,0.14587101
-447,3744.6,0,1.5,-1.6738362,1133.5,19.8,0.14594635
-451,3746.2,-4,1.6,-1.6895362,1133.4,19.8,0.1460217
-447,3747.3,4,1.1,-1.6750431,1133.3,19.8,0.14609705
215,3716,662,-31.3,0.79894,1133.3,19.8,0.14609705
881.9,3683.7,666.9,-32.3,3.248655,1133.6,19.8,0.14587101
877,3682.4,-4.9,-1.3,3.2294648,1133.8,19.8,0.14572031
875,3681.5,-2,-0.9,3.2213125,1134.1,19.8,0.14549427
404.1,3703.4,-470.9,21.9,1.4965439,1134.2,19.8,0.14541893
405,3703.6,0.9,0.2,1.499958,1134.3,19.8,0.14534358
403.1,3703.9,-1.9,0.3,1.4930421,1134.4,19.8,0.14526823
408.1,3703.8,5,-0.1,1.5115208,1134.5,19.8,0.14519289
1011,3674.8,602.9,-29,3.7152228,1134.8,19.8,0.14496685
1010,3673.7,-1,-1.1,3.710437,1135.1,19.8,0.14474081
1014.9,3672.5,4.9,-1.2,3.7272202,1135.3,19.8,0.14459011
1012,3671.9,-2.9,-0.6,3.7159628,1135.6,19.8,0.14436407
1013,3671.2,1,-0.7,3.7189256,1135.9,19.8,0.14413803
1010.1,3670.7,-2.9,-0.5,3.7077741,1136.2,19.8,0.143912
950,3673,-60.1,2.3,3.48935,1136.5,19.8,0.14368596
895,3675.2,-55,2.2,3.289304,1136.7,19.8,0.14353526
895,3675.1,0,-0.1,3.2892145,1136.9,19.8,0.14338457
896,3674.6,1,-0.5,3.2924416,1137.2,19.8,0.14315853
171,3709.4,-725,34.8,0.6343074,1137.2,19.8,0.14315853
172.1,3710.7,1.1,1.3,0.63861147,1137.3,19.8,0.14308318
2591.8,3594.4,2419.7,-116.3,9.3159659,1138,19.8,0.14255576
2589.9,3590.3,-1.9,-4.1,9.298518,1138.7,19.8,0.14202833
2589.9,3587,0,-3.3,9.2899713,1139.5,19.8,0.14142556
2592,3584.2,2.1,-2.8,9.2902464,1140.2,19.8,0.14089813
761.1,3670.7,-1830.9,86.5,2.7937698,1140.4,19.8,0.14074744
756.1,3672.4,-5,1.7,2.7767016,1140.6,19.8,0.14059675
755.1,3673.2,-1,0.8,2.7736333,1140.8,19.8,0.14044605
763.1,3673.4,8,0.2,2.8031715,1141,19.8,0.14029536
757.1,3674,-6,0.6,2.7815854,1141.2,19.8,0.14014467
754.9,3674.4,-2.2,0.4,2.7738046,1141.4,19.8,0.13999397
905,3667.3,150.1,-7.1,3.3189065,1141.7,19.8,0.13976793
1053,3660,148,-7.3,3.85398,1142,19.8,0.13954189
1058,3659.3,5,-0.7,3.8715394,1142.3,19.8,0.13931585
1053,3659.2,-5,-0.1,3.8531376,1142.6,19.8,0.13908981
74,3706.4,-979,47.2,0.2742736,1142.6,19.8,0.13908981
-915,3756.7,-989,50.3,-3.4373805,1142.4,19.8,0.13924051
-914,3760,1,3.3,-3.43664,1142.1,19.8,0.13946655
1168.9,3661.7,2082.9,-98.3,4.2801611,1142.4,19.8,0.13924051
1170,3659.3,1.1,-2.4,4.281381,1142.7,19.8,0.13901447
1168,3658.1,-2,-1.2,4.2726608,1143,19.8,0.13878843
1168,3657.1,0,-1,4.2714928,1143.3,19.8,0.13856239
1176,3655.8,8,-1.3,4.2992208,1143.7,19.8,0.138261
1173.1,3655.3,-2.9,-0.5,4.2880324,1144,19.8,0.13803496
1176.1,3654.5,3,-0.8,4.2980574,1144.3,19.8,0.13780892
1174.1,3654,-2,-0.5,4.2901614,1144.7,19.8,0.13750753
-1161.9,3767.2,-2336,113.2,-4.3771097,1144.4,19.8,0.13773357
-1158.9,3771.5,3,4.3,-4.3707914,1144.1,19.8,0.13795961
-1161.9,3775.1,-3,3.6,-4.3862887,1143.8,19.8,0.13818565
-279,3735.5,882.9,-39.6,-1.0422045,1143.7,19.8,0.138261
602.9,3693,881.9,-42.5,2.2265097,1143.8,19.8,0.13818565
608,3691.7,5.1,-1.3,2.2445536,1144,19.8,0.13803496
609,3691,1,-0.7,2.247819,1144.1,19.8,0.13795961
605,3690.7,-4,-0.3,2.2328735,1144.3,19.8,0.13780892
602,3690.6,-3,-0.1,2.2217412,1144.5,19.8,0.13765823
602,3690.3,0,-0.3,2.2215606,1144.6,19.8,0.13758288
609,3689.7,7,-0.6,2.2470273,1144.8,19.8,0.13743219
600.1,3690,-8.9,0.3,2.214369,1145,19.8,0.13728149
601.9,3689.7,1.8,-0.3,2.2208304,1145.1,19.8,0.13720615
704.1,3684.6,102.2,-5.1,2.5943269,1145.3,19.8,0.13705546
700.2,3684.4,-3.9,-0.2,2.5798169,1145.5,19.8,0.13690476
702.1,3684.1,1.9,-0.3,2.5866066,1145.7,19.8,0.13675407
705.1,3683.7,3,-0.4,2.5973769,1145.9,19.8,0.13660338
700.1,3683.7,-5,0,2.5789584,1146.1,19.8,0.13645268
701.1,3683.5,1,-0.2,2.5825018,1146.3,19.8,0.13630199
705.1,3683.1,4,-0.4,2.5969538,1146.5,19.8,0.1361513
-357.9,3735,-1063,51.9,-1.3367565,1146.4,19.8,0.13622664
-356,3737.1,1.9,2.1,-1.3304076,1146.3,19.8,0.13630199
-352,3738.5,4,1.4,-1.315952,1146.2,19.8,0.13637734
-357,3740.2,-5,1.7,-1.3352514,1146.1,19.8,0.13645268
-356,3741.3,1,1.1,-1.3319028,1146,19.8,0.13652803
-356,3742.6,0,1.3,-1.3323656,1145.9,19.8,0.13660338
-353.9,3743.6,2.1,1,-1.32486,1145.8,19.8,0.13667872
-348.9,3744.3,5,0.7,-1.3063863,1145.7,19.8,0.13675407
-358.9,3745.8,-10,1.5,-1.3443676,1145.6,19.8,0.13682942
70,3725.4,428.9,-20.4,0.260778,1145.6,19.8,0.13682942
486.1,3705.2,416.1,-20.2,1.8010977,1145.8,19.8,0.13667872
491,3704.2,4.9,-1,1.8187622,1145.9,19.8,0.13660338
491,3703.6,0,-0.6,1.8184676,1146,19.8,0.13652803
484,3703.5,-7,-0.1,1.792494,1146.2,19.8,0.13637734
117.3,3721,-366.7,17.5,0.4364733,1146.2,19.8,0.13637734
-253,3739.9,-370.3,18.9,-0.9461947,1146.2,19.8,0.13637734
-250.9,3741,2.1,1.1,-0.9386169,1146.1,19.8,0.13645268
-252.9,3742.1,-2,1.1,-0.94637709,1146,19.8,0.13652803
-244.9,3742.6,8,0.5,-0.91656274,1146,19.8,0.13652803
-252.9,3743.7,-8,1.1,-0.94678173,1145.9,19.8,0.13660338
-895.9,3775.4,-643,31.7,-3.3823809,1145.6,19.8,0.13682942
-890,3777.2,5.9,1.8,-3.361708,1145.4,19.8,0.13698011
-904,3779.5,-14,2.3,-3.416668,1145.1,19.8,0.13720615
-897,3780.8,7,1.3,-3.3913776,1144.9,19.8,0.13735684
-891,3782,6,1.2,-3.369762,1144.6,19.8,0.13758288
-890,3783.3,1,1.3,-3.367137,1144.4,19.8,0.13773357
-887,3784.4,3,1.1,-3.3567628,1144.1,19.8,0.13795961
-900,3786.3,-13,1.9,-3.40767,1143.9,19.8,0.13811031
-895,3787.2,5,0.9,-3.389544,1143.6,19.8,0.13833635
-144,3752.4,751,-34.8,-0.5403456,1143.6,19.8,0.13833635
599.8,3715.5,743.8,-36.9,2.2285569,1143.8,19.8,0.13818565
603,3713.5,3.2,-2,2.2392405,1143.9,19.8,0.13811031
606.1,3712.1,3.1,-1.4,2.2499038,1144.1,19.8,0.13795961
604.1,3711.1,-2,-1,2.2418755,1144.3,19.8,0.13780892
224.2,3728.5,-379.9,17.4,0.8359297,1144.3,19.8,0.13780892
222,3728.5,-2.2,0,0.827727,1144.4,19.8,0.13773357
227,3728.2,5,-0.3,0.8463014,1144.4,19.8,0.13773357
229.1,3727.9,2.1,-0.3,0.85406189,1144.5,19.8,0.13765823
229.1,3727.8,0,-0.1,0.85403898,1144.6,19.8,0.13758288
230,3727.6,0.9,-0.2,0.857348,1144.6,19.8,0.13758288
229,3727.5,-1,-0.1,0.8535975,1144.7,19.8,0.13750753
232,3727.2,3,-0.3,0.8647104,1144.8,19.8,0.13743219
227,3727.3,-5,0.1,0.8460971,1144.8,19.8,0.13743219
47,3735.9,-180,8.6,0.1755873,1144.9,19.8,0.13735684
54,3735.8,7,-0.1,0.2017332,1144.9,19.8,0.13735684
54,3735.9,0,0.1,0.2017386,1144.9,19.8,0.13735684
54,3736.1,0,0.2,0.2017494,1144.9,19.8,0.13735684
53,3736.3,-1,0.2,0.1980239,1144.9,19.8,0.13735684
55,3736.4,2,0.1,0.205502,1144.9,19.8,0.13735684
51,3736.6,-4,0.2,0.1905666,1144.9,19.8,0.13735684
53,3736.6,2,0,0.1980398,1145,19.8,0.13728149
292,3725.2,239,-11.4,1.0877584,1145,19.8,0.13728149
293,3724.8,1,-0.4,1.0913664,1145.1,19.8,0.13720615
298,3724.2,5,-0.6,1.1098116,1145.2,19.8,0.1371308
296,3724,-2,-0.2,1.102304,1145.3,19.8,0.13705546
293,3723.9,-3,-0.1,1.0911027,1145.4,19.8,0.13698011
298.1,3723.4,5.1,-0.5,1.1099455,1145.4,19.8,0.13698011
296.1,3723.3,-2,-0.1,1.1024691,1145.5,19.8,0.13690476
1613.9,3659.4,1317.8,-63.9,5.9059057,1146,19.8,0.13652803
2941.9,3592.2,1328,-67.2,10.567893,1146.8,19.8,0.13592526
2941,3586.8,-0.9,-5.4,10.548779,1147.6,19.8,0.13532248
-117,3731.1,-3058,144.3,-0.4365387,1147.6,19.8,0.13532248
-121,3734,-4,2.9,-0.451814,1147.6,19.8,0.13532248
-124,3735.6,-3,1.6,-0.4632144,1147.5,19.8,0.13539783
-124,3736.9,0,1.3,-0.4633756,1147.5,19.8,0.13539783
-114,3737.3,10,0.4,-0.4260522,1147.5,19.8,0.13539783
-121,3738.4,-7,1.1,-0.4523464,1147.4,19.8,0.13547318
-119,3739.1,2,0.7,-0.4449529,1147.4,19.8,0.13547318
-121,3739.8,-2,0.7,-0.4525158,1147.4,19.8,0.13547318
-680.9,3767.4,-559.9,27.6,-2.5652227,1147.2,19.8,0.13562387
-674.9,3768.9,6,1.5,-2.5436306,1147,19.8,0.13577456
1127.9,3682.6,1802.8,-86.3,4.1536045,1147.3,19.8,0.13554852
1124,3680.1,-3.9,-2.5,4.1364324,1147.6,19.8,0.13532248
1127,3678,3,-2.1,4.145106,1147.9,19.8,0.13509644
1123,3676.6,-4,-1.4,4.1288218,1148.2,19.8,0.1348704
1124.1,3675.1,1.1,-1.5,4.1311799,1148.5,19.8,0.13464436
1122,3674,-2.1,-1.1,4.122228,1148.8,19.8,0.13441832
1120,3672.9,-2,-1.1,4.113648,1149.1,19.8,0.13419228
1126.1,3671.6,6.1,-1.3,4.1345888,1149.4,19.8,0.13396624
1130.1,3670.4,4,-1.2,4.147919,1149.8,19.8,0.13366486
-1133,3779.7,-2263.1,109.3,-4.2824001,1149.5,19.8,0.1338909
-1135,3783.7,-2,4,-4.2944995,1149.2,19.8,0.13411694
-1129,3786.4,6,2.7,-4.2748456,1148.9,19.8,0.13434298
-1128.9,3789,0.1,2.6,-4.2774021,1148.6,19.8,0.13456902
-1131.9,3791.3,-3,2.3,-4.2913725,1148.2,19.8,0.1348704
-1128.9,3793.2,3,1.9,-4.2821435,1147.9,19.8,0.13509644
736.9,3704.3,1865.8,-88.9,2.7296987,1148.1,19.8,0.13494575
739,3701.9,2.1,-2.4,2.7357041,1148.3,19.8,0.13479506
737,3700.4,-2,-1.5,2.7271948,1148.5,19.8,0.13464436
739,3699.1,2,-1.3,2.7336349,1148.7,19.8,0.13449367
736,3698.2,-3,-0.9,2.7218752,1148.9,19.8,0.13434298
735,3697.3,-1,-0.9,2.7175155,1149.1,19.8,0.13419228
734,3696.5,-1,-0.8,2.713231,1149.3,19.8,0.13404159
739,3695.5,5,-1,2.7309745,1149.5,19.8,0.1338909
735,3695,-4,-0.5,2.715825,1149.7,19.8,0.1337402
2668.9,3600.5,1933.9,-94.5,9.6093744,1150.5,19.8,0.13313743
2661,3596.1,-7.9,-4.4,9.5692221,1151.2,19.8,0.13261001
2667,3592.1,6,-4,9.5801307,1151.9,19.8,0.13208258
2667,3588.9,0,-3.2,9.5715963,1152.7,19.8,0.13147981
2667,3585.9,0,-3,9.5635953,1153.4,19.8,0.13095238
2665,3583.4,-2,-2.5,9.549761,1154.2,19.8,0.13034961
2670,3580.6,5,-2.8,9.560202,1154.9,19.8,0.12982218
-241.9,3720.5,-2911.9,139.9,-0.89998895,1154.9,19.8,0.12982218
-248,3724.7,-6.1,4.2,-0.9237256,1154.8,19.8,0.12989753
2982.8,3569.5,3230.8,-155.2,10.647105,1155.5,19.8,0.1293701
2979.9,3564.5,-2.9,-5,10.621854,1156.4,19.8,0.12869198
1504.1,3632.8,-1475.8,68.3,5.4640945,1156.8,19.8,0.1283906
32,3704.5,-1472.1,71.7,0.118544,1156.9,19.8,0.12831525
32,3707.2,0,2.7,0.1186304,1156.9,19.8,0.12831525
33,3709.1,1,1.9,0.1224003,1156.9,19.8,0.12831525
29,3710.7,-4,1.6,0.1076103,1156.9,19.8,0.12831525
32,3711.8,3,1.1,0.1187776,1156.9,19.8,0.12831525
32,3712.9,0,1.1,0.1188128,1156.9,19.8,0.12831525
31,3713.9,-1,1,0.1151309,1156.9,19.8,0.12831525
25,3715.1,-6,1.2,0.0928775,1156.9,19.8,0.12831525
31,3715.7,6,0.6,0.1151867,1156.9,19.8,0.12831525
34,3716.3,3,0.6,0.1263542,1156.9,19.8,0.12831525
34,3717,0,0.7,0.126378,1157,19.8,0.1282399
31,3717.8,-3,0.8,0.1152518,1157,19.8,0.1282399
31,3718.4,0,0.6,0.1152704,1157,19.8,0.1282399
34,3718.9,3,0.5,0.1264426,1157,19.8,0.1282399
31,3719.6,-3,0.7,0.1153076,1157,19.8,0.1282399
32,3720.1,1,0.5,0.1190432,1157,19.8,0.1282399
31,3720.7,-1,0.6,0.1153417,1157,19.8,0.1282399
31,3721.1,0,0.4,0.1153541,1157,19.8,0.1282399
33,3721.6,2,0.5,0.1228128,1157,19.8,0.1282399
37,3721.8,4,0.2,0.1377066,1157,19.8,0.1282399
32,3722.4,-5,0.6,0.1191168,1157,19.8,0.1282399
32,3722.9,0,0.5,0.1191328,1157.1,19.8,0.12816456
35,3723.2,3,0.3,0.130312,1157.1,19.8,0.12816456
36,3723.5,1,0.3,0.134046,1157.1,19.8,0.12816456
30,3724.2,-6,0.7,0.111726,1157.1,19.8,0.12816456
29,3724.6,-1,0.4,0.1080134,1157.1,19.8,0.12816456
34,3724.7,5,0.1,0.1266398,1157.1,19.8,0.12816456
34,3725,0,0.3,0.12665,1157.1,19.8,0.12816456
35,3725.3,1,0.3,0.1303855,1157.1,19.8,0.12816456
35,3725.6,0,0.3,0.130396,1157.1,19.8,0.12816456
31,3726.2,-4,0.6,0.1155122,1157.1,19.8,0.12816456
35,3726.3,4,0.1,0.1304205,1157.1,19.8,0.12816456
32,3726.7,-3,0.4,0.1192544,1157.2,19.8,0.12808921
34,3726.9,2,0.2,0.1267146,1157.2,19.8,0.12808921
31,3727.3,-3,0.4,0.1155463,1157.2,19.8,0.12808921
35,3727.4,4,0.1,0.130459,1157.2,19.8,0.12808921
31,3727.9,-4,0.5,0.1155649,1157.2,19.8,0.12808921
39,3727.7,8,-0.2,0.1453803,1157.2,19.8,0.12808921
34,3728.2,-5,0.5,0.1267588,1157.2,19.8,0.12808921
34,3728.4,0,0.2,0.1267656,1157.2,19.8,0.12808921
33,3728.8,-1,0.4,0.1230504,1157.2,19.8,0.12808921
28,3729.2,-5,0.4,0.1044176,1157.2,19.8,0.12808921
32,3729.3,4,0.1,0.1193376,1157.2,19.8,0.12808921
31,3729.5,-1,0.2,0.1156145,1157.3,19.8,0.12801386
36,3729.5,5,0,0.134262,1157.3,19.8,0.12801386
33,3729.8,-3,0.3,0.1230834,1157.3,19.8,0.12801386
31,3730.2,-2,0.4,0.1156362,1157.3,19.8,0.12801386
37,3730.1,6,-0.1,0.1380137,1157.3,19.8,0.12801386
32,3730.5,-5,0.4,0.119376,1157.3,19.8,0.12801386
37,3730.5,5,0,0.1380285,1157.3,19.8,0.12801386
29,3731.1,-8,0.6,0.1082019,1157.3,19.8,0.12801386
29,3731.2,0,0.1,0.1082048,1157.3,19.8,0.12801386
31,3731.3,2,0.1,0.1156703,1157.3,19.8,0.12801386
34,3731.3,3,0,0.1268642,1157.3,19.8,0.12801386
28,3731.8,-6,0.5,0.1044904,1157.4,19.8,0.12793852
34,3731.7,6,-0.1,0.1268778,1157.4,19.8,0.12793852
26,3732.2,-8,0.5,0.0970372,1157.4,19.8,0.12793852
33,3732,7,-0.2,0.123156,1157.4,19.8,0.12793852
30,3732.3,-3,0.3,0.111969,1157.4,19.8,0.12793852
35,3732.3,5,0,0.1306305,1157.4,19.8,0.12793852
29,3732.7,-6,0.4,0.1082483,1157.4,19.8,0.12793852
33,3732.7,4,0,0.1231791,1157.4,19.8,0.12793852
34,3732.7,1,0,0.1269118,1157.4,19.8,0.12793852
33,3733,-1,0.3,0.123189,1157.4,19.8,0.12793852
33,3733.1,0,0.1,0.1231923,1157.4,19.8,0.12793852
36,3733,3,-0.1,0.134388,1157.5,19.8,0.12786317
26,3733.7,-10,0.7,0.0970762,1157.5,19.7,0.12786317
29,3733.7,3,0,0.1082773,1157.5,19.7,0.12786317
32,3733.6,3,-0.1,0.1194752,1157.5,19.7,0.12786317
33,3733.7,1,0.1,0.1232121,1157.5,19.7,0.12786317
33,3733.8,0,0.1,0.1232154,1157.5,19.7,0.12786317
34,3733.9,1,0.1,0.1269526,1157.5,19.7,0.12786317
33,3734.1,-1,0.2,0.1232253,1157.5,19.7,0.12786317
36,3734,3,-0.1,0.134424,1157.5,19.7,0.12786317
31,3734.4,-5,0.4,0.1157664,1157.5,19.7,0.12786317
31,3734.5,0,0.1,0.1157695,1157.5,19.7,0.12786317
34,3734.5,3,0,0.126973,1157.6,19.7,0.12778782
32,3734.7,-2,0.2,0.1195104,1157.6,19.7,0.12778782
32,3734.8,0,0.1,0.1195136,1157.6,19.7,0.12778782
32,3734.9,0,0.1,0.1195168,1157.6,19.7,0.12778782
35,3734.8,3,-0.1,0.130718,1157.6,19.7,0.12778782
34,3735,-1,0.2,0.12699,1157.6,19.7,0.12778782
38,3734.8,4,-0.2,0.1419224,1157.6,19.7,0.12778782
26,3735.5,-12,0.7,0.097123,1157.6,19.7,0.12778782
31,3735.4,5,-0.1,0.1157974,1157.6,19.7,0.12778782
27,3735.7,-4,0.3,0.1008639,1157.6,19.7,0.12778782
35,3735.4,8,-0.3,0.130739,1157.6,19.7,0.12778782
32,3735.6,-3,0.2,0.1195392,1157.7,19.7,0.12771248
34,3735.6,2,0,0.1270104,1157.7,19.7,0.12771248
33,3735.8,-1,0.2,0.1232814,1157.7,19.7,0.12771248
30,3736,-3,0.2,0.11208,1157.7,19.7,0.12771248
29,3736.1,-1,0.1,0.1083469,1157.7,19.7,0.12771248
37,3735.8,8,-0.3,0.1382246,1157.7,19.7,0.12771248
33,3736.1,-4,0.3,0.1232913,1157.7,19.7,0.12771248
35,3736,2,-0.1,0.13076,1157.7,19.7,0.12771248
34,3736.2,-1,0.2,0.1270308,1157.7,19.7,0.12771248
36,3736.2,2,0,0.1345032,1157.7,19.7,0.12771248
28,3736.6,-8,0.4,0.1046248,1157.7,19.7,0.12771248
38,3736.2,10,-0.4,0.1419756,1157.8,19.7,0.12763713
27,3736.8,-11,0.6,0.1008936,1157.8,19.7,0.12763713
32,3736.7,5,-0.1,0.1195744,1157.8,19.7,0.12763713
34,3736.7,2,0,0.1270478,1157.8,19.7,0.12763713
35,3736.6,1,-0.1,0.130781,1157.8,19.7,0.12763713
29,3737,-6,0.4,0.108373,1157.8,19.7,0.12763713
29,3737.1,0,0.1,0.1083759,1157.8,19.7,0.12763713
39,3736.7,10,-0.4,0.1457313,1157.8,19.7,0.12763713
33,3737,-6,0.3,0.123321,1157.8,19.7,0.12763713
34,3737,1,0,0.127058,1157.8,19.7,0.12763713
34,3737.1,0,0.1,0.1270614,1157.8,19.7,0.12763713
34,3737.2,0,0.1,0.1270648,1157.9,19.7,0.12756178
36,3737.1,2,-0.1,0.1345356,1157.9,19.7,0.12756178
32,3737.4,-4,0.3,0.1195968,1157.9,19.7,0.12756178
29,3737.5,-3,0.1,0.1083875,1157.9,19.7,0.12756178
33,3737.4,4,-0.1,0.1233342,1157.9,19.7,0.12756178
31,3737.6,-2,0.2,0.1158656,1157.9,19.7,0.12756178
36,3737.4,5,-0.2,0.1345464,1157.9,19.7,0.12756178
34,3737.5,-2,0.1,0.127075,1157.9,19.7,0.12756178
35,3737.5,1,0,0.1308125,1157.9,19.7,0.12756178
26,3738,-9,0.5,0.097188,1157.9,19.7,0.12756178
32,3737.8,6,-0.2,0.1196096,1157.9,19.7,0.12756178
31,3737.9,-1,0.1,0.1158749,1158,19.7,0.12748644
31,3737.9,0,0,0.1158749,1158,19.7,0.12748644
32,3738,1,0.1,0.119616,1158,19.7,0.12748644
34,3737.9,2,-0.1,0.1270886,1158,19.7,0.12748644
33,3738,-1,0.1,0.123354,1158,19.7,0.12748644
31,3738.1,-2,0.1,0.1158811,1158,19.7,0.12748644
30,3738.3,-1,0.2,0.112149,1158,19.7,0.12748644
33,3738.2,3,-0.1,0.1233606,1158,19.7,0.12748644
28,3738.5,-5,0.3,0.104678,1158,19.7,0.12748644
27,3738.5,-1,0,0.1009395,1158,19.7,0.12748644
31,3738.4,4,-0.1,0.1158904,1158,19.7,0.12748644
31,3738.5,0,0.1,0.1158935,1158,19.7,0.12748644
39,3738.1,8,-0.4,0.1457859,1158.1,19.7,0.12741109
32,3738.5,-7,0.4,0.119632,1158.1,19.7,0.12741109
32,3738.5,0,0,0.119632,1158.1,19.7,0.12741109
34,3738.5,2,0,0.127109,1158.1,19.7,0.12741109
181.1,3731.4,147.1,-7.1,0.67575654,1158.1,19.7,0.12741109
183.1,3731,2,-0.4,0.6831461,1158.2,19.7,0.12733574
185.1,3730.7,2,-0.3,0.69055257,1158.2,19.7,0.12733574
178.1,3730.8,-7,0.1,0.66445548,1158.3,19.7,0.1272604
198.1,3729.7,20,-1.1,0.73885357,1158.3,19.7,0.1272604
230.1,3727.9,32,-1.8,0.85778979,1158.4,19.7,0.12718505
225.1,3727.9,-5,0,0.83915029,1158.5,19.7,0.1271097
230.1,3727.4,5,-0.5,0.85767474,1158.5,19.7,0.1271097
227.1,3727.4,-3,0,0.84649254,1158.6,19.7,0.12703436
231.1,3727,4,-0.4,0.8613097,1158.7,19.7,0.12695901
956.9,3691.4,725.8,-35.6,3.5323007,1158.9,19.7,0.12680832
1696.9,3653.5,740,-37.9,6.1996242,1159.4,19.7,0.12643159
1695.9,3650.4,-1,-3.1,6.1907134,1159.9,19.7,0.12605485
1698.9,3647.7,3,-2.7,6.1970775,1160.3,19.7,0.12575347
916.1,3683.6,-782.8,35.9,3.374546,1160.6,19.7,0.12552743
132.1,3721.5,-784,37.9,0.49161015,1160.6,19.7,0.12552743
142,3722.1,9.9,0.6,0.5285382,1160.7,19.7,0.12545208
136,3723.1,-6,1,0.5063416,1160.7,19.7,0.12545208
134,3723.7,-2,0.6,0.4989758,1160.7,19.7,0.12545208
135,3724,1,0.3,0.50274,1160.8,19.7,0.12537673
139,3724.1,4,0.1,0.5176499,1160.8,19.7,0.12537673
139.1,3724.4,0.1,0.3,0.51806404,1160.9,19.7,0.12530139
138.1,3724.6,-1,0.2,0.51436726,1160.9,19.7,0.12530139
139.1,3724.8,1,0.2,0.51811968,1160.9,19.7,0.12530139
270.1,3718.5,131,-6.3,1.0043669,1161,19.7,0.12522604
273.1,3718.2,3,-0.3,1.0154404,1161.1,19.7,0.12515069
274.1,3718.1,1,-0.1,1.0191312,1161.2,19.7,0.12507535
-271.9,3745.3,-546,27.2,-1.0183471,1161.1,19.7,0.12515069
-809.9,3772.8,-538,27.5,-3.0555907,1160.9,19.7,0.12530139
-814,3775,-4.1,2.2,-3.07285,1160.6,19.7,0.12552743
-813,3776.7,1,1.7,-3.0704571,1160.4,19.7,0.12567812
1690.9,3655.4,2503.9,-121.3,6.1809159,1160.8,19.7,0.12537673
1688.9,3651.4,-2,-4,6.1668495,1161.3,19.7,0.125
1687,3648.3,-1.9,-3.1,6.1546821,1161.8,19.7,0.12462327
1687.9,3645.6,0.9,-2.7,6.1534082,1162.2,19.7,0.12432188
1688,3643.4,0.1,-2.2,6.1500592,1162.7,19.7,0.12394515
1690,3641.2,2,-2.2,6.153628,1163.2,19.7,0.12356841
1690.9,3639.2,0.9,-2,6.1535233,1163.7,19.7,0.12319168
5,3720.1,-1685.9,80.9,0.0186005,1163.7,19.7,0.12319168
1,3722.3,-4,2.2,0.0037223,1163.7,19.7,0.12319168
0,3724.2,-1,1.9,0,1163.7,19.7,0.12319168
-4,3725.5,-4,1.3,-0.014902,1163.7,19.7,0.12319168
-2,3726.1,2,0.6,-0.0074522,1163.7,19.7,0.12319168
1,3726,3,-0.1,0.003726,1163.7,19.7,0.12319168
1,3726.6,0,0.6,0.0037266,1163.7,19.7,0.12319168
-4,3728,-5,1.4,-0.014912,1163.7,19.7,0.12319168
911,3683.1,915,-44.9,3.3553041,1163.9,19.7,0.12304099
1832,3636.4,921,-46.7,6.6618848,1164.4,19.7,0.12266426
1824,3633.6,-8,-2.8,6.6276864,1164.9,19.7,0.12228752
1836,3630.5,12,-3.1,6.665598,1165.5,19.7,0.12183544
1836,3628.4,0,-2.1,6.6617424,1166,19.7,0.12145871
-1249.9,3778.2,-3085.9,149.8,-4.7223722,1165.7,19.7,0.12168475
-1254.9,3783.3,-5,5.1,-4.7476632,1165.3,19.7,0.12198614
-1254.9,3786.9,0,3.6,-4.7521808,1165,19.7,0.12221218
-1251.9,3789.8,3,2.9,-4.7444506,1164.6,19.7,0.12251356
-1251.9,3792.4,0,2.6,-4.7477056,1164.3,19.7,0.1227396
-1255.9,3795,-4,2.6,-4.7661405,1163.9,19.7,0.12304099
-1253.9,3797.1,2,2.1,-4.7611837,1163.6,19.7,0.12326703
-1249.9,3798.9,4,1.8,-4.7482451,1163.2,19.7,0.12356841
359,3721.8,1608.9,-77.1,1.3361262,1163.3,19.7,0.12349307
363.1,3719.9,4.1,-1.9,1.3506957,1163.4,19.7,0.12341772
359.1,3719.1,-4,-0.8,1.3355288,1163.5,19.7,0.12334237
359,3718.3,-0.1,-0.8,1.3348697,1163.6,19.7,0.12326703
-451.8,3757.9,-810.8,39.6,-1.6978192,1163.5,19.7,0.12334237
-450.9,3759.1,0.9,1.2,-1.6949782,1163.4,19.7,0.12341772
-455.8,3760.4,-4.9,1.3,-1.7139903,1163.2,19.7,0.12356841
-451.1,3761,4.7,0.6,-1.6965871,1163.1,19.7,0.12364376
-452.9,3761.8,-1.8,0.8,-1.7037192,1163,19.7,0.12371911
1307.9,3676,1760.8,-85.8,4.8078404,1163.3,19.7,0.12349307
1305.9,3672.9,-2,-3.1,4.7964401,1163.7,19.7,0.12319168
1303.9,3670.5,-2,-2.4,4.785965,1164,19.7,0.12296564
1309,3668.1,5.1,-2.4,4.8015429,1164.4,19.7,0.12266426
1305,3666.4,-4,-1.7,4.784652,1164.8,19.7,0.12236287
2723.8,3595.2,1418.8,-71.2,9.7926058,1165.5,19.7,0.12183544
2729.9,3589.9,6.1,-5.3,9.800068,1166.3,19.7,0.12123267
2724.9,3586.1,-5,-3.8,9.7717639,1167,19.7,0.12070524
2726,3582.6,1.1,-3.5,9.7661676,1167.8,19.7,0.12010247
2723,3579.6,-3,-3,9.7472508,1168.5,19.7,0.11957505
2725,3576.6,2,-3,9.746235,1169.3,19.7,0.11897227
2727,3573.8,2,-2.8,9.7457526,1170.1,19.7,0.1183695
2728.1,3571,1.1,-2.8,9.7420451,1170.8,19.7,0.11784207
2724,3568.7,-4.1,-2.3,9.7211388,1171.6,19.7,0.1172393
2730,3565.8,6,-2.9,9.734634,1172.3,19.7,0.11671187
-378,3717.2,-3108,151.4,-1.4051016,1172.3,19.7,0.11671187
-383,3722,-5,4.8,-1.425526,1172.2,19.7,0.11678722
-380.1,3725.1,2.9,3.1,-1.4159105,1172.1,19.7,0.11686257
-378.1,3727.4,2,2.3,-1.4093299,1171.9,19.7,0.11701326
-381,3729.7,-2.9,2.3,-1.4210157,1171.8,19.7,0.11708861
-378.1,3731.4,2.9,1.7,-1.4108423,1171.7,19.7,0.11716395
783,3675.5,1161.1,-55.9,2.8779165,1171.9,19.7,0.11701326
767,3675.1,-16,-0.4,2.8188017,1172.1,19.7,0.11686257
770,3674.3,3,-0.8,2.829211,1172.3,19.7,0.11671187
1593.9,3633.2,823.9,-41.1,5.7909575,1172.8,19.7,0.11633514
1589.9,3631.2,-4,-2,5.7732449,1173.2,19.7,0.11603376
2409.7,3588.9,819.8,-42.3,8.6481723,1173.9,19.7,0.11550633
2404.9,3585.8,-4.8,-3.1,8.6234904,1174.6,19.7,0.1149789
2407.9,3582.8,3,-3,8.6270241,1175.2,19.7,0.11452682
2406,3580.4,-1.9,-2.4,8.6144424,1175.9,19.7,0.1139994
2408.9,3577.7,2.9,-2.7,8.6183215,1176.6,19.7,0.11347197
2404.9,3575.7,-4,-2,8.5992009,1177.2,19.7,0.11301989
1108.1,3637.7,-1296.8,62,4.0309354,1177.6,19.7,0.11271851
-191.9,3703.4,-1300,65.7,-0.71068246,1177.5,19.7,0.11279385
-194,3707,-2.1,3.6,-0.719158,1177.5,19.7,0.11279385
-145,3707,49,0,-0.537515,1177.4,19.7,0.1128692
-146,3709,-1,2,-0.541514,1177.4,19.7,0.1128692
-143.9,3710.6,2.1,1.6,-0.53395534,1177.4,19.7,0.1128692
-146,3712.2,-2.1,1.6,-0.5419812,1177.3,19.7,0.11294454
367,3687.6,513,-24.6,1.3533492,1177.4,19.7,0.1128692
886.9,3662.2,519.9,-25.4,3.2480052,1177.6,19.7,0.11271851
886,3661.2,-0.9,-1,3.2438232,1177.9,19.7,0.11249247
889,3660.4,3,-0.8,3.2540956,1178.1,19.7,0.11234177
886,3659.9,-3,-0.5,3.2426714,1178.4,19.7,0.11211573
1468.9,3630.9,582.9,-29,5.333429,1178.8,19.7,0.11181435
1465.2,3629.2,-3.7,-1.7,5.3175038,1179.2,19.7,0.11151296
-560.9,3728.3,-2026.1,99.1,-2.0912035,1179.1,19.7,0.11158831
-565.9,3731.9,-5,3.6,-2.1118822,1178.9,19.7,0.111739
-564.9,3734.5,1,2.6,-2.1096191,1178.8,19.7,0.11181435
305,3693.2,869.9,-41.3,1.126426,1178.8,19.7,0.11181435
309,3692.9,4,-0.3,1.1411061,1178.9,19.7,0.111739
309,3693,0,0.1,1.141137,1179,19.7,0.11166365
303,3693.5,-6,0.5,1.1191305,1179.1,19.7,0.11158831
308,3693.5,5,0,1.137598,1179.2,19.7,0.11151296
306,3693.8,-2,0.3,1.1303028,1179.2,19.7,0.11151296
299.1,3694.5,-6.9,0.7,1.105025,1179.3,19.7,0.11143761
307,3694.3,7.9,-0.2,1.1341501,1179.4,19.7,0.11136227
1447.9,3638.5,1140.9,-55.8,5.2681841,1179.8,19.7,0.11106088
1442.9,3636.2,-5,-2.3,5.246673,1180.2,19.7,0.11075949
1441.9,3634.5,-1,-1.7,5.2405855,1180.6,19.7,0.11045811
1445.9,3632.6,4,-1.9,5.2523763,1181,19.7,0.11015672
1444.9,3631.3,-1,-1.3,5.2468654,1181.4,19.7,0.10985533
31,3699.6,-1413.9,68.3,0.1146876,1181.4,19.7,0.10985533
34,3701.5,3,1.9,0.125851,1181.4,19.7,0.10985533
35,3702.9,1,1.4,0.1296015,1181.5,19.7,0.10977999
34,3704.1,-1,1.2,0.1259394,1181.5,19.7,0.10977999
-204,3717.4,-238,13.3,-0.7583496,1181.4,19.7,0.10985533
-442.9,3730.6,-238.9,13.2,-1.6522827,1181.3,19.7,0.10993068
-443.9,3732.5,-1,1.9,-1.6568567,1181.2,19.7,0.11000603
-439.9,3733.9,4,1.4,-1.6425426,1181,19.7,0.11015672
-437,3735.1,2.9,1.2,-1.6322387,1180.9,19.7,0.11023207
-611,3745,-174,9.9,-2.288195,1180.8,19.7,0.11030741
-611,3746.6,0,1.6,-2.2891726,1180.6,19.7,0.11045811
-603,3747.8,8,1.2,-2.2599234,1180.4,19.7,0.1106088
-612,3749.6,-9,1.8,-2.2947552,1180.2,19.7,0.11075949
-611,3750.9,1,1.3,-2.2917999,1180.1,19.7,0.11083484
-604.9,3751.8,6.1,0.9,-2.2694638,1179.9,19.7,0.11098553
-605.9,3753.2,-1,1.4,-2.2740639,1179.7,19.7,0.11113623
-605.9,3754.4,0,1.2,-2.274791,1179.6,19.7,0.11121157
266,3712.2,871.9,-42.2,0.9874452,1179.6,19.7,0.11121157
263,3711.5,-3,-0.7,0.9761245,1179.7,19.7,0.11113623
270,3710.5,7,-1,1.001835,1179.8,19.7,0.11106088
265,3710.4,-5,-0.1,0.983256,1179.9,19.7,0.11098553
264,3710.2,-1,-0.2,0.9794928,1179.9,19.7,0.11098553
261,3710,-3,-0.2,0.96831,1180,19.7,0.11091019
268.1,3709.5,7.1,-0.5,0.99451695,1180.1,19.7,0.11083484
269.1,3709.3,1,-0.2,0.99817263,1180.1,19.7,0.11083484
264.1,3709.4,-5,0.1,0.97965254,1180.2,19.7,0.11075949
-103,3727.8,-367.1,18.4,-0.3839634,1180.2,19.7,0.11075949
-474,3746.7,-371,18.9,-1.7759358,1180.1,19.7,0.11083484
-476,3748.3,-2,1.6,-1.7841908,1179.9,19.7,0.11098553
-476.9,3749.5,-0.9,1.2,-1.7881365,1179.8,19.7,0.11106088
-480,3750.7,-3.1,1.2,-1.800336,1179.7,19.7,0.11113623
-476,3751.5,4,0.8,-1.785714,1179.5,19.7,0.11128692
-470.1,3752.2,5.9,0.7,-1.7639092,1179.4,19.7,0.11136227
2519.8,3606.3,2989.9,-145.9,9.0871547,1180,19.7,0.11091019
2515.9,3600.3,-3.9,-6,9.0579948,1180.7,19.7,0.11038276
2520.9,3595,5,-5.3,9.0626355,1181.4,19.7,0.10985533
2517.9,3591,-3,-4,9.0417789,1182.1,19.7,0.10932791
2509.9,3587.5,-8,-3.5,9.0042663,1182.8,19.7,0.10880048
2514.9,3583.8,5,-3.7,9.0128986,1183.5,19.7,0.10827306
2513.9,3580.6,-1,-3.2,9.0012703,1184.2,19.7,0.10774563
2512.9,3577.7,-1,-2.9,8.9904023,1184.9,19.7,0.1072182
2639.9,3568.5,127,-9.2,9.4204831,1185.7,19.7,0.10661543
2635,3565.8,-4.9,-2.7,9.395883,1186.4,19.7,0.106088
2633,3562.9,-2,-2.9,9.3811157,1187.1,19.7,0.10556058
2632,3560.3,-1,-2.6,9.3707096,1187.9,19.7,0.10495781
2633,3557.5,1,-2.8,9.3668975,1188.6,19.7,0.10443038
2637.1,3554.6,4.1,-2.9,9.3738357,1189.3,19.7,0.10390295
2958.1,3536,321,-18.6,10.459842,1190.1,19.7,0.10330018
2962,3532.4,3.9,-3.6,10.462969,1191,19.7,0.10262206
1829,3585.8,-1133,53.4,6.5584282,1191.5,19.7,0.10224533
704.1,3641.8,-1124.9,56,2.5641914,1191.7,19.7,0.10209464
704,3644,-0.1,2.2,2.565376,1191.9,19.7,0.10194394
703,3645.5,-1,1.5,2.5627865,1192.1,19.7,0.10179325
1166,3623.4,463,-22.1,4.2248844,1192.4,19.7,0.10156721
1162,3623.3,-4,-0.1,4.2102746,1192.7,19.7,0.10134117
1161,3623.1,-1,-0.2,4.2064191,1193,19.7,0.10111513
1167,3622.6,6,-0.5,4.2275742,1193.4,19.8,0.10081374
1167,3622.3,0,-0.3,4.2272241,1193.7,19.8,0.1005877
1162.1,3622.3,-4.9,0,4.2094748,1194,19.8,0.10036166
1167.1,3621.8,5,-0.5,4.2270028,1194.3,19.8,0.10013562
779.2,3640.8,-387.9,19,2.8369114,1194.5,19.8,0.099984931
780.1,3641.4,0.9,0.6,2.8406561,1194.8,19.8,0.099758891
767.1,3642.4,-13,1,2.794085,1195,19.8,0.099608198
779.1,3642.2,12,-0.2,2.837638,1195.2,19.8,0.099457505
1212.9,3620.9,433.8,-21.3,4.3917896,1195.5,19.8,0.099231465
1649.9,3598.3,437,-22.6,5.9368352,1196,19.8,0.098854732
1647,3596.6,-2.9,-1.7,5.9236002,1196.4,19.8,0.098553345
1623.9,3596.2,-23.1,-0.4,5.8398692,1196.9,19.8,0.098176612
1619,3595.1,-4.9,-1.1,5.8204669,1197.3,19.8,0.097875226
1615.9,3594,-3.1,-1.1,5.8075446,1197.8,19.8,0.097498493
1618.9,3592.7,3,-1.3,5.816222,1198.2,19.8,0.097197107
1620,3591.6,1.1,-1.1,5.818392,1198.7,19.8,0.096820374
1616,3590.6,-4,-1,5.8024096,1199.1,19.8,0.096518987
1620.9,3589.3,4.9,-1.3,5.8178964,1199.6,19.8,0.096142254
1617,3588.4,-3.9,-0.9,5.8024428,1200,19.8,0.095840868
1617,3587.4,0,-1,5.8008258,1200.5,19.8,0.095464135
-67,3671.5,-1684,84.1,-0.2459905,1200.5,19.8,0.095464135
1381.8,3601.8,1448.8,-69.7,4.9769672,1200.9,19.8,0.095162749
2844.9,3526.8,1463.1,-75,10.033393,1201.7,19.8,0.094559976
2850.9,3521.7,6,-5.1,10.040015,1202.5,19.8,0.093957203
2842,3517.9,-8.9,-3.8,9.9978718,1203.3,19.8,0.09335443
2848.9,3513.8,6.9,-4.1,10.010465,1204,19.8,0.092827004
2851,3510.2,2.1,-3.6,10.00758,1204.8,19.8,0.092224231
2843,3507.1,-8,-3.1,9.9706853,1205.6,19.8,0.091621459
2847.1,3503.7,4.1,-3.4,9.9753843,1206.4,19.8,0.091018686
2631.1,3511.5,-216,7.8,9.2391076,1207.1,19.8,0.09049126
2412,3520.3,-219.1,8.8,8.4909636,1207.8,19.8,0.089963834
2409,3518.5,-3,-1.8,8.4760665,1208.5,19.8,0.089436407
2407.9,3516.7,-1.1,-1.8,8.4678619,1209.2,19.8,0.088908981
2406.9,3514.6,-1,-2.1,8.4592907,1209.8,19.8,0.088456902
2407.9,3512.6,1,-2,8.4579895,1210.5,19.8,0.087929476
2414.9,3510.1,7,-2.5,8.4765405,1211.2,19.8,0.087402049
2408.9,3508.3,-6,-1.8,8.4511439,1211.8,19.8,0.08694997
2410.1,3506.3,1.2,-2,8.4505336,1212.5,19.8,0.086422544
-619,3660.6,-3029.1,154.3,-2.2659114,1212.4,19.8,0.08649789
-618,3667.4,1,6.8,-2.2664532,1212.2,19.8,0.086648583
-614,3672.3,4,4.9,-2.2547922,1212,19.8,0.086799277
680.9,3610.7,1294.9,-61.6,2.4585256,1212.2,19.8,0.086648583
677.1,3611.1,-3.8,0.4,2.4450758,1212.4,19.8,0.08649789
680,3611.6,2.9,0.5,2.455888,1212.6,19.8,0.086347197
2410.8,3524.2,1730.8,-87.4,8.4961414,1213.2,19.8,0.085895118
2415,3519.5,4.2,-4.7,8.4995925,1213.9,19.9,0.085367691
-810,3680.6,-3225,161.1,-2.981286,1213.7,19.9,0.085518385
-806,3686.5,4,5.9,-2.971319,1213.5,19.9,0.085669078
157.1,3642,963.1,-44.5,0.5721582,1213.5,19.9,0.085669078
158.1,3643.4,1,1.4,0.57602154,1213.6,19.9,0.085593731
156.1,3645,-2,1.6,0.5689845,1213.6,19.9,0.085593731
162.1,3646.1,6,1.1,0.59103281,1213.7,19.9,0.085518385
160.1,3647.5,-2,1.4,0.58396475,1213.7,19.9,0.085518385
168,3648.4,7.9,0.9,0.6129312,1213.7,19.9,0.085518385
1953.8,3559.9,1785.8,-88.5,6.9553326,1214.3,19.9,0.085066305
1952,3555.9,-1.8,-4,6.9411168,1214.8,19.9,0.084689572
1956,3552.6,4,-3.3,6.9488856,1215.4,19.9,0.084237492
1955,3549.9,-1,-2.7,6.9400545,1215.9,19.9,0.083860759
1657,3562.6,-298,12.7,5.9032282,1216.4,19.9,0.083484027
1660,3561,3,-1.6,5.91126,1216.8,19.9,0.08318264
-692.9,3679.2,-2352.9,118.2,-2.5493177,1216.7,19.9,0.083257987
-704.9,3685.2,-12,6,-2.5976975,1216.5,19.9,0.08340868
-698,3688.9,6.9,3.7,-2.5748522,1216.3,19.9,0.083559373
-698,3692.5,0,3.6,-2.577365,1216.1,19.9,0.083710066
919,3614.1,1617,-78.4,3.3213579,1216.3,19.9,0.083559373
915.1,3612.6,-3.9,-1.5,3.3058903,1216.6,19.9,0.083333333
1213.9,3596.7,298.8,-15.9,4.3660341,1216.9,19.9,0.083107294
1214,3595.1,0.1,-1.6,4.3644514,1217.2,19.9,0.082881254
1210,3594.1,-4,-1,4.348861,1217.6,19.9,0.082579867
1217.1,3592.6,7.1,-1.5,4.3725535,1217.9,19.9,0.082353828
1207.1,3592.1,-10,-0.5,4.3360239,1218.2,19.9,0.082127788
1213.1,3590.8,6,-1.3,4.3559995,1218.6,19.9,0.081826401
1211,3590,-2.1,-0.8,4.34749,1218.9,19.9,0.081600362
1213.1,3589.1,2.1,-0.9,4.3539372,1219.2,19.9,0.081374322
1205.1,3588.6,-8,-0.5,4.3246219,1219.6,19.9,0.081072936
1211,3587.5,5.9,-1.1,4.3444625,1219.9,19.9,0.080846896
-433.9,3670.4,-1644.9,82.9,-1.5925866,1219.8,19.9,0.080922242
-421.9,3673.6,12,3.2,-1.5498918,1219.7,19.9,0.080997589
-421,3676.7,0.9,3.1,-1.5478907,1219.6,19.9,0.081072936
-429.9,3679.7,-8.9,3,-1.581903,1219.5,19.9,0.081148282
-428,3682,1.9,2.3,-1.575896,1219.4,19.9,0.081223629
-421,3683.9,7,1.9,-1.5509219,1219.2,19.9,0.081374322
-421.9,3686,-0.9,2.1,-1.5551234,1219.1,19.9,0.081449668
-1112.9,3722.1,-691,36.1,-4.1423251,1218.8,19.9,0.081675708
-1111,3725.8,1.9,3.7,-4.1393638,1218.5,19.9,0.081901748
-1113.1,3729.1,-2.1,3.3,-4.1508612,1218.2,19.9,0.082127788
-1106.1,3731.7,7,2.6,-4.1276334,1217.9,19.9,0.082353828
-1107,3734.7,-0.9,3,-4.1343129,1217.6,19.9,0.082579867
-1112,3737.6,-5,2.9,-4.1562112,1217.3,19.9,0.082805907
-1106.1,3739.9,5.9,2.3,-4.1367034,1217,19.9,0.083031947
-1116,3742.8,-9.9,2.9,-4.1769648,1216.7,19.9,0.083257987
-845,3732,271,-10.8,-3.15354,1216.4,19.9,0.083484027
-575,3720.3,270,-11.7,-2.1391725,1216.3,19.9,0.083559373
-573.9,3721.3,1.1,1,-2.1356541,1216.1,19.9,0.083710066
-578,3722.5,-4.1,1.2,-2.151605,1215.9,19.9,0.083860759
-581,3723.9,-3,1.4,-2.1635859,1215.8,19.9,0.083936106
-574.9,3724.7,6.1,0.8,-2.14133,1215.6,19.9,0.084086799
-577.9,3726.1,-3,1.4,-2.1533132,1215.5,19.9,0.084162146
-582.9,3727.5,-5,1.4,-2.1727597,1215.3,19.9,0.084312839
-572,3728.1,10.9,0.6,-2.1324732,1215.1,19.9,0.084463532
-576.9,3729.5,-4.9,1.4,-2.1515485,1215,19.9,0.084538879
-757.9,3739.4,-181,9.9,-2.8340913,1214.8,19.9,0.084689572
-755,3740.9,2.9,1.5,-2.8243795,1214.6,19.9,0.084840265
-752,3742.2,3,1.3,-2.8141344,1214.4,19.9,0.084990958
-750,3743.4,2,1.2,-2.80755,1214.1,19.9,0.085216998
-759,3745.2,-9,1.8,-2.8426068,1213.9,19.9,0.085367691
62,3705.7,821,-39.5,0.2297534,1213.9,19.9,0.085367691
872,3665.2,810,-40.5,3.1960544,1214.2,19.9,0.085141652
880,3662.2,8,-3,3.222736,1214.4,19.9,0.084990958
1061,3651.3,181,-10.9,3.8740293,1214.7,19.9,0.084764919
1059,3649.1,-2,-2.2,3.8643969,1215,19.9,0.084538879
1054.9,3647.4,-4.1,-1.7,3.8476423,1215.3,19.9,0.084312839
1064.9,3645,10,-2.4,3.8815605,1215.6,19.9,0.084086799
1063.9,3643.3,-1,-1.7,3.8761069,1215.9,19.9,0.083860759
1059,3641.9,-4.9,-1.4,3.8567721,1216.2,19.9,0.08363472
1058,3640.3,-1,-1.6,3.8514374,1216.5,19.9,0.08340868
1064,3638.6,6,-1.7,3.8714704,1216.8,19.9,0.08318264
1058,3637.3,-6,-1.3,3.8482634,1217.1,19.9,0.0829566
781,3649.7,-277,12.4,2.8504157,1217.3,19.9,0.082805907
501.1,3662.9,-279.9,13.2,1.8354792,1217.4,19.8,0.082730561
491.1,3663.4,-10,0.5,1.7990957,1217.5,19.8,0.082655214
1395,3618.7,903.9,-44.7,5.0480865,1217.9,19.8,0.082353828
1396,3616,1,-2.7,5.047936,1218.3,19.8,0.082052441
1399,3613.6,3,-2.4,5.0554264,1218.7,19.8,0.081751055
1396,3611.7,-3,-1.9,5.0419332,1219.1,19.8,0.081449668
1397,3609.7,1,-2,5.0427509,1219.5,19.8,0.081148282
1395,3607.9,-2,-1.8,5.0330205,1219.9,19.8,0.080846896
964,3627.7,-431,19.8,3.4971028,1220.1,19.8,0.080696203
526.1,3648.9,-437.9,21.2,1.9196863,1220.3,19.8,0.080545509
526.1,3649.4,0,0.5,1.9199493,1220.4,19.8,0.080470163
529.1,3649.5,3,0.1,1.9309505,1220.6,19.8,0.08031947
1043.9,3624,514.8,-25.5,3.7830936,1220.9,19.8,0.08009343
1042,3622.7,-1.9,-1.3,3.7748534,1221.2,19.8,0.07986739
1051,3621.1,9,-1.6,3.8057761,1221.5,19.8,0.07964135
1050.1,3620,-0.9,-1.1,3.801362,1221.7,19.8,0.079490657
1043.1,3619.3,-7,-0.7,3.7752918,1222,19.8,0.079264617
1041.1,3618.4,-2,-0.9,3.7671162,1222.3,19.8,0.079038577
1046,3617.1,4.9,-1.3,3.7834866,1222.6,19.8,0.078812538
1052,3615.8,6,-1.3,3.8038216,1222.9,19.8,0.078586498
1043,3615.3,-9,-0.5,3.7707579,1223.2,19.8,0.078360458
2473.8,3542.6,1430.8,-72.7,8.7636839,1223.9,19.8,0.077833032
2475.9,3537.4,2.1,-5.2,8.7582487,1224.6,19.8,0.077305606
2473.9,3533,-2,-4.4,8.7402887,1225.3,19.9,0.07677818
2473.9,3529,0,-4,8.7303931,1225.9,19.9,0.0763261
2086.9,3544.6,-387,15.6,7.3972257,1226.5,19.9,0.07587402
2087.9,3542.1,1,-2.5,7.3955506,1227.1,19.9,0.075421941
-110.1,3651.3,-2198,109.2,-0.40200813,1227.1,19.9,0.075421941
-112,3655.2,-1.9,3.9,-0.4093824,1227.1,19.9,0.075421941
-113,3658,-1,2.8,-0.413354,1227,19.9,0.075497288
-119,3660.6,-6,2.6,-0.4356114,1227,19.9,0.075497288
-116.1,3662.4,2.9,1.8,-0.42520464,1227,19.9,0.075497288
-117.1,3664.1,-1,1.7,-0.42906611,1226.9,19.9,0.075572634
-114,3665.6,3.1,1.5,-0.4178784,1226.9,19.9,0.075572634
-115,3667.1,-1,1.5,-0.4217165,1226.9,19.9,0.075572634
-116,3668.5,-1,1.4,-0.425546,1226.8,19.9,0.075647981
-115,3669.7,1,1.2,-0.4220155,1226.8,19.9,0.075647981
-116,3671,-1,1.3,-0.425836,1226.8,19.9,0.075647981
-116,3672.2,0,1.2,-0.4259752,1226.7,19.9,0.075723327
-115.1,3673.2,0.9,1,-0.42278532,1226.7,19.9,0.075723327
-115.1,3674.3,0,1.1,-0.42291193,1226.7,19.9,0.075723327
-115,3675.2,0.1,0.9,-0.422648,1226.7,19.9,0.075723327
-108.9,3675.9,6.1,0.7,-0.40030551,1226.6,19.9,0.075798674
-117,3677.3,-8.1,1.4,-0.4302441,1226.6,19.9,0.075798674
-114,3678,3,0.7,-0.419292,1226.6,19.9,0.075798674
-220,3684.2,-106,6.2,-0.810524,1226.5,19.9,0.07587402
-213,3684.9,7,0.7,-0.7848837,1226.4,19.9,0.075949367
-217.1,3686.1,-4.1,1.2,-0.80025231,1226.4,19.9,0.075949367
-213.1,3687,4,0.9,-0.7856997,1226.3,19.9,0.076024714
-221,3688.3,-7.9,1.3,-0.8151143,1226.3,19.9,0.076024714
-213.9,3688.9,7.1,0.6,-0.78905571,1226.2,19.9,0.07610006
-222.9,3690.2,-9,1.3,-0.82254558,1226.1,19.9,0.076175407
-214.9,3690.7,8,0.5,-0.79313143,1226.1,19.9,0.076175407
-215,3691.6,-0.1,0.9,-0.793694,1226,19.9,0.076250753
-218,3692.6,-3,1,-0.8049868,1226,19.9,0.076250753
-1338.9,3748.8,-1120.9,56.2,-5.0192683,1225.6,19.9,0.07655214
-1339,3752.5,-0.1,3.7,-5.0245975,1225.2,19.9,0.076853526
1392.9,3620,2731.9,-132.5,5.042298,1225.6,19.9,0.07655214
1394,3615.4,1.1,-4.6,5.0398676,1225.9,19.8,0.0763261
1397,3611.9,3,-3.5,5.0458243,1226.3,19.8,0.076024714
1396,3609,-1,-2.9,5.038164,1226.7,19.8,0.075723327
1400,3606.2,4,-2.8,5.04868,1227.1,19.8,0.075421941
1393.1,3604,-6.9,-2.2,5.0207324,1227.5,19.8,0.075120555
2013.8,3570.6,620.7,-33.4,7.1904743,1228.1,19.8,0.074668475
2012.9,3566.7,-0.9,-3.9,7.1794104,1228.6,19.8,0.074291742
2012.9,3563,0,-3.7,7.1719627,1229.2,19.8,0.073839662
2008.9,3559.8,-4,-3.2,7.1512822,1229.7,19.8,0.073462929
2013,3556.3,4.1,-3.5,7.1588319,1230.3,19.8,0.07301085
2021,3552.8,8,-3.5,7.1802088,1230.9,19.8,0.07255877
2015,3549.9,-6,-2.9,7.1530485,1231.4,19.8,0.072182037
2017,3546.9,2,-3,7.1540973,1232,19.8,0.071729958
2015,3544,-2,-2.9,7.14116,1232.5,19.8,0.071353225
880.1,3598.7,-1134.9,54.7,3.1672159,1232.8,19.8,0.071127185
-256,3657.4,-1136.1,58.7,-0.9362944,1232.8,19.8,0.071127185
-262,3661.2,-6,3.8,-0.9592344,1232.7,19.8,0.071202532
-260,3663.7,2,2.5,-0.952562,1232.6,19.8,0.071277878
920.9,3605.9,1180.9,-57.8,3.3206733,1232.8,19.8,0.071127185
2103.8,3544.5,1182.9,-61.4,7.4569191,1233.4,19.8,0.070675105
2104.8,3539.6,1,-4.9,7.4501501,1234,19.8,0.070223026
2108.9,3535.4,4.1,-4.2,7.4558051,1234.6,19.8,0.069770946
2106.8,3531.8,-2.1,-3.6,7.4407962,1235.2,19.8,0.069318867
2104.8,3528.4,-2,-3.4,7.4265763,1235.8,19.8,0.068866787
2106.8,3525,2,-3.4,7.42647,1236.3,19.8,0.068490054
2109.8,3521.6,3,-3.4,7.4298717,1236.9,19.8,0.068037975
2973.8,3474,864,-47.6,10.330981,1237.8,19.8,0.067359855
2981.9,3467.3,8.1,-6.7,10.339142,1238.6,19.8,0.066757083
2979.1,3461.7,-2.8,-5.6,10.31275,1239.4,19.8,0.06615431
2979.1,3456.4,0,-5.3,10.296961,1240.2,19.8,0.065551537
2978.1,3451,-1,-5.4,10.277423,1241.1,19.9,0.064873418
2984,3445.5,5.9,-5.5,10.281372,1241.9,19.9,0.064270645
2977.1,3440.6,-6.9,-4.9,10.24301,1242.7,19.9,0.063667872
2977.1,3435.5,0,-5.1,10.227827,1243.5,19.9,0.063065099
2980,3430.3,2.9,-5.2,10.222294,1244.4,19.9,0.06238698
1539.1,3501.8,-1440.9,71.5,5.3896204,1244.8,19.9,0.062085594
82,3579.1,-1457.1,77.3,0.2934862,1244.8,19.9,0.062085594
87,3583.5,5,4.4,0.3117645,1244.9,19.9,0.062010247
86,3587.1,-1,3.6,0.3084906,1244.9,19.9,0.062010247
79,3590.3,-7,3.2,0.2836337,1244.9,19.9,0.062010247
81,3592.6,2,2.3,0.2910006,1244.9,19.9,0.062010247
84,3594.6,3,2,0.3019464,1245,19.9,0.061934901
89,3596.4,5,1.8,0.3200796,1245,19.9,0.061934901
81,3598.5,-8,2.1,0.2914785,1245,19.9,0.061934901
-419.1,3626.5,-500.1,28,-1.5198661,1244.9,19.9,0.062010247
-420,3629.6,-0.9,3.1,-1.524432,1244.8,19.9,0.062085594
-422,3632.6,-2,3,-1.5329572,1244.7,19.9,0.06216094
-424,3635.1,-2,2.5,-1.5412824,1244.6,19.9,0.062236287
-416,3637.2,8,2.1,-1.5130752,1244.4,19.9,0.06238698
-425,3639.7,-9,2.5,-1.5468725,1244.3,19.9,0.062462327
-415,3641.4,10,1.7,-1.511181,1244.2,19.9,0.062537673
421.9,3600.2,836.9,-41.2,1.5189244,1244.3,19.9,0.062462327
423,3599.4,1.1,-0.8,1.5225462,1244.4,19.9,0.06238698
423.1,3599.1,0.1,-0.3,1.5227792,1244.5,19.9,0.062311634
422.1,3599,-1,-0.1,1.5191379,1244.7,19.9,0.06216094
424,3598.7,1.9,-0.3,1.5258488,1244.8,19.9,0.062085594
427,3598.6,3,-0.1,1.5366022,1244.9,19.9,0.062010247
421,3598.9,-6,0.3,1.5151369,1245,19.9,0.061934901
422,3598.8,1,-0.1,1.5186936,1245.1,19.9,0.061859554
426,3598.6,4,-0.2,1.5330036,1245.2,19.9,0.061784207
1707.8,3533.1,1281.8,-65.5,6.0338282,1245.7,19.9,0.061407474
1704,3529,-3.8,-4.1,6.013416,1246.2,19.9,0.061030741
192.1,3603,-1511.9,74,0.6921363,1246.2,19.9,0.061030741
189,3605,-3.1,2,0.681345,1246.3,19.9,0.060955395
191,3606,2,1,0.688746,1246.3,19.9,0.060955395
188,3607.1,-3,1.1,0.6781348,1246.4,19.9,0.060880048
1099,3561.4,911,-45.7,3.9139786,1246.7,19.9,0.060654008
1104,3558.8,5,-2.6,3.9289152,1247,19.9,0.060427969
1098.9,3557.2,-5.1,-1.6,3.9090071,1247.3,19.9,0.060201929
1104,3555.3,5.1,-1.9,3.9250512,1247.6,19.9,0.059975889
1101,3553.8,-3,-1.5,3.9127338,1247.9,19.9,0.059749849
1103.1,3552.2,2.1,-1.6,3.9184318,1248.2,19.9,0.05952381
1104.1,3550.7,1,-1.5,3.9203279,1248.5,19.9,0.05929777
1105,3549.2,0.9,-1.5,3.921866,1248.8,19.9,0.05907173
1105.1,3547.8,0.1,-1.4,3.9206738,1249.2,19.9,0.058770344
643.1,3570.3,-462,22.5,2.2960599,1249.3,19.9,0.058694997
646,3570.3,2.9,0,2.3064138,1249.5,19.9,0.058544304
345,3585.8,-301,15.5,1.237101,1249.6,19.9,0.058468957
32,3602.8,-313,17,0.1152896,1249.6,19.9,0.058468957
37,3604.2,5,1.4,0.1333554,1249.6,19.9,0.058468957
35,3605.7,-2,1.5,0.1261995,1249.6,19.9,0.058468957
39,3606.6,4,0.9,0.1406574,1249.7,19.9,0.058393611
32,3608.1,-7,1.5,0.1154592,1249.7,19.9,0.058393611
38,3608.8,6,0.7,0.1371344,1249.7,19.9,0.058393611
41,3609.6,3,0.8,0.1479936,1249.7,19.9,0.058393611
35,3610.7,-6,1.1,0.1263745,1249.7,19.9,0.058393611
35,3611.6,0,0.9,0.126406,1249.7,19.9,0.058393611
38,3612.2,3,0.6,0.1372636,1249.7,19.9,0.058393611
38,3613,0,0.8,0.137294,1249.7,19.9,0.058393611
33,3613.9,-5,0.9,0.1192587,1249.7,19.9,0.058393611
35,3614.5,2,0.6,0.1265075,1249.8,19.9,0.058318264
32,3615.3,-3,0.8,0.1156896,1249.8,19.9,0.058318264
37,3615.7,5,0.4,0.1337809,1249.8,19.9,0.058318264
35,3616.4,-2,0.7,0.126574,1249.8,19.9,0.058318264
35,3617,0,0.6,0.126595,1249.8,19.9,0.058318264
35,3617.6,0,0.6,0.126616,1249.8,19.9,0.058318264
39,3618,4,0.4,0.141102,1249.8,19.9,0.058318264
35,3618.7,-4,0.7,0.1266545,1249.8,19.9,0.058318264
41,3619,6,0.3,0.148379,1249.8,19.9,0.058318264
41,3619.4,0,0.4,0.1483954,1249.8,19.9,0.058318264
36,3620.2,-5,0.8,0.1303272,1249.9,19.9,0.058242917
31,3620.9,-5,0.7,0.1122479,1249.9,19.9,0.058242917
36,3621.1,5,0.2,0.1303596,1249.9,19.9,0.058242917
39,3621.4,3,0.3,0.1412346,1249.9,19.9,0.058242917
34,3622.1,-5,0.7,0.1231514,1249.9,19.9,0.058242917
36,3622.4,2,0.3,0.1304064,1249.9,19.9,0.058242917
34,3623,-2,0.6,0.123182,1249.9,19.9,0.058242917
27,3623.7,-7,0.7,0.0978399,1249.9,19.9,0.058242917
38,3623.6,11,-0.1,0.1376968,1249.9,19.9,0.058242917
35,3624.2,-3,0.6,0.126847,1249.9,19.9,0.058242917
39,3624.3,4,0.1,0.1413477,1249.9,19.9,0.058242917
35,3624.9,-4,0.6,0.1268715,1250,19.9,0.058167571
35,3625.2,0,0.3,0.126882,1250,19.9,0.058167571
38,3625.4,3,0.2,0.1377652,1250,19.9,0.058167571
35,3625.9,-3,0.5,0.1269065,1250,19.9,0.058167571
31,3626.5,-4,0.6,0.1124215,1250,19.9,0.058167571
43,3626.1,12,-0.4,0.1559223,1250,19.9,0.058167571
34,3626.9,-9,0.8,0.1233146,1250,19.9,0.058167571
36,3627.1,2,0.2,0.1305756,1250,19.9,0.058167571
39,3627.3,3,0.2,0.1414647,1250,19.9,0.058167571
38,3627.6,-1,0.3,0.1378488,1250.1,19.9,0.058092224
32,3628.2,-6,0.6,0.1161024,1250.1,19.9,0.058092224
36,3628.3,4,0.1,0.1306188,1250.1,19.9,0.058092224
38,3628.5,2,0.2,0.137883,1250.1,19.9,0.058092224
34,3628.9,-4,0.4,0.1233826,1250.1,19.9,0.058092224
36,3629.1,2,0.2,0.1306476,1250.1,19.9,0.058092224
36,3629.3,0,0.2,0.1306548,1250.1,19.9,0.058092224
35,3629.7,-1,0.4,0.1270395,1250.1,19.9,0.058092224
38,3629.7,3,0,0.1379286,1250.1,19.9,0.058092224
33,3630.3,-5,0.6,0.1197999,1250.1,19.9,0.058092224
35,3630.4,2,0.1,0.127064,1250.1,19.9,0.058092224
31,3630.8,-4,0.4,0.1125548,1250.2,19.9,0.058016878
32,3631,1,0.2,0.116192,1250.2,19.9,0.058016878
28,3631.5,-4,0.5,0.101682,1250.2,19.9,0.058016878
31,3631.5,3,0,0.1125765,1250.2,19.9,0.058016878
38,3631.4,7,-0.1,0.1379932,1250.2,19.9,0.058016878
35,3631.7,-3,0.3,0.1271095,1250.2,19.9,0.058016878
35,3631.9,0,0.2,0.1271165,1250.2,19.9,0.058016878
38,3632,3,0.1,0.138016,1250.2,19.9,0.058016878
35,3632.3,-3,0.3,0.1271305,1250.2,19.9,0.058016878
33,3632.6,-2,0.3,0.1198758,1250.2,19.9,0.058016878
39,3632.5,6,-0.1,0.1416675,1250.3,19.9,0.057941531
30,3633.1,-9,0.6,0.108993,1250.3,19.9,0.057941531
34,3633.1,4,0,0.1235254,1250.3,19.9,0.057941531
38,3633.1,4,0,0.1380578,1250.3,19.9,0.057941531
40,3633.2,2,0.1,0.145328,1250.3,19.9,0.057941531
36,3633.5,-4,0.3,0.130806,1250.3,19.9,0.057941531
33,3633.9,-3,0.4,0.1199187,1250.3,19.9,0.057941531
38,3633.7,5,-0.2,0.1380806,1250.3,19.8,0.057941531
30,3634.3,-8,0.6,0.109029,1250.3,19.8,0.057941531
36,3634.1,6,-0.2,0.1308276,1250.3,19.8,0.057941531
38,3634.2,2,0.1,0.1380996,1250.4,19.8,0.057866184
41,3634.2,3,0,0.1490022,1250.4,19.8,0.057866184
31,3634.8,-10,0.6,0.1126788,1250.4,19.8,0.057866184
33,3634.9,2,0.1,0.1199517,1250.4,19.8,0.057866184
36,3634.8,3,-0.1,0.1308528,1250.4,19.8,0.057866184
41,3634.8,5,0,0.1490268,1250.4,19.8,0.057866184
34,3635.2,-7,0.4,0.1235968,1250.4,19.8,0.057866184
37,3635.2,3,0,0.1345024,1250.4,19.8,0.057866184
36,3635.4,-1,0.2,0.1308744,1250.4,19.8,0.057866184
37,3635.5,1,0.1,0.1345135,1250.4,19.8,0.057866184
38,3635.5,1,0,0.138149,1250.5,19.8,0.057790838
37,3635.8,-1,0.3,0.1345246,1250.5,19.8,0.057790838
35,3635.9,-2,0.1,0.1272565,1250.5,19.8,0.057790838
38,3635.9,3,0,0.1381642,1250.5,19.8,0.057790838
34,3636.2,-4,0.3,0.1236308,1250.5,19.8,0.057790838
37,3636.2,3,0,0.1345394,1250.5,19.8,0.057790838
34,3636.4,-3,0.2,0.1236376,1250.5,19.8,0.057790838
33,3636.6,-1,0.2,0.1200078,1250.5,19.8,0.057790838
32,3636.8,-1,0.2,0.1163776,1250.5,19.8,0.057790838
36,3636.7,4,-0.1,0.1309212,1250.5,19.8,0.057790838
34,3636.9,-2,0.2,0.1236546,1250.5,19.8,0.057790838
30,3637.2,-4,0.3,0.109116,1250.6,19.8,0.057715491
36,3637,6,-0.2,0.130932,1250.6,19.8,0.057715491
37,3637,1,0,0.134569,1250.6,19.8,0.057715491
35,3637.3,-2,0.3,0.1273055,1250.6,19.8,0.057715491
36,3637.3,1,0,0.1309428,1250.6,19.8,0.057715491
37,3637.4,1,0.1,0.1345838,1250.6,19.8,0.057715491
36,3637.5,-1,0.1,0.13095,1250.6,19.8,0.057715491
35,3637.6,-1,0.1,0.127316,1250.6,19.8,0.057715491
37,3637.6,2,0,0.1345912,1250.6,19.8,0.057715491
36,3637.7,-1,0.1,0.1309572,1250.6,19.8,0.057715491
37,3637.8,1,0.1,0.1345986,1250.7,19.8,0.057640145
36,3637.9,-1,0.1,0.1309644,1250.7,19.8,0.057640145
34,3638,-2,0.1,0.123692,1250.7,19.8,0.057640145
34,3638.2,0,0.2,0.1236988,1250.7,19.8,0.057640145
38,3638.1,4,-0.1,0.1382478,1250.7,19.8,0.057640145
35,3638.2,-3,0.1,0.127337,1250.7,19.8,0.057640145
42,3638,7,-0.2,0.152796,1250.7,19.8,0.057640145
33,3638.5,-9,0.5,0.1200705,1250.7,19.8,0.057640145
33,3638.6,0,0.1,0.1200738,1250.7,19.8,0.057640145
36,3638.5,3,-0.1,0.130986,1250.7,19.8,0.057640145
33,3638.7,-3,0.2,0.1200771,1250.8,19.8,0.057564798
36,3638.7,3,0,0.1309932,1250.8,19.8,0.057564798
33,3638.9,-3,0.2,0.1200837,1250.8,19.8,0.057564798
35,3638.8,2,-0.1,0.127358,1250.8,19.8,0.057564798
36,3638.9,1,0.1,0.1310004,1250.8,19.8,0.057564798
34,3639,-2,0.1,0.123726,1250.8,19.8,0.057564798
40,3638.8,6,-0.2,0.145552,1250.8,19.8,0.057564798
37,3639,-3,0.2,0.134643,1250.8,19.8,0.057564798
30,3639.4,-7,0.4,0.109182,1250.8,19.8,0.057564798
33,3639.4,3,0,0.1201002,1250.8,19.8,0.057564798
34,3639.3,1,-0.1,0.1237362,1250.9,19.8,0.057489451
35,3639.4,1,0.1,0.127379,1250.9,19.8,0.057489451
38,3639.2,3,-0.2,0.1382896,1250.9,19.8,0.057489451
38,3639.3,0,0.1,0.1382934,1250.9,19.8,0.057489451
39,3639.3,1,0,0.1419327,1250.9,19.8,0.057489451
37,3639.5,-2,0.2,0.1346615,1250.9,19.8,0.057489451
35,3639.6,-2,0.1,0.127386,1250.9,19.8,0.057489451
37,3639.5,2,-0.1,0.1346615,1250.9,19.8,0.057489451
35,3639.7,-2,0.2,0.1273895,1250.9,19.8,0.057489451
36,3639.7,1,0,0.1310292,1250.9,19.8,0.057489451
36,3639.7,0,0,0.1310292,1251,19.8,0.057414105
36,3639.8,0,0.1,0.1310328,1251,19.8,0.057414105
31,3640.1,-5,0.3,0.1128431,1251,19.8,0.057414105
37,3639.9,6,-0.2,0.1346763,1251,19.8,0.057414105
37,3639.9,0,0,0.1346763,1251,19.8,0.057414105
40,3639.8,3,-0.1,0.145592,1251,19.8,0.057414105
86,3637.5,46,-2.3,0.312825,1251,19.8,0.057414105
89,3637.2,3,-0.3,0.3237108,1251.1,19.8,0.057338758
88,3637.2,-1,0,0.3200736,1251.1,19.8,0.057338758
86,3637.2,-2,0,0.3127992,1251.1,19.8,0.057338758
89,3637,3,-0.2,0.323693,1251.1,19.8,0.057338758
87,3637,-2,0,0.316419,1251.2,19.8,0.057263412
96,3636.5,9,-0.5,0.349104,1251.2,19.8,0.057263412
87,3636.9,-9,0.4,0.3164103,1251.2,19.8,0.057263412
93,3636.5,6,-0.4,0.3381945,1251.2,19.8,0.057263412
95,3636.4,2,-0.1,0.345458,1251.3,19.8,0.057188065
56,3638.2,-39,1.8,0.2037392,1251.3,19.8,0.057188065
26,3639.8,-30,1.6,0.0946348,1251.3,19.8,0.057188065
27,3640,1,0.2,0.09828,1251.3,19.8,0.057188065
24,3640.2,-3,0.2,0.0873648,1251.3,19.8,0.057188065
18,3640.6,-6,0.4,0.0655308,1251.3,19.8,0.057188065
29,3640.2,11,-0.4,0.1055658,1251.3,19.8,0.057188065
31,3640.1,2,-0.1,0.1128431,1251.3,19.8,0.057188065
28,3640.4,-3,0.3,0.1019312,1251.3,19.8,0.057188065
31,3640.2,3,-0.2,0.1128462,1251.3,19.8,0.057188065
22,3640.7,-9,0.5,0.0800954,1251.3,19.8,0.057188065
1599.9,3560,1577.9,-80.7,5.695644,1251.7,19.8,0.056886679
1602.9,3554.8,3,-5.2,5.6979889,1252.2,19.8,0.056509946
1605.9,3550.6,3,-4.2,5.7019085,1252.6,19.8,0.056208559
1603,3546.9,-2.9,-3.7,5.6856807,1253.1,19.8,0.055831826
1605.9,3543.2,2.9,-3.7,5.6900249,1253.5,19.8,0.05553044
1608,3539.7,2.1,-3.5,5.6918376,1254,19.8,0.055153707
1603,3536.5,-5,-3.2,5.6690095,1254.4,19.8,0.054852321
-244,3629.6,-1847,93.1,-0.8856224,1254.4,19.8,0.054852321
-241.1,3632.5,2.9,2.9,-0.87579575,1254.3,19.8,0.054927667
-239.1,3634.5,2,2,-0.86900895,1254.3,19.8,0.054927667
-151,3631.4,88.1,-3.1,-0.5483414,1254.2,19.8,0.055003014
-150,3632.6,1,1.2,-0.54489,1254.2,19.8,0.055003014
-149,3633.5,1,0.9,-0.5413915,1254.1,19.8,0.05507836
-144,3634,5,0.5,-0.523296,1254.1,19.8,0.05507836
822.9,3584.5,966.9,-49.5,2.949685,1254.3,19.8,0.054927667
830.1,3581.7,7.2,-2.8,2.9731692,1254.5,19.8,0.054776974
827,3579.8,-3.1,-1.9,2.9604946,1254.8,19.8,0.054550934
824,3578.3,-3,-1.5,2.9485192,1255,19.8,0.054400241
831,3576.4,7,-1.9,2.9719884,1255.2,19.8,0.054249548
828,3575,-3,-1.4,2.9601,1255.4,19.8,0.054098855
824.1,3573.8,-3.9,-1.2,2.9451686,1255.7,19.8,0.053872815
828,3572.1,3.9,-1.7,2.9576988,1255.9,19.8,0.053722122
1256.9,3548.5,428.9,-23.6,4.4601096,1256.3,19.8,0.053420735
1696.9,3522.8,440,-25.7,5.9778393,1256.7,19.8,0.053119349
1690,3519,-6.9,-3.8,5.94711,1257.2,19.8,0.052742616
1688.9,3515.5,-1.1,-3.5,5.937328,1257.7,19.8,0.052365883
1689.8,3511.9,0.9,-3.6,5.9344086,1258.1,19.8,0.052064497
1693.9,3508.2,4.1,-3.7,5.94254,1258.6,19.8,0.051687764
1694,3504.9,0.1,-3.3,5.9373006,1259.1,19.8,0.051311031
1697,3501.5,3,-3.4,5.9420455,1259.5,19.8,0.051009644
1698.9,3498.2,1.9,-3.3,5.943092,1260,19.8,0.050632911
126.1,3577.9,-1572.8,79.7,0.45117319,1260.1,19.8,0.050557565
127.2,3580.4,1.1,2.5,0.45542688,1260.1,19.8,0.050557565
130.1,3581.8,2.9,1.4,0.46599218,1260.1,19.8,0.050557565
1268,3523.3,1137.9,-58.5,4.4675444,1260.5,19.8,0.050256178
1270.9,3520,2.9,-3.3,4.473568,1260.8,19.8,0.050030139
1272,3517.4,1.1,-2.6,4.4741328,1261.2,19.8,0.049728752
1275.9,3515.6,3.9,-1.8,4.485554,1261.4,19.8,0.049578059
699.2,3553.5,-576.7,37.9,2.4846072,1261.4,19.8,0.049578059
699.9,3551.2,0.7,-2.3,2.4854849,1261.6,19.8,0.049427366
699.9,3549.7,0,-1.5,2.484435,1261.8,19.8,0.049276673
700,3548.4,0.1,-1.3,2.48388,1262,19.8,0.04912598
700,3547.4,0,-1,2.48318,1262.2,19.8,0.048975286
700,3546.4,0,-1,2.48248,1262.4,19.8,0.048824593
700,3545.4,0,-1,2.48178,1262.6,19.8,0.0486739
700,3544.5,0,-0.9,2.48115,1262.8,19.8,0.048523207
700,3543.6,0,-0.9,2.48052,1263,19.8,0.048372514
700,3542.6,0,-1,2.47982,1263.1,19.8,0.048297167
700,3541.7,0,-0.9,2.47919,1263.3,19.8,0.048146474
700,3540.9,0,-0.8,2.47863,1263.5,19.8,0.047995781
700,3539.9,0,-1,2.47793,1263.7,19.8,0.047845087
700,3539.1,0,-0.8,2.47737,1263.9,19.8,0.047694394
700,3538.2,0,-0.9,2.47674,1264.1,19.8,0.047543701
700,3537.3,0,-0.9,2.47611,1264.3,19.8,0.047393008
700,3536.4,0,-0.9,2.47548,1264.5,19.8,0.047242315
700,3535.6,0,-0.8,2.47492,1264.7,19.8,0.047091621
700,3534.7,0,-0.9,2.47429,1264.9,19.8,0.046940928
700,3533.9,0,-0.8,2.47373,1265.1,19.8,0.046790235
700,3532.9,0,-1,2.47303,1265.3,19.8,0.046639542
700,3532,0,-0.9,2.4724,1265.5,19.8,0.046488849
700,3531.2,0,-0.8,2.47184,1265.7,19.8,0.046338156
700,3530.3,0,-0.9,2.47121,1265.9,19.8,0.046187462
700,3529.4,0,-0.9,2.47058,1266.1,19.8,0.046036769
700,3528.6,0,-0.8,2.47002,1266.3,19.8,0.045886076
700,3527.7,0,-0.9,2.46939,1266.5,19.8,0.045735383
700,3526.9,0,-0.8,2.46883,1266.6,19.8,0.045660036
700,3526,0,-0.9,2.4682,1266.8,19.8,0.045509343
700,3525.1,0,-0.9,2.46757,1267,19.8,0.04535865
700,3524.2,0,-0.9,2.46694,1267.2,19.8,0.045207957
700,3523.3,0,-0.9,2.46631,1267.4,19.8,0.045057263
700,3522.4,0,-0.9,2.46568,1267.6,19.8,0.04490657
700,3521.6,0,-0.8,2.46512,1267.8,19.8,0.044755877
700,3520.7,0,-0.9,2.46449,1268,19.8,0.044605184
700,3519.8,0,-0.9,2.46386,1268.2,19.8,0.044454491
700,3518.9,0,-0.9,2.46323,1268.4,19.8,0.044303797
700,3518,0,-0.9,2.4626,1268.6,19.8,0.044153104
700,3517.2,0,-0.8,2.46204,1268.8,19.8,0.044002411
700,3516.3,0,-0.9,2.46141,1269,19.8,0.043851718
700,3515.4,0,-0.9,2.46078,1269.2,19.8,0.043701025
700,3514.5,0,-0.9,2.46015,1269.4,19.8,0.043550332
700,3513.6,0,-0.9,2.45952,1269.6,19.8,0.043399638
700,3512.7,0,-0.9,2.45889,1269.8,19.8,0.043248945
700,3511.8,0,-0.9,2.45826,1270,19.8,0.043098252
700,3510.9,0,-0.9,2.45763,1270.1,19.8,0.043022905
700,3510,0,-0.9,2.457,1270.3,19.8,0.042872212
700,3509.1,0,-0.9,2.45637,1270.5,19.8,0.042721519
700,3508.2,0,-0.9,2.45574,1270.7,19.8,0.042570826
700,3507.3,0,-0.9,2.45511,1270.9,19.8,0.042420133
700,3506.4,0,-0.9,2.45448,1271.1,19.8,0.042269439
700,3505.5,0,-0.9,2.45385,1271.3,19.8,0.042118746
700,3504.6,0,-0.9,2.45322,1271.5,19.8,0.041968053
700,3503.7,0,-0.9,2.45259,1271.7,19.8,0.04181736
700,3502.8,0,-0.9,2.45196,1271.9,19.8,0.041666667
700,3501.9,0,-0.9,2.45133,1272.1,19.8,0.041515973
700,3500.9,0,-1,2.45063,1272.3,19.8,0.04136528
700,3500,0,-0.9,2.45,1272.5,19.8,0.041214587
700,3499.1,0,-0.9,2.44937,1272.7,19.8,0.041063894
700,3498.1,0,-1,2.44867,1272.9,19.8,0.040913201
700,3497.3,0,-0.8,2.44811,1273.1,19.8,0.040762508
700,3496.3,0,-1,2.44741,1273.3,19.8,0.040611814
700,3495.3,0,-1,2.44671,1273.5,19.8,0.040461121
700,3494.4,0,-0.9,2.44608,1273.6,19.8,0.040385775
700,3493.5,0,-0.9,2.44545,1273.8,19.8,0.040235081
700,3492.6,0,-0.9,2.44482,1274,19.8,0.040084388
700,3491.6,0,-1,2.44412,1274.2,19.8,0.039933695
700,3490.6,0,-1,2.44342,1274.4,19.8,0.039783002
700,3489.7,0,-0.9,2.44279,1274.6,19.8,0.039632309
700,3488.7,0,-1,2.44209,1274.8,19.8,0.039481615
700,3487.8,0,-0.9,2.44146,1275,19.8,0.039330922
700,3486.9,0,-0.9,2.44083,1275.2,19.8,0.039180229
700,3485.8,0,-1.1,2.44006,1275.4,19.8,0.039029536
700,3484.9,0,-0.9,2.43943,1275.6,19.8,0.038878843
700,3484,0,-0.9,2.4388,1275.8,19.8,0.038728149
700,3483,0,-1,2.4381,1276,19.8,0.038577456
700,3482,0,-1,2.4374,1276.2,19.8,0.038426763
700,3481.1,0,-0.9,2.43677,1276.4,19.8,0.03827607
700,3480.1,0,-1,2.43607,1276.6,19.8,0.038125377
700,3479.1,0,-1,2.43537,1276.8,19.8,0.037974684
700,3478.1,0,-1,2.43467,1277,19.8,0.03782399
700,3477.2,0,-0.9,2.43404,1277.1,19.8,0.037748644
700,3476.2,0,-1,2.43334,1277.3,19.8,0.037597951
700,3475.1,0,-1.1,2.43257,1277.5,19.8,0.037447257
700,3474.2,0,-0.9,2.43194,1277.7,19.8,0.037296564
700,3473.2,0,-1,2.43124,1277.9,19.8,0.037145871
700,3472.2,0,-1,2.43054,1278.1,19.8,0.036995178
700,3471.1,0,-1.1,2.42977,1278.3,19.8,0.036844485
700,3470.2,0,-0.9,2.42914,1278.5,19.8,0.036693791
700,3469.2,0,-1,2.42844,1278.7,19.8,0.036543098
700,3468.2,0,-1,2.42774,1278.9,19.8,0.036392405
700,3467.1,0,-1.1,2.42697,1279.1,19.8,0.036241712
700,3466.1,0,-1,2.42627,1279.3,19.8,0.036091019
700,3465.1,0,-1,2.42557,1279.5,19.8,0.035940325
700,3464.1,0,-1,2.42487,1279.7,19.8,0.035789632
700,3463.1,0,-1,2.42417,1279.9,19.8,0.035638939
700,3462,0,-1.1,2.4234,1280.1,19.8,0.035488246
700,3461,0,-1,2.4227,1280.3,19.8,0.035337553
700,3460,0,-1,2.422,1280.5,19.8,0.03518686
700,3458.9,0,-1.1,2.42123,1280.6,19.8,0.035111513
700,3458,0,-0.9,2.4206,1280.8,19.8,0.03496082
700,3456.8,0,-1.2,2.41976,1281,19.8,0.034810127
700,3455.8,0,-1,2.41906,1281.2,19.8,0.034659433
700,3454.7,0,-1.1,2.41829,1281.4,19.8,0.03450874
700,3453.7,0,-1,2.41759,1281.6,19.8,0.034358047
700,3452.6,0,-1.1,2.41682,1281.8,19.8,0.034207354
700,3451.5,0,-1.1,2.41605,1282,19.8,0.034056661
700,3450.5,0,-1,2.41535,1282.2,19.8,0.033905967
700,3449.4,0,-1.1,2.41458,1282.4,19.8,0.033755274
700,3448.3,0,-1.1,2.41381,1282.6,19.8,0.033604581
700,3447.2,0,-1.1,2.41304,1282.8,19.8,0.033453888
700,3446.1,0,-1.1,2.41227,1283,19.8,0.033303195
700,3445.1,0,-1,2.41157,1283.2,19.8,0.033152502
700,3444,0,-1.1,2.4108,1283.4,19.8,0.033001808
700,3442.8,0,-1.2,2.40996,1283.6,19.8,0.032851115
700,3441.8,0,-1,2.40926,1283.8,19.8,0.032700422
700,3440.6,0,-1.2,2.40842,1284,19.8,0.032549729
700,3439.6,0,-1,2.40772,1284.1,19.8,0.032474382
700,3438.4,0,-1.2,2.40688,1284.3,19.8,0.032323689
700,3437.4,0,-1,2.40618,1284.5,19.8,0.032172996
700,3436.2,0,-1.2,2.40534,1284.7,19.8,0.032022303
700,3435.1,0,-1.1,2.40457,1284.9,19.8,0.031871609
700,3433.9,0,-1.2,2.40373,1285.1,19.8,0.031720916
700,3432.8,0,-1.1,2.40296,1285.3,19.8,0.031570223
700,3431.7,0,-1.1,2.40219,1285.5,19.8,0.03141953
700,3430.5,0,-1.2,2.40135,1285.7,19.8,0.031268837
700,3429.4,0,-1.1,2.40058,1285.9,19.8,0.031118143
700,3428.2,0,-1.2,2.39974,1286.1,19.8,0.03096745
700,3427.1,0,-1.1,2.39897,1286.3,19.8,0.030816757
700,3425.9,0,-1.2,2.39813,1286.5,19.8,0.030666064
700,3424.8,0,-1.1,2.39736,1286.7,19.8,0.030515371
700,3423.6,0,-1.2,2.39652,1286.9,19.8,0.030364678
700,3422.5,0,-1.1,2.39575,1287.1,19.8,0.030213984
700,3421.3,0,-1.2,2.39491,1287.3,19.8,0.030063291
700,3420.1,0,-1.2,2.39407,1287.5,19.8,0.029912598
700,3418.9,0,-1.2,2.39323,1287.6,19.8,0.029837251
700,3417.7,0,-1.2,2.39239,1287.8,19.8,0.029686558
700,3416.5,0,-1.2,2.39155,1288,19.8,0.029535865
700,3415.3,0,-1.2,2.39071,1288.2,19.8,0.029385172
700,3414.1,0,-1.2,2.38987,1288.4,19.8,0.029234479
700,3412.9,0,-1.2,2.38903,1288.6,19.8,0.029083785
700,3411.7,0,-1.2,2.38819,1288.8,19.8,0.028933092
700,3410.5,0,-1.2,2.38735,1289,19.8,0.028782399
700,3409.2,0,-1.3,2.38644,1289.2,19.8,0.028631706
700,3408,0,-1.2,2.3856,1289.4,19.8,0.028481013
700,3406.7,0,-1.3,2.38469,1289.6,19.8,0.028330319
700,3405.5,0,-1.2,2.38385,1289.8,19.8,0.028179626
700,3404.2,0,-1.3,2.38294,1290,19.8,0.028028933
700,3403,0,-1.2,2.3821,1290.2,19.8,0.02787824
700,3401.7,0,-1.3,2.38119,1290.4,19.8,0.027727547
700,3400.4,0,-1.3,2.38028,1290.6,19.8,0.027576854
700,3399.2,0,-1.2,2.37944,1290.8,19.8,0.02742616
700,3397.9,0,-1.3,2.37853,1291,19.8,0.027275467
700,3396.6,0,-1.3,2.37762,1291.1,19.8,0.027200121
700,3395.4,0,-1.2,2.37678,1291.3,19.8,0.027049427
700,3394,0,-1.4,2.3758,1291.5,19.8,0.026898734
700,3392.8,0,-1.2,2.37496,1291.7,19.8,0.026748041
700,3391.4,0,-1.4,2.37398,1291.9,19.8,0.026597348
700,3390.1,0,-1.3,2.37307,1292.1,19.8,0.026446655
700,3388.8,0,-1.3,2.37216,1292.3,19.8,0.026295961
700,3387.5,0,-1.3,2.37125,1292.5,19.8,0.026145268
700,3386.2,0,-1.3,2.37034,1292.7,19.8,0.025994575
700,3384.8,0,-1.4,2.36936,1292.9,19.8,0.025843882
700,3383.4,0,-1.4,2.36838,1293.1,19.8,0.025693189
700,3382.1,0,-1.3,2.36747,1293.3,19.8,0.025542495
700,3380.8,0,-1.3,2.36656,1293.5,19.8,0.025391802
700,3379.4,0,-1.4,2.36558,1293.7,19.8,0.025241109
700,3378,0,-1.4,2.3646,1293.9,19.8,0.025090416
700,3376.6,0,-1.4,2.36362,1294.1,19.8,0.024939723
700,3375.3,0,-1.3,2.36271,1294.3,19.8,0.02478903
700,3373.9,0,-1.4,2.36173,1294.5,19.8,0.024638336
700,3372.5,0,-1.4,2.36075,1294.6,19.8,0.02456299
700,3371.1,0,-1.4,2.35977,1294.8,19.8,0.024412297
700,3369.7,0,-1.4,2.35879,1295,19.8,0.024261603
700,3368.3,0,-1.4,2.35781,1295.2,19.8,0.02411091
700,3366.8,0,-1.5,2.35676,1295.4,19.8,0.023960217
700,3365.4,0,-1.4,2.35578,1295.6,19.8,0.023809524
700,3363.9,0,-1.5,2.35473,1295.8,19.8,0.023658831
700,3362.5,0,-1.4,2.35375,1296,19.8,0.023508137
700,3361.1,0,-1.4,2.35277,1296.2,19.8,0.023357444
700,3359.6,0,-1.5,2.35172,1296.4,19.8,0.023206751
700,3358.1,0,-1.5,2.35067,1296.6,19.8,0.023056058
700,3356.6,0,-1.5,2.34962,1296.8,19.8,0.022905365
700,3355.1,0,-1.5,2.34857,1297,19.8,0.022754671
700,3353.7,0,-1.4,2.34759,1297.2,19.8,0.022603978
700,3352.2,0,-1.5,2.34654,1297.4,19.8,0.022453285
700,3350.6,0,-1.6,2.34542,1297.6,19.8,0.022302592
700,3349.2,0,-1.4,2.34444,1297.8,19.8,0.022151899
700,3347.6,0,-1.6,2.34332,1298,19.8,0.022001206
700,3346,0,-1.6,2.3422,1298.1,19.8,0.021925859
700,3344.5,0,-1.5,2.34115,1298.3,19.8,0.021775166
700,3343,0,-1.5,2.3401,1298.5,19.8,0.021624473
700,3341.4,0,-1.6,2.33898,1298.7,19.8,0.021473779
700,3339.8,0,-1.6,2.33786,1298.9,19.8,0.021323086
700,3338.2,0,-1.6,2.33674,1299.1,19.8,0.021172393
700,3336.7,0,-1.5,2.33569,1299.3,19.8,0.0210217
700,3335.1,0,-1.6,2.33457,1299.5,19.8,0.020871007
700,3333.4,0,-1.7,2.33338,1299.7,19.8,0.020720313
700,3331.9,0,-1.5,2.33233,1299.9,19.8,0.02056962
700,3330.2,0,-1.7,2.33114,1300.1,19.8,0.020418927
700,3328.6,0,-1.6,2.33002,1300.3,19.8,0.020268234
700,3327,0,-1.6,2.3289,1300.5,19.8,0.020117541
700,3325.3,0,-1.7,2.32771,1300.7,19.8,0.019966847
700,3323.6,0,-1.7,2.32652,1300.9,19.8,0.019816154
700,3322,0,-1.6,2.3254,1301.1,19.8,0.019665461
700,3320.3,0,-1.7,2.32421,1301.3,19.8,0.019514768
700,3318.6,0,-1.7,2.32302,1301.5,19.8,0.019364075
700,3316.9,0,-1.7,2.32183,1301.6,19.8,0.019288728
700,3315.2,0,-1.7,2.32064,1301.8,19.8,0.019138035
700,3313.5,0,-1.7,2.31945,1302,19.8,0.018987342
700,3311.7,0,-1.8,2.31819,1302.2,19.8,0.018836649
700,3309.9,0,-1.8,2.31693,1302.4,19.8,0.018685955
700,3308.2,0,-1.7,2.31574,1302.6,19.8,0.018535262
700,3306.4,0,-1.8,2.31448,1302.8,19.8,0.018384569
700,3304.6,0,-1.8,2.31322,1303,19.8,0.018233876
700,3302.8,0,-1.8,2.31196,1303.2,19.8,0.018083183
700,3301,0,-1.8,2.3107,1303.4,19.8,0.017932489
700,3299.2,0,-1.8,2.30944,1303.6,19.8,0.017781796
700,3297.4,0,-1.8,2.30818,1303.8,19.8,0.017631103
700,3295.6,0,-1.8,2.30692,1304,19.8,0.01748041
700,3293.7,0,-1.9,2.30559,1304.2,19.8,0.017329717
700,3291.8,0,-1.9,2.30426,1304.4,19.8,0.017179024
700,3289.9,0,-1.9,2.30293,1304.6,19.8,0.01702833
700,3288.1,0,-1.8,2.30167,1304.8,19.8,0.016877637
700,3286.2,0,-1.9,2.30034,1305,19.8,0.016726944
700,3284.2,0,-2,2.29894,1305.1,19.8,0.016651597
700,3282.3,0,-1.9,2.29761,1305.3,19.8,0.016500904
700,3280.3,0,-2,2.29621,1305.5,19.8,0.016350211
700,3278.3,0,-2,2.29481,1305.7,19.8,0.016199518
700,3276.3,0,-2,2.29341,1305.9,19.8,0.016048825
700,3274.4,0,-1.9,2.29208,1306.1,19.8,0.015898131
700,3272.4,0,-2,2.29068,1306.3,19.8,0.015747438
700,3270.3,0,-2.1,2.28921,1306.5,19.8,0.015596745
700,3268.3,0,-2,2.28781,1306.7,19.8,0.015446052
700,3266.2,0,-2.1,2.28634,1306.9,19.8,0.015295359
700,3264.1,0,-2.1,2.28487,1307.1,19.8,0.015144665
700,3262,0,-2.1,2.2834,1307.3,19.8,0.014993972
700,3260,0,-2,2.282,1307.5,19.8,0.014843279
700,3257.8,0,-2.2,2.28046,1307.7,19.8,0.014692586
700,3255.7,0,-2.1,2.27899,1307.9,19.8,0.014541893
700,3253.6,0,-2.1,2.27752,1308.1,19.8,0.0143912
700,3251.4,0,-2.2,2.27598,1308.3,19.8,0.014240506
700,3249.2,0,-2.2,2.27444,1308.5,19.8,0.014089813
700,3247,0,-2.2,2.2729,1308.6,19.8,0.014014467
700,3244.8,0,-2.2,2.27136,1308.8,19.8,0.013863773
700,3242.5,0,-2.3,2.26975,1309,19.8,0.01371308
700,3240.2,0,-2.3,2.26814,1309.2,19.8,0.013562387
700,3238,0,-2.2,2.2666,1309.4,19.8,0.013411694
700,3235.6,0,-2.4,2.26492,1309.6,19.8,0.013261001
700,3233.3,0,-2.3,2.26331,1309.8,19.8,0.013110307
700,3231,0,-2.3,2.2617,1310,19.8,0.012959614
700,3228.6,0,-2.4,2.26002,1310.2,19.8,0.012808921
700,3226.2,0,-2.4,2.25834,1310.4,19.8,0.012658228
700,3223.8,0,-2.4,2.25666,1310.6,19.8,0.012507535
700,3221.4,0,-2.4,2.25498,1310.8,19.8,0.012356841
700,3218.9,0,-2.5,2.25323,1311,19.8,0.012206148
700,3216.5,0,-2.4,2.25155,1311.2,19.8,0.012055455
700,3213.9,0,-2.6,2.24973,1311.4,19.8,0.011904762
700,3211.4,0,-2.5,2.24798,1311.6,19.8,0.011754069
700,3208.9,0,-2.5,2.24623,1311.8,19.8,0.011603376
700,3206.2,0,-2.7,2.24434,1312,19.8,0.011452682
700,3203.6,0,-2.6,2.24252,1312.1,19.8,0.011377336
700,3201,0,-2.6,2.2407,1312.3,19.8,0.011226643
700,3198.3,0,-2.7,2.23881,1312.5,19.8,0.011075949
700,3195.7,0,-2.6,2.23699,1312.7,19.8,0.010925256
700,3192.9,0,-2.8,2.23503,1312.9,19.8,0.010774563
700,3190.1,0,-2.8,2.23307,1313.1,19.8,0.01062387
700,3187.4,0,-2.7,2.23118,1313.3,19.8,0.010473177
700,3184.6,0,-2.8,2.22922,1313.5,19.8,0.010322483
700,3181.7,0,-2.9,2.22719,1313.7,19.8,0.01017179
700,3178.8,0,-2.9,2.22516,1313.9,19.8,0.010021097
700,3175.8,0,-3,2.22306,1314.1,19.8,0.0098704039
700,3172.9,0,-2.9,2.22103,1314.3,19.8,0.0097197107
700,3169.9,0,-3,2.21893,1314.5,19.8,0.0095690175
700,3166.9,0,-3,2.21683,1314.7,19.8,0.0094183243
700,3163.7,0,-3.2,2.21459,1314.9,19.8,0.0092676311
700,3160.6,0,-3.1,2.21242,1315.1,19.8,0.0091169379
700,3157.4,0,-3.2,2.21018,1315.3,19.8,0.0089662447
700,3154.2,0,-3.2,2.20794,1315.5,19.8,0.0088155515
700,3150.9,0,-3.3,2.20563,1315.6,19.9,0.0087402049
700,3147.6,0,-3.3,2.20332,1315.8,19.9,0.0085895118
700,3144.2,0,-3.4,2.20094,1316,19.9,0.0084388186
700,3140.8,0,-3.4,2.19856,1316.2,19.9,0.0082881254
700,3137.3,0,-3.5,2.19611,1316.4,19.9,0.0081374322
700,3133.7,0,-3.6,2.19359,1316.6,19.9,0.007986739
700,3130.1,0,-3.6,2.19107,1316.8,19.9,0.0078360458
700,3126.4,0,-3.7,2.18848,1317,19.9,0.0076853526
700,3122.6,0,-3.8,2.18582,1317.2,19.9,0.0075346594
700,3118.8,0,-3.8,2.18316,1317.4,19.9,0.0073839662
700,3115,0,-3.8,2.1805,1317.6,19.9,0.0072332731
700,3111,0,-4,2.1777,1317.8,19.9,0.0070825799
700,3106.9,0,-4.1,2.17483,1318,19.9,0.0069318867
700,3102.7,0,-4.2,2.17189,1318.2,19.9,0.0067811935
700,3098.6,0,-4.1,2.16902,1318.4,19.9,0.0066305003
700,3094.3,0,-4.3,2.16601,1318.6,19.9,0.0064798071
700,3089.8,0,-4.5,2.16286,1318.8,19.9,0.0063291139
700,3085.3,0,-4.5,2.15971,1319,19.9,0.0061784207
700,3080.9,0,-4.4,2.15663,1319.1,19.9,0.0061030741
700,3076.2,0,-4.7,2.15334,1319.3,19.9,0.005952381
700,3071.3,0,-4.9,2.14991,1319.5,19.9,0.0058016878
700,3066.4,0,-4.9,2.14648,1319.7,19.9,0.0056509946
700,3061.6,0,-4.8,2.14312,1319.9,19.9,0.0055003014
700,3056.4,0,-5.2,2.13948,1320.1,19.9,0.0053496082
700,3051.2,0,-5.2,2.13584,1320.3,19.9,0.005198915
700,3045.8,0,-5.4,2.13206,1320.5,19.9,0.0050482218
700,3040.3,0,-5.5,2.12821,1320.7,19.9,0.0048975286
700,3034.8,0,-5.5,2.12436,1320.9,19.9,0.0047468354
700,3029,0,-5.8,2.1203,1321.1,19.9,0.0045961423
700,3023.1,0,-5.9,2.11617,1321.3,19.9,0.0044454491
700,3017,0,-6.1,2.1119,1321.5,19.9,0.0042947559
700,3011,0,-6,2.1077,1321.7,19.9,0.0041440627
700,3004.7,0,-6.3,2.10329,1321.9,19.9,0.0039933695
700,2998,0,-6.7,2.0986,1322.1,19.9,0.0038426763
700,2991.4,0,-6.6,2.09398,1322.3,19.9,0.0036919831
700,2984.6,0,-6.8,2.08922,1322.5,19.9,0.0035412899
700,2977.6,0,-7,2.08432,1322.6,19.9,0.0034659433
700,2970.3,0,-7.3,2.07921,1322.8,19.9,0.0033152502
700,2962.8,0,-7.5,2.07396,1323,19.9,0.003164557
700,2955.1,0,-7.7,2.06857,1323.2,19.9,0.0030138638
700,2947.4,0,-7.7,2.06318,1323.4,19.9,0.0028631706
700,2939.3,0,-8.1,2.05751,1323.6,19.9,0.0027124774
700,2930.9,0,-8.4,2.05163,1323.8,19.9,0.0025617842
700,2922.4,0,-8.5,2.04568,1324,19.9,0.002411091
700,2913.8,0,-8.6,2.03966,1324.2,19.9,0.0022603978
700,2904.7,0,-9.1,2.03329,1324.4,19.9,0.0021097046
700,2895.4,0,-9.3,2.02678,1324.6,19.9,0.0019590115
700,2886,0,-9.4,2.0202,1324.8,19.9,0.0018083183
700,2876.4,0,-9.6,2.01348,1325,19.9,0.0016576251
700,2866.4,0,-10,2.00648,1325.2,19.9,0.0015069319
700,2856.2,0,-10.2,1.99934,1325.4,19.9,0.0013562387
700,2845.7,0,-10.5,1.99199,1325.6,19.9,0.0012055455
700,2835.3,0,-10.4,1.98471,1325.8,19.9,0.0010548523
700,2824.3,0,-11,1.97701,1326,19.9,0.00090415913
700,2813.1,0,-11.2,1.96917,1326.1,19.9,0.00082881254
700,2801.8,0,-11.3,1.96126,1326.3,19.9,0.00067811935
700,2790.4,0,-11.4,1.95328,1326.5,19.9,0.00052742616
700,2778.5,0,-11.9,1.94495,1326.7,19.9,0.00037673297
700,2766.4,0,-12.1,1.93648,1326.9,19.9,0.00022603978
700,2754.1,0,-12.3,1.92787,1327.1,19.9,7.5346594e-05
700,2749.1,0,-5,1.92437,1327.2,19.9,0
