Current(mA),Voltage(mV),dI(mA),dV(mV),Power(W),RawCapacity(mAh),T(C),SOC
0,4196.7,0,0,0,0,16,1
0,4196,0,-0.7,0,0,16,1
0,4195.6,0,-0.4,0,0,16,1
0,4195.1,0,-0.5,0,0,16,1
0,4194.8,0,-0.3,0,0,16,1
0,4194.5,0,-0.3,0,0,16,1
0,4194.2,0,-0.3,0,0,16,1
0,4193.9,0,-0.3,0,0,16,1
0,4193.6,0,-0.3,0,0,16,1
0,4193.4,0,-0.2,0,0,16,1
0,4193.1,0,-0.3,0,0,16,1
0,4192.9,0,-0.2,0,0,16,1
0,4192.7,0,-0.2,0,0,16,1
0,4192.5,0,-0.2,0,0,16,1
0,4192.3,0,-0.2,0,0,16,1
0,4192,0,-0.3,0,0,16,1
0,4191.8,0,-0.2,0,0,16,1
0,4191.6,0,-0.2,0,0,16,1
0,4191.5,0,-0.1,0,0,16,1
0,4191.2,0,-0.3,0,0,16,1
0,4191.1,0,-0.1,0,0,16,1
0,4190.9,0,-0.2,0,0,16,1
0,4190.7,0,-0.2,0,0,16,1
0,4190.6,0,-0.1,0,0,16,1
0,4190.4,0,-0.2,0,0,16,1
0,4190.2,0,-0.2,0,0,16,1
0,4190,0,-0.2,0,0,16,1
0,4189.9,0,-0.1,0,0,16,1
0,4189.7,0,-0.2,0,0,16,1
0,4189.6,0,-0.1,0,0,16,1
0,4189.5,0,-0.1,0,0,16,1
0,4189.3,0,-0.2,0,0,16,1
0,4189.1,0,-0.2,0,0,16,1
0,4189,0,-0.1,0,0,16,1
0,4188.8,0,-0.2,0,0,16,1
0,4188.7,0,-0.1,0,0,16,1
0,4188.5,0,-0.2,0,0,16,1
0,4188.4,0,-0.1,0,0,16,1
0,4188.3,0,-0.1,0,0,16,1
0,4188.2,0,-0.1,0,0,16,1
0,4188,0,-0.2,0,0,16,1
0,4187.9,0,-0.1,0,0,16,1
0,4187.7,0,-0.2,0,0,16,1
0,4187.6,0,-0.1,0,0,16,1
0,4187.5,0,-0.1,0,0,16,1
0,4187.4,0,-0.1,0,0,16,1
0,4187.2,0,-0.2,0,0,16,1
0,4187.1,0,-0.1,0,0,16,1
0,4187,0,-0.1,0,0,16,1
0,4186.9,0,-0.1,0,0,16,1
0,4186.7,0,-0.2,0,0,16,1
0,4186.6,0,-0.1,0,0,16,1
0,4186.5,0,-0.1,0,0,16,1
0,4186.4,0,-0.1,0,0,16,1
0,4186.3,0,-0.1,0,0,16,1
0,4186.1,0,-0.2,0,0,16,1
0,4186,0,-0.1,0,0,16,1
0,4185.9,0,-0.1,0,0,16,1
0,4185.8,0,-0.1,0,0,16,1
0,4185.7,0,-0.1,0,0,16,1
0,4185.6,0,-0.1,0,0,16,1
0,4185.4,0,-0.2,0,0,16,1
0,4185.3,0,-0.1,0,0,16,1
0,4185.2,0,-0.1,0,0,16,1
0,4185.1,0,-0.1,0,0,16,1
0,4185,0,-0.1,0,0,16,1
0,4184.9,0,-0.1,0,0,16,1
0,4184.8,0,-0.1,0,0,16,1
0,4184.7,0,-0.1,0,0,16,1
0,4184.6,0,-0.1,0,0,16,1
0,4184.5,0,-0.1,0,0,16,1
0,4184.4,0,-0.1,0,0,16,1
0,4184.3,0,-0.1,0,0,16,1
0,4184.2,0,-0.1,0,0,16,1
0,4184.1,0,-0.1,0,0,16,1
0,4184,0,-0.1,0,0,16,1
0,4183.9,0,-0.1,0,0,16,1
0,4183.8,0,-0.1,0,0,16,1
0,4183.7,0,-0.1,0,0,16,1
0,4183.6,0,-0.1,0,0,16,1
0,4183.5,0,-0.1,0,0,16,1
0,4183.3,0,-0.2,0,0,16,1
0,4183.3,0,0,0,0,16,1
0,4183.2,0,-0.1,0,0,16,1
0,4183.1,0,-0.1,0,0,16,1
0,4183,0,-0.1,0,0,16,1
0,4182.9,0,-0.1,0,0,16,1
0,4182.8,0,-0.1,0,0,16,1
0,4182.7,0,-0.1,0,0,16,1
0,4182.6,0,-0.1,0,0,16,1
0,4182.5,0,-0.1,0,0,16,1
0,4182.4,0,-0.1,0,0,16,1
0,4182.4,0,0,0,0,16,1
0,4182.3,0,-0.1,0,0,16,1
0,4182.1,0,-0.2,0,0,16,1
0,4182.1,0,0,0,0,16,1
0,4182,0,-0.1,0,0,16,1
0,4181.9,0,-0.1,0,0,16,1
0,4181.8,0,-0.1,0,0,16,1
0,4181.8,0,0,0,0,16,1
0,4181.7,0,-0.1,0,0,16,1
0,4181.6,0,-0.1,0,0,16,1
0,4181.5,0,-0.1,0,0,16,1
0,4181.4,0,-0.1,0,0,16,1
0,4181.3,0,-0.1,0,0,16,1
0,4181.3,0,0,0,0,16,1
0,4181.1,0,-0.2,0,0,16,1
0,4181.1,0,0,0,0,16,1
0,4181,0,-0.1,0,0,16,1
0,4180.9,0,-0.1,0,0,16,1
0,4180.8,0,-0.1,0,0,16,1
0,4180.7,0,-0.1,0,0,16,1
0,4180.6,0,-0.1,0,0,16,1
0,4180.6,0,0,0,0,16,1
0,4180.5,0,-0.1,0,0,16,1
0,4180.4,0,-0.1,0,0,16,1
0,4180.3,0,-0.1,0,0,16,1
0,4180.2,0,-0.1,0,0,16,1
0,4180.2,0,0,0,0,16,1
0,4180.1,0,-0.1,0,0,16,1
0,4180,0,-0.1,0,0,16,1
0,4179.9,0,-0.1,0,0,16,1
0,4179.9,0,0,0,0,16,1
0,4179.8,0,-0.1,0,0,16,1
0,4179.7,0,-0.1,0,0,16,1
0,4179.6,0,-0.1,0,0,16,1
0,4179.5,0,-0.1,0,0,16,1
0,4179.5,0,0,0,0,16,1
0,4179.4,0,-0.1,0,0,16,1
0,4179.3,0,-0.1,0,0,16,1
0,4179.2,0,-0.1,0,0,16,1
0,4179.2,0,0,0,0,16,1
0,4179.1,0,-0.1,0,0,16,1
0,4179,0,-0.1,0,0,16,1
0,4179,0,0,0,0,16,1
0,4178.9,0,-0.1,0,0,16,1
0,4178.8,0,-0.1,0,0,16,1
0,4178.7,0,-0.1,0,0,16,1
0,4178.7,0,0,0,0,16,1
0,4178.6,0,-0.1,0,0,16,1
0,4178.5,0,-0.1,0,0,16,1
0,4178.5,0,0,0,0,16,1
0,4178.4,0,-0.1,0,0,16,1
0,4178.3,0,-0.1,0,0,16,1
0,4178.3,0,0,0,0,16,1
0,4178.2,0,-0.1,0,0,16,1
0,4178.1,0,-0.1,0,0,16,1
0,4178,0,-0.1,0,0,16,1
0,4177.9,0,-0.1,0,0,16,1
0,4177.9,0,0,0,0,16,1
0,4177.8,0,-0.1,0,0,16,1
0,4177.8,0,0,0,0,16,1
0,4177.7,0,-0.1,0,0,16,1
0,4177.6,0,-0.1,0,0,16,1
0,4177.5,0,-0.1,0,0,16,1
0,4177.5,0,0,0,0,16,1
0,4177.4,0,-0.1,0,0,16,1
0,4177.3,0,-0.1,0,0,16,1
0,4177.3,0,0,0,0,16,1
0,4177.2,0,-0.1,0,0,16,1
0,4177.1,0,-0.1,0,0,16,1
0,4177.1,0,0,0,0,16,1
0,4177,0,-0.1,0,0,16,1
0,4177,0,0,0,0,16,1
0,4176.9,0,-0.1,0,0,16,1
0,4176.8,0,-0.1,0,0,16,1
0,4176.7,0,-0.1,0,0,16,1
0,4176.7,0,0,0,0,16,1
0,4176.6,0,-0.1,0,0,16,1
0,4176.5,0,-0.1,0,0,16,1
0,4176.5,0,0,0,0,16,1
0,4176.4,0,-0.1,0,0,16,1
0,4176.3,0,-0.1,0,0,16,1
0,4176.3,0,0,0,0,16,1
0,4176.2,0,-0.1,0,0,16,1
0,4176.2,0,0,0,0,16,1
0,4176.1,0,-0.1,0,0,16,1
0,4176,0,-0.1,0,0,16,1
0,4176,0,0,0,0,16,1
0,4175.9,0,-0.1,0,0,16,1
0,4175.9,0,0,0,0,16,1
0,4175.8,0,-0.1,0,0,16,1
0,4175.7,0,-0.1,0,0,16,1
0,4175.7,0,0,0,0,16,1
0,4175.7,0,0,0,0,16,1
0,4175.6,0,-0.1,0,0,16,1
0,4175.5,0,-0.1,0,0,16,1
0,4175.5,0,0,0,0,16,1
0,4175.4,0,-0.1,0,0,16,1
0,4175.3,0,-0.1,0,0,16,1
0,4175.3,0,0,0,0,16,1
0,4175.2,0,-0.1,0,0,16,1
0,4175.1,0,-0.1,0,0,16,1
0,4175.1,0,0,0,0,16,1
0,4175,0,-0.1,0,0,16,1
0,4175,0,0,0,0,16,1
0,4174.9,0,-0.1,0,0,16,1
0,4174.9,0,0,0,0,16,1
0,4174.8,0,-0.1,0,0,16,1
0,4174.7,0,-0.1,0,0,16,1
0,4174.7,0,0,0,0,16,1
0,4174.6,0,-0.1,0,0,16,1
0,4174.6,0,0,0,0,16,1
0,4174.5,0,-0.1,0,0,16,1
0,4174.4,0,-0.1,0,0,16,1
0,4174.4,0,0,0,0,16,1
0,4174.3,0,-0.1,0,0,16,1
0,4174.2,0,-0.1,0,0,16,1
0,4174.2,0,0,0,0,16,1
0,4174.2,0,0,0,0,16,1
0,4174.1,0,-0.1,0,0,16,1
0,4174.1,0,0,0,0,16,1
0,4174,0,-0.1,0,0,16,1
0,4173.9,0,-0.1,0,0,16,1
0,4173.8,0,-0.1,0,0,16,1
0,4173.8,0,0,0,0,16,1
0,4173.8,0,0,0,0,16,1
0,4173.7,0,-0.1,0,0,16,1
0,4173.7,0,0,0,0,16,1
0,4173.6,0,-0.1,0,0,16,1
0,4173.5,0,-0.1,0,0,16,1
0,4173.5,0,0,0,0,16,1
0,4173.4,0,-0.1,0,0,16,1
0,4173.4,0,0,0,0,16,1
0,4173.3,0,-0.1,0,0,16,1
0,4173.3,0,0,0,0,16,1
0,4173.2,0,-0.1,0,0,16,1
0,4173.2,0,0,0,0,16,1
0,4173.1,0,-0.1,0,0,16,1
0,4173.1,0,0,0,0,16,1
0,4173,0,-0.1,0,0,16,1
0,4173,0,0,0,0,16,1
0,4172.9,0,-0.1,0,0,16,1
0,4172.9,0,0,0,0,16,1
0,4172.8,0,-0.1,0,0,16,1
0,4172.7,0,-0.1,0,0,16,1
0,4172.7,0,0,0,0,16,1
0,4172.6,0,-0.1,0,0,16,1
0,4172.6,0,0,0,0,16,1
0,4172.5,0,-0.1,0,0,16,1
0,4172.5,0,0,0,0,16,1
0,4172.4,0,-0.1,0,0,16,1
0,4172.4,0,0,0,0,16,1
0,4172.3,0,-0.1,0,0,16,1
0,4172.3,0,0,0,0,16,1
0,4172.2,0,-0.1,0,0,16,1
0,4172.2,0,0,0,0,16,1
0,4172.1,0,-0.1,0,0,16,1
0,4172.1,0,0,0,0,16,1
0,4172,0,-0.1,0,0,16,1
0,4172,0,0,0,0,16,1
0,4171.9,0,-0.1,0,0,16,1
0,4171.9,0,0,0,0,16,1
0,4171.8,0,-0.1,0,0,16,1
0,4171.8,0,0,0,0,16,1
0,4171.7,0,-0.1,0,0,16,1
0,4171.7,0,0,0,0,16,1
0,4171.6,0,-0.1,0,0,16,1
0,4171.6,0,0,0,0,16,1
0,4171.5,0,-0.1,0,0,16,1
0,4171.5,0,0,0,0,16,1
0,4171.5,0,0,0,0,16,1
0,4171.4,0,-0.1,0,0,16,1
0,4171.3,0,-0.1,0,0,16,1
0,4171.3,0,0,0,0,16,1
0,4171.2,0,-0.1,0,0,16,1
0,4171.2,0,0,0,0,16,1
0,4171.1,0,-0.1,0,0,16,1
0,4171.1,0,0,0,0,16,1
0,4171,0,-0.1,0,0,16,1
0,4171,0,0,0,0,16,1
0,4170.9,0,-0.1,0,0,16,1
0,4170.9,0,0,0,0,16,1
0,4170.8,0,-0.1,0,0,16,1
0,4170.8,0,0,0,0,16,1
0,4170.7,0,-0.1,0,0,16,1
0,4170.7,0,0,0,0,16,1
0,4170.6,0,-0.1,0,0,16,1
0,4170.6,0,0,0,0,16,1
0,4170.5,0,-0.1,0,0,16,1
0,4170.5,0,0,0,0,16,1
0,4170.4,0,-0.1,0,0,16,1
0,4170.4,0,0,0,0,16,1
0,4170.3,0,-0.1,0,0,16,1
0,4170.3,0,0,0,0,16,1
0,4170.2,0,-0.1,0,0,16,1
0,4170.2,0,0,0,0,16,1
0,4170.2,0,0,0,0,16,1
0,4170.1,0,-0.1,0,0,16,1
0,4170.1,0,0,0,0,16,1
0,4170.1,0,0,0,0,16,1
0,4170,0,-0.1,0,0,16,1
0,4170,0,0,0,0,16,1
0,4169.9,0,-0.1,0,0,16,1
0,4169.9,0,0,0,0,16,1
0,4169.8,0,-0.1,0,0,16,1
0,4169.8,0,0,0,0,16,1
0,4169.8,0,0,0,0,16,1
0,4169.7,0,-0.1,0,0,16,1
0,4169.6,0,-0.1,0,0,16,1
0,4169.6,0,0,0,0,16,1
-2,4169.7,-2,0.1,-0.0083394,0,16,1
1854.1,4060.9,1856.1,-108.8,7.5293147,0.5,16,0.99962886
1855.2,4050.8,1.1,-10.1,7.5150442,1,16,0.99925772
1852.2,4043.5,-3,-7.3,7.4893707,1.5,16,0.99888658
1853.1,4037.4,0.9,-6.1,7.4817059,2.1,16,0.99844121
1859.1,4031.7,6,-5.7,7.4953335,2.6,16,0.99807007
1852.2,4027.5,-6.9,-4.2,7.4597355,3.1,16,0.99769893
1859.1,4022.9,6.9,-4.6,7.4789734,3.6,16,0.99732779
1852.2,4019.4,-6.9,-3.5,7.4447327,4.1,16,0.99695665
1854.2,4015.7,2,-3.7,7.4459109,4.6,16,0.99658551
1848.2,4012.7,-6,-3,7.4162721,5.1,16,0.99621437
1857.2,4009.1,9,-3.6,7.4457005,5.7,16,0.995769
1849.3,4006.6,-7.9,-2.5,7.4094054,6.2,16,0.99539786
1849.3,4003.8,0,-2.8,7.4042273,6.7,16,0.99502672
1845.2,4001.4,-4.1,-2.4,7.3833833,7.2,16,0.99465558
1854.2,3998.4,9,-3,7.4138333,7.7,16,0.99428444
1849.2,3996.3,-5,-2.1,7.389958,8.2,16,0.9939133
1849.2,3993.9,0,-2.4,7.3855199,8.7,16,0.99354216
1849.2,3991.7,0,-2.2,7.3814516,9.3,16,0.99309679
1850.2,3989.5,1,-2.2,7.3813729,9.8,16,0.99272565
1851.2,3987.3,1,-2.2,7.3812898,10.3,16,0.99235451
1852.2,3985.4,1,-1.9,7.3817579,10.8,16,0.99198337
1852.2,3983.4,0,-2,7.3780535,11.3,16,0.99161223
1848.2,3981.8,-4,-1.6,7.3591628,11.8,16,0.99124109
1848.2,3980,0,-1.8,7.355836,12.3,16,0.99086995
1842.2,3978.5,-6,-1.5,7.3291927,12.9,16,0.99042458
2090.2,3963.8,248,-14.7,8.2851348,13.4,16,0.99005344
2093.2,3961.4,3,-2.4,8.2920025,14,16,0.98960808
2093.2,3959.2,0,-2.2,8.2873974,14.6,16,0.98916271
2087.2,3957.6,-6,-1.6,8.2603027,15.2,16,0.98871734
2090.2,3955.5,3,-2.1,8.2677861,15.8,16,0.98827197
2092.2,3953.6,2,-1.9,8.2717219,16.3,16,0.98790083
2093.2,3951.7,1,-1.9,8.2716984,16.9,16,0.98745546
2089.2,3950.3,-4,-1.4,8.2529668,17.5,16,0.9870101
2096.2,3948.2,7,-2.1,8.2762168,18.1,16,0.98656473
2094.3,3946.8,-1.9,-1.4,8.2657832,18.7,16,0.98611936
2089.3,3945.5,-5,-1.3,8.2433331,19.2,16,0.98574822
2091.3,3943.9,2,-1.6,8.2478781,19.8,16,0.98530285
2098.2,3942,6.9,-1.9,8.2711044,20.4,16,0.98485748
2092.2,3940.9,-6,-1.1,8.245151,21,16,0.98441211
2096.2,3939.3,4,-1.6,8.2575607,21.6,16,0.98396675
2094.3,3938.1,-1.9,-1.2,8.2475628,22.2,16,0.98352138
2087.2,3937.1,-7.1,-1,8.2175151,22.7,16,0.98315024
2094.2,3935.4,7,-1.7,8.2415147,23.3,16,0.98270487
2092.2,3934.3,-2,-1.1,8.2313425,23.9,16,0.9822595
2094.2,3933,2,-1.3,8.2364886,24.5,16,0.98181413
2088.2,3932.1,-6,-0.9,8.2110112,25.1,16,0.98136876
2088.2,3930.9,0,-1.2,8.2085054,25.6,16,0.98099762
2092.2,3929.5,4,-1.4,8.2212999,26.2,16,0.98055226
2091.2,3928.5,-1,-1,8.2152792,26.8,16,0.98010689
2090.2,3927.4,-1,-1.1,8.2090515,27.4,16,0.97966152
2092.2,3926.2,2,-1.2,8.2143956,28,16,0.97921615
2091.2,3925.2,-1,-1,8.2083782,28.5,16,0.97884501
2092.3,3924.2,1.1,-1,8.2106037,29.1,16,0.97839964
2094.2,3923.1,1.9,-1.1,8.215756,29.7,16,0.97795428
2087.2,3922.4,-7,-0.7,8.1868333,30.3,16,0.97750891
2096.3,3921,9.1,-1.4,8.2195923,30.9,16,0.97706354
2073.3,3921.2,-23,0.2,8.129824,31.4,16,0.9766924
2044.3,3921.8,-29,0.6,8.0173357,32,16,0.97624703
2025.3,3921.9,-19,0.1,7.9430241,32.6,16,0.97580166
2009.2,3922,-16.1,0.1,7.8800824,33.1,16,0.97543052
1986.2,3922.5,-23,0.5,7.7908695,33.7,16,0.97498515
1964.2,3922.9,-22,0.4,7.7053602,34.2,16,0.97461401
1937.3,3923.6,-26.9,0.7,7.6011903,34.8,16,0.97416865
1919.2,3924,-18.1,0.4,7.5309408,35.3,16.1,0.97379751
1897.1,3924.5,-22.1,0.5,7.445169,35.8,16.1,0.97342637
1885.2,3924.6,-11.9,0.1,7.3986559,36.4,16.1,0.972981
1877.1,3924.5,-8.1,-0.1,7.3666789,36.9,16.1,0.97260986
1874.1,3924.1,-3,-0.4,7.3541558,37.4,16.1,0.97223872
1873.2,3923.6,-0.9,-0.5,7.3496875,37.9,16.1,0.97186758
1875.2,3923,2,-0.6,7.3564096,38.4,16.1,0.97149644
1875.2,3922.5,0,-0.5,7.355472,39,16.1,0.97105107
1874.2,3922,-1,-0.5,7.3506124,39.5,16.1,0.97067993
1878.2,3921.2,4,-0.8,7.3647978,40,16.1,0.97030879
1876.2,3920.9,-2,-0.3,7.3563926,40.5,16.1,0.96993765
-276,4030.6,-2152.2,109.7,-1.1124456,40.4,16.1,0.97001188
-274.1,4035.1,1.9,4.5,-1.1060209,40.4,16.1,0.97001188
-272.1,4038.4,2,3.3,-1.0988486,40.3,16.1,0.9700861
-270,4041.1,2.1,2.7,-1.091097,40.2,16.1,0.97016033
-276,4043.9,-6,2.8,-1.1161164,40.1,16.1,0.97023456
-278.1,4046.3,-2.1,2.4,-1.125276,40.1,16.1,0.97023456
-277.1,4048.3,1,2,-1.1217839,40,16.1,0.97030879
-279.1,4050.4,-2,2.1,-1.1304666,39.9,16.1,0.97038302
-273.1,4051.9,6,1.5,-1.1065739,39.8,16.1,0.97045724
-273.1,4053.6,0,1.7,-1.1070382,39.8,16.1,0.97045724
-275.1,4055.4,-2,1.8,-1.1156405,39.7,16.1,0.97053147
-279,4057.1,-3.9,1.7,-1.1319309,39.6,16.1,0.9706057
-269,4058.1,10,1,-1.0916289,39.5,16.1,0.97067993
-271,4059.6,-2,1.5,-1.1001516,39.5,16.1,0.97067993
-273,4061.1,-2,1.5,-1.1086803,39.4,16.1,0.97075416
-273.1,4062.4,-0.1,1.3,-1.1094414,39.3,16.1,0.97082838
-276.1,4063.8,-3,1.4,-1.1220152,39.2,16.1,0.97090261
-273,4064.9,3.1,1.1,-1.1097177,39.2,16.1,0.97090261
-272,4066,1,1.1,-1.105952,39.1,16.1,0.97097684
-278.1,4067.5,-6.1,1.5,-1.1311718,39,16.1,0.97105107
-270.1,4068.2,8,0.7,-1.0988208,38.9,16.1,0.9711253
-272.1,4069.5,-2,1.3,-1.107311,38.8,16.1,0.97119952
-276.1,4070.7,-4,1.2,-1.1239203,38.8,16.1,0.97119952
-272.1,4071.6,4,0.9,-1.1078824,38.7,16.1,0.97127375
-278.1,4072.9,-6,1.3,-1.1326735,38.6,16.1,0.97134798
-281,4074,-2.9,1.1,-1.144794,38.5,16.1,0.97142221
-274.1,4074.6,6.9,0.6,-1.1168479,38.5,16.1,0.97142221
-278.1,4075.8,-4,1.2,-1.13348,38.4,16.1,0.97149644
-275.1,4076.5,3,0.7,-1.1214452,38.3,16.1,0.97157067
-280,4077.7,-4.9,1.2,-1.141756,38.2,16.1,0.97164489
-271,4078.1,9,0.4,-1.1051651,38.2,16.1,0.97164489
-269,4078.9,2,0.8,-1.0972241,38.1,16.1,0.97171912
-273,4079.9,-4,1,-1.1138127,38,16.1,0.97179335
-270.1,4080.6,2.9,0.7,-1.1021701,37.9,16.1,0.97186758
-275.1,4081.6,-5,1,-1.1228482,37.9,16.1,0.97186758
-274.1,4082.4,1,0.8,-1.1189858,37.8,16.1,0.97194181
-277.1,4083.3,-3,0.9,-1.1314824,37.7,16.1,0.97201603
-275.1,4084,2,0.7,-1.1235084,37.6,16.1,0.97209026
-278,4084.8,-2.9,0.8,-1.1355744,37.5,16.1,0.97216449
-271.1,4085.2,6.9,0.4,-1.1074977,37.5,16.1,0.97216449
2106.1,3963.2,2377.2,-122,8.3468955,38.1,16.1,0.97171912
2102.3,3957.8,-3.8,-5.4,8.3204829,38.6,16.1,0.97134798
2104.2,3953.5,1.9,-4.3,8.3189547,39.2,16.1,0.97090261
2097.2,3950.5,-7,-3,8.2849886,39.8,16.1,0.97045724
2107.2,3946.9,10,-3.6,8.3169077,40.4,16.1,0.97001188
2106.2,3944.4,-1,-2.5,8.3076953,41,16.1,0.96956651
2102.2,3942.2,-4,-2.2,8.2872928,41.6,16.1,0.96912114
2107.2,3939.7,5,-2.5,8.3017358,42.1,16.1,0.96875
2102.2,3937.9,-5,-1.8,8.2782534,42.7,16.1,0.96830463
2109.2,3935.6,7,-2.3,8.3009675,43.3,16.1,0.96785926
2112.2,3933.6,3,-2,8.3085499,43.9,16.1,0.9674139
2109.2,3932,-3,-1.6,8.2933744,44.5,16.1,0.96696853
2103.2,3930.7,-6,-1.3,8.2670482,45.1,16.1,0.96652316
2108.3,3928.9,5.1,-1.8,8.2832999,45.7,16.1,0.96607779
2111.3,3927.2,3,-1.7,8.2914974,46.2,16.1,0.96570665
2105.3,3926.1,-6,-1.1,8.2656183,46.8,16.1,0.96526128
2106.2,3924.6,0.9,-1.5,8.2659925,47.4,16.1,0.96481591
2099.2,3923.6,-7,-1,8.2364211,48,16.1,0.96437055
2104.2,3922.1,5,-1.5,8.2528828,48.6,16.1,0.96392518
2109.2,3920.6,5,-1.5,8.2693295,49.2,16.1,0.96347981
2109.2,3919.4,0,-1.2,8.2667985,49.8,16.1,0.96303444
2108.3,3918.3,-0.9,-1.1,8.2609519,50.3,16.1,0.9626633
2109.2,3917.1,0.9,-1.2,8.2619473,50.9,16.1,0.96221793
2108.2,3916,-1,-1.1,8.2557112,51.5,16.1,0.96177257
2110.2,3914.8,2,-1.2,8.261011,52.1,16.1,0.9613272
2104.3,3914.1,-5.9,-0.7,8.2364406,52.7,16.1,0.96088183
1992.2,3918.7,-112.1,4.6,7.8068341,53.2,16.1,0.96051069
1886.2,3923.4,-106,4.7,7.4003171,53.8,16.1,0.96006532
1775.3,3928.4,-110.9,5,6.9740885,54.3,16.1,0.95969418
1779.2,3927.8,3.9,-0.6,6.9883418,54.7,16.1,0.95939727
1775.2,3927.6,-4,-0.2,6.9722755,55.2,16.1,0.95902613
1779.2,3926.9,4,-0.7,6.9867405,55.7,16.1,0.95865499
1774.2,3926.6,-5,-0.3,6.9665737,56.2,16.1,0.95828385
1775.2,3926.1,1,-0.5,6.9696127,56.7,16.1,0.95791271
1779.1,3925.3,3.9,-0.8,6.9835012,57.2,16.1,0.95754157
1769.1,3925.3,-10,0,6.9442482,57.7,16.1,0.95717043
1764.2,3925.1,-4.9,-0.2,6.9246614,58.2,16.1,0.95679929
1760.1,3924.8,-4.1,-0.3,6.9080405,58.7,16.1,0.95642815
1755.2,3924.6,-4.9,-0.2,6.8884579,59.2,16.1,0.95605701
1757.2,3924,2,-0.6,6.8952528,59.7,16.1,0.95568587
1762.2,3923.3,5,-0.7,6.9136393,60.2,16.1,0.95531473
1763.2,3922.7,1,-0.6,6.9165046,60.6,16.1,0.95501781
1761.2,3922.3,-2,-0.4,6.9079548,61.1,16.1,0.95464667
1763.2,3921.7,2,-0.6,6.9147414,61.6,16.1,0.95427553
1761.2,3921.4,-2,-0.3,6.9063697,62.1,16.1,0.95390439
1761.2,3920.9,0,-0.5,6.9054891,62.6,16.2,0.95353325
1761.2,3920.5,0,-0.4,6.9047846,63.1,16.2,0.95316211
1758.3,3920.2,-2.9,-0.3,6.8928877,63.6,16.2,0.95279097
1764.2,3919.4,5.9,-0.8,6.9146055,64.1,16.2,0.95241983
1763.2,3919,-1,-0.4,6.9099808,64.6,16.2,0.95204869
1750.2,3919.3,-13,0.3,6.8595589,65,16.2,0.95175178
1741.2,3919.3,-9,0,6.8242852,65.5,16.2,0.95138064
1730.2,3919.5,-11,0.2,6.7815189,66,16.2,0.9510095
1723.2,3919.5,-7,0,6.7540824,66.5,16.2,0.95063836
1713.2,3919.6,-10,0.1,6.7150587,67,16.2,0.95026722
1717.2,3919.1,4,-0.5,6.7298785,67.4,16.2,0.94997031
1702.1,3919.6,-15.1,0.5,6.6715512,67.9,16.2,0.94959917
1694.1,3919.6,-8,0,6.6401944,68.4,16.2,0.94922803
1681.1,3920,-13,0.4,6.589912,68.8,16.2,0.94893112
1675.1,3920,-6,0,6.566392,69.3,16.2,0.94855998
1665.1,3920.2,-10,0.2,6.527525,69.8,16.2,0.94818884
1655.1,3920.5,-10,0.3,6.4888196,70.2,16.2,0.94789192
1650.1,3920.5,-5,0,6.4692171,70.7,16.2,0.94752078
1643.1,3920.6,-7,0.1,6.4419379,71.2,16.2,0.94714964
1642.1,3920.4,-1,-0.2,6.4376888,71.6,16.2,0.94685273
1641.1,3920.2,-1,-0.2,6.4334402,72.1,16.2,0.94648159
1637.2,3920.2,-3.9,0,6.4181514,72.5,16.2,0.94618468
1642.1,3919.7,4.9,-0.5,6.4365394,73,16.2,0.94581354
1639.2,3919.6,-2.9,-0.1,6.4250083,73.4,16.2,0.94551663
1643.1,3919.1,3.9,-0.5,6.4394732,73.9,16.2,0.94514549
1646.2,3918.7,3.1,-0.4,6.4509639,74.3,16.2,0.94484857
1637.2,3918.9,-9,0.2,6.4160231,74.8,16.2,0.94447743
1639.2,3918.6,2,-0.3,6.4233691,75.3,16.2,0.94410629
1641.1,3918.3,1.9,-0.3,6.4303221,75.7,16.2,0.94380938
1639.2,3918.2,-1.9,-0.1,6.4227134,76.2,16.2,0.94343824
1645.1,3917.6,5.9,-0.6,6.4448438,76.6,16.2,0.94314133
1643.2,3917.5,-1.9,-0.1,6.437236,77.1,16.2,0.94277019
1639.2,3917.4,-4,-0.1,6.4214021,77.5,16.2,0.94247328
1641.2,3917.1,2,-0.3,6.4287445,78,16.2,0.94210214
1642.1,3916.8,0.9,-0.3,6.4317773,78.4,16.2,0.94180523
1636.1,3916.9,-6,0.1,6.4084401,78.9,16.2,0.94143409
1640.2,3916.5,4.1,-0.4,6.4238433,79.4,16.2,0.94106295
1638.2,3916.4,-2,-0.1,6.4158465,79.8,16.2,0.94076603
1642.2,3915.9,4,-0.5,6.430691,80.3,16.2,0.94039489
1639.2,3915.8,-3,-0.1,6.4187794,80.7,16.2,0.94009798
1637.2,3915.7,-2,-0.1,6.410784,81.2,16.2,0.93972684
1640.1,3915.4,2.9,-0.3,6.4216475,81.6,16.2,0.93942993
1680.1,3913.1,40,-2.3,6.5743993,82.1,16.2,0.93905879
1711.1,3911.3,31,-1.8,6.6926254,82.6,16.2,0.93868765
1737.2,3909.6,26.1,-1.7,6.7917571,83.1,16.2,0.93831651
1771.2,3907.5,34,-2.1,6.920964,83.5,16.2,0.9380196
1805.2,3905.4,34,-2.1,7.0500281,84.1,16.2,0.93757423
1833.2,3903.5,28,-1.9,7.1558962,84.6,16.2,0.93720309
1868.2,3901.3,35,-2.2,7.2884087,85.1,16.2,0.93683195
1894.2,3899.5,26,-1.8,7.3864329,85.6,16.2,0.93646081
1894.3,3898.9,0.1,-0.6,7.3856863,86.1,16.2,0.93608967
1899.2,3898.2,4.9,-0.7,7.4034614,86.7,16.2,0.9356443
1901.2,3897.7,2,-0.5,7.4103072,87.2,16.2,0.93527316
1900.2,3897.2,-1,-0.5,7.4054594,87.7,16.2,0.93490202
1893.2,3897.1,-7,-0.1,7.3779897,88.2,16.2,0.93453088
1897.2,3896.5,4,-0.6,7.3924398,88.8,16.2,0.93408551
1900.2,3896,3,-0.5,7.4031792,89.3,16.2,0.93371437
1901.2,3895.6,1,-0.4,7.4063147,89.8,16.2,0.93334323
1891.2,3895.7,-10,0.1,7.3675478,90.3,16.2,0.93297209
1897.2,3895,6,-0.7,7.389594,90.9,16.2,0.93252672
1900.3,3894.5,3.1,-0.5,7.4007184,91.4,16.2,0.93215558
1895.2,3894.3,-5.1,-0.2,7.3804774,91.9,16.2,0.93178444
1900.2,3893.8,5,-0.5,7.3989988,92.5,16.2,0.93133907
1903.2,3893.2,3,-0.6,7.4095382,93,16.2,0.93096793
1899.2,3893.1,-4,-0.1,7.3937755,93.5,16.2,0.93059679
1899.2,3892.7,0,-0.4,7.3930158,94,16.2,0.93022565
1034.1,3935.9,-865.1,43.2,4.0701142,94.3,16.2,0.93000297
1035,3937.5,0.9,1.6,4.0753125,94.6,16.2,0.92978029
1031.1,3938.8,-3.9,1.3,4.0612967,94.9,16.2,0.9295576
1036.1,3939.4,5,0.6,4.0816123,95.2,16.2,0.92933492
1035.1,3940.2,-1,0.8,4.078501,95.5,16.2,0.92911223
1030.1,3941.1,-5,0.9,4.0597271,95.8,16.2,0.92888955
1035.1,3941.5,5,0.4,4.0798466,96.1,16.2,0.92866686
1027,3942.4,-8.1,0.9,4.0488448,96.3,16.2,0.92851841
1033,3942.6,6,0.2,4.0727058,96.6,16.2,0.92829572
1034.1,3943,1.1,0.4,4.0774563,96.9,16.2,0.92807304
1038.1,3943.2,4,0.2,4.0934359,97.2,16.2,0.92785036
1028.1,3944,-10,0.8,4.0548264,97.5,16.2,0.92762767
1030.1,3944.3,2,0.3,4.0630234,97.8,16.2,0.92740499
1035,3944.4,4.9,0.1,4.082454,98.1,16.2,0.9271823
1193,3936.7,158,-7.7,4.6964831,98.4,16.2,0.92695962
1349.1,3928.8,156.1,-7.9,5.3003441,98.8,16.2,0.92666271
1504,3920.7,154.9,-8.1,5.8967328,99.2,16.2,0.9263658
1667.1,3912,163.1,-8.7,6.5216952,99.6,16.2,0.92606888
1820,3903.5,152.9,-8.5,7.10437,100.2,16.2,0.92562352
1822.1,3902.4,2.1,-1.1,7.110563,100.7,16.2,0.92525238
1826.1,3901.4,4,-1,7.1243465,101.2,16.2,0.92488124
1827.1,3900.6,1,-0.8,7.1267863,101.7,16.2,0.9245101
1819.2,3900.4,-7.9,-0.2,7.0956077,102.2,16.2,0.92413895
1823.1,3899.6,3.9,-0.8,7.1093608,102.7,16.2,0.92376781
1768.2,3901.9,-54.9,2.3,6.8993396,103.2,16.2,0.92339667
1713.2,3904.2,-55,2.3,6.6886754,103.7,16.2,0.92302553
1661.2,3906.5,-52,2.3,6.4894778,104.1,16.2,0.92272862
1604.2,3909.2,-57,2.7,6.2711386,104.6,16.2,0.92235748
1545.2,3912.1,-59,2.9,6.0449769,105,16.2,0.92206057
1488.2,3915,-57,2.9,5.826303,105.4,16.2,0.92176366
1438.2,3917.6,-50,2.6,5.6342923,105.8,16.2,0.92146675
1380.1,3920.6,-58.1,3,5.4108201,106.2,16.2,0.92116983
1328.2,3923.4,-51.9,2.8,5.2110599,106.6,16.2,0.92087292
1273.2,3926.5,-55,3.1,4.9992198,106.9,16.2,0.92065024
1216.2,3929.6,-57,3.1,4.7791795,107.2,16.2,0.92042755
1165.1,3932.6,-51.1,3,4.5818723,107.6,16.2,0.92013064
1165.1,3933,0,0.4,4.5823383,107.9,16.3,0.91990796
1168.1,3933.2,3,0.2,4.5943709,108.2,16.3,0.91968527
1204.1,3931.7,36,-1.5,4.73416,108.6,16.3,0.91938836
1202.1,3931.9,-2,0.2,4.726537,108.9,16.3,0.91916568
1192.1,3932.6,-10,0.7,4.6880525,109.2,16.3,0.91894299
1197.1,3932.5,5,-0.1,4.7075958,109.5,16.3,0.91872031
1197.1,3932.7,0,0.2,4.7078352,109.9,16.3,0.9184234
1202.1,3932.6,5,-0.1,4.7273785,110.2,16.3,0.91820071
1193.1,3933.1,-9,0.5,4.6925816,110.5,16.3,0.91797803
1200.1,3932.9,7,-0.2,4.7198733,110.9,16.3,0.91768112
1200.1,3933,0,0.1,4.7199933,111.2,16.3,0.91745843
1209.1,3932.6,9,-0.4,4.7549067,111.5,16.3,0.91723575
1199.1,3933.2,-10,0.6,4.7163001,111.9,16.3,0.91693884
1199.1,3933.3,0,0.1,4.71642,112.2,16.3,0.91671615
1199.1,3933.4,0,0.1,4.7165399,112.5,16.3,0.91649347
1205.1,3933.1,6,-0.3,4.7397788,112.9,16.3,0.91619656
1196.1,3933.7,-9,0.6,4.7050986,113.2,16.3,0.91597387
1200.1,3933.5,4,-0.2,4.7205933,113.5,16.3,0.91575119
1204.1,3933.3,4,-0.2,4.7360865,113.9,16.3,0.91545428
1196.1,3933.8,-8,0.5,4.7052182,114.2,16.3,0.91523159
1202.1,3933.5,6,-0.3,4.7284603,114.5,16.3,0.91500891
1204.1,3933.4,2,-0.1,4.7362069,114.9,16.3,0.914712
1201.1,3933.7,-3,0.3,4.7247671,115.2,16.3,0.91448931
1199.1,3933.7,-2,0,4.7168997,115.5,16.3,0.91426663
1197.1,3933.9,-2,0.2,4.7092717,115.9,16.3,0.91396971
1196.1,3934,-1,0.1,4.7054574,116.2,16.3,0.91374703
1196.1,3934,0,0,4.7054574,116.5,16.3,0.91352435
1205.1,3933.6,9,-0.4,4.7403814,116.9,16.3,0.91322743
1202.1,3933.8,-3,0.2,4.728821,117.2,16.3,0.91300475
1206.1,3933.6,4,-0.2,4.744315,117.6,16.3,0.91270784
1200.1,3933.8,-6,0.2,4.7209534,117.9,16.3,0.91248515
1205,3933.6,4.9,-0.2,4.739988,118.2,16.3,0.91226247
1202.1,3933.7,-2.9,0.1,4.7287008,118.6,16.3,0.91196556
1198.1,3933.9,-4,0.2,4.7132056,118.9,16.3,0.91174287
1197.1,3934,-1,0.1,4.7093914,119.2,16.3,0.91152019
1175.1,3935.1,-22,1.1,4.624136,119.5,16.3,0.91129751
1143.1,3936.7,-32,1.6,4.5000418,119.9,16.3,0.91100059
1104.1,3938.8,-39,2.1,4.3488291,120.2,16.3,0.91077791
1075.1,3940.4,-29,1.6,4.236324,120.5,16.3,0.91055523
1042.1,3942.3,-33,1.9,4.1082708,120.8,16.3,0.91033254
1010,3944.1,-32.1,1.8,3.983541,121,16.3,0.91018409
976.1,3946.1,-33.9,2,3.8517882,121.3,16.3,0.9099614
981.1,3946.1,5,0,3.8715187,121.6,16.3,0.90973872
977.1,3946.6,-4,0.5,3.8562229,121.9,16.3,0.90951603
911.1,3950.2,-66,3.6,3.5990272,122.1,16.3,0.90936758
845.1,3953.8,-66,3.6,3.3413564,122.3,16.3,0.90921912
774.1,3957.8,-71,4,3.063733,122.6,16.3,0.90899644
709.1,3961.6,-65,3.8,2.8091706,122.8,16.3,0.90884798
635.1,3965.9,-74,4.3,2.5187431,122.9,16.3,0.90877375
572.1,3969.7,-63,3.8,2.2710654,123.1,16.3,0.9086253
501.1,3974,-71,4.3,1.9913714,123.2,16.3,0.90855107
435.1,3978.1,-66,4.1,1.7308713,123.3,16.3,0.90847684
365.1,3982.4,-70,4.3,1.4539742,123.4,16.3,0.90840261
301.1,3986.6,-64,4.2,1.2003653,123.5,16.3,0.90832838
230.2,3991,-70.9,4.4,0.9187282,123.6,16.3,0.90825416
160.2,3995.6,-70,4.6,0.64009512,123.6,16.3,0.90825416
92,4000,-68.2,4.4,0.368,123.7,16.3,0.90817993
30,4004.2,-62,4.2,0.120126,123.7,16.3,0.90817993
31,4005.3,1,1.1,0.1241643,123.7,16.3,0.90817993
29,4006.4,-2,1.1,0.1161856,123.7,16.3,0.90817993
28,4007.4,-1,1,0.1122072,123.7,16.3,0.90817993
28,4008.3,0,0.9,0.1122324,123.7,16.3,0.90817993
24,4009.3,-4,1,0.0962232,123.7,16.3,0.90817993
29,4009.9,5,0.6,0.1162871,123.7,16.3,0.90817993
30,4010.6,1,0.7,0.120318,123.7,16.3,0.90817993
20,4011.8,-10,1.2,0.080236,123.7,16.3,0.90817993
26,4012.2,6,0.4,0.1043172,123.7,16.3,0.90817993
27,4012.9,1,0.7,0.1083483,123.8,16.3,0.9081057
25,4013.7,-2,0.8,0.1003425,123.8,16.3,0.9081057
26,4014.2,1,0.5,0.1043692,123.8,16.3,0.9081057
29,4014.7,3,0.5,0.1164263,123.8,16.3,0.9081057
28,4015.3,-1,0.6,0.1124284,123.8,16.3,0.9081057
25,4016,-3,0.7,0.1004,123.8,16.3,0.9081057
34,4016.2,9,0.2,0.1365508,123.8,16.3,0.9081057
26,4017.1,-8,0.9,0.1044446,123.8,16.3,0.9081057
32,4017.4,6,0.3,0.1285568,123.8,16.3,0.9081057
30,4017.9,-2,0.5,0.120537,123.8,16.3,0.9081057
31,4018.4,1,0.5,0.1245704,123.8,16.3,0.9081057
27,4019.1,-4,0.7,0.1085157,123.8,16.3,0.9081057
32,4019.3,5,0.2,0.1286176,123.8,16.3,0.9081057
31,4019.8,-1,0.5,0.1246138,123.9,16.3,0.90803147
30,4020.3,-1,0.5,0.120609,123.9,16.3,0.90803147
25,4021,-5,0.7,0.100525,123.9,16.3,0.90803147
25,4021.4,0,0.4,0.100535,123.9,16.3,0.90803147
30,4021.6,5,0.2,0.120648,123.9,16.3,0.90803147
26,4022.2,-4,0.6,0.1045772,123.9,16.2,0.90803147
24,4022.7,-2,0.5,0.0965448,123.9,16.3,0.90803147
27,4022.9,3,0.2,0.1086183,123.9,16.3,0.90803147
27,4023.3,0,0.4,0.1086291,123.9,16.2,0.90803147
25,4023.7,-2,0.4,0.1005925,123.9,16.2,0.90803147
31,4023.8,6,0.1,0.1247378,123.9,16.2,0.90803147
28,4024.4,-3,0.6,0.1126832,123.9,16.2,0.90803147
25,4024.8,-3,0.4,0.10062,123.9,16.2,0.90803147
28,4025,3,0.2,0.1127,124,16.2,0.90795724
20,4025.7,-8,0.7,0.080514,124,16.2,0.90795724
27,4025.7,7,0,0.1086939,124,16.2,0.90795724
29,4025.9,2,0.2,0.1167511,124,16.2,0.90795724
28,4026.3,-1,0.4,0.1127364,124,16.2,0.90795724
25,4026.7,-3,0.4,0.1006675,124,16.2,0.90795724
31,4026.7,6,0,0.1248277,124,16.2,0.90795724
27,4027.2,-4,0.5,0.1087344,124,16.2,0.90795724
30,4027.3,3,0.1,0.120819,124,16.2,0.90795724
28,4027.7,-2,0.4,0.1127756,124,16.2,0.90795724
26,4028,-2,0.3,0.104728,124,16.2,0.90795724
27,4028.3,1,0.3,0.1087641,124,16.2,0.90795724
23,4028.7,-4,0.4,0.0926601,124,16.2,0.90795724
31,4028.6,8,-0.1,0.1248866,124.1,16.2,0.90788302
32,4028.8,1,0.2,0.1289216,124.1,16.2,0.90788302
31,4029.1,-1,0.3,0.1249021,124.1,16.2,0.90788302
34,4029.1,3,0,0.1369894,124.1,16.2,0.90788302
30,4029.6,-4,0.5,0.120888,124.1,16.2,0.90788302
24,4030.1,-6,0.5,0.0967224,124.1,16.2,0.90788302
25,4030.3,1,0.2,0.1007575,124.1,16.2,0.90788302
26,4030.5,1,0.2,0.104793,124.1,16.2,0.90788302
29,4030.5,3,0,0.1168845,124.1,16.2,0.90788302
29,4030.8,0,0.3,0.1168932,124.1,16.2,0.90788302
29,4030.9,0,0.1,0.1168961,124.1,16.2,0.90788302
31,4031,2,0.1,0.124961,124.1,16.2,0.90788302
23,4031.6,-8,0.6,0.0927268,124.1,16.2,0.90788302
33,4031.3,10,-0.3,0.1330329,124.2,16.2,0.90780879
24,4032,-9,0.7,0.096768,124.2,16.2,0.90780879
34,4031.7,10,-0.3,0.1370778,124.2,16.2,0.90780879
30,4032,-4,0.3,0.12096,124.2,16.2,0.90780879
23,4032.5,-7,0.5,0.0927475,124.2,16.2,0.90780879
25,4032.7,2,0.2,0.1008175,124.2,16.2,0.90780879
26,4032.8,1,0.1,0.1048528,124.2,16.2,0.90780879
27,4032.9,1,0.1,0.1088883,124.2,16.2,0.90780879
30,4033,3,0.1,0.12099,124.2,16.2,0.90780879
22,4033.5,-8,0.5,0.088737,124.2,16.2,0.90780879
27,4033.4,5,-0.1,0.1089018,124.2,16.2,0.90780879
29,4033.5,2,0.1,0.1169715,124.2,16.2,0.90780879
29,4033.6,0,0.1,0.1169744,124.2,16.2,0.90780879
29,4033.8,0,0.2,0.1169802,124.3,16.2,0.90773456
24,4034.2,-5,0.4,0.0968208,124.3,16.2,0.90773456
29,4034.1,5,-0.1,0.1169889,124.3,16.2,0.90773456
32,4034.1,3,0,0.1290912,124.3,16.2,0.90773456
32,4034.2,0,0.1,0.1290944,124.3,16.2,0.90773456
32,4034.4,0,0.2,0.1291008,124.3,16.2,0.90773456
27,4034.7,-5,0.3,0.1089369,124.3,16.2,0.90773456
30,4034.8,3,0.1,0.121044,124.3,16.2,0.90773456
26,4035.1,-4,0.3,0.1049126,124.3,16.2,0.90773456
33,4034.9,7,-0.2,0.1331517,124.3,16.2,0.90773456
23,4035.5,-10,0.6,0.0928165,124.3,16.2,0.90773456
20,4035.8,-3,0.3,0.080716,124.3,16.2,0.90773456
24,4035.7,4,-0.1,0.0968568,124.3,16.2,0.90773456
28,4035.7,4,0,0.1129996,124.4,16.2,0.90766033
31,4035.6,3,-0.1,0.1251036,124.4,16.2,0.90766033
34,4035.6,3,0,0.1372104,124.4,16.2,0.90766033
25,4036.1,-9,0.5,0.1009025,124.4,16.2,0.90766033
26,4036.2,1,0.1,0.1049412,124.4,16.2,0.90766033
1700.1,3952.5,1674.1,-83.7,6.7196453,124.9,16.2,0.90728919
1703.1,3948.7,3,-3.8,6.725031,125.3,16.2,0.90699228
1697.2,3946.2,-5.9,-2.5,6.6974906,125.8,16.2,0.90662114
1696.1,3943.9,-1.1,-2.3,6.6892488,126.3,16.2,0.90625
1698.1,3941.8,2,-2.1,6.6935706,126.7,16.2,0.90595309
1705.1,3939.6,7,-2.2,6.717412,127.2,16.2,0.90558195
1701.1,3938.1,-4,-1.5,6.6991019,127.7,16.2,0.90521081
1694.1,3936.9,-7,-1.2,6.6695023,128.2,16.2,0.90483967
1697.2,3935.3,3.1,-1.6,6.6789912,128.6,16.2,0.90454276
1698.2,3933.8,1,-1.5,6.6803792,129.1,16.2,0.90417162
1698.2,3932.5,0,-1.3,6.6781715,129.6,16.2,0.90380048
1703.1,3931,4.9,-1.5,6.6948861,130,16.2,0.90350356
1701.1,3930,-2,-1,6.685323,130.5,16.2,0.90313242
1701.1,3928.8,0,-1.2,6.6832817,131,16.2,0.90276128
1699.1,3927.8,-2,-1,6.673725,131.5,16.2,0.90239014
1696.1,3927,-3,-0.8,6.6605847,131.9,16.2,0.90209323
1698.1,3925.8,2,-1.2,6.666401,132.4,16.2,0.90172209
1702.1,3924.7,4,-1.1,6.6802319,132.9,16.2,0.90135095
1701.2,3923.8,-0.9,-0.9,6.6751686,133.4,16.2,0.90097981
1701.2,3922.8,0,-1,6.6734674,133.8,16.2,0.9006829
1701.2,3921.9,0,-0.9,6.6719363,134.3,16.2,0.90031176
1699.2,3921.1,-2,-0.8,6.6627331,134.8,16.2,0.89994062
1699.2,3920.3,0,-0.8,6.6613738,135.2,16.2,0.89964371
1700.2,3919.5,1,-0.8,6.6639339,135.7,16.2,0.89927257
1699.2,3918.7,-1,-0.8,6.658655,136.2,16.2,0.89890143
1694.2,3918.2,-5,-0.5,6.6382144,136.7,16.2,0.89853029
1700.1,3917.1,5.9,-1.1,6.6594617,137.1,16.2,0.89823337
1701.1,3916.4,1,-0.7,6.662188,137.6,16.2,0.89786223
1698.2,3915.7,-2.9,-0.7,6.6496417,138.1,16.2,0.89749109
1701.1,3914.9,2.9,-0.8,6.6596364,138.5,16.2,0.89719418
1698.1,3914.4,-3,-0.5,6.6470426,139,16.2,0.89682304
1700.1,3913.6,2,-0.8,6.6535114,139.5,16.2,0.8964519
1697.1,3913.1,-3,-0.5,6.640922,140,16.2,0.89608076
1701.1,3912.2,4,-0.9,6.6550434,140.4,16.2,0.89578385
1705.1,3911.4,4,-0.8,6.6693281,140.9,16.2,0.89541271
1699.1,3911.1,-6,-0.3,6.64535,141.4,16.2,0.89504157
1695.1,3910.7,-4,-0.4,6.6290276,141.9,16.2,0.89467043
1702.1,3909.7,7,-1,6.6547004,142.3,16.2,0.89437352
1701.1,3909.2,-1,-0.5,6.6499401,142.8,16.2,0.89400238
1366.1,3925.4,-335,16.2,5.3624889,143.2,16.2,0.89370546
1043.1,3941.8,-323,16.4,4.1116916,143.5,16.2,0.89348278
709.1,3959.3,-334,17.5,2.8075396,143.7,16.2,0.89333432
381.1,3976.9,-328,17.6,1.5155966,143.8,16.2,0.8932601
380.1,3978.7,-1,1.8,1.5123039,143.9,16.2,0.89318587
383.1,3979.8,3,1.1,1.5246614,144,16.2,0.89311164
382.1,3981,-1,1.2,1.5211401,144.1,16.2,0.89303741
382.1,3981.9,0,0.9,1.521484,144.2,16.2,0.89296318
380.1,3982.9,-2,1,1.5139003,144.3,16.2,0.89288895
381.1,3983.7,1,0.8,1.5181881,144.4,16.2,0.89281473
378.1,3984.6,-3,0.9,1.5065773,144.5,16.2,0.8927405
377.2,3985.3,-0.9,0.7,1.5032552,144.6,16.2,0.89266627
377.1,3985.9,-0.1,0.6,1.5030829,144.7,16.2,0.89259204
381.2,3986.3,4.1,0.4,1.5195776,144.8,16.2,0.89251781
384.1,3986.8,2.9,0.5,1.5313299,144.9,16.2,0.89244359
385.1,3987.3,1,0.5,1.5355092,145,16.2,0.89236936
384.1,3987.7,-1,0.4,1.5316756,145.1,16.2,0.89229513
379.1,3988.5,-5,0.8,1.5120403,145.3,16.2,0.89214667
384.1,3988.7,5,0.2,1.5320597,145.4,16.2,0.89207245
377.1,3989.5,-7,0.8,1.5044404,145.5,16.2,0.89199822
960,3960.6,582.9,-28.9,3.802176,145.7,16.2,0.89184976
1545.1,3930.4,585.1,-30.2,6.072861,146.2,16.2,0.89147862
2125.2,3899.4,580.1,-31,8.2870049,146.7,16.2,0.89110748
2124.2,3896.6,-1,-2.8,8.2771577,147.3,16.2,0.89066211
2125.2,3894.3,1,-2.3,8.2761664,147.9,16.2,0.89021675
2123.2,3892.5,-2,-1.8,8.264556,148.5,16.2,0.88977138
2124.2,3890.7,1,-1.8,8.2646249,149.1,16.2,0.88932601
2122.3,3889.2,-1.9,-1.5,8.2540492,149.7,16.2,0.88888064
2121.2,3887.9,-1.1,-1.3,8.2470135,150.3,16.2,0.88843527
2119.3,3886.6,-1.9,-1.3,8.2368714,150.9,16.2,0.8879899
2126.2,3885.1,6.9,-1.5,8.2604996,151.5,16.2,0.88754454
2124.3,3884,-1.9,-1.1,8.2507812,152.1,16.2,0.88709917
2127.2,3882.7,2.9,-1.3,8.2592794,152.6,16.2,0.88672803
2121.2,3881.9,-6,-0.8,8.2342863,153.2,16.2,0.88628266
2120.2,3880.9,-1,-1,8.2282842,153.8,16.2,0.88583729
2124.3,3879.8,4.1,-1.1,8.2418591,154.4,16.2,0.88539192
2120.3,3879,-4,-0.8,8.2246437,155,16.2,0.88494656
2120.3,3878.1,0,-0.9,8.2227354,155.6,16.2,0.88450119
2123.2,3877,2.9,-1.1,8.2316464,156.2,16.2,0.88405582
2116.2,3876.5,-7,-0.5,8.2034493,156.8,16.2,0.88361045
2121.2,3875.4,5,-1.1,8.2204985,157.4,16.2,0.88316508
2121.2,3874.6,0,-0.8,8.2188015,158,16.2,0.88271971
2118.3,3873.9,-2.9,-0.7,8.2060824,158.5,16.2,0.88234857
2122.2,3872.9,3.9,-1,8.2190684,159.1,16.2,0.88190321
2124.2,3872,2,-0.9,8.2249024,159.7,16.2,0.88145784
2123.2,3871.3,-1,-0.7,8.2195442,160.3,16.2,0.88101247
2125.2,3870.4,2,-0.9,8.2253741,160.9,16.2,0.8805671
2128.2,3869.6,3,-0.8,8.2352827,161.5,16.2,0.88012173
2127.2,3868.9,-1,-0.7,8.2299241,162.1,16.2,0.87967637
2116.2,3868.7,-11,-0.2,8.1869429,162.7,16.2,0.879231
2128.2,3867.4,12,-1.3,8.2306007,163.3,16.2,0.87878563
2122.2,3867,-6,-0.4,8.2065474,163.8,16.2,0.87841449
2124.2,3866.2,2,-0.8,8.212582,164.4,16.2,0.87796912
2120.3,3865.7,-3.9,-0.5,8.1964437,165,16.2,0.87752375
2118.2,3865.2,-2.1,-0.5,8.1872666,165.6,16.2,0.87707838
2123.2,3864.4,5,-0.8,8.2048941,166.2,16.2,0.87663302
2121.2,3863.8,-2,-0.6,8.1958926,166.8,16.2,0.87618765
2127.2,3862.9,6,-0.9,8.2171609,167.4,16.2,0.87574228
1756.2,3880.9,-371,18,6.8156366,167.9,16.2,0.87537114
1390.2,3899.6,-366,18.7,5.4212239,168.3,16.2,0.87507423
1020.2,3919.1,-370,19.5,3.9982658,168.5,16.2,0.87492577
1017.1,3920.8,-3.1,1.7,3.9878457,168.8,16.2,0.87470309
1029.1,3921.3,12,0.5,4.0354098,169.1,16.2,0.8744804
1018.1,3922.7,-11,1.4,3.9937009,169.4,16.2,0.87425772
1020,3923.4,1.9,0.7,4.001868,169.7,16.2,0.87403504
1025,3923.9,5,0.5,4.0219975,170,16.2,0.87381235
1022,3924.6,-3,0.7,4.0109412,170.2,16.2,0.8736639
1018,3925.4,-4,0.8,3.9960572,170.5,16.2,0.87344121
922.1,3930.7,-95.9,5.3,3.6244985,170.8,16.2,0.87321853
840,3935.5,-82.1,4.8,3.30582,171,16.2,0.87307007
745.2,3941.1,-94.8,5.6,2.9369077,171.2,16.2,0.87292162
650.1,3946.8,-95.1,5.7,2.5658147,171.4,16.2,0.87277316
561.2,3952.3,-88.9,5.5,2.2180308,171.6,16.2,0.8726247
472.1,3957.8,-89.1,5.5,1.8684774,171.7,16.2,0.87255048
380.3,3963.6,-91.8,5.8,1.5073571,171.8,16.2,0.87247625
376.2,3965,-4.1,1.4,1.491633,171.9,16.3,0.87240202
378.1,3966.1,1.9,1.1,1.4995824,172,16.3,0.87232779
375.1,3967.2,-3,1.1,1.4880967,172.1,16.3,0.87225356
377.1,3968.1,2,0.9,1.4963705,172.2,16.3,0.87217933
376.1,3969,-1,0.9,1.4927409,172.3,16.3,0.87210511
372.1,3970.1,-4,1.1,1.4772742,172.4,16.3,0.87203088
374.1,3970.8,2,0.7,1.4854763,172.5,16.3,0.87195665
375.1,3971.5,1,0.7,1.4897096,172.6,16.3,0.87188242
376.1,3972.2,1,0.7,1.4939444,172.7,16.3,0.87180819
377.1,3972.8,1,0.6,1.4981429,172.8,16.3,0.87173397
380.1,3973.3,3,0.5,1.5102513,172.9,16.3,0.87165974
376.1,3974.2,-4,0.9,1.4946966,173.1,16.3,0.87151128
638.1,3961.7,262,-12.5,2.5279608,173.2,16.3,0.87143705
892.1,3949,254,-12.7,3.5229029,173.5,16.3,0.87121437
1164,3934.9,271.9,-14.1,4.5802236,173.8,16.3,0.87099169
1418.1,3921.2,254.1,-13.7,5.5606537,174.2,16.3,0.87069477
1681.1,3906.8,263,-14.4,6.5677215,174.7,16.3,0.87032363
1944.2,3891.9,263.1,-14.9,7.566632,175.2,16.3,0.86995249
1951.1,3889.6,6.9,-2.3,7.5889986,175.7,16.3,0.86958135
1947.2,3888.2,-3.9,-1.4,7.571103,176.3,16.3,0.86913599
1939.2,3887.1,-8,-1.1,7.5378643,176.8,16.3,0.86876485
1946.2,3885.4,7,-1.7,7.5617655,177.4,16.3,0.86831948
1940.2,3884.5,-6,-0.9,7.5367069,177.9,16.3,0.86794834
1946.1,3883.1,5.9,-1.4,7.5569009,178.4,16.3,0.8675772
1942.2,3882.3,-3.9,-0.8,7.5402031,179,16.3,0.86713183
1949.2,3880.9,7,-1.4,7.5646503,179.5,16.3,0.86676069
1941.2,3880.4,-8,-0.5,7.5326325,180.1,16.3,0.86631532
1949.2,3879,8,-1.4,7.5609468,180.6,16.3,0.86594418
1945.2,3878.4,-4,-0.6,7.5442637,181.1,16.3,0.86557304
1948.2,3877.4,3,-1,7.5539507,181.7,16.3,0.86512767
1945.2,3876.7,-3,-0.7,7.5409568,182.2,16.3,0.86475653
1946.3,3875.9,1.1,-0.8,7.5436642,182.8,16.3,0.86431116
1946.2,3875.1,-0.1,-0.8,7.5417196,183.3,16.3,0.86394002
1951.2,3874.2,5,-0.9,7.559339,183.9,16.3,0.86349466
1943.2,3873.8,-8,-0.4,7.5275682,184.4,16.3,0.86312352
1943.2,3873.2,0,-0.6,7.5264022,184.9,16.3,0.86275238
1937.2,3872.8,-6,-0.4,7.5023882,185.5,16.3,0.86230701
1950.1,3871.5,12.9,-1.3,7.5498122,186,16.3,0.86193587
1943.2,3871.3,-6.9,-0.2,7.5227102,186.6,16.3,0.8614905
1942.2,3870.7,-1,-0.6,7.5176735,187.1,16.3,0.86111936
1945.2,3870,3,-0.7,7.527924,187.6,16.3,0.86074822
1943.1,3869.5,-2.1,-0.5,7.5188255,188.2,16.3,0.86030285
1947.1,3868.7,4,-0.8,7.5327458,188.7,16.3,0.85993171
1935.2,3868.8,-11.9,0.1,7.4869018,189.2,16.3,0.85956057
1947.2,3867.6,12,-1.2,7.5309907,189.8,16.3,0.8591152
1948.2,3867,1,-0.6,7.5336894,190.3,16.3,0.85874406
1946.2,3866.6,-2,-0.4,7.5251769,190.9,16.3,0.85829869
1946.2,3866,0,-0.6,7.5240092,191.4,16.3,0.85792755
1946.2,3865.5,0,-0.5,7.5230361,192,16.3,0.85748219
1557.2,3884.6,-389,19.1,6.0490991,192.4,16.3,0.85718527
1171.1,3904.4,-386.1,19.8,4.5724428,192.7,16.3,0.85696259
787.1,3924.9,-384,20.5,3.0892888,192.9,16.3,0.85681413
396.1,3946.4,-391,21.5,1.563169,193,16.3,0.8567399
12,3967.9,-384.1,21.5,0.0476148,193,16.3,0.8567399
14,3970.6,2,2.7,0.0555884,193,16.3,0.8567399
8,3973.2,-6,2.6,0.0317856,193,16.3,0.8567399
20,3974.7,12,1.5,0.079494,193.1,16.3,0.85666568
12,3976.9,-8,2.2,0.0477228,193.1,16.3,0.85666568
15,3978.5,3,1.6,0.0596775,193.1,16.3,0.85666568
15,3980,0,1.5,0.0597,193.1,16.3,0.85666568
8,3981.9,-7,1.9,0.0318552,193.1,16.3,0.85666568
10,3983.2,2,1.3,0.039832,193.1,16.3,0.85666568
18,3984.1,8,0.9,0.0717138,193.1,16.3,0.85666568
13,3985.6,-5,1.5,0.0518128,193.1,16.3,0.85666568
11,3986.8,-2,1.2,0.0438548,193.1,16.3,0.85666568
11,3988,0,1.2,0.043868,193.1,16.3,0.85666568
10,3989.1,-1,1.1,0.039891,193.1,16.3,0.85666568
14,3989.9,4,0.8,0.0558586,193.1,16.3,0.85666568
15,3990.9,1,1,0.0598635,193.1,16.3,0.85666568
13,3991.9,-2,1,0.0518947,193.1,16.3,0.85666568
12,3992.8,-1,0.9,0.0479136,193.1,16.3,0.85666568
16,3993.6,4,0.8,0.0638976,193.1,16.3,0.85666568
14,3994.5,-2,0.9,0.055923,193.1,16.3,0.85666568
13,3995.4,-1,0.9,0.0519402,193.1,16.3,0.85666568
7,3996.5,-6,1.1,0.0279755,193.1,16.3,0.85666568
13,3996.9,6,0.4,0.0519597,193.1,16.3,0.85666568
13,3997.7,0,0.8,0.0519701,193.1,16.3,0.85666568
8,3998.7,-5,1,0.0319896,193.1,16.3,0.85666568
14,3999.1,6,0.4,0.0559874,193.1,16.3,0.85666568
12,3999.9,-2,0.8,0.0479988,193.1,16.3,0.85666568
14,4000.5,2,0.6,0.056007,193.1,16.3,0.85666568
7,4001.5,-7,1,0.0280105,193.1,16.3,0.85666568
14,4001.7,7,0.2,0.0560238,193.1,16.3,0.85666568
13,4002.4,-1,0.7,0.0520312,193.1,16.3,0.85666568
15,4002.9,2,0.5,0.0600435,193.2,16.3,0.85659145
14,4003.5,-1,0.6,0.056049,193.2,16.3,0.85659145
13,4004.2,-1,0.7,0.0520546,193.2,16.3,0.85659145
14,4004.6,1,0.4,0.0560644,193.2,16.3,0.85659145
725,3969.8,711,-34.8,2.878105,193.4,16.3,0.85644299
1443.1,3932.9,718.1,-36.9,5.675568,193.8,16.3,0.85614608
2159.2,3894.8,716.1,-38.1,8.4096522,194.4,16.3,0.85570071
2156.2,3891.4,-3,-3.4,8.3906367,195,16.3,0.85525534
2158.2,3888.4,2,-3,8.3919449,195.6,16.3,0.85480998
2158.3,3885.9,0.1,-2.5,8.386938,196.2,16.3,0.85436461
2157.3,3883.7,-1,-2.2,8.378306,196.8,16.3,0.85391924
2160.2,3881.5,2.9,-2.2,8.3848163,197.4,16.3,0.85347387
2165.2,3879.3,5,-2.2,8.3994604,198,16.3,0.8530285
2153.3,3878.2,-11.9,-1.1,8.3509281,198.6,16.3,0.85258314
2160.3,3876.1,7,-2.1,8.3735388,199.2,16.3,0.85213777
2161.2,3874.5,0.9,-1.6,8.3735694,199.8,16.3,0.8516924
1660.2,3898,-501,23.5,6.4714596,200.2,16.3,0.85139549
1163.1,3922.5,-497.1,24.5,4.5622597,200.5,16.3,0.8511728
662.1,3948.2,-501,25.7,2.6141032,200.7,16.3,0.85102435
165.2,3974.6,-496.9,26.4,0.65660392,200.8,16.3,0.85095012
-337,4001.8,-502.2,27.2,-1.3486066,200.7,16.3,0.85102435
-336,4004.7,1,2.9,-1.3455792,200.6,16.3,0.85109857
-328,4006.6,8,1.9,-1.3141648,200.5,16.3,0.8511728
-331.9,4009,-3.9,2.4,-1.3305871,200.4,16.3,0.85124703
-330.1,4010.7,1.8,1.7,-1.3239321,200.3,16.3,0.85132126
-340,4012.9,-9.9,2.2,-1.364386,200.2,16.3,0.85139549
-332.1,4014,7.9,1.1,-1.3330494,200.1,16.3,0.85146971
-332,4015.5,0.1,1.5,-1.333146,200,16.3,0.85154394
-333,4016.9,-1,1.4,-1.3376277,199.9,16.3,0.85161817
194.1,3992,527.1,-24.9,0.7748472,200,16.3,0.85154394
715,3966,520.9,-26,2.83569,200.2,16.3,0.85139549
1237,3939,522,-27,4.872543,200.5,16.3,0.8511728
1764.1,3910.8,527.1,-28.2,6.8990423,201,16.3,0.85080166
1762.2,3908.2,-1.9,-2.6,6.88703,201.5,16.3,0.85043052
1758.2,3906.2,-4,-2,6.8678808,202,16.3,0.85005938
1763.2,3904.2,5,-2,6.8838854,202.5,16.3,0.84968824
1765.2,3902.3,2,-1.9,6.88834,203,16.3,0.8493171
1759.2,3901.1,-6,-1.2,6.8628151,203.5,16.3,0.84894596
1763.2,3899.6,4,-1.5,6.8757747,204,16.3,0.84857482
1767.2,3898,4,-1.6,6.8885456,204.5,16.3,0.84820368
1763.2,3897,-4,-1,6.8711904,204.9,16.3,0.84790677
1760.2,3896,-3,-1,6.8577392,205.4,16.3,0.84753563
1759.2,3894.9,-1,-1.1,6.8519081,205.9,16.3,0.84716449
1764.2,3893.7,5,-1.2,6.8692655,206.4,16.3,0.84679335
1761.2,3892.8,-3,-0.9,6.8559994,206.9,16.3,0.84642221
1765.2,3891.6,4,-1.2,6.8694523,207.4,16.3,0.84605107
1761.2,3890.9,-4,-0.7,6.8526531,207.9,16.3,0.84567993
1761.2,3890,0,-0.9,6.851068,208.4,16.3,0.84530879
1759.2,3889.3,-2,-0.7,6.8420566,208.9,16.3,0.84493765
1761.1,3888.3,1.9,-1,6.8476851,209.3,16.3,0.84464074
1762.1,3887.5,1,-0.8,6.8501638,209.8,16.3,0.8442696
1759.2,3886.9,-2.9,-0.6,6.8378345,210.3,16.3,0.84389846
1756.2,3886.3,-3,-0.6,6.8251201,210.8,16.3,0.84352732
1764.2,3885.1,8,-1.2,6.8540934,211.3,16.3,0.84315618
1759.2,3884.7,-5,-0.4,6.8339642,211.8,16.3,0.84278504
1758.3,3884,-0.9,-0.7,6.8292372,212.3,16.3,0.8424139
1763.2,3883.1,4.9,-0.9,6.8466819,212.8,16.3,0.84204276
1764.2,3882.4,1,-0.7,6.8493301,213.3,16.3,0.84167162
1767.2,3881.6,3,-0.8,6.8595635,213.8,16.3,0.84130048
1763.2,3881.1,-4,-0.5,6.8431555,214.2,16.3,0.84100356
1770.2,3880.1,7,-1,6.868553,214.7,16.3,0.84063242
1760.2,3880,-10,-0.1,6.829576,215.2,16.3,0.84026128
1561.2,3889.4,-199,9.4,6.0721313,215.7,16.3,0.83989014
1360.1,3899.4,-201.1,10,5.3035739,216,16.3,0.83966746
1157.1,3909.8,-203,10.4,4.5240296,216.4,16.3,0.83937055
953.1,3920.6,-204,10.8,3.7367239,216.6,16.3,0.83922209
750.1,3931.8,-203,11.2,2.9492432,216.8,16.3,0.83907363
554.1,3942.9,-196,11.1,2.1847609,217,16.3,0.83892518
348.2,3954.6,-205.9,11.7,1.3769917,217.1,16.3,0.83885095
152.2,3966.1,-196,11.5,0.60364042,217.1,16.3,0.83885095
-50,3978.1,-202.2,12,-0.198905,217.1,16.3,0.83885095
-255.1,3990.4,-205.1,12.3,-1.017951,217,16.3,0.83892518
-258.1,3992.8,-3,2.4,-1.0305417,217,16.3,0.83892518
-252.1,3994.6,6,1.8,-1.0070387,216.9,16.3,0.83899941
-253.1,3996.5,-1,1.9,-1.0115142,216.8,16.3,0.83907363
-249.1,3997.9,4,1.4,-0.99587689,216.8,16.3,0.83907363
-257.1,3999.9,-8,2,-1.0283743,216.7,16.3,0.83914786
-255.1,4001.3,2,1.4,-1.0207316,216.6,16.3,0.83922209
-256,4002.7,-0.9,1.4,-1.0246912,216.5,16.3,0.83929632
-252,4003.9,4,1.2,-1.0089828,216.5,16.3,0.83929632
-252,4005.2,0,1.3,-1.0093104,216.4,16.3,0.83937055
-253,4006.4,-1,1.2,-1.0136192,216.3,16.3,0.83944477
-252,4007.5,1,1.1,-1.00989,216.3,16.3,0.83944477
-251.1,4008.5,0.9,1,-1.0065343,216.2,16.3,0.839519
-253,4009.7,-1.9,1.2,-1.0144541,216.1,16.3,0.83959323
-251,4010.6,2,0.9,-1.0066606,216.1,16.3,0.83959323
-254,4011.7,-3,1.1,-1.0189718,216,16.3,0.83966746
-249.1,4012.4,4.9,0.7,-0.99948884,215.9,16.3,0.83974169
-251.1,4013.5,-2,1.1,-1.0077898,215.8,16.3,0.83981591
-255.1,4014.6,-4,1.1,-1.0241245,215.8,16.3,0.83981591
-252.1,4015.3,3,0.7,-1.0122571,215.7,16.3,0.83989014
-253.1,4016.2,-1,0.9,-1.0165002,215.6,16.3,0.83996437
-252.1,4017,1,0.8,-1.0126857,215.6,16.3,0.83996437
-252.1,4017.8,0,0.8,-1.0128874,215.5,16.3,0.8400386
-254.1,4018.7,-2,0.9,-1.0211517,215.4,16.3,0.84011283
-251.2,4019.2,2.9,0.5,-1.009623,215.4,16.3,0.84011283
-250,4019.9,1.2,0.7,-1.004975,215.3,16.3,0.84018705
-253.1,4020.8,-3.1,0.9,-1.0176645,215.2,16.3,0.84026128
-255,4021.6,-1.9,0.8,-1.025508,215.1,16.3,0.84033551
-250.1,4022,4.9,0.4,-1.0059022,215.1,16.3,0.84033551
-252,4022.7,-1.9,0.7,-1.0137204,215,16.3,0.84040974
-270.1,4024.3,-18.1,1.6,-1.0869634,214.9,16.3,0.84048397
-295,4026.2,-24.9,1.9,-1.187729,214.8,16.3,0.84055819
-317,4028,-22,1.8,-1.276876,214.8,16.3,0.84055819
-343,4030,-26,2,-1.38229,214.7,16.3,0.84063242
-359.9,4031.6,-16.9,1.6,-1.4509728,214.6,16.3,0.84070665
-384,4033.5,-24.1,1.9,-1.548864,214.5,16.3,0.84078088
-402.9,4035.2,-18.9,1.7,-1.6257821,214.3,16.3,0.84092933
-427,4037.2,-24.1,2,-1.7238844,214.2,16.3,0.84100356
-450.9,4039.1,-23.9,1.9,-1.8212302,214.1,16.3,0.84107779
-469.9,4040.9,-19,1.8,-1.8988189,214,16.3,0.84115202
-490,4042.6,-20.1,1.7,-1.980874,213.8,16.3,0.84130048
-516,4044.8,-26,2.2,-2.0871168,213.7,16.3,0.8413747
-537,4046.6,-21,1.8,-2.1730242,213.5,16.3,0.84152316
-531,4047.1,6,0.5,-2.1490101,213.4,16.3,0.84159739
-535,4048.1,-4,1,-2.1657335,213.2,16.3,0.84174584
-533,4048.7,2,0.6,-2.1579571,213.1,16.3,0.84182007
-535,4049.5,-2,0.8,-2.1664825,212.9,16.3,0.84196853
-530.1,4050,4.9,0.5,-2.146905,212.8,16.3,0.84204276
-538,4051.1,-7.9,1.1,-2.1794918,212.7,16.3,0.84211698
-530.1,4051.3,7.9,0.2,-2.1475941,212.5,16.3,0.84226544
-531.1,4052,-1,0.7,-2.1520172,212.4,16.3,0.84233967
-533,4052.7,-1.9,0.7,-2.1600891,212.2,16.3,0.84248812
-539,4053.6,-6,0.9,-2.1848904,212.1,16.3,0.84256235
-534,4054,5,0.4,-2.164836,211.9,16.3,0.84271081
-535.1,4054.6,-1.1,0.6,-2.1696165,211.8,16.3,0.84278504
2031.1,3927.6,2566.2,-127,7.9773484,212.3,16.3,0.8424139
2027.4,3922.3,-3.7,-5.3,7.952071,212.9,16.3,0.84196853
2037.2,3917.8,9.8,-4.5,7.9813422,213.5,16.3,0.84152316
2033.2,3914.6,-4,-3.2,7.9591647,214,16.3,0.84115202
2032.2,3911.6,-1,-3,7.9491535,214.6,16.3,0.84070665
2031.2,3908.9,-1,-2.7,7.9397577,215.1,16.3,0.84033551
2035.2,3906.3,4,-2.6,7.9501018,215.7,16.3,0.83989014
2032.3,3904.1,-2.9,-2.2,7.9343024,216.3,16.3,0.83944477
2034.2,3901.8,1.9,-2.3,7.9370416,216.8,16.3,0.83907363
2034.2,3899.8,0,-2,7.9329732,217.4,16.3,0.83862827
2034.2,3897.8,0,-2,7.9289048,218,16.3,0.8381829
2030.2,3896.1,-4,-1.7,7.9098622,218.5,16.3,0.83781176
2029.2,3894.5,-1,-1.6,7.9027194,219.1,16.3,0.83736639
2036.2,3892.4,7,-2.1,7.9257049,219.7,16.3,0.83692102
2030.2,3891,-6,-1.4,7.8995082,220.2,16.3,0.83654988
2034.2,3889.3,4,-1.7,7.9116141,220.8,16.3,0.83610451
2033.2,3887.8,-1,-1.5,7.904675,221.4,16.3,0.83565914
2037.2,3886.2,4,-1.6,7.9169666,221.9,16.3,0.835288
2031.2,3885,-6,-1.2,7.891212,222.5,16.3,0.83484264
2029.2,3883.7,-2,-1.3,7.880804,223.1,16.3,0.83439727
2036.2,3882,7,-1.7,7.9045284,223.6,16.3,0.83402613
2033.2,3880.9,-3,-1.1,7.8906459,224.2,16.3,0.83358076
2039.2,3879.3,6,-1.6,7.9106686,224.8,16.3,0.83313539
2029.2,3878.6,-10,-0.7,7.8704551,225.3,16.3,0.83276425
2032.1,3877.2,2.9,-1.4,7.8788581,225.9,16.3,0.83231888
2037.2,3875.8,5.1,-1.4,7.8957798,226.4,16.3,0.83194774
2035.2,3874.7,-2,-1.1,7.8857894,227,16.3,0.83150238
2028.2,3874,-7,-0.7,7.8572468,227.6,16.3,0.83105701
2037.2,3872.4,9,-1.6,7.8888533,228.1,16.3,0.83068587
2029.2,3871.7,-8,-0.7,7.8564536,228.7,16.3,0.8302405
2032.2,3870.6,3,-1.1,7.8658333,229.3,16.3,0.82979513
2040.2,3869.1,8,-1.5,7.8937378,229.8,16.3,0.82942399
2034.3,3868.4,-5.9,-0.7,7.8694861,230.4,16.3,0.82897862
2035.2,3867.4,0.9,-1,7.8709325,231,16.3,0.82853325
2020.2,3867.2,-15,-0.2,7.8125174,231.5,16.3,0.82816211
2018.2,3866.3,-2,-0.9,7.8029667,232.1,16.3,0.82771675
2007.2,3866,-11,-0.3,7.7598352,232.6,16.3,0.82734561
1997.1,3865.6,-10.1,-0.4,7.7199898,233.2,16.3,0.82690024
1981.2,3865.6,-15.9,0,7.6585267,233.7,16.3,0.8265291
1977.1,3865,-4.1,-0.6,7.6414915,234.3,16.3,0.82608373
1962.2,3865,-14.9,0,7.583903,234.8,16.3,0.82571259
1951.2,3864.8,-11,-0.2,7.5409978,235.4,16.3,0.82526722
1943.2,3864.5,-8,-0.3,7.5094964,235.9,16.3,0.82489608
1948.2,3863.5,5,-1,7.5268707,236.5,16.3,0.82445071
1946.2,3863,-2,-0.5,7.5181706,237,16.3,0.82407957
1943.3,3862.4,-2.9,-0.6,7.5058019,237.5,16.3,0.82370843
1949.2,3861.4,5.9,-1,7.5266409,238.1,16.3,0.82326306
1940.2,3861.2,-9,-0.2,7.4915002,238.6,16.3,0.82289192
1943.2,3860.3,3,-0.9,7.501335,239.2,16.3,0.82244656
2099.2,3851.9,156,-8.4,8.0859085,239.8,16.3,0.82200119
2102.2,3850.7,3,-1.2,8.0949415,240.3,16.3,0.82163005
2100.2,3849.9,-2,-0.8,8.08556,240.9,16.3,0.82118468
2098.2,3849.1,-2,-0.8,8.0761816,241.5,16.3,0.82073931
2104.2,3847.9,6,-1.2,8.0967512,242.1,16.3,0.82029394
2098.2,3847.4,-6,-0.5,8.0726147,242.7,16.3,0.81984857
2099.2,3846.6,1,-0.8,8.0747827,243.3,16.3,0.81940321
2099.2,3845.8,0,-0.8,8.0731034,243.8,16.3,0.81903207
2094.3,3845.2,-4.9,-0.6,8.0530024,244.4,16.3,0.8185867
2098.2,3844.3,3.9,-0.9,8.0661103,245,16.3,0.81814133
2092.3,3843.8,-5.9,-0.5,8.0423827,245.6,16.3,0.81769596
2099.2,3842.8,6.9,-1,8.0668058,246.2,16.3,0.81725059
2097.3,3842.2,-1.9,-0.6,8.0582461,246.7,16.3,0.81687945
2095.2,3841.5,-2.1,-0.7,8.0487108,247.3,16.3,0.81643409
2103.2,3840.5,8,-1,8.0773396,247.9,16.3,0.81598872
2099.2,3839.9,-4,-0.6,8.0607181,248.5,16.3,0.81554335
1814.3,3853.6,-284.9,13.7,6.9915865,249,16.3,0.81517221
1529.2,3868.1,-285.1,14.5,5.9150985,249.4,16.3,0.8148753
1247.2,3882.9,-282,14.8,4.8427529,249.8,16.3,0.81457838
1249,3883.9,1.8,1,4.8509911,250.1,16.3,0.8143557
1248.1,3884.7,-0.9,0.8,4.8484941,250.5,16.3,0.81405879
1249,3885.3,0.9,0.6,4.8527397,250.8,16.3,0.8138361
1244.1,3886.1,-4.9,0.8,4.834697,251.2,16.3,0.81353919
1248.1,3886.4,4,0.3,4.8506158,251.5,16.3,0.81331651
1245.1,3886.9,-3,0.5,4.8395792,251.8,16.3,0.81309382
1242.1,3887.4,-3,0.5,4.8285395,252.2,16.3,0.81279691
1244.1,3887.6,2,0.2,4.8365632,252.5,16.3,0.81257423
1250.1,3887.6,6,0,4.8598888,252.9,16.3,0.81227732
1248.1,3888,-2,0.4,4.8526128,253.2,16.3,0.81205463
1246.1,3888.3,-2,0.3,4.8452106,253.6,16.3,0.81175772
1243.1,3888.6,-3,0.3,4.8339187,253.9,16.3,0.81153504
1240.1,3889,-3,0.4,4.8227489,254.3,16.3,0.81123812
1241.1,3889.1,1,0.1,4.826762,254.6,16.3,0.81101544
1248.1,3888.9,7,-0.2,4.8537361,255,16.3,0.81071853
1243.1,3889.3,-5,0.4,4.8347888,255.3,16.3,0.81049584
1248.1,3889.2,5,-0.1,4.8541105,255.7,16.3,0.81019893
1244.2,3889.6,-3.9,0.4,4.8394403,256,16.3,0.80997625
1247.1,3889.5,2.9,-0.1,4.8505955,256.3,16.3,0.80975356
1248.1,3889.5,1,0,4.8544849,256.7,16.4,0.80945665
1243.1,3889.9,-5,0.4,4.8355347,257,16.4,0.80923397
1247.1,3889.8,4,-0.1,4.8509696,257.4,16.4,0.80893705
1243.1,3890,-4,0.2,4.835659,257.7,16.4,0.80871437
1291.1,3887.7,48,-2.3,5.0194095,258.1,16.4,0.80841746
1343.1,3885,52,-2.7,5.2179435,258.5,16.4,0.80812055
1391.1,3882.4,48,-2.6,5.4008066,258.8,16.4,0.80789786
1437.2,3879.8,46.1,-2.6,5.5760486,259.2,16.4,0.80760095
1489.1,3876.9,51.9,-2.9,5.7730918,259.7,16.4,0.80722981
1536.2,3874.1,47.1,-2.8,5.9513924,260.1,16.4,0.8069329
1581.1,3871.3,44.9,-2.8,6.1209124,260.5,16.4,0.80663599
1632.2,3868.2,51.1,-3.1,6.313676,261,16.4,0.80626485
1633.1,3867.6,0.9,-0.6,6.3161776,261.4,16.4,0.80596793
1640.2,3866.7,7.1,-0.9,6.3421613,261.9,16.4,0.80559679
1635.1,3866.4,-5.1,-0.3,6.3219506,262.3,16.4,0.80529988
1634.1,3866,-1,-0.4,6.3174306,262.8,16.4,0.80492874
1637.2,3865.4,3.1,-0.6,6.3284329,263.3,16.4,0.8045576
1637,3865,-0.2,-0.4,6.327005,263.7,16.4,0.80426069
1637.1,3864.5,0.1,-0.5,6.326573,264.2,16.4,0.80388955
1637.1,3864.1,0,-0.4,6.3259181,264.6,16.4,0.80359264
1633.2,3863.9,-3.9,-0.2,6.3105215,265.1,16.4,0.8032215
1639.1,3863.3,5.9,-0.6,6.332335,265.5,16.4,0.80292458
1635.1,3863.1,-4,-0.2,6.3165548,266,16.4,0.80255344
1636.1,3862.7,1,-0.4,6.3197635,266.4,16.4,0.80225653
1633.2,3862.5,-2.9,-0.2,6.308235,266.9,16.4,0.80188539
1634.1,3862.1,0.9,-0.4,6.3110576,267.3,16.4,0.80158848
1635.1,3861.7,1,-0.4,6.3142657,267.8,16.4,0.80121734
1639.1,3861.2,4,-0.5,6.3288929,268.3,16.4,0.8008462
1629.1,3861.4,-10,0.2,6.2906067,268.7,16.4,0.80054929
1636.1,3860.7,7,-0.7,6.3164913,269.2,16.4,0.80017815
1636.1,3860.4,0,-0.3,6.3160004,269.6,16.4,0.79988124
1632.1,3860.3,-4,-0.1,6.3003956,270.1,16.4,0.7995101
1638.1,3859.7,6,-0.6,6.3225746,270.5,16.4,0.79921318
1636.1,3859.5,-2,-0.2,6.314528,271,16.4,0.79884204
1640.1,3858.9,4,-0.6,6.3289819,271.4,16.4,0.79854513
1628.1,3859.3,-12,0.4,6.2833263,271.9,16.4,0.79817399
1630.1,3858.9,2,-0.4,6.2903929,272.3,16.4,0.79787708
1633.1,3858.4,3,-0.5,6.301153,272.8,16.4,0.79750594
1661,3856.8,27.9,-1.6,6.4061448,273.3,16.4,0.7971348
1676.1,3855.7,15.1,-1.1,6.4625388,273.7,16.4,0.79683789
1701,3854,24.9,-1.7,6.555654,274.2,16.4,0.79646675
1722.2,3852.5,21.2,-1.5,6.6347755,274.7,16.4,0.79609561
1751.1,3850.6,28.9,-1.9,6.7427857,275.2,16.4,0.79572447
1769.1,3849.2,18,-1.4,6.8096197,275.6,16.4,0.79542755
1793.2,3847.5,24.1,-1.7,6.899337,276.1,16.4,0.79505641
1812.2,3846,19,-1.5,6.9697212,276.6,16.4,0.79468527
1836.2,3844.3,24,-1.7,7.0589037,277.2,16.4,0.7942399
1859.2,3842.5,23,-1.8,7.143976,277.7,16.4,0.79386876
1886.2,3840.6,27,-1.9,7.2441397,278.2,16.4,0.79349762
1906.2,3838.9,20,-1.7,7.3177112,278.7,16.4,0.79312648
1926.2,3837.2,20,-1.7,7.3912146,279.3,16.4,0.79268112
1928.2,3836.5,2,-0.7,7.3975393,279.8,16.4,0.79230998
1930.2,3835.8,2,-0.7,7.4038612,280.3,16.4,0.79193884
1932.2,3835,2,-0.8,7.409987,280.9,16.4,0.79149347
1927.2,3834.7,-5,-0.3,7.3902338,281.4,16.4,0.79112233
1925.2,3834.2,-2,-0.5,7.3816018,281.9,16.4,0.79075119
1929.2,3833.5,4,-0.7,7.3955882,282.5,16.4,0.79030582
1925.1,3833.1,-4.1,-0.4,7.3791008,283,16.4,0.78993468
1929.2,3832.4,4.1,-0.7,7.3934661,283.5,16.4,0.78956354
1928.2,3831.9,-1,-0.5,7.3886696,284.1,16.4,0.78911817
1926.2,3831.5,-2,-0.4,7.3802353,284.6,16.4,0.78874703
1929.3,3830.9,3.1,-0.6,7.3909554,285.2,16.4,0.78830166
1927.2,3830.4,-2.1,-0.5,7.3819469,285.7,16.4,0.78793052
1923.2,3830.2,-4,-0.2,7.3662406,286.2,16.4,0.78755938
1924.2,3829.6,1,-0.6,7.3689163,286.8,16.4,0.78711401
1929.2,3828.9,5,-0.7,7.3867139,287.3,16.4,0.78674287
1928.2,3828.5,-1,-0.4,7.3821137,287.8,16.4,0.78637173
1925.2,3828.2,-3,-0.3,7.3700506,288.4,16.5,0.78592637
1928.2,3827.6,3,-0.6,7.3803783,288.9,16.5,0.78555523
1927.2,3827.2,-1,-0.4,7.3757798,289.4,16.5,0.78518409
1925.2,3826.8,-2,-0.4,7.3673554,290,16.5,0.78473872
1929.2,3826.2,4,-0.6,7.381505,290.5,16.5,0.78436758
1591.2,3842.8,-338,16.6,6.1146634,290.9,16.5,0.78407067
1593.2,3843.1,2,0.3,6.1228269,291.4,16.5,0.78369952
1592.1,3843.5,-1.1,0.4,6.1192364,291.8,16.5,0.78340261
1585.1,3844,-7,0.5,6.0931244,292.3,16.5,0.78303147
1592.1,3843.7,7,-0.3,6.1195548,292.7,16.5,0.78273456
1595.1,3843.6,3,-0.1,6.1309264,293.2,16.5,0.78236342
1592.1,3843.8,-3,0.2,6.119714,293.6,16.5,0.78206651
1592.1,3843.9,0,0.1,6.1198732,294,16.5,0.7817696
1595.2,3843.7,3.1,-0.2,6.1314702,294.5,16.5,0.78139846
1591.2,3843.9,-4,0.2,6.1164137,294.9,16.5,0.78110154
1593.1,3843.8,1.9,-0.1,6.1235578,295.4,16.5,0.7807304
1592.1,3843.8,-1,0,6.119714,295.8,16.5,0.78043349
1593.2,3843.7,1.1,-0.1,6.1237828,296.3,16.5,0.78006235
1591.2,3843.7,-2,0,6.1160954,296.7,16.5,0.77976544
1595.2,3843.5,4,-0.2,6.1311512,297.1,16.5,0.77946853
1594.2,3843.4,-1,-0.1,6.1271483,297.6,16.5,0.77909739
1505.2,3847.8,-89,4.4,5.7917086,298,16.5,0.77880048
1420.2,3852.3,-85,4.5,5.4710365,298.4,16.5,0.77850356
1326.1,3857.4,-94.1,5.1,5.1152981,298.8,16.5,0.77820665
1235.1,3862.4,-91,5,4.7704502,299.1,16.5,0.77798397
1149.1,3867.4,-86,5,4.4440293,299.4,16.5,0.77776128
1056.1,3872.8,-93,5.4,4.0900641,299.7,16.5,0.7775386
969,3878.1,-87.1,5.3,3.7578789,300,16.5,0.77731591
971.1,3879.1,2.1,1,3.766994,300.3,16.5,0.77709323
973,3879.8,1.9,0.7,3.7750454,300.5,16.5,0.77694477
979.1,3880.3,6.1,0.5,3.7992017,300.8,16.5,0.77672209
970.1,3881.4,-9,1.1,3.7653461,301.1,16.5,0.77649941
970.1,3882.1,0,0.7,3.7660252,301.3,16.5,0.77635095
971.1,3882.7,1,0.6,3.77049,301.6,16.5,0.77612827
970.1,3883.4,-1,0.7,3.7672863,301.9,16.5,0.77590558
972.1,3883.8,2,0.4,3.775442,302.1,16.5,0.77575713
968.1,3884.5,-4,0.7,3.7605845,302.4,16.5,0.77553444
969.1,3885,1,0.5,3.7649535,302.7,16.5,0.77531176
680.1,3900,-289,15,2.65239,302.9,16.5,0.7751633
686.1,3900.9,6,0.9,2.6764075,303.1,16.5,0.77501485
684.2,3902,-1.9,1.1,2.6697484,303.3,16.5,0.77486639
686.1,3902.9,1.9,0.9,2.6777797,303.4,16.5,0.77479216
687.1,3903.7,1,0.8,2.6822323,303.6,16.5,0.77464371
681.1,3904.8,-6,1.1,2.6595593,303.8,16.5,0.77449525
686.1,3905.3,5,0.5,2.6794263,304,16.5,0.77434679
683.1,3906.2,-3,0.9,2.6683252,304.2,16.5,0.77419834
687.1,3906.7,4,0.5,2.6842936,304.4,16.5,0.77404988
682.1,3907.5,-5,0.8,2.6653058,304.6,16.5,0.77390143
665.1,3909.1,-17,1.6,2.5999424,304.8,16.5,0.77375297
647.1,3910.7,-18,1.6,2.530614,305,16.5,0.77360451
638.2,3911.8,-8.9,1.1,2.4965108,305.1,16.5,0.77353029
621.1,3913.3,-17.1,1.5,2.4305506,305.3,16.5,0.77338183
601.1,3915,-20,1.7,2.3533065,305.5,16.5,0.77323337
588.1,3916.3,-13,1.3,2.303176,305.6,16.5,0.77315914
573.1,3917.7,-15,1.4,2.2452339,305.8,16.5,0.77301069
558.1,3919.1,-15,1.4,2.1872497,305.9,16.5,0.77293646
536.1,3920.9,-22,1.8,2.1019945,306.1,16.5,0.772788
525.1,3922.2,-11,1.3,2.0595472,306.2,16.5,0.77271378
504.1,3923.9,-21,1.7,1.978038,306.4,16.5,0.77256532
490.1,3925.3,-14,1.4,1.9237895,306.5,16.5,0.77249109
477.1,3926.7,-13,1.4,1.8734286,306.6,16.5,0.77241686
476,3927.5,-1.1,0.8,1.86949,306.8,16.5,0.77226841
472.1,3928.3,-3.9,0.8,1.8545504,306.9,16.5,0.77219418
478.1,3928.7,6,0.4,1.8783115,307,16.5,0.77211995
479.1,3929.2,1,0.5,1.8824797,307.2,16.5,0.7719715
600,3923.8,120.9,-5.4,2.35428,307.3,16.5,0.77189727
717.2,3918.2,117.2,-5.6,2.810133,307.5,16.5,0.77174881
836.1,3912.3,118.9,-5.9,3.271074,307.8,16.5,0.77152613
961,3905.8,124.9,-6.5,3.7534738,308,16.5,0.77137767
1080,3899.4,119,-6.4,4.211352,308.3,16.5,0.77115499
1201,3892.7,121,-6.7,4.6751327,308.7,16.5,0.77085808
1328.1,3885.5,127.1,-7.2,5.1603326,309,16.5,0.77063539
1442.1,3878.8,114,-6.7,5.5936175,309.4,16.5,0.77033848
1558.1,3871.8,116,-7,6.0326516,309.9,16.5,0.76996734
1688.1,3864,130,-7.8,6.5228184,310.3,16.5,0.76967043
1802.1,3856.8,114,-7.2,6.9503393,310.8,16.5,0.76929929
1930.2,3848.8,128.1,-8,7.4289538,311.4,16.5,0.76885392
1925.2,3847.3,-5,-1.5,7.406822,311.9,16.5,0.76848278
1928.2,3845.6,3,-1.7,7.4150859,312.5,16.5,0.76803741
1923.2,3844.3,-5,-1.3,7.3933578,313,16.5,0.76766627
1921.2,3843.1,-2,-1.2,7.3833637,313.5,16.5,0.76729513
1920.2,3841.9,-1,-1.2,7.3772164,314.1,16.5,0.76684976
1924.2,3840.4,4,-1.5,7.3896977,314.6,16.5,0.76647862
1921.1,3839.5,-3.1,-0.9,7.3760635,315.1,16.5,0.76610748
1924.2,3838.3,3.1,-1.2,7.3856569,315.7,16.5,0.76566211
1926.2,3837.1,2,-1.2,7.391022,316.2,16.5,0.76529097
1920.2,3836.4,-6,-0.7,7.3666553,316.7,16.5,0.76491983
1922.2,3835.3,2,-1.1,7.3722137,317.3,16.5,0.76447447
1924.2,3834.3,2,-1,7.3779601,317.8,16.5,0.76410333
1771.2,3841,-153,6.7,6.8031792,318.3,16.5,0.76373219
1616.2,3848.3,-155,7.3,6.2196225,318.7,16.5,0.76343527
1459.1,3856,-157.1,7.7,5.6262896,319.1,16.5,0.76313836
1308.1,3863.7,-151,7.7,5.054106,319.5,16.5,0.76284145
1150.2,3872,-157.9,8.3,4.4535744,319.8,16.5,0.76261876
996.1,3880.5,-154.1,8.5,3.865366,320.1,16.5,0.76239608
845.1,3888.9,-151,8.4,3.2865094,320.3,16.5,0.76224762
681.1,3898.2,-164,9.3,2.655064,320.5,16.5,0.76209917
527.1,3907.3,-154,9.1,2.0595378,320.7,16.5,0.76195071
371.1,3916.7,-156,9.4,1.4534874,320.8,16.5,0.76187648
222.2,3925.9,-148.9,9.2,0.87233498,320.8,16.5,0.76187648
63,3935.7,-159.2,9.8,0.2479491,320.9,16.5,0.76180226
66,3937.7,3,2,0.2598882,320.9,16.5,0.76180226
62,3939.7,-4,2,0.2442614,320.9,16.5,0.76180226
68,3941.1,6,1.4,0.2679948,320.9,16.5,0.76180226
62,3942.9,-6,1.8,0.2444598,320.9,16.5,0.76180226
61,3944.5,-1,1.6,0.2406145,320.9,16.5,0.76180226
61,3945.9,0,1.4,0.2406999,321,16.5,0.76172803
65,3947,4,1.1,0.256555,321,16.5,0.76172803
62,3948.4,-3,1.4,0.2448008,321,16.5,0.76172803
60,3949.7,-2,1.3,0.236982,321,16.5,0.76172803
66,3950.6,6,0.9,0.2607396,321,16.5,0.76172803
64,3951.8,-2,1.2,0.2529152,321,16.5,0.76172803
66,3952.7,2,0.9,0.2608782,321.1,16.5,0.7616538
62,3953.9,-4,1.2,0.2451418,321.1,16.5,0.7616538
60,3955.1,-2,1.2,0.237306,321.1,16.5,0.7616538
58,3956.1,-2,1,0.2294538,321.1,16.5,0.7616538
66,3956.7,8,0.6,0.2611422,321.1,16.5,0.7616538
67,3957.5,1,0.8,0.2651525,321.2,16.5,0.76157957
64,3958.5,-3,1,0.253344,321.2,16.5,0.76157957
64,3959.3,0,0.8,0.2533952,321.2,16.5,0.76157957
65,3960.1,1,0.8,0.2574065,321.2,16.5,0.76157957
61,3961.1,-4,1,0.2416271,321.2,16.5,0.76157957
61,3961.9,0,0.8,0.2416759,321.2,16.5,0.76157957
64,3962.4,3,0.5,0.2535936,321.3,16.5,0.76150534
61,3963.3,-3,0.9,0.2417613,321.3,16.5,0.76150534
68,3963.7,7,0.4,0.2695316,321.3,16.5,0.76150534
59,3964.8,-9,1.1,0.2339232,321.3,16.5,0.76150534
67,3965.1,8,0.3,0.2656617,321.3,16.5,0.76150534
649.1,3936.8,582.1,-28.3,2.5553769,321.5,16.5,0.76135689
659.1,3935.5,10,-1.3,2.5938881,321.7,16.5,0.76120843
652.1,3935.3,-7,-0.2,2.5662091,321.9,16.5,0.76105998
655.1,3934.7,3,-0.6,2.577622,322.1,16.5,0.76091152
655.1,3934.4,0,-0.3,2.5774254,322.2,16.5,0.76083729
655.1,3934.2,0,-0.2,2.5772944,322.4,16.5,0.76068884
657.1,3933.8,2,-0.4,2.5849,322.6,16.5,0.76054038
650.1,3934,-7,0.2,2.5574934,322.8,16.5,0.76039192
654.1,3933.7,4,-0.3,2.5730332,323,16.5,0.76024347
652.1,3933.6,-2,-0.1,2.5651006,323.1,16.5,0.76016924
647.1,3933.8,-5,0.2,2.545562,323.3,16.5,0.76002078
650.1,3933.5,3,-0.3,2.5571683,323.5,16.5,0.75987233
773.1,3927.3,123,-6.2,3.0361956,323.7,16.5,0.75972387
902.1,3920.5,129,-6.8,3.5366831,324,16.5,0.75950119
1028.1,3913.5,126,-7,4.0234694,324.3,16.5,0.7592785
1149,3906.6,120.9,-6.9,4.4886834,324.6,16.5,0.75905582
1270,3899.5,121,-7.1,4.952365,324.9,16.5,0.75883314
1395.1,3892.1,125.1,-7.4,5.4298687,325.3,16.5,0.75853622
1516.1,3884.6,121,-7.5,5.8894421,325.7,16.5,0.75823931
1646.1,3876.6,130,-8,6.3812713,326.2,16.5,0.75786817
1765.2,3868.9,119.1,-7.7,6.8293823,326.7,16.5,0.75749703
1894.2,3860.6,129,-8.3,7.3127485,327.2,16.5,0.75712589
1889.2,3858.9,-5,-1.7,7.2902339,327.7,16.5,0.75675475
1875.2,3857.8,-14,-1.1,7.2341466,328.3,16.5,0.75630938
1862.2,3856.8,-13,-1,7.182133,328.8,16.5,0.75593824
1844.2,3856.2,-18,-0.6,7.111604,329.3,16.5,0.7555671
1835.2,3855.3,-9,-0.9,7.0752466,329.8,16.5,0.75519596
1816.2,3854.9,-19,-0.4,7.0012694,330.3,16.5,0.75482482
1801.2,3854.4,-15,-0.5,6.9425453,330.8,16.5,0.75445368
1789.2,3853.8,-12,-0.6,6.895219,331.3,16.5,0.75408254
1769.2,3853.8,-20,0,6.818143,331.8,16.5,0.7537114
1756.2,3853.4,-13,-0.4,6.7673411,332.3,16.5,0.75334026
1744.2,3853.1,-12,-0.3,6.720577,332.8,16.5,0.75296912
1727.2,3853,-17,-0.1,6.6549016,333.2,16.5,0.75267221
1705.1,3853.2,-22.1,0.2,6.5700913,333.7,16.5,0.75230107
1698.1,3852.8,-7,-0.4,6.5424397,334.2,16.5,0.75192993
1681.2,3852.8,-16.9,0,6.4773274,334.7,16.5,0.75155879
1683.2,3852,2,-0.8,6.4836864,335.1,16.5,0.75126188
1675.2,3851.7,-8,-0.3,6.4523678,335.6,16.4,0.75089074
1676.1,3850.9,0.9,-0.8,6.4544935,336.1,16.4,0.7505196
1685.2,3849.8,9.1,-1.1,6.487683,336.5,16.4,0.75022268
1686.1,3849,0.9,-0.8,6.4897989,337,16.4,0.74985154
1678.1,3848.7,-8,-0.3,6.4585035,337.5,16.4,0.7494804
1681.2,3847.9,3.1,-0.8,6.4690895,337.9,16.4,0.74918349
1680.2,3847.3,-1,-0.6,6.4642335,338.4,16.4,0.74881235
1685.2,3846.4,5,-0.9,6.4819533,338.9,16.4,0.74844121
1683.2,3845.8,-2,-0.6,6.4732506,339.3,16.4,0.7481443
1681.2,3845.3,-2,-0.5,6.4647184,339.8,16.4,0.74777316
1677.1,3844.8,-4.1,-0.5,6.4481141,340.3,16.4,0.74740202
1681.1,3844,4,-0.8,6.4621484,340.7,16.4,0.74710511
1680.1,3843.5,-1,-0.5,6.4574643,341.2,16.4,0.74673397
1686.1,3842.6,6,-0.9,6.4790079,341.7,16.4,0.74636283
1681.2,3842.3,-4.9,-0.3,6.4596748,342.1,16.4,0.74606591
1681.1,3841.7,-0.1,-0.6,6.4582819,342.6,16.4,0.74569477
1684.2,3841,3.1,-0.7,6.4690122,343.1,16.5,0.74532363
1679.1,3840.7,-5.1,-0.3,6.4489194,343.5,16.5,0.74502672
1683.1,3840,4,-0.7,6.463104,344,16.5,0.74465558
1683.2,3839.4,0.1,-0.6,6.4624781,344.5,16.5,0.74428444
1683.2,3838.9,0,-0.5,6.4616365,344.9,16.5,0.74398753
1678.2,3838.6,-5,-0.3,6.4419385,345.4,16.5,0.74361639
1682.1,3837.9,3.9,-0.7,6.4557316,345.9,16.5,0.74324525
1680.2,3837.5,-1.9,-0.4,6.4477675,346.3,16.5,0.74294834
1688.2,3836.6,8,-0.9,6.4769481,346.8,16.5,0.7425772
1150.2,3863.2,-538,26.6,4.4434526,347.1,16.5,0.74235451
613.1,3891.1,-537.1,27.9,2.3856334,347.3,16.5,0.74220606
83,3919.7,-530.1,28.6,0.3253351,347.3,16.5,0.74220606
-453,3949.4,-536,29.7,-1.7890782,347.2,16.5,0.74228029
-451,3953.2,2,3.8,-1.7828932,347.1,16.5,0.74235451
-453,3956.6,-2,3.4,-1.7923398,346.9,16.5,0.74250297
-455,3959.6,-2,3,-1.801618,346.8,16.5,0.7425772
-450,3961.9,5,2.3,-1.782855,346.7,16.5,0.74265143
-453,3964.6,-3,2.7,-1.7959638,346.6,16.5,0.74272565
-449,3966.6,4,2,-1.7810034,346.4,16.5,0.74287411
-450,3968.8,-1,2.2,-1.78596,346.3,16.5,0.74294834
-452,3970.9,-2,2.1,-1.7948468,346.2,16.5,0.74302257
-453,3972.9,-1,2,-1.7997237,346.1,16.5,0.74309679
-448,3974.4,5,1.5,-1.7805312,345.9,16.5,0.74324525
-450.9,3976.3,-2.9,1.9,-1.7929137,345.8,16.5,0.74331948
-448.9,3977.9,2,1.6,-1.7856793,345.7,16.5,0.74339371
-448,3979.5,0.9,1.6,-1.782816,345.6,16.5,0.74346793
-449,3981.1,-1,1.6,-1.7875139,345.4,16.5,0.74361639
-452,3982.8,-3,1.7,-1.8002256,345.3,16.5,0.74369062
-453.9,3984.3,-1.9,1.5,-1.8084738,345.2,16.5,0.74376485
-457,3985.8,-3.1,1.5,-1.8215106,345.1,16.5,0.74383907
-453,3987,4,1.2,-1.806111,344.9,16.5,0.74398753
-448,3988.1,5,1.1,-1.7866688,344.8,16.5,0.74406176
-453,3989.6,-5,1.5,-1.8072888,344.7,16.5,0.74413599
-450,3990.7,3,1.1,-1.795815,344.6,16.5,0.74421021
-450,3991.9,0,1.2,-1.796355,344.4,16.5,0.74435867
-451,3993.1,-1,1.2,-1.8008881,344.3,16.5,0.7444329
-453,3994.3,-2,1.2,-1.8094179,344.2,16.5,0.74450713
-448,3995.2,5,0.9,-1.7898496,344.1,16.5,0.74458135
-456,3996.7,-8,1.5,-1.8224952,343.9,16.5,0.74472981
-448,3997.3,8,0.6,-1.7907904,343.8,16.5,0.74480404
-447.1,3998.3,0.9,1,-1.7876399,343.7,16.5,0.74487827
199.1,3967.3,646.2,-31,0.78988943,343.7,16.5,0.74487827
849,3934.3,649.9,-33,3.3402207,344,16.5,0.74465558
1499,3900,650,-34.3,5.8461,344.4,16.5,0.74435867
1493.2,3897.1,-5.8,-2.9,5.8191497,344.8,16.4,0.74406176
1492.1,3894.7,-1.1,-2.4,5.8112819,345.2,16.4,0.74376485
1494.2,3892.5,2.1,-2.2,5.8161735,345.6,16.4,0.74346793
1497.1,3890.4,2.9,-2.1,5.8243178,346,16.4,0.74317102
1497.2,3888.6,0.1,-1.8,5.8220119,346.5,16.4,0.74279988
1495.1,3887.1,-2.1,-1.5,5.8116032,346.9,16.4,0.74250297
1502.2,3885.2,7.1,-1.9,5.8363474,347.3,16.4,0.74220606
1491.1,3884.3,-11.1,-0.9,5.7918797,347.7,16.4,0.74190914
1499.2,3882.5,8.1,-1.8,5.820644,348.1,16.4,0.74161223
1499.1,3881.3,-0.1,-1.2,5.8184568,348.5,16.4,0.74131532
1498.2,3880.1,-0.9,-1.2,5.8131658,349,16.4,0.74094418
1500.1,3878.8,1.9,-1.3,5.8185879,349.4,16.4,0.74064727
1495.1,3877.9,-5,-0.9,5.7978483,349.8,16.4,0.74035036
1498.1,3876.7,3,-1.2,5.8076843,350.2,16.4,0.74005344
1493.2,3875.9,-4.9,-0.8,5.7874939,350.6,16.4,0.73975653
1494.1,3874.8,0.9,-1.1,5.7893387,351,16.4,0.73945962
1492.2,3873.9,-1.9,-0.9,5.7806336,351.5,16.4,0.73908848
1492.1,3872.9,-0.1,-1,5.7787541,351.9,16.4,0.73879157
1495.2,3871.9,3.1,-1,5.7892649,352.3,16.4,0.73849466
1496.1,3870.9,0.9,-1,5.7912535,352.7,16.4,0.73819774
1494.2,3870.1,-1.9,-0.8,5.7827034,353.1,16.4,0.73790083
1497.2,3869.1,3,-1,5.7928165,353.5,16.4,0.73760392
1491.2,3868.6,-6,-0.5,5.7688563,353.9,16.4,0.73730701
1493.1,3867.6,1.9,-1,5.7747136,354.4,16.4,0.73693587
1494.2,3866.8,1.1,-0.8,5.7777726,354.8,16.4,0.73663895
1493.1,3866.1,-1.1,-0.7,5.7724739,355.2,16.4,0.73634204
1495.1,3865.3,2,-0.8,5.77901,355.6,16.4,0.73604513
1498.1,3864.3,3,-1,5.7891078,356,16.4,0.73574822
1497.1,3863.7,-1,-0.6,5.7843453,356.4,16.4,0.73545131
1495.1,3863.1,-2,-0.6,5.7757208,356.8,16.4,0.73515439
1496.1,3862.4,1,-0.7,5.7785366,357.3,16.4,0.73478325
1495.1,3861.7,-1,-0.7,5.7736277,357.7,16.4,0.73448634
779.1,3897,-716,35.3,3.0361527,357.9,16.4,0.73433789
775,3898.4,-4.1,1.4,3.02126,358.1,16.4,0.73418943
783,3898.8,8,0.4,3.0527604,358.3,16.4,0.73404097
782,3899.5,-1,0.7,3.049409,358.5,16.4,0.73389252
776.1,3900.4,-5.9,0.9,3.0271004,358.8,16.4,0.73366983
774.1,3900.9,-2,0.5,3.0196867,359,16.4,0.73352138
774.1,3901.3,0,0.4,3.0199963,359.2,16.4,0.73337292
777.1,3901.5,3,0.2,3.0318557,359.4,16.4,0.73322447
776.1,3901.9,-1,0.4,3.0282646,359.6,16.4,0.73307601
779.1,3902,3,0.1,3.0400482,359.8,16.4,0.73292755
775.1,3902.5,-4,0.5,3.0248278,360.1,16.4,0.73270487
780.1,3902.4,5,-0.1,3.0442622,360.3,16.4,0.73255641
777.1,3902.8,-3,0.4,3.0328659,360.5,16.4,0.73240796
779.1,3902.9,2,0.1,3.0407494,360.7,16.4,0.7322595
785.1,3902.8,6,-0.1,3.0640883,360.9,16.4,0.73211105
781.1,3903.2,-4,0.4,3.0487895,361.1,16.4,0.73196259
774.2,3903.7,-6.9,0.5,3.0222445,361.4,16.4,0.7317399
778.1,3903.6,3.9,-0.1,3.0373912,361.6,16.4,0.73159145
776.1,3903.9,-2,0.3,3.0298168,361.8,16.4,0.73144299
784.1,3903.6,8,-0.3,3.0608128,362,16.4,0.73129454
775.1,3904.2,-9,0.6,3.0261454,362.2,16.4,0.73114608
779.1,3904.1,4,-0.1,3.0416843,362.4,16.4,0.73099762
775,3904.4,-4.1,0.3,3.02591,362.7,16.4,0.73077494
778,3904.4,3,0,3.0376232,362.9,16.4,0.73062648
776.1,3904.6,-1.9,0.2,3.0303601,363.1,16.4,0.73047803
776.1,3904.6,0,0,3.0303601,363.3,16.4,0.73032957
782.1,3904.5,6,-0.1,3.0537094,363.5,16.4,0.73018112
772.1,3905,-10,0.5,3.0150505,363.7,16.4,0.73003266
782.1,3904.6,10,-0.4,3.0537877,363.9,16.4,0.7298842
776.1,3905,-6,0.4,3.0306705,364.2,16.4,0.72966152
775.1,3905.1,-1,0.1,3.026843,364.4,16.4,0.72951306
779.1,3905,4,-0.1,3.0423855,364.6,16.4,0.72936461
782.1,3904.9,3,-0.1,3.0540223,364.8,16.4,0.72921615
780.1,3905,-2,0.1,3.0462905,365,16.4,0.7290677
775.1,3905.3,-5,0.3,3.026998,365.2,16.4,0.72891924
942.1,3897,167,-8.3,3.6713637,365.5,16.4,0.72869656
1107.1,3888.3,165,-8.7,4.3047369,365.8,16.4,0.72847387
1279.1,3878.9,172,-9.4,4.961501,366.2,16.4,0.72817696
1439.2,3869.8,160.1,-9.1,5.5694162,366.6,16.4,0.72788005
1609.1,3860,169.9,-9.8,6.211126,367,16.4,0.72758314
1771.2,3850.3,162.1,-9.7,6.8196514,367.5,16.4,0.727212
1935.1,3840.4,163.9,-9.9,7.431558,368,16.4,0.72684086
1934.1,3838.5,-1,-1.9,7.4240428,368.6,16.4,0.72639549
1935.2,3836.7,1.1,-1.8,7.4247818,369.1,16.4,0.72602435
1934.2,3835.2,-1,-1.5,7.4180438,369.7,16.4,0.72557898
1935.2,3833.7,1,-1.5,7.4189762,370.2,16.4,0.72520784
1938.2,3832.2,3,-1.5,7.42757,370.7,16.4,0.7248367
1931.2,3831.2,-7,-1,7.3988134,371.3,16.4,0.72439133
1932.2,3829.9,1,-1.3,7.4001328,371.8,16.4,0.72402019
1933.2,3828.7,1,-1.2,7.4016428,372.3,16.4,0.72364905
1932.2,3827.6,-1,-1.1,7.3956887,372.9,16.4,0.72320368
1933.2,3826.4,1,-1.2,7.3971965,373.4,16.4,0.72283254
1936.1,3825.2,2.9,-1.2,7.4059697,374,16.4,0.72238717
1937.2,3824.1,1.1,-1.1,7.4080465,374.5,16.4,0.72201603
1941,3822.8,3.8,-1.3,7.4200548,375,16.4,0.72164489
1930.2,3822.4,-10.8,-0.4,7.3779965,375.6,16.4,0.72119952
1937.2,3821,7,-1.4,7.4020412,376.1,16.4,0.72082838
1934.1,3820.3,-3.1,-0.7,7.3888422,376.6,16.4,0.72045724
1934.2,3819.3,0.1,-1,7.3872901,377.2,16.4,0.72001188
1932.2,3818.5,-2,-0.8,7.3781057,377.7,16.4,0.71964074
1943.2,3817.1,11,-1.4,7.4173887,378.3,16.4,0.71919537
1935.2,3816.5,-8,-0.6,7.3856908,378.8,16.4,0.71882423
1933.2,3815.9,-2,-0.6,7.3768979,379.3,16.4,0.71845309
1933.2,3815,0,-0.9,7.375158,379.9,16.4,0.71800772
1938.2,3813.9,5,-1.1,7.392101,380.4,16.4,0.71763658
1940.1,3813,1.9,-0.9,7.3976013,380.9,16.4,0.71726544
1936.2,3812.4,-3.9,-0.6,7.3815689,381.5,16.4,0.71682007
1935.1,3811.7,-1.1,-0.7,7.3760207,382,16.4,0.71644893
1932.2,3811.1,-2.9,-0.6,7.3638074,382.6,16.4,0.71600356
1934.2,3810.3,2,-0.8,7.3698823,383.1,16.4,0.71563242
1937.2,3809.4,3,-0.9,7.3795697,383.6,16.4,0.71526128
1935.2,3808.7,-2,-0.7,7.3705962,384.2,16.4,0.71481591
1881.2,3810.8,-54,2.1,7.168877,384.7,16.4,0.71444477
1831.1,3812.7,-50.1,1.9,6.981435,385.2,16.4,0.71407363
1779.2,3814.8,-51.9,2.1,6.7872922,385.7,16.4,0.71370249
1724.2,3817.3,-55,2.5,6.5817887,386.2,16.4,0.71333135
1663.2,3820.1,-61,2.8,6.3535903,386.6,16.4,0.71303444
1611.2,3822.6,-52,2.5,6.1589731,387.1,16.4,0.7126633
1564.2,3824.8,-47,2.2,5.9827522,387.5,16.4,0.71236639
1503.1,3827.9,-61.1,3.1,5.7537165,387.9,16.4,0.71206948
1454.1,3830.4,-49,2.5,5.5697846,388.3,16.4,0.71177257
1395.1,3833.6,-59,3.2,5.3482554,388.7,16.4,0.71147565
1341.1,3836.5,-54,2.9,5.1451301,389.1,16.4,0.71117874
1288.1,3839.4,-53,2.9,4.9455311,389.5,16.4,0.71088183
1294.1,3839.5,6,0.1,4.968697,389.8,16.4,0.71065914
1290.1,3839.9,-4,0.4,4.953855,390.2,16.4,0.71036223
1287.1,3840.3,-3,0.4,4.9428501,390.5,16.4,0.71013955
1292.1,3840.2,5,-0.1,4.9619224,390.9,16.4,0.70984264
1292.1,3840.4,0,0.2,4.9621808,391.3,16.4,0.70954572
1293.1,3840.4,1,0,4.9660212,391.6,16.4,0.70932304
1288.1,3840.8,-5,0.4,4.9473345,392,16.4,0.70902613
1289.1,3840.8,1,0,4.9511753,392.3,16.4,0.70880344
1287.1,3841,-2,0.2,4.9437511,392.7,16.4,0.70850653
1294.1,3840.7,7,-0.3,4.9702499,393,16.4,0.70828385
1288.1,3841.1,-6,0.4,4.9477209,393.4,16.4,0.70798694
1286.1,3841.2,-2,0.1,4.9401673,393.8,16.4,0.70769002
1292.1,3840.9,6,-0.3,4.9628269,394.1,16.4,0.70746734
1286.1,3841.2,-6,0.3,4.9401673,394.5,16.4,0.70717043
1289.1,3841.1,3,-0.1,4.951562,394.8,16.4,0.70694774
791.1,3866.2,-498,25.1,3.0585508,395.1,16.4,0.70672506
786.1,3867.7,-5,1.5,3.040399,395.3,16.4,0.7065766
782.1,3869,-4,1.3,3.0259449,395.5,16.4,0.70642815
784.1,3869.8,2,0.8,3.0343102,395.7,16.5,0.70627969
787.1,3870.4,3,0.6,3.0463918,395.9,16.5,0.70613124
782,3871.4,-5.1,1,3.0274348,396.1,16.5,0.70598278
783.1,3872,1.1,0.6,3.0321632,396.4,16.5,0.7057601
795,3872,11.9,0,3.07824,396.6,16.5,0.70561164
786,3873.1,-9,1.1,3.0442566,396.8,16.5,0.70546318
785.1,3873.7,-0.9,0.6,3.0412419,397,16.5,0.70531473
786.1,3874.2,1,0.5,3.0455086,397.2,16.5,0.70516627
785.1,3874.7,-1,0.5,3.042027,397.5,16.5,0.70494359
788.9,3875,3.8,0.3,3.0569875,397.7,16.5,0.70479513
788.1,3875.5,-0.8,0.5,3.0542816,397.9,16.5,0.70464667
786,3876,-2.1,0.5,3.046536,398.1,16.5,0.70449822
783.1,3876.6,-2.9,0.6,3.0357655,398.3,16.5,0.70434976
786.1,3876.8,3,0.2,3.0475525,398.5,16.5,0.70420131
1469,3842.9,682.9,-33.9,5.6452201,399,16.5,0.70383017
1473.2,3841.3,4.2,-1.6,5.6590032,399.4,16.5,0.70353325
1469.2,3840.4,-4,-0.9,5.6423157,399.8,16.5,0.70323634
1464.1,3839.8,-5.1,-0.6,5.6218512,400.2,16.5,0.70293943
1474.2,3838.5,10.1,-1.3,5.6587167,400.6,16.5,0.70264252
1478,3837.6,3.8,-0.9,5.6719728,401,16.5,0.70234561
1472.1,3837.3,-5.9,-0.3,5.6488893,401.4,16.5,0.70204869
1475.2,3836.5,3.1,-0.8,5.6596048,401.8,16.5,0.70175178
1465.1,3836.4,-10.1,-0.1,5.6207096,402.2,16.5,0.70145487
1470.1,3835.7,5,-0.7,5.6388626,402.6,16.5,0.70115796
1472.2,3835.1,2.1,-0.6,5.6460342,403,16.5,0.70086105
1469.1,3834.8,-3.1,-0.3,5.6337047,403.4,16.5,0.70056413
1477.2,3834,8.1,-0.8,5.6635848,403.9,16.5,0.70019299
1471.1,3833.8,-6.1,-0.2,5.6399032,404.3,16.5,0.69989608
1481.1,3832.9,10,-0.9,5.6769082,404.7,16.5,0.69959917
1472.1,3832.9,-9,0,5.6424121,405.1,16.5,0.69930226
1473.1,3832.4,1,-0.5,5.6455084,405.5,16.5,0.69900534
1468.2,3832.3,-4.9,-0.1,5.6265829,405.9,16.5,0.69870843
1476.1,3831.6,7.9,-0.7,5.6558248,406.3,16.5,0.69841152
1473.1,3831.4,-3,-0.2,5.6440353,406.7,16.5,0.69811461
1469.2,3831.2,-3.9,-0.2,5.628799,407.1,16.5,0.6978177
1470.2,3830.8,1,-0.4,5.6320422,407.5,16.5,0.69752078
1471.2,3830.4,1,-0.4,5.6352845,407.9,16.5,0.69722387
1474.2,3829.9,3,-0.5,5.6460386,408.4,16.5,0.69685273
1471.2,3829.8,-3,-0.1,5.6344018,408.8,16.5,0.69655582
1473.2,3829.3,2,-0.5,5.6413248,409.2,16.5,0.69625891
1455.2,3829.9,-18,0.6,5.5732705,409.6,16.5,0.695962
1435.2,3830.7,-20,0.8,5.4978206,410,16.5,0.69566508
1424.2,3831,-11,0.3,5.4561102,410.4,16.5,0.69536817
1407.1,3831.7,-17.1,0.7,5.3915851,410.8,16.5,0.69507126
1393.1,3832.2,-14,0.5,5.3386378,411.2,16.5,0.69477435
1376.1,3832.9,-17,0.7,5.2744537,411.5,16.5,0.69455166
1359.1,3833.6,-17,0.7,5.2102458,411.9,16.5,0.69425475
1343.1,3834.3,-16,0.7,5.1498483,412.3,16.5,0.69395784
1327.1,3835.1,-16,0.8,5.0895612,412.7,16.5,0.69366093
1322.1,3835.2,-5,0.1,5.0705179,413,16.5,0.69343824
1295.1,3836.6,-27,1.4,4.9687807,413.4,16.5,0.69314133
1284.1,3837.1,-11,0.5,4.9272201,413.7,16.5,0.69291865
1282.2,3837.2,-1.9,0.1,4.9200578,414.1,16.5,0.69262173
1282.1,3837.2,-0.1,0,4.9196741,414.4,16.5,0.69239905
1282.1,3837.1,0,-0.1,4.9195459,414.8,16.5,0.69210214
1279.1,3837.2,-3,0.1,4.9081625,415.2,16.5,0.69180523
1278.1,3837.2,-1,0,4.9043253,415.5,16.5,0.69158254
1281.1,3837.1,3,-0.1,4.9157088,415.9,16.5,0.69128563
1280.2,3837,-0.9,-0.1,4.9121274,416.2,16.5,0.69106295
1285.1,3836.7,4.9,-0.3,4.9305432,416.6,16.5,0.69076603
1281.1,3836.8,-4,0.1,4.9153245,416.9,16.5,0.69054335
1275.1,3837.1,-6,0.3,4.8926862,417.3,16.5,0.69024644
1281.1,3836.7,6,-0.4,4.9151964,417.6,16.5,0.69002375
1282.1,3836.6,1,-0.1,4.9189049,418,16.5,0.68972684
1279.1,3836.6,-3,0,4.9073951,418.4,16.5,0.68942993
1285.1,3836.3,6,-0.3,4.9300291,418.7,16.5,0.68920724
1277.1,3836.6,-8,0.3,4.8997219,419.1,16.5,0.68891033
1280,3836.3,2.9,-0.3,4.910464,419.4,16.5,0.68868765
758.3,3862.5,-521.7,26.2,2.9289337,419.6,16.5,0.68853919
235.2,3890,-523.1,27.5,0.914928,419.7,16.5,0.68846496
239.1,3892,3.9,2,0.9305772,419.8,16.5,0.68839074
236.3,3894.1,-2.8,2.1,0.92017583,419.8,16.5,0.68839074
234.1,3895.8,-2.2,1.7,0.91200678,419.9,16.5,0.68831651
239.1,3897,5,1.2,0.9317727,420,16.5,0.68824228
239.1,3898.4,0,1.4,0.93210744,420,16.5,0.68824228
238.1,3899.7,-1,1.3,0.92851857,420.1,16.5,0.68816805
235.1,3901.1,-3,1.4,0.91714861,420.2,16.5,0.68809382
238.1,3902.1,3,1,0.92909001,420.2,16.5,0.68809382
241.1,3903.1,3,1,0.94103741,420.3,16.5,0.6880196
236.1,3904.4,-5,1.3,0.92182884,420.4,16.5,0.68794537
233.1,3905.5,-3,1.1,0.91037205,420.4,16.5,0.68794537
241.1,3906.1,8,0.6,0.94176071,420.5,16.5,0.68787114
240.2,3907.1,-0.9,1,0.93848542,420.6,16.5,0.68779691
240.2,3907.9,0,0.8,0.93867758,420.6,16.5,0.68779691
-271,3934.3,-511.2,26.4,-1.0661953,420.6,16.5,0.68779691
-787.8,3962.1,-516.8,27.8,-3.1213424,420.3,16.5,0.6880196
-784.1,3965.1,3.7,3,-3.1090349,420.1,16.5,0.68816805
-785,3967.9,-0.9,2.8,-3.1148015,419.9,16.5,0.68831651
-786.9,3970.5,-1.9,2.6,-3.1243865,419.7,16.5,0.68846496
-790,3972.9,-3.1,2.4,-3.138591,419.5,16.5,0.68861342
-784.9,3974.9,5.1,2,-3.119899,419.2,16.5,0.6888361
-786.9,3977,-2,2.1,-3.1295013,419,16.5,0.68898456
-789,3979.1,-2.1,2.1,-3.1395099,418.8,16.5,0.68913302
-790,3981,-1,1.9,-3.14499,418.6,16.5,0.68928147
-788,3982.8,2,1.8,-3.1384464,418.4,16.5,0.68942993
-787,3984.5,1,1.7,-3.1358015,418.1,16.5,0.68965261
-784,3986,3,1.5,-3.125024,417.9,16.5,0.68980107
-786,3987.8,-2,1.8,-3.1344108,417.7,16.5,0.68994952
-792,3989.7,-6,1.9,-3.1598424,417.5,16.5,0.69009798
-786.9,3991,5.1,1.3,-3.1405179,417.3,16.5,0.69024644
-786,3992.5,0.9,1.5,-3.138105,417.1,16.5,0.69039489
-788,3994,-2,1.5,-3.147272,416.8,16.5,0.69061758
-784.1,3995.3,3.9,1.3,-3.1327147,416.6,16.5,0.69076603
-792,3997,-7.9,1.7,-3.165624,416.4,16.5,0.69091449
-788,3998.3,4,1.3,-3.1506604,416.2,16.5,0.69106295
-787,3999.5,1,1.2,-3.1476065,416,16.5,0.6912114
-790,4001,-3,1.5,-3.16079,415.7,16.5,0.69143409
-788,4002.2,2,1.2,-3.1537336,415.5,16.5,0.69158254
-782,4003.1,6,0.9,-3.1304242,415.3,16.5,0.691731
-789,4004.7,-7,1.6,-3.1597083,415.1,16.5,0.69187945
-783.9,4005.6,5.1,0.9,-3.1399898,414.9,16.5,0.69202791
-787.9,4007,-4,1.4,-3.1571153,414.7,16.5,0.69217637
-812.9,4009.3,-25,2.3,-3.25916,414.4,16.5,0.69239905
-838,4011.8,-25.1,2.5,-3.3618884,414.2,16.5,0.69254751
-865.1,4014.3,-27.1,2.5,-3.4727709,414,16.5,0.69269596
-867,4015.6,-1.9,1.3,-3.4815252,413.7,16.5,0.69291865
-867,4016.8,0,1.2,-3.4825656,413.5,16.5,0.6930671
-872,4018.2,-5,1.4,-3.5038704,413.2,16.5,0.69328979
-866,4019,6,0.8,-3.480454,413,16.5,0.69343824
-864,4020.1,2,1.1,-3.4733664,412.7,16.5,0.69366093
-865,4021.1,-1,1,-3.4782515,412.5,16.5,0.69380938
-864,4022.1,1,1,-3.4750944,412.3,16.5,0.69395784
-869,4023.4,-5,1.3,-3.4963346,412,16.5,0.69418052
-871,4024.5,-2,1.1,-3.5053395,411.8,16.5,0.69432898
-864,4025.1,7,0.6,-3.4776864,411.5,16.5,0.69455166
-862,4026,2,0.9,-3.470412,411.3,16.4,0.69470012
-862,4026.9,0,0.9,-3.4711878,411.1,16.4,0.69484857
-869,4028.2,-7,1.3,-3.5005058,410.8,16.4,0.69507126
-869,4029.1,0,0.9,-3.5012879,410.6,16.4,0.69521971
-864,4029.7,5,0.6,-3.4816608,410.3,16.4,0.6954424
-867,4030.7,-3,1,-3.4946169,410.1,16.4,0.69559086
-869,4031.6,-2,0.9,-3.5034604,409.9,16.4,0.69573931
-658.1,4022,210.9,-9.6,-2.6468782,409.7,16.4,0.69588777
-451.1,4012,207,-10,-1.8098132,409.6,16.4,0.695962
-241.2,4001.5,209.9,-10.5,-0.9651618,409.5,16.4,0.69603622
-31,3990.7,210.2,-10.8,-0.1237117,409.5,16.4,0.69603622
171.1,3979.9,202.1,-10.8,0.68096089,409.5,16.4,0.69603622
381.1,3968.4,210,-11.5,1.5123572,409.6,16.4,0.695962
383.1,3967,2,-1.4,1.5197577,409.7,16.4,0.69588777
382.1,3966,-1,-1,1.5154086,409.8,16.4,0.69581354
376.2,3965.4,-5.9,-0.6,1.4917835,409.9,16.4,0.69573931
380.1,3964.3,3.9,-1.1,1.5068304,410.1,16.4,0.69559086
379.1,3963.7,-1,-0.6,1.5026387,410.2,16.4,0.69551663
379.1,3963,0,-0.7,1.5023733,410.3,16.4,0.6954424
377.1,3962.5,-2,-0.5,1.4942587,410.4,16.4,0.69536817
379,3961.8,1.9,-0.7,1.5015222,410.5,16.4,0.69529394
380.1,3961.2,1.1,-0.6,1.5056521,410.6,16.4,0.69521971
382.1,3960.6,2,-0.6,1.5133453,410.7,16.4,0.69514549
373.1,3960.5,-9,-0.1,1.4776626,410.8,16.4,0.69507126
376,3960,2.9,-0.5,1.48896,410.9,16.4,0.69499703
383.1,3959.2,7.1,-0.8,1.5167695,411,16.4,0.6949228
379.1,3959,-4,-0.2,1.5008569,411.1,16.4,0.69484857
381.1,3958.5,2,-0.5,1.5085844,411.2,16.4,0.69477435
383.1,3958,2,-0.5,1.5163098,411.3,16.4,0.69470012
379.1,3957.9,-4,-0.1,1.5004399,411.4,16.4,0.69462589
379.1,3957.5,0,-0.4,1.5002882,411.5,16.4,0.69455166
380.1,3957.1,1,-0.4,1.5040937,411.6,16.4,0.69447743
381.2,3956.8,1.1,-0.3,1.5083322,411.7,16.4,0.69440321
380.1,3956.5,-1.1,-0.3,1.5038657,411.8,16.4,0.69432898
390.1,3955.7,10,-0.8,1.5431186,412,16.4,0.69418052
414.1,3954.3,24,-1.4,1.6374756,412.1,16.4,0.69410629
431.1,3953.1,17,-1.2,1.7041814,412.2,16.4,0.69403207
451.1,3951.7,20,-1.4,1.7826119,412.3,16.4,0.69395784
462.1,3950.7,11,-1,1.8256185,412.4,16.4,0.69388361
484.1,3949.2,22,-1.5,1.9118077,412.6,16.4,0.69373515
506.1,3947.7,22,-1.5,1.997931,412.7,16.4,0.69366093
520.1,3946.6,14,-1.1,2.0526267,412.9,16.4,0.69351247
541.1,3945.1,21,-1.5,2.1346936,413,16.4,0.69343824
552.1,3944,11,-1.1,2.1774824,413.2,16.4,0.69328979
556.1,3943.4,4,-0.6,2.1929247,413.3,16.4,0.69321556
554.1,3943.1,-2,-0.3,2.1848717,413.5,16.4,0.6930671
555,3942.6,0.9,-0.5,2.188143,413.6,16.4,0.69299287
559.1,3942,4.1,-0.6,2.2039722,413.8,16.4,0.69284442
562.1,3941.5,3,-0.5,2.2155172,413.9,16.4,0.69277019
553.1,3941.5,-9,0,2.1800436,414.1,16.4,0.69262173
555.1,3941.1,2,-0.4,2.1877046,414.2,16.4,0.69254751
552.1,3940.9,-3,-0.2,2.1757709,414.4,16.4,0.69239905
557.1,3940.3,5,-0.6,2.1951411,414.6,16.4,0.69225059
560.1,3939.8,3,-0.5,2.206682,414.7,16.4,0.69217637
559.1,3939.5,-1,-0.3,2.2025745,414.9,16.4,0.69202791
552.1,3939.5,-7,0,2.1749979,415,16.4,0.69195368
557.1,3939,5,-0.5,2.1944169,415.2,16.4,0.69180523
554.1,3938.9,-3,-0.1,2.1825445,415.3,16.4,0.691731
557.1,3938.4,3,-0.5,2.1940826,415.5,16.3,0.69158254
552.1,3938.4,-5,0,2.1743906,415.6,16.3,0.69150831
555.1,3938,3,-0.4,2.1859838,415.8,16.3,0.69135986
555.1,3937.7,0,-0.3,2.1858173,415.9,16.3,0.69128563
553.1,3937.6,-2,-0.1,2.1778866,416.1,16.3,0.69113717
556.1,3937.2,3,-0.4,2.1894769,416.3,16.3,0.69098872
556.1,3936.9,0,-0.3,2.1893101,416.4,16.3,0.69091449
550.1,3937,-6,0.1,2.1657437,416.6,16.3,0.69076603
556,3936.4,5.9,-0.6,2.1886384,416.7,16.3,0.69069181
553.1,3936.3,-2.9,-0.1,2.1771675,416.9,16.3,0.69054335
559.1,3935.8,6,-0.5,2.2005058,417,16.3,0.69046912
548,3936.2,-11.1,0.4,2.1570376,417.2,16.3,0.69032067
561.1,3935.3,13.1,-0.9,2.2080968,417.3,16.3,0.69024644
560.1,3935.1,-1,-0.2,2.2040495,417.5,16.3,0.69009798
1044,3910.6,483.9,-24.5,4.0826664,417.8,16.3,0.6898753
1531.9,3884.7,487.9,-25.9,5.9509719,418.2,16.3,0.68957838
2015.2,3858,483.3,-26.7,7.7746416,418.8,16.3,0.68913302
2023.2,3854.5,8,-3.5,7.7984244,419.3,16.3,0.68876188
2022.2,3851.7,-1,-2.8,7.7889077,419.9,16.3,0.68831651
2018.2,3849.5,-4,-2.2,7.7690609,420.4,16.3,0.68794537
2016.2,3847.3,-2,-2.2,7.7569263,421,16.3,0.6875
2015.2,3845.2,-1,-2.1,7.748847,421.6,16.3,0.68705463
2022.2,3842.8,7,-2.4,7.7709102,422.1,16.3,0.68668349
2018.2,3841.1,-4,-1.7,7.752108,422.7,16.3,0.68623812
2017.2,3839.3,-1,-1.8,7.744636,423.2,16.3,0.68586698
2017.2,3837.5,0,-1.8,7.741005,423.8,16.3,0.68542162
2024.2,3835.4,7,-2.1,7.7636167,424.4,16.3,0.68497625
2034.2,3833.2,10,-2.2,7.7974954,424.9,16.3,0.68460511
2033.2,3831.6,-1,-1.6,7.7904091,425.5,16.3,0.68415974
2042.2,3829.6,9,-2,7.8208091,426.1,16.3,0.68371437
2047.2,3827.8,5,-1.8,7.8362722,426.6,16.3,0.68334323
2051.2,3826,4,-1.8,7.8478912,427.2,16.3,0.68289786
2058.3,3824.1,7.1,-1.9,7.871145,427.8,16.3,0.68245249
2061.2,3822.5,2.9,-1.6,7.878937,428.4,16.3,0.68200713
2066.2,3820.8,5,-1.7,7.894537,428.9,16.3,0.68163599
2069.3,3819.2,3.1,-1.6,7.9030706,429.5,16.3,0.68119062
2078.2,3817.3,8.9,-1.9,7.9331129,430.1,16.3,0.68074525
2081.3,3815.8,3.1,-1.5,7.9418245,430.7,16.3,0.68029988
2086.3,3814.2,5,-1.6,7.9575655,431.2,16.3,0.67992874
2084.3,3812.9,-2,-1.3,7.9472275,431.8,16.3,0.67948337
2088.3,3811.4,4,-1.5,7.9593466,432.4,16.3,0.679038
2094.3,3809.9,6,-1.5,7.9790736,433,16.3,0.67859264
2093.3,3808.6,-1,-1.3,7.9725424,433.6,16.3,0.67814727
2087.2,3807.7,-6.1,-0.9,7.9474314,434.1,16.3,0.67777613
2086.3,3806.5,-0.9,-1.2,7.941501,434.7,16.3,0.67733076
2091.2,3805.1,4.9,-1.4,7.9572251,435.3,16.3,0.67688539
2093.2,3803.8,2,-1.3,7.9621142,435.9,16.3,0.67644002
2095.2,3802.6,2,-1.2,7.9672075,436.5,16.3,0.67599466
2093.3,3801.5,-1.9,-1.1,7.95768,437,16.3,0.67562352
2089.2,3800.6,-4.1,-0.9,7.9402135,437.6,16.3,0.67517815
2090.2,3799.5,1,-1.1,7.9417149,438.2,16.3,0.67473278
2089.2,3798.5,-1,-1,7.9358262,438.8,16.3,0.67428741
2088.3,3797.5,-0.9,-1,7.9303192,439.4,16.3,0.67384204
2097.2,3796,8.9,-1.5,7.9609712,439.9,16.3,0.6734709
2014.3,3799.2,-82.9,3.2,7.6527286,440.5,16.3,0.67302553
1934.2,3802.4,-80.1,3.2,7.3546021,441,16.3,0.67265439
1849.2,3806.1,-85,3.7,7.0382401,441.6,16.3,0.67220903
1769.2,3809.6,-80,3.5,6.7399443,442,16.4,0.67191211
1685.2,3813.5,-84,3.9,6.4265102,442.5,16.4,0.67154097
1603.2,3817.5,-82,4,6.120216,443,16.4,0.67116983
1520.2,3821.6,-83,4.1,5.8095963,443.4,16.4,0.67087292
1449.1,3825.2,-71.1,3.6,5.5430973,443.8,16.4,0.67057601
1365.1,3829.6,-84,4.4,5.227787,444.2,16.4,0.6702791
1287.1,3833.8,-78,4.2,4.934484,444.5,16.4,0.67005641
1204.1,3838.3,-83,4.5,4.621697,444.9,16.4,0.6697595
1127.1,3842.7,-77,4.4,4.3311072,445.2,16.4,0.66953682
1049.1,3847.1,-78,4.4,4.0359926,445.5,16.4,0.66931413
967.1,3851.9,-82,4.8,3.7251725,445.7,16.4,0.66916568
964.1,3852.8,-3,0.9,3.7144845,446,16.4,0.66894299
962.1,3853.5,-2,0.7,3.7074523,446.3,16.4,0.66872031
961.1,3854.1,-1,0.6,3.7041755,446.5,16.4,0.66857185
963.1,3854.4,2,0.3,3.7121726,446.8,16.4,0.66834917
963.1,3854.9,0,0.5,3.7126542,447.1,16.4,0.66812648
965,3855.1,1.9,0.2,3.7201715,447.3,16.4,0.66797803
1046.1,3851.4,81.1,-3.7,4.0289495,447.6,16.4,0.66775534
1127.1,3847.4,81,-4,4.3364045,447.9,16.4,0.66753266
1205.1,3843.4,78,-4,4.6316813,448.3,16.4,0.66723575
1285.1,3839.1,80,-4.3,4.9336274,448.6,16.4,0.66701306
1371.1,3834.4,86,-4.7,5.2573458,449,16.4,0.66671615
1456.2,3829.6,85.1,-4.8,5.5766635,449.4,16.4,0.66641924
1541.1,3824.7,84.9,-4.9,5.8942452,449.8,16.4,0.66612233
1617.1,3820.1,76,-4.6,6.1774837,450.3,16.4,0.66575119
1704.2,3814.8,87.1,-5.3,6.5011822,450.8,16.4,0.66538005
1785.2,3809.8,81,-5,6.801255,451.3,16.4,0.66500891
1780.2,3809,-5,-0.8,6.7807818,451.8,16.4,0.66463777
1778.2,3808.1,-2,-0.9,6.7715634,452.3,16.4,0.66426663
1775.2,3807.4,-3,-0.7,6.7588965,452.7,16.4,0.66396971
1781.1,3806.3,5.9,-1.1,6.7794009,453.2,16.4,0.66359857
1778.2,3805.7,-2.9,-0.6,6.7672957,453.7,16.4,0.66322743
1780.1,3804.9,1.9,-0.8,6.7731025,454.2,16.4,0.66285629
1786.2,3803.9,6.1,-1,6.7945262,454.7,16.4,0.66248515
1415.2,3821.9,-371,18,5.4087529,455.1,16.4,0.66218824
1052.1,3840.4,-363.1,18.5,4.0404848,455.4,16.4,0.66196556
1060.1,3841,8,0.6,4.0718441,455.7,16.4,0.66174287
1055.1,3841.9,-5,0.9,4.0535887,456,16.4,0.66152019
1052.2,3842.6,-2.9,0.7,4.0431837,456.3,16.4,0.66129751
1056.1,3842.9,3.9,0.3,4.0584867,456.6,16.4,0.66107482
1056,3843.3,-0.1,0.4,4.0585248,456.9,16.4,0.66085214
1057.1,3843.5,1.1,0.2,4.0629639,457.2,16.4,0.66062945
1052.1,3844.1,-5,0.6,4.0443776,457.5,16.4,0.66040677
1055,3844.2,2.9,0.1,4.055631,457.8,16.4,0.66018409
1055,3844.4,0,0.2,4.055842,458,16.4,0.66003563
1055.1,3844.7,0.1,0.3,4.056543,458.3,16.4,0.65981295
1056,3844.8,0.9,0.1,4.0601088,458.6,16.4,0.65959026
1049.1,3845.3,-6.9,0.5,4.0341042,458.9,16.4,0.65936758
1055.1,3845.2,6,-0.1,4.0570705,459.2,16.4,0.65914489
1053.1,3845.5,-2,0.3,4.049696,459.5,16.4,0.65892221
1056.1,3845.4,3,-0.1,4.0611269,459.8,16.4,0.65869952
1059.1,3845.4,3,0,4.0726631,460.1,16.4,0.65847684
1054.1,3845.7,-5,0.3,4.0537524,460.4,16.4,0.65825416
1061.1,3845.5,7,-0.2,4.08046,460.7,16.4,0.65803147
1061.1,3845.6,0,0.1,4.0805662,461,16.4,0.65780879
1060.1,3845.7,-1,0.1,4.0768266,461.3,16.4,0.6575861
1056.1,3846,-4,0.3,4.0617606,461.6,16.4,0.65736342
1058.1,3846,2,0,4.0694526,461.9,16.4,0.65714074
1051.1,3846.4,-7,0.4,4.042951,462.2,16.4,0.65691805
1056.1,3846.2,5,-0.2,4.0619718,462.4,16.4,0.6567696
1056.1,3846.3,0,0.1,4.0620774,462.7,16.4,0.65654691
1057.1,3846.3,1,0,4.0659237,463,16.4,0.65632423
1056,3846.4,-1.1,0.1,4.0617984,463.3,16.4,0.65610154
1048.1,3846.8,-7.9,0.4,4.0318311,463.6,16.4,0.65587886
1052.1,3846.6,4,-0.2,4.0470079,463.9,16.4,0.65565618
1054.1,3846.6,2,0,4.0547011,464.2,16.4,0.65543349
1056.1,3846.5,2,-0.1,4.0622887,464.5,16.4,0.65521081
1057.1,3846.5,1,0,4.0661351,464.8,16.4,0.65498812
1047.1,3847,-10,0.5,4.0281937,465.1,16.4,0.65476544
1057,3846.6,9.9,-0.4,4.0658562,465.4,16.4,0.65454276
1056.1,3846.6,-0.9,0,4.0623943,465.7,16.4,0.65432007
1049.1,3847,-7,0.4,4.0358877,466,16.4,0.65409739
1059,3846.4,9.9,-0.6,4.0733376,466.3,16.4,0.6538747
1049,3846.9,-10,0.5,4.0353981,466.5,16.4,0.65372625
1046,3847.1,-3,0.2,4.0240666,466.8,16.4,0.65350356
1057,3846.6,11,-0.5,4.0658562,467.1,16.4,0.65328088
1052,3846.8,-5,0.2,4.0468336,467.4,16.4,0.65305819
1055,3846.7,3,-0.1,4.0582685,467.7,16.4,0.65283551
1048,3847,-7,0.3,4.031656,468,16.4,0.65261283
1050,3846.9,2,-0.1,4.039245,468.3,16.4,0.65239014
1054.1,3846.7,4.1,-0.2,4.0548065,468.6,16.4,0.65216746
1048.1,3847,-6,0.3,4.0320407,468.9,16.4,0.65194477
1051.1,3846.8,3,-0.2,4.0433715,469.2,16.4,0.65172209
1054,3846.7,2.9,-0.1,4.0544218,469.5,16.4,0.65149941
1053.1,3846.7,-0.9,0,4.0509598,469.8,16.4,0.65127672
1056,3846.5,2.9,-0.2,4.061904,470.1,16.4,0.65105404
1056.1,3846.5,0.1,0,4.0622887,470.3,16.4,0.65090558
1052,3846.6,-4.1,0.1,4.0466232,470.6,16.4,0.6506829
1054.1,3846.5,2.1,-0.1,4.0545956,470.9,16.4,0.65046021
1052,3846.6,-2.1,0.1,4.0466232,471.2,16.4,0.65023753
1056.1,3846.4,4.1,-0.2,4.062183,471.5,16.4,0.65001485
1054.1,3846.4,-2,0,4.0544902,471.8,16.4,0.64979216
1053,3846.4,-1.1,0,4.0502592,472.1,16.4,0.64956948
1050.2,3846.5,-2.8,0.1,4.0395943,472.4,16.4,0.64934679
1054,3846.3,3.8,-0.2,4.0540002,472.7,16.4,0.64912411
1052.1,3846.4,-1.9,0.1,4.0467974,473,16.4,0.64890143
1054.1,3846.2,2,-0.2,4.0542794,473.3,16.4,0.64867874
1051.1,3846.3,-3,0.1,4.0428459,473.6,16.4,0.64845606
1050.1,3846.4,-1,0.1,4.0391046,473.9,16.4,0.64823337
1208,3838.4,157.9,-8,4.6367872,474.2,16.4,0.64801069
1356.1,3830.5,148.1,-7.9,5.194541,474.6,16.4,0.64771378
1501.1,3822.5,145,-8,5.7379548,475,16.4,0.64741686
1660.2,3813.5,159.1,-9,6.3311727,475.4,16.4,0.64711995
1809.1,3804.9,148.9,-8.6,6.8834446,475.9,16.4,0.64674881
1953.2,3796.2,144.1,-8.7,7.4147378,476.5,16.4,0.64630344
2112.2,3786.8,159,-9.4,7.998479,477.1,16.4,0.64585808
2111.3,3785.1,-0.9,-1.7,7.9914816,477.7,16.4,0.64541271
2106.2,3783.8,-5.1,-1.3,7.9694396,478.2,16.4,0.64504157
2115.3,3781.9,9.1,-1.9,7.9998531,478.8,16.4,0.6445962
2111.3,3780.8,-4,-1.1,7.982403,479.4,16.4,0.64415083
2104.2,3779.9,-7.1,-0.9,7.9536656,480,16.4,0.64370546
2111.3,3778.4,7.1,-1.5,7.9773359,480.6,16.4,0.6432601
2103.2,3777.7,-8.1,-0.7,7.9452586,481.2,16.4,0.64281473
2108.3,3776.4,5.1,-1.3,7.9617841,481.8,16.4,0.64236936
2111.2,3775.2,2.9,-1.2,7.9702022,482.4,16.4,0.64192399
2111.2,3774.2,0,-1,7.968091,482.9,16.4,0.64155285
2107.2,3773.4,-4,-0.8,7.9513085,483.5,16.4,0.64110748
2104.2,3772.6,-3,-0.8,7.9383049,484.1,16.4,0.64066211
2108.3,3771.5,4.1,-1.1,7.9514534,484.7,16.4,0.64021675
2104.3,3770.8,-4,-0.7,7.9348944,485.3,16.4,0.63977138
2108.3,3769.7,4,-1.1,7.9476585,485.9,16.4,0.63932601
2109.3,3768.8,1,-0.9,7.9495298,486.4,16.4,0.63895487
2105.2,3768.2,-4.1,-0.6,7.9328146,487,16.4,0.6385095
2111.2,3767.1,6,-1.1,7.9531015,487.6,16.4,0.63806413
2106.2,3766.5,-5,-0.6,7.9330023,488.2,16.4,0.63761876
2108.2,3765.7,2,-0.8,7.9388487,488.8,16.4,0.6371734
2110.2,3764.8,2,-0.9,7.944481,489.4,16.4,0.63672803
2105.2,3764.3,-5,-0.5,7.9246044,490,16.4,0.63628266
2108.3,3763.4,3.1,-0.9,7.9343762,490.5,16.4,0.63591152
2109.3,3762.6,1,-0.8,7.9364522,491.1,16.4,0.63546615
2111.3,3761.8,2,-0.8,7.9422883,491.7,16.4,0.63502078
2106.3,3761.4,-5,-0.4,7.9226368,492.3,16.5,0.63457542
2117.3,3760.1,11,-1.3,7.9612597,492.9,16.5,0.63413005
2103.3,3760.2,-14,0.1,7.9088287,493.5,16.5,0.63368468
2106.3,3759.4,3,-0.8,7.9184242,494.1,16.5,0.63323931
2108.2,3758.6,1.9,-0.8,7.9238805,494.6,16.5,0.63286817
2108.3,3758,0.1,-0.6,7.9229914,495.2,16.5,0.6324228
1802.2,3772.8,-306.1,14.8,6.7993402,495.7,16.5,0.63205166
1797.2,3773.1,-5,0.3,6.7810153,496.2,16.5,0.63168052
1802.2,3772.8,5,-0.3,6.7993402,496.7,16.5,0.63130938
1799.2,3772.8,-3,0,6.7880218,497.2,16.5,0.63093824
1685.2,3778.3,-114,5.5,6.3671912,497.7,16.5,0.6305671
1567.2,3784.4,-118,6.1,5.9309117,498.1,16.5,0.63027019
1458.1,3790.1,-109.1,5.7,5.5263448,498.5,16.5,0.62997328
1339.1,3796.5,-119,6.4,5.0838931,498.9,16.5,0.62967637
1223.1,3802.9,-116,6.4,4.651327,499.3,16.5,0.62937945
1226.1,3803.5,3,0.6,4.6634714,499.6,16.5,0.62915677
1220.1,3804.3,-6,0.8,4.6416264,499.9,16.5,0.62893409
1222.1,3804.8,2,0.5,4.6498461,500.3,16.5,0.62863717
1224.1,3805.1,2,0.3,4.6578229,500.6,16.5,0.62841449
1223.1,3805.6,-1,0.5,4.6546294,501,16.5,0.62811758
1223.1,3805.9,0,0.3,4.6549963,501.3,16.5,0.62789489
1224.1,3806.2,1,0.3,4.6591694,501.6,16.5,0.62767221
1228,3806.3,3.9,0.1,4.6741364,502,16.5,0.6273753
1225.1,3806.7,-2.9,0.4,4.6635882,502.3,16.5,0.62715261
1229.1,3806.8,4,0.1,4.6789379,502.7,16.5,0.6268557
1225.1,3807.2,-4,0.4,4.6642007,503,16.5,0.62663302
1225.1,3807.4,0,0.2,4.6644457,503.3,16.5,0.62641033
1223.1,3807.7,-2,0.3,4.6571979,503.7,16.5,0.62611342
1224.1,3807.9,1,0.2,4.6612504,504,16.5,0.62589074
1224.1,3808.1,0,0.2,4.6614952,504.4,16.5,0.62559382
1225.1,3808.2,1,0.1,4.6654258,504.7,16.5,0.62537114
1231.1,3808.1,6,-0.1,4.6881519,505,16.5,0.62514846
1227.1,3808.4,-4,0.3,4.6732876,505.4,16.5,0.62485154
1227.1,3808.5,0,0.1,4.6734104,505.7,16.5,0.62462886
1229.1,3808.5,2,0,4.6810273,506.1,16.5,0.62433195
1230.1,3808.6,1,0.1,4.6849589,506.4,16.5,0.62410926
1231.1,3808.7,1,0.1,4.6888906,506.7,16.5,0.62388658
1226.1,3809,-5,0.3,4.6702149,507.1,16.5,0.62358967
1229.1,3809,3,0,4.6816419,507.4,16.5,0.62336698
1230.1,3809,1,0,4.6854509,507.8,16.5,0.62307007
1229.1,3809.2,-1,0.2,4.6818877,508.1,16.5,0.62284739
1223.1,3809.6,-6,0.4,4.6595218,508.4,16.5,0.6226247
1226.1,3809.5,3,-0.1,4.6708279,508.8,16.5,0.62232779
1221.1,3809.8,-5,0.3,4.6521468,509.1,16.5,0.62210511
1221.1,3809.9,0,0.1,4.6522689,509.5,16.5,0.62180819
1225.1,3809.8,4,-0.1,4.667386,509.8,16.5,0.62158551
1223.1,3809.9,-2,0.1,4.6598887,510.1,16.5,0.62136283
1225.1,3809.8,2,-0.1,4.667386,510.5,16.5,0.62106591
1231.1,3809.6,6,-0.2,4.6899986,510.8,16.5,0.62084323
1258.1,3808.3,27,-1.3,4.7912222,511.2,16.5,0.62054632
1289.1,3806.7,31,-1.6,4.907217,511.5,16.5,0.62032363
1316.1,3805.3,27,-1.4,5.0081553,511.9,16.5,0.62002672
1355.1,3803.2,39,-2.1,5.1537163,512.3,16.5,0.61972981
1377.1,3801.9,22,-1.3,5.2355965,512.7,16.5,0.6194329
1376.1,3801.7,-1,-0.2,5.2315194,513,16.5,0.61921021
1379.1,3801.4,3,-0.3,5.2425107,513.4,16.5,0.6189133
1377.1,3801.3,-2,-0.1,5.2347702,513.8,16.5,0.61861639
1376.1,3801.2,-1,-0.1,5.2308313,514.2,16.5,0.61831948
1379,3800.9,2.9,-0.3,5.2414411,514.6,16.5,0.61802257
1376,3800.9,-3,0,5.2300384,515,16.5,0.61772565
1381.1,3800.5,5.1,-0.4,5.2488706,515.3,16.5,0.61750297
1379.1,3800.4,-2,-0.1,5.2411316,515.7,16.5,0.61720606
1381.1,3800.2,2,-0.2,5.2484562,516.1,16.5,0.61690914
1378.1,3800.2,-3,0,5.2370556,516.5,16.5,0.61661223
1381.1,3800,3,-0.2,5.24818,516.9,16.5,0.61631532
1382.1,3799.8,1,-0.2,5.2517036,517.3,16.5,0.61601841
1377.1,3799.9,-5,0.1,5.2328423,517.6,16.5,0.61579572
1379.1,3799.6,2,-0.3,5.2400284,518,16.5,0.61549881
1374.2,3799.8,-4.9,0.2,5.2216852,518.4,16.5,0.6152019
1374.1,3799.7,-0.1,-0.1,5.2211678,518.8,16.5,0.61490499
1375.1,3799.5,1,-0.2,5.2246925,519.2,16.5,0.61460808
1378.1,3799.2,3,-0.3,5.2356775,519.6,16.5,0.61431116
1380.1,3799,2,-0.2,5.2429999,519.9,16.5,0.61408848
1371.1,3799.3,-9,0.3,5.2092202,520.3,16.5,0.61379157
1383.1,3798.6,12,-0.7,5.2538437,520.7,16.5,0.61349466
1376.1,3798.8,-7,0.2,5.2275287,521.1,16.5,0.61319774
1382.1,3798.4,6,-0.4,5.2497686,521.5,16.5,0.61290083
1375.1,3798.6,-7,0.2,5.2234549,521.8,16.5,0.61267815
1381,3798.2,5.9,-0.4,5.2453142,522.2,16.5,0.61238124
1371.1,3798.6,-9.9,0.4,5.2082605,522.6,16.5,0.61208432
1381.1,3798,10,-0.6,5.2454178,523,16.5,0.61178741
1376.1,3798.1,-5,0.1,5.2265654,523.4,16.5,0.6114905
1374.1,3798.1,-2,0,5.2189692,523.8,16.5,0.61119359
1378.1,3797.8,4,-0.3,5.2337482,524.1,16.5,0.6109709
1376.1,3797.8,-2,0,5.2261526,524.5,16.5,0.61067399
1379.1,3797.5,3,-0.3,5.2371323,524.9,16.5,0.61037708
1381.1,3797.3,2,-0.2,5.244451,525.3,16.5,0.61008017
1382.1,3797.1,1,-0.2,5.2479719,525.7,16.5,0.60978325
1302.1,3801,-80,3.9,4.9492821,526,16.5,0.60956057
1218.1,3805.2,-84,4.2,4.6351141,526.4,16.5,0.60926366
1145.1,3809,-73,3.8,4.3616859,526.7,16.5,0.60904097
1059,3813.6,-86.1,4.6,4.0386024,527,16.5,0.60881829
983.1,3817.8,-75.9,4.2,3.7532792,527.3,16.5,0.60859561
902.1,3822.3,-81,4.5,3.4480968,527.5,16.5,0.60844715
828,3826.7,-74.1,4.4,3.1685076,527.7,16.5,0.60829869
745.1,3831.5,-82.9,4.8,2.8548506,527.9,16.5,0.60815024
668.1,3836.1,-77,4.6,2.5628984,528.1,16.5,0.60800178
586.1,3841.1,-82,5,2.2512687,528.3,16.5,0.60785333
590,3841.8,3.9,0.7,2.266662,528.5,16.5,0.60770487
592.1,3842.6,2.1,0.8,2.2752035,528.6,16.5,0.60763064
592,3843.3,-0.1,0.7,2.2752336,528.8,16.5,0.60748219
837,3831.8,245,-11.5,3.2072166,529,16.5,0.60733373
1089,3819.5,252,-12.3,4.1594355,529.3,16.5,0.60711105
1338.1,3806.7,249.1,-12.8,5.0937453,529.7,16.5,0.60681413
1590.1,3793.4,252,-13.3,6.0318853,530.1,16.5,0.60651722
1838.2,3779.9,248.1,-13.5,6.9482122,530.6,16.5,0.60614608
2097.1,3765.6,258.9,-14.3,7.8968398,531.2,16.5,0.60570071
2091.2,3764.1,-5.9,-1.5,7.8714859,531.8,16.5,0.60525534
2085.2,3762.9,-6,-1.2,7.8463991,532.4,16.5,0.60480998
2090.2,3761.3,5,-1.6,7.8618693,533,16.5,0.60436461
2087.2,3760.2,-3,-1.1,7.8482894,533.6,16.5,0.60391924
2084.2,3759.3,-3,-0.9,7.8351331,534.1,16.5,0.6035481
2093.2,3757.7,9,-1.6,7.8656176,534.7,16.5,0.60310273
2086.2,3757.1,-7,-0.6,7.838062,535.3,16.5,0.60265736
2084.2,3756.3,-2,-0.8,7.8288805,535.9,16.5,0.602212
2088.2,3755.2,4,-1.1,7.8416086,536.5,16.5,0.60176663
2091.2,3754.2,3,-1,7.850783,537,16.5,0.60139549
2087.2,3753.5,-4,-0.7,7.8343052,537.6,16.5,0.60095012
2089.2,3752.6,2,-0.9,7.8399319,538.2,16.5,0.60050475
2093.3,3751.7,4.1,-0.9,7.8534336,538.8,16.5,0.60005938
2090.3,3751,-3,-0.7,7.8407153,539.4,16.5,0.59961401
2085.2,3750.6,-5.1,-0.4,7.8207511,539.9,16.5,0.59924287
2087.2,3749.8,2,-0.8,7.8265826,540.5,16.5,0.59879751
2087.2,3749.1,0,-0.7,7.8251215,541.1,16.5,0.59835214
2087.2,3748.4,0,-0.7,7.8236605,541.7,16.5,0.59790677
2095.2,3747.4,8,-1,7.8515525,542.3,16.5,0.5974614
2088.2,3747.1,-7,-0.3,7.8246942,542.8,16.5,0.59709026
2084.2,3746.7,-4,-0.4,7.8088721,543.4,16.5,0.59664489
2088.2,3745.9,4,-0.8,7.8221884,544,16.5,0.59619952
2088.3,3745.2,0.1,-0.7,7.8211012,544.6,16.5,0.59575416
2094.2,3744.3,5.9,-0.9,7.8413131,545.2,16.5,0.59530879
2089.2,3744.1,-5,-0.2,7.8221737,545.7,16.5,0.59493765
2087.2,3743.6,-2,-0.5,7.8136419,546.3,16.5,0.59449228
2090.2,3742.9,3,-0.7,7.8234096,546.9,16.5,0.59404691
2094,3742.2,3.8,-0.7,7.8361668,547.5,16.5,0.59360154
2093.2,3741.6,-0.8,-0.6,7.8319171,548.1,16.5,0.59315618
2091.3,3741.2,-1.9,-0.4,7.8239716,548.6,16.5,0.59278504
2088.3,3740.9,-3,-0.3,7.8121215,549.2,16.5,0.59233967
2095.2,3740,6.9,-0.9,7.836048,549.8,16.5,0.5918943
2093.2,3739.6,-2,-0.4,7.8277307,550.4,16.5,0.59144893
2093.2,3739.1,0,-0.5,7.8266841,551,16.5,0.59100356
1820.2,3752.3,-273,13.2,6.8299365,551.5,16.5,0.59063242
1544.2,3766.1,-276,13.8,5.8156116,551.9,16.5,0.59033551
1281.2,3779.8,-263,13.7,4.8426798,552.3,16.5,0.5900386
1022.2,3793.6,-259,13.8,3.8778179,552.5,16.5,0.58989014
1012.1,3795.4,-10.1,1.8,3.8413243,552.8,16.6,0.58966746
1008.1,3796.6,-4,1.2,3.8273525,553.1,16.6,0.58944477
1014,3797.2,5.9,0.6,3.8503608,553.4,16.6,0.58922209
1011,3798.1,-3,0.9,3.8398791,553.7,16.6,0.58899941
1007.1,3799,-3.9,0.9,3.8259729,553.9,16.6,0.58885095
1008,3799.7,0.9,0.7,3.8300976,554.2,16.6,0.58862827
1008,3800.3,0,0.6,3.8307024,554.5,16.6,0.58840558
1014,3800.5,6,0.2,3.853707,554.8,16.6,0.5881829
1012.1,3801.2,-1.9,0.7,3.8471945,555.1,16.6,0.58796021
1012,3801.7,-0.1,0.5,3.8473204,555.3,16.6,0.58781176
1014.1,3802.1,2.1,0.4,3.8557096,555.6,16.6,0.58758907
1013.1,3802.5,-1,0.4,3.8523127,555.9,16.6,0.58736639
932.1,3806.9,-81,4.4,3.5484115,556.2,16.6,0.58714371
852.1,3811.5,-80,4.6,3.2477791,556.4,16.6,0.58699525
776.1,3816,-76,4.5,2.9615976,556.6,16.6,0.58684679
693.1,3820.9,-83,4.9,2.6482658,556.8,16.6,0.58669834
611.1,3825.8,-82,4.9,2.3379464,557,16.6,0.58654988
530.1,3830.7,-81,4.9,2.0306541,557.1,16.6,0.58647565
450.1,3835.7,-80,5,1.7264486,557.3,16.6,0.5863272
450.1,3836.8,0,1.1,1.7269437,557.4,16.6,0.58625297
452,3837.7,1.9,0.9,1.7346404,557.5,16.6,0.58617874
449.1,3838.8,-2.9,1.1,1.7240051,557.6,16.6,0.58610451
450.1,3839.6,1,0.8,1.728204,557.8,16.6,0.58595606
456.1,3840.2,6,0.6,1.7515152,557.9,16.6,0.58588183
444.2,3841.6,-11.9,1.4,1.7064387,558,16.6,0.5858076
565.1,3836.4,120.9,-5.2,2.1679496,558.2,16.6,0.58565914
671.1,3831.7,106,-4.7,2.5714539,558.4,16.6,0.58551069
783.1,3826.4,112,-5.3,2.9964538,558.6,16.6,0.58536223
896.1,3820.9,113,-5.5,3.4239085,558.8,16.6,0.58521378
1015.1,3815,119,-5.9,3.8726065,559.1,16.6,0.58499109
1122.1,3809.4,107,-5.6,4.2745277,559.4,16.6,0.58476841
1235.1,3803.5,113,-5.9,4.6977029,559.8,16.5,0.5844715
1351.1,3797.2,116,-6.3,5.1303969,560.1,16.5,0.58424881
1459.1,3791.2,108,-6,5.5317399,560.5,16.5,0.5839519
1567.1,3785.2,108,-6,5.9317869,561,16.5,0.58358076
1686.1,3778.4,119,-6.8,6.3707602,561.4,16.5,0.58328385
1799.1,3771.8,113,-6.6,6.7858454,561.9,16.5,0.58291271
1906.1,3765.4,107,-6.4,7.1772289,562.5,16.6,0.58246734
1905.2,3764.2,-0.9,-1.2,7.1715538,563,16.6,0.5820962
1908.2,3763,3,-1.2,7.1805566,563.5,16.6,0.58172506
1905.2,3762.1,-3,-0.9,7.1675529,564.1,16.6,0.58127969
1909.2,3761.1,4,-1,7.1806921,564.6,16.6,0.58090855
1902.2,3760.5,-7,-0.6,7.1532231,565.1,16.6,0.58053741
1904.2,3759.6,2,-0.9,7.1590303,565.6,16.6,0.58016627
1907.2,3758.7,3,-0.9,7.1685926,566.2,16.6,0.5797209
1821.2,3762.2,-86,3.5,6.8517186,566.7,16.6,0.57934976
1742.2,3765.6,-79,3.4,6.5604283,567.2,16.6,0.57897862
1663.2,3769.2,-79,3.6,6.2689334,567.6,16.6,0.57868171
1580.1,3773,-83.1,3.8,5.9617173,568.1,16.6,0.57831057
1498.2,3777,-81.9,4,5.6587014,568.5,16.6,0.57801366
1421.1,3780.8,-77.1,3.8,5.3728949,568.9,16.6,0.57771675
1337.1,3785.1,-84,4.3,5.0610572,569.2,16.6,0.57749406
1252.1,3789.4,-85,4.3,4.7447077,569.6,16.6,0.57719715
1172.1,3793.7,-80,4.3,4.4465958,569.9,16.6,0.57697447
1092.1,3798.1,-80,4.4,4.147905,570.2,16.6,0.57675178
1010.1,3802.6,-82,4.5,3.8410063,570.5,16.6,0.5765291
931.2,3807.1,-78.9,4.5,3.5451715,570.8,16.6,0.57630641
849.1,3811.8,-82.1,4.7,3.2365994,571,16.6,0.57615796
851.1,3812.4,2,0.6,3.2447336,571.2,16.6,0.5760095
850,3813,-1.1,0.6,3.24105,571.5,16.6,0.57578682
853.1,3813.4,3.1,0.4,3.2532115,571.7,16.6,0.57563836
848.1,3814.2,-5,0.8,3.234823,571.9,16.6,0.5754899
850,3814.6,1.9,0.4,3.24241,572.2,16.6,0.57526722
852.1,3814.9,2.1,0.3,3.2506763,572.4,16.6,0.57511876
847,3815.6,-5.1,0.7,3.2318132,572.7,16.6,0.57489608
851.1,3815.7,4.1,0.1,3.2475423,572.9,16.6,0.57474762
849,3816.2,-2.1,0.5,3.2399538,573.1,16.6,0.57459917
847,3816.6,-2,0.4,3.2326602,573.4,16.6,0.57437648
846,3817.1,-1,0.5,3.2292666,573.6,16.6,0.57422803
850,3817.2,4,0.1,3.24462,573.8,16.6,0.57407957
849,3817.5,-1,0.3,3.2410575,574.1,16.6,0.57385689
842,3818.2,-7,0.7,3.2149244,574.3,16.6,0.57370843
847,3818.2,5,0,3.2340154,574.5,16.6,0.57355998
848,3818.4,1,0.2,3.2380032,574.8,16.6,0.57333729
850,3818.6,2,0.2,3.24581,575,16.6,0.57318884
850.1,3818.8,0.1,0.2,3.2463619,575.2,16.6,0.57304038
1125.1,3805.5,275,-13.3,4.281568,575.6,16.6,0.57274347
1400,3791.5,274.9,-14,5.3081,575.9,16.6,0.57252078
1397.1,3790.9,-2.9,-0.6,5.2962664,576.3,16.5,0.57222387
1398.1,3790.3,1,-0.6,5.2992184,576.7,16.5,0.57192696
1402.1,3789.5,4,-0.8,5.3132579,577.1,16.5,0.57163005
1400.1,3789.1,-2,-0.4,5.3051189,577.5,16.5,0.57133314
1403.1,3788.6,3,-0.5,5.3157847,577.9,16.5,0.57103622
1397.1,3788.5,-6,-0.1,5.2929134,578.3,16.5,0.57073931
1402.1,3787.8,5,-0.7,5.3108744,578.7,16.5,0.5704424
1399.1,3787.6,-3,-0.2,5.2992312,579.1,16.5,0.57014549
1398.1,3787.3,-1,-0.3,5.2950241,579.4,16.5,0.5699228
1394.1,3787.2,-4,-0.1,5.2797355,579.8,16.5,0.56962589
1401.1,3786.6,7,-0.6,5.3054053,580.2,16.5,0.56932898
1401.1,3786.3,0,-0.3,5.3049849,580.6,16.5,0.56903207
1405.1,3785.8,4,-0.5,5.3194276,581,16.5,0.56873515
1399.1,3785.8,-6,0,5.2967128,581.4,16.5,0.56843824
1401.1,3785.5,2,-0.3,5.303864,581.8,16.5,0.56814133
1398.1,3785.4,-3,-0.1,5.2923677,582.2,16.5,0.56784442
1399.1,3785.1,1,-0.3,5.2957334,582.6,16.5,0.56754751
2071.2,3751.6,672.1,-33.5,7.7703139,583.1,16.5,0.56717637
2075.3,3749.8,4.1,-1.8,7.7819599,583.7,16.5,0.566731
2071.2,3748.7,-4.1,-1.1,7.7643074,584.3,16.5,0.56628563
2068.2,3747.7,-3,-1,7.7509931,584.9,16.5,0.56584026
2072.2,3746.5,4,-1.2,7.7634973,585.4,16.5,0.56546912
2073.2,3745.5,1,-1,7.7651706,586,16.5,0.56502375
2071.2,3744.6,-2,-0.9,7.7558155,586.6,16.5,0.56457838
2066.3,3744.1,-4.9,-0.5,7.7364338,587.2,16.5,0.56413302
2070.3,3743.1,4,-1,7.7493399,587.7,16.5,0.56376188
2068.3,3742.3,-2,-0.8,7.7401991,588.3,16.5,0.56331651
2065.3,3741.8,-3,-0.5,7.7279395,588.9,16.5,0.56287114
1715.2,3758.4,-350.1,16.6,6.4464077,589.4,16.5,0.5625
1356.2,3776.2,-359,17.8,5.1212824,589.7,16.5,0.56227732
998.1,3794.5,-358.1,18.3,3.7872904,590,16.5,0.56205463
641.2,3813.3,-356.9,18.8,2.445088,590.2,16.5,0.56190618
282.1,3832.6,-359.1,19.3,1.0811765,590.3,16.5,0.56183195
-77,3852.2,-359.1,19.6,-0.2966194,590.2,16.5,0.56190618
-74,3854.5,3,2.3,-0.285233,590.2,16.5,0.56190618
-76,3856.6,-2,2.1,-0.2931016,590.2,16.5,0.56190618
-71,3858.3,5,1.7,-0.2739393,590.2,16.5,0.56190618
-71,3859.8,0,1.5,-0.2740458,590.2,16.5,0.56190618
-74,3861.5,-3,1.7,-0.285751,590.1,16.5,0.5619804
-82,3863.4,-8,1.9,-0.3167988,590.1,16.5,0.5619804
-75,3864.4,7,1,-0.28983,590.1,16.5,0.5619804
-71,3865.6,4,1.2,-0.2744576,590.1,16.5,0.5619804
-72,3866.8,-1,1.2,-0.2784096,590.1,16.5,0.5619804
-73,3868.1,-1,1.3,-0.2823713,590,16.5,0.56205463
-74,3869.3,-1,1.2,-0.2863282,590,16.5,0.56205463
-74,3870.3,0,1,-0.2864022,590,16.5,0.56205463
-73,3871.4,1,1.1,-0.2826122,590,16.5,0.56205463
-70,3872.3,3,0.9,-0.271061,590,16.5,0.56205463
-70,3873.3,0,1,-0.271131,589.9,16.5,0.56212886
-68,3874.1,2,0.8,-0.2634388,589.9,16.5,0.56212886
-74,3875.3,-6,1.2,-0.2867722,589.9,16.5,0.56212886
-69,3876,5,0.7,-0.267444,589.9,16.5,0.56212886
-71,3877,-2,1,-0.275267,589.9,16.5,0.56212886
-74,3878,-3,1,-0.286972,589.8,16.5,0.56220309
-76,3878.9,-2,0.9,-0.2947964,589.8,16.5,0.56220309
-71,3879.6,5,0.7,-0.2754516,589.8,16.5,0.56220309
-78,3880.7,-7,1.1,-0.3026946,589.8,16.5,0.56220309
-75,3881.4,3,0.7,-0.291105,589.8,16.5,0.56220309
-70,3881.9,5,0.5,-0.271733,589.7,16.5,0.56227732
-74,3882.8,-4,0.9,-0.2873272,589.7,16.5,0.56227732
16,3879.2,90,-3.6,0.0620672,589.7,16.5,0.56227732
105.1,3875.4,89.1,-3.8,0.40730454,589.8,16.5,0.56220309
107.2,3875.6,2.1,0.2,0.41546432,589.8,16.5,0.56220309
103.1,3876.2,-4.1,0.6,0.39963622,589.8,16.5,0.56220309
103.1,3876.7,0,0.5,0.39968777,589.8,16.5,0.56220309
105.1,3877,2,0.3,0.4074727,589.9,16.5,0.56212886
102.1,3877.6,-3,0.6,0.39590296,589.9,16.5,0.56212886
108.1,3877.8,6,0.2,0.41919018,589.9,16.5,0.56212886
103.1,3878.5,-5,0.7,0.39987335,590,16.5,0.56205463
105.1,3878.8,2,0.3,0.40766188,590,16.5,0.56205463
106.1,3879.2,1,0.4,0.41158312,590,16.5,0.56205463
108.1,3879.5,2,0.3,0.41937395,590,16.5,0.56205463
96,3880.5,-12.1,1,0.372528,590.1,16.5,0.5619804
98,3880.9,2,0.4,0.3803282,590.1,16.5,0.5619804
102.2,3881.1,4.2,0.2,0.39664842,590.1,16.5,0.5619804
106.1,3881.3,3.9,0.2,0.41180593,590.2,16.5,0.56190618
108.1,3881.6,2,0.3,0.41960096,590.2,16.5,0.56190618
194.1,3877.7,86,-3.9,0.75266157,590.2,16.5,0.56190618
295.9,3872.9,101.8,-4.8,1.1459911,590.3,16.5,0.56183195
390.1,3868.3,94.2,-4.6,1.5090238,590.4,16.5,0.56175772
493.1,3863.1,103,-5.2,1.9048946,590.6,16.5,0.56160926
584.1,3858.3,91,-4.8,2.253633,590.7,16.5,0.56153504
677.1,3853.4,93,-4.9,2.6091371,590.9,16.5,0.56138658
774.1,3848.1,97,-5.3,2.9788142,591.1,16.5,0.56123812
865.1,3843,91,-5.1,3.3245793,591.4,16.5,0.56101544
963,3837.5,97.9,-5.5,3.6955125,591.6,16.5,0.56086698
1061,3831.9,98,-5.6,4.0656459,591.9,16.5,0.5606443
1153.1,3826.4,92.1,-5.5,4.4122218,592.3,16.5,0.56034739
1250,3820.6,96.9,-5.8,4.77575,592.6,16.5,0.5601247
1244.1,3819.9,-5.9,-0.7,4.7523376,592.9,16.5,0.55990202
1244.1,3818.9,0,-1,4.7510935,593.3,16.5,0.55960511
1250.1,3817.7,6,-1.2,4.7725068,593.6,16.5,0.55938242
1242.1,3817.2,-8,-0.5,4.7413441,594,16.5,0.55908551
1246.1,3816.3,4,-0.9,4.7554914,594.3,16.5,0.55886283
1246.1,3815.6,0,-0.7,4.7546192,594.7,16.5,0.55856591
1247,3814.8,0.9,-0.8,4.7570556,595,16.5,0.55834323
1250.1,3814,3.1,-0.8,4.7678814,595.4,16.5,0.55804632
1250.1,3813.3,0,-0.7,4.7670063,595.7,16.5,0.55782363
1244.1,3813,-6,-0.3,4.7437533,596.1,16.5,0.55752672
1251.1,3812,7,-1,4.7691932,596.4,16.5,0.55730404
1249.1,3811.5,-2,-0.5,4.7609447,596.8,16.5,0.55700713
1248.1,3811,-1,-0.5,4.7565091,597.1,16.5,0.55678444
1252.1,3810.2,4,-0.8,4.7707514,597.5,16.5,0.55648753
1250.1,3809.8,-2,-0.4,4.762631,597.8,16.5,0.55626485
1246.1,3809.5,-4,-0.3,4.747018,598.1,16.5,0.55604216
1256.1,3808.5,10,-1,4.7838569,598.5,16.5,0.55574525
1249.1,3808.3,-7,-0.2,4.7569475,598.8,16.5,0.55552257
1296.1,3805.5,47,-2.8,4.9323086,599.2,16.5,0.55522565
1349.1,3802.3,53,-3.2,5.1296829,599.6,16.5,0.55492874
1395,3799.4,45.9,-2.9,5.300163,600,16.5,0.55463183
1441.2,3796.4,46.2,-3,5.4713717,600.4,16.5,0.55433492
1485.2,3793.5,44,-2.9,5.6341062,600.8,16.5,0.554038
1530.1,3790.5,44.9,-3,5.7998441,601.2,16.5,0.55374109
1579.1,3787.3,49,-3.2,5.9805254,601.6,16.5,0.55344418
1626.1,3784.1,47,-3.2,6.153325,602.1,16.5,0.55307304
1668.1,3781.1,42,-3,6.3072529,602.6,16.5,0.5527019
1711.1,3778.1,43,-3,6.4647069,603,16.5,0.55240499
1765.1,3774.5,54,-3.6,6.6623699,603.5,16.5,0.55203385
1810.2,3771.2,45.1,-3.3,6.8266262,604,16.5,0.55166271
1809.2,3770.3,-1,-0.9,6.8212268,604.5,16.5,0.55129157
1813.2,3769.2,4,-1.1,6.8343134,605,16.5,0.55092043
1810.2,3768.4,-3,-0.8,6.8215577,605.5,16.5,0.55054929
1806.2,3767.7,-4,-0.7,6.8052197,606,16.5,0.55017815
1806.2,3767,0,-0.7,6.8039554,606.5,16.5,0.54980701
1812.2,3765.9,6,-1.1,6.824564,607,16.5,0.54943587
1812.2,3765.1,0,-0.8,6.8231142,607.5,16.5,0.54906473
1806.2,3764.6,-6,-0.5,6.7996205,608,16.5,0.54869359
1814.2,3763.5,8,-1.1,6.8277417,608.5,16.5,0.54832245
1813.2,3762.9,-1,-0.6,6.8228903,609.1,16.5,0.54787708
1805.2,3762.6,-8,-0.3,6.7922455,609.6,16.5,0.54750594
1808.2,3761.8,3,-0.8,6.8020868,610.1,16.5,0.5471348
1809.2,3761.1,1,-0.7,6.8045821,610.6,16.5,0.54676366
1811.2,3760.3,2,-0.8,6.8106554,611.1,16.5,0.54639252
1812.2,3759.7,1,-0.6,6.8133283,611.6,16.5,0.54602138
1811.2,3759.1,-1,-0.6,6.8084819,612.1,16.5,0.54565024
1810.2,3758.6,-1,-0.5,6.8038177,612.6,16.5,0.5452791
1811.2,3757.9,1,-0.7,6.8063085,613.1,16.5,0.54490796
1810.2,3757.4,-1,-0.5,6.8016455,613.6,16.5,0.54453682
1807.2,3757,-3,-0.4,6.7896504,614.1,16.5,0.54416568
1806.2,3756.5,-1,-0.5,6.7849903,614.6,16.5,0.54379454
1746.2,3758.9,-60,2.4,6.5637912,615.1,16.5,0.5434234
1682.1,3761.8,-64.1,2.9,6.3277238,615.5,16.5,0.54312648
1614.2,3764.9,-67.9,3.1,6.0773016,616,16.5,0.54275534
1549.2,3767.9,-65,3,5.8372307,616.4,16.5,0.54245843
1478.2,3771.3,-71,3.4,5.5747357,616.8,16.5,0.54216152
1408.1,3774.8,-70.1,3.5,5.3152959,617.2,16.5,0.54186461
1414.1,3774.6,6,-0.2,5.3376619,617.6,16.5,0.5415677
1410.1,3774.8,-4,0.2,5.3228455,618,16.5,0.54127078
1411.1,3774.7,1,-0.1,5.3264792,618.4,16.5,0.54097387
1416.2,3774.4,5.1,-0.3,5.3453053,618.8,16.5,0.54067696
1405.2,3774.9,-11,0.5,5.3044895,619.2,16.5,0.54038005
1405.1,3774.8,-0.1,-0.1,5.3039715,619.6,16.5,0.54008314
1410.1,3774.5,5,-0.3,5.3224225,620,16.5,0.53978622
1411.1,3774.4,1,-0.1,5.3260558,620.3,16.5,0.53956354
1274.1,3781.1,-137,6.7,4.8174995,620.7,16.5,0.53926663
1134.1,3788.2,-140,7.1,4.2961976,621,16.5,0.53904394
1003.1,3795.1,-131,6.9,3.8068648,621.3,16.5,0.53882126
861.1,3802.7,-142,7.6,3.274505,621.5,16.5,0.5386728
725.1,3810.2,-136,7.5,2.762776,621.7,16.5,0.53852435
591.1,3817.7,-134,7.5,2.2566425,621.9,16.5,0.53837589
452.3,3825.7,-138.8,8,1.7303641,622,16.5,0.53830166
316.2,3833.6,-136.1,7.9,1.2121843,622.1,16.5,0.53822743
177.2,3841.8,-139,8.2,0.68076696,622.2,16.5,0.53815321
45,3849.7,-132.2,7.9,0.1732365,622.2,16.5,0.53815321
-96,3858.2,-141,8.5,-0.3703872,622.1,16.5,0.53822743
-233.1,3866.6,-137.1,8.4,-0.90130446,622.1,16.5,0.53822743
-371,3875.1,-137.9,8.5,-1.4376621,622,16.5,0.53830166
-506.2,3883.7,-135.2,8.6,-1.9659289,621.8,16.5,0.53845012
-510,3885.8,-3.8,2.1,-1.981758,621.7,16.5,0.53852435
-509,3887.5,1,1.7,-1.9787375,621.6,16.5,0.53859857
-500.1,3888.8,8.9,1.3,-1.9447889,621.4,16.5,0.53874703
-506,3890.6,-5.9,1.8,-1.9686436,621.3,16.5,0.53882126
-507,3892.2,-1,1.6,-1.9733454,621.1,16.5,0.53896971
-505,3893.5,2,1.3,-1.9662175,621,16.5,0.53904394
-504,3894.9,1,1.4,-1.9630296,620.9,16.5,0.53911817
-512,3896.6,-8,1.7,-1.9950592,620.7,16.5,0.53926663
-505.1,3897.6,6.9,1,-1.9686778,620.6,16.5,0.53934086
-526,3899.9,-20.9,2.3,-2.0513474,620.4,16.5,0.53948931
-545,3902.1,-19,2.2,-2.1266445,620.3,16.5,0.53956354
-566,3904.4,-21,2.3,-2.2098904,620.1,16.5,0.539712
-577,3906.2,-11,1.8,-2.2538774,620,16.5,0.53978622
-591.9,3908.2,-14.9,2,-2.3132636,619.8,16.5,0.53993468
-614,3910.5,-22.1,2.3,-2.401047,619.6,16.5,0.54008314
-633,3912.6,-19,2.1,-2.4766758,619.4,16.5,0.54023159
-651,3914.8,-18,2.2,-2.5485348,619.3,16.5,0.54030582
-668,3916.8,-17,2,-2.6164224,619.1,16.5,0.54045428
-685,3918.8,-17,2,-2.684378,618.9,16.5,0.54060273
-702,3920.9,-17,2.1,-2.7524718,618.7,16.5,0.54075119
-707,3922.3,-5,1.4,-2.7730661,618.5,16.5,0.54089964
-456,3911.1,251,-11.2,-1.7834616,618.4,16.5,0.54097387
-208.1,3899.5,247.9,-11.6,-0.81148595,618.3,16.5,0.5410481
39,3887.6,247.1,-11.9,0.1516164,618.3,16.5,0.5410481
287.1,3875.2,248.1,-12.4,1.1125699,618.4,16.5,0.54097387
535.1,3862.4,248,-12.8,2.0667702,618.6,16.5,0.54082542
780,3849.4,244.9,-13,3.002532,618.8,16.5,0.54067696
1026.1,3836.2,246.1,-13.2,3.9363248,619.1,16.5,0.54045428
1036.1,3834.2,10,-2,3.9726146,619.3,16.5,0.54030582
1033.1,3833.2,-3,-1,3.9600789,619.6,16.5,0.54008314
1027.1,3832.4,-6,-0.8,3.936258,619.9,16.5,0.53986045
1034.1,3831.1,7,-1.3,3.9617405,620.2,16.5,0.53963777
1029.1,3830.5,-5,-0.6,3.9419675,620.5,16.5,0.53941508
1032.1,3829.6,3,-0.9,3.9525302,620.8,16.5,0.5391924
1034,3828.7,1.9,-0.9,3.9588758,621.1,16.5,0.53896971
1029,3828.3,-5,-0.4,3.9393207,621.3,16.5,0.53882126
1033,3827.4,4,-0.9,3.9537042,621.6,16.5,0.53859857
1039.1,3826.5,6.1,-0.9,3.9761161,621.9,16.5,0.53837589
1031.1,3826.3,-8,-0.2,3.9452979,622.2,16.5,0.53815321
1036.1,3825.4,5,-0.9,3.9634969,622.5,16.5,0.53793052
1024.1,3825.5,-12,0.1,3.9176945,622.8,16.5,0.53770784
950.1,3828.6,-74,3.1,3.6375529,623,16.5,0.53755938
872.1,3832.1,-78,3.5,3.3419744,623.3,16.5,0.5373367
793.1,3835.8,-79,3.7,3.042173,623.5,16.5,0.53718824
709.1,3839.9,-84,4.1,2.7228731,623.7,16.5,0.53703979
628.1,3843.9,-81,4,2.4143536,623.9,16.5,0.53689133
551.1,3847.9,-77,4,2.1205777,624,16.5,0.5368171
466.1,3852.4,-85,4.5,1.7956036,624.2,16.5,0.53666865
390.1,3856.5,-76,4.1,1.5044206,624.3,16.5,0.53659442
309.1,3860.9,-81,4.4,1.1934042,624.4,16.5,0.53652019
223.2,3865.7,-85.9,4.8,0.86282424,624.4,16.5,0.53652019
229.1,3866.1,5.9,0.4,0.88572351,624.5,16.5,0.53644596
230.1,3866.6,1,0.5,0.88970466,624.5,16.5,0.53644596
224.1,3867.3,-6,0.7,0.86666193,624.6,16.5,0.53637173
229.1,3867.5,5,0.2,0.88604425,624.7,16.5,0.53629751
226.1,3868.1,-3,0.6,0.87457741,624.7,16.5,0.53629751
230.2,3868.3,4.1,0.2,0.89048266,624.8,16.5,0.53622328
228.1,3868.8,-2.1,0.5,0.88247328,624.9,16.5,0.53614905
431.1,3859.1,203,-9.7,1.663658,625,16.5,0.53607482
432.1,3858.9,1,-0.2,1.6674307,625.1,16.5,0.53600059
427.1,3859.2,-5,0.3,1.6482643,625.2,16.5,0.53592637
429.1,3859.1,2,-0.1,1.6559398,625.3,16.5,0.53585214
425.1,3859.4,-4,0.3,1.6406309,625.5,16.5,0.53570368
428.1,3859.3,3,-0.1,1.6521663,625.6,16.5,0.53562945
430.1,3859.2,2,-0.1,1.6598419,625.7,16.5,0.53555523
428.2,3859.4,-1.9,0.2,1.6525951,625.8,16.5,0.535481
431.1,3859.3,2.9,-0.1,1.6637442,625.9,16.5,0.53540677
429.2,3859.5,-1.9,0.2,1.6564974,626.1,16.5,0.53525831
430.1,3859.5,0.9,0,1.6599709,626.2,16.5,0.53518409
436.1,3859.3,6,-0.2,1.6830407,626.3,16.5,0.53510986
431.1,3859.6,-5,0.3,1.6638736,626.4,16.5,0.53503563
436.1,3859.4,5,-0.2,1.6830843,626.5,16.5,0.5349614
433.1,3859.6,-3,0.2,1.6715928,626.7,16.5,0.53481295
433.1,3859.7,0,0.1,1.6716361,626.8,16.5,0.53473872
429.1,3859.9,-4,0.2,1.6562831,626.9,16.5,0.53466449
427.1,3860.1,-2,0.2,1.6486487,627,16.5,0.53459026
431.1,3860,4,-0.1,1.664046,627.1,16.5,0.53451603
431.1,3860,0,0,1.664046,627.3,16.5,0.53436758
434.1,3859.9,3,-0.1,1.6755826,627.4,16.5,0.53429335
427.1,3860.4,-7,0.5,1.6487768,627.5,16.5,0.53421912
1203,3821.8,775.9,-38.6,4.5976254,627.8,16.5,0.53399644
1204.1,3820.3,1.1,-1.5,4.6000232,628.2,16.5,0.53369952
1194.2,3819.5,-9.9,-0.8,4.5612469,628.5,16.5,0.53347684
1202.1,3818.1,7.9,-1.4,4.589738,628.8,16.5,0.53325416
1203.1,3817.1,1,-1,4.592353,629.2,16.5,0.53295724
1204.1,3816.2,1,-0.9,4.5950864,629.5,16.5,0.53273456
1203.1,3815.5,-1,-0.7,4.5904281,629.8,16.5,0.53251188
1202.1,3814.7,-1,-0.8,4.5856509,630.2,16.5,0.53221496
1205.1,3813.9,3,-0.8,4.5961309,630.5,16.5,0.53199228
1197.1,3813.6,-8,-0.3,4.5652606,630.8,16.5,0.5317696
1204.1,3812.6,7,-1,4.5907517,631.2,16.5,0.53147268
1206.1,3811.9,2,-0.7,4.5975326,631.5,16.5,0.53125
1206.1,3811.2,0,-0.7,4.5966883,631.8,16.5,0.53102732
1202.1,3810.8,-4,-0.4,4.5809627,632.2,16.4,0.5307304
1203.1,3810.2,1,-0.6,4.5840516,632.5,16.4,0.53050772
1208.1,3809.4,5,-0.8,4.6021361,632.8,16.4,0.53028504
1040.1,3817.2,-168,7.8,3.9702697,633.1,16.4,0.53006235
886.2,3824.7,-153.9,7.5,3.3894491,633.4,16.4,0.52983967
720.1,3833,-166.1,8.3,2.7601433,633.6,16.4,0.52969121
558.2,3841.4,-161.9,8.4,2.1442695,633.7,16.4,0.52961698
388.1,3850.4,-170.1,9,1.4943402,633.8,16.4,0.52954276
231.1,3859,-157,8.6,0.8918149,633.9,16.4,0.52946853
77,3867.6,-154.1,8.6,0.2978052,633.9,16.4,0.52946853
74,3868.9,-3,1.3,0.2862986,633.9,16.4,0.52946853
72,3869.9,-2,1,0.2786328,634,16.4,0.5293943
68,3870.9,-4,1,0.2632212,634,16.4,0.5293943
548.1,3847.9,480.1,-23,2.109034,634.1,16.4,0.52932007
1033,3823.5,484.9,-24.4,3.9496755,634.4,16.4,0.52909739
1503.1,3798.9,470.1,-24.6,5.7101266,634.8,16.4,0.52880048
1988.1,3773,485,-25.9,7.5011013,635.4,16.4,0.52835511
1988.2,3770.6,0.1,-2.4,7.4967069,635.9,16.4,0.52798397
1981.2,3768.9,-7,-1.7,7.4669447,636.5,16.4,0.5275386
1992.2,3766.6,11,-2.3,7.5038205,637,16.4,0.52716746
1985.2,3765.3,-7,-1.3,7.4748736,637.6,16.4,0.52672209
1988.2,3763.6,3,-1.7,7.4827895,638.2,16.4,0.52627672
1983.2,3762.5,-5,-1.1,7.46179,638.7,16.4,0.52590558
1888.2,3765.9,-95,3.4,7.1107724,639.2,16.4,0.52553444
1789.3,3769.7,-98.9,3.8,6.7451242,639.7,16.4,0.5251633
1789.2,3768.9,-0.1,-0.8,6.7433159,640.2,16.4,0.52479216
1786.2,3768.1,-3,-0.8,6.7305802,640.7,16.4,0.52442102
1786.2,3767.3,0,-0.8,6.7291513,641.2,16.4,0.52404988
1784.2,3766.5,-2,-0.8,6.7201893,641.7,16.4,0.52367874
1787.2,3765.5,3,-1,6.7297016,642.2,16.4,0.5233076
1788.2,3764.7,1,-0.8,6.7320365,642.7,16.4,0.52293646
1788.2,3763.9,0,-0.8,6.730606,643.2,16.4,0.52256532
1781.2,3763.4,-7,-0.5,6.7033681,643.7,16.4,0.52219418
1782.2,3762.6,1,-0.8,6.7057057,644.2,16.4,0.52182304
1783.2,3761.8,1,-0.8,6.7080418,644.7,16.4,0.5214519
1781.2,3761.2,-2,-0.6,6.6994494,645.2,16.4,0.52108076
1784.1,3760.3,2.9,-0.9,6.7087512,645.7,16.4,0.52070962
1784.2,3759.7,0.1,-0.6,6.7080567,646.2,16.4,0.52033848
1782.2,3759.1,-2,-0.6,6.699468,646.7,16.4,0.51996734
1781.2,3758.5,-1,-0.6,6.6946402,647.2,16.4,0.5195962
1781.2,3757.9,0,-0.6,6.6935715,647.7,16.4,0.51922506
1785.2,3757.1,4,-0.8,6.7071749,648.2,16.4,0.51885392
1786.2,3756.4,1,-0.7,6.7096817,648.6,16.4,0.51855701
1788.2,3755.7,2,-0.7,6.7159427,649.1,16.4,0.51818587
1785.2,3755.3,-3,-0.4,6.7039616,649.6,16.4,0.51781473
1788.2,3754.5,3,-0.8,6.7137969,650.1,16.4,0.51744359
1780.2,3754.4,-8,-0.1,6.6835829,650.6,16.4,0.51707245
1781.2,3753.7,1,-0.7,6.6860904,651.1,16.4,0.51670131
1785.2,3753,4,-0.7,6.6998556,651.6,16.4,0.51633017
1785.2,3752.5,0,-0.5,6.698963,652.1,16.4,0.51595903
1785.2,3752,0,-0.5,6.6980704,652.6,16.4,0.51558789
1788.1,3751.3,2.9,-0.7,6.7076995,653.1,16.4,0.51521675
1783.2,3751,-4.9,-0.3,6.6887832,653.6,16.4,0.51484561
1785.1,3750.5,1.9,-0.5,6.6950176,654.1,16.4,0.51447447
1786.2,3749.9,1.1,-0.6,6.6980714,654.6,16.4,0.51410333
1782.2,3749.7,-4,-0.2,6.6827153,655.1,16.4,0.51373219
1782.2,3749.2,0,-0.5,6.6818242,655.6,16.4,0.51336105
1702.2,3752.7,-80,3.5,6.3878459,656.1,16.4,0.5129899
1618.2,3756.7,-84,4,6.0790919,656.5,16.4,0.51269299
1532.2,3760.8,-86,4.1,5.7622978,656.9,16.4,0.51239608
1446.1,3765.1,-86.1,4.3,5.4447111,657.3,16.4,0.51209917
1363.1,3769.3,-83,4.2,5.1379328,657.7,16.4,0.51180226
1282.1,3773.5,-81,4.2,4.8380044,658.1,16.4,0.51150534
1200.1,3777.9,-82,4.4,4.5338578,658.4,16.4,0.51128266
1112.2,3782.7,-87.9,4.8,4.2071189,658.7,16.4,0.51105998
1022.1,3787.6,-90.1,4.9,3.871306,659,16.4,0.51083729
942.1,3792.2,-80,4.6,3.5726316,659.3,16.4,0.51061461
940.1,3792.9,-2,0.7,3.5657053,659.5,16.4,0.51046615
941.1,3793.3,1,0.4,3.5698746,659.8,16.4,0.51024347
947.1,3793.4,6,0.1,3.5927291,660,16.4,0.51009501
942.1,3794.1,-5,0.7,3.5744216,660.3,16.4,0.50987233
945.1,3794.3,3,0.2,3.5859929,660.6,16.4,0.50964964
942.1,3794.7,-3,0.4,3.5749869,660.8,16.4,0.50950119
944.1,3795,2,0.3,3.5828595,661.1,16.4,0.5092785
942.1,3795.4,-2,0.4,3.5756463,661.4,16.4,0.50905582
942.1,3795.6,0,0.2,3.5758348,661.6,16.4,0.50890736
947.1,3795.6,5,0,3.5948128,661.9,16.4,0.50868468
942.1,3796.1,-5,0.5,3.5763058,662.1,16.4,0.50853622
942.1,3796.3,0,0.2,3.5764942,662.4,16.4,0.50831354
943.1,3796.5,1,0.2,3.5804792,662.7,16.4,0.50809086
-14,3844.5,-957.1,48,-0.053823,662.7,16.4,0.50809086
-969.9,3894.1,-955.9,49.6,-3.7768876,662.4,16.4,0.50831354
-969,3897.6,0.9,3.5,-3.7767744,662.1,16.4,0.50853622
-970,3900.5,-1,2.9,-3.783485,661.9,16.4,0.50868468
581,3826.1,1551,-74.4,2.2229641,662,16.4,0.50861045
584.1,3825.3,3.1,-0.8,2.2343577,662.2,16.4,0.508462
583.1,3825.1,-1,-0.2,2.2304158,662.3,16.4,0.50838777
584.1,3825.1,1,0,2.2342409,662.5,16.4,0.50823931
583.1,3825.2,-1,0.1,2.2304741,662.7,16.4,0.50809086
579.1,3825.5,-4,0.3,2.215347,662.8,16.4,0.50801663
582.1,3825.6,3,0.1,2.2268818,663,16.4,0.50786817
579,3826,-3.1,0.4,2.215254,663.1,16.4,0.50779394
583,3826,4,0,2.230558,663.3,16.4,0.50764549
583.1,3826.2,0.1,0.2,2.2310572,663.5,16.4,0.50749703
580.1,3826.6,-3,0.4,2.2198107,663.6,16.4,0.5074228
583.1,3826.6,3,0,2.2312905,663.8,16.4,0.50727435
577.1,3827.1,-6,0.5,2.2086194,664,16.4,0.50712589
584.1,3827.1,7,0,2.2354091,664.1,16.4,0.50705166
586.1,3827.1,2,0,2.2430633,664.3,16.4,0.50690321
580.1,3827.7,-6,0.6,2.2204488,664.4,16.4,0.50682898
584.1,3827.7,4,0,2.2357596,664.6,16.4,0.50668052
581.1,3828,-3,0.3,2.2244508,664.8,16.4,0.50653207
583.1,3828.1,2,0.1,2.2321651,664.9,16.4,0.50645784
581.1,3828.4,-2,0.3,2.2246832,665.1,16.4,0.50630938
583,3828.5,1.9,0.1,2.2320155,665.3,16.4,0.50616093
577.1,3829,-5.9,0.5,2.2097159,665.4,16.4,0.5060867
587.1,3828.7,10,-0.3,2.2478298,665.6,16.4,0.50593824
584,3829.1,-3.1,0.4,2.2361944,665.7,16.4,0.50586401
578.1,3829.5,-5.9,0.4,2.2138339,665.9,16.4,0.50571556
582.1,3829.5,4,0,2.2291519,666.1,16.4,0.5055671
577.1,3829.9,-5,0.4,2.2102353,666.2,16.4,0.50549287
580,3829.9,2.9,0,2.221342,666.4,16.4,0.50534442
583.1,3829.9,3.1,0,2.2332147,666.5,16.4,0.50527019
166.2,3850.9,-416.9,21,0.64001958,666.6,16.4,0.50519596
-251,3872.6,-417.2,21.7,-0.9720226,666.5,16.4,0.50527019
-659,3894.4,-408,21.8,-2.5664096,666.3,16.4,0.50541865
-662,3896.7,-3,2.3,-2.5796154,666.2,16.4,0.50549287
-664,3898.7,-2,2,-2.5887368,666,16.4,0.50564133
-659,3900.1,5,1.4,-2.5701659,665.8,16.4,0.50578979
-659,3901.6,0,1.5,-2.5711544,665.6,16.4,0.50593824
-663,3903.3,-4,1.7,-2.5878879,665.4,16.4,0.5060867
-661,3904.5,2,1.2,-2.5808745,665.2,16.4,0.50623515
-660,3905.8,1,1.3,-2.577828,665,16.4,0.50638361
-667,3907.3,-7,1.5,-2.6061691,664.9,16.4,0.50645784
-656,3908,11,0.7,-2.563648,664.7,16.4,0.50660629
-666,3909.7,-10,1.7,-2.6038602,664.5,16.4,0.50675475
-662,3910.6,4,0.9,-2.5888172,664.3,16.4,0.50690321
-662,3911.7,0,1.1,-2.5895454,664.1,16.4,0.50705166
-663,3912.8,-1,1.1,-2.5941864,663.9,16.4,0.50720012
-659,3913.7,4,0.9,-2.5791283,663.8,16.4,0.50727435
-661,3914.8,-2,1.1,-2.5876828,663.6,16.4,0.5074228
-658,3915.7,3,0.9,-2.5765306,663.4,16.4,0.50757126
-658,3916.6,0,0.9,-2.5771228,663.2,16.4,0.50771971
-662,3917.8,-4,1.2,-2.5935836,663,16.4,0.50786817
-386.1,3905,275.9,-12.8,-1.5077205,662.9,16.4,0.5079424
-110.1,3891.6,276,-13.4,-0.42846516,662.9,16.4,0.5079424
171.1,3877.6,281.2,-14,0.66345736,662.9,16.4,0.5079424
450.1,3863.3,279,-14.3,1.7388713,663.1,16.4,0.50779394
724,3848.7,273.9,-14.6,2.7864588,663.3,16.4,0.50764549
1004,3833.6,280,-15.1,3.8489344,663.5,16.4,0.50749703
1272,3818.8,268,-14.8,4.8575136,663.9,16.4,0.50720012
1554.1,3802.9,282.1,-15.9,5.9100869,664.3,16.4,0.50690321
1831.1,3787,277,-15.9,6.9343757,664.8,16.4,0.50653207
1830.2,3784.7,-0.9,-2.3,6.9267579,665.3,16.4,0.50616093
1835.2,3782.4,5,-2.3,6.9414605,665.9,16.4,0.50571556
1830.2,3780.8,-5,-1.6,6.9196202,666.4,16.4,0.50534442
1830.2,3779,0,-1.8,6.9163258,666.9,16.4,0.50497328
1830.2,3777.4,0,-1.6,6.9133975,667.4,16.4,0.50460214
1829.2,3775.9,-1,-1.5,6.9068763,667.9,16.4,0.504231
1795.2,3776.1,-34,0.2,6.7788547,668.4,16.4,0.50385986
1746.2,3777.2,-49,1.1,6.5957466,668.9,16.4,0.50348872
1708.2,3777.9,-38,0.7,6.4534088,669.3,16.4,0.50319181
1671.1,3778.6,-37.1,0.7,6.3144185,669.8,16.4,0.50282067
1629.1,3779.7,-42,1.1,6.1575093,670.3,16.4,0.50244952
1587.1,3780.9,-42,1.2,6.0006664,670.7,16.4,0.50215261
1545.2,3782.2,-41.9,1.3,5.8442554,671.1,16.4,0.5018557
1504.2,3783.4,-41,1.2,5.6909903,671.6,16.4,0.50148456
1468.2,3784.6,-36,1.2,5.5565497,672,16.4,0.50118765
1423.1,3786.2,-45.1,1.6,5.3881412,672.4,16.4,0.50089074
1384.1,3787.6,-39,1.4,5.2424172,672.7,16.4,0.50066805
1345.1,3789,-39,1.4,5.0965839,673.1,16.4,0.50037114
1343.1,3788.7,-2,-0.3,5.088603,673.5,16.4,0.50007423
1346.1,3788.1,3,-0.6,5.0991614,673.9,16.4,0.49977732
1343.2,3787.7,-2.9,-0.4,5.0876386,674.2,16.4,0.49955463
1342.1,3787.3,-1.1,-0.4,5.0829353,674.6,16.4,0.49925772
1344.1,3786.8,2,-0.5,5.0898379,675,16.4,0.49896081
1346.1,3786.2,2,-0.6,5.0966038,675.4,16.4,0.4986639
1341.1,3786,-5,-0.2,5.0774046,675.7,16.4,0.49844121
1339.1,3785.7,-2,-0.3,5.0694309,676.1,16.4,0.4981443
1341.1,3785.1,2,-0.6,5.0761976,676.5,16.4,0.49784739
1342.1,3784.7,1,-0.4,5.0794459,676.8,16.4,0.4976247
1343.1,3784.2,1,-0.5,5.082559,677.2,16.4,0.49732779
1346.1,3783.6,3,-0.6,5.093104,677.6,16.4,0.49703088
1408.1,3780.1,62,-3.5,5.3227588,678,16.4,0.49673397
1477.1,3776.1,69,-4,5.5776773,678.4,16.4,0.49643705
1539.1,3772.4,62,-3.7,5.8061008,678.8,16.4,0.49614014
1608.1,3768.2,69,-4.2,6.0596424,679.3,16.4,0.495769
1677.1,3764,69,-4.2,6.3126044,679.7,16.4,0.49547209
1745.2,3759.7,68.1,-4.3,6.5614284,680.2,16.4,0.49510095
1810.1,3755.6,64.9,-4.1,6.7980116,680.7,16.4,0.49472981
1807.3,3754.8,-2.8,-0.8,6.78605,681.2,16.4,0.49435867
1810.2,3753.8,2.9,-1,6.7951288,681.7,16.4,0.49398753
1804.2,3753.2,-6,-0.6,6.7715234,682.2,16.4,0.49361639
1809.2,3752.2,5,-1,6.7884802,682.7,16.4,0.49324525
1807.2,3751.5,-2,-0.7,6.7797108,683.2,16.4,0.49287411
1807.2,3750.8,0,-0.7,6.7784458,683.7,16.4,0.49250297
1805.2,3750.1,-2,-0.7,6.7696805,684.2,16.4,0.49213183
1802.2,3749.6,-3,-0.5,6.7575291,684.7,16.4,0.49176069
1805.2,3748.8,3,-0.8,6.7673338,685.2,16.4,0.49138955
1801.2,3748.3,-4,-0.5,6.751438,685.7,16.4,0.49101841
1805.2,3747.5,4,-0.8,6.764987,686.2,16.4,0.49064727
1805.2,3746.8,0,-0.7,6.7637234,686.7,16.4,0.49027613
1808.2,3746.1,3,-0.7,6.773698,687.2,16.4,0.48990499
1804.2,3745.7,-4,-0.4,6.7579919,687.7,16.4,0.48953385
1806.2,3745,2,-0.7,6.764219,688.2,16.4,0.48916271
1808.1,3744.3,1.9,-0.7,6.7700688,688.7,16.4,0.48879157
1807.1,3743.8,-1,-0.5,6.765421,689.2,16.4,0.48842043
1805.2,3743.4,-1.9,-0.4,6.7575857,689.7,16.4,0.48804929
1805.2,3742.9,0,-0.5,6.7566831,690.3,16.4,0.48760392
1808.2,3742.2,3,-0.7,6.766646,690.8,16.4,0.48723278
1804.2,3741.9,-4,-0.3,6.751136,691.3,16.4,0.48686164
1802.2,3741.5,-2,-0.4,6.7429313,691.8,16.4,0.4864905
1806.2,3740.8,4,-0.7,6.756633,692.3,16.4,0.48611936
1805.2,3740.4,-1,-0.4,6.7521701,692.8,16.4,0.48574822
1807.2,3739.8,2,-0.6,6.7585666,693.3,16.4,0.48537708
1808.1,3739.3,0.9,-0.5,6.7610283,693.8,16.4,0.48500594
1806.2,3738.9,-1.9,-0.4,6.7532012,694.3,16.4,0.4846348
1805.2,3738.5,-1,-0.4,6.7487402,694.8,16.4,0.48426366
1806.2,3738,1,-0.5,6.7515756,695.3,16.4,0.48389252
1805.2,3737.6,-1,-0.4,6.7471155,695.8,16.4,0.48352138
1806.2,3737.1,1,-0.5,6.74995,696.3,16.4,0.48315024
1022.1,3776.2,-784.1,39.1,3.859654,696.6,16.4,0.48292755
1020.1,3777.3,-2,1.1,3.8532237,696.8,16.4,0.4827791
1057.1,3776.3,37,-1,3.9919267,697.1,16.4,0.48255641
1093,3775,35.9,-1.3,4.126075,697.4,16.4,0.48233373
1134.1,3773.4,41.1,-1.6,4.2794129,697.7,16.4,0.48211105
1176.1,3771.5,42,-1.9,4.4356611,698.1,16.4,0.48181413
1214,3769.7,37.9,-1.8,4.5764158,698.4,16.4,0.48159145
1253.1,3767.9,39.1,-1.8,4.7215555,698.8,16.4,0.48129454
1285.1,3766.2,32,-1.7,4.8399436,699.1,16.4,0.48107185
1323.1,3764.3,38,-1.9,4.9805453,699.5,16.4,0.48077494
1361.1,3762.3,38,-2,5.1208665,699.9,16.4,0.48047803
1399.1,3760.2,38,-2.1,5.2608958,700.3,16.4,0.48018112
1406.1,3759.7,7,-0.5,5.2865142,700.6,16.4,0.47995843
1406.1,3759.5,0,-0.2,5.2862329,701,16.4,0.47966152
1402.1,3759.5,-4,0,5.2711949,701.4,16.4,0.47936461
1404.1,3759.2,2,-0.3,5.2782927,701.8,16.4,0.4790677
1403.1,3759.1,-1,-0.1,5.2743932,702.2,16.4,0.47877078
1401.1,3759.1,-2,0,5.266875,702.6,16.4,0.47847387
1406.1,3758.7,5,-0.4,5.2851081,703,16.4,0.47817696
1406.1,3758.6,0,-0.1,5.2849675,703.4,16.4,0.47788005
1406.1,3758.4,0,-0.2,5.2846862,703.8,16.4,0.47758314
1402.1,3758.5,-4,0.1,5.2697928,704.2,16.4,0.47728622
1408.1,3758,6,-0.5,5.2916398,704.5,16.4,0.47706354
1408,3757.9,-0.1,-0.1,5.2911232,704.9,16.4,0.47676663
1403.1,3758,-4.9,0.1,5.2728498,705.3,16.4,0.47646971
1404.1,3757.8,1,-0.2,5.276327,705.7,16.4,0.4761728
1403.1,3757.7,-1,-0.1,5.2724289,706.1,16.4,0.47587589
1402.1,3757.6,-1,-0.1,5.268531,706.5,16.4,0.47557898
1404.1,3757.4,2,-0.2,5.2757653,706.9,16.4,0.47528207
1398.1,3757.6,-6,0.2,5.2535006,707.3,16.4,0.47498515
1403.1,3757.2,5,-0.4,5.2717273,707.7,16.4,0.47468824
1409.1,3756.8,6,-0.4,5.2937069,708.1,16.4,0.47439133
1403.1,3757,-6,0.2,5.2714467,708.4,16.4,0.47416865
1406.1,3756.7,3,-0.3,5.2822959,708.8,16.4,0.47387173
1405.1,3756.6,-1,-0.1,5.2783987,709.2,16.4,0.47357482
1440.1,3754.7,35,-1.9,5.4071435,709.6,16.4,0.47327791
1484.1,3752.3,44,-2.4,5.5687884,710,16.4,0.472981
1517.1,3750.4,33,-1.9,5.6897318,710.5,16.4,0.47260986
1559.1,3748,42,-2.4,5.8435068,710.9,16.4,0.47231295
1595.1,3745.8,36,-2.2,5.9749256,711.3,16.4,0.47201603
1637.1,3743.3,42,-2.5,6.1281564,711.8,16.4,0.47164489
1675.1,3740.9,38,-2.4,6.2663816,712.3,16.4,0.47127375
1714.2,3738.5,39.1,-2.4,6.4085367,712.7,16.4,0.47097684
1756.2,3735.9,42,-2.6,6.5609876,713.2,16.4,0.4706057
1790.2,3733.7,34,-2.2,6.6840697,713.7,16.4,0.47023456
1823.2,3731.4,33,-2.3,6.8030885,714.2,16.4,0.46986342
1866.2,3728.7,43,-2.7,6.9584999,714.7,16.4,0.46949228
1902.2,3726.2,36,-2.5,7.0879776,715.3,16.4,0.46904691
1905.1,3725.4,2.9,-0.8,7.0972595,715.8,16.4,0.46867577
1903.2,3724.9,-1.9,-0.5,7.0892297,716.3,16.4,0.46830463
1900.2,3724.5,-3,-0.4,7.0772949,716.9,16.4,0.46785926
1906.2,3723.7,6,-0.8,7.0981169,717.4,16.4,0.46748812
1902.3,3723.3,-3.9,-0.4,7.0828336,717.9,16.4,0.46711698
1906.2,3722.6,3.9,-0.7,7.0960201,718.4,16.4,0.46674584
1906.2,3722.1,0,-0.5,7.095067,719,16.4,0.46630048
1906.2,3721.6,0,-0.5,7.0941139,719.5,16.4,0.46592933
1907.2,3721,1,-0.6,7.0966912,720,16.4,0.46555819
1906.2,3720.6,-1,-0.4,7.0922077,720.6,16.4,0.46511283
1900.2,3720.5,-6,-0.1,7.0696941,721.1,16.4,0.46474169
1909.2,3719.5,9,-1,7.1012694,721.6,16.4,0.46437055
1906.2,3719.2,-3,-0.3,7.089539,722.1,16.4,0.46399941
1909.1,3718.6,2.9,-0.6,7.0991793,722.7,16.4,0.46355404
1903.2,3718.5,-5.9,-0.1,7.0770492,723.2,16.4,0.4631829
1907,3717.9,3.8,-0.6,7.0900353,723.7,16.4,0.46281176
1910.2,3717.4,3.2,-0.5,7.1009775,724.3,16.4,0.46236639
1906.2,3717.2,-4,-0.2,7.0857266,724.8,16.4,0.46199525
1911.2,3716.5,5,-0.7,7.1029748,725.3,16.4,0.46162411
1915.2,3715.9,4,-0.6,7.1166917,725.9,16.4,0.46117874
1910.2,3715.8,-5,-0.1,7.0979212,726.4,16.4,0.4608076
1914.2,3715.2,4,-0.6,7.1116358,726.9,16.4,0.46043646
1912.2,3714.8,-2,-0.4,7.1034406,727.5,16.4,0.45999109
1918.2,3714.2,6,-0.6,7.1245784,728,16.4,0.45961995
1921.2,3713.6,3,-0.6,7.1345683,728.5,16.4,0.45924881
1924.2,3713.1,3,-0.5,7.144747,729.1,16.4,0.45880344
1925.2,3712.7,1,-0.4,7.14769,729.6,16.4,0.4584323
1926.2,3712.2,1,-0.5,7.1504396,730.1,16.4,0.45806116
1923.2,3712,-3,-0.2,7.1389184,730.7,16.4,0.4576158
1922.2,3711.7,-1,-0.3,7.1346297,731.2,16.4,0.45724466
1922.2,3711.3,0,-0.4,7.1338609,731.7,16.4,0.45687352
1923.2,3710.9,1,-0.4,7.1368029,732.3,16.4,0.45642815
1927.1,3710.4,3.9,-0.5,7.1503118,732.8,16.4,0.45605701
1922.2,3710.3,-4.9,-0.1,7.1319387,733.3,16.4,0.45568587
1919.1,3710.1,-3.1,-0.2,7.1200529,733.9,16.4,0.4552405
1923.1,3709.5,4,-0.6,7.1337394,734.4,16.4,0.45486936
1926.2,3709.1,3.1,-0.4,7.1444684,734.9,16.4,0.45449822
1924.2,3708.8,-2,-0.3,7.136473,735.5,16.4,0.45405285
1922.2,3708.6,-2,-0.2,7.1286709,736,16.4,0.45368171
1921.1,3708.4,-1.1,-0.2,7.1242072,736.5,16.4,0.45331057
1924.2,3707.8,3.1,-0.6,7.1345488,737.1,16.4,0.4528652
1923.1,3707.6,-1.1,-0.2,7.1300856,737.6,16.4,0.45249406
1921.2,3707.4,-1.9,-0.2,7.1226569,738.1,16.4,0.45212292
1929.2,3706.6,8,-0.8,7.1507727,738.7,16.5,0.45167755
1929.2,3706.3,0,-0.3,7.150194,739.2,16.5,0.45130641
2105.2,3697.1,176,-9.2,7.7831349,739.8,16.5,0.45086105
2098.2,3696.8,-7,-0.3,7.7566258,740.4,16.5,0.45041568
2102.2,3696.1,4,-0.7,7.7699414,741,16.5,0.44997031
2103.2,3695.4,1,-0.7,7.7721653,741.5,16.5,0.44959917
2110.2,3694.6,7,-0.8,7.7963449,742.1,16.5,0.4491538
2104.3,3694.3,-5.9,-0.3,7.7739155,742.7,16.5,0.44870843
2104.2,3693.9,-0.1,-0.4,7.7727044,743.3,16.5,0.44826306
2098.2,3693.7,-6,-0.2,7.7501213,743.9,16.5,0.4478177
2099.2,3693.2,1,-0.5,7.7527654,744.5,16.5,0.44737233
2103.2,3692.6,4,-0.6,7.7662763,745,16.5,0.44700119
2096.2,3692.4,-7,-0.2,7.7400089,745.6,16.5,0.44655582
2099.2,3691.9,3,-0.5,7.7500365,746.2,16.5,0.44611045
2097.2,3691.6,-2,-0.3,7.7420235,746.8,16.5,0.44566508
2101.2,3691,4,-0.6,7.7555292,747.4,16.5,0.44521971
2104.2,3690.4,3,-0.6,7.7653397,748,16.5,0.44477435
2098.3,3690.3,-5.9,-0.1,7.7433565,748.5,16.5,0.44440321
2103.2,3689.7,4.9,-0.6,7.760177,749.1,16.5,0.44395784
2108.3,3689,5.1,-0.7,7.7775187,749.7,16.5,0.44351247
2102.2,3688.9,-6.1,-0.1,7.7548056,750.3,16.5,0.4430671
2107.2,3688.2,5,-0.7,7.771775,750.9,16.5,0.44262173
2103.2,3688.1,-4,-0.1,7.7568119,751.5,16.5,0.44217637
2102.2,3687.8,-1,-0.3,7.7524932,752.1,16.5,0.441731
2099.2,3687.5,-3,-0.3,7.7408,752.6,16.5,0.44135986
2101.3,3687.1,2.1,-0.4,7.7477032,753.2,16.5,0.44091449
2104.2,3686.5,2.9,-0.6,7.7571333,753.8,16.5,0.44046912
2098.2,3686.5,-6,0,7.7350143,754.4,16.5,0.44002375
2099.2,3686.1,1,-0.4,7.7378611,755,16.5,0.43957838
2103.2,3685.5,4,-0.6,7.7513436,755.6,16.5,0.43913302
2104.3,3685.1,1.1,-0.4,7.7545559,756.1,16.5,0.43876188
2098.2,3685.1,-6.1,0,7.7320768,756.7,16.5,0.43831651
2104.3,3684.5,6.1,-0.6,7.7532933,757.3,16.5,0.43787114
2106.2,3684,1.9,-0.5,7.7592408,757.9,16.5,0.43742577
2105.2,3683.7,-1,-0.3,7.7549252,758.5,16.5,0.4369804
2103.2,3683.5,-2,-0.2,7.7471372,759.1,16.5,0.43653504
2106.3,3682.9,3.1,-0.6,7.7572923,759.6,16.5,0.4361639
2102.3,3682.8,-4,-0.1,7.7423504,760.2,16.5,0.43571853
2101.2,3682.6,-1.1,-0.2,7.7378791,760.8,16.5,0.43527316
2110.2,3681.8,9,-0.8,7.7693344,761.4,16.5,0.43482779
2103.2,3681.8,-7,0,7.7435618,762,16.5,0.43438242
2097.2,3681.8,-6,0,7.721471,762.6,16.5,0.43393705
2092.2,3681.8,-5,0,7.703062,763.1,16.5,0.43356591
2088.2,3681.7,-4,-0.1,7.6881259,763.7,16.5,0.43312055
2084.3,3681.6,-3.9,-0.1,7.6735589,764.3,16.5,0.43267518
2074.2,3681.8,-10.1,0.2,7.6367896,764.9,16.5,0.43222981
2059.3,3682.3,-14.9,0.5,7.5829604,765.5,16.5,0.43178444
2072.2,3681.4,12.9,-0.9,7.6285971,766,16.5,0.4314133
2073.2,3681.1,1,-0.3,7.6316565,766.6,16.5,0.43096793
2070.3,3681,-2.9,-0.1,7.6207743,767.2,16.5,0.43052257
2070.3,3680.7,0,-0.3,7.6201532,767.8,16.5,0.4300772
2069.2,3680.5,-1.1,-0.2,7.6156906,768.3,16.5,0.42970606
2067.2,3680.4,-2,-0.1,7.6081229,768.9,16.5,0.42926069
2067.2,3680.1,0,-0.3,7.6075027,769.5,16.5,0.42881532
2066.2,3679.9,-1,-0.2,7.6034094,770.1,16.5,0.42836995
2063.2,3679.8,-3,-0.1,7.5921634,770.6,16.5,0.42799881
2071.3,3679.1,8.1,-0.7,7.6205198,771.2,16.5,0.42755344
2067.3,3679.1,-4,0,7.6058034,771.8,16.5,0.42710808
2067.3,3678.8,0,-0.3,7.6051832,772.4,16.5,0.42666271
2070.1,3678.4,2.8,-0.4,7.6146558,772.9,16.5,0.42629157
2074.2,3678,4.1,-0.4,7.6289076,773.5,16.5,0.4258462
2066.3,3678.1,-7.9,0.1,7.600058,774.1,16.5,0.42540083
2068.3,3677.7,2,-0.4,7.6065869,774.7,16.5,0.42495546
2065.2,3677.7,-3.1,0,7.595186,775.2,16.5,0.42458432
2068.2,3677.3,3,-0.4,7.6053919,775.8,16.6,0.42413895
2062.2,3677.3,-6,0,7.5833281,776.4,16.6,0.42369359
2066.2,3676.9,4,-0.4,7.5972108,776.9,16.6,0.42332245
2070.2,3676.4,4,-0.5,7.6108833,777.5,16.6,0.42287708
2064.3,3676.5,-5.9,0.1,7.5893989,778.1,16.6,0.42243171
2067.2,3676.1,2.9,-0.4,7.5992339,778.7,16.6,0.42198634
2068.3,3675.8,1.1,-0.3,7.6026571,779.2,16.6,0.4216152
2013.2,3678.3,-55.1,2.5,7.4051536,779.8,16.6,0.42116983
1950.3,3681.4,-62.9,3.1,7.1798344,780.3,16.6,0.42079869
1900.2,3683.9,-50.1,2.5,7.0001468,780.9,16.6,0.42035333
1841.2,3687,-59,3.1,6.7885044,781.4,16.6,0.41998219
1785.2,3690,-56,3,6.587388,781.9,16.6,0.41961105
1723.2,3693.3,-62,3.3,6.3642946,782.4,16.6,0.4192399
1673.2,3696.1,-50,2.8,6.1843145,782.8,16.6,0.41894299
1610.2,3699.7,-63,3.6,5.9572569,783.3,16.6,0.41857185
1553.2,3702.9,-57,3.2,5.7513443,783.7,16.6,0.41827494
1504.1,3705.8,-49.1,2.9,5.5738938,784.1,16.6,0.41797803
1444.1,3709.4,-60,3.6,5.3567445,784.5,16.6,0.41768112
1385.1,3712.9,-59,3.5,5.1427378,784.9,16.6,0.4173842
1385.1,3713.5,0,0.6,5.1435688,785.3,16.6,0.41708729
1382.1,3714.2,-3,0.7,5.1333958,785.7,16.6,0.41679038
1384.1,3714.6,2,0.4,5.1413779,786.1,16.6,0.41649347
1384.1,3715,0,0.4,5.1419315,786.4,16.6,0.41627078
1376.1,3715.8,-8,0.8,5.1133124,786.8,16.6,0.41597387
1440.1,3713,64,-2.8,5.3470913,787.2,16.6,0.41567696
1495.1,3710.4,55,-2.6,5.547419,787.6,16.6,0.41538005
1553.1,3707.6,58,-2.8,5.7582736,788.1,16.6,0.41500891
1612.1,3704.7,59,-2.9,5.9723469,788.5,16.6,0.414712
1672.1,3701.6,60,-3.1,6.1894454,789,16.6,0.41434086
1728.2,3698.6,56.1,-3,6.3919205,789.5,16.6,0.41396971
1793.1,3695.1,64.9,-3.5,6.6256838,790,16.6,0.41359857
1838.1,3692.5,45,-2.6,6.7871843,790.5,16.6,0.41322743
1893.1,3689.4,55,-3.1,6.9844031,791,16.6,0.41285629
1953.2,3685.9,60.1,-3.5,7.1992999,791.5,16.6,0.41248515
2011.1,3682.5,57.9,-3.4,7.4058757,792.1,16.6,0.41203979
2071.2,3678.9,60.1,-3.6,7.6197377,792.7,16.6,0.41159442
2122.2,3675.7,51,-3.2,7.8005705,793.3,16.6,0.41114905
2125.2,3674.8,3,-0.9,7.809685,793.9,16.6,0.41070368
2123.2,3674.3,-2,-0.5,7.8012738,794.4,16.6,0.41033254
2117.2,3674.1,-6,-0.2,7.7788045,795,16.6,0.40988717
2125.2,3673.1,8,-1,7.8060721,795.6,16.6,0.40944181
2121.2,3672.8,-4,-0.3,7.7907434,796.2,16.6,0.40899644
2124.2,3672.2,3,-0.6,7.8004872,796.8,16.6,0.40855107
2124.2,3671.7,0,-0.5,7.7994251,797.4,16.6,0.4081057
2128.2,3671.1,4,-0.6,7.812835,798,16.6,0.40766033
2123.3,3670.9,-4.9,-0.2,7.794422,798.6,16.6,0.40721496
2122.3,3670.5,-1,-0.4,7.7899022,799.2,16.6,0.4067696
2124.2,3670,1.9,-0.5,7.795814,799.8,16.6,0.40632423
2120.2,3669.8,-4,-0.2,7.78071,800.3,16.6,0.40595309
2127.2,3669,7,-0.8,7.8046968,800.9,16.6,0.40550772
2127.2,3668.6,0,-0.4,7.8038459,801.5,16.6,0.40506235
1727.3,3688.5,-399.9,19.9,6.3711461,802,16.6,0.40469121
1329.1,3709.1,-398.2,20.6,4.9297648,802.4,16.6,0.4043943
934.2,3730.2,-394.9,21.1,3.4847528,802.6,16.6,0.40424584
532.1,3752.1,-402.1,21.9,1.9964924,802.8,16.6,0.40409739
133.2,3774.4,-398.9,22.3,0.50275008,802.8,16.6,0.40409739
-262,3796.6,-395.2,22.2,-0.9947092,802.7,16.6,0.40417162
-663.9,3819.7,-401.9,23.1,-2.5358988,802.6,16.6,0.40424584
-657,3822.8,6.9,3.1,-2.5115796,802.4,16.6,0.4043943
-661,3826,-4,3.2,-2.528986,802.2,16.6,0.40454276
-659,3828.7,2,2.7,-2.5231133,802,16.6,0.40469121
-664,3831.4,-5,2.7,-2.5440496,801.8,16.6,0.40483967
-660,3833.7,4,2.3,-2.530242,801.6,16.6,0.40498812
-651,3835.5,9,1.8,-2.4969105,801.5,16.6,0.40506235
-659,3838.1,-8,2.6,-2.5293079,801.3,16.6,0.40521081
-659,3840.1,0,2,-2.5306259,801.1,16.6,0.40535926
-659,3842,0,1.9,-2.531878,800.9,16.6,0.40550772
-659,3843.9,0,1.9,-2.5331301,800.7,16.6,0.40565618
-660,3845.9,-1,2,-2.538294,800.5,16.6,0.40580463
-657,3847.5,3,1.6,-2.5278075,800.4,16.6,0.40587886
-661.9,3849.4,-4.9,1.9,-2.5479179,800.2,16.6,0.40602732
-659,3850.9,2.9,1.5,-2.5377431,800,16.6,0.40617577
-663,3852.7,-4,1.8,-2.5543401,799.8,16.6,0.40632423
-653,3853.8,10,1.1,-2.5165314,799.6,16.6,0.40647268
-654,3855.4,-1,1.6,-2.5214316,799.5,16.6,0.40654691
-661,3857.2,-7,1.8,-2.5496092,799.3,16.6,0.40669537
-660,3858.5,1,1.3,-2.54661,799.1,16.6,0.40684382
-658,3859.8,2,1.3,-2.5397484,798.9,16.6,0.40699228
-660,3861.3,-2,1.5,-2.548458,798.7,16.6,0.40714074
-658,3862.5,2,1.2,-2.541525,798.5,16.6,0.40728919
-660,3863.9,-2,1.4,-2.550174,798.4,16.6,0.40736342
-658,3865,2,1.1,-2.54317,798.2,16.6,0.40751188
34,3832.5,692,-32.5,0.130305,798.2,16.6,0.40751188
736.1,3798,702.1,-34.5,2.7957078,798.4,16.6,0.40736342
1431.1,3762.7,695,-35.3,5.3848,798.8,16.6,0.40706651
2132.1,3726.1,701,-36.6,7.9444178,799.4,16.6,0.40662114
2131.3,3723.1,-0.8,-3,7.935043,800,16.6,0.40617577
2134.2,3720.5,2.9,-2.6,7.9402911,800.6,16.6,0.4057304
2130.2,3718.4,-4,-2.1,7.9209357,801.2,16.6,0.40528504
2130.2,3716.5,0,-1.9,7.9168883,801.7,16.6,0.4049139
2133.2,3714.4,3,-2.1,7.9235581,802.3,16.6,0.40446853
2132.2,3712.7,-1,-1.7,7.9162189,802.9,16.6,0.40402316
2130.2,3711.1,-2,-1.6,7.9053852,803.5,16.6,0.40357779
2129.2,3709.6,-1,-1.5,7.8984803,804.1,16.6,0.40313242
2133.1,3708,3.9,-1.6,7.9095348,804.7,16.6,0.40268705
2133.2,3706.6,0.1,-1.4,7.9069191,805.3,16.6,0.40224169
2138.2,3704.9,5,-1.7,7.9218172,805.9,16.6,0.40179632
2140.2,3703.5,2,-1.4,7.9262307,806.5,16.6,0.40135095
2142.2,3702,2,-1.5,7.9304244,807.1,16.6,0.40090558
2140.2,3700.9,-2,-1.1,7.9206662,807.7,16.6,0.40046021
2146.2,3699.4,6,-1.5,7.9396523,808.3,16.6,0.40001485
2146.2,3698.2,0,-1.2,7.9370768,808.9,16.6,0.39956948
1850.2,3711.8,-296,13.6,6.8675724,809.4,16.6,0.39919834
1561.2,3725.6,-289,13.8,5.8164067,809.8,16.6,0.39890143
1270.2,3739.9,-291,14.3,4.750421,810.2,16.6,0.39860451
978.1,3754.9,-292.1,15,3.6726677,810.4,16.6,0.39845606
685.2,3770.2,-292.9,15.3,2.583341,810.6,16.6,0.3983076
399.1,3785.5,-286.1,15.3,1.510793,810.7,16.6,0.39823337
104.3,3801.6,-294.8,16.1,0.39650688,810.8,16.6,0.39815914
-188,3817.7,-292.3,16.1,-0.7177276,810.7,16.6,0.39823337
-476.9,3834.1,-288.9,16.4,-1.8284823,810.6,16.6,0.3983076
-473,3836.3,3.9,2.2,-1.8145699,810.5,16.6,0.39838183
-305.1,3830.1,167.9,-6.2,-1.1685635,810.4,16.6,0.39845606
-130.1,3823,175,-7.1,-0.4973723,810.3,16.6,0.39853029
55,3815.2,185.1,-7.8,0.209836,810.3,16.6,0.39853029
229.1,3807.4,174.1,-7.8,0.87227534,810.4,16.6,0.39845606
406.1,3799.2,177,-8.2,1.5428551,810.5,16.6,0.39838183
580,3790.9,173.9,-8.3,2.198722,810.7,16.6,0.39823337
765,3781.7,185,-9.2,2.8930005,810.9,16.6,0.39808492
926,3773.5,161,-8.2,3.494261,811.2,16.6,0.39786223
1112.1,3763.8,186.1,-9.7,4.185722,811.5,16.6,0.39763955
1295.1,3754.1,183,-9.7,4.8619349,811.8,16.6,0.39741686
1288.2,3753.5,-6.9,-0.6,4.8352587,812.2,16.6,0.39711995
1289.1,3752.8,0.9,-0.7,4.8377345,812.5,16.6,0.39689727
1288.1,3752.2,-1,-0.6,4.8332088,812.9,16.6,0.39660036
1289.1,3751.5,1,-0.7,4.8360587,813.3,16.6,0.39630344
1288.1,3751,-1,-0.5,4.8316631,813.6,16.6,0.39608076
1291.1,3750.4,3,-0.6,4.8421414,814,16.6,0.39578385
1294.1,3749.7,3,-0.7,4.8524868,814.3,16.6,0.39556116
1291.1,3749.4,-3,-0.3,4.8408503,814.7,16.6,0.39526425
1292.1,3748.9,1,-0.5,4.8439537,815,16.6,0.39504157
1291.1,3748.6,-1,-0.3,4.8398175,815.4,16.6,0.39474466
1297.1,3747.9,6,-0.7,4.8614011,815.8,16.6,0.39444774
1293.1,3747.7,-4,-0.2,4.8461509,816.1,16.6,0.39422506
1287.1,3747.6,-6,-0.1,4.823536,816.5,16.6,0.39392815
1290.1,3747.1,3,-0.5,4.8341337,816.8,16.6,0.39370546
1288.1,3746.9,-2,-0.2,4.8263819,817.2,16.6,0.39340855
1285.1,3746.7,-3,-0.2,4.8148842,817.6,16.6,0.39311164
1273.1,3746.9,-12,0.2,4.7701784,817.9,16.6,0.39288895
1280.1,3746.3,7,-0.6,4.7956386,818.3,16.6,0.39259204
1279.1,3746.1,-1,-0.2,4.7916365,818.6,16.6,0.39236936
1276.1,3746,-3,-0.1,4.7802706,819,16.6,0.39207245
1276.1,3745.6,0,-0.4,4.7797602,819.3,16.6,0.39184976
1275.1,3745.4,-1,-0.2,4.7757595,819.7,16.6,0.39155285
1276.1,3745.1,1,-0.3,4.7791221,820,16.6,0.39133017
1276.1,3744.9,0,-0.2,4.7788669,820.4,16.6,0.39103325
1278.1,3744.5,2,-0.4,4.7858455,820.7,16.6,0.39081057
1278.1,3744.2,0,-0.3,4.785462,821.1,16.6,0.39051366
1276.1,3744.1,-2,-0.1,4.777846,821.5,16.6,0.39021675
1279.2,3743.7,3.1,-0.4,4.788941,821.8,16.6,0.38999406
1276.1,3743.6,-3.1,-0.1,4.777208,822.2,16.6,0.38969715
1276.1,3743.3,0,-0.3,4.7768251,822.5,16.6,0.38947447
1277.1,3743.1,1,-0.2,4.780313,822.9,16.6,0.38917755
1274.1,3743,-3,-0.1,4.7689563,823.2,16.6,0.38895487
1276.1,3742.6,2,-0.4,4.7759319,823.6,16.6,0.38865796
1272.1,3742.7,-4,0.1,4.7610887,823.9,16.6,0.38843527
1275.1,3742.3,3,-0.4,4.7718067,824.3,16.6,0.38813836
1284.1,3741.6,9,-0.7,4.8045886,824.6,16.6,0.38791568
1278.1,3741.7,-6,0.1,4.7822668,825,16.6,0.38761876
1282.1,3741.3,4,-0.4,4.7967207,825.4,16.6,0.38732185
1277.2,3741.3,-4.9,0,4.7783884,825.7,16.6,0.38709917
1274.1,3741.2,-3.1,-0.1,4.7666629,826.1,16.6,0.38680226
1278.1,3740.8,4,-0.4,4.7811165,826.4,16.6,0.38657957
1280.1,3740.5,2,-0.3,4.788214,826.8,16.6,0.38628266
1278.1,3740.4,-2,-0.1,4.7806052,827.1,16.6,0.38605998
1277.1,3740.3,-1,-0.1,4.7767371,827.5,16.6,0.38576306
1278.1,3740,1,-0.3,4.780094,827.8,16.6,0.38554038
1276.2,3739.9,-1.9,-0.1,4.7728604,828.2,16.6,0.38524347
1280.1,3739.6,3.9,-0.3,4.787062,828.6,16.6,0.38494656
1276.1,3739.6,-4,0,4.7721036,828.9,16.6,0.38472387
1277.1,3739.4,1,-0.2,4.7755877,829.3,16.6,0.38442696
1275.1,3739.3,-2,-0.1,4.7679814,829.6,16.6,0.38420428
1281.1,3738.8,6,-0.5,4.7897767,830,16.6,0.38390736
1278.1,3738.8,-3,0,4.7785603,830.3,16.6,0.38368468
1278.1,3738.6,0,-0.2,4.7783047,830.7,16.6,0.38338777
1324,3736.1,45.9,-2.5,4.9465964,831.1,16.6,0.38309086
1364.1,3733.9,40.1,-2.2,5.093413,831.4,16.6,0.38286817
1400.1,3731.7,36,-2.2,5.2247532,831.8,16.6,0.38257126
1451.1,3728.8,51,-2.9,5.4108617,832.2,16.6,0.38227435
1494.1,3726.2,43,-2.6,5.5673154,832.6,16.6,0.38197743
1531.1,3723.9,37,-2.3,5.7016633,833.1,16.6,0.38160629
1541.1,3722.9,10,-1,5.7373612,833.5,16.6,0.38130938
1530.2,3722.9,-10.9,0,5.6967816,833.9,16.6,0.38101247
1536.1,3722.2,5.9,-0.7,5.7176714,834.3,16.6,0.38071556
1540.2,3721.5,4.1,-0.7,5.7318543,834.8,16.6,0.38034442
1528.2,3721.7,-12,0.2,5.6875019,835.2,16.6,0.38004751
1534.2,3721,6,-0.7,5.7087582,835.6,16.6,0.37975059
1542.1,3720.2,7.9,-0.8,5.7369204,836,16.6,0.37945368
1536.1,3720.1,-6,-0.1,5.7144456,836.5,16.6,0.37908254
1534.2,3719.8,-1.9,-0.3,5.7069172,836.9,16.6,0.37878563
1536.1,3719.4,1.9,-0.4,5.7133703,837.3,16.6,0.37848872
1535.2,3719,-0.9,-0.4,5.7094088,837.8,16.6,0.37811758
1535.2,3718.7,0,-0.3,5.7089482,838.2,16.6,0.37782067
1533.2,3718.5,-2,-0.2,5.7012042,838.6,16.6,0.37752375
1532.2,3718.2,-1,-0.3,5.697026,839,16.6,0.37722684
1541.1,3717.4,8.9,-0.8,5.7288851,839.5,16.6,0.3768557
1538.1,3717.2,-3,-0.2,5.7174253,839.9,16.6,0.37655879
1533.1,3717.2,-5,0,5.6988393,840.3,16.6,0.37626188
1534.1,3716.8,1,-0.4,5.7019429,840.7,16.6,0.37596496
1534.2,3716.5,0.1,-0.3,5.7018543,841.2,16.6,0.37559382
1533.1,3716.2,-1.1,-0.3,5.6973062,841.6,16.6,0.37529691
1531.1,3716,-2,-0.2,5.6895676,842,16.6,0.375
1532.1,3715.7,1,-0.3,5.692824,842.4,16.6,0.37470309
1532.1,3715.4,0,-0.3,5.6923643,842.9,16.6,0.37433195
1532.1,3715.1,0,-0.3,5.6919047,843.3,16.6,0.37403504
1530.1,3714.9,-2,-0.2,5.6841685,843.7,16.6,0.37373812
1533.1,3714.5,3,-0.4,5.6946999,844.1,16.6,0.37344121
1533.1,3714.2,0,-0.3,5.69424,844.6,16.6,0.37307007
1533.1,3713.9,0,-0.3,5.6937801,845,16.6,0.37277316
1534.1,3713.6,1,-0.3,5.6970338,845.4,16.6,0.37247625
1532.1,3713.4,-2,-0.2,5.6893001,845.8,16.6,0.37217933
1481.1,3715.7,-51,2.3,5.5033233,846.3,16.6,0.37180819
1432.1,3718,-49,2.3,5.3245478,846.7,16.6,0.37151128
1380.1,3720.6,-52,2.6,5.1348001,847,16.6,0.3712886
1329.1,3723.1,-51,2.5,4.9483722,847.4,16.6,0.37099169
1276.1,3725.8,-53,2.7,4.7544934,847.8,16.6,0.37069477
1224.1,3728.6,-52,2.8,4.5641793,848.1,16.6,0.37047209
1175.1,3731.2,-49,2.6,4.3845331,848.4,16.6,0.37024941
1173.1,3731.6,-2,0.4,4.37754,848.8,16.6,0.36995249
1179.1,3731.4,6,-0.2,4.3996937,849.1,16.6,0.36972981
1177.1,3731.7,-2,0.3,4.3925841,849.4,16.6,0.36950713
1174.1,3732,-3,0.3,4.3817412,849.7,16.6,0.36928444
1171.1,3732.3,-3,0.3,4.3708965,850.1,16.6,0.36898753
1169.1,3732.5,-2,0.2,4.3636658,850.4,16.6,0.36876485
1177.1,3732.2,8,-0.3,4.3931726,850.7,16.6,0.36854216
1174.1,3732.4,-3,0.2,4.3822108,851,16.6,0.36831948
1175.1,3732.4,1,0,4.3859432,851.4,16.6,0.36802257
-457,3814.2,-1632.1,81.8,-1.7430894,851.2,16.6,0.36817102
-458,3817.5,-1,3.3,-1.748415,851.1,16.6,0.36824525
-458,3820.1,0,2.6,-1.7496058,851,16.6,0.36831948
-461,3822.6,-3,2.5,-1.7622186,850.9,16.6,0.36839371
-461,3824.7,0,2.1,-1.7631867,850.7,16.6,0.36854216
-459,3826.5,2,1.8,-1.7563635,850.6,16.6,0.36861639
-460,3828.3,-1,1.8,-1.761018,850.5,16.6,0.36869062
-457,3829.9,3,1.6,-1.7502643,850.3,16.6,0.36883907
-457,3831.5,0,1.6,-1.7509955,850.2,16.6,0.3689133
-461,3833.2,-4,1.7,-1.7671052,850.1,16.6,0.36898753
-456,3834.4,5,1.2,-1.7484864,850,16.6,0.36906176
-461,3836,-5,1.6,-1.768396,849.8,16.6,0.36921021
-458,3837.3,3,1.3,-1.7574834,849.7,16.6,0.36928444
-455,3838.5,3,1.2,-1.7465175,849.6,16.6,0.36935867
-460,3840,-5,1.5,-1.7664,849.5,16.6,0.3694329
-456,3841.1,4,1.1,-1.7515416,849.3,16.6,0.36958135
-456,3842.2,0,1.1,-1.7520432,849.2,16.6,0.36965558
-454,3843.4,2,1.2,-1.7449036,849.1,16.6,0.36972981
-466,3845.1,-12,1.7,-1.7918166,848.9,16.6,0.36987827
-464,3846.1,2,1,-1.7845904,848.8,16.6,0.36995249
-460,3847,4,0.9,-1.76962,848.7,16.6,0.37002672
-457,3847.9,3,0.9,-1.7584903,848.6,16.6,0.37010095
-462,3849.1,-5,1.2,-1.7782842,848.4,16.6,0.37024941
-459.1,3850,2.9,0.9,-1.767535,848.3,16.6,0.37032363
171.1,3819.9,630.2,-30.1,0.65358489,848.4,16.6,0.37024941
799,3788.6,627.9,-31.3,3.0270914,848.6,16.6,0.37010095
1429,3756.1,630,-32.5,5.3674669,849,16.6,0.36980404
2064.2,3722.4,635.2,-33.7,7.6837781,849.5,16.5,0.3694329
2055.3,3719.9,-8.9,-2.5,7.6455105,850.1,16.5,0.36898753
2056.2,3717.4,0.9,-2.5,7.6437179,850.7,16.5,0.36854216
2052.2,3715.4,-4,-2,7.6247439,851.3,16.5,0.36809679
2059.3,3713.1,7.1,-2.3,7.6463868,851.8,16.5,0.36772565
2056.3,3711.4,-3,-1.7,7.6317518,852.4,16.5,0.36728029
2058.3,3709.6,2,-1.8,7.6354697,853,16.5,0.36683492
2058.2,3708,-0.1,-1.6,7.6318056,853.5,16.5,0.36646378
2055.3,3706.6,-2.9,-1.4,7.618175,854.1,16.5,0.36601841
2059.1,3704.9,3.8,-1.7,7.6287596,854.7,16.5,0.36557304
2055.3,3703.7,-3.8,-1.2,7.6122146,855.3,16.5,0.36512767
2063.3,3701.9,8,-1.8,7.6381303,855.8,16.5,0.36475653
2056.3,3700.9,-7,-1,7.6101607,856.4,16.5,0.36431116
2058.2,3699.5,1.9,-1.4,7.6143109,857,16.5,0.3638658
2058.3,3698.3,0.1,-1.2,7.6122109,857.5,16.5,0.36349466
2061.2,3697,2.9,-1.3,7.6202564,858.1,16.5,0.36304929
2056.3,3696,-4.9,-1,7.6000848,858.7,16.5,0.36260392
2070.3,3694.2,14,-1.8,7.6481023,859.3,16.5,0.36215855
2090.3,3692,20,-2.2,7.7173876,859.8,16.5,0.36178741
2102.2,3690.3,11.9,-1.7,7.7577487,860.4,16.5,0.36134204
2120.2,3688.3,18,-2,7.8199337,861,16.5,0.36089667
2142.2,3686.1,22,-2.2,7.8963634,861.6,16.5,0.36045131
2131.3,3685.5,-10.9,-0.6,7.8549062,862.2,16.5,0.36000594
2130.2,3684.4,-1.1,-1.1,7.8485089,862.8,16.5,0.35956057
2137.2,3683.1,7,-1.3,7.8715213,863.4,16.5,0.3591152
2135.2,3682.1,-2,-1,7.8620199,864,16.5,0.35866983
2130.2,3681.4,-5,-0.7,7.8421183,864.6,16.5,0.35822447
2133.2,3680.3,3,-1.1,7.850816,865.2,16.5,0.3577791
2134.2,3679.3,1,-1,7.8523621,865.8,16.5,0.35733373
2135.2,3678.3,1,-1,7.8539062,866.4,16.5,0.35688836
2136.3,3677.4,1.1,-0.9,7.8560296,867,16.5,0.35644299
2136.2,3676.5,-0.1,-0.9,7.8537393,867.5,16.5,0.35607185
2135.2,3675.7,-1,-0.8,7.8483546,868.1,16.5,0.35562648
2133.2,3674.9,-2,-0.8,7.8392967,868.7,16.5,0.35518112
2140.2,3673.8,7,-1.1,7.8626668,869.3,16.5,0.35473575
2135.3,3673.2,-4.9,-0.6,7.843384,869.9,16.6,0.35429038
2133.2,3672.5,-2.1,-0.7,7.834177,870.5,16.6,0.35384501
2131.2,3671.8,-2,-0.7,7.8253402,871.1,16.6,0.35339964
2133.2,3671,2,-0.8,7.8309772,871.7,16.6,0.35295428
2133.2,3670.2,0,-0.8,7.8292706,872.3,16.6,0.35250891
2139.2,3669.1,6,-1.1,7.8489387,872.9,16.6,0.35206354
2139.2,3668.4,0,-0.7,7.8474413,873.5,16.6,0.35161817
2135.2,3667.9,-4,-0.5,7.8317001,874.1,16.6,0.3511728
2136.3,3667.1,1.1,-0.8,7.8340257,874.7,16.6,0.35072743
2130.3,3666.7,-6,-0.4,7.811171,875.3,16.6,0.35028207
2131.2,3666,0.9,-0.7,7.8129792,875.8,16.6,0.34991093
2122.3,3665.8,-8.9,-0.2,7.7799273,876.4,16.6,0.34946556
2112.2,3665.7,-10.1,-0.1,7.7426915,877,16.6,0.34902019
2118.2,3664.7,6,-1,7.7625675,877.6,16.6,0.34857482
2114.3,3664.3,-3.9,-0.4,7.7474295,878.2,16.6,0.34812945
2109.3,3664,-5,-0.3,7.7284752,878.8,16.6,0.34768409
2105.3,3663.6,-4,-0.4,7.7129771,879.4,16.6,0.34723872
2098.3,3663.3,-7,-0.3,7.6867024,880,16.6,0.34679335
2096.2,3662.9,-2.1,-0.4,7.678171,880.5,16.6,0.34642221
2092.3,3662.5,-3.9,-0.4,7.6630487,881.1,16.6,0.34597684
2089.2,3662.1,-3.1,-0.4,7.6508593,881.7,16.6,0.34553147
2087.2,3661.7,-2,-0.4,7.6427002,882.3,16.6,0.3450861
2091.2,3661,4,-0.7,7.6558832,882.9,16.6,0.34464074
2089.2,3660.5,-2,-0.5,7.6475166,883.4,16.6,0.3442696
2084.2,3660.3,-5,-0.2,7.6287973,884,16.6,0.34382423
2093.3,3659.3,9.1,-1,7.6600127,884.6,16.6,0.34337886
2088.2,3659,-5.1,-0.3,7.6407238,885.2,16.6,0.34293349
2092.3,3658.3,4.1,-0.7,7.6542611,885.8,16.6,0.34248812
1732.2,3676.1,-360.1,17.8,6.3677404,886.2,16.6,0.34219121
1379.2,3694.3,-353,18.2,5.0951786,886.6,16.6,0.3418943
1378.2,3695.2,-1,0.9,5.0927246,887,16.6,0.34159739
1379.1,3695.7,0.9,0.5,5.0967399,887.4,16.6,0.34130048
1377.1,3696.3,-2,0.6,5.0901747,887.8,16.6,0.34100356
1378.1,3696.7,1,0.4,5.0944223,888.2,16.6,0.34070665
1381,3696.9,2.9,0.2,5.1054189,888.5,16.6,0.34048397
1380.1,3697.2,-0.9,0.3,5.1025057,888.9,16.6,0.34018705
1374.1,3697.7,-6,0.5,5.0810096,889.3,16.6,0.33989014
1376.1,3697.9,2,0.2,5.0886802,889.7,16.6,0.33959323
1375.1,3698.2,-1,0.3,5.0853948,890.1,16.6,0.33929632
1379.1,3698.2,4,0,5.1001876,890.4,16.6,0.33907363
1381.1,3698.3,2,0.1,5.1077221,890.8,16.6,0.33877672
1379.2,3698.5,-1.9,0.2,5.1009712,891.2,16.6,0.33847981
1378.1,3698.7,-1.1,0.2,5.0971785,891.6,16.6,0.3381829
1381,3698.7,2.9,0,5.1079047,892,16.6,0.33788599
1377.1,3699,-3.9,0.3,5.0938929,892.4,16.6,0.33758907
1379,3699.1,1.9,0.1,5.1010589,892.7,16.6,0.33736639
1379.1,3699.2,0.1,0.1,5.1015667,893.1,16.6,0.33706948
1374.1,3699.5,-5,0.3,5.083483,893.5,16.6,0.33677257
1379.1,3699.3,5,-0.2,5.1017046,893.9,16.6,0.33647565
1375.1,3699.6,-4,0.3,5.08732,894.3,16.6,0.33617874
1380.1,3699.4,5,-0.2,5.1055419,894.7,16.6,0.33588183
1376.1,3699.7,-4,0.3,5.0911572,895,16.6,0.33565914
1442.1,3696.4,66,-3.3,5.3305784,895.4,16.6,0.33536223
1502.1,3693.3,60,-3.1,5.5477059,895.9,16.6,0.33499109
1567.2,3689.8,65.1,-3.5,5.7826546,896.3,16.6,0.33469418
1635.2,3686.1,68,-3.7,6.0275107,896.8,16.6,0.33432304
1693.1,3682.8,57.9,-3.3,6.2353487,897.2,16.6,0.33402613
1759.2,3679,66.1,-3.8,6.4720968,897.7,16.6,0.33365499
1818.1,3675.5,58.9,-3.5,6.6824265,898.2,16.6,0.33328385
1824.2,3674.6,6.1,-0.9,6.7032053,898.7,16.6,0.33291271
1820.2,3674.3,-4,-0.3,6.6879609,899.2,16.6,0.33254157
1820.2,3673.8,0,-0.5,6.6870508,899.7,16.6,0.33217043
1822.2,3673.3,2,-0.5,6.6934873,900.2,16.6,0.33179929
1822.2,3672.8,0,-0.5,6.6925762,900.7,16.6,0.33142815
1823.2,3672.3,1,-0.5,6.6953374,901.3,16.6,0.33098278
1825.2,3671.8,2,-0.5,6.7017694,901.8,16.6,0.33061164
1823.2,3671.5,-2,-0.3,6.6938788,902.3,16.6,0.3302405
1822.2,3671.2,-1,-0.3,6.6896606,902.8,16.6,0.32986936
1826.2,3670.6,4,-0.6,6.7032497,903.3,16.6,0.32949822
1818.2,3670.6,-8,0,6.6738849,903.8,16.6,0.32912708
1827.2,3669.8,9,-0.8,6.7054586,904.3,16.6,0.32875594
1822.2,3669.7,-5,-0.1,6.6869273,904.8,16.6,0.3283848
1822.2,3669.4,0,-0.3,6.6863807,905.3,16.6,0.32801366
1822.2,3669,0,-0.4,6.6856518,905.8,16.6,0.32764252
1823.2,3668.6,1,-0.4,6.6885915,906.3,16.6,0.32727138
1822.2,3668.3,-1,-0.3,6.6843763,906.8,16.6,0.32690024
1823.2,3668,1,-0.3,6.6874976,907.3,16.6,0.3265291
1821.2,3667.7,-2,-0.3,6.6796152,907.8,16.6,0.32615796
1843.2,3666.3,22,-1.4,6.7577242,908.3,16.6,0.32578682
1860.2,3665.1,17,-1.2,6.817819,908.9,16.6,0.32534145
1884.2,3663.5,24,-1.6,6.9027667,909.4,16.6,0.32497031
1898.2,3662.3,14,-1.2,6.9517779,909.9,16.6,0.32459917
1919.2,3660.9,21,-1.4,7.0259993,910.4,16.6,0.32422803
1940.2,3659.4,21,-1.5,7.0999679,911,16.6,0.32378266
1958.2,3658,18,-1.4,7.1630956,911.5,16.6,0.32341152
1977.2,3656.5,19,-1.5,7.2296318,912.1,16.6,0.32296615
1995.2,3655.1,18,-1.4,7.2926555,912.6,16.6,0.32259501
1992.2,3654.8,-3,-0.3,7.2810926,913.2,16.6,0.32214964
1999.2,3653.9,7,-0.9,7.3048769,913.7,16.6,0.3217785
1994.2,3653.6,-5,-0.3,7.2860091,914.3,16.6,0.32133314
2001.2,3652.8,7,-0.8,7.3099834,914.9,16.6,0.32088777
1991.2,3652.8,-10,0,7.2734554,915.4,16.6,0.32051663
1994.1,3652.2,2.9,-0.6,7.282852,916,16.7,0.32007126
1995.2,3651.8,1.1,-0.4,7.2860714,916.5,16.7,0.31970012
2001.1,3651,5.9,-0.8,7.3060161,917.1,16.7,0.31925475
1998.2,3650.7,-2.9,-0.3,7.2948287,917.6,16.7,0.31888361
2000.2,3650.2,2,-0.5,7.30113,918.2,16.7,0.31843824
1993.2,3650.1,-7,-0.1,7.2753793,918.7,16.7,0.3180671
2000.2,3649.4,7,-0.7,7.2995299,919.3,16.7,0.31762173
1998.2,3649,-2,-0.4,7.2914318,919.8,16.7,0.31725059
1992.2,3648.9,-6,-0.1,7.2693386,920.4,16.7,0.31680523
2000.2,3648.1,8,-0.8,7.2969296,921,16.7,0.31635986
2001.2,3647.7,1,-0.4,7.2997772,921.5,16.7,0.31598872
1996.2,3647.5,-5,-0.2,7.2811395,922.1,16.7,0.31554335
1997.2,3647.1,1,-0.4,7.2839881,922.6,16.7,0.31517221
1996.2,3646.8,-1,-0.3,7.2797422,923.2,16.7,0.31472684
1995.2,3646.5,-1,-0.3,7.2754968,923.7,16.7,0.3143557
1992.2,3646.3,-3,-0.2,7.2641589,924.3,16.7,0.31391033
1995.2,3645.7,3,-0.6,7.2739006,924.8,16.7,0.31353919
1994.2,3645.4,-1,-0.3,7.2696567,925.4,16.7,0.31309382
2000.2,3644.7,6,-0.7,7.2901289,925.9,16.7,0.31272268
1995.2,3644.6,-5,-0.1,7.2717059,926.5,16.7,0.31227732
1996.2,3644.2,1,-0.4,7.274552,927.1,16.7,0.31183195
1994,3643.9,-2.2,-0.3,7.2659366,927.6,16.7,0.31146081
1998.2,3643.5,4.2,-0.4,7.2804417,928.2,16.7,0.31101544
2005.2,3642.7,7,-0.8,7.304342,928.7,16.7,0.3106443
2010.2,3642.1,5,-0.6,7.3213494,929.3,16.7,0.31019893
2011.2,3641.7,1,-0.4,7.324187,929.8,16.7,0.30982779
2018.2,3640.9,7,-0.8,7.3480644,930.4,16.7,0.30938242
2019.2,3640.5,1,-0.4,7.3508976,931,16.7,0.30893705
2021.2,3640,2,-0.5,7.357168,931.5,16.7,0.30856591
2038.2,3638.8,17,-1.2,7.4166022,932.1,16.7,0.30812055
2036.2,3638.5,-2,-0.3,7.4087137,932.6,16.7,0.30774941
2046.3,3637.6,10.1,-0.9,7.4436209,933.2,16.7,0.30730404
2046.2,3637.2,-0.1,-0.4,7.4424386,933.8,16.7,0.30685867
2048.2,3636.7,2,-0.5,7.4486889,934.4,16.7,0.3064133
2062.2,3635.6,14,-1.1,7.4973343,934.9,16.7,0.30604216
2065.2,3635.1,3,-0.5,7.5072085,935.5,16.7,0.30559679
2055.3,3635.1,-9.9,0,7.471221,936.1,16.7,0.30515143
2062.2,3634.4,6.9,-0.7,7.4948597,936.6,16.7,0.30478029
2056.3,3634.3,-5.9,-0.1,7.4732111,937.2,16.7,0.30433492
2060.3,3633.8,4,-0.5,7.4867181,937.8,16.7,0.30388955
2036.2,3634.6,-24.1,0.8,7.4007725,938.4,16.7,0.30344418
2009.2,3635.6,-27,1,7.3046475,938.9,16.7,0.30307304
1979.2,3636.9,-30,1.3,7.1981525,939.5,16.7,0.30262767
1946.2,3638.4,-33,1.5,7.0810541,940,16.7,0.30225653
1919.2,3639.6,-27,1.2,6.9851203,940.5,16.7,0.30188539
1894.2,3640.7,-25,1.1,6.8962139,941.1,16.7,0.30144002
1866.2,3642.1,-28,1.4,6.796887,941.6,16.7,0.30106888
1833.2,3643.7,-33,1.6,6.6796308,942.1,16.7,0.30069774
1806.2,3645.1,-27,1.4,6.5837796,942.6,16.7,0.3003266
1776.2,3646.6,-30,1.5,6.4770909,943.1,16.7,0.29995546
1757.3,3647.6,-18.9,1,6.4099275,943.6,16.7,0.29958432
1746.2,3648.2,-11.1,0.6,6.3704868,944.1,16.7,0.29921318
1748.2,3648.1,2,-0.1,6.3776084,944.5,16.7,0.29891627
1747.2,3648.2,-1,0.1,6.374135,945,16.7,0.29854513
1746.2,3648.2,-1,0,6.3704868,945.5,16.7,0.29817399
1756.2,3647.7,10,-0.5,6.4060907,946,16.7,0.29780285
1744.2,3648.3,-12,0.6,6.3633649,946.5,16.7,0.29743171
1747.2,3648.1,3,-0.2,6.3739603,947,16.7,0.29706057
1746.2,3648.1,-1,0,6.3703122,947.5,16.8,0.29668943
1751.2,3647.8,5,-0.3,6.3880274,947.9,16.8,0.29639252
1754.2,3647.6,3,-0.2,6.3986199,948.4,16.8,0.29602138
1747.2,3647.9,-7,0.3,6.3736109,948.9,16.8,0.29565024
1749.2,3647.7,2,-0.2,6.3805568,949.4,16.8,0.2952791
1744.3,3647.9,-4.9,0.2,6.363032,949.9,16.8,0.29490796
1754.2,3647.4,9.9,-0.5,6.3982691,950.4,16.8,0.29453682
1748.2,3647.5,-6,0.1,6.3765595,950.9,16.8,0.29416568
1747.2,3647.5,-1,0,6.372912,951.3,16.8,0.29386876
1751.2,3647.2,4,-0.3,6.3869766,951.8,16.8,0.29349762
1747.3,3647.3,-3.9,0.1,6.3729273,952.3,16.8,0.29312648
1754.2,3646.9,6.9,-0.4,6.397392,952.8,16.8,0.29275534
1747.2,3647.1,-7,0.2,6.3722131,953.3,16.8,0.2923842
-1058.9,3788.8,-2806.1,141.7,-4.0119603,953,16.8,0.29260689
-1059.9,3794.7,-1,5.9,-4.0220025,952.7,16.8,0.29282957
-1055.9,3798.9,4,4.2,-4.0112585,952.4,16.8,0.29305226
-1063,3803.2,-7.1,4.3,-4.0428016,952.1,16.8,0.29327494
-1054,3806.2,9,3,-4.0117348,951.8,16.8,0.29349762
-1057.9,3809.6,-3.9,3.4,-4.0301758,951.5,16.8,0.29372031
-1063.9,3812.9,-6,3.3,-4.0565443,951.2,16.8,0.29394299
-1061.9,3815.6,2,2.7,-4.0517856,950.9,16.8,0.29416568
-1059.9,3818.2,2,2.6,-4.0469102,950.6,16.8,0.29438836
-1061,3820.7,-1.1,2.5,-4.0537627,950.3,16.8,0.29461105
-1049.9,3822.6,11.1,1.9,-4.0133477,950.1,16.8,0.2947595
-1058.9,3825.4,-9,2.8,-4.0507161,949.8,16.8,0.29498219
-1058.9,3827.6,0,2.2,-4.0530456,949.5,16.8,0.29520487
-1057.9,3829.7,1,2.1,-4.0514396,949.2,16.8,0.29542755
-1056.9,3831.7,1,2,-4.0497237,948.9,16.8,0.29565024
-1059.9,3833.8,-3,2.1,-4.0634446,948.6,16.8,0.29587292
-1062.9,3835.9,-3,2.1,-4.0771781,948.3,16.8,0.29609561
-1059,3837.7,3.9,1.8,-4.0641243,948,16.8,0.29631829
-1061.9,3839.7,-2.9,2,-4.0773774,947.7,16.8,0.29654097
-1058.9,3841.3,3,1.6,-4.0675526,947.4,16.8,0.29676366
-1064.1,3843.3,-5.2,2,-4.0896555,947.1,16.8,0.29698634
-1055.9,3844.6,8.2,1.3,-4.0595131,946.8,16.8,0.29720903
-1059,3846.4,-3.1,1.8,-4.0733376,946.5,16.8,0.29743171
-1062,3848.2,-3,1.8,-4.0867884,946.2,16.8,0.29765439
-1053.9,3849.4,8.1,1.2,-4.0568827,945.9,16.8,0.29787708
-1059.9,3851.2,-6,1.8,-4.0818869,945.6,16.8,0.29809976
-1058.9,3852.7,1,1.5,-4.079624,945.3,16.8,0.29832245
-1058,3854.1,0.9,1.4,-4.0776378,945.1,16.8,0.2984709
-1060,3855.7,-2,1.6,-4.087042,944.8,16.8,0.29869359
-1060,3857.1,0,1.4,-4.088526,944.5,16.8,0.29891627
365.1,3789,1425.1,-68.1,1.3833639,944.6,16.8,0.29884204
477.1,3782.2,112,-6.8,1.8044876,944.7,16.8,0.29876781
592,3775.6,114.9,-6.6,2.2351552,944.9,16.8,0.29861936
708.1,3768.9,116.1,-6.7,2.6687581,945.1,16.8,0.2984709
829,3762.1,120.9,-6.8,3.1187809,945.3,16.8,0.29832245
939.1,3755.6,110.1,-6.5,3.526884,945.5,16.8,0.29817399
1059,3748.7,119.9,-6.9,3.9698733,945.8,16.8,0.29795131
1173.1,3741.9,114.1,-6.8,4.3896229,946.2,16.8,0.29765439
1293,3734.8,119.9,-7.1,4.8290964,946.5,16.8,0.29743171
1405.1,3728,112.1,-6.8,5.2382128,946.9,16.8,0.2971348
1523.1,3720.7,118,-7.3,5.6669982,947.3,16.8,0.29683789
1636.2,3713.7,113.1,-7,6.0763559,947.8,16.8,0.29646675
1755.2,3706.2,119,-7.5,6.5051222,948.3,16.7,0.29609561
1869.2,3698.9,114,-7.3,6.9139839,948.8,16.7,0.29572447
1866.2,3697.3,-3,-1.6,6.8999013,949.3,16.7,0.29535333
1873.2,3695.3,7,-2,6.922036,949.8,16.7,0.29498219
1867.2,3694,-6,-1.3,6.8974368,950.4,16.7,0.29453682
1873.2,3692.2,6,-1.8,6.916229,950.9,16.7,0.29416568
1865.2,3691.2,-8,-1,6.8848262,951.4,16.7,0.29379454
1870.2,3689.6,5,-1.6,6.9002899,951.9,16.7,0.2934234
1870.2,3688.2,0,-1.4,6.8976716,952.4,16.7,0.29305226
1870.2,3686.9,0,-1.3,6.8952404,953,16.7,0.29260689
1869.2,3685.8,-1,-1.1,6.8894974,953.5,16.7,0.29223575
1870.2,3684.5,1,-1.3,6.8907519,954,16.7,0.29186461
1871.1,3683.2,0.9,-1.3,6.8916355,954.5,16.7,0.29149347
1866.2,3682.3,-4.9,-0.9,6.8719083,955,16.7,0.29112233
1870,3681.1,3.8,-1.2,6.883657,955.6,16.7,0.29067696
1870.2,3679.9,0.2,-1.2,6.882149,956.1,16.7,0.29030582
1874.2,3678.7,4,-1.2,6.8946195,956.6,16.7,0.28993468
1870.2,3677.8,-4,-0.9,6.8782216,957.1,16.7,0.28956354
1872.2,3676.7,2,-1.1,6.8835177,957.6,16.7,0.2891924
1868.2,3675.9,-4,-0.8,6.8673164,958.2,16.7,0.28874703
1870.2,3674.8,2,-1.1,6.872611,958.7,16.7,0.28837589
1871.2,3673.8,1,-1,6.8744146,959.2,16.7,0.28800475
1870.2,3672.9,-1,-0.9,6.8690576,959.7,16.7,0.28763361
1657.2,3682.6,-213,9.7,6.1028047,960.2,16.7,0.28726247
1452.1,3692.4,-205.1,9.8,5.361734,960.6,16.7,0.28696556
1234.1,3703.2,-218,10.8,4.5701191,960.9,16.7,0.28674287
1027.1,3713.7,-207,10.5,3.8143413,961.2,16.7,0.28652019
1026.1,3714.3,-1,0.6,3.8112432,961.5,16.7,0.28629751
1033.1,3714.3,7,0,3.8372433,961.8,16.7,0.28607482
1026.1,3714.9,-7,0.6,3.8118589,962.1,16.7,0.28585214
1025.1,3715.1,-1,0.2,3.808349,962.3,16.7,0.28570368
1028.1,3715.1,3,0,3.8194943,962.6,16.7,0.285481
1022.1,3715.6,-6,0.5,3.7977148,962.9,16.7,0.28525831
1024,3715.6,1.9,0,3.8047744,963.2,16.7,0.28503563
1024.1,3715.7,0.1,0.1,3.8052484,963.5,16.7,0.28481295
1023.1,3715.8,-1,0.1,3.801635,963.8,16.7,0.28459026
1030,3715.5,6.9,-0.3,3.826965,964.1,16.7,0.28436758
1030.1,3715.6,0.1,0.1,3.8274396,964.3,16.7,0.28421912
1028.1,3715.6,-2,0,3.8200084,964.6,16.7,0.28399644
1032,3715.5,3.9,-0.1,3.834396,964.9,16.7,0.28377375
1029.1,3715.7,-2.9,0.2,3.8238269,965.2,16.7,0.28355107
1030.1,3715.6,1,-0.1,3.8274396,965.5,16.7,0.28332838
1026,3715.8,-4.1,0.2,3.8124108,965.8,16.7,0.2831057
1027,3715.8,1,0,3.8161266,966.1,16.7,0.28288302
1023,3716,-4,0.2,3.801468,966.3,16.7,0.28273456
1027.1,3715.8,4.1,-0.2,3.8164982,966.6,16.7,0.28251188
1025.1,3715.9,-2,0.1,3.8091691,966.9,16.7,0.28228919
1020.1,3716.1,-5,0.2,3.7907936,967.2,16.7,0.28206651
1022.1,3716,2,-0.1,3.7981236,967.5,16.7,0.28184382
1024.1,3715.9,2,-0.1,3.8054532,967.8,16.7,0.28162114
1026.1,3715.7,2,-0.2,3.8126798,968,16.7,0.28147268
1027,3715.7,0.9,0,3.8160239,968.3,16.7,0.28125
1023,3715.8,-4,0.1,3.8012634,968.6,16.7,0.28102732
1021,3715.9,-2,0.1,3.7939339,968.9,16.7,0.28080463
1032,3715.4,11,-0.5,3.8342928,969.2,16.7,0.28058195
1030.1,3715.4,-1.9,0,3.8272335,969.5,16.7,0.28035926
1027.1,3715.5,-3,0.1,3.81619,969.8,16.7,0.28013658
1025.1,3715.6,-2,0.1,3.8088616,970,16.7,0.27998812
1023,3715.6,-2.1,0,3.8010588,970.3,16.7,0.27976544
1904.1,3671.5,881.1,-44.1,6.9909031,970.9,16.7,0.27932007
1905.2,3669.7,1.1,-1.8,6.9915124,971.4,16.7,0.27894893
1904.2,3668.2,-1,-1.5,6.9849864,971.9,16.7,0.27857779
1907.2,3666.8,3,-1.4,6.993321,972.4,16.7,0.27820665
1901.2,3665.9,-6,-0.9,6.9696091,973,16.7,0.27776128
1909.2,3664.4,8,-1.5,6.9960725,973.5,16.7,0.27739014
1907.2,3663.4,-2,-1,6.9868365,974,16.7,0.277019
1904.2,3662.6,-3,-0.8,6.9743229,974.6,16.7,0.27657363
1910.2,3661.4,6,-1.2,6.9940063,975.1,16.7,0.27620249
1908.2,3660.6,-2,-0.8,6.9851569,975.6,16.7,0.27583135
1905.2,3659.8,-3,-0.8,6.972651,976.1,16.7,0.27546021
1907.2,3658.8,2,-1,6.9780634,976.7,16.7,0.27501485
1910.2,3657.9,3,-0.9,6.9873206,977.2,16.7,0.27464371
1899.2,3657.6,-11,-0.3,6.9465139,977.7,16.7,0.27427257
1908.2,3656.3,9,-1.3,6.9769517,978.3,16.7,0.2738272
1903.2,3655.8,-5,-0.5,6.9577186,978.8,16.7,0.27345606
1911.2,3654.7,8,-1.1,6.9848626,979.3,16.7,0.27308492
1902.2,3654.3,-9,-0.4,6.9512095,979.9,16.7,0.27263955
1907.2,3653.4,5,-0.9,6.9677645,980.4,16.7,0.27226841
1913.2,3652.4,6,-1,6.9877717,980.9,16.7,0.27189727
1910.2,3651.8,-3,-0.6,6.9756684,981.4,16.7,0.27152613
1900.2,3651.6,-10,-0.2,6.9387703,982,16.7,0.27108076
1905.2,3650.7,5,-0.9,6.9553136,982.5,16.7,0.27070962
1903.2,3650.2,-2,-0.5,6.9470606,983,16.7,0.27033848
1905.2,3649.4,2,-0.8,6.9528369,983.6,16.7,0.26989311
1908.2,3648.6,3,-0.8,6.9622585,984.1,16.7,0.26952197
1902.2,3648.3,-6,-0.3,6.9397963,984.6,16.7,0.26915083
1907.2,3647.4,5,-0.9,6.9563213,985.2,16.7,0.26870546
1909.1,3646.7,1.9,-0.7,6.961915,985.7,16.7,0.26833432
1907.2,3646.2,-1.9,-0.5,6.9540326,986.2,16.7,0.26796318
1908.2,3645.6,1,-0.6,6.9565339,986.7,16.7,0.26759204
1904.3,3645.2,-3.9,-0.4,6.9415544,987.3,16.7,0.26714667
1909.2,3644.4,4.9,-0.8,6.9578885,987.8,16.7,0.26677553
1904.2,3644,-5,-0.4,6.9389048,988.3,16.7,0.26640439
1602.2,3658.8,-302,14.8,5.8621294,988.8,16.7,0.26603325
1624.2,3657.8,22,-1,5.9409988,989.2,16.7,0.26573634
1656.2,3656,32,-1.8,6.0550672,989.7,16.7,0.2653652
1678.1,3654.7,21.9,-1.3,6.1329521,990.2,16.7,0.26499406
1692.1,3653.8,14,-0.9,6.182595,990.6,16.7,0.26469715
1725.2,3651.8,33.1,-2,6.3000854,991.1,16.7,0.26432601
1748.2,3650.3,23,-1.5,6.3814545,991.6,16.7,0.26395487
1769.2,3648.8,21,-1.5,6.455457,992.1,16.7,0.26358373
1797.2,3647,28,-1.8,6.5543884,992.6,16.7,0.26321259
1819.1,3645.4,21.9,-1.6,6.6313471,993.1,16.7,0.26284145
1850.2,3643.4,31.1,-2,6.7410187,993.6,16.7,0.26247031
1869.2,3641.9,19,-1.5,6.8074395,994.1,16.7,0.26209917
1896.2,3639.9,27,-2,6.9019784,994.6,16.7,0.26172803
1917.2,3638.3,21,-1.6,6.9753488,995.2,16.7,0.26128266
1939.2,3636.6,22,-1.7,7.0520947,995.7,16.7,0.26091152
1946.2,3635.7,7,-0.9,7.0757993,996.3,16.7,0.26046615
1965.2,3634.1,19,-1.6,7.1417333,996.8,16.7,0.26009501
1974.2,3633.1,9,-1,7.172466,997.3,16.7,0.25972387
1971.3,3632.6,-2.9,-0.5,7.1609444,997.9,16.7,0.2592785
1959.2,3632.6,-12.1,0,7.1169899,998.4,16.7,0.25890736
1967.2,3631.7,8,-0.9,7.1442802,999,16.7,0.258462
1972.2,3630.9,5,-0.8,7.160861,999.5,16.7,0.25809086
1970.2,3630.5,-2,-0.4,7.1528111,1000.1,16.7,0.25764549
1968.2,3630.1,-2,-0.4,7.1447628,1000.6,16.7,0.25727435
1968.2,3629.6,0,-0.5,7.1437787,1001.2,16.7,0.25682898
1967.2,3629.1,-1,-0.5,7.1391655,1001.7,16.7,0.25645784
1968.2,3628.6,1,-0.5,7.1418105,1002.3,16.8,0.25601247
1967.2,3628.1,-1,-0.5,7.1371983,1002.8,16.8,0.25564133
1968.2,3627.6,1,-0.5,7.1398423,1003.4,16.8,0.25519596
1969.2,3627,1,-0.6,7.1422884,1003.9,16.8,0.25482482
1965.2,3626.8,-4,-0.2,7.1273874,1004.5,16.8,0.25437945
1966.2,3626.2,1,-0.6,7.1298344,1005,16.8,0.25400831
1972.2,3625.5,6,-0.7,7.1502111,1005.5,16.8,0.25363717
1969.2,3625.1,-3,-0.4,7.1385469,1006.1,16.8,0.25319181
1961.2,3625.1,-8,0,7.1095461,1006.6,16.8,0.25282067
1967.2,3624.3,6,-0.8,7.129723,1007.2,16.8,0.2523753
1972.2,3623.7,5,-0.6,7.1466611,1007.7,16.8,0.25200416
1971.2,3623.2,-1,-0.5,7.1420518,1008.3,16.8,0.25155879
1965.2,3623.1,-6,-0.1,7.1201161,1008.8,16.8,0.25118765
1879.2,3627.1,-86,4,6.8160463,1009.3,16.8,0.25081651
1792.2,3631.3,-87,4.2,6.5080159,1009.8,16.8,0.25044537
1701.2,3635.8,-91,4.5,6.185223,1010.3,16.8,0.25007423
1611.2,3640.5,-90,4.7,5.8655736,1010.8,16.8,0.24970309
1525.1,3645,-86.1,4.5,5.5589895,1011.2,16.8,0.24940618
1443.2,3649.5,-81.9,4.5,5.2669584,1011.6,16.8,0.24910926
1356.1,3654.3,-87.1,4.8,4.9555962,1012,16.8,0.24881235
1263.1,3659.6,-93,5.3,4.6224408,1012.3,16.8,0.24858967
1170.1,3664.9,-93,5.3,4.2882995,1012.6,16.8,0.24836698
1081.2,3670.1,-88.9,5.2,3.9681121,1012.9,16.8,0.2481443
995.1,3675.3,-86.1,5.2,3.657291,1013.2,16.8,0.24792162
913.2,3680.3,-81.9,5,3.36085,1013.5,16.8,0.24769893
825.1,3685.7,-88.1,5.4,3.0410711,1013.7,16.8,0.24755048
735.1,3691.3,-90,5.6,2.7134746,1013.9,16.8,0.24740202
734.1,3692.4,-1,1.1,2.7105908,1014.1,16.8,0.24725356
736.1,3693.3,2,0.9,2.7186381,1014.3,16.8,0.24710511
732.1,3694.4,-4,1.1,2.7046702,1014.5,16.8,0.24695665
730.1,3695.3,-2,0.9,2.6979385,1014.7,16.8,0.24680819
738.1,3695.7,8,0.4,2.7277962,1014.9,16.8,0.24665974
731.1,3696.9,-7,1.2,2.7028036,1015.1,16.8,0.24651128
730.1,3697.6,-1,0.7,2.6996178,1015.3,16.8,0.24636283
733.1,3698.1,3,0.5,2.7110771,1015.5,16.8,0.24621437
733.1,3698.8,0,0.7,2.7115903,1015.7,16.8,0.24606591
733.1,3699.4,0,0.6,2.7120301,1015.9,16.8,0.24591746
737.1,3699.8,4,0.4,2.7271226,1016.1,16.8,0.245769
738.1,3700.3,1,0.5,2.7311914,1016.4,16.8,0.24554632
742.1,3700.7,4,0.4,2.7462895,1016.6,16.8,0.24539786
734.1,3701.6,-8,0.9,2.7173446,1016.8,16.8,0.24524941
733.1,3702.1,-1,0.5,2.7140095,1017,16.8,0.24510095
737,3702.5,3.9,0.4,2.7287425,1017.2,16.8,0.24495249
732.1,3703.2,-4.9,0.7,2.7111127,1017.4,16.8,0.24480404
733.1,3703.6,1,0.4,2.7151092,1017.6,16.8,0.24465558
735.1,3704,2,0.4,2.7228104,1017.8,16.8,0.24450713
733.1,3704.5,-2,0.5,2.7157689,1018,16.8,0.24435867
733.1,3704.9,0,0.4,2.7160622,1018.2,16.8,0.24421021
733.1,3705.3,0,0.4,2.7163554,1018.4,16.8,0.24406176
768.1,3703.9,35,-1.4,2.8449656,1018.6,16.8,0.2439133
807,3702.3,38.9,-1.6,2.9877561,1018.8,16.8,0.24376485
847,3700.5,40,-1.8,3.1343235,1019.1,16.8,0.24354216
890.1,3698.5,43.1,-2,3.2920349,1019.3,16.8,0.24339371
924.1,3696.9,34,-1.6,3.4163053,1019.6,16.8,0.24317102
925.1,3696.9,1,0,3.4200022,1019.8,16.8,0.24302257
924.1,3697,-1,0.1,3.4163977,1020.1,16.8,0.24279988
917.1,3697.4,-7,0.4,3.3908855,1020.3,16.8,0.24265143
922.1,3697.3,5,-0.1,3.4092803,1020.6,16.8,0.24242874
919.1,3697.5,-3,0.2,3.3983722,1020.9,16.8,0.24220606
917.1,3697.7,-2,0.2,3.3911607,1021.1,16.8,0.2420576
920.1,3697.6,3,-0.1,3.4021618,1021.4,16.8,0.24183492
920.1,3697.7,0,0.1,3.4022538,1021.6,16.8,0.24168646
923.1,3697.6,3,-0.1,3.4132546,1021.9,16.8,0.24146378
922.1,3697.8,-1,0.2,3.4097414,1022.1,16.8,0.24131532
926.1,3697.7,4,-0.1,3.42444,1022.4,16.8,0.24109264
924.1,3697.8,-2,0.1,3.417137,1022.6,16.8,0.24094418
921.1,3698.1,-3,0.3,3.4063199,1022.9,16.8,0.2407215
917.1,3698.4,-4,0.3,3.3918026,1023.2,16.8,0.24049881
1147.1,3686.9,230,-11.5,4.229243,1023.5,16.8,0.24027613
1374.1,3675,227,-11.9,5.0498175,1023.9,16.8,0.23997922
1605.1,3662.6,231,-12.4,5.8788393,1024.3,16.8,0.2396823
1826.1,3650.3,221,-12.3,6.6658128,1024.8,16.8,0.23931116
1822.2,3649,-3.9,-1.3,6.6492078,1025.3,16.8,0.23894002
1829.2,3647.5,7,-1.5,6.672007,1025.8,16.8,0.23856888
1817.2,3647,-12,-0.5,6.6273284,1026.3,16.8,0.23819774
1827.2,3645.4,10,-1.6,6.6608749,1026.8,16.8,0.2378266
1828.1,3644.4,0.9,-1,6.6623276,1027.3,16.8,0.23745546
1827.2,3643.5,-0.9,-0.9,6.6574032,1027.8,16.8,0.23708432
1825.3,3642.7,-1.9,-0.8,6.6490203,1028.4,16.8,0.23663895
1822.2,3642.1,-3.1,-0.6,6.6366346,1028.9,16.8,0.23626781
1831.2,3640.8,9,-1.3,6.667033,1029.4,16.8,0.23589667
1825.2,3640.4,-6,-0.4,6.6444581,1029.9,16.8,0.23552553
1825.2,3639.6,0,-0.8,6.6429979,1030.4,16.8,0.23515439
1825.2,3638.9,0,-0.7,6.6417203,1030.9,16.8,0.23478325
1823.2,3638.3,-2,-0.6,6.6333486,1031.4,16.8,0.23441211
1823.2,3637.6,0,-0.7,6.6320723,1031.9,16.8,0.23404097
1825.2,3636.8,2,-0.8,6.6378874,1032.4,16.8,0.23366983
1827.2,3636.1,2,-0.7,6.6438819,1032.9,16.8,0.23329869
1822.2,3635.7,-5,-0.4,6.6249725,1033.4,16.8,0.23292755
1827.2,3634.8,5,-0.9,6.6415066,1033.9,16.8,0.23255641
-561.9,3755.1,-2389.1,120.3,-2.1099907,1033.8,16.8,0.23263064
-563,3759.5,-1.1,4.4,-2.1165985,1033.6,16.8,0.2327791
-564,3763,-1,3.5,-2.122332,1033.5,16.8,0.23285333
-565,3765.9,-1,2.9,-2.1277335,1033.3,16.8,0.23300178
-573,3768.8,-8,2.9,-2.1595224,1033.1,16.8,0.23315024
-565,3770.8,8,2,-2.130502,1033,16.8,0.23322447
-565,3772.9,0,2.1,-2.1316885,1032.8,16.8,0.23337292
-568,3775.1,-3,2.2,-2.1442568,1032.7,16.8,0.23344715
-564,3776.8,4,1.7,-2.1301152,1032.5,16.8,0.23359561
-566,3778.6,-2,1.8,-2.1386876,1032.4,16.8,0.23366983
-564,3780.3,2,1.7,-2.1320892,1032.2,16.8,0.23381829
-562,3781.8,2,1.5,-2.1253716,1032.1,16.8,0.23389252
-566,3783.6,-4,1.8,-2.1415176,1031.9,16.8,0.23404097
-296.1,3771.7,269.9,-11.9,-1.1168004,1031.8,16.8,0.2341152
-44,3760.1,252.1,-11.6,-0.1654444,1031.8,16.8,0.2341152
228.1,3747.1,272.1,-13,0.85471351,1031.9,16.8,0.23404097
484,3734.4,255.9,-12.7,1.8074496,1032,16.8,0.23396675
740,3721.4,256,-13,2.753836,1032.2,16.8,0.23381829
1006,3707.5,266,-13.9,3.729745,1032.5,16.8,0.23359561
1268,3693.3,262,-14.2,4.6831044,1032.8,16.8,0.23337292
1530.1,3678.9,262.1,-14.4,5.6290849,1033.3,16.8,0.23300178
1532.2,3677.1,2.1,-1.8,5.6340526,1033.7,16.8,0.23270487
1537.1,3675.5,4.9,-1.6,5.649611,1034.1,16.8,0.23240796
1486.1,3676.7,-51,1.2,5.4639439,1034.5,16.8,0.23211105
1432.2,3678.3,-53.9,1.6,5.2680613,1034.9,16.7,0.23181413
1385.1,3679.8,-47.1,1.5,5.096891,1035.3,16.7,0.23151722
1325.1,3682.1,-60,2.3,4.8791507,1035.7,16.7,0.23122031
1276.1,3683.9,-49,1.8,4.7010248,1036,16.7,0.23099762
1220.1,3686.2,-56,2.3,4.4975326,1036.4,16.7,0.23070071
1173.1,3688.1,-47,1.9,4.3265101,1036.7,16.7,0.23047803
1125.2,3690.2,-47.9,2.1,4.152213,1037,16.7,0.23025534
1068,3692.8,-57.2,2.6,3.9439104,1037.3,16.7,0.23003266
1064.1,3692.9,-3.9,0.1,3.9296149,1037.6,16.7,0.22980998
1065,3692.7,0.9,-0.2,3.9327255,1037.9,16.7,0.22958729
1076,3691.9,11,-0.8,3.9724844,1038.2,16.7,0.22936461
1066.1,3692.2,-9.9,0.3,3.9362544,1038.5,16.7,0.22914192
1065,3692,-1.1,-0.2,3.93198,1038.8,16.7,0.22891924
1068,3691.6,3,-0.4,3.9426288,1039.1,16.7,0.22869656
1069.1,3691.4,1.1,-0.2,3.9464757,1039.4,16.7,0.22847387
1069.1,3691.2,0,-0.2,3.9462619,1039.7,16.7,0.22825119
1069.1,3691,0,-0.2,3.9460481,1040,16.7,0.2280285
1069,3690.8,-0.1,-0.2,3.9454652,1040.3,16.7,0.22780582
1071.1,3690.5,2.1,-0.3,3.9528945,1040.6,16.7,0.22758314
1070.1,3690.3,-1,-0.2,3.94899,1040.9,16.7,0.22736045
1073.1,3690,3,-0.3,3.959739,1041.2,16.7,0.22713777
1066.1,3690.1,-7,0.1,3.9340156,1041.5,16.7,0.22691508
1070,3689.7,3.9,-0.4,3.947979,1041.8,16.7,0.2266924
1065.1,3689.8,-4.9,0.1,3.930006,1042.1,16.7,0.22646971
1111.1,3687.3,46,-2.5,4.096959,1042.4,16.7,0.22624703
1153.1,3684.9,42,-2.4,4.2490582,1042.7,16.7,0.22602435
1196.1,3682.4,43,-2.5,4.4045186,1043,16.7,0.22580166
1243.1,3679.6,47,-2.8,4.5741108,1043.4,16.7,0.22550475
1288.1,3676.9,45,-2.7,4.7362149,1043.7,16.7,0.22528207
1329.1,3674.3,41,-2.6,4.8835121,1044.1,16.7,0.22498515
1371.1,3671.6,42,-2.7,5.0341308,1044.5,16.7,0.22468824
1421.1,3668.5,50,-3.1,5.2133053,1044.9,16.7,0.22439133
1460.2,3665.9,39.1,-2.6,5.3529472,1045.3,16.7,0.22409442
1505.2,3662.9,45,-3,5.5133971,1045.7,16.7,0.22379751
1550.1,3659.9,44.9,-3,5.673211,1046.1,16.7,0.22350059
1594.1,3656.9,44,-3,5.8294643,1046.6,16.7,0.22312945
1637.1,3653.9,43,-3,5.9817997,1047,16.7,0.22283254
1639.2,3653,2.1,-0.9,5.9879976,1047.5,16.7,0.2224614
1638.2,3652.3,-1,-0.7,5.9831979,1047.9,16.7,0.22216449
1639.1,3651.5,0.9,-0.8,5.9851737,1048.4,16.7,0.22179335
1637.2,3650.8,-1.9,-0.7,5.9770898,1048.8,16.7,0.22149644
1638.2,3650.1,1,-0.7,5.9795938,1049.3,16.7,0.2211253
1638.2,3649.5,0,-0.6,5.9786109,1049.7,16.7,0.22082838
1635.2,3648.9,-3,-0.6,5.9666813,1050.2,16.7,0.22045724
1638.2,3648.2,3,-0.7,5.9764812,1050.7,16.7,0.2200861
1637.2,3647.6,-1,-0.6,5.9718507,1051.1,16.7,0.21978919
1635.2,3647.1,-2,-0.5,5.9637379,1051.6,16.7,0.21941805
1645.1,3646,9.9,-1.1,5.9980346,1052,16.7,0.21912114
1635.1,3646,-10,0,5.9615746,1052.5,16.7,0.21875
1636.1,3645.4,1,-0.6,5.9642389,1052.9,16.7,0.21845309
1638.1,3644.7,2,-0.7,5.9703831,1053.4,16.7,0.21808195
1639.1,3644.2,1,-0.5,5.9732082,1053.8,16.7,0.21778504
1635.1,3643.8,-4,-0.4,5.9579774,1054.3,16.7,0.2174139
1641.1,3643,6,-0.8,5.9785273,1054.7,16.7,0.21711698
1638.3,3642.6,-2.8,-0.4,5.9676716,1055.2,16.7,0.21674584
1632.2,3642.4,-6.1,-0.2,5.9451253,1055.7,16.7,0.2163747
1638.1,3641.7,5.9,-0.7,5.9654688,1056.1,16.7,0.21607779
1644.2,3640.9,6.1,-0.8,5.9863678,1056.6,16.7,0.21570665
1642.2,3640.4,-2,-0.5,5.9782649,1057,16.7,0.21540974
436.1,3701.4,-1206.1,61,1.6141805,1057.1,16.7,0.21533551
433.2,3703.6,-2.9,2.2,1.6043995,1057.3,16.7,0.21518705
435.1,3705.1,1.9,1.5,1.612089,1057.4,16.7,0.21511283
435.1,3706.4,0,1.3,1.6126546,1057.5,16.7,0.2150386
433.1,3707.6,-2,1.2,1.6057616,1057.6,16.7,0.21496437
434.1,3708.6,1,1,1.6099033,1057.7,16.7,0.21489014
440.1,3709.2,6,0.6,1.6324189,1057.9,16.7,0.21474169
434.1,3710.4,-6,1.2,1.6106846,1058,16.7,0.21466746
431.1,3711.3,-3,0.9,1.5999414,1058.1,16.7,0.21459323
437.1,3711.8,6,0.5,1.6224278,1058.2,16.7,0.214519
430.1,3712.9,-7,1.1,1.5969183,1058.4,16.7,0.21437055
434.1,3713.4,4,0.5,1.6119869,1058.5,16.7,0.21429632
434.1,3714,0,0.6,1.6122474,1058.6,16.7,0.21422209
430.1,3714.9,-4,0.9,1.5977785,1058.7,16.7,0.21414786
431.1,3715.4,1,0.5,1.6017089,1058.8,16.7,0.21407363
435.1,3715.8,4,0.4,1.6167446,1059,16.7,0.21392518
435.1,3716.4,0,0.6,1.6170056,1059.1,16.7,0.21385095
433.1,3717,-2,0.6,1.6098327,1059.2,16.7,0.21377672
432.2,3717.6,-0.9,0.6,1.6067467,1059.3,16.7,0.21370249
400.1,3719.7,-32.1,2.1,1.488252,1059.4,16.7,0.21362827
373.1,3721.6,-27,1.9,1.388529,1059.5,16.7,0.21355404
341.1,3723.8,-32,2.2,1.2701882,1059.6,16.7,0.21347981
309.2,3726,-31.9,2.2,1.1520792,1059.7,16.7,0.21340558
282.1,3728.1,-27.1,2.1,1.051697,1059.8,16.7,0.21333135
251.1,3730.2,-31,2.1,0.93665322,1059.9,16.7,0.21325713
224.1,3732.3,-27,2.1,0.83640843,1059.9,16.7,0.21325713
192.2,3734.6,-31.9,2.3,0.71779012,1060,16.7,0.2131829
164.1,3736.8,-28.1,2.2,0.61320888,1060,16.7,0.2131829
132.2,3739.1,-31.9,2.3,0.49430902,1060.1,16.7,0.21310867
99,3741.6,-33.2,2.5,0.3704184,1060.1,16.7,0.21310867
66,3744,-33,2.4,0.247104,1060.1,16.7,0.21310867
42,3746,-24,2,0.157332,1060.1,16.7,0.21310867
13,3748.3,-29,2.3,0.0487279,1060.1,16.7,0.21310867
14,3749.1,1,0.8,0.0524874,1060.1,16.7,0.21310867
7,3750.2,-7,1.1,0.0262514,1060.1,16.7,0.21310867
13,3750.6,6,0.4,0.0487578,1060.1,16.7,0.21310867
13,3751.4,0,0.8,0.0487682,1060.1,16.7,0.21310867
15,3751.9,2,0.5,0.0562785,1060.1,16.7,0.21310867
15,3752.6,0,0.7,0.056289,1060.1,16.7,0.21310867
12,3753.4,-3,0.8,0.0450408,1060.1,16.7,0.21310867
14,3754,2,0.6,0.052556,1060.1,16.7,0.21310867
12,3754.7,-2,0.7,0.0450564,1060.1,16.7,0.21310867
10,3755.4,-2,0.7,0.037554,1060.2,16.7,0.21303444
8,3756,-2,0.6,0.030048,1060.2,16.7,0.21303444
16,3756.2,8,0.2,0.0600992,1060.2,16.7,0.21303444
13,3756.9,-3,0.7,0.0488397,1060.2,16.7,0.21303444
15,3757.4,2,0.5,0.056361,1060.2,16.7,0.21303444
16,3757.9,1,0.5,0.0601264,1060.2,16.7,0.21303444
14,3758.5,-2,0.6,0.052619,1060.2,16.7,0.21303444
14,3759,0,0.5,0.052626,1060.2,16.7,0.21303444
17,3759.3,3,0.3,0.0639081,1060.2,16.7,0.21303444
16,3759.9,-1,0.6,0.0601584,1060.2,16.7,0.21303444
12,3760.5,-4,0.6,0.045126,1060.2,16.7,0.21303444
9,3761.1,-3,0.6,0.0338499,1060.2,16.7,0.21303444
13,3761.4,4,0.3,0.0488982,1060.2,16.7,0.21303444
9,3762,-4,0.6,0.033858,1060.2,16.7,0.21303444
10,3762.4,1,0.4,0.037624,1060.2,16.7,0.21303444
12,3762.8,2,0.4,0.0451536,1060.2,16.7,0.21303444
7,3763.5,-5,0.7,0.0263445,1060.2,16.7,0.21303444
13,3763.6,6,0.1,0.0489268,1060.2,16.7,0.21303444
10,3764.1,-3,0.5,0.037641,1060.2,16.7,0.21303444
13,3764.3,3,0.2,0.0489359,1060.2,16.7,0.21303444
11,3764.9,-2,0.6,0.0414139,1060.2,16.7,0.21303444
8,3765.4,-3,0.5,0.0301232,1060.2,16.7,0.21303444
9,3765.7,1,0.3,0.0338913,1060.2,16.7,0.21303444
11,3766,2,0.3,0.041426,1060.2,16.7,0.21303444
12,3766.3,1,0.3,0.0451956,1060.2,16.7,0.21303444
14,3766.6,2,0.3,0.0527324,1060.2,16.7,0.21303444
9,3767.1,-5,0.5,0.0339039,1060.2,16.7,0.21303444
11,3767.4,2,0.3,0.0414414,1060.2,16.6,0.21303444
14,3767.6,3,0.2,0.0527464,1060.2,16.6,0.21303444
10,3768.1,-4,0.5,0.037681,1060.2,16.6,0.21303444
14,3768.3,4,0.2,0.0527562,1060.3,16.6,0.21296021
9,3768.8,-5,0.5,0.0339192,1060.3,16.6,0.21296021
8,3769.2,-1,0.4,0.0301536,1060.3,16.6,0.21296021
13,3769.2,5,0,0.0489996,1060.3,16.6,0.21296021
19,3769.2,6,0,0.0716148,1060.3,16.6,0.21296021
14,3769.8,-5,0.6,0.0527772,1060.3,16.6,0.21296021
16,3770,2,0.2,0.06032,1060.3,16.6,0.21296021
9,3770.6,-7,0.6,0.0339354,1060.3,16.6,0.21296021
15,3770.6,6,0,0.056559,1060.3,16.6,0.21296021
17,3770.8,2,0.2,0.0641036,1060.3,16.6,0.21296021
12,3771.3,-5,0.5,0.0452556,1060.3,16.6,0.21296021
10,3771.7,-2,0.4,0.037717,1060.3,16.6,0.21296021
13,3771.8,3,0.1,0.0490334,1060.3,16.6,0.21296021
9,3772.3,-4,0.5,0.0339507,1060.3,16.6,0.21296021
15,3772.3,6,0,0.0565845,1060.3,16.6,0.21296021
10,3772.7,-5,0.4,0.037727,1060.3,16.6,0.21296021
8,3773.1,-2,0.4,0.0301848,1060.3,16.6,0.21296021
18,3772.8,10,-0.3,0.0679104,1060.3,16.6,0.21296021
12,3773.4,-6,0.6,0.0452808,1060.3,16.6,0.21296021
6,3774,-6,0.6,0.022644,1060.3,16.6,0.21296021
11,3773.9,5,-0.1,0.0415129,1060.3,16.6,0.21296021
11,3774.2,0,0.3,0.0415162,1060.3,16.6,0.21296021
13,3774.3,2,0.1,0.0490659,1060.3,16.6,0.21296021
12,3774.6,-1,0.3,0.0452952,1060.3,16.6,0.21296021
10,3774.9,-2,0.3,0.037749,1060.3,16.6,0.21296021
12,3775,2,0.1,0.0453,1060.3,16.6,0.21296021
11,3775.3,-1,0.3,0.0415283,1060.3,16.6,0.21296021
6,3775.8,-5,0.5,0.0226548,1060.3,16.6,0.21296021
17,3775.4,11,-0.4,0.0641818,1060.3,16.6,0.21296021
15,3775.7,-2,0.3,0.0566355,1060.3,16.6,0.21296021
13,3776,-2,0.3,0.049088,1060.4,16.6,0.21288599
8,3776.5,-5,0.5,0.030212,1060.4,16.6,0.21288599
11,3776.6,3,0.1,0.0415426,1060.4,16.6,0.21288599
12,3776.7,1,0.1,0.0453204,1060.4,16.6,0.21288599
12,3776.9,0,0.2,0.0453228,1060.4,16.6,0.21288599
13,3777.1,1,0.2,0.0491023,1060.4,16.6,0.21288599
13,3777.2,0,0.1,0.0491036,1060.4,16.6,0.21288599
14,3777.4,1,0.2,0.0528836,1060.4,16.6,0.21288599
9,3777.9,-5,0.5,0.0340011,1060.4,16.6,0.21288599
9,3778.1,0,0.2,0.0340029,1060.4,16.6,0.21288599
9,3778.2,0,0.1,0.0340038,1060.4,16.6,0.21288599
7,3778.5,-2,0.3,0.0264495,1060.4,16.6,0.21288599
15,3778.3,8,-0.2,0.0566745,1060.4,16.6,0.21288599
12,3778.7,-3,0.4,0.0453444,1060.4,16.6,0.21288599
13,3778.7,1,0,0.0491231,1060.4,16.6,0.21288599
15,3778.8,2,0.1,0.056682,1060.4,16.6,0.21288599
17,3778.9,2,0.1,0.0642413,1060.4,16.6,0.21288599
15,3779.2,-2,0.3,0.056688,1060.4,16.5,0.21288599
15,3779.3,0,0.1,0.0566895,1060.4,16.5,0.21288599
8,3779.9,-7,0.6,0.0302392,1060.4,16.5,0.21288599
11,3779.9,3,0,0.0415789,1060.4,16.5,0.21288599
10,3780.1,-1,0.2,0.037801,1060.4,16.5,0.21288599
8,3780.4,-2,0.3,0.0302432,1060.4,16.5,0.21288599
14,3780.2,6,-0.2,0.0529228,1060.4,16.5,0.21288599
13,3780.4,-1,0.2,0.0491452,1060.4,16.5,0.21288599
13,3780.6,0,0.2,0.0491478,1060.4,16.5,0.21288599
18,3780.5,5,-0.1,0.068049,1060.4,16.5,0.21288599
13,3780.9,-5,0.4,0.0491517,1060.4,16.5,0.21288599
9,3781.3,-4,0.4,0.0340317,1060.4,16.5,0.21288599
9,3781.4,0,0.1,0.0340326,1060.4,16.5,0.21288599
10,3781.5,1,0.1,0.037815,1060.5,16.5,0.21281176
13,3781.5,3,0,0.0491595,1060.5,16.5,0.21281176
7,3782,-6,0.5,0.026474,1060.5,16.5,0.21281176
14,3781.8,7,-0.2,0.0529452,1060.5,16.5,0.21281176
9,3782.2,-5,0.4,0.0340398,1060.5,16.5,0.21281176
9,3782.4,0,0.2,0.0340416,1060.5,16.5,0.21281176
13,3782.3,4,-0.1,0.0491699,1060.5,16.5,0.21281176
14,3782.4,1,0.1,0.0529536,1060.5,16.5,0.21281176
14,3782.6,0,0.2,0.0529564,1060.5,16.5,0.21281176
19,3782.4,5,-0.2,0.0718656,1060.5,16.5,0.21281176
10,3783,-9,0.6,0.03783,1060.5,16.5,0.21281176
11,3783.1,1,0.1,0.0416141,1060.5,16.5,0.21281176
14,3783,3,-0.1,0.052962,1060.5,16.5,0.21281176
12,3783.3,-2,0.3,0.0453996,1060.5,16.5,0.21281176
17,3783.2,5,-0.1,0.0643144,1060.5,16.5,0.21281176
9,3783.7,-8,0.5,0.0340533,1060.5,16.5,0.21281176
8,3783.9,-1,0.2,0.0302712,1060.5,16.5,0.21281176
9,3784,1,0.1,0.034056,1060.5,16.5,0.21281176
5,3784.3,-4,0.3,0.0189215,1060.5,16.5,0.21281176
15,3784,10,-0.3,0.05676,1060.5,16.5,0.21281176
10,3784.3,-5,0.3,0.037843,1060.5,16.5,0.21281176
9,3784.5,-1,0.2,0.0340605,1060.5,16.5,0.21281176
11,3784.5,2,0,0.0416295,1060.5,16.5,0.21281176
6,3784.9,-5,0.4,0.0227094,1060.5,16.5,0.21281176
16,3784.5,10,-0.4,0.060552,1060.5,16.5,0.21281176
12,3784.9,-4,0.4,0.0454188,1060.5,16.5,0.21281176
17,3784.7,5,-0.2,0.0643399,1060.5,16.5,0.21281176
524,3759.2,507,-25.5,1.9698208,1060.7,16.5,0.2126633
1046,3731.7,522,-27.5,3.9033582,1061,16.5,0.21244062
1561.9,3703.8,515.9,-27.9,5.7849652,1061.4,16.5,0.21214371
2081.1,3674.9,519.2,-28.9,7.6478344,1062,16.5,0.21169834
2081.2,3671.8,0.1,-3.1,7.6417502,1062.6,16.5,0.21125297
2079.3,3669.1,-1.9,-2.7,7.6291596,1063.1,16.5,0.21088183
2078.2,3666.7,-1.1,-2.4,7.6201359,1063.7,16.5,0.21043646
2081.2,3664.2,3,-2.5,7.625933,1064.3,16.5,0.20999109
2077.2,3662.2,-4,-2,7.6071218,1064.9,16.5,0.20954572
2075.3,3660.2,-1.9,-2,7.5960131,1065.4,16.5,0.20917458
2079.3,3658,4,-2.2,7.6060794,1066,16.5,0.20872922
2078.2,3656,-1.1,-2,7.5978992,1066.6,16.5,0.20828385
2087.3,3653.8,9.1,-2.2,7.6265767,1067.2,16.5,0.20783848
2080.3,3652.3,-7,-1.5,7.5978797,1067.8,16.5,0.20739311
2076.3,3650.8,-4,-1.5,7.580156,1068.3,16.5,0.20702197
2082.2,3648.7,5.9,-2.1,7.5973231,1068.9,16.5,0.2065766
2078.3,3647.3,-3.9,-1.4,7.5801836,1069.5,16.5,0.20613124
2073.3,3645.9,-5,-1.4,7.5590445,1070.1,16.5,0.20568587
2080.2,3644,6.9,-1.9,7.5802488,1070.6,16.5,0.20531473
2077.2,3642.6,-3,-1.4,7.5664087,1071.2,16.5,0.20486936
2079.3,3641.1,2.1,-1.5,7.5709392,1071.8,16.5,0.20442399
2082.3,3639.5,3,-1.6,7.5785308,1072.4,16.5,0.20397862
2075.2,3638.4,-7.1,-1.1,7.5504077,1073,16.5,0.20353325
2078.2,3636.8,3,-1.6,7.5579978,1073.5,16.5,0.20316211
2080.2,3635.4,2,-1.4,7.5623591,1074.1,16.5,0.20271675
2082.2,3634,2,-1.4,7.5667148,1074.7,16.5,0.20227138
2081.3,3632.7,-0.9,-1.3,7.5607385,1075.3,16.5,0.20182601
2080.2,3631.5,-1.1,-1.2,7.5542463,1075.8,16.5,0.20145487
2076.2,3630.5,-4,-1,7.5376441,1076.4,16.5,0.2010095
2073.2,3629.4,-3,-1.1,7.5244721,1077,16.5,0.20056413
2080.2,3627.9,7,-1.5,7.5467576,1077.6,16.5,0.20011876
2076.2,3626.9,-4,-1,7.5301698,1078.2,16.5,0.1996734
2076.3,3625.8,0.1,-1.1,7.5282485,1078.7,16.5,0.19930226
2080.3,3624.4,4,-1.4,7.5398393,1079.3,16.5,0.19885689
2075.2,3623.6,-5.1,-0.8,7.5196947,1079.9,16.5,0.19841152
1768.2,3638.3,-307,14.7,6.4332421,1080.4,16.5,0.19804038
1462.2,3653.6,-306,15.3,5.3422939,1080.8,16.5,0.19774347
1148.1,3669.8,-314.1,16.2,4.2132974,1081.1,16.5,0.19752078
839.1,3686.3,-309,16.5,3.0931743,1081.3,16.5,0.19737233
523.1,3703.5,-316,17.2,1.9373008,1081.5,16.5,0.19722387
522.1,3704.9,-1,1.4,1.9343283,1081.6,16.5,0.19714964
524.1,3705.9,2,1,1.9422622,1081.8,16.5,0.19700119
531.1,3706.4,7,0.5,1.968469,1081.9,16.5,0.19692696
533.1,3707.1,2,0.7,1.976255,1082.1,16.5,0.1967785
525.1,3708.3,-8,1.2,1.9472283,1082.2,16.5,0.19670428
519.1,3709.2,-6,0.9,1.9254457,1082.4,16.5,0.19655582
519.1,3709.8,0,0.6,1.9257572,1082.5,16.5,0.19648159
525.1,3710,6,0.2,1.948121,1082.6,16.5,0.19640736
525.1,3710.5,0,0.5,1.9483836,1082.8,16.5,0.19625891
522.1,3711.1,-3,0.6,1.9375653,1082.9,16.5,0.19618468
532.1,3711.1,10,0,1.9746763,1083.1,16.5,0.19603622
526.1,3711.8,-6,0.7,1.952778,1083.2,16.5,0.195962
523.1,3712.4,-3,0.6,1.9419564,1083.4,16.5,0.19581354
526,3712.6,2.9,0.2,1.9528276,1083.5,16.5,0.19573931
522,3713.2,-4,0.6,1.9382904,1083.7,16.5,0.19559086
528,3713.2,6,0,1.9605696,1083.8,16.5,0.19551663
524.1,3713.7,-3.9,0.5,1.9463502,1084,16.5,0.19536817
529,3713.8,4.9,0.1,1.9646002,1084.1,16.5,0.19529394
526.1,3714.2,-2.9,0.4,1.9540406,1084.3,16.5,0.19514549
524.1,3714.6,-2,0.4,1.9468219,1084.4,16.5,0.19507126
531.1,3714.5,7,-0.1,1.972771,1084.5,16.5,0.19499703
521.2,3715.3,-9.9,0.8,1.9364144,1084.7,16.5,0.19484857
529.1,3715.1,7.9,-0.2,1.9656594,1084.8,16.5,0.19477435
526.1,3715.5,-3,0.4,1.9547246,1085,16.5,0.19462589
527.1,3715.7,1,0.2,1.9585455,1085.1,16.5,0.19455166
530.1,3715.8,3,0.1,1.9697456,1085.3,16.5,0.19440321
1624.1,3659.9,1094,-55.9,5.9440436,1085.7,16.5,0.19410629
1617.1,3658.2,-7,-1.7,5.9156752,1086.2,16.5,0.19373515
1621.1,3656.3,4,-1.9,5.9272279,1086.6,16.5,0.19343824
1622.1,3654.9,1,-1.4,5.9286133,1087.1,16.5,0.1930671
1624.1,3653.6,2,-1.3,5.9338118,1087.5,16.5,0.19277019
1623.1,3652.6,-1,-1,5.9285351,1088,16.5,0.19239905
1616.2,3651.9,-6.9,-0.7,5.9022008,1088.4,16.5,0.19210214
1621.2,3650.7,5,-1.2,5.9185148,1088.9,16.5,0.191731
1618.3,3649.9,-2.9,-0.8,5.9066332,1089.3,16.5,0.19143409
1626.1,3648.6,7.8,-1.3,5.9329885,1089.8,16.5,0.19106295
1621.1,3648.1,-5,-0.5,5.9139349,1090.2,16.5,0.19076603
1621.1,3647.3,0,-0.8,5.912638,1090.7,16.5,0.19039489
1623.2,3646.3,2.1,-1,5.9186742,1091.1,16.5,0.19009798
1621.2,3645.7,-2,-0.6,5.9104088,1091.6,16.5,0.18972684
1624.1,3644.8,2.9,-0.9,5.9195197,1092,16.5,0.18942993
1620.1,3644.3,-4,-0.5,5.9041304,1092.5,16.5,0.18905879
1623.1,3643.4,3,-0.9,5.9136025,1092.9,16.5,0.18876188
1624.1,3642.7,1,-0.7,5.9161091,1093.4,16.5,0.18839074
1621.2,3642.1,-2.9,-0.6,5.9045725,1093.8,16.5,0.18809382
1509.2,3647.3,-112,5.2,5.5045052,1094.3,16.5,0.18772268
1401.1,3652.4,-108.1,5.1,5.1173776,1094.6,16.5,0.1875
1279.1,3658.5,-122,6.1,4.6795873,1095,16.5,0.18720309
1168.1,3664.2,-111,5.7,4.280152,1095.3,16.5,0.1869804
1045.1,3670.6,-123,6.4,3.8361441,1095.6,16.5,0.18675772
938.1,3676.5,-107,5.9,3.4489246,1095.9,16.5,0.18653504
826.1,3682.6,-112,6.1,3.0421959,1096.1,16.5,0.18638658
715.1,3688.9,-111,6.3,2.6379324,1096.3,16.5,0.18623812
600.1,3695.4,-115,6.5,2.2176095,1096.5,16.5,0.18608967
487.1,3702,-113,6.6,1.8032442,1096.6,16.5,0.18601544
370.1,3708.9,-117,6.9,1.3726639,1096.7,16.5,0.18594121
252.2,3715.9,-117.9,7,0.93714998,1096.8,16.5,0.18586698
142.2,3722.7,-110,6.8,0.52936794,1096.8,16.5,0.18586698
29,3729.7,-113.2,7,0.1081613,1096.8,16.5,0.18586698
27,3731.1,-2,1.4,0.1007397,1096.8,16.5,0.18586698
32,3732.1,5,1,0.1194272,1096.8,16.5,0.18586698
30,3733.2,-2,1.1,0.111996,1096.8,16.5,0.18586698
35,3733.9,5,0.7,0.1306865,1096.9,16.5,0.18579276
32,3735.1,-3,1.2,0.1195232,1096.9,16.5,0.18579276
23,3736.4,-9,1.3,0.0859372,1096.9,16.5,0.18579276
32,3736.8,9,0.4,0.1195776,1096.9,16.5,0.18579276
25,3738,-7,1.2,0.09345,1096.9,16.5,0.18579276
36,3738.2,11,0.2,0.1345752,1096.9,16.5,0.18579276
28,3739.4,-8,1.2,0.1047032,1096.9,16.5,0.18579276
26,3740.3,-2,0.9,0.0972478,1096.9,16.5,0.18579276
32,3740.7,6,0.4,0.1197024,1096.9,16.5,0.18579276
31,3741.4,-1,0.7,0.1159834,1096.9,16.5,0.18579276
32,3742,1,0.6,0.119744,1096.9,16.5,0.18579276
29,3742.8,-3,0.8,0.1085412,1097,16.5,0.18571853
26,3743.6,-3,0.8,0.0973336,1097,16.5,0.18571853
32,3743.9,6,0.3,0.1198048,1097,16.5,0.18571853
29,3744.6,-3,0.7,0.1085934,1097,16.5,0.18571853
33,3745,4,0.4,0.123585,1097,16.5,0.18571853
30,3745.7,-3,0.7,0.112371,1097,16.5,0.18571853
35,3746,5,0.3,0.13111,1097,16.5,0.18571853
29,3746.8,-6,0.8,0.1086572,1097,16.5,0.18571853
29,3747.4,0,0.6,0.1086746,1097,16.5,0.18571853
26,3748,-3,0.6,0.097448,1097,16.5,0.18571853
28,3748.4,2,0.4,0.1049552,1097,16.5,0.18571853
32,3748.7,4,0.3,0.1199584,1097,16.5,0.18571853
30,3749.3,-2,0.6,0.112479,1097,16.5,0.18571853
28,3749.8,-2,0.5,0.1049944,1097.1,16.5,0.1856443
31,3750.1,3,0.3,0.1162531,1097.1,16.5,0.1856443
31,3750.6,0,0.5,0.1162686,1097.1,16.5,0.1856443
26,3751.2,-5,0.6,0.0975312,1097.1,16.5,0.1856443
29,3751.5,3,0.3,0.1087935,1097.1,16.5,0.1856443
32,3751.7,3,0.2,0.1200544,1097.1,16.5,0.1856443
27,3752.4,-5,0.7,0.1013148,1097.1,16.5,0.1856443
34,3752.5,7,0.1,0.127585,1097.1,16.5,0.1856443
31,3753,-3,0.5,0.116343,1097.1,16.5,0.1856443
32,3753.3,1,0.3,0.1201056,1097.1,16.5,0.1856443
31,3753.7,-1,0.4,0.1163647,1097.1,16.5,0.1856443
28,3754.2,-3,0.5,0.1051176,1097.2,16.5,0.18557007
27,3754.6,-1,0.4,0.1013742,1097.2,16.5,0.18557007
25,3755.1,-2,0.5,0.0938775,1097.2,16.5,0.18557007
34,3755,9,-0.1,0.12767,1097.2,16.5,0.18557007
31,3755.5,-3,0.5,0.1164205,1097.2,16.5,0.18557007
35,3755.6,4,0.1,0.131446,1097.2,16.5,0.18557007
35,3755.9,0,0.3,0.1314565,1097.2,16.5,0.18557007
27,3756.6,-8,0.7,0.1014282,1097.2,16.5,0.18557007
33,3756.6,6,0,0.1239678,1097.2,16.5,0.18557007
28,3757.2,-5,0.6,0.1052016,1097.2,16.5,0.18557007
32,3757.3,4,0.1,0.1202336,1097.2,16.5,0.18557007
33,3757.5,1,0.2,0.1239975,1097.2,16.5,0.18557007
27,3758.1,-6,0.6,0.1014687,1097.3,16.5,0.18549584
29,3758.3,2,0.2,0.1089907,1097.3,16.5,0.18549584
32,3758.4,3,0.1,0.1202688,1097.3,16.5,0.18549584
29,3758.8,-3,0.4,0.1090052,1097.3,16.5,0.18549584
29,3759.1,0,0.3,0.1090139,1097.3,16.5,0.18549584
32,3759.2,3,0.1,0.1202944,1097.3,16.5,0.18549584
34,3759.4,2,0.2,0.1278196,1097.3,16.5,0.18549584
28,3759.9,-6,0.5,0.1052772,1097.3,16.5,0.18549584
29,3760.1,1,0.2,0.1090429,1097.3,16.5,0.18549584
30,3760.3,1,0.2,0.112809,1097.3,16.5,0.18549584
32,3760.4,2,0.1,0.1203328,1097.3,16.5,0.18549584
27,3760.9,-5,0.5,0.1015443,1097.3,16.5,0.18549584
29,3761.1,2,0.2,0.1090719,1097.4,16.5,0.18542162
30,3761.2,1,0.1,0.112836,1097.4,16.5,0.18542162
27,3761.6,-3,0.4,0.1015632,1097.4,16.5,0.18542162
28,3761.8,1,0.2,0.1053304,1097.4,16.5,0.18542162
30,3761.9,2,0.1,0.112857,1097.4,16.5,0.18542162
32,3762,2,0.1,0.120384,1097.4,16.5,0.18542162
31,3762.3,-1,0.3,0.1166313,1097.4,16.5,0.18542162
30,3762.5,-1,0.2,0.112875,1097.4,16.5,0.18542162
23,3763.1,-7,0.6,0.0865513,1097.4,16.5,0.18542162
32,3762.9,9,-0.2,0.1204128,1097.4,16.5,0.18542162
29,3763.2,-3,0.3,0.1091328,1097.4,16.5,0.18542162
2151.1,3654.6,2122.1,-108.6,7.8614101,1098,16.5,0.18497625
2152.2,3650.4,1.1,-4.2,7.8563909,1098.6,16.5,0.18453088
2153.2,3646.9,1,-3.5,7.8525051,1099.2,16.5,0.18408551
2159.2,3643.7,6,-3.2,7.867477,1099.8,16.5,0.18364014
2159.2,3641,0,-2.7,7.8616472,1100.4,16.5,0.18319477
2156.3,3638.8,-2.9,-2.2,7.8463444,1101,16.5,0.18274941
2156.3,3636.5,0,-2.3,7.8413849,1101.6,16.4,0.18230404
2155.2,3634.4,-1.1,-2.1,7.8328589,1102.2,16.4,0.18185867
2158.2,3632.1,3,-2.3,7.8387982,1102.8,16.4,0.1814133
2156.3,3630.3,-1.9,-1.8,7.8280159,1103.4,16.4,0.18096793
2156.2,3628.4,-0.1,-1.9,7.8235561,1104,16.4,0.18052257
2151.2,3626.8,-5,-1.6,7.8019722,1104.6,16.4,0.1800772
2151.2,3625.1,0,-1.7,7.7983151,1105.2,16.4,0.17963183
2159.2,3623,8,-2.1,7.8227816,1105.8,16.4,0.17918646
2154.3,3621.7,-4.9,-1.3,7.8022283,1106.4,16.4,0.17874109
2158.2,3619.8,3.9,-1.9,7.8122524,1107,16.4,0.17829572
2155.2,3618.5,-3,-1.3,7.7985912,1107.6,16.5,0.17785036
2154.2,3617.1,-1,-1.4,7.7919568,1108.2,16.5,0.17740499
2155.2,3615.6,1,-1.5,7.7923411,1108.8,16.5,0.17695962
2156.2,3614.2,1,-1.4,7.792938,1109.4,16.5,0.17651425
2155.2,3612.9,-1,-1.3,7.7865221,1110,16.5,0.17606888
2155.2,3611.6,0,-1.3,7.7837203,1110.6,16.5,0.17562352
2153.2,3610.4,-2,-1.2,7.7739133,1111.2,16.5,0.17517815
2154.2,3609.1,1,-1.3,7.7747232,1111.8,16.5,0.17473278
2159.2,3607.6,5,-1.5,7.7895299,1112.4,16.5,0.17428741
2152.3,3606.7,-6.9,-0.9,7.7627004,1113,16.5,0.17384204
2153.2,3605.5,0.9,-1.2,7.7633626,1113.6,16.5,0.17339667
2155.3,3604.2,2.1,-1.3,7.7681323,1114.2,16.5,0.17295131
2156.3,3603,1,-1.2,7.7691489,1114.8,16.5,0.17250594
2152.3,3602,-4,-1,7.7525846,1115.4,16.5,0.17206057
2157.2,3600.7,4.9,-1.3,7.76743,1116,16.5,0.1716152
2156.3,3599.6,-0.9,-1.1,7.7618175,1116.6,16.5,0.17116983
2151.3,3598.8,-5,-0.8,7.7420984,1117.2,16.5,0.17072447
2154.2,3597.6,2.9,-1.2,7.7499499,1117.8,16.5,0.1702791
2155.2,3596.4,1,-1.2,7.7509613,1118.4,16.5,0.16983373
1587.2,3625.1,-568,28.7,5.7537587,1118.8,16.5,0.16953682
1586.2,3625.3,-1,0.2,5.7504509,1119.3,16.5,0.16916568
1584.1,3625.3,-2.1,0,5.7428377,1119.7,16.5,0.16886876
1584.2,3625.2,0.1,-0.1,5.7430418,1120.1,16.5,0.16857185
1585.1,3624.9,0.9,-0.3,5.745829,1120.6,16.5,0.16820071
1584.1,3624.7,-1,-0.2,5.7418873,1121,16.5,0.1679038
1586.1,3624.3,2,-0.4,5.7485022,1121.5,16.5,0.16753266
1583.2,3624.1,-2.9,-0.2,5.7376751,1121.9,16.5,0.16723575
1582.2,3623.8,-1,-0.3,5.7335764,1122.3,16.5,0.16693884
1585,3623.4,2.8,-0.4,5.743089,1122.8,16.5,0.1665677
1583.2,3623.1,-1.8,-0.3,5.7360919,1123.2,16.5,0.16627078
1584.2,3622.7,1,-0.4,5.7390813,1123.7,16.5,0.16589964
1583.2,3622.4,-1,-0.3,5.7349837,1124.1,16.5,0.16560273
1589.2,3621.7,6,-0.7,5.7556056,1124.5,16.5,0.16530582
1587.2,3621.5,-2,-0.2,5.7480448,1125,16.5,0.16493468
1587.2,3621.1,0,-0.4,5.7474099,1125.4,16.5,0.16463777
1582.2,3621,-5,-0.1,5.7291462,1125.9,16.5,0.16426663
1585.1,3620.4,2.9,-0.6,5.738696,1126.3,16.5,0.16396971
1586.1,3620,1,-0.4,5.741682,1126.8,16.5,0.16359857
1584.2,3619.7,-1.9,-0.3,5.7343287,1127.2,16.5,0.16330166
1594.1,3618.8,9.9,-0.9,5.7687291,1127.6,16.5,0.16300475
1609.2,3617.6,15.1,-1.2,5.8214419,1128.1,16.5,0.16263361
1619.1,3616.7,9.9,-0.9,5.855799,1128.5,16.5,0.1623367
1631.1,3615.6,12,-1.1,5.8974052,1129,16.5,0.16196556
1647.1,3614.4,16,-1.2,5.9532782,1129.4,16.5,0.16166865
1652.1,3613.6,5,-0.8,5.9700286,1129.9,16.5,0.16129751
1669,3612.2,16.9,-1.4,6.0287618,1130.4,16.5,0.16092637
1682.1,3611.1,13.1,-1.1,6.0742313,1130.8,16.5,0.16062945
1691.1,3610.1,9,-1,6.1050401,1131.3,16.5,0.16025831
1686.1,3609.8,-5,-0.3,6.0864838,1131.8,16.5,0.15988717
1693.1,3608.9,7,-0.9,6.1102286,1132.2,16.5,0.15959026
1697.2,3608.2,4.1,-0.7,6.123837,1132.7,16.5,0.15921912
1698.2,3607.6,1,-0.6,6.1264263,1133.2,16.6,0.15884798
1696.2,3607.3,-2,-0.3,6.1187023,1133.7,16.6,0.15847684
1694.1,3606.9,-2.1,-0.4,6.1104493,1134.1,16.6,0.15817993
1703.1,3605.9,9,-1,6.1412083,1134.6,16.6,0.15780879
1706.1,3605.3,3,-0.6,6.1510023,1135.1,16.6,0.15743765
1703.1,3604.9,-3,-0.4,6.1395052,1135.5,16.6,0.15714074
1693.1,3605,-10,0.1,6.1036255,1136,16.6,0.1567696
1702.1,3604,9,-1,6.1343684,1136.5,16.6,0.15639846
1701.2,3603.6,-0.9,-0.4,6.1304443,1137,16.6,0.15602732
1697.2,3603.3,-4,-0.3,6.1155208,1137.4,16.6,0.1557304
1705.1,3602.4,7.9,-0.9,6.1424522,1137.9,16.6,0.15535926
1701.2,3602.2,-3.9,-0.2,6.1280626,1138.4,16.6,0.15498812
1703.1,3601.6,1.9,-0.6,6.133885,1138.9,16.6,0.15461698
1700.1,3601.3,-3,-0.3,6.1225701,1139.3,16.6,0.15432007
1702.1,3600.7,2,-0.6,6.1287515,1139.8,16.6,0.15394893
1701.2,3600.3,-0.9,-0.4,6.1248304,1140.3,16.6,0.15357779
1698.1,3600,-3.1,-0.3,6.11316,1140.7,16.6,0.15328088
1704.1,3599.3,6,-0.7,6.1335671,1141.2,16.6,0.15290974
1698.2,3599.1,-5.9,-0.2,6.1119916,1141.7,16.6,0.1525386
1702.1,3598.4,3.9,-0.7,6.1248366,1142.2,16.6,0.15216746
1698.1,3598.2,-4,-0.2,6.1101034,1142.6,16.6,0.15187055
1698.1,3597.7,0,-0.5,6.1092544,1143.1,16.6,0.15149941
1696.1,3597.4,-2,-0.3,6.1015501,1143.6,16.6,0.15112827
1702.1,3596.6,6,-0.8,6.1217729,1144,16.6,0.15083135
1694.1,3596.6,-8,0,6.0930001,1144.5,16.6,0.15046021
1696.1,3596.1,2,-0.5,6.0993452,1145,16.6,0.15008907
1641.1,3598.5,-55,2.4,5.9054984,1145.4,16.6,0.14979216
1590.2,3600.9,-50.9,2.4,5.7261512,1145.9,16.6,0.14942102
1534.1,3603.7,-56.1,2.8,5.5284362,1146.3,16.6,0.14912411
1480.2,3606.4,-53.9,2.7,5.3381933,1146.7,16.6,0.1488272
1423.1,3609.4,-57.1,3,5.1365371,1147.1,16.6,0.14853029
1367.2,3612.4,-55.9,3,4.9388733,1147.5,16.6,0.14823337
1313.1,3615.4,-54.1,3,4.7473817,1147.9,16.6,0.14793646
1255.1,3618.7,-58,3.3,4.5418304,1148.2,16.6,0.14771378
1202.1,3621.7,-53,3,4.3536456,1148.5,16.6,0.14749109
1205.1,3621.9,3,0.2,4.3647517,1148.9,16.6,0.14719418
1203.1,3622.3,-2,0.4,4.3579891,1149.2,16.6,0.1469715
1200.1,3622.6,-3,0.3,4.3474823,1149.5,16.6,0.14674881
1204.1,3622.6,4,0,4.3619727,1149.9,16.6,0.1464519
1206.1,3622.7,2,0.1,4.3693385,1150.2,16.6,0.14622922
1211.1,3622.5,5,-0.2,4.3872098,1150.6,16.6,0.1459323
1201.2,3623.1,-9.9,0.6,4.3520677,1150.9,16.6,0.14570962
1205.1,3623,3.9,-0.1,4.3660773,1151.2,16.6,0.14548694
1204.1,3623.2,-1,0.2,4.3626951,1151.6,16.6,0.14519002
1206.1,3623.2,2,0,4.3699415,1151.9,16.6,0.14496734
1205.1,3623.3,-1,0.1,4.3664388,1152.2,16.6,0.14474466
1204.1,3623.4,-1,0.1,4.3629359,1152.6,16.6,0.14444774
1202.1,3623.5,-2,0.1,4.3558093,1152.9,16.6,0.14422506
1170.1,3625.2,-32,1.7,4.2418465,1153.2,16.6,0.14400238
1136.1,3627.1,-34,1.9,4.1207483,1153.5,16.6,0.14377969
1100.1,3629.1,-36,2,3.9923729,1153.8,16.6,0.14355701
1063.1,3631.3,-37,2.2,3.860435,1154.1,16.6,0.14333432
1029.1,3633.4,-34,2.1,3.7391319,1154.4,16.6,0.14311164
995,3635.4,-34.1,2,3.617223,1154.7,16.6,0.14288895
963.1,3637.4,-31.9,2,3.5031799,1155,16.6,0.14266627
928.1,3639.6,-35,2.2,3.3779128,1155.2,16.6,0.14251781
898.1,3641.6,-30,2,3.270521,1155.5,16.6,0.14229513
863.1,3643.9,-35,2.3,3.1450501,1155.7,16.6,0.14214667
864.1,3644.3,1,0.4,3.1490396,1156,16.6,0.14192399
869.1,3644.4,5,0.1,3.167348,1156.2,16.6,0.14177553
858.1,3645.4,-11,1,3.1281177,1156.4,16.6,0.14162708
867.1,3645.3,9,-0.1,3.1608396,1156.7,16.6,0.14140439
863.1,3645.8,-4,0.5,3.14669,1156.9,16.6,0.14125594
859.1,3646.3,-4,0.5,3.1325363,1157.2,16.6,0.14103325
865.1,3646.3,6,0,3.1544141,1157.4,16.6,0.1408848
867.1,3646.4,2,0.1,3.1617934,1157.6,16.6,0.14073634
858.1,3647.2,-9,0.8,3.1296623,1157.9,16.6,0.14051366
861.1,3647.3,3,0.1,3.14069,1158.1,16.6,0.1403652
859,3647.6,-2.1,0.3,3.1332884,1158.3,16.6,0.14021675
864.1,3647.6,5.1,0,3.1518912,1158.6,16.6,0.13999406
860.1,3648,-4,0.4,3.1376448,1158.8,16.6,0.13984561
861.1,3648.1,1,0.1,3.1413789,1159.1,16.6,0.13962292
863.1,3648.2,2,0.1,3.1487614,1159.3,16.6,0.13947447
863.1,3648.4,0,0.2,3.148934,1159.5,16.6,0.13932601
862.1,3648.6,-1,0.2,3.1454581,1159.8,16.6,0.13910333
860.1,3648.9,-2,0.3,3.1384189,1160,16.6,0.13895487
860.1,3649,0,0.1,3.1385049,1160.3,16.6,0.13873219
858.1,3649.3,-2,0.3,3.1314643,1160.5,16.6,0.13858373
865.1,3649,7,-0.3,3.1567499,1160.7,16.6,0.13843527
863.1,3649.3,-2,0.3,3.1497108,1161,16.6,0.13821259
868.1,3649.1,5,-0.2,3.1677837,1161.2,16.6,0.13806413
865.1,3649.4,-3,0.3,3.1570959,1161.5,16.6,0.13784145
863.1,3649.6,-2,0.2,3.1499698,1161.7,16.6,0.13769299
865.1,3649.6,2,0,3.157269,1161.9,16.6,0.13754454
863.1,3649.8,-2,0.2,3.1501424,1162.2,16.6,0.13732185
857.1,3650.2,-6,0.4,3.1285864,1162.4,16.6,0.1371734
961.1,3644.8,104,-5.4,3.5030173,1162.7,16.6,0.13695071
1058,3639.6,96.9,-5.2,3.8506968,1163,16.6,0.13672803
1163.1,3633.8,105.1,-5.8,4.2264728,1163.3,16.6,0.13650534
1269.1,3627.8,106,-6,4.604041,1163.7,16.6,0.13620843
1366.1,3622,97,-5.8,4.9480142,1164,16.6,0.13598575
1468.1,3615.8,102,-6.2,5.308356,1164.4,16.6,0.13568884
1568.1,3609.5,100,-6.3,5.660057,1164.9,16.6,0.1353177
1670.1,3603,102,-6.5,6.0173703,1165.3,16.6,0.13502078
1672.1,3601.7,2,-1.3,6.0224026,1165.8,16.6,0.13464964
1671.1,3600.6,-1,-1.1,6.0169627,1166.3,16.6,0.1342785
1667.1,3599.7,-4,-0.9,6.0010599,1166.7,16.6,0.13398159
1668.2,3598.7,1.1,-1,6.0033513,1167.2,16.6,0.13361045
1670.1,3597.6,1.9,-1.1,6.0083518,1167.7,16.6,0.13323931
1671.1,3596.6,1,-1,6.0102783,1168.1,16.6,0.1329424
1666.1,3595.9,-5,-0.7,5.991129,1168.6,16.6,0.13257126
1669.1,3594.8,3,-1.1,6.0000807,1169.1,16.6,0.13220012
1674.1,3593.7,5,-1.1,6.0162132,1169.5,16.6,0.13190321
1669.1,3593.1,-5,-0.6,5.9972432,1170,16.6,0.13153207
1675.1,3591.9,6,-1.2,6.0167917,1170.4,16.6,0.13123515
1669.1,3591.4,-6,-0.5,5.9944057,1170.9,16.6,0.13086401
1665.1,3590.8,-4,-0.6,5.9790411,1171.4,16.6,0.13049287
1669.1,3589.7,4,-1.1,5.9915683,1171.8,16.6,0.13019596
1663.1,3589.3,-6,-0.4,5.9693648,1172.3,16.6,0.12982482
1670.1,3588.2,7,-1.1,5.9926528,1172.8,16.6,0.12945368
1673.1,3587.2,3,-1,6.0017443,1173.2,16.6,0.12915677
1668.1,3586.7,-5,-0.5,5.9829743,1173.7,16.6,0.12878563
1668.1,3585.9,0,-0.8,5.9816398,1174.2,16.6,0.12841449
1671.1,3585,3,-0.9,5.9908935,1174.6,16.6,0.12811758
1670.1,3584.3,-1,-0.7,5.9861394,1175.1,16.6,0.12774644
1670.1,3583.6,0,-0.7,5.9849704,1175.5,16.6,0.12744952
1669.1,3582.9,-1,-0.7,5.9802184,1176,16.6,0.12707838
1666.1,3582.3,-3,-0.6,5.96847,1176.5,16.6,0.12670724
1677.1,3581,11,-1.3,6.0056951,1176.9,16.6,0.12641033
1672.1,3580.5,-5,-0.5,5.986954,1177.4,16.6,0.12603919
1668.1,3580,-4,-0.5,5.971798,1177.9,16.6,0.12566805
1669.1,3579.3,1,-0.7,5.9742096,1178.3,16.6,0.12537114
1667.1,3578.7,-2,-0.6,5.9660508,1178.8,16.7,0.125
1666.2,3578,-0.9,-0.7,5.9616636,1179.3,16.7,0.12462886
1670.1,3577.1,3.9,-0.9,5.9741147,1179.7,16.7,0.12433195
1671.1,3576.4,1,-0.7,5.976522,1180.2,16.7,0.12396081
1639.1,3577.4,-32,1,5.8637163,1180.6,16.7,0.1236639
1616.3,3578,-22.8,0.6,5.7831214,1181.1,16.7,0.12329276
1582.2,3579.3,-34.1,1.3,5.6631685,1181.5,16.7,0.12299584
1548.2,3580.6,-34,1.3,5.5434849,1182,16.7,0.1226247
1523.1,3581.6,-25.1,1,5.455135,1182.4,16.7,0.12232779
1491.1,3582.9,-32,1.3,5.3424622,1182.8,16.7,0.12203088
1463.1,3584.1,-28,1.2,5.2438967,1183.2,16.7,0.12173397
1438.1,3585.2,-25,1.1,5.1558761,1183.6,16.7,0.12143705
1409.2,3586.5,-28.9,1.3,5.0540958,1184,16.7,0.12114014
1385.1,3587.6,-24.1,1.1,4.9691848,1184.4,16.7,0.12084323
1380.1,3587.8,-5,0.2,4.9515228,1184.8,16.7,0.12054632
1379.1,3587.6,-1,-0.2,4.9476592,1185.1,16.7,0.12032363
1378.1,3587.5,-1,-0.1,4.9439338,1185.5,16.7,0.12002672
1384.1,3587,6,-0.5,4.9647667,1185.9,16.7,0.11972981
1380.1,3587,-4,0,4.9504187,1186.3,16.7,0.1194329
1379.1,3586.8,-1,-0.2,4.9465559,1186.7,16.7,0.11913599
1382.1,3586.4,3,-0.4,4.9567634,1187.1,16.7,0.11883907
1378.1,3586.3,-4,-0.1,4.94228,1187.4,16.7,0.11861639
1373.1,3586.3,-5,0,4.9243485,1187.8,16.7,0.11831948
1379.1,3585.8,6,-0.5,4.9451768,1188.2,16.7,0.11802257
1379.1,3585.5,0,-0.3,4.944763,1188.6,16.7,0.11772565
1377.1,3585.3,-2,-0.2,4.9373166,1189,16.7,0.11742874
1381.1,3584.8,4,-0.5,4.9509673,1189.4,16.7,0.11713183
1377.1,3584.7,-4,-0.1,4.9364904,1189.7,16.7,0.11690914
1380.1,3584.2,3,-0.5,4.9465544,1190.1,16.7,0.11661223
1377.1,3584.1,-3,-0.1,4.9356641,1190.5,16.7,0.11631532
1375.1,3583.9,-2,-0.2,4.9282209,1190.9,16.7,0.11601841
1374.1,3583.6,-1,-0.3,4.9242248,1191.3,16.7,0.1157215
1377.1,3583.2,3,-0.4,4.9344247,1191.7,16.7,0.11542458
1383,3582.5,5.9,-0.7,4.9545975,1192,16.7,0.1152019
1379.1,3582.4,-3.9,-0.1,4.9404878,1192.4,16.7,0.11490499
1381.1,3582,2,-0.4,4.9471002,1192.8,16.7,0.11460808
1376.1,3581.9,-5,-0.1,4.9290526,1193.2,16.7,0.11431116
1380,3581.3,3.9,-0.6,4.942194,1193.6,16.7,0.11401425
1376.1,3581.2,-3.9,-0.1,4.9280893,1194,16.7,0.11371734
1374.1,3581,-2,-0.2,4.9206521,1194.3,16.7,0.11349466
1370.1,3580.8,-4,-0.2,4.9060541,1194.7,16.7,0.11319774
1377.1,3580.1,7,-0.7,4.9301557,1195.1,16.7,0.11290083
1824.2,3555.6,447.1,-24.5,6.4861255,1195.6,16.7,0.11252969
1825.2,3553.8,1,-1.8,6.4863958,1196.1,16.7,0.11215855
1821.2,3552.6,-4,-1.2,6.4699951,1196.6,16.7,0.11178741
1826.2,3551,5,-1.6,6.4848362,1197.1,16.7,0.11141627
1819.2,3550,-7,-1,6.45816,1197.6,16.7,0.11104513
1817.2,3548.9,-2,-1.1,6.4490611,1198.1,16.7,0.11067399
1820.2,3547.5,3,-1.4,6.4571595,1198.6,16.7,0.11030285
1825.1,3546,4.9,-1.5,6.4718046,1199.1,16.7,0.10993171
1821.2,3545.1,-3.9,-0.9,6.4563361,1199.7,16.7,0.10948634
1822.2,3543.9,1,-1.2,6.4576946,1200.2,16.7,0.1091152
1825.2,3542.6,3,-1.3,6.4659535,1200.7,16.7,0.10874406
1824.2,3541.5,-1,-1.1,6.4604043,1201.2,16.7,0.10837292
1819.2,3540.7,-5,-0.8,6.4412414,1201.7,16.7,0.10800178
1824.2,3539.3,5,-1.4,6.4563911,1202.2,16.7,0.10763064
1823.2,3538.3,-1,-1,6.4510286,1202.7,16.7,0.1072595
1821.2,3537.3,-2,-1,6.4421308,1203.2,16.7,0.10688836
1820.2,3536.3,-1,-1,6.4367733,1203.7,16.7,0.10651722
1825.2,3534.9,5,-1.4,6.4518995,1204.2,16.7,0.10614608
1820.1,3534.2,-5.1,-0.7,6.4325974,1204.7,16.7,0.10577494
1824.2,3532.9,4.1,-1.3,6.4447162,1205.2,16.7,0.1054038
1822.2,3531.9,-2,-1,6.4358282,1205.7,16.7,0.10503266
1823.2,3530.8,1,-1.1,6.4373546,1206.2,16.7,0.10466152
1814.2,3530.2,-9,-0.6,6.4044888,1206.7,16.7,0.10429038
1822.2,3528.8,8,-1.4,6.4301794,1207.2,16.7,0.10391924
1822.2,3527.7,0,-1.1,6.4281749,1207.8,16.7,0.10347387
1823.2,3526.6,1,-1.1,6.4296971,1208.3,16.7,0.10310273
1824.2,3525.5,1,-1.1,6.4312171,1208.8,16.7,0.10273159
1820.2,3524.6,-4,-0.9,6.4154769,1209.3,16.7,0.10236045
1823.2,3523.4,3,-1.2,6.4238629,1209.8,16.7,0.10198931
1823.2,3522.4,0,-1,6.4220397,1210.3,16.7,0.10161817
1725.2,3526.8,-98,4.4,6.0844354,1210.8,16.7,0.10124703
1627.1,3531.6,-98.1,4.8,5.7462664,1211.2,16.7,0.10095012
1527.1,3536.8,-100,5.2,5.4010473,1211.6,16.8,0.10065321
1427.1,3542.2,-100,5.4,5.0550736,1212,16.8,0.10035629
1327.2,3548,-99.9,5.8,4.7089056,1212.4,16.8,0.10005938
1225.1,3554,-102.1,6,4.3540054,1212.7,16.8,0.099836698
1127.1,3560,-98,6,4.012476,1213.1,16.8,0.099539786
1027.1,3566.3,-100,6.3,3.6629467,1213.3,16.8,0.09939133
930.1,3572.6,-97,6.3,3.3228753,1213.6,16.8,0.099168646
934.1,3573.6,4,1,3.3380998,1213.9,16.8,0.098945962
929.1,3574.8,-5,1.2,3.3213467,1214.1,16.8,0.098797506
929.1,3575.6,0,0.8,3.32209,1214.4,16.8,0.098574822
934.1,3576.1,5,0.5,3.340435,1214.6,16.8,0.098426366
931.1,3576.9,-3,0.8,3.3304516,1214.9,16.8,0.098203682
927.1,3577.8,-4,0.9,3.3169784,1215.2,16.8,0.097980998
929.1,3578.2,2,0.4,3.3245056,1215.4,16.8,0.097832542
933.1,3578.6,4,0.4,3.3391917,1215.7,16.8,0.097609857
924.1,3579.5,-9,0.9,3.307816,1215.9,16.8,0.097461401
925.1,3580,1,0.5,3.311858,1216.2,16.8,0.097238717
920,3580.7,-5.1,0.7,3.294244,1216.4,16.8,0.097090261
915,3581.4,-5,0.7,3.276981,1216.7,16.8,0.096867577
900.2,3582.6,-14.8,1.2,3.2250565,1216.9,16.8,0.096719121
899.1,3583.1,-1.1,0.5,3.2215652,1217.2,16.8,0.096496437
885.2,3584.3,-13.9,1.2,3.1728224,1217.4,16.8,0.096347981
880.1,3584.9,-5.1,0.6,3.1550705,1217.7,16.8,0.096125297
867.1,3586.1,-13,1.2,3.1095073,1217.9,16.8,0.095976841
860,3586.9,-7.1,0.8,3.084734,1218.2,16.8,0.095754157
860.1,3587.3,0.1,0.4,3.0854367,1218.4,16.8,0.095605701
861.1,3587.6,1,0.3,3.0892824,1218.6,16.8,0.095457245
856.1,3588.2,-5,0.6,3.071858,1218.9,16.8,0.095234561
858,3588.5,1.9,0.3,3.078933,1219.1,16.8,0.095086105
855,3588.9,-3,0.4,3.0685095,1219.4,16.8,0.09486342
864.1,3588.7,9.1,-0.2,3.1009957,1219.6,16.8,0.094714964
859.1,3589.2,-5,0.5,3.0834817,1219.8,16.8,0.094566508
860,3589.4,0.9,0.2,3.086884,1220.1,16.8,0.094343824
804.9,3592.7,-55.1,3.3,2.8917642,1220.3,16.8,0.094195368
748.1,3596.2,-56.8,3.5,2.6903172,1220.5,16.8,0.094046912
689.1,3599.9,-59,3.7,2.4806911,1220.7,16.8,0.093898456
638.1,3603.3,-51,3.4,2.2992657,1220.9,16.8,0.09375
584.1,3607,-54,3.7,2.1068487,1221,16.8,0.093675772
523.1,3611.2,-61,4.2,1.8890187,1221.2,16.8,0.093527316
472.1,3614.9,-51,3.7,1.7065943,1221.3,16.8,0.093453088
413.1,3619.1,-59,4.2,1.4950502,1221.4,16.8,0.09337886
362.1,3623,-51,3.9,1.3118883,1221.5,16.8,0.093304632
307.1,3627.2,-55,4.2,1.1139131,1221.6,16.8,0.093230404
251.1,3631.4,-56,4.2,0.91184454,1221.7,16.8,0.093156176
203.1,3635.3,-48,3.9,0.73832943,1221.7,16.8,0.093156176
147.2,3639.7,-55.9,4.4,0.53576384,1221.8,16.8,0.093081948
146.1,3641.2,-1.1,1.5,0.53197932,1221.8,16.8,0.093081948
139.2,3642.9,-6.9,1.7,0.50709168,1221.9,16.8,0.09300772
145.1,3643.8,5.9,0.9,0.52871538,1221.9,16.8,0.09300772
142.1,3645.2,-3,1.4,0.51798292,1221.9,16.8,0.09300772
143.1,3646.3,1,1.1,0.52178553,1222,16.8,0.092933492
134.2,3647.9,-8.9,1.6,0.48954818,1222,16.8,0.092933492
134.1,3649.1,-0.1,1.2,0.48934431,1222.1,16.8,0.092859264
498.1,3630.7,364,-18.4,1.8084517,1222.2,16.8,0.092785036
849,3612,350.9,-18.7,3.066588,1222.4,16.8,0.09263658
1199.1,3592.2,350.1,-19.8,4.307407,1222.8,16.8,0.092339667
1550.1,3571.5,351,-20.7,5.5361822,1223.2,16.8,0.092042755
1898.1,3550.1,348,-21.4,6.7384448,1223.7,16.8,0.091671615
1896.1,3546.7,-2,-3.4,6.7248979,1224.2,16.8,0.091300475
1902.1,3543.3,6,-3.4,6.7397109,1224.8,16.8,0.090855107
1906.1,3540.3,4,-3,6.7481658,1225.3,16.8,0.090483967
1902.2,3537.8,-3.9,-2.5,6.7296032,1225.8,16.8,0.090112827
1895.2,3535.6,-7,-2.2,6.7006691,1226.4,16.8,0.089667458
1900.2,3532.8,5,-2.8,6.7130266,1226.9,16.8,0.089296318
1899.2,3530.5,-1,-2.3,6.7051256,1227.4,16.8,0.088925178
1906.2,3527.7,7,-2.8,6.7245017,1227.9,16.8,0.088554038
1903.1,3525.5,-3.1,-2.2,6.709379,1228.5,16.8,0.08810867
1899.2,3523.5,-3.9,-2,6.6918312,1229,16.8,0.08773753
1908.2,3520.8,9,-2.7,6.7183906,1229.5,16.8,0.08736639
1902.2,3518.9,-6,-1.9,6.6936516,1230.1,16.8,0.086921021
1906.2,3516.5,4,-2.4,6.7031523,1230.6,16.8,0.086549881
1902.2,3514.5,-4,-2,6.6852819,1231.1,16.8,0.086178741
1900.2,3512.5,-2,-2,6.6744525,1231.6,16.8,0.085807601
1899.2,3510.4,-1,-2.1,6.6669517,1232.2,16.8,0.085362233
1901.2,3508.2,2,-2.2,6.6697898,1232.7,16.8,0.084991093
1723.2,3516.2,-178,8,6.0591158,1233.2,16.8,0.084619952
1544.2,3524.9,-179,8.7,5.4431506,1233.6,16.8,0.08432304
1371.1,3533.9,-173.1,9,4.8453303,1234,16.8,0.084026128
1197.1,3543.5,-174,9.6,4.2419239,1234.3,16.8,0.083803444
1024.1,3553.4,-173,9.9,3.6390369,1234.6,16.8,0.08358076
1025.1,3554,1,0.6,3.6432054,1234.9,16.8,0.083358076
1019,3554.7,-6.1,0.7,3.6222393,1235.2,16.8,0.083135392
1025,3554.7,6,0,3.6435675,1235.5,16.8,0.082912708
1020,3555.2,-5,0.5,3.626304,1235.7,16.8,0.082764252
1021,3555.3,1,0.1,3.6299613,1236,16.8,0.082541568
1173.9,3546.8,152.9,-8.5,4.1635885,1236.3,16.8,0.082318884
1326.1,3537.8,152.2,-9,4.6914766,1236.7,16.8,0.082021971
1469,3528.7,142.9,-9.1,5.1836603,1237.1,16.8,0.081725059
1624.1,3518.4,155.1,-10.3,5.7142334,1237.6,16.8,0.081353919
1625.1,3516.3,1,-2.1,5.7143391,1238,16.8,0.081057007
1626.2,3514.5,1.1,-1.8,5.7152799,1238.5,16.8,0.080685867
1621.2,3513,-5,-1.5,5.6952756,1238.9,16.8,0.080388955
1620.1,3511.4,-1.1,-1.6,5.6888191,1239.4,16.8,0.080017815
1619.1,3509.9,-1,-1.5,5.6828791,1239.8,16.8,0.079720903
1626.1,3507.8,7,-2.1,5.7040336,1240.3,16.8,0.079349762
1624.1,3506.3,-2,-1.5,5.6945818,1240.7,16.8,0.07905285
1623.1,3504.8,-1,-1.5,5.6886409,1241.2,16.8,0.07868171
1618.1,3503.6,-5,-1.2,5.6691752,1241.6,16.8,0.078384798
1625.1,3501.6,7,-2,5.6904502,1242.1,16.8,0.078013658
1628.1,3499.9,3,-1.7,5.6981872,1242.5,16.8,0.077716746
1626.1,3498.5,-2,-1.4,5.6889109,1243,16.8,0.077345606
1624.2,3497,-1.9,-1.5,5.6798274,1243.4,16.8,0.077048694
1623.1,3495.6,-1.1,-1.4,5.6737084,1243.9,16.8,0.076677553
1621.1,3494.1,-2,-1.5,5.6642855,1244.3,16.8,0.076380641
1624.1,3492.5,3,-1.6,5.6721693,1244.8,16.8,0.076009501
1626.1,3490.8,2,-1.7,5.6763899,1245.2,16.8,0.075712589
1623.1,3489.5,-3,-1.3,5.6638075,1245.7,16.8,0.075341449
1622.1,3488,-1,-1.5,5.6578848,1246.1,16.8,0.075044537
1627.1,3486.2,5,-1.8,5.672396,1246.6,16.8,0.074673397
1621.1,3484.9,-6,-1.3,5.6493714,1247,16.8,0.074376485
1468.3,3492.4,-152.8,7.5,5.1278909,1247.5,16.8,0.074005344
1306.1,3501.1,-162.2,8.7,4.5727867,1247.8,16.8,0.07378266
1149.3,3510.1,-156.8,9,4.0341579,1248.1,16.8,0.073559976
988.1,3519.9,-161.2,9.8,3.4780132,1248.4,16.8,0.073337292
835.1,3529.7,-153,9.8,2.9476525,1248.6,16.8,0.073188836
674.1,3540.2,-161,10.5,2.3864488,1248.8,16.8,0.07304038
513.1,3551.1,-161,10.9,1.8220694,1249,16.8,0.072891924
353.1,3562.3,-160,11.2,1.2578481,1249.1,16.8,0.072817696
192.1,3573.8,-161,11.5,0.68652698,1249.1,16.8,0.072817696
34,3585.3,-158.1,11.5,0.1219002,1249.1,16.8,0.072817696
38,3588.1,4,2.8,0.1363478,1249.1,16.8,0.072817696
34,3590.8,-4,2.7,0.1220872,1249.2,16.8,0.072743468
38,3593,4,2.2,0.136534,1249.2,16.8,0.072743468
38,3595.2,0,2.2,0.1366176,1249.2,16.8,0.072743468
31,3597.7,-7,2.5,0.1115287,1249.2,16.8,0.072743468
35,3599.4,4,1.7,0.125979,1249.2,16.9,0.072743468
34,3601.4,-1,2,0.1224476,1249.2,16.9,0.072743468
34,3603.1,0,1.7,0.1225054,1249.2,16.9,0.072743468
33,3604.9,-1,1.8,0.1189617,1249.2,16.9,0.072743468
29,3606.8,-4,1.9,0.1045972,1249.2,16.9,0.072743468
30,3608.4,1,1.6,0.108252,1249.2,16.9,0.072743468
34,3609.7,4,1.3,0.1227298,1249.2,16.9,0.072743468
30,3611.4,-4,1.7,0.108342,1249.3,16.9,0.07266924
37,3612.4,7,1,0.1336588,1249.3,16.9,0.07266924
33,3614,-4,1.6,0.119262,1249.3,16.9,0.07266924
34,3615.3,1,1.3,0.1229202,1249.3,16.9,0.07266924
40,3616.3,6,1,0.144652,1249.3,16.9,0.07266924
311.1,3602.7,271.1,-13.6,1.1208,1249.4,16.9,0.072595012
590,3587.7,278.9,-15,2.116743,1249.5,16.9,0.072520784
862.1,3572.2,272.1,-15.5,3.0795936,1249.8,16.9,0.0722981
1146.1,3555.1,284,-17.1,4.0745001,1250.1,16.8,0.072075416
1139.1,3553.4,-7,-1.7,4.0476779,1250.4,16.8,0.071852732
1141.1,3551.5,2,-1.9,4.0526167,1250.7,16.8,0.071630048
1146.1,3549.5,5,-2,4.0680819,1251.1,16.8,0.071333135
1142.1,3548.2,-4,-1.3,4.0523992,1251.4,16.8,0.071110451
1146.1,3546.5,4,-1.7,4.0646436,1251.7,16.8,0.070887767
1106.1,3547.4,-40,0.9,3.9237791,1252,16.8,0.070665083
1055.1,3549,-51,1.6,3.7445499,1252.3,16.8,0.070442399
1017.1,3550.2,-38,1.2,3.6109084,1252.6,16.8,0.070219715
974.1,3551.8,-43,1.6,3.4598084,1252.8,16.8,0.070071259
929.1,3553.6,-45,1.8,3.3016498,1253.1,16.8,0.069848575
882.1,3555.7,-47,2.1,3.136483,1253.3,16.8,0.069700119
843.1,3557.5,-39,1.8,2.9993283,1253.6,16.8,0.069477435
797.1,3559.8,-46,2.3,2.8375166,1253.8,16.8,0.069328979
758.1,3561.8,-39,2,2.7002006,1254,16.8,0.069180523
754.1,3562,-4,0.2,2.6861042,1254.2,16.8,0.069032067
754.1,3561.9,0,-0.1,2.6860288,1254.4,16.8,0.06888361
756.1,3561.6,2,-0.3,2.6929258,1254.6,16.8,0.068735154
756.1,3561.5,0,-0.1,2.6928501,1254.9,16.8,0.06851247
755.1,3561.3,-1,-0.2,2.6891376,1255.1,16.8,0.068364014
759.1,3560.9,4,-0.4,2.7030792,1255.3,16.8,0.068215558
763.1,3560.5,4,-0.4,2.7170176,1255.5,16.8,0.068067102
753.1,3560.7,-10,0.2,2.6815632,1255.7,16.8,0.067918646
750.1,3560.7,-3,0,2.6708811,1255.9,16.8,0.06777019
756.1,3560.2,6,-0.5,2.6918672,1256.1,16.8,0.067621734
756,3559.9,-0.1,-0.3,2.6912844,1256.3,16.8,0.067473278
748.1,3560.1,-7.9,0.2,2.6633108,1256.5,16.8,0.067324822
757.1,3559.3,9,-0.8,2.694746,1256.7,16.8,0.067176366
757.1,3559.1,0,-0.2,2.6945946,1257,16.8,0.066953682
753,3559,-4.1,-0.1,2.679927,1257.2,16.8,0.066805226
754.1,3558.7,1.1,-0.3,2.6836157,1257.4,16.8,0.06665677
756.1,3558.3,2,-0.4,2.6904306,1257.6,16.8,0.066508314
752.1,3558.3,-4,0,2.6761974,1257.8,16.8,0.066359857
754.1,3557.9,2,-0.4,2.6830124,1258,16.8,0.066211401
757.1,3557.4,3,-0.5,2.6933075,1258.2,16.8,0.066062945
751,3557.5,-6.1,0.1,2.6716825,1258.4,16.8,0.065914489
750.1,3557.2,-0.9,-0.3,2.6682557,1258.6,16.8,0.065766033
758,3556.5,7.9,-0.7,2.695827,1258.8,16.8,0.065617577
758.1,3556.2,0.1,-0.3,2.6959552,1259,16.8,0.065469121
755.1,3556,-3,-0.2,2.6851356,1259.3,16.8,0.065246437
755,3555.7,-0.1,-0.3,2.6845535,1259.5,16.8,0.065097981
754.1,3555.4,-0.9,-0.3,2.6811271,1259.7,16.8,0.064949525
940.1,3544.6,186,-10.8,3.3322785,1259.9,16.8,0.064801069
1123.9,3533.1,183.8,-11.5,3.9708511,1260.2,16.8,0.064578385
1305.1,3521,181.2,-12.1,4.5952571,1260.6,16.8,0.064281473
1302.1,3518.9,-3,-2.1,4.5819597,1261,16.8,0.063984561
1305.1,3516.6,3,-2.3,4.5895147,1261.3,16.8,0.063761876
1298.1,3515.1,-7,-1.5,4.5629513,1261.7,16.8,0.063464964
1300.1,3513.1,2,-2,4.5673813,1262.1,16.8,0.063168052
1304.1,3511,4,-2.1,4.5786951,1262.4,16.8,0.062945368
1297.1,3509.6,-7,-1.4,4.5523022,1262.8,16.8,0.062648456
1307.1,3507.3,10,-2.3,4.5843918,1263.1,16.8,0.062425772
1306,3505.5,-1.1,-1.8,4.578183,1263.5,16.8,0.06212886
1304.1,3503.9,-1.9,-1.6,4.569436,1263.9,16.8,0.061831948
1302.1,3502.3,-2,-1.6,4.5603448,1264.2,16.8,0.061609264
1303.1,3500.6,1,-1.7,4.5616319,1264.6,16.8,0.061312352
1302.1,3499,-1,-1.6,4.5560479,1265,16.8,0.061015439
1305.1,3497.1,3,-1.9,4.5640652,1265.3,16.8,0.060792755
1310.1,3495.1,5,-2,4.5789305,1265.7,16.8,0.060495843
1304.1,3493.8,-6,-1.3,4.5562646,1266,16.8,0.060273159
1301.1,3492.3,-3,-1.5,4.5438315,1266.4,16.8,0.059976247
1305.1,3490.4,4,-1.9,4.555321,1266.8,16.8,0.059679335
1298.1,3489.2,-7,-1.2,4.5293305,1267.1,16.8,0.059456651
1302.1,3487.4,4,-1.8,4.5409435,1267.5,16.8,0.059159739
1301.1,3485.8,-1,-1.6,4.5353744,1267.8,16.8,0.058937055
1298.1,3484.3,-3,-1.5,4.5229698,1268.2,16.8,0.058640143
1303.1,3482.4,5,-1.9,4.5379154,1268.6,16.8,0.05834323
1280.2,3482.2,-22.9,-0.2,4.4579124,1268.9,16.8,0.058120546
1265.1,3481.5,-15.1,-0.7,4.4044456,1269.3,16.8,0.057823634
1246.2,3481.2,-18.9,-0.3,4.3382714,1269.6,16.8,0.05760095
1223.1,3481.2,-23.1,0,4.2578557,1270,16.8,0.057304038
1200.2,3481.3,-22.9,0.1,4.1782563,1270.3,16.8,0.057081354
1183.1,3481.1,-17.1,-0.2,4.1184894,1270.6,16.8,0.05685867
1161.1,3481.2,-22,0.1,4.0420213,1270.9,16.8,0.056635986
1149.1,3480.9,-12,-0.3,3.9999022,1271.3,16.8,0.056339074
1123.1,3481.3,-26,0.4,3.909848,1271.6,16.8,0.05611639
1125.1,3480.3,2,-1,3.9156855,1271.9,16.8,0.055893705
1119.1,3479.6,-6,-0.7,3.8940204,1272.2,16.8,0.055671021
1125.1,3478.2,6,-1.4,3.9133228,1272.5,16.8,0.055448337
1126.1,3477,1,-1.2,3.9154497,1272.8,16.8,0.055225653
1123.1,3476,-3,-1,3.9038956,1273.1,16.8,0.055002969
1123.1,3474.9,0,-1.1,3.9026602,1273.5,16.8,0.054706057
1121.1,3473.9,-2,-1,3.8945893,1273.8,16.8,0.054483373
1124.1,3472.6,3,-1.3,3.9035497,1274.1,16.8,0.054260689
1123.1,3471.5,-1,-1.1,3.8988416,1274.4,16.8,0.054038005
1124.1,3470.3,1,-1.2,3.9009642,1274.7,16.8,0.053815321
1126.1,3469,2,-1.3,3.9064409,1275,16.8,0.053592637
1126.1,3467.8,0,-1.2,3.9050896,1275.3,16.8,0.053369952
1127.1,3466.6,1,-1.2,3.9072049,1275.6,16.8,0.053147268
1125.1,3465.4,-2,-1.2,3.8989215,1276,16.8,0.052850356
1125.1,3464.2,0,-1.2,3.8975714,1276.3,16.8,0.052627672
1126.1,3462.9,1,-1.3,3.8995717,1276.6,16.8,0.052404988
1123.1,3461.8,-3,-1.1,3.8879476,1276.9,16.8,0.052182304
1119.1,3460.9,-4,-0.9,3.8730932,1277.2,16.8,0.05195962
1118.1,3459.7,-1,-1.2,3.8682906,1277.5,16.8,0.051736936
1128.1,3457.8,10,-1.9,3.9007442,1277.8,16.8,0.051514252
1434.1,3437.4,306,-20.4,4.9295753,1278.2,16.8,0.05121734
1749.1,3414.3,315,-23.1,5.9719521,1278.7,16.8,0.0508462
2071.1,3388.5,322,-25.8,7.0179224,1279.3,16.8,0.050400831
2073.3,3381.4,2.2,-7.1,7.0106566,1279.9,16.8,0.049955463
2070.3,3375.4,-3,-6,6.9880906,1280.4,16.8,0.049584323
2069.3,3369.4,-1,-6,6.9722994,1281,16.8,0.049138955
2074.2,3363.3,4.9,-6.1,6.9761569,1281.6,16.8,0.048693587
2075.2,3357.4,1,-5.9,6.9672765,1282.2,16.8,0.048248219
2073.2,3351.8,-2,-5.6,6.9489518,1282.7,16.8,0.047877078
2071.2,3346.1,-2,-5.7,6.9304423,1283.3,16.8,0.04743171
2076.2,3340.1,5,-6,6.9347156,1283.9,16.8,0.046986342
2070.2,3334.8,-6,-5.3,6.903703,1284.5,16.8,0.046540974
2069.2,3329.2,-1,-5.6,6.8887806,1285,16.8,0.046169834
2070.2,3323.3,1,-5.9,6.8798957,1285.6,16.8,0.045724466
2073.2,3317.4,3,-5.9,6.8776337,1286.2,16.8,0.045279097
2073.3,3311.5,0.1,-5.9,6.865733,1286.8,16.8,0.044833729
2073.2,3305.6,-0.1,-5.9,6.8531699,1287.3,16.8,0.044462589
2072.2,3301.6,-1,-4,6.8415755,1287.7,16.8,0.044165677
749.2,3435.1,-1323,133.5,2.5735769,1287.7,16.9,0.044165677
749.9,3429.8,0.7,-5.3,2.572007,1287.9,16.9,0.044017221
750,3428.4,0.1,-1.4,2.5713,1288.1,16.9,0.043868765
750,3427.8,0,-0.6,2.57085,1288.3,16.9,0.043720309
750,3427.6,0,-0.2,2.5707,1288.5,16.9,0.043571853
750.1,3427.4,0.1,-0.2,2.5708927,1288.7,16.9,0.043423397
750.1,3427.2,0,-0.2,2.5707427,1288.9,16.9,0.043274941
750.1,3427.1,0,-0.1,2.5706677,1289.2,16.9,0.043052257
750.1,3427,0,-0.1,2.5705927,1289.4,16.9,0.0429038
750.1,3426.9,0,-0.1,2.5705177,1289.6,16.9,0.042755344
750.1,3426.7,0,-0.2,2.5703677,1289.8,16.9,0.042606888
750.1,3426.6,0,-0.1,2.5702927,1290,16.9,0.042458432
750.1,3426.4,0,-0.2,2.5701426,1290.2,16.9,0.042309976
750.1,3426.2,0,-0.2,2.5699926,1290.4,16.9,0.04216152
750.1,3426,0,-0.2,2.5698426,1290.6,16.9,0.042013064
750.1,3425.7,0,-0.3,2.5696176,1290.8,16.9,0.041864608
750.1,3425.4,0,-0.3,2.5693925,1291,16.9,0.041716152
750.1,3425.1,0,-0.3,2.5691675,1291.2,16.9,0.041567696
750.1,3424.8,0,-0.3,2.5689425,1291.5,16.9,0.041345012
750.1,3424.5,0,-0.3,2.5687174,1291.7,16.9,0.041196556
750.1,3424.1,0,-0.4,2.5684174,1291.9,16.9,0.0410481
750.1,3423.7,0,-0.4,2.5681174,1292.1,16.9,0.040899644
750.1,3423.3,0,-0.4,2.5678173,1292.3,16.9,0.040751188
750.1,3422.9,0,-0.4,2.5675173,1292.5,16.9,0.040602732
750.1,3422.5,0,-0.4,2.5672172,1292.7,16.9,0.040454276
750.1,3422,0,-0.5,2.5668422,1292.9,16.9,0.040305819
750.1,3421.5,0,-0.5,2.5664671,1293.1,16.9,0.040157363
750.1,3421,0,-0.5,2.5660921,1293.3,16.9,0.040008907
750.1,3420.5,0,-0.5,2.565717,1293.5,16.9,0.039860451
750.1,3420,0,-0.5,2.565342,1293.7,16.9,0.039711995
750.1,3419.5,0,-0.5,2.564967,1294,16.9,0.039489311
750.1,3418.9,0,-0.6,2.5645169,1294.2,16.9,0.039340855
750.1,3418.4,0,-0.5,2.5641418,1294.4,16.9,0.039192399
750.1,3417.7,0,-0.7,2.5636168,1294.6,16.9,0.039043943
750.1,3417.2,0,-0.5,2.5632417,1294.8,16.9,0.038895487
750.1,3416.6,0,-0.6,2.5627917,1295,16.9,0.038747031
750.1,3416,0,-0.6,2.5623416,1295.2,16.9,0.038598575
750.1,3415.3,0,-0.7,2.5618165,1295.4,16.9,0.038450119
750.1,3414.7,0,-0.6,2.5613665,1295.6,16.9,0.038301663
750.1,3414,0,-0.7,2.5608414,1295.8,16.9,0.038153207
750.1,3413.3,0,-0.7,2.5603163,1296,16.9,0.038004751
750.1,3412.6,0,-0.7,2.5597913,1296.2,16.9,0.037856295
750.1,3412,0,-0.6,2.5593412,1296.5,16.9,0.03763361
750.1,3411.2,0,-0.8,2.5587411,1296.7,16.9,0.037485154
750.1,3410.5,0,-0.7,2.558216,1296.9,16.9,0.037336698
750.1,3409.8,0,-0.7,2.557691,1297.1,16.9,0.037188242
750.1,3409,0,-0.8,2.5570909,1297.3,16.9,0.037039786
750.1,3408.2,0,-0.8,2.5564908,1297.5,16.9,0.03689133
750.1,3407.5,0,-0.7,2.5559657,1297.7,16.9,0.036742874
750.1,3406.7,0,-0.8,2.5553657,1297.9,16.9,0.036594418
750.1,3405.9,0,-0.8,2.5547656,1298.1,16.9,0.036445962
750.1,3405.1,0,-0.8,2.5541655,1298.3,16.9,0.036297506
750.1,3404.3,0,-0.8,2.5535654,1298.5,16.9,0.03614905
750.1,3403.5,0,-0.8,2.5529654,1298.7,16.9,0.036000594
750.1,3402.7,0,-0.8,2.5523653,1299,16.9,0.03577791
750.1,3401.8,0,-0.9,2.5516902,1299.2,16.9,0.035629454
750.1,3400.9,0,-0.9,2.5510151,1299.4,16.9,0.035480998
750.1,3400.1,0,-0.8,2.550415,1299.6,16.9,0.035332542
750.1,3399.2,0,-0.9,2.5497399,1299.8,16.9,0.035184086
750.1,3398.3,0,-0.9,2.5490648,1300,16.9,0.035035629
750.1,3397.4,0,-0.9,2.5483897,1300.2,16.9,0.034887173
750.1,3396.5,0,-0.9,2.5477147,1300.4,16.9,0.034738717
750.1,3395.6,0,-0.9,2.5470396,1300.6,16.9,0.034590261
750.1,3394.7,0,-0.9,2.5463645,1300.8,16.9,0.034441805
750.1,3393.7,0,-1,2.5456144,1301,16.9,0.034293349
750.1,3392.8,0,-0.9,2.5449393,1301.2,16.9,0.034144893
750.1,3391.9,0,-0.9,2.5442642,1301.5,16.9,0.033922209
750.1,3390.9,0,-1,2.5435141,1301.7,16.9,0.033773753
750.1,3389.9,0,-1,2.542764,1301.9,16.9,0.033625297
750.1,3388.9,0,-1,2.5420139,1302.1,16.9,0.033476841
750.1,3387.9,0,-1,2.5412638,1302.3,16.9,0.033328385
750.1,3386.9,0,-1,2.5405137,1302.5,16.9,0.033179929
750.1,3385.9,0,-1,2.5397636,1302.7,16.9,0.033031473
750.1,3384.9,0,-1,2.5390135,1302.9,16.9,0.032883017
750.1,3383.8,0,-1.1,2.5381884,1303.1,16.9,0.032734561
750.1,3382.8,0,-1,2.5374383,1303.3,16.9,0.032586105
750.1,3381.8,0,-1,2.5366882,1303.5,16.9,0.032437648
750.1,3380.7,0,-1.1,2.5358631,1303.7,16.9,0.032289192
750.1,3379.6,0,-1.1,2.535038,1304,16.9,0.032066508
750.1,3378.5,0,-1.1,2.5342128,1304.2,16.9,0.031918052
750.1,3377.4,0,-1.1,2.5333877,1304.4,16.9,0.031769596
750.1,3376.4,0,-1,2.5326376,1304.6,16.9,0.03162114
750.1,3375.3,0,-1.1,2.5318125,1304.8,16.9,0.031472684
750.1,3374.2,0,-1.1,2.5309874,1305,16.9,0.031324228
750.1,3373,0,-1.2,2.5300873,1305.2,16.9,0.031175772
750.1,3371.9,0,-1.1,2.5292622,1305.4,16.9,0.031027316
750.1,3370.7,0,-1.2,2.5283621,1305.6,16.9,0.03087886
750.1,3369.5,0,-1.2,2.5274619,1305.8,16.9,0.030730404
750.1,3368.4,0,-1.1,2.5266368,1306,16.9,0.030581948
750.1,3367.2,0,-1.2,2.5257367,1306.2,16.9,0.030433492
750.1,3366,0,-1.2,2.5248366,1306.5,16.9,0.030210808
750.1,3364.8,0,-1.2,2.5239365,1306.7,16.9,0.030062352
750.1,3363.7,0,-1.1,2.5231114,1306.9,16.9,0.029913895
750.1,3362.4,0,-1.3,2.5221362,1307.1,16.9,0.029765439
750.1,3361.2,0,-1.2,2.5212361,1307.3,16.9,0.029616983
750.1,3360,0,-1.2,2.520336,1307.5,16.9,0.029468527
750.1,3358.8,0,-1.2,2.5194359,1307.7,16.9,0.029320071
750.1,3357.5,0,-1.3,2.5184608,1307.9,16.9,0.029171615
750.1,3356.2,0,-1.3,2.5174856,1308.1,16.9,0.029023159
750.1,3355,0,-1.2,2.5165855,1308.3,16.9,0.028874703
750.1,3353.7,0,-1.3,2.5156104,1308.5,16.9,0.028726247
750.1,3352.4,0,-1.3,2.5146352,1308.7,16.9,0.028577791
750.1,3351.1,0,-1.3,2.5136601,1309,16.9,0.028355107
750.1,3349.8,0,-1.3,2.512685,1309.2,16.9,0.028206651
750.1,3348.5,0,-1.3,2.5117098,1309.4,16.9,0.028058195
750.1,3347.1,0,-1.4,2.5106597,1309.6,16.9,0.027909739
750.1,3345.8,0,-1.3,2.5096846,1309.8,16.9,0.027761283
750.1,3344.4,0,-1.4,2.5086344,1310,16.9,0.027612827
750.1,3343.1,0,-1.3,2.5076593,1310.2,16.9,0.027464371
750.1,3341.7,0,-1.4,2.5066092,1310.4,16.9,0.027315914
750.1,3340.3,0,-1.4,2.505559,1310.6,16.9,0.027167458
750.1,3338.9,0,-1.4,2.5045089,1310.8,16.9,0.027019002
750.1,3337.5,0,-1.4,2.5034588,1311,16.9,0.026870546
750.1,3336.1,0,-1.4,2.5024086,1311.2,16.9,0.02672209
750.1,3334.7,0,-1.4,2.5013585,1311.5,16.9,0.026499406
750.1,3333.3,0,-1.4,2.5003083,1311.7,16.9,0.02635095
750.1,3331.8,0,-1.5,2.4991832,1311.9,16.9,0.026202494
750.1,3330.3,0,-1.5,2.498058,1312.1,16.9,0.026054038
750.1,3328.9,0,-1.4,2.4970079,1312.3,16.9,0.025905582
750.1,3327.4,0,-1.5,2.4958827,1312.5,16.9,0.025757126
750.1,3325.9,0,-1.5,2.4947576,1312.7,16.9,0.02560867
750.1,3324.4,0,-1.5,2.4936324,1312.9,16.9,0.025460214
750.1,3322.9,0,-1.5,2.4925073,1313.1,16.9,0.025311758
750.1,3321.4,0,-1.5,2.4913821,1313.3,16.9,0.025163302
750.1,3319.9,0,-1.5,2.490257,1313.5,16.9,0.025014846
750.1,3318.3,0,-1.6,2.4890568,1313.7,16.9,0.02486639
750.1,3316.8,0,-1.5,2.4879317,1314,16.9,0.024643705
750.1,3315.2,0,-1.6,2.4867315,1314.2,16.9,0.024495249
750.1,3313.7,0,-1.5,2.4856064,1314.4,16.9,0.024346793
750.1,3312.1,0,-1.6,2.4844062,1314.6,16.9,0.024198337
750.1,3310.4,0,-1.7,2.483131,1314.8,16.9,0.024049881
750.1,3308.8,0,-1.6,2.4819309,1315,16.9,0.023901425
750.1,3307.2,0,-1.6,2.4807307,1315.2,16.9,0.023752969
750.1,3305.6,0,-1.6,2.4795306,1315.4,16.9,0.023604513
750.1,3303.9,0,-1.7,2.4782554,1315.6,16.9,0.023456057
750.1,3302.3,0,-1.6,2.4770552,1315.8,16.9,0.023307601
750.1,3300.6,0,-1.7,2.4757801,1316,16.9,0.023159145
750.1,3298.9,0,-1.7,2.4745049,1316.2,16.9,0.023010689
750.1,3297.2,0,-1.7,2.4732297,1316.5,16.9,0.022788005
750.1,3295.5,0,-1.7,2.4719545,1316.7,16.9,0.022639549
750.1,3293.8,0,-1.7,2.4706794,1316.9,16.9,0.022491093
750.1,3292.1,0,-1.7,2.4694042,1317.1,16.9,0.022342637
750.1,3290.3,0,-1.8,2.468054,1317.3,16.9,0.022194181
750.1,3288.5,0,-1.8,2.4667039,1317.5,16.9,0.022045724
750.1,3286.8,0,-1.7,2.4654287,1317.7,16.9,0.021897268
750.1,3285,0,-1.8,2.4640785,1317.9,16.9,0.021748812
750.1,3283.2,0,-1.8,2.4627283,1318.1,16.9,0.021600356
750.1,3281.4,0,-1.8,2.4613781,1318.3,16.9,0.0214519
750.1,3279.5,0,-1.9,2.4599529,1318.5,16.9,0.021303444
750.1,3277.7,0,-1.8,2.4586028,1318.7,16.9,0.021154988
750.1,3275.8,0,-1.9,2.4571776,1319,16.9,0.020932304
750.1,3274,0,-1.8,2.4558274,1319.2,16.9,0.020783848
750.1,3272.1,0,-1.9,2.4544022,1319.4,16.9,0.020635392
750.1,3270.2,0,-1.9,2.452977,1319.6,16.9,0.020486936
750.1,3268.3,0,-1.9,2.4515518,1319.8,16.9,0.02033848
750.1,3266.4,0,-1.9,2.4501266,1320,16.9,0.020190024
750.1,3264.4,0,-2,2.4486264,1320.2,16.9,0.020041568
750.1,3262.4,0,-2,2.4471262,1320.4,16.9,0.019893112
750.1,3260.5,0,-1.9,2.445701,1320.6,16.9,0.019744656
750.1,3258.5,0,-2,2.4442009,1320.8,16.9,0.0195962
750.1,3256.5,0,-2,2.4427006,1321,16.9,0.019447743
750.1,3254.5,0,-2,2.4412005,1321.2,16.9,0.019299287
750.1,3252.5,0,-2,2.4397003,1321.5,16.8,0.019076603
750.1,3250.4,0,-2.1,2.438125,1321.7,16.8,0.018928147
750.1,3248.4,0,-2,2.4366248,1321.9,16.8,0.018779691
750.1,3246.3,0,-2.1,2.4350496,1322.1,16.8,0.018631235
750.1,3244.2,0,-2.1,2.4334744,1322.3,16.8,0.018482779
750.1,3242.1,0,-2.1,2.4318992,1322.5,16.8,0.018334323
750.1,3239.9,0,-2.2,2.430249,1322.7,16.8,0.018185867
750.1,3237.8,0,-2.1,2.4286738,1322.9,16.8,0.018037411
750.1,3235.6,0,-2.2,2.4270236,1323.1,16.8,0.017888955
750.1,3233.4,0,-2.2,2.4253733,1323.3,16.8,0.017740499
750.1,3231.3,0,-2.1,2.4237981,1323.5,16.8,0.017592043
750.1,3229.1,0,-2.2,2.4221479,1323.7,16.8,0.017443587
750.1,3226.8,0,-2.3,2.4204227,1324,16.8,0.017220903
750,3224.6,-0.1,-2.2,2.41845,1324.2,16.8,0.017072447
750.1,3222.3,0.1,-2.3,2.4170472,1324.4,16.8,0.01692399
750.1,3220,0,-2.3,2.415322,1324.6,16.8,0.016775534
750.1,3217.7,0,-2.3,2.4135968,1324.8,16.8,0.016627078
750.1,3215.4,0,-2.3,2.4118715,1325,16.8,0.016478622
750.1,3213,0,-2.4,2.4100713,1325.2,16.8,0.016330166
750.1,3210.7,0,-2.3,2.4083461,1325.4,16.8,0.01618171
750.1,3208.3,0,-2.4,2.4065458,1325.6,16.8,0.016033254
750.1,3205.8,0,-2.5,2.4046706,1325.8,16.8,0.015884798
750.1,3203.4,0,-2.4,2.4028703,1326,16.8,0.015736342
750.1,3201,0,-2.4,2.4010701,1326.2,16.8,0.015587886
750.1,3198.5,0,-2.5,2.3991949,1326.5,16.8,0.015365202
750,3196,-0.1,-2.5,2.397,1326.7,16.8,0.015216746
750.1,3193.5,0.1,-2.5,2.3954444,1326.9,16.8,0.01506829
750.1,3190.9,0,-2.6,2.3934941,1327.1,16.8,0.014919834
750.1,3188.4,0,-2.5,2.3916188,1327.3,16.8,0.014771378
750.1,3185.8,0,-2.6,2.3896686,1327.5,16.8,0.014622922
750.1,3183.2,0,-2.6,2.3877183,1327.7,16.8,0.014474466
750.1,3180.5,0,-2.7,2.385693,1327.9,16.8,0.01432601
750.1,3177.9,0,-2.6,2.3837428,1328.1,16.8,0.014177553
750.1,3175.2,0,-2.7,2.3817175,1328.3,16.8,0.014029097
750,3172.4,-0.1,-2.8,2.3793,1328.5,16.8,0.013880641
750.1,3169.7,0.1,-2.7,2.377592,1328.7,16.8,0.013732185
750.1,3166.9,0,-2.8,2.3754917,1329,16.8,0.013509501
750.1,3164.1,0,-2.8,2.3733914,1329.2,16.8,0.013361045
750.1,3161.2,0,-2.9,2.3712161,1329.4,16.8,0.013212589
750.1,3158.4,0,-2.8,2.3691158,1329.6,16.8,0.013064133
750.1,3155.5,0,-2.9,2.3669405,1329.8,16.8,0.012915677
750.1,3152.5,0,-3,2.3646902,1330,16.8,0.012767221
750.1,3149.6,0,-2.9,2.362515,1330.2,16.8,0.012618765
750.1,3146.6,0,-3,2.3602647,1330.4,16.8,0.012470309
750.1,3143.5,0,-3.1,2.3579394,1330.6,16.8,0.012321853
750.1,3140.5,0,-3,2.3556891,1330.8,16.8,0.012173397
750.1,3137.4,0,-3.1,2.3533637,1331,16.8,0.012024941
750.1,3134.3,0,-3.1,2.3510384,1331.2,16.8,0.011876485
750.1,3131.1,0,-3.2,2.3486381,1331.5,16.8,0.0116538
750.1,3127.9,0,-3.2,2.3462378,1331.7,16.8,0.011505344
750.1,3124.6,0,-3.3,2.3437625,1331.9,16.8,0.011356888
750.1,3121.3,0,-3.3,2.3412871,1332.1,16.8,0.011208432
750.1,3118,0,-3.3,2.3388118,1332.3,16.8,0.011059976
750.1,3114.6,0,-3.4,2.3362615,1332.5,16.8,0.01091152
750.1,3111.2,0,-3.4,2.3337111,1332.7,16.8,0.010763064
750.1,3107.7,0,-3.5,2.3310858,1332.9,16.8,0.010614608
750.1,3104.2,0,-3.5,2.3284604,1333.1,16.8,0.010466152
750.1,3100.7,0,-3.5,2.3258351,1333.3,16.8,0.010317696
750.1,3097,0,-3.7,2.3230597,1333.5,16.8,0.01016924
750.1,3093.4,0,-3.6,2.3203593,1333.7,16.8,0.010020784
750.1,3089.7,0,-3.7,2.317584,1334,16.8,0.0097980998
750.1,3086,0,-3.7,2.3148086,1334.2,16.8,0.0096496437
750.1,3082.2,0,-3.8,2.3119582,1334.4,16.8,0.0095011876
750.1,3078.5,0,-3.7,2.3091829,1334.6,16.8,0.0093527316
750.1,3074.6,0,-3.9,2.3062575,1334.8,16.8,0.0092042755
750.1,3070.6,0,-4,2.3032571,1335,16.8,0.0090558195
750.1,3066.7,0,-3.9,2.3003317,1335.2,16.8,0.0089073634
750.1,3062.7,0,-4,2.2973313,1335.4,16.8,0.0087589074
750.1,3058.7,0,-4,2.2943309,1335.6,16.8,0.0086104513
750.1,3054.6,0,-4.1,2.2912555,1335.8,16.8,0.0084619952
750.1,3050.5,0,-4.1,2.28818,1336,16.8,0.0083135392
750.1,3046.3,0,-4.2,2.2850296,1336.2,16.8,0.0081650831
750.1,3042,0,-4.3,2.2818042,1336.5,16.8,0.007942399
750.1,3037.8,0,-4.2,2.2786538,1336.7,16.8,0.007793943
750.1,3033.5,0,-4.3,2.2754283,1336.9,16.8,0.0076454869
750.1,3029.1,0,-4.4,2.2721279,1337.1,16.8,0.0074970309
750.1,3024.7,0,-4.4,2.2688275,1337.3,16.8,0.0073485748
750.1,3020.2,0,-4.5,2.265452,1337.5,16.8,0.0072001188
750.1,3015.7,0,-4.5,2.2620766,1337.7,16.8,0.0070516627
750.1,3011.1,0,-4.6,2.2586261,1337.9,16.8,0.0069032067
750.1,3006.4,0,-4.7,2.2551006,1338.1,16.8,0.0067547506
750.1,3001.8,0,-4.6,2.2516502,1338.3,16.8,0.0066062945
750.1,2997.1,0,-4.7,2.2481247,1338.5,16.8,0.0064578385
750.1,2992.3,0,-4.8,2.2445242,1338.7,16.8,0.0063093824
750.1,2987.4,0,-4.9,2.2408487,1339,16.8,0.0060866983
750.1,2982.6,0,-4.8,2.2372483,1339.2,16.8,0.0059382423
750.1,2977.5,0,-5.1,2.2334227,1339.4,16.8,0.0057897862
750.1,2972.5,0,-5,2.2296723,1339.6,16.8,0.0056413302
750.1,2967.5,0,-5,2.2259217,1339.8,16.8,0.0054928741
750.1,2962.4,0,-5.1,2.2220962,1340,16.8,0.0053444181
750.1,2957.1,0,-5.3,2.2181207,1340.2,16.8,0.005195962
750.1,2952,0,-5.1,2.2142952,1340.4,16.8,0.0050475059
750.1,2946.7,0,-5.3,2.2103197,1340.6,16.8,0.0048990499
750.1,2941.3,0,-5.4,2.2062691,1340.8,16.8,0.0047505938
750.1,2935.9,0,-5.4,2.2022186,1341,16.8,0.0046021378
750.1,2930.5,0,-5.4,2.1981681,1341.2,16.8,0.0044536817
750.1,2924.9,0,-5.6,2.1939675,1341.5,16.8,0.0042309976
750.1,2919.4,0,-5.5,2.1898419,1341.7,16.8,0.0040825416
750.1,2913.8,0,-5.6,2.1856414,1341.9,16.8,0.0039340855
750.1,2908.1,0,-5.7,2.1813658,1342.1,16.8,0.0037856295
750.1,2902.3,0,-5.8,2.1770152,1342.3,16.8,0.0036371734
750.1,2896.7,0,-5.6,2.1728147,1342.5,16.9,0.0034887173
750.1,2890.8,0,-5.9,2.1683891,1342.7,16.9,0.0033402613
750.1,2884.9,0,-5.9,2.1639635,1342.9,16.9,0.0031918052
750.1,2878.9,0,-6,2.1594629,1343.1,16.9,0.0030433492
750.1,2873,0,-5.9,2.1550373,1343.3,16.9,0.0028948931
750.1,2867,0,-6,2.1505367,1343.5,16.9,0.0027464371
750.1,2860.8,0,-6.2,2.1458861,1343.7,16.9,0.002597981
750.1,2854.7,0,-6.1,2.1413105,1344,16.9,0.0023752969
750.1,2848.4,0,-6.3,2.1365848,1344.2,16.9,0.0022268409
750.1,2842.1,0,-6.3,2.1318592,1344.4,16.9,0.0020783848
750.1,2835.9,0,-6.2,2.1272086,1344.6,16.9,0.0019299287
750.1,2829.4,0,-6.5,2.1223329,1344.8,16.9,0.0017814727
750.1,2822.9,0,-6.5,2.1174573,1345,16.9,0.0016330166
750.1,2816.4,0,-6.5,2.1125816,1345.2,16.9,0.0014845606
750.1,2809.7,0,-6.7,2.107556,1345.4,16.9,0.0013361045
750.1,2802.9,0,-6.8,2.1024553,1345.6,16.9,0.0011876485
750.1,2796.3,0,-6.6,2.0975046,1345.8,16.9,0.0010391924
750.1,2789.4,0,-6.9,2.0923289,1346,16.9,0.00089073634
750.1,2782.4,0,-7,2.0870782,1346.2,16.9,0.00074228029
750.1,2775.5,0,-6.9,2.0819026,1346.5,16.9,0.0005195962
750.1,2768.2,0,-7.3,2.0764268,1346.7,16.9,0.00037114014
750.1,2761,0,-7.2,2.0710261,1346.9,16.9,0.00022268409
750.1,2753.8,0,-7.2,2.0656254,1347.1,16.9,7.4228029e-05
750.1,2749.4,0,-4.4,2.0623249,1347.2,16.9,0
