Current(mA),Voltage(mV),dI(mA),dV(mV),Power(W),RawCapacity(mAh),T(C),SOC
0,4198.3,0,0,0,0,40.5,1
0,4197.9,0,-0.4,0,0,40.5,1
0,4197.6,0,-0.3,0,0,40.5,1
0,4197.4,0,-0.2,0,0,40.5,1
0,4197.2,0,-0.2,0,0,40.5,1
0,4197,0,-0.2,0,0,40.5,1
0,4196.7,0,-0.3,0,0,40.5,1
0,4196.5,0,-0.2,0,0,40.5,1
0,4196.4,0,-0.1,0,0,40.5,1
0,4196.2,0,-0.2,0,0,40.5,1
0,4196.1,0,-0.1,0,0,40.5,1
0,4195.9,0,-0.2,0,0,40.5,1
0,4195.8,0,-0.1,0,0,40.5,1
0,4195.6,0,-0.2,0,0,40.5,1
0,4195.5,0,-0.1,0,0,40.5,1
0,4195.4,0,-0.1,0,0,40.5,1
0,4195.3,0,-0.1,0,0,40.5,1
0,4195.2,0,-0.1,0,0,40.5,1
0,4195,0,-0.2,0,0,40.5,1
0,4194.9,0,-0.1,0,0,40.5,1
0,4194.8,0,-0.1,0,0,40.5,1
0,4194.7,0,-0.1,0,0,40.5,1
0,4194.5,0,-0.2,0,0,40.5,1
0,4194.4,0,-0.1,0,0,40.5,1
0,4194.3,0,-0.1,0,0,40.5,1
0,4194.2,0,-0.1,0,0,40.5,1
0,4194,0,-0.2,0,0,40.5,1
0,4193.9,0,-0.1,0,0,40.5,1
0,4193.9,0,0,0,0,40.5,1
0,4193.7,0,-0.2,0,0,40.5,1
0,4193.6,0,-0.1,0,0,40.5,1
0,4193.5,0,-0.1,0,0,40.5,1
0,4193.4,0,-0.1,0,0,40.5,1
0,4193.3,0,-0.1,0,0,40.5,1
0,4193.2,0,-0.1,0,0,40.5,1
0,4193.2,0,0,0,0,40.5,1
0,4193.1,0,-0.1,0,0,40.5,1
0,4193,0,-0.1,0,0,40.5,1
0,4192.9,0,-0.1,0,0,40.5,1
0,4192.8,0,-0.1,0,0,40.5,1
0,4192.7,0,-0.1,0,0,40.5,1
0,4192.6,0,-0.1,0,0,40.5,1
0,4192.5,0,-0.1,0,0,40.5,1
0,4192.4,0,-0.1,0,0,40.5,1
0,4192.3,0,-0.1,0,0,40.5,1
0,4192.3,0,0,0,0,40.5,1
0,4192.2,0,-0.1,0,0,40.5,1
0,4192,0,-0.2,0,0,40.5,1
0,4192,0,0,0,0,40.5,1
0,4191.9,0,-0.1,0,0,40.5,1
0,4191.8,0,-0.1,0,0,40.5,1
0,4191.8,0,0,0,0,40.5,1
0,4191.7,0,-0.1,0,0,40.4,1
0,4191.6,0,-0.1,0,0,40.4,1
0,4191.5,0,-0.1,0,0,40.4,1
0,4191.4,0,-0.1,0,0,40.4,1
0,4191.3,0,-0.1,0,0,40.4,1
0,4191.3,0,0,0,0,40.4,1
0,4191.2,0,-0.1,0,0,40.4,1
0,4191.1,0,-0.1,0,0,40.4,1
0,4191.1,0,0,0,0,40.4,1
0,4190.9,0,-0.2,0,0,40.4,1
0,4190.8,0,-0.1,0,0,40.4,1
0,4190.8,0,0,0,0,40.4,1
0,4190.7,0,-0.1,0,0,40.4,1
0,4190.6,0,-0.1,0,0,40.4,1
0,4190.5,0,-0.1,0,0,40.4,1
0,4190.5,0,0,0,0,40.4,1
0,4190.4,0,-0.1,0,0,40.4,1
0,4190.3,0,-0.1,0,0,40.4,1
0,4190.2,0,-0.1,0,0,40.4,1
0,4190.1,0,-0.1,0,0,40.4,1
0,4190.1,0,0,0,0,40.4,1
0,4190,0,-0.1,0,0,40.4,1
0,4189.9,0,-0.1,0,0,40.4,1
0,4189.9,0,0,0,0,40.4,1
0,4189.9,0,0,0,0,40.4,1
0,4189.7,0,-0.2,0,0,40.4,1
0,4189.7,0,0,0,0,40.4,1
0,4189.6,0,-0.1,0,0,40.4,1
0,4189.5,0,-0.1,0,0,40.4,1
0,4189.4,0,-0.1,0,0,40.4,1
0,4189.4,0,0,0,0,40.4,1
0,4189.3,0,-0.1,0,0,40.4,1
0,4189.3,0,0,0,0,40.4,1
0,4189.2,0,-0.1,0,0,40.4,1
0,4189.1,0,-0.1,0,0,40.4,1
0,4189.1,0,0,0,0,40.4,1
0,4189,0,-0.1,0,0,40.4,1
0,4188.9,0,-0.1,0,0,40.4,1
0,4188.9,0,0,0,0,40.4,1
0,4188.8,0,-0.1,0,0,40.4,1
0,4188.7,0,-0.1,0,0,40.4,1
0,4188.6,0,-0.1,0,0,40.4,1
0,4188.6,0,0,0,0,40.4,1
0,4188.5,0,-0.1,0,0,40.4,1
0,4188.5,0,0,0,0,40.4,1
0,4188.4,0,-0.1,0,0,40.4,1
0,4188.3,0,-0.1,0,0,40.4,1
0,4188.2,0,-0.1,0,0,40.4,1
0,4188.1,0,-0.1,0,0,40.4,1
0,4188.1,0,0,0,0,40.4,1
0,4188,0,-0.1,0,0,40.4,1
0,4188,0,0,0,0,40.4,1
0,4187.9,0,-0.1,0,0,40.4,1
0,4187.8,0,-0.1,0,0,40.4,1
0,4187.8,0,0,0,0,40.4,1
0,4187.7,0,-0.1,0,0,40.4,1
0,4187.6,0,-0.1,0,0,40.4,1
0,4187.6,0,0,0,0,40.4,1
0,4187.6,0,0,0,0,40.4,1
0,4187.4,0,-0.2,0,0,40.4,1
0,4187.4,0,0,0,0,40.4,1
0,4187.4,0,0,0,0,40.4,1
0,4187.3,0,-0.1,0,0,40.4,1
0,4187.3,0,0,0,0,40.4,1
0,4187.2,0,-0.1,0,0,40.4,1
0,4187.1,0,-0.1,0,0,40.4,1
0,4187.1,0,0,0,0,40.4,1
0,4187,0,-0.1,0,0,40.4,1
0,4187,0,0,0,0,40.4,1
0,4186.9,0,-0.1,0,0,40.4,1
0,4186.8,0,-0.1,0,0,40.4,1
0,4186.8,0,0,0,0,40.4,1
0,4186.7,0,-0.1,0,0,40.4,1
0,4186.6,0,-0.1,0,0,40.4,1
0,4186.5,0,-0.1,0,0,40.4,1
0,4186.5,0,0,0,0,40.4,1
0,4186.4,0,-0.1,0,0,40.4,1
0,4186.4,0,0,0,0,40.4,1
0,4186.3,0,-0.1,0,0,40.4,1
0,4186.3,0,0,0,0,40.4,1
0,4186.2,0,-0.1,0,0,40.4,1
0,4186.2,0,0,0,0,40.4,1
0,4186.1,0,-0.1,0,0,40.4,1
0,4186,0,-0.1,0,0,40.4,1
0,4186,0,0,0,0,40.4,1
0,4186,0,0,0,0,40.4,1
0,4186,0,0,0,0,40.4,1
0,4185.9,0,-0.1,0,0,40.4,1
0,4185.8,0,-0.1,0,0,40.4,1
0,4185.8,0,0,0,0,40.4,1
0,4185.7,0,-0.1,0,0,40.4,1
0,4185.6,0,-0.1,0,0,40.4,1
0,4185.6,0,0,0,0,40.4,1
0,4185.5,0,-0.1,0,0,40.4,1
0,4185.4,0,-0.1,0,0,40.4,1
0,4185.4,0,0,0,0,40.4,1
0,4185.4,0,0,0,0,40.4,1
0,4185.3,0,-0.1,0,0,40.4,1
0,4185.2,0,-0.1,0,0,40.4,1
0,4185.2,0,0,0,0,40.4,1
0,4185.1,0,-0.1,0,0,40.4,1
0,4185.1,0,0,0,0,40.4,1
0,4185,0,-0.1,0,0,40.4,1
0,4185,0,0,0,0,40.4,1
0,4185,0,0,0,0,40.4,1
0,4184.8,0,-0.2,0,0,40.4,1
0,4184.8,0,0,0,0,40.4,1
0,4184.7,0,-0.1,0,0,40.4,1
0,4184.7,0,0,0,0,40.4,1
0,4184.6,0,-0.1,0,0,40.4,1
0,4184.6,0,0,0,0,40.4,1
0,4184.5,0,-0.1,0,0,40.4,1
0,4184.5,0,0,0,0,40.4,1
0,4184.4,0,-0.1,0,0,40.4,1
0,4184.4,0,0,0,0,40.4,1
0,4184.3,0,-0.1,0,0,40.4,1
0,4184.3,0,0,0,0,40.4,1
0,4184.2,0,-0.1,0,0,40.4,1
0,4184.2,0,0,0,0,40.4,1
0,4184.2,0,0,0,0,40.4,1
0,4184.1,0,-0.1,0,0,40.4,1
0,4184,0,-0.1,0,0,40.4,1
0,4183.9,0,-0.1,0,0,40.4,1
0,4183.9,0,0,0,0,40.4,1
0,4183.9,0,0,0,0,40.4,1
0,4183.8,0,-0.1,0,0,40.4,1
0,4183.7,0,-0.1,0,0,40.4,1
0,4183.8,0,0.1,0,0,40.4,1
0,4183.7,0,-0.1,0,0,40.4,1
0,4183.7,0,0,0,0,40.4,1
0,4183.6,0,-0.1,0,0,40.4,1
0,4183.5,0,-0.1,0,0,40.4,1
0,4183.4,0,-0.1,0,0,40.4,1
0,4183.4,0,0,0,0,40.4,1
0,4183.3,0,-0.1,0,0,40.4,1
0,4183.4,0,0.1,0,0,40.4,1
0,4183.2,0,-0.2,0,0,40.4,1
0,4183.2,0,0,0,0,40.4,1
0,4183.2,0,0,0,0,40.4,1
0,4183.2,0,0,0,0,40.4,1
0,4183,0,-0.2,0,0,40.4,1
0,4183,0,0,0,0,40.4,1
0,4183,0,0,0,0,40.4,1
0,4182.9,0,-0.1,0,0,40.4,1
0,4182.9,0,0,0,0,40.4,1
0,4182.9,0,0,0,0,40.4,1
0,4182.8,0,-0.1,0,0,40.4,1
0,4182.7,0,-0.1,0,0,40.4,1
0,4182.7,0,0,0,0,40.4,1
0,4182.6,0,-0.1,0,0,40.4,1
0,4182.6,0,0,0,0,40.4,1
0,4182.6,0,0,0,0,40.4,1
0,4182.5,0,-0.1,0,0,40.4,1
0,4182.5,0,0,0,0,40.4,1
0,4182.4,0,-0.1,0,0,40.4,1
0,4182.3,0,-0.1,0,0,40.4,1
0,4182.3,0,0,0,0,40.4,1
0,4182.3,0,0,0,0,40.4,1
0,4182.2,0,-0.1,0,0,40.4,1
0,4182.2,0,0,0,0,40.4,1
0,4182.1,0,-0.1,0,0,40.4,1
0,4182.1,0,0,0,0,40.4,1
0,4182,0,-0.1,0,0,40.4,1
0,4182,0,0,0,0,40.4,1
0,4182,0,0,0,0,40.4,1
0,4181.9,0,-0.1,0,0,40.4,1
0,4181.9,0,0,0,0,40.4,1
0,4181.8,0,-0.1,0,0,40.4,1
0,4181.8,0,0,0,0,40.4,1
0,4181.7,0,-0.1,0,0,40.4,1
0,4181.6,0,-0.1,0,0,40.4,1
0,4181.6,0,0,0,0,40.4,1
0,4181.6,0,0,0,0,40.4,1
0,4181.5,0,-0.1,0,0,40.4,1
0,4181.5,0,0,0,0,40.4,1
0,4181.5,0,0,0,0,40.4,1
0,4181.4,0,-0.1,0,0,40.4,1
0,4181.4,0,0,0,0,40.4,1
0,4181.4,0,0,0,0,40.4,1
0,4181.3,0,-0.1,0,0,40.4,1
0,4181.3,0,0,0,0,40.4,1
0,4181.2,0,-0.1,0,0,40.4,1
0,4181.2,0,0,0,0,40.4,1
0,4181.2,0,0,0,0,40.4,1
0,4181.1,0,-0.1,0,0,40.4,1
0,4181,0,-0.1,0,0,40.4,1
0,4181,0,0,0,0,40.4,1
0,4180.9,0,-0.1,0,0,40.4,1
0,4180.9,0,0,0,0,40.4,1
0,4180.8,0,-0.1,0,0,40.4,1
0,4180.8,0,0,0,0,40.4,1
0,4180.7,0,-0.1,0,0,40.4,1
0,4180.7,0,0,0,0,40.4,1
0,4180.7,0,0,0,0,40.4,1
0,4180.6,0,-0.1,0,0,40.4,1
0,4180.6,0,0,0,0,40.4,1
0,4180.5,0,-0.1,0,0,40.4,1
0,4180.5,0,0,0,0,40.4,1
0,4180.5,0,0,0,0,40.4,1
0,4180.5,0,0,0,0,40.4,1
0,4180.4,0,-0.1,0,0,40.4,1
0,4180.4,0,0,0,0,40.4,1
0,4180.3,0,-0.1,0,0,40.4,1
0,4180.3,0,0,0,0,40.4,1
0,4180.2,0,-0.1,0,0,40.4,1
0,4180.1,0,-0.1,0,0,40.4,1
0,4180.1,0,0,0,0,40.4,1
0,4180,0,-0.1,0,0,40.4,1
0,4180,0,0,0,0,40.4,1
0,4180,0,0,0,0,40.4,1
0,4179.9,0,-0.1,0,0,40.4,1
0,4179.9,0,0,0,0,40.4,1
0,4179.9,0,0,0,0,40.4,1
0,4179.9,0,0,0,0,40.4,1
0,4179.8,0,-0.1,0,0,40.4,1
0,4179.8,0,0,0,0,40.4,1
0,4179.7,0,-0.1,0,0,40.4,1
0,4179.7,0,0,0,0,40.4,1
0,4179.6,0,-0.1,0,0,40.4,1
0,4179.6,0,0,0,0,40.4,1
0,4179.5,0,-0.1,0,0,40.4,1
0,4179.5,0,0,0,0,40.4,1
0,4179.5,0,0,0,0,40.4,1
0,4179.4,0,-0.1,0,0,40.4,1
0,4179.4,0,0,0,0,40.4,1
0,4179.4,0,0,0,0,40.4,1
0,4179.3,0,-0.1,0,0,40.4,1
0,4179.2,0,-0.1,0,0,40.4,1
0,4179.2,0,0,0,0,40.4,1
0,4179.2,0,0,0,0,40.4,1
0,4179.1,0,-0.1,0,0,40.4,1
0,4179.1,0,0,0,0,40.4,1
0,4179,0,-0.1,0,0,40.4,1
0,4179.1,0,0.1,0,0,40.4,1
0,4179,0,-0.1,0,0,40.4,1
0,4179,0,0,0,0,40.4,1
0,4179,0,0,0,0,40.4,1
0,4178.9,0,-0.1,0,0,40.4,1
0,4178.9,0,0,0,0,40.4,1
0,4178.8,0,-0.1,0,0,40.4,1
0,4178.8,0,0,0,0,40.4,1
0,4178.8,0,0,0,0,40.4,1
0,4178.7,0,-0.1,0,0,40.4,1
0,4178.7,0,0,0,0,40.4,1
0,4178.6,0,-0.1,0,0,40.4,1
0,4178.6,0,0,0,0,40.4,1
0,4178.5,0,-0.1,0,0,40.4,1
0,4178.4,0,-0.1,0,0,40.4,1
0,4178.4,0,0,0,0,40.4,1
0,4178.4,0,0,0,0,40.4,1
0,4178.3,0,-0.1,0,0,40.4,1
0,4178.3,0,0,0,0,40.4,1
0,4178.3,0,0,0,0,40.4,1
134.9,4173.8,134.9,-4.5,0.56304562,0,40.4,1
1923.3,4106.7,1788.4,-67.1,7.8984161,0.6,40.4,0.99955598
2000.4,4096.7,77.1,-10,8.1950387,1.1,40.4,0.99918597
2043.5,4089.3,43.1,-7.4,8.3564845,1.7,40.4,0.99874195
2849.6,4055.2,806.1,-34.1,11.555698,2.5,40.4,0.99814993
2971.6,4044.1,122,-11.1,12.017448,3.3,40.4,0.99755791
2900.7,4040.5,-70.9,-3.6,11.720278,4.1,40.4,0.99696588
2865.8,4036.7,-34.9,-3.8,11.568375,4.9,40.4,0.99637386
2985.7,4027.9,119.9,-8.8,12.026101,5.7,40.4,0.99578184
2993.6,4023.3,7.9,-4.6,12.044151,6.6,40.4,0.99511581
2980.7,4019.6,-12.9,-3.7,11.981222,7.4,40.4,0.99452379
2782.6,4022.8,-198.1,3.2,11.193843,8.2,40.4,0.99393177
2664.6,4023.8,-118,1,10.721817,8.9,40.4,0.99341375
2875.6,4013.8,211,-10,11.542083,9.7,40.4,0.99282173
2883.7,4010.4,8.1,-3.4,11.56479,10.5,40.4,0.9922297
2842.7,4008.9,-41,-1.5,11.3961,11.3,40.4,0.99163768
2702.6,4011,-140.1,2.1,10.840129,12.1,40.4,0.99104566
2293.6,4023,-409,12,9.2271528,12.7,40.4,0.99060164
1082.4,4063.5,-1211.2,40.5,4.3983324,13,40.4,0.99037963
527.2,4084,-555.2,20.5,2.1530848,13.1,40.4,0.99030563
474.1,4087.8,-53.1,3.8,1.938026,13.3,40.4,0.99015763
-19,4105.9,-493.1,18.1,-0.0780121,13.3,40.4,0.99015763
-106.1,4111.4,-87.1,5.5,-0.43621954,13.2,40.4,0.99023163
15,4109.8,121.1,-1.6,0.061647,13.2,40.4,0.99023163
654,4089,639,-20.8,2.674206,13.4,40.4,0.99008362
691.2,4087.6,37.2,-1.4,2.8253491,13.6,40.4,0.98993562
16,4111,-675.2,23.4,0.065776,13.6,40.4,0.98993562
-275,4122.3,-291,11.3,-1.1336325,13.6,40.4,0.98993562
-161.2,4120.3,113.8,-2,-0.66419236,13.5,40.4,0.99000962
342.1,4104.7,503.3,-15.6,1.4042179,13.6,40.4,0.98993562
508,4099,165.9,-5.7,2.082292,13.7,40.4,0.98986161
594.1,4095.7,86.1,-3.3,2.4332554,13.9,40.4,0.98971361
726.1,4090.8,132,-4.9,2.9703299,14.1,40.4,0.9895656
1095.3,4077.4,369.2,-13.4,4.4659762,14.4,40.4,0.9893436
1694.2,4055.2,598.9,-22.2,6.8703198,14.9,40.4,0.98897358
2488.5,4025.3,794.3,-29.9,10.016959,15.6,40.4,0.98845556
2927.6,4006.3,439.1,-19,11.728844,16.4,40.4,0.98786354
2976.5,4000.6,48.9,-5.7,11.907786,17.2,40.4,0.98727152
2983.6,3996.8,7.1,-3.8,11.924852,18,40.4,0.98667949
2979.7,3993.8,-3.9,-3,11.900326,18.9,40.4,0.98601347
2987.6,3990.6,7.9,-3.2,11.922317,19.7,40.4,0.98542145
2994.7,3987.7,7.1,-2.9,11.941965,20.5,40.4,0.98482942
2992.6,3985.3,-2.1,-2.4,11.926409,21.3,40.4,0.9842374
2989.6,3983,-3,-2.3,11.907577,22.2,40.4,0.98357138
2967.6,3981.5,-22,-1.5,11.815499,23,40.4,0.98297935
2364.7,3999.9,-602.9,18.4,9.4585635,23.7,40.4,0.98246133
1429.4,4031.1,-935.3,31.2,5.7620543,24.1,40.4,0.98216532
832.4,4052.3,-597,21.2,3.3731345,24.3,40.4,0.98201732
968.1,4049.2,135.7,-3.1,3.9200305,24.6,40.4,0.98179531
1374.3,4036.1,406.2,-13.1,5.5468122,24.9,40.4,0.9815733
1305.5,4038.2,-68.8,2.1,5.2718701,25.3,40.4,0.98127729
1470.3,4032.5,164.8,-5.7,5.9289847,25.7,40.4,0.98098128
1638.3,4026.4,168,-6.1,6.5964511,26.2,40.4,0.98061126
1560.4,4028.3,-77.9,1.9,6.2857593,26.6,40.4,0.98031525
1412.3,4032.8,-148.1,4.5,5.6955234,27,40.4,0.98001924
1418.5,4032.5,6.2,-0.3,5.7201012,27.4,40.4,0.97972323
1594.3,4026.2,175.8,-6.3,6.4189707,27.8,40.4,0.97942722
1791.5,4018.9,197.2,-7.3,7.1998594,28.3,40.4,0.9790572
1834.5,4016.4,43,-2.5,7.3680858,28.8,40.4,0.97868719
1891.4,4013.6,56.9,-2.8,7.591323,29.4,40.4,0.97824317
1896.5,4012.4,5.1,-1.2,7.6095166,29.9,40.4,0.97787316
1985.6,4008.5,89.1,-3.9,7.9592776,30.4,40.4,0.97750315
1408.3,4027.1,-577.3,18.6,5.6713649,30.8,40.4,0.97720713
408.2,4061.5,-1000.1,34.4,1.6579043,30.9,40.4,0.97713313
-48,4078.4,-456.2,16.9,-0.1957632,30.9,40.4,0.97713313
-308.1,4089.6,-260.1,11.2,-1.2600058,30.9,40.4,0.97713313
-515,4099,-206.9,9.4,-2.110985,30.7,40.4,0.97728114
-281.2,4093.5,233.8,-5.5,-1.1510922,30.6,40.4,0.97735514
305.2,4075.6,586.4,-17.9,1.2438731,30.7,40.4,0.97728114
992.1,4052.4,686.9,-23.2,4.020386,31,40.4,0.97705913
1480.4,4034.9,488.3,-17.5,5.973266,31.4,40.4,0.97676312
1229.4,4041.9,-251,7,4.9691119,31.7,40.4,0.97654111
710.2,4059,-519.2,17.1,2.8827018,31.9,40.4,0.9763931
627.2,4062.2,-83,3.2,2.5478118,32.1,40.4,0.9762451
477.2,4067.8,-150,5.6,1.9411542,32.2,40.4,0.97617109
12,4084.3,-465.2,16.5,0.0490116,32.3,40.4,0.97609709
-166,4091.3,-178,7,-0.6791558,32.2,40.4,0.97617109
19,4087.1,185,-4.2,0.0776549,32.2,40.4,0.97617109
764,4062.6,745,-24.5,3.1038264,32.4,40.4,0.97602309
1369.3,4041.2,605.3,-21.4,5.5336152,32.8,40.4,0.97572708
1366.5,4039.8,-2.8,-1.4,5.5203867,33.2,40.4,0.97543107
1140.3,4046.3,-226.2,6.5,4.6139959,33.5,40.4,0.97520906
1164.1,4045,23.8,-1.3,4.7087845,33.8,40.4,0.97498705
612.1,4063.2,-552,18.2,2.4870847,34,40.4,0.97483904
64,4082.6,-548.1,19.4,0.2612864,34,40.4,0.97483904
778.2,4059.7,714.2,-22.9,3.1592585,34.2,40.4,0.97469104
1739.4,4026.5,961.2,-33.2,7.0036941,34.7,40.4,0.97432102
1890.5,4019.3,151.1,-7.2,7.5984867,35.2,40.4,0.97395101
1894.5,4017.3,4,-2,7.6107748,35.7,40.4,0.973581
1761.5,4020.3,-133,3,7.0817584,36.2,40.4,0.97321098
1670.5,4022.2,-91,1.9,6.7190851,36.7,40.4,0.97284097
1510.4,4026.8,-160.1,4.6,6.0820787,37.1,40.4,0.97254496
1517.3,4026,6.9,-0.8,6.1086498,37.5,40.4,0.97224895
1636.4,4021.2,119.1,-4.8,6.5802917,38,40.4,0.97187893
1716.6,4017.7,80.2,-3.5,6.8967838,38.5,40.4,0.97150892
1733.3,4016.1,16.7,-1.6,6.9611061,38.9,40.4,0.97121291
1765.4,4014.2,32.1,-1.9,7.0866687,39.4,40.4,0.97084289
1942.5,4007.3,177.1,-6.9,7.7841802,40,40.4,0.97039888
1802.5,4010.8,-140,3.5,7.229467,40.5,40.4,0.97002886
1723.4,4012.7,-79.1,1.9,6.9154872,41,40.4,0.96965885
1698.5,4012.9,-24.9,0.2,6.8159107,41.4,40.4,0.96936284
1476.4,4019.8,-222.1,6.9,5.9348327,41.8,40.4,0.96906682
629.2,4048.3,-847.2,28.5,2.5471904,42,40.4,0.96891882
1454.3,4021.6,825.1,-26.7,5.8486129,42.4,40.4,0.96862281
2224.6,3994.8,770.3,-26.8,8.8868321,43,40.4,0.96817879
1364.4,4022,-860.2,27.2,5.4876168,43.4,40.4,0.96788278
1298.3,4024.3,-66.1,2.3,5.2247487,43.8,40.4,0.96758677
1217.4,4027.1,-80.9,2.8,4.9025915,44.1,40.4,0.96736476
1238.3,4026.4,20.9,-0.7,4.9858911,44.5,40.4,0.96706875
1300.2,4024.2,61.9,-2.2,5.2322648,44.8,40.4,0.96684674
1233.4,4026.3,-66.8,2.1,4.9660384,45.2,40.4,0.96655073
1029.3,4033,-204.1,6.7,4.1511669,45.4,40.4,0.96640272
914.2,4037.2,-115.1,4.2,3.6908082,45.7,40.4,0.96618071
1019.2,4034,105,-3.2,4.1114528,46,40.4,0.96595871
1090.2,4031.6,71,-2.4,4.3952503,46.3,40.4,0.9657367
1177.3,4028.5,87.1,-3.1,4.7427531,46.6,40.4,0.96551469
738.2,4043.2,-439.1,14.7,2.9846902,46.8,40.4,0.96536668
-308,4078.7,-1046.2,35.5,-1.2562396,46.8,40.4,0.96536668
-148.1,4075.7,159.9,-3,-0.60361117,46.7,40.4,0.96544069
772.2,4046.6,920.3,-29.1,3.1247845,46.9,40.4,0.96529268
379.1,4059.6,-393.1,13,1.5389944,47,40.4,0.96521868
309,4062.5,-70.1,2.9,1.2553125,47.1,40.4,0.96514468
340,4062.2,31,-0.3,1.381148,47.2,40.4,0.96507067
538.2,4055.9,198.2,-6.3,2.1828854,47.3,40.4,0.96499667
1021.2,4039.7,483,-16.2,4.1253416,47.6,40.4,0.96477466
1175.2,4033.7,154,-6,4.7404042,48,40.4,0.96447865
1312.3,4028.3,137.1,-5.4,5.2863381,48.3,40.4,0.96425664
1579.3,4018.4,267,-9.9,6.3462591,48.8,40.4,0.96388663
1681.3,4013.8,102,-4.6,6.7484019,49.2,40.4,0.96359062
1732.4,4010.8,51.1,-3,6.9483099,49.7,40.4,0.9632206
1642.6,4012.8,-89.8,2,6.5914253,50.2,40.4,0.96285059
1257.3,4024.9,-385.3,12.1,5.0605068,50.5,40.4,0.96262858
964.3,4034.8,-293,9.9,3.8907576,50.8,40.4,0.96240657
960.3,4035.2,-4,0.4,3.8750026,51,40.4,0.96225857
1320.2,4023.1,359.9,-12.1,5.3112966,51.4,40.4,0.96196255
-190.9,4073.1,-1511.1,50,-0.77755479,51.4,40.4,0.96196255
-1274.2,4112.1,-1083.3,39,-5.2396378,51,40.4,0.96225857
-622.3,4093.8,651.9,-18.3,-2.5475717,50.9,40.4,0.96233257
1027.1,4040.3,1649.4,-53.5,4.1497921,51.1,40.4,0.96218456
1734.3,4014.8,707.2,-25.5,6.9628676,51.6,40.4,0.96181455
1618.5,4016.5,-115.8,1.7,6.5007053,52,40.4,0.96151854
1245.3,4027.7,-373.2,11.2,5.0156948,52.4,40.4,0.96122253
1203.3,4028.7,-42,1,4.8477347,52.7,40.4,0.96100052
967.3,4036.3,-236,7.6,3.904313,53,40.4,0.96077851
796.3,4042,-171,5.7,3.2186446,53.2,40.4,0.9606305
868.3,4039.8,72,-2.2,3.5077583,53.5,40.4,0.9604085
774.2,4043,-94.1,3.2,3.1300906,53.7,40.4,0.96026049
386.1,4056.2,-388.1,13.2,1.5660988,53.8,40.4,0.96018649
284.2,4060.5,-101.9,4.3,1.1539941,53.9,40.4,0.96011248
180.1,4064.8,-104.1,4.3,0.73207048,53.9,40.4,0.96011248
71,4069.4,-109.1,4.6,0.2889274,53.9,40.4,0.96011248
242.1,4064.5,171.1,-4.9,0.98401545,54,40.4,0.96003848
526,4055.3,283.9,-9.2,2.1330878,54.2,40.4,0.95989048
1119.2,4035.2,593.2,-20.1,4.5161958,54.5,40.4,0.95966847
1838.2,4009.8,719,-25.4,7.3708144,55,40.4,0.95929845
2019.4,4001.6,181.2,-8.2,8.080831,55.5,40.4,0.95892844
1709.4,4010.1,-310,8.5,6.8548649,56,40.4,0.95855843
1266.5,4024,-442.9,13.9,5.096396,56.4,40.4,0.95826241
943.4,4034.7,-323.1,10.7,3.806336,56.6,40.4,0.95811441
1109.2,4029.3,165.8,-5.4,4.4692996,56.9,40.4,0.9578924
1269.3,4023.7,160.1,-5.6,5.1072824,57.3,40.4,0.95759639
1222.3,4024.7,-47,1,4.9193908,57.6,40.4,0.95737438
1371.2,4019.3,148.9,-5.4,5.5112642,58,40.4,0.95707837
1712.5,4007.1,341.3,-12.2,6.8621587,58.5,40.4,0.95670835
1899.3,3999.7,186.8,-7.4,7.5966302,59,40.4,0.95633834
2182.5,3988.9,283.2,-10.8,8.7057743,59.6,40.4,0.95589432
2264.6,3984.5,82.1,-4.4,9.0232987,60.2,40.4,0.95545031
2141.7,3987,-122.9,2.5,8.5389579,60.8,40.4,0.95500629
1767.5,3998.4,-374.2,11.4,7.067172,61.3,40.4,0.95463628
-47,4058.5,-1814.5,60.1,-0.1907495,61.3,40.4,0.95463628
-607.1,4080.1,-560.1,21.6,-2.4770287,61.2,40.4,0.95471028
-263.1,4071.4,344,-8.7,-1.0711853,61.1,40.4,0.95478428
22,4063.9,285.1,-7.5,0.0894058,61.1,40.4,0.95478428
249.2,4057.2,227.2,-6.7,1.0110542,61.2,40.4,0.95471028
360.2,4054,111,-3.2,1.4602508,61.3,40.4,0.95463628
793.2,4039.7,433,-14.3,3.20429,61.5,40.4,0.95448827
1414.3,4018.3,621.1,-21.4,5.6830817,61.9,40.4,0.95419226
1749.3,4005.7,335,-12.6,7.007171,62.4,40.4,0.95382225
1809.3,4002,60,-3.7,7.2408186,62.9,40.4,0.95345223
1921.5,3996.9,112.2,-5.1,7.6800434,63.4,40.4,0.95308222
2015.4,3992.4,93.9,-4.5,8.046283,63.9,40.4,0.9527122
1545.6,4006.9,-469.8,14.5,6.1930646,64.4,40.4,0.95234219
804.4,4031.4,-741.2,24.5,3.2428582,64.6,40.4,0.95219418
1132.3,4021.2,327.9,-10.2,4.5532048,64.9,40.4,0.95197217
1982.4,3992.5,850.1,-28.7,7.914732,65.5,40.4,0.95152816
1596.4,4003.9,-386,11.4,6.391826,65.9,40.4,0.95123215
1149.3,4018.3,-447.1,14.4,4.6182322,66.2,40.4,0.95101014
1180.2,4017.5,30.9,-0.8,4.7414535,66.6,40.4,0.95071413
1077.2,4020.9,-103,3.4,4.3313135,66.9,40.4,0.95049212
1239.3,4015.5,162.1,-5.4,4.9764092,67.2,40.4,0.95027011
1698.3,3999.8,459,-15.7,6.7928603,67.7,40.4,0.9499001
2087.5,3985.7,389.2,-14.1,8.3201487,68.3,40.4,0.94945608
2265.6,3978.2,178.1,-7.5,9.0130099,68.9,40.4,0.94901206
2416.5,3971.6,150.9,-6.6,9.5973714,69.6,40.4,0.94849404
2456.7,3968.7,40.2,-2.9,9.7499053,70.2,40.4,0.94805003
2448.6,3967.5,-8.1,-1.2,9.7148205,70.9,40.4,0.94753201
943.4,4016.8,-1505.2,49.3,3.7894491,71.2,40.4,0.94731
-1021.2,4083.5,-1964.6,66.7,-4.1700702,70.9,40.4,0.94753201
-1430.2,4101.6,-409,18.1,-5.8661083,70.5,40.4,0.94782802
-1139.2,4095.7,291,-5.9,-4.6658214,70.2,40.4,0.94805003
-975.4,4092.9,163.8,-2.8,-3.9922147,69.9,40.4,0.94827203
-588.1,4082,387.3,-10.9,-2.4006242,69.8,40.4,0.94834604
35,4062.8,623.1,-19.2,0.142198,69.8,40.4,0.94834604
1169.2,4024.9,1134.2,-37.9,4.7059131,70.1,40.4,0.94812403
2121.5,3991.2,952.3,-33.7,8.4673308,70.6,40.4,0.94775401
2785.5,3966.1,664,-25.1,11.047572,71.4,40.4,0.94716199
2875.8,3960,90.3,-6.1,11.388168,72.2,40.4,0.94656997
2809.6,3959.4,-66.2,-0.6,11.12433,73,40.4,0.94597795
2827.7,3956.7,18.1,-2.7,11.188361,73.8,40.4,0.94538592
2807.7,3955.4,-20,-1.3,11.105577,74.6,40.4,0.9447939
2558.8,3961.9,-248.9,6.5,10.13771,75.3,40.4,0.94427588
2364.6,3967.1,-194.2,5.2,9.3806047,75.9,40.4,0.94383187
2123.8,3974.3,-240.8,7.2,8.4406183,76.5,40.4,0.94338785
1898.4,3981.3,-225.4,7,7.5580999,77,40.4,0.94301783
1866.5,3982.1,-31.9,0.8,7.4325896,77.6,40.4,0.94257382
2103.6,3973.8,237.1,-8.3,8.3592857,78.2,40.4,0.9421298
1972.5,3977.4,-131.1,3.6,7.8454215,78.7,40.4,0.94175979
1812.6,3982.3,-159.9,4.9,7.218317,79.2,40.4,0.94138977
1568.4,3990.2,-244.2,7.9,6.2582297,79.6,40.4,0.94109376
165.2,4037.4,-1403.2,47.2,0.66697848,79.7,40.4,0.94101976
-128.1,4049,-293.3,11.6,-0.5186769,79.7,40.4,0.94101976
443,4032.6,571.1,-16.4,1.7864418,79.8,40.4,0.94094576
957.2,4016.1,514.2,-16.5,3.8442109,80.1,40.5,0.94072375
1092.2,4011.5,135,-4.6,4.3813603,80.4,40.5,0.94050174
937.2,4016.5,-155,5,3.7642638,80.6,40.5,0.94035373
774.2,4022.1,-163,5.6,3.1139098,80.8,40.5,0.94020573
868.3,4019.4,94.1,-2.7,3.490045,81.1,40.5,0.93998372
922.2,4017.8,53.9,-1.6,3.7052152,81.3,40.5,0.93983571
785.2,4022.5,-137,4.7,3.158467,81.6,40.5,0.93961371
314.2,4038.7,-471,16.2,1.2689595,81.6,40.5,0.93961371
236.1,4042.4,-78.1,3.7,0.95441064,81.7,40.5,0.9395397
665.1,4028.9,429,-13.5,2.6796214,81.9,40.5,0.9393917
949.3,4019.6,284.2,-9.3,3.8158063,82.2,40.5,0.93916969
776.1,4025,-173.2,5.4,3.1238025,82.4,40.5,0.93902168
513.2,4034,-262.9,9,2.0702488,82.5,40.5,0.93894768
571.2,4032.6,58,-1.4,2.3034211,82.7,40.5,0.93879967
858.1,4023.4,286.9,-9.2,3.4524795,82.9,40.5,0.93865167
962.1,4019.7,104,-3.7,3.8673534,83.2,40.5,0.93842966
715.3,4027.8,-246.8,8.1,2.8810853,83.4,40.5,0.93828165
288.1,4042.3,-427.2,14.5,1.1645866,83.5,40.5,0.93820765
434,4038.4,145.9,-3.9,1.7526656,83.6,40.5,0.93813365
728.1,4029,294.1,-9.4,2.9335149,83.8,40.5,0.93798564
870.2,4024.1,142.1,-4.9,3.5017718,84,40.5,0.93783764
1113.2,4015.7,243,-8.4,4.4702772,84.3,40.5,0.93761563
1657.3,3996.9,544.1,-18.8,6.6240624,84.8,40.5,0.93724562
2331.5,3972.9,674.2,-24,9.2628164,85.4,40.5,0.9368016
2438.6,3967.2,107.1,-5.7,9.6744139,86.1,40.5,0.93628358
2361.5,3967.8,-77.1,0.6,9.3699597,86.8,40.5,0.93576556
1777.4,3985.8,-584.1,18,7.0843609,87.3,40.5,0.93539555
1089.2,4008.4,-688.2,22.6,4.3659493,87.6,40.5,0.93517354
459.1,4030.2,-630.1,21.8,1.8502648,87.7,40.5,0.93509953
321.1,4036.2,-138,6,1.2960238,87.8,40.5,0.93502553
897.2,4018.1,576.1,-18.1,3.6050393,88,40.5,0.93487753
698.3,4024.7,-198.9,6.6,2.810448,88.2,40.5,0.93472952
1965.4,3982.6,1267.1,-42.1,7.827402,88.8,40.5,0.9342855
2101.4,3976.3,136,-6.3,8.3557968,89.4,40.5,0.93384149
2,4045,-2099.4,68.7,0.00809,89.4,40.5,0.93384149
-53,4048.6,-55,3.6,-0.2145758,89.4,40.5,0.93384149
441,4034.3,494,-14.3,1.7791263,89.5,40.5,0.93376748
758.1,4024.1,317.1,-10.2,3.0506702,89.7,40.5,0.93361948
716.2,4025.5,-41.9,1.4,2.8830631,89.9,40.5,0.93347147
449.3,4034.5,-266.9,9,1.8127009,90,40.5,0.93339747
86,4047.3,-363.3,12.8,0.3480678,90,40.5,0.93339747
186.1,4045,100.1,-2.3,0.7527745,90.1,40.5,0.93332347
757.1,4026.6,571,-18.4,3.0485389,90.3,40.5,0.93317546
1480.4,4002,723.3,-24.6,5.9245608,90.7,40.5,0.93287945
1452.5,4001.6,-27.9,-0.4,5.812324,91.1,40.5,0.93258344
329.1,4038.3,-1123.4,36.7,1.3290045,91.2,40.5,0.93250944
22,4049.7,-307.1,11.4,0.0890934,91.2,40.5,0.93250944
89,4048.8,67,-0.9,0.3603432,91.2,40.5,0.93250944
96,4049.4,7,0.6,0.3887424,91.3,40.5,0.93243543
654.1,4031.5,558.1,-17.9,2.6370042,91.4,40.5,0.93236143
484.1,4036.9,-170,5.4,1.9542633,91.6,40.5,0.93221342
-132,4057.1,-616.1,20.2,-0.5355372,91.5,40.5,0.93228743
-301.1,4064,-169.1,6.9,-1.2236704,91.5,40.5,0.93228743
-218.1,4062.5,83,-1.5,-0.88603125,91.4,40.5,0.93236143
29,4055.7,247.1,-6.8,0.1176153,91.4,40.5,0.93236143
475.1,4041.2,446.1,-14.5,1.9199741,91.5,40.5,0.93228743
125.1,4052.6,-350,11.4,0.50698026,91.6,40.5,0.93221342
-83,4059.6,-208.1,7,-0.3369468,91.5,40.5,0.93228743
-39,4058.8,44,-0.8,-0.1582932,91.5,40.5,0.93228743
-57,4060,-18,1.2,-0.23142,91.5,40.5,0.93228743
142,4054.5,199,-5.5,0.575739,91.6,40.5,0.93221342
175.1,4053.5,33.1,-1,0.70976785,91.6,40.5,0.93221342
132.1,4055.1,-43,1.6,0.53567871,91.6,40.5,0.93221342
1082.1,4023.6,950,-31.5,4.3539376,91.9,40.5,0.93199142
1325.3,4013.9,243.2,-9.7,5.3196217,92.3,40.5,0.9316954
1186.3,4017.3,-139,3.4,4.765723,92.6,40.5,0.9314734
1459.3,4007.2,273,-10.1,5.847707,93,40.5,0.93117738
1747.4,3996.3,288.1,-10.9,6.9831346,93.5,40.5,0.93080737
1471.5,4004,-275.9,7.7,5.891886,93.9,40.5,0.93051136
408.1,4038.8,-1063.4,34.8,1.6482343,94.1,40.5,0.93036335
1170.2,4014.3,762.1,-24.5,4.6975339,94.4,40.5,0.93014135
2059.5,3983.8,889.3,-30.5,8.2046361,94.9,40.5,0.92977133
1144.5,4012.4,-915,28.6,4.5921918,95.3,40.5,0.92947532
900.2,4020.5,-244.3,8.1,3.6192541,95.5,40.5,0.92932731
655.2,4028.9,-245,8.4,2.6397353,95.7,40.5,0.92917931
632.2,4030,-23,1.1,2.547766,95.9,40.5,0.9290313
1123.2,4014,491,-16,4.5085248,96.2,40.5,0.92880929
1262.2,4008.6,139,-5.4,5.0596549,96.5,40.5,0.92858729
1003.4,4016.6,-258.8,8,4.0302564,96.8,40.5,0.92836528
910.2,4019.5,-93.2,2.9,3.6585489,97.1,40.5,0.92814327
342.1,4038.7,-568.1,19.2,1.3816393,97.2,40.5,0.92806927
128.2,4046.7,-213.9,8,0.51878694,97.2,40.5,0.92806927
342.1,4040.5,213.9,-6.2,1.382255,97.3,40.5,0.92799526
36,4051.2,-306.1,10.7,0.1458432,97.3,40.5,0.92799526
-139.1,4057.4,-175.1,6.2,-0.56438434,97.3,40.5,0.92799526
-177,4059.8,-37.9,2.4,-0.7185846,97.2,40.5,0.92806927
-33,4055.8,144,-4,-0.1338414,97.2,40.5,0.92806927
-12,4055.7,21,-0.1,-0.0486684,97.2,40.5,0.92806927
136.1,4051.9,148.1,-3.8,0.55146359,97.2,40.5,0.92806927
533,4038.9,396.9,-13,2.1527337,97.4,40.5,0.92792126
744,4031.4,211,-7.5,2.9993616,97.6,40.5,0.92777326
841.1,4027.6,97.1,-3.8,3.3876144,97.8,40.5,0.92762525
858.2,4026.4,17.1,-1.2,3.4554565,98.1,40.5,0.92740324
933.2,4023.4,75,-3,3.7546369,98.3,40.5,0.92725524
921.4,4023.3,-11.8,-0.1,3.7070686,98.6,40.5,0.92703323
956.2,4021.6,34.8,-1.7,3.8454539,98.8,40.5,0.92688522
1338.1,4008.4,381.9,-13.2,5.36364,99.2,40.5,0.92658921
2421.4,3971.1,1083.3,-37.3,9.6156215,99.9,40.5,0.92607119
2876.5,3953.2,455.1,-17.9,11.37138,100.7,40.5,0.92547917
1978.6,3980.3,-897.9,27.1,7.8754216,101.2,40.5,0.92510915
914.3,4015,-1064.3,34.7,3.6709145,101.5,40.5,0.92488715
942.2,4014.9,27.9,-0.1,3.7828388,101.8,40.5,0.92466514
936.2,4015.4,-6,0.5,3.7592175,102,40.5,0.92451713
1014.3,4012.9,78.1,-2.5,4.0702845,102.3,40.5,0.92429512
1079.4,4010.7,65.1,-2.2,4.3291496,102.6,40.5,0.92407311
1066.3,4010.9,-13.1,0.2,4.2768227,102.9,40.5,0.92385111
1070.2,4010.6,3.9,-0.3,4.2921441,103.2,40.5,0.9236291
1074.2,4010.3,4,-0.3,4.3078643,103.5,40.5,0.92340709
1079.2,4009.9,5,-0.4,4.3274841,103.8,40.5,0.92318508
1118.3,4008.5,39.1,-1.4,4.4827056,104.1,40.5,0.92296307
1306.3,4001.9,188,-6.6,5.227682,104.5,40.5,0.92266706
1449.4,3996.6,143.1,-5.3,5.792672,104.9,40.5,0.92237105
1515.5,3993.6,66.1,-3,6.0523008,105.3,40.5,0.92207504
1540.5,3992.1,25,-1.5,6.1498301,105.7,40.5,0.92177903
1571.5,3990.3,31,-1.8,6.2707565,106.2,40.5,0.92140901
1570.4,3989.8,-1.1,-0.5,6.2655819,106.6,40.5,0.921113
1466.4,3992.6,-104,2.8,5.8547486,107,40.5,0.92081699
1451.4,3992.7,-15,0.1,5.7950048,107.4,40.5,0.92052098
1362.4,3995.3,-89,2.6,5.4431967,107.8,40.5,0.92022497
1223.3,3999.7,-139.1,4.4,4.892833,108.1,40.5,0.92000296
1246.3,3998.9,23,-0.8,4.9838291,108.5,40.5,0.91970695
1217.3,3999.8,-29,0.9,4.8689565,108.8,40.5,0.91948494
1184.4,4000.7,-32.9,0.9,4.7384291,109.1,40.4,0.91926293
1153.3,4001.7,-31.1,1,4.6151606,109.5,40.4,0.91896692
1108.3,4003.1,-45,1.4,4.4366357,109.8,40.4,0.91874491
1167.3,4001.1,59,-2,4.670484,110.1,40.4,0.9185229
1052.2,4004.8,-115.1,3.7,4.2138506,110.4,40.5,0.9183009
1115.2,4002.8,63,-2,4.4639226,110.7,40.4,0.91807889
644.2,4018.5,-471,15.7,2.5887177,110.9,40.4,0.91793088
-112.1,4043.9,-756.3,25.4,-0.45332119,110.8,40.4,0.91800488
-131,4046.4,-18.9,2.5,-0.5300784,110.8,40.5,0.91800488
237,4036,368,-10.4,0.956532,110.9,40.4,0.91793088
1163.3,4005.6,926.3,-30.4,4.6597145,111.2,40.4,0.91770887
1729.4,3985.7,566.1,-19.9,6.8928696,111.7,40.4,0.91733886
1666.4,3986.2,-63,0.5,6.6426037,112.1,40.4,0.91704285
1938.4,3976,272,-10.2,7.7070784,112.7,40.4,0.91659883
2204.4,3965.7,266,-10.3,8.7419891,113.3,40.4,0.91615481
1843.5,3976.3,-360.9,10.6,7.3303091,113.8,40.5,0.9157848
394.3,4023.9,-1449.2,47.6,1.5866238,113.9,40.5,0.9157108
-378.1,4050.9,-772.4,27,-1.5316453,113.8,40.5,0.9157848
-461,4056,-82.9,5.1,-1.869816,113.7,40.5,0.9158588
-547.1,4060.9,-86.1,4.9,-2.2217184,113.5,40.5,0.91600681
-713.3,4068.3,-166.2,7.4,-2.9019184,113.3,40.5,0.91615481
-749.1,4071.4,-35.8,3.1,-3.0498857,113.1,40.5,0.91630282
-739.2,4072.7,9.9,1.3,-3.0105398,112.9,40.5,0.91645083
-700.2,4072.9,39,0.2,-2.8518446,112.7,40.5,0.91659883
-680.2,4073.5,20,0.6,-2.7707947,112.5,40.5,0.91674684
-687.3,4074.8,-7.1,1.3,-2.80061,112.3,40.5,0.91689484
-671.1,4075.5,16.2,0.7,-2.7350681,112.2,40.5,0.91696884
-624.1,4074.9,47,-0.6,-2.5431451,112,40.5,0.91711685
-606.1,4075.3,18,0.4,-2.4700393,111.8,40.4,0.91726486
-806.1,4082.8,-200,7.5,-3.2911451,111.6,40.5,0.91741286
-1081.2,4093.2,-275.1,10.4,-4.4255678,111.3,40.5,0.91763487
-994.3,4091.8,86.9,-1.4,-4.0684767,111,40.5,0.91785688
-557.1,4078.4,437.2,-13.4,-2.2720766,110.9,40.5,0.91793088
-296.3,4070,260.8,-8.4,-1.205941,110.8,40.4,0.91800488
-311.1,4070.6,-14.8,0.6,-1.2663637,110.7,40.4,0.91807889
-1140.1,4098.6,-829,28,-4.6728139,110.4,40.5,0.9183009
-1465.3,4111.3,-325.2,12.7,-6.0242879,110,40.5,0.91859691
-1283.4,4107,181.9,-4.3,-5.2709238,109.6,40.5,0.91889292
-893.4,4095.3,390,-11.7,-3.658741,109.4,40.5,0.91904092
-700.3,4089.4,193.1,-5.9,-2.8638068,109.2,40.5,0.91918893
-487.1,4082.7,213.2,-6.7,-1.9886832,109,40.5,0.91933693
-204.1,4073.3,283,-9.4,-0.83136053,109,40.5,0.91933693
-20,4066.9,184.1,-6.4,-0.081338,109,40.5,0.91933693
32,4065.3,52,-1.6,0.1300896,109,40.5,0.91933693
32,4065,0,-0.3,0.13008,109,40.5,0.91933693
32,4064.7,0,-0.3,0.1300704,109,40.5,0.91933693
32,4064.5,0,-0.2,0.130064,109,40.5,0.91933693
284,4055.9,252,-8.6,1.1518756,109.1,40.5,0.91926293
1523.3,4014,1239.3,-41.9,6.1145262,109.5,40.5,0.91896692
880.4,4033,-642.9,19,3.5506532,109.7,40.5,0.91881892
532.1,4043.7,-348.3,10.7,2.1516528,109.9,40.5,0.91867091
264.1,4052.5,-268,8.8,1.0702653,110,40.5,0.91859691
173.1,4055.7,-91,3.2,0.70204167,110,40.5,0.91859691
291.1,4051.9,118,-3.8,1.1795081,110.1,40.5,0.9185229
518.2,4044.2,227.1,-7.7,2.0957044,110.2,40.5,0.9184489
846.1,4032.7,327.9,-11.5,3.4120675,110.5,40.5,0.91822689
520.2,4042.6,-325.9,9.9,2.1029605,110.6,40.5,0.91815289
531.2,4042,11,-0.6,2.1471104,110.8,40.5,0.91800488
836.1,4031.5,304.9,-10.5,3.3707372,111,40.5,0.91785688
1064.2,4023.1,228.1,-8.4,4.281383,111.3,40.5,0.91763487
1399.3,4010.9,335.1,-12.2,5.6124524,111.7,40.5,0.91733886
1248.4,4014.4,-150.9,3.5,5.011577,112,40.5,0.91711685
1060.4,4019.7,-188,5.3,4.2624899,112.3,40.5,0.91689484
1440.2,4006.4,379.8,-13.3,5.7700173,112.7,40.5,0.91659883
1565.4,4001,125.2,-5.4,6.2631654,113.2,40.5,0.91622882
1211.4,4011.5,-354,10.5,4.8595311,113.5,40.5,0.91600681
788.3,4025.1,-423.1,13.6,3.1729863,113.7,40.5,0.9158588
206,4044.7,-582.3,19.6,0.8332082,113.8,40.5,0.9157848
222.1,4045.1,16.1,0.4,0.89841671,113.8,40.5,0.9157848
-45,4054.1,-267.1,9,-0.1824345,113.8,40.5,0.9157848
-32,4054.6,13,0.5,-0.1297472,113.8,40.5,0.9157848
309.9,4044.5,341.9,-10.1,1.2533905,113.9,40.5,0.9157108
187,4048.5,-122.9,4,0.7570695,113.9,40.5,0.9157108
504,4038.2,317,-10.3,2.0352528,114.1,40.5,0.91556279
346.1,4043.2,-157.9,5,1.3993515,114.2,40.5,0.91548879
272.2,4045.8,-73.9,2.6,1.1012668,114.3,40.5,0.91541479
-27,4055.4,-299.2,9.6,-0.1094958,114.3,40.5,0.91541479
-754.1,4080.5,-727.1,25.1,-3.077105,114.1,40.5,0.91556279
-515.2,4074.2,238.9,-6.3,-2.0990278,113.9,40.5,0.9157108
-168,4063.5,347.2,-10.7,-0.682668,113.9,40.5,0.9157108
-159.2,4063.5,8.8,0,-0.6469092,113.8,40.5,0.9157848
377.1,4046.5,536.3,-17,1.5259352,113.9,40.5,0.9157108
1130.1,4020.8,753,-25.7,4.5439061,114.2,40.5,0.91548879
1461.3,4008,331.2,-12.8,5.8568904,114.6,40.5,0.91519278
1558.3,4002.9,97,-5.1,6.2377191,115.1,40.5,0.91482276
1713.4,3996.1,155.1,-6.8,6.8469177,115.5,40.5,0.91452675
1410.5,4004.6,-302.9,8.5,5.6484883,115.9,40.5,0.91423074
1489.3,4001.1,78.8,-3.5,5.9588382,116.3,40.5,0.91393473
1737.4,3991.7,248.1,-9.4,6.9351796,116.8,40.5,0.91356472
1306.4,4004.8,-431,13.1,5.2318707,117.2,40.5,0.9132687
1204.3,4007.7,-102.1,2.9,4.8264731,117.5,40.5,0.9130467
659.1,4025.6,-545.2,17.9,2.653273,117.7,40.5,0.91289869
147.3,4043.2,-511.8,17.6,0.59556336,117.7,40.5,0.91289869
2,4049.2,-145.3,6,0.0080984,117.8,40.5,0.91282469
185,4044.2,183,-5,0.748177,117.8,40.5,0.91282469
52,4049,-133,4.8,0.210548,117.8,40.5,0.91282469
-69,4053.2,-121,4.2,-0.2796708,117.8,40.5,0.91282469
-124.9,4055.8,-55.9,2.6,-0.50656942,117.8,40.5,0.91282469
-65,4054.6,59.9,-1.2,-0.263549,117.7,40.5,0.91289869
-10,4053.3,55,-1.3,-0.040533,117.7,40.5,0.91289869
-115.2,4057.3,-105.2,4,-0.46740096,117.7,40.5,0.91289869
-64,4056.2,51.2,-1.1,-0.2595968,117.7,40.5,0.91289869
-128.1,4058.7,-64.1,2.5,-0.51991947,117.7,40.5,0.91289869
124,4051.4,252.1,-7.3,0.5023736,117.7,40.5,0.91289869
690.2,4032.5,566.2,-18.9,2.7832315,117.9,40.4,0.91275068
514.2,4037.6,-176,5.1,2.0761339,118,40.4,0.91267668
655.2,4032.5,141,-5.1,2.642094,118.2,40.4,0.91252868
598.1,4034,-57.1,1.5,2.4127354,118.4,40.4,0.91238067
663.1,4031.5,65,-2.5,2.6732877,118.6,40.4,0.91223266
852.2,4024.8,189.1,-6.7,3.4299346,118.8,40.4,0.91208466
565.2,4033.8,-287,9,2.2799038,119,40.4,0.91193665
-281.2,4061.5,-846.4,27.7,-1.1420938,118.9,40.4,0.91201066
-317,4064,-35.8,2.5,-1.288288,118.8,40.4,0.91208466
-278,4063.8,39,-0.2,-1.1297364,118.7,40.4,0.91215866
-408,4069,-130,5.2,-1.660152,118.6,40.4,0.91223266
-150.2,4061.2,257.8,-7.8,-0.60999224,118.6,40.4,0.91223266
-56,4058.5,94.2,-2.7,-0.227276,118.5,40.4,0.91230667
203,4050.6,259,-7.9,0.8222718,118.6,40.4,0.91223266
581.1,4037.7,378.1,-12.9,2.3463075,118.8,40.4,0.91208466
530.3,4038.7,-50.8,1,2.1417226,118.9,40.4,0.91201066
1097.3,4019.3,567,-19.4,4.4103779,119.2,40.4,0.91178865
1418.2,4007.2,320.9,-12.1,5.683011,119.6,40.4,0.91149264
1687.4,3996.6,269.2,-10.6,6.7438628,120.1,40.4,0.91112262
2241.6,3976.3,554.2,-20.3,8.9132741,120.7,40.4,0.91067861
1860.5,3986.6,-381.1,10.3,7.4170693,121.2,40.4,0.91030859
1895.4,3984.1,34.9,-2.5,7.5514631,121.7,40.4,0.90993858
1553.6,3994.1,-341.8,10,6.2052338,122.2,40.4,0.90956856
1060.2,4009.9,-493.4,15.8,4.251296,122.5,40.4,0.90934656
577.2,4026.2,-483,16.3,2.3239226,122.6,40.4,0.90927255
177.3,4040.3,-399.9,14.1,0.71634519,122.7,40.4,0.90919855
1,4047.3,-176.3,7,0.0040473,122.7,40.4,0.90919855
-142,4052.6,-143,5.3,-0.5754692,122.6,40.4,0.90927255
399.1,4036.2,541.1,-16.4,1.6108474,122.7,40.4,0.90919855
1222.1,4008.6,823,-27.6,4.8989101,123.1,40.4,0.90890254
1245.2,4006.5,23.1,-2.1,4.9888938,123.4,40.4,0.90868053
1277.4,4004.4,32.2,-2.1,5.1152206,123.8,40.4,0.90838452
1610.3,3992.4,332.9,-12,6.4289617,124.2,40.4,0.90808851
1300.4,4001.4,-309.9,9,5.2034206,124.6,40.4,0.9077925
649.2,4022.7,-651.2,21.3,2.6115368,124.8,40.4,0.90764449
288,4035.3,-361.2,12.6,1.1621664,124.8,40.4,0.90764449
1079.2,4009.7,791.2,-25.6,4.3272682,125.1,40.4,0.90742248
1103.2,4008.2,24,-1.5,4.4218462,125.5,40.4,0.90712647
1139.2,4006.4,36,-1.8,4.5640909,125.8,40.4,0.90690446
1459.4,3995.1,320.2,-11.3,5.8304489,126.2,40.4,0.90660845
1212.3,4002.4,-247.1,7.3,4.8521095,126.5,40.4,0.90638644
1252.4,4000.7,40.1,-1.7,5.0104767,126.9,40.4,0.90609043
1514.3,3991.5,261.9,-9.2,6.0443285,127.3,40.4,0.90579442
1263.3,3998.9,-251,7.4,5.0518104,127.6,40.4,0.90557241
1369.3,3995,106,-3.9,5.4703535,128,40.4,0.9052764
1705.2,3983.2,335.9,-11.8,6.7921526,128.5,40.4,0.90490639
1201.4,3999,-503.8,15.8,4.8043986,128.8,40.4,0.90468438
1101.3,4002.3,-100.1,3.3,4.407733,129.1,40.4,0.90446237
1228.3,3998,127,-4.3,4.9107434,129.5,40.4,0.90416636
1550.5,3986.9,322.2,-11.1,6.1816885,129.9,40.4,0.90387035
897.2,4007.8,-653.3,20.9,3.5957982,130.1,40.4,0.90372234
890.3,4008.5,-6.9,0.7,3.5687675,130.4,40.4,0.90350033
837.1,4010.5,-53.2,2,3.3571896,130.6,40.4,0.90335233
992.2,4005.5,155.1,-5,3.9742571,130.9,40.4,0.90313032
1413.3,3991.3,421.1,-14.2,5.6409043,131.3,40.4,0.90283431
871.4,4008.6,-541.9,17.3,3.493094,131.5,40.4,0.9026863
1375.3,3992.1,503.9,-16.5,5.4903351,131.9,40.4,0.90239029
2048.4,3968.9,673.1,-23.2,8.1298948,132.5,40.4,0.90194627
1714.5,3978.4,-333.9,9.5,6.8209668,133,40.4,0.90157626
1169.4,3995.8,-545.1,17.4,4.6726885,133.3,40.4,0.90135425
1804.5,3974.8,635.1,-21,7.1725266,133.8,40.4,0.90098424
1978.4,3967.9,173.9,-6.9,7.8500934,134.3,40.4,0.90061422
520.2,4015.4,-1458.2,47.5,2.0888111,134.5,40.4,0.90046622
459.2,4019,-61,3.6,1.8455248,134.6,40.4,0.90039221
1348.1,3990.2,888.9,-28.8,5.3791886,135,40.4,0.9000962
1269.3,3992.1,-78.8,1.9,5.0671725,135.3,40.4,0.8998742
1221.3,3993.5,-48,1.4,4.8772616,135.7,40.4,0.89957818
1444.4,3985.7,223.1,-7.8,5.7569451,136.1,40.4,0.89928217
1390.3,3987,-54.1,1.3,5.5431261,136.5,40.4,0.89898616
1942.4,3968.2,552.1,-18.8,7.7078317,137,40.4,0.89861615
1846.6,3970.1,-95.8,1.9,7.3311867,137.5,40.4,0.89824613
1032.3,3996.4,-814.3,26.3,4.1254837,137.8,40.4,0.89802412
912.3,4001.1,-120,4.7,3.6502035,138.1,40.4,0.89780212
1471.3,3982.8,559,-18.3,5.8598936,138.5,40.4,0.89750611
1249.3,3989.6,-222,6.8,4.9842073,138.8,40.4,0.8972841
657.1,4009.4,-592.2,19.8,2.6345767,139,40.4,0.89713609
1455.3,3983.5,798.2,-25.9,5.7971876,139.4,40.4,0.89684008
1899.6,3968,444.3,-15.5,7.5376128,139.9,40.4,0.89647007
1141.3,3992,-758.3,24,4.5560696,140.2,40.4,0.89624806
285.3,4021,-856,29,1.1471913,140.3,40.4,0.89617405
566,4013.1,280.7,-7.9,2.2714146,140.5,40.4,0.89602605
703.1,4009.1,137.1,-4,2.8187982,140.7,40.4,0.89587804
1046.3,3998,343.2,-11.1,4.1831074,141,40.4,0.89565603
966.4,4000.4,-79.9,2.4,3.8659866,141.2,40.4,0.89550803
245.3,4024.5,-721.1,24.1,0.98720985,141.3,40.4,0.89543403
-163.1,4038.8,-408.4,14.3,-0.65872828,141.3,40.4,0.89543403
-33,4036,130.1,-2.8,-0.133188,141.3,40.4,0.89543403
61,4034.5,94,-1.5,0.2461045,141.3,40.4,0.89543403
-40,4038.1,-101,3.6,-0.161524,141.3,40.4,0.89543403
683,4015.5,723,-22.6,2.7425865,141.4,40.4,0.89536002
541.1,4019.8,-141.9,4.3,2.1751138,141.6,40.4,0.89521202
65,4035.8,-476.1,16,0.262327,141.6,40.4,0.89521202
1141.2,4000.8,1076.2,-35,4.565713,141.9,40.4,0.89499001
1794.3,3977.8,653.1,-23,7.1373665,142.4,40.4,0.89462
1488.5,3986.2,-305.8,8.4,5.9334587,142.8,40.4,0.89432398
2084.4,3965.5,595.9,-20.7,8.2656882,143.4,40.4,0.89387997
2490.5,3950.2,406.1,-15.3,9.8379731,144.1,40.4,0.89336195
1768.5,3972.2,-722,22,7.0248357,144.6,40.4,0.89299193
1377.3,3984.6,-391.2,12.4,5.4879896,145,40.4,0.89269592
1394.3,3984,17,-0.6,5.5548912,145.4,40.4,0.89239991
1663.4,3974.8,269.1,-9.2,6.6116823,145.8,40.4,0.8921039
2352.5,3951.2,689.1,-23.6,9.295198,146.5,40.4,0.89158588
1833.6,3966.8,-518.9,15.6,7.2735245,147,40.4,0.89121587
1577.4,3974.7,-256.2,7.9,6.2696918,147.4,40.4,0.89091985
1967.4,3961.5,390,-13.2,7.7938551,148,40.4,0.89047584
1004.3,3992.7,-963.1,31.2,4.0098686,148.2,40.4,0.89032783
56,4025.2,-948.3,32.5,0.2254112,148.3,40.4,0.89025383
482,4013,426,-12.2,1.934266,148.4,40.4,0.89017983
119.2,4025.9,-362.8,12.9,0.47988728,148.4,40.4,0.89017983
479.1,4015.2,359.9,-10.7,1.9236823,148.6,40.4,0.89003182
1111.2,3994.6,632.1,-20.6,4.4387995,148.9,40.4,0.88980981
1156.2,3992.5,45,-2.1,4.6161285,149.2,40.4,0.8895878
995.4,3997.4,-160.8,4.9,3.979012,149.5,40.4,0.8893658
866.2,4001.7,-129.2,4.3,3.4662725,149.7,40.4,0.88921779
1012.1,3997,145.9,-4.7,4.0453637,150,40.4,0.88899578
251.2,4022.4,-760.9,25.4,1.0104269,150.1,40.4,0.88892178
636.1,4010.6,384.9,-11.8,2.5511427,150.2,40.4,0.88884778
500.1,4015.4,-136,4.8,2.0081015,150.4,40.4,0.88869977
234.1,4024.8,-266,9.4,0.94220568,150.5,40.4,0.88862577
1584.3,3980.5,1350.2,-44.3,6.3063062,150.9,40.4,0.88832976
1739.4,3973.8,155.1,-6.7,6.9120277,151.4,40.4,0.88795974
2143.4,3959,404,-14.8,8.4857206,152,40.4,0.88751573
2564.6,3943.3,421.2,-15.7,10.112987,152.7,40.4,0.88699771
1707.5,3969.7,-857.1,26.4,6.7782627,153.2,40.4,0.88662769
1588.4,3973.4,-119.1,3.7,6.3113486,153.6,40.4,0.88633168
1245.4,3984.6,-343,11.2,4.9624208,153.9,40.4,0.88610967
979.3,3993.6,-266.1,9,3.9109325,154.2,40.4,0.88588766
610.3,4006.5,-369,12.9,2.4451669,154.4,40.4,0.88573966
-151,4032.2,-761.3,25.7,-0.6088622,154.4,40.4,0.88573966
-443.1,4043.9,-292.1,11.7,-1.7918521,154.2,40.4,0.88588766
-332.1,4042.2,111,-1.7,-1.3424146,154.1,40.4,0.88596167
-176,4038.4,156.1,-3.8,-0.7107584,154.1,40.4,0.88596167
316,4023.6,492,-14.8,1.2714576,154.2,40.4,0.88588766
446.1,4019.4,130.1,-4.2,1.7930543,154.3,40.4,0.88581366
-338.9,4045.2,-785,25.8,-1.3709183,154.2,40.4,0.88588766
-152.2,4040.4,186.7,-4.8,-0.61494888,154.2,40.4,0.88588766
328.1,4025.8,480.3,-14.6,1.320865,154.2,40.4,0.88588766
760.1,4011.5,432,-14.3,3.0491412,154.5,40.4,0.88566566
642.2,4014.8,-117.9,3.3,2.5783046,154.6,40.4,0.88559165
-81,4038.2,-723.2,23.4,-0.3270942,154.6,40.4,0.88559165
554.2,4018.8,635.2,-19.4,2.227219,154.8,40.4,0.88544365
1273.3,3994.5,719.1,-24.3,5.0861969,155.1,40.4,0.88522164
847.2,4007.5,-426.1,13,3.395154,155.4,40.4,0.88499963
514.1,4018.4,-333.1,10.9,2.0658594,155.5,40.4,0.88492563
1207.3,3995.6,693.2,-22.8,4.8238879,155.8,40.4,0.88470362
1079.1,3998.9,-128.2,3.3,4.315213,156.1,40.4,0.88448161
389.3,4021.5,-689.8,22.6,1.5655699,156.2,40.4,0.88440761
1155.2,3996.6,765.9,-24.9,4.6168723,156.6,40.4,0.8841116
936.2,4003.1,-219,6.5,3.7477022,156.8,40.4,0.88396359
-110.1,4037.2,-1046.3,34.1,-0.44449572,156.8,40.4,0.88396359
-71,4037.5,39.1,0.3,-0.2866625,156.8,40.4,0.88396359
6,4036.6,77,-0.9,0.0242196,156.8,40.4,0.88396359
-455,4052.1,-461,15.5,-1.8437055,156.7,40.4,0.88403759
-405.1,4051.9,49.9,-0.2,-1.6414247,156.6,40.4,0.8841116
-181.3,4045.5,223.8,-6.4,-0.73344915,156.5,40.4,0.8841856
-68,4042.3,113.3,-3.2,-0.2748764,156.5,40.4,0.8841856
640.2,4019.8,708.2,-22.5,2.573476,156.6,40.4,0.8841116
1211.2,4000,571,-19.8,4.8448,157,40.4,0.88381558
1544.3,3987.4,333.1,-12.6,6.1577418,157.4,40.4,0.88351957
1805.5,3977.2,261.2,-10.2,7.1808346,157.9,40.4,0.88314956
1019.3,4001.6,-786.2,24.4,4.0788309,158.2,40.4,0.88292755
642.2,4014.1,-377.1,12.5,2.577855,158.4,40.4,0.88277955
328.3,4025,-313.9,10.9,1.3214075,158.5,40.4,0.88270554
18,4036,-310.3,11,0.072648,158.5,40.4,0.88270554
738.1,4013,720.1,-23,2.9619953,158.7,40.4,0.88255754
481.2,4021.1,-256.9,8.1,1.9349533,158.8,40.4,0.88248353
263,4028.6,-218.2,7.5,1.0595218,158.9,40.4,0.88240953
659.2,4015.9,396.2,-12.7,2.6472813,159.1,40.4,0.88226153
1731.2,3979.8,1072,-36.1,6.8898298,159.5,40.4,0.88196551
2217.5,3961.7,486.3,-18.1,8.7850697,160.2,40.4,0.8814475
2065.6,3964.5,-151.9,2.8,8.1890712,160.7,40.4,0.88107748
2283.5,3955.7,217.9,-8.8,9.032841,161.4,40.4,0.88055946
2022.5,3962.5,-261,6.8,8.0141562,161.9,40.4,0.88018945
2408.7,3948.7,386.2,-13.8,9.5112337,162.6,40.4,0.87967143
2256.6,3951.9,-152.1,3.2,8.9178575,163.2,40.4,0.87922741
1330.4,3981.6,-926.2,29.7,5.2971206,163.6,40.4,0.8789314
1650.3,3971.3,319.9,-10.3,6.5538364,164,40.4,0.87863539
334.1,4014.6,-1316.2,43.3,1.3412779,164.1,40.4,0.87856139
1438.4,3979.5,1104.3,-35.1,5.7241128,164.5,40.4,0.87826537
2842.4,3932,1404,-47.5,11.176317,165.3,40.4,0.87767335
1375.4,3978.2,-1467,46.2,5.4716163,165.7,40.4,0.87737734
1476.5,3975,101.1,-3.2,5.8690875,166.1,40.4,0.87708133
663.2,4002,-813.3,27,2.6541264,166.3,40.4,0.87693332
-112,4028.3,-775.2,26.3,-0.4511696,166.3,40.4,0.87693332
50,4025.5,162,-2.8,0.201275,166.3,40.4,0.87693332
498.2,4011.9,448.2,-13.6,1.9987286,166.4,40.4,0.87685932
814,4001.6,315.8,-10.3,3.2573024,166.7,40.4,0.87663731
643.2,4007.2,-170.8,5.6,2.577431,166.8,40.4,0.87656331
491.1,4012.6,-152.1,5.4,1.9705879,167,40.4,0.8764153
607.1,4009.2,116,-3.4,2.4339853,167.1,40.4,0.8763413
79,4027,-528.1,17.8,0.318133,167.2,40.4,0.8762673
84,4027.9,5,0.9,0.3383436,167.2,40.4,0.8762673
550.3,4013.3,466.3,-14.6,2.208519,167.3,40.4,0.8761933
636.9,4010.4,86.6,-2.9,2.5542238,167.5,40.4,0.87604529
1519.2,3980.9,882.3,-29.5,6.0477833,167.9,40.4,0.87574928
2051.4,3961.7,532.2,-19.2,8.1270314,168.5,40.4,0.87530526
1594.5,3975,-456.9,13.3,6.3381375,169,40.4,0.87493525
964.3,3995.2,-630.2,20.2,3.8525714,169.2,40.5,0.87478724
728.2,4003.4,-236.1,8.2,2.9152759,169.4,40.5,0.87463924
1046.2,3993.3,318,-10.1,4.1777905,169.7,40.4,0.87441723
1417.2,3980.7,371,-12.6,5.641448,170.1,40.5,0.87412122
1978.4,3961.1,561.2,-19.6,7.8366402,170.7,40.5,0.8736772
1804.6,3965.5,-173.8,4.4,7.1561413,171.2,40.5,0.87330719
1554.4,3972.9,-250.2,7.4,6.1754758,171.6,40.5,0.87301117
1900.3,3960.9,345.9,-12,7.5268983,172.1,40.5,0.87264116
2227.4,3949,327.1,-11.9,8.7960026,172.7,40.5,0.87219714
2125.7,3951,-101.7,2,8.3986407,173.3,40.5,0.87175313
1486.4,3971.3,-639.3,20.3,5.9029403,173.7,40.5,0.87145712
1307.5,3977.3,-178.9,6,5.2003198,174.1,40.5,0.8711611
2125.4,3950.2,817.9,-27.1,8.3957551,174.7,40.5,0.87071709
2435.4,3938.6,310,-11.6,9.5920664,175.4,40.5,0.87019907
1905.6,3954.8,-529.8,16.2,7.5362669,175.9,40.5,0.86982905
1686.5,3961.6,-219.1,6.8,6.6812384,176.4,40.5,0.86945904
1734.5,3959.8,48,-1.8,6.8682731,176.8,40.5,0.86916303
753.3,3992.2,-981.2,32.4,3.0073243,177.1,40.5,0.86894102
210.1,4011.6,-543.2,19.4,0.84283716,177.1,40.5,0.86894102
1745.3,3962.2,1535.2,-49.4,6.9152277,177.6,40.5,0.86857101
1839.4,3957.8,94.1,-4.4,7.2799773,178.1,40.5,0.86820099
1452.5,3969.8,-386.9,12,5.7661345,178.5,40.5,0.86790498
2151.3,3946.4,698.8,-23.4,8.4898903,179.1,40.5,0.86746096
2186.5,3943.9,35.2,-2.5,8.6233374,179.7,40.5,0.86701695
2307.6,3938.9,121.1,-5,9.0894056,180.4,40.5,0.86649893
2642.7,3926.6,335.1,-12.3,10.376826,181.1,40.5,0.86598091
2673.6,3924.1,30.9,-2.5,10.491474,181.8,40.5,0.86546289
2907.6,3915.1,234,-9,11.383545,182.6,40.5,0.86487087
2962.7,3911.7,55.1,-3.4,11.589194,183.5,40.5,0.86420484
2454.8,3927.1,-507.9,15.4,9.6402451,184.1,40.5,0.86376082
1291.4,3965.3,-1163.4,38.2,5.1207884,184.5,40.5,0.86346481
1291.3,3966.4,-0.1,1.1,5.1218123,184.9,40.5,0.8631688
1291.3,3967.1,0,0.7,5.1227162,185.2,40.5,0.86294679
872.2,3981.6,-419.1,14.5,3.4727515,185.5,40.5,0.86272478
859.2,3983.1,-13,1.5,3.4222795,185.7,40.5,0.86257678
548.2,3994.4,-311,11.3,2.1897301,185.9,40.5,0.86242877
119.2,4009.8,-429,15.4,0.47796816,185.9,40.5,0.86242877
823.2,3988,704,-21.8,3.2829216,186.1,40.5,0.86228077
823.2,3988.3,0,0.3,3.2831686,186.3,40.5,0.86213276
810.1,3989.1,-13.1,0.8,3.2315699,186.6,40.5,0.86191075
1218.3,3975.9,408.2,-13.2,4.843839,186.9,40.5,0.86168874
1218.3,3975.6,0,-0.3,4.8434735,187.3,40.5,0.86139273
2039.3,3948,821,-27.6,8.0511564,187.8,40.5,0.86102272
2750.5,3922.9,711.2,-25.1,10.789936,188.6,40.5,0.8604307
2432.8,3931.3,-317.7,8.4,9.5640666,189.3,40.5,0.85991268
2917.6,3913.9,484.8,-17.4,11.419195,190.1,40.5,0.85932065
2975.6,3910.1,58,-3.8,11.634894,190.9,40.5,0.85872863
2955.7,3909.2,-19.9,-0.9,11.554422,191.7,40.5,0.85813661
2898.8,3909.6,-56.9,0.4,11.333148,192.5,40.5,0.85754459
2876.6,3909.1,-22.2,-0.5,11.244917,193.3,40.5,0.85695256
2895.6,3907.4,19,-1.7,11.314267,194.1,40.5,0.85636054
2427.7,3921.8,-467.9,14.4,9.5209539,194.8,40.5,0.85584252
1992.6,3935.9,-435.1,14.1,7.8426743,195.4,40.5,0.85539851
1992.6,3936.1,0,0.2,7.8430729,195.9,40.5,0.85502849
2012.5,3935.5,19.9,-0.6,7.9201938,196.5,40.5,0.85458447
647.3,3980.9,-1365.2,45.4,2.5768366,196.6,40.5,0.85451047
620.3,3983.8,-27,2.9,2.4711511,196.8,40.5,0.85436247
1068.3,3970.4,448,-13.4,4.2415783,197.1,40.5,0.85414046
607.3,3986.3,-461,15.9,2.42088,197.3,40.5,0.85399245
-36,4008.4,-643.3,22.1,-0.1443024,197.3,40.5,0.85399245
-745.1,4034.1,-709.1,25.7,-3.0058079,197.1,40.5,0.85414046
-1083.2,4048.3,-338.1,14.2,-4.3851186,196.8,40.5,0.85436247
-1346.3,4060,-263.1,11.7,-5.465978,196.4,40.5,0.85465848
-1413.4,4065,-67.1,5,-5.745471,196,40.5,0.85495449
-996.4,4053.9,417,-11.1,-4.039306,195.8,40.5,0.85510249
-570.3,4041.4,426.1,-12.5,-2.3048104,195.6,40.5,0.8552505
-125.1,4027.6,445.2,-13.8,-0.50385276,195.6,40.5,0.8552505
2731.4,3933.7,2856.5,-93.9,10.744508,196.2,40.5,0.85480648
2778.6,3928,47.2,-5.7,10.914341,197,40.5,0.85421446
1281.4,3974.8,-1497.2,46.8,5.0933087,197.4,40.5,0.85391845
1332.3,3973.2,50.9,-1.6,5.2934944,197.7,40.5,0.85369644
269.1,4008.3,-1063.2,35.1,1.0786335,197.8,40.5,0.85362244
873.2,3989.7,604.1,-18.6,3.483806,198,40.5,0.85347443
673.3,3996.4,-199.9,6.7,2.6907761,198.2,40.5,0.85332643
1068.1,3983.7,394.8,-12.7,4.25499,198.5,40.5,0.85310442
779.2,3992.9,-288.9,9.2,3.1112677,198.7,40.5,0.85295641
-99,4021.9,-878.2,29,-0.3981681,198.8,40.5,0.85288241
-161.2,4025.6,-62.2,3.7,-0.64892672,198.7,40.5,0.85295641
-290,4031.3,-128.8,5.7,-1.169077,198.7,40.5,0.85295641
683.1,4001,973.1,-30.3,2.7330831,198.8,40.5,0.85288241
1161.2,3984.6,478.1,-16.4,4.6269175,199.2,40.5,0.8525864
934.2,3991.2,-227,6.6,3.728579,199.4,40.5,0.85243839
759.2,3996.7,-175,5.5,3.0342946,199.6,40.5,0.85229039
28,4021.2,-731.2,24.5,0.1125936,199.7,40.5,0.85221638
569.1,4004.5,541.1,-16.7,2.278961,199.8,40.5,0.85214238
1703.4,3966.8,1134.3,-37.7,6.7570471,200.3,40.5,0.85177237
1897.3,3958.6,193.9,-8.2,7.5106518,200.8,40.5,0.85140235
819.3,3992.8,-1078,34.2,3.271301,201,40.5,0.85125435
722.2,3996.6,-97.1,3.8,2.8863445,201.2,40.5,0.85110634
1718.3,3963.8,996.1,-32.8,6.8109975,201.7,40.5,0.85073633
1529.3,3968.7,-189,4.9,6.0693329,202.1,40.5,0.85044032
931.3,3987.8,-598,19.1,3.7138381,202.4,40.5,0.85021831
771.3,3993.5,-160,5.7,3.0801866,202.6,40.5,0.8500703
722.1,3995.6,-49.2,2.1,2.8852228,202.8,40.5,0.8499223
983.2,3987.3,261.1,-8.3,3.9203134,203.1,40.5,0.84970029
1163.2,3981.1,180,-6.2,4.6308155,203.4,40.5,0.84947828
1082.2,3983.4,-81,2.3,4.3108355,203.7,40.5,0.84925627
1426.3,3971.8,344.1,-11.6,5.6649783,204.1,40.5,0.84896026
1777.3,3959.4,351,-12.4,7.0370416,204.6,40.5,0.84859025
1338.4,3972.8,-438.9,13.4,5.3171955,205,40.5,0.84829424
850.3,3988.9,-488.1,16.1,3.3917617,205.2,40.5,0.84814623
560.2,3999,-290.1,10.1,2.2402398,205.4,40.5,0.84799822
321.1,4007.8,-239.1,8.8,1.2869046,205.4,40.5,0.84799822
396,4006.3,74.9,-1.5,1.5864948,205.5,40.5,0.84792422
53,4018.4,-343,12.1,0.2129752,205.6,40.5,0.84785022
212,4014.3,159,-4.1,0.8510316,205.6,40.5,0.84785022
111,4018.3,-101,4,0.4460313,205.7,40.5,0.84777622
5,4022.7,-106,4.4,0.0201135,205.7,40.5,0.84777622
391.2,4010.8,386.2,-11.9,1.569025,205.8,40.5,0.84770221
1108.1,3987,716.9,-23.8,4.4179947,206.1,40.5,0.8474802
849.2,3994.7,-258.9,7.7,3.3922992,206.3,40.5,0.8473322
735.2,3998.3,-114,3.6,2.9395502,206.5,40.5,0.84718419
808.1,3995.9,72.9,-2.4,3.2290868,206.7,40.5,0.84703619
891.3,3993,83.2,-2.9,3.5589609,207,40.5,0.84681418
1226.2,3981.6,334.9,-11.4,4.8822379,207.3,40.5,0.84659217
645.1,4000.2,-581.1,18.6,2.580529,207.5,40.5,0.84644416
1234.3,3981,589.2,-19.2,4.9137483,207.9,40.5,0.84614815
1038.4,3986.8,-195.9,5.8,4.1398931,208.1,40.5,0.84600015
1292.1,3978.1,253.7,-8.7,5.140103,208.5,40.5,0.84570414
1747.3,3962.3,455.2,-15.8,6.9233268,209,40.5,0.84533412
1073.3,3983.5,-674,21.2,4.2754905,209.3,40.5,0.84511211
1482.3,3969.8,409,-13.7,5.8844345,209.7,40.5,0.8448161
1440.5,3970.5,-41.8,0.7,5.7195052,210.1,40.5,0.84452009
279.1,4008.6,-1161.4,38.1,1.1188003,210.2,40.5,0.84444609
-149.1,4023.7,-428.2,15.1,-0.59993367,210.1,40.5,0.84452009
1060.2,3985.8,1209.3,-37.9,4.2257452,210.4,40.5,0.84429808
1681.3,3964.4,621.1,-21.4,6.6653457,210.9,40.5,0.84392807
944.3,3987.5,-737,23.1,3.7653962,211.1,40.5,0.84378006
994.4,3986,50.1,-1.5,3.9636784,211.4,40.5,0.84355806
551.2,4000.7,-443.2,14.7,2.2051858,211.6,40.5,0.84341005
1277.3,3977.2,726.1,-23.5,5.0800776,211.9,40.5,0.84318804
2345.6,3940.9,1068.3,-36.3,9.243775,212.6,40.5,0.84267002
1915.5,3952.9,-430.1,12,7.5717799,213.1,40.5,0.84230001
1341.4,3970.9,-574.1,18,5.3265653,213.5,40.5,0.842004
1062.2,3980.2,-279.2,9.3,4.2277684,213.8,40.5,0.84178199
-425.9,4029.4,-1488.1,49.2,-1.7161215,213.7,40.5,0.84185599
907,3988.2,1332.9,-41.2,3.6172974,213.9,40.5,0.84170798
2661.5,3929.6,1754.5,-58.6,10.45863,214.6,40.5,0.84118997
371.2,4002.8,-2290.3,73.2,1.4858394,214.8,40.5,0.84104196
564,3998,192.8,-4.8,2.254872,214.9,40.5,0.84096796
343.2,4006,-220.8,8,1.3748592,215,40.5,0.84089395
556,3999.8,212.8,-6.2,2.2238888,215.2,40.5,0.84074595
1344.1,3973.9,788.1,-25.9,5.341319,215.5,40.5,0.84052394
1148.2,3979.5,-195.9,5.6,4.5692619,215.9,40.5,0.84022793
1061.2,3982,-87,2.5,4.2256984,216.1,40.5,0.84007992
897.2,3987.4,-164,5.4,3.5774953,216.4,40.5,0.83985791
563.2,3998.7,-334,11.3,2.2520678,216.6,40.5,0.83970991
776.1,3992.2,212.9,-6.5,3.0983464,216.8,40.5,0.8395619
32,4017.2,-744.1,25,0.1285504,216.8,40.5,0.8395619
394.1,4006.4,362.1,-10.8,1.5789222,216.9,40.5,0.8394879
642.2,3998.6,248.1,-7.8,2.5679009,217.1,40.5,0.83933989
89,4017.1,-553.2,18.5,0.3575219,217.1,40.5,0.83933989
-8,4020.8,-97,3.7,-0.0321664,217.1,40.5,0.83933989
-51,4023.2,-43,2.4,-0.2051832,217.1,40.5,0.83933989
673.1,4000.7,724.1,-22.5,2.6928712,217.3,40.5,0.83919189
781.1,3996.6,108,-4.1,3.1217443,217.5,40.5,0.83904388
277.2,4013.1,-503.9,16.5,1.1124313,217.6,40.5,0.83896988
40,4021.7,-237.2,8.6,0.160868,217.6,40.5,0.83896988
-203.1,4030,-243.1,8.3,-0.818493,217.5,40.5,0.83904388
528.1,4007.4,731.2,-22.6,2.1163079,217.7,40.5,0.83889588
1638.3,3970.2,1110.2,-37.2,6.5043787,218.1,40.5,0.83859987
727.3,3998.5,-911,28.3,2.908109,218.3,40.5,0.83845186
1075.4,3987,348.1,-11.5,4.2876198,218.6,40.5,0.83822985
1323.3,3978.1,247.9,-8.9,5.2642197,219,40.5,0.83793384
1196.2,3981.5,-127.1,3.4,4.7626703,219.3,40.5,0.83771183
1650.3,3965.9,454.1,-15.6,6.5449248,219.8,40.5,0.83734182
1611.4,3965.9,-38.9,0,6.3906513,220.2,40.5,0.83704581
1101.3,3981.9,-510.1,16,4.3852665,220.5,40.5,0.8368238
1307.3,3975,206,-6.9,5.1965175,220.9,40.5,0.83652779
1788.4,3958.5,481.1,-16.5,7.0793814,221.4,40.5,0.83615777
1195.5,3977,-592.9,18.5,4.7545035,221.7,40.5,0.83593577
636.3,3995.6,-559.2,18.6,2.5424003,221.9,40.5,0.83578776
666.2,3995.4,29.9,-0.2,2.6617355,222.1,40.5,0.83563975
919.1,3987.4,252.9,-8,3.6648193,222.3,40.5,0.83549175
1380.3,3972,461.2,-15.4,5.4825516,222.7,40.5,0.83519574
944.4,3985.7,-435.9,13.7,3.7640951,223,40.5,0.83497373
127.3,4013.1,-817.1,27.4,0.51086763,223,40.5,0.83497373
874,3989.5,746.7,-23.6,3.486823,223.3,40.5,0.83475172
1595.3,3965.3,721.3,-24.2,6.3258431,223.7,40.5,0.83445571
545.2,3998.9,-1050.1,33.6,2.1802003,223.9,40.5,0.8343077
606.2,3997.7,61,-1.2,2.4234057,224,40.5,0.8342337
1596.3,3965.1,990.1,-32.6,6.3294891,224.5,40.5,0.83386369
759.1,3991.7,-837.2,26.6,3.0300995,224.7,40.5,0.83371568
516.2,4000.2,-242.9,8.5,2.0649032,224.8,40.5,0.83364168
1249.3,3976.4,733.1,-23.8,4.9677165,225.2,40.5,0.83334567
1366.3,3971.8,117,-4.6,5.4266703,225.6,40.5,0.83304966
2199.4,3943.4,833.1,-28.4,8.673114,226.2,40.5,0.83260564
2005.5,3947.9,-193.9,4.5,7.9175135,226.7,40.5,0.83223562
641.3,3992,-1364.2,44.1,2.5600696,226.9,40.5,0.83208762
822.1,3987.1,180.8,-4.9,3.2777949,227.1,40.5,0.83193961
1578.2,3962.3,756.1,-24.8,6.2533019,227.6,40.5,0.8315696
1079.3,3978,-498.9,15.7,4.2934554,227.9,40.5,0.83134759
-176.1,4019.3,-1255.4,41.3,-0.70779873,227.8,40.5,0.83142159
91,4013.2,267.1,-6.1,0.3652012,227.9,40.5,0.83134759
1394.2,3970.9,1303.2,-42.3,5.5362288,228.2,40.5,0.83112558
1808.5,3955.9,414.3,-15,7.1542452,228.7,40.5,0.83075557
1870.6,3952.2,62.1,-3.7,7.3929853,229.2,40.5,0.83038555
1214.4,3972.8,-656.2,20.6,4.8245683,229.6,40.5,0.83008954
1324.1,3969.2,109.7,-3.6,5.2556177,229.9,40.5,0.82986753
862.2,3984.3,-461.9,15.1,3.4352635,230.2,40.5,0.82964553
278.3,4004.2,-583.9,19.9,1.1143689,230.2,40.5,0.82964553
534.1,3996.9,255.8,-7.3,2.1347443,230.4,40.5,0.82949752
-58,4016.6,-592.1,19.7,-0.2329628,230.4,40.5,0.82949752
582.1,3997.4,640.1,-19.2,2.3268865,230.6,40.5,0.82934952
1390.3,3970.6,808.2,-26.8,5.5203252,231,40.5,0.8290535
693.3,3992.6,-697,22,2.7680696,231.1,40.5,0.8289795
1434.3,3968.3,741,-24.3,5.6917327,231.5,40.5,0.82868349
717.2,3991.2,-717.1,22.9,2.8624886,231.7,40.5,0.82853548
491.2,3999.2,-226,8,1.964407,231.9,40.5,0.82838748
198.1,4009.7,-293.1,10.5,0.79432157,231.9,40.5,0.82838748
-184.9,4022.8,-383,13.1,-0.74381572,231.9,40.5,0.82838748
73,4016.3,257.9,-6.5,0.2931899,231.9,40.5,0.82838748
340.1,4008.2,267.1,-8.1,1.3631888,232,40.5,0.82831348
724.1,3995.7,384,-12.5,2.8932864,232.2,40.5,0.82816547
697.1,3996.3,-27,0.6,2.7858207,232.4,40.5,0.82801746
616.1,3998.9,-81,2.6,2.4637223,232.6,40.5,0.82786946
536.2,4001.6,-79.9,2.7,2.1456579,232.7,40.5,0.82779546
471.2,4004,-65,2.4,1.8866848,232.8,40.5,0.82772145
95,4016.8,-376.2,12.8,0.381596,232.9,40.5,0.82764745
-456.1,4035.5,-551.1,18.7,-1.8405915,232.8,40.5,0.82772145
-177.2,4027.8,278.9,-7.7,-0.71372616,232.7,40.5,0.82779546
1560.2,3971.5,1737.4,-56.3,6.1963343,233.1,40.5,0.82749944
1484.3,3971.7,-75.9,0.2,5.8951943,233.5,40.5,0.82720343
1560.5,3967.9,76.2,-3.8,6.191908,233.9,40.5,0.82690742
2110.5,3948.4,550,-19.5,8.3330982,234.5,40.5,0.82646341
1133.5,3979,-977,30.6,4.5101965,234.8,40.5,0.8262414
50,4015.1,-1083.5,36.1,0.200755,234.9,40.5,0.82616739
290,4008.8,240,-6.3,1.162552,235,40.5,0.82609339
1113.2,3982,823.2,-26.8,4.4327624,235.3,40.5,0.82587138
1327.3,3974.1,214.1,-7.9,5.2748229,235.7,40.5,0.82557537
-26,4017.8,-1353.3,43.7,-0.1044628,235.7,40.5,0.82557537
1661.2,3963.8,1687.2,-54,6.5846646,236.1,40.5,0.82527936
2955.5,3919,1294.3,-44.8,11.582604,236.9,40.5,0.82468734
1681.7,3958,-1273.8,39,6.6561686,237.4,40.5,0.82431732
2191.4,3940.5,509.7,-17.5,8.6352117,238,40.5,0.82387331
1646.5,3957,-544.9,16.5,6.5152005,238.4,40.5,0.8235773
588.2,3991.9,-1058.3,34.9,2.3480356,238.6,40.5,0.82342929
191.2,4006.3,-397,14.4,0.76600456,238.6,40.5,0.82342929
-27,4014.5,-218.2,8.2,-0.1083915,238.7,40.5,0.82335529
603.2,3995.6,630.2,-18.9,2.4101459,238.8,40.5,0.82328128
1408.2,3968.9,805,-26.7,5.589005,239.2,40.5,0.82298527
1067.3,3979,-340.9,10.1,4.2467867,239.5,40.5,0.82276327
287.3,4004.9,-780,25.9,1.1506078,239.6,40.5,0.82268926
445,4000.8,157.7,-4.1,1.780356,239.7,40.5,0.82261526
501.1,3999.4,56.1,-1.4,2.0040993,239.9,40.5,0.82246725
427.1,4002.3,-74,2.9,1.7093823,240,40.5,0.82239325
559,3998.3,131.9,-4,2.2350497,240.1,40.5,0.82231925
659.1,3995.2,100.1,-3.1,2.6332363,240.3,40.5,0.82217124
656.2,3995.3,-2.9,0.1,2.6217159,240.5,40.5,0.82202324
671.1,3994.9,14.9,-0.4,2.6809774,240.7,40.5,0.82187523
745.1,3992.6,74,-2.3,2.9748863,240.9,40.5,0.82172723
421.2,4003.3,-323.9,10.7,1.68619,241,40.5,0.82165322
-37,4018.5,-458.2,15.2,-0.1486845,241,40.5,0.82165322
72,4016.7,109,-1.8,0.2892024,241,40.5,0.82165322
692.2,3996.7,620.2,-20,2.7665157,241.2,40.5,0.82150522
29,4018.5,-663.2,21.8,0.1165365,241.2,40.5,0.82150522
-456,4035,-485,16.5,-1.83996,241.1,40.5,0.82157922
-284.1,4030.8,171.9,-4.2,-1.1451503,241,40.5,0.82165322
353,4011.2,637.1,-19.6,1.4159536,241.1,40.5,0.82157922
742.1,3998,389.1,-13.2,2.9669158,241.3,40.5,0.82143121
726.1,3998,-16,0,2.9029478,241.5,40.5,0.82128321
1116.2,3984.6,390.1,-13.4,4.4476105,241.8,40.5,0.8210612
1658.4,3965.6,542.2,-19,6.576551,242.3,40.5,0.82069119
1324.5,3975.1,-333.9,9.5,5.26502,242.7,40.5,0.82039518
1139.3,3980.5,-185.2,5.4,4.5349837,243,40.5,0.82017317
1202.3,3977.9,63,-2.6,4.7826292,243.3,40.5,0.81995116
1710.5,3960.5,508.2,-17.4,6.7744352,243.8,40.5,0.81958114
1535.3,3964.9,-175.2,4.4,6.087311,244.2,40.5,0.81928513
1186.3,3975.7,-349,10.8,4.7163729,244.5,40.5,0.81906312
1283.3,3972.4,97,-3.3,5.0977809,244.9,40.5,0.81876711
-22,4014.8,-1305.3,42.4,-0.0883256,244.9,40.5,0.81876711
99,4013.2,121,-1.6,0.3973068,244.9,40.5,0.81876711
1194.4,3977.8,1095.4,-35.4,4.7510843,245.2,40.5,0.8185451
1093.2,3980.1,-101.2,2.3,4.3510453,245.5,40.5,0.8183231
855.2,3987.6,-238,7.5,3.4101955,245.8,40.5,0.81810109
1581.3,3963.4,726.1,-24.2,6.2673244,246.2,40.5,0.81780508
2275.5,3939.1,694.2,-24.3,8.9634221,246.8,40.5,0.81736106
1824.5,3951.9,-451,12.8,7.2102416,247.4,40.5,0.81691704
1635.5,3957.2,-189,5.3,6.4720006,247.8,40.5,0.81662103
1234.4,3969.9,-401.1,12.7,4.9004446,248.1,40.5,0.81639902
1137.5,3973.2,-96.9,3.3,4.519515,248.5,40.5,0.81610301
1509.3,3960.8,371.8,-12.4,5.9780354,248.9,40.5,0.815807
1047.2,3975.5,-462.1,14.7,4.1631436,249.2,40.5,0.81558499
900.2,3980.7,-147,5.2,3.5834261,249.4,40.5,0.81543699
1853.4,3949.2,953.2,-31.5,7.3194473,249.9,40.5,0.81506697
1353.4,3964.5,-500,15.3,5.3655543,250.3,40.5,0.81477096
1143.4,3971.2,-210,6.7,4.5406701,250.6,40.5,0.81454895
1589.1,3956.4,445.7,-14.8,6.2871152,251.1,40.5,0.81417894
1087.3,3972.3,-501.8,15.9,4.3190818,251.4,40.5,0.81395693
1415.4,3961.7,328.1,-10.6,5.6073902,251.8,40.5,0.81366092
1451.4,3959.9,36,-1.8,5.7473989,252.2,40.5,0.81336491
161.1,4002.5,-1290.3,42.6,0.64480275,252.2,40.5,0.81336491
302.1,3999.6,141,-2.9,1.2082792,252.3,40.5,0.81329091
978.2,3978.1,676.1,-21.5,3.8913774,252.6,40.5,0.8130689
579.1,3991.1,-399.1,13,2.311246,252.7,40.5,0.81299489
1414.2,3963.9,835.1,-27.2,5.6057474,253.1,40.5,0.81269888
1151.3,3971.6,-262.9,7.7,4.5725031,253.4,40.5,0.81247687
679.3,3987.1,-472,15.5,2.708437,253.6,40.5,0.81232887
1088.3,3974.1,409,-13,4.325013,253.9,40.5,0.81210686
273,4000.9,-815.3,26.8,1.0922457,254,40.5,0.81203286
665.1,3989.1,392.1,-11.8,2.6531504,254.2,40.5,0.81188485
971.2,3979.1,306.1,-10,3.8645019,254.5,40.5,0.81166284
933.3,3980.1,-37.9,1,3.7146273,254.7,40.5,0.81151484
419.2,3997.1,-514.1,17,1.6755843,254.8,40.5,0.81144083
-160.1,4016.7,-579.3,19.6,-0.64307367,254.8,40.5,0.81144083
-120,4016.9,40.1,0.2,-0.482028,254.8,40.5,0.81144083
103.1,4011.3,223.1,-5.6,0.41356503,254.8,40.5,0.81144083
924.1,3984.6,821,-26.7,3.6821689,255.1,40.5,0.81121883
1212.1,3974.3,288,-10.3,4.817249,255.4,40.5,0.81099682
1284.4,3970.9,72.3,-3.4,5.100224,255.8,40.5,0.81070081
1159.2,3974.3,-125.2,3.4,4.6070086,256.1,40.5,0.8104788
1104.2,3975.6,-55,1.3,4.3898575,256.4,40.5,0.81025679
985.3,3979.3,-118.9,3.7,3.9208043,256.7,40.5,0.81003478
403.2,3998.7,-582.1,19.4,1.6122758,256.8,40.5,0.80996078
529.2,3995.3,126,-3.4,2.1143128,256.9,40.5,0.80988678
1113.1,3976.3,583.9,-19,4.4260195,257.2,40.5,0.80966477
1334.2,3968.2,221.1,-8.1,5.2943724,257.6,40.5,0.80936876
1236.4,3970.6,-97.8,2.4,4.9092498,258,40.5,0.80907274
990.4,3978.3,-246,7.7,3.9401083,258.2,40.5,0.80892474
1629.4,3957,639,-21.3,6.4475358,258.7,40.5,0.80855473
769.4,3984.5,-860,27.5,3.0656743,258.9,40.5,0.80840672
-123.1,4014.2,-892.5,29.7,-0.49414802,258.9,40.5,0.80840672
582,3993.1,705.1,-21.1,2.3239842,259,40.5,0.80833272
1294.2,3969.5,712.2,-23.6,5.1373269,259.4,40.5,0.80803671
1899.5,3948.4,605.3,-21.1,7.4999858,259.9,40.5,0.80766669
1381.3,3963.9,-518.2,15.5,5.4753351,260.3,40.5,0.80737068
258.2,4001,-1123.1,37.1,1.0330582,260.4,40.5,0.80729668
1566.4,3958.7,1308.2,-42.3,6.2009077,260.8,40.5,0.80700067
2015.5,3942.6,449.1,-16.1,7.9463103,261.4,40.5,0.80655665
1680.5,3952.1,-335,9.5,6.6415041,261.8,40.5,0.80626064
2222.4,3933.3,541.9,-18.8,8.7413659,262.4,40.5,0.80581662
1373.4,3959.9,-849,26.6,5.4385267,262.8,40.5,0.80552061
489.2,3989.4,-884.2,29.5,1.9516145,263,40.5,0.8053726
277,3997.8,-212.2,8.4,1.1073906,263,40.5,0.8053726
624.1,3987.5,347.1,-10.3,2.4885987,263.2,40.5,0.8052246
772.2,3983,148.1,-4.5,3.0756726,263.4,40.5,0.80507659
825.3,3981.3,53.1,-1.7,3.2857669,263.6,40.5,0.80492859
1908.4,3945.3,1083.1,-36,7.5292105,264.2,40.5,0.80448457
2290.3,3930.9,381.9,-14.4,9.0029403,264.8,40.5,0.80404055
1781.6,3945.8,-508.7,14.9,7.0298373,265.3,40.5,0.80367054
1300.5,3961.2,-481.1,15.4,5.1515406,265.7,40.5,0.80337453
1442.2,3956.5,141.7,-4.7,5.7060643,266.1,40.5,0.80307852
1140.3,3966.2,-301.9,9.7,4.5226579,266.4,40.5,0.80285651
372.2,3992,-768.1,25.8,1.4858224,266.5,40.5,0.80278251
-6,4005.5,-378.2,13.5,-0.024033,266.5,40.5,0.80278251
15,4007,21,1.5,0.060105,266.5,40.5,0.80278251
818.2,3981.5,803.2,-25.5,3.2576633,266.7,40.5,0.8026345
1032.1,3974.1,213.9,-7.4,4.1016686,267,40.5,0.80241249
1339.2,3963.4,307.1,-10.7,5.3077853,267.4,40.5,0.80211648
1064.3,3971.8,-274.9,8.4,4.2271867,267.7,40.5,0.80189447
706.2,3983.7,-358.1,11.9,2.8132889,267.9,40.5,0.80174647
1357.2,3962.4,651,-21.3,5.3777693,268.2,40.5,0.80152446
1460.3,3958.2,103.1,-4.2,5.7801595,268.6,40.5,0.80122845
1322.3,3962,-138,3.8,5.2389526,269,40.5,0.80093244
1244.3,3964.1,-78,2.1,4.9325296,269.4,40.5,0.80063642
1027.3,3971.2,-217,7.1,4.0796138,269.6,40.5,0.80048842
647.3,3984,-380,12.8,2.5788432,269.8,40.5,0.80034041
211.2,3999.3,-436.1,15.3,0.84465216,269.9,40.5,0.80026641
12,4007.2,-199.2,7.9,0.0480864,269.9,40.5,0.80026641
414,3995.1,402,-12.1,1.6539714,270,40.5,0.80019241
817.2,3982.1,403.2,-13,3.2541721,270.2,40.5,0.8000444
21,4008.4,-796.2,26.3,0.0841764,270.3,40.5,0.7999704
231,4002.7,210,-5.7,0.9246237,270.3,40.5,0.7999704
633.1,3990,402.1,-12.7,2.526069,270.5,40.5,0.79982239
-8,4010.6,-641.1,20.6,-0.0320848,270.5,40.5,0.79982239
-92,4014.6,-84,4,-0.3693432,270.5,40.5,0.79982239
-53,4014.4,39,-0.2,-0.2127632,270.5,40.5,0.79982239
404.2,4000.6,457.2,-13.8,1.6170425,270.6,40.5,0.79974839
1138.4,3976.1,734.2,-24.5,4.5263922,270.9,40.5,0.79952638
823.3,3985.5,-315.1,9.4,3.2812622,271.1,40.5,0.79937838
684.1,3990,-139.2,4.5,2.729559,271.3,40.5,0.79923037
1195.2,3972.9,511.1,-17.1,4.7484101,271.6,40.5,0.79900836
1298.2,3968.5,103,-4.4,5.1519067,272,40.5,0.79871235
1318.4,3967,20.2,-1.5,5.2300928,272.4,40.5,0.79841634
1667.3,3954.7,348.9,-12.3,6.5936713,272.8,40.5,0.79812033
2114.5,3938.5,447.2,-16.2,8.3279583,273.4,40.5,0.79767631
1404.5,3960.4,-710,21.9,5.5623818,273.8,40.5,0.7973803
1703.5,3950.1,299,-10.3,6.7289953,274.3,40.5,0.79701029
1902.3,3942.5,198.8,-7.6,7.4998178,274.8,40.5,0.79664027
934.1,3973.6,-968.2,31.1,3.7117398,275.1,40.5,0.79641826
1439.3,3957.4,505.2,-16.2,5.6958858,275.5,40.5,0.79612225
1967.4,3939.3,528.1,-18.1,7.7501788,276,40.5,0.79575224
1787.5,3943.9,-179.9,4.6,7.0497213,276.5,40.5,0.79538222
1007.3,3969.1,-780.2,25.2,3.9980744,276.8,40.5,0.79516022
538.2,3985.3,-469.1,16.2,2.1448885,276.9,40.5,0.79508621
699.2,3981,161,-4.3,2.7835152,277.1,40.5,0.79493821
613.2,3984.4,-86,3.4,2.4432341,277.3,40.5,0.7947902
237.2,3997.5,-376,13.1,0.948207,277.4,40.5,0.7947162
-79,4008.5,-316.2,11,-0.3166715,277.3,40.5,0.7947902
378.1,3995.4,457.1,-13.1,1.5106607,277.4,40.5,0.7947162
514.9,3991.3,136.8,-4.1,2.0551204,277.6,40.5,0.79456819
977.1,3976,462.2,-15.3,3.8849496,277.9,40.5,0.79434619
1260.3,3966,283.2,-10,4.9983498,278.2,40.5,0.79412418
1328.2,3963,67.9,-3,5.2636566,278.6,40.5,0.79382817
852.3,3978.2,-475.9,15.2,3.3906199,278.8,40.5,0.79368016
75,4004.3,-777.3,26.1,0.3003225,278.8,40.5,0.79368016
374.1,3995.8,299.1,-8.5,1.4948288,278.9,40.5,0.79360616
985.2,3975.9,611.1,-19.9,3.9170567,279.2,40.5,0.79338415
1282.4,3965.5,297.2,-10.4,5.0853572,279.6,40.5,0.79308814
1318.3,3963.4,35.9,-2.1,5.2249502,279.9,40.5,0.79286613
1228.4,3965.7,-89.9,2.3,4.8714659,280.3,40.5,0.79257012
1053.2,3971.1,-175.2,5.4,4.1823625,280.6,40.5,0.79234811
945.2,3974.5,-108,3.4,3.7566974,280.8,40.5,0.7922001
1010.3,3972.4,65.1,-2.1,4.0133157,281.1,40.5,0.7919781
2063.4,3937.2,1053.1,-35.2,8.1240185,281.7,40.5,0.79153408
1086.5,3967.9,-976.9,30.7,4.3111233,282,40.5,0.79131207
253.1,3995.8,-833.4,27.9,1.011337,282.1,40.5,0.79123807
971.2,3973.2,718.1,-22.6,3.8587718,282.3,40.5,0.79109006
919.4,3974.8,-51.8,1.6,3.6544311,282.6,40.5,0.79086805
523.2,3988,-396.2,13.2,2.0865216,282.7,40.5,0.79079405
1264.3,3963.9,741.1,-24.1,5.0115588,283.1,40.5,0.79049804
1345.3,3960.4,81,-3.5,5.3279261,283.4,40.5,0.79027603
1118.1,3967.3,-227.2,6.9,4.4358381,283.8,40.5,0.78998002
1289.4,3961.5,171.3,-5.8,5.1079581,284.1,40.5,0.78975801
1377.2,3958,87.8,-3.5,5.4509576,284.5,40.5,0.789462
1471.4,3954.4,94.2,-3.6,5.8185042,284.9,40.5,0.78916599
1545.4,3951.3,74,-3.1,6.106339,285.3,40.5,0.78886998
1598.3,3948.8,52.9,-2.5,6.311367,285.8,40.5,0.78849996
1545.5,3949.9,-52.8,1.1,6.1045705,286.2,40.5,0.78820395
608.2,3980.7,-937.3,30.8,2.4210617,286.4,40.5,0.78805595
196.2,3995.4,-412,14.7,0.78389748,286.4,40.5,0.78805595
166.1,3997.9,-30.1,2.5,0.66405119,286.5,40.5,0.78798194
14,4004.1,-152.1,6.2,0.0560574,286.5,40.5,0.78798194
-47,4006.8,-61,2.7,-0.1883196,286.5,40.5,0.78798194
-364,4018.5,-317,11.7,-1.462734,286.4,40.5,0.78805595
-81,4010.7,283,-7.8,-0.3248667,286.4,40.5,0.78805595
755.2,3984.3,836.2,-26.4,3.0089434,286.5,40.5,0.78798194
1505.4,3958.7,750.2,-25.6,5.959427,287,40.5,0.78761193
1659.4,3952,154,-6.7,6.5579488,287.4,40.5,0.78731592
797.2,3979.3,-862.2,27.3,3.172298,287.6,40.5,0.78716791
1415.2,3959,618,-20.3,5.6027768,288,40.5,0.7868719
1090.2,3968.9,-325,9.9,4.3268948,288.3,40.5,0.78664989
-22,4005.2,-1112.2,36.3,-0.0881144,288.4,40.5,0.78657589
841,3978.8,863,-26.4,3.3461708,288.6,40.5,0.78642788
1226.2,3965.6,385.2,-13.2,4.8626187,288.9,40.5,0.78620588
475.2,3989.9,-751,24.3,1.8960005,289,40.5,0.78613187
755.2,3981.3,280,-8.6,3.0066778,289.3,40.5,0.78590986
1138.1,3968.5,382.9,-12.8,4.5165498,289.6,40.5,0.78568786
491.2,3989.5,-646.9,21,1.9596424,289.7,40.5,0.78561385
13,4006.1,-478.2,16.6,0.0520793,289.7,40.5,0.78561385
23,4007.1,10,1,0.0921633,289.7,40.5,0.78561385
57,4007,34,-0.1,0.228399,289.8,40.5,0.78553985
143.1,4004.9,86.1,-2.1,0.57310119,289.8,40.5,0.78553985
929.2,3979.3,786.1,-25.6,3.6975656,290,40.5,0.78539184
1448.3,3961.1,519.1,-18.2,5.7368611,290.4,40.5,0.78509583
1225.3,3967.2,-223,6.1,4.8610102,290.8,40.5,0.78479982
1206.3,3967.1,-19,-0.1,4.7855127,291.1,40.5,0.78457781
1257.4,3964.8,51.1,-2.3,4.9853395,291.5,40.5,0.7842818
1032.3,3971.8,-225.1,7,4.1000891,291.8,40.5,0.78405979
280.2,3996.7,-752.1,24.9,1.1198753,291.8,40.5,0.78405979
25,4006.3,-255.2,9.6,0.1001575,291.8,40.5,0.78405979
-179,4013.7,-204,7.4,-0.7184523,291.8,40.5,0.78405979
-458.1,4024.5,-279.1,10.8,-1.8436234,291.7,40.5,0.7841338
-229.2,4018.4,228.9,-6.1,-0.92101728,291.6,40.5,0.7842078
7,4012.1,236.2,-6.3,0.0280847,291.6,40.5,0.7842078
-5,4012.4,-12,0.3,-0.020062,291.6,40.5,0.7842078
-55,4014.7,-50,2.3,-0.2208085,291.6,40.5,0.7842078
168.1,4008.5,223.1,-6.2,0.67382885,291.6,40.5,0.7842078
-95,4016.9,-263.1,8.4,-0.3816055,291.6,40.5,0.7842078
-76,4017,19,0.1,-0.305292,291.6,40.5,0.7842078
2,4015.6,78,-1.4,0.0080312,291.6,40.5,0.7842078
-289.1,4025.2,-291.1,9.6,-1.1636853,291.5,40.5,0.7842818
-240.1,4024.4,49,-0.8,-0.96625844,291.5,40.5,0.7842818
177.1,4011.9,417.2,-12.5,0.71050749,291.5,40.5,0.7842818
354.2,4006,177.1,-5.9,1.4189252,291.6,40.5,0.7842078
-265.1,4025.8,-619.3,19.8,-1.0672396,291.5,40.5,0.7842818
-426.1,4032.2,-161,6.4,-1.7181204,291.4,40.5,0.78435581
-606,4039.3,-179.9,7.1,-2.4478158,291.2,40.5,0.78450381
-712.2,4044,-106.2,4.7,-2.8801368,291,40.5,0.78465182
-641.1,4042.8,71.1,-1.2,-2.5918391,290.9,40.5,0.78472582
-319.1,4033.1,322,-9.7,-1.2869622,290.8,40.5,0.78479982
-409.1,4036.5,-90,3.4,-1.6513322,290.7,40.5,0.78487383
-953.1,4055.2,-544,18.7,-3.8650111,290.4,40.5,0.78509583
-979.3,4057.6,-26.2,2.4,-3.9736077,290.1,40.5,0.78531784
-1020.2,4060.3,-40.9,2.7,-4.1423181,289.8,40.5,0.78553985
-1076.1,4063.5,-55.9,3.2,-4.3727324,289.5,40.5,0.78576186
-926.2,4059.7,149.9,-3.8,-3.7600941,289.3,40.5,0.78590986
-754.2,4054.9,172,-4.8,-3.0582056,289.1,40.5,0.78605787
-638.1,4051.6,116.1,-3.3,-2.585326,288.9,40.5,0.78620588
-806.2,4057.7,-168.1,6.1,-3.2713177,288.7,40.5,0.78635388
-486.2,4047.8,320,-9.9,-1.9680404,288.5,40.5,0.78650189
29,4031.4,515.2,-16.4,0.1169106,288.5,40.5,0.78650189
1049.3,3997,1020.3,-34.4,4.1940521,288.8,40.5,0.78627988
2051.4,3961.6,1002.1,-35.4,8.1268262,289.4,40.5,0.78583586
2868.6,3931.1,817.2,-30.5,11.276753,290.2,40.5,0.78524384
2937.6,3924.8,69,-6.3,11.529492,291,40.5,0.78465182
2836.7,3924.7,-100.9,-0.1,11.133196,291.8,40.5,0.78405979
2534.8,3931.8,-301.9,7.1,9.9663266,292.5,40.5,0.78354177
1886.5,3951.1,-648.3,19.3,7.4537502,293,40.5,0.78317176
1511.4,3962.6,-375.1,11.5,5.9890736,293.4,40.5,0.78287575
1114.3,3975.3,-397.1,12.7,4.4296768,293.7,40.5,0.78265374
1076.3,3976.5,-38,1.2,4.2799069,294,40.5,0.78243173
455.2,3997,-621.1,20.5,1.8194344,294.2,40.5,0.78228373
722.1,3989,266.9,-8,2.8804569,294.4,40.5,0.78213572
713.1,3989.3,-9,0.3,2.8447698,294.6,40.5,0.78198772
628.2,3992.1,-84.9,2.8,2.5078372,294.7,40.5,0.78191371
990.1,3980.2,361.9,-11.9,3.940796,295,40.5,0.7816917
753.2,3987.6,-236.9,7.4,3.0034603,295.2,40.5,0.7815437
1243.2,3971.2,490,-16.4,4.9369958,295.6,40.5,0.78124769
1559.4,3959.7,316.2,-11.5,6.1747562,296,40.5,0.78095168
1448.3,3962.1,-111.1,2.4,5.7383094,296.4,40.5,0.78065566
1077.4,3973.6,-370.9,11.5,4.2811566,296.7,40.5,0.78043366
1034.2,3974.9,-43.2,1.3,4.1108416,297,40.5,0.78021165
1108.3,3972.2,74.1,-2.7,4.4023893,297.3,40.5,0.77998964
600.1,3988.7,-508.2,16.5,2.3936189,297.5,40.5,0.77984163
22,4008.6,-578.1,19.9,0.0881892,297.5,40.5,0.77984163
18,4010,-4,1.4,0.07218,297.5,40.5,0.77984163
-79,4013.7,-97,3.7,-0.3170823,297.5,40.5,0.77984163
-91,4015.1,-12,1.4,-0.3653741,297.5,40.5,0.77984163
87,4010.7,178,-4.4,0.3489309,297.5,40.5,0.77984163
135,4009.7,48,-1,0.5413095,297.5,40.5,0.77984163
841.1,3986.4,706.1,-23.3,3.352961,297.7,40.5,0.77969363
1261.3,3971.6,420.2,-14.8,5.0093791,298.1,40.5,0.77939762
552.2,3994,-709.1,22.4,2.2054868,298.2,40.5,0.77932361
662.2,3990.5,110,-3.5,2.6425091,298.4,40.5,0.77917561
1489.2,3962.9,827,-27.6,5.9015507,298.8,40.5,0.7788796
1218.4,3970.3,-270.8,7.4,4.8374135,299.2,40.5,0.77858359
809.3,3983.3,-409.1,13,3.2236847,299.4,40.5,0.77843558
15,4009.8,-794.3,26.5,0.060147,299.4,40.5,0.77843558
-310.9,4021.4,-325.9,11.6,-1.2502533,299.3,40.5,0.77850958
50,4011.5,360.9,-9.9,0.200575,299.3,40.5,0.77850958
216.2,4006.6,166.2,-4.9,0.86622692,299.4,40.5,0.77843558
-312,4023.9,-528.2,17.3,-1.2554568,299.3,40.5,0.77850958
-657,4036.7,-345,12.8,-2.6521119,299.1,40.5,0.77865759
-1180.2,4055.8,-523.2,19.1,-4.7866552,298.8,40.5,0.7788796
-1289.4,4061.7,-109.2,5.9,-5.237156,298.5,40.5,0.77910161
-1126.4,4058.4,163,-3.3,-4.5713818,298.1,40.5,0.77939762
-982.2,4055.2,144.2,-3.2,-3.9830174,297.9,40.5,0.77954562
-1154.2,4062.2,-172,7,-4.6885912,297.5,40.5,0.77984163
-1020.3,4059.3,133.9,-2.9,-4.1417038,297.3,40.5,0.77998964
-587.1,4046,433.2,-13.3,-2.3754066,297.1,40.5,0.78013765
-306.1,4037,281,-9,-1.2357257,297,40.5,0.78021165
-170.1,4032.5,136,-4.5,-0.68592825,297,40.5,0.78021165
32,4026.4,202.1,-6.1,0.1288448,297,40.5,0.78021165
32,4026.1,0,-0.3,0.1288352,297,40.5,0.78021165
32,4026,0,-0.1,0.128832,297,40.5,0.78021165
32,4026,0,0,0.128832,297,40.5,0.78021165
32,4026,0,0,0.128832,297,40.5,0.78021165
32,4026,0,0,0.128832,297,40.5,0.78021165
32,4026,0,0,0.128832,297,40.5,0.78021165
32,4026.1,0,0.1,0.1288352,297,40.5,0.78021165
32,4026.1,0,0,0.1288352,297,40.5,0.78021165
32,4026.2,0,0.1,0.1288384,297,40.5,0.78021165
32,4026.3,0,0.1,0.1288416,297.1,40.5,0.78013765
32,4026.3,0,0,0.1288416,297.1,40.5,0.78013765
32,4026.4,0,0.1,0.1288448,297.1,40.5,0.78013765
32,4026.5,0,0.1,0.128848,297.1,40.5,0.78013765
32,4026.5,0,0,0.128848,297.1,40.5,0.78013765
32,4026.6,0,0.1,0.1288512,297.1,40.5,0.78013765
32,4026.7,0,0.1,0.1288544,297.1,40.5,0.78013765
46,4026.3,14,-0.4,0.1852098,297.1,40.5,0.78013765
672.1,4005.6,626.1,-20.7,2.6921638,297.3,40.5,0.77998964
1675.3,3971.1,1003.2,-34.5,6.6527838,297.8,40.5,0.77961963
2482.4,3941.6,807.1,-29.5,9.7846278,298.4,40.5,0.77917561
2829.7,3926.8,347.3,-14.8,11.111666,299.2,40.5,0.77858359
2674.6,3928.5,-155.1,1.7,10.507166,300,40.5,0.77799156
1453.5,3966.5,-1221.1,38,5.7653077,300.4,40.5,0.77769555
-12,4014.2,-1465.5,47.7,-0.0481704,300.4,40.5,0.77769555
-384,4028.6,-372,14.4,-1.5469824,300.3,40.5,0.77776956
-507.1,4034.5,-123.1,5.9,-2.045895,300.2,40.5,0.77784356
-866.1,4048.1,-359,13.6,-3.5060594,299.9,40.5,0.77806557
-968.2,4053.6,-102.1,5.5,-3.9246955,299.6,40.5,0.77828757
-568.1,4041.9,400.1,-11.7,-2.2962034,299.5,40.5,0.77836158
-82,4026.7,486.1,-15.2,-0.3301894,299.5,40.5,0.77836158
516,4007.3,598,-19.4,2.0677668,299.6,40.5,0.77828757
1323.3,3979.6,807.3,-27.7,5.2662047,300,40.5,0.77799156
2050.4,3953.4,727.1,-26.2,8.1060514,300.5,40.5,0.77762155
2641.6,3931,591.2,-22.4,10.38413,301.3,40.5,0.77702953
2656.6,3927.2,15,-3.8,10.433,302,40.5,0.77651151
1880.5,3950.1,-776.1,22.9,7.4281631,302.5,40.5,0.77614149
656.3,3989.8,-1224.2,39.7,2.6185057,302.7,40.5,0.77599349
-318,4022.5,-974.3,32.7,-1.279155,302.6,40.5,0.77606749
-811.1,4041.1,-493.1,18.6,-3.2777362,302.4,40.5,0.7762155
-909.3,4046.8,-98.2,5.7,-3.6797552,302.2,40.5,0.7763635
-844.3,4046.7,65,-0.1,-3.4166288,301.9,40.5,0.77658551
-586.1,4039.7,258.2,-7,-2.3676682,301.8,40.5,0.77665951
-202.3,4027.9,383.8,-11.8,-0.81484417,301.7,40.5,0.77673352
-105,4025.1,97.3,-2.8,-0.4226355,301.7,40.5,0.77673352
32,4021.3,137,-3.8,0.1286816,301.7,40.5,0.77673352
32,4021.5,0,0.2,0.128688,301.7,40.5,0.77673352
189.1,4016.4,157.1,-5.1,0.75950124,301.7,40.5,0.77673352
1004.1,3989.1,815,-27.3,4.0054553,302,40.5,0.77651151
1783.4,3961.8,779.3,-27.3,7.0654741,302.5,40.5,0.77614149
2495.5,3935.6,712.1,-26.2,9.8212898,303.2,40.5,0.77562347
2824.6,3921.4,329.1,-14.2,11.076386,304,40.5,0.77503145
2439.6,3931,-385,9.6,9.5900676,304.7,40.5,0.77451343
1068.4,3974.6,-1371.2,43.6,4.2464626,305,40.5,0.77429142
23,4009.8,-1045.4,35.2,0.0922254,305,40.5,0.77429142
-425.1,4025.9,-448.1,16.1,-1.7114101,304.9,40.5,0.77436543
-828.1,4041.3,-403,15.4,-3.3466005,304.6,40.5,0.77458743
-947.2,4047.6,-119.1,6.3,-3.8338867,304.4,40.5,0.77473544
-849.1,4046.3,98.1,-1.3,-3.4357133,304.1,40.5,0.77495745
-459.2,4034.9,389.9,-11.4,-1.8528261,304,40.5,0.77503145
-119.2,4024.4,340,-10.5,-0.47970848,304,40.5,0.77503145
32,4020.2,151.2,-4.2,0.1286464,304,40.5,0.77503145
469,4005.7,437,-14.5,1.8786733,304.1,40.5,0.77495745
1222.3,3979.9,753.3,-25.8,4.8646318,304.4,40.5,0.77473544
1515.1,3968.4,292.8,-11.5,6.0125228,304.8,40.5,0.77443943
1508.4,3966.8,-6.7,-1.6,5.9835211,305.3,40.5,0.77406941
1395.3,3969.2,-113.1,2.4,5.5382248,305.7,40.5,0.7737734
1561.5,3962.5,166.2,-6.7,6.1874437,306.1,40.5,0.77347739
1413.3,3966,-148.2,3.5,5.6051478,306.5,40.5,0.77318138
903.3,3982.2,-510,16.2,3.5971213,306.7,40.5,0.77303338
69,4010,-834.3,27.8,0.27669,306.8,40.5,0.77295937
4,4013.4,-65,3.4,0.0160536,306.8,40.5,0.77295937
32,4013.5,28,0.1,0.128432,306.8,40.5,0.77295937
-245.1,4022.9,-277.1,9.4,-0.98601279,306.7,40.5,0.77303338
-580.9,4035.2,-335.8,12.3,-2.3440477,306.6,40.5,0.77310738
-702.1,4040.9,-121.2,5.7,-2.8371159,306.4,40.5,0.77325538
-748.2,4043.9,-46.1,3,-3.025646,306.1,40.5,0.77347739
-356.2,4032.2,392,-11.7,-1.4362696,306,40.5,0.77355139
32,4020.5,388.2,-11.7,0.128656,306.1,40.5,0.77347739
775.1,3995.6,743.1,-24.9,3.0969896,306.2,40.5,0.77340339
1601.3,3966.8,826.2,-28.8,6.3520368,306.7,40.5,0.77303338
2691.6,3928.2,1090.3,-38.6,10.573143,307.4,40.5,0.77251536
2925.6,3916.8,234,-11.4,11.45899,308.3,40.5,0.77184933
2885.6,3914.9,-40,-1.9,11.296835,309.1,40.5,0.77125731
2531.6,3923.9,-354,9,9.9337452,309.8,40.5,0.77073929
337.2,3994.9,-2194.4,71,1.3470803,309.8,40.5,0.77073929
-651.2,4029.1,-988.4,34.2,-2.6237499,309.7,40.5,0.77081329
-834.1,4038,-182.9,8.9,-3.3680958,309.5,40.5,0.7709613
-973.1,4045.1,-139,7.1,-3.9362868,309.2,40.5,0.7711833
-1093.2,4051.3,-120.1,6.2,-4.4288812,308.9,40.5,0.77140531
-669.3,4039.3,423.9,-12,-2.7035035,308.7,40.5,0.77155332
-91,4021.1,578.3,-18.2,-0.3659201,308.7,40.5,0.77155332
555.1,4000.3,646.1,-20.8,2.2205665,308.8,40.5,0.77147932
1317.3,3974.1,762.2,-26.2,5.2350819,309.2,40.5,0.7711833
2377.5,3937,1060.2,-37.1,9.3602175,309.8,40.5,0.77073929
2842.6,3918.2,465.1,-18.8,11.137875,310.6,40.5,0.77014727
2012.6,3942.5,-830,24.3,7.9346755,311.2,40.5,0.76970325
194.1,4001.6,-1818.5,59.1,0.77671056,311.2,40.5,0.76970325
-90,4012.2,-284.1,10.6,-0.361098,311.2,40.5,0.76970325
-261.1,4019.5,-171.1,7.3,-1.0494914,311.2,40.5,0.76970325
-550.1,4030.6,-289,11.1,-2.2172331,311,40.5,0.76985125
-729.2,4038.2,-179.1,7.6,-2.9446554,310.8,40.5,0.76999926
-650.1,4037.3,79.1,-0.9,-2.6246487,310.6,40.5,0.77014727
-435.3,4031.5,214.8,-5.8,-1.754912,310.5,40.5,0.77022127
-329,4028.8,106.3,-2.7,-1.3254752,310.4,40.6,0.77029527
-84,4021.3,245,-7.5,-0.3377892,310.4,40.6,0.77029527
32,4018.4,116,-2.9,0.1285888,310.4,40.6,0.77029527
32,4018.5,0,0.1,0.128592,310.4,40.6,0.77029527
32,4018.7,0,0.2,0.1285984,310.4,40.6,0.77029527
162.1,4014.6,130.1,-4.1,0.65076666,310.5,40.5,0.77022127
1841.4,3958.6,1679.3,-56,7.289366,311,40.6,0.76985125
1949.6,3952,108.2,-6.6,7.7048192,311.5,40.6,0.76948124
2625.4,3927.2,675.8,-24.8,10.310471,312.2,40.6,0.76896322
2915.6,3914.5,290.2,-12.7,11.413116,313,40.6,0.7683712
2979.7,3909.3,64.1,-5.2,11.648541,313.9,40.6,0.76770517
2994.7,3906.1,15,-3.2,11.697598,314.7,40.6,0.76711315
2989.8,3903.8,-4.9,-2.3,11.671581,315.5,40.6,0.76652113
2987.6,3901.7,-2.2,-2.1,11.656719,316.4,40.6,0.7658551
2987.7,3899.6,0.1,-2.1,11.650835,317.2,40.6,0.76526308
2988.7,3897.6,1,-2,11.648757,318,40.6,0.76467106
2988.7,3895.8,0,-1.8,11.643377,318.9,40.6,0.76400503
2873.7,3897.8,-115,2,11.201108,319.7,40.6,0.76341301
1171.4,3952.7,-1702.3,54.9,4.6301928,320,40.6,0.763191
12,3992.5,-1159.4,39.8,0.04791,320,40.6,0.763191
-375,4007.2,-387,14.7,-1.5027,319.9,40.6,0.763265
-1020.2,4031.3,-645.2,24.1,-4.1127323,319.6,40.6,0.76348701
-1387.2,4046.6,-367,15.3,-5.6134435,319.2,40.6,0.76378302
-1407.3,4050.5,-20.1,3.9,-5.7002687,318.8,40.6,0.76407904
-1447.4,4054.6,-40.1,4.1,-5.868628,318.4,40.6,0.76437505
-1469.5,4057.9,-22.1,3.3,-5.963084,318,40.6,0.76467106
-1484.3,4060.8,-14.8,2.9,-6.0274454,317.6,40.6,0.76496707
-1469.3,4062.6,15,1.8,-5.9691782,317.2,40.6,0.76526308
-1185.5,4055.2,283.8,-7.4,-4.8074396,316.9,40.6,0.76548509
-554.1,4035.7,631.4,-19.5,-2.2361814,316.7,40.6,0.76563309
-157.2,4022.9,396.9,-12.8,-0.63239988,316.7,40.6,0.76563309
32,4017.2,189.2,-5.7,0.1285504,316.7,40.6,0.76563309
32,4017,0,-0.2,0.128544,316.7,40.6,0.76563309
32,4017.1,0,0.1,0.1285472,316.7,40.6,0.76563309
32,4017.1,0,0,0.1285472,316.7,40.6,0.76563309
60,4016.4,28,-0.7,0.240984,316.7,40.6,0.76563309
1189.2,3978.9,1129.2,-37.5,4.7317079,317,40.6,0.76541109
2402.5,3936.8,1213.3,-42.1,9.458162,317.7,40.6,0.76489307
2892.7,3917,490.2,-19.8,11.330706,318.5,40.6,0.76430104
2908.6,3912.9,15.9,-4.1,11.381061,319.3,40.6,0.76370902
2996.8,3907.1,88.2,-5.8,11.708797,320.1,40.6,0.763117
2998.6,3904.2,1.8,-2.9,11.707134,321,40.6,0.76245097
2902.7,3904.8,-95.9,0.6,11.334463,321.8,40.6,0.76185895
2997.8,3899.5,95.1,-5.3,11.689921,322.6,40.6,0.76126693
3000.6,3897.2,2.8,-2.3,11.693938,323.4,40.6,0.76067491
2999.7,3895.2,-0.9,-2,11.684431,324.3,40.6,0.76000888
1587.6,3940.1,-1412.1,44.9,6.2553028,324.7,40.6,0.75971287
1,3993.2,-1586.6,53.1,0.0039932,324.7,40.6,0.75971287
-90,3998.3,-91,5.1,-0.359847,324.7,40.6,0.75971287
-521.1,4014.7,-431.1,16.4,-2.0920602,324.6,40.6,0.75978687
-1194.1,4039.4,-673,24.7,-4.8234475,324.3,40.6,0.76000888
-1389.3,4048.9,-195.2,9.5,-5.6251368,323.9,40.6,0.76030489
-1345.3,4050.3,44,1.4,-5.4488686,323.5,40.6,0.7606009
-1405.4,4054.8,-60.1,4.5,-5.6986159,323.1,40.6,0.76089691
-1466.3,4059.2,-60.9,4.4,-5.952005,322.7,40.6,0.76119293
-1370.4,4058.3,95.9,-0.9,-5.5614943,322.3,40.6,0.76148894
-1099.4,4051.2,271,-7.1,-4.4538893,322,40.6,0.76171095
-1045.2,4050.9,54.2,-0.3,-4.2340007,321.7,40.6,0.76193295
-838.3,4045.3,206.9,-5.6,-3.391175,321.5,40.6,0.76208096
-312.2,4028.7,526.1,-16.6,-1.2577601,321.4,40.6,0.76215496
32,4017.9,344.2,-10.8,0.1285728,321.4,40.6,0.76215496
32,4017.7,0,-0.2,0.1285664,321.4,40.6,0.76215496
32,4017.6,0,-0.1,0.1285632,321.4,40.6,0.76215496
61,4016.7,29,-0.9,0.2450187,321.4,40.6,0.76215496
724.2,3994.7,663.2,-22,2.8929617,321.6,40.6,0.76200696
962.2,3985.7,238,-9,3.8350405,321.9,40.6,0.76178495
1075.1,3980.7,112.9,-5,4.2796506,322.2,40.6,0.76156294
-153,4019.9,-1228.1,39.2,-0.6150447,322.2,40.6,0.76156294
-509.1,4032.9,-356.1,13,-2.0531494,322,40.6,0.76171095
-140.1,4022,369,-10.9,-0.5634822,322,40.6,0.76171095
32,4017.4,172.1,-4.6,0.1285568,322,40.6,0.76171095
32,4017.5,0,0.1,0.12856,322,40.6,0.76171095
37,4017.5,5,0,0.1486475,322,40.6,0.76171095
320.1,4008.3,283.1,-9.2,1.2830568,322.1,40.6,0.76163694
1393.3,3972.3,1073.2,-36,5.5346056,322.5,40.6,0.76134093
1907.4,3953.1,514.1,-19.2,7.5401429,323,40.6,0.76097092
2336.5,3936.3,429.1,-16.8,9.197165,323.6,40.6,0.7605269
2758.7,3919.6,422.2,-16.7,10.813001,324.4,40.6,0.75993488
2878.6,3912.5,119.9,-7.1,11.262523,325.2,40.6,0.75934286
2909.7,3908.8,31.1,-3.7,11.373435,326,40.6,0.75875083
2895.8,3906.6,-13.9,-2.2,11.312732,326.8,40.6,0.75815881
2867.7,3905.2,-28.1,-1.4,11.198942,327.6,40.6,0.75756679
2759.6,3906.7,-108.1,1.5,10.780929,328.4,40.6,0.75697477
2389.6,3917.1,-370,10.4,9.3603022,329.1,40.6,0.75645675
2055.6,3926.9,-334,9.8,8.0721356,329.6,40.6,0.75608673
1254.5,3952.9,-801.1,26,4.958913,330,40.6,0.75579072
524.2,3977.6,-730.3,24.7,2.0850579,330.1,40.6,0.75571672
354,3984.6,-170.2,7,1.4105484,330.2,40.6,0.75564271
-30,3998,-384,13.4,-0.11994,330.2,40.6,0.75564271
-657.1,4020.5,-627.1,22.5,-2.6418706,330.1,40.6,0.75571672
-1158.2,4039.5,-501.1,19,-4.6785489,329.7,40.6,0.75601273
-1166.3,4042.6,-8.1,3.1,-4.7148844,329.4,40.6,0.75623474
-1061.2,4041.5,105.1,-1.1,-4.2888398,329.1,40.6,0.75645675
-1049.3,4043.1,11.9,1.6,-4.2424248,328.8,40.6,0.75667875
-1116.4,4047.2,-67.1,4.1,-4.5182941,328.5,40.6,0.75690076
-1064.2,4047.2,52.2,0,-4.3070302,328.2,40.6,0.75712277
-813.3,4040.5,250.9,-6.7,-3.2861386,328,40.6,0.75727078
-546.1,4032.7,267.2,-7.8,-2.2022575,327.8,40.6,0.75741878
-263.3,4024,282.8,-8.7,-1.0595192,327.8,40.6,0.75741878
32,4015,295.3,-9,0.12848,327.8,40.6,0.75741878
0,4015.4,-32,0.4,0,327.8,40.6,0.75741878
0,4015.5,0,0.1,0,327.8,40.6,0.75741878
0,4015.7,0,0.2,0,327.8,40.6,0.75741878
0,4015.9,0,0.2,0,327.8,40.6,0.75741878
0,4016,0,0.1,0,327.8,40.6,0.75741878
0,4016.3,0,0.3,0,327.8,40.6,0.75741878
0,4016.5,0,0.2,0,327.8,40.6,0.75741878
0,4016.8,0,0.3,0,327.8,40.6,0.75741878
0,4017.1,0,0.3,0,327.8,40.6,0.75741878
0,4017.3,0,0.2,0,327.8,40.6,0.75741878
0,4017.5,0,0.2,0,327.8,40.6,0.75741878
0,4017.7,0,0.2,0,327.8,40.6,0.75741878
0,4017.9,0,0.2,0,327.8,40.6,0.75741878
0,4018.2,0,0.3,0,327.8,40.6,0.75741878
0,4018.4,0,0.2,0,327.8,40.6,0.75741878
0,4018.6,0,0.2,0,327.8,40.6,0.75741878
0,4018.8,0,0.2,0,327.8,40.6,0.75741878
0,4019,0,0.2,0,327.8,40.6,0.75741878
0,4019.2,0,0.2,0,327.8,40.6,0.75741878
135,4015.5,135,-3.7,0.5420925,327.8,40.6,0.75741878
1923.5,3956,1788.5,-59.5,7.609366,328.3,40.6,0.75704877
2000.4,3950.2,76.9,-5.8,7.9019801,328.9,40.6,0.75660475
2043.5,3946.2,43.1,-4,8.0640597,329.4,40.6,0.75623474
2849.6,3917.3,806.1,-28.9,11.162738,330.2,40.6,0.75564271
2971.5,3910,121.9,-7.3,11.618565,331.1,40.6,0.75497669
2900.7,3909.2,-70.8,-0.8,11.339416,331.9,40.6,0.75438467
2865.8,3907.8,-34.9,-1.4,11.198973,332.7,40.6,0.75379264
2985.6,3901.5,119.8,-6.3,11.648318,333.5,40.6,0.75320062
2993.7,3899,8.1,-2.5,11.672436,334.3,40.6,0.7526086
2980.8,3897.2,-12.9,-1.8,11.616774,335.2,40.6,0.75194257
2782.6,3901.8,-198.2,4.6,10.857149,335.9,40.6,0.75142455
2664.7,3904.1,-117.9,2.3,10.403255,336.7,40.6,0.75083253
2875.6,3895.7,210.9,-8.4,11.202475,337.5,40.6,0.75024051
2883.7,3893.9,8.1,-1.8,11.228839,338.3,40.6,0.74964849
2842.7,3893.6,-41,-0.3,11.068337,339.1,40.6,0.74905646
2702.7,3896.9,-140,3.3,10.532152,339.8,40.6,0.74853844
2293.6,3909.1,-409.1,12.2,8.9659118,340.4,40.6,0.74809443
1082.4,3948.8,-1211.2,39.7,4.2741811,340.7,40.6,0.74787242
527.2,3968.5,-555.2,19.7,2.0921932,340.9,40.6,0.74772441
474.2,3971.8,-53,3.3,1.8834276,341,40.6,0.74765041
-19,3988.9,-493.2,17.1,-0.0757891,341,40.6,0.74765041
-106,3993.7,-87,4.8,-0.4233322,341,40.6,0.74765041
15,3991.9,121,-1.8,0.0598785,341,40.6,0.74765041
654.1,3972,639.1,-19.9,2.5980852,341.2,40.6,0.74750241
691.1,3970.8,37,-1.2,2.7442199,341.4,40.6,0.7473544
16,3993.4,-675.1,22.6,0.0638944,341.4,40.6,0.7473544
-275.1,4003.8,-291.1,10.4,-1.1014454,341.3,40.6,0.7474284
-161.1,4001.6,114,-2.2,-0.64465776,341.3,40.6,0.7474284
342.1,3986.6,503.2,-15,1.3638159,341.3,40.6,0.7474284
508,3981.3,165.9,-5.3,2.0225004,341.5,40.6,0.7472804
594.1,3978.6,86.1,-2.7,2.3636863,341.6,40.6,0.74720639
726.1,3974.2,132,-4.4,2.8856666,341.8,40.6,0.74705839
1095.1,3961.8,369,-12.4,4.3385672,342.2,40.6,0.74676238
1694.3,3941.1,599.2,-20.7,6.6774057,342.6,40.6,0.74646637
2488.5,3913.2,794.2,-27.9,9.7379982,343.3,40.6,0.74594835
2927.8,3896.1,439.3,-17.1,11.407002,344.1,40.6,0.74535632
2976.7,3891.9,48.9,-4.2,11.585019,345,40.6,0.7446903
2983.6,3889.3,6.9,-2.6,11.604115,345.8,40.6,0.74409828
2979.8,3887.5,-3.8,-1.8,11.583972,346.6,40.6,0.74350625
2987.6,3885.3,7.8,-2.2,11.607722,347.4,40.6,0.74291423
2994.8,3883.5,7.2,-1.8,11.630306,348.3,40.6,0.74224821
2992.7,3882,-2.1,-1.5,11.617661,349.1,40.6,0.74165618
2989.6,3880.5,-3.1,-1.5,11.601143,349.9,40.6,0.74106416
2967.7,3879.8,-21.9,-0.7,11.514082,350.8,40.7,0.74039814
2364.7,3898.5,-603,18.7,9.2187829,351.4,40.7,0.73995412
1429.4,3929.1,-935.3,30.6,5.6162555,351.8,40.7,0.73965811
832.4,3949.8,-597,20.7,3.2878135,352,40.7,0.7395101
968.2,3946.7,135.8,-3.1,3.8211949,352.3,40.7,0.73928809
1374.2,3934,406,-12.7,5.4061028,352.7,40.7,0.73899208
1305.5,3936.3,-68.7,2.3,5.1388397,353.1,40.7,0.73869607
1470.3,3931,164.8,-5.3,5.7797493,353.5,40.7,0.73840006
1638.5,3925.3,168.2,-5.7,6.4316041,353.9,40.7,0.73810405
1560.4,3927.5,-78.1,2.2,6.128471,354.4,40.7,0.73773403
1412.4,3932.3,-148,4.8,5.5539805,354.7,40.7,0.73751203
1418.3,3932.1,5.9,-0.2,5.5768974,355.1,40.7,0.73721601
1594.4,3926.2,176.1,-5.9,6.2599333,355.6,40.7,0.736846
1791.6,3919.4,197.2,-6.8,7.021997,356.1,40.7,0.73647599
1834.4,3917.5,42.8,-1.9,7.186262,356.6,40.7,0.73610597
1891.5,3915.1,57.1,-2.4,7.4054116,357.1,40.7,0.73573596
1896.4,3914.3,4.9,-0.8,7.4230785,357.6,40.7,0.73536594
1985.5,3910.9,89.1,-3.4,7.7650919,358.2,40.7,0.73492193
1408.4,3929.5,-577.1,18.6,5.5343078,358.6,40.7,0.73462592
408.2,3963.1,-1000.2,33.6,1.6177374,358.7,40.7,0.73455191
-48,3979.5,-456.2,16.4,-0.191016,358.7,40.7,0.73455191
-308.2,3990.2,-260.2,10.7,-1.2297796,358.6,40.7,0.73462592
-515.1,3999.3,-206.9,9.1,-2.0600394,358.5,40.7,0.73469992
-281.1,3993.6,234,-5.7,-1.122601,358.4,40.7,0.73477392
305.1,3976.3,586.2,-17.3,1.2131691,358.5,40.7,0.73469992
992.3,3953.8,687.2,-22.5,3.9233557,358.7,40.7,0.73455191
1480.3,3937.1,488,-16.7,5.8280891,359.1,40.7,0.7342559
1229.3,3944.3,-251,7.2,4.848728,359.5,40.7,0.73395989
710.2,3961.2,-519.1,16.9,2.8132442,359.7,40.7,0.73381188
627.2,3964.5,-83,3.3,2.4865344,359.9,40.7,0.73366388
477.1,3970,-150.1,5.5,1.894087,360,40.7,0.73358988
12,3986.2,-465.1,16.2,0.0478344,360,40.7,0.73358988
-166,3992.9,-178,6.7,-0.6628214,360,40.7,0.73358988
19,3988.7,185,-4.2,0.0757853,360,40.7,0.73358988
764.2,3964.9,745.2,-23.8,3.0299766,360.2,40.7,0.73344187
1369.1,3944.3,604.9,-20.6,5.4001411,360.5,40.7,0.73321986
1366.3,3943.3,-2.8,-1,5.3877308,360.9,40.7,0.73292385
1140.3,3950,-226,6.7,4.504185,361.2,40.7,0.73270184
1164.4,3948.9,24.1,-1.1,4.5980992,361.6,40.7,0.73240583
612.2,3966.9,-552.2,18,2.4285362,361.7,40.7,0.73233183
64,3985.8,-548.2,18.9,0.2550912,361.8,40.7,0.73225783
778.2,3963.5,714.2,-22.3,3.0843957,362,40.7,0.73210982
1739.4,3931.3,961.2,-32.2,6.8381032,362.4,40.7,0.73181381
1890.3,3924.7,150.9,-6.6,7.4188604,363,40.7,0.73136979
1894.5,3923.1,4.2,-1.6,7.432313,363.5,40.7,0.73099978
1761.4,3926.3,-133.1,3.2,6.9157848,364,40.7,0.73062976
1670.4,3928.5,-91,2.2,6.5621664,364.4,40.7,0.73033375
1510.5,3933.2,-159.9,4.7,5.9410986,364.9,40.7,0.72996374
1517.4,3932.6,6.9,-0.6,5.9673272,365.3,40.7,0.72966773
1636.4,3928.2,119,-4.4,6.4281065,365.7,40.7,0.72937172
1716.5,3925.1,80.1,-3.1,6.7374341,366.2,40.7,0.7290017
1733.2,3923.8,16.7,-1.3,6.8007302,366.7,40.7,0.72863169
1765.4,3922.1,32.2,-1.7,6.9240753,367.2,40.7,0.72826167
1942.4,3915.6,177,-6.5,7.6056614,367.7,40.7,0.72789166
1802.6,3919.3,-139.8,3.7,7.0649302,368.2,40.7,0.72752165
1723.4,3921.4,-79.2,2.1,6.7581408,368.7,40.7,0.72715163
1698.5,3921.8,-24.9,0.4,6.6611773,369.2,40.7,0.72678162
1476.4,3928.8,-222.1,7,5.8004803,369.6,40.7,0.72648561
629.3,3956.9,-847.1,28.1,2.4900772,369.8,40.7,0.7263376
1454.3,3930.7,825,-26.2,5.716417,370.2,40.7,0.72604159
2224.5,3904.7,770.2,-26,8.6860051,370.8,40.7,0.72559757
1364.4,3931.7,-860.1,27,5.3644115,371.2,40.7,0.72530156
1298.4,3934.1,-66,2.4,5.1080354,371.5,40.7,0.72507955
1217.4,3936.9,-81,2.8,4.7927821,371.9,40.7,0.72478354
1238.3,3936.3,20.9,-0.6,4.8743203,372.2,40.7,0.72456153
1300.4,3934.3,62.1,-2,5.1161637,372.6,40.7,0.72426552
1233.3,3936.5,-67.1,2.2,4.8548855,372.9,40.7,0.72404351
1029.3,3943.4,-204,6.9,4.0589416,373.2,40.7,0.72382151
914.3,3947.5,-115,4.1,3.6091992,373.5,40.7,0.7235995
1019.2,3944.4,104.9,-3.1,4.0201325,373.7,40.7,0.72345149
1090.3,3942.3,71.1,-2.1,4.2982897,374,40.7,0.72322948
1177.1,3939.4,86.8,-2.9,4.6370677,374.4,40.7,0.72293347
738.3,3953.9,-438.8,14.5,2.9191644,374.6,40.7,0.72278547
-308,3988.8,-1046.3,34.9,-1.2285504,374.5,40.7,0.72285947
-148.1,3985.7,159.9,-3.1,-0.59028217,374.5,40.7,0.72285947
772.1,3957.3,920.2,-28.4,3.0554313,374.7,40.7,0.72271146
379.2,3970.2,-392.9,12.9,1.5054998,374.8,40.7,0.72263746
309.1,3973.1,-70.1,2.9,1.2280852,374.9,40.7,0.72256346
340.2,3972.9,31.1,-0.2,1.3515806,374.9,40.7,0.72256346
538.1,3966.9,197.9,-6,2.1345889,375.1,40.7,0.72241545
1021.1,3951.1,483,-15.8,4.0344682,375.4,40.7,0.72219344
1175.2,3945.4,154.1,-5.7,4.6366341,375.7,40.7,0.72197143
1312.3,3940.3,137.1,-5.1,5.1708557,376.1,40.7,0.72167542
1579.4,3930.7,267.1,-9.6,6.2081476,376.5,40.7,0.72137941
1681.4,3926.4,102,-4.3,6.601849,377,40.7,0.7210094
1732.3,3923.6,50.9,-2.8,6.7968523,377.5,40.7,0.72063938
1642.5,3925.8,-89.8,2.2,6.4481265,377.9,40.7,0.72034337
1257.3,3937.9,-385.2,12.1,4.9511217,378.3,40.7,0.72004736
964.4,3947.7,-292.9,9.8,3.8071619,378.5,40.7,0.71989936
960.2,3948.1,-4.2,0.4,3.7909656,378.8,40.7,0.71967735
1320.4,3936.4,360.2,-11.7,5.1976226,379.2,40.7,0.71938134
-191.1,3985.6,-1511.5,49.2,-0.76164816,379.1,40.7,0.71945534
-1274.3,4023.8,-1083.2,38.2,-5.1275283,378.8,40.7,0.71967735
-622.2,4005.6,652.1,-18.2,-2.4922843,378.6,40.7,0.71982535
1027.1,3953.1,1649.3,-52.5,4.060229,378.9,40.7,0.71960334
1734.4,3928.4,707.3,-24.7,6.813417,379.3,40.7,0.71930733
1618.5,3930.4,-115.9,2,6.3613524,379.8,40.7,0.71893732
1245.3,3941.7,-373.2,11.3,4.908599,380.1,40.7,0.71871531
1203.3,3942.6,-42,0.9,4.7441306,380.5,40.7,0.7184193
967.3,3950.2,-236,7.6,3.8210285,380.7,40.7,0.71827129
796.3,3956,-171,5.8,3.1501628,381,40.7,0.71804929
868.1,3953.9,71.8,-2.1,3.4323806,381.2,40.7,0.71790128
774.3,3957.2,-93.8,3.3,3.06406,381.4,40.7,0.71775327
386.2,3970.3,-388.1,13.1,1.5333299,381.5,40.7,0.71767927
284.1,3974.4,-102.1,4.1,1.129127,381.6,40.7,0.71760527
180.2,3978.7,-103.9,4.3,0.71696174,381.7,40.7,0.71753127
71,3983.2,-109.2,4.5,0.2828072,381.7,40.7,0.71753127
242.2,3978.5,171.2,-4.7,0.9635927,381.8,40.7,0.71745726
526.1,3969.6,283.9,-8.9,2.0884066,381.9,40.7,0.71738326
1119.2,3949.9,593.1,-19.7,4.4207281,382.2,40.7,0.71716125
1838.4,3925.1,719.2,-24.8,7.2159038,382.7,40.7,0.71679124
2019.5,3917.3,181.1,-7.8,7.9109873,383.3,40.7,0.71634722
1709.4,3926,-310.1,8.7,6.7111044,383.8,40.7,0.71597721
1266.3,3939.7,-443.1,13.7,4.9888421,384.1,40.7,0.7157552
943.3,3950.4,-323,10.7,3.7264123,384.4,40.7,0.71553319
1109.2,3945.1,165.9,-5.3,4.3759049,384.7,40.7,0.71531118
1269.3,3939.7,160.1,-5.4,5.0006612,385,40.7,0.71508917
1222.3,3940.8,-47,1.1,4.8168398,385.4,40.7,0.71479316
1371.4,3935.6,149.1,-5.2,5.3972818,385.8,40.7,0.71449715
1712.4,3923.7,341,-11.9,6.7189439,386.2,40.7,0.71420114
1899.4,3916.6,187,-7.1,7.43919,386.8,40.7,0.71375712
2182.4,3906.1,283,-10.5,8.5246726,387.4,40.7,0.71331311
2264.5,3901.9,82.1,-4.2,8.8358526,388,40.7,0.71286909
2141.6,3904.7,-122.9,2.8,8.3623055,388.6,40.7,0.71242507
1767.5,3916.2,-374.1,11.5,6.9218835,389.1,40.7,0.71205506
-47,3975.5,-1814.5,59.3,-0.1868485,389.1,40.7,0.71205506
-607.1,3996.5,-560.1,21,-2.4262751,388.9,40.7,0.71220306
-263.2,3987.9,343.9,-8.6,-1.0496153,388.9,40.7,0.71220306
22,3980.6,285.2,-7.3,0.0875732,388.8,40.7,0.71227707
249.1,3974,227.1,-6.6,0.9899234,388.9,40.7,0.71220306
360,3970.9,110.9,-3.1,1.429524,389,40.7,0.71212906
793.1,3956.9,433.1,-14,3.1382174,389.2,40.7,0.71198106
1414.2,3936,621.1,-20.9,5.5662912,389.6,40.7,0.71168504
1749.3,3923.7,335.1,-12.3,6.8637284,390.1,40.7,0.71131503
1809.4,3920.3,60.1,-3.4,7.0933908,390.6,40.7,0.71094502
1921.5,3915.3,112.1,-5,7.5232489,391.1,40.7,0.710575
2015.4,3910.9,93.9,-4.4,7.8820279,391.7,40.7,0.71013098
1545.4,3925.4,-470,14.5,6.0663132,392.1,40.7,0.70983497
804.3,3949.8,-741.1,24.4,3.1768241,392.4,40.7,0.70961297
1132.2,3939.5,327.9,-10.3,4.4603019,392.7,40.7,0.70939096
1982.5,3911.2,850.3,-28.3,7.753954,393.2,40.7,0.70902094
1596.4,3922.7,-386.1,11.5,6.2621983,393.7,40.7,0.70865093
1149.4,3937.1,-447,14.4,4.5253027,394,40.7,0.70842892
1180.3,3936.3,30.9,-0.8,4.6460149,394.3,40.7,0.70820691
1077.2,3939.8,-103.1,3.5,4.2439526,394.6,40.7,0.7079849
1239.2,3934.5,162,-5.3,4.8756324,395,40.7,0.70768889
1698.3,3919,459.1,-15.5,6.6556377,395.4,40.7,0.70739288
2087.5,3905.3,389.2,-13.7,8.1523137,396,40.7,0.70694886
2265.6,3898.1,178.1,-7.2,8.8315354,396.6,40.7,0.70650485
2416.5,3891.8,150.9,-6.3,9.4045347,397.3,40.7,0.70598683
2456.5,3889,40,-2.8,9.5533285,398,40.7,0.70546881
2448.8,3888,-7.7,-1,9.5209344,398.7,40.7,0.70495079
943.2,3936.9,-1505.6,48.9,3.7132841,398.9,40.7,0.70480278
-1021.2,4003,-1964.4,66.1,-4.0878636,398.7,40.7,0.70495079
-1430.3,4020.6,-409.1,17.6,-5.7506642,398.3,40.7,0.7052468
-1139.2,4014.7,291.1,-5.9,-4.5735462,398,40.7,0.70546881
-975.2,4011.8,164,-2.9,-3.9123074,397.7,40.7,0.70569082
-588.2,4001.1,387,-10.7,-2.353447,397.5,40.7,0.70583882
35,3982.3,623.2,-18.8,0.1393805,397.5,40.7,0.70583882
1169.1,3945,1134.1,-37.3,4.6120995,397.8,40.7,0.70561681
2121.5,3912,952.4,-33,8.299308,398.4,40.7,0.7051728
2785.5,3887.4,664,-24.6,10.828353,399.2,40.7,0.70458077
2875.6,3881.4,90.1,-6,11.161354,400,40.7,0.70398875
2809.7,3881,-65.9,-0.4,10.904446,400.8,40.7,0.70339673
2827.6,3878.3,17.9,-2.7,10.966281,401.5,40.7,0.70287871
2807.7,3877.1,-19.9,-1.2,10.885734,402.3,40.7,0.70228669
2558.6,3883.8,-249.1,6.7,9.9370907,403,40.7,0.70176867
2364.7,3889,-193.9,5.2,9.1963183,403.7,40.7,0.70125065
2123.5,3896.1,-241.2,7.1,8.2733684,404.3,40.7,0.70080663
1898.5,3903.1,-225,7,7.4100354,404.8,40.7,0.70043662
1866.4,3903.9,-32.1,0.8,7.286239,405.3,40.7,0.7000666
2103.6,3895.7,237.2,-8.2,8.1949945,405.9,40.7,0.69962259
1972.5,3899.3,-131.1,3.6,7.6913693,406.5,40.7,0.69917857
1812.6,3904.2,-159.9,4.9,7.0767529,407,40.7,0.69880855
1568.4,3912.1,-244.2,7.9,6.1357376,407.4,40.7,0.69851254
165.3,3959,-1403.1,46.9,0.6544227,407.4,40.7,0.69851254
-128.1,3970.4,-293.4,11.4,-0.50860824,407.4,40.7,0.69851254
443,3954.2,571.1,-16.2,1.7517106,407.5,40.7,0.69843854
957.2,3938,514.2,-16.2,3.7694536,407.8,40.7,0.69821653
1092.3,3933.5,135.1,-4.5,4.2965621,408.1,40.7,0.69799452
937.2,3938.5,-155.1,5,3.6911622,408.4,40.7,0.69777252
774.3,3944.2,-162.9,5.7,3.0539941,408.6,40.7,0.69762451
868.1,3941.6,93.8,-2.6,3.421703,408.8,40.7,0.6974765
922.2,3940,54.1,-1.6,3.633468,409.1,40.7,0.6972545
785.2,3944.7,-137,4.7,3.0973784,409.3,40.7,0.69710649
314.2,3960.9,-471,16.2,1.2445148,409.4,40.7,0.69703249
236.2,3964.5,-78,3.6,0.9364149,409.5,40.7,0.69695848
665.1,3951.3,428.9,-13.2,2.6280096,409.6,40.7,0.69688448
949.1,3942,284,-9.3,3.7413522,409.9,40.7,0.69666247
776.3,3947.6,-172.8,5.6,3.0645219,410.1,40.7,0.69651447
513.1,3956.5,-263.2,8.9,2.0300801,410.3,40.7,0.69636646
571.1,3955.3,58,-1.2,2.2588718,410.4,40.7,0.69629246
858.2,3946.1,287.1,-9.2,3.386543,410.7,40.7,0.69607045
962.1,3942.5,103.9,-3.6,3.7930792,410.9,40.7,0.69592245
715.3,3950.6,-246.8,8.1,2.8258642,411.1,40.7,0.69577444
288,3965.1,-427.3,14.5,1.1419488,411.2,40.7,0.69570044
434.1,3961.2,146.1,-3.9,1.7195569,411.3,40.7,0.69562643
728.1,3952,294,-9.2,2.8774512,411.5,40.7,0.69547843
870.1,3947.2,142,-4.8,3.4344587,411.8,40.7,0.69525642
1113.2,3938.9,243.1,-8.3,4.3847835,412.1,40.7,0.69503441
1657.2,3920.3,544,-18.6,6.4967212,412.5,40.7,0.6947384
2331.5,3896.6,674.3,-23.7,9.0849229,413.2,40.7,0.69422038
2438.7,3891,107.2,-5.6,9.4889817,413.9,40.7,0.69370236
2361.6,3891.7,-77.1,0.7,9.1906387,414.5,40.7,0.69325834
1777.4,3909.7,-584.2,18,6.9491008,415,40.7,0.69288833
1089.3,3932.2,-688.1,22.5,4.2833455,415.3,40.7,0.69266632
459.3,3953.8,-630,21.6,1.8159803,415.4,40.7,0.69259232
321.1,3959.6,-138.2,5.8,1.2714276,415.5,40.7,0.69251832
897.2,3941.7,576.1,-17.9,3.5364932,415.8,40.7,0.69229631
698.3,3948.4,-198.9,6.7,2.7571677,416,40.7,0.6921483
1965.4,3906.6,1267.1,-41.8,7.6780316,416.5,40.7,0.69177829
2101.5,3900.4,136.1,-6.2,8.1966906,417.1,40.7,0.69133427
2,3968.8,-2099.5,68.4,0.0079376,417.1,40.7,0.69133427
-53,3972.2,-55,3.4,-0.2105266,417.1,40.7,0.69133427
441,3958.1,494,-14.1,1.7455221,417.2,40.7,0.69126027
758.1,3948,317.1,-10.1,2.9929788,417.4,40.7,0.69111226
716.2,3949.5,-41.9,1.5,2.8286319,417.6,40.7,0.69096426
449.1,3958.5,-267.1,9,1.7777623,417.8,40.7,0.69081625
86,3971.3,-363.1,12.8,0.3415318,417.8,40.7,0.69081625
186,3969,100,-2.3,0.738234,417.8,40.7,0.69081625
757.2,3950.9,571.2,-18.1,2.9916215,418,40.7,0.69066825
1480.3,3926.6,723.1,-24.3,5.812546,418.5,40.7,0.69029823
1452.4,3926.2,-27.9,-0.4,5.7024129,418.9,40.7,0.69000222
329.1,3962.7,-1123.3,36.5,1.3041246,419,40.7,0.68992822
22,3974,-307.1,11.3,0.087428,419,40.7,0.68992822
89,3973.1,67,-0.9,0.3536059,419,40.7,0.68992822
96,3973.8,7,0.7,0.3814848,419,40.7,0.68992822
654.1,3956.1,558.1,-17.7,2.587685,419.2,40.7,0.68978021
484.1,3961.5,-170,5.4,1.9177621,419.3,40.7,0.68970621
-132,3981.6,-616.1,20.1,-0.5255712,419.3,40.7,0.68970621
-301.1,3988.6,-169.1,7,-1.2009675,419.2,40.7,0.68978021
-218.1,3987.1,83,-1.5,-0.86958651,419.2,40.7,0.68978021
29,3980.5,247.1,-6.6,0.1154345,419.2,40.7,0.68978021
475.1,3966.2,446.1,-14.3,1.8843416,419.3,40.7,0.68970621
125.1,3977.6,-350,11.4,0.49759776,419.3,40.7,0.68970621
-83,3984.5,-208.1,6.9,-0.3307135,419.3,40.7,0.68970621
-39,3983.8,44,-0.7,-0.1553682,419.3,40.7,0.68970621
-57,3985.1,-18,1.3,-0.2271507,419.3,40.7,0.68970621
142,3979.7,199,-5.4,0.5651174,419.3,40.7,0.68970621
175,3978.9,33,-0.8,0.6963075,419.4,40.7,0.68963221
132.1,3980.6,-42.9,1.7,0.52583726,419.4,40.7,0.68963221
1082,3949.3,949.9,-31.3,4.2731426,419.7,40.7,0.6894102
1325.3,3940,243.3,-9.3,5.221682,420.1,40.7,0.68911419
1186.3,3943.3,-139,3.3,4.6779368,420.4,40.7,0.68889218
1459.4,3933.4,273.1,-9.9,5.740404,420.8,40.7,0.68859617
1747.2,3922.5,287.8,-10.9,6.853392,421.3,40.7,0.68822615
1471.4,3930.3,-275.8,7.8,5.7830434,421.7,40.7,0.68793014
408.2,3964.8,-1063.2,34.5,1.6184314,421.8,40.7,0.68785614
1170.1,3940.4,761.9,-24.4,4.610662,422.1,40.7,0.68763413
2059.6,3910.1,889.5,-30.3,8.053242,422.7,40.7,0.68719011
1144.4,3938.6,-915.2,28.5,4.5073338,423,40.7,0.6869681
900.3,3946.6,-244.1,8,3.553124,423.3,40.7,0.6867461
655.1,3954.9,-245.2,8.3,2.590855,423.5,40.7,0.68659809
632.2,3956.1,-22.9,1.2,2.5010464,423.6,40.7,0.68652409
1123.2,3940.1,491,-16,4.4255203,423.9,40.7,0.68630208
1262.3,3934.9,139.1,-5.2,4.9670243,424.3,40.7,0.68600607
1003.2,3942.8,-259.1,7.9,3.955417,424.6,40.7,0.68578406
910.4,3945.8,-92.8,3,3.5922563,424.8,40.7,0.68563605
342.1,3964.6,-568.3,18.8,1.3562897,424.9,40.7,0.68556205
128.1,3972.7,-214,8.1,0.50890287,425,40.7,0.68548805
342.1,3966.6,214,-6.1,1.3569739,425,40.7,0.68548805
36,3977.3,-306.1,10.7,0.1431828,425.1,40.7,0.68541405
-139.1,3983.4,-175.1,6.1,-0.55409094,425,40.7,0.68548805
-176.9,3985.8,-37.8,2.4,-0.70508802,425,40.7,0.68548805
-33,3982.1,143.9,-3.7,-0.1314093,425,40.7,0.68548805
-12,3982,21,-0.1,-0.047784,425,40.7,0.68548805
136.1,3978.4,148.1,-3.6,0.54146024,425,40.7,0.68548805
533,3965.4,396.9,-13,2.1135582,425.1,40.7,0.68541405
744.2,3958.1,211.2,-7.3,2.945618,425.4,40.7,0.68519204
841.2,3954.4,97,-3.7,3.3264413,425.6,40.7,0.68504403
858,3953.4,16.8,-1,3.3920172,425.8,40.7,0.68489603
933.2,3950.4,75.2,-3,3.6865133,426.1,40.7,0.68467402
921.2,3950.3,-12,-0.1,3.6390164,426.3,40.7,0.68452601
956.2,3948.7,35,-1.6,3.7757469,426.6,40.7,0.684304
1338.2,3935.6,382,-13.1,5.2666199,427,40.7,0.68400799
2421.5,3898.6,1083.3,-37,9.4404599,427.6,40.7,0.68356398
2876.6,3880.8,455.1,-17.8,11.163509,428.4,40.7,0.68297195
1978.6,3907.9,-898,27.1,7.7321709,429,40.7,0.68252794
914.4,3942.3,-1064.2,34.4,3.6048391,429.3,40.7,0.68230593
942.2,3942.2,27.8,-0.1,3.7143408,429.5,40.7,0.68215792
936.3,3942.6,-5.9,0.4,3.6914564,429.8,40.7,0.68193591
1014.1,3940.1,77.8,-2.5,3.9956554,430.1,40.7,0.68171391
1079.2,3937.8,65.1,-2.3,4.2496738,430.4,40.7,0.6814919
1066.4,3938.1,-12.8,0.3,4.1995898,430.7,40.7,0.68126989
1070.2,3937.8,3.8,-0.3,4.2142336,430.9,40.7,0.68112188
1074.3,3937.5,4.1,-0.3,4.2300563,431.2,40.7,0.68089987
1079.3,3937.1,5,-0.4,4.249312,431.5,40.7,0.68067787
1118.2,3935.7,38.9,-1.4,4.4008997,431.9,40.7,0.68038185
1306.3,3929.2,188.1,-6.5,5.132714,432.2,40.7,0.68015985
1449.2,3923.8,142.9,-5.4,5.686371,432.6,40.7,0.67986383
1515.4,3921,66.2,-2.8,5.9418834,433,40.7,0.67956782
1540.4,3919.5,25,-1.5,6.0375978,433.5,40.7,0.67919781
1571.3,3917.8,30.9,-1.7,6.1560391,433.9,40.7,0.6789018
1570.5,3917.2,-0.8,-0.6,6.1519626,434.3,40.7,0.67860579
1466.3,3920.1,-104.2,2.9,5.7480426,434.8,40.7,0.67823577
1451.4,3920.2,-14.9,0.1,5.6897783,435.2,40.7,0.67793976
1362.4,3922.8,-89,2.6,5.3444227,435.5,40.7,0.67771775
1223.3,3927.1,-139.1,4.3,4.8040214,435.9,40.7,0.67742174
1246.3,3926.3,23,-0.8,4.8933477,436.2,40.7,0.67719973
1217.3,3927.1,-29,0.8,4.7804588,436.6,40.7,0.67690372
1184.3,3928.2,-33,1.1,4.6521673,436.9,40.7,0.67668171
1153.4,3929.1,-30.9,0.9,4.5318239,437.2,40.7,0.67645971
1108.2,3930.6,-45.2,1.5,4.3558909,437.5,40.7,0.6762377
1167.2,3928.7,59,-1.9,4.5855786,437.8,40.7,0.67601569
1052.3,3932.3,-114.9,3.6,4.1379593,438.1,40.7,0.67579368
1115.4,3930.3,63.1,-2,4.3838566,438.4,40.7,0.67557167
644.1,3945.9,-471.3,15.6,2.5415542,438.6,40.7,0.67542367
-112,3971.3,-756.1,25.4,-0.4447856,438.6,40.7,0.67542367
-131.1,3973.6,-19.1,2.3,-0.52093896,438.6,40.7,0.67542367
237.1,3963.5,368.2,-10.1,0.93974585,438.6,40.7,0.67542367
1163.1,3933.2,926,-30.3,4.5747049,438.9,40.7,0.67520166
1729.3,3913.5,566.2,-19.7,6.7676156,439.4,40.7,0.67483164
1666.3,3914,-63,0.5,6.5218982,439.9,40.7,0.67446163
1938.4,3903.9,272.1,-10.1,7.5673198,440.4,40.7,0.67409162
2204.5,3893.7,266.1,-10.2,8.5836616,441,40.7,0.6736476
1843.6,3904.2,-360.9,10.5,7.1977831,441.5,40.7,0.67327758
394.1,3951.8,-1449.5,47.6,1.5574044,441.7,40.7,0.67312958
-378.1,3978.5,-772.2,26.7,-1.5042708,441.6,40.7,0.67320358
-461.1,3983.7,-83,5.2,-1.8368841,441.4,40.7,0.67335159
-547.2,3988.5,-86.1,4.8,-2.1825072,441.3,40.7,0.67342559
-713.1,3995.9,-165.9,7.4,-2.8494763,441.1,40.7,0.6735736
-749.1,3998.9,-36,3,-2.995576,440.9,40.7,0.6737216
-739.1,4000.4,10,1.5,-2.9566956,440.7,40.7,0.67386961
-700.2,4000.7,38.9,0.3,-2.8012901,440.5,40.7,0.67401761
-680.2,4001.4,20,0.7,-2.7217523,440.3,40.7,0.67416562
-687,4003,-6.8,1.6,-2.750061,440.1,40.7,0.67431362
-671.1,4003.6,15.9,0.6,-2.686816,439.9,40.7,0.67446163
-624.3,4003.3,46.8,-0.3,-2.4992602,439.7,40.7,0.67460964
-606.1,4003.7,18.2,0.4,-2.4266426,439.6,40.7,0.67468364
-806.2,4011.3,-200.1,7.6,-3.2339101,439.3,40.7,0.67490565
-1081,4021.7,-274.8,10.4,-4.3474577,439,40.7,0.67512765
-994.4,4020.4,86.6,-1.3,-3.9978858,438.8,40.7,0.67527566
-557.1,4007.1,437.3,-13.3,-2.2323554,438.6,40.7,0.67542367
-296.1,3998.9,261,-8.2,-1.1840743,438.5,40.7,0.67549767
-311.1,3999.7,-15,0.8,-1.2443067,438.4,40.7,0.67557167
-1140.3,4027.6,-829.2,27.9,-4.5926723,438.1,40.7,0.67579368
-1465.2,4040.1,-324.9,12.5,-5.9195545,437.7,40.7,0.67608969
-1283.4,4036,181.8,-4.1,-5.1798024,437.4,40.7,0.6763117
-893.2,4024.3,390.2,-11.7,-3.5945048,437.1,40.7,0.67653371
-700.2,4018.7,193,-5.6,-2.8138937,436.9,40.7,0.67668171
-487.2,4012.1,213,-6.6,-1.9546951,436.8,40.7,0.67675572
-204.1,4002.9,283.1,-9.2,-0.81699189,436.7,40.7,0.67682972
-20,3996.6,184.1,-6.3,-0.079932,436.7,40.7,0.67682972
32,3995.2,52,-1.4,0.1278464,436.7,40.7,0.67682972
32,3994.9,0,-0.3,0.1278368,436.7,40.7,0.67682972
32,3994.8,0,-0.1,0.1278336,436.7,40.7,0.67682972
32,3994.8,0,0,0.1278336,436.8,40.7,0.67675572
284.1,3986.3,252.1,-8.5,1.1325078,436.8,40.7,0.67675572
1523.3,3944.7,1239.2,-41.6,6.0089615,437.2,40.7,0.67645971
880.2,3963.6,-643.1,18.9,3.4887607,437.5,40.7,0.6762377
532.3,3974.3,-347.9,10.7,2.1155199,437.6,40.7,0.67616369
264.2,3983.1,-268.1,8.8,1.052335,437.7,40.7,0.67608969
173.1,3986.3,-91.1,3.2,0.69002853,437.8,40.7,0.67601569
291,3982.5,117.9,-3.8,1.1589075,437.8,40.7,0.67601569
518.2,3974.9,227.2,-7.6,2.0597932,438,40.7,0.67586768
846,3963.5,327.8,-11.4,3.353121,438.2,40.7,0.67571968
520.2,3973.5,-325.8,10,2.0670147,438.4,40.7,0.67557167
531.1,3972.8,10.9,-0.7,2.1099541,438.5,40.7,0.67549767
836.2,3962.5,305.1,-10.3,3.3134425,438.7,40.7,0.67534966
1064.2,3954.1,228,-8.4,4.2079532,439,40.7,0.67512765
1399.2,3942,335,-12.1,5.5156464,439.4,40.7,0.67483164
1248.3,3945.5,-150.9,3.5,4.9251676,439.8,40.7,0.67453563
1060.4,3950.8,-187.9,5.3,4.1894283,440.1,40.7,0.67431362
1440.2,3937.6,379.8,-13.2,5.6709315,440.5,40.7,0.67401761
1565.4,3932.2,125.2,-5.4,6.1554659,440.9,40.7,0.6737216
1211.3,3942.6,-354.1,10.4,4.7756714,441.2,40.7,0.67349959
788.3,3956.1,-423,13.5,3.1185936,441.5,40.7,0.67327758
206,3975.5,-582.3,19.4,0.818953,441.5,40.7,0.67327758
222.1,3975.9,16.1,0.4,0.88304739,441.6,40.7,0.67320358
-45,3984.7,-267.1,8.8,-0.1793115,441.6,40.7,0.67320358
-32,3985.2,13,0.5,-0.1275264,441.6,40.7,0.67320358
310,3975.1,342,-10.1,1.232281,441.6,40.7,0.67320358
187,3979.2,-123,4.1,0.7441104,441.7,40.7,0.67312958
504.2,3969,317.2,-10.2,2.0011698,441.8,40.7,0.67305558
346,3974.1,-158.2,5.1,1.3750386,441.9,40.7,0.67298157
272.1,3976.6,-73.9,2.5,1.0820329,442,40.7,0.67290757
-27,3986.2,-299.1,9.6,-0.1076274,442,40.7,0.67290757
-754.1,4011,-727.1,24.8,-3.0246951,441.8,40.7,0.67305558
-515.3,4004.8,238.8,-6.2,-2.0636734,441.7,40.7,0.67312958
-168,3994.3,347.3,-10.5,-0.6710424,441.6,40.7,0.67320358
-159.1,3994.4,8.9,0.1,-0.63550904,441.6,40.7,0.67320358
376.9,3977.6,536,-16.8,1.4991574,441.7,40.7,0.67312958
1130.3,3952.1,753.4,-25.5,4.4670586,442,40.7,0.67290757
1461.2,3939.6,330.9,-12.5,5.7565435,442.4,40.7,0.67261156
1558.4,3934.5,97.2,-5.1,6.1315248,442.8,40.7,0.67231555
1713.5,3927.8,155.1,-6.7,6.7302853,443.3,40.7,0.67194553
1410.4,3936.2,-303.1,8.4,5.5516165,443.7,40.7,0.67164952
1489.4,3932.6,79,-3.6,5.8572144,444.1,40.7,0.67135351
1737.3,3923.4,247.9,-9.2,6.8161228,444.6,40.7,0.6709835
1306.4,3936.3,-430.9,12.9,5.1423823,444.9,40.7,0.67076149
1204.4,3939.1,-102,2.8,4.744252,445.3,40.7,0.67046548
659.2,3956.8,-545.2,17.7,2.6083226,445.5,40.7,0.67031747
147.1,3974.2,-512.1,17.4,0.58460482,445.5,40.7,0.67031747
2,3980.1,-145.1,5.9,0.0079602,445.5,40.7,0.67031747
185,3975,183,-5.1,0.735375,445.6,40.7,0.67024347
52,3980,-133,5,0.20696,445.6,40.7,0.67024347
-69,3984.1,-121,4.1,-0.2749029,445.6,40.7,0.67024347
-125.1,3986.8,-56.1,2.7,-0.49874868,445.5,40.7,0.67031747
-65,3985.5,60.1,-1.3,-0.2590575,445.5,40.7,0.67031747
-10,3984.2,55,-1.3,-0.039842,445.5,40.7,0.67031747
-115.1,3988.2,-105.1,4,-0.45904182,445.5,40.7,0.67031747
-64,3987.2,51.1,-1,-0.2551808,445.5,40.7,0.67031747
-128.2,3989.8,-64.2,2.6,-0.51149236,445.4,40.7,0.67039147
124.1,3982.6,252.3,-7.2,0.49424066,445.4,40.7,0.67039147
690.1,3963.8,566,-18.8,2.7354184,445.6,40.7,0.67024347
514.2,3968.9,-175.9,5.1,2.0408084,445.8,40.7,0.67009546
655.1,3964,140.9,-4.9,2.5968164,446,40.7,0.66994746
598.1,3965.5,-57,1.5,2.3717655,446.1,40.7,0.66987346
663.1,3963,65,-2.5,2.6278653,446.3,40.7,0.66972545
852,3956.3,188.9,-6.7,3.3707676,446.5,40.7,0.66957744
565.2,3965.2,-286.8,8.9,2.241131,446.7,40.7,0.66942944
-281,3992.8,-846.2,27.6,-1.1219768,446.6,40.7,0.66950344
-317.1,3995.3,-36.1,2.5,-1.2669096,446.5,40.7,0.66957744
-278.1,3995.1,39,-0.2,-1.1110373,446.5,40.7,0.66957744
-408,4000.2,-129.9,5.1,-1.6320816,446.4,40.7,0.66965145
-150.2,3992.6,257.8,-7.6,-0.59968852,446.3,40.7,0.66972545
-56,3989.8,94.2,-2.8,-0.2234288,446.3,40.7,0.66972545
203.1,3982.2,259.1,-7.6,0.80878482,446.3,40.7,0.66972545
581.2,3969.4,378.1,-12.8,2.3070153,446.5,40.7,0.66957744
530.1,3970.5,-51.1,1.1,2.1047621,446.7,40.7,0.66942944
1097.3,3951.2,567.2,-19.3,4.3356518,447,40.7,0.66920743
1418.4,3939.3,321.1,-11.9,5.5875031,447.4,40.7,0.66891142
1687.3,3928.8,268.9,-10.5,6.6290642,447.8,40.7,0.66861541
2241.5,3908.6,554.2,-20.2,8.7611269,448.4,40.7,0.66817139
1860.5,3918.9,-381,10.3,7.2911135,449,40.7,0.66772737
1895.4,3916.4,34.9,-2.5,7.4231446,449.5,40.7,0.66735736
1553.4,3926.3,-342,9.9,6.0991144,449.9,40.7,0.66706135
1060.3,3941.9,-493.1,15.6,4.1795966,450.2,40.7,0.66683934
577.2,3958,-483.1,16.1,2.2845576,450.4,40.7,0.66669133
177.1,3971.9,-400.1,13.9,0.70342349,450.4,40.7,0.66669133
1,3978.8,-176.1,6.9,0.0039788,450.4,40.7,0.66669133
-142,3984,-143,5.2,-0.565728,450.4,40.7,0.66669133
399,3967.7,541,-16.3,1.5831123,450.5,40.7,0.66661733
1222.2,3940.3,823.2,-27.4,4.8158347,450.8,40.7,0.66639532
1245.3,3938.2,23.1,-2.1,4.9042405,451.2,40.7,0.66609931
1277.2,3936.1,31.9,-2.1,5.0271869,451.5,40.7,0.6658773
1610.4,3924.3,333.2,-11.8,6.3196927,452,40.7,0.66550729
1300.4,3933.3,-310,9,5.1148633,452.3,40.7,0.66528528
649.1,3954.4,-651.3,21.1,2.566801,452.5,40.7,0.66513728
288.1,3966.8,-361,12.4,1.1428351,452.6,40.7,0.66506327
1079.1,3941.3,791,-25.5,4.2530568,452.9,40.7,0.66484126
1103.2,3939.8,24.1,-1.5,4.3463874,453.2,40.7,0.66461926
1139.3,3938.1,36.1,-1.7,4.4866773,453.5,40.7,0.66439725
1459.4,3926.9,320.1,-11.2,5.7309179,453.9,40.7,0.66410124
1212.3,3934.1,-247.1,7.2,4.7693094,454.3,40.7,0.66380522
1252.3,3932.3,40,-1.8,4.9244193,454.6,40.7,0.66358322
1514.4,3923.1,262.1,-9.2,5.9411426,455,40.7,0.6632872
1263.3,3930.6,-251.1,7.5,4.965527,455.4,40.7,0.66299119
1369.3,3926.7,106,-3.9,5.3768303,455.8,40.7,0.66269518
1705.5,3915,336.2,-11.7,6.6770325,456.2,40.7,0.66239917
1201.3,3930.7,-504.2,15.7,4.7219499,456.6,40.7,0.66210316
1101.4,3933.9,-99.9,3.2,4.3327975,456.9,40.7,0.66188115
1228.3,3929.6,126.9,-4.3,4.8267277,457.2,40.7,0.66165914
1550.3,3918.5,322,-11.1,6.0748505,457.6,40.7,0.66136313
897.3,3939.4,-653,20.9,3.5348236,457.9,40.7,0.66114112
890.2,3940,-7.1,0.6,3.507388,458.1,40.7,0.66099312
837.2,3941.9,-53,1.9,3.3001587,458.4,40.7,0.66077111
992.2,3936.9,155,-5,3.9061922,458.7,40.7,0.6605491
1413.3,3922.8,421.1,-14.1,5.5440932,459,40.7,0.66032709
871.2,3940,-542.1,17.2,3.432528,459.3,40.7,0.66010508
1375.4,3923.5,504.2,-16.5,5.3963819,459.7,40.7,0.65980907
2048.4,3900.4,673,-23.1,7.9895794,460.2,40.7,0.65943906
1714.6,3909.9,-333.8,9.5,6.7039145,460.7,40.7,0.65906904
1169.3,3927.3,-545.3,17.4,4.5921919,461,40.7,0.65884704
1804.5,3906.3,635.2,-21,7.0489184,461.5,40.7,0.65847702
1978.3,3899.4,173.8,-6.9,7.714183,462.1,40.7,0.65803301
520.3,3946.9,-1458,47.5,2.0535721,462.2,40.7,0.657959
459.1,3950.3,-61.2,3.4,1.8135827,462.4,40.7,0.657811
1348.2,3921.5,889.1,-28.8,5.2869663,462.7,40.7,0.65758899
1269.3,3923.4,-78.9,1.9,4.9799716,463.1,40.7,0.65729298
1221.4,3924.7,-47.9,1.3,4.7936286,463.4,40.7,0.65707097
1444.3,3917,222.9,-7.7,5.6573231,463.8,40.7,0.65677496
1390.3,3918.2,-54,1.2,5.4474735,464.2,40.7,0.65647895
1942.5,3899.4,552.2,-18.8,7.5745845,464.8,40.7,0.65603493
1846.5,3901.4,-96,2,7.2039351,465.3,40.7,0.65566492
1032.3,3927.7,-814.2,26.3,4.0545647,465.6,40.7,0.65544291
912.3,3932.2,-120,4.5,3.5873461,465.8,40.7,0.6552949
1471.3,3913.9,559,-18.3,5.7585211,466.2,40.7,0.65499889
1249.3,3920.7,-222,6.8,4.8981305,466.6,40.7,0.65470288
657.3,3940.4,-592,19.7,2.5900249,466.7,40.7,0.65462888
1455.3,3914.6,798,-25.8,5.6969174,467.2,40.7,0.65425886
1899.4,3899.1,444.1,-15.5,7.4059505,467.7,40.7,0.65388885
1141.3,3923.1,-758.1,24,4.477434,468,40.7,0.65366684
285.1,3951.9,-856.2,28.8,1.1266867,468.1,40.7,0.65359284
566.1,3944,281,-7.9,2.2326984,468.2,40.7,0.65351883
703.1,3940,137,-4,2.770214,468.4,40.7,0.65337083
1046.3,3928.9,343.2,-11.1,4.1108081,468.7,40.7,0.65314882
966.3,3931.3,-80,2.4,3.7988152,469,40.7,0.65292681
245.1,3955.4,-721.2,24.1,0.96946854,469.1,40.7,0.65285281
-163.1,3969.5,-408.2,14.1,-0.64742545,469,40.7,0.65292681
-33,3966.8,130.1,-2.7,-0.1309044,469,40.7,0.65292681
61,3965.4,94,-1.4,0.2418894,469,40.7,0.65292681
-40,3969,-101,3.6,-0.15876,469,40.6,0.65292681
683.1,3946.5,723.1,-22.5,2.6958542,469.2,40.7,0.65277881
541.1,3950.8,-142,4.3,2.1377779,469.3,40.7,0.6527048
65,3966.8,-476.1,16,0.257842,469.4,40.6,0.6526308
1141.2,3931.9,1076.2,-34.9,4.4870843,469.7,40.6,0.65240879
1794.4,3909,653.2,-22.9,7.0143096,470.2,40.6,0.65203878
1488.4,3917.4,-306,8.4,5.8306582,470.6,40.6,0.65174277
2084.5,3896.6,596.1,-20.8,8.1224627,471.2,40.6,0.65129875
2490.5,3881.4,406,-15.2,9.6666267,471.8,40.6,0.65085473
1768.5,3903.4,-722,22,6.9031629,472.3,40.6,0.65048472
1377.5,3915.8,-391,12.4,5.3940145,472.7,40.6,0.65018871
1394.3,3915,16.8,-0.8,5.4586845,473.1,40.6,0.6498927
1663.5,3905.9,269.2,-9.1,6.4974646,473.6,40.6,0.64952268
2352.5,3882.1,689,-23.8,9.1326402,474.2,40.6,0.64907866
1833.6,3897.7,-518.9,15.6,7.1468227,474.7,40.6,0.64870865
1577.3,3905.7,-256.3,8,6.1604606,475.2,40.6,0.64833864
1967.5,3892.3,390.2,-13.4,7.6581003,475.7,40.6,0.64796862
1004.3,3923.5,-963.2,31.2,3.940371,476,40.6,0.64774661
56,3956,-948.3,32.5,0.221536,476,40.6,0.64774661
482.2,3943.7,426.2,-12.3,1.9016521,476.2,40.6,0.64759861
119.1,3956.6,-363.1,12.9,0.47123106,476.2,40.6,0.64759861
478.9,3945.8,359.8,-10.8,1.8896436,476.3,40.6,0.64752461
1111.2,3925.2,632.3,-20.6,4.3616822,476.6,40.6,0.6473026
1156.3,3923.1,45.1,-2.1,4.5362805,477,40.6,0.64700659
995.3,3928,-161,4.9,3.9095384,477.2,40.6,0.64685858
866.2,3932.3,-129.1,4.3,3.4061583,477.5,40.6,0.64663657
1012.2,3927.6,146,-4.7,3.9755167,477.8,40.6,0.64641456
251.2,3952.9,-761,25.3,0.99296848,477.8,40.6,0.64641456
636,3941.2,384.8,-11.7,2.5066032,478,40.6,0.64626656
500.1,3946,-135.9,4.8,1.9733946,478.1,40.7,0.64619256
234.2,3955.4,-265.9,9.4,0.92635468,478.2,40.6,0.64611855
1584.2,3911.1,1350,-44.3,6.1959646,478.6,40.7,0.64582254
1739.5,3904.4,155.3,-6.7,6.7917038,479.1,40.7,0.64545253
2143.6,3889.6,404.1,-14.8,8.3377466,479.7,40.6,0.64500851
2564.5,3873.9,420.9,-15.7,9.9346165,480.4,40.6,0.64449049
1707.5,3900.4,-857,26.5,6.659933,480.9,40.6,0.64412048
1588.5,3904,-119,3.6,6.201504,481.4,40.6,0.64375046
1245.3,3915.1,-343.2,11.1,4.875474,481.7,40.7,0.64352845
979.3,3924.1,-266,9,3.8428711,482,40.7,0.64330645
610.2,3936.8,-369.1,12.7,2.4022354,482.1,40.7,0.64323244
-151,3962.5,-761.2,25.7,-0.5983375,482.1,40.7,0.64323244
-443.1,3974.3,-292.1,11.8,-1.7610123,482,40.7,0.64330645
-332,3972.6,111.1,-1.7,-1.3189032,481.9,40.7,0.64338045
-176.1,3968.8,155.9,-3.8,-0.69890568,481.9,40.7,0.64338045
316.2,3954.2,492.3,-14.6,1.250318,481.9,40.7,0.64338045
446,3950,129.8,-4.2,1.7617,482,40.7,0.64330645
-339.1,3975.8,-785.1,25.8,-1.3481938,482,40.7,0.64330645
-152.1,3971.1,187,-4.7,-0.60400431,481.9,40.7,0.64338045
328,3956.5,480.1,-14.6,1.297732,482,40.7,0.64330645
760.1,3942.2,432.1,-14.3,2.9964662,482.2,40.7,0.64315844
642.1,3945.6,-118,3.4,2.5334698,482.4,40.7,0.64301043
-81,3969.1,-723.1,23.5,-0.3214971,482.4,40.7,0.64301043
554.1,3949.6,635.1,-19.5,2.1884734,482.5,40.7,0.64293643
1273.2,3925.5,719.1,-24.1,4.9979466,482.9,40.7,0.64264042
847.3,3938.3,-425.9,12.8,3.3369216,483.1,40.7,0.64249241
514.3,3949.3,-333,11,2.031125,483.3,40.7,0.64234441
1207.2,3926.4,692.9,-22.9,4.7399501,483.6,40.7,0.6421224
1079.2,3929.8,-128,3.4,4.2410402,483.9,40.7,0.64190039
389.2,3952.3,-690,22.5,1.5382352,484,40.7,0.64182639
1155.2,3927.4,766,-24.9,4.5369325,484.3,40.7,0.64160438
936.2,3933.9,-219,6.5,3.6829172,484.6,40.7,0.64138237
-110.1,3968,-1046.3,34.1,-0.4368768,484.6,40.7,0.64138237
-71,3968.2,39.1,0.2,-0.2817422,484.5,40.7,0.64145638
6,3967.3,77,-0.9,0.0238038,484.5,40.7,0.64145638
-454.9,3982.9,-460.9,15.6,-1.8118212,484.4,40.7,0.64153038
-405.1,3982.8,49.8,-0.1,-1.6134323,484.3,40.7,0.64160438
-181.2,3976.4,223.9,-6.4,-0.72052368,484.3,40.7,0.64160438
-68,3973.3,113.2,-3.1,-0.2701844,484.2,40.7,0.64167838
640,3950.8,708,-22.5,2.528512,484.4,40.7,0.64153038
1211.2,3931,571.2,-19.8,4.7612272,484.7,40.7,0.64130837
1544.4,3918.6,333.2,-12.4,6.0518858,485.2,40.7,0.64093836
1805.4,3908.2,261,-10.4,7.0558643,485.7,40.7,0.64056834
1019.3,3932.7,-786.1,24.5,4.0086011,485.9,40.7,0.64042034
642.2,3945.1,-377.1,12.4,2.5335432,486.1,40.7,0.64027233
328.2,3956,-314,10.9,1.2983592,486.2,40.7,0.64019833
18,3966.9,-310.2,10.9,0.0714042,486.2,40.7,0.64019833
738.1,3943.9,720.1,-23,2.9109926,486.4,40.7,0.64005032
481.2,3952.2,-256.9,8.3,1.9017986,486.6,40.6,0.63990232
263.2,3959.6,-218,7.4,1.0421667,486.6,40.6,0.63990232
658.9,3946.9,395.7,-12.7,2.6006124,486.8,40.7,0.63975431
1731.3,3910.8,1072.4,-36.1,6.770768,487.3,40.6,0.6393843
2217.4,3892.7,486.1,-18.1,8.631673,487.9,40.6,0.63894028
2065.6,3895.5,-151.8,2.8,8.0465448,488.5,40.6,0.63849626
2283.4,3886.6,217.8,-8.9,8.8746624,489.1,40.6,0.63805225
2022.6,3893.4,-260.8,6.8,7.8747908,489.7,40.6,0.63760823
2408.6,3879.4,386,-14,9.3439228,490.3,40.6,0.63716421
2256.6,3882.8,-152,3.4,8.7619265,491,40.6,0.63664619
1330.5,3912.4,-926.1,29.6,5.2054482,491.3,40.6,0.63642418
1650.3,3901.9,319.8,-10.5,6.4393056,491.8,40.6,0.63605417
334.2,3945.2,-1316.1,43.3,1.3184858,491.9,40.6,0.63598017
1438.3,3909.9,1104.1,-35.3,5.6236092,492.3,40.6,0.63568416
2842.5,3862.3,1404.2,-47.6,10.978588,493.1,40.6,0.63509213
1375.4,3908.6,-1467.1,46.3,5.3758884,493.5,40.6,0.63479612
1476.3,3905.4,100.9,-3.2,5.765542,493.9,40.6,0.63450011
663.2,3932.2,-813.1,26.8,2.607835,494.1,40.6,0.63435211
-112.1,3958.6,-775.3,26.4,-0.44375906,494.1,40.6,0.63435211
50,3955.8,162.1,-2.8,0.19779,494.1,40.6,0.63435211
498,3942.1,448,-13.7,1.9631658,494.2,40.6,0.6342781
814.2,3931.9,316.2,-10.2,3.201353,494.4,40.6,0.6341301
643.1,3937.5,-171.1,5.6,2.5322063,494.6,40.6,0.63398209
491.1,3942.8,-152,5.3,1.9363091,494.7,40.6,0.63390809
607.1,3939.4,116,-3.4,2.3916097,494.9,40.6,0.63376008
79,3957.3,-528.1,17.9,0.3126267,494.9,40.6,0.63376008
84,3958.2,5,0.9,0.3324888,495,40.6,0.63368608
550.1,3943.5,466.1,-14.7,2.1693193,495.1,40.6,0.63361208
637,3940.7,86.9,-2.8,2.5102259,495.3,40.6,0.63346407
1519.2,3911.2,882.2,-29.5,5.941895,495.7,40.6,0.63316806
2051.4,3892,532.2,-19.2,7.9840488,496.3,40.6,0.63272404
1594.5,3905.2,-456.9,13.2,6.2268414,496.7,40.6,0.63242803
964.2,3925.4,-630.3,20.2,3.7848707,497,40.6,0.63220602
728.2,3933.6,-236,8.2,2.8644475,497.2,40.6,0.63205802
1046.2,3923.4,318,-10.2,4.1046611,497.5,40.6,0.63183601
1417.2,3910.7,371,-12.7,5.542244,497.9,40.6,0.63154
1978.5,3891.2,561.3,-19.5,7.6987392,498.4,40.6,0.63116998
1804.6,3895.4,-173.9,4.2,7.0296388,498.9,40.6,0.63079997
1554.4,3902.8,-250.2,7.4,6.0665123,499.3,40.6,0.63050396
1900.4,3890.8,346,-12,7.3940763,499.9,40.6,0.63005994
2227.6,3878.8,327.2,-12,8.6404149,500.5,40.6,0.62961593
2125.5,3880.7,-102.1,1.9,8.2484279,501.1,40.6,0.62917191
1486.6,3901,-638.9,20.3,5.7992266,501.5,40.6,0.6288759
1307.3,3906.9,-179.3,5.9,5.1074904,501.9,40.6,0.62857989
2125.6,3879.7,818.3,-27.2,8.2466903,502.4,40.6,0.62820987
2435.5,3868,309.9,-11.7,9.420514,503.1,40.6,0.62769185
1905.6,3884.1,-529.9,16.1,7.401541,503.7,40.6,0.62724784
1686.4,3890.8,-219.2,6.7,6.5614451,504.1,40.6,0.62695182
1734.5,3889,48.1,-1.8,6.7454705,504.6,40.6,0.62658181
753.2,3921.5,-981.3,32.5,2.9536738,504.8,40.6,0.6264338
210.2,3940.8,-543,19.3,0.82835616,504.9,40.7,0.6263598
1745.2,3891,1535,-49.8,6.7905732,505.4,40.7,0.62598979
1839.5,3886.7,94.3,-4.3,7.1495846,505.9,40.7,0.62561977
1452.3,3898.6,-387.2,11.9,5.6619368,506.3,40.7,0.62532376
2151.5,3875.1,699.2,-23.5,8.3372777,506.9,40.7,0.62487975
2186.5,3872.6,35,-2.5,8.4674399,507.5,40.7,0.62443573
2307.6,3867.4,121.1,-5.2,8.9244122,508.1,40.7,0.62399171
2642.5,3854.9,334.9,-12.5,10.186573,508.8,40.7,0.62347369
2673.5,3852.3,31,-2.6,10.299124,509.6,40.7,0.62288167
2907.7,3842.9,234.2,-9.4,11.174,510.4,40.7,0.62228965
2962.6,3839.4,54.9,-3.5,11.374606,511.2,40.7,0.62169762
2454.6,3854.7,-508,15.3,9.4617466,511.9,40.7,0.6211796
1291.5,3893,-1163.1,38.3,5.0278095,512.3,40.7,0.62088359
1291.5,3894.1,0,1.1,5.0292302,512.6,40.7,0.62066159
1291.5,3894.7,0,0.6,5.030005,513,40.7,0.62036557
872.3,3909.2,-419.2,14.5,3.4099952,513.2,40.7,0.62021757
859.2,3910.7,-13.1,1.5,3.3600734,513.5,40.7,0.61999556
548.1,3921.9,-311.1,11.2,2.1495934,513.6,40.7,0.61992156
119.1,3937.6,-429,15.7,0.46896816,513.6,40.7,0.61992156
823.2,3915.7,704.1,-21.9,3.2234042,513.9,40.7,0.61969955
823.2,3915.9,0,0.2,3.2235689,514.1,40.7,0.61955154
810.2,3916.7,-13,0.8,3.1733103,514.3,40.7,0.61940354
1218.2,3903.4,408,-13.3,4.7551219,514.7,40.7,0.61910753
1218.2,3903.1,0,-0.3,4.7547564,515,40.7,0.61888552
2039.4,3875.4,821.2,-27.7,7.9034908,515.6,40.7,0.6184415
2750.6,3850,711.2,-25.4,10.58981,516.3,40.7,0.61792348
2432.7,3858.4,-317.9,8.4,9.3863297,517,40.7,0.61740546
2917.5,3840.8,484.8,-17.6,11.205534,517.8,40.7,0.61681344
2975.6,3836.8,58.1,-4,11.416782,518.6,40.7,0.61622142
2955.8,3835.5,-19.8,-1.3,11.336971,519.5,40.7,0.61555539
2898.7,3835.8,-57.1,0.3,11.118833,520.3,40.7,0.61496337
2876.6,3835,-22.1,-0.8,11.031761,521.1,40.7,0.61437135
2895.8,3833.1,19.2,-1.9,11.099891,521.9,40.7,0.61377932
2427.7,3847.5,-468.1,14.4,9.3405758,522.6,40.7,0.6132613
1992.5,3861.5,-435.2,14,7.6940387,523.1,40.7,0.61289129
1992.4,3861.6,-0.1,0.1,7.6938518,523.7,40.7,0.61244727
2012.4,3860.8,20,-0.8,7.7694739,524.2,40.7,0.61207726
647.3,3906.5,-1365.1,45.7,2.5286774,524.4,40.7,0.61192925
620.2,3909.4,-27.1,2.9,2.4246099,524.6,40.7,0.61178125
1068.1,3896,447.9,-13.4,4.1613176,524.9,40.7,0.61155924
607.1,3911.8,-461,15.8,2.3748538,525,40.7,0.61148524
-36,3934.1,-643.1,22.3,-0.1416276,525,40.7,0.61148524
-745.2,3960.1,-709.2,26,-2.9510665,524.9,40.7,0.61155924
-1083.1,3974.4,-337.9,14.3,-4.3046726,524.6,40.7,0.61178125
-1346.3,3986.4,-263.2,12,-5.3668903,524.2,40.7,0.61207726
-1413.4,3991.8,-67.1,5.4,-5.6420101,523.8,40.7,0.61237327
-996.3,3980.7,417.1,-11.1,-3.9659714,523.5,40.7,0.61259528
-570.1,3968.4,426.2,-12.3,-2.2623848,523.4,40.7,0.61266928
-125.1,3954.7,445,-13.7,-0.49473297,523.3,40.7,0.61274328
2731.4,3860.4,2856.5,-94.3,10.544297,524,40.7,0.61222526
2778.6,3854.6,47.2,-5.8,10.710392,524.8,40.7,0.61163324
1281.3,3901.5,-1497.3,46.9,4.998992,525.1,40.7,0.61141123
1332.3,3899.8,51,-1.7,5.1957035,525.5,40.7,0.61111522
269.3,3934.9,-1063,35.1,1.0596686,525.6,40.7,0.61104122
873.2,3916.1,603.9,-18.8,3.4195385,525.8,40.7,0.61089321
673.1,3922.8,-200.1,6.7,2.6404367,526,40.7,0.61074521
1068.2,3909.9,395.1,-12.9,4.1765552,526.3,40.7,0.6105232
779.3,3919.2,-288.9,9.3,3.0542326,526.5,40.7,0.61037519
-99,3948.2,-878.3,29,-0.3908718,526.5,40.7,0.61037519
-161.2,3952,-62.2,3.8,-0.6370624,526.5,40.7,0.61037519
-290.2,3957.8,-129,5.8,-1.1485536,526.4,40.7,0.6104492
683.1,3927.3,973.3,-30.5,2.6827386,526.6,40.7,0.61030119
1161.1,3910.9,478,-16.4,4.540946,526.9,40.7,0.61007918
934.3,3917.6,-226.8,6.7,3.6602137,527.2,40.7,0.60985717
759.2,3923.1,-175.1,5.5,2.9784175,527.4,40.7,0.60970917
28,3947.6,-731.2,24.5,0.1105328,527.4,40.7,0.60970917
569,3930.9,541,-16.7,2.2366821,527.6,40.7,0.60956116
1703.4,3893,1134.4,-37.9,6.6313362,528,40.7,0.60926515
1897.3,3884.7,193.9,-8.3,7.3704413,528.6,40.7,0.60882114
819.2,3919,-1078.1,34.3,3.2104448,528.8,40.7,0.60867313
722.3,3922.7,-96.9,3.7,2.8333662,529,40.7,0.60852512
1718.3,3889.9,996,-32.8,6.6840152,529.5,40.7,0.60815511
1529.3,3894.7,-189,4.8,5.9561647,529.9,40.7,0.6078591
931.3,3913.8,-598,19.1,3.6449219,530.1,40.7,0.60771109
771.3,3919.5,-160,5.7,3.0231104,530.4,40.7,0.60748908
722.1,3921.5,-49.2,2,2.8317151,530.6,40.7,0.60734108
983.2,3913.1,261.1,-8.4,3.8473599,530.8,40.7,0.60719307
1163.1,3906.8,179.9,-6.3,4.5439991,531.2,40.7,0.60689706
1082.4,3909.1,-80.7,2.3,4.2312098,531.5,40.7,0.60667505
1426.2,3897.5,343.8,-11.6,5.5586145,531.8,40.7,0.60645305
1777.4,3884.9,351.2,-12.6,6.9050213,532.3,40.7,0.60608303
1338.3,3898.4,-439.1,13.5,5.2172287,532.7,40.7,0.60578702
850.3,3914.4,-488,16,3.3284143,532.9,40.7,0.60563901
560.2,3924.6,-290.1,10.2,2.1985609,533.1,40.7,0.60549101
321.2,3933.3,-239,8.7,1.263376,533.2,40.7,0.60541701
396.1,3931.8,74.9,-1.5,1.557386,533.3,40.7,0.605343
53,3944,-343.1,12.2,0.209032,533.3,40.7,0.605343
212.1,3939.9,159.1,-4.1,0.83565279,533.4,40.7,0.605269
111.3,3944,-100.8,4.1,0.4389672,533.4,40.7,0.605269
5,3948.3,-106.3,4.3,0.0197415,533.4,40.7,0.605269
391.1,3936.4,386.1,-11.9,1.539526,533.5,40.7,0.605195
1108.1,3912.7,717,-23.7,4.3356629,533.8,40.7,0.60497299
849.3,3920.3,-258.8,7.6,3.3295108,534.1,40.7,0.60475098
735.1,3924,-114.2,3.7,2.8845324,534.3,40.7,0.60460297
808.2,3921.5,73.1,-2.5,3.1693563,534.5,40.7,0.60445497
891.2,3918.6,83,-2.9,3.4922563,534.7,40.7,0.60430696
1226.3,3907.2,335.1,-11.4,4.7913994,535.1,40.7,0.60401095
645.2,3925.8,-581.1,18.6,2.5329262,535.3,40.7,0.60386295
1234.2,3906.5,589,-19.3,4.8214023,535.6,40.7,0.60364094
1038.3,3912.2,-195.9,5.7,4.0620373,535.9,40.7,0.60341893
1292.2,3903.4,253.9,-8.8,5.0439735,536.3,40.7,0.60312292
1747.3,3887.6,455.1,-15.8,6.7928035,536.7,40.7,0.60282691
1073.5,3908.7,-673.8,21.1,4.1959894,537,40.7,0.6026049
1482.3,3895.1,408.8,-13.6,5.7737067,537.4,40.7,0.60230889
1440.3,3895.7,-42,0.6,5.6109767,537.8,40.7,0.60201288
279.2,3933.9,-1161.1,38.2,1.0983449,537.9,40.7,0.60193887
-149,3949,-428.2,15.1,-0.588401,537.9,40.7,0.60193887
1060.1,3910.9,1209.1,-38.1,4.1459451,538.2,40.7,0.60171687
1681.2,3889.5,621.1,-21.4,6.5390274,538.6,40.7,0.60142085
944.3,3912.6,-736.9,23.1,3.6946682,538.9,40.7,0.60119885
994.2,3911,49.9,-1.6,3.8883162,539.2,40.7,0.60097684
551.2,3925.7,-443,14.7,2.1638458,539.3,40.7,0.60090283
1277.3,3902.1,726.1,-23.6,4.9841523,539.7,40.7,0.60060682
2345.4,3865.6,1068.1,-36.5,9.0663782,540.3,40.7,0.60016281
1915.5,3877.6,-429.9,12,7.4275428,540.9,40.7,0.59971879
1341.4,3895.6,-574.1,18,5.2255578,541.2,40.7,0.59949678
1062.4,3904.9,-279,9.3,4.1485658,541.5,40.7,0.59927477
-426.1,3954.3,-1488.5,49.4,-1.6849272,541.4,40.7,0.59934878
907,3912.9,1333.1,-41.4,3.5490003,541.7,40.7,0.59912677
2661.5,3853.9,1754.5,-59,10.257155,542.4,40.7,0.59860875
371.3,3927.5,-2290.2,73.6,1.4582808,542.5,40.7,0.59853474
564,3922.5,192.7,-5,2.21229,542.7,40.7,0.59838674
343.2,3930.6,-220.8,8.1,1.3489819,542.8,40.7,0.59831274
556.1,3924.4,212.9,-6.2,2.1823588,542.9,40.7,0.59823873
1344.2,3898.4,788.1,-26,5.2402293,543.3,40.7,0.59794272
1148.4,3903.9,-195.8,5.5,4.4832388,543.6,40.7,0.59772071
1061.2,3906.4,-87.2,2.5,4.1454717,543.9,40.7,0.5974987
897.4,3911.8,-163.8,5.4,3.5104493,544.1,40.7,0.5973507
563,3923.1,-334.4,11.3,2.2087053,544.3,40.7,0.59720269
776.2,3916.5,213.2,-6.6,3.0399873,544.5,40.7,0.59705469
32,3941.6,-744.2,25.1,0.1261312,544.6,40.7,0.59698069
394.2,3930.8,362.2,-10.8,1.5495214,544.7,40.7,0.59690668
642,3923,247.8,-7.8,2.518566,544.8,40.7,0.59683268
89,3941.5,-553,18.5,0.3507935,544.9,40.7,0.59675868
-8,3945.2,-97,3.7,-0.0315616,544.9,40.7,0.59675868
-51,3947.7,-43,2.5,-0.2013327,544.9,40.7,0.59675868
673,3925.1,724,-22.6,2.6415923,545,40.7,0.59668467
781.2,3921.1,108.2,-4,3.0631633,545.2,40.7,0.59653667
277.2,3937.6,-504,16.5,1.0915027,545.3,40.7,0.59646267
40,3946.1,-237.2,8.5,0.157844,545.3,40.7,0.59646267
-203.2,3954.5,-243.2,8.4,-0.8035544,545.3,40.7,0.59646267
528,3931.9,731.2,-22.6,2.0760432,545.4,40.7,0.59638866
1638.4,3894.5,1110.4,-37.4,6.3807488,545.9,40.7,0.59601865
727.1,3923,-911.3,28.5,2.8524133,546.1,40.7,0.59587064
1075.3,3911.4,348.2,-11.6,4.2059284,546.4,40.7,0.59564863
1323.1,3902.5,247.8,-8.9,5.1633977,546.7,40.7,0.59542663
1196.2,3905.8,-126.9,3.3,4.672118,547.1,40.7,0.59513061
1650.4,3890,454.2,-15.8,6.420056,547.5,40.7,0.5948346
1611.3,3890.1,-39.1,0.1,6.2681181,548,40.7,0.59446459
1101.3,3906.1,-510,16,4.3017879,548.3,40.7,0.59424258
1307.3,3899.1,206,-7,5.0972934,548.6,40.7,0.59402057
1788.4,3882.5,481.1,-16.6,6.943463,549.1,40.7,0.59365056
1195.4,3901,-593,18.5,4.6632554,549.5,40.7,0.59335455
636.2,3919.7,-559.2,18.7,2.4937131,549.7,40.7,0.59320654
666.1,3919.3,29.9,-0.4,2.6106457,549.8,40.7,0.59313254
919.3,3911.3,253.2,-8,3.5956581,550.1,40.7,0.59291053
1380.2,3895.7,460.9,-15.6,5.3768451,550.5,40.7,0.59261452
944.2,3909.6,-436,13.9,3.6914443,550.7,40.7,0.59246651
127.2,3936.9,-817,27.3,0.50077368,550.8,40.7,0.59239251
874.1,3913.3,746.9,-23.6,3.4206155,551,40.7,0.59224451
1595.4,3888.9,721.3,-24.4,6.2043511,551.5,40.7,0.59187449
545.3,3922.8,-1050.1,33.9,2.1391028,551.6,40.7,0.59180049
606.2,3921.4,60.9,-1.4,2.3771527,551.8,40.7,0.59165248
1596.3,3888.7,990.1,-32.7,6.2075318,552.2,40.7,0.59135647
759.3,3915.3,-837,26.6,2.9728873,552.4,40.7,0.59120847
516.2,3923.8,-243.1,8.5,2.0254656,552.6,40.7,0.59106046
1249.2,3900,733,-23.8,4.87188,552.9,40.7,0.59083845
1366.3,3895.2,117.1,-4.8,5.3220118,553.3,40.7,0.59054244
2199.4,3866.6,833.1,-28.6,8.5042,553.9,40.7,0.59009842
2005.7,3871.1,-193.7,4.5,7.7642653,554.5,40.7,0.58965441
641.3,3915.4,-1364.4,44.3,2.510946,554.7,40.7,0.5895064
822.2,3910.4,180.9,-5,3.2151309,554.9,40.7,0.5893584
1578.2,3885.5,756,-24.9,6.1320961,555.3,40.7,0.58906238
1079.3,3901.1,-498.9,15.6,4.2104572,555.6,40.7,0.58884038
-176,3942.6,-1255.3,41.5,-0.6938976,555.6,40.7,0.58884038
91,3936.4,267,-6.2,0.3582124,555.6,40.7,0.58884038
1394.3,3893.9,1303.3,-42.5,5.4292648,556,40.7,0.58854436
1808.4,3878.7,414.1,-15.2,7.0142411,556.5,40.7,0.58817435
1870.5,3875.1,62.1,-3.6,7.2483746,557,40.7,0.58780434
1214.3,3895.7,-656.2,20.6,4.7305485,557.3,40.7,0.58758233
1324.3,3892.1,110,-3.6,5.154308,557.7,40.7,0.58728632
862.2,3907.2,-462.1,15.1,3.3687878,557.9,40.7,0.58713831
278.1,3927.1,-584.1,19.9,1.0921265,558,40.7,0.58706431
534.2,3919.8,256.1,-7.3,2.0939572,558.2,40.7,0.5869163
-58,3939.5,-592.2,19.7,-0.228491,558.2,40.7,0.5869163
582.1,3920.2,640.1,-19.3,2.2819484,558.3,40.7,0.5868423
1390.3,3893.2,808.2,-27,5.412716,558.7,40.7,0.58654629
693.2,3915.4,-697.1,22.2,2.7141553,558.9,40.7,0.58639828
1434.2,3890.9,741,-24.5,5.5803288,559.3,40.7,0.58610227
717.3,3913.9,-716.9,23,2.8074405,559.5,40.7,0.58595427
491.1,3921.9,-226.2,8,1.9260451,559.6,40.7,0.58588026
198.2,3932.4,-292.9,10.5,0.77940168,559.7,40.7,0.58580626
-185,3945.6,-383.2,13.2,-0.729936,559.7,40.7,0.58580626
73,3939,258,-6.6,0.287547,559.7,40.7,0.58580626
340.1,3930.8,267.1,-8.2,1.3368651,559.8,40.7,0.58573226
724,3918.3,383.9,-12.5,2.8368492,560,40.7,0.58558425
697.1,3918.9,-26.9,0.6,2.7318652,560.2,40.7,0.58543625
616.2,3921.4,-80.9,2.5,2.4163667,560.3,40.7,0.58536224
536.1,3924.2,-80.1,2.8,2.1037636,560.5,40.7,0.58521424
471.2,3926.6,-64.9,2.4,1.8502139,560.6,40.7,0.58514024
95,3939.4,-376.2,12.8,0.374243,560.6,40.7,0.58514024
-456.1,3958.2,-551.1,18.8,-1.805335,560.5,40.7,0.58521424
-177.1,3950.5,279,-7.7,-0.69963355,560.5,40.7,0.58521424
1560.3,3893.9,1737.4,-56.6,6.0756522,560.9,40.7,0.58491823
1484.3,3894.3,-76,0.4,5.7803095,561.3,40.7,0.58462222
1560.4,3890.4,76.1,-3.9,6.0705802,561.7,40.7,0.5843262
2110.5,3870.7,550.1,-19.7,8.1691123,562.3,40.7,0.58388219
1133.4,3901.4,-977.1,30.7,4.4218468,562.6,40.7,0.58366018
50,3937.6,-1083.4,36.2,0.19688,562.7,40.7,0.58358618
290.1,3931.1,240.1,-6.5,1.1404121,562.7,40.7,0.58358618
1113.2,3904.3,823.1,-26.8,4.3462668,563,40.7,0.58336417
1327.2,3896.3,214,-8,5.1711694,563.4,40.7,0.58306816
-26,3940,-1353.2,43.7,-0.10244,563.4,40.7,0.58306816
1661.3,3885.9,1687.3,-54.1,6.4556457,563.8,40.7,0.58277215
2955.6,3840.8,1294.3,-45.1,11.351868,564.6,40.7,0.58218012
1681.5,3880,-1274.1,39.2,6.52422,565.1,40.7,0.58181011
2191.4,3862.3,509.9,-17.7,8.4638442,565.7,40.7,0.58136609
1646.6,3878.9,-544.8,16.6,6.3869967,566.2,40.7,0.58099608
588.2,3913.8,-1058.4,34.9,2.3020972,566.3,40.7,0.58092208
191.1,3928.3,-397.1,14.5,0.75069813,566.4,40.7,0.58084807
-27,3936.4,-218.1,8.1,-0.1062828,566.4,40.7,0.58084807
602.9,3917.4,629.9,-19,2.3618005,566.6,40.7,0.58070007
1408.2,3890.6,805.3,-26.8,5.4787429,567,40.7,0.58040406
1067.3,3900.8,-340.9,10.2,4.1633238,567.3,40.7,0.58018205
287.2,3926.7,-780.1,25.9,1.1277482,567.4,40.7,0.58010804
445.2,3922.4,158,-4.3,1.7462525,567.5,40.7,0.58003404
501,3921.1,55.8,-1.3,1.9644711,567.6,40.7,0.57996004
427.1,3923.9,-73.9,2.8,1.6758977,567.7,40.7,0.57988604
559,3920,131.9,-3.9,2.19128,567.9,40.7,0.57973803
659.1,3916.8,100.1,-3.2,2.5815629,568.1,40.7,0.57959002
656.2,3916.9,-2.9,0.1,2.5702698,568.3,40.7,0.57944202
670.9,3916.5,14.7,-0.4,2.6275799,568.4,40.7,0.57936802
745.2,3914,74.3,-2.5,2.9167128,568.6,40.7,0.57922001
421.1,3924.8,-324.1,10.8,1.6527333,568.8,40.7,0.579072
-37,3940.1,-458.1,15.3,-0.1457837,568.8,40.7,0.579072
72,3938.2,109,-1.9,0.2835504,568.8,40.7,0.579072
692.1,3918.2,620.1,-20,2.7117862,569,40.7,0.578924
29,3940.1,-663.1,21.9,0.1142629,569,40.7,0.578924
-455.8,3956.6,-484.8,16.5,-1.8034183,568.9,40.7,0.578998
-284,3952.5,171.8,-4.1,-1.12251,568.8,40.7,0.579072
353,3932.8,637,-19.7,1.3882784,568.9,40.7,0.578998
742,3919.6,389,-13.2,2.9083432,569.1,40.7,0.57885
726.1,3919.5,-15.9,-0.1,2.8459489,569.3,40.7,0.57870199
1116.3,3906.1,390.2,-13.4,4.3603794,569.6,40.7,0.57847998
1658.4,3886.9,542.1,-19.2,6.446035,570.1,40.7,0.57810997
1324.3,3896.4,-334.1,9.5,5.1600025,570.4,40.7,0.57788796
1139.3,3901.8,-185,5.4,4.4453207,570.7,40.7,0.57766595
1202.2,3899.3,62.9,-2.5,4.6877385,571.1,40.7,0.57736994
1710.4,3881.6,508.2,-17.7,6.6390886,571.5,40.7,0.57707393
1535.5,3886.1,-174.9,4.5,5.9671066,572,40.7,0.57670391
1186.3,3896.8,-349.2,10.7,4.6227738,572.3,40.7,0.57648191
1283.3,3893.4,97,-3.4,4.9964002,572.7,40.7,0.5761859
-22,3936,-1305.3,42.6,-0.086592,572.7,40.7,0.5761859
99,3934.3,121,-1.7,0.3894957,572.7,40.7,0.5761859
1194.3,3898.7,1095.3,-35.6,4.6562174,573,40.7,0.57596389
1093.3,3901.1,-101,2.4,4.2650726,573.3,40.7,0.57574188
855.2,3908.5,-238.1,7.4,3.3425492,573.5,40.7,0.57559387
1581.2,3884.2,726,-24.3,6.141697,574,40.7,0.57522386
2275.4,3859.6,694.2,-24.6,8.7821338,574.6,40.7,0.57477984
1824.5,3872.5,-450.9,12.9,7.0653762,575.1,40.7,0.57440983
1635.5,3877.8,-189,5.3,6.3421419,575.6,40.7,0.57403981
1234.3,3890.6,-401.2,12.8,4.8021676,575.9,40.7,0.57381781
1137.4,3893.8,-96.9,3.2,4.4288081,576.2,40.7,0.5735958
1509.3,3881.3,371.9,-12.5,5.8580461,576.6,40.7,0.57329979
1047.4,3896,-461.9,14.7,4.0806704,576.9,40.7,0.57307778
900.2,3901.1,-147.2,5.1,3.5117702,577.2,40.7,0.57285577
1853.3,3869.4,953.1,-31.7,7.171159,577.7,40.7,0.57248575
1353.4,3884.7,-499.9,15.3,5.257553,578.1,40.7,0.57218974
1143.3,3891.5,-210.1,6.8,4.449152,578.4,40.7,0.57196773
1589.5,3876.5,446.2,-15,6.1616967,578.8,40.7,0.57167172
1087.3,3892.5,-502.2,16,4.2323153,579.1,40.7,0.57144972
1415.3,3881.7,328,-10.8,5.49377,579.5,40.7,0.5711537
1451.4,3879.9,36.1,-1.8,5.6312869,579.9,40.7,0.57085769
161.2,3922.7,-1290.2,42.8,0.63233924,580,40.7,0.57078369
302,3919.7,140.8,-3,1.1837494,580.1,40.7,0.57070969
978.1,3897.9,676.1,-21.8,3.812536,580.3,40.7,0.57056168
579.2,3911,-398.9,13.1,2.2652512,580.5,40.7,0.57041368
1414.3,3883.5,835.1,-27.5,5.492434,580.9,40.7,0.57011766
1151.4,3891.3,-262.9,7.8,4.4804428,581.2,40.7,0.56989566
679.3,3906.9,-472.1,15.6,2.6539572,581.4,40.7,0.56974765
1088.2,3893.7,408.9,-13.2,4.2371243,581.7,40.7,0.56952564
273.3,3920.7,-814.9,27,1.0715273,581.8,40.7,0.56945164
665.1,3908.7,391.8,-12,2.5996764,582,40.7,0.56930363
971.2,3898.6,306.1,-10.1,3.7863203,582.2,40.7,0.56915563
933.2,3899.6,-38,1,3.6391067,582.5,40.7,0.56893362
419.2,3916.7,-514,17.1,1.6418806,582.6,40.7,0.56885962
-160,3936.3,-579.2,19.6,-0.629808,582.6,40.7,0.56885962
-120.1,3936.5,39.9,0.2,-0.47277365,582.6,40.7,0.56885962
103.1,3930.8,223.2,-5.7,0.40526548,582.6,40.7,0.56885962
924.2,3904,821.1,-26.8,3.6080768,582.8,40.7,0.56871161
1212.4,3893.5,288.2,-10.5,4.7204794,583.2,40.7,0.5684156
1284.2,3890.2,71.8,-3.3,4.9957948,583.5,40.7,0.56819359
1159.3,3893.6,-124.9,3.4,4.5138505,583.9,40.7,0.56789758
1104.2,3894.9,-55.1,1.3,4.3007486,584.2,40.7,0.56767557
985.2,3898.5,-119,3.6,3.8408022,584.4,40.7,0.56752757
403.2,3918,-582,19.5,1.5797376,584.5,40.7,0.56745356
529.2,3914.5,126,-3.5,2.0715534,584.7,40.7,0.56730556
1113.2,3895.3,584,-19.2,4.336248,585,40.7,0.56708355
1334.3,3887.2,221.1,-8.1,5.186691,585.4,40.7,0.56678754
1236.2,3889.6,-98.1,2.4,4.8083235,585.7,40.7,0.56656553
990.3,3897.3,-245.9,7.7,3.8594962,586,40.7,0.56634352
1629.3,3875.8,639,-21.5,6.3148409,586.4,40.7,0.56604751
769.3,3903.5,-860,27.7,3.0029625,586.7,40.7,0.5658255
-123,3933.2,-892.3,29.7,-0.4837836,586.6,40.7,0.5658995
582,3912.1,705,-21.1,2.2768422,586.8,40.7,0.5657515
1294.3,3888.2,712.3,-23.9,5.0324973,587.1,40.7,0.56552949
1899.4,3867,605.1,-21.2,7.3449798,587.7,40.7,0.56508547
1381.5,3882.6,-517.9,15.6,5.3638119,588,40.7,0.56486346
258.1,3919.7,-1123.4,37.1,1.0116746,588.1,40.7,0.56478946
1566.3,3877.2,1308.2,-42.5,6.0728584,588.5,40.7,0.56449345
2015.4,3860.9,449.1,-16.3,7.7812579,589.1,40.7,0.56404943
1680.4,3870.4,-335,9.5,6.5038202,589.6,40.7,0.56367942
2222.5,3851.4,542.1,-19,8.5597365,590.2,40.7,0.5632354
1373.4,3878.2,-849.1,26.8,5.3263199,590.6,40.7,0.56293939
489.2,3907.8,-884.2,29.6,1.9116958,590.7,40.7,0.56286539
277.2,3916.2,-212,8.4,1.0855706,590.8,40.7,0.56279139
624.2,3905.7,347,-10.5,2.4379379,591,40.7,0.56264338
772.1,3901.1,147.9,-4.6,3.0120393,591.2,40.7,0.56249537
825.2,3899.5,53.1,-1.6,3.2178674,591.4,40.7,0.56234737
1908.4,3863.2,1083.2,-36.3,7.3725309,591.9,40.7,0.56197736
2290.5,3848.6,382.1,-14.6,8.8152183,592.6,40.7,0.56145934
1781.4,3863.7,-509.1,15.1,6.8827952,593.1,40.7,0.56108932
1300.4,3878.9,-481,15.2,5.0441216,593.4,40.7,0.56086731
1442.4,3874.2,142,-4.7,5.5881461,593.8,40.7,0.5605713
1140.4,3883.9,-302,9.7,4.4291996,594.1,40.7,0.56034929
372.1,3909.8,-768.3,25.9,1.4548366,594.2,40.7,0.56027529
-6,3923.2,-378.1,13.4,-0.0235392,594.3,40.7,0.56020129
15,3924.7,21,1.5,0.0588705,594.3,40.7,0.56020129
818.1,3899.1,803.1,-25.6,3.1898537,594.5,40.7,0.56005328
1032.2,3891.5,214.1,-7.6,4.0168063,594.8,40.7,0.55983127
1339.3,3880.8,307.1,-10.7,5.1975554,595.1,40.7,0.55960927
1064.3,3889.2,-275,8.4,4.1392756,595.4,40.7,0.55938726
706.3,3901.1,-358,11.9,2.7553469,595.6,40.7,0.55923925
1357.3,3879.7,651,-21.4,5.2659168,596,40.7,0.55894324
1460.3,3875.3,103,-4.4,5.6591006,596.4,40.7,0.55864723
1322.4,3879.1,-137.9,3.8,5.1297218,596.8,40.7,0.55835122
1244.3,3881.4,-78.1,2.3,4.829626,597.1,40.7,0.55812921
1027.3,3888.3,-217,6.9,3.9944506,597.4,40.7,0.5579072
647.1,3901.2,-380.2,12.9,2.5244665,597.6,40.7,0.55775919
211.2,3916.4,-435.9,15.2,0.82714368,597.6,40.7,0.55775919
12,3924.3,-199.2,7.9,0.0470916,597.7,40.7,0.55768519
413.9,3912.1,401.9,-12.2,1.6192182,597.8,40.7,0.55761119
817.1,3899,403.2,-13.1,3.1858729,598,40.7,0.55746318
21,3925.4,-796.1,26.4,0.0824334,598,40.7,0.55746318
231.2,3919.6,210.2,-5.8,0.90621152,598.1,40.7,0.55738918
633,3906.7,401.8,-12.9,2.4729411,598.2,40.7,0.55731518
-8,3927.5,-641,20.8,-0.03142,598.3,40.7,0.55724118
-92,3931.5,-84,4,-0.361698,598.2,40.7,0.55731518
-53,3931.2,39,-0.3,-0.2083536,598.2,40.7,0.55731518
404.1,3917.4,457.1,-13.8,1.5830213,598.3,40.7,0.55724118
1138.1,3892.8,734,-24.6,4.4303957,598.6,40.7,0.55701917
823.3,3902.2,-314.8,9.4,3.2126813,598.9,40.7,0.55679716
684.3,3906.6,-139,4.4,2.6732864,599,40.7,0.55672316
1195.4,3889.4,511.1,-17.2,4.6493888,599.4,40.7,0.55642714
1298.4,3885,103,-4.4,5.044284,599.7,40.7,0.55620514
1318.3,3883.5,19.9,-1.5,5.1196181,600.1,40.7,0.55590912
1667.3,3871,349,-12.5,6.4541183,600.6,40.7,0.55553911
2114.3,3854.7,447,-16.3,8.1499922,601.2,40.7,0.55509509
1404.4,3876.7,-709.9,22,5.4444375,601.5,40.7,0.55487309
1703.4,3866.3,299,-10.4,6.5858554,602,40.6,0.55450307
1902.4,3858.6,199,-7.7,7.3406006,602.5,40.7,0.55413306
934.4,3889.9,-968,31.3,3.6347226,602.8,40.6,0.55391105
1439.4,3873.4,505,-16.5,5.575372,603.2,40.6,0.55361504
1967.4,3855.2,528,-18.2,7.5847205,603.8,40.6,0.55317102
1787.4,3859.8,-180,4.6,6.8990065,604.3,40.6,0.55280101
1007.3,3885.1,-780.1,25.3,3.9134612,604.5,40.6,0.552653
538.1,3901.3,-469.2,16.2,2.0992895,604.7,40.6,0.552505
699.2,3896.9,161.1,-4.4,2.7247125,604.9,40.6,0.55235699
613.2,3900.2,-86,3.3,2.3916026,605,40.6,0.55228299
237.1,3913.4,-376.1,13.2,0.92786714,605.1,40.6,0.55220898
-79,3924.4,-316.1,11,-0.3100276,605.1,40.6,0.55220898
378,3911.1,457,-13.3,1.4783958,605.2,40.6,0.55213498
515.1,3907,137.1,-4.1,2.0124957,605.3,40.6,0.55206098
977.2,3891.6,462.1,-15.4,3.8028715,605.6,40.6,0.55183897
1260.2,3881.6,283,-10,4.8915923,606,40.6,0.55154296
1328.3,3878.4,68.1,-3.2,5.1516787,606.3,40.6,0.55132095
852.2,3893.6,-476.1,15.2,3.3181259,606.6,40.6,0.55109894
75,3919.9,-777.2,26.3,0.2939925,606.6,40.6,0.55109894
374.1,3911.2,299.1,-8.7,1.4631799,606.7,40.6,0.55102494
985.2,3891.2,611.1,-20,3.8336102,607,40.6,0.55080293
1282.2,3880.7,297,-10.5,4.9758335,607.3,40.6,0.55058092
1318.4,3878.6,36.2,-2.1,5.1135462,607.7,40.6,0.55028491
1228.3,3880.9,-90.1,2.3,4.7669095,608,40.6,0.5500629
1053.3,3886.3,-175,5.4,4.0934398,608.3,40.6,0.54984089
945.3,3889.8,-108,3.5,3.6770279,608.6,40.6,0.54961889
1010.1,3887.6,64.8,-2.2,3.9268648,608.9,40.6,0.54939688
2063.5,3852,1053.4,-35.6,7.948602,609.4,40.6,0.54902686
1086.4,3883,-977.1,31,4.2184912,609.7,40.6,0.54880485
253.2,3911,-833.2,28,0.9902652,609.8,40.6,0.54873085
971.1,3888.3,717.9,-22.7,3.7759281,610.1,40.6,0.54850884
919.3,3889.7,-51.8,1.4,3.5758012,610.3,40.6,0.54836084
523.1,3902.9,-396.2,13.2,2.041607,610.5,40.6,0.54821283
1264.1,3878.7,741,-24.2,4.9030647,610.8,40.6,0.54799082
1345.3,3875.2,81.2,-3.5,5.2133066,611.2,40.6,0.54769481
1118.2,3882.1,-227.1,6.9,4.3409642,611.5,40.6,0.5474728
1289.4,3876.1,171.2,-6,4.9978433,611.9,40.6,0.54717679
1377.3,3872.7,87.9,-3.4,5.3338697,612.3,40.6,0.54688078
1471.4,3868.9,94.1,-3.8,5.6926995,612.7,40.6,0.54658477
1545.3,3865.7,73.9,-3.2,5.9736662,613.1,40.6,0.54628876
1598.5,3863.2,53.2,-2.5,6.1753252,613.5,40.6,0.54599275
1545.3,3864.2,-53.2,1,5.9713483,614,40.6,0.54562273
608.2,3895.1,-937.1,30.9,2.3689998,614.1,40.6,0.54554873
196.2,3909.9,-412,14.8,0.76712238,614.2,40.6,0.54547473
166.1,3912.2,-30.1,2.3,0.64981642,614.2,40.6,0.54547473
14,3918.5,-152.1,6.3,0.054859,614.2,40.6,0.54547473
-47,3921.1,-61,2.6,-0.1842917,614.2,40.6,0.54547473
-364.1,3932.8,-317.1,11.7,-1.4319325,614.1,40.6,0.54554873
-81,3924.8,283.1,-8,-0.3179088,614.1,40.6,0.54554873
755.2,3898.4,836.2,-26.4,2.9440717,614.3,40.6,0.54540073
1505.3,3872.6,750.1,-25.8,5.8294248,614.7,40.6,0.54510471
1659.3,3865.8,154,-6.8,6.4145219,615.2,40.6,0.5447347
797.3,3893.3,-862,27.5,3.1041281,615.4,40.6,0.54458669
1415.2,3872.8,617.9,-20.5,5.4807866,615.8,40.6,0.54429068
1090.3,3882.8,-324.9,10,4.2334168,616.1,40.6,0.54406867
-22,3919.3,-1112.3,36.5,-0.0862246,616.1,40.6,0.54406867
841,3892.6,863,-26.7,3.2736766,616.3,40.6,0.54392067
1226.3,3879.3,385.3,-13.3,4.7571856,616.7,40.6,0.54362466
475.1,3903.7,-751.2,24.4,1.8546479,616.8,40.6,0.54355065
755.1,3895,280,-8.7,2.9411145,617,40.6,0.54340265
1138.3,3882.1,383.2,-12.9,4.4189944,617.3,40.6,0.54318064
491.1,3903.2,-647.2,21.1,1.9168615,617.5,40.6,0.54303264
13,3919.9,-478.1,16.7,0.0509587,617.5,40.6,0.54303264
23,3920.7,10,0.8,0.0901761,617.5,40.6,0.54303264
57,3920.6,34,-0.1,0.2234742,617.5,40.6,0.54303264
143.1,3918.4,86.1,-2.2,0.56072304,617.5,40.6,0.54303264
929.1,3892.6,786,-25.8,3.6166147,617.8,40.6,0.54281063
1448.3,3874.4,519.2,-18.2,5.6112935,618.2,40.6,0.54251462
1225.4,3880.5,-222.9,6.1,4.7551647,618.5,40.6,0.54229261
1206.4,3880.4,-19,-0.1,4.6813146,618.9,40.6,0.5419966
1257.2,3878.1,50.8,-2.3,4.8755473,619.2,40.6,0.54177459
1032.2,3885,-225,6.9,4.010097,619.5,40.6,0.54155258
280.1,3910.1,-752.1,25.1,1.095219,619.6,40.6,0.54147858
25,3919.5,-255.1,9.4,0.0979875,619.6,40.6,0.54147858
-179,3926.9,-204,7.4,-0.7029151,619.6,40.6,0.54147858
-458,3937.6,-279,10.7,-1.8034208,619.4,40.6,0.54162658
-229.2,3931.5,228.8,-6.1,-0.9010998,619.4,40.6,0.54162658
7,3925.1,236.2,-6.4,0.0274757,619.4,40.6,0.54162658
-5,3925.4,-12,0.3,-0.019627,619.4,40.6,0.54162658
-55,3927.6,-50,2.2,-0.216018,619.3,40.6,0.54170058
168.2,3921.5,223.2,-6.1,0.6595963,619.4,40.6,0.54162658
-95,3929.9,-263.2,8.4,-0.3733405,619.4,40.6,0.54162658
-76,3929.9,19,0,-0.2986724,619.3,40.6,0.54170058
2,3928.6,78,-1.3,0.0078572,619.3,40.6,0.54170058
-289,3938.2,-291,9.6,-1.1381398,619.3,40.6,0.54170058
-240,3937.4,49,-0.8,-0.944976,619.2,40.6,0.54177459
177.1,3924.8,417.1,-12.6,0.69508208,619.2,40.6,0.54177459
354,3918.8,176.9,-6,1.3872552,619.3,40.6,0.54170058
-265.1,3938.8,-619.1,20,-1.0441759,619.3,40.6,0.54170058
-426.1,3945.1,-161,6.3,-1.6810071,619.2,40.6,0.54177459
-606,3952.2,-179.9,7.1,-2.3950332,619,40.6,0.54192259
-712.2,3957,-106.2,4.8,-2.8181754,618.8,40.6,0.5420706
-641.1,3955.8,71.1,-1.2,-2.5360634,618.6,40.6,0.5422186
-319.1,3946,322,-9.8,-1.2591686,618.5,40.6,0.54229261
-409.2,3949.4,-90.1,3.4,-1.6160945,618.4,40.6,0.54236661
-953.1,3968.4,-543.9,19,-3.782282,618.2,40.6,0.54251462
-979.3,3970.8,-26.2,2.4,-3.8886044,617.9,40.6,0.54273662
-1020.2,3973.4,-40.9,2.6,-4.0536627,617.6,40.6,0.54295863
-1076.2,3976.7,-56,3.3,-4.2797245,617.3,40.6,0.54318064
-926.2,3972.9,150,-3.8,-3.6797,617,40.6,0.54340265
-754.2,3968.1,172,-4.8,-2.992741,616.8,40.6,0.54355065
-638.3,3964.9,115.9,-3.2,-2.5307957,616.7,40.6,0.54362466
-806.1,3971,-167.8,6.1,-3.2010231,616.4,40.6,0.54384667
-486.2,3961.1,319.9,-9.9,-1.9258868,616.3,40.6,0.54392067
29,3944.7,515.2,-16.4,0.1143963,616.3,40.6,0.54392067
1049.2,3909.8,1020.2,-34.9,4.1021622,616.6,40.6,0.54369866
2051.5,3874.3,1002.3,-35.5,7.9481264,617.1,40.6,0.54332865
2868.5,3843.7,817,-30.6,11.025653,617.9,40.6,0.54273662
2937.6,3837.4,69.1,-6.3,11.272746,618.7,40.6,0.5421446
2836.8,3837.3,-100.8,-0.1,10.885653,619.5,40.6,0.54155258
2534.6,3844.4,-302.2,7.1,9.7440162,620.2,40.6,0.54103456
1886.6,3863.9,-648,19.5,7.2896337,620.8,40.6,0.54059054
1511.6,3875.4,-375,11.5,5.8580546,621.2,40.6,0.54029453
1114.5,3888.1,-397.1,12.7,4.3332875,621.5,40.6,0.54007252
1076.2,3889.3,-38.3,1.2,4.1856647,621.8,40.6,0.53985051
455.2,3909.9,-621,20.6,1.7797865,621.9,40.6,0.53977651
722.1,3901.7,266.9,-8.2,2.8174176,622.1,40.6,0.53962851
713.2,3902,-8.9,0.3,2.7829064,622.3,40.6,0.5394805
628.1,3904.8,-85.1,2.8,2.4526049,622.5,40.6,0.53933249
990.2,3892.9,362.1,-11.9,3.8547496,622.8,40.6,0.53911049
753.3,3900.2,-236.9,7.3,2.9380207,623,40.6,0.53896248
1243.2,3883.8,489.9,-16.4,4.8283402,623.3,40.6,0.53874047
1559.3,3872.3,316.1,-11.5,6.0380774,623.7,40.6,0.53844446
1448.4,3874.7,-110.9,2.4,5.6121155,624.1,40.6,0.53814845
1077.4,3886.2,-371,11.5,4.1869919,624.4,40.6,0.53792644
1034.2,3887.4,-43.2,1.2,4.0203491,624.7,40.6,0.53770443
1108.3,3884.7,74.1,-2.7,4.305413,625,40.6,0.53748242
600.3,3901.3,-508,16.6,2.3419504,625.2,40.6,0.53733442
22,3921.2,-578.3,19.9,0.0862664,625.2,40.6,0.53733442
18,3922.6,-4,1.4,0.0706068,625.3,40.6,0.53726042
-79,3926.1,-97,3.5,-0.3101619,625.2,40.6,0.53733442
-91,3927.6,-12,1.5,-0.3574116,625.2,40.6,0.53733442
87,3923.1,178,-4.5,0.3413097,625.2,40.6,0.53733442
135.1,3921.9,48.1,-1.2,0.52984869,625.3,40.6,0.53726042
841.1,3898.6,706,-23.3,3.2791125,625.5,40.6,0.53711241
1261.2,3883.7,420.1,-14.9,4.8981224,625.8,40.6,0.5368904
552.3,3906.3,-708.9,22.6,2.1574495,626,40.6,0.5367424
662.1,3902.7,109.8,-3.6,2.5839777,626.2,40.6,0.53659439
1489.2,3874.9,827.1,-27.8,5.7705011,626.6,40.6,0.53629838
1218.3,3882.5,-270.9,7.6,4.7300497,626.9,40.6,0.53607637
809.3,3895.5,-409,13,3.1526282,627.2,40.6,0.53585436
15,3922.1,-794.3,26.6,0.0588315,627.2,40.6,0.53585436
-311.1,3933.7,-326.1,11.6,-1.2237741,627.1,40.6,0.53592837
50,3923.6,361.1,-10.1,0.19618,627.1,40.6,0.53592837
216.1,3918.6,166.1,-5,0.84680946,627.1,40.6,0.53592837
-312,3936,-528.1,17.4,-1.228032,627.1,40.6,0.53592837
-657,3948.7,-345,12.7,-2.5942959,626.9,40.6,0.53607637
-1180.3,3967.9,-523.3,19.2,-4.6833124,626.6,40.6,0.53629838
-1289.3,3973.9,-109,6,-5.1235493,626.2,40.6,0.53659439
-1126.4,3970.4,162.9,-3.5,-4.4722586,625.9,40.6,0.5368164
-982.2,3967.2,144.2,-3.2,-3.8965838,625.6,40.6,0.53703841
-1154.3,3974.2,-172.1,7,-4.5874191,625.3,40.6,0.53726042
-1020.2,3971.3,134.1,-2.9,-4.0515203,625,40.6,0.53748242
-587.2,3957.9,433,-13.4,-2.3240789,624.9,40.6,0.53755643
-306.1,3948.9,281.1,-9,-1.2087583,624.8,40.6,0.53763043
-170.2,3944.4,135.9,-4.5,-0.67133688,624.7,40.6,0.53770443
32,3938.2,202.2,-6.2,0.1260224,624.7,40.6,0.53770443
32,3938,0,-0.2,0.126016,624.7,40.6,0.53770443
32,3937.9,0,-0.1,0.1260128,624.7,40.6,0.53770443
32,3937.8,0,-0.1,0.1260096,624.7,40.6,0.53770443
32,3937.7,0,-0.1,0.1260064,624.8,40.6,0.53763043
32,3937.7,0,0,0.1260064,624.8,40.6,0.53763043
32,3937.8,0,0.1,0.1260096,624.8,40.6,0.53763043
32,3937.9,0,0.1,0.1260128,624.8,40.6,0.53763043
32,3937.9,0,0,0.1260128,624.8,40.6,0.53763043
32,3938,0,0.1,0.126016,624.8,40.6,0.53763043
32,3938,0,0,0.126016,624.8,40.6,0.53763043
32,3938.1,0,0.1,0.1260192,624.8,40.6,0.53763043
32,3938.2,0,0.1,0.1260224,624.8,40.6,0.53763043
32,3938.3,0,0.1,0.1260256,624.8,40.6,0.53763043
32,3938.3,0,0,0.1260256,624.8,40.6,0.53763043
32,3938.4,0,0.1,0.1260288,624.9,40.6,0.53755643
32,3938.5,0,0.1,0.126032,624.9,40.6,0.53755643
46,3938.2,14,-0.3,0.1811572,624.9,40.6,0.53755643
672.2,3917.2,626.2,-21,2.6331418,625,40.6,0.53748242
1675.2,3882.5,1003,-34.7,6.503964,625.5,40.6,0.53711241
2482.6,3853,807.4,-29.5,9.5654578,626.2,40.6,0.53659439
2829.6,3838.1,347,-14.9,10.860288,627,40.6,0.53600237
2674.7,3839.9,-154.9,1.8,10.270581,627.7,40.6,0.53548435
1453.6,3878.1,-1221.1,38.2,5.6372062,628.1,40.6,0.53518834
-12,3926.2,-1465.6,48.1,-0.0471144,628.2,40.6,0.53511433
-384,3940.5,-372,14.3,-1.513152,628.1,40.6,0.53518834
-507.1,3946.3,-123.1,5.8,-2.0011687,627.9,40.6,0.53533634
-866.1,3960,-359,13.7,-3.429756,627.7,40.6,0.53548435
-968.3,3965.2,-102.2,5.2,-3.8395032,627.4,40.6,0.53570636
-568.1,3953.5,400.2,-11.7,-2.2459834,627.2,40.6,0.53585436
-82,3938.2,486.1,-15.3,-0.3229324,627.2,40.6,0.53585436
516.2,3918.7,598.2,-19.5,2.0228329,627.3,40.6,0.53578036
1323.1,3890.9,806.9,-27.8,5.1480498,627.7,40.6,0.53548435
2050.4,3864.6,727.3,-26.3,7.9239758,628.3,40.6,0.53504033
2641.6,3842.1,591.2,-22.5,10.149291,629,40.6,0.53452231
2656.6,3838.5,15,-3.6,10.197359,629.8,40.6,0.53393029
1880.7,3861.7,-775.9,23.2,7.2626992,630.3,40.6,0.53356028
656.2,3901.5,-1224.5,39.8,2.5601643,630.5,40.6,0.53341227
-318,3934.3,-974.2,32.8,-1.2511074,630.4,40.6,0.53348627
-811.1,3952.9,-493.1,18.6,-3.2061972,630.2,40.6,0.53363428
-909.2,3958.4,-98.1,5.5,-3.5989773,629.9,40.6,0.53385629
-844.4,3958.3,64.8,-0.1,-3.3423885,629.7,40.6,0.53400429
-586.2,3951.2,258.2,-7.1,-2.3161934,629.5,40.6,0.5341523
-202.1,3939.3,384.1,-11.9,-0.79613253,629.5,40.6,0.5341523
-105.1,3936.4,97,-2.9,-0.41371564,629.4,40.6,0.5342263
32,3932.7,137.1,-3.7,0.1258464,629.4,40.6,0.5342263
32,3932.8,0,0.1,0.1258496,629.4,40.6,0.5342263
188.9,3927.7,156.9,-5.1,0.74194253,629.5,40.6,0.5341523
1004.3,3900.3,815.4,-27.4,3.9170713,629.8,40.6,0.53393029
1783.3,3872.8,779,-27.5,6.9063642,630.3,40.6,0.53356028
2495.4,3846.4,712.1,-26.4,9.5983066,631,40.6,0.53304226
2824.7,3832.4,329.3,-14,10.82538,631.7,40.6,0.53252424
2439.6,3842.1,-385.1,9.7,9.3731872,632.4,40.6,0.53200622
1068.4,3886,-1371.2,43.9,4.1518024,632.7,40.6,0.53178421
23,3921.4,-1045.4,35.4,0.0901922,632.7,40.6,0.53178421
-425,3937.3,-448,15.9,-1.6733525,632.6,40.6,0.53185821
-828.2,3952.7,-403.2,15.4,-3.2736261,632.4,40.6,0.53200622
-947.3,3958.9,-119.1,6.2,-3.750266,632.1,40.6,0.53222822
-849.2,3957.6,98.1,-1.3,-3.3607939,631.9,40.6,0.53237623
-459.3,3946,389.9,-11.6,-1.8123978,631.8,40.6,0.53245023
-119.1,3935.4,340.2,-10.6,-0.46870614,631.7,40.6,0.53252424
32,3931.1,151.1,-4.3,0.1257952,631.7,40.6,0.53252424
469.2,3916.6,437.2,-14.5,1.8376687,631.8,40.6,0.53245023
1222.2,3890.7,753,-25.9,4.7552135,632.2,40.6,0.53215422
1515.4,3879.2,293.2,-11.5,5.8785397,632.6,40.6,0.53185821
1508.3,3877.7,-7.1,-1.5,5.8487349,633,40.6,0.5315622
1395.4,3880,-112.9,2.3,5.414152,633.4,40.6,0.53126619
1561.4,3873.3,166,-6.7,6.0477706,633.8,40.6,0.53097018
1413.4,3877,-148,3.7,5.4797518,634.2,40.6,0.53067417
903.4,3893.1,-510,16.1,3.5170265,634.5,40.6,0.53045216
69,3921.1,-834.4,28,0.2705559,634.5,40.6,0.53045216
4,3924.4,-65,3.3,0.0156976,634.5,40.6,0.53045216
32,3924.4,28,0,0.1255808,634.5,40.6,0.53045216
-245,3933.8,-277,9.4,-0.963781,634.5,40.6,0.53045216
-581.1,3946.2,-336.1,12.4,-2.2931368,634.3,40.6,0.53060016
-702.1,3951.8,-121,5.6,-2.7745588,634.1,40.6,0.53074817
-748.1,3954.7,-46,2.9,-2.9585111,633.9,40.6,0.53089617
-356.1,3942.9,392,-11.8,-1.4040667,633.8,40.6,0.53097018
32,3931.1,388.1,-11.8,0.1257952,633.8,40.6,0.53097018
775.2,3906.1,743.2,-25,3.0280087,634,40.6,0.53082217
1601.3,3877.2,826.1,-28.9,6.2085604,634.4,40.6,0.53052616
2691.5,3838.4,1090.2,-38.8,10.331054,635.2,40.6,0.52993414
2925.6,3827,234.1,-11.4,11.196271,636,40.6,0.52934212
2885.7,3825.1,-39.9,-1.9,11.038091,636.8,40.6,0.52875009
2531.7,3834.1,-354,9,9.706791,637.5,40.6,0.52823207
337.2,3905.8,-2194.5,71.7,1.3170358,637.6,40.6,0.52815807
-651.1,3940.1,-988.3,34.3,-2.5653991,637.5,40.6,0.52823207
-834.2,3948.8,-183.1,8.7,-3.294089,637.2,40.6,0.52845408
-973.3,3955.9,-139.1,7.1,-3.8502775,637,40.6,0.52860209
-1093.2,3962,-119.9,6.1,-4.3312584,636.7,40.6,0.5288241
-669.2,3949.9,424,-12.1,-2.6432731,636.5,40.6,0.5289721
-91,3931.5,578.2,-18.4,-0.3577665,636.4,40.6,0.5290461
555.2,3910.6,646.2,-20.9,2.1711651,636.6,40.6,0.5288981
1317.2,3884.2,762,-26.4,5.1162682,636.9,40.6,0.52867609
2377.6,3846.9,1060.4,-37.3,9.1463894,637.6,40.6,0.52815807
2842.6,3828.2,465,-18.7,10.882041,638.4,40.6,0.52756605
2012.6,3852.7,-830,24.5,7.753944,638.9,40.6,0.52719603
194.2,3912.3,-1818.4,59.6,0.75976866,639,40.6,0.52712203
-90,3922.7,-284.2,10.4,-0.353043,639,40.6,0.52712203
-261.1,3929.9,-171.1,7.2,-1.0260969,638.9,40.6,0.52719603
-550.1,3941,-289,11.1,-2.1679441,638.8,40.6,0.52727004
-729,3948.6,-178.9,7.6,-2.8785294,638.6,40.6,0.52741804
-650.2,3947.6,78.8,-1,-2.5667295,638.4,40.6,0.52756605
-435.2,3941.7,215,-5.9,-1.7154278,638.3,40.6,0.52764005
-329.1,3939,106.1,-2.7,-1.2963249,638.2,40.6,0.52771405
-84,3931.4,245.1,-7.6,-0.3302376,638.1,40.6,0.52778806
32,3928.4,116,-3,0.1257088,638.1,40.6,0.52778806
32,3928.4,0,0,0.1257088,638.2,40.6,0.52771405
32,3928.7,0,0.3,0.1257184,638.2,40.6,0.52771405
162.1,3924.5,130.1,-4.2,0.63616145,638.2,40.6,0.52771405
1841.4,3868.2,1679.3,-56.3,7.1229035,638.7,40.6,0.52734404
1949.5,3861.7,108.1,-6.5,7.5283841,639.3,40.6,0.52690002
2625.5,3836.7,676,-25,10.073256,640,40.6,0.526382
2915.6,3823.9,290.1,-12.8,11.148963,640.8,40.6,0.52578998
2979.7,3818.7,64.1,-5.2,11.37858,641.6,40.6,0.52519796
2994.8,3815.4,15.1,-3.3,11.42636,642.5,40.6,0.52453193
2989.6,3813.1,-5.2,-2.3,11.399644,643.3,40.6,0.52393991
2987.8,3810.7,-1.8,-2.4,11.385609,644.1,40.6,0.52334789
2987.6,3808.6,-0.2,-2.1,11.378573,645,40.6,0.52268186
2988.7,3806.4,1.1,-2.2,11.376188,645.8,40.6,0.52208984
2988.8,3804.4,0.1,-2,11.370591,646.6,40.6,0.52149782
2873.7,3806.3,-115.1,1.9,10.938164,647.4,40.6,0.52090579
1171.6,3861.9,-1702.1,55.6,4.524602,647.7,40.6,0.52068379
12,3901.9,-1159.6,40,0.0468228,647.7,40.6,0.52068379
-375,3916.7,-387,14.8,-1.4687625,647.6,40.6,0.52075779
-1020.2,3940.9,-645.2,24.2,-4.0205062,647.4,40.6,0.52090579
-1387.2,3956.3,-367,15.4,-5.4881794,647,40.6,0.52120181
-1407.3,3960.1,-20.1,3.8,-5.5730487,646.6,40.6,0.52149782
-1447.5,3964.2,-40.2,4.1,-5.7381795,646.2,40.6,0.52179383
-1469.3,3967.6,-21.8,3.4,-5.8295947,645.8,40.6,0.52208984
-1484.4,3970.5,-15.1,2.9,-5.8938102,645.4,40.6,0.52238585
-1469.5,3972.1,14.9,1.6,-5.837001,645,40.6,0.52268186
-1185.3,3964.7,284.2,-7.4,-4.6993589,644.6,40.6,0.52297787
-554.1,3944.8,631.2,-19.9,-2.1858137,644.5,40.6,0.52305188
-157.2,3931.9,396.9,-12.9,-0.61809468,644.4,40.6,0.52312588
32,3926.2,189.2,-5.7,0.1256384,644.4,40.6,0.52312588
32,3926,0,-0.2,0.125632,644.4,40.6,0.52312588
32,3926,0,0,0.125632,644.4,40.6,0.52312588
32,3926.2,0,0.2,0.1256384,644.5,40.6,0.52305188
60,3925.4,28,-0.8,0.235524,644.5,40.6,0.52305188
1189.2,3887.5,1129.2,-37.9,4.623015,644.8,40.6,0.52282987
2402.6,3845,1213.4,-42.5,9.237997,645.4,40.6,0.52238585
2892.5,3825.2,489.9,-19.8,11.064391,646.2,40.6,0.52179383
2908.7,3821.3,16.2,-3.9,11.115015,647,40.6,0.52120181
2996.7,3815.4,88,-5.9,11.433609,647.9,40.6,0.52053578
2998.7,3812.4,2,-3,11.432244,648.7,40.6,0.51994376
2902.7,3813,-96,0.6,11.067995,649.5,40.6,0.51935174
2997.6,3807.6,94.9,-5.4,11.413662,650.4,40.6,0.51868571
3000.7,3805.2,3.1,-2.4,11.418264,651.2,40.6,0.51809369
2999.6,3803.1,-1.1,-2.1,11.407779,652,40.6,0.51750167
1587.6,3848.4,-1412,45.3,6.1097198,652.5,40.6,0.51713165
1,3902,-1586.6,53.6,0.003902,652.5,40.6,0.51713165
-90,3906.9,-91,4.9,-0.351621,652.5,40.6,0.51713165
-521.1,3923.3,-431.1,16.4,-2.0444316,652.3,40.6,0.51727966
-1194.3,3948.3,-673.2,25,-4.7154547,652,40.6,0.51750167
-1389.3,3957.8,-195,9.5,-5.4985715,651.6,40.6,0.51779768
-1345.3,3959.2,44,1.4,-5.3263118,651.2,40.6,0.51809369
-1405.3,3963.5,-60,4.3,-5.5699065,650.9,40.6,0.5183157
-1466.4,3968,-61.1,4.5,-5.8186752,650.5,40.6,0.51861171
-1370.4,3967,96,-1,-5.4363768,650.1,40.6,0.51890772
-1099.3,3959.8,271.1,-7.2,-4.3530081,649.8,40.6,0.51912973
-1045.3,3959.4,54,-0.4,-4.1387608,649.5,40.6,0.51935174
-838.3,3953.7,207,-5.7,-3.3143867,649.2,40.6,0.51957374
-312.1,3937,526.2,-16.7,-1.2287377,649.2,40.6,0.51957374
32,3926.1,344.1,-10.9,0.1256352,649.1,40.6,0.51964775
32,3925.8,0,-0.3,0.1256256,649.2,40.6,0.51957374
32,3925.7,0,-0.1,0.1256224,649.2,40.6,0.51957374
61,3924.8,29,-0.9,0.2394128,649.2,40.6,0.51957374
724.1,3902.6,663.1,-22.2,2.8258727,649.4,40.6,0.51942574
962.2,3893.5,238.1,-9.1,3.7463257,649.6,40.6,0.51927773
1075.3,3888.5,113.1,-5,4.181304,649.9,40.6,0.51905572
-153,3927.9,-1228.3,39.4,-0.6009687,649.9,40.6,0.51905572
-509.1,3941,-356.1,13.1,-2.0063631,649.8,40.6,0.51912973
-140.2,3929.9,368.9,-11.1,-0.55097198,649.7,40.6,0.51920373
32,3925.2,172.2,-4.7,0.1256064,649.7,40.6,0.51920373
32,3925.3,0,0.1,0.1256096,649.7,40.6,0.51920373
37,3925.3,5,0,0.1452361,649.8,40.6,0.51912973
320.1,3916,283.1,-9.3,1.2535116,649.8,40.6,0.51912973
1393.3,3879.8,1073.2,-36.2,5.4057253,650.2,40.6,0.51883372
1907.5,3860.5,514.2,-19.3,7.3639038,650.8,40.6,0.5183897
2336.4,3843.7,428.9,-16.8,8.9804207,651.4,40.6,0.51794568
2758.7,3827,422.3,-16.7,10.557545,652.2,40.6,0.51735366
2878.6,3819.9,119.9,-7.1,10.995964,653,40.6,0.51676164
2909.6,3816.1,31,-3.8,11.103325,653.8,40.6,0.51616961
2895.7,3813.9,-13.9,-2.2,11.04391,654.6,40.6,0.51557759
2867.7,3812.4,-28,-1.5,10.932819,655.4,40.6,0.51498557
2759.6,3813.8,-108.1,1.4,10.524562,656.1,40.6,0.51446755
2389.6,3824.4,-370,10.6,9.1387862,656.8,40.6,0.51394953
2055.6,3834.3,-334,9.9,7.8817871,657.4,40.6,0.51350551
1254.5,3860.4,-801.1,26.1,4.8428718,657.7,40.6,0.5132835
524.1,3885.3,-730.4,24.9,2.0362857,657.9,40.6,0.5131355
354.1,3892.4,-170,7.1,1.3782988,658,40.6,0.5130615
-30,3905.8,-384.1,13.4,-0.117174,658,40.6,0.5130615
-657.1,3928.4,-627.1,22.6,-2.5813516,657.8,40.6,0.5132095
-1158.1,3947.5,-501,19.1,-4.5715997,657.5,40.6,0.51343151
-1166.3,3950.5,-8.2,3,-4.6074681,657.2,40.6,0.51365352
-1061.3,3949.3,105,-1.2,-4.1913921,656.9,40.6,0.51387553
-1049.3,3950.9,12,1.6,-4.1456794,656.6,40.6,0.51409754
-1116.2,3954.9,-66.9,4,-4.4144594,656.3,40.6,0.51431954
-1064.3,3954.9,51.9,0,-4.2092001,656,40.6,0.51454155
-813.2,3947.9,251.1,-7,-3.2104323,655.7,40.6,0.51476356
-546.3,3940.1,266.9,-7.8,-2.1524766,655.6,40.6,0.51483756
-263.1,3931.2,283.2,-8.9,-1.0342987,655.5,40.6,0.51491157
32,3922.2,295.1,-9,0.1255104,655.5,40.6,0.51491157
0,3922.5,-32,0.3,0,655.5,40.6,0.51491157
0,3922.6,0,0.1,0,655.5,40.6,0.51491157
0,3922.6,0,0,0,655.5,40.6,0.51491157
0,3922.9,0,0.3,0,655.5,40.6,0.51491157
0,3923.1,0,0.2,0,655.5,40.6,0.51491157
0,3923.3,0,0.2,0,655.5,40.6,0.51491157
0,3923.4,0,0.1,0,655.5,40.6,0.51491157
0,3923.7,0,0.3,0,655.5,40.6,0.51491157
0,3923.8,0,0.1,0,655.5,40.6,0.51491157
0,3924.1,0,0.3,0,655.5,40.6,0.51491157
0,3924.3,0,0.2,0,655.5,40.6,0.51491157
0,3924.5,0,0.2,0,655.5,40.6,0.51491157
0,3924.6,0,0.1,0,655.5,40.6,0.51491157
0,3924.8,0,0.2,0,655.5,40.6,0.51491157
0,3925,0,0.2,0,655.5,40.6,0.51491157
0,3925.2,0,0.2,0,655.5,40.6,0.51491157
0,3925.4,0,0.2,0,655.5,40.6,0.51491157
0,3925.6,0,0.2,0,655.5,40.6,0.51491157
0,3925.8,0,0.2,0,655.5,40.6,0.51491157
135,3922,135,-3.8,0.52947,655.5,40.6,0.51491157
1923.4,3862,1788.4,-60,7.4281708,656.1,40.6,0.51446755
2000.5,3856.5,77.1,-5.5,7.7149283,656.6,40.6,0.51409754
2043.6,3852.6,43.1,-3.9,7.8731734,657.2,40.6,0.51365352
2849.5,3823.4,805.9,-29.2,10.894778,658,40.6,0.5130615
2971.8,3816.1,122.3,-7.3,11.340686,658.8,40.6,0.51246947
2900.7,3815.5,-71.1,-0.6,11.067621,659.6,40.6,0.51187745
2865.8,3814.1,-34.9,-1.4,10.930448,660.4,40.6,0.51128543
2985.6,3807.8,119.8,-6.3,11.368568,661.2,40.6,0.51069341
2993.7,3805.1,8.1,-2.7,11.391328,662.1,40.6,0.51002738
2980.7,3803.2,-13,-1.9,11.336198,662.9,40.6,0.50943536
2782.8,3807.8,-197.9,4.6,10.596346,663.7,40.6,0.50884334
2664.7,3810,-118.1,2.2,10.152507,664.4,40.6,0.50832532
2875.6,3801.5,210.9,-8.5,10.931593,665.2,40.6,0.50773329
2883.6,3799.4,8,-2.1,10.95595,666,40.6,0.50714127
2842.7,3799.1,-40.9,-0.3,10.799702,666.8,40.6,0.50654925
2702.7,3802.2,-140,3.1,10.276206,667.6,40.6,0.50595723
2293.7,3814.7,-409,12.5,8.7497774,668.2,40.6,0.50551321
1082.5,3854.7,-1211.2,40,4.1727127,668.5,40.6,0.5052912
527.2,3874.4,-555.3,19.7,2.0425837,668.6,40.6,0.5052172
474.1,3877.8,-53.1,3.4,1.838465,668.8,40.6,0.50506919
-19,3894.9,-493.1,17.1,-0.0740031,668.8,40.6,0.50506919
-106.1,3899.7,-87.1,4.8,-0.41375817,668.7,40.6,0.5051432
15,3897.9,121.1,-1.8,0.0584685,668.8,40.6,0.50506919
654,3877.7,639,-20.2,2.5360158,668.9,40.6,0.50499519
691.3,3876.4,37.3,-1.3,2.6797553,669.1,40.6,0.50484718
16,3899.3,-675.3,22.9,0.0623888,669.1,40.6,0.50484718
-275,3909.7,-291,10.4,-1.0751675,669.1,40.6,0.50484718
-161.1,3907.4,113.9,-2.3,-0.62948214,669,40.6,0.50492119
342.1,3892.3,503.2,-15.1,1.3315558,669.1,40.6,0.50484718
508.1,3886.9,166,-5.4,1.9749339,669.2,40.6,0.50477318
594,3884,85.9,-2.9,2.307096,669.4,40.6,0.50462518
726.1,3879.6,132.1,-4.4,2.8169776,669.6,40.6,0.50447717
1095.2,3867.1,369.1,-12.5,4.2352479,669.9,40.6,0.50425516
1694.5,3846.3,599.3,-20.8,6.5175553,670.4,40.6,0.50388515
2488.3,3818.1,793.8,-28.2,9.5005782,671.1,40.6,0.50336713
2927.5,3800.9,439.2,-17.2,11.127135,671.9,40.6,0.50277511
2976.7,3796.6,49.2,-4.3,11.301339,672.7,40.6,0.50218308
2983.4,3794,6.7,-2.6,11.31902,673.5,40.6,0.50159106
2979.6,3791.9,-3.8,-2.1,11.298345,674.4,40.6,0.50092504
2987.7,3789.7,8.1,-2.2,11.322487,675.2,40.6,0.50033301
2994.6,3787.6,6.9,-2.1,11.342347,676,40.6,0.49974099
2992.7,3786,-1.9,-1.6,11.330362,676.9,40.6,0.49907496
2989.9,3784.5,-2.8,-1.5,11.315277,677.7,40.6,0.49848294
2967.7,3783.7,-22.2,-0.8,11.228886,678.5,40.6,0.49789092
2364.8,3802.4,-602.9,18.7,8.9919155,679.2,40.6,0.4973729
1429.4,3833.3,-935.4,30.9,5.479319,679.6,40.6,0.49707689
832.3,3854.2,-597.1,20.9,3.2078507,679.8,40.6,0.49692888
968.2,3851,135.9,-3.2,3.7285382,680.1,40.6,0.49670687
1374.3,3838.2,406.1,-12.8,5.2748383,680.4,40.6,0.49648487
1305.4,3840.4,-68.9,2.2,5.0132582,680.8,40.6,0.49618886
1470.3,3835.1,164.9,-5.3,5.6387475,681.2,40.6,0.49589284
1638.4,3829.2,168.1,-5.9,6.2737613,681.7,40.6,0.49552283
1560.4,3831.4,-78,2.2,5.9785166,682.1,40.6,0.49522682
1412.4,3836.2,-148,4.8,5.4182489,682.5,40.6,0.49493081
1418.2,3836,5.8,-0.2,5.4402152,682.9,40.6,0.4946348
1594.3,3830,176.1,-6,6.106169,683.3,40.6,0.49433878
1791.5,3823.1,197.2,-6.9,6.8490837,683.8,40.6,0.49396877
1834.4,3821,42.9,-2.1,7.0092424,684.3,40.6,0.49359876
1891.4,3818.5,57,-2.5,7.2223109,684.9,40.6,0.49315474
1896.3,3817.8,4.9,-0.7,7.2396941,685.4,40.6,0.49278473
1985.5,3814.2,89.2,-3.6,7.5730941,685.9,40.6,0.49241471
1408.4,3832.9,-577.1,18.7,5.3982564,686.3,40.6,0.4921187
408.2,3866.9,-1000.2,34,1.5784686,686.5,40.6,0.49197069
-48,3883.2,-456.2,16.3,-0.1863936,686.4,40.6,0.4920447
-308.2,3894,-260.2,10.8,-1.2001308,686.4,40.6,0.4920447
-515,3902.9,-206.8,8.9,-2.0099935,686.2,40.6,0.4921927
-281.1,3897.2,233.9,-5.7,-1.0955029,686.1,40.6,0.49226671
305,3879.5,586.1,-17.7,1.1832475,686.2,40.6,0.4921927
992.1,3856.8,687.1,-22.7,3.8263313,686.5,40.6,0.49197069
1480.4,3839.9,488.3,-16.9,5.684588,686.9,40.6,0.49167468
1229.4,3847.3,-251,7.4,4.7298706,687.2,40.6,0.49145268
710.3,3864.4,-519.1,17.1,2.7448833,687.4,40.6,0.49130467
627.1,3867.6,-83.2,3.2,2.425372,687.6,40.6,0.49115666
477.2,3873.2,-149.9,5.6,1.848291,687.7,40.6,0.49108266
12,3889.5,-465.2,16.3,0.046674,687.8,40.6,0.49100866
-166.1,3896.1,-178.1,6.6,-0.64714221,687.7,40.6,0.49108266
19,3891.8,185.1,-4.3,0.0739442,687.7,40.6,0.49108266
764.1,3867.7,745.1,-24.1,2.9553096,687.9,40.6,0.49093466
1369.3,3847,605.2,-20.7,5.2676971,688.3,40.6,0.49063864
1366.4,3846,-2.9,-1,5.2551744,688.7,40.6,0.49034263
1140.3,3852.8,-226.1,6.8,4.3933478,689,40.6,0.49012062
1164.3,3851.7,24,-1.1,4.4845343,689.3,40.6,0.48989862
612.1,3869.9,-552.2,18.2,2.3687658,689.5,40.6,0.48975061
64,3888.8,-548.1,18.9,0.2488832,689.5,40.6,0.48975061
778.4,3866.1,714.4,-22.7,3.0093722,689.7,40.6,0.4896026
1739.4,3833.7,961,-32.4,6.6683378,690.2,40.6,0.48923259
1890.5,3827.1,151.1,-6.6,7.2351326,690.7,40.6,0.48886258
1894.4,3825.5,3.9,-1.6,7.2470272,691.2,40.6,0.48849256
1761.5,3828.8,-132.9,3.3,6.7444312,691.7,40.6,0.48812255
1670.4,3831,-91.1,2.2,6.3993024,692.2,40.6,0.48775253
1510.6,3835.7,-159.8,4.7,5.7942084,692.6,40.6,0.48745652
1517.4,3835.1,6.8,-0.6,5.8193807,693,40.6,0.48716051
1636.5,3830.7,119.1,-4.4,6.2689406,693.5,40.6,0.4867905
1716.4,3827.3,79.9,-3.4,6.5691777,694,40.6,0.48642048
1733.4,3826,17,-1.3,6.6319884,694.5,40.6,0.48605047
1765.5,3824.3,32.1,-1.7,6.7518016,694.9,40.6,0.48575446
1942.4,3817.7,176.9,-6.6,7.4155005,695.5,40.6,0.48531044
1802.6,3821.4,-139.8,3.7,6.8884556,696,40.6,0.48494043
1723.5,3823.5,-79.1,2.1,6.5898022,696.5,40.6,0.48457041
1698.5,3823.9,-25,0.4,6.4948941,696.9,40.6,0.4842744
1476.4,3830.9,-222.1,7,5.6559408,697.3,40.6,0.48397839
629.3,3859.2,-847.1,28.3,2.4285946,697.5,40.6,0.48383039
1454.3,3832.6,825,-26.6,5.5737502,697.9,40.6,0.48353437
2224.4,3806.3,770.1,-26.3,8.4667337,698.5,40.6,0.48309036
1364.4,3833.7,-860,27.4,5.2307003,698.9,40.6,0.48279435
1298.3,3836,-66.1,2.3,4.9802788,699.3,40.6,0.48249833
1217.4,3838.7,-80.9,2.7,4.6732334,699.6,40.6,0.48227633
1238.3,3838.1,20.9,-0.6,4.7527192,700,40.6,0.48198032
1300.3,3836.1,62,-2,4.9880808,700.3,40.6,0.48175831
1233.4,3838.2,-66.9,2.1,4.7340359,700.7,40.6,0.4814623
1029.2,3845,-204.2,6.8,3.957274,701,40.6,0.48124029
914.3,3849.2,-114.9,4.2,3.5193236,701.2,40.6,0.48109228
1019.2,3846,104.9,-3.2,3.9198432,701.5,40.6,0.48087027
1090.2,3843.8,71,-2.2,4.1905108,701.8,40.6,0.48064826
1177.3,3840.9,87.1,-2.9,4.5218916,702.1,40.6,0.48042626
738.3,3855.6,-439,14.7,2.8465895,702.3,40.6,0.48027825
-308,3890.6,-1046.3,35,-1.1983048,702.3,40.6,0.48027825
-148.1,3887.2,159.9,-3.4,-0.57569432,702.2,40.6,0.48035225
772,3858.4,920.1,-28.8,2.9786848,702.4,40.6,0.48020425
379.1,3871.4,-392.9,13,1.4676477,702.5,40.6,0.48013024
309.1,3874.4,-70,3,1.197577,702.6,40.6,0.48005624
340.1,3874.1,31,-0.3,1.3175814,702.7,40.6,0.47998224
538.1,3867.9,198,-6.2,2.081317,702.9,40.6,0.47983423
1021.1,3851.9,483,-16,3.9331751,703.1,40.6,0.47968623
1175.3,3846.3,154.2,-5.6,4.5205564,703.5,40.6,0.47939022
1312.3,3841.1,137,-5.2,5.0406755,703.8,40.6,0.47916821
1579.3,3831.5,267,-9.6,6.051088,704.3,40.6,0.47879819
1681.3,3827.2,102,-4.3,6.4346714,704.7,40.6,0.47850218
1732.3,3824.5,51,-2.7,6.6251814,705.2,40.6,0.47813217
1642.4,3826.6,-89.9,2.1,6.2848078,705.7,40.6,0.47776215
1257.3,3838.9,-385.1,12.3,4.826649,706,40.6,0.47754015
964.2,3848.6,-293.1,9.7,3.7108201,706.3,40.6,0.47731814
960.3,3849.1,-3.9,0.5,3.6962907,706.6,40.6,0.47709613
1320.3,3837.1,360,-12,5.0661231,706.9,40.6,0.47687412
-191.1,3886.9,-1511.4,49.8,-0.74278659,706.9,40.6,0.47687412
-1274.3,3925.2,-1083.2,38.3,-5.0018824,706.5,40.6,0.47717013
-622.1,3906.4,652.2,-18.8,-2.4301714,706.4,40.6,0.47724414
1027.3,3853.3,1649.4,-53.1,3.9584951,706.6,40.6,0.47709613
1734.3,3828.5,707,-24.8,6.6397676,707.1,40.6,0.47672612
1618.4,3830.8,-115.9,2.3,6.1997667,707.5,40.6,0.4764301
1245.4,3842.2,-373,11.4,4.7850759,707.9,40.6,0.47613409
1203.3,3843.1,-42.1,0.9,4.6244022,708.2,40.6,0.47591208
967.4,3850.8,-235.9,7.7,3.7252639,708.5,40.6,0.47569008
796.1,3856.6,-171.3,5.8,3.0702393,708.7,40.6,0.47554207
868.2,3854.4,72.1,-2.2,3.3463901,709,40.6,0.47532006
774.2,3857.6,-94,3.2,2.9865539,709.2,40.6,0.47517206
386.2,3870.8,-388,13.2,1.494903,709.3,40.6,0.47509805
284,3874.9,-102.2,4.1,1.1004716,709.4,40.6,0.47502405
180.1,3879.2,-103.9,4.3,0.69864392,709.4,40.6,0.47502405
71,3883.6,-109.1,4.4,0.2757356,709.5,40.6,0.47495005
242.2,3878.8,171.2,-4.8,0.93944536,709.5,40.6,0.47495005
526,3869.7,283.8,-9.1,2.0354622,709.7,40.6,0.47480204
1119.2,3849.8,593.2,-19.9,4.3086962,710,40.6,0.47458003
1838.4,3825,719.2,-24.8,7.03188,710.5,40.6,0.47421002
2019.4,3817.2,181,-7.8,7.7084537,711,40.6,0.47384001
1709.5,3825.9,-309.9,8.7,6.540376,711.5,40.6,0.47346999
1266.3,3839.9,-443.2,14,4.8624654,711.9,40.6,0.47317398
943.3,3850.6,-323,10.7,3.632271,712.1,40.6,0.47302597
1109.3,3845.2,166,-5.4,4.2654804,712.4,40.6,0.47280397
1269.2,3839.7,159.9,-5.5,4.8733472,712.8,40.6,0.47250796
1222.3,3840.8,-46.9,1.1,4.6946098,713.1,40.6,0.47228595
1371.2,3835.5,148.9,-5.3,5.2592376,713.5,40.6,0.47198994
1712.4,3823.6,341.2,-11.9,6.5475326,714,40.6,0.47161992
1899.5,3816.3,187.1,-7.3,7.2490619,714.5,40.6,0.47124991
2182.5,3805.7,283,-10.6,8.3059403,715.1,40.6,0.47080589
2264.6,3801.5,82.1,-4.2,8.6088769,715.8,40.6,0.47028787
2141.5,3804.3,-123.1,2.8,8.1469085,716.4,40.6,0.46984385
1767.5,3815.9,-374,11.6,6.7446033,716.8,40.6,0.46954784
-47,3875.8,-1814.5,59.9,-0.1821626,716.8,40.6,0.46954784
-607.3,3896.7,-560.3,20.9,-2.3664659,716.7,40.6,0.46962185
-263,3887.6,344.3,-9.1,-1.0224388,716.6,40.6,0.46969585
22,3880.1,285,-7.5,0.0853622,716.6,40.6,0.46969585
249.2,3873.5,227.2,-6.6,0.9652762,716.7,40.6,0.46962185
360,3870.2,110.8,-3.3,1.393272,716.8,40.6,0.46954784
793.1,3856.2,433.1,-14,3.0583522,717,40.6,0.46939984
1414.3,3835.1,621.2,-21.1,5.4239819,717.4,40.6,0.46910383
1749.4,3822.7,335.1,-12.4,6.6874314,717.9,40.6,0.46873381
1809.4,3819.4,60,-3.3,6.9108224,718.4,40.6,0.4683638
1921.4,3814.5,112,-4.9,7.3291803,718.9,40.6,0.46799378
2015.5,3810.2,94.1,-4.3,7.6794581,719.5,40.6,0.46754977
1545.4,3824.8,-470.1,14.6,5.9108459,719.9,40.6,0.46725376
804.3,3849.3,-741.1,24.5,3.095992,720.1,40.6,0.46710575
1132.2,3839,327.9,-10.3,4.3465158,720.4,40.6,0.46688374
1982.4,3810.4,850.2,-28.6,7.553737,721,40.6,0.46643972
1596.4,3822,-386,11.6,6.1014408,721.4,40.6,0.46614371
1149.4,3836.5,-447,14.5,4.4096731,721.7,40.6,0.46592171
1180.2,3835.6,30.8,-0.9,4.5267751,722.1,40.6,0.46562569
1077.4,3839,-102.8,3.4,4.1361386,722.4,40.6,0.46540369
1239.3,3833.6,161.9,-5.4,4.7509805,722.7,40.6,0.46518168
1698.4,3818,459.1,-15.6,6.4844912,723.2,40.6,0.46481166
2087.5,3804.1,389.1,-13.9,7.9410587,723.8,40.6,0.46436765
2265.5,3796.9,178,-7.2,8.6018769,724.4,40.6,0.46392363
2416.6,3790.5,151.1,-6.4,9.1601223,725.1,40.6,0.46340561
2456.5,3787.8,39.9,-2.7,9.3047307,725.7,40.6,0.46296159
2448.7,3786.8,-7.8,-1,9.2727372,726.4,40.6,0.46244357
943.4,3836.2,-1505.3,49.4,3.6190711,726.7,40.6,0.46222156
-1021.2,3902.6,-1964.6,66.4,-3.9853351,726.4,40.6,0.46244357
-1430.3,3920,-409.1,17.4,-5.606776,726,40.6,0.46273958
-1139.3,3913.6,291,-6.4,-4.4587645,725.7,40.6,0.46296159
-975.3,3910.6,164,-3,-3.8140082,725.5,40.6,0.4631096
-588.2,3899.5,387.1,-11.1,-2.2936859,725.3,40.6,0.4632576
35,3880.5,623.2,-19,0.1358175,725.3,40.6,0.4632576
1169,3842.7,1134,-37.8,4.4921163,725.6,40.6,0.4630356
2121.5,3809.7,952.5,-33,8.0822785,726.2,40.6,0.46259158
2785.7,3785.1,664.2,-24.6,10.544153,726.9,40.6,0.46207356
2875.6,3779.3,89.9,-5.8,10.867755,727.7,40.6,0.46148154
2809.8,3779.2,-65.8,-0.1,10.618796,728.5,40.6,0.46088951
2827.6,3776.6,17.8,-2.6,10.678714,729.3,40.6,0.46029749
2807.7,3775.5,-19.9,-1.1,10.600471,730.1,40.6,0.45970547
2558.6,3782.2,-249.1,6.7,9.6771369,730.8,40.6,0.45918745
2364.7,3787.5,-193.9,5.3,8.9563013,731.4,40.6,0.45874343
2123.6,3794.7,-241.1,7.2,8.0584249,732,40.6,0.45829942
1898.6,3801.7,-225,7,7.2179076,732.6,40.6,0.4578554
1866.5,3802.5,-32.1,0.8,7.0973663,733.1,40.6,0.45748538
2103.6,3794.2,237.1,-8.3,7.9814791,733.7,40.6,0.45704137
1972.5,3797.8,-131.1,3.6,7.4911605,734.2,40.6,0.45667135
1812.5,3802.7,-160,4.9,6.8923938,734.7,40.6,0.45630134
1568.4,3810.6,-244.1,7.9,5.976545,735.1,40.6,0.45600533
165.4,3857.9,-1403,47.3,0.63809666,735.2,40.6,0.45593133
-128,3869.1,-293.4,11.2,-0.4952448,735.2,40.6,0.45593133
443,3852.6,571,-16.5,1.7067018,735.3,40.6,0.45585732
957.2,3836,514.2,-16.6,3.6718192,735.6,40.6,0.45563531
1092.2,3831.5,135,-4.5,4.1847643,735.9,40.6,0.45541331
937.1,3836.6,-155.1,5.1,3.5952779,736.1,40.6,0.4552653
774.2,3842.4,-162.9,5.8,2.9747861,736.3,40.6,0.45511729
868.1,3839.6,93.9,-2.8,3.3331568,736.6,40.6,0.45489529
922.2,3837.9,54.1,-1.7,3.5393114,736.8,40.6,0.45474728
785.2,3842.7,-137,4.8,3.017288,737.1,40.6,0.45452527
314.1,3858.9,-471.1,16.2,1.2120805,737.1,40.6,0.45452527
236.1,3862.5,-78,3.6,0.91193625,737.2,40.6,0.45445127
665.1,3849,429,-13.5,2.5599699,737.4,40.6,0.45430326
949.1,3839.7,284,-9.3,3.6442593,737.7,40.6,0.45408126
776.3,3845.3,-172.8,5.6,2.9851064,737.9,40.6,0.45393325
513.1,3854.3,-263.2,9,1.9776413,738,40.6,0.45385925
571.1,3852.9,58,-1.4,2.2003912,738.2,40.6,0.45371124
858.1,3843.7,287,-9.2,3.298279,738.4,40.6,0.45356324
962.1,3840.1,104,-3.6,3.6945602,738.7,40.6,0.45334123
715.2,3848.2,-246.9,8.1,2.7522326,738.9,40.6,0.45319322
288.2,3862.8,-427,14.6,1.113259,739,40.6,0.45311922
434,3858.8,145.8,-4,1.6747192,739.1,40.6,0.45304522
728.2,3849.4,294.2,-9.4,2.8031331,739.3,40.6,0.45289721
870.1,3844.6,141.9,-4.8,3.3451865,739.5,40.6,0.4527492
1113.2,3836.3,243.1,-8.3,4.2705692,739.8,40.6,0.4525272
1657.4,3817.6,544.2,-18.7,6.3272902,740.3,40.6,0.45215718
2331.3,3793.8,673.9,-23.8,8.8444859,740.9,40.6,0.45171317
2438.6,3788.4,107.3,-5.4,9.2383922,741.6,40.6,0.45119515
2361.7,3789.2,-76.9,0.8,8.9489536,742.3,40.6,0.45067713
1777.4,3807.4,-584.3,18.2,6.7672728,742.8,40.6,0.45030711
1089.4,3830,-688,22.6,4.172402,743.1,40.6,0.4500851
459.1,3851.7,-630.3,21.7,1.7683155,743.2,40.6,0.4500111
321.1,3857.5,-138,5.8,1.2386432,743.3,40.6,0.4499371
897.2,3839.2,576.1,-18.3,3.4445302,743.5,40.6,0.44978909
698.2,3845.8,-199,6.6,2.6851376,743.7,40.6,0.44964109
1965.4,3803.7,1267.2,-42.1,7.475792,744.3,40.6,0.44919707
2101.4,3797.6,136,-6.1,7.9802766,744.9,40.6,0.44875305
2,3866.8,-2099.4,69.2,0.0077336,744.9,40.6,0.44875305
-53,3869.9,-55,3.1,-0.2051047,744.9,40.6,0.44875305
441.1,3855.4,494.1,-14.5,1.7006169,745,40.6,0.44867905
758.1,3845.2,317,-10.2,2.9150461,745.2,40.6,0.44853104
716.3,3846.7,-41.8,1.5,2.7553912,745.4,40.6,0.44838304
449.1,3855.8,-267.2,9.1,1.7316398,745.5,40.6,0.44830904
86,3868.6,-363.1,12.8,0.3326996,745.5,40.6,0.44830904
186.1,3866.2,100.1,-2.4,0.71949982,745.6,40.6,0.44823503
757.2,3847.7,571.1,-18.5,2.9134784,745.8,40.6,0.44808703
1480.3,3823.2,723.1,-24.5,5.659483,746.2,40.6,0.44779102
1452.4,3823.1,-27.9,-0.1,5.5526704,746.6,40.6,0.447495
329.2,3860,-1123.2,36.9,1.270712,746.7,40.6,0.447421
22,3871.2,-307.2,11.2,0.0851664,746.7,40.6,0.447421
89,3870.1,67,-1.1,0.3444389,746.7,40.6,0.447421
96,3870.8,7,0.7,0.3715968,746.8,40.6,0.447347
654.1,3852.8,558.1,-18,2.5201165,746.9,40.6,0.447273
484.1,3858.3,-170,5.5,1.867803,747.1,40.6,0.44712499
-132.1,3878.6,-616.2,20.3,-0.51236306,747.1,40.6,0.44712499
-301.1,3885.4,-169,6.8,-1.1698939,747,40.6,0.44719899
-218.2,3883.8,82.9,-1.6,-0.84744516,746.9,40.6,0.447273
29,3877,247.2,-6.8,0.112433,746.9,40.6,0.447273
475.2,3862.6,446.2,-14.4,1.8355075,747,40.6,0.44719899
125.1,3874.1,-350.1,11.5,0.48464991,747.1,40.6,0.44712499
-83,3881,-208.1,6.9,-0.322123,747.1,40.6,0.44712499
-39,3880.3,44,-0.7,-0.1513317,747,40.6,0.44719899
-57,3881.5,-18,1.2,-0.2212455,747,40.6,0.44719899
142,3876,199,-5.5,0.550392,747.1,40.6,0.44712499
175.2,3875.1,33.2,-0.9,0.67891752,747.1,40.6,0.44712499
132.1,3876.8,-43.1,1.7,0.51212528,747.1,40.6,0.44712499
1082.2,3845.3,950.1,-31.5,4.1613837,747.5,40.6,0.44682898
1325.3,3836.1,243.1,-9.2,5.0839833,747.8,40.6,0.44660697
1186.3,3839.5,-139,3.4,4.5547989,748.1,40.6,0.44638496
1459.4,3829.7,273.1,-9.8,5.5890642,748.6,40.6,0.44601495
1747.4,3819,288,-10.7,6.6733206,749,40.6,0.44571894
1471.5,3826.9,-275.9,7.9,5.6312834,749.4,40.6,0.44542293
408.1,3861.8,-1063.4,34.9,1.5760006,749.6,40.6,0.44527492
1170.2,3837,762.1,-24.8,4.4900574,749.9,40.6,0.44505291
2059.4,3806.7,889.2,-30.3,7.839518,750.5,40.6,0.4446089
1144.4,3835.6,-915,28.9,4.3894606,750.8,40.6,0.44438689
900.2,3843.5,-244.2,7.9,3.4599187,751,40.6,0.44423888
655.2,3851.9,-245,8.4,2.5237649,751.2,40.6,0.44409088
632.1,3853,-23.1,1.1,2.4354813,751.4,40.6,0.44394287
1123.3,3836.8,491.2,-16.2,4.3098774,751.7,40.6,0.44372086
1262.3,3831.6,139,-5.2,4.8366287,752,40.6,0.44349885
1003.3,3839.7,-259,8.1,3.852371,752.3,40.6,0.44327684
910.2,3842.7,-93.1,3,3.4976255,752.6,40.6,0.44305484
342.1,3861.7,-568.1,19,1.3210876,752.7,40.6,0.44298083
128.2,3869.6,-213.9,7.9,0.49608272,752.7,40.6,0.44298083
341.9,3863.3,213.7,-6.3,1.3208623,752.8,40.6,0.44290683
36,3874,-305.9,10.7,0.139464,752.8,40.6,0.44290683
-139,3880.1,-175,6.1,-0.5393339,752.8,40.6,0.44290683
-177.1,3882.4,-38.1,2.3,-0.68757304,752.7,40.6,0.44298083
-33,3878.4,144.1,-4,-0.1279872,752.7,40.6,0.44298083
-12,3878.4,21,0,-0.0465408,752.7,40.6,0.44298083
136.1,3874.6,148.1,-3.8,0.52733306,752.8,40.6,0.44290683
533.1,3861.5,397,-13.1,2.0585657,752.9,40.6,0.44283283
744.1,3854.2,211,-7.3,2.8679102,753.1,40.6,0.44268482
841.1,3850.6,97,-3.6,3.2387397,753.3,40.6,0.44253682
858.2,3849.6,17.1,-1,3.3037267,753.6,40.6,0.44231481
933.2,3846.7,75,-2.9,3.5897404,753.8,40.6,0.4421668
921.3,3846.6,-11.9,-0.1,3.5438726,754.1,40.6,0.44194479
956.2,3845.1,34.9,-1.5,3.6766846,754.4,40.6,0.44172279
1338.2,3831.9,382,-13.2,5.1278486,754.7,40.6,0.44150078
2421.5,3794.7,1083.3,-37.2,9.188866,755.4,40.6,0.44098276
2876.6,3777.1,455.1,-17.6,10.865206,756.2,40.5,0.44039073
1978.6,3804.6,-898,27.5,7.5277816,756.8,40.5,0.43994672
914.4,3839.4,-1064.2,34.8,3.5107474,757,40.5,0.43979871
942.3,3839,27.9,-0.4,3.6174897,757.3,40.5,0.4395767
936.2,3839.4,-6.1,0.4,3.5944463,757.5,40.5,0.4394287
1014.2,3836.8,78,-2.6,3.8912826,757.8,40.5,0.43920669
1079.2,3834.6,65,-2.2,4.1383003,758.1,40.5,0.43898468
1066.3,3834.8,-12.9,0.2,4.0890472,758.4,40.5,0.43876267
1070.2,3834.5,3.9,-0.3,4.1036819,758.7,40.5,0.43854066
1074.3,3834.1,4.1,-0.4,4.1189736,759,40.5,0.43831866
1079.2,3833.8,4.9,-0.3,4.137437,759.3,40.5,0.43809665
1118.2,3832.3,39,-1.5,4.2852779,759.6,40.5,0.43787464
1306.4,3825.7,188.2,-6.6,4.9978945,760,40.5,0.43757863
1449.3,3820.4,142.9,-5.3,5.5369057,760.4,40.5,0.43728262
1515.4,3817.6,66.1,-2.8,5.785191,760.8,40.5,0.43698661
1540.3,3816.1,24.9,-1.5,5.8779388,761.2,40.5,0.43669059
1571.3,3814.4,31,-1.7,5.9935667,761.7,40.5,0.43632058
1570.4,3813.8,-0.9,-0.6,5.9891915,762.1,40.5,0.43602457
1466.3,3816.6,-104.1,2.8,5.5962806,762.5,40.5,0.43572856
1451.4,3816.8,-14.9,0.2,5.5397035,762.9,40.5,0.43543255
1362.3,3819.4,-89.1,2.6,5.2031686,763.3,40.5,0.43513654
1223.3,3823.7,-139,4.3,4.6775322,763.6,40.5,0.43491453
1246.3,3822.9,23,-0.8,4.7644803,764,40.5,0.43461852
1217.3,3823.8,-29,0.9,4.6547117,764.3,40.5,0.43439651
1184.3,3824.7,-33,0.9,4.5295922,764.6,40.5,0.4341745
1153.3,3825.6,-31,0.9,4.4120645,765,40.5,0.43387849
1108.3,3827,-45,1.4,4.2414641,765.3,40.5,0.43365648
1167.2,3825.1,58.9,-1.9,4.4646567,765.6,40.5,0.43343447
1052.4,3828.7,-114.8,3.6,4.0293239,765.9,40.5,0.43321246
1115.2,3826.6,62.8,-2.1,4.2674243,766.2,40.5,0.43299045
644.3,3842.4,-470.9,15.8,2.4756583,766.4,40.5,0.43284245
-112,3867.7,-756.3,25.3,-0.4331824,766.3,40.5,0.43291645
-131,3869.9,-19,2.2,-0.5069569,766.3,40.5,0.43291645
237,3859.5,368,-10.4,0.9147015,766.4,40.5,0.43284245
1163.3,3828.9,926.3,-30.6,4.4541594,766.7,40.5,0.43262044
1729.3,3809.1,566,-19.8,6.5870766,767.2,40.5,0.43225043
1666.4,3809.8,-62.9,0.7,6.3486507,767.6,40.5,0.43195441
1938.6,3799.7,272.2,-10.1,7.3660984,768.2,40.5,0.4315104
2204.4,3789.6,265.8,-10.1,8.3537942,768.8,40.5,0.43106638
1843.5,3800.4,-360.9,10.8,7.0060374,769.3,40.5,0.43069637
394.2,3848.3,-1449.3,47.9,1.5169999,769.4,40.5,0.43062236
-378,3875,-772.2,26.7,-1.46475,769.3,40.5,0.43069637
-461,3879.9,-83,4.9,-1.7886339,769.2,40.5,0.43077037
-547,3884.5,-86,4.6,-2.1248215,769,40.5,0.43091837
-713.2,3891.7,-166.2,7.2,-2.7755604,768.8,40.5,0.43106638
-749.1,3894.5,-35.9,2.8,-2.9173699,768.6,40.5,0.43121439
-739.2,3895.8,9.9,1.3,-2.8797754,768.4,40.5,0.43136239
-700.2,3895.9,39,0.1,-2.7279092,768.2,40.5,0.4315104
-680.1,3896.4,20.1,0.5,-2.6499416,768,40.5,0.4316584
-687.2,3897.9,-7.1,1.5,-2.6786369,767.9,40.5,0.43173241
-671.2,3898.6,16,0.7,-2.6167403,767.7,40.5,0.43188041
-624.3,3898,46.9,-0.6,-2.4335214,767.5,40.5,0.43202842
-606.1,3898.3,18.2,0.3,-2.3627596,767.3,40.5,0.43217642
-806.2,3906,-200.1,7.7,-3.1490172,767.1,40.5,0.43232443
-1081.2,3916.4,-275,10.4,-4.2344117,766.8,40.5,0.43254644
-994.3,3915.1,86.9,-1.3,-3.8927839,766.5,40.5,0.43276845
-557.2,3901.5,437.1,-13.6,-2.1739158,766.4,40.5,0.43284245
-296.1,3893.2,261.1,-8.3,-1.1527765,766.3,40.5,0.43291645
-311.1,3894,-15,0.8,-1.2114234,766.2,40.5,0.43299045
-1140.2,3922.2,-829.1,28.2,-4.4720924,765.9,40.5,0.43321246
-1465.2,3934.7,-325,12.5,-5.7651224,765.5,40.5,0.43350847
-1283.2,3930.4,182,-4.3,-5.0434893,765.1,40.5,0.43380448
-893.3,3918.7,389.9,-11.7,-3.5005747,764.9,40.5,0.43395249
-700.3,3912.9,193,-5.8,-2.7402039,764.7,40.5,0.4341005
-487.1,3906.2,213.2,-6.7,-1.90271,764.5,40.5,0.4342485
-204.1,3896.9,283,-9.3,-0.79535729,764.5,40.5,0.4342485
-20,3890.6,184.1,-6.3,-0.077812,764.5,40.5,0.4342485
32,3889.3,52,-1.3,0.1244576,764.5,40.5,0.4342485
32,3889.1,0,-0.2,0.1244512,764.5,40.5,0.4342485
32,3889,0,-0.1,0.124448,764.5,40.5,0.4342485
32,3888.9,0,-0.1,0.1244448,764.5,40.5,0.4342485
284.1,3880.4,252.1,-8.5,1.1024216,764.6,40.5,0.4341745
1523.3,3838.5,1239.2,-41.9,5.8471871,765,40.5,0.43387849
880.3,3857.9,-643,19.4,3.3961094,765.2,40.5,0.43373048
532.2,3868.8,-348.1,10.9,2.0589754,765.4,40.5,0.43358248
264.2,3877.6,-268,8.8,1.0244619,765.5,40.5,0.43350847
173.1,3880.8,-91.1,3.2,0.67176648,765.5,40.5,0.43350847
291,3877,117.9,-3.8,1.128207,765.6,40.5,0.43343447
518.2,3869.3,227.2,-7.7,2.0050713,765.7,40.5,0.43336047
846.1,3857.9,327.9,-11.4,3.2641692,766,40.5,0.43313846
520.3,3868.1,-325.8,10.2,2.0125724,766.1,40.5,0.43306446
531.1,3867.5,10.8,-0.6,2.0540293,766.3,40.5,0.43291645
836.2,3857.1,305.1,-10.4,3.225307,766.5,40.5,0.43276845
1064.2,3848.7,228,-8.4,4.0957865,766.8,40.5,0.43254644
1399.3,3836.6,335.1,-12.1,5.3685544,767.2,40.5,0.43225043
1248.3,3840.4,-151,3.8,4.7939713,767.5,40.5,0.43202842
1060.4,3845.8,-187.9,5.4,4.0780863,767.8,40.5,0.43180641
1440.3,3832.6,379.9,-13.2,5.5200938,768.2,40.5,0.4315104
1565.3,3827.2,125,-5.4,5.9907162,768.7,40.5,0.43114038
1211.4,3837.9,-353.9,10.7,4.6492321,769,40.5,0.43091837
788.1,3851.5,-423.3,13.6,3.0353672,769.2,40.5,0.43077037
206.2,3871.1,-581.9,19.6,0.79822082,769.3,40.5,0.43069637
222,3871.2,15.8,0.1,0.8594064,769.3,40.5,0.43069637
-45,3880.1,-267,8.9,-0.1746045,769.3,40.5,0.43069637
-32,3880.4,13,0.3,-0.1241728,769.3,40.5,0.43069637
309.9,3870.3,341.9,-10.1,1.199406,769.4,40.5,0.43062236
187.1,3874.4,-122.8,4.1,0.72490024,769.4,40.5,0.43062236
504,3864,316.9,-10.4,1.947456,769.6,40.5,0.43047436
346.1,3869.1,-157.9,5.1,1.3390955,769.7,40.5,0.43040036
272.1,3871.7,-74,2.6,1.0534896,769.8,40.5,0.43032635
-27,3881.3,-299.1,9.6,-0.1047951,769.8,40.5,0.43032635
-754,3906.3,-727,25,-2.9453502,769.6,40.5,0.43047436
-515.3,3899.8,238.7,-6.5,-2.0095669,769.4,40.5,0.43062236
-168.1,3889.1,347.2,-10.7,-0.65375771,769.4,40.5,0.43062236
-159.1,3889.1,9,0,-0.61875581,769.3,40.5,0.43069637
377.1,3872.2,536.2,-16.9,1.4602066,769.4,40.5,0.43062236
1130.2,3846.5,753.1,-25.7,4.3473143,769.7,40.5,0.43040036
1461.4,3834.1,331.2,-12.4,5.6031537,770.1,40.5,0.43010434
1558.4,3829.4,97,-4.7,5.967737,770.6,40.5,0.42973433
1713.5,3822.8,155.1,-6.6,6.5503678,771,40.5,0.42943832
1410.4,3831.4,-303.1,8.6,5.4038066,771.4,40.5,0.42914231
1489.3,3828,78.9,-3.4,5.7010404,771.8,40.5,0.4288463
1737.3,3818.7,248,-9.3,6.6342275,772.3,40.5,0.42847628
1306.3,3831.8,-431,13.1,5.0054803,772.7,40.5,0.42818027
1204.5,3834.7,-101.8,2.9,4.6188962,773,40.5,0.42795826
659.3,3852.6,-545.2,17.9,2.5400192,773.2,40.5,0.42781026
147,3870,-512.3,17.4,0.56889,773.3,40.5,0.42773625
2,3875.8,-145,5.8,0.0077516,773.3,40.5,0.42773625
185,3870.6,183,-5.2,0.716061,773.3,40.5,0.42773625
52,3875.5,-133,4.9,0.201526,773.3,40.5,0.42773625
-69,3879.5,-121,4,-0.2676855,773.3,40.5,0.42773625
-125.1,3882.1,-56.1,2.6,-0.48565071,773.3,40.5,0.42773625
-65,3880.7,60.1,-1.4,-0.2522455,773.3,40.5,0.42773625
-10,3879.4,55,-1.3,-0.038794,773.3,40.5,0.42773625
-114.9,3883.3,-104.9,3.9,-0.44619117,773.2,40.5,0.42781026
-64,3882.3,50.9,-1,-0.2484672,773.2,40.5,0.42781026
-128.2,3884.8,-64.2,2.5,-0.49803136,773.2,40.5,0.42781026
124,3877.6,252.2,-7.2,0.4808224,773.2,40.5,0.42781026
690.1,3858.6,566.1,-19,2.6628199,773.4,40.5,0.42766225
514.2,3863.9,-175.9,5.3,1.9868174,773.5,40.5,0.42758825
655,3858.9,140.8,-5,2.5275795,773.7,40.5,0.42744024
598.2,3860.5,-56.8,1.6,2.3093511,773.9,40.5,0.42729224
663.2,3858,65,-2.5,2.5586256,774.1,40.5,0.42714423
852.1,3851.4,188.9,-6.6,3.2817779,774.3,40.5,0.42699623
565.1,3860.4,-287,9,2.181512,774.5,40.5,0.42684822
-281,3888.1,-846.1,27.7,-1.0925561,774.4,40.5,0.42692222
-317.1,3890.5,-36.1,2.4,-1.2336775,774.3,40.5,0.42699623
-278.2,3890.1,38.9,-0.4,-1.0822258,774.2,40.5,0.42707023
-408,3895.2,-129.8,5.1,-1.5892416,774.1,40.5,0.42714423
-150.1,3887.3,257.9,-7.9,-0.58348373,774.1,40.5,0.42714423
-56,3884.6,94.1,-2.7,-0.2175376,774.1,40.5,0.42714423
203,3876.8,259,-7.8,0.7869904,774.1,40.5,0.42714423
581.1,3864,378.1,-12.8,2.2453704,774.3,40.5,0.42699623
530.1,3865.3,-51,1.3,2.0489955,774.4,40.5,0.42692222
1097.3,3845.8,567.2,-19.5,4.2199963,774.7,40.5,0.42670021
1418.1,3833.9,320.8,-11.9,5.4368536,775.1,40.5,0.4264042
1687.4,3823.6,269.3,-10.3,6.4519426,775.6,40.5,0.42603419
2241.5,3803.5,554.1,-20.1,8.5255453,776.2,40.5,0.42559017
1860.5,3814.1,-381,10.6,7.096133,776.7,40.5,0.42522016
1895.5,3811.6,35,-2.5,7.2248878,777.2,40.5,0.42485014
1553.5,3821.8,-342,10.2,5.9371663,777.7,40.5,0.42448013
1060.4,3837.7,-493.1,15.9,4.0694971,778,40.5,0.42425812
577.2,3853.8,-483.2,16.1,2.2244134,778.1,40.5,0.42418412
177.3,3867.7,-399.9,13.9,0.68574321,778.2,40.5,0.42411012
1,3874.4,-176.3,6.7,0.0038744,778.2,40.5,0.42411012
-142.1,3879.5,-143.1,5.1,-0.55127695,778.1,40.5,0.42418412
398.9,3862.9,541,-16.6,1.5409108,778.2,40.5,0.42411012
1222.2,3835.3,823.3,-27.6,4.6875037,778.6,40.5,0.4238141
1245.2,3833.5,23,-1.8,4.7734742,778.9,40.5,0.4235921
1277.2,3831.5,32,-2,4.8935918,779.3,40.5,0.42329609
1610.4,3819.5,333.2,-12,6.1509228,779.7,40.5,0.42300007
1300.4,3828.8,-310,9.3,4.9789715,780.1,40.5,0.42270406
649.2,3850.1,-651.2,21.3,2.4994849,780.3,40.5,0.42255606
288.2,3862.5,-361,12.4,1.1131725,780.4,40.5,0.42248205
1079.1,3836.7,790.9,-25.8,4.140183,780.7,40.5,0.42226005
1103.4,3835.2,24.3,-1.5,4.2317597,781,40.5,0.42203804
1139.3,3833.5,35.9,-1.7,4.3675065,781.3,40.5,0.42181603
1459.4,3822.3,320.1,-11.2,5.5782646,781.7,40.5,0.42152002
1212.4,3829.7,-247,7.4,4.6431283,782,40.5,0.42129801
1252.3,3827.9,39.9,-1.8,4.7936792,782.4,40.5,0.421002
1514.3,3818.6,262,-9.3,5.782506,782.8,40.5,0.42070599
1263.4,3826.1,-250.9,7.5,4.8338947,783.1,40.5,0.42048398
1369.3,3822.2,105.9,-3.9,5.2337385,783.5,40.5,0.42018797
1705.4,3810.4,336.1,-11.8,6.4982562,784,40.5,0.41981795
1201.3,3826.2,-504.1,15.8,4.5964141,784.3,40.5,0.41959594
1101.3,3829.4,-100,3.2,4.2173182,784.6,40.5,0.41937394
1228.2,3825.1,126.9,-4.3,4.6979878,785,40.5,0.41907792
1550.3,3813.9,322.1,-11.2,5.9126892,785.4,40.5,0.41878191
897.3,3835,-653,21.1,3.4411455,785.7,40.5,0.41855991
890.2,3835.5,-7.1,0.5,3.4143621,785.9,40.5,0.4184119
837.3,3837.4,-52.9,1.9,3.213055,786.1,40.5,0.41826389
992.2,3832.3,154.9,-5.1,3.8024081,786.4,40.5,0.41804189
1413.4,3818,421.2,-14.3,5.3963612,786.8,40.5,0.41774587
871.3,3835.5,-542.1,17.5,3.3418711,787,40.5,0.41759787
1375.2,3818.7,503.9,-16.8,5.2514762,787.4,40.5,0.41730186
2048.5,3795.4,673.3,-23.3,7.7748769,788,40.5,0.41685784
1714.5,3805.1,-334,9.7,6.5238439,788.5,40.5,0.41648783
1169.3,3822.7,-545.2,17.6,4.4698831,788.8,40.5,0.41626582
1804.4,3801.4,635.1,-21.3,6.8592462,789.3,40.5,0.4158958
1978.6,3794.5,174.2,-6.9,7.5077977,789.8,40.5,0.41552579
520.2,3842.5,-1458.4,48,1.9988685,790,40.5,0.41537778
459.2,3845.6,-61,3.1,1.7658995,790.1,40.5,0.41530378
1348.2,3816.5,889,-29.1,5.1454053,790.5,40.5,0.41500777
1269.3,3818.5,-78.9,2,4.8468221,790.8,40.5,0.41478576
1221.3,3819.8,-48,1.3,4.6651217,791.2,40.5,0.41448975
1444.3,3812.1,223,-7.7,5.505816,791.6,40.5,0.41419374
1390.5,3813.3,-53.8,1.2,5.3023936,792,40.5,0.41389773
1942.4,3794.3,551.9,-19,7.3700483,792.5,40.5,0.41352771
1846.6,3796.4,-95.8,2.1,7.0104322,793,40.5,0.4131577
1032.4,3822.9,-814.2,26.5,3.946762,793.3,40.5,0.41293569
912.2,3827.4,-120.2,4.5,3.4913543,793.6,40.5,0.41271368
1471.3,3808.8,559.1,-18.6,5.6038874,794,40.5,0.41241767
1249.4,3815.7,-221.9,6.9,4.7673356,794.3,40.5,0.41219566
657.2,3835.6,-592.2,19.9,2.5207563,794.5,40.5,0.41204766
1455.3,3809.4,798.1,-26.2,5.5438198,794.9,40.5,0.41175165
1899.4,3793.8,444.1,-15.6,7.2059437,795.4,40.5,0.41138163
1141.3,3818.1,-758.1,24.3,4.3575975,795.8,40.5,0.41108562
285.2,3847.2,-856.1,29.1,1.0972214,795.8,40.5,0.41108562
566,3838.9,280.8,-8.3,2.1728174,796,40.5,0.41093762
703.2,3834.8,137.2,-4.1,2.6966314,796.2,40.5,0.41078961
1046.3,3823.6,343.1,-11.2,4.0006327,796.5,40.5,0.4105676
966.2,3826,-80.1,2.4,3.6966812,796.7,40.5,0.4104196
245.1,3850.2,-721.1,24.2,0.94368402,796.8,40.5,0.41034559
-163,3864.3,-408.1,14.1,-0.6298809,796.8,40.5,0.41034559
-33,3861.3,130,-3,-0.1274229,796.8,40.5,0.41034559
61,3859.7,94,-1.6,0.2354417,796.8,40.5,0.41034559
-40,3863.3,-101,3.6,-0.154532,796.8,40.5,0.41034559
683.1,3840.4,723.1,-22.9,2.6233772,796.9,40.5,0.41027159
541.2,3844.9,-141.9,4.5,2.0808599,797.1,40.5,0.41012358
65,3861.1,-476.2,16.2,0.2509715,797.1,40.5,0.41012358
1141.3,3825.7,1076.3,-35.4,4.3662714,797.4,40.5,0.40990158
1794.4,3802.8,653.1,-22.9,6.8237443,797.9,40.5,0.40953156
1488.4,3811.6,-306,8.8,5.6731854,798.3,40.5,0.40923555
2084.6,3790.8,596.2,-20.8,7.9023017,798.9,40.5,0.40879153
2490.4,3775.5,405.8,-15.3,9.4025052,799.6,40.5,0.40827351
1768.6,3797.9,-721.8,22.4,6.7169659,800.1,40.5,0.4079035
1377.3,3810.4,-391.3,12.5,5.2480639,800.5,40.5,0.40760749
1394.2,3809.8,16.9,-0.6,5.3116232,800.9,40.5,0.40731148
1663.3,3800.4,269.1,-9.4,6.3212053,801.3,40.5,0.40701547
2352.4,3776.5,689.1,-23.9,8.8838386,802,40.5,0.40649745
1833.6,3792.5,-518.8,16,6.953928,802.5,40.5,0.40612743
1577.3,3800.5,-256.3,8,5.9945286,802.9,40.5,0.40583142
1967.4,3787.1,390.1,-13.4,7.4507405,803.5,40.5,0.4053874
1004.3,3818.7,-963.1,31.6,3.8351204,803.7,40.5,0.4052394
56,3851.1,-948.3,32.4,0.2156616,803.8,40.5,0.4051654
482.1,3838.5,426.1,-12.6,1.8505408,803.9,40.5,0.40509139
119.3,3851.4,-362.8,12.9,0.45947202,803.9,40.5,0.40509139
479.2,3840.3,359.9,-11.1,1.8402718,804.1,40.5,0.40494339
1111.1,3819.5,631.9,-20.8,4.2438465,804.4,40.5,0.40472138
1156.4,3817.5,45.3,-2,4.414557,804.7,40.5,0.40449937
995.3,3822.6,-161.1,5.1,3.8046338,805,40.5,0.40427736
866.2,3826.9,-129.1,4.3,3.3148608,805.2,40.5,0.40412936
1012.3,3822.1,146.1,-4.8,3.8691118,805.5,40.5,0.40390735
251.1,3847.6,-761.2,25.5,0.96613236,805.6,40.5,0.40383335
636.2,3835.6,385.1,-12,2.4402087,805.8,40.5,0.40368534
500,3840.4,-136.2,4.8,1.9202,805.9,40.5,0.40361134
234.1,3849.9,-265.9,9.5,0.90126159,806,40.5,0.40353733
1584.3,3805.1,1350.2,-44.8,6.0284199,806.4,40.5,0.40324132
1739.3,3798.6,155,-6.5,6.606905,806.9,40.5,0.40287131
2143.4,3783.8,404.1,-14.8,8.1101969,807.5,40.5,0.40242729
2564.6,3768.2,421.2,-15.6,9.6639257,808.2,40.5,0.40190927
1707.6,3795.1,-857,26.9,6.4805128,808.7,40.5,0.40153926
1588.4,3798.7,-119.2,3.6,6.0338551,809.1,40.5,0.40124325
1245.5,3810,-342.9,11.3,4.745355,809.5,40.5,0.40094724
979.1,3819,-266.4,9,3.7391829,809.7,40.5,0.40079923
610.2,3831.8,-368.9,12.8,2.3381644,809.9,40.5,0.40065122
-151.1,3857.6,-761.3,25.8,-0.58288336,809.9,40.5,0.40065122
-443,3869.1,-291.9,11.5,-1.7140113,809.7,40.5,0.40079923
-332.2,3867.1,110.8,-2,-1.2846506,809.7,40.5,0.40079923
-176.1,3863.1,156.1,-4,-0.68029191,809.6,40.5,0.40087323
315.9,3848.1,492,-15,1.2156148,809.7,40.5,0.40079923
446.1,3844,130.2,-4.1,1.7148084,809.8,40.5,0.40072523
-339.1,3870,-785.2,26,-1.312317,809.7,40.5,0.40079923
-152.1,3865,187,-5,-0.5878665,809.7,40.5,0.40079923
328,3850.3,480.1,-14.7,1.2628984,809.8,40.5,0.40072523
760.2,3835.8,432.2,-14.5,2.9159752,810,40.5,0.40057722
642.1,3839.4,-118.1,3.6,2.4652787,810.1,40.5,0.40050322
-81,3863.1,-723.1,23.7,-0.3129111,810.1,40.5,0.40050322
554,3843.4,635,-19.7,2.1292436,810.3,40.5,0.40035521
1273.3,3819,719.3,-24.4,4.8627327,810.6,40.5,0.40013321
847.2,3832.3,-426.1,13.3,3.2467246,810.9,40.5,0.3999112
514.2,3843.4,-333,11.1,1.9762763,811,40.5,0.39983719
1207.2,3820.4,693,-23,4.6119869,811.3,40.5,0.39961519
1079.2,3823.8,-128,3.4,4.126645,811.6,40.5,0.39939318
389.2,3846.7,-690,22.9,1.4971356,811.7,40.5,0.39931917
1155.1,3821.5,765.9,-25.2,4.4142146,812.1,40.5,0.39902316
936.2,3828.2,-218.9,6.7,3.5839608,812.3,40.5,0.39887516
-110.1,3862.5,-1046.3,34.3,-0.42526125,812.3,40.5,0.39887516
-71,3862.5,39.1,0,-0.2742375,812.3,40.5,0.39887516
6,3861.5,77,-1,0.023169,812.3,40.5,0.39887516
-455,3877.1,-461,15.6,-1.7640805,812.2,40.5,0.39894916
-405.1,3876.7,49.9,-0.4,-1.5704512,812.1,40.5,0.39902316
-181.2,3870.2,223.9,-6.5,-0.70128024,812,40.5,0.39909717
-68,3867,113.2,-3.2,-0.262956,812,40.5,0.39909717
640,3844.3,708,-22.7,2.460352,812.1,40.5,0.39902316
1211.2,3824.6,571.2,-19.7,4.6323555,812.5,40.5,0.39872715
1544.3,3812.2,333.1,-12.4,5.8871805,812.9,40.5,0.39843114
1805.4,3802.1,261.1,-10.1,6.8643113,813.4,40.5,0.39806113
1019.3,3827.1,-786.1,25,3.900963,813.7,40.5,0.39783912
642.1,3839.6,-377.2,12.5,2.4654072,813.9,40.5,0.39769111
328.1,3850.4,-314,10.8,1.2633162,814,40.5,0.39761711
18,3861.4,-310.1,11,0.0695052,814,40.5,0.39761711
738.1,3838.1,720.1,-23.3,2.8329016,814.2,40.5,0.3974691
481.2,3846.4,-256.9,8.3,1.8508877,814.3,40.5,0.3973951
263.1,3853.9,-218.1,7.5,1.0139611,814.4,40.5,0.3973211
659.1,3841,396,-12.9,2.5316031,814.6,40.5,0.39717309
1731.4,3804.7,1072.3,-36.3,6.5874576,815,40.5,0.39687708
2217.3,3786.7,485.9,-18,8.3962499,815.7,40.5,0.39635906
2065.5,3789.9,-151.8,3.2,7.8280385,816.2,40.5,0.39598905
2283.6,3781.1,218.1,-8.8,8.63452,816.9,40.5,0.39547103
2022.5,3788.2,-261.1,7.1,7.6616345,817.4,40.5,0.39510101
2408.5,3774.1,386,-14.1,9.0899198,818.1,40.5,0.39458299
2256.7,3777.6,-151.8,3.5,8.5249099,818.7,40.5,0.39413898
1330.3,3807.6,-926.4,30,5.0652503,819.1,40.5,0.39384297
1650.4,3796.9,320.1,-10.7,6.2664038,819.6,40.5,0.39347295
334.3,3840.7,-1316.1,43.8,1.283946,819.6,40.5,0.39347295
1438.2,3804.8,1103.9,-35.9,5.4720634,820,40.5,0.39317694
2842.5,3756.8,1404.3,-48,10.678704,820.8,40.5,0.39258492
1375.5,3803.8,-1467,47,5.2321269,821.2,40.4,0.39228891
1476.5,3800.5,101,-3.3,5.6114382,821.6,40.5,0.3919929
663.2,3827.6,-813.3,27.1,2.5384643,821.8,40.5,0.39184489
-112.1,3854,-775.3,26.4,-0.4320334,821.8,40.5,0.39184489
50,3850.8,162.1,-3.2,0.19254,821.8,40.5,0.39184489
498.1,3836.7,448.1,-14.1,1.9110603,821.9,40.5,0.39177089
814.1,3826.5,316,-10.2,3.1151536,822.2,40.5,0.39154888
643.1,3832.1,-171,5.6,2.4644235,822.3,40.5,0.39147488
491.1,3837.5,-152,5.4,1.8845962,822.5,40.5,0.39132687
607.2,3834,116.1,-3.5,2.3280048,822.7,40.5,0.39117886
79,3852,-528.2,18,0.304308,822.7,40.5,0.39117886
84,3852.8,5,0.8,0.3236352,822.7,40.5,0.39117886
550.1,3837.9,466.1,-14.9,2.1112288,822.8,40.5,0.39110486
637.1,3835,87,-2.9,2.4432785,823,40.5,0.39095686
1519.4,3805.2,882.3,-29.8,5.7816209,823.4,40.5,0.39066085
2051.5,3786.1,532.1,-19.1,7.7671841,824,40.5,0.39021683
1594.6,3799.8,-456.9,13.7,6.0591611,824.5,40.5,0.38984681
964.4,3820.3,-630.2,20.5,3.6842973,824.7,40.5,0.38969881
728.1,3828.4,-236.3,8.1,2.787458,824.9,40.5,0.3895508
1046.2,3818.1,318.1,-10.3,3.9944962,825.2,40.5,0.38932879
1417.2,3805.3,371,-12.8,5.3928712,825.6,40.5,0.38903278
1978.5,3785.8,561.3,-19.5,7.4902053,826.2,40.5,0.38858877
1804.5,3790.2,-174,4.4,6.8394159,826.7,40.5,0.38821875
1554.4,3797.8,-250.1,7.6,5.9033003,827.1,40.5,0.38792274
1900.4,3785.6,346,-12.2,7.1941542,827.6,40.5,0.38755273
2227.4,3773.7,327,-11.9,8.4055394,828.2,40.5,0.38710871
2125.5,3775.9,-101.9,2.2,8.0256755,828.8,40.5,0.38666469
1486.5,3796.4,-639,20.5,5.6433486,829.2,40.5,0.38636868
1307.4,3802.5,-179.1,6.1,4.9713885,829.6,40.5,0.38607267
2125.5,3774.9,818.1,-27.6,8.02355,830.2,40.5,0.38562865
2435.6,3763.2,310.1,-11.7,9.1656499,830.9,40.5,0.38511063
1905.5,3779.7,-530.1,16.5,7.2022183,831.4,40.5,0.38474062
1686.6,3786.6,-218.9,6.9,6.3864796,831.9,40.5,0.38437061
1734.3,3784.8,47.7,-1.8,6.5639786,832.4,40.5,0.38400059
753.3,3817.5,-981,32.7,2.8757227,832.6,40.5,0.38385259
210.2,3836.8,-543.1,19.3,0.80649536,832.6,40.5,0.38385259
1745.3,3786.4,1535.1,-50.4,6.6084039,833.1,40.5,0.38348257
1839.4,3782.2,94.1,-4.2,6.9569787,833.6,40.5,0.38311256
1452.5,3794.4,-386.9,12.2,5.511366,834,40.5,0.38281655
2151.5,3770.7,699,-23.7,8.112661,834.6,40.5,0.38237253
2186.5,3768.3,35,-2.4,8.239388,835.2,40.5,0.38192851
2307.3,3763.3,120.8,-5,8.6830621,835.9,40.5,0.38141049
2642.5,3750.8,335.2,-12.5,9.911489,836.6,40.5,0.38089247
2673.5,3748.4,31,-2.4,10.021347,837.3,40.5,0.38037445
2907.5,3739.2,234,-9.2,10.871724,838.2,40.5,0.37970843
2962.7,3735.9,55.2,-3.3,11.068351,839,40.5,0.37911641
2454.7,3751.6,-508,15.7,9.2090525,839.7,40.5,0.37859839
1291.4,3790.3,-1163.3,38.7,4.8947934,840,40.5,0.37837638
1291.4,3791.2,0,0.9,4.8959557,840.4,40.5,0.37808037
1291.4,3791.7,0,0.5,4.8966014,840.7,40.5,0.37785836
872.2,3806.2,-419.2,14.5,3.3197676,841,40.5,0.37763635
859.2,3807.5,-13,1.3,3.271404,841.2,40.5,0.37748834
548.1,3818.7,-311.1,11.2,2.0930295,841.4,40.5,0.37734034
119.2,3834.2,-428.9,15.5,0.45703664,841.4,40.5,0.37734034
823.1,3811.9,703.9,-22.3,3.1375749,841.6,40.5,0.37719233
823.1,3812.1,0,0.2,3.1377395,841.9,40.5,0.37697032
810.4,3812.9,-12.7,0.8,3.0899742,842.1,40.5,0.37682232
1218,3799.5,407.6,-13.4,4.627791,842.4,40.5,0.37660031
1218.2,3799.2,0.2,-0.3,4.6281854,842.8,40.5,0.3763043
2039.5,3771.3,821.3,-27.9,7.6915663,843.3,40.5,0.37593429
2750.7,3746,711.2,-25.3,10.304122,844.1,40.5,0.37534226
2432.6,3754.7,-318.1,8.7,9.1336832,844.8,40.5,0.37482424
2917.6,3737.2,485,-17.5,10.903655,845.6,40.5,0.37423222
2975.7,3733.4,58.1,-3.8,11.109478,846.4,40.5,0.3736402
2955.6,3732.5,-20.1,-0.9,11.031777,847.2,40.5,0.37304818
2898.6,3733,-57,0.5,10.820474,848,40.5,0.37245615
2876.7,3732.5,-21.9,-0.5,10.737283,848.8,40.5,0.37186413
2895.7,3730.7,19,-1.8,10.802988,849.6,40.5,0.37127211
2427.8,3745.4,-467.9,14.7,9.0930821,850.3,40.5,0.37075409
1992.5,3759.7,-435.3,14.3,7.4912022,850.9,40.5,0.37031007
1992.5,3759.7,0,0,7.4912022,851.4,40.5,0.36994006
2012.5,3759,20,-0.7,7.5649875,852,40.5,0.36949604
647.4,3804.9,-1365.1,45.9,2.4632923,852.2,40.5,0.36934804
620.2,3807.6,-27.2,2.7,2.3614735,852.3,40.5,0.36927403
1068.2,3793.7,448,-13.9,4.0524303,852.6,40.5,0.36905202
607.3,3809.7,-460.9,16,2.3136308,852.8,40.5,0.36890402
-36,3831.9,-643.3,22.2,-0.1379484,852.8,40.5,0.36890402
-745.1,3857.7,-709.1,25.8,-2.8743723,852.6,40.5,0.36905202
-1083.3,3871.7,-338.2,14,-4.1942126,852.3,40.5,0.36927403
-1346.2,3883.3,-262.9,11.6,-5.2276985,851.9,40.5,0.36957004
-1413.4,3888.2,-67.2,4.9,-5.4955819,851.5,40.5,0.36986605
-996.2,3876.6,417.2,-11.6,-3.8618689,851.3,40.5,0.37001406
-570.2,3864.1,426,-12.5,-2.2033098,851.1,40.5,0.37016207
-125.2,3850.1,445,-14,-0.48203252,851.1,40.5,0.37016207
2731.4,3755.1,2856.6,-95,10.25668,851.7,40.5,0.36971805
2778.6,3750,47.2,-5.1,10.41975,852.5,40.5,0.36912603
1281.5,3797.9,-1497.1,47.9,4.8670089,852.9,40.5,0.36883002
1332.3,3796.1,50.8,-1.8,5.057544,853.2,40.5,0.36860801
269.2,3831.6,-1063.1,35.5,1.0314667,853.3,40.5,0.368534
873.1,3812.5,603.9,-19.1,3.3286937,853.5,40.5,0.368386
673.2,3819.2,-199.9,6.7,2.5710854,853.7,40.5,0.36823799
1068.1,3806.2,394.9,-13,4.0654022,854,40.5,0.36801598
779.2,3815.7,-288.9,9.5,2.9731934,854.2,40.5,0.36786798
-99,3844.9,-878.2,29.2,-0.3806451,854.3,40.5,0.36779398
-161.2,3848.4,-62.2,3.5,-0.62036208,854.3,40.5,0.36779398
-290.1,3854,-128.9,5.6,-1.1180454,854.2,40.5,0.36786798
683.1,3823.1,973.2,-30.9,2.6115596,854.3,40.5,0.36779398
1161.1,3806.7,478,-16.4,4.4199594,854.7,40.5,0.36749796
934.3,3813.6,-226.8,6.9,3.5630465,854.9,40.5,0.36734996
759.1,3819.2,-175.2,5.6,2.8991547,855.1,40.5,0.36720195
28,3844,-731.1,24.8,0.107632,855.2,40.5,0.36712795
569,3826.9,541,-17.1,2.1775061,855.3,40.5,0.36705395
1703.4,3788.7,1134.4,-38.2,6.4536716,855.8,40.5,0.36668393
1897.4,3780.7,194,-8,7.1735002,856.3,40.5,0.36631392
819.3,3815.6,-1078.1,34.9,3.1261211,856.5,40.5,0.36616591
722.2,3819.3,-97.1,3.7,2.7582985,856.7,40.5,0.36601791
1718.4,3786,996.2,-33.3,6.5058624,857.2,40.5,0.36564789
1529.5,3791.1,-188.9,5.1,5.7984875,857.6,40.5,0.36535188
931.4,3810.6,-598.1,19.5,3.5491928,857.9,40.5,0.36512987
771.2,3816.2,-160.2,5.6,2.9430534,858.1,40.5,0.36498187
722.1,3818.1,-49.1,1.9,2.75705,858.3,40.5,0.36483386
983.3,3809.6,261.2,-8.5,3.7459797,858.6,40.5,0.36461186
1163.2,3803.4,179.9,-6.2,4.4241149,858.9,40.5,0.36438985
1082.3,3805.8,-80.9,2.4,4.1190173,859.2,40.5,0.36416784
1426.2,3793.9,343.9,-11.9,5.4108602,859.6,40.5,0.36387183
1777.4,3781.5,351.2,-12.4,6.7212381,860.1,40.5,0.36350181
1338.4,3795.2,-439,13.7,5.0794957,860.5,40.5,0.3632058
850.2,3811.4,-488.2,16.2,3.2404523,860.7,40.5,0.3630578
560.2,3821.5,-290,10.1,2.1408043,860.9,40.5,0.36290979
321.1,3830.2,-239.1,8.7,1.2298772,860.9,40.5,0.36290979
396,3828.5,74.9,-1.7,1.516086,861.1,40.5,0.36276178
53,3840.7,-343,12.2,0.2035571,861.1,40.5,0.36276178
212.1,3836.4,159.1,-4.3,0.81370044,861.1,40.5,0.36276178
111.3,3840.4,-100.8,4,0.42743652,861.2,40.5,0.36268778
5,3844.7,-106.3,4.3,0.0192235,861.2,40.5,0.36268778
391,3832.5,386,-12.2,1.4985075,861.3,40.5,0.36261378
1108.2,3808.5,717.2,-24,4.2205797,861.6,40.5,0.36239177
849.2,3816.5,-259,8,3.2409718,861.8,40.5,0.36224377
735.2,3820.2,-114,3.7,2.808611,862,40.5,0.36209576
808.1,3817.7,72.9,-2.5,3.0850834,862.2,40.6,0.36194775
891.3,3814.8,83.2,-2.9,3.4001312,862.5,40.5,0.36172575
1226.2,3803.3,334.9,-11.5,4.6636065,862.8,40.6,0.36150374
645.2,3822.3,-581,19,2.466148,863,40.6,0.36135573
1234.3,3802.7,589.1,-19.6,4.6936726,863.4,40.5,0.36105972
1038.2,3808.7,-196.1,6,3.9541923,863.6,40.5,0.36091171
1292.3,3799.9,254.1,-8.8,4.9106108,864,40.5,0.3606157
1747.4,3784,455.1,-15.9,6.6121616,864.5,40.5,0.36024569
1073.4,3805.5,-674,21.5,4.0848237,864.8,40.5,0.36002368
1482.3,3791.7,408.9,-13.8,5.6204369,865.2,40.5,0.35972767
1440.4,3792.5,-41.9,0.8,5.462717,865.6,40.5,0.35943166
279.3,3831,-1161.1,38.5,1.0699983,865.7,40.5,0.35935766
-149.1,3846,-428.4,15,-0.5734386,865.7,40.5,0.35935766
1060,3807.4,1209.1,-38.6,4.035844,865.9,40.5,0.35920965
1681.3,3785.8,621.3,-21.6,6.3650655,866.4,40.5,0.35883964
944.3,3809.4,-737,23.6,3.5972164,866.6,40.5,0.35869163
994.4,3807.8,50.1,-1.6,3.7864763,866.9,40.5,0.35846962
551.1,3822.6,-443.3,14.8,2.1066349,867.1,40.5,0.35832162
1277.2,3798.7,726.1,-23.9,4.8516996,867.4,40.5,0.35809961
2345.5,3762,1068.3,-36.7,8.823771,868.1,40.5,0.35758159
1915.5,3774.5,-430,12.5,7.2300547,868.6,40.5,0.35721157
1341.3,3792.8,-574.2,18.3,5.0872826,869,40.5,0.35691556
1062.2,3802.1,-279.1,9.3,4.0385906,869.3,40.5,0.35669355
-426.1,3851.8,-1488.3,49.7,-1.641252,869.2,40.5,0.35676756
907,3809.7,1333.1,-42.1,3.4553979,869.4,40.5,0.35661955
2661.6,3750.3,1754.6,-59.4,9.9817985,870.2,40.5,0.35602753
371.1,3824.9,-2290.5,74.6,1.4194204,870.3,40.5,0.35595353
564.1,3819.7,193,-5.2,2.1546928,870.4,40.5,0.35587952
343.2,3827.7,-220.9,8,1.3136666,870.5,40.5,0.35580552
556.1,3821.3,212.9,-6.4,2.1250249,870.7,40.5,0.35565751
1344.4,3795,788.3,-26.3,5.101998,871,40.5,0.35543551
1148.2,3800.8,-196.2,5.8,4.3640786,871.4,40.5,0.3551395
1061.3,3803.4,-86.9,2.6,4.0365484,871.7,40.5,0.35491749
897.2,3808.8,-164.1,5.4,3.4172554,871.9,40.6,0.35476948
563.3,3820.1,-333.9,11.3,2.1518623,872.1,40.5,0.35462148
776.2,3813.4,212.9,-6.7,2.9599611,872.3,40.5,0.35447347
32,3838.7,-744.2,25.3,0.1228384,872.3,40.5,0.35447347
394.1,3827.6,362.1,-11.1,1.5084572,872.4,40.5,0.35439947
642.1,3819.6,248,-8,2.4525652,872.6,40.5,0.35425146
89,3838.3,-553.1,18.7,0.3416087,872.6,40.6,0.35425146
-8,3841.9,-97,3.6,-0.0307352,872.6,40.5,0.35425146
-51,3844.2,-43,2.3,-0.1960542,872.6,40.5,0.35425146
673,3821.3,724,-22.9,2.5717349,872.8,40.5,0.35410346
781.2,3817.4,108.2,-3.9,2.9821529,873,40.5,0.35395545
277.1,3834.1,-504.1,16.7,1.0624291,873.1,40.6,0.35388145
40,3842.7,-237.1,8.6,0.153708,873.1,40.5,0.35388145
-203.1,3851,-243.1,8.3,-0.7821381,873,40.5,0.35395545
528,3828,731.1,-23,2.021184,873.2,40.5,0.35380744
1638.3,3790.4,1110.3,-37.6,6.2098123,873.6,40.5,0.35351143
727.4,3819.5,-910.9,29.1,2.7783043,873.8,40.5,0.35336343
1075.1,3807.9,347.7,-11.6,4.0938733,874.1,40.5,0.35314142
1323.3,3799,248.2,-8.9,5.0272167,874.5,40.5,0.35284541
1196.4,3802.4,-126.9,3.4,4.5491914,874.8,40.5,0.3526234
1650.3,3786.7,453.9,-15.7,6.249191,875.3,40.5,0.35225339
1611.5,3786.9,-38.8,0.2,6.1025893,875.7,40.5,0.35195737
1101.3,3803.2,-510.2,16.3,4.1884642,876,40.5,0.35173537
1307.4,3796.2,206.1,-7,4.9631519,876.4,40.5,0.35143935
1788.3,3779.3,480.9,-16.9,6.7585222,876.9,40.5,0.35106934
1195.4,3798.3,-592.9,19,4.5404878,877.2,40.5,0.35084733
636.2,3817.1,-559.2,18.8,2.428439,877.4,40.5,0.35069933
666.2,3816.6,30,-0.5,2.5426189,877.6,40.5,0.35055132
919.3,3808.4,253.1,-8.2,3.5010621,877.8,40.5,0.35040332
1380.2,3792.7,460.9,-15.7,5.2346845,878.2,40.5,0.3501073
944.3,3806.7,-435.9,14,3.5946668,878.5,40.5,0.3498853
127.1,3834.4,-817.2,27.7,0.48735224,878.5,40.5,0.3498853
874.2,3810.3,747.1,-24.1,3.3309643,878.8,40.5,0.34966329
1595.3,3785.8,721.1,-24.5,6.0394867,879.2,40.5,0.34936728
545.2,3820.1,-1050.1,34.3,2.0827185,879.4,40.5,0.34921927
606.2,3818.6,61,-1.5,2.3148353,879.5,40.5,0.34914527
1596.3,3785.6,990.1,-33,6.0429533,880,40.5,0.34877525
759.2,3812.6,-837.1,27,2.8945259,880.2,40.5,0.34862725
516.2,3821.1,-243,8.5,1.9724518,880.3,40.5,0.34855325
1249.1,3796.9,732.9,-24.2,4.7427078,880.7,40.5,0.34825723
1366.3,3792.4,117.2,-4.5,5.1815561,881.1,40.5,0.34796122
2199.5,3763.6,833.2,-28.8,8.2780382,881.7,40.5,0.34751721
2005.6,3768.4,-193.9,4.8,7.557903,882.2,40.5,0.34714719
641.2,3813.3,-1364.4,44.9,2.445088,882.4,40.5,0.34699919
822.1,3808,180.9,-5.3,3.1305568,882.6,40.5,0.34685118
1578.4,3782.8,756.3,-25.2,5.9707715,883.1,40.5,0.34648117
1079.3,3798.8,-499.1,16,4.1000448,883.4,40.5,0.34625916
-176.1,3840.5,-1255.4,41.7,-0.67631205,883.3,40.5,0.34633316
91,3833.9,267.1,-6.6,0.3488849,883.4,40.5,0.34625916
1394.3,3791,1303.3,-42.9,5.2857913,883.7,40.5,0.34603715
1808.5,3775.9,414.2,-15.1,6.8287151,884.2,40.5,0.34566714
1870.5,3772.5,62,-3.4,7.0564612,884.7,40.5,0.34529712
1214.4,3793.5,-656.1,21,4.6068264,885.1,40.5,0.34500111
1324.2,3789.8,109.8,-3.7,5.0184532,885.4,40.5,0.3447791
862.3,3805,-461.9,15.2,3.2810515,885.7,40.5,0.34455709
278.1,3825.1,-584.2,20.1,1.0637603,885.8,40.5,0.34448309
534.1,3817.4,256,-7.7,2.0388733,885.9,40.5,0.34440909
-58,3837.3,-592.1,19.9,-0.2225634,885.9,40.5,0.34440909
582.1,3817.6,640.1,-19.7,2.222225,886.1,40.5,0.34426108
1390.3,3790.4,808.2,-27.2,5.2697931,886.5,40.5,0.34396507
693.3,3813,-697,22.6,2.6435529,886.7,40.5,0.34381707
1434.3,3788.2,741,-24.8,5.4334153,887.1,40.5,0.34352105
717.3,3811.5,-717,23.3,2.733989,887.2,40.5,0.34344705
491.2,3819.5,-226.1,8,1.8761384,887.4,40.5,0.34329905
198.2,3830,-293,10.5,0.759106,887.4,40.5,0.34329905
-185.1,3843.1,-383.3,13.1,-0.71135781,887.4,40.5,0.34329905
73,3836.3,258.1,-6.8,0.2800499,887.4,40.5,0.34329905
340,3827.9,267,-8.4,1.301486,887.5,40.5,0.34322504
724.3,3815.3,384.3,-12.6,2.7634218,887.7,40.5,0.34307704
697.1,3815.9,-27.2,0.6,2.6600639,887.9,40.5,0.34292903
616.2,3818.6,-80.9,2.7,2.3530213,888.1,40.5,0.34278103
536.1,3821.4,-80.1,2.8,2.0486525,888.2,40.5,0.34270702
471.2,3823.8,-64.9,2.4,1.8017746,888.4,40.5,0.34255902
95,3836.7,-376.2,12.9,0.3644865,888.4,40.5,0.34255902
-456.1,3855.5,-551.1,18.8,-1.7584936,888.3,40.5,0.34263302
-177.2,3847.4,278.9,-8.1,-0.68175928,888.2,40.5,0.34270702
1560.3,3790.4,1737.5,-57,5.9141611,888.6,40.5,0.34241101
1484.3,3791.1,-76,0.7,5.6271297,889,40.5,0.342115
1560.4,3787.4,76.1,-3.7,5.909859,889.5,40.5,0.34174499
2110.6,3767.8,550.2,-19.6,7.9523187,890,40.5,0.34137497
1133.3,3799,-977.3,31.2,4.3054067,890.4,40.5,0.34107896
50,3835.5,-1083.3,36.5,0.191775,890.4,40.5,0.34107896
290.1,3828.8,240.1,-6.7,1.1107349,890.5,40.5,0.34100496
1113.2,3801.6,823.1,-27.2,4.2319411,890.8,40.5,0.34078295
1327.3,3793.6,214.1,-8,5.0352453,891.2,40.5,0.34048694
-26,3837.9,-1353.3,44.3,-0.0997854,891.2,40.5,0.34048694
1661.4,3783,1687.4,-54.9,6.2850762,891.6,40.5,0.34019093
2955.6,3737.9,1294.2,-45.1,11.047737,892.4,40.5,0.3395989
1681.5,3777.9,-1274.1,40,6.3525388,892.9,40.5,0.33922889
2191.5,3760.1,510,-17.8,8.2402591,893.5,40.5,0.33878487
1646.5,3777.1,-545,17,6.2189952,893.9,40.5,0.33848886
588.2,3812.4,-1058.3,35.3,2.2424537,894.1,40.5,0.33834086
191.1,3826.7,-397.1,14.3,0.73128237,894.1,40.5,0.33834086
-27,3834.5,-218.1,7.8,-0.1035315,894.2,40.5,0.33826685
603.1,3815.3,630.1,-19.2,2.3010074,894.3,40.5,0.33819285
1408.2,3788.2,805.1,-27.1,5.3345432,894.7,40.5,0.33789684
1067.4,3798.8,-340.8,10.6,4.0548391,895,40.5,0.33767483
287.1,3824.9,-780.3,26.1,1.0981288,895.1,40.5,0.33760083
445.1,3820.4,158,-4.5,1.70046,895.2,40.5,0.33752683
501,3819,55.9,-1.4,1.913319,895.4,40.5,0.33737882
427.1,3821.8,-73.9,2.8,1.6322908,895.5,40.5,0.33730482
559.2,3817.7,132.1,-4.1,2.1348578,895.6,40.6,0.33723081
659.1,3814.4,99.9,-3.3,2.514071,895.8,40.6,0.33708281
656.2,3814.6,-2.9,0.2,2.5031405,896,40.6,0.3369348
671.1,3814.2,14.9,-0.4,2.5597096,896.2,40.6,0.3367868
745.2,3811.7,74.1,-2.5,2.8404788,896.4,40.6,0.33663879
421.1,3822.6,-324.1,10.9,1.6096969,896.5,40.6,0.33656479
-37,3837.8,-458.1,15.2,-0.1419986,896.5,40.5,0.33656479
72,3835.8,109,-2,0.2761776,896.5,40.6,0.33656479
692.1,3815.6,620.1,-20.2,2.6407768,896.7,40.6,0.33641678
29,3837.7,-663.1,22.1,0.1112933,896.7,40.5,0.33641678
-456.1,3854.2,-485.1,16.5,-1.7579006,896.6,40.5,0.33649079
-284.1,3849.8,172,-4.4,-1.0937282,896.6,40.5,0.33649079
353,3829.8,637.1,-20,1.3519194,896.6,40.5,0.33649079
742.3,3816.7,389.3,-13.1,2.8331364,896.8,40.5,0.33634278
726.1,3816.7,-16.2,0,2.7713059,897,40.5,0.33619478
1116.2,3803.3,390.1,-13.4,4.2452435,897.3,40.5,0.33597277
1658.4,3784.2,542.2,-19.1,6.2757173,897.8,40.5,0.33560275
1324.3,3794,-334.1,9.8,5.0243942,898.2,40.5,0.33530674
1139.3,3799.5,-185,5.5,4.3287704,898.5,40.5,0.33508473
1202.4,3797,63.1,-2.5,4.5655128,898.8,40.5,0.33486272
1710.4,3779.4,508,-17.6,6.4642858,899.3,40.5,0.33449271
1535.3,3784.1,-175.1,4.7,5.8097287,899.7,40.5,0.3341967
1186.4,3795,-348.9,10.9,4.502388,900.1,40.5,0.33390069
1283.3,3791.5,96.9,-3.5,4.865632,900.4,40.5,0.33367868
-22,3834.5,-1305.3,43,-0.084359,900.4,40.5,0.33367868
99,3832.6,121,-1.9,0.3794274,900.4,40.5,0.33367868
1194.3,3796.4,1095.3,-36.2,4.5340405,900.7,40.5,0.33345667
1093.2,3799,-101.1,2.6,4.1530668,901,40.5,0.33323466
855.3,3806.7,-237.9,7.7,3.2558705,901.3,40.5,0.33301265
1581.3,3782.1,726,-24.6,5.9806347,901.7,40.5,0.33271664
2275.5,3757.5,694.2,-24.6,8.5501912,902.4,40.5,0.33219862
1824.5,3771,-451,13.5,6.8801895,902.9,40.5,0.33182861
1635.5,3776.5,-189,5.5,6.1764658,903.3,40.5,0.3315326
1234.4,3789.3,-401.1,12.8,4.6775119,903.7,40.5,0.33123659
1137.3,3792.5,-97.1,3.2,4.3132103,904,40.5,0.33101458
1509.4,3780,372.1,-12.5,5.705532,904.4,40.5,0.33071857
1047.3,3794.9,-462.1,14.9,3.9743988,904.7,40.5,0.33049656
900.3,3800.1,-147,5.2,3.42123,904.9,40.5,0.33034855
1853.4,3768.1,953.1,-32,6.9837965,905.4,40.6,0.32997854
1353.3,3783.7,-500.1,15.6,5.1204812,905.8,40.5,0.32968253
1143.4,3790.6,-209.9,6.9,4.334172,906.1,40.5,0.32946052
1589.3,3775.5,445.9,-15.1,6.0004022,906.6,40.6,0.32909051
1087.3,3791.8,-502,16.3,4.1228241,906.9,40.6,0.3288685
1415.4,3780.8,328.1,-11,5.3513443,907.3,40.6,0.32857249
1451.3,3779.1,35.9,-1.7,5.4846078,907.7,40.6,0.32827647
161.3,3822.3,-1290,43.2,0.61653699,907.7,40.6,0.32827647
302,3818.9,140.7,-3.4,1.1533078,907.8,40.6,0.32820247
978.2,3797,676.2,-21.9,3.7142254,908.1,40.6,0.32798046
579.2,3810.2,-399,13.2,2.2068678,908.2,40.6,0.32790646
1414.2,3782.4,835,-27.8,5.3490701,908.6,40.6,0.32761045
1151.4,3790.5,-262.8,8.1,4.3643817,909,40.6,0.32731444
679.2,3806.1,-472.2,15.6,2.5851031,909.1,40.6,0.32724044
1088.1,3792.8,408.9,-13.3,4.1269457,909.4,40.6,0.32701843
273.3,3820,-814.8,27.2,1.044006,909.5,40.6,0.32694442
665,3807.8,391.7,-12.2,2.532187,909.7,40.6,0.32679642
971.2,3797.6,306.2,-10.2,3.6882291,910,40.6,0.32657441
933.2,3798.6,-38,1,3.5448535,910.2,40.6,0.3264264
419.2,3815.8,-514,17.2,1.5995834,910.4,40.6,0.3262784
-160.1,3835.4,-579.3,19.6,-0.61404754,910.3,40.6,0.3263524
-120,3835.5,40.1,0.1,-0.46026,910.3,40.6,0.3263524
103.1,3829.6,223.1,-5.9,0.39483176,910.3,40.6,0.3263524
924.2,3802.4,821.1,-27.2,3.5141781,910.6,40.6,0.32613039
1212.2,3792.1,288,-10.3,4.5967836,910.9,40.6,0.32590838
1284.3,3788.9,72.1,-3.2,4.8660843,911.3,40.6,0.32561237
1159.4,3792.4,-124.9,3.5,4.3969086,911.6,40.6,0.32539036
1104.3,3793.8,-55.1,1.4,4.1894933,911.9,40.6,0.32516836
985.3,3797.6,-119,3.8,3.7417753,912.2,40.6,0.32494635
403.2,3817,-582.1,19.4,1.5390144,912.3,40.6,0.32487235
529.1,3813.5,125.9,-3.5,2.0177229,912.4,40.6,0.32479834
1113.2,3794.1,584.1,-19.4,4.2235921,912.8,40.6,0.32450233
1334.3,3786,221.1,-8.1,5.0516598,913.1,40.6,0.32428032
1236.5,3788.6,-97.8,2.6,4.6846039,913.5,40.6,0.32398431
990.2,3796.5,-246.3,7.9,3.7592943,913.7,40.6,0.32383631
1629.4,3774.9,639.2,-21.6,6.1508221,914.2,40.6,0.32346629
769.3,3802.9,-860.1,28,2.925571,914.4,40.6,0.32331829
-123.1,3832.7,-892.4,29.8,-0.47180537,914.4,40.6,0.32331829
582.1,3811.1,705.2,-21.6,2.2184413,914.5,40.6,0.32324428
1294.2,3787.2,712.1,-23.9,4.9013942,914.9,40.6,0.32294827
1899.5,3765.9,605.3,-21.3,7.153327,915.4,40.6,0.32257826
1381.3,3781.9,-518.2,16,5.2239385,915.8,40.6,0.32228225
258.2,3819.5,-1123.1,37.6,0.9861949,915.9,40.6,0.32220824
1566.2,3776.5,1308,-43,5.9147543,916.3,40.6,0.32191223
2015.5,3760.2,449.3,-16.3,7.5786831,916.9,40.6,0.32146822
1680.5,3770.1,-335,9.9,6.3356531,917.3,40.6,0.3211722
2222.5,3751.1,542,-19,8.3368198,917.9,40.6,0.32072819
1373.5,3778.4,-849,27.3,5.1896324,918.3,40.6,0.32043218
489.1,3808.2,-884.4,29.8,1.8625906,918.5,40.6,0.32028417
277.1,3816.4,-212,8.2,1.0575244,918.5,40.6,0.32028417
624.2,3805.7,347.1,-10.7,2.3755179,918.7,40.6,0.32013617
772.1,3801,147.9,-4.7,2.9347521,918.9,40.6,0.31998816
825.3,3799.3,53.2,-1.7,3.1355623,919.2,40.6,0.31976615
1908.3,3762.8,1083,-36.5,7.1805512,919.7,40.6,0.31939614
2290.5,3748.4,382.2,-14.4,8.5857102,920.3,40.6,0.31895212
1781.6,3763.9,-508.9,15.5,6.7057642,920.8,40.6,0.31858211
1300.3,3779.5,-481.3,15.6,4.9144838,921.2,40.6,0.31828609
1442.4,3774.7,142.1,-4.8,5.4446273,921.6,40.6,0.31799008
1140.3,3784.6,-302.1,9.9,4.3155794,921.9,40.6,0.31776808
372.3,3810.6,-768,26,1.4186864,922,40.6,0.31769407
-6,3823.8,-378.3,13.2,-0.0229428,922,40.6,0.31769407
15,3825.1,21,1.3,0.0573765,922,40.6,0.31769407
818.1,3799,803.1,-26.1,3.1079619,922.2,40.6,0.31754607
1032.3,3791.6,214.2,-7.4,3.9140687,922.5,40.6,0.31732406
1339.3,3780.9,307,-10.7,5.0637594,922.9,40.6,0.31702805
1064.4,3789.4,-274.9,8.5,4.0334374,923.2,40.6,0.31680604
706.2,3801.3,-358.2,11.9,2.6844781,923.4,40.6,0.31665803
1357.4,3779.7,651.2,-21.6,5.1305648,923.8,40.6,0.31636202
1460.2,3775.6,102.8,-4.1,5.5131311,924.2,40.6,0.31606601
1322.5,3779.5,-137.7,3.9,4.9983888,924.5,40.6,0.315844
1244.3,3781.8,-78.2,2.3,4.7056937,924.9,40.6,0.31554799
1027.4,3788.9,-216.9,7.1,3.8927159,925.2,40.6,0.31532598
647.1,3801.8,-380.3,12.9,2.4601448,925.3,40.6,0.31525198
211.1,3817.1,-436,15.3,0.80578981,925.4,40.6,0.31517798
12,3824.8,-199.1,7.7,0.0458976,925.4,40.6,0.31517798
414,3812.3,402,-12.5,1.5782922,925.5,40.6,0.31510397
817.2,3799,403.2,-13.3,3.1045428,925.8,40.6,0.31488197
21,3825.7,-796.2,26.7,0.0803397,925.8,40.6,0.31488197
231.1,3819.7,210.1,-6,0.88273267,925.8,40.6,0.31488197
633.1,3806.7,402,-13,2.4100218,926,40.6,0.31473396
-8,3827.5,-641.1,20.8,-0.03062,926,40.6,0.31473396
-92,3831.4,-84,3.9,-0.3524888,926,40.6,0.31473396
-53,3831,39,-0.4,-0.203043,926,40.6,0.31473396
404.1,3817,457.1,-14,1.5424497,926.1,40.6,0.31465996
1138.3,3792.2,734.2,-24.8,4.3166613,926.4,40.6,0.31443795
823.2,3801.9,-315.1,9.7,3.1297241,926.6,40.6,0.31428994
684.1,3806.4,-139.1,4.5,2.6039582,926.8,40.6,0.31414194
1195.4,3789.1,511.3,-17.3,4.5294901,927.1,40.6,0.31391993
1298.3,3784.9,102.9,-4.2,4.9139357,927.5,40.6,0.31362392
1318.4,3783.5,20.1,-1.4,4.9881664,927.9,40.6,0.31332791
1667.4,3771,349,-12.5,6.2877654,928.3,40.6,0.3130319
2114.5,3754.8,447.1,-16.2,7.9395246,928.9,40.6,0.31258788
1404.3,3777.2,-710.2,22.4,5.304322,929.3,40.6,0.31229187
1703.5,3766.8,299.2,-10.4,6.4167438,929.8,40.6,0.31192185
1902.3,3759.2,198.8,-7.6,7.1511262,930.3,40.6,0.31155184
934.3,3791,-968,31.8,3.5419313,930.6,40.6,0.31132983
1439.3,3774.3,505,-16.7,5.43235,931,40.6,0.31103382
1967.5,3756,528.2,-18.3,7.38993,931.5,40.6,0.31066381
1787.5,3760.9,-180,4.9,6.7226088,932,40.6,0.31029379
1007.3,3786.5,-780.2,25.6,3.8141415,932.3,40.6,0.31007178
538.3,3802.7,-469,16.2,2.0469934,932.4,40.6,0.30999778
699.1,3798.1,160.8,-4.6,2.6552517,932.6,40.6,0.30984977
613.2,3801.4,-85.9,3.3,2.3310185,932.8,40.6,0.30970177
237.1,3814.5,-376.1,13.1,0.90441795,932.9,40.6,0.30962777
-79,3825.5,-316.1,11,-0.3022145,932.9,40.6,0.30962777
378.1,3811.9,457.1,-13.6,1.4412794,932.9,40.6,0.30962777
515.2,3807.6,137.1,-4.3,1.9616755,933.1,40.6,0.30947976
977.1,3792.2,461.9,-15.4,3.7053586,933.4,40.6,0.30925775
1260.3,3782.2,283.2,-10,4.7667067,933.7,40.6,0.30903574
1328.2,3779.1,67.9,-3.1,5.0194006,934.1,40.6,0.30873973
852.3,3794.6,-475.9,15.5,3.2341376,934.3,40.6,0.30859173
75,3820.9,-777.3,26.3,0.2865675,934.3,40.6,0.30859173
374.1,3812,299.1,-8.9,1.4260692,934.4,40.6,0.30851772
985.3,3791.8,611.2,-20.2,3.7360605,934.7,40.6,0.30829572
1282.2,3781.3,296.9,-10.5,4.8483829,935.1,40.6,0.3079997
1318.3,3779.4,36.1,-1.9,4.982383,935.4,40.6,0.3077777
1228.4,3781.8,-89.9,2.4,4.6455631,935.8,40.6,0.30748168
1053.3,3787.2,-175.1,5.4,3.9890578,936.1,40.6,0.30725968
945.2,3790.7,-108.1,3.5,3.5829696,936.3,40.6,0.30711167
1010.2,3788.6,65,-2.1,3.8272437,936.6,40.6,0.30688966
2063.5,3752.9,1053.3,-35.7,7.7441091,937.2,40.6,0.30644564
1086.3,3784.2,-977.2,31.3,4.1107765,937.5,40.6,0.30622364
253.3,3812.5,-833,28.3,0.96570625,937.6,40.6,0.30614963
971.2,3789.4,717.9,-23.1,3.6802653,937.8,40.6,0.30600163
919.4,3790.9,-51.8,1.5,3.4853535,938.1,40.6,0.30577962
523.1,3804.2,-396.3,13.3,1.989977,938.2,40.6,0.30570562
1264.2,3779.7,741.1,-24.5,4.7782967,938.6,40.6,0.30540961
1345.3,3776.4,81.1,-3.3,5.0803909,939,40.6,0.30511359
1118.3,3783.4,-227,7,4.2309762,939.3,40.6,0.30489159
1289.4,3777.5,171.1,-5.9,4.8707085,939.6,40.6,0.30466958
1377.3,3774.1,87.9,-3.4,5.1980679,940,40.6,0.30437357
1471.5,3770.4,94.2,-3.7,5.5481436,940.4,40.6,0.30407755
1545.3,3767.3,73.8,-3.1,5.8216087,940.8,40.6,0.30378154
1598.5,3765,53.2,-2.3,6.0183525,941.3,40.6,0.30341153
1545.4,3766.1,-53.1,1.1,5.8201309,941.7,40.6,0.30311552
608.3,3797.3,-937.1,31.2,2.3098976,941.9,40.6,0.30296751
196.1,3812,-412.2,14.7,0.7475332,941.9,40.6,0.30296751
166.2,3814.2,-29.9,2.2,0.63392004,942,40.6,0.30289351
14,3820.2,-152.2,6,0.0534828,942,40.6,0.30289351
-47,3822.7,-61,2.5,-0.1796669,942,40.6,0.30289351
-364,3834.4,-317,11.7,-1.3957216,941.9,40.6,0.30296751
-81,3826.1,283,-8.3,-0.3099141,941.9,40.6,0.30296751
755.2,3799.4,836.2,-26.7,2.8693069,942.1,40.6,0.30281951
1505.3,3773.6,750.1,-25.8,5.6804001,942.5,40.6,0.3025235
1659.5,3767,154.2,-6.6,6.2513365,942.9,40.6,0.30222748
797.3,3794.8,-862.2,27.8,3.025594,943.2,40.6,0.30200548
1415.4,3774.2,618.1,-20.6,5.3420027,943.5,40.6,0.30178347
1090.2,3784.3,-325.2,10.1,4.1256439,943.9,40.6,0.30148746
-22,3821,-1112.2,36.7,-0.084062,943.9,40.6,0.30148746
841.2,3793.9,863.2,-27.1,3.1914287,944.1,40.6,0.30133945
1226.3,3780.6,385.1,-13.3,4.6361498,944.4,40.6,0.30111744
475.1,3805.3,-751.2,24.7,1.807898,944.6,40.6,0.30096944
755.2,3796.4,280.1,-8.9,2.8670413,944.8,40.6,0.30082143
1138.3,3783.4,383.1,-13,4.3066442,945.1,40.6,0.30059942
491.1,3804.8,-647.2,21.4,1.8685373,945.2,40.6,0.30052542
13,3821.4,-478.1,16.6,0.0496782,945.2,40.6,0.30052542
23,3822.1,10,0.7,0.0879083,945.2,40.6,0.30052542
57,3821.8,34,-0.3,0.2178426,945.3,40.6,0.30045142
142.9,3819.6,85.9,-2.2,0.54582084,945.3,40.6,0.30045142
929.3,3793.5,786.4,-26.1,3.5252995,945.6,40.6,0.30022941
1448.3,3775.4,519,-18.1,5.4679118,946,40.6,0.2999334
1225.4,3781.7,-222.9,6.3,4.6340952,946.3,40.6,0.29971139
1206.4,3781.7,-19,0,4.5622429,946.6,40.6,0.29948938
1257.3,3779.4,50.9,-2.3,4.7518396,947,40.6,0.29919337
1032.2,3786.4,-225.1,7,3.9083221,947.3,40.6,0.29897136
280.2,3811.7,-752,25.3,1.0680383,947.3,40.6,0.29897136
25,3821.1,-255.2,9.4,0.0955275,947.4,40.6,0.29889736
-179.1,3828.4,-204.1,7.3,-0.68566644,947.3,40.6,0.29897136
-458,3838.9,-278.9,10.5,-1.7582162,947.2,40.6,0.29904536
-229.3,3832.6,228.7,-6.3,-0.87881518,947.1,40.6,0.29911937
7,3826.1,236.3,-6.5,0.0267827,947.1,40.6,0.29911937
-5,3826.3,-12,0.2,-0.0191315,947.1,40.6,0.29911937
-55,3828.5,-50,2.2,-0.2105675,947.1,40.6,0.29911937
168.1,3822.2,223.1,-6.3,0.64251182,947.1,40.6,0.29911937
-95,3830.6,-263.1,8.4,-0.363907,947.1,40.6,0.29911937
-76,3830.6,19,0,-0.2911256,947.1,40.6,0.29911937
2,3829.2,78,-1.4,0.0076584,947.1,40.6,0.29911937
-289,3838.7,-291,9.5,-1.1093843,947,40.6,0.29919337
-240.2,3837.9,48.8,-0.8,-0.92186358,947,40.6,0.29919337
177,3825.2,417.2,-12.7,0.6770604,947,40.6,0.29919337
354.1,3819.2,177.1,-6,1.3523787,947.1,40.6,0.29911937
-265.1,3839.3,-619.2,20.1,-1.0177984,947,40.6,0.29919337
-426,3845.5,-160.9,6.2,-1.638183,946.9,40.6,0.29926737
-606,3852.5,-180,7,-2.334615,946.8,40.6,0.29934137
-712.1,3857.2,-106.1,4.7,-2.7467121,946.6,40.6,0.29948938
-641.2,3855.9,70.9,-1.3,-2.4724031,946.4,40.6,0.29963739
-319,3846,322.2,-9.9,-1.226874,946.3,40.6,0.29971139
-409,3849.3,-90,3.3,-1.5743637,946.2,40.6,0.29978539
-953.2,3868.3,-544.2,19,-3.6872636,945.9,40.6,0.3000074
-979.1,3870.5,-25.9,2.2,-3.7896065,945.6,40.6,0.30022941
-1020.1,3873.1,-41,2.6,-3.9509493,945.4,40.6,0.30037741
-1076.2,3876.2,-56.1,3.1,-4.1715664,945.1,40.6,0.30059942
-926.3,3872.3,149.9,-3.9,-3.5869115,944.8,40.6,0.30082143
-754.1,3867.3,172.2,-5,-2.9163309,944.6,40.6,0.30096944
-638.1,3864.1,116,-3.2,-2.4656822,944.4,40.6,0.30111744
-806.2,3870.2,-168.1,6.1,-3.1201552,944.2,40.6,0.30126545
-486.1,3860.1,320.1,-10.1,-1.8763946,944.1,40.6,0.30133945
29,3843.8,515.1,-16.3,0.1114702,944.1,40.6,0.30133945
1049.1,3809,1020.1,-34.8,3.9960219,944.3,40.6,0.30119145
2051.4,3773.5,1002.3,-35.5,7.7409579,944.9,40.6,0.30074743
2868.7,3743.2,817.3,-30.3,10.738118,945.7,40.6,0.30015541
2937.6,3737.5,68.9,-5.7,10.97928,946.5,40.6,0.29956338
2836.7,3737.9,-100.9,0.4,10.603301,947.3,40.6,0.29897136
2534.7,3745.4,-302,7.5,9.4934654,948,40.6,0.29845334
1886.5,3765.2,-648.2,19.8,7.1030498,948.5,40.6,0.29808333
1511.4,3776.7,-375.1,11.5,5.7081044,948.9,40.6,0.29778732
1114.3,3789.5,-397.1,12.8,4.2226399,949.2,40.6,0.29756531
1076.3,3790.7,-38,1.2,4.0799304,949.5,40.6,0.2973433
455.2,3811.4,-621.1,20.7,1.7349493,949.7,40.6,0.29719529
722,3802.9,266.8,-8.5,2.7456938,949.9,40.6,0.29704729
713.3,3803.2,-8.7,0.3,2.7128226,950.1,40.6,0.29689928
628.1,3806,-85.2,2.8,2.3905486,950.2,40.6,0.29682528
990.2,3793.9,362.1,-12.1,3.7567198,950.5,40.6,0.29660327
753.2,3801.4,-237,7.5,2.8632145,950.7,40.6,0.29645527
1243.3,3784.8,490.1,-16.6,4.7056418,951.1,40.6,0.29615925
1559.3,3773.4,316,-11.4,5.8838626,951.5,40.6,0.29586324
1448.5,3775.9,-110.8,2.5,5.4693911,951.9,40.6,0.29556723
1077.4,3787.6,-371.1,11.7,4.0807602,952.2,40.6,0.29534522
1034.2,3788.8,-43.2,1.2,3.918377,952.5,40.6,0.29512321
1108.3,3786.2,74.1,-2.6,4.1962455,952.8,40.6,0.29490121
600.3,3802.9,-508,16.7,2.2828809,953,40.6,0.2947532
22,3822.7,-578.3,19.8,0.0840994,953,40.6,0.2947532
18,3823.9,-4,1.2,0.0688302,953,40.6,0.2947532
-79,3827.4,-97,3.5,-0.3023646,953,40.6,0.2947532
-91,3828.6,-12,1.2,-0.3484026,953,40.6,0.2947532
87,3824.1,178,-4.5,0.3326967,953,40.6,0.2947532
135.2,3822.8,48.2,-1.3,0.51684256,953,40.6,0.2947532
841.2,3799.4,706,-23.4,3.1960553,953.3,40.6,0.29453119
1261.1,3784.5,419.9,-14.9,4.772633,953.6,40.6,0.29430918
552.1,3807.3,-709,22.8,2.1020103,953.8,40.6,0.29416118
662.1,3803.8,110,-3.5,2.518496,953.9,40.6,0.29408718
1489.3,3775.8,827.2,-28,5.6232989,954.4,40.6,0.29371716
1218.5,3783.6,-270.8,7.8,4.6103166,954.7,40.6,0.29349515
809.2,3796.7,-409.3,13.1,3.0722896,954.9,40.6,0.29334715
15,3823.5,-794.2,26.8,0.0573525,954.9,40.6,0.29334715
-311,3834.9,-326,11.4,-1.1926539,954.8,40.6,0.29342115
50,3824.6,361,-10.3,0.19123,954.8,40.6,0.29342115
216.2,3819.5,166.2,-5.1,0.8257759,954.9,40.6,0.29334715
-312,3836.9,-528.2,17.4,-1.1971128,954.8,40.6,0.29342115
-657.1,3849.7,-345.1,12.8,-2.5296379,954.7,40.6,0.29349515
-1180.3,3868.6,-523.2,18.9,-4.5661086,954.3,40.6,0.29379116
-1289,3874.3,-108.7,5.7,-4.9939727,954,40.6,0.29401317
-1126.4,3870.6,162.6,-3.7,-4.3598438,953.7,40.6,0.29423518
-982.3,3867.2,144.1,-3.4,-3.7987506,953.4,40.6,0.29445719
-1154.2,3874.1,-171.9,6.9,-4.4714862,953.1,40.6,0.2946792
-1020.3,3871,133.9,-3.1,-3.9495813,952.8,40.6,0.29490121
-587.2,3857.5,433.1,-13.5,-2.265124,952.6,40.6,0.29504921
-306.1,3848.4,281.1,-9.1,-1.1779952,952.5,40.6,0.29512321
-170.3,3844,135.8,-4.4,-0.6546332,952.5,40.6,0.29512321
32,3837.8,202.3,-6.2,0.1228096,952.5,40.6,0.29512321
32,3837.7,0,-0.1,0.1228064,952.5,40.6,0.29512321
32,3837.6,0,-0.1,0.1228032,952.5,40.6,0.29512321
32,3837.6,0,0,0.1228032,952.5,40.6,0.29512321
32,3837.6,0,0,0.1228032,952.5,40.6,0.29512321
32,3837.6,0,0,0.1228032,952.5,40.6,0.29512321
32,3837.7,0,0.1,0.1228064,952.5,40.6,0.29512321
32,3837.7,0,0,0.1228064,952.5,40.6,0.29512321
32,3837.8,0,0.1,0.1228096,952.5,40.6,0.29512321
32,3837.9,0,0.1,0.1228128,952.6,40.6,0.29504921
32,3837.9,0,0,0.1228128,952.6,40.6,0.29504921
32,3838,0,0.1,0.122816,952.6,40.6,0.29504921
32,3838.1,0,0.1,0.1228192,952.6,40.6,0.29504921
32,3838.1,0,0,0.1228192,952.6,40.6,0.29504921
32,3838.2,0,0.1,0.1228224,952.6,40.6,0.29504921
32,3838.3,0,0.1,0.1228256,952.6,40.6,0.29504921
32,3838.4,0,0.1,0.1228288,952.6,40.6,0.29504921
46,3838,14,-0.4,0.176548,952.6,40.6,0.29504921
672.2,3816.9,626.2,-21.1,2.5657202,952.8,40.6,0.29490121
1675.4,3782.4,1003.2,-34.5,6.337033,953.3,40.6,0.29453119
2482.5,3753.1,807.1,-29.3,9.3170707,954,40.6,0.29401317
2829.6,3738.5,347.1,-14.6,10.57846,954.7,40.6,0.29349515
2674.6,3740.7,-155,2.2,10.004876,955.5,40.6,0.29290313
1453.6,3779.4,-1221,38.7,5.4937358,955.9,40.6,0.29260712
-12,3827.6,-1465.6,48.2,-0.0459312,955.9,40.6,0.29260712
-383.9,3841.6,-371.9,14,-1.4747902,955.8,40.6,0.29268112
-507.1,3847.2,-123.2,5.6,-1.9509151,955.7,40.6,0.29275512
-866.1,3860.7,-359,13.5,-3.3437523,955.4,40.6,0.29297713
-968.2,3865.7,-102.1,5,-3.7427707,955.2,40.6,0.29312514
-568.2,3853.8,400,-11.9,-2.1897292,955,40.6,0.29327314
-82,3838.2,486.2,-15.6,-0.3147324,955,40.6,0.29327314
516.2,3818.8,598.2,-19.4,1.9712646,955.1,40.6,0.29319914
1323.2,3790.9,807,-27.9,5.0161189,955.5,40.6,0.29290313
2050.5,3764.8,727.3,-26.1,7.7197224,956,40.6,0.29253312
2641.6,3742.6,591.1,-22.2,9.8864522,956.8,40.6,0.29194109
2656.6,3739.3,15,-3.3,9.9338244,957.5,40.6,0.29142307
1880.5,3762.9,-776.1,23.6,7.0761335,958,40.6,0.29105306
656.2,3803,-1224.3,40.1,2.4955286,958.2,40.6,0.29090505
-318,3835.8,-974.2,32.8,-1.2197844,958.1,40.6,0.29097906
-811.1,3854.1,-493.1,18.3,-3.1260605,957.9,40.6,0.29112706
-909.3,3859.4,-98.2,5.3,-3.5093524,957.7,40.6,0.29127507
-844.2,3858.9,65.1,-0.5,-3.2576834,957.4,40.6,0.29149708
-586.3,3851.6,257.9,-7.3,-2.2581931,957.3,40.6,0.29157108
-202.1,3839.6,384.2,-12,-0.77598316,957.2,40.6,0.29164508
-105.1,3836.6,97,-3,-0.40322666,957.2,40.6,0.29164508
32,3833,137.1,-3.6,0.122656,957.2,40.6,0.29164508
32,3833.1,0,0.1,0.1226592,957.2,40.6,0.29164508
189,3828,157,-5.1,0.723492,957.2,40.6,0.29164508
1004.3,3800.4,815.3,-27.6,3.8167417,957.5,40.6,0.29142307
1783.2,3773,778.9,-27.4,6.7280136,958,40.6,0.29105306
2495.6,3747,712.4,-26,9.3510132,958.7,40.6,0.29053504
2824.6,3733.1,329,-13.9,10.544514,959.5,40.6,0.28994302
2439.6,3743.3,-385,10.2,9.1321547,960.2,40.6,0.289425
1068.4,3787.6,-1371.2,44.3,4.0466718,960.5,40.6,0.28920299
23,3823,-1045.4,35.4,0.087929,960.5,40.6,0.28920299
-425,3838.8,-448,15.8,-1.63149,960.4,40.6,0.28927699
-828.2,3854,-403.2,15.2,-3.1918828,960.1,40.6,0.289499
-947.1,3859.8,-118.9,5.8,-3.6556166,959.9,40.6,0.28964701
-849.3,3858.3,97.8,-1.5,-3.2768542,959.6,40.6,0.28986902
-459.1,3846.6,390.2,-11.7,-1.7659741,959.5,40.6,0.28994302
-119.2,3835.7,339.9,-10.9,-0.45721544,959.5,40.6,0.28994302
32,3831.5,151.2,-4.2,0.122608,959.5,40.6,0.28994302
469.2,3816.9,437.2,-14.6,1.7908895,959.6,40.6,0.28986902
1222.2,3791.1,753,-25.8,4.6334824,959.9,40.6,0.28964701
1515.4,3779.8,293.2,-11.3,5.7279089,960.4,40.6,0.28927699
1508.4,3778.5,-7,-1.3,5.6994894,960.8,40.6,0.28898098
1395.4,3780.9,-113,2.4,5.2758679,961.2,40.6,0.28868497
1561.4,3774.3,166,-6.6,5.893192,961.6,40.6,0.28838896
1413.4,3778.1,-148,3.8,5.3399665,962,40.6,0.28809295
903.4,3794.4,-510,16.3,3.427861,962.2,40.6,0.28794494
69,3822.4,-834.4,28,0.2637456,962.3,40.6,0.28787094
4,3825.7,-65,3.3,0.0153028,962.3,40.6,0.28787094
32,3825.5,28,-0.2,0.122416,962.3,40.6,0.28787094
-245.1,3834.8,-277.1,9.3,-0.93990948,962.2,40.6,0.28794494
-581,3847.1,-335.9,12.3,-2.2351651,962.1,40.6,0.28801894
-702.1,3852.4,-121.1,5.3,-2.70477,961.9,40.6,0.28816695
-748.1,3855.3,-46,2.9,-2.8841499,961.7,40.6,0.28831496
-356.2,3843.3,391.9,-12,-1.3689835,961.6,40.6,0.28838896
32,3831.3,388.2,-12,0.1226016,961.6,40.6,0.28838896
775.1,3806.3,743.1,-25,2.9502631,961.8,40.6,0.28824095
1601.4,3777.5,826.3,-28.8,6.0492885,962.2,40.6,0.28794494
2691.6,3738.8,1090.2,-38.7,10.063354,962.9,40.6,0.28742692
2925.6,3727.9,234,-10.9,10.906344,963.8,40.6,0.2867609
2885.7,3726.3,-39.9,-1.6,10.752984,964.6,40.6,0.28616887
2531.7,3735.8,-354,9.5,9.4579249,965.3,40.6,0.28565085
337.3,3808.1,-2194.4,72.3,1.2844721,965.4,40.6,0.28557685
-651.1,3842.2,-988.4,34.1,-2.5016564,965.2,40.6,0.28572486
-834.1,3850.6,-183,8.4,-3.2117855,965,40.6,0.28587286
-973.2,3857.3,-139.1,6.7,-3.7539244,964.7,40.6,0.28609487
-1093.2,3863.3,-120,6,-4.2233596,964.4,40.6,0.28631688
-669.2,3850.8,424,-12.5,-2.5769554,964.2,40.6,0.28646489
-91,3832.3,578.2,-18.5,-0.3487393,964.2,40.6,0.28646489
555.1,3811.3,646.1,-21,2.1156526,964.3,40.6,0.28639088
1317.4,3785,762.3,-26.3,4.986359,964.7,40.6,0.28609487
2377.4,3747.7,1060,-37.3,8.909782,965.3,40.6,0.28565085
2842.6,3729.3,465.2,-18.4,10.600908,966.1,40.6,0.28505883
2012.6,3754.3,-830,25,7.5559042,966.7,40.6,0.28461482
194.1,3814.2,-1818.5,59.9,0.74033622,966.8,40.6,0.28454081
-90,3824.6,-284.1,10.4,-0.344214,966.7,40.6,0.28461482
-261.1,3831.5,-171.1,6.9,-1.0004047,966.7,40.6,0.28461482
-550.2,3842.5,-289.1,11,-2.1141435,966.5,40.6,0.28476282
-729.1,3849.9,-178.9,7.4,-2.8069621,966.3,40.6,0.28491083
-650.2,3848.7,78.9,-1.2,-2.5024247,966.1,40.6,0.28505883
-435.1,3842.5,215.1,-6.2,-1.6718717,966,40.6,0.28513284
-329.1,3839.7,106,-2.8,-1.2636453,965.9,40.6,0.28520684
-84,3832.1,245.1,-7.6,-0.3218964,965.9,40.6,0.28520684
32,3829,116,-3.1,0.122528,965.9,40.6,0.28520684
32,3829.2,0,0.2,0.1225344,965.9,40.6,0.28520684
32,3829.4,0,0.2,0.1225408,965.9,40.6,0.28520684
162.1,3825.2,130.1,-4.2,0.62006492,966,40.6,0.28513284
1841.3,3768.6,1679.2,-56.6,6.9391232,966.5,40.6,0.28476282
1949.5,3762.5,108.2,-6.1,7.3349938,967,40.6,0.28439281
2625.5,3737.7,676,-24.8,9.8133314,967.7,40.6,0.28387479
2915.7,3725.2,290.2,-12.5,10.861566,968.6,40.6,0.28320876
2979.6,3720.4,63.9,-4.8,11.085304,969.4,40.6,0.28261674
2994.7,3717.7,15.1,-2.7,11.133396,970.2,40.6,0.28202472
2989.8,3715.7,-4.9,-2,11.1092,971,40.6,0.28143269
2987.7,3713.8,-2.1,-1.9,11.09572,971.9,40.6,0.28076667
2987.7,3712,0,-1.8,11.090342,972.7,40.6,0.28017465
2988.7,3710.3,1,-1.7,11.088974,973.5,40.6,0.27958262
2988.7,3708.6,0,-1.7,11.083893,974.4,40.6,0.2789166
2873.8,3710.8,-114.9,2.2,10.664097,975.2,40.6,0.27832458
1171.3,3766.8,-1702.5,56,4.4120528,975.5,40.6,0.27810257
12,3806.8,-1159.3,40,0.0456816,975.5,40.6,0.27810257
-375,3821.4,-387,14.6,-1.433025,975.4,40.6,0.27817657
-1020.2,3845.2,-645.2,23.8,-3.922873,975.1,40.6,0.27839858
-1387.3,3860.2,-367.1,15,-5.3552555,974.7,40.6,0.27869459
-1407.4,3863.7,-20.1,3.5,-5.4377714,974.3,40.6,0.2789906
-1447.4,3867.5,-40,3.8,-5.5978195,973.9,40.7,0.27928661
-1469.4,3870.5,-22,3,-5.6873127,973.5,40.7,0.27958262
-1484.4,3873.2,-15,2.7,-5.7493781,973.1,40.7,0.27987864
-1469.4,3874.7,15,1.5,-5.6934842,972.7,40.7,0.28017465
-1185.5,3867,283.9,-7.7,-4.5843285,972.4,40.7,0.28039666
-554.1,3847.1,631.4,-19.9,-2.1316781,972.2,40.7,0.28054466
-157.3,3834.1,396.8,-13,-0.60310393,972.2,40.7,0.28054466
32,3828.4,189.3,-5.7,0.1225088,972.2,40.7,0.28054466
32,3828.4,0,0,0.1225088,972.2,40.7,0.28054466
32,3828.3,0,-0.1,0.1225056,972.2,40.7,0.28054466
32,3828.4,0,0.1,0.1225088,972.2,40.7,0.28054466
60,3827.6,28,-0.8,0.229656,972.2,40.7,0.28054466
1189.1,3789.7,1129.1,-37.9,4.5063323,972.5,40.7,0.28032265
2402.4,3747.3,1213.3,-42.4,9.0025135,973.2,40.7,0.27980463
2892.7,3727.9,490.3,-19.4,10.783696,974,40.7,0.27921261
2908.7,3724.1,16,-3.8,10.83229,974.8,40.7,0.27862059
2996.6,3718.4,87.9,-5.7,11.142557,975.6,40.7,0.27802857
2998.8,3715.7,2.2,-2.7,11.142641,976.5,40.7,0.27736254
2902.7,3716.5,-96.1,0.8,10.787885,977.3,40.7,0.27677052
2997.5,3711.2,94.8,-5.3,11.124322,978.1,40.7,0.27617849
3000.8,3709.1,3.3,-2.1,11.130267,978.9,40.7,0.27558647
2999.6,3707.4,-1.2,-1.7,11.120717,979.8,40.7,0.27492045
1587.5,3753.1,-1412.1,45.7,5.9580462,980.2,40.7,0.27462444
1,3806.9,-1586.5,53.8,0.0038069,980.3,40.7,0.27455043
-90,3811.5,-91,4.6,-0.343035,980.2,40.7,0.27462444
-521.2,3827.7,-431.2,16.2,-1.9949972,980.1,40.7,0.27469844
-1194.2,3852.4,-673,24.7,-4.6005361,979.8,40.7,0.27492045
-1389.2,3861.6,-195,9.2,-5.3645347,979.4,40.7,0.27521646
-1345.4,3862.7,43.8,1.1,-5.1968766,979,40.7,0.27551247
-1405.3,3866.9,-59.9,4.2,-5.4341546,978.6,40.7,0.27580848
-1466.4,3871.1,-61.1,4.2,-5.676581,978.2,40.7,0.27610449
-1370.4,3869.8,96,-1.3,-5.3031739,977.8,40.7,0.2764005
-1099.2,3862.4,271.2,-7.4,-4.2455501,977.5,40.7,0.27662251
-1045.4,3861.9,53.8,-0.5,-4.0372303,977.2,40.7,0.27684452
-838.2,3856.1,207.2,-5.8,-3.232183,977,40.7,0.27699253
-312.1,3839.3,526.1,-16.8,-1.1982455,976.9,40.7,0.27706653
32,3828.5,344.1,-10.8,0.122512,976.9,40.7,0.27706653
32,3828.2,0,-0.3,0.1225024,976.9,40.7,0.27706653
32,3828.3,0,0.1,0.1225056,976.9,40.7,0.27706653
61,3827.3,29,-1,0.2334653,976.9,40.7,0.27706653
724.1,3805,663.1,-22.3,2.7552005,977.1,40.7,0.27691852
962.1,3796.1,238,-8.9,3.6522278,977.4,40.7,0.27669651
1075.3,3791.2,113.2,-4.9,4.0766774,977.7,40.7,0.27647451
-153.1,3830.8,-1228.4,39.6,-0.58649548,977.7,40.7,0.27647451
-509,3843.7,-355.9,12.9,-1.9564433,977.5,40.7,0.27662251
-140.3,3832.4,368.7,-11.3,-0.53768572,977.5,40.7,0.27662251
32,3827.6,172.3,-4.8,0.1224832,977.5,40.7,0.27662251
32,3827.8,0,0.2,0.1224896,977.5,40.7,0.27662251
37,3827.8,5,0,0.1416286,977.5,40.7,0.27662251
320.1,3818.4,283.1,-9.4,1.2222698,977.6,40.7,0.27654851
1393.4,3782.1,1073.3,-36.3,5.2699781,978,40.7,0.2762525
1907.4,3763,514,-19.1,7.1775462,978.5,40.7,0.27588248
2336.6,3746.4,429.2,-16.6,8.7538382,979.2,40.7,0.27536446
2758.5,3729.7,421.9,-16.7,10.288377,979.9,40.7,0.27484644
2878.7,3722.8,120.2,-6.9,10.716824,980.7,40.7,0.27425442
2909.8,3719.2,31.1,-3.6,10.822128,981.5,40.7,0.2736624
2895.7,3717.2,-14.1,-2,10.763896,982.3,40.7,0.27307038
2867.7,3716,-28,-1.2,10.656373,983.1,40.7,0.27247835
2759.8,3717.6,-107.9,1.6,10.259832,983.9,40.7,0.27188633
2389.6,3728.4,-370.2,10.8,8.9093846,984.6,40.7,0.27136831
2055.6,3738.5,-334,10.1,7.6848606,985.1,40.7,0.2709983
1254.5,3764.8,-801.1,26.3,4.7229416,985.5,40.7,0.27070229
524.1,3789.8,-730.4,25,1.9862342,985.6,40.7,0.27062828
354.1,3796.7,-170,6.9,1.3444115,985.7,40.7,0.27055428
-30,3810,-384.1,13.3,-0.1143,985.7,40.7,0.27055428
-657,3832.5,-627,22.5,-2.5179525,985.6,40.7,0.27062828
-1158.2,3851.4,-501.2,18.9,-4.4606915,985.2,40.7,0.2709243
-1166.3,3854.1,-8.1,2.7,-4.4950368,984.9,40.7,0.2711463
-1061.3,3852.7,105,-1.4,-4.0888705,984.6,40.7,0.27136831
-1049.3,3854,12,1.3,-4.0440022,984.3,40.7,0.27159032
-1116.2,3857.9,-66.9,3.9,-4.306188,984,40.7,0.27181233
-1064.3,3857.7,51.9,-0.2,-4.1057501,983.7,40.7,0.27203434
-813.2,3850.8,251.1,-6.9,-3.1314706,983.5,40.7,0.27218234
-546.2,3842.8,267,-8,-2.0989374,983.3,40.7,0.27233035
-263.1,3833.8,283.1,-9,-1.0086728,983.3,40.7,0.27233035
32,3824.8,295.1,-9,0.1223936,983.3,40.7,0.27233035
0,3825.1,-32,0.3,0,983.3,40.7,0.27233035
0,3825.2,0,0.1,0,983.3,40.7,0.27233035
0,3825.4,0,0.2,0,983.3,40.7,0.27233035
0,3825.6,0,0.2,0,983.3,40.7,0.27233035
0,3825.7,0,0.1,0,983.3,40.7,0.27233035
0,3825.9,0,0.2,0,983.3,40.7,0.27233035
0,3826.1,0,0.2,0,983.3,40.7,0.27233035
0,3826.3,0,0.2,0,983.3,40.7,0.27233035
0,3826.4,0,0.1,0,983.3,40.7,0.27233035
0,3826.7,0,0.3,0,983.3,40.7,0.27233035
0,3826.9,0,0.2,0,983.3,40.7,0.27233035
0,3827,0,0.1,0,983.3,40.7,0.27233035
0,3827.2,0,0.2,0,983.3,40.7,0.27233035
0,3827.4,0,0.2,0,983.3,40.7,0.27233035
0,3827.5,0,0.1,0,983.3,40.7,0.27233035
0,3827.7,0,0.2,0,983.3,40.7,0.27233035
0,3827.9,0,0.2,0,983.3,40.7,0.27233035
0,3828,0,0.1,0,983.3,40.7,0.27233035
0,3828.2,0,0.2,0,983.3,40.7,0.27233035
135,3824.4,135,-3.8,0.516294,983.3,40.7,0.27233035
1923.3,3764.2,1788.3,-60.2,7.2396859,983.8,40.7,0.27196033
2000.5,3758.9,77.2,-5.3,7.5196795,984.4,40.7,0.27151632
2043.4,3755.3,42.9,-3.6,7.67358,985,40.7,0.2710723
2849.6,3726.1,806.2,-29.2,10.617895,985.7,40.7,0.27055428
2971.6,3719,122,-7.1,11.05138,986.6,40.7,0.26988826
2900.8,3718.6,-70.8,-0.4,10.786915,987.4,40.7,0.26929623
2865.6,3717.3,-35.2,-1.3,10.652295,988.2,40.7,0.26870421
2985.7,3711.1,120.1,-6.2,11.080231,989,40.7,0.26811219
2993.7,3708.8,8,-2.3,11.103035,989.8,40.7,0.26752017
2980.8,3707.2,-12.9,-1.6,11.050422,990.7,40.7,0.26685414
2782.7,3712.1,-198.1,4.9,10.329661,991.4,40.7,0.26633612
2664.8,3714.6,-117.9,2.5,9.8986661,992.2,40.7,0.2657441
2875.6,3706.3,210.8,-8.3,10.657836,993,40.7,0.26515208
2883.6,3704.4,8,-1.9,10.682008,993.8,40.7,0.26456005
2842.7,3704.3,-40.9,-0.1,10.530214,994.6,40.7,0.26396803
2702.7,3707.7,-140,3.4,10.020801,995.3,40.7,0.26345001
2293.7,3720.3,-409,12.6,8.5332521,996,40.7,0.26293199
1082.4,3760.5,-1211.3,40.2,4.0703652,996.3,40.7,0.26270998
527.2,3780.2,-555.2,19.7,1.9929214,996.4,40.7,0.26263598
474.3,3783.4,-52.9,3.2,1.7944666,996.5,40.7,0.26256198
-19,3800.4,-493.3,17,-0.0722076,996.5,40.7,0.26256198
-106.2,3805,-87.2,4.6,-0.404091,996.5,40.8,0.26256198
15,3803,121.2,-2,0.057045,996.5,40.8,0.26256198
654.1,3782.6,639.1,-20.4,2.4741987,996.7,40.8,0.26241397
691.2,3781.4,37.1,-1.2,2.6137037,996.9,40.8,0.26226597
16,3804.3,-675.2,22.9,0.0608688,996.9,40.8,0.26226597
-275.1,3814.6,-291.1,10.3,-1.0493965,996.8,40.8,0.26233997
-161,3812.1,114.1,-2.5,-0.6137481,996.8,40.8,0.26233997
342,3796.8,503,-15.3,1.2985056,996.8,40.8,0.26233997
508.1,3791.4,166.1,-5.4,1.9264103,997,40.8,0.26219196
594,3788.6,85.9,-2.8,2.2504284,997.2,40.8,0.26204396
726.1,3784.1,132.1,-4.5,2.747635,997.4,40.8,0.26189595
1095.3,3771.5,369.2,-12.6,4.1309239,997.7,40.8,0.26167394
1694.3,3750.6,599,-20.9,6.3546416,998.1,40.8,0.26137793
2488.5,3722.6,794.2,-28,9.2636901,998.8,40.8,0.26085991
2927.5,3705.5,439,-17.1,10.847851,999.6,40.8,0.26026789
2976.6,3701.5,49.1,-4,11.017885,1000.5,40.8,0.25960186
2983.6,3699.1,7,-2.4,11.036635,1001.3,40.8,0.25900984
2979.7,3697.3,-3.9,-1.8,11.016845,1002.1,40.8,0.25841782
2987.8,3695.4,8.1,-1.9,11.041116,1002.9,40.8,0.2578258
2994.6,3693.5,6.8,-1.9,11.060555,1003.8,40.8,0.25715977
2992.7,3692.1,-1.9,-1.4,11.049348,1004.6,40.8,0.25656775
2989.8,3690.6,-2.9,-1.5,11.034156,1005.4,40.8,0.25597573
2967.7,3689.9,-22.1,-0.7,10.950516,1006.3,40.8,0.2553097
2364.6,3708.8,-603.1,18.9,8.7698285,1006.9,40.8,0.25486568
1429.5,3739.9,-935.1,31.1,5.3461871,1007.3,40.8,0.25456967
832.3,3760.8,-597.2,20.9,3.1301138,1007.6,40.8,0.25434767
968.2,3757.4,135.9,-3.4,3.6379147,1007.8,40.8,0.25419966
1374.4,3744.3,406.2,-13.1,5.1461659,1008.2,40.8,0.25390365
1305.4,3746.5,-69,2.2,4.8906811,1008.6,40.8,0.25360764
1470.3,3741,164.9,-5.5,5.5003923,1009,40.8,0.25331163
1638.4,3735.1,168.1,-5.9,6.1195878,1009.4,40.8,0.25301561
1560.5,3737.3,-77.9,2.2,5.8320567,1009.9,40.8,0.2526456
1412.3,3742.1,-148.2,4.8,5.2849678,1010.3,40.8,0.25234959
1418.3,3742,6,-0.1,5.3072786,1010.6,40.8,0.25212758
1594.4,3736,176.1,-6,5.9566784,1011.1,40.8,0.25175757
1791.5,3729,197.1,-7,6.6805035,1011.6,40.8,0.25138755
1834.3,3726.9,42.8,-2.1,6.8362527,1012.1,40.8,0.25101754
1891.4,3724.5,57.1,-2.4,7.0445193,1012.6,40.8,0.25064752
1896.5,3723.7,5.1,-0.8,7.0619971,1013.2,40.8,0.25020351
1985.5,3720.2,89,-3.5,7.3864571,1013.7,40.8,0.24983349
1408.4,3739.1,-577.1,18.9,5.2661484,1014.1,40.8,0.24953748
408.2,3773.1,-1000.2,34,1.5401794,1014.2,40.8,0.24946348
-48,3789.4,-456.2,16.3,-0.1818912,1014.2,40.8,0.24946348
-308.1,3800,-260.1,10.6,-1.17078,1014.1,40.8,0.24953748
-515.2,3808.9,-207.1,8.9,-1.9623453,1014,40.8,0.24961149
-281.1,3802.9,234.1,-6,-1.0689952,1013.9,40.8,0.24968549
305,3785.1,586.1,-17.8,1.1544555,1014,40.8,0.24961149
992.1,3762.3,687.1,-22.8,3.7325778,1014.2,40.8,0.24946348
1480.3,3745.4,488.2,-16.9,5.5443156,1014.7,40.8,0.24909347
1229.4,3752.8,-250.9,7.4,4.6136923,1015,40.9,0.24887146
710.1,3769.9,-519.3,17.1,2.677006,1015.2,40.9,0.24872345
627.3,3773.2,-82.8,3.3,2.3669284,1015.4,40.9,0.24857545
477.1,3778.6,-150.2,5.4,1.8027701,1015.5,40.9,0.24850144
12,3794.9,-465.1,16.3,0.0455388,1015.5,40.9,0.24850144
-166.1,3801.4,-178.1,6.5,-0.63141254,1015.5,40.9,0.24850144
19,3797.1,185.1,-4.3,0.0721449,1015.5,40.9,0.24850144
764.1,3772.7,745.1,-24.4,2.8827201,1015.7,40.9,0.24835344
1369.4,3752.1,605.3,-20.6,5.1381257,1016,40.9,0.24813143
1366.2,3751.1,-3.2,-1,5.1247528,1016.4,40.9,0.24783542
1140.4,3758,-225.8,6.9,4.2856232,1016.7,40.9,0.24761341
1164.2,3756.8,23.8,-1.2,4.3736666,1017.1,40.9,0.2473174
612.3,3775,-551.9,18.2,2.3114325,1017.2,40.9,0.2472434
64,3794.1,-548.3,19.1,0.2428224,1017.3,40.9,0.24716939
778.3,3771.1,714.3,-23,2.9350471,1017.5,40.9,0.24702139
1739.3,3738.6,961,-32.5,6.502547,1018,40.9,0.24665137
1890.4,3732,151.1,-6.6,7.0549728,1018.5,40.9,0.24628136
1894.5,3730.6,4.1,-1.4,7.0676217,1019,40.9,0.24591134
1761.5,3734,-133,3.4,6.577441,1019.5,40.9,0.24554133
1670.4,3736.2,-91.1,2.2,6.2409485,1020,40.9,0.24517132
1510.4,3740.9,-160,4.7,5.6502554,1020.4,40.9,0.24487531
1517.3,3740.2,6.9,-0.7,5.6750055,1020.8,40.9,0.24457929
1636.4,3735.8,119.1,-4.4,6.1132631,1021.3,40.9,0.24420928
1716.4,3732.6,80,-3.2,6.4066346,1021.7,40.9,0.24391327
1733.4,3731.2,17,-1.4,6.4676621,1022.2,40.9,0.24354325
1765.5,3729.6,32.1,-1.6,6.5846088,1022.7,40.9,0.24317324
1942.5,3722.9,177,-6.7,7.2317332,1023.2,40.9,0.24280323
1802.6,3726.9,-139.9,4,6.7181099,1023.7,40.9,0.24243321
1723.4,3729,-79.2,2.1,6.4265586,1024.2,40.9,0.2420632
1698.5,3729.3,-24.9,0.3,6.334216,1024.7,40.9,0.24169318
1476.4,3736.3,-222.1,7,5.5162733,1025.1,40.9,0.24139717
629.4,3764.8,-847,28.5,2.3695651,1025.3,40.9,0.24124917
1454.3,3737.9,824.9,-26.9,5.436028,1025.7,40.9,0.24095316
2224.4,3711.4,770.1,-26.5,8.2556382,1026.3,40.9,0.24050914
1364.5,3739.1,-859.9,27.7,5.102002,1026.7,40.9,0.24021313
1298.4,3741.3,-66.1,2.2,4.8577039,1027,40.9,0.23999112
1217.4,3744.1,-81,2.8,4.5580673,1027.4,40.9,0.23969511
1238.3,3743.4,20.9,-0.7,4.6354522,1027.7,40.9,0.2394731
1300.3,3741.3,62,-2.1,4.8648124,1028.1,40.9,0.23917709
1233.3,3743.5,-67,2.2,4.6168585,1028.4,40.9,0.23895508
1029.3,3750.3,-204,6.8,3.8601838,1028.7,40.9,0.23873307
914.5,3754.4,-114.8,4.1,3.4333988,1029,40.9,0.23851106
1019.1,3751.2,104.6,-3.2,3.8228479,1029.2,40.9,0.23836306
1090.3,3748.9,71.2,-2.3,4.0874257,1029.6,40.9,0.23806705
1177.4,3745.9,87.1,-3,4.4104227,1029.9,40.9,0.23784504
738.3,3760.6,-439.1,14.7,2.776451,1030.1,40.9,0.23769703
-308.1,3795.8,-1046.4,35.2,-1.169486,1030,40.9,0.23777104
-148,3792.4,160.1,-3.4,-0.5612752,1030,40.9,0.23777104
772.1,3763.3,920.1,-29.1,2.9056439,1030.2,40.9,0.23762303
379.3,3776.4,-392.8,13.1,1.4323885,1030.3,40.9,0.23754903
309,3779.3,-70.3,2.9,1.1678037,1030.4,40.9,0.23747502
340.1,3778.9,31.1,-0.4,1.2852039,1030.5,40.9,0.23740102
538.1,3772.8,198,-6.1,2.0301437,1030.6,40.9,0.23732702
1021.2,3756.7,483.1,-16.1,3.836342,1030.9,40.9,0.23710501
1175.1,3750.9,153.9,-5.8,4.4076826,1031.2,40.9,0.236883
1312.4,3745.8,137.3,-5.1,4.9159879,1031.6,40.9,0.23658699
1579.3,3736,266.9,-9.8,5.9002648,1032,40.9,0.23629098
1681.4,3731.7,102.1,-4.3,6.2744804,1032.5,40.9,0.23592096
1732.5,3729.1,51.1,-2.6,6.4606657,1033,40.9,0.23555095
1642.4,3731.2,-90.1,2.1,6.1281229,1033.4,40.9,0.23525494
1257.5,3743.5,-384.9,12.3,4.7074513,1033.8,40.9,0.23495893
964.2,3753.3,-293.3,9.8,3.6189319,1034,40.9,0.23481092
960.2,3753.7,-4,0.4,3.6043027,1034.3,40.9,0.23458891
1320.4,3741.7,360.2,-12,4.9405407,1034.7,40.9,0.2342929
-191.2,3791.6,-1511.6,49.9,-0.72495392,1034.6,40.9,0.23436691
-1274.2,3830.1,-1083,38.5,-4.8803134,1034.3,40.9,0.23458891
-622.1,3811.1,652.1,-19,-2.3708853,1034.1,40.9,0.23473692
1027.1,3757.7,1649.2,-53.4,3.8595337,1034.4,40.9,0.23451491
1734.4,3732.8,707.3,-24.9,6.4741683,1034.9,40.9,0.2341449
1618.4,3735,-116,2.2,6.044724,1035.3,40.9,0.23384889
1245.5,3746.5,-372.9,11.5,4.6662657,1035.7,40.9,0.23355288
1203.3,3747.5,-42.2,1,4.5093667,1036,40.9,0.23333087
967.2,3755.1,-236.1,7.6,3.6319327,1036.3,40.9,0.23310886
796.3,3760.9,-170.9,5.8,2.9948047,1036.5,40.9,0.23296085
868,3758.6,71.7,-2.3,3.2624648,1036.7,40.9,0.23281285
774.3,3761.9,-93.7,3.3,2.9128392,1036.9,40.9,0.23266484
386.1,3775.1,-388.2,13.2,1.4575661,1037,40.9,0.23259084
284.2,3779.2,-101.9,4.1,1.0740486,1037.1,40.9,0.23251684
180.1,3783.4,-104.1,4.2,0.68139034,1037.2,40.9,0.23244283
71,3787.9,-109.1,4.5,0.2689409,1037.2,40.9,0.23244283
242.1,3782.9,171.1,-5,0.91584009,1037.3,40.9,0.23236883
526.1,3773.8,284,-9.1,1.9853962,1037.4,40.9,0.23229483
1119.2,3753.8,593.1,-20,4.201253,1037.7,40.9,0.23207282
1838.5,3728.8,719.3,-25,6.8553988,1038.2,40.9,0.2317028
2019.4,3721,180.9,-7.8,7.5141874,1038.8,40.9,0.23125879
1709.5,3729.9,-309.9,8.9,6.3762641,1039.3,40.9,0.23088877
1266.4,3744,-443.1,14.1,4.7414016,1039.6,40.9,0.23066677
943.2,3754.7,-323.2,10.7,3.541433,1039.9,40.9,0.23044476
1109.3,3749.2,166.1,-5.5,4.1589876,1040.2,40.9,0.23022275
1269.2,3743.6,159.9,-5.6,4.7513771,1040.6,40.9,0.22992674
1222.4,3744.8,-46.8,1.2,4.5776435,1040.9,40.9,0.22970473
1371.3,3739.4,148.9,-5.4,5.1278392,1041.3,40.9,0.22940872
1712.5,3727.4,341.2,-12,6.3831725,1041.8,40.9,0.2290387
1899.4,3720.2,186.9,-7.2,7.0661479,1042.3,40.9,0.22866869
2182.5,3709.7,283.1,-10.5,8.0964203,1042.9,40.9,0.22822467
2264.5,3705.7,82,-4,8.3915577,1043.5,40.9,0.22778066
2141.7,3708.5,-122.8,2.8,7.9424945,1044.1,40.9,0.22733664
1767.4,3720,-374.3,11.5,6.574728,1044.6,40.9,0.22696662
-47,3780.2,-1814.4,60.2,-0.1776694,1044.6,40.9,0.22696662
-607,3801.2,-560,21,-2.3073284,1044.4,40.9,0.22711463
-263.1,3792,343.9,-9.2,-0.9976752,1044.4,40.9,0.22711463
22,3784.4,285.1,-7.6,0.0832568,1044.4,40.9,0.22711463
249.2,3777.6,227.2,-6.8,0.94137792,1044.4,40.9,0.22711463
360,3774.4,110.8,-3.2,1.358784,1044.5,40.9,0.22704063
793.2,3760.1,433.2,-14.3,2.9825113,1044.7,40.9,0.22689262
1414.2,3738.8,621,-21.3,5.287411,1045.1,40.9,0.22659661
1749.5,3726.4,335.3,-12.4,6.5193368,1045.6,40.9,0.2262266
1809.4,3723,59.9,-3.4,6.7363962,1046.1,40.9,0.22585658
1921.6,3718,112.2,-5,7.1445088,1046.7,40.9,0.22541257
2015.4,3713.7,93.8,-4.3,7.484591,1047.2,40.9,0.22504255
1545.6,3728.4,-469.8,14.7,5.762615,1047.6,40.9,0.22474654
804.2,3753,-741.4,24.6,3.0181626,1047.9,40.9,0.22452453
1132.4,3742.5,328.2,-10.5,4.238007,1048.2,40.9,0.22430252
1982.5,3713.7,850.1,-28.8,7.3624102,1048.7,40.9,0.22393251
1596.5,3725.5,-386,11.8,5.9477607,1049.2,40.9,0.2235625
1149.3,3740,-447.2,14.5,4.298382,1049.5,40.9,0.22334049
1180.3,3739.1,31,-0.9,4.4132597,1049.8,40.9,0.22311848
1077.2,3742.5,-103.1,3.4,4.031421,1050.1,40.9,0.22289647
1239.3,3737.1,162.1,-5.4,4.631388,1050.5,40.9,0.22260046
1698.3,3721.4,459,-15.7,6.3200536,1050.9,40.9,0.22230445
2087.4,3707.4,389.1,-14,7.7388268,1051.5,40.9,0.22186043
2265.7,3700.2,178.3,-7.2,8.3835431,1052.1,40.9,0.22141641
2416.4,3693.8,150.7,-6.4,8.9256983,1052.8,40.9,0.22089839
2456.6,3691.1,40.2,-2.7,9.0675563,1053.5,40.9,0.22038037
2448.6,3690,-8,-1.1,9.035334,1054.2,40.9,0.21986235
943.3,3739.7,-1505.3,49.7,3.527659,1054.4,40.9,0.21971435
-1021.2,3806.4,-1964.5,66.7,-3.8870957,1054.2,40.9,0.21986235
-1430.1,3823.9,-408.9,17.5,-5.4685594,1053.8,41,0.22015837
-1139.4,3817.4,290.7,-6.5,-4.3495456,1053.5,41,0.22038037
-975.2,3814.3,164.2,-3.1,-3.7197054,1053.2,41,0.22060238
-588.1,3803.2,387.1,-11.1,-2.2366619,1053,41,0.22075039
35,3784.1,623.1,-19.1,0.1324435,1053,41,0.22075039
1169.2,3746.2,1134.2,-37.9,4.380057,1053.3,41,0.22052838
2121.4,3712.7,952.2,-33.5,7.8761218,1053.9,41,0.22008436
2785.6,3687.9,664.2,-24.8,10.273014,1054.7,41,0.21949234
2875.7,3682,90.1,-5.9,10.588327,1055.5,41,0.21890032
2809.6,3681.7,-66.1,-0.3,10.344104,1056.3,41,0.2183083
2827.7,3679,18.1,-2.7,10.403108,1057,41,0.21779028
2807.7,3677.9,-20,-1.1,10.32644,1057.8,41,0.21719825
2558.7,3684.7,-249,6.8,9.4280419,1058.5,41,0.21668023
2364.7,3690,-194,5.3,8.725743,1059.2,41,0.21616221
2123.6,3697.2,-241.1,7.2,7.8513739,1059.8,41,0.2157182
1898.6,3704.2,-225,7,7.0327941,1060.3,41,0.21534818
1866.5,3704.9,-32.1,0.7,6.9151958,1060.8,41,0.21497817
2103.5,3696.3,237,-8.6,7.775167,1061.4,41,0.21453415
1972.7,3700,-130.8,3.7,7.29899,1062,41,0.21409014
1812.4,3704.9,-160.3,4.9,6.7147608,1062.5,41,0.21372012
1568.4,3712.8,-244,7.9,5.8231555,1062.9,41,0.21342411
165.2,3760.3,-1403.2,47.5,0.62120156,1062.9,41,0.21342411
-128,3771.4,-293.2,11.1,-0.4827392,1063,41,0.21335011
443.1,3754.7,571.1,-16.7,1.6637076,1063.1,41,0.2132761
957.2,3738.1,514.1,-16.6,3.5781093,1063.3,41,0.2131281
1092.3,3733.3,135.1,-4.8,4.0778836,1063.6,41,0.21290609
937.2,3738.4,-155.1,5.1,3.5036285,1063.9,41,0.21268408
774.3,3744.1,-162.9,5.7,2.8990566,1064.1,41,0.21253608
868.1,3741.2,93.8,-2.9,3.2477357,1064.3,41,0.21238807
922.3,3739.6,54.2,-1.6,3.4490331,1064.6,41,0.21216606
785.1,3744.4,-137.2,4.8,2.9397284,1064.8,41,0.21201806
314.2,3760.6,-470.9,16.2,1.1815805,1064.9,41,0.21194405
236,3764.1,-78.2,3.5,0.8883276,1065,41,0.21187005
665,3750.5,429,-13.6,2.4940825,1065.2,41,0.21172205
949.1,3741.1,284.1,-9.4,3.550678,1065.4,41,0.21157404
776.3,3746.7,-172.8,5.6,2.9085632,1065.6,41,0.21142603
513.1,3755.7,-263.2,9,1.9270497,1065.8,41,0.21127803
571.2,3754.3,58.1,-1.4,2.1444562,1065.9,41,0.21120403
858.1,3744.9,286.9,-9.4,3.2134987,1066.2,41,0.21098202
962.3,3741.2,104.2,-3.7,3.6001568,1066.4,41,0.21083401
715.2,3749.4,-247.1,8.2,2.6815709,1066.6,41,0.21068601
288.2,3764,-427,14.6,1.0847848,1066.7,41,0.210612
434,3759.9,145.8,-4.1,1.6317966,1066.8,41,0.210538
728.1,3750.4,294.1,-9.5,2.7306662,1067,41,0.21038999
870.2,3745.6,142.1,-4.8,3.2594211,1067.3,41,0.21016799
1113.2,3737.2,243,-8.4,4.160251,1067.6,41,0.20994598
1657.4,3718.3,544.2,-18.9,6.1627104,1068.1,41,0.20957596
2331.4,3694.3,674,-24,8.612891,1068.7,41,0.20913195
2438.6,3688.8,107.2,-5.5,8.9955077,1069.4,41,0.20861393
2361.7,3689.6,-76.9,0.8,8.7137283,1070,41,0.20816991
1777.6,3707.9,-584.1,18.3,6.591163,1070.5,41,0.2077999
1089.2,3730.6,-688.4,22.7,4.0633695,1070.8,41,0.20757789
459.2,3752.4,-630,21.8,1.7231021,1071,41,0.20742988
321.1,3758.1,-138.1,5.7,1.2067259,1071,41,0.20742988
897.2,3739.7,576.1,-18.4,3.3552588,1071.3,41,0.20720787
698.1,3746.3,-199.1,6.6,2.615292,1071.5,41,0.20705987
1965.5,3703.8,1267.4,-42.5,7.2798189,1072,41,0.20668985
2101.5,3697.5,136,-6.3,7.7702963,1072.6,41,0.20624584
2,3767.2,-2099.5,69.7,0.0075344,1072.6,41,0.20624584
-53,3770.3,-55,3.1,-0.1998259,1072.6,41,0.20624584
441.1,3755.7,494.1,-14.6,1.6566393,1072.7,41,0.20617183
758.1,3745.4,317,-10.3,2.8393877,1072.9,41,0.20602383
716.4,3746.8,-41.7,1.4,2.6842075,1073.1,41,0.20587582
449.1,3756,-267.3,9.2,1.6868196,1073.3,41,0.20572782
86,3768.8,-363.1,12.8,0.3241168,1073.3,41,0.20572782
185.9,3766.3,99.9,-2.5,0.70015517,1073.3,41,0.20572782
757.2,3747.7,571.3,-18.6,2.8377584,1073.6,41,0.20550581
1480.3,3723,723.1,-24.7,5.5111569,1074,41,0.2052098
1452.4,3722.7,-27.9,-0.3,5.4068495,1074.4,41,0.20491379
329.2,3759.8,-1123.2,37.1,1.2377262,1074.5,41,0.20483978
22,3771.2,-307.2,11.4,0.0829664,1074.5,41,0.20483978
89,3770.1,67,-1.1,0.3355389,1074.5,41,0.20483978
96,3770.6,7,0.5,0.3619776,1074.5,41,0.20483978
654.1,3752.5,558.1,-18.1,2.4545103,1074.7,41,0.20469178
484,3758,-170.1,5.5,1.818872,1074.8,41,0.20461778
-132,3778.4,-616,20.4,-0.4987488,1074.8,41,0.20461778
-301,3785.3,-169,6.9,-1.1393753,1074.7,41,0.20469178
-218.1,3783.6,82.9,-1.7,-0.82520316,1074.7,41,0.20469178
29,3776.8,247.1,-6.8,0.1095272,1074.7,41,0.20469178
475.1,3762.3,446.1,-14.5,1.7874687,1074.8,41,0.20461778
125.2,3773.9,-349.9,11.6,0.47249228,1074.8,41,0.20461778
-83,3780.8,-208.2,6.9,-0.3138064,1074.8,41,0.20461778
-39,3780.1,44,-0.7,-0.1474239,1074.8,41,0.20461778
-57,3781.2,-18,1.1,-0.2155284,1074.8,41,0.20461778
142,3775.7,199,-5.5,0.5361494,1074.8,41,0.20461778
175.1,3774.9,33.1,-0.8,0.66098499,1074.9,41,0.20454377
132.2,3776.6,-42.9,1.7,0.49926652,1074.9,41,0.20454377
1082.1,3744.8,949.9,-31.8,4.0522481,1075.2,41,0.20432176
1325.2,3735.4,243.1,-9.4,4.9501521,1075.6,41,0.20402575
1186.3,3738.9,-138.9,3.5,4.4354571,1075.9,41,0.20380374
1459.4,3728.8,273.1,-10.1,5.4418107,1076.3,41,0.20350773
1747.4,3717.8,288,-11,6.4964837,1076.8,41,0.20313772
1471.5,3725.7,-275.9,7.9,5.4823676,1077.2,41,0.20284171
408.1,3760.7,-1063.4,35,1.5347417,1077.3,41,0.20276771
1170.2,3735.8,762.1,-24.9,4.3716332,1077.6,41,0.2025457
2059.6,3705,889.4,-30.8,7.630818,1078.2,41,0.20210168
1144.4,3734,-915.2,29,4.2731896,1078.5,41,0.20187967
900.3,3742,-244.1,8,3.3689226,1078.8,41,0.20165766
655.3,3750.4,-245,8.4,2.4576371,1079,41,0.20150966
632.1,3751.4,-23.2,1,2.3712599,1079.1,41,0.20143565
1123.3,3735.1,491.2,-16.3,4.1956378,1079.5,41,0.20113964
1262.2,3729.8,138.9,-5.3,4.7077536,1079.8,41,0.20091763
1003.3,3737.8,-258.9,8,3.7501347,1080.1,41,0.20069563
910.2,3740.8,-93.1,3,3.4048762,1080.3,41,0.20054762
342.2,3759.9,-568,19.1,1.2866378,1080.4,41,0.20047362
128.2,3767.9,-214,8,0.48304478,1080.5,41,0.20039962
342,3761.5,213.8,-6.4,1.286433,1080.6,41,0.20032561
36,3772.2,-306,10.7,0.1357992,1080.6,41,0.20032561
-139.1,3778.4,-175.1,6.2,-0.52557544,1080.5,41,0.20039962
-177.1,3780.7,-38,2.3,-0.66956197,1080.5,41,0.20039962
-33,3776.7,144.1,-4,-0.1246311,1080.5,41,0.20039962
-12,3776.6,21,-0.1,-0.0453192,1080.5,41,0.20039962
135.9,3772.8,147.9,-3.8,0.51272352,1080.5,41,0.20039962
533,3759.7,397.1,-13.1,2.0039201,1080.7,41,0.20025161
744.1,3752.2,211.1,-7.5,2.792012,1080.9,41,0.2001036
841.2,3748.4,97.1,-3.8,3.1531541,1081.1,41,0.1999556
858.3,3747.4,17.1,-1,3.2163934,1081.3,41,0.19980759
933.1,3744.3,74.8,-3.1,3.4938063,1081.6,41,0.19958558
921.2,3744.2,-11.9,-0.1,3.449157,1081.8,41,0.19943758
956.2,3742.6,35,-1.6,3.5786741,1082.1,41,0.19921557
1338.4,3729.3,382.2,-13.3,4.9912951,1082.5,41,0.19891956
2421.6,3691.7,1083.2,-37.6,8.9398207,1083.2,41,0.19840154
2876.6,3674,455,-17.7,10.568628,1084,41,0.19780952
1978.6,3701.7,-898,27.7,7.3241836,1084.5,41,0.1974395
914.5,3736.7,-1064.1,35,3.4172121,1084.8,41,0.19721749
942.2,3736.2,27.7,-0.5,3.5202476,1085,41,0.19706949
936.3,3736.5,-5.9,0.3,3.4984849,1085.3,41,0.19684748
1014.1,3733.9,77.8,-2.6,3.786548,1085.6,41,0.19662547
1079.3,3731.5,65.2,-2.4,4.0274079,1085.9,41,0.19640346
1066.2,3731.7,-13.1,0.2,3.9787385,1086.2,41,0.19618145
1070.3,3731.4,4.1,-0.3,3.9937174,1086.5,41,0.19595945
1074.3,3731,4,-0.4,4.0082133,1086.8,41,0.19573744
1079.2,3730.5,4.9,-0.5,4.0259556,1087.1,41,0.19551543
1118.4,3729.1,39.2,-1.4,4.1706254,1087.4,41,0.19529342
1306.3,3722.4,187.9,-6.7,4.8625711,1087.7,41,0.19507141
1449.3,3717.1,143,-5.3,5.387193,1088.1,41,0.1947754
1515.4,3714.2,66.1,-2.9,5.6284987,1088.6,41,0.19440539
1540.4,3712.6,25,-1.6,5.718889,1089,41,0.19410938
1571.4,3710.9,31,-1.7,5.8313083,1089.4,41,0.19381336
1570.4,3710.3,-1,-0.6,5.8266551,1089.9,41,0.19344335
1466.5,3713.1,-103.9,2.8,5.4452611,1090.3,41,0.19314734
1451.3,3713.2,-15.2,0.1,5.3889672,1090.7,41,0.19285133
1362.4,3715.7,-88.9,2.5,5.0622697,1091,41,0.19262932
1223.3,3720,-139.1,4.3,4.550676,1091.4,41,0.19233331
1246.3,3719.2,23,-0.8,4.635239,1091.7,41,0.1921113
1217.3,3719.9,-29,0.7,4.5282343,1092.1,41,0.19181529
1184.2,3720.9,-33.1,1,4.4062898,1092.4,41,0.19159328
1153.3,3721.7,-30.9,0.8,4.2922366,1092.7,41,0.19137127
1108.4,3723.1,-44.9,1.4,4.126684,1093,41,0.19114926
1167.2,3721,58.8,-2.1,4.3431512,1093.3,41,0.19092726
1052.3,3724.7,-114.9,3.7,3.9195018,1093.6,41,0.19070525
1115.3,3722.6,63,-2.1,4.1518158,1094,41,0.19040924
644.3,3738.4,-471,15.8,2.4086511,1094.1,41,0.19033523
-112.2,3763.9,-756.5,25.5,-0.42230958,1094.1,41,0.19033523
-131,3766.1,-18.8,2.2,-0.4933591,1094.1,41,0.19033523
237,3755.5,368,-10.6,0.8900535,1094.1,41,0.19033523
1163.2,3724.6,926.2,-30.9,4.3324547,1094.4,41,0.19011322
1729.3,3704.5,566.1,-20.1,6.4061918,1094.9,41,0.18974321
1666.4,3705.3,-62.9,0.8,6.1745119,1095.4,41,0.1893732
1938.5,3695.1,272.1,-10.2,7.1629513,1095.9,41,0.18900318
2204.4,3684.9,265.9,-10.2,8.1229936,1096.5,41,0.18855917
1843.6,3695.6,-360.8,10.7,6.8132082,1097.1,41,0.18811515
394.3,3744,-1449.3,48.4,1.4762592,1097.2,41,0.18804115
-378.1,3770.7,-772.4,26.7,-1.4257017,1097.1,41,0.18811515
-460.9,3775.6,-82.8,4.9,-1.740174,1096.9,41,0.18826315
-547.2,3780.3,-86.3,4.7,-2.0685802,1096.8,41,0.18833716
-713.1,3787.6,-165.9,7.3,-2.7009376,1096.6,41,0.18848516
-749.1,3790.7,-36,3.1,-2.8396134,1096.4,41,0.18863317
-739.3,3792,9.8,1.3,-2.8034256,1096.2,41,0.18878117
-700.1,3792.1,39.2,0.1,-2.6548492,1096,41,0.18892918
-680.2,3792.8,19.9,0.7,-2.5798626,1095.8,41,0.18907718
-687.1,3794.2,-6.9,1.4,-2.6069948,1095.6,41,0.18922519
-671.2,3794.9,15.9,0.7,-2.5471369,1095.4,41,0.1893732
-624.1,3794.5,47.1,-0.4,-2.3681474,1095.3,41,0.1894472
-606.3,3794.9,17.8,0.4,-2.3008479,1095.1,41,0.1895952
-806.2,3802.7,-199.9,7.8,-3.0657367,1094.9,41,0.18974321
-1081.1,3813.2,-274.9,10.5,-4.1224505,1094.6,41,0.18996522
-994.2,3811.8,86.9,-1.4,-3.7896916,1094.3,41,0.19018723
-557.3,3798.3,436.9,-13.5,-2.1167926,1094.1,41,0.19033523
-296.1,3790.1,261.2,-8.2,-1.1222486,1094,41,0.19040924
-311,3790.9,-14.9,0.8,-1.1789699,1094,41,0.19040924
-1140.3,3819.3,-829.3,28.4,-4.3551478,1093.6,41,0.19070525
-1465.3,3831.9,-325,12.6,-5.6148831,1093.2,41,0.19100126
-1283.3,3827.7,182,-4.2,-4.9120874,1092.9,41,0.19122327
-893.2,3815.9,390.1,-11.8,-3.4083619,1092.6,41,0.19144527
-700.3,3810.2,192.9,-5.7,-2.6682831,1092.4,41,0.19159328
-487.1,3803.5,213.2,-6.7,-1.8526848,1092.3,41,0.19166728
-204.2,3794.3,282.9,-9.2,-0.77479606,1092.2,41,0.19174129
-20,3788,184.2,-6.3,-0.07576,1092.2,41,0.19174129
32,3786.6,52,-1.4,0.1211712,1092.2,41,0.19174129
32,3786.4,0,-0.2,0.1211648,1092.2,41,0.19174129
32,3786.2,0,-0.2,0.1211584,1092.3,41,0.19166728
32,3786.1,0,-0.1,0.1211552,1092.3,41,0.19166728
284.1,3777.6,252.1,-8.5,1.0732162,1092.3,41,0.19166728
1523.3,3735.3,1239.2,-42.3,5.6899825,1092.8,41,0.19129727
880.2,3754.8,-643.1,19.5,3.304975,1093,41,0.19114926
532.2,3765.5,-348,10.7,2.0039991,1093.2,41,0.19100126
264.1,3774.3,-268.1,8.8,0.99679263,1093.2,41,0.19100126
173.1,3777.4,-91,3.1,0.65386794,1093.3,41,0.19092726
291.1,3773.6,118,-3.8,1.098495,1093.4,41,0.19085325
518.1,3765.8,227,-7.8,1.951061,1093.5,41,0.19077925
846.1,3754.1,328,-11.7,3.176344,1093.7,41,0.19063124
520.2,3764.2,-325.9,10.1,1.9581368,1093.9,41,0.19048324
531.1,3763.6,10.9,-0.6,1.998848,1094,41,0.19040924
836.2,3752.9,305.1,-10.7,3.138175,1094.3,41,0.19018723
1064.2,3744.4,228,-8.5,3.9847905,1094.6,41,0.18996522
1399.2,3732,335,-12.4,5.2218144,1094.9,41,0.18974321
1248.4,3735.6,-150.8,3.6,4.663523,1095.3,41,0.1894472
1060.2,3740.9,-188.2,5.3,3.9661022,1095.6,41,0.18922519
1440.4,3727.3,380.2,-13.6,5.3688029,1096,41,0.18892918
1565.4,3721.8,125,-5.5,5.8261057,1096.4,41,0.18863317
1211.3,3732.4,-354.1,10.6,4.5210561,1096.8,41,0.18833716
788.4,3746,-422.9,13.6,2.9533464,1097,41,0.18818915
206.1,3765.5,-582.3,19.5,0.77606955,1097,41,0.18818915
222.1,3765.7,16,0.2,0.83636197,1097.1,41,0.18811515
-45,3774.6,-267.1,8.9,-0.169857,1097.1,41,0.18811515
-32,3774.8,13,0.2,-0.1207936,1097.1,41,0.18811515
310.1,3764.6,342.1,-10.2,1.1674025,1097.2,41,0.18804115
187.1,3768.8,-123,4.2,0.70514248,1097.2,41,0.18804115
504.1,3758.3,317,-10.5,1.894559,1097.3,41,0.18796714
346,3763.3,-158.1,5,1.3021018,1097.4,41,0.18789314
272,3765.8,-74,2.5,1.0242976,1097.5,41,0.18781914
-27,3775.5,-299,9.7,-0.1019385,1097.5,41,0.18781914
-754.2,3800.7,-727.2,25.2,-2.8664879,1097.3,41,0.18796714
-515.2,3794.2,239,-6.5,-1.9547718,1097.2,41,0.18804115
-168.1,3783.4,347.1,-10.8,-0.63598954,1097.1,41,0.18811515
-159.1,3783.4,9,0,-0.60193894,1097.1,41,0.18811515
377.1,3766.5,536.2,-16.9,1.4203472,1097.2,41,0.18804115
1130.2,3740.5,753.1,-26,4.2275131,1097.5,41,0.18781914
1461.3,3727.8,331.1,-12.7,5.4474341,1097.9,41,0.18752313
1558.3,3722.7,97,-5.1,5.8010834,1098.3,40.9,0.18722711
1713.4,3715.9,155.1,-6.8,6.3668231,1098.8,40.9,0.1868571
1410.4,3724.5,-303,8.6,5.2530348,1099.2,40.9,0.18656109
1489.4,3720.8,79,-3.7,5.5417595,1099.6,40.9,0.18626508
1737.4,3711.3,248,-9.5,6.4480126,1100.1,40.9,0.18589506
1306.3,3724.4,-431.1,13.1,4.8651837,1100.4,40.9,0.18567306
1204.5,3727.2,-101.8,2.8,4.4894124,1100.8,40.9,0.18537704
659.2,3745.1,-545.3,17.9,2.4687699,1101,40.9,0.18522904
147.2,3762.8,-512,17.7,0.55388416,1101,40.9,0.18522904
2,3768.6,-145.2,5.8,0.0075372,1101,40.9,0.18522904
185,3763.3,183,-5.3,0.6962105,1101.1,40.9,0.18515504
52,3768.2,-133,4.9,0.1959464,1101.1,40.9,0.18515504
-69,3772.2,-121,4,-0.2602818,1101.1,40.9,0.18515504
-125.2,3774.8,-56.2,2.6,-0.47260496,1101,40.9,0.18522904
-65,3773.5,60.2,-1.3,-0.2452775,1101,40.9,0.18522904
-10,3772.1,55,-1.4,-0.037721,1101,40.9,0.18522904
-115,3776.2,-105,4.1,-0.434263,1101,40.9,0.18522904
-64,3775,51,-1.2,-0.2416,1101,40.9,0.18522904
-128.1,3777.6,-64.1,2.6,-0.48391056,1100.9,40.9,0.18530304
124,3770.2,252.1,-7.4,0.4675048,1101,40.9,0.18522904
690.1,3751.1,566.1,-19.1,2.5886341,1101.1,40.9,0.18515504
514.1,3756.3,-176,5.2,1.9311138,1101.3,40.9,0.18500703
655.2,3751.3,141.1,-5,2.4578518,1101.5,40.9,0.18485902
598.1,3752.7,-57.1,1.4,2.2444899,1101.6,40.9,0.18478502
663.2,3750.3,65.1,-2.4,2.487199,1101.8,40.9,0.18463702
852.2,3743.5,189,-6.8,3.1902107,1102.1,40.9,0.18441501
565.2,3752.5,-287,9,2.120913,1102.2,40.9,0.184341
-281.1,3780.5,-846.3,28,-1.0626986,1102.1,40.9,0.18441501
-317.1,3782.8,-36,2.3,-1.1995259,1102.1,40.9,0.18441501
-278.1,3782.5,39,-0.3,-1.0519133,1102,40.9,0.18448901
-408.2,3787.7,-130.1,5.2,-1.5461391,1101.9,40.9,0.18456301
-150.1,3779.8,258.1,-7.9,-0.56734798,1101.8,40.9,0.18463702
-56,3777.1,94.1,-2.7,-0.2115176,1101.8,40.9,0.18463702
203,3769.2,259,-7.9,0.7651476,1101.9,40.9,0.18456301
581,3756.2,378,-13,2.1823522,1102,40.9,0.18448901
530.2,3757.3,-50.8,1.1,1.9921205,1102.2,40.9,0.184341
1097.2,3737.7,567,-19.6,4.1010044,1102.5,40.9,0.184119
1418.4,3725.6,321.2,-12.1,5.284391,1102.9,40.9,0.18382299
1687.3,3714.9,268.9,-10.7,6.2681508,1103.3,40.9,0.18352697
2241.4,3694.4,554.1,-20.5,8.2806282,1104,40.9,0.18300895
1860.7,3705.1,-380.7,10.7,6.8940796,1104.5,40.9,0.18263894
1895.6,3702.4,34.9,-2.7,7.0182694,1105,40.9,0.18226893
1553.4,3712.6,-342.2,10.2,5.7671528,1105.4,40.9,0.18197291
1060.5,3728.5,-492.9,15.9,3.9540743,1105.7,40.9,0.18175091
577.1,3744.8,-483.4,16.3,2.1611241,1105.9,40.9,0.1816029
177.2,3758.7,-399.9,13.9,0.66604164,1105.9,40.9,0.1816029
1,3765.6,-176.2,6.9,0.0037656,1105.9,40.9,0.1816029
-142,3770.7,-143,5.1,-0.5354394,1105.9,40.9,0.1816029
399,3753.9,541,-16.8,1.4978061,1106,40.9,0.1815289
1222.2,3726,823.2,-27.9,4.5539172,1106.3,40.9,0.18130689
1245.3,3724,23.1,-2,4.6374972,1106.7,40.9,0.18101088
1277.3,3721.9,32,-2.1,4.7539829,1107,40.9,0.18078887
1610.3,3709.8,333,-12.1,5.9738909,1107.5,40.9,0.18041886
1300.5,3719.1,-309.8,9.3,4.8366896,1107.8,40.9,0.18019685
649.2,3740.5,-651.3,21.4,2.4283326,1108,40.9,0.18004884
288.1,3753.2,-361.1,12.7,1.0812969,1108.1,40.9,0.17997484
1079.2,3726.9,791.1,-26.3,4.0220705,1108.4,40.9,0.17975283
1103.3,3725.4,24.1,-1.5,4.1102338,1108.7,40.9,0.17953082
1139.2,3723.6,35.9,-1.8,4.2419251,1109,40.9,0.17930881
1459.5,3712.2,320.3,-11.4,5.4179559,1109.4,40.9,0.1790128
1212.3,3719.7,-247.2,7.5,4.5093923,1109.8,40.9,0.17871679
1252.4,3717.9,40.1,-1.8,4.656298,1110.1,40.9,0.17849478
1514.2,3708.5,261.8,-9.4,5.6154107,1110.5,40.9,0.17819877
1263.3,3716.1,-250.9,7.6,4.6945491,1110.9,40.9,0.17790276
1369.4,3712,106.1,-4.1,5.0832128,1111.3,40.9,0.17760675
1705.4,3700.1,336,-11.9,6.3101505,1111.7,40.9,0.17731074
1201.4,3716.1,-504,16,4.4645225,1112.1,40.9,0.17701473
1101.2,3719.3,-100.2,3.2,4.0956932,1112.4,40.9,0.17679272
1228.4,3714.8,127.2,-4.5,4.5632603,1112.7,40.9,0.17657071
1550.4,3703.5,322,-11.3,5.7419064,1113.2,40.9,0.1762007
897.3,3724.8,-653.1,21.3,3.342263,1113.4,40.9,0.17605269
890.2,3725.2,-7.1,0.4,3.316173,1113.7,40.9,0.17583068
837.2,3727,-53,1.8,3.1202444,1113.9,40.9,0.17568268
992.3,3721.9,155.1,-5.1,3.6932414,1114.2,40.9,0.17546067
1413.2,3707.4,420.9,-14.5,5.2392977,1114.6,40.9,0.17516466
871.3,3725,-541.9,17.6,3.2455925,1114.8,40.9,0.17501665
1375.3,3708,504,-17,5.0996124,1115.2,40.9,0.17472064
2048.4,3684.5,673.1,-23.5,7.5473298,1115.8,40.9,0.17427662
1714.5,3694.3,-333.9,9.8,6.3338773,1116.2,40.9,0.17398061
1169.3,3712,-545.2,17.7,4.3404416,1116.6,40.9,0.1736846
1804.5,3690.4,635.2,-21.6,6.6593268,1117.1,40.9,0.17331459
1978.6,3683.5,174.1,-6.9,7.2881731,1117.6,40.9,0.17294457
520.3,3731.9,-1458.3,48.4,1.9417076,1117.7,40.9,0.17287057
459.1,3735,-61.2,3.1,1.7147385,1117.9,40.9,0.17272256
1348.2,3705.4,889.1,-29.6,4.9956203,1118.2,40.9,0.17250056
1269.3,3707.5,-78.9,2.1,4.7059298,1118.6,40.9,0.17220454
1221.4,3708.7,-47.9,1.2,4.5298062,1118.9,40.9,0.17198254
1444.3,3700.8,222.9,-7.9,5.3450654,1119.3,40.9,0.17168652
1390.3,3702,-54,1.2,5.1468906,1119.7,40.9,0.17139051
1942.5,3682.9,552.2,-19.1,7.1540332,1120.3,40.9,0.1709465
1846.5,3685,-96,2.1,6.8043525,1120.8,40.9,0.17057648
1032.3,3711.8,-814.2,26.8,3.8316911,1121.1,40.9,0.17035447
912.3,3716.1,-120,4.3,3.390198,1121.3,40.9,0.17020647
1471.3,3697.3,559,-18.8,5.4398375,1121.7,40.9,0.16991046
1249.5,3704.3,-221.8,7,4.6285229,1122.1,40.9,0.16961445
657.2,3724.2,-592.3,19.9,2.4475442,1122.3,40.9,0.16946644
1455.4,3697.7,798.2,-26.5,5.3816326,1122.7,40.9,0.16917043
1899.2,3681.9,443.8,-15.8,6.9926645,1123.2,40.9,0.16880041
1141.5,3706.5,-757.7,24.6,4.2309697,1123.5,40.9,0.16857841
285.2,3735.8,-856.3,29.3,1.0654502,1123.6,40.9,0.1685044
566.1,3727.4,280.9,-8.4,2.1100811,1123.7,40.9,0.1684304
703.2,3723.1,137.1,-4.3,2.6180839,1123.9,40.9,0.16828239
1046.2,3711.6,343,-11.5,3.8830759,1124.2,40.9,0.16806039
966.2,3714.1,-80,2.5,3.5885634,1124.5,40.9,0.16783838
245.2,3738.5,-721,24.4,0.9166802,1124.6,40.9,0.16776438
-163.1,3752.8,-408.3,14.3,-0.61208168,1124.5,40.9,0.16783838
-33,3749.7,130.1,-3.1,-0.1237401,1124.5,40.9,0.16783838
61,3748.2,94,-1.5,0.2286402,1124.5,40.9,0.16783838
-40,3751.6,-101,3.4,-0.150064,1124.5,40.9,0.16783838
683.1,3728.7,723.1,-22.9,2.547075,1124.7,40.9,0.16769037
541.1,3733.1,-142,4.4,2.0199804,1124.8,40.9,0.16761637
65,3749.3,-476.1,16.2,0.2437045,1124.9,40.9,0.16754237
1141.3,3713.5,1076.3,-35.8,4.2382175,1125.2,40.9,0.16732036
1794.4,3690.3,653.1,-23.2,6.6218743,1125.7,40.9,0.16695034
1488.5,3699,-305.9,8.7,5.5059615,1126.1,40.9,0.16665433
2084.3,3678,595.8,-21,7.6660554,1126.7,40.9,0.16621032
2490.6,3662.6,406.3,-15.4,9.1220716,1127.4,40.9,0.1656923
1768.4,3685.2,-722.2,22.6,6.5169077,1127.8,40.9,0.16539629
1377.4,3697.8,-391,12.6,5.0933497,1128.2,40.9,0.16510027
1394.3,3697,16.9,-0.8,5.1547271,1128.6,40.9,0.16480426
1663.5,3687.5,269.2,-9.5,6.1341563,1129.1,40.9,0.16443425
2352.4,3663.5,688.9,-24,8.6180174,1129.7,40.9,0.16399023
1833.5,3679.5,-518.9,16,6.7463632,1130.2,40.9,0.16362022
1577.5,3687.5,-256,8,5.8170312,1130.7,40.9,0.1632502
1967.6,3673.9,390.1,-13.6,7.2287656,1131.2,40.9,0.16288019
1004.3,3705.7,-963.3,31.8,3.7216345,1131.5,40.9,0.16265818
56,3738.5,-948.3,32.8,0.209356,1131.6,40.9,0.16258418
482.2,3725.5,426.2,-13,1.7964361,1131.7,40.9,0.16251018
119.1,3738.5,-363.1,13,0.44525535,1131.7,40.9,0.16251018
479.1,3727.3,360,-11.2,1.7857494,1131.8,40.9,0.16243617
1111.2,3706.1,632.1,-21.2,4.1182183,1132.1,40.9,0.16221416
1156.3,3704.1,45.1,-2,4.2830508,1132.5,40.9,0.16191815
995.3,3709.1,-161,5,3.6916672,1132.7,40.9,0.16177015
866.2,3713.3,-129.1,4.2,3.2164605,1133,40.9,0.16154814
1012.3,3708.4,146.1,-4.9,3.7540133,1133.3,40.9,0.16132613
251.1,3734.2,-761.2,25.8,0.93765762,1133.3,40.9,0.16132613
636.2,3722,385.1,-12.2,2.3679364,1133.5,40.9,0.16117812
500.1,3726.8,-136.1,4.8,1.8637727,1133.7,40.9,0.16103012
234.1,3736.2,-266,9.4,0.87464442,1133.7,40.9,0.16103012
1584.3,3691,1350.2,-45.2,5.8476513,1134.2,40.9,0.16066011
1739.3,3684.4,155,-6.6,6.4082769,1134.6,40.9,0.16036409
2143.4,3669.6,404.1,-14.8,7.8654206,1135.2,40.9,0.15992008
2564.5,3653.8,421.1,-15.8,9.3701701,1135.9,40.9,0.15940206
1707.5,3681.1,-857,27.3,6.2854782,1136.4,40.9,0.15903204
1588.5,3684.7,-119,3.6,5.853146,1136.9,40.9,0.15866203
1245.4,3695.9,-343.1,11.2,4.6028739,1137.2,40.9,0.15844002
979.3,3704.9,-266.1,9,3.6282086,1137.5,40.9,0.15821801
610.2,3717.8,-369.1,12.9,2.2686016,1137.7,40.9,0.15807001
-151,3743.7,-761.2,25.9,-0.5652987,1137.6,40.9,0.15814401
-443.1,3755.3,-292.1,11.6,-1.6639734,1137.5,40.9,0.15821801
-332.2,3753.3,110.9,-2,-1.2468463,1137.4,40.9,0.15829202
-176,3749.3,156.2,-4,-0.6598768,1137.4,40.9,0.15829202
316.1,3734.2,492.1,-15.1,1.1803806,1137.4,40.9,0.15829202
446.2,3729.9,130.1,-4.3,1.6642814,1137.6,40.9,0.15814401
-339,3756.1,-785.2,26.2,-1.2733179,1137.5,40.9,0.15821801
-152.1,3751.1,186.9,-5,-0.57054231,1137.4,40.9,0.15829202
328.1,3736.2,480.2,-14.9,1.2258472,1137.5,40.9,0.15821801
760.1,3721.5,432,-14.7,2.8287121,1137.7,40.9,0.15807001
642.1,3724.9,-118,3.4,2.3917583,1137.9,40.9,0.157922
-81,3748.7,-723.1,23.8,-0.3036447,1137.9,40.9,0.157922
554.1,3728.7,635.1,-20,2.0660727,1138,40.9,0.157848
1273.2,3704.1,719.1,-24.6,4.7160601,1138.4,40.9,0.15755199
847.3,3717.3,-425.9,13.2,3.1496683,1138.6,40.9,0.15740398
514.1,3728.4,-333.2,11.1,1.9167704,1138.8,40.9,0.15725598
1207.3,3705,693.2,-23.4,4.4730465,1139.1,40.9,0.15703397
1079.2,3708.5,-128.1,3.5,4.0022132,1139.4,40.9,0.15681196
389.2,3731.5,-690,23,1.4522998,1139.5,40.9,0.15673796
1155.3,3705.9,766.1,-25.6,4.2814263,1139.8,40.9,0.15651595
936.3,3712.6,-219,6.7,3.4761074,1140.1,40.9,0.15629394
-110.1,3747.3,-1046.4,34.7,-0.41257773,1140.1,40.9,0.15629394
-71,3747.3,39.1,0,-0.2660583,1140.1,40.9,0.15629394
6,3746.2,77,-1.1,0.0224772,1140.1,40.9,0.15629394
-455,3761.9,-461,15.7,-1.7116645,1139.9,40.9,0.15644194
-405.1,3761.6,49.9,-0.3,-1.5238242,1139.8,40.9,0.15651595
-181.1,3755,224,-6.6,-0.6800305,1139.8,40.9,0.15651595
-68,3751.8,113.1,-3.2,-0.2551224,1139.7,40.9,0.15658995
640.2,3728.8,708.2,-23,2.3871778,1139.9,40.9,0.15644194
1211.2,3708.7,571,-20.1,4.4919774,1140.2,40.9,0.15621994
1544.4,3696,333.2,-12.7,5.7081024,1140.7,40.9,0.15584992
1805.4,3685.6,261,-10.4,6.6539822,1141.2,40.9,0.15547991
1019.2,3710.7,-786.2,25.1,3.7819454,1141.5,40.9,0.1552579
642.2,3723.3,-377,12.6,2.3911033,1141.6,40.9,0.1551839
328.3,3734.2,-313.9,10.9,1.2259379,1141.7,40.9,0.15510989
18,3745.2,-310.3,11,0.0674136,1141.7,40.9,0.15510989
738.1,3721.6,720.1,-23.6,2.746913,1141.9,40.9,0.15496189
481.1,3729.9,-257,8.3,1.7944549,1142.1,40.9,0.15481388
263.2,3737.5,-217.9,7.6,0.98371,1142.1,40.9,0.15481388
659,3724.5,395.8,-13,2.4544455,1142.3,40.9,0.15466588
1731.3,3687.7,1072.3,-36.8,6.384515,1142.8,40.9,0.15429586
2217.5,3669.5,486.2,-18.2,8.1371163,1143.4,40.9,0.15385185
2065.6,3672.7,-151.9,3.2,7.5863291,1144,40.9,0.15340783
2283.6,3664,218,-8.7,8.3671104,1144.6,40.9,0.15296381
2022.5,3671.3,-261.1,7.3,7.4252043,1145.2,40.9,0.1525198
2408.6,3657.1,386.1,-14.2,8.8084911,1145.9,40.9,0.15200178
2256.6,3660.6,-152,3.5,8.26051,1146.5,40.9,0.15155776
1330.5,3690.9,-926.1,30.3,4.9107424,1146.9,40.9,0.15126175
1650.4,3680.1,319.9,-10.8,6.073637,1147.3,40.9,0.15096574
334.1,3724.3,-1316.3,44.2,1.2442886,1147.4,40.9,0.15089173
1438.3,3687.9,1104.2,-36.4,5.3043066,1147.8,40.9,0.15059572
2842.6,3639.5,1404.3,-48.4,10.345643,1148.6,40.9,0.1500037
1375.5,3687,-1467.1,47.5,5.0714685,1149,40.9,0.14970769
1476.4,3683.6,100.9,-3.4,5.438467,1149.4,40.9,0.14941168
663.3,3711,-813.1,27.4,2.4615063,1149.6,40.9,0.14926367
-112.1,3737.5,-775.4,26.5,-0.41897375,1149.6,40.9,0.14926367
50,3734.4,162.1,-3.1,0.18672,1149.6,40.9,0.14926367
498,3720.2,448,-14.2,1.8526596,1149.7,40.9,0.14918967
814.2,3709.6,316.2,-10.6,3.0203563,1149.9,40.9,0.14904166
643.2,3715.3,-171,5.7,2.389681,1150.1,40.9,0.14889366
491.1,3720.6,-152.1,5.3,1.8271867,1150.2,40.9,0.14881966
607.1,3717.1,116,-3.5,2.2566514,1150.4,40.9,0.14867165
79,3735.2,-528.1,18.1,0.2950808,1150.4,40.9,0.14867165
84,3736,5,0.8,0.313824,1150.5,40.9,0.14859765
550.1,3720.8,466.1,-15.2,2.0468121,1150.6,40.9,0.14852364
637.2,3717.9,87.1,-2.9,2.3690459,1150.8,40.9,0.14837564
1519.2,3687.7,882,-30.2,5.6023538,1151.2,40.9,0.14807963
2051.5,3668.4,532.3,-19.3,7.5257226,1151.8,40.9,0.14763561
1594.5,3682.2,-457,13.8,5.8712679,1152.2,40.9,0.1473396
964.3,3703,-630.2,20.8,3.5708029,1152.5,40.9,0.14711759
728.2,3711.1,-236.1,8.1,2.702423,1152.7,40.9,0.14696958
1046.2,3700.6,318,-10.5,3.8715677,1153,40.9,0.14674758
1417.2,3687.7,371,-12.9,5.2262084,1153.4,40.9,0.14645157
1978.5,3668.1,561.3,-19.6,7.2573358,1153.9,40.9,0.14608155
1804.6,3672.6,-173.9,4.5,6.627574,1154.4,40.9,0.14571154
1554.4,3680.2,-250.2,7.6,5.7205029,1154.9,40.9,0.14534152
1900.4,3668,346,-12.2,6.9706672,1155.4,40.9,0.14497151
2227.5,3655.9,327.1,-12.1,8.1435173,1156,40.9,0.14452749
2125.7,3658.1,-101.8,2.2,7.7760232,1156.6,40.9,0.14408348
1486.4,3678.7,-639.3,20.6,5.4680197,1157,40.9,0.14378746
1307.5,3684.7,-178.9,6,4.8177453,1157.4,40.9,0.14349145
2125.5,3657,818,-27.7,7.7729535,1158,40.9,0.14304744
2435.6,3645.2,310.1,-11.8,8.8782491,1158.6,40.9,0.14260342
1905.5,3661.7,-530.1,16.5,6.9773694,1159.2,40.9,0.1421594
1686.5,3668.7,-219,7,6.1872625,1159.6,40.9,0.14186339
1734.4,3666.8,47.9,-1.9,6.3596979,1160.1,40.9,0.14149338
753.2,3699.8,-981.2,33,2.7866894,1160.3,40.9,0.14134537
210.1,3719.2,-543.1,19.4,0.78140392,1160.4,40.9,0.14127137
1745.3,3668.2,1535.2,-51,6.4021095,1160.9,40.9,0.14090135
1839.4,3664,94.1,-4.2,6.7395616,1161.4,40.9,0.14053134
1452.4,3676.3,-387,12.3,5.3394581,1161.8,40.9,0.14023533
2151.5,3652.2,699.1,-24.1,7.8577083,1162.4,40.9,0.13979131
2186.5,3649.8,35,-2.4,7.9802877,1163,40.9,0.1393473
2307.6,3644.7,121.1,-5.1,8.4105097,1163.6,40.9,0.13890328
2642.6,3632.2,335,-12.5,9.5984517,1164.4,40.9,0.13831126
2673.7,3629.5,31.1,-2.7,9.7041942,1165.1,40.9,0.13779324
2907.4,3620.1,233.7,-9.4,10.525079,1165.9,40.9,0.13720121
2962.7,3616.6,55.3,-3.5,10.714901,1166.7,40.9,0.13660919
2454.6,3632.3,-508.1,15.7,8.9158436,1167.4,40.9,0.13609117
1291.4,3671.3,-1163.2,39,4.7411168,1167.8,40.9,0.13579516
1291.4,3672.2,0,0.9,4.7422791,1168.1,40.9,0.13557315
1291.4,3672.7,0,0.5,4.7429248,1168.5,40.9,0.13527714
872.3,3687.4,-419.1,14.7,3.216519,1168.7,40.9,0.13512913
859.2,3688.7,-13.1,1.3,3.169331,1169,40.9,0.13490713
548.1,3700,-311.1,11.3,2.02797,1169.1,40.9,0.13483312
119.1,3715.8,-429,15.8,0.44255178,1169.2,40.9,0.13475912
823.1,3693.1,704,-22.7,3.0397906,1169.4,40.9,0.13461112
823.2,3693.3,0.1,0.2,3.0403246,1169.6,41,0.13446311
810.2,3694.1,-13,0.8,2.9929598,1169.8,41,0.1343151
1218.2,3680.4,408,-13.7,4.4834633,1170.2,41,0.13401909
1218.3,3680,0.1,-0.4,4.483344,1170.5,41,0.13379708
2039.4,3651.8,821.1,-28.2,7.4474809,1171.1,41,0.13335307
2750.5,3626.1,711.1,-25.7,9.9735881,1171.8,41,0.13283505
2432.6,3634.8,-317.9,8.7,8.8420145,1172.5,41,0.13231703
2917.7,3616.9,485.1,-17.9,10.553029,1173.3,41,0.13172501
2975.6,3612.9,57.9,-4,10.750545,1174.2,41,0.13105898
2955.7,3611.8,-19.9,-1.1,10.675397,1175,41,0.13046696
2898.7,3612,-57,0.2,10.470104,1175.8,41,0.12987494
2876.8,3611.3,-21.9,-0.7,10.388988,1176.6,41,0.12928291
2895.6,3609.2,18.8,-2.1,10.4508,1177.4,41,0.12869089
2427.7,3623.8,-467.9,14.6,8.7974993,1178.1,41,0.12817287
1992.7,3638.2,-435,14.4,7.2498411,1178.6,41,0.12780286
1992.6,3638,-0.1,-0.2,7.2490788,1179.2,41,0.12735884
2012.5,3637.1,19.9,-0.9,7.3196638,1179.7,41,0.12698883
647.3,3684,-1365.2,46.9,2.3846532,1179.9,41,0.12684082
620.3,3686.7,-27,2.7,2.28686,1180.1,41,0.12669281
1068.2,3672.7,447.9,-14,3.9231781,1180.4,41,0.12647081
607.2,3688.9,-461,16.2,2.2399001,1180.5,41,0.1263968
-36,3711.7,-643.2,22.8,-0.1336212,1180.6,41,0.1263228
-744.9,3738.1,-708.9,26.4,-2.7845107,1180.4,41,0.12647081
-1083.2,3752.8,-338.3,14.7,-4.065033,1180.1,41,0.12669281
-1346.3,3764.9,-263.1,12.1,-5.0686849,1179.7,41,0.12698883
-1413.3,3770.4,-67,5.5,-5.3287063,1179.3,41,0.12728484
-996.4,3759,416.9,-11.4,-3.7454676,1179,41,0.12750685
-570.1,3746.4,426.3,-12.6,-2.1358226,1178.9,41,0.12758085
-125.2,3732.4,444.9,-14,-0.46729648,1178.8,41,0.12765485
2731.5,3635.8,2856.7,-96.6,9.9311877,1179.5,41,0.12713683
2778.6,3629.7,47.1,-6.1,10.085484,1180.3,41,0.12654481
1281.4,3677.5,-1497.2,47.8,4.7123485,1180.6,41,0.1263228
1332.4,3675.5,51,-2,4.8972362,1181,41,0.12602679
269.1,3711.3,-1063.3,35.8,0.99871083,1181.1,41,0.12595279
873.1,3691.9,604,-19.4,3.2233979,1181.3,41,0.12580478
673.2,3698.6,-199.9,6.7,2.4898975,1181.5,41,0.12565677
1068.2,3685.4,395,-13.2,3.9367443,1181.8,41,0.12543477
779.2,3694.8,-289,9.4,2.8789882,1182,41,0.12528676
-99,3724.5,-878.2,29.7,-0.3687255,1182.1,41,0.12521276
-161.1,3728.2,-62.1,3.7,-0.60061302,1182,41,0.12528676
-290.1,3734.1,-129,5.9,-1.0832624,1181.9,41,0.12536076
683.2,3702.9,973.3,-31.2,2.5298213,1182.1,41,0.12521276
1161.1,3686,477.9,-16.9,4.2798146,1182.4,41,0.12499075
934.3,3692.7,-226.8,6.7,3.4500896,1182.7,41,0.12476874
759.3,3698.3,-175,5.6,2.8081192,1182.9,41,0.12462074
28,3723.4,-731.3,25.1,0.1042552,1182.9,41,0.12462074
569.1,3706,541.1,-17.4,2.1090846,1183.1,41,0.12447273
1703.4,3667.2,1134.3,-38.8,6.2467085,1183.5,41,0.12417672
1897.4,3658.7,194,-8.5,6.9420174,1184.1,41,0.1237327
819.4,3694,-1078,35.3,3.0268636,1184.3,41,0.1235847
722.2,3697.6,-97.2,3.6,2.6704067,1184.5,41,0.12343669
1718.5,3663.8,996.3,-33.8,6.2962403,1185,41,0.12306668
1529.4,3668.8,-189.1,5,5.6110627,1185.4,41,0.12277067
931.4,3688.5,-598,19.7,3.4354689,1185.7,41,0.12254866
771.1,3694.2,-160.3,5.7,2.8485976,1185.9,41,0.12240065
722.2,3696.2,-48.9,2,2.6693956,1186.1,41,0.12225265
983.2,3687.6,261,-8.6,3.6256483,1186.3,41,0.12210464
1163.2,3681.2,180,-6.4,4.2819718,1186.7,41,0.12180863
1082.3,3683.4,-80.9,2.2,3.9865438,1187,41,0.12158662
1426.2,3671.4,343.9,-12,5.2361507,1187.4,41,0.12129061
1777.4,3658.5,351.2,-12.9,6.5026179,1187.9,41,0.12092059
1338.3,3672.4,-439.1,13.9,4.9147729,1188.2,41,0.12069859
850.2,3688.7,-488.1,16.3,3.1361327,1188.5,41,0.12047658
560.2,3699.1,-290,10.4,2.0722358,1188.6,41,0.12040258
321.1,3708,-239.1,8.9,1.1906388,1188.7,41,0.12032857
396.1,3706.4,75,-1.6,1.468105,1188.8,41,0.12025457
53,3718.9,-343.1,12.5,0.1971017,1188.8,41,0.12025457
212,3714.5,159,-4.4,0.787474,1188.9,41,0.12018057
111.2,3718.8,-100.8,4.3,0.41353056,1188.9,41,0.12018057
5,3723.3,-106.2,4.5,0.0186165,1188.9,41,0.12018057
391.2,3710.9,386.2,-12.4,1.4517041,1189,41,0.12010656
1108.1,3686.4,716.9,-24.5,4.0848998,1189.3,41,0.11988456
849.2,3694.3,-258.9,7.9,3.1371996,1189.6,41,0.11966255
735.3,3697.9,-113.9,3.6,2.7190659,1189.8,41,0.11951454
808.2,3695.4,72.9,-2.5,2.9866223,1190,41,0.11936654
891.3,3692.3,83.1,-3.1,3.290947,1190.3,41,0.11914453
1226.2,3680.5,334.9,-11.8,4.5130291,1190.6,41,0.11892252
645.2,3699.6,-581,19.1,2.3869819,1190.8,41,0.11877451
1234.2,3679.7,589,-19.9,4.5414857,1191.1,41,0.1185525
1038.3,3685.6,-195.9,5.9,3.8267585,1191.4,41,0.1183305
1292.2,3676.6,253.9,-9,4.7509025,1191.8,41,0.11803449
1747.4,3660.3,455.2,-16.3,6.3960082,1192.3,41,0.11766447
1073.3,3682,-674.1,21.7,3.9518906,1192.5,41,0.11751647
1482.4,3667.9,409.1,-14.1,5.437295,1193,41,0.11714645
1440.3,3668.5,-42.1,0.6,5.2837405,1193.4,41,0.11685044
279.3,3707.7,-1161,39.2,1.0355606,1193.4,41,0.11685044
-149,3723.1,-428.3,15.4,-0.5547419,1193.4,41,0.11685044
1060.3,3683.9,1209.3,-39.2,3.9060392,1193.7,41,0.11662843
1681.3,3661.8,621,-22.1,6.1565843,1194.1,41,0.11633242
944.3,3685.6,-737,23.8,3.4803121,1194.4,41,0.11611041
994.2,3684,49.9,-1.6,3.6626328,1194.7,41,0.1158884
551.3,3699.1,-442.9,15.1,2.0393138,1194.8,41,0.1158144
1277.2,3674.7,725.9,-24.4,4.6933268,1195.2,41,0.11551839
2345.5,3637.2,1068.3,-37.5,8.5310526,1195.8,41,0.11507437
1915.4,3649.6,-430.1,12.4,6.9904438,1196.4,41,0.11463036
1341.4,3668.1,-574,18.5,4.9203893,1196.7,41,0.11440835
1062.3,3677.5,-279.1,9.4,3.9066083,1197,41,0.11418634
-426.1,3728.3,-1488.4,50.8,-1.5886286,1197,41,0.11418634
907.1,3685.6,1333.2,-42.7,3.3432078,1197.2,41,0.11403833
2661.6,3624.8,1754.5,-60.8,9.6477677,1197.9,41,0.11352031
371.2,3700.6,-2290.4,75.8,1.3736627,1198,41,0.11344631
564.1,3695.3,192.9,-5.3,2.0845187,1198.2,41,0.11329831
343.2,3703.6,-220.9,8.3,1.2710755,1198.3,41,0.1132243
556.1,3697.2,212.9,-6.4,2.0560129,1198.4,41,0.1131503
1344.3,3670.3,788.2,-26.9,4.9339843,1198.8,41,0.11285429
1148.3,3676.1,-196,5.8,4.2212656,1199.1,41,0.11263228
1061.3,3678.5,-87,2.4,3.903992,1199.4,41,0.11241027
897.3,3684,-164,5.5,3.3056532,1199.7,41,0.11218826
563.1,3695.5,-334.2,11.5,2.0809361,1199.8,41,0.11211426
776.2,3688.8,213.1,-6.7,2.8632466,1200,41,0.11196625
32,3714.5,-744.2,25.7,0.118864,1200.1,41,0.11189225
394.1,3703.4,362.1,-11.1,1.4595099,1200.2,41,0.11181825
642.2,3695.3,248.1,-8.1,2.3731217,1200.3,41,0.11174425
89,3714.4,-553.2,19.1,0.3305816,1200.4,41,0.11167024
-8,3718.1,-97,3.7,-0.0297448,1200.4,41,0.11167024
-51,3720.6,-43,2.5,-0.1897506,1200.4,41,0.11167024
673,3697.4,724,-23.2,2.4883502,1200.5,41,0.11159624
781.2,3693.3,108.2,-4.1,2.885206,1200.7,41,0.11144824
277.2,3710.2,-504,16.9,1.0284674,1200.8,41,0.11137423
40,3719,-237.2,8.8,0.14876,1200.9,41,0.11130023
-203,3727.6,-243,8.6,-0.7567028,1200.8,41,0.11137423
528.1,3704.3,731.1,-23.3,1.9562408,1200.9,41,0.11130023
1638.3,3665.8,1110.2,-38.5,6.0056801,1201.4,41,0.11093022
727.3,3695.1,-911,29.3,2.6874462,1201.6,41,0.11078221
1075.2,3683,347.9,-12.1,3.9599616,1201.9,41,0.1105602
1323.2,3673.8,248,-9.2,4.8611722,1202.3,41,0.11026419
1196.4,3677.1,-126.8,3.3,4.3992824,1202.6,41,0.11004218
1650.3,3660.8,453.9,-16.3,6.0414182,1203,41,0.10974617
1611.5,3660.8,-38.8,0,5.8993792,1203.5,41,0.10937616
1101.3,3677.2,-510.2,16.4,4.0497004,1203.8,41,0.10915415
1307.3,3670,206,-7.2,4.797791,1204.2,41,0.10885814
1788.5,3652.8,481.2,-17.2,6.5330328,1204.7,41,0.10848812
1195.2,3671.8,-593.3,19,4.3885354,1205,41,0.10826611
636.3,3691,-558.9,19.2,2.3485833,1205.2,41,0.10811811
666.1,3690.6,29.8,-0.4,2.4583087,1205.4,41,0.1079701
919.2,3682.2,253.1,-8.4,3.3846782,1205.6,41,0.1078221
1380.2,3666.2,461,-16,5.0600892,1206,41,0.10752609
944.3,3680.3,-435.9,14.1,3.4753073,1206.3,41,0.10730408
127.2,3708.5,-817.1,28.2,0.4717212,1206.3,41,0.10730408
874.2,3684,747,-24.5,3.2205528,1206.5,41,0.10715607
1595.3,3658.9,721.1,-25.1,5.8370432,1207,41,0.10678606
545.2,3693.7,-1050.1,34.8,2.0138052,1207.1,41,0.10671206
606,3692.3,60.8,-1.4,2.2375338,1207.3,41,0.10656405
1596.4,3658.4,990.4,-33.9,5.8402698,1207.7,41,0.10626804
759.3,3685.9,-837.1,27.5,2.7987039,1207.9,41,0.10612003
516,3694.6,-243.3,8.7,1.9064136,1208.1,41,0.10597203
1249.2,3669.9,733.2,-24.7,4.5844391,1208.4,41,0.10575002
1366.3,3665.1,117.1,-4.8,5.0076261,1208.8,41,0.10545401
2199.5,3635.5,833.2,-29.6,7.9962823,1209.4,41,0.10500999
2005.5,3640.1,-194,4.6,7.3002205,1210,41,0.10456597
641.1,3685.7,-1364.4,45.6,2.3629023,1210.2,41,0.10441797
822.3,3680.4,181.2,-5.3,3.0263929,1210.4,41,0.10426996
1578.4,3654.6,756.1,-25.8,5.7684206,1210.8,41,0.10397395
1079.2,3670.6,-499.2,16,3.9613115,1211.1,41,0.10375194
-175.9,3713.4,-1255.1,42.8,-0.65318706,1211.1,41,0.10375194
91,3707,266.9,-6.4,0.337337,1211.1,41,0.10375194
1394.4,3663.1,1303.4,-43.9,5.1078266,1211.5,41,0.10345593
1808.4,3647.3,414,-15.8,6.5957773,1212,41,0.10308592
1870.5,3643.5,62.1,-3.8,6.8151668,1212.5,41,0.1027159
1214.3,3664.7,-656.2,21.2,4.4500452,1212.8,41,0.10249389
1324.4,3660.8,110.1,-3.9,4.8483635,1213.2,41,0.10219788
862.2,3676.3,-462.2,15.5,3.1697059,1213.4,41,0.10204988
278.2,3696.8,-584,20.5,1.0284498,1213.5,41,0.10197588
534.1,3689.2,255.9,-7.6,1.9704017,1213.7,41,0.10182787
-58,3709.6,-592.1,20.4,-0.2151568,1213.7,41,0.10182787
582,3689.7,640,-19.9,2.1474054,1213.8,41,0.10175387
1390.3,3661.8,808.3,-27.9,5.0910005,1214.2,41,0.10145786
693.2,3684.6,-697.1,22.8,2.5541647,1214.4,41,0.10130985
1434.3,3659.2,741.1,-25.4,5.2483906,1214.8,41,0.10101384
717.2,3682.9,-717.1,23.7,2.6413759,1215,41,0.10086583
491.1,3691.1,-226.1,8.2,1.8126992,1215.1,41,0.10079183
198.1,3701.9,-293,10.8,0.73334639,1215.2,41,0.10071783
-184.9,3715.5,-383,13.6,-0.68699595,1215.2,41,0.10071783
73,3708.8,257.9,-6.7,0.2707424,1215.2,41,0.10071783
340.1,3700.5,267.1,-8.3,1.25854,1215.3,41,0.10064382
724.1,3687.5,384,-13,2.6701187,1215.5,41,0.10049582
697.2,3688,-26.9,0.5,2.5712736,1215.7,41,0.10034781
616.1,3690.6,-81.1,2.6,2.2737787,1215.8,41,0.10027381
536.1,3693.4,-80,2.8,1.9800317,1216,41,0.1001258
471.2,3695.8,-64.9,2.4,1.741461,1216.1,41,0.1000518
95,3709.1,-376.2,13.3,0.3523645,1216.1,41,0.1000518
-456.1,3728.5,-551.1,19.4,-1.7005689,1216,41,0.1001258
-177.2,3720.6,278.9,-7.9,-0.65929032,1216,41,0.1001258
1560.3,3662.3,1737.5,-58.3,5.7142867,1216.4,41,0.099829794
1484.4,3662.6,-75.9,0.3,5.4367634,1216.8,41,0.099533782
1560.3,3658.3,75.9,-4.3,5.7080455,1217.2,41,0.099237771
2110.5,3637.8,550.2,-20.5,7.6775769,1217.8,41,0.098793754
1133.5,3669.2,-977,31.4,4.1590382,1218.1,41,0.098571746
50,3706.6,-1083.5,37.4,0.18533,1218.2,41,0.098497743
290,3699.9,240,-6.7,1.072971,1218.2,41,0.098497743
1113.2,3672.1,823.2,-27.8,4.0877817,1218.6,41,0.098201732
1327.3,3663.8,214.1,-8.3,4.8629617,1218.9,41,0.097979723
-26,3708.9,-1353.3,45.1,-0.0964314,1218.9,41,0.097979723
1661.3,3652.8,1687.3,-56.1,6.0683966,1219.3,41,0.097683712
2955.7,3606.1,1294.4,-46.7,10.65855,1220.2,41,0.097017687
1681.5,3646.5,-1274.2,40.4,6.1315897,1220.6,41,0.096721675
2191.3,3627.9,509.8,-18.6,7.9498173,1221.2,41,0.096277659
1646.5,3644.8,-544.8,16.9,6.0011632,1221.7,41,0.095907644
588.2,3680.9,-1058.3,36.1,2.1651054,1221.9,41,0.095759639
191.1,3695.8,-397.1,14.9,0.70626738,1221.9,41,0.095759639
-27,3704.2,-218.1,8.4,-0.1000134,1221.9,41,0.095759639
603.1,3684.6,630.1,-19.6,2.2221823,1222.1,41,0.095611633
1408.2,3656.7,805.1,-27.9,5.1493649,1222.5,41,0.095315622
1067.3,3667.1,-340.9,10.4,3.9138958,1222.8,41,0.095093614
287.2,3693.8,-780.1,26.7,1.0608594,1222.9,41,0.095019611
445,3689.5,157.8,-4.3,1.6418275,1223,41,0.094945608
501.2,3688,56.2,-1.5,1.8484256,1223.1,41,0.094871605
427,3691,-74.2,3,1.576057,1223.2,41,0.094797602
559.2,3686.8,132.2,-4.2,2.0616586,1223.4,41,0.094649597
659.1,3683.5,99.9,-3.3,2.4277949,1223.6,41,0.094501591
656.2,3683.6,-2.9,0.1,2.4171783,1223.8,41,0.094353585
671.1,3683.1,14.9,-0.5,2.4717284,1224,41,0.09420558
745.2,3680.5,74.1,-2.6,2.7427086,1224.2,41,0.094057574
421.2,3691.6,-324,11.1,1.5549019,1224.3,41,0.093983571
-37,3707.3,-458.2,15.7,-0.1371701,1224.3,41,0.093983571
72,3705.5,109,-1.8,0.266796,1224.3,41,0.093983571
692.3,3684.9,620.3,-20.6,2.5510563,1224.5,41,0.093835566
29,3707.5,-663.3,22.6,0.1075175,1224.5,41,0.093835566
-456.1,3724.6,-485.1,17.1,-1.6987901,1224.4,41,0.093909569
-284.1,3720.5,172,-4.1,-1.0569941,1224.3,41,0.093983571
353,3700.2,637.1,-20.3,1.3061706,1224.4,41,0.093909569
742.1,3686.6,389.1,-13.6,2.7358259,1224.6,41,0.093761563
726.3,3686.4,-15.8,-0.2,2.6774323,1224.8,41,0.093613557
1116.2,3672.3,389.9,-14.1,4.0990213,1225.1,41,0.093391549
1658.3,3652.3,542.1,-20,6.0566091,1225.6,41,0.093021535
1324.3,3662,-334,9.7,4.8495866,1225.9,41,0.092799526
1139.4,3667.3,-184.9,5.3,4.1785216,1226.2,41,0.092577518
1202.2,3664.4,62.8,-2.9,4.4053417,1226.6,41,0.092281507
1710.4,3646,508.2,-18.4,6.2361184,1227.1,41,0.091911493
1535.4,3650.5,-175,4.5,5.6049777,1227.5,41,0.091615481
1186.4,3661.4,-349,10.9,4.343885,1227.8,41,0.091393473
1283.1,3657.6,96.7,-3.8,4.6930666,1228.2,41,0.091097462
-22,3701.7,-1305.1,44.1,-0.0814374,1228.2,41,0.091097462
99,3699.9,121,-1.8,0.3662901,1228.2,41,0.091097462
1194.2,3663,1095.2,-36.9,4.3743546,1228.5,41,0.090875453
1093.2,3665.3,-101,2.3,4.006906,1228.8,41,0.090653445
855.4,3672.9,-237.8,7.6,3.1417987,1229,41,0.090505439
1581.3,3647.6,725.9,-25.3,5.7679499,1229.5,41,0.090135425
2275.6,3621.9,694.3,-25.7,8.2419956,1230.1,41,0.089691408
1824.4,3634.9,-451.2,13,6.6315116,1230.6,41,0.089321394
1635.5,3640.1,-188.9,5.2,5.9533835,1231.1,41,0.08895138
1234.3,3653,-401.2,12.9,4.5088979,1231.4,41,0.088729372
1137.3,3656.2,-97,3.2,4.1581963,1231.7,41,0.088507363
1509.4,3642.9,372.1,-13.3,5.4985933,1232.2,41,0.088137349
1047.3,3658.1,-462.1,15.2,3.8311281,1232.4,41,0.087989344
900.2,3663.1,-147.1,5,3.2975226,1232.7,41,0.087767335
1853.5,3630,953.3,-33.1,6.728205,1233.2,41,0.087397321
1353.4,3645.6,-500.1,15.6,4.933955,1233.6,41,0.08710131
1143.4,3652.4,-210,6.8,4.1761542,1233.9,41,0.086879301
1589.4,3636.6,446,-15.8,5.780012,1234.3,41,0.08658329
1087.3,3653,-502.1,16.4,3.9719069,1234.6,41,0.086361282
1415.3,3641.4,328,-11.6,5.1536734,1235,41,0.08606527
1451.5,3639.4,36.2,-2,5.2825891,1235.4,41,0.085769259
161.1,3683.7,-1290.4,44.3,0.59344407,1235.5,41,0.085695256
302.1,3680.6,141,-3.1,1.1119093,1235.6,41,0.085621254
978.3,3658,676.2,-22.6,3.5786214,1235.8,41,0.085473248
579.1,3671.5,-399.2,13.5,2.1261656,1236,41,0.085325242
1414.2,3642.7,835.1,-28.8,5.1515063,1236.4,41,0.085029231
1151.4,3650.6,-262.8,7.9,4.2033008,1236.7,41,0.084807223
679.1,3666.6,-472.3,16,2.4899881,1236.9,41,0.084659217
1088.2,3652.7,409.1,-13.9,3.9748681,1237.2,41,0.084437209
273.1,3680.8,-815.1,28.1,1.0052265,1237.3,41,0.084363206
665.2,3668.2,392.1,-12.6,2.4400866,1237.5,41,0.0842152
971.1,3657.6,305.9,-10.6,3.5518954,1237.7,41,0.084067195
933.2,3658.5,-37.9,0.9,3.4141122,1238,41,0.083845186
419.1,3676.2,-514.1,17.7,1.5406954,1238.1,41,0.083771183
-160.1,3696.5,-579.2,20.3,-0.59180965,1238.1,41,0.083771183
-120.1,3696.9,40,0.4,-0.44399769,1238.1,41,0.083771183
103.1,3691.2,223.2,-5.7,0.38056272,1238.1,41,0.083771183
924.2,3663.3,821.1,-27.9,3.3856219,1238.3,41,0.083623178
1212.2,3652.2,288,-11.1,4.4271968,1238.7,41,0.083327166
1284.3,3648.4,72.1,-3.8,4.6856401,1239,41,0.083105158
1159.2,3651.6,-125.1,3.2,4.2329347,1239.4,41,0.082809147
1104.3,3652.8,-54.9,1.2,4.033787,1239.7,41,0.082587138
985.2,3656.4,-119.1,3.6,3.6022853,1239.9,41,0.082439133
403.3,3676.3,-581.9,19.9,1.4826518,1240.1,41,0.082291127
529.1,3672.8,125.8,-3.5,1.9432785,1240.2,41,0.082217124
1113.3,3652.6,584.2,-20.2,4.0664396,1240.5,41,0.081995116
1334.2,3644,220.9,-8.6,4.8618248,1240.9,41,0.081699105
1236.3,3646.1,-97.9,2.1,4.5076734,1241.2,41,0.081477096
990.4,3653.9,-245.9,7.8,3.6188226,1241.5,41,0.081255088
1629.3,3631.2,638.9,-22.7,5.9163142,1242,41,0.080885074
769.2,3659.7,-860.1,28.5,2.8150412,1242.2,41,0.080737068
-122.9,3690.7,-892.1,31,-0.45358703,1242.1,41,0.080811071
582.1,3668.6,705,-22.1,2.1354921,1242.3,41,0.080663065
1294.3,3643.7,712.2,-24.9,4.7160409,1242.6,41,0.080441057
1899.4,3621.1,605.1,-22.6,6.8779173,1243.2,41,0.07999704
1381.3,3636.9,-518.1,15.8,5.02365,1243.6,41,0.079701029
258.2,3675.3,-1123.1,38.4,0.94896246,1243.6,41,0.079701029
1566.2,3630.8,1308,-44.5,5.686559,1244.1,41,0.079331015
2015.5,3613.2,449.3,-17.6,7.2824046,1244.6,41,0.078961001
1680.5,3622.6,-335,9.4,6.0877793,1245.1,41,0.078590986
2222.6,3602.1,542.1,-20.5,8.0060275,1245.7,41,0.07814697
1373.4,3629.3,-849.2,27.2,4.9844806,1246.1,41,0.077850958
489.2,3659.9,-884.2,30.6,1.7904231,1246.2,41,0.077776956
277.1,3668.7,-212.1,8.8,1.0165968,1246.3,41,0.077702953
624.1,3657.7,347,-11,2.2827706,1246.5,41,0.077554947
772.2,3652.7,148.1,-5,2.8206149,1246.7,41,0.077406941
825.1,3650.7,52.9,-2,3.0121926,1246.9,41,0.077258936
1908.5,3612.4,1083.4,-38.3,6.8942654,1247.4,41,0.076888922
2290.5,3596.4,382,-16,8.2375542,1248.1,41,0.076370902
1781.5,3611.4,-509,15,6.4337091,1248.6,41,0.076000888
1300.5,3626.8,-481,15.4,4.7166534,1248.9,41,0.07577888
1442.3,3621.3,141.8,-5.5,5.223001,1249.3,41,0.075482868
1140.3,3631,-302,9.7,4.1404293,1249.7,41,0.075186857
372.1,3657.8,-768.2,26.8,1.3610674,1249.8,41,0.075112854
-6,3671.8,-378.1,14,-0.0220308,1249.8,41,0.075112854
15,3673.6,21,1.8,0.055104,1249.8,41,0.075112854
818.1,3646.7,803.1,-26.9,2.9833653,1250,41,0.074964849
1032.2,3638.6,214.1,-8.1,3.7557629,1250.3,41,0.07474284
1339.3,3626.9,307.1,-11.7,4.8575072,1250.6,41,0.074520832
1064.3,3635.2,-275,8.3,3.8689434,1250.9,41,0.074298823
706.2,3647.3,-358.1,12.1,2.5757233,1251.1,41,0.074150818
1357.3,3624.6,651.1,-22.7,4.9196696,1251.5,41,0.073854806
1460.3,3619.6,103,-5,5.2857019,1251.9,41,0.073558795
1322.3,3623,-138,3.4,4.7906929,1252.3,41,0.073262784
1244.2,3624.7,-78.1,1.7,4.5098517,1252.6,41,0.073040776
1027.3,3631.5,-216.9,6.8,3.73064,1252.9,41,0.072818767
647.1,3644.7,-380.2,13.2,2.3584854,1253.1,41,0.072670761
211.3,3660.5,-435.8,15.8,0.77346365,1253.2,41,0.072596759
12,3668.8,-199.3,8.3,0.0440256,1253.2,41,0.072596759
414.1,3656,402.1,-12.8,1.5139496,1253.3,41,0.072522756
817.1,3642.1,403,-13.9,2.9759599,1253.5,41,0.07237475
21,3669.7,-796.1,27.6,0.0770637,1253.5,41,0.07237475
231.1,3663.7,210.1,-6,0.84668107,1253.6,41,0.072300747
633.2,3650,402.1,-13.7,2.31118,1253.8,41,0.072152742
-8,3671.7,-641.2,21.7,-0.0293736,1253.8,41,0.072152742
-92,3675.9,-84,4.2,-0.3381828,1253.7,41,0.072226745
-53,3675.7,39,-0.2,-0.1948121,1253.7,41,0.072226745
404,3661.3,457,-14.4,1.4791652,1253.8,41,0.072152742
1138.2,3635.4,734.2,-25.9,4.1378123,1254.1,41,0.071930733
823.2,3644.8,-315,9.4,3.0003994,1254.4,41,0.071708725
684.2,3649.1,-139,4.3,2.4967142,1254.6,41,0.071560719
1195.2,3630.8,511,-18.3,4.3395322,1254.9,41,0.071338711
1298.3,3625.6,103.1,-5.2,4.7071165,1255.3,41,0.0710427
1318.3,3623.4,20,-2.2,4.7767282,1255.6,41,0.070820691
1667.4,3609.6,349.1,-13.8,6.018647,1256.1,41,0.070450677
2114.4,3591.5,447,-18.1,7.5938676,1256.7,41,0.07000666
1404.4,3613.7,-710,22.2,5.0750803,1257.1,41,0.069710649
1703.4,3601.9,299,-11.8,6.1354765,1257.5,41,0.069414638
1902.5,3592.9,199.1,-9,6.8354923,1258.1,41,0.068970621
934.3,3625,-968.2,32.1,3.3868375,1258.3,41,0.068822615
1439.3,3607,505,-18,5.1915551,1258.7,41,0.068526604
1967.4,3586.8,528.1,-20.2,7.0566703,1259.3,41,0.068082587
1787.5,3590.6,-179.9,3.8,6.4181975,1259.8,41,0.067712573
1007.3,3616.4,-780.2,25.8,3.6427997,1260,41,0.067564567
538.2,3633,-469.1,16.6,1.9552806,1260.2,41,0.067416562
699.2,3628,161,-5,2.5366976,1260.4,41,0.067268556
613.2,3631.2,-86,3.2,2.2266518,1260.6,41,0.067120551
237.1,3644.9,-376.1,13.7,0.86420579,1260.6,41,0.067120551
-79,3656.5,-316.1,11.6,-0.2888635,1260.6,41,0.067120551
378.1,3642.5,457.1,-14,1.3772293,1260.7,41,0.067046548
515.2,3637.9,137.1,-4.6,1.8742461,1260.9,41.1,0.066898542
977.2,3621.5,462,-16.4,3.5389298,1261.1,41.1,0.066750537
1260.3,3610.3,283.1,-11.2,4.5500611,1261.5,41.1,0.066454525
1328.3,3606.2,68,-4.1,4.7901155,1261.8,41.1,0.066232517
852.4,3621.6,-475.9,15.4,3.0870518,1262.1,41.1,0.066010508
75,3649,-777.4,27.4,0.273675,1262.1,41.1,0.066010508
374.2,3639.7,299.2,-9.3,1.3619757,1262.2,41.1,0.065936506
985.1,3618.4,610.9,-21.3,3.5644858,1262.5,41.1,0.065714497
1282.2,3606.6,297.1,-11.8,4.6243825,1262.8,41.1,0.065492489
1318.5,3603.7,36.3,-2.9,4.7514784,1263.2,41.1,0.065196477
1228.3,3605.3,-90.2,1.6,4.42839,1263.5,41.1,0.064974469
1053.3,3610.3,-175,5,3.802729,1263.8,41.1,0.064752461
945.4,3613.3,-107.9,3,3.4160138,1264.1,41.1,0.064530452
1010.1,3610.4,64.7,-2.9,3.646865,1264.4,41.1,0.064308444
2063.4,3571.9,1053.3,-38.5,7.3702585,1264.9,41.1,0.06393843
1086.5,3603.5,-976.9,31.6,3.9152028,1265.3,41.1,0.063642418
253.2,3632.7,-833.3,29.2,0.91979964,1265.3,41.1,0.063642418
971.2,3608.3,718,-24.4,3.504381,1265.6,41.1,0.06342041
919.4,3609.2,-51.8,0.9,3.3182985,1265.8,41.1,0.063272404
523.2,3622.7,-396.2,13.5,1.8953966,1266,41.1,0.063124399
1264.3,3596.6,741.1,-26.1,4.5471814,1266.3,41.1,0.06290239
1345.2,3592,80.9,-4.6,4.8319584,1266.7,41.1,0.062606379
1118.3,3598.5,-226.9,6.5,4.0242026,1267,41.1,0.062384371
1289.4,3591.4,171.1,-7.1,4.6307512,1267.4,41.1,0.062088359
1377.3,3586.7,87.9,-4.7,4.9399619,1267.8,41.1,0.061792348
1471.5,3581.8,94.2,-4.9,5.2706187,1268.2,41.1,0.061496337
1545.3,3577.3,73.8,-4.5,5.5280017,1268.6,41.1,0.061200326
1598.3,3573.5,53,-3.8,5.7115251,1269,41.1,0.060904314
1545.4,3573.5,-52.9,0,5.5224869,1269.5,41.1,0.0605343
608.2,3605.3,-937.2,31.8,2.1927435,1269.6,41.1,0.060460297
196.2,3620.8,-412,15.5,0.71040096,1269.7,41.1,0.060386295
166,3623.1,-30.2,2.3,0.6014346,1269.7,41.1,0.060386295
14,3629.8,-152,6.7,0.0508172,1269.8,41.1,0.060312292
-47,3632.5,-61,2.7,-0.1707275,1269.8,41.1,0.060312292
-363.9,3645.1,-316.9,12.6,-1.3264519,1269.7,41.1,0.060386295
-81,3636.9,282.9,-8.2,-0.2945889,1269.6,41.1,0.060460297
755.3,3608.7,836.3,-28.2,2.7256511,1269.8,41.1,0.060312292
1505.3,3580.7,750,-28,5.3900277,1270.2,41.1,0.060016281
1659.4,3572.4,154.1,-8.3,5.9280406,1270.7,41.1,0.059646267
797.2,3600.6,-862.2,28.2,2.8703983,1270.9,41.1,0.059498261
1415.2,3578.2,618,-22.4,5.0638686,1271.3,41.1,0.05920225
1090.3,3587.7,-324.9,9.5,3.9116693,1271.6,41.1,0.058980241
-22,3626,-1112.3,38.3,-0.079772,1271.6,41.1,0.058980241
841.1,3597.4,863.1,-28.6,3.0257731,1271.8,41.1,0.058832236
1226.3,3582.7,385.2,-14.7,4.393465,1272.2,41.1,0.058536224
475.2,3607.9,-751.1,25.2,1.7144741,1272.3,41.1,0.058462222
755.1,3598.2,279.9,-9.7,2.7170008,1272.5,41.1,0.058314216
1138.3,3583.8,383.2,-14.4,4.0794395,1272.8,41.1,0.058092208
491.1,3605.6,-647.2,21.8,1.7707102,1273,41.1,0.057944202
13,3623.1,-478.1,17.5,0.0471003,1273,41.1,0.057944202
23,3624,10,0.9,0.083352,1273,41.1,0.057944202
57,3623.8,34,-0.2,0.2065566,1273,41.1,0.057944202
143.2,3621.5,86.2,-2.3,0.5185988,1273.1,41.1,0.057870199
929.1,3593.8,785.9,-27.7,3.3389996,1273.3,41.1,0.057722193
1448.4,3573.6,519.3,-20.2,5.1760022,1273.7,41.1,0.057426182
1225.3,3579,-223.1,5.4,4.3853487,1274.1,41.1,0.057130171
1206.3,3577.9,-19,-1.1,4.3160208,1274.4,41.1,0.056908163
1257.2,3574.5,50.9,-3.4,4.4938614,1274.7,41.1,0.056686154
1032.3,3580.9,-224.9,6.4,3.6965631,1275,41.1,0.056464146
280.3,3607,-752,26.1,1.0110421,1275.1,41.1,0.056390143
25,3617.1,-255.3,10.1,0.0904275,1275.1,41.1,0.056390143
-179,3624.9,-204,7.8,-0.6488571,1275.1,41.1,0.056390143
-458.1,3636.6,-279.1,11.7,-1.6659265,1274.9,41.1,0.056538148
-229.1,3630.3,229,-6.3,-0.83170173,1274.9,41.1,0.056538148
7,3623.7,236.1,-6.6,0.0253659,1274.9,41.1,0.056538148
-5,3624,-12,0.3,-0.01812,1274.9,41.1,0.056538148
-55,3626.3,-50,2.3,-0.1994465,1274.9,41.1,0.056538148
168.2,3619.8,223.2,-6.5,0.60885036,1274.9,41.1,0.056538148
-95,3628.6,-263.2,8.8,-0.344717,1274.9,41.1,0.056538148
-76,3628.8,19,0.2,-0.2757888,1274.9,41.1,0.056538148
2,3627.4,78,-1.4,0.0072548,1274.9,41.1,0.056538148
-289,3637.6,-291,10.2,-1.0512664,1274.8,41.1,0.056612151
-240.1,3637,48.9,-0.6,-0.8732437,1274.7,41.1,0.056686154
177.2,3623.7,417.3,-13.3,0.64211964,1274.8,41.1,0.056612151
354,3617.2,176.8,-6.5,1.2804888,1274.9,41.1,0.056538148
-265.1,3638.3,-619.1,21.1,-0.96451333,1274.8,41.1,0.056612151
-426.2,3645.2,-161.1,6.9,-1.5535842,1274.7,41.1,0.056686154
-606,3653.1,-179.8,7.9,-2.2137786,1274.5,41.1,0.05683416
-712.2,3658.7,-106.2,5.6,-2.6057261,1274.3,41.1,0.056982165
-641.1,3657.9,71.1,-0.8,-2.3450797,1274.1,41.1,0.057130171
-319.1,3647.9,322,-10,-1.1640449,1274,41.1,0.057204174
-409.2,3651.8,-90.1,3.9,-1.4943166,1273.9,41.1,0.057278177
-953.1,3672.3,-543.9,20.5,-3.5000691,1273.7,41.1,0.057426182
-979.2,3675.5,-26.1,3.2,-3.5990496,1273.4,41.1,0.057648191
-1020.3,3679.1,-41.1,3.6,-3.7537857,1273.1,41.1,0.057870199
-1076.1,3683.2,-55.8,4.1,-3.9634915,1272.8,41.1,0.058092208
-926.2,3680,149.9,-3.2,-3.408416,1272.6,41.1,0.058240213
-754.2,3675.5,172,-4.5,-2.7720621,1272.3,41.1,0.058462222
-638.2,3672.6,116,-2.9,-2.3438533,1272.2,41.1,0.058536224
-805.9,3679.6,-167.7,7,-2.9653896,1271.9,41.1,0.058758233
-486.2,3669.5,319.7,-10.1,-1.7841109,1271.8,41.1,0.058832236
29,3652.4,515.2,-17.1,0.1059196,1271.8,41.1,0.058832236
1049.2,3615.4,1020.2,-37,3.7932777,1272.1,41.1,0.058610227
2051.4,3576.7,1002.2,-38.7,7.3372424,1272.6,41.1,0.058240213
2868.6,3542.4,817.2,-34.3,10.161729,1273.4,41.1,0.057648191
2937.7,3533.3,69.1,-9.1,10.379775,1274.3,41.1,0.056982165
2836.6,3530.7,-101.1,-2.6,10.015184,1275,41.1,0.056464146
2534.7,3536.1,-301.9,5.4,8.9629527,1275.7,41.1,0.055946126
1886.6,3555,-648.1,18.9,6.706863,1276.3,41.1,0.055502109
1511.4,3565.9,-375.2,10.9,5.3895013,1276.7,41.1,0.055206098
1114.3,3578.4,-397.1,12.5,3.9874111,1277,41.1,0.054984089
1076.4,3578.7,-37.9,0.3,3.8521127,1277.3,41.1,0.054762081
455.1,3600.1,-621.3,21.4,1.6384055,1277.4,41.1,0.054688078
722.1,3590.8,267,-9.3,2.5929167,1277.6,41.1,0.054540073
713.2,3590.6,-8.9,-0.2,2.5608159,1277.8,41.1,0.054392067
628.2,3593.1,-85,2.5,2.2571854,1278,41.1,0.054244061
990.1,3579.7,361.9,-13.4,3.544261,1278.3,41.1,0.054022053
753.2,3586.9,-236.9,7.2,2.7016531,1278.5,41.1,0.053874047
1243.3,3568.5,490.1,-18.4,4.4367161,1278.8,41.1,0.053652039
1559.4,3555,316.1,-13.5,5.543667,1279.3,41.1,0.053282025
1448.3,3556.2,-111.1,1.2,5.1504445,1279.7,41.1,0.052986013
1077.4,3567.5,-370.9,11.3,3.8436245,1280,41.1,0.052764005
1034.2,3567.8,-43.2,0.3,3.6898188,1280.3,41.1,0.052541997
1108.2,3564.1,74,-3.7,3.9497356,1280.6,41.1,0.052319988
600.2,3581.1,-508,17,2.1493762,1280.7,41.1,0.052245985
22,3602.1,-578.2,21,0.0792462,1280.8,41.1,0.052171983
18,3603.6,-4,1.5,0.0648648,1280.8,41.1,0.052171983
-79,3607.4,-97,3.8,-0.2849846,1280.7,41.1,0.052245985
-91,3609,-12,1.6,-0.328419,1280.7,41.1,0.052245985
87,3604.3,178,-4.7,0.3135741,1280.7,41.1,0.052245985
135,3603,48,-1.3,0.486405,1280.8,41.1,0.052171983
841.2,3577.8,706.2,-25.2,3.0096454,1281,41.1,0.052023977
1261.2,3560.9,420,-16.9,4.4910071,1281.4,41.1,0.051727966
552.2,3584.2,-709,23.3,1.9791952,1281.5,41.1,0.051653963
662.1,3579.9,109.9,-4.3,2.3702518,1281.7,41.1,0.051505957
1489.3,3549.2,827.2,-30.7,5.2858236,1282.1,41.1,0.051209946
1218.4,3556.1,-270.9,6.9,4.3327522,1282.4,41.1,0.050987938
809.2,3569.1,-409.2,13,2.8881157,1282.7,41.1,0.050765929
15,3597.3,-794.2,28.2,0.0539595,1282.7,41.1,0.050765929
-311.1,3609.8,-326.1,12.5,-1.1230088,1282.6,41.1,0.050839932
50,3599.2,361.1,-10.6,0.17996,1282.6,41.1,0.050839932
216,3593.7,166,-5.5,0.7762392,1282.7,41.1,0.050765929
-311.9,3612.3,-527.9,18.6,-1.1266764,1282.6,41.1,0.050839932
-657.2,3626.4,-345.3,14.1,-2.3832701,1282.4,41.1,0.050987938
-1180.2,3647.7,-523,21.3,-4.3050155,1282.1,41.1,0.051209946
-1289.4,3655,-109.2,7.3,-4.712757,1281.7,41.1,0.051505957
-1126.3,3652.4,163.1,-2.6,-4.1136981,1281.4,41.1,0.051727966
-982.4,3649.8,143.9,-2.6,-3.5855635,1281.1,41.1,0.051949974
-1154.1,3658.2,-171.7,8.4,-4.2219286,1280.8,41.1,0.052171983
-1020.2,3656,133.9,-2.2,-3.7298512,1280.5,41.1,0.052393991
-587.3,3642.3,432.9,-13.7,-2.1391228,1280.4,41.1,0.052467994
-306.1,3633.2,281.2,-9.1,-1.1121225,1280.3,41.1,0.052541997
-170.2,3628.5,135.9,-4.7,-0.6175707,1280.2,41.1,0.052615999
32,3622.1,202.2,-6.4,0.1159072,1280.2,41.1,0.052615999
32,3621.7,0,-0.4,0.1158944,1280.2,41.1,0.052615999
32,3621.6,0,-0.1,0.1158912,1280.3,41.1,0.052541997
32,3621.5,0,-0.1,0.115888,1280.3,41.1,0.052541997
32,3621.5,0,0,0.115888,1280.3,41.1,0.052541997
32,3621.4,0,-0.1,0.1158848,1280.3,41.1,0.052541997
32,3621.3,0,-0.1,0.1158816,1280.3,41.1,0.052541997
32,3621.4,0,0.1,0.1158848,1280.3,41.1,0.052541997
32,3621.4,0,0,0.1158848,1280.3,41.1,0.052541997
32,3621.5,0,0.1,0.115888,1280.3,41.1,0.052541997
32,3621.5,0,0,0.115888,1280.3,41.1,0.052541997
32,3621.5,0,0,0.115888,1280.3,41.1,0.052541997
32,3621.6,0,0.1,0.1158912,1280.3,41,0.052541997
32,3621.6,0,0,0.1158912,1280.4,41,0.052467994
32,3621.6,0,0,0.1158912,1280.4,41,0.052467994
32,3621.7,0,0.1,0.1158944,1280.4,41,0.052467994
32,3621.8,0,0.1,0.1158976,1280.4,41,0.052467994
46,3621.3,14,-0.5,0.1665798,1280.4,41,0.052467994
672.1,3598.7,626.1,-22.6,2.4186863,1280.6,41,0.052319988
1675.3,3560.7,1003.2,-38,5.9652407,1281,41,0.052023977
2482.5,3527.3,807.2,-33.4,8.7565222,1281.7,41,0.051505957
2829.7,3508.8,347.2,-18.5,9.9288514,1282.5,41,0.050913935
2674.7,3508.2,-155,-0.6,9.3833825,1283.2,41,0.050395915
1453.6,3547.3,-1221.1,39.1,5.1563553,1283.6,41,0.050099904
-12,3598.3,-1465.6,51,-0.0431796,1283.7,41,0.050025901
-383.9,3613.7,-371.9,15.4,-1.3872994,1283.6,41,0.050099904
-507.1,3620.4,-123.2,6.7,-1.8359048,1283.4,41,0.050247909
-866.2,3635.7,-359.1,15.3,-3.1492433,1283.2,41,0.050395915
-968.1,3642.2,-101.9,6.5,-3.5260138,1282.9,41,0.050617923
-568.2,3630.4,399.9,-11.8,-2.0627933,1282.8,41,0.050691926
-82,3614.2,486.2,-16.2,-0.2963644,1282.7,41,0.050765929
516,3593.3,598,-20.9,1.8541428,1282.9,41,0.050617923
1323.3,3562.7,807.3,-30.6,4.7145209,1283.2,41,0.050395915
2050.4,3533,727.1,-29.7,7.2440632,1283.8,41,0.049951898
2641.6,3506.5,591.2,-26.5,9.2627704,1284.5,41,0.049433878
2656.7,3499.9,15.1,-6.6,9.2981843,1285.3,41,0.048841856
1880.5,3522.8,-776.2,22.9,6.6246254,1285.8,41,0.048471842
656.3,3564.5,-1224.2,41.7,2.3393814,1286,41,0.048323836
-317.9,3599.7,-974.2,35.2,-1.1443446,1285.9,41,0.048397839
-811.1,3620.2,-493.2,20.5,-2.9363442,1285.7,41,0.048545845
-909.1,3627,-98,6.8,-3.2973057,1285.4,41,0.048767853
-844.2,3627.7,64.9,0.7,-3.0625043,1285.2,41,0.048915859
-586.1,3620.8,258.1,-6.9,-2.1221509,1285,41,0.049063864
-202.1,3608.4,384,-12.4,-0.72925764,1285,41,0.049063864
-105,3605.4,97.1,-3,-0.378567,1284.9,41,0.049137867
32,3601.6,137,-3.8,0.1152512,1284.9,41,0.049137867
32,3601.6,0,0,0.1152512,1285,41,0.049063864
189,3596.1,157,-5.5,0.6796629,1285,41,0.049063864
1004.2,3566.1,815.2,-30,3.5810776,1285.3,41,0.048841856
1783.3,3535.3,779.1,-30.8,6.3045005,1285.8,41,0.048471842
2495.6,3504.9,712.3,-30.4,8.7468284,1286.5,41,0.047953822
2824.4,3486.9,328.8,-18,9.8484004,1287.3,41,0.0473618
2439.8,3494.7,-384.6,7.8,8.5263691,1287.9,41,0.046917783
1068.4,3540.5,-1371.4,45.8,3.7826702,1288.2,41,0.046695774
23,3578.1,-1045.4,37.6,0.0822963,1288.2,41,0.046695774
-425.1,3595.7,-448.1,17.6,-1.5285321,1288.1,41,0.046769777
-828.1,3613,-403,17.3,-2.9919253,1287.9,41,0.046917783
-947.3,3620.5,-119.2,7.5,-3.4296996,1287.6,41,0.047139791
-849.2,3620,98.1,-0.5,-3.074104,1287.4,41,0.047287797
-459.2,3608.2,390,-11.8,-1.6568854,1287.3,41,0.0473618
-119.2,3597,340,-11.2,-0.4287624,1287.2,41,0.047435803
32,3592.5,151.2,-4.5,0.11496,1287.2,41,0.047435803
469,3576.6,437,-15.9,1.6774254,1287.4,41,0.047287797
1222.3,3548.1,753.3,-28.5,4.3368426,1287.7,41,0.047065788
1515.4,3534.3,293.1,-13.8,5.3558782,1288.1,41,0.046769777
1508.4,3531.1,-7,-3.2,5.3263112,1288.5,41,0.046473766
1395.4,3532.2,-113,1.1,4.9288319,1288.9,41,0.046177755
1561.4,3523.3,166,-8.9,5.5012806,1289.4,41,0.045807741
1413.4,3525.8,-148,2.5,4.9833657,1289.7,41,0.045585732
1413.4,3525.8,0,0,4.9833657,1289.8,41,0.045511729
749.6,3554.3,-663.8,28.5,2.6643033,1289.8,41,0.045511729
750.1,3552.6,0.5,-1.7,2.6648053,1290,41,0.045363724
750.2,3551,0.1,-1.6,2.6639602,1290.2,41,0.045215718
750.1,3549.7,-0.1,-1.3,2.66263,1290.4,41,0.045067713
750.2,3548.5,0.1,-1.2,2.6620847,1290.6,41,0.044919707
750.2,3547.3,0,-1.2,2.6611845,1290.8,41,0.044771701
750.2,3546.1,0,-1.2,2.6602842,1291.1,41,0.044549693
750.2,3545.1,0,-1,2.659534,1291.3,41,0.044401687
750.2,3544,0,-1.1,2.6587088,1291.5,41,0.044253682
750.2,3543,0,-1,2.6579586,1291.7,41,0.044105676
750.1,3541.9,-0.1,-1.1,2.6567792,1291.9,41,0.04395767
750.1,3540.8,0,-1.1,2.6559541,1292.1,41,0.043809665
750.2,3539.8,0.1,-1,2.655558,1292.3,41,0.043661659
750.2,3538.7,0,-1.1,2.6547327,1292.5,41,0.043513654
750.2,3537.8,0,-0.9,2.6540576,1292.7,41,0.043365648
750.2,3536.8,0,-1,2.6533074,1292.9,41,0.043217642
750.2,3535.8,0,-1,2.6525572,1293.1,41,0.043069637
750.2,3534.8,0,-1,2.651807,1293.3,41,0.042921631
750.1,3533.7,-0.1,-1.1,2.6506284,1293.6,41,0.042699623
750.2,3532.7,0.1,-1,2.6502315,1293.8,41,0.042551617
750.2,3531.7,0,-1,2.6494813,1294,41,0.042403611
750.2,3530.7,0,-1,2.6487311,1294.2,41,0.042255606
750.2,3529.8,0,-0.9,2.648056,1294.4,41,0.0421076
750.2,3528.8,0,-1,2.6473058,1294.6,41,0.041959594
750.2,3527.7,0,-1.1,2.6464805,1294.8,41,0.041811589
750.2,3526.7,0,-1,2.6457303,1295,41,0.041663583
750.2,3525.7,0,-1,2.6449801,1295.2,41,0.041515578
750.2,3524.7,0,-1,2.6442299,1295.4,41,0.041367572
750.2,3523.7,0,-1,2.6434797,1295.6,41,0.041219566
750.1,3522.7,-0.1,-1,2.6423773,1295.8,41,0.041071561
750.2,3521.8,0.1,-0.9,2.6420544,1296.1,41,0.040849552
750.2,3520.7,0,-1.1,2.6412291,1296.3,41,0.040701547
750.2,3519.7,0,-1,2.6404789,1296.5,41,0.040553541
750.2,3518.7,0,-1,2.6397287,1296.7,41,0.040405535
750.2,3517.7,0,-1,2.6389785,1296.9,41,0.04025753
750.2,3516.7,0,-1,2.6382283,1297.1,41,0.040109524
750.1,3515.7,-0.1,-1,2.6371266,1297.3,41,0.039961519
750.1,3514.7,0,-1,2.6363765,1297.5,41,0.039813513
750.1,3513.6,0,-1.1,2.6355514,1297.7,41,0.039665507
750.2,3512.6,0.1,-1,2.6351525,1297.9,41,0.039517502
750.2,3511.6,0,-1,2.6344023,1298.1,41,0.039369496
750.2,3510.6,0,-1,2.6336521,1298.3,41,0.03922149
750.2,3509.6,0,-1,2.6329019,1298.6,41,0.038999482
750.2,3508.6,0,-1,2.6321517,1298.8,41,0.038851476
750.1,3507.5,-0.1,-1.1,2.6309757,1299,41,0.038703471
750.1,3506.5,0,-1,2.6302256,1299.2,41,0.038555465
750.2,3505.6,0.1,-0.9,2.6299011,1299.4,41,0.038407459
750.2,3504.5,0,-1.1,2.6290759,1299.6,41,0.038259454
750.2,3503.4,0,-1.1,2.6282507,1299.8,41,0.038111448
750.2,3502.4,0,-1,2.6275005,1300,41,0.037963443
750.2,3501.5,0,-0.9,2.6268253,1300.2,41,0.037815437
750.3,3500.4,0.1,-1.1,2.6263501,1300.4,41,0.037667431
750.2,3499.4,-0.1,-1,2.6252499,1300.6,41,0.037519426
750.2,3498.3,0,-1.1,2.6244247,1300.8,41,0.03737142
750.2,3497.3,0,-1,2.6236745,1301.1,41,0.037149412
750.2,3496.2,0,-1.1,2.6228492,1301.3,41,0.037001406
750.2,3495.2,0,-1,2.622099,1301.5,41,0.0368534
750.2,3494.1,0,-1.1,2.6212738,1301.7,41,0.036705395
750.2,3493.1,0,-1,2.6205236,1301.9,41,0.036557389
750.2,3492,0,-1.1,2.6196984,1302.1,41,0.036409384
750.2,3490.9,0,-1.1,2.6188732,1302.3,41,0.036261378
750.2,3489.9,0,-1,2.618123,1302.5,41,0.036113372
750.2,3488.8,0,-1.1,2.6172978,1302.7,41,0.035965367
750.2,3487.7,0,-1.1,2.6164725,1302.9,41,0.035817361
750.2,3486.7,0,-1,2.6157223,1303.1,41,0.035669355
750.2,3485.6,0,-1.1,2.6148971,1303.3,41,0.03552135
750.2,3484.5,0,-1.1,2.6140719,1303.6,41,0.035299341
750.2,3483.4,0,-1.1,2.6132467,1303.8,41,0.035151336
750.2,3482.3,0,-1.1,2.6124215,1304,41,0.03500333
750.2,3481.3,0,-1,2.6116713,1304.2,41,0.034855325
750.2,3480.1,0,-1.2,2.610771,1304.4,41,0.034707319
750.2,3479,0,-1.1,2.6099458,1304.6,41,0.034559313
750.2,3477.9,0,-1.1,2.6091206,1304.8,41,0.034411308
750.2,3476.9,0,-1,2.6083704,1305,41,0.034263302
750.2,3475.7,0,-1.2,2.6074701,1305.2,41,0.034115296
750.2,3474.6,0,-1.1,2.6066449,1305.4,41,0.033967291
750.2,3473.5,0,-1.1,2.6058197,1305.6,41,0.033819285
750.2,3472.3,0,-1.2,2.6049195,1305.8,41,0.03367128
750.2,3471.2,0,-1.1,2.6040942,1306.1,41,0.033449271
750.2,3470.1,0,-1.1,2.603269,1306.3,41,0.033301265
750.2,3469,0,-1.1,2.6024438,1306.5,41,0.03315326
750.2,3467.8,0,-1.2,2.6015436,1306.7,41,0.033005254
750.2,3466.7,0,-1.1,2.6007183,1306.9,41,0.032857249
750.2,3465.5,0,-1.2,2.5998181,1307.1,41,0.032709243
750.2,3464.4,0,-1.1,2.5989929,1307.3,41,0.032561237
750.2,3463.3,0,-1.1,2.5981677,1307.5,41,0.032413232
750.2,3462.1,0,-1.2,2.5972674,1307.7,41,0.032265226
750.2,3460.9,0,-1.2,2.5963672,1307.9,41,0.03211722
750.2,3459.8,0,-1.1,2.595542,1308.1,41,0.031969215
750.2,3458.5,0,-1.3,2.5945667,1308.3,41,0.031821209
750.1,3457.4,-0.1,-1.1,2.5933957,1308.6,41,0.031599201
750.2,3456.2,0.1,-1.2,2.5928412,1308.8,41,0.031451195
750.2,3455.1,0,-1.1,2.592016,1309,41,0.03130319
750.2,3453.8,0,-1.3,2.5910408,1309.2,41,0.031155184
750.2,3452.6,0,-1.2,2.5901405,1309.4,41.1,0.031007178
750.2,3451.4,0,-1.2,2.5892403,1309.6,41.1,0.030859173
750.2,3450.3,0,-1.1,2.5884151,1309.8,41.1,0.030711167
750.2,3449,0,-1.3,2.5874398,1310,41.1,0.030563161
750.2,3447.8,0,-1.2,2.5865396,1310.2,41.1,0.030415156
750.2,3446.5,0,-1.3,2.5855643,1310.4,41.1,0.03026715
750.2,3445.3,0,-1.2,2.5846641,1310.6,41.1,0.030119145
750.2,3444.1,0,-1.2,2.5837638,1310.8,41.1,0.029971139
750.2,3442.9,0,-1.2,2.5828636,1311.1,41.1,0.02974913
750.2,3441.7,0,-1.2,2.5819633,1311.3,41.1,0.029601125
750.2,3440.4,0,-1.3,2.5809881,1311.5,41.1,0.029453119
750.2,3439.1,0,-1.3,2.5800128,1311.7,41.1,0.029305114
750.2,3437.9,0,-1.2,2.5791126,1311.9,41.1,0.029157108
750.2,3436.6,0,-1.3,2.5781373,1312.1,41.1,0.029009102
750.1,3435.3,-0.1,-1.3,2.5768185,1312.3,41.1,0.028861097
750.1,3434,0,-1.3,2.5758434,1312.5,41.1,0.028713091
750.2,3432.7,0.1,-1.3,2.5752115,1312.7,41.1,0.028565085
750.2,3431.5,0,-1.2,2.5743113,1312.9,41.1,0.02841708
750.2,3430.2,0,-1.3,2.573336,1313.1,41.1,0.028269074
750.2,3428.9,0,-1.3,2.5723608,1313.3,41.1,0.028121069
750.2,3427.6,0,-1.3,2.5713855,1313.6,41.1,0.02789906
750.2,3426.3,0,-1.3,2.5704103,1313.8,41.1,0.027751055
750.2,3425,0,-1.3,2.569435,1314,41.1,0.027603049
750.2,3423.6,0,-1.4,2.5683847,1314.2,41.1,0.027455043
750.2,3422.4,0,-1.2,2.5674845,1314.4,41.1,0.027307038
750.2,3421,0,-1.4,2.5664342,1314.6,41.1,0.027159032
750.2,3419.6,0,-1.4,2.5653839,1314.8,41.1,0.027011026
750.2,3418.3,0,-1.3,2.5644087,1315,41.1,0.026863021
750.2,3416.9,0,-1.4,2.5633584,1315.2,41.1,0.026715015
750.2,3415.6,0,-1.3,2.5623831,1315.4,41.1,0.02656701
750.2,3414.3,0,-1.3,2.5614079,1315.6,41.1,0.026419004
750.2,3412.9,0,-1.4,2.5603576,1315.8,41.1,0.026270998
750.2,3411.5,0,-1.4,2.5593073,1316.1,41.1,0.02604899
750.2,3410.1,0,-1.4,2.558257,1316.3,41.1,0.025900984
750.2,3408.7,0,-1.4,2.5572067,1316.5,41.1,0.025752979
750.2,3407.3,0,-1.4,2.5561565,1316.7,41.1,0.025604973
750.2,3405.9,0,-1.4,2.5551062,1316.9,41.1,0.025456967
750.1,3404.5,-0.1,-1.4,2.5537154,1317.1,41.1,0.025308962
750.2,3403,0.1,-1.5,2.5529306,1317.3,41.1,0.025160956
750.2,3401.6,0,-1.4,2.5518803,1317.5,41.1,0.02501295
750.2,3400.2,0,-1.4,2.55083,1317.7,41.1,0.024864945
750.2,3398.7,0,-1.5,2.5497047,1317.9,41.1,0.024716939
750.2,3397.2,0,-1.5,2.5485794,1318.1,41.1,0.024568934
750.2,3395.8,0,-1.4,2.5475292,1318.3,41.1,0.024420928
750.2,3394.4,0,-1.4,2.5464789,1318.6,41.1,0.02419892
750.2,3392.9,0,-1.5,2.5453536,1318.8,41.1,0.024050914
750.2,3391.4,0,-1.5,2.5442283,1319,41.1,0.023902908
750.2,3389.9,0,-1.5,2.543103,1319.2,41.1,0.023754903
750.2,3388.3,0,-1.6,2.5419027,1319.4,41.1,0.023606897
750.2,3386.8,0,-1.5,2.5407774,1319.6,41.1,0.023458891
750.2,3385.4,0,-1.4,2.5397271,1319.8,41.1,0.023310886
750.2,3383.8,0,-1.6,2.5385268,1320,41.1,0.02316288
750.2,3382.3,0,-1.5,2.5374015,1320.2,41.1,0.023014875
750.2,3380.8,0,-1.5,2.5362762,1320.4,41.1,0.022866869
750.2,3379.2,0,-1.6,2.5350758,1320.6,41.1,0.022718863
750.2,3377.6,0,-1.6,2.5338755,1320.8,41.1,0.022570858
750.2,3376,0,-1.6,2.5326752,1321.1,41.1,0.022348849
750.2,3374.5,0,-1.5,2.5315499,1321.3,41.1,0.022200844
750.2,3372.9,0,-1.6,2.5303496,1321.5,41.1,0.022052838
750.2,3371.3,0,-1.6,2.5291493,1321.7,41.1,0.021904832
750.2,3369.7,0,-1.6,2.5279489,1321.9,41.1,0.021756827
750.2,3368.1,0,-1.6,2.5267486,1322.1,41.1,0.021608821
750.2,3366.4,0,-1.7,2.5254733,1322.3,41.1,0.021460816
750.2,3364.8,0,-1.6,2.524273,1322.5,41.1,0.02131281
750.2,3363.2,0,-1.6,2.5230726,1322.7,41.1,0.021164804
750.2,3361.6,0,-1.6,2.5218723,1322.9,41.1,0.021016799
750.2,3359.9,0,-1.7,2.520597,1323.1,41.1,0.020868793
750.2,3358.2,0,-1.7,2.5193216,1323.3,41.1,0.020720787
750.2,3356.4,0,-1.8,2.5179713,1323.6,41.1,0.020498779
750.2,3354.8,0,-1.6,2.516771,1323.8,41.1,0.020350773
750.2,3353.1,0,-1.7,2.5154956,1324,41.1,0.020202768
750.2,3351.3,0,-1.8,2.5141453,1324.2,41.1,0.020054762
750.2,3349.7,0,-1.6,2.5129449,1324.4,41.1,0.019906756
750.2,3347.9,0,-1.8,2.5115946,1324.6,41.1,0.019758751
750.2,3346.1,0,-1.8,2.5102442,1324.8,41.1,0.019610745
750.2,3344.4,0,-1.7,2.5089689,1325,41.1,0.01946274
750.1,3342.6,-0.1,-1.8,2.5072843,1325.2,41.1,0.019314734
750.2,3340.8,0.1,-1.8,2.5062682,1325.4,41.1,0.019166728
750.2,3339,0,-1.8,2.5049178,1325.6,41.1,0.019018723
750.1,3337.2,-0.1,-1.8,2.5032337,1325.9,41.1,0.018796714
750.1,3335.3,0,-1.9,2.5018085,1326.1,41.1,0.018648709
750.1,3333.5,0,-1.8,2.5004583,1326.3,41.1,0.018500703
750.2,3331.6,0.1,-1.9,2.4993663,1326.5,41.1,0.018352697
750.2,3329.8,0,-1.8,2.498016,1326.7,41.1,0.018204692
750.2,3327.9,0,-1.9,2.4965906,1326.9,41.1,0.018056686
750.2,3326,0,-1.9,2.4951652,1327.1,41.1,0.017908681
750.2,3324.1,0,-1.9,2.4937398,1327.3,41.1,0.017760675
750.2,3322.2,0,-1.9,2.4923144,1327.5,41.1,0.017612669
750.2,3320.3,0,-1.9,2.4908891,1327.7,41.1,0.017464664
750.2,3318.3,0,-2,2.4893887,1327.9,41.1,0.017316658
750.2,3316.3,0,-2,2.4878883,1328.1,41.1,0.017168652
750.2,3314.3,0,-2,2.4863879,1328.4,41.1,0.016946644
750.2,3312.4,0,-1.9,2.4849625,1328.6,41.1,0.016798638
750.2,3310.4,0,-2,2.4834621,1328.8,41.1,0.016650633
750.2,3308.4,0,-2,2.4819617,1329,41.1,0.016502627
750.2,3306.3,0,-2.1,2.4803863,1329.2,41.1,0.016354621
750.2,3304.3,0,-2,2.4788859,1329.4,41.1,0.016206616
750.2,3302.2,0,-2.1,2.4773104,1329.6,41.1,0.01605861
750.2,3300.1,0,-2.1,2.475735,1329.8,41.1,0.015910605
750.2,3298,0,-2.1,2.4741596,1330,41.1,0.015762599
750.2,3295.9,0,-2.1,2.4725842,1330.2,41.1,0.015614593
750.2,3293.7,0,-2.2,2.4709337,1330.4,41.1,0.015466588
750.2,3291.6,0,-2.1,2.4693583,1330.6,41.1,0.015318582
750.2,3289.4,0,-2.2,2.4677079,1330.9,41.1,0.015096574
750.2,3287.2,0,-2.2,2.4660574,1331.1,41.1,0.014948568
750.2,3285,0,-2.2,2.464407,1331.3,41.1,0.014800562
750.2,3282.8,0,-2.2,2.4627566,1331.5,41.1,0.014652557
750.1,3280.4,-0.1,-2.4,2.460628,1331.7,41.1,0.014504551
750.2,3278.2,0.1,-2.2,2.4593056,1331.9,41.1,0.014356546
750.2,3276,0,-2.2,2.4576552,1332.1,41.1,0.01420854
750.3,3273.6,0.1,-2.4,2.4561821,1332.3,41.1,0.014060534
750.3,3271.3,0,-2.3,2.4544564,1332.5,41.1,0.013912529
750.2,3269,-0.1,-2.3,2.4524038,1332.7,41.1,0.013764523
750.2,3266.6,0,-2.4,2.4506033,1332.9,41.1,0.013616517
750.2,3264.3,0,-2.3,2.4488779,1333.1,41.1,0.013468512
750.2,3261.8,0,-2.5,2.4470024,1333.4,41.1,0.013246503
750.2,3259.4,0,-2.4,2.4452019,1333.6,41.1,0.013098498
750.2,3256.9,0,-2.5,2.4433264,1333.8,41.1,0.012950492
750.2,3254.4,0,-2.5,2.4414509,1334,41.1,0.012802486
750.2,3251.9,0,-2.5,2.4395754,1334.2,41.1,0.012654481
750.2,3249.3,0,-2.6,2.4376249,1334.4,41.1,0.012506475
750.2,3246.9,0,-2.4,2.4358244,1334.6,41.1,0.01235847
750.2,3244.2,0,-2.7,2.4337988,1334.8,41.1,0.012210464
750.2,3241.7,0,-2.5,2.4319233,1335,41.1,0.012062458
750.2,3238.9,0,-2.8,2.4298228,1335.2,41.1,0.011914453
750.2,3236.3,0,-2.6,2.4278723,1335.4,41.1,0.011766447
750.2,3233.6,0,-2.7,2.4258467,1335.6,41.1,0.011618442
750.2,3230.9,0,-2.7,2.4238212,1335.9,41.1,0.011396433
750.2,3228.2,0,-2.7,2.4217956,1336.1,41.1,0.011248427
750.2,3225.4,0,-2.8,2.4196951,1336.3,41.1,0.011100422
750.2,3222.5,0,-2.9,2.4175195,1336.5,41.1,0.010952416
750.2,3219.7,0,-2.8,2.4154189,1336.7,41.1,0.010804411
750.2,3216.8,0,-2.9,2.4132434,1336.9,41.1,0.010656405
750.1,3213.9,-0.1,-2.9,2.4107464,1337.1,41.1,0.010508399
750.2,3210.9,0.1,-3,2.4088172,1337.3,41.1,0.010360394
750.2,3207.9,0,-3,2.4065666,1337.5,41.1,0.010212388
750.1,3204.8,-0.1,-3.1,2.4039205,1337.7,41.1,0.010064382
750.2,3201.9,0.1,-2.9,2.4020654,1337.9,41.1,0.0099163768
750.2,3198.7,0,-3.2,2.3996647,1338.1,41.1,0.0097683712
750.2,3195.5,0,-3.2,2.3972641,1338.4,41.1,0.0095463628
750.2,3192.4,0,-3.1,2.3949385,1338.6,41.1,0.0093983571
750.2,3189,0,-3.4,2.3923878,1338.8,41.1,0.0092503515
750.2,3185.7,0,-3.3,2.3899121,1339,41.1,0.0091023459
750.2,3182.3,0,-3.4,2.3873615,1339.2,41.1,0.0089543403
750.2,3178.9,0,-3.4,2.3848108,1339.4,41.1,0.0088063346
750.2,3175.4,0,-3.5,2.3821851,1339.6,41.1,0.008658329
750.2,3171.9,0,-3.5,2.3795594,1339.8,41.1,0.0085103234
750.2,3168.3,0,-3.6,2.3768587,1340,41.1,0.0083623178
750.2,3164.6,0,-3.7,2.3740829,1340.2,41.1,0.0082143121
750.2,3160.7,0,-3.9,2.3711571,1340.4,41.1,0.0080663065
750.2,3156.9,0,-3.8,2.3683064,1340.6,41.1,0.0079183009
750.2,3152.9,0,-4,2.3653056,1340.9,41.1,0.0076962925
750.2,3149,0,-3.9,2.3623798,1341.1,41.1,0.0075482868
750.2,3144.8,0,-4.2,2.359229,1341.3,41.1,0.0074002812
750.2,3140.5,0,-4.3,2.3560031,1341.5,41.1,0.0072522756
750.2,3136.2,0,-4.3,2.3527772,1341.7,41.1,0.00710427
750.2,3131.7,0,-4.5,2.3494013,1341.9,41.1,0.0069562643
750.2,3127.1,0,-4.6,2.3459504,1342.1,41.1,0.0068082587
750.2,3122.4,0,-4.7,2.3424245,1342.3,41.1,0.0066602531
750.2,3117.5,0,-4.9,2.3387485,1342.5,41.1,0.0065122475
750.2,3112.7,0,-4.8,2.3351475,1342.7,41.1,0.0063642418
750.2,3107.5,0,-5.2,2.3312465,1342.9,41.1,0.0062162362
750.2,3102.3,0,-5.2,2.3273455,1343.1,41.1,0.0060682306
750.2,3096.9,0,-5.4,2.3232944,1343.4,41.1,0.0058462222
750.2,3091.4,0,-5.5,2.3191683,1343.6,41.1,0.0056982165
750.2,3085.7,0,-5.7,2.3148921,1343.8,41.1,0.0055502109
750.2,3079.9,0,-5.8,2.310541,1344,41.1,0.0054022053
750.2,3073.9,0,-6,2.3060398,1344.2,41.1,0.0052541997
750.2,3067.9,0,-6,2.3015386,1344.4,41.1,0.005106194
750.2,3061.5,0,-6.4,2.2967373,1344.6,41.1,0.0049581884
750.2,3055.1,0,-6.4,2.291936,1344.8,41.1,0.0048101828
750.2,3048.4,0,-6.7,2.2869097,1345,41.1,0.0046621772
750.2,3041.6,0,-6.8,2.2818083,1345.2,41.1,0.0045141715
750.2,3034.5,0,-7.1,2.2764819,1345.4,41.1,0.0043661659
750.2,3027.1,0,-7.4,2.2709304,1345.6,41.1,0.0042181603
750.2,3019.7,0,-7.4,2.2653789,1345.9,41.1,0.0039961519
750.2,3012.1,0,-7.6,2.2596774,1346.1,41.1,0.0038481462
750.1,3004.1,-0.1,-8,2.2533754,1346.3,41.1,0.0037001406
750.1,2995.9,0,-8.2,2.2472246,1346.5,41.1,0.003552135
750.2,2987.4,0.1,-8.5,2.2411475,1346.7,41.1,0.0034041294
750.2,2978.7,0,-8.7,2.2346207,1346.9,41.1,0.0032561237
750.2,2969.6,0,-9.1,2.2277939,1347.1,41.1,0.0031081181
750.2,2960.3,0,-9.3,2.2208171,1347.3,41.1,0.0029601125
750.2,2950.6,0,-9.7,2.2135401,1347.5,41.1,0.0028121069
750.2,2940.8,0,-9.8,2.2061882,1347.7,41.1,0.0026641012
750.2,2930.7,0,-10.1,2.1986111,1347.9,41.1,0.0025160956
750.2,2920.4,0,-10.3,2.1908841,1348.1,41.1,0.00236809
750.2,2910,0,-10.4,2.183082,1348.4,41.1,0.0021460816
750.1,2899.3,-0.1,-10.7,2.1747649,1348.6,41.1,0.0019980759
750.1,2888.5,0,-10.8,2.1666638,1348.8,41.1,0.0018500703
750.1,2877.6,0,-10.9,2.1584878,1349,41.1,0.0017020647
750.1,2866.4,0,-11.2,2.1500866,1349.2,41.1,0.0015540591
750.1,2855.2,0,-11.2,2.1416855,1349.4,41.1,0.0014060534
750.1,2843.8,0,-11.4,2.1331344,1349.6,41.1,0.0012580478
750.1,2832.2,0,-11.6,2.1244332,1349.8,41.1,0.0011100422
750.1,2820.6,0,-11.6,2.1157321,1350,41.1,0.00096203656
750.1,2808.9,0,-11.7,2.1069559,1350.2,41.1,0.00081403093
750.2,2797.1,0.1,-11.8,2.0983844,1350.4,41.1,0.00066602531
750.2,2785.3,0,-11.8,2.0895321,1350.6,41.1,0.00051801968
750.2,2773.4,0,-11.9,2.0806047,1350.9,41.1,0.00029601125
750.2,2761.4,0,-12,2.0716023,1351.1,41.1,0.00014800562
750.2,2749.4,0,-12,2.0625999,1351.3,41.1,0
