Current(mA),Voltage(mV),dI(mA),dV(mV),Power(W),RawCapacity(mAh),T(C),SOC
0,4197.8,0,0,0,0,40.6,1
0,4197.4,0,-0.4,0,0,40.6,1
0,4197.1,0,-0.3,0,0,40.6,1
0,4196.8,0,-0.3,0,0,40.6,1
0,4196.6,0,-0.2,0,0,40.6,1
0,4196.4,0,-0.2,0,0,40.6,1
0,4196.3,0,-0.1,0,0,40.6,1
0,4196.1,0,-0.2,0,0,40.6,1
0,4196,0,-0.1,0,0,40.6,1
0,4195.8,0,-0.2,0,0,40.6,1
0,4195.6,0,-0.2,0,0,40.6,1
0,4195.5,0,-0.1,0,0,40.6,1
0,4195.4,0,-0.1,0,0,40.6,1
0,4195.2,0,-0.2,0,0,40.6,1
0,4195.1,0,-0.1,0,0,40.6,1
0,4195,0,-0.1,0,0,40.6,1
0,4194.8,0,-0.2,0,0,40.6,1
0,4194.7,0,-0.1,0,0,40.6,1
0,4194.6,0,-0.1,0,0,40.6,1
0,4194.5,0,-0.1,0,0,40.6,1
0,4194.4,0,-0.1,0,0,40.6,1
0,4194.3,0,-0.1,0,0,40.6,1
0,4194.1,0,-0.2,0,0,40.6,1
0,4194,0,-0.1,0,0,40.6,1
0,4193.9,0,-0.1,0,0,40.6,1
0,4193.8,0,-0.1,0,0,40.6,1
0,4193.7,0,-0.1,0,0,40.6,1
0,4193.6,0,-0.1,0,0,40.6,1
0,4193.5,0,-0.1,0,0,40.6,1
0,4193.4,0,-0.1,0,0,40.6,1
0,4193.3,0,-0.1,0,0,40.6,1
0,4193.2,0,-0.1,0,0,40.6,1
0,4193.1,0,-0.1,0,0,40.6,1
0,4193,0,-0.1,0,0,40.6,1
0,4192.9,0,-0.1,0,0,40.6,1
0,4192.8,0,-0.1,0,0,40.6,1
0,4192.7,0,-0.1,0,0,40.6,1
0,4192.6,0,-0.1,0,0,40.6,1
0,4192.5,0,-0.1,0,0,40.6,1
0,4192.4,0,-0.1,0,0,40.6,1
0,4192.3,0,-0.1,0,0,40.6,1
0,4192.3,0,0,0,0,40.6,1
0,4192.2,0,-0.1,0,0,40.6,1
0,4192.1,0,-0.1,0,0,40.6,1
0,4192,0,-0.1,0,0,40.6,1
0,4191.9,0,-0.1,0,0,40.6,1
0,4191.8,0,-0.1,0,0,40.6,1
0,4191.7,0,-0.1,0,0,40.6,1
0,4191.7,0,0,0,0,40.6,1
0,4191.6,0,-0.1,0,0,40.6,1
0,4191.5,0,-0.1,0,0,40.6,1
0,4191.4,0,-0.1,0,0,40.6,1
0,4191.3,0,-0.1,0,0,40.6,1
0,4191.3,0,0,0,0,40.6,1
0,4191.1,0,-0.2,0,0,40.6,1
0,4191.1,0,0,0,0,40.6,1
0,4191,0,-0.1,0,0,40.6,1
0,4190.9,0,-0.1,0,0,40.6,1
0,4190.8,0,-0.1,0,0,40.6,1
0,4190.8,0,0,0,0,40.6,1
0,4190.7,0,-0.1,0,0,40.6,1
0,4190.6,0,-0.1,0,0,40.6,1
0,4190.5,0,-0.1,0,0,40.6,1
0,4190.4,0,-0.1,0,0,40.6,1
0,4190.4,0,0,0,0,40.6,1
0,4190.3,0,-0.1,0,0,40.6,1
0,4190.2,0,-0.1,0,0,40.6,1
0,4190.1,0,-0.1,0,0,40.6,1
0,4190.1,0,0,0,0,40.6,1
0,4190,0,-0.1,0,0,40.6,1
0,4189.9,0,-0.1,0,0,40.6,1
0,4189.8,0,-0.1,0,0,40.6,1
0,4189.8,0,0,0,0,40.6,1
0,4189.7,0,-0.1,0,0,40.6,1
0,4189.6,0,-0.1,0,0,40.6,1
0,4189.6,0,0,0,0,40.6,1
0,4189.5,0,-0.1,0,0,40.6,1
0,4189.4,0,-0.1,0,0,40.6,1
0,4189.4,0,0,0,0,40.6,1
0,4189.3,0,-0.1,0,0,40.6,1
0,4189.2,0,-0.1,0,0,40.6,1
0,4189.2,0,0,0,0,40.6,1
0,4189.1,0,-0.1,0,0,40.6,1
0,4189,0,-0.1,0,0,40.6,1
0,4188.9,0,-0.1,0,0,40.6,1
0,4188.9,0,0,0,0,40.6,1
0,4188.8,0,-0.1,0,0,40.6,1
0,4188.7,0,-0.1,0,0,40.6,1
0,4188.7,0,0,0,0,40.6,1
0,4188.6,0,-0.1,0,0,40.6,1
0,4188.6,0,0,0,0,40.6,1
0,4188.5,0,-0.1,0,0,40.6,1
0,4188.4,0,-0.1,0,0,40.6,1
0,4188.4,0,0,0,0,40.6,1
0,4188.3,0,-0.1,0,0,40.6,1
0,4188.2,0,-0.1,0,0,40.6,1
0,4188.2,0,0,0,0,40.6,1
0,4188.1,0,-0.1,0,0,40.6,1
0,4188,0,-0.1,0,0,40.6,1
0,4188,0,0,0,0,40.6,1
0,4187.9,0,-0.1,0,0,40.6,1
0,4187.8,0,-0.1,0,0,40.6,1
0,4187.8,0,0,0,0,40.6,1
0,4187.7,0,-0.1,0,0,40.6,1
0,4187.6,0,-0.1,0,0,40.6,1
0,4187.6,0,0,0,0,40.6,1
0,4187.6,0,0,0,0,40.6,1
0,4187.5,0,-0.1,0,0,40.6,1
0,4187.4,0,-0.1,0,0,40.6,1
0,4187.4,0,0,0,0,40.6,1
0,4187.3,0,-0.1,0,0,40.6,1
0,4187.3,0,0,0,0,40.6,1
0,4187.1,0,-0.2,0,0,40.6,1
0,4187.1,0,0,0,0,40.6,1
0,4187,0,-0.1,0,0,40.6,1
0,4187,0,0,0,0,40.6,1
0,4186.9,0,-0.1,0,0,40.6,1
0,4186.8,0,-0.1,0,0,40.6,1
0,4186.8,0,0,0,0,40.6,1
0,4186.7,0,-0.1,0,0,40.6,1
0,4186.7,0,0,0,0,40.6,1
0,4186.6,0,-0.1,0,0,40.6,1
0,4186.5,0,-0.1,0,0,40.6,1
0,4186.5,0,0,0,0,40.6,1
0,4186.5,0,0,0,0,40.6,1
0,4186.4,0,-0.1,0,0,40.6,1
0,4186.3,0,-0.1,0,0,40.6,1
0,4186.2,0,-0.1,0,0,40.6,1
0,4186.2,0,0,0,0,40.6,1
0,4186.2,0,0,0,0,40.6,1
0,4186.1,0,-0.1,0,0,40.6,1
0,4186,0,-0.1,0,0,40.6,1
0,4186,0,0,0,0,40.6,1
0,4185.9,0,-0.1,0,0,40.6,1
0,4185.9,0,0,0,0,40.6,1
0,4185.8,0,-0.1,0,0,40.6,1
0,4185.7,0,-0.1,0,0,40.6,1
0,4185.7,0,0,0,0,40.6,1
0,4185.7,0,0,0,0,40.6,1
0,4185.6,0,-0.1,0,0,40.6,1
0,4185.6,0,0,0,0,40.6,1
0,4185.5,0,-0.1,0,0,40.6,1
0,4185.4,0,-0.1,0,0,40.6,1
0,4185.4,0,0,0,0,40.6,1
0,4185.3,0,-0.1,0,0,40.6,1
0,4185.3,0,0,0,0,40.6,1
0,4185.2,0,-0.1,0,0,40.6,1
0,4185.2,0,0,0,0,40.6,1
0,4185.2,0,0,0,0,40.6,1
0,4185.1,0,-0.1,0,0,40.6,1
0,4185,0,-0.1,0,0,40.6,1
0,4185,0,0,0,0,40.6,1
0,4184.9,0,-0.1,0,0,40.6,1
0,4184.9,0,0,0,0,40.6,1
0,4184.8,0,-0.1,0,0,40.6,1
0,4184.7,0,-0.1,0,0,40.6,1
0,4184.7,0,0,0,0,40.6,1
0,4184.6,0,-0.1,0,0,40.6,1
0,4184.6,0,0,0,0,40.6,1
0,4184.6,0,0,0,0,40.6,1
0,4184.5,0,-0.1,0,0,40.6,1
0,4184.5,0,0,0,0,40.6,1
0,4184.4,0,-0.1,0,0,40.6,1
0,4184.3,0,-0.1,0,0,40.6,1
0,4184.3,0,0,0,0,40.6,1
0,4184.2,0,-0.1,0,0,40.6,1
0,4184.2,0,0,0,0,40.6,1
0,4184.2,0,0,0,0,40.6,1
0,4184.1,0,-0.1,0,0,40.6,1
0,4184,0,-0.1,0,0,40.6,1
0,4184,0,0,0,0,40.6,1
0,4184,0,0,0,0,40.6,1
0,4183.9,0,-0.1,0,0,40.6,1
0,4183.9,0,0,0,0,40.6,1
0,4183.8,0,-0.1,0,0,40.6,1
0,4183.7,0,-0.1,0,0,40.6,1
0,4183.7,0,0,0,0,40.5,1
0,4183.6,0,-0.1,0,0,40.5,1
0,4183.6,0,0,0,0,40.5,1
0,4183.5,0,-0.1,0,0,40.5,1
0,4183.5,0,0,0,0,40.5,1
0,4183.4,0,-0.1,0,0,40.5,1
0,4183.4,0,0,0,0,40.5,1
0,4183.3,0,-0.1,0,0,40.5,1
0,4183.3,0,0,0,0,40.5,1
0,4183.2,0,-0.1,0,0,40.5,1
0,4183.2,0,0,0,0,40.5,1
0,4183.2,0,0,0,0,40.5,1
0,4183.1,0,-0.1,0,0,40.5,1
0,4183,0,-0.1,0,0,40.5,1
0,4183,0,0,0,0,40.5,1
0,4182.9,0,-0.1,0,0,40.5,1
0,4182.9,0,0,0,0,40.5,1
0,4182.9,0,0,0,0,40.5,1
0,4182.8,0,-0.1,0,0,40.5,1
0,4182.7,0,-0.1,0,0,40.5,1
0,4182.7,0,0,0,0,40.5,1
0,4182.7,0,0,0,0,40.5,1
0,4182.6,0,-0.1,0,0,40.5,1
0,4182.6,0,0,0,0,40.5,1
0,4182.5,0,-0.1,0,0,40.5,1
0,4182.5,0,0,0,0,40.5,1
0,4182.5,0,0,0,0,40.5,1
0,4182.4,0,-0.1,0,0,40.5,1
0,4182.4,0,0,0,0,40.5,1
0,4182.3,0,-0.1,0,0,40.5,1
0,4182.2,0,-0.1,0,0,40.5,1
0,4182.2,0,0,0,0,40.5,1
0,4182.2,0,0,0,0,40.5,1
0,4182.1,0,-0.1,0,0,40.5,1
0,4182.1,0,0,0,0,40.5,1
0,4182,0,-0.1,0,0,40.5,1
0,4182,0,0,0,0,40.5,1
0,4181.9,0,-0.1,0,0,40.5,1
0,4181.9,0,0,0,0,40.5,1
0,4181.8,0,-0.1,0,0,40.5,1
0,4181.8,0,0,0,0,40.5,1
0,4181.7,0,-0.1,0,0,40.5,1
0,4181.7,0,0,0,0,40.5,1
0,4181.7,0,0,0,0,40.5,1
0,4181.6,0,-0.1,0,0,40.6,1
0,4181.6,0,0,0,0,40.6,1
0,4181.5,0,-0.1,0,0,40.5,1
0,4181.5,0,0,0,0,40.5,1
0,4181.5,0,0,0,0,40.6,1
0,4181.4,0,-0.1,0,0,40.6,1
0,4181.3,0,-0.1,0,0,40.6,1
0,4181.3,0,0,0,0,40.6,1
0,4181.3,0,0,0,0,40.6,1
0,4181.2,0,-0.1,0,0,40.6,1
0,4181.2,0,0,0,0,40.6,1
0,4181.2,0,0,0,0,40.6,1
0,4181.1,0,-0.1,0,0,40.6,1
0,4181.1,0,0,0,0,40.6,1
0,4181,0,-0.1,0,0,40.6,1
0,4181,0,0,0,0,40.6,1
0,4181,0,0,0,0,40.6,1
0,4180.9,0,-0.1,0,0,40.6,1
0,4180.9,0,0,0,0,40.6,1
0,4180.8,0,-0.1,0,0,40.6,1
0,4180.8,0,0,0,0,40.6,1
0,4180.7,0,-0.1,0,0,40.6,1
0,4180.7,0,0,0,0,40.6,1
0,4180.6,0,-0.1,0,0,40.6,1
0,4180.6,0,0,0,0,40.6,1
0,4180.5,0,-0.1,0,0,40.6,1
0,4180.5,0,0,0,0,40.6,1
0,4180.5,0,0,0,0,40.6,1
0,4180.4,0,-0.1,0,0,40.6,1
0,4180.4,0,0,0,0,40.6,1
0,4180.4,0,0,0,0,40.6,1
0,4180.3,0,-0.1,0,0,40.6,1
0,4180.3,0,0,0,0,40.6,1
0,4180.2,0,-0.1,0,0,40.6,1
0,4180.2,0,0,0,0,40.6,1
0,4180.2,0,0,0,0,40.6,1
0,4180.1,0,-0.1,0,0,40.6,1
0,4180.1,0,0,0,0,40.6,1
0,4180,0,-0.1,0,0,40.6,1
0,4180,0,0,0,0,40.6,1
0,4180,0,0,0,0,40.6,1
0,4179.9,0,-0.1,0,0,40.6,1
0,4179.9,0,0,0,0,40.6,1
0,4179.8,0,-0.1,0,0,40.6,1
0,4179.8,0,0,0,0,40.6,1
0,4179.8,0,0,0,0,40.6,1
0,4179.7,0,-0.1,0,0,40.6,1
0,4179.6,0,-0.1,0,0,40.6,1
0,4179.6,0,0,0,0,40.6,1
0,4179.6,0,0,0,0,40.6,1
0,4179.5,0,-0.1,0,0,40.6,1
0,4179.5,0,0,0,0,40.6,1
0,4179.5,0,0,0,0,40.6,1
0,4179.4,0,-0.1,0,0,40.6,1
0,4179.4,0,0,0,0,40.6,1
0,4179.3,0,-0.1,0,0,40.6,1
0,4179.3,0,0,0,0,40.6,1
0,4179.3,0,0,0,0,40.6,1
0,4179.2,0,-0.1,0,0,40.6,1
0,4179.2,0,0,0,0,40.6,1
0,4179.1,0,-0.1,0,0,40.6,1
0,4179.1,0,0,0,0,40.6,1
0,4179.1,0,0,0,0,40.6,1
0,4179,0,-0.1,0,0,40.6,1
0,4179,0,0,0,0,40.6,1
0,4179,0,0,0,0,40.6,1
0,4178.9,0,-0.1,0,0,40.6,1
0,4178.9,0,0,0,0,40.6,1
0,4178.8,0,-0.1,0,0,40.6,1
0,4178.8,0,0,0,0,40.6,1
0,4178.7,0,-0.1,0,0,40.6,1
0,4178.7,0,0,0,0,40.6,1
0,4178.6,0,-0.1,0,0,40.6,1
0,4178.6,0,0,0,0,40.6,1
0,4178.6,0,0,0,0,40.6,1
0,4178.6,0,0,0,0,40.6,1
0,4178.5,0,-0.1,0,0,40.6,1
0,4178.5,0,0,0,0,40.6,1
0,4178.5,0,0,0,0,40.6,1
0,4178.4,0,-0.1,0,0,40.6,1
0,4178.4,0,0,0,0,40.6,1
198.9,4171.3,198.9,-7.1,0.82967157,0.1,40.6,0.9999236
394.8,4163,195.9,-8.3,1.6435524,0.2,40.6,0.9998472
384.9,4162,-9.9,-1,1.6019538,0.3,40.6,0.9997708
397.1,4160.3,12.2,-1.7,1.6520551,0.4,40.6,0.9996944
399.9,4159,2.8,-1.3,1.6631841,0.5,40.6,0.999618
387.9,4158.4,-12,-0.6,1.6130434,0.6,40.6,0.9995416
403.9,4156.9,16,-1.5,1.6789719,0.7,40.6,0.9994652
398,4156.2,-5.9,-0.7,1.6541676,0.8,40.6,0.9993888
413.9,4154.7,15.9,-1.5,1.7196303,0.9,40.6,0.9993124
410.8,4154,-3.1,-0.7,1.7064632,1.1,40.6,0.9991596
397,4153.7,-13.8,-0.3,1.6490189,1.2,40.6,0.9990832
402.9,4152.7,5.9,-1,1.6731228,1.3,40.6,0.9990068
397.8,4152.1,-5.1,-0.6,1.6517054,1.4,40.6,0.9989304
399.9,4151.3,2.1,-0.8,1.6601049,1.5,40.6,0.998854
413,4150.1,13.1,-1.2,1.7139913,1.6,40.6,0.9987776
389.9,4150.2,-23.1,0.1,1.618163,1.7,40.6,0.9987012
404.9,4149,15,-1.2,1.6799301,1.8,40.6,0.9986248
398.1,4148.7,-6.8,-0.3,1.6515975,1.9,40.6,0.9985484
396,4148.1,-2.1,-0.6,1.6426476,2.1,40.6,0.9983956
400.9,4147.4,4.9,-0.7,1.6626927,2.2,40.6,0.9983192
402.9,4146.6,2,-0.8,1.6706651,2.3,40.6,0.9982428
388,4146.6,-14.9,0,1.6088808,2.4,40.6,0.9981664
396.9,4145.7,8.9,-0.9,1.6454283,2.5,40.6,0.99809
396.9,4145.2,0,-0.5,1.6452299,2.6,40.6,0.9980136
391.9,4144.8,-5,-0.4,1.6243471,2.7,40.6,0.9979372
405.1,4143.9,13.2,-0.9,1.6786939,2.8,40.5,0.9978608
402,4143.4,-3.1,-0.5,1.6656468,2.9,40.5,0.9977844
401.9,4142.9,-0.1,-0.5,1.6650315,3,40.5,0.997708
397.9,4142.5,-4,-0.4,1.6483007,3.2,40.5,0.9975552
398,4142,0.1,-0.5,1.648516,3.3,40.5,0.9974788
398.9,4141.5,0.9,-0.5,1.6520443,3.4,40.5,0.9974024
402.9,4140.9,4,-0.6,1.6683686,3.5,40.5,0.997326
397.9,4140.5,-5,-0.4,1.647505,3.6,40.5,0.9972496
407,4139.7,9.1,-0.8,1.6848579,3.7,40.5,0.9971732
399.8,4139.5,-7.2,-0.2,1.6549721,3.8,40.5,0.9970968
381.1,4139.7,-18.7,0.2,1.5776397,3.9,40.5,0.9970204
391.9,4138.9,10.8,-0.8,1.6220349,4,40.5,0.996944
404.9,4138.1,13,-0.8,1.6755167,4.2,40.5,0.9967912
388,4138.2,-16.9,0.1,1.6056216,4.3,40.5,0.9967148
394.9,4137.5,6.9,-0.7,1.6338987,4.4,40.5,0.9966384
405,4136.8,10.1,-0.7,1.675404,4.5,40.5,0.996562
397,4136.6,-8,-0.2,1.6422302,4.6,40.5,0.9964856
399.8,4136.1,2.8,-0.5,1.6536128,4.7,40.5,0.9964092
391.1,4136,-8.7,-0.1,1.6175896,4.8,40.5,0.9963328
398.9,4135.3,7.8,-0.7,1.6495712,4.9,40.5,0.9962564
400.9,4134.9,2,-0.4,1.6576814,5,40.5,0.99618
385,4135.1,-15.9,0.2,1.5920135,5.1,40.5,0.9961036
400.9,4134.1,15.9,-1,1.6573607,5.3,40.5,0.9959508
400.9,4133.8,0,-0.3,1.6572404,5.4,40.5,0.9958744
386,4133.9,-14.9,0.1,1.5956854,5.5,40.5,0.995798
404.9,4132.8,18.9,-1.1,1.6733707,5.6,40.5,0.9957216
404.8,4132.4,-0.1,-0.4,1.6727955,5.7,40.5,0.9956452
389.1,4132.7,-15.7,0.3,1.6080336,5.8,40.5,0.9955688
415.9,4131.3,26.8,-1.4,1.7182077,5.9,40.5,0.9954924
404.9,4131.3,-11,0,1.6727634,6,40.5,0.995416
400.9,4131.1,-4,-0.2,1.656158,6.1,40.5,0.9953396
392,4131.1,-8.9,0,1.6193912,6.3,40.5,0.9951868
405.9,4130.3,13.9,-0.8,1.6764888,6.4,40.5,0.9951104
402.9,4130,-3,-0.3,1.663977,6.5,40.5,0.995034
400.9,4129.7,-2,-0.3,1.6555967,6.6,40.5,0.9949576
395,4129.6,-5.9,-0.1,1.631192,6.7,40.5,0.9948812
379,4129.9,-16,0.3,1.5652321,6.8,40.5,0.9948048
407.9,4128.6,28.9,-1.3,1.6840559,6.9,40.5,0.9947284
399,4128.5,-8.9,-0.1,1.6472715,7,40.5,0.994652
399.9,4128.2,0.9,-0.3,1.6508672,7.1,40.5,0.9945756
392.9,4128.1,-7,-0.1,1.6219305,7.3,40.5,0.9944228
391.9,4127.8,-1,-0.3,1.6176848,7.4,40.5,0.9943464
394,4127.5,2.1,-0.3,1.626235,7.5,40.5,0.99427
402.9,4126.8,8.9,-0.7,1.6626877,7.6,40.5,0.9941936
397.9,4126.6,-5,-0.2,1.6419741,7.7,40.5,0.9941172
399.9,4126.3,2,-0.3,1.6501074,7.8,40.5,0.9940408
385,4126.5,-14.9,0.2,1.5887025,7.9,40.5,0.9939644
199,4133,-186,6.5,0.822467,8,40.5,0.993888
0,4140,-199,7,0,8,40.5,0.993888
0,4140.7,0,0.7,0,8,40.5,0.993888
0,4141.3,0,0.6,0,8,40.5,0.993888
0,4141.8,0,0.5,0,8,40.5,0.993888
0,4142.2,0,0.4,0,8,40.5,0.993888
0,4142.7,0,0.5,0,8,40.5,0.993888
0,4143,0,0.3,0,8,40.5,0.993888
0,4143.3,0,0.3,0,8,40.5,0.993888
0,4143.6,0,0.3,0,8,40.5,0.993888
0,4143.9,0,0.3,0,8,40.5,0.993888
0,4144.2,0,0.3,0,8,40.5,0.993888
0,4144.4,0,0.2,0,8,40.5,0.993888
0,4144.7,0,0.3,0,8,40.5,0.993888
0,4144.9,0,0.2,0,8,40.5,0.993888
0,4145.1,0,0.2,0,8,40.5,0.993888
0,4145.3,0,0.2,0,8,40.5,0.993888
0,4145.5,0,0.2,0,8,40.5,0.993888
0,4145.7,0,0.2,0,8,40.5,0.993888
0,4145.8,0,0.1,0,8,40.5,0.993888
0,4146.1,0,0.3,0,8,40.5,0.993888
0,4146.2,0,0.1,0,8,40.5,0.993888
0,4146.4,0,0.2,0,8,40.5,0.993888
0,4146.5,0,0.1,0,8,40.5,0.993888
0,4146.6,0,0.1,0,8,40.5,0.993888
0,4146.7,0,0.1,0,8,40.5,0.993888
0,4146.9,0,0.2,0,8,40.5,0.993888
0,4147,0,0.1,0,8,40.5,0.993888
0,4147.1,0,0.1,0,8,40.5,0.993888
0,4147.3,0,0.2,0,8,40.5,0.993888
0,4147.4,0,0.1,0,8,40.5,0.993888
0,4147.5,0,0.1,0,8,40.5,0.993888
0,4147.6,0,0.1,0,8,40.5,0.993888
0,4147.7,0,0.1,0,8,40.5,0.993888
0,4147.8,0,0.1,0,8,40.5,0.993888
0,4147.8,0,0,0,8,40.5,0.993888
0,4147.9,0,0.1,0,8,40.5,0.993888
0,4148,0,0.1,0,8,40.5,0.993888
0,4148.1,0,0.1,0,8,40.5,0.993888
0,4148.2,0,0.1,0,8,40.5,0.993888
0,4148.2,0,0,0,8,40.5,0.993888
0,4148.4,0,0.2,0,8,40.5,0.993888
0,4148.4,0,0,0,8,40.5,0.993888
0,4148.5,0,0.1,0,8,40.5,0.993888
0,4148.5,0,0,0,8,40.5,0.993888
0,4148.6,0,0.1,0,8,40.5,0.993888
0,4148.6,0,0,0,8,40.5,0.993888
0,4148.7,0,0.1,0,8,40.5,0.993888
0,4148.8,0,0.1,0,8,40.5,0.993888
0,4148.8,0,0,0,8,40.5,0.993888
0,4148.9,0,0.1,0,8,40.5,0.993888
0,4148.9,0,0,0,8,40.5,0.993888
0,4149,0,0.1,0,8,40.5,0.993888
0,4149,0,0,0,8,40.5,0.993888
0,4149.1,0,0.1,0,8,40.5,0.993888
0,4149.1,0,0,0,8,40.5,0.993888
0,4149.2,0,0.1,0,8,40.5,0.993888
0,4149.2,0,0,0,8,40.5,0.993888
0,4149.2,0,0,0,8,40.5,0.993888
0,4149.2,0,0,0,8,40.5,0.993888
0,4149.3,0,0.1,0,8,40.5,0.993888
0,4149.3,0,0,0,8,40.5,0.993888
0,4149.4,0,0.1,0,8,40.5,0.993888
0,4149.4,0,0,0,8,40.5,0.993888
0,4149.4,0,0,0,8,40.5,0.993888
0,4149.5,0,0.1,0,8,40.5,0.993888
0,4149.5,0,0,0,8,40.5,0.993888
1153.7,4108.2,1153.7,-41.3,4.7396303,8.3,40.5,0.9936588
2301.5,4063.6,1147.8,-44.6,9.3523754,8.9,40.5,0.9932004
2308.6,4057.7,7.1,-5.9,9.3676062,9.6,40.5,0.9926656
2298.6,4053.5,-10,-4.2,9.3173751,10.2,40.5,0.9922072
2308.7,4049.1,10.1,-4.4,9.3481572,10.8,40.5,0.9917488
2305.8,4045.7,-2.9,-3.4,9.3285751,11.5,40.5,0.991214
2304.6,4042.5,-1.2,-3.2,9.3163455,12.1,40.5,0.9907556
2308.7,4039.3,4.1,-3.2,9.3255319,12.8,40.5,0.9902208
2306.7,4036.5,-2,-2.8,9.3109946,13.4,40.5,0.9897624
2295.7,4034.3,-11,-2.2,9.2615425,14,40.5,0.989304
2317.7,4031,22,-3.3,9.3426487,14.7,40.5,0.9887692
2294.6,4029.4,-23.1,-1.6,9.2458612,15.3,40.5,0.9883108
2311.8,4026.6,17.2,-2.8,9.3086939,16,40.5,0.987776
2301.7,4024.8,-10.1,-1.8,9.2638822,16.6,40.5,0.98731759
2304.5,4022.6,2.8,-2.2,9.2700817,17.2,40.5,0.98685919
2306.8,4020.7,2.3,-1.9,9.2749508,17.9,40.5,0.98632439
2297.5,4019.1,-9.3,-1.6,9.2338822,18.5,40.5,0.98586599
2317.8,4016.6,20.3,-2.5,9.3096755,19.2,40.5,0.98533119
2312.6,4015,-5.2,-1.6,9.285089,19.8,40.5,0.98487279
2301.8,4013.6,-10.8,-1.4,9.2385045,20.5,40.5,0.98433799
2311.6,4011.7,9.8,-1.9,9.2734457,21.1,40.5,0.98387959
2302.8,4010.4,-8.8,-1.3,9.2351491,21.7,40.5,0.98342119
2301.6,4008.9,-1.2,-1.5,9.2268842,22.4,40.5,0.98288639
2307.8,4007.2,6.2,-1.7,9.2478162,23,40.5,0.98242799
2311.6,4005.7,3.8,-1.5,9.2595761,23.7,40.5,0.98189319
2320.8,4003.9,9.2,-1.8,9.2922511,24.3,40.5,0.98143479
2304.7,4003.1,-16.1,-0.8,9.2259446,24.9,40.5,0.98097639
2306.7,4001.7,2,-1.4,9.2307214,25.6,40.5,0.98044159
2308.6,4000.4,1.9,-1.3,9.2353234,26.2,40.5,0.97998319
2295.7,3999.6,-12.9,-0.8,9.1818817,26.9,40.5,0.97944839
2310.7,3997.9,15,-1.7,9.2379475,27.5,40.5,0.97898999
2295.7,3997.2,-15,-0.7,9.176372,28.1,40.5,0.97853159
2278.7,3996.7,-17,-0.5,9.1072803,28.8,40.5,0.97799679
2311.7,3994.5,33,-2.2,9.2340857,29.4,40.5,0.97753839
2307.6,3993.5,-4.1,-1,9.2154006,30.1,40.5,0.97700359
2304.7,3992.5,-2.9,-1,9.2015147,30.7,40.5,0.97654519
2305.6,3991.5,0.9,-1,9.2028024,31.3,40.5,0.97608679
2301.6,3990.6,-4,-0.9,9.184765,32,40.5,0.97555199
2304.8,3989.5,3.2,-1.1,9.1949996,32.6,40.5,0.97509359
2300.6,3988.7,-4.2,-0.8,9.1764032,33.3,40.6,0.97455879
2304.6,3987.6,4,-1.1,9.189823,33.9,40.6,0.97410039
2308.8,3986.5,4.2,-1.1,9.2040312,34.5,40.6,0.97364199
2296.6,3986,-12.2,-0.5,9.1542476,35.2,40.6,0.97310719
2302.6,3985,6,-1,9.175861,35.8,40.6,0.97264879
2302.6,3984.1,0,-0.9,9.1737887,36.5,40.6,0.97211399
2305.8,3983.1,3.2,-1,9.184232,37.1,40.6,0.97165559
2307.5,3982.2,1.7,-0.9,9.1889265,37.7,40.6,0.97119719
2300.6,3981.7,-6.9,-0.5,9.160299,38.4,40.6,0.97066239
2315.6,3980.4,15,-1.3,9.2170142,39,40.6,0.97020399
2316.6,3979.5,1,-0.9,9.2189097,39.7,40.6,0.96966919
2300.6,3979.3,-16,-0.2,9.1547776,40.3,40.6,0.96921079
2307.7,3978.3,7.1,-1,9.1807229,40.9,40.6,0.96875239
2308.7,3977.5,1,-0.8,9.1828543,41.6,40.6,0.96821759
2310.6,3976.7,1.9,-0.8,9.188563,42.2,40.6,0.96775919
2300.7,3976.4,-9.9,-0.3,9.1485035,42.9,40.6,0.96722439
2292.8,3975.9,-7.9,-0.5,9.1159435,43.5,40.6,0.96676599
2312.6,3974.6,19.8,-1.3,9.19166,44.1,40.6,0.96630759
2312.7,3973.9,0.1,-0.7,9.1904385,44.8,40.6,0.96577279
2296.7,3973.8,-16,-0.1,9.1266265,45.4,40.6,0.96531439
2308.7,3972.7,12,-1.1,9.1717725,46.1,40.6,0.96477959
2298.6,3972.4,-10.1,-0.3,9.1309586,46.7,40.6,0.96432119
2310.6,3971.4,12,-1,9.1763168,47.3,40.6,0.96386279
2306.6,3970.9,-4,-0.5,9.1592779,48,40.6,0.96332799
2318.7,3969.9,12.1,-1,9.2050071,48.6,40.6,0.96286959
2302.6,3969.7,-16.1,-0.2,9.1406312,49.3,40.6,0.96233478
2318.7,3968.6,16.1,-1.1,9.2019928,49.9,40.6,0.96187638
2307.7,3968.4,-11,-0.2,9.1578767,50.6,40.6,0.96134158
2293.6,3968.3,-14.1,-0.1,9.1016929,51.2,40.6,0.96088318
2304.7,3967.4,11.1,-0.9,9.1436668,51.8,40.6,0.96042478
2307.6,3966.7,2.9,-0.7,9.1535569,52.5,40.6,0.95988998
2307.7,3966.2,0.1,-0.5,9.1527997,53.1,40.6,0.95943158
2302.7,3965.7,-5,-0.5,9.1318174,53.8,40.6,0.95889678
2312.6,3964.9,9.9,-0.8,9.1692277,54.4,40.6,0.95843838
2299.6,3964.8,-13,-0.1,9.1174541,55,40.6,0.95797998
2313.6,3963.8,14,-1,9.1706477,55.7,40.6,0.95744518
2313.6,3963.3,0,-0.5,9.1694909,56.3,40.6,0.95698678
2298.6,3963.3,-15,0,9.1100414,57,40.6,0.95645198
2315.6,3962.3,17,-1,9.1751019,57.6,40.6,0.95599358
2314.7,3961.8,-0.9,-0.5,9.1703785,58.2,40.6,0.95553518
2317.6,3961.2,2.9,-0.6,9.1804771,58.9,40.6,0.95500038
2307.7,3961,-9.9,-0.2,9.1407997,59.5,40.6,0.95454198
2306.7,3960.6,-1,-0.4,9.135916,60.2,40.6,0.95400718
2309.7,3960,3,-0.6,9.146412,60.8,40.6,0.95354878
2308.6,3959.6,-1.1,-0.4,9.1411326,61.5,40.6,0.95301398
2319.7,3958.7,11.1,-0.9,9.1829964,62.1,40.6,0.95255558
2301.7,3958.9,-18,0.2,9.1122001,62.7,40.6,0.95209718
2304.7,3958.3,3,-0.6,9.122694,63.4,40.6,0.95156238
2311.6,3957.7,6.9,-0.6,9.1486193,64,40.6,0.95110398
2320.7,3956.9,9.1,-0.8,9.1827778,64.7,40.6,0.95056918
2305.8,3956.9,-14.9,0,9.12382,65.3,40.6,0.95011078
2290.7,3957.1,-15.1,0.2,9.064529,65.9,40.6,0.94965238
2298.6,3956.4,7.9,-0.7,9.094181,66.6,40.6,0.94911758
2299.7,3955.9,1.1,-0.5,9.0973832,67.2,40.6,0.94865918
2304.7,3955.4,5,-0.5,9.1160104,67.9,40.6,0.94812438
2286.6,3955.6,-18.1,0.2,9.044875,68.5,40.6,0.94766598
2320.6,3954.1,34,-1.5,9.1758845,69.1,40.6,0.94720758
2314.7,3953.9,-5.9,-0.2,9.1520923,69.8,40.6,0.94667278
2297.7,3954,-17,0.1,9.0851058,70.4,40.6,0.94621438
2303.7,3953.4,6,-0.6,9.1074476,71.1,40.6,0.94567958
2307.7,3952.9,4,-0.5,9.1221073,71.7,40.6,0.94522118
2303.7,3952.7,-4,-0.2,9.105835,72.3,40.6,0.94476278
2309.6,3952.1,5.9,-0.6,9.1277702,73,40.6,0.94422798
2307.7,3951.8,-1.9,-0.3,9.1195689,73.6,40.6,0.94376958
2301.7,3951.6,-6,-0.2,9.0953977,74.3,40.6,0.94323478
1728.8,3970.7,-572.9,19.1,6.8645462,74.7,40.6,0.94292918
1158.9,3990.6,-569.9,19.9,4.6247063,75.1,40.6,0.94262358
1156.8,3992,-2.1,1.4,4.6179456,75.4,40.6,0.94239438
1154.9,3993,-1.9,1,4.6115157,75.7,40.6,0.94216518
1153.8,3993.8,-1.1,0.8,4.6080464,76,40.6,0.94193598
1166.9,3994.1,13.1,0.3,4.6607153,76.4,40.7,0.94163038
1142.9,3995.5,-24,1.4,4.566457,76.7,40.7,0.94140118
1132.8,3996.4,-10.1,0.9,4.5271219,77,40.7,0.94117198
1154.8,3996.2,22,-0.2,4.6148118,77.3,40.7,0.94094278
1142.8,3997,-12,0.8,4.5677716,77.6,40.7,0.94071358
1137.8,3997.6,-5,0.6,4.5484693,77.9,40.7,0.94048438
1158.8,3997.3,21,-0.3,4.6320712,78.3,40.7,0.94017878
1142.8,3998.2,-16,0.9,4.569143,78.6,40.7,0.93994958
1138.9,3998.7,-3.9,0.5,4.5541194,78.9,40.7,0.93972038
1148.9,3998.7,10,0,4.5941064,79.2,40.7,0.93949118
1139.8,3999.3,-9.1,0.6,4.5584021,79.5,40.7,0.93926198
1160.9,3998.9,21.1,-0.4,4.642323,79.9,40.7,0.93895638
1153.8,3999.3,-7.1,0.4,4.6143923,80.2,40.7,0.93872718
1144.9,3999.8,-8.9,0.5,4.579371,80.5,40.7,0.93849798
1154.8,3999.8,9.9,0,4.618969,80.8,40.7,0.93826878
1146.8,4000.2,-8,0.4,4.5874294,81.1,40.7,0.93803958
1149.9,4000.3,3.1,0.1,4.599945,81.4,40.7,0.93781038
1133.8,4001,-16.1,0.7,4.5363338,81.8,40.7,0.93750478
1157.8,4000.4,24,-0.6,4.6316631,82.1,40.7,0.93727557
1142.9,4001.1,-14.9,0.7,4.5728572,82.4,40.7,0.93704637
1147.8,4001.1,4.9,0,4.5924626,82.7,40.7,0.93681717
1158.8,4000.8,11,-0.3,4.636127,83,40.7,0.93658797
1164.8,4000.7,6,-0.1,4.6600154,83.4,40.7,0.93628237
1143,4001.5,-21.8,0.8,4.5737145,83.7,40.7,0.93605317
1152.8,4001.3,9.8,-0.2,4.6126986,84,40.7,0.93582397
1158.8,4001.2,6,-0.1,4.6365906,84.3,40.7,0.93559477
1153.8,4001.4,-5,0.2,4.6168153,84.6,40.7,0.93536557
1150.9,4001.6,-2.9,0.2,4.6054414,85,40.7,0.93505997
1144.8,4001.9,-6.1,0.3,4.5813751,85.3,40.7,0.93483077
1146.8,4001.9,2,0,4.5893789,85.6,40.7,0.93460157
1155.9,4001.6,9.1,-0.3,4.6254494,85.9,40.7,0.93437237
1157.8,4001.6,1.9,0,4.6330525,86.2,40.7,0.93414317
1158.8,4001.6,1,0,4.6370541,86.6,40.7,0.93383757
1148.9,4001.9,-9.9,0.3,4.5977829,86.9,40.7,0.93360837
1151.9,4001.9,3,0,4.6097886,87.2,40.7,0.93337917
1159.8,4001.6,7.9,-0.3,4.6410557,87.5,40.7,0.93314997
1142.8,4002.2,-17,0.6,4.5737142,87.8,40.7,0.93292077
1142.8,4002.2,0,0,4.5737142,88.2,40.7,0.93261517
1158.8,4001.8,16,-0.4,4.6372858,88.5,40.7,0.93238597
1153.9,4001.9,-4.9,0.1,4.6177924,88.8,40.7,0.93215677
1158.7,4001.7,4.8,-0.2,4.6367698,89.1,40.7,0.93192757
1148,4002.1,-10.7,0.4,4.5944108,89.4,40.7,0.93169837
1141.9,4002.3,-6.1,0.2,4.5702264,89.8,40.7,0.93139277
1160.8,4001.6,18.9,-0.7,4.6450573,90.1,40.7,0.93116357
1153.8,4001.8,-7,0.2,4.6172768,90.4,40.7,0.93093437
1145.9,4002.1,-7.9,0.3,4.5860064,90.7,40.7,0.93070517
1144.9,4002.1,-1,0,4.5820043,91,40.7,0.93047597
1137.8,4002.3,-7.1,0.2,4.5538169,91.4,40.7,0.93017037
1147.8,4002,10,-0.3,4.5934956,91.7,40.7,0.92994117
1139.9,4002.2,-7.9,0.2,4.5621078,92,40.7,0.92971197
1154.7,4001.7,14.8,-0.5,4.620763,92.3,40.7,0.92948277
1154.8,4001.7,0.1,0,4.6211632,92.6,40.7,0.92925357
1152.9,4001.7,-1.9,0,4.6135599,93,40.7,0.92894797
1152.8,4001.6,-0.1,-0.1,4.6130445,93.3,40.7,0.92871877
1156.8,4001.4,4,-0.2,4.6288195,93.6,40.7,0.92848957
1156.9,4001.4,0.1,0,4.6292197,93.9,40.7,0.92826037
1151.9,4001.5,-5,0.1,4.6093278,94.2,40.7,0.92803117
1151.8,4001.4,-0.1,-0.1,4.6088125,94.6,40.7,0.92772557
1153.8,4001.3,2,-0.1,4.6166999,94.9,40.7,0.92749637
1149.9,4001.4,-3.9,0.1,4.6012099,95.2,40.7,0.92726717
1144.8,4001.5,-5.1,0.1,4.5809172,95.5,40.7,0.92703797
1140.8,4001.6,-4,0.1,4.5650253,95.8,40.7,0.92680877
1156.9,4001,16.1,-0.6,4.6287569,96.2,40.7,0.92650317
1153.8,4001.1,-3.1,0.1,4.6164692,96.5,40.7,0.92627397
1138.8,4001.5,-15,0.4,4.5569082,96.8,40.7,0.92604477
1163.9,4000.6,25.1,-0.9,4.6562983,97.1,40.7,0.92581557
1156.8,4000.8,-7.1,0.2,4.6281254,97.4,40.7,0.92558637
1146.8,4001,-10,0.2,4.5883468,97.8,40.7,0.92528077
1145.9,4001,-0.9,0,4.5847459,98.1,40.7,0.92505157
1155.9,4000.6,10,-0.4,4.6242935,98.4,40.7,0.92482237
1162.8,4000.3,6.9,-0.3,4.6515488,98.7,40.7,0.92459317
1149.9,4000.7,-12.9,0.4,4.6004049,99,40.7,0.92436397
1155.8,4000.4,5.9,-0.3,4.6236623,99.4,40.7,0.92405837
1156.8,4000.3,1,-0.1,4.627547,99.7,40.7,0.92382917
1151.8,4000.3,-5,0,4.6075455,100,40.7,0.92359997
1151.8,4000.3,0,0,4.6075455,100.3,40.7,0.92337077
1142.9,4000.5,-8.9,0.2,4.5721714,100.6,40.7,0.92314157
1142.8,4000.5,-0.1,0,4.5717714,101,40.7,0.92283597
1148.9,4000.2,6.1,-0.3,4.5958298,101.3,40.7,0.92260677
1149.8,4000,0.9,-0.2,4.5992,101.6,40.7,0.92237757
1144.9,4000.1,-4.9,0.1,4.5797145,101.9,40.7,0.92214837
1138.9,4000.3,-6,0.2,4.5559417,102.2,40.7,0.92191917
1154.8,3999.7,15.9,-0.6,4.6188536,102.6,40.7,0.92161357
1158.8,3999.4,4,-0.3,4.6345047,102.9,40.7,0.92138437
1147.8,3999.7,-11,0.3,4.5908557,103.2,40.7,0.92115517
1148.8,3999.6,1,-0.1,4.5947405,103.5,40.7,0.92092597
1149.9,3999.5,1.1,-0.1,4.599025,103.8,40.7,0.92069677
1152.9,3999.3,3,-0.2,4.610793,104.1,40.7,0.92046757
1139.9,3999.7,-13,0.4,4.559258,104.5,40.7,0.92016197
1153.9,3999.1,14,-0.6,4.6145615,104.8,40.7,0.91993277
1131.8,3999.8,-22.1,0.7,4.5269736,105.1,40.7,0.91970357
1158.8,3998.8,27,-1,4.6338094,105.4,40.7,0.91947437
1159.9,3998.7,1.1,-0.1,4.6380921,105.7,40.7,0.91924517
1146.8,3999,-13.1,0.3,4.5860532,106.1,40.7,0.91893957
1144.8,3999,-2,0,4.5780552,106.4,40.7,0.91871037
1141.9,3999,-2.9,0,4.5664581,106.7,40.7,0.91848117
1152.8,3998.6,10.9,-0.4,4.6095861,107,40.7,0.91825197
1138.9,3998.9,-13.9,0.3,4.5543472,107.3,40.7,0.91802277
1152.8,3998.4,13.9,-0.5,4.6093555,107.7,40.7,0.91771717
1152.9,3998.3,0.1,-0.1,4.6096401,108,40.7,0.91748797
1154.8,3998.1,1.9,-0.2,4.6170059,108.3,40.7,0.91725877
1149.8,3998.2,-5,0.1,4.5971304,108.6,40.7,0.91702957
1139.9,3998.4,-9.9,0.2,4.5577762,108.9,40.7,0.91680037
1148.7,3998.1,8.8,-0.3,4.5926175,109.3,40.7,0.91649477
1149.9,3998,1.2,-0.1,4.5973002,109.6,40.7,0.91626557
1154.8,3997.7,4.9,-0.3,4.616544,109.9,40.7,0.91603637
1159.8,3997.4,5,-0.3,4.6361845,110.2,40.7,0.91580717
1148.8,3997.7,-11,0.3,4.5925578,110.5,40.7,0.91557797
1145.8,3997.7,-3,0,4.5805647,110.9,40.7,0.91527237
1144.9,3997.7,-0.9,0,4.5769667,111.2,40.7,0.91504317
1154.8,3997.2,9.9,-0.5,4.6159666,111.5,40.7,0.91481397
1158.8,3997,4,-0.2,4.6317236,111.8,40.7,0.91458477
1143.9,3997.4,-14.9,0.4,4.5726259,112.1,40.7,0.91435557
1149.8,3997.1,5.9,-0.3,4.5958656,112.4,40.7,0.91412637
1137.8,3997.4,-12,0.3,4.5482417,112.8,40.7,0.91382077
1152.8,3996.8,15,-0.6,4.607511,113.1,40.7,0.91359157
1148.8,3996.9,-4,0.1,4.5916387,113.4,40.7,0.91336237
1158.8,3996.5,10,-0.4,4.6311442,113.7,40.7,0.91313317
1152.9,3996.5,-5.9,0,4.6075649,114,40.7,0.91290397
1148.9,3996.6,-4,0.1,4.5916937,114.4,40.7,0.91259837
1145.7,3996.6,-3.2,0,4.5789046,114.7,40.7,0.91236916
1146.8,3996.5,1.1,-0.1,4.5831862,115,40.7,0.91213996
1155.8,3996.1,9,-0.4,4.6186924,115.3,40.7,0.91191076
1142.9,3996.4,-12.9,0.3,4.5674856,115.6,40.7,0.91168156
1152.8,3996,9.9,-0.4,4.6065888,116,40.7,0.91137596
1156.9,3995.8,4.1,-0.2,4.622741,116.3,40.7,0.91114676
1142.8,3996.2,-14.1,0.4,4.5668574,116.6,40.7,0.91091756
1140.9,3996.1,-1.9,-0.1,4.5591505,116.9,40.7,0.91068836
1152.7,3995.7,11.8,-0.4,4.6058434,117.2,40.7,0.91045916
1148.8,3995.7,-3.9,0,4.5902602,117.6,40.7,0.91015356
1139.9,3995.9,-8.9,0.2,4.5549264,117.9,40.7,0.90992436
1159.7,3995.1,19.8,-0.8,4.6331175,118.2,40.7,0.90969516
1159.9,3995,0.2,-0.1,4.6338005,118.5,40.7,0.90946596
1149.8,3995.3,-10.1,0.3,4.5937959,118.8,40.7,0.90923676
1149.8,3995.2,0,-0.1,4.593681,119.2,40.7,0.90893116
1152.9,3995,3.1,-0.2,4.6058355,119.5,40.7,0.90870196
1149.8,3995,-3.1,0,4.593451,119.8,40.7,0.90847276
1153.8,3994.8,4,-0.2,4.6092002,120.1,40.7,0.90824356
1165.8,3994.3,12,-0.5,4.6565549,120.4,40.7,0.90801436
1154.8,3994.5,-11,0.2,4.6128486,120.8,40.7,0.90770876
1149.9,3994.6,-4.9,0.1,4.5933905,121.1,40.7,0.90747956
1157.9,3994.2,8,-0.4,4.6248842,121.4,40.7,0.90725036
1151.8,3994.3,-6.1,0.1,4.6006347,121.7,40.7,0.90702116
1309.8,3988.9,158,-5.4,5.2246612,122.1,40.7,0.90671556
1480.8,3982.8,171,-6.1,5.8977302,122.5,40.7,0.90640996
1478.7,3982.3,-2.1,-0.5,5.888627,122.9,40.7,0.90610436
1473.8,3982,-4.9,-0.3,5.8686716,123.3,40.7,0.90579876
1464.7,3981.9,-9.1,-0.1,5.8322889,123.7,40.7,0.90549316
1470.8,3981.3,6.1,-0.6,5.855696,124.1,40.7,0.90518756
1464.8,3981.2,-6,-0.1,5.8316618,124.5,40.7,0.90488196
1478.7,3980.4,13.9,-0.8,5.8858175,125,40.7,0.90449996
1481.7,3980,3,-0.4,5.897166,125.4,40.7,0.90419436
1459.8,3980.4,-21.9,0.4,5.8105879,125.8,40.7,0.90388876
1460.8,3980.1,1,-0.3,5.8141301,126.2,40.7,0.90358316
1471.7,3979.4,10.9,-0.7,5.856483,126.6,40.7,0.90327756
1469.7,3979.3,-2,-0.1,5.8483772,127,40.7,0.90297196
1468.8,3979,-0.9,-0.3,5.8443552,127.4,40.7,0.90266636
1455.8,3979.2,-13,0.2,5.7929194,127.8,40.7,0.90236076
1475.7,3978.3,19.9,-0.9,5.8707773,128.2,40.7,0.90205516
1459.9,3978.6,-15.8,0.3,5.8083581,128.6,40.7,0.90174956
1473.8,3977.9,13.9,-0.7,5.862629,129,40.7,0.90144396
1474.8,3977.6,1,-0.3,5.8661645,129.4,40.7,0.90113836
1485.6,3977,10.8,-0.6,5.9082312,129.9,40.7,0.90075636
1482.8,3976.9,-2.8,-0.1,5.8969473,130.3,40.7,0.90045076
1468.8,3977.1,-14,0.2,5.8415645,130.7,40.7,0.90014516
1450.8,3977.5,-18,0.4,5.770557,131.1,40.7,0.89983956
1467.7,3976.7,16.9,-0.8,5.8366026,131.5,40.7,0.89953396
1463.8,3976.7,-3.9,0,5.8210935,131.9,40.7,0.89922836
1473.8,3976.1,10,-0.6,5.8599762,132.3,40.7,0.89892276
1460.7,3976.4,-13.1,0.3,5.8083275,132.7,40.7,0.89861716
1473.8,3975.7,13.1,-0.7,5.8593867,133.1,40.7,0.89831156
1467.8,3975.7,-6,0,5.8355325,133.5,40.7,0.89800596
1475.7,3975.3,7.9,-0.4,5.8663502,133.9,40.7,0.89770036
1477.9,3975,2.2,-0.3,5.8746525,134.3,40.7,0.89739476
1460.7,3975.4,-17.2,0.4,5.8068668,134.7,40.7,0.89708916
1459.8,3975.3,-0.9,-0.1,5.8031429,135.2,40.7,0.89670716
1468.7,3974.8,8.9,-0.5,5.8377888,135.6,40.7,0.89640156
1471.8,3974.5,3.1,-0.3,5.8496691,136,40.7,0.89609596
1470.7,3974.3,-1.1,-0.2,5.845003,136.4,40.7,0.89579036
1461.8,3974.5,-8.9,0.2,5.8099241,136.8,40.7,0.89548476
1477.7,3973.8,15.9,-0.7,5.8720843,137.2,40.7,0.89517916
1480.7,3973.5,3,-0.3,5.8835614,137.6,40.7,0.89487356
1465.8,3973.8,-14.9,0.3,5.824796,138,40.7,0.89456796
1475.8,3973.3,10,-0.5,5.8637961,138.4,40.7,0.89426236
1474.8,3973.2,-1,-0.1,5.8596754,138.8,40.7,0.89395676
1459.7,3973.5,-15.1,0.3,5.8001179,139.2,40.7,0.89365116
1464.7,3973.2,5,-0.3,5.819546,139.6,40.7,0.89334556
1477.7,3972.6,13,-0.6,5.870311,140.1,40.7,0.89296356
1481.9,3972.3,4.2,-0.3,5.8865514,140.5,40.7,0.89265796
1466.7,3972.7,-15.2,0.4,5.8267591,140.9,40.7,0.89235236
1460.9,3972.7,-5.8,0,5.8037174,141.3,40.7,0.89204676
1468.7,3972.3,7.8,-0.4,5.834117,141.7,40.7,0.89174116
1473.8,3972,5.1,-0.3,5.8539336,142.1,40.7,0.89143556
1472.9,3971.9,-0.9,-0.1,5.8502115,142.5,40.7,0.89112996
1471.7,3971.8,-1.2,-0.1,5.8452981,142.9,40.7,0.89082436
1470.8,3971.7,-0.9,-0.1,5.8415764,143.3,40.7,0.89051876
1472.8,3971.5,2,-0.2,5.8492252,143.7,40.7,0.89021316
1460.7,3971.7,-12.1,0.2,5.8014622,144.1,40.7,0.88990756
1450.8,3971.9,-9.9,0.2,5.7624325,144.5,40.7,0.88960196
1463.7,3971.4,12.9,-0.5,5.8129382,144.9,40.7,0.88929636
1465.8,3971.2,2.1,-0.2,5.820985,145.4,40.7,0.88891436
1468.7,3970.9,2.9,-0.3,5.8320608,145.8,40.7,0.88860876
1455.7,3971.2,-13,0.3,5.7808758,146.2,40.7,0.88830316
1469.8,3970.6,14.1,-0.6,5.8359879,146.6,40.7,0.88799756
1474.7,3970.3,4.9,-0.3,5.8550014,147,40.7,0.88769196
1474.9,3970.2,0.2,-0.1,5.855648,147.4,40.7,0.88738635
1462.7,3970.4,-12.2,0.2,5.8075041,147.8,40.7,0.88708075
1472.9,3970,10.2,-0.4,5.847413,148.2,40.7,0.88677515
1468.7,3970,-4.2,0,5.830739,148.6,40.7,0.88646955
1465.7,3970,-3,0,5.818829,149,40.7,0.88616395
1471.8,3969.6,6.1,-0.4,5.8424573,149.4,40.7,0.88585835
1469.7,3969.6,-2.1,0,5.8341211,149.8,40.7,0.88555275
1463.7,3969.6,-6,0,5.8103035,150.2,40.7,0.88524715
1465.7,3969.4,2,-0.2,5.8179496,150.7,40.7,0.88486515
1474.7,3969,9,-0.4,5.8530843,151.1,40.7,0.88455955
1470.8,3969,-3.9,0,5.8376052,151.5,40.7,0.88425395
1461.8,3969.2,-9,0.2,5.8021766,151.9,40.7,0.88394835
1471.6,3968.8,9.8,-0.4,5.8404861,152.3,40.7,0.88364275
1469.8,3968.7,-1.8,-0.1,5.8331953,152.7,40.7,0.88333715
1464.7,3968.8,-5.1,0.1,5.8131014,153.1,40.7,0.88303155
1463.8,3968.7,-0.9,-0.1,5.8093831,153.5,40.7,0.88272595
1465.7,3968.4,1.9,-0.3,5.8164839,153.9,40.7,0.88242035
1460.7,3968.5,-5,0.1,5.796788,154.3,40.7,0.88211475
1473.8,3968,13.1,-0.5,5.8480384,154.7,40.7,0.88180915
1462.7,3968.2,-11.1,0.2,5.8042861,155.1,40.7,0.88150355
1459.8,3968.2,-2.9,0,5.7927784,155.5,40.7,0.88119795
1447.7,3968.5,-12.1,0.3,5.7451975,155.9,40.7,0.88089235
1459.7,3968,12,-0.5,5.7920896,156.4,40.7,0.88051035
1472.8,3967.4,13.1,-0.6,5.8431867,156.8,40.7,0.88020475
1463.7,3967.6,-9.1,0.2,5.8073761,157.2,40.7,0.87989915
1473.8,3967.2,10.1,-0.4,5.8468594,157.6,40.7,0.87959355
1460.7,3967.5,-13.1,0.3,5.7953272,158,40.7,0.87928795
1469.8,3967.1,9.1,-0.4,5.8308436,158.4,40.7,0.87898235
1474.8,3966.8,5,-0.3,5.8502366,158.8,40.7,0.87867675
1464.7,3967,-10.1,0.2,5.8104649,159.2,40.7,0.87837115
1466.7,3966.8,2,-0.2,5.8181056,159.6,40.7,0.87806555
1462.7,3966.8,-4,0,5.8022384,160,40.7,0.87775995
1476.7,3966.3,14,-0.5,5.8570352,160.4,40.7,0.87745435
1467.8,3966.4,-8.9,0.1,5.8218819,160.8,40.7,0.87714875
1473.7,3966.2,5.9,-0.2,5.8449889,161.2,40.7,0.87684315
1464.8,3966.3,-8.9,0.1,5.8098362,161.7,40.7,0.87646115
1476.7,3965.8,11.9,-0.5,5.8562969,162.1,40.7,0.87615555
1477.9,3965.7,1.2,-0.1,5.860908,162.5,40.7,0.87584995
1467.8,3965.9,-10.1,0.2,5.821148,162.9,40.7,0.87554435
1471.6,3965.6,3.8,-0.3,5.835777,163.3,40.7,0.87523875
1473.8,3965.5,2.2,-0.1,5.8443539,163.7,40.7,0.87493315
1476.7,3965.3,2.9,-0.2,5.8555585,164.1,40.7,0.87462755
1482.8,3964.9,6.1,-0.4,5.8791537,164.5,40.7,0.87432195
1466.8,3965.3,-16,0.4,5.816302,164.9,40.7,0.87401635
1478.7,3964.8,11.9,-0.5,5.8627498,165.3,40.7,0.87371075
1467.9,3965.1,-10.8,0.3,5.8203703,165.8,40.7,0.87332875
1463.9,3965.1,-4,0,5.8045099,166.2,40.7,0.87302315
1477.7,3964.6,13.8,-0.5,5.8584894,166.6,40.7,0.87271755
1456,3965.2,-21.7,0.6,5.7733312,167,40.7,0.87241195
1482.7,3964.2,26.7,-1,5.8777193,167.4,40.7,0.87210635
1462.8,3964.7,-19.9,0.5,5.7995632,167.8,40.7,0.87180075
1461.8,3964.7,-1,0,5.7955985,168.2,40.7,0.87149515
1470.7,3964.3,8.9,-0.4,5.830296,168.6,40.7,0.87118955
1465.7,3964.3,-5,0,5.8104745,169,40.7,0.87088395
1480.8,3963.7,15.1,-0.6,5.869447,169.4,40.7,0.87057835
1460.7,3964.2,-20.1,0.5,5.7905069,169.8,40.7,0.87027275
1470.7,3963.9,10,-0.3,5.8297077,170.2,40.7,0.86996715
1480.9,3963.4,10.2,-0.5,5.8693991,170.6,40.7,0.86966155
1458.7,3964,-22.2,0.6,5.7822868,171.1,40.7,0.86927955
1467.7,3963.6,9,-0.4,5.8173757,171.5,40.7,0.86897395
1461.8,3963.7,-5.9,0.1,5.7941367,171.9,40.7,0.86866835
1469.8,3963.3,8,-0.4,5.8252583,172.3,40.7,0.86836275
1479.7,3962.9,9.9,-0.4,5.8639031,172.7,40.7,0.86805715
1471.7,3963.1,-8,0.2,5.8324943,173.1,40.7,0.86775155
1468.9,3963.1,-2.8,0,5.8213976,173.5,40.7,0.86744595
1460.8,3963.3,-8.1,0.2,5.7895886,173.9,40.7,0.86714035
1468.7,3962.9,7.9,-0.4,5.8203112,174.3,40.7,0.86683475
1471.7,3962.7,3,-0.2,5.8319056,174.7,40.7,0.86652915
1476.8,3962.4,5.1,-0.3,5.8516723,175.1,40.7,0.86622355
1455.8,3963,-21,0.6,5.7693354,175.5,40.7,0.86591795
1473.7,3962.3,17.9,-0.7,5.8392415,176,40.7,0.86553595
1460.9,3962.6,-12.8,0.3,5.7889623,176.4,40.7,0.86523035
1464.8,3962.4,3.9,-0.2,5.8041235,176.8,40.7,0.86492475
1467.7,3962.2,2.9,-0.2,5.8153209,177.2,40.7,0.86461915
1476.7,3961.8,9,-0.4,5.8503901,177.6,40.7,0.86431355
1459.8,3962.3,-16.9,0.5,5.7841655,178,40.7,0.86400795
1470.7,3961.8,10.9,-0.5,5.8266193,178.4,40.7,0.86370235
734.8,3986.6,-735.9,24.8,2.9293537,178.6,40.7,0.86354955
0,4011.9,-734.8,25.3,0,178.6,40.7,0.86354955
0,4013.9,0,2,0,178.6,40.7,0.86354955
0,4015.5,0,1.6,0,178.6,40.7,0.86354955
0,4016.9,0,1.4,0,178.6,40.7,0.86354955
0,4018.1,0,1.2,0,178.6,40.7,0.86354955
0,4019.2,0,1.1,0,178.6,40.7,0.86354955
0,4020.2,0,1,0,178.6,40.7,0.86354955
0,4021.2,0,1,0,178.6,40.7,0.86354955
0,4022.1,0,0.9,0,178.6,40.7,0.86354955
0,4023,0,0.9,0,178.6,40.7,0.86354955
0,4023.8,0,0.8,0,178.6,40.7,0.86354955
0,4024.5,0,0.7,0,178.6,40.7,0.86354955
0,4025.3,0,0.8,0,178.6,40.7,0.86354955
0,4026,0,0.7,0,178.6,40.7,0.86354955
0,4026.6,0,0.6,0,178.6,40.7,0.86354955
0,4027.3,0,0.7,0,178.6,40.7,0.86354955
0,4027.9,0,0.6,0,178.6,40.7,0.86354955
0,4028.5,0,0.6,0,178.6,40.7,0.86354955
0,4029.1,0,0.6,0,178.6,40.7,0.86354955
0,4029.6,0,0.5,0,178.6,40.7,0.86354955
0,4030.1,0,0.5,0,178.6,40.7,0.86354955
0,4030.6,0,0.5,0,178.6,40.7,0.86354955
0,4031.1,0,0.5,0,178.6,40.7,0.86354955
0,4031.6,0,0.5,0,178.6,40.7,0.86354955
0,4032,0,0.4,0,178.6,40.7,0.86354955
0,4032.4,0,0.4,0,178.6,40.7,0.86354955
0,4032.9,0,0.5,0,178.6,40.7,0.86354955
0,4033.3,0,0.4,0,178.6,40.7,0.86354955
0,4033.7,0,0.4,0,178.6,40.7,0.86354955
0,4034,0,0.3,0,178.6,40.7,0.86354955
0,4034.4,0,0.4,0,178.6,40.7,0.86354955
0,4034.8,0,0.4,0,178.6,40.7,0.86354955
0,4035.1,0,0.3,0,178.6,40.7,0.86354955
0,4035.4,0,0.3,0,178.6,40.7,0.86354955
0,4035.8,0,0.4,0,178.6,40.7,0.86354955
0,4036.1,0,0.3,0,178.6,40.7,0.86354955
0,4036.4,0,0.3,0,178.6,40.7,0.86354955
0,4036.7,0,0.3,0,178.6,40.7,0.86354955
0,4037,0,0.3,0,178.6,40.7,0.86354955
0,4037.2,0,0.2,0,178.6,40.7,0.86354955
0,4037.5,0,0.3,0,178.6,40.7,0.86354955
0,4037.8,0,0.3,0,178.6,40.7,0.86354955
0,4038,0,0.2,0,178.6,40.7,0.86354955
0,4038.3,0,0.3,0,178.6,40.7,0.86354955
0,4038.5,0,0.2,0,178.6,40.7,0.86354955
0,4038.7,0,0.2,0,178.6,40.7,0.86354955
0,4038.9,0,0.2,0,178.6,40.7,0.86354955
0,4039.1,0,0.2,0,178.6,40.7,0.86354955
0,4039.4,0,0.3,0,178.6,40.7,0.86354955
0,4039.6,0,0.2,0,178.6,40.7,0.86354955
0,4039.8,0,0.2,0,178.6,40.7,0.86354955
0,4040,0,0.2,0,178.6,40.7,0.86354955
0,4040.2,0,0.2,0,178.6,40.7,0.86354955
0,4040.3,0,0.1,0,178.6,40.7,0.86354955
0,4040.5,0,0.2,0,178.6,40.7,0.86354955
0,4040.7,0,0.2,0,178.6,40.7,0.86354955
0,4040.9,0,0.2,0,178.6,40.7,0.86354955
0,4041,0,0.1,0,178.6,40.7,0.86354955
0,4041.2,0,0.2,0,178.6,40.7,0.86354955
0,4041.4,0,0.2,0,178.6,40.7,0.86354955
0,4041.5,0,0.1,0,178.6,40.7,0.86354955
0,4041.7,0,0.2,0,178.6,40.7,0.86354955
0,4041.8,0,0.1,0,178.6,40.7,0.86354955
0,4041.9,0,0.1,0,178.6,40.7,0.86354955
0,4042.1,0,0.2,0,178.6,40.7,0.86354955
0,4042.2,0,0.1,0,178.6,40.7,0.86354955
0,4042.4,0,0.2,0,178.6,40.7,0.86354955
0,4042.6,0,0.2,0,178.6,40.7,0.86354955
0,4042.6,0,0,0,178.6,40.7,0.86354955
0,4042.7,0,0.1,0,178.6,40.7,0.86354955
0,4042.9,0,0.2,0,178.6,40.7,0.86354955
0,4042.9,0,0,0,178.6,40.7,0.86354955
0,4043.1,0,0.2,0,178.6,40.7,0.86354955
0,4043.2,0,0.1,0,178.6,40.7,0.86354955
0,4043.3,0,0.1,0,178.6,40.7,0.86354955
0,4043.4,0,0.1,0,178.6,40.7,0.86354955
0,4043.5,0,0.1,0,178.6,40.7,0.86354955
0,4043.6,0,0.1,0,178.6,40.7,0.86354955
0,4043.7,0,0.1,0,178.6,40.7,0.86354955
0,4043.8,0,0.1,0,178.6,40.7,0.86354955
0,4043.9,0,0.1,0,178.6,40.7,0.86354955
0,4044.1,0,0.2,0,178.6,40.7,0.86354955
0,4044.1,0,0,0,178.6,40.7,0.86354955
0,4044.2,0,0.1,0,178.6,40.7,0.86354955
0,4044.3,0,0.1,0,178.6,40.7,0.86354955
0,4044.4,0,0.1,0,178.6,40.7,0.86354955
0,4044.5,0,0.1,0,178.6,40.7,0.86354955
0,4044.6,0,0.1,0,178.6,40.7,0.86354955
0,4044.7,0,0.1,0,178.6,40.7,0.86354955
0,4044.8,0,0.1,0,178.6,40.7,0.86354955
0,4044.9,0,0.1,0,178.6,40.7,0.86354955
0,4044.9,0,0,0,178.6,40.7,0.86354955
0,4045,0,0.1,0,178.6,40.7,0.86354955
0,4045.1,0,0.1,0,178.6,40.7,0.86354955
0,4045.1,0,0,0,178.6,40.7,0.86354955
0,4045.2,0,0.1,0,178.6,40.7,0.86354955
0,4045.3,0,0.1,0,178.6,40.7,0.86354955
0,4045.4,0,0.1,0,178.6,40.7,0.86354955
0,4045.4,0,0,0,178.6,40.7,0.86354955
0,4045.6,0,0.2,0,178.6,40.7,0.86354955
0,4045.6,0,0,0,178.6,40.7,0.86354955
0,4045.7,0,0.1,0,178.6,40.7,0.86354955
0,4045.8,0,0.1,0,178.6,40.7,0.86354955
0,4045.8,0,0,0,178.6,40.7,0.86354955
0,4045.8,0,0,0,178.6,40.7,0.86354955
0,4045.9,0,0.1,0,178.6,40.7,0.86354955
0,4046,0,0.1,0,178.6,40.7,0.86354955
0,4046.1,0,0.1,0,178.6,40.7,0.86354955
0,4046.1,0,0,0,178.6,40.7,0.86354955
0,4046.1,0,0,0,178.6,40.7,0.86354955
0,4046.2,0,0.1,0,178.6,40.7,0.86354955
0,4046.3,0,0.1,0,178.6,40.7,0.86354955
0,4046.3,0,0,0,178.6,40.7,0.86354955
0,4046.4,0,0.1,0,178.6,40.7,0.86354955
0,4046.4,0,0,0,178.6,40.7,0.86354955
0,4046.5,0,0.1,0,178.6,40.7,0.86354955
0,4046.5,0,0,0,178.6,40.7,0.86354955
0,4046.6,0,0.1,0,178.6,40.7,0.86354955
0,4046.6,0,0,0,178.6,40.7,0.86354955
0,4046.7,0,0.1,0,178.6,40.7,0.86354955
0,4046.7,0,0,0,178.6,40.7,0.86354955
0,4046.8,0,0.1,0,178.6,40.7,0.86354955
0,4046.8,0,0,0,178.6,40.7,0.86354955
0,4046.9,0,0.1,0,178.6,40.7,0.86354955
0,4046.9,0,0,0,178.6,40.7,0.86354955
0,4047,0,0.1,0,178.6,40.7,0.86354955
0,4047,0,0,0,178.6,40.7,0.86354955
0,4047.1,0,0.1,0,178.6,40.7,0.86354955
0,4047.1,0,0,0,178.6,40.6,0.86354955
0,4047.1,0,0,0,178.6,40.6,0.86354955
0,4047.2,0,0.1,0,178.6,40.6,0.86354955
0,4047.2,0,0,0,178.6,40.6,0.86354955
0,4047.3,0,0.1,0,178.6,40.6,0.86354955
0,4047.3,0,0,0,178.6,40.6,0.86354955
0,4047.4,0,0.1,0,178.6,40.6,0.86354955
0,4047.4,0,0,0,178.6,40.6,0.86354955
0,4047.4,0,0,0,178.6,40.6,0.86354955
0,4047.5,0,0.1,0,178.6,40.6,0.86354955
0,4047.5,0,0,0,178.6,40.6,0.86354955
0,4047.6,0,0.1,0,178.6,40.6,0.86354955
0,4047.6,0,0,0,178.6,40.6,0.86354955
0,4047.6,0,0,0,178.6,40.6,0.86354955
0,4047.7,0,0.1,0,178.6,40.6,0.86354955
0,4047.7,0,0,0,178.6,40.6,0.86354955
0,4047.8,0,0.1,0,178.6,40.6,0.86354955
0,4047.8,0,0,0,178.6,40.6,0.86354955
0,4047.8,0,0,0,178.6,40.6,0.86354955
0,4047.8,0,0,0,178.6,40.6,0.86354955
0,4047.9,0,0.1,0,178.6,40.6,0.86354955
0,4047.9,0,0,0,178.6,40.6,0.86354955
0,4048,0,0.1,0,178.6,40.6,0.86354955
0,4048,0,0,0,178.6,40.6,0.86354955
0,4048,0,0,0,178.6,40.6,0.86354955
0,4048,0,0,0,178.6,40.6,0.86354955
0,4048.1,0,0.1,0,178.6,40.6,0.86354955
0,4048.1,0,0,0,178.6,40.6,0.86354955
0,4048.1,0,0,0,178.6,40.6,0.86354955
0,4048.2,0,0.1,0,178.6,40.6,0.86354955
0,4048.2,0,0,0,178.6,40.6,0.86354955
0,4048.2,0,0,0,178.6,40.6,0.86354955
0,4048.3,0,0.1,0,178.6,40.6,0.86354955
0,4048.3,0,0,0,178.6,40.6,0.86354955
0,4048.3,0,0,0,178.6,40.6,0.86354955
0,4048.4,0,0.1,0,178.6,40.6,0.86354955
0,4048.4,0,0,0,178.6,40.6,0.86354955
0,4048.4,0,0,0,178.6,40.6,0.86354955
0,4048.5,0,0.1,0,178.6,40.6,0.86354955
0,4048.5,0,0,0,178.6,40.6,0.86354955
0,4048.5,0,0,0,178.6,40.6,0.86354955
0,4048.5,0,0,0,178.6,40.6,0.86354955
0,4048.6,0,0.1,0,178.6,40.6,0.86354955
0,4048.6,0,0,0,178.6,40.6,0.86354955
0,4048.6,0,0,0,178.6,40.6,0.86354955
0,4048.6,0,0,0,178.6,40.6,0.86354955
0,4048.6,0,0,0,178.6,40.6,0.86354955
0,4048.7,0,0.1,0,178.6,40.6,0.86354955
0,4048.7,0,0,0,178.6,40.6,0.86354955
0,4048.7,0,0,0,178.6,40.6,0.86354955
0,4048.7,0,0,0,178.6,40.6,0.86354955
0,4048.8,0,0.1,0,178.6,40.6,0.86354955
0,4048.8,0,0,0,178.6,40.6,0.86354955
0,4048.8,0,0,0,178.6,40.6,0.86354955
0,4048.9,0,0.1,0,178.6,40.6,0.86354955
0,4048.9,0,0,0,178.6,40.6,0.86354955
0,4048.9,0,0,0,178.6,40.6,0.86354955
0,4048.9,0,0,0,178.6,40.6,0.86354955
0,4049,0,0.1,0,178.6,40.6,0.86354955
0,4049,0,0,0,178.6,40.6,0.86354955
0,4049,0,0,0,178.6,40.6,0.86354955
0,4049,0,0,0,178.6,40.6,0.86354955
0,4049.1,0,0.1,0,178.6,40.6,0.86354955
0,4049.1,0,0,0,178.6,40.6,0.86354955
0,4049.1,0,0,0,178.6,40.6,0.86354955
0,4049.1,0,0,0,178.6,40.6,0.86354955
0,4049.1,0,0,0,178.6,40.6,0.86354955
0,4049.2,0,0.1,0,178.6,40.6,0.86354955
0,4049.2,0,0,0,178.6,40.6,0.86354955
0,4049.2,0,0,0,178.6,40.6,0.86354955
0,4049.2,0,0,0,178.6,40.6,0.86354955
0,4049.3,0,0.1,0,178.6,40.6,0.86354955
0,4049.3,0,0,0,178.6,40.6,0.86354955
0,4049.3,0,0,0,178.6,40.6,0.86354955
0,4049.3,0,0,0,178.6,40.6,0.86354955
0,4049.3,0,0,0,178.6,40.6,0.86354955
0,4049.4,0,0.1,0,178.6,40.6,0.86354955
0,4049.4,0,0,0,178.6,40.6,0.86354955
0,4049.4,0,0,0,178.6,40.6,0.86354955
0,4049.4,0,0,0,178.6,40.6,0.86354955
0,4049.4,0,0,0,178.6,40.6,0.86354955
0,4049.5,0,0.1,0,178.6,40.6,0.86354955
0,4049.5,0,0,0,178.6,40.6,0.86354955
0,4049.5,0,0,0,178.6,40.6,0.86354955
0,4049.6,0,0.1,0,178.6,40.6,0.86354955
0,4049.6,0,0,0,178.6,40.6,0.86354955
0,4049.5,0,-0.1,0,178.6,40.6,0.86354955
0,4049.6,0,0.1,0,178.6,40.6,0.86354955
0,4049.6,0,0,0,178.6,40.6,0.86354955
0,4049.6,0,0,0,178.6,40.6,0.86354955
0,4049.6,0,0,0,178.6,40.6,0.86354955
0,4049.7,0,0.1,0,178.6,40.6,0.86354955
0,4049.7,0,0,0,178.6,40.6,0.86354955
0,4049.7,0,0,0,178.6,40.6,0.86354955
0,4049.7,0,0,0,178.6,40.6,0.86354955
0,4049.7,0,0,0,178.6,40.6,0.86354955
0,4049.7,0,0,0,178.6,40.6,0.86354955
0,4049.8,0,0.1,0,178.6,40.6,0.86354955
0,4049.8,0,0,0,178.6,40.6,0.86354955
0,4049.8,0,0,0,178.6,40.6,0.86354955
0,4049.8,0,0,0,178.6,40.6,0.86354955
0,4049.8,0,0,0,178.6,40.6,0.86354955
0,4049.9,0,0.1,0,178.6,40.6,0.86354955
0,4049.9,0,0,0,178.6,40.6,0.86354955
0,4049.9,0,0,0,178.6,40.6,0.86354955
0,4049.9,0,0,0,178.6,40.6,0.86354955
0,4049.9,0,0,0,178.6,40.6,0.86354955
0,4049.9,0,0,0,178.6,40.6,0.86354955
0,4050,0,0.1,0,178.6,40.6,0.86354955
0,4050,0,0,0,178.6,40.6,0.86354955
0,4049.9,0,-0.1,0,178.6,40.6,0.86354955
0,4050,0,0.1,0,178.6,40.6,0.86354955
0,4050.1,0,0.1,0,178.6,40.6,0.86354955
0,4050.1,0,0,0,178.6,40.6,0.86354955
0,4050.1,0,0,0,178.6,40.6,0.86354955
0,4050,0,-0.1,0,178.6,40.6,0.86354955
0,4050.1,0,0.1,0,178.6,40.6,0.86354955
0,4050.1,0,0,0,178.6,40.6,0.86354955
0,4050.1,0,0,0,178.6,40.6,0.86354955
0,4050.1,0,0,0,178.6,40.6,0.86354955
0,4050.2,0,0.1,0,178.6,40.6,0.86354955
0,4050.2,0,0,0,178.6,40.6,0.86354955
0,4050.2,0,0,0,178.6,40.6,0.86354955
0,4050.2,0,0,0,178.6,40.6,0.86354955
0,4050.2,0,0,0,178.6,40.6,0.86354955
0,4050.2,0,0,0,178.6,40.6,0.86354955
0,4050.2,0,0,0,178.6,40.6,0.86354955
0,4050.2,0,0,0,178.6,40.6,0.86354955
0,4050.3,0,0.1,0,178.6,40.6,0.86354955
0,4050.3,0,0,0,178.6,40.6,0.86354955
0,4050.3,0,0,0,178.6,40.6,0.86354955
0,4050.3,0,0,0,178.6,40.6,0.86354955
0,4050.3,0,0,0,178.6,40.6,0.86354955
0,4050.3,0,0,0,178.6,40.6,0.86354955
0,4050.3,0,0,0,178.6,40.6,0.86354955
0,4050.3,0,0,0,178.6,40.6,0.86354955
0,4050.4,0,0.1,0,178.6,40.6,0.86354955
0,4050.4,0,0,0,178.6,40.6,0.86354955
0,4050.4,0,0,0,178.6,40.6,0.86354955
0,4050.4,0,0,0,178.6,40.6,0.86354955
0,4050.4,0,0,0,178.6,40.6,0.86354955
0,4050.4,0,0,0,178.6,40.6,0.86354955
0,4050.4,0,0,0,178.6,40.6,0.86354955
0,4050.5,0,0.1,0,178.6,40.6,0.86354955
0,4050.5,0,0,0,178.6,40.6,0.86354955
0,4050.5,0,0,0,178.6,40.6,0.86354955
0,4050.5,0,0,0,178.6,40.6,0.86354955
0,4050.5,0,0,0,178.6,40.6,0.86354955
0,4050.6,0,0.1,0,178.6,40.6,0.86354955
0,4050.6,0,0,0,178.6,40.6,0.86354955
0,4050.5,0,-0.1,0,178.6,40.6,0.86354955
0,4050.6,0,0.1,0,178.6,40.6,0.86354955
0,4050.6,0,0,0,178.6,40.6,0.86354955
0,4050.6,0,0,0,178.6,40.6,0.86354955
0,4050.6,0,0,0,178.6,40.6,0.86354955
0,4050.6,0,0,0,178.6,40.6,0.86354955
0,4050.6,0,0,0,178.6,40.6,0.86354955
0,4050.6,0,0,0,178.6,40.6,0.86354955
0,4050.7,0,0.1,0,178.6,40.6,0.86354955
0,4050.7,0,0,0,178.6,40.6,0.86354955
0,4050.7,0,0,0,178.6,40.6,0.86354955
0,4050.7,0,0,0,178.6,40.6,0.86354955
0,4050.7,0,0,0,178.6,40.6,0.86354955
0,4050.7,0,0,0,178.6,40.6,0.86354955
0,4050.7,0,0,0,178.6,40.6,0.86354955
0,4050.7,0,0,0,178.6,40.6,0.86354955
0,4050.7,0,0,0,178.6,40.6,0.86354955
0,4050.8,0,0.1,0,178.6,40.6,0.86354955
0,4050.8,0,0,0,178.6,40.6,0.86354955
0,4050.8,0,0,0,178.6,40.6,0.86354955
0,4050.8,0,0,0,178.6,40.6,0.86354955
0,4050.8,0,0,0,178.6,40.6,0.86354955
0,4050.8,0,0,0,178.6,40.6,0.86354955
0,4050.8,0,0,0,178.6,40.6,0.86354955
0,4050.8,0,0,0,178.6,40.6,0.86354955
0,4050.8,0,0,0,178.6,40.6,0.86354955
0,4050.8,0,0,0,178.6,40.6,0.86354955
0,4050.8,0,0,0,178.6,40.6,0.86354955
0,4050.8,0,0,0,178.6,40.6,0.86354955
0,4050.9,0,0.1,0,178.6,40.6,0.86354955
0,4050.9,0,0,0,178.6,40.6,0.86354955
0,4050.9,0,0,0,178.6,40.6,0.86354955
0,4050.9,0,0,0,178.6,40.6,0.86354955
0,4050.9,0,0,0,178.6,40.6,0.86354955
0,4050.9,0,0,0,178.6,40.6,0.86354955
0,4051,0,0.1,0,178.6,40.6,0.86354955
0,4051,0,0,0,178.6,40.6,0.86354955
0,4051,0,0,0,178.6,40.6,0.86354955
0,4051,0,0,0,178.6,40.6,0.86354955
0,4051,0,0,0,178.6,40.6,0.86354955
0,4051,0,0,0,178.6,40.6,0.86354955
0,4051,0,0,0,178.6,40.6,0.86354955
0,4051,0,0,0,178.6,40.6,0.86354955
0,4051,0,0,0,178.6,40.6,0.86354955
0,4051,0,0,0,178.6,40.6,0.86354955
0,4051.1,0,0.1,0,178.6,40.6,0.86354955
0,4051.1,0,0,0,178.6,40.6,0.86354955
0,4051.1,0,0,0,178.6,40.6,0.86354955
0,4051.1,0,0,0,178.6,40.6,0.86354955
0,4051.1,0,0,0,178.6,40.6,0.86354955
0,4051.1,0,0,0,178.6,40.6,0.86354955
0,4051.1,0,0,0,178.6,40.6,0.86354955
0,4051.1,0,0,0,178.6,40.6,0.86354955
0,4051.2,0,0.1,0,178.6,40.6,0.86354955
0,4051.1,0,-0.1,0,178.6,40.6,0.86354955
0,4051.2,0,0.1,0,178.6,40.6,0.86354955
0,4051.2,0,0,0,178.6,40.6,0.86354955
0,4051.2,0,0,0,178.6,40.6,0.86354955
0,4051.2,0,0,0,178.6,40.6,0.86354955
0,4051.2,0,0,0,178.6,40.6,0.86354955
0,4051.2,0,0,0,178.6,40.6,0.86354955
0,4051.2,0,0,0,178.6,40.6,0.86354955
0,4051.2,0,0,0,178.6,40.6,0.86354955
0,4051.2,0,0,0,178.6,40.6,0.86354955
0,4051.2,0,0,0,178.6,40.6,0.86354955
0,4051.3,0,0.1,0,178.6,40.6,0.86354955
0,4051.2,0,-0.1,0,178.6,40.6,0.86354955
0,4051.2,0,0,0,178.6,40.6,0.86354955
0,4051.3,0,0.1,0,178.6,40.6,0.86354955
0,4051.3,0,0,0,178.6,40.6,0.86354955
0,4051.3,0,0,0,178.6,40.6,0.86354955
0,4051.3,0,0,0,178.6,40.6,0.86354955
0,4051.3,0,0,0,178.6,40.6,0.86354955
0,4051.3,0,0,0,178.6,40.6,0.86354955
0,4051.3,0,0,0,178.6,40.6,0.86354955
0,4051.3,0,0,0,178.6,40.6,0.86354955
0,4051.3,0,0,0,178.6,40.6,0.86354955
0,4051.3,0,0,0,178.6,40.6,0.86354955
0,4051.3,0,0,0,178.6,40.6,0.86354955
0,4051.3,0,0,0,178.6,40.6,0.86354955
0,4051.3,0,0,0,178.6,40.6,0.86354955
0,4051.3,0,0,0,178.6,40.6,0.86354955
0,4051.4,0,0.1,0,178.6,40.6,0.86354955
0,4051.4,0,0,0,178.6,40.6,0.86354955
0,4051.4,0,0,0,178.6,40.6,0.86354955
0,4051.4,0,0,0,178.6,40.6,0.86354955
0,4051.4,0,0,0,178.6,40.6,0.86354955
0,4051.4,0,0,0,178.6,40.6,0.86354955
0,4051.4,0,0,0,178.6,40.6,0.86354955
0,4051.4,0,0,0,178.6,40.6,0.86354955
0,4051.4,0,0,0,178.6,40.6,0.86354955
0,4051.4,0,0,0,178.6,40.6,0.86354955
0,4051.4,0,0,0,178.6,40.6,0.86354955
0,4051.4,0,0,0,178.6,40.6,0.86354955
0,4051.4,0,0,0,178.6,40.6,0.86354955
0,4051.4,0,0,0,178.6,40.6,0.86354955
0,4051.5,0,0.1,0,178.6,40.6,0.86354955
0,4051.5,0,0,0,178.6,40.6,0.86354955
0,4051.5,0,0,0,178.6,40.6,0.86354955
0,4051.5,0,0,0,178.6,40.6,0.86354955
0,4051.5,0,0,0,178.6,40.6,0.86354955
0,4051.5,0,0,0,178.6,40.6,0.86354955
0,4051.5,0,0,0,178.6,40.6,0.86354955
0,4051.5,0,0,0,178.6,40.6,0.86354955
0,4051.5,0,0,0,178.6,40.6,0.86354955
0,4051.5,0,0,0,178.6,40.6,0.86354955
0,4051.6,0,0.1,0,178.6,40.6,0.86354955
0,4051.5,0,-0.1,0,178.6,40.6,0.86354955
0,4051.5,0,0,0,178.6,40.6,0.86354955
0,4051.6,0,0.1,0,178.6,40.6,0.86354955
0,4051.6,0,0,0,178.6,40.6,0.86354955
0,4051.6,0,0,0,178.6,40.6,0.86354955
0,4051.6,0,0,0,178.6,40.6,0.86354955
0,4051.6,0,0,0,178.6,40.6,0.86354955
0,4051.6,0,0,0,178.6,40.6,0.86354955
0,4051.6,0,0,0,178.6,40.6,0.86354955
0,4051.6,0,0,0,178.6,40.6,0.86354955
0,4051.6,0,0,0,178.6,40.6,0.86354955
0,4051.6,0,0,0,178.6,40.6,0.86354955
0,4051.6,0,0,0,178.6,40.6,0.86354955
0,4051.6,0,0,0,178.6,40.6,0.86354955
0,4051.7,0,0.1,0,178.6,40.6,0.86354955
0,4051.7,0,0,0,178.6,40.6,0.86354955
0,4051.7,0,0,0,178.6,40.6,0.86354955
0,4051.7,0,0,0,178.6,40.6,0.86354955
0,4051.7,0,0,0,178.6,40.6,0.86354955
0,4051.7,0,0,0,178.6,40.6,0.86354955
0,4051.7,0,0,0,178.6,40.6,0.86354955
0,4051.6,0,-0.1,0,178.6,40.6,0.86354955
0,4051.7,0,0.1,0,178.6,40.6,0.86354955
0,4051.7,0,0,0,178.6,40.6,0.86354955
0,4051.7,0,0,0,178.6,40.6,0.86354955
0,4051.7,0,0,0,178.6,40.6,0.86354955
0,4051.7,0,0,0,178.6,40.6,0.86354955
0,4051.7,0,0,0,178.6,40.6,0.86354955
0,4051.7,0,0,0,178.6,40.6,0.86354955
0,4051.7,0,0,0,178.6,40.6,0.86354955
0,4051.7,0,0,0,178.6,40.6,0.86354955
0,4051.7,0,0,0,178.6,40.6,0.86354955
0,4051.8,0,0.1,0,178.6,40.6,0.86354955
0,4051.8,0,0,0,178.6,40.6,0.86354955
0,4051.8,0,0,0,178.6,40.6,0.86354955
0,4051.8,0,0,0,178.6,40.6,0.86354955
0,4051.8,0,0,0,178.6,40.6,0.86354955
0,4051.8,0,0,0,178.6,40.6,0.86354955
0,4051.8,0,0,0,178.6,40.6,0.86354955
0,4051.8,0,0,0,178.6,40.6,0.86354955
0,4051.8,0,0,0,178.6,40.6,0.86354955
0,4051.9,0,0.1,0,178.6,40.6,0.86354955
0,4051.8,0,-0.1,0,178.6,40.6,0.86354955
0,4051.9,0,0.1,0,178.6,40.6,0.86354955
0,4051.9,0,0,0,178.6,40.6,0.86354955
0,4051.8,0,-0.1,0,178.6,40.6,0.86354955
0,4051.8,0,0,0,178.6,40.6,0.86354955
0,4051.8,0,0,0,178.6,40.6,0.86354955
0,4051.9,0,0.1,0,178.6,40.6,0.86354955
0,4051.9,0,0,0,178.6,40.6,0.86354955
0,4051.9,0,0,0,178.6,40.6,0.86354955
0,4051.9,0,0,0,178.6,40.6,0.86354955
0,4051.9,0,0,0,178.6,40.6,0.86354955
0,4051.9,0,0,0,178.6,40.6,0.86354955
0,4051.9,0,0,0,178.6,40.6,0.86354955
0,4051.9,0,0,0,178.6,40.6,0.86354955
0,4051.9,0,0,0,178.6,40.6,0.86354955
0,4051.9,0,0,0,178.6,40.6,0.86354955
0,4051.9,0,0,0,178.6,40.6,0.86354955
0,4051.9,0,0,0,178.6,40.6,0.86354955
0,4051.9,0,0,0,178.6,40.6,0.86354955
0,4051.9,0,0,0,178.6,40.6,0.86354955
0,4051.9,0,0,0,178.6,40.6,0.86354955
900.7,4022,900.7,-29.9,3.6226154,178.8,40.6,0.86339675
1791.6,3990.5,890.9,-31.5,7.1493798,179.3,40.6,0.86301475
1803.7,3987.4,12.1,-3.1,7.1920734,179.8,40.6,0.86263275
1806.6,3985.1,2.9,-2.3,7.1994817,180.4,40.6,0.86217434
1789.8,3983.8,-16.8,-1.3,7.1302052,180.8,40.6,0.86186874
1803.7,3981.7,13.9,-2.1,7.1817923,181.3,40.5,0.86148674
1810.7,3979.9,7,-1.8,7.2064049,181.9,40.5,0.86102834
1790.7,3979.1,-20,-0.8,7.1253744,182.3,40.5,0.86072274
1800.7,3977.4,10,-1.7,7.1621042,182.8,40.5,0.86034074
1806.8,3975.8,6.1,-1.6,7.1834754,183.4,40.5,0.85988234
1794.7,3975,-12.1,-0.8,7.1339325,183.8,40.5,0.85957674
1789.8,3974,-4.9,-1,7.1126652,184.3,40.5,0.85919474
1789.8,3972.9,0,-1.1,7.1106964,184.8,40.5,0.85881274
1815.6,3970.9,25.8,-2,7.209566,185.3,40.5,0.85843074
1811.8,3969.9,-3.8,-1,7.1926648,185.9,40.5,0.85797234
1802.7,3969.2,-9.1,-0.7,7.1552768,186.4,40.5,0.85759034
1796.7,3968.4,-6,-0.8,7.1300243,186.9,40.5,0.85720834
1800.8,3967.4,4.1,-1,7.1444939,187.4,40.5,0.85682634
1777.8,3967.3,-23,-0.1,7.0530659,187.8,40.5,0.85652074
1790.8,3966,13,-1.3,7.1023128,188.3,40.5,0.85613874
1801.7,3964.8,10.9,-1.2,7.1433802,188.8,40.5,0.85575674
1794.7,3964.2,-7,-0.6,7.1145497,189.3,40.5,0.85537474
1807.9,3963,13.2,-1.2,7.1647077,189.8,40.5,0.85499274
1811.7,3962,3.8,-1,7.1779554,190.3,40.5,0.85461074
1810.7,3961.3,-1,-0.7,7.1727259,190.8,40.5,0.85422874
1792.7,3961.2,-18,-0.1,7.1012432,191.3,40.5,0.85384674
1802.6,3960.2,9.9,-1,7.1386565,191.8,40.6,0.85346474
1813.7,3959.1,11.1,-1.1,7.1806197,192.4,40.6,0.85300634
1803.7,3958.8,-10,-0.3,7.1404876,192.9,40.6,0.85262434
1800.7,3958.2,-3,-0.6,7.1275307,193.4,40.6,0.85224234
1794.8,3957.8,-5.9,-0.4,7.1034594,193.9,40.6,0.85186034
1801.8,3957,7,-0.8,7.1297226,194.4,40.6,0.85147834
1795.7,3956.6,-6.1,-0.4,7.1048666,194.9,40.6,0.85109634
1806.7,3955.7,11,-0.9,7.1467632,195.4,40.6,0.85071434
1798.7,3955.4,-8,-0.3,7.114578,195.9,40.6,0.85033234
1796.8,3954.9,-1.9,-0.5,7.1061643,196.4,40.6,0.84995034
1797.8,3954.4,1,-0.5,7.1092203,196.9,40.6,0.84956834
1789.8,3954.2,-8,-0.2,7.0772272,197.3,40.6,0.84926274
1808.7,3953.1,18.9,-1.1,7.149972,197.9,40.6,0.84880434
1804.7,3952.7,-4,-0.4,7.1334377,198.4,40.6,0.84842234
1792.7,3952.6,-12,-0.1,7.085826,198.9,40.6,0.84804034
1807.7,3951.7,15,-0.9,7.1434881,199.4,40.6,0.84765834
1802.7,3951.4,-5,-0.3,7.1231888,199.9,40.6,0.84727634
1803.7,3950.9,1,-0.5,7.1262383,200.4,40.6,0.84689434
1799.7,3950.6,-4,-0.3,7.1098948,200.9,40.6,0.84651234
1802.7,3950.1,3,-0.5,7.1208453,201.4,40.6,0.84613034
1822.8,3949,20.1,-1.1,7.1982372,201.9,40.6,0.84574834
1803.8,3949.2,-19,0.2,7.123567,202.4,40.6,0.84536634
1805.8,3948.8,2,-0.4,7.130743,202.9,40.6,0.84498434
1791.7,3948.8,-14.1,0,7.075065,203.4,40.6,0.84460234
1802.7,3948.2,11,-0.6,7.1174201,203.9,40.6,0.84422034
1796.7,3948,-6,-0.2,7.0933716,204.4,40.6,0.84383834
1800.8,3947.5,4.1,-0.5,7.108658,204.9,40.6,0.84345634
1799.6,3947.2,-1.2,-0.3,7.1033811,205.4,40.6,0.84307434
1792.7,3947.1,-6.9,-0.1,7.0759662,205.9,40.6,0.84269234
1811.8,3946.1,19.1,-1,7.149544,206.4,40.6,0.84231034
1790.7,3946.5,-21.1,0.4,7.0669975,206.9,40.6,0.84192834
1809.7,3945.5,19,-1,7.1401714,207.4,40.6,0.84154634
1794.8,3945.7,-14.9,0.2,7.0817424,207.9,40.6,0.84116434
1812.7,3944.8,17.9,-0.9,7.150739,208.4,40.6,0.84078234
1803.6,3944.8,-9.1,0,7.1148413,208.9,40.6,0.84040034
1803.8,3944.5,0.2,-0.3,7.1150891,209.4,40.6,0.84001834
1804.6,3944.2,0.8,-0.3,7.1177033,209.9,40.6,0.83963634
1803.8,3943.9,-0.8,-0.3,7.1140068,210.4,40.6,0.83925434
1796.7,3943.9,-7.1,0,7.0860051,210.9,40.6,0.83887234
1804.7,3943.4,8,-0.5,7.116654,211.4,40.6,0.83849034
1803.7,3943.1,-1,-0.3,7.1121695,211.9,40.6,0.83810834
1805.8,3942.8,2.1,-0.3,7.1199082,212.4,40.6,0.83772634
1799.7,3942.7,-6.1,-0.1,7.0956772,212.9,40.6,0.83734433
1799.7,3942.4,0,-0.3,7.0951373,213.4,40.6,0.83696233
1807.7,3941.9,8,-0.5,7.1257726,213.9,40.6,0.83658033
1798.8,3942,-8.9,0.1,7.0908696,214.4,40.6,0.83619833
1795.7,3941.8,-3.1,-0.2,7.0782903,214.9,40.6,0.83581633
1800.8,3941.4,5.1,-0.4,7.0976731,215.4,40.6,0.83543433
1797.7,3941.3,-3.1,-0.1,7.085275,215.9,40.6,0.83505233
1811.8,3940.6,14.1,-0.7,7.1395791,216.4,40.6,0.83467033
1802.7,3940.6,-9.1,0,7.1037196,216.9,40.6,0.83428833
1809.8,3940.1,7.1,-0.5,7.130793,217.4,40.6,0.83390633
1803.6,3940.2,-6.2,0.1,7.1065447,217.9,40.6,0.83352433
1802.7,3940,-0.9,-0.2,7.102638,218.4,40.6,0.83314233
1801.8,3939.8,-0.9,-0.2,7.0987316,218.9,40.6,0.83276033
1787.7,3940,-14.1,0.2,7.043538,219.4,40.6,0.83237833
1807.8,3939.2,20.1,-0.8,7.1212858,219.9,40.6,0.83199633
1792.7,3939.4,-15.1,0.2,7.0621624,220.4,40.6,0.83161433
1803.7,3938.8,11,-0.6,7.1044136,220.9,40.6,0.83123233
1810.6,3938.4,6.9,-0.4,7.130867,221.4,40.6,0.83085033
1793.7,3938.8,-16.9,0.4,7.0650256,221.9,40.6,0.83046833
1797.8,3938.4,4.1,-0.4,7.0804555,222.4,40.6,0.83008633
1797.6,3938.2,-0.2,-0.2,7.0793083,222.9,40.6,0.82970433
1800.8,3937.9,3.2,-0.3,7.0913703,223.4,40.6,0.82932233
1798.6,3937.8,-2.2,-0.1,7.0825271,223.9,40.6,0.82894033
1793.7,3937.8,-4.9,0,7.0632319,224.4,40.6,0.82855833
1791.8,3937.7,-1.9,-0.1,7.0555709,224.9,40.6,0.82817633
1814.6,3936.7,22.8,-1,7.1435358,225.4,40.6,0.82779433
1801.8,3936.9,-12.8,0.2,7.0935064,225.9,40.6,0.82741233
1797.7,3936.9,-4.1,0,7.0773651,226.4,40.6,0.82703033
1807.8,3936.3,10.1,-0.6,7.1160431,226.9,40.6,0.82664833
1791.7,3936.7,-16.1,0.4,7.0533854,227.4,40.6,0.82626633
1790.7,3936.6,-1,-0.1,7.0492696,227.9,40.6,0.82588433
1804.7,3935.9,14,-0.7,7.1031187,228.4,40.6,0.82550233
1802.7,3935.8,-2,-0.1,7.0950667,228.9,40.6,0.82512033
1805.9,3935.5,3.2,-0.3,7.1071195,229.4,40.6,0.82473833
1801.7,3935.5,-4.2,0,7.0905904,229.9,40.6,0.82435633
1807.7,3935.1,6,-0.4,7.1134803,230.4,40.6,0.82397433
1793.9,3935.4,-13.8,0.3,7.0597141,230.9,40.6,0.82359233
1791.7,3935.3,-2.2,-0.1,7.050877,231.4,40.6,0.82321033
1809.7,3934.5,18,-0.8,7.1202647,231.9,40.6,0.82282833
1795.8,3934.8,-13.9,0.3,7.0661138,232.4,40.6,0.82244633
1802.7,3934.4,6.9,-0.4,7.0925429,232.9,40.6,0.82206433
1811.7,3934,9,-0.4,7.1272278,233.4,40.6,0.82168233
1812.8,3933.7,1.1,-0.3,7.1310114,233.9,40.6,0.82130033
1798.8,3934,-14,0.3,7.0764792,234.4,40.6,0.82091833
1806.7,3933.6,7.9,-0.4,7.1068351,234.9,40.6,0.82053633
1786.7,3934.1,-20,0.5,7.0290565,235.4,40.6,0.82015433
1797.7,3933.6,11,-0.5,7.0714327,235.9,40.6,0.81977233
1795.8,3933.5,-1.9,-0.1,7.0637793,236.4,40.6,0.81939033
1792.7,3933.4,-3.1,-0.1,7.0514062,236.9,40.6,0.81900833
1800.7,3933,8,-0.4,7.0821531,237.4,40.6,0.81862633
1791.8,3933.2,-8.9,0.2,7.0475078,237.9,40.6,0.81824433
1814.7,3932.2,22.9,-1,7.1357633,238.4,40.7,0.81786233
1803.7,3932.4,-11,0.2,7.0928699,238.9,40.7,0.81748033
1799.7,3932.4,-4,0,7.0771403,239.4,40.7,0.81709833
1805.9,3932.1,6.2,-0.3,7.1009794,239.9,40.7,0.81671633
900.9,3962.5,-905,30.4,3.5698163,240.1,40.7,0.81656353
0,3993.7,-900.9,31.2,0,240.1,40.7,0.81656353
0,3996.1,0,2.4,0,240.1,40.7,0.81656353
0,3998,0,1.9,0,240.1,40.7,0.81656353
0,3999.7,0,1.7,0,240.1,40.7,0.81656353
0,4001.1,0,1.4,0,240.1,40.7,0.81656353
0,4002.6,0,1.5,0,240.1,40.7,0.81656353
0,4003.8,0,1.2,0,240.1,40.7,0.81656353
0,4005,0,1.2,0,240.1,40.7,0.81656353
0,4006.1,0,1.1,0,240.1,40.7,0.81656353
0,4007.2,0,1.1,0,240.1,40.7,0.81656353
0,4008.1,0,0.9,0,240.1,40.7,0.81656353
0,4009.1,0,1,0,240.1,40.7,0.81656353
0,4010,0,0.9,0,240.1,40.7,0.81656353
0,4010.8,0,0.8,0,240.1,40.7,0.81656353
0,4011.7,0,0.9,0,240.1,40.7,0.81656353
0,4012.5,0,0.8,0,240.1,40.7,0.81656353
0,4013.2,0,0.7,0,240.1,40.7,0.81656353
0,4014,0,0.8,0,240.1,40.7,0.81656353
0,4014.6,0,0.6,0,240.1,40.7,0.81656353
0,4015.3,0,0.7,0,240.1,40.7,0.81656353
0,4016,0,0.7,0,240.1,40.7,0.81656353
0,4016.6,0,0.6,0,240.1,40.7,0.81656353
0,4017.2,0,0.6,0,240.1,40.7,0.81656353
0,4017.8,0,0.6,0,240.1,40.7,0.81656353
0,4018.3,0,0.5,0,240.1,40.7,0.81656353
0,4018.9,0,0.6,0,240.1,40.7,0.81656353
0,4019.4,0,0.5,0,240.1,40.7,0.81656353
0,4019.9,0,0.5,0,240.1,40.7,0.81656353
0,4020.4,0,0.5,0,240.1,40.7,0.81656353
0,4020.9,0,0.5,0,240.1,40.7,0.81656353
0,4021.4,0,0.5,0,240.1,40.7,0.81656353
0,4021.8,0,0.4,0,240.1,40.7,0.81656353
0,4022.3,0,0.5,0,240.1,40.7,0.81656353
0,4022.6,0,0.3,0,240.1,40.7,0.81656353
0,4023.1,0,0.5,0,240.1,40.7,0.81656353
0,4023.5,0,0.4,0,240.1,40.7,0.81656353
0,4023.8,0,0.3,0,240.1,40.7,0.81656353
0,4024.2,0,0.4,0,240.1,40.7,0.81656353
0,4024.6,0,0.4,0,240.1,40.7,0.81656353
0,4024.9,0,0.3,0,240.1,40.7,0.81656353
0,4025.3,0,0.4,0,240.1,40.7,0.81656353
0,4025.6,0,0.3,0,240.1,40.7,0.81656353
0,4025.9,0,0.3,0,240.1,40.7,0.81656353
0,4026.3,0,0.4,0,240.1,40.7,0.81656353
0,4026.6,0,0.3,0,240.1,40.7,0.81656353
0,4026.8,0,0.2,0,240.1,40.7,0.81656353
0,4027.2,0,0.4,0,240.1,40.7,0.81656353
0,4027.5,0,0.3,0,240.1,40.7,0.81656353
0,4027.7,0,0.2,0,240.1,40.7,0.81656353
0,4028,0,0.3,0,240.1,40.7,0.81656353
0,4028.2,0,0.2,0,240.1,40.7,0.81656353
0,4028.5,0,0.3,0,240.1,40.7,0.81656353
0,4028.7,0,0.2,0,240.1,40.7,0.81656353
0,4028.9,0,0.2,0,240.1,40.7,0.81656353
0,4029.2,0,0.3,0,240.1,40.7,0.81656353
0,4029.4,0,0.2,0,240.1,40.7,0.81656353
0,4029.6,0,0.2,0,240.1,40.7,0.81656353
0,4029.9,0,0.3,0,240.1,40.7,0.81656353
0,4030.1,0,0.2,0,240.1,40.7,0.81656353
0,4030.3,0,0.2,0,240.1,40.7,0.81656353
0,4030.5,0,0.2,0,240.1,40.7,0.81656353
0,4030.7,0,0.2,0,240.1,40.7,0.81656353
0,4030.9,0,0.2,0,240.1,40.7,0.81656353
0,4031,0,0.1,0,240.1,40.7,0.81656353
0,4031.2,0,0.2,0,240.1,40.7,0.81656353
0,4031.4,0,0.2,0,240.1,40.7,0.81656353
0,4031.6,0,0.2,0,240.1,40.7,0.81656353
0,4031.7,0,0.1,0,240.1,40.7,0.81656353
0,4031.9,0,0.2,0,240.1,40.7,0.81656353
0,4032,0,0.1,0,240.1,40.7,0.81656353
0,4032.2,0,0.2,0,240.1,40.7,0.81656353
0,4032.4,0,0.2,0,240.1,40.7,0.81656353
0,4032.5,0,0.1,0,240.1,40.7,0.81656353
0,4032.7,0,0.2,0,240.1,40.7,0.81656353
0,4032.8,0,0.1,0,240.1,40.7,0.81656353
0,4032.9,0,0.1,0,240.1,40.7,0.81656353
0,4033.1,0,0.2,0,240.1,40.7,0.81656353
0,4033.2,0,0.1,0,240.1,40.7,0.81656353
0,4033.4,0,0.2,0,240.1,40.7,0.81656353
0,4033.5,0,0.1,0,240.1,40.7,0.81656353
0,4033.6,0,0.1,0,240.1,40.7,0.81656353
0,4033.8,0,0.2,0,240.1,40.7,0.81656353
0,4033.8,0,0,0,240.1,40.7,0.81656353
0,4034,0,0.2,0,240.1,40.7,0.81656353
0,4034.1,0,0.1,0,240.1,40.7,0.81656353
0,4034.2,0,0.1,0,240.1,40.7,0.81656353
0,4034.3,0,0.1,0,240.1,40.7,0.81656353
0,4034.4,0,0.1,0,240.1,40.7,0.81656353
0,4034.5,0,0.1,0,240.1,40.7,0.81656353
0,4034.6,0,0.1,0,240.1,40.7,0.81656353
0,4034.7,0,0.1,0,240.1,40.7,0.81656353
0,4034.8,0,0.1,0,240.1,40.7,0.81656353
0,4034.9,0,0.1,0,240.1,40.7,0.81656353
0,4035,0,0.1,0,240.1,40.7,0.81656353
0,4035.1,0,0.1,0,240.1,40.7,0.81656353
0,4035.2,0,0.1,0,240.1,40.7,0.81656353
0,4035.3,0,0.1,0,240.1,40.7,0.81656353
0,4035.4,0,0.1,0,240.1,40.7,0.81656353
0,4035.5,0,0.1,0,240.1,40.7,0.81656353
0,4035.6,0,0.1,0,240.1,40.7,0.81656353
0,4035.6,0,0,0,240.1,40.7,0.81656353
0,4035.7,0,0.1,0,240.1,40.7,0.81656353
0,4035.8,0,0.1,0,240.1,40.7,0.81656353
0,4035.9,0,0.1,0,240.1,40.7,0.81656353
0,4036,0,0.1,0,240.1,40.7,0.81656353
0,4036.1,0,0.1,0,240.1,40.7,0.81656353
0,4036.1,0,0,0,240.1,40.7,0.81656353
0,4036.2,0,0.1,0,240.1,40.7,0.81656353
0,4036.3,0,0.1,0,240.1,40.6,0.81656353
0,4036.3,0,0,0,240.1,40.6,0.81656353
0,4036.4,0,0.1,0,240.1,40.6,0.81656353
0,4036.5,0,0.1,0,240.1,40.6,0.81656353
0,4036.6,0,0.1,0,240.1,40.6,0.81656353
0,4036.6,0,0,0,240.1,40.6,0.81656353
0,4036.7,0,0.1,0,240.1,40.6,0.81656353
0,4036.8,0,0.1,0,240.1,40.6,0.81656353
0,4036.8,0,0,0,240.1,40.6,0.81656353
0,4036.9,0,0.1,0,240.1,40.6,0.81656353
0,4036.9,0,0,0,240.1,40.6,0.81656353
0,4037,0,0.1,0,240.1,40.6,0.81656353
0,4037,0,0,0,240.1,40.6,0.81656353
0,4037.1,0,0.1,0,240.1,40.6,0.81656353
0,4037.2,0,0.1,0,240.1,40.6,0.81656353
0,4037.2,0,0,0,240.1,40.6,0.81656353
0,4037.3,0,0.1,0,240.1,40.6,0.81656353
0,4037.3,0,0,0,240.1,40.6,0.81656353
0,4037.4,0,0.1,0,240.1,40.6,0.81656353
0,4037.5,0,0.1,0,240.1,40.6,0.81656353
0,4037.5,0,0,0,240.1,40.6,0.81656353
0,4037.5,0,0,0,240.1,40.6,0.81656353
0,4037.6,0,0.1,0,240.1,40.6,0.81656353
0,4037.7,0,0.1,0,240.1,40.6,0.81656353
0,4037.7,0,0,0,240.1,40.6,0.81656353
0,4037.8,0,0.1,0,240.1,40.6,0.81656353
0,4037.8,0,0,0,240.1,40.6,0.81656353
0,4037.9,0,0.1,0,240.1,40.6,0.81656353
0,4037.9,0,0,0,240.1,40.6,0.81656353
0,4038,0,0.1,0,240.1,40.6,0.81656353
0,4038,0,0,0,240.1,40.6,0.81656353
0,4038.1,0,0.1,0,240.1,40.6,0.81656353
0,4038.1,0,0,0,240.1,40.6,0.81656353
0,4038.1,0,0,0,240.1,40.6,0.81656353
0,4038.2,0,0.1,0,240.1,40.6,0.81656353
0,4038.2,0,0,0,240.1,40.6,0.81656353
0,4038.3,0,0.1,0,240.1,40.6,0.81656353
0,4038.3,0,0,0,240.1,40.6,0.81656353
0,4038.3,0,0,0,240.1,40.6,0.81656353
0,4038.4,0,0.1,0,240.1,40.6,0.81656353
0,4038.4,0,0,0,240.1,40.6,0.81656353
0,4038.5,0,0.1,0,240.1,40.6,0.81656353
0,4038.5,0,0,0,240.1,40.6,0.81656353
0,4038.5,0,0,0,240.1,40.6,0.81656353
0,4038.6,0,0.1,0,240.1,40.6,0.81656353
0,4038.6,0,0,0,240.1,40.6,0.81656353
0,4038.7,0,0.1,0,240.1,40.6,0.81656353
0,4038.7,0,0,0,240.1,40.6,0.81656353
0,4038.8,0,0.1,0,240.1,40.6,0.81656353
0,4038.8,0,0,0,240.1,40.6,0.81656353
0,4038.8,0,0,0,240.1,40.6,0.81656353
0,4038.8,0,0,0,240.1,40.6,0.81656353
0,4038.9,0,0.1,0,240.1,40.6,0.81656353
0,4038.9,0,0,0,240.1,40.6,0.81656353
0,4038.9,0,0,0,240.1,40.6,0.81656353
0,4039,0,0.1,0,240.1,40.6,0.81656353
0,4039,0,0,0,240.1,40.6,0.81656353
0,4039.1,0,0.1,0,240.1,40.6,0.81656353
0,4039.1,0,0,0,240.1,40.6,0.81656353
0,4039.1,0,0,0,240.1,40.6,0.81656353
0,4039.1,0,0,0,240.1,40.6,0.81656353
0,4039.2,0,0.1,0,240.1,40.6,0.81656353
0,4039.2,0,0,0,240.1,40.6,0.81656353
0,4039.3,0,0.1,0,240.1,40.6,0.81656353
0,4039.3,0,0,0,240.1,40.6,0.81656353
0,4039.3,0,0,0,240.1,40.6,0.81656353
0,4039.4,0,0.1,0,240.1,40.6,0.81656353
0,4039.3,0,-0.1,0,240.1,40.6,0.81656353
0,4039.4,0,0.1,0,240.1,40.6,0.81656353
0,4039.4,0,0,0,240.1,40.6,0.81656353
0,4039.4,0,0,0,240.1,40.6,0.81656353
0,4039.5,0,0.1,0,240.1,40.6,0.81656353
0,4039.5,0,0,0,240.1,40.6,0.81656353
0,4039.6,0,0.1,0,240.1,40.6,0.81656353
0,4039.5,0,-0.1,0,240.1,40.6,0.81656353
0,4039.6,0,0.1,0,240.1,40.6,0.81656353
0,4039.6,0,0,0,240.1,40.6,0.81656353
0,4039.6,0,0,0,240.1,40.6,0.81656353
0,4039.7,0,0.1,0,240.1,40.6,0.81656353
0,4039.7,0,0,0,240.1,40.6,0.81656353
0,4039.7,0,0,0,240.1,40.6,0.81656353
0,4039.7,0,0,0,240.1,40.6,0.81656353
0,4039.8,0,0.1,0,240.1,40.6,0.81656353
0,4039.8,0,0,0,240.1,40.6,0.81656353
0,4039.8,0,0,0,240.1,40.6,0.81656353
0,4039.9,0,0.1,0,240.1,40.6,0.81656353
0,4039.9,0,0,0,240.1,40.6,0.81656353
0,4039.9,0,0,0,240.1,40.6,0.81656353
0,4039.9,0,0,0,240.1,40.6,0.81656353
0,4040,0,0.1,0,240.1,40.6,0.81656353
0,4040,0,0,0,240.1,40.6,0.81656353
0,4040,0,0,0,240.1,40.6,0.81656353
0,4040,0,0,0,240.1,40.6,0.81656353
0,4040,0,0,0,240.1,40.6,0.81656353
0,4040.1,0,0.1,0,240.1,40.6,0.81656353
0,4040.1,0,0,0,240.1,40.6,0.81656353
0,4040.1,0,0,0,240.1,40.6,0.81656353
0,4040.2,0,0.1,0,240.1,40.6,0.81656353
0,4040.2,0,0,0,240.1,40.6,0.81656353
0,4040.2,0,0,0,240.1,40.6,0.81656353
0,4040.2,0,0,0,240.1,40.6,0.81656353
0,4040.3,0,0.1,0,240.1,40.6,0.81656353
0,4040.2,0,-0.1,0,240.1,40.6,0.81656353
0,4040.3,0,0.1,0,240.1,40.6,0.81656353
0,4040.3,0,0,0,240.1,40.6,0.81656353
0,4040.3,0,0,0,240.1,40.6,0.81656353
0,4040.4,0,0.1,0,240.1,40.6,0.81656353
0,4040.4,0,0,0,240.1,40.6,0.81656353
0,4040.4,0,0,0,240.1,40.6,0.81656353
0,4040.4,0,0,0,240.1,40.6,0.81656353
0,4040.4,0,0,0,240.1,40.6,0.81656353
0,4040.4,0,0,0,240.1,40.6,0.81656353
0,4040.5,0,0.1,0,240.1,40.6,0.81656353
0,4040.5,0,0,0,240.1,40.6,0.81656353
0,4040.5,0,0,0,240.1,40.6,0.81656353
0,4040.5,0,0,0,240.1,40.6,0.81656353
0,4040.5,0,0,0,240.1,40.6,0.81656353
0,4040.6,0,0.1,0,240.1,40.6,0.81656353
0,4040.5,0,-0.1,0,240.1,40.6,0.81656353
0,4040.6,0,0.1,0,240.1,40.6,0.81656353
0,4040.6,0,0,0,240.1,40.6,0.81656353
0,4040.6,0,0,0,240.1,40.6,0.81656353
526.8,4023.4,526.8,-17.2,2.1195271,240.3,40.6,0.81641073
1053.8,4004.8,527,-18.6,4.2202582,240.6,40.6,0.81618153
1046.8,4003.5,-7,-1.3,4.1908638,240.9,40.6,0.81595233
1056.8,4001.9,10,-1.6,4.2292079,241.2,40.6,0.81572313
1052.9,4000.9,-3.9,-1,4.2125476,241.5,40.6,0.81549393
1064.8,3999.5,11.9,-1.4,4.2586676,241.7,40.6,0.81534113
1053.8,3999,-11,-0.5,4.2141462,242,40.6,0.81511193
1040.9,3998.5,-12.9,-0.5,4.1620386,242.3,40.6,0.81488273
1050.8,3997.4,9.9,-1.1,4.2004679,242.6,40.6,0.81465353
1041.8,3997,-9,-0.4,4.1640746,242.9,40.6,0.81442433
1061.9,3995.6,20.1,-1.4,4.2429276,243.2,40.6,0.81419513
1062.8,3994.8,0.9,-0.8,4.2456734,243.5,40.6,0.81396593
1052.7,3994.5,-10.1,-0.3,4.2050101,243.8,40.6,0.81373673
1042.9,3994.1,-9.8,-0.4,4.1654469,244.1,40.6,0.81350753
1053.9,3993.2,11,-0.9,4.2084335,244.4,40.6,0.81327833
1055.8,3992.5,1.9,-0.7,4.2152815,244.7,40.6,0.81304913
1060.8,3991.7,5,-0.8,4.2343954,245,40.6,0.81281993
1050.8,3991.5,-10,-0.2,4.1942682,245.3,40.6,0.81259073
1043.8,3991.2,-7,-0.3,4.1660146,245.5,40.6,0.81243792
1057.9,3990.2,14.1,-1,4.2212326,245.8,40.6,0.81220872
1051.8,3989.8,-6.1,-0.4,4.1964716,246.1,40.6,0.81197952
1055.9,3989.2,4.1,-0.6,4.2121963,246.4,40.6,0.81175032
1045.8,3989.1,-10.1,-0.1,4.1718008,246.7,40.6,0.81152112
1060.8,3988.1,15,-1,4.2305765,247,40.6,0.81129192
1060.9,3987.6,0.1,-0.5,4.2304448,247.3,40.6,0.81106272
1055.8,3987.3,-5.1,-0.3,4.2097913,247.6,40.6,0.81083352
1055.8,3986.9,0,-0.4,4.209369,247.9,40.6,0.81060432
1049.9,3986.7,-5.9,-0.2,4.1856363,248.2,40.6,0.81037512
1052.8,3986.2,2.9,-0.5,4.1966714,248.5,40.6,0.81014592
1054.8,3985.7,2,-0.5,4.2041164,248.8,40.6,0.80991672
1040.9,3985.8,-13.9,0.1,4.1488192,249.1,40.6,0.80968752
1057.8,3984.9,16.9,-0.9,4.2152272,249.4,40.6,0.80945832
1054.8,3984.6,-3,-0.3,4.2029561,249.6,40.6,0.80930552
1053.9,3984.3,-0.9,-0.3,4.1990538,249.9,40.6,0.80907632
1048.8,3984.1,-5.1,-0.2,4.1785241,250.2,40.6,0.80884712
1059.9,3983.4,11.1,-0.7,4.2220057,250.5,40.6,0.80861792
1042.9,3983.6,-17,0.2,4.1544964,250.8,40.6,0.80838872
1053.8,3982.9,10.9,-0.7,4.19718,251.1,40.6,0.80815952
1044.8,3982.9,-9,0,4.1613339,251.4,40.6,0.80793032
1054.9,3982.3,10.1,-0.6,4.2009283,251.7,40.6,0.80770112
1056.8,3981.9,1.9,-0.4,4.2080719,252,40.6,0.80747192
1053.8,3981.7,-3,-0.2,4.1959155,252.3,40.6,0.80724272
1056.7,3981.3,2.9,-0.4,4.2070397,252.6,40.6,0.80701352
1048.9,3981.3,-7.8,0,4.1759856,252.9,40.6,0.80678432
1053.8,3980.8,4.9,-0.5,4.194967,253.2,40.6,0.80655512
1044.8,3980.9,-9,0.1,4.1592443,253.4,40.6,0.80640232
1048.9,3980.5,4.1,-0.4,4.1751464,253.7,40.6,0.80617312
1067.8,3979.6,18.9,-0.9,4.2494169,254,40.6,0.80594392
1048.8,3979.9,-19,0.3,4.1741191,254.3,40.6,0.80571472
1060.8,3979.3,12,-0.6,4.2212414,254.6,40.6,0.80548552
1048.8,3979.4,-12,0.1,4.1735947,254.9,40.6,0.80525632
1047.8,3979.3,-1,-0.1,4.1695105,255.2,40.6,0.80502712
1051.9,3978.9,4.1,-0.4,4.1854049,255.5,40.6,0.80479792
1059.9,3978.4,8,-0.5,4.2167062,255.8,40.6,0.80456872
1055.8,3978.3,-4.1,-0.1,4.2002891,256.1,40.6,0.80433952
1056.8,3978.1,1,-0.2,4.2040561,256.4,40.6,0.80411032
1041.9,3978.3,-14.9,0.2,4.1449908,256.7,40.6,0.80388112
1050.8,3977.9,8.9,-0.4,4.1799773,257,40.6,0.80365192
1060.8,3977.3,10,-0.6,4.2191198,257.2,40.6,0.80349912
1048.9,3977.5,-11.9,0.2,4.1719997,257.5,40.6,0.80326992
1047.9,3977.3,-1,-0.2,4.1678127,257.8,40.6,0.80304072
1049.8,3977.1,1.9,-0.2,4.1751596,258.1,40.6,0.80281152
1058.7,3976.6,8.9,-0.5,4.2100264,258.4,40.6,0.80258232
1048.8,3976.7,-9.9,0.1,4.170763,258.7,40.6,0.80235312
1063.9,3976.1,15.1,-0.6,4.2301728,259,40.6,0.80212392
1044.8,3976.5,-19.1,0.4,4.1546472,259.3,40.6,0.80189472
1051.8,3976.1,7,-0.4,4.182062,259.6,40.6,0.80166552
1054.8,3975.8,3,-0.3,4.1936738,259.9,40.6,0.80143632
1053.9,3975.7,-0.9,-0.1,4.1899902,260.2,40.6,0.80120712
1061.8,3975.2,7.9,-0.5,4.2208674,260.5,40.6,0.80097792
1057.9,3975.2,-3.9,0,4.2053641,260.8,40.6,0.80074872
1051.9,3975.3,-6,0.1,4.1816181,261.1,40.6,0.80051952
1061.9,3974.7,10,-0.6,4.2207339,261.3,40.6,0.80036672
1063.8,3974.5,1.9,-0.2,4.2280731,261.6,40.6,0.80013752
1058.6,3974.5,-5.2,0,4.2074057,261.9,40.6,0.79990832
1037,3975.1,-21.6,0.6,4.1221787,262.2,40.6,0.79967912
1048.9,3974.5,11.9,-0.6,4.1688531,262.5,40.6,0.79944992
1055.8,3974.2,6.9,-0.3,4.1959604,262.8,40.6,0.79922072
1052.8,3974.1,-3,-0.1,4.1839325,263.1,40.6,0.79899152
527.1,3991.8,-525.7,17.7,2.1040778,263.2,40.6,0.79891512
0,4009.9,-527.1,18.1,0,263.2,40.6,0.79891512
0,4011.3,0,1.4,0,263.2,40.6,0.79891512
0,4012.4,0,1.1,0,263.2,40.6,0.79891512
0,4013.4,0,1,0,263.2,40.6,0.79891512
0,4014.4,0,1,0,263.2,40.6,0.79891512
0,4015.1,0,0.7,0,263.2,40.6,0.79891512
0,4015.9,0,0.8,0,263.2,40.6,0.79891512
0,4016.6,0,0.7,0,263.2,40.6,0.79891512
0,4017.3,0,0.7,0,263.2,40.6,0.79891512
0,4017.9,0,0.6,0,263.2,40.6,0.79891512
0,4018.5,0,0.6,0,263.2,40.6,0.79891512
0,4019.1,0,0.6,0,263.2,40.6,0.79891512
0,4019.6,0,0.5,0,263.2,40.6,0.79891512
0,4020.2,0,0.6,0,263.2,40.6,0.79891512
0,4020.6,0,0.4,0,263.2,40.6,0.79891512
0,4021.1,0,0.5,0,263.2,40.6,0.79891512
0,4021.6,0,0.5,0,263.2,40.6,0.79891512
0,4022.1,0,0.5,0,263.2,40.6,0.79891512
0,4022.4,0,0.3,0,263.2,40.6,0.79891512
0,4022.9,0,0.5,0,263.2,40.6,0.79891512
0,4023.3,0,0.4,0,263.2,40.6,0.79891512
0,4023.7,0,0.4,0,263.2,40.6,0.79891512
0,4024,0,0.3,0,263.2,40.6,0.79891512
0,4024.4,0,0.4,0,263.2,40.6,0.79891512
0,4024.7,0,0.3,0,263.2,40.6,0.79891512
0,4025.1,0,0.4,0,263.2,40.6,0.79891512
0,4025.4,0,0.3,0,263.2,40.6,0.79891512
0,4025.7,0,0.3,0,263.2,40.6,0.79891512
0,4026,0,0.3,0,263.2,40.6,0.79891512
0,4026.3,0,0.3,0,263.2,40.6,0.79891512
0,4026.6,0,0.3,0,263.2,40.6,0.79891512
0,4026.8,0,0.2,0,263.2,40.6,0.79891512
0,4027.1,0,0.3,0,263.2,40.6,0.79891512
0,4027.4,0,0.3,0,263.2,40.6,0.79891512
0,4027.6,0,0.2,0,263.2,40.6,0.79891512
0,4027.9,0,0.3,0,263.2,40.6,0.79891512
0,4028.1,0,0.2,0,263.2,40.6,0.79891512
0,4028.3,0,0.2,0,263.2,40.6,0.79891512
0,4028.6,0,0.3,0,263.2,40.6,0.79891512
0,4028.8,0,0.2,0,263.2,40.6,0.79891512
0,4029,0,0.2,0,263.2,40.6,0.79891512
0,4029.2,0,0.2,0,263.2,40.6,0.79891512
0,4029.4,0,0.2,0,263.2,40.6,0.79891512
0,4029.5,0,0.1,0,263.2,40.6,0.79891512
0,4029.7,0,0.2,0,263.2,40.6,0.79891512
0,4029.9,0,0.2,0,263.2,40.6,0.79891512
0,4030.1,0,0.2,0,263.2,40.6,0.79891512
0,4030.3,0,0.2,0,263.2,40.6,0.79891512
0,4030.5,0,0.2,0,263.2,40.6,0.79891512
0,4030.6,0,0.1,0,263.2,40.6,0.79891512
0,4030.8,0,0.2,0,263.2,40.6,0.79891512
0,4030.9,0,0.1,0,263.2,40.6,0.79891512
0,4031.1,0,0.2,0,263.2,40.6,0.79891512
0,4031.2,0,0.1,0,263.2,40.6,0.79891512
0,4031.3,0,0.1,0,263.2,40.6,0.79891512
0,4031.5,0,0.2,0,263.2,40.6,0.79891512
0,4031.7,0,0.2,0,263.2,40.6,0.79891512
0,4031.7,0,0,0,263.2,40.6,0.79891512
0,4031.9,0,0.2,0,263.2,40.6,0.79891512
0,4032,0,0.1,0,263.2,40.6,0.79891512
0,4032.1,0,0.1,0,263.2,40.6,0.79891512
0,4032.2,0,0.1,0,263.2,40.6,0.79891512
0,4032.3,0,0.1,0,263.2,40.6,0.79891512
0,4032.5,0,0.2,0,263.2,40.6,0.79891512
0,4032.6,0,0.1,0,263.2,40.6,0.79891512
0,4032.7,0,0.1,0,263.2,40.6,0.79891512
0,4032.8,0,0.1,0,263.2,40.6,0.79891512
0,4032.9,0,0.1,0,263.2,40.6,0.79891512
0,4033,0,0.1,0,263.2,40.6,0.79891512
0,4033.1,0,0.1,0,263.2,40.6,0.79891512
0,4033.2,0,0.1,0,263.2,40.6,0.79891512
0,4033.3,0,0.1,0,263.2,40.6,0.79891512
0,4033.4,0,0.1,0,263.2,40.6,0.79891512
0,4033.4,0,0,0,263.2,40.6,0.79891512
0,4033.6,0,0.2,0,263.2,40.6,0.79891512
0,4033.6,0,0,0,263.2,40.6,0.79891512
0,4033.7,0,0.1,0,263.2,40.6,0.79891512
0,4033.8,0,0.1,0,263.2,40.6,0.79891512
0,4033.9,0,0.1,0,263.2,40.6,0.79891512
0,4033.9,0,0,0,263.2,40.6,0.79891512
0,4034,0,0.1,0,263.2,40.6,0.79891512
0,4034.1,0,0.1,0,263.2,40.6,0.79891512
0,4034.2,0,0.1,0,263.2,40.6,0.79891512
0,4034.3,0,0.1,0,263.2,40.6,0.79891512
0,4034.3,0,0,0,263.2,40.6,0.79891512
0,4034.4,0,0.1,0,263.2,40.6,0.79891512
0,4034.4,0,0,0,263.2,40.6,0.79891512
0,4034.6,0,0.2,0,263.2,40.6,0.79891512
0,4034.6,0,0,0,263.2,40.6,0.79891512
0,4034.7,0,0.1,0,263.2,40.6,0.79891512
0,4034.7,0,0,0,263.2,40.6,0.79891512
0,4034.8,0,0.1,0,263.2,40.6,0.79891512
0,4034.9,0,0.1,0,263.2,40.6,0.79891512
0,4034.9,0,0,0,263.2,40.6,0.79891512
0,4035,0,0.1,0,263.2,40.6,0.79891512
0,4035,0,0,0,263.2,40.6,0.79891512
0,4035.1,0,0.1,0,263.2,40.6,0.79891512
0,4035.1,0,0,0,263.2,40.6,0.79891512
0,4035.2,0,0.1,0,263.2,40.6,0.79891512
0,4035.2,0,0,0,263.2,40.6,0.79891512
0,4035.3,0,0.1,0,263.2,40.6,0.79891512
0,4035.4,0,0.1,0,263.2,40.6,0.79891512
0,4035.4,0,0,0,263.2,40.6,0.79891512
0,4035.5,0,0.1,0,263.2,40.6,0.79891512
0,4035.5,0,0,0,263.2,40.6,0.79891512
0,4035.6,0,0.1,0,263.2,40.6,0.79891512
0,4035.6,0,0,0,263.2,40.6,0.79891512
0,4035.7,0,0.1,0,263.2,40.6,0.79891512
0,4035.7,0,0,0,263.2,40.6,0.79891512
0,4035.8,0,0.1,0,263.2,40.6,0.79891512
0,4035.8,0,0,0,263.2,40.6,0.79891512
0,4035.9,0,0.1,0,263.2,40.6,0.79891512
0,4035.9,0,0,0,263.2,40.6,0.79891512
0,4035.9,0,0,0,263.2,40.6,0.79891512
0,4036,0,0.1,0,263.2,40.6,0.79891512
0,4036,0,0,0,263.2,40.6,0.79891512
0,4036,0,0,0,263.2,40.6,0.79891512
0,4036.1,0,0.1,0,263.2,40.6,0.79891512
0,4036.1,0,0,0,263.2,40.6,0.79891512
0,4036.2,0,0.1,0,263.2,40.6,0.79891512
0,4036.2,0,0,0,263.2,40.6,0.79891512
0,4036.3,0,0.1,0,263.2,40.6,0.79891512
0,4036.3,0,0,0,263.2,40.6,0.79891512
0,4036.3,0,0,0,263.2,40.6,0.79891512
0,4036.4,0,0.1,0,263.2,40.6,0.79891512
0,4036.4,0,0,0,263.2,40.6,0.79891512
0,4036.4,0,0,0,263.2,40.6,0.79891512
0,4036.5,0,0.1,0,263.2,40.6,0.79891512
0,4036.5,0,0,0,263.2,40.6,0.79891512
0,4036.5,0,0,0,263.2,40.6,0.79891512
0,4036.6,0,0.1,0,263.2,40.6,0.79891512
0,4036.6,0,0,0,263.2,40.6,0.79891512
0,4036.7,0,0.1,0,263.2,40.6,0.79891512
0,4036.7,0,0,0,263.2,40.6,0.79891512
0,4036.7,0,0,0,263.2,40.6,0.79891512
0,4036.8,0,0.1,0,263.2,40.6,0.79891512
0,4036.8,0,0,0,263.2,40.6,0.79891512
0,4036.8,0,0,0,263.2,40.6,0.79891512
0,4036.9,0,0.1,0,263.2,40.6,0.79891512
0,4036.9,0,0,0,263.2,40.6,0.79891512
0,4036.9,0,0,0,263.2,40.6,0.79891512
0,4036.9,0,0,0,263.2,40.6,0.79891512
0,4037,0,0.1,0,263.2,40.6,0.79891512
0,4037,0,0,0,263.2,40.6,0.79891512
0,4037,0,0,0,263.2,40.6,0.79891512
0,4037.1,0,0.1,0,263.2,40.6,0.79891512
0,4037.1,0,0,0,263.2,40.6,0.79891512
0,4037.1,0,0,0,263.2,40.6,0.79891512
0,4037.2,0,0.1,0,263.2,40.6,0.79891512
0,4037.2,0,0,0,263.2,40.6,0.79891512
0,4037.2,0,0,0,263.2,40.6,0.79891512
0,4037.3,0,0.1,0,263.2,40.6,0.79891512
0,4037.3,0,0,0,263.2,40.6,0.79891512
0,4037.3,0,0,0,263.2,40.6,0.79891512
0,4037.3,0,0,0,263.2,40.6,0.79891512
0,4037.3,0,0,0,263.2,40.6,0.79891512
0,4037.3,0,0,0,263.2,40.6,0.79891512
0,4037.4,0,0.1,0,263.2,40.6,0.79891512
0,4037.4,0,0,0,263.2,40.6,0.79891512
0,4037.4,0,0,0,263.2,40.6,0.79891512
0,4037.5,0,0.1,0,263.2,40.6,0.79891512
0,4037.5,0,0,0,263.2,40.6,0.79891512
0,4037.5,0,0,0,263.2,40.6,0.79891512
0,4037.5,0,0,0,263.2,40.6,0.79891512
0,4037.5,0,0,0,263.2,40.6,0.79891512
0,4037.6,0,0.1,0,263.2,40.6,0.79891512
0,4037.6,0,0,0,263.2,40.6,0.79891512
0,4037.6,0,0,0,263.2,40.6,0.79891512
0,4037.7,0,0.1,0,263.2,40.6,0.79891512
0,4037.7,0,0,0,263.2,40.6,0.79891512
0,4037.7,0,0,0,263.2,40.6,0.79891512
0,4037.7,0,0,0,263.2,40.6,0.79891512
0,4037.7,0,0,0,263.2,40.6,0.79891512
0,4037.8,0,0.1,0,263.2,40.6,0.79891512
0,4037.8,0,0,0,263.2,40.6,0.79891512
0,4037.8,0,0,0,263.2,40.6,0.79891512
0,4037.8,0,0,0,263.2,40.6,0.79891512
0,4037.9,0,0.1,0,263.2,40.6,0.79891512
0,4037.9,0,0,0,263.2,40.6,0.79891512
0,4037.9,0,0,0,263.2,40.6,0.79891512
0,4037.9,0,0,0,263.2,40.6,0.79891512
0,4037.9,0,0,0,263.2,40.6,0.79891512
0,4037.9,0,0,0,263.2,40.6,0.79891512
0,4038,0,0.1,0,263.2,40.6,0.79891512
0,4038,0,0,0,263.2,40.6,0.79891512
0,4038,0,0,0,263.2,40.6,0.79891512
0,4038,0,0,0,263.2,40.6,0.79891512
0,4038,0,0,0,263.2,40.6,0.79891512
0,4038,0,0,0,263.2,40.6,0.79891512
0,4038.1,0,0.1,0,263.2,40.6,0.79891512
0,4038.1,0,0,0,263.2,40.6,0.79891512
0,4038.1,0,0,0,263.2,40.6,0.79891512
0,4038.1,0,0,0,263.2,40.6,0.79891512
0,4038.1,0,0,0,263.2,40.6,0.79891512
0,4038.2,0,0.1,0,263.2,40.6,0.79891512
0,4038.2,0,0,0,263.2,40.6,0.79891512
0,4038.2,0,0,0,263.2,40.6,0.79891512
0,4038.2,0,0,0,263.2,40.6,0.79891512
0,4038.3,0,0.1,0,263.2,40.6,0.79891512
0,4038.2,0,-0.1,0,263.2,40.6,0.79891512
0,4038.3,0,0.1,0,263.2,40.6,0.79891512
0,4038.3,0,0,0,263.2,40.6,0.79891512
0,4038.3,0,0,0,263.2,40.6,0.79891512
0,4038.3,0,0,0,263.2,40.6,0.79891512
0,4038.3,0,0,0,263.2,40.6,0.79891512
0,4038.4,0,0.1,0,263.2,40.6,0.79891512
0,4038.4,0,0,0,263.2,40.6,0.79891512
0,4038.4,0,0,0,263.2,40.6,0.79891512
0,4038.4,0,0,0,263.2,40.6,0.79891512
0,4038.4,0,0,0,263.2,40.6,0.79891512
0,4038.5,0,0.1,0,263.2,40.6,0.79891512
0,4038.5,0,0,0,263.2,40.6,0.79891512
0,4038.5,0,0,0,263.2,40.6,0.79891512
0,4038.5,0,0,0,263.2,40.6,0.79891512
0,4038.5,0,0,0,263.2,40.6,0.79891512
0,4038.5,0,0,0,263.2,40.6,0.79891512
0,4038.5,0,0,0,263.2,40.5,0.79891512
0,4038.5,0,0,0,263.2,40.5,0.79891512
0,4038.5,0,0,0,263.2,40.5,0.79891512
0,4038.6,0,0.1,0,263.2,40.5,0.79891512
0,4038.6,0,0,0,263.2,40.5,0.79891512
0,4038.6,0,0,0,263.2,40.5,0.79891512
0,4038.6,0,0,0,263.2,40.5,0.79891512
0,4038.6,0,0,0,263.2,40.5,0.79891512
0,4038.6,0,0,0,263.2,40.5,0.79891512
0,4038.6,0,0,0,263.2,40.5,0.79891512
0,4038.7,0,0.1,0,263.2,40.5,0.79891512
0,4038.7,0,0,0,263.2,40.5,0.79891512
240,4031.1,240,-7.6,0.967464,263.3,40.5,0.79883872
474.9,4022.8,234.9,-8.3,1.9104277,263.4,40.5,0.79876232
482.9,4021.8,8,-1,1.9421272,263.6,40.5,0.79860952
483.8,4021.2,0.9,-0.6,1.9454566,263.7,40.5,0.79853312
481,4020.8,-2.8,-0.4,1.9340048,263.8,40.5,0.79845672
491.9,4020,10.9,-0.8,1.977438,264,40.5,0.79830392
485.9,4019.8,-6,-0.2,1.9532208,264.1,40.5,0.79822752
491,4019.2,5.1,-0.6,1.9734272,264.3,40.5,0.79807472
473.9,4019.4,-17.1,0.2,1.9047937,264.4,40.5,0.79799832
471,4019.1,-2.9,-0.3,1.8929961,264.5,40.5,0.79792192
480.9,4018.4,9.9,-0.7,1.9324486,264.7,40.5,0.79776912
475,4018.3,-5.9,-0.1,1.9086925,264.8,40.5,0.79769272
486.9,4017.6,11.9,-0.7,1.9561694,264.9,40.5,0.79761632
493.9,4017.1,7,-0.5,1.9840457,265.1,40.5,0.79746352
481.9,4017.1,-12,0,1.9358405,265.2,40.5,0.79738712
493,4016.5,11.1,-0.6,1.9801345,265.3,40.5,0.79731072
476.9,4016.8,-16.1,0.3,1.9156119,265.5,40.5,0.79715792
483,4016.3,6.1,-0.5,1.9398729,265.6,40.5,0.79708152
492.9,4015.7,9.9,-0.6,1.9793385,265.7,40.5,0.79700512
467.2,4016.3,-25.7,0.6,1.8764154,265.9,40.5,0.79685232
485.8,4015.5,18.6,-0.8,1.9507299,266,40.5,0.79677592
486,4015.3,0.2,-0.2,1.9514358,266.1,40.5,0.79669952
479.8,4015.2,-6.2,-0.1,1.926493,266.3,40.5,0.79654672
474.9,4015.2,-4.9,0,1.9068185,266.4,40.5,0.79647032
479.9,4014.8,5,-0.4,1.9267025,266.5,40.5,0.79639392
481,4014.5,1.1,-0.3,1.9309745,266.7,40.5,0.79624112
475.8,4014.5,-5.2,0,1.9100991,266.8,40.5,0.79616472
481,4014.2,5.2,-0.3,1.9308302,266.9,40.5,0.79608832
474.9,4014.2,-6.1,0,1.9063436,267.1,40.5,0.79593552
481,4013.8,6.1,-0.4,1.9306378,267.2,40.5,0.79585912
478.9,4013.7,-2.1,-0.1,1.9221609,267.3,40.5,0.79578272
486,4013.2,7.1,-0.5,1.9504152,267.5,40.5,0.79562992
474.9,4013.4,-11.1,0.2,1.9059637,267.6,40.5,0.79555352
492.9,4012.7,18,-0.7,1.9778598,267.7,40.5,0.79547712
465.9,4013.4,-27,0.7,1.8698431,267.9,40.5,0.79532432
488,4012.5,22.1,-0.9,1.9581,268,40.5,0.79524792
485.9,4012.4,-2.1,-0.1,1.9496252,268.1,40.5,0.79517152
472.9,4012.7,-13,0.3,1.8976058,268.3,40.5,0.79501872
492,4012,19.1,-0.7,1.973904,268.4,40.5,0.79494232
473.8,4012.4,-18.2,0.4,1.9010751,268.5,40.5,0.79486592
482.9,4011.9,9.1,-0.5,1.9373465,268.7,40.5,0.79471312
480.9,4011.9,-2,0,1.9293227,268.8,40.5,0.79463672
479.9,4011.7,-1,-0.2,1.9252148,268.9,40.5,0.79456032
476.9,4011.7,-3,0,1.9131797,269.1,40.5,0.79440752
484.9,4011.3,8,-0.4,1.9450794,269.2,40.5,0.79433112
487.9,4011.1,3,-0.2,1.9570157,269.3,40.5,0.79425472
485.8,4011,-2.1,-0.1,1.9485438,269.5,40.5,0.79410192
475,4011.2,-10.8,0.2,1.90532,269.6,40.5,0.79402552
472.9,4011.2,-2.1,0,1.8968965,269.7,40.5,0.79394912
489,4010.5,16.1,-0.7,1.9611345,269.9,40.5,0.79379632
482.9,4010.6,-6.1,0.1,1.9367187,270,40.5,0.79371992
480,4010.6,-2.9,0,1.925088,270.1,40.5,0.79364352
481.9,4010.4,1.9,-0.2,1.9326118,270.3,40.5,0.79349072
490.9,4010,9,-0.4,1.968509,270.4,40.5,0.79341432
487.9,4010,-3,0,1.956479,270.5,40.5,0.79333792
485.8,4009.9,-2.1,-0.1,1.9480094,270.7,40.5,0.79318512
487,4009.7,1.2,-0.2,1.9527239,270.8,40.5,0.79310872
478.8,4009.9,-8.2,0.2,1.9199401,270.9,40.5,0.79303232
472,4010.1,-6.8,0.2,1.8927672,271.1,40.5,0.79287952
474.9,4009.9,2.9,-0.2,1.9043015,271.2,40.5,0.79280312
484,4009.5,9.1,-0.4,1.940598,271.3,40.5,0.79272672
477.9,4009.6,-6.1,0.1,1.9161878,271.5,40.5,0.79257392
477.9,4009.5,0,-0.1,1.9161401,271.6,40.5,0.79249752
483,4009.2,5.1,-0.3,1.9364436,271.7,40.5,0.79242112
482.9,4009.1,-0.1,-0.1,1.9359944,271.9,40.5,0.79226832
479.9,4009.1,-3,0,1.9239671,272,40.5,0.79219192
490,4008.7,10.1,-0.4,1.964263,272.1,40.5,0.79211552
475,4009.1,-15,0.4,1.9043225,272.3,40.5,0.79196272
490,4008.5,15,-0.6,1.964165,272.4,40.5,0.79188632
490.8,4008.4,0.8,-0.1,1.9673227,272.6,40.5,0.79173352
485.9,4008.4,-4.9,0,1.9476816,272.7,40.5,0.79165712
485,4008.4,-0.9,0,1.944074,272.8,40.5,0.79158072
481,4008.4,-4,0,1.9280404,273,40.5,0.79142792
470.8,4008.7,-10.2,0.3,1.887296,273.1,40.5,0.79135152
478.8,4008.3,8,-0.4,1.919174,273.2,40.5,0.79127512
480,4008.3,1.2,0,1.923984,273.4,40.5,0.79112232
487.9,4007.9,7.9,-0.4,1.9554544,273.5,40.5,0.79104592
482,4008,-5.9,0.1,1.931856,273.6,40.5,0.79096952
483.9,4007.9,1.9,-0.1,1.9394228,273.8,40.5,0.79081672
505.9,4007,22,-0.9,2.0271413,273.9,40.5,0.79074032
483.8,4007.7,-22.1,0.7,1.9389253,274,40.5,0.79066392
492,4007.4,8.2,-0.3,1.9716408,274.2,40.5,0.79051112
482.9,4007.6,-9.1,0.2,1.93527,274.3,40.5,0.79043472
479.9,4007.6,-3,0,1.9232472,274.4,40.5,0.79035832
479,4007.6,-0.9,0,1.9196404,274.6,40.5,0.79020552
493.9,4007,14.9,-0.6,1.9790573,274.7,40.5,0.79012912
471,4007.7,-22.9,0.7,1.8876267,274.8,40.5,0.79005272
479.7,4007.4,8.7,-0.3,1.9223498,275,40.5,0.78989992
490.9,4006.9,11.2,-0.5,1.9669872,275.1,40.5,0.78982352
486.9,4007,-4,0.1,1.9510083,275.2,40.5,0.78974712
477.9,4007.2,-9,0.2,1.9150409,275.4,40.5,0.78959432
476.9,4007.2,-1,0,1.9110337,275.5,40.5,0.78951792
485,4006.9,8.1,-0.3,1.9433465,275.6,40.5,0.78944152
476.8,4007.1,-8.2,0.2,1.9105853,275.8,40.5,0.78928872
477.9,4007,1.1,-0.1,1.9149453,275.9,40.5,0.78921232
483.8,4006.7,5.9,-0.3,1.9384415,276,40.5,0.78913592
484.9,4006.6,1.1,-0.1,1.9428003,276.2,40.5,0.78898312
487.9,4006.4,3,-0.2,1.9547226,276.3,40.5,0.78890672
473,4006.9,-14.9,0.5,1.8952637,276.4,40.5,0.78883032
470.9,4007,-2.1,0.1,1.8868963,276.6,40.5,0.78867752
477.9,4006.6,7,-0.4,1.9147541,276.7,40.5,0.78860112
492.1,4006.1,14.2,-0.5,1.9714018,276.8,40.5,0.78852472
490.8,4006.1,-1.3,0,1.9661939,277,40.5,0.78837192
470,4006.7,-20.8,0.6,1.883149,277.1,40.5,0.78829552
483.9,4006.2,13.9,-0.5,1.9386002,277.2,40.5,0.78821912
475.9,4006.4,-8,0.2,1.9066458,277.4,40.5,0.78806632
483.9,4006.1,8,-0.3,1.9385518,277.5,40.5,0.78798992
484.9,4006,1,-0.1,1.9425094,277.6,40.5,0.78791352
490.9,4005.7,6,-0.3,1.9663981,277.8,40.5,0.78776072
483.8,4005.9,-7.1,0.2,1.9380544,277.9,40.5,0.78768432
486.9,4005.7,3.1,-0.2,1.9503753,278.1,40.5,0.78753152
483,4005.8,-3.9,0.1,1.9348014,278.2,40.5,0.78745511
472.9,4006.1,-10.1,0.3,1.8944847,278.3,40.5,0.78737871
480.9,4005.8,8,-0.3,1.9263892,278.4,40.5,0.78730231
477.1,4005.9,-3.8,0.1,1.9112149,278.6,40.5,0.78714951
482.9,4005.6,5.8,-0.3,1.9343042,278.7,40.5,0.78707311
489,4005.4,6.1,-0.2,1.9586406,278.9,40.5,0.78692031
240,4013.8,-249,8.4,0.963312,278.9,40.5,0.78692031
0,4021.8,-240,8,0,278.9,40.5,0.78692031
0,4022.5,0,0.7,0,278.9,40.5,0.78692031
0,4023,0,0.5,0,278.9,40.5,0.78692031
0,4023.5,0,0.5,0,278.9,40.5,0.78692031
0,4024,0,0.5,0,278.9,40.5,0.78692031
0,4024.4,0,0.4,0,278.9,40.5,0.78692031
0,4024.8,0,0.4,0,278.9,40.5,0.78692031
0,4025.1,0,0.3,0,278.9,40.5,0.78692031
0,4025.5,0,0.4,0,278.9,40.5,0.78692031
0,4025.8,0,0.3,0,278.9,40.5,0.78692031
0,4026.1,0,0.3,0,278.9,40.5,0.78692031
0,4026.4,0,0.3,0,278.9,40.5,0.78692031
0,4026.7,0,0.3,0,278.9,40.5,0.78692031
0,4026.9,0,0.2,0,278.9,40.5,0.78692031
0,4027.2,0,0.3,0,278.9,40.5,0.78692031
0,4027.4,0,0.2,0,278.9,40.5,0.78692031
0,4027.6,0,0.2,0,278.9,40.5,0.78692031
0,4027.9,0,0.3,0,278.9,40.5,0.78692031
0,4028.1,0,0.2,0,278.9,40.5,0.78692031
0,4028.3,0,0.2,0,278.9,40.5,0.78692031
0,4028.5,0,0.2,0,278.9,40.5,0.78692031
0,4028.7,0,0.2,0,278.9,40.5,0.78692031
0,4028.9,0,0.2,0,278.9,40.5,0.78692031
0,4029.1,0,0.2,0,278.9,40.5,0.78692031
0,4029.3,0,0.2,0,278.9,40.5,0.78692031
0,4029.4,0,0.1,0,278.9,40.5,0.78692031
0,4029.6,0,0.2,0,278.9,40.5,0.78692031
0,4029.8,0,0.2,0,278.9,40.5,0.78692031
0,4030,0,0.2,0,278.9,40.5,0.78692031
0,4030.1,0,0.1,0,278.9,40.5,0.78692031
0,4030.3,0,0.2,0,278.9,40.5,0.78692031
0,4030.4,0,0.1,0,278.9,40.5,0.78692031
0,4030.5,0,0.1,0,278.9,40.5,0.78692031
0,4030.7,0,0.2,0,278.9,40.5,0.78692031
0,4030.8,0,0.1,0,278.9,40.5,0.78692031
0,4030.9,0,0.1,0,278.9,40.5,0.78692031
0,4031.1,0,0.2,0,278.9,40.5,0.78692031
0,4031.2,0,0.1,0,278.9,40.5,0.78692031
0,4031.3,0,0.1,0,278.9,40.5,0.78692031
0,4031.4,0,0.1,0,278.9,40.5,0.78692031
0,4031.6,0,0.2,0,278.9,40.5,0.78692031
0,4031.7,0,0.1,0,278.9,40.5,0.78692031
0,4031.8,0,0.1,0,278.9,40.5,0.78692031
0,4031.9,0,0.1,0,278.9,40.5,0.78692031
0,4032,0,0.1,0,278.9,40.5,0.78692031
0,4032,0,0,0,278.9,40.5,0.78692031
0,4032.2,0,0.2,0,278.9,40.5,0.78692031
0,4032.3,0,0.1,0,278.9,40.5,0.78692031
0,4032.4,0,0.1,0,278.9,40.5,0.78692031
0,4032.4,0,0,0,278.9,40.5,0.78692031
0,4032.5,0,0.1,0,278.9,40.5,0.78692031
0,4032.6,0,0.1,0,278.9,40.5,0.78692031
0,4032.7,0,0.1,0,278.9,40.5,0.78692031
0,4032.8,0,0.1,0,278.9,40.5,0.78692031
0,4032.9,0,0.1,0,278.9,40.5,0.78692031
0,4032.9,0,0,0,278.9,40.5,0.78692031
0,4033,0,0.1,0,278.9,40.5,0.78692031
0,4033.1,0,0.1,0,278.9,40.5,0.78692031
0,4033.2,0,0.1,0,278.9,40.5,0.78692031
0,4033.2,0,0,0,278.9,40.5,0.78692031
0,4033.3,0,0.1,0,278.9,40.5,0.78692031
0,4033.4,0,0.1,0,278.9,40.5,0.78692031
0,4033.5,0,0.1,0,278.9,40.5,0.78692031
0,4033.5,0,0,0,278.9,40.5,0.78692031
0,4033.6,0,0.1,0,278.9,40.5,0.78692031
0,4033.6,0,0,0,278.9,40.5,0.78692031
0,4033.7,0,0.1,0,278.9,40.5,0.78692031
0,4033.7,0,0,0,278.9,40.5,0.78692031
0,4033.8,0,0.1,0,278.9,40.5,0.78692031
0,4033.9,0,0.1,0,278.9,40.5,0.78692031
0,4033.9,0,0,0,278.9,40.5,0.78692031
0,4034,0,0.1,0,278.9,40.5,0.78692031
0,4034,0,0,0,278.9,40.5,0.78692031
0,4034.1,0,0.1,0,278.9,40.5,0.78692031
0,4034.2,0,0.1,0,278.9,40.5,0.78692031
0,4034.2,0,0,0,278.9,40.5,0.78692031
0,4034.2,0,0,0,278.9,40.5,0.78692031
0,4034.3,0,0.1,0,278.9,40.5,0.78692031
0,4034.4,0,0.1,0,278.9,40.5,0.78692031
0,4034.4,0,0,0,278.9,40.5,0.78692031
0,4034.4,0,0,0,278.9,40.5,0.78692031
0,4034.4,0,0,0,278.9,40.5,0.78692031
0,4034.5,0,0.1,0,278.9,40.5,0.78692031
0,4034.6,0,0.1,0,278.9,40.5,0.78692031
0,4034.6,0,0,0,278.9,40.5,0.78692031
0,4034.6,0,0,0,278.9,40.5,0.78692031
0,4034.7,0,0.1,0,278.9,40.5,0.78692031
0,4034.8,0,0.1,0,278.9,40.5,0.78692031
0,4034.8,0,0,0,278.9,40.5,0.78692031
0,4034.9,0,0.1,0,278.9,40.5,0.78692031
0,4034.9,0,0,0,278.9,40.5,0.78692031
0,4034.9,0,0,0,278.9,40.5,0.78692031
0,4035,0,0.1,0,278.9,40.5,0.78692031
0,4035,0,0,0,278.9,40.5,0.78692031
0,4035,0,0,0,278.9,40.5,0.78692031
0,4035.1,0,0.1,0,278.9,40.5,0.78692031
0,4035.1,0,0,0,278.9,40.5,0.78692031
0,4035.2,0,0.1,0,278.9,40.5,0.78692031
0,4035.2,0,0,0,278.9,40.5,0.78692031
0,4035.2,0,0,0,278.9,40.5,0.78692031
0,4035.3,0,0.1,0,278.9,40.5,0.78692031
0,4035.3,0,0,0,278.9,40.5,0.78692031
0,4035.3,0,0,0,278.9,40.5,0.78692031
0,4035.4,0,0.1,0,278.9,40.5,0.78692031
0,4035.4,0,0,0,278.9,40.5,0.78692031
0,4035.4,0,0,0,278.9,40.5,0.78692031
0,4035.5,0,0.1,0,278.9,40.5,0.78692031
0,4035.5,0,0,0,278.9,40.5,0.78692031
0,4035.5,0,0,0,278.9,40.5,0.78692031
0,4035.5,0,0,0,278.9,40.5,0.78692031
0,4035.6,0,0.1,0,278.9,40.5,0.78692031
0,4035.6,0,0,0,278.9,40.5,0.78692031
0,4035.7,0,0.1,0,278.9,40.5,0.78692031
0,4035.7,0,0,0,278.9,40.5,0.78692031
0,4035.7,0,0,0,278.9,40.5,0.78692031
0,4035.7,0,0,0,278.9,40.5,0.78692031
0,4035.7,0,0,0,278.9,40.5,0.78692031
0,4035.8,0,0.1,0,278.9,40.5,0.78692031
0,4035.8,0,0,0,278.9,40.5,0.78692031
0,4035.8,0,0,0,278.9,40.5,0.78692031
0,4035.9,0,0.1,0,278.9,40.5,0.78692031
0,4035.9,0,0,0,278.9,40.5,0.78692031
0,4035.9,0,0,0,278.9,40.5,0.78692031
0,4035.9,0,0,0,278.9,40.5,0.78692031
0,4036,0,0.1,0,278.9,40.5,0.78692031
0,4036,0,0,0,278.9,40.5,0.78692031
0,4036,0,0,0,278.9,40.5,0.78692031
0,4036,0,0,0,278.9,40.5,0.78692031
0,4036,0,0,0,278.9,40.5,0.78692031
0,4036.1,0,0.1,0,278.9,40.5,0.78692031
0,4036.1,0,0,0,278.9,40.5,0.78692031
0,4036.1,0,0,0,278.9,40.5,0.78692031
774.8,4010.4,774.8,-25.7,3.1072579,279.1,40.5,0.78676751
1536.6,3983.3,761.8,-27.1,6.1207388,279.6,40.5,0.78638551
1542.8,3980.8,6.2,-2.5,6.1415782,280,40.5,0.78607991
1549.7,3978.7,6.9,-2.1,6.1657914,280.4,40.5,0.78577431
1547.7,3977.1,-2,-1.6,6.1553577,280.9,40.5,0.78539231
1542.8,3975.7,-4.9,-1.4,6.13371,281.3,40.5,0.78508671
1552.7,3974,9.9,-1.7,6.1704298,281.7,40.5,0.78478111
1548.8,3972.8,-3.9,-1.2,6.1530726,282.1,40.5,0.78447551
1551.7,3971.4,2.9,-1.4,6.1624214,282.6,40.5,0.78409351
1551.8,3970.2,0.1,-1.2,6.1609564,283,40.5,0.78378791
1554.7,3968.9,2.9,-1.3,6.1704488,283.4,40.5,0.78348231
1555.8,3967.8,1.1,-1.1,6.1731032,283.9,40.5,0.78310031
1557.7,3966.7,1.9,-1.1,6.1789286,284.3,40.5,0.78279471
1565.8,3965.4,8.1,-1.3,6.2090233,284.7,40.5,0.78248911
1550.8,3964.8,-15,-0.6,6.1486118,285.2,40.5,0.78210711
1563.7,3963.5,12.9,-1.3,6.197725,285.6,40.5,0.78180151
1541.8,3963.3,-21.9,-0.2,6.1106159,286,40.5,0.78149591
1548.8,3962.2,7,-1.1,6.1366554,286.5,40.5,0.78111391
1551.8,3961.3,3,-0.9,6.1471453,286.9,40.5,0.78080831
1542.7,3960.8,-9.1,-0.5,6.1103262,287.3,40.5,0.78050271
1551.8,3959.7,9.1,-1.1,6.1446625,287.7,40.5,0.78019711
1548.7,3959,-3.1,-0.7,6.1313033,288.2,40.5,0.77981511
1552.6,3958.1,3.9,-0.9,6.1453461,288.6,40.5,0.77950951
1561.8,3957.1,9.2,-1,6.1801988,289,40.5,0.77920391
1550.8,3956.7,-11,-0.4,6.1360504,289.5,40.5,0.77882191
1557.7,3955.9,6.9,-0.8,6.1621054,289.9,40.5,0.77851631
1537.8,3955.8,-19.9,-0.1,6.0832292,290.3,40.5,0.77821071
1550.8,3954.8,13,-1,6.1331038,290.8,40.5,0.77782871
1554.8,3954,4,-0.8,6.1476792,291.2,40.5,0.77752311
1553.7,3953.4,-1.1,-0.6,6.1423976,291.6,40.5,0.77721751
1545.8,3953.1,-7.9,-0.3,6.110702,292.1,40.5,0.77683551
1549.8,3952.4,4,-0.7,6.1254295,292.5,40.5,0.77652991
1543.7,3952.1,-6.1,-0.3,6.1008568,292.9,40.5,0.77622431
1556.7,3951.1,13,-1,6.1506774,293.3,40.5,0.77591871
1544.7,3951,-12,-0.1,6.1031097,293.8,40.5,0.77553671
1547.7,3950.4,3,-0.6,6.1140341,294.2,40.5,0.77523111
1546.8,3949.9,-0.9,-0.5,6.1097053,294.6,40.5,0.77492551
1550.8,3949.3,4,-0.6,6.1245744,295.1,40.5,0.77454351
1551.7,3948.8,0.9,-0.5,6.127353,295.5,40.5,0.77423791
1548,3948.4,-3.7,-0.4,6.1121232,295.9,40.5,0.77393231
1553.7,3947.8,5.7,-0.6,6.1336969,296.4,40.5,0.77355031
1554.8,3947.3,1.1,-0.5,6.137262,296.8,40.5,0.77324471
1558.7,3946.7,3.9,-0.6,6.1517213,297.2,40.5,0.77293911
1531.9,3947.2,-26.8,0.5,6.0467157,297.7,40.5,0.77255711
1546.7,3946.3,14.8,-0.9,6.1037422,298.1,40.5,0.77225151
1539.8,3946.1,-6.9,-0.2,6.0762048,298.5,40.5,0.77194591
1543.7,3945.7,3.9,-0.4,6.0909771,298.9,40.5,0.77164031
1550.8,3945,7.1,-0.7,6.117906,299.4,40.5,0.77125831
1556.7,3944.5,5.9,-0.5,6.1404032,299.8,40.5,0.77095271
1551.8,3944.3,-4.9,-0.2,6.1207647,300.2,40.5,0.77064711
1548.7,3944,-3.1,-0.3,6.1080728,300.7,40.5,0.77026511
1558.8,3943.3,10.1,-0.7,6.146816,301.1,40.5,0.76995951
1539.9,3943.6,-18.9,0.3,6.0727496,301.5,40.5,0.76965391
1541.8,3943.2,1.9,-0.4,6.0796258,302,40.5,0.76927191
1551.8,3942.5,10,-0.7,6.1179715,302.4,40.5,0.76896631
1556.8,3942,5,-0.5,6.1369056,302.8,40.5,0.76866071
1556.8,3941.7,0,-0.3,6.1364386,303.2,40.5,0.76835511
1558.7,3941.3,1.9,-0.4,6.1433043,303.7,40.5,0.76797311
1547.8,3941.3,-10.9,0,6.1003441,304.1,40.5,0.76766751
1547.7,3941.1,-0.1,-0.2,6.0996405,304.5,40.5,0.76736191
1557.8,3940.4,10.1,-0.7,6.1383551,305,40.5,0.76697991
1545.7,3940.6,-12.1,0.2,6.0909854,305.4,40.5,0.76667431
1544.8,3940.3,-0.9,-0.3,6.0869754,305.8,40.5,0.76636871
1558.7,3939.5,13.9,-0.8,6.1404986,306.3,40.6,0.76598671
1548.7,3939.6,-10,0.1,6.1012585,306.7,40.6,0.76568111
1543.9,3939.5,-4.8,-0.1,6.0821941,307.1,40.6,0.76537551
1547.7,3939.1,3.8,-0.4,6.0965451,307.6,40.6,0.76499351
1545.9,3938.9,-1.8,-0.2,6.0891455,308,40.6,0.76468791
1563.7,3938,17.8,-0.9,6.1578506,308.4,40.6,0.76438231
1556.9,3938,-6.8,0,6.1310722,308.8,40.6,0.76407671
1548.7,3938,-8.2,0,6.0987806,309.3,40.6,0.76369471
1551.8,3937.6,3.1,-0.4,6.1103677,309.7,40.6,0.76338911
1543.7,3937.7,-8.1,0.1,6.0786275,310.1,40.6,0.76308351
1545.8,3937.4,2.1,-0.3,6.0864329,310.6,40.6,0.76270151
1555.8,3936.8,10,-0.6,6.1248734,311,40.6,0.7623959
1548.7,3936.8,-7.1,0,6.0969222,311.4,40.6,0.7620903
1553.8,3936.4,5.1,-0.4,6.1163783,311.9,40.6,0.7617083
1549.7,3936.3,-4.1,-0.1,6.1000841,312.3,40.6,0.7614027
1552.8,3935.9,3.1,-0.4,6.1116655,312.7,40.6,0.7610971
1551.8,3935.8,-1,-0.1,6.1075744,313.2,40.6,0.7607151
1555.7,3935.4,3.9,-0.4,6.1223018,313.6,40.6,0.7604095
1546.8,3935.5,-8.9,0.1,6.0874314,314,40.6,0.7601039
1548.7,3935.2,1.9,-0.3,6.0944442,314.4,40.6,0.7597983
1546.9,3935.1,-1.8,-0.1,6.0872062,314.9,40.6,0.7594163
1546.7,3934.8,-0.2,-0.3,6.0859552,315.3,40.6,0.7591107
1553.8,3934.4,7.1,-0.4,6.1132707,315.7,40.6,0.7588051
1545.7,3934.5,-8.1,0.1,6.0815567,316.2,40.6,0.7584231
1549.8,3934.1,4.1,-0.4,6.0970682,316.6,40.6,0.7581175
1554.7,3933.7,4.9,-0.4,6.1157234,317,40.6,0.7578119
1559.8,3933.3,5.1,-0.4,6.1351613,317.5,40.6,0.7574299
1550.7,3933.5,-9.1,0.2,6.0996784,317.9,40.6,0.7571243
1555.8,3933.1,5.1,-0.4,6.119117,318.3,40.6,0.7568187
1556.7,3932.9,0.9,-0.2,6.1223454,318.8,40.6,0.7564367
1541.9,3933.2,-14.8,0.3,6.0646011,319.2,40.6,0.7561311
1550.7,3932.7,8.8,-0.5,6.0984379,319.6,40.6,0.7558255
1553.9,3932.4,3.2,-0.3,6.1105564,320.1,40.6,0.7554435
1548.7,3932.4,-5.2,0,6.0901079,320.5,40.6,0.7551379
1536.8,3932.6,-11.9,0.2,6.0436197,320.9,40.6,0.7548323
1544.7,3932.2,7.9,-0.4,6.0740693,321.3,40.6,0.7545267
1548.8,3931.9,4.1,-0.3,6.0897267,321.8,40.6,0.7541447
1553.7,3931.5,4.9,-0.4,6.1083716,322.2,40.6,0.7538391
1545.9,3931.6,-7.8,0.1,6.0778604,322.6,40.6,0.7535335
1546.8,3931.4,0.9,-0.2,6.0810895,323.1,40.6,0.7531515
1553.7,3931,6.9,-0.4,6.1075947,323.5,40.6,0.7528459
1541.8,3931.2,-11.9,0.2,6.0611242,323.9,40.6,0.7525403
1554.7,3930.7,12.9,-0.5,6.1110593,324.3,40.6,0.7522347
775,3956.8,-779.7,26.1,3.06652,324.6,40.6,0.7520055
0,3983.5,-775,26.7,0,324.6,40.6,0.7520055
0,3985.5,0,2,0,324.6,40.6,0.7520055
0,3987.1,0,1.6,0,324.6,40.6,0.7520055
0,3988.5,0,1.4,0,324.6,40.6,0.7520055
0,3989.8,0,1.3,0,324.6,40.6,0.7520055
0,3990.9,0,1.1,0,324.6,40.6,0.7520055
0,3992,0,1.1,0,324.6,40.6,0.7520055
0,3992.9,0,0.9,0,324.6,40.6,0.7520055
0,3993.9,0,1,0,324.6,40.6,0.7520055
0,3994.8,0,0.9,0,324.6,40.6,0.7520055
0,3995.6,0,0.8,0,324.6,40.6,0.7520055
0,3996.4,0,0.8,0,324.6,40.6,0.7520055
0,3997.2,0,0.8,0,324.6,40.6,0.7520055
0,3997.9,0,0.7,0,324.6,40.6,0.7520055
0,3998.6,0,0.7,0,324.6,40.6,0.7520055
0,3999.3,0,0.7,0,324.6,40.6,0.7520055
0,4000,0,0.7,0,324.6,40.6,0.7520055
0,4000.6,0,0.6,0,324.6,40.6,0.7520055
0,4001.2,0,0.6,0,324.6,40.6,0.7520055
0,4001.8,0,0.6,0,324.6,40.6,0.7520055
0,4002.3,0,0.5,0,324.6,40.6,0.7520055
0,4002.9,0,0.6,0,324.6,40.6,0.7520055
0,4003.4,0,0.5,0,324.6,40.6,0.7520055
0,4003.9,0,0.5,0,324.6,40.6,0.7520055
0,4004.4,0,0.5,0,324.6,40.6,0.7520055
0,4004.9,0,0.5,0,324.6,40.6,0.7520055
0,4005.3,0,0.4,0,324.6,40.6,0.7520055
0,4005.8,0,0.5,0,324.6,40.6,0.7520055
0,4006.2,0,0.4,0,324.6,40.6,0.7520055
0,4006.6,0,0.4,0,324.6,40.6,0.7520055
0,4007,0,0.4,0,324.6,40.6,0.7520055
0,4007.4,0,0.4,0,324.6,40.6,0.7520055
0,4007.8,0,0.4,0,324.6,40.6,0.7520055
0,4008.2,0,0.4,0,324.6,40.6,0.7520055
0,4008.5,0,0.3,0,324.6,40.6,0.7520055
0,4008.9,0,0.4,0,324.6,40.6,0.7520055
0,4009.2,0,0.3,0,324.6,40.6,0.7520055
0,4009.5,0,0.3,0,324.6,40.6,0.7520055
0,4009.9,0,0.4,0,324.6,40.6,0.7520055
0,4010.2,0,0.3,0,324.6,40.6,0.7520055
0,4010.5,0,0.3,0,324.6,40.6,0.7520055
0,4010.8,0,0.3,0,324.6,40.6,0.7520055
0,4011.1,0,0.3,0,324.6,40.6,0.7520055
0,4011.4,0,0.3,0,324.6,40.6,0.7520055
0,4011.7,0,0.3,0,324.6,40.6,0.7520055
0,4011.9,0,0.2,0,324.6,40.6,0.7520055
0,4012.2,0,0.3,0,324.6,40.6,0.7520055
0,4012.4,0,0.2,0,324.6,40.6,0.7520055
0,4012.7,0,0.3,0,324.6,40.6,0.7520055
0,4012.9,0,0.2,0,324.6,40.6,0.7520055
0,4013.2,0,0.3,0,324.6,40.6,0.7520055
0,4013.4,0,0.2,0,324.6,40.6,0.7520055
0,4013.6,0,0.2,0,324.6,40.6,0.7520055
0,4013.8,0,0.2,0,324.6,40.6,0.7520055
0,4014.1,0,0.3,0,324.6,40.6,0.7520055
0,4014.3,0,0.2,0,324.6,40.6,0.7520055
0,4014.5,0,0.2,0,324.6,40.6,0.7520055
0,4014.7,0,0.2,0,324.6,40.6,0.7520055
0,4014.9,0,0.2,0,324.6,40.6,0.7520055
0,4015.1,0,0.2,0,324.6,40.6,0.7520055
0,4015.3,0,0.2,0,324.6,40.6,0.7520055
0,4015.4,0,0.1,0,324.6,40.6,0.7520055
0,4015.6,0,0.2,0,324.6,40.6,0.7520055
0,4015.8,0,0.2,0,324.6,40.6,0.7520055
0,4016,0,0.2,0,324.6,40.6,0.7520055
0,4016.2,0,0.2,0,324.6,40.6,0.7520055
0,4016.4,0,0.2,0,324.6,40.6,0.7520055
0,4016.5,0,0.1,0,324.6,40.6,0.7520055
0,4016.6,0,0.1,0,324.6,40.6,0.7520055
0,4016.8,0,0.2,0,324.6,40.6,0.7520055
0,4017,0,0.2,0,324.6,40.6,0.7520055
0,4017.1,0,0.1,0,324.6,40.6,0.7520055
0,4017.3,0,0.2,0,324.6,40.6,0.7520055
0,4017.5,0,0.2,0,324.6,40.6,0.7520055
0,4017.6,0,0.1,0,324.6,40.6,0.7520055
0,4017.7,0,0.1,0,324.6,40.6,0.7520055
0,4017.9,0,0.2,0,324.6,40.6,0.7520055
0,4018.1,0,0.2,0,324.6,40.6,0.7520055
0,4018.1,0,0,0,324.6,40.6,0.7520055
0,4018.3,0,0.2,0,324.6,40.6,0.7520055
0,4018.4,0,0.1,0,324.6,40.6,0.7520055
0,4018.5,0,0.1,0,324.6,40.6,0.7520055
0,4018.6,0,0.1,0,324.6,40.6,0.7520055
0,4018.8,0,0.2,0,324.6,40.6,0.7520055
0,4018.9,0,0.1,0,324.6,40.6,0.7520055
0,4019,0,0.1,0,324.6,40.6,0.7520055
0,4019.2,0,0.2,0,324.6,40.6,0.7520055
0,4019.3,0,0.1,0,324.6,40.6,0.7520055
0,4019.4,0,0.1,0,324.6,40.6,0.7520055
0,4019.5,0,0.1,0,324.6,40.6,0.7520055
0,4019.6,0,0.1,0,324.6,40.6,0.7520055
0,4019.7,0,0.1,0,324.6,40.6,0.7520055
0,4019.8,0,0.1,0,324.6,40.6,0.7520055
0,4019.9,0,0.1,0,324.6,40.6,0.7520055
0,4020,0,0.1,0,324.6,40.6,0.7520055
0,4020.1,0,0.1,0,324.6,40.6,0.7520055
0,4020.2,0,0.1,0,324.6,40.6,0.7520055
0,4020.3,0,0.1,0,324.6,40.6,0.7520055
0,4020.4,0,0.1,0,324.6,40.6,0.7520055
0,4020.5,0,0.1,0,324.6,40.6,0.7520055
0,4020.6,0,0.1,0,324.6,40.6,0.7520055
0,4020.7,0,0.1,0,324.6,40.6,0.7520055
0,4020.8,0,0.1,0,324.6,40.6,0.7520055
0,4020.9,0,0.1,0,324.6,40.6,0.7520055
0,4021,0,0.1,0,324.6,40.6,0.7520055
0,4021.1,0,0.1,0,324.6,40.6,0.7520055
0,4021.2,0,0.1,0,324.6,40.6,0.7520055
0,4021.3,0,0.1,0,324.6,40.6,0.7520055
0,4021.3,0,0,0,324.6,40.6,0.7520055
0,4021.4,0,0.1,0,324.6,40.6,0.7520055
0,4021.5,0,0.1,0,324.6,40.6,0.7520055
0,4021.5,0,0,0,324.6,40.6,0.7520055
0,4021.7,0,0.2,0,324.6,40.6,0.7520055
0,4021.7,0,0,0,324.6,40.6,0.7520055
0,4021.8,0,0.1,0,324.6,40.6,0.7520055
0,4021.9,0,0.1,0,324.6,40.6,0.7520055
0,4022,0,0.1,0,324.6,40.6,0.7520055
0,4022,0,0,0,324.6,40.6,0.7520055
0,4022.1,0,0.1,0,324.6,40.6,0.7520055
0,4022.2,0,0.1,0,324.6,40.6,0.7520055
0,4022.3,0,0.1,0,324.6,40.6,0.7520055
0,4022.3,0,0,0,324.6,40.6,0.7520055
0,4022.4,0,0.1,0,324.6,40.6,0.7520055
0,4022.5,0,0.1,0,324.6,40.6,0.7520055
0,4022.5,0,0,0,324.6,40.6,0.7520055
0,4022.6,0,0.1,0,324.6,40.6,0.7520055
0,4022.7,0,0.1,0,324.6,40.6,0.7520055
0,4022.8,0,0.1,0,324.6,40.6,0.7520055
0,4022.8,0,0,0,324.6,40.6,0.7520055
0,4022.9,0,0.1,0,324.6,40.6,0.7520055
0,4022.9,0,0,0,324.6,40.6,0.7520055
0,4023,0,0.1,0,324.6,40.6,0.7520055
0,4023.1,0,0.1,0,324.6,40.6,0.7520055
0,4023.1,0,0,0,324.6,40.6,0.7520055
0,4023.2,0,0.1,0,324.6,40.6,0.7520055
0,4023.2,0,0,0,324.6,40.6,0.7520055
0,4023.3,0,0.1,0,324.6,40.6,0.7520055
0,4023.4,0,0.1,0,324.6,40.6,0.7520055
0,4023.4,0,0,0,324.6,40.6,0.7520055
0,4023.5,0,0.1,0,324.6,40.6,0.7520055
0,4023.5,0,0,0,324.6,40.6,0.7520055
0,4023.6,0,0.1,0,324.6,40.6,0.7520055
0,4023.6,0,0,0,324.6,40.6,0.7520055
0,4023.7,0,0.1,0,324.6,40.6,0.7520055
0,4023.7,0,0,0,324.6,40.6,0.7520055
0,4023.8,0,0.1,0,324.6,40.6,0.7520055
0,4023.9,0,0.1,0,324.6,40.6,0.7520055
0,4023.9,0,0,0,324.6,40.6,0.7520055
0,4024,0,0.1,0,324.6,40.6,0.7520055
0,4024,0,0,0,324.6,40.6,0.7520055
0,4024,0,0,0,324.6,40.6,0.7520055
0,4024.1,0,0.1,0,324.6,40.6,0.7520055
0,4024.2,0,0.1,0,324.6,40.6,0.7520055
0,4024.2,0,0,0,324.6,40.6,0.7520055
0,4024.3,0,0.1,0,324.6,40.6,0.7520055
0,4024.3,0,0,0,324.6,40.6,0.7520055
0,4024.4,0,0.1,0,324.6,40.6,0.7520055
0,4024.4,0,0,0,324.6,40.6,0.7520055
0,4024.5,0,0.1,0,324.6,40.6,0.7520055
0,4024.5,0,0,0,324.6,40.6,0.7520055
0,4024.6,0,0.1,0,324.6,40.6,0.7520055
0,4024.6,0,0,0,324.6,40.6,0.7520055
0,4024.7,0,0.1,0,324.6,40.6,0.7520055
0,4024.7,0,0,0,324.6,40.6,0.7520055
0,4024.8,0,0.1,0,324.6,40.6,0.7520055
0,4024.8,0,0,0,324.6,40.6,0.7520055
0,4024.9,0,0.1,0,324.6,40.6,0.7520055
0,4024.9,0,0,0,324.6,40.6,0.7520055
0,4025,0,0.1,0,324.6,40.6,0.7520055
0,4025,0,0,0,324.6,40.6,0.7520055
0,4025,0,0,0,324.6,40.6,0.7520055
0,4025.1,0,0.1,0,324.6,40.6,0.7520055
0,4025.1,0,0,0,324.6,40.6,0.7520055
0,4025.2,0,0.1,0,324.6,40.6,0.7520055
0,4025.2,0,0,0,324.6,40.6,0.7520055
0,4025.2,0,0,0,324.6,40.6,0.7520055
0,4025.3,0,0.1,0,324.6,40.6,0.7520055
0,4025.3,0,0,0,324.6,40.6,0.7520055
0,4025.4,0,0.1,0,324.6,40.6,0.7520055
0,4025.4,0,0,0,324.6,40.6,0.7520055
0,4025.4,0,0,0,324.6,40.6,0.7520055
0,4025.5,0,0.1,0,324.6,40.6,0.7520055
0,4025.5,0,0,0,324.6,40.6,0.7520055
0,4025.6,0,0.1,0,324.6,40.6,0.7520055
0,4025.6,0,0,0,324.6,40.6,0.7520055
0,4025.6,0,0,0,324.6,40.6,0.7520055
0,4025.7,0,0.1,0,324.6,40.6,0.7520055
0,4025.7,0,0,0,324.6,40.6,0.7520055
0,4025.7,0,0,0,324.6,40.6,0.7520055
0,4025.8,0,0.1,0,324.6,40.6,0.7520055
0,4025.8,0,0,0,324.6,40.6,0.7520055
0,4025.9,0,0.1,0,324.6,40.6,0.7520055
0,4025.9,0,0,0,324.6,40.6,0.7520055
0,4025.9,0,0,0,324.6,40.6,0.7520055
0,4026,0,0.1,0,324.6,40.6,0.7520055
0,4026,0,0,0,324.6,40.6,0.7520055
0,4026,0,0,0,324.6,40.6,0.7520055
0,4026,0,0,0,324.6,40.6,0.7520055
0,4026.1,0,0.1,0,324.6,40.6,0.7520055
0,4026.1,0,0,0,324.6,40.6,0.7520055
0,4026.1,0,0,0,324.6,40.6,0.7520055
0,4026.2,0,0.1,0,324.6,40.6,0.7520055
0,4026.2,0,0,0,324.6,40.6,0.7520055
0,4026.3,0,0.1,0,324.6,40.6,0.7520055
0,4026.3,0,0,0,324.6,40.6,0.7520055
0,4026.3,0,0,0,324.6,40.6,0.7520055
0,4026.4,0,0.1,0,324.6,40.6,0.7520055
0,4026.4,0,0,0,324.6,40.6,0.7520055
0,4026.4,0,0,0,324.6,40.6,0.7520055
0,4026.5,0,0.1,0,324.6,40.6,0.7520055
0,4026.5,0,0,0,324.6,40.6,0.7520055
0,4026.5,0,0,0,324.6,40.6,0.7520055
0,4026.6,0,0.1,0,324.6,40.6,0.7520055
0,4026.6,0,0,0,324.6,40.6,0.7520055
0,4026.6,0,0,0,324.6,40.6,0.7520055
0,4026.7,0,0.1,0,324.6,40.6,0.7520055
0,4026.7,0,0,0,324.6,40.6,0.7520055
0,4026.7,0,0,0,324.6,40.6,0.7520055
0,4026.7,0,0,0,324.6,40.6,0.7520055
0,4026.8,0,0.1,0,324.6,40.6,0.7520055
0,4026.8,0,0,0,324.6,40.6,0.7520055
0,4026.8,0,0,0,324.6,40.6,0.7520055
0,4026.8,0,0,0,324.6,40.6,0.7520055
0,4026.9,0,0.1,0,324.6,40.6,0.7520055
0,4026.9,0,0,0,324.6,40.6,0.7520055
0,4027,0,0.1,0,324.6,40.6,0.7520055
0,4027,0,0,0,324.6,40.6,0.7520055
0,4027,0,0,0,324.6,40.6,0.7520055
0,4027,0,0,0,324.6,40.6,0.7520055
0,4027.1,0,0.1,0,324.6,40.6,0.7520055
0,4027.1,0,0,0,324.6,40.6,0.7520055
0,4027.1,0,0,0,324.6,40.6,0.7520055
0,4027.2,0,0.1,0,324.6,40.6,0.7520055
0,4027.2,0,0,0,324.6,40.6,0.7520055
0,4027.2,0,0,0,324.6,40.6,0.7520055
0,4027.2,0,0,0,324.6,40.6,0.7520055
0,4027.2,0,0,0,324.6,40.6,0.7520055
0,4027.3,0,0.1,0,324.6,40.6,0.7520055
0,4027.3,0,0,0,324.6,40.6,0.7520055
0,4027.3,0,0,0,324.6,40.6,0.7520055
0,4027.3,0,0,0,324.6,40.6,0.7520055
0,4027.4,0,0.1,0,324.6,40.6,0.7520055
0,4027.4,0,0,0,324.6,40.6,0.7520055
0,4027.5,0,0.1,0,324.6,40.6,0.7520055
0,4027.4,0,-0.1,0,324.6,40.6,0.7520055
0,4027.5,0,0.1,0,324.6,40.6,0.7520055
0,4027.5,0,0,0,324.6,40.6,0.7520055
0,4027.5,0,0,0,324.6,40.6,0.7520055
0,4027.5,0,0,0,324.6,40.6,0.7520055
0,4027.6,0,0.1,0,324.6,40.6,0.7520055
0,4027.6,0,0,0,324.6,40.6,0.7520055
0,4027.6,0,0,0,324.6,40.6,0.7520055
0,4027.6,0,0,0,324.6,40.6,0.7520055
0,4027.7,0,0.1,0,324.6,40.6,0.7520055
0,4027.7,0,0,0,324.6,40.6,0.7520055
0,4027.7,0,0,0,324.6,40.6,0.7520055
0,4027.7,0,0,0,324.6,40.6,0.7520055
0,4027.8,0,0.1,0,324.6,40.6,0.7520055
0,4027.8,0,0,0,324.6,40.6,0.7520055
0,4027.8,0,0,0,324.6,40.6,0.7520055
0,4027.8,0,0,0,324.6,40.6,0.7520055
605.8,4007.9,605.8,-19.9,2.4279858,324.7,40.6,0.7519291
1213.7,3986.2,607.9,-21.7,4.8380509,325.1,40.6,0.7516235
1203.8,3984.7,-9.9,-1.5,4.7967819,325.4,40.6,0.7513943
1196.9,3983.4,-6.9,-1.3,4.7677315,325.7,40.6,0.7511651
1209.9,3981.7,13,-1.7,4.8174588,326.1,40.6,0.7508595
1204.8,3980.7,-5.1,-1,4.7959474,326.4,40.6,0.7506303
1204.8,3979.5,0,-1.2,4.7945016,326.7,40.6,0.7504011
1216.8,3978,12,-1.5,4.8404304,327.1,40.6,0.7500955
1201.8,3977.5,-15,-0.5,4.7801595,327.4,40.6,0.7498663
1209.8,3976.2,8,-1.3,4.8104068,327.7,40.6,0.7496371
1205.8,3975.4,-4,-0.8,4.7935373,328.1,40.6,0.7493315
1211.9,3974.3,6.1,-1.1,4.8164542,328.4,40.6,0.7491023
1204.8,3973.7,-7.1,-0.6,4.7875138,328.8,40.6,0.7487967
1212.9,3972.6,8.1,-1.1,4.8183665,329.1,40.6,0.7485675
1205.9,3972,-7,-0.6,4.7898348,329.4,40.6,0.7483383
1210.9,3971,5,-1,4.8084839,329.8,40.6,0.7480327
1208.9,3970.4,-2,-0.6,4.7998166,330.1,40.6,0.7478035
1225.9,3969,17,-1.4,4.8655971,330.4,40.6,0.7475743
1209.9,3968.8,-16,-0.2,4.8018511,330.8,40.6,0.7472687
1218.9,3967.9,9,-0.9,4.8364733,331.1,40.6,0.7470395
1204.9,3967.7,-14,-0.2,4.7806817,331.4,40.6,0.7468103
1213.9,3966.7,9,-1,4.8151771,331.8,40.6,0.7465047
1216.8,3966,2.9,-0.7,4.8258288,332.1,40.6,0.7462755
1212.9,3965.5,-3.9,-0.5,4.809755,332.5,40.6,0.7459699
1208.9,3965.1,-4,-0.4,4.7934094,332.8,40.6,0.7457407
1200.9,3964.7,-8,-0.4,4.7612082,333.1,40.6,0.7455115
1216.8,3963.7,15.9,-1,4.8230302,333.5,40.6,0.7452059
1217.9,3963.1,1.1,-0.6,4.8266595,333.8,40.6,0.7449767
1211.9,3962.8,-6,-0.3,4.8025173,334.1,40.6,0.7447475
1200.9,3962.6,-11,-0.2,4.7586863,334.5,40.6,0.7444419
1219.8,3961.5,18.9,-1.1,4.8322377,334.8,40.6,0.7442127
1213.9,3961.1,-5.9,-0.4,4.8083793,335.2,40.6,0.7439071
1216.8,3960.6,2.9,-0.5,4.8192581,335.5,40.6,0.7436779
1210.8,3960.3,-6,-0.3,4.7951312,335.8,40.6,0.7434487
1209.8,3959.9,-1,-0.4,4.790687,336.2,40.6,0.7431431
1207.8,3959.5,-2,-0.4,4.7822841,336.5,40.6,0.7429139
1209.8,3959,2,-0.5,4.7895982,336.8,40.6,0.7426847
1216.8,3958.4,7,-0.6,4.8165811,337.2,40.6,0.7423791
1207.9,3958.3,-8.9,-0.1,4.7812306,337.5,40.6,0.7421499
1212.9,3957.7,5,-0.6,4.8002943,337.8,40.6,0.7419207
1205.8,3957.5,-7.1,-0.2,4.7719535,338.2,40.6,0.7416151
1205.8,3957.2,0,-0.3,4.7715918,338.5,40.6,0.7413859
1219.8,3956.3,14,-0.9,4.8258947,338.9,40.6,0.7410803
1209.9,3956.3,-9.9,0,4.7867274,339.2,40.6,0.7408511
1217.9,3955.6,8,-0.7,4.8175252,339.5,40.6,0.7406219
1210.8,3955.5,-7.1,-0.1,4.7893194,339.9,40.6,0.7403163
1213.8,3955.1,3,-0.4,4.8007004,340.2,40.6,0.7400871
1199.8,3955.2,-14,0.1,4.745449,340.5,40.6,0.7398579
1219.8,3954.3,20,-0.9,4.8234551,340.9,40.6,0.7395523
1216.8,3954,-3,-0.3,4.8112272,341.2,40.6,0.7393231
1204.9,3954.1,-11.9,0.1,4.7642951,341.5,40.6,0.7390939
1197.9,3954,-7,-0.1,4.7364966,341.9,40.6,0.7387883
1201.9,3953.6,4,-0.4,4.7518318,342.2,40.6,0.7385591
1213.8,3952.9,11.9,-0.7,4.79803,342.6,40.6,0.7382535
1214.8,3952.6,1,-0.3,4.8016185,342.9,40.6,0.7380243
1206.8,3952.6,-8,0,4.7699977,343.2,40.6,0.7377951
1219.9,3951.9,13.1,-0.7,4.8209228,343.6,40.6,0.73748949
1207.9,3952,-12,0.1,4.7736208,343.9,40.6,0.73726029
1219.9,3951.3,12,-0.7,4.8201909,344.2,40.6,0.73703109
1210.8,3951.4,-9.1,0.1,4.7843551,344.6,40.6,0.73672549
1217.8,3950.9,7,-0.5,4.811406,344.9,40.6,0.73649629
1220.8,3950.5,3,-0.4,4.8227704,345.3,40.6,0.73619069
1216.9,3950.4,-3.9,-0.1,4.8072418,345.6,40.6,0.73596149
1202.8,3950.6,-14.1,0.2,4.7517817,345.9,40.6,0.73573229
1201.9,3950.4,-0.9,-0.2,4.7479858,346.3,40.6,0.73542669
1208.9,3950,7,-0.4,4.775155,346.6,40.6,0.73519749
1214.9,3949.5,6,-0.5,4.7982476,346.9,40.6,0.73496829
1210,3949.5,-4.9,0,4.778895,347.3,40.6,0.73466269
1209.8,3949.3,-0.2,-0.2,4.7778631,347.6,40.6,0.73443349
1211.8,3949,2,-0.3,4.7853982,347.9,40.6,0.73420429
1215.8,3948.6,4,-0.4,4.8007079,348.3,40.6,0.73389869
1206.9,3948.7,-8.9,0.1,4.765686,348.6,40.6,0.73366949
1217.8,3948.2,10.9,-0.5,4.808118,349,40.6,0.73336389
1220.8,3947.8,3,-0.4,4.8194742,349.3,40.6,0.73313469
1227.7,3947.3,6.9,-0.5,4.8461002,349.6,40.6,0.73290549
1208.9,3947.8,-18.8,0.5,4.7724954,350,40.6,0.73259989
1205.9,3947.7,-3,-0.1,4.7605314,350.3,40.6,0.73237069
1212.9,3947.3,7,-0.4,4.7876802,350.6,40.6,0.73214149
1204.8,3947.3,-8.1,0,4.755707,351,40.6,0.73183589
1208.9,3947,4.1,-0.3,4.7715283,351.3,40.6,0.73160669
1223.9,3946.4,15,-0.6,4.829999,351.6,40.6,0.73137749
1210.8,3946.5,-13.1,0.1,4.7784222,352,40.6,0.73107189
1207.9,3946.5,-2.9,0,4.7669773,352.3,40.6,0.73084269
1215.9,3946.1,8,-0.4,4.798063,352.7,40.6,0.73053709
1205.8,3946.2,-10.1,0.1,4.758328,353,40.6,0.73030789
1224.8,3945.4,19,-0.8,4.8323259,353.3,40.6,0.73007869
1208.7,3945.7,-16.1,0.3,4.7691676,353.7,40.6,0.72977309
1218.9,3945.2,10.2,-0.5,4.8088043,354,40.6,0.72954389
1210.7,3945.4,-8.2,0.2,4.7766958,354.3,40.6,0.72931469
1213.9,3945.1,3.2,-0.3,4.7889569,354.7,40.6,0.72900909
1208.8,3945.1,-5.1,0,4.7688369,355,40.6,0.72877989
1209.8,3944.9,1,-0.2,4.77254,355.4,40.6,0.72847429
1210.8,3944.7,1,-0.2,4.7762428,355.7,40.6,0.72824509
1210.8,3944.5,0,-0.2,4.7760006,356,40.6,0.72801589
1207.8,3944.4,-3,-0.1,4.7640463,356.4,40.6,0.72771029
1211.8,3944.2,4,-0.2,4.7795816,356.7,40.6,0.72748109
1203.9,3944.3,-7.9,0.1,4.7485428,357,40.6,0.72725189
1208.8,3944,4.9,-0.3,4.7675072,357.4,40.6,0.72694629
1211.9,3943.7,3.1,-0.3,4.77937,357.7,40.6,0.72671709
1214.8,3943.5,2.9,-0.2,4.7905638,358,40.6,0.72648789
1215.7,3943.3,0.9,-0.2,4.7938698,358.4,40.6,0.72618229
1204.9,3943.5,-10.8,0.2,4.7515231,358.7,40.6,0.72595309
1207.8,3943.3,2.9,-0.2,4.7627177,359,40.6,0.72572389
1216.8,3942.8,9,-0.5,4.797599,359.4,40.6,0.72541829
1222.9,3942.4,6.1,-0.4,4.821161,359.7,40.6,0.72518909
1212.8,3942.6,-10.1,0.2,4.7815853,360.1,40.6,0.72488349
1199.9,3942.9,-12.9,0.3,4.7310857,360.4,40.6,0.72465429
1205.8,3942.6,5.9,-0.3,4.7539871,360.7,40.6,0.72442509
1210.8,3942.3,5,-0.3,4.7733368,361.1,40.6,0.72411949
1199.9,3942.5,-10.9,0.2,4.7306057,361.4,40.6,0.72389029
1215.8,3941.9,15.9,-0.6,4.792562,361.7,40.6,0.72366109
1208.8,3941.9,-7,0,4.7649687,362.1,40.6,0.72335549
1216.8,3941.6,8,-0.3,4.7961389,362.4,40.6,0.72312629
1220.8,3941.3,4,-0.3,4.811539,362.8,40.6,0.72282069
1210.8,3941.5,-10,0.2,4.7723682,363.1,40.6,0.72259149
1205.9,3941.5,-4.9,0,4.7530548,363.4,40.6,0.72236229
1204.8,3941.5,-1.1,0,4.7487192,363.8,40.6,0.72205669
1205.7,3941.3,0.9,-0.2,4.7520254,364.1,40.6,0.72182749
1202.8,3941.3,-2.9,0,4.7405956,364.4,40.6,0.72159829
1209.9,3940.9,7.1,-0.4,4.7680949,364.8,40.6,0.72129269
1209.8,3940.8,-0.1,-0.1,4.7675798,365.1,40.6,0.72106349
1212.8,3940.6,3,-0.2,4.7791597,365.4,40.6,0.72083429
1215.9,3940.3,3.1,-0.3,4.7910108,365.8,40.6,0.72052869
1204.8,3940.6,-11.1,0.3,4.7476349,366.1,40.6,0.72029949
1217.8,3940,13,-0.6,4.798132,366.4,40.6,0.72007029
1203.9,3940.3,-13.9,0.3,4.7437272,366.8,40.6,0.71976469
1208.9,3940.1,5,-0.2,4.7631869,367.1,40.6,0.71953549
1203.8,3940.1,-5.1,0,4.7430924,367.5,40.6,0.71922989
1206.8,3939.9,3,-0.2,4.7546713,367.8,40.6,0.71900069
1212.9,3939.6,6.1,-0.3,4.7783408,368.1,40.6,0.71877149
1212.8,3939.5,-0.1,-0.1,4.7778256,368.5,40.6,0.71846589
1214.8,3939.3,2,-0.2,4.7854616,368.8,40.6,0.71823669
1209.8,3939.3,-5,0,4.7657651,369.1,40.6,0.71800749
1224.8,3938.7,15,-0.6,4.8241198,369.5,40.6,0.71770189
1203.8,3939.3,-21,0.6,4.7421293,369.8,40.6,0.71747269
1214.9,3938.8,11.1,-0.5,4.7852481,370.1,40.6,0.71724349
1216.8,3938.6,1.9,-0.2,4.7924885,370.5,40.6,0.71693789
1220.8,3938.3,4,-0.3,4.8078766,370.8,40.6,0.71670869
1237.8,3937.6,17,-0.7,4.8739613,371.2,40.6,0.71640309
1221,3938,-16.8,0.4,4.808298,371.5,40.6,0.71617389
1228.8,3937.7,7.8,-0.3,4.8386458,371.8,40.6,0.71594469
1227.8,3937.6,-1,-0.1,4.8345853,372.2,40.6,0.71563909
1236.9,3937.1,9.1,-0.5,4.869799,372.5,40.6,0.71540989
1224.8,3937.4,-12.1,0.3,4.8225275,372.9,40.6,0.71510429
1232.8,3937,8,-0.4,4.8535336,373.2,40.6,0.71487509
1240.9,3936.6,8.1,-0.4,4.8849269,373.6,40.6,0.71456949
1226.8,3937,-14.1,0.4,4.8299116,373.9,40.6,0.71434029
1237.8,3936.5,11,-0.5,4.8725997,374.2,40.6,0.71411109
1227.8,3936.7,-10,0.2,4.8334803,374.6,40.7,0.71380549
1231.8,3936.4,4,-0.3,4.8488575,374.9,40.7,0.71357629
1236.9,3936.2,5.1,-0.2,4.8686858,375.3,40.7,0.71327069
1232.8,3936.2,-4.1,0,4.8525474,375.6,40.7,0.71304149
1228.9,3936.2,-3.9,0,4.8371962,376,40.7,0.71273589
1232.8,3936,3.9,-0.2,4.8523008,376.3,40.7,0.71250669
1233.7,3935.8,0.9,-0.2,4.8555965,376.6,40.7,0.71227748
1240.8,3935.4,7.1,-0.4,4.8830443,377,40.7,0.71197188
1230.8,3935.6,-10,0.2,4.8439365,377.3,40.7,0.71174268
1222.7,3935.8,-8.1,0.2,4.8123027,377.7,40.7,0.71143708
1227.9,3935.5,5.2,-0.3,4.8324005,378,40.7,0.71120788
1237.8,3935.1,9.9,-0.4,4.8708668,378.4,40.7,0.71090228
1239.7,3934.9,1.9,-0.2,4.8780955,378.7,40.7,0.71067308
1223.9,3935.3,-15.8,0.4,4.8164137,379,40.7,0.71044388
1222.8,3935.2,-1.1,-0.1,4.8119626,379.4,40.7,0.71013828
1227.8,3935,5,-0.2,4.831393,379.7,40.7,0.70990908
1240.8,3934.4,13,-0.6,4.8818035,380.1,40.7,0.70960348
1221.9,3934.9,-18.9,0.5,4.8080543,380.4,40.7,0.70937428
1230.8,3934.5,8.9,-0.4,4.8425826,380.7,40.7,0.70914508
1229.8,3934.4,-1,-0.1,4.8385251,381.1,40.7,0.70883948
1242.8,3933.9,13,-0.5,4.8890509,381.4,40.7,0.70861028
1228.9,3934.3,-13.9,0.4,4.8348613,381.8,40.7,0.70830468
1229.8,3934.1,0.9,-0.2,4.8381562,382.1,40.7,0.70807548
1230.8,3934,1,-0.1,4.8419672,382.5,40.7,0.70776988
1240.9,3933.5,10.1,-0.5,4.8810801,382.8,40.7,0.70754068
1241.8,3933.4,0.9,-0.1,4.8844961,383.1,40.7,0.70731148
1217.8,3934.1,-24,0.7,4.790947,383.5,40.7,0.70700588
1249.8,3932.9,32,-1.2,4.9153384,383.8,40.7,0.70677668
1246.9,3932.9,-2.9,0,4.903933,384.2,40.7,0.70647108
1235.8,3933.1,-11.1,0.2,4.860525,384.5,40.7,0.70624188
1217.8,3933.6,-18,0.5,4.7903381,384.9,40.7,0.70593628
1242.8,3932.7,25,-0.9,4.8875596,385.2,40.7,0.70570708
1225.9,3933.2,-16.9,0.5,4.8217099,385.5,40.7,0.70547788
1227.8,3933,1.9,-0.2,4.8289374,385.9,40.7,0.70517228
1230.8,3932.8,3,-0.2,4.8404902,386.2,40.7,0.70494308
1219.8,3933.1,-11,0.3,4.7975954,386.6,40.7,0.70463748
1233.8,3932.5,14,-0.6,4.8519185,386.9,40.7,0.70440828
1235.8,3932.3,2,-0.2,4.8595363,387.3,40.7,0.70410268
1224.8,3932.6,-11,0.3,4.8166485,387.6,40.7,0.70387348
1231.8,3932.3,7,-0.3,4.8438071,387.9,40.7,0.70364428
1245.7,3931.7,13.9,-0.6,4.8977187,388.3,40.7,0.70333868
1237.8,3931.8,-7.9,0.1,4.866782,388.6,40.7,0.70310948
1236,3931.8,-1.8,0,4.8597048,389,40.7,0.70280388
1222.8,3932.1,-13.2,0.3,4.8081719,389.3,40.7,0.70257468
1230.9,3931.8,8.1,-0.3,4.8396526,389.6,40.7,0.70234548
1220.8,3932,-10.1,0.2,4.8001856,390,40.7,0.70203988
1233.8,3931.5,13,-0.5,4.8506847,390.3,40.7,0.70181068
1237.7,3931.3,3.9,-0.2,4.86577,390.7,40.7,0.70150508
1228.9,3931.4,-8.8,0.1,4.8312975,391,40.7,0.70127588
1227.8,3931.4,-1.1,0,4.8269729,391.4,40.7,0.70097028
1225.9,3931.4,-1.9,0,4.8195033,391.7,40.7,0.70074108
1226,3931.2,0.1,-0.2,4.8196512,392,40.7,0.70051188
1227.7,3931.1,1.7,-0.1,4.8262115,392.4,40.7,0.70020628
1228.9,3931,1.2,-0.1,4.8308059,392.7,40.7,0.69997708
1228.9,3930.9,0,-0.1,4.830683,393.1,40.7,0.69967148
1220.8,3931,-8.1,0.1,4.7989648,393.4,40.7,0.69944228
1226.8,3930.7,6,-0.3,4.8221828,393.7,40.7,0.69921308
1235.9,3930.3,9.1,-0.4,4.8574578,394.1,40.7,0.69890748
1220.8,3930.7,-15.1,0.4,4.7985986,394.4,40.7,0.69867828
1235.7,3930.2,14.9,-0.5,4.8565481,394.8,40.7,0.69837268
1232.8,3930.2,-2.9,0,4.8451506,395.1,40.7,0.69814348
1232.8,3930.1,0,-0.1,4.8450273,395.5,40.7,0.69783788
1228.8,3930.1,-4,0,4.8293069,395.8,40.7,0.69760868
1233.8,3929.8,5,-0.3,4.8485872,396.1,40.7,0.69737948
1228.9,3929.9,-4.9,0.1,4.8294541,396.5,40.7,0.69707388
1245.8,3929.2,16.9,-0.7,4.8949974,396.8,40.7,0.69684468
1218.8,3930,-27,0.8,4.789884,397.2,40.7,0.69653908
1229.9,3929.6,11.1,-0.4,4.833015,397.5,40.7,0.69630988
1239.8,3929.1,9.9,-0.5,4.8712982,397.8,40.7,0.69608068
1234.8,3929.2,-5,0.1,4.8517762,398.2,40.7,0.69577508
1231.8,3929.2,-3,0,4.8399886,398.5,40.7,0.69554588
1234.9,3929,3.1,-0.2,4.8519221,398.9,40.7,0.69524028
1228.8,3929.1,-6.1,0.1,4.8280781,399.2,40.7,0.69501108
1225.8,3929.1,-3,0,4.8162908,399.6,40.7,0.69470548
1228.9,3928.9,3.1,-0.2,4.8282252,399.9,40.7,0.69447628
1220.8,3929.1,-8.1,0.2,4.7966453,400.2,40.7,0.69424708
1232.8,3928.6,12,-0.5,4.8431781,400.6,40.7,0.69394148
1235.9,3928.4,3.1,-0.2,4.8551096,400.9,40.7,0.69371228
1246.9,3927.9,11,-0.5,4.8976985,401.3,40.7,0.69340668
1231.8,3928.3,-15.1,0.4,4.8388799,401.6,40.7,0.69317748
1232.8,3928.2,1,-0.1,4.842685,402,40.7,0.69287188
1240.8,3927.8,8,-0.4,4.8736142,402.3,40.7,0.69264268
1236.8,3927.9,-4,0.1,4.8580267,402.6,40.7,0.69241348
1230.9,3928,-5.9,0.1,4.8349752,403,40.7,0.69210788
1238.8,3927.6,7.9,-0.4,4.8655109,403.3,40.7,0.69187868
1237.8,3927.5,-1,-0.1,4.8614595,403.7,40.7,0.69157308
1231.8,3927.6,-6,0.1,4.8380177,404,40.7,0.69134388
1224.8,3927.8,-7,0.2,4.8107694,404.4,40.7,0.69103828
1223.9,3927.7,-0.9,-0.1,4.807112,404.7,40.7,0.69080908
1233.8,3927.3,9.9,-0.4,4.8455027,405,40.7,0.69057988
1216.9,3927.8,-16.9,0.5,4.7797398,405.4,40.7,0.69027428
1245.8,3926.7,28.9,-1.1,4.8918829,405.7,40.7,0.69004508
1232.8,3927,-13,0.3,4.8412056,406.1,40.7,0.68973948
1250.7,3926.3,17.9,-0.7,4.9106234,406.4,40.7,0.68951028
1236.8,3926.7,-13.9,0.4,4.8565426,406.8,40.7,0.68920468
1234.9,3926.7,-1.9,0,4.8490818,407.1,40.7,0.68897548
1236.8,3926.5,1.9,-0.2,4.8562952,407.4,40.7,0.68874628
1227.8,3926.7,-9,0.2,4.8212023,407.8,40.7,0.68844068
1239.8,3926.2,12,-0.5,4.8677028,408.1,40.7,0.68821148
1220.9,3926.7,-18.9,0.5,4.794108,408.5,40.7,0.68790588
1225.8,3926.5,4.9,-0.2,4.8131037,408.8,40.7,0.68767668
1230.9,3926.2,5.1,-0.3,4.8327596,409.1,40.7,0.68744747
1211.9,3926.8,-19,0.6,4.7588889,409.5,40.7,0.68714187
1228.9,3926.1,17,-0.7,4.8247843,409.8,40.7,0.68691267
1227.8,3926.1,-1.1,0,4.8204656,410.2,40.7,0.68660707
1242.7,3925.5,14.9,-0.6,4.8782188,410.5,40.7,0.68637787
1239.8,3925.5,-2.9,0,4.8668349,410.9,40.7,0.68607227
1228.8,3925.8,-11,0.3,4.824023,411.2,40.7,0.68584307
1234.8,3925.4,6,-0.4,4.8470839,411.5,40.7,0.68561387
1221.8,3925.8,-13,0.4,4.7965424,411.9,40.7,0.68530827
1224.8,3925.6,3,-0.2,4.8080749,412.2,40.7,0.68507907
1224.9,3925.5,0.1,-0.1,4.808345,412.6,40.7,0.68477347
1230.8,3925.2,5.9,-0.3,4.8311362,412.9,40.7,0.68454427
1241.9,3924.8,11.1,-0.4,4.8742091,413.2,40.7,0.68431507
1236.9,3924.8,-5,0,4.8545851,413.6,40.7,0.68400947
1231.8,3924.9,-5.1,0.1,4.8346918,413.9,40.7,0.68378027
1229,3924.9,-2.8,0,4.8237021,414.3,40.7,0.68347467
1226.9,3924.9,-2.1,0,4.8154598,414.6,40.7,0.68324547
1221.8,3925,-5.1,0.1,4.795565,415,40.7,0.68293987
1242.8,3924.2,21,-0.8,4.8769958,415.3,40.7,0.68271067
1228.8,3924.6,-14,0.4,4.8225485,415.6,40.7,0.68248147
1228.9,3924.4,0.1,-0.2,4.8226952,416,40.7,0.68217587
1226.8,3924.4,-2.1,0,4.8144539,416.3,40.7,0.68194667
1236.8,3924,10,-0.4,4.8532032,416.7,40.7,0.68164107
1236.8,3923.9,0,-0.1,4.8530795,417,40.7,0.68141187
1237.9,3923.8,1.1,-0.1,4.857272,417.4,40.7,0.68110627
1220.8,3924.2,-17.1,0.4,4.7906634,417.7,40.7,0.68087707
1223.8,3924.1,3,-0.1,4.8023136,418,40.7,0.68064787
1224.9,3924,1.1,-0.1,4.8065076,418.4,40.7,0.68034227
1240.8,3923.3,15.9,-0.7,4.8680306,418.7,40.7,0.68011307
1230.8,3923.5,-10,0.2,4.8290438,419.1,40.7,0.67980747
1225.8,3923.6,-5,0.1,4.8095489,419.4,40.7,0.67957827
615,3944.2,-610.8,20.6,2.425683,419.6,40.7,0.67942547
0,3965.3,-615,21.1,0,419.6,40.7,0.67942547
0,3967,0,1.7,0,419.6,40.7,0.67942547
0,3968.3,0,1.3,0,419.6,40.7,0.67942547
0,3969.4,0,1.1,0,419.6,40.7,0.67942547
0,3970.5,0,1.1,0,419.6,40.7,0.67942547
0,3971.4,0,0.9,0,419.6,40.7,0.67942547
0,3972.3,0,0.9,0,419.6,40.7,0.67942547
0,3973.1,0,0.8,0,419.6,40.7,0.67942547
0,3973.9,0,0.8,0,419.6,40.7,0.67942547
0,3974.7,0,0.8,0,419.6,40.7,0.67942547
0,3975.3,0,0.6,0,419.6,40.7,0.67942547
0,3976,0,0.7,0,419.6,40.7,0.67942547
0,3976.7,0,0.7,0,419.6,40.7,0.67942547
0,3977.3,0,0.6,0,419.6,40.7,0.67942547
0,3977.9,0,0.6,0,419.6,40.7,0.67942547
0,3978.4,0,0.5,0,419.6,40.7,0.67942547
0,3979,0,0.6,0,419.6,40.7,0.67942547
0,3979.5,0,0.5,0,419.6,40.7,0.67942547
0,3980,0,0.5,0,419.6,40.7,0.67942547
0,3980.5,0,0.5,0,419.6,40.7,0.67942547
0,3980.9,0,0.4,0,419.6,40.7,0.67942547
0,3981.4,0,0.5,0,419.6,40.7,0.67942547
0,3981.8,0,0.4,0,419.6,40.7,0.67942547
0,3982.2,0,0.4,0,419.6,40.7,0.67942547
0,3982.6,0,0.4,0,419.6,40.7,0.67942547
0,3983,0,0.4,0,419.6,40.7,0.67942547
0,3983.4,0,0.4,0,419.6,40.7,0.67942547
0,3983.8,0,0.4,0,419.6,40.7,0.67942547
0,3984.2,0,0.4,0,419.6,40.7,0.67942547
0,3984.5,0,0.3,0,419.6,40.7,0.67942547
0,3984.8,0,0.3,0,419.6,40.7,0.67942547
0,3985.1,0,0.3,0,419.6,40.7,0.67942547
0,3985.4,0,0.3,0,419.6,40.7,0.67942547
0,3985.7,0,0.3,0,419.6,40.7,0.67942547
0,3986.1,0,0.4,0,419.6,40.7,0.67942547
0,3986.3,0,0.2,0,419.6,40.7,0.67942547
0,3986.7,0,0.4,0,419.6,40.7,0.67942547
0,3986.9,0,0.2,0,419.6,40.7,0.67942547
0,3987.2,0,0.3,0,419.6,40.7,0.67942547
0,3987.4,0,0.2,0,419.6,40.7,0.67942547
0,3987.6,0,0.2,0,419.6,40.7,0.67942547
0,3987.9,0,0.3,0,419.6,40.7,0.67942547
0,3988.1,0,0.2,0,419.6,40.7,0.67942547
0,3988.3,0,0.2,0,419.6,40.7,0.67942547
0,3988.6,0,0.3,0,419.6,40.7,0.67942547
0,3988.8,0,0.2,0,419.6,40.7,0.67942547
0,3989,0,0.2,0,419.6,40.7,0.67942547
0,3989.2,0,0.2,0,419.6,40.7,0.67942547
0,3989.4,0,0.2,0,419.6,40.7,0.67942547
0,3989.6,0,0.2,0,419.6,40.7,0.67942547
0,3989.8,0,0.2,0,419.6,40.7,0.67942547
0,3990,0,0.2,0,419.6,40.7,0.67942547
0,3990.2,0,0.2,0,419.6,40.7,0.67942547
0,3990.4,0,0.2,0,419.6,40.7,0.67942547
0,3990.6,0,0.2,0,419.6,40.7,0.67942547
0,3990.7,0,0.1,0,419.6,40.7,0.67942547
0,3990.9,0,0.2,0,419.6,40.7,0.67942547
0,3991.1,0,0.2,0,419.6,40.7,0.67942547
0,3991.2,0,0.1,0,419.6,40.7,0.67942547
0,3991.4,0,0.2,0,419.6,40.7,0.67942547
0,3991.5,0,0.1,0,419.6,40.7,0.67942547
0,3991.7,0,0.2,0,419.6,40.7,0.67942547
0,3991.9,0,0.2,0,419.6,40.7,0.67942547
0,3992,0,0.1,0,419.6,40.7,0.67942547
0,3992.1,0,0.1,0,419.6,40.7,0.67942547
0,3992.2,0,0.1,0,419.6,40.7,0.67942547
0,3992.4,0,0.2,0,419.6,40.7,0.67942547
0,3992.5,0,0.1,0,419.6,40.7,0.67942547
0,3992.7,0,0.2,0,419.6,40.7,0.67942547
0,3992.8,0,0.1,0,419.6,40.7,0.67942547
0,3992.9,0,0.1,0,419.6,40.7,0.67942547
0,3993.1,0,0.2,0,419.6,40.7,0.67942547
0,3993.2,0,0.1,0,419.6,40.7,0.67942547
0,3993.3,0,0.1,0,419.6,40.7,0.67942547
0,3993.4,0,0.1,0,419.6,40.7,0.67942547
0,3993.5,0,0.1,0,419.6,40.7,0.67942547
0,3993.6,0,0.1,0,419.6,40.7,0.67942547
0,3993.7,0,0.1,0,419.6,40.7,0.67942547
0,3993.9,0,0.2,0,419.6,40.7,0.67942547
0,3994,0,0.1,0,419.6,40.7,0.67942547
0,3994.1,0,0.1,0,419.6,40.7,0.67942547
0,3994.2,0,0.1,0,419.6,40.7,0.67942547
0,3994.3,0,0.1,0,419.6,40.7,0.67942547
0,3994.3,0,0,0,419.6,40.7,0.67942547
0,3994.5,0,0.2,0,419.6,40.7,0.67942547
0,3994.5,0,0,0,419.6,40.7,0.67942547
0,3994.7,0,0.2,0,419.6,40.7,0.67942547
0,3994.7,0,0,0,419.6,40.7,0.67942547
0,3994.8,0,0.1,0,419.6,40.7,0.67942547
0,3994.9,0,0.1,0,419.6,40.7,0.67942547
0,3995,0,0.1,0,419.6,40.7,0.67942547
0,3995.1,0,0.1,0,419.6,40.7,0.67942547
0,3995.2,0,0.1,0,419.6,40.7,0.67942547
0,3995.3,0,0.1,0,419.6,40.7,0.67942547
0,3995.4,0,0.1,0,419.6,40.7,0.67942547
0,3995.5,0,0.1,0,419.6,40.7,0.67942547
0,3995.5,0,0,0,419.6,40.7,0.67942547
0,3995.6,0,0.1,0,419.6,40.7,0.67942547
0,3995.7,0,0.1,0,419.6,40.7,0.67942547
0,3995.8,0,0.1,0,419.6,40.7,0.67942547
0,3995.9,0,0.1,0,419.6,40.7,0.67942547
0,3995.9,0,0,0,419.6,40.7,0.67942547
0,3996,0,0.1,0,419.6,40.7,0.67942547
0,3996.1,0,0.1,0,419.6,40.7,0.67942547
0,3996.2,0,0.1,0,419.6,40.7,0.67942547
0,3996.2,0,0,0,419.6,40.7,0.67942547
0,3996.3,0,0.1,0,419.6,40.7,0.67942547
0,3996.4,0,0.1,0,419.6,40.7,0.67942547
0,3996.5,0,0.1,0,419.6,40.7,0.67942547
0,3996.5,0,0,0,419.6,40.7,0.67942547
0,3996.6,0,0.1,0,419.6,40.7,0.67942547
0,3996.6,0,0,0,419.6,40.7,0.67942547
0,3996.7,0,0.1,0,419.6,40.7,0.67942547
0,3996.8,0,0.1,0,419.6,40.7,0.67942547
0,3996.9,0,0.1,0,419.6,40.7,0.67942547
0,3996.9,0,0,0,419.6,40.7,0.67942547
0,3997,0,0.1,0,419.6,40.7,0.67942547
0,3997.1,0,0.1,0,419.6,40.7,0.67942547
0,3997.1,0,0,0,419.6,40.7,0.67942547
0,3997.2,0,0.1,0,419.6,40.7,0.67942547
0,3997.2,0,0,0,419.6,40.7,0.67942547
0,3997.3,0,0.1,0,419.6,40.7,0.67942547
0,3997.3,0,0,0,419.6,40.7,0.67942547
0,3997.4,0,0.1,0,419.6,40.7,0.67942547
0,3997.5,0,0.1,0,419.6,40.7,0.67942547
0,3997.5,0,0,0,419.6,40.7,0.67942547
0,3997.6,0,0.1,0,419.6,40.7,0.67942547
0,3997.7,0,0.1,0,419.6,40.7,0.67942547
0,3997.7,0,0,0,419.6,40.7,0.67942547
0,3997.8,0,0.1,0,419.6,40.7,0.67942547
0,3997.8,0,0,0,419.6,40.7,0.67942547
0,3997.9,0,0.1,0,419.6,40.7,0.67942547
0,3997.9,0,0,0,419.6,40.7,0.67942547
0,3998,0,0.1,0,419.6,40.7,0.67942547
0,3998,0,0,0,419.6,40.7,0.67942547
0,3998.1,0,0.1,0,419.6,40.7,0.67942547
0,3998.1,0,0,0,419.6,40.7,0.67942547
0,3998.2,0,0.1,0,419.6,40.7,0.67942547
0,3998.3,0,0.1,0,419.6,40.7,0.67942547
0,3998.3,0,0,0,419.6,40.7,0.67942547
0,3998.3,0,0,0,419.6,40.7,0.67942547
0,3998.4,0,0.1,0,419.6,40.7,0.67942547
0,3998.4,0,0,0,419.6,40.7,0.67942547
0,3998.5,0,0.1,0,419.6,40.7,0.67942547
0,3998.5,0,0,0,419.6,40.7,0.67942547
0,3998.5,0,0,0,419.6,40.7,0.67942547
0,3998.6,0,0.1,0,419.6,40.7,0.67942547
0,3998.7,0,0.1,0,419.6,40.7,0.67942547
0,3998.7,0,0,0,419.6,40.6,0.67942547
0,3998.7,0,0,0,419.6,40.6,0.67942547
0,3998.8,0,0.1,0,419.6,40.6,0.67942547
0,3998.8,0,0,0,419.6,40.6,0.67942547
0,3998.9,0,0.1,0,419.6,40.6,0.67942547
0,3999,0,0.1,0,419.6,40.6,0.67942547
0,3999,0,0,0,419.6,40.6,0.67942547
0,3999,0,0,0,419.6,40.6,0.67942547
0,3999.1,0,0.1,0,419.6,40.6,0.67942547
0,3999.1,0,0,0,419.6,40.6,0.67942547
0,3999.2,0,0.1,0,419.6,40.6,0.67942547
0,3999.2,0,0,0,419.6,40.6,0.67942547
0,3999.2,0,0,0,419.6,40.6,0.67942547
0,3999.2,0,0,0,419.6,40.6,0.67942547
0,3999.3,0,0.1,0,419.6,40.6,0.67942547
0,3999.4,0,0.1,0,419.6,40.6,0.67942547
0,3999.4,0,0,0,419.6,40.6,0.67942547
0,3999.4,0,0,0,419.6,40.6,0.67942547
0,3999.5,0,0.1,0,419.6,40.6,0.67942547
0,3999.5,0,0,0,419.6,40.6,0.67942547
0,3999.5,0,0,0,419.6,40.6,0.67942547
0,3999.6,0,0.1,0,419.6,40.6,0.67942547
0,3999.6,0,0,0,419.6,40.6,0.67942547
0,3999.6,0,0,0,419.6,40.6,0.67942547
0,3999.7,0,0.1,0,419.6,40.6,0.67942547
0,3999.7,0,0,0,419.6,40.6,0.67942547
0,3999.7,0,0,0,419.6,40.6,0.67942547
0,3999.8,0,0.1,0,419.6,40.6,0.67942547
0,3999.8,0,0,0,419.6,40.6,0.67942547
0,3999.9,0,0.1,0,419.6,40.6,0.67942547
0,3999.9,0,0,0,419.6,40.6,0.67942547
0,3999.9,0,0,0,419.6,40.6,0.67942547
0,3999.9,0,0,0,419.6,40.6,0.67942547
0,4000,0,0.1,0,419.6,40.6,0.67942547
0,4000,0,0,0,419.6,40.6,0.67942547
0,4000.1,0,0.1,0,419.6,40.6,0.67942547
0,4000.1,0,0,0,419.6,40.6,0.67942547
0,4000.1,0,0,0,419.6,40.6,0.67942547
0,4000.2,0,0.1,0,419.6,40.6,0.67942547
0,4000.2,0,0,0,419.6,40.6,0.67942547
0,4000.3,0,0.1,0,419.6,40.6,0.67942547
0,4000.2,0,-0.1,0,419.6,40.6,0.67942547
0,4000.3,0,0.1,0,419.6,40.6,0.67942547
0,4000.3,0,0,0,419.6,40.6,0.67942547
0,4000.3,0,0,0,419.6,40.6,0.67942547
0,4000.4,0,0.1,0,419.6,40.6,0.67942547
0,4000.4,0,0,0,419.6,40.6,0.67942547
0,4000.4,0,0,0,419.6,40.6,0.67942547
0,4000.4,0,0,0,419.6,40.6,0.67942547
0,4000.5,0,0.1,0,419.6,40.6,0.67942547
0,4000.5,0,0,0,419.6,40.6,0.67942547
0,4000.5,0,0,0,419.6,40.6,0.67942547
0,4000.6,0,0.1,0,419.6,40.6,0.67942547
0,4000.6,0,0,0,419.6,40.6,0.67942547
0,4000.6,0,0,0,419.6,40.6,0.67942547
0,4000.6,0,0,0,419.6,40.6,0.67942547
0,4000.7,0,0.1,0,419.6,40.6,0.67942547
0,4000.7,0,0,0,419.6,40.6,0.67942547
0,4000.8,0,0.1,0,419.6,40.6,0.67942547
0,4000.8,0,0,0,419.6,40.6,0.67942547
0,4000.9,0,0.1,0,419.6,40.6,0.67942547
0,4000.8,0,-0.1,0,419.6,40.6,0.67942547
0,4000.9,0,0.1,0,419.6,40.6,0.67942547
0,4000.9,0,0,0,419.6,40.6,0.67942547
0,4000.9,0,0,0,419.6,40.6,0.67942547
0,4001,0,0.1,0,419.6,40.6,0.67942547
0,4001,0,0,0,419.6,40.6,0.67942547
0,4001,0,0,0,419.6,40.6,0.67942547
0,4001,0,0,0,419.6,40.6,0.67942547
0,4001.1,0,0.1,0,419.6,40.6,0.67942547
0,4001.1,0,0,0,419.6,40.6,0.67942547
0,4001.1,0,0,0,419.6,40.6,0.67942547
0,4001.2,0,0.1,0,419.6,40.6,0.67942547
0,4001.2,0,0,0,419.6,40.6,0.67942547
0,4001.2,0,0,0,419.6,40.6,0.67942547
0,4001.2,0,0,0,419.6,40.6,0.67942547
0,4001.2,0,0,0,419.6,40.6,0.67942547
0,4001.2,0,0,0,419.6,40.6,0.67942547
0,4001.3,0,0.1,0,419.6,40.6,0.67942547
0,4001.3,0,0,0,419.6,40.6,0.67942547
0,4001.3,0,0,0,419.6,40.6,0.67942547
0,4001.4,0,0.1,0,419.6,40.6,0.67942547
0,4001.4,0,0,0,419.6,40.6,0.67942547
0,4001.4,0,0,0,419.6,40.6,0.67942547
0,4001.4,0,0,0,419.6,40.6,0.67942547
0,4001.5,0,0.1,0,419.6,40.6,0.67942547
0,4001.5,0,0,0,419.6,40.6,0.67942547
0,4001.5,0,0,0,419.6,40.6,0.67942547
0,4001.6,0,0.1,0,419.6,40.6,0.67942547
0,4001.6,0,0,0,419.6,40.6,0.67942547
0,4001.6,0,0,0,419.6,40.6,0.67942547
0,4001.6,0,0,0,419.6,40.6,0.67942547
0,4001.6,0,0,0,419.6,40.6,0.67942547
0,4001.7,0,0.1,0,419.6,40.6,0.67942547
0,4001.7,0,0,0,419.6,40.6,0.67942547
0,4001.7,0,0,0,419.6,40.6,0.67942547
0,4001.7,0,0,0,419.6,40.6,0.67942547
0,4001.7,0,0,0,419.6,40.6,0.67942547
0,4001.8,0,0.1,0,419.6,40.6,0.67942547
0,4001.8,0,0,0,419.6,40.6,0.67942547
0,4001.8,0,0,0,419.6,40.6,0.67942547
0,4001.8,0,0,0,419.6,40.6,0.67942547
0,4001.9,0,0.1,0,419.6,40.6,0.67942547
0,4001.9,0,0,0,419.6,40.6,0.67942547
0,4001.9,0,0,0,419.6,40.6,0.67942547
0,4001.9,0,0,0,419.6,40.6,0.67942547
0,4001.9,0,0,0,419.6,40.6,0.67942547
0,4002,0,0.1,0,419.6,40.6,0.67942547
0,4002,0,0,0,419.6,40.6,0.67942547
0,4002,0,0,0,419.6,40.6,0.67942547
0,4002,0,0,0,419.6,40.6,0.67942547
0,4002,0,0,0,419.6,40.6,0.67942547
0,4002.1,0,0.1,0,419.6,40.6,0.67942547
0,4002.1,0,0,0,419.6,40.6,0.67942547
0,4002.1,0,0,0,419.6,40.6,0.67942547
0,4002.1,0,0,0,419.6,40.6,0.67942547
0,4002.1,0,0,0,419.6,40.6,0.67942547
0,4002.2,0,0.1,0,419.6,40.6,0.67942547
0,4002.2,0,0,0,419.6,40.6,0.67942547
0,4002.2,0,0,0,419.6,40.6,0.67942547
0,4002.2,0,0,0,419.6,40.6,0.67942547
0,4002.2,0,0,0,419.6,40.6,0.67942547
0,4002.3,0,0.1,0,419.6,40.6,0.67942547
0,4002.3,0,0,0,419.6,40.6,0.67942547
0,4002.3,0,0,0,419.6,40.6,0.67942547
0,4002.3,0,0,0,419.6,40.6,0.67942547
0,4002.3,0,0,0,419.6,40.6,0.67942547
0,4002.3,0,0,0,419.6,40.6,0.67942547
0,4002.4,0,0.1,0,419.6,40.6,0.67942547
0,4002.4,0,0,0,419.6,40.6,0.67942547
0,4002.4,0,0,0,419.6,40.6,0.67942547
0,4002.4,0,0,0,419.6,40.6,0.67942547
0,4002.5,0,0.1,0,419.6,40.6,0.67942547
0,4002.5,0,0,0,419.6,40.6,0.67942547
0,4002.5,0,0,0,419.6,40.6,0.67942547
0,4002.5,0,0,0,419.6,40.6,0.67942547
0,4002.5,0,0,0,419.6,40.6,0.67942547
0,4002.5,0,0,0,419.6,40.6,0.67942547
0,4002.5,0,0,0,419.6,40.6,0.67942547
0,4002.6,0,0.1,0,419.6,40.6,0.67942547
0,4002.6,0,0,0,419.6,40.6,0.67942547
0,4002.6,0,0,0,419.6,40.6,0.67942547
0,4002.6,0,0,0,419.6,40.6,0.67942547
0,4002.6,0,0,0,419.6,40.6,0.67942547
0,4002.6,0,0,0,419.6,40.6,0.67942547
0,4002.7,0,0.1,0,419.6,40.6,0.67942547
0,4002.7,0,0,0,419.6,40.6,0.67942547
0,4002.7,0,0,0,419.6,40.6,0.67942547
0,4002.7,0,0,0,419.6,40.6,0.67942547
0,4002.7,0,0,0,419.6,40.6,0.67942547
0,4002.8,0,0.1,0,419.6,40.6,0.67942547
0,4002.8,0,0,0,419.6,40.6,0.67942547
0,4002.8,0,0,0,419.6,40.6,0.67942547
0,4002.8,0,0,0,419.6,40.6,0.67942547
0,4002.8,0,0,0,419.6,40.6,0.67942547
0,4002.8,0,0,0,419.6,40.6,0.67942547
0,4002.9,0,0.1,0,419.6,40.6,0.67942547
0,4002.9,0,0,0,419.6,40.6,0.67942547
0,4002.9,0,0,0,419.6,40.6,0.67942547
0,4002.9,0,0,0,419.6,40.6,0.67942547
0,4002.9,0,0,0,419.6,40.6,0.67942547
0,4002.9,0,0,0,419.6,40.6,0.67942547
0,4002.9,0,0,0,419.6,40.6,0.67942547
0,4003,0,0.1,0,419.6,40.6,0.67942547
0,4003,0,0,0,419.6,40.6,0.67942547
0,4003,0,0,0,419.6,40.6,0.67942547
0,4003,0,0,0,419.6,40.6,0.67942547
0,4003,0,0,0,419.6,40.6,0.67942547
0,4003,0,0,0,419.6,40.6,0.67942547
0,4003.1,0,0.1,0,419.6,40.6,0.67942547
0,4003.1,0,0,0,419.6,40.6,0.67942547
0,4003.1,0,0,0,419.6,40.6,0.67942547
0,4003.1,0,0,0,419.6,40.6,0.67942547
0,4003.1,0,0,0,419.6,40.6,0.67942547
0,4003.2,0,0.1,0,419.6,40.6,0.67942547
0,4003.1,0,-0.1,0,419.6,40.6,0.67942547
0,4003.1,0,0,0,419.6,40.6,0.67942547
0,4003.2,0,0.1,0,419.6,40.6,0.67942547
0,4003.2,0,0,0,419.6,40.6,0.67942547
0,4003.2,0,0,0,419.6,40.6,0.67942547
0,4003.2,0,0,0,419.6,40.6,0.67942547
0,4003.2,0,0,0,419.6,40.6,0.67942547
0,4003.2,0,0,0,419.6,40.6,0.67942547
0,4003.2,0,0,0,419.6,40.6,0.67942547
0,4003.3,0,0.1,0,419.6,40.6,0.67942547
0,4003.3,0,0,0,419.6,40.6,0.67942547
0,4003.3,0,0,0,419.6,40.6,0.67942547
0,4003.3,0,0,0,419.6,40.6,0.67942547
0,4003.4,0,0.1,0,419.6,40.6,0.67942547
0,4003.3,0,-0.1,0,419.6,40.6,0.67942547
0,4003.4,0,0.1,0,419.6,40.6,0.67942547
0,4003.4,0,0,0,419.6,40.6,0.67942547
0,4003.4,0,0,0,419.6,40.6,0.67942547
0,4003.4,0,0,0,419.6,40.6,0.67942547
0,4003.4,0,0,0,419.6,40.6,0.67942547
0,4003.4,0,0,0,419.6,40.6,0.67942547
0,4003.5,0,0.1,0,419.6,40.6,0.67942547
0,4003.5,0,0,0,419.6,40.6,0.67942547
0,4003.4,0,-0.1,0,419.6,40.6,0.67942547
0,4003.5,0,0.1,0,419.6,40.6,0.67942547
0,4003.5,0,0,0,419.6,40.6,0.67942547
0,4003.5,0,0,0,419.6,40.6,0.67942547
0,4003.5,0,0,0,419.6,40.6,0.67942547
0,4003.6,0,0.1,0,419.6,40.6,0.67942547
0,4003.6,0,0,0,419.6,40.6,0.67942547
0,4003.6,0,0,0,419.6,40.6,0.67942547
0,4003.6,0,0,0,419.6,40.6,0.67942547
0,4003.6,0,0,0,419.6,40.6,0.67942547
0,4003.6,0,0,0,419.6,40.6,0.67942547
0,4003.6,0,0,0,419.6,40.6,0.67942547
0,4003.6,0,0,0,419.6,40.6,0.67942547
0,4003.6,0,0,0,419.6,40.6,0.67942547
0,4003.7,0,0.1,0,419.6,40.6,0.67942547
0,4003.7,0,0,0,419.6,40.6,0.67942547
0,4003.7,0,0,0,419.6,40.6,0.67942547
0,4003.7,0,0,0,419.6,40.6,0.67942547
0,4003.7,0,0,0,419.6,40.6,0.67942547
0,4003.7,0,0,0,419.6,40.6,0.67942547
0,4003.7,0,0,0,419.6,40.6,0.67942547
0,4003.7,0,0,0,419.6,40.6,0.67942547
0,4003.8,0,0.1,0,419.6,40.6,0.67942547
0,4003.8,0,0,0,419.6,40.6,0.67942547
0,4003.8,0,0,0,419.6,40.6,0.67942547
0,4003.8,0,0,0,419.6,40.6,0.67942547
0,4003.8,0,0,0,419.6,40.6,0.67942547
0,4003.8,0,0,0,419.6,40.6,0.67942547
0,4003.8,0,0,0,419.6,40.6,0.67942547
0,4003.9,0,0.1,0,419.6,40.6,0.67942547
0,4003.8,0,-0.1,0,419.6,40.6,0.67942547
0,4003.9,0,0.1,0,419.6,40.6,0.67942547
0,4003.9,0,0,0,419.6,40.6,0.67942547
0,4003.9,0,0,0,419.6,40.6,0.67942547
0,4003.9,0,0,0,419.6,40.6,0.67942547
0,4003.9,0,0,0,419.6,40.6,0.67942547
0,4003.9,0,0,0,419.6,40.6,0.67942547
0,4003.9,0,0,0,419.6,40.6,0.67942547
0,4003.9,0,0,0,419.6,40.6,0.67942547
0,4004,0,0.1,0,419.6,40.6,0.67942547
0,4004,0,0,0,419.6,40.6,0.67942547
0,4004,0,0,0,419.6,40.6,0.67942547
0,4004,0,0,0,419.6,40.6,0.67942547
0,4004,0,0,0,419.6,40.6,0.67942547
0,4004,0,0,0,419.6,40.6,0.67942547
0,4004,0,0,0,419.6,40.6,0.67942547
0,4004,0,0,0,419.6,40.6,0.67942547
0,4004.1,0,0.1,0,419.6,40.6,0.67942547
0,4004.1,0,0,0,419.6,40.6,0.67942547
0,4004.1,0,0,0,419.6,40.6,0.67942547
0,4004.1,0,0,0,419.6,40.6,0.67942547
0,4004.1,0,0,0,419.6,40.6,0.67942547
0,4004.1,0,0,0,419.6,40.6,0.67942547
0,4004.1,0,0,0,419.6,40.6,0.67942547
0,4004.1,0,0,0,419.6,40.6,0.67942547
0,4004.2,0,0.1,0,419.6,40.6,0.67942547
0,4004.2,0,0,0,419.6,40.6,0.67942547
0,4004.2,0,0,0,419.6,40.6,0.67942547
0,4004.1,0,-0.1,0,419.6,40.6,0.67942547
0,4004.2,0,0.1,0,419.6,40.6,0.67942547
0,4004.2,0,0,0,419.6,40.6,0.67942547
0,4004.2,0,0,0,419.6,40.6,0.67942547
0,4004.2,0,0,0,419.6,40.6,0.67942547
0,4004.2,0,0,0,419.6,40.6,0.67942547
0,4004.3,0,0.1,0,419.6,40.6,0.67942547
0,4004.2,0,-0.1,0,419.6,40.6,0.67942547
0,4004.3,0,0.1,0,419.6,40.6,0.67942547
0,4004.3,0,0,0,419.6,40.6,0.67942547
0,4004.2,0,-0.1,0,419.6,40.6,0.67942547
0,4004.3,0,0.1,0,419.6,40.6,0.67942547
0,4004.3,0,0,0,419.6,40.6,0.67942547
0,4004.3,0,0,0,419.6,40.6,0.67942547
0,4004.3,0,0,0,419.6,40.6,0.67942547
0,4004.3,0,0,0,419.6,40.6,0.67942547
0,4004.3,0,0,0,419.6,40.6,0.67942547
0,4004.3,0,0,0,419.6,40.6,0.67942547
0,4004.4,0,0.1,0,419.6,40.6,0.67942547
0,4004.4,0,0,0,419.6,40.6,0.67942547
0,4004.4,0,0,0,419.6,40.6,0.67942547
0,4004.3,0,-0.1,0,419.6,40.6,0.67942547
0,4004.4,0,0.1,0,419.6,40.6,0.67942547
0,4004.4,0,0,0,419.6,40.6,0.67942547
0,4004.4,0,0,0,419.6,40.6,0.67942547
0,4004.4,0,0,0,419.6,40.6,0.67942547
0,4004.4,0,0,0,419.6,40.6,0.67942547
0,4004.4,0,0,0,419.6,40.6,0.67942547
0,4004.4,0,0,0,419.6,40.6,0.67942547
0,4004.4,0,0,0,419.6,40.6,0.67942547
0,4004.4,0,0,0,419.6,40.6,0.67942547
0,4004.5,0,0.1,0,419.6,40.6,0.67942547
0,4004.5,0,0,0,419.6,40.6,0.67942547
0,4004.5,0,0,0,419.6,40.6,0.67942547
0,4004.5,0,0,0,419.6,40.6,0.67942547
0,4004.5,0,0,0,419.6,40.6,0.67942547
0,4004.5,0,0,0,419.6,40.6,0.67942547
0,4004.5,0,0,0,419.6,40.6,0.67942547
0,4004.5,0,0,0,419.6,40.6,0.67942547
0,4004.5,0,0,0,419.6,40.6,0.67942547
0,4004.5,0,0,0,419.6,40.6,0.67942547
0,4004.5,0,0,0,419.6,40.6,0.67942547
0,4004.6,0,0.1,0,419.6,40.6,0.67942547
0,4004.6,0,0,0,419.6,40.6,0.67942547
0,4004.6,0,0,0,419.6,40.6,0.67942547
0,4004.6,0,0,0,419.6,40.6,0.67942547
0,4004.6,0,0,0,419.6,40.6,0.67942547
0,4004.6,0,0,0,419.6,40.6,0.67942547
0,4004.6,0,0,0,419.6,40.6,0.67942547
0,4004.6,0,0,0,419.6,40.6,0.67942547
0,4004.6,0,0,0,419.6,40.6,0.67942547
0,4004.6,0,0,0,419.6,40.6,0.67942547
0,4004.6,0,0,0,419.6,40.6,0.67942547
0,4004.6,0,0,0,419.6,40.6,0.67942547
0,4004.6,0,0,0,419.6,40.6,0.67942547
0,4004.7,0,0.1,0,419.6,40.6,0.67942547
0,4004.7,0,0,0,419.6,40.6,0.67942547
0,4004.7,0,0,0,419.6,40.6,0.67942547
0,4004.7,0,0,0,419.6,40.6,0.67942547
0,4004.7,0,0,0,419.6,40.6,0.67942547
0,4004.7,0,0,0,419.6,40.6,0.67942547
0,4004.8,0,0.1,0,419.6,40.6,0.67942547
0,4004.7,0,-0.1,0,419.6,40.6,0.67942547
0,4004.7,0,0,0,419.6,40.6,0.67942547
0,4004.7,0,0,0,419.6,40.6,0.67942547
0,4004.8,0,0.1,0,419.6,40.6,0.67942547
0,4004.7,0,-0.1,0,419.6,40.6,0.67942547
0,4004.8,0,0.1,0,419.6,40.6,0.67942547
0,4004.8,0,0,0,419.6,40.6,0.67942547
0,4004.8,0,0,0,419.6,40.6,0.67942547
0,4004.8,0,0,0,419.6,40.6,0.67942547
0,4004.8,0,0,0,419.6,40.6,0.67942547
0,4004.8,0,0,0,419.6,40.6,0.67942547
0,4004.8,0,0,0,419.6,40.6,0.67942547
0,4004.8,0,0,0,419.6,40.6,0.67942547
0,4004.8,0,0,0,419.6,40.6,0.67942547
0,4004.8,0,0,0,419.6,40.6,0.67942547
0,4004.8,0,0,0,419.6,40.6,0.67942547
0,4004.8,0,0,0,419.6,40.6,0.67942547
0,4004.8,0,0,0,419.6,40.6,0.67942547
0,4004.9,0,0.1,0,419.6,40.6,0.67942547
0,4004.9,0,0,0,419.6,40.6,0.67942547
0,4004.9,0,0,0,419.6,40.6,0.67942547
0,4004.9,0,0,0,419.6,40.6,0.67942547
0,4004.9,0,0,0,419.6,40.6,0.67942547
0,4004.9,0,0,0,419.6,40.6,0.67942547
0,4004.9,0,0,0,419.6,40.6,0.67942547
0,4004.9,0,0,0,419.6,40.6,0.67942547
0,4004.9,0,0,0,419.6,40.6,0.67942547
0,4004.9,0,0,0,419.6,40.6,0.67942547
0,4004.9,0,0,0,419.6,40.6,0.67942547
0,4004.9,0,0,0,419.6,40.6,0.67942547
0,4004.9,0,0,0,419.6,40.6,0.67942547
0,4004.9,0,0,0,419.6,40.6,0.67942547
0,4004.9,0,0,0,419.6,40.6,0.67942547
0,4005,0,0.1,0,419.6,40.6,0.67942547
0,4005,0,0,0,419.6,40.6,0.67942547
0,4004.9,0,-0.1,0,419.6,40.6,0.67942547
0,4005,0,0.1,0,419.6,40.6,0.67942547
0,4005,0,0,0,419.6,40.6,0.67942547
0,4005,0,0,0,419.6,40.6,0.67942547
0,4005,0,0,0,419.6,40.6,0.67942547
0,4005,0,0,0,419.6,40.6,0.67942547
0,4005,0,0,0,419.6,40.6,0.67942547
0,4005,0,0,0,419.6,40.6,0.67942547
0,4005,0,0,0,419.6,40.6,0.67942547
0,4005,0,0,0,419.6,40.6,0.67942547
0,4005.1,0,0.1,0,419.6,40.6,0.67942547
0,4005,0,-0.1,0,419.6,40.6,0.67942547
0,4005.1,0,0.1,0,419.6,40.6,0.67942547
0,4005.1,0,0,0,419.6,40.6,0.67942547
0,4005.1,0,0,0,419.6,40.6,0.67942547
0,4005,0,-0.1,0,419.6,40.6,0.67942547
0,4005.1,0,0.1,0,419.6,40.6,0.67942547
0,4005.1,0,0,0,419.6,40.6,0.67942547
0,4005.1,0,0,0,419.6,40.6,0.67942547
0,4005.1,0,0,0,419.6,40.6,0.67942547
0,4005.1,0,0,0,419.6,40.6,0.67942547
0,4005.1,0,0,0,419.6,40.6,0.67942547
0,4005.1,0,0,0,419.6,40.6,0.67942547
0,4005.1,0,0,0,419.6,40.6,0.67942547
0,4005.1,0,0,0,419.6,40.6,0.67942547
0,4005.1,0,0,0,419.6,40.6,0.67942547
0,4005.1,0,0,0,419.6,40.6,0.67942547
0,4005.2,0,0.1,0,419.6,40.6,0.67942547
0,4005.2,0,0,0,419.6,40.6,0.67942547
0,4005.2,0,0,0,419.6,40.6,0.67942547
0,4005.2,0,0,0,419.6,40.6,0.67942547
0,4005.2,0,0,0,419.6,40.6,0.67942547
0,4005.2,0,0,0,419.6,40.6,0.67942547
0,4005.2,0,0,0,419.6,40.6,0.67942547
0,4005.2,0,0,0,419.6,40.6,0.67942547
0,4005.2,0,0,0,419.6,40.6,0.67942547
0,4005.2,0,0,0,419.6,40.6,0.67942547
0,4005.2,0,0,0,419.6,40.6,0.67942547
0,4005.2,0,0,0,419.6,40.6,0.67942547
0,4005.2,0,0,0,419.6,40.6,0.67942547
0,4005.3,0,0.1,0,419.6,40.6,0.67942547
0,4005.3,0,0,0,419.6,40.6,0.67942547
0,4005.2,0,-0.1,0,419.6,40.6,0.67942547
0,4005.2,0,0,0,419.6,40.6,0.67942547
0,4005.2,0,0,0,419.6,40.6,0.67942547
0,4005.3,0,0.1,0,419.6,40.6,0.67942547
0,4005.2,0,-0.1,0,419.6,40.6,0.67942547
0,4005.3,0,0.1,0,419.6,40.6,0.67942547
0,4005.3,0,0,0,419.6,40.6,0.67942547
0,4005.3,0,0,0,419.6,40.6,0.67942547
440.8,3990.9,440.8,-14.4,1.7591887,419.7,40.6,0.67934907
874.8,3975.6,434,-15.3,3.4778549,419.9,40.6,0.67919627
876.8,3974.2,2,-1.4,3.4845786,420.2,40.6,0.67896707
873.1,3973.3,-3.7,-0.9,3.4690882,420.4,40.6,0.67881427
879.9,3972.2,6.8,-1.1,3.4951388,420.7,40.6,0.67858507
889.9,3971,10,-1.2,3.5337929,420.9,40.6,0.67843227
887.9,3970.2,-2,-0.8,3.5251406,421.2,40.6,0.67820307
872.9,3970,-15,-0.2,3.465413,421.4,40.6,0.67805027
882.8,3968.9,9.9,-1.1,3.5037449,421.7,40.6,0.67782107
881.9,3968.3,-0.9,-0.6,3.4996438,421.9,40.6,0.67766827
882.9,3967.6,1,-0.7,3.502994,422.1,40.6,0.67751547
877.8,3967.1,-5.1,-0.5,3.4823204,422.4,40.6,0.67728627
882.9,3966.4,5.1,-0.7,3.5019346,422.6,40.6,0.67713347
873.9,3966.1,-9,-0.3,3.4659748,422.9,40.6,0.67690427
876.7,3965.5,2.8,-0.6,3.4765539,423.1,40.6,0.67675147
884.9,3964.7,8.2,-0.8,3.508363,423.4,40.6,0.67652227
872.9,3964.5,-12,-0.2,3.460612,423.6,40.6,0.67636947
884.8,3963.7,11.9,-0.8,3.5070818,423.9,40.6,0.67614027
878.9,3963.4,-5.9,-0.3,3.4834323,424.1,40.6,0.67598747
885.9,3962.7,7,-0.7,3.5105559,424.3,40.6,0.67583467
877.8,3962.5,-8.1,-0.2,3.4782825,424.6,40.6,0.67560547
888.9,3961.7,11.1,-0.8,3.5215551,424.8,40.6,0.67545267
876,3961.7,-12.9,0,3.4704492,425.1,40.6,0.67522347
881.8,3961.1,5.8,-0.6,3.492898,425.3,40.6,0.67507067
884.8,3960.6,3,-0.5,3.5043389,425.6,40.6,0.67484147
886.9,3960.1,2.1,-0.5,3.5122127,425.8,40.6,0.67468867
878.9,3960,-8,-0.1,3.480444,426.1,40.6,0.67445947
881.9,3959.5,3,-0.5,3.491883,426.3,40.6,0.67430667
881.9,3959.2,0,-0.3,3.4916185,426.5,40.6,0.67415387
881.9,3958.8,0,-0.4,3.4912657,426.8,40.6,0.67392467
881.8,3958.5,-0.1,-0.3,3.4906053,427,40.6,0.67377187
885.8,3958,4,-0.5,3.5059964,427.3,40.6,0.67354267
887.9,3957.6,2.1,-0.4,3.513953,427.5,40.6,0.67338987
889.8,3957.3,1.9,-0.3,3.5212055,427.8,40.6,0.67316067
876.9,3957.4,-12.9,0.1,3.4702441,428,40.6,0.67300787
878.9,3957,2,-0.4,3.4778073,428.3,40.6,0.67277867
879.8,3956.7,0.9,-0.3,3.4811047,428.5,40.6,0.67262587
876.9,3956.5,-2.9,-0.2,3.4694548,428.8,40.6,0.67239667
873.9,3956.4,-3,-0.1,3.457498,429,40.6,0.67224387
890.7,3955.5,16.8,-0.9,3.5231638,429.2,40.6,0.67209107
885,3955.5,-5.7,0,3.5006175,429.5,40.6,0.67186187
875.9,3955.5,-9.1,0,3.4646224,429.7,40.6,0.67170907
877.8,3955.1,1.9,-0.4,3.4717868,430,40.6,0.67147987
884.9,3954.7,7.1,-0.4,3.499514,430.2,40.6,0.67132707
871.9,3954.9,-13,0.2,3.4482773,430.5,40.6,0.67109787
886.8,3954.1,14.9,-0.8,3.5064959,430.7,40.6,0.67094507
870.9,3954.4,-15.9,0.3,3.443887,431,40.6,0.67071587
882.8,3953.8,11.9,-0.6,3.4904146,431.2,40.6,0.67056307
887.8,3953.4,5,-0.4,3.5098285,431.4,40.6,0.67041027
880.9,3953.4,-6.9,0,3.4825501,431.7,40.6,0.67018107
884.9,3953.1,4,-0.3,3.4980982,431.9,40.6,0.67002827
880.8,3953.1,-4.1,0,3.4818905,432.2,40.6,0.66979907
889.9,3952.5,9.1,-0.6,3.5173298,432.4,40.6,0.66964627
881.9,3952.6,-8,0.1,3.4857979,432.7,40.6,0.66941707
891.8,3952.1,9.9,-0.5,3.5244828,432.9,40.6,0.66926427
889.9,3951.9,-1.9,-0.2,3.5167958,433.2,40.6,0.66903507
888.9,3951.8,-1,-0.1,3.512755,433.4,40.6,0.66888227
881.9,3951.8,-7,0,3.4850924,433.7,40.6,0.66865307
876.9,3951.8,-5,0,3.4653334,433.9,40.6,0.66850027
880.9,3951.5,4,-0.3,3.4808763,434.1,40.6,0.66834747
877.9,3951.4,-3,-0.1,3.4689341,434.4,40.6,0.66811827
882.8,3951.1,4.9,-0.3,3.4880311,434.6,40.6,0.66796547
867.9,3951.4,-14.9,0.3,3.4294201,434.9,40.6,0.66773627
880.9,3950.8,13,-0.6,3.4802597,435.1,40.6,0.66758347
882.9,3950.6,2,-0.2,3.4879847,435.4,40.6,0.66735427
883.9,3950.4,1,-0.2,3.4917586,435.6,40.6,0.66720147
874.9,3950.5,-9,0.1,3.4562924,435.9,40.6,0.66697227
896.8,3949.6,21.9,-0.9,3.5420013,436.1,40.6,0.66681947
893.9,3949.5,-2.9,-0.1,3.5304581,436.4,40.6,0.66659027
889.9,3949.5,-4,0,3.5146601,436.6,40.6,0.66643747
888.9,3949.4,-1,-0.1,3.5106217,436.8,40.6,0.66628467
887,3949.3,-1.9,-0.1,3.5030291,437.1,40.6,0.66605547
888.9,3949.1,1.9,-0.2,3.510355,437.3,40.6,0.66590267
863.9,3949.8,-25,0.7,3.4122322,437.6,40.6,0.66567347
876.9,3949.2,13,-0.6,3.4630535,437.8,40.6,0.66552067
879.9,3949,3,-0.2,3.4747251,438.1,40.6,0.66529147
878.9,3948.9,-1,-0.1,3.4706882,438.3,40.6,0.66513867
888.9,3948.4,10,-0.5,3.5097328,438.6,40.6,0.66490947
885.9,3948.3,-3,-0.1,3.497799,438.8,40.6,0.66475667
884.9,3948.2,-1,-0.1,3.4937622,439,40.6,0.66460387
883.9,3948.1,-1,-0.1,3.4897256,439.3,40.6,0.66437467
891.9,3947.8,8,-0.3,3.5210428,439.5,40.6,0.66422187
877.9,3948.1,-14,0.3,3.466037,439.8,40.6,0.66399267
884.9,3947.7,7,-0.4,3.4933197,440,40.6,0.66383987
884.9,3947.6,0,-0.1,3.4932312,440.3,40.6,0.66361067
879.9,3947.6,-5,0,3.4734932,440.5,40.6,0.66345787
889.9,3947.2,10,-0.4,3.5126133,440.8,40.6,0.66322867
882.8,3947.3,-7.1,0.1,3.4846764,441,40.6,0.66307587
875.8,3947.4,-7,0.1,3.4571329,441.3,40.6,0.66284667
885.8,3946.9,10,-0.5,3.496164,441.5,40.6,0.66269387
869.9,3947.4,-15.9,0.5,3.4338433,441.7,40.6,0.66254107
883.9,3946.8,14,-0.6,3.4885765,442,40.6,0.66231186
889.9,3946.4,6,-0.4,3.5119014,442.2,40.6,0.66215906
891.9,3946.3,2,-0.1,3.519705,442.5,40.6,0.66192986
870,3946.8,-21.9,0.5,3.433716,442.7,40.6,0.66177706
882.9,3946.3,12.9,-0.5,3.4841883,443,40.6,0.66154786
893.9,3945.9,11,-0.4,3.52724,443.2,40.6,0.66139506
884.9,3946,-9,0.1,3.4918154,443.5,40.6,0.66116586
881.8,3946,-3.1,0,3.4795828,443.7,40.6,0.66101306
877.8,3946,-4,0,3.4637988,444,40.6,0.66078386
880.8,3945.8,3,-0.2,3.4754606,444.2,40.6,0.66063106
885.9,3945.6,5.1,-0.2,3.495407,444.4,40.6,0.66047826
889.8,3945.3,3.9,-0.3,3.5105279,444.7,40.6,0.66024906
876,3945.7,-13.8,0.4,3.4564332,444.9,40.6,0.66009626
873.9,3945.6,-2.1,-0.1,3.4480598,445.2,40.6,0.65986706
879.8,3945.4,5.9,-0.2,3.4711629,445.4,40.6,0.65971426
882.8,3945.2,3,-0.2,3.4828226,445.7,40.6,0.65948506
880.9,3945.1,-1.9,-0.1,3.4752386,445.9,40.6,0.65933226
874,3945.3,-6.9,0.2,3.4481922,446.2,40.6,0.65910306
884.9,3944.7,10.9,-0.6,3.490665,446.4,40.6,0.65895026
864.9,3945.3,-20,0.6,3.41229,446.6,40.6,0.65879746
881.8,3944.7,16.9,-0.6,3.4784365,446.9,40.6,0.65856826
884.9,3944.4,3.1,-0.3,3.4903996,447.1,40.6,0.65841546
879.9,3944.5,-5,0.1,3.4707656,447.4,40.6,0.65818626
873.9,3944.6,-6,0.1,3.4471859,447.6,40.6,0.65803346
440.9,3959.2,-433,14.6,1.7456113,447.7,40.6,0.65795706
0,3974.1,-440.9,14.9,0,447.7,40.6,0.65795706
0,3975.2,0,1.1,0,447.7,40.6,0.65795706
0,3976.1,0,0.9,0,447.7,40.6,0.65795706
0,3976.8,0,0.7,0,447.7,40.6,0.65795706
0,3977.4,0,0.6,0,447.7,40.6,0.65795706
0,3978.1,0,0.7,0,447.7,40.6,0.65795706
0,3978.7,0,0.6,0,447.7,40.6,0.65795706
0,3979.2,0,0.5,0,447.7,40.6,0.65795706
0,3979.7,0,0.5,0,447.7,40.6,0.65795706
0,3980.2,0,0.5,0,447.7,40.6,0.65795706
0,3980.6,0,0.4,0,447.7,40.6,0.65795706
0,3981,0,0.4,0,447.7,40.6,0.65795706
0,3981.4,0,0.4,0,447.7,40.6,0.65795706
0,3981.9,0,0.5,0,447.7,40.6,0.65795706
0,3982.2,0,0.3,0,447.7,40.6,0.65795706
0,3982.5,0,0.3,0,447.7,40.6,0.65795706
0,3982.9,0,0.4,0,447.7,40.6,0.65795706
0,3983.3,0,0.4,0,447.7,40.6,0.65795706
0,3983.6,0,0.3,0,447.7,40.6,0.65795706
0,3983.9,0,0.3,0,447.7,40.6,0.65795706
0,3984.1,0,0.2,0,447.7,40.6,0.65795706
0,3984.4,0,0.3,0,447.7,40.6,0.65795706
0,3984.7,0,0.3,0,447.7,40.6,0.65795706
0,3984.9,0,0.2,0,447.7,40.6,0.65795706
0,3985.2,0,0.3,0,447.7,40.6,0.65795706
0,3985.5,0,0.3,0,447.7,40.6,0.65795706
0,3985.7,0,0.2,0,447.7,40.6,0.65795706
0,3985.9,0,0.2,0,447.7,40.6,0.65795706
0,3986.1,0,0.2,0,447.7,40.6,0.65795706
0,3986.4,0,0.3,0,447.7,40.6,0.65795706
0,3986.6,0,0.2,0,447.7,40.6,0.65795706
0,3986.8,0,0.2,0,447.7,40.6,0.65795706
0,3987,0,0.2,0,447.7,40.6,0.65795706
0,3987.2,0,0.2,0,447.7,40.6,0.65795706
0,3987.3,0,0.1,0,447.7,40.6,0.65795706
0,3987.5,0,0.2,0,447.7,40.6,0.65795706
0,3987.7,0,0.2,0,447.7,40.6,0.65795706
0,3987.9,0,0.2,0,447.7,40.6,0.65795706
0,3988,0,0.1,0,447.7,40.6,0.65795706
0,3988.2,0,0.2,0,447.7,40.6,0.65795706
0,3988.3,0,0.1,0,447.7,40.6,0.65795706
0,3988.5,0,0.2,0,447.7,40.6,0.65795706
0,3988.6,0,0.1,0,447.7,40.6,0.65795706
0,3988.8,0,0.2,0,447.7,40.6,0.65795706
0,3988.9,0,0.1,0,447.7,40.6,0.65795706
0,3989,0,0.1,0,447.7,40.6,0.65795706
0,3989.2,0,0.2,0,447.7,40.6,0.65795706
0,3989.3,0,0.1,0,447.7,40.6,0.65795706
0,3989.4,0,0.1,0,447.7,40.6,0.65795706
0,3989.6,0,0.2,0,447.7,40.6,0.65795706
0,3989.6,0,0,0,447.7,40.6,0.65795706
0,3989.7,0,0.1,0,447.7,40.6,0.65795706
0,3989.9,0,0.2,0,447.7,40.6,0.65795706
0,3990,0,0.1,0,447.7,40.6,0.65795706
0,3990.1,0,0.1,0,447.7,40.6,0.65795706
0,3990.2,0,0.1,0,447.7,40.6,0.65795706
0,3990.3,0,0.1,0,447.7,40.6,0.65795706
0,3990.4,0,0.1,0,447.7,40.6,0.65795706
0,3990.5,0,0.1,0,447.7,40.6,0.65795706
0,3990.6,0,0.1,0,447.7,40.6,0.65795706
0,3990.7,0,0.1,0,447.7,40.6,0.65795706
0,3990.8,0,0.1,0,447.7,40.6,0.65795706
0,3990.8,0,0,0,447.7,40.6,0.65795706
0,3990.9,0,0.1,0,447.7,40.6,0.65795706
0,3991,0,0.1,0,447.7,40.6,0.65795706
0,3991.1,0,0.1,0,447.7,40.6,0.65795706
0,3991.1,0,0,0,447.7,40.6,0.65795706
0,3991.2,0,0.1,0,447.7,40.6,0.65795706
0,3991.3,0,0.1,0,447.7,40.6,0.65795706
0,3991.4,0,0.1,0,447.7,40.6,0.65795706
0,3991.5,0,0.1,0,447.7,40.6,0.65795706
0,3991.5,0,0,0,447.7,40.6,0.65795706
0,3991.6,0,0.1,0,447.7,40.6,0.65795706
0,3991.7,0,0.1,0,447.7,40.6,0.65795706
0,3991.7,0,0,0,447.7,40.6,0.65795706
0,3991.8,0,0.1,0,447.7,40.6,0.65795706
0,3991.9,0,0.1,0,447.7,40.6,0.65795706
0,3992,0,0.1,0,447.7,40.6,0.65795706
0,3992,0,0,0,447.7,40.6,0.65795706
0,3992.1,0,0.1,0,447.7,40.6,0.65795706
0,3992.1,0,0,0,447.7,40.6,0.65795706
0,3992.2,0,0.1,0,447.7,40.6,0.65795706
0,3992.3,0,0.1,0,447.7,40.6,0.65795706
0,3992.3,0,0,0,447.7,40.6,0.65795706
0,3992.3,0,0,0,447.7,40.6,0.65795706
0,3992.4,0,0.1,0,447.7,40.6,0.65795706
0,3992.5,0,0.1,0,447.7,40.6,0.65795706
0,3992.5,0,0,0,447.7,40.6,0.65795706
0,3992.6,0,0.1,0,447.7,40.6,0.65795706
0,3992.6,0,0,0,447.7,40.6,0.65795706
0,3992.7,0,0.1,0,447.7,40.6,0.65795706
0,3992.7,0,0,0,447.7,40.6,0.65795706
0,3992.7,0,0,0,447.7,40.6,0.65795706
0,3992.8,0,0.1,0,447.7,40.6,0.65795706
0,3992.9,0,0.1,0,447.7,40.6,0.65795706
0,3992.9,0,0,0,447.7,40.6,0.65795706
0,3992.9,0,0,0,447.7,40.6,0.65795706
0,3993,0,0.1,0,447.7,40.5,0.65795706
0,3993,0,0,0,447.7,40.5,0.65795706
0,3993.1,0,0.1,0,447.7,40.5,0.65795706
0,3993.1,0,0,0,447.7,40.5,0.65795706
0,3993.2,0,0.1,0,447.7,40.5,0.65795706
0,3993.2,0,0,0,447.7,40.5,0.65795706
0,3993.3,0,0.1,0,447.7,40.5,0.65795706
0,3993.3,0,0,0,447.7,40.5,0.65795706
0,3993.3,0,0,0,447.7,40.5,0.65795706
0,3993.4,0,0.1,0,447.7,40.5,0.65795706
0,3993.4,0,0,0,447.7,40.5,0.65795706
0,3993.5,0,0.1,0,447.7,40.5,0.65795706
0,3993.5,0,0,0,447.7,40.5,0.65795706
0,3993.6,0,0.1,0,447.7,40.5,0.65795706
0,3993.6,0,0,0,447.7,40.5,0.65795706
0,3993.6,0,0,0,447.7,40.5,0.65795706
0,3993.6,0,0,0,447.7,40.5,0.65795706
0,3993.7,0,0.1,0,447.7,40.5,0.65795706
0,3993.7,0,0,0,447.7,40.5,0.65795706
0,3993.7,0,0,0,447.7,40.5,0.65795706
0,3993.8,0,0.1,0,447.7,40.5,0.65795706
0,3993.8,0,0,0,447.7,40.5,0.65795706
0,3993.9,0,0.1,0,447.7,40.5,0.65795706
0,3993.9,0,0,0,447.7,40.5,0.65795706
0,3993.9,0,0,0,447.7,40.5,0.65795706
0,3994,0,0.1,0,447.7,40.5,0.65795706
0,3994,0,0,0,447.7,40.5,0.65795706
0,3994,0,0,0,447.7,40.5,0.65795706
0,3994.1,0,0.1,0,447.7,40.5,0.65795706
0,3994.1,0,0,0,447.7,40.5,0.65795706
0,3994.1,0,0,0,447.7,40.5,0.65795706
0,3994.1,0,0,0,447.7,40.5,0.65795706
0,3994.2,0,0.1,0,447.7,40.5,0.65795706
0,3994.2,0,0,0,447.7,40.5,0.65795706
0,3994.2,0,0,0,447.7,40.5,0.65795706
0,3994.3,0,0.1,0,447.7,40.5,0.65795706
0,3994.3,0,0,0,447.7,40.5,0.65795706
0,3994.3,0,0,0,447.7,40.5,0.65795706
0,3994.4,0,0.1,0,447.7,40.5,0.65795706
0,3994.4,0,0,0,447.7,40.5,0.65795706
0,3994.4,0,0,0,447.7,40.5,0.65795706
0,3994.4,0,0,0,447.7,40.5,0.65795706
0,3994.4,0,0,0,447.7,40.5,0.65795706
0,3994.4,0,0,0,447.7,40.5,0.65795706
0,3994.5,0,0.1,0,447.7,40.5,0.65795706
0,3994.5,0,0,0,447.7,40.5,0.65795706
0,3994.6,0,0.1,0,447.7,40.5,0.65795706
0,3994.6,0,0,0,447.7,40.5,0.65795706
0,3994.6,0,0,0,447.7,40.5,0.65795706
0,3994.6,0,0,0,447.7,40.5,0.65795706
0,3994.6,0,0,0,447.7,40.5,0.65795706
0,3994.7,0,0.1,0,447.7,40.5,0.65795706
0,3994.7,0,0,0,447.7,40.5,0.65795706
0,3994.7,0,0,0,447.7,40.5,0.65795706
0,3994.7,0,0,0,447.7,40.5,0.65795706
0,3994.7,0,0,0,447.7,40.5,0.65795706
0,3994.8,0,0.1,0,447.7,40.5,0.65795706
0,3994.8,0,0,0,447.7,40.5,0.65795706
0,3994.8,0,0,0,447.7,40.5,0.65795706
0,3994.8,0,0,0,447.7,40.5,0.65795706
0,3994.9,0,0.1,0,447.7,40.5,0.65795706
0,3994.9,0,0,0,447.7,40.5,0.65795706
0,3994.9,0,0,0,447.7,40.5,0.65795706
0,3994.9,0,0,0,447.7,40.5,0.65795706
0,3995,0,0.1,0,447.7,40.5,0.65795706
0,3995,0,0,0,447.7,40.5,0.65795706
0,3995,0,0,0,447.7,40.5,0.65795706
0,3995,0,0,0,447.7,40.5,0.65795706
0,3995.1,0,0.1,0,447.7,40.5,0.65795706
0,3995,0,-0.1,0,447.7,40.5,0.65795706
0,3995.1,0,0.1,0,447.7,40.5,0.65795706
0,3995.1,0,0,0,447.7,40.5,0.65795706
0,3995.2,0,0.1,0,447.7,40.5,0.65795706
0,3995.2,0,0,0,447.7,40.5,0.65795706
0,3995.2,0,0,0,447.7,40.5,0.65795706
0,3995.2,0,0,0,447.7,40.5,0.65795706
0,3995.2,0,0,0,447.7,40.5,0.65795706
0,3995.3,0,0.1,0,447.7,40.5,0.65795706
0,3995.2,0,-0.1,0,447.7,40.5,0.65795706
0,3995.3,0,0.1,0,447.7,40.5,0.65795706
0,3995.3,0,0,0,447.7,40.5,0.65795706
0,3995.3,0,0,0,447.7,40.5,0.65795706
0,3995.3,0,0,0,447.7,40.5,0.65795706
0,3995.3,0,0,0,447.7,40.5,0.65795706
0,3995.3,0,0,0,447.7,40.5,0.65795706
0,3995.4,0,0.1,0,447.7,40.5,0.65795706
0,3995.4,0,0,0,447.7,40.5,0.65795706
0,3995.4,0,0,0,447.7,40.5,0.65795706
0,3995.4,0,0,0,447.7,40.5,0.65795706
0,3995.5,0,0.1,0,447.7,40.5,0.65795706
0,3995.4,0,-0.1,0,447.7,40.5,0.65795706
0,3995.5,0,0.1,0,447.7,40.5,0.65795706
0,3995.5,0,0,0,447.7,40.5,0.65795706
0,3995.5,0,0,0,447.7,40.5,0.65795706
0,3995.5,0,0,0,447.7,40.5,0.65795706
0,3995.5,0,0,0,447.7,40.5,0.65795706
0,3995.6,0,0.1,0,447.7,40.5,0.65795706
0,3995.6,0,0,0,447.7,40.5,0.65795706
0,3995.6,0,0,0,447.7,40.5,0.65795706
0,3995.6,0,0,0,447.7,40.5,0.65795706
0,3995.6,0,0,0,447.7,40.5,0.65795706
0,3995.6,0,0,0,447.7,40.5,0.65795706
0,3995.7,0,0.1,0,447.7,40.5,0.65795706
0,3995.7,0,0,0,447.7,40.5,0.65795706
0,3995.7,0,0,0,447.7,40.5,0.65795706
0,3995.7,0,0,0,447.7,40.5,0.65795706
0,3995.7,0,0,0,447.7,40.5,0.65795706
0,3995.7,0,0,0,447.7,40.5,0.65795706
0,3995.8,0,0.1,0,447.7,40.5,0.65795706
0,3995.8,0,0,0,447.7,40.5,0.65795706
0,3995.8,0,0,0,447.7,40.5,0.65795706
0,3995.9,0,0.1,0,447.7,40.5,0.65795706
0,3995.9,0,0,0,447.7,40.5,0.65795706
0,3995.8,0,-0.1,0,447.7,40.5,0.65795706
0,3995.9,0,0.1,0,447.7,40.5,0.65795706
0,3995.9,0,0,0,447.7,40.5,0.65795706
0,3995.9,0,0,0,447.7,40.5,0.65795706
0,3995.9,0,0,0,447.7,40.5,0.65795706
0,3995.9,0,0,0,447.7,40.5,0.65795706
0,3995.9,0,0,0,447.7,40.5,0.65795706
0,3996,0,0.1,0,447.7,40.5,0.65795706
0,3996,0,0,0,447.7,40.5,0.65795706
794.9,3969.7,794.9,-26.3,3.1555145,448,40.5,0.65772786
1586.7,3941.7,791.8,-28,6.2542954,448.4,40.5,0.65742226
1592.8,3939.3,6.1,-2.4,6.274517,448.8,40.5,0.65711666
1590.8,3937.6,-2,-1.7,6.2639341,449.3,40.5,0.65673466
1585.8,3936.2,-5,-1.4,6.242026,449.7,40.5,0.65642906
1584.8,3934.8,-1,-1.4,6.235871,450.2,40.5,0.65604706
1585.8,3933.5,1,-1.3,6.2377443,450.6,40.5,0.65574146
1592.8,3932,7,-1.5,6.2628896,451.1,40.5,0.65535946
1586.8,3931.1,-6,-0.9,6.2378695,451.5,40.5,0.65505386
1588.7,3929.9,1.9,-1.2,6.2434321,451.9,40.5,0.65474826
1583.7,3929,-5,-0.9,6.2223573,452.4,40.5,0.65436626
1578.9,3928.2,-4.8,-0.8,6.202235,452.8,40.5,0.65406066
1592.7,3926.8,13.8,-1.4,6.2542144,453.3,40.5,0.65367866
1590.8,3925.9,-1.9,-0.9,6.2453217,453.7,40.5,0.65337306
1586.7,3925.2,-4.1,-0.7,6.2281148,454.1,40.5,0.65306746
1587.7,3924.4,1,-0.8,6.2307699,454.6,40.5,0.65268546
1598.7,3923.1,11,-1.3,6.27186,455,40.5,0.65237986
1597.7,3922.4,-1,-0.7,6.2668185,455.5,40.5,0.65199786
1592.7,3921.8,-5,-0.6,6.2462509,455.9,40.5,0.65169226
1587.7,3921.3,-5,-0.5,6.225848,456.4,40.5,0.65131026
1589.7,3920.5,2,-0.8,6.2324188,456.8,40.5,0.65100466
1598.8,3919.5,9.1,-1,6.2664966,457.2,40.5,0.65069906
1593.8,3919.1,-5,-0.4,6.2462616,457.7,40.5,0.65031706
1570.8,3919.2,-23,0.1,6.1562794,458.1,40.5,0.65001146
1586.8,3918.1,16,-1.1,6.2172411,458.6,40.5,0.64962946
1594.8,3917.2,8,-0.9,6.2471506,459,40.5,0.64932386
1597.8,3916.5,3,-0.7,6.2577837,459.4,40.5,0.64901826
1587.8,3916.3,-10,-0.2,6.2183011,459.9,40.5,0.64863626
1597.8,3915.4,10,-0.9,6.2560261,460.3,40.5,0.64833066
1599.8,3914.8,2,-0.6,6.262897,460.8,40.5,0.64794866
1589.8,3914.6,-10,-0.2,6.2234311,461.2,40.5,0.64764306
1582.8,3914.3,-7,-0.3,6.195554,461.7,40.5,0.64726106
1593.8,3913.4,11,-0.9,6.2371769,462.1,40.5,0.64695546
1597.8,3912.8,4,-0.6,6.2518718,462.5,40.5,0.64664986
1598.8,3912.3,1,-0.5,6.2549852,463,40.5,0.64626786
1594.8,3912,-4,-0.3,6.2388576,463.4,40.5,0.64596226
1587.8,3911.8,-7,-0.2,6.211156,463.9,40.5,0.64558026
1599.8,3910.9,12,-0.9,6.2566578,464.3,40.5,0.64527466
1590.8,3910.8,-9,-0.1,6.2213006,464.8,40.5,0.64489266
1572.7,3911,-18.1,0.2,6.1508297,465.2,40.5,0.64458706
1588.7,3910,16,-1,6.211817,465.6,40.5,0.64428146
1599.7,3909.2,11,-0.8,6.2535472,466.1,40.5,0.64389946
1581.8,3909.5,-17.9,0.3,6.1840471,466.5,40.5,0.64359386
1600.7,3908.4,18.9,-1.1,6.2561759,467,40.5,0.64321186
1585.8,3908.5,-14.9,0.1,6.1980993,467.4,40.5,0.64290626
1594.7,3907.9,8.9,-0.6,6.2319281,467.8,40.5,0.64260066
1579.9,3908,-14.8,0.1,6.1742492,468.3,40.6,0.64221866
1589.8,3907.3,9.9,-0.7,6.2118255,468.7,40.6,0.64191306
1587.9,3907.1,-1.9,-0.2,6.2040841,469.2,40.6,0.64153106
1577.7,3907.1,-10.2,0,6.1642317,469.6,40.6,0.64122546
1594.8,3906.1,17.1,-1,6.2294483,470,40.6,0.64091986
1593.8,3905.8,-1,-0.3,6.225064,470.5,40.6,0.64053786
1601.8,3905.2,8,-0.6,6.2553494,470.9,40.6,0.64023226
1583.8,3905.5,-18,0.3,6.1855309,471.4,40.6,0.63985026
1591.8,3904.9,8,-0.6,6.2158198,471.8,40.6,0.63954466
1583.7,3904.8,-8.1,-0.1,6.1840318,472.3,40.6,0.63916266
1592.8,3904.2,9.1,-0.6,6.2186098,472.7,40.6,0.63885706
1579.8,3904.3,-13,0.1,6.1680131,473.1,40.6,0.63855146
1596.7,3903.5,16.9,-0.8,6.2327185,473.6,40.6,0.63816946
1586.8,3903.5,-9.9,0,6.1940738,474,40.6,0.63786386
1604.8,3902.6,18,-0.9,6.2628925,474.5,40.6,0.63748185
1584.8,3902.9,-20,0.3,6.1853159,474.9,40.6,0.63717625
1586.8,3902.6,2,-0.3,6.1926457,475.4,40.6,0.63679425
1598.8,3901.9,12,-0.7,6.2383577,475.8,40.6,0.63648865
1598.8,3901.6,0,-0.3,6.2378781,476.2,40.6,0.63618305
1595.8,3901.4,-3,-0.2,6.2258541,476.7,40.6,0.63580105
1588.8,3901.3,-7,-0.1,6.1983854,477.1,40.6,0.63549545
1594.8,3900.9,6,-0.4,6.2211553,477.6,40.6,0.63511345
1593.9,3900.7,-0.9,-0.2,6.2173257,478,40.6,0.63480785
1591.9,3900.4,-2,-0.3,6.2090468,478.5,40.6,0.63442585
1586.9,3900.4,-5,0,6.1895448,478.9,40.6,0.63412025
1590.9,3899.9,4,-0.5,6.2043509,479.3,40.6,0.63381465
1574.9,3900.2,-16,0.3,6.142425,479.8,40.6,0.63343265
1590.8,3899.5,15.9,-0.7,6.2033246,480.2,40.6,0.63312705
1580.8,3899.5,-10,0,6.1643296,480.7,40.6,0.63274505
1579.8,3899.3,-1,-0.2,6.1601141,481.1,40.6,0.63243945
1607.8,3898.1,28,-1.2,6.2673652,481.5,40.6,0.63213385
1586.8,3898.5,-21,0.4,6.1861398,482,40.6,0.63175185
1585.8,3898.3,-1,-0.2,6.1819241,482.4,40.6,0.63144625
1593.7,3897.8,7.9,-0.5,6.2119239,482.9,40.6,0.63106425
1586.7,3897.8,-7,0,6.1846393,483.3,40.6,0.63075865
1590.7,3897.4,4,-0.4,6.1995942,483.7,40.6,0.63045305
1587.7,3897.3,-3,-0.1,6.1877432,484.2,40.6,0.63007105
1581.7,3897.3,-6,0,6.1643594,484.6,40.6,0.62976545
1583.7,3897,2,-0.3,6.1716789,485.1,40.6,0.62938345
1586.7,3896.6,3,-0.4,6.1827352,485.5,40.6,0.62907785
1596.7,3896,10,-0.6,6.2207432,485.9,40.6,0.62877225
1592.9,3895.9,-3.8,-0.1,6.2057791,486.4,40.6,0.62839025
1584.8,3896,-8.1,0.1,6.1743808,486.8,40.6,0.62808465
1585.9,3895.7,1.1,-0.3,6.1781906,487.3,40.6,0.62770265
1595.8,3895.2,9.9,-0.5,6.2159602,487.7,40.6,0.62739705
1580.9,3895.4,-14.9,0.2,6.1582379,488.2,40.6,0.62701505
1598.8,3894.6,17.9,-0.8,6.2266865,488.6,40.6,0.62670945
1586.8,3894.7,-12,0.1,6.18011,489,40.6,0.62640385
1601.8,3894,15,-0.7,6.2374092,489.5,40.6,0.62602185
1591.8,3894.1,-10,0.1,6.1986284,489.9,40.6,0.62571625
1590.8,3893.9,-1,-0.2,6.1944161,490.4,40.6,0.62533425
1592.7,3893.6,1.9,-0.3,6.2013367,490.8,40.6,0.62502865
1593.8,3893.4,1.1,-0.2,6.2053009,491.3,40.6,0.62464665
1593.8,3893.2,0,-0.2,6.2049822,491.7,40.6,0.62434105
1600.7,3892.7,6.9,-0.5,6.2310449,492.1,40.6,0.62403545
1582.8,3893.1,-17.9,0.4,6.1619987,492.6,40.6,0.62365345
1588.8,3892.7,6,-0.4,6.1847218,493,40.6,0.62334785
1596.9,3892.2,8.1,-0.5,6.2154542,493.5,40.6,0.62296585
1597.8,3892,0.9,-0.2,6.2186376,493.9,40.6,0.62266025
1597.8,3891.7,0,-0.3,6.2181583,494.4,40.6,0.62227825
1584.8,3891.9,-13,0.2,6.1678831,494.8,40.6,0.62197265
1594.8,3891.4,10,-0.5,6.2060047,495.2,40.6,0.62166705
1589.7,3891.3,-5.1,-0.1,6.1859996,495.7,40.6,0.62128505
1594.7,3891,5,-0.3,6.2049777,496.1,40.6,0.62097945
1589.8,3890.9,-4.9,-0.1,6.1857528,496.6,40.6,0.62059745
1577.8,3891.1,-12,0.2,6.1393776,497,40.6,0.62029185
1595.8,3890.3,18,-0.8,6.2081407,497.4,40.6,0.61998625
1584.8,3890.5,-11,0.2,6.1656644,497.9,40.6,0.61960425
1593.8,3890,9,-0.5,6.199882,498.3,40.6,0.61929865
1588.8,3889.9,-5,-0.1,6.1802731,498.8,40.6,0.61891665
1591.8,3889.6,3,-0.3,6.1914653,499.2,40.6,0.61861105
1594.7,3889.3,2.9,-0.3,6.2022667,499.7,40.6,0.61822905
1585.8,3889.4,-8.9,0.1,6.1678105,500.1,40.6,0.61792345
1598.8,3888.7,13,-0.7,6.2172536,500.5,40.6,0.61761785
795,3915.9,-803.8,27.2,3.1131405,500.8,40.6,0.61738865
0,3943.5,-795,27.6,0,500.8,40.6,0.61738865
0,3945.6,0,2.1,0,500.8,40.6,0.61738865
0,3947.3,0,1.7,0,500.8,40.6,0.61738865
0,3948.6,0,1.3,0,500.8,40.6,0.61738865
0,3949.9,0,1.3,0,500.8,40.6,0.61738865
0,3951.1,0,1.2,0,500.8,40.6,0.61738865
0,3952.2,0,1.1,0,500.8,40.6,0.61738865
0,3953.2,0,1,0,500.8,40.6,0.61738865
0,3954.1,0,0.9,0,500.8,40.6,0.61738865
0,3955,0,0.9,0,500.8,40.6,0.61738865
0,3955.9,0,0.9,0,500.8,40.6,0.61738865
0,3956.6,0,0.7,0,500.8,40.6,0.61738865
0,3957.4,0,0.8,0,500.8,40.6,0.61738865
0,3958.1,0,0.7,0,500.8,40.6,0.61738865
0,3958.9,0,0.8,0,500.8,40.6,0.61738865
0,3959.5,0,0.6,0,500.8,40.6,0.61738865
0,3960.2,0,0.7,0,500.8,40.6,0.61738865
0,3960.8,0,0.6,0,500.8,40.6,0.61738865
0,3961.4,0,0.6,0,500.8,40.6,0.61738865
0,3961.9,0,0.5,0,500.8,40.6,0.61738865
0,3962.5,0,0.6,0,500.8,40.6,0.61738865
0,3963,0,0.5,0,500.8,40.6,0.61738865
0,3963.5,0,0.5,0,500.8,40.6,0.61738865
0,3964,0,0.5,0,500.8,40.6,0.61738865
0,3964.5,0,0.5,0,500.8,40.6,0.61738865
0,3964.9,0,0.4,0,500.8,40.6,0.61738865
0,3965.3,0,0.4,0,500.8,40.6,0.61738865
0,3965.7,0,0.4,0,500.8,40.6,0.61738865
0,3966.1,0,0.4,0,500.8,40.6,0.61738865
0,3966.5,0,0.4,0,500.8,40.6,0.61738865
0,3966.9,0,0.4,0,500.8,40.6,0.61738865
0,3967.3,0,0.4,0,500.8,40.6,0.61738865
0,3967.6,0,0.3,0,500.8,40.6,0.61738865
0,3968,0,0.4,0,500.8,40.6,0.61738865
0,3968.3,0,0.3,0,500.8,40.6,0.61738865
0,3968.6,0,0.3,0,500.8,40.6,0.61738865
0,3968.9,0,0.3,0,500.8,40.6,0.61738865
0,3969.2,0,0.3,0,500.8,40.6,0.61738865
0,3969.5,0,0.3,0,500.8,40.6,0.61738865
0,3969.8,0,0.3,0,500.8,40.6,0.61738865
0,3970.1,0,0.3,0,500.8,40.6,0.61738865
0,3970.3,0,0.2,0,500.8,40.6,0.61738865
0,3970.6,0,0.3,0,500.8,40.6,0.61738865
0,3970.9,0,0.3,0,500.8,40.6,0.61738865
0,3971.1,0,0.2,0,500.8,40.6,0.61738865
0,3971.3,0,0.2,0,500.8,40.6,0.61738865
0,3971.6,0,0.3,0,500.8,40.6,0.61738865
0,3971.8,0,0.2,0,500.8,40.6,0.61738865
0,3972,0,0.2,0,500.8,40.6,0.61738865
0,3972.2,0,0.2,0,500.8,40.6,0.61738865
0,3972.4,0,0.2,0,500.8,40.6,0.61738865
0,3972.6,0,0.2,0,500.8,40.6,0.61738865
0,3972.8,0,0.2,0,500.8,40.6,0.61738865
0,3973,0,0.2,0,500.8,40.6,0.61738865
0,3973.2,0,0.2,0,500.8,40.6,0.61738865
0,3973.4,0,0.2,0,500.8,40.6,0.61738865
0,3973.5,0,0.1,0,500.8,40.6,0.61738865
0,3973.7,0,0.2,0,500.8,40.6,0.61738865
0,3973.9,0,0.2,0,500.8,40.6,0.61738865
0,3974.1,0,0.2,0,500.8,40.6,0.61738865
0,3974.2,0,0.1,0,500.8,40.6,0.61738865
0,3974.3,0,0.1,0,500.8,40.6,0.61738865
0,3974.5,0,0.2,0,500.8,40.6,0.61738865
0,3974.6,0,0.1,0,500.8,40.6,0.61738865
0,3974.8,0,0.2,0,500.8,40.6,0.61738865
0,3974.9,0,0.1,0,500.8,40.6,0.61738865
0,3975.1,0,0.2,0,500.8,40.6,0.61738865
0,3975.2,0,0.1,0,500.8,40.6,0.61738865
0,3975.3,0,0.1,0,500.8,40.6,0.61738865
0,3975.5,0,0.2,0,500.8,40.6,0.61738865
0,3975.6,0,0.1,0,500.8,40.6,0.61738865
0,3975.7,0,0.1,0,500.8,40.6,0.61738865
0,3975.8,0,0.1,0,500.8,40.6,0.61738865
0,3975.9,0,0.1,0,500.8,40.6,0.61738865
0,3976.1,0,0.2,0,500.8,40.6,0.61738865
0,3976.2,0,0.1,0,500.8,40.6,0.61738865
0,3976.3,0,0.1,0,500.8,40.6,0.61738865
0,3976.4,0,0.1,0,500.8,40.6,0.61738865
0,3976.5,0,0.1,0,500.8,40.6,0.61738865
0,3976.6,0,0.1,0,500.8,40.6,0.61738865
0,3976.7,0,0.1,0,500.8,40.6,0.61738865
0,3976.8,0,0.1,0,500.8,40.6,0.61738865
0,3976.9,0,0.1,0,500.8,40.6,0.61738865
0,3977,0,0.1,0,500.8,40.6,0.61738865
0,3977.1,0,0.1,0,500.8,40.6,0.61738865
0,3977.2,0,0.1,0,500.8,40.6,0.61738865
0,3977.3,0,0.1,0,500.8,40.6,0.61738865
0,3977.4,0,0.1,0,500.8,40.6,0.61738865
0,3977.5,0,0.1,0,500.8,40.6,0.61738865
0,3977.5,0,0,0,500.8,40.6,0.61738865
0,3977.6,0,0.1,0,500.8,40.6,0.61738865
0,3977.7,0,0.1,0,500.8,40.6,0.61738865
0,3977.8,0,0.1,0,500.8,40.6,0.61738865
0,3977.9,0,0.1,0,500.8,40.6,0.61738865
0,3977.9,0,0,0,500.8,40.6,0.61738865
0,3978,0,0.1,0,500.8,40.6,0.61738865
0,3978.1,0,0.1,0,500.8,40.6,0.61738865
0,3978.2,0,0.1,0,500.8,40.6,0.61738865
0,3978.3,0,0.1,0,500.8,40.6,0.61738865
0,3978.3,0,0,0,500.8,40.6,0.61738865
0,3978.4,0,0.1,0,500.8,40.6,0.61738865
0,3978.5,0,0.1,0,500.8,40.6,0.61738865
0,3978.5,0,0,0,500.8,40.6,0.61738865
0,3978.6,0,0.1,0,500.8,40.6,0.61738865
0,3978.7,0,0.1,0,500.8,40.6,0.61738865
0,3978.7,0,0,0,500.8,40.6,0.61738865
0,3978.8,0,0.1,0,500.8,40.6,0.61738865
316.9,3968.7,316.9,-10.1,1.257681,500.8,40.6,0.61738865
632.8,3957.6,315.9,-11.1,2.5043693,501,40.6,0.61723585
617.9,3957.2,-14.9,-0.4,2.4451539,501.2,40.6,0.61708305
632.8,3956.1,14.9,-1.1,2.5034201,501.4,40.6,0.61693025
628.9,3955.6,-3.9,-0.5,2.4876768,501.5,40.6,0.61685385
634.9,3954.9,6,-0.7,2.510966,501.7,40.6,0.61670105
635.9,3954.4,1,-0.5,2.514603,501.9,40.6,0.61654825
628.9,3954.2,-7,-0.2,2.4867964,502.1,40.6,0.61639545
634,3953.6,5.1,-0.6,2.5065824,502.2,40.6,0.61631905
620.9,3953.6,-13.1,0,2.4547902,502.4,40.6,0.61616625
633.9,3952.8,13,-0.8,2.5056799,502.6,40.6,0.61601345
628.9,3952.6,-5,-0.2,2.4857901,502.8,40.6,0.61586065
634,3952,5.1,-0.6,2.505568,502.9,40.6,0.61578425
619.9,3952.1,-14.1,0.1,2.4499068,503.1,40.6,0.61563145
636.9,3951.3,17,-0.8,2.516583,503.3,40.6,0.61547865
619.9,3951.5,-17,0.2,2.4495349,503.5,40.6,0.61532585
625.8,3951,5.9,-0.5,2.4725358,503.6,40.6,0.61524945
636.9,3950.3,11.1,-0.7,2.5159461,503.8,40.6,0.61509665
634.8,3950.1,-2.1,-0.2,2.5075235,504,40.6,0.61494385
625.9,3950.2,-8.9,0.1,2.4724302,504.2,40.6,0.61479105
638.8,3949.4,12.9,-0.8,2.5228767,504.3,40.6,0.61471465
628,3949.5,-10.8,0.1,2.480286,504.5,40.6,0.61456185
634.8,3949,6.8,-0.5,2.5068252,504.7,40.6,0.61440905
649.9,3948.3,15.1,-0.7,2.5660002,504.9,40.6,0.61425625
622.9,3948.9,-27,0.6,2.4597698,505.1,40.6,0.61410345
633.9,3948.3,11,-0.6,2.5028274,505.2,40.6,0.61402705
633.9,3948.1,0,-0.2,2.5027006,505.4,40.6,0.61387425
632.9,3948,-1,-0.1,2.4986892,505.6,40.6,0.61372145
640.8,3947.4,7.9,-0.6,2.5294939,505.8,40.6,0.61356865
630.9,3947.6,-9.9,0.2,2.4905408,505.9,40.6,0.61349225
638.8,3947.1,7.9,-0.5,2.5214075,506.1,40.6,0.61333945
646.1,3946.6,7.3,-0.5,2.5498983,506.3,40.6,0.61318665
644,3946.5,-2.1,-0.1,2.541546,506.5,40.6,0.61303385
635.8,3946.6,-8.2,0.1,2.5092483,506.6,40.6,0.61295745
628,3946.7,-7.8,0.1,2.4785276,506.8,40.6,0.61280465
627.9,3946.5,-0.1,-0.2,2.4780073,507,40.6,0.61265185
631.9,3946.2,4,-0.3,2.4936038,507.2,40.6,0.61249904
628.9,3946.2,-3,0,2.4817652,507.3,40.6,0.61242264
630.9,3945.9,2,-0.3,2.4894683,507.5,40.6,0.61226984
633.9,3945.6,3,-0.3,2.5011158,507.7,40.6,0.61211704
647.8,3945,13.9,-0.6,2.555571,507.9,40.6,0.61196424
632.9,3945.3,-14.9,0.3,2.4969804,508.1,40.6,0.61181144
624.9,3945.5,-8,0.2,2.465543,508.2,40.6,0.61173504
625,3945.4,0.1,-0.1,2.465875,508.4,40.6,0.61158224
631.8,3945,6.8,-0.4,2.492451,508.6,40.6,0.61142944
625.9,3945,-5.9,0,2.4691755,508.7,40.6,0.61135304
636.9,3944.5,11,-0.5,2.5122521,508.9,40.6,0.61120024
628.9,3944.6,-8,0.1,2.4807589,509.1,40.6,0.61104744
625,3944.6,-3.9,0,2.465375,509.3,40.6,0.61089464
631.9,3944.2,6.9,-0.4,2.49234,509.4,40.6,0.61081824
623.9,3944.4,-8,0.2,2.4609112,509.6,40.6,0.61066544
623.9,3944.3,0,-0.1,2.4608488,509.8,40.6,0.61051264
625.9,3944.1,2,-0.2,2.4686122,510,40.6,0.61035984
634.8,3943.7,8.9,-0.4,2.5034608,510.1,40.6,0.61028344
636.9,3943.5,2.1,-0.2,2.5116151,510.3,40.6,0.61013064
642.9,3943.2,6,-0.3,2.5350833,510.5,40.6,0.60997784
646.8,3942.9,3.9,-0.3,2.5502677,510.7,40.6,0.60982504
630.9,3943.3,-15.9,0.4,2.487828,510.9,40.6,0.60967224
628.9,3943.3,-2,0,2.4799414,511,40.6,0.60959584
626.8,3943.2,-2.1,-0.1,2.4715978,511.2,40.6,0.60944304
637.9,3942.7,11.1,-0.5,2.5150483,511.4,40.6,0.60929024
632.8,3942.8,-5.1,0.1,2.4950038,511.6,40.6,0.60913744
636.8,3942.6,4,-0.2,2.5106477,511.7,40.6,0.60906104
637.9,3942.3,1.1,-0.3,2.5147932,511.9,40.6,0.60890824
633.9,3942.4,-4,0.1,2.4990874,512.1,40.6,0.60875544
629.9,3942.5,-4,0.1,2.4833807,512.3,40.6,0.60860264
631.9,3942.3,2,-0.2,2.4911394,512.4,40.6,0.60852624
628,3942.3,-3.9,0,2.4757644,512.6,40.6,0.60837344
622.8,3942.4,-5.2,0.1,2.4553267,512.8,40.6,0.60822064
625.8,3942.2,3,-0.2,2.4670288,513,40.6,0.60806784
624.9,3942.2,-0.9,0,2.4634808,513.1,40.6,0.60799144
628.8,3941.9,3.9,-0.3,2.4786667,513.3,40.6,0.60783864
624.9,3942,-3.9,0.1,2.4633558,513.5,40.6,0.60768584
616.9,3942.2,-8,0.2,2.4319432,513.7,40.6,0.60753304
632.9,3941.5,16,-0.7,2.4945753,513.8,40.6,0.60745664
632.8,3941.4,-0.1,-0.1,2.4941179,514,40.6,0.60730384
644.8,3940.9,12,-0.5,2.5410923,514.2,40.6,0.60715104
637,3941.1,-7.8,0.2,2.5104807,514.4,40.6,0.60699824
626.8,3941.4,-10.2,0.3,2.4704695,514.5,40.6,0.60692184
645.9,3940.6,19.1,-0.8,2.5452335,514.7,40.6,0.60676904
634.9,3940.9,-11,0.3,2.5020774,514.9,40.6,0.60661624
648.8,3940.3,13.9,-0.6,2.5564666,515.1,40.6,0.60646344
627,3941,-21.8,0.7,2.471007,515.2,40.6,0.60638704
635.9,3940.6,8.9,-0.4,2.5058275,515.4,40.6,0.60623424
629.9,3940.7,-6,0.1,2.4822469,515.6,40.6,0.60608144
630.9,3940.6,1,-0.1,2.4861245,515.8,40.6,0.60592864
648.9,3939.9,18,-0.7,2.5566011,516,40.6,0.60577584
640.8,3940.1,-8.1,0.2,2.5248161,516.1,40.6,0.60569944
632.1,3940.3,-8.7,0.2,2.4906636,516.3,40.6,0.60554664
636.9,3940.1,4.8,-0.2,2.5094497,516.5,40.6,0.60539384
637.8,3940,0.9,-0.1,2.512932,516.7,40.6,0.60524104
622.9,3940.4,-14.9,0.4,2.4544752,516.8,40.6,0.60516464
632.9,3940,10,-0.4,2.493626,517,40.6,0.60501184
625.9,3940.2,-7,0.2,2.4661712,517.2,40.6,0.60485904
630.9,3939.9,5,-0.3,2.4856829,517.4,40.6,0.60470624
629.9,3939.9,-1,0,2.481743,517.5,40.6,0.60462984
631,3939.7,1.1,-0.2,2.4859507,517.7,40.6,0.60447704
626.8,3939.8,-4.2,0.1,2.4694666,517.9,40.6,0.60432424
642.9,3939.2,16.1,-0.6,2.5325117,518.1,40.6,0.60417144
630,3939.5,-12.9,0.3,2.481885,518.2,40.6,0.60409504
638.8,3939.2,8.8,-0.3,2.516361,518.4,40.6,0.60394224
631.9,3939.3,-6.9,0.1,2.4892437,518.6,40.6,0.60378944
640,3939,8.1,-0.3,2.52096,518.8,40.6,0.60363664
634.9,3939.1,-5.1,0.1,2.5009346,518.9,40.6,0.60356024
638.8,3938.9,3.9,-0.2,2.5161693,519.1,40.6,0.60340744
630.9,3939.1,-7.9,0.2,2.4851782,519.3,40.6,0.60325464
630,3939,-0.9,-0.1,2.48157,519.5,40.6,0.60310184
631.8,3938.9,1.8,-0.1,2.488597,519.6,40.6,0.60302544
629.9,3938.9,-1.9,0,2.4811131,519.8,40.6,0.60287264
635.9,3938.7,6,-0.2,2.5046193,520,40.6,0.60271984
641.8,3938.3,5.9,-0.4,2.5276009,520.2,40.6,0.60256704
639.1,3938.4,-2.7,0.1,2.5170314,520.4,40.6,0.60241424
633.9,3938.5,-5.2,0.1,2.4966151,520.5,40.6,0.60233784
625.8,3938.7,-8.1,0.2,2.4648385,520.7,40.6,0.60218504
628,3938.6,2.2,-0.1,2.4734408,520.9,40.6,0.60203224
628.9,3938.5,0.9,-0.1,2.4769227,521.1,40.6,0.60187944
622.9,3938.6,-6,0.1,2.4533539,521.2,40.6,0.60180304
628.9,3938.3,6,-0.3,2.4767969,521.4,40.6,0.60165024
640.9,3937.9,12,-0.4,2.5238001,521.6,40.6,0.60149744
635.8,3938,-5.1,0.1,2.5037804,521.8,40.6,0.60134464
626.9,3938.2,-8.9,0.2,2.4688576,521.9,40.6,0.60126824
617.8,3938.5,-9.1,0.3,2.4332053,522.1,40.6,0.60111544
636.9,3937.7,19.1,-0.8,2.5079211,522.3,40.6,0.60096264
627.9,3938,-9,0.3,2.4726702,522.5,40.6,0.60080984
621.9,3938.2,-6,0.2,2.4491666,522.6,40.6,0.60073344
637.8,3937.6,15.9,-0.6,2.5114013,522.8,40.6,0.60058064
639.9,3937.4,2.1,-0.2,2.5195423,523,40.6,0.60042784
631,3937.6,-8.9,0.2,2.4846256,523.2,40.6,0.60027504
624.8,3937.8,-6.2,0.2,2.4603374,523.3,40.6,0.60019864
634.9,3937.3,10.1,-0.5,2.4997918,523.5,40.6,0.60004584
630.8,3937.4,-4.1,0.1,2.4837119,523.7,40.6,0.59989304
626.9,3937.5,-3.9,0.1,2.4684188,523.9,40.6,0.59974024
633.9,3937.2,7,-0.3,2.4957911,524,40.6,0.59966384
640.9,3936.9,7,-0.3,2.5231592,524.2,40.6,0.59951104
646.8,3936.6,5.9,-0.3,2.5461929,524.4,40.6,0.59935824
636.8,3936.9,-10,0.3,2.5070179,524.6,40.6,0.59920544
635,3936.9,-1.8,0,2.4999315,524.7,40.6,0.59912904
630,3937,-5,0.1,2.48031,524.9,40.6,0.59897624
636.9,3936.7,6.9,-0.3,2.5072842,525.1,40.6,0.59882344
629.9,3936.9,-7,0.2,2.4798533,525.3,40.6,0.59867064
639.8,3936.5,9.9,-0.4,2.5185727,525.4,40.6,0.59859424
640.9,3936.4,1.1,-0.1,2.5228388,525.6,40.6,0.59844144
648.8,3936,7.9,-0.4,2.5536768,525.8,40.6,0.59828864
643,3936.1,-5.8,0.1,2.5309123,526,40.6,0.59813584
640.9,3936.1,-2.1,0,2.5226465,526.2,40.6,0.59798304
630.9,3936.4,-10,0.3,2.4834748,526.3,40.6,0.59790664
624.9,3936.5,-6,0.1,2.4599189,526.5,40.6,0.59775384
628.8,3936.4,3.9,-0.1,2.4752083,526.7,40.6,0.59760104
628,3936.3,-0.8,-0.1,2.4719964,526.9,40.6,0.59744824
642.9,3935.8,14.9,-0.5,2.5303258,527,40.6,0.59737184
649.8,3935.5,6.9,-0.3,2.5572879,527.2,40.6,0.59721904
641,3935.7,-8.8,0.2,2.5227837,527.4,40.6,0.59706624
647.8,3935.4,6.8,-0.3,2.5493521,527.6,40.6,0.59691344
631,3935.9,-16.8,0.5,2.4835529,527.8,40.6,0.59676064
638.8,3935.5,7.8,-0.4,2.5139974,527.9,40.6,0.59668424
649.7,3935.1,10.9,-0.4,2.5566345,528.1,40.6,0.59653144
637.9,3935.4,-11.8,0.3,2.5103917,528.3,40.6,0.59637864
629.8,3935.7,-8.1,0.3,2.4787039,528.5,40.6,0.59622584
631,3935.6,1.2,-0.1,2.4833636,528.6,40.6,0.59614944
634.9,3935.4,3.9,-0.2,2.4985855,528.8,40.6,0.59599664
636.9,3935.3,2,-0.1,2.5063926,529,40.6,0.59584384
630.9,3935.4,-6,0.1,2.4828439,529.2,40.6,0.59569104
634.8,3935.2,3.9,-0.2,2.498065,529.3,40.6,0.59561464
632,3935.2,-2.8,0,2.4870464,529.5,40.6,0.59546184
637.8,3935,5.8,-0.2,2.509743,529.7,40.6,0.59530904
628,3935.3,-9.8,0.3,2.4713684,529.9,40.6,0.59515624
640.9,3934.8,12.9,-0.5,2.5218133,530,40.6,0.59507984
640.8,3934.7,-0.1,-0.1,2.5213558,530.2,40.6,0.59492704
625,3935.2,-15.8,0.5,2.4595,530.4,40.6,0.59477424
639.9,3934.6,14.9,-0.6,2.5177505,530.6,40.6,0.59462144
636.9,3934.6,-3,0,2.5059467,530.8,40.6,0.59446864
631.9,3934.8,-5,0.2,2.4864001,530.9,40.6,0.59439224
630.8,3934.7,-1.1,-0.1,2.4820088,531.1,40.6,0.59423944
651,3934,20.2,-0.7,2.561034,531.3,40.6,0.59408664
640.9,3934.3,-10.1,0.3,2.5214929,531.5,40.6,0.59393384
633.9,3934.4,-7,0.1,2.4940162,531.6,40.6,0.59385744
633.9,3934.4,0,0,2.4940162,531.8,40.6,0.59370464
634.9,3934.3,1,-0.1,2.4978871,532,40.6,0.59355184
632.9,3934.3,-2,0,2.4900185,532.2,40.6,0.59339904
640.8,3933.9,7.9,-0.4,2.5208431,532.3,40.6,0.59332264
630,3934.3,-10.8,0.4,2.478609,532.5,40.6,0.59316984
630.9,3934.2,0.9,-0.1,2.4820868,532.7,40.6,0.59301704
647.8,3933.5,16.9,-0.7,2.5481213,532.9,40.6,0.59286424
636.9,3933.8,-10.9,0.3,2.5054372,533.1,40.6,0.59271144
639.9,3933.6,3,-0.2,2.5171106,533.2,40.6,0.59263504
629.9,3933.9,-10,0.3,2.4779636,533.4,40.6,0.59248224
629.9,3933.9,0,0,2.4779636,533.6,40.6,0.59232944
633.9,3933.7,4,-0.2,2.4935724,533.8,40.6,0.59217664
637.8,3933.5,3.9,-0.2,2.5087863,533.9,40.6,0.59210024
630.9,3933.7,-6.9,0.2,2.4817713,534.1,40.6,0.59194744
625.9,3933.8,-5,0.1,2.4621654,534.3,40.6,0.59179464
638.9,3933.3,13,-0.5,2.5129854,534.5,40.6,0.59164184
641.8,3933.1,2.9,-0.2,2.5242636,534.6,40.6,0.59156544
618.9,3933.9,-22.9,0.8,2.4346907,534.8,40.6,0.59141264
632,3933.3,13.1,-0.6,2.4858456,535,40.6,0.59125984
638.8,3933.1,6.8,-0.2,2.5124643,535.2,40.6,0.59110704
641.8,3932.9,3,-0.2,2.5241352,535.3,40.6,0.59103064
638.9,3932.9,-2.9,0,2.5127298,535.5,40.6,0.59087784
637.9,3932.9,-1,0,2.5087969,535.7,40.6,0.59072504
629.9,3933.1,-8,0.2,2.4774597,535.9,40.6,0.59057224
913.8,3923.4,283.9,-9.7,3.5852029,536.1,40.6,0.59041944
1190.8,3913.5,277,-9.9,4.6601958,536.5,40.6,0.59011384
1195.9,3912.5,5.1,-1,4.6789587,536.8,40.6,0.58988464
1182.8,3912.2,-13.1,-0.3,4.6273502,537.1,40.6,0.58965544
1201.8,3911,19,-1.2,4.7002398,537.5,40.6,0.58934984
1195.9,3910.6,-5.9,-0.4,4.6766865,537.8,40.6,0.58912064
1181.8,3910.5,-14.1,-0.1,4.6214289,538.1,40.6,0.58889144
1191.8,3909.6,10,-0.9,4.6594613,538.4,40.6,0.58866224
1195.8,3909,4,-0.6,4.6743822,538.8,40.6,0.58835664
1188.9,3908.8,-6.9,-0.2,4.6471723,539.1,40.6,0.58812744
1187.9,3908.4,-1,-0.4,4.6427884,539.4,40.6,0.58789824
1194.8,3907.8,6.9,-0.6,4.6690394,539.8,40.6,0.58759264
1187.8,3907.5,-7,-0.3,4.6413285,540.1,40.6,0.58736343
1197.8,3906.8,10,-0.7,4.679565,540.4,40.6,0.58713423
1199.8,3906.4,2,-0.4,4.6868987,540.8,40.6,0.58682863
1193.9,3906.2,-5.9,-0.2,4.6636122,541.1,40.6,0.58659943
1191.9,3905.8,-2,-0.4,4.655323,541.4,40.6,0.58637023
1198.8,3905.2,6.9,-0.6,4.6815538,541.8,40.6,0.58606463
1190.8,3905.2,-8,0,4.6503122,542.1,40.6,0.58583543
1200.8,3904.5,10,-0.7,4.6885236,542.4,40.6,0.58560623
1198,3904.2,-2.8,-0.3,4.6772316,542.8,40.6,0.58530063
1198.9,3903.9,0.9,-0.3,4.6803857,543.1,40.6,0.58507143
1198.8,3903.5,-0.1,-0.4,4.6795158,543.4,40.6,0.58484223
1190.8,3903.5,-8,0,4.6482878,543.8,40.6,0.58453663
1190.8,3903.2,0,-0.3,4.6479306,544.1,40.6,0.58430743
1193.7,3902.8,2.9,-0.4,4.6587724,544.4,40.6,0.58407823
1198.9,3902.3,5.2,-0.5,4.6784675,544.7,40.6,0.58384903
1201.9,3901.9,3,-0.4,4.6896936,545.1,40.6,0.58354343
1187.9,3902.1,-14,0.2,4.6353046,545.4,40.6,0.58331423
1181.9,3902,-6,-0.1,4.6117738,545.7,40.6,0.58308503
1192.8,3901.4,10.9,-0.6,4.6535899,546.1,40.6,0.58277943
1193.8,3901.1,1,-0.3,4.6571332,546.4,40.6,0.58255023
1194.8,3900.8,1,-0.3,4.6606758,546.7,40.6,0.58232103
1193.8,3900.5,-1,-0.3,4.6564169,547.1,40.6,0.58201543
1199.8,3900.1,6,-0.4,4.67934,547.4,40.6,0.58178623
1192.9,3900,-6.9,-0.1,4.65231,547.7,40.6,0.58155703
1192.9,3899.8,0,-0.2,4.6520714,548.1,40.6,0.58125143
1191.8,3899.6,-1.1,-0.2,4.6475433,548.4,40.6,0.58102223
1190.9,3899.4,-0.9,-0.2,4.6437955,548.7,40.6,0.58079303
1186.9,3899.3,-4,-0.1,4.6280792,549.1,40.6,0.58048743
1190.8,3898.9,3.9,-0.4,4.6428101,549.4,40.6,0.58025823
1184.9,3898.9,-5.9,0,4.6198066,549.7,40.6,0.58002903
1187.8,3898.6,2.9,-0.3,4.6307571,550,40.6,0.57979983
1192.8,3898.2,5,-0.4,4.649773,550.4,40.6,0.57949423
1190.9,3898,-1.9,-0.2,4.6421282,550.7,40.6,0.57926503
1181.9,3898.1,-9,0.1,4.6071644,551,40.6,0.57903583
1191.8,3897.6,9.9,-0.5,4.6451597,551.4,40.6,0.57873023
1185.8,3897.5,-6,-0.1,4.6216555,551.7,40.6,0.57850103
1189.9,3897.2,4.1,-0.3,4.6372783,552,40.6,0.57827183
1184.9,3897.1,-5,-0.1,4.6176738,552.4,40.6,0.57796623
1198.7,3896.4,13.8,-0.7,4.6706147,552.7,40.6,0.57773703
1170.1,3897.2,-28.6,0.8,4.5601137,553,40.6,0.57750783
1209.9,3895.7,39.8,-1.5,4.7134074,553.3,40.6,0.57727863
1182.8,3896.3,-27.1,0.6,4.6085436,553.7,40.6,0.57697303
1199.7,3895.6,16.9,-0.7,4.6735513,554,40.6,0.57674383
1187.9,3895.8,-11.8,0.2,4.6278208,554.3,40.6,0.57651463
1195.9,3895.3,8,-0.5,4.6583893,554.7,40.6,0.57620903
1201.7,3894.9,5.8,-0.4,4.6805013,555,40.6,0.57597983
1198.8,3894.8,-2.9,-0.1,4.6690862,555.3,40.6,0.57575063
1180.9,3895.2,-17.9,0.4,4.5998417,555.7,40.6,0.57544503
1188.8,3894.7,7.9,-0.5,4.6300194,556,40.6,0.57521583
1182.8,3894.8,-6,0.1,4.6067694,556.3,40.6,0.57498663
1196.8,3894.1,14,-0.7,4.6604589,556.7,40.6,0.57468103
1184,3894.3,-12.8,0.2,4.6108512,557,40.6,0.57445183
1191.9,3893.9,7.9,-0.4,4.6411394,557.3,40.6,0.57422263
1186.8,3893.9,-5.1,0,4.6212805,557.6,40.6,0.57399343
1183.9,3893.8,-2.9,-0.1,4.6098698,558,40.6,0.57368783
1184.9,3893.6,1,-0.2,4.6135266,558.3,40.6,0.57345863
1203.8,3892.7,18.9,-0.9,4.6860323,558.6,40.6,0.57322943
1188.9,3893,-14.9,0.3,4.6283877,559,40.6,0.57292383
1189.9,3892.8,1,-0.2,4.6320427,559.3,40.6,0.57269463
1195.8,3892.5,5.9,-0.3,4.6546515,559.6,40.6,0.57246543
1185.9,3892.6,-9.9,0.1,4.6162343,560,40.6,0.57215983
1193.8,3892.2,7.9,-0.4,4.6465084,560.3,40.6,0.57193063
1190.8,3892,-3,-0.2,4.6345936,560.6,40.6,0.57170143
1187,3892.1,-3.8,0.1,4.6199227,561,40.6,0.57139583
1191.9,3891.7,4.9,-0.4,4.6385172,561.3,40.6,0.57116663
1191.8,3891.5,-0.1,-0.2,4.6378897,561.6,40.6,0.57093743
1194.9,3891.2,3.1,-0.3,4.6495949,561.9,40.6,0.57070823
1193.8,3891.1,-1.1,-0.1,4.6451952,562.3,40.6,0.57040263
1185.8,3891.2,-8,0.1,4.614185,562.6,40.6,0.57017343
1185.9,3891,0.1,-0.2,4.6143369,562.9,40.6,0.56994423
1189.7,3890.7,3.8,-0.3,4.6287658,563.3,40.6,0.56963863
1187.8,3890.6,-1.9,-0.1,4.6212547,563.6,40.6,0.56940943
1197.9,3890.1,10.1,-0.5,4.6599508,563.9,40.6,0.56918023
1186.8,3890.3,-11.1,0.2,4.617008,564.3,40.6,0.56887463
1189.8,3890,3,-0.3,4.628322,564.6,40.6,0.56864543
1196.9,3889.6,7.1,-0.4,4.6554622,564.9,40.6,0.56841623
1188.7,3889.7,-8.2,0.1,4.6236864,565.3,40.6,0.56811063
1187.9,3889.6,-0.8,-0.1,4.6204558,565.6,40.6,0.56788143
1192.8,3889.2,4.9,-0.4,4.6390378,565.9,40.6,0.56765223
1207.8,3888.6,15,-0.6,4.6966511,566.3,40.6,0.56734663
1187.9,3889,-19.9,0.4,4.6197431,566.6,40.6,0.56711743
1190.8,3888.8,2.9,-0.2,4.630783,566.9,40.6,0.56688823
1190.9,3888.6,0.1,-0.2,4.6309337,567.2,40.6,0.56665903
1193.9,3888.3,3,-0.3,4.6422414,567.6,40.6,0.56635343
1190,3888.3,-3.9,0,4.627077,567.9,40.6,0.56612423
1201.8,3887.7,11.8,-0.6,4.6722379,568.2,40.6,0.56589503
1180.9,3888.3,-20.9,0.6,4.5916935,568.6,40.6,0.56558943
1190.8,3887.8,9.9,-0.5,4.6295922,568.9,40.6,0.56536023
1190.9,3887.7,0.1,-0.1,4.6298619,569.2,40.6,0.56513103
1191.9,3887.4,1,-0.3,4.6333921,569.6,40.6,0.56482543
1192.8,3887.2,0.9,-0.2,4.6366522,569.9,40.6,0.56459623
1189.9,3887.2,-2.9,0,4.6253793,570.2,40.6,0.56436703
1197.8,3886.7,7.9,-0.5,4.6554893,570.6,40.6,0.56406143
1177.8,3887.2,-20,0.5,4.5783442,570.9,40.6,0.56383223
1182.9,3886.9,5.1,-0.3,4.597814,571.2,40.6,0.56360303
1193.8,3886.4,10.9,-0.5,4.6395843,571.5,40.6,0.56337383
1192.8,3886.2,-1,-0.2,4.6354594,571.9,40.6,0.56306823
1191.9,3886.2,-0.9,0,4.6319618,572.2,40.6,0.56283903
1197.8,3885.8,5.9,-0.4,4.6544112,572.5,40.6,0.56260983
1193.8,3885.7,-4,-0.1,4.6387487,572.9,40.6,0.56230422
1183.8,3885.9,-10,0.2,4.6001284,573.2,40.6,0.56207502
1191.8,3885.5,8,-0.4,4.6307389,573.5,40.6,0.56184582
1188.9,3885.4,-2.9,-0.1,4.6193521,573.9,40.6,0.56154022
1191.8,3885.2,2.9,-0.2,4.6303814,574.2,40.6,0.56131102
1187.8,3885.1,-4,-0.1,4.6147218,574.5,40.6,0.56108182
1194.9,3884.7,7.1,-0.4,4.641828,574.9,40.6,0.56077622
1194.9,3884.6,0,-0.1,4.6417085,575.2,40.6,0.56054702
1189.8,3884.6,-5.1,0,4.6218971,575.5,40.6,0.56031782
1191.8,3884.4,2,-0.2,4.6294279,575.8,40.6,0.56008862
1207.8,3883.7,16,-0.7,4.6907329,576.2,40.6,0.55978302
1191.9,3884,-15.9,0.3,4.6293396,576.5,40.6,0.55955382
1205.8,3883.4,13.9,-0.6,4.6826037,576.8,40.6,0.55932462
1192.8,3883.6,-13,0.2,4.6323581,577.2,40.6,0.55901902
1183.8,3883.8,-9,0.2,4.5976424,577.5,40.6,0.55878982
1189.9,3883.5,6.1,-0.3,4.6209767,577.8,40.6,0.55856062
1188.8,3883.4,-1.1,-0.1,4.6165859,578.2,40.6,0.55825502
1193.9,3883,5.1,-0.4,4.6359137,578.5,40.6,0.55802582
1190.9,3882.9,-3,-0.1,4.6241456,578.8,40.6,0.55779662
1197.9,3882.5,7,-0.4,4.6508467,579.2,40.6,0.55749102
1184.9,3882.8,-13,0.3,4.6007297,579.5,40.6,0.55726182
1201.9,3882.1,17,-0.7,4.665896,579.8,40.6,0.55703262
1190.9,3882.3,-11,0.2,4.6234311,580.2,40.6,0.55672702
1194.8,3882,3.9,-0.3,4.6382136,580.5,40.6,0.55649782
1193.8,3881.9,-1,-0.1,4.6342122,580.8,40.6,0.55626862
1188.8,3881.9,-5,0,4.6148027,581.2,40.6,0.55596302
1193.8,3881.6,5,-0.3,4.6338541,581.5,40.6,0.55573382
1195.8,3881.3,2,-0.3,4.6412585,581.8,40.6,0.55550462
1193.8,3881.3,-2,0,4.6334959,582.1,40.6,0.55527542
1193.8,3881.1,0,-0.2,4.6332572,582.5,40.6,0.55496982
1197.8,3880.8,4,-0.3,4.6484222,582.8,40.6,0.55474062
1195.8,3880.7,-2,-0.1,4.6405411,583.1,40.6,0.55451142
1195.9,3880.5,0.1,-0.2,4.6406899,583.5,40.6,0.55420582
1461.7,3871.3,265.8,-9.2,5.6586792,583.9,40.6,0.55390022
1729.7,3861.6,268,-9.7,6.6794095,584.4,40.6,0.55351822
1731.7,3860.6,2,-1,6.685401,584.8,40.6,0.55321262
1733.7,3859.7,2,-0.9,6.6915619,585.3,40.6,0.55283062
1730.8,3859.1,-2.9,-0.6,6.6793303,585.8,40.6,0.55244862
1726.7,3858.5,-4.1,-0.6,6.6624719,586.3,40.6,0.55206662
1747.6,3857.2,20.9,-1.3,6.7408427,586.8,40.6,0.55168462
1744.8,3856.7,-2.8,-0.5,6.7291702,587.3,40.6,0.55130262
1725.7,3856.8,-19.1,0.1,6.6556798,587.7,40.6,0.55099702
1745.7,3855.6,20,-1.2,6.7307209,588.2,40.6,0.55061502
1724.8,3855.6,-20.9,0,6.6501389,588.7,40.6,0.55023302
1716.7,3855.4,-8.1,-0.2,6.6185652,589.2,40.6,0.54985102
1726.8,3854.6,10.1,-0.8,6.6561233,589.7,40.6,0.54946902
1735.8,3853.8,9,-0.8,6.689426,590.1,40.6,0.54916342
1742.7,3853.1,6.9,-0.7,6.7147974,590.6,40.6,0.54878142
1724.9,3853.2,-17.8,0.1,6.6463847,591.1,40.6,0.54839942
1730.7,3852.5,5.8,-0.7,6.6675217,591.6,40.6,0.54801742
1724.7,3852.3,-6,-0.2,6.6440618,592.1,40.6,0.54763542
1743.8,3851.2,19.1,-1.1,6.7157226,592.5,40.6,0.54732982
1723.7,3851.4,-20.1,0.2,6.6386582,593,40.6,0.54694782
1728.8,3850.8,5.1,-0.6,6.657263,593.5,40.6,0.54656582
1725.7,3850.5,-3.1,-0.3,6.6448078,594,40.6,0.54618382
1720.6,3850.3,-5.1,-0.2,6.6248262,594.5,40.6,0.54580182
1738.8,3849.3,18.2,-1,6.6931628,594.9,40.7,0.54549622
1723.8,3849.4,-15,0.1,6.6355957,595.4,40.7,0.54511422
1724.6,3848.9,0.8,-0.5,6.6378129,595.9,40.7,0.54473222
1734.8,3848.2,10.2,-0.7,6.6758574,596.4,40.7,0.54435022
1741.7,3847.6,6.9,-0.6,6.7013649,596.9,40.7,0.54396822
1718.7,3847.9,-23,0.3,6.6133857,597.3,40.7,0.54366262
1728.8,3847.3,10.1,-0.6,6.6512122,597.8,40.7,0.54328062
1739.6,3846.5,10.8,-0.8,6.6913714,598.3,40.7,0.54289862
1729.7,3846.5,-9.9,0,6.653291,598.8,40.7,0.54251662
1740.8,3845.7,11.1,-0.8,6.6945946,599.3,40.7,0.54213462
1725.7,3845.9,-15.1,0.2,6.6368696,599.8,40.7,0.54175262
1729.7,3845.4,4,-0.5,6.6513884,600.2,40.7,0.54144702
1740.8,3844.7,11.1,-0.7,6.6928538,600.7,40.7,0.54106502
1734.8,3844.6,-6,-0.1,6.6696121,601.2,40.7,0.54068302
1735.7,3844.2,0.9,-0.4,6.6723779,601.7,40.7,0.54030102
1729.8,3844,-5.9,-0.2,6.6493512,602.2,40.7,0.53991902
1725.7,3843.8,-4.1,-0.2,6.6332457,602.6,40.7,0.53961342
1728.7,3843.4,3,-0.4,6.6440856,603.1,40.7,0.53923142
1725.7,3843.2,-3,-0.2,6.6322102,603.6,40.7,0.53884942
1737.7,3842.5,12,-0.7,6.6771122,604.1,40.7,0.53846742
1741.7,3842,4,-0.5,6.6916114,604.6,40.7,0.53808542
1724.6,3842.3,-17.1,0.3,6.6264306,605,40.7,0.53777982
1723.8,3842,-0.8,-0.3,6.6228396,605.5,40.7,0.53739781
1744.8,3841,21,-1,6.7017768,606,40.7,0.53701581
1727.7,3841.2,-17.1,0.2,6.6364412,606.5,40.7,0.53663381
1729.7,3840.9,2,-0.3,6.6436047,607,40.7,0.53625181
1718.8,3840.9,-10.9,0,6.6017389,607.4,40.7,0.53594621
1729.7,3840.2,10.9,-0.7,6.6423939,607.9,40.7,0.53556421
1731.7,3839.9,2,-0.3,6.6495548,608.4,40.7,0.53518221
1718.7,3840,-13,0.1,6.599808,608.9,40.7,0.53480021
1736.7,3839.2,18,-0.8,6.6675386,609.4,40.7,0.53441821
1738.8,3838.8,2.1,-0.4,6.6749054,609.8,40.7,0.53411261
1746.7,3838.2,7.9,-0.6,6.7041839,610.3,40.7,0.53373061
1733.8,3838.3,-12.9,0.1,6.6548445,610.8,40.7,0.53334861
1729.7,3838.2,-4.1,-0.1,6.6389345,611.3,40.7,0.53296661
1733.7,3837.8,4,-0.4,6.6535939,611.8,40.7,0.53258461
1732.8,3837.5,-0.9,-0.3,6.64962,612.3,40.7,0.53220261
1728.7,3837.4,-4.1,-0.1,6.6337134,612.7,40.7,0.53189701
1718.8,3837.4,-9.9,0,6.5957231,613.2,40.7,0.53151501
1738.7,3836.5,19.9,-0.9,6.6705225,613.7,40.7,0.53113301
1739.7,3836.2,1,-0.3,6.6738371,614.2,40.7,0.53075101
1738.8,3835.9,-0.9,-0.3,6.6698629,614.7,40.7,0.53036901
1737.6,3835.7,-1.2,-0.2,6.6649123,615.1,40.7,0.53006341
1734.8,3835.4,-2.8,-0.3,6.6536519,615.6,40.7,0.52968141
1720.7,3835.7,-14.1,0.3,6.600089,616.1,40.7,0.52929941
1726.7,3835.2,6,-0.5,6.6222398,616.6,40.7,0.52891741
1735.8,3834.7,9.1,-0.5,6.6562723,617.1,40.7,0.52853541
1722.7,3834.8,-13.1,0.1,6.60621,617.5,40.7,0.52822981
1747.7,3833.7,25,-1.1,6.7001575,618,40.7,0.52784781
1726.8,3834.1,-20.9,0.4,6.6207239,618.5,40.7,0.52746581
1725.6,3833.9,-1.2,-0.2,6.6157778,619,40.7,0.52708381
1728.8,3833.6,3.2,-0.3,6.6275277,619.5,40.7,0.52670181
1727.7,3833.3,-1.1,-0.3,6.6227924,620,40.7,0.52631981
1727.7,3833.1,0,-0.2,6.6224469,620.4,40.7,0.52601421
1723.8,3832.9,-3.9,-0.2,6.607153,620.9,40.7,0.52563221
1716.7,3833,-7.1,0.1,6.5801111,621.4,40.7,0.52525021
1725.7,3832.4,9,-0.6,6.6135727,621.9,40.7,0.52486821
1723.7,3832.3,-2,-0.1,6.6057355,622.3,40.7,0.52456261
1737.7,3831.5,14,-0.8,6.6579976,622.8,40.7,0.52418061
1740.7,3831.1,3,-0.4,6.6687958,623.3,40.7,0.52379861
1736.8,3831,-3.9,-0.1,6.6536808,623.8,40.7,0.52341661
1733.8,3830.8,-3,-0.2,6.641841,624.3,40.7,0.52303461
1733.8,3830.6,0,-0.2,6.6414943,624.8,40.7,0.52265261
1746.6,3829.9,12.8,-0.7,6.6893033,625.2,40.7,0.52234701
1735.8,3830,-10.8,0.1,6.648114,625.7,40.7,0.52196501
1727.7,3830,-8.1,0,6.617091,626.2,40.7,0.52158301
1747.8,3829.1,20.1,-0.9,6.692501,626.7,40.7,0.52120101
1727.7,3829.5,-20.1,0.4,6.6162272,627.2,40.7,0.52081901
1747.7,3828.6,20,-0.9,6.6912442,627.7,40.7,0.52043701
1735.7,3828.7,-12,0.1,6.6454746,628.1,40.7,0.52013141
1725.7,3828.8,-10,0.1,6.6073602,628.6,40.7,0.51974941
1729.8,3828.5,4.1,-0.3,6.6225393,629.1,40.7,0.51936741
1734.6,3828.1,4.8,-0.4,6.6402223,629.6,40.7,0.51898541
1722.8,3828.2,-11.8,0.1,6.595223,630.1,40.7,0.51860341
1721.6,3828,-1.2,-0.2,6.5902848,630.5,40.7,0.51829781
1736,3827.3,14.4,-0.7,6.6441928,631,40.7,0.51791581
1730.7,3827.3,-5.3,0,6.6239081,631.5,40.7,0.51753381
1743.7,3826.6,13,-0.7,6.6724424,632,40.7,0.51715181
1743.8,3826.3,0.1,-0.3,6.6723019,632.5,40.7,0.51676981
1683.7,3828.1,-60.1,1.8,6.445372,632.9,40.7,0.51646421
1629.8,3829.8,-53.9,1.7,6.241808,633.4,40.7,0.51608221
1638.7,3829.4,8.9,-0.4,6.2752378,633.8,40.7,0.51577661
1632.7,3829.5,-6,0.1,6.2524247,634.3,40.7,0.51539461
1635.7,3829.2,3,-0.3,6.2634224,634.8,40.7,0.51501261
1625.7,3829.5,-10,0.3,6.2256181,635.2,40.7,0.51470701
1637.8,3828.9,12.1,-0.6,6.2709724,635.7,40.7,0.51432501
1639.7,3828.7,1.9,-0.2,6.2779194,636.1,40.7,0.51401941
1631.7,3828.7,-8,0,6.2472898,636.6,40.7,0.51363741
1634.7,3828.5,3,-0.2,6.258449,637,40.7,0.51333181
1624.8,3828.7,-9.9,0.2,6.2208718,637.5,40.7,0.51294981
1660.7,3827.3,35.9,-1.4,6.3559971,637.9,40.7,0.51264421
1620.7,3828.5,-40,1.2,6.2048499,638.4,40.7,0.5122622
1639.8,3827.7,19.1,-0.8,6.2766625,638.8,40.7,0.5119566
1638.8,3827.6,-1,-0.1,6.2726709,639.3,40.7,0.5115746
1635.7,3827.5,-3.1,-0.1,6.2606417,639.8,40.7,0.5111926
1627.7,3827.6,-8,0.1,6.2301845,640.2,40.7,0.510887
1617.7,3827.7,-10,0.1,6.1920703,640.7,40.7,0.510505
1620.7,3827.5,3,-0.2,6.2032293,641.1,40.7,0.5101994
1631.8,3826.9,11.1,-0.6,6.2447354,641.6,40.7,0.5098174
1648.7,3826.2,16.9,-0.7,6.3082559,642,40.7,0.5095118
1644.8,3826.2,-3.9,0,6.2933338,642.5,40.7,0.5091298
1632.7,3826.4,-12.1,0.2,6.2473633,642.9,40.7,0.5088242
1630.8,3826.2,-1.9,-0.2,6.239767,643.4,40.7,0.5084422
1637.6,3825.8,6.8,-0.4,6.2651301,643.8,40.7,0.5081366
1626.8,3826,-10.8,0.2,6.2241368,644.3,40.7,0.5077546
1629.5,3825.7,2.7,-0.3,6.2339781,644.7,40.7,0.507449
1636.8,3825.3,7.3,-0.4,6.261251,645.2,40.7,0.507067
1639.6,3825,2.8,-0.3,6.27147,645.6,40.7,0.5067614
1630.8,3825.1,-8.8,0.1,6.2379731,646.1,40.7,0.5063794
1636.7,3824.8,5.9,-0.3,6.2600502,646.6,40.7,0.5059974
1627.8,3824.9,-8.9,0.1,6.2261722,647,40.7,0.5056918
1638.7,3824.3,10.9,-0.6,6.2668804,647.5,40.7,0.5053098
1642.8,3824,4.1,-0.3,6.2820672,647.9,40.7,0.5050042
1625.7,3824.4,-17.1,0.4,6.2173271,648.4,40.7,0.5046222
1638.7,3823.8,13,-0.6,6.2660611,648.8,40.7,0.5043166
1631.7,3823.9,-7,0.1,6.2394576,649.3,40.7,0.5039346
1642.8,3823.3,11.1,-0.6,6.2809172,649.7,40.7,0.503629
1637.8,3823.3,-5,0,6.2618007,650.2,40.7,0.503247
1622.8,3823.6,-15,0.3,6.2049381,650.6,40.7,0.5029414
1641.7,3822.8,18.9,-0.8,6.2758908,651.1,40.7,0.5025594
1617.8,3823.4,-23.9,0.6,6.1854965,651.5,40.7,0.5022538
1638.6,3822.5,20.8,-0.9,6.2635485,652,40.7,0.5018718
1635.7,3822.4,-2.9,-0.1,6.2522997,652.5,40.7,0.5014898
1651.6,3821.7,15.9,-0.7,6.3119197,652.9,40.7,0.5011842
1635.8,3822,-15.8,0.3,6.2520276,653.4,40.7,0.5008022
1627.6,3822.1,-8.2,0.1,6.22085,653.8,40.7,0.5004966
1640.7,3821.5,13.1,-0.6,6.269935,654.3,40.7,0.5001146
1637.6,3821.4,-3.1,-0.1,6.2579246,654.7,40.7,0.499809
1634.8,3821.3,-2.8,-0.1,6.2470612,655.2,40.7,0.499427
1634.6,3821.2,-0.2,-0.1,6.2461335,655.6,40.7,0.4991214
1631.8,3821.1,-2.8,-0.1,6.235271,656.1,40.7,0.4987394
1628.6,3821,-3.2,-0.1,6.2228806,656.5,40.7,0.4984338
1626.8,3820.9,-1.8,-0.1,6.2158401,657,40.7,0.4980518
1636.6,3820.4,9.8,-0.5,6.2524666,657.5,40.7,0.4976698
1640.7,3820,4.1,-0.4,6.267474,657.9,40.7,0.4973642
1646.7,3819.6,6,-0.4,6.2897353,658.4,40.7,0.4969822
1640.7,3819.7,-6,0.1,6.2669818,658.8,40.7,0.4966766
1635.9,3819.6,-4.8,-0.1,6.2484836,659.3,40.7,0.4962946
1634.7,3819.5,-1.2,-0.1,6.2437367,659.7,40.7,0.495989
1626.9,3819.5,-7.8,0,6.2139445,660.2,40.7,0.495607
1627.7,3819.4,0.8,-0.1,6.2168374,660.6,40.7,0.4953014
1629.8,3819.1,2.1,-0.3,6.2243692,661.1,40.7,0.4949194
1623.7,3819.1,-6.1,0,6.2010727,661.5,40.7,0.4946138
1628.8,3818.8,5.1,-0.3,6.2200614,662,40.7,0.4942318
1639.6,3818.3,10.8,-0.5,6.2604847,662.4,40.7,0.4939262
1637.7,3818.2,-1.9,-0.1,6.2530661,662.9,40.7,0.4935442
1631.8,3818.2,-5.9,0,6.2305388,663.4,40.7,0.4931622
1641.7,3817.6,9.9,-0.6,6.2673539,663.8,40.7,0.4928566
1643.8,3817.4,2.1,-0.2,6.2750421,664.3,40.7,0.4924746
1637.7,3817.4,-6.1,0,6.251756,664.7,40.7,0.492169
1639.9,3817.1,2.2,-0.3,6.2596623,665.2,40.7,0.491787
1643.7,3816.8,3.8,-0.3,6.2736742,665.6,40.7,0.4914814
1646.8,3816.5,3.1,-0.3,6.2850122,666.1,40.7,0.4910994
1642.8,3816.5,-4,0,6.2697462,666.5,40.7,0.4907938
1627.8,3816.8,-15,0.3,6.212987,667,40.7,0.4904118
1644.6,3816.1,16.8,-0.7,6.2759581,667.5,40.7,0.4900298
1643.8,3815.9,-0.8,-0.2,6.2725764,667.9,40.7,0.4897242
1639.8,3815.8,-4,-0.1,6.2571488,668.4,40.8,0.4893422
1630.8,3816,-9,0.2,6.2231328,668.8,40.8,0.4890366
1632.9,3815.7,2.1,-0.3,6.2306565,669.3,40.8,0.4886546
1640.7,3815.3,7.8,-0.4,6.2597627,669.7,40.8,0.488349
1638.9,3815.2,-1.8,-0.1,6.2527313,670.2,40.8,0.487967
1645.7,3814.7,6.8,-0.5,6.2778518,670.6,40.8,0.4876614
1635.8,3814.9,-9.9,0.2,6.2404134,671.1,40.8,0.48727939
1636.7,3814.7,0.9,-0.2,6.2435195,671.6,40.8,0.48689739
1643.8,3814.3,7.1,-0.4,6.2699463,672,40.8,0.48659179
1631.7,3814.5,-12.1,0.2,6.2241196,672.5,40.8,0.48620979
1634.9,3814.3,3.2,-0.2,6.2359991,672.9,40.8,0.48590419
1631.7,3814.1,-3.2,-0.2,6.223467,673.4,40.8,0.48552219
1645.8,3813.5,14.1,-0.6,6.2762583,673.8,40.8,0.48521659
1636.7,3813.6,-9.1,0.1,6.2417191,674.3,40.8,0.48483459
1640.7,3813.3,4,-0.3,6.2564813,674.7,40.8,0.48452899
1631.8,3813.4,-8.9,0.1,6.2227061,675.2,40.8,0.48414699
1629.7,3813.3,-2.1,-0.1,6.214535,675.6,40.8,0.48384139
1627.8,3813.2,-1.9,-0.1,6.207127,676.1,40.8,0.48345939
1646.7,3812.4,18.9,-0.8,6.2778791,676.6,40.8,0.48307739
1630.7,3812.7,-16,0.3,6.2173699,677,40.8,0.48277179
1640.7,3812.3,10,-0.4,6.2548406,677.5,40.8,0.48238979
1639.8,3812.1,-0.9,-0.2,6.2510816,677.9,40.8,0.48208419
1634.7,3812.1,-5.1,0,6.2316399,678.4,40.8,0.48170219
1632.8,3812,-1.9,-0.1,6.2242336,678.8,40.8,0.48139659
1609.8,3812.6,-23,0.6,6.1375235,679.3,40.8,0.48101459
1636.7,3811.6,26.9,-1,6.2384457,679.7,40.8,0.48070899
1624.7,3811.8,-12,0.2,6.1930315,680.2,40.8,0.48032699
1639.8,3811.1,15.1,-0.7,6.2494418,680.6,40.8,0.48002139
1627.8,3811.3,-12,0.2,6.2040341,681.1,40.8,0.47963939
1634.7,3810.9,6.9,-0.4,6.2296782,681.5,40.8,0.47933379
1618.8,3811.3,-15.9,0.4,6.1697324,682,40.8,0.47895179
1637.7,3810.5,18.9,-0.8,6.2404559,682.4,40.8,0.47864619
1648.7,3810,11,-0.5,6.281547,682.9,40.8,0.47826419
1644.8,3809.9,-3.9,-0.1,6.2665235,683.4,40.8,0.47788219
1633.8,3810.1,-11,0.2,6.2249414,683.8,40.8,0.47757659
1637.7,3809.8,3.9,-0.3,6.2393095,684.3,40.8,0.47719459
1652.7,3809.1,15,-0.7,6.2952996,684.7,40.8,0.47688899
1636.8,3809.5,-15.9,0.4,6.2353896,685.2,40.8,0.47650699
1638.8,3809.2,2,-0.3,6.242517,685.6,40.8,0.47620139
1646.7,3808.8,7.9,-0.4,6.271951,686.1,40.8,0.47581939
1632.9,3809.1,-13.8,0.3,6.2198794,686.5,40.8,0.47551379
1642.8,3808.6,9.9,-0.5,6.2567681,687,40.8,0.47513179
1635.7,3808.7,-7.1,0.1,6.2298906,687.5,40.8,0.47474979
1636.8,3808.4,1.1,-0.3,6.2335891,687.9,40.8,0.47444419
1632.7,3808.4,-4.1,0,6.2179747,688.4,40.8,0.47406219
1628.8,3808.4,-3.9,0,6.2031219,688.8,40.8,0.47375659
1630.7,3808.2,1.9,-0.2,6.2100317,689.3,40.8,0.47337459
1630.8,3808,0.1,-0.2,6.2100864,689.7,40.8,0.47306899
1639.8,3807.5,9,-0.5,6.2435385,690.2,40.8,0.47268699
1625.8,3807.8,-14,0.3,6.1907212,690.6,40.8,0.47238139
1627.7,3807.6,1.9,-0.2,6.1976305,691.1,40.8,0.47199939
817.9,3835.1,-809.8,27.5,3.1367283,691.3,40.8,0.47184659
0,3863.5,-817.9,28.4,0,691.3,40.8,0.47184659
0,3865.5,0,2,0,691.3,40.8,0.47184659
0,3867.2,0,1.7,0,691.3,40.8,0.47184659
0,3868.6,0,1.4,0,691.3,40.8,0.47184659
0,3870,0,1.4,0,691.3,40.8,0.47184659
0,3871.2,0,1.2,0,691.3,40.8,0.47184659
0,3872.3,0,1.1,0,691.3,40.8,0.47184659
0,3873.4,0,1.1,0,691.3,40.8,0.47184659
0,3874.5,0,1.1,0,691.3,40.8,0.47184659
0,3875.4,0,0.9,0,691.3,40.8,0.47184659
0,3876.3,0,0.9,0,691.3,40.8,0.47184659
0,3877.2,0,0.9,0,691.3,40.8,0.47184659
0,3878.1,0,0.9,0,691.3,40.8,0.47184659
0,3878.9,0,0.8,0,691.3,40.8,0.47184659
0,3879.7,0,0.8,0,691.3,40.8,0.47184659
0,3880.5,0,0.8,0,691.3,40.8,0.47184659
0,3881.2,0,0.7,0,691.3,40.8,0.47184659
0,3881.9,0,0.7,0,691.3,40.8,0.47184659
0,3882.6,0,0.7,0,691.3,40.8,0.47184659
0,3883.3,0,0.7,0,691.3,40.8,0.47184659
0,3883.9,0,0.6,0,691.3,40.8,0.47184659
0,3884.5,0,0.6,0,691.3,40.8,0.47184659
0,3885.1,0,0.6,0,691.3,40.8,0.47184659
0,3885.6,0,0.5,0,691.3,40.8,0.47184659
0,3886.2,0,0.6,0,691.3,40.8,0.47184659
0,3886.8,0,0.6,0,691.3,40.8,0.47184659
0,3887.3,0,0.5,0,691.3,40.8,0.47184659
0,3887.8,0,0.5,0,691.3,40.8,0.47184659
0,3888.3,0,0.5,0,691.3,40.8,0.47184659
0,3888.8,0,0.5,0,691.3,40.8,0.47184659
0,3889.3,0,0.5,0,691.3,40.8,0.47184659
0,3889.7,0,0.4,0,691.3,40.8,0.47184659
0,3890.2,0,0.5,0,691.3,40.8,0.47184659
0,3890.6,0,0.4,0,691.3,40.8,0.47184659
0,3891,0,0.4,0,691.3,40.8,0.47184659
0,3891.4,0,0.4,0,691.3,40.8,0.47184659
0,3891.8,0,0.4,0,691.3,40.8,0.47184659
0,3892.2,0,0.4,0,691.3,40.8,0.47184659
0,3892.6,0,0.4,0,691.3,40.8,0.47184659
0,3892.9,0,0.3,0,691.3,40.8,0.47184659
0,3893.3,0,0.4,0,691.3,40.8,0.47184659
0,3893.6,0,0.3,0,691.3,40.8,0.47184659
0,3894,0,0.4,0,691.3,40.8,0.47184659
0,3894.3,0,0.3,0,691.3,40.8,0.47184659
0,3894.6,0,0.3,0,691.3,40.8,0.47184659
0,3894.9,0,0.3,0,691.3,40.8,0.47184659
0,3895.3,0,0.4,0,691.3,40.8,0.47184659
0,3895.5,0,0.2,0,691.3,40.8,0.47184659
0,3895.8,0,0.3,0,691.3,40.8,0.47184659
0,3896.1,0,0.3,0,691.3,40.8,0.47184659
0,3896.4,0,0.3,0,691.3,40.8,0.47184659
0,3896.7,0,0.3,0,691.3,40.8,0.47184659
0,3896.9,0,0.2,0,691.3,40.8,0.47184659
0,3897.2,0,0.3,0,691.3,40.7,0.47184659
0,3897.5,0,0.3,0,691.3,40.7,0.47184659
0,3897.7,0,0.2,0,691.3,40.7,0.47184659
0,3897.9,0,0.2,0,691.3,40.7,0.47184659
0,3898.2,0,0.3,0,691.3,40.7,0.47184659
0,3898.4,0,0.2,0,691.3,40.7,0.47184659
0,3898.6,0,0.2,0,691.3,40.7,0.47184659
0,3898.9,0,0.3,0,691.3,40.7,0.47184659
0,3899,0,0.1,0,691.3,40.7,0.47184659
0,3899.3,0,0.3,0,691.3,40.7,0.47184659
0,3899.5,0,0.2,0,691.3,40.7,0.47184659
0,3899.7,0,0.2,0,691.3,40.7,0.47184659
0,3899.9,0,0.2,0,691.3,40.7,0.47184659
0,3900.1,0,0.2,0,691.3,40.7,0.47184659
0,3900.3,0,0.2,0,691.3,40.7,0.47184659
0,3900.5,0,0.2,0,691.3,40.7,0.47184659
0,3900.7,0,0.2,0,691.3,40.7,0.47184659
0,3900.8,0,0.1,0,691.3,40.7,0.47184659
0,3901,0,0.2,0,691.3,40.7,0.47184659
0,3901.2,0,0.2,0,691.3,40.7,0.47184659
0,3901.3,0,0.1,0,691.3,40.7,0.47184659
0,3901.5,0,0.2,0,691.3,40.7,0.47184659
0,3901.7,0,0.2,0,691.3,40.7,0.47184659
0,3901.8,0,0.1,0,691.3,40.7,0.47184659
0,3902,0,0.2,0,691.3,40.7,0.47184659
0,3902.1,0,0.1,0,691.3,40.7,0.47184659
0,3902.3,0,0.2,0,691.3,40.7,0.47184659
0,3902.4,0,0.1,0,691.3,40.7,0.47184659
0,3902.6,0,0.2,0,691.3,40.7,0.47184659
0,3902.7,0,0.1,0,691.3,40.7,0.47184659
0,3902.8,0,0.1,0,691.3,40.7,0.47184659
0,3903,0,0.2,0,691.3,40.7,0.47184659
0,3903.1,0,0.1,0,691.3,40.7,0.47184659
0,3903.2,0,0.1,0,691.3,40.7,0.47184659
0,3903.4,0,0.2,0,691.3,40.7,0.47184659
0,3903.5,0,0.1,0,691.3,40.7,0.47184659
0,3903.6,0,0.1,0,691.3,40.7,0.47184659
0,3903.8,0,0.2,0,691.3,40.7,0.47184659
0,3903.9,0,0.1,0,691.3,40.7,0.47184659
0,3904,0,0.1,0,691.3,40.7,0.47184659
0,3904.1,0,0.1,0,691.3,40.7,0.47184659
0,3904.2,0,0.1,0,691.3,40.7,0.47184659
0,3904.3,0,0.1,0,691.3,40.7,0.47184659
0,3904.4,0,0.1,0,691.3,40.7,0.47184659
0,3904.5,0,0.1,0,691.3,40.7,0.47184659
0,3904.6,0,0.1,0,691.3,40.7,0.47184659
0,3904.7,0,0.1,0,691.3,40.7,0.47184659
0,3904.9,0,0.2,0,691.3,40.7,0.47184659
0,3904.9,0,0,0,691.3,40.7,0.47184659
0,3905.1,0,0.2,0,691.3,40.7,0.47184659
0,3905.2,0,0.1,0,691.3,40.7,0.47184659
0,3905.3,0,0.1,0,691.3,40.7,0.47184659
0,3905.4,0,0.1,0,691.3,40.7,0.47184659
0,3905.4,0,0,0,691.3,40.7,0.47184659
0,3905.5,0,0.1,0,691.3,40.7,0.47184659
0,3905.7,0,0.2,0,691.3,40.7,0.47184659
0,3905.7,0,0,0,691.3,40.7,0.47184659
0,3905.8,0,0.1,0,691.3,40.7,0.47184659
0,3905.9,0,0.1,0,691.3,40.7,0.47184659
0,3906,0,0.1,0,691.3,40.7,0.47184659
0,3906,0,0,0,691.3,40.7,0.47184659
0,3906.2,0,0.2,0,691.3,40.7,0.47184659
0,3906.2,0,0,0,691.3,40.7,0.47184659
0,3906.3,0,0.1,0,691.3,40.7,0.47184659
0,3906.4,0,0.1,0,691.3,40.7,0.47184659
0,3906.5,0,0.1,0,691.3,40.7,0.47184659
0,3906.6,0,0.1,0,691.3,40.7,0.47184659
0,3906.6,0,0,0,691.3,40.7,0.47184659
0,3906.7,0,0.1,0,691.3,40.7,0.47184659
0,3906.8,0,0.1,0,691.3,40.7,0.47184659
0,3906.9,0,0.1,0,691.3,40.7,0.47184659
0,3906.9,0,0,0,691.3,40.7,0.47184659
0,3907,0,0.1,0,691.3,40.7,0.47184659
0,3907.1,0,0.1,0,691.3,40.7,0.47184659
0,3907.2,0,0.1,0,691.3,40.7,0.47184659
0,3907.2,0,0,0,691.3,40.7,0.47184659
0,3907.2,0,0,0,691.3,40.7,0.47184659
0,3907.4,0,0.2,0,691.3,40.7,0.47184659
0,3907.4,0,0,0,691.3,40.7,0.47184659
0,3907.5,0,0.1,0,691.3,40.7,0.47184659
0,3907.6,0,0.1,0,691.3,40.7,0.47184659
0,3907.6,0,0,0,691.3,40.7,0.47184659
0,3907.7,0,0.1,0,691.3,40.7,0.47184659
0,3907.8,0,0.1,0,691.3,40.7,0.47184659
0,3907.8,0,0,0,691.3,40.7,0.47184659
0,3907.8,0,0,0,691.3,40.7,0.47184659
0,3907.9,0,0.1,0,691.3,40.7,0.47184659
0,3908,0,0.1,0,691.3,40.7,0.47184659
989.6,3875,989.6,-33,3.8347,691.6,40.7,0.47161739
1984.7,3839.8,995.1,-35.2,7.6208511,692.1,40.7,0.47123539
1979.6,3837.3,-5.1,-2.5,7.5963191,692.7,40.7,0.47077699
1975.7,3835.3,-3.9,-2,7.5774022,693.2,40.7,0.47039499
1970.8,3833.5,-4.9,-1.8,7.5550618,693.8,40.7,0.46993659
1983.6,3831.3,12.8,-2.2,7.5997667,694.3,40.7,0.46955459
1975.7,3829.9,-7.9,-1.4,7.5667334,694.9,40.7,0.46909619
1982.8,3828.1,7.1,-1.8,7.5903567,695.4,40.7,0.46871419
1976.6,3826.8,-6.2,-1.3,7.5640529,696,40.7,0.46825579
1974.7,3825.5,-1.9,-1.3,7.5542148,696.5,40.7,0.46787379
1972.7,3824.2,-2,-1.3,7.5439993,697.1,40.7,0.46741539
1982.6,3822.5,9.9,-1.7,7.5784885,697.6,40.7,0.46703339
1976.7,3821.4,-5.9,-1.1,7.5537614,698.2,40.7,0.46657499
1990.7,3819.7,14,-1.7,7.6038768,698.7,40.7,0.46619299
1987.7,3818.6,-3,-1.1,7.5902312,699.3,40.7,0.46573459
1985.6,3817.5,-2.1,-1.1,7.580028,699.8,40.7,0.46535259
1982.8,3816.5,-2.8,-1,7.5673562,700.4,40.7,0.46489419
1978.6,3815.6,-4.2,-0.9,7.5495462,700.9,40.7,0.46451219
1971.7,3814.8,-6.9,-0.8,7.5216412,701.5,40.7,0.46405379
1972.6,3813.8,0.9,-1,7.5231019,702,40.7,0.46367179
1987.6,3812.3,15,-1.5,7.5773275,702.6,40.7,0.46321339
1973.7,3811.8,-13.9,-0.5,7.5233497,703.1,40.7,0.46283139
1992.7,3810.3,19,-1.5,7.5927848,703.7,40.7,0.46237298
1971.8,3810.1,-20.9,-0.2,7.5127552,704.2,40.7,0.46199098
1975.6,3809,3.8,-1.1,7.5250604,704.8,40.7,0.46153258
1971.8,3808.3,-3.8,-0.7,7.5092059,705.3,40.7,0.46115058
1988.7,3806.9,16.9,-1.4,7.570782,705.9,40.7,0.46069218
1978.6,3806.5,-10.1,-0.4,7.5315409,706.4,40.7,0.46031018
1975.8,3805.8,-2.8,-0.7,7.5194996,707,40.7,0.45985178
1982.6,3804.7,6.8,-1.1,7.5431982,707.5,40.7,0.45946978
1968.6,3804.5,-14,-0.2,7.4895387,708.1,40.7,0.45901138
1989.8,3803,21.2,-1.5,7.5672094,708.6,40.7,0.45862938
1975.7,3802.8,-14.1,-0.2,7.513192,709.2,40.7,0.45817098
1978.7,3802,3,-0.8,7.5230174,709.7,40.7,0.45778898
1991.6,3800.8,12.9,-1.2,7.5696733,710.3,40.7,0.45733058
1978.8,3800.6,-12.8,-0.2,7.5206273,710.8,40.7,0.45694858
1985.6,3799.6,6.8,-1,7.5444858,711.4,40.7,0.45649018
1968.7,3799.6,-16.9,0,7.4802725,711.9,40.7,0.45610818
1969.7,3799,1,-0.6,7.4828903,712.5,40.7,0.45564978
1978.7,3798,9,-1,7.5151026,713,40.7,0.45526778
1981.7,3797.3,3,-0.7,7.5251094,713.6,40.7,0.45480938
1992.6,3796.4,10.9,-0.9,7.5647066,714.1,40.7,0.45442738
1977.7,3796.2,-14.9,-0.2,7.5077447,714.7,40.7,0.45396898
1977.6,3795.7,-0.1,-0.5,7.5063763,715.2,40.7,0.45358698
1971.7,3795.3,-5.9,-0.4,7.483193,715.8,40.7,0.45312858
1975.6,3794.6,3.9,-0.7,7.4966118,716.3,40.7,0.45274658
1975.8,3794.1,0.2,-0.5,7.4963828,716.9,40.7,0.45228818
1976.6,3793.5,0.8,-0.6,7.4982321,717.4,40.7,0.45190618
1969.7,3793.3,-6.9,-0.2,7.471663,718,40.7,0.45144778
1996.7,3791.8,27,-1.5,7.5710871,718.5,40.7,0.45106578
1975.6,3792,-21.1,0.2,7.4914752,719.1,40.7,0.45060738
1981.7,3791.3,6.1,-0.7,7.5132192,719.6,40.7,0.45022538
1988.6,3790.6,6.9,-0.7,7.5379872,720.2,40.7,0.44976698
1980.8,3790.4,-7.8,-0.2,7.5080243,720.7,40.7,0.44938498
1970.7,3790.3,-10.1,-0.1,7.4695442,721.3,40.7,0.44892658
1972.6,3789.7,1.9,-0.6,7.4755622,721.8,40.7,0.44854458
1979.6,3789.1,7,-0.6,7.5009024,722.4,40.7,0.44808618
1979.7,3788.6,0.1,-0.5,7.5002914,722.9,40.7,0.44770418
1983.7,3788,4,-0.6,7.5142556,723.5,40.7,0.44724578
1974.7,3787.9,-9,-0.1,7.4799661,724,40.7,0.44686378
1965.6,3787.7,-9.1,-0.2,7.4451031,724.6,40.7,0.44640538
1982.7,3786.8,17.1,-0.9,7.5080884,725.1,40.7,0.44602338
1986.8,3786.3,4.1,-0.5,7.5226208,725.7,40.7,0.44556498
1977.7,3786.2,-9.1,-0.1,7.4879677,726.2,40.7,0.44518298
1976.6,3785.8,-1.1,-0.4,7.4830123,726.8,40.7,0.44472458
1979.7,3785.3,3.1,-0.5,7.4937584,727.3,40.7,0.44434258
1986.8,3784.7,7.1,-0.6,7.519442,727.9,40.7,0.44388418
1980.7,3784.5,-6.1,-0.2,7.4959592,728.4,40.7,0.44350218
1978.6,3784.2,-2.1,-0.3,7.4874181,729,40.7,0.44304378
1980.6,3783.7,2,-0.5,7.4939962,729.5,40.7,0.44266178
1980.7,3783.4,0.1,-0.3,7.4937804,730.1,40.7,0.44220338
1973.7,3783.2,-7,-0.2,7.4669018,730.6,40.7,0.44182138
1977.7,3782.8,4,-0.4,7.4812436,731.2,40.7,0.44136298
1976.7,3782.5,-1,-0.3,7.4768678,731.7,40.7,0.44098098
1996.6,3781.4,19.9,-1.1,7.5499432,732.3,40.7,0.44052258
1980.7,3781.6,-15.9,0.2,7.4902151,732.8,40.7,0.44014058
1984.7,3781.2,4,-0.4,7.5045476,733.4,40.7,0.43968218
1982.7,3780.9,-2,-0.3,7.4963904,733.9,40.7,0.43930018
1984.7,3780.5,2,-0.4,7.5031583,734.5,40.7,0.43884178
1967.8,3780.7,-16.9,0.2,7.4396615,735,40.7,0.43845978
1977.7,3780.1,9.9,-0.6,7.4759038,735.6,40.7,0.43800138
1979.7,3779.7,2,-0.4,7.4826721,736.1,40.7,0.43761938
1976.6,3779.6,-3.1,-0.1,7.4707574,736.7,40.7,0.43716097
1976.6,3779.2,0,-0.4,7.4699667,737.2,40.7,0.43677897
1985.7,3778.6,9.1,-0.6,7.503166,737.8,40.7,0.43632057
1977.7,3778.6,-8,0,7.4729372,738.3,40.7,0.43593857
1981.7,3778.2,4,-0.4,7.4872589,738.9,40.7,0.43548017
1987.7,3777.7,6,-0.5,7.5089343,739.4,40.7,0.43509817
1974.7,3777.8,-13,0.1,7.4600217,740,40.7,0.43463977
1984.7,3777.2,10,-0.6,7.4966088,740.5,40.7,0.43425777
2001.7,3776.3,17,-0.9,7.5590197,741.1,40.7,0.43379937
1979.7,3776.7,-22,0.4,7.476733,741.6,40.7,0.43341737
1976.6,3776.6,-3.1,-0.1,7.4648276,742.2,40.7,0.43295897
1988.7,3775.9,12.1,-0.7,7.5091323,742.7,40.7,0.43257697
1988.7,3775.6,0,-0.3,7.5085357,743.3,40.7,0.43211857
1980.8,3775.6,-7.9,0,7.4787085,743.8,40.7,0.43173657
1987.7,3775.1,6.9,-0.5,7.5037663,744.4,40.7,0.43127817
1976.7,3775.2,-11,0.1,7.4624378,744.9,40.7,0.43089617
1969.6,3775.2,-7.1,0,7.4356339,745.5,40.7,0.43043777
1975.7,3774.8,6.1,-0.4,7.4578724,746,40.7,0.43005577
1988.7,3774.1,13,-0.7,7.5055527,746.6,40.7,0.42959737
1981.8,3774,-6.9,-0.1,7.4793132,747.1,40.7,0.42921537
1978.7,3773.8,-3.1,-0.2,7.4672181,747.7,40.7,0.42875697
1961.7,3774.2,-17,0.4,7.4038481,748.2,40.7,0.42837497
1986.7,3773.1,25,-1.1,7.4960178,748.8,40.7,0.42791657
1984.6,3772.9,-2.1,-0.2,7.4876973,749.3,40.7,0.42753457
1985.6,3772.6,1,-0.3,7.4908746,749.9,40.7,0.42707617
1983.7,3772.5,-1.9,-0.1,7.4835082,750.4,40.7,0.42669417
1974.8,3772.5,-8.9,0,7.449933,751,40.7,0.42623577
1973.7,3772.3,-1.1,-0.2,7.4453885,751.5,40.7,0.42585377
1984.7,3771.7,11,-0.6,7.485693,752.1,40.7,0.42539537
1982.7,3771.5,-2,-0.2,7.477753,752.6,40.7,0.42501337
1979.7,3771.4,-3,-0.1,7.4662406,753.2,40.7,0.42455497
1986.7,3770.9,7,-0.5,7.491647,753.7,40.7,0.42417297
2004.7,3770.1,18,-0.8,7.5579195,754.3,40.7,0.42371457
1981.9,3770.5,-22.8,0.4,7.472754,754.8,40.7,0.42333257
1987.7,3770.1,5.8,-0.4,7.4938278,755.4,40.7,0.42287417
1982.7,3770.1,-5,0,7.4749773,755.9,40.7,0.42249217
1986.7,3769.7,4,-0.4,7.489263,756.5,40.7,0.42203377
1986.7,3769.4,0,-0.3,7.488667,757,40.7,0.42165177
1981.8,3769.4,-4.9,0,7.4701969,757.6,40.7,0.42119337
1977.7,3769.3,-4.1,-0.1,7.4545446,758.1,40.7,0.42081137
1980.7,3769,3,-0.3,7.4652583,758.7,40.7,0.42035297
1988.7,3768.5,8,-0.5,7.4944159,759.3,40.7,0.41989457
1979.7,3768.6,-9,0.1,7.4606974,759.8,40.7,0.41951257
1990.7,3768,11,-0.6,7.5009576,760.4,40.7,0.41905417
1974.7,3768.3,-16,0.3,7.441262,760.9,40.7,0.41867217
2251.6,3758.6,276.9,-9.7,8.4628638,761.5,40.7,0.41821377
2525.6,3748.7,274,-9.9,9.4677167,762.2,40.7,0.41767897
2529.7,3747.6,4.1,-1.1,9.4803037,762.9,40.7,0.41714417
2523.7,3747.1,-6,-0.5,9.4565563,763.6,40.7,0.41660937
2529.6,3746.2,5.9,-0.9,9.4763875,764.3,40.7,0.41607457
2529.6,3745.5,0,-0.7,9.4746168,765,40.8,0.41553977
2510.8,3745.5,-18.8,0,9.4042014,765.7,40.8,0.41500497
2513.8,3744.8,3,-0.7,9.4136782,766.4,40.8,0.41447017
2522.7,3743.9,8.9,-0.9,9.4447365,767.1,40.8,0.41393537
2520.6,3743.4,-2.1,-0.5,9.435614,767.8,40.8,0.41340057
2520.6,3742.8,0,-0.6,9.4341017,768.5,40.8,0.41286577
2526.6,3742.1,6,-0.7,9.4547899,769.2,40.8,0.41233096
2512.7,3742,-13.9,-0.1,9.4025234,769.9,40.8,0.41179616
2527.7,3741,15,-1,9.4561257,770.6,40.8,0.41126136
2522.7,3740.7,-5,-0.3,9.4366639,771.3,40.8,0.41072656
2526.7,3740.1,4,-0.6,9.4501107,772,40.8,0.41019176
2505.8,3740.3,-20.9,0.2,9.3724437,772.7,40.8,0.40965696
2522.7,3739.3,16.9,-1,9.4331321,773.4,40.8,0.40912216
2524.7,3738.7,2,-0.6,9.4390959,774.1,40.8,0.40858736
2515.7,3738.5,-9,-0.2,9.4049445,774.8,40.8,0.40805256
2513.7,3738.2,-2,-0.3,9.3967133,775.5,40.8,0.40751776
2523.6,3737.4,9.9,-0.8,9.4317026,776.2,40.8,0.40698296
2514.7,3737.3,-8.9,-0.1,9.3981883,776.9,40.8,0.40644816
2515.7,3736.8,1,-0.5,9.4006678,777.6,40.8,0.40591336
2515.7,3736.3,0,-0.5,9.3994099,778.3,40.8,0.40537856
2520.6,3735.8,4.9,-0.5,9.4164575,779,40.8,0.40484376
2527.6,3735.1,7,-0.7,9.4408388,779.7,40.8,0.40430896
2522.7,3734.9,-4.9,-0.2,9.4220322,780.4,40.8,0.40377416
2531.6,3734.2,8.9,-0.7,9.4535007,781.1,40.8,0.40323936
2508.7,3734.5,-22.9,0.3,9.3687402,781.8,40.8,0.40270456
2544.7,3732.9,36,-1.6,9.4991106,782.5,40.8,0.40216976
2522.8,3733.3,-21.9,0.4,9.4183692,783.2,40.8,0.40163496
2526.7,3732.8,3.9,-0.5,9.4316658,783.9,40.8,0.40110016
2535.7,3732.1,9,-0.7,9.463486,784.6,40.8,0.40056536
2511.8,3732.5,-23.9,0.4,9.3752935,785.3,40.8,0.40003056
2525.6,3731.7,13.8,-0.8,9.4247815,786,40.8,0.39949576
2530.7,3731.1,5.1,-0.6,9.4422948,786.8,40.8,0.39888456
2538.7,3730.5,8,-0.6,9.4706204,787.5,40.8,0.39834976
2522.8,3730.6,-15.9,0.1,9.4115577,788.2,40.8,0.39781496
2519.7,3730.4,-3.1,-0.2,9.3994889,788.9,40.8,0.39728016
2523.7,3729.9,4,-0.5,9.4131486,789.6,40.8,0.39674536
2524.7,3729.6,1,-0.3,9.4161211,790.3,40.8,0.39621056
2520.6,3729.3,-4.1,-0.3,9.4000736,791,40.8,0.39567576
2524.8,3728.9,4.2,-0.4,9.4147267,791.7,40.8,0.39514096
2524.6,3728.5,-0.2,-0.4,9.4129711,792.4,40.8,0.39460616
2525.6,3728.1,1,-0.4,9.4156894,793.1,40.8,0.39407136
2523.8,3727.9,-1.8,-0.2,9.408474,793.8,40.8,0.39353656
2523.7,3727.5,-0.1,-0.4,9.4070917,794.5,40.8,0.39300176
2527.6,3727.1,3.9,-0.4,9.420618,795.2,40.8,0.39246696
2531.8,3726.6,4.2,-0.5,9.4350059,795.9,40.8,0.39193216
2525.6,3726.5,-6.2,-0.1,9.4116484,796.6,40.8,0.39139736
2524.8,3726.2,-0.8,-0.3,9.4079098,797.3,40.8,0.39086256
2527.6,3725.8,2.8,-0.4,9.4173321,798,40.9,0.39032776
2534.6,3725.2,7,-0.6,9.4418919,798.7,40.9,0.38979296
2511.7,3725.6,-22.9,0.4,9.3575895,799.4,40.9,0.38925816
2524.6,3724.9,12.9,-0.7,9.4038825,800.1,40.9,0.38872336
2522.8,3724.6,-1.8,-0.3,9.3964209,800.8,40.9,0.38818856
2511.7,3724.7,-11.1,0.1,9.355329,801.5,40.9,0.38765376
2522.6,3724.1,10.9,-0.6,9.3944147,802.2,40.9,0.38711895
2524.8,3723.7,2.2,-0.4,9.4015978,802.9,40.9,0.38658415
2517.7,3723.6,-7.1,-0.1,9.3749077,803.6,40.9,0.38604935
2522.6,3723.2,4.9,-0.4,9.3921443,804.3,40.9,0.38551455
2520.8,3722.9,-1.8,-0.3,9.3846863,805,40.9,0.38497975
2513.6,3722.9,-7.2,0,9.3578814,805.7,40.9,0.38444495
2530.6,3722,17,-0.9,9.4188932,806.4,40.9,0.38391015
2526.7,3721.8,-3.9,-0.2,9.4038721,807.1,40.9,0.38337535
2516.6,3721.9,-10.1,0.1,9.3665335,807.8,40.9,0.38284055
2529.6,3721.2,13,-0.7,9.4131475,808.5,40.9,0.38230575
2521.7,3721.1,-7.9,-0.1,9.3834979,809.2,40.9,0.38177095
2531.6,3720.5,9.9,-0.6,9.4188178,809.9,40.9,0.38123615
2536.6,3720,5,-0.5,9.436152,810.6,40.9,0.38070135
2533.6,3719.8,-3,-0.2,9.4244853,811.3,40.9,0.38016655
2525.7,3719.8,-7.9,0,9.3950989,812,40.9,0.37963175
2522.8,3719.6,-2.9,-0.2,9.3838069,812.7,40.9,0.37909695
2522.7,3719.3,-0.1,-0.3,9.3826781,813.4,40.9,0.37856215
2534.6,3718.6,11.9,-0.7,9.4251636,814.1,40.9,0.37802735
2520.7,3718.8,-13.9,0.2,9.3739792,814.8,40.9,0.37749255
2530.6,3718.2,9.9,-0.6,9.4092769,815.5,40.9,0.37695775
2505.8,3718.8,-24.8,0.6,9.318569,816.2,40.9,0.37642295
2533.6,3717.6,27.8,-1.2,9.4189114,816.9,40.9,0.37588815
2535.7,3717.2,2.1,-0.4,9.425704,817.6,40.9,0.37535335
2518.7,3717.5,-17,0.3,9.3632672,818.3,40.9,0.37481855
2526.6,3717,7.9,-0.5,9.3913722,819,40.9,0.37428375
2524.8,3716.8,-1.8,-0.2,9.3841766,819.7,40.9,0.37374895
2521.6,3716.6,-3.2,-0.2,9.3717786,820.4,40.9,0.37321415
2525.7,3716.2,4.1,-0.4,9.3860063,821.1,40.9,0.37267935
2527.7,3715.8,2,-0.4,9.3924277,821.8,40.9,0.37214455
2526.6,3715.6,-1.1,-0.2,9.387835,822.5,40.9,0.37160975
2534.8,3715,8.2,-0.6,9.416782,823.2,41,0.37107495
2511.7,3715.5,-23.1,0.5,9.3322213,823.9,41,0.37054015
2528.7,3714.7,17,-0.8,9.3933619,824.6,41,0.37000535
2529.6,3714.4,0.9,-0.3,9.3959462,825.3,41,0.36947055
2525.6,3714.3,-4,-0.1,9.3808361,826,41,0.36893575
2525.7,3714,0.1,-0.3,9.3804498,826.7,41,0.36840095
2528.6,3713.7,2.9,-0.3,9.3904618,827.4,41,0.36786615
2528.7,3713.4,0.1,-0.3,9.3900746,828.1,41,0.36733135
2520.7,3713.4,-8,0,9.3603674,828.8,41,0.36679655
2520.6,3713.1,-0.1,-0.3,9.3592399,829.5,41,0.36626175
2522.7,3712.8,2.1,-0.3,9.3662806,830.2,41,0.36572695
2522.7,3712.5,0,-0.3,9.3655237,830.9,41,0.36519215
2524.7,3712.2,2,-0.3,9.3721913,831.6,41,0.36465735
2531.7,3711.7,7,-0.5,9.3969109,832.3,41,0.36412255
2521.7,3711.8,-10,0.1,9.3600461,833,41,0.36358775
2524.5,3711.4,2.8,-0.4,9.3694293,833.7,41,0.36305295
2517.8,3711.4,-6.7,0,9.3445629,834.4,41,0.36251815
2509.8,3711.4,-8,0,9.3148717,835.1,41,0.36198334
2515.6,3711,5.8,-0.4,9.3353916,835.8,41,0.36144854
2525.7,3710.4,10.1,-0.6,9.3713573,836.5,41,0.36091374
2523.7,3710.1,-2,-0.3,9.3631794,837.2,41,0.36037894
2530.7,3709.7,7,-0.4,9.3881378,837.9,41,0.35984414
2531.7,3709.4,1,-0.3,9.391088,838.6,41,0.35930934
2518.7,3709.6,-13,0.2,9.3433695,839.3,41,0.35877454
2523.7,3709.1,5,-0.5,9.3606557,840,41,0.35823974
2529.7,3708.7,6,-0.4,9.3818984,840.8,41,0.35762854
2527.6,3708.5,-2.1,-0.2,9.3736046,841.5,41,0.35709374
2517.7,3708.6,-9.9,0.1,9.3371422,842.2,41,0.35655894
2516.7,3708.4,-1,-0.2,9.3329303,842.9,41,0.35602414
2534.6,3707.5,17.9,-0.9,9.3970295,843.6,41,0.35548934
2262.7,3716.6,-271.9,9.1,8.4095508,844.2,41,0.35503094
1984.7,3726.3,-278,9.7,7.3955876,844.7,41,0.35464894
1997.7,3726.3,13,0,7.4440295,845.3,41,0.35419054
1994.7,3726.7,-3,0.4,7.4336485,845.8,41,0.35380854
2003.7,3726.6,9,-0.1,7.4669884,846.4,41,0.35335014
2002.6,3726.9,-1.1,0.3,7.4634899,847,41,0.35289174
1997.8,3727.3,-4.8,0.4,7.4463999,847.5,41,0.35250974
2001.6,3727.3,3.8,0,7.4605637,848.1,41.1,0.35205134
1992.7,3727.7,-8.9,0.4,7.4281878,848.6,41.1,0.35166934
2001.7,3727.6,9,-0.1,7.4615369,849.2,41.1,0.35121094
2013.6,3727.3,11.9,-0.3,7.5052913,849.7,41.1,0.35082894
1998.8,3727.8,-14.8,0.5,7.4511266,850.3,41.1,0.35037054
1998.7,3727.9,-0.1,0.1,7.4509537,850.8,41.1,0.34998854
1986.7,3728.5,-12,0.6,7.4074109,851.4,41.1,0.34953014
1996.7,3728.2,10,-0.3,7.4440969,852,41.1,0.34907174
2000.7,3728.1,4,-0.1,7.4588097,852.5,41.1,0.34868974
2003.7,3728,3,-0.1,7.4697936,853.1,41.1,0.34823134
1997.8,3728.2,-5.9,0.2,7.448198,853.6,41.1,0.34784934
1997.7,3728.3,-0.1,0.1,7.4480249,854.2,41.1,0.34739094
1983.7,3728.8,-14,0.5,7.3968206,854.7,41.1,0.34700894
1996.7,3728.4,13,-0.4,7.4444963,855.3,41.1,0.34655054
1994.6,3728.4,-2.1,0,7.4366666,855.8,41.1,0.34616854
1995.7,3728.4,1.1,0,7.4407679,856.4,41.1,0.34571014
2001.7,3728.2,6,-0.2,7.4627379,856.9,41.1,0.34532814
2006.6,3728,4.9,-0.2,7.4806048,857.5,41.1,0.34486974
1991.7,3728.5,-14.9,0.5,7.4260535,858.1,41.1,0.34441134
1989.7,3728.5,-2,0,7.4185964,858.6,41.1,0.34402934
2000.6,3728.1,10.9,-0.4,7.4584369,859.2,41.1,0.34357094
2000.7,3728.1,0.1,0,7.4588097,859.7,41.1,0.34318894
1995.8,3728.2,-4.9,0.1,7.4407416,860.3,41.1,0.34273054
2002.6,3727.9,6.8,-0.3,7.4654925,860.8,41.1,0.34234854
2013.6,3727.5,11,-0.4,7.505694,861.4,41.1,0.34189014
2000.8,3727.8,-12.8,0.3,7.4585822,861.9,41.1,0.34150814
1999.7,3727.8,-1.1,0,7.4544817,862.5,41.1,0.34104974
1998.7,3727.8,-1,0,7.4507539,863.1,41.1,0.34059134
2004.7,3727.5,6,-0.3,7.4725193,863.6,41.1,0.34020934
1999.7,3727.6,-5,0.1,7.4540817,864.2,41.1,0.33975094
2007.6,3727.3,7.9,-0.3,7.4829275,864.7,41.1,0.33936894
1992.8,3727.7,-14.8,0.4,7.4285606,865.3,41.1,0.33891054
2003.7,3727.2,10.9,-0.5,7.4681906,865.8,41.1,0.33852854
2010.7,3726.9,7,-0.3,7.4936778,866.4,41.1,0.33807014
1995.7,3727.3,-15,0.4,7.4385726,867,41.1,0.33761174
2010.7,3726.7,15,-0.6,7.4932757,867.5,41.1,0.33722973
1995.6,3727.1,-15.1,0.4,7.4378008,868.1,41.1,0.33677133
1995.7,3727.1,0.1,0,7.4381735,868.6,41.1,0.33638933
1994.7,3727,-1,-0.1,7.4342469,869.2,41.1,0.33593093
1995.6,3726.9,0.9,-0.1,7.4374016,869.7,41.1,0.33554893
2004.7,3726.5,9.1,-0.4,7.4705146,870.3,41.1,0.33509053
1994.7,3726.7,-10,0.2,7.4336485,870.8,41.1,0.33470853
2004.7,3726.3,10,-0.4,7.4701136,871.4,41.1,0.33425013
2002.6,3726.3,-2.1,0,7.4622884,872,41.1,0.33379173
1999.7,3726.2,-2.9,-0.1,7.4512821,872.5,41.1,0.33340973
1994.9,3726.3,-4.8,0.1,7.4335959,873.1,41.1,0.33295133
1999.7,3726,4.8,-0.3,7.4508822,873.6,41.1,0.33256933
1998.8,3725.9,-0.9,-0.1,7.4473289,874.2,41.1,0.33211093
2009.6,3725.5,10.8,-0.4,7.4867648,874.7,41.1,0.33172893
1999.7,3725.6,-9.9,0.1,7.4500823,875.3,41.1,0.33127053
1999.7,3725.6,0,0,7.4500823,875.8,41.1,0.33088853
2000.7,3725.4,1,-0.2,7.4534078,876.4,41.1,0.33043013
2000.6,3725.2,-0.1,-0.2,7.4526351,877,41.1,0.32997173
2002.7,3725.1,2.1,-0.1,7.4602578,877.5,41.1,0.32958973
1994.7,3725.2,-8,0.1,7.4306564,878.1,41.2,0.32913133
2001.6,3724.8,6.9,-0.4,7.4555597,878.6,41.2,0.32874933
1998.7,3724.8,-2.9,0,7.4447578,879.2,41.2,0.32829093
2000.7,3724.7,2,-0.1,7.4520073,879.7,41.2,0.32790893
1987.7,3725,-13,0.3,7.4041825,880.3,41.2,0.32745053
1995.6,3724.6,7.9,-0.4,7.4328118,880.8,41.2,0.32706853
1995.7,3724.4,0.1,-0.2,7.4327851,881.4,41.2,0.32661013
1001,3758.4,-994.7,34,3.7621584,881.7,41.2,0.32638093
0,3793.5,-1001,35.1,0,881.7,41.2,0.32638093
0,3796.1,0,2.6,0,881.7,41.2,0.32638093
0,3798.2,0,2.1,0,881.7,41.2,0.32638093
0,3800.1,0,1.9,0,881.7,41.2,0.32638093
0,3801.8,0,1.7,0,881.7,41.2,0.32638093
0,3803.4,0,1.6,0,881.7,41.2,0.32638093
0,3804.9,0,1.5,0,881.7,41.2,0.32638093
0,3806.3,0,1.4,0,881.7,41.2,0.32638093
0,3807.6,0,1.3,0,881.7,41.2,0.32638093
0,3808.9,0,1.3,0,881.7,41.2,0.32638093
0,3810.2,0,1.3,0,881.7,41.2,0.32638093
0,3811.4,0,1.2,0,881.7,41.2,0.32638093
0,3812.5,0,1.1,0,881.7,41.2,0.32638093
0,3813.5,0,1,0,881.7,41.2,0.32638093
0,3814.6,0,1.1,0,881.7,41.2,0.32638093
0,3815.6,0,1,0,881.7,41.2,0.32638093
0,3816.5,0,0.9,0,881.7,41.2,0.32638093
0,3817.5,0,1,0,881.7,41.2,0.32638093
0,3818.3,0,0.8,0,881.7,41.2,0.32638093
0,3819.3,0,1,0,881.7,41.2,0.32638093
0,3820.1,0,0.8,0,881.7,41.2,0.32638093
0,3820.9,0,0.8,0,881.7,41.2,0.32638093
0,3821.7,0,0.8,0,881.7,41.2,0.32638093
0,3822.5,0,0.8,0,881.7,41.2,0.32638093
0,3823.2,0,0.7,0,881.7,41.2,0.32638093
0,3823.9,0,0.7,0,881.7,41.2,0.32638093
0,3824.6,0,0.7,0,881.7,41.2,0.32638093
0,3825.3,0,0.7,0,881.7,41.2,0.32638093
0,3826,0,0.7,0,881.7,41.2,0.32638093
0,3826.6,0,0.6,0,881.7,41.2,0.32638093
0,3827.2,0,0.6,0,881.7,41.2,0.32638093
0,3827.8,0,0.6,0,881.7,41.2,0.32638093
0,3828.4,0,0.6,0,881.7,41.2,0.32638093
0,3829,0,0.6,0,881.7,41.2,0.32638093
0,3829.6,0,0.6,0,881.7,41.2,0.32638093
0,3830.1,0,0.5,0,881.7,41.2,0.32638093
0,3830.6,0,0.5,0,881.7,41.2,0.32638093
0,3831.1,0,0.5,0,881.7,41.2,0.32638093
0,3831.6,0,0.5,0,881.7,41.2,0.32638093
0,3832.1,0,0.5,0,881.7,41.2,0.32638093
0,3832.6,0,0.5,0,881.7,41.2,0.32638093
0,3833.1,0,0.5,0,881.7,41.2,0.32638093
0,3833.5,0,0.4,0,881.7,41.2,0.32638093
0,3834,0,0.5,0,881.7,41.1,0.32638093
0,3834.4,0,0.4,0,881.7,41.1,0.32638093
0,3834.8,0,0.4,0,881.7,41.1,0.32638093
0,3835.2,0,0.4,0,881.7,41.1,0.32638093
0,3835.6,0,0.4,0,881.7,41.1,0.32638093
0,3836,0,0.4,0,881.7,41.1,0.32638093
0,3836.4,0,0.4,0,881.7,41.1,0.32638093
0,3836.7,0,0.3,0,881.7,41.1,0.32638093
0,3837.1,0,0.4,0,881.7,41.1,0.32638093
0,3837.5,0,0.4,0,881.7,41.1,0.32638093
0,3837.8,0,0.3,0,881.7,41.1,0.32638093
0,3838.2,0,0.4,0,881.7,41.1,0.32638093
0,3838.5,0,0.3,0,881.7,41.1,0.32638093
0,3838.8,0,0.3,0,881.7,41.1,0.32638093
0,3839.1,0,0.3,0,881.7,41.1,0.32638093
0,3839.4,0,0.3,0,881.7,41.1,0.32638093
0,3839.7,0,0.3,0,881.7,41.1,0.32638093
0,3840.1,0,0.4,0,881.7,41.1,0.32638093
0,3840.3,0,0.2,0,881.7,41.1,0.32638093
0,3840.6,0,0.3,0,881.7,41.1,0.32638093
0,3840.9,0,0.3,0,881.7,41.1,0.32638093
0,3841.2,0,0.3,0,881.7,41.1,0.32638093
0,3841.4,0,0.2,0,881.7,41.1,0.32638093
0,3841.7,0,0.3,0,881.7,41.1,0.32638093
0,3841.9,0,0.2,0,881.7,41.1,0.32638093
0,3842.2,0,0.3,0,881.7,41.1,0.32638093
0,3842.5,0,0.3,0,881.7,41.1,0.32638093
0,3842.7,0,0.2,0,881.7,41.1,0.32638093
0,3842.9,0,0.2,0,881.7,41.1,0.32638093
0,3843.1,0,0.2,0,881.7,41.1,0.32638093
0,3843.4,0,0.3,0,881.7,41.1,0.32638093
0,3843.6,0,0.2,0,881.7,41.1,0.32638093
0,3843.8,0,0.2,0,881.7,41.1,0.32638093
0,3844,0,0.2,0,881.7,41.1,0.32638093
0,3844.2,0,0.2,0,881.7,41.1,0.32638093
0,3844.4,0,0.2,0,881.7,41.1,0.32638093
0,3844.7,0,0.3,0,881.7,41.1,0.32638093
0,3844.9,0,0.2,0,881.7,41.1,0.32638093
0,3845.1,0,0.2,0,881.7,41.1,0.32638093
0,3845.3,0,0.2,0,881.7,41.1,0.32638093
0,3845.4,0,0.1,0,881.7,41.1,0.32638093
0,3845.6,0,0.2,0,881.7,41.1,0.32638093
0,3845.8,0,0.2,0,881.7,41.1,0.32638093
0,3846,0,0.2,0,881.7,41.1,0.32638093
560.8,3827.8,560.8,-18.2,2.1466302,881.8,41.1,0.32630453
1127.8,3808.1,567,-19.7,4.2947752,882.1,41.1,0.32607533
1119.9,3807.1,-7.9,-1,4.2635713,882.4,41.1,0.32584613
1120.8,3806,0.9,-1.1,4.2657648,882.8,41,0.32554053
1124.8,3805,4,-1,4.279864,883.1,41,0.32531133
1122.9,3804.2,-1.9,-0.8,4.2717362,883.4,41,0.32508213
1113.8,3803.7,-9.1,-0.5,4.2365611,883.7,41,0.32485293
1134.9,3802.3,21.1,-1.4,4.3152303,884,41,0.32462373
1122.8,3802,-12.1,-0.3,4.2688856,884.3,41,0.32439453
1125.8,3801.2,3,-0.8,4.279391,884.6,41,0.32416533
1111.8,3801,-14,-0.2,4.2259518,884.9,41,0.32393613
1124.8,3800,13,-1,4.27424,885.3,41,0.32363053
1115.9,3799.7,-8.9,-0.3,4.2400852,885.6,41,0.32340133
1122.9,3798.9,7,-0.8,4.2657848,885.9,41,0.32317213
1115.9,3798.6,-7,-0.3,4.2388577,886.2,41,0.32294293
1121.9,3797.9,6,-0.7,4.260864,886.5,41,0.32271373
1121.9,3797.4,0,-0.5,4.2603031,886.8,41,0.32248453
1108.9,3797.3,-13,-0.1,4.210826,887.1,41,0.32225533
1123.9,3796.4,15,-0.9,4.266774,887.4,41,0.32202613
1127.9,3795.7,4,-0.7,4.28117,887.7,41,0.32179693
1123.9,3795.4,-4,-0.3,4.2656501,888.1,41,0.32149133
1125.9,3794.9,2,-0.5,4.2726779,888.4,41,0.32126213
1114.8,3794.8,-11.1,-0.1,4.230443,888.7,41,0.32103293
1119.8,3794.3,5,-0.5,4.2488571,889,41,0.32080373
1119.8,3793.8,0,-0.5,4.2482972,889.3,41,0.32057453
1116.8,3793.5,-3,-0.3,4.2365808,889.6,41,0.32034533
1128.8,3792.7,12,-0.8,4.2811998,889.9,41,0.32011613
1126.9,3792.4,-1.9,-0.3,4.2736556,890.2,41,0.31988693
1120.8,3792.2,-6.1,-0.2,4.2502978,890.5,41,0.31965773
1130.8,3791.5,10,-0.7,4.2874282,890.9,41,0.31935213
1114.8,3791.7,-16,0.2,4.2269872,891.2,41,0.31912293
1123.8,3791,9,-0.7,4.2603258,891.5,41,0.31889373
1104.9,3791.4,-18.9,0.4,4.1891179,891.8,41,0.31866453
1113.8,3790.7,8.9,-0.7,4.2220817,892.1,41,0.31843533
1136.8,3789.6,23,-1.1,4.3080173,892.4,41,0.31820613
1115.8,3790,-21,0.4,4.228882,892.7,41,0.31797693
1122.9,3789.4,7.1,-0.6,4.2551173,893,41,0.31774773
1122.9,3789.1,0,-0.3,4.2547804,893.3,41,0.31751853
1139.8,3788.3,16.9,-0.8,4.3179043,893.7,41,0.31721293
1133.8,3788.1,-6,-0.2,4.2949478,894,41,0.31698373
1117.9,3788.4,-15.9,0.3,4.2350524,894.3,41,0.31675453
1124.9,3787.8,7,-0.6,4.2608962,894.6,41,0.31652533
1127.8,3787.5,2.9,-0.3,4.2715425,894.9,41,0.31629613
1119.8,3787.4,-8,-0.1,4.2411305,895.2,41,0.31606693
1121.9,3787.1,2.1,-0.3,4.2487475,895.5,41,0.31583773
1123.8,3786.7,1.9,-0.4,4.2554935,895.9,41,0.31553213
1131.9,3786.2,8.1,-0.5,4.2855998,896.2,41,0.31530293
1124.9,3786.2,-7,0,4.2590964,896.5,41,0.31507373
1127.8,3785.8,2.9,-0.4,4.2696252,896.8,41,0.31484453
1125.8,3785.6,-2,-0.2,4.2618285,897.1,41,0.31461533
1116.9,3785.6,-8.9,0,4.2281366,897.4,41,0.31438613
1133.9,3784.9,17,-0.7,4.2916981,897.7,41,0.31415693
1124.8,3784.9,-9.1,0,4.2572555,898,41,0.31392773
1124.8,3784.6,0,-0.3,4.2569181,898.4,41,0.31362213
1128.8,3784.3,4,-0.3,4.2717178,898.7,41,0.31339293
1130,3784,1.2,-0.3,4.27592,899,41,0.31316373
1124.8,3783.9,-5.2,-0.1,4.2561307,899.3,41,0.31293453
1115.8,3784,-9,0.1,4.2221872,899.6,41,0.31270533
1116.8,3783.8,1,-0.2,4.2257478,899.9,41,0.31247612
1120.9,3783.4,4.1,-0.4,4.2408131,900.2,41,0.31224692
1129.8,3782.9,8.9,-0.5,4.2739204,900.5,41,0.31201772
1113.8,3783.2,-16,0.3,4.2137282,900.8,41,0.31178852
1132.9,3782.4,19.1,-0.8,4.285081,901.2,41,0.31148292
1124.9,3782.4,-8,0,4.2548218,901.5,41,0.31125372
1133.8,3781.9,8.9,-0.5,4.2879182,901.8,41,0.31102452
1119.8,3782.2,-14,0.3,4.2353076,902.1,41,0.31079532
1115.9,3782.1,-3.9,-0.1,4.2204454,902.4,41,0.31056612
756,3794.1,-359.9,12,2.8683396,902.6,41,0.31041332
397,3806.7,-359,12.6,1.5112599,902.7,41,0.31033692
387,3807.7,-10,1,1.4735799,902.8,41,0.31026052
385,3808.4,-2,0.7,1.466234,902.9,41,0.31018412
389.9,3808.8,4.9,0.4,1.4850511,903.1,41,0.31003132
391,3809.2,1.1,0.4,1.4893972,903.2,41,0.30995492
385,3809.9,-6,0.7,1.4668115,903.3,41,0.30987852
380,3810.5,-5,0.6,1.44799,903.4,41,0.30980212
389.9,3810.5,9.9,0,1.485714,903.5,41,0.30972572
392.9,3810.8,3,0.3,1.4972633,903.6,41,0.30964932
390,3811.2,-2.9,0.4,1.486368,903.7,41,0.30957292
390,3811.6,0,0.4,1.486524,903.8,41,0.30949652
387.9,3811.9,-2.1,0.3,1.478636,903.9,41,0.30942012
386,3812.3,-1.9,0.4,1.4715478,904,41,0.30934372
383.1,3812.7,-2.9,0.4,1.4606454,904.1,41,0.30926732
402.9,3812.3,19.8,-0.4,1.5359757,904.2,41,0.30919092
386.9,3813.1,-16,0.8,1.4752884,904.4,41,0.30903812
386.9,3813.3,0,0.2,1.4753658,904.5,41,0.30896172
394,3813.3,7.1,0,1.5024402,904.6,41,0.30888532
386.9,3813.8,-7.1,0.5,1.4755592,904.7,41,0.30880892
383.9,3814.1,-3,0.3,1.464233,904.8,41,0.30873252
382.9,3814.4,-1,0.3,1.4605338,904.9,41,0.30865612
378,3814.7,-4.9,0.3,1.4419566,905,41,0.30857972
397.9,3814.3,19.9,-0.4,1.51771,905.1,41,0.30850332
393.9,3814.6,-4,0.3,1.5025709,905.2,41,0.30842692
381.9,3815.2,-12,0.6,1.4570249,905.3,41,0.30835052
395,3814.9,13.1,-0.3,1.5068855,905.4,41,0.30827412
389,3815.3,-6,0.4,1.4841517,905.5,41,0.30819772
404.9,3814.9,15.9,-0.4,1.544653,905.7,41,0.30804492
377.9,3815.9,-27,1,1.4420286,905.8,41,0.30796852
381.9,3816,4,0.1,1.4573304,905.9,40.9,0.30789212
390,3815.9,8.1,-0.1,1.488201,906,40.9,0.30781572
387,3816.1,-3,0.2,1.4768307,906.1,40.9,0.30773932
397.9,3815.9,10.9,-0.2,1.5183466,906.2,40.9,0.30766292
393,3816.2,-4.9,0.3,1.4997666,906.3,40.9,0.30758652
378,3816.8,-15,0.6,1.4427504,906.4,40.9,0.30751012
383.9,3816.8,5.9,0,1.4652695,906.5,40.9,0.30743372
377.9,3817.1,-6,0.3,1.4424821,906.6,40.9,0.30735732
392,3816.7,14.1,-0.4,1.4961464,906.7,40.9,0.30728092
392.9,3816.8,0.9,0.1,1.4996207,906.8,40.9,0.30720452
388.8,3817,-4.1,0.2,1.4840496,906.9,40.9,0.30712812
395.9,3816.9,7.1,-0.1,1.5111107,907,40.9,0.30705172
391,3817.2,-4.9,0.3,1.4925252,907.2,40.9,0.30689892
392.9,3817.2,1.9,0,1.4997779,907.3,40.9,0.30682252
391.9,3817.3,-1,0.1,1.4959999,907.4,40.9,0.30674612
394.9,3817.3,3,0,1.5074518,907.5,40.9,0.30666972
391,3817.5,-3.9,0.2,1.4926425,907.6,40.9,0.30659332
377.9,3818,-13.1,0.5,1.4428222,907.7,40.9,0.30651692
406.9,3817.2,29,-0.8,1.5532187,907.8,40.9,0.30644052
392,3817.7,-14.9,0.5,1.4965384,907.9,40.9,0.30636412
394,3817.7,2,0,1.5041738,908,40.9,0.30628772
394.9,3817.8,0.9,0.1,1.5076492,908.1,40.9,0.30621132
388.9,3818,-6,0.2,1.4848202,908.2,40.9,0.30613492
393,3817.9,4.1,-0.1,1.5004347,908.4,40.9,0.30598212
397,3817.9,4,0,1.5157063,908.5,40.9,0.30590572
371.2,3818.8,-25.8,0.9,1.4175386,908.6,40.9,0.30582932
393,3818.1,21.8,-0.7,1.5005133,908.7,40.9,0.30575292
381.9,3818.6,-11.1,0.5,1.4583233,908.8,40.9,0.30567652
369.9,3819,-12,0.4,1.4126481,908.9,40.9,0.30560012
377.9,3818.9,8,-0.1,1.4431623,909,40.9,0.30552372
385.9,3818.6,8,-0.3,1.4735977,909.1,40.9,0.30544732
393.9,3818.4,8,-0.2,1.5040678,909.2,40.9,0.30537092
377.1,3819.1,-16.8,0.7,1.4401826,909.3,40.9,0.30529452
398.9,3818.4,21.8,-0.7,1.5231598,909.4,40.9,0.30521812
392.9,3818.6,-6,0.2,1.5003279,909.5,40.9,0.30514172
382.9,3819,-10,0.4,1.4622951,909.6,40.9,0.30506532
402.9,3818.3,20,-0.7,1.5383931,909.8,40.9,0.30491252
381.9,3819.1,-21,0.8,1.4585143,909.9,40.9,0.30483612
388.9,3818.9,7,-0.2,1.4851702,910,40.9,0.30475972
400,3818.6,11.1,-0.3,1.52744,910.1,40.9,0.30468332
388.9,3819,-11.1,0.4,1.4852091,910.2,40.9,0.30460692
379.9,3819.3,-9,0.3,1.4509521,910.3,40.9,0.30453052
394.9,3818.8,15,-0.5,1.5080441,910.4,40.9,0.30445412
391,3819,-3.9,0.2,1.493229,910.5,40.9,0.30437772
380.9,3819.4,-10.1,0.4,1.4548095,910.6,40.9,0.30430132
398,3818.9,17.1,-0.5,1.5199222,910.7,40.9,0.30422492
393,3819,-5,0.1,1.500867,910.8,40.9,0.30414852
377.9,3819.6,-15.1,0.6,1.4434268,910.9,40.9,0.30407212
385,3819.4,7.1,-0.2,1.470469,911,40.9,0.30399572
390,3819.2,5,-0.2,1.489488,911.2,40.9,0.30384292
378.9,3819.6,-11.1,0.4,1.4472464,911.3,40.9,0.30376652
393.9,3819.2,15,-0.4,1.5043829,911.4,40.9,0.30369012
393,3819.2,-0.9,0,1.5009456,911.5,40.9,0.30361372
389.9,3819.3,-3.1,0.1,1.4891451,911.6,40.9,0.30353732
395.9,3819.1,6,-0.2,1.5119817,911.7,40.9,0.30346092
380,3819.7,-15.9,0.6,1.451486,911.8,40.9,0.30338452
378,3819.7,-2,0,1.4438466,911.9,40.9,0.30330812
395.9,3819.2,17.9,-0.5,1.5120213,912,40.9,0.30323172
381,3819.7,-14.9,0.5,1.4553057,912.1,40.9,0.30315532
395.9,3819.2,14.9,-0.5,1.5120213,912.2,40.9,0.30307892
391,3819.4,-4.9,0.2,1.4933854,912.3,40.9,0.30300252
386,3819.6,-5,0.2,1.4743656,912.5,40.9,0.30284972
390.9,3819.4,4.9,-0.2,1.4930035,912.6,40.9,0.30277332
379,3819.8,-11.9,0.4,1.4477042,912.7,40.9,0.30269692
388.9,3819.5,9.9,-0.3,1.4854036,912.8,40.9,0.30262052
391.9,3819.4,3,-0.1,1.4968229,912.9,40.9,0.30254412
399,3819.2,7.1,-0.2,1.5238608,913,40.9,0.30246772
398.9,3819.1,-0.1,-0.1,1.523439,913.1,40.9,0.30239132
381.9,3819.7,-17,0.6,1.4587434,913.2,40.9,0.30231492
391.9,3819.4,10,-0.3,1.4968229,913.3,40.9,0.30223852
378.9,3819.8,-13,0.4,1.4473222,913.4,40.9,0.30216212
394,3819.4,15.1,-0.4,1.5048436,913.5,40.9,0.30208572
388.9,3819.6,-5.1,0.2,1.4854424,913.6,40.9,0.30200932
404.8,3819,15.9,-0.6,1.5459312,913.8,40.9,0.30185652
378.9,3819.9,-25.9,0.9,1.4473601,913.9,40.9,0.30178012
390,3819.5,11.1,-0.4,1.489605,914,40.9,0.30170372
385,3819.7,-5,0.2,1.4705845,914.1,40.9,0.30162732
396,3819.3,11,-0.4,1.5124428,914.2,40.9,0.30155092
390.9,3819.4,-5.1,0.1,1.4930035,914.3,40.9,0.30147452
400.8,3819.1,9.9,-0.3,1.5306953,914.4,40.9,0.30139812
394,3819.4,-6.8,0.3,1.5048436,914.5,40.9,0.30132172
403,3819.1,9,-0.3,1.5390973,914.6,40.9,0.30124532
379,3819.9,-24,0.8,1.4477421,914.7,40.9,0.30116892
388.9,3819.5,9.9,-0.4,1.4854036,914.8,40.9,0.30109252
386,3819.6,-2.9,0.1,1.4743656,914.9,40.9,0.30101612
371.9,3820.1,-14.1,0.5,1.4206952,915,40.9,0.30093972
391.9,3819.4,20,-0.7,1.4968229,915.2,40.9,0.30078692
385.9,3819.7,-6,0.3,1.4740222,915.3,40.9,0.30071052
390,3819.5,4.1,-0.2,1.489605,915.4,40.9,0.30063412
394,3819.3,4,-0.2,1.5048042,915.5,40.9,0.30055772
393,3819.4,-1,0.1,1.5010242,915.6,40.9,0.30048132
394.9,3819.3,1.9,-0.1,1.5082416,915.7,40.9,0.30040492
390,3819.5,-4.9,0.2,1.489605,915.8,40.9,0.30032852
411,3818.7,21,-0.8,1.5694857,915.9,40.9,0.30025212
403,3819,-8,0.3,1.539057,916,40.9,0.30017572
382.9,3819.6,-20.1,0.6,1.4625248,916.1,40.9,0.30009932
389,3819.4,6.1,-0.2,1.4857466,916.3,40.9,0.29994652
381,3819.7,-8,0.3,1.4553057,916.4,40.9,0.29987012
385,3819.5,4,-0.2,1.4705075,916.5,40.9,0.29979372
389,3819.4,4,-0.1,1.4857466,916.6,40.9,0.29971732
1271.8,3789.4,882.8,-30,4.8193589,916.9,40.9,0.29948812
2161.6,3757.9,889.8,-31.5,8.1230766,917.5,40.9,0.29902972
2145.7,3756.1,-15.9,-1.8,8.0594638,918.1,40.9,0.29857132
2156.6,3753.7,10.9,-2.4,8.0952294,918.7,40.9,0.29811292
2154.7,3752,-1.9,-1.7,8.0844344,919.3,40.9,0.29765452
2146.6,3750.6,-8.1,-1.4,8.051038,919.9,40.9,0.29719612
2164.6,3748.5,18,-2.1,8.1140031,920.5,40.9,0.29673772
2159.6,3747.2,-5,-1.3,8.0924531,921.1,40.9,0.29627932
2166.6,3745.6,7,-1.6,8.115217,921.7,40.9,0.29582092
2147.7,3744.9,-18.9,-0.7,8.0429217,922.3,40.8,0.29536252
2157.7,3743.3,10,-1.6,8.0769184,922.9,40.8,0.29490412
2147.6,3742.4,-10.1,-0.9,8.0371782,923.5,40.8,0.29444572
2156.6,3741,9,-1.4,8.0678406,924.1,40.8,0.29398732
2171.6,3739.3,15,-1.7,8.1202639,924.7,40.8,0.29352892
2147.7,3739,-23.9,-0.3,8.0302503,925.3,40.8,0.29307052
2138.6,3738.2,-9.1,-0.8,7.9945145,925.9,40.8,0.29261212
2142.7,3737.1,4.1,-1.1,8.0074842,926.5,40.8,0.29215372
2153.7,3735.7,11,-1.4,8.0455771,927.1,40.8,0.29169532
2146.7,3735,-7,-0.7,8.0179245,927.7,40.8,0.29123692
2154.7,3733.7,8,-1.3,8.0450034,928.3,40.8,0.29077852
2142.7,3733.2,-12,-0.5,7.9991276,928.9,40.8,0.29032012
2145.7,3732.2,3,-1,8.0081815,929.5,40.8,0.28986172
2147.7,3731.3,2,-0.9,8.013713,930.1,40.8,0.28940332
2161.7,3729.9,14,-1.4,8.0629248,930.7,40.8,0.28894492
2143.7,3729.7,-18,-0.2,7.9953579,931.3,40.8,0.28848652
2160.7,3728.3,17,-1.4,8.0557378,931.9,40.9,0.28802812
2163.7,3727.3,3,-1,8.064759,932.5,40.9,0.28756972
2161.6,3726.6,-2.1,-0.7,8.0554186,933.1,40.9,0.28711131
2142.6,3726.5,-19,-0.1,7.9843989,933.7,40.9,0.28665291
2147.6,3725.6,5,-0.9,8.0010986,934.3,40.9,0.28619451
2159.6,3724.4,12,-1.2,8.0432142,934.9,40.9,0.28573611
2152.7,3724,-6.9,-0.4,8.0166548,935.5,40.9,0.28527771
2157.7,3723.1,5,-0.9,8.0333329,936.1,40.9,0.28481931
2161.6,3722.3,3.9,-0.8,8.0461237,936.7,40.9,0.28436091
2157.7,3721.7,-3.9,-0.6,8.0303121,937.3,40.9,0.28390251
2162.6,3720.9,4.9,-0.8,8.0468183,937.9,40.9,0.28344411
2146.6,3720.8,-16,-0.1,7.9870693,938.5,40.9,0.28298571
2158.7,3719.8,12.1,-1,8.0299323,939.1,40.9,0.28252731
2150.7,3719.4,-8,-0.4,7.9993136,939.7,40.9,0.28206891
2152.7,3718.7,2,-0.7,8.0052455,940.3,40.9,0.28161051
2158.7,3717.9,6,-0.8,8.0258307,940.9,40.9,0.28115211
2146.7,3717.8,-12,-0.1,7.9810013,941.5,40.9,0.28069371
2154.7,3717,8,-0.8,8.0090199,942.1,40.9,0.28023531
2147.7,3716.6,-7,-0.4,7.9821418,942.6,40.9,0.27985331
2161.6,3715.6,13.9,-1,8.031641,943.2,40.9,0.27939491
2149.7,3715.5,-11.9,-0.1,7.9872104,943.8,40.9,0.27893651
2151.7,3714.9,2,-0.6,7.9933503,944.4,40.9,0.27847811
2154.6,3714.3,2.9,-0.6,8.0028308,945,40.9,0.27801971
2151.6,3713.8,-3,-0.5,7.9906121,945.6,40.9,0.27756131
2155.6,3713.2,4,-0.6,8.0041739,946.2,40.9,0.27710291
2151.6,3712.9,-4,-0.3,7.9886756,946.8,40.9,0.27664451
2149.6,3712.4,-2,-0.5,7.980175,947.4,40.9,0.27618611
2158.6,3711.7,9,-0.7,8.0120756,948,40.9,0.27572771
2160.6,3711.1,2,-0.6,8.0182027,948.6,40.9,0.27526931
2160.6,3710.7,0,-0.4,8.0173384,949.2,40.9,0.27481091
2158.6,3710.3,-2,-0.4,8.0090536,949.8,40.9,0.27435251
2150.7,3710.1,-7.9,-0.2,7.9793121,950.4,40.9,0.27389411
2146.7,3709.7,-4,-0.4,7.963613,951,40.9,0.27343571
2163.7,3708.7,17,-1,8.0245142,951.6,40.9,0.27297731
2149.7,3708.8,-14,0.1,7.9728074,952.2,40.9,0.27251891
2148.7,3708.4,-1,-0.4,7.9682391,952.8,40.9,0.27206051
2159.7,3707.6,11,-0.8,8.0073037,953.4,40.9,0.27160211
2157.7,3707.2,-2,-0.4,7.9990254,954,40.9,0.27114371
2155.6,3706.9,-2.1,-0.3,7.9905936,954.6,40.9,0.27068531
2152.7,3706.6,-2.9,-0.3,7.9791978,955.2,40.9,0.27022691
2145.7,3706.4,-7,-0.2,7.9528225,955.8,40.9,0.26976851
2160.7,3705.5,15,-0.9,8.0064738,956.4,40.9,0.26931011
2144.6,3705.6,-16.1,0.1,7.9470298,957,40.9,0.26885171
2154.6,3704.9,10,-0.7,7.9825775,957.6,40.9,0.26839331
2167.7,3704.1,13.1,-0.8,8.0293776,958.2,40.9,0.26793491
2144.6,3704.5,-23.1,0.4,7.9446707,958.8,41,0.26747651
2142.6,3704.1,-2,-0.4,7.9364047,959.4,41,0.26701811
2160.6,3703.1,18,-1,8.0009179,960,41,0.26655971
2163.6,3702.7,3,-0.4,8.0111617,960.6,41,0.26610131
2152.7,3702.6,-10.9,-0.1,7.970587,961.2,41,0.26564291
2152.7,3702.2,0,-0.4,7.9697259,961.8,41,0.26518451
2152.7,3701.9,0,-0.3,7.9690801,962.4,41,0.26472611
2156.6,3701.4,3.9,-0.5,7.9824392,963,41,0.26426771
2143.6,3701.5,-13,0.1,7.9345354,963.6,41,0.26380931
2143.7,3701.1,0.1,-0.4,7.9340481,964.2,41,0.26335091
2153.7,3700.4,10,-0.7,7.9695515,964.8,41,0.26289251
2158.6,3699.9,4.9,-0.5,7.9866041,965.4,41,0.2624341
2163.6,3699.3,5,-0.6,8.0038055,966,41,0.2619757
2157.7,3699.2,-5.9,-0.1,7.9817638,966.6,41,0.2615173
2152.6,3699,-5.1,-0.2,7.9624674,967.2,41,0.2610589
2151.7,3698.7,-0.9,-0.3,7.9584928,967.8,41,0.2606005
2152.7,3698.3,1,-0.4,7.9613304,968.4,41,0.2601421
2156.6,3697.9,3.9,-0.4,7.9748911,969,41,0.2596837
2158.6,3697.4,2,-0.5,7.9812076,969.6,41,0.2592253
2144.7,3697.6,-13.9,0.2,7.9302427,970.2,41,0.2587669
2161.6,3696.7,16.9,-0.9,7.9907867,970.8,41,0.2583085
2153.6,3696.6,-8,-0.1,7.9609978,971.4,41,0.2578501
2153.7,3696.2,0.1,-0.4,7.9605059,972,41,0.2573917
2153.6,3695.9,-0.1,-0.3,7.9594902,972.6,41,0.2569333
2163.6,3695.3,10,-0.6,7.9951511,973.2,41,0.2564749
2147.7,3695.4,-15.9,0.1,7.9366106,973.8,41,0.2560165
2156.6,3694.8,8.9,-0.6,7.9682057,974.4,41,0.2555581
2154.6,3694.5,-2,-0.3,7.9601697,975,41,0.2550997
2147.7,3694.4,-6.9,-0.1,7.9344629,975.6,41.1,0.2546413
2144.6,3694.2,-3.1,-0.2,7.9225813,976.2,41.1,0.2541829
2162.6,3693.3,18,-0.9,7.9871306,976.8,41.1,0.2537245
2142.7,3693.6,-19.9,0.3,7.9142767,977.4,41.1,0.2532661
2164.6,3692.6,21.9,-1,7.993002,978,41.1,0.2528077
2165.7,3692.2,1.1,-0.4,7.9961975,978.6,41.1,0.2523493
2153.7,3692.3,-12,0.1,7.9521065,979.2,41.1,0.2518909
2142.7,3692.3,-11,0,7.9114912,979.7,41.1,0.2515089
2143.6,3692,0.9,-0.3,7.9141712,980.3,41.1,0.2510505
2153.6,3691.4,10,-0.6,7.949799,980.9,41.1,0.2505921
2153.7,3691,0.1,-0.4,7.9493067,981.5,41.1,0.2501337
2148.7,3690.9,-5,-0.1,7.9306368,982.1,41.1,0.2496753
2157.7,3690.2,9,-0.7,7.9623445,982.7,41.1,0.2492169
1408.9,3715.7,-748.8,25.5,5.2350497,983.1,41.1,0.2489113
661,3742.2,-747.9,26.5,2.4735942,983.3,41.1,0.2487585
676.9,3743.3,15.9,1.1,2.5338398,983.5,41.1,0.2486057
669.9,3744.9,-7,1.6,2.5087085,983.7,41.1,0.2484529
677.9,3745.8,8,0.9,2.5392778,983.9,41.1,0.2483001
668.9,3747.1,-9,1.3,2.5064352,984.1,41.1,0.2481473
671.8,3748,2.9,0.9,2.5179064,984.2,41.1,0.2480709
651.9,3749.5,-19.9,1.5,2.4442991,984.4,41.1,0.2479181
661.8,3750.1,9.9,0.6,2.4818162,984.6,41.1,0.2477653
658.9,3751,-2.9,0.9,2.4715339,984.8,41.1,0.2476125
664.9,3751.5,6,0.5,2.4943724,985,41.1,0.2474597
664.9,3752.2,0,0.7,2.4948378,985.2,41.1,0.2473069
663.9,3752.9,-1,0.7,2.4915503,985.3,41.1,0.2472305
673.9,3753.2,10,0.3,2.5292815,985.5,41.1,0.2470777
661.9,3754.2,-12,1,2.484905,985.7,41.1,0.2469249
658.9,3754.9,-3,0.7,2.4741036,985.9,41.1,0.2467721
670.9,3755,12,0.1,2.5192295,986.1,41.1,0.2466193
667.9,3755.6,-3,0.6,2.5083652,986.3,41.1,0.2464665
661.9,3756.3,-6,0.7,2.486295,986.5,41.1,0.2463137
657.9,3757,-4,0.7,2.4717303,986.6,41.1,0.2462373
677.9,3756.7,20,-0.3,2.5466669,986.8,41.1,0.2460845
660.9,3757.7,-17,1,2.4834639,987,41.1,0.2459317
665.9,3758,5,0.3,2.5024522,987.2,41.1,0.2457789
656.9,3758.7,-9,0.7,2.46909,987.4,41.2,0.2456261
675.9,3758.4,19,-0.3,2.5403026,987.6,41.2,0.2454733
668.9,3759,-7,0.6,2.5143951,987.8,41.2,0.2453205
675.9,3759.1,7,0.1,2.5407757,987.9,41.2,0.2452441
670.9,3759.6,-5,0.5,2.5223156,988.1,41.2,0.2450913
670.9,3759.9,0,0.3,2.5225169,988.3,41.2,0.2449385
678.9,3759.9,8,0,2.5525961,988.5,41.2,0.2447857
647.9,3761.3,-31,1.4,2.4369463,988.7,41.2,0.2446329
658.8,3761.2,10.9,-0.1,2.4778786,988.9,41.2,0.2444801
670.9,3761.1,12.1,-0.1,2.523322,989.1,41.2,0.2443273
669.9,3761.4,-1,0.3,2.5197619,989.2,41.2,0.2442509
659.9,3762,-10,0.6,2.4825438,989.4,41.2,0.2440981
653.9,3762.5,-6,0.5,2.4602988,989.6,41.2,0.2439453
664.9,3762.3,11,-0.2,2.5015533,989.8,41.2,0.2437925
652.9,3763,-12,0.7,2.4568627,990,41.2,0.2436397
673.9,3762.5,21,-0.5,2.5355488,990.2,41.2,0.2434869
656.9,3763.3,-17,0.8,2.4721118,990.3,41.2,0.2434105
663.9,3763.2,7,-0.1,2.4983885,990.5,41.2,0.2432577
653.9,3763.7,-10,0.5,2.4610834,990.7,41.2,0.2431049
673.9,3763.3,20,-0.4,2.5360879,990.9,41.2,0.2429521
659.9,3763.9,-14,0.6,2.4837976,991.1,41.2,0.2427993
658.9,3764.1,-1,0.2,2.4801655,991.3,41.2,0.2426465
662.9,3764.2,4,0.1,2.4952882,991.4,41.2,0.2425701
673.9,3763.9,11,-0.3,2.5364922,991.6,41.2,0.2424173
652.9,3764.8,-21,0.9,2.4580379,991.8,41.2,0.2422645
665.8,3764.5,12.9,-0.3,2.5064041,992,41.2,0.2421117
652.8,3765.1,-13,0.6,2.4578573,992.2,41.2,0.2419589
661.9,3764.9,9.1,-0.2,2.4919873,992.4,41.2,0.2418061
660.9,3765.1,-1,0.2,2.4883546,992.5,41.2,0.2417297
665.9,3765,5,-0.1,2.5071135,992.7,41.2,0.2415769
657.9,3765.4,-8,0.4,2.4772567,992.9,41.2,0.2414241
655.9,3765.6,-2,0.2,2.469857,993.1,41.2,0.2412713
666.9,3765.3,11,-0.3,2.5110786,993.3,41.2,0.2411185
674.9,3765.1,8,-0.2,2.541066,993.5,41.2,0.2409657
671.9,3765.3,-3,0.2,2.5299051,993.7,41.2,0.2408129
661.9,3765.7,-10,0.4,2.4925168,993.8,41.2,0.2407365
669.9,3765.6,8,-0.1,2.5225754,994,41.2,0.2405837
665,3765.8,-4.9,0.2,2.504257,994.2,41.2,0.2404309
661.9,3766,-3.1,0.2,2.4927154,994.4,41.1,0.2402781
661.9,3766,0,0,2.4927154,994.6,41.1,0.2401253
663.9,3766.1,2,0.1,2.5003138,994.8,41.1,0.2399725
663.9,3766.1,0,0,2.5003138,994.9,41.1,0.2398961
680.9,3765.6,17,-0.5,2.563997,995.1,41.1,0.2397433
672.9,3765.9,-8,0.3,2.5340741,995.3,41.1,0.2395905
675.9,3765.9,3,0,2.5453718,995.5,41.1,0.2394377
658.9,3766.5,-17,0.6,2.4817469,995.7,41.1,0.2392849
667.9,3766.2,9,-0.3,2.515445,995.9,41.1,0.2391321
655.9,3766.7,-12,0.5,2.4705785,996.1,41.1,0.2389793
656.9,3766.7,1,0,2.4743452,996.2,41.1,0.2389029
670.9,3766.2,14,-0.5,2.5267436,996.4,41.1,0.2387501
663.9,3766.6,-7,0.4,2.5006457,996.6,41.1,0.2385973
662.9,3766.6,-1,0,2.4968791,996.8,41.1,0.2384445
646.9,3767.2,-16,0.6,2.4370017,997,41.1,0.2382917
671.9,3766.4,25,-0.8,2.5306442,997.2,41.1,0.2381389
662.9,3766.7,-9,0.3,2.4969454,997.3,41.1,0.2380625
660.9,3766.8,-2,0.1,2.4894781,997.5,41.1,0.2379097
663.9,3766.7,3,-0.1,2.5007121,997.7,41.1,0.2377569
661.9,3766.8,-2,0.1,2.4932449,997.9,41.1,0.2376041
673.9,3766.4,12,-0.4,2.538177,998.1,41.1,0.23745129
673.9,3766.4,0,0,2.538177,998.3,41.1,0.23729849
651.9,3767.2,-22,0.8,2.4558377,998.5,41.1,0.23714569
664.9,3766.8,13,-0.4,2.5045453,998.6,41.1,0.23706929
666.9,3766.7,2,-0.1,2.5120122,998.8,41.1,0.23691649
665.9,3766.7,-1,0,2.5082455,999,41.1,0.23676369
657.9,3767,-8,0.3,2.4783093,999.2,41.1,0.23661089
675.9,3766.4,18,-0.6,2.5457098,999.4,41.1,0.23645809
660.9,3766.9,-15,0.5,2.4895442,999.6,41.1,0.23630529
662.9,3766.9,2,0,2.497078,999.7,41.1,0.23622889
658.9,3767,-4,0.1,2.4820763,999.9,41.1,0.23607609
675.9,3766.4,17,-0.6,2.5457098,1000.1,41.1,0.23592329
668.9,3766.6,-7,0.2,2.5194787,1000.3,41.1,0.23577049
660.9,3766.9,-8,0.3,2.4895442,1000.5,41.1,0.23561769
662.9,3766.8,2,-0.1,2.4970117,1000.7,41.1,0.23546489
667.9,3766.6,5,-0.2,2.5157121,1000.9,41.1,0.23531209
660.9,3766.8,-7,0.2,2.4894781,1001,41.1,0.23523569
662.9,3766.7,2,-0.1,2.4969454,1001.2,41.1,0.23508289
658.9,3766.9,-4,0.2,2.4820104,1001.4,41.1,0.23493009
665.9,3766.6,7,-0.3,2.5081789,1001.6,41.1,0.23477729
659.9,3766.8,-6,0.2,2.4857113,1001.8,41.1,0.23462449
670.9,3766.4,11,-0.4,2.5268778,1002,41.1,0.23447169
664.9,3766.6,-6,0.2,2.5044123,1002.1,41.1,0.23439529
663.9,3766.6,-1,0,2.5006457,1002.3,41.1,0.23424249
663.9,3766.6,0,0,2.5006457,1002.5,41.1,0.23408969
673.9,3766.2,10,-0.4,2.5380422,1002.7,41.1,0.23393689
668.9,3766.4,-5,0.2,2.519345,1002.9,41.1,0.23378409
674.9,3766.1,6,-0.3,2.5417409,1003.1,41.1,0.23363129
668.9,3766.3,-6,0.2,2.5192781,1003.3,41.1,0.23347849
649.9,3766.9,-19,0.6,2.4481083,1003.4,41.1,0.23340209
666.8,3766.4,16.9,-0.5,2.5114355,1003.6,41.1,0.23324929
671.9,3766.1,5.1,-0.3,2.5304426,1003.8,41.1,0.23309649
678.9,3765.8,7,-0.3,2.5566016,1004,41.1,0.23294369
655.9,3766.6,-23,0.8,2.4705129,1004.2,41.1,0.23279089
658.9,3766.5,3,-0.1,2.4817469,1004.4,41.1,0.23263809
652.9,3766.7,-6,0.2,2.4592784,1004.6,41.1,0.23248529
663.9,3766.3,11,-0.4,2.5004466,1004.7,41.1,0.23240889
656.9,3766.5,-7,0.2,2.4742139,1004.9,41.1,0.23225609
650.9,3766.6,-6,0.1,2.4516799,1005.1,41.1,0.23210329
672.9,3765.9,22,-0.7,2.5340741,1005.3,41.1,0.23195049
663.9,3766.1,-9,0.2,2.5003138,1005.5,41.1,0.23179769
669.9,3765.9,6,-0.2,2.5227764,1005.7,41.1,0.23164489
661.9,3766.1,-8,0.2,2.4927816,1005.8,41.1,0.23156849
656.9,3766.3,-5,0.2,2.4740825,1006,41.1,0.23141569
672.8,3765.7,15.9,-0.6,2.533563,1006.2,41.1,0.23126289
665.9,3765.8,-6.9,0.1,2.5076462,1006.4,41.1,0.23111009
681.9,3765.2,16,-0.6,2.5674899,1006.6,41.1,0.23095729
660.9,3765.9,-21,0.7,2.4888833,1006.8,41.1,0.23080449
672.9,3765.4,12,-0.5,2.5337377,1007,41.1,0.23065169
663.9,3765.7,-9,0.3,2.5000482,1007.1,41.1,0.23057529
665.9,3765.6,2,-0.1,2.507513,1007.3,41.1,0.23042249
661.9,3765.7,-4,0.1,2.4925168,1007.5,41.1,0.23026969
667,3765.5,5.1,-0.2,2.5115885,1007.7,41.1,0.23011689
671.9,3765.2,4.9,-0.3,2.5298379,1007.9,41.1,0.22996409
666.8,3765.4,-5.1,0.2,2.5107687,1008.1,41.1,0.22981129
664,3765.4,-2.8,0,2.5002256,1008.2,41.1,0.22973489
655.8,3765.6,-8.2,0.2,2.4694805,1008.4,41.1,0.22958209
665.8,3765.2,10,-0.4,2.5068702,1008.6,41.1,0.22942929
652.9,3765.6,-12.9,0.4,2.4585602,1008.8,41.1,0.22927649
654,3765.6,1.1,0,2.4627024,1009,41.1,0.22912369
668.9,3765.1,14.9,-0.5,2.5184754,1009.2,41.1,0.22897089
662.9,3765.2,-6,0.1,2.4959511,1009.3,41.1,0.22889449
672.9,3764.8,10,-0.4,2.5333339,1009.5,41.1,0.22874169
681.9,3764.4,9,-0.4,2.5669444,1009.7,41.1,0.22858889
663.8,3764.9,-18.1,0.5,2.4991406,1009.9,41.1,0.22843609
1179.8,3747.3,516,-17.6,4.4210645,1010.2,41.1,0.22820689
1697.7,3728.8,517.9,-18.5,6.3303838,1010.7,41.1,0.22782489
1700.7,3727.3,3,-1.5,6.3390191,1011.2,41.1,0.22744289
1702.6,3726,1.9,-1.3,6.3438876,1011.7,41.1,0.22706089
1696.8,3725.1,-5.8,-0.9,6.3207497,1012.1,41.1,0.22675529
1697.7,3724,0.9,-1.1,6.3222348,1012.6,41.1,0.22637329
1691.7,3723.3,-6,-0.7,6.2987066,1013.1,41.1,0.22599129
1687.7,3722.5,-4,-0.8,6.2824633,1013.5,41.1,0.22568569
1701.8,3721.1,14.1,-1.4,6.332568,1014,41.1,0.22530369
1699.7,3720.4,-2.1,-0.7,6.3235639,1014.5,41.1,0.22492169
1679.7,3720.2,-20,-0.2,6.2488199,1014.9,41.1,0.22461609
1692.8,3719.1,13.1,-1.1,6.2956925,1015.4,41.1,0.22423409
1688.8,3718.4,-4,-0.7,6.2796339,1015.9,41.1,0.22385209
1702.7,3717.3,13.9,-1.1,6.3294467,1016.4,41.1,0.22347009
1681.7,3717.2,-21,-0.1,6.2512152,1016.8,41.1,0.22316449
1705.8,3715.8,24.1,-1.4,6.3384116,1017.3,41.1,0.22278249
1696.7,3715.4,-9.1,-0.4,6.3039192,1017.8,41.1,0.22240049
1695.7,3714.8,-1,-0.6,6.2991864,1018.2,41.1,0.22209489
1686.7,3714.5,-9,-0.3,6.2652472,1018.7,41.1,0.22171289
1698.8,3713.5,12.1,-1,6.3084938,1019.2,41.1,0.22133089
1696.7,3713,-2.1,-0.5,6.2998471,1019.7,41.1,0.22094889
1687.7,3712.7,-9,-0.3,6.2659238,1020.1,41.1,0.22064329
1704.8,3711.6,17.1,-1.1,6.3275357,1020.6,41.1,0.22026129
1688.9,3711.6,-15.9,0,6.2685212,1021.1,41.1,0.21987929
1684.7,3711.2,-4.2,-0.4,6.2522586,1021.5,41.1,0.21957369
1702.7,3710.1,18,-1.1,6.3171873,1022,41.1,0.21919169
1692.9,3709.9,-9.8,-0.2,6.2804897,1022.5,41.1,0.21880969
1698.7,3709.2,5.8,-0.7,6.300818,1022.9,41.1,0.21850409
1684.7,3709.2,-14,0,6.2488892,1023.4,41.1,0.21812209
1704.7,3708,20,-1.2,6.3210276,1023.9,41.1,0.21774009
1701.8,3707.6,-2.9,-0.4,6.3095937,1024.4,41.1,0.21735809
1693.7,3707.4,-8.1,-0.2,6.2792234,1024.8,41.1,0.21705249
1693.7,3707,0,-0.4,6.2785459,1025.3,41.1,0.21667049
1701.7,3706.3,8,-0.7,6.3070107,1025.8,41.1,0.21628849
1696.7,3706,-5,-0.3,6.2879702,1026.2,41.1,0.21598289
1691.7,3705.7,-5,-0.3,6.2689327,1026.7,41.1,0.21560089
1697.7,3705.1,6,-0.6,6.2901483,1027.2,41.1,0.21521889
1692.8,3704.9,-4.9,-0.2,6.2716547,1027.7,41.1,0.21483689
1704.7,3704.1,11.9,-0.8,6.3143793,1028.1,41.1,0.21453129
1706.7,3703.6,2,-0.5,6.3209341,1028.6,41.1,0.21414929
1703.8,3703.2,-2.9,-0.4,6.3095122,1029.1,41.1,0.21376729
1700.7,3703,-3.1,-0.2,6.2976921,1029.6,41.1,0.21338529
1705.8,3702.4,5.1,-0.6,6.3155539,1030,41.1,0.21307969
1691.8,3702.4,-14,0,6.2637203,1030.5,41.1,0.21269769
1681.7,3702.4,-10.1,0,6.2263261,1031,41.1,0.21231568
1687.7,3701.9,6,-0.5,6.2476966,1031.4,41.1,0.21201008
1690.8,3701.4,3.1,-0.5,6.2583271,1031.9,41.1,0.21162808
1707.7,3700.5,16.9,-0.9,6.3193439,1032.4,41.1,0.21124608
1711.6,3699.9,3.9,-0.6,6.3327488,1032.9,41.1,0.21086408
1696.7,3700.1,-14.9,0.2,6.2779597,1033.3,41.1,0.21055848
1690.8,3699.9,-5.9,-0.2,6.2557909,1033.8,41.1,0.21017648
1689.7,3699.6,-1.1,-0.3,6.2512141,1034.3,41.1,0.20979448
1696.7,3699,7,-0.6,6.2760933,1034.7,41.1,0.20948888
1688.8,3698.9,-7.9,-0.1,6.2467023,1035.2,41.1,0.20910688
1685.7,3698.7,-3.1,-0.2,6.2348986,1035.7,41.1,0.20872488
1686.6,3698.3,0.9,-0.4,6.2375528,1036.1,41.1,0.20841928
1685.7,3698,-0.9,-0.3,6.2337186,1036.6,41.1,0.20803728
1699.7,3697.2,14,-0.8,6.2841308,1037.1,41.1,0.20765528
1697.6,3696.9,-2.1,-0.3,6.2758574,1037.6,41.1,0.20727328
1686.8,3697,-10.8,0.1,6.2360996,1038,41.1,0.20696768
1692.7,3696.5,5.9,-0.5,6.2570656,1038.5,41.1,0.20658568
1698.7,3695.9,6,-0.6,6.2782253,1039,41.1,0.20620368
1692.9,3695.8,-5.8,-0.1,6.2566198,1039.4,41.1,0.20589808
1697.7,3695.3,4.8,-0.5,6.2735108,1039.9,41.1,0.20551608
1699.7,3694.9,2,-0.4,6.2802215,1040.4,41.1,0.20513408
1691.7,3694.8,-8,-0.1,6.2504932,1040.8,41.1,0.20482848
1702.7,3694.2,11,-0.6,6.2901143,1041.3,41.1,0.20444648
1694.7,3694.1,-8,-0.1,6.2603913,1041.8,41.1,0.20406448
1698.7,3693.7,4,-0.4,6.2744882,1042.3,41.1,0.20368248
1693.8,3693.5,-4.9,-0.2,6.2560503,1042.7,41.1,0.20337688
1705.7,3692.8,11.9,-0.7,6.298809,1043.2,41.1,0.20299488
1696.8,3692.8,-8.9,0,6.265943,1043.7,41.1,0.20261288
1694.7,3692.6,-2.1,-0.2,6.2578492,1044.1,41.1,0.20230728
1703.8,3691.9,9.1,-0.7,6.2902592,1044.6,41.1,0.20192528
1697.6,3691.8,-6.2,-0.1,6.2671997,1045.1,41.1,0.20154328
1683.8,3692,-13.8,0.2,6.2165896,1045.6,41.1,0.20116128
1689.7,3691.5,5.9,-0.5,6.2375276,1046,41.1,0.20085568
1696.8,3691,7.1,-0.5,6.2628888,1046.5,41.1,0.20047368
1704.7,3690.4,7.9,-0.6,6.2910249,1047,41.1,0.20009168
1694.9,3690.4,-9.8,0,6.254859,1047.4,41.1,0.19978608
1695.7,3690.1,0.8,-0.3,6.2573026,1047.9,41.1,0.19940408
1690.8,3690,-4.9,-0.1,6.239052,1048.4,41.1,0.19902208
1691.6,3689.7,0.8,-0.3,6.2414965,1048.9,41.1,0.19864008
1696.7,3689.2,5.1,-0.5,6.2594656,1049.3,41.1,0.19833448
1701.7,3688.8,5,-0.4,6.277231,1049.8,41.1,0.19795248
1693.7,3688.7,-8,-0.1,6.2475512,1050.3,41.1,0.19757048
1689.7,3688.6,-4,-0.1,6.2326274,1050.7,41.1,0.19726488
1701.7,3687.9,12,-0.7,6.2756994,1051.2,41.1,0.19688288
1681.7,3688.3,-20,0.4,6.2026141,1051.7,41.1,0.19650088
1689.8,3687.8,8.1,-0.5,6.2316444,1052.1,41.1,0.19619528
1686.7,3687.6,-3.1,-0.2,6.2198749,1052.6,41.1,0.19581328
1700.7,3686.8,14,-0.8,6.2701408,1053.1,41.1,0.19543128
1714.8,3686,14.1,-0.8,6.3207528,1053.6,41.1,0.19504928
1693.9,3686.4,-20.9,0.4,6.244393,1054,41.1,0.19474368
1690.7,3686.3,-3.2,-0.1,6.2324274,1054.5,41.1,0.19436168
1697.8,3685.8,7.1,-0.5,6.2577512,1055,41.1,0.19397968
1695.7,3685.6,-2.1,-0.2,6.2496719,1055.4,41.1,0.19367408
1693.7,3685.3,-2,-0.3,6.2417926,1055.9,41.1,0.19329208
1697.8,3684.9,4.1,-0.4,6.2562232,1056.4,41.1,0.19291008
1696.7,3684.7,-1.1,-0.2,6.2518305,1056.9,41.1,0.19252808
1686.7,3684.8,-10,0.1,6.2151522,1057.3,41.1,0.19222248
1688.8,3684.4,2.1,-0.4,6.2222147,1057.8,41.1,0.19184048
1687.7,3684.2,-1.1,-0.2,6.2178243,1058.3,41.1,0.19145848
1697.8,3683.7,10.1,-0.5,6.2541859,1058.7,41.1,0.19115288
1700.8,3683.3,3,-0.4,6.2645566,1059.2,41.1,0.19077088
1690.7,3683.3,-10.1,0,6.2273553,1059.7,41.1,0.19038888
1699.8,3682.8,9.1,-0.5,6.2600234,1060.2,41.1,0.19000688
1706.8,3682.2,7,-0.6,6.284779,1060.6,41.1,0.18970128
1702.7,3682.1,-4.1,-0.1,6.2695117,1061.1,41.1,0.18931928
1708.9,3681.6,6.2,-0.5,6.2914862,1061.6,41.1,0.18893728
1706.7,3681.4,-2.2,-0.2,6.2830454,1062.1,41.1,0.18855528
1692.8,3681.6,-13.9,0.2,6.2322125,1062.5,41.2,0.18824968
1702.7,3681,9.9,-0.6,6.2676387,1063,41.2,0.18786768
1703.7,3680.8,1,-0.2,6.270979,1063.5,41.2,0.18748567
1708.7,3680.3,5,-0.5,6.2885286,1063.9,41.2,0.18718007
1693.8,3680.6,-14.9,0.3,6.2342003,1064.4,41.2,0.18679807
1693.8,3680.3,0,-0.3,6.2336921,1064.9,41.2,0.18641607
1703.7,3679.7,9.9,-0.6,6.2691049,1065.4,41.2,0.18603407
1701.7,3679.5,-2,-0.2,6.2614051,1065.8,41.2,0.18572847
1700.7,3679.3,-1,-0.2,6.2573855,1066.3,41.2,0.18534647
1711.7,3678.6,11,-0.7,6.2966596,1066.8,41.2,0.18496447
1698.9,3678.8,-12.8,0.2,6.2499133,1067.2,41.2,0.18465887
1701.7,3678.5,2.8,-0.3,6.2597034,1067.7,41.2,0.18427687
1697.7,3678.4,-4,-0.1,6.2448197,1068.2,41.2,0.18389487
1693.8,3678.3,-3.9,-0.1,6.2303045,1068.7,41.2,0.18351287
1702.6,3677.7,8.8,-0.6,6.261652,1069.1,41.2,0.18320727
1699.8,3677.6,-2.8,-0.1,6.2511845,1069.6,41.2,0.18282527
1699.7,3677.3,-0.1,-0.3,6.2503068,1070.1,41.2,0.18244327
1698.8,3677.2,-0.9,-0.1,6.2468274,1070.6,41.2,0.18206127
1702.7,3676.8,3.9,-0.4,6.2604874,1071,41.2,0.18175567
1685.9,3677.1,-16.8,0.3,6.1992229,1071.5,41.2,0.18137367
1706.7,3676.1,20.8,-1,6.2739999,1072,41.2,0.18099167
1696.8,3676.2,-9.9,0.1,6.2377762,1072.4,41.2,0.18068607
1691.7,3676.1,-5.1,-0.1,6.2188584,1072.9,41.2,0.18030407
848,3705,-843.7,28.9,3.14184,1073.1,41.2,0.18015127
0,3734.6,-848,29.6,0,1073.1,41.2,0.18015127
0,3736.6,0,2,0,1073.1,41.2,0.18015127
0,3738.3,0,1.7,0,1073.1,41.2,0.18015127
0,3739.7,0,1.4,0,1073.1,41.2,0.18015127
0,3741,0,1.3,0,1073.1,41.2,0.18015127
0,3742.2,0,1.2,0,1073.1,41.2,0.18015127
0,3743.4,0,1.2,0,1073.1,41.2,0.18015127
0,3744.4,0,1,0,1073.1,41.2,0.18015127
0,3745.5,0,1.1,0,1073.1,41.2,0.18015127
0,3746.4,0,0.9,0,1073.1,41.2,0.18015127
0,3747.3,0,0.9,0,1073.1,41.2,0.18015127
0,3748.2,0,0.9,0,1073.1,41.2,0.18015127
0,3749,0,0.8,0,1073.1,41.2,0.18015127
0,3749.8,0,0.8,0,1073.1,41.2,0.18015127
0,3750.6,0,0.8,0,1073.1,41.2,0.18015127
0,3751.3,0,0.7,0,1073.1,41.2,0.18015127
0,3752,0,0.7,0,1073.1,41.2,0.18015127
0,3752.7,0,0.7,0,1073.1,41.2,0.18015127
0,3753.4,0,0.7,0,1073.1,41.2,0.18015127
0,3754,0,0.6,0,1073.1,41.2,0.18015127
0,3754.6,0,0.6,0,1073.1,41.2,0.18015127
0,3755.2,0,0.6,0,1073.1,41.2,0.18015127
0,3755.7,0,0.5,0,1073.1,41.2,0.18015127
0,3756.3,0,0.6,0,1073.1,41.2,0.18015127
0,3756.8,0,0.5,0,1073.1,41.2,0.18015127
0,3757.3,0,0.5,0,1073.1,41.2,0.18015127
0,3757.8,0,0.5,0,1073.1,41.2,0.18015127
0,3758.3,0,0.5,0,1073.1,41.2,0.18015127
0,3758.7,0,0.4,0,1073.1,41.2,0.18015127
0,3759.1,0,0.4,0,1073.1,41.2,0.18015127
0,3759.6,0,0.5,0,1073.1,41.2,0.18015127
0,3760,0,0.4,0,1073.1,41.2,0.18015127
0,3760.4,0,0.4,0,1073.1,41.2,0.18015127
0,3760.8,0,0.4,0,1073.1,41.2,0.18015127
0,3761.2,0,0.4,0,1073.1,41.2,0.18015127
0,3761.6,0,0.4,0,1073.1,41.2,0.18015127
0,3761.9,0,0.3,0,1073.1,41.2,0.18015127
0,3762.3,0,0.4,0,1073.1,41.2,0.18015127
0,3762.6,0,0.3,0,1073.1,41.2,0.18015127
0,3762.9,0,0.3,0,1073.1,41.2,0.18015127
0,3763.3,0,0.4,0,1073.1,41.2,0.18015127
0,3763.6,0,0.3,0,1073.1,41.2,0.18015127
0,3763.9,0,0.3,0,1073.1,41.2,0.18015127
0,3764.2,0,0.3,0,1073.1,41.2,0.18015127
0,3764.5,0,0.3,0,1073.1,41.2,0.18015127
0,3764.7,0,0.2,0,1073.1,41.2,0.18015127
0,3765,0,0.3,0,1073.1,41.2,0.18015127
0,3765.3,0,0.3,0,1073.1,41.2,0.18015127
0,3765.5,0,0.2,0,1073.1,41.2,0.18015127
0,3765.8,0,0.3,0,1073.1,41.2,0.18015127
0,3766.1,0,0.3,0,1073.1,41.2,0.18015127
0,3766.3,0,0.2,0,1073.1,41.2,0.18015127
0,3766.5,0,0.2,0,1073.1,41.2,0.18015127
0,3766.8,0,0.3,0,1073.1,41.2,0.18015127
0,3767,0,0.2,0,1073.1,41.1,0.18015127
0,3767.2,0,0.2,0,1073.1,41.1,0.18015127
0,3767.4,0,0.2,0,1073.1,41.1,0.18015127
0,3767.6,0,0.2,0,1073.1,41.1,0.18015127
0,3767.8,0,0.2,0,1073.1,41.1,0.18015127
0,3768.1,0,0.3,0,1073.1,41.1,0.18015127
0,3768.2,0,0.1,0,1073.1,41.1,0.18015127
0,3768.4,0,0.2,0,1073.1,41.1,0.18015127
0,3768.6,0,0.2,0,1073.1,41.1,0.18015127
0,3768.8,0,0.2,0,1073.1,41.1,0.18015127
0,3769,0,0.2,0,1073.1,41.1,0.18015127
0,3769.1,0,0.1,0,1073.1,41.1,0.18015127
0,3769.3,0,0.2,0,1073.1,41.1,0.18015127
0,3769.5,0,0.2,0,1073.1,41.1,0.18015127
0,3769.6,0,0.1,0,1073.1,41.1,0.18015127
0,3769.8,0,0.2,0,1073.1,41.1,0.18015127
0,3769.9,0,0.1,0,1073.1,41.1,0.18015127
0,3770.1,0,0.2,0,1073.1,41.1,0.18015127
0,3770.3,0,0.2,0,1073.1,41.1,0.18015127
0,3770.4,0,0.1,0,1073.1,41.1,0.18015127
0,3770.6,0,0.2,0,1073.1,41.1,0.18015127
0,3770.7,0,0.1,0,1073.1,41.1,0.18015127
0,3770.8,0,0.1,0,1073.1,41.1,0.18015127
0,3771,0,0.2,0,1073.1,41.1,0.18015127
0,3771.1,0,0.1,0,1073.1,41.1,0.18015127
0,3771.2,0,0.1,0,1073.1,41.1,0.18015127
0,3771.4,0,0.2,0,1073.1,41.1,0.18015127
0,3771.5,0,0.1,0,1073.1,41.1,0.18015127
0,3771.6,0,0.1,0,1073.1,41.1,0.18015127
0,3771.7,0,0.1,0,1073.1,41.1,0.18015127
0,3771.9,0,0.2,0,1073.1,41.1,0.18015127
0,3772,0,0.1,0,1073.1,41.1,0.18015127
0,3772.1,0,0.1,0,1073.1,41.1,0.18015127
0,3772.2,0,0.1,0,1073.1,41.1,0.18015127
0,3772.3,0,0.1,0,1073.1,41.1,0.18015127
0,3772.4,0,0.1,0,1073.1,41.1,0.18015127
0,3772.5,0,0.1,0,1073.1,41.1,0.18015127
0,3772.6,0,0.1,0,1073.1,41.1,0.18015127
0,3772.8,0,0.2,0,1073.1,41.1,0.18015127
0,3772.9,0,0.1,0,1073.1,41.1,0.18015127
0,3773,0,0.1,0,1073.1,41.1,0.18015127
0,3773,0,0,0,1073.1,41.1,0.18015127
0,3773.2,0,0.2,0,1073.1,41.1,0.18015127
0,3773.2,0,0,0,1073.1,41.1,0.18015127
0,3773.3,0,0.1,0,1073.1,41.1,0.18015127
0,3773.5,0,0.2,0,1073.1,41.1,0.18015127
0,3773.5,0,0,0,1073.1,41.1,0.18015127
0,3773.6,0,0.1,0,1073.1,41.1,0.18015127
0,3773.7,0,0.1,0,1073.1,41.1,0.18015127
0,3773.8,0,0.1,0,1073.1,41.1,0.18015127
0,3773.9,0,0.1,0,1073.1,41.1,0.18015127
0,3774,0,0.1,0,1073.1,41,0.18015127
0,3774,0,0,0,1073.1,41,0.18015127
0,3774.1,0,0.1,0,1073.1,41,0.18015127
0,3774.2,0,0.1,0,1073.1,41,0.18015127
0,3774.3,0,0.1,0,1073.1,41,0.18015127
0,3774.4,0,0.1,0,1073.1,41,0.18015127
0,3774.5,0,0.1,0,1073.1,41,0.18015127
0,3774.6,0,0.1,0,1073.1,41,0.18015127
0,3774.6,0,0,0,1073.1,41,0.18015127
0,3774.7,0,0.1,0,1073.1,41,0.18015127
0,3774.8,0,0.1,0,1073.1,41,0.18015127
0,3774.8,0,0,0,1073.1,41,0.18015127
0,3774.9,0,0.1,0,1073.1,41,0.18015127
0,3775,0,0.1,0,1073.1,41,0.18015127
0,3775.1,0,0.1,0,1073.1,41,0.18015127
0,3775.1,0,0,0,1073.1,41,0.18015127
0,3775.2,0,0.1,0,1073.1,41,0.18015127
0,3775.3,0,0.1,0,1073.1,41,0.18015127
0,3775.3,0,0,0,1073.1,41,0.18015127
0,3775.4,0,0.1,0,1073.1,41,0.18015127
0,3775.4,0,0,0,1073.1,41,0.18015127
0,3775.5,0,0.1,0,1073.1,41,0.18015127
0,3775.6,0,0.1,0,1073.1,41,0.18015127
0,3775.6,0,0,0,1073.1,41,0.18015127
0,3775.7,0,0.1,0,1073.1,41,0.18015127
0,3775.7,0,0,0,1073.1,41,0.18015127
0,3775.8,0,0.1,0,1073.1,41,0.18015127
0,3775.9,0,0.1,0,1073.1,41,0.18015127
0,3775.9,0,0,0,1073.1,41,0.18015127
0,3776,0,0.1,0,1073.1,41,0.18015127
0,3776,0,0,0,1073.1,41,0.18015127
0,3776.1,0,0.1,0,1073.1,41,0.18015127
0,3776.2,0,0.1,0,1073.1,41,0.18015127
0,3776.3,0,0.1,0,1073.1,41,0.18015127
0,3776.3,0,0,0,1073.1,41,0.18015127
0,3776.4,0,0.1,0,1073.1,41,0.18015127
0,3776.3,0,-0.1,0,1073.1,41,0.18015127
0,3776.4,0,0.1,0,1073.1,41,0.18015127
0,3776.5,0,0.1,0,1073.1,41,0.18015127
0,3776.6,0,0.1,0,1073.1,41,0.18015127
0,3776.6,0,0,0,1073.1,41,0.18015127
0,3776.7,0,0.1,0,1073.1,41,0.18015127
0,3776.7,0,0,0,1073.1,41,0.18015127
0,3776.8,0,0.1,0,1073.1,41,0.18015127
0,3776.8,0,0,0,1073.1,41,0.18015127
0,3776.9,0,0.1,0,1073.1,41,0.18015127
0,3776.9,0,0,0,1073.1,41,0.18015127
0,3777,0,0.1,0,1073.1,41,0.18015127
0,3777,0,0,0,1073.1,41,0.18015127
0,3777,0,0,0,1073.1,41,0.18015127
0,3777.1,0,0.1,0,1073.1,41,0.18015127
0,3777.1,0,0,0,1073.1,41,0.18015127
0,3777.2,0,0.1,0,1073.1,41,0.18015127
0,3777.3,0,0.1,0,1073.1,41,0.18015127
0,3777.3,0,0,0,1073.1,41,0.18015127
0,3777.4,0,0.1,0,1073.1,41,0.18015127
0,3777.3,0,-0.1,0,1073.1,41,0.18015127
0,3777.4,0,0.1,0,1073.1,41,0.18015127
0,3777.5,0,0.1,0,1073.1,41,0.18015127
0,3777.5,0,0,0,1073.1,41,0.18015127
0,3777.5,0,0,0,1073.1,41,0.18015127
0,3777.6,0,0.1,0,1073.1,41,0.18015127
0,3777.6,0,0,0,1073.1,41,0.18015127
0,3777.7,0,0.1,0,1073.1,40.9,0.18015127
0,3777.7,0,0,0,1073.1,40.9,0.18015127
0,3777.7,0,0,0,1073.1,40.9,0.18015127
0,3777.8,0,0.1,0,1073.1,40.9,0.18015127
0,3777.8,0,0,0,1073.1,40.9,0.18015127
0,3777.9,0,0.1,0,1073.1,40.9,0.18015127
0,3777.9,0,0,0,1073.1,40.9,0.18015127
0,3778,0,0.1,0,1073.1,40.9,0.18015127
0,3778,0,0,0,1073.1,40.9,0.18015127
0,3778,0,0,0,1073.1,40.9,0.18015127
0,3778,0,0,0,1073.1,40.9,0.18015127
0,3778.1,0,0.1,0,1073.1,40.9,0.18015127
0,3778.2,0,0.1,0,1073.1,40.9,0.18015127
0,3778.2,0,0,0,1073.1,40.9,0.18015127
0,3778.2,0,0,0,1073.1,40.9,0.18015127
0,3778.2,0,0,0,1073.1,40.9,0.18015127
0,3778.3,0,0.1,0,1073.1,40.9,0.18015127
0,3778.3,0,0,0,1073.1,40.9,0.18015127
0,3778.3,0,0,0,1073.1,40.9,0.18015127
0,3778.4,0,0.1,0,1073.1,40.9,0.18015127
0,3778.4,0,0,0,1073.1,40.9,0.18015127
0,3778.5,0,0.1,0,1073.1,40.9,0.18015127
0,3778.5,0,0,0,1073.1,40.9,0.18015127
0,3778.5,0,0,0,1073.1,40.9,0.18015127
0,3778.6,0,0.1,0,1073.1,40.9,0.18015127
0,3778.6,0,0,0,1073.1,40.9,0.18015127
0,3778.6,0,0,0,1073.1,40.9,0.18015127
0,3778.7,0,0.1,0,1073.1,40.9,0.18015127
0,3778.7,0,0,0,1073.1,40.9,0.18015127
0,3778.7,0,0,0,1073.1,40.9,0.18015127
0,3778.8,0,0.1,0,1073.1,40.9,0.18015127
0,3778.8,0,0,0,1073.1,40.9,0.18015127
0,3778.8,0,0,0,1073.1,40.9,0.18015127
0,3778.9,0,0.1,0,1073.1,40.9,0.18015127
0,3778.9,0,0,0,1073.1,40.9,0.18015127
0,3778.9,0,0,0,1073.1,40.9,0.18015127
0,3778.9,0,0,0,1073.1,40.9,0.18015127
0,3779,0,0.1,0,1073.1,40.9,0.18015127
0,3779,0,0,0,1073.1,40.9,0.18015127
0,3779.1,0,0.1,0,1073.1,40.9,0.18015127
0,3779.1,0,0,0,1073.1,40.9,0.18015127
0,3779.1,0,0,0,1073.1,40.9,0.18015127
0,3779.2,0,0.1,0,1073.1,40.9,0.18015127
0,3779.1,0,-0.1,0,1073.1,40.9,0.18015127
0,3779.2,0,0.1,0,1073.1,40.9,0.18015127
0,3779.2,0,0,0,1073.1,40.9,0.18015127
0,3779.3,0,0.1,0,1073.1,40.9,0.18015127
0,3779.3,0,0,0,1073.1,40.9,0.18015127
0,3779.3,0,0,0,1073.1,40.9,0.18015127
0,3779.3,0,0,0,1073.1,40.9,0.18015127
0,3779.4,0,0.1,0,1073.1,40.9,0.18015127
0,3779.4,0,0,0,1073.1,40.9,0.18015127
0,3779.4,0,0,0,1073.1,40.9,0.18015127
0,3779.4,0,0,0,1073.1,40.9,0.18015127
0,3779.5,0,0.1,0,1073.1,40.9,0.18015127
0,3779.5,0,0,0,1073.1,40.9,0.18015127
0,3779.6,0,0.1,0,1073.1,40.9,0.18015127
0,3779.6,0,0,0,1073.1,40.9,0.18015127
0,3779.6,0,0,0,1073.1,40.9,0.18015127
0,3779.6,0,0,0,1073.1,40.9,0.18015127
0,3779.7,0,0.1,0,1073.1,40.9,0.18015127
0,3779.6,0,-0.1,0,1073.1,40.9,0.18015127
0,3779.7,0,0.1,0,1073.1,40.9,0.18015127
0,3779.7,0,0,0,1073.1,40.9,0.18015127
0,3779.7,0,0,0,1073.1,40.9,0.18015127
0,3779.8,0,0.1,0,1073.1,40.9,0.18015127
0,3779.8,0,0,0,1073.1,40.9,0.18015127
0,3779.8,0,0,0,1073.1,40.9,0.18015127
0,3779.8,0,0,0,1073.1,40.9,0.18015127
0,3779.8,0,0,0,1073.1,40.9,0.18015127
178,3774.3,178,-5.5,0.6718254,1073.2,40.9,0.18007487
348.9,3768.2,170.9,-6.1,1.314725,1073.3,40.9,0.17999847
363.9,3767.2,15,-1,1.3708841,1073.4,40.9,0.17992207
360.9,3766.9,-3,-0.3,1.3594742,1073.5,40.9,0.17984567
357,3766.6,-3.9,-0.3,1.3446762,1073.6,40.9,0.17976927
342.9,3766.8,-14.1,0.2,1.2916357,1073.7,40.9,0.17969287
356,3766,13.1,-0.8,1.340696,1073.8,40.9,0.17961647
363.9,3765.4,7.9,-0.6,1.3702291,1073.9,40.9,0.17954007
351,3765.6,-12.9,0.2,1.3217256,1074,40.8,0.17946367
343.9,3765.6,-7.1,0,1.2949898,1074.1,40.8,0.17938727
358.9,3764.8,15,-0.8,1.3511867,1074.2,40.8,0.17931087
363,3764.4,4.1,-0.4,1.3664772,1074.3,40.8,0.17923447
359.9,3764.2,-3.1,-0.2,1.3547356,1074.4,40.8,0.17915807
352,3764.2,-7.9,0,1.3249984,1074.5,40.8,0.17908167
352.9,3763.9,0.9,-0.3,1.3282803,1074.6,40.8,0.17900527
354,3763.7,1.1,-0.2,1.3323498,1074.7,40.8,0.17892887
358.9,3763.3,4.9,-0.4,1.3506484,1074.8,40.8,0.17885247
349.9,3763.4,-9,0.1,1.3168137,1074.9,40.8,0.17877607
357,3762.9,7.1,-0.5,1.3433553,1075,40.8,0.17869967
347,3763.1,-10,0.2,1.3057957,1075.1,40.8,0.17862327
357,3762.5,10,-0.6,1.3432125,1075.2,40.8,0.17854687
359.9,3762.2,2.9,-0.3,1.3540158,1075.3,40.8,0.17847047
360,3762,0.1,-0.2,1.35432,1075.4,40.8,0.17839407
360.9,3761.8,0.9,-0.2,1.3576336,1075.5,40.8,0.17831767
371.9,3761.2,11,-0.6,1.3987903,1075.6,40.8,0.17824127
354.9,3761.6,-17,0.4,1.3349918,1075.7,40.8,0.17816487
354.9,3761.4,0,-0.2,1.3349209,1075.8,40.8,0.17808847
362,3761,7.1,-0.4,1.361482,1075.9,40.8,0.17801207
345.9,3761.4,-16.1,0.4,1.3010683,1076,40.8,0.17793567
356,3760.9,10.1,-0.5,1.3388804,1076.1,40.8,0.17785927
364,3760.5,8,-0.4,1.368822,1076.2,40.8,0.17778287
350.9,3760.8,-13.1,0.3,1.3196647,1076.3,40.8,0.17770647
362,3760.2,11.1,-0.6,1.3611924,1076.4,40.8,0.17763007
349,3760.5,-13,0.3,1.3124145,1076.5,40.8,0.17755367
357.9,3760.1,8.9,-0.4,1.3457398,1076.6,40.8,0.17747727
364.9,3759.7,7,-0.4,1.3719145,1076.7,40.8,0.17740087
356,3759.8,-8.9,0.1,1.3384888,1076.8,40.8,0.17732447
349,3759.9,-7,0.1,1.3122051,1076.9,40.8,0.17724807
347.9,3759.8,-1.1,-0.1,1.3080344,1077,40.8,0.17717167
363,3759.2,15.1,-0.6,1.3645896,1077.1,40.8,0.17709527
369,3758.8,6,-0.4,1.3869972,1077.2,40.8,0.17701887
359.9,3758.9,-9.1,0.1,1.3528281,1077.3,40.8,0.17694247
357,3758.9,-2.9,0,1.3419273,1077.4,40.8,0.17686607
364.9,3758.5,7.9,-0.4,1.3714766,1077.5,40.8,0.17678967
357.9,3758.6,-7,0.1,1.3452029,1077.6,40.8,0.17671327
352,3758.7,-5.9,0.1,1.3230624,1077.7,40.8,0.17663687
365.9,3758.1,13.9,-0.6,1.3750888,1077.8,40.8,0.17656047
355.9,3758.3,-10,0.2,1.337579,1077.9,40.8,0.17648407
346,3758.5,-9.9,0.2,1.300441,1077.9,40.8,0.17648407
354.9,3758.1,8.9,-0.4,1.3337497,1078,40.8,0.17640767
357,3757.9,2.1,-0.2,1.3415703,1078.1,40.8,0.17633127
363.9,3757.6,6.9,-0.3,1.3673906,1078.2,40.8,0.17625487
357,3757.7,-6.9,0.1,1.3414989,1078.3,40.8,0.17617847
356,3757.6,-1,-0.1,1.3377056,1078.4,40.8,0.17610207
362.9,3757.3,6.9,-0.3,1.3635242,1078.5,40.8,0.17602567
342,3757.9,-20.9,0.6,1.2852018,1078.6,40.8,0.17594927
357.9,3757.2,15.9,-0.7,1.3447019,1078.7,40.8,0.17587287
358,3757.1,0.1,-0.1,1.3450418,1078.8,40.8,0.17579647
357.9,3757,-0.1,-0.1,1.3446303,1078.9,40.8,0.17572007
353.9,3757.1,-4,0.1,1.3296377,1079,40.8,0.17564367
590,3748.8,236.1,-8.3,2.211792,1079.2,40.8,0.17549087
824.9,3740.2,234.9,-8.6,3.085291,1079.4,40.8,0.17533807
822.8,3739.6,-2.1,-0.6,3.0769429,1079.7,40.8,0.17510887
825.9,3738.8,3.1,-0.8,3.0878749,1079.9,40.8,0.17495607
831.7,3738,5.8,-0.8,3.1088946,1080.1,40.8,0.17480327
823.9,3737.7,-7.8,-0.3,3.079491,1080.3,40.8,0.17465047
823.8,3737.2,-0.1,-0.5,3.0787054,1080.6,40.8,0.17442127
816.9,3736.9,-6.9,-0.3,3.0526736,1080.8,40.8,0.17426847
813.8,3736.5,-3.1,-0.4,3.0407637,1081,40.8,0.17411567
816.9,3735.9,3.1,-0.6,3.0518567,1081.3,40.8,0.17388647
824.9,3735.2,8,-0.7,3.0811665,1081.5,40.8,0.17373367
819.8,3734.9,-5.1,-0.3,3.061871,1081.7,40.8,0.17358087
833,3734.1,13.2,-0.8,3.1105053,1081.9,40.8,0.17342807
821.9,3734,-11.1,-0.1,3.0689746,1082.2,40.8,0.17319887
817.9,3733.8,-4,-0.2,3.053875,1082.4,40.8,0.17304607
826.8,3733.1,8.9,-0.7,3.0865271,1082.6,40.8,0.17289327
827.9,3732.6,1.1,-0.5,3.0902195,1082.9,40.8,0.17266407
826.9,3732.3,-1,-0.3,3.0862389,1083.1,40.8,0.17251127
819.8,3732.2,-7.1,-0.1,3.0596576,1083.3,40.8,0.17235847
821.9,3731.7,2.1,-0.5,3.0670842,1083.5,40.8,0.17220567
825.7,3731.2,3.8,-0.5,3.0808518,1083.8,40.8,0.17197647
819.9,3731.2,-5.8,0,3.0592109,1084,40.8,0.17182367
827.9,3730.5,8,-0.7,3.088481,1084.2,40.8,0.17167087
824,3730.3,-3.9,-0.2,3.0737672,1084.5,40.8,0.17144167
826.9,3729.9,2.9,-0.4,3.0842543,1084.7,40.8,0.17128887
821.9,3729.8,-5,-0.1,3.0655226,1084.9,40.8,0.17113607
830.9,3729.1,9,-0.7,3.0985092,1085.2,40.8,0.17090687
828.9,3728.9,-2,-0.2,3.0908852,1085.4,40.8,0.17075407
823.9,3728.8,-5,-0.1,3.0721583,1085.6,40.8,0.17060127
822.9,3728.5,-1,-0.3,3.0681826,1085.8,40.8,0.17044847
817.9,3728.4,-5,-0.1,3.0494584,1086.1,40.8,0.17021927
824.9,3727.9,7,-0.5,3.0751447,1086.3,40.8,0.17006647
815.9,3728,-9,0.1,3.0416752,1086.5,40.8,0.16991367
824.8,3727.4,8.9,-0.6,3.0743595,1086.8,40.8,0.16968447
814.9,3727.5,-9.9,0.1,3.0375397,1087,40.8,0.16953167
830.9,3726.7,16,-0.8,3.096515,1087.2,40.8,0.16937887
816.8,3726.9,-14.1,0.2,3.0441319,1087.4,40.8,0.16922607
838,3725.9,21.2,-1,3.1223042,1087.7,40.8,0.16899687
814.8,3726.5,-23.2,0.6,3.0363522,1087.9,40.8,0.16884407
828.9,3725.7,14.1,-0.8,3.0882327,1088.1,40.8,0.16869127
820,3725.8,-8.9,0.1,3.055156,1088.4,40.8,0.16846207
824.8,3725.5,4.8,-0.3,3.0727924,1088.6,40.8,0.16830927
836.8,3724.8,12,-0.7,3.1169126,1088.8,40.8,0.16815647
825.9,3724.9,-10.9,0.1,3.0763949,1089,40.8,0.16800367
809.8,3725.3,-16.1,0.4,3.0167479,1089.3,40.8,0.16777447
815.9,3724.8,6.1,-0.5,3.0390643,1089.5,40.8,0.16762167
818.8,3724.5,2.9,-0.3,3.0496206,1089.7,40.8,0.16746887
827.9,3724,9.1,-0.5,3.0830996,1090,40.8,0.16723967
807.8,3724.5,-20.1,0.5,3.0086511,1090.2,40.8,0.16708687
821.9,3723.9,14.1,-0.6,3.0606734,1090.4,40.8,0.16693407
827.9,3723.4,6,-0.5,3.0826029,1090.6,40.8,0.16678127
830.9,3723.1,3,-0.3,3.0935238,1090.9,40.8,0.16655207
823.9,3723.2,-7,0.1,3.0675445,1091.1,40.8,0.16639927
820.8,3723.1,-3.1,-0.1,3.0559205,1091.3,40.8,0.16624647
815,3723.1,-5.8,0,3.0343265,1091.5,40.8,0.16609367
825.8,3722.5,10.8,-0.6,3.0740405,1091.8,40.8,0.16586447
824.9,3722.4,-0.9,-0.1,3.0706078,1092,40.8,0.16571167
819.8,3722.4,-5.1,0,3.0516235,1092.2,40.8,0.16555887
836.8,3721.6,17,-0.8,3.1142349,1092.5,40.8,0.16532967
826.9,3721.7,-9.9,0.1,3.0774737,1092.7,40.8,0.16517687
826.8,3721.6,-0.1,-0.1,3.0770189,1092.9,40.8,0.16502407
830.9,3721.2,4.1,-0.4,3.0919451,1093.2,40.8,0.16479487
832.9,3721,2,-0.2,3.0992209,1093.4,40.8,0.16464207
822.8,3721.1,-10.1,0.1,3.0617211,1093.6,40.8,0.16448927
821,3721.1,-1.8,0,3.0550231,1093.8,40.8,0.16433647
815.9,3721.1,-5.1,0,3.0360455,1094.1,40.8,0.16410727
814.8,3720.9,-1.1,-0.2,3.0317893,1094.3,40.8,0.16395447
821,3720.6,6.2,-0.3,3.0546126,1094.5,40.8,0.16380167
826.9,3720.2,5.9,-0.4,3.0762334,1094.8,40.8,0.16357247
843.8,3719.4,16.9,-0.8,3.1384297,1095,40.8,0.16341967
821,3720.1,-22.8,0.7,3.0542021,1095.2,40.8,0.16326687
837.9,3719.3,16.9,-0.8,3.1164015,1095.5,40.8,0.16303767
820.9,3719.8,-17,0.5,3.0535838,1095.7,40.8,0.16288487
838.9,3719,18,-0.8,3.1198691,1095.9,40.8,0.16273207
813,3719.7,-25.9,0.7,3.0241161,1096.1,40.8,0.16257927
833.8,3718.9,20.8,-0.8,3.1008188,1096.4,40.8,0.16235006
831.8,3718.7,-2,-0.2,3.0932147,1096.6,40.8,0.16219726
827.9,3718.7,-3.9,0,3.0787117,1096.8,40.8,0.16204446
820.9,3718.8,-7,0.1,3.0527629,1097.1,40.8,0.16181526
830.8,3718.4,9.9,-0.4,3.0892467,1097.3,40.8,0.16166246
821.9,3718.5,-8.9,0.1,3.0562352,1097.5,40.8,0.16150966
830.8,3718,8.9,-0.5,3.0889144,1097.7,40.8,0.16135686
815.8,3718.4,-15,0.4,3.0334707,1098,40.8,0.16112766
816.9,3718.3,1.1,-0.1,3.0374793,1098.2,40.8,0.16097486
827.9,3717.7,11,-0.6,3.0778838,1098.4,40.8,0.16082206
819.8,3717.9,-8.1,0.2,3.0479344,1098.7,40.8,0.16059286
821.9,3717.7,2.1,-0.2,3.0555776,1098.9,40.8,0.16044006
818.9,3717.7,-3,0,3.0444245,1099.1,40.8,0.16028726
832.8,3717,13.9,-0.7,3.0955176,1099.3,40.8,0.16013446
827.9,3717.1,-4.9,0.1,3.0773871,1099.6,40.8,0.15990526
821.9,3717.1,-6,0,3.0550845,1099.8,40.8,0.15975246
825.8,3716.8,3.9,-0.3,3.0693334,1100,40.8,0.15959966
819.9,3716.9,-5.9,0.1,3.0474863,1100.3,40.8,0.15937046
827,3716.6,7.1,-0.3,3.0736282,1100.5,40.8,0.15921766
823.8,3716.5,-3.2,-0.1,3.0616527,1100.7,40.8,0.15906486
811,3716.8,-12.8,0.3,3.0143248,1100.9,40.8,0.15891206
831.8,3716,20.8,-0.8,3.0909688,1101.2,40.8,0.15868286
821.9,3716.2,-9.9,0.2,3.0543448,1101.4,40.8,0.15853006
826.8,3715.9,4.9,-0.3,3.0723061,1101.6,40.8,0.15837726
812.9,3716.3,-13.9,0.4,3.0209803,1101.9,40.8,0.15814806
829.9,3715.6,17,-0.7,3.0835764,1102.1,40.8,0.15799526
827.8,3715.5,-2.1,-0.1,3.0756909,1102.3,40.8,0.15784246
834.9,3715.2,7.1,-0.3,3.1018205,1102.6,40.8,0.15761326
819.8,3715.5,-15.1,0.3,3.0459669,1102.8,40.8,0.15746046
828.9,3715.1,9.1,-0.4,3.0794464,1103,40.8,0.15730766
820.9,3715.3,-8,0.2,3.0498898,1103.2,40.8,0.15715486
832.8,3714.7,11.9,-0.6,3.0936022,1103.5,40.8,0.15692566
816,3715.2,-16.8,0.5,3.0316032,1103.7,40.8,0.15677286
831.8,3714.5,15.8,-0.7,3.0897211,1103.9,40.8,0.15662006
825.8,3714.6,-6,0.1,3.0675167,1104.2,40.8,0.15639086
831.9,3714.3,6.1,-0.3,3.0899262,1104.4,40.8,0.15623806
823.9,3714.4,-8,0.1,3.0602942,1104.6,40.8,0.15608526
815.9,3714.6,-8,0.2,3.0307421,1104.8,40.8,0.15593246
833.9,3713.9,18,-0.7,3.0970212,1105.1,40.8,0.15570326
832.8,3713.8,-1.1,-0.1,3.0928526,1105.3,40.8,0.15555046
825.8,3713.9,-7,0.1,3.0669386,1105.5,40.8,0.15539766
834,3713.5,8.2,-0.4,3.097059,1105.8,40.8,0.15516846
817.9,3714,-16.1,0.5,3.0376806,1106,40.8,0.15501566
825.8,3713.6,7.9,-0.4,3.0666909,1106.2,40.8,0.15486286
827,3713.4,1.2,-0.2,3.0709818,1106.5,40.8,0.15463366
835.8,3713,8.8,-0.4,3.1033254,1106.7,40.8,0.15448086
827.9,3713.2,-7.9,0.2,3.0741583,1106.9,40.8,0.15432806
833,3712.9,5.1,-0.3,3.0928457,1107.1,40.8,0.15417526
834.8,3712.7,1.8,-0.2,3.099362,1107.4,40.8,0.15394606
833.9,3712.6,-0.9,-0.1,3.0959371,1107.6,40.8,0.15379326
818.9,3713.1,-15,0.5,3.0406576,1107.8,40.8,0.15364046
821.9,3712.9,3,-0.2,3.0516325,1108.1,40.8,0.15341126
824.9,3712.6,3,-0.3,3.0625237,1108.3,40.8,0.15325846
827.9,3712.5,3,-0.1,3.0735787,1108.5,40.8,0.15310566
822.9,3712.5,-5,0,3.0550162,1108.8,40.8,0.15287646
813.9,3712.7,-9,0.2,3.0217665,1109,40.8,0.15272366
829.8,3712.1,15.9,-0.6,3.0803006,1109.2,40.8,0.15257086
825,3712.1,-4.8,0,3.0624825,1109.4,40.8,0.15241806
831.8,3711.8,6.8,-0.3,3.0874752,1109.7,40.8,0.15218886
817.9,3712.2,-13.9,0.4,3.0362084,1109.9,40.8,0.15203606
827.9,3711.7,10,-0.5,3.0729164,1110.1,40.8,0.15188326
829.8,3711.6,1.9,-0.1,3.0798857,1110.4,40.8,0.15165406
828,3711.5,-1.8,-0.1,3.073122,1110.6,40.8,0.15150126
825.8,3711.5,-2.2,0,3.0649567,1110.8,40.8,0.15134846
821.9,3711.5,-3.9,0,3.0504818,1111,40.8,0.15119566
825.9,3711.3,4,-0.2,3.0651627,1111.3,40.8,0.15096646
833.9,3710.9,8,-0.4,3.0945195,1111.5,40.8,0.15081366
824.8,3711.1,-9.1,0.2,3.0609153,1111.7,40.8,0.15066086
833.1,3710.7,8.3,-0.4,3.0913842,1112,40.8,0.15043166
411.8,3725.2,-421.3,14.5,1.5340374,1112.1,40.8,0.15035526
0,3739.4,-411.8,14.2,0,1112.1,40.8,0.15035526
0,3740.4,0,1,0,1112.1,40.8,0.15035526
0,3741.2,0,0.8,0,1112.1,40.8,0.15035526
0,3741.9,0,0.7,0,1112.1,40.8,0.15035526
0,3742.5,0,0.6,0,1112.1,40.8,0.15035526
0,3743.1,0,0.6,0,1112.1,40.8,0.15035526
0,3743.6,0,0.5,0,1112.1,40.8,0.15035526
0,3744.1,0,0.5,0,1112.1,40.8,0.15035526
0,3744.6,0,0.5,0,1112.1,40.8,0.15035526
0,3745,0,0.4,0,1112.1,40.8,0.15035526
0,3745.5,0,0.5,0,1112.1,40.8,0.15035526
0,3745.9,0,0.4,0,1112.1,40.8,0.15035526
0,3746.3,0,0.4,0,1112.1,40.8,0.15035526
0,3746.7,0,0.4,0,1112.1,40.8,0.15035526
0,3747.1,0,0.4,0,1112.1,40.8,0.15035526
0,3747.4,0,0.3,0,1112.1,40.8,0.15035526
0,3747.8,0,0.4,0,1112.1,40.8,0.15035526
0,3748.1,0,0.3,0,1112.1,40.8,0.15035526
0,3748.4,0,0.3,0,1112.1,40.8,0.15035526
0,3748.7,0,0.3,0,1112.1,40.8,0.15035526
0,3749,0,0.3,0,1112.1,40.8,0.15035526
0,3749.3,0,0.3,0,1112.1,40.8,0.15035526
0,3749.5,0,0.2,0,1112.1,40.8,0.15035526
0,3749.8,0,0.3,0,1112.1,40.8,0.15035526
0,3750,0,0.2,0,1112.1,40.8,0.15035526
0,3750.3,0,0.3,0,1112.1,40.8,0.15035526
0,3750.6,0,0.3,0,1112.1,40.8,0.15035526
0,3750.8,0,0.2,0,1112.1,40.8,0.15035526
0,3751,0,0.2,0,1112.1,40.8,0.15035526
0,3751.2,0,0.2,0,1112.1,40.8,0.15035526
0,3751.5,0,0.3,0,1112.1,40.8,0.15035526
0,3751.6,0,0.1,0,1112.1,40.8,0.15035526
0,3751.8,0,0.2,0,1112.1,40.8,0.15035526
0,3752,0,0.2,0,1112.1,40.8,0.15035526
0,3752.2,0,0.2,0,1112.1,40.8,0.15035526
0,3752.4,0,0.2,0,1112.1,40.8,0.15035526
0,3752.5,0,0.1,0,1112.1,40.8,0.15035526
0,3752.7,0,0.2,0,1112.1,40.8,0.15035526
0,3752.9,0,0.2,0,1112.1,40.8,0.15035526
0,3753,0,0.1,0,1112.1,40.8,0.15035526
0,3753.2,0,0.2,0,1112.1,40.8,0.15035526
0,3753.4,0,0.2,0,1112.1,40.8,0.15035526
0,3753.5,0,0.1,0,1112.1,40.8,0.15035526
0,3753.6,0,0.1,0,1112.1,40.8,0.15035526
0,3753.8,0,0.2,0,1112.1,40.8,0.15035526
0,3753.9,0,0.1,0,1112.1,40.8,0.15035526
0,3754.1,0,0.2,0,1112.1,40.8,0.15035526
0,3754.2,0,0.1,0,1112.1,40.8,0.15035526
0,3754.3,0,0.1,0,1112.1,40.8,0.15035526
0,3754.4,0,0.1,0,1112.1,40.8,0.15035526
0,3754.5,0,0.1,0,1112.1,40.8,0.15035526
0,3754.6,0,0.1,0,1112.1,40.8,0.15035526
0,3754.8,0,0.2,0,1112.1,40.8,0.15035526
0,3754.9,0,0.1,0,1112.1,40.8,0.15035526
0,3755,0,0.1,0,1112.1,40.8,0.15035526
0,3755.1,0,0.1,0,1112.1,40.8,0.15035526
0,3755.2,0,0.1,0,1112.1,40.8,0.15035526
0,3755.3,0,0.1,0,1112.1,40.8,0.15035526
0,3755.4,0,0.1,0,1112.1,40.8,0.15035526
0,3755.5,0,0.1,0,1112.1,40.8,0.15035526
0,3755.6,0,0.1,0,1112.1,40.8,0.15035526
0,3755.7,0,0.1,0,1112.1,40.8,0.15035526
0,3755.8,0,0.1,0,1112.1,40.8,0.15035526
0,3755.8,0,0,0,1112.1,40.8,0.15035526
0,3755.9,0,0.1,0,1112.1,40.8,0.15035526
0,3756,0,0.1,0,1112.1,40.8,0.15035526
0,3756.1,0,0.1,0,1112.1,40.8,0.15035526
0,3756.2,0,0.1,0,1112.1,40.8,0.15035526
0,3756.3,0,0.1,0,1112.1,40.7,0.15035526
0,3756.4,0,0.1,0,1112.1,40.7,0.15035526
0,3756.4,0,0,0,1112.1,40.7,0.15035526
0,3756.5,0,0.1,0,1112.1,40.7,0.15035526
0,3756.6,0,0.1,0,1112.1,40.7,0.15035526
0,3756.6,0,0,0,1112.1,40.7,0.15035526
0,3756.7,0,0.1,0,1112.1,40.7,0.15035526
0,3756.8,0,0.1,0,1112.1,40.7,0.15035526
0,3756.9,0,0.1,0,1112.1,40.7,0.15035526
0,3756.9,0,0,0,1112.1,40.7,0.15035526
0,3757,0,0.1,0,1112.1,40.7,0.15035526
0,3757.1,0,0.1,0,1112.1,40.7,0.15035526
0,3757.1,0,0,0,1112.1,40.7,0.15035526
0,3757.2,0,0.1,0,1112.1,40.7,0.15035526
0,3757.2,0,0,0,1112.1,40.7,0.15035526
0,3757.3,0,0.1,0,1112.1,40.7,0.15035526
0,3757.3,0,0,0,1112.1,40.7,0.15035526
0,3757.4,0,0.1,0,1112.1,40.7,0.15035526
0,3757.4,0,0,0,1112.1,40.7,0.15035526
0,3757.5,0,0.1,0,1112.1,40.7,0.15035526
0,3757.6,0,0.1,0,1112.1,40.7,0.15035526
0,3757.6,0,0,0,1112.1,40.7,0.15035526
0,3757.7,0,0.1,0,1112.1,40.7,0.15035526
0,3757.8,0,0.1,0,1112.1,40.7,0.15035526
0,3757.8,0,0,0,1112.1,40.7,0.15035526
0,3757.9,0,0.1,0,1112.1,40.7,0.15035526
0,3757.9,0,0,0,1112.1,40.7,0.15035526
0,3757.9,0,0,0,1112.1,40.7,0.15035526
0,3758,0,0.1,0,1112.1,40.7,0.15035526
0,3758,0,0,0,1112.1,40.7,0.15035526
0,3758.1,0,0.1,0,1112.1,40.7,0.15035526
0,3758.1,0,0,0,1112.1,40.7,0.15035526
0,3758.2,0,0.1,0,1112.1,40.7,0.15035526
0,3758.2,0,0,0,1112.1,40.7,0.15035526
0,3758.2,0,0,0,1112.1,40.7,0.15035526
0,3758.3,0,0.1,0,1112.1,40.7,0.15035526
0,3758.4,0,0.1,0,1112.1,40.7,0.15035526
0,3758.4,0,0,0,1112.1,40.7,0.15035526
0,3758.4,0,0,0,1112.1,40.7,0.15035526
0,3758.5,0,0.1,0,1112.1,40.7,0.15035526
0,3758.5,0,0,0,1112.1,40.7,0.15035526
0,3758.5,0,0,0,1112.1,40.7,0.15035526
0,3758.6,0,0.1,0,1112.1,40.7,0.15035526
0,3758.6,0,0,0,1112.1,40.7,0.15035526
0,3758.7,0,0.1,0,1112.1,40.7,0.15035526
0,3758.7,0,0,0,1112.1,40.7,0.15035526
0,3758.7,0,0,0,1112.1,40.7,0.15035526
0,3758.8,0,0.1,0,1112.1,40.7,0.15035526
0,3758.8,0,0,0,1112.1,40.7,0.15035526
0,3758.8,0,0,0,1112.1,40.7,0.15035526
0,3758.9,0,0.1,0,1112.1,40.7,0.15035526
0,3758.9,0,0,0,1112.1,40.7,0.15035526
0,3758.9,0,0,0,1112.1,40.7,0.15035526
0,3759,0,0.1,0,1112.1,40.7,0.15035526
0,3759,0,0,0,1112.1,40.7,0.15035526
0,3759.1,0,0.1,0,1112.1,40.7,0.15035526
0,3759.1,0,0,0,1112.1,40.7,0.15035526
0,3759.1,0,0,0,1112.1,40.7,0.15035526
0,3759.1,0,0,0,1112.1,40.7,0.15035526
0,3759.2,0,0.1,0,1112.1,40.7,0.15035526
0,3759.2,0,0,0,1112.1,40.7,0.15035526
0,3759.2,0,0,0,1112.1,40.7,0.15035526
0,3759.3,0,0.1,0,1112.1,40.7,0.15035526
0,3759.3,0,0,0,1112.1,40.7,0.15035526
0,3759.3,0,0,0,1112.1,40.7,0.15035526
0,3759.4,0,0.1,0,1112.1,40.7,0.15035526
0,3759.4,0,0,0,1112.1,40.7,0.15035526
0,3759.5,0,0.1,0,1112.1,40.7,0.15035526
0,3759.4,0,-0.1,0,1112.1,40.7,0.15035526
0,3759.5,0,0.1,0,1112.1,40.7,0.15035526
0,3759.5,0,0,0,1112.1,40.7,0.15035526
0,3759.5,0,0,0,1112.1,40.7,0.15035526
0,3759.6,0,0.1,0,1112.1,40.7,0.15035526
0,3759.6,0,0,0,1112.1,40.7,0.15035526
0,3759.6,0,0,0,1112.1,40.7,0.15035526
0,3759.7,0,0.1,0,1112.1,40.7,0.15035526
0,3759.7,0,0,0,1112.1,40.7,0.15035526
0,3759.7,0,0,0,1112.1,40.7,0.15035526
0,3759.8,0,0.1,0,1112.1,40.7,0.15035526
0,3759.8,0,0,0,1112.1,40.7,0.15035526
0,3759.8,0,0,0,1112.1,40.7,0.15035526
0,3759.8,0,0,0,1112.1,40.7,0.15035526
0,3759.9,0,0.1,0,1112.1,40.7,0.15035526
0,3759.9,0,0,0,1112.1,40.7,0.15035526
0,3759.9,0,0,0,1112.1,40.7,0.15035526
0,3759.9,0,0,0,1112.1,40.7,0.15035526
0,3759.9,0,0,0,1112.1,40.7,0.15035526
0,3760,0,0.1,0,1112.1,40.7,0.15035526
0,3760,0,0,0,1112.1,40.7,0.15035526
0,3760,0,0,0,1112.1,40.7,0.15035526
0,3760.1,0,0.1,0,1112.1,40.7,0.15035526
0,3760.1,0,0,0,1112.1,40.7,0.15035526
0,3760.1,0,0,0,1112.1,40.7,0.15035526
0,3760.1,0,0,0,1112.1,40.7,0.15035526
0,3760.1,0,0,0,1112.1,40.7,0.15035526
0,3760.2,0,0.1,0,1112.1,40.7,0.15035526
0,3760.2,0,0,0,1112.1,40.7,0.15035526
0,3760.2,0,0,0,1112.1,40.7,0.15035526
0,3760.2,0,0,0,1112.1,40.7,0.15035526
0,3760.2,0,0,0,1112.1,40.7,0.15035526
0,3760.3,0,0.1,0,1112.1,40.7,0.15035526
0,3760.3,0,0,0,1112.1,40.7,0.15035526
0,3760.3,0,0,0,1112.1,40.7,0.15035526
0,3760.3,0,0,0,1112.1,40.7,0.15035526
0,3760.3,0,0,0,1112.1,40.7,0.15035526
0,3760.4,0,0.1,0,1112.1,40.7,0.15035526
0,3760.4,0,0,0,1112.1,40.7,0.15035526
0,3760.4,0,0,0,1112.1,40.7,0.15035526
0,3760.4,0,0,0,1112.1,40.7,0.15035526
0,3760.5,0,0.1,0,1112.1,40.7,0.15035526
0,3760.5,0,0,0,1112.1,40.7,0.15035526
0,3760.5,0,0,0,1112.1,40.7,0.15035526
0,3760.5,0,0,0,1112.1,40.7,0.15035526
0,3760.5,0,0,0,1112.1,40.7,0.15035526
0,3760.6,0,0.1,0,1112.1,40.7,0.15035526
0,3760.6,0,0,0,1112.1,40.7,0.15035526
0,3760.6,0,0,0,1112.1,40.7,0.15035526
0,3760.6,0,0,0,1112.1,40.7,0.15035526
0,3760.6,0,0,0,1112.1,40.7,0.15035526
0,3760.7,0,0.1,0,1112.1,40.7,0.15035526
0,3760.7,0,0,0,1112.1,40.7,0.15035526
0,3760.7,0,0,0,1112.1,40.7,0.15035526
0,3760.7,0,0,0,1112.1,40.7,0.15035526
0,3760.7,0,0,0,1112.1,40.7,0.15035526
0,3760.8,0,0.1,0,1112.1,40.7,0.15035526
0,3760.8,0,0,0,1112.1,40.7,0.15035526
0,3760.8,0,0,0,1112.1,40.7,0.15035526
0,3760.8,0,0,0,1112.1,40.7,0.15035526
0,3760.8,0,0,0,1112.1,40.7,0.15035526
0,3760.8,0,0,0,1112.1,40.7,0.15035526
0,3760.9,0,0.1,0,1112.1,40.7,0.15035526
0,3760.9,0,0,0,1112.1,40.7,0.15035526
0,3760.9,0,0,0,1112.1,40.7,0.15035526
0,3760.9,0,0,0,1112.1,40.7,0.15035526
0,3761,0,0.1,0,1112.1,40.7,0.15035526
0,3761,0,0,0,1112.1,40.7,0.15035526
0,3761,0,0,0,1112.1,40.7,0.15035526
0,3761,0,0,0,1112.1,40.7,0.15035526
0,3761,0,0,0,1112.1,40.7,0.15035526
0,3761,0,0,0,1112.1,40.7,0.15035526
0,3761,0,0,0,1112.1,40.7,0.15035526
0,3761.1,0,0.1,0,1112.1,40.7,0.15035526
0,3761,0,-0.1,0,1112.1,40.7,0.15035526
0,3761.1,0,0.1,0,1112.1,40.7,0.15035526
0,3761.1,0,0,0,1112.1,40.7,0.15035526
0,3761.1,0,0,0,1112.1,40.7,0.15035526
0,3761.1,0,0,0,1112.1,40.7,0.15035526
0,3761.2,0,0.1,0,1112.1,40.7,0.15035526
0,3761.2,0,0,0,1112.1,40.7,0.15035526
0,3761.2,0,0,0,1112.1,40.7,0.15035526
0,3761.2,0,0,0,1112.1,40.7,0.15035526
0,3761.2,0,0,0,1112.1,40.7,0.15035526
0,3761.2,0,0,0,1112.1,40.7,0.15035526
0,3761.3,0,0.1,0,1112.1,40.7,0.15035526
0,3761.3,0,0,0,1112.1,40.7,0.15035526
0,3761.3,0,0,0,1112.1,40.7,0.15035526
0,3761.3,0,0,0,1112.1,40.7,0.15035526
0,3761.3,0,0,0,1112.1,40.7,0.15035526
0,3761.4,0,0.1,0,1112.1,40.7,0.15035526
0,3761.3,0,-0.1,0,1112.1,40.7,0.15035526
0,3761.4,0,0.1,0,1112.1,40.7,0.15035526
0,3761.4,0,0,0,1112.1,40.7,0.15035526
0,3761.4,0,0,0,1112.1,40.7,0.15035526
0,3761.5,0,0.1,0,1112.1,40.7,0.15035526
0,3761.4,0,-0.1,0,1112.1,40.7,0.15035526
0,3761.5,0,0.1,0,1112.1,40.7,0.15035526
0,3761.5,0,0,0,1112.1,40.7,0.15035526
0,3761.5,0,0,0,1112.1,40.7,0.15035526
0,3761.5,0,0,0,1112.1,40.7,0.15035526
0,3761.5,0,0,0,1112.1,40.7,0.15035526
0,3761.6,0,0.1,0,1112.1,40.7,0.15035526
0,3761.5,0,-0.1,0,1112.1,40.7,0.15035526
0,3761.6,0,0.1,0,1112.1,40.7,0.15035526
0,3761.6,0,0,0,1112.1,40.7,0.15035526
0,3761.6,0,0,0,1112.1,40.7,0.15035526
0,3761.6,0,0,0,1112.1,40.7,0.15035526
0,3761.6,0,0,0,1112.1,40.7,0.15035526
0,3761.7,0,0.1,0,1112.1,40.7,0.15035526
0,3761.7,0,0,0,1112.1,40.7,0.15035526
0,3761.6,0,-0.1,0,1112.1,40.7,0.15035526
0,3761.7,0,0.1,0,1112.1,40.7,0.15035526
0,3761.7,0,0,0,1112.1,40.7,0.15035526
0,3761.7,0,0,0,1112.1,40.7,0.15035526
0,3761.7,0,0,0,1112.1,40.7,0.15035526
0,3761.7,0,0,0,1112.1,40.7,0.15035526
0,3761.7,0,0,0,1112.1,40.7,0.15035526
0,3761.8,0,0.1,0,1112.1,40.7,0.15035526
0,3761.8,0,0,0,1112.1,40.7,0.15035526
0,3761.8,0,0,0,1112.1,40.7,0.15035526
0,3761.8,0,0,0,1112.1,40.7,0.15035526
0,3761.8,0,0,0,1112.1,40.7,0.15035526
0,3761.9,0,0.1,0,1112.1,40.7,0.15035526
0,3761.8,0,-0.1,0,1112.1,40.7,0.15035526
0,3761.9,0,0.1,0,1112.1,40.7,0.15035526
0,3761.9,0,0,0,1112.1,40.7,0.15035526
0,3761.9,0,0,0,1112.1,40.6,0.15035526
0,3761.9,0,0,0,1112.1,40.6,0.15035526
0,3761.9,0,0,0,1112.1,40.6,0.15035526
0,3762,0,0.1,0,1112.1,40.6,0.15035526
0,3762,0,0,0,1112.1,40.6,0.15035526
0,3762,0,0,0,1112.1,40.6,0.15035526
0,3762,0,0,0,1112.1,40.6,0.15035526
0,3762,0,0,0,1112.1,40.6,0.15035526
0,3762,0,0,0,1112.1,40.6,0.15035526
0,3762,0,0,0,1112.1,40.6,0.15035526
0,3762.1,0,0.1,0,1112.1,40.6,0.15035526
0,3762.1,0,0,0,1112.1,40.6,0.15035526
0,3762.1,0,0,0,1112.1,40.6,0.15035526
0,3762.1,0,0,0,1112.1,40.6,0.15035526
0,3762.1,0,0,0,1112.1,40.6,0.15035526
0,3762.1,0,0,0,1112.1,40.6,0.15035526
0,3762.1,0,0,0,1112.1,40.6,0.15035526
0,3762.1,0,0,0,1112.1,40.6,0.15035526
0,3762.1,0,0,0,1112.1,40.6,0.15035526
0,3762.2,0,0.1,0,1112.1,40.6,0.15035526
0,3762.1,0,-0.1,0,1112.1,40.6,0.15035526
0,3762.2,0,0.1,0,1112.1,40.6,0.15035526
0,3762.2,0,0,0,1112.1,40.6,0.15035526
0,3762.2,0,0,0,1112.1,40.6,0.15035526
0,3762.2,0,0,0,1112.1,40.6,0.15035526
0,3762.2,0,0,0,1112.1,40.6,0.15035526
0,3762.2,0,0,0,1112.1,40.6,0.15035526
0,3762.2,0,0,0,1112.1,40.6,0.15035526
0,3762.3,0,0.1,0,1112.1,40.6,0.15035526
0,3762.3,0,0,0,1112.1,40.6,0.15035526
0,3762.3,0,0,0,1112.1,40.6,0.15035526
0,3762.3,0,0,0,1112.1,40.6,0.15035526
0,3762.3,0,0,0,1112.1,40.6,0.15035526
0,3762.3,0,0,0,1112.1,40.6,0.15035526
0,3762.3,0,0,0,1112.1,40.6,0.15035526
0,3762.4,0,0.1,0,1112.1,40.6,0.15035526
0,3762.4,0,0,0,1112.1,40.6,0.15035526
0,3762.4,0,0,0,1112.1,40.6,0.15035526
0,3762.4,0,0,0,1112.1,40.6,0.15035526
0,3762.4,0,0,0,1112.1,40.6,0.15035526
0,3762.4,0,0,0,1112.1,40.6,0.15035526
0,3762.5,0,0.1,0,1112.1,40.6,0.15035526
0,3762.4,0,-0.1,0,1112.1,40.6,0.15035526
0,3762.5,0,0.1,0,1112.1,40.6,0.15035526
0,3762.5,0,0,0,1112.1,40.6,0.15035526
0,3762.5,0,0,0,1112.1,40.6,0.15035526
0,3762.5,0,0,0,1112.1,40.6,0.15035526
0,3762.5,0,0,0,1112.1,40.6,0.15035526
0,3762.5,0,0,0,1112.1,40.6,0.15035526
0,3762.5,0,0,0,1112.1,40.6,0.15035526
0,3762.5,0,0,0,1112.1,40.6,0.15035526
0,3762.5,0,0,0,1112.1,40.6,0.15035526
0,3762.6,0,0.1,0,1112.1,40.6,0.15035526
0,3762.6,0,0,0,1112.1,40.6,0.15035526
0,3762.6,0,0,0,1112.1,40.6,0.15035526
0,3762.6,0,0,0,1112.1,40.6,0.15035526
0,3762.6,0,0,0,1112.1,40.6,0.15035526
0,3762.6,0,0,0,1112.1,40.6,0.15035526
0,3762.6,0,0,0,1112.1,40.6,0.15035526
0,3762.6,0,0,0,1112.1,40.6,0.15035526
0,3762.6,0,0,0,1112.1,40.6,0.15035526
0,3762.7,0,0.1,0,1112.1,40.6,0.15035526
0,3762.7,0,0,0,1112.1,40.6,0.15035526
0,3762.7,0,0,0,1112.1,40.6,0.15035526
0,3762.7,0,0,0,1112.1,40.6,0.15035526
0,3762.8,0,0.1,0,1112.1,40.6,0.15035526
0,3762.8,0,0,0,1112.1,40.6,0.15035526
0,3762.8,0,0,0,1112.1,40.6,0.15035526
0,3762.8,0,0,0,1112.1,40.6,0.15035526
0,3762.8,0,0,0,1112.1,40.6,0.15035526
0,3762.8,0,0,0,1112.1,40.6,0.15035526
0,3762.8,0,0,0,1112.1,40.6,0.15035526
0,3762.8,0,0,0,1112.1,40.6,0.15035526
0,3762.8,0,0,0,1112.1,40.6,0.15035526
0,3762.9,0,0.1,0,1112.1,40.6,0.15035526
0,3762.9,0,0,0,1112.1,40.6,0.15035526
0,3762.9,0,0,0,1112.1,40.6,0.15035526
0,3762.9,0,0,0,1112.1,40.6,0.15035526
0,3762.9,0,0,0,1112.1,40.6,0.15035526
0,3762.9,0,0,0,1112.1,40.6,0.15035526
0,3762.9,0,0,0,1112.1,40.6,0.15035526
0,3762.9,0,0,0,1112.1,40.6,0.15035526
0,3762.9,0,0,0,1112.1,40.6,0.15035526
0,3762.9,0,0,0,1112.1,40.6,0.15035526
0,3763,0,0.1,0,1112.1,40.6,0.15035526
0,3763,0,0,0,1112.1,40.6,0.15035526
0,3763,0,0,0,1112.1,40.6,0.15035526
0,3763,0,0,0,1112.1,40.6,0.15035526
0,3763,0,0,0,1112.1,40.6,0.15035526
0,3763,0,0,0,1112.1,40.6,0.15035526
0,3763,0,0,0,1112.1,40.6,0.15035526
0,3763.1,0,0.1,0,1112.1,40.6,0.15035526
0,3763,0,-0.1,0,1112.1,40.6,0.15035526
0,3763,0,0,0,1112.1,40.6,0.15035526
0,3763.1,0,0.1,0,1112.1,40.6,0.15035526
0,3763.1,0,0,0,1112.1,40.6,0.15035526
0,3763.1,0,0,0,1112.1,40.6,0.15035526
0,3763.1,0,0,0,1112.1,40.6,0.15035526
0,3763.1,0,0,0,1112.1,40.6,0.15035526
0,3763.1,0,0,0,1112.1,40.6,0.15035526
0,3763.1,0,0,0,1112.1,40.6,0.15035526
0,3763.1,0,0,0,1112.1,40.6,0.15035526
0,3763.1,0,0,0,1112.1,40.6,0.15035526
0,3763.2,0,0.1,0,1112.1,40.6,0.15035526
0,3763.2,0,0,0,1112.1,40.6,0.15035526
0,3763.2,0,0,0,1112.1,40.6,0.15035526
0,3763.2,0,0,0,1112.1,40.6,0.15035526
0,3763.2,0,0,0,1112.1,40.6,0.15035526
0,3763.2,0,0,0,1112.1,40.6,0.15035526
0,3763.2,0,0,0,1112.1,40.6,0.15035526
0,3763.2,0,0,0,1112.1,40.6,0.15035526
0,3763.2,0,0,0,1112.1,40.6,0.15035526
0,3763.3,0,0.1,0,1112.1,40.6,0.15035526
0,3763.3,0,0,0,1112.1,40.6,0.15035526
0,3763.3,0,0,0,1112.1,40.6,0.15035526
0,3763.3,0,0,0,1112.1,40.6,0.15035526
0,3763.3,0,0,0,1112.1,40.6,0.15035526
0,3763.3,0,0,0,1112.1,40.6,0.15035526
0,3763.3,0,0,0,1112.1,40.6,0.15035526
0,3763.3,0,0,0,1112.1,40.6,0.15035526
0,3763.4,0,0.1,0,1112.1,40.6,0.15035526
0,3763.4,0,0,0,1112.1,40.6,0.15035526
0,3763.4,0,0,0,1112.1,40.6,0.15035526
0,3763.4,0,0,0,1112.1,40.6,0.15035526
0,3763.4,0,0,0,1112.1,40.6,0.15035526
0,3763.4,0,0,0,1112.1,40.6,0.15035526
0,3763.4,0,0,0,1112.1,40.6,0.15035526
0,3763.4,0,0,0,1112.1,40.6,0.15035526
0,3763.4,0,0,0,1112.1,40.6,0.15035526
0,3763.4,0,0,0,1112.1,40.6,0.15035526
0,3763.5,0,0.1,0,1112.1,40.6,0.15035526
0,3763.5,0,0,0,1112.1,40.6,0.15035526
0,3763.5,0,0,0,1112.1,40.6,0.15035526
0,3763.5,0,0,0,1112.1,40.6,0.15035526
0,3763.5,0,0,0,1112.1,40.6,0.15035526
0,3763.5,0,0,0,1112.1,40.6,0.15035526
0,3763.5,0,0,0,1112.1,40.6,0.15035526
0,3763.5,0,0,0,1112.1,40.6,0.15035526
0,3763.5,0,0,0,1112.1,40.6,0.15035526
0,3763.5,0,0,0,1112.1,40.6,0.15035526
0,3763.5,0,0,0,1112.1,40.6,0.15035526
0,3763.6,0,0.1,0,1112.1,40.6,0.15035526
0,3763.6,0,0,0,1112.1,40.6,0.15035526
0,3763.6,0,0,0,1112.1,40.6,0.15035526
0,3763.6,0,0,0,1112.1,40.6,0.15035526
0,3763.6,0,0,0,1112.1,40.6,0.15035526
286,3754.2,286,-9.4,1.0737012,1112.2,40.6,0.15027886
566.8,3744,280.8,-10.2,2.1220992,1112.3,40.6,0.15020246
580.9,3742.7,14.1,-1.3,2.1741344,1112.5,40.6,0.15004966
574,3742.3,-6.9,-0.4,2.1480802,1112.6,40.6,0.14997326
574.9,3741.6,0.9,-0.7,2.1510458,1112.8,40.6,0.14982046
581.9,3740.8,7,-0.8,2.1767715,1113,40.6,0.14966766
568.9,3740.6,-13,-0.2,2.1280273,1113.1,40.6,0.14959126
563.9,3740.3,-5,-0.3,2.1091552,1113.3,40.6,0.14943846
577,3739.3,13.1,-1,2.1575761,1113.4,40.6,0.14936206
571.9,3739,-5.1,-0.3,2.1383341,1113.6,40.6,0.14920926
578.9,3738.3,7,-0.7,2.1641019,1113.8,40.6,0.14905646
575,3738,-3.9,-0.3,2.14935,1113.9,40.6,0.14898006
571.9,3737.7,-3.1,-0.3,2.1375906,1114.1,40.6,0.14882726
557.9,3737.7,-14,0,2.0852628,1114.2,40.6,0.14875086
584,3736.4,26.1,-1.3,2.1820576,1114.4,40.6,0.14859806
585.8,3735.9,1.8,-0.5,2.1884902,1114.6,40.6,0.14844526
569.9,3736.1,-15.9,0.2,2.1292034,1114.7,40.6,0.14836886
569,3735.8,-0.9,-0.3,2.1256702,1114.9,40.6,0.14821606
571.9,3735.3,2.9,-0.5,2.1362181,1115,40.6,0.14813966
568,3735.1,-3.9,-0.2,2.1215368,1115.2,40.6,0.14798686
574,3734.5,6,-0.6,2.143603,1115.3,40.6,0.14791046
576.9,3734.1,2.9,-0.4,2.1542023,1115.5,40.6,0.14775766
567,3734.1,-9.9,0,2.1172347,1115.7,40.6,0.14760486
584,3733.2,17,-0.9,2.1801888,1115.8,40.6,0.14752846
574.9,3733.2,-9.1,0,2.1462167,1116,40.6,0.14737566
557,3733.6,-17.9,0.4,2.0796152,1116.1,40.6,0.14729926
580.9,3732.4,23.9,-1.2,2.1681512,1116.3,40.6,0.14714646
584.9,3732,4,-0.4,2.1828468,1116.5,40.6,0.14699366
578,3731.9,-6.9,-0.1,2.1570382,1116.6,40.6,0.14691726
567.9,3732,-10.1,0.1,2.1194028,1116.8,40.6,0.14676446
578.9,3731.4,11,-0.6,2.1601075,1116.9,40.6,0.14668806
575,3731.3,-3.9,-0.1,2.1454975,1117.1,40.6,0.14653526
564.9,3731.4,-10.1,0.1,2.1078679,1117.3,40.6,0.14638246
580.8,3730.6,15.9,-0.8,2.1667325,1117.4,40.6,0.14630606
575,3730.6,-5.8,0,2.145095,1117.6,40.6,0.14615326
557.9,3730.9,-17.1,0.3,2.0814691,1117.7,40.6,0.14607686
572.9,3730.2,15,-0.7,2.1370316,1117.9,40.6,0.14592406
562,3730.4,-10.9,0.2,2.0964848,1118.1,40.6,0.14577126
579,3729.6,17,-0.8,2.1594384,1118.2,40.6,0.14569486
570.9,3729.7,-8.1,0.1,2.1292857,1118.4,40.6,0.14554206
577,3729.3,6.1,-0.4,2.1518061,1118.5,40.6,0.14546566
576.9,3729.1,-0.1,-0.2,2.1513178,1118.7,40.6,0.14531286
580.9,3728.7,4,-0.4,2.1660018,1118.9,40.6,0.14516006
580.9,3728.6,0,-0.1,2.1659437,1119,40.6,0.14508366
578,3728.4,-2.9,-0.2,2.1550152,1119.2,40.6,0.14493086
575.8,3728.4,-2.2,0,2.1468127,1119.3,40.6,0.14485446
556.9,3728.8,-18.9,0.4,2.0765687,1119.5,40.6,0.14470166
579.9,3727.9,23,-0.9,2.1618092,1119.7,40.6,0.14454886
571.9,3728,-8,0.1,2.1320432,1119.8,40.6,0.14447246
577,3727.7,5.1,-0.3,2.1508829,1120,40.6,0.14431966
563,3728,-14,0.3,2.098864,1120.1,40.6,0.14424326
570.7,3727.6,7.7,-0.4,2.1273413,1120.3,40.6,0.14409046
571.9,3727.4,1.2,-0.2,2.1317001,1120.4,40.6,0.14401406
575,3727.2,3.1,-0.2,2.14314,1120.6,40.6,0.14386126
574.9,3727.1,-0.1,-0.1,2.1427098,1120.8,40.6,0.14370846
577,3726.8,2.1,-0.3,2.1503636,1120.9,40.6,0.14363206
563.9,3727.1,-13.1,0.3,2.1017117,1121.1,40.6,0.14347926
569.9,3726.8,6,-0.3,2.1239033,1121.2,40.6,0.14340286
562,3727,-7.9,0.2,2.094574,1121.4,40.6,0.14325006
572.9,3726.5,10.9,-0.5,2.1349118,1121.6,40.6,0.14309726
568.9,3726.5,-4,0,2.1200059,1121.7,40.6,0.14302086
575,3726.1,6.1,-0.4,2.1425075,1121.9,40.6,0.14286806
573.9,3726.1,-1.1,0,2.1384088,1122,40.6,0.14279166
577.8,3725.8,3.9,-0.3,2.1527672,1122.2,40.6,0.14263886
573.9,3725.8,-3.9,0,2.1382366,1122.4,40.6,0.14248606
570.9,3725.8,-3,0,2.1270592,1122.5,40.6,0.14240966
580,3725.4,9.1,-0.4,2.160732,1122.7,40.6,0.14225686
574.8,3725.5,-5.2,0.1,2.1414174,1122.8,40.6,0.14218046
573.9,3725.4,-0.9,-0.1,2.1380071,1123,40.6,0.14202766
571.1,3725.4,-2.8,0,2.1275759,1123.2,40.6,0.14187486
578.9,3725.1,7.8,-0.3,2.1564604,1123.3,40.6,0.14179846
581.9,3724.8,3,-0.3,2.1674611,1123.5,40.6,0.14164566
586.9,3724.5,5,-0.3,2.185909,1123.6,40.6,0.14156926
566.9,3725.1,-20,0.6,2.1117592,1123.8,40.6,0.14141646
559,3725.3,-7.9,0.2,2.0824427,1123.9,40.6,0.14134006
569.8,3724.8,10.8,-0.5,2.122391,1124.1,40.6,0.14118726
567,3724.8,-2.8,0,2.1119616,1124.3,40.6,0.14103446
568.9,3724.7,1.9,-0.1,2.1189818,1124.4,40.6,0.14095806
566.9,3724.7,-2,0,2.1115324,1124.6,40.6,0.14080526
569.9,3724.5,3,-0.2,2.1225925,1124.7,40.6,0.14072886
564.9,3724.6,-5,0.1,2.1040265,1124.9,40.6,0.14057606
567.8,3724.4,2.9,-0.2,2.1147143,1125.1,40.6,0.14042326
579.9,3723.9,12.1,-0.5,2.1594896,1125.2,40.6,0.14034686
578.9,3723.9,-1,0,2.1557657,1125.4,40.6,0.14019406
567,3724.2,-11.9,0.3,2.1116214,1125.5,40.6,0.14011766
572,3723.9,5,-0.3,2.1300708,1125.7,40.6,0.13996486
578.9,3723.6,6.9,-0.3,2.155592,1125.9,40.6,0.13981206
590,3723.1,11.1,-0.5,2.196629,1126,40.6,0.13973566
566.9,3723.8,-23.1,0.7,2.1110222,1126.2,40.6,0.13958286
577,3723.4,10.1,-0.4,2.1484018,1126.3,40.6,0.13950646
565.9,3723.7,-11.1,0.3,2.1072418,1126.5,40.6,0.13935366
569.9,3723.5,4,-0.2,2.1220226,1126.6,40.6,0.13927726
571.9,3723.4,2,-0.1,2.1294125,1126.8,40.6,0.13912446
566.9,3723.5,-5,0.1,2.1108521,1127,40.6,0.13897166
579,3723,12.1,-0.5,2.155617,1127.1,40.6,0.13889526
559.9,3723.6,-19.1,0.6,2.0848436,1127.3,40.6,0.13874246
572.9,3723,13,-0.6,2.1329067,1127.4,40.6,0.13866606
581,3722.7,8.1,-0.3,2.1628887,1127.6,40.6,0.13851326
574.9,3722.8,-6.1,0.1,2.1402377,1127.8,40.6,0.13836046
585,3722.4,10.1,-0.4,2.177604,1127.9,40.6,0.13828406
579.9,3722.5,-5.1,0.1,2.1586777,1128.1,40.6,0.13813126
560.9,3723,-19,0.5,2.0882307,1128.2,40.6,0.13805486
583,3722.2,22.1,-0.8,2.1700426,1128.4,40.6,0.13790206
566.9,3722.7,-16.1,0.5,2.1103986,1128.6,40.6,0.13774926
572.9,3722.4,6,-0.3,2.132563,1128.7,40.6,0.13767286
584,3722,11.1,-0.4,2.173648,1128.9,40.6,0.13752006
567.9,3722.4,-16.1,0.4,2.113951,1129,40.6,0.13744365
583,3721.8,15.1,-0.6,2.1698094,1129.2,40.6,0.13729085
576,3722,-7,0.2,2.143872,1129.4,40.6,0.13713805
567.9,3722.2,-8.1,0.2,2.1138374,1129.5,40.6,0.13706165
573.9,3722,6,-0.2,2.1360558,1129.7,40.6,0.13690885
575.9,3721.8,2,-0.2,2.1433846,1129.8,40.6,0.13683245
286,3731.8,-289.9,10,1.0672948,1129.9,40.6,0.13675605
0,3741.6,-286,9.8,0,1129.9,40.6,0.13675605
0,3742.3,0,0.7,0,1129.9,40.6,0.13675605
0,3742.8,0,0.5,0,1129.9,40.6,0.13675605
0,3743.3,0,0.5,0,1129.9,40.6,0.13675605
0,3743.7,0,0.4,0,1129.9,40.6,0.13675605
0,3744.2,0,0.5,0,1129.9,40.6,0.13675605
0,3744.6,0,0.4,0,1129.9,40.6,0.13675605
0,3744.9,0,0.3,0,1129.9,40.6,0.13675605
0,3745.3,0,0.4,0,1129.9,40.6,0.13675605
0,3745.6,0,0.3,0,1129.9,40.6,0.13675605
0,3745.9,0,0.3,0,1129.9,40.6,0.13675605
0,3746.2,0,0.3,0,1129.9,40.6,0.13675605
0,3746.5,0,0.3,0,1129.9,40.6,0.13675605
0,3746.7,0,0.2,0,1129.9,40.6,0.13675605
0,3747,0,0.3,0,1129.9,40.6,0.13675605
0,3747.2,0,0.2,0,1129.9,40.6,0.13675605
0,3747.5,0,0.3,0,1129.9,40.6,0.13675605
0,3747.7,0,0.2,0,1129.9,40.6,0.13675605
0,3747.9,0,0.2,0,1129.9,40.6,0.13675605
0,3748.2,0,0.3,0,1129.9,40.6,0.13675605
0,3748.3,0,0.1,0,1129.9,40.6,0.13675605
0,3748.5,0,0.2,0,1129.9,40.6,0.13675605
0,3748.7,0,0.2,0,1129.9,40.6,0.13675605
0,3748.9,0,0.2,0,1129.9,40.6,0.13675605
0,3749.1,0,0.2,0,1129.9,40.6,0.13675605
0,3749.2,0,0.1,0,1129.9,40.6,0.13675605
0,3749.4,0,0.2,0,1129.9,40.6,0.13675605
0,3749.6,0,0.2,0,1129.9,40.6,0.13675605
0,3749.7,0,0.1,0,1129.9,40.6,0.13675605
0,3749.9,0,0.2,0,1129.9,40.6,0.13675605
0,3750.1,0,0.2,0,1129.9,40.6,0.13675605
0,3750.2,0,0.1,0,1129.9,40.6,0.13675605
0,3750.3,0,0.1,0,1129.9,40.6,0.13675605
0,3750.4,0,0.1,0,1129.9,40.6,0.13675605
0,3750.6,0,0.2,0,1129.9,40.6,0.13675605
0,3750.7,0,0.1,0,1129.9,40.6,0.13675605
0,3750.8,0,0.1,0,1129.9,40.6,0.13675605
0,3751,0,0.2,0,1129.9,40.6,0.13675605
0,3751.1,0,0.1,0,1129.9,40.6,0.13675605
0,3751.2,0,0.1,0,1129.9,40.6,0.13675605
0,3751.3,0,0.1,0,1129.9,40.6,0.13675605
0,3751.4,0,0.1,0,1129.9,40.6,0.13675605
0,3751.5,0,0.1,0,1129.9,40.6,0.13675605
0,3751.6,0,0.1,0,1129.9,40.6,0.13675605
0,3751.7,0,0.1,0,1129.9,40.6,0.13675605
0,3751.8,0,0.1,0,1129.9,40.6,0.13675605
0,3751.9,0,0.1,0,1129.9,40.6,0.13675605
0,3751.9,0,0,0,1129.9,40.6,0.13675605
0,3752,0,0.1,0,1129.9,40.6,0.13675605
0,3752.1,0,0.1,0,1129.9,40.6,0.13675605
0,3752.2,0,0.1,0,1129.9,40.6,0.13675605
0,3752.3,0,0.1,0,1129.9,40.6,0.13675605
0,3752.4,0,0.1,0,1129.9,40.6,0.13675605
0,3752.4,0,0,0,1129.9,40.6,0.13675605
0,3752.5,0,0.1,0,1129.9,40.6,0.13675605
0,3752.6,0,0.1,0,1129.9,40.6,0.13675605
0,3752.7,0,0.1,0,1129.9,40.6,0.13675605
0,3752.7,0,0,0,1129.9,40.6,0.13675605
0,3752.8,0,0.1,0,1129.9,40.6,0.13675605
0,3752.9,0,0.1,0,1129.9,40.6,0.13675605
0,3752.9,0,0,0,1129.9,40.6,0.13675605
0,3753,0,0.1,0,1129.9,40.6,0.13675605
0,3753.1,0,0.1,0,1129.9,40.6,0.13675605
0,3753.1,0,0,0,1129.9,40.6,0.13675605
0,3753.2,0,0.1,0,1129.9,40.6,0.13675605
0,3753.3,0,0.1,0,1129.9,40.6,0.13675605
0,3753.3,0,0,0,1129.9,40.6,0.13675605
0,3753.4,0,0.1,0,1129.9,40.6,0.13675605
0,3753.5,0,0.1,0,1129.9,40.6,0.13675605
0,3753.5,0,0,0,1129.9,40.6,0.13675605
0,3753.6,0,0.1,0,1129.9,40.6,0.13675605
0,3753.6,0,0,0,1129.9,40.6,0.13675605
0,3753.7,0,0.1,0,1129.9,40.6,0.13675605
0,3753.7,0,0,0,1129.9,40.6,0.13675605
0,3753.8,0,0.1,0,1129.9,40.6,0.13675605
0,3753.8,0,0,0,1129.9,40.6,0.13675605
0,3753.8,0,0,0,1129.9,40.6,0.13675605
0,3753.9,0,0.1,0,1129.9,40.6,0.13675605
0,3753.9,0,0,0,1129.9,40.6,0.13675605
0,3754,0,0.1,0,1129.9,40.6,0.13675605
0,3754,0,0,0,1129.9,40.6,0.13675605
0,3754.1,0,0.1,0,1129.9,40.6,0.13675605
0,3754.2,0,0.1,0,1129.9,40.6,0.13675605
0,3754.2,0,0,0,1129.9,40.6,0.13675605
0,3754.2,0,0,0,1129.9,40.6,0.13675605
0,3754.3,0,0.1,0,1129.9,40.6,0.13675605
0,3754.3,0,0,0,1129.9,40.6,0.13675605
0,3754.3,0,0,0,1129.9,40.6,0.13675605
0,3754.4,0,0.1,0,1129.9,40.6,0.13675605
0,3754.4,0,0,0,1129.9,40.6,0.13675605
0,3754.5,0,0.1,0,1129.9,40.6,0.13675605
0,3754.5,0,0,0,1129.9,40.6,0.13675605
0,3754.5,0,0,0,1129.9,40.6,0.13675605
0,3754.5,0,0,0,1129.9,40.6,0.13675605
0,3754.6,0,0.1,0,1129.9,40.6,0.13675605
0,3754.6,0,0,0,1129.9,40.6,0.13675605
0,3754.6,0,0,0,1129.9,40.6,0.13675605
0,3754.7,0,0.1,0,1129.9,40.6,0.13675605
0,3754.7,0,0,0,1129.9,40.6,0.13675605
0,3754.7,0,0,0,1129.9,40.6,0.13675605
0,3754.7,0,0,0,1129.9,40.6,0.13675605
0,3754.8,0,0.1,0,1129.9,40.6,0.13675605
0,3754.8,0,0,0,1129.9,40.6,0.13675605
0,3754.9,0,0.1,0,1129.9,40.6,0.13675605
0,3754.9,0,0,0,1129.9,40.6,0.13675605
0,3754.9,0,0,0,1129.9,40.6,0.13675605
0,3754.9,0,0,0,1129.9,40.6,0.13675605
0,3755,0,0.1,0,1129.9,40.6,0.13675605
0,3755,0,0,0,1129.9,40.6,0.13675605
0,3755,0,0,0,1129.9,40.6,0.13675605
0,3755.1,0,0.1,0,1129.9,40.6,0.13675605
0,3755.1,0,0,0,1129.9,40.6,0.13675605
0,3755.1,0,0,0,1129.9,40.6,0.13675605
0,3755.1,0,0,0,1129.9,40.6,0.13675605
0,3755.2,0,0.1,0,1129.9,40.6,0.13675605
0,3755.2,0,0,0,1129.9,40.6,0.13675605
0,3755.2,0,0,0,1129.9,40.6,0.13675605
0,3755.2,0,0,0,1129.9,40.6,0.13675605
0,3755.3,0,0.1,0,1129.9,40.6,0.13675605
0,3755.3,0,0,0,1129.9,40.6,0.13675605
0,3755.3,0,0,0,1129.9,40.6,0.13675605
0,3755.3,0,0,0,1129.9,40.6,0.13675605
0,3755.3,0,0,0,1129.9,40.6,0.13675605
0,3755.4,0,0.1,0,1129.9,40.6,0.13675605
0,3755.4,0,0,0,1129.9,40.6,0.13675605
0,3755.4,0,0,0,1129.9,40.6,0.13675605
0,3755.5,0,0.1,0,1129.9,40.6,0.13675605
0,3755.5,0,0,0,1129.9,40.6,0.13675605
0,3755.5,0,0,0,1129.9,40.6,0.13675605
0,3755.5,0,0,0,1129.9,40.6,0.13675605
0,3755.5,0,0,0,1129.9,40.6,0.13675605
0,3755.6,0,0.1,0,1129.9,40.6,0.13675605
0,3755.6,0,0,0,1129.9,40.6,0.13675605
0,3755.6,0,0,0,1129.9,40.6,0.13675605
0,3755.6,0,0,0,1129.9,40.6,0.13675605
0,3755.6,0,0,0,1129.9,40.6,0.13675605
0,3755.7,0,0.1,0,1129.9,40.6,0.13675605
0,3755.7,0,0,0,1129.9,40.6,0.13675605
0,3755.7,0,0,0,1129.9,40.6,0.13675605
0,3755.7,0,0,0,1129.9,40.6,0.13675605
0,3755.8,0,0.1,0,1129.9,40.6,0.13675605
0,3755.8,0,0,0,1129.9,40.6,0.13675605
0,3755.8,0,0,0,1129.9,40.6,0.13675605
0,3755.8,0,0,0,1129.9,40.6,0.13675605
0,3755.8,0,0,0,1129.9,40.6,0.13675605
0,3755.8,0,0,0,1129.9,40.6,0.13675605
0,3755.8,0,0,0,1129.9,40.6,0.13675605
0,3755.8,0,0,0,1129.9,40.6,0.13675605
0,3755.9,0,0.1,0,1129.9,40.6,0.13675605
0,3755.9,0,0,0,1129.9,40.6,0.13675605
0,3755.9,0,0,0,1129.9,40.6,0.13675605
0,3755.9,0,0,0,1129.9,40.6,0.13675605
0,3756,0,0.1,0,1129.9,40.6,0.13675605
0,3756,0,0,0,1129.9,40.6,0.13675605
0,3756,0,0,0,1129.9,40.6,0.13675605
0,3756,0,0,0,1129.9,40.6,0.13675605
0,3756,0,0,0,1129.9,40.6,0.13675605
0,3756,0,0,0,1129.9,40.6,0.13675605
0,3756.1,0,0.1,0,1129.9,40.6,0.13675605
0,3756.1,0,0,0,1129.9,40.6,0.13675605
0,3756.1,0,0,0,1129.9,40.6,0.13675605
0,3756.1,0,0,0,1129.9,40.6,0.13675605
0,3756.1,0,0,0,1129.9,40.6,0.13675605
0,3756.1,0,0,0,1129.9,40.6,0.13675605
0,3756.2,0,0.1,0,1129.9,40.6,0.13675605
0,3756.2,0,0,0,1129.9,40.6,0.13675605
0,3756.2,0,0,0,1129.9,40.6,0.13675605
0,3756.2,0,0,0,1129.9,40.6,0.13675605
0,3756.2,0,0,0,1129.9,40.6,0.13675605
0,3756.3,0,0.1,0,1129.9,40.6,0.13675605
0,3756.2,0,-0.1,0,1129.9,40.6,0.13675605
0,3756.3,0,0.1,0,1129.9,40.6,0.13675605
0,3756.3,0,0,0,1129.9,40.6,0.13675605
0,3756.3,0,0,0,1129.9,40.6,0.13675605
0,3756.3,0,0,0,1129.9,40.6,0.13675605
0,3756.3,0,0,0,1129.9,40.6,0.13675605
0,3756.4,0,0.1,0,1129.9,40.6,0.13675605
0,3756.3,0,-0.1,0,1129.9,40.6,0.13675605
0,3756.4,0,0.1,0,1129.9,40.6,0.13675605
0,3756.4,0,0,0,1129.9,40.6,0.13675605
0,3756.4,0,0,0,1129.9,40.6,0.13675605
0,3756.4,0,0,0,1129.9,40.6,0.13675605
0,3756.4,0,0,0,1129.9,40.6,0.13675605
0,3756.4,0,0,0,1129.9,40.6,0.13675605
0,3756.4,0,0,0,1129.9,40.6,0.13675605
0,3756.5,0,0.1,0,1129.9,40.6,0.13675605
0,3756.5,0,0,0,1129.9,40.6,0.13675605
0,3756.5,0,0,0,1129.9,40.6,0.13675605
0,3756.5,0,0,0,1129.9,40.6,0.13675605
0,3756.6,0,0.1,0,1129.9,40.6,0.13675605
0,3756.5,0,-0.1,0,1129.9,40.6,0.13675605
0,3756.6,0,0.1,0,1129.9,40.6,0.13675605
0,3756.6,0,0,0,1129.9,40.6,0.13675605
0,3756.6,0,0,0,1129.9,40.6,0.13675605
0,3756.6,0,0,0,1129.9,40.6,0.13675605
0,3756.6,0,0,0,1129.9,40.6,0.13675605
0,3756.6,0,0,0,1129.9,40.6,0.13675605
0,3756.6,0,0,0,1129.9,40.6,0.13675605
0,3756.6,0,0,0,1129.9,40.6,0.13675605
0,3756.6,0,0,0,1129.9,40.6,0.13675605
0,3756.7,0,0.1,0,1129.9,40.6,0.13675605
0,3756.7,0,0,0,1129.9,40.6,0.13675605
0,3756.7,0,0,0,1129.9,40.6,0.13675605
0,3756.7,0,0,0,1129.9,40.6,0.13675605
0,3756.7,0,0,0,1129.9,40.6,0.13675605
0,3756.7,0,0,0,1129.9,40.6,0.13675605
0,3756.7,0,0,0,1129.9,40.6,0.13675605
0,3756.7,0,0,0,1129.9,40.6,0.13675605
0,3756.7,0,0,0,1129.9,40.6,0.13675605
0,3756.8,0,0.1,0,1129.9,40.6,0.13675605
0,3756.8,0,0,0,1129.9,40.6,0.13675605
0,3756.8,0,0,0,1129.9,40.6,0.13675605
0,3756.8,0,0,0,1129.9,40.6,0.13675605
0,3756.8,0,0,0,1129.9,40.6,0.13675605
0,3756.8,0,0,0,1129.9,40.6,0.13675605
0,3756.9,0,0.1,0,1129.9,40.6,0.13675605
0,3756.8,0,-0.1,0,1129.9,40.6,0.13675605
0,3756.9,0,0.1,0,1129.9,40.6,0.13675605
0,3756.9,0,0,0,1129.9,40.6,0.13675605
0,3756.9,0,0,0,1129.9,40.6,0.13675605
0,3756.9,0,0,0,1129.9,40.6,0.13675605
0,3756.9,0,0,0,1129.9,40.6,0.13675605
0,3756.9,0,0,0,1129.9,40.6,0.13675605
0,3756.9,0,0,0,1129.9,40.6,0.13675605
0,3757,0,0.1,0,1129.9,40.6,0.13675605
0,3756.9,0,-0.1,0,1129.9,40.6,0.13675605
0,3757,0,0.1,0,1129.9,40.6,0.13675605
0,3757,0,0,0,1129.9,40.6,0.13675605
0,3757,0,0,0,1129.9,40.6,0.13675605
0,3757,0,0,0,1129.9,40.6,0.13675605
0,3757,0,0,0,1129.9,40.6,0.13675605
0,3757,0,0,0,1129.9,40.6,0.13675605
0,3757,0,0,0,1129.9,40.6,0.13675605
0,3757.1,0,0.1,0,1129.9,40.6,0.13675605
0,3757.1,0,0,0,1129.9,40.6,0.13675605
0,3757.1,0,0,0,1129.9,40.6,0.13675605
0,3757.1,0,0,0,1129.9,40.6,0.13675605
0,3757.1,0,0,0,1129.9,40.6,0.13675605
0,3757.1,0,0,0,1129.9,40.6,0.13675605
0,3757.1,0,0,0,1129.9,40.6,0.13675605
0,3757.1,0,0,0,1129.9,40.6,0.13675605
0,3757.1,0,0,0,1129.9,40.6,0.13675605
0,3757.1,0,0,0,1129.9,40.6,0.13675605
0,3757.2,0,0.1,0,1129.9,40.6,0.13675605
0,3757.2,0,0,0,1129.9,40.6,0.13675605
0,3757.2,0,0,0,1129.9,40.6,0.13675605
0,3757.2,0,0,0,1129.9,40.6,0.13675605
0,3757.2,0,0,0,1129.9,40.6,0.13675605
0,3757.2,0,0,0,1129.9,40.6,0.13675605
0,3757.2,0,0,0,1129.9,40.6,0.13675605
0,3757.2,0,0,0,1129.9,40.6,0.13675605
0,3757.2,0,0,0,1129.9,40.6,0.13675605
0,3757.2,0,0,0,1129.9,40.6,0.13675605
0,3757.3,0,0.1,0,1129.9,40.6,0.13675605
0,3757.3,0,0,0,1129.9,40.6,0.13675605
0,3757.3,0,0,0,1129.9,40.6,0.13675605
0,3757.3,0,0,0,1129.9,40.6,0.13675605
0,3757.3,0,0,0,1129.9,40.6,0.13675605
0,3757.3,0,0,0,1129.9,40.5,0.13675605
0,3757.3,0,0,0,1129.9,40.5,0.13675605
0,3757.3,0,0,0,1129.9,40.5,0.13675605
0,3757.3,0,0,0,1129.9,40.5,0.13675605
0,3757.3,0,0,0,1129.9,40.5,0.13675605
0,3757.4,0,0.1,0,1129.9,40.5,0.13675605
0,3757.4,0,0,0,1129.9,40.5,0.13675605
0,3757.4,0,0,0,1129.9,40.5,0.13675605
0,3757.4,0,0,0,1129.9,40.5,0.13675605
0,3757.4,0,0,0,1129.9,40.5,0.13675605
0,3757.4,0,0,0,1129.9,40.5,0.13675605
0,3757.4,0,0,0,1129.9,40.5,0.13675605
0,3757.4,0,0,0,1129.9,40.5,0.13675605
0,3757.4,0,0,0,1129.9,40.5,0.13675605
0,3757.4,0,0,0,1129.9,40.5,0.13675605
0,3757.4,0,0,0,1129.9,40.5,0.13675605
0,3757.4,0,0,0,1129.9,40.5,0.13675605
0,3757.5,0,0.1,0,1129.9,40.5,0.13675605
1206.8,3716,1206.8,-41.5,4.4844688,1130.3,40.5,0.13645045
2415.7,3671.9,1208.9,-44.1,8.8702088,1130.9,40.5,0.13599205
2408.8,3668.7,-6.9,-3.2,8.8371646,1131.6,40.5,0.13545725
2411.5,3665.7,2.7,-3,8.8398356,1132.3,40.5,0.13492245
2423.6,3662.8,12.1,-2.9,8.8771621,1132.9,40.5,0.13446405
2410.7,3661,-12.9,-1.8,8.8255727,1133.6,40.5,0.13392925
2418.6,3658.8,7.9,-2.2,8.8491737,1134.3,40.5,0.13339445
2424.7,3656.8,6.1,-2,8.866643,1135,40.5,0.13285965
2409.8,3655.6,-14.9,-1.2,8.8092649,1135.6,40.5,0.13240125
2405.7,3654.2,-4.1,-1.4,8.7909089,1136.3,40.5,0.13186645
2412.6,3652.4,6.9,-1.8,8.8117802,1137,40.5,0.13133165
2408.7,3651.2,-3.9,-1.2,8.7946454,1137.6,40.5,0.13087325
2410.7,3649.6,2,-1.6,8.7980907,1138.3,40.5,0.13033845
2404.7,3648.5,-6,-1.1,8.7735479,1139,40.5,0.12980365
2411.8,3646.9,7.1,-1.6,8.7955934,1139.6,40.6,0.12934525
2410.8,3645.7,-1,-1.2,8.7890536,1140.3,40.6,0.12881045
2413.6,3644.3,2.8,-1.4,8.7958825,1141,40.6,0.12827565
2409.7,3643.2,-3.9,-1.1,8.779019,1141.6,40.6,0.12781725
2422.7,3641.6,13,-1.6,8.8225043,1142.3,40.6,0.12728245
2409.7,3640.8,-13,-0.8,8.7732358,1143,40.6,0.12674765
2410.8,3639.7,1.1,-1.1,8.7745888,1143.7,40.6,0.12621285
2414.8,3638.4,4,-1.3,8.7860083,1144.3,40.6,0.12575445
2426.6,3636.9,11.8,-1.5,8.8253015,1145,40.6,0.12521965
2426.6,3635.8,0,-1.1,8.8226323,1145.7,40.6,0.12468485
2421.7,3634.9,-4.9,-0.9,8.8026373,1146.3,40.6,0.12422645
2402.7,3634.5,-19,-0.4,8.7326131,1147,40.6,0.12369165
2424.7,3632.7,22,-1.8,8.8082077,1147.7,40.6,0.12315685
2430.8,3631.4,6.1,-1.3,8.8272071,1148.4,40.6,0.12262205
2412.8,3631.1,-18,-0.3,8.7611181,1149,40.6,0.12216365
2412.6,3630.1,-0.2,-1,8.7579793,1149.7,40.6,0.12162885
2414.7,3629,2.1,-1.1,8.7629463,1150.4,40.6,0.12109405
2422.6,3627.8,7.9,-1.2,8.7887083,1151,40.6,0.12063565
2408.9,3627.3,-13.7,-0.5,8.737803,1151.7,40.6,0.12010085
2417.7,3626.1,8.8,-1.2,8.766822,1152.4,40.6,0.11956605
2407.6,3625.5,-10.1,-0.6,8.7287538,1153.1,40.6,0.11903125
2413.6,3624.4,6,-1.1,8.7478518,1153.7,40.6,0.11857285
2419.7,3623.2,6.1,-1.2,8.767057,1154.4,40.6,0.11803805
2405.8,3622.8,-13.9,-0.4,8.7157322,1155.1,40.6,0.11750325
2410.6,3621.7,4.8,-1.1,8.73047,1155.7,40.6,0.11704485
2406.7,3621,-3.9,-0.7,8.7146607,1156.4,40.6,0.11651005
2415.8,3619.8,9.1,-1.2,8.7447128,1157.1,40.6,0.11597525
2398.7,3619.5,-17.1,-0.3,8.6820946,1157.7,40.6,0.11551685
2410.6,3618.3,11.9,-1.2,8.722274,1158.4,40.6,0.11498205
2406.7,3617.5,-3.9,-0.8,8.7062372,1159.1,40.6,0.11444725
2415.8,3616.3,9.1,-1.2,8.7362575,1159.8,40.6,0.11391245
2407.7,3615.7,-8.1,-0.6,8.7055209,1160.4,40.7,0.11345405
2408.6,3614.8,0.9,-0.9,8.7066073,1161.1,40.7,0.11291925
2424.6,3613.4,16,-1.4,8.7610496,1161.8,40.7,0.11238444
2432.7,3612.2,8.1,-1.2,8.7873989,1162.4,40.7,0.11192604
2425.9,3611.6,-6.8,-0.6,8.7613804,1163.1,40.7,0.11139124
2409.8,3611.3,-16.1,-0.3,8.7025107,1163.8,40.7,0.11085644
2419.6,3610.1,9.8,-1.2,8.734998,1164.5,40.7,0.11032164
2418.7,3609.3,-0.9,-0.8,8.7298139,1165.1,40.7,0.10986324
2422.8,3608.3,4.1,-1,8.7421892,1165.8,40.7,0.10932844
2424.7,3607.4,1.9,-0.9,8.7468628,1166.5,40.7,0.10879364
2416.6,3606.9,-8.1,-0.5,8.7164345,1167.1,40.7,0.10833524
2410.7,3606.2,-5.9,-0.7,8.6934663,1167.8,40.7,0.10780044
2413.7,3605.3,3,-0.9,8.7021126,1168.5,40.7,0.10726564
2410.7,3604.6,-3,-0.7,8.6896092,1169.2,40.7,0.10673084
2410.8,3603.7,0.1,-0.9,8.6878,1169.8,40.7,0.10627244
2417.6,3602.6,6.8,-1.1,8.7096458,1170.5,40.7,0.10573764
2424.7,3601.5,7.1,-1.1,8.7325571,1171.2,40.7,0.10520284
2407.8,3601.3,-16.9,-0.2,8.6712101,1171.8,40.7,0.10474444
2418.6,3600,10.8,-1.3,8.70696,1172.5,40.7,0.10420964
2416.7,3599.3,-1.9,-0.7,8.6984283,1173.2,40.7,0.10367484
2426.8,3598.1,10.1,-1.2,8.7318691,1173.9,40.7,0.10314004
2413.6,3597.6,-13.2,-0.5,8.6831674,1174.5,40.8,0.10268164
2415.6,3596.8,2,-0.8,8.6884301,1175.2,40.8,0.10214684
2407.7,3596.2,-7.9,-0.6,8.6585707,1175.9,40.8,0.10161204
2410.8,3595.2,3.1,-1,8.6673082,1176.5,40.8,0.10115364
2406.8,3594.6,-4,-0.6,8.6514833,1177.2,40.8,0.10061884
2406.7,3593.7,-0.1,-0.9,8.6489578,1177.9,40.8,0.10008404
2417.7,3592.5,11,-1.2,8.6855872,1178.5,40.8,0.09962564
2413.7,3591.8,-4,-0.7,8.6695277,1179.2,40.8,0.09909084
2420.6,3590.6,6.9,-1.2,8.6914064,1179.9,40.8,0.098556039
2409.7,3590.1,-10.9,-0.5,8.651064,1180.6,40.8,0.098021239
2418.8,3589,9.1,-1.1,8.6810732,1181.2,40.8,0.097562839
2409.7,3588.4,-9.1,-0.6,8.6469675,1181.9,40.8,0.097028039
2412.6,3587.4,2.9,-1,8.6549612,1182.6,40.8,0.096493239
2406.7,3586.8,-5.9,-0.6,8.6323516,1183.2,40.8,0.096034838
2409.8,3585.8,3.1,-1,8.6410608,1183.9,40.8,0.095500038
2423.7,3584.5,13.9,-1.3,8.6877527,1184.6,40.8,0.094965238
2416.8,3583.8,-6.9,-0.7,8.6613278,1185.3,40.8,0.094430438
2416.8,3582.9,0,-0.9,8.6591527,1185.9,40.8,0.093972038
2416.6,3582,-0.2,-0.9,8.6562612,1186.6,40.9,0.093437237
2403.7,3581.6,-12.9,-0.4,8.6090919,1187.3,40.9,0.092902437
2415.8,3580.3,12.1,-1.3,8.6492887,1187.9,40.9,0.092444037
2406.7,3579.6,-9.1,-0.7,8.6150233,1188.6,40.9,0.091909237
2415.7,3578.4,9,-1.2,8.6443409,1189.3,40.9,0.091374437
2397.8,3578.1,-17.9,-0.3,8.5795682,1189.9,40.9,0.090916036
2416.6,3576.6,18.8,-1.5,8.6432116,1190.6,40.9,0.090381236
2414.7,3575.7,-1.9,-0.9,8.6342428,1191.3,40.9,0.089846436
2417.8,3574.6,3.1,-1.1,8.6426679,1192,40.9,0.089311636
2415.7,3573.7,-2.1,-0.9,8.6329871,1192.6,40.9,0.088853236
2410.7,3573,-5,-0.7,8.6134311,1193.3,40.9,0.088318435
2411.7,3572,1,-1,8.6145924,1194,40.9,0.087783635
2421.8,3570.7,10.1,-1.3,8.6475213,1194.6,40.9,0.087325235
2412.6,3570,-9.2,-0.7,8.612982,1195.3,40.9,0.086790435
2416.7,3568.8,4.1,-1.2,8.624719,1196,40.9,0.086255635
2417.7,3567.8,1,-1,8.6258701,1196.6,40.9,0.085797234
2427.6,3566.5,9.9,-1.3,8.6580354,1197.3,40.9,0.085262434
2411.7,3566,-15.9,-0.5,8.6001222,1198,41,0.084727634
2419.6,3564.7,7.9,-1.3,8.6251481,1198.7,41,0.084192834
2415.7,3563.8,-3.9,-0.9,8.6090717,1199.3,41,0.083734433
2407.8,3563.1,-7.9,-0.7,8.5792322,1200,41,0.083199633
2422.7,3561.5,14.9,-1.6,8.628446,1200.7,41,0.082664833
2410.7,3560.8,-12,-0.7,8.5840206,1201.3,41,0.082206433
2417.8,3559.5,7.1,-1.3,8.6061591,1202,41,0.081671633
2419.6,3558.3,1.8,-1.2,8.6096627,1202.7,41,0.081136832
2412.6,3557.5,-7,-0.8,8.5828245,1203.4,41,0.080602032
2419.7,3556,7.1,-1.5,8.6044532,1204,41,0.080143632
2407.7,3555.4,-12,-0.6,8.5603366,1204.7,41,0.079608832
2342.7,3556.6,-65,1.2,8.3320468,1205.4,41,0.079074032
2270.7,3558.3,-72,1.7,8.0798318,1206,41,0.078615631
2273.8,3557.3,3.1,-1,8.0885887,1206.6,41,0.078157231
2273.7,3556.4,-0.1,-0.9,8.0861867,1207.2,41,0.077698831
2266.6,3555.7,-7.1,-0.7,8.0593496,1207.9,41,0.077164031
2262.8,3554.9,-3.8,-0.8,8.0440277,1208.5,41,0.076705631
2271.7,3553.6,8.9,-1.3,8.0727131,1209.1,41.1,0.07624723
2276.6,3552.4,4.9,-1.2,8.0873938,1209.8,41.1,0.07571243
2261.8,3551.8,-14.8,-0.6,8.0334612,1210.4,41.1,0.07525403
2260.7,3550.8,-1.1,-1,8.0272936,1211,41.1,0.07479563
2279.6,3549.1,18.9,-1.7,8.0905284,1211.7,41.1,0.07426083
2280.7,3547.8,1.1,-1.3,8.0914675,1212.3,41.1,0.07380243
2262.8,3547.3,-17.9,-0.5,8.0268304,1212.9,41.1,0.073344029
2264.6,3546.1,1.8,-1.2,8.0304981,1213.5,41.1,0.072885629
2271.7,3544.7,7.1,-1.4,8.052495,1214.2,41.1,0.072350829
2265.8,3543.7,-5.9,-1,8.0293155,1214.8,41.1,0.071892429
2268.8,3542.3,3,-1.4,8.0367702,1215.4,41.1,0.071434029
2257.7,3541.4,-11.1,-0.9,7.9954188,1216.1,41.1,0.070899228
2275.7,3539.5,18,-1.9,8.0548402,1216.7,41.1,0.070440828
2267.7,3538.5,-8,-1,8.0242565,1217.3,41.1,0.069982428
2267.7,3537.1,0,-1.4,8.0210817,1218,41.1,0.069447628
2263.7,3535.9,-4,-1.2,8.0042168,1218.6,41.1,0.068989228
2267.6,3534.4,3.9,-1.5,8.0146054,1219.2,41.1,0.068530827
2274.6,3532.7,7,-1.7,8.0354794,1219.8,41.1,0.068072427
2268.7,3531.5,-5.9,-1.2,8.011914,1220.5,41.2,0.067537627
2284.8,3529.4,16.1,-2.1,8.0639731,1221.1,41.2,0.067079227
2273.6,3528.3,-11.2,-1.1,8.0219429,1221.7,41.2,0.066620827
2267.7,3527,-5.9,-1.3,7.9981779,1222.4,41.2,0.066086026
2258.7,3525.8,-9,-1.2,7.9637245,1223,41.2,0.065627626
2264.7,3524,6,-1.8,7.9808028,1223.6,41.2,0.065169226
2269.6,3522.2,4.9,-1.8,7.9939851,1224.3,41.2,0.064634426
2274.7,3520.4,5.1,-1.8,8.0078539,1224.9,41.2,0.064176026
2269.8,3518.9,-4.9,-1.5,7.9871992,1225.5,41.2,0.063717625
2272.6,3517.1,2.8,-1.8,7.9929615,1226.2,41.2,0.063182825
2261.6,3515.8,-11,-1.3,7.9513333,1226.8,41.2,0.062724425
2274.6,3513.5,13,-2.3,7.9918071,1227.4,41.2,0.062266025
2265.9,3512.1,-8.7,-1.4,7.9580674,1228,41.2,0.061807625
2268.6,3510.2,2.7,-1.9,7.9632397,1228.7,41.2,0.061272825
2282.6,3507.8,14,-2.4,8.0069043,1229.3,41.2,0.060814424
2273.7,3506.2,-8.9,-1.6,7.9720469,1229.9,41.2,0.060356024
2274.8,3504.3,1.1,-1.9,7.9715816,1230.6,41.2,0.059821224
2274.6,3502.4,-0.2,-1.9,7.966559,1231.2,41.2,0.059362824
2266.7,3500.7,-7.9,-1.7,7.9350367,1231.8,41.3,0.058904424
2275.7,3498.4,9,-2.3,7.9613089,1232.5,41.3,0.058369623
2261.7,3496.9,-14,-1.5,7.9089387,1233.1,41.3,0.057911223
2265.7,3494.7,4,-2.2,7.9179418,1233.7,41.3,0.057452823
2267.8,3492.6,2.1,-2.1,7.9205183,1234.4,41.3,0.056918023
2270.7,3490.4,2.9,-2.2,7.9256513,1235,41.3,0.056459623
2265.7,3488.4,-5,-2,7.9036679,1235.6,41.3,0.056001222
2272.7,3486,7,-2.4,7.9226322,1236.2,41.3,0.055542822
2271.7,3483.9,-1,-2.1,7.9143756,1236.9,41.3,0.055008022
2280.6,3481.4,8.9,-2.5,7.9396808,1237.5,41.3,0.054549622
2269.7,3479.5,-10.9,-1.9,7.8974211,1238.1,41.3,0.054091222
2262.8,3477.5,-6.9,-2,7.868887,1238.8,41.3,0.053556421
2266.6,3475,3.8,-2.5,7.876435,1239.4,41.3,0.053098021
2267,3472.8,0.4,-2.2,7.8728376,1240,41.3,0.052639621
2258.6,3470.7,-8.4,-2.1,7.838923,1240.7,41.3,0.052104821
2269.7,3467.9,11.1,-2.8,7.8710926,1241.3,41.3,0.051646421
2277.7,3465.2,8,-2.7,7.892686,1241.9,41.3,0.05118802
2264.7,3463.2,-13,-2,7.843109,1242.5,41.4,0.05072962
2253.7,3461.1,-11,-2.1,7.8002811,1243.2,41.4,0.05019482
2248.8,3458.9,-4.9,-2.2,7.7783743,1243.8,41.4,0.04973642
2266.7,3455.8,17.9,-3.1,7.8332619,1244.4,41.4,0.04927802
2266.7,3453.2,0,-2.6,7.8273684,1245.1,41.4,0.048743219
2263.8,3450.7,-2.9,-2.5,7.8116947,1245.7,41.4,0.048284819
2273.6,3447.7,9.8,-3,7.8386907,1246.3,41.4,0.047826419
2271.8,3445.1,-1.8,-2.6,7.8265782,1247,41.4,0.047291619
2257.7,3442.9,-14.1,-2.2,7.7730353,1247.6,41.4,0.046833219
2259.6,3440.2,1.9,-2.7,7.7734759,1248.2,41.4,0.046374819
2258.8,3437.5,-0.8,-2.7,7.764625,1248.8,41.4,0.045916418
2277.7,3433.9,18.9,-3.6,7.821394,1249.5,41.5,0.045381618
2268.6,3432,-9.1,-1.9,7.7858352,1250,41.5,0.044999618
749.4,3504,-1519.2,72,2.6258976,1250,41.5,0.044999618
749.7,3503,0.3,-1,2.6261991,1250.2,41.5,0.044846818
749.7,3502.8,0,-0.2,2.6260492,1250.4,41.5,0.044694018
749.8,3502.8,0.1,0,2.6263994,1250.6,41.5,0.044541218
749.8,3502.8,0,0,2.6263994,1250.8,41.5,0.044388418
749.9,3502.8,0.1,0,2.6267497,1251,41.5,0.044235618
749.9,3502.9,0,0.1,2.6268247,1251.2,41.5,0.044082818
749.9,3502.9,0,0,2.6268247,1251.5,41.5,0.043853618
749.9,3502.8,0,-0.1,2.6267497,1251.7,41.5,0.043700817
749.9,3502.7,0,-0.1,2.6266747,1251.9,41.5,0.043548017
749.9,3502.6,0,-0.1,2.6265997,1252.1,41.5,0.043395217
749.9,3502.5,0,-0.1,2.6265248,1252.3,41.5,0.043242417
749.9,3502.3,0,-0.2,2.6263748,1252.5,41.5,0.043089617
749.9,3502,0,-0.3,2.6261498,1252.7,41.5,0.042936817
749.9,3501.8,0,-0.2,2.6259998,1252.9,41.5,0.042784017
749.9,3501.5,0,-0.3,2.6257748,1253.1,41.5,0.042631217
749.8,3501.2,-0.1,-0.3,2.6251998,1253.3,41.5,0.042478417
749.8,3500.9,0,-0.3,2.6249748,1253.5,41.5,0.042325617
749.8,3500.6,0,-0.3,2.6247499,1253.7,41.6,0.042172817
749.8,3500.2,0,-0.4,2.62445,1254,41.6,0.041943617
749.8,3499.8,0,-0.4,2.62415,1254.2,41.6,0.041790817
749.8,3499.3,0,-0.5,2.6237751,1254.4,41.6,0.041638017
749.9,3498.9,0.1,-0.4,2.6238251,1254.6,41.6,0.041485217
749.9,3498.4,0,-0.5,2.6234502,1254.8,41.6,0.041332417
750,3497.9,0.1,-0.5,2.623425,1255,41.6,0.041179616
750,3497.4,0,-0.5,2.62305,1255.2,41.6,0.041026816
750,3496.9,0,-0.5,2.622675,1255.4,41.6,0.040874016
749.9,3496.3,-0.1,-0.6,2.6218754,1255.6,41.6,0.040721216
749.9,3495.8,0,-0.5,2.6215004,1255.8,41.6,0.040568416
749.9,3495.2,0,-0.6,2.6210505,1256,41.6,0.040415616
749.9,3494.6,0,-0.6,2.6206005,1256.2,41.6,0.040262816
749.9,3494,0,-0.6,2.6201506,1256.5,41.6,0.040033616
749.9,3493.4,0,-0.6,2.6197007,1256.7,41.6,0.039880816
749.9,3492.8,0,-0.6,2.6192507,1256.9,41.6,0.039728016
749.9,3492.1,0,-0.7,2.6187258,1257.1,41.6,0.039575216
749.8,3491.4,-0.1,-0.7,2.6178517,1257.3,41.6,0.039422416
749.8,3490.8,0,-0.6,2.6174018,1257.5,41.6,0.039269616
749.8,3490,0,-0.8,2.616802,1257.7,41.6,0.039116816
749.8,3489.3,0,-0.7,2.6162771,1257.9,41.6,0.038964016
749.8,3488.6,0,-0.7,2.6157523,1258.1,41.6,0.038811216
749.8,3487.9,0,-0.7,2.6152274,1258.3,41.6,0.038658415
749.8,3487.1,0,-0.8,2.6146276,1258.5,41.6,0.038505615
749.8,3486.3,0,-0.8,2.6140277,1258.7,41.6,0.038352815
749.8,3485.6,0,-0.7,2.6135029,1259,41.6,0.038123615
749.8,3484.9,0,-0.7,2.612978,1259.2,41.6,0.037970815
749.8,3484,0,-0.9,2.6123032,1259.4,41.6,0.037818015
749.8,3483.2,0,-0.8,2.6117034,1259.6,41.6,0.037665215
749.9,3482.4,0.1,-0.8,2.6114518,1259.8,41.6,0.037512415
749.9,3481.6,0,-0.8,2.6108518,1260,41.6,0.037359615
749.9,3480.8,0,-0.8,2.6102519,1260.2,41.6,0.037206815
749.9,3479.9,0,-0.9,2.609577,1260.4,41.6,0.037054015
749.9,3479,0,-0.9,2.6089021,1260.6,41.6,0.036901215
749.9,3478.2,0,-0.8,2.6083022,1260.8,41.6,0.036748415
749.9,3477.3,0,-0.9,2.6076273,1261,41.6,0.036595615
749.9,3476.4,0,-0.9,2.6069524,1261.2,41.6,0.036442815
749.9,3475.5,0,-0.9,2.6062774,1261.5,41.6,0.036213614
749.9,3474.6,0,-0.9,2.6056025,1261.7,41.6,0.036060814
749.8,3473.8,-0.1,-0.8,2.6046552,1261.9,41.6,0.035908014
749.8,3472.8,0,-1,2.6039054,1262.1,41.6,0.035755214
749.8,3471.9,0,-0.9,2.6032306,1262.3,41.6,0.035602414
749.8,3470.9,0,-1,2.6024808,1262.5,41.6,0.035449614
749.8,3470,0,-0.9,2.601806,1262.7,41.6,0.035296814
749.8,3469,0,-1,2.6010562,1262.9,41.6,0.035144014
749.8,3468.1,0,-0.9,2.6003814,1263.1,41.5,0.034991214
749.8,3467.1,0,-1,2.5996316,1263.3,41.5,0.034838414
749.9,3466.2,0.1,-0.9,2.5993034,1263.5,41.5,0.034685614
749.9,3465.2,0,-1,2.5985535,1263.7,41.5,0.034532814
749.9,3464.2,0,-1,2.5978036,1264,41.5,0.034303614
750,3463.2,0.1,-1,2.5974,1264.2,41.5,0.034150814
750,3462.2,0,-1,2.59665,1264.4,41.5,0.033998014
750,3461.1,0,-1.1,2.595825,1264.6,41.5,0.033845214
749.9,3460.1,-0.1,-1,2.594729,1264.8,41.5,0.033692413
749.8,3459.1,-0.1,-1,2.5936332,1265,41.5,0.033539613
749.8,3458.1,0,-1,2.5928834,1265.2,41.5,0.033386813
749.8,3457,0,-1.1,2.5920586,1265.4,41.5,0.033234013
749.8,3455.9,0,-1.1,2.5912338,1265.6,41.5,0.033081213
749.9,3454.9,0.1,-1,2.5908295,1265.8,41.5,0.032928413
749.9,3453.9,0,-1,2.5900796,1266,41.5,0.032775613
749.9,3452.8,0,-1.1,2.5892547,1266.2,41.5,0.032622813
749.9,3451.7,0,-1.1,2.5884298,1266.5,41.5,0.032393613
749.9,3450.6,0,-1.1,2.5876049,1266.7,41.5,0.032240813
750,3449.5,0.1,-1.1,2.587125,1266.9,41.5,0.032088013
750,3448.4,0,-1.1,2.5863,1267.1,41.5,0.031935213
749.9,3447.3,-0.1,-1.1,2.5851303,1267.3,41.5,0.031782413
749.9,3446.2,0,-1.1,2.5843054,1267.5,41.5,0.031629613
749.8,3445,-0.1,-1.2,2.583061,1267.7,41.5,0.031476813
749.8,3443.9,0,-1.1,2.5822362,1267.9,41.5,0.031324013
749.8,3442.8,0,-1.1,2.5814114,1268.1,41.5,0.031171212
749.8,3441.7,0,-1.1,2.5805867,1268.3,41.5,0.031018412
749.8,3440.5,0,-1.2,2.5796869,1268.5,41.5,0.030865612
749.8,3439.3,0,-1.2,2.5787871,1268.7,41.5,0.030712812
749.9,3438.1,0.1,-1.2,2.5782312,1269,41.5,0.030483612
749.9,3437,0,-1.1,2.5774063,1269.2,41.5,0.030330812
749.9,3435.8,0,-1.2,2.5765064,1269.4,41.5,0.030178012
749.9,3434.6,0,-1.2,2.5756065,1269.6,41.5,0.030025212
749.9,3433.4,0,-1.2,2.5747067,1269.8,41.5,0.029872412
749.9,3432.2,0,-1.2,2.5738068,1270,41.5,0.029719612
750,3431,0.1,-1.2,2.57325,1270.2,41.5,0.029566812
750,3429.8,0,-1.2,2.57235,1270.4,41.5,0.029414012
750,3428.5,0,-1.3,2.571375,1270.6,41.5,0.029261212
750,3427.3,0,-1.2,2.570475,1270.8,41.5,0.029108412
750,3426.1,0,-1.2,2.569575,1271,41.5,0.028955612
750,3424.8,0,-1.3,2.5686,1271.2,41.5,0.028802812
750,3423.6,0,-1.2,2.5677,1271.5,41.5,0.028573611
750,3422.3,0,-1.3,2.566725,1271.7,41.5,0.028420811
750,3421,0,-1.3,2.56575,1271.9,41.5,0.028268011
750,3419.8,0,-1.2,2.56485,1272.1,41.5,0.028115211
750,3418.5,0,-1.3,2.563875,1272.3,41.5,0.027962411
750,3417.2,0,-1.3,2.5629,1272.5,41.5,0.027809611
750,3415.9,0,-1.3,2.561925,1272.7,41.5,0.027656811
750,3414.5,0,-1.4,2.560875,1272.9,41.5,0.027504011
750,3413.2,0,-1.3,2.5599,1273.1,41.5,0.027351211
750,3411.9,0,-1.3,2.558925,1273.3,41.5,0.027198411
750,3410.6,0,-1.3,2.55795,1273.5,41.5,0.027045611
750,3409.3,0,-1.3,2.556975,1273.7,41.5,0.026892811
750,3407.9,0,-1.4,2.555925,1274,41.5,0.026663611
750,3406.6,0,-1.3,2.55495,1274.2,41.5,0.026510811
750,3405.2,0,-1.4,2.5539,1274.4,41.5,0.026358011
750,3403.8,0,-1.4,2.55285,1274.6,41.5,0.02620521
750,3402.4,0,-1.4,2.5518,1274.8,41.5,0.02605241
750,3401.1,0,-1.3,2.550825,1275,41.5,0.02589961
750,3399.6,0,-1.5,2.5497,1275.2,41.5,0.02574681
750,3398.2,0,-1.4,2.54865,1275.4,41.5,0.02559401
750,3396.9,0,-1.3,2.547675,1275.6,41.5,0.02544121
750,3395.4,0,-1.5,2.54655,1275.8,41.5,0.02528841
750,3394,0,-1.4,2.5455,1276,41.5,0.02513561
750,3392.6,0,-1.4,2.54445,1276.2,41.5,0.02498281
750,3391.1,0,-1.5,2.543325,1276.5,41.5,0.02475361
750,3389.7,0,-1.4,2.542275,1276.7,41.5,0.02460081
750,3388.2,0,-1.5,2.54115,1276.9,41.5,0.02444801
750,3386.7,0,-1.5,2.540025,1277.1,41.5,0.02429521
750,3385.2,0,-1.5,2.5389,1277.3,41.5,0.02414241
750,3383.7,0,-1.5,2.537775,1277.5,41.5,0.02398961
749.9,3382.2,-0.1,-1.5,2.5363118,1277.7,41.5,0.02383681
749.9,3380.7,0,-1.5,2.5351869,1277.9,41.5,0.023684009
749.9,3379.2,0,-1.5,2.5340621,1278.1,41.5,0.023531209
749.9,3377.7,0,-1.5,2.5329372,1278.3,41.5,0.023378409
749.9,3376.2,0,-1.5,2.5318124,1278.5,41.5,0.023225609
749.9,3374.6,0,-1.6,2.5306125,1278.7,41.5,0.023072809
749.9,3373,0,-1.6,2.5294127,1279,41.5,0.022843609
749.9,3371.5,0,-1.5,2.5282879,1279.2,41.5,0.022690809
749.9,3369.9,0,-1.6,2.527088,1279.4,41.4,0.022538009
749.9,3368.3,0,-1.6,2.5258882,1279.6,41.4,0.022385209
749.9,3366.7,0,-1.6,2.5246883,1279.8,41.4,0.022232409
749.9,3365.1,0,-1.6,2.5234885,1280,41.4,0.022079609
749.9,3363.5,0,-1.6,2.5222887,1280.2,41.4,0.021926809
749.9,3361.8,0,-1.7,2.5210138,1280.4,41.4,0.021774009
749.9,3360.2,0,-1.6,2.519814,1280.6,41.4,0.021621209
749.9,3358.6,0,-1.6,2.5186141,1280.8,41.4,0.021468409
749.9,3356.9,0,-1.7,2.5173393,1281,41.4,0.021315609
750,3355.2,0.1,-1.7,2.5164,1281.2,41.4,0.021162808
750,3353.6,0,-1.6,2.5152,1281.5,41.4,0.020933608
750,3351.8,0,-1.8,2.51385,1281.7,41.4,0.020780808
750,3350.1,0,-1.7,2.512575,1281.9,41.4,0.020628008
750,3348.4,0,-1.7,2.5113,1282.1,41.4,0.020475208
749.9,3346.7,-0.1,-1.7,2.5096903,1282.3,41.4,0.020322408
749.9,3344.9,0,-1.8,2.5083405,1282.5,41.4,0.020169608
749.8,3343.2,-0.1,-1.7,2.5067314,1282.7,41.4,0.020016808
749.8,3341.4,0,-1.8,2.5053817,1282.9,41.4,0.019864008
749.8,3339.7,0,-1.7,2.5041071,1283.1,41.4,0.019711208
749.8,3337.9,0,-1.8,2.5027574,1283.3,41.4,0.019558408
749.8,3336,0,-1.9,2.5013328,1283.5,41.4,0.019405608
749.8,3334.2,0,-1.8,2.4999832,1283.7,41.4,0.019252808
749.9,3332.4,0.1,-1.8,2.4989668,1284,41.4,0.019023608
749.9,3330.5,0,-1.9,2.497542,1284.2,41.4,0.018870808
749.9,3328.7,0,-1.8,2.4961921,1284.4,41.4,0.018718007
749.9,3326.8,0,-1.9,2.4947673,1284.6,41.4,0.018565207
749.9,3324.9,0,-1.9,2.4933425,1284.8,41.4,0.018412407
750,3323,0.1,-1.9,2.49225,1285,41.4,0.018259607
750,3321.1,0,-1.9,2.490825,1285.2,41.4,0.018106807
749.9,3319.1,-0.1,-2,2.4889931,1285.4,41.4,0.017954007
749.9,3317.2,0,-1.9,2.4875683,1285.6,41.4,0.017801207
749.8,3315.2,-0.1,-2,2.485737,1285.8,41.4,0.017648407
749.8,3313.3,0,-1.9,2.4843123,1286,41.4,0.017495607
749.8,3311.3,0,-2,2.4828127,1286.2,41.4,0.017342807
749.8,3309.3,0,-2,2.4813131,1286.5,41.4,0.017113607
749.8,3307.3,0,-2,2.4798135,1286.7,41.4,0.016960807
749.9,3305.2,0.1,-2.1,2.4785695,1286.9,41.4,0.016808007
749.9,3303.2,0,-2,2.4770697,1287.1,41.4,0.016655207
749.9,3301.1,0,-2.1,2.4754949,1287.3,41.4,0.016502407
750,3299,0.1,-2.1,2.47425,1287.5,41.4,0.016349607
750,3296.9,0,-2.1,2.472675,1287.7,41.4,0.016196806
750,3294.7,0,-2.2,2.471025,1287.9,41.4,0.016044006
749.9,3292.6,-0.1,-2.1,2.4691207,1288.1,41.4,0.015891206
749.9,3290.4,0,-2.2,2.467471,1288.3,41.4,0.015738406
749.8,3288.3,-0.1,-2.1,2.4655673,1288.5,41.4,0.015585606
749.8,3286.1,0,-2.2,2.4639178,1288.7,41.4,0.015432806
749.8,3283.9,0,-2.2,2.4622682,1289,41.4,0.015203606
749.8,3281.7,0,-2.2,2.4606187,1289.2,41.4,0.015050806
749.8,3279.4,0,-2.3,2.4588941,1289.4,41.4,0.014898006
749.9,3277.1,0.1,-2.3,2.4574973,1289.6,41.4,0.014745206
749.9,3274.8,0,-2.3,2.4557725,1289.8,41.4,0.014592406
749.9,3272.5,0,-2.3,2.4540477,1290,41.4,0.014439606
749.9,3270.1,0,-2.4,2.452248,1290.2,41.4,0.014286806
750,3267.7,0.1,-2.4,2.450775,1290.4,41.4,0.014134006
750,3265.3,0,-2.4,2.448975,1290.6,41.4,0.013981206
750,3263,0,-2.3,2.44725,1290.8,41.4,0.013828406
750,3260.5,0,-2.5,2.445375,1291,41.4,0.013675605
749.9,3258.1,-0.1,-2.4,2.4432492,1291.2,41.4,0.013522805
749.9,3255.6,0,-2.5,2.4413744,1291.5,41.4,0.013293605
749.8,3253.1,-0.1,-2.5,2.4391744,1291.7,41.4,0.013140805
749.8,3250.5,0,-2.6,2.4372249,1291.9,41.4,0.012988005
749.8,3248,0,-2.5,2.4353504,1292.1,41.4,0.012835205
749.8,3245.4,0,-2.6,2.4334009,1292.3,41.4,0.012682405
749.8,3242.8,0,-2.6,2.4314514,1292.5,41.4,0.012529605
749.8,3240.2,0,-2.6,2.429502,1292.7,41.4,0.012376805
749.8,3237.5,0,-2.7,2.4274775,1292.9,41.4,0.012224005
749.9,3234.9,0.1,-2.6,2.4258515,1293.1,41.4,0.012071205
749.9,3232.1,0,-2.8,2.4237518,1293.3,41.4,0.011918405
749.9,3229.4,0,-2.7,2.4217271,1293.5,41.4,0.011765605
749.9,3226.6,0,-2.8,2.4196273,1293.7,41.4,0.011612805
749.9,3223.8,0,-2.8,2.4175276,1294,41.4,0.011383605
749.9,3220.9,0,-2.9,2.4153529,1294.2,41.4,0.011230804
750,3218.1,0.1,-2.8,2.413575,1294.4,41.4,0.011078004
750,3215.1,0,-3,2.411325,1294.6,41.4,0.010925204
750,3212.1,0,-3,2.409075,1294.8,41.4,0.010772404
750,3209.1,0,-3,2.406825,1295,41.4,0.010619604
749.9,3206.1,-0.1,-3,2.4042544,1295.2,41.4,0.010466804
749.9,3203,0,-3.1,2.4019297,1295.4,41.4,0.010314004
749.9,3199.9,0,-3.1,2.399605,1295.6,41.4,0.010161204
749.8,3196.7,-0.1,-3.2,2.3968857,1295.8,41.4,0.010008404
749.8,3193.5,0,-3.2,2.3944863,1296,41.4,0.0098556039
749.8,3190.2,0,-3.3,2.392012,1296.2,41.4,0.0097028039
749.8,3186.8,0,-3.4,2.3894626,1296.5,41.4,0.0094736038
749.8,3183.5,0,-3.3,2.3869883,1296.7,41.4,0.0093208037
749.8,3180,0,-3.5,2.384364,1296.9,41.4,0.0091680037
749.8,3176.5,0,-3.5,2.3817397,1297.1,41.4,0.0090152036
749.8,3173,0,-3.5,2.3791154,1297.3,41.4,0.0088624035
749.8,3169.4,0,-3.6,2.3764161,1297.5,41.4,0.0087096035
749.8,3165.6,0,-3.8,2.3735669,1297.7,41.4,0.0085568034
749.9,3161.8,0.1,-3.8,2.3710338,1297.9,41.3,0.0084040034
749.9,3157.9,0,-3.9,2.3681092,1298.1,41.3,0.0082512033
749.9,3153.9,0,-4,2.3651096,1298.3,41.3,0.0080984032
749.9,3149.9,0,-4,2.36211,1298.5,41.3,0.0079456032
749.9,3145.7,0,-4.2,2.3589604,1298.7,41.3,0.0077928031
749.9,3141.5,0,-4.2,2.3558109,1299,41.3,0.007563603
749.9,3137.1,0,-4.4,2.3525113,1299.2,41.3,0.007410803
749.9,3132.6,0,-4.5,2.3491367,1299.4,41.3,0.0072580029
749.9,3128,0,-4.6,2.3456872,1299.6,41.3,0.0071052028
749.8,3123.3,-0.1,-4.7,2.3418503,1299.8,41.3,0.0069524028
749.8,3118.5,0,-4.8,2.3382513,1300,41.3,0.0067996027
749.8,3113.5,0,-5,2.3345023,1300.2,41.3,0.0066468027
749.8,3108.5,0,-5,2.3307533,1300.4,41.3,0.0064940026
749.8,3103.2,0,-5.3,2.3267794,1300.6,41.3,0.0063412025
749.8,3097.8,0,-5.4,2.3227304,1300.8,41.3,0.0061884025
749.8,3092.3,0,-5.5,2.3186065,1301,41.3,0.0060356024
749.8,3086.6,0,-5.7,2.3143327,1301.2,41.3,0.0058828024
749.8,3080.8,0,-5.8,2.3099838,1301.5,41.3,0.0056536023
749.8,3074.8,0,-6,2.305485,1301.7,41.3,0.0055008022
749.8,3068.7,0,-6.1,2.3009113,1301.9,41.3,0.0053480021
749.8,3062.4,0,-6.3,2.2961875,1302.1,41.3,0.0051952021
749.8,3056,0,-6.4,2.2913888,1302.3,41.3,0.005042402
749.8,3049.3,0,-6.7,2.2863651,1302.5,41.3,0.004889602
749.8,3042.5,0,-6.8,2.2812665,1302.7,41.3,0.0047368019
749.8,3035.5,0,-7,2.2760179,1302.9,41.3,0.0045840018
749.8,3028.2,0,-7.3,2.2705444,1303.1,41.3,0.0044312018
749.8,3020.7,0,-7.5,2.2649209,1303.3,41.3,0.0042784017
749.8,3013,0,-7.7,2.2591474,1303.5,41.3,0.0041256017
749.8,3005.1,0,-7.9,2.253224,1303.7,41.3,0.0039728016
749.8,2996.9,0,-8.2,2.2470756,1304,41.3,0.0037436015
749.8,2988.4,0,-8.5,2.2407023,1304.2,41.3,0.0035908014
749.8,2979.7,0,-8.7,2.2341791,1304.4,41.3,0.0034380014
749.8,2970.8,0,-8.9,2.2275058,1304.6,41.3,0.0032852013
749.8,2961.5,0,-9.3,2.2205327,1304.8,41.3,0.0031324013
749.9,2952.1,0.1,-9.4,2.2137798,1305,41.3,0.0029796012
749.9,2942.4,0,-9.7,2.2065058,1305.2,41.3,0.0028268011
749.9,2932.5,0,-9.9,2.1990817,1305.4,41.3,0.0026740011
749.9,2922.4,0,-10.1,2.1915078,1305.6,41.3,0.002521201
749.9,2912.1,0,-10.3,2.1837838,1305.8,41.3,0.0023684009
749.9,2901.7,0,-10.4,2.1759848,1306,41.3,0.0022156009
749.9,2891.2,0,-10.5,2.1681109,1306.2,41.3,0.0020628008
749.9,2880.4,0,-10.8,2.160012,1306.4,41.3,0.0019100008
750,2869.6,0.1,-10.8,2.1522,1306.7,41.3,0.0016808007
750,2858.6,0,-11,2.14395,1306.9,41.3,0.0015280006
750,2847.5,0,-11.1,2.135625,1307.1,41.3,0.0013752006
749.9,2836.4,-0.1,-11.1,2.1270164,1307.3,41.3,0.0012224005
749.9,2825.2,0,-11.2,2.1186175,1307.5,41.3,0.0010696004
749.8,2813.8,-0.1,-11.4,2.1097872,1307.7,41.3,0.00091680037
749.8,2802.5,0,-11.3,2.1013145,1307.9,41.3,0.00076400031
749.8,2791,0,-11.5,2.0926918,1308.1,41.3,0.00061120024
749.9,2779.5,0.1,-11.5,2.0843471,1308.3,41.3,0.00045840018
749.9,2768,0,-11.5,2.0757232,1308.5,41.3,0.00030560012
749.9,2756.5,0,-11.5,2.0670993,1308.7,41.3,0.00015280006
749.9,2749.6,0,-6.9,2.061925,1308.9,41.3,0
