Current(mA),Voltage(mV),dI(mA),dV(mV),Power(W),RawCapacity(mAh),T(C),SOC
0,4197.7,0,0,0,0,34.8,1
0,4197.3,0,-0.4,0,0,34.8,1
0,4197,0,-0.3,0,0,34.8,1
0,4196.7,0,-0.3,0,0,34.8,1
0,4196.5,0,-0.2,0,0,34.8,1
0,4196.3,0,-0.2,0,0,34.8,1
0,4196,0,-0.3,0,0,34.8,1
0,4195.9,0,-0.1,0,0,34.8,1
0,4195.7,0,-0.2,0,0,34.8,1
0,4195.5,0,-0.2,0,0,34.8,1
0,4195.3,0,-0.2,0,0,34.8,1
0,4195.2,0,-0.1,0,0,34.8,1
0,4195.1,0,-0.1,0,0,34.8,1
0,4194.9,0,-0.2,0,0,34.8,1
0,4194.7,0,-0.2,0,0,34.8,1
0,4194.6,0,-0.1,0,0,34.8,1
0,4194.4,0,-0.2,0,0,34.8,1
0,4194.3,0,-0.1,0,0,34.8,1
0,4194.2,0,-0.1,0,0,34.8,1
0,4194,0,-0.2,0,0,34.8,1
0,4193.9,0,-0.1,0,0,34.8,1
0,4193.8,0,-0.1,0,0,34.8,1
0,4193.6,0,-0.2,0,0,34.8,1
0,4193.5,0,-0.1,0,0,34.8,1
0,4193.4,0,-0.1,0,0,34.8,1
0,4193.2,0,-0.2,0,0,34.8,1
0,4193.2,0,0,0,0,34.8,1
0,4193,0,-0.2,0,0,34.8,1
0,4192.9,0,-0.1,0,0,34.8,1
0,4192.8,0,-0.1,0,0,34.8,1
0,4192.7,0,-0.1,0,0,34.8,1
0,4192.6,0,-0.1,0,0,34.8,1
0,4192.4,0,-0.2,0,0,34.8,1
0,4192.4,0,0,0,0,34.8,1
0,4192.2,0,-0.2,0,0,34.8,1
0,4192.1,0,-0.1,0,0,34.8,1
0,4192,0,-0.1,0,0,34.8,1
0,4191.9,0,-0.1,0,0,34.8,1
0,4191.8,0,-0.1,0,0,34.8,1
0,4191.7,0,-0.1,0,0,34.8,1
0,4191.6,0,-0.1,0,0,34.8,1
0,4191.5,0,-0.1,0,0,34.8,1
0,4191.4,0,-0.1,0,0,34.8,1
0,4191.3,0,-0.1,0,0,34.8,1
0,4191.2,0,-0.1,0,0,34.8,1
0,4191.1,0,-0.1,0,0,34.8,1
0,4191,0,-0.1,0,0,34.8,1
0,4190.9,0,-0.1,0,0,34.8,1
0,4190.9,0,0,0,0,34.8,1
0,4190.8,0,-0.1,0,0,34.8,1
0,4190.7,0,-0.1,0,0,34.8,1
0,4190.6,0,-0.1,0,0,34.8,1
0,4190.5,0,-0.1,0,0,34.8,1
0,4190.4,0,-0.1,0,0,34.8,1
0,4190.3,0,-0.1,0,0,34.8,1
0,4190.2,0,-0.1,0,0,34.8,1
0,4190.1,0,-0.1,0,0,34.8,1
0,4190,0,-0.1,0,0,34.8,1
0,4189.9,0,-0.1,0,0,34.8,1
0,4189.8,0,-0.1,0,0,34.8,1
0,4189.8,0,0,0,0,34.8,1
0,4189.7,0,-0.1,0,0,34.8,1
0,4189.6,0,-0.1,0,0,34.8,1
0,4189.5,0,-0.1,0,0,34.8,1
0,4189.4,0,-0.1,0,0,34.8,1
0,4189.4,0,0,0,0,34.8,1
0,4189.3,0,-0.1,0,0,34.8,1
0,4189.2,0,-0.1,0,0,34.8,1
0,4189.2,0,0,0,0,34.8,1
0,4189.1,0,-0.1,0,0,34.8,1
0,4189,0,-0.1,0,0,34.8,1
0,4188.9,0,-0.1,0,0,34.8,1
0,4188.8,0,-0.1,0,0,34.8,1
0,4188.7,0,-0.1,0,0,34.8,1
0,4188.7,0,0,0,0,34.8,1
0,4188.5,0,-0.2,0,0,34.8,1
0,4188.5,0,0,0,0,34.8,1
0,4188.4,0,-0.1,0,0,34.8,1
0,4188.3,0,-0.1,0,0,34.8,1
0,4188.3,0,0,0,0,34.8,1
0,4188.2,0,-0.1,0,0,34.8,1
0,4188.1,0,-0.1,0,0,34.8,1
0,4188.1,0,0,0,0,34.8,1
0,4188,0,-0.1,0,0,34.8,1
0,4187.9,0,-0.1,0,0,34.8,1
0,4187.8,0,-0.1,0,0,34.8,1
0,4187.7,0,-0.1,0,0,34.8,1
0,4187.7,0,0,0,0,34.8,1
0,4187.6,0,-0.1,0,0,34.8,1
0,4187.5,0,-0.1,0,0,34.8,1
0,4187.4,0,-0.1,0,0,34.8,1
0,4187.3,0,-0.1,0,0,34.8,1
0,4187.3,0,0,0,0,34.8,1
0,4187.2,0,-0.1,0,0,34.8,1
0,4187.1,0,-0.1,0,0,34.8,1
0,4187.1,0,0,0,0,34.8,1
0,4187,0,-0.1,0,0,34.8,1
0,4187,0,0,0,0,34.8,1
0,4186.9,0,-0.1,0,0,34.8,1
0,4186.8,0,-0.1,0,0,34.8,1
0,4186.8,0,0,0,0,34.8,1
0,4186.7,0,-0.1,0,0,34.8,1
0,4186.6,0,-0.1,0,0,34.8,1
0,4186.5,0,-0.1,0,0,34.8,1
0,4186.5,0,0,0,0,34.8,1
0,4186.4,0,-0.1,0,0,34.8,1
0,4186.4,0,0,0,0,34.8,1
0,4186.3,0,-0.1,0,0,34.8,1
0,4186.2,0,-0.1,0,0,34.8,1
0,4186.1,0,-0.1,0,0,34.8,1
0,4186.1,0,0,0,0,34.8,1
0,4186,0,-0.1,0,0,34.8,1
0,4186,0,0,0,0,34.8,1
0,4185.9,0,-0.1,0,0,34.8,1
0,4185.8,0,-0.1,0,0,34.8,1
0,4185.8,0,0,0,0,34.8,1
0,4185.7,0,-0.1,0,0,34.8,1
0,4185.6,0,-0.1,0,0,34.8,1
0,4185.5,0,-0.1,0,0,34.8,1
0,4185.5,0,0,0,0,34.8,1
0,4185.4,0,-0.1,0,0,34.8,1
0,4185.4,0,0,0,0,34.8,1
0,4185.3,0,-0.1,0,0,34.8,1
0,4185.3,0,0,0,0,34.8,1
0,4185.2,0,-0.1,0,0,34.8,1
0,4185.1,0,-0.1,0,0,34.8,1
0,4185.1,0,0,0,0,34.8,1
0,4185,0,-0.1,0,0,34.8,1
0,4184.9,0,-0.1,0,0,34.8,1
0,4184.9,0,0,0,0,34.8,1
0,4184.8,0,-0.1,0,0,34.8,1
0,4184.8,0,0,0,0,34.8,1
0,4184.7,0,-0.1,0,0,34.8,1
0,4184.6,0,-0.1,0,0,34.8,1
0,4184.6,0,0,0,0,34.8,1
0,4184.5,0,-0.1,0,0,34.8,1
0,4184.5,0,0,0,0,34.8,1
0,4184.4,0,-0.1,0,0,34.8,1
0,4184.4,0,0,0,0,34.8,1
0,4184.3,0,-0.1,0,0,34.8,1
0,4184.2,0,-0.1,0,0,34.8,1
0,4184.2,0,0,0,0,34.8,1
0,4184.1,0,-0.1,0,0,34.8,1
0,4184,0,-0.1,0,0,34.8,1
0,4184,0,0,0,0,34.8,1
0,4183.9,0,-0.1,0,0,34.8,1
0,4183.8,0,-0.1,0,0,34.8,1
0,4183.8,0,0,0,0,34.8,1
0,4183.8,0,0,0,0,34.8,1
0,4183.7,0,-0.1,0,0,34.8,1
0,4183.6,0,-0.1,0,0,34.8,1
0,4183.5,0,-0.1,0,0,34.8,1
0,4183.5,0,0,0,0,34.8,1
0,4183.5,0,0,0,0,34.8,1
0,4183.4,0,-0.1,0,0,34.8,1
0,4183.3,0,-0.1,0,0,34.8,1
0,4183.3,0,0,0,0,34.8,1
0,4183.2,0,-0.1,0,0,34.8,1
0,4183.2,0,0,0,0,34.8,1
0,4183.2,0,0,0,0,34.8,1
0,4183.1,0,-0.1,0,0,34.8,1
0,4183,0,-0.1,0,0,34.8,1
0,4183,0,0,0,0,34.8,1
0,4182.9,0,-0.1,0,0,34.8,1
0,4182.9,0,0,0,0,34.8,1
0,4182.8,0,-0.1,0,0,34.8,1
0,4182.8,0,0,0,0,34.8,1
0,4182.7,0,-0.1,0,0,34.8,1
0,4182.6,0,-0.1,0,0,34.8,1
0,4182.6,0,0,0,0,34.8,1
0,4182.5,0,-0.1,0,0,34.8,1
0,4182.5,0,0,0,0,34.8,1
0,4182.4,0,-0.1,0,0,34.8,1
0,4182.4,0,0,0,0,34.8,1
0,4182.3,0,-0.1,0,0,34.8,1
0,4182.2,0,-0.1,0,0,34.8,1
0,4182.2,0,0,0,0,34.8,1
0,4182.2,0,0,0,0,34.8,1
0,4182.1,0,-0.1,0,0,34.8,1
0,4182.1,0,0,0,0,34.8,1
0,4182,0,-0.1,0,0,34.8,1
0,4182,0,0,0,0,34.8,1
0,4181.9,0,-0.1,0,0,34.8,1
0,4181.8,0,-0.1,0,0,34.8,1
0,4181.7,0,-0.1,0,0,34.8,1
0,4181.7,0,0,0,0,34.8,1
0,4181.6,0,-0.1,0,0,34.8,1
0,4181.6,0,0,0,0,34.8,1
0,4181.6,0,0,0,0,34.8,1
0,4181.5,0,-0.1,0,0,34.8,1
0,4181.5,0,0,0,0,34.8,1
0,4181.4,0,-0.1,0,0,34.8,1
0,4181.3,0,-0.1,0,0,34.8,1
0,4181.3,0,0,0,0,34.8,1
0,4181.3,0,0,0,0,34.8,1
0,4181.2,0,-0.1,0,0,34.8,1
0,4181.1,0,-0.1,0,0,34.8,1
0,4181.1,0,0,0,0,34.8,1
0,4181.1,0,0,0,0,34.8,1
0,4181,0,-0.1,0,0,34.8,1
0,4181,0,0,0,0,34.8,1
0,4180.9,0,-0.1,0,0,34.8,1
0,4180.8,0,-0.1,0,0,34.8,1
0,4180.8,0,0,0,0,34.8,1
0,4180.8,0,0,0,0,34.8,1
0,4180.7,0,-0.1,0,0,34.8,1
0,4180.7,0,0,0,0,34.8,1
0,4180.6,0,-0.1,0,0,34.8,1
0,4180.6,0,0,0,0,34.8,1
0,4180.6,0,0,0,0,34.8,1
0,4180.5,0,-0.1,0,0,34.8,1
0,4180.4,0,-0.1,0,0,34.8,1
0,4180.4,0,0,0,0,34.8,1
0,4180.3,0,-0.1,0,0,34.8,1
0,4180.3,0,0,0,0,34.8,1
0,4180.2,0,-0.1,0,0,34.8,1
0,4180.2,0,0,0,0,34.8,1
0,4180.1,0,-0.1,0,0,34.8,1
0,4180.1,0,0,0,0,34.8,1
0,4180,0,-0.1,0,0,34.8,1
0,4180,0,0,0,0,34.8,1
0,4179.9,0,-0.1,0,0,34.8,1
0,4179.9,0,0,0,0,34.8,1
0,4179.8,0,-0.1,0,0,34.8,1
0,4179.8,0,0,0,0,34.8,1
0,4179.7,0,-0.1,0,0,34.8,1
0,4179.7,0,0,0,0,34.8,1
0,4179.7,0,0,0,0,34.8,1
0,4179.6,0,-0.1,0,0,34.8,1
0,4179.6,0,0,0,0,34.8,1
0,4179.5,0,-0.1,0,0,34.8,1
0,4179.5,0,0,0,0,34.8,1
0,4179.5,0,0,0,0,34.8,1
0,4179.4,0,-0.1,0,0,34.8,1
0,4179.3,0,-0.1,0,0,34.8,1
0,4179.3,0,0,0,0,34.8,1
0,4179.3,0,0,0,0,34.8,1
0,4179.2,0,-0.1,0,0,34.8,1
0,4179.2,0,0,0,0,34.8,1
0,4179.1,0,-0.1,0,0,34.8,1
0,4179.1,0,0,0,0,34.8,1
0,4179,0,-0.1,0,0,34.8,1
0,4179,0,0,0,0,34.8,1
0,4178.9,0,-0.1,0,0,34.8,1
0,4178.9,0,0,0,0,34.8,1
0,4178.8,0,-0.1,0,0,34.8,1
0,4178.8,0,0,0,0,34.8,1
0,4178.7,0,-0.1,0,0,34.8,1
0,4178.8,0,0.1,0,0,34.8,1
0,4178.7,0,-0.1,0,0,34.8,1
0,4178.6,0,-0.1,0,0,34.8,1
0,4178.6,0,0,0,0,34.8,1
0,4178.5,0,-0.1,0,0,34.8,1
0,4178.5,0,0,0,0,34.8,1
0,4178.4,0,-0.1,0,0,34.8,1
0,4178.4,0,0,0,0,34.8,1
0,4178.4,0,0,0,0,34.8,1
0,4178.3,0,-0.1,0,0,34.8,1
0,4178.3,0,0,0,0,34.8,1
0,4178.2,0,-0.1,0,0,34.8,1
0,4178.2,0,0,0,0,34.8,1
0,4178.1,0,-0.1,0,0,34.8,1
0,4178.1,0,0,0,0,34.8,1
0,4178,0,-0.1,0,0,34.8,1
0,4178,0,0,0,0,34.8,1
0,4178,0,0,0,0,34.8,1
0,4177.9,0,-0.1,0,0,34.8,1
0,4177.9,0,0,0,0,34.8,1
0,4177.9,0,0,0,0,34.8,1
0,4177.8,0,-0.1,0,0,34.8,1
0,4177.8,0,0,0,0,34.8,1
0,4177.7,0,-0.1,0,0,34.8,1
0,4177.7,0,0,0,0,34.8,1
0,4177.6,0,-0.1,0,0,34.8,1
0,4177.6,0,0,0,0,34.8,1
0,4177.5,0,-0.1,0,0,34.8,1
0,4177.5,0,0,0,0,34.8,1
0,4177.5,0,0,0,0,34.8,1
0,4177.4,0,-0.1,0,0,34.8,1
0,4177.4,0,0,0,0,34.8,1
0,4177.3,0,-0.1,0,0,34.8,1
0,4177.3,0,0,0,0,34.8,1
0,4177.3,0,0,0,0,34.8,1
0,4177.2,0,-0.1,0,0,34.8,1
0,4177.2,0,0,0,0,34.8,1
0,4177.2,0,0,0,0,34.8,1
0,4177.1,0,-0.1,0,0,34.8,1
0,4177.1,0,0,0,0,34.8,1
0,4177,0,-0.1,0,0,34.8,1
0,4177,0,0,0,0,34.8,1
0,4177,0,0,0,0,34.8,1
0,4176.9,0,-0.1,0,0,34.8,1
0,4176.9,0,0,0,0,34.8,1
0,4176.8,0,-0.1,0,0,34.8,1
0,4176.7,0,-0.1,0,0,34.8,1
0,4176.7,0,0,0,0,34.8,1
0,4176.6,0,-0.1,0,0,34.8,1
0,4176.6,0,0,0,0,34.8,1
0,4176.6,0,0,0,0,34.8,1
0,4176.6,0,0,0,0,34.8,1
0,4176.5,0,-0.1,0,0,34.8,1
4,4176.4,4,-0.1,0.0167056,0,34.8,1
208,4168.2,204,-8.2,0.8669856,0.1,34.8,0.99992702
413,4159,205,-9.2,1.717667,0.2,34.8,0.99985404
619.1,4149.1,206.1,-9.9,2.5687078,0.3,34.8,0.99978105
825,4138.7,205.9,-10.4,3.4144275,0.6,34.8,0.99956211
1029,4127.9,204,-10.8,4.2476091,0.9,34.8,0.99934316
1031,4124.7,2,-3.2,4.2525657,1.1,34.8,0.9991972
1031.1,4121.9,0.1,-2.8,4.2500911,1.4,34.8,0.99897825
1031.1,4119.4,0,-2.5,4.2475133,1.7,34.8,0.99875931
1028.1,4117.2,-3,-2.2,4.2328933,2,34.8,0.99854036
1025,4115.2,-3.1,-2,4.21808,2.3,34.8,0.99832141
1027.9,4113.1,2.9,-2.1,4.2278555,2.6,34.8,0.99810247
1038,4110.9,10.1,-2.2,4.2671142,2.9,34.8,0.99788352
1032.1,4109.3,-5.9,-1.6,4.2412085,3.2,34.8,0.99766457
1032,4107.5,-0.1,-1.8,4.23894,3.4,34.8,0.99751861
1034.1,4105.8,2.1,-1.7,4.2458078,3.7,34.8,0.99729966
1024.1,4104.6,-10,-1.2,4.2035209,4,34.8,0.99708072
1034.1,4102.7,10,-1.9,4.2426021,4.3,34.8,0.99686177
1032,4101.3,-2.1,-1.4,4.2325416,4.6,34.8,0.99664283
1026,4100.1,-6,-1.2,4.2067026,4.9,34.8,0.99642388
1033,4098.6,7,-1.5,4.2338538,5.2,34.8,0.99620493
1034,4097.2,1,-1.4,4.2365048,5.4,34.8,0.99605897
1037,4095.8,3,-1.4,4.2473446,5.7,34.8,0.99584002
1035,4094.6,-2,-1.2,4.237911,6,34.8,0.99562108
1032.1,4093.5,-2.9,-1.1,4.2249013,6.3,34.8,0.99540213
1030.1,4092.4,-2,-1.1,4.2155812,6.6,34.8,0.99518318
1028,4091.4,-2.1,-1,4.2059592,6.9,34.8,0.99496424
1032,4090.1,4,-1.3,4.2209832,7.2,34.8,0.99474529
1034.1,4089,2.1,-1.1,4.2284349,7.4,34.8,0.99459933
1027.1,4088.2,-7,-0.8,4.1989902,7.7,34.8,0.99438038
1029,4087.1,1.9,-1.1,4.2056259,8,34.8,0.99416144
1030,4086.1,1,-1,4.208683,8.3,34.8,0.99394249
1028,4085.2,-2,-0.9,4.1995856,8.6,34.8,0.99372354
1029,4084.3,1,-0.9,4.2027447,8.9,34.8,0.9935046
1031,4083.3,2,-1,4.2098823,9.2,34.8,0.99328565
1027.1,4082.5,-3.9,-0.8,4.1931357,9.5,34.8,0.99306671
1028,4081.6,0.9,-0.9,4.1958848,9.7,34.8,0.99292074
1028,4080.7,0,-0.9,4.1949596,10,34.8,0.9927018
1028.1,4079.9,0.1,-0.8,4.1945452,10.3,34.8,0.99248285
1208,4072.4,179.9,-7.5,4.9194592,10.6,34.8,0.9922639
1392,4064.3,184,-8.1,5.6575056,11,34.8,0.99197197
1563.1,4056.5,171.1,-7.8,6.3407151,11.5,34.8,0.99160706
1737.1,4048.2,174,-8.3,7.0321282,11.9,34.8,0.99131514
1919.2,4039.4,182.1,-8.8,7.7524165,12.5,34.8,0.99087724
2095.2,4030.6,176,-8.8,8.4449131,13.1,34.8,0.99043935
2268.2,4021.8,173,-8.8,9.1222468,13.7,34.8,0.99000146
2266.2,4019.3,-2,-2.5,9.1085377,14.3,34.8,0.98956357
2273.1,4016.6,6.9,-2.7,9.1301335,15,34.8,0.98905269
2267.1,4014.6,-6,-2,9.1014997,15.6,34.8,0.9886148
2272.2,4012.4,5.1,-2.2,9.1169753,16.2,34.8,0.98817691
2278.2,4010.2,6,-2.2,9.1360376,16.8,34.8,0.98773902
2266.2,4008.8,-12,-1.4,9.0847426,17.5,34.8,0.98722814
2272.2,4006.8,6,-2,9.104251,18.1,34.8,0.98679025
2273.1,4005,0.9,-1.8,9.1037655,18.7,34.8,0.98635236
2279.1,4003.1,6,-1.9,9.1234652,19.4,34.8,0.98584148
2271.1,4001.8,-8,-1.3,9.088488,20,34.8,0.98540359
2271.2,4000.3,0.1,-1.5,9.0854814,20.6,34.8,0.9849657
2273.2,3998.7,2,-1.6,9.0898448,21.3,34.8,0.98445482
2269.2,3997.4,-4,-1.3,9.0709001,21.9,34.8,0.98401693
2270.2,3996,1,-1.4,9.0717192,22.5,34.8,0.98357904
2269.2,3994.7,-1,-1.3,9.0647732,23.2,34.8,0.98306817
2276.1,3993.2,6.9,-1.5,9.0889225,23.8,34.8,0.98263027
2270.1,3992.1,-6,-1.1,9.0624662,24.4,34.8,0.98219238
2274.2,3990.7,4.1,-1.4,9.0756499,25,34.8,0.98175449
2270.2,3989.6,-4,-1.1,9.0571899,25.7,34.8,0.98124361
2268.3,3988.6,-1.9,-1,9.0473414,26.3,34.8,0.98080572
2271.1,3987.4,2.8,-1.2,9.0557841,26.9,34.8,0.98036783
2274.1,3986.1,3,-1.3,9.06479,27.6,34.8,0.97985696
2267.2,3985.3,-6.9,-0.8,9.0354722,28.2,34.8,0.97941906
2272.2,3984.1,5,-1.2,9.052672,28.8,34.8,0.97898117
2271.2,3983,-1,-1.1,9.0461896,29.5,34.8,0.9784703
2276.1,3981.8,4.9,-1.2,9.062975,30.1,34.8,0.9780324
2275.1,3980.9,-1,-0.9,9.0569456,30.7,34.8,0.97759451
2272.3,3980,-2.8,-0.9,9.043754,31.4,34.8,0.97708364
2276.2,3979,3.9,-1,9.0569998,32,34.8,0.97664575
2273.2,3978.1,-3,-0.9,9.0430169,32.6,34.8,0.97620785
2267.2,3977.4,-6,-0.7,9.0175613,33.3,34.8,0.97569698
2267.2,3976.5,0,-0.9,9.0155208,33.9,34.8,0.97525909
2269.1,3975.7,1.9,-0.8,9.0212609,34.5,34.8,0.97482119
2274.2,3974.6,5.1,-1.1,9.0390353,35.1,34.8,0.9743833
2276.2,3973.7,2,-0.9,9.0449359,35.8,34.8,0.97387243
2275.2,3972.9,-1,-0.8,9.0391421,36.4,34.8,0.97343454
2277.2,3972.1,2,-0.8,9.0452661,37,34.8,0.97299664
2274.2,3971.4,-3,-0.7,9.0317579,37.7,34.8,0.97248577
2272.2,3970.7,-2,-0.7,9.0222245,38.3,34.8,0.97204788
2268.2,3970.1,-4,-0.6,9.0049808,38.9,34.8,0.97160998
2273.2,3969.2,5,-0.9,9.0227854,39.6,34.8,0.97109911
2271.1,3968.5,-2.1,-0.7,9.0128604,40.2,34.8,0.97066122
2275.2,3967.7,4.1,-0.8,9.027311,40.8,34.8,0.97022333
2273.2,3967.1,-2,-0.6,9.0180117,41.5,34.8,0.96971245
2272.2,3966.5,-1,-0.6,9.0126813,42.1,34.8,0.96927456
2275.1,3965.7,2.9,-0.8,9.0223641,42.7,34.8,0.96883667
2272.2,3965.1,-2.9,-0.6,9.0095002,43.4,34.8,0.96832579
2278.2,3964.3,6,-0.8,9.0314683,44,34.8,0.9678879
2268.1,3964,-10.1,-0.3,8.9907484,44.6,34.8,0.96745001
2275.2,3963.1,7.1,-0.9,9.0168451,45.3,34.8,0.96693913
2276.2,3962.5,1,-0.6,9.0194425,45.9,34.8,0.96650124
2276.2,3961.9,0,-0.6,9.0180768,46.5,34.8,0.96606335
2267.1,3961.6,-9.1,-0.3,8.9813434,47.1,34.8,0.96562546
768.1,4014.1,-1499,52.5,3.0832302,47.4,34.8,0.96540651
-737,4069.4,-1505.1,55.3,-2.9991478,47.2,34.8,0.96555247
-746.9,4074,-9.9,4.6,-3.0428706,46.9,34.8,0.96577142
-739.9,4077.1,7,3.1,-3.0166463,46.7,34.8,0.96591738
-737.9,4079.9,2,2.8,-3.0105582,46.5,34.8,0.96606335
-737,4082.5,0.9,2.6,-3.0088025,46.3,34.8,0.96620931
-738,4084.9,-1,2.4,-3.0146562,46.1,34.8,0.96635528
-731.9,4086.9,6.1,2,-2.9912021,45.9,34.8,0.96650124
-741.9,4089.3,-10,2.4,-3.0338517,45.7,34.8,0.9666472
-681.9,4089.2,60,-0.1,-2.7884255,45.5,34.8,0.96679317
-631.1,4089.1,50.8,-0.1,-2.580631,45.4,34.8,0.96686615
-584,4089,47.1,-0.1,-2.387976,45.2,34.8,0.96701212
-530,4088.5,54,-0.5,-2.166905,45,34.8,0.96715808
-475.9,4087.9,54.1,-0.6,-1.9454316,44.9,34.8,0.96723106
-431.9,4087.5,44,-0.4,-1.7653913,44.8,34.8,0.96730404
-371,4086.4,60.9,-1.1,-1.5160544,44.7,34.8,0.96737703
-326,4085.8,45,-0.6,-1.3319708,44.6,34.9,0.96745001
-273.1,4084.8,52.9,-1,-1.1155589,44.5,34.9,0.96752299
-225.1,4083.9,48,-0.9,-0.91928589,44.5,34.9,0.96752299
-173.1,4082.7,52,-1.2,-0.70671537,44.4,34.9,0.96759597
-111.1,4081.2,62,-1.5,-0.45342132,44.4,34.9,0.96759597
-111,4081.7,0.1,0.5,-0.4530687,44.3,34.9,0.96766895
-118.1,4082.4,-7.1,0.7,-0.48213144,44.3,34.9,0.96766895
-111.1,4082.8,7,0.4,-0.45359908,44.3,34.9,0.96766895
-113.1,4083.4,-2,0.6,-0.46183254,44.3,34.9,0.96766895
-118.1,4084.1,-5,0.7,-0.48233221,44.2,34.9,0.96774194
-113.1,4084.5,5,0.4,-0.46195695,44.2,34.9,0.96774194
-114,4085.1,-0.9,0.6,-0.4657014,44.2,34.9,0.96774194
-115,4085.6,-1,0.5,-0.469844,44.1,34.9,0.96781492
-113.1,4086,1.9,0.4,-0.4621266,44.1,34.9,0.96781492
-116.1,4086.7,-3,0.7,-0.47446587,44.1,34.9,0.96781492
-121.1,4087.3,-5,0.6,-0.49497203,44,34.9,0.9678879
-115,4087.6,6.1,0.3,-0.470074,44,34.9,0.9678879
-114.1,4088,0.9,0.4,-0.4664408,44,34.9,0.9678879
-116.1,4088.5,-2,0.5,-0.47467485,43.9,34.9,0.96796088
-115.1,4088.9,1,0.4,-0.47063239,43.9,34.9,0.96796088
-113.1,4089.2,2,0.3,-0.46248852,43.9,34.9,0.96796088
-113.1,4089.6,0,0.4,-0.46253376,43.8,34.9,0.96803386
-114,4090.1,-0.9,0.5,-0.4662714,43.8,34.9,0.96803386
-113,4090.4,1,0.3,-0.4622152,43.8,34.9,0.96803386
-116.9,4090.9,-3.9,0.5,-0.47822621,43.7,34.9,0.96810685
-114.1,4091.2,2.8,0.3,-0.46680592,43.7,34.9,0.96810685
-118.1,4091.7,-4,0.5,-0.48322977,43.7,34.9,0.96810685
-116.1,4092,2,0.3,-0.4750812,43.6,34.9,0.96817983
65,4085.9,181.1,-6.1,0.2655835,43.7,34.9,0.96810685
261,4078.9,196,-7,1.0645929,43.7,34.9,0.96810685
443,4072,182,-6.9,1.803896,43.9,34.9,0.96796088
628.1,4064.8,185.1,-7.2,2.5531009,44,34.9,0.9678879
809,4057.5,180.9,-7.3,3.2825175,44.3,34.9,0.96766895
995.1,4049.9,186.1,-7.6,4.0300555,44.5,34.9,0.96752299
1186,4041.8,190.9,-8.1,4.7935748,44.9,34.9,0.96723106
1375,4033.7,189,-8.1,5.5463375,45.2,34.9,0.96701212
1557.1,4025.6,182.1,-8.1,6.2682618,45.7,34.9,0.9666472
1740.2,4017.4,183.1,-8.2,6.9910795,46.2,34.9,0.96628229
1924.1,4009,183.9,-8.4,7.7137169,46.7,34.9,0.96591738
1923.1,4007,-1,-2,7.7058617,47.2,34.9,0.96555247
1925.2,4005.2,2.1,-1.8,7.710811,47.8,34.9,0.96511458
1926.1,4003.6,0.9,-1.6,7.711334,48.3,34.9,0.96474967
1920.1,4002.2,-6,-1.4,7.6846242,48.8,34.9,0.96438476
1926.2,4000.6,6.1,-1.6,7.7059557,49.4,34.9,0.96394687
1922.2,3999.4,-4,-1.2,7.6876467,49.9,34.9,0.96358196
1921.1,3998.1,-1.1,-1.3,7.6807499,50.4,34.9,0.96321705
1922.1,3996.9,1,-1.2,7.6824415,51,34.9,0.96277916
1926.2,3995.6,4.1,-1.3,7.6963247,51.5,34.9,0.96241425
1924.2,3994.5,-2,-1.1,7.6862169,52,34.9,0.96204934
1926.1,3993.3,1.9,-1.2,7.6914951,52.6,34.9,0.96161144
1919.2,3992.5,-6.9,-0.8,7.662406,53.1,34.9,0.96124653
1858.2,3993.7,-61,1.2,7.4210933,53.6,34.9,0.96088162
1795.3,3995,-62.9,1.3,7.1722235,54.1,34.9,0.96051671
1726.1,3996.7,-69.2,1.7,6.8987039,54.6,34.9,0.9601518
1660.1,3998.4,-66,1.7,6.6377438,55.1,34.9,0.95978689
1595.2,4000.2,-64.9,1.8,6.381119,55.5,34.9,0.95949496
1524.1,4002.2,-71.1,2,6.099753,55.9,34.9,0.95920304
1465,4003.9,-59.1,1.7,5.8657135,56.3,34.9,0.95891111
1397,4006,-68,2.1,5.596382,56.7,34.9,0.95861918
1394.2,4005.9,-2.8,-0.1,5.5850258,57.1,34.9,0.95832725
1399.1,4005.5,4.9,-0.4,5.604095,57.5,34.9,0.95803532
1391,4005.4,-8.1,-0.1,5.5715114,57.9,34.9,0.9577434
1398,4004.9,7,-0.5,5.5988502,58.3,34.9,0.95745147
1400.1,4004.5,2.1,-0.4,5.6067004,58.7,34.9,0.95715954
2311.1,3972,911,-32.5,9.1796892,59.3,34.9,0.95672165
2312.1,3970.1,1,-1.9,9.1792682,59.9,34.9,0.95628375
2308.1,3968.7,-4,-1.4,9.1601565,60.6,34.9,0.95577288
2313.2,3967.2,5.1,-1.5,9.176927,61.2,34.9,0.95533499
2314.2,3965.9,1,-1.3,9.1778858,61.9,34.9,0.95482411
2311.2,3964.8,-3,-1.1,9.1634458,62.5,34.9,0.95438622
2318.1,3963.5,6.9,-1.3,9.1877893,63.2,34.9,0.95387535
2313.2,3962.7,-4.9,-0.8,9.1665176,63.8,34.8,0.95343745
2312.2,3961.7,-1,-1,9.1602427,64.4,34.8,0.95299956
2312.2,3960.7,0,-1,9.1579305,65.1,34.8,0.95248869
2311.1,3959.9,-1.1,-0.8,9.1517249,65.7,34.8,0.9520508
2318.2,3958.7,7.1,-1.2,9.1770583,66.4,34.8,0.95153992
2309.3,3958.2,-8.9,-0.5,9.1406713,67,34.8,0.95110203
2314.2,3957.2,4.9,-1,9.1577522,67.7,34.8,0.95059115
2309.1,3956.6,-5.1,-0.6,9.1361851,68.3,34.8,0.95015326
2310.1,3955.7,1,-0.9,9.1380626,68.9,34.8,0.94971537
2306.2,3955.1,-3.9,-0.6,9.1212516,69.6,34.8,0.9492045
2310.2,3954.2,4,-0.9,9.1349928,70.2,34.8,0.9487666
2314.1,3953.4,3.9,-0.8,9.1485629,70.9,34.8,0.94825573
2315.2,3952.6,1.1,-0.8,9.1510595,71.5,34.8,0.94781784
2316.2,3951.9,1,-0.7,9.1533908,72.2,34.8,0.94730696
2331.2,3950.7,15,-1.2,9.2098718,72.8,34.8,0.94686907
2349.1,3949.4,17.9,-1.3,9.2775355,73.5,34.8,0.9463582
2359.2,3948.3,10.1,-1.1,9.3148294,74.1,34.8,0.9459203
2367.3,3947.4,8.1,-0.9,9.34468,74.8,34.8,0.94540943
2379.2,3946.3,11.9,-1.1,9.389037,75.4,34.8,0.94497154
2385.2,3945.4,6,-0.9,9.4105681,76.1,34.8,0.94446066
2403.3,3944.1,18.1,-1.3,9.4788555,76.8,34.9,0.94394979
2412.1,3943.1,8.8,-1,9.5111515,77.4,34.9,0.9435119
2422.1,3942.1,10,-1,9.5481604,78.1,34.9,0.94300102
2419.2,3941.6,-2.9,-0.5,9.5355187,78.8,34.9,0.94249015
2426.2,3940.7,7,-0.9,9.5609263,79.4,34.9,0.94205226
2419.2,3940.3,-7,-0.4,9.5323738,80.1,34.9,0.94154138
2417.3,3939.8,-1.9,-0.5,9.5236785,80.8,34.9,0.94103051
2425.1,3939,7.8,-0.8,9.5524689,81.5,34.9,0.94051963
2418.2,3938.7,-6.9,-0.3,9.5245643,82.1,34.9,0.94008174
2424.2,3937.9,6,-0.8,9.5462572,82.8,34.9,0.93957087
2417.3,3937.6,-6.9,-0.3,9.5183605,83.5,34.9,0.93905999
2423.2,3936.9,5.9,-0.7,9.5398961,84.2,34.9,0.93854912
2425.2,3936.3,2,-0.6,9.5463148,84.8,34.9,0.93811122
2421.2,3935.9,-4,-0.4,9.5296011,85.5,34.9,0.93760035
2424.2,3935.3,3,-0.6,9.5399543,86.2,34.9,0.93708948
2424.3,3934.8,0.1,-0.5,9.5391356,86.8,34.9,0.93665158
2424.2,3934.3,-0.1,-0.5,9.5375301,87.5,34.9,0.93614071
2424.2,3933.9,0,-0.4,9.5365604,88.2,34.9,0.93562984
2427.2,3933.3,3,-0.6,9.5469058,88.9,34.9,0.93511896
2427.3,3932.8,0.1,-0.5,9.5460854,89.5,34.9,0.93468107
2424.3,3932.5,-3,-0.3,9.5335598,90.2,34.9,0.93417019
2430.2,3931.8,5.9,-0.7,9.5550604,90.9,34.9,0.93365932
2426.3,3931.5,-3.9,-0.3,9.5389984,91.6,34.9,0.93314845
2426.3,3931.1,0,-0.4,9.5380279,92.2,34.9,0.93271055
2424.2,3930.7,-2.1,-0.4,9.5288029,92.9,34.9,0.93219968
2425.2,3930.3,1,-0.4,9.5317636,93.6,34.9,0.9316888
2424.1,3929.9,-1.1,-0.4,9.5264706,94.3,34.9,0.93117793
2423.3,3929.6,-0.8,-0.3,9.5225997,94.9,34.9,0.93074004
2422.3,3929.2,-1,-0.4,9.5177012,95.6,34.9,0.93022916
2424.2,3928.8,1.9,-0.4,9.524197,96.3,34.9,0.92971829
1765.3,3951.5,-658.9,22.7,6.9755829,96.8,34.9,0.92935338
1110.1,3975,-655.2,23.5,4.4126475,97.1,34.9,0.92913443
448.2,3999.7,-661.9,24.7,1.7926655,97.2,34.9,0.92906145
-202.1,4024.5,-650.3,24.8,-0.81335145,97.1,34.9,0.92913443
-858.8,4050.2,-656.7,25.7,-3.4783118,96.9,34.9,0.9292804
-858,4053.6,0.8,3.4,-3.4779888,96.7,34.9,0.92942636
-857,4056.4,1,2.8,-3.4763348,96.4,34.9,0.92964531
-859.9,4058.9,-2.9,2.5,-3.4902481,96.2,34.9,0.92979127
-857.9,4061.1,2,2.2,-3.4840177,96,34.9,0.92993724
-861,4063.4,-3.1,2.3,-3.4985874,95.7,34.9,0.93015618
-858.1,4065.2,2.9,1.8,-3.4883481,95.5,34.9,0.93030215
-863,4067.3,-4.9,2.1,-3.5100799,95.2,34.9,0.93052109
-859.9,4069,3.1,1.7,-3.4989331,95,34.9,0.93066706
-61,4042.8,798.9,-26.2,-0.2466108,95,34.9,0.93066706
730.1,4015.6,791.1,-27.2,2.9317896,95.2,34.9,0.93052109
1530,3986.9,799.9,-28.7,6.099957,95.6,34.9,0.93022916
1528.1,3985.2,-1.9,-1.7,6.0897841,96,34.9,0.92993724
1531.1,3983.9,3,-1.3,6.0997493,96.5,34.9,0.92957233
1534.2,3982.8,3.1,-1.1,6.1104118,96.9,34.9,0.9292804
1528.1,3982.2,-6.1,-0.6,6.0851998,97.3,34.9,0.92898847
1531.1,3981.4,3,-0.8,6.0959215,97.7,34.9,0.92869654
1532,3980.8,0.9,-0.6,6.0985856,98.2,34.9,0.92833163
1533.1,3980.1,1.1,-0.7,6.1018913,98.6,34.9,0.9280397
1532.2,3979.7,-0.9,-0.4,6.0976963,99,34.9,0.92774777
1533.1,3979.1,0.9,-0.6,6.1003582,99.4,34.9,0.92745585
1535.1,3978.6,2,-0.5,6.1075489,99.9,34.9,0.92709094
1531.1,3978.4,-4,-0.2,6.0913282,100.3,34.9,0.92679901
1528.1,3978.1,-3,-0.3,6.0789346,100.7,34.9,0.92650708
1531.1,3977.6,3,-0.5,6.0901034,101.1,34.9,0.92621515
1531,3977.2,-0.1,-0.4,6.0890932,101.6,34.9,0.92585024
1533.1,3976.8,2.1,-0.4,6.0968321,102,34.9,0.92555831
1525.1,3976.8,-8,0,6.0650177,102.4,34.9,0.92526638
1528.2,3976.4,3.1,-0.4,6.0767345,102.8,34.9,0.92497446
1530.1,3976,1.9,-0.4,6.0836776,103.3,34.9,0.92460955
1531.1,3975.7,1,-0.3,6.0871943,103.7,34.9,0.92431762
1529,3975.5,-2.1,-0.2,6.0785395,104.1,34.9,0.92402569
1531,3975.1,2,-0.4,6.0858781,104.5,34.9,0.92373376
1531.2,3974.9,0.2,-0.2,6.0863669,105,34.9,0.92336885
1531.2,3974.6,0,-0.3,6.0859075,105.4,34.9,0.92307692
1531.1,3974.3,-0.1,-0.3,6.0850507,105.8,34.9,0.92278499
1536,3973.9,4.9,-0.4,6.1039104,106.2,34.9,0.92249307
1533,3973.8,-3,-0.1,6.0918354,106.7,34.9,0.92212816
1526,3973.8,-7,0,6.0640188,107.1,34.9,0.92183623
1526.1,3973.6,0.1,-0.2,6.064111,107.5,34.9,0.9215443
1522.1,3973.5,-4,-0.1,6.0480643,107.9,34.9,0.92125237
1515.1,3973.5,-7,0,6.0202498,108.4,34.9,0.92088746
1510.1,3973.5,-5,0,6.0003823,108.8,34.9,0.92059553
1507.1,3973.4,-3,-0.1,5.9883111,109.2,34.9,0.92030361
1501.1,3973.4,-6,0,5.9644707,109.6,34.9,0.92001168
1499,3973.3,-2.1,-0.1,5.9559767,110,34.9,0.91971975
1493.1,3973.4,-5.9,0.1,5.9326835,110.4,34.9,0.91942782
1488.1,3973.4,-5,0,5.9128165,110.9,34.9,0.91906291
1491.2,3973.1,3.1,-0.3,5.9246867,111.3,34.9,0.91877098
1486.1,3973.2,-5.1,0.1,5.9045725,111.7,34.9,0.91847905
1492.1,3972.8,6,-0.4,5.9278149,112.1,34.9,0.91818713
1490.1,3972.7,-2,-0.1,5.9197203,112.5,34.9,0.9178952
1497.1,3972.3,7,-0.4,5.9469303,112.9,34.9,0.91760327
1488.1,3972.4,-9,0.1,5.9113284,113.3,34.9,0.91731134
1493.2,3972.1,5.1,-0.3,5.9311397,113.8,34.9,0.91694643
1495.2,3971.9,2,-0.2,5.9387849,114.2,34.9,0.9166545
1491.1,3971.9,-4.1,0,5.9225001,114.6,34.9,0.91636257
1493,3971.6,1.9,-0.3,5.9295988,115,34.9,0.91607065
1483.1,3971.8,-9.9,0.2,5.8905766,115.4,34.9,0.91577872
1489.1,3971.5,6,-0.3,5.9139606,115.8,34.9,0.91548679
1305.1,3977.8,-184,6.3,5.1914268,116.2,34.9,0.91519486
1120.1,3984.3,-185,6.5,4.4628144,116.5,34.9,0.91497592
938.1,3991.1,-182,6.8,3.7440509,116.8,34.9,0.91475697
752,3998.1,-186.1,7,3.0065712,117,34.9,0.91461101
570,4005.3,-182,7.2,2.283021,117.1,34.9,0.91453802
387.2,4012.5,-182.8,7.2,1.55364,117.2,34.9,0.91446504
202.2,4020,-185,7.5,0.812844,117.3,34.9,0.91439206
23,4027.5,-179.2,7.5,0.0926325,117.3,34.9,0.91439206
19,4029,-4,1.5,0.076551,117.3,34.9,0.91439206
22,4029.9,3,0.9,0.0886578,117.3,34.9,0.91439206
22,4031,0,1.1,0.088682,117.3,34.9,0.91439206
16,4032.1,-6,1.1,0.0645136,117.3,34.9,0.91439206
19,4032.9,3,0.8,0.0766251,117.3,34.9,0.91439206
20,4033.7,1,0.8,0.080674,117.3,34.9,0.91439206
156,4029.8,136,-3.9,0.6286488,117.4,34.9,0.91431908
287,4025.8,131,-4,1.1554046,117.5,34.9,0.9142461
427.1,4021.2,140.1,-4.6,1.7174545,117.6,34.9,0.91417311
559,4016.7,131.9,-4.5,2.2453353,117.7,34.9,0.91410013
694,4012,135,-4.7,2.784328,117.9,34.9,0.91395417
831,4007.1,137,-4.9,3.3299001,118.2,34.9,0.91373522
962.1,4002.2,131.1,-4.9,3.8505166,118.4,34.9,0.91358926
1099.8,3997,137.7,-5.2,4.3959006,118.7,34.9,0.91337031
1233,3991.8,133.2,-5.2,4.9218894,119.1,34.9,0.91307838
1372.1,3986.3,139.1,-5.5,5.4696022,119.4,34.9,0.91285944
1515.1,3980.5,143,-5.8,6.0308556,119.9,34.9,0.91249453
1510,3979.8,-5.1,-0.7,6.009498,120.3,34.9,0.9122026
1508.1,3979.1,-1.9,-0.7,6.0008807,120.7,34.9,0.91191067
1514.1,3978.3,6,-0.8,6.023544,121.1,34.9,0.91161874
1502.1,3978.1,-12,-0.2,5.975504,121.5,34.9,0.91132681
1503.1,3977.5,1,-0.6,5.9785803,122,34.9,0.9109619
1506.2,3976.9,3.1,-0.6,5.9900068,122.4,34.9,0.91066998
1505.1,3976.4,-1.1,-0.5,5.9848796,122.8,34.9,0.91037805
1506.1,3975.9,1,-0.5,5.988103,123.2,34.9,0.91008612
1505.2,3975.5,-0.9,-0.4,5.9839226,123.6,34.9,0.90979419
1508,3975,2.8,-0.5,5.9943,124.1,34.9,0.90942928
1511.1,3974.5,3.1,-0.5,6.005867,124.5,34.9,0.90913735
1504.2,3974.4,-6.9,-0.1,5.9782925,124.9,34.9,0.90884542
1507,3973.9,2.8,-0.5,5.9886673,125.3,34.9,0.9085535
1506.2,3973.5,-0.8,-0.4,5.9848857,125.7,34.9,0.90826157
1502.1,3973.4,-4.1,-0.1,5.9684441,126.1,34.9,0.90796964
1508,3972.8,5.9,-0.6,5.9909824,126.6,34.9,0.90760473
1508.1,3972.5,0.1,-0.3,5.9909273,127,34.9,0.9073128
1890.2,3958.9,382.1,-13.6,7.4831128,127.5,34.9,0.90694789
2265.9,3945,375.7,-13.9,8.9389755,128.1,34.9,0.90651
2265.2,3943.6,-0.7,-1.4,8.9330427,128.8,34.9,0.90599912
2266.3,3942.5,1.1,-1.1,8.9348877,129.4,34.9,0.90556123
2268.2,3941.3,1.9,-1.2,8.9396567,130,34.9,0.90512334
2272,3940.3,3.8,-1,8.9523616,130.7,34.9,0.90461247
2265.2,3939.6,-6.8,-0.7,8.9239819,131.3,34.9,0.90417457
2261.2,3939,-4,-0.6,8.9068668,131.9,34.9,0.90373668
2266.2,3938,5,-1,8.9242956,132.5,34.9,0.90329879
2267.1,3937.2,0.9,-0.8,8.9260261,133.2,34.9,0.90278791
2266.3,3936.6,-0.8,-0.6,8.9215166,133.8,34.9,0.90235002
2267.2,3935.9,0.9,-0.7,8.9234725,134.4,34.9,0.90191213
2265.2,3935.2,-2,-0.7,8.914015,135.1,34.9,0.90140126
2259.2,3934.8,-6,-0.4,8.8895002,135.7,34.9,0.90096336
2267.3,3933.9,8.1,-0.9,8.9193315,136.3,34.9,0.90052547
2265.2,3933.4,-2.1,-0.5,8.9099377,136.9,34.9,0.90008758
2265.1,3932.8,-0.1,-0.6,8.9081853,137.6,34.9,0.8995767
2269.2,3932.1,4.1,-0.7,8.9227213,138.2,34.9,0.89913881
2258.2,3932,-11,-0.1,8.8792424,138.8,34.9,0.89870092
2265.2,3931.2,7,-0.8,8.9049542,139.5,34.9,0.89819005
2265.2,3930.7,0,-0.5,8.9038216,140.1,34.9,0.89775215
2269.1,3930.1,3.9,-0.6,8.9177899,140.7,34.9,0.89731426
2274.2,3929.4,5.1,-0.7,8.9362415,141.4,34.9,0.89680339
2267.2,3929.2,-7,-0.2,8.9082822,142,34.9,0.89636549
2265.2,3928.7,-2,-0.5,8.8992912,142.6,34.9,0.8959276
2264.2,3928.3,-1,-0.4,8.8944569,143.2,34.9,0.89548971
2269.2,3927.7,5,-0.6,8.9127368,143.9,34.9,0.89497884
2269.2,3927.2,0,-0.5,8.9116022,144.5,34.9,0.89454094
2261.1,3927.1,-8.1,-0.1,8.8795658,145.1,34.9,0.89410305
2267.1,3926.5,6,-0.6,8.9017682,145.8,34.9,0.89359218
2266.2,3926.1,-0.9,-0.4,8.8973278,146.4,34.9,0.89315428
2269.2,3925.6,3,-0.5,8.9079715,147,34.9,0.89271639
2265.1,3925.4,-4.1,-0.2,8.8914235,147.7,34.9,0.89220552
2134.2,3929.5,-130.9,4.1,8.3863389,148.2,34.9,0.89184061
1997.2,3934.1,-137,4.6,7.8571845,148.8,34.9,0.89140271
1869.3,3938.6,-127.9,4.5,7.362425,149.3,34.9,0.8910378
1736.2,3943.4,-133.1,4.8,6.8465311,149.8,34.9,0.89067289
1600.1,3948.3,-136.1,4.9,6.3176748,150.2,34.9,0.89038097
1477.1,3953,-123,4.7,5.8389763,150.7,34.9,0.89001606
1343.1,3958.2,-134,5.2,5.3162584,151,34.9,0.88979711
1210.1,3963.4,-133,5.2,4.7961103,151.4,34.9,0.88950518
1077.1,3968.7,-133,5.3,4.2746868,151.7,34.9,0.88928624
938,3974.4,-139.1,5.7,3.7279872,151.9,34.9,0.88914027
813,3979.6,-125,5.2,3.2354148,152.2,34.9,0.88892133
679.1,3985.2,-133.9,5.6,2.7063493,152.3,34.9,0.88884834
545.1,3991,-134,5.8,2.1754941,152.5,34.9,0.88870238
547.1,3992,2,1,2.1840232,152.6,34.9,0.8886294
547,3993,-0.1,1,2.184171,152.8,34.9,0.88848343
549,3993.8,2,0.8,2.1925962,152.9,34.9,0.88841045
549,3994.6,0,0.8,2.1930354,153.1,34.9,0.88826449
551.1,3995.3,2.1,0.7,2.2018098,153.3,34.9,0.88811852
546.1,3996.1,-5,0.8,2.1822702,153.4,34.9,0.88804554
552,3996.6,5.9,0.5,2.2061232,153.6,34.9,0.88789958
544,3997.5,-8,0.9,2.17464,153.7,34.9,0.88782659
548.1,3998,4.1,0.5,2.1913038,153.9,34.9,0.88768063
545.2,3998.7,-2.9,0.7,2.1800912,154,34.9,0.88760765
546.1,3999.2,0.9,0.5,2.1839631,154.2,34.9,0.88746168
548.1,3999.7,2,0.5,2.1922356,154.3,34.9,0.8873887
546,4000.2,-2.1,0.5,2.1841092,154.5,34.9,0.88724274
547,4000.7,1,0.5,2.1883829,154.6,34.9,0.88716976
696.1,3995.9,149.1,-4.8,2.781546,154.8,34.9,0.88702379
853.9,3990.7,157.8,-5.2,3.4076587,155.1,34.9,0.88680485
1001,3985.5,147.1,-5.2,3.9894855,155.3,34.9,0.88665888
1152,3980.1,151,-5.4,4.5850752,155.6,34.9,0.88643994
1311,3974.2,159,-5.9,5.2101762,156,34.9,0.88614801
1459,3968.5,148,-5.7,5.7900415,156.4,34.9,0.88585608
1612.9,3962.6,153.9,-5.9,6.3912775,156.9,34.9,0.88549117
1767.1,3956.5,154.2,-6.1,6.9915312,157.4,35,0.88512626
1916.2,3950.4,149.1,-6.1,7.5697565,157.9,35,0.88476135
2071.2,3944,155,-6.4,8.1688128,158.5,35,0.88432346
2220.1,3937.8,148.9,-6.2,8.7423098,159.1,35,0.88388556
2376,3931.2,155.9,-6.6,9.3405312,159.7,35,0.88344767
2374.1,3930,-1.9,-1.2,9.330213,160.4,35,0.8829368
2373.2,3928.8,-0.9,-1.2,9.3238282,161.1,35,0.88242592
2374.2,3927.8,1,-1,9.3253828,161.7,35,0.88198803
2377.2,3926.7,3,-1.1,9.3345512,162.4,35,0.88147716
2372.2,3926,-5,-0.7,9.3132572,163,35,0.88103926
2372.2,3925.2,0,-0.8,9.3113594,163.7,35,0.88052839
2370.3,3924.4,-1.9,-0.8,9.3020053,164.4,35,0.88001752
2374.3,3923.5,4,-0.9,9.315566,165,35,0.87957962
2379.2,3922.6,4.9,-0.9,9.3326499,165.7,35,0.87906875
2370.2,3922.2,-9,-0.4,9.2963984,166.3,35,0.87863086
2373.2,3921.4,3,-0.8,9.3062665,167,35,0.87811998
2374.3,3920.7,1.1,-0.7,9.308918,167.7,35,0.87760911
2373.3,3920.1,-1,-0.6,9.3035733,168.3,35,0.87717122
2378.2,3919.4,4.9,-0.7,9.3211171,169,35,0.87666034
2378.2,3918.7,0,-0.7,9.3194523,169.6,35,0.87622245
2376.2,3918.2,-2,-0.5,9.3104268,170.3,35,0.87571157
2373.3,3917.8,-2.9,-0.4,9.2981147,171,35,0.8752007
2374.2,3917.2,0.9,-0.6,9.3002162,171.6,35,0.87476281
2372.2,3916.8,-2,-0.4,9.291433,172.3,35,0.87425193
2376.3,3916.1,4.1,-0.7,9.3058284,172.9,35,0.87381404
2177.2,3922.5,-199.1,6.4,8.540067,173.5,35,0.87337615
1975.1,3929.3,-202.1,6.8,7.7607604,174.1,35,0.87293826
1779.3,3936.2,-195.8,6.9,7.0036807,174.6,35,0.87257335
1578.2,3943.5,-201.1,7.3,6.2236317,175,35,0.87228142
1377,3951,-201.2,7.5,5.440527,175.4,35,0.87198949
1184,3958.4,-193,7.4,4.6867456,175.7,35,0.87177054
989.1,3966,-194.9,7.6,3.9227706,176,35,0.8715516
786,3974.1,-203.1,8.1,3.1236426,176.2,35,0.87140563
585,3982.2,-201,8.1,2.329587,176.4,35,0.87125967
389.2,3990.3,-195.8,8.1,1.5530248,176.5,35,0.87118669
186.2,3998.8,-203,8.5,0.74457656,176.5,35,0.87118669
-5,4007,-191.2,8.2,-0.020035,176.5,35,0.87118669
-210.1,4015.7,-205.1,8.7,-0.84369857,176.5,35,0.87118669
-212.1,4017.6,-2,1.9,-0.85213296,176.4,35,0.87125967
-208,4019,4.1,1.4,-0.835952,176.4,35,0.87125967
-205,4020.4,3,1.4,-0.824182,176.3,35,0.87133265
-200.1,4021.5,4.9,1.1,-0.80470215,176.3,35,0.87133265
-207.1,4023.1,-7,1.6,-0.83318401,176.2,35,0.87140563
-205.1,4024.2,2,1.1,-0.82536342,176.1,35,0.87147862
-203,4025.2,2.1,1,-0.8171156,176.1,35,0.87147862
-207,4026.4,-4,1.2,-0.8334648,176,35,0.8715516
-205.1,4027.3,1.9,0.9,-0.82599923,176,35,0.8715516
-210.1,4028.5,-5,1.2,-0.84638785,175.9,35,0.87162458
-204.1,4029.2,6,0.7,-0.82235972,175.9,35,0.87162458
-207,4030.2,-2.9,1,-0.8342514,175.8,35,0.87169756
-205,4031,2,0.8,-0.826355,175.7,35,0.87177054
-205.1,4031.8,-0.1,0.8,-0.82692218,175.7,35,0.87177054
-205,4032.6,0.1,0.8,-0.826683,175.6,35,0.87184353
-205,4033.4,0,0.8,-0.826847,175.6,35,0.87184353
-202.1,4034,2.9,0.6,-0.8152714,175.5,35,0.87191651
-206,4034.8,-3.9,0.8,-0.8311688,175.5,35,0.87191651
-211,4035.7,-5,0.9,-0.8515327,175.4,35,0.87198949
-205,4036.1,6,0.4,-0.8274005,175.3,35,0.87206247
23,4028.9,228,-7.2,0.0926647,175.3,35,0.87206247
247.1,4021.5,224.1,-7.4,0.99371265,175.4,35,0.87198949
483.1,4013.2,236,-8.3,1.9387769,175.6,35,0.87184353
695,4005.6,211.9,-7.6,2.783892,175.7,35,0.87177054
930,3996.9,235,-8.7,3.717117,176,35,0.8715516
1161.1,3988.1,231.1,-8.8,4.6305829,176.3,35,0.87133265
1386.1,3979.3,225,-8.8,5.5157077,176.7,35,0.87104072
1612.1,3970.3,226,-9,6.4005206,177.2,35,0.87067581
1839,3961.1,226.9,-9.2,7.2844629,177.7,35,0.8703109
2061.2,3952,222.2,-9.1,8.1458624,178.2,35,0.86994599
2066.2,3950.1,5,-1.9,8.1616966,178.8,35,0.8695081
2069.3,3948.6,3.1,-1.5,8.170838,179.4,35,0.86907021
2065.1,3947.4,-4.2,-1.2,8.1517757,180,35,0.86863232
2000.1,3948.4,-65,1,7.8971948,180.5,35,0.86826741
1924.2,3950.1,-75.9,1.7,7.6007824,181.1,35,0.86782951
1855.3,3951.6,-68.9,1.5,7.3314035,181.6,35,0.8674646
1783.2,3953.4,-72.1,1.8,7.0497029,182.1,35,0.86709969
1708.2,3955.4,-75,2,6.7566143,182.5,35,0.86680777
1645.2,3957,-63,1.6,6.5100564,183,35,0.86644286
1569.1,3959.2,-76.1,2.2,6.2123807,183.4,35,0.86615093
1498.2,3961.4,-70.9,2.2,5.9349695,183.8,35,0.865859
1501.1,3961,2.9,-0.4,5.9458571,184.3,35,0.86549409
1496.1,3961,-5,0,5.9260521,184.7,35,0.86520216
1497.1,3960.7,1,-0.3,5.929564,185.1,35,0.86491023
1498.1,3960.4,1,-0.3,5.9330752,185.5,35,0.8646183
1496.2,3960.2,-1.9,-0.2,5.9252512,185.9,35,0.86432638
1497.1,3959.9,0.9,-0.3,5.9283663,186.3,35,0.86403445
1500,3959.4,2.9,-0.5,5.9391,186.8,35,0.86366954
1495.1,3959.4,-4.9,0,5.9196989,187.2,35,0.86337761
1497.1,3959,2,-0.4,5.9270189,187.6,35,0.86308568
1499.1,3958.7,2,-0.3,5.9344872,188,35,0.86279375
1501.1,3958.4,2,-0.3,5.9419542,188.4,35,0.86250182
1497.2,3958.2,-3.9,-0.2,5.926217,188.8,35,0.8622099
1502.1,3957.8,4.9,-0.4,5.9450114,189.3,35,0.86184499
1502.1,3957.6,0,-0.2,5.944711,189.7,35,0.86155306
1496.1,3957.5,-6,-0.1,5.9208158,190.1,35,0.86126113
1502.1,3957.1,6,-0.4,5.9439599,190.5,35,0.8609692
1495.3,3957.1,-6.8,0,5.9170516,190.9,35,0.86067727
1497.1,3956.8,1.8,-0.3,5.9237253,191.3,35,0.86038535
1499.1,3956.5,2,-0.3,5.9311892,191.8,35,0.86002043
1498.1,3956.4,-1,-0.1,5.9270828,192.2,35,0.85972851
1584.2,3953.1,86.1,-3.3,6.262501,192.6,35,0.85943658
1671.1,3949.8,86.9,-3.3,6.6005108,193.1,35,0.85907167
1751.1,3946.6,80,-3.2,6.9108913,193.6,35,0.85870676
1836.1,3943.1,85,-3.5,7.2399259,194.1,35,0.85834185
1923.1,3939.5,87,-3.6,7.5760524,194.6,35,0.85797694
2010.2,3935.8,87.1,-3.7,7.9117452,195.2,35,0.85753905
2090.2,3932.3,80,-3.5,8.2192935,195.7,35,0.85717414
2168.1,3928.8,77.9,-3.5,8.5180313,196.3,35,0.85673624
2176.3,3927.7,8.2,-1.1,8.5478535,197,35,0.85622537
2177.1,3926.9,0.8,-0.8,8.549254,197.6,35,0.85578748
2177.2,3926.2,0.1,-0.7,8.5481226,198.2,35,0.85534958
2177.2,3925.5,0,-0.7,8.5465986,198.8,35,0.85491169
2172.3,3925.1,-4.9,-0.4,8.5264947,199.4,35,0.8544738
2175.2,3924.3,2.9,-0.8,8.5361374,200,35,0.85403591
2172.2,3923.9,-3,-0.4,8.5234956,200.6,35,0.85359801
2174.3,3923.2,2.1,-0.7,8.5302138,201.2,35,0.85316012
2177.1,3922.6,2.8,-0.6,8.5398925,201.8,35,0.85272223
2168.2,3922.4,-8.9,-0.2,8.5045477,202.4,35,0.85228434
2173.3,3921.7,5.1,-0.7,8.5230306,203,35,0.85184645
2181.1,3920.9,7.8,-0.8,8.551875,203.6,35,0.85140855
2172.2,3920.7,-8.9,-0.2,8.5165445,204.2,35,0.85097066
2171.2,3920.3,-1,-0.4,8.5117554,204.8,35,0.85053277
2177.2,3919.6,6,-0.7,8.5337531,205.4,35,0.85009488
2174.2,3919.3,-3,-0.3,8.5213421,206,35,0.84965698
2177.1,3918.8,2.9,-0.5,8.5316195,206.6,35,0.84921909
2176.2,3918.4,-0.9,-0.4,8.5272221,207.2,35,0.8487812
2183.3,3917.7,7.1,-0.7,8.5535144,207.8,35,0.84834331
2172.2,3917.7,-11.1,0,8.5100279,208.4,35,0.84790542
2174.1,3917.2,1.9,-0.5,8.5163845,209,35,0.84746752
2176.1,3916.8,2,-0.4,8.5233485,209.6,35,0.84702963
2171.3,3916.6,-4.8,-0.2,8.5041136,210.2,35,0.84659174
2173.3,3916.1,2,-0.5,8.5108601,210.8,35,0.84615385
2171.2,3915.8,-2.1,-0.3,8.501985,211.5,35,0.84564297
2174.2,3915.4,3,-0.4,8.5128627,212.1,35,0.84520508
2177.1,3914.9,2.9,-0.5,8.5231288,212.7,35,0.84476719
2177.2,3914.6,0.1,-0.3,8.5228671,213.3,35,0.84432929
2178.2,3914.2,1,-0.4,8.5259104,213.9,35,0.8438914
2178.2,3913.9,0,-0.3,8.525257,214.5,35,0.84345351
2136.2,3915,-42,1.1,8.363223,215.1,35,0.84301562
2098.2,3916.1,-38,1.1,8.216761,215.6,35,0.84265071
2060.2,3917.2,-38,1.1,8.0702154,216.2,35,0.84221282
2019.2,3918.4,-41,1.2,7.9120333,216.8,35,0.84177492
1989.2,3919.4,-30,1,7.7964705,217.3,35,0.84141001
1951.2,3920.6,-38,1.2,7.6498747,217.9,35,0.84097212
1914.2,3921.8,-37,1.2,7.5071096,218.4,35,0.84060721
1874.2,3923.2,-40,1.4,7.3528614,218.9,35,0.8402423
1836.1,3924.5,-38.1,1.3,7.2057745,219.4,35,0.83987739
1798.1,3925.9,-38,1.4,7.0591608,219.9,35,0.83951248
1764.1,3927.1,-34,1.2,6.9277971,220.4,35,0.83914757
1721.2,3928.7,-42.9,1.6,6.7620784,220.9,35,0.83878266
1687.2,3930,-34,1.3,6.630696,221.4,35,0.83841775
1651.2,3931.4,-36,1.4,6.4915277,221.8,35,0.83812582
1647.1,3931.7,-4.1,0.3,6.4759031,222.3,35,0.83776091
1648.1,3931.8,1,0.1,6.4799996,222.8,35,0.837396
1651,3931.8,2.9,0,6.4914018,223.2,35,0.83710407
1649.1,3932,-1.9,0.2,6.4842612,223.7,35,0.83673916
1482.2,3937.9,-166.9,5.9,5.8367554,224.1,35,0.83644723
1311.1,3944.2,-171.1,6.3,5.1712406,224.4,35,0.83622829
1138.1,3950.8,-173,6.6,4.4964055,224.8,35,0.83593636
965,3957.5,-173.1,6.7,3.8189875,225,35,0.8357904
968,3958.3,3,0.8,3.8316344,225.3,35,0.83557145
972.1,3959,4.1,0.7,3.8485439,225.6,35,0.8353525
962.1,3960,-10,1,3.809916,225.8,35,0.83520654
967.1,3960.4,5,0.4,3.8301028,226.1,35,0.83498759
973,3960.8,5.9,0.4,3.8538584,226.4,35,0.83476865
969,3961.5,-4,0.7,3.8386935,226.6,35,0.83462268
965,3962.1,-4,0.6,3.8234265,226.9,35,0.83440374
968.2,3962.5,3.2,0.4,3.8364925,227.2,35,0.83418479
970.1,3962.8,1.9,0.3,3.8443123,227.4,35,0.83403883
967,3963.3,-3.1,0.5,3.8325111,227.7,35,0.83381988
966,3963.8,-1,0.5,3.8290308,228,35,0.83360093
968.1,3964.1,2.1,0.3,3.8376452,228.3,35,0.83338199
970.1,3964.4,2,0.3,3.8458644,228.5,35,0.83323602
969,3964.7,-1.1,0.3,3.8417943,228.8,35,0.83301708
965,3965.2,-4,0.5,3.826418,229.1,35,0.83279813
968,3965.4,3,0.2,3.8385072,229.3,35,0.83265217
966.1,3965.8,-1.9,0.4,3.8313594,229.6,35,0.83243322
969.1,3966,3,0.2,3.8434506,229.9,35,0.83221428
968,3966.3,-1.1,0.3,3.8393784,230.1,35,0.83206831
967.1,3966.6,-0.9,0.3,3.8360989,230.4,35,0.83184937
961.1,3967,-6,0.4,3.8126837,230.7,35,0.83163042
966,3967.1,4.9,0.1,3.8322186,230.9,35,0.83148445
961,3967.5,-5,0.4,3.8127675,231.2,35,0.83126551
966.1,3967.6,5.1,0.1,3.8330984,231.5,35,0.83104656
970.1,3967.6,4,0,3.8489688,231.7,35,0.8309006
968,3967.8,-2.1,0.2,3.8408304,232,35,0.83068165
968,3968,0,0.2,3.841024,232.3,35,0.83046271
972.2,3968.1,4.2,0.1,3.8577868,232.6,35,0.83024376
969.1,3968.4,-3.1,0.3,3.8457764,232.8,35,0.8300978
971.9,3968.4,2.8,0,3.856888,233.1,35,0.82987885
966,3968.8,-5.9,0.4,3.8338608,233.4,35,0.8296599
967.1,3968.9,1.1,0.1,3.8383232,233.6,35,0.82951394
971,3968.9,3.9,0,3.8538019,233.9,35,0.82929499
967,3969.2,-4,0.3,3.8382164,234.2,35,0.82907605
968,3969.3,1,0.1,3.8422824,234.4,35,0.82893008
1108.1,3964.6,140.1,-4.7,4.3931733,234.7,35,0.82871114
1234.1,3960.1,126,-4.5,4.8871594,235.1,35,0.82841921
1370,3955.1,135.9,-5,5.418487,235.5,35,0.82812728
1507,3949.9,137,-5.2,5.9524993,235.9,35,0.82783535
1640.1,3944.7,133.1,-5.2,6.4697025,236.3,35,0.82754342
1777.1,3939.2,137,-5.5,7.0003523,236.8,35,0.82717851
1904.2,3934,127.1,-5.2,7.4911228,237.4,35,0.82674062
2044.1,3928.2,139.9,-5.8,8.0296336,237.9,35,0.82637571
2173.1,3922.7,129,-5.5,8.5244194,238.5,35,0.82593782
2312.1,3916.7,139,-6,9.0558021,239.2,35,0.82542694
2307.3,3915.7,-4.8,-1,9.0346946,239.8,35,0.82498905
2315.2,3914.3,7.9,-1.4,9.0623874,240.5,35,0.82447818
2311.1,3913.4,-4.1,-0.9,9.0442587,241.1,35,0.82404029
2306.1,3912.6,-5,-0.8,9.0228469,241.7,35,0.82360239
2309.2,3911.7,3.1,-0.9,9.0328976,242.4,35,0.82309152
2304.2,3911,-5,-0.7,9.0117262,243,35,0.82265363
2311.1,3910,6.9,-1,9.036401,243.7,35,0.82214275
2310.2,3909.2,-0.9,-0.8,9.0310338,244.3,35,0.82170486
2311.2,3908.5,1,-0.7,9.0333252,245,35,0.82119399
2309.2,3907.8,-2,-0.7,9.0238918,245.6,35,0.82075609
2308.1,3907.2,-1.1,-0.6,9.0182083,246.2,35,0.8203182
2312.2,3906.4,4.1,-0.8,9.0323781,246.9,35,0.81980733
2306.2,3906,-6,-0.4,9.0080172,247.5,35,0.81936944
2312.2,3905.2,6,-0.8,9.0296034,248.2,35,0.81885856
2311.2,3904.7,-1,-0.5,9.0245426,248.8,35,0.81842067
2309.2,3904.2,-2,-0.5,9.0155786,249.4,35,0.81798278
2307.2,3903.7,-2,-0.5,9.0066166,250.1,35,0.8174719
2313.1,3902.9,5.9,-0.8,9.027798,250.7,35,0.81703401
2309.1,3902.6,-4,-0.3,9.0114937,251.4,35,0.81652314
2310.2,3902,1.1,-0.6,9.0144004,252,35,0.81608524
2304.2,3901.7,-6,-0.3,8.9902971,252.6,35,0.81564735
2305.2,3901.2,1,-0.5,8.9930462,253.3,35,0.81513648
2304.2,3900.7,-1,-0.5,8.9879929,253.9,35,0.81469858
2306.1,3900.2,1.9,-0.5,8.9942512,254.6,35,0.81418771
2308.1,3899.7,2,-0.5,9.0008976,255.2,35,0.81374982
2312,3899.1,3.9,-0.6,9.0147192,255.9,35,0.81323894
2311.2,3898.7,-0.8,-0.4,9.0106754,256.5,35,0.81280105
2314.2,3898.1,3,-0.6,9.020983,257.1,35,0.81236316
1940.2,3910.7,-374,12.6,7.5875401,257.7,35,0.81192527
1570.2,3923.8,-370,13.1,6.1611508,258.1,35,0.81163334
1199,3937.4,-371.2,13.6,4.7209426,258.4,35,0.81141439
833.1,3951.2,-365.9,13.8,3.2917447,258.7,35,0.81119545
458.2,3965.8,-374.9,14.6,1.8171296,258.8,35,0.81112246
90,3980.4,-368.2,14.6,0.358236,258.8,35,0.81112246
-279.1,3995.3,-369.1,14.9,-1.1150882,258.8,35,0.81112246
-648.9,4010.6,-369.8,15.3,-2.6024783,258.6,35,0.81126843
-1019.9,4026.1,-371,15.5,-4.1062194,258.3,35,0.81148737
-1018.9,4029.1,1,3,-4.10525,258,35.1,0.81170632
-1017.1,4031.7,1.8,2.6,-4.1006421,257.7,35.1,0.81192527
-1024.9,4034.3,-7.8,2.6,-4.1347541,257.4,35.1,0.81214421
-1014.9,4036.2,10,1.9,-4.0963394,257.2,35.1,0.81229018
-374,4016.2,640.9,-20,-1.5020588,257.1,35.1,0.81236316
276.1,3994.7,650.1,-21.5,1.1029367,257.1,35.1,0.81236316
924.1,3972.2,648,-22.5,3.67071,257.4,35.1,0.81214421
1571,3949,646.9,-23.2,6.203879,257.8,35.1,0.81185228
2226.1,3924.7,655.1,-24.3,8.7367747,258.4,35.1,0.81141439
2217.1,3922.8,-9,-1.9,8.6972399,259.1,35.1,0.81090352
2225.2,3920.7,8.1,-2.1,8.7243416,259.7,35.1,0.81046563
2218.2,3919.4,-7,-1.3,8.6940131,260.3,35.1,0.81002773
2225.1,3917.7,6.9,-1.7,8.7172743,260.9,35.1,0.80958984
2221.1,3916.6,-4,-1.1,8.6991603,261.5,35.1,0.80915195
2218.1,3915.6,-3,-1,8.6851924,262.1,35.1,0.80871406
2226.2,3914.2,8.1,-1.4,8.713792,262.8,35.1,0.80820318
2224.2,3913.3,-2,-0.9,8.7039619,263.4,35.1,0.80776529
2224.1,3912.3,-0.1,-1,8.7013464,264,35.1,0.8073274
2223.2,3911.5,-0.9,-0.8,8.6960468,264.6,35.1,0.80688951
2226.2,3910.5,3,-1,8.7055551,265.2,35.1,0.80645161
2220.2,3909.8,-6,-0.7,8.680538,265.8,35.1,0.80601372
2220.1,3909.1,-0.1,-0.7,8.6785929,266.5,35.1,0.80550285
2223.2,3908.3,3.1,-0.8,8.6889326,267.1,35.1,0.80506495
2222.2,3907.6,-1,-0.7,8.6834687,267.7,35.1,0.80462706
2219.1,3907,-3.1,-0.6,8.6700237,268.3,35.1,0.80418917
2224.2,3906.1,5.1,-0.9,8.6879476,268.9,35.1,0.80375128
2220.3,3905.6,-3.9,-0.5,8.6716037,269.6,35.1,0.8032404
2221.2,3905,0.9,-0.6,8.673786,270.2,35.1,0.80280251
2221.1,3904.4,-0.1,-0.6,8.6720628,270.8,35.1,0.80236462
2224.2,3903.7,3.1,-0.7,8.6826095,271.4,35.1,0.80192673
2222.2,3903.2,-2,-0.5,8.673691,272,35.1,0.80148883
2220.2,3902.7,-2,-0.5,8.6647745,272.6,35.1,0.80105094
2222.1,3902.2,1.9,-0.5,8.6710786,273.3,35.1,0.80054007
2224.2,3901.6,2.1,-0.6,8.6779387,273.9,35.1,0.80010217
2229.2,3900.9,5,-0.7,8.6958863,274.5,35.1,0.79966428
2215.2,3900.9,-14,0,8.6412737,275.1,35.1,0.79922639
2221.2,3900.3,6,-0.6,8.6633464,275.7,35.1,0.7987885
2226.2,3899.6,5,-0.7,8.6812895,276.3,35.1,0.79835061
2224.2,3899.2,-2,-0.4,8.6726006,277,35.1,0.79783973
2226.1,3898.7,1.9,-0.5,8.6788961,277.6,35.1,0.79740184
2005.2,3906,-220.9,7.3,7.8323112,278.1,35.1,0.79703693
1787.2,3913.5,-218,7.5,6.9942072,278.6,35.1,0.79667202
1574.2,3921.1,-213,7.6,6.1725956,279.1,35.1,0.79630711
1355.1,3929.2,-219.1,8.1,5.3244589,279.4,35.1,0.79608816
1140,3937.4,-215.1,8.2,4.488636,279.8,35.1,0.79579623
928.1,3945.7,-211.9,8.3,3.6620042,280,35.1,0.79565027
707.1,3954.5,-221,8.8,2.7962269,280.2,35.1,0.79550431
494.1,3963.2,-213,8.7,1.9582171,280.4,35.1,0.79535834
272.2,3972.4,-221.9,9.2,1.0812873,280.4,35.1,0.79535834
58,3981.5,-214.2,9.1,0.230927,280.4,35.1,0.79535834
-164,3990.9,-222,9.4,-0.6545076,280.4,35.1,0.79535834
-372.9,4000.1,-208.9,9.2,-1.4916373,280.3,35.1,0.79543132
-587.9,4009.7,-215,9.6,-2.3573026,280.1,35.1,0.79557729
-812.9,4019.7,-225,10,-3.2676141,279.9,35.1,0.79572325
-798.9,4021.5,14,1.8,-3.2127763,279.7,35.1,0.79586922
-800.9,4023.7,-2,2.2,-3.2225813,279.5,35.1,0.79601518
-809.9,4026,-9,2.3,-3.2606574,279.2,35.1,0.79623413
-804.9,4027.6,5,1.6,-3.2418152,279,35.1,0.79638009
-796.9,4029.1,8,1.5,-3.2107898,278.8,35.1,0.79652605
-809,4031.1,-12.1,2,-3.2611599,278.6,35.1,0.79667202
-805,4032.5,4,1.4,-3.2461625,278.3,35.1,0.79689096
-806,4034.1,-1,1.6,-3.2514846,278.1,35.1,0.79703693
-811.9,4035.7,-5.9,1.6,-3.2765848,277.9,35.1,0.79718289
-809.9,4037.1,2,1.4,-3.2696473,277.7,35.1,0.79732886
-807.8,4038.3,2.1,1.2,-3.2621387,277.4,35.1,0.7975478
-808.9,4039.6,-1.1,1.3,-3.2676324,277.2,35.1,0.79769377
-806.9,4040.8,2,1.2,-3.2605215,277,35.1,0.79783973
2415,3930.9,3221.9,-109.9,9.4931235,277.7,35.1,0.79732886
1976.2,3941.8,-438.8,10.9,7.7897852,278.2,35.1,0.79696395
1526.2,3954.9,-450,13.1,6.0359684,278.6,35.1,0.79667202
1074.1,3969.3,-452.1,14.4,4.2634251,278.9,35.1,0.79645307
628.1,3984.5,-446,15.2,2.5026645,279.1,35.1,0.79630711
183.2,4000.2,-444.9,15.7,0.73283664,279.2,35.1,0.79623413
-266.9,4016.6,-450.1,16.4,-1.0720305,279.1,35.1,0.79630711
-717,4033.7,-450.1,17.1,-2.8921629,278.9,35.1,0.79645307
-711,4035.4,6,1.7,-2.8691694,278.7,35.1,0.79659904
-706.9,4036.8,4.1,1.4,-2.8536139,278.5,35.1,0.796745
-708,4038.2,-1.1,1.4,-2.8590456,278.3,35.1,0.79689096
-711,4039.6,-3,1.4,-2.8721556,278.1,35.1,0.79703693
-715.9,4040.9,-4.9,1.3,-2.8928803,277.9,35.1,0.79718289
-716.9,4042.1,-1,1.2,-2.8977815,277.7,35.1,0.79732886
-709.9,4042.8,7,0.7,-2.8699837,277.5,35.1,0.79747482
-705,4043.6,4.9,0.8,-2.850738,277.3,35.1,0.79762079
-710,4044.8,-5,1.2,-2.871808,277.1,35.1,0.79776675
-702,4045.5,8,0.7,-2.839941,276.9,35.1,0.79791271
-711.9,4046.6,-9.9,1.1,-2.8807745,276.7,35.1,0.79805868
-710,4047.4,1.9,0.8,-2.873654,276.5,35.1,0.79820464
-708,4048.2,2,0.8,-2.8661256,276.3,35.1,0.79835061
-710,4049.1,-2,0.9,-2.874861,276.1,35.1,0.79849657
-707.9,4049.8,2.1,0.7,-2.8668534,275.9,35.1,0.79864253
-711,4050.6,-3.1,0.8,-2.8799766,275.7,35.1,0.7987885
-708,4051.2,3,0.6,-2.8682496,275.5,35.1,0.79893446
-711.9,4052.1,-3.9,0.9,-2.88469,275.3,35.1,0.79908043
-712.9,4052.8,-1,0.7,-2.8892411,275.1,35.1,0.79922639
-711,4053.4,1.9,0.6,-2.8819674,274.9,35.1,0.79937235
-711.9,4054.1,-0.9,0.7,-2.8861138,274.7,35.1,0.79951832
-713.9,4054.8,-2,0.7,-2.8947217,274.6,35.1,0.7995913
-712,4055.3,1.9,0.5,-2.8873736,274.4,35.1,0.79973726
-713,4056,-1,0.7,-2.891928,274.2,35.1,0.79988323
-713.9,4056.6,-0.9,0.6,-2.8960067,274,35.1,0.80002919
-714,4057.1,-0.1,0.5,-2.8967694,273.8,35.1,0.80017516
-707,4057.5,7,0.4,-2.8686525,273.6,35.1,0.80032112
-710.9,4058.1,-3.9,0.6,-2.8849033,273.4,35.1,0.80046709
-714.9,4058.8,-4,0.7,-2.9016361,273.2,35.1,0.80061305
-712,4059.2,2.9,0.4,-2.8901504,273,35.1,0.80075901
-707,4059.5,5,0.3,-2.8700665,272.8,35.1,0.80090498
-708,4060,-1,0.5,-2.87448,272.6,35.1,0.80105094
1888,3971.3,2596,-88.7,7.4978144,273.1,35.1,0.80068603
1888.2,3967.5,0.2,-3.8,7.4914335,273.6,35.1,0.80032112
1888.2,3964.5,0,-3,7.4857689,274.1,35.1,0.79995621
1888.1,3962.1,-0.1,-2.4,7.480841,274.7,35.1,0.79951832
1885.1,3960,-3,-2.1,7.464996,275.2,35.1,0.79915341
1891.1,3957.8,6,-2.2,7.4845956,275.7,35.1,0.7987885
1895.1,3955.8,4,-2,7.4966366,276.2,35.1,0.79842359
1892.1,3954.2,-3,-1.6,7.4817418,276.8,35.1,0.7979857
1891.2,3952.6,-0.9,-1.6,7.4751571,277.3,35.1,0.79762079
1891.2,3951,0,-1.6,7.4721312,277.8,35.1,0.79725588
1891.1,3949.5,-0.1,-1.5,7.4688995,278.4,35.1,0.79681798
1900.1,3947.9,9,-1.6,7.5014048,278.9,35.1,0.79645307
1896.2,3946.6,-3.9,-1.3,7.4835429,279.4,35.1,0.79608816
1884.1,3945.7,-12.1,-0.9,7.4340934,279.9,35.1,0.79572325
1890.1,3944.3,6,-1.4,7.4551214,280.5,35.1,0.79528536
1889.2,3943.2,-0.9,-1.1,7.4494934,281,35.1,0.79492045
1888.2,3942.1,-1,-1.1,7.4434732,281.5,35.1,0.79455554
1886.2,3941,-2,-1.1,7.4335142,282,35.1,0.79419063
1890.1,3939.9,3.9,-1.1,7.446805,282.6,35.1,0.79375274
1891.1,3938.8,1,-1.1,7.4486647,283.1,35.1,0.79338783
1889.2,3937.9,-1.9,-0.9,7.4394807,283.6,35.1,0.79302292
1889.2,3936.9,0,-1,7.4375915,284.1,35.1,0.79265801
1891.1,3936,1.9,-0.9,7.4433696,284.7,35.1,0.79222011
1895.2,3934.9,4.1,-1.1,7.4574225,285.2,35.1,0.7918552
1888.1,3934.2,-7.1,-0.7,7.428163,285.7,35.1,0.79149029
1889.1,3933.4,1,-0.8,7.4305859,286.2,35.1,0.79112538
1891.2,3932.5,2.1,-0.9,7.437144,286.8,35.1,0.79068749
1885.1,3931.9,-6.1,-0.6,7.4120247,287.3,35.1,0.79032258
1889.1,3931,4,-0.9,7.4260521,287.8,35.1,0.78995767
1891.2,3930.2,2.1,-0.8,7.4327942,288.3,35.1,0.78959276
1890.2,3929.5,-1,-0.7,7.4275409,288.9,35.1,0.78915487
1888.1,3928.9,-2.1,-0.6,7.4181561,289.4,35.1,0.78878996
1893.1,3928,5,-0.9,7.4360968,289.9,35.1,0.78842505
1890.2,3927.5,-2.9,-0.5,7.4237605,290.4,35.1,0.78806014
1887.2,3926.9,-3,-0.6,7.4108457,291,35.1,0.78762224
1892.1,3926.2,4.9,-0.7,7.428763,291.5,35.1,0.78725733
1892.2,3925.5,0.1,-0.7,7.4278311,292,35.1,0.78689242
1891.1,3925,-1.1,-0.5,7.4225675,292.5,35.1,0.78652751
1801.1,3927.5,-90,2.5,7.0738202,293,35.1,0.7861626
1714.2,3930.1,-86.9,2.6,6.7369774,293.5,35.1,0.78579769
1711.2,3929.9,-3,-0.2,6.7248449,294,35.1,0.78543278
1711.1,3929.5,-0.1,-0.4,6.7237675,294.5,35.1,0.78506787
1718.1,3929,7,-0.5,6.7504149,294.9,35.1,0.78477595
1709.1,3928.9,-9,-0.1,6.714883,295.4,35.1,0.78441103
1716.1,3928.3,7,-0.6,6.7413556,295.9,35.1,0.78404612
1719.2,3927.8,3.1,-0.5,6.7526738,296.4,35.1,0.78368121
1710.1,3927.8,-9.1,0,6.7169308,296.8,35.1,0.78338929
1710.1,3927.5,0,-0.3,6.7164177,297.3,35.1,0.78302438
1709.1,3927.2,-1,-0.3,6.7119775,297.8,35.1,0.78265947
1716.2,3926.6,7.1,-0.6,6.7388309,298.3,35.1,0.78229456
1708.1,3926.6,-8.1,0,6.7070255,298.7,35.1,0.78200263
1719.1,3925.9,11,-0.7,6.7490147,299.2,35.1,0.78163772
1710.1,3925.8,-9,-0.1,6.7135106,299.7,35.1,0.78127281
1715.1,3925.4,5,-0.4,6.7324535,300.2,35.1,0.7809079
1716.2,3925,1.1,-0.4,6.736085,300.6,35.1,0.78061597
1714.1,3924.8,-2.1,-0.2,6.7274997,301.1,35.1,0.78025106
1710.1,3924.6,-4,-0.2,6.7114585,301.6,35.1,0.77988615
1710.1,3924.3,0,-0.3,6.7109454,302.1,35.1,0.77952124
1713,3923.9,2.9,-0.4,6.7216407,302.5,35.1,0.77922931
1711,3923.7,-2,-0.2,6.7134507,303,35.1,0.7788644
1711.1,3923.4,0.1,-0.3,6.7133297,303.5,35.1,0.77849949
1716.2,3923,5.1,-0.4,6.7326526,304,35.1,0.77813458
1720.2,3922.5,4,-0.5,6.7474845,304.4,35.1,0.77784265
1712.1,3922.6,-8.1,0.1,6.7158835,304.9,35.1,0.77747774
1713,3922.3,0.9,-0.3,6.7188999,305.4,35.1,0.77711283
1710.1,3922.1,-2.9,-0.2,6.7071832,305.9,35.1,0.77674792
1715.1,3921.7,5,-0.4,6.7261077,306.4,35.1,0.77638301
1713.2,3921.5,-1.9,-0.2,6.7183138,306.8,35.1,0.77609108
1712.1,3921.3,-1.1,-0.2,6.7136577,307.3,35.1,0.77572617
1712.2,3921.1,0.1,-0.2,6.7137074,307.8,35.1,0.77536126
1714.1,3920.7,1.9,-0.4,6.7204719,308.3,35.1,0.77499635
1713.1,3920.5,-1,-0.2,6.7162086,308.7,35.1,0.77470442
1714.1,3920.2,1,-0.3,6.7196148,309.2,35.1,0.77433951
1719.1,3919.8,5,-0.4,6.7385282,309.7,35.1,0.7739746
1720.3,3919.5,1.2,-0.3,6.7427158,310.2,35.1,0.77360969
1710.1,3919.7,-10.2,0.2,6.703079,310.6,35.1,0.77331776
1714.1,3919.3,4,-0.4,6.7180721,311.1,35.1,0.77295285
1709.1,3919.3,-5,0,6.6984756,311.6,35.1,0.77258794
2161.1,3903.4,452,-15.9,8.4356377,312.2,35.1,0.77215005
2156.3,3902.7,-4.8,-0.7,8.415392,312.8,35.1,0.77171216
2155.2,3901.9,-1.1,-0.8,8.4093749,313.4,35.1,0.77127427
2161.2,3901,6,-0.9,8.4308412,314,35.1,0.77083637
2155.1,3900.6,-6.1,-0.4,8.4061831,314.6,35.1,0.77039848
2157.2,3899.8,2.1,-0.8,8.4126486,315.2,35.1,0.76996059
2155.3,3899.4,-1.9,-0.4,8.4043768,315.8,35.1,0.7695227
2158.2,3898.7,2.9,-0.7,8.4141743,316.4,35.1,0.76908481
2155.1,3898.2,-3.1,-0.5,8.4010108,317,35.1,0.76864691
2162.2,3897.5,7.1,-0.7,8.4271745,317.6,35.1,0.76820902
2168.3,3896.8,6.1,-0.7,8.4494314,318.2,35.1,0.76777113
2151.3,3896.9,-17,0.1,8.383401,318.8,35.1,0.76733324
2157.1,3896.2,5.8,-0.7,8.404493,319.4,35.1,0.76689534
2161.3,3895.6,4.2,-0.6,8.4195603,320,35.1,0.76645745
2157.3,3895.3,-4,-0.3,8.4033307,320.6,35.1,0.76601956
2158.2,3894.8,0.9,-0.5,8.4057574,321.2,35.1,0.76558167
1572,3914.7,-586.2,19.9,6.1539084,321.6,35.1,0.76528974
1569.2,3915.3,-2.8,0.6,6.1438888,322.1,35.1,0.76492483
1568.1,3915.7,-1.1,0.4,6.1402092,322.5,35.1,0.7646329
1570.1,3915.9,2,0.2,6.1483546,322.9,35.1,0.76434097
1571.2,3916,1.1,0.1,6.1528192,323.4,35.1,0.76397606
1568.1,3916.3,-3.1,0.3,6.14115,323.8,35.1,0.76368413
1569,3916.3,0.9,0,6.1446747,324.2,35.1,0.76339221
1569.1,3916.4,0.1,0.1,6.1452232,324.7,35.1,0.7630273
1571.1,3916.4,2,0,6.153056,325.1,35.1,0.76273537
1570.1,3916.5,-1,0.1,6.1492967,325.5,35.1,0.76244344
1569.1,3916.6,-1,0.1,6.1455371,326,35.1,0.76207853
1575.1,3916.4,6,-0.2,6.1687216,326.4,35.1,0.7617866
1570.2,3916.6,-4.9,0.2,6.1498453,326.9,35.1,0.76142169
1568,3916.6,-2.2,0,6.1412288,327.3,35.1,0.76112976
1570.1,3916.6,2.1,0,6.1494537,327.7,35.1,0.76083783
1570.1,3916.6,0,0,6.1494537,328.2,35.1,0.76047292
1573.2,3916.5,3.1,-0.1,6.1614378,328.6,35.1,0.760181
1568.1,3916.6,-5.1,0.1,6.1416205,329,35.1,0.75988907
1566,3916.7,-2.1,0.1,6.1335522,329.5,35.1,0.75952416
1568.1,3916.6,2.1,-0.1,6.1416205,329.9,35.1,0.75923223
1571.1,3916.4,3,-0.2,6.153056,330.3,35.1,0.7589403
1568.1,3916.5,-3,0.1,6.1414637,330.8,35.1,0.75857539
1575.1,3916.2,7,-0.3,6.1684066,331.2,35.1,0.75828346
1569.1,3916.4,-6,0.2,6.1452232,331.6,35.1,0.75799153
1566.1,3916.5,-3,0.1,6.1336307,332.1,35.1,0.75762662
1574.1,3916.2,8,-0.3,6.1644904,332.5,35.1,0.7573347
1573.2,3916.1,-0.9,-0.1,6.1608085,333,35.1,0.75696979
1516.1,3918.1,-57.1,2,5.9402314,333.4,35.1,0.75667786
1464.1,3919.9,-52,1.8,5.7391256,333.8,35.1,0.75638593
1417.1,3921.6,-47,1.7,5.5572994,334.2,35.1,0.756094
1367,3923.5,-50.1,1.9,5.3634245,334.6,35.1,0.75580207
1308.1,3925.8,-58.9,2.3,5.135339,334.9,35.1,0.75558313
1260.1,3927.7,-48,1.9,4.9492948,335.3,35.1,0.7552912
1258.2,3928.1,-1.9,0.4,4.9423354,335.6,35.1,0.75507225
1263,3928.1,4.8,0,4.9611903,336,35.1,0.75478032
1261,3928.4,-2,0.3,4.9537124,336.3,35.1,0.75456138
1262,3928.6,1,0.2,4.9578932,336.7,35.1,0.75426945
1258,3928.9,-4,0.3,4.9425562,337,35.1,0.7540505
1259.1,3929.1,1.1,0.2,4.9471298,337.4,35.1,0.75375858
1260,3929.2,0.9,0.1,4.950792,337.7,35.1,0.75353963
1260,3929.3,0,0.1,4.950918,338.1,35.1,0.7532477
1265.1,3929.2,5.1,-0.1,4.9708309,338.4,35.1,0.75302875
1259.1,3929.5,-6,0.3,4.9476335,338.8,35.1,0.75273683
1263.1,3929.5,4,0,4.9633514,339.1,35.1,0.75251788
1256.1,3929.9,-7,0.4,4.9363474,339.5,35.1,0.75222595
1259,3929.9,2.9,0,4.9477441,339.8,35.1,0.75200701
1257,3930,-2,0.1,4.94001,340.2,35.1,0.75171508
1260.1,3930,3.1,0,4.952193,340.5,35.1,0.75149613
1255,3930.2,-5.1,0.2,4.932401,340.9,35.1,0.7512042
1263.1,3930.1,8.1,-0.1,4.9641093,341.2,35.1,0.75098526
1261.1,3930.2,-2,0.1,4.9563752,341.6,35.1,0.75069333
1259,3930.3,-2.1,0.1,4.9482477,341.9,35.1,0.75047438
1260,3930.3,1,0,4.952178,342.3,35.1,0.75018246
1262,3930.3,2,0,4.9600386,342.6,35.1,0.74996351
1259.1,3930.4,-2.9,0.1,4.9487666,343,35.1,0.74967158
1262.1,3930.4,3,0,4.9605578,343.3,35.1,0.74945263
1260.1,3930.5,-2,0.1,4.9528231,343.7,35.1,0.74916071
1260,3930.5,-0.1,0,4.95243,344,35.1,0.74894176
1263.1,3930.4,3.1,-0.1,4.9644882,344.4,35.1,0.74864983
1259.1,3930.6,-4,0.2,4.9490185,344.7,35.1,0.74843089
1265,3930.4,5.9,-0.2,4.971956,345.1,35.1,0.74813896
1201,3932.6,-64,2.2,4.7230526,345.4,35.1,0.74792001
1203,3932.6,2,0,4.7309178,345.7,35.1,0.74770107
1206.1,3932.6,3.1,0,4.7431089,346.1,35.1,0.74740914
1207,3932.7,0.9,0.1,4.7467689,346.4,35.1,0.74719019
1204,3932.9,-3,0.2,4.7352116,346.7,35.1,0.74697125
1206.1,3932.8,2.1,-0.1,4.7433501,347.1,35.1,0.74667932
1203.1,3933,-3,0.2,4.7317923,347.4,35.1,0.74646037
1205,3933,1.9,0,4.739265,347.8,35.1,0.74616844
1204,3933,-1,0,4.735332,348.1,35.1,0.7459495
1204.1,3933,0.1,0,4.7357253,348.4,35.1,0.74573055
1211,3932.8,6.9,-0.2,4.7626208,348.8,35.1,0.74543862
1198,3933.3,-13,0.5,4.7120934,349.1,35.1,0.74521968
1206.1,3933.1,8.1,-0.2,4.7437119,349.4,35.1,0.74500073
1207.1,3933,1,-0.1,4.7475243,349.8,35.1,0.7447088
1204,3933.1,-3.1,0.1,4.7354524,350.1,35.1,0.74448986
1206.1,3933.1,2.1,0,4.7437119,350.4,35.1,0.74427091
1203.1,3933.2,-3,0.1,4.7320329,350.8,35.1,0.74397898
1210,3933,6.9,-0.2,4.75893,351.1,35.1,0.74376004
1200,3933.3,-10,0.3,4.71996,351.4,35.1,0.74354109
1208.1,3933,8.1,-0.3,4.7514573,351.8,35.1,0.74324916
1207.1,3933.1,-1,0.1,4.747645,352.1,35.1,0.74303021
1204,3933.1,-3.1,0,4.7354524,352.4,35.1,0.74281127
1207,3933,3,-0.1,4.747131,352.8,35.1,0.74251934
1205.1,3933.1,-1.9,0.1,4.7397788,353.1,35.1,0.74230039
1205.1,3933.1,0,0,4.7397788,353.4,35.1,0.74208145
1208.1,3933,3,-0.1,4.7514573,353.8,35.1,0.74178952
1207.1,3933,-1,0,4.7475243,354.1,35.1,0.74157057
1204,3933.1,-3.1,0.1,4.7354524,354.4,35.1,0.74135163
1207,3932.9,3,-0.2,4.7470103,354.8,35.1,0.7410597
1203.1,3933.1,-3.9,0.2,4.7319126,355.1,35.1,0.74084075
1208.1,3932.8,5,-0.3,4.7512157,355.5,35.1,0.74054882
1205.1,3932.9,-3,0.1,4.7395378,355.8,35.1,0.74032988
1207,3932.8,1.9,-0.1,4.7468896,356.1,35.1,0.74011093
1208,3932.8,1,0,4.7508224,356.5,35.1,0.739819
1201.2,3933,-6.8,0.2,4.7243196,356.8,35.1,0.73960006
1205,3932.8,3.8,-0.2,4.739024,357.1,35.1,0.73938111
1209,3932.7,4,-0.1,4.7546343,357.5,35.1,0.73908918
1205.1,3932.8,-3.9,0.1,4.7394173,357.8,35.1,0.73887024
301.1,3964.2,-904,31.4,1.1936206,357.9,35.1,0.73879726
307,3965.5,5.9,1.3,1.2174085,358,35.1,0.73872427
274,3967.8,-33,2.3,1.0871772,358,35.1,0.73872427
238.1,3970.1,-35.9,2.3,0.94528081,358.1,35.1,0.73865129
201.3,3972.5,-36.8,2.4,0.79966425,358.2,35.1,0.73857831
169.2,3974.6,-32.1,2.1,0.67250232,358.2,35.1,0.73857831
137.1,3976.7,-32.1,2.1,0.54520557,358.2,35.1,0.73857831
101.2,3978.8,-35.9,2.1,0.40265456,358.3,35.1,0.73850533
72,3980.8,-29.2,2,0.2866176,358.3,35.1,0.73850533
40,3982.9,-32,2.1,0.159316,358.3,35.1,0.73850533
-2,3985.1,-42,2.2,-0.0079702,358.3,35.1,0.73850533
-28,3987,-26,1.9,-0.111636,358.3,35.1,0.73850533
-62,3989.1,-34,2.1,-0.2473242,358.3,35.1,0.73850533
-98,3991.3,-36,2.2,-0.3911474,358.3,35.1,0.73850533
-127.1,3993.2,-29.1,1.9,-0.50753572,358.2,35.1,0.73857831
-164.1,3995.4,-37,2.2,-0.65564514,358.2,35.1,0.73857831
-167.1,3996.4,-3,1,-0.66779844,358.1,35.1,0.73865129
-162.1,3997.2,5,0.8,-0.64794612,358.1,35.1,0.73865129
-164,3998,-1.9,0.8,-0.655672,358,35.1,0.73872427
-163.1,3998.8,0.9,0.8,-0.65220428,358,35.1,0.73872427
-163.1,3999.5,0,0.7,-0.65231845,357.9,35.1,0.73879726
-169,4000.5,-5.9,1,-0.6760845,357.9,35.1,0.73879726
-168,4001.2,1,0.7,-0.6722016,357.9,35.1,0.73879726
-165.1,4001.7,2.9,0.5,-0.66068067,357.8,35.1,0.73887024
-165.1,4002.4,0,0.7,-0.66079624,357.8,35.1,0.73887024
-161,4002.9,4.1,0.5,-0.6444669,357.7,35.1,0.73894322
-165.1,4003.7,-4.1,0.8,-0.66101087,357.7,35.1,0.73894322
-168,4004.4,-2.9,0.7,-0.6727392,357.6,35.1,0.7390162
-162,4004.8,6,0.4,-0.6487776,357.6,35.1,0.7390162
-165,4005.4,-3,0.6,-0.660891,357.5,35.1,0.73908918
-170.1,4006.1,-5.1,0.7,-0.68143761,357.5,35.1,0.73908918
-165.1,4006.5,5,0.4,-0.66147315,357.4,35.1,0.73916217
-160,4006.9,5.1,0.4,-0.641104,357.4,35.1,0.73916217
-162,4007.4,-2,0.5,-0.6491988,357.4,35.1,0.73916217
-161,4007.9,1,0.5,-0.6452719,357.3,35.1,0.73923515
-164.1,4008.5,-3.1,0.6,-0.65779485,357.3,35.1,0.73923515
-163.1,4008.9,1,0.4,-0.65385159,357.2,35.1,0.73930813
-160.9,4009.3,2.2,0.4,-0.64509637,357.2,35.1,0.73930813
-164.1,4009.8,-3.2,0.5,-0.65800818,357.1,35.1,0.73938111
-160.1,4010.1,4,0.3,-0.64201701,357.1,35.1,0.73938111
-158,4010.5,2.1,0.4,-0.633659,357,35.1,0.73945409
37,4004.2,195,-6.3,0.1481554,357,35.1,0.73945409
240.1,3997.3,203.1,-6.9,0.95975173,357.1,35.1,0.73938111
447,3989.9,206.9,-7.4,1.7834853,357.2,35.1,0.73930813
650.1,3982.4,203.1,-7.5,2.5889582,357.4,35.1,0.73916217
850.9,3974.7,200.8,-7.7,3.3820722,357.7,35.1,0.73894322
1046,3967.1,195.1,-7.6,4.1495866,357.9,35.1,0.73879726
1256.1,3958.7,210.1,-8.4,4.9725231,358.3,35.1,0.73850533
1451.1,3950.7,195,-8,5.7328608,358.7,35.1,0.7382134
1452,3949.2,0.9,-1.5,5.7342384,359.1,35.1,0.73792147
1455.1,3947.8,3.1,-1.4,5.7444438,359.5,35.1,0.73762954
1456.1,3946.6,1,-1.2,5.7466443,359.9,35.1,0.73733761
1461.1,3945.3,5,-1.3,5.7644778,360.3,35.1,0.73704569
1454,3944.5,-7.1,-0.8,5.735303,360.7,35.1,0.73675376
1451.1,3943.7,-2.9,-0.8,5.7227031,361.1,35.1,0.73646183
1460.2,3942.4,9.1,-1.3,5.7566925,361.5,35.1,0.7361699
1456.1,3941.7,-4.1,-0.7,5.7395094,361.9,35.1,0.73587797
1456.1,3940.9,0,-0.8,5.7383445,362.3,35.1,0.73558605
1458,3940,1.9,-0.9,5.74452,362.7,35.1,0.73529412
1452.1,3939.5,-5.9,-0.5,5.7205479,363.1,35.1,0.73500219
1451.2,3938.7,-0.9,-0.8,5.7158414,363.5,35.1,0.73471026
1452.1,3938,0.9,-0.7,5.7183698,364,35.1,0.73434535
1451.1,3937.4,-1,-0.6,5.7135611,364.4,35.1,0.73405342
1455,3936.6,3.9,-0.8,5.727753,364.8,35.1,0.73376149
1457.2,3935.8,2.2,-0.8,5.7352478,365.2,35.1,0.73346957
1454.3,3935.3,-2.9,-0.5,5.7231068,365.6,35.1,0.73317764
1457.1,3934.7,2.8,-0.6,5.7332514,366,35.1,0.73288571
1450.1,3934.3,-7,-0.4,5.7051284,366.4,35.1,0.73259378
1458,3933.5,7.9,-0.8,5.735043,366.8,35.1,0.73230185
1450.2,3933.2,-7.8,-0.3,5.7039266,367.2,35.1,0.73200993
1453.2,3932.6,3,-0.6,5.7148543,367.6,35.1,0.731718
1460.1,3931.9,6.9,-0.7,5.7409672,368,35.1,0.73142607
1459.1,3931.4,-1,-0.5,5.7363057,368.4,35.1,0.73113414
1457,3931,-2.1,-0.4,5.727467,368.8,35.1,0.73084221
1458.1,3930.5,1.1,-0.5,5.731062,369.2,35.1,0.73055028
1454.1,3930.2,-4,-0.3,5.7149038,369.6,35.1,0.73025836
1452.2,3929.8,-1.9,-0.4,5.7068556,370,35.1,0.72996643
1453.2,3929.3,1,-0.5,5.7100588,370.4,35.1,0.7296745
1455.1,3928.9,1.9,-0.4,5.7169424,370.8,35.1,0.72938257
1724.1,3919.1,269,-9.8,6.7569203,371.3,35.1,0.72901766
2004.2,3908.6,280.1,-10.5,7.8336161,371.9,35.1,0.72857977
1997.2,3907.7,-7,-0.9,7.8044584,372.4,35.1,0.72821486
2003.2,3906.4,6,-1.3,7.8253005,373,35.1,0.72777697
2002.2,3905.5,-1,-0.9,7.8195921,373.5,35.1,0.72741206
1997.2,3904.8,-5,-0.7,7.7986666,374.1,35.1,0.72697416
1996.1,3904,-1.1,-0.8,7.7927744,374.6,35.1,0.72660925
2003.1,3903,7,-1,7.8180993,375.2,35.1,0.72617136
2001.2,3902.3,-1.9,-0.7,7.8092828,375.7,35.1,0.72580645
2004.2,3901.4,3,-0.9,7.8191859,376.3,35.1,0.72536856
2000.1,3900.8,-4.1,-0.6,7.8019901,376.9,35.1,0.72493067
1999.1,3900.2,-1,-0.6,7.7968898,377.4,35.1,0.72456576
1998.1,3899.5,-1,-0.7,7.791591,378,35.1,0.72412786
2001.1,3898.8,3,-0.7,7.8018887,378.5,35.1,0.72376295
2000.2,3898.1,-0.9,-0.7,7.7969796,379.1,35.1,0.72332506
2004.2,3897.5,4,-0.6,7.8113695,379.6,35.1,0.72296015
2003.1,3896.8,-1.1,-0.7,7.8056801,380.2,35.1,0.72252226
2008.1,3896.1,5,-0.7,7.8237584,380.8,35.1,0.72208437
2004.2,3895.6,-3.9,-0.5,7.8075615,381.3,35.1,0.72171946
1999.2,3895.2,-5,-0.4,7.7872838,381.9,35.1,0.72128156
1996.1,3894.8,-3.1,-0.4,7.7744103,382.4,35.1,0.72091665
1999.1,3894.2,3,-0.6,7.7848952,383,35.1,0.72047876
2003.3,3893.5,4.2,-0.7,7.7998485,383.5,35.1,0.72011385
1999.2,3893.2,-4.1,-0.3,7.7832854,384.1,35.1,0.71967596
2006.1,3892.4,6.9,-0.8,7.8085436,384.6,35.1,0.71931105
-651,3984.3,-2657.1,91.9,-2.5937793,384.5,35.1,0.71938403
-650.9,3988.4,0.1,4.1,-2.5960496,384.3,35.1,0.71953
-540,3987.6,110.9,-0.8,-2.153304,384.1,35.1,0.71967596
-419.1,3985.8,120.9,-1.8,-1.6704488,384,35.1,0.71974894
-302.1,3983.7,117,-2.1,-1.2034758,383.9,35.1,0.71982192
-186,3981.3,116.1,-2.4,-0.7405218,383.9,35.1,0.71982192
-74,3978.8,112,-2.5,-0.2944312,383.9,35.1,0.71982192
45,3975.8,119,-3,0.178911,383.9,35.1,0.71982192
157.1,3972.8,112.1,-3,0.62412688,383.9,35.1,0.71982192
157.1,3973.5,0,0.7,0.62423685,384,35.1,0.71974894
158.1,3974.2,1,0.7,0.62832102,384,35.1,0.71974894
156.1,3975,-2,0.8,0.6204975,384,35.1,0.71974894
159.1,3975.6,3,0.6,0.63251796,384.1,35.1,0.71967596
158,3976.3,-1.1,0.7,0.6282554,384.1,35.1,0.71967596
159.2,3976.9,1.2,0.6,0.63312248,384.2,35.1,0.71960298
162.1,3977.4,2.9,0.5,0.64473654,384.2,35.1,0.71960298
158.1,3978.1,-4,0.7,0.62893761,384.3,35.1,0.71953
159.2,3978.7,1.1,0.6,0.63340904,384.3,35.1,0.71953
161.1,3979.2,1.9,0.5,0.64104912,384.4,35.1,0.71945701
159,3979.8,-2.1,0.6,0.6327882,384.4,35.1,0.71945701
160.2,3980.3,1.2,0.5,0.63764406,384.4,35.1,0.71945701
160.1,3980.8,-0.1,0.5,0.63732608,384.5,35.1,0.71938403
157,3981.5,-3.1,0.7,0.6250955,384.5,35.1,0.71938403
162.2,3981.8,5.2,0.3,0.64584796,384.6,35.1,0.71931105
158.1,3982.4,-4.1,0.6,0.62961744,384.6,35.1,0.71931105
155.1,3982.9,-3,0.5,0.61774779,384.7,35.1,0.71923807
166.2,3983,11.1,0.1,0.6619746,384.7,35.1,0.71923807
159.2,3983.6,-7,0.6,0.63418912,384.8,35.1,0.71916509
155.1,3984.2,-4.1,0.6,0.61794942,384.8,35.1,0.71916509
159.1,3984.4,4,0.2,0.63391804,384.8,35.1,0.71916509
1151.1,3950.4,992,-34,4.5473054,385.2,35.1,0.71887316
2136.1,3914.9,985,-35.5,8.3626179,385.8,35.1,0.71843526
2129.2,3912.4,-6.9,-2.5,8.3302821,386.3,35.1,0.71807035
2134.1,3910.1,4.9,-2.3,8.3445444,386.9,35.1,0.71763246
2132.2,3908.3,-1.9,-1.8,8.3332773,387.5,35.1,0.71719457
2136.2,3906.4,4,-1.9,8.3448517,388.1,35.1,0.71675668
2133.3,3904.9,-2.9,-1.5,8.3303232,388.7,35.1,0.71631879
2137.2,3903.3,3.9,-1.6,8.3421328,389.3,35.1,0.71588089
2136.2,3902,-1,-1.3,8.3354524,389.9,35.1,0.715443
2137.1,3900.7,0.9,-1.3,8.336186,390.5,35.1,0.71500511
2137.1,3899.4,0,-1.3,8.3334077,391.1,35.1,0.71456722
2137.2,3898.3,0.1,-1.1,8.3314468,391.7,35.1,0.71412932
2135.2,3897.2,-2,-1.1,8.3213014,392.3,35.1,0.71369143
2131.2,3896.3,-4,-0.9,8.3037946,392.9,35.1,0.71325354
2137.2,3895.1,6,-1.2,8.3246077,393.5,35.1,0.71281565
2137.2,3894.1,0,-1,8.3224705,394.1,35.1,0.71237776
2135.3,3893.2,-1.9,-0.9,8.31315,394.7,35.1,0.71193986
2131.2,3892.5,-4.1,-0.7,8.295696,395.2,35.1,0.71157495
2132.2,3891.6,1,-0.9,8.2976695,395.8,35.1,0.71113706
2135.2,3890.7,3,-0.9,8.3074226,396.4,35.1,0.71069917
2135.2,3889.8,0,-0.9,8.305501,397,35.1,0.71026128
2133.2,3889.2,-2,-0.6,8.2964414,397.6,35.1,0.70982338
2137.1,3888.2,3.9,-1,8.3094722,398.2,35.1,0.70938549
2136.2,3887.6,-0.9,-0.6,8.3046911,398.8,35.1,0.7089476
2129.2,3887.1,-7,-0.5,8.2764133,399.4,35.1,0.70850971
2137.2,3886.1,8,-1,8.3053729,400,35.1,0.70807181
2136.2,3885.5,-1,-0.6,8.3002051,400.6,35.1,0.70763392
2137.1,3884.8,0.9,-0.7,8.3022061,401.2,35.1,0.70719603
2137.2,3884.1,0.1,-0.7,8.3010985,401.8,35.1,0.70675814
2137.2,3883.5,0,-0.6,8.2998162,402.4,35.1,0.70632025
2132.2,3883.1,-5,-0.4,8.2795458,403,35.1,0.70588235
2139.2,3882.2,7,-0.9,8.3048022,403.5,35.1,0.70551744
2163.1,3880.8,23.9,-1.4,8.3945585,404.1,35.1,0.70507955
2194.1,3879.2,31,-1.6,8.5113527,404.8,35.1,0.70456868
2219.2,3877.6,25.1,-1.6,8.6051699,405.4,35.1,0.70413078
2246.1,3876,26.9,-1.6,8.7058836,406,35.1,0.70369289
2278.2,3874.3,32.1,-1.7,8.8264303,406.6,35.1,0.703255
2308,3872.5,29.8,-1.8,8.93773,407.3,35.1,0.70274412
2338.2,3870.7,30.2,-1.8,9.0504707,407.9,35.1,0.70230623
2367.2,3869,29,-1.7,9.1586968,408.6,35.1,0.70179536
2398.2,3867.1,31,-1.9,9.2740792,409.2,35.1,0.70135747
2398.3,3866.4,0.1,-0.7,9.2727871,409.9,35.1,0.70084659
2389.3,3866,-9,-0.4,9.2370338,410.6,35.1,0.70033572
2399.2,3864.9,9.9,-1.1,9.2726681,411.2,35.1,0.69989783
2399.2,3864.2,0,-0.7,9.2709886,411.9,35.1,0.69938695
2399.3,3863.6,0.1,-0.6,9.2699355,412.6,35.1,0.69887608
2401.3,3862.8,2,-0.8,9.2757416,413.2,35.1,0.69843818
2394.3,3862.5,-7,-0.3,9.2479837,413.9,35.1,0.69792731
2396.2,3861.8,1.9,-0.7,9.2536452,414.6,35.1,0.69741644
2394.2,3861.2,-2,-0.6,9.244485,415.2,35.1,0.69697854
2396.3,3860.5,2.1,-0.7,9.2509162,415.9,35.1,0.69646767
2401.3,3859.8,5,-0.7,9.2685377,416.6,35.1,0.69595679
2399.2,3859.3,-2.1,-0.5,9.2592326,417.2,35.1,0.6955189
2397.3,3858.8,-1.9,-0.5,9.2507012,417.9,35.1,0.69500803
2395.3,3858.3,-2,-0.5,9.241786,418.6,35.1,0.69449715
2394.3,3857.8,-1,-0.5,9.2367305,419.2,35.1,0.69405926
2396.2,3857.2,1.9,-0.6,9.2426226,419.9,35.1,0.69354839
2404.2,3856.4,8,-0.8,9.2715569,420.6,35.1,0.69303751
2399.2,3856,-5,-0.4,9.2513152,421.2,35.1,0.69259962
2399.2,3855.5,0,-0.5,9.2501156,421.9,35.1,0.69208875
2402.3,3854.9,3.1,-0.6,9.2606263,422.6,35.1,0.69157787
2394.2,3854.7,-8.1,-0.2,9.2289227,423.2,35.1,0.69113998
2395.2,3854.2,1,-0.5,9.2315798,423.9,35.1,0.69062911
2397.3,3853.6,2.1,-0.6,9.2382353,424.6,35.1,0.69011823
2395.3,3853.3,-2,-0.3,9.2298095,425.2,35.1,0.68968034
2397.2,3852.7,1.9,-0.6,9.2356924,425.9,35.1,0.68916946
2396.2,3852.3,-1,-0.4,9.2308813,426.6,35.1,0.68865859
2126.3,3861.3,-269.9,9,8.2102822,427.1,35.1,0.68829368
1856.1,3870.8,-270.2,9.5,7.1845919,427.7,35.1,0.68785579
1582.2,3880.7,-273.9,9.9,6.1400435,428.1,35.1,0.68756386
1321.1,3890.6,-261.1,9.9,5.1398717,428.5,35.1,0.68727193
1046.1,3901.2,-275,10.6,4.0810453,428.8,35.1,0.68705298
784,3911.7,-262.1,10.5,3.0667728,429,35.1,0.68690702
509.1,3922.9,-274.9,11.2,1.9971484,429.1,35.1,0.68683404
245.2,3933.9,-263.9,11,0.96459228,429.2,35.2,0.68676106
-28,3945.4,-273.2,11.5,-0.1104712,429.2,35.2,0.68676106
-293,3956.9,-265,11.5,-1.1593717,429.1,35.2,0.68683404
-566,3968.8,-273,11.9,-2.2463408,428.9,35.2,0.68698
-561.9,3971.3,4.1,2.5,-2.2314735,428.8,35.2,0.68705298
-565,3973.8,-3.1,2.5,-2.245197,428.6,35.2,0.68719895
-569,3976.1,-4,2.3,-2.2624009,428.5,35.2,0.68727193
-572.9,3978.3,-3.9,2.2,-2.2791681,428.3,35.2,0.6874179
-569,3980,3.9,1.7,-2.26462,428.2,35.2,0.68749088
-570,3981.9,-1,1.9,-2.269683,428,35.2,0.68763684
-567,3983.4,3,1.5,-2.2585878,427.8,35.2,0.68778281
-574,3985.3,-7,1.9,-2.2875622,427.7,35.2,0.68785579
-569.9,3986.7,4.1,1.4,-2.2720203,427.5,35.2,0.68800175
-563,3987.9,6.9,1.2,-2.2451877,427.4,35.2,0.68807473
-561,3989.3,2,1.4,-2.2379973,427.2,35.2,0.6882207
-47,3972.9,514,-16.4,-0.1867263,427.2,35.2,0.6882207
468,3955.6,515,-17.3,1.8512208,427.3,35.2,0.68814772
988.9,3937.2,520.9,-18.4,3.8934971,427.6,35.2,0.68792877
1503.1,3918.5,514.2,-18.7,5.8898974,428,35.2,0.68763684
2022.1,3898.9,519,-19.6,7.8839657,428.6,35.2,0.68719895
2029.1,3896.5,7,-2.4,7.9063882,429.1,35.2,0.68683404
2025.2,3894.9,-3.9,-1.6,7.8879515,429.7,35.2,0.68639615
2026.2,3893.3,1,-1.6,7.8886045,430.3,35.2,0.68595825
2021.2,3892,-5,-1.3,7.8665104,430.8,35.2,0.68559334
2031.3,3890.4,10.1,-1.6,7.9025695,431.4,35.2,0.68515545
2029.1,3889.2,-2.2,-1.2,7.8915757,432,35.2,0.68471756
2030.2,3888,1.1,-1.2,7.8934176,432.5,35.2,0.68435265
2026.2,3887.1,-4,-0.9,7.876042,433.1,35.2,0.68391476
2026.2,3886,0,-1.1,7.8738132,433.6,35.2,0.68354985
2024.1,3885.2,-2.1,-0.8,7.8640333,434.2,35.2,0.68311195
1705.1,3895.3,-319,10.1,6.641876,434.7,35.2,0.68274704
1373.1,3906.5,-332,11.2,5.3640152,435.1,35.2,0.68245512
1045.1,3918.1,-328,11.6,4.0948063,435.4,35.2,0.68223617
720.1,3930,-325,11.9,2.829993,435.6,35.2,0.68209021
725,3930.8,4.9,0.8,2.84983,435.8,35.2,0.68194424
720.1,3931.7,-4.9,0.9,2.8312172,436,35.2,0.68179828
725.1,3932.2,5,0.5,2.8512382,436.2,35.2,0.68165231
721,3932.9,-4.1,0.7,2.8356209,436.4,35.2,0.68150635
725,3933.3,4,0.4,2.8516425,436.6,35.2,0.68136039
723.1,3933.8,-1.9,0.5,2.8445308,436.8,35.2,0.68121442
722.1,3934.3,-1,0.5,2.840958,437,35.2,0.68106846
724,3934.6,1.9,0.3,2.8486504,437.2,35.2,0.68092249
724,3934.9,0,0.3,2.8488676,437.4,35.2,0.68077653
724.1,3935.2,0.1,0.3,2.8494783,437.6,35.2,0.68063056
722,3935.7,-2.1,0.5,2.8415754,437.8,35.2,0.6804846
724,3936,2,0.3,2.849664,438,35.2,0.68033864
723.2,3936.3,-0.8,0.3,2.8467322,438.2,35.2,0.68019267
722.1,3936.6,-1.1,0.3,2.8426189,438.4,35.2,0.68004671
722,3936.9,-0.1,0.3,2.8424418,438.6,35.2,0.67990074
721.1,3937.1,-0.9,0.2,2.8390428,438.8,35.2,0.67975478
722.1,3937.3,1,0.2,2.8431243,439,35.2,0.67960882
723.1,3937.5,1,0.2,2.8472062,439.2,35.2,0.67946285
722,3937.8,-1.1,0.3,2.8430916,439.4,35.2,0.67931689
725,3937.9,3,0.1,2.8549775,439.6,35.2,0.67917092
724.1,3938.2,-0.9,0.3,2.8516506,439.8,35.2,0.67902496
724,3938.3,-0.1,0.1,2.8513292,440,35.2,0.678879
720,3938.6,-4,0.3,2.835792,440.2,35.2,0.67873303
722.1,3938.8,2.1,0.2,2.8442075,440.4,35.2,0.67858707
724,3938.9,1.9,0.1,2.8517636,440.6,35.2,0.6784411
721,3939.2,-3,0.3,2.8401632,440.8,35.2,0.67829514
724,3939.2,3,0,2.8519808,441,35.2,0.67814918
723.1,3939.4,-0.9,0.2,2.8485801,441.2,35.2,0.67800321
724.1,3939.5,1,0.1,2.8525919,441.4,35.2,0.67785725
720.1,3939.8,-4,0.3,2.83705,441.6,35.2,0.67771128
610.1,3943.7,-110,3.9,2.4060514,441.7,35.2,0.6776383
509.1,3947.6,-101,3.9,2.0097232,441.9,35.2,0.67749234
399.2,3951.8,-109.9,4.2,1.5775586,442,35.2,0.67741935
295.1,3956,-104.1,4.2,1.1674156,442.1,35.2,0.67734637
181,3960.6,-114.1,4.6,0.7168686,442.1,35.2,0.67734637
75,3965.1,-106,4.5,0.2973825,442.2,35.2,0.67727339
-28,3969.6,-103,4.5,-0.1111488,442.1,35.2,0.67734637
-142.8,3974.5,-114.8,4.9,-0.5675586,442.1,35.2,0.67734637
-141.1,3975.5,1.7,1,-0.56094305,442.1,35.2,0.67734637
-140.1,3976.4,1,0.9,-0.55709364,442,35.2,0.67741935
-145,3977.5,-4.9,1.1,-0.5767375,442,35.2,0.67741935
-138,3978.1,7,0.6,-0.5489778,442,35.2,0.67741935
-137.1,3978.8,0.9,0.7,-0.54549348,441.9,35.2,0.67749234
-143.1,3979.8,-6,1,-0.56950938,441.9,35.2,0.67749234
-136,3980.3,7.1,0.5,-0.5413208,441.8,35.2,0.67756532
-141.9,3981.2,-5.9,0.9,-0.56493228,441.8,35.2,0.67756532
-140.9,3981.8,1,0.6,-0.56103562,441.8,35.2,0.67756532
-141.1,3982.4,-0.2,0.6,-0.56191664,441.7,35.1,0.6776383
-144.1,3983.2,-3,0.8,-0.57397912,441.7,35.1,0.6776383
-143,3983.7,1.1,0.5,-0.5696691,441.6,35.1,0.67771128
-139,3984.2,4,0.5,-0.5538038,441.6,35.1,0.67771128
-141.1,3984.8,-2.1,0.6,-0.56225528,441.6,35.1,0.67771128
-140.2,3985.3,0.9,0.5,-0.55873906,441.5,35.1,0.67778427
-143,3985.9,-2.8,0.6,-0.5699837,441.5,35.1,0.67778427
-141,3986.3,2,0.4,-0.5620683,441.4,35.1,0.67785725
-142,3986.8,-1,0.5,-0.5661256,441.4,35.1,0.67785725
-141,3987.3,1,0.5,-0.5622093,441.4,35.1,0.67785725
-141.1,3987.8,-0.1,0.5,-0.56267858,441.3,35.1,0.67793023
-140,3988.2,1.1,0.4,-0.558348,441.3,35.1,0.67793023
-145,3988.8,-5,0.6,-0.578376,441.2,35.1,0.67800321
-145,3989.3,0,0.5,-0.5784485,441.2,35.1,0.67800321
-144.1,3989.6,0.9,0.3,-0.57490136,441.2,35.1,0.67800321
429,3970.3,573.1,-19.3,1.7032587,441.3,35.1,0.67793023
999,3950,570,-20.3,3.94605,441.6,35.1,0.67771128
996.1,3948.9,-2.9,-1.1,3.9334993,441.8,35.1,0.67756532
996,3947.8,-0.1,-1.1,3.9320088,442.1,35.1,0.67734637
894,3950.4,-102,2.6,3.5316576,442.4,35.1,0.67712743
794,3953.3,-100,2.9,3.1389202,442.6,35.1,0.67698146
692.1,3956.4,-101.9,3.1,2.7382244,442.8,35.1,0.6768355
594,3959.6,-98.1,3.2,2.3520024,442.9,35.1,0.67676252
494.1,3962.9,-99.9,3.3,1.9580689,443.1,35.1,0.67661655
389.1,3966.7,-105,3.8,1.543443,443.2,35.1,0.67654357
295.1,3970.1,-94,3.4,1.1715765,443.3,35.1,0.67647059
196.1,3973.8,-99,3.7,0.77926218,443.3,35.1,0.67647059
94,3977.8,-102.1,4,0.3739132,443.3,35.1,0.67647059
-14,3981.9,-108,4.1,-0.0557466,443.3,35.1,0.67647059
-107.9,3985.8,-93.9,3.9,-0.43006782,443.3,35.1,0.67647059
-209,3990,-101.1,4.2,-0.83391,443.3,35.1,0.67647059
-302,3993.9,-93,3.9,-1.2061578,443.2,35.1,0.67654357
-404.9,3998.3,-102.9,4.4,-1.6189117,443.1,35.1,0.67661655
-412,3999.4,-7.1,1.1,-1.6477528,442.9,35.1,0.67676252
-406,4000.1,6,0.7,-1.6240406,442.8,35.1,0.6768355
-406.9,4000.8,-0.9,0.7,-1.6279255,442.7,35.1,0.67690848
-407.9,4001.5,-1,0.7,-1.6322119,442.6,35.1,0.67698146
-405,4002.1,2.9,0.6,-1.6208505,442.5,35.1,0.67705444
-412,4002.9,-7,0.8,-1.6491948,442.4,35.1,0.67712743
-408.2,4003.5,3.8,0.6,-1.6342287,442.3,35.1,0.67720041
-412.9,4004.2,-4.7,0.7,-1.6533342,442.2,35.1,0.67727339
-412.9,4004.8,0,0.6,-1.6535819,442,35.1,0.67741935
-406.9,4005.1,6,0.3,-1.6296752,441.9,35.1,0.67749234
-408,4005.7,-1.1,0.6,-1.6343256,441.8,35.1,0.67756532
-409.1,4006.2,-1.1,0.5,-1.6389364,441.7,35.1,0.6776383
-408,4006.7,1.1,0.5,-1.6347336,441.6,35.1,0.67771128
-408.9,4007.2,-0.9,0.5,-1.6385441,441.5,35.1,0.67778427
-409.9,4007.7,-1,0.5,-1.6427562,441.4,35.1,0.67785725
-410,4008.1,-0.1,0.4,-1.643321,441.2,35.1,0.67800321
-407,4008.5,3,0.4,-1.6314595,441.1,35.1,0.67807619
-406.9,4008.9,0.1,0.4,-1.6312214,441,35.1,0.67814918
-416.9,4009.6,-10,0.7,-1.6716022,440.9,35.1,0.67822216
-412.2,4009.9,4.7,0.3,-1.6528808,440.8,35.1,0.67829514
-408,4010.2,4.2,0.3,-1.6361616,440.7,35.1,0.67836812
-406,4010.5,2,0.3,-1.628263,440.6,35.1,0.6784411
-414,4011.1,-8,0.6,-1.6605954,440.4,35.1,0.67858707
-405,4011.2,9,0.1,-1.624536,440.3,35.1,0.67866005
-404,4011.5,1,0.3,-1.620646,440.2,35.1,0.67873303
-408.9,4012,-4.9,0.5,-1.6405068,440.1,35.1,0.67880601
-409,4012.4,-0.1,0.4,-1.6410716,440,35.1,0.678879
-404.9,4012.6,4.1,0.2,-1.6247017,439.9,35.1,0.67895198
-408,4013,-3.1,0.4,-1.637304,439.8,35.1,0.67902496
-411,4013.5,-3,0.5,-1.6495485,439.7,35.1,0.67909794
-406.9,4013.6,4.1,0.1,-1.6331338,439.5,35.1,0.67924391
-406.9,4014,0,0.4,-1.6332966,439.4,35.1,0.67931689
-407,4014.3,-0.1,0.3,-1.6338201,439.3,35.1,0.67938987
-406,4014.6,1,0.3,-1.6299276,439.2,35.1,0.67946285
-408,4015,-2,0.4,-1.63812,439.1,35.1,0.67953583
-407.9,4015.2,0.1,0.2,-1.6378001,439,35.1,0.67960882
-406.9,4015.5,1,0.3,-1.633907,438.9,35.1,0.6796818
-402,4015.6,4.9,0.1,-1.6142712,438.8,35.1,0.67975478
-405.9,4016,-3.9,0.4,-1.6300944,438.6,35.1,0.67990074
-408.9,4016.4,-3,0.4,-1.642306,438.5,35.1,0.67997373
-401,4016.3,7.9,-0.1,-1.6105363,438.4,35.1,0.68004671
-410,4016.9,-9,0.6,-1.646929,438.3,35.1,0.68011969
-408.9,4017.2,1.1,0.3,-1.6426331,438.2,35.1,0.68019267
-407,4017.3,1.9,0.1,-1.6350411,438.1,35.1,0.68026565
-400,4017.4,7,0.1,-1.60696,438,35.1,0.68033864
-412,4018,-12,0.6,-1.655416,437.8,35.1,0.6804846
-405,4018,7,0,-1.62729,437.7,35.1,0.68055758
-410.9,4018.5,-5.9,0.5,-1.6512017,437.6,35.1,0.68063056
-413,4018.8,-2.1,0.3,-1.6597644,437.5,35.1,0.68070355
-408,4018.9,5,0.1,-1.6397112,437.4,35.1,0.68077653
-411,4019.2,-3,0.3,-1.6518912,437.3,35.1,0.68084951
-410.9,4019.5,0.1,0.3,-1.6516125,437.2,35.1,0.68092249
-411.9,4019.7,-1,0.2,-1.6557144,437,35.1,0.68106846
-405,4019.7,6.9,0,-1.6279785,436.9,35.1,0.68114144
-412,4020.1,-7,0.4,-1.6562812,436.8,35.1,0.68121442
-406,4020.2,6,0.1,-1.6322012,436.7,35.1,0.6812874
-411,4020.6,-5,0.4,-1.6524666,436.6,35.1,0.68136039
-410.9,4020.8,0.1,0.2,-1.6521467,436.5,35.1,0.68143337
-402,4020.7,8.9,-0.1,-1.6163214,436.4,35,0.68150635
-410,4021.2,-8,0.5,-1.648692,436.3,35,0.68157933
-410.9,4021.4,-0.9,0.2,-1.6523933,436.1,35,0.6817253
-409.9,4021.6,1,0.2,-1.6484538,436,35,0.68179828
-413,4021.9,-3.1,0.3,-1.6610447,435.9,35,0.68187126
-406,4021.9,7,0,-1.6328914,435.8,35,0.68194424
-408,4022.1,-2,0.2,-1.6410168,435.7,35,0.68201722
-411,4022.4,-3,0.3,-1.6532064,435.6,35,0.68209021
-414,4022.7,-3,0.3,-1.6653978,435.5,35,0.68216319
-410.9,4022.8,3.1,0.1,-1.6529685,435.3,35,0.68230915
-409,4023,1.9,0.2,-1.645407,435.2,35,0.68238213
-409,4023.1,0,0.1,-1.6454479,435.1,35,0.68245512
-404,4023.1,5,0,-1.6253324,435,35,0.6825281
-405,4023.3,-1,0.2,-1.6294365,434.9,35,0.68260108
-409,4023.6,-4,0.3,-1.6456524,434.8,35,0.68267406
-415,4024,-6,0.4,-1.66996,434.7,35,0.68274704
-408,4024,7,0,-1.641792,434.5,35,0.68289301
-409.9,4024.2,-1.9,0.2,-1.6495196,434.4,35,0.68296599
-407,4024.3,2.9,0.1,-1.6378901,434.3,35,0.68303897
-404,4024.4,3,0.1,-1.6258576,434.2,35,0.68311195
-408,4024.7,-4,0.3,-1.6420776,434.1,35,0.68318494
-411.9,4025,-3.9,0.3,-1.6578975,434,35,0.68325792
-407.9,4025,4,0,-1.6417975,433.9,35,0.6833309
-412,4025.3,-4.1,0.3,-1.6584236,433.8,35,0.68340388
-406,4025.3,6,0,-1.6342718,433.6,35,0.68354985
-408.9,4025.6,-2.9,0.3,-1.6460678,433.5,35,0.68362283
-409.9,4025.8,-1,0.2,-1.6501754,433.4,35,0.68369581
-409,4025.9,0.9,0.1,-1.6465931,433.3,35,0.68376879
-413,4026.2,-4,0.3,-1.6628206,433.2,35,0.68384177
-411,4026.3,2,0.1,-1.6548093,433.1,35,0.68391476
-405.9,4026.3,5.1,0,-1.6342752,433,35,0.68398774
-408.9,4026.5,-3,0.2,-1.6464359,432.8,35,0.6841337
-407,4026.6,1.9,0.1,-1.6388262,432.7,35,0.68420669
-407,4026.8,0,0.2,-1.6389076,432.6,35,0.68427967
-404,4026.9,3,0.1,-1.6268676,432.5,35,0.68435265
-407.9,4027.1,-3.9,0.2,-1.6426541,432.4,35,0.68442563
-405,4027.1,2.9,0,-1.6309755,432.3,35,0.68449861
-408.9,4027.4,-3.9,0.3,-1.6468039,432.2,35,0.6845716
-410,4027.6,-1.1,0.2,-1.651316,432.1,35,0.68464458
-409.9,4027.8,0.1,0.2,-1.6509952,431.9,35,0.68479054
-409.9,4027.9,0,0.1,-1.6510362,431.8,35,0.68486352
-406,4027.9,3.9,0,-1.6353274,431.7,35,0.68493651
-409,4028.2,-3,0.3,-1.6475338,431.6,35,0.68500949
-403,4028.1,6,-0.1,-1.6233243,431.5,35,0.68508247
-407.9,4028.4,-4.9,0.3,-1.6431844,431.4,35,0.68515545
-403,4028.4,4.9,0,-1.6234452,431.3,35,0.68522843
-414,4028.9,-11,0.5,-1.6679646,431.1,35,0.6853744
-411,4028.9,3,0,-1.6558779,431,35,0.68544738
-405.9,4028.9,5.1,0,-1.6353305,430.9,35,0.68552036
-409,4029.1,-3.1,0.2,-1.6479019,430.8,35,0.68559334
-410,4029.4,-1,0.3,-1.652054,430.7,35,0.68566633
-400.9,4029.2,9.1,-0.2,-1.6153063,430.6,35,0.68573931
-409.1,4029.6,-8.2,0.4,-1.6485094,430.5,35,0.68581229
-408,4029.7,1.1,0.1,-1.6441176,430.4,35,0.68588527
-411.9,4029.9,-3.9,0.2,-1.6599158,430.2,35,0.68603124
-412.1,4030.1,-0.2,0.2,-1.6608042,430.1,35,0.68610422
-406,4030,6.1,-0.1,-1.63618,430,35,0.6861772
-406,4030.1,0,0.1,-1.6362206,429.9,35,0.68625018
-409,4030.4,-3,0.3,-1.6484336,429.8,35,0.68632316
-406.9,4030.4,2.1,0,-1.6399698,429.7,35,0.68639615
-407.9,4030.6,-1,0.2,-1.6440817,429.6,35,0.68646913
-411,4030.8,-3.1,0.2,-1.6566588,429.4,35,0.68661509
-407,4030.8,4,0,-1.6405356,429.3,35,0.68668807
-408.9,4031,-1.9,0.2,-1.6482759,429.2,35,0.68676106
1279.9,3972.7,1688.8,-58.3,5.0846587,429.6,35,0.68646913
1280.1,3969.9,0.2,-2.8,5.081869,429.9,35,0.68625018
1280.1,3967.8,0,-2.1,5.0791808,430.3,35,0.68595825
1279.1,3966,-1,-1.8,5.0729106,430.6,35,0.68573931
1275,3964.5,-4.1,-1.5,5.0547375,431,35,0.68544738
1275,3963,0,-1.5,5.052825,431.3,35,0.68522843
1277.1,3961.5,2.1,-1.5,5.0592317,431.7,35,0.68493651
1276.1,3960.2,-1,-1.3,5.0536112,432.1,35,0.68464458
1275.1,3959.1,-1,-1.1,5.0482484,432.4,35,0.68442563
1277,3957.8,1.9,-1.3,5.0541106,432.8,35,0.6841337
1278.1,3956.7,1.1,-1.1,5.0570583,433.1,35,0.68391476
1282.1,3955.4,4,-1.3,5.0712183,433.5,35,0.68362283
1273.1,3954.7,-9,-0.7,5.0347286,433.8,35,0.68340388
1275,3953.6,1.9,-1.1,5.04084,434.2,35,0.68311195
1276.9,3952.5,1.9,-1.1,5.0469472,434.5,35,0.68289301
1274,3951.7,-2.9,-0.8,5.0344658,434.9,35,0.68260108
1276.1,3950.7,2.1,-1,5.0414883,435.3,35,0.68230915
1279.1,3949.7,3,-1,5.0520613,435.6,35,0.68209021
1276.1,3949,-3,-0.7,5.0393189,436,35,0.68179828
1275.1,3948.2,-1,-0.8,5.0343498,436.3,35,0.68157933
1283.1,3947.1,8,-1.1,5.064524,436.7,35,0.6812874
1557,3936.8,273.9,-10.3,6.1295976,437.1,35,0.68099548
1843.1,3925.8,286.1,-11,7.235642,437.6,35,0.68063056
2127.2,3914.5,284.1,-11.3,8.3269244,438.2,35,0.68019267
2419.3,3902.5,292.1,-12,9.4413182,438.9,35,0.6796818
2415.3,3900.7,-4,-1.8,9.4213607,439.5,35,0.67924391
2412.2,3898.9,-3.1,-1.8,9.4049266,440.2,35,0.67873303
2416.2,3897,4,-1.9,9.4159314,440.9,35,0.67822216
2412.2,3895.5,-4,-1.5,9.3967251,441.6,35,0.67771128
2411.2,3894,-1,-1.5,9.3892128,442.2,35,0.67727339
2409.3,3892.6,-1.9,-1.4,9.3784412,442.9,35,0.67676252
2409.3,3891.2,0,-1.4,9.3750682,443.6,35,0.67625164
2410.2,3889.8,0.9,-1.4,9.375196,444.2,35,0.67581375
2409.2,3888.5,-1,-1.3,9.3681742,444.9,35,0.67530288
2411.3,3887.2,2.1,-1.3,9.3732054,445.6,35,0.674792
2410.3,3886,-1,-1.2,9.3664258,446.2,35,0.67435411
2336.3,3887.4,-74,1.4,9.0821326,446.9,35,0.67384323
2256.2,3889.1,-80.1,1.7,8.7745874,447.5,35,0.67340534
2185.2,3890.7,-71,1.6,8.5019576,448.1,35,0.67296745
2113.2,3892.3,-72,1.6,8.2252084,448.7,35,0.67252956
2038.3,3894.2,-74.9,1.9,7.9375479,449.3,35,0.67209167
1965.2,3896.1,-73.1,1.9,7.6566157,449.8,35,0.67172676
1887.1,3898.2,-78.1,2.1,7.3562932,450.4,35,0.67128886
1809.2,3900.5,-77.9,2.3,7.0567846,450.9,35,0.67092395
1745.2,3902.3,-64,1.8,6.810294,451.3,35,0.67063202
1666.2,3904.8,-79,2.5,6.5061778,451.8,35,0.67026711
1587.2,3907.3,-79,2.5,6.2016666,452.2,35,0.66997519
1512.1,3909.8,-75.1,2.5,5.9120086,452.7,35,0.66961028
1509.1,3909.8,-3,0,5.9002792,453.1,35,0.66931835
1514,3909.5,4.9,-0.3,5.918983,453.5,35,0.66902642
1513.2,3909.4,-0.8,-0.1,5.9157041,453.9,35,0.66873449
1508.2,3909.3,-5,-0.1,5.8960063,454.3,35,0.66844256
1511.1,3909,2.9,-0.3,5.9068899,454.8,35,0.66807765
1519,3908.6,7.9,-0.4,5.9371634,455.2,35,0.66778572
1511.1,3908.6,-7.9,0,5.9062855,455.6,35,0.6674938
1514.1,3908.3,3,-0.3,5.917557,456,35,0.66720187
1515.1,3908.1,1,-0.2,5.9211623,456.4,35,0.66690994
1514.1,3907.9,-1,-0.2,5.9169514,456.9,35,0.66654503
1514.1,3907.6,0,-0.3,5.9164972,457.3,35,0.6662531
1513,3907.5,-1.1,-0.1,5.9120475,457.7,35,0.66596117
1513.1,3907.2,0.1,-0.3,5.9119843,458.1,35,0.66566925
1512.1,3907,-1,-0.2,5.9077747,458.5,35,0.66537732
1509.1,3906.9,-3,-0.1,5.8959028,459,35,0.66501241
1517.1,3906.4,8,-0.5,5.9263994,459.4,35,0.66472048
1507.1,3906.5,-10,0.1,5.8874861,459.8,35,0.66442855
1509.1,3906.2,2,-0.3,5.8948464,460.2,35,0.66413662
1518,3905.7,8.9,-0.5,5.9288526,460.6,35,0.66384469
1508.1,3905.8,-9.9,0.1,5.890337,461.1,35,0.66347978
1511.1,3905.4,3,-0.4,5.9014499,461.5,35,0.66318786
1510.1,3905.2,-1,-0.2,5.8972425,461.9,35,0.66289593
1515.2,3904.8,5.1,-0.4,5.916553,462.3,35,0.662604
1514.1,3904.6,-1.1,-0.2,5.9119549,462.7,35,0.66231207
1510.1,3904.5,-4,-0.1,5.8961854,463.2,35,0.66194716
1506,3904.5,-4.1,0,5.880177,463.6,35,0.66165523
949.1,3923.6,-556.9,19.1,3.7238888,463.8,35,0.66150927
953.1,3924.1,4,0.5,3.7400597,464.1,35,0.66129032
954.1,3924.6,1,0.5,3.7444609,464.4,35,0.66107138
954.1,3924.9,0,0.3,3.7447471,464.6,35,0.66092541
952.1,3925.3,-2,0.4,3.7372781,464.9,35,0.66070647
956,3925.5,3.9,0.2,3.752778,465.2,35,0.66048752
952,3925.9,-4,0.4,3.7374568,465.4,35,0.66034156
949.1,3926.2,-2.9,0.3,3.7263564,465.7,35,0.66012261
954.1,3926.2,5,0,3.7459874,466,35,0.65990366
949,3926.6,-5.1,0.4,3.7263434,466.2,35,0.6597577
956,3926.5,7,-0.1,3.753734,466.5,35,0.65953875
950,3926.8,-6,0.3,3.73046,466.8,35,0.65931981
952,3926.9,2,0.1,3.7384088,467,35,0.65917384
950.1,3927.1,-1.9,0.2,3.7311377,467.3,35,0.6589549
951.1,3927.2,1,0.1,3.7351599,467.6,35,0.65873595
950.1,3927.3,-1,0.1,3.7313277,467.8,35,0.65858999
950.1,3927.4,0,0.1,3.7314227,468.1,35,0.65837104
2377.1,3877.9,1427,-49.5,9.2181561,468.7,35,0.65793315
2374.2,3875.8,-2.9,-2.1,9.2019244,469.4,35,0.65742227
2373.2,3874.1,-1,-1.7,9.1940141,470.1,35,0.6569114
2378.3,3872.4,5.1,-1.7,9.2097289,470.7,35,0.65647351
2376.2,3871.1,-2.1,-1.3,9.1985078,471.4,35,0.65596263
2380.3,3869.7,4.1,-1.4,9.2110469,472,35,0.65552474
2382.2,3868.5,1.9,-1.2,9.2155407,472.7,35,0.65501387
2375.2,3867.6,-7,-0.9,9.1863235,473.4,35,0.65450299
2379.2,3866.4,4,-1.2,9.1989389,474,35,0.6540651
2377.3,3865.5,-1.9,-0.9,9.1894532,474.7,35,0.65355423
2372.3,3864.6,-5,-0.9,9.1679906,475.3,35,0.65311633
2377.2,3863.5,4.9,-1.1,9.1843122,476,35,0.65260546
2376.2,3862.6,-1,-0.9,9.1783101,476.7,35,0.65209458
2380.1,3861.5,3.9,-1.1,9.1907562,477.3,35,0.65165669
2377.3,3860.8,-2.8,-0.7,9.1782798,478,35,0.65114582
2378.3,3859.9,1,-0.9,9.1800002,478.6,35,0.65070793
2379.3,3859,1,-0.9,9.1817187,479.3,35,0.65019705
2381.2,3858.1,1.9,-0.9,9.1869077,480,35,0.64968618
2380.2,3857.4,-1,-0.7,9.1813835,480.6,35,0.64924828
2379.2,3856.6,-1,-0.8,9.1756227,481.3,35,0.64873741
2375.2,3856,-4,-0.6,9.1587712,481.9,35,0.64829952
2375.2,3855.3,0,-0.7,9.1571086,482.6,35,0.64778864
2380.3,3854.4,5.1,-0.9,9.1746283,483.3,35,0.64727777
2378.3,3853.7,-2,-0.7,9.1652547,483.9,35,0.64683988
2372.2,3853.3,-6.1,-0.4,9.1407983,484.6,35,0.646329
2366.2,3852.8,-6,-0.5,9.1164954,485.2,35,0.64589111
2364.2,3852.2,-2,-0.6,9.1073712,485.9,35,0.64538024
2359.3,3851.7,-4.9,-0.5,9.0873158,486.6,35,0.64486936
2353.3,3851.3,-6,-0.4,9.0632643,487.2,35,0.64443147
2352.3,3850.7,-1,-0.6,9.0580016,487.9,35,0.6439206
2346.2,3850.4,-6.1,-0.3,9.0338085,488.5,35,0.6434827
2339.2,3850,-7,-0.4,9.00592,489.2,35,0.64297183
2334.3,3849.6,-4.9,-0.4,8.9861213,489.8,35.1,0.64253394
2331.3,3849.2,-3,-0.4,8.97364,490.5,35.1,0.64202306
2329.2,3848.7,-2.1,-0.5,8.964392,491.1,35.1,0.64158517
2323.2,3848.4,-6,-0.3,8.9406029,491.8,35.1,0.6410743
2320.2,3848,-3,-0.4,8.9281296,492.4,35.1,0.6406364
2325.3,3847.3,5.1,-0.7,8.9461267,493,35.1,0.64019851
2317.2,3847,-8.1,-0.3,8.9142684,493.7,35.1,0.63968764
2320.1,3846.4,2.9,-0.6,8.9240326,494.3,35.1,0.63924974
2321.2,3845.9,1.1,-0.5,8.9271031,495,35.1,0.63873887
2321.3,3845.4,0.1,-0.5,8.926327,495.6,35.1,0.63830098
1919.3,3859,-402,13.6,7.4065787,496.2,35.1,0.63786309
1517.2,3873.3,-402.1,14.3,5.8765708,496.6,35.1,0.63757116
1115.1,3888.2,-402.1,14.9,4.3357318,496.9,35.1,0.63735221
714.2,3903.5,-400.9,15.3,2.7878797,497.1,35.1,0.63720625
315.2,3919.2,-399,15.7,1.2353318,497.2,35.1,0.63713327
317,3921.3,1.8,2.1,1.2430521,497.3,35.1,0.63706028
311,3923.2,-6,1.9,1.2201152,497.3,35.1,0.63706028
316,3924.6,5,1.4,1.2401736,497.4,35.1,0.6369873
312.1,3926.2,-3.9,1.6,1.225367,497.5,35.1,0.63691432
315.1,3927.4,3,1.2,1.2375237,497.6,35.1,0.63684134
315.1,3928.7,0,1.3,1.2379334,497.7,35.1,0.63676835
312.1,3929.9,-3,1.2,1.2265218,497.8,35.1,0.63669537
310.1,3931.1,-2,1.2,1.2190341,497.9,35.1,0.63662239
310,3932.1,-0.1,1,1.218951,498,35.1,0.63654941
317,3932.8,7,0.7,1.2466976,498,35.1,0.63654941
314,3933.9,-3,1.1,1.2352446,498.1,35.1,0.63647643
316.1,3934.7,2.1,0.8,1.2437587,498.2,35.1,0.63640344
314.1,3935.6,-2,0.9,1.236172,498.3,35.1,0.63633046
318.1,3936.3,4,0.7,1.252137,498.4,35.1,0.63625748
312,3937.2,-6.1,0.9,1.2284064,498.5,35.1,0.6361845
318.9,3937.7,6.9,0.5,1.2557325,498.6,35.1,0.63611152
316.1,3938.5,-2.8,0.8,1.2449598,498.7,35.1,0.63603853
315.1,3939.2,-1,0.7,1.2412419,498.7,35.1,0.63603853
316.1,3939.8,1,0.6,1.2453708,498.8,35.1,0.63596555
311.1,3940.6,-5,0.8,1.2259207,498.9,35.1,0.63589257
312,3941.2,0.9,0.6,1.2296544,499,35.1,0.63581959
317.1,3941.6,5.1,0.4,1.2498814,499.1,35.1,0.63574661
318.1,3942.1,1,0.5,1.253982,499.2,35.1,0.63567362
311.1,3942.9,-7,0.8,1.2266362,499.3,35.1,0.63560064
309,3943.5,-2.1,0.6,1.2185415,499.4,35.1,0.63552766
313,3943.9,4,0.4,1.2344407,499.4,35.1,0.63552766
312,3944.4,-1,0.5,1.2306528,499.5,35.1,0.63545468
618.1,3934.2,306.1,-10.2,2.431729,499.7,35.1,0.63530871
913,3923.9,294.9,-10.3,3.5825207,500,35.1,0.63508977
1215.9,3912.8,302.9,-11.1,4.7575735,500.3,35.1,0.63487082
1513.1,3901.6,297.2,-11.2,5.903511,500.7,35.1,0.63457889
1814.2,3889.9,301.1,-11.7,7.0570566,501.2,35.1,0.63421398
1815.1,3888.4,0.9,-1.5,7.0578348,501.7,35.1,0.63384907
1822.2,3886.8,7.1,-1.6,7.082527,502.2,35.1,0.63348416
1811.2,3886,-11,-0.8,7.0383232,502.7,35.1,0.63311925
1820.1,3884.7,8.9,-1.3,7.0705425,503.2,35.1,0.63275434
1818.2,3883.7,-1.9,-1,7.0613433,503.7,35.1,0.63238943
1818.1,3882.8,-0.1,-0.9,7.0593187,504.2,35.1,0.63202452
1818.1,3881.9,0,-0.9,7.0576824,504.8,35.1,0.63158663
1817.2,3881.1,-0.9,-0.8,7.0527349,505.3,35.1,0.63122172
1820.1,3880.2,2.9,-0.9,7.062352,505.8,35.1,0.63085681
1811.2,3879.8,-8.9,-0.4,7.0270938,506.3,35.1,0.6304919
1815.2,3878.9,4,-0.9,7.0409793,506.8,35.1,0.63012699
1814.1,3878.3,-1.1,-0.6,7.035624,507.3,35.1,0.62976208
1816.2,3877.6,2.1,-0.7,7.0424971,507.8,35.1,0.62939717
1817.2,3876.9,1,-0.7,7.0451027,508.3,35.1,0.62903226
1815.1,3876.3,-2.1,-0.6,7.0358721,508.8,35.1,0.62866735
1821.2,3875.5,6.1,-0.8,7.0580606,509.3,35.1,0.62830244
1811.1,3875.2,-10.1,-0.3,7.0183747,509.8,35.1,0.62793753
1816.2,3874.5,5.1,-0.7,7.0368669,510.3,35.1,0.62757262
1813.2,3874.1,-3,-0.4,7.0245181,510.8,35.1,0.62720771
1821.1,3873.3,7.9,-0.8,7.0536666,511.3,35.1,0.6268428
1819.2,3872.8,-1.9,-0.5,7.0453978,511.8,35.1,0.62647789
1819.2,3872.3,0,-0.5,7.0444882,512.3,35.1,0.62611298
1817.2,3871.9,-2,-0.4,7.0360167,512.8,35.1,0.62574807
1816.2,3871.4,-1,-0.5,7.0312367,513.3,35.1,0.62538316
1818.1,3870.9,1.9,-0.5,7.0376833,513.8,35.1,0.62501825
1815.2,3870.5,-2.9,-0.4,7.0257316,514.3,35.1,0.62465334
1811.1,3870.2,-4.1,-0.3,7.0093192,514.8,35.1,0.62428843
1817.1,3869.5,6,-0.7,7.0312684,515.3,35.1,0.62392351
1811.2,3869.3,-5.9,-0.2,7.0080762,515.8,35.1,0.6235586
1814.1,3868.8,2.9,-0.5,7.0183901,516.4,35.1,0.62312071
1821.2,3868.1,7.1,-0.7,7.0445837,516.9,35.1,0.6227558
1820.2,3867.7,-1,-0.4,7.0399875,517.4,35.1,0.62239089
1817.2,3867.4,-3,-0.3,7.0278393,517.9,35.1,0.62202598
1819.1,3867,1.9,-0.4,7.0344597,518.4,35.1,0.62166107
1796.2,3867.4,-22.9,0.4,6.9466239,518.9,35.1,0.62129616
1776.2,3867.7,-20,0.3,6.8698087,519.4,35.1,0.62093125
1754.3,3868.2,-21.9,0.5,6.7859833,519.9,35.1,0.62056634
1726.1,3868.8,-28.2,0.6,6.6779357,520.3,35.1,0.62027441
1709.1,3869.2,-17,0.4,6.6128497,520.8,35.1,0.6199095
1709.1,3869,0,-0.2,6.6125079,521.3,35.1,0.61954459
1707.1,3868.8,-2,-0.2,6.6044285,521.8,35.1,0.61917968
1706.1,3868.6,-1,-0.2,6.6002185,522.2,35.1,0.61888775
1705.1,3868.4,-1,-0.2,6.5960088,522.7,35.1,0.61852284
1707.1,3868.1,2,-0.3,6.6032335,523.2,35.1,0.61815793
1705.1,3867.9,-2,-0.2,6.5951563,523.7,35.1,0.61779302
1707.1,3867.6,2,-0.3,6.60238,524.1,35.1,0.61750109
1708.1,3867.3,1,-0.3,6.6057351,524.6,35.1,0.61713618
1711.1,3866.9,3,-0.4,6.6166526,525.1,35.1,0.61677127
1710.1,3866.7,-1,-0.2,6.6124437,525.6,35.1,0.61640636
1708.1,3866.5,-2,-0.2,6.6043686,526,35.1,0.61611444
1700.2,3866.6,-7.9,0.1,6.5739933,526.5,35.1,0.61574953
1707.1,3866.1,6.9,-0.5,6.5998193,527,35.1,0.61538462
1712.1,3865.7,5,-0.4,6.618465,527.4,35.1,0.61509269
1710.2,3865.5,-1.9,-0.2,6.6107781,527.9,35.1,0.61472778
1708.1,3865.3,-2.1,-0.2,6.6023189,528.4,35.1,0.61436287
1703.1,3865.3,-5,0,6.5829924,528.9,35.1,0.61399796
1709.2,3864.8,6.1,-0.5,6.6057162,529.3,35.1,0.61370603
1708.1,3864.6,-1.1,-0.2,6.6011233,529.8,35.1,0.61334112
1703.1,3864.5,-5,-0.1,6.5816299,530.3,35.1,0.61297621
1705.2,3864.2,2.1,-0.3,6.5892338,530.8,35.1,0.6126113
1703.1,3864.1,-2.1,-0.1,6.5809487,531.2,35.1,0.61231937
1705.1,3863.8,2,-0.3,6.5881654,531.7,35.1,0.61195446
1684.2,3864.3,-20.9,0.5,6.5082541,532.2,35.1,0.61158955
1663.1,3864.8,-21.1,0.5,6.4275489,532.6,35.1,0.61129762
1646.2,3865.2,-16.9,0.4,6.3628922,533.1,35.1,0.61093271
1618.1,3866.1,-28.1,0.9,6.2557364,533.6,35.1,0.6105678
1601.1,3866.6,-17,0.5,6.1908133,534,35.1,0.61027587
1577.2,3867.3,-23.9,0.7,6.0995056,534.4,35.1,0.60998394
1557.1,3868,-20.1,0.7,6.0228628,534.9,35.1,0.60961903
1536.1,3868.6,-21,0.6,5.9425565,535.3,35.1,0.60932711
1507.2,3869.6,-28.9,1,5.8322611,535.7,35.1,0.60903518
1488.2,3870.2,-19,0.6,5.7596316,536.1,35.1,0.60874325
1468.2,3871,-20,0.8,5.6834022,536.5,35.1,0.60845132
1444.2,3871.8,-24,0.8,5.5916536,536.9,35.1,0.60815939
1440.1,3872,-4.1,0.2,5.5760672,537.3,35.1,0.60786746
1450.2,3871.7,10.1,-0.3,5.6147393,537.7,35.1,0.60757554
1444.1,3871.9,-6.1,0.2,5.5914108,538.1,35.1,0.60728361
1445.2,3871.8,1.1,-0.1,5.5955254,538.5,35.1,0.60699168
1442.2,3871.9,-3,0.1,5.5840542,538.9,35.1,0.60669975
1441.1,3871.9,-1.1,0,5.5797951,539.3,35.1,0.60640782
1450.1,3871.6,9,-0.3,5.6142072,539.7,35.1,0.6061159
1439.2,3871.9,-10.9,0.3,5.5724385,540.1,35.1,0.60582397
1444.1,3871.7,4.9,-0.2,5.591122,540.5,35.1,0.60553204
1444.2,3871.6,0.1,-0.1,5.5913647,540.9,35.1,0.60524011
1448.1,3871.4,3.9,-0.2,5.6061743,541.3,35.1,0.60494818
1447.1,3871.4,-1,0,5.6023029,541.7,35.1,0.60465625
1446.2,3871.4,-0.9,0,5.5988187,542.2,35.1,0.60429134
1446.1,3871.3,-0.1,-0.1,5.5982869,542.6,35.1,0.60399942
1446.1,3871.2,0,-0.1,5.5981423,543,35.1,0.60370749
1451.1,3871,5,-0.2,5.6172081,543.4,35.1,0.60341556
1442.1,3871.2,-9,0.2,5.5826575,543.8,35.1,0.60312363
1443.2,3871.1,1.1,-0.1,5.5867715,544.2,35.1,0.6028317
1445.1,3870.9,1.9,-0.2,5.5938376,544.6,35.1,0.60253978
1446.1,3870.8,1,-0.1,5.5975639,545,35.1,0.60224785
1446.1,3870.7,0,-0.1,5.5974193,545.4,35.1,0.60195592
1444.1,3870.7,-2,0,5.5896779,545.8,35.1,0.60166399
1442.1,3870.7,-2,0,5.5819365,546.2,35.1,0.60137206
1483.1,3869.2,41,-1.5,5.7384105,546.6,35.1,0.60108013
1519.2,3867.8,36.1,-1.4,5.8759618,547,35.1,0.60078821
1563,3866,43.8,-1.8,6.042558,547.4,35.1,0.60049628
1596.2,3864.6,33.2,-1.4,6.1686745,547.9,35.1,0.60013137
1637.1,3862.9,40.9,-1.7,6.3239536,548.3,35.1,0.59983944
1679.1,3861.1,42,-1.8,6.483173,548.8,35.1,0.59947453
1717.2,3859.4,38.1,-1.7,6.6273617,549.3,35.1,0.59910962
1752.1,3857.7,34.9,-1.7,6.7590762,549.8,35.1,0.59874471
1790.2,3855.9,38.1,-1.8,6.9028322,550.3,35.1,0.5983798
1832.1,3854,41.9,-1.9,7.0609134,550.8,35.1,0.59801489
1866.2,3852.3,34.1,-1.7,7.1891623,551.3,35.1,0.59764998
1906.1,3850.3,39.9,-2,7.3390568,551.8,35.1,0.59728507
1942.1,3848.5,36,-1.8,7.4741718,552.4,35.1,0.59684718
1951.2,3847.6,9.1,-0.9,7.5074371,552.9,35.1,0.59648227
1945.1,3847.2,-6.1,-0.4,7.4831887,553.4,35.1,0.59611736
1944.1,3846.8,-1,-0.4,7.4785639,554,35.1,0.59567946
1942.2,3846.3,-1.9,-0.5,7.4702839,554.5,35.1,0.59531455
1940.2,3845.9,-2,-0.4,7.4618152,555.1,35.1,0.59487666
1946.2,3845.2,6,-0.7,7.4835282,555.6,35.1,0.59451175
1942.1,3844.9,-4.1,-0.3,7.4671803,556.1,35.1,0.59414684
1946.2,3844.3,4.1,-0.6,7.4817767,556.7,35.1,0.59370895
1946.1,3843.9,-0.1,-0.4,7.4806138,557.2,35.1,0.59334404
1944.2,3843.5,-1.9,-0.4,7.4725327,557.8,35.1,0.59290615
1946.2,3843,2,-0.5,7.4792466,558.3,35.1,0.59254123
1943.1,3842.7,-3.1,-0.3,7.4667504,558.8,35.1,0.59217632
1946.2,3842.1,3.1,-0.6,7.477495,559.4,35.1,0.59173843
1941.2,3841.9,-5,-0.2,7.4578963,559.9,35.1,0.59137352
1944.1,3841.5,2.9,-0.4,7.4682601,560.5,35.1,0.59093563
1948.2,3840.9,4.1,-0.6,7.4828414,561,35.1,0.59057072
1965.1,3839.9,16.9,-1,7.5457875,561.5,35.1,0.59020581
1968.1,3839.4,3,-0.5,7.5563231,562.1,35.1,0.58976792
1984.2,3838.5,16.1,-0.9,7.6163517,562.6,35.1,0.58940301
2001,3837.4,16.8,-1.1,7.6786374,563.2,35.1,0.58896511
2012.1,3836.6,11.1,-0.8,7.7196229,563.8,35.1,0.58852722
2026.2,3835.7,14.1,-0.9,7.7718953,564.3,35.1,0.58816231
2039.2,3834.8,13,-0.9,7.8199242,564.9,35.1,0.58772442
2054.2,3833.9,15,-0.9,7.8755974,565.5,35.2,0.58728653
2068.3,3832.8,14.1,-1.1,7.9273802,566,35.2,0.58692162
2081.2,3831.9,12.9,-0.9,7.9749503,566.6,35.2,0.58648373
2094.2,3831.1,13,-0.8,8.0230896,567.2,35.2,0.58604583
2095.3,3830.5,1.1,-0.6,8.0260466,567.8,35.2,0.58560794
2092.3,3830.1,-3,-0.4,8.0137182,568.4,35.2,0.58517005
2097.1,3829.5,4.8,-0.6,8.0308445,568.9,35.2,0.58480514
2092.2,3829.2,-4.9,-0.3,8.0114522,569.5,35.2,0.58436725
2092.2,3828.8,0,-0.4,8.0106154,570.1,35.2,0.58392935
2094.2,3828.3,2,-0.5,8.0172259,570.7,35.2,0.58349146
2098.2,3827.7,4,-0.6,8.0312801,571.3,35.1,0.58305357
2098.3,3827.4,0.1,-0.3,8.0310334,571.8,35.1,0.58268866
2093.2,3827.1,-5.1,-0.3,8.0108857,572.4,35.2,0.58225077
2101.2,3826.4,8,-0.7,8.0400317,573,35.2,0.58181287
2092.3,3826.3,-8.9,-0.1,8.0057675,573.6,35.2,0.58137498
2095.1,3825.9,2.8,-0.4,8.0156431,574.2,35.1,0.58093709
2091.2,3825.6,-3.9,-0.3,8.0000947,574.8,35.1,0.5804992
2095.2,3825.1,4,-0.5,8.0143495,575.3,35.1,0.58013429
2089.2,3824.9,-6,-0.2,7.9909811,575.9,35.1,0.57969639
2091.2,3824.5,2,-0.4,7.9977944,576.5,35.1,0.5792585
2095.2,3824,4,-0.5,8.0120448,577.1,35.1,0.57882061
2094.2,3823.7,-1,-0.3,8.0075925,577.7,35.1,0.57838272
2095.2,3823.3,1,-0.4,8.0105782,578.2,35.1,0.57801781
2092.3,3823.1,-2.9,-0.2,7.9990721,578.8,35.1,0.57757992
2100.3,3822.4,8,-0.7,8.0281867,579.4,35.1,0.57714202
2099.1,3822.1,-1.2,-0.3,8.0229701,580,35.1,0.57670413
2102.3,3821.6,3.2,-0.5,8.0341497,580.6,35.1,0.57626624
2100.2,3821.4,-2.1,-0.2,8.0257043,581.2,35.1,0.57582835
2103.2,3820.9,3,-0.5,8.0361169,581.7,35.1,0.57546344
2110.3,3820.3,7.1,-0.6,8.0619791,582.3,35.1,0.57502554
2106.2,3820.1,-4.1,-0.2,8.0458946,582.9,35.1,0.57458765
2109.3,3819.7,3.1,-0.4,8.0568932,583.5,35.2,0.57414976
2108.2,3819.4,-1.1,-0.3,8.0520591,584.1,35.2,0.57371187
2101.2,3819.3,-7,-0.1,8.0251132,584.7,35.2,0.57327397
2103.2,3818.9,2,-0.4,8.0319105,585.3,35.2,0.57283608
2107.2,3818.5,4,-0.4,8.0463432,585.8,35.2,0.57247117
2103.3,3818.2,-3.9,-0.3,8.0308201,586.4,35.2,0.57203328
2109.1,3817.7,5.8,-0.5,8.0519111,587,35.2,0.57159539
2107.3,3817.4,-1.8,-0.3,8.044407,587.6,35.2,0.5711575
2108.2,3817.1,0.9,-0.3,8.0472102,588.2,35.2,0.5707196
2105.3,3816.9,-2.9,-0.2,8.0357196,588.8,35.2,0.57028171
2110.2,3816.4,4.9,-0.5,8.0533673,589.4,35.2,0.56984382
2099.3,3816.5,-10.9,0.1,8.0119784,589.9,35.2,0.56947891
2104.2,3816,4.9,-0.5,8.0296272,590.5,35.2,0.56904102
2108.2,3815.6,4,-0.4,8.0440479,591.1,35.2,0.56860312
2106.2,3815.3,-2,-0.3,8.0357849,591.7,35.2,0.56816523
2104.1,3815.1,-2.1,-0.2,8.0273519,592.3,35.2,0.56772734
2107.2,3814.7,3.1,-0.4,8.0383358,592.9,35.2,0.56728945
2102.1,3814.6,-5.1,-0.1,8.0186707,593.4,35.2,0.56692454
2104.2,3814.2,2.1,-0.4,8.0258396,594,35.2,0.56648664
2110.2,3813.7,6,-0.5,8.0476697,594.6,35.2,0.56604875
2106.2,3813.5,-4,-0.2,8.0319937,595.2,35.2,0.56561086
2105.2,3813.3,-1,-0.2,8.0277592,595.8,35.2,0.56517297
2100.2,3813.2,-5,-0.1,8.0084826,596.4,35.2,0.56473508
2110.3,3812.6,10.1,-0.6,8.0457298,597,35.2,0.56429718
2104.2,3812.5,-6.1,-0.1,8.0222625,597.5,35.2,0.56393227
2097.3,3812.4,-6.9,-0.1,7.9957465,598.1,35.2,0.56349438
2108.2,3811.8,10.9,-0.6,8.0360368,598.7,35.2,0.56305649
2107.2,3811.6,-1,-0.2,8.0318035,599.3,35.2,0.5626186
2112.3,3811.1,5.1,-0.5,8.0501865,599.9,35.2,0.5621807
1629.1,3827.7,-483.2,16.6,6.2357061,600.3,35.2,0.56188878
1159.1,3844.6,-470,16.9,4.4562759,600.7,35.2,0.56159685
679.1,3862.5,-480,17.9,2.6230238,600.8,35.2,0.56152387
206.1,3880.7,-473,18.2,0.79981227,600.9,35.2,0.56145088
-269,3899.4,-475.1,18.7,-1.0489386,600.8,35.2,0.56152387
-267,3902,2,2.6,-1.041834,600.8,35.2,0.56152387
-267,3904.3,0,2.3,-1.0424481,600.7,35.2,0.56159685
-263.1,3906.3,3.9,2,-1.0277475,600.6,35.2,0.56166983
-269,3908.5,-5.9,2.2,-1.0513865,600.5,35.2,0.56174281
-262,3910,7,1.5,-1.02442,600.5,35.2,0.56174281
-269.1,3911.9,-7.1,1.9,-1.0526923,600.4,35.2,0.56181579
-270.1,3913.6,-1,1.7,-1.0570634,600.3,35.2,0.56188878
-269,3915.1,1.1,1.5,-1.0531619,600.2,35.2,0.56196176
-269,3916.6,0,1.5,-1.0535654,600.2,35.2,0.56196176
-46,3910.2,223,-6.4,-0.1798692,600.1,35.2,0.56203474
169.1,3903.8,215.1,-6.4,0.66013258,600.2,35.2,0.56196176
395.1,3896.6,226,-7.2,1.5395467,600.3,35.2,0.56188878
611,3889.4,215.9,-7.2,2.3764234,600.5,35.2,0.56174281
827.9,3881.9,216.9,-7.5,3.213825,600.7,35.2,0.56159685
1050,3873.9,222.1,-8,4.067595,601,35.2,0.5613779
1272.1,3865.7,222.1,-8.2,4.917557,601.3,35.2,0.56115895
1489,3857.5,216.9,-8.2,5.7438175,601.8,35.2,0.56079404
1705.1,3849,216.1,-8.5,6.5629299,602.2,35.2,0.56050212
1928.1,3840.1,223,-8.9,7.4040968,602.8,35.2,0.56006422
2150.1,3831.1,222,-9,8.2372481,603.4,35.2,0.55962633
2145.3,3829.7,-4.8,-1.4,8.2158554,604,35.2,0.55918844
2150.1,3828.2,4.8,-1.5,8.2310128,604.6,35.2,0.55875055
2149.3,3827,-0.8,-1.2,8.2253711,605.2,35.2,0.55831266
2146.2,3826,-3.1,-1,8.2113612,605.8,35.2,0.55787476
2148.3,3824.8,2.1,-1.2,8.2168178,606.3,35.2,0.55750985
2150.1,3823.7,1.8,-1.1,8.2213374,606.9,35.2,0.55707196
2153.3,3822.7,3.2,-1,8.2314199,607.5,35.2,0.55663407
2148.2,3821.9,-5.1,-0.8,8.2102056,608.1,35.2,0.55619618
2148.2,3821.1,0,-0.8,8.208487,608.7,35.2,0.55575828
2174.3,3819.3,26.1,-1.8,8.304304,609.3,35.2,0.55532039
2207.1,3817.3,32.8,-2,8.4251628,610,35.2,0.55480952
2234.1,3815.5,27,-1.8,8.5242086,610.6,35.2,0.55437162
2257.1,3813.9,23,-1.6,8.6083537,611.2,35.2,0.55393373
2291.2,3811.9,34.1,-2,8.7338253,611.8,35.2,0.55349584
2323.1,3809.9,31.9,-2,8.8507787,612.5,35.2,0.55298497
2346.2,3808.2,23.1,-1.7,8.9347988,613.1,35.2,0.55254707
2372.3,3806.4,26.1,-1.8,9.0299227,613.8,35.2,0.5520362
2403,3804.5,30.7,-1.9,9.1422135,614.5,35.2,0.55152532
2434.2,3802.5,31.2,-2,9.2560455,615.1,35.2,0.55108743
2432.2,3801.7,-2,-0.8,9.2464947,615.8,35.2,0.55057656
2425.2,3801.1,-7,-0.6,9.2184277,616.5,35.2,0.55006568
2433.3,3800,8.1,-1.1,9.24654,617.2,35.2,0.54955481
2434.2,3799.2,0.9,-0.8,9.2480126,617.8,35.2,0.54911692
2426.4,3798.7,-7.8,-0.5,9.2171657,618.5,35.2,0.54860604
2432.2,3797.8,5.8,-0.9,9.2370092,619.2,35.2,0.54809517
2435.2,3797,3,-0.8,9.2464544,619.9,35.2,0.54758429
2427.3,3796.6,-7.9,-0.4,9.2154872,620.5,35.2,0.5471464
2433.2,3795.7,5.9,-0.9,9.2356972,621.2,35.2,0.54663553
2432.3,3795,-0.9,-0.7,9.2305785,621.9,35.2,0.54612465
2428.3,3794.5,-4,-0.5,9.2141844,622.6,35.2,0.54561378
2427.2,3794,-1.1,-0.5,9.2087968,623.2,35.2,0.54517589
2390.3,3794.6,-36.9,0.6,9.0702324,623.9,35.2,0.54466501
2388.2,3794.2,-2.1,-0.4,9.0613084,624.6,35.2,0.54415414
2392.3,3793.5,4.1,-0.7,9.07519,625.2,35.2,0.54371625
2384.3,3793.2,-8,-0.3,9.0441268,625.9,35.2,0.54320537
2393.1,3792.4,8.8,-0.8,9.0755924,626.6,35.2,0.5426945
2385.3,3792.2,-7.8,-0.2,9.0455347,627.2,35.2,0.5422566
2383.2,3791.7,-2.1,-0.5,9.0363794,627.9,35.2,0.54174573
2386.2,3791.1,3,-0.6,9.0463228,628.5,35.2,0.54130784
2383.3,3790.8,-2.9,-0.3,9.0346136,629.2,35.2,0.54079696
2387.2,3790.1,3.9,-0.7,9.0477267,629.9,35.2,0.54028609
2387.2,3789.6,0,-0.5,9.0465331,630.5,35.2,0.5398482
2386.3,3789.2,-0.9,-0.4,9.042168,631.2,35.2,0.53933732
2385.1,3788.8,-1.2,-0.4,9.0366669,631.9,35.2,0.53882645
2388.2,3788.2,3.1,-0.6,9.0469792,632.5,35.2,0.53838856
2389.3,3787.8,1.1,-0.4,9.0501905,633.2,35.2,0.53787768
2388.1,3787.4,-1.2,-0.4,9.0446899,633.9,35.2,0.53736681
176.4,3864,-2211.7,76.6,0.6816096,633.9,35.2,0.53736681
174.1,3867.1,-2.3,3.1,0.67326211,633.9,35.2,0.53736681
529.1,3857.2,355,-9.9,2.0408445,634.1,35.2,0.53722084
883,3846.3,353.9,-10.9,3.3962829,634.3,35.2,0.53707488
1239.9,3834.7,356.9,-11.6,4.7546445,634.7,35.2,0.53678295
1601.1,3822.4,361.2,-12.3,6.1200446,635.1,35.2,0.53649102
1960.1,3809.6,359,-12.8,7.467197,635.7,35.2,0.53605313
1960.2,3808.9,0.1,-0.7,7.4662058,636.2,35.2,0.53568822
1959.2,3808.4,-1,-0.5,7.4614173,636.8,35.2,0.53525033
1953.1,3808.1,-6.1,-0.3,7.4376001,637.3,35.2,0.53488542
1959.2,3807.5,6.1,-0.6,7.459654,637.8,35.2,0.53452051
1957.1,3807.3,-2.1,-0.2,7.4512668,638.4,35.2,0.53408262
1957.2,3806.9,0.1,-0.4,7.4508647,638.9,35.2,0.53371771
1956.1,3806.6,-1.1,-0.3,7.4460903,639.5,35.2,0.53327981
1961.2,3806.1,5.1,-0.5,7.4645233,640,35.2,0.5329149
1955.2,3806,-6,-0.1,7.4414912,640.6,35.2,0.53247701
1954.2,3805.8,-1,-0.2,7.4372944,641.1,35.2,0.5321121
1953.1,3805.6,-1.1,-0.2,7.4327174,641.7,35.2,0.53167421
1956.2,3805.2,3.1,-0.4,7.4437322,642.2,35.2,0.5313093
1956.2,3804.9,0,-0.3,7.4431454,642.7,35.2,0.53094439
1961.1,3804.5,4.9,-0.4,7.461005,643.3,35.2,0.5305065
1951.2,3804.6,-9.9,0.1,7.4235355,643.8,35.2,0.53014159
1954.2,3804.3,3,-0.3,7.4343631,644.4,35.2,0.52970369
1958.1,3803.9,3.9,-0.4,7.4484166,644.9,35.2,0.52933878
1958.2,3803.6,0.1,-0.3,7.4482095,645.5,35.2,0.52890089
1956.2,3803.5,-2,-0.1,7.4404067,646,35.2,0.52853598
2018.1,3801.1,61.9,-2.4,7.6709999,646.6,35.2,0.52809809
2072.3,3798.9,54.2,-2.2,7.8724605,647.1,35.2,0.52773318
2074.2,3798.4,1.9,-0.5,7.8786413,647.7,35.2,0.52729529
2072.2,3798.2,-2,-0.2,7.87063,648.3,35.2,0.52685739
2075.2,3797.7,3,-0.5,7.880987,648.9,35.2,0.5264195
2071.2,3797.5,-4,-0.2,7.865382,649.4,35.2,0.52605459
2070.2,3797.2,-1,-0.3,7.8609634,650,35.2,0.5256167
2073.3,3796.8,3.1,-0.4,7.8719054,650.6,35.2,0.52517881
2077.2,3796.4,3.9,-0.4,7.8858821,651.2,35.2,0.52474091
2077.2,3796.1,0,-0.3,7.8852589,651.7,35.2,0.524376
2077.2,3795.8,0,-0.3,7.8846358,652.3,35.2,0.52393811
2072.3,3795.6,-4.9,-0.2,7.8656219,652.9,35.2,0.52350022
2073.1,3795.3,0.8,-0.3,7.8680364,653.5,35.2,0.52306233
2075.2,3795,2.1,-0.3,7.875384,654,35.2,0.52269742
2076.2,3794.6,1,-0.4,7.8783485,654.6,35.2,0.52225952
2076.2,3794.4,0,-0.2,7.8779333,655.2,35.2,0.52182163
2078.2,3794,2,-0.4,7.8846908,655.8,35.2,0.52138374
2078.2,3793.7,0,-0.3,7.8840673,656.4,35.2,0.52094585
2074.2,3793.6,-4,-0.1,7.8686851,656.9,35.2,0.52058094
2074.1,3793.3,-0.1,-0.3,7.8676835,657.5,35.2,0.52014304
2075.3,3793,1.2,-0.3,7.8716129,658.1,35.2,0.51970515
2077.1,3792.7,1.8,-0.3,7.8778172,658.7,35.2,0.51926726
2073.2,3792.6,-3.9,-0.1,7.8628183,659.2,35.2,0.51890235
2074.2,3792.3,1,-0.3,7.8659887,659.8,35.2,0.51846446
2072.2,3792.1,-2,-0.2,7.8579896,660.4,35.2,0.51802657
2076.2,3791.7,4,-0.4,7.8723275,661,35.2,0.51758867
2071.2,3791.6,-5,-0.1,7.8531619,661.5,35.2,0.51722376
2076.2,3791.2,5,-0.4,7.8712894,662.1,35.2,0.51678587
2077.2,3791,1,-0.2,7.8746652,662.7,35.2,0.51634798
2073.2,3790.8,-4,-0.2,7.8590866,663.3,35.2,0.51591009
2072.3,3790.6,-0.9,-0.2,7.8552604,663.8,35.2,0.51554518
2080.1,3790.1,7.8,-0.5,7.883787,664.4,35.2,0.51510728
2075.2,3790.1,-4.9,0,7.8652155,665,35.2,0.51466939
2072.2,3790,-3,-0.1,7.853638,665.6,35.2,0.5142315
2073.2,3789.7,1,-0.3,7.856806,666.2,35.2,0.51379361
2079.2,3789.2,6,-0.5,7.8785046,666.7,35.2,0.5134287
2072.2,3789.2,-7,0,7.8519802,667.3,35.3,0.5129908
1903.2,3794.9,-169,5.7,7.2224537,667.8,35.3,0.51262589
1729.1,3801,-174.1,6.1,6.5723091,668.3,35.3,0.51226098
1555.1,3807.2,-174,6.2,5.9205767,668.7,35.3,0.51196906
1376.1,3813.9,-179,6.7,5.2483078,669.1,35.3,0.51167713
1213,3820.1,-163.1,6.2,4.6337813,669.5,35.3,0.5113852
1035.1,3827.1,-177.9,7,3.9614312,669.8,35.3,0.51116625
862.1,3834.1,-173,7,3.3053776,670,35.3,0.51102029
688,3841.1,-174.1,7,2.6426768,670.2,35.3,0.51087432
513.1,3848.4,-174.9,7.3,1.974614,670.3,35.3,0.51080134
341,3855.6,-172.1,7.2,1.3147596,670.4,35.3,0.51072836
170.2,3863,-170.8,7.4,0.6574826,670.5,35.3,0.51065538
-2,3870.4,-172.2,7.4,-0.0077408,670.5,35.3,0.51065538
-178,3878.2,-176,7.8,-0.6903196,670.4,35.3,0.51072836
-173.1,3879.8,4.9,1.6,-0.67159338,670.4,35.3,0.51072836
-173,3881.4,0.1,1.6,-0.6714822,670.3,35.3,0.51080134
-176,3883,-3,1.6,-0.683408,670.3,35.3,0.51080134
-178.1,3884.5,-2.1,1.5,-0.69182945,670.2,35.3,0.51087432
-177,3885.9,1.1,1.4,-0.6878043,670.2,35.3,0.51087432
-171.2,3886.9,5.8,1,-0.66543728,670.1,35.3,0.51094731
-178.1,3888.4,-6.9,1.5,-0.69252404,670.1,35.3,0.51094731
-169.1,3889.2,9,0.8,-0.65766372,670,35.3,0.51102029
-178,3890.7,-8.9,1.5,-0.6925446,670,35.2,0.51102029
-175,3891.7,3,1,-0.6810475,669.9,35.2,0.51109327
-178.1,3892.8,-3.1,1.1,-0.69330768,669.9,35.2,0.51109327
-181,3894,-2.9,1.2,-0.704814,669.8,35.2,0.51116625
-176,3894.8,5,0.8,-0.6854848,669.8,35.2,0.51116625
-176.1,3895.7,-0.1,0.9,-0.68603277,669.7,35.2,0.51123924
-178,3896.7,-1.9,1,-0.6936126,669.7,35.2,0.51123924
-173.1,3897.4,4.9,0.7,-0.67463994,669.6,35.2,0.51131222
-176.1,3898.4,-3,1,-0.68650824,669.6,35.2,0.51131222
462.1,3877.3,638.2,-21.1,1.7917003,669.7,35.2,0.51123924
1103,3855,640.9,-22.3,4.252065,670,35.2,0.51102029
1103,3854,0,-1,4.250962,670.3,35.2,0.51080134
838.1,3862.4,-264.9,8.4,3.2370774,670.6,35.2,0.5105824
566.1,3871.6,-272,9.2,2.1917128,670.7,35.2,0.51050941
573.1,3871.5,7,-0.1,2.2187567,670.9,35.2,0.51036345
569.2,3871.9,-3.9,0.4,2.2038855,671,35.2,0.51029047
568,3872.1,-1.2,0.2,2.1993528,671.2,35.2,0.5101445
570.1,3872.2,2.1,0.1,2.2075412,671.4,35.2,0.50999854
565,3872.5,-5.1,0.3,2.1879625,671.5,35.2,0.50992556
566.1,3872.6,1.1,0.1,2.1922789,671.7,35.2,0.50977959
569,3872.7,2.9,0.1,2.2035663,671.8,35.2,0.50970661
571.9,3872.7,2.9,0,2.2147971,672,35.2,0.50956065
567,3873,-4.9,0.3,2.195991,672.1,35.2,0.50948767
569,3873,2,0,2.203737,672.3,35.2,0.5093417
567.1,3873.3,-1.9,0.3,2.1965484,672.5,35.2,0.50919574
564,3873.5,-3.1,0.2,2.184654,672.6,35.2,0.50912276
573.1,3873.3,9.1,-0.2,2.2197882,672.8,35.2,0.50897679
568,3873.6,-5.1,0.3,2.2002048,672.9,35.2,0.50890381
567.1,3873.8,-0.9,0.2,2.196832,673.1,35.2,0.50875785
568,3873.8,0.9,0,2.2003184,673.2,35.2,0.50868486
563,3874.1,-5,0.3,2.1811183,673.4,35.2,0.5085389
568,3874.1,5,0,2.2004888,673.6,35.2,0.50839294
566.1,3874.3,-1.9,0.2,2.1932412,673.7,35.2,0.50831995
569.1,3874.3,3,0,2.2048641,673.9,35.2,0.50817399
569,3874.4,-0.1,0.1,2.2045336,674,35.2,0.50810101
567.2,3874.5,-1.8,0.1,2.1976164,674.2,35.2,0.50795504
567.1,3874.7,-0.1,0.2,2.1973424,674.4,35.2,0.50780908
567,3874.8,-0.1,0.1,2.1970116,674.5,35.2,0.5077361
566.1,3874.9,-0.9,0.1,2.1935809,674.7,35.2,0.50759013
570.1,3874.8,4,-0.1,2.2090235,674.8,35.2,0.50751715
710,3870.1,139.9,-4.7,2.747771,675,35.2,0.50737119
849,3865.2,139,-4.9,3.2815548,675.3,35.2,0.50715224
994,3859.9,145,-5.3,3.8367406,675.5,35.2,0.50700628
1135,3854.5,141,-5.4,4.3748575,675.8,35.2,0.50678733
1279,3848.9,144,-5.6,4.9227431,676.2,35.2,0.5064954
1272.1,3848.4,-6.9,-0.5,4.8955496,676.6,35.2,0.50620347
1281,3847.5,8.9,-0.9,4.9286475,676.9,35.2,0.50598453
1276.1,3847,-4.9,-0.5,4.9091567,677.3,35.2,0.5056926
1281.1,3846.3,5,-0.7,4.9274949,677.6,35.2,0.50547365
1284,3845.6,2.9,-0.7,4.9377504,678,35.2,0.50518173
1275.1,3845.4,-8.9,-0.2,4.9032695,678.3,35.2,0.50496278
1274,3845,-1.1,-0.4,4.89853,678.7,35.2,0.50467085
1277,3844.5,3,-0.5,4.9094265,679,35.2,0.5044519
1273.1,3844.1,-3.9,-0.4,4.8939237,679.4,35.2,0.50415998
1276,3843.6,2.9,-0.5,4.9044336,679.8,35.2,0.50386805
1373.1,3839.9,97.1,-3.7,5.2725667,680.1,35.2,0.5036491
1459.1,3836.3,86,-3.6,5.5975453,680.5,35.2,0.50335717
1463,3835.6,3.9,-0.7,5.6114828,680.9,35.2,0.50306525
1468.2,3834.8,5.2,-0.8,5.6302534,681.4,35.2,0.50270034
1469,3834.2,0.8,-0.6,5.6324398,681.8,35.2,0.50240841
1466.2,3833.8,-2.8,-0.4,5.6211176,682.2,35.2,0.50211648
1475.1,3833,8.9,-0.8,5.6540583,682.6,35.2,0.50182455
1470.1,3832.7,-5,-0.3,5.6344523,683,35.2,0.50153262
1463.2,3832.5,-6.9,-0.2,5.607714,683.4,35.2,0.50124069
1472,3831.7,8.8,-0.8,5.6402624,683.8,35.2,0.50094877
1467.2,3831.4,-4.8,-0.3,5.6214301,684.2,35.2,0.50065684
1464.1,3831.1,-3.1,-0.3,5.6091135,684.6,35.2,0.50036491
1464.2,3830.7,0.1,-0.4,5.6089109,685,35.2,0.50007298
1467.1,3830.2,2.9,-0.5,5.6192864,685.4,35.2,0.49978105
1460.2,3830,-6.9,-0.2,5.592566,685.8,35.2,0.49948913
1467.1,3829.4,6.9,-0.6,5.6181127,686.2,35.2,0.4991972
1464.1,3829.1,-3,-0.3,5.6061853,686.6,35.2,0.49890527
1469.1,3828.5,5,-0.6,5.6244493,687.1,35.2,0.49854036
1469.1,3828.2,0,-0.3,5.6240086,687.5,35.2,0.49824843
1469.1,3827.9,0,-0.3,5.6235679,687.9,35.2,0.4979565
1471.2,3827.5,2.1,-0.4,5.631018,688.3,35.2,0.49766457
1466,3827.3,-5.2,-0.2,5.6108218,688.7,35.2,0.49737265
1465.1,3827,-0.9,-0.3,5.6069377,689.1,35.2,0.49708072
1465.1,3826.7,0,-0.3,5.6064982,689.5,35.2,0.49678879
1463.2,3826.4,-1.9,-0.3,5.5987885,689.9,35.2,0.49649686
1518.1,3824.2,54.9,-2.2,5.805518,690.3,35.2,0.49620493
1564,3822.2,45.9,-2,5.9779208,690.8,35.2,0.49584002
1621.1,3819.8,57.1,-2.4,6.1922778,691.2,35.2,0.4955481
1669,3817.7,47.9,-2.1,6.3717413,691.7,35.2,0.49518318
1727.2,3815.1,58.2,-2.6,6.5894407,692.2,35.2,0.49481827
1777.1,3812.8,49.9,-2.3,6.7757269,692.7,35.2,0.49445336
1828.1,3810.4,51,-2.4,6.9657922,693.2,35.2,0.49408845
1881.2,3808,53.1,-2.4,7.1636096,693.7,35.2,0.49372354
1931.1,3805.5,49.9,-2.5,7.348801,694.2,35.2,0.49335863
1983.2,3803,52.1,-2.5,7.5421096,694.8,35.2,0.49292074
2036.2,3800.4,53,-2.6,7.7383745,695.3,35.2,0.49255583
2032.2,3799.8,-4,-0.6,7.7219536,695.9,35.2,0.49211794
2035.2,3798.9,3,-0.9,7.7315213,696.5,35.2,0.49168005
2033.1,3798.3,-2.1,-0.6,7.7223237,697,35.2,0.49131514
2035.2,3797.6,2.1,-0.7,7.7288755,697.6,35.2,0.49087724
2034.2,3797,-1,-0.6,7.7238574,698.2,35.2,0.49043935
2028.2,3796.6,-6,-0.4,7.7002641,698.7,35.2,0.49007444
2035.2,3795.7,7,-0.9,7.7250086,699.3,35.2,0.48963655
2035.1,3795.2,-0.1,-0.5,7.7236115,699.9,35.2,0.48919866
2034.2,3794.6,-0.9,-0.6,7.7189753,700.4,35.2,0.48883375
2040.2,3793.9,6,-0.7,7.7403148,701,35.2,0.48839585
2029.3,3793.7,-10.9,-0.2,7.6985554,701.6,35.2,0.48795796
2031.2,3793.1,1.9,-0.6,7.7045447,702.1,35.2,0.48759305
2032.2,3792.6,1,-0.5,7.7073217,702.7,35.2,0.48715516
2126.2,3788.8,94,-3.8,8.0557466,703.3,35.2,0.48671727
2209.1,3785.3,82.9,-3.5,8.3621062,703.9,35.2,0.48627938
2297.2,3781.5,88.1,-3.8,8.6868618,704.5,35.2,0.48584148
2302.1,3780.6,4.9,-0.9,8.7033193,705.2,35.2,0.48533061
2296.2,3780,-5.9,-0.6,8.679636,705.8,35.2,0.48489272
2296.2,3779.4,0,-0.6,8.6782583,706.4,35.2,0.48445482
2300.1,3778.6,3.9,-0.8,8.6911579,707.1,35.2,0.48394395
2297.2,3778,-2.9,-0.6,8.6788216,707.7,35.2,0.48350606
2300.1,3777.3,2.9,-0.7,8.6881677,708.4,35.2,0.48299518
2301.2,3776.7,1.1,-0.6,8.690942,709,35.2,0.48255729
2297.2,3776.2,-4,-0.5,8.6746866,709.6,35.2,0.4821194
2301.2,3775.5,4,-0.7,8.6881806,710.3,35.2,0.48160852
2112.3,3781.5,-188.9,6,7.9876624,710.9,35.2,0.48117063
1921.1,3787.9,-191.2,6.4,7.2769347,711.4,35.2,0.48080572
1736.2,3794.3,-184.9,6.4,6.5876637,711.9,35.2,0.48044081
1552.2,3800.9,-184,6.6,5.899757,712.3,35.2,0.48014888
1365,3807.8,-187.2,6.9,5.197647,712.7,35.2,0.47985696
1174.2,3815,-190.8,7.2,4.479573,713,35.2,0.47963801
983.1,3822.3,-191.1,7.3,3.7577031,713.3,35.2,0.47941906
797,3829.7,-186.1,7.4,3.0522709,713.5,35.2,0.4792731
609.2,3837.2,-187.8,7.5,2.3376222,713.7,35.2,0.47912713
419.1,3844.9,-190.1,7.7,1.6113976,713.8,35.2,0.47905415
240.2,3852.4,-178.9,7.5,0.92534648,713.9,35.2,0.47898117
47,3860.5,-193.2,8.1,0.1814435,713.9,35.2,0.47898117
-136,3868.3,-183,7.8,-0.5260888,713.8,35.2,0.47905415
-325.9,3876.6,-189.9,8.3,-1.2633839,713.7,35.2,0.47912713
-330,3878.5,-4.1,1.9,-1.279905,713.6,35.2,0.47920012
-329.2,3880.1,0.8,1.6,-1.2773289,713.6,35.2,0.47920012
-332.9,3881.7,-3.7,1.6,-1.2922179,713.5,35.2,0.4792731
-326.1,3882.9,6.8,1.2,-1.2662137,713.4,35.2,0.47934608
-329.9,3884.4,-3.8,1.5,-1.2814636,713.3,35.2,0.47941906
-328.1,3885.6,1.8,1.2,-1.2748654,713.2,35.2,0.47949204
-323.9,3886.7,4.2,1.1,-1.2589021,713.1,35.2,0.47956503
-331.1,3888.1,-7.2,1.4,-1.2873499,713,35.2,0.47963801
-328,3889.1,3.1,1,-1.2756248,712.9,35.2,0.47971099
-327.1,3890.2,0.9,1.1,-1.2724844,712.8,35.2,0.47978397
-330,3891.3,-2.9,1.1,-1.284129,712.7,35.2,0.47985696
-324.1,3892.1,5.9,0.8,-1.2614296,712.6,35.2,0.47992994
-327,3893.2,-2.9,1.1,-1.2730764,712.6,35.2,0.47992994
-331.1,3894.3,-4.1,1.1,-1.2894027,712.5,35.2,0.48000292
-325,3895,6.1,0.7,-1.265875,712.4,35.2,0.4800759
-326.1,3895.9,-1.1,0.9,-1.270453,712.3,35.2,0.48014888
-327,3896.8,-0.9,0.9,-1.2742536,712.2,35.2,0.48022187
-330,3897.7,-3,0.9,-1.286241,712.1,35.2,0.48029485
-325,3898.4,5,0.7,-1.26698,712,35.2,0.48036783
-332,3899.4,-7,1,-1.2946008,711.9,35.2,0.48044081
-330,3900.1,2,0.7,-1.287033,711.8,35.2,0.48051379
-326.1,3900.7,3.9,0.6,-1.2720183,711.7,35.2,0.48058678
-331.1,3901.7,-5,1,-1.2918529,711.6,35.2,0.48065976
-331,3902.3,0.1,0.6,-1.2916613,711.6,35.2,0.48065976
-327.1,3902.9,3.9,0.6,-1.2766386,711.5,35.2,0.48073274
-331,3903.7,-3.9,0.8,-1.2921247,711.4,35.2,0.48080572
-330,3904.3,1,0.6,-1.288419,711.3,35.2,0.4808787
-324.1,3904.8,5.9,0.5,-1.2655457,711.2,35.2,0.48095169
-325,3905.4,-0.9,0.6,-1.269255,711.1,35.2,0.48102467
-332,3906.2,-7,0.8,-1.2968584,711,35.2,0.48109765
-333,3906.8,-1,0.6,-1.3009644,710.9,35.2,0.48117063
-323,3907.1,10,0.3,-1.2619933,710.8,35.2,0.48124361
-328,3907.9,-5,0.8,-1.2817912,710.7,35.2,0.4813166
-325.9,3908.3,2.1,0.4,-1.273715,710.6,35.2,0.48138958
-327,3908.9,-1.1,0.6,-1.2782103,710.5,35.2,0.48146256
-325,3909.3,2,0.4,-1.2705225,710.5,35.2,0.48146256
-326.1,3909.9,-1.1,0.6,-1.2750184,710.4,35.2,0.48153554
-328.9,3910.5,-2.8,0.6,-1.2861635,710.3,35.2,0.48160852
-330.1,3911,-1.2,0.5,-1.2910211,710.2,35.2,0.48168151
-330,3911.5,0.1,0.5,-1.290795,710.1,35.2,0.48175449
-320.1,3911.6,9.9,0.1,-1.2521032,710,35.2,0.48182747
-322.9,3912.2,-2.8,0.6,-1.2632494,709.9,35.2,0.48190045
-328,3912.8,-5.1,0.6,-1.2833984,709.8,35.2,0.48197343
-328.2,3913.2,-0.2,0.4,-1.2843122,709.7,35.2,0.48204642
-330.9,3913.8,-2.7,0.6,-1.2950764,709.6,35.2,0.4821194
-328.1,3914.1,2.8,0.3,-1.2842162,709.5,35.1,0.48219238
-326.9,3914.5,1.2,0.4,-1.2796501,709.5,35.1,0.48219238
-324,3914.8,2.9,0.3,-1.2683952,709.4,35.1,0.48226536
-324.1,3915.2,-0.1,0.4,-1.2689163,709.3,35.1,0.48233834
-323.9,3915.5,0.2,0.3,-1.2682305,709.2,35.1,0.48241133
-331.1,3916.2,-7.2,0.7,-1.2966538,709.1,35.1,0.48248431
-324.9,3916.3,6.2,0.1,-1.2724059,709,35.1,0.48255729
-332,3916.9,-7.1,0.6,-1.3004108,708.9,35.1,0.48263027
-320,3916.9,12,0,-1.253408,708.8,35.1,0.48270325
-329,3917.5,-9,0.6,-1.2888575,708.7,35.1,0.48277624
-324.1,3917.7,4.9,0.2,-1.2697266,708.6,35.1,0.48284922
-331.9,3918.3,-7.8,0.6,-1.3004838,708.6,35.1,0.48284922
-334.1,3918.7,-2.2,0.4,-1.3092377,708.5,35.1,0.4829222
-328,3918.8,6.1,0.1,-1.2853664,708.4,35.1,0.48299518
-326,3919.1,2,0.3,-1.2776266,708.3,35.1,0.48306817
-325,3919.4,1,0.3,-1.273805,708.2,35.1,0.48314115
-327,3919.7,-2,0.3,-1.2817419,708.1,35.1,0.48321413
-326.1,3920,0.9,0.3,-1.278312,708,35.1,0.48328711
-331,3920.5,-4.9,0.5,-1.2976855,707.9,35.1,0.48336009
-320,3920.4,11,-0.1,-1.254528,707.8,35.1,0.48343308
-327,3920.9,-7,0.5,-1.2821343,707.7,35.1,0.48350606
-330,3921.3,-3,0.4,-1.294029,707.6,35.1,0.48357904
-326.1,3921.5,3.9,0.2,-1.2788012,707.6,35.1,0.48357904
-331,3921.9,-4.9,0.4,-1.2981489,707.5,35.1,0.48365202
-329.1,3922.1,1.9,0.2,-1.2907631,707.4,35.1,0.483725
-328.9,3922.4,0.2,0.3,-1.2900774,707.3,35.1,0.48379799
-331,3922.7,-2.1,0.3,-1.2984137,707.2,35.1,0.48387097
-331.9,3923,-0.9,0.3,-1.3020437,707.1,35.1,0.48394395
-333,3923.3,-1.1,0.3,-1.3064589,707,35.1,0.48401693
-330,3923.4,3,0.1,-1.294722,706.9,35.1,0.48408991
-331,3923.7,-1,0.3,-1.2987447,706.8,35.1,0.4841629
-330.1,3923.9,0.9,0.2,-1.2952794,706.7,35.1,0.48423588
-332,3924.2,-1.9,0.3,-1.3028344,706.6,35.1,0.48430886
-485,3929.8,-153,5.6,-1.905953,706.5,35.1,0.48438184
-646.9,3935.8,-161.9,6,-2.546069,706.3,35.1,0.48452781
-799.8,3941.8,-152.9,6,-3.1526516,706.1,35.1,0.48467377
-806,3942.9,-6.2,1.1,-3.1779774,705.9,35.1,0.48481973
-803.9,3943.5,2.1,0.6,-3.1701796,705.6,35.1,0.48503868
-802.1,3944.2,1.8,0.7,-3.1636428,705.4,35.1,0.48518464
-800.8,3944.8,1.3,0.6,-3.1589958,705.2,35.1,0.48533061
-799.9,3945.3,0.9,0.5,-3.1558455,705,35.1,0.48547657
-799.9,3945.9,0,0.6,-3.1563254,704.8,35.1,0.48562254
-800.9,3946.5,-1,0.6,-3.1607518,704.5,35.1,0.48584148
-804,3947.2,-3.1,0.7,-3.1735488,704.3,35.1,0.48598745
-800.9,3947.6,3.1,0.4,-3.1616328,704.1,35.1,0.48613341
-802,3948.2,-1.1,0.6,-3.1664564,703.9,35.1,0.48627938
-803.8,3948.7,-1.8,0.5,-3.1739651,703.6,35.1,0.48649832
-807,3949.3,-3.2,0.6,-3.1870851,703.4,35.1,0.48664429
-804.8,3949.7,2.2,0.4,-3.1787186,703.2,35.1,0.48679025
-809.9,3950.4,-5.1,0.7,-3.199429,703,35.1,0.48693621
-806.9,3950.8,3,0.4,-3.1879005,702.7,35.1,0.48715516
-800.9,3951,6,0.2,-3.1643559,702.5,35.1,0.48730112
-806,3951.6,-5.1,0.6,-3.1849896,702.3,35.1,0.48744709
-807.9,3952.1,-1.9,0.5,-3.1929016,702.1,35.1,0.48759305
-799,3952.2,8.9,0.1,-3.1578078,701.9,35.1,0.48773902
-796.9,3952.5,2.1,0.3,-3.1497473,701.6,35.1,0.48795796
-801.9,3953.1,-5,0.6,-3.1699909,701.4,35.1,0.48810393
-799.9,3953.4,2,0.3,-3.1623247,701.2,35.1,0.48824989
-804,3954,-4.1,0.6,-3.179016,701,35.1,0.48839585
-804.9,3954.4,-0.9,0.4,-3.1828966,700.7,35.1,0.4886148
-804,3954.7,0.9,0.3,-3.1795788,700.5,35.1,0.48876076
-798.9,3954.9,5.1,0.2,-3.1595696,700.3,35.1,0.48890673
-809.9,3955.7,-11,0.8,-3.2037214,700.1,35.1,0.48905269
-806.9,3956,3,0.3,-3.1920964,699.8,35.1,0.48927164
-802.9,3956.2,4,0.2,-3.176433,699.6,35.1,0.4894176
-805,3956.6,-2.1,0.4,-3.185063,699.4,35.1,0.48956357
-804.9,3957,0.1,0.4,-3.1849893,699.2,35.1,0.48970953
-804.9,3957.3,0,0.3,-3.1852308,699,35.1,0.4898555
-800.9,3957.5,4,0.2,-3.1695617,698.7,35.1,0.49007444
-805,3958,-4.1,0.5,-3.18619,698.5,35.1,0.49022041
-806.9,3958.4,-1.9,0.4,-3.194033,698.3,35.1,0.49036637
-807,3958.7,-0.1,0.3,-3.1946709,698.1,35.1,0.49051233
-805.9,3959,1.1,0.3,-3.1905581,697.8,35.1,0.49073128
1046,3895.1,1851.9,-63.9,4.0742746,698.1,35.1,0.49051233
1047,3892.5,1,-2.6,4.0754475,698.4,35.1,0.49029339
1046.1,3890.5,-0.9,-2,4.069852,698.7,35.1,0.49007444
1048.1,3888.8,2,-1.7,4.0758513,699,35.1,0.4898555
1049,3887.2,0.9,-1.6,4.0776728,699.3,35.1,0.48963655
1046.1,3885.9,-2.9,-1.3,4.06504,699.6,35.1,0.4894176
1049,3884.5,2.9,-1.4,4.0748405,699.9,35.1,0.48919866
1042.1,3883.5,-6.9,-1,4.0469954,700.2,35.1,0.48897971
1048,3882.2,5.9,-1.3,4.0685456,700.5,35.1,0.48876076
1049.1,3881.1,1.1,-1.1,4.071662,700.7,35.1,0.4886148
1048,3880.1,-1.1,-1,4.0663448,701,35.1,0.48839585
1049.1,3879.1,1.1,-1,4.0695638,701.3,35.1,0.48817691
1051,3878.1,1.9,-1,4.0758831,701.6,35.1,0.48795796
1046.1,3877.4,-4.9,-0.7,4.0561481,701.9,35.1,0.48773902
1045,3876.5,-1.1,-0.9,4.0509425,702.2,35.1,0.48752007
1042.1,3875.8,-2.9,-0.7,4.0389712,702.5,35.1,0.48730112
1046,3874.9,3.9,-0.9,4.0531454,702.8,35.1,0.48708218
1052.1,3873.9,6.1,-1,4.0757302,703.1,35.1,0.48686323
1053,3873.1,0.9,-0.8,4.0783743,703.4,35.1,0.48664429
1043.1,3872.7,-9.9,-0.4,4.0396134,703.7,35.1,0.48642534
1136,3868.7,92.9,-4,4.3948432,704,35.1,0.48620639
1225.1,3864.8,89.1,-3.9,4.7347665,704.3,35.1,0.48598745
1311,3860.9,85.9,-3.9,5.0616399,704.7,35.1,0.48569552
1395.1,3857,84.1,-3.9,5.3809007,705.1,35.1,0.48540359
1488,3852.7,92.9,-4.3,5.7328176,705.5,35.1,0.48511166
1485.1,3851.7,-2.9,-1,5.7201597,705.9,35.1,0.48481973
1489,3850.5,3.9,-1.2,5.7333945,706.3,35.1,0.48452781
1488.1,3849.5,-0.9,-1,5.7284409,706.7,35.1,0.48423588
1488.1,3848.6,0,-0.9,5.7271017,707.1,35.1,0.48394395
1489.1,3847.6,1,-1,5.7294612,707.5,35.1,0.48365202
1490.2,3846.7,1.1,-0.9,5.7323523,708,35.1,0.48328711
1482.1,3846.1,-8.1,-0.6,5.7003048,708.4,35.1,0.48299518
1481.2,3845.3,-0.9,-0.8,5.6956584,708.8,35.1,0.48270325
1491.1,3844.1,9.9,-1.2,5.7319375,709.2,35.1,0.48241133
1484.3,3843.6,-6.8,-0.5,5.7050555,709.6,35.1,0.4821194
1487.1,3842.7,2.8,-0.9,5.7144792,710,35.1,0.48182747
1489.2,3841.9,2.1,-0.8,5.7213575,710.4,35.1,0.48153554
1486,3841.3,-3.2,-0.6,5.7081718,710.8,35.1,0.48124361
1491,3840.4,5,-0.9,5.7260364,711.3,35.1,0.4808787
1488,3839.8,-3,-0.6,5.7136224,711.7,35.1,0.48058678
1487.2,3839.1,-0.8,-0.7,5.7095095,712.1,35.1,0.48029485
1486,3838.5,-1.2,-0.6,5.704011,712.5,35.1,0.48000292
1484.1,3837.9,-1.9,-0.6,5.6958274,712.9,35.1,0.47971099
1489.1,3837.1,5,-0.8,5.7138256,713.3,35.1,0.47941906
1480.1,3836.8,-9,-0.3,5.6788477,713.7,35.1,0.47912713
1483.1,3836.1,3,-0.7,5.6893199,714.1,35.1,0.47883521
1487.2,3835.3,4.1,-0.8,5.7038582,714.6,35.1,0.4784703
1485.1,3834.9,-2.1,-0.4,5.69521,715,35.1,0.47817837
1485.2,3834.3,0.1,-0.6,5.6947024,715.4,35.1,0.47788644
1488,3833.6,2.8,-0.7,5.7043968,715.8,35.1,0.47759451
1489.2,3833,1.2,-0.6,5.7081036,716.2,35.1,0.47730258
1488,3832.5,-1.2,-0.5,5.70276,716.6,35.1,0.47701066
1484.2,3832.1,-3.8,-0.4,5.6876028,717,35.1,0.47671873
1483,3831.6,-1.2,-0.5,5.6822628,717.5,35.1,0.47635382
1486.1,3831,3.1,-0.6,5.6932491,717.9,35.1,0.47606189
1240,3839,-246.1,8,4.76036,718.2,35.1,0.47584294
1237.2,3839,-2.8,0,4.7496108,718.6,35.1,0.47555101
1243,3838.7,5.8,-0.3,4.7715041,718.9,35.1,0.47533207
1232.1,3838.8,-10.9,0.1,4.7297855,719.2,35.1,0.47511312
1242,3838.2,9.9,-0.6,4.7670444,719.6,35.1,0.47482119
1241.1,3838,-0.9,-0.2,4.7633418,719.9,35.1,0.47460225
1240,3837.8,-1.1,-0.2,4.758872,720.3,35.1,0.47431032
1237.2,3837.7,-2.8,-0.1,4.7480024,720.6,35.1,0.47409137
1237,3837.5,-0.2,-0.2,4.7469875,721,35.1,0.47379945
1238.1,3837.2,1.1,-0.3,4.7508373,721.3,35.1,0.4735805
1238,3836.9,-0.1,-0.3,4.7500822,721.6,35.1,0.47336155
1240.1,3836.6,2.1,-0.3,4.7577677,722,35.1,0.47306962
1240.1,3836.4,0,-0.2,4.7575196,722.3,35.1,0.47285068
1246.1,3835.9,6,-0.5,4.779915,722.7,35.1,0.47255875
1238,3835.9,-8.1,0,4.7488442,723,35.1,0.4723398
1239.2,3835.7,1.2,-0.2,4.7531994,723.4,35.1,0.47204788
1234,3835.6,-5.2,-0.1,4.7331304,723.7,35.1,0.47182893
1239.1,3835.2,5.1,-0.4,4.7521963,724.1,35.1,0.471537
1234,3835.1,-5.1,-0.1,4.7325134,724.4,35.1,0.47131806
1241.2,3834.7,7.2,-0.4,4.7596296,724.7,35.1,0.47109911
1341,3831,99.8,-3.7,5.137371,725.1,35.1,0.47080718
1450.2,3826.7,109.2,-4.3,5.5494803,725.5,35.1,0.47051525
1558.1,3822.5,107.9,-4.2,5.9558373,726,35.1,0.47015034
1665.2,3818.2,107.1,-4.3,6.3580666,726.4,35.1,0.46985841
1778.1,3813.5,112.9,-4.7,6.7807844,726.9,35.1,0.4694935
1880.2,3809.1,102.1,-4.4,7.1618698,727.4,35.1,0.46912859
1984.1,3804.6,103.9,-4.5,7.5487069,728,35.1,0.4686907
2092.3,3799.9,108.2,-4.7,7.9505308,728.6,35.1,0.46825281
2096.1,3798.7,3.8,-1.2,7.9624551,729.1,35.1,0.4678879
2093.3,3797.8,-2.8,-0.9,7.9499347,729.7,35.1,0.46745001
2089.2,3797,-4.1,-0.8,7.9326924,730.3,35.1,0.46701212
2095.2,3796,6,-1,7.9533792,730.9,35.1,0.46657422
2096.2,3795.1,1,-0.9,7.9552886,731.5,35.1,0.46613633
2099.2,3794.2,3,-0.9,7.9647846,732.1,35.1,0.46569844
2093.2,3793.6,-6,-0.6,7.9407635,732.6,35.1,0.46533353
2097.2,3792.8,4,-0.8,7.9542602,733.2,35.1,0.46489564
2092.2,3792.2,-5,-0.6,7.9340408,733.8,35.1,0.46445774
2091.2,3791.5,-1,-0.7,7.9287848,734.4,35.1,0.46401985
2101.3,3790.5,10.1,-1,7.9649777,735,35.1,0.46358196
2096.2,3790,-5.1,-0.5,7.944598,735.5,35.1,0.46321705
2094.3,3789.4,-1.9,-0.6,7.9361404,736.1,35.1,0.46277916
2096.1,3788.7,1.8,-0.7,7.9414941,736.7,35.1,0.46234126
2093.2,3788.2,-2.9,-0.5,7.9294602,737.3,35.1,0.46190337
2092.1,3787.6,-1.1,-0.6,7.924038,737.9,35.1,0.46146548
2094.3,3786.9,2.2,-0.7,7.9309047,738.5,35.1,0.46102759
2099.2,3786.2,4.9,-0.7,7.947991,739,35.1,0.46066268
2093.2,3785.8,-6,-0.4,7.9244366,739.6,35.1,0.46022478
2102.1,3785,8.9,-0.8,7.9564485,740.2,35.1,0.45978689
2096.2,3784.6,-5.9,-0.4,7.9332785,740.8,35.1,0.459349
1762.3,3795.7,-333.9,11.1,6.6891621,741.3,35.1,0.45898409
1429.1,3807.3,-333.2,11.6,5.4410124,741.7,35.1,0.45869216
1093.1,3819.4,-336,12.1,4.1749861,742,35.1,0.45847322
763,3831.7,-330.1,12.3,2.9235871,742.2,35.1,0.45832725
426.1,3844.5,-336.9,12.8,1.6381414,742.3,35.1,0.45825427
425.2,3845.8,-0.9,1.3,1.6352342,742.4,35.1,0.45818129
844,3832.3,418.8,-13.5,3.2344612,742.7,35.1,0.45796234
1258.1,3818.2,414.1,-14.1,4.8036774,743,35.1,0.4577434
1675,3803.5,416.9,-14.7,6.3708625,743.5,35.1,0.45737848
2091.2,3788.2,416.2,-15.3,7.9218838,744.1,35.1,0.45694059
2094.1,3786.9,2.9,-1.3,7.9301473,744.6,35.1,0.45657568
2097.2,3785.9,3.1,-1,7.9397895,745.2,35.1,0.45613779
2091.3,3785.2,-5.9,-0.7,7.9159888,745.8,35.1,0.4556999
2093.2,3784.4,1.9,-0.8,7.9215061,746.4,35.1,0.45526201
2096.3,3783.6,3.1,-0.8,7.9315607,747,35.1,0.45482411
2095.1,3783,-1.2,-0.6,7.9257633,747.5,35.1,0.4544592
2090.2,3782.5,-4.9,-0.5,7.9061815,748.1,35.1,0.45402131
2090.2,3781.9,0,-0.6,7.9049274,748.7,35.1,0.45358342
2088.2,3781.4,-2,-0.5,7.8963195,749.3,35.1,0.45314553
2095.3,3780.6,7.1,-0.8,7.9214912,749.9,35.1,0.45270763
2094.1,3780.1,-1.2,-0.5,7.9159074,750.5,35.1,0.45226974
2096.2,3779.5,2.1,-0.6,7.9225879,751,35.1,0.45190483
2094.1,3779.1,-2.1,-0.4,7.9138133,751.6,35.1,0.45146694
2093.2,3778.6,-0.9,-0.5,7.9093655,752.2,35.1,0.45102905
1962.3,3782.7,-130.9,4.1,7.4227922,752.7,35.1,0.45066414
1822.1,3787.3,-140.2,4.6,6.9008393,753.2,35.1,0.45029923
1689.4,3791.9,-132.7,4.6,6.4060359,753.7,35.1,0.44993432
1560.1,3796.4,-129.3,4.5,5.9227636,754.2,35.1,0.44956941
1426.2,3801.2,-133.9,4.8,5.4212714,754.5,35.1,0.44935046
1297,3806,-129.2,4.8,4.936382,754.9,35.1,0.44905853
1170.1,3810.9,-126.9,4.9,4.4591341,755.2,35.1,0.44883959
1164,3811.5,-6.1,0.6,4.436586,755.6,35.1,0.44854766
1167,3811.8,3,0.3,4.4483706,755.9,35.1,0.44832871
1169.1,3812.1,2.1,0.3,4.4567261,756.2,35.1,0.44810976
1166,3812.5,-3.1,0.4,4.445375,756.5,35.1,0.44789082
1165.1,3812.8,-0.9,0.3,4.4422933,756.9,35.1,0.44759889
1160,3813.2,-5.1,0.4,4.423312,757.2,35.1,0.44737994
1169,3813.1,9,-0.1,4.4575139,757.5,35.1,0.447161
1170.1,3813.3,1.1,0.2,4.4619423,757.8,35.1,0.44694205
1169,3813.5,-1.1,0.2,4.4579815,758.1,35.1,0.44672311
1171.1,3813.7,2.1,0.2,4.4662241,758.5,35.1,0.44643118
1164,3814,-7.1,0.3,4.439496,758.8,35.1,0.44621223
1170.1,3814,6.1,0,4.4627614,759.1,35.1,0.44599329
1171,3814,0.9,0,4.466194,759.4,35.1,0.44577434
2401.1,3771.1,1230.1,-42.9,9.0547882,760.1,35,0.44526347
2399.3,3769.5,-1.8,-1.6,9.0441614,760.8,35,0.44475259
2398,3768.3,-1.3,-1.2,9.0363834,761.4,35,0.4443147
2401.3,3767,3.3,-1.3,9.0456971,762.1,35,0.44380382
2397.1,3766.2,-4.2,-0.8,9.027958,762.8,35,0.44329295
2400.2,3765.1,3.1,-1.1,9.036993,763.4,35,0.44285506
2398.2,3764.3,-2,-0.8,9.0275443,764.1,35,0.44234418
2400.2,3763.4,2,-0.9,9.0329127,764.8,35,0.44183331
2400.3,3762.7,0.1,-0.7,9.0316088,765.4,35,0.44139542
2400.2,3761.9,-0.1,-0.8,9.0293124,766.1,35,0.44088454
2398.3,3761.3,-1.9,-0.6,9.0207258,766.8,35,0.44037367
2404.2,3760.3,5.9,-1,9.0405133,767.4,35,0.43993578
2402.2,3759.8,-2,-0.5,9.0317916,768.1,35,0.4394249
2399.3,3759.2,-2.9,-0.6,9.0194486,768.8,35,0.43891403
2404.2,3758.4,4.9,-0.8,9.0359453,769.4,35,0.43847613
2399.2,3757.9,-5,-0.5,9.0159537,770.1,35,0.43796526
2398.2,3757.4,-1,-0.5,9.0109967,770.8,35,0.43745439
2400.3,3756.7,2.1,-0.7,9.017207,771.4,35,0.43701649
2405.1,3755.9,4.8,-0.8,9.0333151,772.1,35,0.43650562
2398.3,3755.6,-6.8,-0.3,9.0070555,772.8,35,0.43599475
2400.2,3755,1.9,-0.6,9.012751,773.4,35,0.43555685
2401.2,3754.4,1,-0.6,9.0150653,774.1,35,0.43504598
2402.2,3753.9,1,-0.5,9.0176186,774.8,35,0.4345351
2403.2,3753.4,1,-0.5,9.0201709,775.5,35,0.43402423
2404.3,3752.8,1.1,-0.6,9.022857,776.1,35,0.43358634
2404.1,3752.3,-0.2,-0.5,9.0209044,776.8,35,0.43307546
2398.3,3752,-5.8,-0.3,8.9984216,777.5,35,0.43256459
2400.2,3751.4,1.9,-0.6,9.0041103,778.1,35,0.4321267
2405.3,3750.8,5.1,-0.6,9.0217992,778.8,35,0.43161582
2398.2,3750.6,-7.1,-0.2,8.9946889,779.5,35.1,0.43110495
2369.3,3751.2,-28.9,0.6,8.8877182,780.1,35.1,0.43066706
2332.2,3752.1,-37.1,0.9,8.7506476,780.8,35.1,0.43015618
2311.3,3752.5,-20.9,0.4,8.6731533,781.4,35.1,0.42971829
2274.1,3753.5,-37.2,1,8.5358343,782,35.1,0.4292804
2232.3,3754.7,-41.8,1.2,8.3816168,782.7,35.1,0.42876952
2211.1,3755.1,-21.2,0.4,8.3029016,783.3,35.1,0.42833163
2174.2,3756.2,-36.9,1.1,8.16673,783.9,35.1,0.42789374
2139.2,3757.2,-35,1,8.0374022,784.5,35.1,0.42745585
2106.2,3758.2,-33,1,7.9155208,785.1,35.1,0.42701795
2108.2,3758.1,2,-0.1,7.9228264,785.6,35.1,0.42665304
2108.2,3757.9,0,-0.2,7.9224048,786.2,35.1,0.42621515
2109.1,3757.7,0.9,-0.2,7.9253651,786.8,35.1,0.42577726
2111.2,3757.4,2.1,-0.3,7.9326229,787.4,35.1,0.42533937
2109.1,3757.3,-2.1,-0.1,7.9245214,788,35.1,0.42490147
2111.3,3757.1,2.2,-0.2,7.9323652,788.6,35.1,0.42446358
2107.1,3757,-4.2,-0.1,7.9163747,789.2,35.1,0.42402569
2109.2,3756.8,2.1,-0.2,7.9238426,789.7,35.1,0.42366078
2111.2,3756.5,2,-0.3,7.9307228,790.3,35.1,0.42322289
2109.2,3756.4,-2,-0.1,7.9229989,790.9,35.1,0.42278499
2106.3,3756.3,-2.9,-0.1,7.9118947,791.5,35.1,0.4223471
2107.1,3756.1,0.8,-0.2,7.9144783,792.1,35.1,0.42190921
2111.3,3755.8,4.2,-0.3,7.9296205,792.7,35.1,0.42147132
2116.1,3755.4,4.8,-0.4,7.9468019,793.3,35.1,0.42103343
2110.3,3755.4,-5.8,0,7.9250206,793.8,35.1,0.42066852
2104.2,3755.4,-6.1,0,7.9021127,794.4,35.1,0.42023062
2113.2,3754.9,9,-0.5,7.9348547,795,35.1,0.41979273
2107.2,3754.9,-6,0,7.9123253,795.6,35.1,0.41935484
2112.2,3754.5,5,-0.4,7.9302549,796.2,35.1,0.41891695
2111.3,3754.4,-0.9,-0.1,7.9266647,796.8,35.1,0.41847905
2112.2,3754.1,0.9,-0.3,7.92941,797.4,35.1,0.41804116
2112.3,3753.9,0.1,-0.2,7.929363,797.9,35.1,0.41767625
2115.2,3753.7,2.9,-0.2,7.9398262,798.5,35.1,0.41723836
2110.3,3753.6,-4.9,-0.1,7.9212221,799.1,35.1,0.41680047
2105.2,3753.6,-5.1,0,7.9020787,799.7,35.1,0.41636257
2107.2,3753.3,2,-0.3,7.9089538,800.3,35.1,0.41592468
2113.2,3752.9,6,-0.4,7.9306283,800.9,35.1,0.41548679
2110.2,3752.8,-3,-0.1,7.9191586,801.5,35.1,0.4150489
2143.3,3751.5,33.1,-1.3,8.0405899,802.1,35.1,0.41461101
2184.1,3749.8,40.8,-1.7,8.1899382,802.7,35.1,0.41417311
2217.3,3748.3,33.2,-1.5,8.3111056,803.3,35.1,0.41373522
2253.1,3746.8,35.8,-1.5,8.4419151,803.9,35.1,0.41329733
2290.2,3745.1,37.1,-1.7,8.577028,804.5,35.1,0.41285944
2331.2,3743.3,41,-1.8,8.726381,805.2,35.1,0.41234856
2363.2,3741.7,32,-1.6,8.8423854,805.8,35.1,0.41191067
2365.1,3741.2,1.9,-0.5,8.8483121,806.5,35.1,0.4113998
2361.3,3741,-3.8,-0.2,8.8336233,807.2,35.1,0.41088892
2361.2,3740.5,-0.1,-0.5,8.8320686,807.8,35.1,0.41045103
2366.1,3740,4.9,-0.5,8.849214,808.5,35.1,0.40994015
2366.1,3739.6,0,-0.4,8.8482676,809.1,35.1,0.40950226
2370.2,3739.1,4.1,-0.5,8.8624148,809.8,35.1,0.40899139
2365.2,3738.9,-5,-0.2,8.8432463,810.4,35.1,0.4085535
2367.2,3738.5,2,-0.4,8.8497772,811.1,35.1,0.40804262
2366.2,3738.2,-1,-0.3,8.8453288,811.8,35.1,0.40753175
2366.2,3737.8,0,-0.4,8.8443824,812.4,35.1,0.40709385
2367.2,3737.4,1,-0.4,8.8471733,813.1,35.1,0.40658298
2368.2,3737.1,1,-0.3,8.8502002,813.7,35.1,0.40614509
2364.3,3736.9,-3.9,-0.2,8.8351527,814.4,35.1,0.40563421
2365.2,3736.6,0.9,-0.3,8.8378063,815,35.1,0.40519632
2366.3,3736.2,1.1,-0.4,8.8409701,815.7,35.1,0.40468545
2366.2,3735.9,-0.1,-0.3,8.8398866,816.4,35.1,0.40417457
2365.2,3735.6,-1,-0.3,8.8354411,817,35.1,0.40373668
2362.2,3735.4,-3,-0.2,8.8237619,817.7,35.1,0.40322581
2367.2,3734.9,5,-0.5,8.8412553,818.3,35.1,0.40278791
2370.2,3734.5,3,-0.4,8.8515119,819,35.1,0.40227704
2364.2,3734.4,-6,-0.1,8.8288685,819.6,35.1,0.40183915
2362.3,3734.2,-1.9,-0.2,8.8213007,820.3,35.1,0.40132827
2369.1,3733.6,6.8,-0.6,8.8452718,821,35.1,0.4008174
2366.2,3733.4,-2.9,-0.2,8.8339711,821.6,35.1,0.40037951
2365.4,3733.1,-0.8,-0.3,8.8302747,822.3,35.1,0.39986863
2364.1,3732.9,-1.3,-0.2,8.8249489,822.9,35.1,0.39943074
2363.2,3732.7,-0.9,-0.2,8.8211166,823.6,35.1,0.39891987
2363.3,3732.4,0.1,-0.3,8.8207809,824.2,35.1,0.39848197
2367.2,3732,3.9,-0.4,8.8343904,824.9,35.1,0.3979711
2363.3,3731.8,-3.9,-0.2,8.8193629,825.6,35.1,0.39746022
2366.1,3731.4,2.8,-0.4,8.8288655,826.2,35.1,0.39702233
2367.3,3731.2,1.2,-0.2,8.8328698,826.9,35.1,0.39651146
2318.1,3732.6,-49.2,1.4,8.6525401,827.5,35.1,0.39607357
2272.3,3734,-45.8,1.4,8.4847682,828.1,35.1,0.39563567
2220.1,3735.7,-52.2,1.7,8.2936276,828.8,35.1,0.3951248
2174.2,3737.2,-45.9,1.5,8.1254202,829.4,35.1,0.39468691
2122.3,3739,-51.9,1.8,7.9352797,830,35.1,0.39424901
2078.2,3740.5,-44.1,1.5,7.7735071,830.5,35.1,0.3938841
2023.3,3742.5,-54.9,2,7.5722002,831.1,35.1,0.39344621
1982.1,3744,-41.2,1.5,7.4209824,831.6,35.1,0.3930813
1933.2,3745.9,-48.9,1.9,7.2415739,832.2,35.1,0.39264341
1879.1,3747.9,-54.1,2,7.0426789,832.7,35.1,0.3922785
1834.1,3749.7,-45,1.8,6.8773248,833.2,35.1,0.39191359
1785.2,3751.6,-48.9,1.9,6.6973563,833.7,35.1,0.39154868
1735.1,3753.6,-50.1,2,6.5128714,834.2,35.1,0.39118377
1738.2,3753.8,3.1,0.2,6.5248552,834.7,35.1,0.39081886
1738.1,3754,-0.1,0.2,6.5248274,835.2,35.1,0.39045395
1730.2,3754.5,-7.9,0.5,6.4960359,835.6,35.1,0.39016202
1562,3760.6,-168.2,6.1,5.8740572,836.1,35.1,0.38979711
1392.2,3767,-169.8,6.4,5.2444174,836.5,35.1,0.38950518
1215,3773.9,-177.2,6.9,4.5852885,836.8,35.1,0.38928624
1211,3774.7,-4,0.8,4.5711617,837.1,35.1,0.38906729
1218.1,3775.2,7.1,0.5,4.5985711,837.5,35.2,0.38877536
1217,3775.9,-1.1,0.7,4.5952703,837.8,35.2,0.38855642
1221.1,3776.2,4.1,0.3,4.6111178,838.2,35.2,0.38826449
1219,3776.8,-2.1,0.6,4.6039192,838.5,35.2,0.38804554
1217.1,3777.4,-1.9,0.6,4.5974735,838.8,35.2,0.38782659
1216,3777.8,-1.1,0.4,4.5938048,839.2,35.2,0.38753467
1217.1,3778.3,1.1,0.5,4.5985689,839.5,35.2,0.38731572
1225.1,3778.4,8,0.1,4.6289178,839.8,35.2,0.38709677
1209.1,3779.3,-16,0.9,4.5695516,840.2,35.2,0.38680485
1220.1,3779.3,11,0,4.6111239,840.5,35.2,0.3865859
1216,3779.8,-4.1,0.5,4.5962368,840.9,35.2,0.38629397
1220.1,3780,4.1,0.2,4.611978,841.2,35.2,0.38607503
1212,3780.6,-8.1,0.6,4.5820872,841.5,35.2,0.38585608
1215.1,3780.8,3.1,0.2,4.5940501,841.9,35.2,0.38556415
1215,3781.1,-0.1,0.3,4.5940365,842.2,35.2,0.38534521
1221,3781.2,6,0.1,4.6168452,842.5,35.2,0.38512626
1213.2,3781.7,-7.8,0.5,4.5879584,842.9,35.2,0.38483433
1217,3781.8,3.8,0.1,4.6024506,843.2,35.2,0.38461538
1215.1,3782.1,-1.9,0.3,4.5956297,843.6,35.2,0.38432346
1379,3776.6,163.9,-5.5,5.2079314,843.9,35.2,0.38410451
1532.1,3771.3,153.1,-5.3,5.7780087,844.4,35.2,0.3837396
1682.9,3765.7,150.8,-5.6,6.3372965,844.8,35.2,0.38344767
1841.2,3759.9,158.3,-5.8,6.9227279,845.3,35.2,0.38308276
1997.1,3753.8,155.9,-6.1,7.496714,845.9,35.2,0.38264487
2151.2,3747.8,154.1,-6,8.0622674,846.5,35.2,0.38220698
2149.1,3747,-2.1,-0.8,8.0526777,847.1,35.2,0.38176908
2146.3,3746.4,-2.8,-0.6,8.0408983,847.7,35.2,0.38133119
2157.1,3745.3,10.8,-1.1,8.0789866,848.3,35.2,0.3808933
2153.3,3744.8,-3.8,-0.5,8.0636778,848.9,35.2,0.38045541
2086.2,3746.6,-67.1,1.8,7.8161569,849.5,35.2,0.38001752
2026.3,3748.3,-59.9,1.7,7.5951803,850,35.2,0.37965261
1960.1,3750.3,-66.2,2,7.350963,850.6,35.2,0.37921471
1909.1,3751.7,-51,1.4,7.1623705,851.1,35.2,0.3788498
1845.2,3753.8,-63.9,2.1,6.9265118,851.6,35.2,0.37848489
1786.1,3755.7,-59.1,1.9,6.7080558,852.1,35.2,0.37811998
1723.2,3757.9,-62.9,2.2,6.4756133,852.6,35.2,0.37775507
1723.1,3757.8,-0.1,-0.1,6.4750652,853.1,35.2,0.37739016
1717.1,3758,-6,0.2,6.4528618,853.5,35.2,0.37709823
1723.2,3757.8,6.1,-0.2,6.475441,854,35.2,0.37673332
1728.1,3757.6,4.9,-0.2,6.4935086,854.5,35.2,0.37636841
1725.2,3757.5,-2.9,-0.1,6.482439,855,35.2,0.3760035
1724.1,3757.5,-1.1,0,6.4783057,855.5,35.2,0.37563859
1722.2,3757.5,-1.9,0,6.4711665,855.9,35.2,0.37534666
1726.1,3757.2,3.9,-0.3,6.4853029,856.4,35.2,0.37498175
1719.3,3757.4,-6.8,0.2,6.4600978,856.9,35.2,0.37461684
1726.1,3757.1,6.8,-0.3,6.4851303,857.4,35.2,0.37425193
1720.2,3757.2,-5.9,0.1,6.4631354,857.9,35.2,0.37388702
1726.1,3756.9,5.9,-0.3,6.4847851,858.3,35.2,0.3735951
1719.2,3757,-6.9,0.1,6.4590344,858.8,35.2,0.37323019
1720.2,3756.9,1,-0.1,6.4626194,859.3,35.2,0.37286528
1728.1,3756.5,7.9,-0.4,6.4916076,859.8,35.2,0.37250036
1721.2,3756.6,-6.9,0.1,6.4658599,860.3,35.2,0.37213545
1723.1,3756.5,1.9,-0.1,6.4728252,860.7,35.2,0.37184353
1727.2,3756.2,4.1,-0.3,6.4877086,861.2,35.2,0.37147862
1723.1,3756.3,-4.1,0.1,6.4724805,861.7,35.2,0.37111371
1725.2,3756.1,2.1,-0.2,6.4800237,862.2,35.2,0.3707488
1723.1,3756.1,-2.1,0,6.4721359,862.6,35.2,0.37045687
1725.3,3755.9,2.2,-0.2,6.4800543,863.1,35.2,0.37009196
1719.1,3756,-6.2,0.1,6.4569396,863.6,35.2,0.36972705
1728.2,3755.6,9.1,-0.4,6.4904279,864.1,35.2,0.36936214
1731.1,3755.4,2.9,-0.2,6.5009729,864.6,35.2,0.36899723
1551.1,3761.5,-180,6.1,5.8344626,865,35.2,0.3687053
1388.2,3767.4,-162.9,5.9,5.2299047,865.4,35.2,0.36841337
1218,3773.7,-170.2,6.3,4.5963666,865.7,35.2,0.36819442
1055.1,3779.9,-162.9,6.2,3.9881725,866,35.2,0.36797548
882,3786.7,-173.1,6.8,3.3398694,866.3,35.2,0.36775653
716.1,3793.3,-165.9,6.6,2.7163821,866.5,35.2,0.36761057
546.1,3800.2,-170,6.9,2.0752892,866.6,35.2,0.36753759
378.2,3807.2,-167.9,7,1.439883,866.7,35.2,0.3674646
213.1,3814.2,-165.1,7,0.81280602,866.8,35.2,0.36739162
48,3821.3,-165.1,7.1,0.1834224,866.8,35.2,0.36739162
-121,3828.5,-169,7.2,-0.4632485,866.8,35.2,0.36739162
-292.9,3836.1,-171.9,7.6,-1.1235937,866.7,35.2,0.3674646
-462,3843.6,-169.1,7.5,-1.7757432,866.5,35.2,0.36761057
-461.9,3845.4,0.1,1.8,-1.7761903,866.4,35.2,0.36768355
-460,3846.9,1.9,1.5,-1.769574,866.3,35.2,0.36775653
-458.9,3848.4,1.1,1.5,-1.7660308,866.2,35.2,0.36782951
-461.9,3849.9,-3,1.5,-1.7782688,866,35.2,0.36797548
-460,3851.2,1.9,1.3,-1.771552,865.9,35.2,0.36804846
-458.9,3852.4,1.1,1.2,-1.7678664,865.8,35.2,0.36812144
-455,3853.6,3.9,1.2,-1.753388,865.6,35.2,0.36826741
-460.9,3855,-5.9,1.4,-1.7767695,865.5,35.2,0.36834039
-459,3856.1,1.9,1.1,-1.7699499,865.4,35.2,0.36841337
-459.9,3857.2,-0.9,1.1,-1.7739263,865.3,35.2,0.36848635
-466,3858.5,-6.1,1.3,-1.798061,865.1,35.2,0.36863232
-455.9,3859.2,10.1,0.7,-1.7594093,865,35.2,0.3687053
-464,3860.5,-8.1,1.3,-1.791272,864.9,35.2,0.36877828
-459.9,3861.3,4.1,0.8,-1.7758119,864.8,35.2,0.36885126
-455,3862.1,4.9,0.8,-1.7572555,864.6,35.2,0.36899723
-458.9,3863.1,-3.9,1,-1.7727766,864.5,35.2,0.36907021
-464,3864.1,-5.1,1,-1.7929424,864.4,35.2,0.36914319
-457.9,3864.8,6.1,0.7,-1.7696919,864.2,35.1,0.36928915
-459,3865.7,-1.1,0.9,-1.7743563,864.1,35.1,0.36936214
-460,3866.5,-1,0.8,-1.77859,864,35.1,0.36943512
-398.9,3865.2,61.1,-1.3,-1.5418283,863.9,35.1,0.3695081
-328.1,3863.4,70.8,-1.8,-1.2675815,863.8,35.1,0.36958108
-269,3862,59.1,-1.4,-1.038878,863.7,35.1,0.36965407
-202.2,3860.2,66.8,-1.8,-0.78053244,863.7,35.1,0.36965407
-132.9,3858.2,69.3,-2,-0.51275478,863.6,35.1,0.36972705
-68,3856.3,64.9,-1.9,-0.2622284,863.6,35.1,0.36972705
0,3854.3,68,-2,0,863.6,35.1,0.36972705
58,3852.5,58,-1.8,0.223445,863.6,35.1,0.36972705
124.1,3850.4,66.1,-2.1,0.47783464,863.6,35.1,0.36972705
194.1,3848.1,70,-2.3,0.74691621,863.7,35.1,0.36965407
256.2,3846,62.1,-2.1,0.9853452,863.8,35.1,0.36958108
253,3846.1,-3.2,0.1,0.9730633,863.8,35.1,0.36958108
259.1,3845.9,6.1,-0.2,0.99647269,863.9,35.1,0.3695081
253.1,3846.2,-6,0.3,0.97347322,864,35.1,0.36943512
261,3845.9,7.9,-0.3,1.0037799,864.1,35.1,0.36936214
257.1,3846.2,-3.9,0.3,0.98885802,864.1,35.1,0.36936214
259,3846.2,1.9,0,0.9961658,864.2,35.1,0.36928915
263.1,3846.1,4.1,-0.1,1.0119089,864.3,35.1,0.36921617
258,3846.4,-5.1,0.3,0.9923712,864.3,35.1,0.36921617
256.2,3846.5,-1.8,0.1,0.9854733,864.4,35.1,0.36914319
252,3846.8,-4.2,0.3,0.9693936,864.5,35.1,0.36907021
261.1,3846.6,9.1,-0.2,1.0043473,864.6,35.1,0.36899723
409.1,3841.6,148,-5,1.5715986,864.7,35.1,0.36892424
554.9,3836.3,145.8,-5.3,2.1287629,864.8,35.1,0.36885126
709.1,3830.7,154.2,-5.6,2.7163494,865,35.1,0.3687053
863,3825,153.9,-5.7,3.300975,865.3,35.1,0.36848635
1003.1,3819.5,140.1,-5.5,3.8313405,865.5,35.1,0.36834039
1161.9,3813.3,158.8,-6.2,4.4306733,865.9,35.1,0.36804846
1308.1,3807.4,146.2,-5.9,4.9804599,866.2,35.1,0.36782951
1461,3801.2,152.9,-6.2,5.5535532,866.6,35.1,0.36753759
1601.1,3795.3,140.1,-5.9,6.0766548,867.1,35.1,0.36717268
1762.1,3788.6,161,-6.7,6.6758921,867.6,35.1,0.36680777
1910.1,3782.1,148,-6.5,7.2241892,868.1,35.1,0.36644286
1910.1,3780.8,0,-1.3,7.2217061,868.6,35.1,0.36607794
1911.2,3779.4,1.1,-1.4,7.2231893,869.2,35.1,0.36564005
1904.1,3778.5,-7.1,-0.9,7.1946419,869.7,35.1,0.36527514
1906.2,3777.3,2.1,-1.2,7.2002893,870.2,35.1,0.36491023
1907.1,3776.3,0.9,-1,7.2017817,870.8,35.1,0.36447234
1909.1,3775.1,2,-1.2,7.2070434,871.3,35.1,0.36410743
1913.1,3774,4,-1.1,7.2200394,871.8,35.1,0.36374252
1907.1,3773.2,-6,-0.8,7.1958697,872.3,35.1,0.36337761
1909.2,3772.2,2.1,-1,7.2018842,872.9,35.1,0.36293972
1907.1,3771.4,-2.1,-0.8,7.1924369,873.4,35.1,0.36257481
1907.2,3770.5,0.1,-0.9,7.1910976,873.9,35.1,0.3622099
1910.1,3769.6,2.9,-0.9,7.200313,874.5,35.1,0.361772
1908.2,3768.8,-1.9,-0.8,7.1916242,875,35.1,0.36140709
1908.1,3768,-0.1,-0.8,7.1897208,875.5,35.1,0.36104218
1907.2,3767.3,-0.9,-0.7,7.1849946,876.1,35.1,0.36060429
1911.1,3766.3,3.9,-1,7.1977759,876.6,35.1,0.36023938
1906.2,3765.8,-4.9,-0.5,7.178368,877.1,35.1,0.35987447
1909,3765,2.8,-0.8,7.187385,877.6,35.1,0.35950956
1908.1,3764.3,-0.9,-0.7,7.1826608,878.2,35.1,0.35907167
1914.2,3763.4,6.1,-0.9,7.2039003,878.7,35.1,0.35870676
1907.1,3763,-7.1,-0.4,7.1764173,879.2,35.1,0.35834185
1906.2,3762.3,-0.9,-0.7,7.1716963,879.8,35.1,0.35790396
1918.1,3761.3,11.9,-1,7.2145495,880.3,35.1,0.35753905
1931.2,3760.2,13.1,-1.1,7.2616982,880.8,35.1,0.35717414
1934.1,3759.4,2.9,-0.8,7.2710555,881.4,35.1,0.35673624
1945.1,3758.5,11,-0.9,7.3106584,881.9,35.1,0.35637133
1942.2,3757.9,-2.9,-0.6,7.2985934,882.5,35.1,0.35593344
1946.1,3757.1,3.9,-0.8,7.3116923,883,35.1,0.35556853
1944.2,3756.6,-1.9,-0.5,7.3035817,883.5,35.1,0.35520362
1948.2,3755.9,4,-0.7,7.3172444,884.1,35.1,0.35476573
1940.2,3755.6,-8,-0.3,7.2866151,884.6,35.1,0.35440082
1942.2,3755,2,-0.6,7.292961,885.2,35.1,0.35396293
1944.1,3754.3,1.9,-0.7,7.2987346,885.7,35.1,0.35359801
1943.2,3753.9,-0.9,-0.4,7.2945785,886.2,35.1,0.3532331
1947,3753.2,3.8,-0.7,7.3074804,886.8,35.1,0.35279521
1945.1,3752.7,-1.9,-0.5,7.2993768,887.3,35.1,0.3524303
1939.1,3752.4,-6,-0.3,7.2762788,887.9,35.1,0.35199241
1940.1,3751.9,1,-0.5,7.2790612,888.4,35.1,0.3516275
1947.2,3751.2,7.1,-0.7,7.3043366,888.9,35.1,0.35126259
1947.1,3750.7,-0.1,-0.5,7.302988,889.5,35.1,0.3508247
1946.2,3750.3,-0.9,-0.4,7.2988339,890,35.1,0.35045979
1942.1,3749.9,-4.1,-0.4,7.2826808,890.6,35.1,0.35002189
1949.2,3749.2,7.1,-0.7,7.3079406,891.1,35.1,0.34965698
1946.1,3748.9,-3.1,-0.3,7.2957343,891.6,35.1,0.34929207
1946.2,3748.4,0.1,-0.5,7.2951361,892.2,35.1,0.34885418
1941.2,3748.2,-5,-0.2,7.2760058,892.7,35.1,0.34848927
1944.1,3747.7,2.9,-0.5,7.2859036,893.3,35.1,0.34805138
1941.2,3747.4,-2.9,-0.3,7.2744529,893.8,35.1,0.34768647
1943.1,3746.9,1.9,-0.5,7.2806014,894.3,35.1,0.34732156
1943.2,3746.5,0.1,-0.4,7.2801988,894.9,35.1,0.34688367
1947.2,3746,4,-0.5,7.2942112,895.4,35.1,0.34651876
1943.1,3745.8,-4.1,-0.2,7.278464,896,35.1,0.34608086
1950.2,3745.1,7.1,-0.7,7.303694,896.5,35.1,0.34571595
1944.1,3744.9,-6.1,-0.2,7.2804601,897,35.1,0.34535104
1945.3,3744.5,1.2,-0.4,7.2841758,897.6,35.1,0.34491315
1940.1,3744.4,-5.2,-0.1,7.2645104,898.1,35.1,0.34454824
1944.2,3743.9,4.1,-0.5,7.2788904,898.7,35.1,0.34411035
1946.1,3743.5,1.9,-0.4,7.2852254,899.2,35.1,0.34374544
1942.3,3743.3,-3.8,-0.2,7.2706116,899.7,35.1,0.34338053
-45,3812.7,-1987.3,69.4,-0.1715715,899.7,35.1,0.34338053
-39,3815.1,6,2.4,-0.1487889,899.7,35.1,0.34338053
-42,3817.2,-3,2.1,-0.1603224,899.7,35.1,0.34338053
-45,3819,-3,1.8,-0.171855,899.7,35.1,0.34338053
-41,3820.4,4,1.4,-0.1566364,899.7,35.1,0.34338053
-43,3821.9,-2,1.5,-0.1643417,899.7,35.1,0.34338053
-41,3823.1,2,1.2,-0.1567471,899.7,35.1,0.34338053
-42,3824.4,-1,1.3,-0.1606248,899.6,35.1,0.34345351
-43,3825.6,-1,1.2,-0.1645008,899.6,35.1,0.34345351
-47,3826.9,-4,1.3,-0.1798643,899.6,35.1,0.34345351
-41,3827.7,6,0.8,-0.1569357,899.6,35.1,0.34345351
-46,3828.9,-5,1.2,-0.1761294,899.6,35.1,0.34345351
-40,3829.7,6,0.8,-0.153188,899.6,35.1,0.34345351
-44,3830.8,-4,1.1,-0.1685552,899.6,35.1,0.34345351
-38,3831.4,6,0.6,-0.1455932,899.6,35.1,0.34345351
-46,3832.6,-8,1.2,-0.1762996,899.5,35.1,0.34352649
-42,3833.3,4,0.7,-0.1609986,899.5,35.1,0.34352649
-48,3834.3,-6,1,-0.1840464,899.5,35.1,0.34352649
-45,3835,3,0.7,-0.172575,899.5,35.1,0.34352649
-40,3835.6,5,0.6,-0.153424,899.5,35.1,0.34352649
-47,3836.5,-7,0.9,-0.1803155,899.5,35.1,0.34352649
-48,3837.3,-1,0.8,-0.1841904,899.5,35.1,0.34352649
-38,3837.7,10,0.4,-0.1458326,899.5,35.1,0.34352649
-39,3838.3,-1,0.6,-0.1496937,899.4,35.1,0.34359947
-43,3839.1,-4,0.8,-0.1650813,899.4,35.1,0.34359947
519.1,3820.3,562.1,-18.8,1.9831177,899.6,35.1,0.34345351
1082,3800.4,562.9,-19.9,4.1120328,899.9,35.1,0.34323456
1074.1,3799.8,-7.9,-0.6,4.0813652,900.2,35.1,0.34301562
1080,3799,5.9,-0.8,4.10292,900.5,35.1,0.34279667
1072.1,3798.7,-7.9,-0.3,4.0725863,900.8,35.1,0.34257773
1077.9,3798,5.8,-0.7,4.0938642,901.1,35.1,0.34235878
1076.1,3797.6,-1.8,-0.4,4.0865974,901.4,35.1,0.34213983
808,3806.6,-268.1,9,3.0757328,901.6,35.1,0.34199387
540.1,3816,-267.9,9.4,2.0610216,901.7,35.1,0.34192089
541,3816.4,0.9,0.4,2.0646724,901.9,35.1,0.34177492
537.1,3816.7,-3.9,0.3,2.0499496,902,35.1,0.34170194
542.1,3816.8,5,0.1,2.0690873,902.2,35.1,0.34155598
539,3817.1,-3.1,0.3,2.0574169,902.3,35.1,0.341483
537.1,3817.4,-1.9,0.3,2.0503255,902.5,35.1,0.34133703
541.9,3817.4,4.8,0,2.0686491,902.6,35.1,0.34126405
535.1,3817.8,-6.8,0.4,2.0429048,902.8,35.1,0.34111808
542,3817.7,6.9,-0.1,2.0691934,902.9,35.1,0.3410451
534.1,3818.1,-7.9,0.4,2.0392472,903.1,35.1,0.34089914
541,3818,6.9,-0.1,2.065538,903.2,35.1,0.34082616
539,3818.2,-2,0.2,2.0580098,903.4,35.1,0.34068019
543.2,3818.2,4.2,0,2.0740462,903.5,35.1,0.34060721
540,3818.5,-3.2,0.3,2.06199,903.7,35.1,0.34046125
542.1,3818.5,2.1,0,2.0700088,903.8,35.1,0.34038826
537,3818.8,-5.1,0.3,2.0506956,904,35.1,0.3402423
540,3818.8,3,0,2.062152,904.1,35.1,0.34016932
208.2,3830.5,-331.8,11.7,0.7975101,904.2,35.1,0.34009634
-132.9,3842.9,-341.1,12.4,-0.51072141,904.2,35.1,0.34009634
-462,3855.3,-329.1,12.4,-1.7811486,904,35.1,0.3402423
-788.8,3867.9,-326.8,12.6,-3.0509995,903.8,35.1,0.34038826
-800.9,3870,-12.1,2.1,-3.099483,903.6,35.1,0.34053423
-795,3871.2,5.9,1.2,-3.077604,903.4,35.1,0.34068019
-794.9,3872.4,0.1,1.2,-3.0781708,903.2,35.1,0.34082616
-790,3873.5,4.9,1.1,-3.060065,902.9,35.1,0.3410451
-800.9,3875,-10.9,1.5,-3.1034875,902.7,35.1,0.34119107
-795,3875.9,5.9,0.9,-3.0813405,902.5,35.1,0.34133703
-792.9,3876.8,2.1,0.9,-3.0739147,902.3,35.1,0.341483
-790.9,3877.7,2,0.9,-3.0668729,902.1,35.1,0.34162896
-794,3878.8,-3.1,1.1,-3.0797672,901.8,35.1,0.34184791
-795.9,3879.8,-1.9,1,-3.0879328,901.6,35.1,0.34199387
-793.9,3880.6,2,0.8,-3.0808083,901.4,35.1,0.34213983
-790.9,3881.4,3,0.8,-3.0697993,901.2,35.1,0.3422858
-796.9,3882.4,-6,1,-3.0938846,901,35.1,0.34243176
-798.9,3883.3,-2,0.9,-3.1023684,900.7,35.1,0.34265071
-792.9,3883.9,6,0.6,-3.0795443,900.5,35.1,0.34279667
-793,3884.7,-0.1,0.8,-3.0805671,900.3,35.1,0.34294264
-795.9,3885.5,-2.9,0.8,-3.0924695,900.1,35.1,0.3430886
-797,3886.3,-1.1,0.8,-3.0973811,899.8,35.1,0.34330755
-535,3877.9,262,-8.4,-2.0746765,899.7,35.1,0.34338053
-282.2,3869.5,252.8,-8.4,-1.0919729,899.6,35.1,0.34345351
-27,3860.6,255.2,-8.9,-0.1042362,899.6,35.1,0.34345351
231,3851.5,258,-9.1,0.8896965,899.7,35.1,0.34338053
488,3842.1,257,-9.4,1.8749448,899.8,35.1,0.34330755
738,3832.7,250,-9.4,2.8285326,900,35.1,0.34316158
997,3822.8,259,-9.9,3.8113316,900.3,35.1,0.34294264
1255,3812.7,258,-10.1,4.7849385,900.6,35.1,0.34272369
1513,3802.3,258,-10.4,5.7528799,901.1,35.1,0.34235878
1509.2,3801,-3.8,-1.3,5.7364692,901.5,35.1,0.34206685
1508,3799.6,-1.2,-1.4,5.7297968,901.9,35.1,0.34177492
1509.2,3798.3,1.2,-1.3,5.7323944,902.3,35.1,0.341483
1510,3797.1,0.8,-1.2,5.733621,902.7,35.1,0.34119107
1505.2,3796.2,-4.8,-0.9,5.7140402,903.2,35.1,0.34082616
1510,3794.9,4.8,-1.3,5.730299,903.6,35.1,0.34053423
1091.1,3808.5,-418.9,13.6,4.1554543,903.9,35.1,0.34031528
672,3822.7,-419.1,14.2,2.5688544,904.1,35.1,0.34016932
670.1,3822.9,-1.9,0.2,2.5617253,904.3,35.1,0.34002335
673,3822.8,2.9,-0.1,2.5727444,904.4,35.1,0.33995037
672.1,3822.8,-0.9,0,2.5693039,904.6,35.1,0.33980441
676.1,3822.6,4,-0.2,2.5844599,904.8,35.1,0.33965844
673.1,3822.6,-3,0,2.5729921,905,35.1,0.33951248
675,3822.4,1.9,-0.2,2.58012,905.2,35,0.33936652
675,3822.3,0,-0.1,2.5800525,905.4,35,0.33922055
679.1,3822,4.1,-0.3,2.5955202,905.6,35,0.33907459
674,3822.1,-5.1,0.1,2.5760954,905.8,35,0.33892862
380.2,3832.2,-293.8,10.1,1.4570024,905.9,35,0.33885564
91,3842.5,-289.2,10.3,0.3496675,905.9,35,0.33885564
-207.1,3853.5,-298.1,11,-0.79805985,905.8,35,0.33892862
-205,3854.4,2.1,0.9,-0.790152,905.8,35,0.33892862
-202.1,3855,2.9,0.6,-0.7790955,905.7,35,0.33900161
-199,3855.6,3.1,0.6,-0.7672644,905.7,35,0.33900161
-198.2,3856.3,0.8,0.7,-0.76431866,905.6,35,0.33907459
-201.9,3857,-3.7,0.7,-0.7787283,905.5,35,0.33914757
-202.1,3857.6,-0.2,0.6,-0.77962096,905.5,35,0.33914757
-197,3857.9,5.1,0.3,-0.7600063,905.4,35,0.33922055
-202.1,3858.7,-5.1,0.8,-0.77984327,905.4,35,0.33922055
-200,3859.1,2.1,0.4,-0.77182,905.3,35,0.33929353
-195.1,3859.4,4.9,0.3,-0.75296894,905.3,35,0.33929353
-199,3860,-3.9,0.6,-0.76814,905.2,35,0.33936652
-205.1,3860.7,-6.1,0.7,-0.79182957,905.2,35,0.33936652
-203,3861,2.1,0.3,-0.783783,905.1,35,0.3394395
-200.1,3861.3,2.9,0.3,-0.77264613,905,35,0.33951248
-203,3861.8,-2.9,0.5,-0.7839454,905,35,0.33951248
-197.1,3862,5.9,0.2,-0.7612002,904.9,35,0.33958546
-197,3862.4,0.1,0.4,-0.7608928,904.9,35,0.33958546
-202.1,3862.9,-5.1,0.5,-0.78069209,904.8,35,0.33965844
-201,3863.2,1.1,0.3,-0.7765032,904.8,35,0.33965844
-199.1,3863.5,1.9,0.3,-0.76922285,904.7,35,0.33973143
-195,3863.7,4.1,0.2,-0.7534215,904.7,35,0.33973143
-204,3864.3,-9,0.6,-0.7883172,904.6,35,0.33980441
-202.1,3864.6,1.9,0.3,-0.78103566,904.5,35,0.33987739
-199,3864.7,3.1,0.1,-0.7690753,904.5,35,0.33987739
-203,3865.2,-4,0.5,-0.7846356,904.4,35,0.33995037
-202,3865.4,1,0.2,-0.7808108,904.4,35,0.33995037
-141.1,3863.6,60.9,-1.8,-0.54515396,904.3,35,0.34002335
-71,3861.3,70.1,-2.3,-0.2741523,904.3,35,0.34002335
0,3859,71,-2.3,0,904.3,35,0.34002335
72,3856.6,72,-2.4,0.2776752,904.3,35,0.34002335
135.2,3854.3,63.2,-2.3,0.52110136,904.4,35,0.33995037
209,3851.7,73.8,-2.6,0.8050053,904.4,35,0.33995037
274.1,3849.2,65.1,-2.5,1.0550657,904.5,35,0.33987739
349,3846.4,74.9,-2.8,1.3423936,904.6,35,0.33980441
410.1,3844,61.1,-2.4,1.5764244,904.7,35,0.33973143
477,3841.4,66.9,-2.6,1.8323478,904.9,35,0.33958546
543,3838.7,66,-2.7,2.0844141,905,35,0.33951248
616,3835.7,73,-3,2.3627912,905.2,35,0.33936652
612,3835.4,-4,-0.3,2.3472648,905.3,35,0.33929353
609.1,3835.1,-2.9,-0.3,2.3359594,905.5,35,0.33914757
602.9,3834.9,-6.2,-0.2,2.3120612,905.7,35,0.33900161
610,3834.3,7.1,-0.6,2.338923,905.9,35,0.33885564
616,3833.8,6,-0.5,2.3616208,906,35,0.33878266
615.1,3833.5,-0.9,-0.3,2.3579858,906.2,35,0.3386367
609.9,3833.3,-5.2,-0.2,2.3379297,906.4,35,0.33849073
610,3833,0.1,-0.3,2.33813,906.5,35,0.33841775
613.1,3832.6,3.1,-0.4,2.3497671,906.7,35,0.33827179
610,3832.4,-3.1,-0.2,2.337764,906.9,35,0.33812582
614.1,3832,4.1,-0.4,2.3532312,907,35,0.33805284
607,3832,-7.1,0,2.326024,907.2,35,0.33790687
615.2,3831.5,8.2,-0.5,2.3571388,907.4,35,0.33776091
614,3831.3,-1.2,-0.2,2.3524182,907.6,35,0.33761495
568.1,3832.7,-45.9,1.4,2.1773569,907.7,35,0.33754196
518,3834.2,-50.1,1.5,1.9861156,907.9,35,0.337396
474.1,3835.7,-43.9,1.5,1.8185054,908,35,0.33732302
429,3837.2,-45.1,1.5,1.6461588,908.1,35,0.33725004
385.1,3838.7,-43.9,1.5,1.4782834,908.2,35,0.33717705
389,3838.6,3.9,-0.1,1.4932154,908.3,35,0.33710407
377.2,3839.1,-11.8,0.5,1.4481085,908.4,35,0.33703109
383,3838.8,5.8,-0.3,1.4702604,908.5,35,0.33695811
388.1,3838.7,5.1,-0.1,1.4897995,908.6,35,0.33688513
386,3838.8,-2.1,0.1,1.4817768,908.7,35,0.33681214
382.3,3838.9,-3.7,0.1,1.4676115,908.9,35,0.33666618
382.2,3838.9,-0.1,0,1.4672276,909,35,0.3365932
385,3838.8,2.8,-0.1,1.477938,909.1,35,0.33652022
389.2,3838.6,4.2,-0.2,1.4939831,909.2,35,0.33644723
389.1,3838.6,-0.1,0,1.4935993,909.3,35,0.33637425
382.1,3838.8,-7,0.2,1.4668055,909.4,35,0.33630127
388,3838.6,5.9,-0.2,1.4893768,909.5,35,0.33622829
382.1,3838.8,-5.9,0.2,1.4668055,909.6,35,0.33615531
386.1,3838.6,4,-0.2,1.4820835,909.7,35,0.33608232
382.1,3838.7,-4,0.1,1.4667673,909.8,35,0.33600934
389.2,3838.5,7.1,-0.2,1.4939442,909.9,35,0.33593636
381.1,3838.7,-8.1,0.2,1.4629286,910,35,0.33586338
385.2,3838.6,4.1,-0.1,1.4786287,910.1,35,0.3357904
385,3838.6,-0.2,0,1.477861,910.2,35,0.33571741
381.1,3838.7,-3.9,0.1,1.4629286,910.3,35,0.33564443
389,3838.4,7.9,-0.3,1.4931376,910.5,35,0.33549847
389.1,3838.4,0.1,0,1.4935214,910.6,35,0.33542549
385.1,3838.5,-4,0.1,1.4782064,910.7,35,0.3353525
385,3838.5,-0.1,0,1.4778225,910.8,35,0.33527952
387.1,3838.4,2.1,-0.1,1.4858446,910.9,35,0.33520654
385,3838.4,-2.1,0,1.477784,911,35,0.33513356
384.2,3838.5,-0.8,0.1,1.4747517,911.1,35,0.33506058
392.9,3838.1,8.7,-0.4,1.5079895,911.2,35,0.33498759
381.1,3838.5,-11.8,0.4,1.4628524,911.3,35,0.33491461
387,3838.3,5.9,-0.2,1.4854221,911.4,35,0.33484163
388.2,3838.2,1.2,-0.1,1.4899892,911.5,35,0.33476865
381,3838.5,-7.2,0.3,1.4624685,911.6,35,0.33469566
386.1,3838.3,5.1,-0.2,1.4819676,911.7,35,0.33462268
382,3838.4,-4.1,0.1,1.4662688,911.8,35,0.3345497
207.1,3844.5,-174.9,6.1,0.79619595,911.9,35,0.33447672
37,3850.6,-170.1,6.1,0.1424722,911.9,35,0.33447672
-132,3856.9,-169,6.3,-0.5091108,911.9,35,0.33447672
-312,3863.8,-180,6.9,-1.2055056,911.8,35,0.3345497
-485.9,3870.6,-173.9,6.8,-1.8807245,911.7,35,0.33462268
-657,3877.6,-171.1,7,-2.5475832,911.5,35,0.33476865
-653,3878.5,4,0.9,-2.5326605,911.3,35,0.33491461
-659,3879.7,-6,1.2,-2.5567223,911.1,35,0.33506058
-661.9,3880.6,-2.9,0.9,-2.5685691,910.9,35,0.33520654
-653,3881.1,8.9,0.5,-2.5343583,910.7,35,0.3353525
-654.9,3881.9,-1.9,0.8,-2.5422563,910.6,35,0.33542549
-654.9,3882.6,0,0.7,-2.5427147,910.4,35,0.33557145
-657,3883.4,-2.1,0.8,-2.5513938,910.2,35,0.33571741
-657.9,3884.1,-0.9,0.7,-2.5553494,910,35,0.33586338
-653,3884.5,4.9,0.4,-2.5365785,909.8,35,0.33600934
-662.9,3885.5,-9.9,1,-2.575698,909.7,35,0.33608232
-654.1,3885.8,8.8,0.3,-2.5417018,909.5,35,0.33622829
-658.9,3886.6,-4.8,0.8,-2.5608807,909.3,35,0.33637425
-653,3886.9,5.9,0.3,-2.5381457,909.1,35,0.33652022
-657.9,3887.6,-4.9,0.7,-2.557652,908.9,35,0.33666618
-657.1,3888.1,0.8,0.5,-2.5548705,908.7,35,0.33681214
-659.9,3888.7,-2.8,0.6,-2.5661531,908.6,35,0.33688513
-654,3889.1,5.9,0.4,-2.5434714,908.4,35,0.33703109
-653.9,3889.5,0.1,0.4,-2.543344,908.2,35,0.33717705
-651.1,3889.9,2.8,0.4,-2.5327139,908,35,0.33732302
-659,3890.6,-7.9,0.7,-2.5639054,907.8,35,0.33746898
-658.9,3891.1,0.1,0.5,-2.5638458,907.6,35,0.33761495
-658,3891.5,0.9,0.4,-2.560607,907.5,35,0.33768793
-656.9,3891.9,1.1,0.4,-2.5565891,907.3,35,0.33783389
-658.1,3892.4,-1.2,0.5,-2.5615884,907.1,35,0.33797986
-655.9,3892.7,2.2,0.3,-2.5532219,906.9,34.9,0.33812582
-657.9,3893.2,-2,0.5,-2.5613363,906.7,34.9,0.33827179
-658,3893.7,-0.1,0.5,-2.5620546,906.6,34.9,0.33834477
-650.9,3893.8,7.1,0.1,-2.5344744,906.4,34.9,0.33849073
-656,3894.4,-5.1,0.6,-2.5547264,906.2,34.9,0.3386367
-651.9,3894.6,4.1,0.2,-2.5388897,906,34.9,0.33878266
-728,3897.6,-76.1,3,-2.8374528,905.8,34.9,0.33892862
-726.9,3898,1.1,0.4,-2.8334562,905.6,34.9,0.33907459
-730,3898.6,-3.1,0.6,-2.845978,905.4,34.9,0.33922055
-732.9,3899.1,-2.9,0.5,-2.8576504,905.2,34.9,0.33936652
-51,3875.8,681.9,-23.3,-0.1976658,905.2,34.9,0.33936652
642.2,3851.1,693.2,-24.7,2.4731764,905.4,34.9,0.33922055
1326,3825.9,683.8,-25.2,5.0731434,905.7,34.9,0.33900161
2003.1,3800.3,677.1,-25.6,7.6123809,906.3,34.9,0.33856371
2006.1,3797.5,3,-2.8,7.6181648,906.8,34.9,0.3381988
2010.2,3795.1,4.1,-2.4,7.62891,907.4,34.9,0.33776091
2008.1,3793.1,-2.1,-2,7.6169241,908,34.9,0.33732302
2009.3,3791,1.2,-2.1,7.6172563,908.5,34.9,0.33695811
2010.1,3789.2,0.8,-1.8,7.6166709,909.1,34.9,0.33652022
2008.2,3787.5,-1.9,-1.7,7.6060575,909.6,34.9,0.33615531
2012.1,3785.7,3.9,-1.8,7.617207,910.2,34.9,0.33571741
2016,3784,3.9,-1.7,7.628544,910.8,34.9,0.33527952
2007.2,3782.8,-8.8,-1.2,7.5928362,911.3,34.9,0.33491461
2008.1,3781.3,0.9,-1.5,7.5932285,911.9,34.9,0.33447672
2013.2,3779.6,5.1,-1.7,7.6090907,912.4,34.9,0.33411181
2006.1,3778.6,-7.1,-1,7.5802495,913,34.9,0.33367392
2007.2,3777.2,1.1,-1.4,7.5815958,913.5,34.9,0.33330901
2010.1,3775.8,2.9,-1.4,7.5897356,914.1,34.9,0.33287111
2009.1,3774.6,-1,-1.2,7.5835489,914.7,34.9,0.33243322
2015.2,3773.1,6.1,-1.5,7.6035511,915.2,34.9,0.33206831
2011.1,3772.1,-4.1,-1,7.5860703,915.8,34.9,0.33163042
2013.2,3770.8,2.1,-1.3,7.5913746,916.3,34.9,0.33126551
2007.2,3769.9,-6,-0.9,7.5669433,916.9,34.9,0.33082762
2010.1,3768.8,2.9,-1.1,7.5756649,917.5,34.9,0.33038972
2009.3,3767.8,-0.8,-1,7.5706405,918,34.9,0.33002481
2009.1,3766.7,-0.2,-1.1,7.567677,918.6,34.9,0.32958692
2010.2,3765.6,1.1,-1.1,7.5696091,919.1,34.9,0.32922201
2007.2,3764.7,-3,-0.9,7.5565058,919.7,34.9,0.32878412
2008.1,3763.7,0.9,-1,7.557886,920.2,34.9,0.32841921
2012.2,3762.7,4.1,-1,7.5713049,920.8,34.9,0.32798132
2021.1,3761.4,8.9,-1.3,7.6021655,921.4,34.9,0.32754342
2038.2,3759.9,17.1,-1.5,7.6634282,921.9,34.9,0.32717851
2036.2,3759.1,-2,-0.8,7.6542794,922.5,34.9,0.32674062
2046.1,3757.7,9.9,-1.4,7.68863,923.1,34.9,0.32630273
2060.3,3756.4,14.2,-1.3,7.7393109,923.6,34.9,0.32593782
2072.1,3755.1,11.8,-1.3,7.7809427,924.2,34.9,0.32549993
2081.3,3754,9.2,-1.1,7.8132002,924.8,34.9,0.32506203
2095.2,3752.6,13.9,-1.4,7.8624475,925.4,34.9,0.32462414
2103.2,3751.4,8,-1.2,7.8899445,926,34.9,0.32418625
2112.3,3750.3,9.1,-1.1,7.9217587,926.5,34.9,0.32382134
2120.2,3749.2,7.9,-1.1,7.9490538,927.1,34.9,0.32338345
2135.2,3747.8,15,-1.4,8.0023026,927.7,34.9,0.32294556
2141.3,3746.8,6.1,-1,8.0230228,928.3,34.9,0.32250766
2153,3745.5,11.7,-1.3,8.0640615,928.9,34.9,0.32206977
2158.3,3744.6,5.3,-0.9,8.0819702,929.5,34.9,0.32163188
2155.2,3743.9,-3.1,-0.7,8.0688533,930.1,34.9,0.32119399
2161.2,3742.9,6,-1,8.0891555,930.7,34.9,0.32075609
2154.3,3742.4,-6.9,-0.5,8.0622523,931.3,34.9,0.3203182
2158.3,3741.5,4,-0.9,8.0752795,931.9,34.9,0.31988031
2161.1,3740.7,2.8,-0.8,8.0840268,932.5,34.9,0.31944242
2153.2,3740.2,-7.9,-0.5,8.0533986,933.1,34.9,0.31900452
2150.3,3739.7,-2.9,-0.5,8.0414769,933.7,34.9,0.31856663
2154.2,3738.8,3.9,-0.9,8.054123,934.3,35,0.31812874
2160.2,3738,6,-0.8,8.0748276,934.9,35,0.31769085
2156.3,3737.5,-3.9,-0.5,8.0591712,935.5,35,0.31725296
2157.2,3736.8,0.9,-0.7,8.061025,936.1,35,0.31681506
2154.2,3736.2,-3,-0.6,8.048522,936.7,35,0.31637717
2155.3,3735.6,1.1,-0.6,8.0513387,937.3,35,0.31593928
2151.2,3735.1,-4.1,-0.5,8.0349471,937.9,35,0.31550139
2150.2,3734.6,-1,-0.5,8.0301369,938.5,35,0.31506349
2159.2,3733.7,9,-0.9,8.061805,939.1,35,0.3146256
2156.3,3733.2,-2.9,-0.5,8.0498992,939.7,35,0.31418771
2159.2,3732.5,2.9,-0.7,8.059214,940.3,35,0.31374982
2157.1,3732,-2.1,-0.5,8.0502972,940.9,35,0.31331193
2156.3,3731.5,-0.8,-0.5,8.0462334,941.5,35,0.31287403
1676.2,3747.9,-480.1,16.4,6.28223,942,35,0.31250912
1673.1,3748.1,-3.1,0.2,6.2709461,942.4,35,0.31221719
1678.2,3748,5.1,-0.1,6.2898936,942.9,35,0.31185228
1673.1,3748.1,-5.1,0.1,6.2709461,943.4,35,0.31148737
1676.1,3747.9,3,-0.2,6.2818552,943.8,35,0.31119545
1679.2,3747.7,3.1,-0.2,6.2931378,944.3,35,0.31083054
1676.1,3747.7,-3.1,0,6.28152,944.8,35,0.31046563
1673.1,3747.7,-3,0,6.2702769,945.2,35,0.3101737
1682.2,3747.2,9.1,-0.5,6.3035398,945.7,35,0.30980879
1673.1,3747.4,-9.1,0.2,6.2697749,946.1,35,0.30951686
1673.1,3747.3,0,-0.1,6.2696076,946.6,35,0.30915195
1385.2,3757.3,-287.9,10,5.204612,947,35,0.30886002
1094,3767.8,-291.2,10.5,4.1219732,947.3,35,0.30864107
798.1,3778.9,-295.9,11.1,3.0159401,947.5,35,0.30849511
513.1,3789.8,-285,10.9,1.9445464,947.7,35,0.30834915
221.1,3801.2,-292,11.4,0.84044532,947.7,35,0.30834915
-70,3812.8,-291.1,11.6,-0.266896,947.7,35,0.30834915
-365,3824.9,-295,12.1,-1.3960885,947.6,35,0.30842213
-650,3836.8,-285,11.9,-2.49392,947.4,35,0.30856809
-650.9,3838.9,-0.9,2.1,-2.49874,947.2,35,0.30871406
-651.9,3840.8,-1,1.9,-2.5038175,947.1,35,0.30878704
-643,3842.2,8.9,1.4,-2.4705346,946.9,35,0.308933
-645.9,3843.9,-2.9,1.7,-2.482775,946.7,35,0.30907897
-645,3845.4,0.9,1.5,-2.480283,946.5,35,0.30922493
-648.9,3847,-3.9,1.6,-2.4963183,946.3,35,0.30937089
-644,3848.2,4.9,1.2,-2.4782408,946.2,35,0.30944388
-647.9,3849.6,-3.9,1.4,-2.4941558,946,35,0.30958984
-649,3851,-1.1,1.4,-2.499299,945.8,35,0.3097358
-653,3852.3,-4,1.3,-2.5155519,945.6,35,0.30988177
-646.9,3853.3,6.1,1,-2.4926998,945.4,35,0.31002773
-650,3854.5,-3.1,1.2,-2.505425,945.3,35,0.31010072
-651.9,3855.7,-1.9,1.2,-2.5135308,945.1,35,0.31024668
-648,3856.6,3.9,0.9,-2.4990768,944.9,35,0.31039264
-647,3857.6,1,1,-2.4958672,944.7,35,0.31053861
-647.9,3858.6,-0.9,1,-2.4999869,944.5,35,0.31068457
-646,3859.5,1.9,0.9,-2.493237,944.4,35,0.31075755
-650.9,3860.7,-4.9,1.2,-2.5129296,944.2,35,0.31090352
-651,3861.6,-0.1,0.9,-2.5139016,944,35,0.31104948
-649,3862.4,2,0.8,-2.5066976,943.8,35,0.31119545
-649,3863.2,0,0.8,-2.5072168,943.6,35,0.31134141
-652,3864.2,-3,1,-2.5194584,943.5,35,0.31141439
-648.9,3864.9,3.1,0.7,-2.5079336,943.3,35,0.31156036
-647,3865.6,1.9,0.7,-2.5010432,943.1,35,0.31170632
-650.9,3866.4,-3.9,0.8,-2.5166398,942.9,35,0.31185228
-646,3867.1,4.9,0.7,-2.4981466,942.7,35,0.31199825
-643.9,3867.7,2.1,0.6,-2.490412,942.6,35,0.31207123
-516,3863.9,127.9,-3.8,-1.9937724,942.4,35,0.31221719
-382.1,3859.8,133.9,-4.1,-1.4748296,942.3,35,0.31229018
-250,3855.5,132.1,-4.3,-0.963875,942.2,35,0.31236316
-119.1,3851.1,130.9,-4.4,-0.45866601,942.2,35,0.31236316
16,3846.5,135.1,-4.6,0.061544,942.2,35,0.31236316
145.1,3841.9,129.1,-4.6,0.55745969,942.3,35,0.31229018
286.1,3836.8,141,-5.1,1.0977085,942.3,35,0.31229018
414,3832,127.9,-4.8,1.586448,942.5,35,0.31214421
544,3827.1,130,-4.9,2.0819424,942.6,35,0.31207123
679.1,3821.8,135.1,-5.3,2.5953844,942.8,35,0.31192527
813,3816.5,133.9,-5.3,3.1028145,943,35,0.3117793
947,3811.1,134,-5.4,3.6091117,943.3,35,0.31156036
947,3810.2,0,-0.9,3.6082594,943.5,35,0.31141439
947.1,3809.5,0.1,-0.7,3.6079774,943.8,35,0.31119545
1011,3806.6,63.9,-2.9,3.8484726,944.1,35,0.3109765
1075,3803.6,64,-3,4.08887,944.4,35,0.31075755
1141.1,3800.5,66.1,-3.1,4.3367505,944.7,35,0.31053861
1210.9,3797.2,69.8,-3.3,4.5980295,945,35,0.31031966
1272,3794.2,61.1,-3,4.8262224,945.4,35,0.31002773
1343.1,3790.8,71.1,-3.4,5.0914235,945.8,35,0.3097358
1409,3787.6,65.9,-3.2,5.3367284,946.2,35,0.30944388
1475.1,3784.3,66.1,-3.3,5.5822209,946.6,35,0.30915195
1533.2,3781.2,58.1,-3.1,5.7973358,947,35,0.30886002
1607.1,3777.6,73.9,-3.6,6.070981,947.4,35,0.30856809
1670.1,3774.4,63,-3.2,6.3036254,947.9,35,0.30820318
1737.2,3770.9,67.1,-3.5,6.5508075,948.4,35,0.30783827
1733.2,3769.9,-4,-1,6.5339907,948.9,35,0.30747336
1734.1,3768.8,0.9,-1.1,6.5354761,949.3,35,0.30718143
1706.1,3768.8,-28,0,6.4299497,949.8,35,0.30681652
1673.1,3769,-33,0.2,6.3059139,950.3,35,0.30645161
1634.1,3769.5,-39,0.5,6.15974,950.7,35,0.30615968
1604.1,3769.7,-30,0.2,6.0469758,951.2,35,0.30579477
1573.1,3770.1,-31,0.4,5.9307443,951.6,35,0.30550285
1541.2,3770.6,-31.9,0.5,5.8112487,952.1,35,0.30513794
1508.1,3771.1,-33.1,0.5,5.6871959,952.5,35,0.30484601
1479.1,3771.5,-29,0.4,5.5784257,952.9,35,0.30455408
1482.1,3770.9,3,-0.6,5.5888509,953.3,35,0.30426215
1481.2,3770.4,-0.9,-0.5,5.5847165,953.7,35,0.30397022
1531.1,3768.1,49.9,-2.3,5.7693379,954.1,35,0.3036783
1573.1,3766,42,-2.1,5.9242946,954.6,35,0.30331338
1621.1,3763.7,48,-2.3,6.1013341,955,35,0.30302146
1671.2,3761.2,50.1,-2.5,6.2857174,955.5,35,0.30265655
1716.1,3759,44.9,-2.2,6.4508199,956,35,0.30229164
1765.2,3756.5,49.1,-2.5,6.6309738,956.4,35,0.30199971
1811.2,3754.1,46,-2.4,6.7994259,957,35,0.30156182
1859.1,3751.6,47.9,-2.5,6.9745996,957.5,35,0.30119691
1909.1,3749.1,50,-2.5,7.1574068,958,35,0.300832
1954.2,3746.6,45.1,-2.5,7.3216057,958.5,35,0.30046709
1957.1,3745.6,2.9,-1,7.3305138,959.1,35,0.30002919
1956.2,3744.8,-0.9,-0.8,7.3255778,959.6,35,0.29966428
1953.4,3744.2,-2.8,-0.6,7.3139203,960.2,35,0.29922639
1956.1,3743.3,2.7,-0.9,7.3222691,960.7,35,0.29886148
1959.1,3742.5,3,-0.8,7.3319318,961.3,35,0.29842359
1958.3,3741.8,-0.8,-0.7,7.3275669,961.8,35,0.29805868
1956.2,3741.2,-2.1,-0.6,7.3185354,962.3,35,0.29769377
597.1,3788.3,-1359.1,47.1,2.2619939,962.5,35,0.2975478
-757.9,3837.1,-1355,48.8,-2.9081381,962.3,35,0.29769377
-759,3840.1,-1.1,3,-2.9146359,962.1,35,0.29783973
-761.9,3842.6,-2.9,2.5,-2.9276769,961.9,35,0.2979857
-748.9,3844.1,13,1.5,-2.8788465,961.7,35,0.29813166
-764,3846.5,-15.1,2.4,-2.938726,961.5,35,0.29827762
-757.9,3848,6.1,1.5,-2.9163992,961.2,35,0.29849657
-751.9,3849.3,6,1.3,-2.8942887,961,35,0.29864253
-751,3850.8,0.9,1.5,-2.8919508,960.8,35,0.2987885
-751.9,3852.3,-0.9,1.5,-2.8965444,960.6,35,0.29893446
-759,3853.9,-7.1,1.6,-2.9251101,960.4,35,0.29908043
-756,3855.1,3,1.2,-2.9144556,960.2,35,0.29922639
-756.9,3856.4,-0.9,1.3,-2.9189092,960,35,0.29937235
-753,3857.4,3.9,1,-2.9046222,959.8,35,0.29951832
-757.9,3858.7,-4.9,1.3,-2.9245087,959.6,35,0.29966428
-756.9,3859.8,1,1.1,-2.9214826,959.4,35,0.29981025
-759,3860.9,-2.1,1.1,-2.9304231,959.1,35,0.30002919
-756.9,3861.9,2.1,1,-2.9230721,958.9,35,0.30017516
-757.9,3862.9,-1,1,-2.9276919,958.7,35,0.30032112
-753,3863.8,4.9,0.9,-2.9094414,958.5,35,0.30046709
-755.9,3864.8,-2.9,1,-2.9214023,958.3,35,0.30061305
-753.9,3865.6,2,0.8,-2.9142758,958.1,35,0.30075901
-757.9,3866.6,-4,1,-2.9304961,957.9,35,0.30090498
-759.9,3867.5,-2,0.9,-2.9389133,957.7,35,0.30105094
-757,3868.3,2.9,0.8,-2.9283031,957.5,35,0.30119691
-752.1,3868.9,4.9,0.6,-2.9097997,957.3,35,0.30134287
-756.9,3869.8,-4.8,0.9,-2.9290516,957,35,0.30156182
-756.9,3870.6,0,0.8,-2.9296571,956.8,35,0.30170778
-758,3871.5,-1.1,0.9,-2.934597,956.6,35,0.30185374
-752.9,3872,5.1,0.5,-2.9152288,956.4,35,0.30199971
-753,3872.7,-0.1,0.7,-2.9161431,956.2,35,0.30214567
-758.9,3873.6,-5.9,0.9,-2.939675,956,35,0.30229164
-756.9,3874.2,2,0.6,-2.932382,955.8,35,0.3024376
-758,3874.9,-1.1,0.7,-2.9371742,955.6,35,0.30258356
-750.9,3875.3,7.1,0.4,-2.9099628,955.4,35,0.30272953
-757,3876.1,-6.1,0.8,-2.9342077,955.2,35,0.30287549
-761.8,3876.8,-4.8,0.7,-2.9533462,954.9,35,0.30309444
-729,3876.3,32.8,-0.5,-2.8258227,954.7,35,0.3032404
-700.9,3875.9,28.1,-0.4,-2.7166183,954.5,35,0.30338637
-672,3875.4,28.9,-0.5,-2.6042688,954.4,35,0.30345935
-643.9,3874.9,28.1,-0.5,-2.4950481,954.2,35,0.30360531
-643,3875.2,0.9,0.3,-2.4917536,954,35,0.30375128
-649.9,3875.9,-6.9,0.7,-2.5189474,953.8,35,0.30389724
-643,3876.1,6.9,0.2,-2.4923323,953.6,35,0.30404321
-645,3876.6,-2,0.5,-2.500407,953.5,35,0.30411619
-641.9,3876.9,3.1,0.3,-2.4885821,953.3,35,0.30426215
-646,3877.4,-4.1,0.5,-2.5048004,953.1,35,0.30440812
-647.9,3877.9,-1.9,0.5,-2.5124914,952.9,35,0.30455408
-643.9,3878.2,4,0.3,-2.497173,952.8,35,0.30462706
-645,3878.6,-1.1,0.4,-2.501697,952.6,35,0.30477303
1769,3794.9,2414,-83.7,6.7131781,953.1,35,0.30440812
1780.1,3791.3,11.1,-3.6,6.7488931,953.6,35,0.30404321
1769.2,3789.3,-10.9,-2,6.7040296,954,35,0.30375128
1767.1,3787.3,-2.1,-2,6.6925378,954.5,35,0.30338637
1773.1,3785.2,6,-2.1,6.7115381,955,35,0.30302146
1769.2,3783.6,-3.9,-1.6,6.6939451,955.5,35,0.30265655
1779.2,3781.6,10,-2,6.7282227,956,35,0.30229164
1769.1,3780.4,-10.1,-1.2,6.6879056,956.5,35,0.30192673
1776.1,3778.6,7,-1.8,6.7111715,957,35,0.30156182
1777.2,3777.2,1.1,-1.4,6.7128398,957.5,35,0.30119691
1771.1,3776.1,-6.1,-1.1,6.6878507,958,35,0.300832
1541.2,3782.8,-229.9,6.7,5.8300514,958.4,35,0.30054007
1302,3790.2,-239.2,7.4,4.9348404,958.8,35,0.30024814
1074.1,3797.6,-227.9,7.4,4.0790022,959.1,35,0.30002919
835.1,3805.6,-239,8,3.1780566,959.3,35,0.29988323
601,3813.7,-234.1,8.1,2.2920337,959.5,35,0.29973726
362.1,3822.2,-238.9,8.5,1.3840186,959.6,35,0.29966428
135.2,3830.6,-226.9,8.4,0.51789712,959.6,35,0.29966428
-105,3839.5,-240.2,8.9,-0.4031475,959.6,35,0.29966428
-339.9,3848.5,-234.9,9,-1.3081051,959.5,35,0.29973726
-574,3857.8,-234.1,9.3,-2.2143772,959.3,35,0.29988323
-804.9,3867.1,-230.9,9.3,-3.1126288,959.1,35,0.30002919
-806.9,3868.5,-2,1.4,-3.1214926,958.9,35,0.30017516
-809,3869.9,-2.1,1.4,-3.1307491,958.7,35,0.30032112
-801.9,3870.8,7.1,0.9,-3.1039945,958.4,35,0.30054007
-804.9,3872,-3,1.2,-3.1165728,958.2,35,0.30068603
-801.9,3872.9,3,0.9,-3.1056785,958,35,0.300832
-807.9,3874.1,-6,1.2,-3.1298854,957.8,35,0.30097796
-803.9,3874.8,4,0.7,-3.1149517,957.5,35,0.30119691
-806.9,3875.9,-3,1.1,-3.1274637,957.3,35,0.30134287
-807,3876.7,-0.1,0.8,-3.1284969,957.1,35,0.30148883
-802.9,3877.4,4.1,0.7,-3.1131645,956.9,35,0.3016348
2076.1,3777.7,2879,-99.7,7.842883,957.4,35,0.30126989
2075.3,3774.2,-0.8,-3.5,7.8325973,958,35,0.300832
2079.2,3771.5,3.9,-2.7,7.8417028,958.6,35,0.3003941
1807.2,3778.8,-272,7.3,6.8290474,959.1,35,0.30002919
1551.1,3786,-256.1,7.2,5.8724646,959.5,35,0.29973726
1276.2,3794.5,-274.9,8.5,4.8425409,959.9,35,0.29944534
1023,3802.6,-253.2,8.1,3.8900598,960.2,35,0.29922639
752.1,3811.6,-270.9,9,2.8667044,960.4,35,0.29908043
488.1,3820.7,-264,9.1,1.8648837,960.5,35,0.29900744
499.1,3820.4,11,-0.3,1.9067616,960.7,35,0.29886148
490.1,3820.8,-9,0.4,1.8725741,960.8,35,0.2987885
489.1,3820.8,-1,0,1.8687533,960.9,35,0.29871552
491,3820.7,1.9,-0.1,1.8759637,961.1,35,0.29856955
491,3820.6,0,-0.1,1.8759146,961.2,35,0.29849657
490.1,3820.6,-0.9,0,1.8724761,961.3,35,0.29842359
488.1,3820.6,-2,0,1.8648349,961.5,35,0.29827762
490,3820.4,1.9,-0.2,1.871996,961.6,35,0.29820464
491,3820.3,1,-0.1,1.8757673,961.7,35,0.29813166
488.1,3820.3,-2.9,0,1.8646884,961.9,35,0.2979857
489,3820.2,0.9,-0.1,1.8680778,962,35,0.29791271
490.1,3820.1,1.1,-0.1,1.872231,962.2,35,0.29776675
492,3820,1.9,-0.1,1.87944,962.3,35,0.29769377
495,3819.8,3,-0.2,1.890801,962.4,35,0.29762079
487.1,3819.9,-7.9,0.1,1.8606733,962.6,35,0.29747482
491.1,3819.8,4,-0.1,1.8759038,962.7,35,0.29740184
493,3819.6,1.9,-0.2,1.8830628,962.8,35,0.29732886
490.2,3819.6,-2.8,0,1.8723679,963,35,0.29718289
493.1,3819.4,2.9,-0.2,1.8833461,963.1,35,0.29710991
490,3819.4,-3.1,0,1.871506,963.2,35,0.29703693
492.1,3819.3,2.1,-0.1,1.8794775,963.4,35,0.29689096
492.1,3819.2,0,-0.1,1.8794283,963.5,35,0.29681798
489,3819.2,-3.1,0,1.8675888,963.7,35,0.29667202
492.9,3818.9,3.9,-0.3,1.8823358,963.8,35,0.29659904
492.1,3818.9,-0.8,0,1.8792807,963.9,35,0.29652605
487,3818.9,-5.1,0,1.8598043,964.1,35,0.29638009
492.1,3818.7,5.1,-0.2,1.8791823,964.2,35,0.29630711
492,3818.6,-0.1,-0.1,1.8787512,964.3,35,0.29623413
488.1,3818.7,-3.9,0.1,1.8639075,964.5,35,0.29608816
487,3818.6,-1.1,-0.1,1.8596582,964.6,35,0.29601518
487,3818.6,0,0,1.8596582,964.7,35,0.2959422
488.1,3818.5,1.1,-0.1,1.8638098,964.9,35,0.29579623
489,3818.3,0.9,-0.2,1.8671487,965,35,0.29572325
495.1,3818.1,6.1,-0.2,1.8903413,965.2,35,0.29557729
728,3809.8,232.9,-8.3,2.7735344,965.4,35,0.29543132
961.1,3801.2,233.1,-8.6,3.6533333,965.6,35,0.29528536
1206,3792,244.9,-9.2,4.573152,966,35,0.29499343
1203,3791.1,-3,-0.9,4.5606933,966.3,35,0.29477449
1205.1,3790.3,2.1,-0.8,4.5676905,966.6,35,0.29455554
1196,3789.8,-9.1,-0.5,4.5326008,967,35,0.29426361
1204.1,3788.9,8.1,-0.9,4.5622145,967.3,35,0.29404467
1199,3788.3,-5.1,-0.6,4.5421717,967.6,35,0.29382572
1201.1,3787.6,2.1,-0.7,4.5492864,968,35,0.29353379
1202,3787,0.9,-0.6,4.551974,968.3,35,0.29331484
1207,3786.3,5,-0.7,4.5700641,968.6,35,0.2930959
1203,3785.8,-4,-0.5,4.5543174,969,35,0.29280397
1203,3785.3,0,-0.5,4.5537159,969.3,35,0.29258502
1211.1,3784.5,8.1,-0.8,4.5834079,969.6,35,0.29236608
1205,3784.1,-6.1,-0.4,4.5598405,970,35,0.29207415
1206.1,3783.6,1.1,-0.5,4.5634,970.3,35,0.2918552
1205,3783.1,-1.1,-0.5,4.5586355,970.6,35,0.29163626
1208,3782.5,3,-0.6,4.56926,971,35,0.29134433
1202.1,3782.3,-5.9,-0.2,4.5467028,971.3,35,0.29112538
1205,3781.7,2.9,-0.6,4.5569485,971.6,35,0.29090644
1205.1,3781.3,0.1,-0.4,4.5568446,972,35,0.29061451
1198,3781.1,-7.1,-0.2,4.5297578,972.3,35,0.29039556
1204,3780.4,6,-0.7,4.5516016,972.6,35,0.29017662
1206.2,3780,2.2,-0.4,4.559436,973,35,0.28988469
1202,3779.7,-4.2,-0.3,4.5431994,973.3,35,0.28966574
1204.1,3779.2,2.1,-0.5,4.5505347,973.6,35,0.2894468
1205.1,3778.8,1,-0.4,4.5538319,974,35,0.28915487
1201,3778.5,-4.1,-0.3,4.5379785,974.3,35,0.28893592
1208.1,3777.9,7.1,-0.6,4.564081,974.6,35,0.28871698
1203.1,3777.7,-5,-0.2,4.5449509,975,35,0.28842505
1204,3777.3,0.9,-0.4,4.5478692,975.3,35,0.2882061
1206.1,3776.9,2.1,-0.4,4.5553191,975.7,35,0.28791417
1075.2,3781.1,-130.9,4.2,4.0654387,976,35,0.28769523
1077,3780.9,1.8,-0.2,4.0720293,976.3,35,0.28747628
1075,3780.8,-2,-0.1,4.06436,976.5,35,0.28733032
1075.1,3780.6,0.1,-0.2,4.0645231,976.8,35,0.28711137
1077,3780.3,1.9,-0.3,4.0713831,977.1,35,0.28689242
1083,3779.9,6,-0.4,4.0936317,977.4,35,0.28667348
1078.1,3779.8,-4.9,-0.1,4.0750024,977.7,35,0.28645453
1076,3779.7,-2.1,-0.1,4.0669572,978,35,0.28623559
1079,3779.3,3,-0.4,4.0778647,978.3,35,0.28601664
1073.1,3779.4,-5.9,0.1,4.0556741,978.6,35,0.28579769
1074,3779.1,0.9,-0.3,4.0587534,978.9,35,0.28557875
1076,3778.9,2,-0.2,4.0660964,979.2,35,0.2853598
1075,3778.7,-1,-0.2,4.0621025,979.5,35,0.28514086
1077,3778.4,2,-0.3,4.0693368,979.8,35,0.28492191
1077,3778.2,0,-0.2,4.0691214,980.1,35,0.28470296
1073,3778.2,-4,0,4.0540086,980.4,35,0.28448402
1080,3777.7,7,-0.5,4.079916,980.7,35,0.28426507
1077.1,3777.6,-2.9,-0.1,4.068853,981,35,0.28404612
1081,3777.3,3.9,-0.3,4.0832613,981.3,35,0.28382718
1074,3777.4,-7,0.1,4.0569276,981.6,35,0.28360823
1081,3776.9,7,-0.5,4.0828289,981.9,35,0.28338929
1080.1,3776.8,-0.9,-0.1,4.0793217,982.2,35,0.28317034
943,3781.4,-137.1,4.6,3.5658602,982.5,35,0.28295139
811.1,3786,-131.9,4.6,3.0708246,982.7,35,0.28280543
673.1,3791,-138,5,2.5517221,982.9,35,0.28265947
538,3796.1,-135.1,5.1,2.0423018,983.1,35,0.2825135
409.3,3801.1,-128.7,5,1.5557902,983.2,35,0.28244052
272.1,3806.4,-137.2,5.3,1.0357214,983.2,35,0.28244052
143.1,3811.6,-129,5.2,0.54543996,983.3,35,0.28236754
12,3817,-131.1,5.4,0.045804,983.3,35,0.28236754
-123,3822.5,-135,5.5,-0.4701675,983.3,35,0.28236754
-265.1,3828.5,-142.1,6,-1.0149354,983.2,35,0.28244052
-261,3829.5,4.1,1,-0.9994995,983.1,35,0.2825135
-267.1,3830.6,-6.1,1.1,-1.0231533,983,35,0.28258648
-265,3831.4,2.1,0.8,-1.015321,983,35,0.28258648
-118.1,3827.1,146.9,-4.3,-0.45198051,982.9,35,0.28265947
20,3822.9,138.1,-4.2,0.076458,982.9,35,0.28265947
161.1,3818.3,141.1,-4.6,0.61512813,983,35,0.28258648
297,3813.7,135.9,-4.6,1.1326689,983.1,35,0.2825135
435.9,3808.9,138.9,-4.8,1.6602995,983.2,35,0.28244052
586.1,3803.5,150.2,-5.4,2.2292314,983.3,35,0.28236754
723,3798.4,136.9,-5.1,2.7462432,983.5,35,0.28222157
855.1,3793.4,132.1,-5,3.2437363,983.8,35,0.28200263
996,3787.9,140.9,-5.5,3.7727484,984.1,35,0.28178368
1140.1,3782.2,144.1,-5.7,4.3120862,984.4,35,0.28156474
1278,3776.6,137.9,-5.6,4.8264948,984.7,35,0.28134579
1410,3771.1,132,-5.5,5.317251,985.1,35,0.28105386
1416.1,3769.9,6.1,-1.2,5.3385554,985.5,35,0.28076193
1408.1,3769.4,-8,-0.5,5.3076921,985.9,35,0.28047
1343.1,3770.9,-65,1.5,5.0646958,986.3,35,0.28017808
1271,3772.8,-72.1,1.9,4.7952288,986.6,35,0.27995913
1201.1,3774.7,-69.9,1.9,4.5337922,987,35,0.2796672
1125,3777,-76.1,2.3,4.249125,987.3,35,0.27944826
1051.1,3779.3,-73.9,2.3,3.9724222,987.6,35,0.27922931
989,3781.2,-62.1,1.9,3.7396068,987.8,35,0.27908335
915.1,3783.7,-73.9,2.5,3.4624639,988.1,35,0.2788644
839,3786.3,-76.1,2.6,3.1767057,988.3,35,0.27871844
771.1,3788.7,-67.9,2.4,2.9214666,988.5,35,0.27857247
696,3791.4,-75.1,2.7,2.6388144,988.7,35,0.27842651
625.1,3794,-70.9,2.6,2.3716294,988.9,35,0.27828054
553.1,3796.8,-72,2.8,2.1000101,989.1,35,0.27813458
486.1,3799.4,-67,2.6,1.8468883,989.2,35,0.2780616
415.2,3802.2,-70.9,2.8,1.5786734,989.3,35,0.27798861
407,3802.8,-8.2,0.6,1.5477396,989.4,35,0.27791563
405.2,3803.2,-1.8,0.4,1.5410566,989.5,35,0.27784265
409,3803.4,3.8,0.2,1.5555906,989.7,35,0.27769669
413.1,3803.5,4.1,0.1,1.5712259,989.8,35,0.2776237
407,3803.9,-6.1,0.4,1.5481873,989.9,35,0.27755072
404.2,3804.2,-2.8,0.3,1.5376576,990,35,0.27747774
404.1,3804.4,-0.1,0.2,1.537358,990.1,35,0.27740476
408.1,3804.5,4,0.1,1.5526165,990.2,35,0.27733178
407,3804.8,-1.1,0.3,1.5485536,990.3,35,0.27725879
413.1,3804.7,6.1,-0.1,1.5717216,990.5,35,0.27711283
1845.1,3754.5,1432,-50.2,6.927428,991,35,0.27674792
1846.1,3752.5,1,-2,6.9274902,991.5,35,0.27638301
1840.2,3751.2,-5.9,-1.3,6.9029582,992,35,0.2760181
1842.2,3749.9,2,-1.3,6.9080658,992.5,35,0.27565319
1844.1,3748.7,1.9,-1.2,6.9129777,993,35,0.27528828
1843.2,3747.7,-0.9,-1,6.9077606,993.5,35,0.27492337
1845.1,3746.7,1.9,-1,6.9130362,994,35,0.27455846
1841.2,3745.9,-3.9,-0.8,6.8969511,994.5,35,0.27419355
1847.1,3744.8,5.9,-1.1,6.9170201,995.1,35,0.27375566
1845.3,3744.1,-1.8,-0.7,6.9089877,995.6,35,0.27339075
1841.1,3743.4,-4.2,-0.7,6.8919737,996.1,35,0.27302584
1841.2,3742.6,0.1,-0.8,6.8908751,996.6,35,0.27266093
1849.2,3741.5,8,-1.1,6.9187818,997.1,35,0.27229602
1845.2,3740.9,-4,-0.6,6.9027087,997.6,35,0.2719311
1846.2,3740.2,1,-0.7,6.9051572,998.1,35,0.27156619
1841.1,3739.7,-5.1,-0.5,6.8851617,998.6,35,0.27120128
1847.2,3738.8,6.1,-0.9,6.9063114,999.2,35,0.27076339
1844.1,3738.2,-3.1,-0.6,6.8936146,999.7,35,0.27039848
1842.2,3737.7,-1.9,-0.5,6.8855909,1000.2,35,0.27003357
1847.2,3736.9,5,-0.8,6.9028017,1000.7,35,0.26966866
1846.1,3736.3,-1.1,-0.6,6.8975834,1001.2,35,0.26930375
1841.1,3735.9,-5,-0.4,6.8781655,1001.7,35,0.26893884
1845.2,3735.2,4.1,-0.7,6.892191,1002.2,35,0.26857393
1847.1,3734.6,1.9,-0.6,6.8981797,1002.7,35,0.26820902
1846.2,3734,-0.9,-0.6,6.8937108,1003.3,35,0.26777113
1844.1,3733.5,-2.1,-0.5,6.8849474,1003.8,35,0.26740622
1842.2,3733.1,-1.9,-0.4,6.8771168,1004.3,35,0.26704131
1843.2,3732.5,1,-0.6,6.879744,1004.8,35,0.2666764
1844.1,3731.9,0.9,-0.6,6.8819968,1005.3,35,0.26631149
1842.2,3731.5,-1.9,-0.4,6.8741693,1005.8,35,0.26594658
1848.1,3730.8,5.9,-0.7,6.8948915,1006.3,35,0.26558167
1839.3,3730.7,-8.8,-0.1,6.8618765,1006.8,35,0.26521676
1844.1,3730,4.8,-0.7,6.878493,1007.4,35,0.26477886
1840.1,3729.7,-4,-0.3,6.863021,1007.9,35,0.26441395
1578.1,3738.4,-262,8.7,5.899569,1008.3,35,0.26412203
1310,3747.8,-268.1,9.4,4.909618,1008.7,35,0.2638301
1306.1,3748.1,-3.9,0.3,4.8953934,1009,35,0.26361115
1307,3748.2,0.9,0.1,4.8988974,1009.4,35,0.26331922
1306,3748.2,-1,0,4.8951492,1009.8,35,0.2630273
1306.1,3748.3,0.1,0.1,4.8956546,1010.1,35,0.26280835
1313,3748.1,6.9,-0.2,4.9212553,1010.5,35,0.26251642
1308.2,3748.2,-4.8,0.1,4.9033952,1010.9,35,0.26222449
1309,3748.1,0.8,-0.1,4.9062629,1011.2,35,0.26200555
1313.1,3747.9,4.1,-0.2,4.9213675,1011.6,35,0.26171362
1309.2,3748,-3.9,0.1,4.9068816,1011.9,35,0.26149467
1310,3748,0.8,0,4.90988,1012.3,35,0.26120274
1313.1,3747.8,3.1,-0.2,4.9212362,1012.7,35,0.26091082
1308,3747.8,-5.1,0,4.9021224,1013,35,0.26069187
1309.1,3747.8,1.1,0,4.906245,1013.4,35,0.26039994
1312,3747.6,2.9,-0.2,4.9168512,1013.8,35,0.26010801
1308.2,3747.6,-3.8,0,4.9026103,1014.1,35,0.25988907
1313.1,3747.4,4.9,-0.2,4.9207109,1014.5,35,0.25959714
1306.1,3747.5,-7,0.1,4.8946097,1014.9,35,0.25930521
1308,3747.4,1.9,-0.1,4.9015992,1015.2,35,0.25908626
1311.1,3747.2,3.1,-0.2,4.9129539,1015.6,35,0.25879434
1309.1,3747.1,-2,-0.1,4.9053286,1015.9,35,0.25857539
1312.1,3746.9,3,-0.2,4.9163075,1016.3,35,0.25828346
1308,3746.9,-4.1,0,4.9009452,1016.7,35,0.25799153
1310,3746.8,2,-0.1,4.908308,1017,35,0.25777259
1310,3746.6,0,-0.2,4.908046,1017.4,35,0.25748066
1309.1,3746.5,-0.9,-0.1,4.9045432,1017.8,35,0.25718873
1316.1,3746.2,7,-0.3,4.9303738,1018.1,35,0.25696979
1307,3746.4,-9.1,0.2,4.8965448,1018.5,35,0.25667786
1309,3746.2,2,-0.2,4.9037758,1018.9,35,0.25638593
1305.1,3746.2,-3.9,0,4.8891656,1019.2,35,0.25616698
1311.1,3745.9,6,-0.3,4.9112495,1019.6,35,0.25587505
1308.1,3745.9,-3,0,4.9000118,1019.9,35,0.25565611
2234.1,3713.2,926,-32.7,8.2956601,1020.6,35,0.25514523
2239.2,3711.6,5.1,-1.6,8.3110147,1021.2,35,0.25470734
2235.2,3710.6,-4,-1,8.2939331,1021.8,35,0.25426945
2237.2,3709.5,2,-1.1,8.2988934,1022.4,35,0.25383156
2237.2,3708.6,0,-0.9,8.2968799,1023.1,35,0.25332068
2080.2,3713.2,-157,4.6,7.7241986,1023.6,35,0.25295577
1924.1,3718.1,-156.1,4.9,7.1539962,1024.2,35,0.25251788
1760.3,3723.4,-163.8,5.3,6.554301,1024.7,35,0.25215297
1604.1,3728.7,-156.2,5.3,5.9812077,1025.1,35,0.25186104
1444.1,3734.2,-160,5.5,5.3925582,1025.5,35,0.25156911
1288.2,3739.8,-155.9,5.6,4.8176104,1025.9,35,0.25127719
1133.1,3745.5,-155.1,5.7,4.244026,1026.2,35,0.25105824
970,3751.6,-163.1,6.1,3.639052,1026.4,35.1,0.25091228
813.1,3757.6,-156.9,6,3.0553046,1026.7,35.1,0.25069333
656.2,3763.8,-156.9,6.2,2.4698056,1026.9,35.1,0.25054737
497,3770.2,-159.2,6.4,1.8737894,1027,35.1,0.25047438
340.1,3776.6,-156.9,6.4,1.2844217,1027.1,35.1,0.2504014
184.2,3783.1,-155.9,6.5,0.69684702,1027.1,35.1,0.2504014
22,3790,-162.2,6.9,0.08338,1027.1,35.1,0.2504014
26,3791,4,1,0.098566,1027.1,35.1,0.2504014
19,3792.4,-7,1.4,0.0720556,1027.2,35.1,0.25032842
27,3793.1,8,0.7,0.1024137,1027.2,35.1,0.25032842
26,3794,-1,0.9,0.098644,1027.2,35.1,0.25032842
26,3795,0,1,0.09867,1027.2,35.1,0.25032842
26,3795.8,0,0.8,0.0986908,1027.2,35.1,0.25032842
25,3796.7,-1,0.9,0.0949175,1027.2,35.1,0.25032842
25,3797.5,0,0.8,0.0949375,1027.2,35.1,0.25032842
25,3798.2,0,0.7,0.094955,1027.2,35.1,0.25032842
20,3799.1,-5,0.9,0.075982,1027.2,35.1,0.25032842
17,3799.8,-3,0.7,0.0645966,1027.2,35.1,0.25032842
21,3800.4,4,0.6,0.0798084,1027.2,35.1,0.25032842
26,3800.8,5,0.4,0.0988208,1027.2,35.1,0.25032842
25,3801.5,-1,0.7,0.0950375,1027.2,35.1,0.25032842
25,3802.1,0,0.6,0.0950525,1027.2,35.1,0.25032842
21,3802.8,-4,0.7,0.0798588,1027.2,35.1,0.25032842
21,3803.3,0,0.5,0.0798693,1027.3,35.1,0.25025544
24,3803.8,3,0.5,0.0912912,1027.3,35.1,0.25025544
24,3804.3,0,0.5,0.0913032,1027.3,35.1,0.25025544
27,3804.7,3,0.4,0.1027269,1027.3,35.1,0.25025544
26,3805.2,-1,0.5,0.0989352,1027.3,35.1,0.25025544
25,3805.7,-1,0.5,0.0951425,1027.3,35.1,0.25025544
20,3806.4,-5,0.7,0.076128,1027.3,35.1,0.25025544
23,3806.7,3,0.3,0.0875541,1027.3,35.1,0.25025544
27,3807,4,0.3,0.102789,1027.3,35.1,0.25025544
27,3807.4,0,0.4,0.1027998,1027.3,35.1,0.25025544
23,3807.9,-4,0.5,0.0875817,1027.3,35.1,0.25025544
23,3808.3,0,0.4,0.0875909,1027.3,35.1,0.25025544
27,3808.5,4,0.2,0.1028295,1027.3,35.1,0.25025544
21,3809.1,-6,0.6,0.0799911,1027.3,35.1,0.25025544
24,3809.4,3,0.3,0.0914256,1027.3,35.1,0.25025544
24,3809.7,0,0.3,0.0914328,1027.4,35.1,0.25018246
24,3810.1,0,0.4,0.0914424,1027.4,35.1,0.25018246
19,3810.6,-5,0.5,0.0724014,1027.4,35.1,0.25018246
26,3810.7,7,0.1,0.0990782,1027.4,35.1,0.25018246
22,3811.1,-4,0.4,0.0838442,1027.4,35.1,0.25018246
25,3811.3,3,0.2,0.0952825,1027.4,35.1,0.25018246
23,3811.7,-2,0.4,0.0876691,1027.4,35.1,0.25018246
22,3812,-1,0.3,0.083864,1027.4,35.1,0.25018246
25,3812.2,3,0.2,0.095305,1027.4,35.1,0.25018246
25,3812.4,0,0.2,0.09531,1027.4,35.1,0.25018246
23,3812.8,-2,0.4,0.0876944,1027.4,35.1,0.25018246
23,3813.1,0,0.3,0.0877013,1027.4,35.1,0.25018246
26,3813.2,3,0.1,0.0991432,1027.4,35.1,0.25018246
25,3813.5,-1,0.3,0.0953375,1027.4,35.1,0.25018246
22,3813.9,-3,0.4,0.0839058,1027.4,35.1,0.25018246
20,3814.2,-2,0.3,0.076284,1027.5,35.1,0.25010947
25,3814.3,5,0.1,0.0953575,1027.5,35.1,0.25010947
26,3814.4,1,0.1,0.0991744,1027.5,35.1,0.25010947
29,3814.6,3,0.2,0.1106234,1027.5,35.1,0.25010947
20,3815.1,-9,0.5,0.076302,1027.5,35.1,0.25010947
26,3815.1,6,0,0.0991926,1027.5,35.1,0.25010947
20,3815.5,-6,0.4,0.07631,1027.5,35.1,0.25010947
24,3815.6,4,0.1,0.0915744,1027.5,35.1,0.25010947
18,3816,-6,0.4,0.068688,1027.5,35.1,0.25010947
20,3816.1,2,0.1,0.076322,1027.5,35,0.25010947
23,3816.2,3,0.1,0.0877726,1027.5,35,0.25010947
22,3816.4,-1,0.2,0.0839608,1027.5,35,0.25010947
24,3816.6,2,0.2,0.0915984,1027.5,35,0.25010947
27,3816.6,3,0,0.1030482,1027.5,35,0.25010947
22,3817,-5,0.4,0.083974,1027.5,35,0.25010947
22,3817.1,0,0.1,0.0839762,1027.5,35,0.25010947
23,3817.3,1,0.2,0.0877979,1027.6,35,0.25003649
26,3817.4,3,0.1,0.0992524,1027.6,35,0.25003649
33,3817.3,7,-0.1,0.1259709,1027.6,35,0.25003649
22,3817.8,-11,0.5,0.0839916,1027.6,35,0.25003649
23,3817.9,1,0.1,0.0878117,1027.6,35,0.25003649
27,3817.9,4,0,0.1030833,1027.6,35,0.25003649
26,3818.1,-1,0.2,0.0992706,1027.6,35,0.25003649
28,3818.2,2,0.1,0.1069096,1027.6,35,0.25003649
27,3818.3,-1,0.1,0.1030941,1027.6,35,0.25003649
22,3818.7,-5,0.4,0.0840114,1027.6,35,0.25003649
26,3818.7,4,0,0.0992862,1027.6,35,0.25003649
26,3818.8,0,0.1,0.0992888,1027.6,35,0.25003649
26,3819,0,0.2,0.099294,1027.6,35,0.25003649
26,3819.1,0,0.1,0.0992966,1027.6,35,0.25003649
24,3819.3,-2,0.2,0.0916632,1027.7,35,0.24996351
24,3819.4,0,0.1,0.0916656,1027.7,35,0.24996351
21,3819.6,-3,0.2,0.0802116,1027.7,35,0.24996351
35,3819.3,14,-0.3,0.1336755,1027.7,35,0.24996351
27,3819.7,-8,0.4,0.1031319,1027.7,35,0.24996351
19,3820,-8,0.3,0.07258,1027.7,35,0.24996351
25,3820,6,0,0.0955,1027.7,35,0.24996351
19,3820.3,-6,0.3,0.0725857,1027.7,35,0.24996351
22,3820.3,3,0,0.0840466,1027.7,35,0.24996351
25,3820.3,3,0,0.0955075,1027.7,35,0.24996351
24,3820.4,-1,0.1,0.0916896,1027.7,35,0.24996351
26,3820.5,2,0.1,0.099333,1027.7,35,0.24996351
25,3820.6,-1,0.1,0.095515,1027.7,35,0.24996351
22,3820.8,-3,0.2,0.0840576,1027.7,35,0.24996351
21,3821,-1,0.2,0.080241,1027.7,35,0.24996351
23,3821,2,0,0.087883,1027.8,35,0.24989053
23,3821.2,0,0.2,0.0878876,1027.8,35,0.24989053
26,3821.1,3,-0.1,0.0993486,1027.8,35,0.24989053
26,3821.2,0,0.1,0.0993512,1027.8,35,0.24989053
24,3821.4,-2,0.2,0.0917136,1027.8,35,0.24989053
26,3821.4,2,0,0.0993564,1027.8,35,0.24989053
28,3821.4,2,0,0.1069992,1027.8,35,0.24989053
26,3821.5,-2,0.1,0.099359,1027.8,35,0.24989053
27,3821.6,1,0.1,0.1031832,1027.8,35,0.24989053
197.9,3815.7,170.9,-5.9,0.75512703,1027.9,35,0.24981754
367,3809.6,169.1,-6.1,1.3981232,1028,35,0.24974456
541,3803.1,174,-6.5,2.0574771,1028.1,35,0.24967158
708.1,3796.7,167.1,-6.4,2.6884433,1028.3,35,0.24952562
885,3789.7,176.9,-7,3.3538845,1028.6,35,0.24930667
1054,3782.9,169,-6.8,3.9871766,1028.9,35,0.24908772
1233,3775.6,179,-7.3,4.6553148,1029.2,35,0.24886878
1400,3768.5,167,-7.1,5.2759,1029.6,35,0.24857685
1573.1,3761.1,173.1,-7.4,5.9165864,1030,35,0.24828492
1738.1,3753.8,165,-7.3,6.5244798,1030.5,35,0.24792001
1915.1,3746,177,-7.8,7.1739646,1031,35,0.2475551
2092.2,3738.1,177.1,-7.9,7.8208528,1031.6,35,0.24711721
2263.1,3730.2,170.9,-7.9,8.4418156,1032.2,35,0.24667932
2431.2,3722.4,168.1,-7.8,9.0498989,1032.9,35,0.24616844
2428.3,3720.5,-2.9,-1.9,9.0344901,1033.6,35,0.24565757
2432.2,3718.4,3.9,-2.1,9.0438925,1034.3,35,0.24514669
2435.2,3716.5,3,-1.9,9.0504208,1034.9,35,0.2447088
2429.3,3715.1,-5.9,-1.4,9.0250924,1035.6,35,0.24419793
2431.2,3713.4,1.9,-1.7,9.0280181,1036.3,35,0.24368705
2431.3,3711.8,0.1,-1.6,9.0244993,1037,35,0.24317618
2436.3,3710.2,5,-1.6,9.0391603,1037.7,35,0.2426653
2431.2,3708.9,-5.1,-1.3,9.0170777,1038.3,35,0.24222741
2430.2,3707.5,-1,-1.4,9.0099665,1039,35,0.24171654
2434.2,3706.1,4,-1.4,9.0213886,1039.7,35,0.24120566
2433.2,3704.8,-1,-1.3,9.0145194,1040.4,35,0.24069479
2433.3,3703.6,0.1,-1.2,9.0119699,1041,35,0.2402569
2431.2,3702.4,-2.1,-1.2,9.0012749,1041.7,35,0.23974602
2437.2,3701.1,6,-1.3,9.0203209,1042.4,35,0.23923515
2441.3,3699.8,4.1,-1.3,9.0323217,1043.1,35,0.23872427
2428.2,3699.1,-13.1,-0.7,8.9821546,1043.7,35,0.23828638
2435.2,3697.9,7,-1.2,9.0051261,1044.4,35,0.23777551
2429.2,3697.1,-6,-0.8,8.9809953,1045.1,35,0.23726463
2433.2,3695.9,4,-1.2,8.9928639,1045.8,35,0.23675376
2428.2,3695.1,-5,-0.8,8.9724418,1046.4,35,0.23631587
2430.2,3694,2,-1.1,8.9771588,1047.1,35,0.23580499
2430.3,3693.1,0.1,-0.9,8.9753409,1047.8,35,0.23529412
2434.1,3692,3.8,-1.1,8.9866972,1048.5,35,0.23478324
2434.2,3691.1,0.1,-0.9,8.9848756,1049.1,35,0.23434535
2433.3,3690.3,-0.9,-0.8,8.979607,1049.8,35,0.23383448
2246.2,3696,-187.1,5.7,8.3019552,1050.4,35,0.23339658
2053.2,3702.3,-193,6.3,7.6015624,1051,35,0.23295869
1860.3,3708.7,-192.9,6.4,6.8992946,1051.5,35,0.23259378
1859.1,3708.6,-1.2,-0.1,6.8946583,1052,35,0.23222887
1857.2,3708.4,-1.9,-0.2,6.8872405,1052.6,35,0.23179098
1862.2,3708,5,-0.4,6.9050376,1053.1,35,0.23142607
1862.2,3707.6,0,-0.4,6.9042927,1053.6,35,0.23106116
1861.1,3707.4,-1.1,-0.2,6.8998421,1054.1,35,0.23069625
1863.2,3707,2.1,-0.4,6.9068824,1054.6,35,0.23033134
1857.2,3706.8,-6,-0.2,6.884269,1055.1,35,0.22996643
1862.1,3706.4,4.9,-0.4,6.9016874,1055.7,35.1,0.22952854
1863.2,3706,1.1,-0.4,6.9050192,1056.2,35.1,0.22916363
1858.2,3705.8,-5,-0.2,6.8861176,1056.7,35.1,0.22879872
1870,3705.1,11.8,-0.7,6.928537,1057.2,35.1,0.22843381
1863.2,3705,-6.8,-0.1,6.903156,1057.7,35.1,0.2280689
1865.2,3704.6,2,-0.4,6.9098199,1058.2,35.1,0.22770398
1867.1,3704.2,1.9,-0.4,6.9161118,1058.8,35.1,0.22726609
1860.2,3704,-6.9,-0.2,6.8901808,1059.3,35.1,0.22690118
1864.2,3703.6,4,-0.4,6.9042511,1059.8,35.1,0.22653627
1861.2,3703.3,-3,-0.3,6.892582,1060.3,35.1,0.22617136
1859.2,3703,-2,-0.3,6.8846176,1060.8,35.1,0.22580645
1859.1,3702.7,-0.1,-0.3,6.8836896,1061.4,35.1,0.22536856
1864.2,3702.2,5.1,-0.5,6.9016412,1061.9,35.1,0.22500365
1866.2,3701.8,2,-0.4,6.9082992,1062.4,35.1,0.22463874
1863.1,3701.6,-3.1,-0.2,6.896451,1062.9,35.1,0.22427383
1862.3,3701.3,-0.8,-0.3,6.892931,1063.4,35.1,0.22390892
1860.1,3701,-2.2,-0.3,6.8842301,1063.9,35.1,0.22354401
1860.2,3700.7,0.1,-0.3,6.8840421,1064.5,35.1,0.22310612
1866.2,3700.1,6,-0.6,6.9051266,1065,35.1,0.22274121
1860.1,3700,-6.1,-0.1,6.88237,1065.5,35.1,0.2223763
1861.2,3699.6,1.1,-0.4,6.8856955,1066,35.1,0.22201139
1858.2,3699.4,-3,-0.2,6.8742251,1066.5,35.1,0.22164647
1864.1,3698.9,5.9,-0.5,6.8951195,1067,35.1,0.22128156
1862.2,3698.6,-1.9,-0.3,6.8875329,1067.6,35.1,0.22084367
1858.1,3698.4,-4.1,-0.2,6.871997,1068.1,35.1,0.22047876
1637.2,3705.9,-220.9,7.5,6.0672995,1068.5,35.1,0.22018683
1411.1,3713.9,-226.1,8,5.2406843,1068.9,35.1,0.21989491
1179.1,3722.4,-232,8.5,4.3890818,1069.3,35.1,0.21960298
1170.1,3723.2,-9,0.8,4.3565163,1069.6,35.1,0.21938403
1180,3723.2,9.9,0,4.393376,1069.9,35.1,0.21916509
1179,3723.6,-1,0.4,4.3901244,1070.2,35.1,0.21894614
1178,3723.9,-1,0.3,4.3867542,1070.6,35.1,0.21865421
1177.1,3724.1,-0.9,0.2,4.3836381,1070.9,35.1,0.21843526
1135,3725.8,-42.1,1.7,4.228783,1071.2,35.1,0.21821632
1097.1,3727.4,-37.9,1.6,4.0893305,1071.5,35.1,0.21799737
1096,3727.7,-1.1,0.3,4.0855592,1071.8,35.1,0.21777843
1088.1,3728.2,-7.9,0.5,4.0566544,1072.1,35.1,0.21755948
1098,3728.1,9.9,-0.1,4.0934538,1072.4,35.1,0.21734053
1102.9,3728.1,4.9,0,4.1117215,1072.7,35.1,0.21712159
1095.1,3728.5,-7.8,0.4,4.0830803,1073,35.1,0.21690264
1102,3728.5,6.9,0,4.108807,1073.3,35.1,0.2166837
1100.1,3728.7,-1.9,0.2,4.1019429,1073.6,35.1,0.21646475
1097,3728.9,-3.1,0.2,4.0906033,1073.9,35.1,0.2162458
1101,3728.9,4,0,4.1055189,1074.2,35.1,0.21602686
1098,3729.1,-3,0.2,4.0945518,1074.6,35.1,0.21573493
1098,3729.2,0,0.1,4.0946616,1074.9,35.1,0.21551598
1096.1,3729.4,-1.9,0.2,4.0877953,1075.2,35.1,0.21529704
1101,3729.2,4.9,-0.2,4.1058492,1075.5,35.1,0.21507809
1102.1,3729.3,1.1,0.1,4.1100615,1075.8,35.1,0.21485914
1099,3729.4,-3.1,0.1,4.0986106,1076.1,35.1,0.2146402
1097.1,3729.5,-1.9,0.1,4.0916344,1076.4,35.1,0.21442125
1096,3729.6,-1.1,0.1,4.0876416,1076.7,35.2,0.21420231
1097,3729.6,1,0,4.0913712,1077,35.2,0.21398336
1096,3729.7,-1,0.1,4.0877512,1077.3,35.2,0.21376441
1096.9,3729.7,0.9,0,4.0911079,1077.6,35.2,0.21354547
1093,3729.9,-3.9,0.2,4.0767807,1077.9,35.2,0.21332652
1048,3731.5,-45,1.6,3.910612,1078.2,35.2,0.21310758
995.1,3733.4,-52.9,1.9,3.7151063,1078.5,35.2,0.21288863
942,3735.4,-53.1,2,3.5187468,1078.7,35.2,0.21274267
896.1,3737.3,-45.9,1.9,3.3489945,1079,35.2,0.21252372
836,3739.6,-60.1,2.3,3.1263056,1079.2,35.2,0.21237776
789.1,3741.6,-46.9,2,2.9524966,1079.4,35.2,0.21223179
738,3743.7,-51.1,2.1,2.7628506,1079.6,35.2,0.21208583
681.1,3746,-56.9,2.3,2.5514006,1079.8,35.2,0.21193986
633.2,3748.1,-47.9,2.1,2.3732969,1080,35.2,0.2117939
634,3748.5,0.8,0.4,2.376549,1080.2,35.2,0.21164793
635.1,3748.9,1.1,0.4,2.3809264,1080.4,35.2,0.21150197
626.2,3749.5,-8.9,0.6,2.3479369,1080.5,35.2,0.21142899
731,3746.1,104.8,-3.4,2.7383991,1080.7,35.2,0.21128302
831,3742.8,100,-3.3,3.1102668,1081,35.2,0.21106408
930.1,3739.3,99.1,-3.5,3.4779229,1081.2,35.2,0.21091811
1034,3735.5,103.9,-3.8,3.862507,1081.5,35.2,0.21069917
1138,3731.6,104,-3.9,4.2465608,1081.8,35.2,0.21048022
1136.1,3731.4,-1.9,-0.2,4.2392435,1082.1,35.2,0.21026128
1135.1,3731.1,-1,-0.3,4.2351716,1082.5,35.2,0.20996935
1132,3731,-3.1,-0.1,4.223492,1082.8,35.2,0.2097504
1137.1,3730.6,5.1,-0.4,4.2420653,1083.1,35.2,0.20953146
1133.2,3730.6,-3.9,0,4.2275159,1083.4,35.2,0.20931251
1138,3730.2,4.8,-0.4,4.2449676,1083.7,35.2,0.20909356
1135.1,3730.1,-2.9,-0.1,4.2340365,1084,35.2,0.20887462
1130,3730.1,-5.1,0,4.215013,1084.4,35.2,0.20858269
1130,3729.9,0,-0.2,4.214787,1084.7,35.2,0.20836374
1134.1,3729.6,4.1,-0.3,4.2297394,1085,35.2,0.2081448
1133,3729.5,-1.1,-0.1,4.2255235,1085.3,35.2,0.20792585
1132.1,3729.4,-0.9,-0.1,4.2220537,1085.6,35.2,0.2077069
1130.1,3729.3,-2,-0.1,4.2144819,1085.9,35.2,0.20748796
1133.1,3729,3,-0.3,4.2253299,1086.2,35.2,0.20726901
1135,3728.8,1.9,-0.2,4.232188,1086.6,35.2,0.20697708
1199.1,3726.4,64.1,-2.4,4.4683262,1086.9,35.2,0.20675814
1269.1,3723.7,70,-2.7,4.7257477,1087.2,35.2,0.20653919
1331,3721.1,61.9,-2.6,4.9527841,1087.6,35.2,0.20624726
1391,3718.7,60,-2.4,5.1727117,1088,35.2,0.20595533
1463.1,3715.7,72.1,-3,5.4364407,1088.4,35.2,0.20566341
1525.1,3713,62,-2.7,5.6626963,1088.8,35.2,0.20537148
1592.1,3710.1,67,-2.9,5.9068502,1089.3,35.2,0.20500657
1654.1,3707.3,62,-2.8,6.1322449,1089.7,35.2,0.20471464
1722.2,3704.3,68.1,-3,6.3795455,1090.2,35.2,0.20434973
1787.1,3701.4,64.9,-2.9,6.6147719,1090.7,35.2,0.20398482
1858.1,3698.1,71,-3.3,6.8714396,1091.2,35.2,0.20361991
1919.2,3695.1,61.1,-3,7.0916359,1091.8,35.2,0.20318202
1985.1,3692,65.9,-3.1,7.3289892,1092.3,35.2,0.20281711
1988.1,3691.1,3,-0.9,7.3382759,1092.9,35.2,0.20237921
1983.2,3690.4,-4.9,-0.7,7.3188013,1093.4,35.2,0.2020143
1988.1,3689.5,4.9,-0.9,7.3350949,1094,35.2,0.20157641
1989.2,3688.8,1.1,-0.7,7.337761,1094.5,35.2,0.2012115
1988.3,3688,-0.9,-0.8,7.3328504,1095.1,35.2,0.20077361
1988.1,3687.4,-0.2,-0.6,7.3309199,1095.6,35.2,0.2004087
1986.2,3686.7,-1.9,-0.7,7.3225235,1096.2,35.2,0.19997081
1988.1,3685.9,1.9,-0.8,7.3279378,1096.7,35.2,0.1996059
1986.2,3685.4,-1.9,-0.5,7.3199415,1097.3,35.2,0.199168
1990.3,3684.6,4.1,-0.8,7.3334594,1097.8,35.2,0.19880309
1985.1,3684.2,-5.2,-0.4,7.3135054,1098.4,35.2,0.1983652
1985.2,3683.6,0.1,-0.6,7.3126827,1098.9,35.2,0.19800029
1976.2,3683.3,-9,-0.3,7.2789375,1099.5,35.2,0.1975624
1958.1,3683.4,-18.1,0.1,7.2124655,1100,35.2,0.19719749
1943.2,3683.4,-14.9,0,7.1575829,1100.6,35.2,0.1967596
1933.2,3683.2,-10,-0.2,7.1203622,1101.1,35.2,0.19639469
1922.1,3683.1,-11.1,-0.1,7.0792865,1101.6,35.2,0.19602978
1903.2,3683.3,-18.9,0.2,7.0100566,1102.2,35.2,0.19559188
1891.2,3683.2,-12,-0.1,6.9656678,1102.7,35.2,0.19522697
1878.2,3683.2,-13,0,6.9177862,1103.2,35.2,0.19486206
1877.2,3682.9,-1,-0.3,6.9135399,1103.7,35.2,0.19449715
1877.2,3682.5,0,-0.4,6.912789,1104.2,35.2,0.19413224
1876.1,3682.1,-1.1,-0.4,6.9079878,1104.8,35.2,0.19369435
1877.2,3681.6,1.1,-0.5,6.9110995,1105.3,35.2,0.19332944
1874.1,3681.3,-3.1,-0.3,6.8991243,1105.8,35.2,0.19296453
1877.2,3680.8,3.1,-0.5,6.9095978,1106.3,35.2,0.19259962
1879.2,3680.4,2,-0.4,6.9162077,1106.9,35.2,0.19216173
1880.2,3679.9,1,-0.5,6.918948,1107.4,35.2,0.19179682
1875.2,3679.7,-5,-0.2,6.9001734,1107.9,35.2,0.19143191
1876.1,3679.3,0.9,-0.4,6.9027347,1108.4,35.2,0.191067
1876.2,3678.9,0.1,-0.4,6.9023522,1108.9,35.2,0.19070209
1879.1,3678.4,2.9,-0.5,6.9120814,1109.5,35.2,0.1902642
1877.2,3678.1,-1.9,-0.3,6.9045293,1110,35.2,0.18989928
1877.2,3677.8,0,-0.3,6.9039662,1110.5,35.2,0.18953437
1873.2,3677.5,-4,-0.3,6.888693,1111,35.2,0.18916946
1878.2,3676.9,5,-0.6,6.9059536,1111.5,35.2,0.18880455
1875.1,3676.7,-3.1,-0.2,6.8941802,1112.1,35.2,0.18836666
1873.2,3676.4,-1.9,-0.3,6.8866325,1112.6,35.2,0.18800175
1877.2,3675.9,4,-0.5,6.9003995,1113.1,35.2,0.18763684
1816.1,3677.8,-61.1,1.9,6.6792526,1113.6,35.2,0.18727193
2108.3,3667.1,292.2,-10.7,7.7313469,1114.2,35.2,0.18683404
2418.1,3655.5,309.8,-11.6,8.8393645,1114.9,35.2,0.18632316
2417.2,3654.4,-0.9,-1.1,8.8334157,1115.5,35.2,0.18588527
2423.3,3653.3,6.1,-1.1,8.8530419,1116.2,35.2,0.1853744
2414.2,3652.8,-9.1,-0.5,8.8185898,1116.9,35.2,0.18486352
2411.2,3652.1,-3,-0.7,8.8059435,1117.6,35.2,0.18435265
2421.3,3650.9,10.1,-1.2,8.8399242,1118.2,35.2,0.18391476
2417.2,3650.3,-4.1,-0.6,8.8235052,1118.9,35.2,0.18340388
2412.2,3649.7,-5,-0.6,8.8038063,1119.6,35.2,0.18289301
2415.2,3648.9,3,-0.8,8.8128233,1120.2,35.2,0.18245512
2418.2,3648,3,-0.9,8.8215936,1120.9,35.2,0.18194424
2417.2,3647.4,-1,-0.6,8.8164953,1121.6,35.2,0.18143337
2416.3,3646.8,-0.9,-0.6,8.8117628,1122.3,35.2,0.18092249
2414.2,3646.2,-2.1,-0.6,8.802656,1122.9,35.2,0.1804846
2414.2,3645.6,0,-0.6,8.8012075,1123.6,35.2,0.17997373
2415.3,3644.9,1.1,-0.7,8.803527,1124.3,35.2,0.17946285
2419.2,3644.1,3.9,-0.8,8.8158067,1124.9,35.2,0.17902496
2419.2,3643.5,0,-0.6,8.8143552,1125.6,35.2,0.17851409
2422.2,3642.8,3,-0.7,8.8235902,1126.3,35.2,0.17800321
2417.3,3642.4,-4.9,-0.4,8.8047735,1127,35.2,0.17749234
2181.3,3650.2,-236,7.8,7.9621813,1127.6,35.2,0.17705444
1941.2,3658.4,-240.1,8.2,7.1016861,1128.1,35.2,0.17668953
1699.2,3667.1,-242,8.7,6.2311363,1128.6,35.3,0.17632462
1467.2,3675.7,-232,8.6,5.392987,1129,35.3,0.1760327
1220.1,3684.9,-247.1,9.2,4.4959465,1129.3,35.3,0.17581375
986.2,3694,-233.9,9.1,3.6430228,1129.6,35.3,0.1755948
747.1,3703.5,-239.1,9.5,2.7668848,1129.8,35.3,0.17544884
512.1,3713,-235,9.5,1.9014273,1129.9,35.3,0.17537586
277.1,3722.7,-235,9.7,1.0315602,1130,35.3,0.17530288
36,3732.8,-241.1,10.1,0.1343808,1130,35.3,0.17530288
-206,3743,-242,10.2,-0.771058,1130,35.3,0.17530288
-438,3753.1,-232,10.1,-1.6438578,1129.9,35.3,0.17537586
-440,3755.4,-2,2.3,-1.652376,1129.7,35.3,0.17552182
-438,3757.1,2,1.7,-1.6456098,1129.6,35.3,0.1755948
-439,3758.9,-1,1.8,-1.6501571,1129.5,35.3,0.17566779
-439,3760.6,0,1.7,-1.6509034,1129.4,35.3,0.17574077
-440.9,3762.2,-1.9,1.6,-1.658754,1129.2,35.3,0.17588673
2424.2,3662.7,2865.1,-99.5,8.8791173,1129.9,35.3,0.17537586
2423.3,3659.5,-0.9,-3.2,8.8680663,1130.6,35.3,0.17486498
2423.2,3657.2,-0.1,-2.3,8.862127,1131.3,35.3,0.17435411
2424.3,3655.2,1.1,-2,8.8613014,1131.9,35.3,0.17391622
2422.2,3653.6,-2.1,-1.6,8.8497499,1132.6,35.3,0.17340534
2433.3,3651.8,11.1,-1.8,8.8859249,1133.3,35.3,0.17289447
2428.2,3650.7,-5.1,-1.1,8.8646297,1134,35.3,0.17238359
2426.2,3649.5,-2,-1.2,8.8544169,1134.6,35.3,0.1719457
2424.3,3648.5,-1.9,-1,8.8450586,1135.3,35.3,0.17143483
2428.2,3647.3,3.9,-1.2,8.8563739,1136,35.3,0.17092395
2425.3,3646.4,-2.9,-0.9,8.8436139,1136.7,35.3,0.17041308
2426.2,3645.4,0.9,-1,8.8444695,1137.3,35.3,0.16997519
2424.3,3644.5,-1.9,-0.9,8.8353613,1138,35.3,0.16946431
2424.2,3643.7,-0.1,-0.8,8.8330575,1138.7,35.3,0.16895344
2419.2,3643,-5,-0.7,8.8131456,1139.3,35.3,0.16851555
2425.2,3641.9,6,-1.1,8.8323359,1140,35.3,0.16800467
2117.2,3652,-308,10.1,7.7320144,1140.6,35.3,0.16756678
1813.4,3662.4,-303.8,10.4,6.6413962,1141.1,35.3,0.16720187
1512.1,3673.1,-301.3,10.7,5.5540945,1141.5,35.3,0.16690994
1205.1,3684.3,-307,11.2,4.4399499,1141.9,35.3,0.16661801
905.2,3695.6,-299.9,11.3,3.3452571,1142.1,35.3,0.16647205
589,3707.7,-316.2,12.1,2.1838353,1142.3,35.3,0.16632608
292,3719.4,-297,11.7,1.0860648,1142.4,35.3,0.1662531
-13,3731.7,-305,12.3,-0.0485121,1142.4,35.3,0.1662531
-319.1,3744.3,-306.1,12.6,-1.1948061,1142.3,35.3,0.16632608
-622.9,3757.1,-303.8,12.8,-2.3402976,1142.1,35.3,0.16647205
-923.9,3769.9,-301,12.8,-3.4830106,1141.8,35.3,0.16669099
-918,3772.3,5.9,2.4,-3.4629714,1141.6,35.3,0.16683696
-927.9,3774.8,-9.9,2.5,-3.5026369,1141.3,35.3,0.1670559
-929,3777,-1.1,2.2,-3.508833,1141.1,35.3,0.16720187
-923.9,3778.7,5.1,1.7,-3.4911409,1140.8,35.3,0.16742081
-932,3780.9,-8.1,2.2,-3.5237988,1140.6,35.3,0.16756678
-927.9,3782.5,4.1,1.6,-3.5097818,1140.3,35.3,0.16778572
-932,3784.3,-4.1,1.8,-3.5269676,1140,35.3,0.16800467
-922.9,3785.5,9.1,1.2,-3.493638,1139.8,35.3,0.16815063
-923.9,3787,-1,1.5,-3.4988093,1139.5,35.3,0.16836958
-928,3788.6,-4.1,1.6,-3.5158208,1139.3,35.3,0.16851555
-930.9,3790.2,-2.9,1.6,-3.5282972,1139,35.3,0.16873449
-924,3791.3,6.9,1.1,-3.5031612,1138.8,35.3,0.16888046
-925,3792.6,-1,1.3,-3.508155,1138.5,35.3,0.1690994
-922.9,3793.7,2.1,1.1,-3.5012057,1138.2,35.3,0.16931835
-925,3795,-2.1,1.3,-3.510375,1138,35.3,0.16946431
-923.9,3796.1,1.1,1.1,-3.5072168,1137.7,35.3,0.16968326
-928,3797.4,-4.1,1.3,-3.5239872,1137.5,35.3,0.16982922
-922,3798.3,6,0.9,-3.5020326,1137.2,35.3,0.17004817
-926.9,3799.5,-4.9,1.2,-3.5217566,1137,35.3,0.17019413
-928,3800.6,-1.1,1.1,-3.5269568,1136.7,35.3,0.17041308
-925.9,3801.5,2.1,0.9,-3.5198088,1136.4,35.3,0.17063202
-923.9,3802.4,2,0.9,-3.5130374,1136.2,35.3,0.17077799
-920,3803.2,3.9,0.8,-3.498944,1135.9,35.3,0.17099693
-564,3791.7,356,-11.5,-2.1385188,1135.8,35.3,0.17106992
-205.1,3779.5,358.9,-12.2,-0.77517545,1135.7,35.3,0.1711429
151.1,3767.1,356.2,-12.4,0.56920881,1135.8,35.3,0.17106992
509,3754.1,357.9,-13,1.9108369,1135.9,35.3,0.17099693
867.1,3740.7,358.1,-13.4,3.243561,1136.1,35.3,0.17085097
1231,3726.7,363.9,-14,4.5875677,1136.5,35.3,0.17055904
1591.1,3712.6,360.1,-14.1,5.9071179,1136.9,35.3,0.17026711
1949.2,3698,358.1,-14.6,7.2081416,1137.5,35.3,0.16982922
2309,3683.2,359.8,-14.8,8.5045088,1138.1,35.3,0.16939133
2311.2,3680.5,2.2,-2.7,8.5063716,1138.7,35.3,0.16895344
2307.3,3678.3,-3.9,-2.2,8.4869416,1139.4,35.3,0.16844256
2306.2,3676.2,-1.1,-2.1,8.4780524,1140,35.3,0.16800467
2273.2,3675.4,-33,-0.8,8.3549193,1140.7,35.3,0.1674938
2246.2,3674.4,-27,-1,8.2534373,1141.3,35.3,0.1670559
2215.2,3673.8,-31,-0.6,8.1382018,1141.9,35.3,0.16661801
2188.3,3673.1,-26.9,-0.7,8.0378447,1142.5,35.3,0.16618012
2188.2,3671.6,-0.1,-1.5,8.0341951,1143.1,35.3,0.16574223
2183.2,3670.4,-5,-1.2,8.0132173,1143.7,35.3,0.16530434
2186.2,3668.8,3,-1.6,8.0207306,1144.3,35.3,0.16486644
2190.2,3667.4,4,-1.4,8.0323395,1144.9,35.3,0.16442855
2184.2,3666.2,-6,-1.2,8.007714,1145.5,35.3,0.16399066
2181.3,3665.1,-2.9,-1.1,7.9946826,1146.1,35.3,0.16355277
2181.2,3663.9,-0.1,-1.2,7.9916987,1146.8,35.3,0.16304189
2185.2,3662.6,4,-1.3,8.0035135,1147.4,35.3,0.162604
2095.3,3664.7,-89.9,2.1,7.6786459,1147.9,35.3,0.16223909
2001.1,3667,-94.2,2.3,7.3380337,1148.5,35.3,0.1618012
1905.2,3669.6,-95.9,2.6,6.9913219,1149,35.3,0.16143629
1819.2,3672,-86,2.4,6.6801024,1149.5,35.3,0.16107138
1727.3,3674.7,-91.9,2.7,6.3473093,1150,35.3,0.16070647
1634.1,3677.5,-93.2,2.8,6.0094028,1150.5,35.3,0.16034156
1542.2,3680.4,-91.9,2.9,5.6759129,1150.9,35.3,0.16004963
1454.2,3683.2,-88,2.8,5.3561094,1151.3,35.3,0.1597577
1365.1,3686.3,-89.1,3.1,5.0321681,1151.7,35.3,0.15946577
1269.1,3689.5,-96,3.2,4.6823444,1152,35.3,0.15924683
1269,3689.6,-0.1,0.1,4.6821024,1152.4,35.3,0.1589549
1271.1,3689.4,2.1,-0.2,4.6895963,1152.7,35.3,0.15873595
1265,3689.6,-6.1,0.2,4.667344,1153.1,35.3,0.15844402
1025.1,3698,-239.9,8.4,3.7908198,1153.4,35.3,0.15822508
791,3706.5,-234.1,8.5,2.9318415,1153.6,35.3,0.15807911
546.1,3715.7,-244.9,9.2,2.0291438,1153.7,35.3,0.15800613
307.1,3724.9,-239,9.2,1.1439168,1153.8,35.3,0.15793315
304.1,3726,-3,1.1,1.1330766,1153.9,35.3,0.15786017
310,3726.8,5.9,0.8,1.155308,1154,35.3,0.15778718
309.1,3727.5,-0.9,0.7,1.1521702,1154.1,35.3,0.1577142
310,3728.1,0.9,0.6,1.155711,1154.2,35.3,0.15764122
312,3728.8,2,0.7,1.1633856,1154.3,35.3,0.15756824
313.2,3729.3,1.2,0.5,1.1680168,1154.3,35.3,0.15756824
310,3730,-3.2,0.7,1.1563,1154.4,35.3,0.15749526
309.1,3730.5,-0.9,0.5,1.1530976,1154.5,35.3,0.15742227
317,3730.8,7.9,0.3,1.1826636,1154.6,35.3,0.15734929
313.3,3731.4,-3.7,0.6,1.1690476,1154.7,35.3,0.15727631
312,3731.9,-1.3,0.5,1.1643528,1154.8,35.3,0.15720333
310.1,3732.4,-1.9,0.5,1.1574172,1154.9,35.3,0.15713035
656.1,3720.6,346,-11.8,2.4410857,1155,35.3,0.15705736
1011,3707.9,354.9,-12.7,3.7486869,1155.3,35.3,0.15683842
1359,3694.9,348,-13,5.0213691,1155.7,35.3,0.15654649
1711.1,3681.5,352.1,-13.4,6.2994147,1156.2,35.3,0.15618158
2059.1,3667.9,348,-13.6,7.5525729,1156.8,35.3,0.15574369
2063.3,3666.1,4.2,-1.8,7.5642641,1157.3,35.3,0.15537878
2055.2,3665.1,-8.1,-1,7.5325135,1157.9,35.3,0.15494088
2059.3,3663.7,4.1,-1.4,7.5446574,1158.5,35.3,0.15450299
2062.2,3662.4,2.9,-1.3,7.5526013,1159,35.3,0.15413808
1908.2,3666.8,-154,4.4,6.9969878,1159.6,35.3,0.15370019
1762.2,3671.2,-146,4.4,6.4693886,1160.1,35.3,0.15333528
1613.1,3675.8,-149.1,4.6,5.929433,1160.5,35.3,0.15304335
1466.1,3680.6,-147,4.8,5.3961277,1160.9,35.3,0.15275142
1320,3685.5,-146.1,4.9,4.86486,1161.3,35.3,0.15245949
1169.1,3690.8,-150.9,5.3,4.3149143,1161.6,35.3,0.15224055
1023,3696,-146.1,5.2,3.781008,1161.9,35.3,0.1520216
880.2,3701.3,-142.8,5.3,3.2578843,1162.1,35.3,0.15187564
878.1,3701.7,-2.1,0.4,3.2504628,1162.4,35.3,0.15165669
883,3701.8,4.9,0.1,3.2686894,1162.6,35.3,0.15151073
880.2,3702.1,-2.8,0.3,3.2585884,1162.9,35.3,0.15129178
877,3702.4,-3.2,0.3,3.2470048,1163.1,35.3,0.15114582
882.2,3702.3,5.2,-0.1,3.2661691,1163.4,35.3,0.15092687
874,3702.7,-8.2,0.4,3.2361598,1163.6,35.3,0.15078091
876.2,3702.7,2.2,0,3.2443057,1163.8,35.3,0.15063494
883,3702.6,6.8,-0.1,3.2693958,1164.1,35.3,0.150416
880.1,3702.8,-2.9,0.2,3.2588343,1164.3,35.3,0.15027003
879.1,3702.9,-1,0.1,3.2552194,1164.6,35.3,0.15005109
883,3702.8,3.9,-0.1,3.2695724,1164.8,35.3,0.14990512
879.1,3703,-3.9,0.2,3.2553073,1165.1,35.3,0.14968618
881,3703,1.9,0,3.262343,1165.3,35.3,0.14954021
877.1,3703.2,-3.9,0.2,3.2480767,1165.6,35.3,0.14932127
874.1,3703.4,-3,0.2,3.2371419,1165.8,35.3,0.1491753
880.1,3703.1,6,-0.3,3.2590983,1166,35.3,0.14902934
884.1,3703,4,-0.1,3.2738223,1166.3,35.3,0.14881039
873,3703.4,-11.1,0.4,3.2330682,1166.5,35.3,0.14866443
878.2,3703.3,5.2,-0.1,3.2522381,1166.8,35.3,0.14844548
872.1,3703.5,-6.1,0.2,3.2298224,1167,35.3,0.14829952
777,3706.8,-95.1,3.3,2.8801836,1167.2,35.3,0.14815355
679.1,3710.5,-97.9,3.7,2.5198006,1167.4,35.3,0.14800759
577,3714.3,-102.1,3.8,2.1431511,1167.6,35.3,0.14786163
581,3714.6,4,0.3,2.1581826,1167.7,35.3,0.14778864
579,3714.9,-2,0.3,2.1509271,1167.9,35.3,0.14764268
583.1,3715,4.1,0.1,2.1662165,1168.1,35.3,0.14749672
578,3715.5,-5.1,0.5,2.147559,1168.2,35.3,0.14742373
575.9,3715.8,-2.1,0.3,2.1399292,1168.4,35.3,0.14727777
577.1,3715.9,1.2,0.1,2.1444459,1168.5,35.3,0.14720479
578,3716.1,0.9,0.2,2.1479058,1168.7,35.3,0.14705882
581,3716.1,3,0,2.1590541,1168.9,35.3,0.14691286
673.1,3713.1,92.1,-3,2.4992876,1169.1,35.3,0.1467669
768,3709.8,94.9,-3.3,2.8491264,1169.3,35.3,0.14662093
868.1,3706.1,100.1,-3.7,3.2172654,1169.5,35.3,0.14647497
964,3702.4,95.9,-3.7,3.5691136,1169.8,35.3,0.14625602
1054.9,3698.9,90.9,-3.5,3.9019696,1170.1,35.3,0.14603707
1154.1,3695.1,99.2,-3.8,4.2645149,1170.4,35.3,0.14581813
1247,3691.3,92.9,-3.8,4.6030511,1170.7,35.3,0.14559918
1340,3687.5,93,-3.8,4.94125,1171.1,35.3,0.14530725
1439.1,3683.4,99.1,-4.1,5.3007809,1171.5,35.3,0.14501533
1529.1,3679.5,90,-3.9,5.6263234,1171.9,35.3,0.1447234
1621,3675.5,91.9,-4,5.9579855,1172.4,35.3,0.14435849
1626.1,3674.5,5.1,-1,5.9751045,1172.8,35.3,0.14406656
1629.1,3673.7,3,-0.8,5.9848247,1173.3,35.3,0.14370165
1631.1,3672.9,2,-0.8,5.9908672,1173.7,35.3,0.14340972
1631.1,3672.3,0,-0.6,5.9898885,1174.2,35.3,0.14304481
1625.2,3671.8,-5.9,-0.5,5.9674094,1174.6,35.3,0.14275288
1627.1,3671.2,1.9,-0.6,5.9734095,1175.1,35.3,0.14238797
1629.1,3670.5,2,-0.7,5.9796116,1175.6,35.3,0.14202306
1624.2,3670.1,-4.9,-0.4,5.9609764,1176,35.3,0.14173113
1622.1,3669.6,-2.1,-0.5,5.9524582,1176.5,35.3,0.14136622
1622.1,3669.1,0,-0.5,5.9516471,1176.9,35.3,0.1410743
1626.1,3668.4,4,-0.7,5.9651852,1177.4,35.3,0.14070939
1624.1,3668,-2,-0.4,5.9571988,1177.8,35.3,0.14041746
1629.1,3667.3,5,-0.7,5.9743984,1178.3,35.3,0.14005255
1622.1,3667,-7,-0.3,5.9482407,1178.7,35.3,0.13976062
1625.9,3666.4,3.8,-0.6,5.9611998,1179.2,35.3,0.13939571
1629.2,3665.9,3.3,-0.5,5.9724843,1179.6,35.3,0.13910378
1627.1,3665.5,-2.1,-0.4,5.9641351,1180.1,35.3,0.13873887
1630,3664.9,2.9,-0.6,5.973787,1180.5,35.3,0.13844694
1627.1,3664.6,-2.9,-0.3,5.9626707,1181,35.3,0.13808203
1720.1,3660.8,93,-3.8,6.2969421,1181.5,35.3,0.13771712
1820.2,3656.7,100.1,-4.1,6.6559253,1182,35.3,0.13735221
1920,3652.5,99.8,-4.2,7.0128,1182.5,35.3,0.1369873
2020.2,3648.2,100.2,-4.3,7.3700936,1183.1,35.3,0.13654941
2017.1,3647.3,-3.1,-0.9,7.3569688,1183.6,35.3,0.1361845
2016.2,3646.6,-0.9,-0.7,7.3522749,1184.2,35.3,0.13574661
2013.1,3646,-3.1,-0.6,7.3397626,1184.7,35.3,0.1353817
2017.1,3645,4,-1,7.3523295,1185.3,35.3,0.1349438
2016.3,3644.4,-0.8,-0.6,7.3482037,1185.9,35.3,0.13450591
2018.1,3643.5,1.8,-0.9,7.3529473,1186.4,35.3,0.134141
2018.1,3642.9,0,-0.6,7.3517365,1187,35.3,0.13370311
2014.1,3642.4,-4,-0.5,7.3361578,1187.5,35.3,0.1333382
2021.1,3641.5,7,-0.9,7.3598357,1188.1,35.3,0.13290031
2017.2,3640.9,-3.9,-0.6,7.3444235,1188.7,35.3,0.13246241
2013.1,3640.4,-4.1,-0.5,7.3284892,1189.2,35.3,0.1320975
2014.3,3639.8,1.2,-0.6,7.3316491,1189.8,35.3,0.13165961
2016.1,3639.1,1.8,-0.7,7.3367895,1190.3,35.3,0.1312947
2015.2,3638.5,-0.9,-0.6,7.3323052,1190.9,35.3,0.13085681
2018.1,3637.8,2.9,-0.7,7.3414442,1191.5,35.3,0.13041892
2017.2,3637.3,-0.9,-0.5,7.3371616,1192,35.3,0.13005401
2015.1,3636.7,-2.1,-0.6,7.3283142,1192.6,35.3,0.12961611
2020.2,3636,5.1,-0.7,7.3454472,1193.1,35.3,0.1292512
2015.2,3635.6,-5,-0.4,7.3264611,1193.7,35.3,0.12881331
2016.2,3635,1,-0.6,7.328887,1194.3,35.3,0.12837542
2020,3634.3,3.8,-0.7,7.341286,1194.8,35.3,0.12801051
2017.2,3633.8,-2.8,-0.5,7.3301014,1195.4,35.3,0.12757262
2013.2,3633.4,-4,-0.4,7.3147609,1195.9,35.3,0.12720771
2024.2,3632.5,11,-0.9,7.3529065,1196.5,35.3,0.12676981
2016.2,3632.2,-8,-0.3,7.3232416,1197.1,35.3,0.12633192
2014.2,3631.8,-2,-0.4,7.3151716,1197.6,35.3,0.12596701
2018.1,3631.1,3.9,-0.7,7.3279229,1198.2,35.3,0.12552912
2019.2,3630.5,1.1,-0.6,7.3307056,1198.7,35.3,0.12516421
2022.2,3629.9,3,-0.6,7.3403838,1199.3,35.3,0.12472632
2018.1,3629.5,-4.1,-0.4,7.324694,1199.9,35.3,0.12428843
2019.2,3628.9,1.1,-0.6,7.3274749,1200.4,35.3,0.12392351
2023.3,3628.3,4.1,-0.6,7.3411394,1201,35.3,0.12348562
2017.1,3627.9,-6.2,-0.4,7.3178371,1201.5,35.3,0.12312071
2017.2,3627.4,0.1,-0.5,7.3171913,1202.1,35.3,0.12268282
2014.2,3627,-3,-0.4,7.3055034,1202.7,35.3,0.12224493
2019.1,3626.4,4.9,-0.6,7.3220642,1203.2,35.3,0.12188002
1807.3,3633.5,-211.8,7.1,6.5668245,1203.7,35.3,0.12151511
1599.1,3640.8,-208.2,7.3,5.8220033,1204.2,35.3,0.1211502
1397.1,3648.2,-202,7.4,5.0969002,1204.6,35.3,0.12085827
1182.2,3656.4,-214.9,8.2,4.3225961,1204.9,35.3,0.12063932
968.1,3664.7,-214.1,8.3,3.5477961,1205.2,35.3,0.12042038
764.1,3672.9,-204,8.2,2.8064629,1205.4,35.3,0.12027441
555.1,3681.5,-209,8.6,2.0436007,1205.5,35.3,0.12020143
556,3682.8,0.9,1.3,2.0476368,1205.7,35.3,0.12005547
561,3683.7,5,0.9,2.0665557,1205.8,35.3,0.11998248
558.1,3684.8,-2.9,1.1,2.0564869,1206,35.3,0.11983652
559,3685.7,0.9,0.9,2.0603063,1206.1,35.3,0.11976354
558.1,3686.6,-0.9,0.9,2.0574915,1206.3,35.3,0.11961757
742.1,3680.8,184,-5.8,2.7315217,1206.5,35.3,0.11947161
928,3674.5,185.9,-6.3,3.409936,1206.8,35.3,0.11925266
1107,3668.2,179,-6.3,4.0606974,1207.1,35.3,0.11903372
1299,3661.2,192,-7,4.7558988,1207.4,35.3,0.11881477
1485.1,3654.1,186.1,-7.1,5.4267039,1207.8,35.3,0.11852284
1661,3647.1,175.9,-7,6.0578331,1208.3,35.3,0.11815793
1846.1,3639.7,185.1,-7.4,6.7192502,1208.8,35.3,0.11779302
1844.2,3638.7,-1.9,-1,6.7104905,1209.3,35.3,0.11742811
1842.1,3637.9,-2.1,-0.8,6.7013756,1209.8,35.3,0.1170632
1848.2,3636.9,6.1,-1,6.7217186,1210.4,35.3,0.11662531
1850.2,3636,2,-0.9,6.7273272,1210.9,35.3,0.1162604
1850.2,3635.3,0,-0.7,6.7260321,1211.4,35.3,0.11589549
1849.2,3634.6,-1,-0.7,6.7211023,1211.9,35.3,0.11553058
1844.1,3634.2,-5.1,-0.4,6.7018282,1212.4,35.3,0.11516567
1849.2,3633.3,5.1,-0.9,6.7186984,1212.9,35.3,0.11480076
1846.2,3632.8,-3,-0.5,6.7068754,1213.4,35.3,0.11443585
1851.1,3632,4.9,-0.8,6.7231952,1213.9,35.3,0.11407094
1851.3,3631.4,0.2,-0.6,6.7228108,1214.5,35.3,0.11363305
1846.1,3630.9,-5.2,-0.5,6.7030045,1215,35.3,0.11326814
1848.2,3630.3,2.1,-0.6,6.7095205,1215.5,35.3,0.11290323
1846.2,3629.8,-2,-0.5,6.7013368,1216,35.3,0.11253832
1845.2,3629.2,-1,-0.6,6.6965998,1216.5,35.3,0.11217341
431.2,3679.6,-1414,50.4,1.5866435,1216.6,35.3,0.11210042
428,3681.8,-3.2,2.2,1.5758104,1216.8,35.3,0.11195446
432.1,3683.1,4.1,1.3,1.5914675,1216.9,35.3,0.11188148
426.1,3684.6,-6,1.5,1.5700081,1217,35.3,0.1118085
427.2,3685.8,1.1,1.2,1.5745738,1217.1,35.3,0.11173551
429.1,3686.8,1.9,1,1.5820059,1217.2,35.3,0.11166253
425,3687.9,-4.1,1.1,1.5673575,1217.3,35.3,0.11158955
425.1,3688.8,0.1,0.9,1.5681089,1217.5,35.3,0.11144358
426.1,3689.6,1,0.8,1.5721386,1217.6,35.3,0.1113706
426.1,3690.4,0,0.8,1.5724794,1217.7,35.3,0.11129762
429,3691,2.9,0.6,1.583439,1217.8,35.3,0.11122464
424.1,3691.8,-4.9,0.8,1.5656924,1217.9,35.3,0.11115166
424,3692.5,-0.1,0.7,1.56562,1218.1,35.3,0.11100569
424.1,3693.1,0.1,0.6,1.5662437,1218.2,35.3,0.11093271
428,3693.6,3.9,0.5,1.5808608,1218.3,35.3,0.11085973
424.1,3694.3,-3.9,0.7,1.5667526,1218.4,35.3,0.11078675
429.1,3694.6,5,0.3,1.5853529,1218.5,35.3,0.11071376
420.1,3695.4,-9,0.8,1.5524375,1218.6,35.3,0.11064078
424.1,3695.8,4,0.4,1.5673888,1218.8,35.3,0.11049482
426.1,3696.2,2,0.4,1.5749508,1218.9,35.3,0.11042184
427.1,3696.6,1,0.4,1.5788179,1219,35.3,0.11034885
425.1,3697.1,-2,0.5,1.5716372,1219.1,35.3,0.11027587
425,3697.5,-0.1,0.4,1.5714375,1219.2,35.3,0.11020289
426.2,3697.9,1.2,0.4,1.576045,1219.4,35.3,0.11005693
425,3698.3,-1.2,0.4,1.5717775,1219.5,35.3,0.10998394
428.1,3698.5,3.1,0.2,1.5833278,1219.6,35.3,0.10991096
426.1,3699,-2,0.5,1.5761439,1219.7,35.3,0.10983798
425.1,3699.3,-1,0.3,1.5725724,1219.8,35.3,0.109765
430.1,3699.5,5,0.2,1.5911549,1219.9,35.3,0.10969202
428.1,3699.9,-2,0.4,1.5839272,1220.1,35.3,0.10954605
426.1,3700.2,-2,0.3,1.5766552,1220.2,35.3,0.10947307
432.1,3700.3,6,0.1,1.5988996,1220.3,35.3,0.10940009
427.1,3700.7,-5,0.4,1.580569,1220.4,35.3,0.10932711
426.1,3701,-1,0.3,1.5769961,1220.5,35.3,0.10925412
428.1,3701.2,2,0.2,1.5844837,1220.7,35.3,0.10910816
840,3686.7,411.9,-14.5,3.096828,1220.9,35.3,0.1089622
1256,3671.3,416,-15.4,4.6111528,1221.2,35.3,0.10874325
1670.1,3655.3,414.1,-16,6.1047165,1221.7,35.3,0.10837834
2082.2,3638.9,412.1,-16.4,7.5769176,1222.3,35.3,0.10794045
2087.1,3636.5,4.9,-2.4,7.5897391,1222.9,35.3,0.10750255
2081.2,3634.7,-5.9,-1.8,7.5645376,1223.4,35.3,0.10713764
2079.2,3633.1,-2,-1.6,7.5539415,1224,35.3,0.10669975
2078.3,3631.5,-0.9,-1.6,7.5473465,1224.6,35.3,0.10626186
2081.2,3629.9,2.9,-1.6,7.5545479,1225.2,35.3,0.10582397
2078.2,3628.6,-3,-1.3,7.5409565,1225.8,35.3,0.10538608
2081.3,3627.1,3.1,-1.5,7.5490832,1226.3,35.3,0.10502116
2084.1,3625.6,2.8,-1.5,7.556113,1226.9,35.3,0.10458327
2079.2,3624.5,-4.9,-1.1,7.5360604,1227.5,35.3,0.10414538
2089.2,3622.9,10,-1.6,7.5689627,1228.1,35.3,0.10370749
1472.2,3643.9,-617,21,5.3645496,1228.5,35.3,0.10341556
868.3,3665.5,-603.9,21.6,3.1827536,1228.7,35.3,0.1032696
865,3666.5,-3.3,1,3.1715225,1229,35.3,0.10305065
487.1,3680.8,-377.9,14.3,1.7929177,1229.1,35.3,0.10297767
100,3695.9,-387.1,15.1,0.36959,1229.1,35.3,0.10297767
-277,3711.1,-377,15.2,-1.0279747,1229,35.3,0.10305065
-667.9,3727.3,-390.9,16.2,-2.4894637,1228.9,35.3,0.10312363
-1050.8,3743.6,-382.9,16.3,-3.9337749,1228.6,35.3,0.10334258
-1050.9,3746.7,-0.1,3.1,-3.937407,1228.3,35.3,0.10356152
-1052.9,3749.4,-2,2.7,-3.9477433,1228,35.3,0.10378047
-1051.9,3751.8,1,2.4,-3.9465184,1227.7,35.3,0.10399942
-1045.9,3753.9,6,2.1,-3.926204,1227.4,35.3,0.10421836
-1053.8,3756.4,-7.9,2.5,-3.9584943,1227.1,35.3,0.10443731
-1051.9,3758.3,1.9,1.9,-3.9533558,1226.8,35.3,0.10465625
-1047,3760.1,4.9,1.8,-3.9368247,1226.5,35.3,0.1048752
-1045.9,3762,1.1,1.9,-3.9346758,1226.2,35.3,0.10509415
-1044.9,3763.7,1,1.7,-3.9326901,1225.9,35.3,0.10531309
-1049.9,3765.5,-5,1.8,-3.9533984,1225.7,35.3,0.10545906
-1050.9,3767.3,-1,1.8,-3.9590556,1225.4,35.3,0.105678
-1048,3768.8,2.9,1.5,-3.9497024,1225.1,35.3,0.10589695
-1047,3770.2,1,1.4,-3.9473994,1224.8,35.3,0.1061159
-1049.8,3771.7,-2.8,1.5,-3.9595307,1224.5,35.3,0.10633484
-1052,3773.3,-2.2,1.6,-3.9695116,1224.2,35.3,0.10655379
-1051.8,3774.6,0.2,1.3,-3.9701243,1223.9,35.3,0.10677273
-1051.9,3775.9,-0.1,1.3,-3.9718692,1223.6,35.3,0.10699168
-1046.9,3777,5,1.1,-3.9541413,1223.3,35.3,0.10721063
-1045.9,3778.2,1,1.2,-3.9516194,1223,35.3,0.10742957
-1049,3779.5,-3.1,1.3,-3.9646955,1222.7,35.3,0.10764852
-1051.8,3780.7,-2.8,1.2,-3.9765403,1222.4,35.3,0.10786746
-1050,3781.7,1.8,1,-3.970785,1222.2,35.3,0.10801343
-1051.8,3782.9,-1.8,1.2,-3.9788542,1221.9,35.3,0.10823237
-1053,3783.9,-1.2,1,-3.9844467,1221.6,35.3,0.10845132
-1045.9,3784.7,7.1,0.8,-3.9584177,1221.3,35.3,0.10867027
-1048.9,3785.7,-3,1,-3.9708207,1221,35.3,0.10888921
-1047,3786.6,1.9,0.9,-3.9645702,1220.7,35.3,0.10910816
-1050.9,3787.6,-3.9,1,-3.9803888,1220.4,35.3,0.10932711
-1048,3788.3,2.9,0.7,-3.9701384,1220.1,35.3,0.10954605
-1046.9,3789.2,1.1,0.9,-3.9669135,1219.8,35.3,0.109765
-1049.9,3790.1,-3,0.9,-3.979226,1219.5,35.3,0.10998394
-1048.9,3790.8,1,0.7,-3.9761701,1219.2,35.3,0.11020289
-1051.8,3791.7,-2.9,0.9,-3.9881101,1218.9,35.3,0.11042184
-670,3779,381.8,-12.7,-2.53193,1218.8,35.3,0.11049482
-284.1,3765.5,385.9,-13.5,-1.0697786,1218.7,35.3,0.1105678
90,3752.1,374.1,-13.4,0.337689,1218.7,35.3,0.1105678
90,3751.4,0,-0.7,0.337626,1218.7,35.3,0.1105678
89,3750.8,-1,-0.6,0.3338212,1218.8,35.3,0.11049482
95,3750.1,6,-0.7,0.3562595,1218.8,35.3,0.11049482
91,3749.8,-4,-0.3,0.3412318,1218.8,35.3,0.11049482
84,3749.7,-7,-0.1,0.3149748,1218.8,35.2,0.11049482
87,3749.2,3,-0.5,0.3261804,1218.9,35.2,0.11042184
88,3748.8,1,-0.4,0.3298944,1218.9,35.2,0.11042184
94,3748.3,6,-0.5,0.3523402,1218.9,35.2,0.11042184
90,3748.2,-4,-0.1,0.337338,1218.9,35.2,0.11042184
141.1,3746.1,51.1,-2.1,0.52857471,1219,35.2,0.11034885
189,3744.1,47.9,-2,0.7076349,1219,35.2,0.11034885
231.1,3742.2,42.1,-1.9,0.86482242,1219.1,35.2,0.11027587
289,3739.7,57.9,-2.5,1.0807733,1219.2,35.2,0.11020289
330.1,3737.8,41.1,-1.9,1.2338478,1219.3,35.2,0.11012991
374.1,3735.8,44,-2,1.3975628,1219.4,35.2,0.11005693
421,3733.5,46.9,-2.3,1.5718035,1219.5,35.2,0.10998394
469,3731.2,48,-2.3,1.7499328,1219.6,35.2,0.10991096
517.1,3728.9,48.1,-2.3,1.9282142,1219.8,35.2,0.109765
563.9,3726.6,46.8,-2.3,2.1014297,1219.9,35.2,0.10969202
611,3724.2,47.1,-2.4,2.2754862,1220.1,35.2,0.10954605
661.1,3721.7,50.1,-2.5,2.4604159,1220.3,35.2,0.10940009
707.9,3719.2,46.8,-2.5,2.6328217,1220.5,35.2,0.10925412
707.1,3718.4,-0.8,-0.8,2.6292806,1220.7,35.2,0.10910816
709,3717.6,1.9,-0.8,2.6357784,1220.9,35.2,0.1089622
706.2,3717,-2.8,-0.6,2.6249454,1221.1,35.2,0.10881623
703.1,3716.4,-3.1,-0.6,2.6130008,1221.2,35.2,0.10874325
712,3715.4,8.9,-1,2.6453648,1221.4,35.2,0.10859729
706,3715,-6,-0.4,2.62279,1221.6,35.2,0.10845132
709.1,3714.2,3.1,-0.8,2.6337392,1221.8,35.2,0.10830536
593.1,3717.7,-116,3.5,2.2049679,1222,35.2,0.10815939
473,3721.6,-120.1,3.9,1.7603168,1222.1,35.2,0.10808641
354.1,3725.6,-118.9,4,1.319235,1222.2,35.2,0.10801343
235.2,3729.7,-118.9,4.1,0.87722544,1222.3,35.2,0.10794045
125.2,3733.7,-110,4,0.46745924,1222.3,35.2,0.10794045
0,3738.3,-125.2,4.6,0,1222.3,35.2,0.10794045
-110.9,3742.7,-110.9,4.4,-0.41506543,1222.3,35.2,0.10794045
-231,3747.4,-120.1,4.7,-0.8656494,1222.2,35.2,0.10801343
-346,3752.2,-115,4.8,-1.2982612,1222.1,35.2,0.10808641
-464.8,3757.2,-118.8,5,-1.7463466,1222,35.2,0.10815939
-578.9,3762.2,-114.1,5,-2.1779376,1221.9,35.2,0.10823237
-581,3763.2,-2.1,1,-2.1864192,1221.7,35.2,0.10837834
-580,3764.1,1,0.9,-2.183178,1221.5,35.2,0.1085243
-582.9,3765.1,-2.9,1,-2.1946768,1221.4,35.2,0.10859729
-578,3765.7,4.9,0.6,-2.1765746,1221.2,35.2,0.10874325
-582,3766.7,-4,1,-2.1922194,1221,35.2,0.10888921
-580.9,3767.4,1.1,0.7,-2.1884827,1220.9,35.2,0.1089622
-286.1,3757.6,294.8,-9.8,-1.0750494,1220.8,35.2,0.10903518
9,3747.3,295.1,-10.3,0.0337257,1220.8,35.2,0.10903518
312,3736.3,303,-11,1.1657256,1220.9,35.2,0.1089622
607,3725.2,295,-11.1,2.2611964,1221.1,35.2,0.10881623
906.1,3713.5,299.1,-11.7,3.3648023,1221.3,35.2,0.10867027
1192,3702,285.9,-11.5,4.412784,1221.6,35.2,0.10845132
1490.1,3689.6,298.1,-12.4,5.497873,1222.1,35.2,0.10808641
1787.1,3677,297,-12.6,6.5711667,1222.6,35.2,0.1077215
2088,3664,300.9,-13,7.650432,1223.1,35.2,0.10735659
2085.2,3661.4,-2.8,-2.6,7.6347513,1223.7,35.2,0.1069187
2085.1,3659,-0.1,-2.4,7.6293809,1224.3,35.2,0.10648081
2088.3,3656.5,3.2,-2.5,7.6358689,1224.9,35.2,0.10604291
2087.2,3654.3,-1.1,-2.2,7.627255,1225.5,35.2,0.10560502
2081.3,3652.4,-5.9,-1.9,7.6017401,1226,35.2,0.10524011
2087.1,3650.1,5.8,-2.3,7.6181237,1226.6,35.2,0.10480222
2089.3,3648,2.2,-2.1,7.6217664,1227.2,35.2,0.10436433
2087.2,3646,-2.1,-2,7.6099312,1227.8,35.2,0.10392643
2084.2,3644.2,-3,-1.8,7.5952416,1228.3,35.2,0.10356152
2086.2,3642.3,2,-1.9,7.5985663,1228.9,35.2,0.10312363
2089.3,3640.4,3.1,-1.9,7.6058877,1229.5,35.2,0.10268574
2087.2,3638.6,-2.1,-1.8,7.5944859,1230.1,35.2,0.10224785
2086.2,3637,-1,-1.6,7.5875094,1230.7,35.2,0.10180995
2084.2,3635.4,-2,-1.6,7.5769007,1231.2,35.2,0.10144504
2087.3,3633.7,3.1,-1.7,7.584622,1231.8,35.2,0.10100715
2087.2,3632.1,-0.1,-1.6,7.5809191,1232.4,35.2,0.10056926
2087.3,3630.5,0.1,-1.6,7.5779426,1233,35.2,0.10013137
2086.2,3629.1,-1.1,-1.4,7.5710284,1233.6,35.2,0.099693475
2088.3,3627.6,2.1,-1.5,7.5755171,1234.1,35.2,0.099328565
2089.1,3626.1,0.8,-1.5,7.5752855,1234.7,35.2,0.098890673
2089.3,3624.7,0.2,-1.4,7.5730857,1235.3,35.2,0.098452781
2081.1,3623.7,-8.2,-1,7.5412821,1235.9,35.2,0.098014888
2089.3,3622.1,8.2,-1.6,7.5676535,1236.5,35.2,0.097576996
2085.2,3620.9,-4.1,-1.2,7.5503007,1237,35.2,0.097212086
2085.3,3619.7,0.1,-1.2,7.5481604,1237.6,35.2,0.096774194
2090.2,3618.2,4.9,-1.5,7.5627616,1238.2,35.2,0.096336301
1879.2,3624.7,-211,6.5,6.8115362,1238.7,35.2,0.095971391
1663.1,3631.7,-216.1,7,6.0398803,1239.2,35.2,0.095606481
1449.1,3639,-214,7.3,5.2732749,1239.6,35.2,0.095314553
1243.2,3646.3,-205.9,7.3,4.5330802,1239.9,35.2,0.095095606
1035,3654.1,-208.2,7.8,3.7819935,1240.2,35.2,0.09487666
820.1,3662.3,-214.9,8.2,3.0034522,1240.5,35.2,0.094657714
609,3670.7,-211.1,8.4,2.2354563,1240.6,35.2,0.094584732
401.3,3679.2,-207.7,8.5,1.476463,1240.7,35.2,0.09451175
403,3680.3,1.7,1.1,1.4831609,1240.8,35.2,0.094438768
400.2,3681.5,-2.8,1.2,1.4733363,1241,35.2,0.094292804
396.2,3682.5,-4,1,1.4590065,1241.1,35.2,0.094219822
404.2,3683.1,8,0.6,1.488709,1241.2,35.2,0.09414684
402,3683.9,-2.2,0.8,1.4809278,1241.3,35.2,0.094073858
402.2,3684.6,0.2,0.7,1.4819461,1241.4,35.2,0.094000876
402,3685.2,-0.2,0.6,1.4814504,1241.5,35.2,0.093927894
449.1,3684.2,47.1,-1,1.6545742,1241.6,35.2,0.093854912
489.9,3683.2,40.8,-1,1.8043997,1241.8,35.2,0.093708948
541,3681.7,51.1,-1.5,1.9917997,1241.9,35.2,0.093635966
544,3681.9,3,0.2,2.0029536,1242.1,35.2,0.093490001
539,3682.3,-5,0.4,1.9847597,1242.2,35.2,0.093417019
540.1,3682.6,1.1,0.3,1.9889723,1242.4,35.2,0.093271055
548.9,3682.5,8.8,-0.1,2.0213243,1242.5,35.2,0.093198073
540,3683,-8.9,0.5,1.98882,1242.7,35.2,0.093052109
549.1,3682.9,9.1,-0.1,2.0222804,1242.8,35.2,0.092979127
539,3683.5,-10.1,0.6,1.9854065,1243,35.2,0.092833163
548.2,3683.4,9.2,-0.1,2.0192399,1243.1,35.2,0.092760181
541,3683.9,-7.2,0.5,1.9929899,1243.3,35.2,0.092614217
543,3684,2,0.1,2.000412,1243.4,35.2,0.092541235
546.1,3684.1,3.1,0.1,2.011887,1243.6,35.2,0.092395271
537,3684.5,-9.1,0.4,1.9785765,1243.7,35.2,0.092322289
539.2,3684.6,2.2,0.1,1.9867363,1243.9,35.2,0.092176325
538,3684.8,-1.2,0.2,1.9824224,1244,35.2,0.092103343
542.1,3684.8,4.1,0,1.9975301,1244.2,35.2,0.091957378
544,3684.9,1.9,0.1,2.0045856,1244.3,35.2,0.091884396
542.1,3685.1,-1.9,0.2,1.9976927,1244.5,35.2,0.091738432
542.9,3685.1,0.8,0,2.0006408,1244.6,35.2,0.09166545
544.1,3685.2,1.2,0.1,2.0051173,1244.8,35.2,0.091519486
545,3685.3,0.9,0.1,2.0084885,1244.9,35.2,0.091446504
542,3685.4,-3,0.1,1.9974868,1245.1,35.2,0.09130054
541.1,3685.6,-0.9,0.2,1.9942782,1245.2,35.2,0.091227558
546,3685.4,4.9,-0.2,2.0122284,1245.4,35.2,0.091081594
541,3685.7,-5,0.3,1.9939637,1245.5,35.2,0.091008612
545,3685.6,4,-0.1,2.008652,1245.7,35.2,0.090862648
543,3685.7,-2,0.1,2.0013351,1245.8,35.2,0.090789666
546,3685.7,3,0,2.0123922,1246,35.2,0.090643702
538,3686,-8,0.3,1.983068,1246.1,35.2,0.09057072
546,3685.8,8,-0.2,2.0124468,1246.3,35.2,0.090424756
540,3686,-6,0.2,1.99044,1246.4,35.2,0.090351773
544,3685.9,4,-0.1,2.0051296,1246.6,35.2,0.090205809
541,3686,-3,0.1,1.994126,1246.7,35.2,0.090132827
543.1,3686,2.1,0,2.0018666,1246.9,35.2,0.089986863
539,3686.1,-4.1,0.1,1.9868079,1247,35.2,0.089913881
544.2,3686,5.2,-0.1,2.0059212,1247.2,35.2,0.089767917
543,3686,-1.2,0,2.001498,1247.4,35.2,0.089621953
548.1,3685.9,5.1,-0.1,2.0202418,1247.5,35.2,0.089548971
160.1,3699.9,-388,14,0.59235399,1247.5,35.2,0.089548971
-229.1,3714.6,-389.2,14.7,-0.85101486,1247.5,35.2,0.089548971
-611.9,3729.8,-382.8,15.2,-2.2822646,1247.3,35.2,0.089694935
-1003.9,3745.9,-392,16.1,-3.760509,1247,35.2,0.089913881
-997.9,3748.2,6,2.3,-3.7403288,1246.8,35.2,0.090059845
-1000.9,3750.5,-3,2.3,-3.7538754,1246.5,35.2,0.090278791
-1002.9,3752.6,-2,2.1,-3.7634825,1246.2,35.2,0.090497738
-1001.9,3754.5,1,1.9,-3.7616336,1245.9,35.2,0.090716684
-995.9,3756.1,6,1.6,-3.7407,1245.6,35.2,0.09093563
-997.9,3757.8,-2,1.7,-3.7499086,1245.4,35.2,0.091081594
-996,3759.4,1.9,1.6,-3.7443624,1245.1,35.2,0.09130054
-1003.8,3761.3,-7.8,1.9,-3.7755929,1244.8,35.2,0.091519486
-1001,3762.7,2.8,1.4,-3.7664627,1244.5,35.2,0.091738432
-1001.9,3764.2,-0.9,1.5,-3.771352,1244.3,35.2,0.091884396
-1000,3765.6,1.9,1.4,-3.7656,1244,35.2,0.092103343
-1000.8,3767,-0.8,1.4,-3.7700136,1243.7,35.2,0.092322289
-856.1,3763.1,144.7,-3.9,-3.2215899,1243.5,35.2,0.092468253
-700.9,3758.6,155.2,-4.5,-2.6344027,1243.3,35.2,0.092614217
-562,3754.4,138.9,-4.2,-2.1099728,1243.1,35.2,0.092760181
-414,3749.6,148,-4.8,-1.5523344,1243,35.2,0.092833163
-273.1,3744.8,140.9,-4.8,-1.0227049,1242.9,35.2,0.092906145
-123.2,3739.6,149.9,-5.2,-0.46071872,1242.9,35.2,0.092906145
18,3734.4,141.2,-5.2,0.0672192,1242.9,35.2,0.092906145
165.2,3728.9,147.2,-5.5,0.61601428,1242.9,35.2,0.092906145
311,3723.2,145.8,-5.7,1.1579152,1243,35.2,0.092833163
457,3717.3,146,-5.9,1.6988061,1243.2,35.2,0.092687199
607.1,3711.1,150.1,-6.2,2.2530088,1243.3,35.2,0.092614217
604.9,3710.1,-2.2,-1,2.2442395,1243.5,35.2,0.092468253
603.1,3709.2,-1.8,-0.9,2.2370185,1243.7,35.2,0.092322289
595,3708.7,-8.1,-0.5,2.2066765,1243.8,35.2,0.092249307
602,3707.7,7,-1,2.2320354,1244,35.2,0.092103343
599.2,3707,-2.8,-0.7,2.2212344,1244.2,35.2,0.091957378
605.1,3706.1,5.9,-0.9,2.2425611,1244.3,35.2,0.091884396
602,3705.5,-3.1,-0.6,2.230711,1244.5,35.2,0.091738432
602.1,3704.9,0.1,-0.6,2.2307203,1244.7,35.2,0.091592468
603,3704.2,0.9,-0.7,2.2336326,1244.8,35.2,0.091519486
600,3703.7,-3,-0.5,2.22222,1245,35.2,0.091373522
470.2,3707.8,-129.8,4.1,1.7434076,1245.1,35.1,0.09130054
342.1,3712.1,-128.1,4.3,1.2699094,1245.2,35.1,0.091227558
214.2,3716.6,-127.9,4.5,0.79609572,1245.3,35.1,0.091154576
86,3721.3,-128.2,4.7,0.3200318,1245.3,35.1,0.091154576
-49,3726.4,-135,5.1,-0.1825936,1245.3,35.1,0.091154576
-172.1,3731.3,-123.1,4.9,-0.64215673,1245.2,35.1,0.091227558
-307.9,3736.8,-135.8,5.5,-1.1505607,1245.2,35.1,0.091227558
-300,3737.4,7.9,0.6,-1.12122,1245.1,35.1,0.09130054
-299.1,3738.1,0.9,0.7,-1.1180657,1245,35.1,0.091373522
-302.9,3738.9,-3.8,0.8,-1.1325128,1244.9,35.1,0.091446504
-304,3739.6,-1.1,0.7,-1.1368384,1244.8,35.1,0.091519486
-306,3740.2,-2,0.6,-1.1445012,1244.7,35.1,0.091592468
-304,3740.7,2,0.5,-1.1371728,1244.6,35.1,0.09166545
-302.1,3741.2,1.9,0.5,-1.1302165,1244.6,35.1,0.09166545
-304.8,3741.9,-2.7,0.7,-1.1405311,1244.5,35.1,0.091738432
-301,3742.3,3.8,0.4,-1.1264323,1244.4,35.1,0.091811414
-301.9,3742.8,-0.9,0.5,-1.1299513,1244.3,35.1,0.091884396
-306,3743.4,-4.1,0.6,-1.1454804,1244.2,35.1,0.091957378
-297.1,3743.5,8.9,0.1,-1.1121938,1244.1,35.1,0.092030361
-298.9,3744.1,-1.8,0.6,-1.1191115,1244.1,35.1,0.092030361
-300.1,3744.5,-1.2,0.4,-1.1237244,1244,35.1,0.092103343
-300.9,3745,-0.8,0.5,-1.1268705,1243.9,35.1,0.092176325
-304,3745.5,-3.1,0.5,-1.138632,1243.8,35.1,0.092249307
-308.9,3746.1,-4.9,0.6,-1.1571703,1243.7,35.1,0.092322289
-303.1,3746.3,5.8,0.2,-1.1355035,1243.6,35.1,0.092395271
-302.9,3746.7,0.2,0.4,-1.1348754,1243.6,35.1,0.092395271
-302.1,3747,0.8,0.3,-1.1319687,1243.5,35.1,0.092468253
-310.9,3747.7,-8.8,0.7,-1.1651599,1243.4,35.1,0.092541235
-309.1,3748,1.8,0.3,-1.1585068,1243.3,35.1,0.092614217
-299,3748,10.1,0,-1.120652,1243.2,35.1,0.092687199
-80,3740.5,219,-7.5,-0.29924,1243.2,35.1,0.092687199
139.1,3732.6,219.1,-7.9,0.51920466,1243.2,35.1,0.092687199
357.1,3724.3,218,-8.3,1.3299475,1243.3,35.1,0.092614217
581.9,3715.6,224.8,-8.7,2.1621076,1243.5,35.1,0.092468253
800.1,3706.6,218.2,-9,2.9656507,1243.7,35.1,0.092322289
1020,3697.4,219.9,-9.2,3.771348,1244,35.1,0.092103343
1239,3687.9,219,-9.5,4.5693081,1244.3,35.1,0.091884396
1461,3678,222,-9.9,5.373558,1244.8,35.1,0.091519486
1690.2,3667.6,229.2,-10.4,6.1989775,1245.2,35.1,0.091227558
1901.1,3657.5,210.9,-10.1,6.9532733,1245.7,35.1,0.090862648
1901.2,3654.8,0.1,-2.7,6.9485058,1246.3,35.1,0.090424756
1906.2,3652.1,5,-2.7,6.961633,1246.8,35.1,0.090059845
1901.1,3650,-5.1,-2.1,6.939015,1247.3,35.1,0.089694935
1904.2,3647.6,3.1,-2.4,6.9457599,1247.9,35.1,0.089257043
-224.1,3722.3,-2128.3,74.7,-0.83416743,1247.8,35.1,0.089330025
-234,3724.7,-9.9,2.4,-0.8715798,1247.7,35.1,0.089403007
-225,3725.9,9,1.2,-0.8383275,1247.7,35.1,0.089403007
1946.1,3648.7,2171.1,-77.2,7.1007351,1248.2,35.1,0.089038097
1937.2,3645.8,-8.9,-2.9,7.0626438,1248.8,35.1,0.088600204
1943.1,3642.9,5.9,-2.9,7.078519,1249.3,35.1,0.088235294
1943.1,3640.5,0,-2.4,7.0738556,1249.8,35.1,0.087870384
1942.2,3638.4,-0.9,-2.1,7.0665005,1250.4,35.1,0.087432492
1950.2,3636,8,-2.4,7.0909272,1250.9,35.1,0.087067581
1942.1,3634.3,-8.1,-1.7,7.058174,1251.5,35.1,0.086629689
1948.1,3632.2,6,-2.1,7.0758888,1252,35.1,0.086264779
1945.2,3630.5,-2.9,-1.7,7.0620486,1252.5,35.1,0.085899869
1941.1,3628.8,-4.1,-1.7,7.0438637,1253.1,35.1,0.085461976
1944.1,3627,3,-1.8,7.0512507,1253.6,35.1,0.085097066
1942.1,3625.4,-2,-1.6,7.0408893,1254.2,35.1,0.084659174
1950.2,3623.4,8.1,-2,7.0663547,1254.7,35.1,0.084294264
1946.1,3622,-4.1,-1.4,7.0487742,1255.2,35.1,0.083929353
1946.2,3620.4,0.1,-1.6,7.0460225,1255.8,35.1,0.083491461
1942.1,3618.9,-4.1,-1.5,7.0282657,1256.3,35.1,0.083126551
1945.1,3617.3,3,-1.6,7.0360102,1256.9,35.1,0.082688659
1947.1,3615.7,2,-1.6,7.0401295,1257.4,35.1,0.082323748
1946.2,3614.2,-0.9,-1.5,7.033956,1257.9,35.1,0.081958838
935.1,3649.7,-1011.1,35.5,3.4128345,1258.2,35.1,0.081739892
-77,3687.4,-1012.1,37.7,-0.2839298,1258.2,35.1,0.081739892
-82,3689.8,-5,2.4,-0.3025636,1258.2,35.1,0.081739892
-77,3691.5,5,1.7,-0.2842455,1258.1,35.1,0.081812874
-77,3693.2,0,1.7,-0.2843764,1258.1,35.1,0.081812874
-85,3694.9,-8,1.7,-0.3140665,1258.1,35.1,0.081812874
-80,3696,5,1.1,-0.29568,1258.1,35.1,0.081812874
-80,3697.2,0,1.2,-0.295776,1258,35.1,0.081885856
-85,3698.5,-5,1.3,-0.3143725,1258,35.1,0.081885856
-76,3699.3,9,0.8,-0.2811468,1258,35.1,0.081885856
-81,3700.5,-5,1.2,-0.2997405,1258,35.1,0.081885856
27,3697.5,108,-3,0.0998325,1258,35.1,0.081885856
132.2,3694.4,105.2,-3.1,0.48839968,1258,35.1,0.081885856
240,3690.9,107.8,-3.5,0.885816,1258.1,35.1,0.081812874
348.1,3687.2,108.1,-3.7,1.2835143,1258.2,35.1,0.081739892
458,3683.3,109.9,-3.9,1.6869514,1258.3,35.1,0.08166691
563.1,3679.4,105.1,-3.9,2.0718701,1258.5,35.1,0.081520946
565.9,3678.9,2.8,-0.5,2.0818895,1258.6,35.1,0.081447964
567.2,3678.7,1.3,-0.2,2.0865586,1258.8,35.1,0.081302
568,3678.4,0.8,-0.3,2.0893312,1258.9,35.1,0.081229018
561,3678.5,-7,0.1,2.0636385,1259.1,35.1,0.081083054
564,3678.2,3,-0.3,2.0745048,1259.3,35.1,0.080937089
561,3678.2,-3,0,2.0634702,1259.4,35.1,0.080864107
568.1,3677.8,7.1,-0.4,2.0893582,1259.6,35.1,0.080718143
566,3677.7,-2.1,-0.1,2.0815782,1259.7,35.1,0.080645161
566.1,3677.6,0.1,-0.1,2.0818894,1259.9,35.1,0.080499197
565,3677.5,-1.1,-0.1,2.0777875,1260,35.1,0.080426215
558,3677.6,-7,0.1,2.0521008,1260.2,35.1,0.080280251
565.1,3677.2,7.1,-0.4,2.0779857,1260.3,35.1,0.080207269
561,3677.2,-4.1,0,2.0629092,1260.5,35.1,0.080061305
568.1,3676.8,7.1,-0.4,2.0887901,1260.7,35.1,0.079915341
566.1,3676.7,-2,-0.1,2.0813799,1260.8,35.1,0.079842359
563,3676.7,-3.1,0,2.0699821,1261,35.1,0.079696395
565.1,3676.4,2.1,-0.3,2.0775336,1261.1,35.1,0.079623413
564,3676.4,-1.1,0,2.0734896,1261.3,35.1,0.079477449
583.1,3675.5,19.1,-0.9,2.143184,1261.5,35.1,0.079331484
580.1,3675.4,-3,-0.1,2.1320995,1261.6,35.1,0.079258502
585,3675.1,4.9,-0.3,2.1499335,1261.8,35.1,0.079112538
576,3675.2,-9,0.1,2.1169152,1261.9,35.1,0.079039556
585.2,3674.8,9.2,-0.4,2.150493,1262.1,35.1,0.078893592
574.1,3675,-11.1,0.2,2.1098175,1262.3,35.1,0.078747628
579,3674.6,4.9,-0.4,2.1275934,1262.4,35.1,0.078674646
587,3674.2,8,-0.4,2.1567554,1262.6,35.1,0.078528682
582.1,3674.2,-4.9,0,2.1387518,1262.7,35.1,0.0784557
585,3673.9,2.9,-0.3,2.1492315,1262.9,35.1,0.078309736
581,3673.8,-4,-0.1,2.1344778,1263.1,35.1,0.078163772
579.1,3673.7,-1.9,-0.1,2.1274397,1263.2,35.1,0.07809079
583.1,3673.4,4,-0.3,2.1419595,1263.4,35.1,0.077944826
584,3673.2,0.9,-0.2,2.1451488,1263.6,35.1,0.077798861
579,3673.2,-5,0,2.1267828,1263.7,35.1,0.077725879
584.1,3672.8,5.1,-0.4,2.1452825,1263.9,35.1,0.077579915
584.1,3672.6,0,-0.2,2.1451657,1264,35.1,0.077506933
582,3672.5,-2.1,-0.1,2.137395,1264.2,35.1,0.077360969
582,3672.3,0,-0.2,2.1372786,1264.4,35.1,0.077215005
581.1,3672.1,-0.9,-0.2,2.1338573,1264.5,35.1,0.077142023
575.1,3672.2,-6,0.1,2.1118822,1264.7,35.1,0.076996059
581,3671.8,5.9,-0.4,2.1333158,1264.8,35.1,0.076923077
581,3671.6,0,-0.2,2.1331996,1265,35.1,0.076777113
580,3671.4,-1,-0.2,2.129412,1265.2,35.1,0.076631149
585,3671.1,5,-0.3,2.1475935,1265.3,35.1,0.076558167
581,3671,-4,-0.1,2.132851,1265.5,35.1,0.076412203
588.1,3670.5,7.1,-0.5,2.158621,1265.7,35.1,0.076266239
588,3670.4,-0.1,-0.1,2.1581952,1265.8,35.1,0.076193256
596,3669.9,8,-0.5,2.1872604,1266,35.1,0.076047292
599,3669.5,3,-0.4,2.1980305,1266.1,35.1,0.07597431
605,3669.1,6,-0.4,2.2198055,1266.3,35.1,0.075828346
607,3668.7,2,-0.4,2.2269009,1266.5,35.1,0.075682382
607.1,3668.5,0.1,-0.2,2.2271463,1266.7,35.1,0.075536418
610.9,3668.1,3.8,-0.4,2.2408423,1266.8,35.1,0.075463436
610.8,3667.8,-0.1,-0.3,2.2402922,1267,35.1,0.075317472
616.1,3667.4,5.3,-0.4,2.2594851,1267.2,35.1,0.075171508
614.1,3667.2,-2,-0.2,2.2520275,1267.3,35.1,0.075098526
608,3667.2,-6.1,0,2.2296576,1267.5,35.1,0.074952562
610,3666.9,2,-0.3,2.236809,1267.7,35.1,0.074806598
612.1,3666.5,2.1,-0.4,2.2442646,1267.8,35.1,0.074733616
614.1,3666.2,2,-0.3,2.2514134,1268,35.1,0.074587651
615,3665.9,0.9,-0.3,2.2545285,1268.2,35.1,0.074441687
612.1,3665.8,-2.9,-0.1,2.2438362,1268.4,35.1,0.074295723
611.1,3665.5,-1,-0.3,2.239987,1268.5,35.1,0.074222741
613.1,3665.2,2,-0.3,2.2471341,1268.7,35.1,0.074076777
610.1,3665.1,-3,-0.1,2.2360775,1268.9,35.1,0.073930813
611.1,3664.8,1,-0.3,2.2395593,1269,35.1,0.073857831
609,3664.6,-2.1,-0.2,2.2317414,1269.2,35.1,0.073711867
610.9,3664.2,1.9,-0.4,2.2384598,1269.4,35.1,0.073565903
610.1,3664,-0.8,-0.2,2.2354064,1269.5,35.1,0.073492921
613.1,3663.6,3,-0.4,2.2461532,1269.7,35.1,0.073346957
613,3663.4,-0.1,-0.2,2.2456642,1269.9,35.1,0.073200993
612,3663.2,-1,-0.2,2.2418784,1270.1,35.1,0.073055028
609.1,3663,-2.9,-0.2,2.2311333,1270.2,35.1,0.072982046
610,3662.7,0.9,-0.3,2.234247,1270.4,35.1,0.072836082
617,3662.2,7,-0.5,2.2595774,1270.6,35.1,0.072690118
613.1,3662,-3.9,-0.2,2.2451722,1270.7,35.1,0.072617136
614,3661.7,0.9,-0.3,2.2482838,1270.9,35.1,0.072471172
612.1,3661.5,-1.9,-0.2,2.2412042,1271.1,35.1,0.072325208
658.1,3659.6,46,-1.9,2.4083828,1271.3,35.1,0.072179244
699,3657.7,40.9,-1.9,2.5567323,1271.4,35.1,0.072106262
745.1,3655.5,46.1,-2.2,2.723713,1271.7,35.1,0.071887316
786,3653.6,40.9,-1.9,2.8717296,1271.9,35.1,0.071741352
828.1,3651.4,42.1,-2.2,3.0237243,1272.1,35.1,0.071595388
874,3649,45.9,-2.4,3.189226,1272.3,35.1,0.071449423
920,3646.6,46,-2.4,3.354872,1272.6,35.1,0.071230477
952.1,3644.6,32.1,-2,3.4700237,1272.9,35.1,0.071011531
1004.9,3641.8,52.8,-2.8,3.6596448,1273.1,35.1,0.070865567
1042.1,3639.6,37.2,-2.2,3.7928272,1273.4,35.1,0.070646621
1084,3637.1,41.9,-2.5,3.9426164,1273.7,35.1,0.070427675
1088.9,3635.9,4.9,-1.2,3.9591315,1274,35.1,0.070208729
1094.1,3634.7,5.2,-1.2,3.9767253,1274.3,35.1,0.069989783
1086,3634,-8.1,-0.7,3.946524,1274.6,35.1,0.069770836
1088.1,3633,2.1,-1,3.9530673,1274.9,35.1,0.06955189
1085,3632.2,-3.1,-0.8,3.940937,1275.2,35.1,0.069332944
1090,3631,5,-1.2,3.95779,1275.6,35.1,0.069041016
1087.1,3630.2,-2.9,-0.8,3.9463904,1275.9,35.1,0.06882207
1087,3629.3,-0.1,-0.9,3.9450491,1276.2,35.1,0.068603124
1087.1,3628.4,0.1,-0.9,3.9444336,1276.5,35.1,0.068384177
1085,3627.6,-2.1,-0.8,3.935946,1276.8,35.1,0.068165231
1093,3626.4,8,-1.2,3.9636552,1277.1,35.1,0.067946285
1094,3625.5,1,-0.9,3.966297,1277.4,35.1,0.067727339
1173,3621.6,79,-3.9,4.2481368,1277.7,35.1,0.067508393
1253.1,3617.6,80.1,-4,4.5332146,1278,35.1,0.067289447
1341,3613.1,87.9,-4.5,4.8451671,1278.4,35.1,0.066997519
1423.1,3608.7,82.1,-4.4,5.135541,1278.8,35.1,0.06670559
1513.1,3603.8,90,-4.9,5.4529098,1279.2,35.1,0.066413662
1591,3599.2,77.9,-4.6,5.7263272,1279.7,35.1,0.066048752
1587.3,3597.6,-3.7,-1.6,5.7104705,1280.1,35.1,0.065756824
1590.1,3595.7,2.8,-1.9,5.7175226,1280.6,35.1,0.065391914
1591,3594,0.9,-1.7,5.718054,1281,35.1,0.065099985
1590.2,3592.3,-0.8,-1.7,5.7124755,1281.4,35.1,0.064808057
1590.1,3590.7,-0.1,-1.6,5.7095721,1281.9,35.1,0.064443147
1587,3589.1,-3.1,-1.6,5.6959017,1282.3,35.1,0.064151219
1590,3587.4,3,-1.7,5.703966,1282.8,35.1,0.063786309
1596.2,3585.5,6.2,-1.9,5.7231751,1283.2,35.1,0.06349438
1594.1,3584,-2.1,-1.5,5.7132544,1283.6,35.1,0.063202452
1586.1,3582.7,-8,-1.3,5.6825205,1284.1,35.1,0.062837542
1591.1,3580.9,5,-1.8,5.69757,1284.5,35.1,0.062545614
1591.1,3579.4,0,-1.5,5.6951833,1285,35.1,0.062180704
1589.1,3577.8,-2,-1.6,5.685482,1285.4,35.1,0.061888775
1588,3576.3,-1.1,-1.5,5.6791644,1285.9,35.1,0.061523865
1633.2,3573,45.2,-3.3,5.8354236,1286.3,35.1,0.061231937
1683.1,3569.5,49.9,-3.5,6.0078255,1286.8,35.1,0.060867027
1736.1,3565.7,53,-3.8,6.1904118,1287.3,35.1,0.060502116
1778.1,3562.2,42,-3.5,6.3339478,1287.8,35.1,0.060137206
1825.1,3558.4,47,-3.8,6.4944358,1288.3,35.1,0.059772296
1874,3554.5,48.9,-3.9,6.661133,1288.8,35.1,0.059407386
1921.2,3550.6,47.2,-3.9,6.8214127,1289.3,35.1,0.059042476
1921.1,3548.3,-0.1,-2.3,6.8166391,1289.8,35.1,0.058677565
1920.1,3546.1,-1,-2.2,6.8088666,1290.4,35.1,0.058239673
1924.1,3543.8,4,-2.3,6.8186256,1290.9,35.1,0.057874763
1924.2,3541.5,0.1,-2.3,6.8145543,1291.4,35.1,0.057509853
1917.2,3539.6,-7,-1.9,6.7861211,1292,35.1,0.05707196
1914.1,3537.6,-3.1,-2,6.7713202,1292.5,35.1,0.05670705
1917.2,3535.3,3.1,-2.3,6.7778772,1293,35.1,0.05634214
1915.1,3533.2,-2.1,-2.1,6.7664313,1293.6,35.1,0.055904248
1914.1,3531.1,-1,-2.1,6.7588785,1294.1,35.1,0.055539337
1912.3,3529,-1.8,-2.1,6.7485067,1294.6,35.1,0.055174427
1918.1,3526.6,5.8,-2.4,6.7643715,1295.2,35.1,0.054736535
1913.1,3524.7,-5,-1.9,6.7431036,1295.7,35.1,0.054371625
1921.3,3522.2,8.2,-2.5,6.7672029,1296.2,35.1,0.054006714
1916.1,3520.2,-5.2,-2,6.7450552,1296.8,35.1,0.053568822
1919.1,3517.9,3,-2.3,6.7512019,1297.3,35.1,0.053203912
1917.3,3515.8,-1.8,-2.1,6.7408433,1297.8,35.1,0.052839002
1922.1,3513.4,4.8,-2.4,6.7531061,1298.4,35.2,0.052401109
1916.2,3511.4,-5.9,-2,6.7285447,1298.9,35.2,0.052036199
1922.1,3509,5.9,-2.4,6.7446489,1299.4,35.2,0.051671289
1918.3,3506.9,-3.8,-2.1,6.7272863,1300,35.2,0.051233397
1917.1,3504.7,-1.2,-2.2,6.7188604,1300.5,35.2,0.050868486
1940.1,3501.6,23,-3.1,6.7934542,1301,35.2,0.050503576
1969.2,3498.1,29.1,-3.5,6.8884585,1301.6,35.2,0.050065684
1991.1,3494.8,21.9,-3.3,6.9584963,1302.1,35.2,0.049700774
2023.3,3491.1,32.2,-3.7,7.0635426,1302.7,35.2,0.049262881
2046.2,3487.6,22.9,-3.5,7.1363271,1303.3,35.2,0.048824989
2068.1,3484.2,21.9,-3.4,7.205674,1303.8,35.2,0.048460079
2095.3,3480.4,27.2,-3.8,7.2924821,1304.4,35.2,0.048022187
2122.1,3476.6,26.8,-3.8,7.3776929,1305,35.2,0.047584294
2148.3,3472.7,26.2,-3.9,7.4604014,1305.6,35.2,0.047146402
2175.2,3470.2,26.9,-2.5,7.548379,1305.9,35.2,0.046927456
749.8,3536.9,-1425.4,66.7,2.6519676,1305.9,35.2,0.046927456
750,3535.6,0.2,-1.3,2.6517,1306.1,35.2,0.046781492
750,3535.1,0,-0.5,2.651325,1306.3,35.2,0.046635528
750,3534.8,0,-0.3,2.6511,1306.5,35.2,0.046489564
750,3534.5,0,-0.3,2.650875,1306.7,35.2,0.046343599
750,3534.2,0,-0.3,2.65065,1306.9,35.2,0.046197635
750,3533.9,0,-0.3,2.650425,1307.2,35.2,0.045978689
750.1,3533.7,0.1,-0.2,2.6506284,1307.4,35.2,0.045832725
750,3533.4,-0.1,-0.3,2.65005,1307.6,35.2,0.045686761
750,3533,0,-0.4,2.64975,1307.8,35.2,0.045540797
750,3532.7,0,-0.3,2.649525,1308,35.2,0.045394833
750,3532.3,0,-0.4,2.649225,1308.2,35.2,0.045248869
750.1,3532,0.1,-0.3,2.6493532,1308.4,35.2,0.045102905
750,3531.6,-0.1,-0.4,2.6487,1308.6,35.2,0.044956941
750,3531.2,0,-0.4,2.6484,1308.8,35.2,0.044810976
750,3530.8,0,-0.4,2.6481,1309,35.2,0.044665012
750,3530.4,0,-0.4,2.6478,1309.2,35.3,0.044519048
750.1,3529.9,0.1,-0.5,2.647778,1309.4,35.3,0.044373084
750,3529.4,-0.1,-0.5,2.64705,1309.7,35.3,0.044154138
750.1,3528.9,0.1,-0.5,2.6470279,1309.9,35.3,0.044008174
750,3528.4,-0.1,-0.5,2.6463,1310.1,35.3,0.04386221
750.1,3527.9,0.1,-0.5,2.6462778,1310.3,35.3,0.043716246
750.1,3527.3,0,-0.6,2.6458277,1310.5,35.3,0.043570282
750.1,3526.8,0,-0.5,2.6454527,1310.7,35.3,0.043424318
750.1,3526.3,0,-0.5,2.6450776,1310.9,35.3,0.043278354
750.1,3525.7,0,-0.6,2.6446276,1311.1,35.3,0.043132389
750.1,3525.1,0,-0.6,2.6441775,1311.3,35.3,0.042986425
750.1,3524.5,0,-0.6,2.6437275,1311.5,35.3,0.042840461
750.1,3523.9,0,-0.6,2.6432774,1311.7,35.3,0.042694497
750,3523.3,-0.1,-0.6,2.642475,1311.9,35.3,0.042548533
750.1,3522.6,0.1,-0.7,2.6423023,1312.2,35.3,0.042329587
750,3522,-0.1,-0.6,2.6415,1312.4,35.3,0.042183623
750.1,3521.3,0.1,-0.7,2.6413271,1312.6,35.3,0.042037659
750,3520.7,-0.1,-0.6,2.640525,1312.8,35.3,0.041891695
750,3520,0,-0.7,2.64,1313,35.3,0.041745731
750,3519.3,0,-0.7,2.639475,1313.2,35.3,0.041599766
750,3518.7,0,-0.6,2.639025,1313.4,35.3,0.041453802
750.1,3517.9,0.1,-0.8,2.6387768,1313.6,35.3,0.041307838
750,3517.2,-0.1,-0.7,2.6379,1313.8,35.3,0.041161874
750,3516.5,0,-0.7,2.637375,1314,35.3,0.04101591
750,3515.8,0,-0.7,2.63685,1314.2,35.3,0.040869946
750,3515,0,-0.8,2.63625,1314.4,35.3,0.040723982
750.1,3514.3,0.1,-0.7,2.6360764,1314.7,35.3,0.040505036
750,3513.5,-0.1,-0.8,2.635125,1314.9,35.3,0.040359072
750.1,3512.8,0.1,-0.7,2.6349513,1315.1,35.3,0.040213108
750.1,3512,0,-0.8,2.6343512,1315.3,35.3,0.040067143
750.1,3511.2,0,-0.8,2.6337511,1315.5,35.3,0.039921179
750,3510.4,-0.1,-0.8,2.6328,1315.7,35.3,0.039775215
750.1,3509.7,0.1,-0.7,2.632626,1315.9,35.3,0.039629251
750,3508.9,-0.1,-0.8,2.631675,1316.1,35.3,0.039483287
750,3508,0,-0.9,2.631,1316.3,35.3,0.039337323
750,3507.2,0,-0.8,2.6304,1316.5,35.3,0.039191359
750.1,3506.4,0.1,-0.8,2.6301506,1316.7,35.3,0.039045395
750,3505.6,-0.1,-0.8,2.6292,1316.9,35.3,0.038899431
750,3504.7,0,-0.9,2.628525,1317.2,35.3,0.038680485
750,3503.9,0,-0.8,2.627925,1317.4,35.3,0.038534521
750,3503.1,0,-0.8,2.627325,1317.6,35.3,0.038388556
750,3502.2,0,-0.9,2.62665,1317.8,35.3,0.038242592
750,3501.4,0,-0.8,2.62605,1318,35.3,0.038096628
750.1,3500.4,0.1,-1,2.62565,1318.2,35.3,0.037950664
750,3499.6,-0.1,-0.8,2.6247,1318.4,35.3,0.0378047
750.1,3498.7,0.1,-0.9,2.6243749,1318.6,35.3,0.037658736
750,3497.8,-0.1,-0.9,2.62335,1318.8,35.3,0.037512772
750,3497,0,-0.8,2.62275,1319,35.3,0.037366808
750,3496.1,0,-0.9,2.622075,1319.2,35.3,0.037220844
750,3495.2,0,-0.9,2.6214,1319.4,35.3,0.03707488
750.1,3494.2,0.1,-1,2.6209994,1319.7,35.3,0.036855933
750,3493.3,-0.1,-0.9,2.619975,1319.9,35.3,0.036709969
750,3492.4,0,-0.9,2.6193,1320.1,35.3,0.036564005
750,3491.5,0,-0.9,2.618625,1320.3,35.3,0.036418041
750.1,3490.6,0.1,-0.9,2.6182991,1320.5,35.3,0.036272077
750.1,3489.6,0,-1,2.617549,1320.7,35.3,0.036126113
750.1,3488.6,0,-1,2.6167989,1320.9,35.3,0.035980149
750.1,3487.7,0,-0.9,2.6161238,1321.1,35.3,0.035834185
750.1,3486.7,0,-1,2.6153737,1321.3,35.3,0.035688221
750,3485.8,-0.1,-0.9,2.61435,1321.5,35.3,0.035542257
750.1,3484.8,0.1,-1,2.6139485,1321.7,35.3,0.035396293
750,3483.8,-0.1,-1,2.61285,1321.9,35.3,0.035250328
750.1,3482.9,0.1,-0.9,2.6125233,1322.2,35.3,0.035031382
750,3481.9,-0.1,-1,2.611425,1322.4,35.3,0.034885418
750.1,3480.9,0.1,-1,2.6110231,1322.6,35.3,0.034739454
750,3479.9,-0.1,-1,2.609925,1322.8,35.3,0.03459349
750.1,3478.9,0.1,-1,2.6095229,1323,35.3,0.034447526
750,3477.9,-0.1,-1,2.608425,1323.2,35.3,0.034301562
750.1,3476.8,0.1,-1.1,2.6079477,1323.4,35.3,0.034155598
750,3475.8,-0.1,-1,2.60685,1323.6,35.3,0.034009634
750.1,3474.8,0.1,-1,2.6064475,1323.8,35.3,0.03386367
750,3473.8,-0.1,-1,2.60535,1324,35.3,0.033717705
750,3472.7,0,-1.1,2.604525,1324.2,35.3,0.033571741
750.1,3471.7,0.1,-1,2.6041222,1324.4,35.3,0.033425777
750,3470.6,-0.1,-1.1,2.60295,1324.7,35.3,0.033206831
750.1,3469.6,0.1,-1,2.602547,1324.9,35.3,0.033060867
750.1,3468.5,0,-1.1,2.6017219,1325.1,35.3,0.032914903
750,3467.5,-0.1,-1,2.600625,1325.3,35.3,0.032768939
750.1,3466.4,0.1,-1.1,2.6001466,1325.5,35.3,0.032622975
750.1,3465.3,0,-1.1,2.5993215,1325.7,35.3,0.032477011
750.1,3464.2,0,-1.1,2.5984964,1325.9,35.3,0.032331047
750.1,3463.1,0,-1.1,2.5976713,1326.1,35.3,0.032185082
750.1,3462.1,0,-1,2.5969212,1326.3,35.3,0.032039118
750.1,3460.9,0,-1.2,2.5960211,1326.5,35.3,0.031893154
750,3459.9,-0.1,-1,2.594925,1326.7,35.3,0.03174719
750.1,3458.7,0.1,-1.2,2.5943709,1326.9,35.3,0.031601226
750.1,3457.6,0,-1.1,2.5935458,1327.2,35.3,0.03138228
750.1,3456.5,0,-1.1,2.5927206,1327.4,35.3,0.031236316
750,3455.4,-0.1,-1.1,2.59155,1327.6,35.3,0.031090352
750,3454.3,0,-1.1,2.590725,1327.8,35.3,0.030944388
750,3453.1,0,-1.2,2.589825,1328,35.3,0.030798424
750,3452,0,-1.1,2.589,1328.2,35.3,0.030652459
750,3450.8,0,-1.2,2.5881,1328.4,35.3,0.030506495
750,3449.7,0,-1.1,2.587275,1328.6,35.3,0.030360531
750,3448.5,0,-1.2,2.586375,1328.8,35.3,0.030214567
750,3447.3,0,-1.2,2.585475,1329,35.3,0.030068603
750,3446.2,0,-1.1,2.58465,1329.2,35.3,0.029922639
750,3444.9,0,-1.3,2.583675,1329.4,35.3,0.029776675
750,3443.8,0,-1.1,2.58285,1329.7,35.3,0.029557729
750.1,3442.5,0.1,-1.3,2.5822193,1329.9,35.3,0.029411765
750,3441.4,-0.1,-1.1,2.58105,1330.1,35.3,0.029265801
750.1,3440.2,0.1,-1.2,2.580494,1330.3,35.3,0.029119837
750.1,3439,0,-1.2,2.5795939,1330.5,35.3,0.028973872
750.1,3437.7,0,-1.3,2.5786188,1330.7,35.3,0.028827908
750.1,3436.6,0,-1.1,2.5777937,1330.9,35.3,0.028681944
750,3435.3,-0.1,-1.3,2.576475,1331.1,35.3,0.02853598
750,3434,0,-1.3,2.5755,1331.3,35.3,0.028390016
750,3432.8,0,-1.2,2.5746,1331.5,35.3,0.028244052
750,3431.5,0,-1.3,2.573625,1331.7,35.3,0.028098088
750,3430.3,0,-1.2,2.572725,1331.9,35.3,0.027952124
750,3429,0,-1.3,2.57175,1332.2,35.3,0.027733178
750,3427.7,0,-1.3,2.570775,1332.4,35.3,0.027587214
750,3426.5,0,-1.2,2.569875,1332.6,35.3,0.027441249
750,3425.2,0,-1.3,2.5689,1332.8,35.3,0.027295285
750,3423.9,0,-1.3,2.567925,1333,35.3,0.027149321
750,3422.6,0,-1.3,2.56695,1333.2,35.3,0.027003357
750,3421.3,0,-1.3,2.565975,1333.4,35.3,0.026857393
750,3420,0,-1.3,2.565,1333.6,35.3,0.026711429
750,3418.7,0,-1.3,2.564025,1333.8,35.3,0.026565465
750,3417.4,0,-1.3,2.56305,1334,35.3,0.026419501
750.1,3416,0.1,-1.4,2.5623416,1334.2,35.3,0.026273537
750,3414.7,-0.1,-1.3,2.561025,1334.4,35.3,0.026127573
750.1,3413.4,0.1,-1.3,2.5603913,1334.7,35.3,0.025908626
750.1,3412,0,-1.4,2.5593412,1334.9,35.3,0.025762662
750.1,3410.6,0,-1.4,2.5582911,1335.1,35.3,0.025616698
750.1,3409.2,0,-1.4,2.5572409,1335.3,35.3,0.025470734
750.1,3407.9,0,-1.3,2.5562658,1335.5,35.3,0.02532477
750,3406.5,-0.1,-1.4,2.554875,1335.7,35.3,0.025178806
750.1,3405.1,0.1,-1.4,2.5541655,1335.9,35.3,0.025032842
750,3403.7,-0.1,-1.4,2.552775,1336.1,35.3,0.024886878
750.1,3402.3,0.1,-1.4,2.5520652,1336.3,35.3,0.024740914
750,3400.9,-0.1,-1.4,2.550675,1336.5,35.3,0.02459495
750.1,3399.5,0.1,-1.4,2.549965,1336.7,35.3,0.024448986
750,3398,-0.1,-1.5,2.5485,1336.9,35.3,0.024303021
750.1,3396.6,0.1,-1.4,2.5477897,1337.2,35.3,0.024084075
750.1,3395.2,0,-1.4,2.5467395,1337.4,35.3,0.023938111
750.1,3393.7,0,-1.5,2.5456144,1337.6,35.3,0.023792147
750.1,3392.2,0,-1.5,2.5444892,1337.8,35.3,0.023646183
750.1,3390.7,0,-1.5,2.5433641,1338,35.3,0.023500219
750,3389.3,-0.1,-1.4,2.541975,1338.2,35.3,0.023354255
750,3387.8,0,-1.5,2.54085,1338.4,35.3,0.023208291
750,3386.3,0,-1.5,2.539725,1338.6,35.3,0.023062327
750,3384.8,0,-1.5,2.5386,1338.8,35.3,0.022916363
750.1,3383.3,0.1,-1.5,2.5378133,1339,35.3,0.022770398
750,3381.7,-0.1,-1.6,2.536275,1339.2,35.3,0.022624434
750.1,3380.2,0.1,-1.5,2.535488,1339.4,35.3,0.02247847
750,3378.7,-0.1,-1.5,2.534025,1339.7,35.3,0.022259524
750.1,3377.1,0.1,-1.6,2.5331627,1339.9,35.3,0.02211356
750.1,3375.5,0,-1.6,2.5319626,1340.1,35.3,0.021967596
750.1,3373.9,0,-1.6,2.5307624,1340.3,35.3,0.021821632
750,3372.4,-0.1,-1.5,2.5293,1340.5,35.3,0.021675668
750,3370.8,0,-1.6,2.5281,1340.7,35.3,0.021529704
750,3369.2,0,-1.6,2.5269,1340.9,35.3,0.02138374
750,3367.6,0,-1.6,2.5257,1341.1,35.3,0.021237776
750,3365.9,0,-1.7,2.524425,1341.3,35.3,0.021091811
750,3364.3,0,-1.6,2.523225,1341.5,35.3,0.020945847
750,3362.7,0,-1.6,2.522025,1341.7,35.3,0.020799883
750,3361,0,-1.7,2.52075,1341.9,35.3,0.020653919
750,3359.3,0,-1.7,2.519475,1342.2,35.3,0.020434973
750.1,3357.7,0.1,-1.6,2.5186108,1342.4,35.3,0.020289009
750.1,3356,0,-1.7,2.5173356,1342.6,35.3,0.020143045
750,3354.3,-0.1,-1.7,2.515725,1342.8,35.3,0.019997081
750.1,3352.6,0.1,-1.7,2.5147853,1343,35.3,0.019851117
750,3350.9,-0.1,-1.7,2.513175,1343.2,35.3,0.019705153
750.1,3349.2,0.1,-1.7,2.5122349,1343.4,35.3,0.019559188
750,3347.4,-0.1,-1.8,2.51055,1343.6,35.3,0.019413224
750,3345.6,0,-1.8,2.5092,1343.8,35.3,0.01926726
750.1,3343.8,0.1,-1.8,2.5081844,1344,35.3,0.019121296
750,3342.1,-0.1,-1.7,2.506575,1344.2,35.3,0.018975332
750.1,3340.2,0.1,-1.9,2.505484,1344.4,35.3,0.018829368
750,3338.4,-0.1,-1.8,2.5038,1344.7,35.3,0.018610422
750,3336.6,0,-1.8,2.50245,1344.9,35.3,0.018464458
750,3334.8,0,-1.8,2.5011,1345.1,35.3,0.018318494
750,3332.9,0,-1.9,2.499675,1345.3,35.3,0.01817253
750.1,3331,0.1,-1.9,2.4985831,1345.5,35.3,0.018026565
750,3329.2,-0.1,-1.8,2.4969,1345.7,35.3,0.017880601
750.1,3327.3,0.1,-1.9,2.4958077,1345.9,35.3,0.017734637
750.1,3325.4,0,-1.9,2.4943825,1346.1,35.3,0.017588673
750.1,3323.5,0,-1.9,2.4929574,1346.3,35.3,0.017442709
750,3321.5,-0.1,-2,2.491125,1346.5,35.3,0.017296745
750.1,3319.6,0.1,-1.9,2.490032,1346.7,35.3,0.017150781
750,3317.6,-0.1,-2,2.4882,1346.9,35.3,0.017004817
750,3315.7,0,-1.9,2.486775,1347.2,35.3,0.016785871
750,3313.6,0,-2.1,2.4852,1347.4,35.3,0.016639907
750,3311.7,0,-1.9,2.483775,1347.6,35.3,0.016493942
750,3309.6,0,-2.1,2.4822,1347.8,35.3,0.016347978
750,3307.6,0,-2,2.4807,1348,35.3,0.016202014
750.1,3305.5,0.1,-2.1,2.4794555,1348.2,35.3,0.01605605
750,3303.5,-0.1,-2,2.477625,1348.4,35.3,0.015910086
750.1,3301.4,0.1,-2.1,2.4763801,1348.6,35.3,0.015764122
750,3299.3,-0.1,-2.1,2.474475,1348.8,35.3,0.015618158
750.1,3297.1,0.1,-2.2,2.4731547,1349,35.3,0.015472194
750,3295,-0.1,-2.1,2.47125,1349.2,35.3,0.01532623
750.1,3292.9,0.1,-2.1,2.4700043,1349.4,35.3,0.015180266
750.1,3290.7,0,-2.2,2.4683541,1349.7,35.3,0.01496132
750.1,3288.4,0,-2.3,2.4666288,1349.9,35.3,0.014815355
750.1,3286.3,0,-2.1,2.4650536,1350.1,35.3,0.014669391
750.1,3284,0,-2.3,2.4633284,1350.3,35.3,0.014523427
750,3281.8,-0.1,-2.2,2.46135,1350.5,35.3,0.014377463
750.1,3279.4,0.1,-2.4,2.4598779,1350.7,35.3,0.014231499
750,3277.2,-0.1,-2.2,2.4579,1350.9,35.3,0.014085535
750.1,3274.9,0.1,-2.3,2.4565025,1351.1,35.3,0.013939571
750,3272.5,-0.1,-2.4,2.454375,1351.3,35.3,0.013793607
750.1,3270.2,0.1,-2.3,2.452977,1351.5,35.3,0.013647643
750.1,3267.8,0,-2.4,2.4511768,1351.7,35.3,0.013501679
750.1,3265.4,0,-2.4,2.4493765,1351.9,35.3,0.013355714
750,3262.9,-0.1,-2.5,2.447175,1352.2,35.3,0.013136768
750,3260.5,0,-2.4,2.445375,1352.4,35.3,0.012990804
750,3258,0,-2.5,2.4435,1352.6,35.3,0.01284484
750,3255.6,0,-2.4,2.4417,1352.8,35.3,0.012698876
750,3253,0,-2.6,2.43975,1353,35.3,0.012552912
750,3250.5,0,-2.5,2.437875,1353.2,35.3,0.012406948
750,3247.9,0,-2.6,2.435925,1353.4,35.3,0.012260984
750,3245.3,0,-2.6,2.433975,1353.6,35.3,0.01211502
750,3242.6,0,-2.7,2.43195,1353.8,35.3,0.011969056
750,3239.9,0,-2.7,2.429925,1354,35.3,0.011823092
750.1,3237.3,0.1,-2.6,2.4282987,1354.2,35.3,0.011677127
750,3234.6,-0.1,-2.7,2.42595,1354.4,35.3,0.011531163
750.1,3231.8,0.1,-2.8,2.4241732,1354.7,35.3,0.011312217
750,3229,-0.1,-2.8,2.42175,1354.9,35.3,0.011166253
750.1,3226.2,0.1,-2.8,2.4199726,1355.1,35.3,0.011020289
750.1,3223.4,0,-2.8,2.4178723,1355.3,35.3,0.010874325
750,3220.5,-0.1,-2.9,2.415375,1355.5,35.3,0.010728361
750,3217.5,0,-3,2.413125,1355.7,35.3,0.010582397
750,3214.6,0,-2.9,2.41095,1355.9,35.3,0.010436433
750.1,3211.6,0.1,-3,2.4090212,1356.1,35.3,0.010290469
750,3208.5,-0.1,-3.1,2.406375,1356.3,35.3,0.010144504
750.1,3205.4,0.1,-3.1,2.4043705,1356.5,35.3,0.0099985404
750,3202.3,-0.1,-3.1,2.401725,1356.7,35.3,0.0098525763
750,3199.2,0,-3.1,2.3994,1356.9,35.3,0.0097066122
750.1,3195.9,0.1,-3.3,2.3972446,1357.2,35.3,0.009487666
750,3192.6,-0.1,-3.3,2.39445,1357.4,35.3,0.0093417019
750.1,3189.3,0.1,-3.3,2.3922939,1357.6,35.3,0.0091957378
750,3185.9,-0.1,-3.4,2.389425,1357.8,35.3,0.0090497738
750.1,3182.4,0.1,-3.5,2.3871182,1358,35.3,0.0089038097
750.1,3178.9,0,-3.5,2.3844929,1358.2,35.3,0.0087578456
750,3175.3,-0.1,-3.6,2.381475,1358.4,35.3,0.0086118815
750.1,3171.7,0.1,-3.6,2.3790922,1358.6,35.3,0.0084659174
750.1,3167.9,0,-3.8,2.3762418,1358.8,35.3,0.0083199533
750.1,3164.1,0,-3.8,2.3733914,1359,35.3,0.0081739892
750.1,3160.3,0,-3.8,2.370541,1359.2,35.3,0.0080280251
750.1,3156.2,0,-4.1,2.3674656,1359.4,35.3,0.007882061
750.1,3152.2,0,-4,2.3644652,1359.7,35.3,0.0076631149
750.1,3148.1,0,-4.1,2.3613898,1359.9,35.3,0.0075171508
750.1,3143.9,0,-4.2,2.3582394,1360.1,35.3,0.0073711867
750,3139.5,-0.1,-4.4,2.354625,1360.3,35.3,0.0072252226
750.1,3135,0.1,-4.5,2.3515635,1360.5,35.3,0.0070792585
750,3130.4,-0.1,-4.6,2.3478,1360.7,35.3,0.0069332944
750.1,3125.8,0.1,-4.6,2.3446626,1360.9,35.3,0.0067873303
750.1,3121,0,-4.8,2.3410621,1361.1,35.3,0.0066413662
750.1,3116.1,0,-4.9,2.3373866,1361.3,35.3,0.0064954021
750,3111,-0.1,-5.1,2.33325,1361.5,35.3,0.006349438
750,3105.9,0,-5.1,2.329425,1361.7,35.3,0.0062034739
750,3100.7,0,-5.2,2.325525,1361.9,35.3,0.0060575099
750,3095.2,0,-5.5,2.3214,1362.2,35.3,0.0058385637
750,3089.6,0,-5.6,2.3172,1362.4,35.3,0.0056925996
750,3084.1,0,-5.5,2.313075,1362.6,35.3,0.0055466355
750.1,3078.2,0.1,-5.9,2.3089578,1362.8,35.3,0.0054006714
750,3072.2,-0.1,-6,2.30415,1363,35.3,0.0052547073
750.1,3066.1,0.1,-6.1,2.2998816,1363.2,35.3,0.0051087432
750,3059.9,-0.1,-6.2,2.294925,1363.4,35.3,0.0049627792
750.1,3053.5,0.1,-6.4,2.2904303,1363.6,35.3,0.0048168151
750.1,3046.8,0,-6.7,2.2854047,1363.8,35.3,0.004670851
750.1,3040,0,-6.8,2.280304,1364,35.3,0.0045248869
750.1,3033.1,0,-6.9,2.2751283,1364.2,35.3,0.0043789228
750.1,3025.8,0,-7.3,2.2696526,1364.4,35.3,0.0042329587
750.1,3018.4,0,-7.4,2.2641018,1364.7,35.3,0.0040140126
750.1,3010.7,0,-7.7,2.2583261,1364.9,35.3,0.0038680485
750,3003,-0.1,-7.7,2.25225,1365.1,35.3,0.0037220844
750.1,2994.8,0.1,-8.2,2.2463995,1365.3,35.3,0.0035761203
750.1,2986.4,0,-8.4,2.2400986,1365.5,35.3,0.0034301562
750.1,2977.8,0,-8.6,2.2336478,1365.7,35.3,0.0032841921
750.1,2969.1,0,-8.7,2.2271219,1365.9,35.3,0.003138228
750.1,2960,0,-9.1,2.220296,1366.1,35.3,0.0029922639
750.1,2950.7,0,-9.3,2.2133201,1366.3,35.3,0.0028462998
750.1,2941.3,0,-9.4,2.2062691,1366.5,35.3,0.0027003357
750.1,2931.6,0,-9.7,2.1989932,1366.7,35.3,0.0025543716
750.1,2921.6,0,-10,2.1914922,1366.9,35.3,0.0024084075
750.1,2911.6,0,-10,2.1839912,1367.2,35.3,0.0021894614
750.1,2901.3,0,-10.3,2.1762651,1367.4,35.3,0.0020434973
750,2890.8,-0.1,-10.5,2.1681,1367.6,35.3,0.0018975332
750,2880.4,0,-10.4,2.1603,1367.8,35.3,0.0017515691
750,2869.5,0,-10.9,2.152125,1368,35.3,0.001605605
750,2858.5,0,-11,2.143875,1368.2,35.3,0.0014596409
750,2847.5,0,-11,2.135625,1368.4,35.3,0.0013136768
750,2836.3,0,-11.2,2.127225,1368.6,35.3,0.0011677127
750,2824.8,0,-11.5,2.1186,1368.8,35.3,0.0010217486
750.1,2813.4,0.1,-11.4,2.1103313,1369,35.3,0.00087578456
750.1,2801.7,0,-11.7,2.1015552,1369.2,35.3,0.00072982046
750.1,2789.8,0,-11.9,2.092629,1369.4,35.3,0.00058385637
750,2778,-0.1,-11.8,2.0835,1369.7,35.3,0.00036491023
750,2766,0,-12,2.0745,1369.9,35.3,0.00021894614
750,2753.8,0,-12.2,2.06535,1370.1,35.3,7.2982046e-05
750,2749.1,0,-4.7,2.061825,1370.2,35.3,0
