Current(mA),Voltage(mV),dI(mA),dV(mV),Power(W),RawCapacity(mAh),T(C),SOC
0,4197.4,0,0,0,0,30,1
0,4197,0,-0.4,0,0,30,1
0,4196.6,0,-0.4,0,0,30,1
0,4196.3,0,-0.3,0,0,30,1
0,4196.1,0,-0.2,0,0,30,1
0,4195.8,0,-0.3,0,0,30,1
0,4195.6,0,-0.2,0,0,30,1
0,4195.4,0,-0.2,0,0,30,1
0,4195.2,0,-0.2,0,0,30,1
0,4195.1,0,-0.1,0,0,30,1
0,4194.8,0,-0.3,0,0,30,1
0,4194.7,0,-0.1,0,0,30,1
0,4194.5,0,-0.2,0,0,30,1
0,4194.4,0,-0.1,0,0,30,1
0,4194.2,0,-0.2,0,0,30,1
0,4194,0,-0.2,0,0,30,1
0,4193.9,0,-0.1,0,0,30,1
0,4193.8,0,-0.1,0,0,30,1
0,4193.6,0,-0.2,0,0,30,1
0,4193.5,0,-0.1,0,0,30,1
0,4193.3,0,-0.2,0,0,30,1
0,4193.2,0,-0.1,0,0,30,1
0,4193.1,0,-0.1,0,0,30,1
0,4192.9,0,-0.2,0,0,30,1
0,4192.8,0,-0.1,0,0,30,1
0,4192.7,0,-0.1,0,0,30,1
0,4192.6,0,-0.1,0,0,30,1
0,4192.4,0,-0.2,0,0,30,1
0,4192.3,0,-0.1,0,0,30,1
0,4192.2,0,-0.1,0,0,30,1
0,4192.1,0,-0.1,0,0,30,1
0,4192,0,-0.1,0,0,30,1
0,4191.8,0,-0.2,0,0,30,1
0,4191.7,0,-0.1,0,0,30,1
0,4191.6,0,-0.1,0,0,30,1
0,4191.5,0,-0.1,0,0,30,1
0,4191.4,0,-0.1,0,0,30,1
0,4191.3,0,-0.1,0,0,30,1
0,4191.2,0,-0.1,0,0,30,1
0,4191.1,0,-0.1,0,0,30,1
0,4191,0,-0.1,0,0,30,1
0,4190.9,0,-0.1,0,0,30,1
0,4190.7,0,-0.2,0,0,30,1
0,4190.6,0,-0.1,0,0,30,1
0,4190.5,0,-0.1,0,0,30,1
0,4190.4,0,-0.1,0,0,30,1
0,4190.4,0,0,0,0,30,1
0,4190.3,0,-0.1,0,0,30,1
0,4190.2,0,-0.1,0,0,30,1
0,4190.1,0,-0.1,0,0,30,1
0,4190,0,-0.1,0,0,30,1
0,4189.9,0,-0.1,0,0,30,1
0,4189.8,0,-0.1,0,0,30,1
0,4189.7,0,-0.1,0,0,30,1
0,4189.6,0,-0.1,0,0,30,1
0,4189.5,0,-0.1,0,0,30,1
0,4189.4,0,-0.1,0,0,30,1
0,4189.4,0,0,0,0,30,1
0,4189.2,0,-0.2,0,0,30,1
0,4189.2,0,0,0,0,30,1
0,4189.1,0,-0.1,0,0,30,1
0,4189,0,-0.1,0,0,30,1
0,4188.9,0,-0.1,0,0,30,1
0,4188.8,0,-0.1,0,0,30,1
0,4188.8,0,0,0,0,30,1
0,4188.6,0,-0.2,0,0,30,1
0,4188.6,0,0,0,0,30,1
0,4188.5,0,-0.1,0,0,30,1
0,4188.4,0,-0.1,0,0,30,1
0,4188.3,0,-0.1,0,0,30,1
0,4188.2,0,-0.1,0,0,30,1
0,4188.2,0,0,0,0,30,1
0,4188.1,0,-0.1,0,0,30,1
0,4188,0,-0.1,0,0,30,1
0,4187.9,0,-0.1,0,0,30,1
0,4187.8,0,-0.1,0,0,30,1
0,4187.8,0,0,0,0,30,1
0,4187.6,0,-0.2,0,0,30,1
0,4187.6,0,0,0,0,30,1
0,4187.5,0,-0.1,0,0,30,1
0,4187.4,0,-0.1,0,0,30,1
0,4187.4,0,0,0,0,30,1
0,4187.3,0,-0.1,0,0,30,1
0,4187.2,0,-0.1,0,0,30,1
0,4187.2,0,0,0,0,30,1
0,4187.1,0,-0.1,0,0,30,1
0,4187,0,-0.1,0,0,30,1
0,4186.9,0,-0.1,0,0,30,1
0,4186.9,0,0,0,0,30,1
0,4186.8,0,-0.1,0,0,30,1
0,4186.7,0,-0.1,0,0,30,1
0,4186.7,0,0,0,0,30,1
0,4186.6,0,-0.1,0,0,30,1
0,4186.5,0,-0.1,0,0,30,1
0,4186.4,0,-0.1,0,0,30,1
0,4186.3,0,-0.1,0,0,30,1
0,4186.3,0,0,0,0,30,1
0,4186.2,0,-0.1,0,0,30,1
0,4186.1,0,-0.1,0,0,30,1
0,4186.1,0,0,0,0,30,1
0,4186,0,-0.1,0,0,30,1
0,4185.9,0,-0.1,0,0,30,1
0,4185.9,0,0,0,0,30,1
0,4185.8,0,-0.1,0,0,30,1
0,4185.7,0,-0.1,0,0,30,1
0,4185.6,0,-0.1,0,0,30,1
0,4185.6,0,0,0,0,30,1
0,4185.5,0,-0.1,0,0,30,1
0,4185.5,0,0,0,0,30,1
0,4185.4,0,-0.1,0,0,30,1
0,4185.3,0,-0.1,0,0,30,1
0,4185.3,0,0,0,0,30,1
0,4185.2,0,-0.1,0,0,30,1
0,4185.1,0,-0.1,0,0,30,1
0,4185.1,0,0,0,0,30,1
0,4185,0,-0.1,0,0,30,1
0,4184.9,0,-0.1,0,0,30,1
0,4184.9,0,0,0,0,30,1
0,4184.8,0,-0.1,0,0,30,1
0,4184.8,0,0,0,0,30,1
0,4184.7,0,-0.1,0,0,30,1
0,4184.6,0,-0.1,0,0,30,1
0,4184.6,0,0,0,0,30,1
0,4184.5,0,-0.1,0,0,30,1
0,4184.4,0,-0.1,0,0,30,1
0,4184.4,0,0,0,0,30,1
0,4184.3,0,-0.1,0,0,30,1
0,4184.3,0,0,0,0,30,1
0,4184.2,0,-0.1,0,0,30,1
0,4184.1,0,-0.1,0,0,30,1
0,4184.1,0,0,0,0,30,1
0,4184,0,-0.1,0,0,30,1
0,4183.9,0,-0.1,0,0,30,1
0,4183.9,0,0,0,0,30,1
0,4183.8,0,-0.1,0,0,30,1
0,4183.8,0,0,0,0,30,1
0,4183.7,0,-0.1,0,0,30,1
0,4183.7,0,0,0,0,30,1
0,4183.6,0,-0.1,0,0,30,1
0,4183.5,0,-0.1,0,0,30,1
0,4183.5,0,0,0,0,30,1
0,4183.4,0,-0.1,0,0,30,1
0,4183.4,0,0,0,0,30,1
0,4183.3,0,-0.1,0,0,30,1
0,4183.3,0,0,0,0,30,1
0,4183.2,0,-0.1,0,0,30,1
0,4183.1,0,-0.1,0,0,30,1
0,4183,0,-0.1,0,0,30,1
0,4183,0,0,0,0,30,1
0,4182.9,0,-0.1,0,0,30,1
0,4182.9,0,0,0,0,30,1
0,4182.8,0,-0.1,0,0,30,1
0,4182.8,0,0,0,0,30,1
0,4182.7,0,-0.1,0,0,30,1
0,4182.7,0,0,0,0,30,1
0,4182.6,0,-0.1,0,0,30,1
0,4182.5,0,-0.1,0,0,30,1
0,4182.5,0,0,0,0,30,1
0,4182.4,0,-0.1,0,0,30,1
0,4182.4,0,0,0,0,30,1
0,4182.3,0,-0.1,0,0,30,1
0,4182.3,0,0,0,0,30,1
0,4182.2,0,-0.1,0,0,30,1
0,4182.1,0,-0.1,0,0,30,1
0,4182.1,0,0,0,0,30,1
0,4182.1,0,0,0,0,30,1
0,4182,0,-0.1,0,0,30,1
0,4181.9,0,-0.1,0,0,30,1
0,4181.9,0,0,0,0,30,1
0,4181.9,0,0,0,0,30,1
0,4181.8,0,-0.1,0,0,30,1
0,4181.7,0,-0.1,0,0,30,1
0,4181.7,0,0,0,0,30,1
0,4181.7,0,0,0,0,30,1
0,4181.6,0,-0.1,0,0,30,1
0,4181.5,0,-0.1,0,0,30,1
0,4181.5,0,0,0,0,30,1
0,4181.4,0,-0.1,0,0,30,1
0,4181.4,0,0,0,0,30,1
0,4181.3,0,-0.1,0,0,30,1
0,4181.3,0,0,0,0,30,1
0,4181.2,0,-0.1,0,0,30,1
0,4181.2,0,0,0,0,30,1
0,4181.1,0,-0.1,0,0,30,1
0,4181.1,0,0,0,0,30,1
0,4181,0,-0.1,0,0,30,1
0,4180.9,0,-0.1,0,0,30,1
0,4180.9,0,0,0,0,30,1
0,4180.8,0,-0.1,0,0,30,1
0,4180.8,0,0,0,0,30,1
0,4180.8,0,0,0,0,30,1
0,4180.7,0,-0.1,0,0,30,1
0,4180.7,0,0,0,0,30,1
0,4180.6,0,-0.1,0,0,30,1
0,4180.6,0,0,0,0,30,1
0,4180.5,0,-0.1,0,0,30,1
0,4180.5,0,0,0,0,30,1
0,4180.4,0,-0.1,0,0,30,1
0,4180.4,0,0,0,0,30,1
0,4180.3,0,-0.1,0,0,30,1
0,4180.3,0,0,0,0,30,1
0,4180.2,0,-0.1,0,0,30,1
0,4180.2,0,0,0,0,30,1
0,4180.1,0,-0.1,0,0,30,1
0,4180.1,0,0,0,0,30,1
0,4180,0,-0.1,0,0,30,1
0,4180,0,0,0,0,30,1
0,4179.9,0,-0.1,0,0,30,1
0,4179.9,0,0,0,0,30,1
0,4179.8,0,-0.1,0,0,30,1
0,4179.8,0,0,0,0,30,1
0,4179.7,0,-0.1,0,0,30,1
0,4179.7,0,0,0,0,30,1
0,4179.6,0,-0.1,0,0,30,1
0,4179.6,0,0,0,0,30,1
0,4179.6,0,0,0,0,30,1
0,4179.5,0,-0.1,0,0,30,1
0,4179.4,0,-0.1,0,0,30,1
0,4179.4,0,0,0,0,30,1
0,4179.4,0,0,0,0,30,1
0,4179.3,0,-0.1,0,0,30,1
0,4179.3,0,0,0,0,30,1
0,4179.2,0,-0.1,0,0,30,1
0,4179.2,0,0,0,0,30,1
0,4179.1,0,-0.1,0,0,30,1
0,4179.1,0,0,0,0,30,1
0,4179,0,-0.1,0,0,30,1
0,4179,0,0,0,0,30,1
0,4179,0,0,0,0,30,1
0,4178.9,0,-0.1,0,0,30,1
0,4178.9,0,0,0,0,30,1
0,4178.8,0,-0.1,0,0,30,1
0,4178.8,0,0,0,0,30,1
0,4178.7,0,-0.1,0,0,30,1
0,4178.7,0,0,0,0,30,1
0,4178.6,0,-0.1,0,0,30,1
0,4178.6,0,0,0,0,30,1
0,4178.6,0,0,0,0,30,1
0,4178.5,0,-0.1,0,0,30,1
0,4178.4,0,-0.1,0,0,30,1
0,4178.4,0,0,0,0,30,1
0,4178.4,0,0,0,0,30,1
0,4178.3,0,-0.1,0,0,30,1
0,4178.3,0,0,0,0,30,1
0,4178.2,0,-0.1,0,0,30,1
0,4178.2,0,0,0,0,30,1
0,4178.1,0,-0.1,0,0,30,1
0,4178.1,0,0,0,0,30,1
0,4178.1,0,0,0,0,30,1
0,4178,0,-0.1,0,0,30,1
0,4178,0,0,0,0,30,1
0,4177.9,0,-0.1,0,0,30,1
0,4177.9,0,0,0,0,30,1
0,4177.9,0,0,0,0,30,1
0,4177.8,0,-0.1,0,0,30,1
0,4177.8,0,0,0,0,30,1
0,4177.7,0,-0.1,0,0,30,1
0,4177.7,0,0,0,0,30,1
0,4177.7,0,0,0,0,30,1
0,4177.6,0,-0.1,0,0,30,1
0,4177.5,0,-0.1,0,0,30,1
0,4177.5,0,0,0,0,30,1
0,4177.5,0,0,0,0,30,1
0,4177.4,0,-0.1,0,0,30,1
0,4177.4,0,0,0,0,30,1
0,4177.3,0,-0.1,0,0,30,1
0,4177.3,0,0,0,0,30,1
0,4177.3,0,0,0,0,30,1
0,4177.2,0,-0.1,0,0,30,1
0,4177.2,0,0,0,0,30,1
0,4177.1,0,-0.1,0,0,30,1
0,4177.1,0,0,0,0,30,1
0,4177.1,0,0,0,0,30,1
0,4177,0,-0.1,0,0,30,1
0,4177,0,0,0,0,30,1
0,4177,0,0,0,0,30,1
0,4176.9,0,-0.1,0,0,30,1
0,4176.8,0,-0.1,0,0,30,1
0,4176.8,0,0,0,0,30,1
0,4176.8,0,0,0,0,30,1
0,4176.7,0,-0.1,0,0,30,1
0,4176.7,0,0,0,0,30,1
0,4176.6,0,-0.1,0,0,30,1
0,4176.6,0,0,0,0,30,1
0,4176.6,0,0,0,0,30,1
0,4176.5,0,-0.1,0,0,30,1
0,4176.5,0,0,0,0,30,1
0,4176.4,0,-0.1,0,0,30,1
0,4176.4,0,0,0,0,30,1
0,4176.4,0,0,0,0,30,1
0,4176.4,0,0,0,0,30,1
0,4176.3,0,-0.1,0,0,30,1
0,4176.2,0,-0.1,0,0,30,1
0,4176.2,0,0,0,0,30,1
0,4176.2,0,0,0,0,30,1
0,4176.1,0,-0.1,0,0,30,1
0,4176.1,0,0,0,0,30,1
0,4176,0,-0.1,0,0,30,1
0,4176,0,0,0,0,30,1
0,4176,0,0,0,0,30,1
0,4175.9,0,-0.1,0,0,30,1
2,4176.3,2,0.4,0.0083526,0,30,1
446.9,4156.7,444.9,-19.6,1.8576292,0.1,30,0.99992315
887.9,4135.4,441,-21.3,3.6718217,0.4,30,0.99969262
1326.8,4112.7,438.9,-22.7,5.4567304,0.7,30,0.99946208
1328.9,4107.9,2.1,-4.8,5.4589883,1.1,30,0.99915469
1322.9,4104.1,-6,-3.8,5.4293139,1.5,30,0.99884731
1321.9,4100.7,-1,-3.4,5.4207153,1.8,30,0.99861677
1320.9,4097.5,-1,-3.2,5.4123877,2.2,30,0.99830938
1323.8,4094.6,2.9,-2.9,5.4204315,2.6,30,0.998002
1321.9,4091.9,-1.9,-2.7,5.4090826,2.9,30,0.99777146
1322.8,4089.3,0.9,-2.6,5.409326,3.3,30,0.99746407
1323.8,4087,1,-2.3,5.4103706,3.7,30,0.99715669
1326.9,4084.5,3.1,-2.5,5.419723,4,30,0.99692615
1325.9,4082.4,-1,-2.1,5.4128542,4.4,30,0.99661877
1328.9,4080.2,3,-2.2,5.4221778,4.8,30,0.99631138
1322.9,4078.5,-6,-1.7,5.3954476,5.2,30,0.996004
1325.9,4076.5,3,-2,5.4050314,5.5,30,0.99577346
1320.9,4074.8,-5,-1.7,5.3824033,5.9,30,0.99546607
1321.8,4073.1,0.9,-1.7,5.3838236,6.3,30,0.99515869
1243.8,4074.7,-78,1.6,5.0681119,6.6,30,0.99492815
1158.9,4076.8,-84.9,2.1,4.7246035,6.9,30,0.99469761
1083.1,4078.7,-75.8,1.9,4.41764,7.2,30,0.99446707
1080.9,4077.9,-2.2,-0.8,4.4078021,7.5,30,0.99423653
1082.9,4076.9,2,-1,4.414875,7.8,30,0.99400599
1081.8,4075.9,-1.1,-1,4.4093086,8.1,30,0.99377546
1086.8,4074.7,5,-1.2,4.428384,8.4,30,0.99354492
1077.9,4074.1,-8.9,-0.6,4.3914724,8.7,30,0.99331438
1084.8,4072.8,6.9,-1.3,4.4181734,9,30,0.99308384
1085.8,4071.8,1,-1,4.4211604,9.3,30,0.9928533
848.1,4080.6,-237.7,8.8,3.4607569,9.6,30,0.99262276
613.9,4089.9,-234.2,9.3,2.5107896,9.7,30,0.99254592
372.1,4100.1,-241.8,10.2,1.5256472,9.8,30,0.99246907
141.1,4110.4,-231,10.3,0.57997744,9.9,30,0.99239222
-91,4120.7,-232.1,10.3,-0.3749837,9.9,30,0.99239222
-97,4122.6,-6,1.9,-0.3998922,9.8,30,0.99246907
-92,4123.8,5,1.2,-0.3793896,9.8,30,0.99246907
-94,4125.1,-2,1.3,-0.3877594,9.8,30,0.99246907
-97,4126.4,-3,1.3,-0.4002608,9.7,30,0.99254592
-94,4127.3,3,0.9,-0.3879662,9.7,30,0.99254592
-95,4128.3,-1,1,-0.3921885,9.7,30,0.99254592
-93,4129,2,0.7,-0.383997,9.7,30,0.99254592
-96,4130,-3,1,-0.39648,9.6,30,0.99262276
-84,4130.3,12,0.3,-0.3469452,9.6,30,0.99262276
2803.6,4013.1,2887.6,-117.2,11.251127,10.4,30,0.99200799
2804.6,4005.4,1,-7.7,11.233545,11.2,30,0.99139322
2806.6,3999.6,2,-5.8,11.225277,12,30,0.99077845
2801.6,3995.1,-5,-4.5,11.192672,12.7,30,0.99024053
2806.7,3990.7,5.1,-4.4,11.200698,13.5,30,0.98962576
1749.8,4029.3,-1056.9,38.6,7.0504691,14,30,0.98924153
700,4070.6,-1049.8,41.3,2.84942,14.2,30,0.98908784
695.9,4072.3,-4.1,1.7,2.8339136,14.4,30,0.98893414
698.8,4072.9,2.9,0.6,2.8461425,14.6,30,0.98878045
690.9,4073.6,-7.9,0.7,2.8144502,14.8,30,0.98862676
696.9,4073.7,6,0.1,2.8389615,15,30,0.98847307
700.9,4073.6,4,-0.1,2.8551862,15.2,30,0.98831937
699.9,4073.7,-1,0.1,2.8511826,15.4,30,0.98816568
702.9,4073.6,3,-0.1,2.8633334,15.6,30,0.98801199
701.9,4073.5,-1,-0.1,2.8591896,15.7,30,0.98793514
698.9,4073.5,-3,0,2.8469692,15.9,30,0.98778145
2111.6,4016.5,1412.7,-57,8.4812414,16.5,30,0.98732037
2108.6,4013,-3,-3.5,8.4618118,17.1,30,0.98685929
2114.6,4009.9,6,-3.1,8.4793345,17.7,30,0.98639822
2107.6,4007.7,-7,-2.2,8.4466285,18.3,30,0.98593714
2111.6,4005.3,4,-2.4,8.4575915,18.9,30,0.98547606
2112.6,4003.2,1,-2.1,8.4571603,19.5,30,0.98501499
2110.6,4001.3,-2,-1.9,8.4451438,20,30,0.98463075
2111.7,3999.4,1.1,-1.9,8.445533,20.6,30,0.98416968
2112.6,3997.7,0.9,-1.7,8.445541,21.2,30,0.9837086
2111.6,3996.1,-1,-1.6,8.4381648,21.8,30,0.98324752
2108.6,3994.6,-3,-1.5,8.4230136,22.4,30,0.98278644
2109.6,3993,1,-1.6,8.4236328,23,30,0.98232537
2110.6,3991.5,1,-1.5,8.4244599,23.6,30,0.98186429
2112.6,3990,2,-1.5,8.429274,24.2,30,0.98140321
2111.6,3988.6,-1,-1.4,8.4223278,24.7,30,0.98101898
2108.6,3987.4,-3,-1.2,8.4078316,25.3,30,0.9805579
2108.7,3986,0.1,-1.4,8.4052782,25.9,30,0.98009683
2108.7,3984.8,0,-1.2,8.4027478,26.5,30,0.97963575
2110.6,3983.5,1.9,-1.3,8.4075751,27.1,30,0.97917467
2112.5,3982.2,1.9,-1.3,8.4123975,27.7,30,0.97871359
2999.6,3946.1,887.1,-36.1,11.836722,28.5,30,0.97809882
2999.6,3943.2,0,-2.9,11.828023,29.3,30,0.97748405
2999.6,3940.6,0,-2.6,11.820224,30.2,30,0.97679244
2999.6,3938.4,0,-2.2,11.813625,31,30,0.97617767
2999.6,3936.2,0,-2.2,11.807026,31.8,30,0.9755629
2999.7,3934.2,0.1,-2,11.80142,32.7,30,0.97487128
2999.7,3932.2,0,-2,11.79542,33.5,30,0.97425651
2999.7,3930.4,0,-1.8,11.790021,34.3,30,0.97364174
2999.7,3928.7,0,-1.7,11.784921,35.2,30,0.97295013
2999.7,3927,0,-1.7,11.779822,36,30,0.97233536
2999.7,3925.3,0,-1.7,11.774722,36.8,30,0.97172059
2999.7,3923.8,0,-1.5,11.770223,37.7,30,0.97102897
2999.7,3922.2,0,-1.6,11.765423,38.5,30,0.9704142
2999.7,3920.7,0,-1.5,11.760924,39.3,30,0.96979943
2999.7,3919.2,0,-1.5,11.756424,40.2,30,0.96910782
2999.7,3917.8,0,-1.4,11.752225,41,30,0.96849305
2999.7,3916.5,0,-1.3,11.748325,41.8,30,0.96787828
2999.6,3915.1,-0.1,-1.4,11.743734,42.7,30.1,0.96718666
2999.6,3913.8,0,-1.3,11.739834,43.5,30.1,0.96657189
1815.8,3958.9,-1183.8,45.1,7.1885706,44,30.1,0.96618766
343,4017.6,-1472.8,58.7,1.3780368,44.1,30.1,0.96611081
342.9,4021,-0.1,3.4,1.3788009,44.2,30.1,0.96603397
375,4022.3,32.1,1.3,1.5083625,44.3,30.1,0.96595712
411.9,4022.9,36.9,0.6,1.6570325,44.4,30.1,0.96588027
437,4023.7,25.1,0.8,1.7583569,44.5,30.1,0.96580343
466,4024,29,0.3,1.875184,44.7,30.1,0.96564973
499,4024,33,0,2.007976,44.8,30.1,0.96557289
532,4023.8,33,-0.2,2.1406616,45,30.1,0.9654192
523,4025.1,-9,1.3,2.1051273,45.1,30.1,0.96534235
529,4025.9,6,0.8,2.1297011,45.2,30.1,0.9652655
527,4026.8,-2,0.9,2.1221236,45.4,30.1,0.96511181
526.9,4027.6,-0.1,0.8,2.1221424,45.5,30.1,0.96503497
522.9,4028.6,-4,1,2.1065549,45.7,30.1,0.96488127
528.9,4029.2,6,0.6,2.1310439,45.8,30.1,0.96480443
530.9,4029.8,2,0.6,2.1394208,46,30.1,0.96465073
526.9,4030.6,-4,0.8,2.1237231,46.1,30.1,0.96457389
527,4031.2,0.1,0.6,2.1244424,46.3,30.1,0.9644202
1651.6,3987.8,1124.6,-43.4,6.5862505,46.7,30.1,0.96411281
2778.5,3942.1,1126.9,-45.7,10.953125,47.5,30.1,0.96349804
2784.7,3938.4,6.2,-3.7,10.967262,48.3,30.1,0.96288327
2783.7,3935.8,-1,-2.6,10.956086,49,30.1,0.96234535
2785.7,3933.5,2,-2.3,10.957551,49.8,30.1,0.96173058
2782.6,3931.6,-3.1,-1.9,10.94007,50.6,30.1,0.96111581
2790.5,3929.5,7.9,-2.1,10.96527,51.4,30.1,0.96050104
2780.7,3928.2,-9.8,-1.3,10.923146,52.1,30.1,0.95996311
2783.7,3926.5,3,-1.7,10.930198,52.9,30.1,0.95934834
2779.7,3925.2,-4,-1.3,10.910878,53.7,30.1,0.95873357
2783.7,3923.6,4,-1.6,10.922125,54.5,30.1,0.9581188
2781.6,3922.3,-2.1,-1.3,10.91027,55.2,30.1,0.95758088
2784.7,3920.9,3.1,-1.4,10.91853,56,30.1,0.95696611
2779.7,3919.8,-5,-1.1,10.895868,56.8,30.1,0.95635134
2071.7,3946.1,-708,26.3,8.1751354,57.4,30.1,0.95589026
1366.8,3973.7,-704.9,27.6,5.4312532,57.7,30.1,0.95565972
654.9,4002.6,-711.9,28.9,2.6213027,57.9,30.1,0.95550603
-46,4031.5,-700.9,28.9,-0.185449,57.9,30.1,0.95550603
-51,4034.6,-5,3.1,-0.2057646,57.9,30.1,0.95550603
-46,4036.8,5,2.2,-0.1856928,57.9,30.1,0.95550603
-54,4039.2,-8,2.4,-0.2181168,57.9,30.1,0.95550603
-54,4041,0,1.8,-0.218214,57.8,30.1,0.95558288
-55,4042.7,-1,1.7,-0.2223485,57.8,30.1,0.95558288
-52,4044.1,3,1.4,-0.2102932,57.8,30.1,0.95558288
-57,4045.8,-5,1.7,-0.2306106,57.8,30.1,0.95558288
-54,4047,3,1.2,-0.218538,57.8,30.2,0.95558288
-54,4048.3,0,1.3,-0.2186082,57.8,30.2,0.95558288
-54,4049.5,0,1.2,-0.218673,57.8,30.2,0.95558288
-53,4050.6,1,1.1,-0.2146818,57.7,30.2,0.95565972
-54,4051.7,-1,1.1,-0.2187918,57.7,30.2,0.95565972
-22,4051.5,32,-0.2,-0.089133,57.7,30.2,0.95565972
8,4051.8,30,0.3,0.0324144,57.7,30.2,0.95565972
36,4051.5,28,-0.3,0.145854,57.7,30.2,0.95565972
34,4052.4,-2,0.9,0.1377816,57.7,30.2,0.95565972
33,4053.3,-1,0.9,0.1337589,57.7,30.2,0.95565972
29,4054.1,-4,0.8,0.1175689,57.8,30.2,0.95558288
34,4054.7,5,0.6,0.1378598,57.8,30.2,0.95558288
33,4055.4,-1,0.7,0.1338282,57.8,30.2,0.95558288
34,4056.1,1,0.7,0.1379074,57.8,30.2,0.95558288
30,4056.9,-4,0.8,0.121707,57.8,30.2,0.95558288
32,4057.5,2,0.6,0.12984,57.8,30.2,0.95558288
32,4058.1,0,0.6,0.1298592,57.8,30.2,0.95558288
37,4058.5,5,0.4,0.1501645,57.8,30.2,0.95558288
33,4059.2,-4,0.7,0.1339536,57.8,30.2,0.95558288
37,4059.7,4,0.5,0.1502089,57.8,30.2,0.95558288
271,4051.1,234,-8.6,1.0978481,57.9,30.2,0.95550603
510.8,4041.8,239.8,-9.3,2.0645514,58.1,30.2,0.95535234
745.9,4032.3,235.1,-9.5,3.0076926,58.3,30.2,0.95519865
989.9,4022.1,244,-10.2,3.9814768,58.5,30.2,0.95504496
1228.9,4011.9,239,-10.2,4.9302239,58.9,30.2,0.95473757
1464.8,4001.4,235.9,-10.5,5.8612507,59.3,30.2,0.95443019
1706.7,3990.6,241.9,-10.8,6.810757,59.8,30.2,0.95404595
1702.8,3989,-3.9,-1.6,6.7924692,60.2,30.2,0.95373857
1707.8,3987.4,5,-1.6,6.8096817,60.7,30.2,0.95335434
1707.8,3986.1,0,-1.3,6.8074616,61.2,30.2,0.95297011
1705.8,3984.9,-2,-1.2,6.7974424,61.7,30.2,0.95258588
1709.8,3983.7,4,-1.2,6.8113303,62.1,30.2,0.95227849
1705.8,3982.8,-4,-0.9,6.7938602,62.6,30.2,0.95189426
1704.8,3981.9,-1,-0.9,6.7883431,63.1,30.2,0.95151003
1261.9,3998.2,-442.9,16.3,5.0453286,63.4,30.2,0.95127949
1256.8,3998.3,-5.1,0.1,5.0250634,63.8,30.2,0.9509721
1266.8,3997.7,10,-0.6,5.0642864,64.1,30.2,0.95074157
1268.8,3997.4,2,-0.3,5.0719011,64.5,30.2,0.95043418
1268.8,3997.1,0,-0.3,5.0715205,64.8,30.2,0.95020364
1267.7,3996.8,-1.1,-0.3,5.0667434,65.2,30.2,0.94989626
1263.8,3996.6,-3.9,-0.2,5.0509031,65.5,30.2,0.94966572
1262.8,3996.4,-1,-0.2,5.0466539,65.9,30.2,0.94935833
1265.8,3995.9,3,-0.5,5.0580102,66.2,30.2,0.9491278
1263.8,3995.7,-2,-0.2,5.0497657,66.6,30.2,0.94882041
1264.8,3995.3,1,-0.4,5.0532554,66.9,30.2,0.94858987
1263.8,3995,-1,-0.3,5.048881,67.3,30.2,0.94828249
1269.8,3994.5,6,-0.5,5.0722161,67.6,30.2,0.94805195
1273.8,3994,4,-0.5,5.0875572,68,30.2,0.94774456
1261.8,3994.1,-12,0.1,5.0397554,68.4,30.2,0.94743718
1293.8,3992.6,32,-1.5,5.1656259,68.7,30.2,0.94720664
1331.8,3990.8,38,-1.8,5.3149474,69.1,30.2,0.94689925
1354.8,3989.5,23,-1.3,5.4049746,69.5,30.2,0.94659187
1392.9,3987.6,38.1,-1.9,5.554328,69.8,30.2,0.94636133
1415.9,3986.2,23,-1.4,5.6440606,70.2,30.2,0.94605395
1448.7,3984.5,32.8,-1.7,5.7723452,70.6,30.2,0.94574656
1475.8,3982.9,27.1,-1.6,5.8779638,71.1,30.2,0.94536233
1478.8,3982.3,3,-0.6,5.8890252,71.5,30.2,0.94505495
1474.7,3981.9,-4.1,-0.4,5.8721079,71.9,30.2,0.94474756
1477.7,3981.3,3,-0.6,5.883167,72.3,30.2,0.94444018
1476.7,3981,-1,-0.3,5.8787427,72.7,30.2,0.94413279
1475.8,3980.6,-0.9,-0.4,5.8745695,73.1,30.2,0.94382541
1463.8,3980.6,-12,0,5.8268023,73.5,30.2,0.94351802
1458.8,3980.4,-5,-0.2,5.8066075,73.9,30.2,0.94321064
1453.8,3980.3,-5,-0.1,5.7865601,74.3,30.2,0.94290325
1453.8,3979.9,0,-0.4,5.7859786,74.7,30.2,0.94259587
1444.7,3979.9,-9.1,0,5.7497615,75.1,30.2,0.94228848
1438.8,3979.8,-5.9,-0.1,5.7261362,75.5,30.2,0.9419811
1439.8,3979.4,1,-0.4,5.7295401,75.9,30.2,0.94167371
1435.8,3979.2,-4,-0.2,5.7133354,76.3,30.2,0.94136633
1435.8,3979,0,-0.2,5.7130482,76.7,30.2,0.94105894
1434.8,3978.7,-1,-0.3,5.7086388,77.1,30.2,0.94075156
1069.9,3992.6,-364.9,13.9,4.2716827,77.4,30.2,0.94052102
1068.8,3993,-1.1,0.4,4.2677184,77.7,30.2,0.94029048
1068.8,3993.2,0,0.2,4.2679322,78,30.2,0.94005994
1076.8,3993,8,-0.2,4.2996624,78.3,30.2,0.9398294
1066.8,3993.5,-10,0.5,4.2602658,78.6,30.2,0.93959886
1071.8,3993.4,5,-0.1,4.2801261,78.9,30.2,0.93936832
1072.8,3993.4,1,0,4.2841195,79.2,30.2,0.93913779
945.9,3998.4,-126.9,5,3.7820866,79.5,30.2,0.93890725
829.9,4003.1,-116,4.7,3.3221727,79.7,30.2,0.93875355
710,4008.2,-119.9,5.1,2.845822,79.9,30.2,0.93859986
593,4013.3,-117,5.1,2.3798869,80.1,30.2,0.93844617
597,4013.8,4,0.5,2.3962386,80.2,30.2,0.93836932
594,4014.4,-3,0.6,2.3845536,80.4,30.2,0.93821563
594,4014.9,0,0.5,2.3848506,80.6,30.2,0.93806194
596,4015.3,2,0.4,2.3931188,80.7,30.2,0.93798509
593,4015.8,-3,0.5,2.3813694,80.9,30.2,0.9378314
587,4016.4,-6,0.6,2.3576268,81,30.2,0.93775455
587.9,4016.7,0.9,0.3,2.3614179,81.2,30.2,0.93760086
575.9,4017.5,-12,0.8,2.3136782,81.4,30.2,0.93744717
566,4018.2,-9.9,0.7,2.2743012,81.5,30.2,0.93737032
563.9,4018.6,-2.1,0.4,2.2660885,81.7,30.2,0.93721663
559.9,4019.1,-4,0.5,2.2502941,81.8,30.2,0.93713978
555.9,4019.5,-4,0.4,2.23444,82,30.2,0.93698609
554.1,4019.9,-1.8,0.4,2.2274266,82.1,30.2,0.93690924
552.9,4020.2,-1.2,0.3,2.2227686,82.3,30.2,0.93675555
557.9,4020.3,5,0.1,2.2429254,82.5,30.2,0.93660186
553.9,4020.7,-4,0.4,2.2270657,82.6,30.2,0.93652501
562,4020.6,8.1,-0.1,2.2595772,82.8,30.2,0.93637132
1193.8,3996.3,631.8,-24.3,4.7707829,83.1,30.2,0.93614078
1253.7,3993,59.9,-3.3,5.0060241,83.4,30.2,0.93591024
1247.8,3992.4,-5.9,-0.6,4.9817167,83.8,30.2,0.93560286
1256.7,3991.4,8.9,-1,5.0159924,84.1,30.2,0.93537232
1253.8,3990.9,-2.9,-0.5,5.0037904,84.5,30.2,0.93506494
1255.8,3990.3,2,-0.6,5.0110187,84.8,30.2,0.9348344
1256.8,3989.7,1,-0.6,5.014255,85.2,30.2,0.93452701
1250.8,3989.5,-6,-0.2,4.9900666,85.5,30.2,0.93429647
1258.8,3988.8,8,-0.7,5.0211014,85.9,30.2,0.93398909
1250.8,3988.7,-8,-0.1,4.989066,86.2,30.2,0.93375855
1252.8,3988.2,2,-0.5,4.996417,86.6,30.2,0.93345116
1256.7,3987.7,3.9,-0.5,5.0113426,86.9,30.2,0.93322063
1249.8,3987.6,-6.9,-0.1,4.9837025,87.3,30.2,0.93291324
908,4000.5,-341.8,12.9,3.632454,87.5,30.2,0.93275955
900.9,4001.1,-7.1,0.6,3.604591,87.8,30.2,0.93252901
903.9,4001.2,3,0.1,3.6166847,88,30.2,0.93237532
910.9,4001,7,-0.2,3.6445109,88.3,30.2,0.93214478
900.9,4001.5,-10,0.5,3.6049514,88.5,30.2,0.93199109
901.9,4001.5,1,0,3.6089529,88.8,30.2,0.93176055
901.9,4001.5,0,0,3.6089529,89,30.2,0.93160685
906.9,4001.4,5,-0.1,3.6288697,89.3,30.2,0.93137632
898.8,4001.7,-8.1,0.3,3.596728,89.5,30.2,0.93122262
738,4007.9,-160.8,6.2,2.9578302,89.7,30.2,0.93106893
574.9,4014.5,-163.1,6.6,2.307936,89.9,30.2,0.93091524
409.1,4021.5,-165.8,7,1.6451957,90,30.2,0.93083839
249.1,4028.4,-160,6.9,1.0034744,90.1,30.2,0.93076155
79,4035.9,-170.1,7.5,0.3188361,90.1,30.2,0.93076155
-88,4042.9,-167,7,-0.3557752,90.1,30.2,0.93076155
-84,4044,4,1.1,-0.339696,90.1,30.2,0.93076155
-84,4045,0,1,-0.33978,90,30.2,0.93083839
-81,4045.9,3,0.9,-0.3277179,90,30.2,0.93083839
-88,4047,-7,1.1,-0.356136,90,30.2,0.93083839
-82,4047.6,6,0.6,-0.3319032,90,30.2,0.93083839
-89,4048.7,-7,1.1,-0.3603343,89.9,30.2,0.93091524
-81,4049.1,8,0.4,-0.3279771,89.9,30.2,0.93091524
-84,4049.9,-3,0.8,-0.3401916,89.9,30.2,0.93091524
-90,4050.8,-6,0.9,-0.364572,89.9,30.2,0.93091524
188,4041.2,278,-9.6,0.7597456,89.9,30.2,0.93091524
455,4030.9,267,-10.3,1.8340595,90,30.2,0.93083839
449,4030.8,-6,-0.1,1.8098292,90.2,30.2,0.9306847
455.9,4030.4,6.9,-0.4,1.8374594,90.3,30.2,0.93060785
454.9,4030.3,-1,-0.1,1.8333835,90.4,30.2,0.93053101
454.9,4030.3,0,0,1.8333835,90.6,30.2,0.93037731
453,4030.3,-1.9,0,1.8257259,90.7,30.2,0.93030047
453.9,4030.3,0.9,0,1.8293532,90.8,30.2,0.93022362
449.9,4030.4,-4,0.1,1.813277,90.9,30.2,0.93014678
455,4030.3,5.1,-0.1,1.8337865,91.1,30.2,0.92999308
458,4030.1,3,-0.2,1.8457858,91.2,30.2,0.92991624
448,4030.5,-10,0.4,1.805664,91.3,30.2,0.92983939
230,4039,-218,8.5,0.92897,91.4,30.2,0.92976255
0,4047.9,-230,8.9,0,91.4,30.2,0.92976255
-224.9,4057.4,-224.9,9.5,-0.91250926,91.3,30.2,0.92983939
-449,4067.2,-224.1,9.8,-1.8261728,91.2,30.2,0.92991624
-450.9,4068.6,-1.9,1.4,-1.8345317,91.1,30.2,0.92999308
-451.9,4069.8,-1,1.2,-1.8391426,90.9,30.2,0.93014678
-584.9,4076,-133,6.2,-2.3840524,90.8,30.2,0.93022362
-729.9,4082.7,-145,6.7,-2.9799627,90.6,30.2,0.93037731
-726.9,4084,3,1.3,-2.9686596,90.4,30.2,0.93053101
-730.9,4085.4,-4,1.4,-2.9860189,90.2,30.2,0.9306847
-727,4086.3,3.9,0.9,-2.9707401,90,30.2,0.93083839
-723.9,4087.3,3.1,1,-2.9587965,89.8,30.2,0.93099208
-398.1,4075.6,325.8,-11.7,-1.6224964,89.6,30.2,0.93114578
-57,4062.7,341.1,-12.9,-0.2315739,89.6,30.2,0.93114578
274,4050.2,331,-12.5,1.1097548,89.7,30.2,0.93106893
612.8,4036.3,338.8,-13.9,2.4734446,89.9,30.2,0.93091524
942.8,4022.4,330,-13.9,3.7923187,90.1,30.2,0.93076155
1278.6,4007.9,335.8,-14.5,5.1245009,90.5,30.2,0.93045416
1606.6,3993.3,328,-14.6,6.4156358,90.9,30.2,0.93014678
1610.8,3991,4.2,-2.3,6.4287028,91.4,30.2,0.92976255
1610.7,3989.2,-0.1,-1.8,6.4254044,91.8,30.2,0.92945516
1611.8,3987.6,1.1,-1.6,6.4272137,92.3,30.2,0.92907093
1611.8,3986.1,0,-1.5,6.424796,92.7,30.2,0.92876354
1617.7,3984.6,5.9,-1.5,6.4458874,93.2,30.2,0.92837931
1608.8,3983.6,-8.9,-1,6.4088157,93.6,30.2,0.92807193
1614.8,3982.2,6,-1.4,6.4304566,94.1,30.2,0.9276877
1822.7,3973.1,207.9,-9.1,7.2417694,94.6,30.2,0.92730347
2029.7,3963.7,207,-9.4,8.0451219,95.1,30.2,0.92691923
2028.6,3962,-1.1,-1.7,8.0373132,95.7,30.2,0.92645816
2028.6,3960.5,0,-1.5,8.0342703,96.3,30.2,0.92599708
2024.6,3959.3,-4,-1.2,8.0159988,96.8,30.2,0.92561285
2028.6,3957.9,4,-1.4,8.0289959,97.4,30.2,0.92515177
2028.7,3956.6,0.1,-1.3,8.0267544,98,30.2,0.92469069
2027.8,3955.5,-0.9,-1.1,8.0209629,98.5,30.2,0.92430646
2026.7,3954.4,-1.1,-1.1,8.0143825,99.1,30.2,0.92384539
2029.7,3953.2,3,-1.2,8.02381,99.7,30.2,0.92338431
2030.6,3952.1,0.9,-1.1,8.0251343,100.2,30.2,0.92300008
2026.7,3951.3,-3.9,-0.8,8.0080997,100.8,30.2,0.922539
2027.6,3950.3,0.9,-1,8.0096283,101.3,30.2,0.92215477
2029.6,3949.3,2,-1,8.0154993,101.9,30.2,0.92169369
2031.6,3948.3,2,-1,8.0213663,102.5,30.2,0.92123261
794.9,3995.2,-1236.7,46.9,3.1757845,102.7,30.2,0.92107892
791.9,3996.7,-3,1.5,3.1649867,102.9,30.2,0.92092523
789.8,3997.6,-2.1,0.9,3.1573045,103.1,30.2,0.92077154
792.9,3998.2,3.1,0.6,3.1701728,103.4,30.2,0.920541
790.9,3998.8,-2,0.6,3.1626509,103.6,30.2,0.92038731
791.8,3999.2,0.9,0.4,3.1665666,103.8,30.2,0.92023361
792.9,3999.5,1.1,0.3,3.1712035,104,30.2,0.92007992
792.9,3999.8,0,0.3,3.1714414,104.2,30.2,0.91992623
792.9,4000,0,0.2,3.1716,104.5,30.2,0.91969569
788,4000.5,-4.9,0.5,3.152394,104.7,30.2,0.919542
689,4004.5,-99,4,2.7591005,104.9,30.2,0.9193883
577,4009.2,-112,4.7,2.3133084,105,30.2,0.91931146
463,4014.2,-114,5,1.8585746,105.2,30.2,0.91915777
348,4019.3,-115,5.1,1.3987164,105.2,30.2,0.91915777
247.9,4023.9,-100.1,4.6,0.99752481,105.3,30.2,0.91908092
134,4029.1,-113.9,5.2,0.5398994,105.4,30.2,0.91900407
30,4034.1,-104,5,0.121023,105.4,30.2,0.91900407
29,4035.1,-1,1,0.1170179,105.4,30.2,0.91900407
27,4036.1,-2,1,0.1089747,105.4,30.2,0.91900407
28,4036.9,1,0.8,0.1130332,105.4,30.2,0.91900407
29,4037.6,1,0.7,0.1170904,105.4,30.2,0.91900407
30,4038.2,1,0.6,0.121146,105.4,30.2,0.91900407
30,4038.9,0,0.7,0.121167,105.4,30.2,0.91900407
34,4039.4,4,0.5,0.1373396,105.4,30.2,0.91900407
33,4040,-1,0.6,0.13332,105.4,30.2,0.91900407
25,4040.9,-8,0.9,0.1010225,105.4,30.2,0.91900407
28,4041.3,3,0.4,0.1131564,105.4,30.2,0.91900407
28,4041.9,0,0.6,0.1131732,105.5,30.2,0.91892723
29,4042.3,1,0.4,0.1172267,105.5,30.2,0.91892723
25,4043,-4,0.7,0.101075,105.5,30.2,0.91892723
27,4043.3,2,0.3,0.1091691,105.5,30.2,0.91892723
31,4043.6,4,0.3,0.1253516,105.5,30.2,0.91892723
29,4044.1,-2,0.5,0.1172789,105.5,30.2,0.91892723
26,4044.7,-3,0.6,0.1051622,105.5,30.2,0.91892723
23,4045.2,-3,0.5,0.0930396,105.5,30.2,0.91892723
30,4045.3,7,0.1,0.121359,105.5,30.2,0.91892723
30,4045.7,0,0.4,0.121371,105.5,30.2,0.91892723
28,4046.1,-2,0.4,0.1132908,105.5,30.2,0.91892723
30,4046.4,2,0.3,0.121392,105.5,30.2,0.91892723
35,4046.6,5,0.2,0.141631,105.5,30.2,0.91892723
27,4047.2,-8,0.6,0.1092744,105.6,30.2,0.91885038
26,4047.6,-1,0.4,0.1052376,105.6,30.2,0.91885038
23,4048,-3,0.4,0.093104,105.6,30.2,0.91885038
26,4048.2,3,0.2,0.1052532,105.6,30.2,0.91885038
23,4048.6,-3,0.4,0.0931178,105.6,30.2,0.91885038
27,4048.8,4,0.2,0.1093176,105.6,30.2,0.91885038
26,4049.1,-1,0.3,0.1052766,105.6,30.2,0.91885038
23,4049.5,-3,0.4,0.0931385,105.6,30.2,0.91885038
27,4049.6,4,0.1,0.1093392,105.6,30.2,0.91885038
25,4049.9,-2,0.3,0.1012475,105.6,30.2,0.91885038
32,4049.9,7,0,0.1295968,105.6,30.2,0.91885038
22,4050.6,-10,0.7,0.0891132,105.6,30.2,0.91885038
24,4050.7,2,0.1,0.0972168,105.6,30.2,0.91885038
28,4050.8,4,0.1,0.1134224,105.6,30.2,0.91885038
26,4051.1,-2,0.3,0.1053286,105.7,30.2,0.91877353
32,4051.1,6,0,0.1296352,105.7,30.2,0.91877353
26,4051.5,-6,0.4,0.105339,105.7,30.2,0.91877353
27,4051.7,1,0.2,0.1093959,105.7,30.2,0.91877353
23,4052,-4,0.3,0.093196,105.7,30.2,0.91877353
30,4052,7,0,0.12156,105.7,30.2,0.91877353
26,4052.3,-4,0.3,0.1053598,105.7,30.2,0.91877353
29,4052.4,3,0.1,0.1175196,105.7,30.2,0.91877353
30,4052.6,1,0.2,0.121578,105.7,30.2,0.91877353
32,4052.6,2,0,0.1296832,105.7,30.2,0.91877353
31,4052.8,-1,0.2,0.1256368,105.7,30.2,0.91877353
23,4053.3,-8,0.5,0.0932259,105.7,30.2,0.91877353
28,4053.3,5,0,0.1134924,105.7,30.2,0.91877353
26,4053.5,-2,0.2,0.105391,105.8,30.2,0.91869669
29,4053.6,3,0.1,0.1175544,105.8,30.2,0.91869669
33,4053.6,4,0,0.1337688,105.8,30.2,0.91869669
27,4054,-6,0.4,0.109458,105.8,30.2,0.91869669
26,4054.1,-1,0.1,0.1054066,105.8,30.2,0.91869669
28,4054.2,2,0.1,0.1135176,105.8,30.2,0.91869669
28,4054.4,0,0.2,0.1135232,105.8,30.2,0.91869669
27,4054.6,-1,0.2,0.1094742,105.8,30.2,0.91869669
28,4054.7,1,0.1,0.1135316,105.8,30.2,0.91869669
27,4054.8,-1,0.1,0.1094796,105.8,30.2,0.91869669
29,4054.9,2,0.1,0.1175921,105.8,30.2,0.91869669
30,4055,1,0.1,0.12165,105.8,30.2,0.91869669
29,4055.1,-1,0.1,0.1175979,105.8,30.2,0.91869669
30,4055.2,1,0.1,0.121656,105.9,30.2,0.91861984
23,4055.6,-7,0.4,0.0932788,105.9,30.2,0.91861984
30,4055.5,7,-0.1,0.121665,105.9,30.2,0.91861984
27,4055.7,-3,0.2,0.1095039,105.9,30.2,0.91861984
27,4055.8,0,0.1,0.1095066,105.9,30.2,0.91861984
33,4055.7,6,-0.1,0.1338381,105.9,30.2,0.91861984
29,4055.9,-4,0.2,0.1176211,105.9,30.2,0.91861984
26,4056.2,-3,0.3,0.1054612,105.9,30.2,0.91861984
27,4056.2,1,0,0.1095174,105.9,30.2,0.91861984
27,4056.3,0,0.1,0.1095201,105.9,30.2,0.91861984
29,4056.3,2,0,0.1176327,105.9,30.2,0.91861984
28,4056.5,-1,0.2,0.113582,105.9,30.2,0.91861984
33,4056.4,5,-0.1,0.1338612,106,30.2,0.918543
32,4056.5,-1,0.1,0.129808,106,30.2,0.918543
28,4056.8,-4,0.3,0.1135904,106,30.2,0.918543
23,4057.1,-5,0.3,0.0933133,106,30.2,0.918543
25,4057.1,2,0,0.1014275,106,30.1,0.918543
32,4056.9,7,-0.2,0.1298208,106,30.1,0.918543
32,4057,0,0.1,0.129824,106,30.1,0.918543
23,4057.4,-9,0.4,0.0933202,106,30.1,0.918543
28,4057.3,5,-0.1,0.1136044,106,30.1,0.918543
27,4057.4,-1,0.1,0.1095498,106,30.1,0.918543
29,4057.4,2,0,0.1176646,106,30.1,0.918543
30,4057.4,1,0,0.121722,106,30.1,0.918543
32,4057.4,2,0,0.1298368,106,30.1,0.918543
27,4057.7,-5,0.3,0.1095579,106.1,30.1,0.91846615
25,4057.8,-2,0.1,0.101445,106.1,30.1,0.91846615
28,4057.9,3,0.1,0.1136212,106.1,30.1,0.91846615
28,4057.9,0,0,0.1136212,106.1,30.1,0.91846615
25,4058.1,-3,0.2,0.1014525,106.1,30.1,0.91846615
28,4058.1,3,0,0.1136268,106.1,30.1,0.91846615
30,4058.1,2,0,0.121743,106.1,30.1,0.91846615
28,4058.2,-2,0.1,0.1136296,106.1,30.1,0.91846615
27,4058.3,-1,0.1,0.1095741,106.1,30.1,0.91846615
25,4058.5,-2,0.2,0.1014625,106.1,30.1,0.91846615
30,4058.3,5,-0.2,0.121749,106.1,30.1,0.91846615
34,4058.2,4,-0.1,0.1379788,106.1,30.1,0.91846615
23,4058.7,-11,0.5,0.0933501,106.1,30.1,0.91846615
34,4058.3,11,-0.4,0.1379822,106.2,30.1,0.9183893
27,4058.7,-7,0.4,0.1095849,106.2,30.1,0.9183893
28,4058.7,1,0,0.1136436,106.2,30.1,0.9183893
25,4058.8,-3,0.1,0.10147,106.2,30.1,0.9183893
30,4058.7,5,-0.1,0.121761,106.2,30.1,0.9183893
33,4058.7,3,0,0.1339371,106.2,30.1,0.9183893
28,4058.9,-5,0.2,0.1136492,106.2,30.1,0.9183893
27,4059,-1,0.1,0.109593,106.2,30.1,0.9183893
34,4058.8,7,-0.2,0.1379992,106.2,30.1,0.9183893
30,4059,-4,0.2,0.12177,106.2,30.1,0.9183893
28,4059.1,-2,0.1,0.1136548,106.2,30.1,0.9183893
31,4059.1,3,0,0.1258321,106.2,30.1,0.9183893
28,4059.3,-3,0.2,0.1136604,106.3,30.1,0.91831246
28,4059.3,0,0,0.1136604,106.3,30.1,0.91831246
30,4059.2,2,-0.1,0.121776,106.3,30.1,0.91831246
31,4059.3,1,0.1,0.1258383,106.3,30.1,0.91831246
32,4059.2,1,-0.1,0.1298944,106.3,30.1,0.91831246
26,4059.5,-6,0.3,0.105547,106.3,30.1,0.91831246
28,4059.5,2,0,0.113666,106.3,30.1,0.91831246
29,4059.5,1,0,0.1177255,106.3,30.1,0.91831246
24,4059.8,-5,0.3,0.0974352,106.3,30.1,0.91831246
28,4059.7,4,-0.1,0.1136716,106.3,30.1,0.91831246
31,4059.6,3,-0.1,0.1258476,106.3,30.1,0.91831246
26,4059.8,-5,0.2,0.1055548,106.3,30.1,0.91831246
32,4059.7,6,-0.1,0.1299104,106.3,30.1,0.91831246
24,4060,-8,0.3,0.09744,106.4,30.1,0.91823561
26,4060,2,0,0.10556,106.4,30.1,0.91823561
29,4059.9,3,-0.1,0.1177371,106.4,30.1,0.91823561
1860.6,3988.7,1831.6,-71.2,7.4213752,106.9,30.1,0.91785138
1851.7,3985.5,-8.9,-3.2,7.3799503,107.4,30.1,0.91746715
1852.7,3982.7,1,-2.8,7.3787483,107.9,30.1,0.91708292
1853.7,3980.5,1,-2.2,7.3786528,108.4,30.1,0.91669869
1853.6,3978.5,-0.1,-2,7.3745476,108.9,30.1,0.91631445
1851.7,3976.7,-1.9,-1.8,7.3636554,109.5,30.1,0.91585338
1855.6,3974.8,3.9,-1.9,7.3756389,110,30.1,0.91546915
477,4026.8,-1378.6,52,1.9207836,110.1,30.1,0.9153923
472.9,4028.1,-4.1,1.3,1.9048885,110.2,30.1,0.91531545
475,4028.6,2.1,0.5,1.913585,110.4,30.1,0.91516176
474,4029,-1,0.4,1.909746,110.5,30.1,0.91508492
477,4029.2,3,0.2,1.9219284,110.6,30.1,0.91500807
475.9,4029.3,-1.1,0.1,1.9175439,110.8,30.1,0.91485438
470.9,4029.6,-5,0.3,1.8975386,110.9,30.1,0.91477753
475.9,4029.5,5,-0.1,1.917639,111,30.1,0.91470068
473.9,4029.6,-2,0.1,1.9096274,111.2,30.1,0.91454699
477,4029.5,3.1,-0.1,1.9220715,111.3,30.1,0.91447015
476,4029.5,-1,0,1.918042,111.4,30.1,0.9143933
478,4029.4,2,-0.1,1.9260532,111.6,30.1,0.91423961
476,4029.4,-2,0,1.9179944,111.7,30.1,0.91416276
473.9,4029.5,-2.1,0.1,1.90958,111.8,30.1,0.91408591
474.9,4029.5,1,0,1.9136095,112,30.1,0.91393222
472,4029.5,-2.9,0,1.901924,112.1,30.1,0.91385538
503.9,4028.2,31.9,-1.3,2.02981,112.2,30.1,0.91377853
539.9,4026.7,36,-1.5,2.1740153,112.4,30.1,0.91362484
557.9,4025.8,18,-0.9,2.2459938,112.5,30.1,0.91354799
596.9,4024.2,39,-1.6,2.402045,112.7,30.1,0.9133943
614.8,4023.2,17.9,-1,2.4734634,112.9,30.1,0.91324061
648.8,4021.7,34,-1.5,2.609279,113,30.1,0.91316376
675.9,4020.3,27.1,-1.4,2.7173208,113.2,30.1,0.91301007
675.9,4020,0,-0.3,2.717118,113.4,30.1,0.91285637
673.9,4019.8,-2,-0.2,2.7089432,113.6,30.1,0.91270268
680.8,4019.3,6.9,-0.5,2.7363394,113.8,30.1,0.91254899
671.9,4019.4,-8.9,0.1,2.7006349,114,30.1,0.9123953
660.8,4019.6,-11.1,0.2,2.6561517,114.2,30.1,0.9122416
646.9,4019.9,-13.9,0.3,2.6004733,114.4,30.1,0.91208791
628.9,4020.4,-18,0.5,2.5284296,114.5,30.1,0.91201107
613,4021,-15.9,0.6,2.464873,114.7,30.1,0.91185737
597.9,4021.4,-15.1,0.4,2.4043951,114.9,30.1,0.91170368
595.1,4021.5,-2.8,0.1,2.3931946,115,30.1,0.91162683
593.9,4021.4,-1.2,-0.1,2.3883095,115.2,30.1,0.91147314
597.9,4021.1,4,-0.3,2.4042157,115.4,30.1,0.91131945
598.9,4021,1,-0.1,2.4081769,115.5,30.1,0.9112426
603.8,4020.7,4.9,-0.3,2.4276987,115.7,30.1,0.91108891
560.9,4022.3,-42.9,1.6,2.2561081,115.8,30.1,0.91101206
530.9,4023.4,-30,1.1,2.1360231,116,30.1,0.91085837
487.9,4025,-43,1.6,1.9637975,116.1,30.1,0.91078153
453.9,4026.4,-34,1.4,1.827583,116.3,30.1,0.91062783
419.9,4027.9,-34,1.5,1.6913152,116.4,30.1,0.91055099
380,4029.6,-39.9,1.7,1.531248,116.5,30.1,0.91047414
373,4030,-7,0.4,1.50319,116.6,30.1,0.9103973
372,4030.2,-1,0.2,1.4992344,116.7,30.1,0.91032045
378,4030.1,6,-0.1,1.5233778,116.8,30.1,0.9102436
378,4030.2,0,0.1,1.5234156,116.9,30.1,0.91016676
374,4030.5,-4,0.3,1.507407,117,30.1,0.91008991
378,4030.4,4,-0.1,1.5234912,117.1,30.1,0.91001306
860.9,4011.7,482.9,-18.7,3.4536725,117.3,30.1,0.90985937
859.8,4010.8,-1.1,-0.9,3.4484858,117.6,30.1,0.90962883
856.8,4010.3,-3,-0.5,3.436025,117.8,30.1,0.90947514
859.8,4009.7,3,-0.6,3.4475401,118.1,30.1,0.9092446
858.8,4009.2,-1,-0.5,3.443101,118.3,30.1,0.90909091
858.8,4008.8,0,-0.4,3.4427574,118.5,30.1,0.90893722
853.8,4008.5,-5,-0.3,3.4224573,118.8,30.1,0.90870668
-1097.9,4083.5,-1951.7,75,-4.4832747,118.5,30.1,0.90893722
-1097.9,4087,0,3.5,-4.4871173,118.2,30.1,0.90916776
-1095.8,4089.4,2.1,2.4,-4.4811645,117.9,30.1,0.90939829
-1094,4091.5,1.8,2.1,-4.476101,117.6,30.1,0.90962883
-1097,4093.4,-3,1.9,-4.4904598,117.3,30.1,0.90985937
-1093.9,4095,3.1,1.6,-4.4795205,116.9,30.1,0.91016676
-1091.9,4096.5,2,1.5,-4.4729684,116.6,30.1,0.9103973
2150.6,3972.6,3242.5,-123.9,8.5434736,117.2,30.1,0.90993622
2150.6,3967.7,0,-4.9,8.5329356,117.8,30.1,0.90947514
2145.7,3964.4,-4.9,-3.3,8.5064131,118.4,30.1,0.90901406
2149.7,3961.4,4,-3,8.5158216,119,30.1,0.90855299
2141.7,3959.3,-8,-2.1,8.4796328,119.6,30.1,0.90809191
2154.7,3956.6,13,-2.7,8.525286,120.2,30.1,0.90763083
2145.7,3955,-9,-1.6,8.4862435,120.8,30.1,0.90716975
2149.6,3953.1,3.9,-1.9,8.4975838,121.4,30.1,0.90670868
2155.7,3951.2,6.1,-1.9,8.5176018,122,30.1,0.9062476
2144.7,3950,-11,-1.2,8.471565,122.6,30.1,0.90578652
2151.7,3948.3,7,-1.7,8.4955571,123.2,30.1,0.90532544
2152.7,3946.8,1,-1.5,8.4962764,123.8,30.1,0.90486437
2147.7,3945.7,-5,-1.1,8.4741799,124.4,30.1,0.90440329
2148.7,3944.3,1,-1.4,8.4751174,125,30.1,0.90394221
2145.7,3943.2,-3,-1.1,8.4609242,125.6,30.1,0.90348113
2153.7,3941.8,8,-1.4,8.4894547,126.2,30.1,0.90302006
2150.6,3940.8,-3.1,-1,8.4750845,126.8,30.1,0.90255898
2147.6,3939.8,-3,-1,8.4611145,127.4,30.1,0.9020979
2149.6,3938.7,2,-1.1,8.4666295,128,30.1,0.90163682
2155.7,3937.4,6.1,-1.3,8.4878532,128.6,30.1,0.90117575
1368.8,3966.9,-786.9,29.5,5.4298927,129,30.1,0.90086836
591.9,3997.4,-776.9,30.5,2.3660611,129.1,30.1,0.90079152
598.9,3998.7,7,1.3,2.3948214,129.3,30.1,0.90063782
595,3999.9,-3.9,1.2,2.3799405,129.5,30.1,0.90048413
594,4000.8,-1,0.9,2.3764752,129.6,30.1,0.90040729
664.9,3998.8,70.9,-2,2.6588021,129.8,30.1,0.90025359
576,4002.7,-88.9,3.9,2.3055552,130,30.1,0.9000999
495,4006.5,-81,3.8,1.9832175,130.1,30.1,0.90002305
396,4011,-99,4.5,1.588356,130.2,30.1,0.89994621
311.1,4015,-84.9,4,1.2490665,130.3,30.1,0.89986936
221.1,4019.3,-90,4.3,0.88866723,130.4,30.1,0.89979252
131.1,4023.6,-90,4.3,0.52749396,130.4,30.1,0.89979252
45,4027.9,-86.1,4.3,0.1812555,130.4,30.1,0.89979252
44,4028.9,-1,1,0.1772716,130.4,30.1,0.89979252
43,4029.8,-1,0.9,0.1732814,130.4,30.1,0.89979252
46,4030.5,3,0.7,0.185403,130.5,30.1,0.89971567
44,4031.3,-2,0.8,0.1773772,130.5,30.1,0.89971567
48,4031.8,4,0.5,0.1935264,130.5,30.1,0.89971567
41,4032.8,-7,1,0.1653448,130.5,30.1,0.89971567
38,4033.5,-3,0.7,0.153273,130.5,30.1,0.89971567
44,4033.9,6,0.4,0.1774916,130.5,30.1,0.89971567
47,4034.3,3,0.4,0.1896121,130.5,30.1,0.89971567
51,4034.7,4,0.4,0.2057697,130.5,30.1,0.89971567
41,4035.6,-10,0.9,0.1654596,130.6,30.1,0.89963882
43,4036,2,0.4,0.173548,130.6,30.1,0.89963882
43,4036.5,0,0.5,0.1735695,130.6,30.1,0.89963882
41,4037,-2,0.5,0.165517,130.6,30.1,0.89963882
42,4037.4,1,0.4,0.1695708,130.6,30.1,0.89963882
36,4038.1,-6,0.7,0.1453716,130.6,30.1,0.89963882
39,4038.4,3,0.3,0.1574976,130.6,30.1,0.89963882
42,4038.7,3,0.3,0.1696254,130.6,30.1,0.89963882
46,4038.9,4,0.2,0.1857894,130.6,30.1,0.89963882
43,4039.4,-3,0.5,0.1736942,130.7,30.1,0.89956198
38,4039.9,-5,0.5,0.1535162,130.7,30.1,0.89956198
47,4040,9,0.1,0.18988,130.7,30.1,0.89956198
44,4040.4,-3,0.4,0.1777776,130.7,30.1,0.89956198
45,4040.7,1,0.3,0.1818315,130.7,30.1,0.89956198
47,4040.9,2,0.2,0.1899223,130.7,30.1,0.89956198
43,4041.3,-4,0.4,0.1737759,130.7,30.1,0.89956198
49,4041.4,6,0.1,0.1980286,130.7,30.1,0.89956198
42,4041.9,-7,0.5,0.1697598,130.8,30.1,0.89948513
42,4042.2,0,0.3,0.1697724,130.8,30.1,0.89948513
47,4042.3,5,0.1,0.1899881,130.8,30.1,0.89948513
47,4042.6,0,0.3,0.1900022,130.8,30.1,0.89948513
42,4043,-5,0.4,0.169806,130.8,30.1,0.89948513
50,4042.9,8,-0.1,0.202145,130.8,30.1,0.89948513
43,4043.4,-7,0.5,0.1738662,130.8,30.1,0.89948513
45,4043.6,2,0.2,0.181962,130.8,30.1,0.89948513
45,4043.8,0,0.2,0.181971,130.9,30.1,0.89940828
43,4044.1,-2,0.3,0.1738963,130.9,30.1,0.89940828
47,4044.2,4,0.1,0.1900774,130.9,30.1,0.89940828
46,4044.4,-1,0.2,0.1860424,130.9,30.1,0.89940828
39,4044.9,-7,0.5,0.1577511,130.9,30.1,0.89940828
43,4044.9,4,0,0.1739307,130.9,30.1,0.89940828
44,4045.1,1,0.2,0.1779844,130.9,30.1,0.89940828
47,4045.1,3,0,0.1901197,130.9,30.1,0.89940828
44,4045.4,-3,0.3,0.1779976,131,30.1,0.89933144
43,4045.6,-1,0.2,0.1739608,131,30.1,0.89933144
49,4045.6,6,0,0.1982344,131,30.1,0.89933144
41,4046,-8,0.4,0.165886,131,30.1,0.89933144
44,4046.1,3,0.1,0.1780284,131,30.1,0.89933144
44,4046.3,0,0.2,0.1780372,131,30.1,0.89933144
42,4046.5,-2,0.2,0.169953,131,30.1,0.89933144
47,4046.4,5,-0.1,0.1901808,131,30.1,0.89933144
50,4046.5,3,0.1,0.202325,131.1,30.1,0.89925459
40,4047,-10,0.5,0.16188,131.1,30.1,0.89925459
45,4046.9,5,-0.1,0.1821105,131.1,30.1,0.89925459
43,4047.1,-2,0.2,0.1740253,131.1,30.1,0.89925459
47,4047.1,4,0,0.1902137,131.1,30.1,0.89925459
50,4047.1,3,0,0.202355,131.1,30.1,0.89925459
44,4047.5,-6,0.4,0.17809,131.1,30.1,0.89925459
42,4047.7,-2,0.2,0.1700034,131.1,30.1,0.89925459
46,4047.6,4,-0.1,0.1861896,131.2,30.1,0.89917775
45,4047.8,-1,0.2,0.182151,131.2,30.1,0.89917775
48,4047.8,3,0,0.1942944,131.2,30.1,0.89917775
40,4048.2,-8,0.4,0.161928,131.2,30.1,0.89917775
47,4048.1,7,-0.1,0.1902607,131.2,30.1,0.89917775
43,4048.3,-4,0.2,0.1740769,131.2,30.1,0.89917775
49,4048.2,6,-0.1,0.1983618,131.2,30.1,0.89917775
41,4048.6,-8,0.4,0.1659926,131.2,30.1,0.89917775
43,4048.6,2,0,0.1740898,131.3,30.1,0.8991009
42,4048.8,-1,0.2,0.1700496,131.3,30.1,0.8991009
39,4049,-3,0.2,0.157911,131.3,30.1,0.8991009
46,4048.8,7,-0.2,0.1862448,131.3,30.1,0.8991009
52,4048.7,6,-0.1,0.2105324,131.3,30.1,0.8991009
41,4049.2,-11,0.5,0.1660172,131.3,30.1,0.8991009
44,4049.2,3,0,0.1781648,131.3,30.1,0.8991009
42,4049.3,-2,0.1,0.1700706,131.3,30.1,0.8991009
50,4049.1,8,-0.2,0.202455,131.3,30.1,0.8991009
46,4049.3,-4,0.2,0.1862678,131.4,30.1,0.89902405
49,4049.3,3,0,0.1984157,131.4,30.1,0.89902405
41,4049.6,-8,0.3,0.1660336,131.4,30.1,0.89902405
38,4049.9,-3,0.3,0.1538962,131.4,30.1,0.89902405
44,4049.7,6,-0.2,0.1781868,131.4,30.1,0.89902405
38,4050,-6,0.3,0.1539,131.4,30.1,0.89902405
47,4049.8,9,-0.2,0.1903406,131.4,30.1,0.89902405
46,4049.9,-1,0.1,0.1862954,131.4,30.1,0.89902405
45,4050,-1,0.1,0.18225,131.5,30.1,0.89894721
45,4050,0,0,0.18225,131.5,30.1,0.89894721
50,4049.9,5,-0.1,0.202495,131.5,30.1,0.89894721
44,4050.2,-6,0.3,0.1782088,131.5,30.1,0.89894721
40,4050.4,-4,0.2,0.162016,131.5,30.1,0.89894721
46,4050.3,6,-0.1,0.1863138,131.5,30.1,0.89894721
42,4050.5,-4,0.2,0.170121,131.5,30.1,0.89894721
45,4050.4,3,-0.1,0.182268,131.5,30.1,0.89894721
47,4050.4,2,0,0.1903688,131.6,30.1,0.89887036
48,4050.4,1,0,0.1944192,131.6,30.1,0.89887036
47,4050.5,-1,0.1,0.1903735,131.6,30.1,0.89887036
49,4050.5,2,0,0.1984745,131.6,30.1,0.89887036
48,4050.6,-1,0.1,0.1944288,131.6,30.1,0.89887036
41,4050.9,-7,0.3,0.1660869,131.6,30.1,0.89887036
44,4050.8,3,-0.1,0.1782352,131.6,30.1,0.89887036
44,4050.9,0,0.1,0.1782396,131.6,30.1,0.89887036
42,4051,-2,0.1,0.170142,131.7,30.1,0.89879351
39,4051.2,-3,0.2,0.1579968,131.7,30.1,0.89879351
48,4050.9,9,-0.3,0.1944432,131.7,30.1,0.89879351
46,4051,-2,0.1,0.186346,131.7,30.1,0.89879351
41,4051.3,-5,0.3,0.1661033,131.7,30.1,0.89879351
44,4051.2,3,-0.1,0.1782528,131.7,30.1,0.89879351
48,4051.1,4,-0.1,0.1944528,131.7,30.1,0.89879351
43,4051.3,-5,0.2,0.1742059,131.7,30.1,0.89879351
46,4051.2,3,-0.1,0.1863552,131.8,30.1,0.89871667
46,4051.3,0,0.1,0.1863598,131.8,30.1,0.89871667
44,4051.4,-2,0.1,0.1782616,131.8,30.1,0.89871667
40,4051.6,-4,0.2,0.162064,131.8,30.1,0.89871667
46,4051.5,6,-0.1,0.186369,131.8,30.1,0.89871667
38,4051.8,-8,0.3,0.1539684,131.8,30.1,0.89871667
46,4051.5,8,-0.3,0.186369,131.8,30.1,0.89871667
41,4051.8,-5,0.3,0.1661238,131.8,30.1,0.89871667
40,4051.8,-1,0,0.162072,131.9,30.1,0.89863982
48,4051.6,8,-0.2,0.1944768,131.9,30.1,0.89863982
45,4051.7,-3,0.1,0.1823265,131.9,30.1,0.89863982
47,4051.7,2,0,0.1904299,131.9,30.1,0.89863982
41,4051.9,-6,0.2,0.1661279,131.9,30.1,0.89863982
41,4051.9,0,0,0.1661279,131.9,30.1,0.89863982
45,4051.9,4,0,0.1823355,131.9,30.1,0.89863982
40,4052.1,-5,0.2,0.162084,131.9,30.1,0.89863982
43,4052,3,-0.1,0.174236,131.9,30.1,0.89863982
43,4052.1,0,0.1,0.1742403,132,30.1,0.89856298
46,4052,3,-0.1,0.186392,132,30.1,0.89856298
41,4052.2,-5,0.2,0.1661402,132,30.1,0.89856298
46,4052,5,-0.2,0.186392,132,30.1,0.89856298
44,4052.2,-2,0.2,0.1782968,132,30.1,0.89856298
46,4052.1,2,-0.1,0.1863966,132,30.1,0.89856298
47,4052.1,1,0,0.1904487,132,30.1,0.89856298
47,4052.1,0,0,0.1904487,132,30.1,0.89856298
43,4052.3,-4,0.2,0.1742489,132.1,30.1,0.89848613
43,4052.3,0,0,0.1742489,132.1,30.1,0.89848613
43,4052.4,0,0.1,0.1742532,132.1,30.1,0.89848613
40,4052.5,-3,0.1,0.1621,132.1,30.1,0.89848613
44,4052.4,4,-0.1,0.1783056,132.1,30.1,0.89848613
38,4052.7,-6,0.3,0.1540026,132.1,30.1,0.89848613
46,4052.4,8,-0.3,0.1864104,132.1,30.1,0.89848613
47,4052.4,1,0,0.1904628,132.1,30.1,0.89848613
41,4052.6,-6,0.2,0.1661566,132.2,30.1,0.89840928
967.7,4016.6,926.7,-36,3.8868638,132.4,30.1,0.89825559
1890.7,3979,923,-37.6,7.5230953,133,30.1,0.89779451
2823.5,3939.7,932.8,-39.3,11.123743,133.7,30.1,0.89725659
2811.7,3935.9,-11.8,-3.8,11.06657,134.5,30.1,0.89664182
2819.7,3932.2,8,-3.7,11.087624,135.3,30.1,0.89602705
2817.7,3929.3,-2,-2.9,11.071589,136.1,30.1,0.89541228
2809.7,3926.9,-8,-2.4,11.033411,136.9,30.1,0.89479751
2815.7,3924.2,6,-2.7,11.04937,137.6,30.1,0.89425959
2809.7,3922,-6,-2.2,11.019643,138.4,30.1,0.89364482
2816.7,3919.6,7,-2.4,11.040337,139.2,30.1,0.89303005
2815.6,3917.5,-1.1,-2.1,11.030113,140,30.1,0.89241528
2817.6,3915.5,2,-2,11.032313,140.8,30.1,0.89180051
2810.9,3913.9,-6.7,-1.6,11.001582,141.6,30.1,0.89118574
2816.7,3911.9,5.8,-2,11.018649,142.3,30.1,0.89064781
2813.7,3910.3,-3,-1.6,11.002411,143.1,30.1,0.89003304
2808.7,3908.8,-5,-1.5,10.978647,143.9,30.1,0.88941827
2808.7,3907.2,0,-1.6,10.974153,144.7,30.1,0.8888035
2817.7,3905.4,9,-1.8,11.004246,145.5,30.1,0.88818873
2813.7,3904.1,-4,-1.3,10.984966,146.2,30.1,0.88765081
2899.7,3899.3,86,-4.8,11.3068,147,30.1,0.88703604
2981.7,3894.7,82,-4.6,11.612827,147.9,30.1,0.88634442
2999.7,3892.4,18,-2.3,11.676032,148.7,30.1,0.88572965
2999.7,3890.9,0,-1.5,11.671533,149.5,30.1,0.88511489
2999.7,3889.5,0,-1.4,11.667333,150.4,30.1,0.88442327
2999.7,3888.1,0,-1.4,11.663134,151.2,30.1,0.8838085
2999.7,3886.8,0,-1.3,11.659234,152,30.1,0.88319373
2999.7,3885.5,0,-1.3,11.655334,152.9,30.1,0.88250211
2999.7,3884.2,0,-1.3,11.651435,153.7,30.1,0.88188734
2999.7,3883,0,-1.2,11.647835,154.5,30.1,0.88127257
2999.7,3881.8,0,-1.2,11.644235,155.4,30.1,0.88058096
2954.7,3882.4,-45,0.6,11.471327,156.2,30.1,0.87996619
2901.7,3883.4,-53,1,11.268462,157,30.1,0.87935142
2841.7,3884.7,-60,1.3,11.039152,157.8,30.1,0.87873665
2787.6,3885.9,-54.1,1.2,10.832335,158.6,30.1,0.87812188
2791.6,3885,4,-0.9,10.845366,159.3,30.1,0.87758395
2790.6,3884.2,-1,-0.8,10.839249,160.1,30.1,0.87696918
2788.6,3883.5,-2,-0.7,10.829528,160.9,30.1,0.87635441
2792.6,3882.6,4,-0.9,10.842549,161.7,30.1,0.87573964
2790.6,3881.8,-2,-0.8,10.832551,162.4,30.1,0.87520172
2791.6,3881,1,-0.8,10.8342,163.2,30.1,0.87458695
2791.7,3880.3,0.1,-0.7,10.832634,164,30.1,0.87397218
2796.7,3879.3,5,-1,10.849238,164.8,30.1,0.87335741
2795.7,3878.6,-1,-0.7,10.843402,165.5,30.1,0.87281949
2791.7,3878.1,-4,-0.5,10.826492,166.3,30.1,0.87220472
2779.8,3877.8,-11.9,-0.3,10.779508,167.1,30.1,0.87158995
2762.7,3877.8,-17.1,0,10.713198,167.9,30.1,0.87097518
2753.7,3877.5,-9,-0.3,10.677472,168.6,30.2,0.87043726
2741.7,3877.4,-12,-0.1,10.630668,169.4,30.2,0.86982249
2728.7,3877.2,-13,-0.2,10.579716,170.1,30.2,0.86928456
2711.7,3877.3,-17,0.1,10.514074,170.9,30.2,0.86866979
2699.7,3877.2,-12,-0.1,10.467277,171.6,30.2,0.86813187
2705.7,3876.5,6,-0.7,10.488646,172.4,30.2,0.8675171
2701.7,3876,-4,-0.5,10.471789,173.2,30.2,0.86690233
2703.6,3875.4,1.9,-0.6,10.477531,173.9,30.2,0.8663644
2703.6,3875,0,-0.4,10.47645,174.7,30.2,0.86574963
2623.9,3877.5,-79.7,2.5,10.174172,175.4,30.2,0.86521171
2623.6,3877.1,-0.3,-0.4,10.17196,176.1,30.2,0.86467379
2625.7,3876.6,2.1,-0.5,10.178789,176.8,30.2,0.86413586
2626.7,3876.1,1,-0.5,10.181352,177.6,30.2,0.86352109
2619.7,3876,-7,-0.1,10.153957,178.3,30.2,0.86298317
2622.7,3875.4,3,-0.6,10.164012,179,30.2,0.86244525
2621.7,3875.1,-1,-0.3,10.15935,179.8,30.2,0.86183048
2211.9,3890.6,-409.8,15.5,8.6056181,180.4,30.2,0.8613694
1794.8,3907.1,-417.1,16.5,7.0124631,180.9,30.2,0.86098517
1386.9,3923.8,-407.9,16.7,5.4419182,181.3,30.2,0.86067778
975,3941.1,-411.9,17.3,3.8425725,181.5,30.2,0.86052409
572.1,3958.5,-402.9,17.4,2.2646579,181.7,30.2,0.8603704
152.2,3977,-419.9,18.5,0.6052994,181.7,30.2,0.8603704
-257.1,3994.7,-409.3,17.7,-1.0270374,181.7,30.2,0.8603704
-261.1,3997.7,-4,3,-1.0437995,181.6,30.2,0.86044725
-262.1,4000.2,-1,2.5,-1.0484524,181.5,30.2,0.86052409
-264,4002.4,-1.9,2.2,-1.0566336,181.4,30.2,0.86060094
-257.1,4004.2,6.9,1.8,-1.0294798,181.4,30.2,0.86060094
-258,4006.1,-0.9,1.9,-1.0335738,181.3,30.3,0.86067778
-257.1,4007.8,0.9,1.7,-1.0304054,181.2,30.3,0.86075463
-256.1,4009.4,1,1.6,-1.0268073,181.1,30.3,0.86083148
-259,4011.1,-2.9,1.7,-1.0388749,181.1,30.3,0.86083148
373,3988.8,632,-22.3,1.4878224,181.2,30.3,0.86075463
1013.9,3964.5,640.9,-24.3,4.0196066,181.5,30.3,0.86052409
1644.7,3939.6,630.8,-24.9,6.4794601,181.9,30.3,0.86021671
2279.6,3913.7,634.9,-25.9,8.9216705,182.6,30.3,0.85967878
2918.5,3887,638.9,-26.7,11.344209,183.4,30.3,0.85906401
2920.7,3884.2,2.2,-2.8,11.344583,184.2,30.3,0.85844924
2913.7,3882.1,-7,-2.1,11.311275,185,30.3,0.85783447
2917.7,3880,4,-2.1,11.320676,185.8,30.3,0.8572197
2915.7,3878.3,-2,-1.7,11.307959,186.6,30.3,0.85660493
2918.6,3876.6,2.9,-1.7,11.314245,187.4,30.3,0.85599016
2922.7,3874.9,4.1,-1.7,11.32517,188.2,30.3,0.85537539
2922.7,3873.5,0,-1.4,11.321078,189,30.3,0.85476062
2915.7,3872.4,-7,-1.1,11.290757,189.8,30.3,0.85414585
2918.5,3871,2.8,-1.4,11.297513,190.7,30.3,0.85345424
2916.7,3869.9,-1.8,-1.1,11.287337,191.5,30.3,0.85283947
2919.6,3868.6,2.9,-1.3,11.294765,192.3,30.3,0.8522247
2917.7,3867.6,-1.9,-1,11.284497,193.1,30.3,0.85160993
2919.7,3866.5,2,-1.1,11.28902,193.9,30.3,0.85099516
2916.8,3865.6,-2.9,-0.9,11.275182,194.7,30.3,0.85038039
2565.7,3878.1,-351.1,12.5,9.9500412,195.4,30.3,0.84984247
2215.7,3891.3,-350,13.2,8.6219534,196,30.3,0.84938139
1868.7,3904.9,-347,13.6,7.2970866,196.6,30.3,0.84892031
1513.9,3919.2,-354.8,14.3,5.9332769,197,30.3,0.84861293
1510.8,3920.3,-3.1,1.1,5.9227892,197.4,30.3,0.84830554
1515.8,3920.8,5,0.5,5.9431486,197.8,30.3,0.84799816
1511.8,3921.6,-4,0.8,5.9286749,198.2,30.3,0.84769077
1509.8,3922.2,-2,0.6,5.9217376,198.7,30.3,0.84730654
1403.8,3926.7,-106,4.5,5.5123015,199,30.3,0.847076
1300.9,3931.3,-102.9,4.6,5.1142282,199.4,30.3,0.84676862
1182.8,3936.5,-118.1,5.2,4.6560922,199.7,30.3,0.84653808
1084.9,3941.1,-97.9,4.6,4.2756994,200,30.3,0.84630754
1077.9,3942.2,-7,1.1,4.2492974,200.3,30.3,0.846077
1077.9,3943,0,0.8,4.2501597,200.6,30.3,0.84584646
1150.7,3940.8,72.8,-2.2,4.5346786,201,30.3,0.84553908
1220.8,3938.6,70.1,-2.2,4.8082429,201.3,30.3,0.84530854
1294.8,3936.1,74,-2.5,5.0964623,201.7,30.4,0.84500115
1293.8,3936.3,-1,0.2,5.0927849,202,30.4,0.84477061
1292.8,3936.6,-1,0.3,5.0892365,202.4,30.4,0.84446323
1290.8,3936.9,-2,0.3,5.0817505,202.7,30.4,0.84423269
1295.8,3937,5,0.1,5.1015646,203.1,30.4,0.84392531
1290.8,3937.3,-5,0.3,5.0822668,203.5,30.4,0.84361792
1290.8,3937.6,0,0.3,5.0826541,203.8,30.4,0.84338738
1291.8,3937.7,1,0.1,5.0867209,204.2,30.4,0.84308
1288.9,3938,-2.9,0.3,5.0756882,204.5,30.4,0.84284946
1294.8,3938,5.9,0,5.0989224,204.9,30.4,0.84254207
1292.8,3938.2,-2,0.2,5.091305,205.2,30.4,0.84231153
1292.8,3938.3,0,0.1,5.0914342,205.6,30.4,0.84200415
1292.8,3938.5,0,0.2,5.0916928,206,30.4,0.84169676
1292.8,3938.7,0,0.2,5.0919514,206.3,30.4,0.84146623
1463.8,3932.2,171,-6.5,5.7559544,206.7,30.4,0.84115884
1639.7,3925.2,175.9,-7,6.4361504,207.2,30.4,0.84077461
1808.7,3918.3,169,-6.9,7.0870292,207.7,30.4,0.84039038
1983.7,3910.9,175,-7.4,7.7580523,208.2,30.4,0.84000615
1990.6,3909.8,6.9,-1.1,7.7828479,208.8,30.4,0.83954507
1986.8,3909.2,-3.8,-0.6,7.7667986,209.3,30.4,0.83916084
1985.7,3908.6,-1.1,-0.6,7.761307,209.9,30.4,0.83869976
1988.7,3907.9,3,-0.7,7.7716407,210.4,30.4,0.83831553
382.1,3969.3,-1606.6,61.4,1.5166695,210.6,30.4,0.83816184
-792.9,4016.2,-1175,46.9,-3.184445,210.3,30.4,0.83839238
-799.9,4020.3,-7,4.1,-3.215838,210.1,30.4,0.83854607
-800.9,4023.4,-1,3.1,-3.2223411,209.9,30.4,0.83869976
-792.9,4025.7,8,2.3,-3.1919775,209.7,30.4,0.83885345
-790.9,4028,2,2.3,-3.1857452,209.5,30.4,0.83900715
-796.9,4030.4,-6,2.4,-3.2118258,209.2,30.4,0.83923769
-796.9,4032.4,0,2,-3.2134196,209,30.4,0.83939138
-798,4034.3,-1.1,1.9,-3.2193714,208.8,30.4,0.83954507
-798.9,4036.1,-0.9,1.8,-3.2244403,208.6,30.4,0.83969876
-799.9,4037.8,-1,1.7,-3.2298362,208.3,30.4,0.8399293
-797.9,4039.3,2,1.5,-3.2229575,208.1,30.4,0.84008299
-793.9,4040.6,4,1.3,-3.2078323,207.9,30.4,0.84023669
-795,4042.1,-1.1,1.5,-3.2134695,207.7,30.4,0.84039038
-799.9,4043.7,-4.9,1.6,-3.2345556,207.5,30.4,0.84054407
-798,4045,1.9,1.3,-3.22791,207.2,30.4,0.84077461
-795,4046.1,3,1.1,-3.2166495,207,30.4,0.8409283
-516,4036.7,279,-9.4,-2.0829372,206.9,30.4,0.84100515
-225,4026.4,291,-10.3,-0.90594,206.8,30.4,0.84108199
57,4016.4,282,-10,0.2289348,206.8,30.4,0.84108199
351,4005.1,294,-11.3,1.4057901,206.9,30.4,0.84100515
635.8,3993.8,284.8,-11.3,2.539258,207.1,30.4,0.84085146
918.8,3982.3,283,-11.5,3.6589372,207.4,30.4,0.84062092
1207.8,3970.2,289,-12.1,4.7952076,207.7,30.4,0.84039038
1201.9,3969.2,-5.9,-1,4.7705815,208,30.4,0.84015984
1205.8,3968,3.9,-1.2,4.7846144,208.4,30.4,0.83985246
1202.8,3967.2,-3,-0.8,4.7717482,208.7,30.4,0.83962192
893.9,3978.2,-308.9,11,3.556113,208.9,30.4,0.83946822
588,3989.8,-305.9,11.6,2.3460024,209.1,30.4,0.83931453
593.9,3989.8,5.9,0,2.3695422,209.3,30.4,0.83916084
586.9,3990.3,-7,0.5,2.3419071,209.4,30.4,0.83908399
587.9,3990.3,1,0,2.3458974,209.6,30.4,0.8389303
593,3990.3,5.1,0,2.3662479,209.8,30.4,0.83877661
585.9,3990.6,-7.1,0.3,2.3380925,209.9,30.4,0.83869976
590.9,3990.5,5,-0.1,2.3579864,210.1,30.4,0.83854607
591.9,3990.5,1,0,2.3619769,210.3,30.4,0.83839238
586,3990.8,-5.9,0.3,2.3386088,210.4,30.4,0.83831553
590,3990.7,4,-0.1,2.354513,210.6,30.4,0.83816184
591,3990.7,1,0,2.3585037,210.7,30.4,0.83808499
592.9,3990.6,1.9,-0.1,2.3660267,210.9,30.4,0.8379313
595,3990.6,2.1,0,2.374407,211.1,30.4,0.83777761
590,3990.8,-5,0.2,2.354572,211.2,30.4,0.83770076
583.9,3991.1,-6.1,0.3,2.3304033,211.4,30.4,0.83754707
155.1,4007.6,-428.8,16.5,0.62157876,211.4,30.4,0.83754707
-276.9,4024.4,-432,16.8,-1.1143564,211.4,30.4,0.83754707
-280.9,4025.9,-4,1.5,-1.1308753,211.3,30.4,0.83762391
-279,4027.1,1.9,1.2,-1.1235609,211.2,30.4,0.83770076
-281,4028.1,-2,1,-1.1318961,211.1,30.4,0.83777761
-282,4029,-1,0.9,-1.136178,211.1,30.4,0.83777761
-278,4029.7,4,0.7,-1.1202566,211,30.4,0.83785445
-275,4030.4,3,0.7,-1.10836,210.9,30.4,0.8379313
-280,4031.3,-5,0.9,-1.128764,210.8,30.4,0.83800815
-279,4031.9,1,0.6,-1.1249001,210.7,30.4,0.83808499
-276,4032.5,3,0.6,-1.11297,210.7,30.4,0.83808499
-278,4033.2,-2,0.7,-1.1212296,210.6,30.4,0.83816184
-275,4033.7,3,0.5,-1.1092675,210.5,30.4,0.83823868
-279,4034.4,-4,0.7,-1.1255976,210.4,30.4,0.83831553
-281,4035,-2,0.6,-1.133835,210.4,30.4,0.83831553
-283,4035.7,-2,0.7,-1.1421031,210.3,30.4,0.83839238
-276,4035.9,7,0.2,-1.1139084,210.2,30.4,0.83846922
1309.7,3976.3,1585.7,-59.6,5.2077601,210.6,30.4,0.83816184
2900.6,3913,1590.9,-63.3,11.350048,211.4,30.4,0.83754707
2892.6,3908.7,-8,-4.3,11.306306,212.2,30.4,0.8369323
2899.8,3904.9,7.2,-3.8,11.323429,213,30.4,0.83631753
2892.6,3902,-7.2,-2.9,11.286925,213.8,30.4,0.83570276
2891.7,3899.3,-0.9,-2.7,11.275606,214.6,30.4,0.83508799
2899.7,3896.4,8,-2.9,11.298391,215.4,30.4,0.83447322
2897.6,3894.1,-2.1,-2.3,11.283544,216.2,30.4,0.83385845
2898.7,3891.9,1.1,-2.2,11.281451,217,30.4,0.83324368
2898.7,3889.8,0,-2.1,11.275363,217.8,30.4,0.83262891
2895.7,3888,-3,-1.8,11.258482,218.6,30.4,0.83201414
2899.7,3886,4,-2,11.268234,219.4,30.4,0.83139937
2894.7,3884.4,-5,-1.6,11.244173,220.2,30.4,0.8307846
2896.6,3882.5,1.9,-1.9,11.246049,221,30.4,0.83016983
2892.6,3881.1,-4,-1.4,11.22647,221.8,30.4,0.82955506
2898.7,3879.2,6.1,-1.9,11.244637,222.6,30.4,0.82894029
1428,3934,-1470.7,54.8,5.617752,223,30.4,0.82863291
-37,3990.6,-1465,56.6,-0.1476522,223,30.4,0.82863291
-32,3993.6,5,3,-0.1277952,223,30.4,0.82863291
-34,3996,-2,2.4,-0.135864,223,30.4,0.82863291
-36,3998,-2,2,-0.143928,223,30.4,0.82863291
-32,3999.5,4,1.5,-0.127984,223,30.4,0.82863291
-31,4001,1,1.5,-0.124031,223,30.4,0.82863291
-33,4002.4,-2,1.4,-0.1320792,223,30.4,0.82863291
-33,4003.6,0,1.2,-0.1321188,223,30.4,0.82863291
-34,4004.8,-1,1.2,-0.1361632,222.9,30.4,0.82870975
-30,4005.7,4,0.9,-0.120171,222.9,30.4,0.82870975
-29,4006.7,1,1,-0.1161943,222.9,30.4,0.82870975
-36,4007.8,-7,1.1,-0.1442808,222.9,30.4,0.82870975
-30,4008.5,6,0.7,-0.120255,222.9,30.4,0.82870975
-37,4009.7,-7,1.2,-0.1483589,222.9,30.4,0.82870975
-36,4010.4,1,0.7,-0.1443744,222.9,30.4,0.82870975
-29,4011,7,0.6,-0.116319,222.9,30.4,0.82870975
-35,4011.9,-6,0.9,-0.1404165,222.9,30.4,0.82870975
-34,4012.6,1,0.7,-0.1364284,222.9,30.4,0.82870975
-30,4013.1,4,0.5,-0.120393,222.9,30.4,0.82870975
1874.6,3941.4,1904.6,-71.7,7.3885484,223.4,30.4,0.82832552
1880.7,3938.2,6.1,-3.2,7.4065727,223.9,30.4,0.82794129
1881.8,3936.1,1.1,-2.1,7.406953,224.4,30.4,0.82755706
1880.7,3934.4,-1.1,-1.7,7.3994261,224.9,30.4,0.82717283
1875.6,3933,-5.1,-1.4,7.3767348,225.5,30.4,0.82671175
1871.7,3931.8,-3.9,-1.2,7.3591501,226,30.4,0.82632752
1877.7,3930.3,6,-1.5,7.3799243,226.5,30.4,0.82594329
1873.8,3929.3,-3.9,-1,7.3627223,227,30.4,0.82555906
1873.6,3928.2,-0.2,-1.1,7.3598755,227.5,30.4,0.82517483
1874.6,3927.1,1,-1.1,7.3617417,228.1,30.4,0.82471375
1876.6,3926,2,-1.1,7.3675316,228.6,30.4,0.82432952
1878.6,3925,2,-1,7.373505,229.1,30.4,0.82394529
1874.7,3924.3,-3.9,-0.7,7.3568852,229.6,30.4,0.82356105
1881.7,3923.2,7,-1.1,7.3822854,230.2,30.4,0.82309998
1879.7,3922.4,-2,-0.8,7.3729353,230.7,30.4,0.82271575
1873.7,3921.8,-6,-0.6,7.3482767,231.2,30.4,0.82233151
1873.7,3921.1,0,-0.7,7.3469651,231.7,30.4,0.82194728
1877.7,3920.2,4,-0.9,7.3609595,232.2,30.4,0.82156305
1880.7,3919.4,3,-0.8,7.3712156,232.8,30.4,0.82110197
1875.7,3918.9,-5,-0.5,7.3506807,233.3,30.4,0.82071774
1735.8,3923.6,-139.9,4.7,6.8105849,233.8,30.4,0.82033351
1603.8,3928.3,-132,4.7,6.3002075,234.2,30.4,0.82002613
1464.7,3933.4,-139.1,5.1,5.761251,234.6,30.4,0.81971874
1327.8,3938.6,-136.9,5.2,5.2296731,235,30.4,0.81941136
1324.8,3938.9,-3,0.3,5.2182547,235.4,30.4,0.81910397
1326.8,3938.9,2,0,5.2261325,235.7,30.4,0.81887343
1319.8,3939.2,-7,0.3,5.1989562,236.1,30.4,0.81856605
1324.8,3938.9,5,-0.3,5.2182547,236.5,30.4,0.81825866
1325.9,3938.9,1.1,0,5.2225875,236.8,30.4,0.81802813
1384.8,3936.5,58.9,-2.4,5.4512652,237.2,30.4,0.81772074
1436.7,3934.3,51.9,-2.2,5.6524088,237.6,30.4,0.81741336
1497.7,3931.8,61,-2.5,5.8886569,238,30.4,0.81710597
1547.8,3929.5,50.1,-2.3,6.0820801,238.5,30.4,0.81672174
1607.7,3926.7,59.9,-2.8,6.3129556,238.9,30.4,0.81641435
1665.7,3924.1,58,-2.6,6.5363734,239.4,30.4,0.81603012
1662.7,3923.7,-3,-0.4,6.523936,239.8,30.4,0.81572274
1662.7,3923.3,0,-0.4,6.5232709,240.3,30.4,0.81533851
1667.6,3922.6,4.9,-0.7,6.5413278,240.8,30.4,0.81495428
609,3962.9,-1058.6,40.3,2.4134061,240.9,30.4,0.81487743
-132,3992.4,-741,29.5,-0.5269968,240.9,30.4,0.81487743
-131.1,3994.8,0.9,2.4,-0.52371828,240.8,30.4,0.81495428
-133.1,3996.9,-2,2.1,-0.53198739,240.8,30.4,0.81495428
-129.1,3998.4,4,1.5,-0.51619344,240.8,30.4,0.81495428
-133,4000.2,-3.9,1.8,-0.5320266,240.7,30.4,0.81503112
-127,4001.3,6,1.1,-0.5081651,240.7,30.4,0.81503112
-138,4003,-11,1.7,-0.552414,240.7,30.4,0.81503112
-132,4004,6,1,-0.528528,240.6,30.4,0.81510797
-133,4005.2,-1,1.2,-0.5326916,240.6,30.4,0.81510797
-130.1,4006.2,2.9,1,-0.52120662,240.6,30.4,0.81510797
-136.1,4007.4,-6,1.2,-0.54540714,240.5,30.4,0.81518482
251,3994.1,387.1,-13.3,1.0025191,240.6,30.4,0.81510797
629.8,3979.8,378.8,-14.3,2.506478,240.8,30.4,0.81495428
1014.8,3964.7,385,-15.1,4.0233776,241,30.4,0.81480058
1397.7,3949.1,382.9,-15.6,5.5196571,241.4,30.4,0.8144932
1773.7,3933.3,376,-15.8,6.9764942,241.9,30.4,0.81410897
2162.6,3916.6,388.9,-16.7,8.4700392,242.5,30.4,0.81364789
2159.6,3914.5,-3,-2.1,8.4537542,243.1,30.4,0.81318681
2160.6,3912.7,1,-1.8,8.4537796,243.7,30.4,0.81272574
2161.6,3911,1,-1.7,8.4540176,244.3,30.4,0.81226466
2159.7,3909.6,-1.9,-1.4,8.4435631,244.9,30.4,0.81180358
2157.7,3908.4,-2,-1.2,8.4331547,245.5,30.4,0.8113425
2160.6,3907,2.9,-1.4,8.4414642,246.1,30.4,0.81088143
2159.7,3905.8,-0.9,-1.2,8.4353563,246.7,30.4,0.81042035
1863.9,3916,-295.8,10.2,7.2990324,247.2,30.4,0.81003612
1579.8,3926.4,-284.1,10.4,6.2029267,247.7,30.4,0.80965189
1573.8,3926.5,-6,0.1,6.1795257,248.1,30.4,0.8093445
1572.7,3926.4,-1.1,-0.1,6.1750493,248.6,30.4,0.80896027
1571.7,3926.2,-1,-0.2,6.1708085,249,30.4,0.80865289
1568.8,3925.9,-2.9,-0.3,6.1589519,249.4,30.4,0.8083455
1396.8,3932.3,-172,6.4,5.4926366,249.8,30.4,0.80803812
1216,3939.2,-180.8,6.9,4.7900672,250.2,30.4,0.80773073
1030.9,3946.6,-185.1,7.4,4.0685499,250.4,30.4,0.80757704
1038.8,3946.7,7.9,0.1,4.099832,250.7,30.4,0.8073465
1036,3947.2,-2.8,0.5,4.0892992,251,30.4,0.80711596
1036.9,3947.5,0.9,0.3,4.0931627,251.3,30.4,0.80688542
1036.9,3947.7,0,0.2,4.0933701,251.6,30.4,0.80665488
1039.9,3947.8,3,0.1,4.1053172,251.9,30.4,0.80642434
1033.9,3948.2,-6,0.4,4.082044,252.2,30.4,0.80619381
1039.9,3948.1,6,-0.1,4.1056292,252.5,30.4,0.80596327
1037.9,3948.3,-2,0.2,4.0979406,252.7,30.4,0.80580958
1037.9,3948.4,0,0.1,4.0980444,253,30.4,0.80557904
1034.9,3948.6,-3,0.2,4.0864061,253.3,30.4,0.8053485
1038.9,3948.5,4,-0.1,4.1020967,253.6,30.4,0.80511796
1033.9,3948.8,-5,0.3,4.0826643,253.9,30.4,0.80488742
1033.8,3948.9,-0.1,0.1,4.0823728,254.2,30.4,0.80465688
1037.8,3948.8,4,-0.1,4.0980646,254.5,30.4,0.80442634
1035.8,3948.9,-2,0.1,4.0902706,254.8,30.4,0.8041958
2103.6,3907.9,1067.8,-41,8.2206584,255.3,30.4,0.80381157
2106.7,3905.9,3.1,-2,8.2285595,255.9,30.4,0.8033505
2107.7,3904.3,1,-1.6,8.2290931,256.5,30.4,0.80288942
2109.6,3903.1,1.9,-1.2,8.2339798,257.1,30.4,0.80242834
2110.6,3901.9,1,-1.2,8.2353501,257.7,30.4,0.80196726
2106.7,3901.1,-3.9,-0.8,8.2184474,258.3,30.4,0.80150619
2109.7,3900,3,-1.1,8.22783,258.9,30.4,0.80104511
2110.6,3899.1,0.9,-0.9,8.2294405,259.4,30.4,0.80066088
2109.6,3898.2,-1,-0.9,8.2236427,260,30.4,0.8001998
2106.7,3897.5,-2.9,-0.7,8.2108632,260.6,30.4,0.79973872
2110.6,3896.7,3.9,-0.8,8.224375,261.2,30.4,0.79927765
2105.6,3896,-5,-0.7,8.2034176,261.8,30.4,0.79881657
2108.6,3895.2,3,-0.8,8.2134187,262.4,30.4,0.79835549
2109.6,3894.4,1,-0.8,8.2156262,263,30.4,0.79789441
2106.7,3893.9,-2.9,-0.5,8.2032791,263.5,30.4,0.79751018
2111.7,3893,5,-0.9,8.2208481,264.1,30.4,0.7970491
2108.6,3892.5,-3.1,-0.5,8.2077255,264.7,30.4,0.79658803
2102.6,3892.1,-6,-0.4,8.1835295,265.3,30.4,0.79612695
2106.7,3891.3,4.1,-0.8,8.1978017,265.9,30.4,0.79566587
2109.6,3890.6,2.9,-0.7,8.2076098,266.5,30.4,0.7952048
-139.1,3976.2,-2248.7,85.6,-0.55308942,266.4,30.4,0.79528164
-140.1,3979.7,-1,3.5,-0.55755597,266.4,30.4,0.79528164
-142.9,3982.5,-2.8,2.8,-0.56909925,266.4,30.4,0.79528164
-138.1,3984.6,4.8,2.1,-0.55027326,266.3,30.4,0.79535849
-136.1,3986.4,2,1.8,-0.54254904,266.3,30.4,0.79535849
-135.1,3988.2,1,1.8,-0.53880582,266.2,30.4,0.79543533
-142.1,3990,-7,1.8,-0.566979,266.2,30.4,0.79543533
-136,3991.3,6.1,1.3,-0.5428168,266.2,30.4,0.79543533
-21,3988.3,115,-3,-0.0837543,266.2,30.4,0.79543533
91,3985.6,112,-2.7,0.3626896,266.2,30.4,0.79543533
209.1,3982,118.1,-3.6,0.8326362,266.2,30.4,0.79543533
324.9,3978.2,115.8,-3.8,1.2925172,266.3,30.4,0.79535849
329,3978.5,4.1,0.3,1.3089265,266.4,30.4,0.79528164
322,3979.3,-7,0.8,1.2813346,266.5,30.4,0.7952048
324.9,3979.8,2.9,0.5,1.293037,266.6,30.4,0.79512795
2448.5,3898.6,2123.6,-81.2,9.5457221,267.3,30.4,0.79459003
2454.9,3894.9,6.4,-3.7,9.56159,268,30.4,0.7940521
2455.7,3892.2,0.8,-2.7,9.5580755,268.6,30.4,0.79359102
2456.7,3890,1,-2.2,9.556563,269.3,30.4,0.7930531
2451.7,3888.2,-5,-1.8,9.5326999,270,30.4,0.79251518
2457.6,3886.2,5.9,-2,9.5507251,270.7,30.4,0.79197725
2452.7,3884.8,-4.9,-1.4,9.528249,271.4,30.4,0.79143933
2450.7,3883.4,-2,-1.4,9.5170484,272.1,30.4,0.79090141
2455.7,3881.8,5,-1.6,9.5325363,272.7,30.4,0.79044033
2456.7,3880.5,1,-1.3,9.5332244,273.4,30.4,0.78990241
2457.6,3879.2,0.9,-1.3,9.5335219,274.1,30.4,0.78936448
2448.7,3878.4,-8.9,-0.8,9.4970381,274.8,30.4,0.78882656
2454.7,3877.1,6,-1.3,9.5171174,275.5,30.4,0.78828863
2452.7,3876,-2,-1.1,9.5066652,276.1,30.4,0.78782756
2456.6,3874.9,3.9,-1.1,9.5190793,276.8,30.4,0.78728963
1836.8,3897.7,-619.8,22.8,7.1592954,277.3,30.4,0.7869054
1211.9,3922,-624.9,24.3,4.7530718,277.7,30.4,0.78659802
584,3947.2,-627.9,25.2,2.3051648,277.8,30.4,0.78652117
587.9,3949,3.9,1.8,2.3216171,278,30.4,0.78636748
593.9,3950.2,6,1.2,2.3460238,278.2,30.4,0.78621379
1860.5,3902.6,1266.6,-47.6,7.2607873,278.7,30.4,0.78582956
1859.6,3901.3,-0.9,-1.3,7.2548575,279.2,30.4,0.78544532
1863.7,3900.2,4.1,-1.1,7.2688027,279.7,30.4,0.78506109
1859.7,3899.5,-4,-0.7,7.2519001,280.2,30.4,0.78467686
1854.7,3899.1,-5,-0.4,7.2316608,280.8,30.4,0.78421578
1855.7,3898.6,1,-0.5,7.234632,281.3,30.4,0.78383155
1865.7,3897.6,10,-1,7.2717523,281.8,30.4,0.78344732
1859.7,3897.4,-6,-0.2,7.2479948,282.3,30.4,0.78306309
1862.7,3896.8,3,-0.6,7.2585694,282.8,30.4,0.78267886
1859.7,3896.5,-3,-0.3,7.246321,283.3,30.4,0.78229463
1857.7,3896.1,-2,-0.4,7.237785,283.9,30.4,0.78183355
1880.8,3894.8,23.1,-1.3,7.3253398,284.4,30.4,0.78144932
1897.7,3893.7,16.9,-1.1,7.3890745,284.9,30.4,0.78106509
1898.6,3893.2,0.9,-0.5,7.3916295,285.4,30.4,0.78068086
1905.6,3892.5,7,-0.7,7.417548,286,30.4,0.78021978
1897.7,3892.4,-7.9,-0.1,7.3866075,286.5,30.4,0.77983555
1904.7,3891.7,7,-0.7,7.412521,287,30.4,0.77945132
959.9,3927.8,-944.8,36.1,3.7702952,287.3,30.4,0.77922078
958.9,3929.2,-1,1.4,3.7677099,287.5,30.4,0.77906709
961.9,3930.1,3,0.9,3.7803632,287.8,30.4,0.77883655
954.9,3931.2,-7,1.1,3.7539029,288.1,30.4,0.77860601
956.9,3931.8,2,0.6,3.7623394,288.3,30.4,0.77845232
960.9,3932.2,4,0.4,3.778451,288.6,30.4,0.77822178
957.9,3932.9,-3,0.7,3.7673249,288.9,30.4,0.77799124
963.8,3933.2,5.9,0.3,3.7908182,289.1,30.4,0.77783755
957.9,3933.8,-5.9,0.6,3.768187,289.4,30.4,0.77760701
958.9,3934.2,1,0.4,3.7725044,289.7,30.4,0.77737647
960.9,3934.5,2,0.3,3.780661,289.9,30.4,0.77722278
964.9,3934.7,4,0.2,3.796592,290.2,30.4,0.77699224
960.9,3935.2,-4,0.5,3.7813337,290.5,30.4,0.7767617
958.8,3935.7,-2.1,0.5,3.7735492,290.7,30.4,0.77660801
956.9,3936,-1.9,0.3,3.7663584,291,30.4,0.77637747
962.9,3936.1,6,0.1,3.7900707,291.3,30.4,0.77614693
965.9,3936.2,3,0.1,3.8019756,291.5,30.4,0.77599324
962.8,3936.6,-3.1,0.4,3.7901585,291.8,30.4,0.7757627
963.8,3936.8,1,0.2,3.7942878,292.1,30.4,0.77553216
960.8,3937.2,-3,0.4,3.7828618,292.3,30.4,0.77537847
1197.8,3928.2,237,-9,4.705198,292.7,30.4,0.77507108
1435.8,3918.9,238,-9.3,5.6267566,293.1,30.4,0.7747637
1671.7,3909.1,235.9,-9.8,6.5348425,293.5,30.4,0.77445631
1671.8,3908.2,0.1,-0.9,6.5337288,294,30.4,0.77407208
1671.7,3907.4,-0.1,-0.8,6.5320006,294.5,30.4,0.77368785
1664.8,3907.1,-6.9,-0.3,6.5045401,294.9,30.4,0.77338047
1671.7,3906.3,6.9,-0.8,6.5301617,295.4,30.4,0.77299623
1666.8,3905.9,-4.9,-0.4,6.5103541,295.9,30.4,0.772612
1672.7,3905.2,5.9,-0.7,6.532228,296.3,30.4,0.77230462
1670.7,3904.8,-2,-0.4,6.5237494,296.8,30.4,0.77192039
1673.7,3904.2,3,-0.6,6.5344595,297.3,30.4,0.77153616
1668.7,3903.9,-5,-0.3,6.5144379,297.7,30.4,0.77122877
1662.8,3903.8,-5.9,-0.1,6.4912386,298.2,30.4,0.77084454
1677.7,3902.8,14.9,-1,6.5477276,298.6,30.4,0.77053716
1675.7,3902.5,-2,-0.3,6.5394192,299.1,30.4,0.77015292
1002,3928.1,-673.7,25.6,3.9359562,299.4,30.4,0.76992239
339.1,3954.6,-662.9,26.5,1.3410049,299.5,30.4,0.76984554
-329.9,3981.7,-669,27.1,-1.3135628,299.4,30.4,0.76992239
-331,3984.5,-1.1,2.8,-1.3188695,299.3,30.4,0.76999923
-331.9,3986.8,-0.9,2.3,-1.3232189,299.2,30.4,0.77007608
-330,3988.8,1.9,2,-1.316304,299.1,30.4,0.77015292
-324,3990.3,6,1.5,-1.2928572,299,30.4,0.77022977
-325.9,3992.1,-1.9,1.8,-1.3010254,298.9,30.4,0.77030662
-329,3993.7,-3.1,1.6,-1.3139273,298.8,30.4,0.77038346
198,3975.5,527,-18.2,0.787149,298.9,30.4,0.77030662
727.8,3955.6,529.8,-19.9,2.8788857,299.1,30.4,0.77015292
1255.7,3934.8,527.9,-20.8,4.9409284,299.5,30.4,0.76984554
1255.8,3933.6,0.1,-1.2,4.9398149,299.8,30.4,0.769615
1258.8,3932.6,3,-1,4.9503569,300.2,30.4,0.76930762
1256.8,3932,-2,-0.6,4.9417376,300.5,30.4,0.76907708
1246.8,3931.8,-10,-0.2,4.9021682,300.8,30.4,0.76884654
1256.8,3930.9,10,-0.9,4.9403551,301.2,30.4,0.76853915
1251.8,3930.6,-5,-0.3,4.9203251,301.5,30.4,0.76830861
1254.8,3930,3,-0.6,4.931364,301.9,30.4,0.76800123
1186,3932.2,-68.8,2.2,4.6635892,302.2,30.4,0.76777069
1121.9,3934.5,-64.1,2.3,4.4141155,302.5,30.4,0.76754015
1053.9,3936.9,-68,2.4,4.1490989,302.8,30.4,0.76730961
1050.8,3937.1,-3.1,0.2,4.1371047,303.1,30.4,0.76707907
1049.8,3937,-1,-0.1,4.1330626,303.4,30.4,0.76684854
1051.9,3936.9,2.1,-0.1,4.1412251,303.7,30.4,0.766618
1054.8,3936.7,2.9,-0.2,4.1524312,304,30.4,0.76638746
1054.9,3936.6,0.1,-0.1,4.1527193,304.3,30.4,0.76615692
1052.8,3936.6,-2.1,0,4.1444525,304.6,30.4,0.76592638
1046.8,3936.8,-6,0.2,4.1210422,304.9,30.4,0.76569584
1057.8,3936.3,11,-0.5,4.1638181,305.2,30.4,0.7654653
1044.8,3936.7,-13,0.4,4.1130642,305.5,30.4,0.76523477
1043.8,3936.7,-1,0,4.1091275,305.7,30.4,0.76508107
1050.9,3936.4,7.1,-0.3,4.1367628,306,30.4,0.76485053
1054.9,3936.2,4,-0.2,4.1522974,306.3,30.4,0.76462
1052.8,3936.2,-2.1,0,4.1440314,306.6,30.4,0.76438946
1054.8,3936,2,-0.2,4.1516928,306.9,30.4,0.76415892
1051.8,3936,-3,0,4.1398848,307.2,30.4,0.76392838
1350.8,3924.5,299,-11.5,5.3012146,307.6,30.4,0.76362099
1658.7,3912,307.9,-12.5,6.4888344,308,30.4,0.76331361
1649.7,3911.3,-9,-0.7,6.4524716,308.5,30.4,0.76292938
1653.7,3910.2,4,-1.1,6.4662977,309,30.4,0.76254515
1648.7,3909.6,-5,-0.6,6.4457575,309.4,30.4,0.76223776
1651.7,3908.8,3,-0.8,6.456165,309.9,30.4,0.76185353
1649.8,3908.2,-1.9,-0.6,6.4477484,310.3,30.4,0.76154615
1608.8,3909.2,-41,1,6.289121,310.8,30.4,0.76116192
1560.8,3910.5,-48,1.3,6.1035084,311.2,30.4,0.76085453
1509.8,3912,-51,1.5,5.9063376,311.6,30.4,0.76054715
1509.7,3911.7,-0.1,-0.3,5.9054935,312.1,30.4,0.76016291
1511.8,3911.2,2.1,-0.5,5.9129522,312.5,30.4,0.75985553
1509.8,3910.9,-2,-0.3,5.9046768,312.9,30.4,0.75954814
1512.7,3910.5,2.9,-0.4,5.9154134,313.3,30.4,0.75924076
1506.8,3910.4,-5.9,-0.1,5.8921907,313.7,30.4,0.75893337
1511.8,3909.9,5,-0.5,5.9109868,314.2,30.4,0.75854914
1511.8,3909.5,0,-0.4,5.9103821,314.6,30.4,0.75824176
1515.7,3909.1,3.9,-0.4,5.9250229,315,30.4,0.75793437
1510.8,3908.9,-4.9,-0.2,5.9055661,315.4,30.4,0.75762699
1508.8,3908.7,-2,-0.2,5.8974466,315.8,30.4,0.7573196
1511.8,3908.2,3,-0.5,5.9084168,316.3,30.4,0.75693537
1509.8,3908,-2,-0.2,5.9002984,316.7,30.4,0.75662799
1511.8,3907.7,2,-0.3,5.9076609,317.1,30.4,0.7563206
1514.8,3907.3,3,-0.4,5.918778,317.5,30.4,0.75601322
1510.7,3907.1,-4.1,-0.2,5.902456,317.9,30.4,0.75570583
1505.7,3907.1,-5,0,5.8829205,318.4,30.4,0.7553216
1511.7,3906.6,6,-0.5,5.9056072,318.8,30.4,0.75501422
1409.8,3910.2,-101.9,3.6,5.5126,319.2,30.4,0.75470683
1315.8,3913.7,-94,3.5,5.1496465,319.5,30.4,0.75447629
1211.1,3917.9,-104.7,4.2,4.7449687,319.9,30.4,0.75416891
1117.9,3921.7,-93.2,3.8,4.3840684,320.2,30.4,0.75393837
1020,3925.8,-97.9,4.1,4.004316,320.5,30.4,0.75370783
921,3930,-99,4.2,3.61953,320.7,30.4,0.75355414
818.8,3934.4,-102.2,4.4,3.2214867,320.9,30.4,0.75340045
818.9,3935.1,0.1,0.7,3.2224534,321.2,30.4,0.75316991
820.9,3935.5,2,0.4,3.2306519,321.4,30.4,0.75301621
822.9,3935.9,2,0.4,3.2388521,321.6,30.4,0.75286252
819.9,3936.4,-3,0.5,3.2274544,321.9,30.4,0.75263198
824.9,3936.6,5,0.2,3.2473013,322.1,30.4,0.75247829
823.9,3937,-1,0.4,3.2436943,322.3,30.4,0.7523246
818.9,3937.5,-5,0.5,3.2244187,322.5,30.4,0.75217091
824.9,3937.6,6,0.1,3.2481262,322.8,30.4,0.75194037
823.9,3937.9,-1,0.3,3.2444358,323,30.4,0.75178667
819.9,3938.4,-4,0.5,3.2290942,323.2,30.4,0.75163298
1057.8,3929.4,237.9,-9,4.1565193,323.5,30.4,0.75140244
1298.8,3919.9,241,-9.5,5.0911661,323.9,30.4,0.75109506
1527.8,3910.5,229,-9.4,5.9744619,324.3,30.4,0.75078767
1768.7,3900.3,240.9,-10.2,6.8984606,324.8,30.4,0.75040344
1996.7,3890.4,228,-9.9,7.7679617,325.4,30.4,0.74994237
1993.7,3889.1,-3,-1.3,7.7536987,325.9,30.4,0.74955813
1995.7,3887.9,2,-1.2,7.759082,326.5,30.4,0.74909706
1717.7,3897.5,-278,9.6,6.6947357,326.9,30.4,0.74878967
1432.9,3908.1,-284.8,10.6,5.5999165,327.3,30.4,0.74848229
1152.9,3918.9,-280,10.8,4.5180998,327.7,30.4,0.7481749
869.9,3930.2,-283,11.3,3.418881,327.9,30.4,0.74802121
586,3941.9,-283.9,11.7,2.3099534,328.1,30.4,0.74786752
307.1,3953.9,-278.9,12,1.2142427,328.1,30.4,0.74786752
24,3966.3,-283.1,12.4,0.0951912,328.2,30.4,0.74779067
27,3967.9,3,1.6,0.1071333,328.2,30.4,0.74779067
31,3969.3,4,1.4,0.1230483,328.2,30.4,0.74779067
33,3970.5,2,1.2,0.1310265,328.2,30.4,0.74779067
27,3971.9,-6,1.4,0.1072413,328.2,30.4,0.74779067
25,3973.2,-2,1.3,0.09933,328.2,30.4,0.74779067
33,3973.9,8,0.7,0.1311387,328.2,30.4,0.74779067
27,3975.1,-6,1.2,0.1073277,328.2,30.4,0.74779067
24,3976.2,-3,1.1,0.0954288,328.2,30.4,0.74779067
27,3977,3,0.8,0.107379,328.2,30.4,0.74779067
28,3977.9,1,0.9,0.1113812,328.2,30.4,0.74779067
23,3978.8,-5,0.9,0.0915124,328.2,30.4,0.74779067
25,3979.6,2,0.8,0.09949,328.2,30.4,0.74779067
30,3980.2,5,0.6,0.119406,328.3,30.4,0.74771382
33,3980.8,3,0.6,0.1313664,328.3,30.4,0.74771382
28,3981.7,-5,0.9,0.1114876,328.3,30.4,0.74771382
23,3982.6,-5,0.9,0.0915998,328.3,30.4,0.74771382
26,3983.1,3,0.5,0.1035606,328.3,30.4,0.74771382
30,3983.6,4,0.5,0.119508,328.3,30.4,0.74771382
27,3984.3,-3,0.7,0.1075761,328.3,30.4,0.74771382
34,3984.7,7,0.4,0.1354798,328.3,30.4,0.74771382
25,3985.6,-9,0.9,0.09964,328.3,30.4,0.74771382
26,3986.2,1,0.6,0.1036412,328.3,30.4,0.74771382
28,3986.6,2,0.4,0.1116248,328.3,30.4,0.74771382
28,3987.1,0,0.5,0.1116388,328.3,30.4,0.74771382
29,3987.6,1,0.5,0.1156404,328.3,30.4,0.74771382
28,3988.2,-1,0.6,0.1116696,328.4,30.4,0.74763698
26,3988.7,-2,0.5,0.1037062,328.4,30.4,0.74763698
25,3989.2,-1,0.5,0.09973,328.4,30.4,0.74763698
28,3989.6,3,0.4,0.1117088,328.4,30.4,0.74763698
31,3989.9,3,0.3,0.1236869,328.4,30.4,0.74763698
27,3990.5,-4,0.6,0.1077435,328.4,30.4,0.74763698
30,3990.8,3,0.3,0.119724,328.4,30.4,0.74763698
28,3991.3,-2,0.5,0.1117564,328.4,30.4,0.74763698
28,3991.7,0,0.4,0.1117676,328.4,30.4,0.74763698
23,3992.3,-5,0.6,0.0918229,328.4,30.4,0.74763698
28,3992.5,5,0.2,0.11179,328.4,30.4,0.74763698
30,3992.8,2,0.3,0.119784,328.4,30.4,0.74763698
25,3993.4,-5,0.6,0.099835,328.4,30.4,0.74763698
28,3993.6,3,0.2,0.1118208,328.5,30.4,0.74756013
28,3993.9,0,0.3,0.1118292,328.5,30.4,0.74756013
26,3994.4,-2,0.5,0.1038544,328.5,30.4,0.74756013
25,3994.8,-1,0.4,0.09987,328.5,30.4,0.74756013
28,3995,3,0.2,0.11186,328.5,30.4,0.74756013
27,3995.3,-1,0.3,0.1078731,328.5,30.4,0.74756013
24,3995.8,-3,0.5,0.0958992,328.5,30.4,0.74756013
28,3995.9,4,0.1,0.1118852,328.5,30.4,0.74756013
28,3996.2,0,0.3,0.1118936,328.5,30.4,0.74756013
26,3996.6,-2,0.4,0.1039116,328.5,30.4,0.74756013
23,3997,-3,0.4,0.091931,328.5,30.4,0.74756013
30,3997,7,0,0.11991,328.5,30.4,0.74756013
31,3997.2,1,0.2,0.1239132,328.5,30.4,0.74756013
28,3997.6,-3,0.4,0.1119328,328.5,30.4,0.74756013
31,3997.7,3,0.1,0.1239287,328.6,30.4,0.74748329
25,3998.2,-6,0.5,0.099955,328.6,30.4,0.74748329
31,3998.3,6,0.1,0.1239473,328.6,30.4,0.74748329
26,3998.7,-5,0.4,0.1039662,328.6,30.4,0.74748329
29,3998.8,3,0.1,0.1159652,328.6,30.4,0.74748329
31,3999,2,0.2,0.123969,328.6,30.4,0.74748329
27,3999.4,-4,0.4,0.1079838,328.6,30.4,0.74748329
33,3999.4,6,0,0.1319802,328.6,30.4,0.74748329
28,3999.8,-5,0.4,0.1119944,328.6,30.4,0.74748329
23,4000.2,-5,0.4,0.0920046,328.6,30.4,0.74748329
27,4000.3,4,0.1,0.1080081,328.6,30.4,0.74748329
27,4000.5,0,0.2,0.1080135,328.6,30.4,0.74748329
32,4000.5,5,0,0.128016,328.7,30.4,0.74740644
29,4000.8,-3,0.3,0.1160232,328.7,30.4,0.74740644
27,4001.1,-2,0.3,0.1080297,328.7,30.4,0.74740644
24,4001.4,-3,0.3,0.0960336,328.7,30.4,0.74740644
30,4001.4,6,0,0.120042,328.7,30.4,0.74740644
29,4001.6,-1,0.2,0.1160464,328.7,30.4,0.74740644
32,4001.6,3,0,0.1280512,328.7,30.3,0.74740644
33,4001.8,1,0.2,0.1320594,328.7,30.3,0.74740644
29,4002.1,-4,0.3,0.1160609,328.7,30.3,0.74740644
30,4002.2,1,0.1,0.120066,328.7,30.3,0.74740644
27,4002.6,-3,0.4,0.1080702,328.7,30.3,0.74740644
22,4002.9,-5,0.3,0.0880638,328.7,30.3,0.74740644
25,4003,3,0.1,0.100075,328.7,30.3,0.74740644
32,4002.9,7,-0.1,0.1280928,328.8,30.3,0.74732959
22,4003.5,-10,0.6,0.088077,328.8,30.3,0.74732959
25,4003.5,3,0,0.1000875,328.8,30.3,0.74732959
30,4003.5,5,0,0.120105,328.8,30.3,0.74732959
33,4003.5,3,0,0.1321155,328.8,30.3,0.74732959
26,4003.9,-7,0.4,0.1041014,328.8,30.3,0.74732959
24,4004.1,-2,0.2,0.0960984,328.8,30.3,0.74732959
25,4004.3,1,0.2,0.1001075,328.8,30.3,0.74732959
27,4004.3,2,0,0.1081161,328.8,30.3,0.74732959
27,4004.5,0,0.2,0.1081215,328.8,30.3,0.74732959
28,4004.6,1,0.1,0.1121288,328.8,30.3,0.74732959
24,4004.9,-4,0.3,0.0961176,328.8,30.3,0.74732959
28,4004.9,4,0,0.1121372,328.8,30.3,0.74732959
24,4005.2,-4,0.3,0.0961248,328.8,30.3,0.74732959
19,4005.5,-5,0.3,0.0761045,328.9,30.3,0.74725275
32,4005.1,13,-0.4,0.1281632,328.9,30.3,0.74725275
29,4005.4,-3,0.3,0.1161566,328.9,30.3,0.74725275
22,4005.8,-7,0.4,0.0881276,328.9,30.3,0.74725275
25,4005.8,3,0,0.100145,328.9,30.3,0.74725275
32,4005.7,7,-0.1,0.1281824,328.9,30.3,0.74725275
30,4005.9,-2,0.2,0.120177,328.9,30.3,0.74725275
31,4005.9,1,0,0.1241829,328.9,30.3,0.74725275
28,4006.1,-3,0.2,0.1121708,328.9,30.3,0.74725275
32,4006.1,4,0,0.1281952,328.9,30.3,0.74725275
32,4006.2,0,0.1,0.1281984,328.9,30.3,0.74725275
32,4006.3,0,0.1,0.1282016,328.9,30.3,0.74725275
30,4006.5,-2,0.2,0.120195,329,30.3,0.7471759
27,4006.8,-3,0.3,0.1081836,329,30.3,0.7471759
23,4007,-4,0.2,0.092161,329,30.3,0.7471759
25,4007.1,2,0.1,0.1001775,329,30.3,0.7471759
24,4007.2,-1,0.1,0.0961728,329,30.3,0.7471759
23,4007.4,-1,0.2,0.0921702,329,30.3,0.7471759
28,4007.3,5,-0.1,0.1122044,329,30.3,0.7471759
29,4007.4,1,0.1,0.1162146,329,30.3,0.7471759
31,4007.4,2,0,0.1242294,329,30.3,0.7471759
29,4007.6,-2,0.2,0.1162204,329,30.3,0.7471759
27,4007.7,-2,0.1,0.1082079,329,30.3,0.7471759
24,4008,-3,0.3,0.096192,329,30.3,0.7471759
33,4007.7,9,-0.3,0.1322541,329,30.3,0.7471759
25,4008.1,-8,0.4,0.1002025,329,30.3,0.7471759
33,4007.9,8,-0.2,0.1322607,329.1,30.3,0.74709905
27,4008.2,-6,0.3,0.1082214,329.1,30.3,0.74709905
29,4008.3,2,0.1,0.1162407,329.1,30.3,0.74709905
1376.7,3956.4,1347.7,-51.9,5.4467759,329.5,30.3,0.74679167
2725.6,3901.9,1348.9,-54.5,10.635019,330.2,30.3,0.74625375
2731.6,3897.2,6,-4.7,10.645592,331,30.3,0.74563898
2731.6,3893.5,0,-3.7,10.635485,331.7,30.3,0.74510105
2731.7,3890.3,0.1,-3.2,10.627133,332.5,30.3,0.74448628
2732.6,3887.4,0.9,-2.9,10.622709,333.2,30.3,0.74394836
2730.6,3884.8,-2,-2.6,10.607835,334,30.3,0.74333359
2724.6,3882.5,-6,-2.3,10.578259,334.8,30.3,0.74271882
2731.6,3879.9,7,-2.6,10.598335,335.5,30.3,0.7421809
2725.6,3877.9,-6,-2,10.569604,336.3,30.3,0.74156613
2725.6,3875.8,0,-2.1,10.56388,337,30.3,0.7410282
2729.7,3873.6,4.1,-2.2,10.573766,337.8,30.3,0.74041343
2728.7,3871.6,-1,-2,10.564435,338.6,30.3,0.73979866
2730.6,3869.7,1.9,-1.9,10.566603,339.3,30.3,0.73926074
2727.6,3868,-3,-1.7,10.550357,340.1,30.3,0.73864597
2730.7,3866.2,3.1,-1.8,10.557432,340.8,30.3,0.73810805
2728.7,3864.5,-2,-1.7,10.545061,341.6,30.3,0.73749328
2729.7,3862.8,1,-1.7,10.544285,342.3,30.3,0.73695535
2731.7,3861.2,2,-1.6,10.54764,343.1,30.3,0.73634058
2077.7,3884.8,-654,23.6,8.071449,343.7,30.3,0.73587951
1427.9,3909.5,-649.8,24.7,5.582375,344.1,30.3,0.73557212
1435.8,3909.7,7.9,0.2,5.6135473,344.5,30.3,0.73526474
1428.8,3910.2,-7,0.5,5.5868938,344.9,30.3,0.73495735
1427.8,3910.4,-1,0.2,5.5832691,345.3,30.3,0.73464997
1428.8,3910.4,1,0,5.5871795,345.7,30.3,0.73434258
1410.8,3910.9,-18,0.5,5.5174977,346.1,30.3,0.7340352
1386.8,3911.8,-24,0.9,5.4248842,346.4,30.3,0.73380466
1371.9,3912.3,-14.9,0.5,5.3672844,346.8,30.3,0.73349727
1349.9,3913,-22,0.7,5.2821587,347.2,30.3,0.73318989
1349.8,3913,-0.1,0,5.2817674,347.6,30.3,0.7328825
1347.8,3913,-2,0,5.2739414,347.9,30.3,0.73265196
1341.8,3913.1,-6,0.1,5.2505976,348.3,30.3,0.73234458
1345.8,3912.8,4,-0.3,5.2658462,348.7,30.3,0.73203719
1344.9,3912.7,-0.9,-0.1,5.2621902,349.1,30.3,0.73172981
1345.8,3912.5,0.9,-0.2,5.2654425,349.4,30.3,0.73149927
1348.8,3912.2,3,-0.3,5.2767754,349.8,30.3,0.73119189
1351.8,3912,3,-0.2,5.2882416,350.2,30.3,0.7308845
1350.8,3911.8,-1,-0.2,5.2840594,350.6,30.3,0.73057712
932.9,3927.8,-417.9,16,3.6642446,350.8,30.3,0.73042342
932.9,3928.4,0,0.6,3.6648044,351.1,30.3,0.73019288
926.9,3929.1,-6,0.7,3.6418828,351.3,30.3,0.73003919
931.9,3929.2,5,0.1,3.6616215,351.6,30.3,0.72980865
932.9,3929.5,1,0.3,3.6658305,351.9,30.3,0.72957811
933.8,3929.7,0.9,0.2,3.6695539,352.1,30.3,0.72942442
930.9,3930,-2.9,0.3,3.658437,352.4,30.3,0.72919388
1131.8,3922.4,200.9,-7.6,4.4393723,352.7,30.3,0.72896334
1327.8,3914.7,196,-7.7,5.1979387,353.1,30.3,0.72865596
1532.8,3906.2,205,-8.5,5.9874234,353.5,30.3,0.72834857
1730.6,3897.9,197.8,-8.3,6.7457057,354,30.3,0.72796434
1932.7,3889.1,202.1,-8.8,7.5164636,354.5,30.3,0.72758011
2130.6,3880.3,197.9,-8.8,8.2673672,355.1,30.3,0.72711903
2132.6,3878.8,2,-1.5,8.2719289,355.7,30.3,0.72665796
-103.1,3963.5,-2235.7,84.7,-0.40863685,355.7,30.3,0.72665796
-105.1,3966.6,-2,3.1,-0.41688966,355.6,30.3,0.7267348
-104,3968.8,1.1,2.2,-0.4127552,355.6,30.3,0.7267348
-106.1,3970.6,-2.1,1.8,-0.42128066,355.6,30.3,0.7267348
-105.1,3972.2,1,1.6,-0.41747822,355.5,30.3,0.72681165
-100,3973.4,5.1,1.2,-0.39734,355.5,30.3,0.72681165
-100,3974.7,0,1.3,-0.39747,355.5,30.3,0.72681165
-108.2,3976.2,-8.2,1.5,-0.43022484,355.5,30.3,0.72681165
-105.1,3977.3,3.1,1.1,-0.41801423,355.4,30.3,0.7268885
-105.1,3978.3,0,1,-0.41811933,355.4,30.3,0.7268885
382.9,3961.1,488,-17.2,1.5167052,355.5,30.3,0.72681165
874.8,3942.2,491.9,-18.9,3.4486366,355.8,30.3,0.72658111
1364.8,3922.6,490,-19.6,5.3535645,356.1,30.3,0.72635057
1856.6,3902.2,491.8,-20.4,7.2448245,356.6,30.3,0.72596634
1849.7,3900.4,-6.9,-1.8,7.2145699,357.2,30.3,0.72550526
1855.6,3898.5,5.9,-1.9,7.2340566,357.7,30.3,0.72512103
1858.6,3896.9,3,-1.6,7.2427783,358.2,30.3,0.7247368
1859.6,3895.6,1,-1.3,7.2442578,358.7,30.3,0.72435257
1857.7,3894.5,-1.9,-1.1,7.2348126,359.2,30.3,0.72396834
1858.7,3893.4,1,-1.1,7.2366626,359.7,30.3,0.72358411
1858.7,3892.4,0,-1,7.2348039,360.3,30.3,0.72312303
1854.7,3891.6,-4,-0.8,7.2177505,360.8,30.3,0.7227388
1858.7,3890.5,4,-1.1,7.2312723,361.3,30.3,0.72235457
1677.8,3896.7,-180.9,6.2,6.5378833,361.8,30.3,0.72197034
1497.7,3903.1,-180.1,6.4,5.8456729,362.2,30.3,0.72166295
1312.8,3910.1,-184.9,7,5.1331793,362.5,30.3,0.72143241
1130.9,3917.2,-181.9,7.1,4.4299615,362.8,30.3,0.72120188
946,3924.6,-184.9,7.4,3.7126716,363.1,30.3,0.72097134
772,3931.8,-174,7.2,3.0353496,363.3,30.3,0.72081764
592,3939.5,-180,7.7,2.332184,363.5,30.3,0.72066395
588,3940.5,-4,1,2.317014,363.7,30.3,0.72051026
589,3941.2,1,0.7,2.3213668,363.8,30.3,0.72043341
590.9,3941.8,1.9,0.6,2.3292096,364,30.3,0.72027972
589.9,3942.3,-1,0.5,2.3255628,364.1,30.3,0.72020287
589.9,3942.9,0,0.6,2.3259167,364.3,30.3,0.72004918
585.1,3943.5,-4.8,0.6,2.3073418,364.5,30.3,0.71989549
591.1,3943.8,6,0.3,2.3311802,364.6,30.3,0.71981864
587,3944.3,-4.1,0.5,2.3153041,364.8,30.3,0.71966495
589,3944.6,2,0.3,2.3233694,365,30.3,0.71951126
596.9,3944.7,7.9,0.1,2.3545914,365.1,30.3,0.71943441
591.9,3945.2,-5,0.5,2.3351639,365.3,30.3,0.71928072
586.9,3945.7,-5,0.5,2.3157313,365.5,30.3,0.71912703
593.9,3945.7,7,0,2.3433512,365.6,30.3,0.71905018
331.1,3956.2,-262.8,10.5,1.3098978,365.7,30.3,0.71897333
77,3966.8,-254.1,10.6,0.3054436,365.7,30.3,0.71897333
76,3967.9,-1,1.1,0.3015604,365.8,30.3,0.71889649
75,3968.9,-1,1,0.2976675,365.8,30.3,0.71889649
75,3969.8,0,0.9,0.297735,365.8,30.3,0.71889649
72,3970.7,-3,0.9,0.2858904,365.8,30.3,0.71889649
73,3971.4,1,0.7,0.2899122,365.8,30.3,0.71889649
74,3972.1,1,0.7,0.2939354,365.9,30.3,0.71881964
73,3972.9,-1,0.8,0.2900217,365.9,30.3,0.71881964
407,3960.6,334,-12.3,1.6119642,366,30.3,0.7187428
734.8,3948,327.8,-12.6,2.9009904,366.2,30.3,0.7185891
1062.8,3934.8,328,-13.2,4.1819054,366.5,30.3,0.71835856
1394,3921,331.2,-13.8,5.465874,366.9,30.3,0.71805118
1720.7,3907,326.7,-14,6.7227749,367.4,30.3,0.71766695
2055.6,3892.3,334.9,-14.7,8.0010119,367.9,30.3,0.71728272
2053.6,3890.3,-2,-2,7.9891201,368.5,30.3,0.71682164
2059.7,3888.3,6.1,-2,8.0087315,369.1,30.3,0.71636056
2055.7,3886.9,-4,-1.4,7.9903003,369.6,30.3,0.71597633
2057.6,3885.4,1.9,-1.5,7.994599,370.2,30.3,0.71551525
2056.7,3884,-0.9,-1.4,7.9882228,370.8,30.3,0.71505418
2060.7,3882.7,4,-1.3,8.0010799,371.4,30.3,0.7145931
1783.7,3892.2,-277,9.5,6.9425171,371.9,30.3,0.71420887
1507.8,3902.2,-275.9,10,5.8837372,372.3,30.3,0.71390148
1227.9,3912.8,-279.9,10.6,4.8045271,372.6,30.3,0.71367094
961.9,3923.3,-266,10.5,3.7738223,372.9,30.3,0.71344041
685.1,3934.5,-276.8,11.2,2.6955259,373.1,30.3,0.71328671
682.1,3935.5,-3,1,2.6844046,373.3,30.3,0.71313302
680.9,3936.2,-1.2,0.7,2.6801586,373.4,30.3,0.71305617
142.1,3957.5,-538.8,21.3,0.56236075,373.5,30.3,0.71297933
-411.9,3979.9,-554,22.4,-1.6393208,373.4,30.3,0.71305617
-408.9,3982,3,2.1,-1.6282398,373.3,30.3,0.71313302
-411.9,3984,-3,2,-1.6410096,373.1,30.3,0.71328671
-409,3985.6,2.9,1.6,-1.6301104,373,30.3,0.71336356
-409.9,3987.1,-0.9,1.5,-1.6343123,372.9,30.3,0.71344041
-412,3988.6,-2.1,1.5,-1.6433032,372.8,30.3,0.71351725
-345,3987.4,67,-1.2,-1.375653,372.7,30.3,0.7135941
-278.1,3985.9,66.9,-1.5,-1.1084788,372.6,30.3,0.71367094
-216.1,3984.5,62,-1.4,-0.86105045,372.6,30.3,0.71367094
-150.1,3982.8,66,-1.7,-0.59781828,372.5,30.3,0.71374779
-83,3980.9,67.1,-1.9,-0.3304147,372.5,30.3,0.71374779
-17,3978.9,66,-2,-0.0676413,372.5,30.3,0.71374779
49,3977.4,66,-1.5,0.1948926,372.5,30.3,0.71374779
53,3977.7,4,0.3,0.2108181,372.5,30.3,0.71374779
43,3978.5,-10,0.8,0.1710755,372.5,30.3,0.71374779
54,3978.5,11,0,0.214839,372.6,30.3,0.71367094
51,3979,-3,0.5,0.202929,372.6,30.3,0.71367094
56,3979.2,5,0.2,0.2228352,372.6,30.3,0.71367094
47,3980,-9,0.8,0.18706,372.6,30.3,0.71367094
51,3980.2,4,0.2,0.2029902,372.6,30.3,0.71367094
50,3980.6,-1,0.4,0.19903,372.6,30.3,0.71367094
50,3981,0,0.4,0.19905,372.6,30.3,0.71367094
48,3981.5,-2,0.5,0.191112,372.7,30.3,0.7135941
51,3981.8,3,0.3,0.2030718,372.7,30.3,0.7135941
46,3982.3,-5,0.5,0.1831858,372.7,30.3,0.7135941
50,3982.5,4,0.2,0.199125,372.7,30.3,0.7135941
51,3982.8,1,0.3,0.2031228,372.7,30.3,0.7135941
50,3983.2,-1,0.4,0.19916,372.7,30.3,0.7135941
49,3983.5,-1,0.3,0.1951915,372.7,30.3,0.7135941
55,3983.6,6,0.1,0.219098,372.8,30.3,0.71351725
47,3984.2,-8,0.6,0.1872574,372.8,30.3,0.71351725
56,3984.2,9,0,0.2231152,372.8,30.3,0.71351725
53,3984.6,-3,0.4,0.2111838,372.8,30.3,0.71351725
45,3985.2,-8,0.6,0.179334,372.8,30.3,0.71351725
50,3985.3,5,0.1,0.199265,372.8,30.3,0.71351725
52,3985.5,2,0.2,0.207246,372.8,30.3,0.71351725
49,3985.9,-3,0.4,0.1953091,372.8,30.3,0.71351725
56,3985.9,7,0,0.2232104,372.9,30.3,0.71344041
48,3986.4,-8,0.5,0.1913472,372.9,30.3,0.71344041
50,3986.6,2,0.2,0.19933,372.9,30.3,0.71344041
51,3986.8,1,0.2,0.2033268,372.9,30.3,0.71344041
52,3987,1,0.2,0.207324,372.9,30.3,0.71344041
56,3987.1,4,0.1,0.2232776,372.9,30.3,0.71344041
52,3987.5,-4,0.4,0.20735,373,30.3,0.71336356
48,3987.9,-4,0.4,0.1914192,373,30.3,0.71336356
51,3988,3,0.1,0.203388,373,30.3,0.71336356
45,3988.4,-6,0.4,0.179478,373,30.3,0.71336356
52,3988.4,7,0,0.2073968,373,30.3,0.71336356
54,3988.5,2,0.1,0.215379,373,30.3,0.71336356
51,3988.9,-3,0.4,0.2034339,373,30.3,0.71336356
46,3989.3,-5,0.4,0.1835078,373,30.3,0.71336356
54,3989.1,8,-0.2,0.2154114,373.1,30.3,0.71328671
50,3989.5,-4,0.4,0.199475,373.1,30.3,0.71328671
47,3989.8,-3,0.3,0.1875206,373.1,30.3,0.71328671
56,3989.6,9,-0.2,0.2234176,373.1,30.3,0.71328671
52,3989.9,-4,0.3,0.2074748,373.1,30.3,0.71328671
53,3990.1,1,0.2,0.2114753,373.1,30.3,0.71328671
57,3990.1,4,0,0.2274357,373.1,30.3,0.71328671
49,3990.6,-8,0.5,0.1955394,373.2,30.3,0.71320987
51,3990.7,2,0.1,0.2035257,373.2,30.3,0.71320987
53,3990.8,2,0.1,0.2115124,373.2,30.3,0.71320987
46,3991.2,-7,0.4,0.1835952,373.2,30.3,0.71320987
50,3991.2,4,0,0.19956,373.2,30.3,0.71320987
53,3991.3,3,0.1,0.2115389,373.2,30.3,0.71320987
50,3991.5,-3,0.2,0.199575,373.2,30.3,0.71320987
54,3991.5,4,0,0.215541,373.3,30.3,0.71313302
48,3991.9,-6,0.4,0.1916112,373.3,30.3,0.71313302
47,3992.1,-1,0.2,0.1876287,373.3,30.3,0.71313302
52,3992.1,5,0,0.2075892,373.3,30.3,0.71313302
49,3992.3,-3,0.2,0.1956227,373.3,30.3,0.71313302
49,3992.5,0,0.2,0.1956325,373.3,30.3,0.71313302
40,3992.9,-9,0.4,0.159716,373.3,30.3,0.71313302
47,3992.8,7,-0.1,0.1876616,373.4,30.3,0.71305617
48,3992.9,1,0.1,0.1916592,373.4,30.3,0.71305617
51,3992.9,3,0,0.2036379,373.4,30.3,0.71305617
49,3993.1,-2,0.2,0.1956619,373.4,30.3,0.71305617
52,3993.1,3,0,0.2076412,373.4,30.3,0.71305617
48,3993.4,-4,0.3,0.1916832,373.4,30.3,0.71305617
53,3993.3,5,-0.1,0.2116449,373.4,30.3,0.71305617
52,3993.5,-1,0.2,0.207662,373.5,30.3,0.71297933
55,3993.5,3,0,0.2196425,373.5,30.3,0.71297933
48,3993.9,-7,0.4,0.1917072,373.5,30.3,0.71297933
51,3993.9,3,0,0.2036889,373.5,30.3,0.71297933
51,3994,0,0.1,0.203694,373.5,30.3,0.71297933
51,3994.1,0,0.1,0.2036991,373.5,30.3,0.71297933
49,3994.3,-2,0.2,0.1957207,373.5,30.3,0.71297933
51,3994.3,2,0,0.2037093,373.6,30.3,0.71290248
53,3994.4,2,0.1,0.2117032,373.6,30.3,0.71290248
48,3994.7,-5,0.3,0.1917456,373.6,30.3,0.71290248
48,3994.8,0,0.1,0.1917504,373.6,30.3,0.71290248
45,3995,-3,0.2,0.179775,373.6,30.3,0.71290248
49,3995,4,0,0.195755,373.6,30.3,0.71290248
47,3995.1,-2,0.1,0.1877697,373.6,30.3,0.71290248
50,3995.1,3,0,0.199755,373.6,30.3,0.71290248
49,3995.3,-1,0.2,0.1957697,373.7,30.3,0.71282564
51,3995.3,2,0,0.2037603,373.7,30.3,0.71282564
52,3995.4,1,0.1,0.2077608,373.7,30.3,0.71282564
48,3995.6,-4,0.2,0.1917888,373.7,30.2,0.71282564
53,3995.5,5,-0.1,0.2117615,373.7,30.2,0.71282564
47,3995.8,-6,0.3,0.1878026,373.7,30.2,0.71282564
47,3995.9,0,0.1,0.1878073,373.7,30.2,0.71282564
51,3995.8,4,-0.1,0.2037858,373.8,30.2,0.71274879
51,3995.9,0,0.1,0.2037909,373.8,30.2,0.71274879
47,3996.2,-4,0.3,0.1878214,373.8,30.2,0.71274879
50,3996.2,3,0,0.19981,373.8,30.2,0.71274879
46,3996.4,-4,0.2,0.1838344,373.8,30.2,0.71274879
49,3996.4,3,0,0.1958236,373.8,30.2,0.71274879
54,3996.2,5,-0.2,0.2157948,373.8,30.2,0.71274879
47,3996.6,-7,0.4,0.1878402,373.9,30.2,0.71267194
53,3996.4,6,-0.2,0.2118092,373.9,30.2,0.71267194
48,3996.7,-5,0.3,0.1918416,373.9,30.2,0.71267194
49,3996.8,1,0.1,0.1958432,373.9,30.2,0.71267194
46,3997,-3,0.2,0.183862,373.9,30.2,0.71267194
52,3996.8,6,-0.2,0.2078336,373.9,30.2,0.71267194
51,3996.9,-1,0.1,0.2038419,373.9,30.2,0.71267194
48,3997.1,-3,0.2,0.1918608,373.9,30.2,0.71267194
47,3997.2,-1,0.1,0.1878684,374,30.2,0.7125951
59,3996.8,12,-0.4,0.2358112,374,30.2,0.7125951
55,3997,-4,0.2,0.219835,374,30.2,0.7125951
50,3997.3,-5,0.3,0.199865,374,30.2,0.7125951
51,3997.4,1,0.1,0.2038674,374,30.2,0.7125951
46,3997.6,-5,0.2,0.1838896,374,30.2,0.7125951
46,3997.7,0,0.1,0.1838942,374,30.2,0.7125951
49,3997.6,3,-0.1,0.1958824,374.1,30.2,0.71251825
51,3997.6,2,0,0.2038776,374.1,30.2,0.71251825
53,3997.7,2,0.1,0.2118781,374.1,30.2,0.71251825
52,3997.7,-1,0,0.2078804,374.1,30.2,0.71251825
57,3997.6,5,-0.1,0.2278632,374.1,30.2,0.71251825
50,3997.9,-7,0.3,0.199895,374.1,30.2,0.71251825
54,3997.8,4,-0.1,0.2158812,374.1,30.2,0.71251825
47,3998.2,-7,0.4,0.1879154,374.2,30.2,0.7124414
46,3998.3,-1,0.1,0.1839218,374.2,30.2,0.7124414
56,3997.9,10,-0.4,0.2238824,374.2,30.2,0.7124414
54,3998.1,-2,0.2,0.2158974,374.2,30.2,0.7124414
50,3998.3,-4,0.2,0.199915,374.2,30.2,0.7124414
54,3998.2,4,-0.1,0.2159028,374.2,30.2,0.7124414
50,3998.4,-4,0.2,0.19992,374.2,30.2,0.7124414
50,3998.5,0,0.1,0.199925,374.3,30.2,0.71236456
51,3998.5,1,0,0.2039235,374.3,30.2,0.71236456
1111.9,3957.6,1060.9,-40.9,4.4004554,374.6,30.2,0.71213402
1111.8,3955.6,-0.1,-2,4.3978361,374.9,30.2,0.71190348
1114.8,3954,3,-1.6,4.4079192,375.2,30.2,0.71167294
1111.9,3952.8,-2.9,-1.2,4.3951183,375.5,30.2,0.7114424
1108.8,3951.7,-3.1,-1.1,4.381645,375.8,30.2,0.71121187
1107.8,3950.6,-1,-1.1,4.3764747,376.1,30.2,0.71098133
1114.8,3949.3,7,-1.3,4.4026796,376.4,30.2,0.71075079
1109.9,3948.5,-4.9,-0.8,4.3824402,376.7,30.2,0.71052025
60,3988.2,-1049.9,39.7,0.239292,376.8,30.2,0.7104434
63,3989.2,3,1,0.2513196,376.8,30.2,0.7104434
58,3990,-5,0.8,0.23142,376.8,30.2,0.7104434
61,3990.5,3,0.5,0.2434205,376.8,30.2,0.7104434
62,3990.9,1,0.4,0.2474358,376.8,30.2,0.7104434
65,3991.2,3,0.3,0.259428,376.8,30.2,0.7104434
61,3991.7,-4,0.5,0.2434937,376.9,30.2,0.71036656
61,3992,0,0.3,0.243512,376.9,30.2,0.71036656
69,3992,8,0,0.275448,376.9,30.2,0.71036656
66,3992.3,-3,0.3,0.2634918,376.9,30.2,0.71036656
63,3992.7,-3,0.4,0.2515401,376.9,30.2,0.71036656
66,3992.8,3,0.1,0.2635248,377,30.2,0.71028971
61,3993.2,-5,0.4,0.2435852,377,30.2,0.71028971
62,3993.4,1,0.2,0.2475908,377,30.2,0.71028971
62,3993.6,0,0.2,0.2476032,377,30.2,0.71028971
63,3993.7,1,0.1,0.2516031,377,30.2,0.71028971
54,3994.3,-9,0.6,0.2156922,377,30.2,0.71028971
59,3994.3,5,0,0.2356637,377.1,30.2,0.71021286
61,3994.3,2,0,0.2436523,377.1,30.2,0.71021286
500,3977.5,439,-16.8,1.98875,377.2,30.2,0.71013602
501.9,3976.8,1.9,-0.7,1.9959559,377.4,30.2,0.70998233
501,3976.3,-0.9,-0.5,1.9921263,377.5,30.2,0.70990548
504.9,3975.7,3.9,-0.6,2.0073309,377.6,30.2,0.70982863
504,3975.3,-0.9,-0.4,2.0035512,377.8,30.2,0.70967494
497.9,3975.2,-6.1,-0.1,1.9792521,377.9,30.2,0.70959809
501,3974.7,3.1,-0.5,1.9913247,378,30.2,0.70952125
374,3979.3,-127,4.6,1.4882582,378.2,30.2,0.70936756
246,3984.3,-128,5,0.9801378,378.2,30.2,0.70936756
114.1,3989.6,-131.9,5.3,0.45521336,378.3,30.2,0.70929071
-7,3994.1,-121.1,4.5,-0.0279587,378.2,30.2,0.70936756
-142,3999.8,-135,5.7,-0.5679716,378.2,30.2,0.70936756
-262,4005.1,-120,5.3,-1.0493362,378.1,30.2,0.7094444
-389.9,4010.9,-127.9,5.8,-1.5638499,378,30.2,0.70952125
-385,4011.5,4.9,0.6,-1.5444275,377.9,30.2,0.70959809
-384.9,4012.3,0.1,0.8,-1.5443343,377.8,30.2,0.70967494
-390.9,4013.3,-6,1,-1.568799,377.7,30.2,0.70975179
-386.9,4013.8,4,0.5,-1.5529392,377.6,30.2,0.70982863
-387,4014.4,-0.1,0.6,-1.5535728,377.5,30.2,0.70990548
-312,4012.1,75,-2.3,-1.2517752,377.4,30.2,0.70998233
-236.2,4009.6,75.8,-2.5,-0.94706752,377.3,30.2,0.71005917
-163.1,4007.1,73.1,-2.5,-0.65355801,377.3,30.2,0.71005917
-91,4004.5,72.1,-2.6,-0.3644095,377.3,30.2,0.71005917
-16,4001.6,75,-2.9,-0.0640256,377.3,30.2,0.71005917
-20,4001.8,-4,0.2,-0.080036,377.3,30.2,0.71005917
-17,4001.7,3,-0.1,-0.0680289,377.3,30.2,0.71005917
-16,4001.7,1,0,-0.0640272,377.2,30.2,0.71013602
-19,4001.9,-3,0.2,-0.0760361,377.2,30.2,0.71013602
-18,4001.9,1,0,-0.0720342,377.2,30.2,0.71013602
-15,4001.9,3,0,-0.0600285,377.2,30.2,0.71013602
-18,4002,-3,0.1,-0.072036,377.2,30.2,0.71013602
-17,4002.1,1,0.1,-0.0680357,377.2,30.2,0.71013602
1221.7,3954.9,1238.7,-47.2,4.8317013,377.6,30.2,0.70982863
1223.8,3952.4,2.1,-2.5,4.8369471,377.9,30.2,0.70959809
1220.8,3950.8,-3,-1.6,4.8231366,378.2,30.2,0.70936756
1218.9,3949.4,-1.9,-1.4,4.8139237,378.6,30.2,0.70906017
1223.9,3947.8,5,-1.6,4.8317124,378.9,30.2,0.70882963
640,3969.1,-583.9,21.3,2.540224,379.1,30.2,0.70867594
60,3991.5,-580,22.4,0.23949,379.1,30.2,0.70867594
65,3992.2,5,0.7,0.259493,379.1,30.2,0.70867594
67,3992.6,2,0.4,0.2675042,379.2,30.2,0.70859909
62,3993.2,-5,0.6,0.2475784,379.2,30.2,0.70859909
67,3993.4,5,0.2,0.2675578,379.2,30.2,0.70859909
65,3993.7,-2,0.3,0.2595905,379.2,30.2,0.70859909
2703.5,3891.9,2638.5,-101.8,10.521752,380,30.2,0.70798432
2709.6,3887,6.1,-4.9,10.532215,380.7,30.2,0.7074464
2705.6,3883.6,-4,-3.4,10.507468,381.5,30.2,0.70683163
2703.6,3880.6,-2,-3,10.49159,382.2,30.2,0.70629371
2704.7,3877.8,1.1,-2.8,10.488286,383,30.2,0.70567894
2701.6,3875.4,-3.1,-2.4,10.469781,383.7,30.2,0.70514101
2705.7,3872.9,4.1,-2.5,10.478906,384.5,30.2,0.70452624
2705.7,3870.7,0,-2.2,10.472953,385.2,30.2,0.70398832
2698.7,3868.8,-7,-1.9,10.440731,386,30.2,0.70337355
2697.7,3866.9,-1,-1.9,10.431736,386.7,30.2,0.70283563
2707.7,3864.6,10,-2.3,10.464177,387.5,30.2,0.70222086
2420.8,3873.8,-286.9,9.2,9.377695,388.1,30.2,0.70175978
2146.7,3883,-274.1,9.2,8.3356361,388.7,30.2,0.7012987
1868.7,3892.9,-278,9.9,7.2746622,389.3,30.2,0.70083762
1589.7,3903.2,-279,10.3,6.204917,389.7,30.2,0.70053024
1320.8,3913.4,-268.9,10.2,5.1688187,390.1,30.2,0.70022285
1031.9,3924.8,-288.9,11.4,4.0500011,390.4,30.2,0.69999232
761,3935.8,-270.9,11,2.9951438,390.6,30.2,0.69983862
754.9,3936.8,-6.1,1,2.9718903,390.8,30.2,0.69968493
756.9,3937.3,2,0.5,2.9801424,391,30.2,0.69953124
764.9,3937.4,8,0.1,3.0117173,391.2,30.2,0.69937755
757.9,3938,-7,0.6,2.9846102,391.4,30.2,0.69922385
662,3942,-95.9,4,2.609604,391.6,30.2,0.69907016
562,3946.4,-100,4.4,2.2178768,391.7,30.2,0.69899331
561,3946.9,-1,0.5,2.2142109,391.9,30.2,0.69883962
563.9,3947.3,2.9,0.4,2.2258825,392.1,30.2,0.69868593
563.9,3947.7,0,0.4,2.226108,392.2,30.2,0.69860908
561,3948.1,-2.9,0.4,2.2148841,392.4,30.2,0.69845539
563.9,3948.3,2.9,0.2,2.2264464,392.5,30.2,0.69837854
558.9,3948.8,-5,0.5,2.2069843,392.7,30.2,0.69822485
567,3948.8,8.1,0,2.2389696,392.8,30.2,0.69814801
560,3949.3,-7,0.5,2.211608,393,30.2,0.69799431
665.9,3945.5,105.9,-3.8,2.6273085,393.2,30.2,0.69784062
771.9,3941.4,106,-4.1,3.0423667,393.4,30.2,0.69768693
882.8,3936.9,110.9,-4.5,3.4754953,393.6,30.2,0.69753324
983.8,3932.7,101,-4.2,3.8689903,393.9,30.2,0.6973027
1084.9,3928.4,101.1,-4.3,4.2619212,394.2,30.2,0.69707216
1090.9,3927.6,6,-0.8,4.2846188,394.5,30.2,0.69684162
1404.9,3915,314,-12.6,5.5001835,394.9,30.2,0.69653423
1720.7,3901.8,315.8,-13.2,6.7138273,395.4,30.2,0.69615
2042.6,3888.1,321.9,-13.7,7.9418331,396,30.2,0.69568893
2041.6,3886.4,-1,-1.7,7.9344742,396.5,30.2,0.6953047
2039.7,3885,-1.9,-1.4,7.9242345,397.1,30.2,0.69484362
2039.7,3883.7,0,-1.3,7.9215829,397.7,30.2,0.69438254
2039.7,3882.5,0,-1.2,7.9191352,398.2,30.2,0.69399831
2039.7,3881.4,0,-1.1,7.9168916,398.8,30.2,0.69353723
2035.6,3880.4,-4.1,-1,7.8989422,399.4,30.2,0.69307615
2038.7,3879.3,3.1,-1.1,7.9087289,399.9,30.2,0.69269192
2040.7,3878.2,2,-1.1,7.9142427,400.5,30.2,0.69223085
2035.7,3877.4,-5,-0.8,7.8932232,401.1,30.2,0.69176977
1171.8,3910,-863.9,32.6,4.581738,401.4,30.2,0.69153923
1171.8,3910.6,0,0.6,4.5824411,401.7,30.2,0.69130869
1170.9,3910.9,-0.9,0.3,4.5792728,402,30.2,0.69107815
1172.9,3911,2,0.1,4.5872119,402.4,30.2,0.69077077
1168.8,3911.3,-4.1,0.3,4.5715274,402.7,30.2,0.69054023
1173.9,3911.1,5.1,-0.2,4.5912403,403,30.2,0.69030969
1173.8,3911.1,-0.1,0,4.5908492,403.3,30.2,0.69007915
1171.8,3911.1,-2,0,4.583027,403.7,30.2,0.68977177
1172.9,3911,1.1,-0.1,4.5872119,404,30.2,0.68954123
1169.9,3911.1,-3,0.1,4.5755959,404.3,30.2,0.68931069
1170.8,3911,0.9,-0.1,4.5789988,404.6,30.2,0.68908015
1172.8,3910.9,2,-0.1,4.5867035,405,30.2,0.68877277
1176.8,3910.7,4,-0.2,4.6021118,405.3,30.2,0.68854223
1174,3910.6,-2.8,-0.1,4.5910444,405.6,30.2,0.68831169
1163.9,3911,-10.1,0.4,4.5520129,405.9,30.2,0.68808115
2860.6,3845.1,1696.7,-65.9,10.999293,406.7,30.2,0.68746638
2868.7,3841.7,8.1,-3.4,11.020685,407.5,30.2,0.68685161
2870.7,3839.3,2,-2.4,11.021479,408.3,30.2,0.68623684
2869.7,3837.2,-1,-2.1,11.011613,409.1,30.2,0.68562207
2865.7,3835.4,-4,-1.8,10.991106,409.9,30.2,0.6850073
2865.7,3833.5,0,-1.9,10.985661,410.7,30.2,0.68439253
2866.7,3831.8,1,-1.7,10.984621,411.5,30.2,0.68377776
2863.7,3830.3,-3,-1.5,10.96883,412.3,30.2,0.68316299
2869.6,3828.5,5.9,-1.8,10.986264,413.1,30.2,0.68254822
2861.7,3827.3,-7.9,-1.2,10.952584,413.9,30.2,0.68193345
2865.7,3825.7,4,-1.6,10.963308,414.7,30.2,0.68131868
2866.7,3824.2,1,-1.5,10.962834,415.5,30.2,0.68070391
1190,3888.2,-1676.7,64,4.626958,415.8,30.2,0.68047337
-480.9,3954.4,-1670.9,66.2,-1.901671,415.7,30.2,0.68055022
-483,3958.7,-2.1,4.3,-1.9120521,415.6,30.2,0.68062707
-483,3962,0,3.3,-1.913646,415.4,30.2,0.68078076
-483,3964.7,0,2.7,-1.9149501,415.3,30.2,0.6808576
-485,3967.3,-2,2.6,-1.9241405,415.1,30.2,0.6810113
-483,3969.4,2,2.1,-1.9172202,415,30.2,0.68108814
-488,3971.6,-5,2.2,-1.9381408,414.9,30.2,0.68116499
-489,3973.6,-1,2,-1.9430904,414.7,30.2,0.68131868
-486,3975.2,3,1.6,-1.9319472,414.6,30.2,0.68139553
-485,3976.8,1,1.6,-1.928748,414.5,30.2,0.68147237
-483.9,3978.4,1.1,1.6,-1.9251478,414.3,30.2,0.68162607
-484,3979.9,-0.1,1.5,-1.9262716,414.2,30.2,0.68170291
-485,3981.3,-1,1.4,-1.9309305,414.1,30.2,0.68177976
-482,3982.6,3,1.3,-1.9196132,413.9,30.2,0.68193345
-485,3983.9,-3,1.3,-1.9321915,413.8,30.2,0.6820103
-484.9,3985.2,0.1,1.3,-1.9324235,413.7,30.2,0.68208714
557.9,3946.6,1042.8,-38.6,2.2018081,413.8,30.3,0.6820103
558.9,3945.8,1,-0.8,2.2053076,414,30.3,0.6818566
563,3945.3,4.1,-0.5,2.2212039,414.1,30.3,0.68177976
560.9,3945.1,-2.1,-0.2,2.2128066,414.3,30.3,0.68162607
562.9,3944.9,2,-0.2,2.2205842,414.4,30.3,0.68154922
559.9,3944.9,-3,0,2.2087495,414.6,30.3,0.68139553
561.9,3944.8,2,-0.1,2.2165831,414.8,30.3,0.68124184
558.8,3944.9,-3.1,0.1,2.2044101,414.9,30.3,0.68116499
560.9,3944.8,2.1,-0.1,2.2126383,415.1,30.3,0.6810113
558.9,3944.9,-2,0.1,2.2048046,415.2,30.3,0.68093445
569.9,3944.5,11,-0.4,2.2479705,415.4,30.3,0.68078076
561,3944.8,-8.9,0.3,2.2130328,415.5,30.3,0.68070391
563,3944.8,2,0,2.2209224,415.7,30.3,0.68055022
558.9,3945,-4.1,0.2,2.2048605,415.8,30.3,0.68047337
564,3944.8,5.1,-0.2,2.2248672,416,30.3,0.68031968
565.9,3944.7,1.9,-0.1,2.2323057,416.2,30.3,0.68016599
557.9,3945.1,-8,0.4,2.2009713,416.3,30.3,0.68008914
572,3944.6,14.1,-0.5,2.2563112,416.5,30.3,0.67993545
691.9,3940,119.9,-4.6,2.726086,416.7,30.3,0.67978176
819.8,3934.8,127.9,-5.2,3.225749,416.9,30.3,0.67962806
956.9,3929.1,137.1,-5.7,3.7597558,417.2,30.3,0.67939753
1089.9,3923.3,133,-5.8,4.2760047,417.5,30.3,0.67916699
1210.9,3918,121,-5.3,4.7443062,417.8,30.3,0.67893645
1212.8,3917,1.9,-1,4.7505376,418.1,30.3,0.67870591
1211.8,3916.3,-1,-0.7,4.7457723,418.5,30.3,0.67839852
1213.8,3915.6,2,-0.7,4.7527553,418.8,30.3,0.67816799
1216.8,3914.9,3,-0.7,4.7636503,419.1,30.3,0.67793745
1214.9,3914.3,-1.9,-0.6,4.7554831,419.5,30.3,0.67763006
1209.9,3914,-5,-0.3,4.7355486,419.8,30.3,0.67739952
1206.9,3913.5,-3,-0.5,4.7232032,420.2,30.3,0.67709214
1208.8,3912.9,1.9,-0.6,4.7299135,420.5,30.3,0.6768616
1211.8,3912.4,3,-0.5,4.7410463,420.8,30.3,0.67663106
1209.8,3912,-2,-0.4,4.7327376,421.2,30.3,0.67632368
1213.8,3911.4,4,-0.6,4.7476573,421.5,30.3,0.67609314
1212.9,3911,-0.9,-0.4,4.7436519,421.8,30.3,0.6758626
1212.9,3910.5,0,-0.5,4.7430455,422.2,30.3,0.67555521
-660.8,3982.2,-1873.7,71.7,-2.6314378,422,30.3,0.67570891
820.8,3928.5,1481.6,-53.7,3.2245128,422.2,30.3,0.67555521
821.9,3928,1.1,-0.5,3.2284232,422.5,30.3,0.67532468
818.8,3927.9,-3.1,-0.1,3.2161645,422.7,30.3,0.67517098
812.9,3928.1,-5.9,0.2,3.1931525,422.9,30.3,0.67501729
817.9,3927.8,5,-0.3,3.2125476,423.1,30.3,0.6748636
818.9,3927.7,1,-0.1,3.2163935,423.4,30.3,0.67463306
817,3927.7,-1.9,0,3.2089309,423.6,30.3,0.67447937
813.9,3927.8,-3.1,0.1,3.1968364,423.8,30.3,0.67432567
820.9,3927.5,7,-0.3,3.2240847,424,30.3,0.67417198
815.9,3927.6,-5,0.1,3.2045288,424.3,30.3,0.67394144
813,3927.7,-2.9,0.1,3.1932201,424.5,30.3,0.67378775
821.9,3927.4,8.9,-0.3,3.2279301,424.7,30.3,0.67363406
813.9,3927.5,-8,0.1,3.1965923,424.9,30.3,0.67348037
820.9,3927.3,7,-0.2,3.2239206,425.2,30.3,0.67324983
816,3927.4,-4.9,0.1,3.2047584,425.4,30.3,0.67309613
822.9,3927.1,6.9,-0.3,3.2316106,425.6,30.3,0.67294244
820.9,3927.1,-2,0,3.2237564,425.9,30.3,0.6727119
818.9,3927.1,-2,0,3.2159022,426.1,30.3,0.67255821
817.9,3927.1,-1,0,3.2119751,426.3,30.3,0.67240452
818.9,3927,1,-0.1,3.2158203,426.5,30.3,0.67225083
392,3943.5,-426.9,16.5,1.545852,426.6,30.3,0.67217398
-32,3960.1,-424,16.6,-0.1267232,426.6,30.3,0.67217398
-454,3977.9,-422,17.8,-1.8059666,426.5,30.3,0.67225083
-452.9,3979.8,1.1,1.9,-1.8024514,426.4,30.3,0.67232767
-452,3981.3,0.9,1.5,-1.7995476,426.3,30.3,0.67240452
-452.9,3982.8,-0.9,1.5,-1.8038101,426.1,30.3,0.67255821
-452,3984,0.9,1.2,-1.800768,426,30.3,0.67263506
-450.9,3985.2,1.1,1.2,-1.7969267,425.9,30.3,0.6727119
-455.9,3986.5,-5,1.3,-1.8174454,425.8,30.3,0.67278875
-457.9,3987.7,-2,1.2,-1.8259678,425.6,30.3,0.67294244
-454,3988.6,3.9,0.9,-1.8108244,425.5,30.3,0.67301929
1045.8,3932.1,1499.8,-56.5,4.1121902,425.8,30.3,0.67278875
2531.6,3872.7,1485.8,-59.4,9.8041273,426.5,30.3,0.67225083
2532.6,3868.6,1,-4.1,9.7976164,427.2,30.3,0.6717129
2533.6,3865.4,1,-3.2,9.7933774,427.9,30.3,0.67117498
2535.6,3862.5,2,-2.9,9.793755,428.6,30.2,0.67063706
2532.6,3860.2,-3,-2.3,9.7763425,429.3,30.2,0.67009913
2530.7,3858.1,-1.9,-2.1,9.7636937,430,30.2,0.66956121
2535.7,3855.8,5,-2.3,9.7771521,430.7,30.2,0.66902328
2537.6,3853.8,1.9,-2,9.7794029,431.4,30.2,0.66848536
2536.6,3852,-1,-1.8,9.7709832,432.1,30.2,0.66794744
2531.7,3850.5,-4.9,-1.5,9.7483108,432.8,30.2,0.66740951
2530.7,3848.9,-1,-1.6,9.7404112,433.5,30.2,0.66687159
2535.7,3847.1,5,-1.8,9.7550915,434.2,30.2,0.66633367
2542.6,3845.3,6.9,-1.8,9.7770598,434.9,30.2,0.66579574
2535.7,3844.1,-6.9,-1.2,9.7474844,435.7,30.2,0.66518097
789.2,3910.5,-1746.5,66.4,3.0861666,435.9,30.2,0.66502728
789.9,3912.2,0.7,1.7,3.0902468,436.1,30.2,0.66487359
788.9,3913.5,-1,1.3,3.0873602,436.3,30.2,0.6647199
784.9,3914.5,-4,1,3.0724911,436.5,30.2,0.6645662
787.8,3915.1,2.9,0.6,3.0843158,436.7,30.2,0.66441251
787,3915.7,-0.8,0.6,3.0816559,437,30.3,0.66418197
785.8,3916.2,-1.2,0.5,3.07735,437.2,30.3,0.66402828
788.8,3916.5,3,0.3,3.0893352,437.4,30.3,0.66387459
795.9,3916.6,7.1,0.1,3.1172219,437.6,30.3,0.66372089
785.9,3917.3,-10,0.7,3.0786061,437.8,30.3,0.6635672
782.9,3917.7,-3,0.4,3.0671673,438.1,30.3,0.66333666
789.9,3917.7,7,0,3.0945912,438.3,30.3,0.66318297
786.9,3918.1,-3,0.4,3.0831529,438.5,30.3,0.66302928
786.9,3918.3,0,0.2,3.0833103,438.7,30.3,0.66287559
785.8,3918.6,-1.1,0.3,3.0792359,438.9,30.3,0.66272189
790.9,3918.6,5.1,0,3.0992207,439.2,30.3,0.66249135
787.9,3918.9,-3,0.3,3.0877013,439.4,30.3,0.66233766
788.9,3919,1,0.1,3.0916991,439.6,30.3,0.66218397
782,3919.5,-6.9,0.5,3.065049,439.8,30.3,0.66203028
786.9,3919.4,4.9,-0.1,3.0841759,440,30.3,0.66187658
1025.8,3910.3,238.9,-9.1,4.0111857,440.3,30.3,0.66164605
1030.9,3909.7,5.1,-0.6,4.0305097,440.6,30.3,0.66141551
1029.9,3909.6,-1,-0.1,4.026497,440.9,30.3,0.66118497
1027.8,3909.4,-2.1,-0.2,4.0180813,441.2,30.3,0.66095443
1025,3909.3,-2.8,-0.1,4.0070325,441.5,30.3,0.66072389
1022.9,3909.3,-2.1,0,3.998823,441.7,30.3,0.6605702
1027.9,3908.9,5,-0.4,4.0179583,442,30.3,0.66033966
1031.9,3908.7,4,-0.2,4.0333875,442.3,30.3,0.66010912
1029.9,3908.6,-2,-0.1,4.0254671,442.6,30.3,0.65987858
1027.9,3908.6,-2,0,4.0176499,442.9,30.3,0.65964804
1029.9,3908.3,2,-0.3,4.0251582,443.2,30.3,0.65941751
1033.8,3908.1,3.9,-0.2,4.0401938,443.5,30.3,0.65918697
1026.9,3908.2,-6.9,0.1,4.0133306,443.7,30.3,0.65903327
1028.8,3908,1.9,-0.2,4.0205504,444,30.3,0.65880274
1030.9,3907.8,2.1,-0.2,4.028551,444.3,30.3,0.6585722
834,3915.4,-196.9,7.6,3.2654436,444.5,30.3,0.6584185
632,3923.5,-202,8.1,2.479652,444.7,30.3,0.65826481
439,3931.6,-193,8.1,1.7259724,444.8,30.3,0.65818797
241,3940,-198,8.4,0.94954,444.9,30.3,0.65811112
241,3941,0,1,0.949781,445,30.3,0.65803427
243,3941.8,2,0.8,0.9578574,445,30.3,0.65803427
242,3942.7,-1,0.9,0.9541334,445.1,30.3,0.65795743
233,3943.7,-9,1,0.9188821,445.2,30.3,0.65788058
238,3944.2,5,0.5,0.9387196,445.2,30.3,0.65788058
239,3944.8,1,0.6,0.9428072,445.3,30.3,0.65780373
991.8,3916.1,752.8,-28.7,3.883988,445.6,30.3,0.6575732
1742.6,3886.1,750.8,-30,6.7719179,446.1,30.3,0.65718896
2492.5,3855,749.9,-31.1,9.6085875,446.8,30.3,0.65665104
2999.6,3832.4,507.1,-22.6,11.495667,447.6,30.3,0.65603627
2999.6,3829,0,-3.4,11.485468,448.4,30.3,0.6554215
2999.6,3826.3,0,-2.7,11.477369,449.3,30.3,0.65472989
2999.6,3823.7,0,-2.6,11.469571,450.1,30.3,0.65411512
2999.6,3821.5,0,-2.2,11.462971,450.9,30.3,0.65350035
2999.7,3819.3,0.1,-2.2,11.456754,451.8,30.3,0.65280873
2553.7,3834.5,-446,15.2,9.7921626,452.5,30.3,0.65227081
1869.7,3860,-684,25.5,7.217042,453,30.3,0.65188657
1174.9,3887,-694.8,27,4.5668363,453.3,30.3,0.65165604
493,3914.5,-681.9,27.5,1.9298485,453.5,30.3,0.65150234
486.9,3916.7,-6.1,2.2,1.9070412,453.6,30.3,0.6514255
489,3918,2.1,1.3,1.915902,453.7,30.3,0.65134865
489.9,3919.2,0.9,1.2,1.9200161,453.9,30.3,0.65119496
489.9,3920.2,0,1,1.920506,454,30.3,0.65111811
493,3921,3.1,0.8,1.933053,454.1,30.3,0.65104127
491.9,3921.8,-1.1,0.8,1.9291334,454.3,30.3,0.65088757
497.9,3922.3,6,0.5,1.9529132,454.4,30.3,0.65081073
493,3923.2,-4.9,0.9,1.9341376,454.5,30.3,0.65073388
486.9,3924,-6.1,0.8,1.9105956,454.7,30.3,0.65058019
492.9,3924.4,6,0.4,1.9343368,454.8,30.3,0.65050334
-320,3956,-812.9,31.6,-1.26592,454.7,30.3,0.65058019
-1123.8,3989.3,-803.8,33.3,-4.4831753,454.4,30.3,0.65081073
-1128.9,3992.6,-5.1,3.3,-4.5072461,454.1,30.3,0.65104127
-1127.9,3995.3,1,2.7,-4.5062989,453.8,30.3,0.65127181
-1120,3997.3,7.9,2,-4.476976,453.5,30.3,0.65150234
-1125.9,3999.9,-5.9,2.6,-4.5034874,453.2,30.3,0.65173288
-1124.9,4001.8,1,1.9,-4.5016248,452.9,30.3,0.65196342
-1126.9,4003.9,-2,2.1,-4.5119949,452.5,30.3,0.65227081
-1124.9,4005.6,2,1.7,-4.5058994,452.2,30.3,0.65250134
934.8,3928.3,2059.7,-77.3,3.6721748,452.5,30.3,0.65227081
632,3937.9,-302.8,9.6,2.4887528,452.7,30.3,0.65211711
340.1,3948.4,-291.9,10.5,1.3428508,452.8,30.3,0.65204027
48,3959.7,-292.1,11.3,0.1900656,452.8,30.3,0.65204027
-238,3970.7,-286,11,-0.9450266,452.7,30.3,0.65211711
-246,3971.9,-8,1.2,-0.9770874,452.6,30.3,0.65219396
-245,3972.8,1,0.9,-0.973336,452.6,30.3,0.65219396
-240.9,3973.3,4.1,0.5,-0.95716797,452.5,30.3,0.65227081
-246.9,3974.3,-6,1,-0.98125467,452.4,30.3,0.65234765
-244,3974.8,2.9,0.5,-0.9698512,452.4,30.3,0.65234765
-240,3975.3,4,0.5,-0.954072,452.3,30.3,0.6524245
-247,3976.2,-7,0.9,-0.9821214,452.2,30.3,0.65250134
427.8,3951.2,674.8,-25,1.6903234,452.3,30.3,0.6524245
1106.8,3924.3,679,-26.9,4.3434152,452.7,30.3,0.65211711
1782.7,3896.5,675.9,-27.8,6.9462905,453.2,30.3,0.65173288
2459.6,3867.7,676.9,-28.8,9.5129949,453.8,30.3,0.65127181
2459.7,3864.4,0.1,-3.3,9.5052647,454.5,30.3,0.65073388
2458.7,3861.6,-1,-2.8,9.4945159,455.2,30.3,0.65019596
2457.7,3859,-1,-2.6,9.4842643,455.9,30.3,0.64965803
2452.6,3856.9,-5.1,-2.1,9.4594329,456.6,30.3,0.64912011
2461.6,3854.3,9,-2.6,9.4877449,457.2,30.3,0.64865903
2464.6,3852.1,3,-2.2,9.4938857,457.9,30.3,0.64812111
2493.6,3849.1,29,-3,9.5981158,458.6,30.3,0.64758319
2528.7,3845.8,35.1,-3.3,9.7248745,459.3,30.3,0.64704526
2573.5,3842.2,44.8,-3.6,9.8879017,460,30.3,0.64650734
2607.6,3839.1,34.1,-3.1,10.010837,460.8,30.3,0.64589257
2645.6,3835.8,38,-3.3,10.147992,461.5,30.3,0.64535465
2682.6,3832.6,37,-3.2,10.281333,462.2,30.3,0.64481672
2688.7,3830.6,6.1,-2,10.299334,463,30.3,0.64420195
2687.6,3828.9,-1.1,-1.7,10.290552,463.7,30.3,0.64366403
2684.6,3827.4,-3,-1.5,10.275038,464.5,30.3,0.64304926
2686.6,3825.8,2,-1.6,10.278394,465.2,30.3,0.64251133
-877.9,3962.1,-3564.5,136.3,-3.4783276,465,30.3,0.64266503
-874.9,3967.3,3,5.2,-3.4709908,464.7,30.3,0.64289557
-878.9,3971.3,-4,4,-3.4903756,464.5,30.3,0.64304926
-876.9,3974.3,2,3,-3.4850637,464.3,30.3,0.64320295
-876.9,3977.1,0,2.8,-3.487519,464,30.3,0.64343349
-870.9,3979.3,6,2.2,-3.4655724,463.8,30.3,0.64358718
-874.9,3981.8,-4,2.5,-3.4836768,463.5,30.3,0.64381772
-871.9,3983.7,3,1.9,-3.473388,463.3,30.3,0.64397141
-878.8,3985.9,-6.9,2.2,-3.5028089,463,30.3,0.64420195
-875.9,3987.7,2.9,1.8,-3.4928264,462.8,30.3,0.64435564
-874.9,3989.4,1,1.7,-3.4903261,462.6,30.3,0.64450934
-874.9,3991.1,0,1.7,-3.4918134,462.3,30.3,0.64473988
-875.9,3992.7,-1,1.6,-3.4972059,462.1,30.3,0.64489357
-877.9,3994.3,-2,1.6,-3.506596,461.8,30.3,0.64512411
-874.9,3995.7,3,1.4,-3.4958379,461.6,30.3,0.6452778
1605.7,3901.7,2480.6,-94,6.2649597,462,30.3,0.64497041
1608.7,3898.4,3,-3.3,6.2713561,462.5,30.3,0.64458618
1607.8,3896.1,-0.9,-2.3,6.2641496,462.9,30.3,0.6442788
1605.8,3894.2,-2,-1.9,6.2533064,463.4,30.3,0.64389457
1606.7,3892.5,0.9,-1.7,6.2540797,463.8,30.3,0.64358718
1607.8,3891,1.1,-1.5,6.2559498,464.3,30.3,0.64320295
1608.8,3889.6,1,-1.4,6.2575885,464.7,30.3,0.64289557
1605.7,3888.4,-3.1,-1.2,6.2436039,465.2,30.3,0.64251133
1606.8,3887.2,1.1,-1.2,6.245953,465.6,30.3,0.64220395
1601.7,3886.3,-5.1,-0.9,6.2246867,466,30.3,0.64189656
1610.7,3884.9,9,-1.4,6.2574084,466.5,30.3,0.64151233
1602.8,3884.2,-7.9,-0.7,6.2255958,466.9,30.3,0.64120495
1602.7,3883.1,-0.1,-1.1,6.2234444,467.4,30.3,0.64082072
1605.7,3882.1,3,-1,6.233488,467.8,30.3,0.64051333
1605.8,3881.3,0.1,-0.8,6.2325915,468.3,30.3,0.6401291
1606.8,3880.4,1,-0.9,6.2350267,468.7,30.3,0.63982172
1610.8,3879.4,4,-1,6.2489375,469.2,30.3,0.63943749
1651.7,3877.1,40.9,-2.3,6.4038061,469.6,30.3,0.6391301
1696.8,3874.5,45.1,-2.6,6.5742516,470.1,30.3,0.63874587
1745.6,3871.7,48.8,-2.8,6.7584395,470.6,30.3,0.63836164
1786.7,3869.2,41.1,-2.5,6.9130996,471.1,30.3,0.63797741
1834.7,3866.4,48,-2.8,7.0936841,471.6,30.3,0.63759318
1834.7,3865.4,0,-1,7.0918494,472.1,30.3,0.63720894
1835.7,3864.5,1,-0.9,7.0940627,472.6,30.3,0.63682471
1835.7,3863.6,0,-0.9,7.0924105,473.1,30.3,0.63644048
1829.8,3863,-5.9,-0.6,7.0685174,473.6,30.3,0.63605625
1834.7,3862,4.9,-1,7.0856114,474.1,30.3,0.63567202
1835.7,3861.2,1,-0.8,7.0880048,474.6,30.3,0.63528779
1830.9,3860.7,-4.8,-0.5,7.0685556,475.2,30.3,0.63482671
1836.7,3859.7,5.8,-1,7.089111,475.7,30.3,0.63444248
1836.7,3859,0,-0.7,7.0878253,476.2,30.3,0.63405825
1291.9,3879.5,-544.8,20.5,5.0119261,476.5,30.3,0.63382771
743.9,3901.1,-548,21.6,2.9020283,476.7,30.3,0.63367402
749.8,3902,5.9,0.9,2.9257196,477,30.3,0.63344348
745.8,3903.1,-4,1.1,2.910932,477.2,30.3,0.63328979
738.9,3904,-6.9,0.9,2.8846656,477.4,30.3,0.63313609
745.9,3904.3,7,0.3,2.9122174,477.6,30.3,0.6329824
741.9,3905,-4,0.7,2.8971195,477.8,30.3,0.63282871
75,3931.3,-666.9,26.3,0.2948475,477.8,30.3,0.63282871
76,3933,1,1.7,0.298908,477.8,30.3,0.63282871
70,3934.6,-6,1.6,0.275422,477.8,30.3,0.63282871
70,3935.9,0,1.3,0.275513,477.9,30.3,0.63275186
74,3936.8,4,0.9,0.2913232,477.9,30.3,0.63275186
71,3938,-3,1.2,0.279598,477.9,30.3,0.63275186
71,3939,0,1,0.279669,477.9,30.3,0.63275186
71,3939.9,0,0.9,0.2797329,477.9,30.3,0.63275186
69,3940.8,-2,0.9,0.2719152,478,30.3,0.63267502
75,3941.5,6,0.7,0.2956125,478,30.3,0.63267502
69,3942.4,-6,0.9,0.2720256,478,30.3,0.63267502
70,3943.1,1,0.7,0.276017,478,30.3,0.63267502
74,3943.7,4,0.6,0.2918338,478,30.3,0.63267502
54,3945.1,-20,1.4,0.2130354,478.1,30.3,0.63259817
54,3945.8,0,0.7,0.2130732,478.1,30.3,0.63259817
53,3946.5,-1,0.7,0.2091645,478.1,30.3,0.63259817
45,3947.5,-8,1,0.1776375,478.1,30.3,0.63259817
41,3948.3,-4,0.8,0.1618803,478.1,30.3,0.63259817
36,3949.1,-5,0.8,0.1421676,478.1,30.3,0.63259817
33,3949.8,-3,0.7,0.1303434,478.1,30.3,0.63259817
36,3950.3,3,0.5,0.1422108,478.1,30.3,0.63259817
38,3950.7,2,0.4,0.1501266,478.1,30.3,0.63259817
34,3951.4,-4,0.7,0.1343476,478.2,30.3,0.63252132
35,3951.9,1,0.5,0.1383165,478.2,30.3,0.63252132
39,3952.3,4,0.4,0.1541397,478.2,30.3,0.63252132
35,3952.9,-4,0.6,0.1383515,478.2,30.3,0.63252132
31,3953.5,-4,0.6,0.1225585,478.2,30.3,0.63252132
28,3954.1,-3,0.6,0.1107148,478.2,30.3,0.63252132
30,3954.5,2,0.4,0.118635,478.2,30.3,0.63252132
36,3954.7,6,0.2,0.1423692,478.2,30.3,0.63252132
37,3955.1,1,0.4,0.1463387,478.2,30.3,0.63252132
39,3955.4,2,0.3,0.1542606,478.2,30.3,0.63252132
34,3956,-5,0.6,0.134504,478.2,30.3,0.63252132
35,3956.3,1,0.3,0.1384705,478.3,30.3,0.63244448
31,3956.9,-4,0.6,0.1226639,478.3,30.3,0.63244448
34,3957.1,3,0.2,0.1345414,478.3,30.3,0.63244448
37,3957.4,3,0.3,0.1464238,478.3,30.3,0.63244448
33,3957.9,-4,0.5,0.1306107,478.3,30.3,0.63244448
33,3958.2,0,0.3,0.1306206,478.3,30.3,0.63244448
37,3958.4,4,0.2,0.1464608,478.3,30.3,0.63244448
33,3958.9,-4,0.5,0.1306437,478.3,30.3,0.63244448
39,3959,6,0.1,0.154401,478.3,30.3,0.63244448
36,3959.4,-3,0.4,0.1425384,478.3,30.3,0.63244448
34,3959.8,-2,0.4,0.1346332,478.4,30.3,0.63236763
29,3960.3,-5,0.5,0.1148487,478.4,30.3,0.63236763
32,3960.4,3,0.1,0.1267328,478.4,30.3,0.63236763
35,3960.6,3,0.2,0.138621,478.4,30.3,0.63236763
37,3960.8,2,0.2,0.1465496,478.4,30.3,0.63236763
35,3961.2,-2,0.4,0.138642,478.4,30.3,0.63236763
37,3961.4,2,0.2,0.1465718,478.4,30.3,0.63236763
35,3961.7,-2,0.3,0.1386595,478.4,30.3,0.63236763
38,3961.8,3,0.1,0.1505484,478.4,30.3,0.63236763
37,3962.1,-1,0.3,0.1465977,478.4,30.3,0.63236763
36,3962.4,-1,0.3,0.1426464,478.5,30.3,0.63229079
36,3962.6,0,0.2,0.1426536,478.5,30.3,0.63229079
36,3962.8,0,0.2,0.1426608,478.5,30.3,0.63229079
33,3963.2,-3,0.4,0.1307856,478.5,30.3,0.63229079
32,3963.5,-1,0.3,0.126832,478.5,30.3,0.63229079
32,3963.7,0,0.2,0.1268384,478.5,30.3,0.63229079
36,3963.7,4,0,0.1426932,478.5,30.3,0.63229079
29,3964.2,-7,0.5,0.1149618,478.5,30.3,0.63229079
30,3964.4,1,0.2,0.118932,478.5,30.3,0.63229079
33,3964.5,3,0.1,0.1308285,478.5,30.3,0.63229079
37,3964.5,4,0,0.1466865,478.5,30.3,0.63229079
36,3964.7,-1,0.2,0.1427292,478.6,30.3,0.63221394
33,3965,-3,0.3,0.130845,478.6,30.3,0.63221394
33,3965.2,0,0.2,0.1308516,478.6,30.3,0.63221394
35,3965.3,2,0.1,0.1387855,478.6,30.3,0.63221394
31,3965.7,-4,0.4,0.1229367,478.6,30.3,0.63221394
30,3965.9,-1,0.2,0.118977,478.6,30.3,0.63221394
31,3966,1,0.1,0.122946,478.6,30.3,0.63221394
32,3966.1,1,0.1,0.1269152,478.6,30.3,0.63221394
34,3966.3,2,0.2,0.1348542,478.6,30.3,0.63221394
34,3966.4,0,0.1,0.1348576,478.6,30.3,0.63221394
34,3966.6,0,0.2,0.1348644,478.6,30.3,0.63221394
29,3966.9,-5,0.3,0.1150401,478.7,30.3,0.63213709
35,3966.8,6,-0.1,0.138838,478.7,30.3,0.63213709
35,3967,0,0.2,0.138845,478.7,30.3,0.63213709
37,3967.1,2,0.1,0.1467827,478.7,30.3,0.63213709
30,3967.5,-7,0.4,0.119025,478.7,30.3,0.63213709
37,3967.4,7,-0.1,0.1467938,478.7,30.3,0.63213709
34,3967.6,-3,0.2,0.1348984,478.7,30.3,0.63213709
34,3967.8,0,0.2,0.1349052,478.7,30.3,0.63213709
30,3968,-4,0.2,0.11904,478.7,30.3,0.63213709
31,3968.2,1,0.2,0.1230142,478.7,30.3,0.63213709
31,3968.3,0,0.1,0.1230173,478.7,30.3,0.63213709
33,3968.4,2,0.1,0.1309572,478.8,30.3,0.63206025
35,3968.4,2,0,0.138894,478.8,30.3,0.63206025
34,3968.6,-1,0.2,0.1349324,478.8,30.3,0.63206025
530.9,3949.5,496.9,-19.1,2.0967896,478.9,30.3,0.6319834
1032.8,3929.3,501.9,-20.2,4.058181,479.2,30.2,0.63175286
1532.7,3908.4,499.9,-20.9,5.9904047,479.6,30.2,0.63144548
2026.6,3887.1,493.9,-21.3,7.8775969,480.2,30.2,0.6309844
2029.6,3884.2,3,-2.9,7.8833723,480.8,30.2,0.63052332
2024.6,3882,-5,-2.2,7.8594972,481.3,30.2,0.63013909
2025.6,3879.9,1,-2.1,7.8591254,481.9,30.2,0.62967801
2026.7,3877.9,1.1,-2,7.8593399,482.5,30.2,0.62921694
2027.7,3876,1,-1.9,7.8593652,483,30.2,0.62883271
2026.7,3874.2,-1,-1.8,7.8518411,483.6,30.2,0.62837163
2026.7,3872.6,0,-1.6,7.8485984,484.1,30.2,0.6279874
2032.6,3870.7,5.9,-1.9,7.8675848,484.7,30.2,0.62752632
2027.6,3869.4,-5,-1.3,7.8455954,485.3,30.2,0.62706524
339.2,3933.5,-1688.4,64.1,1.3342432,485.4,30.2,0.6269884
339,3935.2,-0.2,1.7,1.3340328,485.5,30.2,0.62691155
342,3936.2,3,1,1.3461804,485.6,30.2,0.6268347
339.9,3937.1,-2.1,0.9,1.3382203,485.6,30.2,0.6268347
335,3937.9,-4.9,0.8,1.3191965,485.7,30.2,0.62675786
334,3938.6,-1,0.7,1.3154924,485.8,30.2,0.62668101
197.1,3944.3,-136.9,5.7,0.77742153,485.9,30.2,0.62660417
55,3950.5,-142.1,6.2,0.2172775,485.9,30.2,0.62660417
-80,3956.1,-135,5.6,-0.316488,485.9,30.2,0.62660417
-81,3957.1,-1,1,-0.3205251,485.9,30.2,0.62660417
-86,3958.2,-5,1.1,-0.3404052,485.8,30.2,0.62668101
-82,3958.8,4,0.6,-0.3246216,485.8,30.2,0.62668101
-82,3959.5,0,0.7,-0.324679,485.8,30.2,0.62668101
-74,3959.9,8,0.4,-0.2930326,485.8,30.2,0.62668101
-80,3960.8,-6,0.9,-0.316864,485.7,30.2,0.62675786
-80,3961.4,0,0.6,-0.316912,485.7,30.2,0.62675786
-85,3962.1,-5,0.7,-0.3367785,485.7,30.2,0.62675786
-79,3962.4,6,0.3,-0.3130296,485.7,30.2,0.62675786
-76,3962.8,3,0.4,-0.3011728,485.7,30.2,0.62675786
-74,3963.3,2,0.5,-0.2932842,485.6,30.2,0.6268347
-78,3963.9,-4,0.6,-0.3091842,485.6,30.2,0.6268347
-79,3964.4,-1,0.5,-0.3131876,485.6,30.2,0.6268347
-79,3964.9,0,0.5,-0.3132271,485.6,30.2,0.6268347
-79,3965.3,0,0.4,-0.3132587,485.5,30.2,0.62691155
643.9,3938.3,722.9,-27,2.5358714,485.7,30.2,0.62675786
644.9,3937.2,1,-1.1,2.5391003,485.9,30.2,0.62660417
640,3936.8,-4.9,-0.4,2.519552,486.1,30.2,0.62645047
641.9,3936.1,1.9,-0.7,2.5265826,486.3,30.2,0.62629678
640.9,3935.7,-1,-0.4,2.5223901,486.4,30.2,0.62621993
642.9,3935.2,2,-0.5,2.5299401,486.6,30.2,0.62606624
636.9,3935.1,-6,-0.1,2.5062652,486.8,30.2,0.62591255
642.9,3934.5,6,-0.6,2.5294901,487,30.2,0.62575886
640.9,3934.2,-2,-0.3,2.5214288,487.2,30.2,0.62560516
638.9,3934,-2,-0.2,2.5134326,487.3,30.2,0.62552832
655.8,3933.1,16.9,-0.9,2.579327,487.5,30.2,0.62537463
666.8,3932.3,11,-0.8,2.6220576,487.7,30.2,0.62522093
687.9,3931.2,21.1,-1.1,2.7042725,487.9,30.2,0.62506724
702.9,3930.3,15,-0.9,2.7626079,488.1,30.2,0.62491355
714.9,3929.5,12,-0.8,2.8091995,488.3,30.2,0.62475986
722.9,3928.8,8,-0.7,2.8401295,488.5,30.2,0.62460616
728.9,3928.2,6,-0.6,2.863265,488.7,30.2,0.62445247
733.9,3927.7,5,-0.5,2.882539,488.9,30.2,0.62429878
729.9,3927.6,-4,-0.1,2.8667552,489.1,30.2,0.62414509
729.8,3927.3,-0.1,-0.3,2.8661435,489.3,30.2,0.62399139
729.9,3927,0.1,-0.3,2.8663173,489.5,30.2,0.6238377
730.9,3926.7,1,-0.3,2.870025,489.7,30.2,0.62368401
730.9,3926.4,0,-0.3,2.8698058,489.9,30.2,0.62353032
723.9,3926.5,-7,0.1,2.8423934,490.1,30.2,0.62337662
729.9,3926,6,-0.5,2.8655874,490.3,30.2,0.62322293
731.9,3925.7,2,-0.3,2.8732198,490.5,30.2,0.62306924
731.9,3925.4,0,-0.3,2.8730003,490.7,30.2,0.62291555
728.9,3925.3,-3,-0.1,2.8611512,490.9,30.2,0.62276185
726.9,3925.2,-2,-0.1,2.8532279,491.1,30.2,0.62260816
440,3936.1,-286.9,10.9,1.731884,491.2,30.2,0.62253131
163,3947.2,-277,11.1,0.6433936,491.3,30.2,0.62245447
-130.1,3958.7,-293.1,11.5,-0.51502687,491.2,30.2,0.62253131
-414.9,3971,-284.8,12.3,-1.6475679,491.1,30.2,0.62260816
-698.8,3983.5,-283.9,12.5,-2.7836698,490.9,30.2,0.62276185
-699.9,3985.3,-1.1,1.8,-2.7893115,490.7,30.2,0.62291555
-702.9,3987,-3,1.7,-2.8024623,490.6,30.2,0.62299239
-694,3988,8.9,1,-2.767672,490.4,30.2,0.62314608
-702.9,3989.6,-8.9,1.6,-2.8042898,490.2,30.2,0.62329978
-693,3990.4,9.9,0.8,-2.7653472,490,30.2,0.62345347
-700.9,3991.8,-7.9,1.4,-2.7978526,489.8,30.2,0.62360716
-700.9,3992.9,0,1.1,-2.7986236,489.6,30.2,0.62376085
-702.9,3994,-2,1.1,-2.8073826,489.4,30.2,0.62391455
-701.9,3994.9,1,0.9,-2.8040203,489.2,30.2,0.62406824
-508,3988.4,193.9,-6.5,-2.0261072,489,30.2,0.62422193
-317.1,3981.5,190.9,-6.9,-1.2625336,489,30.2,0.62422193
-126.1,3974.3,191,-7.2,-0.50115923,488.9,30.2,0.62429878
-123.1,3974.2,3,-0.1,-0.48922402,488.9,30.2,0.62429878
-127.1,3974.4,-4,0.2,-0.50514624,488.9,30.2,0.62429878
-125.1,3974.5,2,0.1,-0.49720995,488.8,30.2,0.62437562
-125.1,3974.6,0,0.1,-0.49722246,488.8,30.2,0.62437562
-98,3973.8,27.1,-0.8,-0.3894324,488.8,30.2,0.62437562
-75,3973,23,-0.8,-0.297975,488.7,30.2,0.62445247
-54,3972.3,21,-0.7,-0.2145042,488.7,30.2,0.62445247
-25,3971.3,29,-1,-0.0992825,488.7,30.2,0.62445247
-3,3970.5,22,-0.8,-0.0119115,488.7,30.2,0.62445247
17,3970.3,20,-0.2,0.0674951,488.7,30.2,0.62445247
44,3969.3,27,-1,0.1746492,488.7,30.2,0.62445247
46,3969.2,2,-0.1,0.1825832,488.7,30.2,0.62445247
44,3969.3,-2,0.1,0.1746492,488.8,30.2,0.62437562
44,3969.3,0,0,0.1746492,488.8,30.2,0.62437562
42,3969.4,-2,0.1,0.1667148,488.8,30.2,0.62437562
49,3969.2,7,-0.2,0.1944908,488.8,30.2,0.62437562
45,3969.4,-4,0.2,0.178623,488.8,30.2,0.62437562
47,3969.4,2,0,0.1865618,488.8,30.2,0.62437562
45,3969.5,-2,0.1,0.1786275,488.8,30.2,0.62437562
39,3969.8,-6,0.3,0.1548222,488.8,30.2,0.62437562
40,3969.8,1,0,0.158792,488.9,30.2,0.62429878
40,3969.8,0,0,0.158792,488.9,30.2,0.62429878
45,3969.7,5,-0.1,0.1786365,488.9,30.2,0.62429878
48,3969.6,3,-0.1,0.1905408,488.9,30.2,0.62429878
41,3970,-7,0.4,0.16277,488.9,30.2,0.62429878
44,3969.9,3,-0.1,0.1746756,488.9,30.2,0.62429878
46,3969.9,2,0,0.1826154,488.9,30.2,0.62429878
46,3970,0,0.1,0.18262,488.9,30.2,0.62429878
44,3970.1,-2,0.1,0.1746844,489,30.2,0.62422193
52,3969.9,8,-0.2,0.2064348,489,30.2,0.62422193
47,3970.1,-5,0.2,0.1865947,489,30.2,0.62422193
47,3970.2,0,0.1,0.1865994,489,30.2,0.62422193
44,3970.3,-3,0.1,0.1746932,489,30.2,0.62422193
44,3970.4,0,0.1,0.1746976,489,30.2,0.62422193
45,3970.4,1,0,0.178668,489,30.2,0.62422193
43,3970.5,-2,0.1,0.1707315,489,30.2,0.62422193
43,3970.6,0,0.1,0.1707358,489.1,30.2,0.62414509
43,3970.7,0,0.1,0.1707401,489.1,30.2,0.62414509
44,3970.7,1,0,0.1747108,489.1,30.2,0.62414509
46,3970.6,2,-0.1,0.1826476,489.1,30.2,0.62414509
41,3970.9,-5,0.3,0.1628069,489.1,30.2,0.62414509
44,3970.9,3,0,0.1747196,489.1,30.2,0.62414509
42,3971,-2,0.1,0.166782,489.1,30.2,0.62414509
48,3970.8,6,-0.2,0.1905984,489.1,30.2,0.62414509
43,3971.1,-5,0.3,0.1707573,489.2,30.2,0.62406824
41,3971.2,-2,0.1,0.1628192,489.2,30.2,0.62406824
45,3971.1,4,-0.1,0.1786995,489.2,30.2,0.62406824
37,3971.5,-8,0.4,0.1469455,489.2,30.2,0.62406824
40,3971.4,3,-0.1,0.158856,489.2,30.2,0.62406824
45,3971.3,5,-0.1,0.1787085,489.2,30.2,0.62406824
51,3971.1,6,-0.2,0.2025261,489.2,30.2,0.62406824
43,3971.5,-8,0.4,0.1707745,489.2,30.2,0.62406824
41,3971.6,-2,0.1,0.1628356,489.2,30.2,0.62406824
43,3971.6,2,0,0.1707788,489.3,30.2,0.62399139
42,3971.6,-1,0,0.1668072,489.3,30.2,0.62399139
42,3971.7,0,0.1,0.1668114,489.3,30.2,0.62399139
45,3971.7,3,0,0.1787265,489.3,30.2,0.62399139
45,3971.7,0,0,0.1787265,489.3,30.2,0.62399139
40,3971.9,-5,0.2,0.158876,489.3,30.2,0.62399139
50,3971.6,10,-0.3,0.19858,489.3,30.2,0.62399139
48,3971.7,-2,0.1,0.1906416,489.3,30.2,0.62399139
41,3972,-7,0.3,0.162852,489.4,30.2,0.62391455
44,3972,3,0,0.174768,489.4,30.2,0.62391455
42,3972.1,-2,0.1,0.1668282,489.4,30.2,0.62391455
45,3972.1,3,0,0.1787445,489.4,30.2,0.62391455
39,3972.3,-6,0.2,0.1549197,489.4,30.2,0.62391455
42,3972.3,3,0,0.1668366,489.4,30.2,0.62391455
48,3972.1,6,-0.2,0.1906608,489.4,30.2,0.62391455
41,3972.4,-7,0.3,0.1628684,489.4,30.2,0.62391455
46,3972.3,5,-0.1,0.1827258,489.5,30.2,0.6238377
49,3972.2,3,-0.1,0.1946378,489.5,30.2,0.6238377
43,3972.5,-6,0.3,0.1708175,489.5,30.2,0.6238377
42,3972.6,-1,0.1,0.1668492,489.5,30.2,0.6238377
42,3972.6,0,0,0.1668492,489.5,30.2,0.6238377
45,3972.5,3,-0.1,0.1787625,489.5,30.2,0.6238377
46,3972.5,1,0,0.182735,489.5,30.2,0.6238377
49,3972.4,3,-0.1,0.1946476,489.5,30.2,0.6238377
48,3972.5,-1,0.1,0.19068,489.6,30.2,0.62376085
48,3972.6,0,0.1,0.1906848,489.6,30.2,0.62376085
42,3972.8,-6,0.2,0.1668576,489.6,30.2,0.62376085
45,3972.8,3,0,0.178776,489.6,30.2,0.62376085
43,3972.9,-2,0.1,0.1708347,489.6,30.2,0.62376085
48,3972.8,5,-0.1,0.1906944,489.6,30.2,0.62376085
40,3973.1,-8,0.3,0.158924,489.6,30.2,0.62376085
49,3972.8,9,-0.3,0.1946672,489.6,30.2,0.62376085
42,3973.1,-7,0.3,0.1668702,489.7,30.1,0.62368401
44,3973.1,2,0,0.1748164,489.7,30.1,0.62368401
43,3973.2,-1,0.1,0.1708476,489.7,30.1,0.62368401
48,3973,5,-0.2,0.190704,489.7,30.1,0.62368401
46,3973.1,-2,0.1,0.1827626,489.7,30.1,0.62368401
44,3973.2,-2,0.1,0.1748208,489.7,30.1,0.62368401
44,3973.3,0,0.1,0.1748252,489.7,30.1,0.62368401
40,3973.5,-4,0.2,0.15894,489.7,30.1,0.62368401
49,3973.2,9,-0.3,0.1946868,489.8,30.1,0.62360716
44,3973.4,-5,0.2,0.1748296,489.8,30.1,0.62360716
44,3973.4,0,0,0.1748296,489.8,30.1,0.62360716
47,3973.3,3,-0.1,0.1867451,489.8,30.1,0.62360716
49,3973.3,2,0,0.1946917,489.8,30.1,0.62360716
44,3973.6,-5,0.3,0.1748384,489.8,30.1,0.62360716
45,3973.5,1,-0.1,0.1788075,489.8,30.1,0.62360716
48,3973.5,3,0,0.190728,489.8,30.1,0.62360716
43,3973.7,-5,0.2,0.1708691,489.9,30.1,0.62353032
44,3973.7,1,0,0.1748428,489.9,30.1,0.62353032
47,3973.6,3,-0.1,0.1867592,489.9,30.1,0.62353032
43,3973.8,-4,0.2,0.1708734,489.9,30.1,0.62353032
48,3973.6,5,-0.2,0.1907328,489.9,30.1,0.62353032
46,3973.7,-2,0.1,0.1827902,489.9,30.1,0.62353032
45,3973.8,-1,0.1,0.178821,489.9,30.1,0.62353032
45,3973.9,0,0.1,0.1788255,489.9,30.1,0.62353032
44,3973.9,-1,0,0.1748516,490,30.1,0.62345347
45,3973.9,1,0,0.1788255,490,30.1,0.62345347
42,3974.1,-3,0.2,0.1669122,490,30.1,0.62345347
43,3974.1,1,0,0.1708863,490,30.1,0.62345347
43,3974.1,0,0,0.1708863,490,30.1,0.62345347
42,3974.2,-1,0.1,0.1669164,490,30.1,0.62345347
49,3974,7,-0.2,0.194726,490,30.1,0.62345347
43,3974.2,-6,0.2,0.1708906,490,30.1,0.62345347
39,3974.4,-4,0.2,0.1550016,490.1,30.1,0.62337662
40,3974.4,1,0,0.158976,490.1,30.1,0.62337662
46,3974.2,6,-0.2,0.1828132,490.1,30.1,0.62337662
49,3974.1,3,-0.1,0.1947309,490.1,30.1,0.62337662
43,3974.4,-6,0.3,0.1708992,490.1,30.1,0.62337662
43,3974.5,0,0.1,0.1709035,490.1,30.1,0.62337662
43,3974.4,0,-0.1,0.1708992,490.1,30.1,0.62337662
45,3974.4,2,0,0.178848,490.1,30.1,0.62337662
47,3974.4,2,0,0.1867968,490.2,30.1,0.62329978
42,3974.6,-5,0.2,0.1669332,490.2,30.1,0.62329978
47,3974.4,5,-0.2,0.1867968,490.2,30.1,0.62329978
44,3974.6,-3,0.2,0.1748824,490.2,30.1,0.62329978
50,3974.4,6,-0.2,0.19872,490.2,30.1,0.62329978
45,3974.6,-5,0.2,0.178857,490.2,30.1,0.62329978
44,3974.7,-1,0.1,0.1748868,490.2,30.1,0.62329978
45,3974.7,1,0,0.1788615,490.2,30.1,0.62329978
45,3974.7,0,0,0.1788615,490.3,30.1,0.62322293
43,3974.8,-2,0.1,0.1709164,490.3,30.1,0.62322293
47,3974.7,4,-0.1,0.1868109,490.3,30.1,0.62322293
50,3974.6,3,-0.1,0.19873,490.3,30.1,0.62322293
43,3974.8,-7,0.2,0.1709164,490.3,30.1,0.62322293
42,3975,-1,0.2,0.16695,490.3,30.1,0.62322293
48,3974.8,6,-0.2,0.1907904,490.3,30.1,0.62322293
45,3974.9,-3,0.1,0.1788705,490.3,30.1,0.62322293
-17,3976.8,-62,1.9,-0.0676056,490.3,30.1,0.62322293
-71,3979,-54,2.2,-0.282509,490.3,30.1,0.62322293
-125.2,3981.3,-54.2,2.3,-0.49845876,490.3,30.1,0.62322293
-182,3983.8,-56.8,2.5,-0.7250516,490.2,30.1,0.62329978
-238,3986.3,-56,2.5,-0.9487394,490.2,30.1,0.62329978
-240,3986.8,-2,0.5,-0.956832,490.1,30.1,0.62337662
-237.1,3987,2.9,0.2,-0.9453177,490,30.1,0.62345347
-234.9,3987.3,2.2,0.3,-0.93661677,490,30.1,0.62345347
-235,3987.6,-0.1,0.3,-0.937086,489.9,30.1,0.62353032
-235.9,3987.9,-0.9,0.3,-0.94074561,489.8,30.1,0.62360716
-241,3988.3,-5.1,0.4,-0.9611803,489.8,30.1,0.62360716
-242,3988.6,-1,0.3,-0.9652412,489.7,30.1,0.62368401
-237,3988.7,5,0.1,-0.9453219,489.6,30.1,0.62376085
-240.1,3989,-3.1,0.3,-0.9577589,489.6,30.1,0.62376085
-236,3989.1,4.1,0.1,-0.9414276,489.5,30.1,0.6238377
-238,3989.4,-2,0.3,-0.9494772,489.4,30.1,0.62391455
-241,3989.8,-3,0.4,-0.9615418,489.4,30.1,0.62391455
-236,3989.8,5,0,-0.9415928,489.3,30.1,0.62399139
-241.9,3990.2,-5.9,0.4,-0.96522938,489.2,30.1,0.62406824
-258,3991,-16.1,0.8,-1.029678,489.2,30.1,0.62406824
-276,3991.9,-18,0.9,-1.1017644,489.1,30.1,0.62414509
-300,3993.1,-24,1.2,-1.19793,489,30.1,0.62422193
-325,3994.4,-25,1.3,-1.29818,488.9,30.1,0.62429878
-340,3995.3,-15,0.9,-1.358402,488.8,30.1,0.62437562
-347,3995.9,-7,0.6,-1.3865773,488.7,30.1,0.62445247
-341.9,3995.9,5.1,0,-1.3661982,488.6,30.1,0.62452932
-343,3996.3,-1.1,0.4,-1.3707309,488.5,30.1,0.62460616
-346,3996.7,-3,0.4,-1.3828582,488.4,30.1,0.62468301
-337,3996.5,9,-0.2,-1.3468205,488.3,30.1,0.62475986
-342,3997,-5,0.5,-1.366974,488.2,30.1,0.6248367
-341,3997.2,1,0.2,-1.3630452,488.2,30.1,0.6248367
-342,3997.4,-1,0.2,-1.3671108,488.1,30.1,0.62491355
-342,3997.7,0,0.3,-1.3672134,488,30.1,0.62499039
-338,3997.8,4,0.1,-1.3512564,487.9,30.1,0.62506724
-38,3986.3,300,-11.5,-0.1514794,487.9,30.1,0.62506724
268,3974.7,306,-11.6,1.0652196,487.9,30.1,0.62506724
568.9,3962.2,300.9,-12.5,2.2540956,488.1,30.1,0.62491355
867.9,3949.5,299,-12.7,3.4277711,488.3,30.1,0.62475986
1176.8,3936,308.9,-13.5,4.6318848,488.7,30.1,0.62445247
1173.9,3934.4,-2.9,-1.6,4.6185922,489,30.1,0.62422193
1177.8,3932.7,3.9,-1.7,4.6319341,489.3,30.1,0.62399139
1173.1,3931.5,-4.7,-1.2,4.6120427,489.6,30.1,0.62376085
1172.8,3930.2,-0.3,-1.3,4.6093386,490,30.1,0.62345347
1171.8,3929,-1,-1.2,4.6040022,490.3,30.1,0.62322293
1172.9,3927.9,1.1,-1.1,4.6070339,490.6,30.1,0.62299239
1176.9,3926.6,4,-1.3,4.6212155,490.9,30.1,0.62276185
1174.8,3925.6,-2.1,-1,4.6117949,491.3,30.1,0.62245447
1172.8,3924.7,-2,-0.9,4.6028882,491.6,30.1,0.62222393
1170.8,3923.8,-2,-0.9,4.593985,491.9,30.1,0.62199339
1169.8,3922.9,-1,-0.9,4.5890084,492.2,30.1,0.62176285
1175.9,3921.8,6.1,-1.1,4.6116446,492.6,30.1,0.62145547
1172.8,3921.1,-3.1,-0.7,4.5986661,492.9,30.1,0.62122493
1173.9,3920.2,1.1,-0.9,4.6019228,493.2,30.1,0.62099439
1174.9,3919.3,1,-0.9,4.6047856,493.6,30.1,0.62068701
1060.9,3922.9,-114,3.6,4.1618046,493.8,30.1,0.62053331
949,3926.8,-111.9,3.9,3.7265332,494.1,30.1,0.62030277
828.8,3931,-120.2,4.2,3.2580128,494.3,30.1,0.62014908
823.8,3931,-5,0,3.2383578,494.6,30.1,0.61991854
822.9,3930.8,-0.9,-0.2,3.2346553,494.8,30.1,0.61976485
831.9,3930.1,9,-0.7,3.2694502,495,30.1,0.61961116
828.9,3929.9,-3,-0.2,3.2574941,495.3,30.1,0.61938062
834.8,3929.3,5.9,-0.6,3.2801796,495.5,30.1,0.61922693
827.8,3929.3,-7,0,3.2526745,495.7,30.1,0.61907323
828.9,3928.9,1.1,-0.4,3.2566652,496,30.1,0.6188427
828.9,3928.6,0,-0.3,3.2564165,496.2,30.1,0.618689
826.9,3928.3,-2,-0.3,3.2483113,496.4,30.1,0.61853531
827.1,3928,0.2,-0.3,3.2488488,496.6,30.1,0.61838162
1182.8,3913.9,355.7,-14.1,4.6293609,497,30.1,0.61807423
1197.9,3912.3,15.1,-1.6,4.6865442,497.3,30.1,0.61784369
1210.8,3911,12.9,-1.3,4.7354388,497.6,30.1,0.61761316
1218.9,3909.9,8.1,-1.1,4.7657771,498,30.1,0.61730577
1228.9,3908.8,10,-1.1,4.8035243,498.3,30.1,0.61707523
1236.8,3907.8,7.9,-1,4.833167,498.7,30.1,0.61676785
1238.8,3907,2,-0.8,4.8399916,499,30.1,0.61653731
1234.8,3906.5,-4,-0.5,4.8237462,499.3,30.1,0.61630677
1238.9,3905.7,4.1,-0.8,4.8387717,499.7,30.1,0.61599939
1240.9,3904.9,2,-0.8,4.8455904,500,30.1,0.61576885
1235.9,3904.5,-5,-0.4,4.8255716,500.4,30.1,0.61546146
1239.8,3903.8,3.9,-0.7,4.8399312,500.7,30.1,0.61523092
1240.9,3903.2,1.1,-0.6,4.8434809,501.1,30.1,0.61492354
1235.9,3902.8,-5,-0.4,4.8234705,501.4,30.1,0.614693
1239.8,3902.1,3.9,-0.7,4.8378236,501.8,30.1,0.61438561
1243.8,3901.4,4,-0.7,4.8525613,502.1,30.1,0.61415508
1239.8,3901.1,-4,-0.3,4.8365838,502.4,30.1,0.61392454
1243.8,3900.4,4,-0.7,4.8513175,502.8,30.1,0.61361715
1239.9,3900.1,-3.9,-0.3,4.835734,503.1,30.1,0.61338661
1350.8,3895.3,110.9,-4.8,5.2617712,503.5,30.1,0.61307923
1462.7,3890.2,111.9,-5.1,5.6901955,503.9,30.1,0.61277184
1579.8,3884.8,117.1,-5.4,6.137207,504.4,30.1,0.61238761
1688.7,3879.6,108.9,-5.2,6.5514805,504.8,30.1,0.61208023
1806.7,3873.9,118,-5.7,6.9989751,505.3,30.1,0.611696
1803.7,3872.9,-3,-1,6.9855497,505.8,30.1,0.61131177
1799.7,3871.9,-4,-1,6.9682584,506.3,30.1,0.61092753
1802.7,3870.8,3,-1.1,6.9778912,506.8,30.1,0.6105433
1799.7,3869.9,-3,-0.9,6.964659,507.3,30.1,0.61015907
1799.7,3869,0,-0.9,6.9630393,507.8,30.1,0.60977484
1797.7,3868.2,-2,-0.8,6.9538631,508.3,30.1,0.60939061
1801.8,3867.1,4.1,-1.1,6.9677408,508.8,30.1,0.60900638
1800.8,3866.3,-1,-0.8,6.962433,509.3,30.1,0.60862215
1797.7,3865.7,-3.1,-0.6,6.9493689,509.8,30.1,0.60823792
1800.7,3864.7,3,-1,6.9591653,510.3,30.1,0.60785368
1834.7,3862.6,34,-2.1,7.0867122,510.8,30.1,0.60746945
1872.6,3860.3,37.9,-2.3,7.2287978,511.4,30.1,0.60700838
1910.7,3857.9,38.1,-2.4,7.3712895,511.9,30.1,0.60662415
1945.6,3855.6,34.9,-2.3,7.5014554,512.4,30.1,0.60623991
1983.7,3853.2,38.1,-2.4,7.6435928,513,30.1,0.60577884
2011.7,3851.2,28,-2,7.747459,513.5,30.1,0.60539461
2045.7,3848.9,34,-2.3,7.8736947,514.1,30.1,0.60493353
2046.6,3847.9,0.9,-1,7.8751121,514.7,30.1,0.60447245
2047.6,3846.9,1,-1,7.8769124,515.2,30.1,0.60408822
2050.7,3845.9,3.1,-1,7.8867871,515.8,30.1,0.60362714
2049.6,3845.1,-1.1,-0.8,7.880917,516.4,30.1,0.60316606
983,3886,-1066.6,40.9,3.819938,516.7,30.1,0.60293553
980.9,3887.3,-2.1,1.3,3.8130526,516.9,30.1,0.60278183
983.9,3887.9,3,0.6,3.8253048,517.2,30.1,0.60255129
980.9,3888.5,-3,0.6,3.8142297,517.5,30.1,0.60232076
983.8,3888.8,2.9,0.3,3.8258014,517.7,30.1,0.60216706
982.9,3889.2,-0.9,0.4,3.8226947,518,30.1,0.60193653
-2,3927.5,-984.9,38.3,-0.007855,518,30.1,0.60193653
-6,3929.8,-4,2.3,-0.0235788,518,30.1,0.60193653
-5,3931.5,1,1.7,-0.0196575,518,30.1,0.60193653
-3,3932.9,2,1.4,-0.0117987,518,30.1,0.60193653
0,3934.1,3,1.2,0,518,30.1,0.60193653
-4,3935.4,-4,1.3,-0.0157416,518,30.1,0.60193653
2,3936.9,6,1.5,0.0078738,518,30.1,0.60193653
1,3937.9,-1,1,0.0039379,518,30.1,0.60193653
-2,3938.5,-3,0.6,-0.007877,518,30.1,0.60193653
-1,3939.4,1,0.9,-0.0039394,518,30.1,0.60193653
-2,3940.3,-1,0.9,-0.0078806,518,30.1,0.60193653
-6,3941.3,-4,1,-0.0236478,518,30.1,0.60193653
-2,3942,4,0.7,-0.007884,518,30.1,0.60193653
-8,3943,-6,1,-0.031544,518,30.1,0.60193653
0,3943.4,8,0.4,0,518,30.1,0.60193653
-10,3944.6,-10,1.2,-0.039446,518,30.1,0.60193653
-1,3944.9,9,0.3,-0.0039449,518,30.1,0.60193653
-5,3945.7,-4,0.8,-0.0197285,518,30.1,0.60193653
-192,3953.6,-187,7.9,-0.7590912,518,30.1,0.60193653
-369,3961.6,-177,8,-1.4618304,517.9,30.1,0.60201337
-362,3962.4,7,0.8,-1.4343888,517.8,30.1,0.60209022
-363,3963.5,-1,1.1,-1.4387505,517.7,30.1,0.60216706
-365.9,3964.7,-2.9,1.2,-1.4506837,517.5,30.1,0.60232076
-365,3965.5,0.9,0.8,-1.4474075,517.4,30.1,0.6023976
54,3950.6,419,-14.9,0.2133324,517.5,30.1,0.60232076
484.9,3933.9,430.9,-16.7,1.9075481,517.6,30.1,0.60224391
904.8,3917,419.9,-16.9,3.5441016,517.8,30.1,0.60209022
1328.8,3899.3,424,-17.7,5.1813898,518.2,30.1,0.60178283
1746.8,3881.3,418,-18,6.7798548,518.7,30.1,0.6013986
2167.5,3862.7,420.7,-18.6,8.3724023,519.3,30.1,0.60093752
2169.6,3860,2.1,-2.7,8.374656,519.9,30.1,0.60047645
2175.7,3857.4,6.1,-2.6,8.3925452,520.5,30.1,0.60001537
2170.7,3855.6,-5,-1.8,8.3693509,521.1,30.1,0.59955429
2165.6,3853.9,-5.1,-1.7,8.3460058,521.7,30.1,0.59909321
2170.6,3851.9,5,-2,8.3609341,522.3,30.1,0.59863214
2168.7,3850.4,-1.9,-1.5,8.3503625,522.9,30.1,0.59817106
2175.7,3848.5,7,-1.9,8.3731815,523.5,30.1,0.59770998
2170.6,3847.2,-5.1,-1.3,8.3507323,524.1,30.1,0.5972489
2167.6,3846,-3,-1.2,8.3365896,524.7,30.1,0.59678783
2175.7,3844.3,8.1,-1.7,8.3640435,525.3,30.1,0.59632675
2171.6,3843.1,-4.1,-1.2,8.345676,525.9,30.1,0.59586567
2167.7,3842,-3.9,-1.1,8.3283034,526.5,30.2,0.5954046
2171.6,3840.7,3.9,-1.3,8.3404641,527.1,30.2,0.59494352
2233.6,3837.1,62,-3.6,8.5705466,527.8,30.2,0.59440559
2295.7,3833.4,62.1,-3.7,8.8003364,528.4,30.2,0.59394452
2359.7,3829.6,64,-3.8,9.0367071,529.1,30.2,0.59340659
2413.5,3826.1,53.8,-3.5,9.2342923,529.7,30.2,0.59294552
2475.6,3822.3,62.1,-3.8,9.4624859,530.4,30.2,0.59240759
2479.7,3820.7,4.1,-1.6,9.4741898,531.1,30.2,0.59186967
2478.6,3819.4,-1.1,-1.3,9.4667648,531.8,30.2,0.59133175
2478.6,3818.1,0,-1.3,9.4635427,532.5,30.2,0.59079382
2483.6,3816.6,5,-1.5,9.4789078,533.2,30.2,0.5902559
2476.6,3815.6,-7,-1,9.449715,533.9,30.2,0.58971797
2479.6,3814.4,3,-1.2,9.4581862,534.5,30.2,0.5892569
2477.7,3813.3,-1.9,-1.1,9.4482134,535.2,30.2,0.58871897
2475.7,3812.3,-2,-1,9.4381111,535.9,30.2,0.58818105
2478.7,3811,3,-1.3,9.4463257,536.6,30.2,0.58764313
2482.7,3809.8,4,-1.2,9.4585905,537.3,30.2,0.5871052
2475.6,3809,-7.1,-0.8,9.4295604,538,30.2,0.58656728
2480.6,3807.8,5,-1.2,9.4456287,538.7,30.2,0.58602936
2475.6,3807,-5,-0.8,9.4246092,539.4,30.2,0.58549143
2017.7,3823.9,-457.9,16.9,7.715483,539.9,30.2,0.5851072
1550.8,3842.1,-466.9,18.2,5.9583287,540.4,30.2,0.58472297
1083.9,3861,-466.9,18.9,4.1849379,540.7,30.2,0.58449243
615.9,3880.6,-468,19.6,2.3900615,540.8,30.2,0.58441558
622.9,3882.1,7,1.5,2.4181601,541,30.2,0.58426189
619.9,3883.7,-3,1.6,2.4075056,541.2,30.2,0.5841082
622,3884.8,2.1,1.1,2.4163456,541.3,30.2,0.58403135
621.8,3885.9,-0.2,1.1,2.4162526,541.5,30.2,0.58387766
626.9,3886.7,5.1,0.8,2.4365722,541.7,30.2,0.58372397
619.9,3887.8,-7,1.1,2.4100472,541.9,30.2,0.58357028
354,3899,-265.9,11.2,1.380246,542,30.2,0.58349343
89,3910.7,-265,11.7,0.3480523,542,30.2,0.58349343
-177,3922.1,-266,11.4,-0.6942117,541.9,30.2,0.58357028
-184.1,3924.3,-7.1,2.2,-0.72246363,541.9,30.2,0.58357028
-178.1,3925.8,6,1.5,-0.69918498,541.8,30.2,0.58364712
-176.1,3927.3,2,1.5,-0.69159753,541.8,30.2,0.58364712
-180.1,3928.8,-4,1.5,-0.70757688,541.7,30.2,0.58372397
43,3922.1,223.1,-6.7,0.1686503,541.8,30.2,0.58364712
266,3914.2,223,-7.9,1.0411772,541.8,30.2,0.58364712
481.9,3906.2,215.9,-8,1.8823978,542,30.2,0.58349343
703.9,3897.7,222,-8.5,2.743591,542.2,30.2,0.58333974
928.8,3888.7,224.9,-9,3.6118246,542.4,30.2,0.58318604
1151.7,3879.5,222.9,-9.2,4.4680202,542.7,30.2,0.58295551
1370.8,3870.2,219.1,-9.3,5.3052702,543.1,30.2,0.58264812
1371.8,3869.2,1,-1,5.3077686,543.5,30.2,0.58234074
1375.7,3868.2,3.9,-1,5.3214827,543.9,30.2,0.58203335
1372.8,3867.6,-2.9,-0.6,5.3094413,544.3,30.2,0.58172597
1371.8,3867,-1,-0.6,5.3047506,544.6,30.2,0.58149543
1377.8,3866.1,6,-0.9,5.3267126,545,30.2,0.58118804
1373.8,3865.7,-4,-0.4,5.3106987,545.4,30.2,0.58088066
1379.8,3864.9,6,-0.8,5.332789,545.8,30.2,0.58057327
1367.8,3864.9,-12,0,5.2864102,546.2,30.2,0.58026589
1263.8,3868.5,-104,3.6,4.8890103,546.5,30.2,0.58003535
1153.8,3872.6,-110,4.1,4.4682059,546.8,30.2,0.57980481
1054.9,3876.3,-98.9,3.7,4.0891089,547.1,30.2,0.57957427
938,3881,-116.9,4.7,3.640378,547.4,30.2,0.57934373
938.9,3881.2,0.9,0.2,3.6440587,547.7,30.2,0.57911319
941.9,3881.2,3,0,3.6557023,547.9,30.2,0.5789595
943.9,3881.2,2,0,3.6634647,548.2,30.2,0.57872896
942.9,3881.4,-1,0.2,3.6597721,548.4,30.2,0.57857527
940.9,3881.5,-2,0.1,3.6521033,548.7,30.2,0.57834473
941.8,3881.5,0.9,0,3.6555967,549,30.2,0.57811419
934.9,3881.9,-6.9,0.4,3.6291883,549.2,30.2,0.5779605
937.9,3881.8,3,-0.1,3.6407402,549.5,30.2,0.57772996
942.9,3881.6,5,-0.2,3.6599606,549.7,30.2,0.57757627
938.8,3881.8,-4.1,0.2,3.6442338,550,30.2,0.57734573
941.9,3881.7,3.1,-0.1,3.6561732,550.3,30.2,0.57711519
433,3901.6,-508.9,19.9,1.6893928,550.4,30.2,0.57703835
420,3903,-13,1.4,1.63926,550.5,30.2,0.5769615
427.9,3903.5,7.9,0.5,1.6703077,550.6,30.2,0.57688465
419,3904.5,-8.9,1,1.6359855,550.7,30.2,0.57680781
421.9,3905,2.9,0.5,1.6475195,550.9,30.2,0.57665412
429,3905.2,7.1,0.2,1.6753308,551,30.2,0.57657727
427,3905.8,-2,0.6,1.6677766,551.1,30.2,0.57650042
425,3906.4,-2,0.6,1.66022,551.2,30.2,0.57642358
420,3907.1,-5,0.7,1.640982,551.3,30.2,0.57634673
424.9,3907.3,4.9,0.2,1.6602118,551.4,30.2,0.57626988
422.9,3907.7,-2,0.4,1.6525663,551.6,30.2,0.57611619
421.9,3908.1,-1,0.4,1.6488274,551.7,30.2,0.57603935
420.9,3908.6,-1,0.5,1.6451297,551.8,30.2,0.5759625
424,3908.8,3.1,0.2,1.6573312,551.9,30.2,0.57588565
424.9,3909.1,0.9,0.3,1.6609766,552,30.2,0.57580881
427.9,3909.3,3,0.2,1.6727895,552.2,30.2,0.57565511
2999.5,3809.4,2571.6,-99.9,11.426295,553,30.2,0.57504034
2999.6,3804.7,0.1,-4.7,11.412578,553.8,30.3,0.57442557
2999.6,3801.2,0,-3.5,11.40208,554.7,30.3,0.57373396
2999.6,3798.2,0,-3,11.393081,555.5,30.3,0.57311919
2999.7,3795.5,0.1,-2.7,11.385361,556.3,30.3,0.57250442
2999.7,3793,0,-2.5,11.377862,557.2,30.3,0.5718128
2999.7,3790.7,0,-2.3,11.370963,558,30.3,0.57119803
2999.7,3788.5,0,-2.2,11.364363,558.8,30.3,0.57058326
2999.7,3786.5,0,-2,11.358364,559.7,30.3,0.56989165
2999.7,3784.5,0,-2,11.352365,560.5,30.3,0.56927688
2999.7,3782.6,0,-1.9,11.346665,561.3,30.3,0.56866211
2999.6,3780.8,-0.1,-1.8,11.340888,562.2,30.3,0.56797049
2999.6,3779.1,0,-1.7,11.335788,563,30.3,0.56735572
2999.6,3777.4,0,-1.7,11.330689,563.8,30.3,0.56674095
2851.7,3781.5,-147.9,4.1,10.783704,564.6,30.3,0.56612618
2574.7,3791,-277,9.5,9.7606877,565.3,30.3,0.56558826
2299.7,3800.9,-275,9.9,8.7409297,566,30.3,0.56505033
2033.8,3811,-265.9,10.1,7.7508118,566.5,30.3,0.5646661
1762.8,3821.5,-271,10.5,6.7365402,567,30.3,0.56428187
1492,3832.3,-270.8,10.8,5.7177916,567.4,30.3,0.56397449
1492.8,3832.9,0.8,0.6,5.7217531,567.8,30.3,0.5636671
1491.8,3833.3,-1,0.4,5.7185169,568.3,30.3,0.56328287
1487.7,3833.7,-4.1,0.4,5.7033955,568.7,30.3,0.56297549
1487.8,3833.9,0.1,0.2,5.7040764,569.1,30.3,0.5626681
1489.8,3834,2,0.1,5.7118932,569.5,30.3,0.56236072
1288.9,3841.9,-200.9,7.9,4.9518249,569.9,30.3,0.56205333
1084.8,3850.3,-204.1,8.4,4.1768054,570.2,30.3,0.56182279
873,3859.3,-211.8,9,3.3691689,570.4,30.3,0.5616691
671,3868.1,-202,8.8,2.5954951,570.6,30.3,0.56151541
676.9,3869.1,5.9,1,2.6189938,570.8,30.3,0.56136172
661.9,3870.6,-15,1.5,2.5619501,571,30.3,0.56120802
667.9,3871.3,6,0.7,2.5856413,571.1,30.3,0.56113118
669,3872.1,1.1,0.8,2.5904349,571.3,30.3,0.56097748
670.9,3872.7,1.9,0.6,2.5981944,571.5,30.3,0.56082379
668,3873.5,-2.9,0.8,2.587498,571.7,30.3,0.5606701
668.9,3874.1,0.9,0.6,2.5913855,571.9,30.3,0.56051641
665.9,3874.9,-3,0.8,2.5802959,572.1,30.3,0.56036271
668.9,3875.3,3,0.4,2.5921882,572.3,30.3,0.56020902
672.9,3875.7,4,0.4,2.6079585,572.5,30.3,0.56005533
674.9,3876.2,2,0.5,2.6160474,572.6,30.3,0.55997848
671.9,3876.7,-3,0.5,2.6047547,572.8,30.3,0.55982479
700.9,3876.1,29,-0.6,2.7167585,573,30.3,0.5596711
728.8,3875.3,27.9,-0.8,2.8243186,573.2,30.3,0.55951741
754.9,3874.7,26.1,-0.6,2.925011,573.4,30.3,0.55936371
757.9,3874.8,3,0.1,2.9367109,573.6,30.3,0.55921002
757.9,3875.1,0,0.3,2.9369383,573.9,30.3,0.55897948
760.9,3875.2,3,0.1,2.9486397,574.1,30.3,0.55882579
756.9,3875.6,-4,0.4,2.9334416,574.3,30.3,0.5586721
828.9,3873.1,72,-2.5,3.2104126,574.5,30.3,0.5585184
898.9,3870.4,70,-2.7,3.4791026,574.8,30.3,0.55828787
965.7,3867.8,66.8,-2.6,3.7351345,575,30.3,0.55813417
968.9,3867.6,3.2,-0.2,3.7473176,575.3,30.3,0.55790363
971.8,3867.4,2.9,-0.2,3.7583393,575.6,30.3,0.5576731
973.9,3867.3,2.1,-0.1,3.7663635,575.8,30.3,0.5575194
969.9,3867.4,-4,0.1,3.7509913,576.1,30.3,0.55728886
971.9,3867.3,2,-0.1,3.7586289,576.4,30.3,0.55705833
970.9,3867.3,-1,0,3.7547616,576.6,30.3,0.55690463
971.9,3867.2,1,-0.1,3.7585317,576.9,30.3,0.5566741
969,3867.3,-2.9,0.1,3.7474137,577.2,30.3,0.55644356
975.8,3867,6.8,-0.3,3.7734186,577.5,30.3,0.55621302
963.9,3867.4,-11.9,0.4,3.7277869,577.7,30.3,0.55605933
968.9,3867.2,5,-0.2,3.7469301,578,30.3,0.55582879
970.9,3867.2,2,0,3.7546645,578.3,30.3,0.55559825
968.9,3867.2,-2,0,3.7469301,578.5,30.3,0.55544456
972.9,3867,4,-0.2,3.7622043,578.8,30.3,0.55521402
974,3867,1.1,0,3.766458,579.1,30.3,0.55498348
969.9,3867.1,-4.1,0.1,3.7507003,579.3,30.3,0.55482979
975.9,3866.8,6,-0.3,3.7736101,579.6,30.3,0.55459925
2999.5,3788,2023.6,-78.8,11.362106,580.4,30.3,0.55398448
2745.7,3794.1,-253.8,6.1,10.41746,581.2,30.3,0.55336971
2292.7,3809.2,-453,15.1,8.7333528,581.8,30.3,0.55290863
1839.8,3825.5,-452.9,16.3,7.0381549,582.4,30.3,0.55244755
1380.8,3842.8,-459,17.3,5.3061382,582.7,30.3,0.55221701
924,3860.8,-456.8,18,3.5673792,583,30.3,0.55198648
473.1,3879.2,-450.9,18.4,1.8352495,583.1,30.3,0.55190963
20,3898.2,-453.1,19,0.077964,583.1,30.3,0.55190963
22,3900,2,1.8,0.0858,583.1,30.3,0.55190963
19,3901.7,-3,1.7,0.0741323,583.1,30.3,0.55190963
19,3903,0,1.3,0.074157,583.1,30.3,0.55190963
25,3904.1,6,1.1,0.0976025,583.2,30.3,0.55183278
18,3905.5,-7,1.4,0.070299,583.2,30.3,0.55183278
23,3906.3,5,0.8,0.0898449,583.2,30.3,0.55183278
18,3907.5,-5,1.2,0.070335,583.2,30.3,0.55183278
21,3908.4,3,0.9,0.0820764,583.2,30.3,0.55183278
21,3909.3,0,0.9,0.0820953,583.2,30.3,0.55183278
15,3910.3,-6,1,0.0586545,583.2,30.3,0.55183278
26,3910.8,11,0.5,0.1016808,583.2,30.3,0.55183278
25,3911.6,-1,0.8,0.09779,583.2,30.3,0.55183278
22,3912.4,-3,0.8,0.0860728,583.2,30.3,0.55183278
18,3913.3,-4,0.9,0.0704394,583.2,30.3,0.55183278
23,3913.8,5,0.5,0.0900174,583.2,30.3,0.55183278
24,3914.5,1,0.7,0.093948,583.2,30.3,0.55183278
17,3915.4,-7,0.9,0.0665618,583.2,30.3,0.55183278
21,3915.8,4,0.4,0.0822318,583.2,30.3,0.55183278
19,3916.5,-2,0.7,0.0744135,583.2,30.3,0.55183278
25,3916.9,6,0.4,0.0979225,583.2,30.3,0.55183278
24,3917.5,-1,0.6,0.09402,583.3,30.3,0.55175594
23,3918.1,-1,0.6,0.0901163,583.3,30.3,0.55175594
22,3918.7,-1,0.6,0.0862114,583.3,30.3,0.55175594
20,3919.3,-2,0.6,0.078386,583.3,30.3,0.55175594
17,3919.9,-3,0.6,0.0666383,583.3,30.3,0.55175594
22,3920.2,5,0.3,0.0862444,583.3,30.3,0.55175594
20,3920.7,-2,0.5,0.078414,583.3,30.3,0.55175594
19,3921.2,-1,0.5,0.0745028,583.3,30.3,0.55175594
18,3921.7,-1,0.5,0.0705906,583.3,30.3,0.55175594
17,3922.2,-1,0.5,0.0666774,583.3,30.3,0.55175594
18,3922.6,1,0.4,0.0706068,583.3,30.3,0.55175594
21,3922.9,3,0.3,0.0823809,583.3,30.3,0.55175594
20,3923.4,-1,0.5,0.078468,583.3,30.3,0.55175594
23,3923.7,3,0.3,0.0902451,583.3,30.3,0.55175594
22,3924.1,-1,0.4,0.0863302,583.3,30.3,0.55175594
18,3924.6,-4,0.5,0.0706428,583.3,30.3,0.55175594
23,3924.8,5,0.2,0.0902704,583.3,30.3,0.55175594
17,3925.4,-6,0.6,0.0667318,583.3,30.3,0.55175594
17,3925.8,0,0.4,0.0667386,583.4,30.3,0.55167909
19,3926,2,0.2,0.074594,583.4,30.3,0.55167909
21,3926.3,2,0.3,0.0824523,583.4,30.3,0.55167909
24,3926.5,3,0.2,0.094236,583.4,30.3,0.55167909
18,3927,-6,0.5,0.070686,583.4,30.3,0.55167909
22,3927.2,4,0.2,0.0863984,583.4,30.3,0.55167909
23,3927.5,1,0.3,0.0903325,583.4,30.3,0.55167909
21,3927.9,-2,0.4,0.0824859,583.4,30.3,0.55167909
19,3928.2,-2,0.3,0.0746358,583.4,30.3,0.55167909
22,3928.4,3,0.2,0.0864248,583.4,30.3,0.55167909
24,3928.6,2,0.2,0.0942864,583.4,30.3,0.55167909
17,3929.2,-7,0.6,0.0667964,583.4,30.3,0.55167909
26,3929.1,9,-0.1,0.1021566,583.4,30.3,0.55167909
18,3929.7,-8,0.6,0.0707346,583.4,30.3,0.55167909
18,3929.9,0,0.2,0.0707382,583.4,30.3,0.55167909
19,3930.2,1,0.3,0.0746738,583.4,30.3,0.55167909
18,3930.4,-1,0.2,0.0707472,583.4,30.3,0.55167909
20,3930.6,2,0.2,0.078612,583.4,30.3,0.55167909
21,3930.8,1,0.2,0.0825468,583.5,30.3,0.55160224
21,3931,0,0.2,0.082551,583.5,30.3,0.55160224
20,3931.3,-1,0.3,0.078626,583.5,30.3,0.55160224
25,3931.3,5,0,0.0982825,583.5,30.3,0.55160224
24,3931.6,-1,0.3,0.0943584,583.5,30.3,0.55160224
21,3931.9,-3,0.3,0.0825699,583.5,30.3,0.55160224
23,3932.1,2,0.2,0.0904383,583.5,30.3,0.55160224
28,3932.1,5,0,0.1100988,583.5,30.3,0.55160224
19,3932.6,-9,0.5,0.0747194,583.5,30.3,0.55160224
16,3932.9,-3,0.3,0.0629264,583.5,30.3,0.55160224
20,3933,4,0.1,0.07866,583.5,30.3,0.55160224
19,3933.2,-1,0.2,0.0747308,583.5,30.3,0.55160224
20,3933.4,1,0.2,0.078668,583.5,30.3,0.55160224
21,3933.5,1,0.1,0.0826035,583.5,30.3,0.55160224
-28,3935.1,-49,1.6,-0.1101828,583.5,30.3,0.55160224
-33,3935.6,-5,0.5,-0.1298748,583.5,30.3,0.55160224
-29,3935.6,4,0,-0.1141324,583.5,30.3,0.55160224
-30,3935.9,-1,0.3,-0.118077,583.5,30.3,0.55160224
-29,3936.1,1,0.2,-0.1141469,583.5,30.3,0.55160224
-28,3936.3,1,0.2,-0.1102164,583.5,30.3,0.55160224
455.9,3918.3,483.9,-18,1.786353,583.6,30.3,0.5515254
940.8,3898.7,484.9,-19.6,3.667897,583.9,30.3,0.55129486
1429.7,3878.3,488.9,-20.4,5.5448055,584.3,30.3,0.55098747
1424.8,3876.5,-4.9,-1.8,5.5232372,584.7,30.3,0.55068009
1423.7,3874.8,-1.1,-1.7,5.5165528,585.1,30.3,0.5503727
1428.8,3873.1,5.1,-1.7,5.5338853,585.5,30.3,0.55006532
1428.8,3871.6,0,-1.5,5.5317421,585.9,30.3,0.54975793
1427.8,3870.4,-1,-1.2,5.5261571,586.2,30.3,0.5495274
1429.8,3869.1,2,-1.3,5.5320392,586.6,30.3,0.54922001
1432.9,3867.8,3.1,-1.3,5.5421706,587,30.3,0.54891263
1430.7,3866.8,-2.2,-1,5.5322308,587.4,30.3,0.54860524
884.9,3886.9,-545.8,20.1,3.4395178,587.7,30.3,0.5483747
335.9,3908.2,-549,21.3,1.3127644,587.8,30.3,0.54829786
-210,3929.7,-545.9,21.5,-0.825237,587.7,30.3,0.5483747
-204,3931,6,1.3,-0.801924,587.7,30.3,0.5483747
-202,3932.2,2,1.2,-0.7943044,587.6,30.3,0.54845155
-204,3933.3,-2,1.1,-0.8023932,587.6,30.3,0.54845155
-200.1,3934,3.9,0.7,-0.7871934,587.5,30.3,0.54852839
-206.9,3935.1,-6.8,1.1,-0.81417219,587.4,30.3,0.54860524
-207,3935.9,-0.1,0.8,-0.8147313,587.4,30.3,0.54860524
-205.1,3936.6,1.9,0.7,-0.80739666,587.3,30.3,0.54868209
-206.1,3937.3,-1,0.7,-0.81147753,587.3,30.3,0.54868209
-207,3938,-0.9,0.7,-0.815166,587.2,30.3,0.54875893
-208,3938.6,-1,0.6,-0.8192288,587.2,30.3,0.54875893
-211,3939.3,-3,0.7,-0.8311923,587.1,30.3,0.54883578
-204.1,3939.6,6.9,0.3,-0.80407236,587,30.3,0.54891263
-204,3940.1,0.1,0.5,-0.8037804,587,30.3,0.54891263
-207,3940.7,-3,0.6,-0.8157249,586.9,30.3,0.54898947
-201,3941,6,0.3,-0.792141,586.9,30.3,0.54898947
-211,3941.9,-10,0.9,-0.8317409,586.8,30.3,0.54906632
-210.1,3942.3,0.9,0.4,-0.82827723,586.8,30.3,0.54906632
-265,3944.9,-54.9,2.6,-1.0453985,586.7,30.3,0.54914316
-267.1,3945.5,-2.1,0.6,-1.0538431,586.6,30.3,0.54922001
-263,3945.9,4.1,0.4,-1.0377717,586.5,30.3,0.54929686
-259.1,3946.2,3.9,0.3,-1.0224604,586.5,30.3,0.54929686
-263,3946.8,-3.9,0.6,-1.0380084,586.4,30.3,0.5493737
193,3930,456,-16.8,0.75849,586.4,30.3,0.5493737
647.9,3912,454.9,-18,2.5345848,586.6,30.3,0.54922001
1106.8,3893,458.9,-19,4.3087724,586.9,30.3,0.54898947
1561.7,3873.5,454.9,-19.5,6.049245,587.4,30.3,0.54860524
2015.6,3853.6,453.9,-19.9,7.7673162,587.9,30.3,0.54822101
2476.6,3833,461,-20.6,9.4928078,588.6,30.3,0.54768309
2931.5,3812.1,454.9,-20.9,11.175171,589.4,30.3,0.54706832
2929.6,3808.5,-1.9,-3.6,11.157382,590.2,30.3,0.54645355
2931.6,3805.3,2,-3.2,11.155617,591.1,30.3,0.54576193
2928.7,3802.4,-2.9,-2.9,11.136089,591.9,30.3,0.54514716
2933.7,3799.5,5,-2.9,11.146593,592.7,30.3,0.54453239
2929.6,3797,-4.1,-2.5,11.123691,593.5,30.3,0.54391762
2934.7,3794.3,5.1,-2.7,11.135132,594.3,30.3,0.54330285
2927.7,3792.2,-7,-2.1,11.102424,595.1,30.3,0.54268808
2928.6,3789.9,0.9,-2.3,11.099101,595.9,30.3,0.54207331
2928.6,3787.8,0,-2.1,11.092951,596.7,30.3,0.54145854
2928.6,3785.7,0,-2.1,11.086801,597.6,30.3,0.54076693
2928.7,3783.6,0.1,-2.1,11.081029,598.4,30.3,0.54015216
2963.7,3780.3,35,-3.3,11.203675,599.2,30.3,0.53953739
2987.6,3777.4,23.9,-2.9,11.28536,600,30.3,0.53892262
2999.7,3775,12.1,-2.4,11.323867,600.9,30.3,0.538231
2999.7,3773.2,0,-1.8,11.318468,601.7,30.3,0.53761623
2999.7,3771.4,0,-1.8,11.313069,602.5,30.3,0.53700146
2999.7,3769.6,0,-1.8,11.307669,603.4,30.3,0.53630984
2999.7,3767.9,0,-1.7,11.30257,604.2,30.3,0.53569507
2999.7,3766.3,0,-1.6,11.29777,605,30.3,0.5350803
2999.7,3764.7,0,-1.6,11.292971,605.9,30.3,0.53438869
2906.7,3766.7,-93,2,10.948667,606.7,30.3,0.53377392
2713.7,3772.9,-193,6.2,10.238519,607.4,30.3,0.53323599
2511.8,3779.8,-201.9,6.9,9.4941016,608.1,30.3,0.53269807
2315.7,3786.8,-196.1,7,8.7690928,608.8,30.3,0.53216015
2114.7,3794.2,-201,7.4,8.0235947,609.4,30.3,0.53169907
2119.6,3793.7,4.9,-0.5,8.0411265,609.9,30.3,0.53131484
2117.6,3793.5,-2,-0.2,8.0331156,610.5,30.3,0.53085376
2113.7,3793.3,-3.9,-0.2,8.0178982,611.1,30.3,0.53039268
2110.7,3793,-3,-0.3,8.0058851,611.7,30.3,0.52993161
2114.7,3792.4,4,-0.6,8.0197883,612.3,30.3,0.52947053
2115.6,3791.9,0.9,-0.5,8.0221436,612.9,30.3,0.52900945
2118.7,3791.3,3.1,-0.6,8.0326273,613.5,30.3,0.52854837
2116.6,3790.9,-2.1,-0.4,8.0238189,614.1,30.3,0.5280873
2117.7,3790.4,1.1,-0.5,8.0269301,614.6,30.3,0.52770307
1793.8,3802.5,-323.9,12.1,6.8209245,615.1,30.3,0.52731884
1476,3815,-317.8,12.5,5.63094,615.5,30.3,0.52701145
1142.9,3828.6,-333.1,13.6,4.3757069,615.9,30.3,0.52670407
819,3842.2,-323.9,13.6,3.1467618,616.1,30.3,0.52655037
498,3856,-321,13.8,1.920288,616.2,30.3,0.52647353
168.1,3870.5,-329.9,14.5,0.65063105,616.3,30.3,0.52639668
178,3872.1,9.9,1.6,0.6892338,616.3,30.3,0.52639668
176.1,3873.8,-1.9,1.7,0.68217618,616.4,30.3,0.52631983
181.1,3875.1,5,1.3,0.70178061,616.4,30.3,0.52631983
175.1,3876.7,-6,1.6,0.67881017,616.5,30.3,0.52624299
176.1,3878,1,1.3,0.6829158,616.5,30.3,0.52624299
178,3879.1,1.9,1.1,0.6904798,616.6,30.3,0.52616614
172.1,3880.5,-5.9,1.4,0.66783405,616.6,30.3,0.52616614
166,3881.8,-6.1,1.3,0.6443788,616.7,30.3,0.5260893
176,3882.4,10,0.6,0.6833024,616.7,30.3,0.5260893
173.1,3883.5,-2.9,1.1,0.67223385,616.8,30.3,0.52601245
172.1,3884.5,-1,1,0.66852245,616.8,30.3,0.52601245
2586.6,3791.3,2414.5,-93.2,9.8065766,617.5,30.3,0.52547453
2598.6,3787.4,12,-3.9,9.8419376,618.3,30.3,0.52485976
2597.7,3784.8,-0.9,-2.6,9.831775,619,30.3,0.52432183
2592.7,3782.8,-5,-2,9.8076656,619.7,30.3,0.52378391
2596.7,3780.6,4,-2.2,9.817084,620.4,30.3,0.52324598
2597.7,3778.8,1,-1.8,9.8161888,621.1,30.3,0.52270806
2595.7,3777.2,-2,-1.6,9.804478,621.9,30.3,0.52209329
2232.7,3789.9,-363,12.7,8.4617097,622.5,30.3,0.52163221
1861.7,3803.4,-371,13.5,7.0807898,623,30.3,0.52124798
1495.8,3817.5,-365.9,14.1,5.7102165,623.4,30.3,0.5209406
1133,3831.9,-362.8,14.4,4.3415427,623.7,30.3,0.52071006
770,3846.7,-363,14.8,2.961959,623.9,30.3,0.52055637
400,3862.3,-370,15.6,1.54492,624.1,30.3,0.52040267
30,3878.2,-370,15.9,0.116346,624.1,30.3,0.52040267
45,3879.6,15,1.4,0.174582,624.1,30.3,0.52040267
37,3881.5,-8,1.9,0.1436155,624.1,30.3,0.52040267
39,3882.9,2,1.4,0.1514331,624.1,30.3,0.52040267
36,3884.4,-3,1.5,0.1398384,624.1,30.3,0.52040267
36,3885.6,0,1.2,0.1398816,624.1,30.3,0.52040267
37,3886.7,1,1.1,0.1438079,624.1,30.3,0.52040267
39,3887.7,2,1,0.1516203,624.1,30.3,0.52040267
36,3888.9,-3,1.2,0.1400004,624.1,30.3,0.52040267
38,3889.7,2,0.8,0.1478086,624.2,30.3,0.52032583
36,3890.7,-2,1,0.1400652,624.2,30.3,0.52032583
36,3891.7,0,1,0.1401012,624.2,30.3,0.52032583
37,3892.4,1,0.7,0.1440188,624.2,30.3,0.52032583
34,3893.4,-3,1,0.1323756,624.2,30.3,0.52032583
39,3894,5,0.6,0.151866,624.2,30.3,0.52032583
40,3894.7,1,0.7,0.155788,624.2,30.4,0.52032583
38,3895.5,-2,0.8,0.148029,624.2,30.4,0.52032583
38,3896.2,0,0.7,0.1480556,624.2,30.4,0.52032583
33,3897.1,-5,0.9,0.1286043,624.2,30.4,0.52032583
37,3897.6,4,0.5,0.1442112,624.3,30.4,0.52024898
32,3898.5,-5,0.9,0.124752,624.3,30.3,0.52024898
34,3899,2,0.5,0.132566,624.3,30.3,0.52024898
35,3899.6,1,0.6,0.136486,624.3,30.3,0.52024898
32,3900.3,-3,0.7,0.1248096,624.3,30.3,0.52024898
39,3900.6,7,0.3,0.1521234,624.3,30.3,0.52024898
37,3901.2,-2,0.6,0.1443444,624.3,30.3,0.52024898
33,3901.9,-4,0.7,0.1287627,624.3,30.3,0.52024898
33,3902.4,0,0.5,0.1287792,624.3,30.3,0.52024898
36,3902.8,3,0.4,0.1405008,624.3,30.3,0.52024898
39,3903.2,3,0.4,0.1522248,624.4,30.3,0.52017214
42,3903.6,3,0.4,0.1639512,624.4,30.3,0.52017214
33,3904.4,-9,0.8,0.1288452,624.4,30.3,0.52017214
39,3904.6,6,0.2,0.1522794,624.4,30.3,0.52017214
37,3905.1,-2,0.5,0.1444887,624.4,30.3,0.52017214
33,3905.7,-4,0.6,0.1288881,624.4,30.3,0.52017214
36,3906,3,0.3,0.140616,624.4,30.3,0.52017214
39,3906.3,3,0.3,0.1523457,624.4,30.3,0.52017214
34,3906.9,-5,0.6,0.1328346,624.4,30.3,0.52017214
34,3907.3,0,0.4,0.1328482,624.4,30.3,0.52017214
35,3907.6,1,0.3,0.136766,624.5,30.3,0.52009529
33,3908.1,-2,0.5,0.1289673,624.5,30.3,0.52009529
40,3908.1,7,0,0.156324,624.5,30.3,0.52009529
37,3908.6,-3,0.5,0.1446182,624.5,30.3,0.52009529
37,3909,0,0.4,0.144633,624.5,30.3,0.52009529
36,3909.4,-1,0.4,0.1407384,624.5,30.3,0.52009529
32,3909.8,-4,0.4,0.1251136,624.5,30.3,0.52009529
34,3910.1,2,0.3,0.1329434,624.5,30.3,0.52009529
33,3910.4,-1,0.3,0.1290432,624.5,30.3,0.52009529
36,3910.6,3,0.2,0.1407816,624.5,30.3,0.52009529
40,3910.8,4,0.2,0.156432,624.6,30.3,0.52001844
35,3911.3,-5,0.5,0.1368955,624.6,30.3,0.52001844
38,3911.4,3,0.1,0.1486332,624.6,30.3,0.52001844
37,3911.8,-1,0.4,0.1447366,624.6,30.3,0.52001844
36,3912,-1,0.2,0.140832,624.6,30.3,0.52001844
35,3912.4,-1,0.4,0.136934,624.6,30.3,0.52001844
37,3912.6,2,0.2,0.1447662,624.6,30.3,0.52001844
34,3912.9,-3,0.3,0.1330386,624.6,30.3,0.52001844
32,3913.3,-2,0.4,0.1252256,624.6,30.3,0.52001844
35,3913.4,3,0.1,0.136969,624.6,30.3,0.52001844
35,3913.7,0,0.3,0.1369795,624.7,30.3,0.5199416
33,3914,-2,0.3,0.129162,624.7,30.3,0.5199416
27,3914.4,-6,0.4,0.1056888,624.7,30.3,0.5199416
33,3914.5,6,0.1,0.1291785,624.7,30.3,0.5199416
38,3914.5,5,0,0.148751,624.7,30.3,0.5199416
39,3914.7,1,0.2,0.1526733,624.7,30.3,0.5199416
38,3914.9,-1,0.2,0.1487662,624.7,30.3,0.5199416
36,3915.2,-2,0.3,0.1409472,624.7,30.3,0.5199416
36,3915.4,0,0.2,0.1409544,624.7,30.3,0.5199416
38,3915.5,2,0.1,0.148789,624.7,30.3,0.5199416
43,3915.6,5,0.1,0.1683708,624.8,30.3,0.51986475
39,3915.9,-4,0.3,0.1527201,624.8,30.3,0.51986475
35,3916.2,-4,0.3,0.137067,624.8,30.3,0.51986475
36,3916.4,1,0.2,0.1409904,624.8,30.3,0.51986475
33,3916.7,-3,0.3,0.1292511,624.8,30.3,0.51986475
34,3916.8,1,0.1,0.1331712,624.8,30.3,0.51986475
32,3917.1,-2,0.3,0.1253472,624.8,30.3,0.51986475
29,3917.4,-3,0.3,0.1136046,624.8,30.3,0.51986475
42,3917.1,13,-0.3,0.1645182,624.8,30.3,0.51986475
35,3917.5,-7,0.4,0.1371125,624.8,30.3,0.51986475
34,3917.7,-1,0.2,0.1332018,624.9,30.3,0.5197879
40,3917.6,6,-0.1,0.156704,624.9,30.3,0.5197879
39,3917.8,-1,0.2,0.1527942,624.9,30.3,0.5197879
40,3917.9,1,0.1,0.156716,624.9,30.3,0.5197879
36,3918.2,-4,0.3,0.1410552,624.9,30.3,0.5197879
30,3918.6,-6,0.4,0.117558,624.9,30.3,0.5197879
37,3918.5,7,-0.1,0.1449845,624.9,30.3,0.5197879
38,3918.6,1,0.1,0.1489068,624.9,30.3,0.5197879
33,3919,-5,0.4,0.129327,624.9,30.3,0.5197879
37,3918.9,4,-0.1,0.1449993,624.9,30.3,0.5197879
31,3919.3,-6,0.4,0.1214983,625,30.3,0.51971106
32,3919.4,1,0.1,0.1254208,625,30.3,0.51971106
36,3919.4,4,0,0.1410984,625,30.3,0.51971106
36,3919.5,0,0.1,0.141102,625,30.3,0.51971106
34,3919.7,-2,0.2,0.1332698,625,30.3,0.51971106
38,3919.7,4,0,0.1489486,625,30.3,0.51971106
37,3919.9,-1,0.2,0.1450363,625,30.3,0.51971106
35,3920.1,-2,0.2,0.1372035,625,30.3,0.51971106
38,3920.1,3,0,0.1489638,625,30.3,0.51971106
29,3920.5,-9,0.4,0.1136945,625,30.3,0.51971106
30,3920.6,1,0.1,0.117618,625,30.3,0.51971106
34,3920.6,4,0,0.1333004,625.1,30.3,0.51963421
37,3920.6,3,0,0.1450622,625.1,30.3,0.51963421
33,3920.9,-4,0.3,0.1293897,625.1,30.3,0.51963421
36,3920.9,3,0,0.1411524,625.1,30.3,0.51963421
32,3921.1,-4,0.2,0.1254752,625.1,30.3,0.51963421
37,3921.1,5,0,0.1450807,625.1,30.3,0.51963421
39,3921.1,2,0,0.1529229,625.1,30.3,0.51963421
35,3921.3,-4,0.2,0.1372455,625.1,30.3,0.51963421
39,3921.3,4,0,0.1529307,625.1,30.3,0.51963421
37,3921.5,-2,0.2,0.1450955,625.1,30.3,0.51963421
35,3921.6,-2,0.1,0.137256,625.2,30.3,0.51955737
33,3921.9,-2,0.3,0.1294227,625.2,30.3,0.51955737
35,3921.8,2,-0.1,0.137263,625.2,30.3,0.51955737
38,3921.8,3,0,0.1490284,625.2,30.3,0.51955737
35,3922,-3,0.2,0.13727,625.2,30.3,0.51955737
39,3922,4,0,0.152958,625.2,30.3,0.51955737
38,3922.1,-1,0.1,0.1490398,625.2,30.3,0.51955737
34,3922.4,-4,0.3,0.1333616,625.2,30.3,0.51955737
35,3922.4,1,0,0.137284,625.2,30.3,0.51955737
36,3922.5,1,0.1,0.14121,625.2,30.3,0.51955737
35,3922.6,-1,0.1,0.137291,625.3,30.3,0.51948052
36,3922.6,1,0,0.1412136,625.3,30.3,0.51948052
35,3922.8,-1,0.2,0.137298,625.3,30.3,0.51948052
33,3922.9,-2,0.1,0.1294557,625.3,30.3,0.51948052
30,3923.2,-3,0.3,0.117696,625.3,30.3,0.51948052
34,3923.1,4,-0.1,0.1333854,625.3,30.3,0.51948052
35,3923.1,1,0,0.1373085,625.3,30.3,0.51948052
34,3923.2,-1,0.1,0.1333888,625.3,30.3,0.51948052
36,3923.3,2,0.1,0.1412388,625.3,30.3,0.51948052
36,3923.3,0,0,0.1412388,625.3,30.3,0.51948052
35,3923.5,-1,0.2,0.1373225,625.4,30.3,0.51940367
34,3923.6,-1,0.1,0.1334024,625.4,30.3,0.51940367
36,3923.5,2,-0.1,0.141246,625.4,30.3,0.51940367
41,3923.4,5,-0.1,0.1608594,625.4,30.3,0.51940367
34,3923.8,-7,0.4,0.1334092,625.4,30.3,0.51940367
39,3923.6,5,-0.2,0.1530204,625.4,30.3,0.51940367
44,3923.5,5,-0.1,0.172634,625.4,30.3,0.51940367
50,3923.3,6,-0.2,0.196165,625.4,30.3,0.51940367
47,3923.5,-3,0.2,0.1844045,625.4,30.3,0.51940367
52,3923.4,5,-0.1,0.2040168,625.5,30.3,0.51932683
54,3923.3,2,-0.1,0.2118582,625.5,30.3,0.51932683
52,3923.4,-2,0.1,0.2040168,625.5,30.3,0.51932683
51,3923.5,-1,0.1,0.2000985,625.5,30.3,0.51932683
48,3923.7,-3,0.2,0.1883376,625.5,30.3,0.51932683
49,3923.7,1,0,0.1922613,625.5,30.2,0.51932683
48,3923.8,-1,0.1,0.1883424,625.5,30.2,0.51932683
47,3923.9,-1,0.1,0.1844233,625.6,30.2,0.51924998
47,3924,0,0.1,0.184428,625.6,30.2,0.51924998
51,3923.9,4,-0.1,0.2001189,625.6,30.2,0.51924998
48,3924,-3,0.1,0.188352,625.6,30.2,0.51924998
51,3924,3,0,0.200124,625.6,30.2,0.51924998
52,3924,1,0,0.204048,625.6,30.2,0.51924998
53,3924,1,0,0.207972,625.6,30.2,0.51924998
46,3924.4,-7,0.4,0.1805224,625.6,30.2,0.51924998
53,3924.1,7,-0.3,0.2079773,625.7,30.2,0.51917313
48,3924.3,-5,0.2,0.1883664,625.7,30.2,0.51917313
48,3924.4,0,0.1,0.1883712,625.7,30.2,0.51917313
50,3924.4,2,0,0.19622,625.7,30.2,0.51917313
51,3924.4,1,0,0.2001444,625.7,30.2,0.51917313
54,3924.3,3,-0.1,0.2119122,625.7,30.2,0.51917313
50,3924.5,-4,0.2,0.196225,625.7,30.2,0.51917313
46,3924.7,-4,0.2,0.1805362,625.8,30.2,0.51909629
49,3924.7,3,0,0.1923103,625.8,30.2,0.51909629
49,3924.7,0,0,0.1923103,625.8,30.2,0.51909629
52,3924.6,3,-0.1,0.2040792,625.8,30.2,0.51909629
52,3924.7,0,0.1,0.2040844,625.8,30.2,0.51909629
48,3924.9,-4,0.2,0.1883952,625.8,30.2,0.51909629
53,3924.7,5,-0.2,0.2080091,625.8,30.2,0.51909629
54,3924.7,1,0,0.2119338,625.9,30.2,0.51901944
53,3924.8,-1,0.1,0.2080144,625.9,30.2,0.51901944
49,3925,-4,0.2,0.192325,625.9,30.2,0.51901944
46,3925.2,-3,0.2,0.1805592,625.9,30.2,0.51901944
51,3925,5,-0.2,0.200175,625.9,30.2,0.51901944
52,3925,1,0,0.2041,625.9,30.2,0.51901944
53,3925,1,0,0.208025,625.9,30.2,0.51901944
49,3925.2,-4,0.2,0.1923348,626,30.2,0.5189426
49,3925.3,0,0.1,0.1923397,626,30.2,0.5189426
54,3925.1,5,-0.2,0.2119554,626,30.2,0.5189426
42,3925.6,-12,0.5,0.1648752,626,30.2,0.5189426
52,3925.3,10,-0.3,0.2041156,626,30.2,0.5189426
43,3925.7,-9,0.4,0.1688051,626,30.2,0.5189426
51,3925.4,8,-0.3,0.2001954,626,30.2,0.5189426
47,3925.6,-4,0.2,0.1845032,626.1,30.2,0.51886575
50,3925.5,3,-0.1,0.196275,626.1,30.2,0.51886575
50,3925.6,0,0.1,0.19628,626.1,30.2,0.51886575
48,3925.7,-2,0.1,0.1884336,626.1,30.2,0.51886575
48,3925.7,0,0,0.1884336,626.1,30.2,0.51886575
52,3925.6,4,-0.1,0.2041312,626.1,30.2,0.51886575
52,3925.7,0,0.1,0.2041364,626.1,30.2,0.51886575
51,3925.7,-1,0,0.2002107,626.1,30.2,0.51886575
45,3926,-6,0.3,0.17667,626.2,30.2,0.5187889
49,3925.9,4,-0.1,0.1923691,626.2,30.2,0.5187889
49,3925.9,0,0,0.1923691,626.2,30.2,0.5187889
52,3925.8,3,-0.1,0.2041416,626.2,30.2,0.5187889
50,3925.9,-2,0.1,0.196295,626.2,30.2,0.5187889
50,3926,0,0.1,0.1963,626.2,30.2,0.5187889
54,3925.8,4,-0.2,0.2119932,626.2,30.2,0.5187889
53,3925.9,-1,0.1,0.2080727,626.3,30.2,0.51871206
52,3926,-1,0.1,0.204152,626.3,30.2,0.51871206
49,3926.2,-3,0.2,0.1923838,626.3,30.2,0.51871206
51,3926.1,2,-0.1,0.2002311,626.3,30.2,0.51871206
50,3926.2,-1,0.1,0.19631,626.3,30.2,0.51871206
48,3926.3,-2,0.1,0.1884624,626.3,30.2,0.51871206
41,3926.6,-7,0.3,0.1609906,626.3,30.2,0.51871206
46,3926.5,5,-0.1,0.180619,626.4,30.2,0.51863521
50,3926.3,4,-0.2,0.196315,626.4,30.2,0.51863521
824.9,3896.2,774.9,-30.1,3.2139754,626.6,30.2,0.51848152
1600.7,3864.6,775.8,-31.6,6.1860652,627,30.2,0.51817413
2371.5,3832,770.8,-32.6,9.087588,627.7,30.2,0.51763621
2999.6,3804.2,628.1,-27.8,11.411078,628.5,30.2,0.51702144
2999.6,3800.1,0,-4.1,11.39878,629.4,30.2,0.51632982
2999.7,3796.6,0.1,-3.5,11.388661,630.2,30.2,0.51571505
2999.7,3793.4,0,-3.2,11.379062,631,30.2,0.51510028
2999.7,3790.5,0,-2.9,11.370363,631.9,30.2,0.51440867
2999.7,3787.6,0,-2.9,11.361664,632.7,30.2,0.5137939
2999.7,3785,0,-2.6,11.353865,633.5,30.2,0.51317913
2317.8,3808.9,-681.9,23.9,8.8282684,634.2,30.2,0.5126412
1475.9,3840.5,-841.9,31.6,5.668194,634.6,30.2,0.51233382
642,3873,-833.9,32.5,2.486466,634.8,30.2,0.51218013
643.9,3874.2,1.9,1.2,2.4945974,634.9,30.2,0.51210328
646,3874.9,2.1,0.7,2.5031854,635.1,30.2,0.51194959
636.9,3875.8,-9.1,0.9,2.468497,635.3,30.2,0.5117959
645.9,3875.9,9,0.1,2.5034438,635.5,30.2,0.5116422
638.9,3876.4,-7,0.5,2.476632,635.7,30.2,0.51148851
636.8,3876.8,-2.1,0.4,2.4687462,635.8,30.2,0.51141167
646.8,3876.6,10,-0.2,2.5073849,636,30.2,0.51125797
642.9,3876.9,-3.9,0.3,2.492459,636.2,30.2,0.51110428
642.9,3877,0,0.1,2.4925233,636.4,30.2,0.51095059
641.8,3877.2,-1.1,0.2,2.488387,636.5,30.2,0.51087374
642.9,3877.2,1.1,0,2.4926519,636.7,30.2,0.51072005
754.9,3872.9,112,-4.3,2.9236522,636.9,30.2,0.51056636
873.9,3868.1,119,-4.8,3.3803326,637.2,30.2,0.51033582
868.9,3868,-5,-0.1,3.3609052,637.4,30.2,0.51018213
873.9,3867.5,5,-0.5,3.3798082,637.7,30.2,0.50995159
873.9,3867.2,0,-0.3,3.3795461,637.9,30.2,0.50979789
874.9,3866.9,1,-0.3,3.3831508,638.2,30.2,0.50956736
871.9,3866.8,-3,-0.1,3.3714629,638.4,30.2,0.50941366
869.8,3866.7,-2.1,-0.1,3.3632557,638.6,30.2,0.50925997
866.9,3866.6,-2.9,-0.1,3.3519555,638.9,30.2,0.50902943
872.9,3866.1,6,-0.5,3.3747187,639.1,30.2,0.50887574
872.9,3865.9,0,-0.2,3.3745441,639.4,30.2,0.5086452
910.7,3864.2,37.8,-1.7,3.5191269,639.6,30.2,0.50849151
957.9,3862.1,47.2,-2.1,3.6995056,639.9,30.2,0.50826097
1000.9,3860.1,43,-2,3.8635741,640.2,30.2,0.50803043
1046.8,3857.9,45.9,-2.2,4.0384497,640.4,30.2,0.50787674
1040.9,3857.7,-5.9,-0.2,4.0154799,640.7,30.2,0.5076462
1043.8,3857.1,2.9,-0.6,4.026041,641,30.2,0.50741566
1045.8,3856.7,2,-0.4,4.0333369,641.3,30.2,0.50718512
1041.9,3856.5,-3.9,-0.2,4.0180874,641.6,30.2,0.50695458
1048.9,3855.8,7,-0.7,4.0443486,641.9,30.2,0.50672405
1044.8,3855.6,-4.1,-0.2,4.0283309,642.2,30.2,0.50649351
1045.8,3855.3,1,-0.3,4.0318727,642.5,30.2,0.50626297
466.1,3877.6,-579.7,22.3,1.8073494,642.6,30.2,0.50618612
-107,3900.1,-573.1,22.5,-0.4173107,642.6,30.2,0.50618612
-112.1,3901.8,-5.1,1.7,-0.43739178,642.5,30.2,0.50626297
-114.1,3903.1,-2,1.3,-0.44534371,642.5,30.2,0.50626297
-107.1,3903.9,7,0.8,-0.41810769,642.5,30.2,0.50626297
-110.1,3904.9,-3,1,-0.42992949,642.5,30.2,0.50626297
-115.1,3906,-5,1.1,-0.4495806,642.4,30.2,0.50633981
-110.1,3906.6,5,0.6,-0.43011666,642.4,30.2,0.50633981
-112.1,3907.5,-2,0.9,-0.43803075,642.4,30.2,0.50633981
-110.1,3908.2,2,0.7,-0.43029282,642.3,30.2,0.50641666
-115.1,3909,-5,0.8,-0.4499259,642.3,30.2,0.50641666
-115.1,3909.7,0,0.7,-0.45000647,642.3,30.2,0.50641666
-113.1,3910.2,2,0.5,-0.44224362,642.2,30.2,0.50649351
-113.2,3910.8,-0.1,0.6,-0.44270256,642.2,30.2,0.50649351
-107.1,3911.2,6.1,0.4,-0.41888952,642.2,30.2,0.50649351
-107.1,3911.7,0,0.5,-0.41894307,642.1,30.2,0.50657035
-114,3912.5,-6.9,0.8,-0.446025,642.1,30.2,0.50657035
-113.1,3913,0.9,0.5,-0.4425603,642.1,30.2,0.50657035
813.8,3877.9,926.9,-35.1,3.155835,642.3,30.2,0.50641666
818.8,3876.5,5,-1.4,3.1740782,642.5,30.2,0.50626297
813.9,3875.8,-4.9,-0.7,3.1545136,642.8,30.2,0.50603243
813.8,3875.1,-0.1,-0.7,3.1535564,643,30.2,0.50587874
817.9,3874.4,4.1,-0.7,3.1688718,643.2,30.2,0.50572504
812.9,3874,-5,-0.4,3.1491746,643.4,30.2,0.50557135
813.9,3873.5,1,-0.5,3.1526416,643.7,30.2,0.50534081
813.9,3873,0,-0.5,3.1522347,643.9,30.2,0.50518712
817,3872.4,3.1,-0.6,3.1637508,644.1,30.2,0.50503343
815.9,3872,-1.1,-0.4,3.1591648,644.3,30.2,0.50487974
814.8,3871.7,-1.1,-0.3,3.1546612,644.6,30.2,0.5046492
811.9,3871.4,-2.9,-0.3,3.1431897,644.8,30.2,0.5044955
807.8,3871.2,-4.1,-0.2,3.1271554,645,30.2,0.50434181
815.9,3870.5,8.1,-0.7,3.1579409,645.2,30.2,0.50418812
969.8,3864.2,153.9,-6.3,3.7475012,645.5,30.2,0.50395758
1119.8,3857.7,150,-6.5,4.3198525,645.8,30.2,0.50372704
1259.8,3851.5,140,-6.2,4.8521197,646.2,30.2,0.50341966
1419.8,3844.3,160,-7.2,5.4581371,646.6,30.2,0.50311227
1560.8,3837.6,141,-6.7,5.9897261,647,30.2,0.50280489
1716.7,3830.3,155.9,-7.3,6.575476,647.5,30.2,0.50242066
1716.8,3828.9,0.1,-1.4,6.5734555,648,30.2,0.50203643
1711.7,3827.8,-5.1,-1.1,6.5520453,648.4,30.2,0.50172904
1717.7,3826.4,6,-1.4,6.5726073,648.9,30.2,0.50134481
1712.8,3825.5,-4.9,-0.9,6.5523164,649.4,30.2,0.50096058
1712.7,3824.4,-0.1,-1.1,6.5500499,649.9,30.2,0.50057635
1719.6,3823.2,6.9,-1.2,6.5743747,650.3,30.2,0.50026896
1706.7,3822.7,-12.9,-0.5,6.5242021,650.8,30.2,0.49988473
1714.6,3821.4,7.9,-1.3,6.5521724,651.3,30.2,0.4995005
1711.7,3820.6,-2.9,-0.8,6.539721,651.8,30.2,0.49911627
1709.8,3819.9,-1.9,-0.7,6.531265,652.2,30.2,0.49880888
1710.8,3819,1,-0.9,6.5335452,652.7,30.2,0.49842465
1714.8,3818,4,-1,6.5471064,653.2,30.2,0.49804042
-123.1,3888.4,-1837.9,70.4,-0.47866204,653.2,30.2,0.49804042
-132,3891.2,-8.9,2.8,-0.5136384,653.1,30.2,0.49811727
-127,3892.8,5,1.6,-0.4943856,653.1,30.2,0.49811727
-129.1,3894.3,-2.1,1.5,-0.50275413,653.1,30.2,0.49811727
-130.1,3895.6,-1,1.3,-0.50681756,653,30.2,0.49819411
-126,3896.7,4.1,1.1,-0.4909842,653,30.2,0.49819411
-127,3897.8,-1,1.1,-0.4950206,652.9,30.2,0.49827096
-121,3898.5,6,0.7,-0.4717185,652.9,30.2,0.49827096
-123.2,3899.5,-2.2,1,-0.4804184,652.9,30.2,0.49827096
-121.2,3900.3,2,0.8,-0.47271636,652.8,30.2,0.49834781
-125.1,3901.2,-3.9,0.9,-0.48804012,652.8,30.2,0.49834781
-125.2,3902.1,-0.1,0.9,-0.48854292,652.8,30.2,0.49834781
-124.1,3902.8,1.1,0.7,-0.48433748,652.7,30.2,0.49842465
-126.1,3903.6,-2,0.8,-0.49224396,652.7,30.2,0.49842465
545.8,3878.6,671.9,-25,2.1169399,652.9,30.2,0.49827096
1224.8,3851.5,679,-27.1,4.7173172,653.2,30.2,0.49804042
1219.9,3850.1,-4.9,-1.4,4.696737,653.5,30.2,0.49780988
1050.9,3855.6,-169,5.5,4.05185,653.8,30.2,0.49757934
874,3861.8,-176.9,6.2,3.3752132,654.1,30.2,0.49734881
709,3868,-165,6.2,2.742412,654.3,30.2,0.49719511
532.9,3874.7,-176.1,6.7,2.0648276,654.4,30.2,0.49711827
359,3881.7,-173.9,7,1.3935303,654.5,30.2,0.49704142
187.1,3888.9,-171.9,7.2,0.72761319,654.6,30.2,0.49696457
19,3896.1,-168.1,7.2,0.0740259,654.6,30.2,0.49696457
14,3897.1,-5,1,0.0545594,654.6,30.2,0.49696457
19,3897.6,5,0.5,0.0740544,654.6,30.2,0.49696457
21,3898.1,2,0.5,0.0818601,654.6,30.2,0.49696457
23,3898.6,2,0.5,0.0896678,654.6,30.2,0.49696457
23,3899.1,0,0.5,0.0896793,654.6,30.2,0.49696457
23,3899.6,0,0.5,0.0896908,654.6,30.2,0.49696457
21,3900.2,-2,0.6,0.0819042,654.6,30.2,0.49696457
18,3900.8,-3,0.6,0.0702144,654.6,30.2,0.49696457
16,3901.3,-2,0.5,0.0624208,654.6,30.2,0.49696457
26,3901.3,10,0,0.1014338,654.6,30.2,0.49696457
23,3901.8,-3,0.5,0.0897414,654.6,30.2,0.49696457
24,3902.2,1,0.4,0.0936528,654.6,30.2,0.49696457
21,3902.6,-3,0.4,0.0819546,654.6,30.2,0.49696457
19,3903.1,-2,0.5,0.0741589,654.7,30.2,0.49688773
22,3903.3,3,0.2,0.0858726,654.7,30.2,0.49688773
19,3903.7,-3,0.4,0.0741703,654.7,30.2,0.49688773
23,3903.9,4,0.2,0.0897897,654.7,30.2,0.49688773
24,3904.2,1,0.3,0.0937008,654.7,30.2,0.49688773
23,3904.6,-1,0.4,0.0898058,654.7,30.2,0.49688773
18,3905,-5,0.4,0.07029,654.7,30.2,0.49688773
23,3905.1,5,0.1,0.0898173,654.7,30.2,0.49688773
21,3905.5,-2,0.4,0.0820155,654.7,30.2,0.49688773
23,3905.7,2,0.2,0.0898311,654.7,30.2,0.49688773
23,3905.9,0,0.2,0.0898357,654.7,30.2,0.49688773
23,3906.2,0,0.3,0.0898426,654.7,30.2,0.49688773
23,3906.4,0,0.2,0.0898472,654.7,30.2,0.49688773
20,3906.8,-3,0.4,0.078136,654.7,30.2,0.49688773
21,3907,1,0.2,0.082047,654.7,30.2,0.49688773
20,3907.3,-1,0.3,0.078146,654.7,30.2,0.49688773
21,3907.5,1,0.2,0.0820575,654.8,30.2,0.49681088
18,3907.8,-3,0.3,0.0703404,654.8,30.2,0.49681088
26,3907.7,8,-0.1,0.1016002,654.8,30.2,0.49681088
21,3908.1,-5,0.4,0.0820701,654.8,30.2,0.49681088
16,3908.5,-5,0.4,0.062536,654.8,30.2,0.49681088
23,3908.4,7,-0.1,0.0898932,654.8,30.2,0.49681088
20,3908.8,-3,0.4,0.078176,654.8,30.2,0.49681088
17,3909.1,-3,0.3,0.0664547,654.8,30.2,0.49681088
24,3909,7,-0.1,0.093816,654.8,30.2,0.49681088
24,3909.2,0,0.2,0.0938208,654.8,30.2,0.49681088
23,3909.4,-1,0.2,0.0899162,654.8,30.2,0.49681088
25,3909.5,2,0.1,0.0977375,654.8,30.2,0.49681088
28,3909.6,3,0.1,0.1094688,654.8,30.2,0.49681088
21,3910,-7,0.4,0.08211,654.8,30.2,0.49681088
21,3910.2,0,0.2,0.0821142,654.8,30.2,0.49681088
27,3910.1,6,-0.1,0.1055727,654.8,30.2,0.49681088
16,3910.7,-11,0.6,0.0625712,654.8,30.2,0.49681088
22,3910.6,6,-0.1,0.0860332,654.9,30.2,0.49673404
21,3910.8,-1,0.2,0.0821268,654.9,30.2,0.49673404
21,3911,0,0.2,0.082131,654.9,30.2,0.49673404
21,3911.1,0,0.1,0.0821331,654.9,30.2,0.49673404
22,3911.2,1,0.1,0.0860464,654.9,30.2,0.49673404
24,3911.2,2,0,0.0938688,654.9,30.2,0.49673404
24,3911.4,0,0.2,0.0938736,654.9,30.2,0.49673404
17,3911.8,-7,0.4,0.0665006,654.9,30.2,0.49673404
17,3911.9,0,0.1,0.0665023,654.9,30.2,0.49673404
24,3911.8,7,-0.1,0.0938832,654.9,30.2,0.49673404
22,3912,-2,0.2,0.086064,654.9,30.2,0.49673404
20,3912.2,-2,0.2,0.078244,654.9,30.2,0.49673404
23,3912.2,3,0,0.0899806,654.9,30.2,0.49673404
18,3912.5,-5,0.3,0.070425,654.9,30.2,0.49673404
19,3912.6,1,0.1,0.0743394,654.9,30.2,0.49673404
21,3912.7,2,0.1,0.0821667,654.9,30.2,0.49673404
22,3912.8,1,0.1,0.0860816,654.9,30.2,0.49673404
23,3912.8,1,0,0.0899944,655,30.2,0.49665719
23,3912.9,0,0.1,0.0899967,655,30.2,0.49665719
21,3913.1,-2,0.2,0.0821751,655,30.2,0.49665719
23,3913.1,2,0,0.0900013,655,30.2,0.49665719
22,3913.3,-1,0.2,0.0860926,655,30.2,0.49665719
19,3913.5,-3,0.2,0.0743565,655,30.2,0.49665719
20,3913.6,1,0.1,0.078272,655,30.2,0.49665719
24,3913.5,4,-0.1,0.093924,655,30.1,0.49665719
21,3913.7,-3,0.2,0.0821877,655,30.1,0.49665719
20,3913.9,-1,0.2,0.078278,655,30.1,0.49665719
20,3914,0,0.1,0.07828,655,30.1,0.49665719
18,3914.2,-2,0.2,0.0704556,655,30.1,0.49665719
27,3913.9,9,-0.3,0.1056753,655,30.1,0.49665719
23,3914.2,-4,0.3,0.0900266,655,30.1,0.49665719
22,3914.3,-1,0.1,0.0861146,655,30.1,0.49665719
22,3914.4,0,0.1,0.0861168,655,30.1,0.49665719
24,3914.4,2,0,0.0939456,655.1,30.1,0.49658034
19,3914.6,-5,0.2,0.0743774,655.1,30.1,0.49658034
19,3914.7,0,0.1,0.0743793,655.1,30.1,0.49658034
21,3914.7,2,0,0.0822087,655.1,30.1,0.49658034
24,3914.7,3,0,0.0939528,655.1,30.1,0.49658034
22,3914.9,-2,0.2,0.0861278,655.1,30.1,0.49658034
20,3915,-2,0.1,0.0783,655.1,30.1,0.49658034
22,3915,2,0,0.08613,655.1,30.1,0.49658034
23,3915,1,0,0.090045,655.1,30.1,0.49658034
20,3915.2,-3,0.2,0.078304,655.1,30.1,0.49658034
21,3915.3,1,0.1,0.0822213,655.1,30.1,0.49658034
16,3915.6,-5,0.3,0.0626496,655.1,30.1,0.49658034
22,3915.4,6,-0.2,0.0861388,655.1,30.1,0.49658034
20,3915.5,-2,0.1,0.07831,655.1,30.1,0.49658034
23,3915.5,3,0,0.0900565,655.1,30.1,0.49658034
26,3915.4,3,-0.1,0.1018004,655.1,30.1,0.49658034
17,3915.9,-9,0.5,0.0665703,655.1,30.1,0.49658034
14,3916,-3,0.1,0.054824,655.1,30.1,0.49658034
15,3916.1,1,0.1,0.0587415,655.2,30.1,0.4965035
20,3916,5,-0.1,0.07832,655.2,30.1,0.4965035
18,3916.1,-2,0.1,0.0704898,655.2,30.1,0.4965035
22,3916,4,-0.1,0.086152,655.2,30.1,0.4965035
28,3915.8,6,-0.2,0.1096424,655.2,30.1,0.4965035
27,3915.9,-1,0.1,0.1057293,655.2,30.1,0.4965035
30,3915.9,3,0,0.117477,655.2,30.1,0.4965035
32,3915.8,2,-0.1,0.1253056,655.2,30.1,0.4965035
39,3915.6,7,-0.2,0.1527084,655.2,30.1,0.4965035
43,3915.5,4,-0.1,0.1683665,655.2,30.1,0.4965035
46,3915.4,3,-0.1,0.1801084,655.2,30.1,0.4965035
46,3915.4,0,0,0.1801084,655.2,30.1,0.4965035
49,3915.3,3,-0.1,0.1918497,655.3,30.1,0.49642665
46,3915.5,-3,0.2,0.180113,655.3,30.1,0.49642665
44,3915.6,-2,0.1,0.1722864,655.3,30.1,0.49642665
46,3915.6,2,0,0.1801176,655.3,30.1,0.49642665
48,3915.5,2,-0.1,0.187944,655.3,30.1,0.49642665
45,3915.6,-3,0.1,0.176202,655.3,30.1,0.49642665
41,3915.8,-4,0.2,0.1605478,655.3,30.1,0.49642665
46,3915.7,5,-0.1,0.1801222,655.4,30.1,0.4963498
47,3915.7,1,0,0.1840379,655.4,30.1,0.4963498
45,3915.8,-2,0.1,0.176211,655.4,30.1,0.4963498
48,3915.7,3,-0.1,0.1879536,655.4,30.1,0.4963498
46,3915.8,-2,0.1,0.1801268,655.4,30.1,0.4963498
43,3916,-3,0.2,0.168388,655.4,30.1,0.4963498
42,3916.1,-1,0.1,0.1644762,655.4,30.1,0.4963498
47,3915.9,5,-0.2,0.1840473,655.4,30.1,0.4963498
46,3915.9,-1,0,0.1801314,655.5,30.1,0.49627296
47,3915.9,1,0,0.1840473,655.5,30.1,0.49627296
40,3916.2,-7,0.3,0.156648,655.5,30.1,0.49627296
49,3915.9,9,-0.3,0.1918791,655.5,30.1,0.49627296
47,3916,-2,0.1,0.184052,655.5,30.1,0.49627296
50,3915.9,3,-0.1,0.195795,655.5,30.1,0.49627296
45,3916.1,-5,0.2,0.1762245,655.5,30.1,0.49627296
49,3916,4,-0.1,0.191884,655.5,30.1,0.49627296
45,3916.2,-4,0.2,0.176229,655.6,30.1,0.49619611
45,3916.2,0,0,0.176229,655.6,30.1,0.49619611
50,3916.1,5,-0.1,0.195805,655.6,30.1,0.49619611
44,3916.3,-6,0.2,0.1723172,655.6,30.1,0.49619611
45,3916.4,1,0.1,0.176238,655.6,30.1,0.49619611
44,3916.4,-1,0,0.1723216,655.6,30.1,0.49619611
46,3916.4,2,0,0.1801544,655.6,30.1,0.49619611
49,3916.2,3,-0.2,0.1918938,655.6,30.1,0.49619611
51,3916.2,2,0,0.1997262,655.7,30.1,0.49611927
46,3916.4,-5,0.2,0.1801544,655.7,30.1,0.49611927
49,3916.3,3,-0.1,0.1918987,655.7,30.1,0.49611927
48,3916.4,-1,0.1,0.1879872,655.7,30.1,0.49611927
45,3916.6,-3,0.2,0.176247,655.7,30.1,0.49611927
52,3916.3,7,-0.3,0.2036476,655.7,30.1,0.49611927
43,3916.7,-9,0.4,0.1684181,655.7,30.1,0.49611927
46,3916.6,3,-0.1,0.1801636,655.8,30.1,0.49604242
46,3916.6,0,0,0.1801636,655.8,30.1,0.49604242
46,3916.7,0,0.1,0.1801682,655.8,30.1,0.49604242
45,3916.7,-1,0,0.1762515,655.8,30.1,0.49604242
42,3916.9,-3,0.2,0.1645098,655.8,30.1,0.49604242
50,3916.6,8,-0.3,0.19583,655.8,30.1,0.49604242
47,3916.7,-3,0.1,0.1840849,655.8,30.1,0.49604242
48,3916.7,1,0,0.1880016,655.8,30.1,0.49604242
53,3916.6,5,-0.1,0.2075798,655.9,30.1,0.49596557
49,3916.7,-4,0.1,0.1919183,655.9,30.1,0.49596557
44,3916.9,-5,0.2,0.1723436,655.9,30.1,0.49596557
44,3917,0,0.1,0.172348,655.9,30.1,0.49596557
48,3916.8,4,-0.2,0.1880064,655.9,30.1,0.49596557
46,3916.9,-2,0.1,0.1801774,655.9,30.1,0.49596557
48,3916.9,2,0,0.1880112,655.9,30.1,0.49596557
50,3916.8,2,-0.1,0.19584,655.9,30.1,0.49596557
43,3917.1,-7,0.3,0.1684353,656,30.1,0.49588873
44,3917.1,1,0,0.1723524,656,30.1,0.49588873
48,3917,4,-0.1,0.188016,656,30.1,0.49588873
39,3917.3,-9,0.3,0.1527747,656,30.1,0.49588873
35,3917.5,-4,0.2,0.1371125,656,30.1,0.49588873
37,3917.5,2,0,0.1449475,656,30.1,0.49588873
35,3917.6,-2,0.1,0.137116,656,30.1,0.49588873
37,3917.6,2,0,0.1449512,656,30.1,0.49588873
37,3917.6,0,0,0.1449512,656,30.1,0.49588873
35,3917.7,-2,0.1,0.1371195,656.1,30.1,0.49581188
30,3917.9,-5,0.2,0.117537,656.1,30.1,0.49581188
26,3918.1,-4,0.2,0.1018706,656.1,30.1,0.49581188
37,3917.7,11,-0.4,0.1449549,656.1,30.1,0.49581188
27,3918.2,-10,0.5,0.1057914,656.1,30.1,0.49581188
28,3918.2,1,0,0.1097096,656.1,30.1,0.49581188
29,3918.2,1,0,0.1136278,656.1,30.1,0.49581188
29,3918.2,0,0,0.1136278,656.1,30.1,0.49581188
30,3918.2,1,0,0.117546,656.1,30.1,0.49581188
31,3918.2,1,0,0.1214642,656.1,30.1,0.49581188
30,3918.3,-1,0.1,0.117549,656.1,30.1,0.49581188
29,3918.3,-1,0,0.1136307,656.1,30.1,0.49581188
28,3918.4,-1,0.1,0.1097152,656.2,30.1,0.49573503
27,3918.5,-1,0.1,0.1057995,656.2,30.1,0.49573503
29,3918.4,2,-0.1,0.1136336,656.2,30.1,0.49573503
30,3918.4,1,0,0.117552,656.2,30.1,0.49573503
30,3918.5,0,0.1,0.117555,656.2,30.1,0.49573503
34,3918.3,4,-0.2,0.1332222,656.2,30.1,0.49573503
25,3918.7,-9,0.4,0.0979675,656.2,30.1,0.49573503
27,3918.7,2,0,0.1058049,656.2,30.1,0.49573503
29,3918.6,2,-0.1,0.1136394,656.2,30.1,0.49573503
27,3918.7,-2,0.1,0.1058049,656.2,30.1,0.49573503
32,3918.5,5,-0.2,0.125392,656.2,30.1,0.49573503
31,3918.6,-1,0.1,0.1214766,656.2,30.1,0.49573503
27,3918.8,-4,0.2,0.1058076,656.2,30.1,0.49573503
25,3918.9,-2,0.1,0.0979725,656.3,30.1,0.49565819
29,3918.8,4,-0.1,0.1136452,656.3,30.1,0.49565819
29,3918.8,0,0,0.1136452,656.3,30.1,0.49565819
29,3918.8,0,0,0.1136452,656.3,30.1,0.49565819
32,3918.7,3,-0.1,0.1253984,656.3,30.1,0.49565819
24,3919.1,-8,0.4,0.0940584,656.3,30.1,0.49565819
29,3918.9,5,-0.2,0.1136481,656.3,30.1,0.49565819
33,3918.7,4,-0.2,0.1293171,656.3,30.1,0.49565819
32,3918.8,-1,0.1,0.1254016,656.3,30.1,0.49565819
28,3919,-4,0.2,0.109732,656.3,30.1,0.49565819
29,3919,1,0,0.113651,656.3,30.1,0.49565819
33,3918.8,4,-0.2,0.1293204,656.3,30.1,0.49565819
28,3919.1,-5,0.3,0.1097348,656.4,30.1,0.49558134
35,3918.8,7,-0.3,0.137158,656.4,30.1,0.49558134
33,3918.9,-2,0.1,0.1293237,656.4,30.1,0.49558134
27,3919.2,-6,0.3,0.1058184,656.4,30.1,0.49558134
28,3919.2,1,0,0.1097376,656.4,30.1,0.49558134
27,3919.2,-1,0,0.1058184,656.4,30.1,0.49558134
30,3919.1,3,-0.1,0.117573,656.4,30.1,0.49558134
28,3919.3,-2,0.2,0.1097404,656.4,30.1,0.49558134
37,3918.9,9,-0.4,0.1449993,656.4,30.1,0.49558134
29,3919.2,-8,0.3,0.1136568,656.4,30.1,0.49558134
37,3918.9,8,-0.3,0.1449993,656.4,30.1,0.49558134
28,3919.3,-9,0.4,0.1097404,656.4,30.1,0.49558134
27,3919.3,-1,0,0.1058211,656.5,30.1,0.4955045
34,3919.1,7,-0.2,0.1332494,656.5,30.1,0.4955045
30,3919.3,-4,0.2,0.117579,656.5,30.1,0.4955045
30,3919.3,0,0,0.117579,656.5,30.1,0.4955045
34,3919.2,4,-0.1,0.1332528,656.5,30.1,0.4955045
34,3919.2,0,0,0.1332528,656.5,30.1,0.4955045
30,3919.3,-4,0.1,0.117579,656.5,30.1,0.4955045
36,3919.1,6,-0.2,0.1410876,656.5,30.1,0.4955045
28,3919.4,-8,0.3,0.1097432,656.5,30.1,0.4955045
23,3919.7,-5,0.3,0.0901531,656.5,30.1,0.4955045
32,3919.3,9,-0.4,0.1254176,656.5,30.1,0.4955045
29,3919.5,-3,0.2,0.1136655,656.6,30.1,0.49542765
31,3919.4,2,-0.1,0.1215014,656.6,30.1,0.49542765
31,3919.4,0,0,0.1215014,656.6,30.1,0.49542765
28,3919.6,-3,0.2,0.1097488,656.6,30.1,0.49542765
30,3919.5,2,-0.1,0.117585,656.6,30.1,0.49542765
29,3919.6,-1,0.1,0.1136684,656.6,30.1,0.49542765
26,3919.7,-3,0.1,0.1019122,656.6,30.1,0.49542765
30,3919.6,4,-0.1,0.117588,656.6,30.1,0.49542765
30,3919.6,0,0,0.117588,656.6,30.1,0.49542765
32,3919.5,2,-0.1,0.125424,656.6,30.1,0.49542765
19,3920.1,-13,0.6,0.0744819,656.6,30.1,0.49542765
-5,3920.5,-24,0.4,-0.0196025,656.6,30.1,0.49542765
-19,3921.1,-14,0.6,-0.0745009,656.6,30.1,0.49542765
-36,3921.8,-17,0.7,-0.1411848,656.6,30.1,0.49542765
-49,3922.5,-13,0.7,-0.1922025,656.6,30.1,0.49542765
-63,3923.1,-14,0.6,-0.2471553,656.6,30.1,0.49542765
-82,3924,-19,0.9,-0.321768,656.6,30.1,0.49542765
-78,3924,4,0,-0.306072,656.5,30.1,0.4955045
-79,3924.2,-1,0.2,-0.3100118,656.5,30.1,0.4955045
-88,3924.7,-9,0.5,-0.3453736,656.5,30.1,0.4955045
-85,3924.7,3,0,-0.3335995,656.5,30.1,0.4955045
-83,3924.7,2,0,-0.3257501,656.4,30.1,0.49558134
-83,3924.8,0,0.1,-0.3257584,656.4,30.1,0.49558134
-83,3924.9,0,0.1,-0.3257667,656.4,30.1,0.49558134
-75,3924.7,8,-0.2,-0.2943525,656.4,30.1,0.49558134
812.9,3890.6,887.9,-34.1,3.1626687,656.6,30.1,0.49542765
1704.7,3854.2,891.8,-36.4,6.5702547,657.1,30.1,0.49504342
2591.7,3816.7,887,-37.5,9.8917414,657.8,30.1,0.49450549
2593.6,3812.8,1.9,-3.9,9.8888781,658.5,30.1,0.49396757
2595.7,3809.5,2.1,-3.3,9.8883191,659.2,30.1,0.49342965
2595.7,3806.6,0,-2.9,9.8807916,660,30.1,0.49281488
2596.7,3803.8,1,-2.8,9.8773275,660.7,30.1,0.49227695
2594.6,3801.4,-2.1,-2.4,9.8631124,661.4,30.1,0.49173903
1992.8,3822.5,-601.8,21.1,7.617478,662,30.1,0.49127795
1383,3845.1,-609.8,22.6,5.3177733,662.3,30.1,0.49104741
787.9,3868.1,-595.1,23,3.047676,662.6,30.1,0.49081688
182.1,3892.4,-605.8,24.3,0.70880604,662.6,30.1,0.49081688
-424.9,3916.8,-607,24.4,-1.6642483,662.5,30.1,0.49089372
-422,3918.6,2.9,1.8,-1.6536492,662.4,30.1,0.49097057
-419.9,3920.2,2.1,1.6,-1.646092,662.3,30.1,0.49104741
-420,3921.5,-0.1,1.3,-1.64703,662.1,30.1,0.49120111
-421,3922.7,-1,1.2,-1.6514567,662,30.1,0.49127795
-425,3924,-4,1.3,-1.6677,661.9,30.1,0.4913548
-421.9,3924.8,3.1,0.8,-1.6558731,661.8,30.1,0.49143165
-429,3926,-7.1,1.2,-1.684254,661.7,30.1,0.49150849
-420.1,3926.5,8.9,0.5,-1.6495226,661.6,30.1,0.49158534
-418,3927.3,2.1,0.8,-1.6416114,661.4,30.1,0.49173903
756.8,3882.6,1174.8,-44.7,2.9383517,661.6,30.1,0.49158534
1934.6,3835.1,1177.8,-47.5,7.4193845,662.2,30.1,0.49112426
1934.7,3832,0.1,-3.1,7.4137704,662.7,30.1,0.49074003
1933.7,3829.7,-1,-2.3,7.4054909,663.3,30.1,0.49027895
1935.7,3827.5,2,-2.2,7.4088918,663.8,30.1,0.48989472
1934.7,3825.6,-1,-1.9,7.4013883,664.3,30.1,0.48951049
1939.7,3823.6,5,-2,7.4166369,664.9,30.1,0.48904941
1793.7,3827.7,-146,4.1,6.8657455,665.4,30.1,0.48866518
1655.8,3831.8,-137.9,4.1,6.3446944,665.8,30.1,0.4883578
1514.8,3836.2,-141,4.4,5.8110758,666.3,30.1,0.48797356
1381.9,3840.6,-132.9,4.4,5.3073251,666.6,30.1,0.48774303
1374.8,3840.3,-7.1,-0.3,5.2796444,667,30.1,0.48743564
1375.8,3839.5,1,-0.8,5.2823841,667.4,30.1,0.48712826
1376.8,3838.9,1,-0.6,5.2853975,667.8,30.1,0.48682087
1376.8,3838.2,0,-0.7,5.2844338,668.2,30.1,0.48651349
1382.8,3837.3,6,-0.9,5.3062184,668.5,30.1,0.48628295
1376.8,3836.8,-6,-0.5,5.2825062,668.9,30.1,0.48597556
1376.8,3836.2,0,-0.6,5.2816802,669.3,30.1,0.48566818
1377.8,3835.5,1,-0.7,5.2845519,669.7,30.1,0.48536079
1384,3834.6,6.2,-0.9,5.3070864,670.1,30.1,0.48505341
1381.9,3834.1,-2.1,-0.5,5.2983428,670.5,30.1,0.48474602
1379.8,3833.6,-2.1,-0.5,5.2896013,670.8,30.1,0.48451548
1381.9,3832.9,2.1,-0.7,5.2966845,671.2,30.1,0.4842081
1378.8,3832.4,-3.1,-0.5,5.2841131,671.6,30.1,0.48390071
1377.8,3831.8,-1,-0.6,5.279454,672,30.1,0.48359333
1120,3841.4,-257.8,9.6,4.302368,672.3,30.1,0.48336279
861.9,3851.4,-258.1,10,3.3195217,672.5,30.1,0.4832091
601,3861.8,-260.9,10.4,2.3209418,672.7,30.1,0.48305541
348,3872.3,-253,10.5,1.3475604,672.8,30.1,0.48297856
88,3883.4,-260,11.1,0.3417392,672.8,30.1,0.48297856
-177.1,3894.3,-265.1,10.9,-0.68968053,672.8,30.1,0.48297856
-431.9,3905.8,-254.8,11.5,-1.686915,672.7,30.1,0.48305541
-428.9,3907.3,3,1.5,-1.675841,672.5,30.1,0.4832091
-432,3908.8,-3.1,1.5,-1.6886016,672.4,30.1,0.48328594
-428,3909.9,4,1.1,-1.6734372,672.3,30.1,0.48336279
-430.9,3911.2,-2.9,1.3,-1.6853361,672.2,30.1,0.48343964
-433,3912.4,-2.1,1.2,-1.6940692,672.1,30.1,0.48351648
-427,3913.3,6,0.9,-1.6709791,672,30.1,0.48359333
-153.1,3903.5,273.9,-9.8,-0.59762585,671.9,30.1,0.48367018
-160,3904.2,-6.9,0.7,-0.624672,671.9,30.1,0.48367018
-160,3904.8,0,0.6,-0.624768,671.8,30.1,0.48374702
-162.1,3905.4,-2.1,0.6,-0.63306534,671.8,30.1,0.48374702
-163.1,3906,-1,0.6,-0.6370686,671.7,30.1,0.48382387
-163.1,3906.6,0,0.6,-0.63716646,671.7,30.1,0.48382387
-156.1,3906.8,7,0.2,-0.60985148,671.6,30.1,0.48390071
2999.5,3784.3,3155.6,-122.5,11.351008,672.5,30.1,0.4832091
2999.6,3779.4,0.1,-4.9,11.336688,673.3,30.1,0.48259433
2999.6,3775.5,0,-3.9,11.32499,674.1,30.1,0.48197956
2999.6,3772.2,0,-3.3,11.315091,675,30.1,0.48128794
2999.6,3769.1,0,-3.1,11.305792,675.8,30.1,0.48067317
2999.7,3766.5,0.1,-2.6,11.29837,676.6,30.1,0.4800584
2999.7,3763.9,0,-2.6,11.290571,677.5,30.1,0.47936679
2999.7,3761.5,0,-2.4,11.283372,678.3,30.1,0.47875202
2999.7,3759.3,0,-2.2,11.276772,679.1,30.1,0.47813725
2034.8,3794.8,-964.9,35.5,7.721659,679.7,30.1,0.47767617
986,3835.5,-1048.8,40.7,3.781803,680,30.1,0.47744563
-65,3877.1,-1051,41.6,-0.2520115,680,30.1,0.47744563
-71,3879.7,-6,2.6,-0.2754587,679.9,30.1,0.47752248
-69,3881.4,2,1.7,-0.2678166,679.9,30.1,0.47752248
-66,3882.9,3,1.5,-0.2562714,679.9,30.1,0.47752248
-67,3884.2,-1,1.3,-0.2602414,679.9,30.1,0.47752248
-64,3885.3,3,1.1,-0.2486592,679.9,30.1,0.47752248
-65,3886.4,-1,1.1,-0.252616,679.8,30.1,0.47759932
-69,3887.5,-4,1.1,-0.2682375,679.8,30.1,0.47759932
-71,3888.5,-2,1,-0.2760835,679.8,30.1,0.47759932
-68,3889.2,3,0.7,-0.2644656,679.8,30.1,0.47759932
-65,3889.9,3,0.7,-0.2528435,679.8,30.1,0.47759932
-72,3890.9,-7,1,-0.2801448,679.8,30.1,0.47759932
-74,3891.8,-2,0.9,-0.2879932,679.7,30.1,0.47767617
-81,3892.8,-7,1,-0.3153168,679.7,30.1,0.47767617
-83,3893.5,-2,0.7,-0.3231605,679.7,30.1,0.47767617
-87,3894.3,-4,0.8,-0.3388041,679.7,30.1,0.47767617
-80,3894.7,7,0.4,-0.311576,679.6,30.1,0.47775302
-81,3895.3,-1,0.6,-0.3155193,679.6,30.1,0.47775302
-79,3895.8,2,0.5,-0.3077682,679.6,30.1,0.47775302
-83,3896.5,-4,0.7,-0.3234095,679.6,30.1,0.47775302
-83,3897,0,0.5,-0.323451,679.6,30.1,0.47775302
-83,3897.6,0,0.6,-0.3235008,679.5,30.1,0.47782986
-79,3897.9,4,0.3,-0.3079341,679.5,30.1,0.47782986
-81,3898.5,-2,0.6,-0.3157785,679.5,30.1,0.47782986
-84,3899,-3,0.5,-0.327516,679.5,30.1,0.47782986
-82,3899.5,2,0.5,-0.319759,679.4,30.1,0.47790671
-77,3899.7,5,0.2,-0.3002769,679.4,30.1,0.47790671
-84,3900.3,-7,0.6,-0.3276252,679.4,30.1,0.47790671
-80,3900.6,4,0.3,-0.312048,679.4,30.1,0.47790671
-83,3901.2,-3,0.6,-0.3237996,679.3,30.1,0.47798355
-87,3901.7,-4,0.5,-0.3394479,679.3,30.1,0.47798355
-118.1,3903.3,-31.1,1.6,-0.46097973,679.3,30.1,0.47798355
-151,3905,-32.9,1.7,-0.589655,679.2,30.1,0.4780604
-188.1,3906.9,-37.1,1.9,-0.73488789,679.2,30.1,0.4780604
-227,3908.9,-38.9,2,-0.8873203,679.1,30.1,0.47813725
-266,3911,-39,2.1,-1.040326,679.1,30.1,0.47813725
-304,3913.1,-38,2.1,-1.1895824,679,30.1,0.47821409
-339,3915,-35,1.9,-1.327185,678.9,30.1,0.47829094
-343,3915.8,-4,0.8,-1.3431194,678.8,30.1,0.47836779
-338,3916.2,5,0.4,-1.3236756,678.7,30.1,0.47844463
-344.9,3917,-6.9,0.8,-1.3509733,678.6,30.1,0.47852148
-342,3917.4,2.9,0.4,-1.3397508,678.5,30.1,0.47859832
-338,3917.8,4,0.4,-1.3242164,678.4,30.1,0.47867517
660.8,3879.7,998.8,-38.1,2.5637058,678.6,30.1,0.47852148
657.9,3878.6,-2.9,-1.1,2.5517309,678.8,30.1,0.47836779
658.9,3877.6,1,-1,2.5549506,679,30.1,0.47821409
660.8,3876.8,1.9,-0.8,2.5617894,679.1,30.1,0.47813725
657.9,3876.3,-2.9,-0.5,2.5502178,679.3,30.1,0.47798355
655.8,3875.8,-2.1,-0.5,2.5417496,679.5,30.1,0.47782986
654.9,3875.3,-0.9,-0.5,2.537934,679.7,30.1,0.47767617
640,3875.4,-14.9,0.1,2.480256,679.9,30.1,0.47752248
629,3875.4,-11,0,2.4376266,680,30.1,0.47744563
624,3875.1,-5,-0.3,2.4180624,680.2,30.1,0.47729194
613,3875.2,-11,0.1,2.3754976,680.4,30.1,0.47713825
602,3875.3,-11,0.1,2.3329306,680.5,30.1,0.4770614
600,3875,-2,-0.3,2.325,680.7,30.1,0.47690771
597.9,3874.8,-2.1,-0.2,2.3167429,680.9,30.1,0.47675402
590.9,3874.8,-7,0,2.2896193,681,30.1,0.47667717
591.9,3874.5,1,-0.3,2.2933165,681.2,30.1,0.47652348
596.9,3874,5,-0.5,2.3123906,681.4,30.1,0.47636978
589.9,3874,-7,0,2.2852726,681.5,30.1,0.47629294
590.9,3873.7,1,-0.3,2.2889693,681.7,30.1,0.47613925
594,3873.4,3.1,-0.3,2.3007996,681.9,30.1,0.47598555
589,3873.3,-5,-0.1,2.2813737,682,30.1,0.47590871
593,3873,4,-0.3,2.296689,682.2,30.1,0.47575501
595,3872.6,2,-0.4,2.304197,682.4,30.1,0.47560132
454,3877.9,-141,5.3,1.7605666,682.5,30.1,0.47552448
318,3883.3,-136,5.4,1.2348894,682.6,30.1,0.47544763
172.1,3889.2,-145.9,5.9,0.66933132,682.6,30.1,0.47544763
35,3895,-137.1,5.8,0.136325,682.6,30.1,0.47544763
-105,3900.4,-140,5.4,-0.409542,682.6,30.1,0.47544763
-251.9,3906.8,-146.9,6.4,-0.98412292,682.5,30.1,0.47552448
-246,3907.5,5.9,0.7,-0.961245,682.5,30.1,0.47552448
-244,3908.2,2,0.7,-0.9536008,682.4,30.1,0.47560132
-252,3909.1,-8,0.9,-0.9850932,682.3,30.1,0.47567817
-246,3909.5,6,0.4,-0.961737,682.3,30.1,0.47567817
83,3897.8,329,-11.7,0.3235174,682.3,30.1,0.47567817
412,3884.9,329,-12.9,1.6005788,682.4,30.1,0.47560132
736.9,3871.6,324.9,-13.3,2.852982,682.6,30.1,0.47544763
1066.8,3857.7,329.9,-13.9,4.1153944,682.9,30.1,0.47521709
1395.7,3843.6,328.9,-14.1,5.3645125,683.3,30.1,0.47490971
1728.7,3828.9,333,-14.7,6.6190194,683.8,30.1,0.47452547
2048.6,3814.4,319.9,-14.5,7.8141798,684.3,30.1,0.47414124
2048.6,3812.2,0,-2.2,7.8096729,684.9,30.1,0.47368017
2053.6,3810,5,-2.2,7.824216,685.5,30.1,0.47321909
2052.6,3808.2,-1,-1.8,7.8167113,686,30.1,0.47283486
2048.7,3806.7,-3.9,-1.5,7.7987863,686.6,30.1,0.47237378
2052.6,3804.9,3.9,-1.8,7.8099377,687.2,30.1,0.4719127
2053.7,3803.3,1.1,-1.6,7.8108372,687.8,30.1,0.47145163
2059.7,3801.6,6,-1.7,7.8301555,688.3,30.1,0.47106739
2056.7,3800.3,-3,-1.3,7.816077,688.9,30.1,0.47060632
1694.9,3813.1,-361.8,12.8,6.4628232,689.4,30.1,0.47022209
1342,3826.2,-352.9,13.1,5.1347604,689.7,30.1,0.46999155
1342.9,3826,0.9,-0.2,5.1379354,690.1,30.1,0.46968416
1344.8,3825.6,1.9,-0.4,5.1446669,690.5,30.1,0.46937678
1342.8,3825.3,-2,-0.3,5.1366128,690.9,30.1,0.46906939
1341.8,3824.9,-1,-0.4,5.1322508,691.2,30.1,0.46883885
1336.8,3824.6,-5,-0.3,5.1127253,691.6,30.1,0.46853147
1336.8,3824.2,0,-0.4,5.1121906,692,30.1,0.46822408
1340.8,3823.6,4,-0.6,5.1266829,692.4,30.1,0.4679167
1340.8,3823.1,0,-0.5,5.1260125,692.7,30.1,0.46768616
1335.8,3822.9,-5,-0.2,5.1066298,693.1,30.1,0.46737878
1335.8,3822.5,0,-0.4,5.1060955,693.5,30.1,0.46707139
1342.9,3821.8,7.1,-0.7,5.1322952,693.8,30.1,0.46684085
1339.9,3821.5,-3,-0.3,5.1204279,694.2,30.1,0.46653347
1340.8,3821,0.9,-0.5,5.1231968,694.6,30.1,0.46622608
1342.8,3820.5,2,-0.5,5.1301674,695,30.1,0.4659187
1335.8,3820.3,-7,-0.2,5.1031567,695.3,30.1,0.46568816
1503.8,3813.4,168,-6.9,5.7345909,695.7,30.1,0.46538077
1675.7,3806,171.9,-7.4,6.3777142,696.2,30.1,0.46499654
1856.7,3798,181,-8,7.0517466,696.7,30.1,0.46461231
1851.8,3797.1,-4.9,-0.9,7.0314698,697.2,30.1,0.46422808
1848.7,3796.3,-3.1,-0.8,7.0182198,697.8,30.1,0.463767
1848.7,3795.4,0,-0.9,7.016556,698.3,30.1,0.46338277
1849.7,3794.5,1,-0.9,7.0186867,698.8,30.1,0.46299854
1850.7,3793.7,1,-0.8,7.0210006,699.3,30.1,0.46261431
1852.7,3792.8,2,-0.9,7.0269206,699.8,30.1,0.46223008
1845.7,3792.3,-7,-0.5,6.9994481,700.3,30.1,0.46184585
1849.7,3791.5,4,-0.8,7.0131375,700.8,30.1,0.46146162
1850.7,3790.7,1,-0.8,7.0154485,701.4,30.1,0.46100054
1845.7,3790.2,-5,-0.5,6.9955721,701.9,30.1,0.46061631
1849.7,3789.4,4,-0.8,7.0092532,702.4,30.1,0.46023208
1851.8,3788.7,2.1,-0.7,7.0159147,702.9,30.1,0.45984784
2570.6,3759.9,718.8,-28.8,9.6651989,703.6,30.1,0.45930992
2566.7,3758.2,-3.9,-1.7,9.6461719,704.3,30.1,0.458772
2573.7,3756.4,7,-1.8,9.6678467,705,30.1,0.45823407
2575.7,3755,2,-1.4,9.6717535,705.7,30.1,0.45769615
2568.7,3754,-7,-1,9.6428998,706.5,30.1,0.45708138
2564.6,3752.9,-4.1,-1.1,9.6246873,707.2,30.1,0.45654346
2574.7,3751.4,10.1,-1.5,9.6587296,707.9,30.1,0.45600553
2570.7,3750.4,-4,-1,9.6411533,708.6,30.1,0.45546761
2568.7,3749.4,-2,-1,9.6310838,709.3,30.1,0.45492969
2569.6,3748.3,0.9,-1.1,9.6316317,710,30.1,0.45439176
2568.7,3747.3,-0.9,-1,9.6256895,710.7,30.1,0.45385384
2567.7,3746.4,-1,-0.9,9.6196313,711.5,30.1,0.45323907
2563.7,3745.6,-4,-0.8,9.6025947,712.2,30.1,0.45270115
2568.7,3744.5,5,-1.1,9.6184972,712.9,30.1,0.45216322
2565.7,3743.7,-3,-0.8,9.6052111,713.6,30.1,0.4516253
2568.7,3742.7,3,-1,9.6138735,714.3,30.1,0.45108737
2570.7,3741.7,2,-1,9.6187882,715,30.1,0.45054945
2573.6,3740.7,2.9,-1,9.6270655,715.7,30.1,0.45001153
2566.7,3740.2,-6.9,-0.5,9.5999713,716.5,30.1,0.44939676
2566.7,3739.4,0,-0.8,9.597918,717.2,30.1,0.44885883
1593.9,3776.9,-972.8,37.5,6.0200009,717.6,30.1,0.44855145
623,3815.9,-970.9,39,2.3773057,717.8,30.1,0.44839776
621.9,3817.9,-1.1,2,2.374352,718,30.1,0.44824406
623.9,3819.4,2,1.5,2.3829237,718.1,30.1,0.44816722
625.9,3820.5,2,1.1,2.3912509,718.3,30.1,0.44801352
794.9,3815,169,-5.5,3.0325435,718.5,30.1,0.44785983
968.9,3808.9,174,-6.1,3.6904432,718.8,30.1,0.44762929
1143.9,3802.5,175,-6.4,4.3496797,719.1,30.1,0.44739876
1321.7,3795.6,177.8,-6.9,5.0166445,719.5,30.2,0.44709137
1498.8,3788.6,177.1,-7,5.6783537,719.9,30.2,0.44678399
1672.7,3781.4,173.9,-7.2,6.3251478,720.4,30.2,0.44639975
1670.8,3781,-1.9,-0.4,6.3172948,720.8,30.2,0.44609237
1665.7,3780.8,-5.1,-0.2,6.2976786,721.3,30.2,0.44570814
1672.7,3780.2,7,-0.6,6.3231405,721.7,30.2,0.44540075
1671.8,3779.9,-0.9,-0.3,6.3192368,722.2,30.2,0.44501652
1669.8,3779.7,-2,-0.2,6.3113431,722.7,30.2,0.44463229
1670.7,3779.4,0.9,-0.3,6.3142436,723.1,30.2,0.44432491
1181.8,3798.3,-488.9,18.9,4.4888309,723.5,30.2,0.44401752
697,3817.9,-484.8,19.6,2.6610763,723.7,30.2,0.44386383
697.9,3818.9,0.9,1,2.6652103,723.9,30.2,0.44371014
694.9,3820,-3,1.1,2.654518,724,30.2,0.44363329
694.8,3820.8,-0.1,0.8,2.6546918,724.2,30.2,0.4434796
698.9,3821.4,4.1,0.6,2.6707765,724.4,30.2,0.4433259
698.9,3822,0,0.6,2.6711958,724.6,30.2,0.44317221
697,3822.7,-1.9,0.7,2.6644219,724.8,30.2,0.44301852
697,3823.2,0,0.5,2.6647704,725,30.2,0.44286483
699.9,3823.6,2.9,0.4,2.6761376,725.2,30.2,0.44271114
695.9,3824.2,-4,0.6,2.6612608,725.4,30.2,0.44255744
696.9,3824.7,1,0.5,2.6654334,725.6,30.2,0.44240375
795.1,3821.3,98.2,-3.4,3.0383156,725.8,30.2,0.44225006
790.9,3821.7,-4.2,0.4,3.0225825,726,30.2,0.44209637
902.9,3817.5,112,-4.2,3.4468208,726.3,30.2,0.44186583
1010.9,3813.4,108,-4.1,3.8549661,726.6,30.2,0.44163529
1007.9,3813.5,-3,0.1,3.8436267,726.9,30.2,0.44140475
1005.8,3813.6,-2.1,0.1,3.8357189,727.1,30.2,0.44125106
1011.8,3813.4,6,-0.2,3.8583981,727.4,30.2,0.44102052
1009.9,3813.5,-1.9,0.1,3.8512536,727.7,30.2,0.44078998
1013.9,3813.3,4,-0.2,3.8663049,728,30.2,0.44055944
1014.9,3813.3,1,0,3.8701182,728.3,30.2,0.4403289
1011.9,3813.4,-3,0.1,3.8587795,728.5,30.2,0.44017521
1019.9,3813.2,8,-0.2,3.8890827,728.8,30.2,0.43994467
1009.9,3813.6,-10,0.4,3.8513546,729.1,30.2,0.43971413
1009.9,3813.6,0,0,3.8513546,729.4,30.2,0.43948359
1009.9,3813.7,0,0.1,3.8514556,729.7,30.2,0.43925305
681.9,3826.5,-328,12.8,2.6092903,729.9,30.2,0.43909936
343.1,3840.4,-338.8,13.9,1.3176412,729.9,30.2,0.43909936
9,3854.4,-334.1,14,0.0346896,729.9,30.2,0.43909936
-313,3867.7,-322,13.3,-1.2105901,729.9,30.2,0.43909936
-642.8,3882.3,-329.8,14.6,-2.4955424,729.7,30.2,0.43925305
-641.9,3884.2,0.9,1.9,-2.493268,729.5,30.2,0.43940675
-648,3886.2,-6.1,2,-2.5182576,729.3,30.2,0.43956044
-746.9,3891.6,-98.9,5.4,-2.906636,729.1,30.2,0.43971413
-845.9,3897.1,-99,5.5,-3.2965569,728.9,30.2,0.43986782
-947.9,3902.7,-102,5.6,-3.6993693,728.6,30.2,0.44009836
-1045.9,3908.3,-98,5.6,-4.087691,728.3,30.2,0.4403289
-1039.9,3909.9,6,1.6,-4.065905,728,30.2,0.44055944
-1043.8,3911.6,-3.9,1.7,-4.0829281,727.7,30.2,0.44078998
-1044.9,3913.2,-1.1,1.6,-4.0889027,727.5,30.2,0.44094367
-1040.9,3914.6,4,1.4,-4.0747071,727.2,30.2,0.44117421
-1036.9,3915.8,4,1.2,-4.060293,726.9,30.2,0.44140475
-1043.8,3917.5,-6.9,1.7,-4.0890865,726.6,30.2,0.44163529
-1043.8,3918.9,0,1.4,-4.0905478,726.3,30.2,0.44186583
-1040.9,3920,2.9,1.1,-4.080328,726,30.2,0.44209637
-1038.9,3921.2,2,1.2,-4.0737347,725.7,30.2,0.4423269
-1012,3921.4,26.9,0.2,-3.9684568,725.4,30.2,0.44255744
-977.9,3921.2,34.1,-0.2,-3.8345415,725.2,30.2,0.44271114
-939.9,3920.8,38,-0.4,-3.6851599,724.9,30.2,0.44294167
-912.9,3920.7,27,-0.1,-3.579207,724.7,30.2,0.44309537
-880,3920.3,32.9,-0.4,-3.449864,724.4,30.2,0.4433259
-844.9,3919.9,35.1,-0.4,-3.3119235,724.2,30.2,0.4434796
-814,3919.5,30.9,-0.4,-3.190473,724,30.2,0.44363329
-810.9,3920.2,3.1,0.7,-3.1788902,723.7,30.2,0.44386383
-812,3921,-1.1,0.8,-3.183852,723.5,30.2,0.44401752
-815.9,3921.9,-3.9,0.9,-3.1998782,723.3,30.2,0.44417121
-814.9,3922.6,1,0.7,-3.1965267,723,30.2,0.44440175
-810.9,3923.2,4,0.6,-3.1813229,722.8,30.2,0.44455544
-810.9,3923.9,0,0.7,-3.1818905,722.6,30.2,0.44470914
-810.8,3924.7,0.1,0.8,-3.1821468,722.4,30.2,0.44486283
-809.9,3925.3,0.9,0.6,-3.1791005,722.1,30.2,0.44509337
-432.1,3911.3,377.8,-14,-1.6900727,722,30.2,0.44517021
-37,3895.9,395.1,-15.4,-0.1441483,722,30.2,0.44517021
342.9,3881.2,379.9,-14.7,1.3308635,722.1,30.2,0.44509337
726.9,3865.3,384,-15.9,2.8096866,722.3,30.2,0.44493968
1114.8,3848.9,387.9,-16.4,4.2907537,722.6,30.2,0.44470914
1495.7,3832.4,380.9,-16.5,5.7321207,723,30.2,0.44440175
1887.7,3815.1,392,-17.3,7.2017643,723.6,30.2,0.44394067
1889.7,3812.7,2,-2.4,7.2048592,724.1,30.2,0.44355644
1888.7,3810.6,-1,-2.1,7.1970802,724.6,30.2,0.44317221
1885.7,3808.8,-3,-1.8,7.1822542,725.1,30.2,0.44278798
1882.7,3807.2,-3,-1.6,7.1678154,725.7,30.2,0.4423269
1888.8,3805.3,6.1,-1.9,7.1874506,726.2,30.2,0.44194267
1890.7,3803.6,1.9,-1.7,7.1914665,726.7,30.2,0.44155844
1258.9,3826.7,-631.8,23.1,4.8174326,727.1,30.2,0.44125106
636,3850.5,-622.9,23.8,2.448918,727.2,30.2,0.44117421
6,3875.4,-630,24.9,0.0232524,727.2,30.2,0.44117421
-620.9,3900.4,-626.9,25,-2.4217584,727.1,30.2,0.44125106
-1246.8,3926.6,-625.9,26.2,-4.8956849,726.7,30.2,0.44155844
-1248.8,3929.2,-2,2.6,-4.906785,726.4,30.2,0.44178898
-1245.9,3931.3,2.9,2.1,-4.8980067,726,30.2,0.44209637
-1244.8,3933.1,1.1,1.8,-4.8959229,725.7,30.2,0.4423269
-1243.9,3934.9,0.9,1.8,-4.8946221,725.3,30.2,0.44263429
-1243.9,3936.5,0,1.6,-4.8966123,725,30.2,0.44286483
-1242.8,3938,1.1,1.5,-4.8941464,724.6,30.2,0.44317221
-1251.9,3939.7,-9.1,1.7,-4.9321104,724.3,30.2,0.44340275
-1247.8,3941,4.1,1.3,-4.9175798,723.9,30.2,0.44371014
-1250.8,3942.4,-3,1.4,-4.9311539,723.6,30.2,0.44394067
-1245.8,3943.5,5,1.1,-4.9128123,723.3,30.2,0.44417121
-1248.8,3944.8,-3,1.3,-4.9262662,722.9,30.2,0.4444786
-729,3925.7,519.8,-19.1,-2.8618353,722.7,30.2,0.44463229
-211.1,3905.8,517.9,-19.9,-0.82451438,722.6,30.2,0.44470914
302.8,3885.9,513.9,-19.9,1.1766505,722.7,30.2,0.44463229
310,3884.6,7.2,-1.3,1.204226,722.8,30.2,0.44455544
305,3884,-5,-0.6,1.18462,722.9,30.2,0.4444786
559.9,3873.5,254.9,-10.5,2.1687726,723.1,30.2,0.44432491
560,3872.5,0.1,-1,2.1686,723.2,30.2,0.44424806
560,3871.8,0,-0.7,2.168208,723.4,30.2,0.44409437
562,3871,2,-0.8,2.175502,723.5,30.2,0.44401752
556.9,3870.5,-5.1,-0.5,2.1554814,723.7,30.2,0.44386383
558.9,3869.9,2,-0.6,2.1628871,723.8,30.2,0.44378698
558.9,3869.3,0,-0.6,2.1625518,724,30.2,0.44363329
556.9,3868.9,-2,-0.4,2.1545904,724.1,30.2,0.44355644
560,3868.3,3.1,-0.6,2.166248,724.3,30.2,0.44340275
554,3868.1,-6,-0.2,2.1429274,724.5,30.2,0.44324906
-628.9,3913.1,-1182.9,45,-2.4609486,724.3,30.2,0.44340275
-621.9,3914.4,7,1.3,-2.4343654,724.1,30.2,0.44355644
-627.9,3915.8,-6,1.4,-2.4587308,723.9,30.2,0.44371014
-626.9,3916.7,1,0.9,-2.4553792,723.8,30.2,0.44378698
-622.9,3917.4,4,0.7,-2.4401485,723.6,30.2,0.44394067
-628,3918.4,-5.1,1,-2.4607552,723.4,30.2,0.44409437
-621,3918.9,7,0.5,-2.4336369,723.2,30.2,0.44424806
-619.9,3919.5,1.1,0.6,-2.4296981,723.1,30.2,0.44432491
-622.9,3920.3,-3,0.8,-2.4419549,722.9,30.2,0.4444786
-624,3921,-1.1,0.7,-2.446704,722.7,30.2,0.44463229
-626,3921.6,-2,0.6,-2.4549216,722.5,30.2,0.44478598
-624,3922.2,2,0.6,-2.4474528,722.4,30.2,0.44486283
224,3890.2,848,-32,0.8714048,722.4,30.2,0.44486283
1068.8,3856.4,844.8,-33.8,4.1217203,722.7,30.2,0.44463229
1074.8,3854.2,6,-2.2,4.1424942,723,30.2,0.44440175
1072.9,3852.7,-1.9,-1.5,4.1335618,723.3,30.2,0.44417121
1068.8,3851.6,-4.1,-1.1,4.1165901,723.6,30.2,0.44394067
1654.7,3827.5,585.9,-24.1,6.3333643,724.1,30.2,0.44355644
2224.6,3803.3,569.9,-24.2,8.4608212,724.7,30.2,0.44309537
2230.7,3800.4,6.1,-2.9,8.4775523,725.3,30.2,0.44263429
1914.9,3810.3,-315.8,9.9,7.2963435,725.9,30.2,0.44217321
1599.8,3820.9,-315.1,10.6,6.1126758,726.3,30.2,0.44186583
1286.9,3831.9,-312.9,11,4.9312721,726.7,30.2,0.44155844
971.1,3843.6,-315.8,11.7,3.73252,726.9,30.2,0.44140475
661.9,3855.3,-309.2,11.7,2.5518231,727.1,30.2,0.44125106
344,3867.8,-317.9,12.5,1.3305232,727.2,30.2,0.44117421
31,3880.5,-313,12.7,0.1202955,727.2,30.2,0.44117421
26,3881.5,-5,1,0.100919,727.2,30.2,0.44117421
37,3881.7,11,0.2,0.1436229,727.2,30.2,0.44117421
33,3882.4,-4,0.7,0.1281192,727.2,30.2,0.44117421
36,3882.7,3,0.3,0.1397772,727.3,30.2,0.44109736
35,3883.1,-1,0.4,0.1359085,727.3,30.2,0.44109736
33,3883.5,-2,0.4,0.1281555,727.3,30.2,0.44109736
29,3884,-4,0.5,0.112636,727.3,30.2,0.44109736
35,3884.1,6,0.1,0.1359435,727.3,30.2,0.44109736
32,3884.5,-3,0.4,0.124304,727.3,30.2,0.44109736
30,3884.9,-2,0.4,0.116547,727.3,30.2,0.44109736
32,3885,2,0.1,0.12432,727.3,30.2,0.44109736
33,3885.2,1,0.2,0.1282116,727.3,30.2,0.44109736
29,3885.7,-4,0.5,0.1126853,727.3,30.2,0.44109736
34,3885.7,5,0,0.1321138,727.3,30.2,0.44109736
33,3885.9,-1,0.2,0.1282347,727.4,30.2,0.44102052
31,3886.2,-2,0.3,0.1204722,727.4,30.2,0.44102052
31,3886.4,0,0.2,0.1204784,727.4,30.2,0.44102052
34,3886.4,3,0,0.1321376,727.4,30.2,0.44102052
33,3886.6,-1,0.2,0.1282578,727.4,30.2,0.44102052
31,3886.9,-2,0.3,0.1204939,727.4,30.2,0.44102052
29,3887.2,-2,0.3,0.1127288,727.4,30.2,0.44102052
38,3887,9,-0.2,0.147706,727.4,30.2,0.44102052
35,3887.3,-3,0.3,0.1360555,727.4,30.2,0.44102052
28,3887.7,-7,0.4,0.1088556,727.4,30.2,0.44102052
27,3887.9,-1,0.2,0.1049733,727.4,30.2,0.44102052
33,3887.8,6,-0.1,0.1282974,727.4,30.2,0.44102052
35,3887.8,2,0,0.136073,727.5,30.2,0.44094367
30,3888.1,-5,0.3,0.116643,727.5,30.2,0.44094367
35,3888.1,5,0,0.1360835,727.5,30.2,0.44094367
32,3888.3,-3,0.2,0.1244256,727.5,30.2,0.44094367
37,3888.3,5,0,0.1438671,727.5,30.2,0.44094367
34,3888.5,-3,0.2,0.132209,727.5,30.2,0.44094367
30,3888.8,-4,0.3,0.116664,727.5,30.2,0.44094367
33,3888.8,3,0,0.1283304,727.5,30.2,0.44094367
34,3888.9,1,0.1,0.1322226,727.5,30.2,0.44094367
31,3889.1,-3,0.2,0.1205621,727.5,30.2,0.44094367
32,3889.2,1,0.1,0.1244544,727.5,30.1,0.44094367
33,3889.3,1,0.1,0.1283469,727.6,30.1,0.44086683
33,3889.3,0,0,0.1283469,727.6,30.1,0.44086683
28,3889.6,-5,0.3,0.1089088,727.6,30.1,0.44086683
33,3889.5,5,-0.1,0.1283535,727.6,30.1,0.44086683
34,3889.6,1,0.1,0.1322464,727.6,30.1,0.44086683
36,3889.6,2,0,0.1400256,727.6,30.1,0.44086683
33,3889.8,-3,0.2,0.1283634,727.6,30.1,0.44086683
34,3889.9,1,0.1,0.1322566,727.6,30.1,0.44086683
38,3889.8,4,-0.1,0.1478124,727.6,30.1,0.44086683
31,3890.1,-7,0.3,0.1205931,727.6,30.1,0.44086683
32,3890.2,1,0.1,0.1244864,727.6,30.1,0.44086683
33,3890.2,1,0,0.1283766,727.7,30.1,0.44078998
30,3890.4,-3,0.2,0.116712,727.7,30.1,0.44078998
31,3890.5,1,0.1,0.1206055,727.7,30.1,0.44078998
31,3890.6,0,0.1,0.1206086,727.7,30.1,0.44078998
35,3890.5,4,-0.1,0.1361675,727.7,30.1,0.44078998
34,3890.6,-1,0.1,0.1322804,727.7,30.1,0.44078998
32,3890.7,-2,0.1,0.1245024,727.7,30.1,0.44078998
38,3890.6,6,-0.1,0.1478428,727.7,30.1,0.44078998
31,3890.9,-7,0.3,0.1206179,727.7,30.1,0.44078998
29,3891.1,-2,0.2,0.1128419,727.7,30.1,0.44078998
29,3891.1,0,0,0.1128419,727.7,30.1,0.44078998
34,3891,5,-0.1,0.132294,727.8,30.1,0.44071313
31,3891.2,-3,0.2,0.1206272,727.8,30.1,0.44071313
35,3891.1,4,-0.1,0.1361885,727.8,30.1,0.44071313
36,3891.1,1,0,0.1400796,727.8,30.1,0.44071313
28,3891.5,-8,0.4,0.108962,727.8,30.1,0.44071313
37,3891.2,9,-0.3,0.1439744,727.8,30.1,0.44071313
37,3891.3,0,0.1,0.1439781,727.8,30.1,0.44071313
36,3891.4,-1,0.1,0.1400904,727.8,30.1,0.44071313
28,3891.7,-8,0.3,0.1089676,727.8,30.1,0.44071313
33,3891.6,5,-0.1,0.1284228,727.8,30.1,0.44071313
35,3891.6,2,0,0.136206,727.9,30.1,0.44063629
36,3891.6,1,0,0.1400976,727.9,30.1,0.44063629
32,3891.8,-4,0.2,0.1245376,727.9,30.1,0.44063629
33,3891.8,1,0,0.1284294,727.9,30.1,0.44063629
33,3891.9,0,0.1,0.1284327,727.9,30.1,0.44063629
34,3891.8,1,-0.1,0.1323212,727.9,30.1,0.44063629
401.9,3877.6,367.9,-14.2,1.5584074,728,30.1,0.44055944
766.7,3862.8,364.8,-14.8,2.9616088,728.2,30.1,0.44040575
1145.8,3847,379.1,-15.8,4.4078926,728.5,30.1,0.44017521
1509.7,3831.3,363.9,-15.7,5.7841136,729,30.1,0.43979098
1510.7,3829.4,1,-1.9,5.7850746,729.4,30.1,0.43948359
1513.7,3827.7,3,-1.7,5.7939895,729.8,30.1,0.43917621
1516.6,3826.2,2.9,-1.5,5.8028149,730.2,30.1,0.43886882
1951.6,3807.9,435,-18.3,7.4314976,730.8,30.1,0.43840775
1951.7,3805.9,0.1,-2,7.427975,731.3,30.1,0.43802351
1952.7,3804.2,1,-1.7,7.4284613,731.8,30.1,0.43763928
1946.6,3802.7,-6.1,-1.5,7.4023358,732.4,30.1,0.43717821
1949.6,3801.1,3,-1.6,7.4106246,732.9,30.1,0.43679398
1948.7,3799.6,-0.9,-1.5,7.4042805,733.5,30.1,0.4363329
1944.7,3798.4,-4,-1.2,7.3867485,734,30.1,0.43594867
1954.7,3796.6,10,-1.8,7.421214,734.6,30.1,0.43548759
1955.7,3795.3,1,-1.3,7.4224682,735.1,30.1,0.43510336
1950.6,3794.2,-5.1,-1.1,7.4009665,735.6,30.1,0.43471913
1950.7,3792.9,0.1,-1.3,7.39881,736.2,30.1,0.43425805
1951.8,3791.7,1.1,-1.2,7.4006401,736.7,30.1,0.43387382
1091.9,3824,-859.9,32.3,4.1754256,737,30.1,0.43364328
1091.8,3824.3,-0.1,0.3,4.1753707,737.3,30.1,0.43341274
1091.8,3824.2,0,-0.1,4.1752616,737.6,30.1,0.4331822
1093.9,3824.1,2.1,-0.1,4.183183,737.9,30.1,0.43295166
1094.9,3823.8,1,-0.3,4.1866786,738.2,30.1,0.43272113
1093.8,3823.7,-1.1,-0.1,4.1823631,738.5,30.1,0.43249059
1096.9,3823.3,3.1,-0.4,4.1937778,738.8,30.1,0.43226005
1093.9,3823.2,-3,-0.1,4.1821985,739.2,30.1,0.43195266
1095.8,3822.8,1.9,-0.4,4.1890242,739.5,30.1,0.43172212
1092.9,3822.7,-2.9,-0.1,4.1778288,739.8,30.1,0.43149159
1093.8,3822.4,0.9,-0.3,4.1809411,740.1,30.1,0.43126105
1383.8,3810.8,290,-11.6,5.273385,740.4,30.1,0.43103051
1667.7,3799,283.9,-11.8,6.3355923,740.9,30.1,0.43064628
1951.7,3786.8,284,-12.2,7.3906976,741.5,30.1,0.4301852
2237.6,3774.2,285.9,-12.6,8.4451499,742.1,30.1,0.42972412
2241.7,3772.4,4.1,-1.8,8.4565891,742.7,30.1,0.42926304
2241.6,3770.9,-0.1,-1.5,8.4528494,743.3,30.1,0.42880197
2239.7,3769.5,-1.9,-1.4,8.4425491,743.9,30.1,0.42834089
2243.7,3768.1,4,-1.4,8.454486,744.6,30.1,0.42780297
2238.7,3767,-5,-1.1,8.4331829,745.2,30.1,0.42734189
2243.7,3765.6,5,-1.4,8.4488767,745.8,30.1,0.42688081
2477.6,3755.3,233.9,-10.3,9.3041313,746.5,30.1,0.42634289
2469.8,3754.2,-7.8,-1.1,9.2721232,747.2,30.1,0.42580496
2474.6,3752.6,4.8,-1.6,9.286184,747.9,30.1,0.42526704
2475.6,3751.2,1,-1.4,9.2864707,748.6,30.1,0.42472912
2469.6,3750.2,-6,-1,9.2614939,749.2,30.1,0.42426804
2473.7,3748.9,4.1,-1.3,9.2736539,749.9,30.1,0.42373012
2475.7,3747.6,2,-1.3,9.2779333,750.6,30.1,0.42319219
2474.7,3746.5,-1,-1.1,9.2714635,751.3,30.1,0.42265427
1869.7,3769.2,-605,22.7,7.0472732,751.8,30.1,0.42227004
1272.9,3792.4,-596.8,23.2,4.827346,752.2,30.1,0.42196265
1277.8,3792.9,4.9,0.5,4.8465676,752.5,30.1,0.42173211
1270.9,3793.5,-6.9,0.6,4.8211591,752.9,30.1,0.42142473
1271.9,3793.7,1,0.2,4.825207,753.2,30.1,0.42119419
1272.8,3793.9,0.9,0.2,4.8288759,753.6,30.1,0.42088681
1273.8,3793.9,1,0,4.8326698,754,30.1,0.42057942
1494.8,3785.3,221,-8.6,5.6582664,754.4,30.1,0.42027204
1717.6,3776.3,222.8,-9,6.4861729,754.8,30.1,0.41996465
1939.6,3767,222,-9.3,7.3064732,755.4,30.1,0.41950357
2155.6,3757.6,216,-9.4,8.0998826,756,30.1,0.4190425
2381.7,3747.7,226.1,-9.9,8.9258971,756.6,30.1,0.41858142
2377.6,3746.6,-4.1,-1.1,8.9079162,757.3,30.1,0.41804349
2375.7,3745.5,-1.9,-1.1,8.8981843,758,30.1,0.41750557
2377.6,3744.4,1.9,-1.1,8.9026854,758.6,30.1,0.41704449
2376.6,3743.5,-1,-0.9,8.8968021,759.3,30.1,0.41650657
2376.6,3742.5,0,-1,8.8944255,759.9,30.1,0.41604549
2372.7,3741.8,-3.9,-0.7,8.8781689,760.6,30.1,0.41550757
298.2,3822.6,-2074.5,80.8,1.1398993,760.7,30.1,0.41543072
297,3825,-1.2,2.4,1.136025,760.8,30.1,0.41535388
297.9,3826.6,0.9,1.6,1.1399441,760.9,30.1,0.41527703
295,3828.2,-2.9,1.6,1.129319,760.9,30.1,0.41527703
295,3829.5,0,1.3,1.1297025,761,30.1,0.41520018
293.9,3830.7,-1.1,1.2,1.1258427,761.1,30.1,0.41512334
295,3831.6,1.1,0.9,1.130322,761.2,30.1,0.41504649
295,3832.6,0,1,1.130617,761.3,30.2,0.41496965
300.9,3833.3,5.9,0.7,1.15344,761.3,30.2,0.41496965
287,3834.6,-13.9,1.3,1.1005302,761.4,30.2,0.4148928
297,3835,10,0.4,1.138995,761.5,30.2,0.41481595
298,3835.7,1,0.7,1.1430386,761.6,30.2,0.41473911
299,3836.4,1,0.7,1.1470836,761.7,30.2,0.41466226
295,3837.2,-4,0.8,1.131974,761.8,30.2,0.41458541
296,3837.9,1,0.7,1.1360184,761.8,30.2,0.41458541
301,3838.3,5,0.4,1.1553283,761.9,30.2,0.41450857
295,3839.1,-6,0.8,1.1325345,762,30.2,0.41443172
291,3839.8,-4,0.7,1.1173818,762.1,30.2,0.41435488
298.9,3840.1,7.9,0.3,1.1478059,762.2,30.2,0.41427803
382.8,3837.3,83.9,-2.8,1.4689184,762.3,30.2,0.41420118
469.9,3834.3,87.1,-3,1.8017376,762.4,30.2,0.41412434
552.8,3831.3,82.9,-3,2.1179426,762.6,30.2,0.41397064
558.9,3831.2,6.1,-0.1,2.1412577,762.7,30.2,0.4138938
558,3831.4,-0.9,0.2,2.1379212,762.9,30.2,0.41374011
555.9,3831.6,-2.1,0.2,2.1299864,763,30.2,0.41366326
557,3831.8,1.1,0.2,2.1343126,763.2,30.2,0.41350957
-270,3863.7,-827,31.9,-1.043199,763.1,30.2,0.41358641
-1090.8,3897.3,-820.8,33.6,-4.2511748,762.8,30.2,0.41381695
-1092.9,3899.9,-2.1,2.6,-4.2622007,762.5,30.2,0.41404749
-1089.9,3901.8,3,1.9,-4.2525718,762.2,30.2,0.41427803
-1088.9,3903.7,1,1.9,-4.2507389,761.9,30.2,0.41450857
-1094.8,3905.6,-5.9,1.9,-4.2758509,761.6,30.2,0.41473911
-1088.9,3907.1,5.9,1.5,-4.2544412,761.3,30.2,0.41496965
-1091.9,3908.7,-3,1.6,-4.2679095,761,30.2,0.41520018
-1094.9,3910.3,-3,1.6,-4.2813875,760.7,30.2,0.41543072
-1087.9,3911.5,7,1.2,-4.2553209,760.4,30.2,0.41566126
-1096.9,3913.2,-9,1.7,-4.2923891,760.1,30.2,0.4158918
-1086.8,3914.2,10.1,1,-4.2539526,759.8,30.2,0.41612234
-1090.9,3915.6,-4.1,1.4,-4.271528,759.5,30.2,0.41635288
-1093.9,3916.9,-3,1.3,-4.2846969,759.2,30.2,0.41658342
-1096.9,3918.2,-3,1.3,-4.2978736,758.9,30.2,0.41681396
-1092.8,3919.3,4.1,1.1,-4.283011,758.6,30.2,0.41704449
-315,3890,777.8,-29.3,-1.22535,758.5,30.2,0.41712134
454.9,3860.4,769.9,-29.6,1.756096,758.6,30.2,0.41704449
1226.8,3829.2,771.9,-31.2,4.6976626,758.9,30.2,0.41681396
2001.6,3797,774.8,-32.2,7.6000752,759.5,30.2,0.41635288
2772.5,3764.1,770.9,-32.9,10.435967,760.3,30.2,0.41573811
2775.7,3760.6,3.2,-3.5,10.438297,761,30.2,0.41520018
2770.7,3757.8,-5,-2.8,10.411736,761.8,30.2,0.41458541
2769.7,3755.1,-1,-2.7,10.4005,762.6,30.2,0.41397064
2773.6,3752.5,3.9,-2.6,10.407934,763.3,30.2,0.41343272
2770.7,3750.3,-2.9,-2.2,10.390956,764.1,30.2,0.41281795
2774.7,3748,4,-2.3,10.399576,764.9,30.2,0.41220318
2772.7,3745.9,-2,-2.1,10.386257,765.6,30.2,0.41166526
2768.7,3744,-4,-1.9,10.366013,766.4,30.2,0.41105049
2776.6,3741.9,7.9,-2.1,10.38976,767.2,30.2,0.41043572
2774.7,3740.1,-1.9,-1.8,10.377655,768,30.2,0.40982095
2776.6,3738.2,1.9,-1.9,10.379486,768.7,30.2,0.40928302
2774.8,3736.5,-1.8,-1.7,10.36804,769.5,30.2,0.40866825
2768.6,3735.1,-6.2,-1.4,10.340998,770.3,30.2,0.40805348
2771.6,3733.3,3,-1.8,10.347214,771,30.2,0.40751556
2915.6,3726.2,144,-7.1,10.864109,771.8,30.2,0.40690079
2567.7,3738.1,-347.9,11.9,9.5983194,772.6,30.2,0.40628602
2220.7,3750.5,-347,12.4,8.3287354,773.2,30.2,0.40582494
1876.7,3763.4,-344,12.9,7.0627728,773.7,30.2,0.40544071
1538.9,3776.4,-337.8,13,5.811502,774.1,30.2,0.40513333
1189.9,3790.3,-349,13.9,4.510078,774.5,30.2,0.40482594
845,3804.4,-344.9,14.1,3.214718,774.7,30.2,0.40467225
498.1,3818.8,-346.9,14.4,1.9021443,774.8,30.2,0.4045954
499.9,3820,1.8,1.2,1.909618,775,30.2,0.40444171
398,3825,-101.9,5,1.52235,775.1,30.2,0.40436487
289,3830.2,-109,5.2,1.1069278,775.2,30.2,0.40428802
185.1,3835.4,-103.9,5.2,0.70993254,775.2,30.2,0.40428802
190,3836.3,4.9,0.9,0.728897,775.3,30.2,0.40421117
189,3837.3,-1,1,0.7252497,775.3,30.2,0.40421117
189,3838.2,0,0.9,0.7254198,775.4,30.2,0.40413433
192,3838.9,3,0.7,0.7370688,775.4,30.2,0.40413433
186.1,3839.9,-5.9,1,0.71460539,775.5,30.2,0.40405748
192.1,3840.4,6,0.5,0.73774084,775.5,30.2,0.40405748
189,3841.2,-3.1,0.8,0.7259868,775.6,30.2,0.40398063
188.1,3841.9,-0.9,0.7,0.72266139,775.6,30.2,0.40398063
187.1,3842.6,-1,0.7,0.71895046,775.7,30.2,0.40390379
189,3843.1,1.9,0.5,0.7263459,775.7,30.2,0.40390379
190,3843.6,1,0.5,0.730284,775.8,30.2,0.40382694
185.1,3844.4,-4.9,0.8,0.71159844,775.8,30.2,0.40382694
2945.5,3737,2760.4,-107.4,11.007333,776.7,30.2,0.40313533
2953.7,3732.9,8.2,-4.1,11.025867,777.5,30.2,0.40252056
2949.8,3730.1,-3.9,-2.8,11.003049,778.3,30.2,0.40190579
2948.6,3727.6,-1.2,-2.5,10.991201,779.1,30.2,0.40129102
2950.7,3725.2,2.1,-2.4,10.991948,779.9,30.2,0.40067625
2949.7,3723.2,-1,-2,10.982323,780.8,30.2,0.39998463
2946.7,3721.4,-3,-1.8,10.965849,781.6,30.2,0.39936986
2951.7,3719.4,5,-2,10.978553,782.4,30.2,0.39875509
2945.7,3718,-6,-1.4,10.952113,783.2,30.2,0.39814032
2948.6,3716.3,2.9,-1.7,10.957882,784,30.2,0.39752555
2946.7,3714.8,-1.9,-1.5,10.946401,784.9,30.2,0.39683394
2945.7,3713.4,-1,-1.4,10.938562,785.7,30.2,0.39621917
2944.7,3712,-1,-1.4,10.930726,786.5,30.2,0.3956044
2947.7,3710.5,3,-1.5,10.937441,787.3,30.2,0.39498963
2947.7,3709.2,0,-1.3,10.933609,788.1,30.2,0.39437486
2948.7,3707.8,1,-1.4,10.93319,788.9,30.2,0.39376009
2942.7,3706.8,-6,-1,10.908,789.8,30.2,0.39306847
2950.8,3705.3,8.1,-1.5,10.933599,790.6,30.2,0.3924537
2944.6,3704.3,-6.2,-1,10.907682,791.4,30.2,0.39183893
2999.7,3701,55.1,-3.3,11.10189,792.2,30.2,0.39122416
2999.7,3699.7,0,-1.3,11.09799,793.1,30.2,0.39053254
2999.7,3698.5,0,-1.2,11.09439,793.9,30.2,0.38991777
2999.7,3697.4,0,-1.1,11.091091,794.7,30.2,0.389303
2999.7,3696.2,0,-1.2,11.087491,795.6,30.2,0.38861139
2999.7,3695.1,0,-1.1,11.084191,796.4,30.2,0.38799662
2999.7,3694,0,-1.1,11.080892,797.2,30.2,0.38738185
2999.7,3693,0,-1,11.077892,798.1,30.2,0.38669023
2999.7,3691.9,0,-1.1,11.074592,798.9,30.2,0.38607546
2999.7,3690.9,0,-1,11.071593,799.7,30.2,0.38546069
2999.7,3689.9,0,-1,11.068593,800.6,30.2,0.38476908
2999.7,3688.9,0,-1,11.065593,801.4,30.2,0.38415431
2999.7,3688,0,-0.9,11.062894,802.2,30.2,0.38353954
2999.7,3687,0,-1,11.059894,803.1,30.3,0.38284792
2999.7,3686.1,0,-0.9,11.057194,803.9,30.3,0.38223315
1616,3739.9,-1383.7,53.8,6.0436784,804.3,30.3,0.38192577
-61,3806.8,-1677,66.9,-0.2322148,804.3,30.3,0.38192577
-72,3810.8,-11,4,-0.2743776,804.3,30.3,0.38192577
-65,3813.3,7,2.5,-0.2478645,804.3,30.3,0.38192577
-65,3815.7,0,2.4,-0.2480205,804.3,30.3,0.38192577
-62,3817.7,3,2,-0.2366974,804.3,30.3,0.38192577
-66,3819.8,-4,2.1,-0.2521068,804.2,30.3,0.38200261
-66,3821.6,0,1.8,-0.2522256,804.2,30.3,0.38200261
-63,3823.1,3,1.5,-0.2408553,804.2,30.3,0.38200261
-62,3824.7,1,1.6,-0.2371314,804.2,30.3,0.38200261
-65,3826.3,-3,1.6,-0.2487095,804.2,30.3,0.38200261
-66,3827.8,-1,1.5,-0.2526348,804.2,30.3,0.38200261
-8,3826.8,58,-1,-0.0306144,804.1,30.3,0.38207946
46,3826.5,54,-0.3,0.176019,804.2,30.3,0.38200261
113.1,3824.9,67.1,-1.6,0.43259619,804.2,30.3,0.38200261
155,3824.2,41.9,-0.7,0.592751,804.2,30.3,0.38200261
221,3822.5,66,-1.7,0.8447725,804.3,30.3,0.38192577
219,3823.4,-2,0.9,0.8373246,804.4,30.3,0.38184892
221,3824.1,2,0.7,0.8451261,804.4,30.3,0.38184892
222.1,3824.8,1.1,0.7,0.84948808,804.5,30.3,0.38177207
226.1,3825.3,4,0.5,0.86490033,804.5,30.3,0.38177207
226,3826,-0.1,0.7,0.864676,804.6,30.3,0.38169523
222,3826.9,-4,0.9,0.8495718,804.7,30.3,0.38161838
212,3827.9,-10,1,0.8115148,804.7,30.3,0.38161838
218,3828.3,6,0.4,0.8345694,804.8,30.3,0.38154154
220.1,3828.9,2.1,0.6,0.84274089,804.8,30.3,0.38154154
215.1,3829.7,-5,0.8,0.82376847,804.9,30.3,0.38146469
221,3830.1,5.9,0.4,0.8464521,805,30.3,0.38138784
613.9,3815.3,392.9,-14.8,2.3422127,805.1,30.3,0.381311
1002.8,3800.1,388.9,-15.2,3.8107403,805.4,30.3,0.38108046
1390.8,3784.4,388,-15.7,5.2633435,805.8,30.3,0.38077307
1780.7,3768.2,389.9,-16.2,6.7100337,806.3,30.3,0.38038884
2173.5,3751.5,392.8,-16.7,8.1538853,806.9,30.3,0.37992776
2179.6,3749.4,6.1,-2.1,8.1721922,807.5,30.3,0.37946669
2172.6,3748.1,-7,-1.3,8.1431221,808.1,30.3,0.37900561
2182.5,3746.2,9.9,-1.9,8.1760815,808.7,30.3,0.37854453
2171.6,3745.3,-10.9,-0.9,8.1332935,809.3,30.3,0.37808346
2172.6,3744.1,1,-1.2,8.1344317,809.9,30.3,0.37762238
2170.7,3742.9,-1.9,-1.2,8.124713,810.5,30.3,0.3771613
2173.7,3741.7,3,-1.2,8.1333333,811.1,30.3,0.37670022
165.2,3819.1,-2008.5,77.4,0.63091532,811.2,30.3,0.37662338
163.1,3821.3,-2.1,2.2,0.62325403,811.2,30.3,0.37662338
166.9,3822.8,3.8,1.5,0.63802532,811.3,30.3,0.37654653
168,3824,1.1,1.2,0.642432,811.3,30.3,0.37654653
169,3825.1,1,1.1,0.6464419,811.4,30.4,0.37646968
167,3826.1,-2,1,0.6389587,811.4,30.4,0.37646968
161,3827.3,-6,1.2,0.6161953,811.5,30.4,0.37639284
165.1,3827.9,4.1,0.6,0.63198629,811.5,30.4,0.37639284
479.9,3816.5,314.8,-11.4,1.8315383,811.6,30.4,0.37631599
792.9,3804.6,313,-11.9,3.0166673,811.9,30.4,0.37608545
1111.8,3792,318.9,-12.6,4.2159456,812.2,30.4,0.37585491
1430.7,3779,318.9,-13,5.4066153,812.6,30.4,0.37554753
1738.7,3766.1,308,-12.9,6.5481181,813,30.4,0.37524014
1735.8,3765,-2.9,-1.1,6.535287,813.5,30.4,0.37485591
1741.8,3763.6,6,-1.4,6.5554385,814,30.4,0.37447168
1741.8,3762.7,0,-0.9,6.5538709,814.5,30.3,0.37408745
1742.7,3761.8,0.9,-0.9,6.5556889,815,30.3,0.37370322
1743.7,3761,1,-0.8,6.5580557,815.5,30.3,0.37331899
1743.8,3760.2,0.1,-0.8,6.5570368,815.9,30.3,0.3730116
1744.7,3759.4,0.9,-0.8,6.5590252,816.4,30.3,0.37262737
1738.8,3759,-5.9,-0.4,6.5361492,816.9,30.3,0.37224314
1743.8,3758.1,5,-0.9,6.5533748,817.4,30.3,0.37185891
1818.7,3754.5,74.9,-3.6,6.8283091,817.9,30.3,0.37147468
1897.7,3750.7,79,-3.8,7.1177034,818.4,30.3,0.37109045
1974.6,3746.9,76.9,-3.8,7.3986287,819,30.3,0.37062937
2051.7,3743,77.1,-3.9,7.6795131,819.5,30.3,0.37024514
2127.6,3739.1,75.9,-3.9,7.9553092,820.1,30.3,0.36978406
2204.6,3735.1,77,-4,8.2344015,820.8,30.3,0.36924614
2201.6,3734.1,-3,-1,8.2209946,821.4,30.3,0.36878506
2202.6,3733.1,1,-1,8.2225261,822,30.3,0.36832398
2197.7,3732.4,-4.9,-0.7,8.2026955,822.6,30.3,0.36786291
2199.7,3731.5,2,-0.9,8.2081805,823.2,30.3,0.36740183
2202.7,3730.5,3,-1,8.2171724,823.8,30.3,0.36694075
2200.7,3729.8,-2,-0.7,8.2081709,824.4,30.3,0.36647967
2201.6,3729,0.9,-0.8,8.2097664,825,30.4,0.3660186
2205.7,3728.1,4.1,-0.9,8.2230702,825.6,30.4,0.36555752
2206.7,3727.3,1,-0.8,8.2250329,826.3,30.4,0.3650196
2199.7,3726.9,-7,-0.4,8.1980619,826.9,30.4,0.36455852
2209.6,3725.8,9.9,-1.1,8.2325277,827.5,30.4,0.36409744
2200.6,3725.5,-9,-0.3,8.1983353,828.1,30.4,0.36363636
2202.6,3724.7,2,-0.8,8.2040242,828.7,30.4,0.36317529
2640.6,3706.9,438,-17.8,9.7884401,829.4,30.4,0.36263736
2999.6,3691.5,359,-15.4,11.073023,830.3,30.4,0.36194575
2999.7,3689.8,0.1,-1.7,11.068293,831.1,30.4,0.36133098
2999.7,3688.3,0,-1.5,11.063794,831.9,30.4,0.36071621
2999.7,3686.9,0,-1.4,11.059594,832.8,30.4,0.36002459
2999.7,3685.6,0,-1.3,11.055694,833.6,30.4,0.35940982
2804.8,3692,-194.9,6.4,10.355322,834.4,30.4,0.35879505
2530.7,3701.8,-274.1,9.8,9.3681453,835.1,30.4,0.35825713
2246.7,3712.5,-284,10.7,8.3408738,835.7,30.4,0.35779605
1975.7,3723,-271,10.5,7.3555311,836.3,30.4,0.35733497
1692.8,3734.2,-282.9,11.2,6.3212538,836.7,30.4,0.35702759
1418.9,3745.5,-273.9,11.3,5.3144899,837.1,30.4,0.3567202
1420.8,3746.1,1.9,0.6,5.3224589,837.5,30.4,0.35641282
1352.1,3749.4,-68.7,3.3,5.0695637,837.9,30.4,0.35610543
1283.8,3752.6,-68.3,3.2,4.8175879,838.3,30.4,0.35579805
1215.8,3755.8,-68,3.2,4.5663016,838.6,30.4,0.35556751
1151,3759,-64.8,3.2,4.326609,838.9,30.4,0.35533697
1071.9,3762.7,-79.1,3.7,4.0332381,839.2,30.4,0.35510643
1011.9,3765.7,-60,3,3.8105118,839.5,30.4,0.35487589
940.9,3769.2,-71,3.5,3.5464403,839.7,30.4,0.3547222
934.9,3770.2,-6,1,3.52476,840,30.4,0.35449166
940.9,3770.6,6,0.4,3.5477575,840.3,30.4,0.35426112
941.9,3771.1,1,0.5,3.5519991,840.5,30.4,0.35410743
933.9,3772,-8,0.9,3.5226708,840.8,30.4,0.35387689
936.8,3772.4,2.9,0.4,3.5339843,841.1,30.4,0.35364635
1104.9,3766.3,168.1,-6.1,4.1613849,841.4,30.4,0.35341581
1273.8,3759.9,168.9,-6.4,4.7893606,841.7,30.4,0.35318528
1437.7,3753.4,163.9,-6.5,5.3962632,842.1,30.4,0.35287789
1599.7,3746.8,162,-6.6,5.993756,842.6,30.4,0.35249366
1767.7,3739.7,168,-7.1,6.6106677,843,30.4,0.35218628
1938.7,3732.4,171,-7.3,7.2360039,843.6,30.4,0.3517252
2097.7,3725.4,159,-7,7.8147716,844.2,30.4,0.35126412
2096.7,3724.4,-1,-1,7.8089495,844.8,30.4,0.35080304
2101.7,3723.5,5,-0.9,7.82568,845.3,30.4,0.35041881
2102.6,3722.7,0.9,-0.8,7.827349,845.9,30.4,0.34995773
2098.7,3722.1,-3.9,-0.6,7.8115713,846.5,30.4,0.34949666
2094.7,3721.7,-4,-0.4,7.795845,847.1,30.4,0.34903558
2098.6,3720.9,3.9,-0.8,7.8086807,847.7,30.4,0.3485745
2098.7,3720.3,0.1,-0.6,7.8077936,848.2,30.4,0.34819027
2094.7,3719.9,-4,-0.4,7.7920745,848.8,30.4,0.34772919
2099.6,3719.2,4.9,-0.7,7.8088323,849.4,30.4,0.34726812
710,3773.2,-1389.6,54,2.678972,849.6,30.4,0.34711442
-683.9,3828.9,-1393.9,55.7,-2.6185847,849.4,30.4,0.34726812
-681.9,3832.3,2,3.4,-2.6132454,849.2,30.4,0.34742181
-678.9,3835,3,2.7,-2.6035815,849,30.4,0.3475755
-685.9,3837.7,-7,2.7,-2.6322784,848.9,30.4,0.34765235
-676.9,3839.6,9,1.9,-2.5990252,848.7,30.4,0.34780604
-382,3830.2,294.9,-9.4,-1.4631364,848.6,30.4,0.34788289
-79,3819.9,303,-10.3,-0.3017721,848.5,30.4,0.34795973
225,3809.6,304,-10.3,0.85716,848.6,30.4,0.34788289
523.9,3798.5,298.9,-11.1,1.9900342,848.7,30.4,0.34780604
823.9,3787,300,-11.5,3.1201093,849,30.4,0.3475755
1126.8,3774.9,302.9,-12.1,4.2535573,849.3,30.4,0.34734496
1122.9,3774.6,-3.9,-0.3,4.2384983,849.6,30.4,0.34711442
1308.8,3766.9,185.9,-7.7,4.9301187,850,30.4,0.34680704
1491.8,3759.2,183,-7.7,5.6079746,850.4,30.4,0.34649965
1677.7,3751.2,185.9,-8,6.2933882,850.8,30.4,0.34619227
1867.7,3742.8,190,-8.4,6.9904276,851.4,30.4,0.34573119
2040.6,3734.9,172.9,-7.9,7.6214369,851.9,30.4,0.34534696
2226.7,3726.4,186.1,-8.5,8.2975749,852.5,30.4,0.34488588
2224.7,3725,-2,-1.4,8.2870075,853.2,30.4,0.34434796
2229.6,3723.5,4.9,-1.5,8.3019156,853.8,30.4,0.34388688
2230.7,3722.3,1.1,-1.2,8.3033346,854.4,30.4,0.3434258
2228.7,3721.2,-2,-1.1,8.2934384,855,30.4,0.34296473
2228.7,3720.2,0,-1,8.2912097,855.6,30.4,0.34250365
2230.6,3719.1,1.9,-1.1,8.2958245,856.3,30.4,0.34196573
2228.7,3718.2,-1.9,-0.9,8.2867523,856.9,30.4,0.34150465
2230.6,3717.2,1.9,-1,8.2915863,857.5,30.4,0.34104357
2225.7,3716.6,-4.9,-0.6,8.2720366,858.1,30.4,0.34058249
2226.7,3715.7,1,-0.9,8.2737492,858.7,30.4,0.34012142
1110.9,3758.7,-1115.8,43,4.1755398,859,30.4,0.33989088
1109.9,3759.7,-1,1,4.172891,859.4,30.4,0.33958349
1109.9,3760.4,0,0.7,4.173668,859.7,30.4,0.33935295
1107.8,3760.9,-2.1,0.5,4.166325,860,30.4,0.33912242
1112.9,3761.1,5.1,0.2,4.1857282,860.3,30.4,0.33889188
1106.8,3761.7,-6.1,0.6,4.1634496,860.6,30.4,0.33866134
1106.8,3762,0,0.3,4.1637816,860.9,30.4,0.3384308
1101.9,3762.5,-4.9,0.5,4.1458988,861.2,30.4,0.33820026
1102.8,3762.7,0.9,0.2,4.1495056,861.5,30.4,0.33796972
1111.8,3762.5,9,-0.2,4.1831475,861.8,30.4,0.33773918
1113.8,3762.7,2,0.2,4.1908953,862.1,30.4,0.33750865
1106.8,3763.1,-7,0.4,4.1649991,862.4,30.4,0.33727811
1832.7,3734.9,725.9,-28.2,6.8449512,862.9,30.4,0.33689388
2573.5,3704.9,740.8,-30,9.5345601,863.7,30.4,0.33627911
2572.6,3703,-0.9,-1.9,9.5263378,864.4,30.4,0.33574118
2567.9,3701.6,-4.7,-1.4,9.5053386,865.1,30.4,0.33520326
2568.7,3700.2,0.8,-1.4,9.5047037,865.8,30.4,0.33466533
2565.7,3699,-3,-1.2,9.4905243,866.5,30.4,0.33412741
2431.7,3703.1,-134,4.1,9.0048283,867.2,30.4,0.33358949
2289.7,3707.7,-142,4.6,8.4895207,867.8,30.4,0.33312841
2288.7,3707.1,-1,-0.6,8.4844398,868.5,30.4,0.33259049
2287.7,3706.4,-1,-0.7,8.4791313,869.1,30.4,0.33212941
2284.7,3705.8,-3,-0.6,8.4666413,869.7,30.4,0.33166833
2288.7,3705,4,-0.8,8.4796335,870.4,30.4,0.33113041
2289.7,3704.3,1,-0.7,8.4817357,871,30.4,0.33066933
2289.7,3703.6,0,-0.7,8.4801329,871.6,30.4,0.33020825
2285.7,3703.1,-4,-0.5,8.4641757,872.3,30.4,0.32967033
2288.6,3702.4,2.9,-0.7,8.4733126,872.9,30.4,0.32920925
2289.6,3701.7,1,-0.7,8.4754123,873.5,30.4,0.32874817
2282.6,3701.3,-7,-0.4,8.4485874,874.2,30.5,0.32821025
2291.7,3700.4,9.1,-0.9,8.4802067,874.8,30.5,0.32774917
2288.7,3699.9,-3,-0.5,8.4679611,875.4,30.5,0.3272881
2288.7,3699.3,0,-0.6,8.4665879,876.1,30.5,0.32675017
2285.7,3698.9,-3,-0.4,8.4545757,876.7,30.5,0.3262891
477.1,3769.4,-1808.6,70.5,1.7983807,876.9,30.5,0.3261354
479.9,3771.6,2.8,2.2,1.8099908,877,30.5,0.32605856
475,3773.6,-4.9,2,1.79246,877.1,30.5,0.32598171
481,3774.8,6,1.2,1.8156788,877.3,30.5,0.32582802
481,3776.1,0,1.3,1.8163041,877.4,30.5,0.32575117
483.9,3777.2,2.9,1.1,1.8277871,877.5,30.5,0.32567433
482.9,3778.3,-1,1.1,1.8245411,877.7,30.5,0.32552063
483.9,3779.3,1,1,1.8288033,877.8,30.5,0.32544379
482,3780.3,-1.9,1,1.8221046,877.9,30.5,0.32536694
483,3781.1,1,0.8,1.8262713,878.1,30.5,0.32521325
482,3782,-1,0.9,1.822924,878.2,30.5,0.3251364
478.9,3783,-3.1,1,1.8116787,878.3,30.5,0.32505956
480,3783.7,1.1,0.7,1.816176,878.5,30.5,0.32490586
477,3784.5,-3,0.8,1.8052065,878.6,30.5,0.32482902
482,3785.1,5,0.6,1.8244182,878.7,30.5,0.32475217
478,3785.9,-4,0.8,1.8096602,878.9,30.5,0.32459848
202,3797.4,-276,11.5,0.7670748,878.9,30.5,0.32459848
204,3798.4,2,1,0.7748736,879,30.5,0.32452163
197,3799.6,-7,1.2,0.7485212,879,30.5,0.32452163
197,3800.5,0,0.9,0.7486985,879.1,30.5,0.32444479
201,3801.2,4,0.7,0.7640412,879.1,30.5,0.32444479
202,3802,1,0.8,0.768004,879.2,30.5,0.32436794
196.9,3803,-5.1,1,0.7488107,879.2,30.5,0.32436794
203,3803.5,6.1,0.5,0.7721105,879.3,30.5,0.32429109
200,3804.3,-3,0.8,0.76086,879.4,30.5,0.32421425
196,3805.2,-4,0.9,0.7458192,879.4,30.5,0.32421425
196,3805.9,0,0.7,0.7459564,879.5,30.5,0.3241374
198.1,3806.4,2.1,0.5,0.75404784,879.5,30.5,0.3241374
196,3807.2,-2.1,0.8,0.7462112,879.6,30.5,0.32406055
199,3807.6,3,0.4,0.7577124,879.6,30.5,0.32406055
197,3808.3,-2,0.7,0.7502351,879.7,30.5,0.32398371
203.1,3808.7,6.1,0.4,0.77354697,879.7,30.5,0.32398371
202,3809.3,-1.1,0.6,0.7694786,879.8,30.5,0.32390686
197,3810,-5,0.7,0.75057,879.9,30.5,0.32383002
201,3810.4,4,0.4,0.7658904,879.9,30.5,0.32383002
198,3811,-3,0.6,0.754578,880,30.5,0.32375317
286,3808.1,88,-2.9,1.0891166,880,30.5,0.32375317
385,3804.6,99,-3.5,1.464771,880.1,30.5,0.32367632
479,3801.1,94,-3.5,1.8207269,880.3,30.5,0.32352263
569.9,3797.7,90.9,-3.4,2.1643092,880.4,30.5,0.32344578
666.9,3793.9,97,-3.8,2.5301519,880.6,30.5,0.32329209
757.9,3790.2,91,-3.7,2.8725926,880.8,30.5,0.3231384
755.9,3790.1,-2,-0.1,2.8649366,881,30.5,0.32298471
755.9,3790,0,-0.1,2.864861,881.3,30.5,0.32275417
752,3790,-3.9,0,2.85008,881.5,30.5,0.32260048
1129.8,3775.2,377.8,-14.8,4.265221,881.8,30.5,0.32236994
1508.7,3759.7,378.9,-15.5,5.6722594,882.2,30.5,0.32206255
1502.7,3758.8,-6,-0.9,5.6483488,882.6,30.5,0.32175517
1503.8,3757.8,1.1,-1,5.6509796,883,30.5,0.32144778
1506.8,3756.8,3,-1,5.6607462,883.5,30.5,0.32106355
1506.8,3756,0,-0.8,5.6595408,883.9,30.5,0.32075617
1504.7,3755.3,-2.1,-0.7,5.6505999,884.3,30.5,0.32044878
1501.7,3754.6,-3,-0.7,5.6382828,884.7,30.5,0.3201414
1504.7,3753.8,3,-0.8,5.6483429,885.1,30.5,0.31983401
1505.7,3753.1,1,-0.7,5.6510427,885.5,30.5,0.31952663
1506.8,3752.4,1.1,-0.7,5.6541163,886,30.5,0.3191424
2990.6,3694,1483.8,-58.4,11.047276,886.8,30.5,0.31852763
2988.6,3691,-2,-3,11.030923,887.6,30.5,0.31791286
2994.6,3688.2,6,-2.8,11.044684,888.5,30.5,0.31722124
2995.7,3686,1.1,-2.2,11.04215,889.3,30.5,0.31660647
2568.8,3700.5,-426.9,14.5,9.5058444,890,30.5,0.31606855
2137.7,3716.1,-431.1,15.6,7.943907,890.6,30.5,0.31560747
1720.8,3731.7,-416.9,15.6,6.4215094,891.1,30.5,0.31522324
1299.9,3748.1,-420.9,16.4,4.8721552,891.4,30.5,0.3149927
870,3765.3,-429.9,17.2,3.275811,891.7,30.5,0.31476216
450.9,3782.6,-419.1,17.3,1.7055743,891.8,30.5,0.31468531
26,3800.5,-424.9,17.9,0.098813,891.8,30.5,0.31468531
32,3802,6,1.5,0.121664,891.8,30.5,0.31468531
29,3803.6,-3,1.6,0.1103044,891.8,30.5,0.31468531
25,3805,-4,1.4,0.095125,891.8,30.5,0.31468531
24,3806.3,-1,1.3,0.0913512,891.8,30.5,0.31468531
20,3807.5,-4,1.2,0.07615,891.8,30.5,0.31468531
31,3808.1,11,0.6,0.1180511,891.8,30.5,0.31468531
24,3809.4,-7,1.3,0.0914256,891.9,30.5,0.31460847
20,3810.5,-4,1.1,0.07621,891.9,30.5,0.31460847
29,3811,9,0.5,0.110519,891.9,30.5,0.31460847
23,3812.1,-6,1.1,0.0876783,891.9,30.5,0.31460847
26,3812.8,3,0.7,0.0991328,891.9,30.5,0.31460847
26,3813.6,0,0.8,0.0991536,891.9,30.5,0.31460847
27,3814.3,1,0.7,0.1029861,891.9,30.5,0.31460847
26,3815.1,-1,0.8,0.0991926,891.9,30.5,0.31460847
26,3815.7,0,0.6,0.0992082,891.9,30.5,0.31460847
31,3816.2,5,0.5,0.1183022,891.9,30.5,0.31460847
29,3816.9,-2,0.7,0.1106901,891.9,30.5,0.31460847
22,3817.8,-7,0.9,0.0839916,891.9,30.5,0.31460847
24,3818.3,2,0.5,0.0916392,891.9,30.5,0.31460847
23,3819,-1,0.7,0.087837,891.9,30.5,0.31460847
29,3819.4,6,0.4,0.1107626,892,30.5,0.31453162
23,3820.1,-6,0.7,0.0878623,892,30.5,0.31453162
28,3820.5,5,0.4,0.106974,892,30.5,0.31453162
27,3821,-1,0.5,0.103167,892,30.5,0.31453162
25,3821.6,-2,0.6,0.09554,892,30.5,0.31453162
29,3822,4,0.4,0.110838,892,30.5,0.31453162
27,3822.5,-2,0.5,0.1032075,892,30.5,0.31453162
28,3822.9,1,0.4,0.1070412,892,30.5,0.31453162
25,3823.5,-3,0.6,0.0955875,892,30.5,0.31453162
15,3824.3,-10,0.8,0.0573645,892,30.5,0.31453162
24,3824.5,9,0.2,0.091788,892,30.4,0.31453162
27,3824.8,3,0.3,0.1032696,892,30.4,0.31453162
23,3825.3,-4,0.5,0.0879819,892,30.4,0.31453162
22,3825.8,-1,0.5,0.0841676,892,30.4,0.31453162
29,3825.9,7,0.1,0.1109511,892.1,30.4,0.31445478
22,3826.5,-7,0.6,0.084183,892.1,30.4,0.31445478
31,3826.6,9,0.1,0.1186246,892.1,30.4,0.31445478
25,3827.2,-6,0.6,0.09568,892.1,30.4,0.31445478
21,3827.7,-4,0.5,0.0803817,892.1,30.4,0.31445478
22,3828,1,0.3,0.084216,892.1,30.4,0.31445478
23,3828.3,1,0.3,0.0880509,892.1,30.4,0.31445478
26,3828.5,3,0.2,0.099541,892.1,30.4,0.31445478
27,3828.8,1,0.3,0.1033776,892.1,30.4,0.31445478
25,3829.2,-2,0.4,0.09573,892.1,30.4,0.31445478
28,3829.5,3,0.3,0.107226,892.1,30.4,0.31445478
20,3830,-8,0.5,0.0766,892.1,30.4,0.31445478
25,3830.2,5,0.2,0.095755,892.1,30.4,0.31445478
25,3830.4,0,0.2,0.09576,892.1,30.4,0.31445478
27,3830.7,2,0.3,0.1034289,892.2,30.4,0.31437793
27,3831,0,0.3,0.103437,892.2,30.4,0.31437793
25,3831.3,-2,0.3,0.0957825,892.2,30.4,0.31437793
30,3831.4,5,0.1,0.114942,892.2,30.4,0.31437793
29,3831.7,-1,0.3,0.1111193,892.2,30.4,0.31437793
22,3832.2,-7,0.5,0.0843084,892.2,30.4,0.31437793
25,3832.4,3,0.2,0.09581,892.2,30.4,0.31437793
26,3832.5,1,0.1,0.099645,892.2,30.4,0.31437793
-215,3841.6,-241,9.1,-0.825944,892.1,30.4,0.31445478
-214,3842.1,1,0.5,-0.8222094,892.1,30.4,0.31445478
-216,3842.8,-2,0.7,-0.8300448,892,30.4,0.31453162
-219,3843.4,-3,0.6,-0.8417046,892,30.4,0.31453162
-218,3843.8,1,0.4,-0.8379484,891.9,30.4,0.31460847
-226.1,3844.6,-8.1,0.8,-0.86926406,891.8,30.4,0.31468531
-216.1,3844.6,10,0,-0.83081806,891.8,30.4,0.31468531
288,3826.1,504.1,-18.5,1.1019168,891.9,30.4,0.31460847
786.9,3806.3,498.9,-19.8,2.9951775,892.1,30.4,0.31445478
1285.8,3785.9,498.9,-20.4,4.8679102,892.4,30.4,0.31422424
1787.7,3764.8,501.9,-21.1,6.730333,892.9,30.4,0.31384001
2283.6,3743.4,495.9,-21.4,8.5484282,893.6,30.4,0.31330208
2785.6,3721.4,502,-22,10.366332,894.3,30.4,0.31276416
2999.7,3709.9,214.1,-11.5,11.128587,895.2,30.4,0.31207254
2999.7,3706.9,0,-3,11.119588,896,30.4,0.31145777
2999.7,3704,0,-2.9,11.110889,896.8,30.4,0.310843
2999.7,3701.3,0,-2.7,11.10279,897.7,30.4,0.31015139
2999.7,3698.9,0,-2.4,11.09559,898.5,30.4,0.30953662
2999.7,3696.4,0,-2.5,11.088091,899.3,30.4,0.30892185
2999.7,3694.2,0,-2.2,11.081492,900.2,30.4,0.30823023
2999.7,3692,0,-2.2,11.074892,901,30.4,0.30761546
2999.7,3689.8,0,-2.2,11.068293,901.8,30.4,0.30700069
2999.7,3687.9,0,-1.9,11.062594,902.7,30.4,0.30630908
2700.7,3697.5,-299,9.6,9.9858382,903.4,30.4,0.30577115
2109.7,3719.1,-591,21.6,7.8461853,904,30.4,0.30531007
1518.9,3741.7,-590.8,22.6,5.6832681,904.4,30.4,0.30500269
927,3765,-591.9,23.3,3.490155,904.7,30.4,0.30477215
336,3789,-591,24,1.273104,904.8,30.4,0.3046953
-255.9,3813.1,-591.9,24.1,-0.97577229,904.7,30.4,0.30477215
-261,3815.5,-5.1,2.4,-0.9958455,904.6,30.4,0.304849
-255,3817.1,6,1.6,-0.9733605,904.6,30.4,0.304849
-259,3818.8,-4,1.7,-0.9890692,904.5,30.4,0.30492584
-261,3820.3,-2,1.5,-0.9970983,904.4,30.4,0.30500269
-260.1,3821.6,0.9,1.3,-0.99399816,904.3,30.4,0.30507954
-256.1,3822.7,4,1.1,-0.97899347,904.3,30.4,0.30507954
-254.1,3823.7,2,1,-0.97160217,904.2,30.4,0.30515638
-257,3824.9,-2.9,1.2,-0.9829993,904.1,30.4,0.30523323
-255,3825.9,2,1,-0.9756045,904.1,30.4,0.30523323
-251,3826.7,4,0.8,-0.9605017,904,30.4,0.30531007
-253,3827.7,-2,1,-0.9684081,903.9,30.4,0.30538692
-255,3828.7,-2,1,-0.9763185,903.9,30.4,0.30538692
-161.1,3825.9,93.9,-2.8,-0.61635249,903.8,30.4,0.30546377
-47,3822.2,114.1,-3.7,-0.1796434,903.8,30.4,0.30546377
50,3819.5,97,-2.7,0.190975,903.8,30.4,0.30546377
151,3816,101,-3.5,0.576216,903.9,30.4,0.30538692
251.9,3812.3,100.9,-3.7,0.96031837,903.9,30.4,0.30538692
351.9,3808.5,100,-3.8,1.3402112,904,30.4,0.30531007
349.9,3808.6,-2,0.1,1.3326291,904.1,30.4,0.30523323
352,3808.6,2.1,0,1.3406272,904.2,30.4,0.30515638
350,3808.8,-2,0.2,1.33308,904.3,30.4,0.30507954
357,3808.6,7,-0.2,1.3596702,904.4,30.4,0.30500269
354,3808.8,-3,0.2,1.3483152,904.5,30.4,0.30492584
356.8,3808.8,2.8,0,1.3589798,904.6,30.4,0.304849
351,3809.1,-5.8,0.3,1.3369941,904.7,30.4,0.30477215
354,3809.1,3,0,1.3484214,904.8,30.4,0.3046953
356,3809.2,2,0.1,1.3560752,904.9,30.4,0.30461846
352,3809.5,-4,0.3,1.340944,905,30.4,0.30454161
353.9,3809.5,1.9,0,1.348182,905.1,30.4,0.30446477
352,3809.7,-1.9,0.2,1.3410144,905.2,30.4,0.30438792
344.9,3810.1,-7.1,0.4,1.3141035,905.3,30.4,0.30431107
35,3822.3,-309.9,12.2,0.1337805,905.3,30.4,0.30431107
31,3823.1,-4,0.8,0.1185161,905.3,30.4,0.30431107
35,3823.4,4,0.3,0.133819,905.3,30.4,0.30431107
35,3823.9,0,0.5,0.1338365,905.3,30.4,0.30431107
37,3824.2,2,0.3,0.1414954,905.3,30.4,0.30431107
31,3824.8,-6,0.6,0.1185688,905.3,30.4,0.30431107
-993.9,3864.5,-1024.9,39.7,-3.8409266,905.1,30.4,0.30446477
-994,3866.5,-0.1,2,-3.843301,904.8,30.4,0.3046953
-1001.9,3868.4,-7.9,1.9,-3.87575,904.5,30.4,0.30492584
-994,3869.6,7.9,1.2,-3.8463824,904.2,30.4,0.30515638
-998.9,3871.2,-4.9,1.6,-3.8669417,904,30.4,0.30531007
-995.9,3872.4,3,1.2,-3.8565232,903.7,30.4,0.30554061
-996,3873.7,-0.1,1.3,-3.8582052,903.4,30.4,0.30577115
-995.9,3874.8,0.1,1.1,-3.8589133,903.1,30.4,0.30600169
-996,3876,-0.1,1.2,-3.860496,902.9,30.4,0.30615538
-993.9,3877,2.1,1,-3.8533503,902.6,30.4,0.30638592
-666,3865.3,327.9,-11.7,-2.5742898,902.4,30.4,0.30653961
-326,3852.6,340,-12.7,-1.2559476,902.3,30.4,0.30661646
1,3840.5,327,-12.1,0.0038405,902.3,30.4,0.30661646
339,3827,338,-13.5,1.297353,902.4,30.4,0.30653961
659.9,3813.8,320.9,-13.2,2.5167266,902.6,30.4,0.30638592
996.8,3799.7,336.9,-14.1,3.787541,902.9,30.4,0.30615538
995.8,3798.4,-1,-1.3,3.7824467,903.1,30.4,0.30600169
1001.9,3797,6.1,-1.4,3.8042143,903.4,30.4,0.30577115
994.9,3796.2,-7,-0.8,3.7768394,903.7,30.4,0.30554061
1002.9,3795,8,-1.2,3.8060055,904,30.4,0.30531007
996.9,3794.3,-6,-0.7,3.7825377,904.2,30.4,0.30515638
997.8,3793.5,0.9,-0.8,3.7851543,904.5,30.4,0.30492584
1003.8,3792.5,6,-1,3.8069115,904.8,30.4,0.3046953
1001.8,3791.8,-2,-0.7,3.7986252,905.1,30.4,0.30446477
999.9,3791.1,-1.9,-0.7,3.7907209,905.4,30.4,0.30423423
998.9,3790.5,-1,-0.6,3.7863305,905.6,30.4,0.30408053
998.9,3789.8,0,-0.7,3.7856312,905.9,30.4,0.30385
997.9,3789.2,-1,-0.6,3.7812427,906.2,30.4,0.30361946
900.9,3792.4,-97,3.2,3.4165732,906.4,30.4,0.30346577
807.9,3795.5,-93,3.1,3.0663844,906.7,30.4,0.30323523
708.9,3799.1,-99,3.6,2.693182,906.9,30.4,0.30308153
619.9,3802.4,-89,3.3,2.3571078,907,30.4,0.30300469
520,3806.2,-99.9,3.8,1.979224,907.2,30.4,0.302851
427,3809.9,-93,3.7,1.6268273,907.3,30.4,0.30277415
431,3809.9,4,0,1.6420669,907.4,30.4,0.3026973
424.9,3810.2,-6.1,0.3,1.618954,907.5,30.4,0.30262046
427.9,3810.1,3,-0.1,1.6303418,907.7,30.4,0.30246676
428.9,3810.1,1,0,1.6341519,907.8,30.4,0.30238992
425,3810.4,-3.9,0.3,1.61942,907.9,30.4,0.30231307
426.9,3810.3,1.9,-0.1,1.6266171,908,30.4,0.30223623
424.9,3810.4,-2,0.1,1.619039,908.1,30.4,0.30215938
425.9,3810.3,1,-0.1,1.6228068,908.2,30.4,0.30208253
423.9,3810.4,-2,0.1,1.6152286,908.4,30.4,0.30192884
431,3810.1,7.1,-0.3,1.6421531,908.5,30.4,0.30185199
1756.7,3758.5,1325.7,-51.6,6.602557,909,30.4,0.30146776
1756.8,3756.4,0.1,-2.1,6.5992435,909.5,30.4,0.30108353
1286.9,3773,-469.9,16.6,4.8554737,909.8,30.4,0.30085299
813.9,3790.6,-473,17.6,3.0851693,910,30.4,0.3006993
346,3808.8,-467.9,18.2,1.3178448,910.1,30.4,0.30062245
-125.1,3827.2,-471.1,18.4,-0.47878272,910.1,30.3,0.30062245
-586.9,3846.3,-461.8,19.1,-2.2573935,909.9,30.3,0.30077615
-591,3848.1,-4.1,1.8,-2.2742271,909.8,30.3,0.30085299
-596.9,3849.8,-5.9,1.7,-2.2979456,909.6,30.3,0.30100669
-591.9,3850.8,5,1,-2.2792885,909.4,30.3,0.30116038
-589.9,3851.9,2,1.1,-2.2722358,909.3,30.3,0.30123722
-595,3853.1,-5.1,1.2,-2.2925945,909.1,30.3,0.30139092
-593,3854,2,0.9,-2.285422,909,30.3,0.30146776
-598,3855.2,-5,1.2,-2.3054096,908.8,30.3,0.30162146
-590,3855.8,8,0.6,-2.274922,908.6,30.3,0.30177515
-287,3844.8,303,-11,-1.1034576,908.5,30.3,0.30185199
18,3833.9,305,-10.9,0.0690102,908.6,30.3,0.30177515
329,3821.7,311,-12.2,1.2573393,908.6,30.3,0.30177515
630.9,3809.5,301.9,-12.2,2.4034135,908.8,30.3,0.30162146
929.9,3797,299,-12.5,3.5308303,909.1,30.3,0.30139092
1241.7,3783.8,311.8,-13.2,4.6983445,909.4,30.3,0.30116038
1542.7,3770.7,301,-13.1,5.8170589,909.8,30.3,0.30085299
1537.8,3769.1,-4.9,-1.6,5.796122,910.3,30.3,0.30046876
1542.8,3767.5,5,-1.6,5.812499,910.7,30.3,0.30016138
1545.8,3766,3,-1.5,5.8214828,911.1,30.3,0.29985399
1539.8,3764.9,-6,-1.1,5.797193,911.6,30.3,0.29946976
1290.8,3773.4,-249,8.5,4.8707047,911.9,30.3,0.29923922
1040.9,3782.4,-249.9,9,3.9371002,912.2,30.3,0.29900868
788.1,3791.9,-252.8,9.5,2.9883964,912.4,30.3,0.29885499
540,3801.6,-248.1,9.7,2.052864,912.6,30.3,0.2987013
291.1,3811.5,-248.9,9.9,1.1095277,912.7,30.3,0.29862445
32,3822.1,-259.1,10.6,0.1223072,912.7,30.3,0.29862445
-219,3832.2,-251,10.1,-0.8392518,912.6,30.3,0.2987013
-218,3833.2,1,1,-0.8356376,912.5,30.3,0.29877814
-212.1,3833.8,5.9,0.6,-0.81314898,912.5,30.3,0.29877814
-215,3834.8,-2.9,1,-0.824482,912.4,30.3,0.29885499
-220,3835.6,-5,0.8,-0.843832,912.4,30.3,0.29885499
-216,3836.2,4,0.6,-0.8286192,912.3,30.3,0.29893184
-220,3836.9,-4,0.7,-0.844118,912.2,30.3,0.29900868
-208.1,3837.1,11.9,0.2,-0.79850051,912.2,30.3,0.29900868
-219,3838.1,-10.9,1,-0.8405439,912.1,30.3,0.29908553
495.8,3811.4,714.8,-26.7,1.8896921,912.3,30.3,0.29893184
492.9,3810.9,-2.9,-0.5,1.8783926,912.4,30.3,0.29885499
498,3810.3,5.1,-0.6,1.8975294,912.5,30.3,0.29877814
490,3810.3,-8,0,1.867047,912.7,30.3,0.29862445
496,3809.8,6,-0.5,1.8896608,912.8,30.3,0.29854761
489.9,3809.8,-6.1,0,1.866421,913,30.3,0.29839391
492.9,3809.5,3,-0.3,1.8777025,913.1,30.3,0.29831707
490.9,3809.3,-2,-0.2,1.8699854,913.2,30.3,0.29824022
492,3809.1,1.1,-0.2,1.8740772,913.4,30.3,0.29808653
491,3809,-1,-0.1,1.870219,913.5,30.3,0.29800968
492,3808.8,1,-0.2,1.8739296,913.6,30.3,0.29793284
628.9,3803.3,136.9,-5.5,2.3918954,913.8,30.3,0.29777914
760.9,3797.8,132,-5.5,2.889746,914,30.3,0.29762545
893.8,3792.1,132.9,-5.7,3.389379,914.3,30.3,0.29739491
1026.9,3786.2,133.1,-5.9,3.8880488,914.6,30.3,0.29716437
1163.8,3780,136.9,-6.2,4.399164,914.9,30.3,0.29693384
1298.8,3773.9,135,-6.1,4.9015413,915.2,30.3,0.2967033
1291.8,3773,-7,-0.9,4.8739614,915.6,30.3,0.29639591
1297.8,3771.9,6,-1.1,4.8951718,916,30.3,0.29608853
1297.8,3771,0,-0.9,4.8940038,916.3,30.3,0.29585799
1296.9,3770.2,-0.9,-0.8,4.8895724,916.7,30.3,0.2955506
1301.8,3769.2,4.9,-1,4.9067446,917,30.3,0.29532006
1295.8,3768.7,-6,-0.5,4.8834815,917.4,30.3,0.29501268
1295.7,3767.9,-0.1,-0.8,4.882068,917.8,30.3,0.29470529
2695.5,3712.5,1399.8,-55.4,10.007044,918.5,30.3,0.29416737
2701.7,3709.4,6.2,-3.1,10.021686,919.3,30.3,0.2935526
2699.7,3706.9,-2,-2.5,10.007518,920,30.3,0.29301468
2704.6,3704.6,4.9,-2.3,10.019461,920.8,30.3,0.29239991
2702.7,3702.6,-1.9,-2,10.007017,921.5,30.3,0.29186198
2699.7,3700.7,-3,-1.9,9.9907798,922.3,30.3,0.29124721
2699.7,3698.8,0,-1.9,9.9856504,923,30.3,0.29070929
2698.7,3697.1,-1,-1.7,9.9773638,923.8,30.3,0.29009452
2698.7,3695.4,0,-1.7,9.972776,924.5,30.3,0.2895566
2701.6,3693.6,2.9,-1.8,9.9786298,925.3,30.3,0.28894183
2701.7,3692,0.1,-1.6,9.9746764,926,30.3,0.2884039
2697.6,3690.6,-4.1,-1.4,9.9557626,926.8,30.3,0.28778913
2698.6,3689.1,1,-1.5,9.9554053,927.5,30.3,0.28725121
2696.6,3687.7,-2,-1.4,9.9442518,928.3,30.3,0.28663644
2695.7,3686.4,-0.9,-1.3,9.9374285,929,30.3,0.28609852
2698.6,3684.9,2.9,-1.5,9.9440711,929.8,30.3,0.28548375
2694.7,3683.7,-3.9,-1.2,9.9264664,930.5,30.3,0.28494582
2700.6,3682.2,5.9,-1.5,9.9441493,931.3,30.3,0.28433105
2692.6,3681.3,-8,-0.9,9.9122684,932,30.3,0.28379313
2371.8,3692.6,-320.8,11.3,8.7581087,932.7,30.3,0.28325521
2046.7,3704.7,-325.1,12.1,7.5824095,933.2,30.3,0.28287098
1717.7,3717.4,-329,12.7,6.385378,933.7,30.3,0.28248674
1394.9,3730.2,-322.8,12.8,5.203256,934.1,30.3,0.28217936
1390.8,3730.9,-4.1,0.7,5.1889357,934.5,30.3,0.28187197
1392.8,3731.1,2,0.2,5.1966761,934.9,30.3,0.28156459
1391.8,3731.3,-1,0.2,5.1932233,935.3,30.3,0.2812572
1391.8,3731.4,0,0.1,5.1933625,935.6,30.3,0.28102667
1389.9,3731.5,-1.9,0.1,5.1864118,936,30.3,0.28071928
1391.7,3731.5,1.8,0,5.1931285,936.4,30.3,0.2804119
1391.8,3731.5,0.1,0,5.1935017,936.8,30.3,0.28010451
1392.8,3731.5,1,0,5.1972332,937.2,30.3,0.27979713
1394.8,3731.4,2,-0.1,5.2045567,937.6,30.3,0.27948974
1392.9,3731.4,-1.9,0,5.1974671,938,30.3,0.27918236
1388.8,3731.5,-4.1,0.1,5.1823072,938.3,30.3,0.27895182
1393.8,3731.3,5,-0.2,5.2006859,938.7,30.4,0.27864443
1391.8,3731.3,-2,0,5.1932233,939.1,30.4,0.27833705
1391.8,3731.2,0,-0.1,5.1930842,939.5,30.4,0.27802966
1396.8,3731,5,-0.2,5.2114608,939.9,30.4,0.27772228
1391.8,3731.1,-5,0.1,5.192945,940.3,30.4,0.27741489
1359.9,3732.2,-31.9,1.1,5.0754188,940.7,30.4,0.27710751
1332.9,3733.3,-27,1.1,4.9761156,941,30.4,0.27687697
1331.8,3733.3,-1.1,0,4.9720089,941.4,30.4,0.27656958
1332.8,3733.2,1,-0.1,4.975609,941.8,30.4,0.2762622
1144.9,3740.5,-187.9,7.3,4.2824985,942.1,30.4,0.27603166
960.9,3748,-184,7.5,3.6014532,942.4,30.4,0.27580112
779.9,3755.6,-181,7.6,2.9289924,942.6,30.4,0.27564743
600,3763.3,-179.9,7.7,2.25798,942.7,30.4,0.27557058
410,3771.6,-190,8.3,1.546356,942.9,30.4,0.27541689
225.1,3779.9,-184.9,8.3,0.85085549,942.9,30.4,0.27541689
45,3788.2,-180.1,8.3,0.170469,942.9,30.4,0.27541689
48,3789.4,3,1.2,0.1818912,942.9,30.4,0.27541689
45,3790.7,-3,1.3,0.1705815,943,30.4,0.27534004
41,3791.9,-4,1.2,0.1554679,943,30.4,0.27534004
40,3793,-1,1.1,0.15172,943,30.4,0.27534004
45,3793.7,5,0.7,0.1707165,943,30.4,0.27534004
46,3794.6,1,0.9,0.1745516,943,30.4,0.27534004
46,3795.4,0,0.8,0.1745884,943,30.4,0.27534004
39,3796.6,-7,1.2,0.1480674,943,30.4,0.27534004
41,3797.3,2,0.7,0.1556893,943,30.4,0.27534004
45,3797.9,4,0.6,0.1709055,943,30.4,0.27534004
45,3798.7,0,0.8,0.1709415,943.1,30.4,0.2752632
44,3799.4,-1,0.7,0.1671736,943.1,30.4,0.2752632
47,3800,3,0.6,0.1786,943.1,30.4,0.2752632
40,3800.9,-7,0.9,0.152036,943.1,30.4,0.2752632
44,3801.4,4,0.5,0.1672616,943.1,30.4,0.2752632
46,3802,2,0.6,0.174892,943.1,30.4,0.2752632
45,3802.6,-1,0.6,0.171117,943.1,30.4,0.2752632
41,3803.3,-4,0.7,0.1559353,943.1,30.4,0.2752632
43,3803.8,2,0.5,0.1635634,943.2,30.4,0.27518635
51,3804,8,0.2,0.194004,943.2,30.4,0.27518635
43,3804.8,-8,0.8,0.1636064,943.2,30.4,0.27518635
44,3805.3,1,0.5,0.1674332,943.2,30.4,0.27518635
46,3805.8,2,0.5,0.1750668,943.2,30.4,0.27518635
36,3806.6,-10,0.8,0.1370376,943.2,30.4,0.27518635
41,3806.9,5,0.3,0.1560829,943.2,30.4,0.27518635
38,3807.5,-3,0.6,0.144685,943.2,30.4,0.27518635
43,3807.8,5,0.3,0.1637354,943.3,30.4,0.27510951
43,3808.2,0,0.4,0.1637526,943.3,30.4,0.27510951
46,3808.5,3,0.3,0.175191,943.3,30.4,0.27510951
45,3809,-1,0.5,0.171405,943.3,30.4,0.27510951
44,3809.4,-1,0.4,0.1676136,943.3,30.4,0.27510951
43,3809.8,-1,0.4,0.1638214,943.3,30.4,0.27510951
42,3810.2,-1,0.4,0.1600284,943.3,30.4,0.27510951
41,3810.6,-1,0.4,0.1562346,943.3,30.4,0.27510951
45,3810.9,4,0.3,0.1714905,943.4,30.4,0.27503266
42,3811.3,-3,0.4,0.1600746,943.4,30.4,0.27503266
42,3811.7,0,0.4,0.1600914,943.4,30.4,0.27503266
45,3811.9,3,0.2,0.1715355,943.4,30.4,0.27503266
48,3812.1,3,0.2,0.1829808,943.4,30.4,0.27503266
45,3812.5,-3,0.4,0.1715625,943.4,30.4,0.27503266
46,3812.8,1,0.3,0.1753888,943.4,30.4,0.27503266
46,3813.1,0,0.3,0.1754026,943.4,30.4,0.27503266
46,3813.4,0,0.3,0.1754164,943.5,30.4,0.27495581
42,3813.9,-4,0.5,0.1601838,943.5,30.4,0.27495581
44,3814.1,2,0.2,0.1678204,943.5,30.4,0.27495581
45,3814.3,1,0.2,0.1716435,943.5,30.4,0.27495581
41,3814.7,-4,0.4,0.1564027,943.5,30.4,0.27495581
42,3815,1,0.3,0.16023,943.5,30.4,0.27495581
41,3815.3,-1,0.3,0.1564273,943.5,30.4,0.27495581
44,3815.4,3,0.1,0.1678776,943.5,30.4,0.27495581
48,3815.5,4,0.1,0.183144,943.5,30.4,0.27495581
45,3815.9,-3,0.4,0.1717155,943.6,30.4,0.27487897
47,3816,2,0.1,0.179352,943.6,30.4,0.27487897
42,3816.5,-5,0.5,0.160293,943.6,30.4,0.27487897
48,3816.5,6,0,0.183192,943.6,30.4,0.27487897
44,3816.8,-4,0.3,0.1679392,943.6,30.4,0.27487897
43,3817.1,-1,0.3,0.1641353,943.6,30.4,0.27487897
47,3817.1,4,0,0.1794037,943.6,30.4,0.27487897
46,3817.4,-1,0.3,0.1756004,943.6,30.4,0.27487897
40,3817.8,-6,0.4,0.152712,943.7,30.4,0.27480212
42,3818,2,0.2,0.160356,943.7,30.4,0.27480212
44,3818.1,2,0.1,0.1679964,943.7,30.4,0.27480212
44,3818.3,0,0.2,0.1680052,943.7,30.4,0.27480212
43,3818.5,-1,0.2,0.1641955,943.7,30.4,0.27480212
49,3818.4,6,-0.1,0.1871016,943.7,30.4,0.27480212
41,3819,-8,0.6,0.156579,943.7,30.4,0.27480212
40,3819.2,-1,0.2,0.152768,943.7,30.4,0.27480212
43,3819.2,3,0,0.1642256,943.8,30.4,0.27472527
46,3819.3,3,0.1,0.1756878,943.8,30.4,0.27472527
35,3819.9,-11,0.6,0.1336965,943.8,30.4,0.27472527
46,3819.7,11,-0.2,0.1757062,943.8,30.4,0.27472527
42,3820,-4,0.3,0.16044,943.8,30.4,0.27472527
47,3819.9,5,-0.1,0.1795353,943.8,30.4,0.27472527
44,3820.2,-3,0.3,0.1680888,943.8,30.4,0.27472527
42,3820.4,-2,0.2,0.1604568,943.8,30.4,0.27472527
40,3820.7,-2,0.3,0.152828,943.8,30.4,0.27472527
43,3820.7,3,0,0.1642901,943.9,30.4,0.27464843
42,3820.9,-1,0.2,0.1604778,943.9,30.4,0.27464843
46,3820.9,4,0,0.1757614,943.9,30.3,0.27464843
47,3821,1,0.1,0.179587,943.9,30.3,0.27464843
48,3821.1,1,0.1,0.1834128,943.9,30.3,0.27464843
48,3821.2,0,0.1,0.1834176,943.9,30.3,0.27464843
42,3821.6,-6,0.4,0.1605072,943.9,30.3,0.27464843
46,3821.5,4,-0.1,0.175789,944,30.3,0.27457158
42,3821.9,-4,0.4,0.1605198,944,30.3,0.27457158
45,3821.9,3,0,0.1719855,944,30.3,0.27457158
46,3821.9,1,0,0.1758074,944,30.3,0.27457158
36,3822.5,-10,0.6,0.13761,944,30.3,0.27457158
44,3822.3,8,-0.2,0.1681812,944,30.3,0.27457158
45,3822.4,1,0.1,0.172008,944,30.3,0.27457158
45,3822.5,0,0.1,0.1720125,944,30.3,0.27457158
39,3822.8,-6,0.3,0.1490892,944,30.3,0.27457158
42,3822.9,3,0.1,0.1605618,944.1,30.3,0.27449474
38,3823.1,-4,0.2,0.1452778,944.1,30.3,0.27449474
44,3823,6,-0.1,0.168212,944.1,30.3,0.27449474
39,3823.3,-5,0.3,0.1491087,944.1,30.3,0.27449474
43,3823.3,4,0,0.1644019,944.1,30.3,0.27449474
40,3823.5,-3,0.2,0.15294,944.1,30.3,0.27449474
41,3823.6,1,0.1,0.1567676,944.1,30.3,0.27449474
48,3823.4,7,-0.2,0.1835232,944.1,30.3,0.27449474
45,3823.6,-3,0.2,0.172062,944.2,30.3,0.27441789
40,3823.9,-5,0.3,0.152956,944.2,30.3,0.27441789
47,3823.7,7,-0.2,0.1797139,944.2,30.3,0.27441789
44,3824,-3,0.3,0.168256,944.2,30.3,0.27441789
46,3823.9,2,-0.1,0.1758994,944.2,30.3,0.27441789
42,3824.2,-4,0.3,0.1606164,944.2,30.3,0.27441789
42,3824.3,0,0.1,0.1606206,944.2,30.3,0.27441789
49,3824.1,7,-0.2,0.1873809,944.2,30.3,0.27441789
42,3824.5,-7,0.4,0.160629,944.2,30.3,0.27441789
46,3824.4,4,-0.1,0.1759224,944.3,30.3,0.27434104
44,3824.6,-2,0.2,0.1682824,944.3,30.3,0.27434104
46,3824.6,2,0,0.1759316,944.3,30.3,0.27434104
44,3824.7,-2,0.1,0.1682868,944.3,30.3,0.27434104
45,3824.8,1,0.1,0.172116,944.3,30.3,0.27434104
49,3824.7,4,-0.1,0.1874103,944.3,30.3,0.27434104
48,3824.8,-1,0.1,0.1835904,944.3,30.3,0.27434104
43,3825.1,-5,0.3,0.1644793,944.4,30.3,0.2742642
44,3825.2,1,0.1,0.1683088,944.4,30.3,0.2742642
44,3825.2,0,0,0.1683088,944.4,30.3,0.2742642
348,3813.4,304,-11.8,1.3270632,944.5,30.3,0.27418735
653.9,3801.1,305.9,-12.3,2.4855393,944.7,30.3,0.27403366
952.8,3788.5,298.9,-12.6,3.6096828,944.9,30.3,0.27387997
1268.8,3775.1,316,-13.4,4.7898469,945.3,30.3,0.27357258
1569.7,3761.8,300.9,-13.3,5.9048975,945.7,30.3,0.2732652
1877.6,3748,307.9,-13.8,7.0372448,946.2,30.3,0.27288097
2182.6,3734,305,-14,8.1498284,946.8,30.3,0.27241989
2181.7,3731.6,-0.9,-2.4,8.1412317,947.4,30.3,0.27195881
2186.7,3729.3,5,-2.3,8.1548603,948,30.3,0.27149773
2179.6,3727.6,-7.1,-1.7,8.124677,948.7,30.3,0.27095981
2181.7,3725.7,2.1,-1.9,8.1283597,949.3,30.3,0.27049873
1907.8,3734.6,-273.9,8.9,7.1248699,949.8,30.3,0.2701145
1643.8,3743.6,-264,9,6.1537297,950.2,30.3,0.26980712
1374,3753.4,-269.8,9.8,5.1571716,950.6,30.3,0.26949973
1106.9,3763.3,-267.1,9.9,4.1655968,950.9,30.3,0.26926919
834,3773.8,-272.9,10.5,3.1473492,951.2,30.3,0.26903865
566,3784.5,-268,10.7,2.142027,951.3,30.3,0.26896181
562,3785.1,-4,0.6,2.1272262,951.5,30.3,0.26880811
562.9,3785.3,0.9,0.2,2.1307454,951.6,30.3,0.26873127
567,3785.4,4.1,0.1,2.1463218,951.8,30.3,0.26857758
563,3785.7,-4,0.3,2.1313491,951.9,30.3,0.26850073
561,3785.9,-2,0.2,2.1238899,952.1,30.3,0.26834704
547.9,3786.5,-13.1,0.6,2.0746234,952.3,30.3,0.26819335
535.9,3787.1,-12,0.6,2.0295069,952.4,30.3,0.2681165
512,3788.1,-23.9,1,1.9395072,952.5,30.3,0.26803965
498.9,3788.7,-13.1,0.6,1.8901824,952.7,30.3,0.26788596
482,3789.4,-16.9,0.7,1.8264908,952.8,30.3,0.26780911
465.1,3790.3,-16.9,0.9,1.7628685,953,30.3,0.26765542
455.9,3790.7,-9.2,0.4,1.7281801,953.1,30.3,0.26757858
462.9,3790.6,7,-0.1,1.7546687,953.2,30.3,0.26750173
459.9,3790.8,-3,0.2,1.7433889,953.3,30.3,0.26742488
467,3790.6,7.1,-0.2,1.7702102,953.5,30.3,0.26727119
461,3790.9,-6,0.3,1.7476049,953.6,30.3,0.26719434
457.9,3791,-3.1,0.1,1.7358989,953.7,30.3,0.2671175
461,3791,3.1,0,1.747651,953.8,30.3,0.26704065
455,3791.3,-6,0.3,1.7250415,954,30.3,0.26688696
457.9,3791.2,2.9,-0.1,1.7359905,954.1,30.3,0.26681011
460.9,3791.2,3,0,1.7473641,954.2,30.3,0.26673327
465,3791,4.1,-0.2,1.762815,954.4,30.3,0.26657957
461.9,3791.2,-3.1,0.2,1.7511553,954.5,30.3,0.26650273
464,3791.1,2.1,-0.1,1.7590704,954.6,30.3,0.26642588
466,3791.1,2,0,1.7666526,954.7,30.3,0.26634904
458.1,3791.4,-7.9,0.3,1.7368403,954.9,30.3,0.26619534
455.9,3791.5,-2.2,0.1,1.7285449,955,30.3,0.2661185
456.9,3791.5,1,0,1.7323363,955.1,30.3,0.26604165
466,3791.2,9.1,-0.3,1.7666992,955.3,30.3,0.26588796
460,3791.4,-6,0.2,1.744044,955.4,30.3,0.26581111
464.9,3791.2,4.9,-0.2,1.7625289,955.5,30.3,0.26573427
756.8,3779.8,291.9,-11.4,2.8605526,955.7,30.3,0.26558057
754.9,3779.4,-1.9,-0.4,2.8530691,955.9,30.3,0.26542688
757.9,3778.9,3,-0.5,2.8640283,956.1,30.3,0.26527319
757.9,3778.6,0,-0.3,2.8638009,956.4,30.3,0.26504265
755.9,3778.3,-2,-0.3,2.856017,956.6,30.3,0.26488896
753.9,3778.1,-2,-0.2,2.8483096,956.8,30.3,0.26473526
753.9,3777.9,0,-0.2,2.8481588,957,30.3,0.26458157
754.9,3777.6,1,-0.3,2.8517102,957.2,30.3,0.26442788
754.9,3777.3,0,-0.3,2.8514838,957.4,30.3,0.26427419
759.9,3776.9,5,-0.4,2.8700663,957.6,30.3,0.26412049
761,3776.6,1.1,-0.3,2.8739926,957.8,30.3,0.2639668
756.9,3776.5,-4.1,-0.1,2.8584329,958,30.3,0.26381311
752.9,3776.5,-4,0,2.8433268,958.2,30.3,0.26365942
758.9,3776,6,-0.5,2.8656064,958.5,30.3,0.26342888
757.9,3775.8,-1,-0.2,2.8616788,958.7,30.3,0.26327519
285.1,3794.2,-472.8,18.4,1.0817264,958.7,30.3,0.26327519
-177,3812.3,-462.1,18.1,-0.6747771,958.7,30.3,0.26327519
-647.9,3832,-470.9,19.7,-2.4827528,958.5,30.3,0.26342888
-644.9,3833.5,3,1.5,-2.4722242,958.3,30.3,0.26358257
-649.9,3835.2,-5,1.7,-2.4924965,958.2,30.3,0.26365942
-644.9,3836.3,5,1.1,-2.4740299,958,30.3,0.26381311
-646.9,3837.6,-2,1.3,-2.4825434,957.8,30.3,0.2639668
-644.9,3838.6,2,1,-2.4755131,957.6,30.3,0.26412049
-642,3839.6,2.9,1,-2.4650232,957.4,30.3,0.26427419
-643,3840.6,-1,1,-2.4695058,957.3,30.3,0.26435103
-646.9,3841.7,-3.9,1.1,-2.4851957,957.1,30.3,0.26450473
-646.9,3842.7,0,1,-2.4858426,956.9,30.3,0.26465842
-645,3843.5,1.9,0.8,-2.4790575,956.7,30.3,0.26481211
-646.9,3844.5,-1.9,1,-2.4870071,956.5,30.3,0.2649658
-645.9,3845.2,1,0.7,-2.4836147,956.4,30.3,0.26504265
-645.9,3846.1,0,0.9,-2.484196,956.2,30.3,0.26519634
-639.9,3846.6,6,0.5,-2.4614393,956,30.3,0.26535003
-646.9,3847.7,-7,1.1,-2.4890771,955.8,30.3,0.26550373
-366.1,3837.4,280.8,-10.3,-1.4048721,955.7,30.3,0.26558057
-87,3826.7,279.1,-10.7,-0.3329229,955.7,30.3,0.26558057
192.1,3816.3,279.1,-10.4,0.73311123,955.8,30.3,0.26550373
468.9,3805,276.8,-11.3,1.7841645,955.9,30.3,0.26542688
747.9,3793.2,279,-11.8,2.8369343,956.1,30.3,0.26527319
1026.9,3781.3,279,-11.9,3.883017,956.4,30.3,0.26504265
1017.8,3780.3,-9.1,-1,3.8475893,956.7,30.3,0.26481211
1027.8,3778.8,10,-1.5,3.8838506,956.9,30.3,0.26465842
1023.9,3777.9,-3.9,-0.9,3.8681918,957.2,30.3,0.26442788
1026.8,3776.8,2.9,-1.1,3.8780182,957.5,30.3,0.26419734
1019.9,3776.1,-6.9,-0.7,3.8512444,957.8,30.3,0.2639668
1026.9,3775,7,-1.1,3.8765475,958.1,30.3,0.26373626
1024.8,3774.3,-2.1,-0.7,3.8679026,958.4,30.3,0.26350573
1022.8,3773.6,-2,-0.7,3.8596381,958.7,30.3,0.26327519
1027.9,3772.6,5.1,-1,3.8778555,958.9,30.3,0.26312149
1022.9,3772.2,-5,-0.4,3.8585834,959.2,30.3,0.26289096
1026.8,3771.3,3.9,-0.9,3.8723708,959.5,30.3,0.26266042
1023.9,3770.8,-2.9,-0.5,3.8609221,959.8,30.3,0.26242988
1026.9,3770,3,-0.8,3.871413,960.1,30.3,0.26219934
1122.8,3765.6,95.9,-4.4,4.2280157,960.4,30.3,0.2619688
1213.8,3761.3,91,-4.3,4.5654659,960.7,30.3,0.26173826
1314.8,3756.5,101,-4.8,4.9390462,961.1,30.3,0.26143088
1414.8,3751.6,100,-4.9,5.3077637,961.5,30.3,0.26112349
1519.7,3746.4,104.9,-5.2,5.6934041,961.9,30.3,0.26081611
1611.7,3741.7,92,-4.7,6.0304979,962.4,30.3,0.26043188
1610.7,3740.6,-1,-1.1,6.0249844,962.8,30.3,0.26012449
1609.8,3739.5,-0.9,-1.1,6.0198471,963.2,30.3,0.25981711
1607.8,3738.6,-2,-0.9,6.0109211,963.7,30.3,0.25943287
1607.8,3737.6,0,-1,6.0093133,964.1,30.3,0.25912549
1610.7,3736.5,2.9,-1.1,6.0183805,964.6,30.3,0.25874126
765,3768.8,-845.7,32.3,2.883132,964.8,30.3,0.25858757
772.9,3769,7.9,0.2,2.9130601,965,30.3,0.25843387
764,3769.5,-8.9,0.5,2.879898,965.2,30.3,0.25828018
768.9,3769.4,4.9,-0.1,2.8982917,965.4,30.3,0.25812649
1108.7,3756.1,339.8,-13.3,4.1643881,965.7,30.3,0.25789595
1449.8,3742.1,341.1,-14,5.4252966,966.2,30.3,0.25751172
1789.7,3727.8,339.9,-14.3,6.6716437,966.6,30.3,0.25720433
2141.7,3712.6,352,-15.2,7.9512754,967.2,30.3,0.25674326
2474.5,3697.7,332.8,-14.9,9.1499587,967.9,30.3,0.25620533
2820.6,3682.2,346.1,-15.5,10.386013,968.7,30.3,0.25559056
2823.6,3679.7,3,-2.5,10.390001,969.5,30.3,0.25497579
2819.6,3677.7,-4,-2,10.369643,970.3,30.3,0.25436102
2822.6,3675.7,3,-2,10.375031,971.1,30.3,0.25374625
2821.7,3673.9,-0.9,-1.8,10.366644,971.8,30.3,0.25320833
119.2,3778.6,-2702.5,104.7,0.45040912,971.9,30.3,0.25313148
115.1,3781.3,-4.1,2.7,0.43522763,971.9,30.3,0.25313148
120.1,3782.8,5,1.5,0.45431428,971.9,30.3,0.25313148
116.1,3784.3,-4,1.5,0.43935723,972,30.3,0.25305464
114.2,3785.5,-1.9,1.2,0.4323041,972,30.3,0.25305464
118.1,3786.4,3.9,0.9,0.44717384,972,30.3,0.25305464
116.1,3787.4,-2,1,0.43971714,972.1,30.3,0.25297779
118.1,3788.2,2,0.8,0.44738642,972.1,30.3,0.25297779
117,3789,-1.1,0.8,0.443313,972.1,30.3,0.25297779
115.1,3789.8,-1.9,0.8,0.43620598,972.2,30.3,0.25290095
115.1,3790.4,0,0.6,0.43627504,972.2,30.3,0.25290095
121.1,3790.9,6,0.5,0.45907799,972.2,30.3,0.25290095
118.1,3791.6,-3,0.7,0.44778796,972.3,30.3,0.2528241
123,3792,4.9,0.4,0.466416,972.3,30.3,0.2528241
115.1,3792.8,-7.9,0.8,0.43655128,972.3,30.3,0.2528241
-897.8,3832.5,-1012.9,39.7,-3.4408185,972.1,30.3,0.25297779
-895.9,3834.6,1.9,2.1,-3.4354181,971.8,30.3,0.25320833
-893.9,3836.4,2,1.8,-3.429358,971.6,30.3,0.25336202
-900.9,3838.3,-7,1.9,-3.4579245,971.3,30.3,0.25359256
-897.1,3839.6,3.8,1.3,-3.4445052,971.1,30.3,0.25374625
-489,3825.1,408.1,-14.5,-1.8704739,971,30.3,0.2538231
-88,3810,401,-15.1,-0.33528,970.9,30.3,0.25389995
324.1,3794.6,412.1,-15.4,1.2298299,971,30.3,0.2538231
719.8,3778.6,395.7,-16,2.7198363,971.2,30.3,0.25366941
1128.9,3761.7,409.1,-16.9,4.2465831,971.5,30.3,0.25343887
1542.6,3744.1,413.7,-17.6,5.7756487,972,30.3,0.25305464
1529,3742.9,-13.6,-1.2,5.7228941,972.4,30.3,0.25274725
1529.8,3741.3,0.8,-1.6,5.7234407,972.8,30.3,0.25243987
1529.8,3740,0,-1.3,5.721452,973.2,30.3,0.25213248
1539.8,3738.4,10,-1.6,5.7563883,973.7,30.3,0.25174825
1499.8,3738.8,-40,0.4,5.6074522,974.1,30.3,0.25144087
1483.8,3738.4,-16,-0.4,5.5470379,974.5,30.3,0.25113348
1455.8,3738.6,-28,0.2,5.4426539,974.9,30.3,0.2508261
1423.9,3739,-31.9,0.4,5.3239621,975.3,30.3,0.25051871
1397.8,3739.3,-26.1,0.3,5.2267935,975.7,30.3,0.25021133
1367.8,3739.7,-30,0.4,5.1151617,976.1,30.3,0.24990394
1372.8,3738.9,5,-0.8,5.1327619,976.4,30.3,0.2496734
1370.8,3738.3,-2,-0.6,5.1244616,976.8,30.3,0.24936602
1360.8,3738.1,-10,-0.2,5.0868065,977.2,30.3,0.24905863
1363.7,3737.4,2.9,-0.7,5.0966924,977.6,30.3,0.24875125
1371.8,3736.5,8.1,-0.9,5.1257307,978,30.3,0.24844386
1374.8,3735.8,3,-0.7,5.1359778,978.3,30.3,0.24821333
1372.8,3735.3,-2,-0.5,5.1278198,978.7,30.3,0.24790594
1371.8,3734.8,-1,-0.5,5.1233986,979.1,30.3,0.24759856
1366.8,3734.5,-5,-0.3,5.1043146,979.5,30.3,0.24729117
1370.8,3733.8,4,-0.7,5.118293,979.9,30.3,0.24698379
1366.8,3733.5,-4,-0.3,5.1029478,980.2,30.3,0.24675325
1369.8,3732.9,3,-0.6,5.1133264,980.6,30.3,0.24644586
1370.8,3732.4,1,-0.5,5.1163739,981,30.3,0.24613848
994.9,3746.7,-375.9,14.3,3.7275918,981.3,30.3,0.24590794
615.9,3761.8,-379,15.1,2.3168926,981.5,30.3,0.24575425
234,3777.4,-381.9,15.6,0.8839116,981.5,30.3,0.24575425
-145,3792.8,-379,15.4,-0.549956,981.5,30.3,0.24575425
-148.1,3794.4,-3.1,1.6,-0.56195064,981.4,30.3,0.24583109
-152.1,3795.8,-4,1.4,-0.57734118,981.4,30.3,0.24583109
-147,3796.7,5.1,0.9,-0.5581149,981.4,30.3,0.24583109
-152,3797.9,-5,1.2,-0.5772808,981.3,30.3,0.24590794
-144.1,3798.5,7.9,0.6,-0.54736385,981.3,30.3,0.24590794
-147,3799.5,-2.9,1,-0.5585265,981.2,30.3,0.24598478
-147.1,3800.3,-0.1,0.8,-0.55902413,981.2,30.3,0.24598478
-147.1,3801.1,0,0.8,-0.55914181,981.2,30.3,0.24598478
-148,3801.8,-0.9,0.7,-0.5626664,981.1,30.3,0.24606163
-146.1,3802.5,1.9,0.7,-0.55554525,981.1,30.3,0.24606163
-145,3803.2,1.1,0.7,-0.551464,981,30.3,0.24613848
-143,3803.7,2,0.5,-0.5439291,981,30.3,0.24613848
-148.1,3804.5,-5.1,0.8,-0.56344645,980.9,30.3,0.24621532
1334.7,3747.6,1482.8,-56.9,5.0019217,981.3,30.3,0.24590794
1338.8,3745.5,4.1,-2.1,5.0144754,981.7,30.3,0.24560055
873.9,3762.4,-464.9,16.9,3.2879614,981.9,30.3,0.24544686
408,3780.3,-465.9,17.9,1.5423624,982,30.3,0.24537001
414,3780.4,6,0.1,1.5650856,982.2,30.3,0.24521632
420.9,3780.3,6.9,-0.1,1.5911283,982.3,30.3,0.24513948
412,3780.8,-8.9,0.5,1.5576896,982.4,30.3,0.24506263
409.9,3781,-2.1,0.2,1.5498319,982.5,30.3,0.24498578
414,3780.9,4.1,-0.1,1.5652926,982.6,30.3,0.24490894
416,3780.9,2,0,1.5728544,982.7,30.3,0.24483209
417.9,3780.9,1.9,0,1.5800381,982.9,30.3,0.2446784
416.9,3781,-1,0.1,1.5762989,983,30.3,0.24460155
417.9,3781.1,1,0.1,1.5801217,983.1,30.3,0.24452471
415,3781.2,-2.9,0.1,1.569198,983.2,30.3,0.24444786
415,3781.3,0,0.1,1.5692395,983.3,30.3,0.24437101
1673.6,3731.9,1258.6,-49.4,6.2457078,983.8,30.3,0.24398678
1663.7,3730.3,-9.9,-1.6,6.2061001,984.2,30.3,0.2436794
1669.7,3728.5,6,-1.8,6.2254764,984.7,30.3,0.24329517
1668.7,3727.1,-1,-1.4,6.2194118,985.2,30.3,0.24291094
1668.7,3725.8,0,-1.3,6.2172425,985.6,30.3,0.24260355
1672.7,3724.6,4,-1.2,6.2301384,986.1,30.3,0.24221932
-211.1,3797.1,-1883.8,72.5,-0.80156781,986,30.3,0.24229617
-211.1,3799,0,1.9,-0.8019689,986,30.3,0.24229617
-214,3800.5,-2.9,1.5,-0.813307,985.9,30.3,0.24237301
-215.1,3801.8,-1.1,1.3,-0.81776718,985.9,30.3,0.24237301
-215.1,3802.8,0,1,-0.81798228,985.8,30.3,0.24244986
-207,3803.5,8.1,0.7,-0.7873245,985.7,30.3,0.2425267
-214,3804.5,-7,1,-0.814163,985.7,30.3,0.2425267
-212,3805.3,2,0.8,-0.8067236,985.6,30.3,0.24260355
250.9,3788.4,462.9,-16.9,0.95050956,985.7,30.3,0.2425267
709.9,3770.3,459,-18.1,2.676536,985.9,30.3,0.24237301
1164.7,3751.7,454.8,-18.6,4.369605,986.2,30.3,0.24214247
1625.6,3732.3,460.9,-19.4,6.0672269,986.7,30.3,0.24175824
1626.7,3730.5,1.1,-1.8,6.0684044,987.1,30.3,0.24145086
1629.7,3729,3,-1.5,6.0771513,987.6,30.3,0.24106663
1628.7,3727.7,-1,-1.3,6.071305,988,30.3,0.24075924
1630.8,3726.4,2.1,-1.3,6.0770131,988.5,30.3,0.24037501
1628.7,3725.4,-2.1,-1,6.067559,988.9,30.3,0.24006762
1627.7,3724.4,-1,-1,6.0622059,989.4,30.3,0.23968339
1627.8,3723.5,0.1,-0.9,6.0611133,989.8,30.3,0.23937601
1631.7,3722.4,3.9,-1.1,6.0738401,990.3,30.3,0.23899178
1624.8,3721.8,-6.9,-0.6,6.0471806,990.7,30.3,0.23868439
1628.7,3720.8,3.9,-1,6.060067,991.2,30.3,0.23830016
1630.8,3720,2.1,-0.8,6.066576,991.6,30.3,0.23799278
1534.8,3723,-96,3,5.7140604,992.1,30.3,0.23760855
1436.9,3726.2,-97.9,3.2,5.3541768,992.5,30.3,0.23730116
1342.8,3729.4,-94.1,3.2,5.0078383,992.8,30.3,0.23707062
1238.9,3733.1,-103.9,3.7,4.6249376,993.2,30.3,0.23676324
1145.9,3736.5,-93,3.4,4.2816553,993.5,30.3,0.2365327
1042.9,3740.5,-103,4,3.9009674,993.8,30.3,0.23630216
1046.8,3740.3,3.9,-0.2,3.915346,994.1,30.3,0.23607162
1045.8,3740.2,-1,-0.1,3.9115012,994.4,30.3,0.23584108
1048.8,3740,3,-0.2,3.922512,994.7,30.3,0.23561054
1047.8,3739.9,-1,-0.1,3.9186672,995,30.3,0.23538
1257.7,3731.5,209.9,-8.4,4.6931076,995.3,30.3,0.23514947
1476.8,3722.4,219.1,-9.1,5.4972403,995.7,30.3,0.23484208
1684.7,3713.5,207.9,-8.9,6.2561335,996.2,30.3,0.23445785
1904.7,3703.9,220,-9.6,7.0548183,996.7,30.3,0.23407362
2121.6,3694.2,216.9,-9.7,7.8376147,997.3,30.3,0.23361254
2116.7,3693,-4.9,-1.2,7.8169731,997.9,30.3,0.23315146
2118.6,3691.7,1.9,-1.3,7.8212356,998.5,30.3,0.23269039
2120.7,3690.4,2.1,-1.3,7.8262313,999.1,30.3,0.23222931
1436.9,3716.3,-683.8,25.9,5.3399515,999.5,30.3,0.23192192
746.9,3743.5,-690,27.2,2.7960201,999.7,30.3,0.23176823
60,3771.4,-686.9,27.9,0.226284,999.7,30.3,0.23176823
-631.8,3799.8,-691.8,28.4,-2.4007136,999.5,30.3,0.23192192
-636,3802.4,-4.2,2.6,-2.4183264,999.3,30.3,0.23207562
-627.9,3804.2,8.1,1.8,-2.3886572,999.2,30.3,0.23215246
-633,3806.2,-5.1,2,-2.4093246,999,30.3,0.23230616
1365.7,3729.9,1998.7,-76.3,5.0939244,999.4,30.3,0.23199877
1370.8,3727.8,5.1,-2.1,5.1100682,999.8,30.3,0.23169139
1368.7,3726.7,-2.1,-1.1,5.1007343,1000.1,30.3,0.23146085
1369.7,3725.7,1,-1,5.1030913,1000.5,30.3,0.23115346
1372.8,3724.7,3.1,-1,5.1132682,1000.9,30.3,0.23084608
1368.9,3724.2,-3.9,-0.5,5.0980574,1001.3,30.3,0.23053869
1371.9,3723.4,3,-0.8,5.1081325,1001.7,30.3,0.23023131
1371.8,3722.8,-0.1,-0.6,5.106937,1002,30.3,0.23000077
1367.7,3722.4,-4.1,-0.4,5.0911265,1002.4,30.3,0.22969338
1366.8,3721.9,-0.9,-0.5,5.0870929,1002.8,30.3,0.229386
1373.8,3721.1,7,-0.8,5.1120472,1003.2,30.3,0.22907861
1364.9,3721,-8.9,-0.1,5.0787929,1003.6,30.3,0.22877123
1366.8,3720.5,1.9,-0.5,5.0851794,1003.9,30.3,0.22854069
1369.8,3719.9,3,-0.6,5.095519,1004.3,30.3,0.22823331
1367.8,3719.6,-2,-0.3,5.0876689,1004.7,30.3,0.22792592
1370.9,3719.1,3.1,-0.5,5.0985142,1005.1,30.3,0.22761854
619,3748.3,-751.9,29.2,2.3201977,1005.3,30.3,0.22746484
610.9,3749.4,-8.1,1.1,2.2905085,1005.4,30.3,0.227388
613.9,3749.8,3,0.4,2.3020022,1005.6,30.3,0.2272343
615.9,3750.2,2,0.4,2.3097482,1005.8,30.3,0.22708061
613,3750.7,-2.9,0.5,2.2991791,1005.9,30.3,0.22700377
611.9,3751,-1.1,0.3,2.2952369,1006.1,30.3,0.22685007
611.9,3751.3,0,0.3,2.2954205,1006.3,30.3,0.22669638
617,3751.4,5.1,0.1,2.3146138,1006.4,30.3,0.22661953
610,3751.9,-7,0.5,2.288659,1006.6,30.4,0.22646584
612,3752,2,0.1,2.296224,1006.8,30.4,0.22631215
758.9,3746.5,146.9,-5.5,2.8432189,1007,30.4,0.22615846
908.9,3740.5,150,-6,3.3997404,1007.2,30.4,0.22600476
1054.8,3734.5,145.9,-6,3.9391506,1007.5,30.4,0.22577423
1055.9,3734,1.1,-0.5,3.9427306,1007.8,30.4,0.22554369
1060.9,3733.5,5,-0.5,3.9608701,1008.1,30.4,0.22531315
428,3758.1,-632.9,24.6,1.6084668,1008.2,30.4,0.2252363
425.9,3758.9,-2.1,0.8,1.6009155,1008.4,30.4,0.22508261
431.9,3759.2,6,0.3,1.6235985,1008.5,30.4,0.22500576
431,3759.7,-0.9,0.5,1.6204307,1008.6,30.4,0.22492892
423,3760.4,-8,0.7,1.5906492,1008.7,30.4,0.22485207
427.9,3760.6,4.9,0.2,1.6091607,1008.8,30.4,0.22477522
424.9,3761,-3,0.4,1.5980489,1009,30.4,0.22462153
933.8,3741.3,508.9,-19.7,3.4936259,1009.2,30.4,0.22446784
1440.7,3720.8,506.9,-20.5,5.3605566,1009.6,30.4,0.22416045
1945.6,3699.8,504.9,-21,7.1983309,1010.2,30.4,0.22369938
1949.6,3697.9,4,-1.9,7.2094258,1010.7,30.4,0.22331515
1946.7,3696.6,-2.9,-1.3,7.1961712,1011.2,30.4,0.22293092
1951.7,3695.2,5,-1.4,7.2119218,1011.8,30.4,0.22246984
1947.7,3694.1,-4,-1.1,7.1949986,1012.3,30.4,0.22208561
1948.7,3693,1,-1.1,7.1965491,1012.9,30.4,0.22162453
1947.7,3692,-1,-1,7.1909084,1013.4,30.4,0.2212403
1945.7,3691.1,-2,-0.9,7.1817733,1013.9,30.4,0.22085607
1950.6,3689.9,4.9,-1.2,7.1975189,1014.5,30.4,0.22039499
2004.7,3686.8,54.1,-3.1,7.390928,1015,30.4,0.22001076
2063.7,3683.6,59,-3.2,7.6018453,1015.6,30.4,0.21954968
2117.7,3680.4,54,-3.2,7.7939831,1016.2,30.4,0.2190886
2182.7,3676.8,65,-3.6,8.0253514,1016.8,30.4,0.21862753
2177.7,3675.8,-5,-1,8.0047897,1017.4,30.4,0.21816645
2185.7,3674.4,8,-1.4,8.0311361,1018,30.4,0.21770537
2182.6,3673.5,-3.1,-0.9,8.0177811,1018.6,30.4,0.21724429
2178.6,3672.7,-4,-0.8,8.0013442,1019.2,30.4,0.21678322
2178.7,3671.7,0.1,-1,7.9995328,1019.8,30.4,0.21632214
1782.9,3686.4,-395.8,14.7,6.5724826,1020.3,30.4,0.21593791
1382.9,3701.9,-400,15.5,5.1193575,1020.7,30.4,0.21563052
982,3717.9,-400.9,16,3.6509778,1021,30.4,0.21539998
587,3734.2,-395,16.3,2.1919754,1021.2,30.4,0.21524629
586.9,3735.3,-0.1,1.1,2.1922476,1021.3,30.4,0.21516945
541.9,3738,-45,2.7,2.0256222,1021.5,30.4,0.21501575
536.9,3739,-5,1,2.0074691,1021.6,30.4,0.21493891
538,3739.6,1.1,0.6,2.0119048,1021.8,30.4,0.21478521
537.9,3740.3,-0.1,0.7,2.0119074,1021.9,30.4,0.21470837
534.9,3741,-3,0.7,2.0010609,1022.1,30.4,0.21455468
532.9,3741.6,-2,0.6,1.9938986,1022.2,30.4,0.21447783
536.9,3741.9,4,0.3,2.0090261,1022.4,30.4,0.21432414
534,3742.5,-2.9,0.6,1.998495,1022.5,30.4,0.21424729
536.9,3742.8,2.9,0.3,2.0095093,1022.7,30.4,0.2140936
538.9,3743.2,2,0.4,2.0172105,1022.8,30.4,0.21401675
533,3743.8,-5.9,0.6,1.9954454,1023,30.4,0.21386306
538,3743.9,5,0.1,2.0142182,1023.1,30.4,0.21378621
536.9,3744.4,-1.1,0.5,2.0103684,1023.3,30.4,0.21363252
537.9,3744.6,1,0.2,2.0142203,1023.4,30.4,0.21355568
539,3744.9,1.1,0.3,2.0185011,1023.6,30.4,0.21340198
950.8,3729,411.8,-15.9,3.5455332,1023.8,30.4,0.21324829
1358.8,3712.5,408,-16.5,5.044545,1024.2,30.4,0.21294091
1366.8,3711.2,8,-1.3,5.0724682,1024.6,30.4,0.21263352
1362.8,3710.6,-4,-0.6,5.0568057,1025,30.4,0.21232614
1360.8,3710.1,-2,-0.5,5.0487041,1025.3,30.4,0.2120956
1362.8,3709.4,2,-0.7,5.0551703,1025.7,30.4,0.21178821
1358.8,3709,-4,-0.4,5.0397892,1026.1,30.4,0.21148083
1368.8,3708.2,10,-0.8,5.0757842,1026.5,30.4,0.21117344
1362.8,3707.9,-6,-0.3,5.0531261,1026.9,30.4,0.21086606
1358.8,3707.6,-4,-0.3,5.0378869,1027.2,30.4,0.21063552
1364.9,3707,6.1,-0.6,5.0596843,1027.6,30.4,0.21032813
1364.8,3706.5,-0.1,-0.5,5.0586312,1028,30.4,0.21002075
1363.8,3706.1,-1,-0.4,5.0543792,1028.4,30.4,0.20971336
1354.8,3706.1,-9,0,5.0210243,1028.7,30.4,0.20948282
1360.8,3705.5,6,-0.6,5.0424444,1029.1,30.4,0.20917544
-127,3763.2,-1487.8,57.7,-0.4779264,1029.1,30.4,0.20917544
-124.1,3765.2,2.9,2,-0.46726132,1029,30.4,0.20925229
-127.1,3766.9,-3,1.7,-0.47877299,1029,30.4,0.20925229
-123.1,3768,4,1.1,-0.4638408,1029,30.4,0.20925229
-122.1,3769.2,1,1.2,-0.46021932,1028.9,30.4,0.20932913
-126.1,3770.5,-4,1.3,-0.47546005,1028.9,30.4,0.20932913
892.8,3732,1018.9,-38.5,3.3319296,1029.2,30.4,0.20909859
1907.6,3691.2,1014.8,-40.8,7.0413331,1029.7,30.4,0.20871436
2929.6,3648.7,1022,-42.5,10.689232,1030.5,30.4,0.20809959
2930.6,3645.5,1,-3.2,10.683502,1031.3,30.4,0.20748482
2925.6,3643,-5,-2.5,10.657961,1032.1,30.4,0.20687005
2928.6,3640.7,3,-2.3,10.662154,1032.9,30.4,0.20625528
2928.7,3638.5,0.1,-2.2,10.656075,1033.8,30.4,0.20556367
2929.6,3636.4,0.9,-2.1,10.653197,1034.6,30.4,0.2049489
2926.6,3634.6,-3,-1.8,10.63702,1035.4,30.4,0.20433413
2929.6,3632.7,3,-1.9,10.642358,1036.2,30.4,0.20371936
2177.7,3660.6,-751.9,27.9,7.9716886,1036.8,30.4,0.20325828
1425.9,3689.8,-751.8,29.2,5.2612858,1037.2,30.4,0.2029509
672,3720.1,-753.9,30.3,2.4999072,1037.4,30.4,0.2027972
-77,3750.5,-749,30.4,-0.2887885,1037.4,30.4,0.2027972
-827,3782.3,-750,31.8,-3.1279621,1037.1,30.4,0.20302774
-830.9,3785.4,-3.9,3.1,-3.1452889,1036.9,30.4,0.20318143
-829.9,3788,1,2.6,-3.1436612,1036.7,30.4,0.20333513
-831.9,3790.4,-2,2.4,-3.1532338,1036.4,30.4,0.20356567
-832.9,3792.6,-1,2.2,-3.1588565,1036.2,30.4,0.20371936
-830.9,3794.5,2,1.9,-3.1528501,1036,30.4,0.20387305
-831.9,3796.4,-1,1.9,-3.1582252,1035.7,30.4,0.20410359
-829,3798,2.9,1.6,-3.148542,1035.5,30.4,0.20425728
-831.9,3799.8,-2.9,1.8,-3.1610536,1035.3,30.4,0.20441097
-833.9,3801.5,-2,1.7,-3.1700708,1035.1,30.4,0.20456467
-828.9,3802.8,5,1.3,-3.1521409,1034.8,30.4,0.2047952
-831.9,3804.4,-3,1.6,-3.1648804,1034.6,30.4,0.2049489
-836,3806,-4.1,1.6,-3.181816,1034.4,30.4,0.20510259
-828,3807,8,1,-3.152196,1034.1,30.4,0.20533313
-827,3808.3,1,1.3,-3.1494641,1033.9,30.4,0.20548682
-827.9,3809.6,-0.9,1.3,-3.1539678,1033.7,30.4,0.20564051
-494,3797.8,333.9,-11.8,-1.8761132,1033.5,30.4,0.20579421
-161.1,3785.4,332.9,-12.4,-0.60982794,1033.5,30.4,0.20579421
175.1,3773,336.2,-12.4,0.6606523,1033.5,30.4,0.20579421
511.9,3759.5,336.8,-13.5,1.9244881,1033.7,30.4,0.20564051
850.7,3745.6,338.8,-13.9,3.1863819,1033.9,30.4,0.20548682
1181.8,3731.5,331.1,-14.1,4.4098867,1034.2,30.4,0.20525628
1185.8,3729.9,4,-1.6,4.4229154,1034.6,30.4,0.2049489
1185.8,3728.7,0,-1.2,4.4214925,1034.9,30.4,0.20471836
1703.6,3707.3,517.8,-21.4,6.3157563,1035.4,30.4,0.20433413
1701.7,3705.5,-1.9,-1.8,6.3056493,1035.8,30.4,0.20402674
1703.6,3703.7,1.9,-1.8,6.3096233,1036.3,30.4,0.20364251
1700.7,3702.4,-2.9,-1.3,6.2966717,1036.8,30.4,0.20325828
1706.7,3700.7,6,-1.7,6.3159847,1037.3,30.4,0.20287405
1703.6,3699.5,-3.1,-1.2,6.3024682,1037.7,30.4,0.20256666
1709.7,3698,6.1,-1.5,6.3224706,1038.2,30.4,0.20218243
1702.7,3697,-7,-1,6.2948819,1038.7,30.4,0.2017982
1705.7,3695.7,3,-1.3,6.3037555,1039.2,30.4,0.20141397
1636.8,3697.3,-68.9,1.6,6.0517406,1039.6,30.4,0.20110659
1599.8,3697.9,-37,0.6,5.9159004,1040.1,30.4,0.20072235
1544.8,3699.2,-55,1.3,5.7145242,1040.5,30.4,0.20041497
1489.7,3700.6,-55.1,1.4,5.5127838,1040.9,30.4,0.20010758
1485.8,3700.1,-3.9,-0.5,5.4976086,1041.3,30.4,0.1998002
1480.8,3699.6,-5,-0.5,5.4783677,1041.7,30.4,0.19949281
1484.8,3698.8,4,-0.8,5.4919782,1042.1,30.4,0.19918543
1483.8,3698.2,-1,-0.6,5.4873892,1042.6,30.4,0.1988012
1486.8,3697.5,3,-0.7,5.497443,1043,30.4,0.19849381
1484.8,3696.9,-2,-0.6,5.4891571,1043.4,30.4,0.19818643
1482.8,3696.4,-2,-0.5,5.4810219,1043.8,30.4,0.19787904
1492.8,3695.5,10,-0.9,5.5166424,1044.2,30.4,0.19757166
1484.8,3695.2,-8,-0.3,5.486633,1044.6,30.4,0.19726427
1485.8,3694.6,1,-0.6,5.4894367,1045,30.4,0.19695689
1483.9,3694.2,-1.9,-0.4,5.4818234,1045.4,30.4,0.1966495
1489.7,3693.4,5.8,-0.8,5.502058,1045.9,30.4,0.19626527
1060.9,3709.8,-428.8,16.4,3.9357268,1046.2,30.4,0.19603473
620.9,3727.3,-440,17.5,2.3142806,1046.3,30.4,0.19595789
629,3727.8,8.1,0.5,2.3447862,1046.5,30.4,0.1958042
623,3728.5,-6,0.7,2.3228555,1046.7,30.4,0.1956505
624,3728.9,1,0.4,2.3268336,1046.8,30.4,0.19557366
626,3729.2,2,0.3,2.3344792,1047,30.4,0.19541996
615.9,3729.9,-10.1,0.7,2.2972454,1047.2,30.4,0.19526627
620.9,3730,5,0.1,2.315957,1047.4,30.4,0.19511258
623.9,3730.2,3,0.2,2.3272718,1047.5,30.4,0.19503573
625.9,3730.3,2,0.1,2.3347948,1047.7,30.4,0.19488204
486,3736.1,-139.9,5.8,1.8157446,1047.8,30.4,0.19480519
348,3742,-138,5.9,1.302216,1047.9,30.4,0.19472835
211.1,3748,-136.9,6,0.7912028,1048,30.5,0.1946515
73,3754.2,-138.1,6.2,0.2740566,1048,30.5,0.1946515
70,3755.2,-3,1,0.262864,1048,30.5,0.1946515
70,3756,0,0.8,0.26292,1048.1,30.5,0.19457466
77,3756.5,7,0.5,0.2892505,1048.1,30.5,0.19457466
75,3757.2,-2,0.7,0.28179,1048.1,30.5,0.19457466
69,3758.1,-6,0.9,0.2593089,1048.1,30.5,0.19457466
79,3758.3,10,0.2,0.2969057,1048.1,30.5,0.19457466
70,3759.2,-9,0.9,0.263144,1048.2,30.4,0.19449781
78,3759.5,8,0.3,0.293241,1048.2,30.4,0.19449781
71,3760.3,-7,0.8,0.2669813,1048.2,30.5,0.19449781
74,3760.6,3,0.3,0.2782844,1048.2,30.5,0.19449781
69,3761.4,-5,0.8,0.2595366,1048.2,30.5,0.19449781
68,3761.9,-1,0.5,0.2558092,1048.3,30.5,0.19442096
74,3762.2,6,0.3,0.2784028,1048.3,30.5,0.19442096
72,3762.7,-2,0.5,0.2709144,1048.3,30.4,0.19442096
69,3763.2,-3,0.5,0.2596608,1048.3,30.4,0.19442096
140.1,3760.9,71.1,-2.3,0.52690209,1048.4,30.4,0.19434412
207,3758.5,66.9,-2.4,0.7780095,1048.4,30.4,0.19434412
282,3755.8,75,-2.7,1.0591356,1048.5,30.4,0.19426727
351,3753.1,69,-2.7,1.3173381,1048.6,30.4,0.19419042
414,3750.6,63,-2.5,1.5527484,1048.7,30.4,0.19411358
482.9,3747.8,68.9,-2.8,1.8098126,1048.8,30.4,0.19403673
484.9,3747.6,2,-0.2,1.8172112,1049,30.4,0.19388304
483,3747.6,-1.9,0,1.8100908,1049.1,30.5,0.19380619
480.9,3747.5,-2.1,-0.1,1.8021727,1049.2,30.4,0.19372935
486.9,3747.2,6,-0.3,1.8245117,1049.4,30.4,0.19357566
483.9,3747.3,-3,0.1,1.8133185,1049.5,30.4,0.19349881
489,3747,5.1,-0.3,1.832283,1049.7,30.4,0.19334512
487.9,3747,-1.1,0,1.8281613,1049.8,30.4,0.19326827
485.9,3747,-2,0,1.8206673,1049.9,30.4,0.19319142
-67,3768.1,-552.9,21.1,-0.2524627,1049.9,30.4,0.19319142
-615,3790.6,-548,22.5,-2.331219,1049.7,30.4,0.19334512
-1174.8,3814.2,-559.8,23.6,-4.4809222,1049.4,30.4,0.19357566
-1172.9,3816.4,1.9,2.2,-4.4762556,1049.1,30.4,0.19380619
-1172.9,3818.5,0,2.1,-4.4787187,1048.8,30.4,0.19403673
-1178,3820.4,-5.1,1.9,-4.5004312,1048.4,30.4,0.19434412
1860.6,3703.3,3038.6,-117.1,6.89036,1048.9,30.4,0.19395989
1859.7,3699.8,-0.9,-3.5,6.8805181,1049.5,30.4,0.19349881
1859.7,3697.1,0,-2.7,6.8754969,1050,30.4,0.19311458
1858.7,3695,-1,-2.1,6.8678965,1050.5,30.4,0.19273035
1851.7,3693.2,-7,-1.8,6.8386984,1051,30.4,0.19234612
1855.7,3691.4,4,-1.8,6.850131,1051.5,30.4,0.19196188
1855.7,3689.7,0,-1.7,6.8469763,1052,30.4,0.19157765
1857.7,3688.1,2,-1.6,6.8513834,1052.6,30.4,0.19111658
1859.7,3686.6,2,-1.5,6.85597,1053.1,30.4,0.19073234
1854.6,3685.4,-5.1,-1.2,6.8349428,1053.6,30.4,0.19034811
855.1,3723.5,-999.5,38.1,3.1839648,1053.8,30.4,0.19019442
-151,3762.9,-1006.1,39.4,-0.5681979,1053.8,30.4,0.19019442
-150.1,3764.6,0.9,1.7,-0.56506646,1053.7,30.4,0.19027127
-148,3765.9,2.1,1.3,-0.5573532,1053.7,30.4,0.19027127
-149,3767,-1,1.1,-0.561283,1053.7,30.4,0.19027127
-147,3767.9,2,0.9,-0.5538813,1053.6,30.4,0.19034811
-146.1,3768.7,0.9,0.8,-0.55060707,1053.6,30.4,0.19034811
-142.1,3769.4,4,0.7,-0.53563174,1053.5,30.4,0.19042496
-152.1,3770.6,-10,1.2,-0.57350826,1053.5,30.4,0.19042496
-148,3771.1,4.1,0.5,-0.5581228,1053.5,30.4,0.19042496
541.9,3745.2,689.9,-25.9,2.0295239,1053.6,30.4,0.19034811
1222.8,3717.8,680.9,-27.4,4.5461258,1053.9,30.4,0.19011757
1903.7,3689.5,680.9,-28.3,7.0237011,1054.5,30.4,0.1896565
1911.6,3686.9,7.9,-2.6,7.047878,1055,30.4,0.18927227
1906.6,3685.1,-5,-1.8,7.0260117,1055.5,30.4,0.18888804
1904.7,3683.6,-1.9,-1.5,7.0161529,1056.1,30.4,0.18842696
1909.7,3681.8,5,-1.8,7.0311335,1056.6,30.4,0.18804273
1907.7,3680.5,-2,-1.3,7.0212898,1057.1,30.4,0.1876585
1908.7,3679.2,1,-1.3,7.022489,1057.7,30.4,0.18719742
1904.7,3678.1,-4,-1.1,7.0056771,1058.2,30.4,0.18681319
1904.6,3677,-0.1,-1.1,7.0032142,1058.7,30.4,0.18642896
1907.7,3675.7,3.1,-1.3,7.0121329,1059.2,30.4,0.18604472
1909.7,3674.6,2,-1.1,7.0173836,1059.8,30.4,0.18558365
1909.6,3673.6,-0.1,-1,7.0151066,1060.3,30.4,0.18519942
1907.7,3672.6,-1.9,-1,7.006219,1060.8,30.4,0.18481518
1911.7,3671.5,4,-1.1,7.0188065,1061.4,30.4,0.18435411
1906.7,3670.7,-5,-0.8,6.9989237,1061.9,30.4,0.18396988
1907.8,3669.7,1.1,-1,7.0010537,1062.4,30.4,0.18358565
815,3712,-1092.8,42.3,3.02528,1062.6,30.4,0.18343195
817.8,3712.6,2.8,0.6,3.0361643,1062.9,30.4,0.18320141
819.9,3713,2.1,0.4,3.0442887,1063.1,30.4,0.18304772
1799.6,3674.6,979.7,-38.4,6.6128102,1063.6,30.4,0.18266349
1804.7,3673.2,5.1,-1.4,6.629024,1064.1,30.4,0.18227926
1801.7,3672.3,-3,-0.9,6.6163829,1064.6,30.4,0.18189503
1803.7,3671.3,2,-1,6.6219238,1065.1,30.4,0.1815108
1805.7,3670.4,2,-0.9,6.6276413,1065.6,30.4,0.18112657
1704.8,3673.6,-100.9,3.2,6.2627533,1066.1,30.4,0.18074233
1598.8,3677.1,-106,3.5,5.8789475,1066.5,30.4,0.18043495
1500.8,3680.5,-98,3.4,5.5236944,1066.9,30.4,0.18012756
1400.9,3684.1,-99.9,3.6,5.1610557,1067.3,30.4,0.17982018
1304.8,3687.7,-96.1,3.6,4.811711,1067.7,30.4,0.17951279
1196.9,3691.9,-107.9,4.2,4.4188351,1068,30.4,0.17928226
1200.8,3691.7,3.9,-0.2,4.4329934,1068.4,30.4,0.17897487
-50,3740.5,-1250.8,48.8,-0.187025,1068.3,30.4,0.17905172
-46,3742.3,4,1.8,-0.1721458,1068.3,30.4,0.17905172
-46,3743.8,0,1.5,-0.1722148,1068.3,30.4,0.17905172
-46,3745.1,0,1.3,-0.1722746,1068.3,30.4,0.17905172
-50,3746.4,-4,1.3,-0.18732,1068.3,30.4,0.17905172
-52,3747.6,-2,1.2,-0.1948752,1068.3,30.4,0.17905172
532.8,3726.1,584.8,-21.5,1.9852661,1068.4,30.4,0.17897487
536.9,3725.8,4.1,-0.3,2.000382,1068.6,30.4,0.17882118
534.1,3726,-2.8,0.2,1.9900566,1068.7,30.4,0.17874433
528.9,3726.4,-5.2,0.4,1.970893,1068.9,30.4,0.17859064
534.9,3726.3,6,-0.1,1.9931979,1069,30.4,0.17851379
534.9,3726.5,0,0.2,1.9933049,1069.2,30.4,0.1783601
536,3726.5,1.1,0,1.997404,1069.3,30.4,0.17828326
534.9,3726.7,-1.1,0.2,1.9934118,1069.5,30.4,0.17812956
535.9,3726.8,1,0.1,1.9971921,1069.6,30.4,0.17805272
533,3727.1,-2.9,0.3,1.9865443,1069.8,30.4,0.17789902
535,3727.2,2,0.1,1.994052,1069.9,30.4,0.17782218
530.9,3727.5,-4.1,0.3,1.9789298,1070.1,30.4,0.17766849
532,3727.6,1.1,0.1,1.9830832,1070.2,30.4,0.17759164
539,3727.4,7,-0.2,2.0090686,1070.4,30.4,0.17743795
528.9,3727.9,-10.1,0.5,1.9716863,1070.5,30.4,0.1773611
534.9,3727.8,6,-0.1,1.9940002,1070.7,30.4,0.17720741
522.9,3728.4,-12,0.6,1.9495804,1070.8,30.4,0.17713056
524,3728.5,1.1,0.1,1.953734,1070.9,30.4,0.17705372
521.9,3728.7,-2.1,0.2,1.9460085,1071.1,30.4,0.17690002
529,3728.5,7.1,-0.2,1.9723765,1071.2,30.4,0.17682318
524,3728.8,-5,0.3,1.9538912,1071.4,30.4,0.17666948
524.9,3728.9,0.9,0.1,1.9572996,1071.5,30.4,0.17659264
530.9,3728.7,6,-0.2,1.9795668,1071.7,30.4,0.17643895
531.9,3728.7,1,0,1.9832955,1071.8,30.4,0.1763621
524.9,3729.1,-7,0.4,1.9574046,1072,30.4,0.17620841
529.9,3729,5,-0.1,1.9759971,1072.1,30.4,0.17613156
524.9,3729.2,-5,0.2,1.9574571,1072.3,30.4,0.17597787
523.9,3729.3,-1,0.1,1.9537803,1072.4,30.4,0.17590102
524,3729.4,0.1,0.1,1.9542056,1072.6,30.4,0.17574733
522,3729.6,-2,0.2,1.9468512,1072.7,30.4,0.17567048
523,3729.6,1,0,1.9505808,1072.8,30.4,0.17559364
528.9,3729.4,5.9,-0.2,1.9724797,1073,30.4,0.17543994
301,3738.4,-227.9,9,1.1252584,1073.1,30.4,0.1753631
81,3747.5,-220,9.1,0.3035475,1073.1,30.4,0.1753631
78,3748.4,-3,0.9,0.2923752,1073.1,30.4,0.1753631
76,3749.1,-2,0.7,0.2849316,1073.1,30.4,0.1753631
78,3749.5,2,0.4,0.292461,1073.2,30.4,0.17528625
83,3749.8,5,0.3,0.3112334,1073.2,30.4,0.17528625
81,3750.4,-2,0.6,0.3037824,1073.2,30.4,0.17528625
82,3750.8,1,0.4,0.3075656,1073.2,30.4,0.17528625
85,3751,3,0.2,0.318835,1073.3,30.4,0.17520941
79,3751.7,-6,0.7,0.2963843,1073.3,30.4,0.17520941
751,3725.6,672,-26.1,2.7979256,1073.5,30.4,0.17505571
1423.7,3698.2,672.7,-27.4,5.2651273,1073.9,30.4,0.17474833
1421.8,3696.6,-1.9,-1.6,5.2558259,1074.3,30.4,0.17444094
1410.9,3695.7,-10.9,-0.9,5.2142631,1074.7,30.4,0.17413356
1422.8,3694.1,11.9,-1.6,5.2559655,1075.1,30.4,0.17382617
1417.8,3693.2,-5,-0.9,5.236219,1075.5,30.4,0.17351879
1415.9,3692.4,-1.9,-0.8,5.2280692,1075.8,30.4,0.17328825
1416.8,3691.4,0.9,-1,5.2299755,1076.2,30.4,0.17298087
1422.8,3690.4,6,-1,5.2507011,1076.6,30.4,0.17267348
1423.8,3689.6,1,-0.8,5.2532525,1077,30.4,0.1723661
1733.8,3676.6,310,-13,6.3744891,1077.5,30.4,0.17198186
1738.8,3675.3,5,-1.3,6.3906116,1078,30.4,0.17159763
1731.8,3674.4,-7,-0.9,6.3633259,1078.5,30.4,0.1712134
1735.8,3673.3,4,-1.1,6.3761141,1079,30.4,0.17082917
1736.7,3672.3,0.9,-1,6.3776834,1079.4,30.4,0.17052179
1737.7,3671.3,1,-1,6.379618,1079.9,30.4,0.17013755
1741.7,3670.3,4,-1,6.3925615,1080.4,30.4,0.16975332
1731.7,3669.8,-10,-0.5,6.3549927,1080.9,30.4,0.16936909
1735.8,3668.8,4.1,-1,6.368303,1081.4,30.4,0.16898486
1736.8,3668,1,-0.8,6.3705824,1081.9,30.4,0.16860063
1734.7,3667.3,-2.1,-0.7,6.3616653,1082.3,30.4,0.16829325
1735.7,3666.5,1,-0.8,6.3639441,1082.8,30.4,0.16790901
1733.8,3665.9,-1.9,-0.6,6.3559374,1083.3,30.4,0.16752478
1558.8,3672.1,-175,6.2,5.7240695,1083.7,30.4,0.1672174
1382.8,3678.6,-176,6.5,5.0867681,1084.1,30.4,0.16691001
1205.8,3685.4,-177,6.8,4.4438553,1084.5,30.4,0.16660263
1028.9,3692.4,-176.9,7,3.7991104,1084.7,30.4,0.16644894
847.9,3699.7,-181,7.3,3.1369756,1085,30.4,0.1662184
840.9,3700.4,-7,0.7,3.1116664,1085.2,30.4,0.1660647
846.9,3700.4,6,0,3.1338688,1085.4,30.4,0.16591101
856.9,3700.2,10,-0.2,3.1707014,1085.7,30.4,0.16568047
851.8,3700.5,-5.1,0.3,3.1520859,1085.9,30.4,0.16552678
852.9,3700.7,1.1,0.2,3.156327,1086.2,30.4,0.16529624
847.9,3700.9,-5,0.2,3.1379931,1086.4,30.4,0.16514255
852.9,3700.8,5,-0.1,3.1564123,1086.6,30.4,0.16498886
851.9,3701,-1,0.2,3.1528819,1086.9,30.4,0.16475832
-281,3745.3,-1132.9,44.3,-1.0524293,1086.8,30.4,0.16483516
-280,3747.1,1,1.8,-1.049188,1086.7,30.4,0.16491201
-283.1,3748.8,-3.1,1.7,-1.0612853,1086.6,30.4,0.16498886
-280,3750,3.1,1.2,-1.05,1086.6,30.4,0.16498886
-280,3751.2,0,1.2,-1.050336,1086.5,30.4,0.1650657
-277.1,3752.3,2.9,1.1,-1.0397623,1086.4,30.4,0.16514255
-283,3753.6,-5.9,1.3,-1.0622688,1086.3,30.4,0.1652194
-280,3754.5,3,0.9,-1.05126,1086.2,30.4,0.16529624
-279.1,3755.4,0.9,0.9,-1.0481321,1086.2,30.4,0.16529624
-284.1,3756.5,-5,1.1,-1.0672217,1086.1,30.4,0.16537309
-331,3759.2,-46.9,2.7,-1.2442952,1086,30.4,0.16544993
-380,3762.1,-49,2.9,-1.429598,1085.9,30.4,0.16552678
-433.9,3765.2,-53.9,3.1,-1.6337203,1085.8,30.4,0.16560363
-491.9,3768.5,-58,3.3,-1.8537252,1085.6,30.4,0.16575732
-534.9,3771.3,-43,2.8,-2.0172684,1085.5,30.4,0.16583417
-597.9,3774.8,-63,3.5,-2.2569529,1085.3,30.4,0.16598786
-645.9,3777.8,-48,3,-2.440081,1085.1,30.4,0.16614155
-647.9,3779,-2,1.2,-2.4484141,1085,30.4,0.1662184
-535,3775.6,112.9,-3.4,-2.019946,1084.8,30.4,0.16637209
-425,3772.1,110,-3.5,-1.6031425,1084.7,30.4,0.16644894
-314,3768.3,111,-3.8,-1.1832462,1084.6,30.4,0.16652578
-198.1,3764.2,115.9,-4.1,-0.74568802,1084.5,30.4,0.16660263
-195.1,3764.4,3,0.2,-0.73443444,1084.5,30.4,0.16660263
428.9,3740.8,624,-23.6,1.6044291,1084.6,30.4,0.16652578
1053.8,3715.4,624.9,-25.4,3.9152885,1084.9,30.4,0.16629524
1684.7,3688.9,630.9,-26.5,6.2146898,1085.4,30.4,0.16591101
2309.6,3662,624.9,-26.9,8.4577552,1086,30.4,0.16544993
2313.6,3658.7,4,-3.3,8.4647683,1086.7,30.4,0.16491201
2311.7,3656.2,-1.9,-2.5,8.4520375,1087.3,30.4,0.16445093
2317.6,3653.5,5.9,-2.7,8.4673516,1087.9,30.4,0.16398986
2306.7,3651.9,-10.9,-1.6,8.4238377,1088.6,30.4,0.16345193
2078.7,3658.9,-228,7,7.6057554,1089.2,30.4,0.16299086
1839.7,3666.9,-239,8,6.7459959,1089.7,30.4,0.16260662
1599.8,3675.3,-239.9,8.4,5.8797449,1090.1,30.4,0.16229924
1362.8,3684,-237,8.7,5.0205552,1090.5,30.4,0.16199185
1361.8,3683.7,-1,-0.3,5.0164627,1090.9,30.4,0.16168447
1363.7,3683.1,1.9,-0.6,5.0226435,1091.3,30.4,0.16137708
1359.8,3682.8,-3.9,-0.3,5.0078714,1091.6,30.4,0.16114655
1360.8,3682.3,1,-0.5,5.0108738,1092,30.4,0.16083916
1363.7,3681.6,2.9,-0.7,5.0205979,1092.4,30.4,0.16053178
1368.8,3681,5.1,-0.6,5.0385528,1092.8,30.4,0.16022439
1365.8,3680.6,-3,-0.4,5.0269635,1093.1,30.4,0.15999385
1362.8,3680.2,-3,-0.4,5.0153766,1093.5,30.4,0.15968647
1365.9,3679.6,3.1,-0.6,5.0259656,1093.9,30.4,0.15937908
1362.8,3679.2,-3.1,-0.4,5.0140138,1094.3,30.4,0.1590717
1367.8,3678.6,5,-0.6,5.0315891,1094.7,30.4,0.15876431
1365.8,3678.2,-2,-0.4,5.0236856,1095,30.4,0.15853377
1364.9,3677.8,-0.9,-0.4,5.0198292,1095.4,30.4,0.15822639
1236,3682.5,-128.9,4.7,4.55157,1095.8,30.4,0.157919
1108.9,3687.3,-127.1,4.8,4.088847,1096.1,30.4,0.15768847
980.1,3692.3,-128.8,5,3.6188232,1096.3,30.4,0.15753477
859.9,3697.1,-120.2,4.8,3.1791363,1096.6,30.4,0.15730423
739.9,3702.1,-120,5,2.7391838,1096.8,30.4,0.15715054
737.1,3702.5,-2.8,0.4,2.7291128,1097,30.4,0.15699685
739.9,3702.6,2.8,0.1,2.7395537,1097.2,30.4,0.15684316
739.9,3702.8,0,0.2,2.7397017,1097.4,30.4,0.15668946
731.9,3703.2,-8,0.4,2.7103721,1097.6,30.4,0.15653577
744.9,3702.8,13,-0.4,2.7582157,1097.8,30.4,0.15638208
736,3703.3,-8.9,0.5,2.7256288,1098,30.4,0.15622839
739.9,3703.2,3.9,-0.1,2.7399977,1098.2,30.4,0.15607469
731.9,3703.6,-8,0.4,2.7106648,1098.4,30.4,0.155921
735.9,3703.6,4,0,2.7254792,1098.6,30.4,0.15576731
742,3703.4,6.1,-0.2,2.7479228,1098.8,30.4,0.15561362
334,3719.6,-408,16.2,1.2423464,1098.9,30.4,0.15553677
-67,3735.6,-401,16,-0.2502852,1098.9,30.4,0.15553677
-469,3752.7,-402,17.1,-1.7600163,1098.8,30.4,0.15561362
-471,3754.5,-2,1.8,-1.7683695,1098.7,30.4,0.15569046
-478,3756.3,-7,1.8,-1.7955114,1098.5,30.4,0.15584416
-472,3757.4,6,1.1,-1.7734928,1098.4,30.4,0.155921
-478,3758.9,-6,1.5,-1.7967542,1098.3,30.4,0.15599785
-473,3759.9,5,1,-1.7784327,1098.1,30.4,0.15615154
-473,3761,0,1.1,-1.778953,1098,30.4,0.15622839
-1018.9,3783.6,-545.9,22.6,-3.85511,1097.7,30.4,0.15645893
-1019.9,3785.6,-1,2,-3.8609334,1097.4,30.4,0.15668946
-1023.9,3787.4,-4,1.8,-3.8779189,1097.1,30.4,0.15692
-1027.9,3789.1,-4,1.7,-3.8948159,1096.9,30.4,0.1570737
-1020.9,3790.4,7,1.3,-3.8696194,1096.6,30.4,0.15730423
2999.5,3633.6,4020.4,-156.8,10.898983,1097.4,30.4,0.15668946
2999.6,3628.2,0.1,-5.4,10.883149,1098.2,30.4,0.15607469
2999.7,3623.9,0.1,-4.3,10.870613,1099.1,30.4,0.15538308
2999.7,3620.4,0,-3.5,10.860114,1099.9,30.4,0.15476831
2999.7,3617.3,0,-3.1,10.850815,1100.7,30.4,0.15415354
2999.7,3614.7,0,-2.6,10.843016,1101.6,30.4,0.15346192
2999.7,3612.3,0,-2.4,10.835816,1102.4,30.4,0.15284715
2999.7,3610,0,-2.3,10.828917,1103.2,30.4,0.15223238
2512.8,3627.1,-486.9,17.1,9.1141769,1103.9,30.4,0.15169446
1967.8,3647.3,-545,20.2,7.1771569,1104.5,30.4,0.15123338
1425.9,3668.1,-541.9,20.8,5.2303438,1104.9,30.4,0.150926
882,3689.8,-543.9,21.7,3.2544036,1105.1,30.4,0.1507723
339,3712,-543,22.2,1.258368,1105.2,30.4,0.15069546
345,3713.1,6,1.1,1.2810195,1105.3,30.4,0.15061861
339,3714.3,-6,1.2,1.2591477,1105.4,30.4,0.15054177
348.9,3714.7,9.9,0.4,1.2960588,1105.5,30.4,0.15046492
344.9,3715.6,-4,0.9,1.2815104,1105.6,30.4,0.15038807
344,3716.2,-0.9,0.6,1.2783728,1105.7,30.4,0.15031123
73,3727.5,-271,11.3,0.2721075,1105.7,30.4,0.15031123
-196.1,3738.5,-269.1,11,-0.73311985,1105.7,30.4,0.15031123
-456.9,3750.2,-260.8,11.7,-1.7134664,1105.5,30.4,0.15046492
-735.9,3762.8,-279,12.6,-2.7690445,1105.3,30.4,0.15061861
-994.8,3774.9,-258.9,12.1,-3.7552705,1105.1,30.4,0.1507723
-1001.9,3777.3,-7.1,2.4,-3.7844769,1104.8,30.4,0.15100284
-1000.9,3779.2,1,1.9,-3.7826013,1104.5,30.4,0.15123338
-997.9,3780.8,3,1.6,-3.7728603,1104.2,30.4,0.15146392
-994.9,3782.4,3,1.6,-3.7631098,1103.9,30.4,0.15169446
-1002.9,3784.3,-8,1.9,-3.7952745,1103.7,30.4,0.15184815
-998.9,3785.6,4,1.3,-3.7814358,1103.4,30.4,0.15207869
-995.9,3786.9,3,1.3,-3.7713737,1103.1,30.4,0.15230923
-1001.9,3788.5,-6,1.6,-3.7956982,1102.8,30.4,0.15253977
-1001.9,3789.9,0,1.4,-3.7971008,1102.6,30.4,0.15269346
-795,3783,206.9,-6.9,-3.007485,1102.3,30.4,0.152924
-580,3775.4,215,-7.6,-2.189732,1102.2,30.4,0.15300085
-374.1,3767.9,205.9,-7.5,-1.4095714,1102.1,30.4,0.15307769
-159.1,3759.7,215,-8.2,-0.59816827,1102,30.4,0.15315454
-157.1,3759.7,2,0,-0.59064887,1102,30.4,0.15315454
-157.1,3759.7,0,0,-0.59064887,1101.9,30.4,0.15323138
-161.1,3760.1,-4,0.4,-0.60575211,1101.9,30.4,0.15323138
-158.1,3760.2,3,0.1,-0.59448762,1101.8,30.4,0.15330823
-159,3760.4,-0.9,0.2,-0.5979036,1101.8,30.4,0.15330823
-165.1,3760.9,-6.1,0.5,-0.62092459,1101.8,30.4,0.15330823
-161,3761,4.1,0.1,-0.605521,1101.7,30.4,0.15338508
-160,3761.2,1,0.2,-0.601792,1101.7,30.4,0.15338508
-162,3761.4,-2,0.2,-0.6093468,1101.6,30.4,0.15346192
-133,3760.6,29,-0.8,-0.5001598,1101.6,30.4,0.15346192
-106.1,3759.7,26.9,-0.9,-0.39890417,1101.6,30.4,0.15346192
-76,3758.6,30.1,-1.1,-0.2856536,1101.5,30.4,0.15353877
-49,3757.7,27,-0.9,-0.1841273,1101.5,30.4,0.15353877
-24,3756.7,25,-1,-0.0901608,1101.5,30.4,0.15353877
9,3756.1,33,-0.6,0.0338049,1101.5,30.4,0.15353877
36,3755,27,-1.1,0.13518,1101.5,30.4,0.15353877
41,3754.8,5,-0.2,0.1539468,1101.5,30.4,0.15353877
37,3755,-4,0.2,0.138935,1101.6,30.4,0.15346192
40,3754.8,3,-0.2,0.150192,1101.6,30.4,0.15346192
37,3755,-3,0.2,0.138935,1101.6,30.4,0.15346192
39,3754.9,2,-0.1,0.1464411,1101.6,30.4,0.15346192
40,3754.9,1,0,0.150196,1101.6,30.4,0.15346192
35,3755.2,-5,0.3,0.131432,1101.6,30.4,0.15346192
41,3755,6,-0.2,0.153955,1101.6,30.4,0.15346192
37,3755.2,-4,0.2,0.1389424,1101.6,30.4,0.15346192
35,3755.3,-2,0.1,0.1314355,1101.6,30.4,0.15346192
38,3755.2,3,-0.1,0.1426976,1101.6,30.4,0.15346192
36,3755.3,-2,0.1,0.1351908,1101.7,30.4,0.15338508
38,3755.3,2,0,0.1427014,1101.7,30.4,0.15338508
37,3755.4,-1,0.1,0.1389498,1101.7,30.4,0.15338508
38,3755.4,1,0,0.1427052,1101.7,30.4,0.15338508
40,3755.3,2,-0.1,0.150212,1101.7,30.4,0.15338508
35,3755.6,-5,0.3,0.131446,1101.7,30.4,0.15338508
37,3755.5,2,-0.1,0.1389535,1101.7,30.4,0.15338508
41,3755.4,4,-0.1,0.1539714,1101.7,30.4,0.15338508
41,3755.5,0,0.1,0.1539755,1101.7,30.4,0.15338508
31,3755.9,-10,0.4,0.1164329,1101.7,30.4,0.15338508
37,3755.7,6,-0.2,0.1389609,1101.8,30.4,0.15330823
36,3755.8,-1,0.1,0.1352088,1101.8,30.4,0.15330823
39,3755.7,3,-0.1,0.1464723,1101.8,30.4,0.15330823
38,3755.8,-1,0.1,0.1427204,1101.8,30.4,0.15330823
34,3756,-4,0.2,0.127704,1101.8,30.4,0.15330823
37,3755.9,3,-0.1,0.1389683,1101.8,30.4,0.15330823
38,3756,1,0.1,0.142728,1101.8,30.4,0.15330823
37,3756,-1,0,0.138972,1101.8,30.4,0.15330823
34,3756.2,-3,0.2,0.1277108,1101.8,30.4,0.15330823
43,3755.9,9,-0.3,0.1615037,1101.9,30.4,0.15323138
37,3756.1,-6,0.2,0.1389757,1101.9,30.4,0.15323138
31,3756.4,-6,0.3,0.1164484,1101.9,30.4,0.15323138
40,3756.1,9,-0.3,0.150244,1101.9,30.4,0.15323138
36,3756.3,-4,0.2,0.1352268,1101.9,30.4,0.15323138
41,3756.1,5,-0.2,0.1540001,1101.9,30.4,0.15323138
39,3756.3,-2,0.2,0.1464957,1101.9,30.4,0.15323138
39,3756.3,0,0,0.1464957,1101.9,30.4,0.15323138
42,3756.2,3,-0.1,0.1577604,1101.9,30.4,0.15323138
35,3756.5,-7,0.3,0.1314775,1101.9,30.4,0.15323138
40,3756.4,5,-0.1,0.150256,1102,30.4,0.15315454
37,3756.5,-3,0.1,0.1389905,1102,30.4,0.15315454
43,3756.3,6,-0.2,0.1615209,1102,30.4,0.15315454
33,3756.8,-10,0.5,0.1239744,1102,30.4,0.15315454
36,3756.7,3,-0.1,0.1352412,1102,30.4,0.15315454
38,3756.6,2,-0.1,0.1427508,1102,30.4,0.15315454
32,3756.9,-6,0.3,0.1202208,1102,30.4,0.15315454
36,3756.8,4,-0.1,0.1352448,1102,30.4,0.15315454
35,3756.9,-1,0.1,0.1314915,1102,30.4,0.15315454
38,3756.8,3,-0.1,0.1427584,1102,30.4,0.15315454
37,3756.9,-1,0.1,0.1390053,1102.1,30.4,0.15307769
38,3756.9,1,0,0.1427622,1102.1,30.4,0.15307769
42,3756.7,4,-0.2,0.1577814,1102.1,30.4,0.15307769
39,3756.9,-3,0.2,0.1465191,1102.1,30.4,0.15307769
41,3756.9,2,0,0.1540329,1102.1,30.4,0.15307769
34,3757.1,-7,0.2,0.1277414,1102.1,30.4,0.15307769
35,3757.1,1,0,0.1314985,1102.1,30.4,0.15307769
40,3757,5,-0.1,0.15028,1102.1,30.4,0.15307769
35,3757.2,-5,0.2,0.131502,1102.1,30.4,0.15307769
40,3757,5,-0.2,0.15028,1102.2,30.4,0.15300085
29,3757.5,-11,0.5,0.1089675,1102.2,30.4,0.15300085
40,3757.1,11,-0.4,0.150284,1102.2,30.4,0.15300085
39,3757.2,-1,0.1,0.1465308,1102.2,30.4,0.15300085
33,3757.4,-6,0.2,0.1239942,1102.2,30.3,0.15300085
39,3757.3,6,-0.1,0.1465347,1102.2,30.3,0.15300085
37,3757.4,-2,0.1,0.1390238,1102.2,30.3,0.15300085
35,3757.5,-2,0.1,0.1315125,1102.2,30.3,0.15300085
35,3757.5,0,0,0.1315125,1102.2,30.3,0.15300085
37,3757.4,2,-0.1,0.1390238,1102.2,30.3,0.15300085
42,3757.3,5,-0.1,0.1578066,1102.3,30.3,0.152924
38,3757.4,-4,0.1,0.1427812,1102.3,30.3,0.152924
42,3757.3,4,-0.1,0.1578066,1102.3,30.3,0.152924
37,3757.5,-5,0.2,0.1390275,1102.3,30.3,0.152924
39,3757.5,2,0,0.1465425,1102.3,30.3,0.152924
37,3757.6,-2,0.1,0.1390312,1102.3,30.3,0.152924
35,3757.7,-2,0.1,0.1315195,1102.3,30.3,0.152924
40,3757.6,5,-0.1,0.150304,1102.3,30.3,0.152924
33,3757.8,-7,0.2,0.1240074,1102.3,30.3,0.152924
37,3757.7,4,-0.1,0.1390349,1102.4,30.3,0.15284715
30,3758,-7,0.3,0.11274,1102.4,30.3,0.15284715
39,3757.7,9,-0.3,0.1465503,1102.4,30.3,0.15284715
35,3757.9,-4,0.2,0.1315265,1102.4,30.3,0.15284715
39,3757.8,4,-0.1,0.1465542,1102.4,30.3,0.15284715
48,3757.4,9,-0.4,0.1803552,1102.4,30.3,0.15284715
37,3757.9,-11,0.5,0.1390423,1102.4,30.3,0.15284715
37,3757.9,0,0,0.1390423,1102.4,30.3,0.15284715
38,3757.9,1,0,0.1428002,1102.4,30.3,0.15284715
36,3758,-2,0.1,0.135288,1102.4,30.3,0.15284715
39,3757.9,3,-0.1,0.1465581,1102.5,30.3,0.15277031
35,3758,-4,0.1,0.13153,1102.5,30.3,0.15277031
43,3757.7,8,-0.3,0.1615811,1102.5,30.3,0.15277031
41,3757.9,-2,0.2,0.1540739,1102.5,30.3,0.15277031
41,3757.9,0,0,0.1540739,1102.5,30.3,0.15277031
34,3758.1,-7,0.2,0.1277754,1102.5,30.3,0.15277031
37,3758.1,3,0,0.1390497,1102.5,30.3,0.15277031
37,3758.1,0,0,0.1390497,1102.5,30.3,0.15277031
39,3758.1,2,0,0.1465659,1102.5,30.3,0.15277031
34,3758.3,-5,0.2,0.1277822,1102.6,30.3,0.15269346
38,3758.1,4,-0.2,0.1428078,1102.6,30.3,0.15269346
41,3758,3,-0.1,0.154078,1102.6,30.3,0.15269346
38,3758.2,-3,0.2,0.1428116,1102.6,30.3,0.15269346
35,3758.3,-3,0.1,0.1315405,1102.6,30.3,0.15269346
167.1,3753.1,132.1,-5.2,0.62714301,1102.6,30.3,0.15269346
294,3747.9,126.9,-5.2,1.1018826,1102.7,30.3,0.15261661
420,3742.5,126,-5.4,1.57185,1102.8,30.3,0.15253977
550,3736.8,130,-5.7,2.05524,1103,30.3,0.15238608
681.9,3730.8,131.9,-6,2.5440325,1103.2,30.3,0.15223238
810.9,3724.9,129,-5.9,3.0205214,1103.4,30.3,0.15207869
816.9,3723.7,6,-1.2,3.0418905,1103.6,30.3,0.151925
813.9,3722.9,-3,-0.8,3.0300683,1103.9,30.3,0.15169446
816.9,3722,3,-0.9,3.0405018,1104.1,30.3,0.15154077
807.9,3721.5,-9,-0.5,3.0065998,1104.3,30.3,0.15138707
813.9,3720.5,6,-1,3.0281149,1104.5,30.3,0.15123338
807.9,3720.1,-6,-0.4,3.0054688,1104.8,30.3,0.15100284
814.9,3719.1,7,-1,3.0306946,1105,30.3,0.15084915
-111.2,3754.7,-926.1,35.6,-0.41752264,1105,30.3,0.15084915
-1035.9,3792.3,-924.7,37.6,-3.9284436,1104.7,30.3,0.15107969
-1039.9,3794.8,-4,2.5,-3.9462125,1104.4,30.3,0.15131023
-1034,3796.4,5.9,1.6,-3.9254776,1104.1,30.3,0.15154077
-1036.9,3798.2,-2.9,1.8,-3.9383536,1103.8,30.3,0.15177131
-1035,3799.6,1.9,1.4,-3.932586,1103.5,30.3,0.15200184
-1038.8,3801,-3.8,1.4,-3.9484788,1103.2,30.3,0.15223238
-1035.9,3802.2,2.9,1.2,-3.938699,1102.9,30.3,0.15246292
-1032,3803.2,3.9,1,-3.9249024,1102.7,30.3,0.15261661
-1031.9,3804.3,0.1,1.1,-3.9256572,1102.4,30.3,0.15284715
-787,3795.6,244.9,-8.7,-2.9871372,1102.1,30.3,0.15307769
-541,3786.5,246,-9.1,-2.0484965,1102,30.3,0.15315454
-291,3776.8,250,-9.7,-1.0990488,1101.9,30.3,0.15323138
-40,3766.8,251,-10,-0.150672,1101.9,30.3,0.15323138
-36,3766.3,4,-0.5,-0.1355868,1101.9,30.3,0.15323138
-101.1,3768.7,-65.1,2.4,-0.38101557,1101.9,30.3,0.15323138
-155,3770.7,-53.9,2,-0.5844585,1101.8,30.3,0.15330823
-225,3773.5,-70,2.8,-0.8490375,1101.8,30.3,0.15330823
-278,3775.8,-53,2.3,-1.0496724,1101.7,30.3,0.15338508
-340,3778.5,-62,2.7,-1.28469,1101.6,30.3,0.15346192
-400.9,3781.3,-60.9,2.8,-1.5159232,1101.5,30.3,0.15353877
-395,3781.4,5.9,0.1,-1.493653,1101.4,30.3,0.15361562
-395,3781.7,0,0.3,-1.4937715,1101.3,30.3,0.15369246
-395,3782,0,0.3,-1.49389,1101.1,30.3,0.15384615
-402,3782.6,-7,0.6,-1.5206052,1101,30.3,0.153923
-403,3782.9,-1,0.3,-1.5245087,1100.9,30.3,0.15399985
-398,3783,5,0.1,-1.505634,1100.8,30.3,0.15407669
-393,3783.1,5,0.1,-1.4867583,1100.7,30.2,0.15415354
-405,3783.8,-12,0.7,-1.532439,1100.6,30.2,0.15423038
-393,3783.6,12,-0.2,-1.4869548,1100.5,30.2,0.15430723
-400,3784.1,-7,0.5,-1.51364,1100.4,30.2,0.15438408
-395,3784.1,5,0,-1.4947195,1100.3,30.2,0.15446092
-398,3784.5,-3,0.4,-1.506231,1100.2,30.2,0.15453777
1029.8,3728.7,1427.8,-55.8,3.8398153,1100.4,30.2,0.15438408
2452.5,3670,1422.7,-58.7,9.000675,1101.1,30.2,0.15384615
2454.7,3665.8,2.2,-4.2,8.9984393,1101.8,30.2,0.15330823
2451.6,3662.5,-3.1,-3.3,8.978985,1102.5,30.2,0.15277031
2446.7,3659.5,-4.9,-3,8.9536986,1103.2,30.2,0.15223238
2448.7,3656.6,2,-2.9,8.9539164,1103.8,30.2,0.15177131
2455.7,3653.7,7,-2.9,8.9723911,1104.5,30.2,0.15123338
1703.7,3681,-752,27.3,6.2713197,1105,30.2,0.15084915
953.9,3709.6,-749.8,28.6,3.5385874,1105.3,30.2,0.15061861
197,3739.6,-756.9,30,0.7367012,1105.3,30.2,0.15061861
195,3740.7,-2,1.1,0.7294365,1105.4,30.2,0.15054177
196,3741.2,1,0.5,0.7332752,1105.4,30.2,0.15054177
316,3736.8,120,-4.4,1.1808288,1105.5,30.2,0.15046492
431,3732.4,115,-4.4,1.6086644,1105.6,30.2,0.15038807
550.9,3727.5,119.9,-4.9,2.0534797,1105.8,30.2,0.15023438
668.9,3722.6,118,-4.9,2.4900471,1106,30.2,0.15008069
786.9,3717.4,118,-5.2,2.9252221,1106.2,30.2,0.149927
787.9,3716.7,1,-0.7,2.9283879,1106.4,30.2,0.1497733
787.9,3716.2,0,-0.5,2.927994,1106.6,30.2,0.14961961
786.9,3715.7,-1,-0.5,2.9238843,1106.8,30.2,0.14946592
787.9,3715.2,1,-0.5,2.9272061,1107.1,30.2,0.14923538
784.9,3714.9,-3,-0.3,2.915825,1107.3,30.2,0.14908169
782.9,3714.6,-2,-0.3,2.9081603,1107.5,30.2,0.148928
788.9,3713.9,6,-0.7,2.9298957,1107.7,30.2,0.1487743
784.9,3713.7,-4,-0.2,2.9148831,1107.9,30.2,0.14862061
787.9,3713.1,3,-0.6,2.9255515,1108.2,30.2,0.14839007
785.9,3712.8,-2,-0.3,2.9178895,1108.4,30.2,0.14823638
782.9,3712.5,-3,-0.3,2.9065163,1108.6,30.2,0.14808269
782,3712.2,-0.9,-0.3,2.9029404,1108.8,30.2,0.14792899
787.9,3711.7,5.9,-0.5,2.9244484,1109,30.2,0.1477753
377,3727.6,-410.9,15.9,1.4053052,1109.1,30.2,0.14769846
-26,3743.4,-403,15.8,-0.0973284,1109.1,30.2,0.14769846
-434,3760.5,-408,17.1,-1.632057,1109,30.2,0.1477753
-429,3761.7,5,1.2,-1.6137693,1108.9,30.2,0.14785215
-430,3763,-1,1.3,-1.61809,1108.8,30.2,0.14792899
-431,3764,-1,1,-1.622284,1108.6,30.2,0.14808269
-433,3765,-2,1,-1.630245,1108.5,30.2,0.14815953
-435.9,3766.1,-2.9,1.1,-1.641643,1108.4,30.2,0.14823638
-424,3766.4,11.9,0.3,-1.5969536,1108.3,30.2,0.14831323
-428.9,3767.4,-4.9,1,-1.6158379,1108.2,30.2,0.14839007
-431,3768.2,-2.1,0.8,-1.6240942,1108.1,30.2,0.14846692
-197,3759.7,234,-8.5,-0.7406609,1108,30.2,0.14854376
47,3750.8,244,-8.9,0.1762876,1108,30.2,0.14854376
287,3741.2,240,-9.6,1.0737244,1108.1,30.2,0.14846692
525.9,3731.2,238.9,-10,1.9622381,1108.2,30.2,0.14839007
766.9,3720.9,241,-10.3,2.8535582,1108.4,30.2,0.14823638
769.9,3719.8,3,-1.1,2.863874,1108.7,30.2,0.14800584
763.9,3719.2,-6,-0.6,2.8410969,1108.9,30.2,0.14785215
769.9,3718.2,6,-1,2.8626422,1109.1,30.2,0.14769846
762.9,3717.7,-7,-0.5,2.8362333,1109.3,30.2,0.14754476
767.9,3716.9,5,-0.8,2.8542075,1109.5,30.2,0.14739107
759.9,3716.6,-8,-0.3,2.8242443,1109.7,30.2,0.14723738
771.9,3715.6,12,-1,2.8680716,1109.9,30.2,0.14708369
765.9,3715.2,-6,-0.4,2.8454717,1110.2,30.2,0.14685315
766,3714.8,0.1,-0.4,2.8455368,1110.4,30.2,0.14669945
469,3726.2,-297,11.4,1.7475878,1110.5,30.2,0.14662261
156.1,3738.7,-312.9,12.5,0.58361107,1110.5,30.2,0.14662261
165,3738.8,8.9,0.1,0.616902,1110.6,30.2,0.14654576
158,3739.3,-7,0.5,0.5908094,1110.6,30.2,0.14654576
161.1,3739.5,3.1,0.2,0.60243345,1110.7,30.2,0.14646892
160.1,3739.8,-1,0.3,0.59874198,1110.7,30.2,0.14646892
165.1,3739.8,5,0,0.61744098,1110.8,30.2,0.14639207
160.1,3740.1,-5,0.3,0.59879001,1110.8,30.2,0.14639207
161,3740.3,0.9,0.2,0.6021883,1110.9,30.2,0.14631522
159.1,3740.5,-1.9,0.2,0.59511355,1110.9,30.2,0.14631522
160.1,3740.6,1,0.1,0.59887006,1110.9,30.2,0.14631522
163,3740.6,2.9,0,0.6097178,1111,30.2,0.14623838
162,3740.8,-1,0.2,0.6060096,1111,30.2,0.14623838
161.1,3740.9,-0.9,0.1,0.60265899,1111.1,30.2,0.14616153
430.9,3730.2,269.8,-10.7,1.6073432,1111.2,30.2,0.14608468
703.8,3719.1,272.9,-11.1,2.6175026,1111.4,30.2,0.14593099
971.8,3707.6,268,-11.5,3.6030457,1111.7,30.2,0.14570045
974.9,3706.5,3.1,-1.1,3.6134669,1111.9,30.2,0.14554676
974.9,3705.7,0,-0.8,3.6126869,1112.2,30.2,0.14531622
971,3705,-3.9,-0.7,3.597555,1112.5,30.2,0.14508568
975.8,3704.2,4.8,-0.8,3.6145584,1112.7,30.2,0.14493199
977.9,3703.4,2.1,-0.8,3.6215549,1113,30.2,0.14470145
976,3702.9,-1.9,-0.5,3.6140304,1113.3,30.2,0.14447091
972.9,3702.4,-3.1,-0.5,3.602065,1113.6,30.2,0.14424038
974,3701.9,1.1,-0.5,3.6056506,1113.8,30.2,0.14408668
972.9,3701.4,-1.1,-0.5,3.6010921,1114.1,30.2,0.14385614
979.8,3700.6,6.9,-0.8,3.6258479,1114.4,30.2,0.14362561
975.8,3700.2,-4,-0.4,3.6106552,1114.6,30.2,0.14347191
974.9,3699.8,-0.9,-0.4,3.606935,1114.9,30.2,0.14324137
974.9,3699.4,0,-0.4,3.6065451,1115.2,30.2,0.14301084
977.8,3698.8,2.9,-0.6,3.6166866,1115.5,30.2,0.1427803
976.9,3698.4,-0.9,-0.4,3.612967,1115.7,30.2,0.1426266
970.9,3698.2,-6,-0.2,3.5905824,1116,30.2,0.14239607
1331.7,3683.4,360.8,-14.8,4.9051838,1116.4,30.2,0.14208868
1327.9,3682.7,-3.8,-0.7,4.8902573,1116.7,30.2,0.14185814
1137.9,3689.4,-190,6.7,4.1981683,1117,30.2,0.1416276
960.9,3696,-177,6.6,3.5514864,1117.3,30.2,0.14139706
765,3703.6,-195.9,7.6,2.833254,1117.5,30.2,0.14124337
584,3711,-181,7.4,2.167224,1117.7,30.2,0.14108968
390,3718.9,-194,7.9,1.450371,1117.8,30.2,0.14101283
206,3726.7,-184,7.8,0.7677002,1117.9,30.2,0.14093599
24,3734.6,-182,7.9,0.0896304,1117.9,30.2,0.14093599
24,3735.4,0,0.8,0.0896496,1117.9,30.2,0.14093599
21,3736.3,-3,0.9,0.0784623,1117.9,30.2,0.14093599
23,3736.8,2,0.5,0.0859464,1117.9,30.2,0.14093599
18,3737.6,-5,0.8,0.0672768,1117.9,30.2,0.14093599
24,3737.9,6,0.3,0.0897096,1117.9,30.2,0.14093599
19,3738.5,-5,0.6,0.0710315,1117.9,30.2,0.14093599
19,3739,0,0.5,0.071041,1117.9,30.2,0.14093599
19,3739.4,0,0.4,0.0710486,1117.9,30.2,0.14093599
18,3739.9,-1,0.5,0.0673182,1117.9,30.2,0.14093599
19,3740.2,1,0.3,0.0710638,1117.9,30.2,0.14093599
16,3740.7,-3,0.5,0.0598512,1117.9,30.2,0.14093599
14,3741.2,-2,0.5,0.0523768,1117.9,30.2,0.14093599
24,3741.1,10,-0.1,0.0897864,1117.9,30.2,0.14093599
17,3741.7,-7,0.6,0.0636089,1117.9,30.2,0.14093599
23,3741.8,6,0.1,0.0860614,1117.9,30.2,0.14093599
19,3742.2,-4,0.4,0.0711018,1118,30.2,0.14085914
19,3742.5,0,0.3,0.0711075,1118,30.2,0.14085914
21,3742.8,2,0.3,0.0785988,1118,30.2,0.14085914
16,3743.2,-5,0.4,0.0598912,1118,30.2,0.14085914
23,3743.2,7,0,0.0860936,1118,30.2,0.14085914
24,3743.4,1,0.2,0.0898416,1118,30.2,0.14085914
19,3743.8,-5,0.4,0.0711322,1118,30.2,0.14085914
19,3744.1,0,0.3,0.0711379,1118,30.2,0.14085914
24,3744.1,5,0,0.0898584,1118,30.2,0.14085914
23,3744.4,-1,0.3,0.0861212,1118,30.2,0.14085914
17,3744.8,-6,0.4,0.0636616,1118,30.2,0.14085914
25,3744.7,8,-0.1,0.0936175,1118,30.2,0.14085914
17,3745.3,-8,0.6,0.0636701,1118,30.2,0.14085914
22,3745.3,5,0,0.0823966,1118,30.2,0.14085914
21,3745.5,-1,0.2,0.0786555,1118,30.2,0.14085914
21,3745.7,0,0.2,0.0786597,1118,30.2,0.14085914
20,3745.9,-1,0.2,0.074918,1118,30.2,0.14085914
17,3746.2,-3,0.3,0.0636854,1118,30.2,0.14085914
18,3746.3,1,0.1,0.0674334,1118.1,30.2,0.14078229
18,3746.5,0,0.2,0.067437,1118.1,30.2,0.14078229
20,3746.5,2,0,0.07493,1118.1,30.2,0.14078229
19,3746.7,-1,0.2,0.0711873,1118.1,30.2,0.14078229
26,3746.6,7,-0.1,0.0974116,1118.1,30.2,0.14078229
21,3746.9,-5,0.3,0.0786849,1118.1,30.2,0.14078229
20,3747.2,-1,0.3,0.074944,1118.1,30.2,0.14078229
27,3747,7,-0.2,0.101169,1118.1,30.2,0.14078229
22,3747.3,-5,0.3,0.0824406,1118.1,30.2,0.14078229
18,3747.6,-4,0.3,0.0674568,1118.1,30.2,0.14078229
20,3747.7,2,0.1,0.074954,1118.1,30.2,0.14078229
26,3747.6,6,-0.1,0.0974376,1118.1,30.2,0.14078229
22,3747.8,-4,0.2,0.0824516,1118.1,30.2,0.14078229
22,3747.9,0,0.1,0.0824538,1118.1,30.2,0.14078229
19,3748.2,-3,0.3,0.0712158,1118.1,30.2,0.14078229
26,3748,7,-0.2,0.097448,1118.1,30.2,0.14078229
16,3748.5,-10,0.5,0.059976,1118.1,30.2,0.14078229
15,3748.7,-1,0.2,0.0562305,1118.2,30.2,0.14070545
19,3748.6,4,-0.1,0.0712234,1118.2,30.2,0.14070545
20,3748.7,1,0.1,0.074974,1118.2,30.2,0.14070545
23,3748.7,3,0,0.0862201,1118.2,30.2,0.14070545
19,3748.9,-4,0.2,0.0712291,1118.2,30.2,0.14070545
19,3749.1,0,0.2,0.0712329,1118.2,30.2,0.14070545
17,3749.2,-2,0.1,0.0637364,1118.2,30.2,0.14070545
22,3749.1,5,-0.1,0.0824802,1118.2,30.2,0.14070545
24,3749.1,2,0,0.0899784,1118.2,30.2,0.14070545
23,3749.2,-1,0.1,0.0862316,1118.2,30.2,0.14070545
21,3749.4,-2,0.2,0.0787374,1118.2,30.2,0.14070545
18,3749.6,-3,0.2,0.0674928,1118.2,30.2,0.14070545
19,3749.7,1,0.1,0.0712443,1118.2,30.2,0.14070545
19,3749.7,0,0,0.0712443,1118.2,30.2,0.14070545
22,3749.7,3,0,0.0824934,1118.2,30.2,0.14070545
23,3749.8,1,0.1,0.0862454,1118.2,30.2,0.14070545
15,3750.1,-8,0.3,0.0562515,1118.2,30.2,0.14070545
18,3750.1,3,0,0.0675018,1118.2,30.2,0.14070545
19,3750.1,1,0,0.0712519,1118.3,30.2,0.1406286
21,3750.1,2,0,0.0787521,1118.3,30.2,0.1406286
17,3750.3,-4,0.2,0.0637551,1118.3,30.2,0.1406286
26,3750.1,9,-0.2,0.0975026,1118.3,30.2,0.1406286
21,3750.3,-5,0.2,0.0787563,1118.3,30.2,0.1406286
29,3750,8,-0.3,0.10875,1118.3,30.2,0.1406286
21,3750.4,-8,0.4,0.0787584,1118.3,30.2,0.1406286
19,3750.6,-2,0.2,0.0712614,1118.3,30.2,0.1406286
25,3750.4,6,-0.2,0.09376,1118.3,30.2,0.1406286
20,3750.7,-5,0.3,0.075014,1118.3,30.2,0.1406286
25,3750.5,5,-0.2,0.0937625,1118.3,30.2,0.1406286
25,3750.6,0,0.1,0.093765,1118.3,30.2,0.1406286
23,3750.7,-2,0.1,0.0862661,1118.3,30.2,0.1406286
18,3751,-5,0.3,0.067518,1118.3,30.2,0.1406286
19,3751,1,0,0.071269,1118.3,30.2,0.1406286
22,3750.9,3,-0.1,0.0825198,1118.3,30.2,0.1406286
19,3751.1,-3,0.2,0.0712709,1118.3,30.2,0.1406286
17,3751.2,-2,0.1,0.0637704,1118.4,30.2,0.14055176
22,3751.1,5,-0.1,0.0825242,1118.4,30.2,0.14055176
19,3751.3,-3,0.2,0.0712747,1118.4,30.2,0.14055176
21,3751.2,2,-0.1,0.0787752,1118.4,30.2,0.14055176
24,3751.1,3,-0.1,0.0900264,1118.4,30.2,0.14055176
27,3751.1,3,0,0.1012797,1118.4,30.2,0.14055176
28,3751,1,-0.1,0.105028,1118.4,30.2,0.14055176
30,3751,2,0,0.11253,1118.4,30.2,0.14055176
42,3750.6,12,-0.4,0.1575252,1118.4,30.2,0.14055176
41,3750.6,-1,0,0.1537746,1118.4,30.2,0.14055176
42,3750.6,1,0,0.1575252,1118.4,30.2,0.14055176
45,3750.6,3,0,0.168777,1118.4,30.2,0.14055176
48,3750.4,3,-0.2,0.1800192,1118.5,30.2,0.14047491
47,3750.5,-1,0.1,0.1762735,1118.5,30.2,0.14047491
44,3750.6,-3,0.1,0.1650264,1118.5,30.2,0.14047491
49,3750.4,5,-0.2,0.1837696,1118.5,30.2,0.14047491
54,3750.2,5,-0.2,0.2025108,1118.5,30.2,0.14047491
44,3750.6,-10,0.4,0.1650264,1118.5,30.2,0.14047491
42,3750.7,-2,0.1,0.1575294,1118.5,30.2,0.14047491
50,3750.4,8,-0.3,0.18752,1118.6,30.2,0.14039806
39,3750.9,-11,0.5,0.1462851,1118.6,30.2,0.14039806
46,3750.6,7,-0.3,0.1725276,1118.6,30.2,0.14039806
48,3750.5,2,-0.1,0.180024,1118.6,30.2,0.14039806
51,3750.4,3,-0.1,0.1912704,1118.6,30.2,0.14039806
41,3750.8,-10,0.4,0.1537828,1118.6,30.2,0.14039806
43,3750.8,2,0,0.1612844,1118.6,30.2,0.14039806
47,3750.7,4,-0.1,0.1762829,1118.6,30.2,0.14039806
42,3750.9,-5,0.2,0.1575378,1118.7,30.2,0.14032122
51,3750.5,9,-0.4,0.1912755,1118.7,30.2,0.14032122
40,3751,-11,0.5,0.15004,1118.7,30.2,0.14032122
46,3750.8,6,-0.2,0.1725368,1118.7,30.2,0.14032122
43,3750.9,-3,0.1,0.1612887,1118.7,30.2,0.14032122
44,3750.9,1,0,0.1650396,1118.7,30.2,0.14032122
50,3750.6,6,-0.3,0.18753,1118.7,30.2,0.14032122
46,3750.8,-4,0.2,0.1725368,1118.7,30.2,0.14032122
48,3750.8,2,0,0.1800384,1118.8,30.2,0.14024437
50,3750.7,2,-0.1,0.187535,1118.8,30.2,0.14024437
44,3751,-6,0.3,0.165044,1118.8,30.2,0.14024437
43,3751,-1,0,0.161293,1118.8,30.2,0.14024437
47,3750.9,4,-0.1,0.1762923,1118.8,30.2,0.14024437
41,3751.1,-6,0.2,0.1537951,1118.8,30.2,0.14024437
46,3750.9,5,-0.2,0.1725414,1118.8,30.2,0.14024437
42,3751.1,-4,0.2,0.1575462,1118.8,30.2,0.14024437
50,3750.8,8,-0.3,0.18754,1118.9,30.2,0.14016752
45,3751,-5,0.2,0.168795,1118.9,30.2,0.14016752
44,3751.1,-1,0.1,0.1650484,1118.9,30.2,0.14016752
45,3751,1,-0.1,0.168795,1118.9,30.2,0.14016752
51,3750.8,6,-0.2,0.1912908,1118.9,30.2,0.14016752
48,3751,-3,0.2,0.180048,1118.9,30.2,0.14016752
46,3751,-2,0,0.172546,1118.9,30.2,0.14016752
49,3750.9,3,-0.1,0.1837941,1118.9,30.2,0.14016752
44,3751.1,-5,0.2,0.1650484,1119,30.2,0.14009068
47,3751.1,3,0,0.1763017,1119,30.2,0.14009068
40,3751.3,-7,0.2,0.150052,1119,30.2,0.14009068
48,3751,8,-0.3,0.180048,1119,30.2,0.14009068
40,3751.4,-8,0.4,0.150056,1119,30.2,0.14009068
45,3751.2,5,-0.2,0.168804,1119,30.2,0.14009068
45,3751.2,0,0,0.168804,1119,30.2,0.14009068
48,3751.1,3,-0.1,0.1800528,1119,30.2,0.14009068
45,3751.2,-3,0.1,0.168804,1119.1,30.1,0.14001383
51,3751,6,-0.2,0.191301,1119.1,30.1,0.14001383
48,3751.1,-3,0.1,0.1800528,1119.1,30.1,0.14001383
45,3751.2,-3,0.1,0.168804,1119.1,30.1,0.14001383
46,3751.2,1,0,0.1725552,1119.1,30.1,0.14001383
45,3751.3,-1,0.1,0.1688085,1119.1,30.1,0.14001383
42,3751.4,-3,0.1,0.1575588,1119.1,30.1,0.14001383
49,3751.1,7,-0.3,0.1838039,1119.1,30.1,0.14001383
47,3751.2,-2,0.1,0.1763064,1119.2,30.1,0.13993699
51,3751.1,4,-0.1,0.1913061,1119.2,30.1,0.13993699
44,3751.3,-7,0.2,0.1650572,1119.2,30.1,0.13993699
47,3751.3,3,0,0.1763111,1119.2,30.1,0.13993699
48,3751.2,1,-0.1,0.1800576,1119.2,30.1,0.13993699
47,3751.3,-1,0.1,0.1763111,1119.2,30.1,0.13993699
43,3751.4,-4,0.1,0.1613102,1119.2,30.1,0.13993699
42,3751.5,-1,0.1,0.157563,1119.3,30.1,0.13986014
42,3751.5,0,0,0.157563,1119.3,30.1,0.13986014
47,3751.3,5,-0.2,0.1763111,1119.3,30.1,0.13986014
46,3751.4,-1,0.1,0.1725644,1119.3,30.1,0.13986014
50,3751.2,4,-0.2,0.18756,1119.3,30.1,0.13986014
51,3751.2,1,0,0.1913112,1119.3,30.1,0.13986014
50,3751.2,-1,0,0.18756,1119.3,30.1,0.13986014
48,3751.3,-2,0.1,0.1800624,1119.3,30.1,0.13986014
45,3751.5,-3,0.2,0.1688175,1119.4,30.1,0.13978329
41,3751.6,-4,0.1,0.1538156,1119.4,30.1,0.13978329
45,3751.5,4,-0.1,0.1688175,1119.4,30.1,0.13978329
44,3751.5,-1,0,0.165066,1119.4,30.1,0.13978329
42,3751.6,-2,0.1,0.1575672,1119.4,30.1,0.13978329
41,3751.7,-1,0.1,0.1538197,1119.4,30.1,0.13978329
44,3751.6,3,-0.1,0.1650704,1119.4,30.1,0.13978329
42,3751.7,-2,0.1,0.1575714,1119.4,30.1,0.13978329
47,3751.5,5,-0.2,0.1763205,1119.5,30.1,0.13970645
44,3751.6,-3,0.1,0.1650704,1119.5,30.1,0.13970645
39,3751.8,-5,0.2,0.1463202,1119.5,30.1,0.13970645
39,3751.8,0,0,0.1463202,1119.5,30.1,0.13970645
30,3752.2,-9,0.4,0.112566,1119.5,30.1,0.13970645
35,3752,5,-0.2,0.13132,1119.5,30.1,0.13970645
31,3752.2,-4,0.2,0.1163182,1119.5,30.1,0.13970645
20,3752.7,-11,0.5,0.075054,1119.5,30.1,0.13970645
27,3752.4,7,-0.3,0.1013148,1119.5,30.1,0.13970645
25,3752.5,-2,0.1,0.0938125,1119.5,30.1,0.13970645
29,3752.4,4,-0.1,0.1088196,1119.5,30.1,0.13970645
30,3752.4,1,0,0.112572,1119.5,30.1,0.13970645
30,3752.4,0,0,0.112572,1119.6,30.1,0.1396296
19,3752.9,-11,0.5,0.0713051,1119.6,30.1,0.1396296
26,3752.6,7,-0.3,0.0975676,1119.6,30.1,0.1396296
28,3752.5,2,-0.1,0.10507,1119.6,30.1,0.1396296
27,3752.6,-1,0.1,0.1013202,1119.6,30.1,0.1396296
27,3752.7,0,0.1,0.1013229,1119.6,30.1,0.1396296
26,3752.7,-1,0,0.0975702,1119.6,30.1,0.1396296
29,3752.6,3,-0.1,0.1088254,1119.6,30.1,0.1396296
29,3752.6,0,0,0.1088254,1119.6,30.1,0.1396296
30,3752.6,1,0,0.112578,1119.6,30.1,0.1396296
23,3752.9,-7,0.3,0.0863167,1119.6,30.1,0.1396296
29,3752.7,6,-0.2,0.1088283,1119.6,30.1,0.1396296
36,3752.4,7,-0.3,0.1350864,1119.6,30.1,0.1396296
31,3752.6,-5,0.2,0.1163306,1119.7,30.1,0.13955275
28,3752.8,-3,0.2,0.1050784,1119.7,30.1,0.13955275
32,3752.6,4,-0.2,0.1200832,1119.7,30.1,0.13955275
26,3752.9,-6,0.3,0.0975754,1119.7,30.1,0.13955275
31,3752.7,5,-0.2,0.1163337,1119.7,30.1,0.13955275
30,3752.7,-1,0,0.112581,1119.7,30.1,0.13955275
31,3752.7,1,0,0.1163337,1119.7,30.1,0.13955275
27,3752.9,-4,0.2,0.1013283,1119.7,30.1,0.13955275
31,3752.7,4,-0.2,0.1163337,1119.7,30.1,0.13955275
22,3753.1,-9,0.4,0.0825682,1119.7,30.1,0.13955275
27,3752.9,5,-0.2,0.1013283,1119.7,30.1,0.13955275
28,3752.9,1,0,0.1050812,1119.7,30.1,0.13955275
28,3753,0,0.1,0.105084,1119.8,30.1,0.13947591
27,3753,-1,0,0.101331,1119.8,30.1,0.13947591
28,3753,1,0,0.105084,1119.8,30.1,0.13947591
31,3752.9,3,-0.1,0.1163399,1119.8,30.1,0.13947591
25,3753.1,-6,0.2,0.0938275,1119.8,30.1,0.13947591
26,3753.1,1,0,0.0975806,1119.8,30.1,0.13947591
23,3753.2,-3,0.1,0.0863236,1119.8,30.1,0.13947591
27,3753.1,4,-0.1,0.1013337,1119.8,30.1,0.13947591
25,3753.2,-2,0.1,0.09383,1119.8,30.1,0.13947591
33,3752.9,8,-0.3,0.1238457,1119.8,30.1,0.13947591
22,3753.3,-11,0.4,0.0825726,1119.8,30.1,0.13947591
26,3753.2,4,-0.1,0.0975832,1119.8,30.1,0.13947591
31,3753,5,-0.2,0.116343,1119.8,30.1,0.13947591
30,3753,-1,0,0.11259,1119.9,30.1,0.13939906
36,3752.8,6,-0.2,0.1351008,1119.9,30.1,0.13939906
31,3753,-5,0.2,0.116343,1119.9,30.1,0.13939906
32,3753,1,0,0.120096,1119.9,30.1,0.13939906
30,3753.1,-2,0.1,0.112593,1119.9,30.1,0.13939906
36,3752.9,6,-0.2,0.1351044,1119.9,30.1,0.13939906
26,3753.2,-10,0.3,0.0975832,1119.9,30.1,0.13939906
29,3753.2,3,0,0.1088428,1119.9,30.1,0.13939906
21,3753.5,-8,0.3,0.0788235,1119.9,30.1,0.13939906
25,3753.4,4,-0.1,0.093835,1119.9,30.1,0.13939906
29,3753.2,4,-0.2,0.1088428,1119.9,30.1,0.13939906
30,3753.2,1,0,0.112596,1119.9,30.1,0.13939906
26,3753.3,-4,0.1,0.0975858,1119.9,30.1,0.13939906
21,3753.6,-5,0.3,0.0788256,1120,30.1,0.13932222
29,3753.3,8,-0.3,0.1088457,1120,30.1,0.13932222
27,3753.4,-2,0.1,0.1013418,1120,30.1,0.13932222
25,3753.5,-2,0.1,0.0938375,1120,30.1,0.13932222
29,3753.3,4,-0.2,0.1088457,1120,30.1,0.13932222
31,3753.2,2,-0.1,0.1163492,1120,30.1,0.13932222
27,3753.4,-4,0.2,0.1013418,1120,30.1,0.13932222
31,3753.3,4,-0.1,0.1163523,1120,30.1,0.13932222
30,3753.3,-1,0,0.112599,1120,30.1,0.13932222
25,3753.5,-5,0.2,0.0938375,1120,30.1,0.13932222
24,3753.6,-1,0.1,0.0900864,1120,30.1,0.13932222
29,3753.4,5,-0.2,0.1088486,1120,30.1,0.13932222
25,3753.5,-4,0.1,0.0938375,1120,30.1,0.13932222
28,3753.4,3,-0.1,0.1050952,1120.1,30.1,0.13924537
24,3753.6,-4,0.2,0.0900864,1120.1,30.1,0.13924537
32,3753.3,8,-0.3,0.1201056,1120.1,30.1,0.13924537
26,3753.5,-6,0.2,0.097591,1120.1,30.1,0.13924537
27,3753.5,1,0,0.1013445,1120.1,30.1,0.13924537
27,3753.5,0,0,0.1013445,1120.1,30.1,0.13924537
29,3753.4,2,-0.1,0.1088486,1120.1,30.1,0.13924537
24,3753.7,-5,0.3,0.0900888,1120.1,30.1,0.13924537
26,3753.6,2,-0.1,0.0975936,1120.1,30.1,0.13924537
30,3753.4,4,-0.2,0.112602,1120.1,30.1,0.13924537
28,3753.5,-2,0.1,0.105098,1120.1,30.1,0.13924537
31,3753.4,3,-0.1,0.1163554,1120.1,30.1,0.13924537
25,3753.6,-6,0.2,0.09384,1120.1,30.1,0.13924537
29,3753.5,4,-0.1,0.1088515,1120.2,30.1,0.13916852
30,3753.5,1,0,0.112605,1120.2,30.1,0.13916852
27,3753.6,-3,0.1,0.1013472,1120.2,30.1,0.13916852
27,3753.6,0,0,0.1013472,1120.2,30.1,0.13916852
29,3753.5,2,-0.1,0.1088515,1120.2,30.1,0.13916852
30,3753.5,1,0,0.112605,1120.2,30.1,0.13916852
25,3753.7,-5,0.2,0.0938425,1120.2,30.1,0.13916852
28,3753.6,3,-0.1,0.1051008,1120.2,30.1,0.13916852
30,3753.5,2,-0.1,0.112605,1120.2,30.1,0.13916852
29,3753.6,-1,0.1,0.1088544,1120.2,30.1,0.13916852
24,3753.8,-5,0.2,0.0900912,1120.2,30.1,0.13916852
24,3753.8,0,0,0.0900912,1120.2,30.1,0.13916852
28,3753.6,4,-0.2,0.1051008,1120.2,30.1,0.13916852
24,3753.8,-4,0.2,0.0900912,1120.3,30.1,0.13909168
25,3753.8,1,0,0.093845,1120.3,30.1,0.13909168
22,3753.9,-3,0.1,0.0825858,1120.3,30.1,0.13909168
23,3753.9,1,0,0.0863397,1120.3,30.1,0.13909168
25,3753.8,2,-0.1,0.093845,1120.3,30.1,0.13909168
23,3753.9,-2,0.1,0.0863397,1120.3,30.1,0.13909168
25,3753.9,2,0,0.0938475,1120.3,30.1,0.13909168
28,3753.7,3,-0.2,0.1051036,1120.3,30.1,0.13909168
28,3753.8,0,0.1,0.1051064,1120.3,30.1,0.13909168
23,3753.9,-5,0.1,0.0863397,1120.3,30.1,0.13909168
23,3754,0,0.1,0.086342,1120.3,30.1,0.13909168
29,3753.7,6,-0.3,0.1088573,1120.3,30.1,0.13909168
29,3753.7,0,0,0.1088573,1120.3,30.1,0.13909168
26,3753.9,-3,0.2,0.0976014,1120.3,30.1,0.13909168
25,3753.9,-1,0,0.0938475,1120.4,30.1,0.13901483
25,3753.9,0,0,0.0938475,1120.4,30.1,0.13901483
23,3754,-2,0.1,0.086342,1120.4,30.1,0.13901483
28,3753.8,5,-0.2,0.1051064,1120.4,30.1,0.13901483
29,3753.8,1,0,0.1088602,1120.4,30.1,0.13901483
28,3753.8,-1,0,0.1051064,1120.4,30.1,0.13901483
30,3753.7,2,-0.1,0.112611,1120.4,30.1,0.13901483
26,3753.9,-4,0.2,0.0976014,1120.4,30.1,0.13901483
27,3753.9,1,0,0.1013553,1120.4,30.1,0.13901483
29,3753.8,2,-0.1,0.1088602,1120.4,30.1,0.13901483
25,3754,-4,0.2,0.09385,1120.4,30.1,0.13901483
26,3754,1,0,0.097604,1120.4,30.1,0.13901483
20,3754.2,-6,0.2,0.075084,1120.4,30.1,0.13901483
23,3754.1,3,-0.1,0.0863443,1120.4,30.1,0.13901483
31,3753.8,8,-0.3,0.1163678,1120.5,30.1,0.13893799
25,3754,-6,0.2,0.09385,1120.5,30.1,0.13893799
26,3754,1,0,0.097604,1120.5,30.1,0.13893799
25,3754,-1,0,0.09385,1120.5,30.1,0.13893799
25,3754.1,0,0.1,0.0938525,1120.5,30.1,0.13893799
20,3754.3,-5,0.2,0.075086,1120.5,30.1,0.13893799
24,3754.1,4,-0.2,0.0900984,1120.5,30.1,0.13893799
29,3753.9,5,-0.2,0.1088631,1120.5,30.1,0.13893799
23,3754.1,-6,0.2,0.0863443,1120.5,30.1,0.13893799
30,3753.9,7,-0.2,0.112617,1120.5,30.1,0.13893799
24,3754.1,-6,0.2,0.0900984,1120.5,30.1,0.13893799
28,3754,4,-0.1,0.105112,1120.5,30.1,0.13893799
24,3754.1,-4,0.1,0.0900984,1120.5,30.1,0.13893799
23,3754.2,-1,0.1,0.0863466,1120.5,30.1,0.13893799
23,3754.2,0,0,0.0863466,1120.6,30.1,0.13886114
31,3753.9,8,-0.3,0.1163709,1120.6,30.1,0.13886114
24,3754.1,-7,0.2,0.0900984,1120.6,30.1,0.13886114
26,3754.1,2,0,0.0976066,1120.6,30.1,0.13886114
23,3754.2,-3,0.1,0.0863466,1120.6,30.1,0.13886114
25,3754.2,2,0,0.093855,1120.6,30.1,0.13886114
22,3754.3,-3,0.1,0.0825946,1120.6,30.1,0.13886114
28,3754,6,-0.3,0.105112,1120.6,30.1,0.13886114
29,3754,1,0,0.108866,1120.6,30.1,0.13886114
25,3754.2,-4,0.2,0.093855,1120.6,30.1,0.13886114
27,3754.1,2,-0.1,0.1013607,1120.6,30.1,0.13886114
28,3754.1,1,0,0.1051148,1120.6,30.1,0.13886114
22,3754.3,-6,0.2,0.0825946,1120.6,30.1,0.13886114
27,3754.1,5,-0.2,0.1013607,1120.6,30.1,0.13886114
27,3754.1,0,0,0.1013607,1120.7,30.1,0.13878429
28,3754.1,1,0,0.1051148,1120.7,30.1,0.13878429
20,3754.4,-8,0.3,0.075088,1120.7,30.1,0.13878429
28,3754.1,8,-0.3,0.1051148,1120.7,30.1,0.13878429
28,3754.1,0,0,0.1051148,1120.7,30.1,0.13878429
28,3754.1,0,0,0.1051148,1120.7,30.1,0.13878429
25,3754.3,-3,0.2,0.0938575,1120.7,30.1,0.13878429
26,3754.2,1,-0.1,0.0976092,1120.7,30.1,0.13878429
24,3754.3,-2,0.1,0.0901032,1120.7,30.1,0.13878429
28,3754.1,4,-0.2,0.1051148,1120.7,30.1,0.13878429
27,3754.2,-1,0.1,0.1013634,1120.7,30.1,0.13878429
27,3754.2,0,0,0.1013634,1120.7,30.1,0.13878429
18,3754.6,-9,0.4,0.0675828,1120.7,30.1,0.13878429
30,3754.1,12,-0.5,0.112623,1120.7,30.1,0.13878429
26,3754.2,-4,0.1,0.0976092,1120.8,30.1,0.13870745
25,3754.3,-1,0.1,0.0938575,1120.8,30.1,0.13870745
22,3754.4,-3,0.1,0.0825968,1120.8,30.1,0.13870745
24,3754.4,2,0,0.0901056,1120.8,30.1,0.13870745
29,3754.2,5,-0.2,0.1088718,1120.8,30.1,0.13870745
25,3754.3,-4,0.1,0.0938575,1120.8,30.1,0.13870745
28,3754.2,3,-0.1,0.1051176,1120.8,30.1,0.13870745
24,3754.4,-4,0.2,0.0901056,1120.8,30.1,0.13870745
27,3754.3,3,-0.1,0.1013661,1120.8,30.1,0.13870745
25,3754.4,-2,0.1,0.09386,1120.8,30.1,0.13870745
22,3754.5,-3,0.1,0.082599,1120.8,30.1,0.13870745
29,3754.2,7,-0.3,0.1088718,1120.8,30.1,0.13870745
23,3754.4,-6,0.2,0.0863512,1120.8,30.1,0.13870745
28,3754.2,5,-0.2,0.1051176,1120.8,30.1,0.13870745
31,3754.2,3,0,0.1163802,1120.9,30.1,0.1386306
30,3754.2,-1,0,0.112626,1120.9,30.1,0.1386306
28,3754.3,-2,0.1,0.1051204,1120.9,30.1,0.1386306
24,3754.4,-4,0.1,0.0901056,1120.9,30.1,0.1386306
18,3754.7,-6,0.3,0.0675846,1120.9,30.1,0.1386306
25,3754.4,7,-0.3,0.09386,1120.9,30.1,0.1386306
25,3754.4,0,0,0.09386,1120.9,30.1,0.1386306
22,3754.5,-3,0.1,0.082599,1120.9,30.1,0.1386306
28,3754.3,6,-0.2,0.1051204,1120.9,30.1,0.1386306
28,3754.3,0,0,0.1051204,1120.9,30.1,0.1386306
25,3754.4,-3,0.1,0.09386,1120.9,30.1,0.1386306
27,3754.4,2,0,0.1013688,1120.9,30.1,0.1386306
27,3754.3,0,-0.1,0.1013661,1120.9,30.1,0.1386306
30,3754.2,3,-0.1,0.112626,1120.9,30.1,0.1386306
27,3754.4,-3,0.2,0.1013688,1121,30.1,0.13855375
-16,3755.5,-43,1.1,-0.060088,1120.9,30.1,0.1386306
-49,3756.9,-33,1.4,-0.1840881,1120.9,30.1,0.1386306
-87,3758.6,-38,1.7,-0.3269982,1120.9,30.1,0.1386306
-136.9,3760.7,-49.9,2.1,-0.51483983,1120.9,30.1,0.1386306
-164.1,3762,-27.2,1.3,-0.6173442,1120.8,30.1,0.13870745
-200,3763.7,-35.9,1.7,-0.75274,1120.8,30.1,0.13870745
-200,3764,0,0.3,-0.7528,1120.7,30.1,0.13878429
-201,3764.3,-1,0.3,-0.7566243,1120.7,30.1,0.13878429
-201,3764.5,0,0.2,-0.7566645,1120.6,30.1,0.13886114
-200,3764.7,1,0.2,-0.75294,1120.6,30.1,0.13886114
-199,3764.9,1,0.2,-0.7492151,1120.5,30.1,0.13893799
-844.8,3791,-645.8,26.1,-3.2026368,1120.3,30.1,0.13909168
-842.9,3792.2,1.9,1.2,-3.1964454,1120,30.1,0.13932222
-838.9,3793.1,4,0.9,-3.1820316,1119.8,30.1,0.13947591
-841.9,3794.2,-3,1.1,-3.194337,1119.6,30.1,0.1396296
-839.9,3795,2,0.8,-3.1874205,1119.3,30.1,0.13986014
-841.9,3795.9,-2,0.9,-3.1957682,1119.1,30.1,0.14001383
-831.1,3796.3,10.8,0.4,-3.1551049,1118.9,30.1,0.14016752
-839.9,3797.4,-8.8,1.1,-3.1894363,1118.6,30.1,0.14039806
-837.9,3798,2,0.6,-3.1823442,1118.4,30.1,0.14055176
-842.9,3798.9,-5,0.9,-3.2020928,1118.2,30.1,0.14070545
-837.9,3799.4,5,0.5,-3.1835173,1117.9,30.1,0.14093599
-557,3788.8,280.9,-10.6,-2.1103616,1117.8,30.1,0.14101283
-274,3777.6,283,-11.2,-1.0350624,1117.7,30.1,0.14108968
9,3766.7,283,-10.9,0.0339003,1117.7,30.1,0.14108968
288.9,3754.9,279.9,-11.8,1.0847906,1117.8,30.1,0.14101283
566.9,3742.8,278,-12.1,2.1217933,1117.9,30.1,0.14093599
849.8,3730.2,282.9,-12.6,3.169924,1118.2,30.1,0.14070545
851.8,3728.6,2,-1.6,3.1760215,1118.4,30.1,0.14055176
853.9,3727.2,2.1,-1.4,3.1826561,1118.6,30.1,0.14039806
857.9,3725.8,4,-1.4,3.1963638,1118.9,30.1,0.14016752
852.9,3724.8,-5,-1,3.1768819,1119.1,30.1,0.14001383
853.8,3723.8,0.9,-1,3.1793804,1119.4,30.1,0.13978329
855.8,3722.7,2,-1.1,3.1858867,1119.6,30.1,0.1396296
852.8,3721.8,-3,-0.9,3.173951,1119.8,30.1,0.13947591
850,3721,-2.8,-0.8,3.16285,1120.1,30.1,0.13924537
852.9,3720,2.9,-1,3.172788,1120.3,30.1,0.13909168
856.9,3718.9,4,-1.1,3.1867254,1120.5,30.1,0.13893799
854.9,3718.2,-2,-0.7,3.1786892,1120.8,30.1,0.13870745
1208.8,3703.2,353.9,-15,4.4764282,1121.1,30.1,0.13847691
1561.7,3687.6,352.9,-15.6,5.7589249,1121.6,30.1,0.13809268
1914.7,3671.7,353,-15.9,7.030204,1122.1,30.1,0.13770845
1920.7,3669.2,6,-2.5,7.0474324,1122.6,30.1,0.13732421
1915.7,3667.5,-5,-1.7,7.0258297,1123.2,30.1,0.13686314
1914.7,3665.7,-1,-1.8,7.0187158,1123.7,30.1,0.13647891
1924.7,3663.6,10,-2.1,7.0513309,1124.2,30.1,0.13609467
1918.6,3662.3,-6.1,-1.3,7.0264888,1124.7,30.1,0.13571044
1914.7,3661,-3.9,-1.3,7.0097167,1125.3,30.1,0.13524937
1689.8,3668.6,-224.9,7.6,6.1992003,1125.8,30.1,0.13486513
1466.8,3676.6,-223,8,5.3928369,1126.2,30.1,0.13455775
1236.9,3685.2,-229.9,8.6,4.5582239,1126.5,30.1,0.13432721
1010.8,3693.8,-226.1,8.6,3.733693,1126.8,30.1,0.13409667
1012.8,3693.7,2,-0.1,3.7409794,1127.1,30.1,0.13386613
1009.9,3693.6,-2.9,-0.1,3.7301666,1127.3,30.1,0.13371244
1007.9,3693.5,-2,-0.1,3.7226786,1127.6,30.1,0.1334819
1011.9,3693,4,-0.5,3.7369467,1127.9,30.1,0.13325136
1081.9,3689.9,70,-3.1,3.9921028,1128.2,30.1,0.13302083
1078.9,3689.7,-3,-0.2,3.9808173,1128.5,30.1,0.13279029
1077.9,3689.3,-1,-0.4,3.9766965,1128.8,30.1,0.13255975
1071.9,3689.2,-6,-0.1,3.9544535,1129.1,30.1,0.13232921
1074.8,3688.7,2.9,-0.5,3.9646148,1129.4,30.1,0.13209867
1079.9,3688.2,5.1,-0.5,3.9828872,1129.7,30.1,0.13186813
1081.9,3687.7,2,-0.5,3.9897226,1130,30.1,0.13163759
1079.9,3687.5,-2,-0.2,3.9821313,1130.3,30.1,0.13140705
930.9,3693.1,-149,5.6,3.4379068,1130.6,30.1,0.13117652
779.1,3699.1,-151.8,6,2.8819688,1130.8,30.1,0.13102282
623,3705.5,-156.1,6.4,2.3085265,1131,30.1,0.13086913
476,3711.6,-147,6.1,1.7667216,1131.1,30.1,0.13079228
326,3718,-150,6.4,1.212068,1131.2,30.1,0.13071544
177.1,3724.6,-148.9,6.6,0.65962666,1131.2,30.1,0.13071544
27,3731.3,-150.1,6.7,0.1007451,1131.2,30.1,0.13071544
30,3732.1,3,0.8,0.111963,1131.2,30.1,0.13071544
25,3733,-5,0.9,0.093325,1131.2,30.1,0.13071544
25,3733.6,0,0.6,0.09334,1131.3,30.1,0.13063859
24,3734.3,-1,0.7,0.0896232,1131.3,30.1,0.13063859
25,3734.8,1,0.5,0.09337,1131.3,30.1,0.13063859
28,3735.2,3,0.4,0.1045856,1131.3,30.1,0.13063859
29,3735.6,1,0.4,0.1083324,1131.3,30.1,0.13063859
24,3736.3,-5,0.7,0.0896712,1131.3,30.1,0.13063859
32,3736.3,8,0,0.1195616,1131.3,30.1,0.13063859
23,3737.1,-9,0.8,0.0859533,1131.3,30.1,0.13063859
21,3737.6,-2,0.5,0.0784896,1131.3,30.1,0.13063859
31,3737.6,10,0,0.1158656,1131.3,30.1,0.13063859
22,3738.3,-9,0.7,0.0822426,1131.3,30.1,0.13063859
19,3738.8,-3,0.5,0.0710372,1131.3,30.1,0.13063859
26,3738.8,7,0,0.0972088,1131.3,30.1,0.13063859
25,3739.2,-1,0.4,0.09348,1131.3,30.1,0.13063859
20,3739.7,-5,0.5,0.074794,1131.3,30.1,0.13063859
29,3739.7,9,0,0.1084513,1131.4,30.1,0.13056175
30,3739.9,1,0.2,0.112197,1131.4,30.1,0.13056175
24,3740.4,-6,0.5,0.0897696,1131.4,30.1,0.13056175
28,3740.5,4,0.1,0.104734,1131.4,30.1,0.13056175
18,3741.2,-10,0.7,0.0673416,1131.4,30.1,0.13056175
20,3741.4,2,0.2,0.074828,1131.4,30.1,0.13056175
26,3741.3,6,-0.1,0.0972738,1131.4,30.1,0.13056175
19,3741.9,-7,0.6,0.0710961,1131.4,30.1,0.13056175
25,3741.9,6,0,0.0935475,1131.4,30.1,0.13056175
27,3742,2,0.1,0.101034,1131.4,30.1,0.13056175
23,3742.3,-4,0.3,0.0860729,1131.4,30.1,0.13056175
28,3742.4,5,0.1,0.1047872,1131.4,30.1,0.13056175
25,3742.6,-3,0.2,0.093565,1131.4,30.1,0.13056175
30,3742.6,5,0,0.112278,1131.4,30.1,0.13056175
21,3743.2,-9,0.6,0.0786072,1131.5,30.1,0.1304849
29,3743.1,8,-0.1,0.1085499,1131.5,30.1,0.1304849
27,3743.3,-2,0.2,0.1010691,1131.5,30.1,0.1304849
22,3743.7,-5,0.4,0.0823614,1131.5,30.1,0.1304849
24,3743.8,2,0.1,0.0898512,1131.5,30.1,0.1304849
25,3743.9,1,0.1,0.0935975,1131.5,30.1,0.1304849
29,3743.9,4,0,0.1085731,1131.5,30.1,0.1304849
20,3744.3,-9,0.4,0.074886,1131.5,30.1,0.1304849
29,3744.2,9,-0.1,0.1085818,1131.5,30.1,0.1304849
27,3744.4,-2,0.2,0.1010988,1131.5,30.1,0.1304849
25,3744.5,-2,0.1,0.0936125,1131.5,30.1,0.1304849
30,3744.6,5,0.1,0.112338,1131.5,30.1,0.1304849
23,3744.9,-7,0.3,0.0861327,1131.5,30.1,0.1304849
25,3745,2,0.1,0.093625,1131.5,30.1,0.1304849
25,3745.1,0,0.1,0.0936275,1131.6,30.1,0.13040805
22,3745.3,-3,0.2,0.0823966,1131.6,30.1,0.13040805
28,3745.2,6,-0.1,0.1048656,1131.6,30.1,0.13040805
24,3745.5,-4,0.3,0.089892,1131.6,30.1,0.13040805
22,3745.7,-2,0.2,0.0824054,1131.6,30.1,0.13040805
25,3745.7,3,0,0.0936425,1131.6,30.1,0.13040805
21,3745.9,-4,0.2,0.0786639,1131.6,30.1,0.13040805
19,3746.1,-2,0.2,0.0711759,1131.6,30.1,0.13040805
26,3745.9,7,-0.2,0.0973934,1131.6,30.1,0.13040805
29,3745.9,3,0,0.1086311,1131.6,30.1,0.13040805
26,3746.1,-3,0.2,0.0973986,1131.6,30.1,0.13040805
26,3746.2,0,0.1,0.0974012,1131.6,30.1,0.13040805
22,3746.5,-4,0.3,0.082423,1131.6,30.1,0.13040805
20,3746.6,-2,0.1,0.074932,1131.6,30.1,0.13040805
25,3746.5,5,-0.1,0.0936625,1131.6,30.1,0.13040805
26,3746.6,1,0.1,0.0974116,1131.7,30.1,0.13033121
22,3746.8,-4,0.2,0.0824296,1131.7,30.1,0.13033121
27,3746.7,5,-0.1,0.1011609,1131.7,30.1,0.13033121
25,3746.8,-2,0.1,0.09367,1131.7,30.1,0.13033121
24,3747,-1,0.2,0.089928,1131.7,30.1,0.13033121
16,3747.4,-8,0.4,0.0599584,1131.7,30.1,0.13033121
25,3747.1,9,-0.3,0.0936775,1131.7,30.1,0.13033121
19,3747.4,-6,0.3,0.0712006,1131.7,30.1,0.13033121
29,3747,10,-0.4,0.108663,1131.7,30.1,0.13033121
29,3747.1,0,0.1,0.1086659,1131.7,30.1,0.13033121
21,3747.5,-8,0.4,0.0786975,1131.7,30.1,0.13033121
25,3747.4,4,-0.1,0.093685,1131.7,30.1,0.13033121
19,3747.7,-6,0.3,0.0712063,1131.7,30.1,0.13033121
28,3747.4,9,-0.3,0.1049272,1131.7,30.1,0.13033121
28,3747.5,0,0.1,0.10493,1131.7,30.1,0.13033121
21,3747.8,-7,0.3,0.0787038,1131.8,30.1,0.13025436
25,3747.7,4,-0.1,0.0936925,1131.8,30.1,0.13025436
26,3747.7,1,0,0.0974402,1131.8,30.1,0.13025436
28,3747.7,2,0,0.1049356,1131.8,30.1,0.13025436
27,3747.8,-1,0.1,0.1011906,1131.8,30.1,0.13025436
19,3748.2,-8,0.4,0.0712158,1131.8,30.1,0.13025436
23,3748,4,-0.2,0.086204,1131.8,30.1,0.13025436
26,3748,3,0,0.097448,1131.8,30.1,0.13025436
25,3748.1,-1,0.1,0.0937025,1131.8,30.1,0.13025436
24,3748.2,-1,0.1,0.0899568,1131.8,30.1,0.13025436
27,3748.1,3,-0.1,0.1011987,1131.8,30.1,0.13025436
30,3748,3,-0.1,0.11244,1131.8,30.1,0.13025436
2107.5,3664.4,2077.5,-83.6,7.722723,1132.4,30.1,0.12979328
2105.6,3660.9,-1.9,-3.5,7.708391,1133,30.1,0.12933221
2107.6,3658,2,-2.9,7.7096008,1133.6,30.1,0.12887113
2104.6,3655.7,-3,-2.3,7.6937862,1134.2,30.1,0.12841005
2111.7,3653.3,7.1,-2.4,7.7146736,1134.8,30.1,0.12794897
2104.6,3651.6,-7.1,-1.7,7.6851574,1135.3,30.1,0.12756474
2103.6,3650,-1,-1.6,7.67814,1135.9,30.1,0.12710367
2110.6,3648.1,7,-1.9,7.6996799,1136.5,30.1,0.12664259
2105.6,3646.7,-5,-1.4,7.6784915,1137.1,30.1,0.12618151
2106.7,3645.2,1.1,-1.5,7.6793428,1137.7,30.1,0.12572043
1735.8,3658.7,-370.9,13.5,6.3507715,1138.2,30.1,0.1253362
1373.9,3672.4,-361.9,13.7,5.0455104,1138.5,30.1,0.12510566
1005.9,3686.8,-368,14.4,3.7085521,1138.8,30.1,0.12487512
646,3701.4,-359.9,14.6,2.3911044,1139,30.1,0.12472143
276,3716.8,-370,15.4,1.0258368,1139.1,30.1,0.12464459
-91,3731.9,-367,15.1,-0.3396029,1139.1,30.1,0.12464459
-96,3733.4,-5,1.5,-0.3584064,1139,30.1,0.12472143
-99,3734.7,-3,1.3,-0.3697353,1139,30.1,0.12472143
356,3717.9,455,-16.8,1.3235724,1139.1,30.1,0.12464459
357,3717.9,1,0,1.3272903,1139.2,30.1,0.12456774
354.9,3718.1,-2.1,0.2,1.3195537,1139.3,30.1,0.12449089
355.9,3718.1,1,0,1.3232718,1139.4,30.1,0.12441405
365,3717.9,9.1,-0.2,1.3570335,1139.5,30.1,0.1243372
359.9,3718.3,-5.1,0.4,1.3382162,1139.6,30.1,0.12426036
850.9,3698.6,491,-19.7,3.1471387,1139.8,30.1,0.12410666
1333.8,3678.5,482.9,-20.1,4.9063833,1140.2,30.1,0.12379928
1818.7,3657.6,484.9,-20.9,6.6520771,1140.7,30.1,0.12341505
2305.6,3636.3,486.9,-21.3,8.3838533,1141.4,30.1,0.12287712
2790.5,3614.5,484.9,-21.8,10.086262,1142.1,30.1,0.1223392
2787.7,3612,-2.8,-2.5,10.069172,1142.9,30.1,0.12172443
2787.6,3609.5,-0.1,-2.5,10.061842,1143.7,30.1,0.12110966
2794.6,3607,7,-2.5,10.080122,1144.5,30.1,0.12049489
2791.6,3605,-3,-2,10.063718,1145.2,30.1,0.11995697
2797.7,3602.7,6.1,-2.3,10.079274,1146,30.1,0.1193422
2799.7,3600.6,2,-2.1,10.0806,1146.8,30.1,0.11872743
2791.7,3599,-8,-1.6,10.047328,1147.6,30.1,0.11811266
2797.6,3596.9,5.9,-2.1,10.062687,1148.3,30.1,0.11757473
2792.6,3595.2,-5,-1.7,10.039956,1149.1,30.1,0.11695996
2789.6,3593.5,-3,-1.7,10.024428,1149.9,30.1,0.11634519
2791.7,3591.7,2.1,-1.8,10.026949,1150.7,30.1,0.11573042
2149.8,3616,-641.9,24.3,7.7736768,1151.3,30.1,0.11526935
1515.9,3641.1,-633.9,25.1,5.5195435,1151.7,30.1,0.11496196
1519.8,3641.3,3.9,0.2,5.5340477,1152.1,30.1,0.11465458
1518.8,3641.4,-1,0.1,5.5305583,1152.5,30.1,0.11434719
1521.8,3641.2,3,-0.2,5.5411782,1152.9,30.1,0.11403981
1519.8,3641.2,-2,0,5.5338958,1153.4,30.1,0.11365558
1519.8,3640.9,0,-0.3,5.5334398,1153.8,30.1,0.11334819
1522.8,3640.6,3,-0.3,5.5439057,1154.2,30.2,0.11304081
1516.8,3640.6,-6,0,5.5220621,1154.6,30.2,0.11273342
1518.8,3640.2,2,-0.4,5.5287358,1155.1,30.2,0.11234919
1511.8,3640.2,-7,0,5.5032544,1155.5,30.2,0.1120418
1515.7,3639.7,3.9,-0.5,5.5166933,1155.9,30.2,0.11173442
1521.7,3639.1,6,-0.6,5.5376185,1156.3,30.2,0.11142703
1520.8,3638.8,-0.9,-0.3,5.533887,1156.7,30.2,0.11111965
1523.8,3638.3,3,-0.5,5.5440415,1157.2,30.2,0.11073542
1516.8,3638.2,-7,-0.1,5.5184218,1157.6,30.2,0.11042803
1518.8,3637.8,2,-0.4,5.5250906,1158,30.2,0.11012065
1134.9,3653,-383.9,15.2,4.1457897,1158.3,30.2,0.10989011
755,3668.8,-379.9,15.8,2.769944,1158.5,30.2,0.10973642
378,3685,-377,16.2,1.39293,1158.6,30.2,0.10965957
-3,3701.3,-381,16.3,-0.0111039,1158.6,30.2,0.10965957
-387.8,3718.8,-384.8,17.5,-1.4421506,1158.5,30.2,0.10973642
-764.8,3736.3,-377,17.5,-2.8575222,1158.3,30.2,0.10989011
-1150.9,3754.7,-386.1,18.4,-4.3212842,1158,30.2,0.11012065
-1143.9,3757.5,7,2.8,-4.2982042,1157.7,30.2,0.11035119
-1141.9,3760.3,2,2.8,-4.2938866,1157.4,30.2,0.11058173
-711.9,3745.5,430,-14.8,-2.6664214,1157.2,30.2,0.11073542
-266,3729.1,445.9,-16.4,-0.9919406,1157.1,30.2,0.11081226
172,3712.7,438,-16.4,0.6385844,1157.1,30.2,0.11081226
610.9,3695.1,438.9,-17.6,2.2573366,1157.3,30.2,0.11065857
1052.8,3676.5,441.9,-18.6,3.8706192,1157.6,30.2,0.11042803
1494.8,3657.3,442,-19.2,5.466932,1158,30.2,0.11012065
1500.8,3655.2,6,-2.1,5.4857242,1158.4,30.2,0.10981326
1494.8,3653.9,-6,-1.3,5.4618497,1158.8,30.2,0.10950588
1495.7,3652.4,0.9,-1.5,5.4628947,1159.3,30.2,0.10912165
1496.7,3651.2,1,-1.2,5.464751,1159.7,30.2,0.10881426
1494.7,3650.2,-2,-1,5.4559539,1160.1,30.2,0.10850688
1498.7,3649,4,-1.2,5.4687563,1160.5,30.2,0.10819949
1491.7,3648.4,-7,-0.6,5.4423183,1160.9,30.2,0.10789211
1655.6,3640.8,163.9,-7.6,6.0277085,1161.4,30.2,0.10750788
1648.8,3640,-6.8,-0.8,6.001632,1161.8,30.2,0.10720049
1658.8,3638.5,10,-1.5,6.0355438,1162.3,30.2,0.10681626
1652.8,3637.8,-6,-0.7,6.0125558,1162.8,30.2,0.10643203
1650.8,3637,-2,-0.8,6.0039596,1163.2,30.2,0.10612464
1656.7,3635.8,5.9,-1.2,6.0234299,1163.7,30.2,0.10574041
1650.7,3635.2,-6,-0.6,6.0006246,1164.1,30.2,0.10543303
1656.7,3634.1,6,-1.1,6.0206135,1164.6,30.2,0.1050488
1653.8,3633.4,-2.9,-0.7,6.0089169,1165.1,30.3,0.10466457
1654.7,3632.5,0.9,-0.9,6.0106978,1165.5,30.3,0.10435718
1655.7,3631.6,1,-0.9,6.0128401,1166,30.3,0.10397295
1652.7,3631,-3,-0.6,6.0009537,1166.4,30.3,0.10366557
1651.7,3630.2,-1,-0.8,5.9960013,1166.9,30.3,0.10328133
1649.7,3629.6,-2,-0.6,5.9877511,1167.4,30.3,0.1028971
1650.7,3628.7,1,-0.9,5.9898951,1167.8,30.3,0.10258972
1652.7,3627.9,2,-0.8,5.9958303,1168.3,30.3,0.10220549
2443.6,3594.9,790.9,-33,8.7844976,1169,30.3,0.10166756
2444.7,3592.7,1.1,-2.2,8.7830737,1169.6,30.3,0.10120649
2442.7,3590.7,-2,-2,8.7710029,1170.3,30.3,0.10066856
2444.7,3588.7,2,-2,8.7732949,1171,30.3,0.10013064
2442.7,3586.9,-2,-1.8,8.7617206,1171.7,30.3,0.099592715
2442.7,3585.2,0,-1.7,8.757568,1172.3,30.3,0.099131638
2447.6,3583.3,4.9,-1.9,8.7704851,1173,30.3,0.098593714
2166.6,3593.1,-281,9.8,7.7848105,1173.6,30.3,0.098132637
1891.7,3603.3,-274.9,10.2,6.8163626,1174.2,30.3,0.097671559
1612.7,3614.2,-279,10.9,5.8286203,1174.6,30.3,0.097364174
1339,3625.4,-273.7,11.2,4.8544106,1175,30.3,0.097056789
1054,3637.4,-285,12,3.8338196,1175.3,30.3,0.096826251
781.9,3649.3,-272.1,11.9,2.8533877,1175.5,30.3,0.096672558
778.9,3650.5,-3,1.2,2.8433745,1175.7,30.3,0.096518866
785.8,3651.1,6.9,0.6,2.8690344,1175.9,30.3,0.096365173
784.9,3651.8,-0.9,0.7,2.8662978,1176.1,30.3,0.096211481
779,3652.7,-5.9,0.9,2.8454533,1176.4,30.3,0.095980942
778.9,3653.3,-0.1,0.6,2.8455554,1176.6,30.3,0.09582725
893.9,3649.1,115,-4.2,3.2619305,1176.8,30.3,0.095673557
1003.9,3644.8,110,-4.3,3.6590147,1177.1,30.3,0.095443019
1114.8,3640.3,110.9,-4.5,4.0582064,1177.4,30.3,0.09521248
1222.8,3635.6,108,-4.7,4.4456117,1177.7,30.3,0.094981941
1332.8,3630.8,110,-4.8,4.8391302,1178.1,30.3,0.094674556
1443.8,3625.7,111,-5.1,5.2347857,1178.5,30.3,0.094367171
1447.7,3624.7,3.9,-1,5.2474782,1178.9,30.3,0.094059786
1442.7,3624.3,-5,-0.4,5.2287776,1179.3,30.3,0.093752401
1473.8,3622.4,31.1,-1.9,5.3386931,1179.7,30.3,0.093445017
1506.7,3620.4,32.9,-2,5.4548567,1180.1,30.3,0.093137632
1535.7,3618.5,29,-1.9,5.5569305,1180.6,30.3,0.0927534
1567.7,3616.4,32,-2.1,5.6694303,1181,30.3,0.092446016
1602.8,3614.3,35.1,-2.1,5.793,1181.5,30.3,0.092061784
1629.8,3612.3,27,-2,5.8873265,1181.9,30.3,0.091754399
1660.8,3610.2,31,-2.1,5.9958202,1182.4,30.3,0.091370168
1655.7,3609.5,-5.1,-0.7,5.9762492,1182.8,30.4,0.091062783
1662.7,3608.4,7,-1.1,5.9996867,1183.3,30.4,0.090678552
1661.7,3607.6,-1,-0.8,5.9947489,1183.8,30.4,0.090294321
1662.6,3606.7,0.9,-0.9,5.9964994,1184.2,30.4,0.089986936
1665.7,3605.8,3.1,-0.9,6.0061811,1184.7,30.4,0.089602705
1660.7,3605.1,-5,-0.7,5.9869896,1185.1,30.4,0.08929532
1814.7,3598,154,-7.1,6.5292906,1185.6,30.4,0.088911089
1970.7,3590.4,156,-7.6,7.0756013,1186.2,30.4,0.088450012
2132.6,3582.3,161.9,-8.1,7.639613,1186.8,30.4,0.087988934
2289.7,3574.1,157.1,-8.2,8.1836168,1187.4,30.4,0.087527857
2440.6,3565.9,150.9,-8.2,8.7029355,1188.1,30.4,0.086989933
2593.7,3557.3,153.1,-8.6,9.226569,1188.8,30.4,0.08645201
2594.7,3554.8,1,-2.5,9.2236396,1189.5,30.4,0.085914086
2589.7,3552.7,-5,-2.1,9.2004272,1190.3,30.4,0.085299316
2592.7,3550.3,3,-2.4,9.2048628,1191,30.4,0.084761392
2596.7,3548,4,-2.3,9.2130916,1191.7,30.4,0.084223469
2592.7,3545.9,-4,-2.1,9.1934549,1192.4,30.4,0.083685545
2595.6,3543.6,2.9,-2.3,9.1977682,1193.1,30.4,0.083147622
1855.7,3572.4,-739.9,28.8,6.6293027,1193.7,30.4,0.082686544
1112.9,3603.2,-742.8,30.8,4.0100013,1194,30.4,0.082456006
375.1,3635.1,-737.8,31.9,1.363526,1194.1,30.4,0.082379159
-362,3667.7,-737.1,32.6,-1.3277074,1194,30.4,0.082456006
-357,3671.2,5,3.5,-1.3106184,1193.9,30.4,0.082532852
-360,3674.6,-3,3.4,-1.322856,1193.8,30.4,0.082609698
-360.9,3677.4,-0.9,2.8,-1.3271737,1193.7,30.4,0.082686544
-360.9,3680.1,0,2.7,-1.3281481,1193.6,30.4,0.08276339
-363.8,3682.6,-2.9,2.5,-1.3397299,1193.5,30.4,0.082840237
-359.9,3684.7,3.9,2.1,-1.3261235,1193.4,30.4,0.082917083
-129.1,3677.3,230.8,-7.4,-0.47473943,1193.3,30.4,0.082993929
101,3670,230.1,-7.3,0.37067,1193.4,30.4,0.082917083
327.9,3661.7,226.9,-8.3,1.2006714,1193.5,30.4,0.082840237
558.8,3652.7,230.9,-9,2.0411288,1193.6,30.4,0.08276339
789.9,3643.3,231.1,-9.4,2.8778427,1193.8,30.4,0.082609698
1013.9,3633.7,224,-9.6,3.6842084,1194.1,30.4,0.082379159
1241.8,3623.5,227.9,-10.2,4.4996623,1194.5,30.4,0.082071774
1242.8,3622.3,1,-1.2,4.5017944,1194.8,30.4,0.081841236
1067.8,3628.6,-175,6.3,3.8746191,1195.1,30.4,0.081610697
899,3635,-168.8,6.4,3.267865,1195.3,30.4,0.081457005
719.9,3642.3,-179.1,7.3,2.6220918,1195.5,30.4,0.081303312
550.9,3649.5,-169,7.2,2.0105096,1195.7,30.4,0.08114962
368,3657.6,-182.9,8.1,1.3459968,1195.8,30.4,0.081072773
192,3665.7,-176,8.1,0.7038144,1195.9,30.4,0.080995927
16,3674.1,-176,8.4,0.0587856,1195.9,30.4,0.080995927
22,3675.3,6,1.2,0.0808566,1195.9,30.4,0.080995927
22,3676.6,0,1.3,0.0808852,1195.9,30.4,0.080995927
19,3677.9,-3,1.3,0.0698801,1195.9,30.4,0.080995927
24,3678.8,5,0.9,0.0882912,1195.9,30.4,0.080995927
27,3679.7,3,0.9,0.0993519,1195.9,30.4,0.080995927
22,3680.9,-5,1.2,0.0809798,1195.9,30.4,0.080995927
20,3681.9,-2,1,0.073638,1195.9,30.4,0.080995927
27,3682.5,7,0.6,0.0994275,1195.9,30.4,0.080995927
20,3683.6,-7,1.1,0.073672,1195.9,30.4,0.080995927
26,3684.2,6,0.6,0.0957892,1195.9,30.4,0.080995927
19,3685.3,-7,1.1,0.0700207,1195.9,30.4,0.080995927
19,3686.1,0,0.8,0.0700359,1195.9,30.4,0.080995927
23,3686.7,4,0.6,0.0847941,1195.9,30.4,0.080995927
21,3687.5,-2,0.8,0.0774375,1195.9,30.4,0.080995927
14,3688.4,-7,0.9,0.0516376,1195.9,30.4,0.080995927
21,3688.9,7,0.5,0.0774669,1196,30.4,0.080919081
25,3689.3,4,0.4,0.0922325,1196,30.4,0.080919081
23,3690,-2,0.7,0.08487,1196,30.4,0.080919081
23,3690.6,0,0.6,0.0848838,1196,30.4,0.080919081
24,3691.2,1,0.6,0.0885888,1196,30.4,0.080919081
23,3691.8,-1,0.6,0.0849114,1196,30.4,0.080919081
21,3692.5,-2,0.7,0.0775425,1196,30.4,0.080919081
23,3692.9,2,0.4,0.0849367,1196,30.4,0.080919081
20,3693.6,-3,0.7,0.073872,1196,30.4,0.080919081
20,3694.1,0,0.5,0.073882,1196,30.4,0.080919081
30,3694.2,10,0.1,0.110826,1196,30.4,0.080919081
20,3695.1,-10,0.9,0.073902,1196,30.4,0.080919081
26,3695.3,6,0.2,0.0960778,1196,30.4,0.080919081
20,3696,-6,0.7,0.07392,1196,30.4,0.080919081
24,3696.3,4,0.3,0.0887112,1196,30.4,0.080919081
24,3696.8,0,0.5,0.0887232,1196,30.4,0.080919081
21,3697.3,-3,0.5,0.0776433,1196.1,30.4,0.080842235
25,3697.6,4,0.3,0.09244,1196.1,30.4,0.080842235
22,3698.1,-3,0.5,0.0813582,1196.1,30.4,0.080842235
23,3698.5,1,0.4,0.0850655,1196.1,30.4,0.080842235
20,3698.9,-3,0.4,0.073978,1196.1,30.4,0.080842235
26,3699.1,6,0.2,0.0961766,1196.1,30.4,0.080842235
18,3699.8,-8,0.7,0.0665964,1196.1,30.4,0.080842235
23,3699.9,5,0.1,0.0850977,1196.1,30.4,0.080842235
25,3700.2,2,0.3,0.092505,1196.1,30.4,0.080842235
25,3700.6,0,0.4,0.092515,1196.1,30.4,0.080842235
24,3700.9,-1,0.3,0.0888216,1196.1,30.4,0.080842235
21,3701.4,-3,0.5,0.0777294,1196.1,30.4,0.080842235
19,3701.8,-2,0.4,0.0703342,1196.1,30.4,0.080842235
24,3701.9,5,0.1,0.0888456,1196.1,30.4,0.080842235
22,3702.3,-2,0.4,0.0814506,1196.1,30.4,0.080842235
21,3702.6,-1,0.3,0.0777546,1196.1,30.4,0.080842235
21,3702.9,0,0.3,0.0777609,1196.2,30.4,0.080765388
25,3703,4,0.1,0.092575,1196.2,30.4,0.080765388
24,3703.3,-1,0.3,0.0888792,1196.2,30.4,0.080765388
22,3703.7,-2,0.4,0.0814814,1196.2,30.4,0.080765388
22,3703.9,0,0.2,0.0814858,1196.2,30.4,0.080765388
26,3704,4,0.1,0.096304,1196.2,30.4,0.080765388
21,3704.5,-5,0.5,0.0777945,1196.2,30.4,0.080765388
26,3704.5,5,0,0.096317,1196.2,30.4,0.080765388
19,3705,-7,0.5,0.070395,1196.2,30.4,0.080765388
28,3704.9,9,-0.1,0.1037372,1196.2,30.4,0.080765388
21,3705.4,-7,0.5,0.0778134,1196.2,30.4,0.080765388
19,3705.8,-2,0.4,0.0704102,1196.2,30.4,0.080765388
25,3705.7,6,-0.1,0.0926425,1196.2,30.4,0.080765388
22,3706.1,-3,0.4,0.0815342,1196.2,30.4,0.080765388
31,3705.9,9,-0.2,0.1148829,1196.2,30.4,0.080765388
17,3706.7,-14,0.8,0.0630139,1196.3,30.4,0.080688542
19,3706.8,2,0.1,0.0704292,1196.3,30.4,0.080688542
19,3707,0,0.2,0.070433,1196.3,30.4,0.080688542
15,3707.4,-4,0.4,0.055611,1196.3,30.4,0.080688542
24,3707.2,9,-0.2,0.0889728,1196.3,30.4,0.080688542
20,3707.6,-4,0.4,0.074152,1196.3,30.4,0.080688542
24,3707.6,4,0,0.0889824,1196.3,30.4,0.080688542
23,3707.8,-1,0.2,0.0852794,1196.3,30.4,0.080688542
24,3707.9,1,0.1,0.0889896,1196.3,30.4,0.080688542
16,3708.4,-8,0.5,0.0593344,1196.3,30.4,0.080688542
26,3708.2,10,-0.2,0.0964132,1196.3,30.4,0.080688542
23,3708.5,-3,0.3,0.0852955,1196.3,30.4,0.080688542
17,3708.9,-6,0.4,0.0630513,1196.3,30.4,0.080688542
19,3709,2,0.1,0.070471,1196.3,30.4,0.080688542
19,3709.1,0,0.1,0.0704729,1196.3,30.4,0.080688542
22,3709.2,3,0.1,0.0816024,1196.3,30.4,0.080688542
22,3709.4,0,0.2,0.0816068,1196.3,30.4,0.080688542
25,3709.4,3,0,0.092735,1196.3,30.4,0.080688542
28,3709.4,3,0,0.1038632,1196.4,30.4,0.080611696
27,3709.6,-1,0.2,0.1001592,1196.4,30.4,0.080611696
22,3709.9,-5,0.3,0.0816178,1196.4,30.4,0.080611696
20,3710.1,-2,0.2,0.074202,1196.4,30.4,0.080611696
25,3710.1,5,0,0.0927525,1196.4,30.4,0.080611696
23,3710.3,-2,0.2,0.0853369,1196.4,30.4,0.080611696
20,3710.5,-3,0.2,0.07421,1196.4,30.4,0.080611696
21,3710.6,1,0.1,0.0779226,1196.4,30.4,0.080611696
23,3710.7,2,0.1,0.0853461,1196.4,30.4,0.080611696
26,3710.7,3,0,0.0964782,1196.4,30.4,0.080611696
16,3711.2,-10,0.5,0.0593792,1196.4,30.4,0.080611696
18,3711.2,2,0,0.0668016,1196.4,30.4,0.080611696
22,3711.2,4,0,0.0816464,1196.4,30.4,0.080611696
20,3711.4,-2,0.2,0.074228,1196.4,30.4,0.080611696
24,3711.3,4,-0.1,0.0890712,1196.4,30.4,0.080611696
23,3711.5,-1,0.2,0.0853645,1196.4,30.4,0.080611696
22,3711.7,-1,0.2,0.0816574,1196.5,30.4,0.08053485
23,3711.7,1,0,0.0853691,1196.5,30.4,0.08053485
23,3711.8,0,0.1,0.0853714,1196.5,30.4,0.08053485
19,3712.1,-4,0.3,0.0705299,1196.5,30.4,0.08053485
20,3712.1,1,0,0.074242,1196.5,30.4,0.08053485
22,3712.2,2,0.1,0.0816684,1196.5,30.4,0.08053485
26,3712.1,4,-0.1,0.0965146,1196.5,30.4,0.08053485
23,3712.3,-3,0.2,0.0853829,1196.5,30.4,0.08053485
23,3712.4,0,0.1,0.0853852,1196.5,30.4,0.08053485
21,3712.6,-2,0.2,0.0779646,1196.5,30.4,0.08053485
27,3712.5,6,-0.1,0.1002375,1196.5,30.4,0.08053485
26,3712.6,-1,0.1,0.0965276,1196.5,30.4,0.08053485
23,3712.8,-3,0.2,0.0853944,1196.5,30.3,0.08053485
19,3713,-4,0.2,0.070547,1196.5,30.3,0.08053485
18,3713.2,-1,0.2,0.0668376,1196.5,30.3,0.08053485
23,3713.1,5,-0.1,0.0854013,1196.5,30.3,0.08053485
19,3713.3,-4,0.2,0.0705527,1196.6,30.3,0.080458004
21,3713.4,2,0.1,0.0779814,1196.6,30.3,0.080458004
26,3713.2,5,-0.2,0.0965432,1196.6,30.3,0.080458004
27,3713.2,1,0,0.1002564,1196.6,30.3,0.080458004
24,3713.5,-3,0.3,0.089124,1196.6,30.3,0.080458004
21,3713.6,-3,0.1,0.0779856,1196.6,30.3,0.080458004
22,3713.7,1,0.1,0.0817014,1196.6,30.3,0.080458004
23,3713.7,1,0,0.0854151,1196.6,30.3,0.080458004
23,3713.8,0,0.1,0.0854174,1196.6,30.3,0.080458004
24,3713.8,1,0,0.0891312,1196.6,30.3,0.080458004
20,3714,-4,0.2,0.07428,1196.6,30.3,0.080458004
21,3714.1,1,0.1,0.0779961,1196.6,30.3,0.080458004
23,3714.1,2,0,0.0854243,1196.6,30.3,0.080458004
25,3714.1,2,0,0.0928525,1196.6,30.3,0.080458004
27,3714,2,-0.1,0.100278,1196.6,30.3,0.080458004
26,3714.1,-1,0.1,0.0965666,1196.7,30.3,0.080381157
27,3714.2,1,0.1,0.1002834,1196.7,30.3,0.080381157
17,3714.6,-10,0.4,0.0631482,1196.7,30.3,0.080381157
18,3714.7,1,0.1,0.0668646,1196.7,30.3,0.080381157
22,3714.6,4,-0.1,0.0817212,1196.7,30.3,0.080381157
25,3714.5,3,-0.1,0.0928625,1196.7,30.3,0.080381157
21,3714.8,-4,0.3,0.0780108,1196.7,30.3,0.080381157
24,3714.7,3,-0.1,0.0891528,1196.7,30.3,0.080381157
23,3714.8,-1,0.1,0.0854404,1196.7,30.3,0.080381157
19,3715,-4,0.2,0.070585,1196.7,30.3,0.080381157
24,3714.9,5,-0.1,0.0891576,1196.7,30.3,0.080381157
17,3715.2,-7,0.3,0.0631584,1196.7,30.3,0.080381157
22,3715.1,5,-0.1,0.0817322,1196.7,30.3,0.080381157
17,3715.4,-5,0.3,0.0631618,1196.7,30.3,0.080381157
17,3715.4,0,0,0.0631618,1196.7,30.3,0.080381157
11,3715.7,-6,0.3,0.0408727,1196.7,30.3,0.080381157
18,3715.5,7,-0.2,0.066879,1196.7,30.3,0.080381157
21,3715.4,3,-0.1,0.0780234,1196.7,30.3,0.080381157
22,3715.4,1,0,0.0817388,1196.8,30.3,0.080304311
13,3715.9,-9,0.5,0.0483067,1196.8,30.3,0.080304311
19,3715.7,6,-0.2,0.0705983,1196.8,30.3,0.080304311
17,3715.8,-2,0.1,0.0631686,1196.8,30.3,0.080304311
19,3715.8,2,0,0.0706002,1196.8,30.3,0.080304311
19,3715.9,0,0.1,0.0706021,1196.8,30.3,0.080304311
16,3716,-3,0.1,0.059456,1196.8,30.3,0.080304311
22,3715.8,6,-0.2,0.0817476,1196.8,30.3,0.080304311
16,3716.1,-6,0.3,0.0594576,1196.8,30.3,0.080304311
21,3716,5,-0.1,0.078036,1196.8,30.3,0.080304311
18,3716.2,-3,0.2,0.0668916,1196.8,30.3,0.080304311
17,3716.3,-1,0.1,0.0631771,1196.8,30.3,0.080304311
16,3716.3,-1,0,0.0594608,1196.8,30.3,0.080304311
14,3716.5,-2,0.2,0.052031,1196.8,30.3,0.080304311
14,3716.5,0,0,0.052031,1196.8,30.3,0.080304311
17,3716.5,3,0,0.0631805,1196.8,30.3,0.080304311
23,3716.3,6,-0.2,0.0854749,1196.8,30.3,0.080304311
22,3716.4,-1,0.1,0.0817608,1196.8,30.3,0.080304311
21,3716.4,-1,0,0.0780444,1196.8,30.3,0.080304311
17,3716.6,-4,0.2,0.0631822,1196.8,30.3,0.080304311
19,3716.6,2,0,0.0706154,1196.9,30.3,0.080227465
22,3716.5,3,-0.1,0.081763,1196.9,30.3,0.080227465
22,3716.6,0,0.1,0.0817652,1196.9,30.3,0.080227465
18,3716.7,-4,0.1,0.0669006,1196.9,30.3,0.080227465
16,3716.9,-2,0.2,0.0594704,1196.9,30.3,0.080227465
17,3716.9,1,0,0.0631873,1196.9,30.3,0.080227465
26,3716.5,9,-0.4,0.096629,1196.9,30.3,0.080227465
17,3717,-9,0.5,0.063189,1196.9,30.3,0.080227465
21,3716.8,4,-0.2,0.0780528,1196.9,30.3,0.080227465
19,3717,-2,0.2,0.070623,1196.9,30.3,0.080227465
22,3716.9,3,-0.1,0.0817718,1196.9,30.3,0.080227465
21,3717,-1,0.1,0.078057,1196.9,30.3,0.080227465
23,3716.9,2,-0.1,0.0854887,1196.9,30.3,0.080227465
25,3716.9,2,0,0.0929225,1196.9,30.3,0.080227465
19,3717.1,-6,0.2,0.0706249,1196.9,30.3,0.080227465
24,3716.9,5,-0.2,0.0892056,1196.9,30.3,0.080227465
17,3717.3,-7,0.4,0.0631941,1196.9,30.3,0.080227465
16,3717.4,-1,0.1,0.0594784,1196.9,30.2,0.080227465
18,3717.4,2,0,0.0669132,1197,30.2,0.080150619
14,3717.5,-4,0.1,0.052045,1197,30.2,0.080150619
21,3717.3,7,-0.2,0.0780633,1197,30.2,0.080150619
18,3717.5,-3,0.2,0.066915,1197,30.2,0.080150619
18,3717.5,0,0,0.066915,1197,30.2,0.080150619
21,3717.4,3,-0.1,0.0780654,1197,30.2,0.080150619
24,3717.3,3,-0.1,0.0892152,1197,30.2,0.080150619
21,3717.4,-3,0.1,0.0780654,1197,30.2,0.080150619
21,3717.5,0,0.1,0.0780675,1197,30.2,0.080150619
17,3717.7,-4,0.2,0.0632009,1197,30.2,0.080150619
21,3717.6,4,-0.1,0.0780696,1197,30.2,0.080150619
18,3717.7,-3,0.1,0.0669186,1197,30.2,0.080150619
278,3707.2,260,-10.5,1.0306016,1197.1,30.2,0.080073772
271,3706.9,-7,-0.3,1.0045699,1197.2,30.2,0.079996926
273.9,3706.3,2.9,-0.6,1.0151556,1197.2,30.2,0.079996926
273.1,3706,-0.8,-0.3,1.0121086,1197.3,30.2,0.07992008
281,3705.3,7.9,-0.7,1.0411893,1197.4,30.2,0.079843234
275.9,3705.1,-5.1,-0.2,1.0222371,1197.5,30.2,0.079766387
274.1,3704.9,-1.8,-0.2,1.0155131,1197.5,30.2,0.079766387
269,3704.8,-5.1,-0.1,0.9965912,1197.6,30.2,0.079689541
266.9,3704.6,-2.1,-0.2,0.98875774,1197.7,30.2,0.079612695
277,3703.9,10.1,-0.7,1.0259803,1197.8,30.2,0.079535849
277,3703.5,0,-0.4,1.0258695,1197.9,30.2,0.079459003
275,3703.4,-2,-0.1,1.018435,1197.9,30.2,0.079459003
274.9,3703.1,-0.1,-0.3,1.0179822,1198,30.2,0.079382156
268.1,3703.1,-6.8,0,0.99280111,1198.1,30.2,0.07930531
272,3702.7,3.9,-0.4,1.0071344,1198.2,30.2,0.079228464
272,3702.4,0,-0.3,1.0070528,1198.2,30.2,0.079228464
273.9,3702.1,1.9,-0.3,1.0140052,1198.3,30.2,0.079151618
272,3701.9,-1.9,-0.2,1.0069168,1198.4,30.2,0.079074771
271.1,3701.7,-0.9,-0.2,1.0035309,1198.5,30.2,0.078997925
641.8,3686.4,370.7,-15.3,2.3659315,1198.6,30.2,0.078921079
1016.8,3670,375,-16.4,3.731656,1198.9,30.2,0.07869054
1390.8,3653,374,-17,5.0805924,1199.3,30.2,0.078383155
1765.7,3635.3,374.9,-17.7,6.4188492,1199.8,30.2,0.077998924
2132.5,3617.2,366.8,-18.1,7.713679,1200.4,30.2,0.077537847
2511.7,3598.1,379.2,-19.1,9.0373478,1201.1,30.2,0.076999923
2503.6,3594.3,-8.1,-3.8,8.9986895,1201.8,30.2,0.076462
1397.8,3636,-1105.8,41.7,5.0824008,1202.2,30.2,0.076154615
300,3680,-1097.8,44,1.104,1202.3,30.2,0.076077768
298,3681.2,-2,1.2,1.0969976,1202.3,30.2,0.076077768
299,3681.9,1,0.7,1.1008881,1202.4,30.2,0.076000922
298,3682.4,-1,0.5,1.0973552,1202.5,30.2,0.075924076
294,3682.9,-4,0.5,1.0827726,1202.6,30.2,0.07584723
295.9,3683.1,1.9,0.2,1.0898293,1202.7,30.2,0.075770383
297.9,3683.2,2,0.1,1.0972253,1202.7,30.2,0.075770383
290.1,3683.7,-7.8,0.5,1.0686414,1202.8,30.2,0.075693537
296.1,3683.6,6,-0.1,1.090714,1202.9,30.2,0.075616691
297,3683.7,0.9,0.1,1.0940589,1203,30.2,0.075539845
300.9,3683.6,3.9,-0.1,1.1083952,1203.1,30.2,0.075462999
293.9,3683.9,-7,0.3,1.0826982,1203.2,30.2,0.075386152
294,3684,0.1,0.1,1.083096,1203.2,30.2,0.075386152
295.1,3684,1.1,0,1.0871484,1203.3,30.2,0.075309306
302,3683.7,6.9,-0.3,1.1124774,1203.4,30.2,0.07523246
296,3683.9,-6,0.2,1.0904344,1203.5,30.2,0.075155614
297.9,3683.9,1.9,0,1.0974338,1203.6,30.2,0.075078767
296.9,3683.9,-1,0,1.0937499,1203.7,30.2,0.075001921
293,3684.1,-3.9,0.2,1.0794413,1203.7,30.2,0.075001921
136.2,3690.5,-156.8,6.4,0.5026461,1203.8,30.2,0.074925075
-24,3696.8,-160.2,6.3,-0.0887232,1203.8,30.2,0.074925075
-184,3704,-160,7.2,-0.681536,1203.7,30.2,0.075001921
-337.9,3711.2,-153.9,7.2,-1.2540145,1203.6,30.2,0.075078767
-499,3719,-161.1,7.8,-1.855781,1203.5,30.2,0.075155614
-656,3726.8,-157,7.8,-2.4447808,1203.3,30.2,0.075309306
-662.9,3728.7,-6.9,1.9,-2.4717552,1203.1,30.2,0.075462999
-655.9,3729.9,7,1.2,-2.4464414,1202.9,30.2,0.075616691
-657.9,3731.3,-2,1.4,-2.4548223,1202.7,30.2,0.075770383
-656.8,3732.6,1.1,1.3,-2.4515717,1202.6,30.2,0.07584723
-658.8,3734,-2,1.4,-2.4599592,1202.4,30.2,0.076000922
-657.9,3735.2,0.9,1.2,-2.4573881,1202.2,30.2,0.076154615
-658,3736.3,-0.1,1.1,-2.4584854,1202,30.2,0.076308307
-663.9,3737.7,-5.9,1.4,-2.481459,1201.8,30.2,0.076462
-660.8,3738.7,3.1,1,-2.470533,1201.7,30.2,0.076538846
-659,3739.7,1.8,1,-2.4644623,1201.5,30.2,0.076692538
-664.1,3740.9,-5.1,1.2,-2.4843317,1201.3,30.2,0.076846231
-655.9,3741.7,8.2,0.8,-2.454181,1201.1,30.2,0.076999923
-4,3716,651.9,-25.7,-0.014864,1201.1,30.2,0.076999923
642.7,3689.7,646.7,-26.3,2.3713702,1201.3,30.2,0.076846231
642,3688.1,-0.7,-1.6,2.3677602,1201.5,30.2,0.076692538
640.9,3686.7,-1.1,-1.4,2.362806,1201.6,30.2,0.076615692
647.9,3685.2,7,-1.5,2.3876411,1201.8,30.2,0.076462
642.9,3684.2,-5,-1,2.3685722,1202,30.2,0.076308307
641,3683.3,-1.9,-0.9,2.3609953,1202.2,30.2,0.076154615
641.9,3682.2,0.9,-1.1,2.3636042,1202.3,30.2,0.076077768
2999.5,3584.5,2357.6,-97.7,10.751708,1203.2,30.2,0.075386152
2999.5,3578.1,0,-6.4,10.732511,1204,30.2,0.074771382
2999.6,3572.7,0.1,-5.4,10.716671,1204.8,30.2,0.074156613
2999.6,3567.6,0,-5.1,10.701373,1205.7,30.2,0.073464997
2999.6,3562.7,0,-4.9,10.686675,1206.5,30.2,0.072850227
2999.6,3558.1,0,-4.6,10.672877,1207.3,30.2,0.072235457
2910.8,3557.3,-88.8,-0.8,10.354589,1208.2,30.2,0.071543841
2429.7,3573,-481.1,15.7,8.6813181,1208.8,30.2,0.071082763
1956.6,3589.7,-473.1,16.7,7.023607,1209.4,30.2,0.070621686
1475.9,3607.7,-480.7,18,5.3246044,1209.8,30.2,0.070314301
1005.9,3626.4,-470,18.7,3.6477958,1210.1,30.2,0.070083762
521.1,3646.5,-484.8,20.1,1.9001912,1210.2,30.2,0.070006916
53,3666.8,-468.1,20.3,0.1943404,1210.2,30.2,0.070006916
49,3668.5,-4,1.7,0.1797565,1210.2,30.2,0.070006916
49,3669.9,0,1.4,0.1798251,1210.3,30.2,0.06993007
45,3671.2,-4,1.3,0.165204,1210.3,30.2,0.06993007
48,3672,3,0.8,0.176256,1210.3,30.2,0.06993007
45,3673.1,-3,1.1,0.1652895,1210.3,30.2,0.06993007
49,3673.7,4,0.6,0.1800113,1210.3,30.2,0.06993007
51,3674.3,2,0.6,0.1873893,1210.3,30.2,0.06993007
49,3675.2,-2,0.9,0.1800848,1210.3,30.2,0.06993007
48,3675.8,-1,0.6,0.1764384,1210.3,30.2,0.06993007
49,3676.4,1,0.6,0.1801436,1210.4,30.3,0.069853224
47,3677,-2,0.6,0.172819,1210.4,30.3,0.069853224
47,3677.6,0,0.6,0.1728472,1210.4,30.3,0.069853224
46,3678.1,-1,0.5,0.1691926,1210.4,30.3,0.069853224
47,3678.6,1,0.5,0.1728942,1210.4,30.3,0.069853224
50,3678.9,3,0.3,0.183945,1210.4,30.3,0.069853224
52,3679.3,2,0.4,0.1913236,1210.4,30.3,0.069853224
46,3679.9,-6,0.6,0.1692754,1210.5,30.3,0.069776377
36,3680.7,-10,0.8,0.1325052,1210.5,30.3,0.069776377
48,3680.6,12,-0.1,0.1766688,1210.5,30.3,0.069776377
50,3680.9,2,0.3,0.184045,1210.5,30.3,0.069776377
47,3681.4,-3,0.5,0.1730258,1210.5,30.3,0.069776377
46,3681.8,-1,0.4,0.1693628,1210.5,30.3,0.069776377
47,3682,1,0.2,0.173054,1210.5,30.3,0.069776377
55,3682,8,0,0.20251,1210.5,30.3,0.069776377
47,3682.6,-8,0.6,0.1730822,1210.6,30.3,0.069699531
49,3682.9,2,0.3,0.1804621,1210.6,30.3,0.069699531
51,3683.1,2,0.2,0.1878381,1210.6,30.3,0.069699531
41,3683.7,-10,0.6,0.1510317,1210.6,30.3,0.069699531
47,3683.8,6,0.1,0.1731386,1210.6,30.3,0.069699531
49,3684,2,0.2,0.180516,1210.6,30.3,0.069699531
49,3684.2,0,0.2,0.1805258,1210.6,30.3,0.069699531
46,3684.5,-3,0.3,0.169487,1210.6,30.3,0.069699531
47,3684.7,1,0.2,0.1731809,1210.7,30.3,0.069622685
43,3685.1,-4,0.4,0.1584593,1210.7,30.3,0.069622685
47,3685.2,4,0.1,0.1732044,1210.7,30.3,0.069622685
51,3685.2,4,0,0.1879452,1210.7,30.3,0.069622685
53,3685.3,2,0.1,0.1953209,1210.7,30.3,0.069622685
46,3685.8,-7,0.5,0.1695468,1210.7,30.3,0.069622685
50,3685.8,4,0,0.18429,1210.7,30.3,0.069622685
46,3686.2,-4,0.4,0.1695652,1210.8,30.3,0.069545839
45,3686.4,-1,0.2,0.165888,1210.8,30.3,0.069545839
50,3686.4,5,0,0.18432,1210.8,30.3,0.069545839
47,3686.6,-3,0.2,0.1732702,1210.8,30.3,0.069545839
45,3686.9,-2,0.3,0.1659105,1210.8,30.3,0.069545839
52,3686.8,7,-0.1,0.1917136,1210.8,30.3,0.069545839
47,3687.1,-5,0.3,0.1732937,1210.8,30.3,0.069545839
45,3687.3,-2,0.2,0.1659285,1210.8,30.3,0.069545839
47,3687.4,2,0.1,0.1733078,1210.9,30.3,0.069468993
50,3687.4,3,0,0.18437,1210.9,30.3,0.069468993
48,3687.6,-2,0.2,0.1770048,1210.9,30.3,0.069468993
47,3687.8,-1,0.2,0.1733266,1210.9,30.3,0.069468993
51,3687.8,4,0,0.1880778,1210.9,30.3,0.069468993
48,3688,-3,0.2,0.177024,1210.9,30.3,0.069468993
45,3688.3,-3,0.3,0.1659735,1210.9,30.3,0.069468993
51,3688.1,6,-0.2,0.1880931,1211,30.3,0.069392146
50,3688.3,-1,0.2,0.184415,1211,30.3,0.069392146
51,3688.3,1,0,0.1881033,1211,30.3,0.069392146
45,3688.7,-6,0.4,0.1659915,1211,30.3,0.069392146
53,3688.4,8,-0.3,0.1954852,1211,30.3,0.069392146
43,3688.9,-10,0.5,0.1586227,1211,30.3,0.069392146
48,3688.8,5,-0.1,0.1770624,1211,30.3,0.069392146
43,3689.1,-5,0.3,0.1586313,1211,30.3,0.069392146
51,3688.9,8,-0.2,0.1881339,1211.1,30.3,0.0693153
44,3689.3,-7,0.4,0.1623292,1211.1,30.3,0.0693153
44,3689.4,0,0.1,0.1623336,1211.1,30.3,0.0693153
43,3689.5,-1,0.1,0.1586485,1211.1,30.3,0.0693153
45,3689.5,2,0,0.1660275,1211.1,30.3,0.0693153
41,3689.8,-4,0.3,0.1512818,1211.1,30.3,0.0693153
43,3689.8,2,0,0.1586614,1211.1,30.3,0.0693153
54,3689.4,11,-0.4,0.1992276,1211.1,30.3,0.0693153
54,3689.5,0,0.1,0.199233,1211.2,30.3,0.069238454
45,3689.9,-9,0.4,0.1660455,1211.2,30.3,0.069238454
41,3690.1,-4,0.2,0.1512941,1211.2,30.3,0.069238454
47,3689.9,6,-0.2,0.1734253,1211.2,30.3,0.069238454
54,3689.8,7,-0.1,0.1992492,1211.2,30.3,0.069238454
44,3690.2,-10,0.4,0.1623688,1211.2,30.3,0.069238454
50,3690,6,-0.2,0.1845,1211.2,30.3,0.069238454
47,3690.2,-3,0.2,0.1734394,1211.3,30.3,0.069161608
49,3690.2,2,0,0.1808198,1211.3,30.3,0.069161608
47,3690.3,-2,0.1,0.1734441,1211.3,30.3,0.069161608
43,3690.5,-4,0.2,0.1586915,1211.3,30.3,0.069161608
46,3690.5,3,0,0.169763,1211.3,30.3,0.069161608
47,3690.5,1,0,0.1734535,1211.3,30.3,0.069161608
48,3690.5,1,0,0.177144,1211.3,30.3,0.069161608
35,3691.1,-13,0.6,0.1291885,1211.3,30.3,0.069161608
37,3691.1,2,0,0.1365707,1211.4,30.3,0.069084761
29,3691.5,-8,0.4,0.1070535,1211.4,30.3,0.069084761
34,3691.4,5,-0.1,0.1255076,1211.4,30.3,0.069084761
27,3691.7,-7,0.3,0.0996759,1211.4,30.2,0.069084761
23,3691.9,-4,0.2,0.0849137,1211.4,30.2,0.069084761
19,3692.2,-4,0.3,0.0701518,1211.4,30.2,0.069084761
23,3692.1,4,-0.1,0.0849183,1211.4,30.2,0.069084761
20,3692.3,-3,0.2,0.073846,1211.4,30.2,0.069084761
25,3692.2,5,-0.1,0.092305,1211.4,30.2,0.069084761
23,3692.3,-2,0.1,0.0849229,1211.4,30.2,0.069084761
21,3692.4,-2,0.1,0.0775404,1211.4,30.2,0.069084761
23,3692.5,2,0.1,0.0849275,1211.4,30.2,0.069084761
23,3692.5,0,0,0.0849275,1211.4,30.2,0.069084761
20,3692.7,-3,0.2,0.073854,1211.4,30.2,0.069084761
28,3692.4,8,-0.3,0.1033872,1211.4,30.2,0.069084761
26,3692.6,-2,0.2,0.0960076,1211.5,30.2,0.069007915
25,3692.7,-1,0.1,0.0923175,1211.5,30.2,0.069007915
26,3692.7,1,0,0.0960102,1211.5,30.2,0.069007915
24,3692.8,-2,0.1,0.0886272,1211.5,30.2,0.069007915
19,3693.1,-5,0.3,0.0701689,1211.5,30.2,0.069007915
19,3693.2,0,0.1,0.0701708,1211.5,30.2,0.069007915
20,3693.2,1,0,0.073864,1211.5,30.2,0.069007915
20,3693.2,0,0,0.073864,1211.5,30.2,0.069007915
20,3693.3,0,0.1,0.073866,1211.5,30.2,0.069007915
22,3693.3,2,0,0.0812526,1211.5,30.2,0.069007915
11,3693.8,-11,0.5,0.0406318,1211.5,30.2,0.069007915
23,3693.4,12,-0.4,0.0849482,1211.5,30.2,0.069007915
21,3693.5,-2,0.1,0.0775635,1211.5,30.2,0.069007915
22,3693.5,1,0,0.081257,1211.5,30.2,0.069007915
23,3693.5,1,0,0.0849505,1211.5,30.2,0.069007915
23,3693.5,0,0,0.0849505,1211.5,30.2,0.069007915
18,3693.8,-5,0.3,0.0664884,1211.5,30.2,0.069007915
21,3693.7,3,-0.1,0.0775677,1211.6,30.2,0.068931069
25,3693.5,4,-0.2,0.0923375,1211.6,30.2,0.068931069
18,3693.9,-7,0.4,0.0664902,1211.6,30.2,0.068931069
24,3693.7,6,-0.2,0.0886488,1211.6,30.2,0.068931069
19,3693.9,-5,0.2,0.0701841,1211.6,30.2,0.068931069
19,3694,0,0.1,0.070186,1211.6,30.2,0.068931069
19,3694,0,0,0.070186,1211.6,30.2,0.068931069
19,3694,0,0,0.070186,1211.6,30.2,0.068931069
23,3694,4,0,0.084962,1211.6,30.2,0.068931069
19,3694.1,-4,0.1,0.0701879,1211.6,30.2,0.068931069
21,3694.1,2,0,0.0775761,1211.6,30.2,0.068931069
21,3694.1,0,0,0.0775761,1211.6,30.2,0.068931069
19,3694.2,-2,0.1,0.0701898,1211.6,30.2,0.068931069
18,3694.3,-1,0.1,0.0664974,1211.6,30.2,0.068931069
21,3694.2,3,-0.1,0.0775782,1211.6,30.2,0.068931069
24,3694.1,3,-0.1,0.0886584,1211.6,30.2,0.068931069
18,3694.4,-6,0.3,0.0664992,1211.6,30.2,0.068931069
17,3694.5,-1,0.1,0.0628065,1211.6,30.2,0.068931069
22,3694.3,5,-0.2,0.0812746,1211.7,30.2,0.068854223
22,3694.3,0,0,0.0812746,1211.7,30.2,0.068854223
25,3694.3,3,0,0.0923575,1211.7,30.2,0.068854223
19,3694.5,-6,0.2,0.0701955,1211.7,30.2,0.068854223
19,3694.6,0,0.1,0.0701974,1211.7,30.2,0.068854223
24,3694.4,5,-0.2,0.0886656,1211.7,30.2,0.068854223
22,3694.5,-2,0.1,0.081279,1211.7,30.2,0.068854223
26,3694.4,4,-0.1,0.0960544,1211.7,30.2,0.068854223
28,3694.3,2,-0.1,0.1034404,1211.7,30.2,0.068854223
23,3694.5,-5,0.2,0.0849735,1211.7,30.2,0.068854223
21,3694.6,-2,0.1,0.0775866,1211.7,30.2,0.068854223
19,3694.7,-2,0.1,0.0701993,1211.7,30.2,0.068854223
21,3694.6,2,-0.1,0.0775866,1211.7,30.2,0.068854223
25,3694.5,4,-0.1,0.0923625,1211.7,30.2,0.068854223
23,3694.6,-2,0.1,0.0849758,1211.7,30.2,0.068854223
21,3694.7,-2,0.1,0.0775887,1211.7,30.2,0.068854223
26,3694.6,5,-0.1,0.0960596,1211.8,30.2,0.068777376
25,3694.6,-1,0,0.092365,1211.8,30.2,0.068777376
26,3694.6,1,0,0.0960596,1211.8,30.2,0.068777376
21,3694.8,-5,0.2,0.0775908,1211.8,30.2,0.068777376
21,3694.8,0,0,0.0775908,1211.8,30.2,0.068777376
25,3694.7,4,-0.1,0.0923675,1211.8,30.2,0.068777376
20,3694.9,-5,0.2,0.073898,1211.8,30.2,0.068777376
31,3694.5,11,-0.4,0.1145295,1211.8,30.2,0.068777376
20,3694.9,-11,0.4,0.073898,1211.8,30.2,0.068777376
19,3695,-1,0.1,0.070205,1211.8,30.2,0.068777376
20,3695,1,0,0.0739,1211.8,30.2,0.068777376
20,3695,0,0,0.0739,1211.8,30.2,0.068777376
21,3695,1,0,0.077595,1211.8,30.2,0.068777376
17,3695.2,-4,0.2,0.0628184,1211.8,30.2,0.068777376
17,3695.2,0,0,0.0628184,1211.8,30.2,0.068777376
22,3695,5,-0.2,0.08129,1211.8,30.2,0.068777376
25,3694.9,3,-0.1,0.0923725,1211.9,30.2,0.06870053
23,3695,-2,0.1,0.084985,1211.9,30.2,0.06870053
16,3695.3,-7,0.3,0.0591248,1211.9,30.2,0.06870053
18,3695.2,2,-0.1,0.0665136,1211.9,30.2,0.06870053
17,3695.3,-1,0.1,0.0628201,1211.9,30.2,0.06870053
24,3695,7,-0.3,0.08868,1211.9,30.2,0.06870053
23,3695.1,-1,0.1,0.0849873,1211.9,30.2,0.06870053
19,3695.3,-4,0.2,0.0702107,1211.9,30.2,0.06870053
23,3695.1,4,-0.2,0.0849873,1211.9,30.2,0.06870053
17,3695.4,-6,0.3,0.0628218,1211.9,30.2,0.06870053
21,3695.2,4,-0.2,0.0775992,1211.9,30.2,0.06870053
26,3695.1,5,-0.1,0.0960726,1211.9,30.2,0.06870053
20,3695.3,-6,0.2,0.073906,1211.9,30.2,0.06870053
22,3695.2,2,-0.1,0.0812944,1211.9,30.2,0.06870053
27,3695,5,-0.2,0.099765,1211.9,30.2,0.06870053
22,3695.2,-5,0.2,0.0812944,1211.9,30.2,0.06870053
25,3695.1,3,-0.1,0.0923775,1211.9,30.2,0.06870053
27,3695,2,-0.1,0.099765,1212,30.2,0.068623684
29,3695,2,0,0.107155,1212,30.2,0.068623684
24,3695.2,-5,0.2,0.0886848,1212,30.2,0.068623684
18,3695.4,-6,0.2,0.0665172,1212,30.2,0.068623684
27,3695.1,9,-0.3,0.0997677,1212,30.2,0.068623684
19,3695.4,-8,0.3,0.0702126,1212,30.2,0.068623684
21,3695.3,2,-0.1,0.0776013,1212,30.2,0.068623684
22,3695.3,1,0,0.0812966,1212,30.2,0.068623684
19,3695.4,-3,0.1,0.0702126,1212,30.2,0.068623684
22,3695.4,3,0,0.0812988,1212,30.2,0.068623684
19,3695.5,-3,0.1,0.0702145,1212,30.2,0.068623684
25,3695.3,6,-0.2,0.0923825,1212,30.2,0.068623684
22,3695.4,-3,0.1,0.0812988,1212,30.2,0.068623684
23,3695.3,1,-0.1,0.0849919,1212,30.2,0.068623684
21,3695.4,-2,0.1,0.0776034,1212,30.2,0.068623684
21,3695.5,0,0.1,0.0776055,1212,30.2,0.068623684
23,3695.4,2,-0.1,0.0849942,1212.1,30.2,0.068546838
21,3695.5,-2,0.1,0.0776055,1212.1,30.2,0.068546838
21,3695.5,0,0,0.0776055,1212.1,30.2,0.068546838
22,3695.4,1,-0.1,0.0812988,1212.1,30.2,0.068546838
25,3695.3,3,-0.1,0.0923825,1212.1,30.2,0.068546838
24,3695.4,-1,0.1,0.0886896,1212.1,30.2,0.068546838
25,3695.3,1,-0.1,0.0923825,1212.1,30.2,0.068546838
24,3695.4,-1,0.1,0.0886896,1212.1,30.2,0.068546838
23,3695.4,-1,0,0.0849942,1212.1,30.2,0.068546838
26,3695.3,3,-0.1,0.0960778,1212.1,30.2,0.068546838
25,3695.4,-1,0.1,0.092385,1212.1,30.2,0.068546838
25,3695.4,0,0,0.092385,1212.1,30.2,0.068546838
23,3695.4,-2,0,0.0849942,1212.1,30.2,0.068546838
26,3695.3,3,-0.1,0.0960778,1212.1,30.2,0.068546838
21,3695.6,-5,0.3,0.0776076,1212.1,30.2,0.068546838
1943.6,3615.9,1922.6,-79.7,7.0278632,1212.7,30.1,0.06808576
1939.6,3611.6,-4,-4.3,7.0050594,1213.2,30.1,0.067701529
1935.6,3607.8,-4,-3.8,6.9832577,1213.8,30.1,0.067240452
1939.7,3604,4.1,-3.8,6.9906788,1214.3,30.1,0.066856221
1937.7,3600.7,-2,-3.3,6.9770764,1214.8,30.1,0.06647199
1941.6,3597.3,3.9,-3.4,6.9845177,1215.4,30.1,0.066010912
1943.7,3594,2.1,-3.3,6.9856578,1215.9,30.1,0.065626681
1939.6,3591.1,-4.1,-2.9,6.9652976,1216.5,30.1,0.065165604
1938.6,3588.1,-1,-3,6.9558907,1217,30.1,0.064781372
1936.8,3585.3,-1.8,-2.8,6.944009,1217.5,30.2,0.064397141
1937.6,3582.3,0.8,-3,6.9410645,1218.1,30.2,0.063936064
1939.6,3579.3,2,-3,6.9424103,1218.6,30.2,0.063551833
2221.7,3564.6,282.1,-14.7,7.9194718,1219.2,30.2,0.063090755
2511.6,3548.9,289.9,-15.7,8.9134172,1219.9,30.2,0.062552832
2791.4,3532.9,279.8,-16,9.8617371,1220.7,30.2,0.061938062
2999.7,3519.3,208.3,-13.6,10.556844,1221.5,30.2,0.061323292
2999.6,3514.1,-0.1,-5.2,10.540894,1222.4,30.2,0.060631676
2999.6,3509.1,0,-5,10.525896,1223.2,30.2,0.060016906
2999.6,3504.3,0,-4.8,10.511498,1224,30.2,0.059402136
2999.6,3499.4,0,-4.9,10.4968,1224.9,30.2,0.05871052
2999.6,3494.6,0,-4.8,10.482402,1225.7,30.2,0.05809575
2999.7,3489.8,0.1,-4.8,10.468353,1226.5,30.2,0.057480981
2999.6,3485.2,-0.1,-4.6,10.454206,1227.4,30.2,0.056789364
2999.6,3480.4,0,-4.8,10.439808,1228.2,30.2,0.056174595
2999.6,3475.7,0,-4.7,10.42571,1229,30.2,0.055559825
2999.7,3470.9,0.1,-4.8,10.411659,1229.9,30.2,0.054868209
2999.6,3466.4,-0.1,-4.5,10.397813,1230.7,30.2,0.054253439
2999.7,3461.6,0.1,-4.8,10.383762,1231.5,30.2,0.053638669
2999.6,3456.9,-0.1,-4.7,10.369317,1232.4,30.2,0.052947053
2999.7,3452.1,0.1,-4.8,10.355264,1233.2,30.2,0.052332283
2999.6,3447.5,-0.1,-4.6,10.341121,1234,30.2,0.051717513
2999.6,3442.7,0,-4.8,10.326723,1234.9,30.2,0.051025897
2999.6,3437.9,0,-4.8,10.312325,1235.7,30.2,0.050411127
2999.6,3433.2,0,-4.7,10.298227,1236.5,30.2,0.049796357
2999.6,3431.7,0,-1.5,10.293727,1236.8,30.2,0.049565819
749.5,3542.6,-2250.1,110.9,2.6551787,1236.8,30.3,0.049565819
749.9,3541.3,0.4,-1.3,2.6556209,1237,30.3,0.049412126
749.9,3541,0,-0.3,2.6553959,1237.2,30.3,0.049258434
749.9,3540.9,0,-0.1,2.6553209,1237.4,30.3,0.049104741
749.9,3540.8,0,-0.1,2.6552459,1237.6,30.3,0.048951049
749.9,3540.6,0,-0.2,2.6550959,1237.8,30.3,0.048797356
749.9,3540.4,0,-0.2,2.654946,1238,30.3,0.048643664
749.9,3540.2,0,-0.2,2.654796,1238.3,30.3,0.048413125
749.9,3540,0,-0.2,2.654646,1238.5,30.3,0.048259433
749.9,3539.8,0,-0.2,2.654496,1238.7,30.3,0.04810574
749.9,3539.5,0,-0.3,2.654271,1238.9,30.3,0.047952048
749.9,3539.2,0,-0.3,2.6540461,1239.1,30.4,0.047798355
749.9,3538.8,0,-0.4,2.6537461,1239.3,30.4,0.047644663
749.9,3538.5,0,-0.3,2.6535211,1239.5,30.4,0.047490971
749.8,3538.1,-0.1,-0.4,2.6528674,1239.7,30.4,0.047337278
749.9,3537.7,0.1,-0.4,2.6529212,1239.9,30.4,0.047183586
749.9,3537.3,0,-0.4,2.6526213,1240.1,30.4,0.047029893
749.9,3536.8,0,-0.5,2.6522463,1240.3,30.4,0.046876201
749.9,3536.3,0,-0.5,2.6518714,1240.5,30.4,0.046722508
749.9,3535.9,0,-0.4,2.6515714,1240.8,30.4,0.04649197
749.9,3535.4,0,-0.5,2.6511965,1241,30.4,0.046338277
749.8,3534.9,-0.1,-0.5,2.650468,1241.2,30.4,0.046184585
749.9,3534.4,0.1,-0.5,2.6504466,1241.4,30.4,0.046030892
749.9,3533.8,0,-0.6,2.6499966,1241.6,30.4,0.0458772
749.9,3533.3,0,-0.5,2.6496217,1241.8,30.4,0.045723507
749.9,3532.7,0,-0.6,2.6491717,1242,30.4,0.045569815
749.9,3532.1,0,-0.6,2.6487218,1242.2,30.4,0.045416122
749.9,3531.5,0,-0.6,2.6482718,1242.4,30.4,0.04526243
749.9,3530.9,0,-0.6,2.6478219,1242.6,30.4,0.045108737
749.9,3530.3,0,-0.6,2.647372,1242.8,30.4,0.044955045
749.9,3529.6,0,-0.7,2.646847,1243,30.4,0.044801352
749.9,3529,0,-0.6,2.6463971,1243.3,30.4,0.044570814
749.9,3528.4,0,-0.6,2.6459472,1243.5,30.4,0.044417121
749.9,3527.7,0,-0.7,2.6454222,1243.7,30.4,0.044263429
749.9,3527,0,-0.7,2.6448973,1243.9,30.4,0.044109736
749.9,3526.3,0,-0.7,2.6443724,1244.1,30.4,0.043956044
749.9,3525.6,0,-0.7,2.6438474,1244.3,30.4,0.043802351
749.9,3524.9,0,-0.7,2.6433225,1244.5,30.4,0.043648659
749.8,3524.2,-0.1,-0.7,2.6424452,1244.7,30.4,0.043494967
749.8,3523.4,0,-0.8,2.6418453,1244.9,30.4,0.043341274
749.8,3522.7,0,-0.7,2.6413205,1245.1,30.4,0.043187582
749.8,3522,0,-0.7,2.6407956,1245.3,30.4,0.043033889
749.9,3521.2,0.1,-0.8,2.6405479,1245.5,30.4,0.042880197
749.9,3520.5,0,-0.7,2.640023,1245.8,30.4,0.042649658
749.9,3519.7,0,-0.8,2.639423,1246,30.4,0.042495966
749.9,3518.9,0,-0.8,2.6388231,1246.2,30.4,0.042342273
749.9,3518.1,0,-0.8,2.6382232,1246.4,30.4,0.042188581
749.9,3517.3,0,-0.8,2.6376233,1246.6,30.4,0.042034888
749.9,3516.5,0,-0.8,2.6370234,1246.8,30.4,0.041881196
749.9,3515.7,0,-0.8,2.6364234,1247,30.4,0.041727503
749.9,3514.9,0,-0.8,2.6358235,1247.2,30.4,0.041573811
749.9,3514.1,0,-0.8,2.6352236,1247.4,30.4,0.041420118
749.9,3513.2,0,-0.9,2.6345487,1247.6,30.4,0.041266426
749.9,3512.4,0,-0.8,2.6339488,1247.8,30.4,0.041112733
749.9,3511.5,0,-0.9,2.6332739,1248,30.4,0.040959041
749.9,3510.7,0,-0.8,2.6326739,1248.3,30.4,0.040728502
749.9,3509.8,0,-0.9,2.631999,1248.5,30.4,0.04057481
749.9,3508.9,0,-0.9,2.6313241,1248.7,30.4,0.040421117
749.9,3508.1,0,-0.8,2.6307242,1248.9,30.4,0.040267425
749.9,3507.2,0,-0.9,2.6300493,1249.1,30.4,0.040113732
749.9,3506.3,0,-0.9,2.6293744,1249.3,30.4,0.03996004
749.9,3505.4,0,-0.9,2.6286995,1249.5,30.4,0.039806347
749.9,3504.5,0,-0.9,2.6280246,1249.7,30.4,0.039652655
749.9,3503.6,0,-0.9,2.6273496,1249.9,30.5,0.039498963
749.9,3502.7,0,-0.9,2.6266747,1250.1,30.5,0.03934527
749.9,3501.8,0,-0.9,2.6259998,1250.3,30.5,0.039191578
749.9,3500.9,0,-0.9,2.6253249,1250.5,30.5,0.039037885
749.9,3500,0,-0.9,2.62465,1250.8,30.5,0.038807346
749.9,3499,0,-1,2.6239001,1251,30.5,0.038653654
749.9,3498.1,0,-0.9,2.6232252,1251.2,30.5,0.038499962
749.9,3497.1,0,-1,2.6224753,1251.4,30.5,0.038346269
749.9,3496.2,0,-0.9,2.6218004,1251.6,30.5,0.038192577
749.9,3495.2,0,-1,2.6210505,1251.8,30.5,0.038038884
749.9,3494.2,0,-1,2.6203006,1252,30.5,0.037885192
749.9,3493.3,0,-0.9,2.6196257,1252.2,30.5,0.037731499
749.9,3492.3,0,-1,2.6188758,1252.4,30.5,0.037577807
749.9,3491.3,0,-1,2.6181259,1252.6,30.5,0.037424114
749.9,3490.3,0,-1,2.617376,1252.8,30.5,0.037270422
749.9,3489.3,0,-1,2.6166261,1253,30.5,0.037116729
749.9,3488.4,0,-0.9,2.6159512,1253.3,30.5,0.036886191
749.9,3487.4,0,-1,2.6152013,1253.5,30.5,0.036732498
749.9,3486.4,0,-1,2.6144514,1253.7,30.5,0.036578806
749.9,3485.3,0,-1.1,2.6136265,1253.9,30.5,0.036425113
749.9,3484.3,0,-1,2.6128766,1254.1,30.5,0.036271421
749.9,3483.3,0,-1,2.6121267,1254.3,30.5,0.036117728
749.9,3482.3,0,-1,2.6113768,1254.5,30.5,0.035964036
749.8,3481.2,-0.1,-1.1,2.6102038,1254.7,30.5,0.035810344
749.8,3480.2,0,-1,2.609454,1254.9,30.5,0.035656651
749.8,3479.2,0,-1,2.6087042,1255.1,30.5,0.035502959
749.8,3478.1,0,-1.1,2.6078794,1255.3,30.5,0.035349266
749.9,3477,0.1,-1.1,2.6074023,1255.5,30.5,0.035195574
749.9,3476,0,-1,2.6066524,1255.8,30.5,0.034965035
749.9,3474.9,0,-1.1,2.6058275,1256,30.5,0.034811343
749.9,3473.8,0,-1.1,2.6050026,1256.2,30.5,0.03465765
749.9,3472.7,0,-1.1,2.6041777,1256.4,30.5,0.034503958
749.9,3471.7,0,-1,2.6034278,1256.6,30.5,0.034350265
749.9,3470.6,0,-1.1,2.6026029,1256.8,30.5,0.034196573
749.9,3469.5,0,-1.1,2.6017781,1257,30.5,0.03404288
749.9,3468.4,0,-1.1,2.6009532,1257.2,30.5,0.033889188
749.9,3467.3,0,-1.1,2.6001283,1257.4,30.5,0.033735495
749.9,3466.2,0,-1.1,2.5993034,1257.6,30.5,0.033581803
749.9,3465.1,0,-1.1,2.5984785,1257.8,30.5,0.03342811
749.9,3463.9,0,-1.2,2.5975786,1258,30.5,0.033274418
749.9,3462.8,0,-1.1,2.5967537,1258.3,30.5,0.033043879
749.9,3461.7,0,-1.1,2.5959288,1258.5,30.5,0.032890187
749.9,3460.5,0,-1.2,2.595029,1258.7,30.5,0.032736494
749.9,3459.4,0,-1.1,2.5942041,1258.9,30.5,0.032582802
749.9,3458.2,0,-1.2,2.5933042,1259.1,30.5,0.032429109
749.9,3457.1,0,-1.1,2.5924793,1259.3,30.5,0.032275417
749.9,3455.9,0,-1.2,2.5915794,1259.5,30.5,0.032121724
749.9,3454.7,0,-1.2,2.5906795,1259.7,30.5,0.031968032
749.9,3453.6,0,-1.1,2.5898546,1259.9,30.5,0.03181434
749.9,3452.4,0,-1.2,2.5889548,1260.1,30.5,0.031660647
749.9,3451.2,0,-1.2,2.5880549,1260.3,30.5,0.031506955
749.9,3450.1,0,-1.1,2.58723,1260.5,30.5,0.031353262
749.9,3448.8,0,-1.3,2.5862551,1260.8,30.5,0.031122723
749.9,3447.6,0,-1.2,2.5853552,1261,30.5,0.030969031
749.9,3446.4,0,-1.2,2.5844554,1261.2,30.5,0.030815339
749.9,3445.2,0,-1.2,2.5835555,1261.4,30.5,0.030661646
749.9,3444,0,-1.2,2.5826556,1261.6,30.5,0.030507954
749.9,3442.8,0,-1.2,2.5817557,1261.8,30.5,0.030354261
749.9,3441.5,0,-1.3,2.5807809,1262,30.5,0.030200569
749.9,3440.3,0,-1.2,2.579881,1262.2,30.5,0.030046876
749.9,3439,0,-1.3,2.5789061,1262.4,30.5,0.029893184
749.9,3437.8,0,-1.2,2.5780062,1262.6,30.5,0.029739491
749.9,3436.5,0,-1.3,2.5770313,1262.8,30.5,0.029585799
749.9,3435.3,0,-1.2,2.5761315,1263,30.5,0.029432106
749.9,3434,0,-1.3,2.5751566,1263.3,30.5,0.029201568
749.9,3432.7,0,-1.3,2.5741817,1263.5,30.5,0.029047875
749.9,3431.5,0,-1.2,2.5732819,1263.7,30.5,0.028894183
749.9,3430.2,0,-1.3,2.572307,1263.9,30.5,0.02874049
749.9,3428.9,0,-1.3,2.5713321,1264.1,30.5,0.028586798
749.9,3427.6,0,-1.3,2.5703572,1264.3,30.5,0.028433105
749.9,3426.3,0,-1.3,2.5693824,1264.5,30.5,0.028279413
749.9,3424.9,0,-1.4,2.5683325,1264.7,30.5,0.02812572
749.9,3423.6,0,-1.3,2.5673576,1264.9,30.5,0.027972028
749.9,3422.3,0,-1.3,2.5663828,1265.1,30.5,0.027818336
749.9,3421,0,-1.3,2.5654079,1265.3,30.5,0.027664643
749.9,3419.6,0,-1.4,2.564358,1265.5,30.5,0.027510951
749.9,3418.3,0,-1.3,2.5633832,1265.8,30.5,0.027280412
749.9,3416.9,0,-1.4,2.5623333,1266,30.5,0.027126719
749.9,3415.6,0,-1.3,2.5613584,1266.2,30.5,0.026973027
749.9,3414.2,0,-1.4,2.5603086,1266.4,30.5,0.026819335
749.9,3412.8,0,-1.4,2.5592587,1266.6,30.5,0.026665642
749.9,3411.4,0,-1.4,2.5582089,1266.8,30.5,0.02651195
749.9,3410,0,-1.4,2.557159,1267,30.5,0.026358257
749.9,3408.6,0,-1.4,2.5561091,1267.2,30.5,0.026204565
749.9,3407.2,0,-1.4,2.5550593,1267.4,30.5,0.026050872
749.9,3405.8,0,-1.4,2.5540094,1267.6,30.5,0.02589718
749.9,3404.4,0,-1.4,2.5529596,1267.8,30.5,0.025743487
749.9,3403,0,-1.4,2.5519097,1268,30.5,0.025589795
749.9,3401.5,0,-1.5,2.5507848,1268.3,30.5,0.025359256
749.9,3400.1,0,-1.4,2.549735,1268.5,30.5,0.025205564
749.9,3398.6,0,-1.5,2.5486101,1268.7,30.5,0.025051871
749.9,3397.1,0,-1.5,2.5474853,1268.9,30.5,0.024898179
749.9,3395.7,0,-1.4,2.5464354,1269.1,30.5,0.024744486
749.9,3394.2,0,-1.5,2.5453106,1269.3,30.5,0.024590794
749.9,3392.7,0,-1.5,2.5441857,1269.5,30.5,0.024437101
749.9,3391.2,0,-1.5,2.5430609,1269.7,30.5,0.024283409
749.8,3389.8,-0.1,-1.4,2.541672,1269.9,30.5,0.024129716
749.8,3388.2,0,-1.6,2.5404724,1270.1,30.5,0.023976024
749.8,3386.7,0,-1.5,2.5393477,1270.3,30.5,0.023822332
749.9,3385.1,0.1,-1.6,2.5384865,1270.5,30.5,0.023668639
749.9,3383.7,0,-1.4,2.5374366,1270.8,30.5,0.0234381
749.9,3382.1,0,-1.6,2.5362368,1271,30.5,0.023284408
749.9,3380.5,0,-1.6,2.535037,1271.2,30.5,0.023130715
749.9,3379,0,-1.5,2.5339121,1271.4,30.5,0.022977023
749.9,3377.4,0,-1.6,2.5327123,1271.6,30.5,0.022823331
749.9,3375.8,0,-1.6,2.5315124,1271.8,30.5,0.022669638
749.9,3374.2,0,-1.6,2.5303126,1272,30.5,0.022515946
749.9,3372.6,0,-1.6,2.5291127,1272.2,30.5,0.022362253
749.9,3371,0,-1.6,2.5279129,1272.4,30.5,0.022208561
749.9,3369.4,0,-1.6,2.5267131,1272.6,30.5,0.022054868
749.9,3367.7,0,-1.7,2.5254382,1272.8,30.5,0.021901176
749.9,3366.1,0,-1.6,2.5242384,1273,30.5,0.021747483
749.9,3364.5,0,-1.6,2.5230385,1273.3,30.5,0.021516945
749.9,3362.8,0,-1.7,2.5217637,1273.5,30.5,0.021363252
749.9,3361.1,0,-1.7,2.5204889,1273.7,30.5,0.02120956
749.9,3359.4,0,-1.7,2.5192141,1273.9,30.5,0.021055867
749.9,3357.7,0,-1.7,2.5179392,1274.1,30.5,0.020902175
749.9,3356,0,-1.7,2.5166644,1274.3,30.5,0.020748482
749.9,3354.3,0,-1.7,2.5153896,1274.5,30.5,0.02059479
749.8,3352.6,-0.1,-1.7,2.5137795,1274.7,30.5,0.020441097
749.9,3350.8,0.1,-1.8,2.5127649,1274.9,30.5,0.020287405
749.9,3349.1,0,-1.7,2.5114901,1275.1,30.5,0.020133712
749.9,3347.3,0,-1.8,2.5101403,1275.3,30.5,0.01998002
749.9,3345.6,0,-1.7,2.5088654,1275.5,30.5,0.019826328
749.9,3343.7,0,-1.9,2.5074406,1275.8,30.5,0.019595789
749.8,3342,-0.1,-1.7,2.5058316,1276,30.5,0.019442096
749.8,3340.2,0,-1.8,2.504482,1276.2,30.5,0.019288404
749.8,3338.3,0,-1.9,2.5030573,1276.4,30.5,0.019134711
749.8,3336.5,0,-1.8,2.5017077,1276.6,30.5,0.018981019
749.8,3334.6,0,-1.9,2.5002831,1276.8,30.5,0.018827327
749.8,3332.8,0,-1.8,2.4989334,1277,30.5,0.018673634
749.8,3330.9,0,-1.9,2.4975088,1277.2,30.5,0.018519942
749.9,3329,0.1,-1.9,2.4964171,1277.4,30.5,0.018366249
749.9,3327.1,0,-1.9,2.4949923,1277.6,30.5,0.018212557
749.8,3325.2,-0.1,-1.9,2.493235,1277.8,30.5,0.018058864
749.8,3323.2,0,-2,2.4917354,1278,30.5,0.017905172
749.8,3321.3,0,-1.9,2.4903107,1278.3,30.5,0.017674633
749.9,3319.4,0.1,-1.9,2.4892181,1278.5,30.5,0.017520941
749.9,3317.4,0,-2,2.4877183,1278.7,30.5,0.017367248
749.9,3315.4,0,-2,2.4862185,1278.9,30.5,0.017213556
749.8,3313.3,-0.1,-2.1,2.4843123,1279.1,30.5,0.017059863
749.8,3311.3,0,-2,2.4828127,1279.3,30.5,0.016906171
749.9,3309.3,0.1,-2,2.4816441,1279.5,30.5,0.016752478
749.9,3307.2,0,-2.1,2.4800693,1279.7,30.5,0.016598786
749.9,3305.1,0,-2.1,2.4784945,1279.9,30.5,0.016445093
749.9,3303.1,0,-2,2.4769947,1280.1,30.5,0.016291401
749.9,3301,0,-2.1,2.4754199,1280.3,30.5,0.016137708
749.9,3298.9,0,-2.1,2.4738451,1280.5,30.5,0.015984016
749.9,3296.6,0,-2.3,2.4721203,1280.8,30.5,0.015753477
749.9,3294.5,0,-2.1,2.4705456,1281,30.5,0.015599785
749.9,3292.4,0,-2.1,2.4689708,1281.2,30.5,0.015446092
749.9,3290.2,0,-2.2,2.467321,1281.4,30.5,0.0152924
749.8,3288,-0.1,-2.2,2.4653424,1281.6,30.5,0.015138707
749.9,3285.7,0.1,-2.3,2.4639464,1281.8,30.5,0.014985015
749.9,3283.5,0,-2.2,2.4622967,1282,30.5,0.014831323
749.9,3281.2,0,-2.3,2.4605719,1282.2,30.5,0.01467763
749.9,3278.9,0,-2.3,2.4588471,1282.4,30.5,0.014523938
749.9,3276.6,0,-2.3,2.4571223,1282.6,30.5,0.014370245
749.9,3274.2,0,-2.4,2.4553226,1282.8,30.5,0.014216553
749.8,3272,-0.1,-2.2,2.4533456,1283,30.5,0.01406286
749.8,3269.5,0,-2.5,2.4514711,1283.3,30.5,0.013832322
749.8,3267.1,0,-2.4,2.4496716,1283.5,30.5,0.013678629
749.9,3264.7,0.1,-2.4,2.4481985,1283.7,30.5,0.013524937
749.9,3262.2,0,-2.5,2.4463238,1283.9,30.5,0.013371244
749.9,3259.8,0,-2.4,2.444524,1284.1,30.5,0.013217552
749.9,3257.3,0,-2.5,2.4426493,1284.3,30.5,0.013063859
749.9,3254.8,0,-2.5,2.4407745,1284.5,30.5,0.012910167
749.9,3252.3,0,-2.5,2.4388998,1284.7,30.5,0.012756474
749.9,3249.7,0,-2.6,2.43695,1284.9,30.5,0.012602782
749.9,3247.2,0,-2.5,2.4350753,1285.1,30.5,0.012449089
749.9,3244.5,0,-2.7,2.4330505,1285.3,30.5,0.012295397
749.9,3241.8,0,-2.7,2.4310258,1285.5,30.5,0.012141704
749.9,3239.2,0,-2.6,2.4290761,1285.8,30.5,0.011911166
749.9,3236.5,0,-2.7,2.4270514,1286,30.5,0.011757473
749.9,3233.8,0,-2.7,2.4250266,1286.2,30.5,0.011603781
749.9,3231,0,-2.8,2.4229269,1286.4,30.5,0.011450088
749.9,3228.2,0,-2.8,2.4208272,1286.6,30.5,0.011296396
749.9,3225.4,0,-2.8,2.4187275,1286.8,30.5,0.011142703
749.9,3222.5,0,-2.9,2.4165528,1287,30.5,0.010989011
749.9,3219.6,0,-2.9,2.414378,1287.2,30.5,0.010835319
749.9,3216.6,0,-3,2.4121283,1287.4,30.6,0.010681626
749.9,3213.7,0,-2.9,2.4099536,1287.6,30.6,0.010527934
749.9,3210.7,0,-3,2.4077039,1287.8,30.6,0.010374241
749.9,3207.6,0,-3.1,2.4053792,1288,30.6,0.010220549
749.9,3204.5,0,-3.1,2.4030545,1288.2,30.6,0.010066856
749.9,3201.4,0,-3.1,2.4007299,1288.5,30.6,0.0098363175
749.9,3198.3,0,-3.1,2.3984052,1288.7,30.6,0.0096826251
749.9,3195,0,-3.3,2.3959305,1288.9,30.6,0.0095289326
749.9,3191.7,0,-3.3,2.3934558,1289.1,30.6,0.0093752401
749.9,3188.4,0,-3.3,2.3909812,1289.3,30.6,0.0092215477
749.9,3185,0,-3.4,2.3884315,1289.5,30.6,0.0090678552
749.9,3181.5,0,-3.5,2.3858069,1289.7,30.6,0.0089141628
749.9,3178,0,-3.5,2.3831822,1289.9,30.6,0.0087604703
749.9,3174.4,0,-3.6,2.3804826,1290.1,30.6,0.0086067778
749.9,3170.8,0,-3.6,2.3777829,1290.3,30.6,0.0084530854
749.9,3167.1,0,-3.7,2.3750083,1290.5,30.6,0.0082993929
749.9,3163.4,0,-3.7,2.3722337,1290.7,30.6,0.0081457005
749.9,3159.5,0,-3.9,2.3693091,1291,30.6,0.0079151618
749.9,3155.6,0,-3.9,2.3663844,1291.2,30.6,0.0077614693
749.9,3151.6,0,-4,2.3633848,1291.4,30.6,0.0076077768
749.9,3147.4,0,-4.2,2.3602353,1291.6,30.6,0.0074540844
749.9,3143.2,0,-4.2,2.3570857,1291.8,30.6,0.0073003919
749.9,3139,0,-4.2,2.3539361,1292,30.6,0.0071466995
749.9,3134.5,0,-4.5,2.3505616,1292.2,30.6,0.006993007
749.9,3129.9,0,-4.6,2.347112,1292.4,30.6,0.0068393145
749.9,3125.2,0,-4.7,2.3435875,1292.6,30.6,0.0066856221
749.9,3120.6,0,-4.6,2.3401379,1292.8,30.6,0.0065319296
749.9,3115.6,0,-5,2.3363884,1293,30.6,0.0063782371
749.9,3110.6,0,-5,2.3326389,1293.2,30.6,0.0062245447
749.9,3105.3,0,-5.3,2.3286645,1293.5,30.6,0.005994006
749.9,3100.1,0,-5.2,2.324765,1293.7,30.6,0.0058403135
749.9,3094.6,0,-5.5,2.3206405,1293.9,30.6,0.0056866211
749.9,3089,0,-5.6,2.3164411,1294.1,30.6,0.0055329286
749.9,3083.2,0,-5.8,2.3120917,1294.3,30.6,0.0053792361
749.9,3077.4,0,-5.8,2.3077423,1294.5,30.6,0.0052255437
749.9,3071.3,0,-6.1,2.3031679,1294.7,30.6,0.0050718512
749.9,3065,0,-6.3,2.2984435,1294.9,30.6,0.0049181588
749.9,3058.5,0,-6.5,2.2935692,1295.1,30.6,0.0047644663
749.8,3052,-0.1,-6.5,2.2883896,1295.3,30.6,0.0046107738
749.9,3045.1,0.1,-6.9,2.2835205,1295.5,30.6,0.0044570814
749.9,3038.1,0,-7,2.2782712,1295.7,30.6,0.0043033889
749.9,3030.8,0,-7.3,2.2727969,1296,30.6,0.0040728502
749.9,3023.5,0,-7.3,2.2673227,1296.2,30.6,0.0039191578
749.9,3015.7,0,-7.8,2.2614734,1296.4,30.6,0.0037654653
749.9,3007.7,0,-8,2.2554742,1296.6,30.6,0.0036117728
749.9,2999.4,0,-8.3,2.2492501,1296.8,30.6,0.0034580804
749.9,2990.9,0,-8.5,2.2428759,1297,30.6,0.0033043879
749.9,2982.2,0,-8.7,2.2363518,1297.2,30.6,0.0031506955
749.9,2973,0,-9.2,2.2294527,1297.4,30.6,0.002997003
749.9,2963.5,0,-9.5,2.2223286,1297.6,30.6,0.0028433105
749.9,2953.7,0,-9.8,2.2149796,1297.8,30.6,0.0026896181
749.9,2943.7,0,-10,2.2074806,1298,30.6,0.0025359256
749.9,2933.3,0,-10.4,2.1996817,1298.2,30.6,0.0023822332
749.9,2922.5,0,-10.8,2.1915827,1298.5,30.6,0.0021516945
749.8,2911.4,-0.1,-11.1,2.1829677,1298.7,30.6,0.001998002
749.8,2900.3,0,-11.1,2.1746449,1298.9,30.6,0.0018443095
749.9,2888.7,0.1,-11.6,2.1662361,1299.1,30.6,0.0016906171
749.9,2876.8,0,-11.9,2.1573123,1299.3,30.6,0.0015369246
749.9,2864.7,0,-12.1,2.1482385,1299.5,30.6,0.0013832322
749.9,2852.3,0,-12.4,2.1389398,1299.7,30.6,0.0012295397
749.9,2839.9,0,-12.4,2.129641,1299.9,30.6,0.0010758472
749.9,2827.1,0,-12.8,2.1200423,1300.1,30.6,0.00092215477
749.9,2814.1,0,-13,2.1102936,1300.3,30.6,0.00076846231
749.9,2800.9,0,-13.2,2.1003949,1300.5,30.6,0.00061476985
749.9,2787.8,0,-13.1,2.0905712,1300.7,30.6,0.00046107738
749.9,2774.3,0,-13.5,2.0804476,1301,30.6,0.00023053869
749.9,2760.6,0,-13.7,2.0701739,1301.2,30.6,7.6846231e-05
749.9,2749.5,0,-11.1,2.06185,1301.3,30.6,0
