Current(mA),Voltage(mV),dI(mA),dV(mV),Power(W),RawCapacity(mAh),T(C),SOC
0,4196.9,0,0,0,0,29.8,1
0,4196.6,0,-0.3,0,0,29.8,1
0,4196.2,0,-0.4,0,0,29.8,1
0,4195.9,0,-0.3,0,0,29.8,1
0,4195.6,0,-0.3,0,0,29.8,1
0,4195.4,0,-0.2,0,0,29.8,1
0,4195.2,0,-0.2,0,0,29.8,1
0,4195,0,-0.2,0,0,29.8,1
0,4194.8,0,-0.2,0,0,29.8,1
0,4194.6,0,-0.2,0,0,29.8,1
0,4194.4,0,-0.2,0,0,29.8,1
0,4194.3,0,-0.1,0,0,29.8,1
0,4194.1,0,-0.2,0,0,29.8,1
0,4193.9,0,-0.2,0,0,29.8,1
0,4193.8,0,-0.1,0,0,29.8,1
0,4193.7,0,-0.1,0,0,29.8,1
0,4193.5,0,-0.2,0,0,29.8,1
0,4193.4,0,-0.1,0,0,29.8,1
0,4193.2,0,-0.2,0,0,29.8,1
0,4193.1,0,-0.1,0,0,29.8,1
0,4192.9,0,-0.2,0,0,29.8,1
0,4192.8,0,-0.1,0,0,29.8,1
0,4192.7,0,-0.1,0,0,29.8,1
0,4192.5,0,-0.2,0,0,29.8,1
0,4192.4,0,-0.1,0,0,29.8,1
0,4192.3,0,-0.1,0,0,29.8,1
0,4192.2,0,-0.1,0,0,29.8,1
0,4192.1,0,-0.1,0,0,29.8,1
0,4191.9,0,-0.2,0,0,29.8,1
0,4191.8,0,-0.1,0,0,29.8,1
0,4191.7,0,-0.1,0,0,29.8,1
0,4191.6,0,-0.1,0,0,29.8,1
0,4191.5,0,-0.1,0,0,29.8,1
0,4191.4,0,-0.1,0,0,29.8,1
0,4191.3,0,-0.1,0,0,29.8,1
0,4191.1,0,-0.2,0,0,29.8,1
0,4191,0,-0.1,0,0,29.8,1
0,4191,0,0,0,0,29.8,1
0,4190.8,0,-0.2,0,0,29.8,1
0,4190.8,0,0,0,0,29.8,1
0,4190.6,0,-0.2,0,0,29.8,1
0,4190.5,0,-0.1,0,0,29.8,1
0,4190.4,0,-0.1,0,0,29.8,1
0,4190.3,0,-0.1,0,0,29.8,1
0,4190.2,0,-0.1,0,0,29.8,1
0,4190.1,0,-0.1,0,0,29.8,1
0,4190,0,-0.1,0,0,29.8,1
0,4189.9,0,-0.1,0,0,29.8,1
0,4189.8,0,-0.1,0,0,29.8,1
0,4189.7,0,-0.1,0,0,29.8,1
0,4189.6,0,-0.1,0,0,29.8,1
0,4189.6,0,0,0,0,29.8,1
0,4189.5,0,-0.1,0,0,29.8,1
0,4189.4,0,-0.1,0,0,29.8,1
0,4189.3,0,-0.1,0,0,29.8,1
0,4189.2,0,-0.1,0,0,29.8,1
0,4189.1,0,-0.1,0,0,29.8,1
0,4189,0,-0.1,0,0,29.8,1
0,4188.9,0,-0.1,0,0,29.8,1
0,4188.9,0,0,0,0,29.8,1
0,4188.8,0,-0.1,0,0,29.8,1
0,4188.7,0,-0.1,0,0,29.8,1
0,4188.6,0,-0.1,0,0,29.8,1
0,4188.6,0,0,0,0,29.8,1
0,4188.4,0,-0.2,0,0,29.8,1
0,4188.3,0,-0.1,0,0,29.8,1
0,4188.3,0,0,0,0,29.8,1
0,4188.2,0,-0.1,0,0,29.8,1
0,4188.1,0,-0.1,0,0,29.8,1
0,4188,0,-0.1,0,0,29.8,1
0,4187.9,0,-0.1,0,0,29.8,1
0,4187.9,0,0,0,0,29.8,1
0,4187.8,0,-0.1,0,0,29.8,1
0,4187.7,0,-0.1,0,0,29.8,1
0,4187.6,0,-0.1,0,0,29.8,1
0,4187.5,0,-0.1,0,0,29.8,1
0,4187.5,0,0,0,0,29.8,1
0,4187.4,0,-0.1,0,0,29.8,1
0,4187.3,0,-0.1,0,0,29.8,1
0,4187.2,0,-0.1,0,0,29.8,1
0,4187.2,0,0,0,0,29.8,1
0,4187.1,0,-0.1,0,0,29.8,1
0,4187.1,0,0,0,0,29.8,1
0,4187,0,-0.1,0,0,29.8,1
0,4186.9,0,-0.1,0,0,29.8,1
0,4186.8,0,-0.1,0,0,29.8,1
0,4186.8,0,0,0,0,29.8,1
0,4186.7,0,-0.1,0,0,29.8,1
0,4186.6,0,-0.1,0,0,29.8,1
0,4186.5,0,-0.1,0,0,29.8,1
0,4186.5,0,0,0,0,29.8,1
0,4186.4,0,-0.1,0,0,29.8,1
0,4186.3,0,-0.1,0,0,29.8,1
0,4186.3,0,0,0,0,29.8,1
0,4186.2,0,-0.1,0,0,29.8,1
0,4186.1,0,-0.1,0,0,29.8,1
0,4186,0,-0.1,0,0,29.8,1
0,4186,0,0,0,0,29.8,1
0,4185.9,0,-0.1,0,0,29.8,1
0,4185.8,0,-0.1,0,0,29.8,1
0,4185.8,0,0,0,0,29.8,1
0,4185.7,0,-0.1,0,0,29.8,1
0,4185.6,0,-0.1,0,0,29.8,1
0,4185.5,0,-0.1,0,0,29.8,1
0,4185.5,0,0,0,0,29.8,1
0,4185.5,0,0,0,0,29.8,1
0,4185.4,0,-0.1,0,0,29.8,1
0,4185.3,0,-0.1,0,0,29.8,1
0,4185.2,0,-0.1,0,0,29.8,1
0,4185.2,0,0,0,0,29.8,1
0,4185.1,0,-0.1,0,0,29.8,1
0,4185.1,0,0,0,0,29.8,1
0,4185,0,-0.1,0,0,29.8,1
0,4184.9,0,-0.1,0,0,29.8,1
0,4184.9,0,0,0,0,29.8,1
0,4184.7,0,-0.2,0,0,29.8,1
0,4184.7,0,0,0,0,29.8,1
0,4184.6,0,-0.1,0,0,29.8,1
0,4184.6,0,0,0,0,29.8,1
0,4184.5,0,-0.1,0,0,29.8,1
0,4184.4,0,-0.1,0,0,29.8,1
0,4184.4,0,0,0,0,29.8,1
0,4184.3,0,-0.1,0,0,29.8,1
0,4184.3,0,0,0,0,29.8,1
0,4184.2,0,-0.1,0,0,29.8,1
0,4184.1,0,-0.1,0,0,29.8,1
0,4184.1,0,0,0,0,29.8,1
0,4184,0,-0.1,0,0,29.8,1
0,4184,0,0,0,0,29.8,1
0,4183.9,0,-0.1,0,0,29.8,1
0,4183.9,0,0,0,0,29.8,1
0,4183.8,0,-0.1,0,0,29.8,1
0,4183.7,0,-0.1,0,0,29.8,1
0,4183.7,0,0,0,0,29.8,1
0,4183.6,0,-0.1,0,0,29.8,1
0,4183.6,0,0,0,0,29.8,1
0,4183.5,0,-0.1,0,0,29.8,1
0,4183.4,0,-0.1,0,0,29.8,1
0,4183.4,0,0,0,0,29.8,1
0,4183.4,0,0,0,0,29.8,1
0,4183.3,0,-0.1,0,0,29.8,1
0,4183.2,0,-0.1,0,0,29.8,1
0,4183.1,0,-0.1,0,0,29.8,1
0,4183.1,0,0,0,0,29.8,1
0,4183.1,0,0,0,0,29.8,1
0,4183,0,-0.1,0,0,29.8,1
0,4182.9,0,-0.1,0,0,29.8,1
0,4182.8,0,-0.1,0,0,29.8,1
0,4182.8,0,0,0,0,29.8,1
0,4182.7,0,-0.1,0,0,29.8,1
0,4182.7,0,0,0,0,29.8,1
0,4182.6,0,-0.1,0,0,29.8,1
0,4182.6,0,0,0,0,29.8,1
0,4182.5,0,-0.1,0,0,29.8,1
0,4182.5,0,0,0,0,29.8,1
0,4182.4,0,-0.1,0,0,29.8,1
0,4182.4,0,0,0,0,29.8,1
0,4182.3,0,-0.1,0,0,29.8,1
0,4182.3,0,0,0,0,29.8,1
0,4182.2,0,-0.1,0,0,29.8,1
0,4182.2,0,0,0,0,29.8,1
0,4182.1,0,-0.1,0,0,29.8,1
0,4182,0,-0.1,0,0,29.8,1
0,4182,0,0,0,0,29.8,1
0,4181.9,0,-0.1,0,0,29.8,1
0,4181.9,0,0,0,0,29.8,1
0,4181.8,0,-0.1,0,0,29.8,1
0,4181.8,0,0,0,0,29.8,1
0,4181.7,0,-0.1,0,0,29.8,1
0,4181.6,0,-0.1,0,0,29.8,1
0,4181.6,0,0,0,0,29.8,1
0,4181.6,0,0,0,0,29.8,1
0,4181.5,0,-0.1,0,0,29.8,1
0,4181.4,0,-0.1,0,0,29.8,1
0,4181.4,0,0,0,0,29.8,1
0,4181.4,0,0,0,0,29.8,1
0,4181.3,0,-0.1,0,0,29.8,1
0,4181.2,0,-0.1,0,0,29.8,1
0,4181.2,0,0,0,0,29.8,1
0,4181.1,0,-0.1,0,0,29.8,1
0,4181.1,0,0,0,0,29.8,1
0,4181.1,0,0,0,0,29.8,1
0,4181,0,-0.1,0,0,29.8,1
0,4181,0,0,0,0,29.8,1
0,4180.9,0,-0.1,0,0,29.8,1
0,4180.8,0,-0.1,0,0,29.8,1
0,4180.8,0,0,0,0,29.8,1
0,4180.7,0,-0.1,0,0,29.8,1
0,4180.7,0,0,0,0,29.8,1
0,4180.6,0,-0.1,0,0,29.8,1
0,4180.6,0,0,0,0,29.8,1
0,4180.5,0,-0.1,0,0,29.8,1
0,4180.5,0,0,0,0,29.8,1
0,4180.4,0,-0.1,0,0,29.8,1
0,4180.4,0,0,0,0,29.8,1
0,4180.3,0,-0.1,0,0,29.8,1
0,4180.3,0,0,0,0,29.8,1
0,4180.2,0,-0.1,0,0,29.8,1
0,4180.2,0,0,0,0,29.8,1
0,4180.2,0,0,0,0,29.8,1
0,4180.1,0,-0.1,0,0,29.8,1
0,4180,0,-0.1,0,0,29.8,1
0,4180,0,0,0,0,29.8,1
0,4180,0,0,0,0,29.8,1
0,4179.9,0,-0.1,0,0,29.8,1
0,4179.9,0,0,0,0,29.8,1
0,4179.8,0,-0.1,0,0,29.8,1
0,4179.8,0,0,0,0,29.8,1
0,4179.7,0,-0.1,0,0,29.8,1
0,4179.7,0,0,0,0,29.8,1
0,4179.6,0,-0.1,0,0,29.8,1
0,4179.6,0,0,0,0,29.8,1
0,4179.5,0,-0.1,0,0,29.8,1
0,4179.5,0,0,0,0,29.8,1
0,4179.4,0,-0.1,0,0,29.8,1
0,4179.4,0,0,0,0,29.8,1
0,4179.4,0,0,0,0,29.8,1
0,4179.3,0,-0.1,0,0,29.8,1
0,4179.3,0,0,0,0,29.8,1
0,4179.2,0,-0.1,0,0,29.8,1
0,4179.2,0,0,0,0,29.8,1
0,4179.1,0,-0.1,0,0,29.8,1
0,4179.1,0,0,0,0,29.8,1
0,4179,0,-0.1,0,0,29.8,1
0,4179,0,0,0,0,29.8,1
0,4179,0,0,0,0,29.8,1
0,4178.9,0,-0.1,0,0,29.8,1
0,4178.9,0,0,0,0,29.8,1
0,4178.8,0,-0.1,0,0,29.8,1
0,4178.8,0,0,0,0,29.8,1
0,4178.7,0,-0.1,0,0,29.8,1
0,4178.7,0,0,0,0,29.8,1
0,4178.7,0,0,0,0,29.8,1
0,4178.6,0,-0.1,0,0,29.8,1
0,4178.6,0,0,0,0,29.8,1
0,4178.5,0,-0.1,0,0,29.8,1
0,4178.5,0,0,0,0,29.8,1
0,4178.4,0,-0.1,0,0,29.8,1
0,4178.4,0,0,0,0,29.8,1
0,4178.4,0,0,0,0,29.8,1
0,4178.3,0,-0.1,0,0,29.8,1
0,4178.2,0,-0.1,0,0,29.8,1
0,4178.2,0,0,0,0,29.8,1
0,4178.2,0,0,0,0,29.8,1
0,4178.1,0,-0.1,0,0,29.8,1
0,4178.1,0,0,0,0,29.8,1
0,4178,0,-0.1,0,0,29.8,1
0,4178,0,0,0,0,29.8,1
0,4178,0,0,0,0,29.8,1
0,4177.9,0,-0.1,0,0,29.8,1
0,4177.9,0,0,0,0,29.8,1
0,4177.8,0,-0.1,0,0,29.8,1
0,4177.8,0,0,0,0,29.8,1
0,4177.7,0,-0.1,0,0,29.8,1
0,4177.7,0,0,0,0,29.8,1
0,4177.7,0,0,0,0,29.8,1
0,4177.7,0,0,0,0,29.8,1
0,4177.6,0,-0.1,0,0,29.8,1
0,4177.5,0,-0.1,0,0,29.8,1
0,4177.5,0,0,0,0,29.8,1
0,4177.5,0,0,0,0,29.8,1
0,4177.4,0,-0.1,0,0,29.8,1
0,4177.4,0,0,0,0,29.8,1
0,4177.3,0,-0.1,0,0,29.8,1
0,4177.3,0,0,0,0,29.8,1
0,4177.3,0,0,0,0,29.8,1
0,4177.2,0,-0.1,0,0,29.8,1
0,4177.2,0,0,0,0,29.8,1
0,4177.1,0,-0.1,0,0,29.8,1
0,4177.1,0,0,0,0,29.8,1
0,4177.1,0,0,0,0,29.8,1
0,4177,0,-0.1,0,0,29.8,1
0,4177,0,0,0,0,29.8,1
0,4176.9,0,-0.1,0,0,29.8,1
0,4176.9,0,0,0,0,29.8,1
0,4176.8,0,-0.1,0,0,29.8,1
0,4176.8,0,0,0,0,29.8,1
0,4176.8,0,0,0,0,29.8,1
0,4176.7,0,-0.1,0,0,29.8,1
0,4176.7,0,0,0,0,29.8,1
0,4176.6,0,-0.1,0,0,29.8,1
0,4176.6,0,0,0,0,29.8,1
0,4176.6,0,0,0,0,29.8,1
0,4176.6,0,0,0,0,29.8,1
0,4176.5,0,-0.1,0,0,29.8,1
0,4176.4,0,-0.1,0,0,29.8,1
0,4176.4,0,0,0,0,29.8,1
0,4176.3,0,-0.1,0,0,29.8,1
0,4176.3,0,0,0,0,29.8,1
0,4176.3,0,0,0,0,29.8,1
0,4176.3,0,0,0,0,29.8,1
0,4176.2,0,-0.1,0,0,29.8,1
0,4176.2,0,0,0,0,29.8,1
0,4176.2,0,0,0,0,29.8,1
0,4176.1,0,-0.1,0,0,29.8,1
0,4176.1,0,0,0,0,29.8,1
0,4176,0,-0.1,0,0,29.8,1
0,4176,0,0,0,0,29.8,1
0,4175.9,0,-0.1,0,0,29.8,1
0,4175.9,0,0,0,0,29.8,1
0,4175.9,0,0,0,0,29.8,1
817.9,4139.5,817.9,-36.4,3.385697,0.2,29.8,0.99984473
1658.1,4099.2,840.2,-40.3,6.7968835,0.7,29.8,0.99945656
1630,4094.1,-28.1,-5.1,6.673383,1.1,29.8,0.99914603
1621,4089.4,-9,-4.7,6.6289174,1.6,29.8,0.99875786
1643.8,4084.2,22.8,-5.2,6.713608,2,29.8,0.99844733
1657,4079.7,13.2,-4.5,6.7600629,2.5,29.8,0.99805916
1631,4077.2,-26,-2.5,6.6499132,3,29.8,0.99767099
1632.1,4073.9,1.1,-3.3,6.6490122,3.4,29.8,0.99736045
1631.2,4071,-0.9,-2.9,6.6406152,3.9,29.8,0.99697228
1641.1,4067.8,9.9,-3.2,6.6756666,4.3,29.8,0.99666175
1644,4064.9,2.9,-2.9,6.6826956,4.8,29.8,0.99627358
1629.9,4063,-14.1,-1.9,6.6222837,5.2,29.8,0.99596305
1644,4060,14.1,-3,6.67464,5.7,29.8,0.99557488
1636,4058.1,-8,-1.9,6.6390516,6.1,29.8,0.99526434
1637,4055.9,1,-2.2,6.6395083,6.6,29.8,0.99487617
1632.1,4054,-4.9,-1.9,6.6165334,7.1,29.8,0.99448801
1637.1,4051.8,5,-2.2,6.6332018,7.5,29.8,0.99417747
1644.1,4049.6,7,-2.2,6.6579474,8,29.8,0.9937893
1631,4048.3,-13.1,-1.3,6.6027773,8.4,29.8,0.99347877
1629.9,4046.5,-1.1,-1.8,6.5953903,8.9,29.8,0.9930906
1631,4044.8,1.1,-1.7,6.5970688,9.3,29.8,0.99278006
1630,4043.2,-1,-1.6,6.590416,9.8,29.8,0.9923919
1622,4041.9,-8,-1.3,6.5559618,10.2,29.8,0.99208136
1642.1,4039.5,20.1,-2.4,6.6332629,10.7,29.8,0.99169319
1642.1,4038,0,-1.5,6.6307998,11.1,29.8,0.99138266
1643.1,4036.5,1,-1.5,6.6323732,11.6,29.8,0.99099449
1623.1,4035.8,-20,-0.7,6.550507,12,29.8,0.99068395
1643.1,4033.7,20,-2.1,6.6277725,12.5,29.8,0.99029578
1661.8,4031.5,18.7,-2.2,6.6995467,13,29.8,0.98990762
1638.1,4031.1,-23.7,-0.4,6.6033449,13.4,29.8,0.98959708
1635,4030,-3.1,-1.1,6.58905,13.9,29.8,0.98920891
1625,4029.2,-10,-0.8,6.54745,14.3,29.8,0.98889838
1628.2,4027.8,3.2,-1.4,6.558064,14.8,29.8,0.98851021
1628.2,4026.7,0,-1.1,6.5562729,15.2,29.8,0.98819967
1636.1,4025.2,7.9,-1.5,6.5856297,15.7,29.8,0.98781151
1626.9,4024.5,-9.2,-0.7,6.547459,16.1,29.8,0.98750097
1627.9,4023.3,1,-1.2,6.5495301,16.6,29.8,0.9871128
1638,4021.9,10.1,-1.4,6.5878722,17,29.8,0.98680227
1633,4021,-5,-0.9,6.566293,17.5,29.8,0.9864141
1620,4020.5,-13,-0.5,6.51321,17.9,29.8,0.98610356
1645,4018.6,25,-1.9,6.610597,18.4,29.8,0.98571539
1640.1,4017.7,-4.9,-0.9,6.5894298,18.9,29.8,0.98532723
1641.1,4016.7,1,-1,6.5918064,19.3,29.8,0.98501669
1648.9,4015.5,7.8,-1.2,6.621158,19.8,29.8,0.98462852
1639.9,4014.9,-9,-0.6,6.5840345,20.2,29.8,0.98431799
1633,4014.2,-6.9,-0.7,6.5551886,20.7,29.8,0.98392982
1630,4013.5,-3,-0.7,6.542005,21.1,29.8,0.98361928
1624.1,4012.9,-5.9,-0.6,6.5173509,21.6,29.8,0.98323112
1639,4011.4,14.9,-1.5,6.5746846,22,29.8,0.98292058
1629.9,4011,-9.1,-0.4,6.5375289,22.5,29.8,0.98253241
1649,4009.4,19.1,-1.6,6.6115006,23,29.8,0.98214424
1635,4009.1,-14,-0.3,6.5548785,23.4,29.8,0.98183371
1631.3,4008.5,-3.7,-0.6,6.539066,23.9,29.8,0.98144554
1638,4007.5,6.7,-1,6.564285,24.3,29.8,0.98113501
1624,4007.2,-14,-0.3,6.5076928,24.8,29.8,0.98074684
1628.9,4006.3,4.9,-0.9,6.5258621,25.2,29.8,0.9804363
1630,4005.5,1.1,-0.8,6.528965,25.7,29.8,0.98004813
1653.1,4003.9,23.1,-1.6,6.6188471,26.1,29.8,0.9797376
1643,4003.6,-10.1,-0.3,6.5779148,26.6,29.8,0.97934943
1632.9,4003.3,-10.1,-0.3,6.5369886,27,29.8,0.97903889
1658,4001.6,25.1,-1.7,6.6346528,27.5,29.8,0.97865073
1634,4001.8,-24,0.2,6.5389412,28,29.8,0.97826256
1639.1,4000.9,5.1,-0.9,6.5578752,28.4,29.8,0.97795202
1652.1,3999.8,13,-1.1,6.6080696,28.9,29.8,0.97756385
1636.1,3999.7,-16,-0.1,6.5439092,29.3,29.8,0.97725332
1632,3999.3,-4.1,-0.4,6.5268576,29.8,29.8,0.97686515
1629,3998.8,-3,-0.5,6.5140452,30.2,29.8,0.97655462
1636.9,3997.8,7.9,-1,6.5439988,30.7,29.8,0.97616645
1636,3997.3,-0.9,-0.5,6.5395828,31.1,29.8,0.97585591
1633,3996.8,-3,-0.5,6.5267744,31.6,29.8,0.97546774
1635.1,3996.1,2.1,-0.7,6.5340231,32,29.8,0.97515721
1647.2,3995.1,12.1,-1,6.5807287,32.5,29.8,0.97476904
1653,3994.2,5.8,-0.9,6.6024126,33,29.8,0.97438087
1638.9,3994.2,-14.1,0,6.5460944,33.4,29.8,0.97407034
1632.9,3993.9,-6,-0.3,6.5216393,33.9,29.8,0.97368217
1640.9,3993,8,-0.9,6.5521137,34.3,29.8,0.97337163
1643.9,3992.3,3,-0.7,6.562942,34.8,29.8,0.97298346
1630.9,3992.3,-13,0,6.5110421,35.2,29.8,0.97267293
1638,3991.6,7.1,-0.7,6.5382408,35.7,29.8,0.97228476
1634,3991.2,-4,-0.4,6.5216208,36.1,29.8,0.97197423
1640.1,3990.4,6.1,-0.8,6.544655,36.6,29.8,0.97158606
1623.9,3990.6,-16.2,0.2,6.4803353,37.1,29.8,0.97119789
1648.9,3989.1,25,-1.5,6.577627,37.5,29.8,0.97088735
1640,3988.9,-8.9,-0.2,6.541796,38,29.8,0.97049918
1641.1,3988.4,1.1,-0.5,6.5453632,38.4,29.8,0.97018865
1641.2,3988,0.1,-0.4,6.5451056,38.9,29.8,0.96980048
1650,3987.1,8.8,-0.9,6.578715,39.3,29.8,0.96948995
1632.9,3987.3,-17.1,0.2,6.5108622,39.8,29.8,0.96910178
1639,3986.6,6.1,-0.7,6.5340374,40.2,29.8,0.96879124
1636.1,3986.3,-2.9,-0.3,6.5219854,40.7,29.8,0.96840307
1641.9,3985.6,5.8,-0.7,6.5439566,41.2,29.8,0.96801491
1631.9,3985.5,-10,-0.1,6.5039374,41.6,29.8,0.96770437
1646,3984.5,14.1,-1,6.558487,42.1,29.8,0.9673162
1635.1,3984.5,-10.9,0,6.5150559,42.5,29.8,0.96700567
1625.2,3984.5,-9.9,0,6.4756094,43,29.8,0.9666175
1634.9,3983.7,9.7,-0.8,6.5129511,43.4,29.8,0.96630696
1629,3983.5,-5.9,-0.2,6.4891215,43.9,29.8,0.9659188
1628.1,3983.1,-0.9,-0.4,6.4848851,44.3,29.8,0.96560826
1643,3982.1,14.9,-1,6.5425903,44.8,29.8,0.96522009
1614.1,3982.8,-28.9,0.7,6.4286375,45.2,29.8,0.96490956
1640.9,3981.4,26.8,-1.4,6.5330793,45.7,29.8,0.96452139
1637.1,3981.1,-3.8,-0.3,6.5174588,46.1,29.8,0.96421085
1619,3981.4,-18.1,0.3,6.4458866,46.6,29.8,0.96382268
1622,3981,3,-0.4,6.457182,47,29.8,0.96351215
1648,3979.6,26,-1.4,6.5583808,47.5,29.8,0.96312398
1641.2,3979.5,-6.8,-0.1,6.5311554,48,29.8,0.96273581
1636.9,3979.2,-4.3,-0.3,6.5135525,48.4,29.8,0.96242528
1630,3979.1,-6.9,-0.1,6.485933,48.9,29.8,0.96203711
1631.2,3978.7,1.2,-0.4,6.4900554,49.3,29.8,0.96172657
1631.9,3978.3,0.7,-0.4,6.4921878,49.8,29.8,0.96133841
1628.1,3978.1,-3.8,-0.2,6.4767446,50.2,29.8,0.96102787
1976,3964.2,347.9,-13.9,7.8332592,50.8,29.8,0.96056207
2320,3949.7,344,-14.5,9.163304,51.4,29.8,0.96009627
2325,3948,5,-1.7,9.1791,52.1,29.8,0.95955283
2316.9,3947,-8.1,-1,9.1448043,52.7,29.8,0.95908703
2314,3946,-2.9,-1,9.131044,53.4,29.8,0.95854359
2317.9,3944.7,3.9,-1.3,9.1434201,54,29.8,0.95807779
2318.9,3943.6,1,-1.1,9.144814,54.6,29.8,0.95761199
2305,3943.2,-13.9,-0.4,9.089076,55.3,29.8,0.95706855
2326.1,3941.5,21.1,-1.7,9.1683231,55.9,29.8,0.95660275
2322.9,3940.7,-3.2,-0.8,9.153852,56.6,29.8,0.95605931
2319,3940,-3.9,-0.7,9.13686,57.2,29.8,0.95559351
2307,3939.6,-12,-0.4,9.0886572,57.9,29.8,0.95505007
2319.1,3938.4,12.1,-1.2,9.1335434,58.5,29.8,0.95458427
2318.9,3937.6,-0.2,-0.8,9.1309006,59.1,29.8,0.95411847
2328,3936.4,9.1,-1.2,9.1639392,59.8,29.8,0.95357503
2307.1,3936.5,-20.9,0.1,9.0818992,60.4,29.8,0.95310923
2302.9,3935.9,-4.2,-0.6,9.0639841,61.1,29.8,0.95256579
2322.9,3934.5,20,-1.4,9.1394501,61.7,29.8,0.95209999
2324.1,3933.8,1.2,-0.7,9.1425446,62.4,29.8,0.95155656
2309.1,3933.6,-15,-0.2,9.0830758,63,29.8,0.95109075
2317,3932.7,7.9,-0.9,9.1120659,63.6,29.8,0.95062495
2315.2,3932.1,-1.8,-0.6,9.1035979,64.3,29.8,0.95008152
2319.9,3931.3,4.7,-0.8,9.1202229,64.9,29.8,0.94961571
2324,3930.5,4.1,-0.8,9.134482,65.6,29.8,0.94907228
2303.9,3930.7,-20.1,0.2,9.0559397,66.2,29.8,0.94860647
2311,3929.8,7.1,-0.9,9.0817678,66.9,29.8,0.94806304
2314.1,3929.1,3.1,-0.7,9.0923303,67.5,29.8,0.94759724
2314.9,3928.5,0.8,-0.6,9.0940847,68.1,29.9,0.94713143
2321,3927.7,6.1,-0.8,9.1161917,68.8,29.9,0.946588
2316.9,3927.3,-4.1,-0.4,9.0991614,69.4,29.9,0.9461222
2316.1,3926.8,-0.8,-0.5,9.0948615,70.1,29.9,0.94557876
2326,3925.9,9.9,-0.9,9.1316434,70.7,29.9,0.94511296
2335.9,3924.9,9.9,-1,9.1681739,71.4,29.9,0.94456952
2320,3925,-15.9,0.1,9.106,72,29.9,0.94410372
2326,3924.2,6,-0.8,9.1276892,72.7,29.9,0.94356028
2316.1,3924.1,-9.9,-0.1,9.088608,73.3,29.9,0.94309448
2327.9,3923.1,11.8,-1,9.1325845,74,29.9,0.94255104
2319.1,3923,-8.8,-0.1,9.0978293,74.6,29.9,0.94208524
2338.9,3921.8,19.8,-1.2,9.172698,75.2,29.9,0.94161944
2325.1,3921.8,-13.8,0,9.1185772,75.9,29.9,0.941076
2326.9,3921.3,1.8,-0.5,9.124473,76.5,29.9,0.9406102
2327,3920.8,0.1,-0.5,9.1237016,77.2,29.9,0.94006677
2328,3920.3,1,-0.5,9.1264584,77.8,29.9,0.93960096
2308.9,3920.6,-19.1,0.3,9.0522733,78.5,29.9,0.93905753
2326,3919.5,17.1,-1.1,9.116757,79.1,29.9,0.93859172
2314.9,3919.5,-11.1,0,9.0732506,79.8,29.9,0.93804829
2319.1,3918.9,4.2,-0.6,9.088321,80.4,29.9,0.93758249
2330.9,3918,11.8,-0.9,9.1324662,81.1,29.9,0.93703905
2323.1,3917.9,-7.8,-0.1,9.1016735,81.7,29.9,0.93657325
2323,3917.5,-0.1,-0.4,9.1003525,82.3,29.9,0.93610745
2324,3917.1,1,-0.4,9.1033404,83,29.9,0.93556401
2326,3916.6,2,-0.5,9.1100116,83.6,29.9,0.93509821
2311,3916.8,-15,0.2,9.0517248,84.3,29.9,0.93455477
2322,3916,11,-0.8,9.092952,84.9,29.9,0.93408897
2331,3915.2,9,-0.8,9.1263312,85.6,29.9,0.93354553
2326,3915,-5,-0.2,9.10629,86.2,29.9,0.93307973
2316.9,3915,-9.1,0,9.0706635,86.9,29.9,0.93253629
2327,3914.3,10.1,-0.7,9.1085761,87.5,29.9,0.93207049
2304.9,3914.8,-22.1,0.5,9.0232225,88.1,29.9,0.93160469
2309.1,3914.3,4.2,-0.5,9.0385101,88.8,29.9,0.93106125
2314.9,3913.7,5.8,-0.6,9.0598241,89.4,29.9,0.93059545
2315.1,3913.4,0.2,-0.3,9.0599123,90.1,29.9,0.93005201
2322.9,3912.7,7.8,-0.7,9.0888108,90.7,29.9,0.92958621
2336.1,3911.9,13.2,-0.8,9.1385896,91.4,29.9,0.92904278
2305,3912.7,-31.1,0.8,9.0187735,92,29.9,0.92857697
2309,3912.3,4,-0.4,9.0335007,92.7,29.9,0.92803354
2309,3911.9,0,-0.4,9.0325771,93.3,29.9,0.92756774
2312,3911.5,3,-0.4,9.043388,93.9,29.9,0.92710193
2309,3911.3,-3,-0.2,9.0311917,94.6,29.9,0.9265585
2312.1,3910.8,3.1,-0.5,9.0421607,95.2,29.9,0.92609269
2317,3910.4,4.9,-0.4,9.0603968,95.9,29.9,0.92554926
2298.1,3910.8,-18.9,0.4,8.9874095,96.5,29.9,0.92508346
2323.9,3909.5,25.8,-1.3,9.085287,97.1,29.9,0.92461765
2321.1,3909.3,-2.8,-0.2,9.0738762,97.8,29.9,0.92407422
2319.1,3909,-2,-0.3,9.0653619,98.4,29.9,0.92360842
2327.9,3908.3,8.8,-0.7,9.0981316,99.1,30,0.92306498
2315,3908.6,-12.9,0.3,9.048409,99.7,29.9,0.92259918
2309.1,3908.5,-5.9,-0.1,9.0251174,100.4,29.9,0.92205574
2314,3908,4.9,-0.5,9.043112,101,30,0.92158994
2330.9,3907,16.9,-1,9.1068263,101.7,30,0.9210465
2337.9,3906.5,7,-0.5,9.1330064,102.3,30,0.9205807
2310.1,3907.2,-27.8,0.7,9.0260227,102.9,30,0.9201149
2322,3906.5,11.9,-0.7,9.070893,103.6,30,0.91957146
2319.9,3906.3,-2.1,-0.2,9.0622254,104.2,30,0.91910566
2326,3905.8,6.1,-0.5,9.0848908,104.9,30,0.91856222
2323,3905.6,-3,-0.2,9.0727088,105.5,30,0.91809642
2302.1,3906.1,-20.9,0.5,8.9922328,106.2,30,0.91755299
2314.9,3905.4,12.8,-0.7,9.0406105,106.8,30,0.91708718
2301,3905.7,-13.9,0.3,8.9870157,107.5,30,0.91654375
2325.1,3904.5,24.1,-1.2,9.0783529,108.1,30,0.91607794
2315.1,3904.6,-10,0.1,9.0395395,108.7,30,0.91561214
2298.9,3904.9,-16.2,0.3,8.9769746,109.4,30,0.91506871
2311,3904.2,12.1,-0.7,9.0226062,110,30,0.9146029
2324.1,3903.5,13.1,-0.7,9.0721244,110.7,30,0.91405947
2332.9,3902.9,8.8,-0.6,9.1050754,111.3,30,0.91359367
2321,3903,-11.9,0.1,9.058863,112,30,0.91305023
1159.2,3947.7,-1161.8,44.7,4.5761738,112.3,30,0.91281733
0,3995,-1159.2,47.3,0,112.3,30,0.91281733
0,3998.3,0,3.3,0,112.3,30,0.91281733
0,4001,0,2.7,0,112.3,30,0.91281733
0,4003.3,0,2.3,0,112.3,30,0.91281733
0,4005.3,0,2,0,112.3,30,0.91281733
0,4007.2,0,1.9,0,112.3,30,0.91281733
0,4008.8,0,1.6,0,112.3,30,0.91281733
0,4010.4,0,1.6,0,112.3,30,0.91281733
0,4011.9,0,1.5,0,112.3,30,0.91281733
0,4013.3,0,1.4,0,112.3,30,0.91281733
0,4014.6,0,1.3,0,112.3,30,0.91281733
0,4015.8,0,1.2,0,112.3,30,0.91281733
0,4017,0,1.2,0,112.3,30,0.91281733
0,4018.2,0,1.2,0,112.3,30,0.91281733
0,4019.3,0,1.1,0,112.3,30,0.91281733
0,4020.3,0,1,0,112.3,30,0.91281733
0,4021.4,0,1.1,0,112.3,30,0.91281733
0,4022.3,0,0.9,0,112.3,30,0.91281733
0,4023.2,0,0.9,0,112.3,30,0.91281733
0,4024.1,0,0.9,0,112.3,30,0.91281733
0,4025,0,0.9,0,112.3,30,0.91281733
0,4025.8,0,0.8,0,112.3,30,0.91281733
0,4026.7,0,0.9,0,112.3,30,0.91281733
0,4027.4,0,0.7,0,112.3,30,0.91281733
0,4028.2,0,0.8,0,112.3,30,0.91281733
0,4028.9,0,0.7,0,112.3,30,0.91281733
0,4029.6,0,0.7,0,112.3,30,0.91281733
0,4030.3,0,0.7,0,112.3,30,0.91281733
0,4031,0,0.7,0,112.3,30,0.91281733
0,4031.6,0,0.6,0,112.3,30,0.91281733
0,4032.3,0,0.7,0,112.3,30,0.91281733
0,4032.9,0,0.6,0,112.3,30,0.91281733
0,4033.5,0,0.6,0,112.3,30,0.91281733
0,4034.1,0,0.6,0,112.3,30,0.91281733
0,4034.7,0,0.6,0,112.3,30,0.91281733
0,4035.2,0,0.5,0,112.3,30,0.91281733
0,4035.7,0,0.5,0,112.3,30,0.91281733
0,4036.3,0,0.6,0,112.3,30,0.91281733
0,4036.8,0,0.5,0,112.3,30,0.91281733
0,4037.3,0,0.5,0,112.3,30,0.91281733
0,4037.8,0,0.5,0,112.3,30,0.91281733
0,4038.2,0,0.4,0,112.3,30,0.91281733
0,4038.7,0,0.5,0,112.3,30,0.91281733
0,4039.2,0,0.5,0,112.3,30,0.91281733
0,4039.6,0,0.4,0,112.3,30,0.91281733
0,4040,0,0.4,0,112.3,30,0.91281733
0,4040.4,0,0.4,0,112.3,30,0.91281733
0,4040.8,0,0.4,0,112.3,30,0.91281733
0,4041.2,0,0.4,0,112.3,30,0.91281733
0,4041.6,0,0.4,0,112.3,30,0.91281733
0,4042,0,0.4,0,112.3,30,0.91281733
0,4042.4,0,0.4,0,112.3,30,0.91281733
0,4042.7,0,0.3,0,112.3,30,0.91281733
0,4043.1,0,0.4,0,112.3,30,0.91281733
0,4043.4,0,0.3,0,112.3,30,0.91281733
0,4043.8,0,0.4,0,112.3,30,0.91281733
0,4044.1,0,0.3,0,112.3,30,0.91281733
0,4044.4,0,0.3,0,112.3,30,0.91281733
0,4044.7,0,0.3,0,112.3,30,0.91281733
0,4045,0,0.3,0,112.3,30,0.91281733
0,4045.3,0,0.3,0,112.3,30,0.91281733
0,4045.6,0,0.3,0,112.3,30,0.91281733
0,4045.9,0,0.3,0,112.3,30,0.91281733
0,4046.1,0,0.2,0,112.3,30,0.91281733
0,4046.4,0,0.3,0,112.3,30,0.91281733
0,4046.7,0,0.3,0,112.3,30,0.91281733
0,4046.9,0,0.2,0,112.3,30,0.91281733
0,4047.2,0,0.3,0,112.3,30,0.91281733
0,4047.4,0,0.2,0,112.3,30,0.91281733
0,4047.7,0,0.3,0,112.3,30,0.91281733
0,4047.9,0,0.2,0,112.3,30,0.91281733
0,4048.2,0,0.3,0,112.3,30,0.91281733
0,4048.4,0,0.2,0,112.3,30,0.91281733
0,4048.7,0,0.3,0,112.3,30,0.91281733
0,4048.9,0,0.2,0,112.3,30,0.91281733
0,4049.1,0,0.2,0,112.3,30,0.91281733
0,4049.3,0,0.2,0,112.3,30,0.91281733
0,4049.5,0,0.2,0,112.3,30,0.91281733
0,4049.7,0,0.2,0,112.3,30,0.91281733
0,4049.9,0,0.2,0,112.3,30,0.91281733
0,4050.1,0,0.2,0,112.3,30,0.91281733
0,4050.3,0,0.2,0,112.3,30,0.91281733
0,4050.5,0,0.2,0,112.3,30,0.91281733
0,4050.7,0,0.2,0,112.3,30,0.91281733
0,4050.8,0,0.1,0,112.3,30,0.91281733
0,4051,0,0.2,0,112.3,30,0.91281733
0,4051.2,0,0.2,0,112.3,30,0.91281733
0,4051.4,0,0.2,0,112.3,30,0.91281733
0,4051.6,0,0.2,0,112.3,30,0.91281733
0,4051.7,0,0.1,0,112.3,30,0.91281733
0,4051.9,0,0.2,0,112.3,30,0.91281733
0,4052,0,0.1,0,112.3,30,0.91281733
0,4052.2,0,0.2,0,112.3,30,0.91281733
0,4052.4,0,0.2,0,112.3,30,0.91281733
0,4052.5,0,0.1,0,112.3,30,0.91281733
0,4052.6,0,0.1,0,112.3,30,0.91281733
0,4052.8,0,0.2,0,112.3,30,0.91281733
0,4052.9,0,0.1,0,112.3,30,0.91281733
0,4053.1,0,0.2,0,112.3,30,0.91281733
0,4053.3,0,0.2,0,112.3,30,0.91281733
0,4053.4,0,0.1,0,112.3,30,0.91281733
0,4053.5,0,0.1,0,112.3,30,0.91281733
0,4053.6,0,0.1,0,112.3,30,0.91281733
0,4053.8,0,0.2,0,112.3,30,0.91281733
0,4053.9,0,0.1,0,112.3,30,0.91281733
0,4054,0,0.1,0,112.3,30,0.91281733
0,4054.1,0,0.1,0,112.3,30,0.91281733
0,4054.3,0,0.2,0,112.3,30,0.91281733
0,4054.4,0,0.1,0,112.3,30,0.91281733
0,4054.5,0,0.1,0,112.3,30,0.91281733
0,4054.6,0,0.1,0,112.3,30,0.91281733
0,4054.7,0,0.1,0,112.3,30,0.91281733
0,4054.8,0,0.1,0,112.3,30,0.91281733
0,4055,0,0.2,0,112.3,30,0.91281733
0,4055.1,0,0.1,0,112.3,30,0.91281733
0,4055.2,0,0.1,0,112.3,30,0.91281733
0,4055.3,0,0.1,0,112.3,30,0.91281733
0,4055.4,0,0.1,0,112.3,30,0.91281733
0,4055.5,0,0.1,0,112.3,30,0.91281733
0,4055.6,0,0.1,0,112.3,30,0.91281733
0,4055.7,0,0.1,0,112.3,30,0.91281733
0,4055.8,0,0.1,0,112.3,30,0.91281733
0,4055.9,0,0.1,0,112.3,30,0.91281733
0,4056,0,0.1,0,112.3,30,0.91281733
0,4056.1,0,0.1,0,112.3,30,0.91281733
0,4056.2,0,0.1,0,112.3,30,0.91281733
0,4056.3,0,0.1,0,112.3,30,0.91281733
0,4056.4,0,0.1,0,112.3,30,0.91281733
0,4056.4,0,0,0,112.3,30,0.91281733
0,4056.6,0,0.2,0,112.3,30,0.91281733
0,4056.6,0,0,0,112.3,30,0.91281733
0,4056.8,0,0.2,0,112.3,30,0.91281733
0,4056.8,0,0,0,112.3,30,0.91281733
0,4056.9,0,0.1,0,112.3,30,0.91281733
0,4057,0,0.1,0,112.3,30,0.91281733
0,4057.1,0,0.1,0,112.3,30,0.91281733
0,4057.2,0,0.1,0,112.3,30,0.91281733
0,4057.2,0,0,0,112.3,30,0.91281733
0,4057.3,0,0.1,0,112.3,30,0.91281733
0,4057.4,0,0.1,0,112.3,30,0.91281733
0,4057.5,0,0.1,0,112.3,30,0.91281733
0,4057.5,0,0,0,112.3,30,0.91281733
0,4057.6,0,0.1,0,112.3,30,0.91281733
0,4057.7,0,0.1,0,112.3,30,0.91281733
0,4057.7,0,0,0,112.3,30,0.91281733
0,4057.8,0,0.1,0,112.3,30,0.91281733
0,4057.9,0,0.1,0,112.3,30,0.91281733
0,4058,0,0.1,0,112.3,30,0.91281733
0,4058,0,0,0,112.3,30,0.91281733
0,4058.1,0,0.1,0,112.3,30,0.91281733
0,4058.2,0,0.1,0,112.3,30,0.91281733
0,4058.2,0,0,0,112.3,30,0.91281733
0,4058.3,0,0.1,0,112.3,30,0.91281733
0,4058.4,0,0.1,0,112.3,30,0.91281733
0,4058.5,0,0.1,0,112.3,30,0.91281733
0,4058.5,0,0,0,112.3,30,0.91281733
0,4058.6,0,0.1,0,112.3,30,0.91281733
0,4058.6,0,0,0,112.3,30,0.91281733
0,4058.7,0,0.1,0,112.3,30,0.91281733
0,4058.8,0,0.1,0,112.3,30,0.91281733
0,4058.8,0,0,0,112.3,30,0.91281733
0,4058.9,0,0.1,0,112.3,30,0.91281733
0,4058.9,0,0,0,112.3,30,0.91281733
0,4059,0,0.1,0,112.3,30,0.91281733
0,4059.1,0,0.1,0,112.3,30,0.91281733
0,4059.1,0,0,0,112.3,30,0.91281733
0,4059.2,0,0.1,0,112.3,29.9,0.91281733
0,4059.2,0,0,0,112.3,30,0.91281733
0,4059.3,0,0.1,0,112.3,30,0.91281733
0,4059.4,0,0.1,0,112.3,30,0.91281733
0,4059.4,0,0,0,112.3,29.9,0.91281733
0,4059.4,0,0,0,112.3,29.9,0.91281733
0,4059.5,0,0.1,0,112.3,29.9,0.91281733
0,4059.6,0,0.1,0,112.3,29.9,0.91281733
0,4059.6,0,0,0,112.3,29.9,0.91281733
0,4059.7,0,0.1,0,112.3,29.9,0.91281733
0,4059.7,0,0,0,112.3,29.9,0.91281733
0,4059.8,0,0.1,0,112.3,29.9,0.91281733
0,4059.8,0,0,0,112.3,29.9,0.91281733
0,4059.9,0,0.1,0,112.3,29.9,0.91281733
0,4059.9,0,0,0,112.3,29.9,0.91281733
0,4060,0,0.1,0,112.3,29.9,0.91281733
0,4060,0,0,0,112.3,29.9,0.91281733
0,4060.1,0,0.1,0,112.3,29.9,0.91281733
0,4060.1,0,0,0,112.3,29.9,0.91281733
0,4060.1,0,0,0,112.3,29.9,0.91281733
0,4060.2,0,0.1,0,112.3,29.9,0.91281733
0,4060.3,0,0.1,0,112.3,29.9,0.91281733
0,4060.3,0,0,0,112.3,29.9,0.91281733
0,4060.3,0,0,0,112.3,29.9,0.91281733
0,4060.4,0,0.1,0,112.3,29.9,0.91281733
0,4060.4,0,0,0,112.3,29.9,0.91281733
0,4060.5,0,0.1,0,112.3,29.9,0.91281733
0,4060.5,0,0,0,112.3,29.9,0.91281733
0,4060.6,0,0.1,0,112.3,29.9,0.91281733
0,4060.6,0,0,0,112.3,29.9,0.91281733
0,4060.7,0,0.1,0,112.3,29.9,0.91281733
0,4060.7,0,0,0,112.3,29.9,0.91281733
0,4060.7,0,0,0,112.3,29.9,0.91281733
0,4060.8,0,0.1,0,112.3,29.9,0.91281733
0,4060.9,0,0.1,0,112.3,29.9,0.91281733
0,4060.9,0,0,0,112.3,29.9,0.91281733
0,4061,0,0.1,0,112.3,29.9,0.91281733
0,4061,0,0,0,112.3,29.9,0.91281733
0,4061,0,0,0,112.3,29.9,0.91281733
1029.8,4020.6,1029.8,-40.4,4.1404139,112.6,29.9,0.91258443
2060.9,3978.6,1031.1,-42,8.1994967,113.1,29.9,0.91219626
2057.1,3975.2,-3.8,-3.4,8.1773839,113.7,29.9,0.91173046
2058.1,3972.3,1,-2.9,8.1753906,114.3,29.9,0.91126465
2054.1,3970,-4,-2.3,8.154777,114.9,29.9,0.91079885
2053,3967.9,-1.1,-2.1,8.1460987,115.4,29.9,0.91041068
2061,3965.6,8,-2.3,8.1731016,116,29.9,0.90994488
2054,3964,-7,-1.6,8.142056,116.6,29.9,0.90947908
2061,3961.9,7,-2.1,8.1654759,117.1,29.9,0.90909091
2061,3960.3,0,-1.6,8.1621783,117.7,29.9,0.90862511
2032,3959.8,-29,-0.5,8.0463136,118.3,29.9,0.9081593
2077,3956.6,45,-3.2,8.2178582,118.9,29.9,0.9076935
2062.1,3955.7,-14.9,-0.9,8.157049,119.4,29.9,0.90730533
2059.1,3954.5,-3,-1.2,8.1427109,120,29.9,0.90683953
2052.1,3953.4,-7,-1.1,8.1127721,120.6,29.9,0.90637373
2079.1,3951.1,27,-2.3,8.214732,121.1,29.9,0.90598556
2060.1,3950.5,-19,-0.6,8.138425,121.7,29.9,0.90551976
2056.1,3949.5,-4,-1,8.1205669,122.3,29.9,0.90505396
2052.1,3948.5,-4,-1,8.1027169,122.9,29.9,0.90458815
2045,3947.7,-7.1,-0.8,8.0730465,123.4,29.9,0.90419998
2059,3946.1,14,-1.6,8.1250199,124,29.9,0.90373418
2057.1,3945.2,-1.9,-0.9,8.1156709,124.6,29.9,0.90326838
2061,3944.1,3.9,-1.1,8.1287901,125.1,29.9,0.90288021
2062.1,3943,1.1,-1.1,8.1308603,125.7,29.9,0.90241441
2057.1,3942.2,-5,-0.8,8.1094996,126.3,29.9,0.90194861
2063,3941.1,5.9,-1.1,8.1304893,126.9,29.9,0.9014828
2058.1,3940.4,-4.9,-0.7,8.1097372,127.4,29.9,0.90109464
2061.1,3939.4,3,-1,8.1194973,128,29.9,0.90062883
2054.1,3938.8,-7,-0.6,8.0906891,128.6,29.9,0.90016303
2054,3938,-0.1,-0.8,8.088652,129.1,29.9,0.89977486
2042.1,3937.7,-11.9,-0.3,8.0411772,129.7,29.9,0.89930906
2067,3936,24.9,-1.7,8.135712,130.3,29.9,0.89884326
2068,3935.2,1,-0.8,8.1379936,130.9,29.9,0.89837746
2066.1,3934.5,-1.9,-0.7,8.1290705,131.4,29.9,0.89798929
2061,3934,-5.1,-0.5,8.107974,132,29.9,0.89752348
2041.2,3934,-19.8,0,8.0300808,132.6,29.9,0.89705768
2059,3932.6,17.8,-1.4,8.0972234,133.1,29.9,0.89666951
2045.1,3932.5,-13.9,-0.1,8.0423558,133.7,29.9,0.89620371
2079.1,3930.6,34,-1.9,8.1721105,134.3,29.9,0.89573791
2062.2,3930.6,-16.9,0,8.1056833,134.9,29.9,0.89527211
2058.1,3930.1,-4.1,-0.5,8.0885388,135.4,29.9,0.89488394
2061.1,3929.4,3,-0.7,8.0988863,136,29.9,0.89441814
2068.1,3928.5,7,-0.9,8.1245308,136.6,29.9,0.89395233
2049.2,3928.6,-18.9,0.1,8.0504871,137.2,29.9,0.89348653
2049,3928.1,-0.2,-0.5,8.0486769,137.7,29.9,0.89309836
2075.9,3926.5,26.9,-1.6,8.1510213,138.3,29.9,0.89263256
2057.1,3926.6,-18.8,0.1,8.0774089,138.9,29.9,0.89216676
2054.1,3926.2,-3,-0.4,8.0648074,139.4,29.9,0.89177859
2052.1,3925.8,-2,-0.4,8.0561342,140,29.9,0.89131279
2052.1,3925.3,0,-0.5,8.0551081,140.6,29.9,0.89084698
2070.1,3924.1,18,-1.2,8.1232794,141.2,29.9,0.89038118
2066,3923.7,-4.1,-0.4,8.1063642,141.7,29.9,0.88999301
2054.1,3923.7,-11.9,0,8.0596722,142.3,29.9,0.88952721
2073,3922.5,18.9,-1.2,8.1313425,142.9,29.9,0.88906141
2057.2,3922.6,-15.8,0.1,8.0695727,143.4,29.9,0.88867324
2059.1,3922.1,1.9,-0.5,8.0759961,144,29.9,0.88820744
2063.1,3921.5,4,-0.6,8.0904467,144.6,29.9,0.88774163
2058.1,3921.2,-5,-0.3,8.0702217,145.2,29.9,0.88727583
2050.1,3921.1,-8,-0.1,8.0386471,145.7,29.9,0.88688766
2061,3920.3,10.9,-0.8,8.0797383,146.3,29.9,0.88642186
2060.1,3919.9,-0.9,-0.4,8.075386,146.9,29.9,0.88595606
2051.1,3919.8,-9,-0.1,8.0399018,147.4,29.9,0.88556789
2066,3918.9,14.9,-0.9,8.0964474,148,29.9,0.88510209
2062,3918.6,-4,-0.3,8.0801532,148.6,29.9,0.88463629
2066,3918,4,-0.6,8.094588,149.2,29.9,0.88417048
2062,3917.8,-4,-0.2,8.0785036,149.7,29.9,0.88378232
2073,3917,11,-0.8,8.119941,150.3,29.9,0.88331651
2071.1,3916.6,-1.9,-0.4,8.1116703,150.9,29.9,0.88285071
2053.1,3917,-18,0.4,8.0419927,151.5,29.9,0.88238491
2058.1,3916.4,5,-0.6,8.0603428,152,29.9,0.88199674
2065.1,3915.8,7,-0.6,8.0865186,152.6,29.9,0.88153094
2062.1,3915.5,-3,-0.3,8.0741526,153.2,29.9,0.88106513
2051.2,3915.7,-10.9,0.2,8.0318838,153.8,29.9,0.88059933
2049.1,3915.4,-2.1,-0.3,8.0230461,154.3,29.9,0.88021116
2057.1,3914.7,8,-0.7,8.0529294,154.9,29.9,0.87974536
2062.1,3914.2,5,-0.5,8.0714718,155.5,29.9,0.87927956
2059.1,3914,-3,-0.2,8.0593174,156,29.9,0.87889139
2069.1,3913.3,10,-0.7,8.097009,156.6,29.9,0.87842559
2071.1,3912.9,2,-0.4,8.1040072,157.2,29.9,0.87795979
2052.1,3913.3,-19,0.4,8.0304829,157.8,30,0.87749398
2062,3912.6,9.9,-0.7,8.0677812,158.3,30,0.87710581
2052.1,3912.6,-9.9,0,8.0290465,158.9,30,0.87664001
2050.1,3912.4,-2,-0.2,8.0208112,159.5,30,0.87617421
2051.1,3912.1,1,-0.3,8.0241083,160,30,0.87578604
2060.1,3911.4,9,-0.7,8.0578751,160.6,30,0.87532024
2058.1,3911.2,-2,-0.2,8.0496407,161.2,30,0.87485444
1030,3950.7,-1028.1,39.5,4.069221,161.5,30,0.87462154
0,3992.7,-1030,42,0,161.5,30,0.87462154
0,3995.6,0,2.9,0,161.5,30,0.87462154
0,3998,0,2.4,0,161.5,30,0.87462154
0,4000,0,2,0,161.5,30,0.87462154
0,4001.8,0,1.8,0,161.5,30,0.87462154
0,4003.4,0,1.6,0,161.5,30,0.87462154
0,4004.9,0,1.5,0,161.5,30,0.87462154
0,4006.3,0,1.4,0,161.5,30,0.87462154
0,4007.6,0,1.3,0,161.5,30,0.87462154
0,4008.8,0,1.2,0,161.5,30,0.87462154
0,4010,0,1.2,0,161.5,30,0.87462154
0,4011,0,1,0,161.5,30,0.87462154
0,4012.1,0,1.1,0,161.5,30,0.87462154
0,4013.1,0,1,0,161.5,30,0.87462154
0,4014,0,0.9,0,161.5,30,0.87462154
0,4015,0,1,0,161.5,30,0.87462154
0,4015.9,0,0.9,0,161.5,30,0.87462154
0,4016.7,0,0.8,0,161.5,30,0.87462154
0,4017.5,0,0.8,0,161.5,30,0.87462154
0,4018.3,0,0.8,0,161.5,30,0.87462154
0,4019.1,0,0.8,0,161.5,30,0.87462154
0,4019.8,0,0.7,0,161.5,30,0.87462154
0,4020.5,0,0.7,0,161.5,30,0.87462154
0,4021.2,0,0.7,0,161.5,30,0.87462154
0,4021.9,0,0.7,0,161.5,30,0.87462154
0,4022.5,0,0.6,0,161.5,30,0.87462154
0,4023.1,0,0.6,0,161.5,30,0.87462154
0,4023.8,0,0.7,0,161.5,30,0.87462154
0,4024.3,0,0.5,0,161.5,30,0.87462154
0,4024.9,0,0.6,0,161.5,30,0.87462154
0,4025.5,0,0.6,0,161.5,30,0.87462154
0,4026,0,0.5,0,161.5,30,0.87462154
0,4026.5,0,0.5,0,161.5,30,0.87462154
0,4027,0,0.5,0,161.5,30,0.87462154
0,4027.5,0,0.5,0,161.5,30,0.87462154
0,4028,0,0.5,0,161.5,30,0.87462154
0,4028.5,0,0.5,0,161.5,30,0.87462154
0,4028.9,0,0.4,0,161.5,30,0.87462154
0,4029.4,0,0.5,0,161.5,30,0.87462154
0,4029.8,0,0.4,0,161.5,30,0.87462154
0,4030.2,0,0.4,0,161.5,30,0.87462154
0,4030.6,0,0.4,0,161.5,30,0.87462154
0,4031,0,0.4,0,161.5,30,0.87462154
0,4031.4,0,0.4,0,161.5,30,0.87462154
0,4031.8,0,0.4,0,161.5,30,0.87462154
0,4032.1,0,0.3,0,161.5,30,0.87462154
0,4032.5,0,0.4,0,161.5,30,0.87462154
0,4032.8,0,0.3,0,161.5,30,0.87462154
0,4033.1,0,0.3,0,161.5,30,0.87462154
0,4033.5,0,0.4,0,161.5,30,0.87462154
0,4033.8,0,0.3,0,161.5,30,0.87462154
0,4034.1,0,0.3,0,161.5,30,0.87462154
0,4034.4,0,0.3,0,161.5,30,0.87462154
0,4034.7,0,0.3,0,161.5,30,0.87462154
0,4035,0,0.3,0,161.5,30,0.87462154
0,4035.3,0,0.3,0,161.5,30,0.87462154
0,4035.5,0,0.2,0,161.5,30,0.87462154
0,4035.8,0,0.3,0,161.5,30,0.87462154
0,4036.1,0,0.3,0,161.5,30,0.87462154
0,4036.4,0,0.3,0,161.5,30,0.87462154
0,4036.6,0,0.2,0,161.5,30,0.87462154
0,4036.9,0,0.3,0,161.5,30,0.87462154
0,4037.1,0,0.2,0,161.5,30,0.87462154
0,4037.3,0,0.2,0,161.5,30,0.87462154
0,4037.5,0,0.2,0,161.5,30,0.87462154
0,4037.8,0,0.3,0,161.5,30,0.87462154
0,4038,0,0.2,0,161.5,30,0.87462154
0,4038.2,0,0.2,0,161.5,30,0.87462154
0,4038.4,0,0.2,0,161.5,30,0.87462154
0,4038.6,0,0.2,0,161.5,30,0.87462154
0,4038.8,0,0.2,0,161.5,30,0.87462154
0,4039,0,0.2,0,161.5,30,0.87462154
0,4039.2,0,0.2,0,161.5,30,0.87462154
0,4039.4,0,0.2,0,161.5,30,0.87462154
0,4039.6,0,0.2,0,161.5,30,0.87462154
0,4039.8,0,0.2,0,161.5,30,0.87462154
0,4039.9,0,0.1,0,161.5,30,0.87462154
0,4040.1,0,0.2,0,161.5,30,0.87462154
0,4040.3,0,0.2,0,161.5,30,0.87462154
0,4040.4,0,0.1,0,161.5,30,0.87462154
0,4040.6,0,0.2,0,161.5,30,0.87462154
0,4040.8,0,0.2,0,161.5,30,0.87462154
0,4040.9,0,0.1,0,161.5,30,0.87462154
0,4041.1,0,0.2,0,161.5,30,0.87462154
0,4041.3,0,0.2,0,161.5,30,0.87462154
0,4041.4,0,0.1,0,161.5,30,0.87462154
1355.8,3988.8,1355.8,-52.6,5.408015,161.8,30,0.87438863
2704.8,3934.4,1349,-54.4,10.641765,162.6,30,0.87376756
2714.9,3929.7,10.1,-4.7,10.668743,163.4,30,0.87314649
2713,3926.3,-1.9,-3.4,10.652052,164.1,30,0.87260306
2707.1,3923.6,-5.9,-2.7,10.621578,164.9,30,0.87198199
2710,3920.8,2.9,-2.8,10.625368,165.6,30,0.87143855
2717,3918.1,7,-2.7,10.645478,166.4,30,0.87081748
2701,3916.4,-16,-1.7,10.578196,167.1,30,0.87027405
2712,3913.9,11,-2.5,10.614497,167.9,30,0.86965298
2700.9,3912.3,-11.1,-1.6,10.566731,168.6,30,0.86910954
2721,3909.7,20.1,-2.6,10.638294,169.4,30,0.86848847
2699,3908.7,-22,-1,10.549581,170.1,30,0.86794504
2696,3907.1,-3,-1.6,10.533542,170.9,29.9,0.86732397
2700,3905.4,4,-1.7,10.54458,171.6,29.9,0.86678053
2699,3903.8,-1,-1.6,10.536356,172.4,29.9,0.86615946
2716.9,3901.7,17.9,-2.1,10.600529,173.1,29.9,0.86561602
2720,3900.1,3.1,-1.6,10.608272,173.9,29.9,0.86499495
2702.2,3899.3,-17.8,-0.8,10.536688,174.6,29.9,0.86445152
2702,3898,-0.2,-1.3,10.532396,175.4,29.9,0.86383045
2712,3896.3,10,-1.7,10.566766,176.1,29.9,0.86328701
2724.9,3894.5,12.9,-1.8,10.612123,176.9,29.9,0.86266594
2690,3894.6,-34.9,0.1,10.476474,177.6,29.9,0.86212251
2732.1,3891.9,42.1,-2.7,10.63306,178.4,29.9,0.86150144
2706,3891.7,-26.1,-0.2,10.53094,179.2,29.9,0.86088037
2707,3890.5,1,-1.2,10.531583,179.9,29.9,0.86033693
2704,3889.6,-3,-0.9,10.517478,180.7,29.9,0.85971586
2717,3888,13,-1.6,10.563696,181.4,29.9,0.85917242
2717,3887,0,-1,10.560979,182.2,29.9,0.85855135
2719,3885.9,2,-1.1,10.565762,182.9,30,0.85800792
2708.1,3885.2,-10.9,-0.7,10.52151,183.7,30,0.85738685
2705,3884.4,-3.1,-0.8,10.507302,184.4,30,0.85684341
2707,3883.4,2,-1,10.512364,185.2,30,0.85622234
2712,3882.3,5,-1.1,10.528798,185.9,30,0.85567891
2727,3880.8,15,-1.5,10.582942,186.7,30,0.85505784
2710.9,3880.5,-16.1,-0.3,10.519647,187.4,30,0.8545144
2713.1,3879.6,2.2,-0.9,10.525743,188.2,30,0.85389333
2705,3879,-8.1,-0.6,10.492695,188.9,30,0.8533499
2716,3877.8,11,-1.2,10.532105,189.7,30,0.85272883
2697.9,3877.7,-18.1,-0.1,10.461647,190.4,30,0.85218539
2725,3875.8,27.1,-1.9,10.561555,191.2,30,0.85156432
2709.1,3875.7,-15.9,-0.1,10.499659,192,30,0.85094325
2722,3874.4,12.9,-1.3,10.546117,192.7,30,0.85039981
2702.1,3874.4,-19.9,0,10.469016,193.5,30,0.84977874
2716,3873.1,13.9,-1.3,10.51934,194.2,30,0.84923531
2719,3872.3,3,-0.8,10.528784,195,30,0.84861424
2720,3871.5,1,-0.8,10.53048,195.7,30,0.8480708
2713,3871.1,-7,-0.4,10.502294,196.5,30,0.84744973
2714,3870.4,1,-0.7,10.504266,197.2,30,0.8469063
2711,3869.8,-3,-0.6,10.491028,198,30,0.84628523
2698,3869.7,-13,-0.1,10.440451,198.7,30,0.84574179
2707,3868.6,9,-1.1,10.4723,199.5,30,0.84512072
2737.9,3866.8,30.9,-1.8,10.586912,200.3,30,0.84449965
2717,3866.9,-20.9,0.1,10.506367,201,30,0.84395621
2699,3867,-18,0.1,10.437033,201.8,30,0.84333514
2705,3866.2,6,-0.8,10.458071,202.5,30,0.84279171
2708,3865.5,3,-0.7,10.467774,203.3,30,0.84217064
2704,3865,-4,-0.5,10.45096,204,30,0.8416272
2703,3864.6,-1,-0.4,10.446014,204.8,30,0.84100613
2709,3863.7,6,-0.9,10.466763,205.5,30,0.8404627
2718.1,3862.8,9.1,-0.9,10.499477,206.3,30,0.83984163
2721,3862.1,2.9,-0.7,10.508774,207,30,0.83929819
2709,3862,-12,-0.1,10.462158,207.8,30,0.83867712
2715,3861.2,6,-0.8,10.483158,208.5,30,0.83813369
2703,3861.1,-12,-0.1,10.436553,209.3,30,0.83751262
2710,3860.3,7,-0.8,10.461413,210,30,0.83696918
2717.1,3859.5,7.1,-0.8,10.486647,210.8,30,0.83634811
2693,3859.9,-24.1,0.4,10.394711,211.5,30,0.83580467
2705.9,3858.9,12.9,-1,10.441798,212.3,30,0.8351836
2728,3857.6,22.1,-1.3,10.523533,213,30,0.83464017
2696,3858.3,-32,0.7,10.401977,213.8,30,0.8340191
2709,3857.3,13,-1,10.449426,214.5,30.1,0.83347566
2718,3856.4,9,-0.9,10.481695,215.3,30.1,0.83285459
2712.1,3856.2,-5.9,-0.2,10.4584,216.1,30.1,0.83223352
2715,3855.6,2.9,-0.6,10.467954,216.8,30.1,0.83169009
2731,3854.4,16,-1.2,10.526366,217.6,30.1,0.83106902
2714,3854.6,-17,0.2,10.461384,218.3,30.1,0.83052558
2699,3854.7,-15,0.1,10.403835,219.1,30.1,0.82990451
2721,3853.4,22,-1.3,10.485101,219.8,30.1,0.82936107
2730,3852.6,9,-0.8,10.517598,220.6,30.1,0.82874
2708,3853,-22,0.4,10.433924,221.3,30.1,0.82819657
2712,3852.4,4,-0.6,10.447709,222.1,30.1,0.8275755
2708,3852.1,-4,-0.3,10.431487,222.8,30.1,0.82703206
2720,3851.2,12,-0.9,10.475264,223.6,30.1,0.82641099
2721,3850.7,1,-0.5,10.477755,224.4,30.1,0.82578992
2711,3850.6,-10,-0.1,10.438977,225.1,30.1,0.82524649
2715,3850,4,-0.6,10.45275,225.9,30.1,0.82462542
2710.1,3849.8,-4.9,-0.2,10.433343,226.6,30.1,0.82408198
2707,3849.5,-3.1,-0.3,10.420596,227.4,30.1,0.82346091
2718.1,3848.7,11.1,-0.8,10.461151,228.1,30.1,0.82291748
2703.1,3848.8,-15,0.1,10.403691,228.9,30.1,0.82229641
2713,3848,9.9,-0.8,10.439624,229.6,30.1,0.82175297
1356.1,3900.4,-1356.9,52.4,5.2893324,230,30.1,0.82144243
0,3955.7,-1356.1,55.3,0,230,30.1,0.82144243
0,3960,0,4.3,0,230,30.1,0.82144243
0,3963.3,0,3.3,0,230,30.1,0.82144243
0,3966.1,0,2.8,0,230,30.1,0.82144243
0,3968.7,0,2.6,0,230,30.1,0.82144243
0,3970.9,0,2.2,0,230,30.1,0.82144243
0,3973,0,2.1,0,230,30.1,0.82144243
0,3975,0,2,0,230,30.1,0.82144243
0,3976.8,0,1.8,0,230,30.1,0.82144243
0,3978.5,0,1.7,0,230,30.1,0.82144243
0,3980.2,0,1.7,0,230,30.1,0.82144243
0,3981.7,0,1.5,0,230,30.1,0.82144243
0,3983.2,0,1.5,0,230,30.1,0.82144243
0,3984.6,0,1.4,0,230,30.1,0.82144243
0,3985.9,0,1.3,0,230,30.1,0.82144243
0,3987.1,0,1.2,0,230,30.1,0.82144243
0,3988.4,0,1.3,0,230,30.2,0.82144243
0,3989.5,0,1.1,0,230,30.2,0.82144243
0,3990.7,0,1.2,0,230,30.2,0.82144243
0,3991.8,0,1.1,0,230,30.2,0.82144243
0,3992.8,0,1,0,230,30.2,0.82144243
0,3993.8,0,1,0,230,30.2,0.82144243
0,3994.8,0,1,0,230,30.2,0.82144243
0,3995.7,0,0.9,0,230,30.2,0.82144243
0,3996.6,0,0.9,0,230,30.2,0.82144243
0,3997.5,0,0.9,0,230,30.2,0.82144243
0,3998.4,0,0.9,0,230,30.2,0.82144243
0,3999.2,0,0.8,0,230,30.2,0.82144243
0,4000,0,0.8,0,230,30.2,0.82144243
0,4000.8,0,0.8,0,230,30.2,0.82144243
0,4001.5,0,0.7,0,230,30.2,0.82144243
0,4002.2,0,0.7,0,230,30.2,0.82144243
0,4002.9,0,0.7,0,230,30.2,0.82144243
0,4003.6,0,0.7,0,230,30.2,0.82144243
0,4004.3,0,0.7,0,230,30.2,0.82144243
0,4004.9,0,0.6,0,230,30.2,0.82144243
0,4005.6,0,0.7,0,230,30.2,0.82144243
0,4006.2,0,0.6,0,230,30.2,0.82144243
0,4006.7,0,0.5,0,230,30.2,0.82144243
0,4007.4,0,0.7,0,230,30.2,0.82144243
0,4007.9,0,0.5,0,230,30.2,0.82144243
0,4008.4,0,0.5,0,230,30.2,0.82144243
0,4009,0,0.6,0,230,30.2,0.82144243
0,4009.5,0,0.5,0,230,30.2,0.82144243
0,4010,0,0.5,0,230,30.2,0.82144243
0,4010.5,0,0.5,0,230,30.2,0.82144243
0,4011,0,0.5,0,230,30.2,0.82144243
0,4011.4,0,0.4,0,230,30.2,0.82144243
0,4011.9,0,0.5,0,230,30.2,0.82144243
0,4012.3,0,0.4,0,230,30.2,0.82144243
0,4012.8,0,0.5,0,230,30.2,0.82144243
0,4013.2,0,0.4,0,230,30.2,0.82144243
0,4013.6,0,0.4,0,230,30.2,0.82144243
0,4014,0,0.4,0,230,30.2,0.82144243
0,4014.4,0,0.4,0,230,30.2,0.82144243
0,4014.8,0,0.4,0,230,30.2,0.82144243
0,4015.2,0,0.4,0,230,30.1,0.82144243
0,4015.6,0,0.4,0,230,30.1,0.82144243
0,4015.9,0,0.3,0,230,30.1,0.82144243
0,4016.3,0,0.4,0,230,30.1,0.82144243
0,4016.6,0,0.3,0,230,30.1,0.82144243
0,4017,0,0.4,0,230,30.1,0.82144243
0,4017.3,0,0.3,0,230,30.1,0.82144243
0,4017.6,0,0.3,0,230,30.1,0.82144243
0,4017.9,0,0.3,0,230,30.1,0.82144243
0,4018.3,0,0.4,0,230,30.1,0.82144243
0,4018.6,0,0.3,0,230,30.1,0.82144243
0,4018.9,0,0.3,0,230,30.1,0.82144243
0,4019.1,0,0.2,0,230,30.1,0.82144243
0,4019.4,0,0.3,0,230,30.1,0.82144243
0,4019.7,0,0.3,0,230,30.1,0.82144243
0,4020,0,0.3,0,230,30.1,0.82144243
0,4020.2,0,0.2,0,230,30.1,0.82144243
0,4020.5,0,0.3,0,230,30.1,0.82144243
0,4020.7,0,0.2,0,230,30.1,0.82144243
0,4021.1,0,0.4,0,230,30.1,0.82144243
0,4021.3,0,0.2,0,230,30.1,0.82144243
0,4021.5,0,0.2,0,230,30.1,0.82144243
0,4021.8,0,0.3,0,230,30.1,0.82144243
0,4022,0,0.2,0,230,30.1,0.82144243
0,4022.2,0,0.2,0,230,30.1,0.82144243
0,4022.5,0,0.3,0,230,30.1,0.82144243
0,4022.7,0,0.2,0,230,30.1,0.82144243
0,4022.9,0,0.2,0,230,30.1,0.82144243
0,4023.2,0,0.3,0,230,30.1,0.82144243
0,4023.4,0,0.2,0,230,30.1,0.82144243
0,4023.5,0,0.1,0,230,30.1,0.82144243
0,4023.8,0,0.3,0,230,30.1,0.82144243
0,4024,0,0.2,0,230,30.1,0.82144243
0,4024.2,0,0.2,0,230,30.1,0.82144243
0,4024.3,0,0.1,0,230,30.1,0.82144243
0,4024.5,0,0.2,0,230,30.1,0.82144243
0,4024.7,0,0.2,0,230,30.1,0.82144243
0,4024.9,0,0.2,0,230,30.1,0.82144243
0,4025.1,0,0.2,0,230,30.1,0.82144243
0,4025.3,0,0.2,0,230,30.1,0.82144243
0,4025.5,0,0.2,0,230,30.1,0.82144243
0,4025.7,0,0.2,0,230,30.1,0.82144243
0,4025.8,0,0.1,0,230,30.1,0.82144243
0,4026,0,0.2,0,230,30.1,0.82144243
0,4026.2,0,0.2,0,230,30.1,0.82144243
0,4026.3,0,0.1,0,230,30.1,0.82144243
0,4026.5,0,0.2,0,230,30.1,0.82144243
0,4026.7,0,0.2,0,230,30.1,0.82144243
0,4026.8,0,0.1,0,230,30.1,0.82144243
0,4027,0,0.2,0,230,30.1,0.82144243
0,4027.1,0,0.1,0,230,30.1,0.82144243
0,4027.3,0,0.2,0,230,30.1,0.82144243
0,4027.4,0,0.1,0,230,30.1,0.82144243
0,4027.6,0,0.2,0,230,30.1,0.82144243
0,4027.7,0,0.1,0,230,30.1,0.82144243
0,4027.8,0,0.1,0,230,30.1,0.82144243
0,4028,0,0.2,0,230,30.1,0.82144243
0,4028.1,0,0.1,0,230,30.1,0.82144243
0,4028.3,0,0.2,0,230,30.1,0.82144243
0,4028.4,0,0.1,0,230,30.1,0.82144243
0,4028.5,0,0.1,0,230,30.1,0.82144243
0,4028.6,0,0.1,0,230,30.1,0.82144243
0,4028.8,0,0.2,0,230,30.1,0.82144243
0,4028.9,0,0.1,0,230,30.1,0.82144243
0,4029,0,0.1,0,230,30.1,0.82144243
0,4029.1,0,0.1,0,230,30.1,0.82144243
0,4029.3,0,0.2,0,230,30.1,0.82144243
0,4029.4,0,0.1,0,230,30.1,0.82144243
0,4029.5,0,0.1,0,230,30.1,0.82144243
0,4029.6,0,0.1,0,230,30.1,0.82144243
0,4029.7,0,0.1,0,230,30.1,0.82144243
0,4029.8,0,0.1,0,230,30.1,0.82144243
0,4030,0,0.2,0,230,30.1,0.82144243
0,4030,0,0,0,230,30.1,0.82144243
0,4030.2,0,0.2,0,230,30.1,0.82144243
0,4030.3,0,0.1,0,230,30.1,0.82144243
0,4030.4,0,0.1,0,230,30.1,0.82144243
0,4030.5,0,0.1,0,230,30.1,0.82144243
0,4030.6,0,0.1,0,230,30.1,0.82144243
0,4030.7,0,0.1,0,230,30.1,0.82144243
0,4030.8,0,0.1,0,230,30.1,0.82144243
0,4030.9,0,0.1,0,230,30.1,0.82144243
0,4031,0,0.1,0,230,30.1,0.82144243
0,4031.1,0,0.1,0,230,30.1,0.82144243
0,4031.2,0,0.1,0,230,30.1,0.82144243
0,4031.2,0,0,0,230,30.1,0.82144243
0,4031.3,0,0.1,0,230,30.1,0.82144243
0,4031.4,0,0.1,0,230,30,0.82144243
0,4031.6,0,0.2,0,230,30,0.82144243
0,4031.7,0,0.1,0,230,30.1,0.82144243
0,4031.7,0,0,0,230,30,0.82144243
0,4031.8,0,0.1,0,230,30,0.82144243
0,4031.9,0,0.1,0,230,30,0.82144243
0,4032,0,0.1,0,230,30,0.82144243
0,4032.1,0,0.1,0,230,30,0.82144243
0,4032.2,0,0.1,0,230,30,0.82144243
0,4032.2,0,0,0,230,30,0.82144243
0,4032.3,0,0.1,0,230,30,0.82144243
0,4032.4,0,0.1,0,230,30,0.82144243
0,4032.5,0,0.1,0,230,30,0.82144243
0,4032.6,0,0.1,0,230,30,0.82144243
0,4032.7,0,0.1,0,230,30,0.82144243
0,4032.8,0,0.1,0,230,30,0.82144243
0,4032.8,0,0,0,230,30,0.82144243
0,4032.9,0,0.1,0,230,30,0.82144243
0,4032.9,0,0,0,230,30,0.82144243
0,4033,0,0.1,0,230,30,0.82144243
0,4033.1,0,0.1,0,230,30,0.82144243
0,4033.2,0,0.1,0,230,30,0.82144243
0,4033.2,0,0,0,230,30,0.82144243
0,4033.3,0,0.1,0,230,30,0.82144243
1320.9,3982.1,1320.9,-51.2,5.2599559,230.4,30,0.8211319
2667.8,3927.9,1346.9,-54.2,10.478852,231.1,30,0.82058846
2636,3924.7,-31.8,-3.2,10.345509,231.8,30,0.82004503
2637.9,3921.1,1.9,-3.6,10.34347,232.6,30,0.81942396
2646,3917.8,8.1,-3.3,10.366499,233.3,30,0.81888052
2647,3915,1,-2.8,10.363005,234,30,0.81833709
2640.9,3912.6,-6.1,-2.4,10.332785,234.8,30,0.81771602
2646.9,3910,6,-2.6,10.349379,235.5,30,0.81717258
2641,3908.1,-5.9,-1.9,10.321292,236.2,30,0.81662914
2648,3905.6,7,-2.5,10.342029,237,30,0.81600807
2649.9,3903.6,1.9,-2,10.34415,237.7,30,0.81546464
2655,3901.4,5.1,-2.2,10.358217,238.5,30,0.81484357
2621,3900.9,-34,-0.5,10.224259,239.2,30,0.81430013
2639,3898.5,18,-2.4,10.288141,239.9,30,0.8137567
2645,3896.6,6,-1.9,10.306507,240.7,30,0.81313563
2630,3895.5,-15,-1.1,10.245165,241.4,30,0.81259219
2645.9,3893.3,15.9,-2.2,10.301282,242.1,30,0.81204875
2637,3892.1,-8.9,-1.2,10.263468,242.9,30,0.81142768
2647,3890.3,10,-1.8,10.297624,243.6,30,0.81088425
2644.9,3888.9,-2.1,-1.4,10.285752,244.3,30,0.81034081
2645,3887.5,0.1,-1.4,10.282438,245.1,30,0.80971974
2637,3886.5,-8,-1,10.2487,245.8,30,0.80917631
2642.9,3884.9,5.9,-1.6,10.267402,246.5,30,0.80863287
2643.9,3883.7,1,-1.2,10.268114,247.3,30,0.8080118
2646,3882.3,2.1,-1.4,10.272566,248,30,0.80746836
2629.1,3881.8,-16.9,-0.5,10.20564,248.7,30,0.80692493
2645.9,3879.9,16.8,-1.9,10.265827,249.5,30,0.80630386
2643,3878.9,-2.9,-1,10.251933,250.2,30,0.80576042
2642.9,3877.8,-0.1,-1.1,10.248638,250.9,30,0.80521699
2643.9,3876.7,1,-1.1,10.249607,251.7,30,0.80459592
2645.1,3875.6,1.2,-1.1,10.25135,252.4,30,0.80405248
2644.9,3874.5,-0.2,-1.1,10.247665,253.1,30,0.80350904
2635.9,3873.8,-9,-0.7,10.210949,253.9,30,0.80288797
2638,3872.8,2.1,-1,10.216446,254.6,30,0.80234454
2645.9,3871.5,7.9,-1.3,10.243602,255.3,30,0.8018011
2652,3870.3,6.1,-1.2,10.264036,256.1,30,0.80118003
2626,3870.4,-26,0.1,10.16367,256.8,30,0.8006366
2640,3868.9,14,-1.5,10.213896,257.5,30,0.80009316
2641,3868,1,-0.9,10.215388,258.3,30,0.79947209
2636,3867.3,-5,-0.7,10.194203,259,30,0.79892865
2651,3865.8,15,-1.5,10.248236,259.7,30,0.79838522
2636,3865.5,-15,-0.3,10.189458,260.5,30,0.79776415
2639,3864.6,3,-0.9,10.198679,261.2,30,0.79722071
2628,3864.2,-11,-0.4,10.155118,261.9,30,0.79667728
2633.9,3863.1,5.9,-1.1,10.175019,262.7,30,0.79605621
2637.9,3862.2,4,-0.9,10.188097,263.4,30,0.79551277
2632.1,3861.6,-5.8,-0.6,10.164117,264.1,30,0.79496933
2644.9,3860.4,12.8,-1.2,10.210372,264.9,30,0.79434826
2648,3859.5,3.1,-0.9,10.219956,265.6,30,0.79380483
2633.9,3859.3,-14.1,-0.2,10.16501,266.3,30.1,0.79326139
2646.1,3858.1,12.2,-1.2,10.208918,267.1,30.1,0.79264032
2656.9,3857,10.8,-1.1,10.247663,267.8,30.1,0.79209689
2652,3856.4,-4.9,-0.6,10.227173,268.5,30.1,0.79155345
2632.9,3856.4,-19.1,0,10.153516,269.3,30.1,0.79093238
2649,3855.1,16.1,-1.3,10.21216,270,30.1,0.79038894
2666,3853.7,17,-1.4,10.273964,270.7,30.1,0.78984551
2644.1,3853.9,-21.9,0.2,10.190097,271.5,30.1,0.78922444
2634.1,3853.6,-10,-0.3,10.150768,272.2,30.1,0.788681
2636.9,3852.8,2.8,-0.8,10.159448,272.9,30.1,0.78813757
2656,3851.4,19.1,-1.4,10.229318,273.7,30.1,0.7875165
2644,3851.3,-12,-0.1,10.182837,274.4,30.1,0.78697306
2637.1,3850.9,-6.9,-0.4,10.155208,275.1,30.1,0.78642963
2644.9,3850,7.8,-0.9,10.182865,275.9,30.1,0.78580856
2620,3850.3,-24.9,0.3,10.087786,276.6,30.1,0.78526512
2641.8,3848.9,21.8,-1.4,10.168024,277.3,30.1,0.78472168
2635,3848.5,-6.8,-0.4,10.140797,278.1,30.1,0.78410061
2648,3847.4,13,-1.1,10.187915,278.8,30.1,0.78355718
2638,3847.2,-10,-0.2,10.148914,279.5,30.1,0.78301374
2651,3846.1,13,-1.1,10.196011,280.3,30.1,0.78239267
2643.9,3845.8,-7.1,-0.3,10.167911,281,30.1,0.78184924
2635.1,3845.6,-8.8,-0.2,10.133541,281.7,30.1,0.7813058
2648.9,3844.5,13.8,-1.1,10.183696,282.5,30.1,0.78068473
2654,3843.7,5.1,-0.8,10.20118,283.2,30.1,0.78014129
2644,3843.5,-10,-0.2,10.162214,284,30.1,0.77952022
2648.9,3842.8,4.9,-0.7,10.179193,284.7,30.1,0.77897679
2660.9,3841.7,12,-1.1,10.22238,285.4,30.1,0.77843335
2645.9,3841.7,-15,0,10.164754,286.2,30.1,0.77781228
2627.1,3842,-18.8,0.3,10.093318,286.9,30.1,0.77726885
2633,3841.2,5.9,-0.8,10.11388,287.6,30.1,0.77672541
2641,3840.5,8,-0.7,10.14276,288.4,30.1,0.77610434
2635,3840.1,-6,-0.4,10.118663,289.1,30.1,0.7755609
2635.9,3839.6,0.9,-0.5,10.120802,289.8,30.1,0.77501747
2648,3838.6,12.1,-1,10.164613,290.6,30.1,0.7743964
2627,3838.9,-21,0.3,10.08479,291.3,30.1,0.77385296
2640.9,3838,13.9,-0.9,10.135774,292,30.1,0.77330953
2636.1,3837.6,-4.8,-0.4,10.116297,292.8,30.1,0.77268846
2656.9,3836.3,20.8,-1.3,10.192665,293.5,30.1,0.77214502
2637.9,3836.6,-19,0.3,10.120567,294.2,30.2,0.77160158
2637,3836.1,-0.9,-0.5,10.115796,295,30.2,0.77098051
2643.9,3835.4,6.9,-0.7,10.140414,295.7,30.2,0.77043708
2651,3834.6,7.1,-0.8,10.165525,296.4,30.2,0.76989364
2635,3834.8,-16,0.2,10.104698,297.2,30.2,0.76927257
2644.9,3833.9,9.9,-0.9,10.140282,297.9,30.2,0.76872914
2645.9,3833.4,1,-0.5,10.142793,298.6,30.2,0.7681857
2644.1,3833.1,-1.8,-0.3,10.1351,299.4,30.2,0.76756463
2640,3832.7,-4.1,-0.4,10.118328,300.1,30.2,0.76702119
2634.9,3832.5,-5.1,-0.2,10.098254,300.8,30.2,0.76647776
2636.1,3832,1.2,-0.5,10.101535,301.6,30.2,0.76585669
2659.8,3830.7,23.7,-1.3,10.188896,302.3,30.2,0.76531325
2644.9,3830.8,-14.9,0.1,10.132083,303,30.2,0.76476982
2647.1,3830.2,2.2,-0.6,10.138922,303.8,30.2,0.76414875
2653.9,3829.5,6.8,-0.7,10.16311,304.5,30.2,0.76360531
2654.9,3829,1,-0.5,10.165612,305.2,30.2,0.76306187
2648.1,3828.9,-6.8,-0.1,10.13931,306,30.2,0.7624408
2648,3828.4,-0.1,-0.5,10.137603,306.7,30.2,0.76189737
2617,3829.3,-31,0.9,10.021278,307.4,30.2,0.76135393
2632.1,3828.3,15.1,-1,10.076468,308.2,30.2,0.76073286
2642.9,3827.5,10.8,-0.8,10.1157,308.9,30.2,0.76018943
2634.2,3827.3,-8.7,-0.2,10.081874,309.6,30.2,0.75964599
2644,3826.6,9.8,-0.7,10.11753,310.4,30.2,0.75902492
2649.9,3825.9,5.9,-0.7,10.138252,311.1,30.2,0.75848148
2638.2,3825.9,-11.7,0,10.093489,311.8,30.2,0.75793805
2652,3825,13.8,-0.9,10.1439,312.6,30.2,0.75731698
2644.9,3824.8,-7.1,-0.2,10.116214,313.3,30.2,0.75677354
2638.1,3824.7,-6.8,-0.1,10.089941,314,30.2,0.75623011
2635,3824.4,-3.1,-0.3,10.077294,314.8,30.2,0.75560904
2640.9,3823.8,5.9,-0.6,10.098273,315.5,30.3,0.7550656
2637,3823.6,-3.9,-0.2,10.082833,316.2,30.3,0.75452216
2639,3823.1,2,-0.5,10.089161,317,30.3,0.75390109
2632,3823,-7,-0.1,10.062136,317.7,30.3,0.75335766
2625,3822.9,-7,-0.1,10.035113,318.4,30.3,0.75281422
2649.9,3821.6,24.9,-1.3,10.126858,319.2,30.3,0.75219315
2649,3821.2,-0.9,-0.4,10.122359,319.9,30.3,0.75164972
2646.9,3820.9,-2.1,-0.3,10.11354,320.6,30.3,0.75110628
2654.1,3820.2,7.2,-0.7,10.139193,321.4,30.3,0.75048521
2385,3830.3,-269.1,10.1,9.1352655,322,30.3,0.75001941
2126.2,3840.5,-258.8,10.2,8.1656711,322.6,30.3,0.74955361
2132,3840.8,5.8,0.3,8.1885856,323.2,30.3,0.7490878
2131,3841.2,-1,0.4,8.1855972,323.8,30.3,0.748622
2141.1,3841.1,10.1,-0.1,8.2241792,324.4,30.3,0.7481562
2122.2,3842.1,-18.9,1,8.1537046,325,30.3,0.7476904
2123,3842.3,0.8,0.2,8.1572029,325.6,30.3,0.74722459
2151,3841.4,28,-0.9,8.2628514,326.2,30.3,0.74675879
2115.1,3842.9,-35.9,1.5,8.1281178,326.8,30.3,0.74629299
2130.1,3842.4,15,-0.5,8.1846962,327.4,30.3,0.74582719
2135.1,3842.3,5,-0.1,8.2036947,328,30.3,0.74536138
2137.1,3842.3,2,0,8.2113793,328.6,30.3,0.74489558
2133.1,3842.5,-4,0.2,8.1964368,329.1,30.3,0.74450741
2126,3842.8,-7.1,0.3,8.1697928,329.7,30.3,0.74404161
2135.1,3842.5,9.1,-0.3,8.2041217,330.3,30.3,0.74357581
2135.1,3842.5,0,0,8.2041217,330.9,30.3,0.74311001
2129,3842.8,-6.1,0.3,8.1813212,331.5,30.3,0.7426442
2123,3843,-6,0.2,8.158689,332.1,30.3,0.7421784
2131.1,3842.7,8.1,-0.3,8.189178,332.7,30.3,0.7417126
2128,3842.7,-3.1,0,8.1772656,333.3,30.3,0.7412468
2141.9,3842.2,13.9,-0.5,8.2296082,333.9,30.3,0.740781
2130.1,3842.6,-11.8,0.4,8.1851223,334.5,30.3,0.74031519
2118.1,3843.1,-12,0.5,8.1400701,335.1,30.3,0.73984939
2135,3842.4,16.9,-0.7,8.203524,335.7,30.3,0.73938359
2135,3842.3,0,-0.1,8.2033105,336.3,30.4,0.73891779
2140,3842.1,5,-0.2,8.222094,336.8,30.4,0.73852962
2135.1,3842.2,-4.9,0.1,8.2034812,337.4,30.4,0.73806381
2127,3842.4,-8.1,0.2,8.1727848,338,30.4,0.73759801
2116.1,3842.8,-10.9,0.4,8.1317491,338.6,30.4,0.73713221
2122,3842.5,5.9,-0.3,8.153785,339.2,30.4,0.73666641
2135,3842,13,-0.5,8.20267,339.8,30.4,0.73620061
2129.1,3842,-5.9,0,8.1800022,340.4,30.4,0.7357348
2124.1,3842.1,-5,0.1,8.1610046,341,30.4,0.735269
2116.1,3842.3,-8,0.2,8.130691,341.6,30.4,0.7348032
2123,3842,6.9,-0.3,8.156566,342.2,30.4,0.7343374
2122,3842,-1,0,8.152724,342.7,30.4,0.73394923
2133,3841.5,11,-0.5,8.1939195,343.3,30.4,0.73348343
2118.1,3841.9,-14.9,0.4,8.1375284,343.9,30.4,0.73301762
2136.9,3841.1,18.8,-0.8,8.2080466,344.5,30.4,0.73255182
2143,3840.7,6.1,-0.4,8.2306201,345.1,30.4,0.73208602
2126.2,3841.2,-16.8,0.5,8.1671594,345.7,30.4,0.73162022
2138,3840.6,11.8,-0.6,8.2112028,346.3,30.4,0.73115441
2128.1,3840.9,-9.9,0.3,8.1738193,346.9,30.4,0.73068861
2111.1,3841.4,-17,0.5,8.1095795,347.5,30.4,0.73022281
2120.1,3840.9,9,-0.5,8.1430921,348.1,30.4,0.72975701
2134.1,3840.3,14,-0.6,8.1955842,348.7,30.4,0.7292912
2136.1,3840,2,-0.3,8.202624,349.3,30.4,0.7288254
2124.1,3840.3,-12,0.3,8.1571812,349.8,30.4,0.72843723
2133.1,3839.8,9,-0.5,8.1906774,350.4,30.4,0.72797143
2123.1,3840.1,-10,0.3,8.1529163,351,30.4,0.72750563
2128.1,3839.7,5,-0.4,8.1712656,351.6,30.4,0.72703983
2123.1,3839.8,-5,0.1,8.1522794,352.2,30.4,0.72657402
2112.1,3840.1,-11,0.3,8.1106752,352.8,30.4,0.72610822
2132,3839.2,19.9,-0.9,8.1851744,353.4,30.4,0.72564242
2125.1,3839.3,-6.9,0.1,8.1588964,354,30.4,0.72517662
2129.1,3839,4,-0.3,8.1736149,354.6,30.4,0.72471081
2107.2,3839.7,-21.9,0.7,8.0910158,355.2,30.4,0.72424501
2140,3838.3,32.8,-1.4,8.213962,355.7,30.4,0.72385684
2112.1,3839.1,-27.9,0.8,8.1085631,356.3,30.4,0.72339104
2139,3838,26.9,-1.1,8.209482,356.9,30.4,0.72292524
2134.1,3838,-4.9,0,8.1906758,357.5,30.4,0.72245944
2119.1,3838.4,-15,0.4,8.1339534,358.1,30.4,0.72199363
2121.2,3838.2,2.1,-0.2,8.1415898,358.7,30.4,0.72152783
2131.1,3837.6,9.9,-0.6,8.1783094,359.3,30.4,0.72106203
2122.2,3837.8,-8.9,0.2,8.1445792,359.9,30.4,0.72059623
2123.1,3837.6,0.9,-0.2,8.1476086,360.5,30.4,0.72013042
2119.1,3837.6,-4,0,8.1322582,361.1,30.4,0.71966462
2119,3837.4,-0.1,-0.2,8.1314506,361.6,30.4,0.71927645
2148.9,3836.1,29.9,-1.3,8.2433953,362.2,30.4,0.71881065
2136,3836.4,-12.9,0.3,8.1945504,362.8,30.4,0.71834485
2114.2,3837,-21.8,0.6,8.1121854,363.4,30.4,0.71787905
2128,3836.3,13.8,-0.7,8.1636464,364,30.4,0.71741324
2123.1,3836.3,-4.9,0,8.1448485,364.6,30.4,0.71694744
2131,3835.9,7.9,-0.4,8.1743029,365.2,30.4,0.71648164
2132.1,3835.6,1.1,-0.3,8.1778828,365.8,30.4,0.71601584
2139,3835.1,6.9,-0.5,8.2032789,366.4,30.4,0.71555003
2130.1,3835.3,-8.9,0.2,8.1695725,367,30.4,0.71508423
2132.1,3835,2,-0.3,8.1766035,367.6,30.4,0.71461843
2139,3834.6,6.9,-0.4,8.2022094,368.2,30.4,0.71415263
2135.1,3834.5,-3.9,-0.1,8.187041,368.8,30.4,0.71368683
2120.2,3834.9,-14.9,0.4,8.130755,369.3,30.4,0.71329866
2126.1,3834.5,5.9,-0.4,8.1525305,369.9,30.4,0.71283285
2127.1,3834.2,1,-0.3,8.1557268,370.5,30.4,0.71236705
2112.1,3834.6,-15,0.4,8.0990587,371.1,30.4,0.71190125
2130,3833.8,17.9,-0.8,8.165994,371.7,30.4,0.71143545
2131.1,3833.6,1.1,-0.2,8.169785,372.3,30.4,0.71096965
2116.1,3833.9,-15,0.3,8.1129158,372.9,30.4,0.71050384
2127,3833.3,10.9,-0.6,8.1534291,373.5,30.4,0.71003804
2137,3832.7,10,-0.6,8.1904799,374.1,30.4,0.70957224
2133,3832.7,-4,0,8.1751491,374.7,30.4,0.70910644
2133,3832.5,0,-0.2,8.1747225,375.3,30.4,0.70864063
2121,3832.7,-12,0.2,8.1291567,375.8,30.4,0.70825246
2134,3832.1,13,-0.6,8.1777014,376.4,30.4,0.70778666
2124.1,3832.2,-9.9,0.1,8.139976,377,30.4,0.70732086
2129,3831.9,4.9,-0.3,8.1581151,377.6,30.4,0.70685506
2122.1,3831.9,-6.9,0,8.131675,378.2,30.4,0.70638926
2126,3831.6,3.9,-0.3,8.1459816,378.8,30.4,0.70592345
2133,3831.1,7,-0.5,8.1717363,379.4,30.4,0.70545765
2140,3830.7,7,-0.4,8.197698,380,30.4,0.70499185
2141,3830.4,1,-0.3,8.2008864,380.6,30.4,0.70452605
2130.1,3830.6,-10.9,0.2,8.1595611,381.2,30.4,0.70406024
2133,3830.3,2.9,-0.3,8.1700299,381.8,30.4,0.70359444
2137.2,3829.9,4.2,-0.4,8.1852623,382.4,30.4,0.70312864
2113.1,3830.6,-24.1,0.7,8.0944409,382.9,30.4,0.70274047
2109.1,3830.6,-4,0,8.0791185,383.5,30.4,0.70227467
2130.9,3829.6,21.8,-1,8.1604946,384.1,30.4,0.70180887
2133.2,3829.3,2.3,-0.3,8.1686628,384.7,30.4,0.70134306
2130.1,3829.2,-3.1,-0.1,8.1565789,385.3,30.4,0.70087726
2141.1,3828.6,11,-0.6,8.1974155,385.9,30.5,0.70041146
2141.1,3828.4,0,-0.2,8.1969872,386.5,30.5,0.69994566
2135,3828.4,-6.1,0,8.173634,387.1,30.5,0.69947985
2132.1,3828.3,-2.9,-0.1,8.1623184,387.7,30.5,0.69901405
2129.1,3828.2,-3,-0.1,8.1506206,388.3,30.5,0.69854825
2151,3827.1,21.9,-1.1,8.2320921,388.9,30.5,0.69808245
2124.1,3828,-26.9,0.9,8.1310548,389.5,30.5,0.69761664
2127.1,3827.6,3,-0.4,8.141688,390.1,30.5,0.69715084
2123.1,3827.6,-4,0,8.1263776,390.6,30.5,0.69676267
2127.1,3827.3,4,-0.3,8.1410498,391.2,30.5,0.69629687
2131.1,3826.9,4,-0.4,8.1555066,391.8,30.5,0.69583107
2133.1,3826.6,2,-0.3,8.1625205,392.4,30.5,0.69536527
2131,3826.5,-2.1,-0.1,8.1542715,393,30.5,0.69489946
2139,3825.9,8,-0.6,8.1836001,393.6,30.5,0.69443366
2130.1,3826.1,-8.9,0.2,8.1499756,394.2,30.5,0.69396786
2126.1,3826,-4,-0.1,8.1344586,394.8,30.5,0.69350206
2133.1,3825.6,7,-0.4,8.1603874,395.4,30.5,0.69303625
2134.1,3825.3,1,-0.3,8.1635727,396,30.5,0.69257045
1478.1,3850.4,-656,25.1,5.6912762,396.4,30.5,0.69225992
824.1,3876.7,-654,26.3,3.1947885,396.6,30.5,0.69210465
834,3878.5,9.9,1.8,3.234669,396.8,30.5,0.69194938
818,3880.9,-16,2.4,3.1745762,397.1,30.5,0.69171648
812,3882.6,-6,1.7,3.1526712,397.3,30.5,0.69156121
828,3883.4,16,0.8,3.2154552,397.5,30.5,0.69140595
820,3885,-8,1.6,3.1857,397.8,30.5,0.69117305
832.9,3885.7,12.9,0.7,3.2363995,398,30.5,0.69101778
833,3886.8,0.1,1.1,3.2377044,398.2,30.5,0.69086251
820,3888.3,-13,1.5,3.188406,398.4,30.5,0.69070724
822.1,3889.2,2.1,0.9,3.1973113,398.7,30.5,0.69047434
825,3890,2.9,0.8,3.20925,398.9,30.5,0.69031907
808,3891.6,-17,1.6,3.1444128,399.1,30.5,0.69016381
850.9,3890.8,42.9,-0.8,3.3106817,399.4,30.5,0.68993091
815,3892.9,-35.9,2.1,3.1727135,399.6,30.5,0.68977564
833,3893,18,0.1,3.242869,399.8,30.5,0.68962037
826,3894,-7,1,3.216444,400,30.5,0.6894651
815,3895.2,-11,1.2,3.174588,400.3,30.5,0.6892322
840,3894.9,25,-0.3,3.271716,400.5,30.5,0.68907694
825,3896.1,-15,1.2,3.2142825,400.7,30.5,0.68892167
809,3897.4,-16,1.3,3.1529966,401,30.5,0.68868877
840,3896.8,31,-0.6,3.273312,401.2,30.5,0.6885335
819,3898.2,-21,1.4,3.1926258,401.4,30.5,0.68837823
827,3898.5,8,0.3,3.2240595,401.7,30.5,0.68814533
827,3899,0,0.5,3.224473,401.9,30.5,0.68799006
835,3899.2,8,0.2,3.255832,402.1,30.5,0.6878348
827.1,3900,-7.9,0.8,3.22569,402.3,30.5,0.68767953
828,3900.5,0.9,0.5,3.229614,402.6,30.5,0.68744663
826,3901,-2,0.5,3.222226,402.8,30.5,0.68729136
810,3902.1,-16,1.1,3.160701,403,30.5,0.68713609
841.8,3901.4,31.8,-0.7,3.2841985,403.3,30.5,0.68690319
834,3902.1,-7.8,0.7,3.2543514,403.5,30.5,0.68674792
819.1,3903.1,-14.9,1,3.1970292,403.7,30.5,0.68659266
829,3903.1,9.9,0,3.2356699,404,30.5,0.68635975
846,3902.9,17,-0.2,3.3018534,404.2,30.5,0.68620449
830.1,3903.8,-15.9,0.9,3.2405444,404.4,30.5,0.68604922
825.9,3904.4,-4.2,0.6,3.224644,404.6,30.5,0.68589395
816,3905.1,-9.9,0.7,3.1865616,404.9,30.5,0.68566105
836,3904.7,20,-0.4,3.2643292,405.1,30.5,0.68550578
820,3905.6,-16,0.9,3.202592,405.3,30.5,0.68535052
822,3905.9,2,0.3,3.2106498,405.6,30.5,0.68511762
813,3906.6,-9,0.7,3.1760658,405.8,30.5,0.68496235
827.1,3906.4,14.1,-0.2,3.2309834,406,30.5,0.68480708
822,3906.9,-5.1,0.5,3.2114718,406.2,30.5,0.68465181
821,3907.2,-1,0.3,3.2078112,406.5,30.5,0.68441891
821.9,3907.5,0.9,0.3,3.2115742,406.7,30.5,0.68426364
801,3908.5,-20.9,1,3.1307085,406.9,30.5,0.68410838
813.9,3908.3,12.9,-0.2,3.1809654,407.2,30.5,0.68387548
829.9,3908,16,-0.3,3.2432492,407.4,30.5,0.68372021
822.1,3908.5,-7.8,0.5,3.2131779,407.6,30.5,0.68356494
846,3907.9,23.9,-0.6,3.3060834,407.8,30.5,0.68340967
824.9,3908.9,-21.1,1,3.2244516,408.1,30.5,0.68317677
847.9,3908.2,23,-0.7,3.3137628,408.3,30.5,0.6830215
841,3908.7,-6.9,0.5,3.2872167,408.5,30.5,0.68286624
824,3909.5,-17,0.8,3.221428,408.8,30.5,0.68263334
820,3909.8,-4,0.3,3.206036,409,30.5,0.68247807
813.9,3910.3,-6.1,0.5,3.1825932,409.2,30.5,0.6823228
835,3909.8,21.1,-0.5,3.264683,409.5,30.5,0.6820899
825,3910.3,-10,0.5,3.2259975,409.7,30.5,0.68193463
828.9,3910.4,3.9,0.1,3.2413306,409.9,30.5,0.68177936
815,3911.1,-13.9,0.7,3.1875465,410.1,30.5,0.6816241
841.1,3910.3,26.1,-0.8,3.2889533,410.4,30.5,0.6813912
817.1,3911.3,-24,1,3.1959232,410.6,30.5,0.68123593
819,3911.4,1.9,0.1,3.2034366,410.8,30.5,0.68108066
838,3910.8,19,-0.6,3.2772504,411.1,30.5,0.68084776
817,3911.8,-21,1,3.1959406,411.3,30.5,0.68069249
829,3911.5,12,-0.3,3.2426335,411.5,30.5,0.68053723
833,3911.5,4,0,3.2582795,411.8,30.5,0.68030432
824,3912,-9,0.5,3.223488,412,30.5,0.68014906
820,3912.3,-4,0.3,3.208086,412.2,30.4,0.67999379
827,3912.1,7,-0.2,3.2353067,412.4,30.4,0.67983852
831.1,3912.1,4.1,0,3.2513463,412.7,30.4,0.67960562
842,3911.8,10.9,-0.3,3.2937356,412.9,30.4,0.67945035
833,3912.2,-9,0.4,3.2588626,413.1,30.4,0.67929509
823,3912.8,-10,0.6,3.2202344,413.4,30.4,0.67906218
835,3912.4,12,-0.4,3.266854,413.6,30.4,0.67890692
822,3913,-13,0.6,3.216486,413.8,30.4,0.67875165
836,3912.6,14,-0.4,3.2709336,414.1,30.4,0.67851875
834.9,3912.7,-1.1,0.1,3.2667132,414.3,30.4,0.67836348
806.1,3913.9,-28.8,1.2,3.1549948,414.5,30.4,0.67820821
821,3913.5,14.9,-0.4,3.2129835,414.7,30.4,0.67805295
829,3913.3,8,-0.2,3.2441257,415,30.4,0.67782005
834.9,3913.2,5.9,-0.1,3.2671307,415.2,30.4,0.67766478
825,3913.6,-9.9,0.4,3.22872,415.4,30.4,0.67750951
824,3913.7,-1,0.1,3.2248888,415.7,30.4,0.67727661
823.9,3913.8,-0.1,0.1,3.2245798,415.9,30.4,0.67712134
839,3913.3,15.1,-0.5,3.2832587,416.1,30.4,0.67696607
821,3914.1,-18,0.8,3.2134761,416.4,30.4,0.67673317
841.9,3913.3,20.9,-0.8,3.2946073,416.6,30.4,0.67657791
831.9,3913.8,-10,0.5,3.2558902,416.8,30.4,0.67642264
818.1,3914.4,-13.8,0.6,3.2023706,417,30.4,0.67626737
818.9,3914.4,0.8,0,3.2055022,417.3,30.4,0.67603447
821.1,3914.4,2.2,0,3.2141138,417.5,30.4,0.6758792
825,3914.4,3.9,0,3.22938,417.7,30.4,0.67572393
819,3914.7,-6,0.3,3.2061393,418,30.4,0.67549103
829,3914.3,10,-0.4,3.2449547,418.2,30.4,0.67533577
824,3914.6,-5,0.3,3.2256304,418.4,30.4,0.6751805
828.1,3914.5,4.1,-0.1,3.2415974,418.6,30.4,0.67502523
812.9,3915.1,-15.2,0.6,3.1825848,418.9,30.4,0.67479233
838.9,3914.2,26,-0.9,3.2836224,419.1,30.4,0.67463706
833.9,3914.4,-5,0.2,3.2642182,419.3,30.4,0.67448179
827,3914.7,-6.9,0.3,3.2374569,419.6,30.4,0.67424889
831,3914.6,4,-0.1,3.2530326,419.8,30.4,0.67409363
821.9,3915,-9.1,0.4,3.2177385,420,30.4,0.67393836
838.9,3914.4,17,-0.6,3.2837902,420.3,30.4,0.67370546
842,3914.3,3.1,-0.1,3.2958406,420.5,30.4,0.67355019
834,3914.6,-8,0.3,3.2647764,420.7,30.4,0.67339492
821.1,3915.1,-12.9,0.5,3.2146886,420.9,30.4,0.67323966
833.9,3914.7,12.8,-0.4,3.2644683,421.2,30.4,0.67300675
828.1,3915,-5.8,0.3,3.2420115,421.4,30.4,0.67285149
834.9,3914.7,6.8,-0.3,3.268383,421.6,30.4,0.67269622
830,3915,-4.9,0.3,3.24945,421.9,30.4,0.67246332
842.9,3914.5,12.9,-0.5,3.299532,422.1,30.4,0.67230805
839,3914.6,-3.9,0.1,3.2843494,422.3,30.4,0.67215278
841,3914.6,2,0,3.2921786,422.6,30.4,0.67191988
840,3914.6,-1,0,3.288264,422.8,30.4,0.67176461
823,3915.3,-17,0.7,3.2222919,423,30.4,0.67160935
825.1,3915.3,2.1,0,3.230514,423.3,30.4,0.67137645
816.9,3915.6,-8.2,0.3,3.1986536,423.5,30.4,0.67122118
834.1,3915,17.2,-0.6,3.2655015,423.7,30.4,0.67106591
831.9,3915.1,-2.2,0.1,3.2569717,424,30.4,0.67083301
837,3914.9,5.1,-0.2,3.2767713,424.2,30.4,0.67067774
809.9,3915.9,-27.1,1,3.1714874,424.4,30.4,0.67052247
838.1,3914.9,28.2,-1,3.2810777,424.6,30.4,0.67036721
839.9,3914.8,1.8,-0.1,3.2880405,424.9,30.4,0.67013431
833.1,3915.1,-6.8,0.3,3.2616698,425.1,30.4,0.66997904
823,3915.5,-10.1,0.4,3.2224565,425.3,30.4,0.66982377
821,3915.6,-2,0.1,3.2147076,425.6,30.4,0.66959087
827,3915.4,6,-0.2,3.2380358,425.8,30.4,0.6694356
830.9,3915.2,3.9,-0.2,3.2531397,426,30.4,0.66928034
817,3915.7,-13.9,0.5,3.1991269,426.3,30.4,0.66904743
822.9,3915.6,5.9,-0.1,3.2221472,426.5,30.4,0.66889217
840.1,3914.9,17.2,-0.7,3.2889075,426.7,30.4,0.6687369
811.1,3916,-29,1.1,3.1762676,426.9,30.3,0.66858163
834,3915.2,22.9,-0.8,3.2652768,427.2,30.3,0.66834873
828,3915.4,-6,0.2,3.2419512,427.4,30.3,0.66819346
829,3915.4,1,0,3.2458666,427.6,30.3,0.6680382
830,3915.3,1,-0.1,3.249699,427.9,30.3,0.66780529
812.9,3916,-17.1,0.7,3.1833164,428.1,30.3,0.66765003
826.1,3915.5,13.2,-0.5,3.2345945,428.3,30.3,0.66749476
827.9,3915.4,1.8,-0.1,3.2415597,428.5,30.3,0.66733949
831,3915.3,3.1,-0.1,3.2536143,428.8,30.3,0.66710659
823,3915.6,-8,0.3,3.2225388,429,30.3,0.66695132
825.9,3915.5,2.9,-0.1,3.2338115,429.2,30.3,0.66679606
836,3915.1,10.1,-0.4,3.2730236,429.5,30.3,0.66656316
827,3915.5,-9,0.4,3.2381185,429.7,30.3,0.66640789
413.2,3931.3,-413.8,15.8,1.6244132,429.8,30.3,0.66633025
0,3948.6,-413.2,17.3,0,429.8,30.3,0.66633025
0,3950,0,1.4,0,429.8,30.3,0.66633025
0,3951.2,0,1.2,0,429.8,30.3,0.66633025
0,3952.3,0,1.1,0,429.8,30.3,0.66633025
0,3953.2,0,0.9,0,429.8,30.3,0.66633025
0,3954,0,0.8,0,429.8,30.3,0.66633025
0,3954.9,0,0.9,0,429.8,30.3,0.66633025
0,3955.7,0,0.8,0,429.8,30.3,0.66633025
0,3956.5,0,0.8,0,429.8,30.3,0.66633025
0,3957.2,0,0.7,0,429.8,30.3,0.66633025
0,3957.9,0,0.7,0,429.8,30.3,0.66633025
0,3958.5,0,0.6,0,429.8,30.3,0.66633025
0,3959.1,0,0.6,0,429.8,30.3,0.66633025
0,3959.8,0,0.7,0,429.8,30.3,0.66633025
0,3960.4,0,0.6,0,429.8,30.3,0.66633025
0,3961,0,0.6,0,429.8,30.3,0.66633025
0,3961.5,0,0.5,0,429.8,30.3,0.66633025
0,3962.1,0,0.6,0,429.8,30.3,0.66633025
0,3962.6,0,0.5,0,429.8,30.3,0.66633025
0,3963.1,0,0.5,0,429.8,30.3,0.66633025
0,3963.6,0,0.5,0,429.8,30.3,0.66633025
0,3964.1,0,0.5,0,429.8,30.3,0.66633025
0,3964.5,0,0.4,0,429.8,30.3,0.66633025
0,3965,0,0.5,0,429.8,30.3,0.66633025
0,3965.4,0,0.4,0,429.8,30.3,0.66633025
0,3965.9,0,0.5,0,429.8,30.3,0.66633025
0,3966.3,0,0.4,0,429.8,30.3,0.66633025
0,3966.7,0,0.4,0,429.8,30.3,0.66633025
0,3967.1,0,0.4,0,429.8,30.3,0.66633025
0,3967.5,0,0.4,0,429.8,30.3,0.66633025
0,3967.9,0,0.4,0,429.8,30.3,0.66633025
0,3968.2,0,0.3,0,429.8,30.3,0.66633025
0,3968.6,0,0.4,0,429.8,30.3,0.66633025
0,3969,0,0.4,0,429.8,30.3,0.66633025
0,3969.3,0,0.3,0,429.8,30.3,0.66633025
0,3969.7,0,0.4,0,429.8,30.3,0.66633025
0,3970,0,0.3,0,429.8,30.3,0.66633025
0,3970.3,0,0.3,0,429.8,30.3,0.66633025
0,3970.6,0,0.3,0,429.8,30.3,0.66633025
0,3970.9,0,0.3,0,429.8,30.3,0.66633025
0,3971.2,0,0.3,0,429.8,30.3,0.66633025
0,3971.5,0,0.3,0,429.8,30.3,0.66633025
0,3971.8,0,0.3,0,429.8,30.3,0.66633025
0,3972.1,0,0.3,0,429.8,30.3,0.66633025
0,3972.4,0,0.3,0,429.8,30.3,0.66633025
0,3972.7,0,0.3,0,429.8,30.2,0.66633025
0,3972.9,0,0.2,0,429.8,30.2,0.66633025
0,3973.2,0,0.3,0,429.8,30.2,0.66633025
0,3973.4,0,0.2,0,429.8,30.2,0.66633025
0,3973.7,0,0.3,0,429.8,30.2,0.66633025
0,3973.9,0,0.2,0,429.8,30.2,0.66633025
0,3974.2,0,0.3,0,429.8,30.2,0.66633025
0,3974.4,0,0.2,0,429.8,30.2,0.66633025
0,3974.7,0,0.3,0,429.8,30.2,0.66633025
0,3974.9,0,0.2,0,429.8,30.2,0.66633025
0,3975.1,0,0.2,0,429.8,30.2,0.66633025
0,3975.3,0,0.2,0,429.8,30.2,0.66633025
0,3975.6,0,0.3,0,429.8,30.2,0.66633025
0,3975.8,0,0.2,0,429.8,30.2,0.66633025
0,3976,0,0.2,0,429.8,30.2,0.66633025
0,3976.2,0,0.2,0,429.8,30.2,0.66633025
0,3976.4,0,0.2,0,429.8,30.2,0.66633025
0,3976.6,0,0.2,0,429.8,30.2,0.66633025
0,3976.8,0,0.2,0,429.8,30.2,0.66633025
0,3977,0,0.2,0,429.8,30.2,0.66633025
0,3977.2,0,0.2,0,429.8,30.2,0.66633025
0,3977.4,0,0.2,0,429.8,30.2,0.66633025
0,3977.6,0,0.2,0,429.8,30.2,0.66633025
0,3977.8,0,0.2,0,429.8,30.2,0.66633025
0,3977.9,0,0.1,0,429.8,30.2,0.66633025
0,3978.1,0,0.2,0,429.8,30.2,0.66633025
0,3978.3,0,0.2,0,429.8,30.2,0.66633025
0,3978.5,0,0.2,0,429.8,30.2,0.66633025
0,3978.7,0,0.2,0,429.8,30.2,0.66633025
0,3978.8,0,0.1,0,429.8,30.2,0.66633025
0,3979,0,0.2,0,429.8,30.2,0.66633025
0,3979.1,0,0.1,0,429.8,30.2,0.66633025
0,3979.3,0,0.2,0,429.8,30.2,0.66633025
0,3979.4,0,0.1,0,429.8,30.2,0.66633025
0,3979.6,0,0.2,0,429.8,30.2,0.66633025
0,3979.7,0,0.1,0,429.8,30.2,0.66633025
0,3979.9,0,0.2,0,429.8,30.2,0.66633025
0,3980,0,0.1,0,429.8,30.2,0.66633025
0,3980.2,0,0.2,0,429.8,30.2,0.66633025
0,3980.3,0,0.1,0,429.8,30.2,0.66633025
0,3980.5,0,0.2,0,429.8,30.2,0.66633025
0,3980.6,0,0.1,0,429.8,30.2,0.66633025
0,3980.7,0,0.1,0,429.8,30.2,0.66633025
0,3980.9,0,0.2,0,429.8,30.2,0.66633025
0,3981,0,0.1,0,429.8,30.2,0.66633025
0,3981.2,0,0.2,0,429.8,30.2,0.66633025
0,3981.3,0,0.1,0,429.8,30.2,0.66633025
0,3981.4,0,0.1,0,429.8,30.2,0.66633025
0,3981.5,0,0.1,0,429.8,30.2,0.66633025
0,3981.7,0,0.2,0,429.8,30.2,0.66633025
0,3981.8,0,0.1,0,429.8,30.2,0.66633025
0,3981.9,0,0.1,0,429.8,30.2,0.66633025
0,3982,0,0.1,0,429.8,30.2,0.66633025
0,3982.1,0,0.1,0,429.8,30.2,0.66633025
0,3982.3,0,0.2,0,429.8,30.2,0.66633025
0,3982.4,0,0.1,0,429.8,30.2,0.66633025
0,3982.5,0,0.1,0,429.8,30.2,0.66633025
0,3982.7,0,0.2,0,429.8,30.2,0.66633025
0,3982.7,0,0,0,429.8,30.2,0.66633025
0,3982.9,0,0.2,0,429.8,30.2,0.66633025
0,3983,0,0.1,0,429.8,30.2,0.66633025
0,3983.1,0,0.1,0,429.8,30.2,0.66633025
0,3983.2,0,0.1,0,429.8,30.2,0.66633025
0,3983.3,0,0.1,0,429.8,30.2,0.66633025
0,3983.4,0,0.1,0,429.8,30.2,0.66633025
0,3983.5,0,0.1,0,429.8,30.2,0.66633025
0,3983.6,0,0.1,0,429.8,30.2,0.66633025
0,3983.7,0,0.1,0,429.8,30.2,0.66633025
0,3983.8,0,0.1,0,429.8,30.2,0.66633025
0,3983.9,0,0.1,0,429.8,30.2,0.66633025
0,3984,0,0.1,0,429.8,30.2,0.66633025
0,3984.1,0,0.1,0,429.8,30.1,0.66633025
0,3984.2,0,0.1,0,429.8,30.1,0.66633025
0,3984.3,0,0.1,0,429.8,30.1,0.66633025
0,3984.4,0,0.1,0,429.8,30.1,0.66633025
0,3984.5,0,0.1,0,429.8,30.1,0.66633025
0,3984.6,0,0.1,0,429.8,30.1,0.66633025
0,3984.7,0,0.1,0,429.8,30.1,0.66633025
0,3984.8,0,0.1,0,429.8,30.1,0.66633025
0,3984.9,0,0.1,0,429.8,30.1,0.66633025
0,3985,0,0.1,0,429.8,30.1,0.66633025
0,3985,0,0,0,429.8,30.1,0.66633025
0,3985.1,0,0.1,0,429.8,30.1,0.66633025
0,3985.2,0,0.1,0,429.8,30.1,0.66633025
501.8,3965.4,501.8,-19.8,1.9898377,430,30.1,0.66617499
1010,3945.1,508.2,-20.3,3.984551,430.2,30.1,0.66601972
997,3944,-13,-1.1,3.932168,430.5,30.1,0.66578682
996,3942.8,-1,-1.2,3.9270288,430.8,30.1,0.66555392
999.1,3941.6,3.1,-1.2,3.9380526,431.1,30.1,0.66532102
997,3940.6,-2.1,-1,3.9287782,431.3,30.1,0.66516575
1005,3939.4,8,-1.2,3.959097,431.6,30.1,0.66493285
1000,3938.7,-5,-0.7,3.9387,431.9,30.1,0.66469995
998,3937.9,-2,-0.8,3.9300242,432.2,30.1,0.66446704
1015,3936.4,17,-1.5,3.995446,432.5,30.1,0.66423414
1000.9,3936.2,-14.1,-0.2,3.9397426,432.7,30.1,0.66407888
998.1,3935.6,-2.8,-0.6,3.9281224,433,30.1,0.66384597
1010,3934.4,11.9,-1.2,3.973744,433.3,30.1,0.66361307
1011,3933.7,1,-0.7,3.9769707,433.6,30.1,0.66338017
1007.9,3933.2,-3.1,-0.5,3.9642723,433.9,30.1,0.66314727
1006.2,3932.6,-1.7,-0.6,3.9569821,434.1,30.1,0.662992
999.9,3932.1,-6.3,-0.5,3.9317068,434.4,30.1,0.6627591
994,3931.8,-5.9,-0.3,3.9082092,434.7,30.1,0.6625262
1017,3930.4,23,-1.4,3.9972168,435,30.1,0.6622933
998.9,3930.5,-18.1,0.1,3.9261764,435.2,30.1,0.66213803
1001.1,3929.8,2.2,-0.7,3.9341228,435.5,30.1,0.66190513
1007.9,3929,6.8,-0.8,3.9600391,435.8,30.1,0.66167223
1014,3928.3,6.1,-0.7,3.9832962,436.1,30.1,0.66143933
993,3928.6,-21,0.3,3.9010998,436.4,30.1,0.66120643
999.9,3927.8,6.9,-0.8,3.9274072,436.6,30.1,0.66105116
1001,3927.3,1.1,-0.5,3.9312273,436.9,30.1,0.66081826
1001.9,3926.8,0.9,-0.5,3.9342609,437.2,30.1,0.66058536
996,3926.6,-5.9,-0.2,3.9108936,437.5,30.1,0.66035246
1002.9,3925.9,6.9,-0.7,3.9372851,437.8,30.1,0.66011956
982,3926.3,-20.9,0.4,3.8556266,438,30.1,0.65996429
1007,3924.9,25,-1.4,3.9523743,438.3,30.1,0.65973139
1001.9,3924.7,-5.1,-0.2,3.9321569,438.6,30.1,0.65949849
1001,3924.3,-0.9,-0.4,3.9282243,438.9,30.1,0.65926558
1014,3923.4,13,-0.9,3.9783276,439.1,30.1,0.65911032
1021.9,3922.7,7.9,-0.7,4.0086071,439.4,30.1,0.65887742
999.1,3923.2,-22.8,0.5,3.9196691,439.7,30.1,0.65864452
997.9,3922.8,-1.2,-0.4,3.9145621,440,30.1,0.65841161
999,3922.5,1.1,-0.3,3.9185775,440.3,30.1,0.65817871
1001,3922,2,-0.5,3.925922,440.5,30.1,0.65802345
1007,3921.4,6,-0.6,3.9488498,440.8,30.1,0.65779054
1009,3921,2,-0.4,3.956289,441.1,30.1,0.65755764
1011,3920.6,2,-0.4,3.9637266,441.4,30.1,0.65732474
1012.1,3920.2,1.1,-0.4,3.9676344,441.7,30.1,0.65709184
1007.9,3920,-4.2,-0.2,3.950968,441.9,30.1,0.65693657
1002,3919.9,-5.9,-0.1,3.9277398,442.2,30.1,0.65670367
995,3919.9,-7,0,3.9003005,442.5,30.1,0.65647077
1007,3919.1,12,-0.8,3.9465337,442.8,30.1,0.65623787
1009,3918.7,2,-0.4,3.9539683,443.1,30.1,0.65600497
1019.9,3918,10.9,-0.7,3.9959682,443.3,30.1,0.6558497
999.1,3918.5,-20.8,0.5,3.9149733,443.6,30.1,0.6556168
1019.9,3917.4,20.8,-1.1,3.9953563,443.9,30.1,0.6553839
994,3918.1,-25.9,0.7,3.8945914,444.2,30.1,0.655151
1002.9,3917.5,8.9,-0.6,3.9288607,444.5,30.1,0.6549181
1005,3917.1,2.1,-0.4,3.9366855,444.7,30.1,0.65476283
995,3917.2,-10,0.1,3.897614,445,30.1,0.65452993
998,3916.9,3,-0.3,3.9090662,445.3,30.1,0.65429703
1011,3916.1,13,-0.8,3.9591771,445.6,30.1,0.65406413
1002.9,3916.2,-8.1,0.1,3.927557,445.8,30.1,0.65390886
1004,3915.8,1.1,-0.4,3.9314632,446.1,30.1,0.65367596
1001.9,3915.7,-2.1,-0.1,3.9231398,446.4,30.1,0.65344306
1021.9,3914.6,20,-1.1,4.0003297,446.7,30.1,0.65321015
989,3915.7,-32.9,1.1,3.8726273,447,30.1,0.65297725
1005.9,3914.8,16.9,-0.9,3.9378973,447.2,30.1,0.65282199
995,3915,-10.9,0.2,3.895425,447.5,30.1,0.65258908
1010.1,3914.2,15.1,-0.8,3.9537334,447.8,30.1,0.65235618
987.1,3914.8,-23,0.6,3.8642991,448.1,30.1,0.65212328
993.9,3914.3,6.8,-0.5,3.8904228,448.3,30.1,0.65196801
1002,3913.9,8.1,-0.4,3.9217278,448.6,30.1,0.65173511
985.1,3914.2,-16.9,0.3,3.8558784,448.9,30.1,0.65150221
1002.9,3913.4,17.8,-0.8,3.9247489,449.2,30.1,0.65126931
1008.9,3912.9,6,-0.5,3.9477248,449.5,30.1,0.65103641
1011,3912.6,2.1,-0.3,3.9556386,449.7,30.1,0.65088114
1016,3912.2,5,-0.4,3.9747952,450,30.1,0.65064824
988.9,3913,-27.1,0.8,3.8695657,450.3,30.1,0.65041534
991,3912.8,2.1,-0.2,3.8775848,450.6,30.1,0.65018244
1022.1,3911.4,31.1,-1.4,3.9978419,450.9,30.1,0.64994954
998.9,3912,-23.2,0.6,3.9076968,451.1,30.1,0.64979427
1004.9,3911.6,6,-0.4,3.9307668,451.4,30.1,0.64956137
1005.1,3911.4,0.2,-0.2,3.9313481,451.7,30.1,0.64932847
1010.9,3911,5.8,-0.4,3.9536299,452,30.1,0.64909557
986.9,3911.7,-24,0.7,3.8604567,452.2,30.1,0.6489403
1009,3910.7,22.1,-1,3.9458963,452.5,30.1,0.6487074
1021,3910,12,-0.7,3.99211,452.8,30.1,0.6484745
990.9,3911,-30.1,1,3.8754099,453.1,30.1,0.6482416
990,3910.8,-0.9,-0.2,3.871692,453.4,30.1,0.64800869
990.9,3910.7,0.9,-0.1,3.8751126,453.6,30.1,0.64785343
1006.9,3909.9,16,-0.8,3.9368783,453.9,30.1,0.64762053
1013.1,3909.5,6.2,-0.4,3.9607144,454.2,30.1,0.64738763
992.9,3910,-20.2,0.5,3.882239,454.5,30.1,0.64715472
995,3909.8,2.1,-0.2,3.890251,454.8,30.1,0.64692182
998.8,3909.5,3.8,-0.3,3.9048086,455,30.1,0.64676656
1001,3909.2,2.2,-0.3,3.9131092,455.3,30.1,0.64653365
1007.9,3908.8,6.9,-0.4,3.9396795,455.6,30,0.64630075
1003,3908.8,-4.9,0,3.9205264,455.9,30.1,0.64606785
992.1,3909.1,-10.9,0.3,3.8782181,456.1,30.1,0.64591258
1015.9,3908,23.8,-1.1,3.9701372,456.4,30,0.64567968
1008.1,3908.1,-7.8,0.1,3.9397556,456.7,30,0.64544678
1003.9,3908.1,-4.2,0,3.9233416,457,30,0.64521388
1001.1,3908.1,-2.8,0,3.9123989,457.3,30,0.64498098
1013.9,3907.4,12.8,-0.7,3.9617129,457.5,30,0.64482571
1018,3907.1,4.1,-0.3,3.9774278,457.8,30.1,0.64459281
1004.9,3907.4,-13.1,0.3,3.9265463,458.1,30,0.64435991
989,3907.9,-15.9,0.5,3.8649131,458.4,30,0.64412701
995,3907.5,6,-0.4,3.8879625,458.7,30.1,0.64389411
1015,3906.6,20,-0.9,3.965199,458.9,30.1,0.64373884
996.1,3907.2,-18.9,0.6,3.8919619,459.2,30,0.64350594
502,3926.2,-494.1,19,1.9709524,459.4,30,0.64335067
0,3947.1,-502,20.9,0,459.4,30,0.64335067
0,3948.6,0,1.5,0,459.4,30,0.64335067
0,3949.9,0,1.3,0,459.4,30,0.64335067
0,3951,0,1.1,0,459.4,30,0.64335067
0,3952,0,1,0,459.4,30,0.64335067
0,3952.9,0,0.9,0,459.4,30,0.64335067
0,3953.8,0,0.9,0,459.4,30,0.64335067
0,3954.6,0,0.8,0,459.4,30,0.64335067
0,3955.3,0,0.7,0,459.4,30,0.64335067
0,3956.1,0,0.8,0,459.4,30,0.64335067
0,3956.8,0,0.7,0,459.4,30,0.64335067
0,3957.5,0,0.7,0,459.4,30,0.64335067
0,3958.1,0,0.6,0,459.4,30,0.64335067
0,3958.7,0,0.6,0,459.4,30,0.64335067
0,3959.2,0,0.5,0,459.4,30,0.64335067
0,3959.8,0,0.6,0,459.4,30,0.64335067
0,3960.4,0,0.6,0,459.4,30,0.64335067
0,3960.9,0,0.5,0,459.4,30,0.64335067
0,3961.4,0,0.5,0,459.4,30,0.64335067
0,3961.9,0,0.5,0,459.4,30,0.64335067
0,3962.4,0,0.5,0,459.4,30,0.64335067
0,3962.8,0,0.4,0,459.4,30,0.64335067
0,3963.3,0,0.5,0,459.4,30,0.64335067
0,3963.8,0,0.5,0,459.4,30,0.64335067
0,3964.2,0,0.4,0,459.4,30,0.64335067
0,3964.6,0,0.4,0,459.4,30,0.64335067
0,3965,0,0.4,0,459.4,30,0.64335067
0,3965.4,0,0.4,0,459.4,30,0.64335067
0,3965.7,0,0.3,0,459.4,30,0.64335067
0,3966.1,0,0.4,0,459.4,30,0.64335067
0,3966.5,0,0.4,0,459.4,30,0.64335067
0,3966.8,0,0.3,0,459.4,30,0.64335067
0,3967.2,0,0.4,0,459.4,30,0.64335067
0,3967.5,0,0.3,0,459.4,30,0.64335067
0,3967.8,0,0.3,0,459.4,30,0.64335067
0,3968.1,0,0.3,0,459.4,30,0.64335067
0,3968.5,0,0.4,0,459.4,30,0.64335067
0,3968.8,0,0.3,0,459.4,30,0.64335067
0,3969.1,0,0.3,0,459.4,30,0.64335067
0,3969.4,0,0.3,0,459.4,30,0.64335067
0,3969.6,0,0.2,0,459.4,30,0.64335067
0,3969.9,0,0.3,0,459.4,30,0.64335067
0,3970.1,0,0.2,0,459.4,30,0.64335067
0,3970.4,0,0.3,0,459.4,30,0.64335067
0,3970.7,0,0.3,0,459.4,30,0.64335067
0,3970.9,0,0.2,0,459.4,30,0.64335067
0,3971.2,0,0.3,0,459.4,30,0.64335067
0,3971.4,0,0.2,0,459.4,30,0.64335067
0,3971.7,0,0.3,0,459.4,30,0.64335067
0,3971.9,0,0.2,0,459.4,30,0.64335067
0,3972.1,0,0.2,0,459.4,30,0.64335067
0,3972.3,0,0.2,0,459.4,30,0.64335067
0,3972.6,0,0.3,0,459.4,30,0.64335067
0,3972.7,0,0.1,0,459.4,30,0.64335067
0,3973,0,0.3,0,459.4,30,0.64335067
0,3973.2,0,0.2,0,459.4,30,0.64335067
0,3973.4,0,0.2,0,459.4,30,0.64335067
0,3973.6,0,0.2,0,459.4,30,0.64335067
0,3973.7,0,0.1,0,459.4,30,0.64335067
0,3973.9,0,0.2,0,459.4,30,0.64335067
0,3974.1,0,0.2,0,459.4,30,0.64335067
0,3974.3,0,0.2,0,459.4,30,0.64335067
0,3974.5,0,0.2,0,459.4,30,0.64335067
0,3974.7,0,0.2,0,459.4,30,0.64335067
0,3974.8,0,0.1,0,459.4,30,0.64335067
0,3975,0,0.2,0,459.4,30,0.64335067
0,3975.2,0,0.2,0,459.4,30,0.64335067
0,3975.3,0,0.1,0,459.4,30,0.64335067
0,3975.5,0,0.2,0,459.4,30,0.64335067
0,3975.6,0,0.1,0,459.4,30,0.64335067
0,3975.8,0,0.2,0,459.4,30,0.64335067
0,3975.9,0,0.1,0,459.4,30,0.64335067
0,3976.1,0,0.2,0,459.4,30,0.64335067
0,3976.2,0,0.1,0,459.4,30,0.64335067
0,3976.4,0,0.2,0,459.4,30,0.64335067
0,3976.5,0,0.1,0,459.4,30,0.64335067
0,3976.7,0,0.2,0,459.4,30,0.64335067
0,3976.8,0,0.1,0,459.4,30,0.64335067
0,3976.9,0,0.1,0,459.4,30,0.64335067
0,3977.1,0,0.2,0,459.4,30,0.64335067
0,3977.2,0,0.1,0,459.4,30,0.64335067
0,3977.3,0,0.1,0,459.4,30,0.64335067
0,3977.5,0,0.2,0,459.4,30,0.64335067
0,3977.6,0,0.1,0,459.4,30,0.64335067
0,3977.7,0,0.1,0,459.4,30,0.64335067
0,3977.8,0,0.1,0,459.4,30,0.64335067
0,3978,0,0.2,0,459.4,30,0.64335067
0,3978,0,0,0,459.4,30,0.64335067
0,3978.1,0,0.1,0,459.4,30,0.64335067
0,3978.3,0,0.2,0,459.4,30,0.64335067
0,3978.4,0,0.1,0,459.4,30,0.64335067
0,3978.5,0,0.1,0,459.4,30,0.64335067
0,3978.6,0,0.1,0,459.4,30,0.64335067
0,3978.7,0,0.1,0,459.4,30,0.64335067
0,3978.8,0,0.1,0,459.4,30,0.64335067
0,3979,0,0.2,0,459.4,30,0.64335067
0,3979,0,0,0,459.4,30,0.64335067
0,3979.1,0,0.1,0,459.4,30,0.64335067
0,3979.2,0,0.1,0,459.4,30,0.64335067
0,3979.3,0,0.1,0,459.4,30,0.64335067
0,3979.4,0,0.1,0,459.4,30,0.64335067
0,3979.5,0,0.1,0,459.4,30,0.64335067
0,3979.6,0,0.1,0,459.4,30,0.64335067
0,3979.7,0,0.1,0,459.4,30,0.64335067
0,3979.8,0,0.1,0,459.4,30,0.64335067
0,3979.9,0,0.1,0,459.4,30,0.64335067
0,3980,0,0.1,0,459.4,30,0.64335067
0,3980.1,0,0.1,0,459.4,30,0.64335067
0,3980.2,0,0.1,0,459.4,30,0.64335067
0,3980.2,0,0,0,459.4,30,0.64335067
0,3980.3,0,0.1,0,459.4,30,0.64335067
0,3980.4,0,0.1,0,459.4,30,0.64335067
0,3980.5,0,0.1,0,459.4,30,0.64335067
0,3980.5,0,0,0,459.4,30,0.64335067
0,3980.6,0,0.1,0,459.4,30,0.64335067
0,3980.7,0,0.1,0,459.4,30,0.64335067
0,3980.8,0,0.1,0,459.4,30,0.64335067
0,3980.9,0,0.1,0,459.4,30,0.64335067
0,3981,0,0.1,0,459.4,30,0.64335067
0,3981,0,0,0,459.4,30,0.64335067
0,3981.1,0,0.1,0,459.4,30,0.64335067
0,3981.2,0,0.1,0,459.4,30,0.64335067
0,3981.3,0,0.1,0,459.4,30,0.64335067
0,3981.4,0,0.1,0,459.4,30,0.64335067
0,3981.4,0,0,0,459.4,30,0.64335067
0,3981.5,0,0.1,0,459.4,30,0.64335067
0,3981.6,0,0.1,0,459.4,30,0.64335067
0,3981.6,0,0,0,459.4,30,0.64335067
0,3981.7,0,0.1,0,459.4,30,0.64335067
0,3981.8,0,0.1,0,459.4,29.9,0.64335067
0,3981.8,0,0,0,459.4,29.9,0.64335067
0,3981.9,0,0.1,0,459.4,30,0.64335067
0,3981.9,0,0,0,459.4,29.9,0.64335067
0,3982.1,0,0.2,0,459.4,30,0.64335067
0,3982.1,0,0,0,459.4,29.9,0.64335067
0,3982.2,0,0.1,0,459.4,29.9,0.64335067
0,3982.2,0,0,0,459.4,29.9,0.64335067
0,3982.3,0,0.1,0,459.4,29.9,0.64335067
0,3982.4,0,0.1,0,459.4,29.9,0.64335067
0,3982.4,0,0,0,459.4,29.9,0.64335067
0,3982.5,0,0.1,0,459.4,29.9,0.64335067
0,3982.5,0,0,0,459.4,29.9,0.64335067
0,3982.6,0,0.1,0,459.4,29.9,0.64335067
0,3982.7,0,0.1,0,459.4,29.9,0.64335067
0,3982.7,0,0,0,459.4,29.9,0.64335067
0,3982.8,0,0.1,0,459.4,29.9,0.64335067
0,3982.8,0,0,0,459.4,29.9,0.64335067
0,3982.9,0,0.1,0,459.4,29.9,0.64335067
0,3983,0,0.1,0,459.4,29.9,0.64335067
0,3983,0,0,0,459.4,29.9,0.64335067
0,3983,0,0,0,459.4,29.9,0.64335067
0,3983.1,0,0.1,0,459.4,29.9,0.64335067
0,3983.2,0,0.1,0,459.4,29.9,0.64335067
0,3983.3,0,0.1,0,459.4,29.9,0.64335067
0,3983.3,0,0,0,459.4,29.9,0.64335067
0,3983.3,0,0,0,459.4,29.9,0.64335067
0,3983.4,0,0.1,0,459.4,29.9,0.64335067
0,3983.4,0,0,0,459.4,29.9,0.64335067
0,3983.5,0,0.1,0,459.4,29.9,0.64335067
0,3983.5,0,0,0,459.4,29.9,0.64335067
0,3983.6,0,0.1,0,459.4,29.9,0.64335067
0,3983.7,0,0.1,0,459.4,29.9,0.64335067
0,3983.7,0,0,0,459.4,29.9,0.64335067
0,3983.7,0,0,0,459.4,29.9,0.64335067
0,3983.8,0,0.1,0,459.4,29.9,0.64335067
0,3983.9,0,0.1,0,459.4,29.9,0.64335067
0,3983.9,0,0,0,459.4,29.9,0.64335067
0,3984,0,0.1,0,459.4,29.9,0.64335067
0,3984,0,0,0,459.4,29.9,0.64335067
0,3984,0,0,0,459.4,29.9,0.64335067
0,3984.1,0,0.1,0,459.4,29.9,0.64335067
0,3984.2,0,0.1,0,459.4,29.9,0.64335067
0,3984.2,0,0,0,459.4,29.9,0.64335067
0,3984.2,0,0,0,459.4,29.9,0.64335067
0,3984.3,0,0.1,0,459.4,29.9,0.64335067
0,3984.3,0,0,0,459.4,29.9,0.64335067
0,3984.4,0,0.1,0,459.4,29.9,0.64335067
0,3984.4,0,0,0,459.4,29.9,0.64335067
0,3984.5,0,0.1,0,459.4,29.9,0.64335067
0,3984.5,0,0,0,459.4,29.9,0.64335067
0,3984.6,0,0.1,0,459.4,29.9,0.64335067
0,3984.6,0,0,0,459.4,29.9,0.64335067
0,3984.6,0,0,0,459.4,29.9,0.64335067
0,3984.7,0,0.1,0,459.4,29.9,0.64335067
0,3984.8,0,0.1,0,459.4,29.9,0.64335067
0,3984.8,0,0,0,459.4,29.9,0.64335067
0,3984.8,0,0,0,459.4,29.9,0.64335067
0,3984.9,0,0.1,0,459.4,29.9,0.64335067
0,3984.9,0,0,0,459.4,29.9,0.64335067
0,3984.9,0,0,0,459.4,29.9,0.64335067
0,3985,0,0.1,0,459.4,29.9,0.64335067
0,3985,0,0,0,459.4,29.9,0.64335067
0,3985.1,0,0.1,0,459.4,29.9,0.64335067
0,3985.1,0,0,0,459.4,29.9,0.64335067
0,3985.1,0,0,0,459.4,29.9,0.64335067
0,3985.2,0,0.1,0,459.4,29.9,0.64335067
0,3985.2,0,0,0,459.4,29.9,0.64335067
0,3985.2,0,0,0,459.4,29.9,0.64335067
0,3985.3,0,0.1,0,459.4,29.9,0.64335067
0,3985.3,0,0,0,459.4,29.9,0.64335067
0,3985.4,0,0.1,0,459.4,29.9,0.64335067
0,3985.4,0,0,0,459.4,29.9,0.64335067
0,3985.5,0,0.1,0,459.4,29.9,0.64335067
0,3985.5,0,0,0,459.4,29.9,0.64335067
0,3985.5,0,0,0,459.4,29.9,0.64335067
0,3985.6,0,0.1,0,459.4,29.9,0.64335067
0,3985.6,0,0,0,459.4,29.9,0.64335067
0,3985.7,0,0.1,0,459.4,29.9,0.64335067
0,3985.7,0,0,0,459.4,29.9,0.64335067
0,3985.7,0,0,0,459.4,29.9,0.64335067
0,3985.8,0,0.1,0,459.4,29.9,0.64335067
0,3985.8,0,0,0,459.4,29.9,0.64335067
0,3985.8,0,0,0,459.4,29.9,0.64335067
0,3985.9,0,0.1,0,459.4,29.9,0.64335067
0,3985.9,0,0,0,459.4,29.9,0.64335067
0,3985.9,0,0,0,459.4,29.9,0.64335067
0,3986,0,0.1,0,459.4,29.9,0.64335067
0,3986,0,0,0,459.4,29.9,0.64335067
0,3986.1,0,0.1,0,459.4,29.9,0.64335067
0,3986.1,0,0,0,459.4,29.9,0.64335067
0,3986.1,0,0,0,459.4,29.9,0.64335067
0,3986.2,0,0.1,0,459.4,29.9,0.64335067
0,3986.2,0,0,0,459.4,29.9,0.64335067
0,3986.2,0,0,0,459.4,29.9,0.64335067
0,3986.2,0,0,0,459.4,29.9,0.64335067
0,3986.3,0,0.1,0,459.4,29.9,0.64335067
0,3986.3,0,0,0,459.4,29.9,0.64335067
0,3986.3,0,0,0,459.4,29.9,0.64335067
0,3986.3,0,0,0,459.4,29.9,0.64335067
0,3986.4,0,0.1,0,459.4,29.9,0.64335067
0,3986.4,0,0,0,459.4,29.9,0.64335067
0,3986.5,0,0.1,0,459.4,29.9,0.64335067
0,3986.5,0,0,0,459.4,29.9,0.64335067
0,3986.5,0,0,0,459.4,29.9,0.64335067
0,3986.6,0,0.1,0,459.4,29.9,0.64335067
0,3986.6,0,0,0,459.4,29.9,0.64335067
0,3986.6,0,0,0,459.4,29.9,0.64335067
0,3986.6,0,0,0,459.4,29.9,0.64335067
0,3986.7,0,0.1,0,459.4,29.9,0.64335067
0,3986.7,0,0,0,459.4,29.9,0.64335067
0,3986.8,0,0.1,0,459.4,29.9,0.64335067
0,3986.8,0,0,0,459.4,29.9,0.64335067
0,3986.8,0,0,0,459.4,29.9,0.64335067
0,3986.8,0,0,0,459.4,29.9,0.64335067
0,3986.9,0,0.1,0,459.4,29.9,0.64335067
0,3986.9,0,0,0,459.4,29.9,0.64335067
0,3986.9,0,0,0,459.4,29.9,0.64335067
0,3987,0,0.1,0,459.4,29.9,0.64335067
0,3987,0,0,0,459.4,29.9,0.64335067
0,3987,0,0,0,459.4,29.9,0.64335067
0,3987.1,0,0.1,0,459.4,29.9,0.64335067
0,3987.1,0,0,0,459.4,29.9,0.64335067
0,3987.1,0,0,0,459.4,29.9,0.64335067
0,3987.1,0,0,0,459.4,29.9,0.64335067
0,3987.2,0,0.1,0,459.4,29.9,0.64335067
0,3987.2,0,0,0,459.4,29.9,0.64335067
0,3987.2,0,0,0,459.4,29.9,0.64335067
0,3987.3,0,0.1,0,459.4,29.9,0.64335067
0,3987.3,0,0,0,459.4,29.9,0.64335067
0,3987.3,0,0,0,459.4,29.9,0.64335067
0,3987.4,0,0.1,0,459.4,29.9,0.64335067
0,3987.4,0,0,0,459.4,29.9,0.64335067
0,3987.4,0,0,0,459.4,29.9,0.64335067
0,3987.4,0,0,0,459.4,29.9,0.64335067
0,3987.5,0,0.1,0,459.4,29.9,0.64335067
0,3987.5,0,0,0,459.4,29.9,0.64335067
0,3987.5,0,0,0,459.4,29.9,0.64335067
0,3987.5,0,0,0,459.4,29.9,0.64335067
0,3987.6,0,0.1,0,459.4,29.9,0.64335067
0,3987.6,0,0,0,459.4,29.9,0.64335067
0,3987.6,0,0,0,459.4,29.9,0.64335067
0,3987.7,0,0.1,0,459.4,29.9,0.64335067
0,3987.7,0,0,0,459.4,29.9,0.64335067
0,3987.7,0,0,0,459.4,29.9,0.64335067
0,3987.7,0,0,0,459.4,29.9,0.64335067
0,3987.7,0,0,0,459.4,29.9,0.64335067
0,3987.8,0,0.1,0,459.4,29.9,0.64335067
0,3987.8,0,0,0,459.4,29.9,0.64335067
0,3987.8,0,0,0,459.4,29.9,0.64335067
0,3987.9,0,0.1,0,459.4,29.9,0.64335067
0,3987.8,0,-0.1,0,459.4,29.9,0.64335067
0,3987.9,0,0.1,0,459.4,29.9,0.64335067
0,3987.9,0,0,0,459.4,29.9,0.64335067
0,3987.9,0,0,0,459.4,29.9,0.64335067
0,3988,0,0.1,0,459.4,29.9,0.64335067
0,3988,0,0,0,459.4,29.9,0.64335067
0,3988,0,0,0,459.4,29.9,0.64335067
0,3988,0,0,0,459.4,29.9,0.64335067
0,3988.1,0,0.1,0,459.4,29.9,0.64335067
0,3988.1,0,0,0,459.4,29.9,0.64335067
0,3988.1,0,0,0,459.4,29.9,0.64335067
0,3988.2,0,0.1,0,459.4,29.9,0.64335067
0,3988.2,0,0,0,459.4,29.9,0.64335067
0,3988.2,0,0,0,459.4,29.9,0.64335067
0,3988.2,0,0,0,459.4,29.9,0.64335067
0,3988.3,0,0.1,0,459.4,29.9,0.64335067
0,3988.3,0,0,0,459.4,29.9,0.64335067
0,3988.3,0,0,0,459.4,29.9,0.64335067
0,3988.3,0,0,0,459.4,29.9,0.64335067
0,3988.4,0,0.1,0,459.4,29.9,0.64335067
0,3988.4,0,0,0,459.4,29.9,0.64335067
0,3988.4,0,0,0,459.4,29.9,0.64335067
0,3988.4,0,0,0,459.4,29.9,0.64335067
0,3988.4,0,0,0,459.4,29.9,0.64335067
0,3988.5,0,0.1,0,459.4,29.9,0.64335067
0,3988.5,0,0,0,459.4,29.9,0.64335067
0,3988.5,0,0,0,459.4,29.9,0.64335067
0,3988.5,0,0,0,459.4,29.9,0.64335067
0,3988.5,0,0,0,459.4,29.9,0.64335067
0,3988.5,0,0,0,459.4,29.9,0.64335067
0,3988.6,0,0.1,0,459.4,29.9,0.64335067
0,3988.6,0,0,0,459.4,29.9,0.64335067
0,3988.6,0,0,0,459.4,29.9,0.64335067
0,3988.6,0,0,0,459.4,29.9,0.64335067
0,3988.7,0,0.1,0,459.4,29.9,0.64335067
0,3988.7,0,0,0,459.4,29.9,0.64335067
0,3988.7,0,0,0,459.4,29.9,0.64335067
0,3988.7,0,0,0,459.4,29.9,0.64335067
0,3988.8,0,0.1,0,459.4,29.9,0.64335067
0,3988.8,0,0,0,459.4,29.9,0.64335067
0,3988.8,0,0,0,459.4,29.9,0.64335067
0,3988.8,0,0,0,459.4,29.9,0.64335067
0,3988.8,0,0,0,459.4,29.9,0.64335067
0,3988.9,0,0.1,0,459.4,29.9,0.64335067
0,3988.9,0,0,0,459.4,29.9,0.64335067
0,3988.9,0,0,0,459.4,29.9,0.64335067
0,3988.9,0,0,0,459.4,29.9,0.64335067
0,3989,0,0.1,0,459.4,29.9,0.64335067
0,3989,0,0,0,459.4,29.9,0.64335067
0,3989,0,0,0,459.4,29.9,0.64335067
0,3989,0,0,0,459.4,29.9,0.64335067
0,3989,0,0,0,459.4,29.9,0.64335067
0,3989.1,0,0.1,0,459.4,29.9,0.64335067
0,3989.1,0,0,0,459.4,29.9,0.64335067
0,3989.1,0,0,0,459.4,29.9,0.64335067
0,3989.1,0,0,0,459.4,29.9,0.64335067
0,3989.1,0,0,0,459.4,29.9,0.64335067
0,3989.1,0,0,0,459.4,29.9,0.64335067
0,3989.2,0,0.1,0,459.4,29.9,0.64335067
0,3989.2,0,0,0,459.4,29.9,0.64335067
0,3989.2,0,0,0,459.4,29.9,0.64335067
0,3989.2,0,0,0,459.4,29.9,0.64335067
0,3989.3,0,0.1,0,459.4,29.9,0.64335067
0,3989.2,0,-0.1,0,459.4,29.9,0.64335067
0,3989.3,0,0.1,0,459.4,29.9,0.64335067
0,3989.3,0,0,0,459.4,29.9,0.64335067
0,3989.3,0,0,0,459.4,29.9,0.64335067
0,3989.4,0,0.1,0,459.4,29.9,0.64335067
0,3989.4,0,0,0,459.4,29.9,0.64335067
0,3989.4,0,0,0,459.4,29.9,0.64335067
0,3989.4,0,0,0,459.4,29.9,0.64335067
0,3989.4,0,0,0,459.4,29.9,0.64335067
0,3989.4,0,0,0,459.4,29.9,0.64335067
272.9,3978.3,272.9,-11.1,1.0856781,459.4,29.9,0.64335067
552.9,3967,280,-11.3,2.1933543,459.6,29.9,0.6431954
553,3966.1,0.1,-0.9,2.1932533,459.7,29.9,0.64311777
533.8,3966.1,-19.2,0,2.1171042,459.9,29.9,0.6429625
544,3965.1,10.2,-1,2.1570144,460,29.9,0.64288487
533.9,3964.9,-10.1,-0.2,2.1168601,460.2,29.9,0.6427296
537,3964.4,3.1,-0.5,2.1288828,460.3,29.9,0.64265197
560.9,3962.9,23.9,-1.5,2.2227906,460.5,29.9,0.6424967
550.9,3962.8,-10,-0.1,2.1831065,460.6,29.9,0.64241907
550,3962.3,-0.9,-0.5,2.179265,460.8,29.9,0.6422638
543.9,3962.1,-6.1,-0.2,2.1549862,460.9,29.9,0.64218617
548,3961.6,4.1,-0.5,2.1709568,461.1,29.9,0.6420309
536.9,3961.6,-11.1,0,2.126983,461.2,29.9,0.64195326
544,3961,7.1,-0.6,2.154784,461.4,29.9,0.641798
534,3961,-10,0,2.115174,461.5,29.9,0.64172036
553.9,3959.8,19.9,-1.2,2.1933332,461.7,29.9,0.6415651
533,3960.3,-20.9,0.5,2.1108399,461.8,29.9,0.64148746
544.8,3959.5,11.8,-0.8,2.1571356,462,29.9,0.64133219
541,3959.3,-3.8,-0.2,2.1419813,462.1,29.9,0.64125456
555.9,3958.4,14.9,-0.9,2.2004746,462.3,29.9,0.64109929
542.1,3958.6,-13.8,0.2,2.1459571,462.5,29.9,0.64094403
556.9,3957.7,14.8,-0.9,2.2040431,462.6,29.9,0.64086639
553,3957.6,-3.9,-0.1,2.1885528,462.8,29.9,0.64071112
541.9,3957.7,-11.1,0.1,2.1446776,462.9,29.9,0.64063349
559,3956.8,17.1,-0.9,2.2118512,463.1,29.9,0.64047822
547.9,3956.9,-11.1,0.1,2.1679855,463.2,29.9,0.64040059
556,3956.3,8.1,-0.6,2.1997028,463.4,29.9,0.64024532
549.9,3956.3,-6.1,0,2.1755694,463.5,29.9,0.64016769
536,3956.5,-13.9,0.2,2.120684,463.7,29.9,0.64001242
545.9,3955.9,9.9,-0.6,2.1595258,463.8,29.9,0.63993479
536,3956,-9.9,0.1,2.120416,464,29.9,0.63977952
546.9,3955.4,10.9,-0.6,2.1632083,464.1,29.9,0.63970189
552.9,3954.9,6,-0.5,2.1866642,464.3,29.9,0.63954662
536,3955.4,-16.9,0.5,2.1200944,464.4,29.9,0.63946899
551.9,3954.5,15.9,-0.9,2.1824885,464.6,29.9,0.63931372
553.1,3954.2,1.2,-0.3,2.187068,464.7,29.9,0.63923608
540.9,3954.5,-12.2,0.3,2.1389891,464.9,29.9,0.63908082
542,3954.2,1.1,-0.3,2.1431764,465,29.9,0.63900318
550.9,3953.7,8.9,-0.5,2.1780933,465.2,29.9,0.63884792
557.9,3953.2,7,-0.5,2.2054903,465.3,29.9,0.63877028
550,3953.3,-7.9,0.1,2.174315,465.5,29.9,0.63861501
544.9,3953.3,-5.1,0,2.1541532,465.7,29.9,0.63845975
545,3953.1,0.1,-0.2,2.1544395,465.8,29.9,0.63838211
551.9,3952.6,6.9,-0.5,2.1814399,466,29.9,0.63822685
545.9,3952.7,-6,0.1,2.1577789,466.1,29.9,0.63814921
548,3952.4,2.1,-0.3,2.1659152,466.3,29.9,0.63799394
537.9,3952.6,-10.1,0.2,2.1261035,466.4,29.9,0.63791631
547,3952.1,9.1,-0.5,2.1617987,466.6,29.9,0.63776104
547.9,3951.9,0.9,-0.2,2.165246,466.7,29.9,0.63768341
541,3951.9,-6.9,0,2.1379779,466.9,29.9,0.63752814
540.9,3951.8,-0.1,-0.1,2.1375286,467,29.9,0.63745051
541.9,3951.6,1,-0.2,2.141372,467.2,29.9,0.63729524
550,3951.1,8.1,-0.5,2.173105,467.3,29.9,0.63721761
534,3951.6,-16,0.5,2.1101544,467.5,29.8,0.63706234
545.9,3951,11.9,-0.6,2.1568509,467.6,29.8,0.63698471
543,3950.9,-2.9,-0.1,2.1453387,467.8,29.8,0.63682944
543.9,3950.7,0.9,-0.2,2.1487857,467.9,29.9,0.6367518
546,3950.5,2.1,-0.2,2.156973,468.1,29.9,0.63659654
554.9,3950,8.9,-0.5,2.191855,468.2,29.8,0.6365189
567.9,3949.4,13,-0.6,2.2428643,468.4,29.8,0.63636364
544,3950.1,-23.9,0.7,2.1488544,468.5,29.8,0.636286
545.9,3949.9,1.9,-0.2,2.1562504,468.7,29.8,0.63613074
559,3949.2,13.1,-0.7,2.2076028,468.8,29.8,0.6360531
554.9,3949.2,-4.1,0,2.1914111,469,29.8,0.63589783
546.1,3949.4,-8.8,0.2,2.1567673,469.1,29.8,0.6358202
544.9,3949.3,-1.2,-0.1,2.1519736,469.3,29.8,0.63566493
550,3949,5.1,-0.3,2.17195,469.5,29.8,0.63550967
536.1,3949.4,-13.9,0.4,2.1172733,469.6,29.8,0.63543203
544.9,3948.9,8.8,-0.5,2.1517556,469.8,29.8,0.63527676
533,3949.3,-11.9,0.4,2.1049769,469.9,29.8,0.63519913
559.8,3948.2,26.8,-1.1,2.2102024,470.1,29.8,0.63504386
555,3948.1,-4.8,-0.1,2.1911955,470.2,29.8,0.63496623
554,3948.1,-1,0,2.1872474,470.4,29.8,0.63481096
538.9,3948.5,-15.1,0.4,2.1278467,470.5,29.8,0.63473333
559,3947.7,20.1,-0.8,2.2067643,470.7,29.8,0.63457806
550.9,3947.8,-8.1,0.1,2.174843,470.8,29.8,0.63450043
548,3947.9,-2.9,0.1,2.1634492,471,29.8,0.63434516
555,3947.4,7,-0.5,2.190807,471.1,29.8,0.63426753
545.9,3947.6,-9.1,0.2,2.1549948,471.3,29.8,0.63411226
556.8,3947.1,10.9,-0.5,2.1977453,471.4,29.8,0.63403462
549,3947.3,-7.8,0.2,2.1670677,471.6,29.8,0.63387936
545,3947.3,-4,0,2.1512785,471.7,29.8,0.63380172
545.9,3947.2,0.9,-0.1,2.1547765,471.9,29.8,0.63364646
545.1,3947.1,-0.8,-0.1,2.1515642,472,29.8,0.63356882
542.9,3947.1,-2.2,0,2.1428806,472.2,29.8,0.63341355
540.1,3947.1,-2.8,0,2.1318287,472.3,29.8,0.63333592
536.9,3947.1,-3.2,0,2.119198,472.5,29.8,0.63318065
535.1,3947.1,-1.8,0,2.1120932,472.6,29.8,0.63310302
551.8,3946.4,16.7,-0.7,2.1776235,472.8,29.8,0.63294775
550.9,3946.2,-0.9,-0.2,2.1739616,472.9,29.8,0.63287012
553.9,3946,3,-0.2,2.1856894,473.1,29.8,0.63271485
539.9,3946.5,-14,0.5,2.1307154,473.2,29.8,0.63263722
555,3945.8,15.1,-0.7,2.189919,473.4,29.8,0.63248195
556.9,3945.6,1.9,-0.2,2.1973046,473.6,29.8,0.63232668
551,3945.7,-5.9,0.1,2.1740807,473.7,29.8,0.63224905
555.9,3945.4,4.9,-0.3,2.1932479,473.9,29.8,0.63209378
544.9,3945.7,-11,0.3,2.1500119,474,29.8,0.63201615
550,3945.5,5.1,-0.2,2.170025,474.2,29.8,0.63186088
537.8,3945.8,-12.2,0.3,2.1220512,474.3,29.8,0.63178325
539.9,3945.7,2.1,-0.1,2.1302834,474.5,29.8,0.63162798
551.9,3945.2,12,-0.5,2.1773559,474.6,29.8,0.63155035
547.9,3945.2,-4,0,2.1615751,474.8,29.8,0.63139508
555.1,3944.8,7.2,-0.4,2.1897585,474.9,29.8,0.63131744
548.8,3944.9,-6.3,0.1,2.1649611,475.1,29.9,0.63116218
542.9,3945.1,-5.9,0.2,2.1417948,475.2,29.8,0.63108454
553,3944.6,10.1,-0.5,2.1813638,475.4,29.8,0.63092928
547.9,3944.7,-5.1,0.1,2.1613011,475.5,29.8,0.63085164
559,3944.2,11.1,-0.5,2.2048078,475.7,29.9,0.63069637
525.9,3945.4,-33.1,1.2,2.0748859,475.8,29.9,0.63061874
536,3944.9,10.1,-0.5,2.1144664,476,29.9,0.63046347
538.9,3944.7,2.9,-0.2,2.1257988,476.1,29.9,0.63038584
544.9,3944.4,6,-0.3,2.1493036,476.3,29.8,0.63023057
535,3944.7,-9.9,0.3,2.1104145,476.4,29.8,0.63015294
543,3944.3,8,-0.4,2.1417549,476.6,29.9,0.62999767
523.9,3945,-19.1,0.7,2.0667855,476.7,29.9,0.62992004
532,3944.6,8.1,-0.4,2.0985272,476.9,29.9,0.62976477
547.8,3944,15.8,-0.6,2.1605232,477,29.8,0.62968714
533,3944.4,-14.8,0.4,2.1023652,477.2,29.8,0.62953187
535.9,3944.2,2.9,-0.2,2.1136968,477.3,29.8,0.62945423
546.9,3943.8,11,-0.4,2.1568642,477.5,29.9,0.62929897
538,3944,-8.9,0.2,2.121872,477.6,29.9,0.62922133
539.9,3943.9,1.9,-0.1,2.1293116,477.8,29.9,0.62906607
538.1,3943.9,-1.8,0,2.1222126,477.9,29.9,0.62898843
546.9,3943.5,8.8,-0.4,2.1567002,478.1,29.8,0.62883317
709,3937.1,162.1,-6.4,2.7914039,478.3,29.8,0.6286779
867.9,3930.5,158.9,-6.6,3.411281,478.5,29.8,0.62852263
874,3929.7,6.1,-0.8,3.4345578,478.8,29.9,0.62828973
864,3929.5,-10,-0.2,3.395088,479,29.8,0.62813446
879.9,3928.4,15.9,-1.1,3.4565992,479.2,29.8,0.62797919
878.1,3928.2,-1.8,-0.2,3.4493524,479.5,29.8,0.62774629
877.9,3927.7,-0.2,-0.5,3.4481278,479.7,29.8,0.62759103
861.9,3928,-16,0.3,3.3855432,480,29.8,0.62735812
873,3927.2,11.1,-0.8,3.4284456,480.2,29.8,0.62720286
862.9,3927.2,-10.1,0,3.3887809,480.5,29.8,0.62696996
877,3926.4,14.1,-0.8,3.4434528,480.7,29.8,0.62681469
883,3925.8,6,-0.6,3.4664814,480.9,29.8,0.62665942
875.9,3925.7,-7.1,-0.1,3.4385206,481.2,29.8,0.62642652
885.1,3925,9.2,-0.7,3.4740175,481.4,29.8,0.62627125
872.9,3925.2,-12.2,0.2,3.4263071,481.7,29.8,0.62603835
866,3925.2,-6.9,0,3.3992232,481.9,29.8,0.62588308
870,3924.7,4,-0.5,3.414489,482.2,29.8,0.62565018
860.9,3924.8,-9.1,0.1,3.3788603,482.4,29.8,0.62549491
882,3923.8,21.1,-1,3.4607916,482.6,29.8,0.62533965
875.9,3923.7,-6.1,-0.1,3.4367688,482.9,29.8,0.62510675
885,3923.1,9.1,-0.6,3.4719435,483.1,29.8,0.62495148
872,3923.3,-13,0.2,3.4211176,483.4,29.8,0.62471858
877.9,3922.8,5.9,-0.5,3.4438261,483.6,29.8,0.62456331
874,3922.7,-3.9,-0.1,3.4284398,483.9,29.8,0.62433041
870,3922.6,-4,-0.1,3.412662,484.1,29.8,0.62417514
868,3922.5,-2,-0.1,3.40473,484.3,29.8,0.62401987
875.1,3922,7.1,-0.5,3.4321422,484.6,29.8,0.62378697
873,3921.8,-2.1,-0.2,3.4237314,484.8,29.8,0.62363171
867,3921.8,-6,0,3.4002006,485.1,29.8,0.6233988
869.9,3921.5,2.9,-0.3,3.4113128,485.3,29.8,0.62324354
871,3921.2,1.1,-0.3,3.4153652,485.6,29.8,0.62301064
860,3921.4,-11,0.2,3.372404,485.8,29.8,0.62285537
871.9,3920.8,11.9,-0.6,3.4185455,486,29.8,0.6227001
873.1,3920.5,1.2,-0.3,3.4229885,486.3,29.8,0.6224672
878,3920.1,4.9,-0.4,3.4418478,486.5,29.8,0.62231193
854,3920.8,-24,0.7,3.3483632,486.8,29.8,0.62207903
870,3920,16,-0.8,3.4104,487,29.8,0.62192376
853.9,3920.4,-16.1,0.4,3.3476296,487.2,29.8,0.6217685
873,3919.6,19.1,-0.8,3.4218108,487.5,29.8,0.6215356
875.9,3919.2,2.9,-0.4,3.4328273,487.7,29.8,0.62138033
862.9,3919.5,-13,0.3,3.3821366,488,29.9,0.62114743
864.9,3919.3,2,-0.2,3.3898026,488.2,29.9,0.62099216
873.9,3918.7,9,-0.6,3.4245519,488.4,29.9,0.62083689
878.9,3918.3,5,-0.4,3.4437939,488.7,29.8,0.62060399
869,3918.5,-9.9,0.2,3.4051765,488.9,29.9,0.62044872
863,3918.6,-6,0.1,3.3817518,489.2,29.9,0.62021582
873,3918,10,-0.6,3.420414,489.4,29.9,0.62006055
862,3918.2,-11,0.2,3.3774884,489.7,29.9,0.61982765
868.9,3917.9,6.9,-0.3,3.4042633,489.9,29.9,0.61967239
867,3917.7,-1.9,-0.2,3.3966459,490.1,29.9,0.61951712
881.9,3917,14.9,-0.7,3.4544023,490.4,29.9,0.61928422
861.9,3917.6,-20,0.6,3.3765794,490.6,29.9,0.61912895
864.9,3917.3,3,-0.3,3.3880728,490.9,29.9,0.61889605
876,3916.7,11.1,-0.6,3.4310292,491.1,29.9,0.61874078
863,3917,-13,0.3,3.380371,491.3,29.9,0.61858551
885,3916,22,-1,3.46566,491.6,29.9,0.61835261
875,3916.2,-10,0.2,3.426675,491.8,29.9,0.61819734
874.9,3916,-0.1,-0.2,3.4261084,492.1,29.9,0.61796444
870,3916.1,-4.9,0.1,3.407007,492.3,29.9,0.61780918
888,3915.2,18,-0.9,3.4766976,492.6,29.9,0.61757628
884,3915.2,-4,0,3.4610368,492.8,29.9,0.61742101
877,3915.3,-7,0.1,3.4337181,493.1,29.9,0.61718811
870,3915.4,-7,0.1,3.406398,493.3,29.9,0.61703284
867,3915.4,-3,0,3.3946518,493.5,29.9,0.61687757
855.1,3915.7,-11.9,0.3,3.3483151,493.8,29.9,0.61664467
879,3914.7,23.9,-1,3.4410213,494,29.9,0.6164894
885,3914.3,6,-0.4,3.4641555,494.3,29.9,0.6162565
870,3914.7,-15,0.4,3.405789,494.5,29.9,0.61610123
872.9,3914.4,2.9,-0.3,3.4168798,494.7,29.9,0.61594597
885,3913.8,12.1,-0.6,3.463713,495,29.9,0.61571307
872,3914.1,-13,0.3,3.4130952,495.2,29.9,0.6155578
885,3913.5,13,-0.6,3.4634475,495.5,29.9,0.6153249
863.9,3914.1,-21.1,0.6,3.381391,495.7,29.9,0.61516963
877,3913.5,13.1,-0.6,3.4321395,496,29.9,0.61493673
880.9,3913.2,3.9,-0.3,3.4471379,496.2,29.9,0.61478146
877,3913.2,-3.9,0,3.4318764,496.5,29.9,0.61454856
872,3913.3,-5,0.1,3.4123976,496.7,29.9,0.61439329
858,3913.7,-14,0.4,3.3579546,496.9,29.9,0.61423802
850,3913.9,-8,0.2,3.326815,497.2,29.9,0.61400512
876.9,3912.8,26.9,-1.1,3.4311343,497.4,29.9,0.61384986
872,3912.8,-4.9,0,3.4119616,497.7,29.9,0.61361696
854,3913.4,-18,0.6,3.3420436,497.9,29.9,0.61346169
857,3913.1,3,-0.3,3.3535267,498.1,29.9,0.61330642
869,3912.5,12,-0.6,3.3999625,498.4,29.9,0.61307352
870.9,3912.3,1.9,-0.2,3.4072221,498.6,29.9,0.61291825
859,3912.6,-11.9,0.3,3.3609234,498.9,29.9,0.61268535
874,3912,15,-0.6,3.419088,499.1,29.9,0.61253008
858.9,3912.4,-15.1,0.4,3.3603604,499.3,29.9,0.61237482
856.1,3912.4,-2.8,0,3.3494056,499.6,29.9,0.61214191
883,3911.2,26.9,-1.2,3.4535896,499.8,29.9,0.61198665
857,3912.1,-26,0.9,3.3526697,500.1,29.9,0.61175375
866,3911.6,9,-0.5,3.3874456,500.3,29.9,0.61159848
874,3911.2,8,-0.4,3.4183888,500.5,29.9,0.61144321
864.9,3911.4,-9.1,0.2,3.3829699,500.8,29.9,0.61121031
879.9,3910.7,15,-0.7,3.4410249,501,29.9,0.61105504
893,3910.1,13.1,-0.6,3.4917193,501.3,29.9,0.61082214
867.2,3910.9,-25.8,0.8,3.3915325,501.5,29.9,0.61066687
857,3911.1,-10.2,0.2,3.3518127,501.8,29.9,0.61043397
859.8,3911,2.8,-0.1,3.3626778,502,29.9,0.61027871
879,3910.1,19.2,-0.9,3.4369779,502.2,29.9,0.61012344
869,3910.4,-10,0.3,3.3981376,502.5,29.9,0.60989054
870,3910.2,1,-0.2,3.401874,502.7,29.9,0.60973527
870,3910.1,0,-0.1,3.401787,503,29.9,0.60950237
877,3909.7,7,-0.4,3.4288069,503.2,29.9,0.6093471
866,3910,-11,0.3,3.38606,503.4,29.9,0.60919183
868,3909.8,2,-0.2,3.3937064,503.7,29.9,0.60895893
851,3910.3,-17,0.5,3.3276653,503.9,29.9,0.60880366
879,3909.2,28,-1.1,3.4361868,504.2,29.9,0.60857076
858,3909.9,-21,0.7,3.3546942,504.4,29.9,0.6084155
860,3909.6,2,-0.3,3.362256,504.6,29.9,0.60826023
875.9,3908.9,15.9,-0.7,3.4238055,504.9,29.9,0.60802733
866.1,3909.2,-9.8,0.3,3.3857581,505.1,29.9,0.60787206
864,3909.2,-2.1,0,3.3775488,505.4,29.9,0.60763916
866,3908.9,2,-0.3,3.3851074,505.6,29.9,0.60748389
873.1,3908.6,7.1,-0.3,3.4125987,505.8,29.9,0.60732862
436,3925.5,-437.1,16.9,1.711518,506,29.9,0.60717336
0,3944,-436,18.5,0,506,29.9,0.60717336
0,3945.3,0,1.3,0,506,29.9,0.60717336
0,3946.4,0,1.1,0,506,29.9,0.60717336
0,3947.4,0,1,0,506,29.9,0.60717336
0,3948.2,0,0.8,0,506,29.9,0.60717336
0,3949,0,0.8,0,506,29.9,0.60717336
0,3949.8,0,0.8,0,506,29.9,0.60717336
0,3950.5,0,0.7,0,506,29.9,0.60717336
0,3951.1,0,0.6,0,506,29.9,0.60717336
0,3951.8,0,0.7,0,506,29.9,0.60717336
0,3952.3,0,0.5,0,506,29.9,0.60717336
0,3952.9,0,0.6,0,506,29.9,0.60717336
0,3953.5,0,0.6,0,506,29.9,0.60717336
0,3954,0,0.5,0,506,29.9,0.60717336
0,3954.5,0,0.5,0,506,29.9,0.60717336
0,3955,0,0.5,0,506,29.9,0.60717336
0,3955.5,0,0.5,0,506,29.9,0.60717336
0,3955.9,0,0.4,0,506,29.9,0.60717336
0,3956.4,0,0.5,0,506,29.9,0.60717336
0,3956.8,0,0.4,0,506,29.9,0.60717336
0,3957.2,0,0.4,0,506,29.9,0.60717336
0,3957.6,0,0.4,0,506,29.9,0.60717336
0,3958,0,0.4,0,506,29.9,0.60717336
0,3958.4,0,0.4,0,506,29.9,0.60717336
0,3958.8,0,0.4,0,506,29.9,0.60717336
0,3959.1,0,0.3,0,506,29.9,0.60717336
0,3959.5,0,0.4,0,506,29.9,0.60717336
0,3959.8,0,0.3,0,506,29.9,0.60717336
0,3960.1,0,0.3,0,506,29.9,0.60717336
0,3960.5,0,0.4,0,506,29.9,0.60717336
0,3960.8,0,0.3,0,506,29.9,0.60717336
0,3961,0,0.2,0,506,29.9,0.60717336
0,3961.4,0,0.4,0,506,29.9,0.60717336
0,3961.6,0,0.2,0,506,29.9,0.60717336
0,3961.9,0,0.3,0,506,29.9,0.60717336
0,3962.2,0,0.3,0,506,29.9,0.60717336
0,3962.5,0,0.3,0,506,29.9,0.60717336
0,3962.7,0,0.2,0,506,29.9,0.60717336
0,3963,0,0.3,0,506,29.9,0.60717336
0,3963.2,0,0.2,0,506,29.9,0.60717336
0,3963.5,0,0.3,0,506,29.9,0.60717336
0,3963.7,0,0.2,0,506,29.9,0.60717336
0,3964,0,0.3,0,506,29.9,0.60717336
0,3964.2,0,0.2,0,506,29.9,0.60717336
0,3964.4,0,0.2,0,506,29.9,0.60717336
0,3964.6,0,0.2,0,506,29.9,0.60717336
0,3964.8,0,0.2,0,506,29.9,0.60717336
0,3965.1,0,0.3,0,506,29.9,0.60717336
0,3965.3,0,0.2,0,506,29.9,0.60717336
0,3965.4,0,0.1,0,506,29.9,0.60717336
0,3965.6,0,0.2,0,506,29.9,0.60717336
0,3965.9,0,0.3,0,506,29.9,0.60717336
0,3966,0,0.1,0,506,29.9,0.60717336
0,3966.2,0,0.2,0,506,29.9,0.60717336
0,3966.3,0,0.1,0,506,29.9,0.60717336
0,3966.6,0,0.3,0,506,29.9,0.60717336
0,3966.7,0,0.1,0,506,29.9,0.60717336
0,3966.8,0,0.1,0,506,29.9,0.60717336
0,3967,0,0.2,0,506,29.8,0.60717336
0,3967.2,0,0.2,0,506,29.8,0.60717336
0,3967.4,0,0.2,0,506,29.9,0.60717336
0,3967.5,0,0.1,0,506,29.9,0.60717336
0,3967.7,0,0.2,0,506,29.9,0.60717336
0,3967.8,0,0.1,0,506,29.8,0.60717336
0,3967.9,0,0.1,0,506,29.8,0.60717336
0,3968.1,0,0.2,0,506,29.8,0.60717336
0,3968.2,0,0.1,0,506,29.8,0.60717336
0,3968.4,0,0.2,0,506,29.8,0.60717336
0,3968.5,0,0.1,0,506,29.8,0.60717336
0,3968.7,0,0.2,0,506,29.8,0.60717336
0,3968.8,0,0.1,0,506,29.8,0.60717336
0,3968.9,0,0.1,0,506,29.8,0.60717336
0,3969.1,0,0.2,0,506,29.8,0.60717336
0,3969.2,0,0.1,0,506,29.8,0.60717336
0,3969.3,0,0.1,0,506,29.8,0.60717336
0,3969.4,0,0.1,0,506,29.8,0.60717336
0,3969.5,0,0.1,0,506,29.8,0.60717336
0,3969.6,0,0.1,0,506,29.8,0.60717336
0,3969.7,0,0.1,0,506,29.8,0.60717336
0,3969.8,0,0.1,0,506,29.8,0.60717336
0,3970,0,0.2,0,506,29.8,0.60717336
0,3970,0,0,0,506,29.8,0.60717336
0,3970.1,0,0.1,0,506,29.8,0.60717336
0,3970.3,0,0.2,0,506,29.8,0.60717336
0,3970.3,0,0,0,506,29.8,0.60717336
0,3970.5,0,0.2,0,506,29.8,0.60717336
0,3970.6,0,0.1,0,506,29.8,0.60717336
0,3970.7,0,0.1,0,506,29.8,0.60717336
0,3970.8,0,0.1,0,506,29.8,0.60717336
0,3970.9,0,0.1,0,506,29.8,0.60717336
0,3971,0,0.1,0,506,29.8,0.60717336
0,3971,0,0,0,506,29.8,0.60717336
0,3971.2,0,0.2,0,506,29.8,0.60717336
0,3971.2,0,0,0,506,29.8,0.60717336
0,3971.3,0,0.1,0,506,29.8,0.60717336
0,3971.4,0,0.1,0,506,29.8,0.60717336
0,3971.5,0,0.1,0,506,29.8,0.60717336
0,3971.6,0,0.1,0,506,29.8,0.60717336
0,3971.6,0,0,0,506,29.8,0.60717336
0,3971.7,0,0.1,0,506,29.8,0.60717336
0,3971.8,0,0.1,0,506,29.8,0.60717336
0,3971.9,0,0.1,0,506,29.8,0.60717336
0,3972,0,0.1,0,506,29.8,0.60717336
0,3972.1,0,0.1,0,506,29.8,0.60717336
0,3972.1,0,0,0,506,29.8,0.60717336
0,3972.2,0,0.1,0,506,29.8,0.60717336
0,3972.3,0,0.1,0,506,29.8,0.60717336
0,3972.4,0,0.1,0,506,29.8,0.60717336
0,3972.5,0,0.1,0,506,29.8,0.60717336
0,3972.5,0,0,0,506,29.8,0.60717336
0,3972.6,0,0.1,0,506,29.8,0.60717336
0,3972.6,0,0,0,506,29.8,0.60717336
0,3972.7,0,0.1,0,506,29.8,0.60717336
0,3972.8,0,0.1,0,506,29.8,0.60717336
0,3972.8,0,0,0,506,29.8,0.60717336
0,3972.9,0,0.1,0,506,29.8,0.60717336
0,3973,0,0.1,0,506,29.8,0.60717336
0,3973,0,0,0,506,29.8,0.60717336
0,3973.1,0,0.1,0,506,29.8,0.60717336
0,3973.2,0,0.1,0,506,29.8,0.60717336
0,3973.2,0,0,0,506,29.8,0.60717336
0,3973.3,0,0.1,0,506,29.8,0.60717336
0,3973.4,0,0.1,0,506,29.8,0.60717336
0,3973.4,0,0,0,506,29.8,0.60717336
0,3973.5,0,0.1,0,506,29.8,0.60717336
0,3973.5,0,0,0,506,29.8,0.60717336
701.9,3945.7,701.9,-27.8,2.7694868,506.2,29.8,0.60701809
1394.9,3917.4,693,-28.3,5.4643813,506.6,29.8,0.60670755
1408.9,3914.6,14,-2.8,5.5152799,506.9,29.8,0.60647465
1421,3912.3,12.1,-2.3,5.5593783,507.3,29.8,0.60616412
1421,3910.5,0,-1.8,5.5568205,507.7,29.8,0.60585358
1409,3909.5,-12,-1,5.5084855,508.1,29.8,0.60554305
1410.1,3908,1.1,-1.5,5.5106708,508.5,29.8,0.60523251
1400.9,3907.1,-9.2,-0.9,5.4734564,508.9,29.8,0.60492198
1407.1,3905.6,6.2,-1.5,5.4955698,509.3,29.8,0.60461144
1408,3904.4,0.9,-1.2,5.4973952,509.7,29.8,0.60430091
1395,3903.7,-13,-0.7,5.4456615,510.1,29.8,0.60399037
1425,3901.5,30,-2.2,5.5596375,510.5,29.8,0.60367984
1404,3901.2,-21,-0.3,5.4772848,510.9,29.8,0.6033693
1419.1,3899.6,15.1,-1.6,5.5339224,511.3,29.8,0.60305877
1403.1,3899.2,-16,-0.4,5.4709675,511.6,29.8,0.60282587
1405.1,3898.2,2,-1,5.4773608,512,29.8,0.60251533
1384,3898.1,-21.1,-0.1,5.3949704,512.4,29.8,0.6022048
1397.1,3896.7,13.1,-1.4,5.4440796,512.8,29.8,0.60189426
1416,3895.1,18.9,-1.6,5.5154616,513.2,29.8,0.60158373
1392,3895.2,-24,0.1,5.4221184,513.6,29.8,0.60127319
1419,3893.3,27,-1.9,5.5245927,514,29.8,0.60096266
1403,3893.1,-16,-0.2,5.4620193,514.4,29.8,0.60065212
1398.1,3892.5,-4.9,-0.6,5.4421042,514.8,29.8,0.60034159
1402.2,3891.6,4.1,-0.9,5.4568015,515.1,29.8,0.60010869
1418.9,3890.1,16.7,-1.5,5.5196629,515.5,29.8,0.59979815
1410.1,3889.7,-8.8,-0.4,5.484866,515.9,29.8,0.59948762
1405,3889.2,-5.1,-0.5,5.464326,516.3,29.8,0.59917708
1405.1,3888.5,0.1,-0.7,5.4637313,516.7,29.8,0.59886655
1407,3887.8,1.9,-0.7,5.4701346,517.1,29.8,0.59855601
1405.1,3887.2,-1.9,-0.6,5.4619047,517.5,29.8,0.59824548
1412,3886.2,6.9,-1,5.4873144,517.9,29.8,0.59793494
1422.1,3885.2,10.1,-1,5.5251429,518.3,29.8,0.59762441
1404,3885.3,-18.1,0.1,5.4549612,518.7,29.8,0.59731387
1394.1,3885,-9.9,-0.3,5.4160785,519.1,29.8,0.59700334
1413.9,3883.7,19.8,-1.3,5.4911634,519.5,29.8,0.5966928
1410.1,3883.2,-3.8,-0.5,5.4757003,519.8,29.8,0.5964599
1410,3882.6,-0.1,-0.6,5.474466,520.2,29.8,0.59614937
1418,3881.8,8,-0.8,5.5043924,520.6,29.8,0.59583883
1424,3880.9,6,-0.9,5.5264016,521,29.8,0.5955283
1396.9,3881.4,-27.1,0.5,5.4219277,521.4,29.8,0.59521776
1394,3881,-2.9,-0.4,5.410114,521.8,29.8,0.59490723
1405,3880.1,11,-0.9,5.4515405,522.2,29.8,0.59459669
1392.1,3880.1,-12.9,0,5.4014872,522.6,29.8,0.59428616
1410.9,3878.8,18.8,-1.3,5.4725989,523,29.8,0.59397562
1417,3878.1,6.1,-0.7,5.4952677,523.4,29.8,0.59366509
1407,3878,-10,-0.1,5.456346,523.8,29.8,0.59335455
1401,3877.7,-6,-0.3,5.4326577,524.1,29.8,0.59312165
1400.1,3877.3,-0.9,-0.4,5.4286077,524.5,29.8,0.59281112
1393,3877.1,-7.1,-0.2,5.4008003,524.9,29.8,0.59250058
1403.1,3876.3,10.1,-0.8,5.4388365,525.3,29.8,0.59219005
1412,3875.5,8.9,-0.8,5.472206,525.7,29.8,0.59187951
1397,3875.6,-15,0.1,5.4142132,526.1,29.8,0.59156898
1415,3874.5,18,-1.1,5.4824175,526.5,29.8,0.59125844
1390,3875,-25,0.5,5.38625,526.9,29.8,0.59094791
1419.1,3873.5,29.1,-1.5,5.4968838,527.3,29.8,0.59063737
1408,3873.4,-11.1,-0.1,5.4537472,527.7,29.8,0.59032684
1411,3872.9,3,-0.5,5.4646619,528,29.8,0.59009394
1410.1,3872.5,-0.9,-0.4,5.4606122,528.4,29.8,0.5897834
1392.1,3872.8,-18,0.3,5.3913249,528.8,29.8,0.58947287
1400,3872.1,7.9,-0.7,5.42094,529.2,29.8,0.58916233
1419,3871,19,-1.1,5.492949,529.6,29.8,0.5888518
1419,3870.6,0,-0.4,5.4923814,530,29.8,0.58854126
1424,3870,5,-0.6,5.51088,530.4,29.8,0.58823073
1413.9,3870,-10.1,0,5.471793,530.8,29.8,0.58792019
1401.1,3870.1,-12.8,0.1,5.4223971,531.2,29.8,0.58760966
1407.9,3869.5,6.8,-0.6,5.447869,531.6,29.9,0.58729912
1403.1,3869.2,-4.8,-0.3,5.4288745,532,29.9,0.58698859
1407,3868.8,3.9,-0.4,5.4434016,532.4,29.9,0.58667805
1385.2,3869.2,-21.8,0.4,5.3596158,532.7,29.9,0.58644515
1409,3868,23.8,-1.2,5.450012,533.1,29.9,0.58613462
1407.9,3867.7,-1.1,-0.3,5.4453348,533.5,29.9,0.58582408
1414,3867.1,6.1,-0.6,5.4680794,533.9,29.9,0.58551355
1413,3866.7,-1,-0.4,5.4636471,534.3,29.9,0.58520301
1397.1,3867,-15.9,0.3,5.4025857,534.7,29.9,0.58489248
1409,3866.3,11.9,-0.7,5.4476167,535.1,29.9,0.58458194
1395,3866.5,-14,0.2,5.3937675,535.5,29.9,0.58427141
1404.1,3865.8,9.1,-0.7,5.4279698,535.9,29.9,0.58396087
1408,3865.3,3.9,-0.5,5.4423424,536.3,29.9,0.58365034
1409,3864.9,1,-0.4,5.4456441,536.6,29.9,0.58341744
1396,3865.1,-13,0.2,5.3956796,537,29.9,0.5831069
1410.1,3864.3,14.1,-0.8,5.4490494,537.4,29.9,0.58279637
1413,3863.8,2.9,-0.5,5.4595494,537.8,29.9,0.58248583
1408.9,3863.7,-4.1,-0.1,5.4435669,538.2,29.9,0.5821753
1397.1,3863.8,-11.8,0.1,5.398115,538.6,29.9,0.58186476
1411,3862.9,13.9,-0.9,5.4505519,539,29.9,0.58155423
1397,3863.2,-14,0.3,5.3968904,539.4,29.9,0.58124369
1402.1,3862.8,5.1,-0.4,5.4160319,539.8,29.9,0.58093316
1384.2,3863.1,-17.9,0.3,5.347303,540.1,29.9,0.58070026
1426,3861.2,41.8,-1.9,5.5060712,540.5,29.9,0.58038972
1407,3861.6,-19,0.4,5.4332712,540.9,29.9,0.58007919
1411,3861.2,4,-0.4,5.4481532,541.3,29.9,0.57976865
1431,3860.1,20,-1.1,5.5238031,541.7,29.9,0.57945812
1394.1,3861.2,-36.9,1.1,5.3828989,542.1,29.9,0.57914758
1411,3860.3,16.9,-0.9,5.4468833,542.5,29.9,0.57883705
1418,3859.7,7,-0.6,5.4730546,542.9,29.9,0.57852651
1397,3860.2,-21,0.5,5.3926994,543.3,29.9,0.57821598
1399.1,3859.9,2.1,-0.3,5.4003861,543.7,29.9,0.57790544
1414,3859.1,14.9,-0.8,5.4567674,544.1,29.9,0.57759491
1396,3859.5,-18,0.4,5.387862,544.5,29.9,0.57728437
1398,3859.2,2,-0.3,5.3951616,544.8,29.9,0.57705147
1414.1,3858.2,16.1,-1,5.4558806,545.2,29.9,0.57674094
1408,3858.2,-6.1,0,5.4323456,545.6,29.9,0.5764304
1415,3857.7,7,-0.5,5.4586455,546,29.9,0.57611987
1391.3,3858.3,-23.7,0.6,5.3680528,546.4,29.9,0.57580933
1406,3857.5,14.7,-0.8,5.423645,546.8,29.9,0.5754988
1414,3856.9,8,-0.6,5.4536566,547.2,29.9,0.57518826
1409.1,3856.8,-4.9,-0.1,5.4346169,547.6,29.9,0.57487773
1392,3857.2,-17.1,0.4,5.3692224,548,29.9,0.57456719
1417,3856,25,-1.2,5.463952,548.4,29.9,0.57425666
1415.1,3855.8,-1.9,-0.2,5.4563426,548.8,29.9,0.57394612
1404,3856,-11.1,0.2,5.413824,549.1,29.9,0.57371322
1400,3855.9,-4,-0.1,5.39826,549.5,29.9,0.57340269
1420,3854.9,20,-1,5.473958,549.9,29.9,0.57309215
1418.1,3854.7,-1.9,-0.2,5.4663501,550.3,29.9,0.57278162
1404,3854.9,-14.1,0.2,5.4122796,550.7,29.9,0.57247108
1411.9,3854.4,7.9,-0.5,5.4420274,551.1,29.9,0.57216055
702.1,3882,-709.8,27.6,2.7255522,551.3,29.9,0.57200528
0,3911.3,-702.1,29.3,0,551.3,29.9,0.57200528
0,3913.5,0,2.2,0,551.3,29.9,0.57200528
0,3915.3,0,1.8,0,551.3,29.9,0.57200528
0,3916.8,0,1.5,0,551.3,29.9,0.57200528
0,3918.2,0,1.4,0,551.3,29.9,0.57200528
0,3919.5,0,1.3,0,551.3,29.9,0.57200528
0,3920.6,0,1.1,0,551.3,29.9,0.57200528
0,3921.7,0,1.1,0,551.3,29.9,0.57200528
0,3922.8,0,1.1,0,551.3,29.9,0.57200528
0,3923.8,0,1,0,551.3,29.9,0.57200528
0,3924.7,0,0.9,0,551.3,29.9,0.57200528
0,3925.6,0,0.9,0,551.3,29.9,0.57200528
0,3926.5,0,0.9,0,551.3,29.9,0.57200528
0,3927.3,0,0.8,0,551.3,29.9,0.57200528
0,3928.1,0,0.8,0,551.3,29.9,0.57200528
0,3928.9,0,0.8,0,551.3,29.9,0.57200528
0,3929.6,0,0.7,0,551.3,29.9,0.57200528
0,3930.3,0,0.7,0,551.3,29.9,0.57200528
0,3931,0,0.7,0,551.3,29.9,0.57200528
0,3931.7,0,0.7,0,551.3,29.9,0.57200528
0,3932.3,0,0.6,0,551.3,29.9,0.57200528
0,3932.9,0,0.6,0,551.3,29.9,0.57200528
0,3933.5,0,0.6,0,551.3,29.9,0.57200528
0,3934.1,0,0.6,0,551.3,29.9,0.57200528
0,3934.7,0,0.6,0,551.3,29.9,0.57200528
0,3935.2,0,0.5,0,551.3,29.9,0.57200528
0,3935.8,0,0.6,0,551.3,29.9,0.57200528
0,3936.3,0,0.5,0,551.3,29.9,0.57200528
0,3936.8,0,0.5,0,551.3,29.9,0.57200528
0,3937.3,0,0.5,0,551.3,29.9,0.57200528
0,3937.8,0,0.5,0,551.3,29.9,0.57200528
0,3938.3,0,0.5,0,551.3,29.9,0.57200528
0,3938.7,0,0.4,0,551.3,29.9,0.57200528
0,3939.2,0,0.5,0,551.3,29.9,0.57200528
0,3939.6,0,0.4,0,551.3,29.9,0.57200528
0,3940,0,0.4,0,551.3,29.9,0.57200528
0,3940.5,0,0.5,0,551.3,29.9,0.57200528
0,3940.9,0,0.4,0,551.3,29.9,0.57200528
0,3941.2,0,0.3,0,551.3,29.9,0.57200528
0,3941.6,0,0.4,0,551.3,29.9,0.57200528
0,3942,0,0.4,0,551.3,29.9,0.57200528
0,3942.3,0,0.3,0,551.3,29.9,0.57200528
0,3942.7,0,0.4,0,551.3,29.9,0.57200528
0,3943.1,0,0.4,0,551.3,29.9,0.57200528
0,3943.4,0,0.3,0,551.3,29.9,0.57200528
0,3943.7,0,0.3,0,551.3,29.9,0.57200528
0,3944.1,0,0.4,0,551.3,29.9,0.57200528
0,3944.4,0,0.3,0,551.3,29.9,0.57200528
0,3944.7,0,0.3,0,551.3,29.9,0.57200528
0,3945,0,0.3,0,551.3,29.9,0.57200528
0,3945.2,0,0.2,0,551.3,29.9,0.57200528
0,3945.5,0,0.3,0,551.3,29.9,0.57200528
0,3945.8,0,0.3,0,551.3,29.9,0.57200528
0,3946.1,0,0.3,0,551.3,29.9,0.57200528
0,3946.4,0,0.3,0,551.3,29.9,0.57200528
0,3946.6,0,0.2,0,551.3,29.9,0.57200528
0,3946.9,0,0.3,0,551.3,29.9,0.57200528
0,3947.1,0,0.2,0,551.3,29.9,0.57200528
0,3947.4,0,0.3,0,551.3,29.9,0.57200528
0,3947.6,0,0.2,0,551.3,29.9,0.57200528
0,3947.9,0,0.3,0,551.3,29.9,0.57200528
0,3948.1,0,0.2,0,551.3,29.9,0.57200528
0,3948.3,0,0.2,0,551.3,29.9,0.57200528
0,3948.6,0,0.3,0,551.3,29.9,0.57200528
0,3948.8,0,0.2,0,551.3,29.9,0.57200528
0,3949,0,0.2,0,551.3,29.9,0.57200528
0,3949.2,0,0.2,0,551.3,29.9,0.57200528
0,3949.4,0,0.2,0,551.3,29.9,0.57200528
0,3949.6,0,0.2,0,551.3,29.9,0.57200528
0,3949.8,0,0.2,0,551.3,29.9,0.57200528
0,3949.9,0,0.1,0,551.3,29.9,0.57200528
0,3950.2,0,0.3,0,551.3,29.9,0.57200528
0,3950.4,0,0.2,0,551.3,29.9,0.57200528
0,3950.5,0,0.1,0,551.3,29.9,0.57200528
0,3950.7,0,0.2,0,551.3,29.9,0.57200528
0,3950.9,0,0.2,0,551.3,29.9,0.57200528
0,3951.1,0,0.2,0,551.3,29.9,0.57200528
0,3951.3,0,0.2,0,551.3,29.9,0.57200528
0,3951.4,0,0.1,0,551.3,29.9,0.57200528
0,3951.6,0,0.2,0,551.3,29.9,0.57200528
0,3951.7,0,0.1,0,551.3,29.9,0.57200528
0,3951.9,0,0.2,0,551.3,29.9,0.57200528
0,3952,0,0.1,0,551.3,29.9,0.57200528
0,3952.2,0,0.2,0,551.3,29.9,0.57200528
0,3952.4,0,0.2,0,551.3,29.9,0.57200528
0,3952.5,0,0.1,0,551.3,29.9,0.57200528
0,3952.7,0,0.2,0,551.3,29.9,0.57200528
0,3952.8,0,0.1,0,551.3,29.9,0.57200528
0,3952.9,0,0.1,0,551.3,29.9,0.57200528
0,3953.1,0,0.2,0,551.3,29.9,0.57200528
0,3953.2,0,0.1,0,551.3,29.9,0.57200528
0,3953.4,0,0.2,0,551.3,29.9,0.57200528
0,3953.5,0,0.1,0,551.3,29.9,0.57200528
0,3953.7,0,0.2,0,551.3,29.9,0.57200528
0,3953.8,0,0.1,0,551.3,29.9,0.57200528
0,3953.9,0,0.1,0,551.3,29.9,0.57200528
0,3954,0,0.1,0,551.3,29.9,0.57200528
0,3954.1,0,0.1,0,551.3,29.9,0.57200528
0,3954.2,0,0.1,0,551.3,29.9,0.57200528
0,3954.4,0,0.2,0,551.3,29.9,0.57200528
0,3954.5,0,0.1,0,551.3,29.9,0.57200528
0,3954.6,0,0.1,0,551.3,29.9,0.57200528
0,3954.7,0,0.1,0,551.3,29.9,0.57200528
0,3954.8,0,0.1,0,551.3,29.9,0.57200528
0,3954.9,0,0.1,0,551.3,29.9,0.57200528
0,3955.1,0,0.2,0,551.3,29.9,0.57200528
0,3955.1,0,0,0,551.3,29.9,0.57200528
0,3955.3,0,0.2,0,551.3,29.9,0.57200528
0,3955.4,0,0.1,0,551.3,29.9,0.57200528
0,3955.5,0,0.1,0,551.3,29.9,0.57200528
0,3955.6,0,0.1,0,551.3,29.9,0.57200528
0,3955.7,0,0.1,0,551.3,29.9,0.57200528
0,3955.8,0,0.1,0,551.3,29.9,0.57200528
0,3955.9,0,0.1,0,551.3,29.9,0.57200528
0,3956,0,0.1,0,551.3,29.9,0.57200528
0,3956.1,0,0.1,0,551.3,29.9,0.57200528
0,3956.2,0,0.1,0,551.3,29.9,0.57200528
0,3956.3,0,0.1,0,551.3,29.9,0.57200528
0,3956.3,0,0,0,551.3,29.9,0.57200528
0,3956.5,0,0.2,0,551.3,29.9,0.57200528
0,3956.6,0,0.1,0,551.3,29.9,0.57200528
0,3956.6,0,0,0,551.3,29.9,0.57200528
0,3956.7,0,0.1,0,551.3,29.9,0.57200528
0,3956.8,0,0.1,0,551.3,29.9,0.57200528
0,3956.9,0,0.1,0,551.3,29.9,0.57200528
0,3957,0,0.1,0,551.3,29.9,0.57200528
0,3957.1,0,0.1,0,551.3,29.9,0.57200528
0,3957.1,0,0,0,551.3,29.9,0.57200528
0,3957.2,0,0.1,0,551.3,29.9,0.57200528
0,3957.3,0,0.1,0,551.3,29.9,0.57200528
0,3957.4,0,0.1,0,551.3,29.9,0.57200528
0,3957.5,0,0.1,0,551.3,29.9,0.57200528
0,3957.5,0,0,0,551.3,29.9,0.57200528
0,3957.6,0,0.1,0,551.3,29.9,0.57200528
0,3957.7,0,0.1,0,551.3,29.9,0.57200528
0,3957.8,0,0.1,0,551.3,29.9,0.57200528
0,3957.8,0,0,0,551.3,29.9,0.57200528
0,3957.9,0,0.1,0,551.3,29.9,0.57200528
0,3958,0,0.1,0,551.3,29.9,0.57200528
0,3958.1,0,0.1,0,551.3,29.9,0.57200528
0,3958.1,0,0,0,551.3,29.9,0.57200528
0,3958.2,0,0.1,0,551.3,29.9,0.57200528
0,3958.3,0,0.1,0,551.3,29.9,0.57200528
0,3958.3,0,0,0,551.3,29.9,0.57200528
0,3958.4,0,0.1,0,551.3,29.9,0.57200528
0,3958.5,0,0.1,0,551.3,29.9,0.57200528
0,3958.5,0,0,0,551.3,29.9,0.57200528
0,3958.6,0,0.1,0,551.3,29.9,0.57200528
0,3958.7,0,0.1,0,551.3,29.9,0.57200528
0,3958.7,0,0,0,551.3,29.9,0.57200528
0,3958.8,0,0.1,0,551.3,29.9,0.57200528
0,3958.9,0,0.1,0,551.3,29.9,0.57200528
0,3958.9,0,0,0,551.3,29.9,0.57200528
0,3959,0,0.1,0,551.3,29.9,0.57200528
0,3959,0,0,0,551.3,29.9,0.57200528
0,3959.1,0,0.1,0,551.3,29.9,0.57200528
0,3959.2,0,0.1,0,551.3,29.9,0.57200528
0,3959.2,0,0,0,551.3,29.9,0.57200528
0,3959.3,0,0.1,0,551.3,29.9,0.57200528
0,3959.3,0,0,0,551.3,29.9,0.57200528
0,3959.4,0,0.1,0,551.3,29.9,0.57200528
0,3959.4,0,0,0,551.3,29.9,0.57200528
0,3959.5,0,0.1,0,551.3,29.9,0.57200528
0,3959.5,0,0,0,551.3,29.8,0.57200528
0,3959.6,0,0.1,0,551.3,29.9,0.57200528
0,3959.7,0,0.1,0,551.3,29.9,0.57200528
0,3959.7,0,0,0,551.3,29.8,0.57200528
0,3959.8,0,0.1,0,551.3,29.8,0.57200528
0,3959.9,0,0.1,0,551.3,29.9,0.57200528
0,3959.9,0,0,0,551.3,29.8,0.57200528
0,3960,0,0.1,0,551.3,29.8,0.57200528
0,3960,0,0,0,551.3,29.9,0.57200528
0,3960.1,0,0.1,0,551.3,29.8,0.57200528
0,3960.1,0,0,0,551.3,29.8,0.57200528
0,3960.2,0,0.1,0,551.3,29.8,0.57200528
0,3960.2,0,0,0,551.3,29.8,0.57200528
0,3960.3,0,0.1,0,551.3,29.8,0.57200528
0,3960.3,0,0,0,551.3,29.8,0.57200528
0,3960.4,0,0.1,0,551.3,29.8,0.57200528
0,3960.4,0,0,0,551.3,29.8,0.57200528
0,3960.5,0,0.1,0,551.3,29.8,0.57200528
0,3960.5,0,0,0,551.3,29.8,0.57200528
0,3960.6,0,0.1,0,551.3,29.8,0.57200528
0,3960.6,0,0,0,551.3,29.8,0.57200528
0,3960.7,0,0.1,0,551.3,29.8,0.57200528
0,3960.7,0,0,0,551.3,29.8,0.57200528
0,3960.8,0,0.1,0,551.3,29.8,0.57200528
0,3960.8,0,0,0,551.3,29.8,0.57200528
0,3960.9,0,0.1,0,551.3,29.8,0.57200528
0,3960.9,0,0,0,551.3,29.8,0.57200528
0,3960.9,0,0,0,551.3,29.8,0.57200528
0,3961,0,0.1,0,551.3,29.8,0.57200528
0,3961,0,0,0,551.3,29.8,0.57200528
0,3961.1,0,0.1,0,551.3,29.8,0.57200528
0,3961.2,0,0.1,0,551.3,29.8,0.57200528
0,3961.2,0,0,0,551.3,29.8,0.57200528
0,3961.2,0,0,0,551.3,29.8,0.57200528
0,3961.3,0,0.1,0,551.3,29.8,0.57200528
0,3961.3,0,0,0,551.3,29.8,0.57200528
0,3961.3,0,0,0,551.3,29.8,0.57200528
0,3961.4,0,0.1,0,551.3,29.8,0.57200528
0,3961.4,0,0,0,551.3,29.8,0.57200528
0,3961.5,0,0.1,0,551.3,29.8,0.57200528
0,3961.5,0,0,0,551.3,29.8,0.57200528
0,3961.6,0,0.1,0,551.3,29.8,0.57200528
0,3961.6,0,0,0,551.3,29.8,0.57200528
0,3961.6,0,0,0,551.3,29.8,0.57200528
0,3961.7,0,0.1,0,551.3,29.8,0.57200528
0,3961.7,0,0,0,551.3,29.8,0.57200528
0,3961.8,0,0.1,0,551.3,29.8,0.57200528
0,3961.8,0,0,0,551.3,29.8,0.57200528
0,3961.9,0,0.1,0,551.3,29.8,0.57200528
0,3961.9,0,0,0,551.3,29.8,0.57200528
0,3961.9,0,0,0,551.3,29.8,0.57200528
0,3962,0,0.1,0,551.3,29.8,0.57200528
0,3962,0,0,0,551.3,29.8,0.57200528
0,3962,0,0,0,551.3,29.8,0.57200528
0,3962.1,0,0.1,0,551.3,29.8,0.57200528
0,3962.1,0,0,0,551.3,29.8,0.57200528
0,3962.2,0,0.1,0,551.3,29.8,0.57200528
0,3962.2,0,0,0,551.3,29.8,0.57200528
0,3962.2,0,0,0,551.3,29.8,0.57200528
0,3962.3,0,0.1,0,551.3,29.8,0.57200528
0,3962.3,0,0,0,551.3,29.8,0.57200528
0,3962.3,0,0,0,551.3,29.8,0.57200528
0,3962.4,0,0.1,0,551.3,29.8,0.57200528
0,3962.4,0,0,0,551.3,29.8,0.57200528
0,3962.4,0,0,0,551.3,29.8,0.57200528
0,3962.5,0,0.1,0,551.3,29.8,0.57200528
0,3962.5,0,0,0,551.3,29.8,0.57200528
0,3962.5,0,0,0,551.3,29.8,0.57200528
0,3962.6,0,0.1,0,551.3,29.8,0.57200528
0,3962.6,0,0,0,551.3,29.8,0.57200528
0,3962.6,0,0,0,551.3,29.8,0.57200528
0,3962.7,0,0.1,0,551.3,29.8,0.57200528
0,3962.7,0,0,0,551.3,29.8,0.57200528
0,3962.8,0,0.1,0,551.3,29.8,0.57200528
0,3962.8,0,0,0,551.3,29.8,0.57200528
0,3962.8,0,0,0,551.3,29.8,0.57200528
0,3962.9,0,0.1,0,551.3,29.8,0.57200528
0,3962.9,0,0,0,551.3,29.8,0.57200528
0,3962.9,0,0,0,551.3,29.8,0.57200528
0,3963,0,0.1,0,551.3,29.8,0.57200528
0,3962.9,0,-0.1,0,551.3,29.8,0.57200528
0,3963,0,0.1,0,551.3,29.8,0.57200528
0,3963,0,0,0,551.3,29.8,0.57200528
0,3963.1,0,0.1,0,551.3,29.8,0.57200528
0,3963.1,0,0,0,551.3,29.8,0.57200528
0,3963.1,0,0,0,551.3,29.8,0.57200528
0,3963.2,0,0.1,0,551.3,29.8,0.57200528
0,3963.2,0,0,0,551.3,29.8,0.57200528
0,3963.2,0,0,0,551.3,29.8,0.57200528
0,3963.3,0,0.1,0,551.3,29.8,0.57200528
0,3963.3,0,0,0,551.3,29.8,0.57200528
0,3963.3,0,0,0,551.3,29.8,0.57200528
0,3963.3,0,0,0,551.3,29.8,0.57200528
0,3963.4,0,0.1,0,551.3,29.8,0.57200528
0,3963.4,0,0,0,551.3,29.8,0.57200528
0,3963.5,0,0.1,0,551.3,29.8,0.57200528
0,3963.4,0,-0.1,0,551.3,29.8,0.57200528
0,3963.5,0,0.1,0,551.3,29.8,0.57200528
0,3963.6,0,0.1,0,551.3,29.8,0.57200528
0,3963.6,0,0,0,551.3,29.8,0.57200528
0,3963.6,0,0,0,551.3,29.8,0.57200528
0,3963.6,0,0,0,551.3,29.8,0.57200528
0,3963.7,0,0.1,0,551.3,29.8,0.57200528
0,3963.7,0,0,0,551.3,29.8,0.57200528
0,3963.7,0,0,0,551.3,29.8,0.57200528
0,3963.7,0,0,0,551.3,29.8,0.57200528
0,3963.8,0,0.1,0,551.3,29.8,0.57200528
0,3963.8,0,0,0,551.3,29.8,0.57200528
0,3963.8,0,0,0,551.3,29.8,0.57200528
0,3963.9,0,0.1,0,551.3,29.8,0.57200528
0,3963.9,0,0,0,551.3,29.8,0.57200528
0,3963.9,0,0,0,551.3,29.8,0.57200528
0,3963.9,0,0,0,551.3,29.8,0.57200528
0,3963.9,0,0,0,551.3,29.8,0.57200528
0,3963.9,0,0,0,551.3,29.8,0.57200528
0,3964,0,0.1,0,551.3,29.8,0.57200528
0,3964,0,0,0,551.3,29.8,0.57200528
0,3964,0,0,0,551.3,29.8,0.57200528
0,3964.1,0,0.1,0,551.3,29.8,0.57200528
0,3964.1,0,0,0,551.3,29.8,0.57200528
0,3964.1,0,0,0,551.3,29.8,0.57200528
0,3964.1,0,0,0,551.3,29.8,0.57200528
0,3964.2,0,0.1,0,551.3,29.8,0.57200528
0,3964.2,0,0,0,551.3,29.8,0.57200528
0,3964.2,0,0,0,551.3,29.8,0.57200528
0,3964.3,0,0.1,0,551.3,29.8,0.57200528
0,3964.3,0,0,0,551.3,29.8,0.57200528
0,3964.3,0,0,0,551.3,29.8,0.57200528
0,3964.3,0,0,0,551.3,29.8,0.57200528
0,3964.4,0,0.1,0,551.3,29.8,0.57200528
0,3964.4,0,0,0,551.3,29.8,0.57200528
0,3964.5,0,0.1,0,551.3,29.8,0.57200528
0,3964.4,0,-0.1,0,551.3,29.8,0.57200528
0,3964.5,0,0.1,0,551.3,29.8,0.57200528
0,3964.5,0,0,0,551.3,29.8,0.57200528
0,3964.5,0,0,0,551.3,29.8,0.57200528
0,3964.5,0,0,0,551.3,29.8,0.57200528
0,3964.5,0,0,0,551.3,29.8,0.57200528
0,3964.6,0,0.1,0,551.3,29.8,0.57200528
0,3964.6,0,0,0,551.3,29.8,0.57200528
0,3964.6,0,0,0,551.3,29.8,0.57200528
0,3964.7,0,0.1,0,551.3,29.8,0.57200528
0,3964.7,0,0,0,551.3,29.8,0.57200528
0,3964.7,0,0,0,551.3,29.8,0.57200528
0,3964.7,0,0,0,551.3,29.8,0.57200528
0,3964.7,0,0,0,551.3,29.8,0.57200528
0,3964.7,0,0,0,551.3,29.8,0.57200528
0,3964.8,0,0.1,0,551.3,29.8,0.57200528
0,3964.8,0,0,0,551.3,29.8,0.57200528
0,3964.9,0,0.1,0,551.3,29.8,0.57200528
0,3964.9,0,0,0,551.3,29.8,0.57200528
0,3964.9,0,0,0,551.3,29.8,0.57200528
0,3964.9,0,0,0,551.3,29.8,0.57200528
0,3964.9,0,0,0,551.3,29.8,0.57200528
0,3965,0,0.1,0,551.3,29.8,0.57200528
0,3965,0,0,0,551.3,29.8,0.57200528
0,3965,0,0,0,551.3,29.8,0.57200528
0,3965,0,0,0,551.3,29.8,0.57200528
0,3965,0,0,0,551.3,29.8,0.57200528
0,3965.1,0,0.1,0,551.3,29.8,0.57200528
0,3965.1,0,0,0,551.3,29.8,0.57200528
0,3965.1,0,0,0,551.3,29.8,0.57200528
0,3965.1,0,0,0,551.3,29.8,0.57200528
0,3965.1,0,0,0,551.3,29.8,0.57200528
0,3965.2,0,0.1,0,551.3,29.8,0.57200528
0,3965.2,0,0,0,551.3,29.8,0.57200528
0,3965.2,0,0,0,551.3,29.8,0.57200528
0,3965.2,0,0,0,551.3,29.8,0.57200528
0,3965.2,0,0,0,551.3,29.8,0.57200528
0,3965.3,0,0.1,0,551.3,29.8,0.57200528
0,3965.3,0,0,0,551.3,29.8,0.57200528
0,3965.3,0,0,0,551.3,29.8,0.57200528
0,3965.4,0,0.1,0,551.3,29.8,0.57200528
0,3965.4,0,0,0,551.3,29.8,0.57200528
0,3965.4,0,0,0,551.3,29.8,0.57200528
0,3965.4,0,0,0,551.3,29.8,0.57200528
0,3965.4,0,0,0,551.3,29.8,0.57200528
0,3965.4,0,0,0,551.3,29.8,0.57200528
0,3965.5,0,0.1,0,551.3,29.8,0.57200528
0,3965.5,0,0,0,551.3,29.8,0.57200528
0,3965.5,0,0,0,551.3,29.8,0.57200528
0,3965.5,0,0,0,551.3,29.8,0.57200528
0,3965.6,0,0.1,0,551.3,29.8,0.57200528
0,3965.6,0,0,0,551.3,29.8,0.57200528
0,3965.6,0,0,0,551.3,29.8,0.57200528
0,3965.6,0,0,0,551.3,29.8,0.57200528
0,3965.6,0,0,0,551.3,29.8,0.57200528
0,3965.7,0,0.1,0,551.3,29.8,0.57200528
0,3965.7,0,0,0,551.3,29.8,0.57200528
0,3965.7,0,0,0,551.3,29.8,0.57200528
0,3965.7,0,0,0,551.3,29.8,0.57200528
0,3965.7,0,0,0,551.3,29.8,0.57200528
0,3965.8,0,0.1,0,551.3,29.8,0.57200528
0,3965.8,0,0,0,551.3,29.8,0.57200528
0,3965.8,0,0,0,551.3,29.8,0.57200528
0,3965.8,0,0,0,551.3,29.8,0.57200528
0,3965.9,0,0.1,0,551.3,29.8,0.57200528
0,3965.8,0,-0.1,0,551.3,29.8,0.57200528
0,3965.8,0,0,0,551.3,29.8,0.57200528
0,3965.9,0,0.1,0,551.3,29.8,0.57200528
0,3965.9,0,0,0,551.3,29.8,0.57200528
0,3965.9,0,0,0,551.3,29.8,0.57200528
0,3965.9,0,0,0,551.3,29.8,0.57200528
0,3965.9,0,0,0,551.3,29.8,0.57200528
0,3966,0,0.1,0,551.3,29.8,0.57200528
0,3966,0,0,0,551.3,29.8,0.57200528
0,3966,0,0,0,551.3,29.8,0.57200528
0,3966.1,0,0.1,0,551.3,29.8,0.57200528
0,3966,0,-0.1,0,551.3,29.8,0.57200528
0,3966.1,0,0.1,0,551.3,29.8,0.57200528
0,3966.1,0,0,0,551.3,29.8,0.57200528
0,3966.1,0,0,0,551.3,29.8,0.57200528
0,3966.2,0,0.1,0,551.3,29.8,0.57200528
0,3966.1,0,-0.1,0,551.3,29.8,0.57200528
0,3966.2,0,0.1,0,551.3,29.8,0.57200528
0,3966.2,0,0,0,551.3,29.8,0.57200528
0,3966.2,0,0,0,551.3,29.8,0.57200528
0,3966.2,0,0,0,551.3,29.8,0.57200528
0,3966.3,0,0.1,0,551.3,29.8,0.57200528
0,3966.3,0,0,0,551.3,29.8,0.57200528
0,3966.3,0,0,0,551.3,29.8,0.57200528
0,3966.3,0,0,0,551.3,29.8,0.57200528
0,3966.3,0,0,0,551.3,29.8,0.57200528
0,3966.3,0,0,0,551.3,29.8,0.57200528
0,3966.4,0,0.1,0,551.3,29.8,0.57200528
0,3966.4,0,0,0,551.3,29.8,0.57200528
0,3966.4,0,0,0,551.3,29.8,0.57200528
0,3966.4,0,0,0,551.3,29.8,0.57200528
0,3966.5,0,0.1,0,551.3,29.8,0.57200528
0,3966.5,0,0,0,551.3,29.8,0.57200528
0,3966.5,0,0,0,551.3,29.8,0.57200528
0,3966.5,0,0,0,551.3,29.8,0.57200528
0,3966.5,0,0,0,551.3,29.8,0.57200528
0,3966.5,0,0,0,551.3,29.8,0.57200528
0,3966.5,0,0,0,551.3,29.8,0.57200528
0,3966.5,0,0,0,551.3,29.8,0.57200528
0,3966.6,0,0.1,0,551.3,29.8,0.57200528
0,3966.6,0,0,0,551.3,29.8,0.57200528
0,3966.6,0,0,0,551.3,29.8,0.57200528
0,3966.6,0,0,0,551.3,29.8,0.57200528
0,3966.6,0,0,0,551.3,29.8,0.57200528
0,3966.6,0,0,0,551.3,29.8,0.57200528
0,3966.7,0,0.1,0,551.3,29.8,0.57200528
0,3966.7,0,0,0,551.3,29.8,0.57200528
0,3966.7,0,0,0,551.3,29.8,0.57200528
583.8,3943.3,583.8,-23.4,2.3020985,551.5,29.8,0.57185001
1169.9,3919.2,586.1,-24.1,4.5850721,551.8,29.8,0.57161711
1177,3917,7.1,-2.2,4.610309,552.1,29.8,0.57138421
1167.1,3915.7,-9.9,-1.3,4.5700135,552.4,29.8,0.57115131
1174.9,3914,7.8,-1.7,4.5985586,552.8,29.8,0.57084077
1149.1,3913.7,-25.8,-0.3,4.4972327,553.1,29.8,0.57060787
1171,3911.7,21.9,-2,4.5806007,553.4,29.8,0.57037497
1157,3911,-14,-0.7,4.525027,553.7,29.8,0.57014207
1161,3909.8,4,-1.2,4.5392778,554.1,29.8,0.56983153
1183,3907.9,22,-1.9,4.6230457,554.4,29.8,0.56959863
1188,3906.7,5,-1.2,4.6411596,554.7,29.8,0.56936573
1172,3906.3,-16,-0.4,4.5781836,555,29.8,0.56913283
1172,3905.3,0,-1,4.5770116,555.4,29.8,0.5688223
1157,3905,-15,-0.3,4.518085,555.7,29.8,0.5685894
1162,3904,5,-1,4.536448,556,29.8,0.56835649
1165,3903,3,-1,4.546995,556.3,29.8,0.56812359
1174.1,3901.8,9.1,-1.2,4.5811034,556.7,29.8,0.56781306
1163,3901.4,-11.1,-0.4,4.5373282,557,29.8,0.56758016
1156,3900.9,-7,-0.5,4.5094404,557.3,29.8,0.56734726
1180.9,3899.2,24.9,-1.7,4.6045653,557.6,29.8,0.56711435
1168.1,3898.9,-12.8,-0.3,4.5543051,558,29.8,0.56680382
1177,3897.8,8.9,-1.1,4.5877106,558.3,29.8,0.56657092
1170.1,3897.4,-6.9,-0.4,4.5603477,558.6,29.8,0.56633802
1163,3897,-7.1,-0.4,4.532211,558.9,29.8,0.56610512
1167,3896.2,4,-0.8,4.5468654,559.3,29.8,0.56579458
1167.1,3895.5,0.1,-0.7,4.546438,559.6,29.8,0.56556168
1177,3894.4,9.9,-1.1,4.5837088,559.9,29.8,0.56532878
1152,3894.8,-25,0.4,4.4868096,560.2,29.8,0.56509588
1158,3893.9,6,-0.9,4.5091362,560.5,29.8,0.56486298
1179,3892.5,21,-1.4,4.5892575,560.9,29.8,0.56455244
1149,3893.1,-30,0.6,4.4731719,561.2,29.8,0.56431954
1171,3891.6,22,-1.5,4.5570636,561.5,29.8,0.56408664
1163.1,3891.4,-7.9,-0.2,4.5260873,561.8,29.8,0.56385374
1171,3890.5,7.9,-0.9,4.5557755,562.2,29.8,0.5635432
1169,3890,-2,-0.5,4.54741,562.5,29.8,0.5633103
1155,3890,-14,0,4.49295,562.8,29.8,0.5630774
1173.9,3888.8,18.9,-1.2,4.5650623,563.1,29.8,0.5628445
1156,3888.9,-17.9,0.1,4.4955684,563.5,29.8,0.56253396
1162,3888.2,6,-0.7,4.5180884,563.8,29.8,0.56230106
1171,3887.3,9,-0.9,4.5520283,564.1,29.8,0.56206816
1159.1,3887.3,-11.9,0,4.5057694,564.4,29.8,0.56183526
1162,3886.7,2.9,-0.6,4.5163454,564.8,29.8,0.56152473
1165,3886.1,3,-0.6,4.5273065,565.1,29.8,0.56129183
1173,3885.3,8,-0.8,4.5574569,565.4,29.8,0.56105892
1174,3884.8,1,-0.5,4.5607552,565.7,29.8,0.56082602
1165,3884.6,-9,-0.2,4.525559,566.1,29.8,0.56051549
1159.1,3884.5,-5.9,-0.1,4.502524,566.4,29.8,0.56028259
1157,3884.1,-2.1,-0.4,4.4939037,566.7,29.8,0.56004969
1164,3883.4,7,-0.7,4.5202776,567,29.8,0.55981678
1174,3882.6,10,-0.8,4.5581724,567.3,29.8,0.55958388
1163,3882.6,-11,0,4.5154638,567.7,29.8,0.55927335
1176,3881.6,13,-1,4.5647616,568,29.8,0.55904045
1161,3881.8,-15,0.2,4.5067698,568.3,29.8,0.55880755
1168,3881.1,7,-0.7,4.5331248,568.6,29.8,0.55857464
1171,3880.6,3,-0.5,4.5441826,569,29.8,0.55826411
1186,3879.6,15,-1,4.6012056,569.3,29.8,0.55803121
1169,3879.8,-17,0.2,4.5354862,569.6,29.8,0.55779831
1171.1,3879.4,2.1,-0.4,4.5431653,569.9,29.8,0.55756541
1168,3879.1,-3.1,-0.3,4.5307888,570.3,29.8,0.55725487
1157,3879.1,-11,0,4.4881187,570.6,29.8,0.55702197
1162.1,3878.6,5.1,-0.5,4.5073211,570.9,29.8,0.55678907
1164.1,3878.2,2,-0.4,4.5146126,571.2,29.8,0.55655617
1162.1,3877.9,-2,-0.3,4.5065076,571.6,29.8,0.55624563
1172,3877.1,9.9,-0.8,4.5439612,571.9,29.8,0.55601273
1171.1,3876.8,-0.9,-0.3,4.5401205,572.2,29.8,0.55577983
1171.1,3876.5,0,-0.3,4.5397692,572.5,29.8,0.55554693
1177.1,3875.9,6,-0.6,4.5623219,572.9,29.8,0.55523639
1167.1,3875.9,-10,0,4.5235629,573.2,29.8,0.55500349
1180,3875.1,12.9,-0.8,4.572618,573.5,29.8,0.55477059
1183,3874.6,3,-0.5,4.5836518,573.8,29.8,0.55453769
1173,3874.6,-10,0,4.5449058,574.2,29.8,0.55422716
1166,3874.6,-7,0,4.5177836,574.5,29.8,0.55399426
1177,3873.8,11,-0.8,4.5594626,574.8,29.8,0.55376135
1173,3873.6,-4,-0.2,4.5437328,575.1,29.8,0.55352845
1165,3873.6,-8,0,4.512744,575.5,29.8,0.55321792
1184.9,3872.6,19.9,-1,4.5886437,575.8,29.8,0.55298502
1165,3873,-19.9,0.4,4.512045,576.1,29.8,0.55275212
1156.1,3873.1,-8.9,0.1,4.4776909,576.4,29.8,0.55251921
1168,3872.3,11.9,-0.8,4.5228464,576.8,29.8,0.55220868
1167,3872.1,-1,-0.2,4.5187407,577.1,29.8,0.55197578
1172,3871.6,5,-0.5,4.5375152,577.4,29.8,0.55174288
1179,3871,7,-0.6,4.563909,577.7,29.8,0.55150998
1170,3871,-9,0,4.52907,578.1,29.8,0.55119944
1168,3870.8,-2,-0.2,4.5210944,578.4,29.8,0.55096654
1173,3870.4,5,-0.4,4.5399792,578.7,29.8,0.55073364
1154,3870.8,-19,0.4,4.4669032,579,29.8,0.55050074
1170,3869.9,16,-0.9,4.527783,579.4,29.8,0.5501902
1171,3869.6,1,-0.3,4.5313016,579.7,29.8,0.5499573
1173,3869.2,2,-0.4,4.5385716,580,29.8,0.5497244
1186,3868.4,13,-0.8,4.5879224,580.3,29.8,0.5494915
1149.1,3869.6,-36.9,1.2,4.4465574,580.7,29.8,0.54918096
1169.1,3868.6,20,-1,4.5227803,581,29.8,0.54894806
1170.9,3868.2,1.8,-0.4,4.5292754,581.3,29.8,0.54871516
1169,3868,-1.9,-0.2,4.521692,581.6,29.8,0.54848226
1191,3866.9,22,-1.1,4.6054779,582,29.8,0.54817173
1169.1,3867.5,-21.9,0.6,4.5214942,582.3,29.8,0.54793882
1161.1,3867.5,-8,0,4.4905542,582.6,29.8,0.54770592
1167.1,3867,6,-0.5,4.5131757,582.9,29.8,0.54747302
1169,3866.7,1.9,-0.3,4.5201723,583.3,29.8,0.54716249
1182,3866,13,-0.7,4.569612,583.6,29.8,0.54692959
1161,3866.5,-21,0.5,4.4890065,583.9,29.8,0.54669669
1171,3865.9,10,-0.6,4.5269689,584.2,29.8,0.54646378
1183,3865.2,12,-0.7,4.5725316,584.6,29.8,0.54615325
1177,3865.1,-6,-0.1,4.5492227,584.9,29.8,0.54592035
1167,3865.3,-10,0.2,4.5108051,585.2,29.8,0.54568745
1167,3865,0,-0.3,4.510455,585.5,29.8,0.54545455
1178,3864.3,11,-0.7,4.5521454,585.9,29.8,0.54514401
1163.1,3864.7,-14.9,0.4,4.4950326,586.2,29.8,0.54491111
1159.1,3864.6,-4,-0.1,4.4794579,586.5,29.8,0.54467821
1167.9,3864.1,8.8,-0.5,4.5128824,586.8,29.8,0.54444531
1175,3863.5,7.1,-0.6,4.5396125,587.2,29.8,0.54413477
1168.1,3863.5,-6.9,0,4.5129544,587.5,29.8,0.54390187
1149,3864.1,-19.1,0.6,4.4398509,587.8,29.8,0.54366897
1176.9,3862.8,27.9,-1.3,4.5461293,588.1,29.8,0.54343607
1180.1,3862.5,3.2,-0.3,4.5581362,588.5,29.8,0.54312553
1180,3862.2,-0.1,-0.3,4.557396,588.8,29.8,0.54289263
1173,3862.2,-7,0,4.5303606,589.1,29.8,0.54265973
1162,3862.4,-11,0.2,4.4881088,589.4,29.8,0.54242683
1168.1,3862,6.1,-0.4,4.5112022,589.8,29.8,0.5421163
1176.9,3861.4,8.8,-0.6,4.5444817,590.1,29.8,0.54188339
1175,3861.3,-1.9,-0.1,4.5370275,590.4,29.8,0.54165049
1167.1,3861.3,-7.9,0,4.5065232,590.7,29.8,0.54141759
1166,3861.2,-1.1,-0.1,4.5021592,591.1,29.8,0.54110706
1169,3860.8,3,-0.4,4.5132752,591.4,29.8,0.54087416
1174,3860.5,5,-0.3,4.532227,591.7,29.8,0.54064125
1153,3861,-21,0.5,4.451733,592,29.8,0.54040835
1165.9,3860.3,12.9,-0.7,4.5007238,592.4,29.8,0.54009782
1167.1,3860.1,1.2,-0.2,4.5051227,592.7,29.8,0.53986492
1166,3859.9,-1.1,-0.2,4.5006434,593,29.8,0.53963202
1159.9,3859.9,-6.1,0,4.477098,593.3,29.8,0.53939911
1173,3859.3,13.1,-0.6,4.5269589,593.7,29.8,0.53908858
1161.1,3859.5,-11.9,0.2,4.4812654,594,29.8,0.53885568
1153,3859.6,-8.1,0.1,4.4501188,594.3,29.8,0.53862278
1173,3858.6,20,-1,4.5261378,594.6,29.8,0.53838988
1171,3858.5,-2,-0.1,4.5183035,595,29.8,0.53807934
1174,3858.2,3,-0.3,4.5295268,595.3,29.8,0.53784644
1178.1,3857.8,4.1,-0.4,4.5448742,595.6,29.8,0.53761354
1163,3858.2,-15.1,0.4,4.4870866,595.9,29.8,0.53738064
1172,3857.6,9,-0.6,4.5211072,596.3,29.8,0.5370701
1179,3857.2,7,-0.4,4.5476388,596.6,29.8,0.5368372
1163,3857.5,-16,0.3,4.4862725,596.9,29.8,0.5366043
1177,3856.8,14,-0.7,4.5394536,597.2,29.9,0.5363714
1177.1,3856.6,0.1,-0.2,4.5396039,597.6,29.8,0.53606086
1163.1,3857,-14,0.4,4.4860767,597.9,29.8,0.53582796
1169,3856.5,5.9,-0.5,4.5082485,598.2,29.9,0.53559506
1167,3856.4,-2,-0.1,4.5004188,598.5,29.9,0.53536216
1168,3856.2,1,-0.2,4.5040416,598.9,29.9,0.53505163
1161.1,3856.3,-6.9,0.1,4.4775499,599.2,29.9,0.53481873
1079,3859.3,-82.1,3,4.1641847,599.5,29.9,0.53458582
997,3862.5,-82,3.2,3.8509125,599.8,29.9,0.53435292
1006,3862.3,9,-0.2,3.8854738,600,29.9,0.53419766
981,3863.3,-25,1,3.7898973,600.3,29.9,0.53396475
997.1,3862.7,16.1,-0.6,3.8514982,600.6,29.9,0.53373185
988,3863,-9.1,0.3,3.816644,600.9,29.9,0.53349895
993,3862.9,5,-0.1,3.8358597,601.1,29.9,0.53334368
1000,3862.5,7,-0.4,3.8625,601.4,29.9,0.53311078
985,3863.1,-15,0.6,3.8051535,601.7,29.9,0.53287788
984.1,3863.2,-0.9,0.1,3.8017751,602,29.9,0.53264498
983.1,3863.2,-1,0,3.7979119,602.2,29.9,0.53248971
988,3862.9,4.9,-0.3,3.8165452,602.5,29.9,0.53225681
989.1,3862.9,1.1,0,3.8207944,602.8,29.9,0.53202391
993,3862.6,3.9,-0.3,3.8355618,603.1,29.9,0.53179101
986.1,3862.8,-6.9,0.2,3.8091071,603.3,29.9,0.53163574
1009,3861.9,22.9,-0.9,3.8966571,603.6,29.9,0.53140284
981,3862.9,-28,1,3.7895049,603.9,29.9,0.53116994
1003,3862,22,-0.9,3.873586,604.2,29.9,0.53093704
996.1,3862.1,-6.9,0.1,3.8470378,604.4,29.9,0.53078177
985.9,3862.5,-10.2,0.4,3.8080387,604.7,29.9,0.53054887
985.1,3862.5,-0.8,0,3.8049487,605,29.9,0.53031597
1015.9,3861.2,30.8,-1.3,3.9225931,605.3,29.9,0.53008307
987.9,3862.1,-28,0.9,3.8153686,605.5,29.9,0.5299278
989.1,3862,1.2,-0.1,3.8199042,605.8,29.9,0.5296949
978,3862.4,-11.1,0.4,3.7774272,606.1,29.9,0.529462
976,3862.4,-2,0,3.7697024,606.4,29.9,0.5292291
1013.1,3860.9,37.1,-1.5,3.9114778,606.6,29.9,0.52907383
994.1,3861.5,-19,0.6,3.8387171,606.9,29.9,0.52884093
1000.9,3861.2,6.8,-0.3,3.8646751,607.2,29.9,0.52860803
1000.9,3861.1,0,-0.1,3.864575,607.5,29.9,0.52837513
991.1,3861.3,-9.8,0.2,3.8269344,607.8,29.9,0.52814222
992,3861.2,0.9,-0.1,3.8303104,608,29.9,0.52798696
981,3861.6,-11,0.4,3.7882296,608.3,29.9,0.52775406
994,3861,13,-0.6,3.837834,608.6,29.9,0.52752116
987,3861.1,-7,0.1,3.8109057,608.9,29.9,0.52728825
983.1,3861.2,-3.9,0.1,3.7959457,609.1,29.9,0.52713299
1015.9,3859.8,32.8,-1.4,3.9211708,609.4,29.9,0.52690009
1002.1,3860.2,-13.8,0.4,3.8683064,609.7,29.9,0.52666718
990,3860.6,-12.1,0.4,3.821994,610,29.9,0.52643428
976.9,3861,-13.1,0.4,3.7718109,610.2,29.9,0.52627902
994,3860.3,17.1,-0.7,3.8371382,610.5,29.9,0.52604611
994,3860.2,0,-0.1,3.8370388,610.8,29.9,0.52581321
991.2,3860.2,-2.8,0,3.8262302,611.1,29.9,0.52558031
991,3860.1,-0.2,-0.1,3.8253591,611.3,29.9,0.52542504
997,3859.7,6,-0.4,3.8481209,611.6,29.9,0.52519214
985,3860.1,-12,0.4,3.8021985,611.9,29.9,0.52495924
983.9,3860,-1.1,-0.1,3.797854,612.2,29.9,0.52472634
995.1,3859.5,11.2,-0.5,3.8405885,612.4,29.9,0.52457107
975.9,3860.2,-19.2,0.7,3.7671692,612.7,29.9,0.52433817
986,3859.7,10.1,-0.5,3.8056642,613,29.9,0.52410527
983.9,3859.6,-2.1,-0.1,3.7974604,613.3,29.9,0.52387237
997.1,3859,13.2,-0.6,3.8478089,613.5,29.9,0.5237171
994,3859,-3.1,0,3.835846,613.8,29.9,0.5234842
986.1,3859.2,-7.9,0.2,3.8055571,614.1,29.9,0.5232513
989,3859,2.9,-0.2,3.816551,614.4,29.9,0.5230184
969.9,3859.6,-19.1,0.6,3.743426,614.6,29.9,0.52286313
982.1,3859.1,12.2,-0.5,3.7900221,614.9,29.9,0.52263023
997,3858.4,14.9,-0.7,3.8468248,615.2,29.9,0.52239733
979,3859,-18,0.6,3.777961,615.4,29.9,0.52224206
995,3858.3,16,-0.7,3.8390085,615.7,29.9,0.52200916
983,3858.6,-12,0.3,3.7930038,616,29.9,0.52177626
983,3858.5,0,-0.1,3.7929055,616.3,29.9,0.52154336
999,3857.8,16,-0.7,3.8539422,616.5,29.9,0.52138809
993,3857.8,-6,0,3.8307954,616.8,29.9,0.52115519
997.9,3857.5,4.9,-0.3,3.8493992,617.1,29.9,0.52092229
993.2,3857.6,-4.7,0.1,3.8313683,617.4,29.9,0.52068939
997,3857.3,3.8,-0.3,3.8457281,617.7,29.9,0.52045649
994,3857.4,-3,0.1,3.8342556,617.9,29.9,0.52030122
973.1,3858.1,-20.9,0.7,3.7543171,618.2,29.9,0.52006832
990.1,3857.3,17,-0.8,3.8191127,618.5,29.9,0.51983542
994,3857,3.9,-0.3,3.833858,618.7,29.9,0.51968015
971.1,3857.8,-22.9,0.8,3.7463096,619,29.9,0.51944725
1004.9,3856.4,33.8,-1.4,3.8752964,619.3,29.9,0.51921435
981,3857.2,-23.9,0.8,3.7839132,619.6,29.9,0.51898145
990.9,3856.7,9.9,-0.5,3.821604,619.8,29.9,0.51882618
993.1,3856.5,2.2,-0.2,3.8298901,620.1,29.9,0.51859328
996,3856.2,2.9,-0.3,3.8407752,620.4,29.9,0.51836038
1000.9,3855.9,4.9,-0.3,3.8593703,620.7,29.9,0.51812747
993.1,3856.1,-7.8,0.2,3.8294929,621,29.9,0.51789457
988,3856.2,-5.1,0.1,3.8099256,621.2,29.9,0.51773931
996.9,3855.7,8.9,-0.5,3.8437473,621.5,29.9,0.5175064
992.1,3855.8,-4.8,0.1,3.8253392,621.8,29.9,0.5172735
990,3855.8,-2.1,0,3.817242,622.1,29.9,0.5170406
988,3855.7,-2,-0.1,3.8094316,622.3,29.9,0.51688533
980,3855.9,-8,0.2,3.778782,622.6,29.9,0.51665243
996.1,3855.2,16.1,-0.7,3.8401647,622.9,29.9,0.51641953
992,3855.2,-4.1,0,3.8243584,623.2,29.9,0.51618663
996.9,3854.9,4.9,-0.3,3.8429498,623.4,29.9,0.51603136
988,3855.1,-8.9,0.2,3.8088388,623.7,29.9,0.51579846
987.1,3855.1,-0.9,0,3.8053692,624,29.9,0.51556556
994,3854.7,6.9,-0.4,3.8315718,624.3,29.9,0.51533266
994,3854.6,0,-0.1,3.8314724,624.5,29.9,0.51517739
992.1,3854.5,-1.9,-0.1,3.8240494,624.8,29.9,0.51494449
1004,3853.9,11.9,-0.6,3.8693156,625.1,29.9,0.51471159
987,3854.4,-17,0.5,3.8042928,625.4,29.9,0.51447869
979.1,3854.6,-7.9,0.2,3.7740389,625.6,29.9,0.51432342
987,3854.2,7.9,-0.4,3.8040954,625.9,29.9,0.51409052
999,3853.6,12,-0.6,3.8497464,626.2,29.9,0.51385762
992,3853.7,-7,0.1,3.8228704,626.5,29.9,0.51362472
982.2,3854,-9.8,0.3,3.7853988,626.7,29.9,0.51346945
984,3853.9,1.8,-0.1,3.7922376,627,29.9,0.51323655
974.1,3854.2,-9.9,0.3,3.7543762,627.3,29.9,0.51300365
990,3853.4,15.9,-0.8,3.814866,627.5,29.9,0.51284838
991,3853.3,1,-0.1,3.8186203,627.8,29.9,0.51261548
997,3852.9,6,-0.4,3.8413413,628.1,29.9,0.51238258
983,3853.3,-14,0.4,3.7877939,628.4,29.9,0.51214968
983,3853.2,0,-0.1,3.7876956,628.6,29.9,0.51199441
998.9,3852.5,15.9,-0.7,3.8482622,628.9,29.9,0.51176151
996.1,3852.4,-2.8,-0.1,3.8373756,629.2,29.9,0.51152861
1001.9,3852.1,5.8,-0.3,3.859419,629.5,29.9,0.51129571
986,3852.6,-15.9,0.5,3.7986636,629.8,29.9,0.51106281
989.1,3852.4,3.1,-0.2,3.8104088,630,29.9,0.51090754
988,3852.3,-1.1,-0.1,3.8060724,630.3,29.9,0.51067464
985,3852.3,-3,0,3.7945155,630.6,29.9,0.51044174
983,3852.2,-2,-0.1,3.7867126,630.9,29.9,0.51020883
997,3851.6,14,-0.6,3.8400452,631.1,29.9,0.51005357
1004.9,3851.2,7.9,-0.4,3.8700709,631.4,29.9,0.50982067
991.2,3851.6,-13.7,0.4,3.8177059,631.7,29.9,0.50958776
1002,3851,10.8,-0.6,3.858702,632,29.9,0.50935486
1005,3850.8,3,-0.2,3.870054,632.2,29.9,0.5091996
1006,3850.6,1,-0.2,3.8737036,632.5,29.9,0.5089667
989,3851.1,-17,0.5,3.8087379,632.8,29.9,0.50873379
1009,3850.3,20,-0.8,3.8849527,633.1,29.9,0.50850089
998.1,3850.5,-10.9,0.2,3.843184,633.4,29.9,0.50826799
987,3850.9,-11.1,0.4,3.8008383,633.6,29.9,0.50811272
1005.9,3850,18.9,-0.9,3.872715,633.9,29.9,0.50787982
984.1,3850.7,-21.8,0.7,3.7894739,634.2,29.9,0.50764692
999,3850,14.9,-0.7,3.84615,634.5,29.9,0.50741402
1002,3849.7,3,-0.3,3.8573994,634.7,29.9,0.50725875
987,3850.2,-15,0.5,3.8001474,635,29.9,0.50702585
1001,3849.6,14,-0.6,3.8534496,635.3,29.9,0.50679295
1005.1,3849.3,4.1,-0.3,3.8689314,635.6,29.9,0.50656005
983,3850,-22.1,0.7,3.78455,635.8,29.9,0.50640478
988,3849.7,5,-0.3,3.8035036,636.1,29.9,0.50617188
985.1,3849.7,-2.9,0,3.7923395,636.4,29.9,0.50593898
988.1,3849.5,3,-0.2,3.803691,636.7,29.9,0.50570608
980,3849.7,-8.1,0.2,3.772706,636.9,29.9,0.50555081
993,3849.1,13,-0.6,3.8221563,637.2,29.9,0.50531791
980,3849.5,-13,0.4,3.77251,637.5,29.9,0.50508501
979,3849.4,-1,-0.1,3.7685626,637.8,29.9,0.50485211
986,3849.1,7,-0.3,3.7952126,638,29.9,0.50469684
980,3849.2,-6,0.1,3.772216,638.3,29.9,0.50446394
1069.1,3845.6,89.1,-3.6,4.111331,638.6,29.9,0.50423104
1145,3842.3,75.9,-3.3,4.3994335,638.9,29.9,0.50399814
1150,3841.8,5,-0.5,4.41807,639.2,29.9,0.50376524
1140,3841.8,-10,0,4.379652,639.6,29.9,0.5034547
1156,3840.9,16,-0.9,4.4400804,639.9,29.9,0.5032218
1149,3840.9,-7,0,4.4131941,640.2,29.9,0.5029889
1133,3841.3,-16,0.4,4.3521929,640.5,29.9,0.502756
1149,3840.4,16,-0.9,4.4126196,640.8,29.9,0.5025231
1137.1,3840.6,-11.9,0.2,4.3671463,641.1,29.9,0.50229019
1161.9,3839.4,24.8,-1.2,4.4609989,641.5,29.9,0.50197966
1155,3839.4,-6.9,0,4.434507,641.8,29.9,0.50174676
1146,3839.5,-9,0.1,4.400067,642.1,29.9,0.50151386
1159,3838.8,13,-0.7,4.4491692,642.4,29.9,0.50128096
1151,3838.8,-8,0,4.4184588,642.7,29.9,0.50104806
1148,3838.8,-3,0,4.4069424,643.1,29.9,0.50073752
1154,3838.3,6,-0.5,4.4293982,643.4,29.9,0.50050462
1149,3838.3,-5,0,4.4102067,643.7,29.9,0.50027172
1143.1,3838.3,-5.9,0,4.3875607,644,29.9,0.50003882
1152,3837.7,8.9,-0.6,4.4210304,644.3,29.9,0.49980592
1142,3837.9,-10,0.2,4.3828818,644.7,29.9,0.49949538
1143,3837.7,1,-0.2,4.3864911,645,29.9,0.49926248
1144,3837.4,1,-0.3,4.3899856,645.3,29.9,0.49902958
1136,3837.5,-8,0.1,4.3594,645.6,29.9,0.49879668
1157,3836.6,21,-0.9,4.4389462,645.9,29.9,0.49856378
1150.1,3836.6,-6.9,0,4.4124737,646.2,29.9,0.49833087
1149.1,3836.4,-1,-0.2,4.4084072,646.6,29.9,0.49802034
1142,3836.5,-7.1,0.1,4.381283,646.9,29.9,0.49778744
1136,3836.6,-6,0.1,4.3583776,647.2,29.9,0.49755454
1156,3835.7,20,-0.9,4.4340692,647.5,29.9,0.49732164
1145,3835.9,-11,0.2,4.3921055,647.8,29.9,0.49708874
1136,3836,-9,0.1,4.357696,648.2,29.9,0.4967782
1149,3835.4,13,-0.6,4.4068746,648.5,29.9,0.4965453
1161.9,3834.6,12.9,-0.8,4.4554217,648.8,29.9,0.4963124
1142.1,3835.2,-19.8,0.6,4.3801819,649.1,29.9,0.4960795
1139.1,3835.2,-3,0,4.3686763,649.4,29.9,0.4958466
1128,3835.5,-11.1,0.3,4.326444,649.7,29.9,0.49561369
1142.9,3834.8,14.9,-0.7,4.3827929,650.1,29.9,0.49530316
1148.1,3834.3,5.2,-0.5,4.4021598,650.4,29.9,0.49507026
1164,3833.5,15.9,-0.8,4.462194,650.7,29.9,0.49483736
1166,3833.3,2,-0.2,4.4696278,651,29.9,0.49460446
1146,3833.9,-20,0.6,4.3936494,651.3,29.9,0.49437156
1162,3833.1,16,-0.8,4.4540622,651.7,29.9,0.49406102
1167.1,3832.7,5.1,-0.4,4.4731442,652,29.9,0.49382812
1166,3832.5,-1.1,-0.2,4.468695,652.3,29.9,0.49359522
1146,3833.1,-20,0.6,4.3927326,652.6,29.9,0.49336232
1139.1,3833.2,-6.9,0.1,4.3663981,653,29.9,0.49305178
1143,3832.9,3.9,-0.3,4.3810047,653.3,29.9,0.49281888
1148,3832.6,5,-0.3,4.3998248,653.6,29.9,0.49258598
1170,3831.6,22,-1,4.482972,653.9,29.9,0.49235308
1150.1,3832.1,-19.9,0.5,4.4072982,654.2,29.9,0.49212018
1138,3832.5,-12.1,0.4,4.361385,654.5,29.9,0.49188728
1145,3832.1,7,-0.4,4.3877545,654.9,29.9,0.49157674
1137,3832.2,-8,0.1,4.3572114,655.2,29.9,0.49134384
1164,3831,27,-1.2,4.459284,655.5,29.9,0.49111094
1144.1,3831.6,-19.9,0.6,4.3837336,655.8,29.9,0.49087804
1151.1,3831.2,7,-0.4,4.4100943,656.1,29.9,0.49064514
1158.9,3830.7,7.8,-0.5,4.4393982,656.5,29.9,0.4903346
1148.2,3831,-10.7,0.3,4.3987542,656.8,29.9,0.4901017
1148,3830.8,-0.2,-0.2,4.3977584,657.1,29.9,0.4898688
1146,3830.7,-2,-0.1,4.3899822,657.4,29.9,0.4896359
1158,3830.2,12,-0.5,4.4353716,657.7,29.9,0.489403
1151,3830.3,-7,0.1,4.4086753,658.1,29.9,0.48909246
1147,3830.3,-4,0,4.3933541,658.4,29.9,0.48885956
1142.1,3830.3,-4.9,0,4.3745856,658.7,29.9,0.48862666
1150.9,3829.8,8.8,-0.5,4.4077168,659,29.9,0.48839376
1154.1,3829.5,3.2,-0.3,4.4196259,659.3,29.9,0.48816086
1149,3829.6,-5.1,0.1,4.4002104,659.7,29.9,0.48785032
1144,3829.6,-5,0,4.3810624,660,29.9,0.48761742
1150,3829.2,6,-0.4,4.40358,660.3,29.9,0.48738452
1136,3829.7,-14,0.5,4.3505392,660.6,29.9,0.48715162
1138,3829.4,2,-0.3,4.3578572,660.9,29.9,0.48691872
1156,3828.6,18,-0.8,4.4258616,661.2,29.9,0.48668582
1139,3829.1,-17,0.5,4.3613449,661.6,29.9,0.48637528
1154.1,3828.4,15.1,-0.7,4.4183564,661.9,29.9,0.48614238
1143,3828.7,-11.1,0.3,4.3762041,662.2,29.9,0.48590948
1156.9,3828,13.9,-0.7,4.4286132,662.5,29.9,0.48567658
1158,3827.8,1.1,-0.2,4.4325924,662.8,29.9,0.48544368
1138,3828.4,-20,0.6,4.3567192,663.2,29.9,0.48513314
1139.1,3828.3,1.1,-0.1,4.3608165,663.5,29.9,0.48490024
1155.9,3827.5,16.8,-0.8,4.4242073,663.8,29.9,0.48466734
1157.1,3827.3,1.2,-0.2,4.4285688,664.1,29.9,0.48443444
1147.9,3827.4,-9.2,0.1,4.3934725,664.4,29.9,0.48420154
1153,3827.2,5.1,-0.2,4.4127616,664.8,29.9,0.483891
1133.1,3827.8,-19.9,0.6,4.3372802,665.1,29.9,0.4836581
1157,3826.7,23.9,-1.1,4.4274919,665.4,29.9,0.4834252
1129.1,3827.6,-27.9,0.9,4.3217432,665.7,29.9,0.4831923
1139.9,3827.1,10.8,-0.5,4.3625113,666,29.9,0.4829594
1149,3826.6,9.1,-0.5,4.3967634,666.3,29.9,0.4827265
1146,3826.6,-3,0,4.3852836,666.7,29.9,0.48241596
1137,3826.8,-9,0.2,4.3510716,667,29.9,0.48218306
1138.2,3826.7,1.2,-0.1,4.3555499,667.3,29.9,0.48195016
1153.9,3825.9,15.7,-0.8,4.414706,667.6,29.9,0.48171726
1412,3815.6,258.1,-10.3,5.3876272,668,29.9,0.48140672
1676.9,3804.7,264.9,-10.9,6.3801014,668.5,29.9,0.48101855
1685,3803.5,8.1,-1.2,6.4088975,668.9,29.9,0.48070802
1671,3803.2,-14,-0.3,6.3551472,669.4,29.9,0.48031985
1683,3802,12,-1.2,6.398766,669.9,29.9,0.47993168
1691,3801,8,-1,6.427491,670.3,29.9,0.47962115
1673,3801.1,-18,0.1,6.3592403,670.8,29.9,0.47923298
1690,3799.9,17,-1.2,6.421831,671.3,29.9,0.47884481
1661.9,3800.4,-28.1,0.5,6.3158848,671.7,29.9,0.47853428
1671,3799.5,9.1,-0.9,6.3489645,672.2,29.9,0.47814611
1688.1,3798.3,17.1,-1.2,6.4119102,672.7,29.9,0.47775794
1687,3797.9,-1.1,-0.4,6.4070573,673.1,29.9,0.4774474
1670,3798,-17,0.1,6.34266,673.6,29.9,0.47705923
1674,3797.3,4,-0.7,6.3566802,674.1,29.9,0.47667107
1679,3796.7,5,-0.6,6.3746593,674.5,29.9,0.47636053
1681.1,3796.1,2.1,-0.6,6.3816237,675,29.9,0.47597236
1680.9,3795.7,-0.2,-0.4,6.3801921,675.5,29.9,0.47558419
1677.1,3795.4,-3.8,-0.3,6.3652653,675.9,29.9,0.47527366
1687.9,3794.6,10.8,-0.8,6.4049053,676.4,29.9,0.47488549
1674,3794.7,-13.9,0.1,6.3523278,676.9,29.9,0.47449732
1673,3794.3,-1,-0.4,6.3478639,677.3,29.9,0.47418679
1668.1,3794.1,-4.9,-0.2,6.3289382,677.8,29.9,0.47379862
1669.9,3793.7,1.8,-0.4,6.3350996,678.3,29.9,0.47341045
1682,3792.8,12.1,-0.9,6.3794896,678.7,29.9,0.47309991
1673,3792.7,-9,-0.1,6.3451871,679.2,29.9,0.47271175
1672,3792.4,-1,-0.3,6.3408928,679.7,29.9,0.47232358
1684.1,3791.6,12.1,-0.8,6.3854336,680.1,29.9,0.47201304
1682,3791.3,-2.1,-0.3,6.3769666,680.6,29.9,0.47162487
1695.1,3790.3,13.1,-1,6.4249375,681.1,29.9,0.47123671
1667,3791.1,-28.1,0.8,6.3197637,681.5,29.9,0.47092617
1673,3790.6,6,-0.5,6.3416738,682,29.9,0.470538
1680.1,3789.9,7.1,-0.7,6.367411,682.5,29.9,0.47014983
1669,3790.1,-11.1,0.2,6.3256769,682.9,29.9,0.4698393
1672,3789.6,3,-0.5,6.3362112,683.4,29.9,0.46945113
1668,3789.4,-4,-0.2,6.3207192,683.9,29.9,0.46906296
1673,3788.9,5,-0.5,6.3388297,684.3,29.9,0.46875243
1665.2,3788.9,-7.8,0,6.3092763,684.8,29.9,0.46836426
1692,3787.6,26.8,-1.3,6.4086192,685.2,29.9,0.46805372
1672,3788,-20,0.4,6.333536,685.7,29.9,0.46766555
1676,3787.6,4,-0.4,6.3480176,686.2,29.9,0.46727739
1667,3787.6,-9,0,6.3139292,686.6,29.9,0.46696685
1669.1,3787.2,2.1,-0.4,6.3212155,687.1,29.9,0.46657868
1673,3786.8,3.9,-0.4,6.3353164,687.6,29.9,0.46619051
1674.1,3786.5,1.1,-0.3,6.3389796,688,29.9,0.46587998
1684,3785.8,9.9,-0.7,6.3752872,688.5,29.9,0.46549181
1670,3786,-14,0.2,6.32262,689,29.9,0.46510364
1682.1,3785.3,12.1,-0.7,6.3672531,689.4,29.9,0.46479311
1688,3784.8,5.9,-0.5,6.3887424,689.9,29.9,0.46440494
1685,3784.6,-3,-0.2,6.377051,690.4,29.9,0.46401677
1682,3784.4,-3,-0.2,6.3653608,690.8,29.9,0.46370623
1698,3783.5,16,-0.9,6.424383,691.3,29.9,0.46331807
1679,3784,-19,0.5,6.353336,691.8,29.9,0.4629299
1678,3783.7,-1,-0.3,6.3490486,692.2,29.9,0.46261936
1678.1,3783.5,0.1,-0.2,6.3490914,692.7,29.9,0.46223119
1662.1,3783.8,-16,0.3,6.289054,693.2,29.9,0.46184302
1667,3783.4,4.9,-0.4,6.3069278,693.6,29.9,0.46153249
1671,3783,4,-0.4,6.321393,694.1,29.9,0.46114432
1676.9,3782.5,5.9,-0.5,6.3428743,694.6,29.9,0.46075615
1676.1,3782.3,-0.8,-0.2,6.339513,695,29.9,0.46044562
1679,3782,2.9,-0.3,6.349978,695.5,29.9,0.46005745
1677,3781.8,-2,-0.2,6.3420786,696,29.9,0.45966928
1684,3781.2,7,-0.6,6.3675408,696.4,29.9,0.45935875
1667,3781.7,-17,0.5,6.3040939,696.9,29.9,0.45897058
1678.1,3781,11.1,-0.7,6.3448961,697.4,29.9,0.45858241
1674,3780.9,-4.1,-0.1,6.3292266,697.8,29.9,0.45827187
1676,3780.6,2,-0.3,6.3362856,698.3,29.9,0.4578837
1663.1,3780.9,-12.9,0.3,6.2880148,698.7,29.9,0.45757317
1678,3780.1,14.9,-0.8,6.3430078,699.2,29.9,0.457185
1679.1,3779.8,1.1,-0.3,6.3466622,699.7,29.9,0.45679683
1665,3780.1,-14.1,0.3,6.2938665,700.1,29.9,0.4564863
1665,3779.9,0,-0.2,6.2935335,700.6,29.9,0.45609813
1680,3779.1,15,-0.8,6.348888,701.1,29.9,0.45570996
1672,3779.2,-8,0.1,6.3188224,701.5,29.9,0.45539943
1675.1,3778.9,3.1,-0.3,6.3300354,702,29.9,0.45501126
1664,3779.1,-11.1,0.2,6.2884224,702.5,29.9,0.45462309
1692.9,3777.7,28.9,-1.4,6.3952683,702.9,29.9,0.45431255
1671.1,3778.3,-21.8,0.6,6.3139171,703.4,29.9,0.45392438
1677,3777.9,5.9,-0.4,6.3355383,703.9,29.9,0.45353622
1670,3777.9,-7,0,6.309093,704.3,29.9,0.45322568
1674.1,3777.6,4.1,-0.3,6.3240802,704.8,29.9,0.45283751
1676,3777.3,1.9,-0.3,6.3307548,705.3,29.9,0.45244934
1678,3777,2,-0.3,6.337806,705.7,29.9,0.45213881
1675,3776.9,-3,-0.1,6.3263075,706.2,29.9,0.45175064
1689,3776.1,14,-0.8,6.3778329,706.7,29.9,0.45136247
1679.2,3776.3,-9.8,0.2,6.341163,707.1,29.9,0.45105194
1685,3775.8,5.8,-0.5,6.362223,707.6,29.9,0.45066377
1683,3775.7,-2,-0.1,6.3545031,708.1,29.9,0.4502756
1668.1,3776.1,-14.9,0.4,6.2989124,708.5,29.9,0.44996506
1675,3775.6,6.9,-0.5,6.32413,709,29.9,0.4495769
1677.1,3775.4,2.1,-0.2,6.3317233,709.5,29.9,0.44918873
1668,3775.5,-9.1,0.1,6.297534,709.9,29.9,0.44887819
1681.1,3774.8,13.1,-0.7,6.3458163,710.4,29.9,0.44849002
1677,3774.8,-4.1,0,6.3303396,710.9,29.9,0.44810186
1685,3774.2,8,-0.6,6.359527,711.3,29.9,0.44779132
1687,3773.9,2,-0.3,6.3665693,711.8,29.9,0.44740315
1692,3773.6,5,-0.3,6.3849312,712.3,29.9,0.44701498
1669,3774.2,-23,0.6,6.2991398,712.7,29.9,0.44670445
1683.1,3773.5,14.1,-0.7,6.3511779,713.2,29.9,0.44631628
1679,3773.5,-4.1,0,6.3357065,713.7,29.9,0.44592811
1676,3773.4,-3,-0.1,6.3242184,714.1,29.9,0.44561758
1687.1,3772.8,11.1,-0.6,6.3650909,714.6,29.9,0.44522941
1689,3772.5,1.9,-0.3,6.3717525,715.1,29.9,0.44484124
1686,3772.4,-3,-0.1,6.3602664,715.5,29.9,0.4445307
1675,3772.6,-11,0.2,6.319105,716,29.9,0.44414254
1695.2,3771.7,20.2,-0.9,6.3937858,716.5,29.9,0.44375437
1687,3771.8,-8.2,0.1,6.3630266,716.9,29.9,0.44344383
1676.1,3772,-10.9,0.2,6.3222492,717.4,29.9,0.44305566
1667,3772.2,-9.1,0.2,6.2882574,717.9,29.9,0.44266749
1678.1,3771.6,11.1,-0.6,6.329122,718.3,29.9,0.44235696
1685,3771.1,6.9,-0.5,6.3543035,718.8,30,0.44196879
1679,3771.1,-6,0,6.3316769,719.3,30,0.44158062
1670,3771.3,-9,0.2,6.298071,719.7,30,0.44127009
1667.1,3771.2,-2.9,-0.1,6.2869675,720.2,30,0.44088192
1673,3770.9,5.9,-0.3,6.3087157,720.7,30,0.44049375
1673,3770.7,0,-0.2,6.3083811,721.1,30,0.44018322
1689,3769.9,16,-0.8,6.3673611,721.6,30,0.43979505
1674.2,3770.3,-14.8,0.4,6.3122363,722.1,30,0.43940688
1673,3770.1,-1.2,-0.2,6.3073773,722.5,30,0.43909634
1676,3769.9,3,-0.2,6.3183524,723,30,0.43870817
1666.1,3770.1,-9.9,0.2,6.2813636,723.4,30,0.43839764
1671,3769.7,4.9,-0.4,6.2991687,723.9,30,0.43800947
1677.9,3769.3,6.9,-0.4,6.3245085,724.4,30,0.4376213
1677.1,3769.1,-0.8,-0.2,6.3211576,724.8,30,0.43731077
1684,3768.7,6.9,-0.4,6.3464908,725.3,30,0.4369226
1681,3768.6,-3,-0.1,6.3350166,725.8,30,0.43653443
1676,3768.6,-5,0,6.3161736,726.2,30,0.4362239
1672,3768.6,-4,0,6.3010992,726.7,30,0.43583573
1685,3767.9,13,-0.7,6.3489115,727.2,30,0.43544756
1679,3767.9,-6,0,6.3263041,727.6,30,0.43513702
1690,3767.3,11,-0.6,6.366737,728.1,30,0.43474885
1685.1,3767.3,-4.9,0,6.3482772,728.6,30,0.43436069
1674,3767.6,-11.1,0.3,6.3069624,729,30,0.43405015
1684.1,3767,10.1,-0.6,6.3440047,729.5,30,0.43366198
1699,3766.3,14.9,-0.7,6.3989437,730,30,0.43327381
1664,3767.4,-35,1.1,6.2689536,730.4,30,0.43296328
838.1,3799.7,-825.9,32.3,3.1845286,730.7,30,0.43273038
0,3834.4,-838.1,34.7,0,730.7,30,0.43273038
0,3836.7,0,2.3,0,730.7,30,0.43273038
0,3838.5,0,1.8,0,730.7,30,0.43273038
0,3840.2,0,1.7,0,730.7,30,0.43273038
0,3841.6,0,1.4,0,730.7,30,0.43273038
0,3843,0,1.4,0,730.7,30,0.43273038
0,3844.3,0,1.3,0,730.7,30,0.43273038
0,3845.5,0,1.2,0,730.7,30,0.43273038
0,3846.6,0,1.1,0,730.7,30,0.43273038
0,3847.7,0,1.1,0,730.7,30,0.43273038
0,3848.8,0,1.1,0,730.7,30,0.43273038
0,3849.8,0,1,0,730.7,30,0.43273038
0,3850.8,0,1,0,730.7,30,0.43273038
0,3851.7,0,0.9,0,730.7,30,0.43273038
0,3852.6,0,0.9,0,730.7,30,0.43273038
0,3853.4,0,0.8,0,730.7,30,0.43273038
0,3854.3,0,0.9,0,730.7,30,0.43273038
0,3855.1,0,0.8,0,730.7,30,0.43273038
0,3855.8,0,0.7,0,730.7,30,0.43273038
0,3856.6,0,0.8,0,730.7,30,0.43273038
0,3857.3,0,0.7,0,730.7,30,0.43273038
0,3858.1,0,0.8,0,730.7,30,0.43273038
0,3858.7,0,0.6,0,730.7,30,0.43273038
0,3859.4,0,0.7,0,730.7,30,0.43273038
0,3860.1,0,0.7,0,730.7,30,0.43273038
0,3860.7,0,0.6,0,730.7,30,0.43273038
0,3861.3,0,0.6,0,730.7,30,0.43273038
0,3861.9,0,0.6,0,730.7,30,0.43273038
0,3862.5,0,0.6,0,730.7,30,0.43273038
0,3863.1,0,0.6,0,730.7,30,0.43273038
0,3863.6,0,0.5,0,730.7,30,0.43273038
0,3864.1,0,0.5,0,730.7,30,0.43273038
0,3864.6,0,0.5,0,730.7,30,0.43273038
0,3865.2,0,0.6,0,730.7,30,0.43273038
0,3865.7,0,0.5,0,730.7,30,0.43273038
0,3866.2,0,0.5,0,730.7,30,0.43273038
0,3866.6,0,0.4,0,730.7,30,0.43273038
0,3867.1,0,0.5,0,730.7,30,0.43273038
0,3867.5,0,0.4,0,730.7,30,0.43273038
0,3868,0,0.5,0,730.7,30,0.43273038
0,3868.5,0,0.5,0,730.7,30,0.43273038
0,3868.9,0,0.4,0,730.7,30,0.43273038
0,3869.3,0,0.4,0,730.7,30,0.43273038
0,3869.7,0,0.4,0,730.7,30,0.43273038
0,3870.1,0,0.4,0,730.7,30,0.43273038
0,3870.4,0,0.3,0,730.7,30,0.43273038
0,3870.8,0,0.4,0,730.7,30,0.43273038
0,3871.2,0,0.4,0,730.7,30,0.43273038
0,3871.6,0,0.4,0,730.7,30,0.43273038
0,3871.9,0,0.3,0,730.7,30,0.43273038
0,3872.3,0,0.4,0,730.7,30,0.43273038
0,3872.6,0,0.3,0,730.7,30,0.43273038
0,3872.9,0,0.3,0,730.7,30,0.43273038
0,3873.2,0,0.3,0,730.7,30,0.43273038
0,3873.6,0,0.4,0,730.7,30,0.43273038
0,3873.8,0,0.2,0,730.7,30,0.43273038
0,3874.2,0,0.4,0,730.7,30,0.43273038
0,3874.5,0,0.3,0,730.7,30,0.43273038
0,3874.7,0,0.2,0,730.7,30,0.43273038
0,3875,0,0.3,0,730.7,30,0.43273038
0,3875.3,0,0.3,0,730.7,30,0.43273038
0,3875.6,0,0.3,0,730.7,30,0.43273038
0,3875.9,0,0.3,0,730.7,30,0.43273038
0,3876.2,0,0.3,0,730.7,30,0.43273038
0,3876.4,0,0.2,0,730.7,30,0.43273038
0,3876.7,0,0.3,0,730.7,30,0.43273038
0,3876.9,0,0.2,0,730.7,30,0.43273038
0,3877.2,0,0.3,0,730.7,30,0.43273038
0,3877.4,0,0.2,0,730.7,30,0.43273038
0,3877.7,0,0.3,0,730.7,30,0.43273038
0,3877.9,0,0.2,0,730.7,30,0.43273038
0,3878.1,0,0.2,0,730.7,30,0.43273038
0,3878.4,0,0.3,0,730.7,30,0.43273038
0,3878.6,0,0.2,0,730.7,30,0.43273038
0,3878.8,0,0.2,0,730.7,30,0.43273038
0,3879,0,0.2,0,730.7,29.9,0.43273038
0,3879.2,0,0.2,0,730.7,29.9,0.43273038
0,3879.5,0,0.3,0,730.7,29.9,0.43273038
0,3879.6,0,0.1,0,730.7,29.9,0.43273038
0,3879.8,0,0.2,0,730.7,29.9,0.43273038
0,3880.1,0,0.3,0,730.7,29.9,0.43273038
0,3880.3,0,0.2,0,730.7,29.9,0.43273038
0,3880.5,0,0.2,0,730.7,29.9,0.43273038
0,3880.6,0,0.1,0,730.7,29.9,0.43273038
0,3880.8,0,0.2,0,730.7,29.9,0.43273038
0,3881,0,0.2,0,730.7,29.9,0.43273038
0,3881.2,0,0.2,0,730.7,29.9,0.43273038
0,3881.4,0,0.2,0,730.7,29.9,0.43273038
0,3881.6,0,0.2,0,730.7,29.9,0.43273038
0,3881.7,0,0.1,0,730.7,29.9,0.43273038
0,3881.9,0,0.2,0,730.7,29.9,0.43273038
0,3882.1,0,0.2,0,730.7,29.9,0.43273038
0,3882.3,0,0.2,0,730.7,29.9,0.43273038
0,3882.4,0,0.1,0,730.7,29.9,0.43273038
0,3882.6,0,0.2,0,730.7,29.9,0.43273038
0,3882.7,0,0.1,0,730.7,29.9,0.43273038
0,3882.9,0,0.2,0,730.7,29.9,0.43273038
0,3883.1,0,0.2,0,730.7,29.9,0.43273038
0,3883.2,0,0.1,0,730.7,29.9,0.43273038
0,3883.3,0,0.1,0,730.7,29.9,0.43273038
0,3883.5,0,0.2,0,730.7,29.9,0.43273038
0,3883.6,0,0.1,0,730.7,29.9,0.43273038
0,3883.8,0,0.2,0,730.7,29.9,0.43273038
0,3883.9,0,0.1,0,730.7,29.9,0.43273038
0,3884.1,0,0.2,0,730.7,29.9,0.43273038
0,3884.2,0,0.1,0,730.7,29.9,0.43273038
0,3884.3,0,0.1,0,730.7,29.9,0.43273038
0,3884.5,0,0.2,0,730.7,29.9,0.43273038
0,3884.6,0,0.1,0,730.7,29.9,0.43273038
0,3884.8,0,0.2,0,730.7,29.9,0.43273038
0,3884.9,0,0.1,0,730.7,29.9,0.43273038
0,3885,0,0.1,0,730.7,29.9,0.43273038
0,3885.1,0,0.1,0,730.7,29.9,0.43273038
0,3885.3,0,0.2,0,730.7,29.9,0.43273038
0,3885.4,0,0.1,0,730.7,29.9,0.43273038
0,3885.5,0,0.1,0,730.7,29.9,0.43273038
0,3885.7,0,0.2,0,730.7,29.9,0.43273038
0,3885.8,0,0.1,0,730.7,29.9,0.43273038
0,3885.9,0,0.1,0,730.7,29.9,0.43273038
0,3886,0,0.1,0,730.7,29.9,0.43273038
0,3886.1,0,0.1,0,730.7,29.9,0.43273038
0,3886.2,0,0.1,0,730.7,29.9,0.43273038
0,3886.3,0,0.1,0,730.7,29.9,0.43273038
0,3886.5,0,0.2,0,730.7,29.9,0.43273038
0,3886.6,0,0.1,0,730.7,29.9,0.43273038
0,3886.7,0,0.1,0,730.7,29.9,0.43273038
0,3886.8,0,0.1,0,730.7,29.9,0.43273038
0,3886.9,0,0.1,0,730.7,29.9,0.43273038
0,3887,0,0.1,0,730.7,29.9,0.43273038
0,3887.1,0,0.1,0,730.7,29.9,0.43273038
0,3887.2,0,0.1,0,730.7,29.9,0.43273038
0,3887.3,0,0.1,0,730.7,29.9,0.43273038
0,3887.4,0,0.1,0,730.7,29.9,0.43273038
0,3887.5,0,0.1,0,730.7,29.9,0.43273038
0,3887.6,0,0.1,0,730.7,29.9,0.43273038
0,3887.7,0,0.1,0,730.7,29.9,0.43273038
0,3887.8,0,0.1,0,730.7,29.9,0.43273038
0,3887.9,0,0.1,0,730.7,29.9,0.43273038
0,3888,0,0.1,0,730.7,29.9,0.43273038
0,3888.1,0,0.1,0,730.7,29.9,0.43273038
0,3888.2,0,0.1,0,730.7,29.9,0.43273038
0,3888.3,0,0.1,0,730.7,29.9,0.43273038
0,3888.4,0,0.1,0,730.7,29.9,0.43273038
0,3888.5,0,0.1,0,730.7,29.9,0.43273038
0,3888.5,0,0,0,730.7,29.9,0.43273038
0,3888.6,0,0.1,0,730.7,29.9,0.43273038
0,3888.7,0,0.1,0,730.7,29.9,0.43273038
0,3888.8,0,0.1,0,730.7,29.9,0.43273038
0,3888.9,0,0.1,0,730.7,29.9,0.43273038
0,3889,0,0.1,0,730.7,29.9,0.43273038
0,3889,0,0,0,730.7,29.9,0.43273038
0,3889.1,0,0.1,0,730.7,29.9,0.43273038
0,3889.2,0,0.1,0,730.7,29.9,0.43273038
0,3889.3,0,0.1,0,730.7,29.9,0.43273038
0,3889.4,0,0.1,0,730.7,29.9,0.43273038
0,3889.4,0,0,0,730.7,29.9,0.43273038
0,3889.5,0,0.1,0,730.7,29.9,0.43273038
0,3889.6,0,0.1,0,730.7,29.9,0.43273038
0,3889.7,0,0.1,0,730.7,29.9,0.43273038
0,3889.7,0,0,0,730.7,29.9,0.43273038
0,3889.8,0,0.1,0,730.7,29.9,0.43273038
0,3889.9,0,0.1,0,730.7,29.9,0.43273038
0,3890,0,0.1,0,730.7,29.9,0.43273038
0,3890.1,0,0.1,0,730.7,29.9,0.43273038
0,3890.1,0,0,0,730.7,29.9,0.43273038
0,3890.2,0,0.1,0,730.7,29.9,0.43273038
0,3890.2,0,0,0,730.7,29.9,0.43273038
0,3890.3,0,0.1,0,730.7,29.9,0.43273038
0,3890.4,0,0.1,0,730.7,29.9,0.43273038
0,3890.5,0,0.1,0,730.7,29.9,0.43273038
0,3890.6,0,0.1,0,730.7,29.9,0.43273038
0,3890.6,0,0,0,730.7,29.9,0.43273038
0,3890.7,0,0.1,0,730.7,29.9,0.43273038
0,3890.7,0,0,0,730.7,29.9,0.43273038
0,3890.8,0,0.1,0,730.7,29.9,0.43273038
0,3890.9,0,0.1,0,730.7,29.9,0.43273038
0,3891,0,0.1,0,730.7,29.9,0.43273038
0,3891,0,0,0,730.7,29.9,0.43273038
0,3891,0,0,0,730.7,29.9,0.43273038
0,3891.1,0,0.1,0,730.7,29.9,0.43273038
0,3891.1,0,0,0,730.7,29.9,0.43273038
0,3891.2,0,0.1,0,730.7,29.9,0.43273038
0,3891.3,0,0.1,0,730.7,29.9,0.43273038
0,3891.3,0,0,0,730.7,29.9,0.43273038
0,3891.4,0,0.1,0,730.7,29.9,0.43273038
0,3891.5,0,0.1,0,730.7,29.9,0.43273038
0,3891.6,0,0.1,0,730.7,29.9,0.43273038
0,3891.6,0,0,0,730.7,29.9,0.43273038
0,3891.7,0,0.1,0,730.7,29.9,0.43273038
0,3891.7,0,0,0,730.7,29.9,0.43273038
0,3891.8,0,0.1,0,730.7,29.9,0.43273038
0,3891.9,0,0.1,0,730.7,29.9,0.43273038
0,3891.9,0,0,0,730.7,29.9,0.43273038
0,3891.9,0,0,0,730.7,29.9,0.43273038
0,3892,0,0.1,0,730.7,29.9,0.43273038
0,3892.1,0,0.1,0,730.7,29.9,0.43273038
1195.9,3844.9,1195.9,-47.2,4.5981159,731,29.9,0.43249748
2395.9,3796.3,1200,-48.6,9.0955552,731.7,29.9,0.43195404
2389.1,3793.1,-6.8,-3.2,9.0620952,732.3,29.9,0.43148824
2381.1,3790.5,-8,-2.6,9.0255596,733,29.9,0.4309448
2390,3787.7,8.9,-2.8,9.052603,733.7,29.9,0.43040137
2386,3785.4,-4,-2.3,9.0319644,734.3,29.9,0.42993556
2383,3783.4,-3,-2,9.0158422,735,29.9,0.42939213
2399,3780.7,16,-2.7,9.0698993,735.7,29.9,0.42884869
2386.1,3779.2,-12.9,-1.5,9.0175491,736.3,29.9,0.42838289
2388,3777.3,1.9,-1.9,9.0201924,737,29.9,0.42783945
2395,3775.2,7,-2.1,9.041604,737.6,29.9,0.42737365
2408,3772.9,13,-2.3,9.0851432,738.3,29.9,0.42683022
2389,3771.9,-19,-1,9.0110691,739,29.9,0.42628678
2400,3769.8,11,-2.1,9.04752,739.6,29.9,0.42582098
2391.2,3768.6,-8.8,-1.2,9.0114763,740.3,29.9,0.42527754
2388.1,3767.2,-3.1,-1.4,8.9964503,741,29.9,0.4247341
2393,3765.5,4.9,-1.7,9.0108415,741.6,29.9,0.4242683
2383,3764.4,-10,-1.1,8.9705652,742.3,29.9,0.42372487
2389,3762.7,6,-1.7,8.9890903,743,29.9,0.42318143
2392,3761.2,3,-1.5,8.9967904,743.6,29.9,0.42271563
2396,3759.7,4,-1.5,9.0082412,744.3,29.9,0.42217219
2389,3758.7,-7,-1,8.9795343,745,29.9,0.42162876
2394,3757.2,5,-1.5,8.9947368,745.6,29.9,0.42116295
2413,3755.2,19,-2,9.0612976,746.3,29.9,0.42061952
2376,3755.4,-37,0.2,8.9228304,747,29.9,0.42007608
2405,3753.1,29,-2.3,9.0262055,747.6,29.9,0.41961028
2402,3752,-3,-1.1,9.012304,748.3,29.9,0.41906684
2393,3751.2,-9,-0.8,8.9766216,749,29.9,0.41852341
2380.1,3750.5,-12.9,-0.7,8.9265651,749.6,29.9,0.4180576
2390,3749.1,9.9,-1.4,8.960349,750.3,29.9,0.41751417
2391,3748,1,-1.1,8.961468,750.9,29.9,0.41704837
2392,3746.9,1,-1.1,8.9625848,751.6,29.9,0.41650493
2399,3745.6,7,-1.3,8.9856944,752.3,29.9,0.41596149
2387,3745.1,-12,-0.5,8.9395537,752.9,29.9,0.41549569
2389,3744,2,-1.1,8.944416,753.6,29.9,0.41495226
2382,3743.3,-7,-0.7,8.9165406,754.3,29.9,0.41440882
2386,3742.3,4,-1,8.9291278,754.9,29.9,0.41394302
2392,3741.1,6,-1.2,8.9487112,755.6,29.9,0.41339958
2404,3739.7,12,-1.4,8.9902388,756.3,29.9,0.41285614
2380.1,3739.7,-23.9,0,8.90086,756.9,29.9,0.41239034
2388.1,3738.6,8,-1.1,8.9281507,757.6,29.9,0.41184691
2395.1,3737.4,7,-1.2,8.9514467,758.2,29.9,0.4113811
2400,3736.4,4.9,-1,8.96736,758.9,29.9,0.41083767
2389.1,3736,-10.9,-0.4,8.9256776,759.6,29.9,0.41029423
2401,3734.7,11.9,-1.3,8.9670147,760.2,29.9,0.40982843
2392.1,3734.3,-8.9,-0.4,8.932819,760.9,29.9,0.40928499
2379,3734,-13.1,-0.3,8.883186,761.6,29.9,0.40874156
2385,3733.1,6,-0.9,8.9034435,762.2,29.9,0.40827575
2373.1,3732.7,-11.9,-0.4,8.8580704,762.9,29.9,0.40773232
2383.1,3731.7,10,-1,8.8930143,763.6,29.9,0.40718888
2382.1,3731,-1,-0.7,8.8876151,764.2,29.9,0.40672308
2391.1,3729.9,9,-1.1,8.9185639,764.9,29.9,0.40617964
2395.1,3729.1,4,-0.8,8.9315674,765.5,29.9,0.40571384
2389,3728.6,-6.1,-0.5,8.9076254,766.2,29.9,0.40517041
2393,3727.8,4,-0.8,8.9206254,766.9,29.9,0.40462697
2361,3728.4,-32,0.6,8.8027524,767.5,29.9,0.40416117
2389,3726.6,28,-1.8,8.9028474,768.2,29.9,0.40361773
2407.1,3725.3,18.1,-1.3,8.9671696,768.9,29.9,0.4030743
2390.1,3725.3,-17,0,8.9038395,769.5,29.9,0.40260849
2391,3724.7,0.9,-0.6,8.9057577,770.2,29.9,0.40206506
2395.1,3723.9,4.1,-0.8,8.9191129,770.9,29.9,0.40152162
2380,3723.9,-15.1,0,8.862882,771.5,29.9,0.40105582
2392,3722.8,12,-1.1,8.9049376,772.2,29.9,0.40051238
2403,3721.8,11,-1,8.9434854,772.8,29.9,0.40004658
2381,3722.1,-22,0.3,8.8623201,773.5,29.9,0.39950314
2401,3720.7,20,-1.4,8.9334007,774.2,29.9,0.39895971
2403,3720.1,2,-0.6,8.9394003,774.8,29.9,0.39849391
2393,3719.9,-10,-0.2,8.9017207,775.5,29.9,0.39795047
2391,3719.5,-2,-0.4,8.8933245,776.2,29.9,0.39740703
2396,3718.8,5,-0.7,8.9102448,776.8,30,0.39694123
2399.1,3718.1,3.1,-0.7,8.9200937,777.5,30,0.3963978
2396,3717.7,-3.1,-0.4,8.9076092,778.2,30,0.39585436
2403,3716.9,7,-0.8,8.9317107,778.8,30,0.39538856
2389,3716.9,-14,0,8.8796741,779.5,30,0.39484512
2399,3716,10,-0.9,8.914684,780.2,30,0.39430168
2391.1,3715.8,-7.9,-0.2,8.8848494,780.8,30,0.39383588
2379,3715.8,-12.1,0,8.8398882,781.5,30,0.39329245
2385,3715.1,6,-0.7,8.8605135,782.2,30,0.39274901
2390,3714.5,5,-0.6,8.877655,782.8,30,0.39228321
2397,3713.7,7,-0.8,8.9017389,783.5,30,0.39173977
2388.1,3713.6,-8.9,-0.1,8.8684482,784.1,30,0.39127397
2396.9,3712.8,8.8,-0.8,8.8992103,784.8,30,0.39073053
2392.1,3712.5,-4.8,-0.3,8.8806713,785.5,30,0.3901871
2380,3712.5,-12.1,0,8.83575,786.1,30,0.38972129
2388,3711.8,8,-0.7,8.8637784,786.8,30,0.38917786
2391.1,3711.2,3.1,-0.6,8.8738503,787.5,30,0.38863442
2396.9,3710.5,5.8,-0.7,8.8936975,788.1,30,0.38816862
2391.1,3710.3,-5.8,-0.2,8.8716983,788.8,30,0.38762518
2404.9,3709.3,13.8,-1,8.9204956,789.5,30,0.38708175
2398,3709.1,-6.9,-0.2,8.8944218,790.1,30,0.38661595
2387,3709.1,-11,0,8.8536217,790.8,30,0.38607251
2387,3708.7,0,-0.4,8.8526669,791.5,30,0.38552907
2396,3708,9,-0.7,8.884368,792.1,30,0.38506327
2397.9,3707.5,1.9,-0.5,8.8902142,792.8,30,0.38451984
2392,3707.3,-5.9,-0.2,8.8678616,793.5,30,0.3839764
2395.1,3706.8,3.1,-0.5,8.8781567,794.1,30,0.3835106
2389,3706.6,-6.1,-0.2,8.8550674,794.8,30,0.38296716
2391.1,3706.1,2.1,-0.5,8.8616557,795.4,30,0.38250136
2392,3705.6,0.9,-0.5,8.8637952,796.1,30,0.38195792
2388,3705.4,-4,-0.2,8.8484952,796.8,30,0.38141449
2379.1,3705.4,-8.9,0,8.8155171,797.4,30,0.38094868
2387,3704.7,7.9,-0.7,8.8431189,798.1,30,0.38040525
2392.1,3704.1,5.1,-0.6,8.8605776,798.8,30,0.37986181
2388,3703.9,-4.1,-0.2,8.8449132,799.4,30,0.37939601
2377.1,3703.9,-10.9,0,8.8045407,800.1,30,0.37885257
2403.9,3702.5,26.8,-1.4,8.9004398,800.8,30,0.37830914
2399,3702.3,-4.9,-0.2,8.8818177,801.4,30,0.37784334
2398.9,3701.9,-0.1,-0.4,8.8804879,802.1,30,0.3772999
2396,3701.6,-2.9,-0.3,8.8690336,802.8,30.1,0.37675646
2400,3701.1,4,-0.5,8.88264,803.4,30.1,0.37629066
2381,3701.5,-19,0.4,8.8132715,804.1,30.1,0.37574722
2382,3701.1,1,-0.4,8.8160202,804.7,30.1,0.37528142
2397,3700.1,15,-1,8.8691397,805.4,30.1,0.37473799
2387,3700.1,-10,0,8.8321387,806.1,30.1,0.37419455
2393.1,3699.5,6.1,-0.6,8.8532734,806.7,30.1,0.37372875
2408,3698.6,14.9,-0.9,8.9062288,807.4,30.1,0.37318531
2392.1,3698.8,-15.9,0.2,8.8478995,808.1,30.1,0.37264188
2300.2,3702.1,-91.9,3.3,8.5155704,808.7,30.1,0.37217607
2210.1,3705.5,-90.1,3.4,8.1895256,809.3,30.1,0.37171027
2221,3705,10.9,-0.5,8.228805,809.9,30.1,0.37124447
2210.1,3705.2,-10.9,0.2,8.1888625,810.6,30.1,0.37070103
2219,3704.7,8.9,-0.5,8.2207293,811.2,30.1,0.37023523
2210,3704.9,-9,0.2,8.187829,811.8,30.1,0.36976943
2208.1,3704.8,-1.9,-0.1,8.1805689,812.4,30.1,0.36930363
2221,3704.2,12.9,-0.6,8.2270282,813,30.1,0.36883782
2210.1,3704.3,-10.9,0.1,8.1868734,813.6,30.1,0.36837202
2211,3704.2,0.9,-0.1,8.1899862,814.2,30.1,0.36790622
2199,3704.4,-12,0.2,8.1459756,814.9,30.1,0.36736278
2210.1,3703.8,11.1,-0.6,8.1857684,815.5,30.1,0.36689698
2218,3703.3,7.9,-0.5,8.2139194,816.1,30.1,0.36643118
2227.9,3702.7,9.9,-0.6,8.2492453,816.7,30.1,0.36596538
2198,3703.7,-29.9,1,8.1407326,817.3,30.1,0.36549957
2215,3702.8,17,-0.9,8.201702,817.9,30.1,0.36503377
2222.9,3702.2,7.9,-0.6,8.2296204,818.5,30.1,0.36456797
2209.1,3702.6,-13.8,0.4,8.1794137,819.2,30.1,0.36402453
2224.1,3701.8,15,-0.8,8.2331734,819.8,30.1,0.36355873
2217,3701.8,-7.1,0,8.2068906,820.4,30.1,0.36309293
2208.2,3701.9,-8.8,0.1,8.1745356,821,30.1,0.36262713
2214,3701.5,5.8,-0.4,8.195121,821.6,30.1,0.36216132
2206.1,3701.6,-7.9,0.1,8.1660998,822.2,30.1,0.36169552
2217,3700.9,10.9,-0.7,8.2048953,822.8,30.1,0.36122972
2202.1,3701.3,-14.9,0.4,8.1506327,823.5,30.1,0.36068628
2204,3701,1.9,-0.3,8.157004,824.1,30.1,0.36022048
2202,3700.9,-2,-0.1,8.1493818,824.7,30.1,0.35975468
2202.1,3700.7,0.1,-0.2,8.1493115,825.3,30.1,0.35928888
2214,3700,11.9,-0.7,8.1918,825.9,30.2,0.35882307
2217.1,3699.6,3.1,-0.4,8.2023832,826.5,30.2,0.35835727
2186,3700.6,-31.1,1,8.0895116,827.1,30.2,0.35789147
2213.1,3699.3,27.1,-1.3,8.1869208,827.7,30.2,0.35742567
2208,3699.3,-5.1,0,8.1680544,828.4,30.2,0.35688223
2208,3699.1,0,-0.2,8.1676128,829,30.2,0.35641643
2215.1,3698.6,7.1,-0.5,8.1927689,829.6,30.2,0.35595062
2207,3698.6,-8.1,0,8.1628102,830.2,30.2,0.35548482
2210,3698.3,3,-0.3,8.173243,830.8,30.2,0.35501902
2223.1,3697.5,13.1,-0.8,8.2199123,831.4,30.2,0.35455322
2212,3697.8,-11.1,0.3,8.1795336,832.1,30.2,0.35400978
2204.2,3697.8,-7.8,0,8.1506908,832.7,30.2,0.35354398
2210.9,3697.3,6.7,-0.5,8.1743606,833.3,30.2,0.35307818
2202.1,3697.4,-8.8,0.1,8.1420445,833.9,30.2,0.35261237
2217,3696.6,14.9,-0.8,8.1953622,834.5,30.2,0.35214657
2219,3696.3,2,-0.3,8.2020897,835.1,30.2,0.35168077
2208.1,3696.5,-10.9,0.2,8.1622417,835.7,30.2,0.35121497
2209,3696.2,0.9,-0.3,8.1649058,836.3,30.2,0.35074917
2199.2,3696.4,-9.8,0.2,8.1291229,837,30.2,0.35020573
2210.9,3695.7,11.7,-0.7,8.1708231,837.6,30.2,0.34973993
2192,3696.2,-18.9,0.5,8.1020704,838.2,30.2,0.34927412
2214.1,3695.1,22.1,-1.1,8.1813209,838.8,30.2,0.34880832
2206,3695.2,-8.1,0.1,8.1516112,839.4,30.2,0.34834252
2214.1,3694.6,8.1,-0.6,8.1802139,840,30.2,0.34787672
2213.1,3694.4,-1,-0.2,8.1760766,840.6,30.2,0.34741092
2214,3694.1,0.9,-0.3,8.1787374,841.3,30.2,0.34686748
2223.2,3693.6,9.2,-0.5,8.2116115,841.9,30.2,0.34640168
2198,3694.3,-25.2,0.7,8.1200714,842.5,30.2,0.34593587
2222,3693.1,24,-1.2,8.2060682,843.1,30.2,0.34547007
2206.2,3693.5,-15.8,0.4,8.1485997,843.7,30.2,0.34500427
2214,3693,7.8,-0.5,8.176302,844.3,30.2,0.34453847
2202.1,3693.2,-11.9,0.2,8.1327957,844.9,30.2,0.34407267
2207,3692.8,4.9,-0.4,8.1500096,845.6,30.2,0.34352923
2218,3692.1,11,-0.7,8.1890778,846.2,30.2,0.34306343
2221,3691.7,3,-0.4,8.1992657,846.8,30.2,0.34259762
2205,3692.1,-16,0.4,8.1410805,847.4,30.2,0.34213182
2202.1,3692,-2.9,-0.1,8.1301532,848,30.2,0.34166602
2215.9,3691.2,13.8,-0.8,8.1793301,848.6,30.2,0.34120022
2205.2,3691.4,-10.7,0.2,8.1402753,849.2,30.2,0.34073442
2216.9,3690.7,11.7,-0.7,8.1819128,849.9,30.2,0.34019098
2213,3690.6,-3.9,-0.1,8.1672978,850.5,30.2,0.33972518
2202.2,3690.8,-10.8,0.2,8.1278798,851.1,30.2,0.33925937
2203,3690.5,0.8,-0.3,8.1301715,851.7,30.2,0.33879357
2220.1,3689.6,17.1,-0.9,8.191281,852.3,30.2,0.33832777
2196,3690.3,-24.1,0.7,8.1038988,852.9,30.2,0.33786197
2214,3689.4,18,-0.9,8.1683316,853.5,30.2,0.33739616
2209,3689.4,-5,0,8.1498846,854.1,30.3,0.33693036
2214,3689,5,-0.4,8.167446,854.8,30.3,0.33638693
2212.2,3688.8,-1.8,-0.2,8.1603634,855.4,30.3,0.33592112
2226,3688,13.8,-0.8,8.209488,856,30.3,0.33545532
2211.1,3688.3,-14.9,0.3,8.1552001,856.6,30.3,0.33498952
2199.1,3688.6,-12,0.3,8.1116003,857.2,30.3,0.33452372
2203,3688.2,3.9,-0.4,8.1251046,857.8,30.3,0.33405791
2203.1,3687.9,0.1,-0.3,8.1248125,858.4,30.3,0.33359211
2211.9,3687.4,8.8,-0.5,8.1561601,859.1,30.3,0.33304868
2203.1,3687.5,-8.8,0.1,8.1239313,859.7,30.3,0.33258287
2200.1,3687.4,-3,-0.1,8.1126487,860.3,30.3,0.33211707
2196,3687.3,-4.1,-0.1,8.0973108,860.9,30.3,0.33165127
2209,3686.6,13,-0.7,8.1436994,861.5,30.3,0.33118547
2210,3686.3,1,-0.3,8.146723,862.1,30.3,0.33071966
2205.2,3686.2,-4.8,-0.1,8.1288082,862.7,30.3,0.33025386
2202,3686.1,-3.2,-0.1,8.1167922,863.3,30.3,0.32978806
2212,3685.5,10,-0.6,8.152326,864,30.3,0.32924462
2215.1,3685.1,3.1,-0.4,8.162865,864.6,30.3,0.32877882
2207.1,3685.2,-8,0.1,8.1336049,865.2,30.3,0.32831302
2197,3685.4,-10.1,0.2,8.0968238,865.8,30.3,0.32784722
2191,3685.4,-6,0,8.0747114,866.4,30.3,0.32738141
2217.2,3684.2,26.2,-1.2,8.1686082,867,30.3,0.32691561
2222.9,3683.6,5.7,-0.6,8.1882744,867.6,30.3,0.32644981
2214,3683.7,-8.9,0.1,8.1557118,868.3,30.3,0.32590637
2212,3683.6,-2,-0.1,8.1481232,868.9,30.3,0.32544057
2211,3683.4,-1,-0.2,8.1439974,869.5,30.3,0.32497477
2197.2,3683.7,-13.8,0.3,8.0938256,870.1,30.3,0.32450897
2210,3683,12.8,-0.7,8.13943,870.7,30.3,0.32404316
2198,3683.2,-12,0.2,8.0956736,871.3,30.3,0.32357736
2216,3682.2,18,-1,8.1597552,871.9,30.3,0.32311156
2206.2,3682.4,-9.8,0.2,8.1241109,872.5,30.3,0.32264576
2202.1,3682.3,-4.1,-0.1,8.1087928,873.2,30.3,0.32210232
2204,3682,1.9,-0.3,8.115128,873.8,30.3,0.32163652
2200.1,3682,-3.9,0,8.1007682,874.4,30.3,0.32117072
2200.1,3681.7,0,-0.3,8.1001082,875,30.3,0.32070491
2211,3681.1,10.9,-0.6,8.1389121,875.6,30.3,0.32023911
2202,3681.2,-9,0.1,8.1060024,876.2,30.3,0.31977331
1633.1,3703.4,-568.9,22.2,6.0480225,876.7,30.3,0.31938514
1067.1,3726.4,-566,23,3.9764414,877,30.3,0.31915224
1056,3728.4,-11.1,2,3.9371904,877.3,30.3,0.31891934
1060,3729.5,4,1.1,3.95327,877.6,30.4,0.31868644
1044.1,3731.2,-15.9,1.7,3.8957459,877.8,30.4,0.31853117
1062.9,3731.4,18.8,0.2,3.9661051,878.1,30.4,0.31829827
1059.1,3732.5,-3.8,1.1,3.9530907,878.4,30.4,0.31806537
1069.1,3732.9,10,0.4,3.9908434,878.7,30.4,0.31783247
1050.9,3734.4,-18.2,1.5,3.924481,879,30.4,0.31759957
1049,3735.3,-1.9,0.9,3.9183297,879.3,30.4,0.31736666
1055.1,3735.8,6.1,0.5,3.9416426,879.6,30.4,0.31713376
1053.1,3736.5,-2,0.7,3.9349081,879.9,30.4,0.31690086
1056.9,3737,3.8,0.5,3.9496353,880.2,30.4,0.31666796
1047.1,3738,-9.8,1,3.9140598,880.5,30.4,0.31643506
1071.9,3737.6,24.8,-0.4,4.0063334,880.8,30.4,0.31620216
1069,3738.2,-2.9,0.6,3.9961358,881.1,30.4,0.31596926
1026.1,3740.4,-42.9,2.2,3.8380244,881.4,30.4,0.31573636
1065.9,3739.5,39.8,-0.9,3.9859331,881.7,30.4,0.31550345
1056.1,3740.3,-9.8,0.8,3.9501308,882,30.4,0.31527055
1054.9,3740.8,-1.2,0.5,3.9461699,882.2,30.4,0.31511529
1070.1,3740.7,15.2,-0.1,4.0029231,882.5,30.4,0.31488238
1051.9,3741.8,-18.2,1.1,3.9359994,882.8,30.4,0.31464948
1041.1,3742.7,-10.8,0.9,3.896525,883.1,30.4,0.31441658
1048,3742.8,6.9,0.1,3.9224544,883.4,30.4,0.31418368
1047.1,3743.2,-0.9,0.4,3.9195047,883.7,30.4,0.31395078
1060,3743.1,12.9,-0.1,3.967686,884,30.4,0.31371788
1061,3743.4,1,0.3,3.9717474,884.3,30.4,0.31348498
1037,3744.6,-24,1.2,3.8831502,884.6,30.4,0.31325208
1057.9,3744.2,20.9,-0.4,3.9609892,884.9,30.4,0.31301918
1071,3744.1,13.1,-0.1,4.0099311,885.2,30.4,0.31278627
1041.9,3745.4,-29.1,1.3,3.9023323,885.5,30.4,0.31255337
1059.1,3745.1,17.2,-0.3,3.9664354,885.8,30.4,0.31232047
1062.9,3745.2,3.8,0.1,3.9807731,886.1,30.4,0.31208757
1057.1,3745.7,-5.8,0.5,3.9595795,886.3,30.4,0.3119323
1051,3746.2,-6.1,0.5,3.9372562,886.6,30.4,0.3116994
1069,3745.8,18,-0.4,4.0042602,886.9,30.4,0.3114665
1060,3746.3,-9,0.5,3.971078,887.2,30.4,0.3112336
1057.1,3746.7,-2.9,0.4,3.9606366,887.5,30.4,0.3110007
1057,3746.9,-0.1,0.2,3.9604733,887.8,30.4,0.3107678
1045,3747.6,-12,0.7,3.916242,888.1,30.4,0.3105349
1063,3747.2,18,-0.4,3.9832736,888.4,30.4,0.310302
1060.9,3747.4,-2.1,0.2,3.9756167,888.7,30.4,0.31006909
1037.2,3748.5,-23.7,1.1,3.8879442,889,30.4,0.30983619
1055.9,3748,18.7,-0.5,3.9575132,889.3,30.4,0.30960329
1049.1,3748.5,-6.8,0.5,3.9325513,889.6,30.4,0.30937039
1059,3748.3,9.9,-0.2,3.9694497,889.9,30.4,0.30913749
1058.1,3748.5,-0.9,0.2,3.9662879,890.2,30.4,0.30890459
1053,3748.8,-5.1,0.3,3.9474864,890.5,30.4,0.30867169
1051.1,3749.1,-1.9,0.3,3.940679,890.7,30.4,0.30851642
1057,3749,5.9,-0.1,3.962693,891,30.4,0.30828352
1061,3749,4,0,3.977689,891.3,30.4,0.30805062
1055,3749.4,-6,0.4,3.955617,891.6,30.4,0.30781772
1047.9,3749.8,-7.1,0.4,3.9294154,891.9,30.4,0.30758481
1053,3749.7,5.1,-0.1,3.9484341,892.2,30.4,0.30735191
1055.9,3749.7,2.9,0,3.9593082,892.5,30.4,0.30711901
1059.1,3749.8,3.2,0.1,3.9714132,892.8,30.4,0.30688611
1071.9,3749.3,12.8,-0.5,4.0188747,893.1,30.4,0.30665321
1069,3749.5,-2.9,0.2,4.0082155,893.4,30.4,0.30642031
1049,3750.4,-20,0.9,3.9341696,893.7,30.4,0.30618741
1063,3749.9,14,-0.5,3.9861437,894,30.4,0.30595451
1044.9,3750.7,-18.1,0.8,3.9191064,894.3,30.4,0.30572161
1063,3750.2,18.1,-0.5,3.9864626,894.6,30.4,0.3054887
1059,3750.4,-4,0.2,3.9716736,894.9,30.4,0.3052558
1058,3750.5,-1,0.1,3.968029,895.2,30.4,0.3050229
1054,3750.7,-4,0.2,3.9532378,895.4,30.4,0.30486763
1054,3750.8,0,0.1,3.9533432,895.7,30.4,0.30463473
1051,3751,-3,0.2,3.942301,896,30.4,0.30440183
1064.9,3750.5,13.9,-0.5,3.9939075,896.3,30.4,0.30416893
1059.9,3750.8,-5,0.3,3.9754729,896.6,30.4,0.30393603
1071,3750.4,11.1,-0.4,4.0166784,896.9,30.4,0.30370313
1059.9,3750.9,-11.1,0.5,3.9755789,897.2,30.4,0.30347023
1045.2,3751.5,-14.7,0.6,3.9210678,897.5,30.4,0.30323733
1050.9,3751.4,5.7,-0.1,3.9423463,897.8,30.4,0.30300443
1053.1,3751.3,2.2,-0.1,3.950494,898.1,30.4,0.30277152
1083.9,3750.2,30.8,-1.1,4.0648418,898.4,30.4,0.30253862
1054.1,3751.3,-29.8,1.1,3.9542453,898.7,30.4,0.30230572
1049,3751.6,-5.1,0.3,3.9354284,899,30.4,0.30207282
1060.1,3751.2,11.1,-0.4,3.9766471,899.3,30.4,0.30183992
1040.9,3752,-19.2,0.8,3.9054568,899.6,30.4,0.30160702
1069,3750.9,28.1,-1.1,4.0097121,899.9,30.4,0.30137412
1050,3751.7,-19,0.8,3.939285,900.1,30.4,0.30121885
1047.1,3751.8,-2.9,0.1,3.9285098,900.4,30.4,0.30098595
1042,3752.1,-5.1,0.3,3.9096882,900.7,30.4,0.30075305
1068.1,3751.1,26.1,-1,4.0065499,901,30.4,0.30052015
1061,3751.4,-7.1,0.3,3.9802354,901.3,30.3,0.30028724
1052,3751.7,-9,0.3,3.9467884,901.6,30.3,0.30005434
1064,3751.3,12,-0.4,3.9913832,901.9,30.3,0.29982144
1048,3751.9,-16,0.6,3.9319912,902.2,30.3,0.29958854
1067.9,3751.1,19.9,-0.8,4.0057997,902.5,30.3,0.29935564
1049,3751.8,-18.9,0.7,3.9356382,902.8,30.3,0.29912274
1053,3751.8,4,0,3.9506454,903.1,30.3,0.29888984
1061,3751.4,8,-0.4,3.9802354,903.4,30.3,0.29865694
1067,3751.2,6,-0.2,4.0025304,903.7,30.3,0.29842404
1052,3751.8,-15,0.6,3.9468936,904,30.3,0.29819113
1053,3751.7,1,-0.1,3.9505401,904.3,30.3,0.29795823
1061,3751.4,8,-0.3,3.9802354,904.5,30.3,0.29780297
1043,3752.1,-18,0.7,3.9134403,904.8,30.3,0.29757006
1063,3751.3,20,-0.8,3.9876319,905.1,30.3,0.29733716
1054,3751.7,-9,0.4,3.9542918,905.4,30.3,0.29710426
1065.1,3751.2,11.1,-0.5,3.9954031,905.7,30.3,0.29687136
1064,3751.3,-1.1,0.1,3.9913832,906,30.3,0.29663846
1050,3751.8,-14,0.5,3.93939,906.3,30.3,0.29640556
1045.1,3752,-4.9,0.2,3.9212152,906.6,30.3,0.29617266
1050,3751.8,4.9,-0.2,3.93939,906.9,30.3,0.29593976
1065,3751.2,15,-0.6,3.995028,907.2,30.3,0.29570686
1053,3751.6,-12,0.4,3.9504348,907.5,30.3,0.29547395
1064.1,3751.2,11.1,-0.4,3.9916519,907.8,30.3,0.29524105
1054,3751.5,-10.1,0.3,3.954081,908.1,30.3,0.29500815
1048,3751.7,-6,0.2,3.9317816,908.4,30.3,0.29477525
1050.1,3751.6,2.1,-0.1,3.9395552,908.6,30.3,0.29461998
1060,3751.3,9.9,-0.3,3.976378,908.9,30.3,0.29438708
1061,3751.2,1,-0.1,3.9800232,909.2,30.3,0.29415418
1066,3750.9,5,-0.3,3.9984594,909.5,30.3,0.29392128
1047.1,3751.6,-18.9,0.7,3.9283004,909.8,30.3,0.29368838
529,3771.8,-518.1,20.2,1.9952822,910,30.3,0.29353311
0,3793.8,-529,22,0,910,30.3,0.29353311
0,3795.3,0,1.5,0,910,30.3,0.29353311
0,3796.6,0,1.3,0,910,30.3,0.29353311
0,3797.7,0,1.1,0,910,30.3,0.29353311
0,3798.7,0,1,0,910,30.3,0.29353311
0,3799.8,0,1.1,0,910,30.3,0.29353311
0,3800.7,0,0.9,0,910,30.3,0.29353311
0,3801.5,0,0.8,0,910,30.3,0.29353311
0,3802.4,0,0.9,0,910,30.3,0.29353311
0,3803.2,0,0.8,0,910,30.3,0.29353311
0,3803.9,0,0.7,0,910,30.3,0.29353311
0,3804.7,0,0.8,0,910,30.3,0.29353311
0,3805.4,0,0.7,0,910,30.3,0.29353311
0,3806.1,0,0.7,0,910,30.3,0.29353311
0,3806.8,0,0.7,0,910,30.3,0.29353311
0,3807.4,0,0.6,0,910,30.3,0.29353311
0,3808.1,0,0.7,0,910,30.3,0.29353311
0,3808.7,0,0.6,0,910,30.3,0.29353311
0,3809.3,0,0.6,0,910,30.3,0.29353311
0,3809.9,0,0.6,0,910,30.3,0.29353311
0,3810.5,0,0.6,0,910,30.3,0.29353311
0,3811,0,0.5,0,910,30.3,0.29353311
0,3811.5,0,0.5,0,910,30.3,0.29353311
0,3812.1,0,0.6,0,910,30.3,0.29353311
0,3812.6,0,0.5,0,910,30.3,0.29353311
0,3813.1,0,0.5,0,910,30.3,0.29353311
0,3813.6,0,0.5,0,910,30.3,0.29353311
0,3814.1,0,0.5,0,910,30.3,0.29353311
0,3814.5,0,0.4,0,910,30.3,0.29353311
0,3815,0,0.5,0,910,30.3,0.29353311
0,3815.4,0,0.4,0,910,30.3,0.29353311
0,3815.9,0,0.5,0,910,30.3,0.29353311
0,3816.3,0,0.4,0,910,30.3,0.29353311
0,3816.7,0,0.4,0,910,30.3,0.29353311
0,3817.1,0,0.4,0,910,30.3,0.29353311
0,3817.5,0,0.4,0,910,30.3,0.29353311
0,3817.9,0,0.4,0,910,30.3,0.29353311
0,3818.3,0,0.4,0,910,30.3,0.29353311
0,3818.6,0,0.3,0,910,30.3,0.29353311
0,3819,0,0.4,0,910,30.3,0.29353311
0,3819.4,0,0.4,0,910,30.3,0.29353311
0,3819.8,0,0.4,0,910,30.3,0.29353311
0,3820.1,0,0.3,0,910,30.3,0.29353311
0,3820.4,0,0.3,0,910,30.3,0.29353311
0,3820.8,0,0.4,0,910,30.3,0.29353311
0,3821.1,0,0.3,0,910,30.3,0.29353311
0,3821.4,0,0.3,0,910,30.3,0.29353311
0,3821.7,0,0.3,0,910,30.3,0.29353311
0,3822,0,0.3,0,910,30.3,0.29353311
0,3822.4,0,0.4,0,910,30.3,0.29353311
0,3822.7,0,0.3,0,910,30.3,0.29353311
0,3823,0,0.3,0,910,30.3,0.29353311
0,3823.3,0,0.3,0,910,30.3,0.29353311
0,3823.5,0,0.2,0,910,30.3,0.29353311
0,3823.8,0,0.3,0,910,30.3,0.29353311
0,3824.1,0,0.3,0,910,30.3,0.29353311
0,3824.4,0,0.3,0,910,30.3,0.29353311
0,3824.6,0,0.2,0,910,30.2,0.29353311
0,3824.9,0,0.3,0,910,30.2,0.29353311
0,3825.1,0,0.2,0,910,30.2,0.29353311
0,3825.4,0,0.3,0,910,30.2,0.29353311
0,3825.7,0,0.3,0,910,30.2,0.29353311
0,3825.9,0,0.2,0,910,30.2,0.29353311
0,3826.1,0,0.2,0,910,30.2,0.29353311
0,3826.4,0,0.3,0,910,30.2,0.29353311
0,3826.6,0,0.2,0,910,30.2,0.29353311
0,3826.8,0,0.2,0,910,30.2,0.29353311
0,3827.1,0,0.3,0,910,30.2,0.29353311
0,3827.3,0,0.2,0,910,30.2,0.29353311
0,3827.5,0,0.2,0,910,30.2,0.29353311
0,3827.7,0,0.2,0,910,30.2,0.29353311
0,3827.9,0,0.2,0,910,30.2,0.29353311
0,3828.1,0,0.2,0,910,30.2,0.29353311
0,3828.3,0,0.2,0,910,30.2,0.29353311
0,3828.5,0,0.2,0,910,30.2,0.29353311
0,3828.8,0,0.3,0,910,30.2,0.29353311
0,3829,0,0.2,0,910,30.2,0.29353311
0,3829.1,0,0.1,0,910,30.2,0.29353311
0,3829.3,0,0.2,0,910,30.2,0.29353311
0,3829.5,0,0.2,0,910,30.2,0.29353311
0,3829.7,0,0.2,0,910,30.2,0.29353311
0,3829.9,0,0.2,0,910,30.2,0.29353311
0,3830.1,0,0.2,0,910,30.2,0.29353311
0,3830.3,0,0.2,0,910,30.2,0.29353311
0,3830.4,0,0.1,0,910,30.2,0.29353311
0,3830.6,0,0.2,0,910,30.2,0.29353311
0,3830.8,0,0.2,0,910,30.2,0.29353311
0,3831,0,0.2,0,910,30.2,0.29353311
0,3831.1,0,0.1,0,910,30.2,0.29353311
0,3831.3,0,0.2,0,910,30.2,0.29353311
0,3831.4,0,0.1,0,910,30.2,0.29353311
0,3831.6,0,0.2,0,910,30.2,0.29353311
0,3831.8,0,0.2,0,910,30.2,0.29353311
0,3831.9,0,0.1,0,910,30.2,0.29353311
0,3832.1,0,0.2,0,910,30.2,0.29353311
0,3832.2,0,0.1,0,910,30.2,0.29353311
0,3832.4,0,0.2,0,910,30.2,0.29353311
0,3832.5,0,0.1,0,910,30.2,0.29353311
0,3832.7,0,0.2,0,910,30.2,0.29353311
0,3832.8,0,0.1,0,910,30.2,0.29353311
0,3833,0,0.2,0,910,30.2,0.29353311
0,3833.1,0,0.1,0,910,30.2,0.29353311
0,3833.2,0,0.1,0,910,30.2,0.29353311
0,3833.4,0,0.2,0,910,30.2,0.29353311
0,3833.5,0,0.1,0,910,30.2,0.29353311
0,3833.6,0,0.1,0,910,30.2,0.29353311
0,3833.8,0,0.2,0,910,30.2,0.29353311
0,3833.9,0,0.1,0,910,30.2,0.29353311
0,3834,0,0.1,0,910,30.2,0.29353311
0,3834.2,0,0.2,0,910,30.2,0.29353311
0,3834.3,0,0.1,0,910,30.2,0.29353311
0,3834.5,0,0.2,0,910,30.2,0.29353311
0,3834.6,0,0.1,0,910,30.2,0.29353311
0,3834.7,0,0.1,0,910,30.2,0.29353311
0,3834.8,0,0.1,0,910,30.2,0.29353311
0,3834.9,0,0.1,0,910,30.2,0.29353311
0,3835,0,0.1,0,910,30.2,0.29353311
0,3835.2,0,0.2,0,910,30.1,0.29353311
0,3835.3,0,0.1,0,910,30.1,0.29353311
0,3835.4,0,0.1,0,910,30.1,0.29353311
0,3835.5,0,0.1,0,910,30.1,0.29353311
0,3835.6,0,0.1,0,910,30.1,0.29353311
0,3835.7,0,0.1,0,910,30.1,0.29353311
0,3835.8,0,0.1,0,910,30.1,0.29353311
0,3835.9,0,0.1,0,910,30.1,0.29353311
0,3836.1,0,0.2,0,910,30.1,0.29353311
0,3836.1,0,0,0,910,30.1,0.29353311
0,3836.3,0,0.2,0,910,30.1,0.29353311
390,3820.6,390,-15.7,1.490034,910.1,30.1,0.29345548
781.9,3804.9,391.9,-15.7,2.9750513,910.3,30.1,0.29330021
765.9,3804.5,-16,-0.4,2.9138666,910.5,30.1,0.29314494
798.9,3802.3,33,-2.2,3.0376575,910.7,30.1,0.29298967
792.9,3801.8,-6,-0.5,3.0144472,911,30.1,0.29275677
772.1,3801.9,-20.8,0.1,2.935447,911.2,30.1,0.29260151
790,3800.5,17.9,-1.4,3.002395,911.4,30.1,0.29244624
778,3800.4,-12,-0.1,2.9567112,911.6,30.1,0.29229097
778,3799.8,0,-0.6,2.9562444,911.8,30.1,0.2921357
765.9,3799.8,-12.1,0,2.9102668,912,30.1,0.29198044
778,3798.7,12.1,-1.1,2.9553886,912.2,30.1,0.29182517
785.9,3797.9,7.9,-0.8,2.9847696,912.5,30.1,0.29159227
781,3797.6,-4.9,-0.3,2.9659256,912.7,30.1,0.291437
780,3797.1,-1,-0.5,2.961738,912.9,30.1,0.29128173
787.9,3796.4,7.9,-0.7,2.9911836,913.1,30.1,0.29112647
777.1,3796.3,-10.8,-0.1,2.9501047,913.3,30.1,0.2909712
774,3796,-3.1,-0.3,2.938104,913.5,30.1,0.29081593
777,3795.5,3,-0.5,2.9491035,913.8,30.1,0.29058303
783,3794.8,6,-0.7,2.9713284,914,30.1,0.29042776
769,3794.9,-14,0.1,2.9182781,914.2,30.1,0.29027249
792,3793.7,23,-1.2,3.0046104,914.4,30.1,0.29011723
784.9,3793.5,-7.1,-0.2,2.9775181,914.6,30.1,0.28996196
780.9,3793.2,-4,-0.3,2.9621099,914.9,30.1,0.28972906
775.1,3793.1,-5.8,-0.1,2.9400318,915.1,30.1,0.28957379
775.9,3792.7,0.8,-0.4,2.9427559,915.3,30.1,0.28941852
773.1,3792.5,-2.8,-0.2,2.9319817,915.5,30.1,0.28926326
784.9,3791.7,11.8,-0.8,2.9761053,915.7,30.1,0.28910799
783,3791.4,-1.9,-0.3,2.9686662,915.9,30.1,0.28895272
782,3791.1,-1,-0.3,2.9646402,916.1,30.1,0.28879745
799.9,3790.1,17.9,-1,3.031701,916.4,30.1,0.28856455
783.2,3790.4,-16.7,0.3,2.9686413,916.6,30.1,0.28840928
782.9,3790.1,-0.3,-0.3,2.9672693,916.8,30.1,0.28825402
778,3790,-4.9,-0.1,2.94862,917,30.1,0.28809875
768,3790,-10,0,2.91072,917.2,30.1,0.28794348
791.9,3788.8,23.9,-1.2,3.0003507,917.5,30.1,0.28771058
784,3788.8,-7.9,0,2.9704192,917.7,30.1,0.28755531
781.9,3788.6,-2.1,-0.2,2.9623063,917.9,30.1,0.28740005
786.9,3788.1,5,-0.5,2.9808559,918.1,30.1,0.28724478
790,3787.7,3.1,-0.4,2.992283,918.3,30.1,0.28708951
791.9,3787.4,1.9,-0.3,2.9992421,918.5,30.1,0.28693424
787.1,3787.3,-4.8,-0.1,2.9809838,918.8,30.1,0.28670134
783,3787.2,-4.1,-0.1,2.9653776,919,30.1,0.28654608
785.1,3786.9,2.1,-0.3,2.9730952,919.2,30.1,0.28639081
783.9,3786.6,-1.2,-0.3,2.9683157,919.4,30.1,0.28623554
773.9,3786.7,-10,0.1,2.9305271,919.6,30.1,0.28608027
781,3786.2,7.1,-0.5,2.9570222,919.9,30.1,0.28584737
779.9,3786.1,-1.1,-0.1,2.9527794,920.1,30.1,0.2856921
784.9,3785.6,5,-0.5,2.9713174,920.3,30.1,0.28553684
782,3785.4,-2.9,-0.2,2.9601828,920.5,30.1,0.28538157
783.9,3785.1,1.9,-0.3,2.9671399,920.7,30.1,0.2852263
778.9,3785.1,-5,0,2.9482144,920.9,30.1,0.28507103
784,3784.7,5.1,-0.4,2.9672048,921.2,30.1,0.28483813
771,3784.9,-13,0.2,2.9181579,921.4,30.1,0.28468287
765.9,3784.9,-5.1,0,2.8988549,921.6,30.1,0.2845276
791,3783.8,25.1,-1.1,2.9929858,921.8,30.1,0.28437233
795.9,3783.3,4.9,-0.5,3.0111285,922,30.1,0.28421706
770.9,3784,-25,0.7,2.9170856,922.2,30.1,0.2840618
783,3783.4,12.1,-0.6,2.9624022,922.5,30.1,0.2838289
775,3783.5,-8,0.1,2.9322125,922.7,30.1,0.28367363
774,3783.4,-1,-0.1,2.9283516,922.9,30.1,0.28351836
787.9,3782.6,13.9,-0.8,2.9803105,923.1,30.1,0.28336309
775.1,3782.9,-12.8,0.3,2.9321258,923.3,30.1,0.28320783
788.9,3782.2,13.8,-0.7,2.9837776,923.5,30.1,0.28305256
780.1,3782.3,-8.8,0.1,2.9505722,923.8,30.1,0.28281966
780.9,3782.1,0.8,-0.2,2.9534419,924,30.1,0.28266439
782,3781.9,1.1,-0.2,2.9574458,924.2,30.1,0.28250912
785.9,3781.5,3.9,-0.4,2.9718809,924.4,30.1,0.28235385
798.9,3780.8,13,-0.7,3.0204811,924.6,30.1,0.28219859
787.9,3781,-11,0.2,2.9790499,924.8,30.1,0.28204332
777,3781.3,-10.9,0.3,2.9380701,925.1,30.1,0.28181042
787.9,3780.7,10.9,-0.6,2.9788135,925.3,30.1,0.28165515
786,3780.5,-1.9,-0.2,2.971473,925.5,30.1,0.28149988
773.9,3780.8,-12.1,0.3,2.9259611,925.7,30.1,0.28134462
773.9,3780.7,0,-0.1,2.9258837,925.9,30.1,0.28118935
768,3780.7,-5.9,0,2.9035776,926.1,30.1,0.28103408
788.8,3779.8,20.8,-0.9,2.9815062,926.4,30.1,0.28080118
769.1,3780.4,-19.7,0.6,2.9075056,926.6,30.1,0.28064591
772.9,3780.1,3.8,-0.3,2.9216393,926.8,30.1,0.28049065
790.1,3779.3,17.2,-0.8,2.9860249,927,30.1,0.28033538
770,3779.9,-20.1,0.6,2.910523,927.2,30.1,0.28018011
775.1,3779.5,5.1,-0.4,2.9294905,927.4,30.1,0.28002484
771.9,3779.5,-3.2,0,2.9173961,927.7,30.1,0.27979194
772,3779.4,0.1,-0.1,2.9176968,927.9,30.1,0.27963667
791.9,3778.4,19.9,-1,2.992115,928.1,30.1,0.27948141
777.9,3778.8,-14,0.4,2.9395285,928.3,30.1,0.27932614
781,3778.5,3.1,-0.3,2.9510085,928.5,30.1,0.27917087
780.9,3778.3,-0.1,-0.2,2.9504745,928.7,30.1,0.2790156
781.1,3778.2,0.2,-0.1,2.951152,929,30.1,0.2787827
772.9,3778.3,-8.2,0.1,2.9202481,929.2,30.1,0.27862744
791,3777.5,18.1,-0.8,2.9880025,929.4,30.1,0.27847217
774,3778,-17,0.5,2.924172,929.6,30.1,0.2783169
784.9,3777.5,10.9,-0.5,2.9649598,929.8,30.1,0.27816163
778,3777.5,-6.9,0,2.938895,930,30.1,0.27800637
777.9,3777.4,-0.1,-0.1,2.9384395,930.3,30.1,0.27777346
805.1,3776.2,27.2,-1.2,3.0402186,930.5,30.1,0.2776182
791,3776.6,-14.1,0.4,2.9872906,930.7,30.1,0.27746293
390.1,3792.1,-400.9,15.5,1.4792982,930.8,30.1,0.2773853
0,3808.5,-390.1,16.4,0,930.8,30.1,0.2773853
0,3809.5,0,1,0,930.8,30.1,0.2773853
0,3810.4,0,0.9,0,930.8,30.1,0.2773853
0,3811.1,0,0.7,0,930.8,30.1,0.2773853
0,3811.8,0,0.7,0,930.8,30.1,0.2773853
0,3812.4,0,0.6,0,930.8,30.1,0.2773853
0,3813,0,0.6,0,930.8,30.1,0.2773853
0,3813.6,0,0.6,0,930.8,30.1,0.2773853
0,3814.1,0,0.5,0,930.8,30.1,0.2773853
0,3814.6,0,0.5,0,930.8,30.1,0.2773853
0,3815.1,0,0.5,0,930.8,30.1,0.2773853
0,3815.6,0,0.5,0,930.8,30,0.2773853
0,3816,0,0.4,0,930.8,30,0.2773853
0,3816.5,0,0.5,0,930.8,30,0.2773853
0,3816.9,0,0.4,0,930.8,30,0.2773853
0,3817.3,0,0.4,0,930.8,30,0.2773853
0,3817.7,0,0.4,0,930.8,30,0.2773853
0,3818.1,0,0.4,0,930.8,30,0.2773853
0,3818.4,0,0.3,0,930.8,30,0.2773853
0,3818.8,0,0.4,0,930.8,30,0.2773853
0,3819.1,0,0.3,0,930.8,30,0.2773853
0,3819.5,0,0.4,0,930.8,30,0.2773853
0,3819.8,0,0.3,0,930.8,30,0.2773853
0,3820.2,0,0.4,0,930.8,30,0.2773853
0,3820.5,0,0.3,0,930.8,30,0.2773853
0,3820.8,0,0.3,0,930.8,30,0.2773853
0,3821.1,0,0.3,0,930.8,30,0.2773853
0,3821.4,0,0.3,0,930.8,30,0.2773853
0,3821.7,0,0.3,0,930.8,30,0.2773853
0,3821.9,0,0.2,0,930.8,30,0.2773853
0,3822.2,0,0.3,0,930.8,30,0.2773853
0,3822.5,0,0.3,0,930.8,30,0.2773853
0,3822.7,0,0.2,0,930.8,30,0.2773853
0,3823,0,0.3,0,930.8,30,0.2773853
0,3823.3,0,0.3,0,930.8,30,0.2773853
0,3823.5,0,0.2,0,930.8,30,0.2773853
0,3823.8,0,0.3,0,930.8,30,0.2773853
0,3824,0,0.2,0,930.8,30,0.2773853
0,3824.2,0,0.2,0,930.8,30,0.2773853
0,3824.4,0,0.2,0,930.8,30,0.2773853
0,3824.7,0,0.3,0,930.8,30,0.2773853
0,3824.8,0,0.1,0,930.8,30,0.2773853
0,3825,0,0.2,0,930.8,30,0.2773853
0,3825.3,0,0.3,0,930.8,30,0.2773853
0,3825.4,0,0.1,0,930.8,30,0.2773853
0,3825.7,0,0.3,0,930.8,30,0.2773853
0,3825.8,0,0.1,0,930.8,30,0.2773853
0,3826,0,0.2,0,930.8,30,0.2773853
0,3826.2,0,0.2,0,930.8,30,0.2773853
0,3826.4,0,0.2,0,930.8,30,0.2773853
0,3826.6,0,0.2,0,930.8,30,0.2773853
0,3826.7,0,0.1,0,930.8,30,0.2773853
0,3826.9,0,0.2,0,930.8,30,0.2773853
0,3827.1,0,0.2,0,930.8,30,0.2773853
0,3827.3,0,0.2,0,930.8,30,0.2773853
0,3827.4,0,0.1,0,930.8,30,0.2773853
0,3827.6,0,0.2,0,930.8,30,0.2773853
0,3827.8,0,0.2,0,930.8,30,0.2773853
0,3827.9,0,0.1,0,930.8,30,0.2773853
0,3828.1,0,0.2,0,930.8,30,0.2773853
0,3828.2,0,0.1,0,930.8,30,0.2773853
0,3828.3,0,0.1,0,930.8,30,0.2773853
0,3828.5,0,0.2,0,930.8,30,0.2773853
0,3828.6,0,0.1,0,930.8,30,0.2773853
0,3828.8,0,0.2,0,930.8,30,0.2773853
0,3828.9,0,0.1,0,930.8,30,0.2773853
0,3829.1,0,0.2,0,930.8,30,0.2773853
0,3829.2,0,0.1,0,930.8,30,0.2773853
0,3829.3,0,0.1,0,930.8,30,0.2773853
0,3829.4,0,0.1,0,930.8,30,0.2773853
0,3829.6,0,0.2,0,930.8,30,0.2773853
0,3829.7,0,0.1,0,930.8,30,0.2773853
0,3829.8,0,0.1,0,930.8,30,0.2773853
0,3829.9,0,0.1,0,930.8,30,0.2773853
0,3830.1,0,0.2,0,930.8,30,0.2773853
0,3830.2,0,0.1,0,930.8,30,0.2773853
0,3830.3,0,0.1,0,930.8,30,0.2773853
0,3830.4,0,0.1,0,930.8,30,0.2773853
0,3830.5,0,0.1,0,930.8,30,0.2773853
0,3830.6,0,0.1,0,930.8,30,0.2773853
0,3830.7,0,0.1,0,930.8,30,0.2773853
0,3830.8,0,0.1,0,930.8,30,0.2773853
0,3830.9,0,0.1,0,930.8,30,0.2773853
0,3831.1,0,0.2,0,930.8,30,0.2773853
0,3831.1,0,0,0,930.8,30,0.2773853
0,3831.2,0,0.1,0,930.8,30,0.2773853
0,3831.4,0,0.2,0,930.8,30,0.2773853
0,3831.5,0,0.1,0,930.8,30,0.2773853
0,3831.6,0,0.1,0,930.8,30,0.2773853
0,3831.6,0,0,0,930.8,30,0.2773853
0,3831.7,0,0.1,0,930.8,30,0.2773853
0,3831.9,0,0.2,0,930.8,30,0.2773853
0,3831.9,0,0,0,930.8,30,0.2773853
0,3832.1,0,0.2,0,930.8,30,0.2773853
0,3832.1,0,0,0,930.8,30,0.2773853
0,3832.2,0,0.1,0,930.8,30,0.2773853
0,3832.3,0,0.1,0,930.8,30,0.2773853
0,3832.4,0,0.1,0,930.8,30,0.2773853
0,3832.4,0,0,0,930.8,30,0.2773853
0,3832.5,0,0.1,0,930.8,30,0.2773853
0,3832.6,0,0.1,0,930.8,30,0.2773853
0,3832.7,0,0.1,0,930.8,30,0.2773853
0,3832.8,0,0.1,0,930.8,30,0.2773853
0,3832.9,0,0.1,0,930.8,30,0.2773853
0,3833,0,0.1,0,930.8,30,0.2773853
0,3833.1,0,0.1,0,930.8,30,0.2773853
0,3833.1,0,0,0,930.8,30,0.2773853
0,3833.2,0,0.1,0,930.8,30,0.2773853
0,3833.2,0,0,0,930.8,30,0.2773853
0,3833.3,0,0.1,0,930.8,30,0.2773853
0,3833.4,0,0.1,0,930.8,30,0.2773853
0,3833.5,0,0.1,0,930.8,30,0.2773853
0,3833.6,0,0.1,0,930.8,30,0.2773853
0,3833.7,0,0.1,0,930.8,30,0.2773853
0,3833.7,0,0,0,930.8,30,0.2773853
0,3833.8,0,0.1,0,930.8,30,0.2773853
0,3833.9,0,0.1,0,930.8,30,0.2773853
0,3833.9,0,0,0,930.8,30,0.2773853
0,3834,0,0.1,0,930.8,30,0.2773853
0,3834.1,0,0.1,0,930.8,30,0.2773853
0,3834.1,0,0,0,930.8,30,0.2773853
0,3834.1,0,0,0,930.8,30,0.2773853
0,3834.3,0,0.2,0,930.8,30,0.2773853
0,3834.3,0,0,0,930.8,30,0.2773853
0,3834.4,0,0.1,0,930.8,30,0.2773853
0,3834.4,0,0,0,930.8,30,0.2773853
0,3834.5,0,0.1,0,930.8,30,0.2773853
0,3834.5,0,0,0,930.8,30,0.2773853
0,3834.6,0,0.1,0,930.8,30,0.2773853
0,3834.7,0,0.1,0,930.8,30,0.2773853
0,3834.7,0,0,0,930.8,30,0.2773853
0,3834.8,0,0.1,0,930.8,30,0.2773853
0,3834.8,0,0,0,930.8,30,0.2773853
0,3834.9,0,0.1,0,930.8,30,0.2773853
0,3835,0,0.1,0,930.8,30,0.2773853
0,3835,0,0,0,930.8,30,0.2773853
0,3835.1,0,0.1,0,930.8,30,0.2773853
0,3835.1,0,0,0,930.8,30,0.2773853
0,3835.2,0,0.1,0,930.8,30,0.2773853
0,3835.2,0,0,0,930.8,30,0.2773853
0,3835.3,0,0.1,0,930.8,30,0.2773853
0,3835.3,0,0,0,930.8,30,0.2773853
0,3835.4,0,0.1,0,930.8,30,0.2773853
0,3835.4,0,0,0,930.8,30,0.2773853
0,3835.5,0,0.1,0,930.8,30,0.2773853
0,3835.5,0,0,0,930.8,30,0.2773853
0,3835.6,0,0.1,0,930.8,30,0.2773853
0,3835.6,0,0,0,930.8,30,0.2773853
0,3835.7,0,0.1,0,930.8,30,0.2773853
0,3835.7,0,0,0,930.8,30,0.2773853
0,3835.8,0,0.1,0,930.8,30,0.2773853
0,3835.8,0,0,0,930.8,30,0.2773853
0,3835.8,0,0,0,930.8,30,0.2773853
0,3835.9,0,0.1,0,930.8,30,0.2773853
0,3836,0,0.1,0,930.8,30,0.2773853
0,3836,0,0,0,930.8,30,0.2773853
0,3836,0,0,0,930.8,30,0.2773853
0,3836.1,0,0.1,0,930.8,30,0.2773853
0,3836.1,0,0,0,930.8,30,0.2773853
0,3836.2,0,0.1,0,930.8,30,0.2773853
0,3836.2,0,0,0,930.8,30,0.2773853
0,3836.3,0,0.1,0,930.8,30,0.2773853
0,3836.3,0,0,0,930.8,29.9,0.2773853
0,3836.3,0,0,0,930.8,30,0.2773853
0,3836.4,0,0.1,0,930.8,29.9,0.2773853
0,3836.5,0,0.1,0,930.8,29.9,0.2773853
0,3836.5,0,0,0,930.8,29.9,0.2773853
0,3836.5,0,0,0,930.8,29.9,0.2773853
0,3836.6,0,0.1,0,930.8,29.9,0.2773853
0,3836.6,0,0,0,930.8,29.9,0.2773853
0,3836.7,0,0.1,0,930.8,29.9,0.2773853
0,3836.7,0,0,0,930.8,29.9,0.2773853
0,3836.8,0,0.1,0,930.8,29.9,0.2773853
0,3836.8,0,0,0,930.8,29.9,0.2773853
0,3836.8,0,0,0,930.8,29.9,0.2773853
0,3836.8,0,0,0,930.8,29.9,0.2773853
0,3836.9,0,0.1,0,930.8,29.9,0.2773853
0,3836.9,0,0,0,930.8,29.9,0.2773853
0,3836.9,0,0,0,930.8,29.9,0.2773853
0,3837,0,0.1,0,930.8,29.9,0.2773853
0,3837,0,0,0,930.8,29.9,0.2773853
0,3837.1,0,0.1,0,930.8,29.9,0.2773853
0,3837.1,0,0,0,930.8,29.9,0.2773853
0,3837.2,0,0.1,0,930.8,29.9,0.2773853
0,3837.2,0,0,0,930.8,29.9,0.2773853
0,3837.2,0,0,0,930.8,29.9,0.2773853
0,3837.3,0,0.1,0,930.8,29.9,0.2773853
0,3837.3,0,0,0,930.8,29.9,0.2773853
0,3837.3,0,0,0,930.8,29.9,0.2773853
0,3837.3,0,0,0,930.8,29.9,0.2773853
0,3837.4,0,0.1,0,930.8,29.9,0.2773853
0,3837.4,0,0,0,930.8,29.9,0.2773853
0,3837.5,0,0.1,0,930.8,29.9,0.2773853
0,3837.5,0,0,0,930.8,29.9,0.2773853
0,3837.6,0,0.1,0,930.8,29.9,0.2773853
0,3837.6,0,0,0,930.8,29.9,0.2773853
0,3837.6,0,0,0,930.8,29.9,0.2773853
0,3837.6,0,0,0,930.8,29.9,0.2773853
0,3837.7,0,0.1,0,930.8,29.9,0.2773853
0,3837.7,0,0,0,930.8,29.9,0.2773853
0,3837.8,0,0.1,0,930.8,29.9,0.2773853
0,3837.8,0,0,0,930.8,29.9,0.2773853
0,3837.8,0,0,0,930.8,29.9,0.2773853
0,3837.8,0,0,0,930.8,29.9,0.2773853
0,3837.9,0,0.1,0,930.8,29.9,0.2773853
0,3837.9,0,0,0,930.8,29.9,0.2773853
0,3837.9,0,0,0,930.8,29.9,0.2773853
0,3838,0,0.1,0,930.8,29.9,0.2773853
0,3838,0,0,0,930.8,29.9,0.2773853
0,3838,0,0,0,930.8,29.9,0.2773853
0,3838,0,0,0,930.8,29.9,0.2773853
0,3838.1,0,0.1,0,930.8,29.9,0.2773853
0,3838.1,0,0,0,930.8,29.9,0.2773853
0,3838.1,0,0,0,930.8,29.9,0.2773853
0,3838.2,0,0.1,0,930.8,29.9,0.2773853
0,3838.2,0,0,0,930.8,29.9,0.2773853
0,3838.2,0,0,0,930.8,29.9,0.2773853
0,3838.3,0,0.1,0,930.8,29.9,0.2773853
0,3838.3,0,0,0,930.8,29.9,0.2773853
0,3838.3,0,0,0,930.8,29.9,0.2773853
0,3838.4,0,0.1,0,930.8,29.9,0.2773853
0,3838.4,0,0,0,930.8,29.9,0.2773853
0,3838.4,0,0,0,930.8,29.9,0.2773853
0,3838.4,0,0,0,930.8,29.9,0.2773853
0,3838.5,0,0.1,0,930.8,29.9,0.2773853
0,3838.5,0,0,0,930.8,29.9,0.2773853
0,3838.5,0,0,0,930.8,29.9,0.2773853
0,3838.6,0,0.1,0,930.8,29.9,0.2773853
0,3838.6,0,0,0,930.8,29.9,0.2773853
0,3838.6,0,0,0,930.8,29.9,0.2773853
0,3838.6,0,0,0,930.8,29.9,0.2773853
0,3838.7,0,0.1,0,930.8,29.9,0.2773853
0,3838.7,0,0,0,930.8,29.9,0.2773853
0,3838.7,0,0,0,930.8,29.9,0.2773853
0,3838.8,0,0.1,0,930.8,29.9,0.2773853
0,3838.8,0,0,0,930.8,29.9,0.2773853
0,3838.8,0,0,0,930.8,29.9,0.2773853
0,3838.8,0,0,0,930.8,29.9,0.2773853
0,3838.9,0,0.1,0,930.8,29.9,0.2773853
0,3838.9,0,0,0,930.8,29.9,0.2773853
0,3838.9,0,0,0,930.8,29.9,0.2773853
0,3838.9,0,0,0,930.8,29.9,0.2773853
0,3839,0,0.1,0,930.8,29.9,0.2773853
0,3839,0,0,0,930.8,29.9,0.2773853
0,3839,0,0,0,930.8,29.9,0.2773853
0,3839,0,0,0,930.8,29.9,0.2773853
0,3839.1,0,0.1,0,930.8,29.9,0.2773853
0,3839.1,0,0,0,930.8,29.9,0.2773853
0,3839.1,0,0,0,930.8,29.9,0.2773853
0,3839.2,0,0.1,0,930.8,29.9,0.2773853
0,3839.2,0,0,0,930.8,29.9,0.2773853
0,3839.2,0,0,0,930.8,29.9,0.2773853
0,3839.2,0,0,0,930.8,29.9,0.2773853
0,3839.2,0,0,0,930.8,29.9,0.2773853
0,3839.3,0,0.1,0,930.8,29.9,0.2773853
0,3839.3,0,0,0,930.8,29.9,0.2773853
0,3839.3,0,0,0,930.8,29.9,0.2773853
0,3839.3,0,0,0,930.8,29.9,0.2773853
0,3839.3,0,0,0,930.8,29.9,0.2773853
0,3839.4,0,0.1,0,930.8,29.9,0.2773853
0,3839.4,0,0,0,930.8,29.9,0.2773853
0,3839.4,0,0,0,930.8,29.9,0.2773853
0,3839.4,0,0,0,930.8,29.9,0.2773853
0,3839.5,0,0.1,0,930.8,29.9,0.2773853
0,3839.5,0,0,0,930.8,29.9,0.2773853
0,3839.6,0,0.1,0,930.8,29.9,0.2773853
0,3839.6,0,0,0,930.8,29.9,0.2773853
0,3839.6,0,0,0,930.8,29.9,0.2773853
0,3839.6,0,0,0,930.8,29.9,0.2773853
0,3839.6,0,0,0,930.8,29.9,0.2773853
0,3839.7,0,0.1,0,930.8,29.9,0.2773853
0,3839.7,0,0,0,930.8,29.9,0.2773853
0,3839.7,0,0,0,930.8,29.9,0.2773853
0,3839.7,0,0,0,930.8,29.9,0.2773853
0,3839.7,0,0,0,930.8,29.9,0.2773853
0,3839.8,0,0.1,0,930.8,29.9,0.2773853
0,3839.8,0,0,0,930.8,29.9,0.2773853
0,3839.8,0,0,0,930.8,29.9,0.2773853
0,3839.8,0,0,0,930.8,29.9,0.2773853
0,3839.8,0,0,0,930.8,29.9,0.2773853
0,3839.9,0,0.1,0,930.8,29.9,0.2773853
0,3839.9,0,0,0,930.8,29.9,0.2773853
0,3839.9,0,0,0,930.8,29.9,0.2773853
0,3839.9,0,0,0,930.8,29.9,0.2773853
0,3840,0,0.1,0,930.8,29.9,0.2773853
0,3840,0,0,0,930.8,29.9,0.2773853
0,3840,0,0,0,930.8,29.9,0.2773853
0,3840,0,0,0,930.8,29.9,0.2773853
0,3840,0,0,0,930.8,29.9,0.2773853
0,3840.1,0,0.1,0,930.8,29.9,0.2773853
0,3840.1,0,0,0,930.8,29.9,0.2773853
0,3840.1,0,0,0,930.8,29.9,0.2773853
0,3840.1,0,0,0,930.8,29.9,0.2773853
0,3840.1,0,0,0,930.8,29.9,0.2773853
0,3840.2,0,0.1,0,930.8,29.9,0.2773853
0,3840.2,0,0,0,930.8,29.9,0.2773853
0,3840.2,0,0,0,930.8,29.9,0.2773853
0,3840.2,0,0,0,930.8,29.9,0.2773853
0,3840.2,0,0,0,930.8,29.9,0.2773853
0,3840.3,0,0.1,0,930.8,29.9,0.2773853
0,3840.3,0,0,0,930.8,29.9,0.2773853
0,3840.3,0,0,0,930.8,29.9,0.2773853
0,3840.3,0,0,0,930.8,29.9,0.2773853
0,3840.3,0,0,0,930.8,29.9,0.2773853
0,3840.4,0,0.1,0,930.8,29.9,0.2773853
0,3840.4,0,0,0,930.8,29.9,0.2773853
0,3840.4,0,0,0,930.8,29.9,0.2773853
0,3840.4,0,0,0,930.8,29.9,0.2773853
0,3840.5,0,0.1,0,930.8,29.9,0.2773853
0,3840.4,0,-0.1,0,930.8,29.9,0.2773853
0,3840.5,0,0.1,0,930.8,29.9,0.2773853
0,3840.5,0,0,0,930.8,29.9,0.2773853
0,3840.5,0,0,0,930.8,29.9,0.2773853
0,3840.6,0,0.1,0,930.8,29.9,0.2773853
0,3840.6,0,0,0,930.8,29.9,0.2773853
0,3840.6,0,0,0,930.8,29.9,0.2773853
0,3840.6,0,0,0,930.8,29.9,0.2773853
0,3840.6,0,0,0,930.8,29.9,0.2773853
0,3840.6,0,0,0,930.8,29.9,0.2773853
0,3840.6,0,0,0,930.8,29.9,0.2773853
0,3840.7,0,0.1,0,930.8,29.9,0.2773853
0,3840.7,0,0,0,930.8,29.9,0.2773853
0,3840.7,0,0,0,930.8,29.9,0.2773853
0,3840.7,0,0,0,930.8,29.9,0.2773853
0,3840.8,0,0.1,0,930.8,29.9,0.2773853
0,3840.8,0,0,0,930.8,29.9,0.2773853
0,3840.8,0,0,0,930.8,29.9,0.2773853
0,3840.8,0,0,0,930.8,29.9,0.2773853
0,3840.8,0,0,0,930.8,29.9,0.2773853
0,3840.8,0,0,0,930.8,29.9,0.2773853
0,3840.9,0,0.1,0,930.8,29.9,0.2773853
0,3840.9,0,0,0,930.8,29.9,0.2773853
0,3840.9,0,0,0,930.8,29.9,0.2773853
0,3840.9,0,0,0,930.8,29.9,0.2773853
0,3840.9,0,0,0,930.8,29.9,0.2773853
0,3840.9,0,0,0,930.8,29.9,0.2773853
0,3841,0,0.1,0,930.8,29.9,0.2773853
0,3841,0,0,0,930.8,29.9,0.2773853
0,3841,0,0,0,930.8,29.9,0.2773853
0,3841,0,0,0,930.8,29.9,0.2773853
0,3841,0,0,0,930.8,29.9,0.2773853
0,3841,0,0,0,930.8,29.9,0.2773853
0,3841.1,0,0.1,0,930.8,29.9,0.2773853
0,3841.1,0,0,0,930.8,29.8,0.2773853
0,3841.1,0,0,0,930.8,29.8,0.2773853
0,3841.1,0,0,0,930.8,29.8,0.2773853
0,3841.1,0,0,0,930.8,29.8,0.2773853
0,3841.2,0,0.1,0,930.8,29.8,0.2773853
0,3841.2,0,0,0,930.8,29.9,0.2773853
0,3841.2,0,0,0,930.8,29.8,0.2773853
0,3841.2,0,0,0,930.8,29.8,0.2773853
0,3841.2,0,0,0,930.8,29.8,0.2773853
0,3841.2,0,0,0,930.8,29.8,0.2773853
0,3841.3,0,0.1,0,930.8,29.8,0.2773853
0,3841.3,0,0,0,930.8,29.8,0.2773853
0,3841.3,0,0,0,930.8,29.8,0.2773853
0,3841.3,0,0,0,930.8,29.8,0.2773853
0,3841.3,0,0,0,930.8,29.8,0.2773853
0,3841.3,0,0,0,930.8,29.8,0.2773853
0,3841.3,0,0,0,930.8,29.8,0.2773853
0,3841.4,0,0.1,0,930.8,29.8,0.2773853
0,3841.4,0,0,0,930.8,29.8,0.2773853
0,3841.4,0,0,0,930.8,29.8,0.2773853
0,3841.4,0,0,0,930.8,29.8,0.2773853
0,3841.4,0,0,0,930.8,29.8,0.2773853
0,3841.5,0,0.1,0,930.8,29.8,0.2773853
0,3841.4,0,-0.1,0,930.8,29.8,0.2773853
0,3841.5,0,0.1,0,930.8,29.8,0.2773853
0,3841.5,0,0,0,930.8,29.8,0.2773853
0,3841.5,0,0,0,930.8,29.8,0.2773853
0,3841.5,0,0,0,930.8,29.8,0.2773853
0,3841.6,0,0.1,0,930.8,29.8,0.2773853
0,3841.6,0,0,0,930.8,29.8,0.2773853
0,3841.6,0,0,0,930.8,29.8,0.2773853
0,3841.6,0,0,0,930.8,29.8,0.2773853
0,3841.6,0,0,0,930.8,29.8,0.2773853
0,3841.6,0,0,0,930.8,29.8,0.2773853
0,3841.6,0,0,0,930.8,29.8,0.2773853
0,3841.7,0,0.1,0,930.8,29.8,0.2773853
0,3841.7,0,0,0,930.8,29.8,0.2773853
0,3841.7,0,0,0,930.8,29.8,0.2773853
0,3841.7,0,0,0,930.8,29.8,0.2773853
0,3841.7,0,0,0,930.8,29.8,0.2773853
0,3841.7,0,0,0,930.8,29.8,0.2773853
0,3841.8,0,0.1,0,930.8,29.8,0.2773853
0,3841.8,0,0,0,930.8,29.8,0.2773853
0,3841.8,0,0,0,930.8,29.8,0.2773853
0,3841.8,0,0,0,930.8,29.8,0.2773853
0,3841.8,0,0,0,930.8,29.8,0.2773853
0,3841.8,0,0,0,930.8,29.8,0.2773853
0,3841.8,0,0,0,930.8,29.8,0.2773853
0,3841.8,0,0,0,930.8,29.8,0.2773853
0,3841.9,0,0.1,0,930.8,29.8,0.2773853
0,3841.9,0,0,0,930.8,29.8,0.2773853
0,3841.9,0,0,0,930.8,29.8,0.2773853
0,3841.9,0,0,0,930.8,29.8,0.2773853
0,3841.9,0,0,0,930.8,29.8,0.2773853
0,3841.9,0,0,0,930.8,29.8,0.2773853
0,3842,0,0.1,0,930.8,29.8,0.2773853
0,3842,0,0,0,930.8,29.8,0.2773853
0,3842,0,0,0,930.8,29.8,0.2773853
0,3842,0,0,0,930.8,29.8,0.2773853
0,3842,0,0,0,930.8,29.8,0.2773853
0,3842,0,0,0,930.8,29.8,0.2773853
0,3842,0,0,0,930.8,29.8,0.2773853
0,3842,0,0,0,930.8,29.8,0.2773853
0,3842.1,0,0.1,0,930.8,29.8,0.2773853
0,3842,0,-0.1,0,930.8,29.8,0.2773853
0,3842.1,0,0.1,0,930.8,29.8,0.2773853
0,3842.1,0,0,0,930.8,29.8,0.2773853
0,3842.1,0,0,0,930.8,29.8,0.2773853
0,3842.1,0,0,0,930.8,29.8,0.2773853
0,3842.1,0,0,0,930.8,29.8,0.2773853
0,3842.1,0,0,0,930.8,29.8,0.2773853
0,3842.2,0,0.1,0,930.8,29.8,0.2773853
0,3842.2,0,0,0,930.8,29.8,0.2773853
0,3842.2,0,0,0,930.8,29.8,0.2773853
858.8,3807.9,858.8,-34.3,3.2702245,931,29.8,0.27723003
1725.9,3772.4,867.1,-35.5,6.5107852,931.5,29.8,0.27684186
1725.1,3769.8,-0.8,-2.6,6.503282,932,29.8,0.27645369
1727.1,3767.7,2,-2.1,6.5071947,932.5,29.8,0.27606552
1716.1,3766.1,-11,-1.6,6.4630042,933,29.8,0.27567735
1726,3764,9.9,-2.1,6.496664,933.4,29.8,0.27536682
1709,3763,-17,-1,6.430967,933.9,29.8,0.27497865
1722,3760.9,13,-2.1,6.4762698,934.4,29.8,0.27459048
1713.1,3759.7,-8.9,-1.2,6.4407421,934.9,29.8,0.27420231
1722,3757.9,8.9,-1.8,6.4711038,935.3,29.8,0.27389178
1726,3756.3,4,-1.6,6.4833738,935.8,29.8,0.27350361
1715.1,3755.4,-10.9,-0.9,6.4408865,936.3,29.8,0.27311544
1712.1,3754.2,-3,-1.2,6.4275658,936.8,29.8,0.27272727
1737.1,3751.9,25,-2.3,6.5174255,937.3,29.8,0.2723391
1728,3751,-9.1,-0.9,6.481728,937.7,29.8,0.27202857
1735.1,3749.5,7.1,-1.5,6.5057574,938.2,29.8,0.2716404
1720.1,3748.9,-15,-0.6,6.4484829,938.7,29.8,0.27125223
1711,3748,-9.1,-0.9,6.412828,939.2,29.8,0.27086406
1726.1,3746.4,15.1,-1.6,6.466661,939.7,29.8,0.27047589
1704.2,3746.1,-21.9,-0.3,6.3841036,940.1,29.8,0.27016536
1718.1,3744.5,13.9,-1.6,6.4334254,940.6,29.8,0.26977719
1708.1,3743.8,-10,-0.7,6.3947848,941.1,29.8,0.26938902
1730.1,3742,22,-1.8,6.4740342,941.6,29.8,0.26900085
1726.1,3741.1,-4,-0.9,6.4575127,942,29.8,0.26869032
1707,3740.9,-19.1,-0.2,6.3857163,942.5,29.8,0.26830215
1722,3739.3,15,-1.6,6.4390746,943,29.8,0.26791398
1726,3738.2,4,-1.1,6.4521332,943.5,29.8,0.26752581
1721,3737.5,-5,-0.7,6.4322375,944,29.8,0.26713764
1711,3737,-10,-0.5,6.394007,944.4,29.8,0.26682711
1714.1,3736,3.1,-1,6.4038776,944.9,29.8,0.26643894
1702.1,3735.6,-12,-0.4,6.3583648,945.4,29.8,0.26605077
1717.1,3734.1,15,-1.5,6.4118231,945.9,29.8,0.2656626
1718.1,3733.3,1,-0.8,6.4141827,946.3,29.8,0.26535207
1720.1,3732.4,2,-0.9,6.4201012,946.8,29.8,0.2649639
1723,3731.4,2.9,-1,6.4292022,947.3,29.9,0.26457573
1724.1,3730.6,1.1,-0.8,6.4319275,947.8,29.9,0.26418756
1726,3729.8,1.9,-0.8,6.4376348,948.2,29.9,0.26387703
1715.1,3729.5,-10.9,-0.3,6.3964654,948.7,29.9,0.26348886
1719.1,3728.5,4,-1,6.4096643,949.2,29.9,0.26310069
1722.1,3727.7,3,-0.8,6.4194722,949.7,29.9,0.26271252
1730.1,3726.6,8,-1.1,6.4473907,950.2,29.9,0.26232435
1703.3,3726.9,-26.8,0.3,6.3480288,950.6,29.9,0.26201382
1710.1,3726,6.8,-0.9,6.3718326,951.1,29.9,0.26162565
1718,3725,7.9,-1,6.39955,951.6,29.9,0.26123748
1726.1,3724,8.1,-1,6.4279964,952.1,29.9,0.26084931
1712,3723.9,-14.1,-0.1,6.3753168,952.5,29.9,0.26053878
1711.1,3723.3,-0.9,-0.6,6.3709386,953,29.9,0.26015061
1707,3722.9,-4.1,-0.4,6.3549903,953.5,29.9,0.25976244
1713,3722,6,-0.9,6.375786,954,29.9,0.25937427
1716,3721.2,3,-0.8,6.3855792,954.4,29.9,0.25906374
1722,3720.4,6,-0.8,6.4065288,954.9,29.9,0.25867557
1716.1,3720,-5.9,-0.4,6.383892,955.4,29.9,0.2582874
1711.1,3719.7,-5,-0.3,6.3647787,955.9,29.9,0.25789923
1724,3718.6,12.9,-1.1,6.4108664,956.4,29.9,0.25751106
1714.1,3718.4,-9.9,-0.2,6.3737094,956.8,29.9,0.25720053
1717.1,3717.7,3,-0.7,6.3836627,957.3,29.9,0.25681236
1715,3717.2,-2.1,-0.5,6.374998,957.8,29.9,0.25642419
1706,3717,-9,-0.2,6.341202,958.3,29.9,0.25603602
1712.1,3716.3,6.1,-0.7,6.3626772,958.7,29.9,0.25572549
1724.1,3715.3,12,-1,6.4055487,959.2,29.9,0.25533732
1719,3714.9,-5.1,-0.4,6.3859131,959.7,29.9,0.25494915
1720,3714.3,1,-0.6,6.388596,960.2,29.9,0.25456098
1716,3714,-4,-0.3,6.373224,960.6,29.9,0.25425045
1719.1,3713.4,3.1,-0.6,6.3837059,961.1,29.9,0.25386228
1701,3713.6,-18.1,0.2,6.3168336,961.6,29.9,0.25347411
1726,3712.2,25,-1.4,6.4072572,962.1,29.9,0.25308594
1716.1,3712,-9.9,-0.2,6.3701632,962.5,29.9,0.25277541
1731,3711,14.9,-1,6.423741,963,29.9,0.25238724
1732,3710.4,1,-0.6,6.4264128,963.5,29.9,0.25199907
1040,3737.4,-692,27,3.886896,963.8,29.9,0.25176617
370.1,3764.6,-669.9,27.2,1.3932785,963.9,29.9,0.25168853
366,3766.3,-4.1,1.7,1.3784658,964,29.9,0.2516109
353,3768,-13,1.7,1.330104,964.1,29.9,0.25153327
359.9,3768.8,6.9,0.8,1.3563911,964.2,29.9,0.25145563
353.1,3770,-6.8,1.2,1.331187,964.3,29.9,0.251378
370,3770.1,16.9,0.1,1.394937,964.4,29.9,0.25130036
359,3771.3,-11,1.2,1.3538967,964.5,29.9,0.25122273
361.9,3771.9,2.9,0.6,1.3650506,964.6,30,0.2511451
364,3772.5,2.1,0.6,1.37319,964.7,30,0.25106746
354,3773.5,-10,1,1.335819,964.8,30,0.25098983
368.9,3773.6,14.9,0.1,1.392081,964.9,30,0.2509122
371.9,3774,3,0.4,1.4035506,965,30,0.25083456
362,3774.9,-9.9,0.9,1.3665138,965.1,30,0.25075693
365,3775.3,3,0.4,1.3779845,965.2,30,0.2506793
373.9,3775.5,8.9,0.2,1.4116595,965.3,30,0.25060166
356.9,3776.6,-17,1.1,1.3478685,965.4,30,0.25052403
361,3776.9,4.1,0.3,1.3634609,965.5,30,0.25044639
361,3777.3,0,0.4,1.3636053,965.6,30,0.25036876
347.9,3778.3,-13.1,1,1.3144706,965.7,30,0.25029113
377.9,3777.5,30,-0.8,1.4275172,965.8,30,0.25021349
372,3778.1,-5.9,0.6,1.4054532,965.9,30,0.25013586
372,3778.5,0,0.4,1.405602,966,30,0.25005823
351.1,3779.6,-20.9,1.1,1.3270176,966.1,30,0.24998059
363.9,3779.5,12.8,-0.1,1.3753601,966.2,30,0.24990296
365,3779.8,1.1,0.3,1.379627,966.3,30,0.24982532
362,3780.2,-3,0.4,1.3684324,966.4,30,0.24974769
364.9,3780.4,2.9,0.2,1.379468,966.5,30,0.24967006
361,3780.9,-3.9,0.5,1.3649049,966.6,30,0.24959242
357,3781.3,-4,0.4,1.3499241,966.7,30,0.24951479
367,3781.2,10,-0.1,1.3877004,966.8,30,0.24943716
364,3781.6,-3,0.4,1.3765024,966.9,30,0.24935952
368.9,3781.7,4.9,0.1,1.3950691,967,30,0.24928189
359,3782.3,-9.9,0.6,1.3578457,967.1,30,0.24920425
366,3782.3,7,0,1.3843218,967.2,30,0.24912662
365,3782.6,-1,0.3,1.380649,967.3,30,0.24904899
366.9,3782.8,1.9,0.2,1.3879093,967.4,30,0.24897135
364.9,3783,-2,0.2,1.3804167,967.5,30,0.24889372
365,3783.2,0.1,0.2,1.380868,967.6,30,0.24881609
360.9,3783.6,-4.1,0.4,1.3655012,967.7,30,0.24873845
363,3783.7,2.1,0.1,1.3734831,967.8,30,0.24866082
367.9,3783.7,4.9,0,1.3920232,967.9,30,0.24858318
344,3784.9,-23.9,1.2,1.3020056,968,30,0.24850555
356,3784.6,12,-0.3,1.3473176,968.1,30,0.24842792
368.9,3784.2,12.9,-0.4,1.3959914,968.2,30,0.24835028
369.9,3784.3,1,0.1,1.3998126,968.3,30,0.24827265
372,3784.5,2.1,0.2,1.407834,968.4,30,0.24819502
353.1,3785.3,-18.9,0.8,1.3365894,968.5,30,0.24811738
353,3785.5,-0.1,0.2,1.3362815,968.6,30,0.24803975
375.9,3784.8,22.9,-0.7,1.4227063,968.7,30,0.24796211
354,3785.8,-21.9,1,1.3401732,968.8,30,0.24788448
372.9,3785.2,18.9,-0.6,1.4115011,968.9,30,0.24780685
356,3785.9,-16.9,0.7,1.3477804,969,30,0.24772921
351.9,3786.3,-4.1,0.4,1.332399,969.1,30,0.24765158
366.8,3785.8,14.9,-0.5,1.3886314,969.2,30,0.24757395
362.9,3786.1,-3.9,0.3,1.3739757,969.3,30,0.24749631
379.9,3785.5,17,-0.6,1.4381115,969.4,30,0.24741868
357.9,3786.5,-22,1,1.3551884,969.5,30,0.24734104
379,3785.8,21.1,-0.7,1.4348182,969.7,30,0.24718578
358,3786.7,-21,0.9,1.3556386,969.8,30,0.24710814
361.9,3786.6,3.9,-0.1,1.3703705,969.9,30,0.24703051
347,3787.3,-14.9,0.7,1.3141931,969.9,30,0.24703051
356.9,3787.1,9.9,-0.2,1.351616,970,30,0.24695288
359,3787.1,2.1,0,1.3595689,970.1,30,0.24687524
364.9,3786.9,5.9,-0.2,1.3818398,970.2,30,0.24679761
373.9,3786.6,9,-0.3,1.4158097,970.4,30,0.24664234
353,3787.6,-20.9,1,1.3370228,970.5,30,0.24656471
355.9,3787.6,2.9,0,1.3480068,970.6,30,0.24648707
359.9,3787.5,4,-0.1,1.3631213,970.7,30,0.24640944
366.9,3787.3,7,-0.2,1.3895604,970.8,30,0.24633181
368.9,3787.2,2,-0.1,1.3970981,970.9,30,0.24625417
362,3787.6,-6.9,0.4,1.3711112,971,30,0.24617654
375,3787.1,13,-0.5,1.4201625,971.1,30,0.24609891
365.1,3787.6,-9.9,0.5,1.3828528,971.2,30,0.24602127
347,3788.4,-18.1,0.8,1.3145748,971.3,30,0.24594364
356.9,3788,9.9,-0.4,1.3519372,971.4,30,0.245866
372.9,3787.5,16,-0.5,1.4123588,971.5,30,0.24578837
359,3788.1,-13.9,0.6,1.3599279,971.6,30,0.24571074
365,3787.9,6,-0.2,1.3825835,971.7,30,0.2456331
362,3788.1,-3,0.2,1.3712922,971.8,30,0.24555547
356.9,3788.3,-5.1,0.2,1.3520443,971.9,30,0.24547784
369.9,3787.9,13,-0.4,1.4011442,972,30,0.2454002
366,3788.1,-3.9,0.2,1.3864446,972.1,30,0.24532257
347.9,3788.8,-18.1,0.7,1.3181235,972.2,30,0.24524493
353,3788.7,5.1,-0.1,1.3374111,972.3,30,0.2451673
369,3788.1,16,-0.6,1.3978089,972.4,30,0.24508967
360,3788.5,-9,0.4,1.36386,972.5,30,0.24501203
359,3788.6,-1,0.1,1.3601074,972.6,30,0.2449344
360.9,3788.5,1.9,-0.1,1.3672696,972.7,30,0.24485677
359,3788.7,-1.9,0.2,1.3601433,972.8,30,0.24477913
361,3788.6,2,-0.1,1.3676846,972.9,30,0.2447015
371.9,3788.2,10.9,-0.4,1.4088316,973,30,0.24462386
361.9,3788.6,-10,0.4,1.3710943,973.1,30,0.24454623
374.9,3788.1,13,-0.5,1.4201587,973.2,30,0.2444686
376,3788.1,1.1,0,1.4243256,973.3,30,0.24439096
365.9,3788.5,-10.1,0.4,1.3862121,973.4,30,0.24431333
373.9,3788.2,8,-0.3,1.416408,973.5,30,0.2442357
360,3788.8,-13.9,0.6,1.363968,973.6,30,0.24415806
363.9,3788.6,3.9,-0.2,1.3786715,973.7,30,0.24408043
358,3788.9,-5.9,0.3,1.3564262,973.8,30,0.24400279
364,3788.7,6,-0.2,1.3790868,973.9,30,0.24392516
373,3788.4,9,-0.3,1.4130732,974,30,0.24384753
366,3788.6,-7,0.2,1.3866276,974.1,30,0.24376989
346.9,3789.4,-19.1,0.8,1.3145429,974.2,30,0.24369226
356.9,3789.1,10,-0.3,1.3523298,974.3,30,0.24361463
357,3789.1,0.1,0,1.3527087,974.4,30,0.24353699
365.9,3788.7,8.9,-0.4,1.3862853,974.5,30,0.24345936
358,3789.1,-7.9,0.4,1.3564978,974.6,30,0.24338173
363,3788.9,5,-0.2,1.3753707,974.7,30,0.24330409
360,3789,-3,0.1,1.36404,974.8,30,0.24322646
365.9,3788.8,5.9,-0.2,1.3863219,974.9,30,0.24314882
358.9,3789,-7,0.2,1.3598721,975,30,0.24307119
369,3788.7,10.1,-0.3,1.3980303,975.1,30,0.24299356
369.9,3788.6,0.9,-0.1,1.4014031,975.2,30,0.24291592
356.9,3789.1,-13,0.5,1.3523298,975.3,30,0.24283829
356,3789.2,-0.9,0.1,1.3489552,975.4,30,0.24276066
354,3789.3,-2,0.1,1.3414122,975.5,30,0.24268302
359,3789.1,5,-0.2,1.3602869,975.6,30,0.24260539
357.9,3789.2,-1.1,0.1,1.3561547,975.7,30,0.24252775
367,3788.8,9.1,-0.4,1.3904896,975.8,30,0.24245012
351,3789.4,-16,0.6,1.3300794,975.9,30,0.24237249
360,3789.1,9,-0.3,1.364076,976,30,0.24229485
352,3789.4,-8,0.3,1.3338688,976.1,30,0.24221722
356.9,3789.2,4.9,-0.2,1.3523655,976.2,30,0.24213959
368.9,3788.8,12,-0.4,1.3976883,976.3,30,0.24206195
370,3788.7,1.1,-0.1,1.401819,976.4,30,0.24198432
368.9,3788.7,-1.1,0,1.3976514,976.5,30,0.24190668
357,3789.2,-11.9,0.5,1.3527444,976.6,30,0.24182905
368.9,3788.7,11.9,-0.5,1.3976514,976.7,30,0.24175142
355.1,3789.3,-13.8,0.6,1.3455804,976.8,30,0.24167378
358.9,3789.1,3.8,-0.2,1.359908,976.9,30,0.24159615
350.9,3789.4,-8,0.3,1.3297005,977,30,0.24151852
365.9,3788.8,15,-0.6,1.3863219,977.1,30,0.24144088
365.9,3788.8,0,0,1.3863219,977.2,30,0.24136325
373,3788.5,7.1,-0.3,1.4131105,977.3,30,0.24128561
350.1,3789.4,-22.9,0.9,1.3266689,977.4,30,0.24120798
364.9,3788.8,14.8,-0.6,1.3825331,977.5,30,0.24113035
371,3788.6,6.1,-0.2,1.4055706,977.6,30,0.24105271
368.9,3788.6,-2.1,0,1.3976145,977.7,30,0.24097508
364.9,3788.7,-4,0.1,1.3824966,977.8,30,0.24089745
366,3788.7,1.1,0,1.3866642,977.9,30,0.24081981
361,3788.9,-5,0.2,1.3677929,978,30,0.24074218
356.9,3789,-4.1,0.1,1.3522941,978.1,30,0.24066454
358.9,3789,2,0,1.3598721,978.2,30,0.24058691
370,3788.5,11.1,-0.5,1.401745,978.3,30,0.24050928
357.9,3789,-12.1,0.5,1.3560831,978.4,30,0.24043164
867,3768.9,509.1,-20.1,3.2676363,978.6,30,0.24027638
1369.9,3748.2,502.9,-20.7,5.1346592,979,29.9,0.23996584
1375,3746.5,5.1,-1.7,5.1514375,979.4,29.9,0.23965531
1355,3746,-20,-0.5,5.07583,979.8,29.9,0.23934477
1372,3744.2,17,-1.8,5.1370424,980.2,30,0.23903424
1386.1,3742.6,14.1,-1.6,5.1876179,980.5,30,0.23880134
1377,3741.9,-9.1,-0.7,5.1525963,980.9,29.9,0.2384908
1386,3740.6,9,-1.3,5.1844716,981.3,29.9,0.23818027
1374,3740.2,-12,-0.4,5.1390348,981.7,30,0.23786973
1374,3739.3,0,-0.9,5.1377982,982.1,29.9,0.2375592
1379,3738.3,5,-1,5.1551157,982.5,29.9,0.23724866
1369,3737.9,-10,-0.4,5.1171851,982.8,29.9,0.23701576
1383.1,3736.6,14.1,-1.3,5.1680915,983.2,29.9,0.23670522
1376,3736.1,-7.1,-0.5,5.1408736,983.6,29.9,0.23639469
1360.1,3736,-15.9,-0.1,5.0813336,984,29.9,0.23608415
1376.1,3734.6,16,-1.4,5.1391831,984.4,29.9,0.23577362
1368,3734.3,-8.1,-0.3,5.1085224,984.7,29.9,0.23554072
1377,3733.3,9,-1,5.1407541,985.1,29.9,0.23523018
1372.1,3732.8,-4.9,-0.5,5.1217749,985.5,29.9,0.23491965
1373,3732.1,0.9,-0.7,5.1241733,985.9,30,0.23460911
1368.1,3731.7,-4.9,-0.4,5.1053388,986.3,30,0.23429858
1364.1,3731.3,-4,-0.4,5.0898663,986.7,30,0.23398804
1374,3730.3,9.9,-1,5.1254322,987,30,0.23375514
1363.1,3730.1,-10.9,-0.2,5.0844993,987.4,30,0.23344461
1356,3729.9,-7.1,-0.2,5.0577444,987.8,30,0.23313407
1370,3728.8,14,-1.1,5.108456,988.2,30,0.23282354
1373.1,3728.1,3.1,-0.7,5.1190541,988.6,30,0.232513
1377,3727.5,3.9,-0.6,5.1327675,988.9,30,0.2322801
1375.2,3727,-1.8,-0.5,5.1253704,989.3,30,0.23196957
1380,3726.3,4.8,-0.7,5.142294,989.7,30,0.23165903
1375.1,3725.9,-4.9,-0.4,5.1234851,990.1,30,0.2313485
1377,3725.4,1.9,-0.5,5.1298758,990.5,30,0.23103796
1378,3724.9,1,-0.5,5.1329122,990.8,30,0.23080506
1368.2,3724.8,-9.8,-0.1,5.0962714,991.2,30,0.23049453
1360,3724.7,-8.2,-0.1,5.065592,991.6,30,0.23018399
1381,3723.4,21,-1.3,5.1420154,992,30,0.22987346
1366.1,3723.6,-14.9,0.2,5.08681,992.4,30,0.22956292
1372,3722.9,5.9,-0.7,5.1078188,992.7,30,0.22933002
1370,3722.5,-2,-0.4,5.099825,993.1,30,0.22901949
1363,3722.4,-7,-0.1,5.0736312,993.5,30,0.22870895
1367,3721.8,4,-0.6,5.0877006,993.9,30,0.22839842
1377,3721,10,-0.8,5.123817,994.3,30,0.22808788
1369,3720.9,-8,-0.1,5.0939121,994.7,30,0.22777735
1373.1,3720.3,4.1,-0.6,5.1083439,995,30,0.22754445
1380,3719.6,6.9,-0.7,5.133048,995.4,30,0.22723391
1371.1,3719.6,-8.9,0,5.0999436,995.8,30,0.22692338
1356,3719.8,-15.1,0.2,5.0440488,996.2,30,0.22661284
1365.1,3719.1,9.1,-0.7,5.0769434,996.6,30,0.22630231
1366,3718.7,0.9,-0.4,5.0797442,996.9,30,0.2260694
1370,3718.2,4,-0.5,5.093934,997.3,30,0.22575887
1370.1,3717.8,0.1,-0.4,5.0937578,997.7,30,0.22544833
1370,3717.4,-0.1,-0.4,5.092838,998.1,30,0.2251378
1369,3717.1,-1,-0.3,5.0887099,998.5,30,0.22482726
1369,3716.8,0,-0.3,5.0882992,998.8,30,0.22459436
1374.1,3716.2,5.1,-0.6,5.1064304,999.2,30,0.22428383
1368,3716.1,-6.1,-0.1,5.0836248,999.6,30,0.22397329
1372,3715.6,4,-0.5,5.0978032,1000,30,0.22366276
1377,3715,5,-0.6,5.115555,1000.4,30,0.22335222
1370.1,3715,-6.9,0,5.0899215,1000.7,30,0.22311932
1367,3714.8,-3.1,-0.2,5.0781316,1001.1,30,0.22280879
1371,3714.3,4,-0.5,5.0923053,1001.5,30,0.22249825
1377,3713.7,6,-0.6,5.1137649,1001.9,30,0.22218772
1369.1,3713.7,-7.9,0,5.0844267,1002.3,30,0.22187718
1356.1,3713.9,-13,0.2,5.0364198,1002.6,30,0.22164428
1385,3712.5,28.9,-1.4,5.1418125,1003,30,0.22133375
1369.1,3712.7,-15.9,0.2,5.0830576,1003.4,30,0.22102321
1377.1,3712.1,8,-0.6,5.1119329,1003.8,30,0.22071268
1365,3712.3,-12.1,0.2,5.0672895,1004.2,30,0.22040214
1375,3711.6,10,-0.7,5.10345,1004.5,30,0.22016924
1367.1,3711.6,-7.9,0,5.0741284,1004.9,30,0.21985871
1364.1,3711.4,-3,-0.2,5.0627207,1005.3,30,0.21954817
1375,3710.7,10.9,-0.7,5.1022125,1005.7,30,0.21923764
1369,3710.6,-6,-0.1,5.0798114,1006.1,30,0.2189271
1362,3710.6,-7,0,5.0538372,1006.4,30,0.2186942
1364,3710.3,2,-0.3,5.0608492,1006.8,30,0.21838367
1380.9,3709.3,16.9,-1,5.1221724,1007.2,30,0.21807313
1365,3709.6,-15.9,0.3,5.063604,1007.6,30,0.2177626
1375.1,3708.9,10.1,-0.7,5.1001084,1008,30,0.21745206
1367,3709,-8.1,0.1,5.070203,1008.4,30,0.21714153
1380,3708.2,13,-0.8,5.117316,1008.7,30,0.21690863
1388.1,3707.5,8.1,-0.7,5.1463807,1009.1,30,0.21659809
1363.1,3708.2,-25,0.7,5.0546474,1009.5,30,0.21628756
1365.9,3707.8,2.8,-0.4,5.064484,1009.9,30,0.21597702
1378,3707.1,12.1,-0.7,5.1083838,1010.3,30,0.21566649
1373.1,3707,-4.9,-0.1,5.0900817,1010.6,30,0.21543358
1375.1,3706.7,2,-0.3,5.0970832,1011,30,0.21512305
1364,3706.9,-11.1,0.2,5.0562116,1011.4,30,0.21481251
1370,3706.4,6,-0.5,5.077768,1011.8,30,0.21450198
1376.1,3705.9,6.1,-0.5,5.099689,1012.2,30,0.21419144
1375,3705.6,-1.1,-0.3,5.0952,1012.5,30.1,0.21395854
1361,3705.9,-14,0.3,5.0437299,1012.9,30.1,0.21364801
1373,3705.1,12,-0.8,5.0871023,1013.3,30.1,0.21333747
1363.1,3705.3,-9.9,0.2,5.0506944,1013.7,30.1,0.21302694
1371,3704.7,7.9,-0.6,5.0791437,1014.1,30.1,0.2127164
1378,3704.2,7,-0.5,5.1043876,1014.4,30.1,0.2124835
1361.1,3704.6,-16.9,0.4,5.0423311,1014.8,30.1,0.21217297
1368,3704,6.9,-0.6,5.067072,1015.2,30.1,0.21186243
1386,3703.1,18,-0.9,5.1324966,1015.6,30.1,0.2115519
1383.1,3702.9,-2.9,-0.2,5.121481,1016,30.1,0.21124136
1379.1,3702.8,-4,-0.1,5.1065315,1016.4,30.1,0.21093083
1367,3703,-12.1,0.2,5.062001,1016.7,30.1,0.21069793
1370,3702.7,3,-0.3,5.072699,1017.1,30.1,0.21038739
1368.1,3702.5,-1.9,-0.2,5.0653903,1017.5,30.1,0.21007686
1384,3701.6,15.9,-0.9,5.1230144,1017.9,30.1,0.20976632
1365,3702.1,-19,0.5,5.0533665,1018.3,30.1,0.20945579
1385,3701,20,-1.1,5.125885,1018.6,30.1,0.20922289
1366,3701.5,-19,0.5,5.056249,1019,30.1,0.20891235
1039,3714.3,-327,12.8,3.8591577,1019.3,30.1,0.20867945
719.1,3727.3,-319.9,13,2.6803014,1019.5,30.1,0.20852418
709.9,3728.3,-9.2,1,2.6467202,1019.7,30.1,0.20836892
714.9,3728.6,5,0.3,2.6655761,1019.9,30.1,0.20821365
700.1,3729.7,-14.8,1.1,2.611163,1020.1,30.1,0.20805838
691,3730.5,-9.1,0.8,2.5777755,1020.3,30.1,0.20790311
706.9,3730.3,15.9,-0.2,2.6369491,1020.5,30.1,0.20774785
723.9,3729.9,17,-0.4,2.7000746,1020.7,30.1,0.20759258
713.9,3730.6,-10,0.7,2.6632753,1020.9,30.1,0.20743731
697,3731.5,-16.9,0.9,2.6008555,1021.1,30.1,0.20728204
718.8,3731,21.8,-0.5,2.6818428,1021.3,30.1,0.20712678
687.9,3732.4,-30.9,1.4,2.567518,1021.5,30.1,0.20697151
703,3732.1,15.1,-0.3,2.6236663,1021.7,30.1,0.20681624
715.9,3731.8,12.9,-0.3,2.6715956,1021.9,30.1,0.20666097
695.9,3732.8,-20,1,2.5976555,1022.1,30.1,0.20650571
713.1,3732.4,17.2,-0.4,2.6615744,1022.3,30.1,0.20635044
697,3733.2,-16.1,0.8,2.6020404,1022.5,30.1,0.20619517
704.9,3733,7.9,-0.2,2.6313917,1022.7,30.1,0.2060399
702.1,3733.3,-2.8,0.3,2.6211499,1022.8,30.1,0.20596227
701.9,3733.5,-0.2,0.2,2.6205436,1023,30.1,0.205807
709.9,3733.3,8,-0.2,2.6502697,1023.2,30.1,0.20565174
723,3732.9,13.1,-0.4,2.6988867,1023.4,30.1,0.20549647
715.9,3733.3,-7.1,0.4,2.6726695,1023.6,30.1,0.2053412
704.9,3733.9,-11,0.6,2.6320261,1023.8,30.1,0.20518593
707,3733.9,2.1,0,2.6398673,1024,30.1,0.20503067
710.9,3733.8,3.9,-0.1,2.6543584,1024.2,30.1,0.2048754
712.9,3733.9,2,0.1,2.6618973,1024.4,30.1,0.20472013
718,3733.8,5.1,-0.1,2.6808684,1024.6,30.1,0.20456486
712.9,3734,-5.1,0.2,2.6619686,1024.8,30.1,0.2044096
711.9,3734.1,-1,0.1,2.6583058,1025,30.1,0.20425433
731,3733.5,19.1,-0.6,2.7291885,1025.2,30.1,0.20409906
709.1,3734.4,-21.9,0.9,2.648063,1025.4,30.1,0.20394379
710,3734.4,0.9,0,2.651424,1025.6,30.1,0.20378853
708,3734.6,-2,0.2,2.6440968,1025.8,30.1,0.20363326
708,3734.7,0,0.1,2.6441676,1026,30.1,0.20347799
698.9,3735.1,-9.1,0.4,2.6104614,1026.2,30.1,0.20332272
691,3735.4,-7.9,0.3,2.5811614,1026.4,30.1,0.20316746
691,3735.5,0,0.1,2.5812305,1026.6,30.1,0.20301219
702.9,3735.1,11.9,-0.4,2.6254018,1026.8,30.1,0.20285692
695,3735.4,-7.9,0.3,2.596103,1027,30.1,0.20270165
711,3734.8,16,-0.6,2.6554428,1027.2,30.1,0.20254639
702,3735.2,-9,0.4,2.6221104,1027.4,30.1,0.20239112
714,3734.8,12,-0.4,2.6666472,1027.6,30.1,0.20223585
700,3735.3,-14,0.5,2.61471,1027.8,30.1,0.20208058
696.9,3735.5,-3.1,0.2,2.60327,1028,30.1,0.20192532
693.9,3735.6,-3,0.1,2.5921328,1028.2,30.1,0.20177005
715,3734.9,21.1,-0.7,2.6704535,1028.4,30.1,0.20161478
721,3734.6,6,-0.3,2.6926466,1028.6,30.1,0.20145951
701.9,3735.4,-19.1,0.8,2.6218773,1028.7,30.1,0.20138188
704,3735.3,2.1,-0.1,2.6296512,1028.9,30.1,0.20122661
695.9,3735.6,-8.1,0.3,2.599604,1029.1,30.1,0.20107135
710,3735.1,14.1,-0.5,2.651921,1029.3,30.1,0.20091608
716,3734.8,6,-0.3,2.6741168,1029.5,30.1,0.20076081
707,3735.2,-9,0.4,2.6407864,1029.7,30.1,0.20060554
707,3735.1,0,-0.1,2.6407157,1029.9,30.1,0.20045028
717.9,3734.7,10.9,-0.4,2.6811411,1030.1,30.1,0.20029501
704,3735.2,-13.9,0.5,2.6295808,1030.3,30.1,0.20013974
719.9,3734.6,15.9,-0.6,2.6885385,1030.5,30.1,0.19998447
696,3735.5,-23.9,0.9,2.599908,1030.7,30.1,0.19982921
721,3734.5,25,-1,2.6925745,1030.9,30.1,0.19967394
710.9,3734.8,-10.1,0.3,2.6550693,1031.1,30.1,0.19951867
704,3735.1,-6.9,0.3,2.6295104,1031.3,30.1,0.1993634
712,3734.8,8,-0.3,2.6591776,1031.5,30.1,0.19920814
714.9,3734.6,2.9,-0.2,2.6698655,1031.7,30.1,0.19905287
712.9,3734.7,-2,0.1,2.6624676,1031.9,30.1,0.1988976
698.9,3735.2,-14,0.5,2.6105313,1032.1,30.1,0.19874233
716.9,3734.5,18,-0.7,2.6772631,1032.3,30.1,0.19858707
703,3735,-13.9,0.5,2.625705,1032.5,30.1,0.1984318
703,3735,0,0,2.625705,1032.7,30.1,0.19827653
699,3735.1,-4,0.1,2.6108349,1032.9,30.1,0.19812126
717,3734.3,18,-0.8,2.6774931,1033.1,30.1,0.197966
705,3734.8,-12,0.5,2.633034,1033.3,30.1,0.19781073
714.9,3734.3,9.9,-0.5,2.6696511,1033.5,30.1,0.19765546
696,3735,-18.9,0.7,2.59956,1033.7,30.1,0.19750019
720,3734,24,-1,2.68848,1033.9,30.1,0.19734493
705,3734.6,-15,0.6,2.632893,1034.1,30.1,0.19718966
707,3734.4,2,-0.2,2.6402208,1034.3,30.1,0.19703439
710,3734.3,3,-0.1,2.651353,1034.5,30.1,0.19687912
707,3734.4,-3,0.1,2.6402208,1034.7,30.1,0.19672386
708.9,3734.3,1.9,-0.1,2.6472453,1034.8,30.1,0.19664622
700,3734.6,-8.9,0.3,2.61422,1035,30.1,0.19649096
697,3734.6,-3,0,2.6030162,1035.2,30.1,0.19633569
714.9,3733.9,17.9,-0.7,2.6693651,1035.4,30.1,0.19618042
701.9,3734.3,-13,0.4,2.6211052,1035.6,30.1,0.19602515
715,3733.8,13.1,-0.5,2.669667,1035.8,30.1,0.19586989
713.9,3733.8,-1.1,0,2.6655598,1036,30.1,0.19571462
708.9,3733.9,-5,0.1,2.6469617,1036.2,30.1,0.19555935
691,3734.5,-17.9,0.6,2.5805395,1036.4,30.1,0.19540408
700.9,3734.1,9.9,-0.4,2.6172307,1036.6,30.1,0.19524882
705,3733.9,4.1,-0.2,2.6323995,1036.8,30.1,0.19509355
693.9,3734.3,-11.1,0.4,2.5912308,1037,30.1,0.19493828
703,3733.9,9.1,-0.4,2.6249317,1037.2,30.1,0.19478301
697.9,3734,-5.1,0.1,2.6059586,1037.4,30.1,0.19462775
691,3734.2,-6.9,0.2,2.5803322,1037.6,30.1,0.19447248
705.9,3733.6,14.9,-0.6,2.6355482,1037.8,30.1,0.19431721
703,3733.6,-2.9,0,2.6247208,1038,30.1,0.19416194
707.9,3733.4,4.9,-0.2,2.6428739,1038.2,30.1,0.19400668
693,3733.9,-14.9,0.5,2.5875927,1038.4,30.1,0.19385141
711.9,3733.1,18.9,-0.8,2.6575939,1038.6,30.1,0.19369614
714.9,3732.9,3,-0.2,2.6686502,1038.8,30.1,0.19354087
716.9,3732.8,2,-0.1,2.6760443,1039,30.1,0.19338561
946.9,3723.6,230,-9.2,3.5258768,1039.2,30.1,0.19323034
1197,3713.3,250.1,-10.3,4.4448201,1039.6,30.1,0.1929198
1174,3713.4,-23,0.1,4.3595316,1039.9,30.1,0.1926869
1199,3711.8,25,-1.6,4.4504482,1040.2,30.1,0.192454
1187.1,3711.7,-11.9,-0.1,4.4061591,1040.5,30.1,0.1922211
1192,3711,4.9,-0.7,4.423512,1040.9,30.1,0.19191057
1204,3710,12,-1,4.46684,1041.2,30.1,0.19167766
1186.1,3710.2,-17.9,0.2,4.4006682,1041.5,30.1,0.19144476
1187,3709.7,0.9,-0.5,4.4034139,1041.9,30.1,0.19113423
1177,3709.6,-10,-0.1,4.3661992,1042.2,30.1,0.19090133
1192.9,3708.6,15.9,-1,4.4239889,1042.5,30.1,0.19066843
1185,3708.5,-7.9,-0.1,4.3945725,1042.9,30.1,0.19035789
1194,3707.7,9,-0.8,4.4269938,1043.2,30.1,0.19012499
1194,3707.3,0,-0.4,4.4265162,1043.5,30.1,0.18989209
1190,3707,-4,-0.3,4.41133,1043.8,30.1,0.18965919
1189,3706.7,-1,-0.3,4.4072663,1044.2,30.1,0.18934865
1189.1,3706.3,0.1,-0.4,4.4071613,1044.5,30.1,0.18911575
1177,3706.4,-12.1,0.1,4.3624328,1044.8,30.1,0.18888285
1182,3705.9,5,-0.5,4.3803738,1045.2,30.1,0.18857232
1175.1,3705.8,-6.9,-0.1,4.3546856,1045.5,30.1,0.18833941
1192,3704.8,16.9,-1,4.4161216,1045.8,30.1,0.18810651
1193.9,3704.4,1.9,-0.4,4.4226832,1046.2,30.1,0.18779598
1180.1,3704.6,-13.8,0.2,4.3717985,1046.5,30.1,0.18756308
1187,3704,6.9,-0.6,4.396648,1046.8,30.1,0.18733018
1179,3703.9,-8,-0.1,4.3668981,1047.1,30.1,0.18709728
1172,3703.9,-7,0,4.3409708,1047.5,30.1,0.18678674
1193,3702.8,21,-1.1,4.4174404,1047.8,30.1,0.18655384
1186,3702.8,-7,0,4.3915208,1048.1,30.1,0.18632094
1175,3702.9,-11,0.1,4.3509075,1048.4,30.1,0.18608804
1187,3702.1,12,-0.8,4.3943927,1048.8,30.1,0.1857775
1173.9,3702.3,-13.1,0.2,4.34613,1049.1,30.1,0.1855446
1183,3701.7,9.1,-0.6,4.3791111,1049.4,30.1,0.1853117
1177.9,3701.6,-5.1,-0.1,4.3601146,1049.8,30.1,0.18500116
1201.1,3700.4,23.2,-1.2,4.4445504,1050.1,30.1,0.18476826
1180,3700.9,-21.1,0.5,4.367062,1050.4,30.1,0.18453536
1192.1,3700.2,12.1,-0.7,4.4110084,1050.8,30.1,0.18422483
1196.9,3699.7,4.8,-0.5,4.4281709,1051.1,30.1,0.18399193
1196.1,3699.4,-0.8,-0.3,4.4248523,1051.4,30.1,0.18375902
1190,3699.4,-6.1,0,4.402286,1051.7,30.1,0.18352612
1181.1,3699.5,-8.9,0.1,4.3694795,1052.1,30.1,0.18321559
1199.9,3698.5,18.8,-1,4.4378301,1052.4,30.1,0.18298269
1180.2,3699,-19.7,0.5,4.3655598,1052.7,30.1,0.18274979
1176.9,3698.9,-3.3,-0.1,4.3532354,1053.1,30.1,0.18243925
1192.1,3698.1,15.2,-0.8,4.408505,1053.4,30.1,0.18220635
1182.9,3698.1,-9.2,0,4.3744825,1053.7,30.1,0.18197345
1170.2,3698.4,-12.7,0.3,4.3278677,1054,30.1,0.18174055
1184.9,3697.6,14.7,-0.8,4.3812862,1054.4,30.1,0.18143001
1188.1,3697.2,3.2,-0.4,4.3926433,1054.7,30.1,0.18119711
1173.9,3697.5,-14.2,0.3,4.3404952,1055,30.1,0.18096421
1182,3697,8.1,-0.5,4.369854,1055.4,30.1,0.18065368
1188.9,3696.4,6.9,-0.6,4.39465,1055.7,30.1,0.18042077
1186,3696.3,-2.9,-0.1,4.3838118,1056,30.1,0.18018787
1181.9,3696.2,-4.1,-0.1,4.3685388,1056.4,30.1,0.17987734
1170,3696.5,-11.9,0.3,4.324905,1056.7,30.1,0.17964444
1178.9,3695.9,8.9,-0.6,4.3570965,1057,30.1,0.17941154
1194,3695.1,15.1,-0.8,4.4119494,1057.3,30.1,0.17917864
1184.9,3695.2,-9.1,0.1,4.3784425,1057.7,30.1,0.1788681
1196.9,3694.5,12,-0.7,4.421947,1058,30.1,0.1786352
1184,3694.8,-12.9,0.3,4.3746432,1058.3,30.1,0.1784023
1192.9,3694.2,8.9,-0.6,4.4068112,1058.7,30.1,0.17809176
1180.1,3694.5,-12.8,0.3,4.3598795,1059,30.1,0.17785886
1178.9,3694.4,-1.2,-0.1,4.3553282,1059.3,30.1,0.17762596
1198,3693.4,19.1,-1,4.4246932,1059.6,30.1,0.17739306
1175,3694,-23,0.6,4.34045,1060,30.1,0.17708252
1188,3693.3,13,-0.7,4.3876404,1060.3,30.1,0.17684962
1189.1,3693.1,1.1,-0.2,4.3914652,1060.6,30.1,0.17661672
1180,3693.2,-9.1,0.1,4.357976,1061,30.2,0.17630619
1167,3693.5,-13,0.3,4.3103145,1061.3,30.2,0.17607329
1187,3692.6,20,-0.9,4.3831162,1061.6,30.2,0.17584039
1180,3692.6,-7,0,4.357268,1061.9,30.2,0.17560748
1206,3691.4,26,-1.2,4.4518284,1062.3,30.2,0.17529695
1177,3692.3,-29,0.9,4.3458371,1062.6,30.2,0.17506405
1174,3692.2,-3,-0.1,4.3346428,1062.9,30.2,0.17483115
1187.9,3691.5,13.9,-0.7,4.3851328,1063.3,30.2,0.17452061
1183.1,3691.5,-4.8,0,4.3674137,1063.6,30.2,0.17428771
1187,3691.1,3.9,-0.4,4.3813357,1063.9,30.2,0.17405481
1180.9,3691.1,-6.1,0,4.35882,1064.2,30.2,0.17382191
1175.1,3691.2,-5.8,0.1,4.3375291,1064.6,30.2,0.17351137
1187.9,3690.5,12.8,-0.7,4.383945,1064.9,30.2,0.17327847
1182.9,3690.5,-5,0,4.3654925,1065.2,30.2,0.17304557
1350,3683.7,167.1,-6.8,4.972995,1065.6,30.2,0.17273504
1511.9,3676.9,161.9,-6.8,5.5591051,1066,30.2,0.1724245
1512,3676.2,0.1,-0.7,5.5584144,1066.4,30.2,0.17211397
1518.1,3675.4,6.1,-0.8,5.5796247,1066.9,30.2,0.1717258
1522,3674.7,3.9,-0.7,5.5928934,1067.3,30.2,0.17141526
1525.9,3674,3.9,-0.7,5.6061566,1067.7,30.2,0.17110473
1517,3673.9,-8.9,-0.1,5.5733063,1068.1,30.2,0.17079419
1521.1,3673.3,4.1,-0.6,5.5874566,1068.6,30.2,0.17040602
1506,3673.5,-15.1,0.2,5.532291,1069,30.2,0.17009549
1509,3672.9,3,-0.6,5.5424061,1069.4,30.2,0.16978495
1498,3672.9,-11,0,5.5020042,1069.8,30.2,0.16947442
1509,3672.1,11,-0.8,5.5411989,1070.2,30.2,0.16916388
1525,3671,16,-1.1,5.598275,1070.7,30.2,0.16877572
1523,3670.7,-2,-0.3,5.5904761,1071.1,30.2,0.16846518
1513.1,3670.7,-9.9,0,5.5541362,1071.5,30.2,0.16815465
1507.1,3670.5,-6,-0.2,5.5318106,1071.9,30.2,0.16784411
1521,3669.6,13.9,-0.9,5.5814616,1072.3,30.2,0.16753358
1529,3668.9,8,-0.7,5.6097481,1072.8,30.2,0.16714541
1520,3668.9,-9,0,5.576728,1073.2,30.2,0.16683487
1512.1,3668.8,-7.9,-0.1,5.5475925,1073.6,30.2,0.16652434
1503.1,3668.8,-9,0,5.5145733,1074,30.2,0.1662138
1518,3667.9,14.9,-0.9,5.5678722,1074.4,30.2,0.16590327
1518,3667.5,0,-0.4,5.567265,1074.9,30.2,0.1655151
1514,3667.4,-4,-0.1,5.5524436,1075.3,30.2,0.16520456
1534,3666.2,20,-1.2,5.6239508,1075.7,30.2,0.16489403
1514,3666.7,-20,0.5,5.5513838,1076.1,30.2,0.1645835
1511.1,3666.5,-2.9,-0.2,5.5404482,1076.6,30.2,0.16419533
1500,3666.6,-11.1,0.1,5.4999,1077,30.2,0.16388479
1515,3665.7,15,-0.9,5.5535355,1077.4,30.2,0.16357426
1508,3665.6,-7,-0.1,5.5277248,1077.8,30.2,0.16326372
1513.9,3665.1,5.9,-0.5,5.5485949,1078.2,30.2,0.16295319
1511,3664.9,-2.9,-0.2,5.5376639,1078.6,30.2,0.16264265
1507.1,3664.7,-3.9,-0.2,5.5230694,1079.1,30.2,0.16225448
1513,3664.2,5.9,-0.5,5.5439346,1079.5,30.2,0.16194395
1503,3664.3,-10,0.1,5.5074429,1079.9,30.2,0.16163341
1518,3663.4,15,-0.9,5.5610412,1080.3,30.2,0.16132288
1513.1,3663.3,-4.9,-0.1,5.5429392,1080.7,30.2,0.16101234
1507,3663.3,-6.1,0,5.5205931,1081.2,30.2,0.16062418
1521,3662.4,14,-0.9,5.5705104,1081.6,30.2,0.16031364
1492.1,3663.3,-28.9,0.9,5.4660099,1082,30.2,0.16000311
1519,3662,26.9,-1.3,5.562578,1082.4,30.2,0.15969257
1523.8,3661.5,4.8,-0.5,5.5793937,1082.8,30.2,0.15938204
1513.1,3661.6,-10.7,0.1,5.540367,1083.3,30.2,0.15899387
1504,3661.7,-9.1,0.1,5.5071968,1083.7,30.2,0.15868333
1501.1,3661.5,-2.9,-0.2,5.4962777,1084.1,30.2,0.1583728
1514.9,3660.7,13.8,-0.8,5.5455944,1084.5,30.2,0.15806226
1502,3660.9,-12.9,0.2,5.4986718,1084.9,30.2,0.15775173
1535.2,3659.3,33.2,-1.6,5.6177574,1085.4,30.2,0.15736356
1517,3659.8,-18.2,0.5,5.5519166,1085.8,30.2,0.15705302
1508.1,3659.8,-8.9,0,5.5193444,1086.2,30.2,0.15674249
1504,3659.7,-4.1,-0.1,5.5041888,1086.6,30.2,0.15643195
1524.1,3658.7,20.1,-1,5.5762247,1087,30.2,0.15612142
1496.2,3659.5,-27.9,0.8,5.4753439,1087.5,30.2,0.15573325
1512,3658.6,15.8,-0.9,5.5318032,1087.9,30.2,0.15542272
1500,3658.8,-12,0.2,5.4882,1088.3,30.2,0.15511218
1499.9,3658.6,-0.1,-0.2,5.4875341,1088.7,30.2,0.15480165
1520.9,3657.5,21,-1.1,5.5626917,1089.1,30.2,0.15449111
1535,3656.7,14.1,-0.8,5.6130345,1089.6,30.2,0.15410294
1499,3657.8,-36,1.1,5.4830422,1090,30.2,0.15379241
1512.9,3657,13.9,-0.8,5.5326753,1090.4,30.2,0.15348187
1522,3656.4,9.1,-0.6,5.5650408,1090.8,30.2,0.15317134
1512.9,3656.5,-9.1,0.1,5.5319188,1091.2,30.2,0.1528608
1498.1,3656.8,-14.8,0.3,5.4782521,1091.7,30.2,0.15247263
1514.9,3655.9,16.8,-0.9,5.5383229,1092.1,30.2,0.1521621
1516.1,3655.6,1.2,-0.3,5.5422552,1092.5,30.2,0.15185156
1504,3655.8,-12.1,0.2,5.4983232,1092.9,30.2,0.15154103
1495.1,3655.9,-8.9,0.1,5.4659361,1093.3,30.2,0.15123049
1515.9,3654.9,20.8,-1,5.5404629,1093.8,30.2,0.15084233
1513,3654.8,-2.9,-0.1,5.5297124,1094.2,30.2,0.15053179
1517.9,3654.3,4.9,-0.5,5.546862,1094.6,30.2,0.15022126
1499.1,3654.8,-18.8,0.5,5.4789107,1095,30.2,0.14991072
1518.9,3653.8,19.8,-1,5.5497568,1095.4,30.2,0.14960019
1506,3654,-12.9,0.2,5.502924,1095.9,30.2,0.14921202
1519.9,3653.2,13.9,-0.8,5.5524987,1096.3,30.2,0.14890148
1517.1,3653,-2.8,-0.2,5.5419663,1096.7,30.2,0.14859095
1497,3653.6,-20.1,0.6,5.4694392,1097.1,30.3,0.14828041
1505.1,3653,8.1,-0.6,5.4981303,1097.5,30.3,0.14796988
1515.9,3652.4,10.8,-0.6,5.5366732,1098,30.3,0.14758171
1517.1,3652.1,1.2,-0.3,5.5406009,1098.4,30.3,0.14727117
1508,3652.2,-9.1,0.1,5.5075176,1098.8,30.3,0.14696064
1502.1,3652.1,-5.9,-0.1,5.4858194,1099.2,30.3,0.1466501
1511.9,3651.5,9.8,-0.6,5.5207029,1099.6,30.3,0.14633957
1521,3650.9,9.1,-0.6,5.5530189,1100.1,30.3,0.1459514
1504.9,3651.3,-16.1,0.4,5.4948414,1100.5,30.3,0.14564087
1525.1,3650.2,20.2,-1.1,5.56692,1100.9,30.3,0.14533033
1503,3650.8,-22.1,0.6,5.4871524,1101.3,30.3,0.1450198
1516,3650.1,13,-0.7,5.5335516,1101.7,30.3,0.14470926
1495,3650.7,-21,0.6,5.4577965,1102.2,30.3,0.14432109
1513.1,3649.7,18.1,-1,5.5223611,1102.6,30.3,0.14401056
1493,3650.3,-20.1,0.6,5.4498979,1103,30.3,0.14370002
1512.1,3649.3,19.1,-1,5.5181065,1103.4,30.3,0.14338949
1521,3648.7,8.9,-0.6,5.5496727,1103.8,30.3,0.14307895
1509,3648.8,-12,0.1,5.5060392,1104.2,30.3,0.14276842
756,3678.6,-753,29.8,2.7810216,1104.5,30.3,0.14253552
0,3710.5,-756,31.9,0,1104.5,30.3,0.14253552
0,3712.7,0,2.2,0,1104.5,30.3,0.14253552
0,3714.4,0,1.7,0,1104.5,30.3,0.14253552
0,3716,0,1.6,0,1104.5,30.3,0.14253552
0,3717.4,0,1.4,0,1104.5,30.3,0.14253552
0,3718.7,0,1.3,0,1104.5,30.3,0.14253552
0,3719.8,0,1.1,0,1104.5,30.3,0.14253552
0,3721,0,1.2,0,1104.5,30.3,0.14253552
0,3722,0,1,0,1104.5,30.3,0.14253552
0,3723,0,1,0,1104.5,30.3,0.14253552
0,3724,0,1,0,1104.5,30.3,0.14253552
0,3724.9,0,0.9,0,1104.5,30.3,0.14253552
0,3725.8,0,0.9,0,1104.5,30.3,0.14253552
0,3726.6,0,0.8,0,1104.5,30.3,0.14253552
0,3727.4,0,0.8,0,1104.5,30.3,0.14253552
0,3728.2,0,0.8,0,1104.5,30.3,0.14253552
0,3728.9,0,0.7,0,1104.5,30.3,0.14253552
0,3729.6,0,0.7,0,1104.5,30.3,0.14253552
0,3730.3,0,0.7,0,1104.5,30.3,0.14253552
0,3731,0,0.7,0,1104.5,30.3,0.14253552
0,3731.6,0,0.6,0,1104.5,30.3,0.14253552
0,3732.2,0,0.6,0,1104.5,30.3,0.14253552
0,3732.9,0,0.7,0,1104.5,30.3,0.14253552
0,3733.4,0,0.5,0,1104.5,30.3,0.14253552
0,3734,0,0.6,0,1104.5,30.3,0.14253552
0,3734.6,0,0.6,0,1104.5,30.3,0.14253552
0,3735.1,0,0.5,0,1104.5,30.3,0.14253552
0,3735.6,0,0.5,0,1104.5,30.3,0.14253552
0,3736.1,0,0.5,0,1104.5,30.3,0.14253552
0,3736.6,0,0.5,0,1104.5,30.3,0.14253552
0,3737.1,0,0.5,0,1104.5,30.3,0.14253552
0,3737.6,0,0.5,0,1104.5,30.3,0.14253552
0,3738,0,0.4,0,1104.5,30.3,0.14253552
0,3738.4,0,0.4,0,1104.5,30.3,0.14253552
0,3738.8,0,0.4,0,1104.5,30.3,0.14253552
0,3739.2,0,0.4,0,1104.5,30.3,0.14253552
0,3739.6,0,0.4,0,1104.5,30.3,0.14253552
0,3740.1,0,0.5,0,1104.5,30.3,0.14253552
0,3740.4,0,0.3,0,1104.5,30.3,0.14253552
0,3740.8,0,0.4,0,1104.5,30.3,0.14253552
0,3741.1,0,0.3,0,1104.5,30.3,0.14253552
0,3741.5,0,0.4,0,1104.5,30.2,0.14253552
0,3741.8,0,0.3,0,1104.5,30.3,0.14253552
0,3742.1,0,0.3,0,1104.5,30.2,0.14253552
0,3742.5,0,0.4,0,1104.5,30.2,0.14253552
0,3742.7,0,0.2,0,1104.5,30.2,0.14253552
0,3743.1,0,0.4,0,1104.5,30.2,0.14253552
0,3743.4,0,0.3,0,1104.5,30.2,0.14253552
0,3743.6,0,0.2,0,1104.5,30.2,0.14253552
0,3743.9,0,0.3,0,1104.5,30.2,0.14253552
0,3744.2,0,0.3,0,1104.5,30.2,0.14253552
0,3744.5,0,0.3,0,1104.5,30.2,0.14253552
0,3744.8,0,0.3,0,1104.5,30.2,0.14253552
0,3745,0,0.2,0,1104.5,30.2,0.14253552
0,3745.3,0,0.3,0,1104.5,30.2,0.14253552
0,3745.5,0,0.2,0,1104.5,30.2,0.14253552
0,3745.7,0,0.2,0,1104.5,30.2,0.14253552
0,3746,0,0.3,0,1104.5,30.2,0.14253552
0,3746.2,0,0.2,0,1104.5,30.2,0.14253552
0,3746.4,0,0.2,0,1104.5,30.2,0.14253552
0,3746.7,0,0.3,0,1104.5,30.2,0.14253552
0,3746.9,0,0.2,0,1104.5,30.2,0.14253552
0,3747.1,0,0.2,0,1104.5,30.2,0.14253552
0,3747.3,0,0.2,0,1104.5,30.2,0.14253552
0,3747.5,0,0.2,0,1104.5,30.2,0.14253552
0,3747.7,0,0.2,0,1104.5,30.2,0.14253552
0,3747.9,0,0.2,0,1104.5,30.2,0.14253552
0,3748.1,0,0.2,0,1104.5,30.2,0.14253552
0,3748.2,0,0.1,0,1104.5,30.2,0.14253552
0,3748.4,0,0.2,0,1104.5,30.2,0.14253552
0,3748.6,0,0.2,0,1104.5,30.2,0.14253552
0,3748.8,0,0.2,0,1104.5,30.2,0.14253552
0,3748.9,0,0.1,0,1104.5,30.2,0.14253552
0,3749.1,0,0.2,0,1104.5,30.2,0.14253552
0,3749.3,0,0.2,0,1104.5,30.2,0.14253552
0,3749.4,0,0.1,0,1104.5,30.2,0.14253552
0,3749.6,0,0.2,0,1104.5,30.2,0.14253552
0,3749.7,0,0.1,0,1104.5,30.2,0.14253552
0,3749.8,0,0.1,0,1104.5,30.2,0.14253552
0,3750,0,0.2,0,1104.5,30.2,0.14253552
0,3750.1,0,0.1,0,1104.5,30.2,0.14253552
0,3750.3,0,0.2,0,1104.5,30.2,0.14253552
0,3750.4,0,0.1,0,1104.5,30.2,0.14253552
0,3750.6,0,0.2,0,1104.5,30.2,0.14253552
0,3750.7,0,0.1,0,1104.5,30.2,0.14253552
0,3750.8,0,0.1,0,1104.5,30.2,0.14253552
0,3750.9,0,0.1,0,1104.5,30.2,0.14253552
0,3751.1,0,0.2,0,1104.5,30.2,0.14253552
0,3751.2,0,0.1,0,1104.5,30.2,0.14253552
0,3751.3,0,0.1,0,1104.5,30.2,0.14253552
0,3751.4,0,0.1,0,1104.5,30.2,0.14253552
0,3751.5,0,0.1,0,1104.5,30.2,0.14253552
0,3751.6,0,0.1,0,1104.5,30.2,0.14253552
0,3751.7,0,0.1,0,1104.5,30.2,0.14253552
0,3751.9,0,0.2,0,1104.5,30.2,0.14253552
0,3752,0,0.1,0,1104.5,30.2,0.14253552
0,3752.1,0,0.1,0,1104.5,30.2,0.14253552
0,3752.2,0,0.1,0,1104.5,30.2,0.14253552
0,3752.3,0,0.1,0,1104.5,30.2,0.14253552
0,3752.4,0,0.1,0,1104.5,30.2,0.14253552
0,3752.5,0,0.1,0,1104.5,30.2,0.14253552
0,3752.6,0,0.1,0,1104.5,30.2,0.14253552
0,3752.7,0,0.1,0,1104.5,30.2,0.14253552
0,3752.8,0,0.1,0,1104.5,30.1,0.14253552
0,3752.9,0,0.1,0,1104.5,30.1,0.14253552
0,3753,0,0.1,0,1104.5,30.1,0.14253552
0,3753.1,0,0.1,0,1104.5,30.1,0.14253552
0,3753.2,0,0.1,0,1104.5,30.1,0.14253552
0,3753.3,0,0.1,0,1104.5,30.1,0.14253552
0,3753.3,0,0,0,1104.5,30.1,0.14253552
0,3753.4,0,0.1,0,1104.5,30.1,0.14253552
0,3753.5,0,0.1,0,1104.5,30.1,0.14253552
0,3753.6,0,0.1,0,1104.5,30.1,0.14253552
0,3753.7,0,0.1,0,1104.5,30.1,0.14253552
0,3753.7,0,0,0,1104.5,30.1,0.14253552
0,3753.8,0,0.1,0,1104.5,30.1,0.14253552
0,3753.9,0,0.1,0,1104.5,30.1,0.14253552
0,3753.9,0,0,0,1104.5,30.1,0.14253552
0,3754.1,0,0.2,0,1104.5,30.1,0.14253552
0,3754.1,0,0,0,1104.5,30.1,0.14253552
0,3754.2,0,0.1,0,1104.5,30.1,0.14253552
0,3754.2,0,0,0,1104.5,30.1,0.14253552
0,3754.3,0,0.1,0,1104.5,30.1,0.14253552
0,3754.4,0,0.1,0,1104.5,30.1,0.14253552
0,3754.5,0,0.1,0,1104.5,30.1,0.14253552
0,3754.5,0,0,0,1104.5,30.1,0.14253552
0,3754.6,0,0.1,0,1104.5,30.1,0.14253552
0,3754.7,0,0.1,0,1104.5,30.1,0.14253552
0,3754.8,0,0.1,0,1104.5,30.1,0.14253552
0,3754.8,0,0,0,1104.5,30.1,0.14253552
0,3754.9,0,0.1,0,1104.5,30.1,0.14253552
0,3754.9,0,0,0,1104.5,30.1,0.14253552
0,3755,0,0.1,0,1104.5,30.1,0.14253552
0,3755,0,0,0,1104.5,30.1,0.14253552
0,3755.1,0,0.1,0,1104.5,30.1,0.14253552
0,3755.2,0,0.1,0,1104.5,30.1,0.14253552
0,3755.2,0,0,0,1104.5,30.1,0.14253552
0,3755.3,0,0.1,0,1104.5,30.1,0.14253552
0,3755.4,0,0.1,0,1104.5,30.1,0.14253552
0,3755.4,0,0,0,1104.5,30.1,0.14253552
0,3755.5,0,0.1,0,1104.5,30.1,0.14253552
0,3755.5,0,0,0,1104.5,30.1,0.14253552
0,3755.6,0,0.1,0,1104.5,30.1,0.14253552
0,3755.6,0,0,0,1104.5,30.1,0.14253552
0,3755.6,0,0,0,1104.5,30.1,0.14253552
0,3755.7,0,0.1,0,1104.5,30.1,0.14253552
0,3755.7,0,0,0,1104.5,30.1,0.14253552
0,3755.9,0,0.2,0,1104.5,30.1,0.14253552
0,3755.9,0,0,0,1104.5,30.1,0.14253552
0,3755.9,0,0,0,1104.5,30.1,0.14253552
0,3756,0,0.1,0,1104.5,30.1,0.14253552
0,3756,0,0,0,1104.5,30.1,0.14253552
0,3756.1,0,0.1,0,1104.5,30.1,0.14253552
0,3756.1,0,0,0,1104.5,30.1,0.14253552
0,3756.2,0,0.1,0,1104.5,30.1,0.14253552
0,3756.2,0,0,0,1104.5,30.1,0.14253552
0,3756.3,0,0.1,0,1104.5,30.1,0.14253552
0,3756.3,0,0,0,1104.5,30.1,0.14253552
0,3756.4,0,0.1,0,1104.5,30.1,0.14253552
0,3756.4,0,0,0,1104.5,30.1,0.14253552
0,3756.4,0,0,0,1104.5,30.1,0.14253552
0,3756.5,0,0.1,0,1104.5,30.1,0.14253552
0,3756.6,0,0.1,0,1104.5,30.1,0.14253552
0,3756.6,0,0,0,1104.5,30.1,0.14253552
0,3756.6,0,0,0,1104.5,30.1,0.14253552
0,3756.7,0,0.1,0,1104.5,30.1,0.14253552
0,3756.7,0,0,0,1104.5,30.1,0.14253552
0,3756.7,0,0,0,1104.5,30.1,0.14253552
0,3756.8,0,0.1,0,1104.5,30.1,0.14253552
0,3756.8,0,0,0,1104.5,30.1,0.14253552
0,3756.9,0,0.1,0,1104.5,30.1,0.14253552
0,3756.9,0,0,0,1104.5,30.1,0.14253552
0,3757,0,0.1,0,1104.5,30.1,0.14253552
0,3757,0,0,0,1104.5,30.1,0.14253552
0,3757,0,0,0,1104.5,30.1,0.14253552
0,3757.1,0,0.1,0,1104.5,30.1,0.14253552
0,3757.1,0,0,0,1104.5,30.1,0.14253552
0,3757.2,0,0.1,0,1104.5,30.1,0.14253552
0,3757.2,0,0,0,1104.5,30.1,0.14253552
0,3757.2,0,0,0,1104.5,30,0.14253552
0,3757.3,0,0.1,0,1104.5,30,0.14253552
0,3757.3,0,0,0,1104.5,30,0.14253552
0,3757.3,0,0,0,1104.5,30,0.14253552
0,3757.4,0,0.1,0,1104.5,30,0.14253552
0,3757.4,0,0,0,1104.5,30,0.14253552
0,3757.4,0,0,0,1104.5,30,0.14253552
0,3757.5,0,0.1,0,1104.5,30,0.14253552
0,3757.5,0,0,0,1104.5,30,0.14253552
0,3757.6,0,0.1,0,1104.5,30,0.14253552
0,3757.6,0,0,0,1104.5,30,0.14253552
0,3757.6,0,0,0,1104.5,30,0.14253552
0,3757.6,0,0,0,1104.5,30,0.14253552
0,3757.7,0,0.1,0,1104.5,30,0.14253552
0,3757.7,0,0,0,1104.5,30,0.14253552
0,3757.7,0,0,0,1104.5,30,0.14253552
798.9,3725.4,798.9,-32.3,2.9762221,1104.7,30,0.14238025
1599.9,3692.2,801,-33.2,5.9071508,1105.1,30,0.14206972
1585.9,3690.1,-14,-2.1,5.8521296,1105.6,30,0.14168155
1594,3687.6,8.1,-2.5,5.8780344,1106,30,0.14137101
1586,3686,-8,-1.6,5.845996,1106.4,30,0.14106048
1603,3683.5,17,-2.5,5.9046505,1106.9,30,0.14067231
1595.9,3682,-7.1,-1.5,5.8761038,1107.3,30,0.14036177
1593.1,3680.5,-2.8,-1.5,5.8634045,1107.8,30,0.1399736
1598.9,3678.7,5.8,-1.8,5.8818734,1108.2,30,0.13966307
1591,3677.6,-7.9,-1.1,5.8510616,1108.7,30,0.1392749
1588,3676.3,-3,-1.3,5.8379644,1109.1,30,0.13896437
1604,3674.3,16,-2,5.8935772,1109.6,30,0.1385762
1600,3673.1,-4,-1.2,5.87696,1110,30,0.13826566
1594.1,3672.1,-5.9,-1,5.8536946,1110.4,30,0.13795513
1602.9,3670.5,8.8,-1.6,5.8834444,1110.9,30,0.13756696
1597.1,3669.6,-5.8,-0.9,5.8607182,1111.3,30,0.13725642
1609.9,3668,12.8,-1.6,5.9051132,1111.8,30,0.13686826
1598.1,3667.3,-11.8,-0.7,5.8607121,1112.2,30,0.13655772
1601.9,3666.2,3.8,-1.1,5.8728858,1112.7,30,0.13616955
1597,3665.3,-4.9,-0.9,5.8534841,1113.1,30,0.13585902
1605,3664.1,8,-1.2,5.8808805,1113.6,30,0.13547085
1586.9,3663.8,-18.1,-0.3,5.8140842,1114,30,0.13516031
1594.1,3662.7,7.2,-1.1,5.8387101,1114.4,30,0.13484978
1595.9,3661.8,1.8,-0.9,5.8438666,1114.9,30,0.13446161
1595,3660.9,-0.9,-0.9,5.8391355,1115.3,30,0.13415108
1604,3659.8,9,-1.1,5.8703192,1115.8,30,0.13376291
1600,3659.1,-4,-0.7,5.85456,1116.2,30,0.13345237
1604.1,3658.1,4.1,-1,5.8679582,1116.7,30,0.1330642
1585.1,3658.2,-19,0.1,5.7986128,1117.1,30,0.13275367
1603.1,3656.7,18,-1.5,5.8620558,1117.5,30,0.13244313
1588,3656.6,-15.1,-0.1,5.8066808,1118,30,0.13205496
1592.1,3655.7,4.1,-0.9,5.82024,1118.4,30,0.13174443
1597.9,3654.8,5.8,-0.9,5.8400049,1118.9,30,0.13135626
1591.1,3654.4,-6.8,-0.4,5.8145158,1119.3,30,0.13104573
1594,3653.6,2.9,-0.8,5.8238384,1119.8,30,0.13065756
1591.1,3653,-2.9,-0.6,5.8122883,1120.2,30,0.13034702
1587,3652.6,-4.1,-0.4,5.7966762,1120.6,30,0.13003649
1598,3651.5,11,-1.1,5.835097,1121.1,30,0.12964832
1598,3650.9,0,-0.6,5.8341382,1121.5,30,0.12933778
1591,3650.6,-7,-0.3,5.8081046,1122,30,0.12894962
1597,3649.7,6,-0.9,5.8285709,1122.4,30,0.12863908
1590,3649.4,-7,-0.3,5.802546,1122.9,30,0.12825091
1609,3648,19,-1.4,5.869632,1123.3,30,0.12794038
1597,3647.9,-12,-0.1,5.8256963,1123.7,30,0.12762984
1604.9,3647,7.9,-0.9,5.8530703,1124.2,30,0.12724167
1588,3647.1,-16.9,0.1,5.7915948,1124.6,30,0.12693114
1598,3646.2,10,-0.9,5.8266276,1125.1,30.1,0.12654297
1598,3645.6,0,-0.6,5.8256688,1125.5,30.1,0.12623244
1599.9,3645,1.9,-0.6,5.8316355,1126,30.1,0.12584427
1587.1,3645,-12.8,0,5.7849795,1126.4,30.1,0.12553373
1590.9,3644.3,3.8,-0.7,5.7977169,1126.8,30.1,0.1252232
1604.1,3643.2,13.2,-1.1,5.8440571,1127.3,30.1,0.12483503
1587.1,3643.4,-17,0.2,5.7824401,1127.7,30.1,0.12452449
1597,3642.5,9.9,-0.9,5.8170725,1128.2,30.1,0.12413632
1613,3641.3,16,-1.2,5.8734169,1128.6,30.1,0.12382579
1590,3641.7,-23,0.4,5.790303,1129.1,30.1,0.12343762
1599.9,3640.8,9.9,-0.9,5.8249159,1129.5,30.1,0.12312709
1596,3640.4,-3.9,-0.4,5.8100784,1130,30.1,0.12273892
1593,3640,-3,-0.4,5.79852,1130.4,30.1,0.12242838
1605,3639,12,-1,5.840595,1130.8,30.1,0.12211785
1603.1,3638.6,-1.9,-0.4,5.8330397,1131.3,30.1,0.12172968
1604.9,3638,1.8,-0.6,5.8386262,1131.7,30.1,0.12141914
1609.1,3637.4,4.2,-0.6,5.8529403,1132.2,30.1,0.12103098
1611.9,3636.8,2.8,-0.6,5.8621579,1132.6,30.1,0.12072044
1587,3637.3,-24.9,0.5,5.7723951,1133.1,30.1,0.12033227
1606.8,3636,19.8,-1.3,5.8423248,1133.5,30.1,0.12002174
1582.1,3636.5,-24.7,0.5,5.7533066,1134,30.1,0.11963357
1595.9,3635.6,13.8,-0.9,5.802054,1134.4,30.1,0.11932303
1603.1,3634.8,7.2,-0.8,5.8269479,1134.8,30.1,0.1190125
1610.9,3633.9,7.8,-0.9,5.8538495,1135.3,30.1,0.11862433
1571.1,3635.1,-39.8,1.2,5.7111056,1135.7,30.1,0.1183138
1600,3633.5,28.9,-1.6,5.8136,1136.2,30.1,0.11792563
1588.1,3633.5,-11.9,0,5.7703614,1136.6,30.1,0.11761509
1584,3633.2,-4.1,-0.3,5.7549888,1137.1,30.1,0.11722692
1611,3631.7,27,-1.5,5.8506687,1137.5,30.1,0.11691639
1606,3631.4,-5,-0.3,5.8320284,1137.9,30.1,0.11660585
1591.1,3631.5,-14.9,0.1,5.7780796,1138.4,30.1,0.11621768
1600.9,3630.7,9.8,-0.8,5.8123876,1138.8,30.1,0.11590715
1599.1,3630.3,-1.8,-0.4,5.8052127,1139.3,30.1,0.11551898
1595,3630,-4.1,-0.3,5.78985,1139.7,30.1,0.11520845
1598,3629.4,3,-0.6,5.7997812,1140.2,30.1,0.11482028
799,3661.4,-799,32,2.9254586,1140.4,30.1,0.11466501
0,3695.5,-799,34.1,0,1140.4,30.1,0.11466501
0,3698,0,2.5,0,1140.4,30.1,0.11466501
0,3699.9,0,1.9,0,1140.4,30.1,0.11466501
0,3701.7,0,1.8,0,1140.4,30.1,0.11466501
0,3703.2,0,1.5,0,1140.4,30.1,0.11466501
0,3704.6,0,1.4,0,1140.4,30.1,0.11466501
0,3705.9,0,1.3,0,1140.4,30.1,0.11466501
0,3707.2,0,1.3,0,1140.4,30.1,0.11466501
0,3708.4,0,1.2,0,1140.4,30.1,0.11466501
0,3709.5,0,1.1,0,1140.4,30.1,0.11466501
0,3710.6,0,1.1,0,1140.4,30.1,0.11466501
0,3711.6,0,1,0,1140.4,30.1,0.11466501
0,3712.5,0,0.9,0,1140.4,30.1,0.11466501
0,3713.5,0,1,0,1140.4,30.1,0.11466501
0,3714.3,0,0.8,0,1140.4,30.1,0.11466501
0,3715.2,0,0.9,0,1140.4,30.1,0.11466501
0,3716,0,0.8,0,1140.4,30.1,0.11466501
0,3716.8,0,0.8,0,1140.4,30.1,0.11466501
0,3717.5,0,0.7,0,1140.4,30.1,0.11466501
0,3718.2,0,0.7,0,1140.4,30.1,0.11466501
0,3718.9,0,0.7,0,1140.4,30.1,0.11466501
0,3719.6,0,0.7,0,1140.4,30.1,0.11466501
0,3720.3,0,0.7,0,1140.4,30.1,0.11466501
0,3720.9,0,0.6,0,1140.4,30.1,0.11466501
0,3721.5,0,0.6,0,1140.4,30.1,0.11466501
0,3722.1,0,0.6,0,1140.4,30.1,0.11466501
0,3722.7,0,0.6,0,1140.4,30.1,0.11466501
0,3723.2,0,0.5,0,1140.4,30.1,0.11466501
0,3723.8,0,0.6,0,1140.4,30.1,0.11466501
0,3724.3,0,0.5,0,1140.4,30.1,0.11466501
0,3724.8,0,0.5,0,1140.4,30.1,0.11466501
0,3725.3,0,0.5,0,1140.4,30.1,0.11466501
0,3725.8,0,0.5,0,1140.4,30.1,0.11466501
0,3726.2,0,0.4,0,1140.4,30.1,0.11466501
0,3726.7,0,0.5,0,1140.4,30.1,0.11466501
0,3727.1,0,0.4,0,1140.4,30.1,0.11466501
0,3727.6,0,0.5,0,1140.4,30.1,0.11466501
0,3728,0,0.4,0,1140.4,30.1,0.11466501
0,3728.4,0,0.4,0,1140.4,30.1,0.11466501
0,3728.8,0,0.4,0,1140.4,30.1,0.11466501
0,3729.2,0,0.4,0,1140.4,30.1,0.11466501
0,3729.5,0,0.3,0,1140.4,30.1,0.11466501
0,3729.9,0,0.4,0,1140.4,30.1,0.11466501
0,3730.2,0,0.3,0,1140.4,30.1,0.11466501
0,3730.6,0,0.4,0,1140.4,30.1,0.11466501
0,3730.9,0,0.3,0,1140.4,30.1,0.11466501
0,3731.2,0,0.3,0,1140.4,30.1,0.11466501
0,3731.5,0,0.3,0,1140.4,30.1,0.11466501
0,3731.9,0,0.4,0,1140.4,30.1,0.11466501
0,3732.2,0,0.3,0,1140.4,30.1,0.11466501
0,3732.4,0,0.2,0,1140.4,30.1,0.11466501
0,3732.8,0,0.4,0,1140.4,30.1,0.11466501
0,3733,0,0.2,0,1140.4,30.1,0.11466501
0,3733.3,0,0.3,0,1140.4,30.1,0.11466501
0,3733.5,0,0.2,0,1140.4,30.1,0.11466501
0,3733.8,0,0.3,0,1140.4,30.1,0.11466501
0,3734,0,0.2,0,1140.4,30.1,0.11466501
0,3734.3,0,0.3,0,1140.4,30.1,0.11466501
0,3734.5,0,0.2,0,1140.4,30.1,0.11466501
0,3734.8,0,0.3,0,1140.4,30.1,0.11466501
0,3735,0,0.2,0,1140.4,30.1,0.11466501
0,3735.3,0,0.3,0,1140.4,30.1,0.11466501
0,3735.4,0,0.1,0,1140.4,30.1,0.11466501
0,3735.7,0,0.3,0,1140.4,30.1,0.11466501
0,3735.9,0,0.2,0,1140.4,30.1,0.11466501
0,3736.1,0,0.2,0,1140.4,30.1,0.11466501
0,3736.3,0,0.2,0,1140.4,30.1,0.11466501
0,3736.5,0,0.2,0,1140.4,30.1,0.11466501
0,3736.7,0,0.2,0,1140.4,30.1,0.11466501
0,3736.8,0,0.1,0,1140.4,30.1,0.11466501
0,3737,0,0.2,0,1140.4,30.1,0.11466501
0,3737.2,0,0.2,0,1140.4,30.1,0.11466501
0,3737.4,0,0.2,0,1140.4,30.1,0.11466501
0,3737.6,0,0.2,0,1140.4,30.1,0.11466501
0,3737.7,0,0.1,0,1140.4,30.1,0.11466501
0,3737.9,0,0.2,0,1140.4,30.1,0.11466501
0,3738,0,0.1,0,1140.4,30.1,0.11466501
0,3738.2,0,0.2,0,1140.4,30.1,0.11466501
0,3738.4,0,0.2,0,1140.4,30.1,0.11466501
0,3738.5,0,0.1,0,1140.4,30.1,0.11466501
0,3738.7,0,0.2,0,1140.4,30.1,0.11466501
0,3738.8,0,0.1,0,1140.4,30.1,0.11466501
0,3738.9,0,0.1,0,1140.4,30.1,0.11466501
0,3739.1,0,0.2,0,1140.4,30.1,0.11466501
0,3739.3,0,0.2,0,1140.4,30.1,0.11466501
0,3739.3,0,0,0,1140.4,30.1,0.11466501
0,3739.5,0,0.2,0,1140.4,30.1,0.11466501
0,3739.7,0,0.2,0,1140.4,30.1,0.11466501
0,3739.7,0,0,0,1140.4,30.1,0.11466501
0,3739.9,0,0.2,0,1140.4,30.1,0.11466501
0,3740,0,0.1,0,1140.4,30.1,0.11466501
0,3740.1,0,0.1,0,1140.4,30.1,0.11466501
0,3740.2,0,0.1,0,1140.4,30.1,0.11466501
0,3740.4,0,0.2,0,1140.4,30.1,0.11466501
0,3740.5,0,0.1,0,1140.4,30,0.11466501
0,3740.6,0,0.1,0,1140.4,30,0.11466501
0,3740.7,0,0.1,0,1140.4,30,0.11466501
0,3740.8,0,0.1,0,1140.4,30,0.11466501
0,3740.9,0,0.1,0,1140.4,30,0.11466501
0,3741,0,0.1,0,1140.4,30,0.11466501
0,3741.1,0,0.1,0,1140.4,30,0.11466501
0,3741.2,0,0.1,0,1140.4,30,0.11466501
0,3741.3,0,0.1,0,1140.4,30,0.11466501
0,3741.4,0,0.1,0,1140.4,30,0.11466501
0,3741.5,0,0.1,0,1140.4,30,0.11466501
0,3741.6,0,0.1,0,1140.4,30,0.11466501
0,3741.7,0,0.1,0,1140.4,30,0.11466501
0,3741.8,0,0.1,0,1140.4,30,0.11466501
0,3741.8,0,0,0,1140.4,30,0.11466501
0,3742,0,0.2,0,1140.4,30,0.11466501
0,3742,0,0,0,1140.4,30,0.11466501
0,3742.1,0,0.1,0,1140.4,30,0.11466501
0,3742.2,0,0.1,0,1140.4,30,0.11466501
0,3742.3,0,0.1,0,1140.4,30,0.11466501
0,3742.4,0,0.1,0,1140.4,30,0.11466501
0,3742.4,0,0,0,1140.4,30,0.11466501
0,3742.5,0,0.1,0,1140.4,30,0.11466501
0,3742.6,0,0.1,0,1140.4,30,0.11466501
0,3742.7,0,0.1,0,1140.4,30,0.11466501
0,3742.8,0,0.1,0,1140.4,30,0.11466501
0,3742.8,0,0,0,1140.4,30,0.11466501
0,3742.9,0,0.1,0,1140.4,30,0.11466501
0,3742.9,0,0,0,1140.4,30,0.11466501
0,3743,0,0.1,0,1140.4,30,0.11466501
0,3743.1,0,0.1,0,1140.4,30,0.11466501
0,3743.2,0,0.1,0,1140.4,30,0.11466501
0,3743.2,0,0,0,1140.4,30,0.11466501
0,3743.3,0,0.1,0,1140.4,30,0.11466501
0,3743.3,0,0,0,1140.4,30,0.11466501
0,3743.4,0,0.1,0,1140.4,30,0.11466501
0,3743.5,0,0.1,0,1140.4,30,0.11466501
0,3743.5,0,0,0,1140.4,30,0.11466501
0,3743.6,0,0.1,0,1140.4,30,0.11466501
0,3743.7,0,0.1,0,1140.4,30,0.11466501
0,3743.7,0,0,0,1140.4,30,0.11466501
0,3743.8,0,0.1,0,1140.4,30,0.11466501
0,3743.9,0,0.1,0,1140.4,30,0.11466501
0,3743.9,0,0,0,1140.4,30,0.11466501
0,3743.9,0,0,0,1140.4,30,0.11466501
0,3744,0,0.1,0,1140.4,30,0.11466501
0,3744.1,0,0.1,0,1140.4,30,0.11466501
0,3744.1,0,0,0,1140.4,30,0.11466501
0,3744.2,0,0.1,0,1140.4,30,0.11466501
0,3744.2,0,0,0,1140.4,30,0.11466501
0,3744.3,0,0.1,0,1140.4,30,0.11466501
0,3744.3,0,0,0,1140.4,30,0.11466501
0,3744.4,0,0.1,0,1140.4,30,0.11466501
0,3744.4,0,0,0,1140.4,30,0.11466501
0,3744.5,0,0.1,0,1140.4,30,0.11466501
0,3744.5,0,0,0,1140.4,30,0.11466501
0,3744.6,0,0.1,0,1140.4,30,0.11466501
0,3744.6,0,0,0,1140.4,30,0.11466501
0,3744.7,0,0.1,0,1140.4,30,0.11466501
0,3744.7,0,0,0,1140.4,30,0.11466501
0,3744.8,0,0.1,0,1140.4,30,0.11466501
0,3744.8,0,0,0,1140.4,30,0.11466501
0,3744.8,0,0,0,1140.4,30,0.11466501
0,3744.9,0,0.1,0,1140.4,30,0.11466501
0,3745,0,0.1,0,1140.4,30,0.11466501
0,3745,0,0,0,1140.4,30,0.11466501
995.8,3704.5,995.8,-40.5,3.6889411,1140.7,30,0.11443211
1986.9,3662.8,991.1,-41.7,7.2776173,1141.2,30,0.11404394
1983,3659.4,-3.9,-3.4,7.2565902,1141.8,30,0.11357814
2002.9,3655.6,19.9,-3.8,7.3218012,1142.3,30,0.11318997
1970.2,3654.2,-32.7,-1.4,7.1995048,1142.9,30,0.11272417
1998,3650.5,27.8,-3.7,7.293699,1143.4,30,0.112336
1984,3648.6,-14,-1.9,7.2388224,1144,30,0.1118702
2001.1,3645.7,17.1,-2.9,7.2954103,1144.5,30,0.11148203
2001,3643.4,-0.1,-2.3,7.2904434,1145.1,30,0.11101623
1995,3641.6,-6,-1.8,7.264992,1145.6,30,0.11062806
1985,3640,-10,-1.6,7.2254,1146.2,30,0.11016225
1991,3637.9,6,-2.1,7.2430589,1146.7,30,0.10977409
1991,3636.1,0,-1.8,7.2394751,1147.3,30,0.10930828
1990,3634.4,-1,-1.7,7.232456,1147.9,30,0.10884248
1988.1,3632.8,-1.9,-1.6,7.2223697,1148.4,30,0.10845431
1983.1,3631.4,-5,-1.4,7.2014293,1149,30,0.10798851
1997,3629.3,13.9,-2.1,7.2477121,1149.5,30,0.10760034
1992.1,3627.9,-4.9,-1.4,7.2271396,1150.1,30,0.10713454
1995,3626.3,2.9,-1.6,7.2344685,1150.6,30,0.10674637
1984,3625.3,-11,-1,7.1925952,1151.2,30,0.10628057
1990.1,3623.7,6.1,-1.6,7.2115254,1151.7,30,0.1058924
1986.1,3622.4,-4,-1.3,7.1944486,1152.3,30,0.1054266
1993,3620.9,6.9,-1.5,7.2164537,1152.8,30,0.10503843
1984.1,3619.8,-8.9,-1.1,7.1820452,1153.4,30,0.10457263
2006,3617.6,21.9,-2.2,7.2569056,1153.9,30,0.10418446
1980,3617.4,-26,-0.2,7.162452,1154.5,30,0.10371866
2008,3615,28,-2.4,7.25892,1155,30,0.10333049
1986,3614.6,-22,-0.4,7.1785956,1155.6,30,0.10286468
1984.1,3613.5,-1.9,-1.1,7.1695453,1156.1,30,0.10247652
1994,3611.8,9.9,-1.7,7.2019292,1156.7,30,0.10201071
1988.1,3610.9,-5.9,-0.9,7.1788303,1157.3,30,0.10154491
1998,3609.3,9.9,-1.6,7.2113814,1157.8,30,0.10115674
1997,3608.1,-1,-1.2,7.2053757,1158.4,30,0.10069094
2011.1,3606.4,14.1,-1.7,7.252831,1158.9,30,0.10030277
1975,3606.6,-36.1,0.2,7.123035,1159.5,30,0.099836969
1980.1,3605.4,5.1,-1.2,7.1390525,1160,30,0.099448801
2006,3603.2,25.9,-2.2,7.2280192,1160.6,30,0.098982998
1989.2,3602.7,-16.8,-0.5,7.1664908,1161.1,30,0.09859483
1990,3601.5,0.8,-1.2,7.166985,1161.7,30,0.098129027
1996,3600.1,6,-1.4,7.1857996,1162.2,30,0.097740859
1997.1,3599,1.1,-1.1,7.1875629,1162.8,30,0.097275056
1999,3597.8,1.9,-1.2,7.1920022,1163.3,30,0.096886888
1989,3597.1,-10,-0.7,7.1546319,1163.9,30,0.096421085
1980.1,3596.4,-8.9,-0.7,7.1212316,1164.4,30,0.096032917
1992.1,3594.9,12,-1.5,7.1614003,1165,30,0.095567114
1988,3593.9,-4.1,-1,7.1446732,1165.6,30.1,0.095101312
1994,3592.6,6,-1.3,7.1636444,1166.1,30.1,0.094713143
1999,3591.3,5,-1.3,7.1790087,1166.7,30.1,0.094247341
1988.2,3590.7,-10.8,-0.6,7.1390297,1167.2,30.1,0.093859172
1995,3589.4,6.8,-1.3,7.160853,1167.8,30.1,0.09339337
1993,3588.4,-2,-1,7.1516812,1168.3,30.1,0.093005201
2003,3586.9,10,-1.5,7.1845607,1168.9,30.1,0.092539399
1985.1,3586.6,-17.9,-0.3,7.1197597,1169.4,30.1,0.09215123
2010.9,3584.5,25.8,-2.1,7.208071,1170,30.1,0.091685428
1983,3584.6,-27.9,0.1,7.1082618,1170.5,30.1,0.09129726
1979,3583.7,-4,-0.9,7.0921423,1171.1,30.1,0.090831457
1974.1,3582.9,-4.9,-0.8,7.0730029,1171.6,30.1,0.090443289
1984.1,3581.4,10,-1.5,7.1058557,1172.2,30.1,0.089977486
1987,3580.3,2.9,-1.1,7.1140561,1172.7,30.1,0.089589318
1997,3578.9,10,-1.4,7.1470633,1173.3,30.1,0.089123515
1975.1,3578.8,-21.9,-0.1,7.0684879,1173.8,30.1,0.088735347
1981.1,3577.5,6,-1.3,7.0873853,1174.4,30.1,0.088269544
1995.1,3575.9,14,-1.6,7.1342781,1174.9,30.1,0.087881376
996.1,3616.4,-999,40.5,3.602296,1175.2,30.1,0.087648474
0,3659.6,-996.1,43.2,0,1175.2,30.1,0.087648474
0,3662.9,0,3.3,0,1175.2,30.1,0.087648474
0,3665.5,0,2.6,0,1175.2,30.1,0.087648474
0,3667.9,0,2.4,0,1175.2,30.1,0.087648474
0,3669.9,0,2,0,1175.2,30.1,0.087648474
0,3671.9,0,2,0,1175.2,30.1,0.087648474
0,3673.7,0,1.8,0,1175.2,30.1,0.087648474
0,3675.3,0,1.6,0,1175.2,30.1,0.087648474
0,3676.9,0,1.6,0,1175.2,30.1,0.087648474
0,3678.4,0,1.5,0,1175.2,30.1,0.087648474
0,3679.8,0,1.4,0,1175.2,30.1,0.087648474
0,3681.2,0,1.4,0,1175.2,30.1,0.087648474
0,3682.4,0,1.2,0,1175.2,30.1,0.087648474
0,3683.7,0,1.3,0,1175.2,30.1,0.087648474
0,3684.9,0,1.2,0,1175.2,30.1,0.087648474
0,3686,0,1.1,0,1175.2,30.1,0.087648474
0,3687.1,0,1.1,0,1175.2,30.1,0.087648474
0,3688.2,0,1.1,0,1175.2,30.1,0.087648474
0,3689.2,0,1,0,1175.2,30.1,0.087648474
0,3690.2,0,1,0,1175.2,30.1,0.087648474
0,3691.1,0,0.9,0,1175.2,30.2,0.087648474
0,3692.1,0,1,0,1175.2,30.2,0.087648474
0,3692.9,0,0.8,0,1175.2,30.2,0.087648474
0,3693.8,0,0.9,0,1175.2,30.2,0.087648474
0,3694.6,0,0.8,0,1175.2,30.2,0.087648474
0,3695.4,0,0.8,0,1175.2,30.2,0.087648474
0,3696.2,0,0.8,0,1175.2,30.2,0.087648474
0,3696.9,0,0.7,0,1175.2,30.2,0.087648474
0,3697.7,0,0.8,0,1175.2,30.2,0.087648474
0,3698.4,0,0.7,0,1175.2,30.2,0.087648474
0,3699.1,0,0.7,0,1175.2,30.2,0.087648474
0,3699.8,0,0.7,0,1175.2,30.2,0.087648474
0,3700.4,0,0.6,0,1175.2,30.2,0.087648474
0,3701.1,0,0.7,0,1175.2,30.2,0.087648474
0,3701.7,0,0.6,0,1175.2,30.2,0.087648474
0,3702.3,0,0.6,0,1175.2,30.2,0.087648474
0,3702.9,0,0.6,0,1175.2,30.2,0.087648474
0,3703.4,0,0.5,0,1175.2,30.2,0.087648474
0,3704,0,0.6,0,1175.2,30.2,0.087648474
0,3704.5,0,0.5,0,1175.2,30.2,0.087648474
0,3705,0,0.5,0,1175.2,30.2,0.087648474
0,3705.5,0,0.5,0,1175.2,30.2,0.087648474
0,3706,0,0.5,0,1175.2,30.2,0.087648474
0,3706.5,0,0.5,0,1175.2,30.2,0.087648474
0,3707,0,0.5,0,1175.2,30.2,0.087648474
0,3707.4,0,0.4,0,1175.2,30.1,0.087648474
0,3707.9,0,0.5,0,1175.2,30.2,0.087648474
0,3708.3,0,0.4,0,1175.2,30.1,0.087648474
0,3708.7,0,0.4,0,1175.2,30.1,0.087648474
0,3709.1,0,0.4,0,1175.2,30.1,0.087648474
0,3709.6,0,0.5,0,1175.2,30.1,0.087648474
0,3709.9,0,0.3,0,1175.2,30.1,0.087648474
0,3710.3,0,0.4,0,1175.2,30.1,0.087648474
0,3710.7,0,0.4,0,1175.2,30.1,0.087648474
0,3711,0,0.3,0,1175.2,30.1,0.087648474
0,3711.4,0,0.4,0,1175.2,30.1,0.087648474
0,3711.8,0,0.4,0,1175.2,30.1,0.087648474
0,3712.1,0,0.3,0,1175.2,30.1,0.087648474
0,3712.4,0,0.3,0,1175.2,30.1,0.087648474
0,3712.8,0,0.4,0,1175.2,30.1,0.087648474
0,3713.1,0,0.3,0,1175.2,30.1,0.087648474
0,3713.4,0,0.3,0,1175.2,30.1,0.087648474
0,3713.7,0,0.3,0,1175.2,30.1,0.087648474
0,3714,0,0.3,0,1175.2,30.1,0.087648474
0,3714.3,0,0.3,0,1175.2,30.1,0.087648474
0,3714.6,0,0.3,0,1175.2,30.1,0.087648474
0,3714.8,0,0.2,0,1175.2,30.1,0.087648474
0,3715.1,0,0.3,0,1175.2,30.1,0.087648474
0,3715.4,0,0.3,0,1175.2,30.1,0.087648474
0,3715.6,0,0.2,0,1175.2,30.1,0.087648474
0,3715.9,0,0.3,0,1175.2,30.1,0.087648474
0,3716.1,0,0.2,0,1175.2,30.1,0.087648474
0,3716.4,0,0.3,0,1175.2,30.1,0.087648474
0,3716.6,0,0.2,0,1175.2,30.1,0.087648474
0,3716.9,0,0.3,0,1175.2,30.1,0.087648474
0,3717.1,0,0.2,0,1175.2,30.1,0.087648474
0,3717.3,0,0.2,0,1175.2,30.1,0.087648474
0,3717.5,0,0.2,0,1175.2,30.1,0.087648474
0,3717.7,0,0.2,0,1175.2,30.1,0.087648474
0,3718,0,0.3,0,1175.2,30.1,0.087648474
0,3718.2,0,0.2,0,1175.2,30.1,0.087648474
0,3718.4,0,0.2,0,1175.2,30.1,0.087648474
0,3718.6,0,0.2,0,1175.2,30.1,0.087648474
0,3718.8,0,0.2,0,1175.2,30.1,0.087648474
0,3719,0,0.2,0,1175.2,30.1,0.087648474
0,3719.1,0,0.1,0,1175.2,30.1,0.087648474
0,3719.3,0,0.2,0,1175.2,30.1,0.087648474
0,3719.5,0,0.2,0,1175.2,30.1,0.087648474
0,3719.7,0,0.2,0,1175.2,30.1,0.087648474
0,3719.9,0,0.2,0,1175.2,30.1,0.087648474
0,3720,0,0.1,0,1175.2,30.1,0.087648474
0,3720.2,0,0.2,0,1175.2,30.1,0.087648474
0,3720.4,0,0.2,0,1175.2,30.1,0.087648474
0,3720.5,0,0.1,0,1175.2,30.1,0.087648474
0,3720.7,0,0.2,0,1175.2,30.1,0.087648474
0,3720.9,0,0.2,0,1175.2,30.1,0.087648474
0,3721,0,0.1,0,1175.2,30.1,0.087648474
0,3721.1,0,0.1,0,1175.2,30.1,0.087648474
0,3721.3,0,0.2,0,1175.2,30.1,0.087648474
0,3721.4,0,0.1,0,1175.2,30.1,0.087648474
0,3721.6,0,0.2,0,1175.2,30.1,0.087648474
0,3721.7,0,0.1,0,1175.2,30.1,0.087648474
0,3721.8,0,0.1,0,1175.2,30.1,0.087648474
0,3722,0,0.2,0,1175.2,30.1,0.087648474
0,3722.1,0,0.1,0,1175.2,30.1,0.087648474
0,3722.3,0,0.2,0,1175.2,30.1,0.087648474
0,3722.4,0,0.1,0,1175.2,30.1,0.087648474
0,3722.5,0,0.1,0,1175.2,30.1,0.087648474
0,3722.7,0,0.2,0,1175.2,30.1,0.087648474
0,3722.8,0,0.1,0,1175.2,30.1,0.087648474
0,3722.9,0,0.1,0,1175.2,30.1,0.087648474
0,3723,0,0.1,0,1175.2,30.1,0.087648474
0,3723.1,0,0.1,0,1175.2,30.1,0.087648474
0,3723.2,0,0.1,0,1175.2,30.1,0.087648474
0,3723.3,0,0.1,0,1175.2,30.1,0.087648474
0,3723.5,0,0.2,0,1175.2,30.1,0.087648474
0,3723.6,0,0.1,0,1175.2,30.1,0.087648474
0,3723.7,0,0.1,0,1175.2,30.1,0.087648474
0,3723.8,0,0.1,0,1175.2,30.1,0.087648474
0,3723.9,0,0.1,0,1175.2,30.1,0.087648474
0,3724,0,0.1,0,1175.2,30.1,0.087648474
0,3724.1,0,0.1,0,1175.2,30.1,0.087648474
0,3724.2,0,0.1,0,1175.2,30.1,0.087648474
0,3724.3,0,0.1,0,1175.2,30.1,0.087648474
0,3724.4,0,0.1,0,1175.2,30.1,0.087648474
0,3724.5,0,0.1,0,1175.2,30.1,0.087648474
0,3724.6,0,0.1,0,1175.2,30,0.087648474
0,3724.7,0,0.1,0,1175.2,30,0.087648474
0,3724.7,0,0,0,1175.2,30,0.087648474
0,3724.8,0,0.1,0,1175.2,30,0.087648474
0,3724.9,0,0.1,0,1175.2,30,0.087648474
0,3725,0,0.1,0,1175.2,30,0.087648474
0,3725.1,0,0.1,0,1175.2,30,0.087648474
0,3725.2,0,0.1,0,1175.2,30,0.087648474
0,3725.3,0,0.1,0,1175.2,30,0.087648474
0,3725.4,0,0.1,0,1175.2,30,0.087648474
0,3725.5,0,0.1,0,1175.2,30,0.087648474
0,3725.6,0,0.1,0,1175.2,30,0.087648474
0,3725.6,0,0,0,1175.2,30,0.087648474
0,3725.7,0,0.1,0,1175.2,30,0.087648474
0,3725.8,0,0.1,0,1175.2,30,0.087648474
0,3725.9,0,0.1,0,1175.2,30,0.087648474
0,3725.9,0,0,0,1175.2,30,0.087648474
0,3726,0,0.1,0,1175.2,30,0.087648474
0,3726.1,0,0.1,0,1175.2,30,0.087648474
0,3726.2,0,0.1,0,1175.2,30,0.087648474
0,3726.2,0,0,0,1175.2,30,0.087648474
0,3726.3,0,0.1,0,1175.2,30,0.087648474
0,3726.3,0,0,0,1175.2,30,0.087648474
0,3726.4,0,0.1,0,1175.2,30,0.087648474
0,3726.5,0,0.1,0,1175.2,30,0.087648474
0,3726.6,0,0.1,0,1175.2,30,0.087648474
0,3726.7,0,0.1,0,1175.2,30,0.087648474
0,3726.7,0,0,0,1175.2,30,0.087648474
0,3726.8,0,0.1,0,1175.2,30,0.087648474
0,3726.8,0,0,0,1175.2,30,0.087648474
0,3726.9,0,0.1,0,1175.2,30,0.087648474
0,3727,0,0.1,0,1175.2,30,0.087648474
0,3727,0,0,0,1175.2,30,0.087648474
0,3727.1,0,0.1,0,1175.2,30,0.087648474
0,3727.1,0,0,0,1175.2,30,0.087648474
0,3727.2,0,0.1,0,1175.2,30,0.087648474
0,3727.3,0,0.1,0,1175.2,30,0.087648474
0,3727.3,0,0,0,1175.2,30,0.087648474
0,3727.4,0,0.1,0,1175.2,30,0.087648474
0,3727.5,0,0.1,0,1175.2,30,0.087648474
0,3727.5,0,0,0,1175.2,30,0.087648474
0,3727.6,0,0.1,0,1175.2,30,0.087648474
0,3727.7,0,0.1,0,1175.2,30,0.087648474
0,3727.7,0,0,0,1175.2,30,0.087648474
0,3727.8,0,0.1,0,1175.2,30,0.087648474
0,3727.8,0,0,0,1175.2,30,0.087648474
0,3727.9,0,0.1,0,1175.2,30,0.087648474
0,3727.9,0,0,0,1175.2,30,0.087648474
0,3728,0,0.1,0,1175.2,30,0.087648474
0,3728,0,0,0,1175.2,30,0.087648474
0,3728.1,0,0.1,0,1175.2,30,0.087648474
0,3728.1,0,0,0,1175.2,30,0.087648474
0,3728.2,0,0.1,0,1175.2,30,0.087648474
0,3728.2,0,0,0,1175.2,30,0.087648474
0,3728.3,0,0.1,0,1175.2,30,0.087648474
0,3728.3,0,0,0,1175.2,30,0.087648474
0,3728.4,0,0.1,0,1175.2,30,0.087648474
0,3728.4,0,0,0,1175.2,30,0.087648474
0,3728.4,0,0,0,1175.2,30,0.087648474
0,3728.5,0,0.1,0,1175.2,30,0.087648474
0,3728.5,0,0,0,1175.2,30,0.087648474
0,3728.6,0,0.1,0,1175.2,30,0.087648474
0,3728.7,0,0.1,0,1175.2,30,0.087648474
0,3728.7,0,0,0,1175.2,30,0.087648474
0,3728.7,0,0,0,1175.2,30,0.087648474
0,3728.8,0,0.1,0,1175.2,30,0.087648474
0,3728.9,0,0.1,0,1175.2,30,0.087648474
0,3728.9,0,0,0,1175.2,30,0.087648474
0,3728.9,0,0,0,1175.2,30,0.087648474
0,3729,0,0.1,0,1175.2,30,0.087648474
0,3729,0,0,0,1175.2,30,0.087648474
0,3729.1,0,0.1,0,1175.2,30,0.087648474
960.8,3689.5,960.8,-39.6,3.5448716,1175.5,30,0.087415573
1935,3647.9,974.2,-41.6,7.0586865,1176,30,0.087027405
1928,3644.3,-7,-3.6,7.0262104,1176.6,30,0.086561602
1912.9,3641.6,-15.1,-2.7,6.9660166,1177.1,30,0.086173434
1927,3637.9,14.1,-3.7,7.0102333,1177.6,30,0.085785265
1920.9,3635.3,-6.1,-2.6,6.9830478,1178.2,30,0.085319463
1918.1,3632.7,-2.8,-2.6,6.9678819,1178.7,30,0.084931294
1925,3629.8,6.9,-2.9,6.987365,1179.2,30,0.084543126
1935.9,3626.8,10.9,-3,7.0211221,1179.8,30,0.084077323
1927,3624.7,-8.9,-2.1,6.9847969,1180.3,30,0.083689155
1928,3622.2,1,-2.5,6.9836016,1180.8,30,0.083300986
1932,3619.8,4,-2.4,6.9934536,1181.4,30,0.082835184
1929.1,3617.7,-2.9,-2.1,6.9789051,1181.9,30,0.082447015
1911.9,3616.2,-17.2,-1.5,6.9138128,1182.4,30,0.082058846
1932,3613.2,20.1,-3,6.9807024,1183,30,0.081593044
1920.1,3611.6,-11.9,-1.6,6.9346332,1183.5,30,0.081204875
1923.8,3609.4,3.7,-2.2,6.9437637,1184.1,30,0.080739073
1928,3607.2,4.2,-2.2,6.9546816,1184.6,30,0.080350904
1927.1,3605.2,-0.9,-2,6.9475809,1185.1,30,0.079962736
1930.8,3603.1,3.7,-2.1,6.9568655,1185.7,30,0.079496933
1930,3601.1,-0.8,-2,6.950123,1186.2,30,0.079108765
1928.1,3599.3,-1.9,-1.8,6.9398103,1186.7,30,0.078720596
1927,3597.4,-1.1,-1.9,6.9321898,1187.3,30,0.078254794
1930,3595.5,3,-1.9,6.939315,1187.8,30,0.077866625
1919.1,3594,-10.9,-1.5,6.8972454,1188.3,30,0.077478457
1911,3592.5,-8.1,-1.5,6.8652675,1188.9,30,0.077012654
1920,3590.3,9,-2.2,6.893376,1189.4,30,0.076624486
1923,3588.4,3,-1.9,6.9004932,1189.9,30,0.076236317
1924,3586.5,1,-1.9,6.900426,1190.5,30,0.075770515
1928.1,3584.5,4.1,-2,6.9112744,1191,30,0.075382346
1927.9,3582.7,-0.2,-1.8,6.9070873,1191.5,30,0.074994177
1918.1,3581.3,-9.8,-1.4,6.8692915,1192.1,30,0.074528375
1921.9,3579.4,3.8,-1.9,6.8792489,1192.6,30,0.074140207
1913.1,3578,-8.8,-1.4,6.8450718,1193.1,30,0.073752038
1931.9,3575.5,18.8,-2.5,6.9075084,1193.7,30,0.073286236
1918,3574.2,-13.9,-1.3,6.8553156,1194.2,30,0.072898067
1907.1,3572.9,-10.9,-1.3,6.8138776,1194.7,30,0.072509898
1933.8,3570,26.7,-2.9,6.903666,1195.3,30,0.072044096
1923.1,3568.7,-10.7,-1.3,6.862967,1195.8,30,0.071655927
1901,3567.8,-22.1,-0.9,6.7823878,1196.3,30,0.071267759
1925.1,3565.1,24.1,-2.7,6.863174,1196.9,30,0.070801956
1922,3563.4,-3.1,-1.7,6.8488548,1197.4,30,0.070413788
1925,3561.5,3,-1.9,6.8558875,1197.9,30,0.070025619
1931,3559.5,6,-2,6.8733945,1198.5,30,0.069559817
1922.9,3558,-8.1,-1.5,6.8416782,1199,30,0.069171648
1923.1,3556.2,0.2,-1.8,6.8389282,1199.5,30,0.06878348
1917,3554.7,-6.1,-1.5,6.8143599,1200.1,30,0.068317677
1918.1,3552.8,1.1,-1.9,6.8146257,1200.6,30,0.067929509
1925,3550.8,6.9,-2,6.83529,1201.1,30.1,0.06754134
1924,3549,-1,-1.8,6.828276,1201.7,30.1,0.067075538
1930,3546.9,6,-2.1,6.845517,1202.2,30.1,0.066687369
1919.1,3545.6,-10.9,-1.3,6.804361,1202.7,30.1,0.0662992
1925,3543.5,5.9,-2.1,6.8212375,1203.3,30.1,0.065833398
1919.1,3541.9,-5.9,-1.6,6.7972603,1203.8,30.1,0.065445229
1914,3540.2,-5.1,-1.7,6.7759428,1204.3,30.1,0.065057061
1925.1,3538,11.1,-2.2,6.8110038,1204.9,30.1,0.064591258
1920,3536.4,-5.1,-1.6,6.789888,1205.4,30.1,0.06420309
1908.1,3535,-11.9,-1.4,6.7451335,1205.9,30.1,0.063814921
1915,3532.8,6.9,-2.2,6.765312,1206.5,30.1,0.063349119
1926,3530.5,11,-2.3,6.799743,1207,30.1,0.06296095
1936,3528.2,10,-2.3,6.8305952,1207.5,30.1,0.062572782
1928,3526.6,-8,-1.6,6.7992848,1208.1,30.1,0.062106979
1916,3525.2,-12,-1.4,6.7542832,1208.6,30.1,0.061718811
1925.9,3522.9,9.9,-2.3,6.7847531,1209.2,30.1,0.061253008
1930,3520.8,4.1,-2.1,6.795144,1209.7,30.1,0.06086484
1920.9,3519.2,-9.1,-1.6,6.7600313,1210.2,30.1,0.060476671
1912.1,3517.6,-8.8,-1.6,6.726003,1210.8,30.1,0.060010869
1903,3516.1,-9.1,-1.5,6.6911383,1211.3,30.1,0.0596227
1921.1,3513.3,18.1,-2.8,6.7494006,1211.8,30.1,0.059234531
1931,3511,9.9,-2.3,6.779741,1212.4,30.1,0.058768729
1922.1,3509.4,-8.9,-1.6,6.7454177,1212.9,30.1,0.058380561
1922,3507.3,-0.1,-2.1,6.7410306,1213.4,30.2,0.057992392
1917.1,3505.5,-4.9,-1.8,6.7203941,1214,30.2,0.05752659
1920,3503.4,2.9,-2.1,6.726528,1214.5,30.2,0.057138421
1908,3501.8,-12,-1.6,6.6814344,1215,30.2,0.056750252
1932,3498.8,24,-3,6.7596816,1215.6,30.2,0.05628445
1932,3496.7,0,-2.1,6.7556244,1216.1,30.2,0.055896281
1919.1,3495.2,-12.9,-1.5,6.7076383,1216.6,30.2,0.055508113
1925,3492.8,5.9,-2.4,6.72364,1217.2,30.2,0.05504231
1928,3490.5,3,-2.3,6.729684,1217.7,30.2,0.054654142
1929,3488.3,1,-2.2,6.7289307,1218.2,30.2,0.054265973
1918.1,3486.6,-10.9,-1.7,6.6876475,1218.8,30.2,0.053800171
1929.1,3484,11,-2.6,6.7209844,1219.3,30.2,0.053412002
1919,3482.3,-10.1,-1.7,6.6825337,1219.8,30.2,0.053023834
1925,3479.8,6,-2.5,6.698615,1220.4,30.2,0.052558031
1928.1,3477.5,3.1,-2.3,6.7049677,1220.9,30.2,0.052169863
1922,3475.5,-6.1,-2,6.679911,1221.4,30.2,0.051781694
1931,3472.9,9,-2.6,6.7061699,1222,30.2,0.051315892
1920.1,3471,-10.9,-1.9,6.6646671,1222.5,30.2,0.050927723
1900.2,3469.7,-19.9,-1.3,6.5931239,1223,30.2,0.050539554
1906,3467.2,5.8,-2.5,6.6084832,1223.6,30.2,0.050073752
1929,3463.9,23,-3.3,6.6818631,1224.1,30.2,0.049685583
1939,3461.1,10,-2.8,6.7110729,1224.6,30.3,0.049297415
1930,3459.1,-9,-2,6.676063,1225.2,30.3,0.048831612
1915,3457.4,-15,-1.7,6.620921,1225.7,30.3,0.048443444
1924.1,3454.6,9.1,-2.8,6.6469959,1226.2,30.3,0.048055275
1905,3453,-19.1,-1.6,6.577965,1226.8,30.3,0.047589473
1923,3449.9,18,-3.1,6.6341577,1227.3,30.3,0.047201304
1919,3447.6,-4,-2.3,6.6159444,1227.8,30.3,0.046813136
1922,3446.5,3,-1.1,6.624173,1228,30.3,0.046657868
748.9,3512.1,-1173.1,65.6,2.6302117,1228,30.3,0.046657868
749.9,3510.7,1,-1.4,2.6326739,1228.2,30.3,0.046502601
749.9,3510.3,0,-0.4,2.632374,1228.4,30.3,0.046347333
750,3510,0.1,-0.3,2.6325,1228.6,30.3,0.046192066
750,3509.8,0,-0.2,2.63235,1228.8,30.3,0.046036798
750,3509.5,0,-0.3,2.632125,1229,30.3,0.045881531
750,3509.4,0,-0.1,2.63205,1229.2,30.3,0.045726263
750,3509.2,0,-0.2,2.6319,1229.5,30.3,0.045493362
750,3509,0,-0.2,2.63175,1229.7,30.3,0.045338095
750,3508.7,0,-0.3,2.631525,1229.9,30.3,0.045182827
750,3508.4,0,-0.3,2.6313,1230.1,30.3,0.04502756
750,3508.1,0,-0.3,2.631075,1230.3,30.3,0.044872293
750,3507.8,0,-0.3,2.63085,1230.5,30.3,0.044717025
750,3507.5,0,-0.3,2.630625,1230.7,30.3,0.044561758
750,3507.2,0,-0.3,2.6304,1230.9,30.3,0.04440649
750,3506.8,0,-0.4,2.6301,1231.1,30.3,0.044251223
750,3506.4,0,-0.4,2.6298,1231.3,30.4,0.044095955
750,3505.9,0,-0.5,2.629425,1231.5,30.4,0.043940688
750,3505.5,0,-0.4,2.629125,1231.7,30.4,0.04378542
750,3505.1,0,-0.4,2.628825,1232,30.4,0.043552519
750,3504.6,0,-0.5,2.62845,1232.2,30.4,0.043397252
750,3504.1,0,-0.5,2.628075,1232.4,30.4,0.043241984
750,3503.6,0,-0.5,2.6277,1232.6,30.4,0.043086717
750,3503.1,0,-0.5,2.627325,1232.8,30.4,0.042931449
750,3502.6,0,-0.5,2.62695,1233,30.4,0.042776182
750,3502,0,-0.6,2.6265,1233.2,30.4,0.042620915
750,3501.4,0,-0.6,2.62605,1233.4,30.4,0.042465647
750,3500.9,0,-0.5,2.625675,1233.6,30.4,0.04231038
750,3500.3,0,-0.6,2.625225,1233.8,30.4,0.042155112
750,3499.7,0,-0.6,2.624775,1234,30.4,0.041999845
750,3499,0,-0.7,2.62425,1234.2,30.4,0.041844577
750,3498.4,0,-0.6,2.6238,1234.5,30.4,0.041611676
750,3497.8,0,-0.6,2.62335,1234.7,30.4,0.041456409
750,3497.1,0,-0.7,2.622825,1234.9,30.4,0.041301141
750,3496.5,0,-0.6,2.622375,1235.1,30.4,0.041145874
750,3495.8,0,-0.7,2.62185,1235.3,30.4,0.040990606
750,3495.1,0,-0.7,2.621325,1235.5,30.4,0.040835339
750,3494.4,0,-0.7,2.6208,1235.7,30.4,0.040680071
750,3493.7,0,-0.7,2.620275,1235.9,30.4,0.040524804
750,3493,0,-0.7,2.61975,1236.1,30.4,0.040369537
750,3492.2,0,-0.8,2.61915,1236.3,30.4,0.040214269
750,3491.5,0,-0.7,2.618625,1236.5,30.4,0.040059002
750,3490.7,0,-0.8,2.618025,1236.7,30.4,0.039903734
750,3490,0,-0.7,2.6175,1237,30.4,0.039670833
750,3489.1,0,-0.9,2.616825,1237.2,30.4,0.039515566
750,3488.4,0,-0.7,2.6163,1237.4,30.4,0.039360298
750,3487.6,0,-0.8,2.6157,1237.6,30.4,0.039205031
750,3486.8,0,-0.8,2.6151,1237.8,30.4,0.039049763
750,3485.9,0,-0.9,2.614425,1238,30.4,0.038894496
750,3485.1,0,-0.8,2.613825,1238.2,30.4,0.038739228
750,3484.3,0,-0.8,2.613225,1238.4,30.4,0.038583961
750,3483.5,0,-0.8,2.612625,1238.6,30.4,0.038428693
750,3482.6,0,-0.9,2.61195,1238.8,30.4,0.038273426
750,3481.8,0,-0.8,2.61135,1239,30.4,0.038118159
750,3480.9,0,-0.9,2.610675,1239.2,30.4,0.037962891
750,3480.1,0,-0.8,2.610075,1239.5,30.4,0.03772999
750,3479.1,0,-1,2.609325,1239.7,30.4,0.037574722
750,3478.2,0,-0.9,2.60865,1239.9,30.4,0.037419455
750,3477.4,0,-0.8,2.60805,1240.1,30.4,0.037264188
750,3476.5,0,-0.9,2.607375,1240.3,30.4,0.03710892
750,3475.6,0,-0.9,2.6067,1240.5,30.4,0.036953653
750,3474.6,0,-1,2.60595,1240.7,30.4,0.036798385
750,3473.7,0,-0.9,2.605275,1240.9,30.4,0.036643118
750,3472.8,0,-0.9,2.6046,1241.1,30.4,0.03648785
750,3471.8,0,-1,2.60385,1241.3,30.4,0.036332583
750,3470.9,0,-0.9,2.603175,1241.5,30.4,0.036177315
750,3469.9,0,-1,2.602425,1241.7,30.4,0.036022048
750,3469,0,-0.9,2.60175,1242,30.4,0.035789147
750,3468,0,-1,2.601,1242.2,30.4,0.035633879
750,3467,0,-1,2.60025,1242.4,30.4,0.035478612
750,3466,0,-1,2.5995,1242.6,30.4,0.035323344
750,3465,0,-1,2.59875,1242.8,30.4,0.035168077
750,3464.1,0,-0.9,2.598075,1243,30.4,0.03501281
750,3463,0,-1.1,2.59725,1243.2,30.4,0.034857542
750,3462,0,-1,2.5965,1243.4,30.4,0.034702275
750,3461,0,-1,2.59575,1243.6,30.4,0.034547007
750,3460,0,-1,2.595,1243.8,30.4,0.03439174
750,3458.9,0,-1.1,2.594175,1244,30.4,0.034236472
750,3457.9,0,-1,2.593425,1244.2,30.4,0.034081205
750,3456.8,0,-1.1,2.5926,1244.5,30.4,0.033848304
750,3455.8,0,-1,2.59185,1244.7,30.4,0.033693036
750,3454.7,0,-1.1,2.591025,1244.9,30.4,0.033537769
750,3453.7,0,-1,2.590275,1245.1,30.4,0.033382501
750,3452.6,0,-1.1,2.58945,1245.3,30.4,0.033227234
750,3451.5,0,-1.1,2.588625,1245.5,30.4,0.033071966
750,3450.4,0,-1.1,2.5878,1245.7,30.4,0.032916699
750,3449.3,0,-1.1,2.586975,1245.9,30.4,0.032761432
750,3448.2,0,-1.1,2.58615,1246.1,30.4,0.032606164
750,3447.1,0,-1.1,2.585325,1246.3,30.4,0.032450897
750,3446,0,-1.1,2.5845,1246.5,30.4,0.032295629
750,3444.8,0,-1.2,2.5836,1246.7,30.4,0.032140362
750,3443.7,0,-1.1,2.582775,1247,30.4,0.031907461
750,3442.6,0,-1.1,2.58195,1247.2,30.4,0.031752193
750,3441.4,0,-1.2,2.58105,1247.4,30.4,0.031596926
750,3440.3,0,-1.1,2.580225,1247.6,30.4,0.031441658
750,3439.2,0,-1.1,2.5794,1247.8,30.4,0.031286391
750,3438,0,-1.2,2.5785,1248,30.4,0.031131123
750,3436.8,0,-1.2,2.5776,1248.2,30.4,0.030975856
750,3435.7,0,-1.1,2.576775,1248.4,30.4,0.030820588
750,3434.5,0,-1.2,2.575875,1248.6,30.4,0.030665321
750,3433.3,0,-1.2,2.574975,1248.8,30.4,0.030510054
750,3432.1,0,-1.2,2.574075,1249,30.4,0.030354786
750,3430.9,0,-1.2,2.573175,1249.2,30.4,0.030199519
750,3429.7,0,-1.2,2.572275,1249.5,30.4,0.029966617
750,3428.5,0,-1.2,2.571375,1249.7,30.4,0.02981135
750,3427.3,0,-1.2,2.570475,1249.9,30.4,0.029656083
750,3426,0,-1.3,2.5695,1250.1,30.4,0.029500815
750,3424.8,0,-1.2,2.5686,1250.3,30.4,0.029345548
750,3423.5,0,-1.3,2.567625,1250.5,30.4,0.02919028
750,3422.3,0,-1.2,2.566725,1250.7,30.4,0.029035013
750,3421,0,-1.3,2.56575,1250.9,30.4,0.028879745
750,3419.7,0,-1.3,2.564775,1251.1,30.4,0.028724478
750,3418.5,0,-1.2,2.563875,1251.3,30.4,0.02856921
750,3417.2,0,-1.3,2.5629,1251.5,30.4,0.028413943
750,3415.9,0,-1.3,2.561925,1251.7,30.4,0.028258676
750,3414.6,0,-1.3,2.56095,1252,30.4,0.028025774
750,3413.2,0,-1.4,2.5599,1252.2,30.4,0.027870507
750,3412,0,-1.2,2.559,1252.4,30.4,0.02771524
750,3410.7,0,-1.3,2.558025,1252.6,30.4,0.027559972
750,3409.4,0,-1.3,2.55705,1252.8,30.4,0.027404705
750,3408,0,-1.4,2.556,1253,30.4,0.027249437
750,3406.7,0,-1.3,2.555025,1253.2,30.4,0.02709417
750,3405.3,0,-1.4,2.553975,1253.4,30.4,0.026938902
750,3404,0,-1.3,2.553,1253.6,30.4,0.026783635
750.1,3402.6,0.1,-1.4,2.5522903,1253.8,30.4,0.026628367
750,3401.3,-0.1,-1.3,2.550975,1254,30.4,0.0264731
750,3399.9,0,-1.4,2.549925,1254.2,30.4,0.026317832
750,3398.5,0,-1.4,2.548875,1254.5,30.4,0.026084931
750,3397.1,0,-1.4,2.547825,1254.7,30.4,0.025929664
750,3395.7,0,-1.4,2.546775,1254.9,30.4,0.025774396
750,3394.3,0,-1.4,2.545725,1255.1,30.4,0.025619129
750,3392.9,0,-1.4,2.544675,1255.3,30.4,0.025463862
750,3391.4,0,-1.5,2.54355,1255.5,30.4,0.025308594
750,3390,0,-1.4,2.5425,1255.7,30.4,0.025153327
750,3388.5,0,-1.5,2.541375,1255.9,30.4,0.024998059
750,3387.1,0,-1.4,2.540325,1256.1,30.4,0.024842792
750,3385.6,0,-1.5,2.5392,1256.3,30.4,0.024687524
750,3384.1,0,-1.5,2.538075,1256.5,30.4,0.024532257
750,3382.7,0,-1.4,2.537025,1256.7,30.4,0.024376989
750,3381.2,0,-1.5,2.5359,1257,30.4,0.024144088
750,3379.7,0,-1.5,2.534775,1257.2,30.4,0.023988821
750,3378.2,0,-1.5,2.53365,1257.4,30.4,0.023833553
750,3376.6,0,-1.6,2.53245,1257.6,30.4,0.023678286
750,3375.1,0,-1.5,2.531325,1257.8,30.4,0.023523018
750,3373.6,0,-1.5,2.5302,1258,30.4,0.023367751
750,3372,0,-1.6,2.529,1258.2,30.4,0.023212484
750,3370.5,0,-1.5,2.527875,1258.4,30.4,0.023057216
750,3368.9,0,-1.6,2.526675,1258.6,30.4,0.022901949
750,3367.4,0,-1.5,2.52555,1258.8,30.4,0.022746681
750,3365.7,0,-1.7,2.524275,1259,30.4,0.022591414
750,3364.2,0,-1.5,2.52315,1259.2,30.4,0.022436146
750.1,3362.6,0.1,-1.6,2.5222863,1259.5,30.4,0.022203245
750.1,3361,0,-1.6,2.5210861,1259.7,30.4,0.022047978
750.1,3359.4,0,-1.6,2.5198859,1259.9,30.4,0.02189271
750,3357.7,-0.1,-1.7,2.518275,1260.1,30.4,0.021737443
750,3356.1,0,-1.6,2.517075,1260.3,30.4,0.021582175
750,3354.4,0,-1.7,2.5158,1260.5,30.4,0.021426908
749.9,3352.8,-0.1,-1.6,2.5142647,1260.7,30.4,0.02127164
749.9,3351.1,0,-1.7,2.5129899,1260.9,30.4,0.021116373
749.9,3349.4,0,-1.7,2.5117151,1261.1,30.4,0.020961106
749.9,3347.7,0,-1.7,2.5104402,1261.3,30.4,0.020805838
749.9,3346,0,-1.7,2.5091654,1261.5,30.4,0.020650571
750,3344.2,0.1,-1.8,2.50815,1261.7,30.4,0.020495303
750,3342.5,0,-1.7,2.506875,1262,30.4,0.020262402
750,3340.7,0,-1.8,2.505525,1262.2,30.4,0.020107135
750.1,3339,0.1,-1.7,2.5045839,1262.4,30.4,0.019951867
750.1,3337.2,0,-1.8,2.5032337,1262.6,30.4,0.0197966
750.1,3335.4,0,-1.8,2.5018835,1262.8,30.4,0.019641332
750,3333.6,-0.1,-1.8,2.5002,1263,30.4,0.019486065
750,3331.8,0,-1.8,2.49885,1263.2,30.4,0.019330797
750,3330,0,-1.8,2.4975,1263.4,30.4,0.01917553
749.9,3328.1,-0.1,-1.9,2.4957422,1263.6,30.4,0.019020262
749.9,3326.3,0,-1.8,2.4943924,1263.8,30.4,0.018864995
749.9,3324.5,0,-1.8,2.4930426,1264,30.4,0.018709728
749.9,3322.6,0,-1.9,2.4916177,1264.2,30.4,0.01855446
749.9,3320.7,0,-1.9,2.4901929,1264.5,30.4,0.018321559
749.9,3318.8,0,-1.9,2.4887681,1264.7,30.4,0.018166291
749.9,3316.8,0,-2,2.4872683,1264.9,30.4,0.018011024
749.9,3314.9,0,-1.9,2.4858435,1265.1,30.4,0.017855757
749.9,3312.9,0,-2,2.4843437,1265.3,30.4,0.017700489
749.9,3311,0,-1.9,2.4829189,1265.5,30.4,0.017545222
749.9,3309,0,-2,2.4814191,1265.7,30.4,0.017389954
750,3307,0.1,-2,2.48025,1265.9,30.4,0.017234687
750,3305,0,-2,2.47875,1266.1,30.4,0.017079419
750.1,3303,0.1,-2,2.4775803,1266.3,30.4,0.016924152
750,3300.9,-0.1,-2.1,2.475675,1266.5,30.4,0.016768884
750,3298.8,0,-2.1,2.4741,1266.7,30.4,0.016613617
750,3296.8,0,-2,2.4726,1267,30.4,0.016380716
750,3294.7,0,-2.1,2.471025,1267.2,30.4,0.016225448
750,3292.6,0,-2.1,2.46945,1267.4,30.4,0.016070181
749.9,3290.5,-0.1,-2.1,2.467546,1267.6,30.4,0.015914913
749.9,3288.3,0,-2.2,2.4658962,1267.8,30.4,0.015759646
749.9,3286.1,0,-2.2,2.4642464,1268,30.4,0.015604379
749.9,3283.9,0,-2.2,2.4625966,1268.2,30.4,0.015449111
749.9,3281.8,0,-2.1,2.4610218,1268.4,30.4,0.015293844
749.9,3279.5,0,-2.3,2.459297,1268.6,30.4,0.015138576
749.9,3277.3,0,-2.2,2.4576473,1268.8,30.4,0.014983309
750,3275,0.1,-2.3,2.45625,1269,30.4,0.014828041
750,3272.7,0,-2.3,2.454525,1269.2,30.4,0.014672774
750,3270.4,0,-2.3,2.4528,1269.5,30.4,0.014439873
750,3268.2,0,-2.2,2.45115,1269.7,30.4,0.014284605
750,3265.8,0,-2.4,2.44935,1269.9,30.4,0.014129338
749.9,3263.4,-0.1,-2.4,2.4472237,1270.1,30.4,0.01397407
749.9,3261.1,0,-2.3,2.4454989,1270.3,30.4,0.013818803
749.9,3258.6,0,-2.5,2.4436241,1270.5,30.4,0.013663535
750,3256.2,0.1,-2.4,2.44215,1270.7,30.4,0.013508268
750,3253.7,0,-2.5,2.440275,1270.9,30.4,0.013353001
750,3251.2,0,-2.5,2.4384,1271.1,30.4,0.013197733
750,3248.7,0,-2.5,2.436525,1271.3,30.4,0.013042466
750,3246.2,0,-2.5,2.43465,1271.5,30.4,0.012887198
750,3243.7,0,-2.5,2.432775,1271.7,30.4,0.012731931
750,3241.1,0,-2.6,2.430825,1272,30.4,0.01249903
750,3238.5,0,-2.6,2.428875,1272.2,30.4,0.012343762
750,3235.8,0,-2.7,2.42685,1272.4,30.4,0.012188495
750,3233.1,0,-2.7,2.424825,1272.6,30.4,0.012033227
749.9,3230.4,-0.1,-2.7,2.422477,1272.8,30.4,0.01187796
749.9,3227.7,0,-2.7,2.4204522,1273,30.4,0.011722692
749.9,3224.9,0,-2.8,2.4183525,1273.2,30.4,0.011567425
749.9,3222.1,0,-2.8,2.4162528,1273.4,30.4,0.011412157
749.9,3219.3,0,-2.8,2.4141531,1273.6,30.4,0.01125689
749.9,3216.4,0,-2.9,2.4119784,1273.8,30.4,0.011101623
749.9,3213.5,0,-2.9,2.4098036,1274,30.4,0.010946355
749.9,3210.6,0,-2.9,2.4076289,1274.2,30.4,0.010791088
749.9,3207.6,0,-3,2.4053792,1274.5,30.4,0.010558186
749.9,3204.6,0,-3,2.4031295,1274.7,30.4,0.010402919
749.9,3201.5,0,-3.1,2.4008048,1274.9,30.4,0.010247652
750,3198.4,0.1,-3.1,2.3988,1275.1,30.4,0.010092384
750,3195.3,0,-3.1,2.396475,1275.3,30.4,0.0099371167
750,3192.1,0,-3.2,2.394075,1275.5,30.4,0.0097818492
750,3188.9,0,-3.2,2.391675,1275.7,30.4,0.0096265818
750.1,3185.6,0.1,-3.3,2.3895186,1275.9,30.4,0.0094713143
750.1,3182.2,0,-3.4,2.3869682,1276.1,30.4,0.0093160469
750.1,3178.8,0,-3.4,2.3844179,1276.3,30.4,0.0091607794
750,3175.3,-0.1,-3.5,2.381475,1276.5,30.4,0.009005512
749.9,3171.8,-0.1,-3.5,2.3785328,1276.7,30.4,0.0088502445
749.9,3168.2,0,-3.6,2.3758332,1277,30.4,0.0086173434
749.9,3164.5,0,-3.7,2.3730586,1277.2,30.4,0.0084620759
749.9,3160.8,0,-3.7,2.3702839,1277.4,30.4,0.0083068085
749.9,3157,0,-3.8,2.3674343,1277.6,30.4,0.008151541
749.9,3153.1,0,-3.9,2.3645097,1277.8,30.4,0.0079962736
750,3149.1,0.1,-4,2.361825,1278,30.4,0.0078410061
750,3145,0,-4.1,2.35875,1278.2,30.4,0.0076857387
750,3140.8,0,-4.2,2.3556,1278.4,30.4,0.0075304712
750,3136.6,0,-4.2,2.35245,1278.6,30.4,0.0073752038
750,3132.2,0,-4.4,2.34915,1278.8,30.4,0.0072199363
750,3127.7,0,-4.5,2.345775,1279,30.4,0.0070646689
750,3123.1,0,-4.6,2.342325,1279.2,30.4,0.0069094014
750.1,3118.4,0.1,-4.7,2.3391118,1279.5,30.4,0.0066765003
750.1,3113.6,0,-4.8,2.3355114,1279.7,30.4,0.0065212328
750,3108.6,-0.1,-5,2.33145,1279.9,30.4,0.0063659654
750,3103.4,0,-5.2,2.32755,1280.1,30.4,0.0062106979
750,3098.2,0,-5.2,2.32365,1280.3,30.4,0.0060554305
749.9,3092.8,-0.1,-5.4,2.3192907,1280.5,30.4,0.005900163
749.9,3087.3,0,-5.5,2.3151663,1280.7,30.4,0.0057448956
749.9,3081.6,0,-5.7,2.3108918,1280.9,30.4,0.0055896281
749.9,3075.7,0,-5.9,2.3064674,1281.1,30.4,0.0054343607
749.9,3069.7,0,-6,2.301968,1281.3,30.4,0.0052790932
749.9,3063.6,0,-6.1,2.2973936,1281.5,30.4,0.0051238258
749.9,3057.2,0,-6.4,2.2925943,1281.7,30.4,0.0049685583
749.9,3050.7,0,-6.5,2.2877199,1282,30.4,0.0047356572
749.9,3044,0,-6.7,2.2826956,1282.2,30.4,0.0045803897
749.9,3037,0,-7,2.2774463,1282.4,30.4,0.0044251223
749.9,3029.9,0,-7.1,2.272122,1282.6,30.4,0.0042698548
749.9,3022.6,0,-7.3,2.2666477,1282.8,30.4,0.0041145874
749.9,3015,0,-7.6,2.2609485,1283,30.4,0.0039593199
749.9,3007.2,0,-7.8,2.2550993,1283.2,30.4,0.0038040525
749.9,2999.1,0,-8.1,2.2490251,1283.4,30.4,0.003648785
749.9,2990.8,0,-8.3,2.2428009,1283.6,30.4,0.0034935176
749.9,2982.2,0,-8.6,2.2363518,1283.8,30.4,0.0033382501
749.9,2973.2,0,-9,2.2296027,1284,30.4,0.0031829827
749.9,2963.9,0,-9.3,2.2226286,1284.2,30.4,0.0030277152
749.9,2954.3,0,-9.6,2.2154296,1284.5,30.4,0.0027948141
749.9,2944.5,0,-9.8,2.2080806,1284.7,30.4,0.0026395466
749.9,2934.3,0,-10.2,2.2004316,1284.9,30.4,0.0024842792
749.9,2923.9,0,-10.4,2.1926326,1285.1,30.4,0.0023290117
749.9,2913.1,0,-10.8,2.1845337,1285.3,30.4,0.0021737443
750,2902.1,0.1,-11,2.176575,1285.5,30.4,0.0020184768
750,2890.9,0,-11.2,2.168175,1285.7,30.4,0.0018632094
750,2879.3,0,-11.6,2.159475,1285.9,30.4,0.0017079419
750,2867.6,0,-11.7,2.1507,1286.1,30.4,0.0015526745
750,2855.7,0,-11.9,2.141775,1286.3,30.4,0.001397407
750,2843.5,0,-12.2,2.132625,1286.5,30.4,0.0012421396
750,2831.2,0,-12.3,2.1234,1286.7,30.4,0.0010868721
750,2818.7,0,-12.5,2.114025,1287,30.4,0.00085397096
750,2806,0,-12.7,2.1045,1287.2,30.4,0.00069870352
750,2793.1,0,-12.9,2.094825,1287.4,30.4,0.00054343607
750,2780.1,0,-13,2.085075,1287.6,30.4,0.00038816862
750,2766.9,0,-13.2,2.075175,1287.8,30.4,0.00023290117
750,2753.7,0,-13.2,2.065275,1288,30.4,7.7633724e-05
750,2749.7,0,-4,2.062275,1288.1,30.4,0
