Current(mA),Voltage(mV),dI(mA),dV(mV),Power(W),RawCapacity(mAh),T(C),SOC
0,4197.6,0,0,0,0,33.5,1
0,4197.3,0,-0.3,0,0,33.5,1
0,4196.9,0,-0.4,0,0,33.5,1
0,4196.7,0,-0.2,0,0,33.5,1
0,4196.4,0,-0.3,0,0,33.5,1
0,4196.2,0,-0.2,0,0,33.5,1
0,4196,0,-0.2,0,0,33.5,1
0,4195.8,0,-0.2,0,0,33.5,1
0,4195.6,0,-0.2,0,0,33.5,1
0,4195.5,0,-0.1,0,0,33.5,1
0,4195.3,0,-0.2,0,0,33.5,1
0,4195.1,0,-0.2,0,0,33.5,1
0,4194.9,0,-0.2,0,0,33.5,1
0,4194.8,0,-0.1,0,0,33.5,1
0,4194.7,0,-0.1,0,0,33.5,1
0,4194.5,0,-0.2,0,0,33.5,1
0,4194.4,0,-0.1,0,0,33.5,1
0,4194.2,0,-0.2,0,0,33.5,1
0,4194.1,0,-0.1,0,0,33.5,1
0,4194,0,-0.1,0,0,33.5,1
0,4193.9,0,-0.1,0,0,33.5,1
0,4193.7,0,-0.2,0,0,33.5,1
0,4193.6,0,-0.1,0,0,33.5,1
0,4193.5,0,-0.1,0,0,33.5,1
0,4193.3,0,-0.2,0,0,33.5,1
0,4193.3,0,0,0,0,33.5,1
0,4193.1,0,-0.2,0,0,33.5,1
0,4193,0,-0.1,0,0,33.5,1
0,4192.9,0,-0.1,0,0,33.5,1
0,4192.8,0,-0.1,0,0,33.5,1
0,4192.7,0,-0.1,0,0,33.5,1
0,4192.6,0,-0.1,0,0,33.5,1
0,4192.5,0,-0.1,0,0,33.5,1
0,4192.4,0,-0.1,0,0,33.5,1
0,4192.3,0,-0.1,0,0,33.5,1
0,4192.2,0,-0.1,0,0,33.5,1
0,4192.1,0,-0.1,0,0,33.5,1
0,4191.9,0,-0.2,0,0,33.5,1
0,4191.9,0,0,0,0,33.5,1
0,4191.8,0,-0.1,0,0,33.5,1
0,4191.7,0,-0.1,0,0,33.5,1
0,4191.6,0,-0.1,0,0,33.5,1
0,4191.5,0,-0.1,0,0,33.5,1
0,4191.4,0,-0.1,0,0,33.5,1
0,4191.3,0,-0.1,0,0,33.5,1
0,4191.2,0,-0.1,0,0,33.5,1
0,4191.1,0,-0.1,0,0,33.5,1
0,4191,0,-0.1,0,0,33.5,1
0,4190.9,0,-0.1,0,0,33.5,1
0,4190.8,0,-0.1,0,0,33.5,1
0,4190.7,0,-0.1,0,0,33.5,1
0,4190.7,0,0,0,0,33.5,1
0,4190.6,0,-0.1,0,0,33.5,1
0,4190.5,0,-0.1,0,0,33.5,1
0,4190.4,0,-0.1,0,0,33.5,1
0,4190.3,0,-0.1,0,0,33.5,1
0,4190.2,0,-0.1,0,0,33.5,1
0,4190.1,0,-0.1,0,0,33.5,1
0,4190.1,0,0,0,0,33.5,1
0,4190,0,-0.1,0,0,33.5,1
0,4189.9,0,-0.1,0,0,33.5,1
0,4189.8,0,-0.1,0,0,33.5,1
0,4189.7,0,-0.1,0,0,33.5,1
0,4189.7,0,0,0,0,33.5,1
0,4189.6,0,-0.1,0,0,33.5,1
0,4189.5,0,-0.1,0,0,33.5,1
0,4189.4,0,-0.1,0,0,33.5,1
0,4189.4,0,0,0,0,33.5,1
0,4189.3,0,-0.1,0,0,33.5,1
0,4189.2,0,-0.1,0,0,33.5,1
0,4189.1,0,-0.1,0,0,33.5,1
0,4189,0,-0.1,0,0,33.5,1
0,4189,0,0,0,0,33.5,1
0,4188.9,0,-0.1,0,0,33.5,1
0,4188.8,0,-0.1,0,0,33.5,1
0,4188.7,0,-0.1,0,0,33.5,1
0,4188.7,0,0,0,0,33.5,1
0,4188.6,0,-0.1,0,0,33.5,1
0,4188.5,0,-0.1,0,0,33.5,1
0,4188.4,0,-0.1,0,0,33.5,1
0,4188.3,0,-0.1,0,0,33.5,1
0,4188.3,0,0,0,0,33.5,1
0,4188.2,0,-0.1,0,0,33.5,1
0,4188.1,0,-0.1,0,0,33.5,1
0,4188.1,0,0,0,0,33.5,1
0,4188,0,-0.1,0,0,33.5,1
0,4188,0,0,0,0,33.5,1
0,4187.9,0,-0.1,0,0,33.5,1
0,4187.8,0,-0.1,0,0,33.5,1
0,4187.7,0,-0.1,0,0,33.5,1
0,4187.7,0,0,0,0,33.5,1
0,4187.6,0,-0.1,0,0,33.5,1
0,4187.5,0,-0.1,0,0,33.5,1
0,4187.5,0,0,0,0,33.5,1
0,4187.4,0,-0.1,0,0,33.5,1
0,4187.4,0,0,0,0,33.5,1
0,4187.3,0,-0.1,0,0,33.5,1
0,4187.2,0,-0.1,0,0,33.5,1
0,4187.2,0,0,0,0,33.5,1
0,4187.1,0,-0.1,0,0,33.5,1
0,4187,0,-0.1,0,0,33.5,1
0,4186.9,0,-0.1,0,0,33.5,1
0,4186.9,0,0,0,0,33.5,1
0,4186.8,0,-0.1,0,0,33.5,1
0,4186.7,0,-0.1,0,0,33.5,1
0,4186.7,0,0,0,0,33.5,1
0,4186.6,0,-0.1,0,0,33.5,1
0,4186.5,0,-0.1,0,0,33.5,1
0,4186.5,0,0,0,0,33.5,1
0,4186.4,0,-0.1,0,0,33.5,1
0,4186.4,0,0,0,0,33.5,1
0,4186.3,0,-0.1,0,0,33.5,1
0,4186.2,0,-0.1,0,0,33.5,1
0,4186.2,0,0,0,0,33.5,1
0,4186.1,0,-0.1,0,0,33.5,1
0,4186,0,-0.1,0,0,33.5,1
0,4186,0,0,0,0,33.5,1
0,4185.9,0,-0.1,0,0,33.5,1
0,4185.9,0,0,0,0,33.5,1
0,4185.8,0,-0.1,0,0,33.5,1
0,4185.8,0,0,0,0,33.5,1
0,4185.7,0,-0.1,0,0,33.5,1
0,4185.6,0,-0.1,0,0,33.5,1
0,4185.6,0,0,0,0,33.5,1
0,4185.5,0,-0.1,0,0,33.5,1
0,4185.5,0,0,0,0,33.5,1
0,4185.4,0,-0.1,0,0,33.5,1
0,4185.3,0,-0.1,0,0,33.5,1
0,4185.3,0,0,0,0,33.5,1
0,4185.2,0,-0.1,0,0,33.5,1
0,4185.2,0,0,0,0,33.5,1
0,4185.1,0,-0.1,0,0,33.5,1
0,4185,0,-0.1,0,0,33.5,1
0,4185,0,0,0,0,33.5,1
0,4184.9,0,-0.1,0,0,33.5,1
0,4184.8,0,-0.1,0,0,33.5,1
0,4184.8,0,0,0,0,33.5,1
0,4184.7,0,-0.1,0,0,33.5,1
0,4184.7,0,0,0,0,33.5,1
0,4184.7,0,0,0,0,33.5,1
0,4184.6,0,-0.1,0,0,33.5,1
0,4184.5,0,-0.1,0,0,33.5,1
0,4184.5,0,0,0,0,33.5,1
0,4184.4,0,-0.1,0,0,33.5,1
0,4184.4,0,0,0,0,33.5,1
0,4184.3,0,-0.1,0,0,33.5,1
0,4184.3,0,0,0,0,33.5,1
0,4184.2,0,-0.1,0,0,33.5,1
0,4184.2,0,0,0,0,33.5,1
0,4184.1,0,-0.1,0,0,33.5,1
0,4184,0,-0.1,0,0,33.5,1
0,4184,0,0,0,0,33.5,1
0,4183.9,0,-0.1,0,0,33.5,1
0,4183.9,0,0,0,0,33.5,1
0,4183.8,0,-0.1,0,0,33.5,1
0,4183.8,0,0,0,0,33.5,1
0,4183.7,0,-0.1,0,0,33.5,1
0,4183.7,0,0,0,0,33.5,1
0,4183.6,0,-0.1,0,0,33.5,1
0,4183.5,0,-0.1,0,0,33.5,1
0,4183.6,0,0.1,0,0,33.5,1
0,4183.5,0,-0.1,0,0,33.5,1
0,4183.4,0,-0.1,0,0,33.5,1
0,4183.4,0,0,0,0,33.5,1
0,4183.3,0,-0.1,0,0,33.5,1
0,4183.3,0,0,0,0,33.5,1
0,4183.2,0,-0.1,0,0,33.5,1
0,4183.1,0,-0.1,0,0,33.5,1
0,4183.1,0,0,0,0,33.5,1
0,4183,0,-0.1,0,0,33.5,1
0,4183,0,0,0,0,33.5,1
0,4183,0,0,0,0,33.5,1
0,4182.9,0,-0.1,0,0,33.5,1
0,4182.8,0,-0.1,0,0,33.5,1
0,4182.8,0,0,0,0,33.5,1
0,4182.8,0,0,0,0,33.5,1
0,4182.7,0,-0.1,0,0,33.5,1
0,4182.7,0,0,0,0,33.5,1
0,4182.6,0,-0.1,0,0,33.5,1
0,4182.6,0,0,0,0,33.5,1
0,4182.5,0,-0.1,0,0,33.5,1
0,4182.4,0,-0.1,0,0,33.5,1
0,4182.4,0,0,0,0,33.5,1
0,4182.4,0,0,0,0,33.5,1
0,4182.3,0,-0.1,0,0,33.5,1
0,4182.2,0,-0.1,0,0,33.5,1
0,4182.2,0,0,0,0,33.5,1
0,4182.2,0,0,0,0,33.5,1
0,4182.1,0,-0.1,0,0,33.5,1
0,4182.1,0,0,0,0,33.5,1
0,4182,0,-0.1,0,0,33.5,1
0,4182,0,0,0,0,33.5,1
0,4181.9,0,-0.1,0,0,33.5,1
0,4181.9,0,0,0,0,33.5,1
0,4181.9,0,0,0,0,33.5,1
0,4181.8,0,-0.1,0,0,33.5,1
0,4181.7,0,-0.1,0,0,33.5,1
0,4181.7,0,0,0,0,33.5,1
0,4181.6,0,-0.1,0,0,33.5,1
0,4181.6,0,0,0,0,33.5,1
0,4181.5,0,-0.1,0,0,33.5,1
0,4181.5,0,0,0,0,33.5,1
0,4181.4,0,-0.1,0,0,33.5,1
0,4181.4,0,0,0,0,33.5,1
0,4181.4,0,0,0,0,33.5,1
0,4181.3,0,-0.1,0,0,33.5,1
0,4181.2,0,-0.1,0,0,33.5,1
0,4181.2,0,0,0,0,33.5,1
0,4181.1,0,-0.1,0,0,33.5,1
0,4181.1,0,0,0,0,33.5,1
0,4181.1,0,0,0,0,33.5,1
0,4181,0,-0.1,0,0,33.5,1
0,4181,0,0,0,0,33.5,1
0,4181,0,0,0,0,33.5,1
0,4180.9,0,-0.1,0,0,33.5,1
0,4180.9,0,0,0,0,33.5,1
0,4180.9,0,0,0,0,33.5,1
0,4180.8,0,-0.1,0,0,33.5,1
0,4180.7,0,-0.1,0,0,33.5,1
0,4180.7,0,0,0,0,33.5,1
0,4180.7,0,0,0,0,33.5,1
0,4180.6,0,-0.1,0,0,33.5,1
0,4180.6,0,0,0,0,33.5,1
0,4180.5,0,-0.1,0,0,33.5,1
0,4180.4,0,-0.1,0,0,33.5,1
0,4180.4,0,0,0,0,33.5,1
0,4180.4,0,0,0,0,33.5,1
0,4180.3,0,-0.1,0,0,33.5,1
0,4180.3,0,0,0,0,33.5,1
0,4180.2,0,-0.1,0,0,33.5,1
0,4180.2,0,0,0,0,33.5,1
0,4180.1,0,-0.1,0,0,33.5,1
0,4180.2,0,0.1,0,0,33.5,1
0,4180.1,0,-0.1,0,0,33.5,1
0,4180.1,0,0,0,0,33.5,1
0,4180,0,-0.1,0,0,33.5,1
0,4179.9,0,-0.1,0,0,33.5,1
0,4179.9,0,0,0,0,33.5,1
0,4179.8,0,-0.1,0,0,33.5,1
0,4179.8,0,0,0,0,33.5,1
0,4179.8,0,0,0,0,33.5,1
0,4179.7,0,-0.1,0,0,33.5,1
0,4179.7,0,0,0,0,33.5,1
0,4179.6,0,-0.1,0,0,33.5,1
0,4179.6,0,0,0,0,33.5,1
0,4179.5,0,-0.1,0,0,33.5,1
0,4179.5,0,0,0,0,33.5,1
0,4179.5,0,0,0,0,33.5,1
0,4179.5,0,0,0,0,33.5,1
0,4179.4,0,-0.1,0,0,33.5,1
0,4179.4,0,0,0,0,33.5,1
0,4179.3,0,-0.1,0,0,33.5,1
0,4179.2,0,-0.1,0,0,33.5,1
0,4179.2,0,0,0,0,33.5,1
0,4179.2,0,0,0,0,33.5,1
0,4179.1,0,-0.1,0,0,33.5,1
0,4179.1,0,0,0,0,33.5,1
0,4179.1,0,0,0,0,33.5,1
0,4179,0,-0.1,0,0,33.5,1
0,4179,0,0,0,0,33.5,1
0,4178.9,0,-0.1,0,0,33.5,1
0,4178.9,0,0,0,0,33.5,1
0,4178.8,0,-0.1,0,0,33.5,1
0,4178.9,0,0.1,0,0,33.5,1
0,4178.8,0,-0.1,0,0,33.5,1
0,4178.7,0,-0.1,0,0,33.5,1
0,4178.7,0,0,0,0,33.5,1
0,4178.7,0,0,0,0,33.5,1
0,4178.6,0,-0.1,0,0,33.5,1
0,4178.6,0,0,0,0,33.5,1
0,4178.5,0,-0.1,0,0,33.5,1
0,4178.5,0,0,0,0,33.5,1
0,4178.4,0,-0.1,0,0,33.5,1
0,4178.4,0,0,0,0,33.5,1
0,4178.4,0,0,0,0,33.5,1
0,4178.3,0,-0.1,0,0,33.5,1
0,4178.3,0,0,0,0,33.5,1
0,4178.2,0,-0.1,0,0,33.5,1
0,4178.2,0,0,0,0,33.5,1
0,4178.2,0,0,0,0,33.5,1
0,4178.1,0,-0.1,0,0,33.5,1
0,4178.1,0,0,0,0,33.5,1
0,4178.1,0,0,0,0,33.5,1
0,4178,0,-0.1,0,0,33.5,1
0,4178,0,0,0,0,33.5,1
0,4177.9,0,-0.1,0,0,33.5,1
0,4177.9,0,0,0,0,33.5,1
0,4177.8,0,-0.1,0,0,33.5,1
0,4177.8,0,0,0,0,33.5,1
0,4177.8,0,0,0,0,33.5,1
0,4177.7,0,-0.1,0,0,33.5,1
0,4177.7,0,0,0,0,33.5,1
0,4177.7,0,0,0,0,33.5,1
0,4177.6,0,-0.1,0,0,33.5,1
0,4177.6,0,0,0,0,33.5,1
0,4177.5,0,-0.1,0,0,33.5,1
0,4177.5,0,0,0,0,33.5,1
0,4177.5,0,0,0,0,33.5,1
0,4177.5,0,0,0,0,33.5,1
0,4177.4,0,-0.1,0,0,33.5,1
0,4177.4,0,0,0,0,33.5,1
2,4177.2,2,-0.2,0.0083544,0,33.5,1
460.9,4158.5,458.9,-18.7,1.9166526,0.1,33.5,0.99992405
927.9,4137.4,467,-21.1,3.8390935,0.4,33.5,0.99969619
1386.9,4115.3,459,-22.1,5.7075096,0.8,33.5,0.99939237
1838.8,4092.5,451.9,-22.8,7.525289,1.3,33.5,0.99901261
2306.8,4068.6,468,-23.9,9.3854465,1.9,33.5,0.99855689
2301,4062.5,-5.8,-6.1,9.3478125,2.5,33.5,0.99810117
2305.9,4057,4.9,-5.5,9.3550363,3.2,33.5,0.9975695
2306,4052.3,0.1,-4.7,9.3446038,3.8,33.5,0.99711378
2303.9,4048.2,-2.1,-4.1,9.326648,4.5,33.5,0.99658211
2303,4044.4,-0.9,-3.8,9.3142532,5.1,33.5,0.99612639
2073.9,4049.6,-229.1,5.2,8.3984654,5.7,33.5,0.99567067
1857,4055.2,-216.9,5.6,7.5305064,6.2,33.5,0.9952909
1629.1,4061.8,-227.9,6.6,6.6170784,6.7,33.5,0.99491113
1405,4068.9,-224.1,7.1,5.7168045,7,33.5,0.99468328
1408,4067.9,3,-1,5.7276032,7.4,33.5,0.99437946
1403.9,4066.9,-4.1,-1,5.7095209,7.8,33.5,0.99407565
1399,4066,-4.9,-0.9,5.688334,8.2,33.5,0.99377184
1397.1,4064.9,-1.9,-1.1,5.6790718,8.6,33.5,0.99346802
1399,4063.6,1.9,-1.3,5.6849764,9,33.5,0.99316421
1688.9,4051.5,289.9,-12.1,6.8425784,9.5,33.5,0.99278444
1985,4038.3,296.1,-13.2,8.0160255,10,33.5,0.99240468
2277.9,4024.8,292.9,-13.5,9.1680919,10.6,33.5,0.99194896
2574,4010.8,296.1,-14,10.323799,11.4,33.5,0.99134133
2861.9,3996.6,287.9,-14.2,11.43787,12.2,33.5,0.99073371
3000,3987.8,138.1,-8.8,11.9634,13,33.5,0.99012608
3000.1,3984.2,0.1,-3.6,11.952998,13.8,33.5,0.98951846
3000.1,3981,0,-3.2,11.943398,14.7,33.5,0.98883488
2539,3995.1,-461.1,14.1,10.143559,15.4,33.5,0.98830321
1926,4016.2,-613,21.1,7.7352012,15.9,33.5,0.98792344
1307,4038.8,-619,22.6,5.2787116,16.3,33.5,0.98761963
689.1,4062.5,-617.9,23.7,2.7994688,16.4,33.5,0.98754367
80,4087,-609.1,24.5,0.32696,16.5,33.5,0.98746772
71,4090.1,-9,3.1,0.2903971,16.5,33.5,0.98746772
78,4092,7,1.9,0.319176,16.5,33.5,0.98746772
78,4093.8,0,1.8,0.3193164,16.5,33.5,0.98746772
72,4095.5,-6,1.7,0.294876,16.6,33.5,0.98739177
72,4096.9,0,1.4,0.2949768,16.6,33.5,0.98739177
81,4097.8,9,0.9,0.3319218,16.6,33.5,0.98739177
80,4098.9,-1,1.1,0.327912,16.6,33.5,0.98739177
78,4100.1,-2,1.2,0.3198078,16.7,33.5,0.98731581
77,4101.1,-1,1,0.3157847,16.7,33.5,0.98731581
19,4104.2,-58,3.1,0.0779798,16.7,33.5,0.98731581
-42,4107.6,-61,3.4,-0.1725192,16.7,33.5,0.98731581
-91,4110.5,-49,2.9,-0.3740555,16.6,33.5,0.98739177
-146.8,4113.7,-55.8,3.2,-0.60389116,16.6,33.5,0.98739177
-153.8,4115.1,-7,1.4,-0.63290238,16.6,33.5,0.98739177
-151.8,4116.2,2,1.1,-0.62483916,16.5,33.5,0.98746772
-145.9,4116.9,5.9,0.7,-0.60065571,16.5,33.5,0.98746772
-153.7,4118.2,-7.8,1.3,-0.63296734,16.4,33.5,0.98754367
-150.8,4119,2.9,0.8,-0.6211452,16.4,33.5,0.98754367
-144.9,4119.6,5.9,0.6,-0.59693004,16.4,33.5,0.98754367
-150.9,4120.7,-6,1.1,-0.62181363,16.3,33.5,0.98761963
-152.9,4121.6,-2,0.9,-0.63019264,16.3,33.5,0.98761963
-145.8,4122,7.1,0.4,-0.6009876,16.2,33.5,0.98769558
-149.8,4122.9,-4,0.9,-0.61761042,16.2,33.5,0.98769558
-147.9,4123.5,1.9,0.6,-0.60986565,16.1,33.5,0.98777153
-146.8,4124.2,1.1,0.7,-0.60543256,16.1,33.5,0.98777153
-145.7,4124.8,1.1,0.6,-0.60098336,16.1,33.5,0.98777153
553.8,4098.8,699.5,-26,2.2699154,16.2,33.5,0.98769558
1255.9,4070.9,702.1,-27.9,5.1126433,16.6,33.5,0.98739177
1255.1,4068.1,-0.8,-2.8,5.1058723,16.9,33.5,0.98716391
1255.9,4065.8,0.8,-2.3,5.1062382,17.2,33.5,0.98693605
1252,4064.1,-3.9,-1.7,5.0882532,17.6,33.5,0.98663223
1255,4062.5,3,-1.6,5.0984375,17.9,33.5,0.98640437
1257.1,4060.9,2.1,-1.6,5.1049574,18.3,33.5,0.98610056
1256,4059.5,-1.1,-1.4,5.098732,18.6,33.5,0.9858727
1253.9,4058.3,-2.1,-1.2,5.0887024,19,33.5,0.98556889
1257,4057,3.1,-1.3,5.099649,19.3,33.5,0.98534103
1256,4055.9,-1,-1.1,5.0942104,19.7,33.5,0.98503722
1252.9,4054.9,-3.1,-1,5.0803842,20,33.5,0.98480936
1252,4053.9,-0.9,-1,5.0754828,20.4,33.5,0.98450554
1252,4052.9,0,-1,5.0742308,20.7,33.5,0.98427768
1518,4042,266,-10.9,6.135756,21.2,33.5,0.98389792
1781.7,4030.7,263.7,-11.3,7.1814982,21.6,33.5,0.98359411
2046.8,4018.8,265.1,-11.9,8.2256798,22.2,33.5,0.98313839
2306.9,4006.9,260.1,-11.9,9.2435176,22.9,33.5,0.98260671
2577,3994.3,270.1,-12.6,10.293311,23.6,33.5,0.98207504
2569.9,3991.6,-7.1,-2.7,10.258013,24.3,33.5,0.98154337
2577.9,3988.7,8,-2.9,10.28247,25,33.5,0.9810117
2578.1,3986.4,0.2,-2.3,10.277338,25.7,33.5,0.98048002
2576,3984.2,-2.1,-2.2,10.263299,26.4,33.5,0.97994835
2575.9,3982.1,-0.1,-2.1,10.257491,27.2,33.5,0.97934073
2575,3980.2,-0.9,-1.9,10.249015,27.9,33.5,0.97880905
2576,3978.3,1,-1.9,10.248101,28.6,33.5,0.97827738
2577.9,3976.4,1.9,-1.9,10.250762,29.3,33.5,0.97774571
2570,3975,-7.9,-1.4,10.21575,30,33.5,0.97721404
-885.8,4100.5,-3455.8,125.5,-3.6322229,29.8,33.5,0.97736594
-881.9,4106.3,3.9,5.8,-3.621346,29.6,33.5,0.97751785
-754.8,4105.9,127.1,-0.4,-3.0991333,29.4,33.5,0.97766976
-620.7,4104.2,134.1,-1.7,-2.5474769,29.2,33.5,0.97782166
-492.8,4102,127.9,-2.2,-2.0214656,29,33.5,0.97797357
-359.1,4099.1,133.7,-2.9,-1.4719868,28.9,33.5,0.97804952
-226.9,4095.7,132.2,-3.4,-0.92931433,28.9,33.5,0.97804952
-101.8,4092.3,125.1,-3.4,-0.41659614,28.9,33.5,0.97804952
30,4088.3,131.8,-4,0.122649,28.8,33.5,0.97812547
33,4088.7,3,0.4,0.1349271,28.8,33.5,0.97812547
33,4089.4,0,0.7,0.1349502,28.9,33.5,0.97804952
37,4090,4,0.6,0.15133,28.9,33.5,0.97804952
32,4090.8,-5,0.8,0.1309056,28.9,33.5,0.97804952
32,4091.4,0,0.6,0.1309248,28.9,33.5,0.97804952
30,4092.1,-2,0.7,0.122763,28.9,33.5,0.97804952
34,4092.6,4,0.5,0.1391484,28.9,33.5,0.97804952
34,4093.1,0,0.5,0.1391654,28.9,33.5,0.97804952
33,4093.8,-1,0.7,0.1350954,28.9,33.5,0.97804952
31,4094.3,-2,0.5,0.1269233,28.9,33.5,0.97804952
28,4095,-3,0.7,0.11466,28.9,33.5,0.97804952
34,4095.2,6,0.2,0.1392368,28.9,33.5,0.97804952
37,4095.6,3,0.4,0.1515372,29,33.5,0.97797357
34,4096.2,-3,0.6,0.1392708,29,33.5,0.97797357
35,4096.5,1,0.3,0.1433775,29,33.5,0.97797357
36,4097,1,0.5,0.147492,29,33.5,0.97797357
29,4097.7,-7,0.7,0.1188333,29,33.5,0.97797357
38,4097.7,9,0,0.1557126,29,33.5,0.97797357
30,4098.4,-8,0.7,0.122952,29,33.5,0.97797357
28,4098.8,-2,0.4,0.1147664,29,33.5,0.97797357
25,4099.3,-3,0.5,0.1024825,29,33.5,0.97797357
32,4099.4,7,0.1,0.1311808,29,33.5,0.97797357
32,4099.7,0,0.3,0.1311904,29,33.5,0.97797357
32,4100,0,0.3,0.1312,29.1,33.5,0.97789762
34,4100.3,2,0.3,0.1394102,29.1,33.5,0.97789762
30,4100.7,-4,0.4,0.123021,29.1,33.5,0.97789762
32,4100.9,2,0.2,0.1312288,29.1,33.5,0.97789762
32,4101.2,0,0.3,0.1312384,29.1,33.5,0.97789762
35,4101.4,3,0.2,0.143549,29.1,33.5,0.97789762
33,4101.7,-2,0.3,0.1353561,29.1,33.5,0.97789762
28,4102.2,-5,0.5,0.1148616,29.1,33.5,0.97789762
30,4102.4,2,0.2,0.123072,29.1,33.5,0.97789762
36,4102.4,6,0,0.1476864,29.1,33.5,0.97789762
33,4102.7,-3,0.3,0.1353891,29.1,33.5,0.97789762
38,4102.8,5,0.1,0.1559064,29.2,33.5,0.97782166
28,4103.3,-10,0.5,0.1148924,29.2,33.5,0.97782166
36,4103.3,8,0,0.1477188,29.2,33.5,0.97782166
29,4103.7,-7,0.4,0.1190073,29.2,33.5,0.97782166
28,4103.9,-1,0.2,0.1149092,29.2,33.5,0.97782166
29,4104.1,1,0.2,0.1190189,29.2,33.5,0.97782166
31,4104.2,2,0.1,0.1272302,29.2,33.5,0.97782166
33,4104.3,2,0.1,0.1354419,29.2,33.5,0.97782166
32,4104.6,-1,0.3,0.1313472,29.2,33.5,0.97782166
34,4104.6,2,0,0.1395564,29.2,33.5,0.97782166
31,4104.9,-3,0.3,0.1272519,29.2,33.5,0.97782166
33,4105,2,0.1,0.135465,29.2,33.5,0.97782166
32,4105.2,-1,0.2,0.1313664,29.3,33.5,0.97774571
33,4105.3,1,0.1,0.1354749,29.3,33.5,0.97774571
33,4105.5,0,0.2,0.1354815,29.3,33.5,0.97774571
31,4105.7,-2,0.2,0.1272767,29.3,33.5,0.97774571
36,4105.7,5,0,0.1478052,29.3,33.5,0.97774571
27,4106.1,-9,0.4,0.1108647,29.3,33.5,0.97774571
32,4106.1,5,0,0.1313952,29.3,33.5,0.97774571
27,4106.4,-5,0.3,0.1108728,29.3,33.5,0.97774571
32,4106.4,5,0,0.1314048,29.3,33.5,0.97774571
26,4106.8,-6,0.4,0.1067768,29.3,33.5,0.97774571
28,4106.8,2,0,0.1149904,29.3,33.5,0.97774571
31,4106.8,3,0,0.1273108,29.3,33.5,0.97774571
27,4107.1,-4,0.3,0.1108917,29.4,33.5,0.97766976
36,4106.8,9,-0.3,0.1478448,29.4,33.5,0.97766976
32,4107.1,-4,0.3,0.1314272,29.4,33.5,0.97766976
32,4107.2,0,0.1,0.1314304,29.4,33.5,0.97766976
32,4107.3,0,0.1,0.1314336,29.4,33.5,0.97766976
32,4107.4,0,0.1,0.1314368,29.4,33.5,0.97766976
39,4107.2,7,-0.2,0.1601808,29.4,33.5,0.97766976
28,4107.7,-11,0.5,0.1150156,29.4,33.5,0.97766976
34,4107.6,6,-0.1,0.1396584,29.4,33.5,0.97766976
30,4107.8,-4,0.2,0.123234,29.4,33.5,0.97766976
30,4107.9,0,0.1,0.123237,29.4,33.5,0.97766976
26,4108.2,-4,0.3,0.1068132,29.5,33.5,0.9775938
29,4108.2,3,0,0.1191378,29.5,33.5,0.9775938
31,4108.1,2,-0.1,0.1273511,29.5,33.5,0.9775938
37,4108,6,-0.1,0.151996,29.5,33.5,0.9775938
32,4108.3,-5,0.3,0.1314656,29.5,33.5,0.9775938
34,4108.3,2,0,0.1396822,29.5,33.5,0.9775938
35,4108.3,1,0,0.1437905,29.5,33.5,0.9775938
30,4108.5,-5,0.2,0.123255,29.5,33.5,0.9775938
32,4108.6,2,0.1,0.1314752,29.5,33.5,0.9775938
30,4108.7,-2,0.1,0.123261,29.5,33.5,0.9775938
36,4108.6,6,-0.1,0.1479096,29.5,33.5,0.9775938
31,4108.8,-5,0.2,0.1273728,29.6,33.5,0.97751785
30,4108.9,-1,0.1,0.123267,29.6,33.5,0.97751785
27,4109.1,-3,0.2,0.1109457,29.6,33.5,0.97751785
31,4109,4,-0.1,0.127379,29.6,33.5,0.97751785
30,4109.1,-1,0.1,0.123273,29.6,33.5,0.97751785
35,4109,5,-0.1,0.143815,29.6,33.5,0.97751785
31,4109.2,-4,0.2,0.1273852,29.6,33.5,0.97751785
28,4109.4,-3,0.2,0.1150632,29.6,33.5,0.97751785
35,4109.2,7,-0.2,0.143822,29.6,33.5,0.97751785
37,4109.2,2,0,0.1520404,29.6,33.5,0.97751785
32,4109.4,-5,0.2,0.1315008,29.6,33.5,0.97751785
29,4109.5,-3,0.1,0.1191755,29.6,33.5,0.97751785
29,4109.6,0,0.1,0.1191784,29.7,33.5,0.9774419
27,4109.7,-2,0.1,0.1109619,29.7,33.5,0.9774419
31,4109.6,4,-0.1,0.1273976,29.7,33.5,0.9774419
33,4109.6,2,0,0.1356168,29.7,33.5,0.9774419
29,4109.8,-4,0.2,0.1191842,29.7,33.5,0.9774419
32,4109.8,3,0,0.1315136,29.7,33.5,0.9774419
34,4109.7,2,-0.1,0.1397298,29.7,33.5,0.9774419
30,4109.9,-4,0.2,0.123297,29.7,33.5,0.9774419
30,4109.9,0,0,0.123297,29.7,33.5,0.9774419
38,4109.7,8,-0.2,0.1561686,29.7,33.5,0.9774419
36,4109.8,-2,0.1,0.1479528,29.7,33.5,0.9774419
35,4109.9,-1,0.1,0.1438465,29.8,33.5,0.97736594
28,4110.2,-7,0.3,0.1150856,29.8,33.5,0.97736594
32,4110.1,4,-0.1,0.1315232,29.8,33.5,0.97736594
32,4110.1,0,0,0.1315232,29.8,33.5,0.97736594
29,4110.2,-3,0.1,0.1191958,29.8,33.5,0.97736594
32,4110.2,3,0,0.1315264,29.8,33.5,0.97736594
29,4110.3,-3,0.1,0.1191987,29.8,33.5,0.97736594
36,4110.1,7,-0.2,0.1479636,29.8,33.5,0.97736594
38,4110.1,2,0,0.1561838,29.8,33.5,0.97736594
37,4110.1,-1,0,0.1520737,29.8,33.5,0.97736594
39,4110.1,2,0,0.1602939,29.8,33.5,0.97736594
32,4110.3,-7,0.2,0.1315296,29.9,33.5,0.97728999
33,4110.3,1,0,0.1356399,29.9,33.5,0.97728999
38,4110.2,5,-0.1,0.1561876,29.9,33.5,0.97728999
36,4110.3,-2,0.1,0.1479708,29.9,33.5,0.97728999
36,4110.3,0,0,0.1479708,29.9,33.5,0.97728999
30,4110.6,-6,0.3,0.123318,29.9,33.5,0.97728999
35,4110.4,5,-0.2,0.143864,29.9,33.5,0.97728999
35,4110.4,0,0,0.143864,29.9,33.5,0.97728999
32,4110.6,-3,0.2,0.1315392,29.9,33.5,0.97728999
31,4110.6,-1,0,0.1274286,29.9,33.5,0.97728999
37,4110.4,6,-0.2,0.1520848,30,33.5,0.97721404
31,4110.7,-6,0.3,0.1274317,30,33.5,0.97721404
35,4110.6,4,-0.1,0.143871,30,33.5,0.97721404
32,4110.7,-3,0.1,0.1315424,30,33.5,0.97721404
40,4110.4,8,-0.3,0.164416,30,33.5,0.97721404
36,4110.6,-4,0.2,0.1479816,30,33.5,0.97721404
33,4110.7,-3,0.1,0.1356531,30,33.5,0.97721404
36,4110.6,3,-0.1,0.1479816,30,33.5,0.97721404
33,4110.8,-3,0.2,0.1356564,30,33.5,0.97721404
37,4110.7,4,-0.1,0.1520959,30,33.5,0.97721404
33,4110.8,-4,0.1,0.1356564,30,33.5,0.97721404
32,4110.9,-1,0.1,0.1315488,30.1,33.5,0.97713808
37,4110.7,5,-0.2,0.1520959,30.1,33.5,0.97713808
36,4110.7,-1,0,0.1479852,30.1,33.5,0.97713808
36,4110.8,0,0.1,0.1479888,30.1,33.5,0.97713808
36,4110.8,0,0,0.1479888,30.1,33.5,0.97713808
37,4110.7,1,-0.1,0.1520959,30.1,33.5,0.97713808
32,4110.9,-5,0.2,0.1315488,30.1,33.5,0.97713808
36,4110.8,4,-0.1,0.1479888,30.1,33.5,0.97713808
35,4110.9,-1,0.1,0.1438815,30.1,33.5,0.97713808
36,4110.8,1,-0.1,0.1479888,30.1,33.5,0.97713808
29,4111.1,-7,0.3,0.1192219,30.2,33.5,0.97706213
34,4111,5,-0.1,0.139774,30.2,33.5,0.97706213
35,4111,1,0,0.143885,30.2,33.5,0.97706213
32,4111.1,-3,0.1,0.1315552,30.2,33.5,0.97706213
35,4111,3,-0.1,0.143885,30.2,33.5,0.97706213
35,4111,0,0,0.143885,30.2,33.5,0.97706213
37,4110.9,2,-0.1,0.1521033,30.2,33.5,0.97706213
32,4111.1,-5,0.2,0.1315552,30.2,33.5,0.97706213
38,4110.9,6,-0.2,0.1562142,30.2,33.5,0.97706213
31,4111.2,-7,0.3,0.1274472,30.2,33.5,0.97706213
37,4111,6,-0.2,0.152107,30.2,33.5,0.97706213
30,4111.2,-7,0.2,0.123336,30.3,33.5,0.97698618
33,4111.2,3,0,0.1356696,30.3,33.5,0.97698618
33,4111.2,0,0,0.1356696,30.3,33.5,0.97698618
29,4111.3,-4,0.1,0.1192277,30.3,33.5,0.97698618
33,4111.2,4,-0.1,0.1356696,30.3,33.5,0.97698618
32,4111.3,-1,0.1,0.1315616,30.3,33.5,0.97698618
29,4111.4,-3,0.1,0.1192306,30.3,33.5,0.97698618
35,4111.2,6,-0.2,0.143892,30.3,33.5,0.97698618
34,4111.2,-1,0,0.1397808,30.3,33.5,0.97698618
37,4111.2,3,0,0.1521144,30.3,33.5,0.97698618
31,4111.4,-6,0.2,0.1274534,30.3,33.5,0.97698618
35,4111.2,4,-0.2,0.143892,30.4,33.5,0.97691022
36,4111.2,1,0,0.1480032,30.4,33.5,0.97691022
34,4111.3,-2,0.1,0.1397842,30.4,33.5,0.97691022
39,4111.1,5,-0.2,0.1603329,30.4,33.5,0.97691022
35,4111.2,-4,0.1,0.143892,30.4,33.5,0.97691022
29,4111.5,-6,0.3,0.1192335,30.4,33.5,0.97691022
38,4111.2,9,-0.3,0.1562256,30.4,33.5,0.97691022
37,4111.2,-1,0,0.1521144,30.4,33.5,0.97691022
33,4111.3,-4,0.1,0.1356729,30.4,33.5,0.97691022
34,4111.3,1,0,0.1397842,30.4,33.5,0.97691022
35,4111.3,1,0,0.1438955,30.5,33.5,0.97683427
35,4111.2,0,-0.1,0.143892,30.5,33.5,0.97683427
36,4111.3,1,0.1,0.1480068,30.5,33.5,0.97683427
30,4111.5,-6,0.2,0.123345,30.5,33.5,0.97683427
39,4111.2,9,-0.3,0.1603368,30.5,33.5,0.97683427
36,4111.3,-3,0.1,0.1480068,30.5,33.5,0.97683427
32,4111.4,-4,0.1,0.1315648,30.5,33.5,0.97683427
33,4111.4,1,0,0.1356762,30.5,33.5,0.97683427
38,4111.2,5,-0.2,0.1562256,30.5,33.5,0.97683427
32,4111.4,-6,0.2,0.1315648,30.5,33.5,0.97683427
35,4111.4,3,0,0.143899,30.6,33.5,0.97675832
38,4111.2,3,-0.2,0.1562256,30.6,33.5,0.97675832
33,4111.4,-5,0.2,0.1356762,30.6,33.5,0.97675832
34,4111.4,1,0,0.1397876,30.6,33.5,0.97675832
32,4111.5,-2,0.1,0.131568,30.6,33.5,0.97675832
33,4111.4,1,-0.1,0.1356762,30.6,33.5,0.97675832
34,4111.4,1,0,0.1397876,30.6,33.5,0.97675832
32,4111.5,-2,0.1,0.131568,30.6,33.5,0.97675832
34,4111.4,2,-0.1,0.1397876,30.6,33.5,0.97675832
35,4111.4,1,0,0.143899,30.6,33.5,0.97675832
35,4111.4,0,0,0.143899,30.6,33.5,0.97675832
33,4111.5,-2,0.1,0.1356795,30.7,33.5,0.97668236
34,4111.5,1,0,0.139791,30.7,33.5,0.97668236
32,4111.5,-2,0,0.131568,30.7,33.5,0.97668236
33,4111.5,1,0,0.1356795,30.7,33.5,0.97668236
32,4111.6,-1,0.1,0.1315712,30.7,33.5,0.97668236
34,4111.5,2,-0.1,0.139791,30.7,33.5,0.97668236
32,4111.5,-2,0,0.131568,30.7,33.5,0.97668236
32,4111.6,0,0.1,0.1315712,30.7,33.5,0.97668236
42,4111.2,10,-0.4,0.1726704,30.7,33.5,0.97668236
36,4111.4,-6,0.2,0.1480104,30.7,33.5,0.97668236
33,4111.5,-3,0.1,0.1356795,30.7,33.5,0.97668236
37,4111.4,4,-0.1,0.1521218,30.8,33.5,0.97660641
38,4111.3,1,-0.1,0.1562294,30.8,33.5,0.97660641
33,4111.5,-5,0.2,0.1356795,30.8,33.5,0.97660641
37,4111.3,4,-0.2,0.1521181,30.8,33.5,0.97660641
37,4111.3,0,0,0.1521181,30.8,33.5,0.97660641
32,4111.6,-5,0.3,0.1315712,30.8,33.5,0.97660641
34,4111.5,2,-0.1,0.139791,30.8,33.5,0.97660641
34,4111.5,0,0,0.139791,30.8,33.5,0.97660641
33,4111.5,-1,0,0.1356795,30.8,33.5,0.97660641
30,4111.6,-3,0.1,0.123348,30.8,33.5,0.97660641
31,4111.6,1,0,0.1274596,30.9,33.5,0.97653046
40,4111.3,9,-0.3,0.164452,30.9,33.5,0.97653046
38,4111.3,-2,0,0.1562294,30.9,33.5,0.97653046
36,4111.4,-2,0.1,0.1480104,30.9,33.5,0.97653046
33,4111.5,-3,0.1,0.1356795,30.9,33.5,0.97653046
35,4111.4,2,-0.1,0.143899,30.9,33.5,0.97653046
37,4111.3,2,-0.1,0.1521181,30.9,33.5,0.97653046
38,4111.3,1,0,0.1562294,30.9,33.5,0.97653046
32,4111.5,-6,0.2,0.131568,30.9,33.5,0.97653046
34,4111.5,2,0,0.139791,30.9,33.5,0.97653046
31,4111.6,-3,0.1,0.1274596,31,33.5,0.9764545
30,4111.6,-1,0,0.123348,31,33.5,0.9764545
39,4111.3,9,-0.3,0.1603407,31,33.5,0.9764545
30,4111.6,-9,0.3,0.123348,31,33.5,0.9764545
36,4111.4,6,-0.2,0.1480104,31,33.5,0.9764545
36,4111.4,0,0,0.1480104,31,33.5,0.9764545
35,4111.4,-1,0,0.143899,31,33.5,0.9764545
32,4111.5,-3,0.1,0.131568,31,33.5,0.9764545
38,4111.3,6,-0.2,0.1562294,31,33.5,0.9764545
37,4111.3,-1,0,0.1521181,31,33.5,0.9764545
36,4111.4,-1,0.1,0.1480104,31,33.5,0.9764545
37,4111.3,1,-0.1,0.1521181,31.1,33.5,0.97637855
33,4111.5,-4,0.2,0.1356795,31.1,33.5,0.97637855
40,4111.2,7,-0.3,0.164448,31.1,33.5,0.97637855
43,4111.1,3,-0.1,0.1767773,31.1,33.5,0.97637855
42,4111.1,-1,0,0.1726662,31.1,33.5,0.97637855
46,4111,4,-0.1,0.189106,31.1,33.5,0.97637855
59,4110.4,13,-0.6,0.2425136,31.1,33.5,0.97637855
50,4110.7,-9,0.3,0.205535,31.1,33.5,0.97637855
48,4110.7,-2,0,0.1973136,31.2,33.5,0.9763026
53,4110.6,5,-0.1,0.2178618,31.2,33.5,0.9763026
48,4110.7,-5,0.1,0.1973136,31.2,33.5,0.9763026
49,4110.7,1,0,0.2014243,31.2,33.5,0.9763026
48,4110.7,-1,0,0.1973136,31.2,33.5,0.9763026
54,4110.5,6,-0.2,0.221967,31.2,33.5,0.9763026
50,4110.6,-4,0.1,0.20553,31.2,33.5,0.9763026
56,4110.3,6,-0.3,0.2301768,31.3,33.5,0.97622664
53,4110.4,-3,0.1,0.2178512,31.3,33.5,0.97622664
49,4110.5,-4,0.1,0.2014145,31.3,33.5,0.97622664
47,4110.6,-2,0.1,0.1931982,31.3,33.5,0.97622664
54,4110.3,7,-0.3,0.2219562,31.3,33.5,0.97622664
46,4110.6,-8,0.3,0.1890876,31.3,33.5,0.97622664
51,4110.4,5,-0.2,0.2096304,31.3,33.5,0.97622664
49,4110.5,-2,0.1,0.2014145,31.4,33.5,0.97615069
44,4110.6,-5,0.1,0.1808664,31.4,33.5,0.97615069
54,4110.2,10,-0.4,0.2219508,31.4,33.5,0.97615069
49,4110.4,-5,0.2,0.2014096,31.4,33.5,0.97615069
48,4110.4,-1,0,0.1972992,31.4,33.5,0.97615069
50,4110.4,2,0,0.20552,31.4,33.5,0.97615069
50,4110.4,0,0,0.20552,31.4,33.5,0.97615069
48,4110.4,-2,0,0.1972992,31.5,33.5,0.97607474
47,4110.4,-1,0,0.1931888,31.5,33.5,0.97607474
46,4110.5,-1,0.1,0.189083,31.5,33.5,0.97607474
53,4110.2,7,-0.3,0.2178406,31.5,33.5,0.97607474
52,4110.2,-1,0,0.2137304,31.5,33.5,0.97607474
49,4110.3,-3,0.1,0.2014047,31.5,33.5,0.97607474
51,4110.2,2,-0.1,0.2096202,31.5,33.5,0.97607474
48,4110.3,-3,0.1,0.1972944,31.5,33.5,0.97607474
50,4110.2,2,-0.1,0.20551,31.6,33.5,0.97599878
49,4110.2,-1,0,0.2013998,31.6,33.5,0.97599878
50,4110.2,1,0,0.20551,31.6,33.5,0.97599878
52,4110.1,2,-0.1,0.2137252,31.6,33.5,0.97599878
47,4110.3,-5,0.2,0.1931841,31.6,33.5,0.97599878
56,4109.9,9,-0.4,0.2301544,31.6,33.5,0.97599878
52,4110.1,-4,0.2,0.2137252,31.6,33.5,0.97599878
53,4110,1,-0.1,0.21783,31.7,33.5,0.97592283
52,4110,-1,0,0.21372,31.7,33.5,0.97592283
49,4110.1,-3,0.1,0.2013949,31.7,33.5,0.97592283
50,4110.1,1,0,0.205505,31.7,33.5,0.97592283
49,4110.1,-1,0,0.2013949,31.7,33.5,0.97592283
53,4109.9,4,-0.2,0.2178247,31.7,33.5,0.97592283
49,4110.1,-4,0.2,0.2013949,31.7,33.5,0.97592283
56,4109.8,7,-0.3,0.2301488,31.8,33.5,0.97584688
48,4110.1,-8,0.3,0.1972848,31.8,33.5,0.97584688
47,4110.1,-1,0,0.1931747,31.8,33.5,0.97584688
48,4110,1,-0.1,0.19728,31.8,33.5,0.97584688
49,4110.1,1,0.1,0.2013949,31.8,33.5,0.97584688
50,4110,1,-0.1,0.2055,31.8,33.5,0.97584688
51,4109.9,1,-0.1,0.2096049,31.8,33.5,0.97584688
53,4109.8,2,-0.1,0.2178194,31.9,33.5,0.97577093
48,4110,-5,0.2,0.19728,31.9,33.5,0.97577093
55,4109.7,7,-0.3,0.2260335,31.9,33.5,0.97577093
50,4109.9,-5,0.2,0.205495,31.9,33.5,0.97577093
51,4109.8,1,-0.1,0.2095998,31.9,33.5,0.97577093
52,4109.8,1,0,0.2137096,31.9,33.5,0.97577093
51,4109.8,-1,0,0.2095998,31.9,33.5,0.97577093
48,4109.9,-3,0.1,0.1972752,32,33.5,0.97569497
53,4109.7,5,-0.2,0.2178141,32,33.5,0.97569497
51,4109.8,-2,0.1,0.2095998,32,33.5,0.97569497
56,4109.5,5,-0.3,0.230132,32,33.5,0.97569497
49,4109.8,-7,0.3,0.2013802,32,33.5,0.97569497
42,4110.1,-7,0.3,0.1726242,32,33.5,0.97569497
55,4109.6,13,-0.5,0.226028,32,33.5,0.97569497
51,4109.7,-4,0.1,0.2095947,32.1,33.5,0.97561902
48,4109.8,-3,0.1,0.1972704,32.1,33.5,0.97561902
55,4109.5,7,-0.3,0.2260225,32.1,33.5,0.97561902
53,4109.6,-2,0.1,0.2178088,32.1,33.5,0.97561902
51,4109.7,-2,0.1,0.2095947,32.1,33.5,0.97561902
52,4109.6,1,-0.1,0.2136992,32.1,33.5,0.97561902
51,4109.6,-1,0,0.2095896,32.1,33.5,0.97561902
42,4109.9,-9,0.3,0.1726158,32.2,33.5,0.97554307
49,4109.7,7,-0.2,0.2013753,32.2,33.5,0.97554307
51,4109.6,2,-0.1,0.2095896,32.2,33.5,0.97554307
50,4109.6,-1,0,0.20548,32.2,33.5,0.97554307
45,4109.8,-5,0.2,0.184941,32.2,33.5,0.97554307
50,4109.6,5,-0.2,0.20548,32.2,33.5,0.97554307
48,4109.7,-2,0.1,0.1972656,32.2,33.5,0.97554307
53,4109.5,5,-0.2,0.2178035,32.2,33.5,0.97554307
50,4109.5,-3,0,0.205475,32.3,33.5,0.97546711
44,4109.7,-6,0.2,0.1808268,32.3,33.5,0.97546711
53,4109.4,9,-0.3,0.2177982,32.3,33.5,0.97546711
49,4109.6,-4,0.2,0.2013704,32.3,33.5,0.97546711
48,4109.6,-1,0,0.1972608,32.3,33.5,0.97546711
53,4109.4,5,-0.2,0.2177982,32.3,33.5,0.97546711
46,4109.6,-7,0.2,0.1890416,32.3,33.5,0.97546711
53,4109.4,7,-0.2,0.2177982,32.4,33.5,0.97539116
47,4109.6,-6,0.2,0.1931512,32.4,33.5,0.97539116
52,4109.4,5,-0.2,0.2136888,32.4,33.5,0.97539116
48,4109.5,-4,0.1,0.197256,32.4,33.5,0.97539116
49,4109.5,1,0,0.2013655,32.4,33.5,0.97539116
53,4109.3,4,-0.2,0.2177929,32.4,33.5,0.97539116
50,4109.4,-3,0.1,0.20547,32.4,33.5,0.97539116
49,4109.4,-1,0,0.2013606,32.5,33.5,0.97531521
49,4109.4,0,0,0.2013606,32.5,33.5,0.97531521
53,4109.2,4,-0.2,0.2177876,32.5,33.5,0.97531521
46,4109.5,-7,0.3,0.189037,32.5,33.5,0.97531521
52,4109.3,6,-0.2,0.2136836,32.5,33.5,0.97531521
46,4109.5,-6,0.2,0.189037,32.5,33.5,0.97531521
49,4109.3,3,-0.2,0.2013557,32.5,33.5,0.97531521
45,4109.4,-4,0.1,0.184923,32.5,33.5,0.97531521
56,4109.1,11,-0.3,0.2301096,32.6,33.5,0.97523925
55,4109.1,-1,0,0.2260005,32.6,33.5,0.97523925
50,4109.3,-5,0.2,0.205465,32.6,33.5,0.97523925
47,4109.3,-3,0,0.1931371,32.6,33.5,0.97523925
49,4109.3,2,0,0.2013557,32.6,33.5,0.97523925
49,4109.3,0,0,0.2013557,32.6,33.5,0.97523925
50,4109.2,1,-0.1,0.20546,32.6,33.5,0.97523925
51,4109.2,1,0,0.2095692,32.7,33.5,0.9751633
50,4109.2,-1,0,0.20546,32.7,33.5,0.9751633
45,4109.3,-5,0.1,0.1849185,32.7,33.5,0.9751633
43,4109.4,-2,0.1,0.1767042,32.7,33.5,0.9751633
45,4109.3,2,-0.1,0.1849185,32.7,33.5,0.9751633
35,4109.7,-10,0.4,0.1438395,32.7,33.5,0.9751633
38,4109.6,3,-0.1,0.1561648,32.7,33.5,0.9751633
39,4109.6,1,0,0.1602744,32.7,33.5,0.9751633
36,4109.7,-3,0.1,0.1479492,32.8,33.5,0.97508735
33,4109.9,-3,0.2,0.1356267,32.8,33.5,0.97508735
37,4109.7,4,-0.2,0.1520589,32.8,33.5,0.97508735
39,4109.6,2,-0.1,0.1602744,32.8,33.5,0.97508735
33,4109.8,-6,0.2,0.1356234,32.8,33.5,0.97508735
39,4109.7,6,-0.1,0.1602783,32.8,33.5,0.97508735
31,4110,-8,0.3,0.12741,32.8,33.5,0.97508735
36,4109.7,5,-0.3,0.1479492,32.8,33.5,0.97508735
37,4109.7,1,0,0.1520589,32.8,33.5,0.97508735
36,4109.7,-1,0,0.1479492,32.8,33.5,0.97508735
37,4109.7,1,0,0.1520589,32.9,33.5,0.97501139
34,4109.8,-3,0.1,0.1397332,32.9,33.5,0.97501139
35,4109.8,1,0,0.143843,32.9,33.5,0.97501139
37,4109.8,2,0,0.1520626,32.9,33.5,0.97501139
35,4109.8,-2,0,0.143843,32.9,33.5,0.97501139
34,4109.8,-1,0,0.1397332,32.9,33.5,0.97501139
38,4109.7,4,-0.1,0.1561686,32.9,33.5,0.97501139
40,4109.5,2,-0.2,0.16438,32.9,33.5,0.97501139
33,4109.8,-7,0.3,0.1356234,32.9,33.5,0.97501139
38,4109.7,5,-0.1,0.1561686,32.9,33.5,0.97501139
39,4109.6,1,-0.1,0.1602744,33,33.5,0.97493544
34,4109.8,-5,0.2,0.1397332,33,33.5,0.97493544
32,4109.9,-2,0.1,0.1315168,33,33.5,0.97493544
46,4109.3,14,-0.6,0.1890278,33,33.5,0.97493544
37,4109.7,-9,0.4,0.1520589,33,33.5,0.97493544
40,4109.5,3,-0.2,0.16438,33,33.5,0.97493544
36,4109.7,-4,0.2,0.1479492,33,33.5,0.97493544
41,4109.5,5,-0.2,0.1684895,33,33.5,0.97493544
33,4109.8,-8,0.3,0.1356234,33,33.5,0.97493544
41,4109.5,8,-0.3,0.1684895,33,33.5,0.97493544
35,4109.7,-6,0.2,0.1438395,33.1,33.5,0.97485949
42,4109.5,7,-0.2,0.172599,33.1,33.5,0.97485949
40,4109.5,-2,0,0.16438,33.1,33.5,0.97485949
41,4109.5,1,0,0.1684895,33.1,33.5,0.97485949
38,4109.6,-3,0.1,0.1561648,33.1,33.5,0.97485949
35,4109.7,-3,0.1,0.1438395,33.1,33.5,0.97485949
34,4109.7,-1,0,0.1397298,33.1,33.5,0.97485949
41,4109.4,7,-0.3,0.1684854,33.1,33.5,0.97485949
37,4109.6,-4,0.2,0.1520552,33.1,33.5,0.97485949
39,4109.5,2,-0.1,0.1602705,33.2,33.5,0.97478353
31,4109.8,-8,0.3,0.1274038,33.2,33.5,0.97478353
38,4109.6,7,-0.2,0.1561648,33.2,33.5,0.97478353
38,4109.5,0,-0.1,0.156161,33.2,33.5,0.97478353
38,4109.5,0,0,0.156161,33.2,33.5,0.97478353
40,4109.4,2,-0.1,0.164376,33.2,33.5,0.97478353
37,4109.6,-3,0.2,0.1520552,33.2,33.5,0.97478353
31,4109.8,-6,0.2,0.1274038,33.2,33.5,0.97478353
45,4109.3,14,-0.5,0.1849185,33.2,33.5,0.97478353
40,4109.4,-5,0.1,0.164376,33.2,33.5,0.97478353
39,4109.4,-1,0,0.1602666,33.3,33.5,0.97470758
31,4109.7,-8,0.3,0.1274007,33.3,33.5,0.97470758
37,4109.5,6,-0.2,0.1520515,33.3,33.5,0.97470758
37,4109.5,0,0,0.1520515,33.3,33.5,0.97470758
31,4109.7,-6,0.2,0.1274007,33.3,33.5,0.97470758
35,4109.6,4,-0.1,0.143836,33.3,33.5,0.97470758
36,4109.5,1,-0.1,0.147942,33.3,33.5,0.97470758
39,4109.4,3,-0.1,0.1602666,33.3,33.5,0.97470758
41,4109.3,2,-0.1,0.1684813,33.3,33.5,0.97470758
36,4109.5,-5,0.2,0.147942,33.3,33.5,0.97470758
35,4109.5,-1,0,0.1438325,33.4,33.5,0.97463163
32,4109.6,-3,0.1,0.1315072,33.4,33.5,0.97463163
39,4109.4,7,-0.2,0.1602666,33.4,33.5,0.97463163
43,4109.2,4,-0.2,0.1766956,33.4,33.5,0.97463163
35,4109.5,-8,0.3,0.1438325,33.4,33.5,0.97463163
35,4109.5,0,0,0.1438325,33.4,33.5,0.97463163
38,4109.4,3,-0.1,0.1561572,33.4,33.5,0.97463163
41,4109.2,3,-0.2,0.1684772,33.4,33.5,0.97463163
35,4109.4,-6,0.2,0.143829,33.4,33.5,0.97463163
33,4109.5,-2,0.1,0.1356135,33.5,33.5,0.97455567
32,4109.6,-1,0.1,0.1315072,33.5,33.5,0.97455567
35,4109.5,3,-0.1,0.1438325,33.5,33.5,0.97455567
39,4109.3,4,-0.2,0.1602627,33.5,33.5,0.97455567
37,4109.4,-2,0.1,0.1520478,33.5,33.5,0.97455567
38,4109.3,1,-0.1,0.1561534,33.5,33.5,0.97455567
35,4109.4,-3,0.1,0.143829,33.5,33.5,0.97455567
35,4109.4,0,0,0.143829,33.5,33.5,0.97455567
39,4109.2,4,-0.2,0.1602588,33.5,33.5,0.97455567
34,4109.4,-5,0.2,0.1397196,33.5,33.5,0.97455567
39,4109.2,5,-0.2,0.1602588,33.6,33.5,0.97447972
42,4109.1,3,-0.1,0.1725822,33.6,33.5,0.97447972
29,4109.6,-13,0.5,0.1191784,33.6,33.5,0.97447972
41,4109.2,12,-0.4,0.1684772,33.6,33.5,0.97447972
37,4109.2,-4,0,0.1520404,33.6,33.5,0.97447972
40,4109.1,3,-0.1,0.164364,33.6,33.5,0.97447972
39,4109.2,-1,0.1,0.1602588,33.6,33.5,0.97447972
37,4109.3,-2,0.1,0.1520441,33.6,33.5,0.97447972
38,4109.2,1,-0.1,0.1561496,33.6,33.5,0.97447972
37,4109.2,-1,0,0.1520404,33.6,33.5,0.97447972
42,4109,5,-0.2,0.172578,33.7,33.5,0.97440377
38,4109.1,-4,0.1,0.1561458,33.7,33.5,0.97440377
36,4109.2,-2,0.1,0.1479312,33.7,33.5,0.97440377
36,4109.2,0,0,0.1479312,33.7,33.5,0.97440377
38,4109.1,2,-0.1,0.1561458,33.7,33.5,0.97440377
35,4109.3,-3,0.2,0.1438255,33.7,33.5,0.97440377
39,4109.1,4,-0.2,0.1602549,33.7,33.5,0.97440377
36,4109.2,-3,0.1,0.1479312,33.7,33.5,0.97440377
33,4109.3,-3,0.1,0.1356069,33.7,33.5,0.97440377
36,4109.2,3,-0.1,0.1479312,33.7,33.5,0.97440377
37,4109.1,1,-0.1,0.1520367,33.8,33.5,0.97432781
41,4108.9,4,-0.2,0.1684649,33.8,33.5,0.97432781
37,4109.1,-4,0.2,0.1520367,33.8,33.5,0.97432781
41,4109,4,-0.1,0.168469,33.8,33.5,0.97432781
37,4109.1,-4,0.1,0.1520367,33.8,33.5,0.97432781
34,4109.2,-3,0.1,0.1397128,33.8,33.5,0.97432781
35,4109.1,1,-0.1,0.1438185,33.8,33.5,0.97432781
35,4109.1,0,0,0.1438185,33.8,33.5,0.97432781
40,4108.9,5,-0.2,0.164356,33.8,33.5,0.97432781
31,4109.3,-9,0.4,0.1273883,33.9,33.5,0.97425186
38,4109,7,-0.3,0.156142,33.9,33.5,0.97425186
40,4108.9,2,-0.1,0.164356,33.9,33.5,0.97425186
38,4109,-2,0.1,0.156142,33.9,33.5,0.97425186
41,4108.8,3,-0.2,0.1684608,33.9,33.5,0.97425186
39,4108.9,-2,0.1,0.1602471,33.9,33.5,0.97425186
35,4109,-4,0.1,0.143815,33.9,33.5,0.97425186
44,4108.7,9,-0.3,0.1807828,33.9,33.5,0.97425186
36,4109,-8,0.3,0.147924,33.9,33.5,0.97425186
37,4108.9,1,-0.1,0.1520293,33.9,33.5,0.97425186
30,4109.2,-7,0.3,0.123276,34,33.5,0.97417591
30,4109.2,0,0,0.123276,34,33.5,0.97417591
39,4108.9,9,-0.3,0.1602471,34,33.5,0.97417591
35,4109,-4,0.1,0.143815,34,33.5,0.97417591
38,4108.9,3,-0.1,0.1561382,34,33.5,0.97417591
35,4108.9,-3,0,0.1438115,34,33.5,0.97417591
34,4109,-1,0.1,0.139706,34,33.5,0.97417591
37,4108.9,3,-0.1,0.1520293,34,33.5,0.97417591
38,4108.8,1,-0.1,0.1561344,34,33.5,0.97417591
38,4108.8,0,0,0.1561344,34,33.5,0.97417591
40,4108.8,2,0,0.164352,34.1,33.5,0.97409995
35,4108.9,-5,0.1,0.1438115,34.1,33.5,0.97409995
31,4109,-4,0.1,0.127379,34.1,33.5,0.97409995
34,4108.9,3,-0.1,0.1397026,34.1,33.5,0.97409995
31,4109,-3,0.1,0.127379,34.1,33.5,0.97409995
2939.9,4000.3,2908.9,-108.7,11.760482,34.8,33.5,0.97356828
2947,3993.2,7.1,-7.1,11.76796,35.6,33.5,0.97296066
2948.1,3988.2,1.1,-5,11.757612,36.5,33.5,0.97227708
2945.2,3984,-2.9,-4.2,11.733677,37.3,33.5,0.97166945
2946.2,3980.1,1,-3.9,11.726171,38.1,33.5,0.97106183
2948,3976.6,1.8,-3.5,11.723017,38.9,33.5,0.9704542
2940.1,3973.7,-7.9,-2.9,11.683075,39.7,33.5,0.96984657
2945.1,3970.6,5,-3.1,11.693814,40.6,33.5,0.969163
2941.2,3968,-3.9,-2.6,11.670682,41.4,33.5,0.96855537
2376.9,3986,-564.3,18,9.4743234,42,33.5,0.96809965
1817,4005.2,-559.9,19.2,7.2774484,42.5,33.5,0.96771988
1251.1,4025.6,-565.9,20.4,5.0364282,42.9,33.5,0.96741607
678.2,4047.2,-572.9,21.6,2.744811,43.1,33.5,0.96726417
115,4069.3,-563.2,22.1,0.4679695,43.1,33.5,0.96726417
114,4071.5,-1,2.2,0.464151,43.1,33.5,0.96726417
115.1,4072.9,1.1,1.4,0.46879079,43.2,33.5,0.96718821
112,4074.3,-3.1,1.4,0.4563216,43.2,33.5,0.96718821
107,4075.6,-5,1.3,0.4360892,43.2,33.5,0.96718821
113.1,4076.3,6.1,0.7,0.46102953,43.3,33.5,0.96711226
118,4077,4.9,0.7,0.481086,43.3,33.5,0.96711226
113,4077.9,-5,0.9,0.4608027,43.3,33.5,0.96711226
112.1,4078.6,-0.9,0.7,0.45721106,43.4,33.5,0.96703631
120.1,4079,8,0.4,0.4898879,43.4,33.5,0.96703631
116,4079.6,-4.1,0.6,0.4732336,43.4,33.5,0.96703631
115,4080.2,-1,0.6,0.469223,43.5,33.5,0.96696035
-63,4087.3,-178,7.1,-0.2574999,43.5,33.5,0.96696035
-235.8,4094.6,-172.8,7.3,-0.96550668,43.5,33.5,0.96696035
-402.8,4101.9,-167,7.3,-1.6522453,43.3,33.5,0.96711226
-405.9,4103.3,-3.1,1.4,-1.6655295,43.2,33.5,0.96718821
-407.8,4104.6,-1.9,1.3,-1.6738559,43.1,33.5,0.96726417
-402.8,4105.5,5,0.9,-1.6536954,43,33.5,0.96734012
-405.8,4106.6,-3,1.1,-1.6664583,42.9,33.5,0.96741607
-401.8,4107.4,4,0.8,-1.6503533,42.8,33.5,0.96749202
-402.8,4108.3,-1,0.9,-1.6548232,42.7,33.5,0.96756798
202.9,4086.6,605.7,-21.7,0.82917114,42.7,33.5,0.96756798
816.9,4063.2,614,-23.4,3.3192281,42.9,33.5,0.96741607
1419,4039.2,602.1,-24,5.7316248,43.3,33.5,0.96711226
2027.9,4014.1,608.9,-25.1,8.1401934,43.9,33.5,0.96665654
2637.9,3988.4,610,-25.7,10.521,44.6,33.5,0.96612487
2634,3984.5,-3.9,-3.9,10.495173,45.4,33.5,0.96551724
2644.1,3980.9,10.1,-3.6,10.525898,46.1,33.5,0.96498557
2633.9,3978.4,-10.2,-2.5,10.478708,46.8,33.5,0.9644539
2637.8,3975.6,3.9,-2.8,10.486838,47.6,33.5,0.96384627
2635.1,3973.3,-2.7,-2.3,10.470043,48.3,33.5,0.9633146
2635,3971,-0.1,-2.3,10.463585,49,33.5,0.96278293
1657.1,4004.6,-977.9,33.6,6.6360227,49.5,33.5,0.96240316
662.2,4041,-994.9,36.4,2.6759502,49.7,33.5,0.96225125
666,4042.5,3.8,1.5,2.692305,49.9,33.5,0.96209935
664.1,4043.6,-1.9,1.1,2.6853548,50,33.5,0.96202339
665,4044.2,0.9,0.6,2.689393,50.2,33.5,0.96187149
661,4044.8,-4,0.6,2.6736128,50.4,33.5,0.96171958
664.9,4045.1,3.9,0.3,2.689587,50.6,33.5,0.96156767
667,4045.3,2.1,0.2,2.6982151,50.8,33.5,0.96141577
664.1,4045.6,-2.9,0.3,2.686683,51,33.5,0.96126386
663.9,4045.8,-0.2,0.2,2.6860066,51.2,33.5,0.96111196
664,4046,0.1,0.2,2.686544,51.3,33.5,0.961036
662.1,4046.2,-1.9,0.2,2.678989,51.5,33.5,0.9608841
611,4048.1,-51.1,1.9,2.4733891,51.7,33.5,0.96073219
556,4050.3,-55,2.2,2.2519668,51.8,33.5,0.96065624
553,4050.7,-3,0.4,2.2400371,52,33.5,0.96050433
558,4050.8,5,0.1,2.2603464,52.2,33.5,0.96035242
558.1,4050.9,0.1,0.1,2.2608073,52.3,33.5,0.96027647
558.9,4051,0.8,0.1,2.2641039,52.5,33.5,0.96012456
559,4051.1,0.1,0.1,2.2645649,52.6,33.5,0.96004861
558,4051.3,-1,0.2,2.2606254,52.8,33.5,0.9598967
560.9,4051.3,2.9,0,2.2723742,52.9,33.5,0.95982075
559.1,4051.4,-1.8,0.1,2.2651377,53.1,33.5,0.95966884
557.9,4051.5,-1.2,0.1,2.2603318,53.2,33.5,0.95959289
557,4051.6,-0.9,0.1,2.2567412,53.4,33.5,0.95944098
553,4051.8,-4,0.2,2.2406454,53.5,33.5,0.95936503
-512.7,4091,-1065.7,39.2,-2.0974557,53.4,33.5,0.95944098
-1499.8,4129.7,-987.1,38.7,-6.1937241,53,33.5,0.9597448
-1499.9,4133.6,-0.1,3.9,-6.1999866,52.6,33.5,0.96004861
-1499.9,4136.7,0,3.1,-6.2046363,52.2,33.5,0.96035242
-1499.9,4139.5,0,2.8,-6.2088361,51.8,33.5,0.96065624
-1500,4142,-0.1,2.5,-6.213,51.3,33.5,0.961036
-1499.9,4144.4,0.1,2.4,-6.2161856,50.9,33.5,0.96133981
-1499.9,4146.6,0,2.2,-6.2194853,50.5,33.5,0.96164363
-1499.9,4148.7,0,2.1,-6.2226351,50.1,33.5,0.96194744
-1499.9,4150.7,0,2,-6.2256349,49.7,33.5,0.96225125
-1499.9,4152.6,0,1.9,-6.2284847,49.3,33.5,0.96255507
-1499.9,4154.5,0,1.9,-6.2313345,48.8,33.5,0.96293483
-1499.9,4156.2,0,1.7,-6.2338844,48.4,33.5,0.96323864
-1499.9,4158,0,1.8,-6.2365842,48,33.5,0.96354246
-776,4132.7,723.9,-25.3,-3.2069752,47.8,33.5,0.96369436
22,4103,798,-29.7,0.090266,47.8,33.5,0.96369436
818.9,4072,796.9,-31,3.3345608,48,33.5,0.96354246
1614.8,4039.9,795.9,-32.1,6.5236305,48.4,33.5,0.96323864
1611.9,4036.2,-2.9,-3.7,6.5059508,48.9,33.5,0.96285888
1614.1,4033.2,2.2,-3,6.5099881,49.3,33.5,0.96255507
1617.9,4030.5,3.8,-2.7,6.5209459,49.8,33.5,0.9621753
1616,4028.3,-1.9,-2.2,6.5097328,50.2,33.5,0.96187149
1612,4026.4,-4,-1.9,6.4905568,50.7,33.5,0.96149172
1611.8,4024.5,-0.2,-1.9,6.4866891,51.1,33.5,0.96118791
1619.9,4022.5,8.1,-2,6.5160477,51.6,33.5,0.96080814
2013.9,4006.4,394,-16.1,8.068489,52.1,33.5,0.96042838
2012.9,4004.1,-1,-2.3,8.0598529,52.7,33.5,0.95997266
2015.8,4001.9,2.9,-2.2,8.06703,53.3,33.5,0.95951694
2018.8,3999.9,3,-2,8.0749981,53.8,33.5,0.95913717
2012.9,3998.3,-5.9,-1.6,8.0481781,54.4,33.5,0.95868145
2012.9,3996.6,0,-1.7,8.0447561,54.9,33.5,0.95830169
2013,3995,0.1,-1.6,8.041935,55.5,33.5,0.95784597
2012.8,3993.5,-0.2,-1.5,8.0381168,56.1,33.5,0.95739025
2015.9,3991.9,3.1,-1.6,8.0472712,56.6,33.5,0.95701048
2018.9,3990.4,3,-1.5,8.0562186,57.2,33.5,0.95655476
2010,3989.4,-8.9,-1,8.018694,57.7,33.5,0.956175
2017.8,3987.8,7.8,-1.6,8.0465828,58.3,33.5,0.95571928
2011.9,3986.8,-5.9,-1,8.0210429,58.9,33.5,0.95526356
2021.9,3985.3,10,-1.5,8.0578781,59.4,33.5,0.95488379
1731.1,3994.7,-290.8,9.4,6.9152252,59.9,33.5,0.95450403
1443.9,4004.6,-287.2,9.9,5.7822419,60.3,33.5,0.95420021
1160,4014.8,-283.9,10.2,4.657168,60.6,33.5,0.95397235
880.1,4025.4,-279.9,10.6,3.5427545,60.9,33.5,0.95374449
592.1,4036.5,-288,11.1,2.3900116,61,33.5,0.95366854
312.1,4047.7,-280,11.2,1.2632872,61.1,33.5,0.95359259
23,4059.5,-289.1,11.8,0.0933685,61.1,33.5,0.95359259
26,4060.9,3,1.4,0.1055834,61.2,33.5,0.95351663
20,4062.4,-6,1.5,0.081248,61.2,33.5,0.95351663
26,4063.3,6,0.9,0.1056458,61.2,33.5,0.95351663
29,4064.2,3,0.9,0.1178618,61.2,33.5,0.95351663
24,4065.3,-5,1.1,0.0975672,61.2,33.5,0.95351663
29,4065.9,5,0.6,0.1179111,61.2,33.5,0.95351663
25,4066.8,-4,0.9,0.10167,61.2,33.5,0.95351663
22,4067.6,-3,0.8,0.0894872,61.2,33.5,0.95351663
33,4067.9,11,0.3,0.1342407,61.2,33.5,0.95351663
23,4068.8,-10,0.9,0.0935824,61.2,33.5,0.95351663
22,4069.5,-1,0.7,0.089529,61.2,33.5,0.95351663
28,4069.8,6,0.3,0.1139544,61.2,33.5,0.95351663
24,4070.5,-4,0.7,0.097692,61.2,33.5,0.95351663
24,4071,0,0.5,0.097704,61.2,33.5,0.95351663
23,4071.5,-1,0.5,0.0936445,61.2,33.5,0.95351663
19,4072.1,-4,0.6,0.0773699,61.3,33.5,0.95344068
23,4072.4,4,0.3,0.0936652,61.3,33.5,0.95344068
25,4072.8,2,0.4,0.10182,61.3,33.5,0.95344068
23,4073.3,-2,0.5,0.0936859,61.3,33.5,0.95344068
25,4073.5,2,0.2,0.1018375,61.3,33.5,0.95344068
26,4073.9,1,0.4,0.1059214,61.3,33.5,0.95344068
31,4074,5,0.1,0.126294,61.3,33.5,0.95344068
21,4074.8,-10,0.8,0.0855708,61.3,33.5,0.95344068
27,4074.9,6,0.1,0.1100223,61.3,33.5,0.95344068
26,4075.2,-1,0.3,0.1059552,61.3,33.5,0.95344068
25,4075.5,-1,0.3,0.1018875,61.3,33.5,0.95344068
18,4076.1,-7,0.6,0.0733698,61.3,33.5,0.95344068
24,4076.2,6,0.1,0.0978288,61.3,33.5,0.95344068
24,4076.5,0,0.3,0.097836,61.3,33.5,0.95344068
21,4076.8,-3,0.3,0.0856128,61.3,33.5,0.95344068
25,4077,4,0.2,0.101925,61.4,33.5,0.95336473
25,4077.2,0,0.2,0.10193,61.4,33.5,0.95336473
23,4077.5,-2,0.3,0.0937825,61.4,33.5,0.95336473
33,4077.4,10,-0.1,0.1345542,61.4,33.5,0.95336473
25,4077.9,-8,0.5,0.1019475,61.4,33.5,0.95336473
24,4078.2,-1,0.3,0.0978768,61.4,33.5,0.95336473
26,4078.3,2,0.1,0.1060358,61.4,33.5,0.95336473
21,4078.7,-5,0.4,0.0856527,61.4,33.5,0.95336473
30,4078.5,9,-0.2,0.122355,61.4,33.5,0.95336473
27,4078.8,-3,0.3,0.1101276,61.4,33.5,0.95336473
23,4079.2,-4,0.4,0.0938216,61.4,33.5,0.95336473
24,4079.4,1,0.2,0.0979056,61.4,33.5,0.95336473
23,4079.5,-1,0.1,0.0938285,61.4,33.5,0.95336473
22,4079.8,-1,0.3,0.0897556,61.4,33.5,0.95336473
23,4079.9,1,0.1,0.0938377,61.5,33.5,0.95328877
22,4080.1,-1,0.2,0.0897622,61.5,33.5,0.95328877
24,4080.2,2,0.1,0.0979248,61.5,33.5,0.95328877
28,4080.2,4,0,0.1142456,61.5,33.5,0.95328877
19,4080.7,-9,0.5,0.0775333,61.5,33.5,0.95328877
23,4080.7,4,0,0.0938561,61.5,33.5,0.95328877
29,4080.6,6,-0.1,0.1183374,61.5,33.5,0.95328877
25,4080.9,-4,0.3,0.1020225,61.5,33.5,0.95328877
22,4081.1,-3,0.2,0.0897842,61.5,33.5,0.95328877
23,4081.2,1,0.1,0.0938676,61.5,33.5,0.95328877
28,4081.1,5,-0.1,0.1142708,61.5,33.5,0.95328877
16,4081.7,-12,0.6,0.0653072,61.5,33.5,0.95328877
29,4081.4,13,-0.3,0.1183606,61.5,33.5,0.95328877
27,4081.6,-2,0.2,0.1102032,61.5,33.5,0.95328877
25,4081.8,-2,0.2,0.102045,61.5,33.5,0.95328877
26,4081.8,1,0,0.1061268,61.6,33.5,0.95321282
24,4082,-2,0.2,0.097968,61.6,33.5,0.95321282
28,4081.9,4,-0.1,0.1142932,61.6,33.5,0.95321282
22,4082.3,-6,0.4,0.0898106,61.6,33.5,0.95321282
27,4082.2,5,-0.1,0.1102194,61.6,33.5,0.95321282
25,4082.3,-2,0.1,0.1020575,61.6,33.5,0.95321282
26,4082.4,1,0.1,0.1061424,61.6,33.5,0.95321282
22,4082.6,-4,0.2,0.0898172,61.6,33.5,0.95321282
25,4082.6,3,0,0.102065,61.6,33.5,0.95321282
24,4082.7,-1,0.1,0.0979848,61.6,33.5,0.95321282
23,4082.9,-1,0.2,0.0939067,61.6,33.5,0.95321282
24,4082.9,1,0,0.0979896,61.6,33.5,0.95321282
29,4082.8,5,-0.1,0.1184012,61.6,33.5,0.95321282
28,4082.9,-1,0.1,0.1143212,61.6,33.5,0.95321282
18,4083.3,-10,0.4,0.0734994,61.6,33.5,0.95321282
24,4083.2,6,-0.1,0.0979968,61.7,33.5,0.95313687
24,4083.3,0,0.1,0.0979992,61.7,33.5,0.95313687
27,4083.3,3,0,0.1102491,61.7,33.5,0.95313687
22,4083.5,-5,0.2,0.089837,61.7,33.5,0.95313687
30,4083.3,8,-0.2,0.122499,61.7,33.5,0.95313687
26,4083.5,-4,0.2,0.106171,61.7,33.5,0.95313687
26,4083.5,0,0,0.106171,61.7,33.5,0.95313687
24,4083.7,-2,0.2,0.0980088,61.7,33.5,0.95313687
26,4083.7,2,0,0.1061762,61.7,33.5,0.95313687
24,4083.8,-2,0.1,0.0980112,61.7,33.5,0.95313687
24,4083.9,0,0.1,0.0980136,61.7,33.5,0.95313687
27,4083.8,3,-0.1,0.1102626,61.7,33.5,0.95313687
25,4083.9,-2,0.1,0.1020975,61.7,33.5,0.95313687
25,4084,0,0.1,0.1021,61.7,33.5,0.95313687
25,4084.1,0,0.1,0.1021025,61.8,33.5,0.95306091
29,4084,4,-0.1,0.118436,61.8,33.5,0.95306091
21,4084.3,-8,0.3,0.0857703,61.8,33.5,0.95306091
21,4084.4,0,0.1,0.0857724,61.8,33.5,0.95306091
26,4084.3,5,-0.1,0.1061918,61.8,33.5,0.95306091
26,4084.3,0,0,0.1061918,61.8,33.5,0.95306091
21,4084.5,-5,0.2,0.0857745,61.8,33.5,0.95306091
24,4084.4,3,-0.1,0.0980256,61.8,33.5,0.95306091
26,4084.4,2,0,0.1061944,61.8,33.5,0.95306091
23,4084.6,-3,0.2,0.0939458,61.8,33.5,0.95306091
26,4084.6,3,0,0.1061996,61.8,33.5,0.95306091
26,4084.6,0,0,0.1061996,61.8,33.5,0.95306091
25,4084.7,-1,0.1,0.1021175,61.8,33.5,0.95306091
24,4084.8,-1,0.1,0.0980352,61.8,33.5,0.95306091
28,4084.6,4,-0.2,0.1143688,61.9,33.5,0.95298496
23,4084.9,-5,0.3,0.0939527,61.9,33.5,0.95298496
24,4084.9,1,0,0.0980376,61.9,33.5,0.95298496
23,4084.9,-1,0,0.0939527,61.9,33.5,0.95298496
24,4084.9,1,0,0.0980376,61.9,33.5,0.95298496
26,4084.9,2,0,0.1062074,61.9,33.5,0.95298496
26,4084.9,0,0,0.1062074,61.9,33.5,0.95298496
29,4084.9,3,0,0.1184621,61.9,33.5,0.95298496
23,4085.1,-6,0.2,0.0939573,61.9,33.5,0.95298496
22,4085.2,-1,0.1,0.0898744,61.9,33.5,0.95298496
23,4085.2,1,0,0.0939596,61.9,33.5,0.95298496
22,4085.3,-1,0.1,0.0898766,61.9,33.5,0.95298496
26,4085.2,4,-0.1,0.1062152,61.9,33.5,0.95298496
23,4085.3,-3,0.1,0.0939619,61.9,33.5,0.95298496
27,4085.2,4,-0.1,0.1103004,61.9,33.5,0.95298496
25,4085.3,-2,0.1,0.1021325,62,33.5,0.95290901
22,4085.4,-3,0.1,0.0898788,62,33.5,0.95290901
26,4085.4,4,0,0.1062204,62,33.5,0.95290901
27,4085.3,1,-0.1,0.1103031,62,33.5,0.95290901
25,4085.4,-2,0.1,0.102135,62,33.5,0.95290901
26,4085.4,1,0,0.1062204,62,33.5,0.95290901
23,4085.5,-3,0.1,0.0939665,62,33.5,0.95290901
19,4085.7,-4,0.2,0.0776283,62,33.5,0.95290901
24,4085.6,5,-0.1,0.0980544,62,33.5,0.95290901
21,4085.7,-3,0.1,0.0857997,62,33.5,0.95290901
23,4085.7,2,0,0.0939711,62,33.5,0.95290901
27,4085.6,4,-0.1,0.1103112,62,33.5,0.95290901
28,4085.5,1,-0.1,0.114394,62,33.5,0.95290901
26,4085.6,-2,0.1,0.1062256,62,33.5,0.95290901
20,4085.8,-6,0.2,0.081716,62,33.5,0.95290901
24,4085.7,4,-0.1,0.0980568,62.1,33.5,0.95283305
20,4086,-4,0.3,0.08172,62.1,33.5,0.95283305
23,4085.8,3,-0.2,0.0939734,62.1,33.5,0.95283305
32,4085.6,9,-0.2,0.1307392,62.1,33.5,0.95283305
23,4085.9,-9,0.3,0.0939757,62.1,33.5,0.95283305
26,4085.8,3,-0.1,0.1062308,62.1,33.5,0.95283305
23,4085.9,-3,0.1,0.0939757,62.1,33.5,0.95283305
26,4085.9,3,0,0.1062334,62.1,33.5,0.95283305
592,4065.1,566,-20.8,2.4065392,62.2,33.5,0.9527571
1149.9,4043.3,557.9,-21.8,4.6493907,62.6,33.5,0.95245329
1721.8,4020.2,571.9,-23.1,6.9219804,63,33.5,0.95214948
2284.9,3996.8,563.1,-23.4,9.1322883,63.7,33.5,0.9516178
2851.9,3972.6,567,-24.2,11.329458,64.5,33.5,0.95101018
3000,3963.2,148.1,-9.4,11.8896,65.3,33.5,0.95040255
3000.1,3959.5,0.1,-3.7,11.878896,66.1,33.5,0.94979493
3000,3956.3,-0.1,-3.2,11.8689,67,33.5,0.94911135
3000,3953.4,0,-2.9,11.8602,67.8,33.5,0.94850372
3000.1,3950.7,0.1,-2.7,11.852495,68.6,33.5,0.9478961
3000.1,3948.2,0,-2.5,11.844995,69.5,33.5,0.94721252
3000.1,3945.8,0,-2.4,11.837795,70.3,33.5,0.94660489
3000,3943.5,-0.1,-2.3,11.8305,71.1,33.5,0.94599727
3000,3941.4,0,-2.1,11.8242,72,33.5,0.94531369
3000.1,3939.3,0.1,-2.1,11.818294,72.8,33.5,0.94470606
3000.1,3937.3,0,-2,11.812294,73.6,33.5,0.94409844
3000.1,3935.5,0,-1.8,11.806894,74.5,33.5,0.94341486
3000.1,3933.6,0,-1.9,11.801193,75.3,33.5,0.94280723
3000.1,3931.9,0,-1.7,11.796093,76.1,33.5,0.94219961
3000.1,3930.2,0,-1.7,11.790993,77,33.5,0.94151603
3000.1,3928.6,0,-1.6,11.786193,77.8,33.5,0.9409084
3000.1,3927,0,-1.6,11.781393,78.6,33.5,0.94030077
3000,3925.5,-0.1,-1.5,11.7765,79.5,33.5,0.9396172
197.2,4025.5,-2802.8,100,0.7938286,79.5,33.5,0.9396172
195.1,4029.3,-2.1,3.8,0.78611643,79.6,33.5,0.93954124
196,4031.9,0.9,2.6,0.7902524,79.6,33.5,0.93954124
195,4033.9,-1,2,0.7866105,79.7,33.5,0.93946529
201.1,4035.3,6.1,1.4,0.81149883,79.7,33.5,0.93946529
191,4037.1,-10.1,1.8,0.7710861,79.8,33.5,0.93938934
137,4040.5,-54,3.4,0.5535485,79.8,33.5,0.93938934
80,4043.7,-57,3.2,0.323496,79.9,33.5,0.93931338
18,4047.2,-62,3.5,0.0728496,79.9,33.5,0.93931338
17,4048.6,-1,1.4,0.0688262,79.9,33.5,0.93931338
20,4049.5,3,0.9,0.08099,79.9,33.5,0.93931338
24,4050.4,4,0.9,0.0972096,79.9,33.5,0.93931338
26,4051.3,2,0.9,0.1053338,79.9,33.5,0.93931338
20,4052.4,-6,1.1,0.081048,79.9,33.5,0.93931338
21,4053.2,1,0.8,0.0851172,79.9,33.5,0.93931338
21,4054,0,0.8,0.085134,79.9,33.5,0.93931338
25,4054.6,4,0.6,0.101365,79.9,33.5,0.93931338
20,4055.5,-5,0.9,0.08111,79.9,33.5,0.93931338
15,4056.4,-5,0.9,0.060846,79.9,33.5,0.93931338
20,4056.8,5,0.4,0.081136,79.9,33.5,0.93931338
19,4057.5,-1,0.7,0.0770925,79.9,33.5,0.93931338
20,4058.1,1,0.6,0.081162,80,33.5,0.93923743
20,4058.6,0,0.5,0.081172,80,33.5,0.93923743
26,4059,6,0.4,0.105534,80,33.5,0.93923743
1408.9,4009.2,1382.9,-49.8,5.6485619,80.3,33.5,0.93900957
1405.2,4007.1,-3.7,-2.1,5.6307769,80.7,33.5,0.93870576
1411.8,4005.2,6.6,-1.9,5.6545414,81.1,33.5,0.93840194
1405,4004.2,-6.8,-1,5.625901,81.5,33.5,0.93809813
1411.1,4002.9,6.1,-1.3,5.6484922,81.9,33.5,0.93779432
1407.9,4002,-3.2,-0.9,5.6344158,82.3,33.5,0.93749051
1402,4001.3,-5.9,-0.7,5.6098226,82.7,33.5,0.93718669
1411,4000.3,9,-1,5.6444233,83.1,33.5,0.93688288
1409.9,3999.5,-1.1,-0.8,5.638895,83.5,33.5,0.93657907
1404,3999,-5.9,-0.5,5.614596,83.8,33.5,0.93635121
1211.1,4005.3,-192.9,6.3,4.8508188,84.2,33.5,0.93604739
1008,4012.4,-203.1,7.1,4.0444992,84.5,33.5,0.93581954
812,4019.7,-196,7.3,3.2639964,84.7,33.5,0.93566763
611,4027.3,-201,7.6,2.4606803,84.9,33.5,0.93551572
411.1,4035.1,-199.9,7.8,1.6588296,85,33.5,0.93543977
208,4043.2,-203.1,8.1,0.8409856,85,33.5,0.93543977
6,4051.6,-202,8.4,0.0243096,85.1,33.5,0.93536382
12,4052.6,6,1,0.0486312,85.1,33.5,0.93536382
14,4053.5,2,0.9,0.056749,85.1,33.5,0.93536382
2426.8,3966.7,2412.8,-86.8,9.6263876,85.7,33.5,0.9349081
2030,3977.1,-396.8,10.4,8.073513,86.2,33.5,0.93452833
1640,3989.2,-390,12.1,6.542288,86.7,33.5,0.93414856
1247.1,4002.5,-392.9,13.3,4.9915178,87,33.5,0.9339207
850,4016.8,-397.1,14.3,3.41428,87.3,33.5,0.93369285
460,4031.4,-390,14.6,1.854444,87.4,33.5,0.93361689
68,4046.6,-392,15.2,0.2751688,87.4,33.5,0.93361689
69,4048,1,1.4,0.279312,87.5,33.5,0.93354094
65,4049.2,-4,1.2,0.263198,87.5,33.5,0.93354094
70,4049.9,5,0.7,0.283493,87.5,33.5,0.93354094
64,4050.9,-6,1,0.2592576,87.5,33.5,0.93354094
62,4051.7,-2,0.8,0.2512054,87.5,33.5,0.93354094
68,4052.2,6,0.5,0.2755496,87.6,33.5,0.93346499
69,4052.8,1,0.6,0.2796432,87.6,33.5,0.93346499
69,4053.3,0,0.5,0.2796777,87.6,33.5,0.93346499
71,4053.8,2,0.5,0.2878198,87.6,33.5,0.93346499
71,4054.2,0,0.4,0.2878482,87.6,33.5,0.93346499
242,4048.5,171,-5.7,0.979737,87.7,33.5,0.93338903
416.1,4042.2,174.1,-6.3,1.6819594,87.8,33.5,0.93331308
591,4035.7,174.9,-6.5,2.3850987,88,33.5,0.93316117
767,4028.8,176,-6.9,3.0900896,88.2,33.5,0.93300927
940.1,4021.9,173.1,-6.9,3.7809882,88.5,33.5,0.93278141
1121.9,4014.5,181.8,-7.4,4.5038675,88.8,33.5,0.93255355
1118,4013.7,-3.9,-0.8,4.4873166,89.1,33.5,0.93232569
1118,4012.8,0,-0.9,4.4863104,89.4,33.5,0.93209783
1112.2,4012.3,-5.8,-0.5,4.4624801,89.7,33.5,0.93186997
1111.9,4011.7,-0.3,-0.6,4.4606092,90,33.5,0.93164211
2408.9,3963.8,1297,-47.9,9.5483978,90.7,33.5,0.93111044
2402.1,3961.3,-6.8,-2.5,9.5154387,91.3,33.5,0.93065472
2403.9,3958.9,1.8,-2.4,9.5167997,92,33.5,0.93012304
2406,3956.8,2.1,-2.1,9.5200608,92.7,33.5,0.92959137
2407,3955,1,-1.8,9.519685,93.4,33.5,0.9290597
2405.1,3953.4,-1.9,-1.6,9.5083223,94,33.5,0.92860398
2403.1,3951.9,-2,-1.5,9.4968109,94.7,33.5,0.92807231
2402.9,3950.5,-0.2,-1.4,9.4926564,95.4,33.5,0.92754063
2402.9,3949.2,0,-1.3,9.4895327,96,33.5,0.92708492
2407,3947.7,4.1,-1.5,9.5021139,96.7,33.5,0.92655324
2398.1,3946.8,-8.9,-0.9,9.4648211,97.4,33.5,0.92602157
2401,3945.5,2.9,-1.3,9.4731455,98,33.5,0.92556585
2407,3944.2,6,-1.3,9.4936894,98.7,33.5,0.92503418
2404,3943.2,-3,-1,9.4794528,99.4,33.5,0.92450251
-507.8,4048,-2911.8,104.8,-2.0555744,99.2,33.5,0.92465441
-514,4052.3,-6.2,4.3,-2.0828822,99.1,33.5,0.92473037
-512.7,4055.3,1.3,3,-2.0791523,98.9,33.5,0.92488227
-508.8,4057.5,3.9,2.2,-2.064456,98.8,33.5,0.92495823
-510.8,4059.8,-2,2.3,-2.0737458,98.6,33.5,0.92511013
-512.8,4061.7,-2,1.9,-2.0828398,98.5,33.5,0.92518609
-508.8,4063.2,4,1.5,-2.0673562,98.4,33.5,0.92526204
-507.8,4064.7,1,1.5,-2.0640547,98.2,33.5,0.92541395
-512.9,4066.3,-5.1,1.6,-2.0856053,98.1,33.5,0.9254899
-503.7,4067.3,9.2,1,-2.048699,97.9,33.6,0.9256418
-514.8,4068.9,-11.1,1.6,-2.0946697,97.8,33.6,0.92571776
-512.9,4070.1,1.9,1.2,-2.0875543,97.7,33.6,0.92579371
-514.8,4071.3,-1.9,1.2,-2.0959052,97.5,33.6,0.92594562
-508.8,4072.2,6,0.9,-2.0719354,97.4,33.6,0.92602157
-511.8,4073.3,-3,1.1,-2.0847149,97.2,33.6,0.92617348
-512.9,4074.3,-1.1,1,-2.0897085,97.1,33.6,0.92624943
-511.8,4075.2,1.1,0.9,-2.0856874,96.9,33.6,0.92640134
1609.7,3998.8,2121.5,-76.4,6.4368684,97.4,33.6,0.92602157
1601,3996,-8.7,-2.8,6.397596,97.8,33.6,0.92571776
1603,3993.8,2,-2.2,6.4020614,98.3,33.6,0.92533799
1602.9,3992.1,-0.1,-1.7,6.3989371,98.7,33.6,0.92503418
1606.9,3990.4,4,-1.7,6.4121738,99.2,33.6,0.92465441
1602.9,3989.2,-4,-1.2,6.3942887,99.6,33.6,0.9243506
1599.1,3988.2,-3.8,-1,6.3775306,100.1,33.6,0.92397083
1602,3987,2.9,-1.2,6.387174,100.5,33.6,0.92366702
1604,3985.9,2,-1.1,6.3933836,101,33.6,0.92328726
1601.9,3985,-2.1,-0.9,6.3835715,101.4,33.6,0.92298344
1605,3984,3.1,-1,6.39432,101.8,33.6,0.92267963
1600.1,3983.3,-4.9,-0.7,6.3736783,102.3,33.6,0.92229986
1600.9,3982.5,0.8,-0.8,6.3755843,102.7,33.6,0.92199605
1608.9,3981.5,8,-1,6.4058354,103.2,33.6,0.92161628
1601.1,3981,-7.8,-0.5,6.3739791,103.6,33.6,0.92131247
1602.9,3980.2,1.8,-0.8,6.3798626,104.1,33.6,0.92093271
1608.9,3979.4,6,-0.8,6.4024567,104.5,33.6,0.92062889
1601,3979,-7.9,-0.4,6.370379,105,33.6,0.92024913
1175.1,3993.9,-425.9,14.9,4.6932319,105.3,33.6,0.92002127
755,4009.2,-420.1,15.3,3.026946,105.5,33.6,0.91986936
331,4025.4,-424,16.2,1.3324074,105.6,33.6,0.91979341
329,4026.8,-2,1.4,1.3248172,105.7,33.6,0.91971745
332.1,4027.7,3.1,0.9,1.3375992,105.8,33.6,0.9196415
330,4028.5,-2.1,0.8,1.329405,105.9,33.6,0.91956555
1115,4000.7,785,-27.8,4.4607805,106.2,33.6,0.91933769
1895.8,3971.5,780.8,-29.2,7.5291697,106.7,33.6,0.91895792
1896.9,3969.5,1.1,-2,7.5297446,107.2,33.6,0.91857816
1899,3967.9,2.1,-1.6,7.5350421,107.8,33.6,0.91812244
1898.9,3966.7,-0.1,-1.2,7.5323666,108.3,33.6,0.91774267
1899,3965.6,0.1,-1.1,7.5306744,108.8,33.6,0.9173629
1895.9,3964.7,-3.1,-0.9,7.5166747,109.3,33.6,0.91698314
1901.9,3963.6,6,-1.1,7.5383708,109.9,33.6,0.91652742
1902.9,3962.7,1,-0.9,7.5406218,110.4,33.6,0.91614765
1896.9,3962,-6,-0.7,7.5155178,110.9,33.6,0.91576789
1904.9,3960.9,8,-1.1,7.5451184,111.5,33.6,0.91531217
1897,3960.5,-7.9,-0.4,7.5130685,112,33.6,0.9149324
1829.9,3962.2,-67.1,1.7,7.2504298,112.5,33.6,0.91455264
1754,3964.4,-75.9,2.2,6.9535576,113,33.6,0.91417287
1685.9,3966.4,-68.1,2,6.6869538,113.4,33.6,0.91386906
1618.9,3968.5,-67,2.1,6.4246047,113.9,33.6,0.91348929
1555.1,3970.6,-63.8,2.1,6.1746801,114.3,33.6,0.91318548
1479.9,3973.1,-75.2,2.5,5.8797907,114.7,33.6,0.91288166
1480,3973,0.1,-0.1,5.88004,115.1,33.6,0.91257785
426.1,4011.1,-1053.9,38.1,1.7091297,115.3,33.6,0.91242595
426.9,4012.7,0.8,1.6,1.7130216,115.4,33.6,0.91234999
420,4014.3,-6.9,1.6,1.686006,115.5,33.6,0.91227404
430.1,4014.9,10.1,0.6,1.7268085,115.6,33.6,0.91219809
428.9,4015.8,-1.2,0.9,1.7223766,115.7,33.6,0.91212213
428,4016.6,-0.9,0.8,1.7191048,115.9,33.6,0.91197023
435,4017,7,0.4,1.747395,116,33.6,0.91189427
425.9,4018,-9.1,1,1.7112662,116.1,33.6,0.91181832
430.9,4018.4,5,0.4,1.7315286,116.2,33.6,0.91174237
428.1,4019.1,-2.8,0.7,1.7205767,116.3,33.6,0.91166641
429,4019.5,0.9,0.4,1.7243655,116.5,33.6,0.91151451
427,4020.1,-2,0.6,1.7165827,116.6,33.6,0.91143855
423,4020.7,-4,0.6,1.7007561,116.7,33.6,0.9113626
429,4020.9,6,0.2,1.7249661,116.8,33.6,0.91128665
421.9,4021.5,-7.1,0.6,1.6966708,116.9,33.6,0.91121069
425.9,4021.8,4,0.3,1.7128846,117,33.6,0.91113474
434.9,4021.8,9,0,1.7490808,117.2,33.6,0.91098283
424.1,4022.5,-10.8,0.7,1.7059422,117.3,33.6,0.91090688
430,4022.7,5.9,0.2,1.729761,117.4,33.6,0.91083093
721,4012.4,291,-10.3,2.8929404,117.6,33.6,0.91067902
1016,4001.5,295,-10.9,4.065524,117.9,33.6,0.91045116
1015.1,4000.8,-0.9,-0.7,4.0612121,118.2,33.6,0.9102233
1015.1,4000.4,0,-0.4,4.060806,118.4,33.6,0.9100714
1019.9,3999.8,4.8,-0.6,4.079396,118.7,33.6,0.90984354
1014,3999.7,-5.9,-0.1,4.0556958,119,33.6,0.90961568
1021,3999.1,7,-0.6,4.0830811,119.3,33.6,0.90938782
1435.9,3983.8,414.9,-15.3,5.7203384,119.7,33.6,0.909084
1434,3982.8,-1.9,-1,5.7113352,120.1,33.6,0.90878019
1439,3981.9,5,-0.9,5.7299541,120.5,33.6,0.90847638
1437.1,3981.2,-1.9,-0.7,5.7213825,120.9,33.6,0.90817257
1437.9,3980.6,0.8,-0.6,5.7237047,121.3,33.6,0.90786875
1443.9,3979.8,6,-0.8,5.7464332,121.7,33.6,0.90756494
1438,3979.4,-5.9,-0.4,5.7223772,122.1,33.6,0.90726113
1434.2,3979,-3.8,-0.4,5.7066818,122.5,33.6,0.90695731
1436.8,3978.5,2.6,-0.5,5.7163088,122.9,33.6,0.9066535
1435.9,3978,-0.9,-0.5,5.7120102,123.3,33.6,0.90634969
1430,3977.8,-5.9,-0.2,5.688254,123.7,33.6,0.90604588
1442,3976.9,12,-0.9,5.7346898,124.1,33.6,0.90574206
1437.9,3976.7,-4.1,-0.2,5.7180969,124.5,33.6,0.90543825
1436,3976.3,-1.9,-0.4,5.7099668,124.9,33.6,0.90513444
1436,3975.9,0,-0.4,5.7093924,125.3,33.6,0.90483062
1440,3975.4,4,-0.5,5.724576,125.7,33.6,0.90452681
1438.9,3975.1,-1.1,-0.3,5.7197714,126.1,33.6,0.904223
1226,3982.5,-212.9,7.4,4.882545,126.4,33.6,0.90399514
1224,3982.6,-2,0.1,4.8747024,126.8,33.6,0.90369133
1229.1,3982.4,5.1,-0.2,4.8947678,127.1,33.6,0.90346347
1225.1,3982.4,-4,0,4.8788382,127.4,33.6,0.90323561
1221.9,3982.4,-3.2,0,4.8660946,127.8,33.6,0.90293179
1225,3982.2,3.1,-0.2,4.878195,128.1,33.6,0.90270393
1111.1,3986.2,-113.9,4,4.4290668,128.4,33.6,0.90247607
1006,3990.1,-105.1,3.9,4.0140406,128.7,33.6,0.90224822
889,3994.6,-117,4.5,3.5511994,129,33.6,0.90202036
780,3998.9,-109,4.3,3.119142,129.2,33.6,0.90186845
667.1,4003.4,-112.9,4.5,2.6706681,129.4,33.6,0.90171654
672.9,4003.8,5.8,0.4,2.694157,129.6,33.6,0.90156464
676,4004.1,3.1,0.3,2.7067716,129.7,33.6,0.90148868
674,4004.6,-2,0.5,2.6991004,129.9,33.6,0.90133678
674,4004.9,0,0.3,2.6993026,130.1,33.6,0.90118487
671,4005.3,-3,0.4,2.6875563,130.3,33.6,0.90103296
667,4005.8,-4,0.5,2.6718686,130.5,33.6,0.90088106
672,4005.9,5,0.1,2.6919648,130.7,33.6,0.90072915
667,4006.3,-5,0.4,2.6722021,130.9,33.6,0.90057724
675,4006.2,8,-0.1,2.704185,131,33.6,0.90050129
672,4006.5,-3,0.3,2.692368,131.2,33.6,0.90034938
673,4006.7,1,0.2,2.6965091,131.4,33.6,0.90019748
670.9,4007,-2.1,0.3,2.6882963,131.6,33.6,0.90004557
671,4007.1,0.1,0.1,2.6887641,131.8,33.6,0.89989367
677.1,4007,6.1,-0.1,2.7131397,132,33.6,0.89974176
671,4007.4,-6.1,0.4,2.6889654,132.2,33.6,0.89958985
1202.9,3988.3,531.9,-19.1,4.7975261,132.5,33.6,0.89936199
1729.9,3968.4,527,-19.9,6.8649352,133,33.6,0.89898223
2262.9,3947.5,533,-20.9,8.9327978,133.6,33.6,0.89852651
2792.1,3926.4,529.2,-21.1,10.962901,134.4,33.6,0.89791888
2794,3923.7,1.9,-2.7,10.962818,135.2,33.6,0.89731126
2795,3921.6,1,-2.1,10.960872,135.9,33.6,0.89677958
2791.3,3919.9,-3.7,-1.7,10.941617,136.7,33.6,0.89617196
2792.1,3918.1,0.8,-1.8,10.939727,137.5,33.6,0.89556433
2794.9,3916.4,2.8,-1.7,10.945946,138.3,33.6,0.89495671
2797,3914.8,2.1,-1.6,10.949696,139,33.6,0.89442503
2261.1,3932.7,-535.9,17.9,8.892228,139.7,33.6,0.89389336
1725.1,3951.6,-536,18.9,6.8169052,140.1,33.6,0.89358955
1721.9,3952,-3.2,0.4,6.8049488,140.6,33.6,0.89320978
1722.9,3952,1,0,6.8089008,141.1,33.6,0.89283002
1725,3951.9,2.1,-0.1,6.8170275,141.6,33.6,0.89245025
1720.9,3951.8,-4.1,-0.1,6.8006526,142.1,33.6,0.89207048
1718.9,3951.7,-2,-0.1,6.7925771,142.5,33.6,0.89176667
1719,3951.5,0.1,-0.2,6.7926285,143,33.6,0.89138691
1715.8,3951.4,-3.2,-0.1,6.7798121,143.5,33.6,0.89100714
1718.9,3951.1,3.1,-0.3,6.7915458,144,33.6,0.89062737
1721.9,3950.7,3,-0.4,6.8027103,144.4,33.6,0.89032356
1722.9,3950.4,1,-0.3,6.8061442,144.9,33.6,0.88994379
1723.9,3950.1,1,-0.3,6.8095774,145.4,33.6,0.88956403
1720.9,3950,-3,-0.1,6.797555,145.9,33.6,0.88918426
1718.9,3949.8,-2,-0.2,6.7893112,146.4,33.6,0.8888045
1725.9,3949.3,7,-0.5,6.8160969,146.8,33.6,0.88850068
1720.9,3949.3,-5,0,6.7963504,147.3,33.6,0.88812092
1723,3948.9,2.1,-0.4,6.8039547,147.8,33.6,0.88774115
1327,3963,-396,14.1,5.258901,148.2,33.6,0.88743734
1324,3963.6,-3,0.6,5.2478064,148.5,33.6,0.88720948
1329,3963.6,5,0,5.2676244,148.9,33.6,0.88690567
1331,3963.8,2,0.2,5.2758178,149.3,33.6,0.88660185
1330,3964,-1,0.2,5.27212,149.6,33.6,0.88637399
1325,3964.3,-5,0.3,5.2526975,150,33.6,0.88607018
1317.1,3964.7,-7.9,0.4,5.2219064,150.4,33.6,0.88576637
1326.9,3964.4,9.8,-0.3,5.2603624,150.7,33.6,0.88553851
1328.9,3964.4,2,0,5.2682912,151.1,33.6,0.8852347
1330.1,3964.4,1.2,0,5.2730484,151.5,33.6,0.88493088
1325.9,3964.6,-4.2,0.2,5.2566631,151.9,33.6,0.88462707
1321.9,3964.8,-4,0.2,5.2410691,152.2,33.6,0.88439921
1329,3964.6,7.1,-0.2,5.2689534,152.6,33.6,0.8840954
1333.9,3964.3,4.9,-0.3,5.2879798,153,33.6,0.88379158
1225,3968.3,-108.9,4,4.8611675,153.3,33.6,0.88356372
1134.2,3971.8,-90.8,3.5,4.5048156,153.6,33.6,0.88333587
1032,3975.8,-102.2,4,4.1030256,153.9,33.6,0.88310801
931,3979.8,-101,4,3.7051938,154.2,33.6,0.88288015
834.1,3983.9,-96.9,4.1,3.322971,154.4,33.6,0.88272824
735,3988,-99.1,4.1,2.93118,154.6,33.6,0.88257633
738,3988.6,3,0.6,2.9435868,154.8,33.6,0.88242443
736.1,3989.2,-1.9,0.6,2.9364501,155,33.6,0.88227252
645.9,3993,-90.2,3.8,2.5790787,155.2,33.6,0.88212061
558,3996.8,-87.9,3.8,2.2302144,155.3,33.6,0.88204466
465.2,4000.9,-92.8,4.1,1.8612187,155.5,33.6,0.88189275
381,4004.7,-84.2,3.8,1.5257907,155.6,33.6,0.8818168
289,4008.8,-92,4.1,1.1585432,155.7,33.6,0.88174085
199.1,4012.9,-89.9,4.1,0.79896839,155.7,33.6,0.88174085
202.9,4013.8,3.8,0.9,0.81440002,155.8,33.6,0.88166489
199.1,4014.8,-3.8,1,0.79934668,155.8,33.6,0.88166489
203,4015.4,3.9,0.6,0.8151262,155.9,33.6,0.88158894
202,4016.2,-1,0.8,0.8112724,155.9,33.6,0.88158894
198,4017,-4,0.8,0.795366,156,33.6,0.88151299
204,4017.5,6,0.5,0.81957,156,33.6,0.88151299
198,4018.3,-6,0.8,0.7956234,156.1,33.6,0.88143703
201,4018.7,3,0.4,0.8077587,156.2,33.6,0.88136108
806,3997.5,605,-21.2,3.221985,156.4,33.6,0.88120918
1403,3975.3,597,-22.2,5.5773459,156.8,33.6,0.88090536
2007.8,3952.1,604.8,-23.2,7.9350264,157.3,33.6,0.8805256
2002.9,3950.2,-4.9,-1.9,7.9118556,157.9,33.6,0.88006988
1728.1,3958.6,-274.8,8.4,6.8408567,158.4,33.6,0.87969011
1449.9,3967.7,-278.2,9.1,5.7527682,158.8,33.6,0.8793863
1167.1,3977.5,-282.8,9.8,4.6421402,159.1,33.6,0.87915844
886,3987.7,-281.1,10.2,3.5331022,159.3,33.6,0.87900653
607.1,3998.2,-278.9,10.5,2.4273072,159.5,33.6,0.87885463
327.2,4009.1,-279.9,10.9,1.3117775,159.6,33.6,0.87877867
51,4020.2,-276.2,11.1,0.2050302,159.6,33.6,0.87877867
49,4021.6,-2,1.4,0.1970584,159.6,33.6,0.87877867
43,4022.9,-6,1.3,0.1729847,159.6,33.6,0.87877867
50,4023.6,7,0.7,0.20118,159.7,33.6,0.87870272
51,4024.4,1,0.8,0.2052444,159.7,33.6,0.87870272
46,4025.4,-5,1,0.1851684,159.7,33.6,0.87870272
48,4026.1,2,0.7,0.1932528,159.7,33.6,0.87870272
52,4026.6,4,0.5,0.2093832,159.7,33.6,0.87870272
48,4027.4,-4,0.8,0.1933152,159.7,33.6,0.87870272
51,4027.9,3,0.5,0.2054229,159.7,33.6,0.87870272
50,4028.5,-1,0.6,0.201425,159.7,33.6,0.87870272
43,4029.3,-7,0.8,0.1732599,159.8,33.6,0.87862677
53,4029.5,10,0.2,0.2135635,159.8,33.6,0.87862677
53,4030,0,0.5,0.21359,159.8,33.6,0.87862677
45,4030.7,-8,0.7,0.1813815,159.8,33.6,0.87862677
48,4031.1,3,0.4,0.1934928,159.8,33.6,0.87862677
53,4031.4,5,0.3,0.2136642,159.8,33.6,0.87862677
47,4032,-6,0.6,0.189504,159.8,33.6,0.87862677
51,4032.3,4,0.3,0.2056473,159.9,33.6,0.87855081
50,4032.7,-1,0.4,0.201635,159.9,33.6,0.87855081
49,4033.2,-1,0.5,0.1976268,159.9,33.6,0.87855081
54,4033.4,5,0.2,0.2178036,159.9,33.6,0.87855081
57,4033.6,3,0.2,0.2299152,159.9,33.6,0.87855081
47,4034.3,-10,0.7,0.1896121,159.9,33.6,0.87855081
53,4034.4,6,0.1,0.2138232,159.9,33.6,0.87855081
44,4035.1,-9,0.7,0.1775444,160,33.6,0.87847486
48,4035.3,4,0.2,0.1936944,160,33.6,0.87847486
46,4035.6,-2,0.3,0.1856376,160,33.6,0.87847486
45,4036,-1,0.4,0.18162,160,33.6,0.87847486
53,4036,8,0,0.213908,160,33.6,0.87847486
49,4036.4,-4,0.4,0.1977836,160,33.6,0.87847486
45,4036.8,-4,0.4,0.181656,160,33.6,0.87847486
48,4036.9,3,0.1,0.1937712,160,33.6,0.87847486
48,4037.2,0,0.3,0.1937856,160.1,33.6,0.87839891
46,4037.5,-2,0.3,0.185725,160.1,33.6,0.87839891
52,4037.6,6,0.1,0.2099552,160.1,33.6,0.87839891
48,4037.9,-4,0.3,0.1938192,160.1,33.6,0.87839891
47,4038.2,-1,0.3,0.1897954,160.1,33.6,0.87839891
49,4038.4,2,0.2,0.1978816,160.1,33.6,0.87839891
45,4038.7,-4,0.3,0.1817415,160.1,33.6,0.87839891
46,4038.9,1,0.2,0.1857894,160.2,33.6,0.87832295
44,4039.2,-2,0.3,0.1777248,160.2,33.6,0.87832295
48,4039.2,4,0,0.1938816,160.2,33.6,0.87832295
50,4039.4,2,0.2,0.20197,160.2,33.6,0.87832295
52,4039.5,2,0.1,0.210054,160.2,33.6,0.87832295
50,4039.7,-2,0.2,0.201985,160.2,33.6,0.87832295
53,4039.8,3,0.1,0.2141094,160.2,33.6,0.87832295
50,4040.1,-3,0.3,0.202005,160.3,33.6,0.878247
48,4040.3,-2,0.2,0.1939344,160.3,33.6,0.878247
45,4040.6,-3,0.3,0.181827,160.3,33.6,0.878247
48,4040.7,3,0.1,0.1939536,160.3,33.6,0.878247
47,4040.8,-1,0.1,0.1899176,160.3,33.6,0.878247
52,4040.8,5,0,0.2101216,160.3,33.6,0.878247
49,4041.1,-3,0.3,0.1980139,160.3,33.6,0.878247
47,4041.3,-2,0.2,0.1899411,160.3,33.6,0.878247
46,4041.5,-1,0.2,0.185909,160.4,33.6,0.87817105
52,4041.4,6,-0.1,0.2101528,160.4,33.6,0.87817105
50,4041.6,-2,0.2,0.20208,160.4,33.6,0.87817105
50,4041.7,0,0.1,0.202085,160.4,33.6,0.87817105
45,4042,-5,0.3,0.18189,160.4,33.6,0.87817105
54,4041.8,9,-0.2,0.2182572,160.4,33.6,0.87817105
49,4042.1,-5,0.3,0.1980629,160.4,33.6,0.87817105
49,4042.3,0,0.2,0.1980727,160.5,33.6,0.87809509
46,4042.5,-3,0.2,0.185955,160.5,33.6,0.87809509
44,4042.7,-2,0.2,0.1778788,160.5,33.6,0.87809509
51,4042.6,7,-0.1,0.2061726,160.5,33.6,0.87809509
51,4042.7,0,0.1,0.2061777,160.5,33.6,0.87809509
38,4043.2,-13,0.5,0.1536416,160.5,33.6,0.87809509
32,4043.6,-6,0.4,0.1293952,160.5,33.6,0.87809509
32,4043.7,0,0.1,0.1293984,160.5,33.6,0.87809509
32,4043.8,0,0.1,0.1294016,160.5,33.6,0.87809509
23,4044.3,-9,0.5,0.0930189,160.6,33.6,0.87801914
23,4044.4,0,0.1,0.0930212,160.6,33.6,0.87801914
21,4044.6,-2,0.2,0.0849366,160.6,33.6,0.87801914
29,4044.5,8,-0.1,0.1172905,160.6,33.6,0.87801914
20,4044.9,-9,0.4,0.080898,160.6,33.6,0.87801914
19,4045,-1,0.1,0.076855,160.6,33.6,0.87801914
18,4045.2,-1,0.2,0.0728136,160.6,33.6,0.87801914
18,4045.3,0,0.1,0.0728154,160.6,33.6,0.87801914
23,4045.2,5,-0.1,0.0930396,160.6,33.6,0.87801914
23,4045.3,0,0.1,0.0930419,160.6,33.6,0.87801914
18,4045.6,-5,0.3,0.0728208,160.6,33.6,0.87801914
20,4045.6,2,0,0.080912,160.6,33.6,0.87801914
25,4045.5,5,-0.1,0.1011375,160.6,33.6,0.87801914
18,4045.9,-7,0.4,0.0728262,160.6,33.6,0.87801914
20,4045.9,2,0,0.080918,160.6,33.6,0.87801914
23,4045.9,3,0,0.0930557,160.6,33.6,0.87801914
19,4046.1,-4,0.2,0.0768759,160.6,33.6,0.87801914
21,4046.1,2,0,0.0849681,160.6,33.6,0.87801914
19,4046.3,-2,0.2,0.0768797,160.7,33.6,0.87794319
28,4046.1,9,-0.2,0.1132908,160.7,33.6,0.87794319
22,4046.3,-6,0.2,0.0890186,160.7,33.6,0.87794319
25,4046.3,3,0,0.1011575,160.7,33.6,0.87794319
21,4046.5,-4,0.2,0.0849765,160.7,33.6,0.87794319
20,4046.7,-1,0.2,0.080934,160.7,33.6,0.87794319
21,4046.7,1,0,0.0849807,160.7,33.6,0.87794319
15,4047,-6,0.3,0.060705,160.7,33.6,0.87794319
20,4046.9,5,-0.1,0.080938,160.7,33.6,0.87794319
21,4046.9,1,0,0.0849849,160.7,33.6,0.87794319
27,4046.7,6,-0.2,0.1092609,160.7,33.6,0.87794319
27,4046.8,0,0.1,0.1092636,160.7,33.6,0.87794319
15,4047.3,-12,0.5,0.0607095,160.7,33.6,0.87794319
14,4047.5,-1,0.2,0.056665,160.7,33.6,0.87794319
19,4047.3,5,-0.2,0.0768987,160.7,33.6,0.87794319
19,4047.4,0,0.1,0.0769006,160.7,33.6,0.87794319
16,4047.6,-3,0.2,0.0647616,160.7,33.6,0.87794319
18,4047.6,2,0,0.0728568,160.8,33.6,0.87786723
25,4047.4,7,-0.2,0.101185,160.8,33.6,0.87786723
23,4047.5,-2,0.1,0.0930925,160.8,33.6,0.87786723
22,4047.6,-1,0.1,0.0890472,160.8,33.6,0.87786723
22,4047.6,0,0,0.0890472,160.8,33.6,0.87786723
24,4047.6,2,0,0.0971424,160.8,33.6,0.87786723
21,4047.8,-3,0.2,0.0850038,160.8,33.6,0.87786723
20,4047.9,-1,0.1,0.080958,160.8,33.6,0.87786723
26,4047.7,6,-0.2,0.1052402,160.8,33.6,0.87786723
23,4047.9,-3,0.2,0.0931017,160.8,33.6,0.87786723
24,4047.9,1,0,0.0971496,160.8,33.6,0.87786723
23,4048,-1,0.1,0.093104,160.8,33.6,0.87786723
22,4048.1,-1,0.1,0.0890582,160.8,33.6,0.87786723
19,4048.2,-3,0.1,0.0769158,160.8,33.6,0.87786723
14,4048.4,-5,0.2,0.0566776,160.8,33.6,0.87786723
21,4048.3,7,-0.1,0.0850143,160.8,33.6,0.87786723
23,4048.2,2,-0.1,0.0931086,160.8,33.6,0.87786723
19,4048.4,-4,0.2,0.0769196,160.9,33.6,0.87779128
15,4048.6,-4,0.2,0.060729,160.9,33.6,0.87779128
16,4048.6,1,0,0.0647776,160.9,33.6,0.87779128
21,4048.5,5,-0.1,0.0850185,160.9,33.6,0.87779128
22,4048.5,1,0,0.089067,160.9,33.6,0.87779128
21,4048.6,-1,0.1,0.0850206,160.9,33.6,0.87779128
24,4048.5,3,-0.1,0.097164,160.9,33.6,0.87779128
25,4048.5,1,0,0.1012125,160.9,33.6,0.87779128
22,4048.7,-3,0.2,0.0890714,160.9,33.6,0.87779128
22,4048.7,0,0,0.0890714,160.9,33.6,0.87779128
24,4048.7,2,0,0.0971688,160.9,33.6,0.87779128
18,4048.9,-6,0.2,0.0728802,160.9,33.6,0.87779128
17,4049,-1,0.1,0.068833,160.9,33.6,0.87779128
18,4049.1,1,0.1,0.0728838,160.9,33.6,0.87779128
21,4049,3,-0.1,0.085029,160.9,33.6,0.87779128
22,4049,1,0,0.089078,160.9,33.6,0.87779128
21,4049,-1,0,0.085029,160.9,33.6,0.87779128
20,4049.1,-1,0.1,0.080982,161,33.6,0.87771533
19,4049.2,-1,0.1,0.0769348,161,33.5,0.87771533
26,4049,7,-0.2,0.105274,161,33.5,0.87771533
22,4049.1,-4,0.1,0.0890802,161,33.5,0.87771533
21,4049.2,-1,0.1,0.0850332,161,33.5,0.87771533
20,4049.3,-1,0.1,0.080986,161,33.5,0.87771533
13,4049.6,-7,0.3,0.0526448,161,33.5,0.87771533
22,4049.3,9,-0.3,0.0890846,161,33.5,0.87771533
27,4049.2,5,-0.1,0.1093284,161,33.5,0.87771533
18,4049.5,-9,0.3,0.072891,161,33.5,0.87771533
25,4049.3,7,-0.2,0.1012325,161,33.5,0.87771533
19,4049.5,-6,0.2,0.0769405,161,33.5,0.87771533
21,4049.5,2,0,0.0850395,161,33.5,0.87771533
21,4049.5,0,0,0.0850395,161,33.5,0.87771533
24,4049.4,3,-0.1,0.0971856,161,33.5,0.87771533
23,4049.5,-1,0.1,0.0931385,161,33.5,0.87771533
21,4049.6,-2,0.1,0.0850416,161,33.5,0.87771533
20,4049.7,-1,0.1,0.080994,161.1,33.5,0.87763937
15,4049.9,-5,0.2,0.0607485,161.1,33.5,0.87763937
22,4049.7,7,-0.2,0.0890934,161.1,33.5,0.87763937
23,4049.7,1,0,0.0931431,161.1,33.5,0.87763937
22,4049.7,-1,0,0.0890934,161.1,33.5,0.87763937
17,4050,-5,0.3,0.06885,161.1,33.5,0.87763937
25,4049.7,8,-0.3,0.1012425,161.1,33.5,0.87763937
24,4049.8,-1,0.1,0.0971952,161.1,33.5,0.87763937
21,4049.9,-3,0.1,0.0850479,161.1,33.5,0.87763937
16,4050.1,-5,0.2,0.0648016,161.1,33.5,0.87763937
22,4049.9,6,-0.2,0.0890978,161.1,33.5,0.87763937
16,4050.2,-6,0.3,0.0648032,161.1,33.5,0.87763937
22,4050,6,-0.2,0.0891,161.1,33.5,0.87763937
22,4050,0,0,0.0891,161.1,33.5,0.87763937
23,4050,1,0,0.09315,161.1,33.5,0.87763937
20,4050.1,-3,0.1,0.081002,161.1,33.5,0.87763937
19,4050.2,-1,0.1,0.0769538,161.1,33.5,0.87763937
18,4050.2,-1,0,0.0729036,161.1,33.5,0.87763937
19,4050.3,1,0.1,0.0769557,161.2,33.5,0.87756342
25,4050.1,6,-0.2,0.1012525,161.2,33.5,0.87756342
18,4050.3,-7,0.2,0.0729054,161.2,33.5,0.87756342
18,4050.4,0,0.1,0.0729072,161.2,33.5,0.87756342
21,4050.3,3,-0.1,0.0850563,161.2,33.5,0.87756342
18,4050.4,-3,0.1,0.0729072,161.2,33.5,0.87756342
21,4050.3,3,-0.1,0.0850563,161.2,33.5,0.87756342
24,4050.2,3,-0.1,0.0972048,161.2,33.5,0.87756342
17,4050.5,-7,0.3,0.0688585,161.2,33.5,0.87756342
21,4050.4,4,-0.1,0.0850584,161.2,33.5,0.87756342
22,4050.4,1,0,0.0891088,161.2,33.5,0.87756342
17,4050.6,-5,0.2,0.0688602,161.2,33.5,0.87756342
24,4050.4,7,-0.2,0.0972096,161.2,33.5,0.87756342
15,4050.7,-9,0.3,0.0607605,161.2,33.5,0.87756342
19,4050.6,4,-0.1,0.0769614,161.2,33.5,0.87756342
22,4050.5,3,-0.1,0.089111,161.2,33.5,0.87756342
18,4050.7,-4,0.2,0.0729126,161.2,33.5,0.87756342
14,4050.9,-4,0.2,0.0567126,161.2,33.5,0.87756342
21,4050.7,7,-0.2,0.0850647,161.3,33.5,0.87748747
20,4050.7,-1,0,0.081014,161.3,33.5,0.87748747
18,4050.8,-2,0.1,0.0729144,161.3,33.5,0.87748747
20,4050.7,2,-0.1,0.081014,161.3,33.5,0.87748747
18,4050.8,-2,0.1,0.0729144,161.3,33.5,0.87748747
18,4050.9,0,0.1,0.0729162,161.3,33.5,0.87748747
17,4050.9,-1,0,0.0688653,161.3,33.5,0.87748747
14,4051,-3,0.1,0.056714,161.3,33.5,0.87748747
22,4050.8,8,-0.2,0.0891176,161.3,33.5,0.87748747
29,4050.5,7,-0.3,0.1174645,161.3,33.5,0.87748747
17,4051,-12,0.5,0.068867,161.3,33.5,0.87748747
23,4050.8,6,-0.2,0.0931684,161.3,33.5,0.87748747
167,4045.6,144,-5.2,0.6756152,161.4,33.5,0.87741151
309,4040.2,142,-5.4,1.2484218,161.4,33.5,0.87741151
454.9,4034.4,145.9,-5.8,1.8352486,161.6,33.5,0.87725961
600,4028.5,145.1,-5.9,2.4171,161.7,33.5,0.87718365
748,4022.4,148,-6.1,3.0087552,161.9,33.5,0.87703175
892.9,4016.2,144.9,-6.2,3.586065,162.2,33.5,0.87680389
886.9,4015.3,-6,-0.9,3.5611696,162.4,33.5,0.87665198
889,4014.4,2.1,-0.9,3.5688016,162.7,33.5,0.87642412
891.9,4013.4,2.9,-1,3.5795515,162.9,33.5,0.87627222
891,4012.8,-0.9,-0.6,3.5754048,163.2,33.5,0.87604436
890,4012.1,-1,-0.7,3.570769,163.4,33.5,0.87589245
888,4011.5,-2,-0.6,3.562212,163.7,33.5,0.87566459
883.1,4011,-4.9,-0.5,3.5421141,163.9,33.5,0.87551268
885,4010.4,1.9,-0.6,3.549204,164.2,33.5,0.87528482
1382,3991.7,497,-18.7,5.5165294,164.6,33.5,0.87498101
1375,3990.5,-7,-1.2,5.4869375,164.9,33.5,0.87475315
1369,3989.6,-6,-0.9,5.4617624,165.3,33.5,0.87444934
1377.9,3988.1,8.9,-1.5,5.495203,165.7,33.5,0.87414553
1378,3987.1,0.1,-1,5.4942238,166.1,33.5,0.87384171
1374,3986.4,-4,-0.7,5.4773136,166.5,33.5,0.8735379
1376,3985.4,2,-1,5.4839104,166.8,33.5,0.87331004
1376,3984.5,0,-0.9,5.482672,167.2,33.5,0.87300623
1379,3983.6,3,-0.9,5.4933844,167.6,33.5,0.87270242
1374,3983,-5,-0.6,5.472642,168,33.5,0.8723986
1375.1,3982.2,1.1,-0.8,5.4759232,168.4,33.5,0.87209479
1374,3981.5,-1.1,-0.7,5.470581,168.8,33.5,0.87179098
1376,3980.7,2,-0.8,5.4774432,169.1,33.5,0.87156312
1375,3980.1,-1,-0.6,5.4726375,169.5,33.5,0.8712593
1373,3979.6,-2,-0.5,5.4639908,169.9,33.5,0.87095549
1375.1,3978.9,2.1,-0.7,5.4713854,170.3,33.5,0.87065168
1346.1,3979.3,-29,0.4,5.3565357,170.7,33.5,0.87034787
1314.1,3979.9,-32,0.6,5.2299866,171,33.5,0.87012001
1282,3980.6,-32.1,0.7,5.1031292,171.4,33.5,0.86981619
1254,3981.2,-28,0.6,4.9924248,171.7,33.5,0.86958833
1247,3981.1,-7,-0.1,4.9644317,172.1,33.5,0.86928452
1247.1,3980.7,0.1,-0.4,4.964331,172.4,33.5,0.86905666
1253,3980.1,5.9,-0.6,4.9870653,172.8,33.5,0.86875285
1128.1,3984.3,-124.9,4.2,4.4946888,173.1,33.5,0.86852499
1001,3988.7,-127.1,4.4,3.9926887,173.4,33.5,0.86829713
877.1,3993.2,-123.9,4.5,3.5024357,173.6,33.5,0.86814522
756,3997.8,-121.1,4.6,3.0223368,173.8,33.5,0.86799332
629,4002.7,-127,4.9,2.5176983,174,33.5,0.86784141
630.9,4003.1,1.9,0.4,2.5255558,174.2,33.5,0.8676895
631,4003.5,0.1,0.4,2.5262085,174.3,33.5,0.86761355
628.9,4003.8,-2.1,0.3,2.5179898,174.5,33.5,0.86746164
627,4004.1,-1.9,0.3,2.5105707,174.7,33.5,0.86730974
628.9,4004.2,1.9,0.1,2.5182414,174.9,33.5,0.86715783
630,4004.4,1.1,0.2,2.522772,175,33.5,0.86708188
628.1,4004.6,-1.9,0.2,2.5152893,175.2,33.5,0.86692997
623,4004.9,-5.1,0.3,2.4950527,175.4,33.5,0.86677806
628,4004.9,5,0,2.5150772,175.6,33.5,0.86662616
630.8,4004.9,2.8,0,2.5262909,175.7,33.5,0.86655021
628,4005.1,-2.8,0.2,2.5152028,175.9,33.5,0.8663983
628.9,4005.1,0.9,0,2.5188074,176.1,33.5,0.86624639
623,4005.5,-5.9,0.4,2.4954265,176.3,33.5,0.86609449
620.9,4005.6,-2.1,0.1,2.487077,176.4,33.5,0.86601853
1175,3985.6,554.1,-20,4.68308,176.8,33.5,0.86571472
1166,3984.9,-9,-0.7,4.6463934,177.1,33.5,0.86548686
1171,3984.1,5,-0.8,4.6653811,177.4,33.5,0.865259
1171,3983.5,0,-0.6,4.6646785,177.7,33.5,0.86503114
1169,3983,-2,-0.5,4.656127,178.1,33.5,0.86472733
1175,3982.3,6,-0.7,4.6792025,178.4,33.5,0.86449947
1171,3982,-4,-0.3,4.662922,178.7,33.5,0.86427161
1171,3981.7,0,-0.3,4.6625707,179,33.5,0.86404375
1171,3981.3,0,-0.4,4.6621023,179.4,33.5,0.86373994
1170.1,3980.9,-0.9,-0.4,4.6580511,179.7,33.5,0.86351208
1173,3980.5,2.9,-0.4,4.6691265,180,33.5,0.86328422
1169.1,3980.2,-3.9,-0.3,4.6532518,180.3,33.5,0.86305636
1175,3979.7,5.9,-0.5,4.6761475,180.7,33.5,0.86275254
1166.1,3979.7,-8.9,0,4.6407282,181,33.5,0.86252468
1172.9,3979.2,6.8,-0.5,4.6672037,181.3,33.5,0.86229683
1169,3979,-3.9,-0.2,4.651451,181.6,33.5,0.86206897
1248,3975.9,79,-3.1,4.9619232,182,33.5,0.86176515
1333,3972.4,85,-3.5,5.2952092,182.3,33.5,0.86153729
1408.9,3969.1,75.9,-3.3,5.592065,182.7,33.5,0.86123348
1473.9,3966.2,65,-2.9,5.8457822,183.1,33.5,0.86092967
1554,3962.6,80.1,-3.6,6.1578804,183.6,33.5,0.8605499
1556,3961.9,2,-0.7,6.1647164,184,33.5,0.86024609
1551,3961.4,-5,-0.5,6.1441314,184.4,33.5,0.85994228
1558,3960.5,7,-0.9,6.170459,184.9,33.5,0.85956251
1558.9,3960,0.9,-0.5,6.173244,185.3,33.5,0.8592587
1555.1,3959.6,-3.8,-0.4,6.157574,185.7,33.5,0.85895488
1553,3959.1,-2.1,-0.5,6.1484823,186.2,33.5,0.85857512
1552,3958.7,-1,-0.4,6.1439024,186.6,33.5,0.8582713
1663.9,3954.2,111.9,-4.5,6.5793934,187.1,33.5,0.85789154
1771,3949.6,107.1,-4.6,6.9947416,187.6,33.5,0.85751177
1877,3945.1,106,-4.5,7.4049527,188.1,33.5,0.85713201
1978.9,3940.6,101.9,-4.5,7.7980533,188.6,33.5,0.85675224
1988.9,3939.3,10,-1.3,7.8348738,189.2,33.5,0.85629652
1991,3938.3,2.1,-1,7.8411553,189.7,33.5,0.85591676
1990,3937.5,-1,-0.8,7.835625,190.3,33.5,0.85546104
1987,3936.9,-3,-0.6,7.8226203,190.8,33.5,0.85508127
1988.9,3936.1,1.9,-0.8,7.8285093,191.4,33.5,0.85462555
1982.9,3935.7,-6,-0.4,7.8040995,191.9,33.5,0.85424578
1982,3935.1,-0.9,-0.6,7.7993682,192.5,33.5,0.85379007
1972.9,3934.8,-9.1,-0.3,7.7629669,193,33.5,0.8534103
1976.9,3934,4,-0.8,7.7771246,193.6,33.5,0.85295458
1971.9,3933.6,-5,-0.4,7.7566658,194.1,33.5,0.85257481
1980.9,3932.7,9,-0.9,7.7902854,194.7,33.5,0.85211909
1973.9,3932.4,-7,-0.3,7.7621644,195.2,33.5,0.85173933
1975.9,3931.8,2,-0.6,7.7688436,195.8,33.5,0.85128361
1979.8,3931.2,3.9,-0.6,7.7829898,196.3,33.5,0.85090384
1972.9,3930.9,-6.9,-0.3,7.7552726,196.9,33.5,0.85044812
1974.9,3930.4,2,-0.5,7.762147,197.4,33.5,0.85006836
1975.9,3929.8,1,-0.6,7.7648918,198,33.5,0.84961264
1974.9,3929.4,-1,-0.4,7.7601721,198.5,33.5,0.84923287
1972.9,3929,-2,-0.4,7.7515241,199.1,33.5,0.84877715
1974.9,3928.5,2,-0.5,7.7583947,199.6,33.5,0.84839739
1978.9,3927.9,4,-0.6,7.7729213,200.2,33.5,0.84794167
1969,3927.9,-9.9,0,7.7340351,200.7,33.5,0.8475619
1979.9,3927.1,10.9,-0.8,7.7752653,201.3,33.5,0.84710618
1974,3926.9,-5.9,-0.2,7.7517006,201.8,33.5,0.84672642
1976.9,3926.4,2.9,-0.5,7.7621002,202.4,33.5,0.8462707
1979,3925.9,2.1,-0.5,7.7693561,202.9,33.5,0.84589093
1972.9,3925.7,-6.1,-0.2,7.7450135,203.5,33.6,0.84543521
445.1,3980.7,-1527.8,55,1.7718096,203.6,33.6,0.84535926
-1086.8,4038.5,-1531.9,57.8,-4.3890418,203.3,33.6,0.84558712
-1088.8,4042.8,-2,4.3,-4.4018006,203,33.6,0.84581498
-1087.8,4046.3,1,3.5,-4.4015651,202.7,33.6,0.84604284
-1088.8,4049.1,-1,2.8,-4.4086601,202.4,33.6,0.8462707
-1087.9,4051.7,0.9,2.6,-4.4078444,202.1,33.6,0.84649856
-1085.8,4054.1,2.1,2.4,-4.4019418,201.8,33.6,0.84672642
-1087.9,4056.3,-2.1,2.2,-4.4128488,201.5,33.6,0.84695428
-1090.8,4058.4,-2.9,2.1,-4.4269027,201.2,33.6,0.84718214
-1085.9,4060.3,4.9,1.9,-4.4090798,200.9,33.6,0.84741
-1089.8,4062.2,-3.9,1.9,-4.4269856,200.6,33.6,0.84763786
-1087.8,4063.9,2,1.7,-4.4207104,200.3,33.6,0.84786571
-1079.8,4065.3,8,1.4,-4.3897109,200,33.6,0.84809357
-1088.9,4067.2,-9.1,1.9,-4.4287741,199.7,33.6,0.84832143
-1086.9,4068.6,2,1.4,-4.4221613,199.4,33.6,0.84854929
-926.1,4064.3,160.8,-4.3,-3.7639482,199.1,33.6,0.84877715
-767.8,4059.7,158.3,-4.6,-3.1170377,198.9,33.6,0.84892906
-606.9,4054.7,160.9,-5,-2.4607974,198.7,33.6,0.84908097
-448.8,4049.7,158.1,-5,-1.8175054,198.6,33.6,0.84915692
-296.9,4044.7,151.9,-5,-1.2008714,198.5,33.6,0.84923287
-292.8,4044.8,4.1,0.1,-1.1843174,198.4,33.6,0.84930883
-294.9,4045.2,-2.1,0.4,-1.1929295,198.4,33.6,0.84930883
-293.9,4045.6,1,0.4,-1.1890018,198.3,33.6,0.84938478
-296.8,4046,-2.9,0.4,-1.2008528,198.2,33.6,0.84946073
-295.9,4046.4,0.9,0.4,-1.1973298,198.1,33.6,0.84953669
-294.8,4046.8,1.1,0.4,-1.1929966,198,33.6,0.84961264
-297.9,4047.4,-3.1,0.6,-1.2057205,197.9,33.6,0.84968859
-286.7,4047.3,11.2,-0.1,-1.1603609,197.9,33.6,0.84968859
-287.8,4047.8,-1.1,0.5,-1.1649568,197.8,33.6,0.84976455
-295.8,4048.5,-8,0.7,-1.1975463,197.7,33.6,0.8498405
-295.9,4048.9,-0.1,0.4,-1.1980695,197.6,33.6,0.84991645
-106.8,4042.5,189.1,-6.4,-0.431739,197.6,33.6,0.84991645
75,4035.9,181.8,-6.6,0.3026925,197.6,33.6,0.84991645
263,4028.9,188,-7,1.0596007,197.7,33.6,0.8498405
456,4021.5,193,-7.4,1.833804,197.8,33.6,0.84976455
644.9,4014,188.9,-7.5,2.5886286,198,33.6,0.84961264
825.9,4006.6,181,-7.4,3.3090509,198.2,33.6,0.84946073
830,4005.5,4.1,-1.1,3.324565,198.4,33.6,0.84930883
837,4004.4,7,-1.1,3.3516828,198.7,33.6,0.84908097
826,4004,-11,-0.4,3.307304,198.9,33.6,0.84892906
829,4003.3,3,-0.7,3.3187357,199.1,33.6,0.84877715
827.1,4002.7,-1.9,-0.6,3.3106332,199.4,33.6,0.84854929
827,4002.2,-0.1,-0.5,3.3098194,199.6,33.6,0.84839739
831.1,4001.5,4.1,-0.7,3.3256466,199.8,33.6,0.84824548
823.9,4001.2,-7.2,-0.3,3.2965887,200.1,33.6,0.84801762
828,4000.6,4.1,-0.6,3.3124968,200.3,33.6,0.84786571
550.1,4010.2,-277.9,9.6,2.206011,200.4,33.6,0.84778976
273.1,4020.3,-277,10.1,1.0979439,200.5,33.6,0.84771381
272,4020.8,-1.1,0.5,1.0936576,200.6,33.6,0.84763786
279,4020.9,7,0.1,1.1218311,200.7,33.6,0.8475619
271,4021.4,-8,0.5,1.0897994,200.7,33.6,0.8475619
1358,3982.3,1087,-39.1,5.4079634,201.1,33.6,0.84725809
2450.9,3941.2,1092.9,-41.1,9.6594871,201.8,33.6,0.84672642
3000,3918.2,549.1,-23,11.7546,202.6,33.6,0.84611879
3000.1,3914.7,0.1,-3.5,11.744491,203.5,33.6,0.84543521
3000.1,3911.7,0,-3,11.735491,204.3,33.6,0.84482759
3000.1,3909,0,-2.7,11.727391,205.1,33.6,0.84421996
3000.1,3906.7,0,-2.3,11.720491,206,33.6,0.84353638
3000.1,3904.5,0,-2.2,11.71389,206.8,33.6,0.84292876
3000.1,3902.4,0,-2.1,11.70759,207.6,33.6,0.84232113
3000.1,3900.5,0,-1.9,11.70189,208.5,33.6,0.84163755
2493.1,3916.8,-507,16.3,9.7649741,209.2,33.6,0.84110588
1452.1,3953.2,-1041,36.4,5.7404417,209.6,33.6,0.84080207
1456.9,3953.7,4.8,0.5,5.7601455,210,33.6,0.84049825
1452,3954.1,-4.9,0.4,5.7413532,210.4,33.6,0.84019444
1456,3954.1,4,0,5.7571696,210.8,33.6,0.83989063
1457.8,3954,1.8,-0.1,5.7641412,211.2,33.6,0.83958681
1455,3954,-2.8,0,5.75307,211.6,33.6,0.839283
1452.9,3953.9,-2.1,-0.1,5.7446213,212,33.6,0.83897919
1450,3953.9,-2.9,0,5.733155,212.4,33.6,0.83867538
1460,3953.3,10,-0.6,5.771818,212.8,33.6,0.83837156
1451,3953.5,-9,0.2,5.7365285,213.2,33.6,0.83806775
1457,3953,6,-0.5,5.759521,213.6,33.6,0.83776394
1452,3953,-5,0,5.739756,214,33.6,0.83746012
1461.1,3952.5,9.1,-0.5,5.7749978,214.4,33.6,0.83715631
1452,3952.5,-9.1,0,5.73903,214.8,33.6,0.8368525
1457,3952.1,5,-0.4,5.7582097,215.2,33.6,0.83654869
819.1,3975,-637.9,22.9,3.2559225,215.5,33.6,0.83632083
180.1,3999,-639,24,0.7202199,215.5,33.6,0.83632083
177.1,4000.8,-3,1.8,0.70854168,215.6,33.6,0.83624487
175,4002.3,-2.1,1.5,0.7004025,215.6,33.6,0.83624487
173.1,4003.5,-1.9,1.2,0.69300585,215.6,33.6,0.83624487
667.9,3986.7,494.8,-16.8,2.6627169,215.8,33.6,0.83609297
666,3986.9,-1.9,0.2,2.6552754,216,33.6,0.83594106
666,3987.1,0,0.2,2.6554086,216.2,33.6,0.83578915
662,3987.5,-4,0.4,2.639725,216.4,33.6,0.83563725
668,3987.6,6,0.1,2.6637168,216.6,33.6,0.83548534
665.1,3987.9,-2.9,0.3,2.6523523,216.8,33.6,0.83533343
666.9,3988.1,1.8,0.2,2.6596639,216.9,33.6,0.83525748
664,3988.4,-2.9,0.3,2.6482976,217.1,33.6,0.83510557
664.9,3988.6,0.9,0.2,2.6520201,217.3,33.6,0.83495367
670.1,3988.7,5.2,0.1,2.6728279,217.5,33.6,0.83480176
570,3992.5,-100.1,3.8,2.275725,217.7,33.6,0.83464986
571,3992.8,1,0.3,2.2798888,217.8,33.6,0.8345739
570,3993.1,-1,0.3,2.276067,218,33.6,0.834422
565,3993.6,-5,0.5,2.256384,218.1,33.6,0.83434604
564.9,3993.9,-0.1,0.3,2.2561541,218.3,33.6,0.83419414
570,3994,5.1,0.1,2.27658,218.4,33.6,0.83411818
571,3994.2,1,0.2,2.2806882,218.6,33.6,0.83396628
833,3985,262,-9.2,3.319505,218.8,33.6,0.83381437
1103.9,3974.9,270.9,-10.1,4.3878921,219.1,33.6,0.83358651
1371.1,3964.6,267.2,-10.3,5.4358631,219.5,33.6,0.8332827
1630.9,3954.3,259.8,-10.3,6.4490679,220,33.6,0.83290293
1904.9,3943.2,274,-11.1,7.5114017,220.5,33.6,0.83252317
1901.9,3941.8,-3,-1.4,7.4969094,221,33.6,0.8321434
1907.9,3940.2,6,-1.6,7.5175076,221.6,33.6,0.83168768
1898,3939.5,-9.9,-0.7,7.477171,222.1,33.6,0.83130791
1899,3938.4,1,-1.1,7.4790216,222.6,33.6,0.83092815
1901,3937.4,2,-1,7.4849974,223.1,33.6,0.83054838
1899,3936.6,-2,-0.8,7.4756034,223.7,33.6,0.83009266
1906.9,3935.4,7.9,-1.2,7.5044143,224.2,33.6,0.8297129
1902,3934.9,-4.9,-0.5,7.4841798,224.7,33.6,0.82933313
2088.9,3927.4,186.9,-7.5,8.2039459,225.3,33.6,0.82887741
2264.9,3920,176,-7.4,8.878408,225.9,33.6,0.82842169
2456.9,3911.9,192,-8.1,9.6111471,226.6,33.6,0.82789002
2639.1,3904,182.2,-7.9,10.303046,227.4,33.6,0.82728239
2822,3896,182.9,-8,10.994512,228.1,33.6,0.82675072
3000,3887.9,178,-8.1,11.6637,229,33.6,0.82606714
3000,3886.2,0,-1.7,11.6586,229.8,33.6,0.82545952
3000,3884.5,0,-1.7,11.6535,230.6,33.6,0.82485189
3000.1,3883.1,0.1,-1.4,11.649688,231.5,33.6,0.82416831
3000.1,3881.7,0,-1.4,11.645488,232.3,33.6,0.82356069
3000.1,3880.3,0,-1.4,11.641288,233.1,33.6,0.82295306
3000.1,3879,0,-1.3,11.637388,234,33.6,0.82226948
3000.1,3877.8,0,-1.2,11.633788,234.8,33.6,0.82166186
3000,3876.6,-0.1,-1.2,11.6298,235.6,33.6,0.82105423
3000.1,3875.4,0.1,-1.2,11.626588,236.5,33.6,0.82037065
2933.2,3876.7,-66.9,1.3,11.371136,237.3,33.6,0.81976303
2685,3884.7,-248.2,8,10.430419,238,33.6,0.81923135
2430.2,3893.3,-254.8,8.6,9.4614977,238.7,33.6,0.81869968
2173,3902.3,-257.2,9,8.4796979,239.3,33.6,0.81824396
2172.9,3902.3,-0.1,0,8.4793077,239.9,33.6,0.81778824
2174.9,3902.2,2,-0.1,8.4868948,240.5,33.6,0.81733252
2172.9,3902.1,-2,-0.1,8.4788731,241.1,33.6,0.8168768
2177.9,3901.8,5,-0.3,8.4977302,241.7,33.6,0.81642108
1803,3915.1,-374.9,13.3,7.0589253,242.2,33.6,0.81604132
1445,3928.5,-358,13.4,5.6766825,242.6,33.6,0.81573751
1065.2,3943.1,-379.8,14.6,4.2001901,242.9,33.6,0.81550965
699,3957.6,-366.2,14.5,2.7663624,243.1,33.6,0.81535774
332.1,3972.5,-366.9,14.9,1.3192673,243.2,33.6,0.81528179
-38,3987.9,-370.1,15.4,-0.1515402,243.2,33.6,0.81528179
-411.8,4003.7,-373.8,15.8,-1.6487237,243.1,33.6,0.81535774
-406.8,4006.1,5,2.4,-1.6296815,243,33.6,0.81543369
-408.9,4008.4,-2.1,2.3,-1.6390348,242.9,33.6,0.81550965
-405.8,4010.3,3.1,1.9,-1.6273797,242.8,33.7,0.8155856
-405.9,4012.2,-0.1,1.9,-1.628552,242.6,33.7,0.81573751
-407.9,4014,-2,1.8,-1.6373106,242.5,33.7,0.81581346
-406.9,4015.5,1,1.5,-1.633907,242.4,33.7,0.81588941
-406.8,4017.1,0.1,1.6,-1.6341563,242.3,33.7,0.81596537
-406.9,4018.6,-0.1,1.5,-1.6351683,242.2,33.7,0.81604132
-408.8,4020,-1.9,1.4,-1.643376,242.1,33.7,0.81611727
-405.9,4021.2,2.9,1.2,-1.6322051,242,33.7,0.81619322
-409.8,4022.6,-3.9,1.4,-1.6484615,241.8,33.7,0.81634513
-410.8,4023.8,-1,1.2,-1.652977,241.7,33.7,0.81642108
-408.9,4025,1.9,1.2,-1.6458225,241.6,33.7,0.81649704
-224.8,4019.5,184.1,-5.5,-0.9035836,241.6,33.7,0.81649704
-48,4013.9,176.8,-5.6,-0.1926672,241.5,33.7,0.81657299
135,4007.7,183,-6.2,0.5410395,241.6,33.7,0.81649704
311,4001.7,176,-6,1.2445287,241.7,33.7,0.81642108
501,3994.8,190,-6.9,2.0013948,241.8,33.7,0.81634513
675,3988.4,174,-6.4,2.69217,242,33.7,0.81619322
677,3988,2,-0.4,2.699876,242.2,33.7,0.81604132
673,3988,-4,0,2.683924,242.4,33.7,0.81588941
675.9,3987.7,2.9,-0.3,2.6952864,242.6,33.7,0.81573751
673.9,3987.6,-2,-0.1,2.6872436,242.7,33.7,0.81566155
673,3987.6,-0.9,0,2.6836548,242.9,33.7,0.81550965
675,3987.5,2,-0.1,2.6915625,243.1,33.7,0.81535774
671.9,3987.5,-3.1,0,2.6792013,243.3,33.7,0.81520583
677.1,3987.3,5.2,-0.2,2.6998008,243.5,33.7,0.81505393
676,3987.3,-1.1,0,2.6954148,243.7,33.7,0.81490202
2079.8,3936.8,1403.8,-50.5,8.1877566,244.3,33.7,0.8144463
2081,3934.2,1.2,-2.6,8.1870702,244.8,33.7,0.81406654
2082.9,3932.2,1.9,-2,8.1903794,245.4,33.7,0.81361082
2085.9,3930.5,3,-1.7,8.19863,246,33.7,0.8131551
2080,3929.2,-5.9,-1.3,8.172736,246.6,33.7,0.81269938
2082.9,3927.7,2.9,-1.5,8.1810063,247.1,33.7,0.81231961
2077.9,3926.6,-5,-1.1,8.1590821,247.7,33.7,0.81186389
2087.9,3925.1,10,-1.5,8.1952163,248.3,33.7,0.81140817
2081.9,3924.2,-6,-0.9,8.169792,248.9,33.7,0.81095245
2083,3923.1,1.1,-1.1,8.1718173,249.5,33.7,0.81049673
2080.8,3922.2,-2.2,-0.9,8.1613138,250,33.7,0.81011697
2077.9,3921.3,-2.9,-0.9,8.1480693,250.6,33.7,0.80966125
2084.9,3920.1,7,-1.2,8.1730165,251.2,33.7,0.80920553
2081.9,3919.4,-3,-0.7,8.1597989,251.8,33.7,0.80874981
2078,3918.7,-3.9,-0.7,8.1430586,252.4,33.7,0.80829409
2079.9,3917.8,1.9,-0.9,8.1486322,252.9,33.7,0.80791432
2085.8,3916.8,5.9,-1,8.1696614,253.5,33.7,0.80745861
2080.9,3916.2,-4.9,-0.6,8.1492206,254.1,33.7,0.80700289
1732,3928,-348.9,11.8,6.803296,254.6,33.7,0.80662312
1384.1,3940.5,-347.9,12.5,5.4540461,255,33.7,0.80631931
1038.1,3953.3,-346,12.8,4.1039207,255.2,33.7,0.8061674
688,3966.7,-350.1,13.4,2.7290896,255.4,33.7,0.80601549
342.1,3980.3,-345.9,13.6,1.3616606,255.5,33.7,0.80593954
-14,3994.8,-356.1,14.5,-0.0559272,255.5,33.7,0.80593954
-360.8,4009.2,-346.8,14.4,-1.4465194,255.4,33.7,0.80601549
-353.9,4011.1,6.9,1.9,-1.4195283,255.3,33.7,0.80609145
-352.9,4012.9,1,1.8,-1.4161524,255.2,33.7,0.8061674
-360.8,4014.9,-7.9,2,-1.4485759,255.1,33.7,0.80624335
2999.9,3895.5,3360.7,-119.4,11.68611,256,33.7,0.80555978
3000,3891,0.1,-4.5,11.673,256.8,33.7,0.80495215
3000,3887.8,0,-3.2,11.6634,257.6,33.7,0.80434452
3000,3885.1,0,-2.7,11.6553,258.5,33.7,0.80366094
2507.9,3900.5,-492.1,15.4,9.7820639,259.2,33.7,0.80312927
2008.1,3917.3,-499.8,16.8,7.8663301,259.7,33.7,0.80274951
1516,3934.5,-492.1,17.2,5.964702,260.1,33.7,0.80244569
1017,3952.8,-499,18.3,4.0199976,260.4,33.7,0.80221783
523.1,3971.5,-493.9,18.7,2.0774916,260.6,33.7,0.80206593
30,3990.7,-493.1,19.2,0.119721,260.6,33.7,0.80206593
28,3992.9,-2,2.2,0.1118012,260.6,33.7,0.80206593
32,3994.4,4,1.5,0.1278208,260.6,33.7,0.80206593
30,3996,-2,1.6,0.11988,260.6,33.7,0.80206593
36,3997.1,6,1.1,0.1438956,260.6,33.7,0.80206593
29,3998.5,-7,1.4,0.1159565,260.6,33.7,0.80206593
27,3999.6,-2,1.1,0.1079892,260.6,33.7,0.80206593
28,4000.7,1,1.1,0.1120196,260.6,33.7,0.80206593
26,4001.7,-2,1,0.1040442,260.6,33.7,0.80206593
29,4002.5,3,0.8,0.1160725,260.6,33.7,0.80206593
36,4003.2,7,0.7,0.1441152,260.7,33.7,0.80198997
27,4004.3,-9,1.1,0.1081161,260.7,33.7,0.80198997
29,4005,2,0.7,0.116145,260.7,33.7,0.80198997
29,4005.8,0,0.8,0.1161682,260.7,33.7,0.80198997
28,4006.5,-1,0.7,0.112182,260.7,33.7,0.80198997
27,4007.3,-1,0.8,0.1081971,260.7,33.7,0.80198997
32,4007.8,5,0.5,0.1282496,260.7,33.7,0.80198997
30,4008.5,-2,0.7,0.120255,260.7,33.7,0.80198997
26,4009.2,-4,0.7,0.1042392,260.7,33.7,0.80198997
29,4009.7,3,0.5,0.1162813,260.7,33.7,0.80198997
34,4010.1,5,0.4,0.1363434,260.7,33.7,0.80198997
30,4010.8,-4,0.7,0.120324,260.7,33.7,0.80198997
27,4011.4,-3,0.6,0.1083078,260.8,33.7,0.80191402
31,4011.8,4,0.4,0.1243658,260.8,33.7,0.80191402
31,4012.4,0,0.6,0.1243844,260.8,33.7,0.80191402
37,4012.6,6,0.2,0.1484662,260.8,33.7,0.80191402
34,4013.1,-3,0.5,0.1364454,260.8,33.7,0.80191402
26,4013.9,-8,0.8,0.1043614,260.8,33.7,0.80191402
25,4014.4,-1,0.5,0.10036,260.8,33.7,0.80191402
36,4014.4,11,0,0.1445184,260.8,33.7,0.80191402
24,4015.3,-12,0.9,0.0963672,260.8,33.7,0.80191402
31,4015.4,7,0.1,0.1244774,260.8,33.7,0.80191402
29,4015.9,-2,0.5,0.1164611,260.8,33.7,0.80191402
32,4016.1,3,0.2,0.1285152,260.8,33.7,0.80191402
29,4016.6,-3,0.5,0.1164814,260.9,33.7,0.80183807
25,4017.1,-4,0.5,0.1004275,260.9,33.7,0.80183807
28,4017.4,3,0.3,0.1124872,260.9,33.7,0.80183807
28,4017.7,0,0.3,0.1124956,260.9,33.7,0.80183807
32,4017.8,4,0.1,0.1285696,260.9,33.7,0.80183807
32,4018.2,0,0.4,0.1285824,260.9,33.7,0.80183807
28,4018.6,-4,0.4,0.1125208,260.9,33.7,0.80183807
27,4019,-1,0.4,0.108513,260.9,33.7,0.80183807
29,4019.2,2,0.2,0.1165568,260.9,33.7,0.80183807
27,4019.6,-2,0.4,0.1085292,260.9,33.7,0.80183807
37,4019.5,10,-0.1,0.1487215,260.9,33.7,0.80183807
30,4020,-7,0.5,0.1206,260.9,33.7,0.80183807
34,4020.2,4,0.2,0.1366868,261,33.7,0.80176211
29,4020.6,-5,0.4,0.1165974,261,33.7,0.80176211
28,4020.9,-1,0.3,0.1125852,261,33.7,0.80176211
29,4021.1,1,0.2,0.1166119,261,33.7,0.80176211
30,4021.3,1,0.2,0.120639,261,33.7,0.80176211
31,4021.6,1,0.3,0.1246696,261,33.7,0.80176211
29,4021.8,-2,0.2,0.1166322,261,33.7,0.80176211
28,4022.1,-1,0.3,0.1126188,261,33.7,0.80176211
30,4022.3,2,0.2,0.120669,261,33.7,0.80176211
30,4022.5,0,0.2,0.120675,261,33.7,0.80176211
27,4022.8,-3,0.3,0.1086156,261,33.7,0.80176211
32,4022.8,5,0,0.1287296,261,33.7,0.80176211
28,4023.2,-4,0.4,0.1126496,261.1,33.7,0.80168616
29,4023.4,1,0.2,0.1166786,261.1,33.7,0.80168616
29,4023.6,0,0.2,0.1166844,261.1,33.7,0.80168616
31,4023.7,2,0.1,0.1247347,261.1,33.7,0.80168616
31,4023.9,0,0.2,0.1247409,261.1,33.7,0.80168616
27,4024.2,-4,0.3,0.1086534,261.1,33.7,0.80168616
28,4024.3,1,0.1,0.1126804,261.1,33.7,0.80168616
33,4024.4,5,0.1,0.1328052,261.1,33.7,0.80168616
30,4024.6,-3,0.2,0.120738,261.1,33.7,0.80168616
31,4024.7,1,0.1,0.1247657,261.1,33.7,0.80168616
30,4024.9,-1,0.2,0.120747,261.1,33.7,0.80168616
34,4025,4,0.1,0.13685,261.1,33.7,0.80168616
29,4025.3,-5,0.3,0.1167337,261.2,33.7,0.80161021
30,4025.4,1,0.1,0.120762,261.2,33.7,0.80161021
35,4025.4,5,0,0.140889,261.2,33.7,0.80161021
31,4025.7,-4,0.3,0.1247967,261.2,33.7,0.80161021
30,4025.9,-1,0.2,0.120777,261.2,33.7,0.80161021
1155.9,3985.5,1125.9,-40.4,4.6068394,261.5,33.7,0.80138235
2276.9,3943.2,1121,-42.3,8.9782721,262.1,33.7,0.80092663
3000,3913.7,723.1,-29.5,11.7411,263,33.7,0.80024305
3000,3909.8,0,-3.9,11.7294,263.8,33.7,0.79963542
3000.1,3906.3,0.1,-3.5,11.719291,264.6,33.7,0.7990278
3000,3903.4,-0.1,-2.9,11.7102,265.5,33.7,0.79834422
3000,3900.6,0,-2.8,11.7018,266.3,33.7,0.79773659
3000.1,3898.1,0.1,-2.5,11.69469,267.1,33.7,0.79712897
3000.1,3895.7,0,-2.4,11.68749,268,33.7,0.79644539
3000.1,3893.5,0,-2.2,11.680889,268.8,33.7,0.79583776
3000.1,3891.3,0,-2.2,11.674289,269.6,33.7,0.79523014
3000.1,3889.3,0,-2,11.668289,270.5,33.7,0.79454656
3000.1,3887.4,0,-1.9,11.662589,271.3,33.7,0.79393893
3000.1,3885.6,0,-1.8,11.657189,272.1,33.7,0.79333131
3000.1,3883.8,0,-1.8,11.651788,273,33.7,0.79264773
3000.1,3882.1,0,-1.7,11.646688,273.8,33.7,0.7920401
3000.1,3880.5,0,-1.6,11.641888,274.6,33.7,0.79143248
3000.1,3878.9,0,-1.6,11.637088,275.5,33.7,0.7907489
3000.1,3877.4,0,-1.5,11.632588,276.3,33.7,0.79014127
3000.1,3875.9,0,-1.5,11.628088,277.1,33.7,0.78953365
2896.1,3878.2,-104,2.3,11.231655,277.9,33.7,0.78892602
2635,3886.3,-261.1,8.1,10.2404,278.7,33.7,0.7883184
2380,3894.7,-255,8.4,9.269386,279.3,33.7,0.78786268
2119,3903.6,-261,8.9,8.2717284,279.9,33.7,0.78740696
1865,3912.6,-254,9,7.296999,280.4,33.7,0.78702719
1603.1,3922.2,-261.9,9.6,6.2876788,280.9,33.7,0.78664743
1608.9,3922.4,5.8,0.2,6.3107494,281.3,33.7,0.78634361
1602,3922.9,-6.9,0.5,6.2844858,281.8,33.7,0.78596385
1603.9,3923,1.9,0.1,6.2920997,282.2,33.7,0.78566003
1606.9,3922.9,3,-0.1,6.303708,282.7,33.7,0.78528027
1609,3922.9,2.1,0,6.3119461,283.1,33.7,0.78497645
1605.9,3923,-3.1,0.1,6.2999457,283.6,33.7,0.78459669
1607,3922.9,1.1,-0.1,6.3041003,284,33.7,0.78429288
1606.9,3922.9,-0.1,0,6.303708,284.5,33.7,0.78391311
1607,3922.8,0.1,-0.1,6.3039396,284.9,33.7,0.7836093
1609,3922.7,2,-0.1,6.3116243,285.4,33.7,0.78322953
1606,3922.7,-3,0,6.2998562,285.8,33.7,0.78292572
1606,3922.6,0,-0.1,6.2996956,286.2,33.7,0.7826219
1608.8,3922.4,2.8,-0.2,6.3103571,286.7,33.7,0.78224214
1429,3928.8,-179.8,6.4,5.6142552,287.1,33.7,0.78193833
1241.1,3935.7,-187.9,6.9,4.8845973,287.4,33.7,0.78171047
1060,3942.7,-181.1,7,4.179262,287.7,33.7,0.78148261
889,3949.6,-171,6.9,3.5111944,288,33.7,0.78125475
705,3957,-184,7.4,2.789685,288.2,33.7,0.78110284
701,3958.1,-4,1.1,2.7746281,288.4,33.7,0.78095093
704,3958.9,3,0.8,2.7870656,288.6,33.7,0.78079903
706.9,3959.5,2.9,0.6,2.7989705,288.8,33.7,0.78064712
704.8,3960.3,-2.1,0.8,2.7912194,289,33.7,0.78049521
705,3960.9,0.2,0.6,2.7924345,289.1,33.7,0.78041926
705.9,3961.5,0.9,0.6,2.7964228,289.3,33.7,0.78026736
702.2,3962.2,-3.7,0.7,2.7822568,289.5,33.7,0.78011545
705.9,3962.5,3.7,0.3,2.7971287,289.7,33.7,0.77996354
704,3963.1,-1.9,0.6,2.7900224,289.9,33.7,0.77981164
702.9,3963.6,-1.1,0.5,2.7860144,290.1,33.7,0.77965973
698,3964.2,-4.9,0.6,2.7670116,290.3,33.7,0.77950782
672.9,3965.5,-25.1,1.3,2.668385,290.5,33.7,0.77935592
647,3966.9,-25.9,1.4,2.5665843,290.7,33.7,0.77920401
612.9,3968.6,-34.1,1.7,2.4323549,290.9,33.7,0.7790521
573.1,3970.5,-39.8,1.9,2.2754936,291,33.7,0.77897615
546.2,3972,-26.9,1.5,2.1695064,291.2,33.7,0.77882424
549,3972.4,2.8,0.4,2.1808476,291.3,33.7,0.77874829
550,3972.9,1,0.5,2.185095,291.5,33.7,0.77859638
545,3973.5,-5,0.6,2.1655575,291.6,33.7,0.77852043
543,3974,-2,0.5,2.157882,291.8,33.7,0.77836852
542,3974.5,-1,0.5,2.154179,291.9,33.7,0.77829257
551,3974.6,9,0.1,2.1900046,292.1,33.7,0.77814067
553,3974.8,2,0.2,2.1980644,292.2,33.7,0.77806471
546.1,3975.5,-6.9,0.7,2.1710206,292.4,33.7,0.77791281
549,3975.7,2.9,0.2,2.1826593,292.5,33.7,0.77783685
554.9,3975.8,5.9,0.1,2.2061714,292.7,33.7,0.77768495
935,3962.4,380.1,-13.4,3.704844,293,33.7,0.77745709
1331.9,3947.7,396.9,-14.7,5.2579416,293.3,33.7,0.77722923
1724.8,3932.6,392.9,-15.1,6.7829485,293.8,33.7,0.77684946
1716.9,3931.5,-7.9,-1.1,6.7499924,294.3,33.7,0.77646969
1716,3930.3,-0.9,-1.2,6.7443948,294.8,33.7,0.77608993
1725.9,3928.9,9.9,-1.4,6.7808885,295.2,33.7,0.77578612
1717.9,3928.3,-8,-0.6,6.7484266,295.7,33.7,0.77540635
1721.9,3927.3,4,-1,6.7624179,296.2,33.7,0.77502658
1717,3926.7,-4.9,-0.6,6.7421439,296.7,33.7,0.77464682
1716,3926,-1,-0.7,6.737016,297.1,33.7,0.774343
1721.9,3925.1,5.9,-0.9,6.7586297,297.6,33.7,0.77396324
1721.9,3924.4,0,-0.7,6.7574244,298.1,33.7,0.77358347
1715,3924,-6.9,-0.4,6.72966,298.6,33.7,0.77320371
1718.9,3923.3,3.9,-0.7,6.7437604,299.1,33.7,0.77282394
1721,3922.7,2.1,-0.6,6.7509667,299.5,33.7,0.77252013
1393,3933.9,-328,11.2,5.4799227,299.9,33.7,0.77221631
1070.2,3945.6,-322.8,11.7,4.2225811,300.2,33.7,0.77198846
745,3957.8,-325.2,12.2,2.948561,300.4,33.7,0.77183655
735,3959,-10,1.2,2.909865,300.6,33.7,0.77168464
743.9,3959.4,8.9,0.4,2.9453977,300.8,33.7,0.77153274
735,3960.3,-8.9,0.9,2.9108205,301,33.7,0.77138083
745,3960.4,10,0.1,2.950498,301.2,33.7,0.77122892
799,3958.9,54,-1.5,3.1631611,301.5,33.7,0.77100106
859,3957.1,60,-1.8,3.3991489,301.7,33.7,0.77084916
918,3955.1,59,-2,3.6307818,302,33.7,0.7706213
918,3955.2,0,0.1,3.6308736,302.2,33.7,0.77046939
923,3955.1,5,-0.1,3.6505573,302.5,33.7,0.77024153
924,3955.2,1,0.1,3.6546048,302.7,33.7,0.77008962
919.1,3955.5,-4.9,0.3,3.6355001,303,33.7,0.76986177
921,3955.5,1.9,0,3.6430155,303.2,33.7,0.76970986
916.1,3955.7,-4.9,0.2,3.6238168,303.5,33.7,0.769482
921,3955.6,4.9,-0.1,3.6431076,303.8,33.7,0.76925414
921,3955.8,0,0.2,3.6432918,304,33.7,0.76910223
919,3955.9,-2,0.1,3.6354721,304.3,33.7,0.76887437
922.1,3955.8,3.1,-0.1,3.6476432,304.5,33.7,0.76872247
850,3958.5,-72.1,2.7,3.364725,304.8,33.7,0.76849461
779.1,3961.2,-70.9,2.7,3.0861709,305,33.7,0.7683427
711,3964,-68.1,2.8,2.818404,305.2,33.7,0.76819079
644,3966.7,-67,2.7,2.5545548,305.3,33.7,0.76811484
573,3969.7,-71,3,2.2746381,305.5,33.7,0.76796293
566,3970.5,-7,0.8,2.247303,305.7,33.7,0.76781103
566.1,3970.9,0.1,0.4,2.2479265,305.8,33.7,0.76773508
567,3971.2,0.9,0.3,2.2516704,306,33.7,0.76758317
571,3971.5,4,0.3,2.2677265,306.1,33.7,0.76750722
570.2,3971.8,-0.8,0.3,2.2647204,306.3,33.7,0.76735531
569,3972.2,-1.2,0.4,2.2601818,306.5,33.7,0.7672034
411,3978.2,-158,6,1.6350402,306.6,33.7,0.76712745
258,3984.3,-153,6.1,1.0279494,306.6,33.7,0.76712745
95,3991,-163,6.7,0.379145,306.7,33.7,0.7670515
-55,3997.4,-150,6.4,-0.219857,306.6,33.7,0.76712745
-58,3998.6,-3,1.2,-0.2319188,306.6,33.7,0.76712745
-56,3999.5,2,0.9,-0.223972,306.6,33.7,0.76712745
-55,4000.3,1,0.8,-0.2200165,306.6,33.7,0.76712745
-55,4001.2,0,0.9,-0.220066,306.6,33.7,0.76712745
-56,4002,-1,0.8,-0.224112,306.6,33.7,0.76712745
-57,4002.7,-1,0.7,-0.2281539,306.6,33.7,0.76712745
-59,4003.5,-2,0.8,-0.2362065,306.5,33.7,0.7672034
-55,4004.1,4,0.6,-0.2202255,306.5,33.7,0.7672034
-41,4004.2,14,0.1,-0.1641722,306.5,33.7,0.7672034
-34,4004.6,7,0.4,-0.1361564,306.5,33.7,0.7672034
-23,4004.7,11,0.1,-0.0921081,306.5,33.7,0.7672034
-10,4004.8,13,0.1,-0.040048,306.5,33.7,0.7672034
7,4004.6,17,-0.2,0.0280322,306.5,33.7,0.7672034
17,4004.7,10,0.1,0.0680799,306.5,33.7,0.7672034
35,4004.5,18,-0.2,0.1401575,306.5,33.7,0.7672034
31,4005,-4,0.5,0.124155,306.5,33.7,0.7672034
26,4005.6,-5,0.6,0.1041456,306.5,33.7,0.7672034
26,4006,0,0.4,0.104156,306.5,33.7,0.7672034
33,4006.2,7,0.2,0.1322046,306.5,33.7,0.7672034
33,4006.6,0,0.4,0.1322178,306.6,33.7,0.76712745
35,4006.9,2,0.3,0.1402415,306.6,33.7,0.76712745
32,4007.3,-3,0.4,0.1282336,306.6,33.7,0.76712745
30,4007.7,-2,0.4,0.120231,306.6,33.7,0.76712745
34,4007.9,4,0.2,0.1362686,306.6,33.7,0.76712745
36,4008.2,2,0.3,0.1442952,306.6,33.7,0.76712745
31,4008.7,-5,0.5,0.1242697,306.6,33.7,0.76712745
33,4009,2,0.3,0.132297,306.6,33.7,0.76712745
31,4009.4,-2,0.4,0.1242914,306.6,33.7,0.76712745
35,4009.5,4,0.1,0.1403325,306.6,33.7,0.76712745
37,4009.7,2,0.2,0.1483589,306.6,33.7,0.76712745
33,4010.1,-4,0.4,0.1323333,306.7,33.7,0.7670515
27,4010.7,-6,0.6,0.1082889,306.7,33.7,0.7670515
29,4010.9,2,0.2,0.1163161,306.7,33.7,0.7670515
32,4011,3,0.1,0.128352,306.7,33.7,0.7670515
26,4011.5,-6,0.5,0.104299,306.7,33.7,0.7670515
35,4011.4,9,-0.1,0.140399,306.7,33.7,0.7670515
29,4011.9,-6,0.5,0.1163451,306.7,33.7,0.7670515
28,4012.2,-1,0.3,0.1123416,306.7,33.7,0.7670515
28,4012.5,0,0.3,0.11235,306.7,33.7,0.7670515
33,4012.5,5,0,0.1324125,306.7,33.7,0.7670515
34,4012.7,1,0.2,0.1364318,306.7,33.7,0.7670515
28,4013.2,-6,0.5,0.1123696,306.7,33.7,0.7670515
31,4013.3,3,0.1,0.1244123,306.8,33.7,0.76697554
29,4013.6,-2,0.3,0.1163944,306.8,33.7,0.76697554
29,4013.8,0,0.2,0.1164002,306.8,33.7,0.76697554
29,4014,0,0.2,0.116406,306.8,33.7,0.76697554
30,4014.2,1,0.2,0.120426,306.8,33.7,0.76697554
28,4014.4,-2,0.2,0.1124032,306.8,33.7,0.76697554
28,4014.7,0,0.3,0.1124116,306.8,33.7,0.76697554
34,4014.6,6,-0.1,0.1364964,306.8,33.7,0.76697554
28,4015.1,-6,0.5,0.1124228,306.8,33.7,0.76697554
31,4015.1,3,0,0.1244681,306.8,33.7,0.76697554
28,4015.4,-3,0.3,0.1124312,306.8,33.7,0.76697554
31,4015.5,3,0.1,0.1244805,306.8,33.7,0.76697554
25,4015.9,-6,0.4,0.1003975,306.9,33.7,0.76689959
35,4015.7,10,-0.2,0.1405495,306.9,33.7,0.76689959
28,4016.1,-7,0.4,0.1124508,306.9,33.7,0.76689959
26,4016.3,-2,0.2,0.1044238,306.9,33.7,0.76689959
27,4016.5,1,0.2,0.1084455,306.9,33.7,0.76689959
27,4016.7,0,0.2,0.1084509,306.9,33.7,0.76689959
32,4016.6,5,-0.1,0.1285312,306.9,33.7,0.76689959
30,4016.8,-2,0.2,0.120504,306.9,33.7,0.76689959
29,4017.1,-1,0.3,0.1164959,306.9,33.7,0.76689959
30,4017.1,1,0,0.120513,306.9,33.7,0.76689959
27,4017.4,-3,0.3,0.1084698,306.9,33.7,0.76689959
33,4017.3,6,-0.1,0.1325709,306.9,33.7,0.76689959
35,4017.4,2,0.1,0.140609,307,33.7,0.76682364
31,4017.7,-4,0.3,0.1245487,307,33.7,0.76682364
31,4017.8,0,0.1,0.1245518,307,33.7,0.76682364
31,4017.9,0,0.1,0.1245549,307,33.7,0.76682364
28,4018.2,-3,0.3,0.1125096,307,33.7,0.76682364
30,4018.3,2,0.1,0.120549,307,33.7,0.76682364
32,4018.3,2,0,0.1285856,307,33.7,0.76682364
32,4018.5,0,0.2,0.128592,307,33.7,0.76682364
33,4018.5,1,0,0.1326105,307,33.7,0.76682364
33,4018.7,0,0.2,0.1326171,307,33.7,0.76682364
31,4018.8,-2,0.1,0.1245828,307,33.7,0.76682364
25,4019.2,-6,0.4,0.10048,307,33.7,0.76682364
40,4018.8,15,-0.4,0.160752,307.1,33.7,0.76674768
34,4019.1,-6,0.3,0.1366494,307.1,33.7,0.76674768
27,4019.4,-7,0.3,0.1085238,307.1,33.7,0.76674768
29,4019.5,2,0.1,0.1165655,307.1,33.7,0.76674768
34,4019.4,5,-0.1,0.1366596,307.1,33.7,0.76674768
27,4019.8,-7,0.4,0.1085346,307.1,33.7,0.76674768
29,4019.8,2,0,0.1165742,307.1,33.7,0.76674768
26,4020,-3,0.2,0.10452,307.1,33.7,0.76674768
24,4020.2,-2,0.2,0.0964848,307.1,33.7,0.76674768
26,4020.2,2,0,0.1045252,307.1,33.7,0.76674768
23,4020.5,-3,0.3,0.0924715,307.1,33.7,0.76674768
23,4020.6,0,0.1,0.0924738,307.1,33.7,0.76674768
19,4020.8,-4,0.2,0.0763952,307.1,33.7,0.76674768
20,4020.9,1,0.1,0.080418,307.2,33.7,0.76667173
20,4021,0,0.1,0.08042,307.2,33.7,0.76667173
21,4021.1,1,0.1,0.0844431,307.2,33.7,0.76667173
17,4021.3,-4,0.2,0.0683621,307.2,33.7,0.76667173
19,4021.4,2,0.1,0.0764066,307.2,33.7,0.76667173
19,4021.4,0,0,0.0764066,307.2,33.7,0.76667173
16,4021.7,-3,0.3,0.0643472,307.2,33.7,0.76667173
18,4021.7,2,0,0.0723906,307.2,33.7,0.76667173
21,4021.7,3,0,0.0844557,307.2,33.7,0.76667173
10,4022.1,-11,0.4,0.040221,307.2,33.7,0.76667173
21,4021.9,11,-0.2,0.0844599,307.2,33.7,0.76667173
21,4022,0,0.1,0.084462,307.2,33.7,0.76667173
19,4022.1,-2,0.1,0.0764199,307.2,33.7,0.76667173
17,4022.3,-2,0.2,0.0683791,307.2,33.7,0.76667173
20,4022.3,3,0,0.080446,307.2,33.7,0.76667173
16,4022.5,-4,0.2,0.06436,307.2,33.7,0.76667173
16,4022.6,0,0.1,0.0643616,307.2,33.7,0.76667173
20,4022.6,4,0,0.080452,307.2,33.7,0.76667173
16,4022.7,-4,0.1,0.0643632,307.2,33.7,0.76667173
19,4022.7,3,0,0.0764313,307.2,33.7,0.76667173
14,4023,-5,0.3,0.056322,307.3,33.7,0.76659578
16,4023,2,0,0.064368,307.3,33.7,0.76659578
22,4022.9,6,-0.1,0.0885038,307.3,33.7,0.76659578
22,4023,0,0.1,0.088506,307.3,33.7,0.76659578
15,4023.3,-7,0.3,0.0603495,307.3,33.7,0.76659578
21,4023.1,6,-0.2,0.0844851,307.3,33.7,0.76659578
15,4023.4,-6,0.3,0.060351,307.3,33.7,0.76659578
15,4023.5,0,0.1,0.0603525,307.3,33.7,0.76659578
19,4023.4,4,-0.1,0.0764446,307.3,33.7,0.76659578
15,4023.6,-4,0.2,0.060354,307.3,33.7,0.76659578
19,4023.6,4,0,0.0764484,307.3,33.7,0.76659578
16,4023.8,-3,0.2,0.0643808,307.3,33.7,0.76659578
20,4023.7,4,-0.1,0.080474,307.3,33.7,0.76659578
14,4023.9,-6,0.2,0.0563346,307.3,33.7,0.76659578
23,4023.7,9,-0.2,0.0925451,307.3,33.7,0.76659578
20,4023.9,-3,0.2,0.080478,307.3,33.6,0.76659578
15,4024.1,-5,0.2,0.0603615,307.3,33.6,0.76659578
21,4024,6,-0.1,0.084504,307.3,33.6,0.76659578
19,4024.1,-2,0.1,0.0764579,307.3,33.6,0.76659578
23,4024,4,-0.1,0.092552,307.3,33.6,0.76659578
17,4024.3,-6,0.3,0.0684131,307.4,33.6,0.76651982
23,4024.1,6,-0.2,0.0925543,307.4,33.6,0.76651982
18,4024.4,-5,0.3,0.0724392,307.4,33.6,0.76651982
19,4024.4,1,0,0.0764636,307.4,33.6,0.76651982
22,4024.4,3,0,0.0885368,307.4,33.6,0.76651982
17,4024.6,-5,0.2,0.0684182,307.4,33.6,0.76651982
25,4024.3,8,-0.3,0.1006075,307.4,33.6,0.76651982
20,4024.6,-5,0.3,0.080492,307.4,33.6,0.76651982
23,4024.6,3,0,0.0925658,307.4,33.6,0.76651982
13,4025,-10,0.4,0.052325,307.4,33.6,0.76651982
23,4024.7,10,-0.3,0.0925681,307.4,33.6,0.76651982
22,4024.8,-1,0.1,0.0885456,307.4,33.6,0.76651982
16,4025,-6,0.2,0.0644,307.4,33.6,0.76651982
11,4025.3,-5,0.3,0.0442783,307.4,33.6,0.76651982
20,4025.1,9,-0.2,0.080502,307.4,33.6,0.76651982
15,4025.2,-5,0.1,0.060378,307.4,33.6,0.76651982
17,4025.2,2,0,0.0684284,307.4,33.6,0.76651982
20,4025.2,3,0,0.080504,307.4,33.6,0.76651982
24,4025.1,4,-0.1,0.0966024,307.4,33.6,0.76651982
17,4025.4,-7,0.3,0.0684318,307.5,33.6,0.76644387
16,4025.5,-1,0.1,0.064408,307.5,33.6,0.76644387
18,4025.5,2,0,0.072459,307.5,33.6,0.76644387
20,4025.5,2,0,0.08051,307.5,33.6,0.76644387
21,4025.4,1,-0.1,0.0845334,307.5,33.6,0.76644387
20,4025.5,-1,0.1,0.08051,307.5,33.6,0.76644387
13,4025.9,-7,0.4,0.0523367,307.5,33.6,0.76644387
15,4025.8,2,-0.1,0.060387,307.5,33.6,0.76644387
14,4025.9,-1,0.1,0.0563626,307.5,33.6,0.76644387
20,4025.7,6,-0.2,0.080514,307.5,33.6,0.76644387
20,4025.8,0,0.1,0.080516,307.5,33.6,0.76644387
16,4026,-4,0.2,0.064416,307.5,33.6,0.76644387
19,4025.9,3,-0.1,0.0764921,307.5,33.6,0.76644387
18,4026,-1,0.1,0.072468,307.5,33.6,0.76644387
17,4026.1,-1,0.1,0.0684437,307.5,33.6,0.76644387
19,4026,2,-0.1,0.076494,307.5,33.6,0.76644387
21,4026,2,0,0.084546,307.5,33.6,0.76644387
22,4026,1,0,0.088572,307.5,33.6,0.76644387
22,4026.1,0,0.1,0.0885742,307.5,33.6,0.76644387
21,4026.1,-1,0,0.0845481,307.6,33.6,0.76636792
23,4026.1,2,0,0.0926003,307.6,33.6,0.76636792
17,4026.4,-6,0.3,0.0684488,307.6,33.6,0.76636792
12,4026.6,-5,0.2,0.0483192,307.6,33.6,0.76636792
22,4026.3,10,-0.3,0.0885786,307.6,33.6,0.76636792
18,4026.5,-4,0.2,0.072477,307.6,33.6,0.76636792
20,4026.4,2,-0.1,0.080528,307.6,33.6,0.76636792
19,4026.5,-1,0.1,0.0765035,307.6,33.6,0.76636792
22,4026.4,3,-0.1,0.0885808,307.6,33.6,0.76636792
14,4026.7,-8,0.3,0.0563738,307.6,33.6,0.76636792
18,4026.7,4,0,0.0724806,307.6,33.6,0.76636792
19,4026.7,1,0,0.0765073,307.6,33.6,0.76636792
24,4026.5,5,-0.2,0.096636,307.6,33.6,0.76636792
23,4026.6,-1,0.1,0.0926118,307.6,33.6,0.76636792
18,4026.8,-5,0.2,0.0724824,307.6,33.6,0.76636792
22,4026.7,4,-0.1,0.0885874,307.6,33.6,0.76636792
20,4026.8,-2,0.1,0.080536,307.6,33.6,0.76636792
16,4027,-4,0.2,0.064432,307.6,33.6,0.76636792
19,4026.9,3,-0.1,0.0765111,307.6,33.6,0.76636792
25,4026.7,6,-0.2,0.1006675,307.7,33.6,0.76629196
21,4026.9,-4,0.2,0.0845649,307.7,33.6,0.76629196
19,4027,-2,0.1,0.076513,307.7,33.6,0.76629196
16,4027.2,-3,0.2,0.0644352,307.7,33.6,0.76629196
15,4027.3,-1,0.1,0.0604095,307.7,33.6,0.76629196
16,4027.3,1,0,0.0644368,307.7,33.6,0.76629196
18,4027.2,2,-0.1,0.0724896,307.7,33.6,0.76629196
18,4027.3,0,0.1,0.0724914,307.7,33.6,0.76629196
23,4027.1,5,-0.2,0.0926233,307.7,33.6,0.76629196
20,4027.3,-3,0.2,0.080546,307.7,33.6,0.76629196
17,4027.4,-3,0.1,0.0684658,307.7,33.6,0.76629196
18,4027.4,1,0,0.0724932,307.7,33.6,0.76629196
15,4027.5,-3,0.1,0.0604125,307.7,33.6,0.76629196
23,4027.3,8,-0.2,0.0926279,307.7,33.6,0.76629196
22,4027.4,-1,0.1,0.0886028,307.7,33.6,0.76629196
21,4027.4,-1,0,0.0845754,307.7,33.6,0.76629196
20,4027.5,-1,0.1,0.08055,307.7,33.6,0.76629196
12,4027.8,-8,0.3,0.0483336,307.7,33.6,0.76629196
21,4027.5,9,-0.3,0.0845775,307.7,33.6,0.76629196
19,4027.6,-2,0.1,0.0765244,307.8,33.6,0.76621601
19,4027.7,0,0.1,0.0765263,307.8,33.6,0.76621601
19,4027.7,0,0,0.0765263,307.8,33.6,0.76621601
18,4027.7,-1,0,0.0724986,307.8,33.6,0.76621601
18,4027.8,0,0.1,0.0725004,307.8,33.6,0.76621601
20,4027.7,2,-0.1,0.080554,307.8,33.6,0.76621601
22,4027.7,2,0,0.0886094,307.8,33.6,0.76621601
14,4028,-8,0.3,0.056392,307.8,33.6,0.76621601
22,4027.8,8,-0.2,0.0886116,307.8,33.6,0.76621601
19,4027.9,-3,0.1,0.0765301,307.8,33.6,0.76621601
18,4028,-1,0.1,0.072504,307.8,33.6,0.76621601
20,4028,2,0,0.08056,307.8,33.6,0.76621601
20,4028,0,0,0.08056,307.8,33.6,0.76621601
19,4028.1,-1,0.1,0.0765339,307.8,33.6,0.76621601
22,4028,3,-0.1,0.088616,307.8,33.6,0.76621601
15,4028.3,-7,0.3,0.0604245,307.8,33.6,0.76621601
21,4028.1,6,-0.2,0.0845901,307.8,33.6,0.76621601
15,4028.3,-6,0.2,0.0604245,307.8,33.6,0.76621601
20,4028.1,5,-0.2,0.080562,307.8,33.6,0.76621601
18,4028.3,-2,0.2,0.0725094,307.9,33.6,0.76614006
16,4028.4,-2,0.1,0.0644544,307.9,33.6,0.76614006
18,4028.3,2,-0.1,0.0725094,307.9,33.6,0.76614006
17,4028.4,-1,0.1,0.0684828,307.9,33.6,0.76614006
21,4028.3,4,-0.1,0.0845943,307.9,33.6,0.76614006
20,4028.3,-1,0,0.080566,307.9,33.6,0.76614006
17,4028.5,-3,0.2,0.0684845,307.9,33.6,0.76614006
-474.7,4046.3,-491.7,17.8,-1.9207786,307.8,33.6,0.76621601
-974.8,4065.2,-500.1,18.9,-3.962757,307.5,33.6,0.76644387
-970.8,4066.6,4,1.4,-3.9478553,307.2,33.6,0.76667173
-968.8,4067.8,2,1.2,-3.9408846,306.9,33.6,0.76689959
-971.8,4069,-3,1.2,-3.9542542,306.7,33.6,0.7670515
-647.9,4058.4,323.9,-10.6,-2.6294374,306.5,33.6,0.7672034
-316.9,4046.8,331,-11.6,-1.2824309,306.4,33.6,0.76727936
14,4034.7,330.9,-12.1,0.0564858,306.4,33.6,0.76727936
15,4034.1,1,-0.6,0.0605115,306.4,33.6,0.76727936
13,4033.8,-2,-0.3,0.0524394,306.4,33.6,0.76727936
530,4014.9,517,-18.9,2.127897,306.6,33.6,0.76712745
1042,3995.2,512,-19.7,4.1629984,306.9,33.6,0.76689959
1557.9,3974.7,515.9,-20.5,6.1921851,307.3,33.6,0.76659578
2070.8,3953.7,512.9,-21,8.187322,307.9,33.6,0.76614006
2072.9,3950.6,2.1,-3.1,8.1891987,308.4,33.6,0.76576029
2067.9,3948.1,-5,-2.5,8.164276,309,33.6,0.76530457
2068.9,3945.7,1,-2.4,8.1632587,309.6,33.6,0.76484885
2066,3943.6,-2.9,-2.1,8.1474776,310.2,33.6,0.76439313
2071.9,3941.4,5.9,-2.2,8.1661867,310.7,33.6,0.76401337
2066.9,3939.6,-5,-1.8,8.1427592,311.3,33.6,0.76355765
2071.8,3937.7,4.9,-1.9,8.1581269,311.9,33.6,0.76310193
2070.9,3936,-0.9,-1.7,8.1510624,312.5,33.6,0.76264621
2072.9,3934.2,2,-1.8,8.1552032,313,33.6,0.76226644
2069.9,3932.7,-3,-1.5,8.1402957,313.6,33.6,0.76181072
1254,3960.5,-815.9,27.8,4.966467,314,33.6,0.76150691
433.1,3990.1,-820.9,29.6,1.7281123,314.1,33.6,0.76143096
-378.8,4020.7,-811.9,30.6,-1.5230412,314,33.6,0.76150691
-382.9,4023.2,-4.1,2.5,-1.5404833,313.9,33.6,0.76158286
-379.8,4024.8,3.1,1.6,-1.528619,313.8,33.6,0.76165882
-385.8,4026.5,-6,1.7,-1.5534237,313.7,33.6,0.76173477
-381.8,4027.6,4,1.1,-1.5377377,313.5,33.6,0.76188668
-376.9,4028.6,4.9,1,-1.5183793,313.4,33.6,0.76196263
-381.8,4029.9,-4.9,1.3,-1.5386158,313.3,33.6,0.76203858
-380.9,4030.8,0.9,0.9,-1.5353317,313.2,33.6,0.76211454
-379.8,4031.7,1.1,0.9,-1.5312397,313.1,33.6,0.76219049
-378.9,4032.5,0.9,0.8,-1.5279143,313,33.6,0.76226644
-377.7,4033.3,1.2,0.8,-1.5233774,312.9,33.6,0.7623424
-381.9,4034.2,-4.2,0.9,-1.540661,312.8,33.6,0.76241835
-376.8,4034.7,5.1,0.5,-1.520275,312.7,33.6,0.7624943
-376.9,4035.4,-0.1,0.7,-1.5209423,312.6,33.6,0.76257026
-376.8,4036.1,0.1,0.7,-1.5208025,312.5,33.6,0.76264621
-381.9,4036.9,-5.1,0.8,-1.5416921,312.4,33.6,0.76272216
38,4022.3,419.9,-14.6,0.1528474,312.4,33.6,0.76272216
462,4006.7,424,-15.6,1.8510954,312.5,33.6,0.76264621
895,3990.2,433,-16.5,3.571229,312.8,33.6,0.76241835
1321.8,3973.4,426.8,-16.8,5.2520401,313.1,33.6,0.76219049
1745.9,3956.1,424.1,-17.3,6.906955,313.6,33.6,0.76181072
2177.8,3938,431.9,-18.1,8.5761764,314.2,33.6,0.76135501
2174.9,3935.4,-2.9,-2.6,8.5591015,314.8,33.6,0.76089929
2178.9,3932.9,4,-2.5,8.5693958,315.4,33.6,0.76044357
2179.9,3930.7,1,-2.2,8.5685329,316,33.6,0.75998785
2173.9,3928.9,-6,-1.8,8.5410357,316.7,33.6,0.75945617
2106.9,3929.4,-67,0.5,8.2788529,317.2,33.6,0.75907641
2106.9,3927.8,0,-1.6,8.2754818,317.8,33.6,0.75862069
2107.9,3926.3,1,-1.5,8.2762478,318.4,33.6,0.75816497
2103.9,3925,-4,-1.3,8.2578075,319,33.6,0.75770925
2108.9,3923.4,5,-1.6,8.2740583,319.6,33.6,0.75725353
2105.9,3922.1,-3,-1.3,8.2595504,320.2,33.6,0.75679781
2111.9,3920.6,6,-1.5,8.2799151,320.8,33.6,0.75634209
1950.9,3925.1,-161,4.5,7.6574776,321.3,33.6,0.75596233
1793,3929.9,-157.9,4.8,7.0463107,321.8,33.6,0.75558256
1641,3934.6,-152,4.7,6.4566786,322.2,33.6,0.75527875
1488.1,3939.6,-152.9,5,5.8625188,322.7,33.6,0.75489898
1486,3939.4,-2.1,-0.2,5.8539484,323.1,33.6,0.75459517
1480.9,3939.2,-5.1,-0.2,5.8335613,323.5,33.6,0.75429136
1483.9,3938.7,3,-0.5,5.8446369,323.9,33.6,0.75398754
1483,3938.2,-0.9,-0.5,5.8403506,324.3,33.6,0.75368373
1483,3937.9,0,-0.3,5.8399057,324.7,33.6,0.75337992
1484,3937.4,1,-0.5,5.8431016,325.1,33.6,0.75307611
1481.1,3937.1,-2.9,-0.3,5.8312388,325.5,33.6,0.75277229
1480.9,3936.6,-0.2,-0.5,5.8297109,326,33.6,0.75239253
1909.9,3920.8,429,-15.8,7.4883359,326.5,33.6,0.75201276
2343.9,3904.1,434,-16.7,9.15082,327.1,33.6,0.75155704
2335,3902.8,-8.9,-1.3,9.113038,327.8,33.6,0.75102537
2344.9,3901,9.9,-1.8,9.1474549,328.4,33.6,0.75056965
2341,3899.9,-3.9,-1.1,9.1296659,329.1,33.6,0.75003798
2344.9,3898.5,3.9,-1.4,9.1415926,329.7,33.6,0.74958226
2341.9,3897.5,-3,-1,9.1275552,330.4,33.6,0.74905058
2346,3896.2,4.1,-1.3,9.1404852,331,33.6,0.74859487
2343.9,3895.2,-2.1,-1,9.1299593,331.7,33.6,0.74806319
2344,3894.2,0.1,-1,9.1280048,332.3,33.6,0.74760747
2337.9,3893.5,-6.1,-0.7,9.1026137,333,33.6,0.7470758
2341,3892.4,3.1,-1.1,9.1121084,333.6,33.6,0.74662008
2348.9,3891.2,7.9,-1.2,9.1400397,334.3,33.6,0.74608841
2348,3890.4,-0.9,-0.8,9.1346592,334.9,33.6,0.74563269
2107.9,3898.1,-240.1,7.7,8.216805,335.5,33.6,0.74517697
1870.9,3906.2,-237,8.1,7.3081096,336.1,33.6,0.74472125
1635,3914.6,-235.9,8.4,6.400371,336.5,33.6,0.74441744
1630.9,3914.9,-4.1,0.3,6.3848104,337,33.6,0.74403767
1629,3914.9,-1.9,0,6.3773721,337.4,33.6,0.74373386
1631,3914.8,2,-0.1,6.3850388,337.9,33.6,0.74335409
1605,3915.6,-26,0.8,6.284538,338.3,33.6,0.74305028
1575,3916.7,-30,1.1,6.1688025,338.7,33.6,0.74274647
1542,3917.8,-33,1.1,6.0412476,339.2,33.6,0.7423667
1511.9,3918.8,-30.1,1,5.9248337,339.6,33.6,0.74206289
1487,3919.7,-24.9,0.9,5.8285939,340,33.6,0.74175908
1453,3921,-34,1.3,5.697213,340.4,33.6,0.74145526
1455.9,3920.9,2.9,-0.1,5.7084383,340.8,33.6,0.74115145
1462,3920.7,6.1,-0.2,5.7320634,341.2,33.6,0.74084764
1451.9,3921,-10.1,0.3,5.6928999,341.6,33.6,0.74054383
1450,3921,-1.9,0,5.68545,342,33.6,0.74024001
1456,3920.8,6,-0.2,5.7086848,342.4,33.6,0.7399362
1457,3920.6,1,-0.2,5.7123142,342.8,33.6,0.73963239
1456.1,3920.6,-0.9,0,5.7087857,343.2,33.6,0.73932857
1455.9,3920.5,-0.2,-0.1,5.7078559,343.6,33.6,0.73902476
1456,3920.4,0.1,-0.1,5.7081024,344.1,33.6,0.73864499
1625.9,3914.2,169.9,-6.2,6.3640978,344.5,33.6,0.73834118
1787.9,3908,162,-6.2,6.9871132,345,33.6,0.73796142
1956,3901.4,168.1,-6.6,7.6311384,345.5,33.6,0.73758165
2116.8,3894.8,160.8,-6.6,8.2445126,346.1,33.6,0.73712593
2287.9,3887.8,171.1,-7,8.8948976,346.8,33.6,0.73659426
2285.9,3886.8,-2,-1,8.8848361,347.4,33.6,0.73613854
2284,3885.9,-1.9,-0.9,8.8753956,348,33.6,0.73568282
2285.9,3884.9,1.9,-1,8.8804929,348.7,33.6,0.73515115
2287,3884.1,1.1,-0.8,8.8829367,349.3,33.6,0.73469543
2208.9,3886.1,-78.1,2,8.5840063,349.9,33.6,0.73423971
2131.9,3888.3,-77,2.2,8.2894668,350.5,33.6,0.73378399
2062,3890.3,-69.9,2,8.0217986,351.1,33.6,0.73332827
1986,3892.6,-76,2.3,7.7307036,351.6,33.6,0.7329485
1913,3895,-73,2.4,7.451135,352.2,33.6,0.73249278
1833,3897.6,-80,2.6,7.1443008,352.7,33.6,0.73211302
1842,3897.2,9,-0.4,7.1786424,353.2,33.6,0.73173325
1836.9,3897.2,-5.1,0,7.1587667,353.7,33.6,0.73135349
1842,3896.8,5.1,-0.4,7.1779056,354.2,33.6,0.73097372
1835.9,3896.8,-6.1,0,7.1541351,354.7,33.7,0.73059395
1838.9,3896.5,3,-0.3,7.1652739,355.2,33.7,0.73021419
1837.1,3896.3,-1.8,-0.2,7.1578927,355.7,33.7,0.72983442
1841.9,3895.9,4.8,-0.4,7.1758582,356.3,33.7,0.7293787
1838,3895.8,-3.9,-0.1,7.1604804,356.8,33.7,0.72899894
1838.9,3895.6,0.9,-0.2,7.1636188,357.3,33.7,0.72861917
1835,3895.4,-3.9,-0.2,7.148059,357.8,33.7,0.7282394
1152,3920,-683,24.6,4.51584,358.1,33.7,0.72801154
1151,3920.9,-1,0.9,4.5129559,358.4,33.7,0.72778369
1150.9,3921.6,-0.1,0.7,4.5133694,358.7,33.7,0.72755583
1153,3922.1,2.1,0.5,4.5221813,359.1,33.7,0.72725201
1155,3922.4,2,0.3,4.530372,359.4,33.7,0.72702415
1152,3923,-3,0.6,4.519296,359.7,33.7,0.72679629
1150.1,3923.4,-1.9,0.4,4.5123023,360,33.7,0.72656843
1160,3923.4,9.9,0,4.551144,360.3,33.7,0.72634057
1158.1,3923.7,-1.9,0.3,4.544037,360.7,33.7,0.72603676
1153,3924.1,-5.1,0.4,4.5244873,361,33.7,0.7258089
1152,3924.4,-1,0.3,4.5209088,361.3,33.7,0.72558104
1156.1,3924.5,4.1,0.1,4.5371144,361.6,33.7,0.72535318
1158,3924.7,1.9,0.2,4.5448026,362,33.7,0.72504937
1149.1,3925.2,-8.9,0.5,4.5104473,362.3,33.7,0.72482151
1158,3925,8.9,-0.2,4.54515,362.6,33.7,0.72459365
1150,3925.5,-8,0.5,4.514325,362.9,33.7,0.72436579
1157,3925.4,7,-0.1,4.5416878,363.2,33.7,0.72413793
1528,3912.1,371,-13.3,5.9776888,363.7,33.7,0.72375816
1900,3898.2,372,-13.9,7.40658,364.2,33.7,0.7233784
1905.9,3897,5.9,-1.2,7.4272923,364.7,33.7,0.72299863
1899,3896.4,-6.9,-0.6,7.3992636,365.2,33.7,0.72261887
1904.9,3895.5,5.9,-0.9,7.420538,365.8,33.7,0.72216315
1910,3894.7,5.1,-0.8,7.438877,366.3,33.7,0.72178338
1901.9,3894.4,-8.1,-0.3,7.4067594,366.8,33.7,0.72140362
1901.9,3893.8,0,-0.6,7.4056182,367.4,33.7,0.7209479
1902,3893.3,0.1,-0.5,7.4050566,367.9,33.7,0.72056813
1905.9,3892.7,3.9,-0.6,7.4190969,368.4,33.7,0.72018836
1903.9,3892.3,-2,-0.4,7.41055,368.9,33.7,0.7198086
1905,3891.8,1.1,-0.5,7.413879,369.5,33.7,0.71935288
1903.9,3891.4,-1.1,-0.4,7.4088365,370,33.7,0.71897311
1904.9,3891,1,-0.4,7.4119659,370.5,33.7,0.71859335
1903.9,3890.6,-1,-0.4,7.4073133,371.1,33.7,0.71813763
1906,3890.1,2.1,-0.5,7.4145306,371.6,33.7,0.71775786
1909,3889.6,3,-0.5,7.4252464,372.1,33.7,0.7173781
1904.2,3889.4,-4.8,-0.2,7.4061955,372.7,33.7,0.71692238
1901.9,3889.1,-2.3,-0.3,7.3966793,373.2,33.7,0.71654261
1902,3888.7,0.1,-0.4,7.3963074,373.7,33.7,0.71616284
1647.9,3897.5,-254.1,8.8,6.4226902,374.2,33.7,0.71578308
1380,3907.3,-267.9,9.8,5.392074,374.5,33.7,0.71555522
1123.1,3917.1,-256.9,9.8,4.399295,374.9,33.7,0.71525141
860,3927.4,-263.1,10.3,3.377564,375.1,33.7,0.7150995
603.1,3937.7,-256.9,10.3,2.3748269,375.3,33.7,0.71494759
336,3948.7,-267.1,11,1.3267632,375.4,33.7,0.71487164
78,3959.6,-258,10.9,0.3088488,375.4,33.7,0.71487164
80,3961.3,2,1.7,0.316904,375.4,33.7,0.71487164
74,3963.1,-6,1.8,0.2932694,375.4,33.7,0.71487164
77,3964.4,3,1.3,0.3052588,375.4,33.7,0.71487164
78,3965.7,1,1.3,0.3093246,375.5,33.7,0.71479569
74,3967,-4,1.3,0.293558,375.5,33.7,0.71479569
76,3968.1,2,1.1,0.3015756,375.5,33.7,0.71479569
202,3964.6,126,-3.5,0.8008492,375.6,33.7,0.71471973
318,3961.2,116,-3.4,1.2596616,375.7,33.7,0.71464378
440.9,3957.3,122.9,-3.9,1.7447736,375.8,33.7,0.71456783
558,3953.5,117.1,-3.8,2.206053,375.9,33.7,0.71449187
680,3949.3,122,-4.2,2.685524,376.1,33.7,0.71433997
680.1,3949.3,0.1,0,2.6859189,376.3,33.7,0.71418806
677,3949.6,-3.1,0.3,2.6738792,376.5,33.7,0.71403615
677,3949.7,0,0.1,2.6739469,376.7,33.7,0.71388425
679,3949.8,2,0.1,2.6819142,376.9,33.7,0.71373234
676,3950.1,-3,0.3,2.6702676,377.1,33.7,0.71358043
2154.8,3896.9,1478.8,-53.2,8.3970401,377.7,33.7,0.71312472
2162.9,3894.2,8.1,-2.7,8.4227652,378.3,33.7,0.712669
2161.9,3892.3,-1,-1.9,8.4147634,378.9,33.7,0.71221328
2165.8,3890.6,3.9,-1.7,8.4262615,379.5,33.7,0.71175756
2151.9,3889.6,-13.9,-1,8.3700302,380.1,33.7,0.71130184
2162,3888,10.1,-1.6,8.405856,380.7,33.7,0.71084612
2156.8,3887,-5.2,-1,8.3834816,381.3,33.7,0.7103904
2161.9,3885.7,5.1,-1.3,8.4004948,381.9,33.7,0.70993468
2157.8,3884.8,-4.1,-0.9,8.3826214,382.5,33.7,0.70947896
2160.9,3883.8,3.1,-1,8.3925034,383.1,33.7,0.70902324
2159,3882.9,-1.9,-0.9,8.3831811,383.7,33.7,0.70856752
2157.9,3882,-1.1,-0.9,8.3769678,384.3,33.7,0.7081118
2157.9,3881.2,0,-0.8,8.3752415,384.9,33.7,0.70765608
1746,3895.3,-411.9,14.1,6.8011938,385.3,33.7,0.70735227
1340.1,3909.9,-405.9,14.6,5.239657,385.7,33.7,0.70704846
939,3924.8,-401.1,14.9,3.6853872,386,33.7,0.7068206
533.1,3940.5,-405.9,15.7,2.1006806,386.1,33.7,0.70674465
122,3956.9,-411.1,16.4,0.4827418,386.2,33.7,0.70666869
120.1,3958.8,-1.9,1.9,0.47545188,386.2,33.7,0.70666869
126,3960.1,5.9,1.3,0.4989726,386.2,33.7,0.70666869
120,3961.7,-6,1.6,0.475404,386.3,33.7,0.70659274
125.1,3962.8,5.1,1.1,0.49574628,386.3,33.7,0.70659274
121,3964.1,-4.1,1.3,0.4796561,386.3,33.7,0.70659274
122.9,3965.1,1.9,1,0.48731079,386.4,33.7,0.70651679
120.1,3966.2,-2.8,1.1,0.47634062,386.4,33.7,0.70651679
122,3967,1.9,0.8,0.483974,386.4,33.7,0.70651679
121.1,3968,-0.9,1,0.4805248,386.5,33.7,0.70644083
-133.9,3978.1,-255,10.1,-0.53266759,386.4,33.7,0.70651679
-136.7,3979.4,-2.8,1.3,-0.54398398,386.4,33.7,0.70651679
-138.8,3980.6,-2.1,1.2,-0.55250728,386.4,33.7,0.70651679
-139.9,3981.6,-1.1,1,-0.55702584,386.3,33.7,0.70659274
-137.8,3982.5,2.1,0.9,-0.5487885,386.3,33.7,0.70659274
-136,3983.4,1.8,0.9,-0.5417424,386.2,33.7,0.70666869
-136.8,3984.3,-0.8,0.9,-0.54505224,386.2,33.7,0.70666869
-141.8,3985.3,-5,1,-0.56511554,386.2,33.7,0.70666869
-136.9,3985.9,4.9,0.6,-0.54566971,386.1,33.7,0.70674465
-131.7,3986.5,5.2,0.6,-0.52502205,386.1,33.7,0.70674465
-133.7,3987.3,-2,0.8,-0.53310201,386,33.7,0.7068206
-134.9,3988.1,-1.2,0.8,-0.53799469,386,33.7,0.7068206
-140.8,3989,-5.9,0.9,-0.5616512,386,33.7,0.7068206
-136.9,3989.5,3.9,0.5,-0.54616255,385.9,33.7,0.70689655
-139.9,3990.3,-3,0.8,-0.55824297,385.9,33.7,0.70689655
-134.8,3990.7,5.1,0.4,-0.53794636,385.9,33.7,0.70689655
-137.9,3991.4,-3.1,0.7,-0.55041406,385.8,33.7,0.7069725
-133.8,3991.9,4.1,0.5,-0.53411622,385.8,33.7,0.7069725
-217.9,3995.4,-84.1,3.5,-0.87059766,385.7,33.7,0.70704846
-292.8,3998.8,-74.9,3.4,-1.1708486,385.6,33.7,0.70712441
-368.8,4002.2,-76,3.4,-1.4760114,385.5,33.7,0.70720036
-450.8,4006,-82,3.8,-1.8059048,385.4,33.7,0.70727632
-528.8,4009.7,-78,3.7,-2.1203294,385.3,33.7,0.70735227
-610.8,4013.6,-82,3.9,-2.4515069,385.1,33.7,0.70750418
-685.7,4017.3,-74.9,3.7,-2.7546626,384.9,33.7,0.70765608
-685.8,4018.3,-0.1,1,-2.7557501,384.7,33.7,0.70780799
-690.7,4019.5,-4.9,1.2,-2.7762687,384.5,33.7,0.7079599
-687.7,4020.3,3,0.8,-2.7647603,384.3,33.7,0.7081118
-689.7,4021.3,-2,1,-2.7734906,384.1,33.7,0.70826371
-686,4022,3.7,0.7,-2.759092,383.9,33.7,0.70841562
-693.9,4023.1,-7.9,1.1,-2.7916291,383.8,33.7,0.70849157
-689.8,4023.7,4.1,0.6,-2.7755483,383.6,33.7,0.70864348
-688.8,4024.4,1,0.7,-2.7720067,383.4,33.7,0.70879538
-682.9,4024.9,5.9,0.5,-2.7486042,383.2,33.7,0.70894729
-691.8,4025.9,-8.9,1,-2.7851176,383,33.7,0.70909919
-690.8,4026.6,1,0.7,-2.7815753,382.8,33.7,0.7092511
-689.9,4027.3,0.9,0.7,-2.7784343,382.6,33.7,0.70940301
-290.8,4013.6,399.1,-13.7,-1.1671549,382.5,33.7,0.70947896
104,3999.3,394.8,-14.3,0.4159272,382.6,33.7,0.70940301
506.9,3984.4,402.9,-14.9,2.0196924,382.7,33.7,0.70932705
906,3969,399.1,-15.4,3.595914,382.9,33.7,0.70917515
904,3967.5,-2,-1.5,3.58662,383.2,33.7,0.70894729
2591.9,3905.8,1687.9,-61.7,10.123443,383.9,33.7,0.70841562
2593,3902,1.1,-3.8,10.117886,384.6,33.7,0.70788394
2597,3898.6,4,-3.4,10.124664,385.4,33.7,0.70727632
2592,3895.9,-5,-2.7,10.098173,386.1,33.7,0.70674465
2598.9,3893.1,6.9,-2.8,10.117778,386.8,33.7,0.70621297
2595.1,3890.9,-3.8,-2.2,10.097275,387.5,33.7,0.7056813
2491.9,3892.4,-103.2,1.5,9.6994716,388.2,33.7,0.70514963
2392,3894,-99.9,1.6,9.314448,388.9,33.7,0.70461796
2288.9,3895.9,-103.1,1.9,8.9173255,389.5,33.7,0.70416224
2285,3894.6,-3.9,-1.3,8.899161,390.2,33.7,0.70363056
2286.9,3893.1,1.9,-1.5,8.9031304,390.8,33.7,0.70317484
2287,3891.6,0.1,-1.5,8.9000892,391.4,33.7,0.70271913
3000,3864.7,713,-26.9,11.5941,392.3,33.7,0.70203555
3000.1,3862.2,0.1,-2.5,11.586986,393.1,33.7,0.70142792
3000.1,3860,0,-2.2,11.580386,393.9,33.7,0.70082029
3000.1,3858,0,-2,11.574386,394.8,33.7,0.70013672
3000.1,3856,0,-2,11.568386,395.6,33.7,0.69952909
3000.1,3854.2,0,-1.8,11.562985,396.4,33.7,0.69892146
3000.1,3852.4,0,-1.8,11.557585,397.3,33.7,0.69823789
2889,3854.6,-111.1,2.2,11.135939,398.1,33.7,0.69763026
2412.1,3870.4,-476.9,15.8,9.3357918,398.7,33.7,0.69717454
1932,3887,-480.1,16.6,7.509684,399.3,33.7,0.69671882
1460,3904.1,-472,17.1,5.699986,399.7,33.7,0.69641501
985.1,3921.8,-474.9,17.7,3.8633652,399.9,33.7,0.6962631
501,3940.4,-484.1,18.6,1.9741404,400.1,33.7,0.6961112
32,3959,-469,18.6,0.126688,400.1,33.7,0.6961112
30,3961.2,-2,2.2,0.118836,400.1,33.7,0.6961112
29,3963.1,-1,1.9,0.1149299,400.1,33.7,0.6961112
28,3964.7,-1,1.6,0.1110116,400.1,33.7,0.6961112
29,3966,1,1.3,0.115014,400.1,33.7,0.6961112
25,3967.4,-4,1.4,0.099185,400.1,33.7,0.6961112
25,3968.6,0,1.2,0.099215,400.1,33.7,0.6961112
28,3969.6,3,1,0.1111488,400.1,33.7,0.6961112
26,3970.6,-2,1,0.1032356,400.2,33.7,0.69603524
26,3971.6,0,1,0.1032616,400.2,33.7,0.69603524
27,3972.5,1,0.9,0.1072575,400.2,33.7,0.69603524
25,3973.4,-2,0.9,0.099335,400.2,33.7,0.69603524
27,3974.1,2,0.7,0.1073007,400.2,33.7,0.69603524
24,3975,-3,0.9,0.0954,400.2,33.7,0.69603524
28,3975.6,4,0.6,0.1113168,400.2,33.7,0.69603524
27,3976.4,-1,0.8,0.1073628,400.2,33.7,0.69603524
27,3977,0,0.6,0.107379,400.2,33.8,0.69603524
28,3977.7,1,0.7,0.1113756,400.2,33.8,0.69603524
31,3978.2,3,0.5,0.1233242,400.2,33.8,0.69603524
34,3978.6,3,0.4,0.1352724,400.2,33.8,0.69603524
28,3979.4,-6,0.8,0.1114232,400.2,33.8,0.69603524
29,3980,1,0.6,0.11542,400.3,33.8,0.69595929
30,3980.5,1,0.5,0.119415,400.3,33.8,0.69595929
24,3981.2,-6,0.7,0.0955488,400.3,33.8,0.69595929
25,3981.7,1,0.5,0.0995425,400.3,33.8,0.69595929
20,3982.3,-5,0.6,0.079646,400.3,33.8,0.69595929
28,3982.5,8,0.2,0.11151,400.3,33.8,0.69595929
33,3982.8,5,0.3,0.1314324,400.3,33.8,0.69595929
31,3983.3,-2,0.5,0.1234823,400.3,33.8,0.69595929
28,3983.8,-3,0.5,0.1115464,400.3,33.8,0.69595929
29,3984.2,1,0.4,0.1155418,400.3,33.8,0.69595929
26,3984.7,-3,0.5,0.1036022,400.3,33.8,0.69595929
30,3985,4,0.3,0.11955,400.3,33.8,0.69595929
30,3985.3,0,0.3,0.119559,400.3,33.8,0.69595929
32,3985.6,2,0.3,0.1275392,400.4,33.8,0.69588334
34,3985.9,2,0.3,0.1355206,400.4,33.8,0.69588334
28,3986.4,-6,0.5,0.1116192,400.4,33.8,0.69588334
31,3986.6,3,0.2,0.1235846,400.4,33.8,0.69588334
31,3987,0,0.4,0.123597,400.4,33.8,0.69588334
28,3987.4,-3,0.4,0.1116472,400.4,33.8,0.69588334
28,3987.7,0,0.3,0.1116556,400.4,33.8,0.69588334
26,3988,-2,0.3,0.103688,400.4,33.8,0.69588334
33,3988.1,7,0.1,0.1316073,400.4,33.8,0.69588334
25,3988.7,-8,0.6,0.0997175,400.4,33.7,0.69588334
28,3988.9,3,0.2,0.1116892,400.4,33.7,0.69588334
25,3989.2,-3,0.3,0.09973,400.4,33.7,0.69588334
23,3989.5,-2,0.3,0.0917585,400.4,33.7,0.69588334
32,3989.5,9,0,0.127664,400.5,33.7,0.69580738
32,3989.7,0,0.2,0.1276704,400.5,33.7,0.69580738
28,3990.1,-4,0.4,0.1117228,400.5,33.7,0.69580738
31,3990.2,3,0.1,0.1236962,400.5,33.7,0.69580738
28,3990.5,-3,0.3,0.111734,400.5,33.7,0.69580738
33,3990.6,5,0.1,0.1316898,400.5,33.7,0.69580738
29,3991,-4,0.4,0.115739,400.5,33.7,0.69580738
26,3991.3,-3,0.3,0.1037738,400.5,33.7,0.69580738
35,3991.2,9,-0.1,0.139692,400.5,33.7,0.69580738
27,3991.7,-8,0.5,0.1077759,400.5,33.7,0.69580738
26,3991.9,-1,0.2,0.1037894,400.5,33.7,0.69580738
25,3992.1,-1,0.2,0.0998025,400.5,33.7,0.69580738
25,3992.3,0,0.2,0.0998075,400.6,33.7,0.69573143
34,3992.2,9,-0.1,0.1357348,400.6,33.7,0.69573143
33,3992.4,-1,0.2,0.1317492,400.6,33.7,0.69573143
21,3993,-12,0.6,0.083853,400.6,33.7,0.69573143
23,3993.1,2,0.1,0.0918413,400.6,33.7,0.69573143
29,3993.1,6,0,0.1157999,400.6,33.7,0.69573143
25,3993.4,-4,0.3,0.099835,400.6,33.7,0.69573143
26,3993.5,1,0.1,0.103831,400.6,33.7,0.69573143
29,3993.6,3,0.1,0.1158144,400.6,33.7,0.69573143
31,3993.7,2,0.1,0.1238047,400.6,33.7,0.69573143
30,3993.8,-1,0.1,0.119814,400.6,33.7,0.69573143
28,3994.1,-2,0.3,0.1118348,400.6,33.7,0.69573143
27,3994.3,-1,0.2,0.1078461,400.6,33.7,0.69573143
31,3994.3,4,0,0.1238233,400.7,33.7,0.69565548
27,3994.6,-4,0.3,0.1078542,400.7,33.7,0.69565548
28,3994.6,1,0,0.1118488,400.7,33.7,0.69565548
30,3994.7,2,0.1,0.119841,400.7,33.7,0.69565548
31,3994.8,1,0.1,0.1238388,400.7,33.7,0.69565548
18,3995.4,-13,0.6,0.0719172,400.7,33.7,0.69565548
28,3995.2,10,-0.2,0.1118656,400.7,33.7,0.69565548
450,3980.2,422,-15,1.79109,400.8,33.7,0.69557952
871.9,3964.5,421.9,-15.7,3.4566476,401.1,33.7,0.69535166
1293,3948.2,421.1,-16.3,5.1050226,401.4,33.7,0.6951238
1713.9,3931.3,420.9,-16.9,6.7378551,401.9,33.7,0.69474404
2136.9,3914,423,-17.3,8.3638266,402.5,33.7,0.69428832
2555.9,3896.4,419,-17.6,9.9588088,403.2,33.7,0.69375665
2557,3893.5,1.1,-2.9,9.9556795,403.9,33.7,0.69322497
2553.9,3891,-3.1,-2.5,9.9372249,404.6,33.7,0.6926933
2550.2,3888.8,-3.7,-2.2,9.9172178,405.3,33.7,0.69216163
837.1,3948.2,-1713.1,59.4,3.3050382,405.6,33.7,0.69193377
842,3948.9,4.9,0.7,3.3249738,405.8,33.7,0.69178186
836,3949.4,-6,0.5,3.3016984,406,33.7,0.69162996
843,3949.3,7,-0.1,3.3292599,406.3,33.7,0.6914021
839,3949.5,-4,0.2,3.3136305,406.5,33.7,0.69125019
841,3949.3,2,-0.2,3.3213613,406.7,33.7,0.69109828
836,3949.4,-5,0.1,3.3016984,407,33.7,0.69087042
839.9,3949.2,3.9,-0.2,3.3169331,407.2,33.7,0.69071852
1111,3939.3,271.1,-9.9,4.3765623,407.5,33.7,0.69049066
1384,3928.9,273,-10.4,5.4375976,407.9,33.7,0.69018684
1650.9,3918.4,266.9,-10.5,6.4688866,408.4,33.7,0.68980708
1926,3907.2,275.1,-11.2,7.5252672,408.9,33.7,0.68942731
2197.9,3895.9,271.9,-11.3,8.5627986,409.5,33.7,0.68897159
2194,3894.2,-3.9,-1.7,8.5438748,410.1,33.7,0.68851587
2199.9,3892.4,5.9,-1.8,8.5628908,410.7,33.7,0.68806015
2199.9,3891,0,-1.4,8.5598109,411.3,33.7,0.68760444
2193.9,3889.9,-6,-1.1,8.5340516,411.9,33.7,0.68714872
2194,3888.6,0.1,-1.3,8.5315884,412.5,33.7,0.686693
2201,3887.1,7,-1.5,8.5555071,413.2,33.7,0.68616132
2197,3886,-4,-1.1,8.537542,413.8,33.7,0.68570561
2200,3884.8,3,-1.2,8.54656,414.4,33.7,0.68524989
2196,3883.9,-4,-0.9,8.5290444,415,33.7,0.68479417
2192,3883,-4,-0.9,8.511536,415.6,33.7,0.68433845
2202,3881.6,10,-1.4,8.5472832,416.2,33.7,0.68388273
2193,3880.9,-9,-0.7,8.5108137,416.8,33.7,0.68342701
2194.9,3880,1.9,-0.9,8.516212,417.4,33.7,0.68297129
1221.2,3914.2,-973.7,34.2,4.780021,417.8,33.7,0.68266748
241.2,3950.3,-980,36.1,0.95281236,417.8,33.7,0.68266748
-747.8,3988.1,-989,37.8,-2.9823012,417.6,33.7,0.68281938
-741.8,3991.3,6,3.2,-2.9607463,417.4,33.7,0.68297129
-745.8,3994.1,-4,2.8,-2.9787998,417.2,33.7,0.6831232
-738.9,3996.2,6.9,2.1,-2.9527922,417,33.7,0.6832751
-741.8,3998.3,-2.9,2.1,-2.9659389,416.8,33.7,0.68342701
-744.9,4000.3,-3.1,2,-2.9798235,416.6,33.7,0.68357892
-297.8,3986,447.1,-14.3,-1.1870308,416.5,33.7,0.68365487
145.9,3970.8,443.7,-15.2,0.57933972,416.6,33.7,0.68357892
584,3955.2,438.1,-15.6,2.3098368,416.7,33.7,0.68350296
1028.9,3938.7,444.9,-16.5,4.0525284,417,33.7,0.6832751
1470.9,3921.8,442,-16.9,5.7685756,417.4,33.7,0.68297129
1469,3920.4,-1.9,-1.4,5.7590676,417.8,33.7,0.68266748
1468,3919.2,-1,-1.2,5.7533856,418.2,33.7,0.68236366
1473.9,3917.9,5.9,-1.3,5.7745928,418.6,33.7,0.68205985
1470,3917.1,-3.9,-0.8,5.758137,419,33.7,0.68175604
1466.1,3916.4,-3.9,-0.7,5.741834,419.5,33.7,0.68137627
1470,3915.5,3.9,-0.9,5.755785,419.9,33.7,0.68107246
1468,3914.9,-2,-0.6,5.7470732,420.3,33.7,0.68076865
1470,3914.1,2,-0.8,5.753727,420.7,33.7,0.68046483
1469.1,3913.5,-0.9,-0.6,5.7493229,421.1,33.7,0.68016102
2046.8,3892.1,577.7,-21.4,7.9663503,421.7,33.7,0.6797053
2628,3869.6,581.2,-22.5,10.169309,422.4,33.7,0.67917363
2629.1,3867.3,1.1,-2.3,10.167518,423.1,33.7,0.67864196
2623,3865.6,-6.1,-1.7,10.139469,423.8,33.7,0.67811028
2624.1,3863.9,1.1,-1.7,10.13926,424.6,33.7,0.67750266
2621.1,3862.4,-3,-1.5,10.123737,425.3,33.7,0.67697099
1836,3889.3,-785.1,26.9,7.1407548,425.8,33.7,0.67659122
1044.2,3917.7,-791.8,28.4,4.0908623,426.1,33.7,0.67636336
250.1,3947.4,-794.1,29.7,0.98724474,426.2,33.7,0.67628741
-544.8,3978.2,-794.9,30.8,-2.1673234,426,33.7,0.67643931
-539.8,3981,5,2.8,-2.1489438,425.9,33.7,0.67651527
-541.9,3983.4,-2.1,2.4,-2.1586045,425.7,33.7,0.67666717
-537.8,3985.4,4.1,2,-2.1433481,425.6,33.7,0.67674313
-531.8,3987,6,1.6,-2.1202866,425.4,33.7,0.67689503
-543.8,3989.1,-12,2.1,-2.1692726,425.3,33.7,0.67697099
-541.8,3990.6,2,1.5,-2.1621071,425.1,33.7,0.67712289
-544.9,3992.2,-3.1,1.6,-2.1753498,425,33.7,0.67719885
-537.8,3993.3,7.1,1.1,-2.1475967,424.8,33.7,0.67735075
-547.8,3995,-10,1.7,-2.188461,424.7,33.7,0.67742671
-544.8,3996.1,3,1.1,-2.1770753,424.5,33.7,0.67757861
-542.9,3997.2,1.9,1.1,-2.1700799,424.4,33.7,0.67765456
62,3976.5,604.9,-20.7,0.246543,424.4,33.7,0.67765456
667,3954.8,605,-21.7,2.6378516,424.6,33.7,0.67750266
1270,3932.2,603,-22.6,4.993894,424.9,33.7,0.6772748
1878.9,3908.7,608.9,-23.5,7.3440564,425.4,33.7,0.67689503
2482.9,3884.6,604,-24.1,9.6450733,426.1,33.7,0.67636336
2481.1,3881.7,-1.8,-2.9,9.6308859,426.8,33.7,0.67583169
2437,3880.8,-44.1,-0.9,9.4575096,427.5,33.7,0.67530002
2401,3880,-36,-0.8,9.31588,428.2,33.7,0.67476834
2354.9,3879.8,-46.1,-0.2,9.136541,428.8,33.7,0.67431262
2316,3879.5,-38.9,-0.3,8.984922,429.5,33.7,0.67378095
2285,3879.1,-31,-0.4,8.8637435,430.1,33.7,0.67332523
2280,3877.9,-5,-1.2,8.841612,430.7,33.7,0.67286951
2282,3876.6,2,-1.3,8.8464012,431.4,33.7,0.67233784
2284.9,3875.2,2.9,-1.4,8.8544445,432,33.7,0.67188212
2284,3874.1,-0.9,-1.1,8.8484444,432.6,33.7,0.6714264
2281,3873,-3,-1.1,8.834313,433.3,33.7,0.67089473
2284.9,3871.8,3.9,-1.2,8.8466758,433.9,33.7,0.67043901
2275,3871.1,-9.9,-0.7,8.8067525,434.5,33.7,0.66998329
2278.8,3869.9,3.8,-1.2,8.8187281,435.2,33.7,0.66945162
2286,3868.7,7.2,-1.2,8.8438482,435.8,33.7,0.6689959
1981.9,3878.7,-304.1,10,7.6871955,436.3,33.7,0.66861613
1681.1,3889.1,-300.8,10.4,6.537966,436.8,33.7,0.66823637
1379,3900.1,-302.1,11,5.3782379,437.2,33.7,0.66793255
1076,3911.4,-303,11.3,4.2086664,437.5,33.7,0.66770469
777.2,3923,-298.8,11.6,3.0489556,437.7,33.7,0.66755279
475,3935,-302.2,12,1.869125,437.8,33.7,0.66747683
469.1,3936.6,-5.9,1.6,1.8466591,438,33.7,0.66732493
479,3937.4,9.9,0.8,1.8860146,438.1,33.7,0.66724897
473,3938.5,-6,1.1,1.8629105,438.2,33.7,0.66717302
475.9,3939.3,2.9,0.8,1.8747129,438.4,33.7,0.66702111
470,3940.3,-5.9,1,1.851941,438.5,33.7,0.66694516
476,3940.8,6,0.5,1.8758208,438.6,33.7,0.66686921
475.9,3941.5,-0.1,0.7,1.8757598,438.8,33.7,0.6667173
476,3942.1,0.1,0.6,1.8764396,438.9,33.7,0.66664135
479,3942.5,3,0.4,1.8884575,439,33.7,0.6665654
593,3938.9,114,-3.6,2.3357677,439.2,33.7,0.66641349
719,3934.7,126,-4.2,2.8290493,439.4,33.7,0.66626158
833.1,3930.7,114.1,-4,3.2746662,439.6,33.7,0.66610968
957,3926.1,123.9,-4.6,3.7572777,439.9,33.7,0.66588182
1075,3921.7,118,-4.4,4.2158275,440.2,33.7,0.66565396
1191,3917.1,116,-4.6,4.6652661,440.5,33.7,0.6654261
1310,3912.3,119,-4.8,5.125113,440.9,33.7,0.66512228
1313,3911.6,3,-0.7,5.1359308,441.3,33.7,0.66481847
1305.9,3911.3,-7.1,-0.3,5.1077667,441.6,33.7,0.66459061
1317,3910.5,11.1,-0.8,5.1501285,442,33.7,0.6642868
1304.9,3910.5,-12.1,0,5.1028114,442.3,33.7,0.66405894
1312,3909.9,7.1,-0.6,5.1297888,442.7,33.7,0.66375513
1309,3909.7,-3,-0.2,5.1177973,443.1,33.7,0.66345131
1312,3909.2,3,-0.5,5.1288704,443.4,33.7,0.66322345
1311.1,3908.9,-0.9,-0.3,5.1249588,443.8,33.7,0.66291964
1318,3908.4,6.9,-0.5,5.1512712,444.2,33.7,0.66261583
1312,3908.3,-6,-0.1,5.1276896,444.5,33.7,0.66238797
1313.9,3907.9,1.9,-0.4,5.1345898,444.9,33.7,0.66208416
1310.2,3907.8,-3.7,-0.1,5.1199996,445.3,33.7,0.66178034
1306,3907.7,-4.2,-0.1,5.1034562,445.6,33.7,0.66155248
1171.1,3912.3,-134.9,4.6,4.5816945,445.9,33.7,0.66132462
1038,3917.1,-133.1,4.8,4.0659498,446.2,33.7,0.66109676
1034.1,3917.5,-3.9,0.4,4.0510867,446.5,33.7,0.6608689
1036,3917.5,1.9,0,4.05853,446.8,33.7,0.66064105
1041,3917.4,5,-0.1,4.0780134,447.1,33.7,0.66041319
1473.8,3901.8,432.8,-15.6,5.7504728,447.5,33.7,0.66010937
1915.8,3885.1,442,-16.7,7.4430746,448,33.7,0.65972961
2367.9,3867.4,452.1,-17.7,9.1576165,448.7,33.7,0.65919793
2798,3850.1,430.1,-17.3,10.77258,449.5,33.7,0.65859031
2810.1,3847.3,12.1,-2.8,10.811298,450.3,33.7,0.65798268
2803.1,3845.6,-7,-1.7,10.779601,451,33.8,0.65745101
2798,3843.9,-5.1,-1.7,10.755232,451.8,33.8,0.65684338
2802,3842.1,4,-1.8,10.765564,452.6,33.8,0.65623576
2804,3840.4,2,-1.7,10.768482,453.4,33.8,0.65562813
2409.2,3853.2,-394.8,12.8,9.2831294,454,33.8,0.65517241
2013,3866.8,-396.2,13.6,7.7838684,454.6,33.8,0.65471669
1619.1,3880.9,-393.9,14.1,6.2835652,455,33.8,0.65441288
1227.1,3895.5,-392,14.6,4.7801681,455.4,33.8,0.65410907
828.3,3910.8,-398.8,15.3,3.2393156,455.6,33.8,0.65395716
426.1,3926.7,-402.2,15.9,1.6731669,455.7,33.8,0.65388121
32,3942.8,-394.1,16.1,0.1261696,455.7,33.8,0.65388121
44,3944.5,12,1.7,0.173558,455.8,33.8,0.65380526
37,3946.5,-7,2,0.1460205,455.8,33.8,0.65380526
33,3948.2,-4,1.7,0.1302906,455.8,33.8,0.65380526
37,3949.4,4,1.2,0.1461278,455.8,33.8,0.65380526
44,3950.5,7,1.1,0.173822,455.8,33.8,0.65380526
40,3951.8,-4,1.3,0.158072,455.8,33.8,0.65380526
35,3953.1,-5,1.3,0.1383585,455.8,33.8,0.65380526
35,3954.2,0,1.1,0.138397,455.8,33.8,0.65380526
37,3955.2,2,1,0.1463424,455.8,33.8,0.65380526
35,3956.2,-2,1,0.138467,455.9,33.8,0.6537293
36,3957.1,1,0.9,0.1424556,455.9,33.8,0.6537293
38,3957.9,2,0.8,0.1504002,455.9,33.8,0.6537293
42,3958.5,4,0.6,0.166257,455.9,33.8,0.6537293
40,3959.4,-2,0.9,0.158376,455.9,33.8,0.6537293
39,3960.2,-1,0.8,0.1544478,455.9,33.8,0.6537293
41,3960.8,2,0.6,0.1623928,455.9,33.8,0.6537293
35,3961.8,-6,1,0.138663,455.9,33.8,0.6537293
37,3962.4,2,0.6,0.1466088,455.9,33.8,0.6537293
42,3962.8,5,0.4,0.1664376,455.9,33.8,0.6537293
43,3963.4,1,0.6,0.1704262,456,33.8,0.65365335
40,3964.1,-3,0.7,0.158564,456,33.8,0.65365335
35,3964.9,-5,0.8,0.1387715,456,33.8,0.65365335
46,3965,11,0.1,0.18239,456,33.8,0.65365335
38,3965.9,-8,0.9,0.1507042,456,33.8,0.65365335
36,3966.5,-2,0.6,0.142794,456,33.8,0.65365335
38,3966.9,2,0.4,0.1507422,456,33.8,0.65365335
32,3967.6,-6,0.7,0.1269632,456,33.8,0.65365335
38,3967.9,6,0.3,0.1507802,456,33.8,0.65365335
37,3968.4,-1,0.5,0.1468308,456.1,33.8,0.6535774
44,3968.6,7,0.2,0.1746184,456.1,33.8,0.6535774
38,3969.2,-6,0.6,0.1508296,456.1,33.8,0.6535774
36,3969.7,-2,0.5,0.1429092,456.1,33.8,0.6535774
36,3970.1,0,0.4,0.1429236,456.1,33.8,0.6535774
36,3970.5,0,0.4,0.142938,456.1,33.8,0.6535774
38,3970.9,2,0.4,0.1508942,456.1,33.8,0.6535774
36,3971.3,-2,0.4,0.1429668,456.1,33.8,0.6535774
39,3971.5,3,0.2,0.1548885,456.1,33.8,0.6535774
32,3972.1,-7,0.6,0.1271072,456.1,33.8,0.6535774
41,3972.1,9,0,0.1628561,456.2,33.8,0.65350144
38,3972.6,-3,0.5,0.1509588,456.2,33.8,0.65350144
37,3972.9,-1,0.3,0.1469973,456.2,33.8,0.65350144
37,3973.3,0,0.4,0.1470121,456.2,33.8,0.65350144
37,3973.6,0,0.3,0.1470232,456.2,33.8,0.65350144
34,3974,-3,0.4,0.135116,456.2,33.8,0.65350144
35,3974.2,1,0.2,0.139097,456.2,33.8,0.65350144
39,3974.4,4,0.2,0.1550016,456.2,33.8,0.65350144
33,3974.9,-6,0.5,0.1311717,456.2,33.8,0.65350144
36,3975.1,3,0.2,0.1431036,456.3,33.8,0.65342549
41,3975.1,5,0,0.1629791,456.3,33.8,0.65342549
35,3975.6,-6,0.5,0.139146,456.3,33.7,0.65342549
36,3975.8,1,0.2,0.1431288,456.3,33.7,0.65342549
33,3976.2,-3,0.4,0.1312146,456.3,33.7,0.65342549
42,3976.1,9,-0.1,0.1669962,456.3,33.7,0.65342549
37,3976.5,-5,0.4,0.1471305,456.3,33.7,0.65342549
37,3976.7,0,0.2,0.1471379,456.3,33.7,0.65342549
42,3976.8,5,0.1,0.1670256,456.3,33.7,0.65342549
40,3977.1,-2,0.3,0.159084,456.3,33.7,0.65342549
29,3977.7,-11,0.6,0.1153533,456.4,33.7,0.65334954
38,3977.5,9,-0.2,0.151145,456.4,33.7,0.65334954
40,3977.7,2,0.2,0.159108,456.4,33.7,0.65334954
41,3977.9,1,0.2,0.1630939,456.4,33.7,0.65334954
44,3978,3,0.1,0.175032,456.4,33.7,0.65334954
40,3978.2,-4,0.2,0.159128,456.4,33.7,0.65334954
35,3978.6,-5,0.4,0.139251,456.4,33.7,0.65334954
40,3978.7,5,0.1,0.159148,456.4,33.7,0.65334954
37,3978.9,-3,0.2,0.1472193,456.4,33.7,0.65334954
41,3979,4,0.1,0.163139,456.5,33.7,0.65327358
36,3979.3,-5,0.3,0.1432548,456.5,33.7,0.65327358
35,3979.5,-1,0.2,0.1392825,456.5,33.7,0.65327358
36,3979.6,1,0.1,0.1432656,456.5,33.7,0.65327358
39,3979.7,3,0.1,0.1552083,456.5,33.7,0.65327358
40,3979.8,1,0.1,0.159192,456.5,33.7,0.65327358
39,3980,-1,0.2,0.15522,456.5,33.7,0.65327358
45,3980,6,0,0.1791,456.5,33.7,0.65327358
38,3980.4,-7,0.4,0.1512552,456.5,33.7,0.65327358
38,3980.5,0,0.1,0.151259,456.5,33.7,0.65327358
40,3980.6,2,0.1,0.159224,456.6,33.7,0.65319763
34,3980.9,-6,0.3,0.1353506,456.6,33.7,0.65319763
42,3980.8,8,-0.1,0.1671936,456.6,33.7,0.65319763
40,3981,-2,0.2,0.15924,456.6,33.7,0.65319763
35,3981.3,-5,0.3,0.1393455,456.6,33.7,0.65319763
37,3981.3,2,0,0.1473081,456.6,33.7,0.65319763
44,3981.2,7,-0.1,0.1751728,456.6,33.7,0.65319763
36,3981.7,-8,0.5,0.1433412,456.6,33.7,0.65319763
40,3981.6,4,-0.1,0.159264,456.6,33.7,0.65319763
36,3981.9,-4,0.3,0.1433484,456.7,33.7,0.65312168
32,3982.2,-4,0.3,0.1274304,456.7,33.7,0.65312168
39,3982.1,7,-0.1,0.1553019,456.7,33.7,0.65312168
42,3982,3,-0.1,0.167244,456.7,33.7,0.65312168
35,3982.3,-7,0.3,0.1393805,456.7,33.7,0.65312168
38,3982.4,3,0.1,0.1513312,456.7,33.7,0.65312168
40,3982.5,2,0.1,0.1593,456.7,33.7,0.65312168
35,3982.7,-5,0.2,0.1393945,456.7,33.7,0.65312168
35,3982.9,0,0.2,0.1394015,456.7,33.7,0.65312168
38,3982.8,3,-0.1,0.1513464,456.7,33.7,0.65312168
42,3982.8,4,0,0.1672776,456.8,33.7,0.65304572
42,3982.9,0,0.1,0.1672818,456.8,33.7,0.65304572
40,3983.1,-2,0.2,0.159324,456.8,33.7,0.65304572
41,3983.1,1,0,0.1633071,456.8,33.7,0.65304572
39,3983.3,-2,0.2,0.1553487,456.8,33.7,0.65304572
36,3983.5,-3,0.2,0.143406,456.8,33.7,0.65304572
40,3983.5,4,0,0.15934,456.8,33.7,0.65304572
44,3983.4,4,-0.1,0.1752696,456.8,33.7,0.65304572
32,3984,-12,0.6,0.127488,456.8,33.7,0.65304572
36,3983.9,4,-0.1,0.1434204,456.9,33.7,0.65296977
38,3983.9,2,0,0.1513882,456.9,33.7,0.65296977
35,3984.1,-3,0.2,0.1394435,456.9,33.7,0.65296977
36,3984.1,1,0,0.1434276,456.9,33.7,0.65296977
36,3984.3,0,0.2,0.1434348,456.9,33.7,0.65296977
44,3984,8,-0.3,0.175296,456.9,33.7,0.65296977
34,3984.5,-10,0.5,0.135473,456.9,33.7,0.65296977
42,3984.3,8,-0.2,0.1673406,456.9,33.7,0.65296977
47,3984.2,5,-0.1,0.1872574,456.9,33.7,0.65296977
40,3984.5,-7,0.3,0.15938,457,33.7,0.65289382
37,3984.7,-3,0.2,0.1474339,457,33.7,0.65289382
48,3984.4,11,-0.3,0.1912512,457,33.7,0.65289382
54,3984.2,6,-0.2,0.2151468,457,33.7,0.65289382
66,3983.8,12,-0.4,0.2629308,457,33.7,0.65289382
71,3983.7,5,-0.1,0.2828427,457,33.7,0.65289382
76,3983.6,5,-0.1,0.3027536,457.1,33.7,0.65281786
82,3983.4,6,-0.2,0.3266388,457.1,33.7,0.65281786
88,3983.1,6,-0.3,0.3505128,457.1,33.7,0.65281786
87,3983.2,-1,0.1,0.3465384,457.1,33.7,0.65281786
92,3983.1,5,-0.1,0.3664452,457.2,33.7,0.65274191
87,3983.3,-5,0.2,0.3465471,457.2,33.7,0.65274191
93,3983.1,6,-0.2,0.3704283,457.2,33.7,0.65274191
85,3983.4,-8,0.3,0.338589,457.2,33.7,0.65274191
86,3983.4,1,0,0.3425724,457.2,33.7,0.65274191
87,3983.4,1,0,0.3465558,457.3,33.7,0.65266596
96,3983.1,9,-0.3,0.3823776,457.3,33.7,0.65266596
87,3983.5,-9,0.4,0.3465645,457.3,33.7,0.65266596
85,3983.6,-2,0.1,0.338606,457.3,33.7,0.65266596
94,3983.3,9,-0.3,0.3744302,457.4,33.7,0.65259
86,3983.6,-8,0.3,0.3425896,457.4,33.7,0.65259
2695.9,3889.7,2609.9,-93.9,10.486242,458.1,33.7,0.65205833
2690,3885.5,-5.9,-4.2,10.451995,458.9,33.7,0.65145071
2699,3881.7,9,-3.8,10.476708,459.6,33.7,0.65091903
2691,3879,-8,-2.7,10.438389,460.4,33.7,0.65031141
2696.1,3876.1,5.1,-2.9,10.450353,461.1,33.7,0.64977974
2694.1,3873.6,-2,-2.5,10.435866,461.9,33.7,0.64917211
2693.1,3871.3,-1,-2.3,10.425798,462.6,33.7,0.64864044
671.1,3941.9,-2022,70.6,2.6454091,462.8,33.7,0.64848853
673,3943.1,1.9,1.2,2.6537063,463,33.7,0.64833662
676.9,3943.6,3.9,0.5,2.6694228,463.2,33.7,0.64818472
674,3944.2,-2.9,0.6,2.6583908,463.4,33.7,0.64803281
675,3944.4,1,0.2,2.66247,463.6,33.7,0.64788091
675.1,3944.6,0.1,0.2,2.6629995,463.8,33.7,0.647729
669,3944.9,-6.1,0.3,2.6391381,463.9,33.7,0.64765305
679,3944.6,10,-0.3,2.6783834,464.1,33.7,0.64750114
673.9,3944.8,-5.1,0.2,2.6584007,464.3,33.7,0.64734923
672,3944.9,-1.9,0.1,2.6509728,464.5,33.7,0.64719733
671.9,3945,-0.1,0.1,2.6506455,464.7,33.7,0.64704542
674.9,3944.8,3,-0.2,2.6623455,464.9,33.7,0.64689351
512,3950.7,-162.9,5.9,2.0227584,465,33.7,0.64681756
347.1,3956.9,-164.9,6.2,1.37344,465.1,33.7,0.64674161
343.9,3957.4,-3.2,0.5,1.3609499,465.2,33.7,0.64666565
346.9,3957.7,3,0.3,1.3729261,465.3,33.7,0.6465897
343,3958.2,-3.9,0.5,1.3576626,465.4,33.7,0.64651375
2246.9,3889.8,1903.9,-68.4,8.7399916,466,33.7,0.64605803
2251,3886.6,4.1,-3.2,8.7487366,466.7,33.7,0.64552636
2241,3884.6,-10,-2,8.7053886,467.3,33.7,0.64507064
2252,3882.3,11,-2.3,8.7429396,467.9,33.7,0.64461492
2244,3880.8,-8,-1.5,8.7085152,468.5,33.7,0.6441592
2251,3878.9,7,-1.9,8.7314039,469.2,33.7,0.64362753
2247.1,3877.5,-3.9,-1.4,8.7131303,469.8,33.7,0.64317181
2248.9,3875.9,1.8,-1.6,8.7165115,470.4,33.7,0.64271609
2246.9,3874.6,-2,-1.3,8.7058387,471,33.7,0.64226037
2248,3873.3,1.1,-1.3,8.7071784,471.7,33.7,0.6417287
2246.9,3872,-1.1,-1.3,8.6999968,472.3,33.7,0.64127298
2244,3870.9,-2.9,-1.1,8.6862996,472.9,33.7,0.64081726
2255,3869.3,11,-1.6,8.7252715,473.5,33.7,0.64036154
1919,3880.4,-336,11.1,7.4464876,474.1,33.7,0.63990582
1590,3891.7,-329,11.3,6.187803,474.5,33.7,0.63960201
1259,3903.6,-331,11.9,4.9146324,474.8,33.7,0.63937415
933.1,3915.8,-325.9,12.2,3.653833,475.1,33.7,0.63914629
938,3916.4,4.9,0.6,3.6735832,475.4,33.7,0.63891843
938.9,3916.8,0.9,0.4,3.6774835,475.6,33.7,0.63876652
939,3917.3,0.1,0.5,3.6783447,475.9,33.7,0.63853866
935,3917.7,-4,0.4,3.6630495,476.1,33.7,0.63838675
939,3917.8,4,0.1,3.6788142,476.4,33.7,0.63815889
936,3918.1,-3,0.3,3.6673416,476.7,33.7,0.63793103
937,3918.3,1,0.2,3.6714471,476.9,33.7,0.63777913
934,3918.5,-3,0.2,3.659879,477.2,33.7,0.63755127
1091,3913,157,-5.5,4.269083,477.5,33.7,0.63732341
1246,3907.2,155,-5.8,4.8683712,477.8,33.7,0.63709555
1402.9,3901.1,156.9,-6.1,5.4728532,478.2,33.7,0.63679174
1556.1,3895,153.2,-6.1,6.0610095,478.7,33.7,0.63641197
1714.8,3888.5,158.7,-6.5,6.6679998,479.1,33.7,0.63610816
1714.9,3887.5,0.1,-1,6.6666738,479.6,33.7,0.63572839
1715.9,3886.7,1,-0.8,6.6691885,480.1,33.7,0.63534863
1711,3886.1,-4.9,-0.6,6.6491171,480.6,33.7,0.63496886
1708.1,3885.6,-2.9,-0.5,6.6369934,481,33.7,0.63466505
1706.9,3884.9,-1.2,-0.7,6.6311358,481.5,33.7,0.63428528
1715,3884.1,8.1,-0.8,6.6612315,482,33.7,0.63390551
1711.8,3883.6,-3.2,-0.5,6.6479465,482.5,33.7,0.63352575
1711,3883,-0.8,-0.6,6.643813,482.9,33.7,0.63322194
1713.9,3882.4,2.9,-0.6,6.6540454,483.4,33.7,0.63284217
1711,3881.9,-2.9,-0.5,6.6419309,483.9,33.7,0.6324624
1713.9,3881.3,2.9,-0.6,6.6521601,484.4,33.7,0.63208264
1715.9,3880.8,2,-0.5,6.6590647,484.8,33.7,0.63177882
1711,3880.4,-4.9,-0.4,6.6393644,485.3,33.7,0.63139906
1707,3880.1,-4,-0.3,6.6233307,485.8,33.7,0.63101929
1709.9,3879.5,2.9,-0.6,6.633557,486.3,33.7,0.63063953
1940.9,3870.7,231,-8.8,7.5126416,486.8,33.7,0.63025976
2164.8,3861.7,223.9,-9,8.3598082,487.4,33.7,0.62980404
2387,3852.4,222.2,-9.3,9.1956788,488.1,33.7,0.62927237
2389.9,3851,2.9,-1.4,9.2035049,488.7,33.7,0.62881665
2390,3849.7,0.1,-1.3,9.200783,489.4,33.7,0.62828498
2390.9,3848.5,0.9,-1.2,9.2013786,490.1,33.7,0.6277533
2383,3847.7,-7.9,-0.8,9.1690691,490.7,33.7,0.62729758
1724.1,3870.6,-658.9,22.9,6.6733015,491.2,33.7,0.62691782
1047.1,3895.4,-677,24.8,4.0788733,491.5,33.7,0.62668996
383.2,3920.7,-663.9,25.3,1.5024122,491.6,33.7,0.62661401
-284.8,3947.1,-668,26.4,-1.1241341,491.5,33.7,0.62668996
-280.8,3949.8,4,2.7,-1.1091038,491.4,33.7,0.62676591
-20,3942.6,260.8,-7.2,-0.078852,491.4,33.7,0.62676591
241.9,3934.6,261.9,-8,0.95177974,491.5,33.7,0.62668996
507.9,3925.9,266,-8.7,1.9939646,491.6,33.7,0.62661401
775.9,3916.6,268,-9.3,3.0388899,491.9,33.7,0.62638615
1032.1,3907.4,256.2,-9.2,4.0328275,492.2,33.7,0.62615829
1301.9,3897.2,269.8,-10.2,5.0737647,492.5,33.7,0.62593043
1560.9,3887.1,259,-10.1,6.0673744,492.9,33.7,0.62562661
1567.9,3886,7,-1.1,6.0928594,493.4,33.7,0.62524685
1562.9,3885.4,-5,-0.6,6.0724917,493.8,33.7,0.62494304
1562,3884.7,-0.9,-0.7,6.0679014,494.3,33.7,0.62456327
1561.9,3884.1,-0.1,-0.6,6.0665758,494.7,33.7,0.62425946
1568,3883.4,6.1,-0.7,6.0891712,495.1,33.7,0.62395564
1561.9,3883,-6.1,-0.4,6.0648577,495.6,33.7,0.62357588
1564.9,3882.4,3,-0.6,6.0755678,496,33.7,0.62327206
1560,3882.1,-4.9,-0.3,6.056076,496.4,33.7,0.62296825
-856.8,3969.7,-2416.8,87.6,-3.401239,496.2,33.7,0.62312016
-852.9,3973.4,3.9,3.7,-3.3889129,495.9,33.7,0.62334802
-850.8,3976.4,2.1,3,-3.3831211,495.7,33.7,0.62349992
-852.9,3979.1,-2.1,2.7,-3.3937744,495.5,33.7,0.62365183
-856.8,3981.6,-3.9,2.5,-3.4114349,495.2,33.7,0.62387969
-170,3958.8,686.8,-22.8,-0.672996,495.2,33.7,0.62387969
500.9,3935.1,670.9,-23.7,1.9710916,495.3,33.7,0.62380374
1181.2,3910.1,680.3,-25,4.6186101,495.7,33.7,0.62349992
1869.9,3883.8,688.7,-26.3,7.2623176,496.2,33.7,0.62312016
2550.9,3857,681,-26.8,9.8388213,496.9,33.7,0.62258849
3000,3837.8,449.1,-19.2,11.5134,497.7,33.7,0.62198086
3000.1,3834.5,0.1,-3.3,11.503883,498.6,33.7,0.62129728
3000,3831.7,-0.1,-2.8,11.4951,499.4,33.7,0.62068966
3000.1,3829.2,0.1,-2.5,11.487983,500.2,33.7,0.62008203
3000.1,3826.9,0,-2.3,11.481083,501.1,33.7,0.61939845
3000.1,3824.8,0,-2.1,11.474782,501.9,33.7,0.61879082
3000.1,3822.9,0,-1.9,11.469082,502.7,33.7,0.6181832
3000.1,3821,0,-1.9,11.463382,503.6,33.7,0.61749962
3000.1,3819.1,0,-1.9,11.457682,504.4,33.7,0.61689199
3000.1,3817.5,0,-1.6,11.452882,505.2,33.7,0.61628437
3000.1,3815.8,0,-1.7,11.447782,506.1,33.7,0.61560079
3000.1,3814.2,0,-1.6,11.442981,506.9,33.7,0.61499316
2797.1,3820,-203,5.8,10.684922,507.7,33.7,0.61438554
2364,3834.7,-433.1,14.7,9.0652308,508.3,33.7,0.61392982
1934,3849.9,-430,15.2,7.4457066,508.9,33.7,0.6134741
1507.1,3865.7,-426.9,15.8,5.8259965,509.3,33.7,0.61317029
1070,3882.5,-437.1,16.8,4.154275,509.6,33.7,0.61294243
645.1,3899.2,-424.9,16.7,2.5153739,509.7,33.7,0.61286647
214.1,3916.7,-431,17.5,0.83856547,509.8,33.7,0.61279052
211,3919.1,-3.1,2.4,0.8269301,509.9,33.7,0.61271457
209.1,3921,-1.9,1.9,0.8198811,509.9,33.7,0.61271457
208.9,3922.6,-0.2,1.6,0.81943114,510,33.7,0.61263861
211,3924,2.1,1.4,0.827964,510,33.7,0.61263861
205,3925.6,-6,1.6,0.804748,510.1,33.7,0.61256266
212,3926.6,7,1,0.8324392,510.2,33.8,0.61248671
206.9,3927.9,-5.1,1.3,0.81268251,510.2,33.8,0.61248671
211,3928.9,4.1,1,0.8289979,510.3,33.8,0.61241075
210,3929.9,-1,1,0.825279,510.3,33.8,0.61241075
210,3930.9,0,1,0.825489,510.4,33.8,0.6123348
202,3932.1,-8,1.2,0.7942842,510.4,33.8,0.6123348
204,3932.9,2,0.8,0.8023116,510.5,33.8,0.61225885
1262.8,3895.4,1058.8,-37.5,4.9191111,510.9,33.8,0.61195504
2318.9,3855.9,1056.1,-39.5,8.9414465,511.5,33.8,0.61149932
2318,3853.2,-0.9,-2.7,8.9317176,512.1,33.8,0.6110436
2313,3851.1,-5,-2.1,8.9075943,512.8,33.8,0.61051192
2316,3849.3,3,-1.8,8.9149788,513.4,33.8,0.61005621
2320,3847.5,4,-1.8,8.9262,514.1,33.8,0.60952453
2310.9,3846.3,-9.1,-1.2,8.8884147,514.7,33.8,0.60906881
2311,3844.9,0.1,-1.4,8.8855639,515.4,33.8,0.60853714
2314,3843.6,3,-1.3,8.8940904,516,33.8,0.60808142
2312,3842.4,-2,-1.2,8.8836288,516.6,33.8,0.6076257
1101.1,3885.3,-1210.9,42.9,4.2781038,516.9,33.8,0.60739784
-115.8,3930.7,-1216.9,45.4,-0.45517506,516.9,33.8,0.60739784
-1319.8,3977.4,-1204,46.7,-5.2493725,516.5,33.8,0.60770166
-1317.9,3981.7,1.9,4.3,-5.2474824,516.2,33.8,0.60792952
-1321.9,3985.5,-4,3.8,-5.2684325,515.8,33.8,0.60823333
-1321.8,3988.7,0.1,3.2,-5.2722637,515.4,33.8,0.60853714
-1322.9,3991.6,-1.1,2.9,-5.2804876,515.1,33.8,0.608765
-924.9,3979.9,398,-11.7,-3.6810095,514.8,33.8,0.60899286
-523.9,3967.1,401,-12.8,-2.0783637,514.7,33.8,0.60906881
-131.9,3954,392,-13.1,-0.5215326,514.6,33.8,0.60914477
266,3940,397.9,-14,1.04804,514.7,33.8,0.60906881
664,3925.5,398,-14.5,2.606532,514.9,33.8,0.60891691
669.9,3924.6,5.9,-0.9,2.6290895,515.1,33.8,0.608765
666,3924.4,-3.9,-0.2,2.6136504,515.3,33.8,0.60861309
664,3924.2,-2,-0.2,2.6056688,515.5,33.8,0.60846119
666,3923.9,2,-0.3,2.6133174,515.6,33.8,0.60838523
665,3923.8,-1,-0.1,2.609327,515.8,33.8,0.60823333
661,3923.8,-4,0,2.5936318,516,33.8,0.60808142
660,3923.7,-1,-0.1,2.589642,516.2,33.8,0.60792952
662,3923.6,2,-0.1,2.5974232,516.4,33.8,0.60777761
899.9,3915,237.9,-8.6,3.5231085,516.6,33.8,0.6076257
1135,3906,235.1,-9,4.43331,516.9,33.8,0.60739784
1382.9,3896.2,247.9,-9.8,5.388055,517.3,33.8,0.60709403
1616,3886.6,233.1,-9.6,6.2807456,517.8,33.8,0.60671426
1847.8,3876.9,231.8,-9.7,7.1637358,518.3,33.8,0.6063345
1862,3874.8,14.2,-2.1,7.2148776,518.8,33.8,0.60595473
1855.9,3873.6,-6.1,-1.2,7.1890142,519.3,33.8,0.60557497
1852.1,3872.4,-3.8,-1.2,7.172072,519.8,33.8,0.6051952
1855,3871.1,2.9,-1.3,7.1808905,520.4,33.8,0.60473948
1846,3870.3,-9,-0.8,7.1445738,520.9,33.8,0.60435971
1654.9,3876.2,-191.1,5.9,6.4147234,521.3,33.8,0.6040559
1464,3882.4,-190.9,6.2,5.6838336,521.7,33.8,0.60375209
1272,3889,-192,6.6,4.946808,522.1,33.8,0.60344828
1079,3896,-193,7,4.203784,522.4,33.8,0.60322042
880.1,3903.5,-198.9,7.5,3.4354704,522.6,33.8,0.60306851
882,3903.8,1.9,0.3,3.4431516,522.9,33.8,0.60284065
881.1,3904.2,-0.9,0.4,3.4399906,523.1,33.8,0.60268874
885.9,3904.2,4.8,0,3.4587308,523.4,33.8,0.60246088
885,3904.4,-0.9,0.2,3.455394,523.6,33.8,0.60230898
886,3904.6,1,0.2,3.4594756,523.9,33.8,0.60208112
884,3904.8,-2,0.2,3.4518432,524.1,33.8,0.60192921
886.9,3904.8,2.9,0,3.4631671,524.3,33.8,0.60177731
1194,3893.7,307.1,-11.1,4.6490778,524.7,33.8,0.60147349
1504.8,3882,310.8,-11.7,5.8416336,525.1,33.8,0.60116968
1816.9,3869.7,312.1,-12.3,7.0308579,525.6,33.8,0.60078991
2125.8,3857.2,308.9,-12.5,8.1996358,526.2,33.8,0.60033419
2438,3844.2,312.2,-13,9.3721596,526.9,33.8,0.59980252
2741.9,3831.1,303.9,-13.1,10.504493,527.6,33.8,0.59927085
2741,3828.9,-0.9,-2.2,10.495015,528.4,33.8,0.59866322
2751,3826.5,10,-2.4,10.526701,529.2,33.8,0.5980556
2741.1,3824.9,-9.9,-1.6,10.484433,529.9,33.8,0.59752393
2752,3822.8,10.9,-2.1,10.520346,530.7,33.8,0.5969163
2744.1,3821.5,-7.9,-1.3,10.486578,531.4,33.8,0.59638463
2745,3819.9,0.9,-1.6,10.485626,532.2,33.8,0.595777
2349.1,3832.7,-395.9,12.8,9.0033956,532.9,33.8,0.59524533
1960,3846.1,-389.1,13.4,7.538356,533.4,33.8,0.59486556
1572,3860.1,-388,14,6.0680772,533.8,33.8,0.59456175
1169.1,3875.2,-402.9,15.1,4.5304963,534.2,33.8,0.59425794
771.1,3890.6,-398,15.4,3.0000417,534.4,33.8,0.59410603
383.1,3906.1,-388,15.5,1.4964269,534.5,33.8,0.59403008
-10,3922.2,-393.1,16.1,-0.039222,534.5,33.8,0.59403008
-10,3924.4,0,2.2,-0.039244,534.5,33.8,0.59403008
-10,3926.2,0,1.8,-0.039262,534.5,33.8,0.59403008
-13,3928,-3,1.8,-0.051064,534.5,33.8,0.59403008
-9,3929.4,4,1.4,-0.0353646,534.5,33.8,0.59403008
-11,3930.8,-2,1.4,-0.0432388,534.5,33.8,0.59403008
-14,3932.2,-3,1.4,-0.0550508,534.5,33.8,0.59403008
-9,3933.2,5,1,-0.0353988,534.5,33.8,0.59403008
-12,3934.4,-3,1.2,-0.0472128,534.5,33.8,0.59403008
-11,3935.5,1,1.1,-0.0432905,534.5,33.8,0.59403008
-16,3936.6,-5,1.1,-0.0629856,534.5,33.8,0.59403008
1840.8,3870.3,1856.8,-66.3,7.1244482,535,33.8,0.59365031
1843.9,3867.7,3.1,-2.6,7.131652,535.5,33.8,0.59327055
1845.9,3865.8,2,-1.9,7.1358802,536,33.8,0.59289078
1843.9,3864.4,-2,-1.4,7.1255672,536.5,33.8,0.59251101
1845.9,3863,2,-1.4,7.1307117,537,33.8,0.59213125
1843.9,3861.8,-2,-1.2,7.120773,537.5,33.8,0.59175148
1843.9,3860.7,0,-1.1,7.1187447,538,33.8,0.59137172
1841.9,3859.8,-2,-0.9,7.1093656,538.5,33.8,0.59099195
1839.9,3858.9,-2,-0.9,7.0999901,539.1,33.8,0.59053623
1842.9,3857.9,3,-1,7.1097239,539.6,33.8,0.59015646
1845.9,3856.9,3,-1,7.1194517,540.1,33.8,0.5897767
1842,3856.3,-3.9,-0.6,7.1033046,540.6,33.8,0.58939693
1841.9,3855.5,-0.1,-0.8,7.1014455,541.1,33.8,0.58901717
1707.1,3859.7,-134.8,4.2,6.5888939,541.6,33.8,0.5886374
1571.9,3864.1,-135.2,4.4,6.0739788,542,33.8,0.58833359
1448,3868.4,-123.9,4.3,5.6014432,542.4,33.8,0.58802977
1305.9,3873.5,-142.1,5.1,5.0584036,542.8,33.8,0.58772596
1179.2,3878.2,-126.7,4.7,4.5731734,543.1,33.8,0.5874981
1178,3878.5,-1.2,0.3,4.568873,543.4,33.8,0.58727024
1176,3878.8,-2,0.3,4.5614688,543.8,33.8,0.58696643
1176,3878.9,0,0.1,4.5615864,544.1,33.8,0.58673857
1173,3879,-3,0.1,4.550067,544.4,33.8,0.58651071
1180,3878.8,7,-0.2,4.576984,544.7,33.8,0.58628285
1175,3879,-5,0.2,4.557825,545.1,33.8,0.58597904
1174.1,3879.1,-0.9,0.1,4.5544513,545.4,33.8,0.58575118
1173.9,3879.2,-0.2,0.1,4.5537929,545.7,33.8,0.58552332
1173,3879.2,-0.9,0,4.5503016,546,33.8,0.58529546
1331,3873.4,158,-5.8,5.1554954,546.4,33.8,0.58499165
1503,3866.9,172,-6.5,5.8119507,546.8,33.8,0.58468783
1667.9,3860.3,164.9,-6.6,6.4385944,547.3,33.8,0.58430807
1663,3859.7,-4.9,-0.6,6.4186811,547.8,33.8,0.5839283
1666.9,3858.9,3.9,-0.8,6.4324004,548.2,33.8,0.58362449
1666,3858.3,-0.9,-0.6,6.4279278,548.7,33.8,0.58324472
1657.9,3858,-8.1,-0.3,6.3961782,549.1,33.8,0.58294091
1664.9,3857.3,7,-0.7,6.4220188,549.6,33.8,0.58256114
1411,3866,-253.9,8.7,5.454926,550,33.8,0.58225733
1164.1,3875,-246.9,9,4.5108875,550.3,33.8,0.58202947
910,3884.6,-254.1,9.6,3.534986,550.6,33.8,0.58180161
666,3894.1,-244,9.5,2.5934706,550.8,33.8,0.5816497
417,3904.1,-249,10,1.6280097,550.9,33.8,0.58157375
418,3905.3,1,1.2,1.6324154,551,33.8,0.5814978
419.9,3906.3,1.9,1,1.6402554,551.1,33.8,0.58142184
421,3907.2,1.1,0.9,1.6449312,551.2,33.8,0.58134589
2999.9,3814.3,2578.9,-92.9,11.442519,552.1,33.8,0.58066231
2229.2,3838.4,-770.7,24.1,8.5565613,552.7,33.8,0.58020659
1025.1,3880.5,-1204.1,42.1,3.9779005,553,33.8,0.57997873
-181.9,3925.2,-1207,44.7,-0.71399388,552.9,33.8,0.58005469
-183.8,3927.9,-1.9,2.7,-0.72194802,552.9,33.8,0.58005469
-182.9,3929.8,0.9,1.9,-0.71876042,552.8,33.8,0.58013064
-176.8,3931.4,6.1,1.6,-0.69507152,552.8,33.8,0.58013064
-181.9,3933.1,-5.1,1.7,-0.71543089,552.7,33.8,0.58020659
-177.8,3934.4,4.1,1.3,-0.69953632,552.7,33.8,0.58020659
-182.9,3935.9,-5.1,1.5,-0.71987611,552.6,33.8,0.58028255
-181.8,3937.1,1.1,1.2,-0.71576478,552.6,33.8,0.58028255
-181.9,3938.2,-0.1,1.1,-0.71635858,552.5,33.8,0.5803585
-179.8,3939.3,2.1,1.1,-0.70828614,552.5,33.8,0.5803585
-177.9,3940.3,1.9,1,-0.70097937,552.4,33.8,0.58043445
-180.8,3941.4,-2.9,1.1,-0.71260512,552.4,33.8,0.58043445
-183.8,3942.5,-3,1.1,-0.7246315,552.3,33.8,0.58051041
-175.9,3943.1,7.9,0.6,-0.69359129,552.3,33.8,0.58051041
-176.8,3944,-0.9,0.9,-0.6972992,552.2,33.8,0.58058636
-181.9,3945,-5.1,1,-0.7175955,552.2,33.8,0.58058636
-180.8,3945.8,1.1,0.8,-0.71340064,552.1,33.8,0.58066231
-177.8,3946.5,3,0.7,-0.7016877,552.1,33.8,0.58066231
-278.8,3950.9,-101,4.4,-1.1015109,552,33.8,0.58073827
-369.7,3955.1,-90.9,4.2,-1.4622005,551.9,33.8,0.58081422
-467.8,3959.7,-98.1,4.6,-1.8523477,551.8,33.8,0.58089017
-559.9,3964.2,-92.1,4.5,-2.2195556,551.6,33.8,0.58104208
-565.8,3965.6,-5.9,1.4,-2.2437365,551.4,33.8,0.58119398
-558.9,3966.5,6.9,0.9,-2.2168768,551.3,33.8,0.58126994
-563.8,3967.7,-4.9,1.2,-2.2369893,551.1,33.8,0.58142184
-565.8,3968.8,-2,1.1,-2.245547,551,33.8,0.5814978
-565.9,3969.7,-0.1,0.9,-2.2464532,550.8,33.8,0.5816497
-561.8,3970.6,4.1,0.9,-2.2306831,550.7,33.8,0.58172566
-562.8,3971.5,-1,0.9,-2.2351602,550.5,33.8,0.58187756
-567.9,3972.5,-5.1,1,-2.2559827,550.3,33.8,0.58202947
-562.8,3973.2,5.1,0.7,-2.236117,550.2,33.8,0.58210542
-560.9,3973.9,1.9,0.7,-2.2289605,550,33.8,0.58225733
-563.8,3974.8,-2.9,0.9,-2.2409922,549.9,33.8,0.58233328
-563.9,3975.6,-0.1,0.8,-2.2418408,549.7,33.8,0.58248519
1004.8,3919.6,1568.7,-56,3.9384141,550,33.8,0.58225733
1008,3917.3,3.2,-2.3,3.9486384,550.3,33.8,0.58202947
1004,3915.9,-4,-1.4,3.9315636,550.6,33.8,0.58180161
1004,3914.7,0,-1.2,3.9303588,550.8,33.8,0.5816497
1007.1,3913.4,3.1,-1.3,3.9411851,551.1,33.8,0.58142184
1007.9,3912.4,0.8,-1,3.943308,551.4,33.8,0.58119398
1005.1,3911.6,-2.8,-0.8,3.9315492,551.7,33.8,0.58096612
1008,3910.7,2.9,-0.9,3.9419856,552,33.8,0.58073827
1006,3910,-2,-0.7,3.93346,552.2,33.8,0.58058636
1001,3909.4,-5,-0.6,3.9133094,552.5,33.8,0.5803585
1003.9,3908.6,2.9,-0.8,3.9238435,552.8,33.8,0.58013064
1005,3907.9,1.1,-0.7,3.9274395,553.1,33.8,0.57990278
1006,3907.3,1,-0.6,3.9307438,553.4,33.8,0.57967492
998.1,3906.9,-7.9,-0.4,3.8994769,553.6,33.8,0.57952301
1003.9,3906.1,5.8,-0.8,3.9213338,553.9,33.8,0.57929515
1008,3905.4,4.1,-0.7,3.9366432,554.2,33.8,0.57906729
1002,3905.1,-6,-0.3,3.9129102,554.5,33.8,0.57883943
430.1,3925.3,-571.9,20.2,1.6882715,554.6,33.8,0.57876348
435,3925.6,4.9,0.3,1.707636,554.7,33.8,0.57868753
431,3926.1,-4,0.5,1.6921491,554.8,33.8,0.57861158
432,3926.4,1,0.3,1.6962048,554.9,33.8,0.57853562
433.9,3926.5,1.9,0.1,1.7037083,555.1,33.8,0.57838372
1306.9,3895.1,873,-31.4,5.0905062,555.4,33.8,0.57815586
1311,3893.5,4.1,-1.6,5.1043785,555.8,33.8,0.57785204
1313,3892.3,2,-1.2,5.1105899,556.2,33.8,0.57754823
1310.9,3891.3,-2.1,-1,5.1011052,556.5,33.8,0.57732037
1311,3890.4,0.1,-0.9,5.1003144,556.9,33.8,0.57701656
1314.8,3889.4,3.8,-1,5.1137831,557.3,33.8,0.57671274
1313,3888.7,-1.8,-0.7,5.1058631,557.6,33.8,0.57648489
1310.9,3888.1,-2.1,-0.6,5.0969103,558,33.8,0.57618107
1306,3887.5,-4.9,-0.6,5.077075,558.3,33.8,0.57595321
1315.9,3886.5,9.9,-1,5.1142454,558.7,33.8,0.5756494
1313,3885.9,-2.9,-0.6,5.1021867,559.1,33.8,0.57534559
1357,3883.7,44,-2.2,5.2701809,559.5,33.8,0.57504177
1405,3881.3,48,-2.4,5.4532265,559.8,33.8,0.57481391
1454,3878.8,49,-2.5,5.6397752,560.2,33.8,0.5745101
1502.9,3876.2,48.9,-2.6,5.825541,560.7,33.8,0.57413034
1546,3873.8,43.1,-2.4,5.9888948,561.1,33.8,0.57382652
1542.9,3873.1,-3.1,-0.7,5.975806,561.5,33.8,0.57352271
1549,3872,6.1,-1.1,5.997728,562,33.8,0.57314294
532,3908.2,-1017,36.2,2.0791624,562.1,33.8,0.57306699
530.1,3909.4,-1.9,1.2,2.0723729,562.2,33.8,0.57299104
539.9,3909.8,9.8,0.4,2.110901,562.4,33.8,0.57283913
535,3910.5,-4.9,0.7,2.0921175,562.5,33.8,0.57276318
533,3911.1,-2,0.6,2.0846163,562.7,33.8,0.57261127
535,3911.4,2,0.3,2.092599,562.8,33.8,0.57253532
537.9,3911.7,2.9,0.3,2.1041034,563,33.8,0.57238341
532,3912.3,-5.9,0.6,2.0813436,563.1,33.8,0.57230746
531.9,3912.6,-0.1,0.3,2.0811119,563.3,33.8,0.57215555
530,3912.9,-1.9,0.3,2.073837,563.4,33.8,0.5720796
532.9,3913.1,2.9,0.2,2.085291,563.6,33.8,0.57192769
534,3913.3,1.1,0.2,2.0897022,563.7,33.8,0.57185174
1522.8,3877.6,988.8,-35.7,5.9048093,564.2,33.8,0.57147197
2520.9,3839.8,998.1,-37.8,9.6797518,564.9,33.8,0.5709403
2515,3837,-5.9,-2.8,9.650055,565.6,33.8,0.57040863
2519,3834.3,4,-2.7,9.6586017,566.3,33.8,0.56987696
2510.9,3832.5,-8.1,-1.8,9.6230243,566.9,33.8,0.56942124
2515,3830.3,4.1,-2.2,9.6332045,567.6,33.8,0.56888956
2515.9,3828.5,0.9,-1.8,9.6321231,568.3,33.8,0.56835789
2517,3826.7,1.1,-1.8,9.6318039,569,33.8,0.56782622
2515,3825.2,-2,-1.5,9.620378,569.7,33.8,0.56729455
2513,3823.6,-2,-1.6,9.6087068,570.4,33.8,0.56676287
2511.9,3822.2,-1.1,-1.4,9.6009842,571.1,33.8,0.5662312
2517,3820.6,5.1,-1.6,9.6164502,571.8,33.8,0.56569953
2514,3819.3,-3,-1.3,9.6017202,572.5,33.8,0.56516786
2512.9,3818.1,-1.1,-1.2,9.5945035,573.2,33.8,0.56463618
2513,3816.8,0.1,-1.3,9.5916184,573.9,33.8,0.56410451
2515,3815.4,2,-1.4,9.595731,574.6,33.8,0.56357284
2512.1,3814.3,-2.9,-1.1,9.581903,575.3,33.8,0.56304117
2516,3813,3.9,-1.3,9.593508,576,33.8,0.56250949
2510.2,3812.1,-5.8,-0.9,9.5691334,576.7,33.8,0.56197782
2515,3810.8,4.8,-1.3,9.584162,577.4,33.8,0.56144615
1670,3840.5,-845,29.7,6.413635,577.9,33.8,0.56106638
1409,3850.5,-261,10,5.4253545,578.3,33.8,0.56076257
1144.1,3860.8,-264.9,10.3,4.4171413,578.6,33.8,0.56053471
874.1,3871.5,-270,10.7,3.3840782,578.8,33.8,0.5603828
613,3882.1,-261.1,10.6,2.3797273,579,33.8,0.5602309
611,3883.6,-2,1.5,2.3728796,579.2,33.8,0.56007899
605,3885,-6,1.4,2.350425,579.3,33.8,0.56000304
618,3885.5,13,0.5,2.401239,579.5,33.8,0.55985113
607.1,3886.8,-10.9,1.3,2.3596763,579.7,33.8,0.55969923
614.1,3887.4,7,0.6,2.3872523,579.9,33.8,0.55954732
595,3888.8,-19.1,1.4,2.313836,580,33.8,0.55947137
592,3889.6,-3,0.8,2.3026432,580.2,33.8,0.55931946
575,3890.9,-17,1.3,2.2372675,580.3,33.8,0.55924351
561,3892.1,-14,1.2,2.1834681,580.5,33.8,0.5590916
554,3893,-7,0.9,2.156722,580.7,33.8,0.55893969
557.9,3893.5,3.9,0.5,2.1721836,580.8,33.8,0.55886374
561,3893.9,3.1,0.4,2.1844779,581,33.8,0.55871183
559,3894.5,-2,0.6,2.1770255,581.1,33.8,0.55863588
558,3895.1,-1,0.6,2.1734658,581.3,33.8,0.55848397
559,3895.5,1,0.4,2.1775845,581.4,33.8,0.55840802
559.9,3895.9,0.9,0.4,2.1813144,581.6,33.8,0.55825611
562,3896.3,2.1,0.4,2.1897206,581.7,33.8,0.55818016
561.1,3896.7,-0.9,0.4,2.1864384,581.9,33.8,0.55802825
557.2,3897.2,-3.9,0.5,2.1715198,582.1,33.8,0.55787635
699.9,3892.4,142.7,-4.8,2.7242908,582.3,33.8,0.55772444
848,3887.2,148.1,-5.2,3.2963456,582.5,33.8,0.55757254
1000.9,3881.5,152.9,-5.7,3.8849933,582.8,33.8,0.55734468
1136.1,3876.2,135.2,-5.3,4.4037508,583.1,33.8,0.55711682
1281,3870.4,144.9,-5.8,4.9579824,583.4,33.8,0.55688896
1280.9,3869.8,-0.1,-0.6,4.9568268,583.8,33.8,0.55658514
2714,3817.2,1433.1,-52.6,10.359881,584.5,33.8,0.55605347
2720.9,3813.8,6.9,-3.4,10.376968,585.3,33.8,0.55544585
2717,3811.4,-3.9,-2.4,10.355574,586.1,33.8,0.55483822
2712,3809.4,-5,-2,10.331093,586.8,33.8,0.55430655
2707,3807.6,-5,-1.8,10.307173,587.6,33.8,0.55369892
2137,3826.5,-570,18.9,8.1772305,588.2,33.8,0.5532432
1562,3846.7,-575,20.2,6.0085454,588.6,33.8,0.55293939
982.1,3868,-579.9,21.3,3.7987628,588.9,33.8,0.55271153
408,3889.9,-574.1,21.9,1.5870792,589,33.8,0.55263558
407,3891.6,-1,1.7,1.5838812,589.1,33.8,0.55255962
404.9,3893,-2.1,1.4,1.5762757,589.2,33.8,0.55248367
404.9,3894.2,0,1.2,1.5767616,589.3,33.8,0.55240772
1876.9,3841.6,1472,-52.6,7.210299,589.8,33.8,0.55202795
1875.8,3839.9,-1.1,-1.7,7.2028844,590.4,33.8,0.55157223
1870.9,3838.8,-4.9,-1.1,7.1820109,590.9,33.8,0.55119247
1882.9,3837.3,12,-1.5,7.2252522,591.4,33.8,0.5508127
1880,3836.4,-2.9,-0.9,7.212432,591.9,33.8,0.55043293
1610.9,3845.3,-269.1,8.9,6.1943938,592.4,33.8,0.55005317
1342.1,3854.7,-268.8,9.4,5.1733929,592.7,33.8,0.54982531
1071.1,3864.7,-271,10,4.1394802,593,33.8,0.54959745
804,3874.9,-267.1,10.2,3.1154196,593.3,33.8,0.54936959
799,3875.9,-5,1,3.0968441,593.5,33.8,0.54921768
803.9,3876.3,4.9,0.4,3.1161576,593.7,33.8,0.54906578
812.1,3876.5,8.2,0.2,3.1481057,593.9,33.8,0.54891387
802,3877.3,-10.1,0.8,3.1095946,594.2,33.8,0.54868601
373.1,3893.3,-428.9,16,1.4525902,594.3,33.8,0.54861006
-67,3910.5,-440.1,17.2,-0.2620035,594.2,33.8,0.54868601
-497.9,3927.9,-430.9,17.4,-1.9557014,594.1,33.8,0.54876196
-923.8,3945.7,-425.9,17.8,-3.6450377,593.8,33.8,0.54898982
-1358.8,3964.2,-435,18.5,-5.386555,593.5,33.8,0.54921768
-1365.9,3967.6,-7.1,3.4,-5.4193448,593.1,33.8,0.54952149
-1363.9,3970.3,2,2.7,-5.4150922,592.7,33.8,0.54982531
-1361.8,3972.8,2.1,2.5,-5.410159,592.3,33.8,0.55012912
-1365.9,3975.3,-4.1,2.5,-5.4298623,592,33.8,0.55035698
-1363.9,3977.5,2,2.2,-5.4249122,591.6,33.8,0.55066079
-1364.9,3979.7,-1,2.2,-5.4318925,591.2,33.8,0.55096461
-1361.8,3981.6,3.1,1.9,-5.4221429,590.8,33.8,0.55126842
-690.9,3959.2,670.9,-22.4,-2.7354113,590.6,33.8,0.55142033
-17,3935.4,673.9,-23.8,-0.0669018,590.6,33.8,0.55142033
657,3910.5,674,-24.9,2.5691985,590.8,33.8,0.55126842
1326.8,3884.9,669.8,-25.6,5.1544853,591.2,33.8,0.55096461
1993.9,3858.7,667.1,-26.2,7.6938619,591.7,33.8,0.55058484
1996.8,3855.7,2.9,-3,7.6990618,592.3,33.8,0.55012912
1996.9,3853.3,0.1,-2.4,7.6946548,592.8,33.8,0.54974935
1998.9,3851.2,2,-2.1,7.6981637,593.4,33.8,0.54929364
1995.9,3849.4,-3,-1.8,7.6830175,593.9,33.8,0.54891387
1991.9,3847.8,-4,-1.6,7.6644328,594.5,33.8,0.54845815
1999.9,3845.9,8,-1.9,7.6914154,595.1,33.8,0.54800243
1997.8,3844.4,-2.1,-1.5,7.6803423,595.6,33.8,0.54762266
2001.9,3842.8,4.1,-1.6,7.6929013,596.2,33.8,0.54716695
1999.9,3841.5,-2,-1.3,7.6826158,596.7,33.8,0.54678718
2000.9,3840.1,1,-1.4,7.6836561,597.3,33.8,0.54633146
1996.9,3839,-4,-1.1,7.6660991,597.8,33.8,0.54595169
1999.9,3837.7,3,-1.3,7.6750162,598.4,33.8,0.54549597
1997.9,3836.6,-2,-1.1,7.6651431,598.9,33.8,0.54511621
1995,3835.6,-2.9,-1,7.652022,599.5,33.8,0.54466049
1996.9,3834.5,1.9,-1.1,7.657113,600,33.8,0.54428072
1422,3854.3,-574.9,19.8,5.4808146,600.4,33.8,0.54397691
1415,3854.5,-7,0.2,5.4541175,600.8,33.8,0.5436731
1418,3854.3,3,-0.2,5.4653974,601.2,33.8,0.54336928
1418,3854.1,0,-0.2,5.4651138,601.6,33.8,0.54306547
1415.9,3853.9,-2.1,-0.2,5.456737,602,33.8,0.54276166
1412.1,3853.7,-3.8,-0.2,5.4418098,602.4,33.8,0.54245785
1414.9,3853.3,2.8,-0.4,5.4520342,602.8,33.8,0.54215403
1419,3852.9,4.1,-0.4,5.4672651,603.2,33.8,0.54185022
1419.9,3852.5,0.9,-0.4,5.4701647,603.6,33.8,0.54154641
1409,3852.6,-10.9,0.1,5.4283134,604,33.8,0.54124259
1415.9,3852,6.9,-0.6,5.4540468,604.4,33.8,0.54093878
1416,3851.7,0.1,-0.3,5.4540072,604.8,33.8,0.54063497
1415.9,3851.4,-0.1,-0.3,5.4531973,605.2,33.8,0.54033116
1424,3850.8,8.1,-0.6,5.4835392,605.6,33.8,0.54002734
1417.9,3850.7,-6.1,-0.1,5.4599075,606,33.8,0.53972353
1418,3850.4,0.1,-0.3,5.4598672,606.3,33.8,0.53949567
2799,3799.9,1381,-50.5,10.63592,607.1,33.8,0.53888804
2802.1,3797.1,3.1,-2.8,10.639854,607.9,33.8,0.53828042
2802.1,3794.9,0,-2.2,10.633689,608.7,33.8,0.53767279
2799,3793.1,-3.1,-1.8,10.616887,609.5,33.8,0.53706517
2796.1,3791.4,-2.9,-1.7,10.601134,610.2,33.8,0.5365335
2802,3789.5,5.9,-1.9,10.618179,611,33.8,0.53592587
2805.1,3787.9,3.1,-1.6,10.625438,611.8,33.8,0.53531824
2799,3786.6,-6.1,-1.3,10.598693,612.6,33.8,0.53471062
2940.1,3780.1,141.1,-6.5,11.113872,613.4,33.8,0.53410299
2938.1,3778.5,-2,-1.6,11.101611,614.2,33.8,0.53349537
2945,3776.8,6.9,-1.7,11.122676,615,33.8,0.53288774
2941.1,3775.5,-3.9,-1.3,11.104123,615.8,33.8,0.53228012
2933,3774.4,-8.1,-1.1,11.070315,616.7,33.8,0.53159654
2945,3772.6,12,-1.8,11.110307,617.5,33.8,0.53098891
2940.1,3771.5,-4.9,-1.1,11.088587,618.3,33.8,0.53038129
2939,3770.2,-1.1,-1.3,11.080618,619.1,33.8,0.52977366
2669.1,3778.9,-269.9,8.7,10.086262,619.8,33.8,0.52924199
2407.1,3787.7,-262,8.8,9.1173727,620.5,33.8,0.52871031
2130.9,3797.4,-276.2,9.7,8.0918797,621.1,33.8,0.5282546
1863.1,3807.2,-267.8,9.8,7.0931943,621.6,33.8,0.52787483
1599.9,3817.1,-263.2,9.9,6.1069783,622.1,33.8,0.52749506
1325,3827.7,-274.9,10.6,5.0717025,622.4,33.8,0.5272672
1062.1,3838.2,-262.9,10.5,4.0765522,622.7,33.8,0.52703934
1063,3839.4,0.9,1.2,4.0812822,623,33.8,0.52681148
1057,3840.5,-6,1.1,4.0594085,623.3,33.8,0.52658362
1061,3841.1,4,0.6,4.0754071,623.6,33.8,0.52635576
913.9,3847.2,-147.1,6.1,3.5159561,623.9,33.8,0.52612791
759,3853.8,-154.9,6.6,2.9250342,624.1,33.8,0.525976
615.1,3860.1,-143.9,6.3,2.3743475,624.2,33.8,0.52590005
475,3866.4,-140.1,6.3,1.83654,624.4,33.8,0.52574814
322.1,3873.2,-152.9,6.8,1.2475577,624.5,33.8,0.52567219
178,3879.8,-144.1,6.6,0.6906044,624.5,33.8,0.52567219
28,3886.8,-150,7,0.1088304,624.5,33.8,0.52567219
23,3888.6,-5,1.8,0.0894378,624.5,33.8,0.52567219
25,3890,2,1.4,0.09725,624.5,33.8,0.52567219
27,3891.3,2,1.3,0.1050651,624.5,33.8,0.52567219
25,3892.6,-2,1.3,0.097315,624.6,33.8,0.52559623
24,3893.9,-1,1.3,0.0934536,624.6,33.8,0.52559623
30,3894.8,6,0.9,0.116844,624.6,33.8,0.52559623
32,3895.8,2,1,0.1246656,624.6,33.8,0.52559623
26,3897.1,-6,1.3,0.1013246,624.6,33.8,0.52559623
27,3898,1,0.9,0.105246,624.6,33.8,0.52559623
25,3899.1,-2,1.1,0.0974775,624.6,33.8,0.52559623
27,3899.9,2,0.8,0.1052973,624.6,33.8,0.52559623
26,3900.8,-1,0.9,0.1014208,624.6,33.8,0.52559623
24,3901.7,-2,0.9,0.0936408,624.6,33.8,0.52559623
29,3902.4,5,0.7,0.1131696,624.6,33.8,0.52559623
28,3903.2,-1,0.8,0.1092896,624.6,33.8,0.52559623
27,3904,-1,0.8,0.105408,624.6,33.8,0.52559623
22,3904.9,-5,0.9,0.0859078,624.7,33.8,0.52552028
26,3905.5,4,0.6,0.101543,624.7,33.8,0.52552028
21,3906.4,-5,0.9,0.0820344,624.7,33.8,0.52552028
28,3906.8,7,0.4,0.1093904,624.7,33.8,0.52552028
26,3907.5,-2,0.7,0.101595,624.7,33.8,0.52552028
30,3908.1,4,0.6,0.117243,624.7,33.8,0.52552028
26,3908.8,-4,0.7,0.1016288,624.7,33.8,0.52552028
24,3909.4,-2,0.6,0.0938256,624.7,33.8,0.52552028
28,3909.9,4,0.5,0.1094772,624.7,33.8,0.52552028
21,3910.7,-7,0.8,0.0821247,624.7,33.8,0.52552028
23,3911.2,2,0.5,0.0899576,624.7,33.8,0.52552028
27,3911.6,4,0.4,0.1056132,624.7,33.8,0.52552028
26,3912.1,-1,0.5,0.1017146,624.7,33.8,0.52552028
31,3912.5,5,0.4,0.1212875,624.7,33.8,0.52552028
33,3912.9,2,0.4,0.1291257,624.8,33.8,0.52544433
25,3913.6,-8,0.7,0.09784,624.8,33.8,0.52544433
30,3913.8,5,0.2,0.117414,624.8,33.8,0.52544433
26,3914.5,-4,0.7,0.101777,624.8,33.8,0.52544433
27,3914.9,1,0.4,0.1057023,624.8,33.8,0.52544433
30,3915.2,3,0.3,0.117456,624.8,33.8,0.52544433
25,3915.8,-5,0.6,0.097895,624.8,33.8,0.52544433
23,3916.3,-2,0.5,0.0900749,624.8,33.8,0.52544433
27,3916.6,4,0.3,0.1057482,624.8,33.8,0.52544433
27,3916.9,0,0.3,0.1057563,624.8,33.8,0.52544433
31,3917.2,4,0.3,0.1214332,624.8,33.8,0.52544433
27,3917.7,-4,0.5,0.1057779,624.8,33.8,0.52544433
26,3918.1,-1,0.4,0.1018706,624.8,33.8,0.52544433
23,3918.5,-3,0.4,0.0901255,624.9,33.8,0.52536837
26,3918.8,3,0.3,0.1018888,624.9,33.8,0.52536837
27,3919.1,1,0.3,0.1058157,624.9,33.8,0.52536837
23,3919.5,-4,0.4,0.0901485,624.9,33.8,0.52536837
27,3919.7,4,0.2,0.1058319,624.9,33.8,0.52536837
26,3920.1,-1,0.4,0.1019226,624.9,33.8,0.52536837
25,3920.4,-1,0.3,0.09801,624.9,33.8,0.52536837
29,3920.6,4,0.2,0.1136974,624.9,33.8,0.52536837
28,3920.9,-1,0.3,0.1097852,624.9,33.8,0.52536837
24,3921.4,-4,0.5,0.0941136,624.9,33.8,0.52536837
27,3921.5,3,0.1,0.1058805,624.9,33.8,0.52536837
28,3921.8,1,0.3,0.1098104,624.9,33.8,0.52536837
27,3922.1,-1,0.3,0.1058967,624.9,33.8,0.52536837
22,3922.5,-5,0.4,0.086295,624.9,33.8,0.52536837
27,3922.6,5,0.1,0.1059102,625,33.8,0.52529242
26,3922.9,-1,0.3,0.1019954,625,33.8,0.52529242
24,3923.2,-2,0.3,0.0941568,625,33.8,0.52529242
30,3923.3,6,0.1,0.117699,625,33.8,0.52529242
25,3923.6,-5,0.3,0.09809,625,33.8,0.52529242
28,3923.8,3,0.2,0.1098664,625,33.8,0.52529242
25,3924.1,-3,0.3,0.0981025,625,33.8,0.52529242
30,3924.1,5,0,0.117723,625,33.8,0.52529242
28,3924.4,-2,0.3,0.1098832,625,33.8,0.52529242
28,3924.6,0,0.2,0.1098888,625,33.8,0.52529242
29,3924.8,1,0.2,0.1138192,625,33.8,0.52529242
26,3925.2,-3,0.4,0.1020552,625,33.8,0.52529242
31,3925.2,5,0,0.1216812,625,33.8,0.52529242
23,3925.6,-8,0.4,0.0902888,625.1,33.8,0.52521647
26,3925.7,3,0.1,0.1020682,625.1,33.8,0.52521647
28,3925.8,2,0.1,0.1099224,625.1,33.8,0.52521647
26,3926.1,-2,0.3,0.1020786,625.1,33.8,0.52521647
23,3926.4,-3,0.3,0.0903072,625.1,33.8,0.52521647
28,3926.4,5,0,0.1099392,625.1,33.8,0.52521647
32,3926.4,4,0,0.1256448,625.1,33.8,0.52521647
31,3926.6,-1,0.2,0.1217246,625.1,33.8,0.52521647
25,3927,-6,0.4,0.098175,625.1,33.8,0.52521647
30,3927,5,0,0.11781,625.1,33.8,0.52521647
26,3927.3,-4,0.3,0.1021098,625.1,33.8,0.52521647
33,3927.3,7,0,0.1296009,625.1,33.8,0.52521647
40,3927.2,7,-0.1,0.157088,625.1,33.8,0.52521647
39,3927.3,-1,0.1,0.1531647,625.2,33.8,0.52514051
38,3927.5,-1,0.2,0.149245,625.2,33.8,0.52514051
48,3927.3,10,-0.2,0.1885104,625.2,33.8,0.52514051
44,3927.6,-4,0.3,0.1728144,625.2,33.8,0.52514051
44,3927.6,0,0,0.1728144,625.2,33.8,0.52514051
48,3927.7,4,0.1,0.1885296,625.2,33.8,0.52514051
45,3927.9,-3,0.2,0.1767555,625.2,33.8,0.52514051
44,3928,-1,0.1,0.172832,625.2,33.8,0.52514051
41,3928.3,-3,0.3,0.1610603,625.3,33.8,0.52506456
50,3928.1,9,-0.2,0.196405,625.3,33.8,0.52506456
45,3928.4,-5,0.3,0.176778,625.3,33.8,0.52506456
46,3928.4,1,0,0.1807064,625.3,33.8,0.52506456
45,3928.6,-1,0.2,0.176787,625.3,33.8,0.52506456
41,3928.9,-4,0.3,0.1610849,625.3,33.8,0.52506456
42,3929,1,0.1,0.165018,625.3,33.8,0.52506456
42,3929,0,0,0.165018,625.3,33.8,0.52506456
41,3929.2,-1,0.2,0.1610972,625.4,33.8,0.52498861
46,3929.1,5,-0.1,0.1807386,625.4,33.8,0.52498861
41,3929.4,-5,0.3,0.1611054,625.4,33.8,0.52498861
47,3929.3,6,-0.1,0.1846771,625.4,33.8,0.52498861
46,3929.5,-1,0.2,0.180757,625.4,33.8,0.52498861
47,3929.5,1,0,0.1846865,625.4,33.8,0.52498861
44,3929.8,-3,0.3,0.1729112,625.4,33.8,0.52498861
49,3929.7,5,-0.1,0.1925553,625.4,33.8,0.52498861
45,3929.9,-4,0.2,0.1768455,625.5,33.8,0.52491265
45,3930,0,0.1,0.17685,625.5,33.8,0.52491265
49,3930,4,0,0.19257,625.5,33.8,0.52491265
49,3930.1,0,0.1,0.1925749,625.5,33.8,0.52491265
41,3930.4,-8,0.3,0.1611464,625.5,33.8,0.52491265
47,3930.3,6,-0.1,0.1847241,625.5,33.8,0.52491265
46,3930.5,-1,0.2,0.180803,625.5,33.8,0.52491265
43,3930.6,-3,0.1,0.1690158,625.5,33.8,0.52491265
46,3930.6,3,0,0.1808076,625.6,33.8,0.5248367
50,3930.6,4,0,0.19653,625.6,33.8,0.5248367
44,3930.9,-6,0.3,0.1729596,625.6,33.8,0.5248367
43,3931,-1,0.1,0.169033,625.6,33.8,0.5248367
39,3931.2,-4,0.2,0.1533168,625.6,33.8,0.5248367
47,3931,8,-0.2,0.184757,625.6,33.8,0.5248367
43,3931.3,-4,0.3,0.1690459,625.6,33.8,0.5248367
46,3931.2,3,-0.1,0.1808352,625.6,33.8,0.5248367
51,3931.1,5,-0.1,0.2004861,625.7,33.8,0.52476075
46,3931.4,-5,0.3,0.1808444,625.7,33.8,0.52476075
47,3931.5,1,0.1,0.1847805,625.7,33.8,0.52476075
50,3931.4,3,-0.1,0.19657,625.7,33.8,0.52476075
42,3931.7,-8,0.3,0.1651314,625.7,33.8,0.52476075
42,3931.8,0,0.1,0.1651356,625.7,33.8,0.52476075
43,3931.9,1,0.1,0.1690717,625.7,33.7,0.52476075
46,3931.9,3,0,0.1808674,625.7,33.7,0.52476075
46,3931.9,0,0,0.1808674,625.8,33.7,0.52468479
44,3932.1,-2,0.2,0.1730124,625.8,33.7,0.52468479
39,3932.3,-5,0.2,0.1533597,625.8,33.7,0.52468479
47,3932.1,8,-0.2,0.1848087,625.8,33.7,0.52468479
48,3932.2,1,0.1,0.1887456,625.8,33.7,0.52468479
46,3932.3,-2,0.1,0.1808858,625.8,33.7,0.52468479
48,3932.3,2,0,0.1887504,625.8,33.7,0.52468479
43,3932.5,-5,0.2,0.1690975,625.8,33.7,0.52468479
47,3932.5,4,0,0.1848275,625.9,33.7,0.52460884
46,3932.6,-1,0.1,0.1808996,625.9,33.7,0.52460884
44,3932.7,-2,0.1,0.1730388,625.9,33.7,0.52460884
48,3932.7,4,0,0.1887696,625.9,33.7,0.52460884
42,3932.9,-6,0.2,0.1651818,625.9,33.7,0.52460884
45,3932.9,3,0,0.1769805,625.9,33.7,0.52460884
42,3933.1,-3,0.2,0.1651902,625.9,33.7,0.52460884
44,3933.1,2,0,0.1730564,625.9,33.7,0.52460884
44,3933.1,0,0,0.1730564,626,33.7,0.52453289
48,3933,4,-0.1,0.188784,626,33.7,0.52453289
41,3933.3,-7,0.3,0.1612653,626,33.7,0.52453289
49,3933.1,8,-0.2,0.1927219,626,33.7,0.52453289
39,3933.5,-10,0.4,0.1534065,626,33.7,0.52453289
40,3933.6,1,0.1,0.157344,626,33.7,0.52453289
44,3933.5,4,-0.1,0.173074,626,33.7,0.52453289
44,3933.6,0,0.1,0.1730784,626,33.7,0.52453289
40,3933.8,-4,0.2,0.157352,626.1,33.7,0.52445693
46,3933.6,6,-0.2,0.1809456,626.1,33.7,0.52445693
45,3933.7,-1,0.1,0.1770165,626.1,33.7,0.52445693
44,3933.8,-1,0.1,0.1730872,626.1,33.7,0.52445693
42,3933.9,-2,0.1,0.1652238,626.1,33.7,0.52445693
44,3933.9,2,0,0.1730916,626.1,33.7,0.52445693
46,3933.9,2,0,0.1809594,626.1,33.7,0.52445693
43,3934,-3,0.1,0.169162,626.1,33.7,0.52445693
45,3934,2,0,0.17703,626.2,33.7,0.52438098
43,3934.1,-2,0.1,0.1691663,626.2,33.7,0.52438098
48,3934,5,-0.1,0.188832,626.2,33.7,0.52438098
45,3934.2,-3,0.2,0.177039,626.2,33.7,0.52438098
44,3934.3,-1,0.1,0.1731092,626.2,33.7,0.52438098
45,3934.3,1,0,0.1770435,626.2,33.7,0.52438098
41,3934.5,-4,0.2,0.1613145,626.2,33.7,0.52438098
41,3934.6,0,0.1,0.1613186,626.2,33.7,0.52438098
41,3934.6,0,0,0.1613186,626.2,33.7,0.52438098
49,3934.3,8,-0.3,0.1927807,626.3,33.7,0.52430503
45,3934.6,-4,0.3,0.177057,626.3,33.7,0.52430503
49,3934.5,4,-0.1,0.1927905,626.3,33.7,0.52430503
48,3934.6,-1,0.1,0.1888608,626.3,33.7,0.52430503
46,3934.6,-2,0,0.1809916,626.3,33.7,0.52430503
42,3934.8,-4,0.2,0.1652616,626.3,33.7,0.52430503
48,3934.7,6,-0.1,0.1888656,626.3,33.7,0.52430503
43,3934.9,-5,0.2,0.1692007,626.4,33.7,0.52422907
46,3934.9,3,0,0.1810054,626.4,33.7,0.52422907
45,3934.9,-1,0,0.1770705,626.4,33.7,0.52422907
47,3934.9,2,0,0.1849403,626.4,33.7,0.52422907
44,3935,-3,0.1,0.17314,626.4,33.7,0.52422907
43,3935.1,-1,0.1,0.1692093,626.4,33.7,0.52422907
49,3935,6,-0.1,0.192815,626.4,33.7,0.52422907
46,3935.1,-3,0.1,0.1810146,626.4,33.7,0.52422907
39,3935.4,-7,0.3,0.1534806,626.5,33.7,0.52415312
42,3935.3,3,-0.1,0.1652826,626.5,33.7,0.52415312
47,3935.2,5,-0.1,0.1849544,626.5,33.7,0.52415312
45,3935.3,-2,0.1,0.1770885,626.5,33.7,0.52415312
48,3935.3,3,0,0.1888944,626.5,33.7,0.52415312
43,3935.5,-5,0.2,0.1692265,626.5,33.7,0.52415312
44,3935.5,1,0,0.173162,626.5,33.7,0.52415312
41,3935.6,-3,0.1,0.1613596,626.5,33.7,0.52415312
46,3935.5,5,-0.1,0.181033,626.6,33.7,0.52407717
44,3935.6,-2,0.1,0.1731664,626.6,33.7,0.52407717
46,3935.6,2,0,0.1810376,626.6,33.7,0.52407717
43,3935.7,-3,0.1,0.1692351,626.6,33.7,0.52407717
47,3935.6,4,-0.1,0.1849732,626.6,33.7,0.52407717
42,3935.8,-5,0.2,0.1653036,626.6,33.7,0.52407717
46,3935.7,4,-0.1,0.1810422,626.6,33.7,0.52407717
42,3935.9,-4,0.2,0.1653078,626.6,33.7,0.52407717
41,3936,-1,0.1,0.161376,626.6,33.7,0.52407717
40,3936.1,-1,0.1,0.157444,626.7,33.7,0.52400122
43,3936,3,-0.1,0.169248,626.7,33.7,0.52400122
45,3936,2,0,0.17712,626.7,33.7,0.52400122
41,3936.1,-4,0.1,0.1613801,626.7,33.7,0.52400122
44,3936.1,3,0,0.1731884,626.7,33.7,0.52400122
48,3936,4,-0.1,0.188928,626.7,33.7,0.52400122
43,3936.2,-5,0.2,0.1692566,626.7,33.7,0.52400122
185.1,3931.1,142.1,-5.1,0.72764661,626.8,33.7,0.52392526
324.9,3925.8,139.8,-5.3,1.2754924,626.9,33.7,0.52384931
475,3919.9,150.1,-5.9,1.8619525,627,33.7,0.52377336
609.9,3914.4,134.9,-5.5,2.3873926,627.2,33.7,0.52362145
754.9,3908.4,145,-6,2.9504512,627.4,33.7,0.52346954
896,3902.4,141.1,-6,3.4965504,627.6,33.7,0.52331764
896,3901.3,0,-1.1,3.4955648,627.9,33.7,0.52308978
896,3900.4,0,-0.9,3.4947584,628.1,33.7,0.52293787
895,3899.5,-1,-0.9,3.4900525,628.4,33.7,0.52271001
895,3898.7,0,-0.8,3.4893365,628.6,33.7,0.5225581
895.1,3898,0.1,-0.7,3.4890998,628.9,33.7,0.52233024
889,3897.5,-6.1,-0.5,3.4648775,629.1,33.7,0.52217834
1061.9,3890.5,172.9,-7,4.131322,629.4,33.7,0.52195048
1236.9,3883.3,175,-7.2,4.8032538,629.8,33.7,0.52164667
1407,3875.9,170.1,-7.4,5.4533913,630.2,33.7,0.52134285
1576.9,3868.3,169.9,-7.6,6.0999223,630.6,33.7,0.52103904
1742.9,3860.7,166,-7.6,6.728814,631.1,33.7,0.52065927
1921.9,3852.5,179,-8.2,7.4041197,631.6,33.7,0.52027951
1918.9,3850.9,-3,-1.6,7.389492,632.1,33.7,0.51989974
1915,3849.3,-3.9,-1.6,7.3714095,632.7,33.7,0.51944402
1918.8,3847.5,3.8,-1.8,7.382583,633.2,33.7,0.51906426
1916.9,3846.1,-1.9,-1.4,7.3725891,633.7,33.7,0.51868449
1915.8,3844.8,-1.1,-1.3,7.3658678,634.3,33.7,0.51822877
1917.9,3843.3,2.1,-1.5,7.3710651,634.8,33.7,0.51784901
1917.8,3842,-0.1,-1.3,7.3681876,635.3,33.7,0.51746924
1093.1,3870.7,-824.7,28.7,4.2310622,635.6,33.7,0.51724138
1094,3870.9,0.9,0.2,4.2347646,635.9,33.7,0.51701352
1097,3870.8,3,-0.1,4.2462676,636.3,33.7,0.51670971
1094.1,3870.7,-2.9,-0.1,4.2349329,636.6,33.7,0.51648185
1092,3870.5,-2.1,-0.2,4.226586,636.9,33.7,0.51625399
1089.1,3870.4,-2.9,-0.1,4.2152526,637.2,33.7,0.51602613
1092.1,3870,3,-0.4,4.226427,637.5,33.7,0.51579827
1095,3869.7,2.9,-0.3,4.2373215,637.8,33.7,0.51557041
1094.1,3869.3,-0.9,-0.4,4.2334011,638.1,33.7,0.51534255
1092.1,3869.1,-2,-0.2,4.2254441,638.4,33.7,0.51511469
1091.1,3868.8,-1,-0.3,4.2212477,638.7,33.7,0.51488683
1093,3868.5,1.9,-0.3,4.2282705,639,33.7,0.51465897
1092.1,3868.2,-0.9,-0.3,4.2244612,639.3,33.7,0.51443111
1088,3868,-4.1,-0.2,4.208384,639.6,33.7,0.51420325
1094,3867.5,6,-0.5,4.231045,639.9,33.7,0.51397539
1094,3867.2,0,-0.3,4.2307168,640.2,33.7,0.51374753
1094.1,3866.9,0.1,-0.3,4.2307753,640.5,33.7,0.51351967
1093,3866.6,-1.1,-0.3,4.2261938,640.8,33.7,0.51329181
1090.1,3866.4,-2.9,-0.2,4.2147626,641.1,33.7,0.51306395
1342,3856.9,251.9,-9.5,5.1759598,641.5,33.7,0.51276014
1599.9,3846.8,257.9,-10.1,6.1544953,641.9,33.7,0.51245633
1848.9,3836.6,249,-10.2,7.0934897,642.4,33.7,0.51207656
1851.9,3835.1,3,-1.5,7.1022217,643,33.7,0.51162084
1856,3833.7,4.1,-1.4,7.1153472,643.5,33.7,0.51124108
1851.9,3832.8,-4.1,-0.9,7.0979623,644,33.7,0.51086131
1853.9,3831.6,2,-1.2,7.1034032,644.5,33.7,0.51048154
1854.9,3830.6,1,-1,7.1053799,645,33.7,0.51010178
1850.9,3829.8,-4,-0.8,7.0885768,645.5,33.7,0.50972201
1729,3833.3,-121.9,3.5,6.6277757,646,33.7,0.50934225
1608.1,3837,-120.9,3.7,6.1702797,646.5,33.7,0.50896248
1484.1,3841,-124,4,5.7004281,646.9,33.7,0.50865867
1349,3845.7,-135.1,4.7,5.1878493,647.2,33.7,0.50843081
1231.1,3849.8,-117.9,4.1,4.7394888,647.6,33.7,0.50812699
1227,3850,-4.1,0.2,4.72395,647.9,33.7,0.50789913
1231,3849.8,4,-0.2,4.7391038,648.3,33.7,0.50759532
1225,3849.8,-6,0,4.716005,648.6,33.7,0.50736746
1229,3849.6,4,-0.2,4.7311584,648.9,33.7,0.5071396
1224,3849.6,-5,0,4.7119104,649.3,33.7,0.50683579
1229.1,3849.2,5.1,-0.4,4.7310517,649.6,33.7,0.50660793
1225,3849.2,-4.1,0,4.71527,650,33.7,0.50630412
1233.1,3848.7,8.1,-0.5,4.745832,650.3,33.7,0.50607626
1234,3848.5,0.9,-0.2,4.749049,650.7,33.7,0.50577244
1226,3848.6,-8,0.1,4.7183836,651,33.7,0.50554458
1227.9,3848.3,1.9,-0.3,4.7253276,651.3,33.7,0.50531672
1226,3848.1,-1.9,-0.2,4.7177706,651.7,33.7,0.50501291
1232.9,3847.7,6.9,-0.4,4.7438293,652,33.7,0.50478505
956,3857.6,-276.9,9.9,3.6878656,652.3,33.7,0.50455719
677.1,3868.1,-278.9,10.5,2.6190905,652.5,33.7,0.50440529
401.1,3878.8,-276,10.7,1.5557867,652.6,33.7,0.50432933
127.1,3889.8,-274,11,0.49439358,652.6,33.7,0.50432933
-148.6,3901.2,-275.7,11.4,-0.57971832,652.6,33.7,0.50432933
-151.8,3902.8,-3.2,1.6,-0.59244504,652.5,33.7,0.50440529
-151.9,3904.2,-0.1,1.4,-0.59304798,652.5,33.7,0.50440529
-149.8,3905.4,2.1,1.2,-0.58502892,652.5,33.7,0.50440529
-147.8,3906.4,2,1,-0.57736592,652.4,33.7,0.50448124
-155.8,3907.8,-8,1.4,-0.60883524,652.4,33.7,0.50448124
-149.8,3908.5,6,0.7,-0.5854933,652.3,33.7,0.50455719
-152.8,3909.6,-3,1.1,-0.59738688,652.3,33.7,0.50455719
-144.9,3910.2,7.9,0.6,-0.56658798,652.2,33.7,0.50463315
-152.7,3911.2,-7.8,1,-0.59724024,652.2,33.7,0.50463315
154,3900.8,306.7,-10.4,0.6007232,652.2,33.7,0.50463315
459.1,3889.9,305.1,-10.9,1.7858531,652.4,33.7,0.50448124
766.9,3878.5,307.8,-11.4,2.9744217,652.6,33.7,0.50432933
1066,3867,299.1,-11.5,4.122222,652.9,33.7,0.50410147
1069.2,3865.9,3.2,-1.1,4.1334203,653.2,33.7,0.50387361
1250.9,3858.4,181.7,-7.5,4.8264726,653.5,33.7,0.50364575
1433,3850.8,182.1,-7.6,5.5181964,653.9,33.6,0.50334194
1431,3849.7,-2,-1.1,5.5089207,654.3,33.6,0.50303813
1443,3848.3,12,-1.4,5.5530969,654.7,33.7,0.50273432
1431,3847.7,-12,-0.6,5.5060587,655.1,33.6,0.5024305
1438,3846.6,7,-1.1,5.5314108,655.5,33.6,0.50212669
1431.9,3846,-6.1,-0.6,5.5070874,655.9,33.6,0.50182288
1436,3845.1,4.1,-0.9,5.5215636,656.3,33.6,0.50151906
1429.9,3844.6,-6.1,-0.5,5.4973935,656.7,33.7,0.50121525
1431,3843.9,1.1,-0.7,5.5006209,657.1,33.7,0.50091144
1434,3843.1,3,-0.8,5.5110054,657.5,33.7,0.50060763
1436.9,3842.3,2.9,-0.8,5.5210009,657.9,33.7,0.50030381
-410.8,3909.1,-1847.7,66.8,-1.6058583,657.8,33.6,0.50037977
650.9,3873,1061.7,-36.1,2.5209357,658,33.6,0.50022786
1703.9,3834.7,1053,-38.3,6.5339453,658.4,33.6,0.49992405
2760,3794.5,1056.1,-40.2,10.47282,659.2,33.7,0.49931642
2762.1,3791.5,2.1,-3,10.472502,660,33.6,0.4987088
2762.1,3789,0,-2.5,10.465597,660.7,33.6,0.49817712
2760.1,3786.9,-2,-2.1,10.452223,661.5,33.6,0.4975695
2758.1,3784.9,-2,-2,10.439133,662.3,33.6,0.49696187
2760,3782.9,1.9,-2,10.440804,663,33.6,0.4964302
2757,3781.3,-3,-1.6,10.425044,663.8,33.6,0.49582257
2755.1,3779.7,-1.9,-1.6,10.413451,664.6,33.6,0.49521495
2763.1,3777.8,8,-1.9,10.438439,665.3,33.6,0.49468328
2762.1,3776.3,-1,-1.5,10.430518,666.1,33.6,0.49407565
2757,3775,-5.1,-1.3,10.407675,666.9,33.6,0.49346802
1425.1,3822.2,-1331.9,47.2,5.4470172,667.3,33.7,0.49316421
86,3872,-1339.1,49.8,0.332992,667.3,33.6,0.49316421
-1252.9,3923.5,-1338.9,51.5,-4.9157531,666.9,33.6,0.49346802
-1255.8,3928,-2.9,4.5,-4.9327824,666.6,33.7,0.49369588
-1245.8,3931.2,10,3.2,-4.897489,666.3,33.7,0.49392374
-1252.9,3934.5,-7.1,3.3,-4.929535,665.9,33.7,0.49422756
-1255.8,3937.4,-2.9,2.9,-4.9445869,665.6,33.7,0.49445542
-1253.9,3939.9,1.9,2.5,-4.9402406,665.2,33.7,0.49475923
-1254.8,3942.3,-0.9,2.4,-4.946798,664.9,33.7,0.49498709
-1252.8,3944.5,2,2.2,-4.9416696,664.5,33.7,0.4952909
-1252.9,3946.7,-0.1,2.2,-4.9448204,664.2,33.7,0.49551876
-1251.8,3948.7,1.1,2,-4.9429827,663.8,33.7,0.49582257
-1253.9,3950.7,-2.1,2,-4.9537827,663.5,33.7,0.49605043
-1255,3952.6,-1.1,1.9,-4.960513,663.1,33.7,0.49635425
-1253.9,3954.3,1.1,1.7,-4.9582968,662.8,33.7,0.49658211
-1248.8,3955.8,5.1,1.5,-4.940003,662.4,33.7,0.49688592
-1249.9,3957.5,-1.1,1.7,-4.9464793,662.1,33.7,0.49711378
-1250.8,3959.2,-0.9,1.7,-4.9521674,661.7,33.7,0.49741759
-945.9,3949.6,304.9,-9.6,-3.7359266,661.5,33.7,0.4975695
-643.8,3939.5,302.1,-10.1,-2.5362501,661.3,33.7,0.4977214
-338.9,3928.9,304.9,-10.6,-1.3315042,661.2,33.7,0.49779736
-37,3918,301.9,-10.9,-0.144966,661.2,33.7,0.49779736
269,3906.4,306,-11.6,1.0508216,661.3,33.7,0.4977214
274.9,3905.6,5.9,-0.8,1.0736494,661.3,33.7,0.4977214
268.1,3905.4,-6.8,-0.2,1.0470377,661.4,33.7,0.49764545
267,3905.1,-1.1,-0.3,1.0426617,661.5,33.7,0.4975695
270,3904.8,3,-0.3,1.054296,661.6,33.7,0.49749354
265,3904.7,-5,-0.1,1.0347455,661.6,33.7,0.49749354
270,3904.4,5,-0.3,1.054188,661.7,33.7,0.49741759
270,3904.3,0,-0.1,1.054161,661.8,33.7,0.49734164
266.1,3904.3,-3.9,0,1.0389342,661.9,33.7,0.49726568
266,3904.2,-0.1,-0.1,1.0385172,661.9,33.7,0.49726568
268.9,3904,2.9,-0.2,1.0497856,662,33.7,0.49718973
268,3904,-0.9,0,1.046272,662.1,33.7,0.49711378
268,3904,0,0,1.046272,662.2,33.7,0.49703782
271,3903.8,3,-0.2,1.0579298,662.2,33.7,0.49703782
269.2,3903.8,-1.8,0,1.050903,662.3,33.7,0.49696187
267,3903.9,-2.2,0.1,1.0423413,662.4,33.7,0.49688592
1258,3867.8,991,-36.1,4.8656924,662.7,33.7,0.49665806
2251.8,3830,993.8,-37.8,8.624394,663.4,33.7,0.49612639
3000,3799.7,748.2,-30.3,11.3991,664.2,33.7,0.49551876
3000,3795.9,0,-3.8,11.3877,665,33.7,0.49491113
3000.1,3792.6,0.1,-3.3,11.378179,665.9,33.7,0.49422756
3000.1,3789.6,0,-3,11.369179,666.7,33.7,0.49361993
3000.1,3786.8,0,-2.8,11.360779,667.5,33.7,0.4930123
3000.1,3784.3,0,-2.5,11.353278,668.4,33.7,0.49232873
3000.1,3781.8,0,-2.5,11.345778,669.2,33.7,0.4917211
1379.1,3838.3,-1621,56.5,5.2933995,669.6,33.7,0.49141729
1087,3849.4,-292.1,11.1,4.1842978,669.9,33.7,0.49118943
1077.1,3850.3,-9.9,0.9,4.1471581,670.2,33.7,0.49096157
1073,3850.7,-4.1,0.4,4.1318011,670.5,33.7,0.49073371
1083,3850.5,10,-0.2,4.1700915,670.8,33.7,0.49050585
1083,3850.5,0,0,4.1700915,671.1,33.7,0.49027799
1080,3850.5,-3,0,4.15854,671.4,33.7,0.49005013
1083,3850.3,3,-0.2,4.1698749,671.7,33.7,0.48982227
1079,3850.4,-4,0.1,4.1545816,672,33.7,0.48959441
1081.1,3850.2,2.1,-0.2,4.1624512,672.3,33.7,0.48936655
1078,3850.1,-3.1,-0.1,4.1504078,672.6,33.7,0.48913869
1075,3850.1,-3,0,4.1388575,672.9,33.7,0.48891083
1077.9,3849.8,2.9,-0.3,4.1496994,673.2,33.7,0.48868297
1082,3849.5,4.1,-0.3,4.165159,673.5,33.7,0.48845511
1082,3849.3,0,-0.2,4.1649426,673.8,33.7,0.48822725
1079,3849.2,-3,-0.1,4.1532868,674.1,33.7,0.48799939
1083,3848.9,4,-0.3,4.1683587,674.4,33.7,0.48777153
1077,3848.9,-6,0,4.1452653,674.7,33.7,0.48754367
1082,3848.5,5,-0.4,4.164077,675,33.7,0.48731581
1315.9,3839.8,233.9,-8.7,5.0527928,675.3,33.7,0.48708795
1551,3830.7,235.1,-9.1,5.9414157,675.8,33.7,0.48670819
1793.9,3821,242.9,-9.7,6.8544919,676.3,33.7,0.48632842
2025.9,3811.3,232,-9.7,7.7213127,676.8,33.7,0.48594866
2023.9,3809.9,-2,-1.4,7.7108566,677.4,33.7,0.48549294
2020.9,3808.8,-3,-1.1,7.6972039,678,33.7,0.48503722
2026.9,3807.5,6,-1.3,7.7174217,678.5,33.7,0.48465745
2027.8,3806.3,0.9,-1.2,7.7184151,679.1,33.7,0.48420173
2026.9,3805.3,-0.9,-1,7.7129626,679.6,33.7,0.48382197
2019.8,3804.6,-7.1,-0.7,7.6845311,680.2,33.7,0.48336625
2024.9,3803.5,5.1,-1.1,7.7017072,680.8,33.7,0.48291053
2025.8,3802.5,0.9,-1,7.7031045,681.3,33.7,0.48253076
2026.9,3801.6,1.1,-0.9,7.705463,681.9,33.7,0.48207504
2028.8,3800.7,1.9,-0.9,7.7108602,682.5,33.7,0.48161932
1836,3806.9,-192.8,6.2,6.9894684,683,33.7,0.48123956
1654.9,3813,-181.1,6.1,6.3101337,683.4,33.7,0.48093574
1470,3819.5,-184.9,6.5,5.614665,683.8,33.7,0.48063193
1472.9,3819.4,2.9,-0.1,5.6255943,684.2,33.7,0.48032812
1465,3819.6,-7.9,0.2,5.595714,684.6,33.7,0.48002431
2481.9,3782.4,1016.9,-37.2,9.3875386,685.3,33.7,0.47949263
3000,3761.8,518.1,-20.6,11.2854,686.2,33.7,0.47880905
3000,3759.4,0,-2.4,11.2782,687,33.7,0.47820143
3000,3757.4,0,-2,11.2722,687.8,33.7,0.4775938
3000,3755.7,0,-1.7,11.2671,688.7,33.7,0.47691022
3000.1,3754,0.1,-1.7,11.262375,689.5,33.7,0.4763026
3000,3752.5,-0.1,-1.5,11.2575,690.3,33.7,0.47569497
3000,3751,0,-1.5,11.253,691.2,33.7,0.47501139
3000.1,3749.6,0.1,-1.4,11.249175,692,33.7,0.47440377
3000,3748.2,-0.1,-1.4,11.2446,692.8,33.7,0.47379614
3000.1,3746.9,0.1,-1.3,11.241075,693.7,33.7,0.47311256
2513,3763.5,-487.1,16.6,9.4576755,694.4,33.7,0.47258089
1528.1,3799,-984.9,35.5,5.8052519,694.8,33.7,0.47227708
528,3836.6,-1000.1,37.6,2.0257248,694.9,33.7,0.47220112
533,3838.6,5,2,2.0459738,695.1,33.7,0.47204922
537,3840.2,4,1.6,2.0621874,695.2,33.7,0.47197326
535,3841.7,-2,1.5,2.0553095,695.4,33.7,0.47182136
536.1,3842.9,1.1,1.2,2.0601787,695.5,33.7,0.4717454
532,3844.2,-4.1,1.3,2.0451144,695.7,33.7,0.4715935
536,3845,4,0.8,2.06092,695.8,33.7,0.47151755
533,3846.1,-3,1.1,2.0499713,696,33.7,0.47136564
533.1,3847,0.1,0.9,2.0508357,696.1,33.7,0.47128969
535.8,3847.7,2.7,0.7,2.0615977,696.3,33.7,0.47113778
535,3848.5,-0.8,0.8,2.0589475,696.4,33.7,0.47106183
538,3849.1,3,0.6,2.0708158,696.6,33.7,0.47090992
536,3849.9,-2,0.8,2.0635464,696.7,33.7,0.47083397
534.9,3850.5,-1.1,0.6,2.0596325,696.9,33.7,0.47068206
531.2,3851.3,-3.7,0.8,2.0458106,697,33.7,0.47060611
327,3859.3,-204.2,8,1.2619911,697.1,33.7,0.47053015
114.1,3868,-212.9,8.7,0.4413388,697.1,33.7,0.47053015
-86,3876.5,-200.1,8.5,-0.333379,697.1,33.7,0.47053015
-297.8,3885.5,-211.8,9,-1.1571019,697,33.7,0.47060611
-296.9,3887,0.9,1.5,-1.1540503,697,33.7,0.47060611
-299.8,3888.6,-2.9,1.6,-1.1658023,696.9,33.7,0.47068206
-295.8,3889.7,4,1.1,-1.1505733,696.8,33.7,0.47075801
-293.8,3890.8,2,1.1,-1.143117,696.7,33.7,0.47083397
-301.9,3892.3,-8.1,1.5,-1.1750854,696.6,33.7,0.47090992
-297.8,3893.2,4.1,0.9,-1.159395,696.5,33.7,0.47098587
-299.9,3894.3,-2.1,1.1,-1.1679006,696.5,33.7,0.47098587
-292.8,3895,7.1,0.7,-1.140456,696.4,33.7,0.47106183
-294.9,3896.1,-2.1,1.1,-1.1489599,696.3,33.7,0.47113778
-219.9,3894.3,75,-1.8,-0.85635657,696.2,33.7,0.47121373
-144.8,3892.4,75.1,-1.9,-0.56361952,696.2,33.7,0.47121373
-72,3890.3,72.8,-2.1,-0.2801016,696.2,33.7,0.47121373
-67,3890.7,5,0.4,-0.2606769,696.2,33.7,0.47121373
-67,3891.2,0,0.5,-0.2607104,696.1,33.7,0.47128969
-69,3891.8,-2,0.6,-0.2685342,696.1,33.7,0.47128969
1552.8,3833.4,1621.8,-58.4,5.9525035,696.5,33.7,0.47098587
1558,3831,5.2,-2.4,5.968698,697,33.7,0.47060611
1559.9,3829.4,1.9,-1.6,5.9734811,697.4,33.7,0.47030229
1559,3828,-0.9,-1.4,5.967852,697.8,33.7,0.46999848
1557,3826.9,-2,-1.1,5.9584833,698.3,33.7,0.46961871
1558.8,3825.7,1.8,-1.2,5.9635012,698.7,33.7,0.4693149
1558,3824.8,-0.8,-0.9,5.9590384,699.1,33.7,0.46901109
442.1,3864.4,-1115.9,39.6,1.7084512,699.3,33.7,0.46885918
442.1,3865.3,0,0.9,1.7088491,699.4,33.7,0.46878323
450,3865.7,7.9,0.4,1.739565,699.5,33.7,0.46870728
443.9,3866.4,-6.1,0.7,1.716295,699.6,33.7,0.46863132
440,3866.9,-3.9,0.5,1.701436,699.8,33.7,0.46847942
247,3874.2,-193,7.3,0.9569274,699.8,33.7,0.46847942
41,3882.3,-206,8.1,0.1591743,699.8,33.7,0.46847942
-155.7,3890.5,-196.7,8.2,-0.60575085,699.8,33.7,0.46847942
-350.7,3898.6,-195,8.1,-1.367239,699.7,33.7,0.46855537
-553.8,3907.3,-203.1,8.7,-2.1638627,699.5,33.7,0.46870728
-749.7,3915.8,-195.9,8.5,-2.9356753,699.3,33.7,0.46885918
-756.8,3917.7,-7.1,1.9,-2.9649154,699.1,33.7,0.46901109
-753.9,3919,2.9,1.3,-2.9545341,698.9,33.7,0.469163
-756.8,3920.4,-2.9,1.4,-2.9669587,698.7,33.7,0.4693149
4,3894,760.8,-26.4,0.015576,698.7,33.7,0.4693149
762,3866.4,758,-27.6,2.9461968,698.9,33.7,0.469163
1525.8,3837.5,763.8,-28.9,5.8552575,699.3,33.7,0.46885918
2275,3808.3,749.2,-29.2,8.6638825,700,33.7,0.46832751
3000,3779.1,725,-29.2,11.3373,700.8,33.7,0.46771988
3000,3775.7,0,-3.4,11.3271,701.6,33.7,0.46711226
3000,3772.6,0,-3.1,11.3178,702.5,33.7,0.46642868
3000.1,3769.9,0.1,-2.7,11.310077,703.3,33.7,0.46582105
3000,3767.4,-0.1,-2.5,11.3022,704.1,33.7,0.46521343
3000,3765,0,-2.4,11.295,705,33.7,0.46452985
3000.1,3762.8,0.1,-2.2,11.288776,705.8,33.7,0.46392222
3000.1,3760.7,0,-2.1,11.282476,706.6,33.7,0.4633146
3000,3758.7,-0.1,-2,11.2761,707.5,33.7,0.46263102
3000,3756.8,0,-1.9,11.2704,708.3,33.7,0.46202339
3000.1,3754.9,0.1,-1.9,11.265075,709.1,33.7,0.46141577
3000.1,3753.1,0,-1.8,11.259675,710,33.7,0.46073219
3000,3751.4,-0.1,-1.7,11.2542,710.8,33.7,0.46012456
3000.1,3749.8,0.1,-1.6,11.249775,711.6,33.7,0.45951694
3000.1,3748.2,0,-1.6,11.244975,712.5,33.7,0.45883336
3000,3746.7,-0.1,-1.5,11.2401,713.3,33.7,0.45822573
3000,3745.3,0,-1.4,11.2359,714.1,33.7,0.45761811
3000.1,3743.8,0.1,-1.5,11.231774,715,33.7,0.45693453
3000.1,3742.5,0,-1.3,11.227874,715.8,33.7,0.4563269
3000.1,3741.2,0,-1.3,11.223974,716.6,33.7,0.45571928
3000.1,3739.9,0,-1.3,11.220074,717.5,33.7,0.4550357
3000,3738.7,-0.1,-1.2,11.2161,718.3,33.7,0.45442807
3000.1,3737.5,0.1,-1.2,11.212874,719.1,33.7,0.45382045
3000.1,3736.3,0,-1.2,11.209274,720,33.7,0.45313687
1698,3782.8,-1302.1,46.5,6.4231944,720.4,33.7,0.45283305
1705,3783.4,7,0.6,6.450697,720.9,33.7,0.45245329
1699,3784.1,-6,0.7,6.4291859,721.4,33.7,0.45207352
1440.1,3793.9,-258.9,9.8,5.4635954,721.8,33.7,0.45176971
1167,3804.5,-273.1,10.6,4.4398515,722.1,33.7,0.45154185
906.1,3814.9,-260.9,10.4,3.4566809,722.4,33.7,0.45131399
635.1,3825.9,-271,11,2.4298291,722.5,33.7,0.45123804
371,3837,-264.1,11.1,1.423527,722.6,33.7,0.45116208
111.1,3848,-259.9,11,0.4275128,722.7,33.7,0.45108613
111.1,3849.8,0,1.8,0.42771278,722.7,33.7,0.45108613
108,3851.4,-3.1,1.6,0.4159512,722.7,33.7,0.45108613
108,3852.9,0,1.5,0.4161132,722.8,33.7,0.45101018
107,3854.2,-1,1.3,0.4123994,722.8,33.7,0.45101018
105.1,3855.5,-1.9,1.3,0.40521305,722.8,33.7,0.45101018
108,3856.6,2.9,1.1,0.4165128,722.9,33.7,0.45093422
113.1,3857.4,5.1,0.8,0.43627194,722.9,33.7,0.45093422
110,3858.6,-3.1,1.2,0.424446,722.9,33.7,0.45093422
108.1,3859.7,-1.9,1.1,0.41723357,723,33.7,0.45085827
112,3860.4,3.9,0.7,0.4323648,723,33.7,0.45085827
107.1,3861.5,-4.9,1.1,0.41356665,723,33.7,0.45085827
-78,3869.2,-185.1,7.7,-0.3017976,723,33.7,0.45085827
-261.8,3876.9,-183.8,7.7,-1.0149724,722.9,33.7,0.45093422
-264.8,3878.4,-3,1.5,-1.0270003,722.8,33.7,0.45101018
-261.8,3879.5,3,1.1,-1.0156531,722.8,33.7,0.45101018
-266.8,3880.7,-5,1.2,-1.0353708,722.7,33.7,0.45108613
-268.8,3881.9,-2,1.2,-1.0434547,722.6,33.7,0.45116208
-259.8,3882.6,9,0.7,-1.0086995,722.6,33.7,0.45116208
-262.8,3883.7,-3,1.1,-1.0206364,722.5,33.7,0.45123804
-266.8,3884.8,-4,1.1,-1.0364646,722.4,33.7,0.45131399
-261.7,3885.5,5.1,0.7,-1.0168354,722.3,33.7,0.45138994
-265.8,3886.5,-4.1,1,-1.0330317,722.3,33.7,0.45138994
-256.8,3887,9,0.5,-0.9981816,722.2,33.7,0.4514659
-264.8,3888.1,-8,1.1,-1.0295689,722.1,33.7,0.45154185
-262.8,3888.8,2,0.7,-1.0219766,722,33.7,0.4516178
-258.9,3889.5,3.9,0.7,-1.0069915,722,33.7,0.4516178
-256.8,3890.1,2.1,0.6,-0.99897768,721.9,33.7,0.45169376
-267.8,3891.2,-11,1.1,-1.0420634,721.8,33.7,0.45176971
-264.7,3891.8,3.1,0.6,-1.0301595,721.7,33.7,0.45184566
-261.8,3892.4,2.9,0.6,-1.0190303,721.7,33.7,0.45184566
-263.8,3893.1,-2,0.7,-1.0269998,721.6,33.7,0.45192162
-8,3884.5,255.8,-8.6,-0.031076,721.6,33.7,0.45192162
247,3875.4,255,-9.1,0.9572238,721.7,33.7,0.45184566
501,3866.1,254,-9.3,1.9369161,721.8,33.7,0.45176971
755.9,3856.4,254.9,-9.7,2.9150528,722,33.7,0.4516178
1011,3846.5,255.1,-9.9,3.8888115,722.3,33.7,0.45138994
1269.9,3836.1,258.9,-10.4,4.8714634,722.7,33.7,0.45108613
1272,3834.9,2.1,-1.2,4.8779928,723,33.7,0.45085827
1267,3834,-5,-0.9,4.857678,723.4,33.7,0.45055446
1270.1,3833,3.1,-1,4.8682933,723.7,33.7,0.4503266
1268,3832.3,-2.1,-0.7,4.8593564,724.1,33.7,0.45002279
1264,3831.6,-4,-0.7,4.8431424,724.4,33.7,0.44979493
1260.9,3831,-3.1,-0.6,4.8305079,724.8,33.7,0.44949111
1265,3830.2,4.1,-0.8,4.845203,725.1,33.7,0.44926325
1266,3829.5,1,-0.7,4.848147,725.5,33.7,0.44895944
859,3843.7,-407,14.2,3.3017383,725.7,33.7,0.44880753
448.1,3858.6,-410.9,14.9,1.7290387,725.8,33.7,0.44873158
41,3874,-407.1,15.4,0.158834,725.8,33.7,0.44873158
-374.8,3890.2,-415.8,16.2,-1.458047,725.7,33.7,0.44880753
-783.8,3906.5,-409,16.3,-3.0619147,725.5,33.7,0.44895944
-1193.8,3923.3,-410,16.8,-4.6836355,725.2,33.7,0.4491873
-1499.8,3936.7,-306,13.4,-5.9042627,724.8,33.7,0.44949111
-1499.8,3939.2,0,2.5,-5.9080122,724.4,33.7,0.44979493
-1499.9,3941.5,-0.1,2.3,-5.9118559,723.9,33.7,0.45017469
-1499.9,3943.5,0,2,-5.9148556,723.5,33.7,0.45047851
-1499.9,3945.5,0,2,-5.9178555,723.1,33.7,0.45078232
-1499.9,3947.3,0,1.8,-5.9205553,722.7,33.7,0.45108613
-1499.9,3948.9,0,1.6,-5.9229551,722.3,33.7,0.45138994
-1499.9,3950.6,0,1.7,-5.9255049,721.9,33.7,0.45169376
-1499.9,3952.2,0,1.6,-5.9279048,721.4,33.7,0.45207352
-1499.9,3953.7,0,1.5,-5.9301546,721,33.7,0.45237734
-1499.9,3955.3,0,1.6,-5.9325545,720.6,33.7,0.45268115
-1499.9,3956.7,0,1.4,-5.9346543,720.2,33.7,0.45298496
-1499.9,3958,0,1.3,-5.9366042,719.8,33.7,0.45328877
-1499.9,3959.3,0,1.3,-5.9385541,719.4,33.7,0.45359259
-1180.9,3949.1,319,-10.2,-4.6634922,719,33.7,0.4538964
-755.8,3934.3,425.1,-14.8,-2.9735439,718.8,33.7,0.45404831
-327.9,3918.9,427.9,-15.4,-1.2850073,718.7,33.7,0.45412426
94,3903.1,421.9,-15.8,0.3668914,718.8,33.7,0.45404831
512,3887.1,418,-16,1.9901952,718.9,33.7,0.45397235
931,3870.6,419,-16.5,3.6035286,719.2,33.7,0.45374449
939,3868.6,8,-2,3.6326154,719.4,33.7,0.45359259
705,3875.6,-234,7,2.732298,719.6,33.7,0.45344068
467,3883.4,-238,7.8,1.8135478,719.7,33.7,0.45336473
231.1,3891.5,-235.9,8.1,0.89932565,719.8,33.7,0.45328877
-9,3900.1,-240.1,8.6,-0.0351009,719.8,33.7,0.45328877
-242.6,3908.9,-233.6,8.8,-0.94829914,719.7,33.7,0.45336473
-478.8,3918,-236.2,9.1,-1.8759384,719.6,33.7,0.45344068
-711.7,3927.2,-232.9,9.2,-2.7949882,719.4,33.7,0.45359259
-712.8,3928.3,-1.1,1.1,-2.8000922,719.2,33.7,0.45374449
-714.7,3929.3,-1.9,1,-2.8082707,719,33.7,0.4538964
-716.9,3930.1,-2.2,0.8,-2.8174887,718.8,33.7,0.45404831
-713.9,3930.7,3,0.6,-2.8061267,718.6,33.7,0.45420021
-721.9,3931.7,-8,1,-2.8382942,718.4,33.7,0.45435212
-714.8,3932.1,7.1,0.4,-2.8106651,718.2,33.7,0.45450403
-717.9,3932.8,-3.1,0.7,-2.8233571,718,33.7,0.45465593
-715.8,3933.3,2.1,0.5,-2.8154561,717.8,33.7,0.45480784
-712.8,3933.8,3,0.5,-2.8040126,717.6,33.7,0.45495974
2772.8,3808.2,3485.6,-125.6,10.559377,718.4,33.7,0.45435212
2772,3803.1,-0.8,-5.1,10.542193,719.2,33.7,0.45374449
2775.1,3799,3.1,-4.1,10.542605,719.9,33.7,0.45321282
2774,3795.7,-1.1,-3.3,10.529272,720.7,33.7,0.4526052
2775.1,3792.6,1.1,-3.1,10.524844,721.5,33.7,0.45199757
2768,3790,-7.1,-2.6,10.49072,722.2,33.7,0.4514659
2775,3787.2,7,-2.8,10.50948,723,33.7,0.45085827
2772,3784.8,-3,-2.4,10.491466,723.8,33.7,0.45025065
2777,3782.3,5,-2.5,10.503447,724.5,33.7,0.44971897
2777,3780,0,-2.3,10.49706,725.3,33.7,0.44911135
2143,3800.7,-634,20.7,8.1449001,725.9,33.7,0.44865563
1492,3823.2,-651,22.5,5.7042144,726.3,33.7,0.44835182
1496,3822.9,4,-0.3,5.7190584,726.7,33.7,0.448048
1498.1,3822.4,2.1,-0.5,5.7263374,727.2,33.7,0.44766824
1498.1,3821.9,0,-0.5,5.7255884,727.6,33.7,0.44736442
1488.9,3821.6,-9.2,-0.3,5.6899802,728,33.7,0.44706061
1496,3820.8,7.1,-0.8,5.7159168,728.4,33.7,0.4467568
1492.9,3820.3,-3.1,-0.5,5.7033259,728.8,33.7,0.44645298
1495,3819.7,2.1,-0.6,5.7104515,729.2,33.7,0.44614917
1494,3819.1,-1,-0.6,5.7057354,729.6,33.7,0.44584536
1500,3818.3,6,-0.8,5.72745,730.1,33.7,0.44546559
1502.9,3817.6,2.9,-0.7,5.737471,730.5,33.7,0.44516178
1501,3817.1,-1.9,-0.5,5.7294671,730.9,33.7,0.44485797
1489.1,3816.9,-11.9,-0.2,5.6837458,731.3,33.7,0.44455415
1108,3830.1,-381.1,13.2,4.2437508,731.6,33.7,0.4443263
707.1,3844.7,-400.9,14.6,2.7185874,731.8,33.7,0.44417439
317.1,3859.4,-390,14.7,1.2238157,731.9,33.7,0.44409844
-81,3874.9,-398.1,15.5,-0.3138669,731.9,33.7,0.44409844
-470.9,3890.5,-389.9,15.6,-1.8320364,731.8,33.7,0.44417439
-866.7,3906.6,-395.8,16.1,-3.3858502,731.5,33.7,0.44440225
-867.9,3908.8,-1.2,2.2,-3.3924475,731.3,33.7,0.44455415
-862.8,3910.6,5.1,1.8,-3.3740657,731,33.7,0.44478201
-867.9,3912.5,-5.1,1.9,-3.3956587,730.8,33.7,0.44493392
-861.8,3913.8,6.1,1.3,-3.3729128,730.6,33.7,0.44508583
-493.9,3902,367.9,-11.8,-1.9271978,730.4,33.7,0.44523773
-125.9,3889.4,368,-12.6,-0.48967546,730.4,33.7,0.44523773
232.9,3876.7,358.8,-12.7,0.90288343,730.4,33.7,0.44523773
604,3863,371.1,-13.7,2.333252,730.6,33.7,0.44508583
965,3849.3,361,-13.7,3.7145745,730.9,33.7,0.44485797
968,3848.2,3,-1.1,3.7250576,731.1,33.7,0.44470606
970,3847.3,2,-0.9,3.731881,731.4,33.7,0.4444782
966,3846.8,-4,-0.5,3.7160088,731.7,33.7,0.44425034
816,3851.6,-150,4.8,3.1429056,731.9,33.7,0.44409844
707.1,3855.2,-108.9,3.6,2.7260119,732.1,33.7,0.44394653
597,3859.1,-110.1,3.9,2.3038827,732.3,33.7,0.44379462
482,3863.2,-115,4.1,1.8620624,732.4,33.7,0.44371867
376,3867.2,-106,4,1.4540672,732.5,33.7,0.44364272
270,3871.3,-106,4.1,1.045251,732.6,33.7,0.44356676
157.1,3875.8,-112.9,4.5,0.60888818,732.6,33.7,0.44356676
48,3880.2,-109.1,4.4,0.1862496,732.6,33.7,0.44356676
50,3880.7,2,0.5,0.194035,732.7,33.7,0.44349081
50,3881.2,0,0.5,0.19406,732.7,33.7,0.44349081
39,3882.1,-11,0.9,0.1514019,732.7,33.7,0.44349081
46,3882.3,7,0.2,0.1785858,732.7,33.7,0.44349081
50,3882.5,4,0.2,0.194125,732.7,33.7,0.44349081
49,3883,-1,0.5,0.190267,732.7,33.7,0.44349081
47,3883.4,-2,0.4,0.1825198,732.7,33.7,0.44349081
46,3883.8,-1,0.4,0.1786548,732.7,33.7,0.44349081
46,3884.1,0,0.3,0.1786686,732.8,33.7,0.44341486
45,3884.5,-1,0.4,0.1748025,732.8,33.7,0.44341486
44,3884.8,-1,0.3,0.1709312,732.8,33.7,0.44341486
39,3885.3,-5,0.5,0.1515267,732.8,33.7,0.44341486
48,3885.2,9,-0.1,0.1864896,732.8,33.7,0.44341486
45,3885.6,-3,0.4,0.174852,732.8,33.7,0.44341486
46,3885.9,1,0.3,0.1787514,732.8,33.7,0.44341486
49,3886,3,0.1,0.190414,732.9,33.7,0.4433389
45,3886.4,-4,0.4,0.174888,732.9,33.7,0.4433389
46,3886.6,1,0.2,0.1787836,732.9,33.7,0.4433389
45,3886.9,-1,0.3,0.1749105,732.9,33.7,0.4433389
51,3886.9,6,0,0.1982319,732.9,33.7,0.4433389
48,3887.3,-3,0.4,0.1865904,732.9,33.7,0.4433389
49,3887.4,1,0.1,0.1904826,732.9,33.7,0.4433389
45,3887.8,-4,0.4,0.174951,732.9,33.7,0.4433389
45,3888,0,0.2,0.17496,733,33.7,0.44326295
47,3888.1,2,0.1,0.1827407,733,33.7,0.44326295
45,3888.4,-2,0.3,0.174978,733,33.7,0.44326295
47,3888.5,2,0.1,0.1827595,733,33.7,0.44326295
42,3888.9,-5,0.4,0.1633338,733,33.7,0.44326295
47,3888.9,5,0,0.1827783,733,33.7,0.44326295
44,3889.2,-3,0.3,0.1711248,733,33.7,0.44326295
49,3889.2,5,0,0.1905708,733,33.7,0.44326295
45,3889.5,-4,0.3,0.1750275,733.1,33.7,0.443187
48,3889.5,3,0,0.186696,733.1,33.7,0.443187
49,3889.6,1,0.1,0.1905904,733.1,33.7,0.443187
44,3890,-5,0.4,0.17116,733.1,33.7,0.443187
44,3890.1,0,0.1,0.1711644,733.1,33.7,0.443187
41,3890.4,-3,0.3,0.1595064,733.1,33.7,0.443187
49,3890.3,8,-0.1,0.1906247,733.1,33.7,0.443187
50,3890.4,1,0.1,0.19452,733.1,33.7,0.443187
47,3890.6,-3,0.2,0.1828582,733.2,33.7,0.44311104
47,3890.8,0,0.2,0.1828676,733.2,33.7,0.44311104
43,3891,-4,0.2,0.167313,733.2,33.7,0.44311104
52,3890.8,9,-0.2,0.2023216,733.2,33.7,0.44311104
43,3891.3,-9,0.5,0.1673259,733.2,33.7,0.44311104
50,3891.2,7,-0.1,0.19456,733.2,33.7,0.44311104
53,3891.2,3,0,0.2062336,733.2,33.7,0.44311104
45,3891.6,-8,0.4,0.175122,733.3,33.7,0.44303509
50,3891.5,5,-0.1,0.194575,733.3,33.7,0.44303509
45,3891.8,-5,0.3,0.175131,733.3,33.7,0.44303509
45,3891.9,0,0.1,0.1751355,733.3,33.7,0.44303509
44,3892.1,-1,0.2,0.1712524,733.3,33.7,0.44303509
48,3892.1,4,0,0.1868208,733.3,33.7,0.44303509
45,3892.3,-3,0.2,0.1751535,733.3,33.7,0.44303509
46,3892.4,1,0.1,0.1790504,733.3,33.7,0.44303509
48,3892.4,2,0,0.1868352,733.4,33.6,0.44295914
47,3892.5,-1,0.1,0.1829475,733.4,33.6,0.44295914
52,3892.4,5,-0.1,0.2024048,733.4,33.6,0.44295914
46,3892.7,-6,0.3,0.1790642,733.4,33.6,0.44295914
44,3892.9,-2,0.2,0.1712876,733.4,33.6,0.44295914
46,3893,2,0.1,0.179078,733.4,33.6,0.44295914
49,3892.9,3,-0.1,0.1907521,733.4,33.6,0.44295914
48,3893.1,-1,0.2,0.1868688,733.4,33.6,0.44295914
46,3893.2,-2,0.1,0.1790872,733.5,33.6,0.44288318
47,3893.3,1,0.1,0.1829851,733.5,33.6,0.44288318
48,3893.3,1,0,0.1868784,733.5,33.6,0.44288318
45,3893.5,-3,0.2,0.1752075,733.5,33.6,0.44288318
45,3893.6,0,0.1,0.175212,733.5,33.6,0.44288318
47,3893.6,2,0,0.1829992,733.5,33.6,0.44288318
49,3893.6,2,0,0.1907864,733.5,33.6,0.44288318
46,3893.8,-3,0.2,0.1791148,733.6,33.6,0.44280723
43,3894,-3,0.2,0.167442,733.6,33.6,0.44280723
47,3893.9,4,-0.1,0.1830133,733.6,33.6,0.44280723
51,3893.9,4,0,0.1985889,733.6,33.6,0.44280723
51,3893.9,0,0,0.1985889,733.6,33.6,0.44280723
47,3894.1,-4,0.2,0.1830227,733.6,33.6,0.44280723
48,3894.2,1,0.1,0.1869216,733.6,33.6,0.44280723
43,3894.5,-5,0.3,0.1674635,733.6,33.6,0.44280723
44,3894.5,1,0,0.171358,733.7,33.6,0.44273128
47,3894.4,3,-0.1,0.1830368,733.7,33.6,0.44273128
47,3894.5,0,0.1,0.1830415,733.7,33.6,0.44273128
50,3894.5,3,0,0.194725,733.7,33.6,0.44273128
53,3894.4,3,-0.1,0.2064032,733.7,33.6,0.44273128
47,3894.7,-6,0.3,0.1830509,733.7,33.6,0.44273128
44,3894.8,-3,0.1,0.1713712,733.7,33.6,0.44273128
43,3894.9,-1,0.1,0.1674807,733.7,33.6,0.44273128
50,3894.8,7,-0.1,0.19474,733.8,33.6,0.44265532
45,3895,-5,0.2,0.175275,733.8,33.6,0.44265532
54,3894.7,9,-0.3,0.2103138,733.8,33.6,0.44265532
48,3895,-6,0.3,0.18696,733.8,33.6,0.44265532
49,3895,1,0,0.190855,733.8,33.6,0.44265532
47,3895.1,-2,0.1,0.1830697,733.8,33.6,0.44265532
49,3895.1,2,0,0.1908599,733.8,33.6,0.44265532
44,3895.4,-5,0.3,0.1713976,733.9,33.6,0.44257937
46,3895.3,2,-0.1,0.1791838,733.9,33.6,0.44257937
45,3895.4,-1,0.1,0.175293,733.9,33.6,0.44257937
46,3895.5,1,0.1,0.179193,733.9,33.6,0.44257937
47,3895.5,1,0,0.1830885,733.9,33.6,0.44257937
43,3895.7,-4,0.2,0.1675151,733.9,33.6,0.44257937
48,3895.6,5,-0.1,0.1869888,733.9,33.6,0.44257937
47,3895.6,-1,0,0.1830932,733.9,33.6,0.44257937
47,3895.7,0,0.1,0.1830979,734,33.6,0.44250342
44,3895.8,-3,0.1,0.1714152,734,33.6,0.44250342
46,3895.8,2,0,0.1792068,734,33.6,0.44250342
46,3895.9,0,0.1,0.1792114,734,33.6,0.44250342
44,3896,-2,0.1,0.171424,734,33.6,0.44250342
51,3895.8,7,-0.2,0.1986858,734,33.6,0.44250342
45,3896,-6,0.2,0.17532,734,33.6,0.44250342
40,3896.3,-5,0.3,0.155852,734,33.6,0.44250342
44,3896.1,4,-0.2,0.1714284,734.1,33.6,0.44242746
47,3896.1,3,0,0.1831167,734.1,33.6,0.44242746
50,3896,3,-0.1,0.1948,734.1,33.6,0.44242746
50,3896.1,0,0.1,0.194805,734.1,33.6,0.44242746
52,3896,2,-0.1,0.202592,734.1,33.6,0.44242746
49,3896.2,-3,0.2,0.1909138,734.1,33.6,0.44242746
49,3896.2,0,0,0.1909138,734.1,33.6,0.44242746
45,3896.4,-4,0.2,0.175338,734.2,33.6,0.44235151
46,3896.4,1,0,0.1792344,734.2,33.6,0.44235151
45,3896.5,-1,0.1,0.1753425,734.2,33.6,0.44235151
50,3896.3,5,-0.2,0.194815,734.2,33.6,0.44235151
47,3896.5,-3,0.2,0.1831355,734.2,33.6,0.44235151
43,3896.7,-4,0.2,0.1675581,734.2,33.6,0.44235151
44,3896.7,1,0,0.1714548,734.2,33.6,0.44235151
48,3896.6,4,-0.1,0.1870368,734.2,33.6,0.44235151
54,3896.4,6,-0.2,0.2104056,734.3,33.6,0.44227556
46,3896.7,-8,0.3,0.1792482,734.3,33.6,0.44227556
49,3896.6,3,-0.1,0.1909334,734.3,33.6,0.44227556
45,3896.8,-4,0.2,0.175356,734.3,33.6,0.44227556
47,3896.7,2,-0.1,0.1831449,734.3,33.6,0.44227556
47,3896.8,0,0.1,0.1831496,734.3,33.6,0.44227556
49,3896.8,2,0,0.1909432,734.3,33.6,0.44227556
48,3896.8,-1,0,0.1870464,734.3,33.6,0.44227556
40,3897.1,-8,0.3,0.155884,734.4,33.6,0.44219961
49,3896.9,9,-0.2,0.1909481,734.4,33.6,0.44219961
56,3896.6,7,-0.3,0.2182096,734.4,33.6,0.44219961
59,3896.5,3,-0.1,0.2298935,734.4,33.6,0.44219961
61,3896.5,2,0,0.2376865,734.4,33.6,0.44219961
53,3896.8,-8,0.3,0.2065304,734.4,33.6,0.44219961
60,3896.6,7,-0.2,0.233796,734.5,33.6,0.44212365
62,3896.5,2,-0.1,0.241583,734.5,33.6,0.44212365
63,3896.5,1,0,0.2454795,734.5,33.6,0.44212365
59,3896.7,-4,0.2,0.2299053,734.5,33.6,0.44212365
59,3896.7,0,0,0.2299053,734.5,33.6,0.44212365
59,3896.7,0,0,0.2299053,734.5,33.6,0.44212365
64,3896.5,5,-0.2,0.249376,734.6,33.6,0.4420477
59,3896.7,-5,0.2,0.2299053,734.6,33.6,0.4420477
56,3896.8,-3,0.1,0.2182208,734.6,33.6,0.4420477
57,3896.8,1,0,0.2221176,734.6,33.6,0.4420477
56,3896.9,-1,0.1,0.2182264,734.6,33.6,0.4420477
61,3896.7,5,-0.2,0.2376987,734.6,33.6,0.4420477
58,3896.9,-3,0.2,0.2260202,734.7,33.6,0.44197175
660,3875,602,-21.9,2.5575,734.8,33.6,0.44189579
1247,3852.7,587,-22.3,4.8043169,735.2,33.6,0.44159198
1847.9,3829.2,600.9,-23.5,7.0759787,735.7,33.6,0.44121221
2447.9,3805.1,600,-24.1,9.3145043,736.4,33.6,0.44068054
3000,3782.2,552.1,-22.9,11.3466,737.2,33.6,0.44007292
3000,3778.8,0,-3.4,11.3364,738,33.6,0.43946529
2539.1,3792.4,-460.9,13.6,9.6292828,738.7,33.6,0.43893362
2037.9,3808.5,-501.2,16.1,7.7613421,739.3,33.6,0.4384779
1542,3825.2,-495.9,16.7,5.8984584,739.7,33.6,0.43817408
1038.1,3842.9,-503.9,17.7,3.9893145,740,33.6,0.43794623
534.1,3861.3,-504,18.4,2.0623203,740.2,33.6,0.43779432
535.9,3861.9,1.8,0.6,2.0695922,740.3,33.6,0.43771837
534,3862.4,-1.9,0.5,2.0625216,740.5,33.6,0.43756646
539.9,3862.4,5.9,0,2.0853098,740.6,33.6,0.43749051
1906.8,3813,1366.9,-49.4,7.2706284,741.2,33.6,0.43703479
1905.9,3811,-0.9,-2,7.2633849,741.7,33.6,0.43665502
1910.9,3809.2,5,-1.8,7.2790003,742.2,33.6,0.43627525
1906.9,3807.9,-4,-1.3,7.2612845,742.7,33.6,0.43589549
1911,3806.5,4.1,-1.4,7.2742215,743.3,33.6,0.43543977
1912.8,3805.1,1.8,-1.4,7.2783953,743.8,33.6,0.43506
1906,3804.1,-6.8,-1,7.2506146,744.3,33.6,0.43468024
1910.9,3802.9,4.9,-1.2,7.2669616,744.9,33.6,0.43422452
1912.9,3801.7,2,-1.2,7.2722719,745.4,33.6,0.43384475
1899.9,3801.1,-13,-0.6,7.2217099,745.9,33.6,0.43346499
1909,3799.7,9.1,-1.4,7.2536273,746.5,33.6,0.43300927
1907.9,3798.8,-1.1,-0.9,7.2477305,747,33.6,0.4326295
1907.9,3797.9,0,-0.9,7.2460134,747.5,33.6,0.43224973
2719,3767.4,811.1,-30.5,10.243561,748.3,33.6,0.43164211
2722,3765.1,3,-2.3,10.248602,749,33.6,0.43111044
2720.1,3763.3,-1.9,-1.8,10.236552,749.8,33.6,0.43050281
2722.1,3761.5,2,-1.8,10.239179,750.5,33.6,0.42997114
2714,3760.2,-8.1,-1.3,10.205183,751.3,33.6,0.42936351
2209.1,3777,-504.9,16.8,8.3437707,751.9,33.6,0.42890779
1697.9,3794.9,-511.2,17.9,6.4433607,752.4,33.6,0.42852803
1190.1,3813.4,-507.8,18.5,4.5383273,752.7,33.6,0.42830017
678,3832.6,-512.1,19.2,2.5985028,752.9,33.6,0.42814826
169.1,3852.3,-508.9,19.7,0.65142393,752.9,33.6,0.42814826
-344.8,3872.7,-513.9,20.4,-1.335307,752.8,33.6,0.42822421
-852.7,3893.3,-507.9,20.6,-3.3198169,752.6,33.6,0.42837612
-855.9,3895.9,-3.2,2.6,-3.3345008,752.4,33.6,0.42852803
-855.8,3898.1,0.1,2.2,-3.335994,752.1,33.6,0.42875589
-852.9,3900,2.9,1.9,-3.32631,751.9,33.6,0.42890779
-856.8,3902,-3.9,2,-3.3432336,751.7,33.6,0.4290597
-849.8,3903.5,7,1.5,-3.3171943,751.4,33.6,0.42928756
-846.8,3905,3,1.5,-3.306754,751.2,33.6,0.42943947
-852.9,3906.7,-6.1,1.7,-3.3320244,751,33.6,0.42959137
-355.9,3890,497,-16.7,-1.384451,750.9,33.6,0.42966732
-355.8,3890.6,0.1,0.6,-1.3842755,750.8,33.6,0.42974328
-355.8,3891.3,0,0.7,-1.3845245,750.7,33.6,0.42981923
-368.8,3892.5,-13,1.2,-1.435554,750.6,33.6,0.42989518
-359.8,3892.9,9,0.4,-1.4006654,750.5,33.6,0.42997114
-363.9,3893.8,-4.1,0.9,-1.4169538,750.4,33.6,0.43004709
-363.8,3894.5,0.1,0.7,-1.4168191,750.3,33.6,0.43012304
-362.8,3895.2,1,0.7,-1.4131786,750.2,33.6,0.430199
-357.9,3895.6,4.9,0.4,-1.3942352,750.1,33.6,0.43027495
-358.8,3896.4,-0.9,0.8,-1.3980283,750,33.6,0.4303509
-359.9,3897,-1.1,0.6,-1.4025303,749.9,33.6,0.43042686
-1065.7,3923.3,-705.8,26.3,-4.1810608,749.6,33.6,0.43065472
-1063.9,3925,1.8,1.7,-4.1758075,749.3,33.6,0.43088258
-1068.7,3926.6,-4.8,1.6,-4.1963574,749,33.6,0.43111044
-1066.8,3927.9,1.9,1.3,-4.1902837,748.7,33.6,0.4313383
-1065.8,3929.2,1,1.3,-4.1877414,748.4,33.6,0.43156616
-1064.9,3930.3,0.9,1.1,-4.1853765,748.1,33.6,0.43179401
2323,3808.2,3387.9,-122.1,8.8464486,748.7,33.6,0.4313383
2324.9,3803.8,1.9,-4.4,8.8434546,749.4,33.6,0.43080662
2327,3800.5,2.1,-3.3,8.8437635,750,33.6,0.4303509
2332.9,3797.7,5.9,-2.8,8.8596543,750.7,33.6,0.42981923
2329.9,3795.4,-3,-2.3,8.8429025,751.3,33.6,0.42936351
2325,3793.4,-4.9,-2,8.819655,752,33.6,0.42883184
2323,3791.4,-2,-2,8.8074222,752.6,33.6,0.42837612
2331,3789.2,8,-2.2,8.8326252,753.2,33.6,0.4279204
2327,3787.6,-4,-1.6,8.8137452,753.9,33.6,0.42738873
2323.2,3785.9,-3.8,-1.7,8.7954029,754.5,33.6,0.42693301
2326.9,3784.2,3.7,-1.7,8.805455,755.2,33.6,0.42640134
2326,3782.6,-0.9,-1.6,8.7983276,755.8,33.6,0.42594562
2321,3781.3,-5,-1.3,8.7763973,756.5,33.6,0.42541395
2327,3779.6,6,-1.7,8.7951292,757.1,33.6,0.42495823
2218.9,3782.1,-108.1,2.5,8.3921017,757.7,33.6,0.42450251
2120.9,3784.5,-98,2.4,8.026546,758.3,33.6,0.42404679
2018,3787.2,-102.9,2.7,7.6425696,758.9,33.6,0.42359107
1917.9,3789.9,-100.1,2.7,7.2686492,759.4,33.6,0.4232113
1810,3793.1,-107.9,3.2,6.865511,759.9,33.6,0.42283154
1806.9,3792.6,-3.1,-0.5,6.8528489,760.4,33.6,0.42245177
1812,3791.8,5.1,-0.8,6.8707416,760.9,33.6,0.422072
1809.9,3791.3,-2.1,-0.5,6.8618739,761.4,33.6,0.42169224
1812.9,3790.5,3,-0.8,6.8717974,761.9,33.6,0.42131247
1811.1,3789.9,-1.8,-0.6,6.8638879,762.4,33.6,0.42093271
1810.9,3789.2,-0.2,-0.7,6.8618623,762.9,33.6,0.42055294
1806.9,3788.8,-4,-0.4,6.8459827,763.4,33.6,0.42017317
1653.9,3793.7,-153,4.9,6.2744004,763.9,33.6,0.41979341
1488,3799.4,-165.9,5.7,5.6535072,764.3,33.6,0.41948959
1484,3799.4,-4,0,5.6383096,764.7,33.6,0.41918578
1481,3799.3,-3,-0.1,5.6267633,765.1,33.6,0.41888197
1488,3798.8,7,-0.5,5.6526144,765.6,33.6,0.4185022
1487.1,3798.6,-0.9,-0.2,5.6488981,766,33.6,0.41819839
1486,3798.3,-1.1,-0.3,5.6442738,766.4,33.6,0.41789458
1485,3798.1,-1,-0.2,5.6401785,766.8,33.6,0.41759076
1484,3797.9,-1,-0.2,5.6360836,767.2,33.6,0.41728695
1484,3797.6,0,-0.3,5.6356384,767.6,33.6,0.41698314
1486,3797.2,2,-0.4,5.6426392,768,33.6,0.41667933
1485.1,3797,-0.9,-0.2,5.6389247,768.4,33.6,0.41637551
1480.9,3796.8,-4.2,-0.2,5.6226811,768.9,33.6,0.41599575
1484,3796.4,3.1,-0.4,5.6338576,769.3,33.6,0.41569193
1503,3795.5,19,-0.9,5.7046365,769.7,33.6,0.41538812
1510.9,3794.9,7.9,-0.6,5.7337144,770.1,33.6,0.41508431
1503.9,3794.9,-7,0,5.7071501,770.5,33.6,0.4147805
1512,3794.3,8.1,-0.6,5.7369816,770.9,33.6,0.41447668
1508,3794.1,-4,-0.2,5.7215028,771.4,33.6,0.41409692
1505.1,3793.9,-2.9,-0.2,5.7101989,771.8,33.6,0.4137931
1510.9,3793.4,5.8,-0.5,5.7314481,772.2,33.6,0.41348929
1509,3793.2,-1.9,-0.2,5.7239388,772.6,33.6,0.41318548
1507,3793,-2,-0.2,5.716051,773,33.6,0.41288166
1507,3792.7,0,-0.3,5.7155989,773.5,33.6,0.4125019
1509,3792.4,2,-0.3,5.7227316,773.9,33.6,0.41219809
1509.9,3792.1,0.9,-0.3,5.7256918,774.3,33.6,0.41189427
1508,3791.9,-1.9,-0.2,5.7181852,774.7,33.6,0.41159046
1506,3791.7,-2,-0.2,5.7103002,775.1,33.6,0.41128665
1511.9,3791.2,5.9,-0.5,5.7319153,775.5,33.6,0.41098283
1509.1,3791,-2.8,-0.2,5.7209981,776,33.6,0.41060307
1504.9,3790.9,-4.2,-0.1,5.7049254,776.4,33.6,0.41029926
1511,3790.5,6.1,-0.4,5.7274455,776.8,33.6,0.40999544
1508.9,3790.3,-2.1,-0.2,5.7191837,777.2,33.6,0.40969163
1197,3801.5,-311.9,11.2,4.5503955,777.6,33.6,0.40938782
885,3813.1,-312,11.6,3.3745935,777.8,33.6,0.40923591
575.1,3825,-309.9,11.9,2.1997575,778,33.6,0.409084
570,3826.2,-5.1,1.2,2.180934,778.1,33.6,0.40900805
573.9,3826.8,3.9,0.6,2.1962005,778.3,33.6,0.40885614
575.9,3827.4,2,0.6,2.2041997,778.4,33.6,0.40878019
580,3827.9,4.1,0.5,2.220182,778.6,33.6,0.40862828
570,3828.8,-10,0.9,2.182416,778.8,33.6,0.40847638
570,3829.3,0,0.5,2.182701,778.9,33.6,0.40840043
789,3821.8,219,-7.5,3.0154002,779.1,33.6,0.40824852
1000.9,3814.2,211.9,-7.6,3.8176328,779.4,33.6,0.40802066
1003.9,3813.9,3,-0.3,3.8287742,779.7,33.6,0.4077928
1002,3813.9,-1.9,0,3.8215278,780,33.6,0.40756494
1000.9,3813.8,-1.1,-0.1,3.8172324,780.3,33.6,0.40733708
1003,3813.7,2.1,-0.1,3.8251411,780.5,33.6,0.40718517
1000.9,3813.8,-2.1,0.1,3.8172324,780.8,33.6,0.40695731
1004.1,3813.6,3.2,-0.2,3.8292358,781.1,33.6,0.40672945
1003.1,3813.7,-1,0.1,3.8255225,781.4,33.6,0.4065016
1007,3813.5,3.9,-0.2,3.8401945,781.6,33.6,0.40634969
1006,3813.5,-1,0,3.836381,781.9,33.6,0.40612183
1002.1,3813.6,-3.9,0.1,3.8216086,782.2,33.6,0.40589397
1008.1,3813.4,6,-0.2,3.8442885,782.5,33.6,0.40566611
1002.9,3813.5,-5.2,0.1,3.8245591,782.8,33.6,0.40543825
3000,3740.4,1997.1,-73.1,11.2212,783.6,33.6,0.40483062
3000,3737.5,0,-2.9,11.2125,784.4,33.6,0.404223
3000,3735.1,0,-2.4,11.2053,785.3,33.6,0.40353942
3000.1,3733.1,0.1,-2,11.199673,786.1,33.6,0.40293179
3000.1,3731.2,0,-1.9,11.193973,786.9,33.6,0.40232417
3000,3729.4,-0.1,-1.8,11.1882,787.8,33.6,0.40164059
3000.1,3727.8,0.1,-1.6,11.183773,788.6,33.6,0.40103296
3000.1,3726.2,0,-1.6,11.178973,789.4,33.6,0.40042534
3000,3724.8,-0.1,-1.4,11.1744,790.3,33.6,0.39974176
3000,3723.4,0,-1.4,11.1702,791.1,33.6,0.39913413
3000.1,3722.1,0.1,-1.3,11.166672,791.9,33.6,0.39852651
3000.1,3720.7,0,-1.4,11.162472,792.8,33.6,0.39784293
3000.1,3719.5,0,-1.2,11.158872,793.6,33.6,0.3972353
3000.1,3718.3,0,-1.2,11.155272,794.4,33.6,0.39662768
3000.1,3717,0,-1.3,11.151372,795.3,33.6,0.3959441
2850.2,3721.4,-149.9,4.4,10.606734,796.1,33.6,0.39533647
2530,3732.2,-320.2,10.8,9.442466,796.8,33.6,0.3948048
2207,3743.6,-323,11.4,8.2621252,797.4,33.6,0.39434908
1884.9,3755.4,-322.1,11.8,7.0785535,797.9,33.6,0.39396931
1883,3755.8,-1.9,0.4,7.0721714,798.4,33.6,0.39358955
1882.9,3755.9,-0.1,0.1,7.0719841,798.9,33.6,0.39320978
1882.9,3755.9,0,0,7.0719841,799.5,33.6,0.39275406
1886.9,3755.7,4,-0.2,7.0866303,800,33.6,0.3923743
928.1,3791,-958.8,35.3,3.5184271,800.2,33.6,0.39222239
-26,3827.4,-954.1,36.4,-0.0995124,800.2,33.6,0.39222239
-27,3830,-1,2.6,-0.10341,800.2,33.6,0.39222239
-23,3831.9,4,1.9,-0.0881337,800.2,33.6,0.39222239
-23,3833.7,0,1.8,-0.0881751,800.2,33.6,0.39222239
-23,3835.3,0,1.6,-0.0882119,800.2,33.6,0.39222239
-23,3836.8,0,1.5,-0.0882464,800.2,33.6,0.39222239
-27,3838.4,-4,1.6,-0.1036368,800.2,33.6,0.39222239
-29,3839.8,-2,1.4,-0.1113542,800.2,33.7,0.39222239
-23,3840.7,6,0.9,-0.0883361,800.2,33.7,0.39222239
-27,3842.1,-4,1.4,-0.1037367,800.2,33.7,0.39222239
-21,3843,6,0.9,-0.080703,800.2,33.7,0.39222239
-27,3844.2,-6,1.2,-0.1037934,800.2,33.7,0.39222239
-23,3845.1,4,0.9,-0.0884373,800.2,33.7,0.39222239
-26,3846.2,-3,1.1,-0.1000012,800.1,33.7,0.39229834
-25,3847.1,1,0.9,-0.0961775,800.1,33.7,0.39229834
-22,3847.9,3,0.8,-0.0846538,800.1,33.7,0.39229834
-25,3848.9,-3,1,-0.0962225,800.1,33.7,0.39229834
-22,3849.6,3,0.7,-0.0846912,800.1,33.7,0.39229834
-21,3850.3,1,0.7,-0.0808563,800.1,33.7,0.39229834
92,3846.9,113,-3.4,0.3539148,800.1,33.7,0.39229834
213,3843.1,121,-3.8,0.8185803,800.2,33.7,0.39222239
326,3839.4,113,-3.7,1.2516444,800.3,33.7,0.39214644
324.9,3839.7,-1.1,0.3,1.2475185,800.4,33.7,0.39207048
325,3840,0.1,0.3,1.248,800.5,33.7,0.39199453
283.9,3841.8,-41.1,1.8,1.090687,800.5,33.7,0.39199453
238.9,3843.8,-45,2,0.91828382,800.6,33.7,0.39191858
207,3845.4,-31.9,1.6,0.7959978,800.7,33.7,0.39184262
162,3847.5,-45,2.1,0.623295,800.7,33.7,0.39184262
115.1,3849.7,-46.9,2.2,0.44310047,800.7,33.7,0.39184262
77,3851.6,-38.1,1.9,0.2965732,800.8,33.7,0.39176667
35,3853.7,-42,2.1,0.1348795,800.8,33.7,0.39176667
35,3854.4,0,0.7,0.134904,800.8,33.7,0.39176667
33,3855,-2,0.6,0.127215,800.8,33.7,0.39176667
31,3855.6,-2,0.6,0.1195236,800.8,33.7,0.39176667
33,3856,2,0.4,0.127248,800.8,33.7,0.39176667
30,3856.6,-3,0.6,0.115698,800.8,33.7,0.39176667
33,3857,3,0.4,0.127281,800.8,33.7,0.39176667
32,3857.4,-1,0.4,0.1234368,800.8,33.7,0.39176667
34,3857.8,2,0.4,0.1311652,800.9,33.7,0.39169072
33,3858.3,-1,0.5,0.1273239,800.9,33.7,0.39169072
31,3858.8,-2,0.5,0.1196228,800.9,33.7,0.39169072
33,3859.1,2,0.3,0.1273503,800.9,33.7,0.39169072
34,3859.5,1,0.4,0.131223,800.9,33.7,0.39169072
30,3860,-4,0.5,0.1158,800.9,33.7,0.39169072
35,3860.2,5,0.2,0.135107,800.9,33.7,0.39169072
33,3860.7,-2,0.5,0.1274031,800.9,33.7,0.39169072
35,3861,2,0.3,0.135135,800.9,33.7,0.39169072
35,3861.3,0,0.3,0.1351455,800.9,33.7,0.39169072
32,3861.8,-3,0.5,0.1235776,800.9,33.7,0.39169072
35,3862,3,0.2,0.13517,801,33.7,0.39161477
32,3862.4,-3,0.4,0.1235968,801,33.7,0.39161477
37,3862.5,5,0.1,0.1429125,801,33.7,0.39161477
36,3862.9,-1,0.4,0.1390644,801,33.7,0.39161477
36,3863.2,0,0.3,0.1390752,801,33.7,0.39161477
35,3863.5,-1,0.3,0.1352225,801,33.7,0.39161477
39,3863.6,4,0.1,0.1506804,801,33.7,0.39161477
27,3864.3,-12,0.7,0.1043361,801,33.7,0.39161477
38,3864.2,11,-0.1,0.1468396,801,33.7,0.39161477
30,3864.8,-8,0.6,0.115944,801,33.7,0.39161477
33,3864.9,3,0.1,0.1275417,801.1,33.7,0.39153881
31,3865.3,-2,0.4,0.1198243,801.1,33.7,0.39153881
32,3865.4,1,0.1,0.1236928,801.1,33.7,0.39153881
36,3865.6,4,0.2,0.1391616,801.1,33.7,0.39153881
39,3865.7,3,0.1,0.1507623,801.1,33.7,0.39153881
33,3866.1,-6,0.4,0.1275813,801.1,33.7,0.39153881
32,3866.5,-1,0.4,0.123728,801.1,33.7,0.39153881
38,3866.4,6,-0.1,0.1469232,801.1,33.7,0.39153881
35,3866.8,-3,0.4,0.135338,801.1,33.7,0.39153881
38,3866.9,3,0.1,0.1469422,801.1,33.7,0.39153881
35,3867.2,-3,0.3,0.135352,801.1,33.7,0.39153881
30,3867.6,-5,0.4,0.116028,801.2,33.7,0.39146286
36,3867.6,6,0,0.1392336,801.2,33.7,0.39146286
30,3868,-6,0.4,0.11604,801.2,33.6,0.39146286
32,3868.1,2,0.1,0.1237792,801.2,33.6,0.39146286
31,3868.4,-1,0.3,0.1199204,801.2,33.6,0.39146286
34,3868.5,3,0.1,0.131529,801.2,33.6,0.39146286
37,3868.5,3,0,0.1431345,801.2,33.6,0.39146286
33,3868.9,-4,0.4,0.1276737,801.2,33.6,0.39146286
31,3869.1,-2,0.2,0.1199421,801.2,33.6,0.39146286
29,3869.4,-2,0.3,0.1122126,801.2,33.6,0.39146286
36,3869.3,7,-0.1,0.1392948,801.2,33.6,0.39146286
32,3869.6,-4,0.3,0.1238272,801.3,33.6,0.39138691
34,3869.7,2,0.1,0.1315698,801.3,33.6,0.39138691
31,3870,-3,0.3,0.11997,801.3,33.6,0.39138691
35,3870,4,0,0.13545,801.3,33.6,0.39138691
40,3870,5,0,0.1548,801.3,33.6,0.39138691
32,3870.4,-8,0.4,0.1238528,801.3,33.6,0.39138691
33,3870.5,1,0.1,0.1277265,801.3,33.6,0.39138691
37,3870.5,4,0,0.1432085,801.3,33.6,0.39138691
35,3870.8,-2,0.3,0.135478,801.3,33.6,0.39138691
33,3871,-2,0.2,0.127743,801.3,33.6,0.39138691
31,3871.2,-2,0.2,0.1200072,801.4,33.6,0.39131095
33,3871.3,2,0.1,0.1277529,801.4,33.6,0.39131095
27,3871.6,-6,0.3,0.1045332,801.4,33.6,0.39131095
32,3871.6,5,0,0.1238912,801.4,33.6,0.39131095
31,3871.8,-1,0.2,0.1200258,801.4,33.6,0.39131095
38,3871.7,7,-0.1,0.1471246,801.4,33.6,0.39131095
30,3872.1,-8,0.4,0.116163,801.4,33.6,0.39131095
35,3872,5,-0.1,0.13552,801.4,33.6,0.39131095
34,3872.2,-1,0.2,0.1316548,801.4,33.6,0.39131095
31,3872.4,-3,0.2,0.1200444,801.4,33.6,0.39131095
35,3872.4,4,0,0.135534,801.4,33.6,0.39131095
37,3872.5,2,0.1,0.1432825,801.5,33.6,0.391235
34,3872.7,-3,0.2,0.1316718,801.5,33.6,0.391235
35,3872.8,1,0.1,0.135548,801.5,33.6,0.391235
37,3872.8,2,0,0.1432936,801.5,33.6,0.391235
37,3872.9,0,0.1,0.1432973,801.5,33.6,0.391235
32,3873.2,-5,0.3,0.1239424,801.5,33.6,0.391235
37,3873.2,5,0,0.1433084,801.5,33.6,0.391235
34,3873.4,-3,0.2,0.1316956,801.5,33.6,0.391235
35,3873.5,1,0.1,0.1355725,801.5,33.6,0.391235
35,3873.6,0,0.1,0.135576,801.5,33.6,0.391235
40,3873.5,5,-0.1,0.15494,801.6,33.6,0.39115905
34,3873.8,-6,0.3,0.1317092,801.6,33.6,0.39115905
35,3873.8,1,0,0.135583,801.6,33.6,0.39115905
33,3874,-2,0.2,0.127842,801.6,33.6,0.39115905
35,3874.1,2,0.1,0.1355935,801.6,33.6,0.39115905
39,3874,4,-0.1,0.151086,801.6,33.6,0.39115905
29,3874.5,-10,0.5,0.1123605,801.6,33.6,0.39115905
30,3874.5,1,0,0.116235,801.6,33.6,0.39115905
36,3874.4,6,-0.1,0.1394784,801.6,33.6,0.39115905
33,3874.7,-3,0.3,0.1278651,801.6,33.6,0.39115905
32,3874.7,-1,0,0.1239904,801.6,33.6,0.39115905
37,3874.7,5,0,0.1433639,801.7,33.6,0.39108309
34,3874.9,-3,0.2,0.1317466,801.7,33.6,0.39108309
35,3875,1,0.1,0.135625,801.7,33.6,0.39108309
36,3875,1,0,0.1395,801.7,33.6,0.39108309
36,3875.1,0,0.1,0.1395036,801.7,33.6,0.39108309
38,3875.1,2,0,0.1472538,801.7,33.6,0.39108309
35,3875.3,-3,0.2,0.1356355,801.7,33.6,0.39108309
34,3875.4,-1,0.1,0.1317636,801.7,33.6,0.39108309
42,3875.2,8,-0.2,0.1627584,801.7,33.6,0.39108309
34,3875.6,-8,0.4,0.1317704,801.7,33.6,0.39108309
34,3875.7,0,0.1,0.1317738,801.8,33.6,0.39100714
35,3875.7,1,0,0.1356495,801.8,33.6,0.39100714
29,3876,-6,0.3,0.112404,801.8,33.6,0.39100714
884.9,3845,855.9,-31,3.4024405,802,33.6,0.39085523
897,3843.4,12.1,-1.6,3.4475298,802.3,33.6,0.39062737
895.1,3842.4,-1.9,-1,3.4393322,802.5,33.6,0.39047547
884,3842,-11.1,-0.4,3.396328,802.8,33.6,0.39024761
884.9,3841.2,0.9,-0.8,3.3990779,803,33.6,0.3900957
887,3840.5,2.1,-0.7,3.4065235,803.3,33.6,0.38986784
884,3839.9,-3,-0.6,3.3944716,803.5,33.6,0.38971593
888,3839.2,4,-0.7,3.4092096,803.7,33.6,0.38956403
890.9,3838.4,2.9,-0.8,3.4196306,804,33.6,0.38933617
892,3837.8,1.1,-0.6,3.4233176,804.2,33.6,0.38918426
887,3837.5,-5,-0.3,3.4038625,804.5,33.6,0.3889564
890,3836.8,3,-0.7,3.414752,804.7,33.6,0.3888045
889,3836.4,-1,-0.4,3.4105596,805,33.6,0.38857664
894,3835.6,5,-0.8,3.4290264,805.2,33.6,0.38842473
888,3835.4,-6,-0.2,3.4058352,805.5,33.6,0.38819687
890,3834.9,2,-0.5,3.413061,805.7,33.6,0.38804496
886,3834.6,-4,-0.3,3.3974556,806,33.6,0.3878171
892,3834,6,-0.6,3.419928,806.2,33.6,0.3876652
893.9,3833.4,1.9,-0.6,3.4266763,806.5,33.6,0.38743734
1126,3824.6,232.1,-8.8,4.3064996,806.8,33.6,0.38720948
1374.9,3814.8,248.9,-9.8,5.2449685,807.2,33.6,0.38690567
1616,3805,241.1,-9.8,6.14888,807.6,33.6,0.38660185
1866.8,3794.6,250.8,-10.4,7.0837593,808.1,33.6,0.38622209
2107.9,3784.2,241.1,-10.4,7.9767152,808.7,33.6,0.38576637
2350.9,3773.6,243,-10.6,8.8713562,809.4,33.6,0.3852347
2589.9,3763.1,239,-10.5,9.7460527,810.1,33.6,0.38470302
2595,3760.7,5.1,-2.4,9.7590165,810.8,33.6,0.38417135
2589.1,3759,-5.9,-1.7,9.7324269,811.5,33.6,0.38363968
2583.1,3757.3,-6,-1.7,9.7054816,812.2,33.6,0.38310801
2587,3755.5,3.9,-1.8,9.7154785,813,33.6,0.38250038
2589.1,3753.7,2.1,-1.8,9.7187047,813.7,33.6,0.38196871
2588,3752.1,-1.1,-1.6,9.7104348,814.4,33.6,0.38143703
2592,3750.4,4,-1.7,9.7210368,815.1,33.6,0.38090536
2588.1,3749.1,-3.9,-1.3,9.7030457,815.8,33.6,0.38037369
2593.9,3747.4,5.8,-1.7,9.7203809,816.6,33.6,0.37976606
2587,3746.3,-6.9,-1.1,9.6916781,817.3,33.6,0.37923439
2594.9,3744.6,7.9,-1.7,9.7168625,818,33.6,0.37870272
2069,3762.5,-525.9,17.9,7.7846125,818.6,33.6,0.378247
1543,3781.2,-526,18.7,5.8343916,819,33.6,0.37794319
1029.1,3800.2,-513.9,19,3.9107858,819.3,33.6,0.37771533
508,3819.9,-521.1,19.7,1.9405092,819.4,33.6,0.37763937
-8,3840.2,-516,20.3,-0.0307216,819.4,33.6,0.37763937
-13,3842.1,-5,1.9,-0.0499473,819.4,33.6,0.37763937
-5,3843.3,8,1.2,-0.0192165,819.4,33.6,0.37763937
-9,3844.7,-4,1.4,-0.0346023,819.4,33.6,0.37763937
-10,3845.9,-1,1.2,-0.038459,819.4,33.6,0.37763937
-9,3847,1,1.1,-0.034623,819.4,33.6,0.37763937
-12,3848.1,-3,1.1,-0.0461772,819.4,33.6,0.37763937
-11,3849,1,0.9,-0.042339,819.4,33.6,0.37763937
-11,3849.8,0,0.8,-0.0423478,819.4,33.6,0.37763937
-16,3850.8,-5,1,-0.0616128,819.4,33.6,0.37763937
-16,3851.6,0,0.8,-0.0616256,819.4,33.6,0.37763937
-16,3852.3,0,0.7,-0.0616368,819.4,33.6,0.37763937
-13,3853,3,0.7,-0.050089,819.4,33.6,0.37763937
1131.9,3811.8,1144.9,-41.2,4.3145764,819.7,33.6,0.37741151
1134,3810.7,2.1,-1.1,4.3213338,820,33.6,0.37718365
1127,3810.1,-7,-0.6,4.2939827,820.3,33.6,0.3769558
1134,3809.2,7,-0.9,4.3196328,820.6,33.6,0.37672794
1130,3808.8,-4,-0.4,4.303944,821,33.6,0.37642412
1127,3808.4,-3,-0.4,4.2920668,821.3,33.6,0.37619626
1133,3807.8,6,-0.6,4.3142374,821.6,33.6,0.3759684
1130,3807.5,-3,-0.3,4.302475,821.9,33.6,0.37574054
1024,3810.9,-106,3.4,3.9023616,822.2,33.6,0.37551268
925.1,3814.3,-98.9,3.4,3.5286089,822.4,33.6,0.37536078
823,3818,-102.1,3.7,3.142214,822.7,33.6,0.37513292
723,3821.7,-100,3.7,2.7630891,822.9,33.6,0.37498101
614.1,3825.8,-108.9,4.1,2.3494238,823,33.6,0.37490506
513,3829.8,-101.1,4,1.9646874,823.2,33.6,0.37475315
519,3829.9,6,0.1,1.9877181,823.3,33.6,0.3746772
517.9,3830.3,-1.1,0.4,1.9837124,823.5,33.6,0.37452529
508,3830.9,-9.9,0.6,1.9460972,823.6,33.6,0.37444934
514,3830.9,6,0,1.9690826,823.8,33.6,0.37429743
508.9,3831.3,-5.1,0.4,1.9497486,823.9,33.6,0.37422148
512.9,3831.4,4,0.1,1.9651251,824,33.6,0.37414553
516,3831.5,3.1,0.1,1.977054,824.2,33.6,0.37399362
511,3831.8,-5,0.3,1.9580498,824.3,33.6,0.37391767
512,3831.9,1,0.1,1.9619328,824.5,33.6,0.37376576
511.9,3832.1,-0.1,0.2,1.961652,824.6,33.6,0.37368981
543,3831.1,31.1,-1,2.0802873,824.8,33.6,0.3735379
565.9,3830.3,22.9,-0.8,2.1675668,824.9,33.6,0.37346195
597,3829.3,31.1,-1,2.2860921,825.1,33.6,0.37331004
628,3828.2,31,-1.1,2.4041096,825.3,33.6,0.37315813
657,3827.1,29,-1.1,2.5144047,825.4,33.6,0.37308218
682,3826.2,25,-0.9,2.6094684,825.6,33.6,0.37293027
713.9,3824.9,31.9,-1.3,2.7305961,825.8,33.6,0.37277837
715,3824.8,1.1,-0.1,2.734732,826,33.6,0.37262646
714.9,3824.7,-0.1,-0.1,2.734278,826.2,33.6,0.37247456
713,3824.6,-1.9,-0.1,2.7269398,826.4,33.6,0.37232265
1099.9,3810.5,386.9,-14.1,4.191169,826.7,33.6,0.37209479
1496,3795.3,396.1,-15.2,5.6777688,827.1,33.6,0.37179098
1888.8,3779.9,392.8,-15.4,7.1394751,827.7,33.6,0.37133526
2280.9,3764,392.1,-15.9,8.5853076,828.3,33.6,0.37087954
2275.9,3762.3,-5,-1.7,8.5626186,828.9,33.6,0.37042382
2276.9,3760.5,1,-1.8,8.5622824,829.6,33.6,0.36989215
2277,3759,0.1,-1.5,8.559243,830.2,33.6,0.36943643
2276.9,3757.5,-0.1,-1.5,8.5554517,830.8,33.6,0.36898071
2280,3756.1,3.1,-1.4,8.563908,831.5,33.6,0.36844904
2278.9,3754.9,-1.1,-1.2,8.5570416,832.1,33.6,0.36799332
2274,3753.8,-4.9,-1.1,8.5361412,832.7,33.6,0.3675376
2275,3752.6,1,-1.2,8.537165,833.4,33.6,0.36700592
2272,3751.6,-3,-1,8.5236352,834,33.6,0.36655021
2277,3750.4,5,-1.2,8.5396608,834.6,33.6,0.36609449
2273,3749.4,-4,-1,8.5223862,835.3,33.6,0.36556281
2274.9,3748.3,1.9,-1.1,8.5270077,835.9,33.6,0.36510709
2276,3747.3,1.1,-1,8.5288548,836.5,33.6,0.36465137
2277.9,3746.3,1.9,-1,8.5336968,837.2,33.6,0.3641197
2276.1,3745.5,-1.8,-0.8,8.5251326,837.8,33.6,0.36366398
2279,3744.4,2.9,-1.1,8.5334876,838.4,33.6,0.36320826
-85,3830.4,-2364,86,-0.325584,838.4,33.6,0.36320826
-82,3833,3,2.6,-0.314306,838.4,33.6,0.36320826
-88,3835.2,-6,2.2,-0.3374976,838.3,33.6,0.36328422
-79,3836.5,9,1.3,-0.3030835,838.3,33.6,0.36328422
-85,3838.2,-6,1.7,-0.326247,838.3,33.6,0.36328422
-81,3839.3,4,1.1,-0.3109833,838.3,33.6,0.36328422
-80,3840.6,1,1.3,-0.307248,838.3,33.6,0.36328422
-83,3841.8,-3,1.2,-0.3188694,838.2,33.6,0.36336017
-82,3842.8,1,1,-0.3151096,838.2,33.6,0.36336017
193,3833.7,275,-9.1,0.7399041,838.3,33.6,0.36328422
475.9,3823.8,282.9,-9.9,1.8197464,838.4,33.6,0.36320826
761,3813.5,285.1,-10.3,2.9020735,838.6,33.6,0.36305636
1042.9,3803,281.9,-10.5,3.9661487,838.9,33.6,0.3628285
1322,3792.3,279.1,-10.7,5.0134206,839.3,33.6,0.36252468
1598.9,3781.3,276.9,-11,6.0459206,839.7,33.6,0.36222087
1596,3780.3,-2.9,-1,6.0333588,840.2,33.6,0.36184111
1595,3779.5,-1,-0.8,6.0283025,840.6,33.6,0.36153729
1600,3778.4,5,-1.1,6.04544,841,33.6,0.36123348
1600.9,3777.6,0.9,-0.8,6.0475598,841.5,33.6,0.36085371
1594,3777.2,-6.9,-0.4,6.0208568,841.9,33.6,0.3605499
1599,3776.3,5,-0.9,6.0383037,842.4,33.6,0.36017014
1207,3790,-392,13.7,4.57453,842.7,33.6,0.35994228
808.1,3804.7,-398.9,14.7,3.0745781,842.9,33.6,0.35979037
814.9,3804.9,6.8,0.2,3.100613,843.2,33.6,0.35956251
813,3805.3,-1.9,0.4,3.0937089,843.4,33.6,0.3594106
812.9,3805.6,-0.1,0.3,3.0935722,843.6,33.6,0.3592587
934,3801.4,121.1,-4.2,3.5505076,843.9,33.6,0.35903084
1055.9,3796.9,121.9,-4.5,4.0091467,844.2,33.6,0.35880298
1179,3792.3,123.1,-4.6,4.4711217,844.5,33.6,0.35857512
1302.9,3787.4,123.9,-4.9,4.9346035,844.9,33.6,0.3582713
1424,3782.5,121.1,-4.9,5.38628,845.2,33.6,0.35804345
1550.9,3777.3,126.9,-5.2,5.8582146,845.7,33.6,0.35766368
1676.9,3772,126,-5.3,6.3252668,846.1,33.6,0.35735987
1674.9,3771.3,-2,-0.7,6.3165504,846.6,33.6,0.3569801
1674.9,3770.5,0,-0.8,6.3152105,847.1,33.6,0.35660033
516.1,3812.4,-1158.8,41.9,1.9675796,847.2,33.6,0.35652438
-644.7,3856,-1160.8,43.6,-2.4859632,847,33.6,0.35667629
-645.8,3858.6,-1.1,2.6,-2.4918839,846.9,33.6,0.35675224
-651.8,3861,-6,2.4,-2.5165998,846.7,33.6,0.35690415
-644.7,3862.5,7.1,1.5,-2.4901538,846.5,33.6,0.35705605
-642.8,3864.1,1.9,1.6,-2.4838435,846.3,33.6,0.35720796
-646.7,3865.7,-3.9,1.6,-2.4999482,846.1,33.6,0.35735987
-645.8,3867.1,0.9,1.4,-2.4973732,846,33.6,0.35743582
-644.8,3868.5,1,1.4,-2.4944088,845.8,33.6,0.35758773
-643.8,3869.7,1,1.2,-2.4913129,845.6,33.6,0.35773963
-645.8,3871,-2,1.3,-2.4998918,845.4,33.6,0.35789154
-641.8,3872,4,1,-2.4850496,845.2,33.6,0.35804345
137,3844.6,778.8,-27.4,0.5267102,845.3,33.6,0.35796749
929,3815.6,792,-29,3.5446924,845.5,33.6,0.35781559
1714.9,3785.8,785.9,-29.8,6.4922684,846,33.6,0.35743582
1711.9,3783.9,-3,-1.9,6.4776584,846.5,33.6,0.35705605
1712,3782.3,0.1,-1.6,6.4752976,847,33.6,0.35667629
38,3842,-1674,59.7,0.145996,847,33.6,0.35667629
34,3843.5,-4,1.5,0.130679,847,33.6,0.35667629
38,3844.2,4,0.7,0.1460796,847,33.6,0.35667629
31,3845.2,-7,1,0.1192012,847,33.6,0.35667629
37,3845.6,6,0.4,0.1422872,847,33.6,0.35667629
278,3837.4,241,-8.2,1.0667972,847.1,33.6,0.35660033
514.9,3828.9,236.9,-8.5,1.9715006,847.2,33.6,0.35652438
760,3819.8,245.1,-9.1,2.903048,847.5,33.6,0.35629652
998.9,3810.6,238.9,-9.2,3.8064083,847.7,33.6,0.35614461
1242,3801.1,243.1,-9.5,4.7209662,848.1,33.6,0.3558408
1482.9,3791.3,240.9,-9.8,5.6221188,848.5,33.6,0.35553699
1488,3789.9,5.1,-1.4,5.6393712,848.9,33.6,0.35523318
1480.9,3789.1,-7.1,-0.8,5.6112782,849.3,33.6,0.35492936
1482,3788.2,1.1,-0.9,5.6141124,849.7,33.6,0.35462555
1484.9,3787.2,2.9,-1,5.6236133,850.1,33.6,0.35432174
1489,3786.3,4.1,-0.9,5.6378007,850.5,33.6,0.35401792
1480.9,3785.7,-8.1,-0.6,5.6062431,851,33.6,0.35363816
1485,3784.8,4.1,-0.9,5.620428,851.4,33.6,0.35333435
1493,3783.8,8,-1,5.6492134,851.8,33.6,0.35303053
1484,3783.5,-9,-0.3,5.614714,852.2,33.6,0.35272672
1485,3782.8,1,-0.7,5.617458,852.6,33.6,0.35242291
1484,3782.2,-1,-0.6,5.6127848,853,33.6,0.35211909
1487,3781.5,3,-0.7,5.6230905,853.4,33.6,0.35181528
1486.1,3780.9,-0.9,-0.6,5.6187955,853.8,33.6,0.35151147
1432,3782.3,-54.1,1.4,5.4162536,854.2,33.6,0.35120766
1377,3783.8,-55,1.5,5.2102926,854.6,33.6,0.35090384
1323.9,3785.3,-53.1,1.5,5.0113587,855,33.6,0.35060003
1277,3786.8,-46.9,1.5,4.8357436,855.4,33.6,0.35029622
1222.1,3788.5,-54.9,1.7,4.6299259,855.7,33.6,0.35006836
1168,3790.3,-54.1,1.8,4.4270704,856,33.6,0.3498405
1120,3791.9,-48,1.6,4.246928,856.3,33.6,0.34961264
1119,3791.9,-1,0,4.2431361,856.6,33.6,0.34938478
1122.9,3791.6,3.9,-0.3,4.2575876,857,33.6,0.34908097
1114,3791.8,-8.9,0.2,4.2240652,857.3,33.6,0.34885311
1122,3791.3,8,-0.5,4.2538386,857.6,33.6,0.34862525
1118,3791.4,-4,0.1,4.2387852,857.9,33.6,0.34839739
1113.1,3791.4,-4.9,0,4.2202073,858.2,33.6,0.34816953
1127.1,3790.8,14,-0.6,4.2726107,858.5,33.6,0.34794167
1122,3790.8,-5.1,0,4.2532776,858.8,33.6,0.34771381
1121,3790.7,-1,-0.1,4.2493747,859.1,33.6,0.34748595
946,3796.9,-175,6.2,3.5918674,859.4,33.6,0.34725809
762,3803.8,-184,6.9,2.8984956,859.6,33.6,0.34710618
585,3810.6,-177,6.8,2.229201,859.8,33.6,0.34695428
403,3817.8,-182,7.2,1.5385734,859.9,33.6,0.34687832
407,3818.4,4,0.6,1.5540888,860,33.6,0.34680237
403,3819.1,-4,0.7,1.5390973,860.1,33.6,0.34672642
403,3819.6,0,0.5,1.5392988,860.2,33.6,0.34665046
412,3819.8,9,0.2,1.5737576,860.3,33.6,0.34657451
405.9,3820.4,-6.1,0.6,1.5507004,860.4,33.6,0.34649856
403,3821,-2.9,0.6,1.539863,860.6,33.6,0.34634665
405,3821.3,2,0.3,1.5476265,860.7,33.6,0.3462707
407.9,3821.6,2.9,0.3,1.5588306,860.8,33.6,0.34619474
400.1,3822.2,-7.8,0.6,1.5292622,860.9,33.6,0.34611879
403,3822.4,2.9,0.2,1.5404272,861,33.6,0.34604284
407,3822.6,4,0.2,1.5557982,861.1,33.6,0.34596688
404.1,3823,-2.9,0.4,1.5448743,861.2,33.6,0.34589093
403,3823.4,-1.1,0.4,1.5408302,861.3,33.6,0.34581498
402,3823.7,-1,0.3,1.5371274,861.4,33.6,0.34573902
405,3823.8,3,0.1,1.548639,861.6,33.6,0.34558712
312.1,3827.5,-92.9,3.7,1.1945628,861.6,33.6,0.34558712
224.1,3831.1,-88,3.6,0.85854951,861.7,33.6,0.34551117
141.1,3834.6,-83,3.5,0.54106206,861.8,33.6,0.34543521
52,3838.4,-89.1,3.8,0.1995968,861.8,33.6,0.34543521
-36,3842.4,-88,4,-0.1383264,861.8,33.6,0.34543521
-126.9,3846.4,-90.9,4,-0.48810816,861.7,33.6,0.34551117
-121,3847,5.9,0.6,-0.465487,861.7,33.6,0.34551117
-132.8,3848.1,-11.8,1.1,-0.51102768,861.6,33.6,0.34558712
-130.9,3848.8,1.9,0.7,-0.50380792,861.6,33.6,0.34558712
-123.8,3849.1,7.1,0.3,-0.47651858,861.6,33.6,0.34558712
-123.9,3849.8,-0.1,0.7,-0.47699022,861.5,33.6,0.34566307
-125.8,3850.4,-1.9,0.6,-0.48438032,861.5,33.6,0.34566307
-121.9,3850.8,3.9,0.4,-0.46941252,861.5,33.6,0.34566307
-31,3848.1,90.9,-2.7,-0.1192911,861.5,33.6,0.34566307
66,3844.8,97,-3.3,0.2537568,861.5,33.6,0.34566307
160,3841.6,94,-3.2,0.614656,861.5,33.6,0.34566307
251.9,3838.4,91.9,-3.2,0.96689296,861.6,33.6,0.34558712
346,3835,94.1,-3.4,1.32691,861.7,33.6,0.34551117
440.1,3831.5,94.1,-3.5,1.6862431,861.8,33.6,0.34543521
446,3831.1,5.9,-0.4,1.7086706,861.9,33.6,0.34535926
441,3831.1,-5,0,1.6895151,862.1,33.6,0.34520735
443.9,3831,2.9,-0.1,1.7005809,862.2,33.6,0.3451314
441.1,3831,-2.8,0,1.6898541,862.3,33.6,0.34505545
445.9,3830.8,4.8,-0.2,1.7081537,862.4,33.6,0.34497949
2535.9,3754.4,2090,-76.4,9.520783,863.1,33.6,0.34444782
2535.9,3751.2,0,-3.2,9.5126681,863.8,33.6,0.34391615
2533,3748.7,-2.9,-2.5,9.4954571,864.5,33.6,0.34338448
2532.9,3746.4,-0.1,-2.3,9.4892566,865.2,33.6,0.3428528
2531.1,3744.4,-1.8,-2,9.4774508,866,33.6,0.34224518
2532,3742.4,0.9,-2,9.4757568,866.7,33.6,0.3417135
2536,3740.5,4,-1.9,9.485908,867.4,33.6,0.34118183
2035.9,3757,-500.1,16.5,7.6488763,867.9,33.6,0.34080207
1524,3774.8,-511.9,17.8,5.7527952,868.3,33.6,0.34049825
1026,3792.8,-498,18,3.8914128,868.6,33.6,0.34027039
528.1,3811.5,-497.9,18.7,2.0128532,868.8,33.6,0.34011849
528,3812.4,-0.1,0.9,2.0129472,868.9,33.6,0.34004253
530,3813,2,0.6,2.02089,869.1,33.6,0.33989063
531,3813.5,1,0.5,2.0249685,869.2,33.6,0.33981467
525,3814.2,-6,0.7,2.002455,869.4,33.6,0.33966277
527.1,3814.5,2.1,0.3,2.010623,869.5,33.6,0.33958681
529.1,3814.8,2,0.3,2.0184107,869.7,33.6,0.33943491
527,3815.2,-2.1,0.4,2.0106104,869.8,33.6,0.33935895
526.1,3815.5,-0.9,0.3,2.0073345,870,33.6,0.33920705
527,3815.7,0.9,0.2,2.0108739,870.1,33.6,0.3391311
527,3815.9,0,0.2,2.0109793,870.2,33.6,0.33905514
528.9,3816.2,1.9,0.3,2.0183882,870.4,33.6,0.33890324
528,3816.4,-0.9,0.2,2.0150592,870.5,33.6,0.33882728
528,3816.6,0,0.2,2.0151648,870.7,33.6,0.33867538
529.1,3816.7,1.1,0.1,2.019416,870.8,33.6,0.33859942
523,3817.1,-6.1,0.4,1.9963433,871,33.6,0.33844752
1766.9,3771.8,1243.9,-45.3,6.6643934,871.5,33.6,0.33806775
1760.9,3770.3,-6,-1.5,6.6391213,872,33.6,0.33768798
1765,3768.8,4.1,-1.5,6.651932,872.4,33.6,0.33738417
1762.9,3767.7,-2.1,-1.1,6.6420783,872.9,33.6,0.33700441
1766.8,3766.5,3.9,-1.2,6.6546522,873.4,33.6,0.33662464
1766.9,3765.5,0.1,-1,6.6532619,873.9,33.6,0.33624487
1770,3764.5,3.1,-1,6.663165,874.4,33.6,0.33586511
1761.9,3763.9,-8.1,-0.6,6.6316154,874.9,33.6,0.33548534
1761,3763.2,-0.9,-0.7,6.6269952,875.4,33.6,0.33510557
1759,3762.5,-2,-0.7,6.6182375,875.9,33.6,0.33472581
1762.9,3761.6,3.9,-0.9,6.6313246,876.4,33.6,0.33434604
1765.8,3760.9,2.9,-0.7,6.6409972,876.9,33.6,0.33396628
1761,3760.4,-4.8,-0.5,6.6220644,877.3,33.6,0.33366246
1763.9,3759.6,2.9,-0.8,6.6315584,877.8,33.6,0.3332827
1763.9,3759,0,-0.6,6.6305001,878.3,33.6,0.33290293
1766.9,3758.3,3,-0.7,6.6405403,878.8,33.6,0.33252317
1768,3757.6,1.1,-0.7,6.6434368,879.3,33.6,0.3321434
1581.9,3763.8,-186.1,6.2,5.9539552,879.8,33.6,0.33176363
1386,3770.7,-195.9,6.9,5.2261902,880.1,33.6,0.33153577
1387.9,3770.6,1.9,-0.1,5.2332157,880.5,33.6,0.33123196
1388,3770.5,0.1,-0.1,5.233454,880.9,33.6,0.33092815
1386.9,3770.4,-1.1,-0.1,5.2291678,881.3,33.6,0.33062434
1393,3770,6.1,-0.4,5.25161,881.7,33.6,0.33032052
1386.9,3770,-6.1,0,5.228613,882.1,33.6,0.33001671
1390,3769.7,3.1,-0.3,5.239883,882.5,33.6,0.3297129
1387.9,3769.6,-2.1,-0.1,5.2318278,882.8,33.6,0.32948504
1187.1,3776.7,-200.8,7.1,4.4833206,883.2,33.6,0.32918122
1191.9,3776.7,4.8,0,4.5014487,883.5,33.6,0.32895336
1189.1,3776.7,-2.8,0,4.490874,883.8,33.6,0.32872551
1186,3776.9,-3.1,0.2,4.4794034,884.2,33.6,0.32842169
1187.1,3776.8,1.1,-0.1,4.4834393,884.5,33.6,0.32819383
1193.9,3776.5,6.8,-0.3,4.5087633,884.8,33.6,0.32796597
1184,3776.8,-9.9,0.3,4.4717312,885.1,33.6,0.32773811
1192.9,3776.4,8.9,-0.4,4.5048676,885.5,33.6,0.3274343
1189,3776.5,-3.9,0.1,4.4902585,885.8,33.6,0.32720644
1188,3776.5,-1,0,4.486482,886.1,33.6,0.32697858
3000,3710.2,1812,-66.3,11.1306,887,33.6,0.326295
3000,3707.5,0,-2.7,11.1225,887.8,33.6,0.32568738
3000.1,3705.3,0.1,-2.2,11.116271,888.6,33.6,0.32507975
3000,3703.5,-0.1,-1.8,11.1105,889.5,33.6,0.32439617
3000.1,3701.8,0.1,-1.7,11.10577,890.3,33.6,0.32378855
3000.1,3700.1,0,-1.7,11.10067,891.1,33.7,0.32318092
3000.1,3698.6,0,-1.5,11.09617,892,33.7,0.32249734
3000.1,3697.1,0,-1.5,11.09167,892.8,33.7,0.32188972
3000.1,3695.7,0,-1.4,11.08747,893.6,33.7,0.32128209
3000.1,3694.3,0,-1.4,11.083269,894.5,33.7,0.32059851
3000.1,3693,0,-1.3,11.079369,895.3,33.7,0.31999089
3000.1,3691.8,0,-1.2,11.075769,896.1,33.7,0.31938326
1904.1,3730.8,-1096,39,7.1038163,896.7,33.7,0.31892754
346.1,3788.5,-1558,57.7,1.3111999,896.8,33.7,0.31885159
-1220.8,3848.5,-1566.9,60,-4.6982488,896.4,33.7,0.3191554
-1220.9,3852.7,-0.1,4.2,-4.7037614,896.1,33.7,0.31938326
-1218.8,3856.2,2.1,3.5,-4.6999366,895.7,33.7,0.31968707
-1217,3859.1,1.8,2.9,-4.6965247,895.4,33.7,0.31991493
-1219.8,3862,-2.8,2.9,-4.7108676,895.1,33.7,0.32014279
-1218.9,3864.5,0.9,2.5,-4.7104391,894.7,33.7,0.3204466
-799.8,3851.6,419.1,-12.9,-3.0805097,894.5,33.7,0.32059851
-373.8,3837.7,426,-13.9,-1.4345323,894.4,33.7,0.32067446
41,3823.4,414.8,-14.3,0.1567594,894.4,33.7,0.32067446
460.9,3808.5,419.9,-14.9,1.7553376,894.5,33.7,0.32059851
461,3808.4,0.1,-0.1,1.7556724,894.7,33.7,0.3204466
792.1,3796.4,331.1,-12,3.0071284,894.9,33.7,0.3202947
1125.9,3783.8,333.8,-12.6,4.2601804,895.2,33.7,0.32006684
1458,3770.9,332.1,-12.9,5.4979722,895.6,33.7,0.31976303
1789.9,3757.7,331.9,-13.2,6.7259072,896.1,33.7,0.31938326
2117.9,3744.3,328,-13.4,7.930053,896.7,33.7,0.31892754
2126,3742.2,8.1,-2.1,7.9559172,897.3,33.7,0.31847182
2117.9,3741,-8.1,-1.2,7.9230639,897.9,33.7,0.3180161
2121.9,3739.5,4,-1.5,7.9348451,898.5,33.7,0.31756038
2115.9,3738.4,-6,-1.1,7.9100806,899.1,33.7,0.31710466
2117.9,3737.2,2,-1.2,7.9150159,899.6,33.7,0.3167249
2116,3736.1,-1.9,-1.1,7.9055876,900.2,33.7,0.31626918
-76,3815.4,-2192,79.3,-0.2899704,900.2,33.7,0.31626918
-75,3817.7,1,2.3,-0.2863275,900.2,33.7,0.31626918
-67,3819.2,8,1.5,-0.2558864,900.2,33.7,0.31626918
-73,3820.9,-6,1.7,-0.2789257,900.1,33.7,0.31634513
-76,3822.3,-3,1.4,-0.2904948,900.1,33.7,0.31634513
-71,3823.2,5,0.9,-0.2714472,900.1,33.7,0.31634513
-71,3824.4,0,1.2,-0.2715324,900.1,33.7,0.31634513
-72,3825.4,-1,1,-0.2754288,900.1,33.7,0.31634513
-78,3826.5,-6,1.1,-0.298467,900,33.7,0.31642108
2282.8,3741.2,2360.8,-85.3,8.5404114,900.7,33.7,0.31588941
2281,3738.5,-1.8,-2.7,8.5275185,901.3,33.7,0.31543369
2279.9,3736.3,-1.1,-2.2,8.5183904,901.9,33.7,0.31497797
2283,3734.4,3.1,-1.9,8.5256352,902.6,33.7,0.3144463
2280.9,3732.8,-2.1,-1.6,8.5141435,903.2,33.7,0.31399058
2282,3731.3,1.1,-1.5,8.5148266,903.8,33.7,0.31353486
2282,3730,0,-1.3,8.51186,904.5,33.7,0.31300319
2283,3728.6,1,-1.4,8.5123938,905.1,33.7,0.31254747
2285.8,3727.4,2.8,-1.2,8.5200909,905.8,33.7,0.3120158
2282.2,3726.4,-3.6,-1,8.5043901,906.4,33.7,0.31156008
2285.9,3725.2,3.7,-1.2,8.5154347,907,33.7,0.31110436
2286,3724.2,0.1,-1,8.5135212,907.7,33.7,0.31057269
2279.9,3723.5,-6.1,-0.7,8.4892077,908.3,33.7,0.31011697
2282,3722.5,2.1,-1,8.494745,908.9,33.7,0.30966125
2279.1,3721.7,-2.9,-0.8,8.4821265,909.6,33.7,0.30912958
2283,3720.7,3.9,-1,8.4943581,910.2,33.7,0.30867386
2285.9,3719.8,2.9,-0.9,8.5030908,910.8,33.8,0.30821814
2289,3718.9,3.1,-0.9,8.5125621,911.5,33.8,0.30768647
2283,3718.3,-6,-0.6,8.4888789,912.1,33.8,0.30723075
1857.1,3733.1,-425.9,14.8,6.93274,912.6,33.8,0.30685098
1430.1,3748.7,-427,15.6,5.3610159,913,33.8,0.30654717
1003.1,3764.7,-427,16,3.7763706,913.3,33.8,0.30631931
583,3781,-420.1,16.3,2.204323,913.4,33.8,0.30624335
577,3782.5,-6,1.5,2.1825025,913.6,33.8,0.30609145
584,3783.3,7,0.8,2.2094472,913.8,33.8,0.30593954
578.9,3784.4,-5.1,1.1,2.1907892,913.9,33.8,0.30586359
576,3785.3,-2.9,0.9,2.1803328,914.1,33.8,0.30571168
581,3785.9,5,0.6,2.1996079,914.3,33.8,0.30555978
580,3786.6,-1,0.7,2.196228,914.4,33.8,0.30548382
578,3787.3,-2,0.7,2.1890594,914.6,33.8,0.30533192
587,3787.5,9,0.2,2.2232625,914.7,33.8,0.30525596
584.1,3788.2,-2.9,0.7,2.2126876,914.9,33.8,0.30510406
581,3788.8,-3.1,0.6,2.2012928,915.1,33.8,0.30495215
582.9,3789.2,1.9,0.4,2.2087247,915.2,33.8,0.3048762
582,3789.7,-0.9,0.5,2.2056054,915.4,33.8,0.30472429
581,3790.2,-1,0.5,2.2021062,915.5,33.8,0.30464834
579,3790.7,-2,0.5,2.1948153,915.7,33.8,0.30449643
581,3791,2,0.3,2.202571,915.9,33.8,0.30434452
74,3809.9,-507,18.9,0.2819326,915.9,33.8,0.30434452
69,3811.3,-5,1.4,0.2629797,915.9,33.8,0.30434452
62,3812.5,-7,1.2,0.236375,915.9,33.8,0.30434452
60,3813.5,-2,1,0.22881,915.9,33.8,0.30434452
48,3814.7,-12,1.2,0.1831056,916,33.8,0.30426857
40,3815.9,-8,1.2,0.152636,916,33.8,0.30426857
36,3816.8,-4,0.9,0.1374048,916,33.8,0.30426857
31,3817.7,-5,0.9,0.1183487,916,33.8,0.30426857
24,3818.7,-7,1,0.0916488,916,33.8,0.30426857
19,3819.6,-5,0.9,0.0725724,916,33.8,0.30426857
15,3820.4,-4,0.8,0.057306,916,33.8,0.30426857
21,3820.8,6,0.4,0.0802368,916,33.8,0.30426857
24,3821.3,3,0.5,0.0917112,916,33.8,0.30426857
25,3821.9,1,0.6,0.0955475,916,33.8,0.30426857
20,3822.7,-5,0.8,0.076454,916,33.8,0.30426857
20,3823.2,0,0.5,0.076464,916,33.8,0.30426857
22,3823.7,2,0.5,0.0841214,916,33.8,0.30426857
20,3824.3,-2,0.6,0.076486,916,33.8,0.30426857
20,3824.8,0,0.5,0.076496,916,33.8,0.30426857
20,3825.3,0,0.5,0.076506,916.1,33.8,0.30419262
22,3825.7,2,0.4,0.0841654,916.1,33.8,0.30419262
18,3826.3,-4,0.6,0.0688734,916.1,33.8,0.30419262
22,3826.7,4,0.4,0.0841874,916.1,33.8,0.30419262
22,3827.1,0,0.4,0.0841962,916.1,33.8,0.30419262
23,3827.5,1,0.4,0.0880325,916.1,33.8,0.30419262
21,3828,-2,0.5,0.080388,916.1,33.8,0.30419262
24,3828.3,3,0.3,0.0918792,916.1,33.8,0.30419262
19,3828.9,-5,0.6,0.0727491,916.1,33.8,0.30419262
20,3829.2,1,0.3,0.076584,916.1,33.8,0.30419262
22,3829.5,2,0.3,0.084249,916.1,33.8,0.30419262
24,3829.8,2,0.3,0.0919152,916.1,33.8,0.30419262
19,3830.3,-5,0.5,0.0727757,916.1,33.8,0.30419262
21,3830.6,2,0.3,0.0804426,916.1,33.8,0.30419262
25,3830.8,4,0.2,0.09577,916.1,33.8,0.30419262
23,3831.2,-2,0.4,0.0881176,916.1,33.8,0.30419262
22,3831.6,-1,0.4,0.0842952,916.2,33.8,0.30411666
21,3831.9,-1,0.3,0.0804699,916.2,33.8,0.30411666
27,3832,6,0.1,0.103464,916.2,33.8,0.30411666
21,3832.5,-6,0.5,0.0804825,916.2,33.8,0.30411666
22,3832.8,1,0.3,0.0843216,916.2,33.8,0.30411666
23,3833,1,0.2,0.088159,916.2,33.8,0.30411666
20,3833.4,-3,0.4,0.076668,916.2,33.8,0.30411666
27,3833.4,7,0,0.1035018,916.2,33.8,0.30411666
17,3834,-10,0.6,0.065178,916.2,33.8,0.30411666
22,3834.1,5,0.1,0.0843502,916.2,33.8,0.30411666
19,3834.5,-3,0.4,0.0728555,916.2,33.8,0.30411666
23,3834.6,4,0.1,0.0881958,916.2,33.8,0.30411666
27,3834.7,4,0.1,0.1035369,916.2,33.8,0.30411666
21,3835.1,-6,0.4,0.0805371,916.2,33.8,0.30411666
24,3835.2,3,0.1,0.0920448,916.2,33.8,0.30411666
23,3835.5,-1,0.3,0.0882165,916.2,33.8,0.30411666
22,3835.8,-1,0.3,0.0843876,916.3,33.8,0.30404071
21,3836.1,-1,0.3,0.0805581,916.3,33.8,0.30404071
27,3836,6,-0.1,0.103572,916.3,33.8,0.30404071
16,3836.6,-11,0.6,0.0613856,916.3,33.8,0.30404071
27,3836.5,11,-0.1,0.1035855,916.3,33.8,0.30404071
25,3836.7,-2,0.2,0.0959175,916.3,33.8,0.30404071
20,3837.1,-5,0.4,0.076742,916.3,33.8,0.30404071
20,3837.3,0,0.2,0.076746,916.3,33.8,0.30404071
28,3837.2,8,-0.1,0.1074416,916.3,33.8,0.30404071
22,3837.6,-6,0.4,0.0844272,916.3,33.8,0.30404071
21,3837.8,-1,0.2,0.0805938,916.3,33.8,0.30404071
26,3837.8,5,0,0.0997828,916.3,33.8,0.30404071
29,3837.9,3,0.1,0.1112991,916.3,33.8,0.30404071
13,3838.6,-16,0.7,0.0499018,916.3,33.8,0.30404071
18,3838.7,5,0.1,0.0690966,916.3,33.8,0.30404071
25,3838.6,7,-0.1,0.095965,916.3,33.8,0.30404071
20,3838.9,-5,0.3,0.076778,916.3,33.7,0.30404071
21,3839,1,0.1,0.080619,916.4,33.7,0.30396476
21,3839.1,0,0.1,0.0806211,916.4,33.7,0.30396476
19,3839.4,-2,0.3,0.0729486,916.4,33.7,0.30396476
20,3839.5,1,0.1,0.07679,916.4,33.7,0.30396476
27,3839.4,7,-0.1,0.1036638,916.4,33.7,0.30396476
21,3839.8,-6,0.4,0.0806358,916.4,33.7,0.30396476
25,3839.8,4,0,0.095995,916.4,33.7,0.30396476
18,3840.2,-7,0.4,0.0691236,916.4,33.7,0.30396476
27,3840,9,-0.2,0.10368,916.4,33.7,0.30396476
26,3840.1,-1,0.1,0.0998426,916.4,33.7,0.30396476
20,3840.5,-6,0.4,0.07681,916.4,33.7,0.30396476
26,3840.4,6,-0.1,0.0998504,916.4,33.7,0.30396476
19,3840.8,-7,0.4,0.0729752,916.4,33.7,0.30396476
20,3840.9,1,0.1,0.076818,916.4,33.7,0.30396476
22,3841,2,0.1,0.084502,916.4,33.7,0.30396476
29,3840.9,7,-0.1,0.1113861,916.4,33.7,0.30396476
23,3841.2,-6,0.3,0.0883476,916.5,33.7,0.3038888
20,3841.4,-3,0.2,0.076828,916.5,33.7,0.3038888
24,3841.4,4,0,0.0921936,916.5,33.7,0.3038888
27,3841.4,3,0,0.1037178,916.5,33.7,0.3038888
23,3841.6,-4,0.2,0.0883568,916.5,33.7,0.3038888
21,3841.8,-2,0.2,0.0806778,916.5,33.7,0.3038888
21,3841.9,0,0.1,0.0806799,916.5,33.7,0.3038888
23,3842,2,0.1,0.088366,916.5,33.7,0.3038888
20,3842.2,-3,0.2,0.076844,916.5,33.7,0.3038888
15,3842.5,-5,0.3,0.0576375,916.5,33.7,0.3038888
17,3842.5,2,0,0.0653225,916.5,33.7,0.3038888
27,3842.3,10,-0.2,0.1037421,916.5,33.7,0.3038888
23,3842.5,-4,0.2,0.0883775,916.5,33.7,0.3038888
27,3842.5,4,0,0.1037475,916.5,33.7,0.3038888
22,3842.7,-5,0.2,0.0845394,916.5,33.7,0.3038888
19,3843,-3,0.3,0.073017,916.5,33.7,0.3038888
23,3842.9,4,-0.1,0.0883867,916.6,33.7,0.30381285
19,3843.1,-4,0.2,0.0730189,916.6,33.7,0.30381285
21,3843.1,2,0,0.0807051,916.6,33.7,0.30381285
25,3843.1,4,0,0.0960775,916.6,33.7,0.30381285
27,3843.1,2,0,0.1037637,916.6,33.7,0.30381285
21,3843.4,-6,0.3,0.0807114,916.6,33.7,0.30381285
24,3843.4,3,0,0.0922416,916.6,33.7,0.30381285
19,3843.7,-5,0.3,0.0730303,916.6,33.7,0.30381285
15,3843.9,-4,0.2,0.0576585,916.6,33.7,0.30381285
20,3843.8,5,-0.1,0.076876,916.6,33.7,0.30381285
25,3843.8,5,0,0.096095,916.6,33.7,0.30381285
24,3843.8,-1,0,0.0922512,916.6,33.7,0.30381285
25,3843.9,1,0.1,0.0960975,916.6,33.7,0.30381285
19,3844.2,-6,0.3,0.0730398,916.6,33.7,0.30381285
21,3844.2,2,0,0.0807282,916.6,33.7,0.30381285
23,3844.2,2,0,0.0884166,916.6,33.7,0.30381285
24,3844.2,1,0,0.0922608,916.7,33.7,0.3037369
20,3844.5,-4,0.3,0.07689,916.7,33.7,0.3037369
339,3833,319,-11.5,1.299387,916.8,33.7,0.30366094
343,3832.4,4,-0.6,1.3145132,916.8,33.7,0.30366094
343,3832.1,0,-0.3,1.3144103,916.9,33.7,0.30358499
343,3831.8,0,-0.3,1.3143074,917,33.7,0.30350904
340,3831.7,-3,-0.1,1.302778,917.1,33.7,0.30343309
342.9,3831.4,2.9,-0.3,1.3137871,917.2,33.7,0.30335713
338,3831.3,-4.9,-0.1,1.2949794,917.3,33.7,0.30328118
341,3831,3,-0.3,1.306371,917.4,33.7,0.30320523
342,3830.8,1,-0.2,1.3101336,917.5,33.7,0.30312927
341,3830.7,-1,-0.1,1.3062687,917.6,33.7,0.30305332
120.1,3838.5,-220.9,7.8,0.46100385,917.6,33.7,0.30305332
123.1,3838.6,3,0.1,0.47253166,917.7,33.7,0.30297737
119,3838.9,-4.1,0.3,0.4568291,917.7,33.7,0.30297737
119.1,3839,0.1,0.1,0.4572249,917.7,33.7,0.30297737
120,3839,0.9,0,0.46068,917.8,33.7,0.30290141
126,3838.9,6,-0.1,0.4837014,917.8,33.7,0.30290141
121,3839.1,-5,0.2,0.4645311,917.8,33.7,0.30290141
123,3839.1,2,0,0.4722093,917.9,33.7,0.30282546
118,3839.3,-5,0.2,0.4530374,917.9,33.7,0.30282546
122.1,3839.2,4.1,-0.1,0.46876632,917.9,33.7,0.30282546
116.9,3839.5,-5.2,0.3,0.44883755,918,33.7,0.30274951
120.1,3839.4,3.2,-0.1,0.46111194,918,33.7,0.30274951
117,3839.6,-3.1,0.2,0.4492332,918,33.7,0.30274951
119.9,3839.5,2.9,-0.1,0.46035605,918.1,33.7,0.30267355
238.8,3835.2,118.9,-4.3,0.91584576,918.1,33.7,0.30267355
367,3830.4,128.2,-4.8,1.4057568,918.2,33.7,0.3025976
485,3825.8,118,-4.6,1.855513,918.4,33.7,0.30244569
604,3821,119,-4.8,2.307884,918.5,33.7,0.30236974
605.9,3820.4,1.9,-0.6,2.3147804,918.7,33.7,0.30221783
619,3819.4,13.1,-1,2.3642086,918.9,33.7,0.30206593
608,3819.4,-11,0,2.3221952,919.1,33.7,0.30191402
616.1,3818.7,8.1,-0.7,2.3527011,919.2,33.7,0.30183807
607.9,3818.6,-8.2,-0.1,2.3213269,919.4,33.7,0.30168616
611,3818.1,3.1,-0.5,2.3328591,919.6,33.7,0.30153425
615,3817.6,4,-0.5,2.347824,919.7,33.7,0.3014583
608,3817.4,-7,-0.2,2.3209792,919.9,33.7,0.3013064
613,3817,5,-0.4,2.339821,920.1,33.7,0.30115449
607,3816.8,-6,-0.2,2.3167976,920.2,33.7,0.30107854
614,3816.3,7,-0.5,2.3432082,920.4,33.7,0.30092663
854,3807.3,240,-9,3.2514342,920.6,33.7,0.30077472
1095,3797.8,241,-9.5,4.158591,921,33.7,0.30047091
1332,3788.2,237,-9.6,5.0458824,921.3,33.7,0.30024305
1577.9,3778,245.9,-10.2,5.9613062,921.8,33.7,0.29986328
1579.9,3776.5,2,-1.5,5.9664924,922.2,33.7,0.29955947
1579,3775.2,-0.9,-1.3,5.9610408,922.6,33.7,0.29925566
1578.9,3774,-0.1,-1.2,5.9587686,923.1,33.7,0.29887589
1570,3773.2,-8.9,-0.8,5.923924,923.5,33.7,0.29857208
1578.9,3771.8,8.9,-1.4,5.955295,924,33.7,0.29819231
1576,3770.9,-2.9,-0.9,5.9429384,924.4,33.7,0.2978885
1574.9,3769.9,-1.1,-1,5.9372155,924.8,33.7,0.29758469
1574,3769,-0.9,-0.9,5.932406,925.3,33.7,0.29720492
1577.9,3767.9,3.9,-1.1,5.9453694,925.7,33.7,0.29690111
3000,3715.1,1422.1,-52.8,11.1453,926.5,33.7,0.29629348
3000,3712,0,-3.1,11.136,927.4,33.7,0.2956099
3000,3709.4,0,-2.6,11.1282,928.2,33.7,0.29500228
3000.1,3707.1,0.1,-2.3,11.121671,929,33.7,0.29439465
3000,3704.8,-0.1,-2.3,11.1144,929.9,33.7,0.29371107
3000,3702.7,0,-2.1,11.1081,930.7,33.7,0.29310345
3000,3700.7,0,-2,11.1021,931.5,33.7,0.29249582
3000,3698.7,0,-2,11.0961,932.4,33.7,0.29181224
3000.1,3696.9,0.1,-1.8,11.09107,933.2,33.7,0.29120462
3000,3695.2,-0.1,-1.7,11.0856,934,33.7,0.29059699
3000.1,3693.5,0.1,-1.7,11.080869,934.9,33.7,0.28991341
3000.1,3691.9,0,-1.6,11.076069,935.7,33.7,0.28930579
2911,3693.5,-89.1,1.6,10.751779,936.5,33.7,0.28869816
2783.3,3696.8,-127.7,3.3,10.289303,937.3,33.7,0.28809054
2655,3700.3,-128.3,3.5,9.8242965,938,33.7,0.28755886
2660,3699.2,5,-1.1,9.839872,938.8,33.7,0.28695124
2658.2,3698.2,-1.8,-1,9.8305552,939.5,33.7,0.28641957
2653,3697.4,-5.2,-0.8,9.8092022,940.2,33.7,0.28588789
2657.1,3696.2,4.1,-1.2,9.821173,941,33.7,0.28528027
2655,3695.3,-2.1,-0.9,9.8110215,941.7,33.7,0.28474859
2651.2,3694.5,-3.8,-0.8,9.7948584,942.4,33.7,0.28421692
2658,3693.3,6.8,-1.2,9.8167914,943.2,33.7,0.2836093
2654,3692.5,-4,-0.8,9.799895,943.9,33.7,0.28307762
2657.1,3691.5,3.1,-1,9.8086847,944.7,33.7,0.28247
2654,3690.7,-3.1,-0.8,9.7951178,945.4,33.7,0.28193833
2302,3702.7,-352,12,8.5236154,946,33.7,0.28148261
1958,3715,-344,12.3,7.27397,946.6,33.7,0.28102689
1598,3728.3,-360,13.3,5.9578234,947,33.7,0.28072307
1252.1,3741.5,-345.9,13.2,4.6847321,947.4,33.7,0.28041926
898.1,3755.4,-354,13.9,3.3727247,947.6,33.7,0.28026736
554,3769.2,-344.1,13.8,2.0881368,947.8,33.7,0.28011545
554,3770.6,0,1.4,2.0889124,947.9,33.7,0.2800395
545,3772.2,-9,1.6,2.055849,948.1,33.7,0.27988759
552,3773.1,7,0.9,2.0827512,948.2,33.7,0.27981164
549,3774.2,-3,1.1,2.0720358,948.4,33.7,0.27965973
547,3775.1,-2,0.9,2.0649797,948.5,33.7,0.27958378
551.1,3775.8,4.1,0.7,2.0808434,948.7,33.7,0.27943187
1350.8,3747.2,799.7,-28.6,5.0617178,949.1,33.7,0.27912806
1350,3746.7,-0.8,-0.5,5.058045,949.4,33.7,0.2789002
1165.1,3753.2,-184.9,6.5,4.3728533,949.8,33.8,0.27859638
979,3760.1,-186.1,6.9,3.6811379,950,33.8,0.27844448
793.1,3767.3,-185.9,7.2,2.9878456,950.3,33.8,0.27821662
606,3774.6,-187.1,7.3,2.2874076,950.4,33.8,0.27814067
424.1,3782.1,-181.9,7.5,1.6039886,950.5,33.8,0.27806471
239,3789.8,-185.1,7.7,0.9057622,950.6,33.8,0.27798876
49,3797.9,-190,8.1,0.1860971,950.6,33.8,0.27798876
53,3799,4,1.1,0.201347,950.6,33.8,0.27798876
50,3800.2,-3,1.2,0.19001,950.7,33.8,0.27791281
50,3801.3,0,1.1,0.190065,950.7,33.8,0.27791281
45,3802.4,-5,1.1,0.171108,950.7,33.8,0.27791281
45,3803.4,0,1,0.171153,950.7,33.8,0.27791281
46,3804.2,1,0.8,0.1749932,950.7,33.8,0.27791281
48,3805,2,0.8,0.18264,950.7,33.8,0.27791281
52,3805.6,4,0.6,0.1978912,950.7,33.8,0.27791281
47,3806.5,-5,0.9,0.1789055,950.7,33.8,0.27791281
54,3807,7,0.5,0.205578,950.8,33.8,0.27783685
51,3807.8,-3,0.8,0.1941978,950.8,33.8,0.27783685
45,3808.7,-6,0.9,0.1713915,950.8,33.8,0.27783685
49,3809.2,4,0.5,0.1866508,950.8,33.8,0.27783685
46,3809.9,-3,0.7,0.1752554,950.8,33.8,0.27783685
52,3810.3,6,0.4,0.1981356,950.8,33.8,0.27783685
49,3811,-3,0.7,0.186739,950.8,33.8,0.27783685
50,3811.6,1,0.6,0.19058,950.9,33.8,0.2777609
46,3812.2,-4,0.6,0.1753612,950.9,33.8,0.2777609
48,3812.7,2,0.5,0.1830096,950.9,33.8,0.2777609
47,3813.2,-1,0.5,0.1792204,950.9,33.8,0.2777609
48,3813.7,1,0.5,0.1830576,950.9,33.8,0.2777609
56,3813.9,8,0.2,0.2135784,950.9,33.8,0.2777609
47,3814.7,-9,0.8,0.1792909,950.9,33.8,0.2777609
52,3814.9,5,0.2,0.1983748,951,33.8,0.27768495
48,3815.5,-4,0.6,0.183144,951,33.8,0.27768495
49,3815.9,1,0.4,0.1869791,951,33.8,0.27768495
50,3816.3,1,0.4,0.190815,951,33.8,0.27768495
43,3816.9,-7,0.6,0.1641267,951,33.8,0.27768495
45,3817.3,2,0.4,0.1717785,951,33.8,0.27768495
52,3817.4,7,0.1,0.1985048,951,33.8,0.27768495
48,3817.9,-4,0.5,0.1832592,951,33.8,0.27768495
46,3818.3,-2,0.4,0.1756418,951.1,33.8,0.27760899
47,3818.6,1,0.3,0.1794742,951.1,33.8,0.27760899
50,3818.9,3,0.3,0.190945,951.1,33.8,0.27760899
51,3819.2,1,0.3,0.1947792,951.1,33.8,0.27760899
48,3819.6,-3,0.4,0.1833408,951.1,33.8,0.27760899
49,3819.9,1,0.3,0.1871751,951.1,33.8,0.27760899
50,3820.1,1,0.2,0.191005,951.1,33.8,0.27760899
51,3820.4,1,0.3,0.1948404,951.2,33.8,0.27753304
48,3820.8,-3,0.4,0.1833984,951.2,33.8,0.27753304
52,3820.9,4,0.1,0.1986868,951.2,33.8,0.27753304
57,3821,5,0.1,0.217797,951.2,33.8,0.27753304
50,3821.5,-7,0.5,0.191075,951.2,33.8,0.27753304
53,3821.7,3,0.2,0.2025501,951.2,33.8,0.27753304
53,3822,0,0.3,0.202566,951.2,33.8,0.27753304
48,3822.4,-5,0.4,0.1834752,951.3,33.8,0.27745709
52,3822.5,4,0.1,0.19877,951.3,33.8,0.27745709
49,3822.8,-3,0.3,0.1873172,951.3,33.8,0.27745709
50,3823,1,0.2,0.19115,951.3,33.8,0.27745709
49,3823.3,-1,0.3,0.1873417,951.3,33.8,0.27745709
49,3823.5,0,0.2,0.1873515,951.3,33.8,0.27745709
55,3823.5,6,0,0.2102925,951.3,33.8,0.27745709
48,3824,-7,0.5,0.183552,951.4,33.8,0.27738113
49,3824.1,1,0.1,0.1873809,951.4,33.8,0.27738113
52,3824.2,3,0.1,0.1988584,951.4,33.8,0.27738113
50,3824.5,-2,0.3,0.191225,951.4,33.8,0.27738113
52,3824.7,2,0.2,0.1988844,951.4,33.8,0.27738113
46,3825,-6,0.3,0.17595,951.4,33.8,0.27738113
50,3825.1,4,0.1,0.191255,951.4,33.8,0.27738113
51,3825.3,1,0.2,0.1950903,951.5,33.8,0.27730518
47,3825.6,-4,0.3,0.1798032,951.5,33.8,0.27730518
49,3825.7,2,0.1,0.1874593,951.5,33.8,0.27730518
55,3825.6,6,-0.1,0.210408,951.5,33.8,0.27730518
47,3826.1,-8,0.5,0.1798267,951.5,33.8,0.27730518
48,3826.2,1,0.1,0.1836576,951.5,33.8,0.27730518
46,3826.4,-2,0.2,0.1760144,951.5,33.8,0.27730518
51,3826.4,5,0,0.1951464,951.5,33.8,0.27730518
49,3826.6,-2,0.2,0.1875034,951.6,33.8,0.27722923
45,3827,-4,0.4,0.172215,951.6,33.8,0.27722923
51,3826.9,6,-0.1,0.1951719,951.6,33.8,0.27722923
51,3827,0,0.1,0.195177,951.6,33.8,0.27722923
50,3827.2,-1,0.2,0.19136,951.6,33.8,0.27722923
49,3827.4,-1,0.2,0.1875426,951.6,33.8,0.27722923
51,3827.4,2,0,0.1951974,951.6,33.8,0.27722923
52,3827.5,1,0.1,0.19903,951.7,33.8,0.27715327
47,3827.8,-5,0.3,0.1799066,951.7,33.8,0.27715327
43,3828.1,-4,0.3,0.1646083,951.7,33.7,0.27715327
48,3828.1,5,0,0.1837488,951.7,33.7,0.27715327
47,3828.2,-1,0.1,0.1799254,951.7,33.7,0.27715327
51,3828.2,4,0,0.1952382,951.7,33.7,0.27715327
50,3828.3,-1,0.1,0.191415,951.7,33.7,0.27715327
3000,3721.2,2950,-107.1,11.1636,952.6,33.7,0.27646969
3000,3716.6,0,-4.6,11.1498,953.4,33.7,0.27586207
3000,3713,0,-3.6,11.139,954.2,33.7,0.27525444
3000,3709.7,0,-3.3,11.1291,955.1,33.7,0.27457086
3000,3706.9,0,-2.8,11.1207,955.9,33.7,0.27396324
3000.1,3704.1,0.1,-2.8,11.11267,956.7,33.7,0.27335561
3000.1,3701.6,0,-2.5,11.10517,957.6,33.7,0.27267203
3000.1,3699.2,0,-2.4,11.09797,958.4,33.7,0.27206441
3000.1,3696.9,0,-2.3,11.09107,959.2,33.7,0.27145678
3000.1,3694.7,0,-2.2,11.084469,960.1,33.7,0.2707732
3000.1,3692.6,0,-2.1,11.078169,960.9,33.7,0.27016558
3000,3690.6,-0.1,-2,11.0718,961.7,33.7,0.26955795
3000,3688.7,0,-1.9,11.0661,962.6,33.7,0.26887437
3000,3686.9,0,-1.8,11.0607,963.4,33.7,0.26826675
2918.2,3688.1,-81.8,1.2,10.762613,964.2,33.7,0.26765912
2915,3686.6,-3.2,-1.5,10.746439,965,33.7,0.2670515
2918.1,3685,3.1,-1.6,10.753198,965.8,33.7,0.26644387
2645.1,3693.5,-273,8.5,9.7696768,966.6,33.7,0.26583624
2371,3702.5,-274.1,9,8.7786275,967.2,33.7,0.26538053
2098.9,3711.8,-272.1,9.3,7.790697,967.8,33.7,0.26492481
2088,3711.8,-10.9,0,7.7502384,968.4,33.8,0.26446909
2099.9,3710.9,11.9,-0.9,7.7925189,969,33.8,0.26401337
2095.9,3710.5,-4,-0.4,7.7768369,969.6,33.8,0.26355765
2096,3709.9,0.1,-0.6,7.7759504,970.1,33.8,0.26317788
2099.8,3709.2,3.8,-0.7,7.7885782,970.7,33.8,0.26272216
2093.9,3708.9,-5.9,-0.3,7.7660657,971.3,33.8,0.26226644
2097,3708.2,3.1,-0.7,7.7760954,971.9,33.8,0.26181072
2094.8,3707.7,-2.2,-0.5,7.76689,972.5,33.8,0.26135501
2092.9,3707.2,-1.9,-0.5,7.7587989,973,33.8,0.26097524
2096.9,3706.5,4,-0.7,7.7721599,973.6,33.8,0.26051952
2096,3706,-0.9,-0.5,7.767776,974.2,33.8,0.2600638
2095.9,3705.4,-0.1,-0.6,7.7661479,974.8,33.8,0.25960808
2096,3704.9,0.1,-0.5,7.7654704,975.4,33.8,0.25915236
2095.9,3704.4,-0.1,-0.5,7.764052,976,33.8,0.25869664
2099,3703.7,3.1,-0.7,7.7740663,976.5,33.8,0.25831688
2098.9,3703.2,-0.1,-0.5,7.7726465,977.1,33.8,0.25786116
2165,3700.2,66.1,-3,8.010933,977.7,33.8,0.25740544
2228.9,3697.3,63.9,-2.9,8.240912,978.3,33.8,0.25694972
2285.9,3694.4,57,-2.9,8.445029,979,33.8,0.25641805
2352.9,3691.3,67,-3.1,8.6852598,979.6,33.8,0.25596233
2424,3687.8,71.1,-3.5,8.9392272,980.3,33.8,0.25543065
2420.1,3687.1,-3.9,-0.7,8.9231507,981,33.8,0.25489898
2417,3686.4,-3.1,-0.7,8.9100288,981.7,33.8,0.25436731
2422,3685.4,5,-1,8.9260388,982.3,33.8,0.25391159
2420,3684.7,-2,-0.7,8.916974,983,33.8,0.25337992
2421.9,3683.9,1.9,-0.8,8.9220374,983.7,33.8,0.25284825
1984,3699.3,-437.9,15.4,7.3394112,984.2,33.8,0.25246848
1976.9,3699.4,-7.1,0.1,7.3133439,984.8,33.8,0.25201276
1977,3699.3,0.1,-0.1,7.3135161,985.3,33.8,0.25163299
1979.8,3698.9,2.8,-0.4,7.3230822,985.9,33.8,0.25117727
1980.9,3698.6,1.1,-0.3,7.3265567,986.4,33.9,0.25079751
1980.9,3698.4,0,-0.2,7.3261606,987,33.9,0.25034179
1979.9,3698.1,-1,-0.3,7.3218682,987.5,33.9,0.24996202
1986,3697.6,6.1,-0.5,7.3434336,988.1,33.9,0.2495063
1980.9,3697.5,-5.1,-0.1,7.3243778,988.6,33.9,0.24912654
1978.8,3697.3,-2.1,-0.2,7.3162172,989.2,33.9,0.24867082
1981.9,3696.8,3.1,-0.5,7.3266879,989.7,33.9,0.24829105
1977.8,3696.7,-4.1,-0.1,7.3113333,990.3,33.9,0.24783533
1982.9,3696.2,5.1,-0.5,7.329195,990.8,33.9,0.24745557
1975,3696.2,-7.9,0,7.299995,991.4,33.9,0.24699985
1975.8,3695.8,0.8,-0.4,7.3021616,991.9,33.9,0.24662008
1981.9,3695.3,6.1,-0.5,7.3237151,992.5,33.9,0.24616436
1979.9,3695,-2,-0.3,7.3157305,993,33.9,0.2457846
1863.1,3699,-116.8,4,6.8916069,993.5,33.9,0.24540483
1751.9,3703,-111.2,4,6.4872857,994,33.9,0.24502506
1629.1,3707.4,-122.8,4.4,6.0397253,994.5,33.9,0.2446453
1520.9,3711.6,-108.2,4.2,5.6449724,994.9,33.9,0.24434149
1402.1,3716.2,-118.8,4.6,5.210484,995.3,33.9,0.24403767
1405.9,3716.4,3.8,0.2,5.2248868,995.7,33.9,0.24373386
1402,3716.7,-3.9,0.3,5.2108134,996.1,33.9,0.24343005
1685.8,3706.6,283.8,-10.1,6.2485863,996.5,33.9,0.24312623
1973.9,3695.7,288.1,-10.9,7.2949422,997.1,33.9,0.24267051
2258.9,3684.7,285,-11,8.3233688,997.7,33.9,0.2422148
2539,3673.4,280.1,-11.3,9.3267626,998.4,33.9,0.24168312
2826,3661.7,287,-11.7,10.347964,999.2,33.9,0.2410755
2827.1,3660.1,1.1,-1.6,10.347469,1000,33.9,0.24046787
2830.1,3658.7,3,-1.4,10.354487,1000.8,33.9,0.23986025
2830.1,3657.4,0,-1.3,10.350808,1001.6,33.9,0.23925262
2822.1,3656.5,-8,-0.9,10.319009,1002.3,33.9,0.23872095
2831,3655,8.9,-1.5,10.347305,1003.1,33.9,0.23811332
2831.2,3653.9,0.2,-1.1,10.344922,1003.9,33.9,0.2375057
2829.1,3652.9,-2.1,-1,10.334419,1004.7,33.9,0.23689807
2826.1,3652,-3,-0.9,10.320917,1005.5,34,0.23629045
2824.1,3651,-2,-1,10.310789,1006.3,34,0.23568282
2831.1,3649.8,7,-1.2,10.332949,1007.1,34,0.23507519
2362,3666.1,-469.1,16.3,8.6593282,1007.7,34,0.23461947
1905,3682.8,-457,16.7,7.015734,1008.2,34,0.23423971
1442.1,3700.2,-462.9,17.4,5.3360584,1008.6,34,0.2339359
989.1,3717.9,-453,17.7,3.6773749,1008.9,34,0.23370804
521,3736.5,-468.1,18.6,1.9467165,1009.1,34,0.23355613
61,3755.3,-460,18.8,0.2290733,1009.1,34,0.23355613
62,3757.6,1,2.3,0.2329712,1009.1,34,0.23355613
64,3759.5,2,1.9,0.240608,1009.1,34,0.23355613
56,3761.6,-8,2.1,0.2106496,1009.1,34,0.23355613
62,3763.1,6,1.5,0.2333122,1009.1,34,0.23355613
60,3764.6,-2,1.5,0.225876,1009.2,34,0.23348018
62,3766,2,1.4,0.233492,1009.2,34,0.23348018
104,3765.8,42,-0.2,0.3916432,1009.2,34,0.23348018
150,3765.4,46,-0.4,0.56481,1009.3,34,0.23340422
148.1,3766.5,-1.9,1.1,0.55781865,1009.3,34,0.23340422
147.9,3767.6,-0.2,1.1,0.55722804,1009.3,34,0.23340422
153.1,3768.4,5.2,0.8,0.57694204,1009.4,34,0.23332827
149.9,3769.5,-3.2,1.1,0.56504805,1009.4,34,0.23332827
150.9,3770.4,1,0.9,0.56895336,1009.5,34,0.23325232
149.1,3771.3,-1.8,0.9,0.56230083,1009.5,34,0.23325232
152,3772.1,2.9,0.8,0.5733592,1009.5,34,0.23325232
152.1,3772.9,0.1,0.8,0.57385809,1009.6,34,0.23317636
150,3773.7,-2.1,0.8,0.566055,1009.6,34,0.23317636
133.2,3775.2,-16.8,1.5,0.50285664,1009.7,34,0.23310041
116.1,3776.5,-17.1,1.3,0.43845165,1009.7,34,0.23310041
104,3777.7,-12.1,1.2,0.3928808,1009.7,34,0.23310041
93,3778.9,-11,1.2,0.3514377,1009.8,34,0.23302446
75,3780.3,-18,1.4,0.2835225,1009.8,34,0.23302446
59,3781.6,-16,1.3,0.2231144,1009.8,34,0.23302446
42,3782.9,-17,1.3,0.1588818,1009.8,34,0.23302446
48,3783.4,6,0.5,0.1816032,1009.8,34,0.23302446
50,3784,2,0.6,0.1892,1009.8,34,0.23302446
43,3785,-7,1,0.162755,1009.8,34,0.23302446
47,3785.5,4,0.5,0.1779185,1009.9,34,0.2329485
47,3786.1,0,0.6,0.1779467,1009.9,34,0.2329485
48,3786.7,1,0.6,0.1817616,1009.9,34,0.2329485
46,3787.3,-2,0.6,0.1742158,1009.9,34,0.2329485
46,3787.9,0,0.6,0.1742434,1009.9,34,0.2329485
47,3788.4,1,0.5,0.1780548,1009.9,34,0.2329485
45,3789,-2,0.6,0.170505,1009.9,34,0.2329485
47,3789.5,2,0.5,0.1781065,1009.9,34,0.2329485
52,3789.8,5,0.3,0.1970696,1010,34,0.23287255
47,3790.4,-5,0.6,0.1781488,1010,34,0.23287255
47,3790.9,0,0.5,0.1781723,1010,34,0.23287255
49,3791.3,2,0.4,0.1857737,1010,34,0.23287255
47,3791.8,-2,0.5,0.1782146,1010,34,0.23287255
48,3792.2,1,0.4,0.1820256,1010,34,0.23287255
46,3792.7,-2,0.5,0.1744642,1010,34,0.23287255
43,3793.2,-3,0.5,0.1631076,1010.1,34,0.2327966
46,3793.5,3,0.3,0.174501,1010.1,34,0.2327966
47,3793.8,1,0.3,0.1783086,1010.1,34,0.2327966
46,3794.3,-1,0.5,0.1745378,1010.1,34,0.2327966
46,3794.6,0,0.3,0.1745516,1010.1,34,0.2327966
43,3795.1,-3,0.5,0.1631893,1010.1,34,0.2327966
51,3795.2,8,0.1,0.1935552,1010.1,34,0.2327966
49,3795.6,-2,0.4,0.1859844,1010.1,34,0.2327966
51,3795.8,2,0.2,0.1935858,1010.2,34,0.23272064
46,3796.3,-5,0.5,0.1746298,1010.2,34,0.23272064
43,3796.7,-3,0.4,0.1632581,1010.2,34,0.23272064
45,3797,2,0.3,0.170865,1010.2,34,0.23272064
44,3797.3,-1,0.3,0.1670812,1010.2,34,0.23272064
49,3797.5,5,0.2,0.1860775,1010.2,34,0.23272064
48,3797.8,-1,0.3,0.1822944,1010.2,34,0.23272064
44,3798.2,-4,0.4,0.1671208,1010.2,34,0.23272064
46,3798.4,2,0.2,0.1747264,1010.3,34,0.23264469
47,3798.7,1,0.3,0.1785389,1010.3,34,0.23264469
53,3798.7,6,0,0.2013311,1010.3,34,0.23264469
46,3799.2,-7,0.5,0.1747632,1010.3,34,0.23264469
47,3799.4,1,0.2,0.1785718,1010.3,34,0.23264469
41,3799.9,-6,0.5,0.1557959,1010.3,34,0.23264469
48,3799.9,7,0,0.1823952,1010.3,34,0.23264469
50,3800,2,0.1,0.19,1010.3,34,0.23264469
41,3800.6,-9,0.6,0.1558246,1010.4,34,0.23256874
47,3800.6,6,0,0.1786282,1010.4,34,0.23256874
46,3800.8,-1,0.2,0.1748368,1010.4,34,0.23256874
45,3801.1,-1,0.3,0.1710495,1010.4,34,0.23256874
43,3801.4,-2,0.3,0.1634602,1010.4,34,0.23256874
43,3801.6,0,0.2,0.1634688,1010.4,34,0.23256874
47,3801.7,4,0.1,0.1786799,1010.4,34,0.23256874
46,3801.9,-1,0.2,0.1748874,1010.4,34,0.23256874
53,3801.8,7,-0.1,0.2014954,1010.5,34,0.23249278
48,3802.2,-5,0.4,0.1825056,1010.5,34,0.23249278
44,3802.5,-4,0.3,0.16731,1010.5,34,0.23249278
45,3802.7,1,0.2,0.1711215,1010.5,34,0.23249278
2076.8,3729.2,2031.8,-73.5,7.7448026,1011.1,34,0.23203707
2078.9,3726,2.1,-3.2,7.7459814,1011.7,34,0.23158135
2082.8,3723.4,3.9,-2.6,7.7550975,1012.2,34,0.23120158
2073.9,3721.5,-8.9,-1.9,7.7180188,1012.8,34,0.23074586
2076.9,3719.5,3,-2,7.7250296,1013.4,34,0.23029014
2083.9,3717.4,7,-2.1,7.7466899,1014,34,0.22983442
2073.9,3716,-10,-1.4,7.7066124,1014.5,34,0.22945466
2081.9,3714.1,8,-1.9,7.7323848,1015.1,34,0.22899894
2073.9,3712.8,-8,-1.3,7.6999759,1015.7,34,0.22854322
2077.9,3711.1,4,-1.7,7.7112947,1016.3,34,0.2280875
2074.9,3709.8,-3,-1.3,7.697464,1016.9,34,0.22763178
2077,3708.4,2.1,-1.4,7.7023468,1017.4,34,0.22725201
2076.9,3707,-0.1,-1.4,7.6990683,1018,34,0.22679629
2082.9,3705.5,6,-1.5,7.7181859,1018.6,34,0.22634057
2071.9,3704.6,-11,-0.9,7.6755607,1019.2,34,0.22588485
2081.9,3703.1,10,-1.5,7.7094839,1019.7,34,0.22550509
2079.9,3701.9,-2,-1.2,7.6995818,1020.3,34,0.22504937
1891,3707.6,-188.9,5.7,7.0110716,1020.8,34,0.2246696
1704,3713.7,-187,6.1,6.3281448,1021.3,34,0.22428984
1511,3720.1,-193,6.4,5.6210711,1021.7,34,0.22398602
1515,3719.6,4,-0.5,5.635194,1022.2,34,0.22360626
1511,3719.4,-4,-0.2,5.6200134,1022.6,34,0.22330245
1511.9,3719,0.9,-0.4,5.6227561,1023,34,0.22299863
1508,3718.7,-3.9,-0.3,5.6077996,1023.4,34,0.22269482
1690,3711.6,182,-7.1,6.272604,1023.9,34,0.22231505
1872.9,3704.2,182.9,-7.4,6.9375962,1024.4,34,0.22193529
2064.9,3696.3,192,-7.9,7.6324899,1025,34,0.22147957
2063.9,3695.1,-1,-1.2,7.6263169,1025.5,34,0.2210998
2064.9,3694,1,-1.1,7.6277406,1026.1,34,0.22064408
2060.9,3693.2,-4,-0.8,7.6113159,1026.7,34,0.22018836
2061.9,3692.2,1,-1,7.6129472,1027.3,34,0.21973264
2066.9,3691.1,5,-1.1,7.6291346,1027.8,34,0.21935288
2062,3690.4,-4.9,-0.7,7.6096048,1028.4,34,0.21889716
2065.9,3689.5,3.9,-0.9,7.6221381,1029,34,0.21844144
2064.9,3688.7,-1,-0.8,7.6167966,1029.6,34,0.21798572
2066.9,3687.8,2,-0.9,7.6223138,1030.1,34,0.21760595
2066.9,3687,0,-0.8,7.6206603,1030.7,34,0.21715024
2061.9,3686.4,-5,-0.6,7.6009882,1031.3,34,0.21669452
2069.9,3685.4,8,-1,7.6284095,1031.9,34,0.2162388
2063.9,3684.9,-6,-0.5,7.6052651,1032.4,34,0.21585903
2241,3677.7,177.1,-7.2,8.2417257,1033.1,34,0.21532736
2244.9,3676.6,3.9,-1.1,8.2535993,1033.7,34,0.21487164
2239.9,3675.9,-5,-0.7,8.2336484,1034.3,34,0.21441592
2242.9,3675,3,-0.9,8.2426575,1034.9,34,0.2139602
2239,3674.3,-3.9,-0.7,8.2267577,1035.5,34,0.21350448
2243.9,3673.3,4.9,-1,8.2425179,1036.2,34,0.21297281
2244,3672.5,0.1,-0.8,8.24109,1036.8,34,0.21251709
2246.9,3671.6,2.9,-0.9,8.249718,1037.4,34,0.21206137
2243,3671,-3.9,-0.6,8.234053,1038,34,0.21160565
2244.9,3670.3,1.9,-0.7,8.2394565,1038.7,34,0.21107398
2245.9,3669.5,1,-0.8,8.2413301,1039.3,34,0.21061826
2245.9,3668.8,0,-0.7,8.2397579,1039.9,34,0.21016254
2247,3668.1,1.1,-0.7,8.2422207,1040.5,34,0.20970682
2245.9,3667.4,-1.1,-0.7,8.2366137,1041.2,34,0.20917515
2240.1,3666.9,-5.8,-0.5,8.2142227,1041.8,34,0.20871943
1240,3703.1,-1000.1,36.2,4.591844,1042.1,34,0.20849157
1245,3703.8,5,0.7,4.611231,1042.5,34,0.20818776
1244,3704.3,-1,0.5,4.6081492,1042.8,34,0.2079599
1247,3704.7,3,0.4,4.6197609,1043.2,34,0.20765608
1241,3705.2,-6,0.5,4.5981532,1043.5,34,0.20742822
1244.1,3705.4,3.1,0.2,4.6098881,1043.9,34,0.20712441
1245,3705.7,0.9,0.3,4.6135965,1044.2,34,0.20689655
1242.2,3706,-2.8,0.3,4.6035932,1044.5,34,0.20666869
1242,3706.1,-0.2,0.1,4.6029762,1044.9,34,0.20636488
1244.1,3706.3,2.1,0.2,4.6110078,1045.2,34,0.20613702
1242,3706.5,-2.1,0.2,4.603473,1045.6,34,0.20583321
1617,3692.8,375,-13.7,5.9712576,1046,34,0.20552939
1990.9,3678.7,373.9,-14.1,7.3239238,1046.6,34,0.20507367
2376.9,3663.7,386,-15,8.7082485,1047.2,34,0.20461796
2754.9,3648.5,378,-15.2,10.051253,1048,34,0.20401033
3000.1,3637.8,245.2,-10.7,10.913764,1048.8,34,0.2034027
3000.1,3635.9,0,-1.9,10.908064,1049.7,34,0.20271913
3000,3634.2,-0.1,-1.7,10.9026,1050.5,34,0.2021115
3000,3632.6,0,-1.6,10.8978,1051.3,34,0.20150387
3000.1,3631.2,0.1,-1.4,10.893963,1052.2,34,0.20082029
3000.1,3629.7,0,-1.5,10.889463,1053,34,0.20021267
3000,3628.4,-0.1,-1.3,10.8852,1053.8,34,0.19960504
3000.1,3627,0.1,-1.4,10.881363,1054.7,34,0.19892146
3000.1,3625.8,0,-1.2,10.877763,1055.5,34,0.19831384
3000,3624.5,-0.1,-1.3,10.8735,1056.3,34,0.19770621
3000,3623.3,0,-1.2,10.8699,1057.2,34,0.19702263
3000.1,3622.2,0.1,-1.1,10.866962,1058,34.1,0.19641501
3000.1,3621,0,-1.2,10.863362,1058.8,34.1,0.19580738
3000.1,3619.9,0,-1.1,10.860062,1059.7,34.1,0.1951238
3000.1,3618.8,0,-1.1,10.856762,1060.5,34.1,0.19451618
-42,3730.3,-3042.1,111.5,-0.1566726,1060.5,34.1,0.19451618
-39,3733.9,3,3.6,-0.1456221,1060.5,34.1,0.19451618
-39,3736.7,0,2.8,-0.1457313,1060.5,34.1,0.19451618
-38,3739.1,1,2.4,-0.1420858,1060.5,34.1,0.19451618
-31,3740.9,7,1.8,-0.1159679,1060.5,34.1,0.19451618
-39,3743.1,-8,2.2,-0.1459809,1060.4,34.1,0.19459213
-33,3744.6,6,1.5,-0.1235718,1060.4,34.1,0.19459213
-27,3746,6,1.4,-0.101142,1060.4,34.1,0.19459213
-39,3748,-12,2,-0.146172,1060.4,34.1,0.19459213
-38,3749.4,1,1.4,-0.1424772,1060.4,34.1,0.19459213
-32,3750.5,6,1.1,-0.120016,1060.4,34.1,0.19459213
-31,3751.8,1,1.3,-0.1163058,1060.4,34.1,0.19459213
-35,3753.1,-4,1.3,-0.1313585,1060.4,34.1,0.19459213
-34,3754.2,1,1.1,-0.1276428,1060.4,34.1,0.19459213
-37,3755.4,-3,1.2,-0.1389498,1060.4,34.1,0.19459213
-33,3756.4,4,1,-0.1239612,1060.3,34.1,0.19466808
-26,3757.2,7,0.8,-0.0976872,1060.3,34.1,0.19466808
-39,3758.6,-13,1.4,-0.1465854,1060.3,34.1,0.19466808
-34,3759.4,5,0.8,-0.1278196,1060.3,34.1,0.19466808
532,3739.6,566,-19.8,1.9894672,1060.5,34.1,0.19451618
533,3739.5,1,-0.1,1.9931535,1060.6,34.1,0.19444022
535,3739.6,2,0.1,2.000686,1060.8,34.1,0.19428832
530,3739.9,-5,0.3,1.982147,1060.9,34.1,0.19421237
534.9,3739.9,4.9,0,2.0004725,1061.1,34.1,0.19406046
534,3740.2,-0.9,0.3,1.9972668,1061.2,34.1,0.19398451
531,3740.5,-3,0.3,1.9862055,1061.4,34.1,0.1938326
535,3740.6,4,0.1,2.001221,1061.5,34.1,0.19375665
534,3740.8,-1,0.2,1.9975872,1061.7,34.1,0.19360474
1145,3718.7,611,-22.1,4.2579115,1062,34.1,0.19337688
1755.8,3695.7,610.8,-23,6.4889101,1062.5,34.1,0.19299711
2368.8,3671.7,613,-24,8.697523,1063.1,34.1,0.19254139
2364,3669.5,-4.8,-2.2,8.674698,1063.8,34.1,0.19200972
2367.9,3667.3,3.9,-2.2,8.6837997,1064.4,34.1,0.191554
2367,3665.6,-0.9,-1.7,8.6764752,1065.1,34.1,0.19102233
2365,3664,-2,-1.6,8.66536,1065.7,34.1,0.19056661
2033,3674.6,-332,10.6,7.4704618,1066.3,34.1,0.19011089
1703,3685.8,-330,11.2,6.2769174,1066.8,34.1,0.18973113
1374.1,3697.4,-328.9,11.6,5.0805973,1067.2,34.1,0.18942731
1035.1,3709.8,-339,12.4,3.840014,1067.5,34.1,0.18919945
708,3722.2,-327.1,12.4,2.6353176,1067.7,34.1,0.18904755
377.1,3735.1,-330.9,12.9,1.4085062,1067.8,34.1,0.18897159
42,3748.5,-335.1,13.4,0.157437,1067.8,34.1,0.18897159
47,3749.8,5,1.3,0.1762406,1067.8,34.1,0.18897159
46,3751.1,-1,1.3,0.1725506,1067.8,34.1,0.18897159
44,3752.3,-2,1.2,0.1651012,1067.8,34.1,0.18897159
38,3753.5,-6,1.2,0.142633,1067.8,34.1,0.18897159
44,3754.3,6,0.8,0.1651892,1067.8,34.1,0.18897159
43,3755.2,-1,0.9,0.1614736,1067.8,34.1,0.18897159
39,3756.2,-4,1,0.1464918,1067.9,34.1,0.18889564
43,3756.9,4,0.7,0.1615467,1067.9,34.1,0.18889564
39,3757.8,-4,0.9,0.1465542,1067.9,34.1,0.18889564
40,3758.5,1,0.7,0.15034,1067.9,34.1,0.18889564
46,3759,6,0.5,0.172914,1067.9,34.1,0.18889564
42,3759.8,-4,0.8,0.1579116,1067.9,34.1,0.18889564
41,3760.4,-1,0.6,0.1541764,1067.9,34.1,0.18889564
42,3761,1,0.6,0.157962,1067.9,34.1,0.18889564
41,3761.6,-1,0.6,0.1542256,1067.9,34.1,0.18889564
50,3761.9,9,0.3,0.188095,1068,34.1,0.18881969
40,3762.8,-10,0.9,0.150512,1068,34.1,0.18881969
43,3763.2,3,0.4,0.1618176,1068,34.1,0.18881969
37,3763.9,-6,0.7,0.1392643,1068,34.1,0.18881969
41,3764.3,4,0.4,0.1543363,1068,34.1,0.18881969
44,3764.6,3,0.3,0.1656424,1068,34.1,0.18881969
46,3765.1,2,0.5,0.1731946,1068,34.1,0.18881969
39,3765.7,-7,0.6,0.1468623,1068,34.1,0.18881969
44,3766,5,0.3,0.165704,1068.1,34.1,0.18874373
42,3766.5,-2,0.5,0.158193,1068.1,34.1,0.18874373
37,3767,-5,0.5,0.139379,1068.1,34.1,0.18874373
40,3767.3,3,0.3,0.150692,1068.1,34.1,0.18874373
41,3767.7,1,0.4,0.1544757,1068.1,34.1,0.18874373
45,3767.9,4,0.2,0.1695555,1068.1,34.1,0.18874373
42,3768.4,-3,0.5,0.1582728,1068.1,34.1,0.18874373
41,3768.8,-1,0.4,0.1545208,1068.1,34.1,0.18874373
40,3769.1,-1,0.3,0.150764,1068.1,34.1,0.18874373
41,3769.5,1,0.4,0.1545495,1068.2,34.1,0.18866778
49,3769.5,8,0,0.1847055,1068.2,34.1,0.18866778
44,3770,-5,0.5,0.16588,1068.2,34.1,0.18866778
39,3770.5,-5,0.5,0.1470495,1068.2,34.1,0.18866778
46,3770.5,7,0,0.173443,1068.2,34.1,0.18866778
41,3771,-5,0.5,0.154611,1068.2,34.1,0.18866778
43,3771.2,2,0.2,0.1621616,1068.2,34.1,0.18866778
38,3771.7,-5,0.5,0.1433246,1068.2,34.1,0.18866778
45,3771.7,7,0,0.1697265,1068.2,34.1,0.18866778
46,3771.9,1,0.2,0.1735074,1068.3,34.1,0.18859183
42,3772.3,-4,0.4,0.1584366,1068.3,34.1,0.18859183
42,3772.6,0,0.3,0.1584492,1068.3,34.1,0.18859183
40,3772.9,-2,0.3,0.150916,1068.3,34.1,0.18859183
43,3773,3,0.1,0.162239,1068.3,34.1,0.18859183
40,3773.4,-3,0.4,0.150936,1068.3,34.1,0.18859183
44,3773.5,4,0.1,0.166034,1068.3,34.1,0.18859183
41,3773.8,-3,0.3,0.1547258,1068.3,34.1,0.18859183
37,3774.2,-4,0.4,0.1396454,1068.4,34.1,0.18851587
39,3774.3,2,0.1,0.1471977,1068.4,34.1,0.18851587
40,3774.5,1,0.2,0.15098,1068.4,34.1,0.18851587
41,3774.7,1,0.2,0.1547627,1068.4,34.1,0.18851587
40,3774.9,-1,0.2,0.150996,1068.4,34.1,0.18851587
43,3775,3,0.1,0.162325,1068.4,34.1,0.18851587
37,3775.4,-6,0.4,0.1396898,1068.4,34.1,0.18851587
41,3775.5,4,0.1,0.1547955,1068.4,34.1,0.18851587
41,3775.7,0,0.2,0.1548037,1068.4,34.1,0.18851587
44,3775.7,3,0,0.1661308,1068.5,34.1,0.18843992
38,3776.1,-6,0.4,0.1434918,1068.5,34.1,0.18843992
42,3776.2,4,0.1,0.1586004,1068.5,34.1,0.18843992
43,3776.3,1,0.1,0.1623809,1068.5,34.1,0.18843992
46,3776.3,3,0,0.1737098,1068.5,34.1,0.18843992
41,3776.7,-5,0.4,0.1548447,1068.5,34.1,0.18843992
41,3776.9,0,0.2,0.1548529,1068.5,34.1,0.18843992
43,3776.9,2,0,0.1624067,1068.5,34,0.18843992
-209.9,3786.3,-252.9,9.4,-0.79474437,1068.5,34,0.18843992
-458.8,3795.9,-248.9,9.6,-1.7415589,1068.4,34,0.18851587
-716.9,3806.2,-258.1,10.3,-2.7286648,1068.2,34,0.18866778
-719.8,3807.4,-2.9,1.2,-2.7405665,1068,34,0.18881969
-718.9,3808.4,0.9,1,-2.7378588,1067.8,34,0.18897159
-716.9,3809.2,2,0.8,-2.7308155,1067.6,34,0.1891235
-719.8,3810.2,-2.9,1,-2.742582,1067.4,34,0.18927541
-720.8,3811.1,-1,0.9,-2.7470409,1067.2,34,0.18942731
-718.9,3811.9,1.9,0.8,-2.7403749,1067,34,0.18957922
-715.8,3812.5,3.1,0.6,-2.7289875,1066.8,34,0.18973113
-718.9,3813.4,-3.1,0.9,-2.7414533,1066.6,34,0.18988303
-721.7,3814.2,-2.8,0.8,-2.7527081,1066.4,34,0.19003494
-718.8,3814.8,2.9,0.6,-2.7420782,1066.2,34,0.19018684
-710.8,3815.2,8,0.4,-2.7118442,1066,34,0.19033875
-716.8,3816.1,-6,0.9,-2.7353805,1065.8,34,0.19049066
-717.9,3816.7,-1.1,0.6,-2.7400089,1065.6,34,0.19064256
-720.8,3817.5,-2.9,0.8,-2.751654,1065.4,34,0.19079447
-710.8,3817.7,10,0.2,-2.7136212,1065.2,34,0.19094638
-717.9,3818.6,-7.1,0.9,-2.7413729,1065,34,0.19109828
-717.8,3819.2,0.1,0.6,-2.7414218,1064.8,34,0.19125019
1852.7,3726.2,2570.5,-93,6.9035307,1065.3,34,0.19087042
1850.9,3722.6,-1.8,-3.6,6.8901603,1065.8,34,0.19049066
1854.9,3719.6,4,-3,6.899486,1066.3,34,0.19011089
1846,3717.6,-8.9,-2,6.8626896,1066.8,34,0.18973113
1851.9,3715.1,5.9,-2.5,6.8799937,1067.3,34,0.18935136
1848.9,3713.1,-3,-2,6.8651506,1067.8,34,0.18897159
1852.9,3711,4,-2.1,6.8761119,1068.4,34,0.18851587
1850.9,3709.2,-2,-1.8,6.8653583,1068.9,34,0.18813611
1847,3707.6,-3.9,-1.6,6.8479372,1069.4,34,0.18775634
1619.9,3714.2,-227.1,6.6,6.0166326,1069.8,34,0.18745253
1616,3713.1,-3.9,-1.1,6.0003696,1070.3,34,0.18707276
1618,3711.8,2,-1.3,6.0056924,1070.7,34,0.18676895
1617,3710.6,-1,-1.2,6.0000402,1071.2,34,0.18638918
1619.9,3709.3,2.9,-1.3,6.0086951,1071.6,34,0.18608537
1612.9,3708.4,-7,-0.9,5.9812784,1072.1,34,0.18570561
1618,3707.1,5.1,-1.3,5.9980878,1072.5,34,0.18540179
1620,3706,2,-1.1,6.00372,1073,34,0.18502203
1617.9,3705,-2.1,-1,5.9943195,1073.4,34,0.18471821
1615.1,3704.1,-2.8,-0.9,5.9824919,1073.9,34,0.18433845
1618.9,3703,3.8,-1.1,5.9947867,1074.3,34,0.18403463
1615,3702.2,-3.9,-0.8,5.979053,1074.8,34,0.18365487
1615,3701.3,0,-0.9,5.9775995,1075.2,34,0.18335106
1619.9,3700.2,4.9,-1.1,5.993954,1075.7,34,0.18297129
1614,3699.5,-5.9,-0.7,5.970993,1076.1,34,0.18266748
1616,3698.6,2,-0.9,5.9769376,1076.6,34,0.18228771
1615,3697.8,-1,-0.8,5.971947,1077,34,0.1819839
1620,3696.8,5,-1,5.988816,1077.5,34,0.18160413
1617.9,3696,-2.1,-0.8,5.9797584,1077.9,34,0.18130032
1612,3695.5,-5.9,-0.5,5.957146,1078.4,34,0.18092055
852.1,3722.5,-759.9,27,3.1719422,1078.6,34,0.18076865
89,3750.9,-763.1,28.4,0.3338301,1078.6,34,0.18076865
92,3752.2,3,1.3,0.3452024,1078.7,34,0.18069269
90,3753.5,-2,1.3,0.337815,1078.7,34,0.18069269
89,3754.4,-1,0.9,0.3341416,1078.7,34,0.18069269
92,3755.2,3,0.8,0.3454784,1078.7,34,0.18069269
94,3755.9,2,0.7,0.3530546,1078.8,34,0.18061674
91,3756.7,-3,0.8,0.3418597,1078.8,34,0.18061674
94,3757.2,3,0.5,0.3531768,1078.8,34,0.18061674
98,3757.7,4,0.5,0.3682546,1078.8,34,0.18061674
95,3758.4,-3,0.7,0.357048,1078.9,34,0.18054079
93,3759,-2,0.6,0.349587,1078.9,34,0.18054079
91,3759.6,-2,0.6,0.3421236,1078.9,34,0.18054079
92,3760,1,0.4,0.34592,1078.9,34,0.18054079
98,3760.3,6,0.3,0.3685094,1079,34,0.18046483
95,3760.8,-3,0.5,0.357276,1079,34,0.18046483
93,3761.3,-2,0.5,0.3498009,1079,34,0.18046483
94,3761.7,1,0.4,0.3535998,1079,34,0.18046483
-40,3767.1,-134,5.4,-0.150684,1079,34,0.18046483
-161.9,3772.1,-121.9,5,-0.61070299,1079,34,0.18046483
-288.8,3777.5,-126.9,5.4,-1.090942,1078.9,34,0.18054079
-411.8,3782.9,-123,5.4,-1.5577982,1078.8,34,0.18061674
-415.9,3784,-4.1,1.1,-1.5737656,1078.7,34,0.18069269
-410.8,3784.7,5.1,0.7,-1.5547548,1078.6,34,0.18076865
-344.9,3783.2,65.9,-1.5,-1.3048257,1078.5,34,0.1808446
-288.9,3781.8,56,-1.4,-1.092562,1078.4,34,0.18092055
-215.9,3779.8,73,-2,-0.81605882,1078.3,34,0.18099651
-148.9,3777.8,67,-2,-0.56251442,1078.3,34,0.18099651
-88,3775.9,60.9,-1.9,-0.3322792,1078.3,34,0.18099651
-21,3773.8,67,-2.1,-0.0792498,1078.3,34,0.18099651
49,3771.3,70,-2.5,0.1847937,1078.3,34,0.18099651
43,3771.6,-6,0.3,0.1621788,1078.3,34,0.18099651
47,3771.6,4,0,0.1772652,1078.3,34,0.18099651
46,3771.8,-1,0.2,0.1735028,1078.3,34,0.18099651
49,3771.9,3,0.1,0.1848231,1078.3,34,0.18099651
45,3772.2,-4,0.3,0.169749,1078.3,34,0.18099651
50,3772.1,5,-0.1,0.188605,1078.4,34,0.18092055
47,3772.4,-3,0.3,0.1773028,1078.4,34,0.18092055
49,3772.5,2,0.1,0.1848525,1078.4,34,0.18092055
46,3772.8,-3,0.3,0.1735488,1078.4,34,0.18092055
47,3772.9,1,0.1,0.1773263,1078.4,34,0.18092055
44,3773.2,-3,0.3,0.1660208,1078.4,34,0.18092055
42,3773.4,-2,0.2,0.1584828,1078.4,34,0.18092055
52,3773.2,10,-0.2,0.1962064,1078.4,34,0.18092055
44,3773.6,-8,0.4,0.1660384,1078.5,33.9,0.1808446
48,3773.6,4,0,0.1811328,1078.5,33.9,0.1808446
50,3773.7,2,0.1,0.188685,1078.5,33.9,0.1808446
51,3773.8,1,0.1,0.1924638,1078.5,33.9,0.1808446
52,3773.9,1,0.1,0.1962428,1078.5,33.9,0.1808446
46,3774.2,-6,0.3,0.1736132,1078.5,33.9,0.1808446
48,3774.3,2,0.1,0.1811664,1078.5,33.9,0.1808446
53,3774.2,5,-0.1,0.2000326,1078.6,33.9,0.18076865
43,3774.7,-10,0.5,0.1623121,1078.6,33.9,0.18076865
48,3774.7,5,0,0.1811856,1078.6,33.9,0.18076865
47,3774.8,-1,0.1,0.1774156,1078.6,33.9,0.18076865
46,3775,-1,0.2,0.17365,1078.6,33.9,0.18076865
49,3774.9,3,-0.1,0.1849701,1078.6,33.9,0.18076865
46,3775.2,-3,0.3,0.1736592,1078.6,33.9,0.18076865
45,3775.3,-1,0.1,0.1698885,1078.6,33.9,0.18076865
46,3775.4,1,0.1,0.1736684,1078.7,33.9,0.18069269
43,3775.6,-3,0.2,0.1623508,1078.7,33.9,0.18069269
50,3775.5,7,-0.1,0.188775,1078.7,33.9,0.18069269
44,3775.8,-6,0.3,0.1661352,1078.7,33.9,0.18069269
43,3775.9,-1,0.1,0.1623637,1078.7,33.9,0.18069269
50,3775.7,7,-0.2,0.188785,1078.7,33.9,0.18069269
48,3775.9,-2,0.2,0.1812432,1078.7,33.9,0.18069269
51,3775.9,3,0,0.1925709,1078.7,33.9,0.18069269
48,3776.1,-3,0.2,0.1812528,1078.8,33.9,0.18061674
45,3776.3,-3,0.2,0.1699335,1078.8,33.9,0.18061674
44,3776.4,-1,0.1,0.1661616,1078.8,33.9,0.18061674
46,3776.4,2,0,0.1737144,1078.8,33.9,0.18061674
45,3776.6,-1,0.2,0.169947,1078.8,33.9,0.18061674
50,3776.5,5,-0.1,0.188825,1078.8,33.9,0.18061674
46,3776.6,-4,0.1,0.1737236,1078.8,33.9,0.18061674
50,3776.6,4,0,0.18883,1078.8,33.9,0.18061674
52,3776.6,2,0,0.1963832,1078.9,33.9,0.18054079
43,3777,-9,0.4,0.162411,1078.9,33.9,0.18054079
48,3776.9,5,-0.1,0.1812912,1078.9,33.9,0.18054079
45,3777.1,-3,0.2,0.1699695,1078.9,33.9,0.18054079
41,3777.3,-4,0.2,0.1548693,1078.9,33.9,0.18054079
49,3777.1,8,-0.2,0.1850779,1078.9,33.9,0.18054079
49,3777.2,0,0.1,0.1850828,1078.9,33.9,0.18054079
48,3777.3,-1,0.1,0.1813104,1079,33.9,0.18046483
43,3777.5,-5,0.2,0.1624325,1079,33.9,0.18046483
49,3777.4,6,-0.1,0.1850926,1079,33.9,0.18046483
46,3777.6,-3,0.2,0.1737696,1079,33.9,0.18046483
45,3777.6,-1,0,0.169992,1079,33.9,0.18046483
48,3777.6,3,0,0.1813248,1079,33.9,0.18046483
49,3777.6,1,0,0.1851024,1079,33.9,0.18046483
45,3777.9,-4,0.3,0.1700055,1079,33.9,0.18046483
43,3778,-2,0.1,0.162454,1079.1,33.9,0.18038888
45,3778,2,0,0.17001,1079.1,33.9,0.18038888
50,3777.8,5,-0.2,0.18889,1079.1,33.9,0.18038888
48,3778,-2,0.2,0.181344,1079.1,33.9,0.18038888
47,3778.1,-1,0.1,0.1775707,1079.1,33.9,0.18038888
45,3778.2,-2,0.1,0.170019,1079.1,33.9,0.18038888
47,3778.1,2,-0.1,0.1775707,1079.1,33.9,0.18038888
42,3778.4,-5,0.3,0.1586928,1079.1,33.9,0.18038888
52,3778.1,10,-0.3,0.1964612,1079.2,33.9,0.18031293
47,3778.3,-5,0.2,0.1775801,1079.2,33.9,0.18031293
47,3778.3,0,0,0.1775801,1079.2,33.9,0.18031293
46,3778.4,-1,0.1,0.1738064,1079.2,33.9,0.18031293
43,3778.6,-3,0.2,0.1624798,1079.2,33.9,0.18031293
50,3778.4,7,-0.2,0.18892,1079.2,33.9,0.18031293
49,3778.5,-1,0.1,0.1851465,1079.2,33.9,0.18031293
43,3778.7,-6,0.2,0.1624841,1079.2,33.9,0.18031293
45,3778.7,2,0,0.1700415,1079.3,33.9,0.18023697
44,3778.8,-1,0.1,0.1662672,1079.3,33.9,0.18023697
49,3778.7,5,-0.1,0.1851563,1079.3,33.9,0.18023697
48,3778.7,-1,0,0.1813776,1079.3,33.9,0.18023697
51,3778.7,3,0,0.1927137,1079.3,33.9,0.18023697
50,3778.7,-1,0,0.188935,1079.3,33.9,0.18023697
44,3779,-6,0.3,0.166276,1079.3,33.9,0.18023697
45,3779,1,0,0.170055,1079.4,33.9,0.18016102
43,3779.1,-2,0.1,0.1625013,1079.4,33.9,0.18016102
40,3779.3,-3,0.2,0.151172,1079.4,33.8,0.18016102
45,3779.2,5,-0.1,0.170064,1079.4,33.8,0.18016102
43,3779.3,-2,0.1,0.1625099,1079.4,33.8,0.18016102
43,3779.3,0,0,0.1625099,1079.4,33.8,0.18016102
46,3779.2,3,-0.1,0.1738432,1079.4,33.8,0.18016102
333.1,3768.8,287.1,-10.4,1.2553873,1079.5,33.8,0.18008507
621,3757.8,287.9,-11,2.3335938,1079.7,33.8,0.17993316
903,3746.5,282,-11.3,3.3830895,1079.9,33.8,0.17978125
1190.9,3734.8,287.9,-11.7,4.4477733,1080.3,33.8,0.17947744
1194,3733.2,3.1,-1.6,4.4574408,1080.6,33.8,0.17924958
1184,3732.2,-10,-1,4.4189248,1080.9,33.8,0.17902172
1189,3730.9,5,-1.3,4.4360401,1081.3,33.8,0.17871791
1190.9,3729.7,1.9,-1.2,4.4416997,1081.6,33.8,0.17849005
1364,3722.2,173.1,-7.5,5.0770808,1082,33.8,0.17818624
1537.9,3714.5,173.9,-7.7,5.7125296,1082.4,33.8,0.17788242
1709,3706.8,171.1,-7.7,6.3349212,1082.9,33.8,0.17750266
1884.8,3698.7,175.8,-8.1,6.9713098,1083.4,33.8,0.17712289
2061.9,3690.4,177.1,-8.3,7.6092358,1084,33.8,0.17666717
2059.9,3688.6,-2,-1.8,7.5981471,1084.5,33.8,0.17628741
2057.1,3686.9,-2.8,-1.7,7.584322,1085.1,33.8,0.17583169
2055.9,3685.3,-1.2,-1.6,7.5766083,1085.7,33.8,0.17537597
2061.9,3683.5,6,-1.8,7.5950087,1086.3,33.8,0.17492025
2058.9,3682.2,-3,-1.3,7.5812816,1086.8,33.8,0.17454048
2057,3680.8,-1.9,-1.4,7.5714056,1087.4,33.8,0.17408476
2059.9,3679.3,2.9,-1.5,7.5789901,1088,33.8,0.17362904
2057,3678.2,-2.9,-1.1,7.5660574,1088.5,33.8,0.17324928
2057,3676.9,0,-1.3,7.5633833,1089.1,33.8,0.17279356
1543,3694.6,-514,17.7,5.7007678,1089.5,33.8,0.17248975
1023,3713.3,-520,18.7,3.7987059,1089.8,33.8,0.17226189
512.1,3732.4,-510.9,19.1,1.911362,1090,33.8,0.17210998
505,3733.5,-7.1,1.1,1.8854175,1090.1,33.8,0.17203403
509,3734,4,0.5,1.900606,1090.3,33.8,0.17188212
509,3734.5,0,0.5,1.9008605,1090.4,33.8,0.17180617
510.9,3734.8,1.9,0.3,1.9081093,1090.5,33.8,0.17173021
512,3735.1,1.1,0.3,1.9123712,1090.7,33.8,0.17157831
508,3735.6,-4,0.5,1.8976848,1090.8,33.8,0.17150235
506.2,3735.9,-1.8,0.3,1.8911126,1091,33.8,0.17135045
511.9,3735.9,5.7,0,1.9124072,1091.1,33.8,0.17127449
508.1,3736.3,-3.8,0.4,1.898414,1091.2,33.8,0.17119854
509,3736.5,0.9,0.2,1.9018785,1091.4,33.8,0.17104664
508.1,3736.6,-0.9,0.1,1.8985665,1091.5,33.8,0.17097068
322,3743.6,-186.1,7,1.2054392,1091.6,33.8,0.17089473
137.1,3750.9,-184.9,7.3,0.51424839,1091.7,33.8,0.17081878
-43,3758.3,-180.1,7.4,-0.1616069,1091.6,33.8,0.17089473
-227.9,3766,-184.9,7.7,-0.8582714,1091.6,33.8,0.17089473
-413.8,3773.9,-185.9,7.9,-1.5616398,1091.5,33.8,0.17097068
-597.8,3781.9,-184,8,-2.2608198,1091.3,33.8,0.17112259
-597.8,3783.3,0,1.4,-2.2616567,1091.1,33.8,0.17127449
-597.8,3784.6,0,1.3,-2.2624339,1091,33.8,0.17135045
-598.8,3785.8,-1,1.2,-2.266937,1090.8,33.8,0.17150235
-602.8,3787.1,-4,1.3,-2.2828639,1090.6,33.8,0.17165426
-601.8,3788.1,1,1,-2.2796786,1090.5,33.8,0.17173021
-595.8,3788.9,6,0.8,-2.2574266,1090.3,33.8,0.17188212
-597.8,3790,-2,1.1,-2.265662,1090.1,33.8,0.17203403
-595.9,3790.8,1.9,0.8,-2.2589377,1090,33.8,0.17210998
-594.8,3791.7,1.1,0.9,-2.2553032,1089.8,33.8,0.17226189
-598.8,3792.7,-4,1,-2.2710688,1089.6,33.8,0.17241379
-605.8,3793.8,-7,1.1,-2.298284,1089.5,33.8,0.17248975
-600.8,3794.4,5,0.6,-2.2796755,1089.3,33.8,0.17264165
2999.8,3662.7,3600.6,-131.7,10.987367,1090.1,33.8,0.17203403
2999.9,3657.5,0.1,-5.2,10.972134,1091,33.8,0.17135045
3000,3653.4,0.1,-4.1,10.9602,1091.8,33.8,0.17074282
3000,3650,0,-3.4,10.95,1092.6,33.8,0.1701352
3000,3646.8,0,-3.2,10.9404,1093.5,33.8,0.16945162
249.1,3745.2,-2750.9,98.4,0.93292932,1093.5,33.8,0.16945162
249.1,3746.8,0,1.6,0.93332788,1093.6,33.8,0.16937566
244,3748,-5.1,1.2,0.914512,1093.7,33.8,0.16929971
236,3748.9,-8,0.9,0.8847404,1093.7,33.8,0.16929971
240,3749.3,4,0.4,0.899832,1093.8,33.8,0.16922376
246.1,3749.6,6.1,0.3,0.92277656,1093.9,33.8,0.1691478
246,3749.9,-0.1,0.3,0.9224754,1093.9,33.8,0.1691478
245,3750.3,-1,0.4,0.9188235,1094,33.8,0.16907185
244,3750.6,-1,0.3,0.9151464,1094.1,33.8,0.1689959
244,3750.9,0,0.3,0.9152196,1094.1,33.8,0.1689959
246.9,3751,2.9,0.1,0.9261219,1094.2,33.8,0.16891995
240,3751.5,-6.9,0.5,0.90036,1094.3,33.8,0.16884399
247,3751.5,7,0,0.9266205,1094.4,33.8,0.16876804
246,3751.7,-1,0.2,0.9229182,1094.4,33.8,0.16876804
2209.9,3679.5,1963.9,-72.2,8.1313271,1095,33.8,0.16831232
2208.9,3676.6,-1,-2.9,8.1212417,1095.6,33.8,0.1678566
2210,3674.3,1.1,-2.3,8.120203,1096.3,33.8,0.16732493
2211.9,3672.3,1.9,-2,8.1227604,1096.9,33.8,0.16686921
2212,3670.5,0.1,-1.8,8.119146,1097.5,33.8,0.16641349
2209.9,3669,-2.1,-1.5,8.1081231,1098.1,33.8,0.16595777
2212,3667.4,2.1,-1.6,8.1122888,1098.7,33.8,0.16550205
2066.9,3671.3,-145.1,3.9,7.58821,1099.3,33.8,0.16504633
1915.9,3675.7,-151,4.4,7.0422736,1099.8,33.8,0.16466657
1772.9,3680,-143,4.3,6.524272,1100.3,33.8,0.1642868
1631,3684.6,-141.9,4.6,6.0095826,1100.8,33.8,0.16390703
1484,3689.4,-147,4.8,5.4750696,1101.2,33.8,0.16360322
1331.1,3694.6,-152.9,5.2,4.9178821,1101.6,33.8,0.16329941
1336.9,3694.2,5.8,-0.4,4.938776,1101.9,33.8,0.16307155
1335,3694,-1.9,-0.2,4.93149,1102.3,33.8,0.16276774
1346,3693.3,11,-0.7,4.9711818,1102.7,33.8,0.16246392
1342,3693.1,-4,-0.2,4.9561402,1103,33.8,0.16223606
1341,3692.8,-1,-0.3,4.9520448,1103.4,33.8,0.16193225
1337,3692.6,-4,-0.2,4.9370062,1103.8,33.8,0.16162844
1341,3692.1,4,-0.5,4.9511061,1104.2,33.8,0.16132462
1338.1,3691.9,-2.9,-0.2,4.9401314,1104.5,33.8,0.16109676
1338.9,3691.5,0.8,-0.4,4.9425494,1104.9,33.8,0.16079295
1332.1,3691.4,-6.8,-0.1,4.9173139,1105.3,33.8,0.16048914
1336,3691,3.9,-0.4,4.931176,1105.6,33.8,0.16026128
1078,3700.1,-258,9.1,3.9887078,1105.9,33.8,0.16003342
822.1,3709.6,-255.9,9.5,3.0496622,1106.2,33.8,0.15980556
557,3719.8,-265.1,10.2,2.0719286,1106.3,33.8,0.15972961
305.1,3729.7,-251.9,9.9,1.1379315,1106.4,33.8,0.15965365
43,3740.3,-262.1,10.6,0.1608329,1106.4,33.8,0.15965365
-213.7,3751,-256.7,10.7,-0.8015887,1106.4,33.8,0.15965365
-477.8,3762.2,-264.1,11.2,-1.7975792,1106.2,33.8,0.15980556
-483.8,3764,-6,1.8,-1.8210232,1106.1,33.8,0.15988151
-473.8,3765.2,10,1.2,-1.7839518,1106,33.8,0.15995747
-474.9,3766.5,-1.1,1.3,-1.7887108,1105.8,33.8,0.16010937
-473.8,3767.8,1.1,1.3,-1.7851836,1105.7,33.8,0.16018533
-418.9,3766.9,54.9,-0.9,-1.5779544,1105.6,33.8,0.16026128
-364.8,3765.9,54.1,-1,-1.3738003,1105.5,33.8,0.16033723
-303.9,3764.6,60.9,-1.3,-1.1440619,1105.4,33.8,0.16041319
-239.8,3763,64.1,-1.6,-0.9023674,1105.3,33.8,0.16048914
-172.9,3761.2,66.9,-1.8,-0.65031148,1105.3,33.8,0.16048914
-118.9,3759.7,54,-1.5,-0.44702833,1105.2,33.8,0.16056509
-113.9,3760,5,0.3,-0.428264,1105.2,33.8,0.16056509
-119.8,3760.8,-5.9,0.8,-0.45054384,1105.2,33.8,0.16056509
-122.9,3761.3,-3.1,0.5,-0.46226377,1105.1,33.8,0.16064105
-127.8,3762,-4.9,0.7,-0.4807836,1105.1,33.8,0.16064105
-121.9,3762.2,5.9,0.2,-0.45861218,1105.1,33.8,0.16064105
-121.9,3762.7,0,0.5,-0.45867313,1105,33.8,0.160717
-124.8,3763.2,-2.9,0.5,-0.46964736,1105,33.8,0.160717
-122.9,3763.6,1.9,0.4,-0.46254644,1105,33.8,0.160717
-120.8,3763.9,2.1,0.3,-0.45467912,1104.9,33.8,0.16079295
2999.9,3649.4,3120.7,-114.5,10.947835,1105.8,33.8,0.16010937
3000,3644.5,0.1,-4.9,10.9335,1106.6,33.8,0.15950175
3000,3640.8,0,-3.7,10.9224,1107.4,33.8,0.15889412
3000.1,3637.6,0.1,-3.2,10.913164,1108.3,33.8,0.15821054
3000,3634.9,-0.1,-2.7,10.9047,1109.1,33.8,0.15760292
3000.1,3632.5,0.1,-2.4,10.897863,1109.9,33.8,0.15699529
3000.1,3630.3,0,-2.2,10.891263,1110.8,33.8,0.15631171
2597.1,3643,-403,12.7,9.4612353,1111.5,33.8,0.15578004
1837.1,3669.4,-760,26.4,6.7410547,1112,33.8,0.15540027
1085,3696.7,-752.1,27.3,4.0109195,1112.3,33.8,0.15517241
328.3,3725.2,-756.7,28.5,1.2229832,1112.4,33.8,0.15509646
337,3726.2,8.7,1,1.2557294,1112.5,33.8,0.15502051
1915.9,3669,1578.9,-57.2,7.0294371,1113,33.8,0.15464074
1925.8,3667.1,9.9,-1.9,7.0621012,1113.6,33.8,0.15418502
1917,3666.2,-8.8,-0.9,7.0281054,1114.1,33.8,0.15380526
1924.9,3664.9,7.9,-1.3,7.054566,1114.6,33.8,0.15342549
1919.9,3664.2,-5,-0.7,7.0348976,1115.2,33.8,0.15296977
2367.9,3646.8,448,-17.4,8.6352577,1115.8,33.8,0.15251405
2373,3645.2,5.1,-1.6,8.6500596,1116.5,33.8,0.15198238
2373,3643.8,0,-1.4,8.6467374,1117.1,33.9,0.15152666
2374,3642.6,1,-1.2,8.6475324,1117.8,33.9,0.15099499
2371.1,3641.5,-2.9,-1.1,8.6343607,1118.5,33.9,0.15046331
2371.9,3640.3,0.8,-1.2,8.6344276,1119.1,33.9,0.1500076
2372,3639.2,0.1,-1.1,8.6321824,1119.8,33.9,0.14947592
2364,3638.5,-8,-0.7,8.601414,1120.4,33.9,0.1490202
2367.9,3637.3,3.9,-1.2,8.6127627,1121.1,33.9,0.14848853
2369.9,3636.2,2,-1.1,8.6174304,1121.7,33.9,0.14803281
2371,3635.2,1.1,-1,8.6190592,1122.4,33.9,0.14750114
1264.1,3675.2,-1106.9,40,4.6458203,1122.8,33.9,0.14719733
162.1,3716.8,-1102,41.6,0.60249328,1122.8,33.9,0.14719733
160.1,3718.9,-2,2.1,0.59539589,1122.8,33.9,0.14719733
162,3720.6,1.9,1.7,0.6027372,1122.9,33.9,0.14712137
160,3722,-2,1.4,0.59552,1122.9,33.9,0.14712137
-522.7,3748.6,-682.7,26.6,-1.9593932,1122.8,33.9,0.14719733
-522.9,3750.8,-0.2,2.2,-1.9612933,1122.6,33.9,0.14734923
-526.9,3752.8,-4,2,-1.9773503,1122.5,33.9,0.14742519
-522.8,3754.5,4.1,1.7,-1.9628526,1122.4,33.9,0.14750114
-524.9,3756.2,-2.1,1.7,-1.9716294,1122.2,33.9,0.14765305
-520.8,3757.5,4.1,1.3,-1.956906,1122.1,33.9,0.147729
-526.9,3759.2,-6.1,1.7,-1.9807225,1121.9,33.9,0.14788091
-526.8,3760.5,0.1,1.3,-1.9810314,1121.8,33.9,0.14795686
-520.9,3761.6,5.9,1.1,-1.9594174,1121.6,33.9,0.14810877
-522.8,3762.9,-1.9,1.3,-1.9672441,1121.5,33.9,0.14818472
68,3742.2,590.8,-20.7,0.2544696,1121.5,33.9,0.14818472
652,3720.8,584,-21.4,2.4259616,1121.7,33.9,0.14803281
1251.9,3697.9,599.9,-22.9,4.629401,1122,33.9,0.14780495
1840.9,3674.7,589,-23.2,6.7647552,1122.5,33.9,0.14742519
1843.9,3672.4,3,-2.3,6.7715384,1123.1,33.9,0.14696947
1845,3670.5,1.1,-1.9,6.7720725,1123.6,33.9,0.1465897
1843.9,3669,-1.1,-1.5,6.7652691,1124.1,33.9,0.14620993
1841,3667.7,-2.9,-1.3,6.7522357,1124.6,33.9,0.14583017
1845.9,3666.3,4.9,-1.4,6.7676232,1125.1,33.9,0.1454504
1841,3665.4,-4.9,-0.9,6.7480014,1125.6,33.9,0.14507064
1843.9,3664.2,2.9,-1.2,6.7564184,1126.1,33.9,0.14469087
2011.9,3657.1,168,-7.1,7.3577195,1126.7,33.9,0.14423515
2176.8,3649.8,164.9,-7.3,7.9448846,1127.3,33.9,0.14377943
2184.9,3648.3,8.1,-1.5,7.9711707,1127.9,33.9,0.14332371
2179.8,3647.2,-5.1,-1.1,7.9501666,1128.5,33.9,0.14286799
2181.8,3646,2,-1.2,7.9548428,1129.1,33.9,0.14241227
2182.9,3644.9,1.1,-1.1,7.9564522,1129.7,33.9,0.14195655
2184.9,3643.8,2,-1.1,7.9613386,1130.3,33.9,0.14150084
2184,3642.8,-0.9,-1,7.9558752,1130.9,33.9,0.14104512
2182.8,3641.8,-1.2,-1,7.949321,1131.5,33.9,0.1405894
2180.8,3640.9,-2,-0.9,7.9400747,1132.1,33.9,0.14013368
2185,3639.8,4.2,-1.1,7.952963,1132.7,33.9,0.13967796
2188.9,3638.8,3.9,-1,7.9649693,1133.4,33.9,0.13914629
2180.9,3638.2,-8,-0.6,7.9345504,1134,33.9,0.13869057
2173.9,3637.5,-7,-0.7,7.9075613,1134.6,33.9,0.13823485
2187,3636.2,13.1,-1.3,7.9523694,1135.2,33.9,0.13777913
2178.9,3635.7,-8.1,-0.5,7.9218267,1135.8,33.9,0.13732341
2185,3634.7,6.1,-1,7.9418195,1136.4,33.9,0.13686769
2185.8,3633.8,0.8,-0.9,7.94276,1137,33.9,0.13641197
2184,3633.1,-1.8,-0.7,7.9346904,1137.6,33.9,0.13595625
2177.9,3632.5,-6.1,-0.6,7.9112218,1138.2,33.9,0.13550053
2162,3632.4,-15.9,-0.1,7.8532488,1138.8,33.9,0.13504481
2147.9,3632.1,-14.1,-0.3,7.8013876,1139.4,33.9,0.13458909
2145,3631.5,-2.9,-0.6,7.7895675,1140,33.9,0.13413337
2143.9,3630.9,-1.1,-0.6,7.7842865,1140.6,33.9,0.13367765
2144,3630.2,0.1,-0.7,7.7831488,1141.2,33.9,0.13322194
2142.9,3629.6,-1.1,-0.6,7.7778698,1141.8,33.9,0.13276622
2022,3633.4,-120.9,3.8,7.3467348,1142.3,33.9,0.13238645
1905,3637.3,-117,3.9,6.9290565,1142.9,33.9,0.13193073
1783,3641.5,-122,4.2,6.4927945,1143.4,33.9,0.13155096
1669.9,3645.6,-113.1,4.1,6.0877874,1143.8,33.9,0.13124715
1665,3645.7,-4.9,0.1,6.0700905,1144.3,33.9,0.13086739
1665.9,3645.6,0.9,-0.1,6.073205,1144.8,33.9,0.13048762
-4,3707.8,-1669.9,62.2,-0.0148312,1144.8,33.9,0.13048762
1,3710.3,5,2.5,0.0037103,1144.8,33.9,0.13048762
1,3712.4,0,2.1,0.0037124,1144.8,33.9,0.13048762
0,3714.3,-1,1.9,0,1144.8,33.9,0.13048762
-2,3716,-2,1.7,-0.007432,1144.8,33.9,0.13048762
2999.8,3606,3001.8,-110,10.817279,1145.6,33.9,0.12987999
3000,3602,0.2,-4,10.806,1146.4,33.9,0.12927237
3000,3599.1,0,-2.9,10.7973,1147.3,33.9,0.12858879
3000,3596.6,0,-2.5,10.7898,1148.1,33.9,0.12798116
3000.1,3594.4,0.1,-2.2,10.783559,1148.9,34,0.12737354
3000.1,3592.3,0,-2.1,10.777259,1149.8,34,0.12668996
2786.1,3598.5,-214,6.2,10.025781,1150.5,34,0.12615829
1981.9,3627,-804.2,28.5,7.1883513,1151.1,34,0.12570257
1172.1,3657.3,-809.8,30.3,4.2867213,1151.4,34,0.12547471
365.1,3688.7,-807,31.4,1.3467444,1151.5,34,0.12539875
-431.7,3720.8,-796.8,32.1,-1.6062694,1151.4,34,0.12547471
-1242.8,3754.1,-811.1,33.3,-4.6655955,1151,34,0.12577852
-1243.8,3758.3,-1,4.2,-4.6745735,1150.7,34,0.12600638
-1239.9,3761.7,3.9,3.4,-4.6641318,1150.4,34,0.12623424
-1244.8,3765.1,-4.9,3.4,-4.6867965,1150,34,0.12653805
-1243.9,3768,0.9,2.9,-4.6870152,1149.7,34,0.12676591
2175.8,3644,3419.7,-124,7.9286152,1150.3,34,0.12631019
2176,3640.1,0.2,-3.9,7.9208576,1150.9,34,0.12585447
2176.8,3637.2,0.8,-2.9,7.917457,1151.5,34,0.12539875
2174.9,3635,-1.9,-2.2,7.9057615,1152.1,34,0.12494304
2174.9,3633.1,0,-1.9,7.9016292,1152.7,34,0.12448732
2182.9,3631.1,8,-2,7.9263282,1153.3,34,0.1240316
2173.9,3629.9,-9,-1.2,7.8910396,1153.9,34,0.12357588
2171.9,3628.6,-2,-1.3,7.8809563,1154.5,34,0.12312016
2183.9,3626.9,12,-1.7,7.9207869,1155.1,34,0.12266444
2176.9,3626,-7,-0.9,7.8934394,1155.7,34,0.12220872
2178.9,3624.7,2,-1.3,7.8978588,1156.3,34,0.121753
2179.8,3623.6,0.9,-1.1,7.8987233,1156.9,34,0.12129728
2182.9,3622.4,3.1,-1.2,7.907337,1157.5,34,0.12084156
2175.8,3621.7,-7.1,-0.7,7.8800949,1158.1,34,0.12038584
2172.9,3620.8,-2.9,-0.9,7.8676363,1158.7,34,0.11993012
2176,3619.7,3.1,-1.1,7.8764672,1159.3,34,0.1194744
2178.8,3618.7,2.8,-1,7.8844236,1159.9,34,0.11901868
2175.9,3617.8,-2.9,-0.9,7.871971,1160.5,34,0.11856297
2179.8,3616.8,3.9,-1,7.8839006,1161.2,34,0.11803129
1464.1,3642.7,-715.7,25.9,5.3332771,1161.6,34,0.11772748
747,3670,-717.1,27.3,2.74149,1161.8,34,0.11757557
28,3698.5,-719,28.5,0.103558,1161.8,34,0.11757557
-683.7,3727.6,-711.7,29.1,-2.5485601,1161.6,34,0.11772748
-684.8,3731.1,-1.1,3.5,-2.5550573,1161.4,34,0.11787939
-685.8,3734.1,-1,3,-2.5608458,1161.2,34,0.11803129
-681.9,3736.5,3.9,2.4,-2.5479193,1161,34,0.1181832
-681.9,3738.9,0,2.4,-2.5495559,1160.8,34,0.11833511
-688.8,3741.4,-6.9,2.5,-2.5770763,1160.6,34,0.11848701
-686,3743.3,2.8,1.9,-2.5679038,1160.4,34,0.11863892
-682.8,3745.1,3.2,1.8,-2.5571543,1160.3,34,0.11871487
-685.8,3747,-3,1.9,-2.5696926,1160.1,34,0.11886678
-681.8,3748.6,4,1.6,-2.5557955,1159.9,34,0.11901868
-687.8,3750.6,-6,2,-2.5796627,1159.7,34,0.11917059
-688.7,3752.2,-0.9,1.6,-2.5841401,1159.5,34,0.1193225
-683.8,3753.5,4.9,1.3,-2.5666433,1159.3,34,0.1194744
-686.8,3755.1,-3,1.6,-2.5790027,1159.1,34,0.11962631
-684.9,3756.4,1.9,1.3,-2.5727584,1158.9,34,0.11977822
-499.8,3750.9,185.1,-5.5,-1.8746998,1158.8,34,0.11985417
-500.9,3751.9,-1.1,1,-1.8793267,1158.6,34,0.12000608
-500.8,3753,0.1,1.1,-1.8795024,1158.5,34,0.12008203
-498.8,3753.8,2,0.8,-1.8723954,1158.4,34,0.12015798
-500.8,3754.8,-2,1,-1.8804038,1158.2,34,0.12030989
274,3727.1,774.8,-27.7,1.0212254,1158.3,34,0.12023394
274,3726.6,0,-0.5,1.0210884,1158.4,34,0.12015798
278,3726.2,4,-0.4,1.0358836,1158.5,34,0.12008203
274,3726.1,-4,-0.1,1.0209514,1158.5,34,0.12008203
271,3726.1,-3,0,1.0097731,1158.6,34,0.12000608
280,3725.7,9,-0.4,1.043196,1158.7,34,0.11993012
276,3725.8,-4,0.1,1.0283208,1158.8,34,0.11985417
279,3725.6,3,-0.2,1.0394424,1158.8,34,0.11985417
277.1,3725.6,-1.9,0,1.0323638,1158.9,34,0.11977822
274,3725.7,-3.1,0.1,1.0208418,1159,34,0.11970226
274,3725.7,0,0,1.0208418,1159.1,34,0.11962631
275,3725.7,1,0,1.0245675,1159.1,34,0.11962631
274,3725.7,-1,0,1.0208418,1159.2,34,0.11955036
272,3725.8,-2,0.1,1.0134176,1159.3,34,0.1194744
271.1,3725.8,-0.9,0,1.0100644,1159.4,34,0.11939845
274,3725.7,2.9,-0.1,1.0208418,1159.4,34,0.11939845
271.1,3725.8,-2.9,0.1,1.0100644,1159.5,34,0.1193225
2999.9,3624.9,2728.8,-100.9,10.874338,1160.4,34,0.11863892
2999.9,3619.8,0,-5.1,10.859038,1161.2,34,0.11803129
3000,3615.4,0.1,-4.4,10.8462,1162,34,0.11742367
3000,3611.6,0,-3.8,10.8348,1162.9,34,0.11674009
3000,3608.1,0,-3.5,10.8243,1163.7,34,0.11613246
3000,3605,0,-3.1,10.815,1164.5,34,0.11552484
3000.1,3602,0.1,-3,10.80636,1165.4,34,0.11484126
3000.1,3599.3,0,-2.7,10.79826,1166.2,34,0.11423363
3000.1,3596.7,0,-2.6,10.79046,1167,34,0.11362601
3000.1,3594.2,0,-2.5,10.782959,1167.9,34,0.11294243
3000.1,3591.9,0,-2.3,10.776059,1168.7,34,0.1123348
3000.1,3589.5,0,-2.4,10.768859,1169.5,34,0.11172718
3000,3587.3,-0.1,-2.2,10.7619,1170.4,34,0.1110436
3000.1,3585.1,0.1,-2.2,10.755659,1171.2,34,0.11043597
3000.1,3582.9,0,-2.2,10.749058,1172,34,0.10982835
3000.1,3580.8,0,-2.1,10.742758,1172.9,34,0.10914477
2689.1,3590.4,-311,9.6,9.6549446,1173.6,34,0.10861309
2335,3602.3,-354.1,11.9,8.4113705,1174.3,34,0.10808142
1990.9,3614.5,-344.1,12.2,7.196108,1174.8,34,0.10770166
1637.2,3627.6,-353.7,13.1,5.9391067,1175.3,34,0.10732189
1290,3641,-347.2,13.4,4.69689,1175.6,34,0.10709403
1289,3641.8,-1,0.8,4.6942802,1176,34,0.10679022
1294,3642.2,5,0.4,4.7130068,1176.3,34,0.10656236
1296,3642.5,2,0.3,4.72068,1176.7,34,0.10625854
1293,3642.9,-3,0.4,4.7102697,1177.1,34,0.10595473
1292.1,3643.1,-0.9,0.2,4.7072495,1177.4,34,0.10572687
1292.9,3643.2,0.8,0.1,4.7102933,1177.8,34,0.10542306
1295.9,3643.2,3,0,4.7212229,1178.1,34,0.1051952
1292.1,3643.4,-3.8,0.2,4.7076371,1178.5,34,0.10489139
1295,3643.4,2.9,0,4.718203,1178.9,34,0.10458757
1294.1,3643.4,-0.9,0,4.7149239,1179.2,34,0.10435971
926,3657.3,-368.1,13.9,3.3866598,1179.5,34,0.10413185
561.1,3671.7,-364.9,14.4,2.0601909,1179.6,34,0.1040559
194,3686.8,-367.1,15.1,0.7152392,1179.7,34,0.10397995
200,3688.4,6,1.6,0.73768,1179.7,34,0.10397995
2720.9,3595.2,2520.9,-93.2,9.7821797,1180.5,34,0.10337232
2720.1,3591.4,-0.8,-3.8,9.7689671,1181.2,34.1,0.10284065
2723,3588.4,2.9,-3,9.7712132,1182,34.1,0.10223302
2723.1,3585.8,0.1,-2.6,9.764492,1182.8,34.1,0.1016254
2719.1,3583.6,-4,-2.2,9.7441668,1183.5,34.1,0.10109373
2715.1,3581.5,-4,-2.1,9.7241307,1184.3,34.1,0.1004861
2725.1,3579.1,10,-2.4,9.7534054,1185,34.1,0.099954428
2717.1,3577.4,-8,-1.7,9.7201535,1185.8,34.1,0.099346802
2718.1,3575.4,1,-2,9.7182947,1186.5,34.1,0.09881513
2719,3573.5,0.9,-1.9,9.7163465,1187.3,34.1,0.098207504
2717.1,3571.7,-1.9,-1.8,9.7046661,1188,34.1,0.097675832
2720.1,3569.8,3,-1.9,9.710213,1188.8,34.1,0.097068206
2721,3568,0.9,-1.8,9.708528,1189.6,34.1,0.09646058
2720.1,3566.2,-0.9,-1.8,9.7004206,1190.3,34.1,0.095928908
2723,3564.4,2.9,-1.8,9.7058612,1191.1,34.1,0.095321282
2716.1,3563,-6.9,-1.4,9.6774643,1191.8,34.1,0.09478961
2718,3561.2,1.9,-1.8,9.6793416,1192.6,34.1,0.094181984
2720.1,3559.5,2.1,-1.7,9.6821959,1193.3,34.1,0.093650311
969.1,3625,-1751,65.5,3.5129875,1193.6,34.1,0.093422452
-788.8,3694.4,-1757.9,69.4,-2.9141427,1193.4,34.1,0.093574358
-780.8,3699.5,8,5.1,-2.8885696,1193.2,34.1,0.093726265
-785.9,3704.2,-5.1,4.7,-2.9111308,1192.9,34.1,0.093954124
-789.8,3708.3,-3.9,4.1,-2.9288153,1192.7,34.1,0.094106031
-782.9,3711.4,6.9,3.1,-2.9056551,1192.5,34.1,0.094257937
-782.9,3714.7,0,3.3,-2.9082386,1192.3,34.1,0.094409844
-787.8,3717.9,-4.9,3.2,-2.9289616,1192.1,34.1,0.09456175
-784.9,3720.6,2.9,2.7,-2.9202989,1191.9,34.1,0.094713656
-782.8,3723.1,2.1,2.5,-2.9144427,1191.6,34.1,0.094941516
-788.9,3725.8,-6.1,2.7,-2.9392836,1191.4,34.1,0.095093422
-783.8,3728,5.1,2.2,-2.9220064,1191.2,34.1,0.095245329
-789.8,3730.4,-6,2.4,-2.9462699,1191,34.1,0.095397235
-787.9,3732.6,1.9,2.2,-2.9409155,1190.8,34.1,0.095549142
-785.9,3734.5,2,1.9,-2.9349436,1190.5,34.1,0.095777001
-784.9,3736.5,1,2,-2.9327789,1190.3,34.1,0.095928908
-787.8,3738.5,-2.9,2,-2.9451903,1190.1,34.1,0.096080814
-783.8,3740.2,4,1.7,-2.9315688,1189.9,34.1,0.096232721
-788.9,3742.2,-5.1,2,-2.9522216,1189.7,34.1,0.096384627
-76,3717.4,712.9,-24.8,-0.2825224,1189.6,34.1,0.09646058
628.9,3691.3,704.9,-26.1,2.3214586,1189.8,34.1,0.096308674
1342,3663.7,713.1,-27.6,4.9166854,1190.2,34.1,0.096004861
2046.8,3635.2,704.8,-28.5,7.4405274,1190.8,34.1,0.095549142
2757,3605.3,710.2,-29.9,9.9398121,1191.5,34.1,0.095017469
3000,3591.7,243,-13.6,10.7751,1192.4,34.1,0.09433389
3000,3587.2,0,-4.5,10.7616,1193.2,34.1,0.093726265
3000,3583.1,0,-4.1,10.7493,1194,34.1,0.093118639
3000.1,3579.4,0.1,-3.7,10.738558,1194.9,34.1,0.09243506
912.1,3654.5,-2088,75.1,3.3332694,1195.1,34.1,0.092283154
914,3655.6,1.9,1.1,3.3412184,1195.4,34.1,0.092055294
912.9,3656.3,-1.1,0.7,3.3378363,1195.6,34.1,0.091903388
918,3656.5,5.1,0.2,3.356667,1195.9,34.1,0.091675528
910.1,3657,-7.9,0.5,3.3282357,1196.1,34.1,0.091523621
-364.7,3705.1,-1274.8,48.1,-1.35125,1196,34.1,0.091599575
-362,3707.8,2.7,2.7,-1.3422236,1195.9,34.1,0.091675528
-360.8,3710,1.2,2.2,-1.338568,1195.8,34.1,0.091751481
-363.8,3712.1,-3,2.1,-1.350462,1195.7,34.1,0.091827434
-362.8,3713.9,1,1.8,-1.3474029,1195.6,34.1,0.091903388
-365.9,3715.7,-3.1,1.8,-1.3595746,1195.5,34.1,0.091979341
-363.8,3717.2,2.1,1.5,-1.3523174,1195.4,34.1,0.092055294
-368.9,3718.8,-5.1,1.6,-1.3718653,1195.3,34.1,0.092131247
-360.8,3720,8.1,1.2,-1.342176,1195.2,34.1,0.0922072
110,3703.6,470.8,-16.4,0.407396,1195.3,34.1,0.092131247
574.9,3686.6,464.9,-17,2.1194263,1195.4,34.1,0.092055294
1053,3668.1,478.1,-18.5,3.8625093,1195.7,34.1,0.091827434
1051.1,3666.8,-1.9,-1.3,3.8541735,1196,34.1,0.091599575
1047.1,3665.8,-4,-1,3.8384592,1196.3,34.1,0.091371715
1053,3664.6,5.9,-1.2,3.8588238,1196.6,34.1,0.091143855
1047.1,3663.9,-5.9,-0.7,3.8364697,1196.9,34.1,0.090915996
1051.9,3662.9,4.8,-1,3.8530045,1197.2,34.1,0.090688136
1052.1,3662.2,0.2,-0.7,3.8530006,1197.5,34.1,0.090460276
-478.8,3718.7,-1530.9,56.5,-1.7805136,1197.3,34.1,0.090612183
-476.9,3721.3,1.9,2.6,-1.774688,1197.2,34.1,0.090688136
-481.8,3723.5,-4.9,2.2,-1.7939823,1197.1,34.1,0.090764089
-474.8,3725,7,1.5,-1.76863,1196.9,34.1,0.090915996
-476.9,3726.7,-2.1,1.7,-1.7772632,1196.8,34.1,0.090991949
-476.9,3728.2,0,1.5,-1.7779786,1196.7,34.1,0.091067902
-477.8,3729.6,-0.9,1.4,-1.7820029,1196.5,34.1,0.091219809
39,3711.6,516.8,-18,0.1447524,1196.5,34.1,0.091219809
552,3692.7,513,-18.9,2.0383704,1196.7,34.1,0.091067902
1061.9,3672.9,509.9,-19.8,3.9002525,1197,34.1,0.090840043
1587.9,3651.6,526,-21.3,5.7983756,1197.4,34.1,0.09053623
2097.8,3630,509.9,-21.6,7.615014,1198,34.1,0.09008051
2094.9,3626.9,-2.9,-3.1,7.5979928,1198.6,34.1,0.089624791
560.1,3681.6,-1534.8,54.7,2.0620642,1198.7,34.1,0.089548838
558.9,3682.3,-1.2,0.7,2.0580375,1198.9,34.1,0.089396931
562,3682.5,3.1,0.2,2.069565,1199.1,34.1,0.089245025
563,3682.6,1,0.1,2.0733038,1199.2,34.1,0.089169072
563.9,3682.7,0.9,0.1,2.0766745,1199.4,34.1,0.089017165
555.1,3683,-8.8,0.3,2.0444333,1199.5,34.1,0.088941212
561.9,3682.8,6.8,-0.2,2.0693653,1199.7,34.1,0.088789306
560,3682.8,-1.9,0,2.062368,1199.8,34.1,0.088713353
558.9,3682.9,-1.1,0.1,2.0583728,1200,34.1,0.088561446
556,3683,-2.9,0.1,2.047748,1200.1,34.1,0.088485493
558.9,3682.8,2.9,-0.2,2.0583169,1200.3,34.1,0.088333587
-195.8,3711.1,-754.7,28.3,-0.72663338,1200.2,34.1,0.08840954
-195.8,3712.7,0,1.6,-0.72694666,1200.2,34.1,0.08840954
-198.7,3714.1,-2.9,1.4,-0.73799167,1200.1,34.1,0.088485493
-201.9,3715.4,-3.2,1.3,-0.75013926,1200.1,34.1,0.088485493
-196.8,3716.2,5.1,0.8,-0.73134816,1200,34.1,0.088561446
-201.9,3717.4,-5.1,1.2,-0.75054306,1200,34.1,0.088561446
-198.8,3718.2,3.1,0.8,-0.73917816,1199.9,34.1,0.088637399
-194.9,3718.9,3.9,0.7,-0.72481361,1199.9,34.1,0.088637399
-200.8,3719.9,-5.9,1,-0.74695592,1199.8,34.1,0.088713353
-202.8,3720.8,-2,0.9,-0.75457824,1199.8,34.1,0.088713353
-197.8,3721.4,5,0.6,-0.73609292,1199.7,34.1,0.088789306
-173,3721.2,24.8,-0.2,-0.6437676,1199.6,34.1,0.088865259
-151.9,3721.1,21.1,-0.1,-0.56523509,1199.6,34.1,0.088865259
-121.9,3720.6,30,-0.5,-0.45354114,1199.6,34.1,0.088865259
-100,3720.3,21.9,-0.3,-0.37203,1199.5,34.1,0.088941212
-72,3719.7,28,-0.6,-0.2678184,1199.5,34.1,0.088941212
-48,3719.2,24,-0.5,-0.1785216,1199.5,34.1,0.088941212
-22,3718.6,26,-0.6,-0.0818092,1199.5,34.1,0.088941212
-21,3718.9,1,0.3,-0.0780969,1199.5,34.1,0.088941212
-23,3719.3,-2,0.4,-0.0855439,1199.5,34.1,0.088941212
-28,3719.8,-5,0.5,-0.1041544,1199.5,34.1,0.088941212
-29,3720.2,-1,0.4,-0.1078858,1199.5,34.1,0.088941212
-23,3720.2,6,0,-0.0855646,1199.5,34.1,0.088941212
-18,3720.4,5,0.2,-0.0669672,1199.5,34.1,0.088941212
-20,3720.7,-2,0.3,-0.074414,1199.5,34,0.088941212
-27,3721.3,-7,0.6,-0.1004751,1199.5,34,0.088941212
3000,3608.6,3027,-112.7,10.8258,1200.3,34,0.088333587
3000,3602.4,0,-6.2,10.8072,1201.1,34,0.087725961
3000.1,3597.2,0.1,-5.2,10.79196,1202,34,0.087042382
3000.1,3592.6,0,-4.6,10.778159,1202.8,34,0.086434756
3000.1,3588.3,0,-4.3,10.765259,1203.6,34,0.08582713
3000.1,3584.3,0,-4,10.753258,1204.5,34,0.085143552
3000.1,3580.4,0,-3.9,10.741558,1205.3,34,0.084535926
3000.1,3576.7,0,-3.7,10.730458,1206.1,34,0.0839283
3000.1,3573.1,0,-3.6,10.719657,1207,34,0.083244721
3000.1,3569.6,0,-3.5,10.709157,1207.8,34,0.082637096
3000.1,3566.3,0,-3.3,10.699257,1208.6,34,0.08202947
3000.1,3563,0,-3.3,10.689356,1209.5,34,0.081345891
3000.1,3559.7,0,-3.3,10.679456,1210.3,34,0.080738265
3000.1,3556.4,0,-3.3,10.669556,1211.1,34,0.08013064
2917.2,3556.4,-82.9,0,10.37473,1211.9,34,0.079523014
2802.1,3557.9,-115.1,1.5,9.9695916,1212.7,34,0.078915388
2701.1,3559.1,-101,1.2,9.613485,1213.5,34,0.078307762
2596,3560.6,-105.1,1.5,9.2433176,1214.2,34,0.07777609
2486.2,3562.6,-109.8,2,8.8573361,1214.9,34,0.077244417
2374,3565,-112.2,2.4,8.46331,1215.5,34,0.076788698
2264,3567.4,-110,2.4,8.0765936,1216.2,34,0.076257026
2267.9,3565.6,3.9,-1.8,8.0864242,1216.8,34,0.075801306
2263,3564.1,-4.9,-1.5,8.0655583,1217.4,34,0.075345587
2260.9,3562.5,-2.1,-1.6,8.0544562,1218,34,0.074889868
-89,3651.4,-2349.9,88.9,-0.3249746,1218,34.1,0.074889868
-87,3655.2,2,3.8,-0.3180024,1218,34.1,0.074889868
-84,3658.1,3,2.9,-0.3072804,1218,34.1,0.074889868
-90,3660.9,-6,2.8,-0.329481,1217.9,34.1,0.074965821
-88,3663.1,2,2.2,-0.3223528,1217.9,34.1,0.074965821
-82,3664.9,6,1.8,-0.3005218,1217.9,34.1,0.074965821
-90,3667.1,-8,2.2,-0.330039,1217.9,34.1,0.074965821
-82,3668.6,8,1.5,-0.3008252,1217.9,34.1,0.074965821
-83,3670.2,-1,1.6,-0.3046266,1217.8,34.1,0.075041774
-86,3671.9,-3,1.7,-0.3157834,1217.8,34.1,0.075041774
-86,3673.4,0,1.5,-0.3159124,1217.8,34.1,0.075041774
-86,3674.8,0,1.4,-0.3160328,1217.8,34.1,0.075041774
-85,3676,1,1.2,-0.31246,1217.7,34.1,0.075117727
-87,3677.4,-2,1.4,-0.3199338,1217.7,34.1,0.075117727
-83,3678.5,4,1.1,-0.3053155,1217.7,34.1,0.075117727
-315.9,3688.4,-232.9,9.9,-1.1651656,1217.6,34.1,0.075193681
-547.8,3698.9,-231.9,10.5,-2.0262574,1217.4,34.1,0.075345587
-776.8,3709.5,-229,10.6,-2.8815396,1217.2,34.1,0.075497494
-774.8,3711.9,2,2.4,-2.8759801,1217,34.1,0.0756494
-785.9,3714.5,-11.1,2.6,-2.9192256,1216.8,34.1,0.075801306
-776.8,3716.2,9.1,1.7,-2.8867442,1216.6,34.1,0.075953213
-774.8,3718.1,2,1.9,-2.8807839,1216.4,34.1,0.076105119
-574.9,3712.5,199.9,-5.6,-2.1343162,1216.2,34.1,0.076257026
-367.8,3706,207.1,-6.5,-1.3630668,1216.1,34.1,0.076332979
-160.9,3699.1,206.9,-6.9,-0.59518519,1216.1,34.1,0.076332979
45,3691.8,205.9,-7.3,0.166131,1216.1,34.1,0.076332979
249.1,3684.3,204.1,-7.5,0.91775913,1216.1,34.1,0.076332979
457.9,3676.2,208.8,-8.1,1.683332,1216.3,34.1,0.076181072
456.1,3675.6,-1.8,-0.6,1.6764412,1216.4,34.1,0.076105119
454.9,3675.2,-1.2,-0.4,1.6718485,1216.5,34.1,0.076029166
461,3674.6,6.1,-0.6,1.6939906,1216.7,34.1,0.07587726
454.9,3674.5,-6.1,-0.1,1.6715301,1216.8,34.1,0.075801306
458,3674.1,3.1,-0.4,1.6827378,1216.9,34.1,0.075725353
457,3673.8,-1,-0.3,1.6789266,1217,34.1,0.0756494
458.9,3673.5,1.9,-0.3,1.6857692,1217.2,34.1,0.075497494
462,3673.1,3.1,-0.4,1.6969722,1217.3,34.1,0.07542154
455,3673.2,-7,0.1,1.671306,1217.4,34.1,0.075345587
461.1,3672.8,6.1,-0.4,1.6935281,1217.5,34.1,0.075269634
331.2,3677.4,-129.9,4.6,1.2179549,1217.6,34.1,0.075193681
207.1,3682.2,-124.1,4.8,0.76258362,1217.7,34.1,0.075117727
89,3687,-118.1,4.8,0.328143,1217.7,34.1,0.075117727
-45,3692.7,-134,5.7,-0.1661715,1217.7,34.1,0.075117727
-159.7,3697.8,-114.7,5.1,-0.59053866,1217.7,34.1,0.075117727
-161.9,3698.8,-2.2,1,-0.59883572,1217.6,34.1,0.075193681
-158.9,3699.5,3,0.7,-0.58785055,1217.6,34.1,0.075193681
-168.9,3700.6,-10,1.1,-0.62503134,1217.5,34.1,0.075269634
-161.8,3701.2,7.1,0.6,-0.59885416,1217.5,34.1,0.075269634
-162.9,3701.9,-1.1,0.7,-0.60303951,1217.4,34.1,0.075345587
-162.8,3702.6,0.1,0.7,-0.60278328,1217.4,34.1,0.075345587
-164.9,3703.3,-2.1,0.7,-0.61067417,1217.3,34.1,0.07542154
-162,3703.8,2.9,0.5,-0.6000156,1217.3,34.1,0.07542154
-168.8,3704.7,-6.8,0.9,-0.62535336,1217.3,34.1,0.07542154
-158.9,3704.9,9.9,0.2,-0.58870861,1217.2,34.1,0.075497494
-164.8,3705.7,-5.9,0.8,-0.61069936,1217.2,34.1,0.075497494
-163.9,3706.2,0.9,0.5,-0.60744618,1217.1,34.1,0.075573447
-158.8,3706.6,5.1,0.4,-0.58860808,1217.1,34.1,0.075573447
-165.9,3707.3,-7.1,0.7,-0.61504107,1217,34.1,0.0756494
-162.8,3707.7,3.1,0.4,-0.60361356,1217,34.1,0.0756494
441.9,3685.4,604.7,-22.3,1.6285783,1217.1,34.1,0.075573447
1046,3661.7,604.1,-23.7,3.8301382,1217.4,34.1,0.075345587
1646,3637.1,600,-24.6,5.9866666,1217.8,34.1,0.075041774
1653,3633.7,7,-3.4,6.0065061,1218.3,34,0.074662008
1646.9,3631.1,-6.1,-2.6,5.9800586,1218.8,34,0.074282242
1651,3628.3,4.1,-2.8,5.9903233,1219.2,34,0.073978429
1648.9,3626.1,-2.1,-2.2,5.9790763,1219.7,34,0.073598663
1649,3623.7,0.1,-2.4,5.9754813,1220.1,34,0.07329485
1649.9,3621.4,0.9,-2.3,5.9749479,1220.6,34,0.072915084
1652,3619.2,2.1,-2.2,5.9789184,1221.1,34,0.072535318
1349,3628.6,-303,9.4,4.8949814,1221.4,34,0.072307459
1043.1,3638.9,-305.9,10.3,3.7957366,1221.7,34,0.072079599
734,3650,-309.1,11.1,2.6791,1221.9,34,0.071927693
735,3649.9,1,-0.1,2.6826765,1222.1,34,0.071775786
730.9,3649.8,-4.1,-0.1,2.6676388,1222.3,34,0.07162388
645,3652.8,-85.9,3,2.356056,1222.5,34,0.071471973
551,3656.2,-94,3.4,2.0145662,1222.7,34,0.071320067
554,3656.2,3,0,2.0255348,1222.8,34,0.071244114
547,3656.3,-7,0.1,1.9999961,1223,34,0.071092207
549,3656.2,2,-0.1,2.0072538,1223.1,34,0.071016254
472,3659,-77,2.8,1.727048,1223.3,34,0.070864348
404,3661.6,-68,2.6,1.4792864,1223.4,34,0.070788394
322.1,3664.9,-81.9,3.3,1.1804643,1223.5,34,0.070712441
243.1,3668.2,-79,3.3,0.89173942,1223.5,34,0.070712441
169,3671.4,-74.1,3.2,0.6204666,1223.6,34,0.070636488
90,3674.9,-79,3.5,0.330741,1223.6,34,0.070636488
19,3678.2,-71,3.3,0.0698858,1223.6,34,0.070636488
12,3679.2,-7,1,0.0441504,1223.6,34,0.070636488
17,3679.7,5,0.5,0.0625549,1223.6,34,0.070636488
22,3680.1,5,0.4,0.0809622,1223.6,34,0.070636488
18,3680.9,-4,0.8,0.0662562,1223.6,34,0.070636488
21,3681.3,3,0.4,0.0773073,1223.6,34,0.070636488
20,3681.8,-1,0.5,0.073636,1223.6,34,0.070636488
24,3682.1,4,0.3,0.0883704,1223.6,34,0.070636488
16,3682.9,-8,0.8,0.0589264,1223.6,34,0.070636488
14,3683.4,-2,0.5,0.0515676,1223.6,34,0.070636488
19,3683.6,5,0.2,0.0699884,1223.7,34,0.070560535
19,3684.1,0,0.5,0.0699979,1223.7,34,0.070560535
18,3684.5,-1,0.4,0.066321,1223.7,34,0.070560535
21,3684.8,3,0.3,0.0773808,1223.7,34,0.070560535
20,3685.1,-1,0.3,0.073702,1223.7,34,0.070560535
23,3685.3,3,0.2,0.0847619,1223.7,34,0.070560535
24,3685.7,1,0.4,0.0884568,1223.7,34,0.070560535
18,3686.2,-6,0.5,0.0663516,1223.7,34,0.070560535
20,3686.5,2,0.3,0.07373,1223.7,34,0.070560535
21,3686.7,1,0.2,0.0774207,1223.7,34,0.070560535
20,3687,-1,0.3,0.07374,1223.7,34,0.070560535
19,3687.4,-1,0.4,0.0700606,1223.7,34,0.070560535
17,3687.7,-2,0.3,0.0626909,1223.7,34,0.070560535
26,3687.7,9,0,0.0958802,1223.7,34,0.070560535
20,3688.2,-6,0.5,0.073764,1223.7,34,0.070560535
20,3688.4,0,0.2,0.073768,1223.7,34,0.070560535
23,3688.6,3,0.2,0.0848378,1223.7,34,0.070560535
20,3688.9,-3,0.3,0.073778,1223.7,34,0.070560535
18,3689.2,-2,0.3,0.0664056,1223.8,34,0.070484581
16,3689.5,-2,0.3,0.059032,1223.8,34,0.070484581
19,3689.6,3,0.1,0.0701024,1223.8,34,0.070484581
18,3689.9,-1,0.3,0.0664182,1223.8,34,0.070484581
18,3690.1,0,0.2,0.0664218,1223.8,34,0.070484581
18,3690.3,0,0.2,0.0664254,1223.8,34,0.070484581
24,3690.3,6,0,0.0885672,1223.8,34,0.070484581
20,3690.6,-4,0.3,0.073812,1223.8,34,0.070484581
22,3690.7,2,0.1,0.0811954,1223.8,34,0.070484581
19,3691,-3,0.3,0.070129,1223.8,34,0.070484581
20,3691.2,1,0.2,0.073824,1223.8,34,0.070484581
20,3691.4,0,0.2,0.073828,1223.8,34,0.070484581
23,3691.4,3,0,0.0849022,1223.8,34,0.070484581
21,3691.7,-2,0.3,0.0775257,1223.8,34,0.070484581
18,3691.9,-3,0.2,0.0664542,1223.8,34,0.070484581
20,3692,2,0.1,0.07384,1223.8,34,0.070484581
22,3692.1,2,0.1,0.0812262,1223.8,34,0.070484581
18,3692.3,-4,0.2,0.0664614,1223.8,34,0.070484581
29,3692.1,11,-0.2,0.1070709,1223.9,34,0.070408628
19,3692.6,-10,0.5,0.0701594,1223.9,34,0.070408628
14,3693,-5,0.4,0.051702,1223.9,34,0.070408628
20,3692.9,6,-0.1,0.073858,1223.9,34,0.070408628
21,3693,1,0.1,0.077553,1223.9,34,0.070408628
13,3693.4,-8,0.4,0.0480142,1223.9,34,0.070408628
19,3693.3,6,-0.1,0.0701727,1223.9,34,0.070408628
23,3693.3,4,0,0.0849459,1223.9,34,0.070408628
18,3693.6,-5,0.3,0.0664848,1223.9,34,0.070408628
19,3693.7,1,0.1,0.0701803,1223.9,34,0.070408628
22,3693.7,3,0,0.0812614,1223.9,34,0.070408628
22,3693.7,0,0,0.0812614,1223.9,34,0.070408628
19,3694,-3,0.3,0.070186,1223.9,34,0.070408628
21,3694,2,0,0.077574,1223.9,33.9,0.070408628
20,3694.2,-1,0.2,0.073884,1223.9,33.9,0.070408628
20,3694.3,0,0.1,0.073886,1223.9,33.9,0.070408628
13,3694.7,-7,0.4,0.0480311,1223.9,33.9,0.070408628
24,3694.4,11,-0.3,0.0886656,1223.9,33.9,0.070408628
18,3694.7,-6,0.3,0.0665046,1224,33.9,0.070332675
19,3694.8,1,0.1,0.0702012,1224,33.9,0.070332675
21,3694.8,2,0,0.0775908,1224,33.9,0.070332675
15,3695.1,-6,0.3,0.0554265,1224,33.9,0.070332675
20,3695,5,-0.1,0.0739,1224,33.9,0.070332675
23,3695,3,0,0.084985,1224,33.9,0.070332675
19,3695.2,-4,0.2,0.0702088,1224,33.9,0.070332675
16,3695.4,-3,0.2,0.0591264,1224,33.9,0.070332675
21,3695.3,5,-0.1,0.0776013,1224,33.9,0.070332675
25,3695.3,4,0,0.0923825,1224,33.9,0.070332675
25,3695.3,0,0,0.0923825,1224,33.9,0.070332675
21,3695.5,-4,0.2,0.0776055,1224,33.9,0.070332675
26,3695.4,5,-0.1,0.0960804,1224,33.9,0.070332675
29,3695.4,3,0,0.1071666,1224,33.9,0.070332675
25,3695.6,-4,0.2,0.09239,1224,33.9,0.070332675
25,3695.6,0,0,0.09239,1224,33.9,0.070332675
23,3695.8,-2,0.2,0.0850034,1224,33.9,0.070332675
26,3695.7,3,-0.1,0.0960882,1224.1,33.9,0.070256722
22,3696,-4,0.3,0.081312,1224.1,33.9,0.070256722
22,3696,0,0,0.081312,1224.1,33.9,0.070256722
24,3696.1,2,0.1,0.0887064,1224.1,33.9,0.070256722
24,3696.1,0,0,0.0887064,1224.1,33.9,0.070256722
19,3696.3,-5,0.2,0.0702297,1224.1,33.9,0.070256722
23,3696.2,4,-0.1,0.0850126,1224.1,33.9,0.070256722
27,3696.2,4,0,0.0997974,1224.1,33.9,0.070256722
24,3696.3,-3,0.1,0.0887112,1224.1,33.9,0.070256722
21,3696.5,-3,0.2,0.0776265,1224.1,33.9,0.070256722
26,3696.4,5,-0.1,0.0961064,1224.1,33.9,0.070256722
25,3696.5,-1,0.1,0.0924125,1224.1,33.9,0.070256722
24,3696.5,-1,0,0.088716,1224.1,33.9,0.070256722
22,3696.7,-2,0.2,0.0813274,1224.1,33.9,0.070256722
21,3696.8,-1,0.1,0.0776328,1224.1,33.9,0.070256722
29,3696.5,8,-0.3,0.1071985,1224.2,33.9,0.070180769
21,3696.9,-8,0.4,0.0776349,1224.2,33.9,0.070180769
29,3696.6,8,-0.3,0.1072014,1224.2,33.9,0.070180769
27,3696.8,-2,0.2,0.0998136,1224.2,33.9,0.070180769
23,3696.9,-4,0.1,0.0850287,1224.2,33.9,0.070180769
23,3697,0,0.1,0.085031,1224.2,33.9,0.070180769
24,3697,1,0,0.088728,1224.2,33.9,0.070180769
21,3697.2,-3,0.2,0.0776412,1224.2,33.9,0.070180769
26,3697.1,5,-0.1,0.0961246,1224.2,33.9,0.070180769
27,3697,1,-0.1,0.099819,1224.2,33.9,0.070180769
25,3697.2,-2,0.2,0.09243,1224.2,33.9,0.070180769
24,3697.2,-1,0,0.0887328,1224.2,33.9,0.070180769
27,3697.2,3,0,0.0998244,1224.2,33.9,0.070180769
29,3697.1,2,-0.1,0.1072159,1224.2,33.9,0.070180769
22,3697.5,-7,0.4,0.081345,1224.3,33.9,0.070104815
30,3697.2,8,-0.3,0.110916,1224.3,33.9,0.070104815
22,3697.5,-8,0.3,0.081345,1224.3,33.9,0.070104815
27,3697.4,5,-0.1,0.0998298,1224.3,33.8,0.070104815
16,3697.8,-11,0.4,0.0591648,1224.3,33.8,0.070104815
22,3697.7,6,-0.1,0.0813494,1224.3,33.8,0.070104815
29,3697.4,7,-0.3,0.1072246,1224.3,33.8,0.070104815
23,3697.7,-6,0.3,0.0850471,1224.3,33.8,0.070104815
25,3697.7,2,0,0.0924425,1224.3,33.8,0.070104815
21,3697.8,-4,0.1,0.0776538,1224.3,33.8,0.070104815
29,3697.5,8,-0.3,0.1072275,1224.3,33.8,0.070104815
20,3697.9,-9,0.4,0.073958,1224.3,33.8,0.070104815
23,3697.9,3,0,0.0850517,1224.3,33.8,0.070104815
25,3697.8,2,-0.1,0.092445,1224.3,33.8,0.070104815
28,3697.7,3,-0.1,0.1035356,1224.3,33.8,0.070104815
23,3697.9,-5,0.2,0.0850517,1224.4,33.8,0.070028862
25,3697.9,2,0,0.0924475,1224.4,33.8,0.070028862
25,3697.9,0,0,0.0924475,1224.4,33.8,0.070028862
28,3697.8,3,-0.1,0.1035384,1224.4,33.8,0.070028862
26,3697.9,-2,0.1,0.0961454,1224.4,33.8,0.070028862
25,3698,-1,0.1,0.09245,1224.4,33.8,0.070028862
22,3698.1,-3,0.1,0.0813582,1224.4,33.8,0.070028862
28,3698,6,-0.1,0.103544,1224.4,33.8,0.070028862
25,3698.1,-3,0.1,0.0924525,1224.4,33.8,0.070028862
23,3698.2,-2,0.1,0.0850586,1224.4,33.8,0.070028862
31,3698,8,-0.2,0.114638,1224.4,33.8,0.070028862
29,3698,-2,0,0.107242,1224.4,33.8,0.070028862
26,3698.2,-3,0.2,0.0961532,1224.4,33.8,0.070028862
21,3698.4,-5,0.2,0.0776664,1224.4,33.8,0.070028862
25,3698.3,4,-0.1,0.0924575,1224.5,33.8,0.069952909
20,3698.5,-5,0.2,0.07397,1224.5,33.8,0.069952909
22,3698.5,2,0,0.081367,1224.5,33.8,0.069952909
28,3698.3,6,-0.2,0.1035524,1224.5,33.8,0.069952909
24,3698.5,-4,0.2,0.088764,1224.5,33.8,0.069952909
25,3698.4,1,-0.1,0.09246,1224.5,33.8,0.069952909
22,3698.6,-3,0.2,0.0813692,1224.5,33.8,0.069952909
26,3698.4,4,-0.2,0.0961584,1224.5,33.8,0.069952909
23,3698.6,-3,0.2,0.0850678,1224.5,33.8,0.069952909
28,3698.4,5,-0.2,0.1035552,1224.5,33.8,0.069952909
27,3698.5,-1,0.1,0.0998595,1224.5,33.8,0.069952909
27,3698.5,0,0,0.0998595,1224.5,33.8,0.069952909
29,3698.5,2,0,0.1072565,1224.5,33.8,0.069952909
25,3698.6,-4,0.1,0.092465,1224.5,33.8,0.069952909
26,3698.6,1,0,0.0961636,1224.6,33.8,0.069876956
26,3698.7,0,0.1,0.0961662,1224.6,33.8,0.069876956
30,3698.5,4,-0.2,0.110955,1224.6,33.8,0.069876956
21,3698.9,-9,0.4,0.0776769,1224.6,33.8,0.069876956
28,3698.6,7,-0.3,0.1035608,1224.6,33.8,0.069876956
27,3698.7,-1,0.1,0.0998649,1224.6,33.8,0.069876956
25,3698.8,-2,0.1,0.09247,1224.6,33.8,0.069876956
21,3698.9,-4,0.1,0.0776769,1224.6,33.8,0.069876956
26,3698.8,5,-0.1,0.0961688,1224.6,33.8,0.069876956
28,3698.7,2,-0.1,0.1035636,1224.6,33.8,0.069876956
24,3698.9,-4,0.2,0.0887736,1224.6,33.8,0.069876956
23,3698.9,-1,0,0.0850747,1224.6,33.8,0.069876956
21,3699,-2,0.1,0.077679,1224.6,33.8,0.069876956
27,3698.8,6,-0.2,0.0998676,1224.6,33.8,0.069876956
28,3698.8,1,0,0.1035664,1224.6,33.8,0.069876956
29,3698.8,1,0,0.1072652,1224.7,33.8,0.069801003
29,3698.8,0,0,0.1072652,1224.7,33.8,0.069801003
22,3699.1,-7,0.3,0.0813802,1224.7,33.8,0.069801003
21,3699.2,-1,0.1,0.0776832,1224.7,33.8,0.069801003
29,3698.9,8,-0.3,0.1072681,1224.7,33.8,0.069801003
23,3699.1,-6,0.2,0.0850793,1224.7,33.8,0.069801003
20,3699.2,-3,0.1,0.073984,1224.7,33.8,0.069801003
22,3699.2,2,0,0.0813824,1224.7,33.8,0.069801003
23,3699.2,1,0,0.0850816,1224.7,33.8,0.069801003
29,3699,6,-0.2,0.107271,1224.7,33.8,0.069801003
21,3699.3,-8,0.3,0.0776853,1224.7,33.8,0.069801003
23,3699.3,2,0,0.0850839,1224.7,33.8,0.069801003
24,3699.2,1,-0.1,0.0887808,1224.7,33.7,0.069801003
23,3699.3,-1,0.1,0.0850839,1224.7,33.7,0.069801003
21,3699.4,-2,0.1,0.0776874,1224.7,33.7,0.069801003
23,3699.3,2,-0.1,0.0850839,1224.8,33.7,0.069725049
25,3699.3,2,0,0.0924825,1224.8,33.7,0.069725049
27,3699.2,2,-0.1,0.0998784,1224.8,33.7,0.069725049
22,3699.4,-5,0.2,0.0813868,1224.8,33.7,0.069725049
25,3699.3,3,-0.1,0.0924825,1224.8,33.7,0.069725049
27,3699.3,2,0,0.0998811,1224.8,33.7,0.069725049
30,3699.2,3,-0.1,0.110976,1224.8,33.7,0.069725049
22,3699.4,-8,0.2,0.0813868,1224.8,33.7,0.069725049
19,3699.6,-3,0.2,0.0702924,1224.8,33.7,0.069725049
24,3699.4,5,-0.2,0.0887856,1224.8,33.7,0.069725049
23,3699.5,-1,0.1,0.0850885,1224.8,33.7,0.069725049
21,3699.6,-2,0.1,0.0776916,1224.8,33.7,0.069725049
29,3699.3,8,-0.3,0.1072797,1224.8,33.7,0.069725049
26,3699.4,-3,0.1,0.0961844,1224.8,33.7,0.069725049
24,3699.5,-2,0.1,0.088788,1224.9,33.7,0.069649096
24,3699.5,0,0,0.088788,1224.9,33.7,0.069649096
26,3699.5,2,0,0.096187,1224.9,33.7,0.069649096
26,3699.5,0,0,0.096187,1224.9,33.7,0.069649096
30,3699.3,4,-0.2,0.110979,1224.9,33.7,0.069649096
26,3699.5,-4,0.2,0.096187,1224.9,33.7,0.069649096
179,3693.7,153,-5.8,0.6611723,1224.9,33.7,0.069649096
338,3687.3,159,-6.4,1.2463074,1225,33.7,0.069573143
484,3681,146,-6.3,1.781604,1225.2,33.7,0.069421237
654,3673.6,170,-7.4,2.4025344,1225.3,33.7,0.069345283
646,3672.7,-8,-0.9,2.3725642,1225.5,33.7,0.069193377
651,3671.4,5,-1.3,2.3900814,1225.7,33.7,0.06904147
1230.9,3648.2,579.9,-23.2,4.4905694,1226,33.7,0.068813611
1818,3623.3,587.1,-24.9,6.5871594,1226.6,33.7,0.068357892
1815.9,3619.9,-2.1,-3.4,6.5733764,1227.1,33.7,0.067978125
1814,3616.8,-1.9,-3.1,6.5608752,1227.6,33.7,0.067598359
1812,3613.9,-2,-2.9,6.5483868,1228.1,33.7,0.067218593
1808.9,3611.2,-3.1,-2.7,6.5322997,1228.6,33.7,0.066838827
1809.9,3608.3,1,-2.9,6.5306622,1229.1,33.7,0.066459061
1812,3605.6,2.1,-2.7,6.5333472,1229.6,33.7,0.066079295
1812,3602.9,0,-2.7,6.5284548,1230.1,33.7,0.065699529
1408,3616,-404,13.1,5.091328,1230.5,33.7,0.065395716
1416,3614.1,8,-1.9,5.1175656,1230.9,33.7,0.065091903
1408.9,3612.7,-7.1,-1.4,5.089933,1231.3,33.7,0.064788091
1414,3610.8,5.1,-1.9,5.1056712,1231.6,33.7,0.064560231
1406,3609.4,-8,-1.4,5.0748164,1232,33.7,0.064256418
1415,3607.4,9,-2,5.104471,1232.4,33.7,0.063952605
1412.9,3605.7,-2.1,-1.7,5.0944935,1232.8,33.7,0.063648792
1408,3604.3,-4.9,-1.4,5.0748544,1233.2,33.7,0.063344979
1411.9,3602.4,3.9,-1.9,5.0862286,1233.6,33.7,0.063041167
1413,3600.7,1.1,-1.7,5.0877891,1234,33.7,0.062737354
1405.9,3599.3,-7.1,-1.4,5.0602559,1234.4,33.7,0.062433541
1405.1,3597.7,-0.8,-1.6,5.0551283,1234.8,33.7,0.062129728
1409.9,3595.8,4.8,-1.9,5.0697184,1235.2,33.7,0.061825915
1412,3594.1,2.1,-1.7,5.0748692,1235.6,33.7,0.061522102
1535.9,3587.6,123.9,-6.5,5.5101948,1236,33.7,0.06121829
1663,3580.7,127.1,-6.9,5.9547041,1236.5,33.7,0.060838523
1781.9,3573.8,118.9,-6.9,6.3681542,1236.9,33.7,0.060534711
1780,3571.4,-1.9,-2.4,6.357092,1237.4,33.7,0.060154945
1779.9,3569,-0.1,-2.4,6.3524631,1237.9,33.7,0.059775178
1778,3566.7,-1.9,-2.3,6.3415926,1238.4,33.7,0.059395412
1780.9,3564.3,2.9,-2.4,6.3476619,1238.9,33.7,0.059015646
1779,3562.1,-1.9,-2.2,6.3369759,1239.4,33.7,0.05863588
1773.9,3560,-5.1,-2.1,6.315084,1239.9,33.8,0.058256114
1819,3555.9,45.1,-4.1,6.4681821,1240.4,33.8,0.057876348
1860.9,3551.9,41.9,-4,6.6097307,1240.9,33.8,0.057496582
1916.9,3547.2,56,-4.7,6.7996277,1241.5,33.8,0.057040863
1951.9,3543.4,35,-3.8,6.9163625,1242,33.8,0.056661097
1995,3539,43.1,-4.4,7.060305,1242.6,33.8,0.056205377
1998.9,3536.1,3.9,-2.9,7.0683103,1243.1,33.8,0.055825611
1996,3533.5,-2.9,-2.6,7.052866,1243.7,33.8,0.055369892
1996.9,3530.8,0.9,-2.7,7.0506545,1244.2,33.8,0.054990126
1995,3528.2,-1.9,-2.6,7.038759,1244.8,33.8,0.054534407
1997.9,3525.5,2.9,-2.7,7.0435964,1245.3,33.8,0.054154641
1998.9,3522.8,1,-2.7,7.0417249,1245.9,33.8,0.053698921
1995.9,3520.3,-3,-2.5,7.0261668,1246.4,33.8,0.053319155
1996,3517.7,0.1,-2.6,7.0213292,1247,33.8,0.052863436
1994.9,3515.1,-1.1,-2.6,7.012273,1247.6,33.8,0.052407717
1997.9,3512.3,3,-2.8,7.0172242,1248.1,33.8,0.052027951
1994,3509.9,-3.9,-2.4,6.9987406,1248.7,33.8,0.051572232
1999.8,3507.1,5.8,-2.8,7.0134986,1249.2,33.8,0.051192465
2791.9,3472.6,792.1,-34.5,9.6951519,1250,33.8,0.05058484
2794.1,3467.5,2.2,-5.1,9.6885417,1250.8,33.8,0.049977214
2791.1,3462.8,-3,-4.7,9.6650211,1251.5,33.8,0.049445542
2790,3458.2,-1.1,-4.6,9.648378,1252.3,33.8,0.048837916
2790,3453.7,0,-4.5,9.635823,1253.1,33.8,0.04823029
2793,3451.7,3,-2,9.6405981,1253.4,33.8,0.048002431
749.3,3544.6,-2043.7,92.9,2.6559688,1253.4,33.8,0.048002431
749.9,3543.4,0.6,-1.2,2.6571957,1253.6,33.9,0.047850524
749.9,3542.9,0,-0.5,2.6568207,1253.8,33.9,0.047698618
749.9,3542.5,0,-0.4,2.6565207,1254,33.9,0.047546711
750,3542.2,0.1,-0.3,2.65665,1254.2,33.9,0.047394805
750,3541.9,0,-0.3,2.656425,1254.4,33.9,0.047242898
750,3541.6,0,-0.3,2.6562,1254.6,33.9,0.047090992
750,3541.2,0,-0.4,2.6559,1254.9,33.9,0.046863132
750,3540.8,0,-0.4,2.6556,1255.1,33.9,0.046711226
750,3540.5,0,-0.3,2.655375,1255.3,33.9,0.046559319
750,3540,0,-0.5,2.655,1255.5,33.9,0.046407413
750,3539.6,0,-0.4,2.6547,1255.7,33.9,0.046255507
750,3539.2,0,-0.4,2.6544,1255.9,33.9,0.0461036
750,3538.7,0,-0.5,2.654025,1256.1,33.9,0.045951694
750,3538.2,0,-0.5,2.65365,1256.3,33.9,0.045799787
750,3537.8,0,-0.4,2.65335,1256.5,33.9,0.045647881
750,3537.3,0,-0.5,2.652975,1256.7,33.9,0.045495974
750,3536.7,0,-0.6,2.652525,1256.9,33.9,0.045344068
750,3536.2,0,-0.5,2.65215,1257.1,33.9,0.045192162
750,3535.6,0,-0.6,2.6517,1257.4,33.9,0.044964302
750,3535.1,0,-0.5,2.651325,1257.6,33.9,0.044812396
750,3534.5,0,-0.6,2.650875,1257.8,33.9,0.044660489
750,3533.9,0,-0.6,2.650425,1258,33.9,0.044508583
750,3533.3,0,-0.6,2.649975,1258.2,33.9,0.044356676
750,3532.7,0,-0.6,2.649525,1258.4,33.9,0.04420477
750,3532,0,-0.7,2.649,1258.6,33.9,0.044052863
750,3531.4,0,-0.6,2.64855,1258.8,33.9,0.043900957
750,3530.7,0,-0.7,2.648025,1259,33.9,0.043749051
750,3530,0,-0.7,2.6475,1259.2,33.9,0.043597144
750,3529.4,0,-0.6,2.64705,1259.4,33.9,0.043445238
750,3528.7,0,-0.7,2.646525,1259.6,33.9,0.043293331
750,3528,0,-0.7,2.646,1259.9,33.9,0.043065472
750,3527.2,0,-0.8,2.6454,1260.1,33.9,0.042913565
750,3526.5,0,-0.7,2.644875,1260.3,33.9,0.042761659
750,3525.9,0,-0.6,2.644425,1260.5,33.9,0.042609752
750,3525.1,0,-0.8,2.643825,1260.7,33.9,0.042457846
750,3524.3,0,-0.8,2.643225,1260.9,33.9,0.04230594
750,3523.6,0,-0.7,2.6427,1261.1,33.9,0.042154033
750,3522.8,0,-0.8,2.6421,1261.3,33.9,0.042002127
750,3522,0,-0.8,2.6415,1261.5,33.9,0.04185022
750,3521.3,0,-0.7,2.640975,1261.7,33.9,0.041698314
750,3520.5,0,-0.8,2.640375,1261.9,33.9,0.041546407
750,3519.7,0,-0.8,2.639775,1262.1,33.9,0.041394501
750,3518.9,0,-0.8,2.639175,1262.4,33.9,0.041166641
750,3518.1,0,-0.8,2.638575,1262.6,34,0.041014735
750,3517.2,0,-0.9,2.6379,1262.8,34,0.040862828
750,3516.4,0,-0.8,2.6373,1263,34,0.040710922
750,3515.6,0,-0.8,2.6367,1263.2,34,0.040559016
750,3514.8,0,-0.8,2.6361,1263.4,34,0.040407109
750,3513.9,0,-0.9,2.635425,1263.6,34,0.040255203
749.9,3513.1,-0.1,-0.8,2.6344737,1263.8,34,0.040103296
750,3512.2,0.1,-0.9,2.63415,1264,34,0.03995139
750,3511.3,0,-0.9,2.633475,1264.2,34,0.039799484
750,3510.5,0,-0.8,2.632875,1264.4,34,0.039647577
750,3509.6,0,-0.9,2.6322,1264.6,34,0.039495671
750,3508.7,0,-0.9,2.631525,1264.9,34,0.039267811
750,3507.9,0,-0.8,2.630925,1265.1,34,0.039115905
750,3506.9,0,-1,2.630175,1265.3,34,0.038963998
750,3506,0,-0.9,2.6295,1265.5,34,0.038812092
750,3505.2,0,-0.8,2.6289,1265.7,34,0.038660185
750,3504.2,0,-1,2.62815,1265.9,34,0.038508279
750,3503.2,0,-1,2.6274,1266.1,34,0.038356372
750,3502.4,0,-0.8,2.6268,1266.3,34,0.038204466
750,3501.4,0,-1,2.62605,1266.5,34,0.03805256
750,3500.5,0,-0.9,2.625375,1266.7,34,0.037900653
750,3499.5,0,-1,2.624625,1266.9,34,0.037748747
750,3498.6,0,-0.9,2.62395,1267.1,34,0.03759684
750,3497.6,0,-1,2.6232,1267.4,34,0.037368981
750,3496.7,0,-0.9,2.622525,1267.6,34,0.037217074
750,3495.8,0,-0.9,2.62185,1267.8,34,0.037065168
750,3494.7,0,-1.1,2.621025,1268,34,0.036913261
750,3493.8,0,-0.9,2.62035,1268.2,34,0.036761355
750,3492.8,0,-1,2.6196,1268.4,34,0.036609449
750,3491.8,0,-1,2.61885,1268.6,34,0.036457542
750,3490.8,0,-1,2.6181,1268.8,34,0.036305636
750,3489.8,0,-1,2.61735,1269,34,0.036153729
749.9,3488.8,-0.1,-1,2.6162511,1269.2,34,0.036001823
750,3487.8,0.1,-1,2.61585,1269.4,34,0.035849916
750,3486.8,0,-1,2.6151,1269.6,34,0.03569801
750,3485.7,0,-1.1,2.614275,1269.9,34,0.03547015
750,3484.8,0,-0.9,2.6136,1270.1,34,0.035318244
750,3483.7,0,-1.1,2.612775,1270.3,34,0.035166338
750,3482.7,0,-1,2.612025,1270.5,34,0.035014431
750,3481.6,0,-1.1,2.6112,1270.7,34,0.034862525
750,3480.6,0,-1,2.61045,1270.9,34,0.034710618
750,3479.5,0,-1.1,2.609625,1271.1,34,0.034558712
750,3478.5,0,-1,2.608875,1271.3,34,0.034406805
750,3477.4,0,-1.1,2.60805,1271.5,34,0.034254899
750,3476.4,0,-1,2.6073,1271.7,34,0.034102993
750,3475.3,0,-1.1,2.606475,1271.9,34,0.033951086
750,3474.2,0,-1.1,2.60565,1272.1,34,0.03379918
750,3473.1,0,-1.1,2.604825,1272.4,34,0.03357132
750,3472,0,-1.1,2.604,1272.6,34,0.033419414
750,3470.9,0,-1.1,2.603175,1272.8,34,0.033267507
750,3469.8,0,-1.1,2.60235,1273,34,0.033115601
750,3468.7,0,-1.1,2.601525,1273.2,34,0.032963694
750,3467.6,0,-1.1,2.6007,1273.4,34,0.032811788
750,3466.5,0,-1.1,2.599875,1273.6,34,0.032659882
750,3465.4,0,-1.1,2.59905,1273.8,34,0.032507975
750,3464.3,0,-1.1,2.598225,1274,34,0.032356069
750,3463.2,0,-1.1,2.5974,1274.2,34,0.032204162
750.1,3462,0.1,-1.2,2.5968462,1274.4,34,0.032052256
750,3460.8,-0.1,-1.2,2.5956,1274.6,34,0.031900349
750,3459.7,0,-1.1,2.594775,1274.9,34,0.03167249
750,3458.5,0,-1.2,2.593875,1275.1,34,0.031520583
750,3457.4,0,-1.1,2.59305,1275.3,34,0.031368677
750,3456.2,0,-1.2,2.59215,1275.5,34,0.03121677
750,3455.1,0,-1.1,2.591325,1275.7,34,0.031064864
750,3453.8,0,-1.3,2.59035,1275.9,34,0.030912958
750,3452.7,0,-1.1,2.589525,1276.1,34,0.030761051
750,3451.5,0,-1.2,2.588625,1276.3,34,0.030609145
750,3450.3,0,-1.2,2.587725,1276.5,34,0.030457238
750,3449.1,0,-1.2,2.586825,1276.7,34,0.030305332
750,3447.9,0,-1.2,2.585925,1276.9,34,0.030153425
750,3446.7,0,-1.2,2.585025,1277.1,34,0.030001519
750,3445.5,0,-1.2,2.584125,1277.4,34,0.029773659
750,3444.2,0,-1.3,2.58315,1277.6,34,0.029621753
750,3443,0,-1.2,2.58225,1277.8,34,0.029469847
750,3441.7,0,-1.3,2.581275,1278,34,0.02931794
750,3440.5,0,-1.2,2.580375,1278.2,34,0.029166034
750,3439.3,0,-1.2,2.579475,1278.4,34,0.029014127
750,3438,0,-1.3,2.5785,1278.6,34,0.028862221
750,3436.8,0,-1.2,2.5776,1278.8,34,0.028710314
750,3435.5,0,-1.3,2.576625,1279,34,0.028558408
750,3434.2,0,-1.3,2.57565,1279.2,34,0.028406502
750,3432.9,0,-1.3,2.574675,1279.4,34,0.028254595
750,3431.7,0,-1.2,2.573775,1279.6,34,0.028102689
750,3430.3,0,-1.4,2.572725,1279.9,34,0.027874829
750,3429.1,0,-1.2,2.571825,1280.1,34,0.027722923
750,3427.8,0,-1.3,2.57085,1280.3,34,0.027571016
750,3426.4,0,-1.4,2.5698,1280.5,34,0.02741911
750,3425.1,0,-1.3,2.568825,1280.7,34,0.027267203
750,3423.8,0,-1.3,2.56785,1280.9,34,0.027115297
750,3422.5,0,-1.3,2.566875,1281.1,34,0.026963391
750,3421.1,0,-1.4,2.565825,1281.3,34,0.026811484
750,3419.8,0,-1.3,2.56485,1281.5,34,0.026659578
750,3418.4,0,-1.4,2.5638,1281.7,34,0.026507671
750,3417,0,-1.4,2.56275,1281.9,34,0.026355765
750,3415.7,0,-1.3,2.561775,1282.1,34,0.026203858
750,3414.3,0,-1.4,2.560725,1282.4,34,0.025975999
750,3413,0,-1.3,2.55975,1282.6,34,0.025824092
750,3411.6,0,-1.4,2.5587,1282.8,34,0.025672186
750,3410.1,0,-1.5,2.557575,1283,34,0.02552028
750,3408.7,0,-1.4,2.556525,1283.2,34,0.025368373
750,3407.3,0,-1.4,2.555475,1283.4,34,0.025216467
750,3405.9,0,-1.4,2.554425,1283.6,34,0.02506456
750,3404.5,0,-1.4,2.553375,1283.8,34,0.024912654
750,3403,0,-1.5,2.55225,1284,34,0.024760747
750,3401.6,0,-1.4,2.5512,1284.2,34,0.024608841
750,3400.1,0,-1.5,2.550075,1284.4,34,0.024456935
750,3398.6,0,-1.5,2.54895,1284.6,34,0.024305028
750,3397.2,0,-1.4,2.5479,1284.9,34,0.024077168
750,3395.7,0,-1.5,2.546775,1285.1,34,0.023925262
750,3394.2,0,-1.5,2.54565,1285.3,34,0.023773356
750,3392.7,0,-1.5,2.544525,1285.5,34,0.023621449
750,3391.2,0,-1.5,2.5434,1285.7,34,0.023469543
750,3389.7,0,-1.5,2.542275,1285.9,34,0.023317636
750,3388.2,0,-1.5,2.54115,1286.1,34,0.02316573
750,3386.7,0,-1.5,2.540025,1286.3,34,0.023013823
750,3385.1,0,-1.6,2.538825,1286.5,34,0.022861917
750,3383.6,0,-1.5,2.5377,1286.7,34,0.022710011
750,3382,0,-1.6,2.5365,1286.9,34,0.022558104
750,3380.5,0,-1.5,2.535375,1287.1,34,0.022406198
750,3378.9,0,-1.6,2.534175,1287.4,34,0.022178338
750,3377.3,0,-1.6,2.532975,1287.6,34,0.022026432
750,3375.7,0,-1.6,2.531775,1287.8,34,0.021874525
750,3374.1,0,-1.6,2.530575,1288,34,0.021722619
750,3372.5,0,-1.6,2.529375,1288.2,34,0.021570712
750,3370.9,0,-1.6,2.528175,1288.4,34,0.021418806
750,3369.2,0,-1.7,2.5269,1288.6,34,0.0212669
750,3367.6,0,-1.6,2.5257,1288.8,34,0.021114993
750,3365.9,0,-1.7,2.524425,1289,34,0.020963087
750.1,3364.2,0.1,-1.7,2.5234864,1289.2,34,0.02081118
750,3362.5,-0.1,-1.7,2.521875,1289.4,34,0.020659274
750,3360.9,0,-1.6,2.520675,1289.6,34,0.020507367
750,3359.2,0,-1.7,2.5194,1289.9,34,0.020279508
750,3357.5,0,-1.7,2.518125,1290.1,34,0.020127601
750,3355.7,0,-1.8,2.516775,1290.3,34,0.019975695
750,3354,0,-1.7,2.5155,1290.5,34,0.019823789
750,3352.3,0,-1.7,2.514225,1290.7,34,0.019671882
750,3350.5,0,-1.8,2.512875,1290.9,34,0.019519976
750,3348.7,0,-1.8,2.511525,1291.1,34,0.019368069
750,3347,0,-1.7,2.51025,1291.3,34,0.019216163
750,3345.2,0,-1.8,2.5089,1291.5,34,0.019064256
750,3343.4,0,-1.8,2.50755,1291.7,34,0.01891235
750,3341.5,0,-1.9,2.506125,1291.9,34,0.018760444
750,3339.7,0,-1.8,2.504775,1292.1,34,0.018608537
750,3337.8,0,-1.9,2.50335,1292.4,34,0.018380678
750,3336,0,-1.8,2.502,1292.6,34,0.018228771
750,3334.1,0,-1.9,2.500575,1292.8,34,0.018076865
750,3332.2,0,-1.9,2.49915,1293,34,0.017924958
750,3330.3,0,-1.9,2.497725,1293.2,34,0.017773052
750,3328.4,0,-1.9,2.4963,1293.4,34,0.017621145
750,3326.5,0,-1.9,2.494875,1293.6,34,0.017469239
750,3324.6,0,-1.9,2.49345,1293.8,34,0.017317333
750,3322.5,0,-2.1,2.491875,1294,34,0.017165426
750,3320.6,0,-1.9,2.49045,1294.2,34,0.01701352
750,3318.6,0,-2,2.48895,1294.4,34,0.016861613
750,3316.6,0,-2,2.48745,1294.6,34,0.016709707
750,3314.5,0,-2.1,2.485875,1294.9,34,0.016481847
750,3312.6,0,-1.9,2.48445,1295.1,34,0.016329941
750,3310.5,0,-2.1,2.482875,1295.3,34,0.016178034
750,3308.4,0,-2.1,2.4813,1295.5,34,0.016026128
750,3306.3,0,-2.1,2.479725,1295.7,34,0.015874221
750,3304.2,0,-2.1,2.47815,1295.9,34,0.015722315
750,3302.1,0,-2.1,2.476575,1296.1,34,0.015570409
750,3299.9,0,-2.2,2.474925,1296.3,34,0.015418502
750,3297.8,0,-2.1,2.47335,1296.5,34,0.015266596
750,3295.6,0,-2.2,2.4717,1296.7,34,0.015114689
750,3293.4,0,-2.2,2.47005,1296.9,34,0.014962783
750,3291.2,0,-2.2,2.4684,1297.1,34,0.014810877
750,3289,0,-2.2,2.46675,1297.4,34,0.014583017
750,3286.7,0,-2.3,2.465025,1297.6,34,0.01443111
750,3284.5,0,-2.2,2.463375,1297.8,34,0.014279204
750,3282.2,0,-2.3,2.46165,1298,34,0.014127298
750,3279.9,0,-2.3,2.459925,1298.2,34,0.013975391
750,3277.5,0,-2.4,2.458125,1298.4,34,0.013823485
750,3275.1,0,-2.4,2.456325,1298.6,34,0.013671578
750,3272.8,0,-2.3,2.4546,1298.8,34,0.013519672
750.1,3270.4,0.1,-2.4,2.453127,1299,34,0.013367765
750,3267.9,-0.1,-2.5,2.450925,1299.2,34,0.013215859
750,3265.5,0,-2.4,2.449125,1299.4,34,0.013063953
750,3263.1,0,-2.4,2.447325,1299.6,34,0.012912046
750,3260.5,0,-2.6,2.445375,1299.9,34,0.012684187
750,3258,0,-2.5,2.4435,1300.1,34,0.01253228
750,3255.5,0,-2.5,2.441625,1300.3,34,0.012380374
750,3252.9,0,-2.6,2.439675,1300.5,34,0.012228467
750,3250.3,0,-2.6,2.437725,1300.7,34,0.012076561
750,3247.7,0,-2.6,2.435775,1300.9,34,0.011924654
750,3245,0,-2.7,2.43375,1301.1,34,0.011772748
750,3242.3,0,-2.7,2.431725,1301.3,34,0.011620842
750,3239.7,0,-2.6,2.429775,1301.5,34,0.011468935
750,3236.9,0,-2.8,2.427675,1301.7,34,0.011317029
750,3234.1,0,-2.8,2.425575,1301.9,34,0.011165122
750,3231.3,0,-2.8,2.423475,1302.1,34,0.011013216
750,3228.4,0,-2.9,2.4213,1302.4,34,0.010785356
750,3225.5,0,-2.9,2.419125,1302.6,34,0.01063345
750,3222.6,0,-2.9,2.41695,1302.8,34,0.010481543
750,3219.7,0,-2.9,2.414775,1303,34,0.010329637
750,3216.7,0,-3,2.412525,1303.2,34,0.010177731
750,3213.6,0,-3.1,2.4102,1303.4,34,0.010025824
750,3210.6,0,-3,2.40795,1303.6,34,0.0098739177
750,3207.4,0,-3.2,2.40555,1303.8,34,0.0097220112
750,3204.2,0,-3.2,2.40315,1304,34,0.0095701048
750,3201.1,0,-3.1,2.400825,1304.2,34,0.0094181984
750,3197.8,0,-3.3,2.39835,1304.4,34,0.009266292
750,3194.4,0,-3.4,2.3958,1304.6,34,0.0091143855
750,3191,0,-3.4,2.39325,1304.9,34,0.0088865259
750,3187.6,0,-3.4,2.3907,1305.1,34,0.0087346195
750,3184.1,0,-3.5,2.388075,1305.3,34,0.008582713
750,3180.5,0,-3.6,2.385375,1305.5,34,0.0084308066
750,3176.9,0,-3.6,2.382675,1305.7,34,0.0082789002
750,3173.2,0,-3.7,2.3799,1305.9,34,0.0081269938
750,3169.4,0,-3.8,2.37705,1306.1,34,0.0079750873
750,3165.5,0,-3.9,2.374125,1306.3,34,0.0078231809
750,3161.5,0,-4,2.371125,1306.5,34,0.0076712745
750,3157.4,0,-4.1,2.36805,1306.7,34,0.0075193681
750,3153.3,0,-4.1,2.364975,1306.9,34,0.0073674616
750,3149.1,0,-4.2,2.361825,1307.1,34,0.0072155552
750,3144.7,0,-4.4,2.358525,1307.4,34,0.0069876956
750,3140.2,0,-4.5,2.35515,1307.6,34,0.0068357892
750,3135.6,0,-4.6,2.3517,1307.8,34,0.0066838827
750,3130.9,0,-4.7,2.348175,1308,34,0.0065319763
750,3126,0,-4.9,2.3445,1308.2,34,0.0063800699
750,3121,0,-5,2.34075,1308.4,34,0.0062281635
750,3116,0,-5,2.337,1308.6,34,0.006076257
750,3110.7,0,-5.3,2.333025,1308.8,34,0.0059243506
750,3105.3,0,-5.4,2.328975,1309,34,0.0057724442
750,3099.7,0,-5.6,2.324775,1309.2,34,0.0056205377
750,3094,0,-5.7,2.3205,1309.4,34,0.0054686313
750,3088,0,-6,2.316,1309.6,34,0.0053167249
750,3082,0,-6,2.3115,1309.9,34,0.0050888653
750,3075.8,0,-6.2,2.30685,1310.1,34,0.0049369588
750,3069.4,0,-6.4,2.30205,1310.3,34,0.0047850524
750,3062.8,0,-6.6,2.2971,1310.5,34,0.004633146
750,3056,0,-6.8,2.292,1310.7,34,0.0044812396
750,3049,0,-7,2.28675,1310.9,34,0.0043293331
750,3041.8,0,-7.2,2.28135,1311.1,34,0.0041774267
750,3034.2,0,-7.6,2.27565,1311.3,34,0.0040255203
750,3026.5,0,-7.7,2.269875,1311.5,34,0.0038736139
750,3018.7,0,-7.8,2.264025,1311.7,34,0.0037217074
750,3010.4,0,-8.3,2.2578,1311.9,34.1,0.003569801
750,3001.9,0,-8.5,2.251425,1312.1,34.1,0.0034178946
750,2993,0,-8.9,2.24475,1312.4,34.1,0.0031900349
750,2983.7,0,-9.3,2.237775,1312.6,34.1,0.0030381285
750,2974.2,0,-9.5,2.23065,1312.8,34.1,0.0028862221
750,2964.3,0,-9.9,2.223225,1313,34.1,0.0027343157
750,2954.3,0,-10,2.215725,1313.2,34.1,0.0025824092
750,2943.7,0,-10.6,2.207775,1313.4,34.1,0.0024305028
750,2932.9,0,-10.8,2.199675,1313.6,34.1,0.0022785964
750,2921.8,0,-11.1,2.19135,1313.8,34.1,0.00212669
750,2910.4,0,-11.4,2.1828,1314,34.1,0.0019747835
750,2898.7,0,-11.7,2.174025,1314.2,34.1,0.0018228771
750,2886.8,0,-11.9,2.1651,1314.4,34.1,0.0016709707
750,2874.8,0,-12,2.1561,1314.6,34.1,0.0015190643
750,2862.4,0,-12.4,2.1468,1314.9,34.1,0.0012912046
750,2849.8,0,-12.6,2.13735,1315.1,34.1,0.0011392982
750,2837.1,0,-12.7,2.127825,1315.3,34.1,0.00098739177
750,2824,0,-13.1,2.118,1315.5,34.1,0.00083548534
750,2810.8,0,-13.2,2.1081,1315.7,34.1,0.00068357892
750,2797.3,0,-13.5,2.097975,1315.9,34.1,0.00053167249
750,2784,0,-13.3,2.088,1316.1,34.1,0.00037976606
750,2770.4,0,-13.6,2.0778,1316.3,34.1,0.00022785964
750,2756.6,0,-13.8,2.06745,1316.5,34.1,7.5953213e-05
750,2749.6,0,-7,2.0622,1316.6,34.1,0
